/**
 * generated by fontconvert.py
 * name: notosans_12_italic
 * size: 12
 * mode: 2-bit  compressed: true
 * Command used: fontconvert.py notosans_12_italic 12 ../builtinFonts/source/NotoSans/NotoSans-Italic.ttf --2bit --compress --pnum --zopfli
 */
#pragma once
#include "EpdFontData.h"

static const uint8_t notosans_12_italicBitmaps[25811] = {
    0xB5, 0x98, 0x07, 0x8C, 0xE4, 0x4A, 0x5A, 0xC7, 0x7F, 0x76, 0xE9, 0x9E, 0x39, 0x95, 0xD8, 0x3A,
    0x45, 0xC2, 0x6A, 0xDB, 0x24, 0xE5, 0x6D, 0x9B, 0xCC, 0x48, 0x94, 0xA7, 0x8B, 0x43, 0x91, 0xB4,
    0xA7, 0x1C, 0x09, 0xCA, 0x28, 0x5E, 0xBE, 0x6B, 0x21, 0xEF, 0x76, 0x91, 0x33, 0xAC, 0x72, 0x46,
    0x39, 0x11, 0x2F, 0x8C, 0x84, 0x25, 0xE6, 0x6D, 0x17, 0x39, 0x43, 0x91, 0x33, 0x98, 0x9C, 0xA1,
    0xE0, 0x8C, 0xCE, 0x7B, 0xAF, 0xA7, 0x8B, 0x2E, 0xB7, 0xD5, 0xFB, 0x7A, 0x67, 0x1E, 0x99, 0x76,
    0xFD, 0xDB, 0xA1, 0x5C, 0x5F, 0x0E, 0xD5, 0xCD, 0x8E, 0x91, 0x21, 0x0B, 0x79, 0x10, 0xBD, 0xF0,
    0xC2, 0x15, 0xAE, 0xB0, 0xD2, 0x28, 0x14, 0x00, 0x0D, 0x4F, 0xD0, 0x94, 0x8A, 0xAA, 0x64, 0xB9,
    0x40, 0x2F, 0xD1, 0x0F, 0xB9, 0xD0, 0x7C, 0xEE, 0x05, 0xE4, 0xEE, 0x02, 0x84, 0xFB, 0x00, 0x08,
    0x1B, 0x40, 0x9A, 0x1E, 0x54, 0xE6, 0x91, 0x31, 0x46, 0xF3, 0xCA, 0xB3, 0x1F, 0xF8, 0x3B, 0x78,
    0x58, 0x18, 0xD0, 0x12, 0xB8, 0x50, 0xC0, 0x7B, 0xEE, 0xC1, 0x2A, 0xC6, 0x5D, 0xFA, 0x1A, 0xC9,
    0xBC, 0xBE, 0x45, 0xA4, 0x48, 0x44, 0xE0, 0x03, 0x40, 0x00, 0xF9, 0x31, 0xD8, 0x46, 0x97, 0xFD,
    0xDB, 0x4F, 0x18, 0xF1, 0x13, 0x0E, 0xF1, 0x93, 0x09, 0x96, 0xFC, 0x35, 0x03, 0x5B, 0x0B, 0xE5,
    0x00, 0xEA, 0x1A, 0xEE, 0x55, 0xF0, 0xE0, 0x80, 0x87, 0x0D, 0x9F, 0xA1, 0xAF, 0x59, 0xC5, 0x81,
    0xFB, 0xD1, 0xC2, 0x7B, 0x66, 0x52, 0x07, 0x14, 0x03, 0x0B, 0xCA, 0x1B, 0x34, 0xCD, 0x82, 0xC0,
    0xFA, 0x5E, 0xEE, 0xF9, 0xC0, 0x3D, 0x61, 0x09, 0x0F, 0x14, 0x84, 0x87, 0xCB, 0xAF, 0x25, 0xE8,
    0xAF, 0x8B, 0x26, 0x5C, 0x7D, 0xF4, 0x5B, 0xED, 0xF6, 0xCF, 0x7F, 0x55, 0xB8, 0xFA, 0x4B, 0xBF,
    0x4A, 0x38, 0x16, 0x4B, 0x61, 0xD1, 0x0F, 0x0B, 0x4B, 0xD0, 0xD2, 0xE4, 0x5E, 0x2B, 0x0A, 0xBB,
    0xAC, 0x50, 0x94, 0x3B, 0x34, 0xB2, 0x87, 0xE2, 0x06, 0xA8, 0xA3, 0x85, 0xC7, 0xD2, 0x41, 0x27,
    0x1C, 0x5C, 0xA5, 0xAF, 0xB5, 0x34, 0xA0, 0x97, 0x40, 0xE5, 0x39, 0x4A, 0x5C, 0xFC, 0x86, 0x2F,
    0x29, 0xB3, 0xD0, 0xD0, 0x30, 0xB6, 0x68, 0x2E, 0x03, 0x9A, 0xD2, 0xA7, 0x2F, 0xC7, 0x8A, 0xAD,
    0x47, 0xC5, 0x7F, 0x09, 0xE4, 0xD1, 0xEC, 0x28, 0xAB, 0xA5, 0xD6, 0x17, 0x9F, 0x4B, 0x09, 0x1A,
    0x06, 0xF2, 0x1E, 0xE1, 0x50, 0x86, 0x12, 0x2A, 0xD0, 0xD0, 0x42, 0x07, 0x57, 0x10, 0x6E, 0x8D,
    0x2B, 0x58, 0x83, 0x86, 0x87, 0xF0, 0x71, 0xC0, 0xC5, 0x74, 0xF5, 0x00, 0xEE, 0x81, 0xBA, 0x6B,
    0x94, 0xB0, 0x80, 0x06, 0x34, 0xAC, 0x61, 0x20, 0x0B, 0x08, 0x87, 0xB4, 0x33, 0xFF, 0xAF, 0x01,
    0x00, 0xD4, 0x0B, 0x34, 0x1F, 0x0F, 0xAB, 0x3F, 0x84, 0x2C, 0x46, 0x78, 0xF6, 0x23, 0xE4, 0x7F,
    0x0C, 0xF2, 0x3B, 0xA1, 0x2C, 0x2C, 0x6F, 0x16, 0x0E, 0x72, 0x03, 0x0B, 0x6E, 0x61, 0x13, 0xA3,
    0x5D, 0xC5, 0x68, 0xEE, 0x9A, 0xCB, 0x9E, 0x8A, 0xBE, 0x70, 0xD2, 0x2A, 0x1E, 0xA0, 0x59, 0xED,
    0x56, 0x63, 0xF3, 0xA4, 0x85, 0xC2, 0x81, 0x02, 0x2A, 0x40, 0x03, 0x1D, 0x64, 0x01, 0x84, 0x9F,
    0xA7, 0x0C, 0x94, 0x40, 0x03, 0x74, 0x40, 0x80, 0xBC, 0x07, 0xE1, 0x40, 0xD9, 0x17, 0x53, 0xC8,
    0x31, 0x71, 0x27, 0x1B, 0x95, 0x99, 0xD8, 0x38, 0xE1, 0x94, 0x11, 0xAE, 0x44, 0xB8, 0x8A, 0xC2,
    0x35, 0x07, 0x68, 0xA4, 0xD5, 0x28, 0x73, 0x00, 0x9A, 0x12, 0x4D, 0x43, 0xC3, 0x35, 0x75, 0x3E,
    0xA0, 0xA2, 0x27, 0xDF, 0x03, 0x35, 0xD9, 0x1E, 0xB9, 0x67, 0xF5, 0x98, 0x8B, 0x93, 0x1F, 0x86,
    0xD9, 0xF6, 0x59, 0x98, 0x5C, 0xE5, 0x11, 0x8E, 0x22, 0x59, 0x30, 0x8D, 0x49, 0xC2, 0x11, 0x62,
    0x24, 0xEB, 0x95, 0x25, 0xCD, 0x20, 0xDC, 0xF1, 0x2C, 0x5F, 0xC8, 0x98, 0x0D, 0x50, 0x78, 0x28,
    0x0D, 0x5C, 0x43, 0x1E, 0x40, 0x3A, 0xB8, 0x04, 0xB6, 0xF1, 0x86, 0x94, 0x3D, 0xBC, 0x7D, 0x20,
    0x8F, 0x7B, 0x72, 0x5F, 0x02, 0xCA, 0xCC, 0x00, 0x2A, 0xC8, 0x76, 0x10, 0xFD, 0x11, 0x89, 0x16,
    0x2D, 0xA0, 0x67, 0x74, 0xF8, 0x3C, 0x10, 0xA3, 0xA7, 0xDE, 0xC3, 0x91, 0x72, 0xED, 0x60, 0x63,
    0xC9, 0x5E, 0x33, 0x88, 0x5F, 0x05, 0xF5, 0x08, 0x9A, 0x12, 0xBA, 0x8A, 0xBC, 0x3F, 0xDA, 0xA3,
    0x44, 0xA3, 0x69, 0xD9, 0xC6, 0xE8, 0x0F, 0x70, 0x10, 0x20, 0x4B, 0xE8, 0x21, 0xF7, 0x10, 0xA3,
    0x39, 0xE0, 0x74, 0x7B, 0xD2, 0xCA, 0x80, 0x8A, 0xF6, 0x80, 0x00, 0xD9, 0xF8, 0x92, 0x2C, 0x2D,
    0x30, 0xE2, 0x45, 0x20, 0x91, 0x7C, 0xFB, 0x73, 0xE0, 0x95, 0x38, 0x7B, 0x07, 0x0A, 0x7F, 0xEE,
    0x39, 0xBD, 0xB1, 0x3C, 0x89, 0x81, 0x2D, 0x23, 0x3B, 0x5A, 0x06, 0x34, 0x61, 0x42, 0xC7, 0xC0,
    0x40, 0x2B, 0x7A, 0x56, 0xD1, 0x21, 0x6F, 0xA0, 0x8E, 0xD1, 0x24, 0x40, 0x79, 0xD2, 0x1B, 0xCE,
    0xA2, 0xE5, 0xCE, 0x40, 0x92, 0x2F, 0x4D, 0x4D, 0xC4, 0x36, 0xD1, 0x32, 0x4A, 0x97, 0x07, 0xE1,
    0xF3, 0x7E, 0x82, 0x23, 0x28, 0xC3, 0xE3, 0x57, 0x61, 0xD5, 0x93, 0x7F, 0x6C, 0x40, 0xD9, 0xC7,
    0x54, 0xD4, 0x68, 0xD4, 0x8C, 0x9A, 0x9A, 0xC7, 0xA8, 0x38, 0x92, 0x47, 0x7B, 0xF2, 0xBB, 0x08,
    0xCA, 0x14, 0xAE, 0x98, 0x22, 0x4E, 0x91, 0x50, 0x1C, 0xA0, 0x9C, 0x72, 0x2B, 0x5B, 0xC4, 0x7F,
    0x36, 0x6C, 0x1F, 0x01, 0x25, 0x70, 0x79, 0xB2, 0xCF, 0x5B, 0x8A, 0xA4, 0x97, 0xA5, 0x1E, 0x41,
    0xF8, 0xA2, 0x2F, 0x1C, 0xE7, 0x9F, 0xA9, 0x44, 0xB7, 0xA7, 0xD3, 0xD9, 0x67, 0x8A, 0x71, 0x65,
    0x14, 0x4B, 0x34, 0x00, 0x20, 0x2D, 0x6C, 0x0D, 0x72, 0x80, 0x8D, 0xA1, 0x18, 0x60, 0x65, 0x8E,
    0x90, 0x23, 0xB0, 0x79, 0xCA, 0x5C, 0xCF, 0x2C, 0xE4, 0x06, 0x20, 0x25, 0x6A, 0x02, 0x00, 0xC0,
    0xCB, 0xCF, 0xD6, 0xC0, 0xCA, 0x42, 0x31, 0x32, 0x2F, 0x9B, 0x2E, 0x0C, 0xBC, 0xDD, 0x4C, 0x0F,
    0xB7, 0x96, 0xFB, 0x47, 0x76, 0x7C, 0x0A, 0xC0, 0xE4, 0x68, 0x53, 0xC6, 0xFE, 0xCD, 0x79, 0x80,
    0x61, 0x1A, 0x01, 0xD1, 0xA3, 0x1C, 0x2B, 0xB2, 0x11, 0xE1, 0x29, 0x2C, 0x12, 0x00, 0xA0, 0x84,
    0x15, 0x34, 0x00, 0xDB, 0xE7, 0x20, 0x63, 0x74, 0x3C, 0x31, 0x45, 0xC8, 0x06, 0xE8, 0x0A, 0xF7,
    0xF6, 0x5E, 0xAB, 0x3C, 0x8E, 0xCB, 0xA5, 0x74, 0x57, 0x0F, 0xB4, 0x22, 0x2C, 0xD6, 0x4B, 0xC2,
    0x83, 0xF7, 0xE8, 0xAC, 0x5F, 0x5E, 0xE9, 0xDC, 0xEB, 0x0F, 0x68, 0xE1, 0xD6, 0x57, 0x8D, 0xF2,
    0xE1, 0xAA, 0xDE, 0x45, 0xBF, 0x96, 0xFD, 0xC6, 0x34, 0x33, 0x61, 0x90, 0x3D, 0x5F, 0x43, 0x1E,
    0x63, 0x80, 0x7A, 0x6F, 0x00, 0x65, 0xA1, 0x76, 0xB0, 0x72, 0xF0, 0xA3, 0x0E, 0x3E, 0xE2, 0xC8,
    0x7F, 0xC3, 0x23, 0x7E, 0xC2, 0xA3, 0xDE, 0xDA, 0x53, 0x66, 0x3D, 0x4D, 0x16, 0xD8, 0xC4, 0x40,
    0x8C, 0x21, 0xEB, 0x09, 0xC2, 0x31, 0x48, 0xCB, 0xA0, 0xA0, 0xAB, 0x0F, 0x68, 0xA0, 0xCD, 0xE2,
    0x4D, 0xA2, 0xEA, 0x72, 0x5F, 0xF8, 0x63, 0xD4, 0xE4, 0x7D, 0xE1, 0x84, 0x97, 0xB6, 0xB4, 0xEA,
    0x30, 0xA7, 0xE2, 0x80, 0xE2, 0x09, 0x0B, 0x94, 0xA9, 0x50, 0xB6, 0x41, 0xCD, 0x55, 0xA7, 0xA4,
    0xE5, 0x19, 0xDB, 0x38, 0x12, 0xA3, 0x85, 0x3C, 0xF6, 0xD4, 0x71, 0xE4, 0x19, 0x9F, 0x92, 0x87,
    0xF3, 0xBC, 0xA8, 0x80, 0x66, 0x86, 0x9E, 0xD1, 0x00, 0x97, 0x40, 0x0D, 0x28, 0xFF, 0x26, 0x44,
    0xDC, 0xC3, 0x76, 0x24, 0x8B, 0xCF, 0x93, 0x3C, 0x36, 0xF7, 0xB2, 0x17, 0x3E, 0x4B, 0x32, 0x8F,
    0x85, 0xE3, 0x5A, 0x5A, 0x5A, 0x65, 0x0E, 0x80, 0x6B, 0x05, 0x5D, 0x09, 0x63, 0x45, 0x6A, 0x50,
    0x22, 0x68, 0xA4, 0xD7, 0xD4, 0xB6, 0xCD, 0xF6, 0x6C, 0xE3, 0x40, 0xDC, 0x1B, 0xB2, 0x44, 0x23,
    0x46, 0x33, 0xE7, 0xF9, 0x59, 0x05, 0x53, 0x71, 0x3C, 0x02, 0x58, 0x9C, 0xE4, 0x3B, 0xCF, 0xF8,
    0x6D, 0xF4, 0xC4, 0xE8, 0xCE, 0xE9, 0xF8, 0x97, 0xE8, 0x18, 0x66, 0x5A, 0xC3, 0x9D, 0x74, 0xD6,
    0x40, 0x07, 0x0C, 0x00, 0x79, 0xFC, 0x0B, 0xEA, 0x78, 0xC3, 0x33, 0x3E, 0x31, 0x1F, 0xEE, 0xB2,
    0xCF, 0x6A, 0x6C, 0xD8, 0x0C, 0x1A, 0x82, 0x9E, 0xF4, 0xCA, 0xFA, 0x4B, 0xF2, 0xBE, 0x46, 0x78,
    0xE5, 0x0B, 0x27, 0x92, 0x30, 0x9B, 0xE7, 0x64, 0x01, 0x45, 0xD6, 0x53, 0x92, 0x7B, 0x2A, 0x84,
    0xA7, 0x41, 0x38, 0x34, 0x85, 0xA3, 0x45, 0x5A, 0x3A, 0x54, 0x9C, 0x64, 0x9A, 0x1C, 0x47, 0x60,
    0x91, 0xD6, 0xA4, 0x22, 0x49, 0x83, 0xF0, 0xE8, 0xF9, 0xCB, 0xD1, 0x52, 0x38, 0x3A, 0x52, 0x44,
    0xA0, 0x0C, 0xC4, 0x81, 0xB7, 0x3F, 0x45, 0x31, 0xB7, 0xED, 0x86, 0xB9, 0x73, 0xAF, 0xE1, 0x0A,
    0x86, 0x97, 0x3B, 0xC6, 0xFD, 0xBF, 0x60, 0xB3, 0x83, 0xF9, 0x8D, 0xEE, 0xEC, 0x8D, 0xDC, 0x9F,
    0xB5, 0x15, 0x65, 0xD2, 0xB8, 0x45, 0x39, 0x1B, 0x88, 0x3D, 0x5B, 0x93, 0x16, 0xED, 0xF2, 0x5E,
    0x84, 0xBC, 0x57, 0x4E, 0xF8, 0x15, 0xC2, 0x5D, 0x53, 0xFC, 0x44, 0x40, 0x7E, 0xA7, 0x43, 0xBD,
    0x1D, 0x54, 0x04, 0xF5, 0xCF, 0x50, 0x7E, 0xA9, 0xA5, 0x2A, 0x1C, 0x4D, 0x52, 0x21, 0x0B, 0x68,
    0x06, 0x5A, 0x3A, 0x3A, 0x5A, 0x06, 0x2E, 0x99, 0x99, 0xF7, 0xB7, 0x98, 0x73, 0xCE, 0x7C, 0xE6,
    0x9F, 0x9C, 0x1C, 0xA3, 0xCB, 0x76, 0xB0, 0x25, 0xDF, 0x41, 0x4C, 0xDF, 0xF9, 0x1E, 0xF1, 0x8F,
    0xD3, 0xF8, 0x23, 0x54, 0x4B, 0xF1, 0x7D, 0x2C, 0x34, 0xF2, 0x7B, 0xD0, 0x2D, 0xEA, 0x11, 0xEB,
    0x0E, 0xA5, 0x08, 0x03, 0x4A, 0x65, 0x7D, 0x60, 0x21, 0xC5, 0x8F, 0x07, 0x96, 0xF2, 0x4B, 0xBF,
    0xA8, 0xA7, 0x29, 0x1E, 0xE5, 0x3D, 0xBA, 0xF8, 0x21, 0xE1, 0x69, 0x8B, 0x9D, 0x70, 0xAC, 0xC5,
    0x50, 0x38, 0xAE, 0x44, 0x90, 0x96, 0x20, 0x9C, 0xB4, 0x64, 0x03, 0x85, 0xCD, 0x47, 0xA4, 0xC9,
    0x77, 0x28, 0x73, 0xE0, 0xA2, 0x10, 0x7F, 0x42, 0x49, 0xF1, 0xBD, 0x2C, 0x90, 0x5F, 0x6A, 0x97,
    0xA8, 0x2F, 0x76, 0x1A, 0x25, 0xBC, 0x46, 0xE5, 0x7D, 0xCB, 0x82, 0xD0, 0xB1, 0x64, 0xB8, 0xA2,
    0xA1, 0x0D, 0x68, 0x74, 0xA0, 0xA5, 0x0A, 0xAC, 0x29, 0x7B, 0xAE, 0x50, 0x9E, 0x80, 0x74, 0xA9,
    0x56, 0x59, 0x58, 0xC5, 0x01, 0x6E, 0xB2, 0x1D, 0x22, 0x70, 0x89, 0x74, 0xD4, 0x47, 0xFD, 0x4B,
    0x50, 0x54, 0xA0, 0x68, 0xE6, 0xAF, 0x12, 0x0D, 0x35, 0x1A, 0x2E, 0x69, 0xA0, 0xE5, 0x12, 0x46,
    0x6A, 0xF2, 0x80, 0xF2, 0xA5, 0x47, 0xC4, 0x68, 0x60, 0x33, 0x40, 0x36, 0xB5, 0x87, 0x48, 0xEE,
    0x93, 0x77, 0x0A, 0x27, 0x0E, 0x47, 0xFA, 0x96, 0x76, 0x2A, 0xDA, 0x56, 0xB1, 0x99, 0xD2, 0xA0,
    0xDC, 0xDB, 0x3B, 0x53, 0x69, 0x4E, 0x81, 0xFF, 0x0F, 0x09, 0x39, 0x4A, 0x08, 0x23, 0xC0, 0x8B,
    0x62, 0xA9, 0x1C, 0xB3, 0xD4, 0xE6, 0x28, 0xB5, 0x78, 0x9D, 0xD4, 0xD2, 0x29, 0x53, 0xA3, 0xE2,
    0xEE, 0x00, 0xCF, 0x42, 0x38, 0x2A, 0xE1, 0xA7, 0x5A, 0xA9, 0x49, 0x18, 0x59, 0x73, 0x4D, 0x87,
    0x66, 0xE0, 0x12, 0xEE, 0xEF, 0x61, 0x1B, 0x6D, 0x3E, 0xE4, 0x66, 0xEE, 0xCB, 0x13, 0x44, 0x3F,
    0x77, 0x90, 0xAD, 0x81, 0x72, 0xBE, 0xE1, 0x1A, 0xD0, 0x33, 0xAE, 0x79, 0x5B, 0x3E, 0xB0, 0x4D,
    0x75, 0x71, 0x7F, 0xDC, 0x4B, 0x6E, 0x93, 0x4D, 0x9B, 0x3B, 0x4C, 0x13, 0x38, 0xED, 0x55, 0xF2,
    0xFE, 0xAC, 0xD0, 0x9C, 0x17, 0x1B, 0xA6, 0x79, 0x45, 0xEE, 0x29, 0x11, 0x53, 0x01, 0x70, 0x34,
    0x14, 0x0E, 0x8D, 0xB4, 0x68, 0x52, 0x89, 0x44, 0x41, 0x87, 0x82, 0x81, 0x12, 0x02, 0xA9, 0x4C,
    0xD2, 0xA4, 0x85, 0xFA, 0x54, 0x2F, 0x2E, 0x51, 0x96, 0xDA, 0x6E, 0x20, 0x15, 0x79, 0xB2, 0xD8,
    0x43, 0x47, 0x1E, 0x3A, 0x84, 0x5F, 0x23, 0x5D, 0x22, 0xA2, 0xA9, 0xD0, 0xD3, 0xD1, 0xA1, 0x09,
    0x34, 0x79, 0xCF, 0x32, 0x59, 0x4B, 0x5A, 0x16, 0x0A, 0x16, 0x4B, 0x28, 0x35, 0xA8, 0x2B, 0x50,
    0x01, 0x94, 0x07, 0xE5, 0xA0, 0xA5, 0x34, 0xC2, 0xB7, 0xD4, 0xA6, 0x70, 0x9A, 0x95, 0x51, 0x46,
    0xF3, 0x63, 0xA6, 0x44, 0xF3, 0x51, 0x53, 0xA1, 0xF3, 0xDF, 0xB1, 0x1A, 0x2D, 0x7E, 0xD6, 0x76,
    0xE8, 0xE2, 0x5B, 0x6D, 0x40, 0x2B, 0xF1, 0xF5, 0x01, 0xBD, 0x10, 0xDF, 0xE8, 0xD1, 0x87, 0x09,
    0x87, 0x5E, 0x8B, 0x5F, 0x34, 0xE8, 0x20, 0x7E, 0x15, 0x9A, 0x20, 0xFE, 0x08, 0x2A, 0x2F, 0x76,
    0x50, 0x3B, 0x31, 0x42, 0x6D, 0x44, 0x80, 0x1A, 0xD1, 0x03, 0x1A, 0xE9, 0xA8, 0x28, 0xA1, 0xA4,
    0x01, 0x65, 0x06, 0x90, 0xDF, 0xD0, 0x43, 0xA2, 0x83, 0xF8, 0x67, 0x20, 0xBB, 0x01, 0x18, 0x81,
    0x44, 0x03, 0x79, 0x0D, 0x94, 0x15, 0xD0, 0x94, 0xC0, 0xA8, 0x20, 0xEF, 0xA5, 0x25, 0xED, 0x78,
    0x50, 0xC9, 0xC7, 0xA9, 0xEE, 0xD2, 0xA1, 0x6C, 0x7B, 0xDA, 0x56, 0x8F, 0x54, 0x59, 0xA0, 0x14,
    0x1E, 0x25, 0x2D, 0xEA, 0xAB, 0x41, 0xBE, 0x0A, 0xC5, 0x08, 0x22, 0xDC, 0x6A, 0x0C, 0x67, 0xFE,
    0x62, 0x13, 0x77, 0x13, 0xC8, 0x06, 0x10, 0x3D, 0x28, 0x07, 0x35, 0xF0, 0x18, 0x98, 0x09, 0x48,
    0x07, 0xA5, 0xB9, 0xF3, 0xD1, 0x2A, 0xC6, 0x09, 0xD4, 0x81, 0x55, 0xB8, 0xFD, 0x63, 0x2A, 0x7B,
    0x51, 0x6D, 0xD3, 0x28, 0x2C, 0xD2, 0x9C, 0xFD, 0x52, 0x5A, 0x92, 0xD6, 0xAD, 0x7A, 0xF4, 0x7C,
    0x2C, 0x59, 0xB0, 0x40, 0xCD, 0x87, 0x34, 0x85, 0x2D, 0xEC, 0x31, 0x3F, 0x72, 0xCF, 0xA6, 0x67,
    0xF3, 0x12, 0xAD, 0x99, 0xDC, 0x4C, 0x4B, 0x9F, 0xDA, 0xC2, 0xB9, 0x0C, 0xD3, 0xBA, 0xAD, 0x83,
    0x37, 0x01, 0x0A, 0xA8, 0x2D, 0x7C, 0xA1, 0x83, 0x0F, 0xF6, 0x10, 0x02, 0xB9, 0x5F, 0x23, 0x9C,
    0xA6, 0x30, 0x47, 0xDE, 0x0B, 0x0A, 0xAB, 0x11, 0x6E, 0x15, 0x77, 0xAB, 0x38, 0x6A, 0x2A, 0x14,
    0xC2, 0xB2, 0xF9, 0x46, 0x2B, 0xE2, 0x5F, 0x1B, 0xE9, 0x37, 0x94, 0xAC, 0xB8, 0xA4, 0x26, 0xCD,
    0xB5, 0x34, 0x74, 0x68, 0x46, 0x5A, 0x06, 0x76, 0x74, 0xF9, 0x48, 0x2B, 0x07, 0x56, 0xBB, 0x0F,
    0x20, 0xFB, 0x70, 0x77, 0x36, 0xFD, 0xE9, 0x0D, 0xF9, 0x1F, 0xC4, 0x43, 0x91, 0x95, 0x4E, 0x04,
    0xE1, 0x0A, 0x2F, 0x9C, 0x74, 0x07, 0x98, 0x79, 0x4B, 0x8B, 0xB4, 0x25, 0xA9, 0x16, 0xD4, 0xAC,
    0xEC, 0xAB, 0xE8, 0x38, 0x70, 0xB1, 0xB1, 0xB0, 0xE9, 0x45, 0x0C, 0xCA, 0xBF, 0xA5, 0x84, 0x66,
    0x36, 0xF7, 0xDC, 0xDF, 0x46, 0xB8, 0x86, 0x27, 0x99, 0xA9, 0xA3, 0x2D, 0xF6, 0xDC, 0xCA, 0xD8,
    0x84, 0xCD, 0xB7, 0x3A, 0x11, 0xFF, 0xDE, 0x2A, 0xBF, 0x31, 0xAF, 0xD7, 0xE0, 0x7A, 0xD2, 0xA0,
    0xB9, 0x43, 0x83, 0x70, 0xD4, 0x60, 0xE3, 0x45, 0x1C, 0xA4, 0xEB, 0x4A, 0xD6, 0x0D, 0x43, 0x5B,
    0x84, 0x6D, 0xB4, 0xDB, 0xBF, 0x60, 0x80, 0xE1, 0xC8, 0x15, 0x5B, 0x47, 0x57, 0xEC, 0x0D, 0xD4,
    0x3D, 0x6C, 0xFB, 0x17, 0xCC, 0x1D, 0xDC, 0x8F, 0xB0, 0xDD, 0x9F, 0x87, 0x5E, 0x42, 0x09, 0x6F,
    0x5C, 0x94, 0x6F, 0x57, 0x9D, 0xE8, 0xE0, 0x19, 0x40, 0xD9, 0xF7, 0xC4, 0xE7, 0x5E, 0x0C, 0xA5,
    0x2F, 0x9C, 0x72, 0xCA, 0xCA, 0x93, 0xBD, 0x2A, 0x14, 0x97, 0x94, 0x34, 0xAC, 0xA8, 0x78, 0x46,
    0x99, 0xDF, 0xA0, 0xA2, 0x26, 0x1F, 0x35, 0xB0, 0x06, 0xAE, 0x80, 0xC0, 0xD7, 0x14, 0x3D, 0x9B,
    0xE8, 0x28, 0x6F, 0xE0, 0x6E, 0xFF, 0xEC, 0x93, 0x7F, 0xEC, 0xB9, 0x7F, 0x8A, 0x54, 0xA1, 0xAD,
    0x32, 0x87, 0x03, 0x45, 0x89, 0xA2, 0x9A, 0x78, 0x55, 0x68, 0x1A, 0x34, 0x1A, 0xD6, 0x8C, 0xBC,
    0x03, 0xF2, 0xFE, 0x58, 0xD7, 0xD3, 0x8A, 0xF9, 0x6D, 0x2A, 0xE6, 0x77, 0x78, 0x0F, 0x8C, 0xA4,
    0xD7, 0x38, 0x6D, 0x08, 0xFE, 0xD3, 0x3D, 0xC1, 0x69, 0x23, 0x93, 0x05, 0x56, 0x9E, 0x95, 0xB9,
    0xD3, 0x56, 0x59, 0xAF, 0x6C, 0xEE, 0x2F, 0x11, 0x7E, 0x44, 0xFC, 0x44, 0x4F, 0xF1, 0x8B, 0x0E,
    0xF9, 0x23, 0x20, 0xF7, 0xA0, 0xFE, 0x19, 0xD4, 0x23, 0x43, 0x59, 0xCC, 0x5D, 0x25, 0x0F, 0x68,
    0x06, 0x34, 0x1D, 0xB4, 0x74, 0x0C, 0x04, 0x42, 0x16, 0x26, 0xD9, 0x8F, 0xBA, 0x4E, 0x9A, 0xBE,
    0x90, 0x3C, 0xFF, 0xB5, 0x9B, 0x7C, 0x87, 0xF8, 0xC5, 0xA8, 0x22, 0xE2, 0x1F, 0xD5, 0xB5, 0x32,
    0x22, 0xC8, 0x20, 0x4D, 0xE1, 0x53, 0xDF, 0x3A, 0xC0, 0x2A, 0x0E, 0x30, 0x8A, 0x84, 0x92, 0x84,
    0x6A, 0x5E, 0x9F, 0xA0, 0x13, 0xE6, 0xA3, 0x9D, 0xD0, 0x1D, 0x68, 0xEE, 0x11, 0xC9, 0xD2, 0x37,
    0xD2, 0x15, 0x93, 0xA5, 0x0F, 0x9C, 0x0F, 0x87, 0x9A, 0x2D, 0x5D, 0x92, 0x90, 0x68, 0xD4, 0x33,
    0x95, 0x26, 0xAD, 0x3D, 0xC6, 0xE4, 0xA8, 0xDC, 0xE3, 0x9A, 0xAA, 0xA1, 0x6C, 0x29, 0xBB, 0x34,
    0xAA, 0x81, 0x66, 0x40, 0x77, 0x8C, 0x4D, 0x1E, 0xA6, 0x98, 0x84, 0xAB, 0x8D, 0xE1, 0x5F, 0xA3,
    0xE7, 0xB5, 0xB7, 0x06, 0x76, 0x84, 0x6C, 0x20, 0xE4, 0x81, 0x20, 0xFC, 0x01, 0x2E, 0x0B, 0xA7,
    0x9F, 0x15, 0x89, 0x6B, 0x5F, 0x1B, 0xB5, 0xB9, 0x41, 0xA9, 0xFE, 0x0D, 0xB7, 0xCD, 0xFF, 0xDD,
    0x3A, 0x30, 0x67, 0xD1, 0x9D, 0x09, 0x49, 0x61, 0xC9, 0x7F, 0x7D, 0x14, 0xBF, 0x3A, 0x88, 0x1B,
    0x44, 0xA0, 0xF0, 0x48, 0x87, 0xB2, 0x77, 0x87, 0x40, 0x16, 0x9F, 0x16, 0x31, 0x28, 0xF3, 0xB6,
    0x12, 0x14, 0x28, 0x8F, 0x18, 0x61, 0x0B, 0xCA, 0x51, 0xA4, 0xF1, 0x54, 0xB9, 0x18, 0x79, 0xFB,
    0x08, 0x9E, 0x7C, 0x7A, 0x56, 0x47, 0xB6, 0xFB, 0x3B, 0x76, 0xB8, 0xA7, 0x5A, 0x7D, 0x0D, 0x9B,
    0x9E, 0xD2, 0x73, 0x0C, 0x6D, 0x79, 0x16, 0xDA, 0xCB, 0xD9, 0xE0, 0x47, 0x87, 0xB5, 0x74, 0xB3,
    0x5A, 0xD7, 0xB3, 0x5A, 0x65, 0x1F, 0xB8, 0xA2, 0xEA, 0x26, 0x83, 0xAF, 0xB3, 0xD0, 0x8A, 0x5E,
    0x17, 0x4E, 0x2B, 0xAB, 0x4B, 0x74, 0x43, 0xD3, 0xB2, 0x3C, 0x4C, 0x87, 0x44, 0xBE, 0x74, 0x74,
    0xD9, 0x90, 0x87, 0x2E, 0x1F, 0x84, 0x9F, 0x36, 0x9F, 0x6B, 0xF9, 0x1E, 0x65, 0xD6, 0xEA, 0x42,
    0xB1, 0x5E, 0x5E, 0x54, 0xB4, 0xFA, 0x42, 0xD3, 0xBE, 0xE7, 0x62, 0x4D, 0x1B, 0x2E, 0x06, 0x9A,
    0xBE, 0x09, 0x5C, 0xBA, 0x4B, 0xCF, 0xCA, 0xAE, 0x1C, 0x2B, 0xB3, 0x32, 0xAC, 0x58, 0x81, 0xF0,
    0xC2, 0x67, 0x41, 0x59, 0x42, 0x05, 0x5D, 0x0B, 0x4D, 0x80, 0xDA, 0x43, 0x69, 0xA0, 0x36, 0xB0,
    0x71, 0x64, 0x1F, 0xF1, 0x88, 0x5F, 0xEB, 0x51, 0x36, 0x50, 0xD3, 0x71, 0x8D, 0x26, 0x09, 0x4A,
    0x87, 0x66, 0xCD, 0x48, 0x9B, 0x05, 0xB4, 0xE8, 0xD1, 0x85, 0x43, 0x2B, 0xC3, 0xB2, 0x84, 0x65,
    0x03, 0x8B, 0xF6, 0x80, 0x2B, 0xB8, 0x77, 0xDA, 0x33, 0x9C, 0xFF, 0x65, 0x36, 0xC2, 0x26, 0x1C,
    0x60, 0x81, 0x18, 0xB3, 0xB8, 0x87, 0x16, 0x06, 0x44, 0x8F, 0xB4, 0xBC, 0xF8, 0x93, 0x71, 0xBE,
    0x5B, 0xC5, 0x7E, 0x13, 0x7B, 0xF2, 0x80, 0xEA, 0xA9, 0x40, 0x83, 0x3E, 0xEB, 0x4E, 0x85, 0x67,
    0x63, 0x78, 0x06, 0xD2, 0xCE, 0x5D, 0xED, 0xD4, 0x24, 0xE7, 0x31, 0xB5, 0xAF, 0xAB, 0x37, 0xFA,
    0x30, 0x42, 0x04, 0xC5, 0x1D, 0x7D, 0xB0, 0x02, 0xE9, 0x29, 0x3D, 0xAF, 0x42, 0x20, 0x3B, 0xB5,
    0x63, 0x97, 0x86, 0xB4, 0x44, 0x18, 0xA1, 0x1C, 0x33, 0x93, 0xF6, 0x7F, 0x9F, 0xF2, 0xCA, 0x9E,
    0x7F, 0x07, 0xBD, 0x98, 0x31, 0x8C, 0xDC, 0xC6, 0x7A, 0xC7, 0x7F, 0xE4, 0x58, 0x26, 0xEC, 0x79,
    0xD6, 0x5C, 0x02, 0x17, 0x4A, 0x22, 0x1D, 0x5D, 0xBC, 0xC2, 0xC5, 0x2D, 0xD9, 0x1C, 0x82, 0x0B,
    0x40, 0xDE, 0x8E, 0xEC, 0xE2, 0x15, 0x2E, 0xA2, 0x2E, 0x65, 0x52, 0xA4, 0xCF, 0x15, 0x2A, 0xAE,
    0xA0, 0xBD, 0x7C, 0x72, 0xF1, 0x4A, 0xAB, 0x4B, 0xAB, 0x22, 0x3D, 0xAE, 0xD8, 0x24, 0x8B, 0xE4,
    0xEC, 0x1B, 0xFB, 0xF5, 0xC8, 0x18, 0x29, 0x02, 0xE4, 0x15, 0xA1, 0x13, 0x01, 0x29, 0x82, 0xC0,
    0x03, 0x84, 0xC8, 0x5B, 0x43, 0xBB, 0x3B, 0xF9, 0x86, 0x59, 0xE8, 0x20, 0x3D, 0x07, 0x88, 0x70,
    0x7A, 0x9A, 0x99, 0xFF, 0x07, 0x92, 0xFC, 0xBE, 0xFF, 0xFF, 0x3F, 0xC7, 0xE3, 0x70, 0x49, 0x3A,
    0x36, 0xAC, 0x00, 0xF0, 0x99, 0xCF, 0x9D, 0x92, 0x5E, 0xF4, 0xDA, 0x1A, 0x6B, 0x28, 0xA9, 0x39,
    0x95, 0x8E, 0xEA, 0x51, 0x4F, 0xA9, 0x37, 0x59, 0x78, 0xBF, 0x70, 0x18, 0xA8, 0xA0, 0x85, 0x06,
    0xBA, 0xFD, 0xA0, 0x85, 0xFA, 0x7E, 0xAF, 0xA3, 0xCB, 0x76, 0x16, 0x4F, 0xE6, 0x80, 0xC5, 0x53,
    0xF2, 0xB8, 0xA1, 0xF0, 0x77, 0x30, 0x16, 0x0C, 0x50, 0x32, 0x15, 0x33, 0x83, 0x22, 0xEE, 0xD0,
    0x71, 0x0B, 0x1D, 0xB0, 0x02, 0x46, 0x20, 0x40, 0x3E, 0x80, 0x76, 0x30, 0x8F, 0xB1, 0x4F, 0x38,
    0xE0, 0x83, 0xFF, 0xDE, 0x2E, 0xE7, 0x31, 0x54, 0xCA, 0x37, 0x0C, 0xC7, 0x5C, 0xC8, 0x90, 0x0D,
    0xD9, 0x95, 0x83, 0x7F, 0xFD, 0xC3, 0xF2, 0x80, 0x03, 0x43, 0x16, 0xB4, 0x55, 0x5E, 0x9C, 0xF7,
    0xCA, 0x95, 0x28, 0xD7, 0x92, 0xFB, 0x15, 0xD9, 0x77, 0x01, 0xFE, 0xCB, 0xC1, 0x33, 0xCB, 0xEF,
    0xC7, 0xBF, 0xA2, 0x8E, 0x23, 0x9C, 0x33, 0xE9, 0x49, 0x31, 0x8B, 0x38, 0x40, 0x80, 0x6C, 0x40,
    0xF2, 0x61, 0xF9, 0xBC, 0x01, 0x2F, 0xEC, 0x96, 0x3F, 0xC0, 0x55, 0x24, 0x1B, 0xB3, 0x29, 0x39,
    0x0B, 0xC0, 0x57, 0xC0, 0xD5, 0x80, 0xFA, 0x7A, 0x8D, 0xB6, 0x0D, 0x06, 0x81, 0x3D, 0xA1, 0xF0,
    0x01, 0x62, 0x0F, 0xA5, 0x83, 0x7C, 0x98, 0xD8, 0x0F, 0x0A, 0x2F, 0x62, 0x3D, 0xB5, 0xD0, 0x9C,
    0xDC, 0xED, 0xDA, 0x87, 0x0D, 0x3A, 0xDA, 0x44, 0x39, 0xA2, 0x46, 0x3E, 0xC3, 0x58, 0x74, 0x3F,
    0xCB, 0x76, 0x1F, 0xF9, 0x13, 0x1D, 0xFB, 0x70, 0x56, 0xC2, 0xD9, 0x45, 0x0B, 0xC7, 0x4F, 0x1A,
    0x38, 0x19, 0x52, 0x98, 0xB6, 0x2E, 0x24, 0x1C, 0x9F, 0xB5, 0x70, 0x76, 0x52, 0xDE, 0xB7, 0x61,
    0xA6, 0xE3, 0x23, 0x6F, 0x7E, 0xFE, 0x95, 0xEE, 0x13, 0x4B, 0xE2, 0x5B, 0x83, 0x10, 0xA0, 0xFF,
    0x79, 0xD6, 0x3E, 0x3C, 0xBA, 0x38, 0x1A, 0x4E, 0x86, 0xE3, 0x30, 0x2E, 0xCE, 0x00, 0xE0, 0xF1,
    0x07, 0xF9, 0xB0, 0xD4, 0x8F, 0x86, 0x4A, 0xBB, 0xCB, 0x92, 0x55, 0x4B, 0x53, 0x31, 0x33, 0x18,
    0x6D, 0xB5, 0x72, 0x59, 0x96, 0xFE, 0xE6, 0x76, 0x11, 0xA5, 0x9C, 0xE2, 0x37, 0x30, 0xDF, 0xCC,
    0xD7, 0x3F, 0x6A, 0xDA, 0xEC, 0x72, 0x7F, 0x62, 0x92, 0x69, 0xA3, 0xDC, 0xD9, 0x85, 0x84, 0xE3,
    0x27, 0xA6, 0x70, 0x27, 0x83, 0x89, 0xF6, 0xE4, 0x89, 0xD9, 0x8A, 0x69, 0x63, 0xC4, 0xB4, 0xD1,
    0xFD, 0xD9, 0x89, 0x9C, 0x0D, 0x33, 0x93, 0xFD, 0xAB, 0x37, 0x3D, 0x2F, 0x9B, 0x16, 0xF9, 0xF5,
    0x22, 0x8E, 0x7A, 0x64, 0xBE, 0xE3, 0xDC, 0x70, 0x51, 0x58, 0x19, 0xB2, 0x21, 0xBB, 0x7A, 0x84,
    0x43, 0x7E, 0x03, 0xC9, 0x6C, 0x32, 0xFD, 0x63, 0xE7, 0x80, 0xE7, 0x13, 0xCA, 0x76, 0xA8, 0x9F,
    0xF5, 0x28, 0x97, 0x86, 0xEE, 0x29, 0xA1, 0x23, 0x0F, 0x68, 0xC7, 0x3C, 0x65, 0xA1, 0xD7, 0xEF,
    0x94, 0x18, 0xEE, 0xE9, 0xC0, 0x39, 0x47, 0xD2, 0x1B, 0xBF, 0xBC, 0xF2, 0x79, 0x28, 0x9C, 0xA1,
    0x81, 0x15, 0x1D, 0xA3, 0xC4, 0xC0, 0x28, 0x08, 0x99, 0x20, 0x1F, 0xB2, 0xA0, 0x7C, 0x3E, 0x28,
    0xA7, 0xBC, 0x72, 0x85, 0x74, 0xE3, 0xB4, 0xAB, 0x25, 0xFE, 0x7D, 0x6F, 0xE2, 0xAF, 0xAC, 0xF9,
    0x4C, 0x4F, 0x2E, 0x2A, 0xA0, 0x05, 0x9A, 0x3D, 0xCE, 0x81, 0x5C, 0x2C, 0x99, 0xC9, 0xFA, 0xA3,
    0x7E, 0xB1, 0xC7, 0xD5, 0x35, 0xD2, 0xFE, 0x74, 0xAE, 0x16, 0x68, 0x01, 0x7F, 0x22, 0xC8, 0xFF,
    0x1F, 0xC8, 0xEE, 0xDB, 0x6E, 0xB3, 0x52, 0x56, 0xF7, 0x99, 0xCF, 0x86, 0xB9, 0x9F, 0xDB, 0x7C,
    0x30, 0xFE, 0xD4, 0xFF, 0x6E, 0xBA, 0xB1, 0xFB, 0xC2, 0x6A, 0xAB, 0x31, 0xDC, 0x46, 0x87, 0xD9,
    0xD1, 0xD9, 0x4F, 0x2E, 0xDE, 0x1B, 0xEE, 0x0E, 0x47, 0x17, 0x0F, 0x6B, 0x0F, 0xC0, 0xBB, 0xCA,
    0x1A, 0x99, 0xC9, 0x23, 0x99, 0x8E, 0xCC, 0x6E, 0xCC, 0xC3, 0x65, 0xF1, 0xF5, 0x68, 0x0A, 0xDF,
    0x18, 0xBB, 0x6C, 0x00, 0xB2, 0x40, 0xA3, 0x07, 0x96, 0xED, 0x90, 0x0D, 0xBF, 0x23, 0x59, 0xB9,
    0x33, 0x28, 0x37, 0x43, 0xF5, 0xE7, 0x14, 0x36, 0xDC, 0xD1, 0x1F, 0xF9, 0x46, 0x17, 0xFD, 0xC6,
    0x18, 0xB5, 0x92, 0xCC, 0x63, 0x96, 0x77, 0x1F, 0x66, 0xC3, 0xD9, 0x85, 0x72, 0x71, 0xAB, 0xEF,
    0xC7, 0xCD, 0x21, 0xF8, 0x86, 0xCC, 0xFF, 0x19, 0x59, 0xCF, 0x03, 0xEE, 0xA0, 0x02, 0xE7, 0x94,
    0x03, 0x81, 0x3F, 0xF2, 0xB9, 0x27, 0x77, 0x45, 0xBA, 0x46, 0x06, 0x09, 0x0D, 0x42, 0xBB, 0x84,
    0xE2, 0xFE, 0x77, 0xD1, 0x6A, 0xF5, 0xCB, 0xBF, 0x74, 0x46, 0xDB, 0xDC, 0xBD, 0x7B, 0x88, 0x72,
    0x34, 0x22, 0x47, 0xE0, 0x10, 0x29, 0x12, 0x69, 0x99, 0x2C, 0x06, 0x0D, 0x33, 0xEA, 0xC8, 0x39,
    0xF3, 0x48, 0xBE, 0x85, 0xC7, 0x26, 0xA6, 0x64, 0x8D, 0xB6, 0x18, 0xA4, 0x70, 0x9D, 0x0A, 0x47,
    0x02, 0x1C, 0x49, 0x21, 0xF7, 0x54, 0xFF, 0x84, 0x7B, 0x46, 0x0D, 0x0F, 0x9A, 0x99, 0xF6, 0x57,
    0xEB, 0xF3, 0x43, 0x57, 0x3F, 0x0E, 0x7F, 0xE8, 0xA4, 0xE8, 0xDF, 0xA4, 0xEC, 0xE3, 0xCF, 0x7B,
    0x0E, 0x75, 0x0C, 0x34, 0x26, 0x26, 0x8B, 0x3A, 0xA9, 0x19, 0x32, 0xCB, 0x3B, 0x90, 0x0F, 0xC9,
    0xBC, 0xF2, 0x00, 0x80, 0xB2, 0x49, 0xA4, 0x84, 0x4F, 0xC9, 0x47, 0xB4, 0xA7, 0x84, 0x16, 0x3A,
    0x58, 0x4D, 0xF1, 0x34, 0x77, 0x75, 0x74, 0x6F, 0xFF, 0x80, 0x6C, 0x02, 0x06, 0xC4, 0x35, 0xE4,
    0x8E, 0xE7, 0xCD, 0xF4, 0x50, 0x3B, 0x98, 0x0B, 0xFE, 0xD6, 0x4D, 0xCB, 0x56, 0xFE, 0x8F, 0x1E,
    0xF5, 0x8D, 0xC7, 0x7C, 0x34, 0x50, 0x66, 0x03, 0x6D, 0x96, 0x96, 0xAC, 0x40, 0x8C, 0x41, 0xF6,
    0x82, 0x72, 0x8C, 0xBA, 0x67, 0x34, 0xB0, 0xAA, 0x05, 0x49, 0x70, 0x2F, 0xB0, 0x9E, 0x1C, 0x52,
    0xD8, 0xD7, 0xCF, 0xAF, 0x06, 0x30, 0x01, 0x9A, 0x73, 0x18, 0xEE, 0xBD, 0x7E, 0xFE, 0xB7, 0x00,
    0x16, 0x1F, 0x5B, 0x78, 0x16, 0x21, 0x73, 0x97, 0xC0, 0x8B, 0x2A, 0x49, 0x66, 0xD2, 0x99, 0x84,
    0x26, 0xA5, 0x49, 0x6A, 0xD2, 0x9A, 0xC4, 0x26, 0xB5, 0x49, 0x6E, 0xD2, 0x4B, 0x82, 0x24, 0x45,
    0x92, 0x24, 0x49, 0x93, 0x24, 0x4A, 0x52, 0x65, 0x92, 0x85, 0x93, 0x7B, 0xD0, 0xB5, 0x70, 0x7C,
    0xE7, 0xF5, 0xCF, 0xA9, 0xF0, 0x50, 0x8E, 0x70, 0x74, 0x02, 0x27, 0x82, 0x7A, 0x04, 0xED, 0x5F,
    0xBF, 0x4E, 0x16, 0xE3, 0x16, 0xD4, 0x14, 0xF5, 0x17, 0x00, 0x65, 0x09, 0xD0, 0x4E, 0xF1, 0xB2,
    0x02, 0x08, 0x2D, 0xA0, 0x86, 0x79, 0xF4, 0x14, 0x6E, 0x21, 0xD1, 0xB0, 0x02, 0xA6, 0x47, 0x23,
    0x8B, 0x29, 0x8E, 0x04, 0x48, 0xEB, 0x1B, 0x28, 0x97, 0x0F, 0x60, 0x7A, 0x25, 0xB1, 0x4E, 0xCC,
    0xB4, 0x53, 0x24, 0x8F, 0x83, 0xD4, 0xAC, 0xF9, 0x8A, 0x0F, 0xF2, 0x00, 0x85, 0x4F, 0x59, 0xD7,
    0x0F, 0xF8, 0xF6, 0xA5, 0x55, 0xAF, 0x05, 0x4E, 0x81, 0x1A, 0x30, 0xFE, 0x96, 0x70, 0xEC, 0xE0,
    0x6A, 0x0D, 0x3F, 0xD9, 0x17, 0x68, 0x3B, 0x21, 0x8B, 0xC0, 0x1A, 0x30, 0x16, 0x0A, 0x07, 0xB9,
    0x07, 0x2E, 0xD8, 0xB7, 0x34, 0xC3, 0x3E, 0x8F, 0xD1, 0xA6, 0xC3, 0xCA, 0x4D, 0x98, 0xD2, 0x74,
    0x0F, 0x46, 0xEC, 0x4C, 0x80, 0x1F, 0x5D, 0x79, 0x3B, 0xE0, 0x2A, 0x7A, 0x62, 0x74, 0x7B, 0x81,
    0x16, 0x58, 0x26, 0x8D, 0xD7, 0xCF, 0x9F, 0x8D, 0x50, 0x6C, 0xA0, 0x3C, 0x84, 0x73, 0xFD, 0xFA,
    0xF9, 0x6F, 0x6B, 0xA8, 0x8D, 0xE5, 0xBD, 0x77, 0x5F, 0x3F, 0x77, 0x05, 0x06, 0x8A, 0xFE, 0x7A,
    0x7D, 0x8A, 0x23, 0x7F, 0xF1, 0x18, 0x03, 0xE5, 0x8B, 0x3F, 0xFE, 0xCE, 0x61, 0x09, 0x23, 0x04,
    0xB2, 0x30, 0x2D, 0x8A, 0x3E, 0xC9, 0xFE, 0xC1, 0x53, 0x16, 0x1B, 0xE0, 0x14, 0xD6, 0xE9, 0x68,
    0x61, 0x6F, 0xC4, 0xA3, 0x06, 0x4C, 0xA0, 0x39, 0x27, 0xDC, 0xBB, 0x11, 0x4F, 0x73, 0x8F, 0xAE,
    0xE5, 0xF8, 0xEE, 0x8D, 0x48, 0x16, 0x3B, 0xCB, 0x55, 0x1C, 0x58, 0xE6, 0x6B, 0x46, 0x3A, 0x02,
    0xA7, 0x92, 0x55, 0x4B, 0x5A, 0x29, 0x79, 0xE5, 0x3C, 0xBA, 0x5A, 0x50, 0x15, 0x8E, 0x53, 0xDD,
    0xD3, 0x19, 0xCB, 0xC6, 0x90, 0x8F, 0x06, 0x3D, 0x94, 0x2C, 0xFA, 0x3A, 0x6E, 0x99, 0xC7, 0xC7,
    0xC0, 0xC1, 0x5B, 0x90, 0x6D, 0xDF, 0x03, 0xF5, 0xFD, 0x06, 0x8A, 0x3C, 0x70, 0xDD, 0xB2, 0x91,
    0xA2, 0x17, 0x01, 0x6D, 0xF3, 0x0D, 0xC6, 0xAA, 0xFF, 0xC4, 0xA0, 0xFE, 0x85, 0x92, 0xE2, 0x0B,
    0x0E, 0xD1, 0x9F, 0xF4, 0x33, 0xCC, 0xC7, 0xAE, 0xC1, 0x28, 0x2F, 0x21, 0x1F, 0x3A, 0x0E, 0x09,
    0x2B, 0x66, 0x8C, 0x4B, 0x5A, 0xBA, 0x40, 0x43, 0x13, 0xE8, 0xA8, 0xF6, 0x0F, 0xD8, 0x25, 0xC6,
    0x13, 0xD0, 0x0E, 0xF8, 0x73, 0x80, 0x0E, 0xA0, 0x05, 0x30, 0x00, 0x39, 0x70, 0xDD, 0xDE, 0x8E,
    0x3D, 0x62, 0x72, 0x84, 0x6D, 0xB6, 0x41, 0x05, 0x4E, 0x53, 0x65, 0x8D, 0xB1, 0x18, 0x4A, 0x30,
    0x54, 0x29, 0xB4, 0xFB, 0x50, 0xD2, 0x40, 0x9D, 0xC2, 0x29, 0x2D, 0x74, 0x4C, 0x97, 0xBD, 0x26,
    0x0F, 0x18, 0x5F, 0x7A, 0x54, 0x8C, 0x16, 0x16, 0x23, 0xEC, 0xD5, 0xB3, 0x00, 0x28, 0xC7, 0x5E,
    0xFC, 0xFD, 0x37, 0x25, 0xFE, 0x36, 0x40, 0xED, 0x80, 0xBF, 0xF3, 0x90, 0x0F, 0x41, 0x02, 0x1F,
    0xBC, 0x21, 0xF1, 0x03, 0x5E, 0xBE, 0xDC, 0x6F, 0x46, 0xF7, 0xC9, 0x43, 0x20, 0xAC, 0x80, 0xE1,
    0x02, 0x80, 0x37, 0xA2, 0x7B, 0xC0, 0xC1, 0x8A, 0xEE, 0x34, 0x1B, 0xCD, 0x2F, 0xBC, 0xFA, 0xDE,
    0xB2, 0x45, 0x86, 0x6C, 0x98, 0x8F, 0x7D, 0x9B, 0x8D, 0x4B, 0x3A, 0x49, 0x00, 0xB2, 0x64, 0xE1,
    0x93, 0x5E, 0x2C, 0xC4, 0x64, 0x41, 0x52, 0x02, 0x3B, 0xB4, 0x53, 0x11, 0x63, 0xF5, 0x17, 0x94,
    0x94, 0xC9, 0x42, 0x97, 0xD4, 0x47, 0x09, 0xCA, 0x8B, 0x05, 0xDD, 0x8B, 0x85, 0x3A, 0x59, 0xE8,
    0x92, 0x85, 0x90, 0x2C, 0xF8, 0xBD, 0x05, 0xEA, 0x64, 0xA1, 0x4B, 0x16, 0xF6, 0x17, 0xF6, 0x31,
    0xC0, 0x08, 0x70, 0x0E, 0x30, 0x03, 0xB8, 0x05, 0xD7, 0x2D, 0x1F, 0x30, 0xE4, 0x9E, 0x12, 0xE5,
    0xA9, 0x50, 0x8E, 0x96, 0xC2, 0xD1, 0xA0, 0x7B, 0x09, 0x46, 0xD8, 0x30, 0xB0, 0x4A, 0x61, 0xA4,
    0x84, 0x40, 0x45, 0x16, 0x68, 0x53, 0x61, 0x93, 0x6A, 0xDA, 0x54, 0x73, 0x8A, 0xE9, 0xA9, 0xFB,
    0x05, 0x98, 0xB8, 0x85, 0x2C, 0x0E, 0x00, 0x3C, 0x01, 0xD4, 0x00, 0x89, 0x0C, 0x2A, 0x80, 0x9F,
    0xBE, 0x29, 0xF1, 0xDF, 0x03, 0x98, 0x03, 0xFC, 0xDA, 0x81, 0xFA, 0xDA, 0xC3, 0x2D, 0x1E, 0xBC,
    0x19, 0xF1, 0xCC, 0x3F, 0x01, 0xF5, 0x5D, 0x80, 0xDC, 0x0D, 0x00, 0x6F, 0x6A, 0xD2, 0x97, 0xA4,
    0xD4, 0x74, 0x9E, 0xDB, 0xEC, 0xDB, 0xC4, 0xD5, 0x77, 0x94, 0x34, 0xB4, 0xD2, 0xD7, 0x54, 0x59,
    0x98, 0x96, 0x6B, 0x23, 0x8A, 0xE6, 0x4F, 0x41, 0x7F, 0x09, 0xC5, 0x1A, 0x54, 0x10, 0xF8, 0x17,
    0x1F, 0x9D, 0x09, 0xC6, 0x0A, 0x48, 0xD4, 0xC9, 0xBD, 0x20, 0xE5, 0xC4, 0xA7, 0x82, 0xAD, 0xE4,
    0xD5, 0x92, 0x63, 0xAC, 0xF4, 0xDE, 0x20, 0x51, 0x50, 0x52, 0x53, 0xF1, 0xE5, 0x74, 0x6B, 0xCD,
    0x77, 0x96, 0x86, 0x17, 0xBF, 0x73, 0xC0, 0xDB, 0x3B, 0xA0, 0x8E, 0x1E, 0x3E, 0x55, 0x03, 0x8C,
    0x89, 0x39, 0x08, 0x75, 0x16, 0xB4, 0x13, 0x89, 0x79, 0xF2, 0x91, 0x0C, 0x7D, 0x33, 0x40, 0xF1,
    0x4B, 0x2F, 0xE1, 0xD1, 0x88, 0xE8, 0x88, 0x51, 0x63, 0x6B, 0x8B, 0x41, 0xF2, 0x4A, 0x11, 0xA7,
    0x4A, 0xA1, 0x7D, 0x50, 0xF6, 0x34, 0x8B, 0x08, 0x4D, 0x3D, 0x42, 0xC7, 0x5E, 0x8C, 0x71, 0xEF,
    0x9A, 0xB9, 0x4F, 0xC1, 0x02, 0xD4, 0x80, 0x01, 0x94, 0x03, 0x7A, 0x00, 0x58, 0x7C, 0xDE, 0xAB,
    0xF8, 0xEF, 0x56, 0xFB, 0x05, 0x25, 0x73, 0x4E, 0xA9, 0x69, 0xA8, 0xE8, 0x68, 0x59, 0xD1, 0xB0,
    0xA6, 0x63, 0x64, 0xC3, 0x2A, 0x97, 0x2D, 0x3D, 0x32, 0xDF, 0x5C, 0xA0, 0x87, 0xC0, 0xF5, 0xEB,
    0x86, 0x17, 0xD8, 0x9B, 0x71, 0xA9, 0x01, 0x4C, 0x72, 0xDF, 0xC0, 0xE3, 0x77, 0x6E, 0xC6, 0xF5,
    0x16, 0x30, 0xFF, 0xDC, 0xF2, 0x2C, 0x82, 0xFB, 0x12, 0xE0, 0x66, 0x7C, 0xCD, 0x3D, 0x41, 0x05,
    0x27, 0x77, 0x6F, 0xC4, 0x23, 0x61, 0xFF, 0x2A, 0xF0, 0xA1, 0xE0, 0x84, 0x69, 0xBB, 0xF0, 0x37,
    0xE3, 0x5C, 0x7C, 0x52, 0x0F, 0x2A, 0xFE, 0x43, 0x5C, 0x6B, 0x7F, 0xE5, 0x2F, 0x53, 0x69, 0x73,
    0xCA, 0x29, 0xAB, 0x86, 0xA6, 0x08, 0x1D, 0x8B, 0xE8, 0x56, 0x5C, 0x3D, 0x65, 0x2D, 0x9D, 0x31,
    0x93, 0xB0, 0x52, 0x1B, 0xB8, 0x3C, 0xDC, 0xF1, 0x78, 0xBE, 0xFE, 0x3E, 0xFA, 0xF2, 0xDB, 0x6F,
    0x76, 0x96, 0x85, 0x70, 0x04, 0xE3, 0x0F, 0xAE, 0x5F, 0x5D, 0xA7, 0x31, 0xC2, 0x1A, 0x2E, 0xE1,
    0xB3, 0xCC, 0xD6, 0xB1, 0x2F, 0x76, 0xE4, 0x0E, 0xE5, 0x21, 0xA4, 0x51, 0x0F, 0xD4, 0x3D, 0x74,
    0x50, 0x81, 0x81, 0xDC, 0x02, 0x2C, 0xBC, 0x8A, 0xA3, 0x76, 0xAB, 0x92, 0xF3, 0x96, 0xB1, 0x2B,
    0xC2, 0x55, 0xEC, 0xC5, 0xC0, 0x48, 0x1A, 0x89, 0x8A, 0xBE, 0x8E, 0xAE, 0x10, 0x51, 0x2E, 0xC9,
    0x02, 0x45, 0xCF, 0x3B, 0xBC, 0x5A, 0xA1, 0x71, 0x49, 0x7B, 0x5C, 0x66, 0xFD, 0x4F, 0x5F, 0xAD,
    0xF0, 0xE2, 0x44, 0xCE, 0xF3, 0xE4, 0xF8, 0x95, 0xAA, 0x0A, 0x97, 0x7B, 0x02, 0x07, 0x90, 0x0F,
    0xCA, 0x4F, 0x1F, 0x49, 0xDD, 0x74, 0xCF, 0x63, 0x28, 0xA9, 0x68, 0x69, 0xA4, 0x63, 0x7A, 0x2A,
    0x58, 0x82, 0x05, 0xAE, 0x7F, 0x39, 0xCA, 0x28, 0x1C, 0xBA, 0xC7, 0x58, 0x0C, 0x2F, 0xFF, 0xE2,
    0x94, 0xC1, 0x06, 0xB5, 0xA5, 0xD4, 0xBC, 0x9F, 0xD9, 0x57, 0x2A, 0xD4, 0x85, 0x35, 0xBA, 0x7F,
    0xB7, 0x78, 0x45, 0x39, 0x00, 0x53, 0x48, 0x42, 0x04, 0x35, 0x42, 0xBD, 0x86, 0xF3, 0x86, 0x29,
    0x0B, 0x03, 0x57, 0x7F, 0x8C, 0x8E, 0xDF, 0x53, 0xDA, 0x2B, 0x5A, 0xE6, 0x74, 0xD4, 0xAC, 0xA8,
    0x18, 0x69, 0x05, 0x0D, 0x6B, 0xE9, 0x9F, 0xAA, 0xC0, 0x3C, 0x8A, 0xCC, 0x16, 0xC8, 0x38, 0xC0,
    0x0C, 0x03, 0x55, 0x74, 0x1C, 0x97, 0x96, 0x7D, 0xCB, 0xBF, 0xDD, 0xA1, 0x7E, 0x15, 0x7B, 0xB5,
    0xD5, 0xAE, 0x08, 0xCA, 0x15, 0xBE, 0x70, 0x5A, 0xBA, 0xE9, 0xFF, 0x77, 0xBD, 0x2C, 0x49, 0x28,
    0xA9, 0xA8, 0x69, 0xA9, 0x04, 0x2D, 0x1D, 0x0D, 0xB4, 0x50, 0x82, 0xB6, 0x64, 0xCF, 0xFF, 0x9D,
    0xD6, 0xC6, 0x7D, 0x5A, 0x53, 0xB5, 0x94, 0x1D, 0xE5, 0x2A, 0x8D, 0x4A, 0xEC, 0x88, 0x9B, 0x15,
    0xEB, 0x36, 0x0F, 0xD3, 0x65, 0x02, 0x3A, 0xB2, 0x80, 0x72, 0xDC, 0xE2, 0xD5, 0x0A, 0xB5, 0xA3,
    0x0E, 0x2C, 0x1F, 0x66, 0xFD, 0x9D, 0x57, 0x54, 0xCC, 0xE0, 0xEA, 0x67, 0x64, 0xFF, 0xB1, 0x23,
    0xFF, 0xF9, 0x1A, 0x80, 0xBD, 0x34, 0x42, 0x81, 0x70, 0x20, 0x24, 0x08, 0x0B, 0x9D, 0x40, 0x78,
    0x5E, 0xF8, 0x53, 0x0A, 0x17, 0x42, 0x86, 0xB0, 0x31, 0xD1, 0x3D, 0x94, 0x63, 0x0D, 0x67, 0x1F,
    0xBE, 0x9A, 0x8B, 0x43, 0x60, 0x0E, 0x1C, 0x02, 0xBC, 0xF8, 0xE9, 0x13, 0x00, 0x78, 0x39, 0xC7,
    0x52, 0xFE, 0xDA, 0x21, 0x39, 0x2A, 0xD4, 0x56, 0xBB, 0x79, 0x6F, 0xEC, 0x33, 0x57, 0xE6, 0xFF,
    0xE4, 0x2A, 0xFD, 0x0B, 0x37, 0x3B, 0x2C, 0xFA, 0xB6, 0x31, 0x76, 0x16, 0x0C, 0xB5, 0x4F, 0x0F,
    0xDA, 0x4B, 0xCA, 0x18, 0x68, 0xAF, 0x7A, 0xDE, 0x07, 0x28, 0x01, 0x6D, 0x41, 0x39, 0xC0, 0x02,
    0xA0, 0xA7, 0x8B, 0xAA, 0xF7, 0xB7, 0x84, 0xA1, 0x92, 0x38, 0xDB, 0x5F, 0xD4, 0x46, 0x7A, 0x27,
    0x7D, 0xB5, 0x5F, 0xBD, 0x2E, 0xA7, 0xD5, 0x2B, 0x50, 0x3E, 0x7F, 0x82, 0xAC, 0x20, 0xF7, 0x90,
    0x71, 0x33, 0x2E, 0x15, 0xF6, 0x4F, 0x90, 0x23, 0x78, 0x70, 0xEB, 0x66, 0x5C, 0x47, 0xB7, 0xA1,
    0xA9, 0xE0, 0xC3, 0xBB, 0x37, 0xE3, 0x21, 0x0F, 0xA9, 0x1A, 0x0E, 0xAF, 0xDF, 0x75, 0x96, 0x54,
    0xAC, 0x68, 0x38, 0x67, 0x4D, 0x97, 0x05, 0x1A, 0x35, 0xD0, 0x14, 0x8E, 0xC6, 0x58, 0x66, 0x25,
    0xCC, 0x5A, 0x38, 0xEC, 0x04, 0x4B, 0xB8, 0x1D, 0xC0, 0x78, 0x81, 0x13, 0x00, 0x15, 0xD0, 0x00,
    0x6B, 0x58, 0x04, 0x41, 0x0F, 0x94, 0x3F, 0xF6, 0xA1, 0x79, 0x61, 0xF9, 0x9B, 0xE8, 0x79, 0xF6,
    0x51, 0x60, 0x43, 0xC8, 0xC6, 0xFD, 0x77, 0x6B, 0x4F, 0x50, 0x2E, 0x13, 0xE4, 0x43, 0xE1, 0x94,
    0x9F, 0x6E, 0xC8, 0xA1, 0xB6, 0x66, 0xB1, 0xC5, 0x98, 0xE1, 0xFF, 0xFC, 0x66, 0x4D, 0xEE, 0x06,
    0xD4, 0xB7, 0x81, 0xBC, 0xF7, 0xBF, 0x8D, 0x39, 0xFC, 0x0F, 0xBD, 0xDA, 0x8D, 0xAB, 0xE4, 0xD6,
    0x79, 0xC7, 0xF1, 0x8F, 0x74, 0x6C, 0x8B, 0x58, 0xCD, 0x1E, 0x03, 0x06, 0x5A, 0xE2, 0x5D, 0x05,
    0x30, 0xEF, 0xBB, 0x33, 0xBC, 0x18, 0x58, 0x40, 0x73, 0x47, 0x24, 0xBC, 0x07, 0x88, 0xFF, 0x83,
    0xE6, 0x3F, 0x48, 0x80, 0x05, 0x6E, 0x61, 0xD6, 0xA3, 0x12, 0x20, 0x80, 0x81, 0xEE, 0x9F, 0x60,
    0xA0, 0xBC, 0x96, 0xB6, 0x5B, 0xB8, 0xD0, 0x81, 0x6C, 0x3D, 0x8A, 0x4B, 0x09, 0x34, 0x40, 0xD4,
    0xA6, 0x50, 0x20, 0x94, 0xAA, 0x4D, 0xA0, 0x40, 0x09, 0x55, 0x1B, 0x95, 0x4C, 0x92, 0xB9, 0x57,
    0x9D, 0xF1, 0x0C, 0xB7, 0x77, 0x37, 0x77, 0xED, 0x6C, 0xF6, 0xDA, 0x47, 0x7A, 0x0E, 0xDC, 0xD9,
    0x99, 0xE7, 0xF9, 0xFE, 0x8E, 0xCE, 0x73, 0xF4, 0x1C, 0x69, 0x59, 0x9E, 0xB3, 0xDE, 0xBA, 0x6C,
    0xB1, 0x66, 0xDA, 0x30, 0x6F, 0xF8, 0xEB, 0x86, 0x9F, 0x37, 0xD2, 0x1F, 0xB5, 0xC2, 0x47, 0xAD,
    0xF8, 0x95, 0x4E, 0x91, 0x74, 0x66, 0x49, 0x6F, 0x39, 0xF6, 0xC6, 0xB1, 0x4F, 0x3A, 0x7D, 0x68,
    0x0C, 0x79, 0x6D, 0x88, 0xAC, 0xA6, 0xAC, 0x66, 0x2C, 0xF6, 0x6E, 0xF7, 0x76, 0xD9, 0x96, 0xDF,
    0xAE, 0xC3, 0xF8, 0x1F, 0x55, 0xDE, 0x2E, 0x15, 0xE6, 0x4E, 0x4C, 0x95, 0x26, 0x16, 0x66, 0x56,
    0x4A, 0x1B, 0x0B, 0x83, 0xAD, 0x55, 0xBA, 0xB1, 0xC8, 0x07, 0xF3, 0xED, 0x63, 0x79, 0xD7, 0xE3,
    0x8D, 0x57, 0x79, 0x70, 0x9B, 0xF9, 0x96, 0xBC, 0xBB, 0x71, 0xCE, 0x07, 0xB7, 0x0E, 0xAE, 0x8B,
    0xEE, 0x06, 0x58, 0x6F, 0x88, 0x89, 0x8E, 0x50, 0x93, 0x23, 0x22, 0x76, 0xA4, 0xDD, 0xEF, 0xCC,
    0x95, 0x36, 0xE4, 0xF8, 0x22, 0x6E, 0xA3, 0x68, 0xC8, 0x1B, 0xF8, 0x80, 0xB4, 0x27, 0x6B, 0xB8,
    0x83, 0x37, 0x5D, 0xB6, 0x74, 0xEC, 0x4C, 0xC7, 0x8D, 0x0F, 0x7D, 0x39, 0xED, 0xC9, 0x5A, 0x62,
    0x4D, 0x81, 0x09, 0x66, 0x47, 0x2B, 0x8F, 0x36, 0xC3, 0x09, 0xA6, 0x88, 0xED, 0xAB, 0xC2, 0x78,
    0xC1, 0x7A, 0x83, 0x8D, 0xB4, 0x93, 0xD7, 0xBE, 0x00, 0x96, 0x5D, 0x18, 0xFB, 0xD8, 0xBE, 0x51,
    0x70, 0x90, 0xBA, 0x62, 0xC5, 0xC0, 0x86, 0x27, 0xBC, 0x97, 0x54, 0xD3, 0xB1, 0xCE, 0x2E, 0xF0,
    0x3A, 0xE6, 0x15, 0xBF, 0x6E, 0x84, 0xB6, 0xF3, 0xAA, 0x6F, 0xDC, 0x38, 0x5C, 0x6C, 0xCC, 0x5B,
    0x7D, 0x9F, 0xD6, 0x6F, 0xBF, 0x20, 0xDC, 0x2D, 0x4C, 0x71, 0x07, 0xDC, 0x38, 0x58, 0x5E, 0x89,
    0xB5, 0xDC, 0x8B, 0x51, 0x25, 0xD5, 0x9B, 0x92, 0x6E, 0xE0, 0xBB, 0x2D, 0xF3, 0x8A, 0x3F, 0xB8,
    0x79, 0xB2, 0xEE, 0x9E, 0xD3, 0xDE, 0xB4, 0xF1, 0xFA, 0x0B, 0xC2, 0x85, 0xFA, 0x4C, 0xF2, 0x93,
    0x96, 0xB1, 0xE2, 0x21, 0x80, 0x64, 0xFC, 0xA5, 0x74, 0x1C, 0xEB, 0xB4, 0xCD, 0xBB, 0xD0, 0x26,
    0x7D, 0x68, 0x6C, 0xB2, 0xC6, 0x93, 0xBC, 0xB6, 0x88, 0xD5, 0xCE, 0x78, 0x12, 0x59, 0x15, 0x6C,
    0x26, 0x92, 0x7E, 0x26, 0xF4, 0xA5, 0xBC, 0x2D, 0x4D, 0xEB, 0x45, 0x72, 0x61, 0x3D, 0x0E, 0xC6,
    0x8B, 0x0A, 0x49, 0xDF, 0x93, 0xFE, 0x7B, 0x4B, 0xF8, 0x51, 0x4D, 0xF8, 0x7B, 0x84, 0x86, 0xE5,
    0x77, 0x1A, 0x61, 0xFC, 0xCF, 0x5A, 0x6C, 0x97, 0x95, 0xC2, 0x9C, 0x13, 0x53, 0x4A, 0x13, 0x9E,
    0x98, 0xB1, 0x32, 0x63, 0x63, 0xC1, 0x60, 0xCB, 0x3E, 0x7F, 0xEC, 0x13, 0xC8, 0x7C, 0xDB, 0x3B,
    0xA6, 0xF6, 0xF2, 0xA2, 0xB2, 0x1E, 0x3B, 0x67, 0xE9, 0xC6, 0x60, 0xA1, 0x77, 0x92, 0xF4, 0xA6,
    0x69, 0xA7, 0x08, 0xAD, 0x62, 0x3E, 0x36, 0xD3, 0x9D, 0x4D, 0xB2, 0xC6, 0xC9, 0x11, 0x7D, 0x1B,
    0xA5, 0x43, 0x94, 0x77, 0x85, 0x65, 0x3D, 0x1D, 0xCF, 0xCD, 0xC7, 0x47, 0x48, 0x3A, 0xE9, 0x9F,
    0x6D, 0x64, 0xE3, 0xF6, 0x80, 0x97, 0x35, 0x96, 0xEF, 0xD7, 0x3B, 0xC0, 0x2A, 0xFE, 0xD6, 0x79,
    0xDD, 0x1F, 0xA0, 0xA6, 0xE3, 0xC1, 0x00, 0xC9, 0x7E, 0x18, 0xC7, 0xB1, 0x4A, 0x5B, 0x42, 0x73,
    0xE9, 0x5D, 0x5E, 0x13, 0xC7, 0xCD, 0xC1, 0x70, 0x07, 0x93, 0x67, 0xAE, 0xF7, 0x02, 0xEB, 0xB1,
    0x35, 0x8E, 0x0D, 0xE3, 0x66, 0x7F, 0x02, 0xCB, 0x36, 0x8C, 0x43, 0xDE, 0xAC, 0x0A, 0xA7, 0x33,
    0xC3, 0x22, 0xEB, 0xD7, 0x63, 0xBD, 0xFE, 0xA9, 0x81, 0xE1, 0x70, 0x81, 0xED, 0xB4, 0x35, 0xD9,
    0x45, 0xE5, 0xCD, 0xA4, 0x72, 0x2F, 0xAB, 0xC4, 0x0B, 0x5E, 0x1B, 0x6E, 0x9E, 0xAA, 0xBB, 0x6B,
    0xBD, 0x31, 0x6D, 0x5F, 0x18, 0x4C, 0x4F, 0xD2, 0xA3, 0xBB, 0x79, 0xA8, 0xAC, 0x16, 0x1B, 0x59,
    0xF5, 0x42, 0x44, 0x37, 0x16, 0xFD, 0x75, 0xDC, 0xC7, 0xE3, 0xA3, 0xAD, 0x31, 0xF9, 0xED, 0x49,
    0xC6, 0xCA, 0x5B, 0x3C, 0xA0, 0xA7, 0xE7, 0x82, 0x87, 0xDC, 0x0E, 0x8D, 0x58, 0x90, 0x6D, 0x09,
    0xFD, 0xCD, 0x8F, 0x58, 0x7F, 0x4F, 0x39, 0x98, 0xB6, 0x5E, 0x7F, 0xFE, 0xA0, 0xFD, 0xE9, 0xB5,
    0x97, 0xF1, 0xB5, 0x8A, 0xA2, 0xE1, 0xBD, 0x4E, 0xD2, 0x3D, 0x96, 0x56, 0x6F, 0x5E, 0x59, 0xDD,
    0x7E, 0x6A, 0x9F, 0x62, 0x1F, 0xFA, 0xFD, 0x74, 0xB8, 0x6E, 0x75, 0x9B, 0x6F, 0x66, 0x96, 0x43,
    0x49, 0x5F, 0x4A, 0xFA, 0x99, 0xA4, 0x3B, 0x91, 0x76, 0x53, 0xA1, 0x8D, 0x6D, 0xD6, 0x84, 0x3D,
    0xD9, 0xF2, 0x97, 0xD8, 0x1C, 0x84, 0xDF, 0x89, 0xBC, 0x9D, 0x02, 0x45, 0xD7, 0x19, 0x7F, 0xD9,
    0x86, 0xA1, 0x68, 0xB3, 0x26, 0x36, 0xB1, 0xCE, 0x9B, 0x28, 0xAF, 0x0B, 0xB1, 0x9A, 0x88, 0x4E,
    0x14, 0x7B, 0xFF, 0x26, 0x3E, 0x54, 0xA4, 0xE7, 0xE2, 0x58, 0x4A, 0x37, 0x25, 0x4E, 0x71, 0x86,
    0xDE, 0x37, 0xB2, 0xCE, 0x72, 0x6C, 0x14, 0xE7, 0xD0, 0xDC, 0xA5, 0x3B, 0x65, 0xDD, 0x33, 0xAD,
    0x6F, 0x5C, 0xC3, 0x5B, 0xA1, 0x16, 0x47, 0xB2, 0x0D, 0x7C, 0x46, 0x1A, 0xB2, 0xEA, 0x40, 0x17,
    0xC1, 0x8D, 0x6B, 0xF0, 0x18, 0x03, 0x3E, 0x70, 0xF3, 0xFC, 0x4F, 0x71, 0xBE, 0x75, 0x2D, 0xE7,
    0x91, 0xB5, 0x3C, 0xB2, 0xCE, 0x24, 0xFD, 0xFF, 0x73, 0x86, 0x23, 0xE7, 0xAF, 0x80, 0xD7, 0xB8,
    0x9C, 0xF9, 0x25, 0xBE, 0x05, 0xB7, 0x71, 0x1F, 0x3D, 0xC9, 0xA3, 0xCF, 0x46, 0x83, 0x39, 0xAC,
    0x2B, 0xD2, 0x9F, 0x34, 0xE4, 0x55, 0xC7, 0x65, 0x4B, 0x7A, 0x51, 0xD2, 0x29, 0xA4, 0xAD, 0x89,
    0xD0, 0x9A, 0x09, 0x8D, 0x52, 0xD6, 0x58, 0xC8, 0x6B, 0x2B, 0x71, 0x1C, 0x37, 0xFB, 0x6E, 0x10,
    0xE9, 0xDD, 0x91, 0xF4, 0x26, 0xD2, 0xCE, 0x4C, 0x68, 0x95, 0xC7, 0xAE, 0xB1, 0x90, 0x35, 0x56,
    0xF2, 0xDA, 0x20, 0x1E, 0x8B, 0x8A, 0x39, 0x7E, 0x5D, 0xCB, 0x3E, 0x6A, 0xBD, 0xEA, 0x5D, 0x97,
    0x6D, 0x81, 0x15, 0x06, 0xF4, 0x47, 0xF9, 0xFF, 0x76, 0x21, 0xFD, 0xF1, 0x58, 0x87, 0x9F, 0xE5,
    0x4D, 0xE8, 0x43, 0x93, 0xB5, 0xA1, 0xC9, 0x9B, 0xAC, 0xC9, 0xEB, 0xBC, 0x8E, 0xD5, 0xEE, 0x10,
    0x15, 0xA2, 0x89, 0xC2, 0xCC, 0x44, 0x69, 0xA6, 0x54, 0x1E, 0x14, 0xA4, 0x97, 0x0A, 0xE6, 0xE3,
    0x38, 0x76, 0xCB, 0x5D, 0xD7, 0x1E, 0x15, 0x78, 0xF2, 0x94, 0x82, 0xE4, 0x13, 0x14, 0x9C, 0x3E,
    0xA3, 0xE0, 0x48, 0x99, 0x8F, 0x1B, 0xAF, 0xFF, 0xEA, 0x03, 0xC9, 0xA7, 0x51, 0x7A, 0x3E, 0xA5,
    0x57, 0xB0, 0xFC, 0x6A, 0xE5, 0xD7, 0xA3, 0xA4, 0x79, 0xE2, 0xB2, 0x8D, 0x03, 0xDF, 0x7C, 0x44,
    0x44, 0xF1, 0xCC, 0x9A, 0xB8, 0xB8, 0x72, 0x51, 0x07, 0x97, 0xF7, 0xA7, 0xB4, 0x23, 0x1C, 0x97,
    0xD7, 0x2F, 0xFD, 0x94, 0xE5, 0x96, 0xC4, 0x1B, 0xB1, 0xEB, 0x26, 0x63, 0xF3, 0x4E, 0x51, 0x01,
    0x69, 0x27, 0xB4, 0x42, 0xB3, 0x3F, 0xB3, 0x46, 0x5E, 0x8B, 0x95, 0x48, 0xA4, 0x60, 0xC2, 0x8C,
    0x92, 0x12, 0xCB, 0x73, 0xEB, 0xED, 0x25, 0xCF, 0x1E, 0xE7, 0x99, 0x2F, 0x2D, 0x38, 0xE5, 0x8C,
    0x81, 0x5E, 0xD2, 0x5F, 0x3A, 0xDF, 0xC7, 0x5F, 0x6E, 0xC5, 0xB1, 0x2E, 0xC6, 0xEA, 0xC5, 0x82,
    0xBE, 0xF1, 0xAA, 0x07, 0xB7, 0xCD, 0xB7, 0xF2, 0xEE, 0x65, 0x42, 0xFF, 0x5E, 0xDA, 0xDC, 0xCA,
    0xEA, 0x7C, 0x94, 0x6E, 0x5E, 0x44, 0xF5, 0xEF, 0x1A, 0x2E, 0x6D, 0x44, 0x6E, 0x73, 0x8F, 0x69,
    0x23, 0x6F, 0xB8, 0xE3, 0xC4, 0x5B, 0x58, 0x19, 0xF4, 0xFA, 0xA4, 0x4F, 0xBB, 0xB0, 0xCF, 0xFD,
    0x8F, 0x67, 0xC5, 0x61, 0x46, 0xDC, 0x72, 0xDF, 0x63, 0xBD, 0xB5, 0x09, 0x69, 0x23, 0xB4, 0xD2,
    0xFA, 0x65, 0x54, 0xFF, 0x66, 0x88, 0xC2, 0xC4, 0x71, 0xAA, 0x8D, 0x43, 0xB4, 0xF3, 0x59, 0x10,
    0x4D, 0x28, 0xCC, 0x98, 0x28, 0x99, 0x1D, 0xA4, 0x2F, 0x58, 0x58, 0x71, 0x6A, 0xE0, 0x4C, 0xCF,
    0x90, 0xF4, 0xF6, 0xE4, 0xF6, 0xF0, 0xF6, 0xCE, 0xED, 0xFD, 0xDB, 0x05, 0xD8, 0x47, 0xCC, 0x6B,
    0xCB, 0xED, 0xAE, 0x23, 0x56, 0x28, 0xE0, 0x21, 0xE6, 0x1B, 0x4C, 0x1F, 0xE1, 0xF4, 0x58, 0x8E,
    0x7F, 0x2B, 0xD4, 0x90, 0x76, 0x51, 0x68, 0x0B, 0xA1, 0x99, 0xEC, 0xEC, 0x9E, 0xAC, 0x29, 0xE5,
    0x75, 0x29, 0x56, 0x0B, 0xD1, 0x4A, 0x74, 0xA6, 0xD0, 0x9B, 0xE8, 0xCD, 0x92, 0x5E, 0x99, 0x76,
    0xCA, 0xF0, 0x4C, 0xC5, 0x10, 0x2B, 0xE9, 0xE8, 0x78, 0x5D, 0xE7, 0x58, 0x57, 0xFB, 0x15, 0xEC,
    0xA9, 0x05, 0xEC, 0x32, 0x45, 0x56, 0xBF, 0x99, 0x22, 0x69, 0x4B, 0x68, 0x9F, 0xA9, 0x40, 0xAA,
    0xA3, 0x5D, 0x9F, 0x6D, 0xC9, 0xC0, 0xD8, 0xB1, 0xAE, 0x60, 0x4B, 0x38, 0xA7, 0xC8, 0xD9, 0xD7,
    0xAC, 0x5C, 0x4D, 0xBD, 0x6B, 0xFC, 0xBA, 0xDE, 0x6F, 0xF9, 0x34, 0x62, 0xD2, 0x33, 0x3F, 0xEE,
    0xBB, 0x92, 0xDE, 0x36, 0xED, 0x42, 0x9F, 0x76, 0xB1, 0x09, 0xED, 0x5C, 0x68, 0x9E, 0xC8, 0x3E,
    0xEA, 0xE5, 0xEF, 0x37, 0xE2, 0x37, 0x89, 0x23, 0xF1, 0xBF, 0x28, 0xBE, 0x56, 0x9B, 0x64, 0x8D,
    0x59, 0x68, 0x95, 0xFB, 0xF1, 0x32, 0x58, 0x58, 0x59, 0x59, 0x18, 0x9C, 0x00, 0xEF, 0x1E, 0xE5,
    0x77, 0x47, 0xB4, 0x6B, 0xD6, 0xD9, 0x64, 0x6F, 0x5D, 0xAC, 0xD3, 0xF6, 0x44, 0x68, 0x37, 0xC2,
    0x47, 0x9D, 0xEC, 0x07, 0x8D, 0xFC, 0x2F, 0xC9, 0x2F, 0x0E, 0xB1, 0xE2, 0xD7, 0x2B, 0x45, 0xD6,
    0x98, 0x84, 0xD6, 0x2C, 0x3D, 0xC4, 0x2A, 0xAD, 0x80, 0x37, 0x2E, 0x6F, 0x31, 0xD2, 0x86, 0x50,
    0xB1, 0x63, 0xAF, 0xC3, 0xDE, 0x5F, 0xF3, 0xB4, 0xBF, 0xF8, 0x69, 0xFE, 0x42, 0x2B, 0xD6, 0x26,
    0x3C, 0x00, 0x8E, 0xD3, 0xFC, 0x38, 0xD3, 0x3F, 0x2D, 0x7D, 0x17, 0xAC, 0xC7, 0x76, 0x1C, 0x1B,
    0xC9, 0x23, 0x7B, 0x57, 0x95, 0x7B, 0xBC, 0x0D, 0xB0, 0x60, 0xC5, 0x40, 0x7F, 0x4C, 0xA0, 0x67,
    0xDC, 0xE6, 0x95, 0x58, 0x5D, 0xE3, 0xF6, 0x77, 0x64, 0x40, 0x25, 0xDD, 0xFF, 0x44, 0x5E, 0xF9,
    0x22, 0x57, 0xF2, 0x71, 0x61, 0x65, 0x38, 0xAC, 0x0B, 0x69, 0x1B, 0xDA, 0xAB, 0x49, 0xCB, 0xAB,
    0xEE, 0x28, 0x3D, 0xD0, 0x49, 0xFA, 0x22, 0xED, 0x66, 0x69, 0x77, 0x1A, 0xDA, 0xFE, 0x05, 0x22,
    0x2F, 0x16, 0x56, 0x83, 0xFF, 0xED, 0xFC, 0xBC, 0xBE, 0x09, 0xA1, 0x5D, 0x4C, 0xFB, 0x98, 0xB4,
    0xCF, 0x0F, 0xF7, 0x9C, 0x71, 0xFD, 0x7E, 0x95, 0xFD, 0xB0, 0xC9, 0xDF, 0xAF, 0x9E, 0x17, 0xEE,
    0xF8, 0xC3, 0x67, 0x56, 0xB4, 0x1F, 0xD7, 0x61, 0x94, 0x0D, 0xA6, 0x8D, 0x75, 0xAD, 0x38, 0xFE,
    0x50, 0xC1, 0x74, 0x1C, 0xE6, 0x63, 0x6F, 0xF1, 0xD4, 0xAA, 0xFA, 0x4F, 0x61, 0x9B, 0x0D, 0xD3,
    0x66, 0x5D, 0x15, 0xD5, 0x53, 0x0B, 0x1E, 0x03, 0x42, 0x87, 0xBC, 0xC6, 0x6D, 0x57, 0x5A, 0x32,
    0xC8, 0xEA, 0x74, 0x23, 0xAF, 0xD2, 0xAD, 0x58, 0x85, 0x9F, 0x89, 0xC2, 0xBF, 0x2A, 0x64, 0x7F,
    0xE2, 0x8E, 0xFC, 0x6B, 0xF5, 0x3D, 0xF1, 0xAB, 0x4D, 0x29, 0x86, 0xB6, 0x14, 0xD3, 0x6E, 0xE1,
    0x8E, 0x7E, 0xE5, 0x9E, 0xE1, 0xCC, 0xCC, 0xA2, 0x57, 0x2A, 0xF7, 0x20, 0x93, 0xDE, 0xA9, 0xA2,
    0x73, 0x26, 0xB6, 0x7A, 0x79, 0x83, 0xD8, 0x30, 0xC5, 0x29, 0x1E, 0x81, 0xF4, 0x1F, 0x2E, 0x84,
    0x7D, 0x7D, 0x70, 0x9E, 0x37, 0xD9, 0xC7, 0xF5, 0x41, 0xD6, 0xE4, 0xBB, 0x23, 0x1E, 0xAB, 0x98,
    0xC2, 0xDE, 0xF6, 0xEC, 0x53, 0x33, 0x7B, 0x05, 0x33, 0x0B, 0xE5, 0x67, 0x4A, 0x09, 0xAF, 0xC0,
    0x0C, 0x4A, 0x78, 0x0C, 0xED, 0x4B, 0xF0, 0x82, 0x37, 0xB1, 0x40, 0x8F, 0x8E, 0xB4, 0x41, 0xD2,
    0x96, 0xF8, 0xAB, 0x1E, 0xF3, 0x06, 0xD3, 0xCF, 0xE9, 0x5A, 0xDC, 0x4A, 0xDB, 0x9D, 0x97, 0x4A,
    0xBA, 0xC5, 0x07, 0xBC, 0x84, 0xB6, 0xBC, 0x21, 0x56, 0x14, 0x8E, 0x8B, 0xF7, 0xD9, 0xB2, 0x7E,
    0xFC, 0x8B, 0xB1, 0x33, 0x7E, 0xA5, 0x4F, 0xB6, 0x49, 0x9F, 0x0E, 0x3B, 0xDB, 0x1D, 0xA1, 0xDB,
    0x1D, 0x6D, 0xD8, 0x79, 0xBD, 0xAC, 0x01, 0x9B, 0x58, 0xC5, 0x3A, 0xFA, 0xD8, 0xF7, 0x27, 0xAA,
    0x9D, 0x78, 0x56, 0x6D, 0x72, 0xA9, 0xD6, 0xD9, 0xE0, 0xA8, 0x76, 0xD6, 0x5B, 0x98, 0xF6, 0x4E,
    0xC5, 0x4B, 0xB5, 0x59, 0xC3, 0xA1, 0xCB, 0x6B, 0x4C, 0x11, 0xCF, 0x11, 0xBB, 0xA3, 0xE4, 0x1F,
    0xEC, 0xCB, 0xD3, 0xEC, 0xA9, 0xF2, 0x34, 0x3E, 0x55, 0x44, 0x17, 0xBF, 0x59, 0x9E, 0x5A, 0x3C,
    0x73, 0x87, 0xEA, 0x98, 0xD7, 0x24, 0xE3, 0x40, 0x3A, 0xF6, 0xAE, 0xB4, 0xD7, 0xC6, 0x9A, 0xF9,
    0x38, 0x70, 0x9E, 0x6C, 0x85, 0xDE, 0x89, 0xBC, 0x31, 0x3D, 0x24, 0xFE, 0xB1, 0xEA, 0x10, 0xCD,
    0x8E, 0x5D, 0xA1, 0x64, 0xAA, 0xE4, 0xC4, 0x8C, 0x85, 0x13, 0x36, 0xA6, 0xD2, 0x5E, 0x6C, 0x8B,
    0x56, 0x18, 0xC7, 0x8A, 0xE5, 0x80, 0xF5, 0xD6, 0xB8, 0xBD, 0xF2, 0xDC, 0x66, 0x13, 0x9B, 0x87,
    0x53, 0x93, 0x99, 0x62, 0xA1, 0x58, 0xED, 0xCF, 0xC9, 0x60, 0x36, 0x28, 0x57, 0x36, 0xB3, 0xB4,
    0xFF, 0x78, 0xC3, 0x4F, 0xD2, 0xDC, 0x27, 0x69, 0x1F, 0x60, 0xEC, 0x30, 0xAD, 0x3E, 0x1F, 0xDA,
    0xC7, 0xB7, 0xAD, 0x37, 0xA6, 0xDD, 0x0B, 0x03, 0x8B, 0xEF, 0x37, 0xDC, 0x29, 0x70, 0x5A, 0xA2,
    0xEB, 0x3E, 0x1F, 0xE0, 0xF0, 0xB7, 0xAD, 0xF8, 0xB5, 0xDA, 0xBD, 0x3B, 0x3C, 0x78, 0xC7, 0x91,
    0xDA, 0x0E, 0xDB, 0x8E, 0xDB, 0xD4, 0xC4, 0x4C, 0x61, 0xA1, 0xB0, 0xB2, 0xB7, 0x89, 0xC1, 0xEC,
    0x78, 0xBF, 0xDE, 0xD8, 0x09, 0xB0, 0x53, 0x20, 0xBB, 0xB0, 0xA7, 0x1C, 0xC7, 0xD6, 0x7C, 0xD7,
    0x37, 0xCE, 0xF5, 0x84, 0x3E, 0xE9, 0xC9, 0x9B, 0xB4, 0x23, 0x56, 0xA1, 0xA5, 0x10, 0x1A, 0x26,
    0xC2, 0x78, 0x6E, 0x26, 0x1B, 0xB7, 0x66, 0xF2, 0x9A, 0x52, 0xAC, 0xEC, 0x7B, 0xCC, 0x14, 0x38,
    0x51, 0x60, 0x1F, 0x9F, 0xD8, 0xCE, 0xD8, 0x53, 0x8F, 0x3D, 0xCB, 0x43, 0xDF, 0x7E, 0x69, 0xD8,
    0x41, 0xAE, 0xCF, 0x63, 0xF3, 0xDE, 0x30, 0x2D, 0x4C, 0x9B, 0x62, 0xA6, 0xA8, 0x26, 0x0B, 0x45,
    0xB2, 0x5D, 0x29, 0xC6, 0x7E, 0x65, 0xFA, 0xAB, 0x6A, 0x70, 0xC2, 0xBE, 0xB3, 0xB2, 0x66, 0x96,
    0x8E, 0xF5, 0x97, 0xA7, 0xE3, 0xF7, 0xC7, 0x21, 0x3B, 0x4F, 0xD6, 0x8F, 0x88, 0x35, 0x13, 0x9C,
    0x3E, 0xF3, 0x88, 0x6F, 0xE3, 0xF0, 0xC0, 0x6A, 0x5F, 0x83, 0x85, 0xE6, 0x50, 0x56, 0x87, 0x63,
    0x36, 0x4F, 0xC5, 0x71, 0xBB, 0xB3, 0xD6, 0x9D, 0x70, 0xAC, 0x61, 0x92, 0x5E, 0x69, 0x6F, 0x1B,
    0xA7, 0x9E, 0x58, 0x29, 0x0F, 0x41, 0x3D, 0x64, 0x10, 0x1A, 0xAF, 0x41, 0xFA, 0x8F, 0x9B, 0xF0,
    0xC3, 0x21, 0x9C, 0x0B, 0xBD, 0xAC, 0x95, 0x37, 0x62, 0x7D, 0xFD, 0xBD, 0xFC, 0x08, 0xE0, 0x50,
    0x04, 0x66, 0x57, 0x00, 0xF6, 0x79, 0xBB, 0x3B, 0xAA, 0xA5, 0x38, 0x6E, 0x14, 0xE3, 0x1E, 0xA0,
    0x31, 0x4B, 0xBB, 0x2B, 0x45, 0xE0, 0x93, 0xA7, 0x8B, 0xC0, 0x37, 0xAE, 0x29, 0x02, 0xCF, 0x3E,
    0xF4, 0xF3, 0x73, 0x63, 0x65, 0x2B, 0x19, 0xA4, 0xBD, 0xD0, 0x5D, 0xBF, 0x43, 0xC2, 0xAB, 0x14,
    0x94, 0xDC, 0xE7, 0x31, 0x6E, 0xA5, 0x8D, 0xFC, 0xEB, 0x84, 0x2D, 0xC9, 0x70, 0xF3, 0x83, 0xF6,
    0xA0, 0xA0, 0x5C, 0x11, 0x3B, 0x5E, 0xAB, 0x1D, 0x47, 0xCE, 0x6E, 0xE8, 0x84, 0x73, 0x42, 0x4F,
    0xD6, 0x92, 0x37, 0xC4, 0xFA, 0x93, 0x6B, 0x6C, 0x5E, 0xBB, 0xB2, 0x68, 0xF7, 0xA8, 0x5C, 0xB6,
    0x2F, 0x5D, 0xB0, 0x1E, 0xEB, 0x74, 0x48, 0xAB, 0xD0, 0x92, 0x35, 0x07, 0x0B, 0x1D, 0xE9, 0x06,
    0xEB, 0x8A, 0xE2, 0xF8, 0x87, 0x27, 0x57, 0xBC, 0x3E, 0xF1, 0x6E, 0x3A, 0x58, 0x8F, 0x9D, 0xE9,
    0x85, 0xCB, 0xD7, 0x54, 0x95, 0x2F, 0x40, 0x32, 0x3E, 0xCA, 0xC6, 0x3E, 0x56, 0xEF, 0x16, 0x44,
    0x62, 0x2B, 0x6C, 0x58, 0x13, 0x1B, 0xD9, 0xFE, 0x7C, 0x14, 0x9B, 0x71, 0xF4, 0xCD, 0x0D, 0xBE,
    0x41, 0xBA, 0x25, 0xFF, 0x73, 0x26, 0x91, 0xB7, 0x93, 0x9B, 0x87, 0x8B, 0xB5, 0x79, 0x9B, 0xF4,
    0x7D, 0x5A, 0xBD, 0xFD, 0x22, 0x70, 0x37, 0x07, 0xD0, 0x92, 0x74, 0xB8, 0x8F, 0x53, 0xE2, 0x40,
    0x6C, 0x5F, 0x84, 0x24, 0xD4, 0xB2, 0x86, 0x4E, 0xD2, 0x9B, 0xB7, 0xE6, 0x15, 0xAF, 0xA8, 0xC5,
    0xBC, 0x96, 0xFD, 0x05, 0x61, 0x83, 0x47, 0x37, 0x3F, 0x70, 0xDD, 0x5D, 0x7F, 0xD4, 0x9B, 0x37,
    0x5E, 0xE7, 0x45, 0x70, 0x8B, 0x71, 0xEC, 0xA6, 0xE3, 0xD8, 0x3E, 0x77, 0x4F, 0x59, 0x3E, 0x67,
    0x0F, 0xD6, 0x3F, 0xB3, 0x95, 0xAC, 0xC9, 0x6A, 0x92, 0xEE, 0x60, 0xC7, 0xFD, 0x21, 0xEF, 0xF0,
    0x58, 0xD2, 0xCB, 0xC7, 0x66, 0x3A, 0xD6, 0x9F, 0xB0, 0x27, 0x99, 0x52, 0x6C, 0x64, 0x83, 0x40,
    0x5E, 0x4B, 0x5A, 0x69, 0x6B, 0xDE, 0x38, 0x41, 0x77, 0x8F, 0xD3, 0xE1, 0xE0, 0xB5, 0xA8, 0x00,
    0x2C, 0xC7, 0xB1, 0x5E, 0x8F, 0x63, 0x65, 0x76, 0x3D, 0xA8, 0x6B, 0x40, 0xB3, 0x6B, 0xF6, 0xBC,
    0xF4, 0x42, 0xEB, 0x3B, 0x55, 0xFA, 0x77, 0x42, 0x63, 0x3A, 0x5A, 0x5F, 0x5C, 0xBF, 0x09, 0x58,
    0xB0, 0xE2, 0x09, 0xCB, 0x4E, 0xD1, 0x7E, 0x32, 0xC0, 0x60, 0x7F, 0x79, 0x76, 0xD6, 0x7E, 0xCA,
    0xA6, 0xFB, 0xF9, 0xA3, 0x34, 0xBF, 0xB0, 0x3C, 0x17, 0xAB, 0x6B, 0x46, 0x09, 0xAF, 0x10, 0x36,
    0x77, 0xC9, 0xD7, 0x03, 0xB7, 0xB2, 0x8E, 0xCB, 0x96, 0x76, 0xA2, 0xB4, 0x55, 0x08, 0xAD, 0x89,
    0xD0, 0x98, 0xC9, 0x1A, 0xA5, 0xBC, 0x56, 0x8A, 0x95, 0x85, 0xC8, 0x4A, 0x64, 0x50, 0xD0, 0x9B,
    0x48, 0x7A, 0x33, 0x69, 0xA7, 0xBC, 0x7C, 0x86, 0x7A, 0x22, 0xD6, 0xA6, 0xF5, 0x92, 0x38, 0x9E,
    0x93, 0x8C, 0x1D, 0x5E, 0x51, 0x99, 0x7F, 0xBB, 0xF6, 0xDD, 0x91, 0xF6, 0x21, 0x80, 0xC3, 0x43,
    0xCE, 0xFC, 0xA9, 0xC7, 0x87, 0xF7, 0x4C, 0xCC, 0x2E, 0xF7, 0x90, 0x0B, 0xAB, 0xE3, 0xAB, 0xBD,
    0x27, 0xC7, 0x57, 0x7B, 0x45, 0xD7, 0x13, 0xC6, 0x6E, 0xDF, 0xB5, 0x9F, 0x0F, 0xFD, 0xFC, 0x82,
    0xE5, 0xF9, 0x0D, 0x50, 0x57, 0xDF, 0x22, 0x34, 0x3D, 0xC9, 0xD8, 0xE0, 0x3D, 0x9F, 0x0F, 0xFF,
    0x3B, 0x39, 0xF3, 0x73, 0xF2, 0xE1, 0xA5, 0x35, 0x1C, 0xA1, 0xC7, 0x86, 0xE4, 0x7B, 0xC7, 0x8E,
    0xCF, 0x55, 0x4D, 0xD6, 0x11, 0x37, 0xBC, 0x75, 0xF7, 0x60, 0x71, 0x43, 0xD6, 0xBD, 0xA4, 0xAA,
    0x22, 0x56, 0x94, 0x33, 0xF4, 0x67, 0xA4, 0xDF, 0xFB, 0x9C, 0x66, 0x56, 0xF2, 0xDF, 0xFD, 0xA1,
    0x3C, 0xCD, 0x2B, 0xE5, 0xDD, 0x97, 0xD1, 0xF0, 0x59, 0x52, 0xDE, 0x86, 0x07, 0xD0, 0x5F, 0x76,
    0x17, 0x30, 0x7B, 0x09, 0xDE, 0xE7, 0xFD, 0xB7, 0x9B, 0x63, 0xA7, 0xE8, 0xE0, 0xF4, 0x0C, 0x49,
    0x57, 0x7A, 0xAA, 0x2D, 0x14, 0x55, 0x68, 0x17, 0xA6, 0x55, 0xD6, 0x94, 0xE6, 0x55, 0xAC, 0x4A,
    0xDF, 0xAD, 0x0A, 0xA5, 0x5F, 0x54, 0x13, 0x65, 0xFA, 0xCF, 0x75, 0xA9, 0x0C, 0xDF, 0xAF, 0x57,
    0xCA, 0xEC, 0x3B, 0x75, 0xAF, 0x8C, 0xE1, 0x8F, 0x7B, 0xE5, 0x9D, 0xF0, 0xED, 0x56, 0xB9, 0xFB,
    0x87, 0x46, 0x79, 0x1A, 0x7E, 0x50, 0x29, 0xFB, 0xF0, 0x43, 0x66, 0x7D, 0xF8, 0x17, 0x26, 0x6D,
    0xD8, 0x32, 0x6D, 0xC2, 0x86, 0x69, 0x15, 0x7A, 0xA6, 0x42, 0x07, 0x0F, 0x91, 0x8C, 0xC8, 0xBF,
    0x5A, 0x1F, 0x96, 0x32, 0xB0, 0x4A, 0x86, 0xB4, 0x5F, 0xA5, 0x43, 0x68, 0x4F, 0xC3, 0x90, 0x35,
    0xA7, 0xF9, 0x83, 0x58, 0x9D, 0xC6, 0xFB, 0xD1, 0xE9, 0xBD, 0xFB, 0x13, 0x8B, 0xF2, 0x7E, 0x69,
    0xF1, 0xE0, 0xFE, 0xA9, 0x45, 0x7F, 0x7F, 0x30, 0xEB, 0x66, 0xBD, 0x93, 0xE6, 0xA4, 0x35, 0xAF,
    0xE7, 0x8D, 0x79, 0x35, 0xAF, 0xCC, 0xCD, 0x11, 0x1B, 0xA6, 0x2D, 0x67, 0xBD, 0xB4, 0xBD, 0x8F,
    0xA3, 0x77, 0xB1, 0x5E, 0x28, 0x94, 0x66, 0x66, 0x36, 0x26, 0x49, 0xAF, 0x08, 0xAD, 0x98, 0xD7,
    0xE2, 0x1F, 0x92, 0xFF, 0x0D, 0xD9, 0x86, 0xD0, 0x3F, 0xFB, 0xB8, 0xF7, 0xD9, 0xDB, 0xD4, 0xF1,
    0x65, 0x54, 0xB8, 0xF2, 0x32, 0xEA, 0xCC, 0xC4, 0x4A, 0xE9, 0xD4, 0xC6, 0x22, 0xE9, 0x95, 0xA1,
    0x53, 0x66, 0x8D, 0x32, 0x56, 0xEE, 0x15, 0xDC, 0x9B, 0x71, 0x67, 0xB1, 0xB3, 0x33, 0x6E, 0xF5,
    0xC4, 0xF6, 0xC0, 0x19, 0x31, 0x41, 0x89, 0x0D, 0xCB, 0x9E, 0x65, 0x8D, 0xC7, 0xF7, 0x19, 0x9E,
    0xF0, 0xC1, 0x3B, 0x6E, 0x9E, 0x3F, 0x39, 0x7E, 0x23, 0x56, 0xDC, 0x75, 0xE5, 0x3E, 0xBE, 0xB5,
    0x37, 0xC9, 0x40, 0xE8, 0x8E, 0x03, 0x89, 0x87, 0x38, 0x3A, 0xCE, 0x1B, 0x8A, 0xEA, 0xDA, 0x8F,
    0xE6, 0xE3, 0x68, 0x6F, 0x4C, 0xB1, 0x38, 0x16, 0x21, 0x15, 0x30, 0x8E, 0x92, 0xF1, 0x02, 0x0B,
    0x1C, 0xDD, 0xEF, 0xA1, 0x0A, 0x94, 0x18, 0x48, 0xAF, 0x7C, 0x34, 0x1F, 0x3B, 0xCB, 0x9D, 0x11,
    0x31, 0xC5, 0xED, 0x9B, 0xE7, 0x4C, 0x3A, 0x69, 0x2F, 0x69, 0x0F, 0x7C, 0x7B, 0x3C, 0x0B, 0x06,
    0xA1, 0xDB, 0x73, 0x14, 0x94, 0x0C, 0xD2, 0xE3, 0x5F, 0x7B, 0xA6, 0x3D, 0x52, 0xDA, 0x9C, 0xF2,
    0x3F, 0x1D, 0xCB, 0x9A, 0x93, 0x9B, 0xA7, 0xBA, 0x9B, 0xD5, 0xE2, 0x43, 0xB2, 0x81, 0xE4, 0xDD,
    0x97, 0x1C, 0xBD, 0x7C, 0x60, 0x3E, 0xF0, 0xE4, 0xFA, 0x17, 0x7F, 0xD7, 0x4E, 0x91, 0x4F, 0xAF,
    0x3E, 0xD3, 0x2B, 0x6F, 0x1E, 0xFE, 0x0F, 0xCD, 0xD9, 0x01, 0xA4, 0x25, 0xF9, 0x95, 0x3F, 0xF0,
    0x4F, 0x55, 0x25, 0xA9, 0x64, 0xCA, 0xF4, 0x6F, 0x30, 0x48, 0x64, 0xA6, 0x2B, 0x08, 0x06, 0xDD,
    0xF7, 0xC2, 0x60, 0x42, 0xDD, 0x77, 0x4B, 0xFE, 0xF8, 0x63, 0x90, 0x01, 0x00, 0x76, 0x10, 0x00,
    0x12, 0x0C, 0x7A, 0xED, 0xDD, 0xBC, 0x5A, 0x41, 0x10, 0x4C, 0x03, 0x00, 0x19, 0x00, 0x0B, 0x69,
    0x34, 0x7B, 0x97, 0x97, 0xBC, 0xCA, 0x0C, 0x16, 0x41, 0x6A, 0x36, 0x58, 0x2C, 0xB6, 0x12, 0xC3,
    0x62, 0x45, 0x8A, 0x14, 0xB9, 0xB3, 0x7B, 0xDF, 0xFB, 0x6D, 0xD7, 0x6F, 0x5E, 0x3F, 0x4F, 0x9B,
    0x41, 0xEB, 0x4E, 0x67, 0x6F, 0xDF, 0x73, 0xAE, 0xA6, 0x39, 0xDF, 0xF3, 0x3B, 0xE7, 0x9C, 0x73,
    0xCE, 0xB7, 0x61, 0xED, 0x2B, 0xB1, 0xDB, 0xD8, 0xC6, 0xF9, 0xCC, 0x45, 0x76, 0x39, 0x15, 0x93,
    0x6D, 0x5B, 0xF5, 0xD6, 0x42, 0x2B, 0xA8, 0x09, 0x56, 0x04, 0x9B, 0x2B, 0x55, 0x6B, 0x58, 0x2F,
    0xEA, 0xC4, 0x86, 0x9D, 0x13, 0x0E, 0xD6, 0xF2, 0x49, 0x18, 0xEA, 0x41, 0x11, 0x63, 0xCB, 0xE9,
    0x0C, 0x4E, 0xB0, 0x71, 0x3A, 0xEC, 0x8B, 0xF8, 0xDF, 0x53, 0xE8, 0x4F, 0xDB, 0xB5, 0x95, 0x8D,
    0xDA, 0x4E, 0x6D, 0x9F, 0x64, 0x65, 0xB6, 0x31, 0x6B, 0xEC, 0x1D, 0x6C, 0xF2, 0xC9, 0x3A, 0xF6,
    0xCA, 0x4B, 0x20, 0x74, 0xF9, 0x28, 0x84, 0x36, 0x1F, 0xD4, 0x27, 0x8A, 0xC1, 0xFA, 0xA0, 0xE8,
    0x6D, 0xEF, 0x2B, 0x7B, 0x1B, 0xAA, 0x4E, 0x43, 0x68, 0xED, 0x08, 0xEC, 0x93, 0x9E, 0xA9, 0x99,
    0x58, 0xC9, 0x26, 0x36, 0xF2, 0x89, 0x46, 0x31, 0xB2, 0x51, 0xF4, 0x9C, 0x08, 0x3D, 0xEB, 0xEE,
    0x14, 0x21, 0x5E, 0x20, 0x8B, 0x23, 0x50, 0x0C, 0x28, 0xFB, 0xAA, 0xAB, 0xDE, 0xEF, 0x42, 0x5B,
    0x5D, 0x0A, 0xC2, 0xAC, 0x16, 0x58, 0xA9, 0xB9, 0x6B, 0xC5, 0xC6, 0x86, 0x46, 0xC3, 0xCE, 0x8E,
    0xBD, 0x23, 0xFB, 0xFC, 0xC0, 0x59, 0x35, 0xB3, 0x3D, 0x4E, 0xD4, 0xE3, 0x04, 0xB8, 0x95, 0x0F,
    0xA0, 0x7C, 0xBF, 0x05, 0xC5, 0x05, 0x90, 0xCD, 0x9E, 0xFC, 0x64, 0xF1, 0x53, 0x79, 0x8C, 0xD3,
    0x23, 0xE9, 0x8A, 0x18, 0xC7, 0x7C, 0xA8, 0x46, 0xAA, 0xBE, 0x18, 0xB2, 0x89, 0xBA, 0x2D, 0x7A,
    0x07, 0x4E, 0x94, 0xBD, 0x33, 0x8E, 0xAA, 0xCE, 0x4E, 0x3E, 0x25, 0xFF, 0x95, 0x83, 0xC0, 0x59,
    0x8A, 0x1B, 0x7B, 0x27, 0xD4, 0x1C, 0x1C, 0xA5, 0x77, 0xC8, 0xA7, 0xE4, 0xFD, 0x54, 0x0E, 0x34,
    0xAA, 0x21, 0x74, 0x34, 0xD6, 0xDD, 0x16, 0xBB, 0xEC, 0xD2, 0x19, 0xCE, 0xE3, 0x9C, 0xC5, 0x78,
    0x10, 0x2F, 0xDB, 0xF4, 0x0B, 0xC6, 0xBB, 0x0B, 0x2C, 0x7F, 0x9B, 0x50, 0x59, 0xF7, 0x09, 0xD4,
    0x4B, 0x12, 0x26, 0x16, 0x48, 0x55, 0x3C, 0x2C, 0x88, 0xAA, 0x38, 0x7F, 0x06, 0x68, 0xFC, 0x0C,
    0x4F, 0xFF, 0x19, 0x9C, 0x84, 0xC6, 0x26, 0x81, 0xB1, 0x7F, 0x8C, 0x25, 0x41, 0xE9, 0x25, 0x24,
    0x12, 0x90, 0x4D, 0xC2, 0x61, 0xFF, 0x18, 0x46, 0xFB, 0x08, 0x45, 0x9E, 0x92, 0x29, 0x9B, 0x6E,
    0x15, 0x3D, 0xF9, 0x58, 0xFE, 0x0C, 0xC5, 0x50, 0x1C, 0x92, 0xE1, 0xEC, 0x83, 0xF4, 0x03, 0xA7,
    0x3F, 0xE9, 0x63, 0x6C, 0x8B, 0xF8, 0x5F, 0x5D, 0x8C, 0xC2, 0x70, 0xDA, 0x3A, 0x51, 0xDB, 0x72,
    0xE6, 0xC4, 0x5A, 0x36, 0x69, 0xAC, 0x14, 0x83, 0x33, 0x1B, 0xA1, 0x4D, 0x78, 0x56, 0x1C, 0x52,
    0xFC, 0xCC, 0x8E, 0xD9, 0x94, 0x22, 0x58, 0x0C, 0xEC, 0xCA, 0x39, 0x74, 0x6C, 0x7F, 0xF1, 0x60,
    0xFD, 0x8F, 0x1F, 0xA8, 0xC6, 0x69, 0x1B, 0x27, 0xD9, 0xF2, 0xCD, 0x47, 0xF9, 0xB8, 0xA8, 0xA1,
    0x18, 0x16, 0x18, 0xBD, 0xA2, 0x2F, 0xFB, 0x94, 0x2D, 0xAA, 0x2E, 0xB4, 0x42, 0x1B, 0x08, 0x92,
    0xAA, 0xA9, 0xAD, 0xA4, 0x7C, 0xB7, 0xD1, 0xDC, 0x4C, 0x98, 0x9D, 0xF3, 0x38, 0xEC, 0xC5, 0xD8,
    0xCF, 0x30, 0x21, 0x9F, 0x50, 0x0E, 0x14, 0xB1, 0x23, 0xFF, 0x54, 0x32, 0x39, 0xE4, 0xA3, 0x22,
    0x99, 0xEC, 0x8B, 0x01, 0x45, 0xAF, 0xEA, 0xCA, 0x5E, 0x68, 0xAB, 0x4E, 0x10, 0xDA, 0x45, 0x71,
    0xFB, 0x3A, 0x3D, 0x93, 0x5B, 0xCD, 0x75, 0x7A, 0xDE, 0x5B, 0xD4, 0x3E, 0xF9, 0xB8, 0x98, 0x9C,
    0xC4, 0xF8, 0xAB, 0x09, 0xD9, 0x88, 0x7C, 0x40, 0x31, 0xA0, 0xEA, 0x11, 0x5B, 0x5C, 0x60, 0x87,
    0x7D, 0xD1, 0x9B, 0xCB, 0xDE, 0x54, 0x74, 0x26, 0xB2, 0x29, 0xC8, 0xC7, 0x5A, 0x31, 0xAC, 0x14,
    0xFD, 0x5D, 0x65, 0xDF, 0xA8, 0xBA, 0x47, 0xD2, 0xEE, 0x84, 0x76, 0x2F, 0x78, 0xA8, 0x36, 0x59,
    0x99, 0x6C, 0x96, 0xD7, 0xCE, 0x47, 0x4D, 0x31, 0x24, 0xC0, 0x49, 0xCA, 0x9E, 0xD0, 0xCA, 0x23,
    0xF9, 0x81, 0x6C, 0x56, 0x76, 0xAB, 0xFC, 0xA0, 0x6A, 0x37, 0xF9, 0x51, 0x68, 0x9B, 0xE2, 0x0F,
    0x82, 0xA6, 0xF8, 0x0F, 0xB5, 0x5D, 0xF9, 0xBE, 0xDB, 0xF6, 0xD5, 0xDB, 0xDD, 0x5D, 0x73, 0xF8,
    0x7F, 0x7D, 0x63, 0x0A, 0xC5, 0xD0, 0x64, 0x53, 0xC8, 0xC7, 0x5D, 0x36, 0xDE, 0x36, 0xED, 0xF3,
    0xF1, 0xAE, 0xF9, 0x61, 0x31, 0x6C, 0xEC, 0xA6, 0xA2, 0x6F, 0x34, 0x53, 0xD9, 0xEF, 0xAC, 0xA6,
    0xAA, 0xBB, 0xA7, 0x1E, 0xAB, 0xF6, 0xA1, 0x30, 0x84, 0x76, 0x52, 0xF5, 0x01, 0xD4, 0xE0, 0x04,
    0x9C, 0xC1, 0x76, 0x4E, 0xBA, 0x93, 0x90, 0xDC, 0xB9, 0x81, 0xE4, 0x8D, 0xE2, 0x42, 0x20, 0x21,
    0x99, 0x1F, 0x21, 0x59, 0x99, 0xAA, 0x9F, 0x76, 0x77, 0xB3, 0x29, 0xFC, 0xFF, 0xBE, 0xC9, 0xC6,
    0x05, 0x49, 0x3E, 0x2C, 0x48, 0x8A, 0x61, 0x41, 0xB2, 0xBC, 0xC6, 0x3C, 0x97, 0xFD, 0x82, 0x64,
    0x79, 0x91, 0xCD, 0xB4, 0xBC, 0xC9, 0x7A, 0x0A, 0x16, 0x24, 0xC1, 0x82, 0xA4, 0xB6, 0x20, 0x59,
    0x81, 0xBB, 0xA0, 0xB9, 0xA1, 0x0F, 0x50, 0x4F, 0x49, 0xF7, 0x5C, 0xE7, 0x74, 0x99, 0x74, 0xD1,
    0x01, 0xF9, 0xC7, 0x97, 0x82, 0xE2, 0xDF, 0x63, 0x57, 0x2B, 0x2E, 0xAA, 0xFE, 0xB6, 0x72, 0x4A,
    0x91, 0x18, 0x16, 0xDB, 0x55, 0x5F, 0xF5, 0x8D, 0xD0, 0x55, 0xDD, 0x12, 0x8F, 0x25, 0x22, 0xB5,
    0xD0, 0x3E, 0x54, 0xAB, 0xCD, 0x56, 0xD6, 0x26, 0x1B, 0xAB, 0x6C, 0xD1, 0x9B, 0x7C, 0xB4, 0xD3,
    0xE4, 0x83, 0x64, 0xEA, 0x49, 0x83, 0xA1, 0x45, 0x1E, 0x21, 0x3F, 0xC0, 0x7B, 0x01, 0x77, 0x77,
    0x08, 0x13, 0xAA, 0xDE, 0xCD, 0x4F, 0xE8, 0xB0, 0xEE, 0xB1, 0xED, 0xF1, 0x4F, 0x3D, 0xFE, 0xD4,
    0x93, 0xFF, 0x76, 0xA0, 0xF8, 0x70, 0x20, 0x7C, 0x77, 0xA4, 0xCE, 0x46, 0x29, 0x33, 0x9C, 0xC6,
    0x89, 0x18, 0x27, 0xD9, 0x68, 0xB2, 0xA4, 0x99, 0xAA, 0x33, 0x0B, 0xEC, 0xAD, 0x17, 0xB5, 0x61,
    0xC7, 0x5B, 0x15, 0xB7, 0x77, 0x92, 0xD1, 0xAF, 0x74, 0xC0, 0xE9, 0x8F, 0xBB, 0x22, 0xFE, 0x67,
    0x5B, 0x0D, 0xA7, 0x6A, 0xDB, 0x54, 0xDA, 0x8D, 0x95, 0x9D, 0x8D, 0xBD, 0xC6, 0xC1, 0xCE, 0xEC,
    0x98, 0x5A, 0xF1, 0xAE, 0x9A, 0x6D, 0x8F, 0x0F, 0x96, 0xFA, 0x4D, 0x2E, 0x24, 0x0F, 0xC2, 0xC4,
    0x4D, 0xFC, 0x71, 0xE6, 0x07, 0xF7, 0x09, 0xA8, 0xB1, 0xC2, 0x06, 0x0D, 0x76, 0xB8, 0x87, 0x87,
    0x98, 0x91, 0xAA, 0x80, 0x7C, 0xE4, 0x71, 0x62, 0x7F, 0xF3, 0x13, 0x4E, 0x8F, 0xA9, 0xC3, 0x97,
    0x3F, 0x93, 0x1F, 0x79, 0x07, 0x96, 0x9A, 0x1D, 0xA4, 0xEE, 0xA0, 0x5C, 0x0A, 0x56, 0xAA, 0x53,
    0x81, 0x9A, 0x15, 0x1B, 0x1A, 0x1A, 0x68, 0xBF, 0x8E, 0x69, 0x8F, 0xBF, 0x1B, 0xA5, 0x84, 0xE4,
    0x1B, 0x00, 0xB0, 0x8C, 0x67, 0xCB, 0x78, 0xE6, 0x22, 0x3B, 0x2A, 0x26, 0x27, 0x9E, 0xD3, 0x78,
    0x7E, 0x70, 0x5B, 0xF3, 0x50, 0x3D, 0x78, 0xA9, 0x85, 0xD3, 0xA1, 0x88, 0x87, 0xD0, 0xFF, 0xFD,
    0xDA, 0x6A, 0xA3, 0xDE, 0xA9, 0xF7, 0xCB, 0x77, 0x35, 0xDB, 0xCC, 0x9A, 0xBD, 0xC3, 0x26, 0x9F,
    0xD6, 0xB1, 0x2F, 0x2F, 0xC9, 0xDA, 0x57, 0xC9, 0x87, 0x09, 0x7F, 0xEE, 0x71, 0x0A, 0x5F, 0x07,
    0x80, 0x7C, 0x14, 0xE4, 0x83, 0x5A, 0x31, 0x58, 0x5A, 0x86, 0x8D, 0xD4, 0xED, 0xD3, 0xBC, 0x4E,
    0xE3, 0x21, 0xB0, 0x17, 0x98, 0xD5, 0x4C, 0x56, 0x52, 0x72, 0x2E, 0x7D, 0x43, 0x31, 0x48, 0x73,
    0xFA, 0x44, 0xE8, 0xD2, 0x94, 0x4E, 0x43, 0x3A, 0xCD, 0xE8, 0x25, 0x2F, 0xDA, 0x94, 0x17, 0xD5,
    0xB4, 0x00, 0x01, 0x55, 0xB7, 0x74, 0xDF, 0xAA, 0x0D, 0x82, 0x5A, 0xB0, 0x52, 0xA7, 0x39, 0xBD,
    0xB1, 0xD1, 0x68, 0xEC, 0xEC, 0xEC, 0xAF, 0xF2, 0xE2, 0x2C, 0xE5, 0xC5, 0x74, 0x35, 0x9F, 0xE3,
    0x81, 0x2C, 0xCE, 0x80, 0xAC, 0x1F, 0x29, 0x3E, 0x9E, 0xC8, 0x7F, 0x35, 0xBC, 0x18, 0x6F, 0x42,
    0x6C, 0xD5, 0xB1, 0x05, 0x70, 0xE7, 0x75, 0x9A, 0x15, 0x6F, 0xBC, 0xF6, 0x8C, 0x9E, 0x3D, 0x1E,
    0xCE, 0x04, 0x78, 0x15, 0xDA, 0xF6, 0xCA, 0xBD, 0xE2, 0x45, 0xB9, 0xE7, 0x25, 0x6C, 0x30, 0x93,
    0x0F, 0x40, 0xF3, 0xBC, 0x5C, 0x1C, 0xEE, 0xE0, 0xE1, 0x84, 0x6D, 0x8F, 0x35, 0x80, 0xEE, 0x9D,
    0x17, 0x1D, 0xC6, 0x57, 0xB3, 0xCE, 0xAD, 0xAA, 0x55, 0xFE, 0x82, 0x62, 0x26, 0xBB, 0xFF, 0x9C,
    0xC3, 0x39, 0xC3, 0x3D, 0xB8, 0x0B, 0x5F, 0x86, 0xF6, 0x9D, 0x17, 0x1D, 0xCE, 0xAF, 0x21, 0xB4,
    0x14, 0x3D, 0xD9, 0xF0, 0x5C, 0x5D, 0xCC, 0x63, 0x17, 0xE2, 0xF4, 0x35, 0x07, 0x76, 0x34, 0x34,
    0x7E, 0x7E, 0xAC, 0xE2, 0x71, 0xDD, 0xEE, 0x1B, 0xD3, 0x2E, 0x1F, 0x77, 0x55, 0xBF, 0x8D, 0xAA,
    0x03, 0xD6, 0xF1, 0xB1, 0xC2, 0x95, 0xE5, 0xDD, 0x06, 0x6F, 0xDE, 0x79, 0x31, 0xB3, 0xA9, 0x8E,
    0xED, 0x0D, 0xFB, 0x29, 0xA5, 0x13, 0x80, 0x37, 0x5F, 0x7B, 0xB6, 0x39, 0xF5, 0xA4, 0x67, 0x45,
    0x8F, 0xB2, 0x47, 0xD1, 0xBD, 0x28, 0xCF, 0x92, 0x7D, 0x37, 0x11, 0x94, 0x03, 0xF9, 0x33, 0x4E,
    0x60, 0x42, 0xEC, 0xA4, 0x97, 0x7B, 0xF2, 0xE4, 0x89, 0x17, 0x14, 0x49, 0x57, 0xEF, 0x43, 0x5D,
    0xC3, 0x26, 0xE9, 0xB3, 0x15, 0x4C, 0x1B, 0x14, 0xE3, 0x36, 0x0E, 0xCA, 0xFE, 0x34, 0x0E, 0x82,
    0xBD, 0x05, 0xE7, 0x8C, 0xD3, 0xA4, 0x67, 0x69, 0x36, 0x67, 0x13, 0x45, 0x9F, 0x8F, 0x84, 0xAE,
    0x18, 0x59, 0x2B, 0x62, 0xB4, 0x49, 0xFA, 0xC9, 0x6E, 0x0F, 0x4E, 0xDF, 0x5E, 0x8F, 0x45, 0xFC,
    0x4D, 0x3C, 0x54, 0xC3, 0xF9, 0x70, 0xB6, 0xB8, 0xD4, 0x9C, 0x38, 0xB1, 0x6F, 0x34, 0xE5, 0xB4,
    0x73, 0x1A, 0xFB, 0xBD, 0xF3, 0x4F, 0x1C, 0x1C, 0x98, 0xB3, 0x03, 0xFB, 0xE2, 0xC8, 0xD9, 0xED,
    0x4B, 0xF7, 0xB7, 0x87, 0x3F, 0xC6, 0xA1, 0xFE, 0xF8, 0xC3, 0xCB, 0x56, 0x1E, 0x3F, 0xB1, 0x8E,
    0x17, 0x7E, 0xE9, 0xEB, 0xF9, 0x4C, 0x39, 0x10, 0xBA, 0x9B, 0x2B, 0xC5, 0xF6, 0xB0, 0x71, 0x3A,
    0x37, 0x4C, 0x8D, 0x6C, 0xDA, 0x88, 0x17, 0x27, 0xE2, 0x71, 0xAD, 0x18, 0xC2, 0x50, 0xF6, 0x45,
    0x8C, 0xBD, 0xD3, 0x4F, 0xA9, 0xC7, 0x51, 0xFC, 0x74, 0xC8, 0xE7, 0x7A, 0x28, 0xFB, 0xD0, 0x87,
    0xAE, 0xEA, 0x83, 0xAA, 0xAB, 0x85, 0x76, 0x75, 0x55, 0x4B, 0x2B, 0x5B, 0x2B, 0xBF, 0x54, 0xE7,
    0x17, 0x42, 0x6C, 0xE4, 0x87, 0x06, 0xF7, 0x38, 0x8F, 0x49, 0xDE, 0x2D, 0xC6, 0x05, 0xB5, 0xFA,
    0x02, 0xBA, 0xAF, 0x32, 0xDD, 0xE3, 0x64, 0x64, 0xDD, 0xF1, 0x12, 0x80, 0xA7, 0xC7, 0x9C, 0x8D,
    0x27, 0xF2, 0xF1, 0x49, 0xCC, 0x5E, 0x2E, 0x7A, 0xD5, 0xDF, 0x50, 0x1C, 0x49, 0x17, 0x99, 0x6B,
    0x3F, 0x8A, 0x2F, 0xF0, 0xE3, 0x44, 0x6D, 0xF3, 0x45, 0x7E, 0x78, 0x88, 0xC9, 0xBB, 0xE5, 0x0D,
    0x3F, 0xAA, 0x6C, 0x54, 0xFC, 0xBA, 0x93, 0x5D, 0xE2, 0x08, 0x20, 0x9B, 0x1C, 0xF3, 0xB1, 0x98,
    0xF2, 0x31, 0xF4, 0xC5, 0xB0, 0x55, 0xF4, 0x67, 0xCA, 0x0F, 0x27, 0xD5, 0x4F, 0x7B, 0xE1, 0x07,
    0x84, 0x48, 0xF8, 0x23, 0xF5, 0xDB, 0x9D, 0x55, 0xD9, 0xDB, 0x14, 0x83, 0x26, 0xDD, 0x82, 0xB3,
    0x9D, 0xBD, 0xBD, 0x9D, 0xD9, 0x49, 0xDA, 0x67, 0xF2, 0x8F, 0xA7, 0xB4, 0xCD, 0x38, 0xC5, 0x1B,
    0x00, 0xD8, 0x61, 0x7F, 0x73, 0x07, 0x24, 0x1B, 0x43, 0x97, 0x0F, 0x0B, 0x1D, 0x71, 0x50, 0x7C,
    0x38, 0x2A, 0x7F, 0xDD, 0xAB, 0x7E, 0x4E, 0x75, 0x99, 0xEC, 0x09, 0xDF, 0x6B, 0xD5, 0x65, 0x6F,
    0xB5, 0x34, 0xD3, 0x3C, 0xD9, 0xD3, 0xD8, 0xFF, 0x25, 0x77, 0xB9, 0x5B, 0xF0, 0x16, 0xBC, 0x07,
    0x0F, 0xE1, 0x1C, 0xD6, 0x4F, 0xB5, 0xDA, 0x65, 0x83, 0xA2, 0x55, 0x11, 0x08, 0xA3, 0x7C, 0xBC,
    0x2A, 0x98, 0x3C, 0x4E, 0x00, 0xFC, 0xF5, 0xFC, 0x38, 0x3F, 0x8A, 0x47, 0x3C, 0xAB, 0x4F, 0xB7,
    0xF2, 0x5E, 0xF5, 0xBD, 0xAB, 0x9C, 0x9D, 0x6F, 0xF6, 0xA2, 0xF1, 0x91, 0xF4, 0xD4, 0x2D, 0x3B,
    0xF2, 0x89, 0xAA, 0x63, 0x85, 0xF3, 0xFB, 0x57, 0x0D, 0xE4, 0x88, 0x13, 0xAC, 0xAE, 0x64, 0x83,
    0x9D, 0x31, 0x9F, 0xC5, 0x38, 0x5A, 0x5F, 0x62, 0xA1, 0x2B, 0x16, 0xAE, 0xA2, 0x38, 0xE0, 0x1D,
    0x20, 0xC6, 0x3E, 0x89, 0x1A, 0x3B, 0xCC, 0x14, 0x03, 0xA1, 0x65, 0x83, 0xF3, 0x8E, 0x9F, 0x4F,
    0x38, 0xA0, 0xC1, 0xE6, 0x89, 0x63, 0xE4, 0xE0, 0x7E, 0x39, 0x39, 0x8F, 0xBD, 0xF5, 0xA7, 0xD2,
    0xD1, 0x91, 0x6C, 0xE4, 0xC7, 0x6B, 0x1B, 0xC9, 0xB7, 0x27, 0xAF, 0xEE, 0xAA, 0x4B, 0x36, 0x04,
    0x9F, 0x7F, 0xE7, 0xA4, 0xB2, 0xBB, 0xCE, 0x71, 0xD9, 0xC4, 0x76, 0x60, 0xDB, 0xFE, 0x9F, 0xA3,
    0xA3, 0x12, 0x1E, 0x2C, 0x70, 0x90, 0xD0, 0x78, 0xB1, 0x3C, 0xD4, 0xF5, 0x2B, 0x27, 0xC3, 0x24,
    0xC3, 0xBC, 0x38, 0x1E, 0x0A, 0xDF, 0x27, 0xBB, 0xCA, 0x9D, 0xAA, 0xE5, 0xAB, 0xCF, 0xBF, 0xA5,
    0x0B, 0x1D, 0x27, 0x78, 0x48, 0xD6, 0xFD, 0x45, 0x5A, 0x7A, 0x7A, 0x09, 0x89, 0x89, 0x90, 0x0F,
    0xF6, 0xD2, 0x4E, 0x92, 0xF4, 0xB4, 0x30, 0x5C, 0xD9, 0xB4, 0x50, 0x5C, 0xF9, 0x23, 0x1D, 0x62,
    0x1C, 0x83, 0x47, 0x7A, 0xA8, 0x05, 0x45, 0xBF, 0x72, 0x5B, 0xD9, 0x6F, 0xAC, 0x24, 0xBA, 0x25,
    0xE9, 0x46, 0x68, 0x77, 0x49, 0xCF, 0xEE, 0x09, 0xFF, 0x30, 0xD9, 0x2B, 0xE3, 0x60, 0x96, 0xC5,
    0x96, 0xDB, 0xF5, 0xCC, 0xDD, 0xF3, 0x4B, 0x56, 0xC3, 0xBA, 0xB5, 0x6D, 0x43, 0x97, 0x3A, 0x96,
    0xDD, 0xA2, 0xF6, 0x57, 0x9B, 0x50, 0x6B, 0x12, 0x98, 0xAC, 0xAF, 0xD7, 0xE1, 0x83, 0x62, 0x28,
    0x46, 0x45, 0x1F, 0x3A, 0x65, 0xFF, 0x23, 0xCA, 0x7F, 0x99, 0xA8, 0x62, 0x4B, 0xF8, 0x04, 0x01,
    0x6A, 0x58, 0xC1, 0x06, 0x9A, 0x6B, 0xC5, 0x01, 0x1A, 0x78, 0x1D, 0x2A, 0x00, 0xAE, 0x28, 0xB0,
    0xC4, 0x3B, 0x25, 0xDA, 0x29, 0xF1, 0x5F, 0x89, 0x74, 0x4A, 0xEC, 0x57, 0x22, 0xBF, 0x12, 0xF7,
    0xB5, 0x10, 0x4E, 0x16, 0xBE, 0xC9, 0x42, 0x37, 0x59, 0x78, 0x2F, 0x1B, 0xBB, 0x49, 0xA3, 0x99,
    0xEC, 0xAC, 0xA6, 0xC4, 0x34, 0x25, 0xA2, 0xC9, 0xA4, 0xBA, 0x2A, 0xFB, 0x7C, 0xC0, 0x84, 0x6F,
    0x5F, 0xD3, 0x47, 0x0B, 0x79, 0xB4, 0x50, 0x47, 0x0B, 0x71, 0xB4, 0xD0, 0x46, 0x0B, 0x69, 0x14,
    0xD2, 0xBA, 0x1E, 0xDA, 0xDA, 0x22, 0xB5, 0x95, 0xB5, 0xCD, 0xD5, 0xBA, 0xBE, 0xD3, 0xC0, 0x37,
    0x70, 0x46, 0x3E, 0x92, 0xA3, 0xEE, 0xD8, 0x8E, 0xFC, 0xF0, 0x41, 0x12, 0xDB, 0x81, 0xD3, 0x3E,
    0xCD, 0xCE, 0xEC, 0x4F, 0xBD, 0xE2, 0xB7, 0x83, 0xF2, 0xC3, 0x21, 0xED, 0x9F, 0x75, 0x36, 0xDA,
    0x64, 0x4B, 0xCF, 0x9A, 0x2C, 0x6D, 0x64, 0x34, 0x2D, 0x51, 0xAE, 0x3A, 0x0F, 0x97, 0xDC, 0x5F,
    0xB3, 0xDF, 0xB0, 0x03, 0xD6, 0xD8, 0x91, 0x8D, 0x64, 0x2D, 0xD5, 0xC0, 0x7A, 0xE6, 0xAD, 0xB7,
    0x78, 0xF3, 0x4D, 0xEE, 0xFC, 0x90, 0x6A, 0x78, 0xD6, 0x25, 0xD4, 0x11, 0xF2, 0x09, 0xCA, 0x1E,
    0x6E, 0xF1, 0xD7, 0x5B, 0x48, 0x1D, 0x91, 0x8F, 0x28, 0x3B, 0x7C, 0xED, 0xF9, 0x6E, 0xA5, 0x80,
    0xC3, 0x63, 0x1B, 0x55, 0x87, 0x97, 0x01, 0x28, 0x96, 0x41, 0xFE, 0x76, 0x67, 0x1B, 0x23, 0x17,
    0xD9, 0x85, 0x62, 0x72, 0xA9, 0xEA, 0x8B, 0x28, 0xB4, 0xD5, 0xFB, 0x6A, 0x75, 0xB0, 0xB2, 0x0B,
    0x36, 0xE6, 0x47, 0xAA, 0x18, 0x6A, 0x4D, 0xD5, 0xAD, 0x35, 0x6B, 0x27, 0x36, 0x3B, 0x3B, 0x27,
    0x93, 0x83, 0xF5, 0xF0, 0x78, 0x90, 0xAF, 0x63, 0x6C, 0xED, 0x4E, 0x67, 0xBE, 0x75, 0xF3, 0x56,
    0x61, 0x85, 0x3D, 0x5A, 0x49, 0xD5, 0x7F, 0xEE, 0x2D, 0x7D, 0x72, 0x5A, 0xB7, 0x55, 0xBF, 0xED,
    0x42, 0xFB, 0x3F, 0x7D, 0x9D, 0xFF, 0x5B, 0xBF, 0xAA, 0x7E, 0xD2, 0xDF, 0xBD, 0x5D, 0x76, 0x9B,
    0x26, 0xB4, 0x77, 0xA7, 0x60, 0x3D, 0x2C, 0x57, 0xE8, 0x99, 0x3A, 0x4E, 0x36, 0xE7, 0x9D, 0x57,
    0x21, 0x3C, 0x42, 0x5C, 0x7E, 0xD4, 0xCB, 0x3F, 0x1E, 0x99, 0x1E, 0xDC, 0xB4, 0xC3, 0xBA, 0x67,
    0xDB, 0xA7, 0x83, 0xC8, 0x9F, 0xFA, 0x74, 0x0E, 0x15, 0x4F, 0x24, 0xE3, 0xE9, 0x67, 0xC9, 0x98,
    0x5D, 0x27, 0xA3, 0x39, 0x70, 0x9D, 0x8C, 0xE1, 0xA7, 0xBD, 0xE2, 0xA3, 0x41, 0x36, 0x4E, 0xBC,
    0xFB, 0xAD, 0x67, 0x4C, 0xB8, 0x72, 0x64, 0x7D, 0xE4, 0xBD, 0xD7, 0xF9, 0xE0, 0xE5, 0xE7, 0x8D,
    0x55, 0x35, 0xB3, 0xBD, 0xE0, 0xBD, 0x5B, 0xBC, 0xF2, 0xE5, 0x67, 0xC2, 0x5A, 0x7C, 0x34, 0xCA,
    0x7F, 0x37, 0x31, 0x3D, 0xE4, 0xAD, 0x3B, 0x37, 0xCB, 0xA1, 0x5B, 0xA6, 0x5F, 0xFE, 0x79, 0x6B,
    0x45, 0x3C, 0x48, 0x82, 0xDB, 0x9F, 0xB3, 0x56, 0xEC, 0x70, 0x1E, 0x07, 0x31, 0xF6, 0xD6, 0xF5,
    0x12, 0xB9, 0xE2, 0xA3, 0x5E, 0x77, 0xFF, 0xF1, 0xFA, 0x36, 0x57, 0xFD, 0xBE, 0x76, 0x6F, 0x63,
    0xDE, 0x95, 0xD3, 0x79, 0xEC, 0xCE, 0x3F, 0x31, 0x33, 0x73, 0xC6, 0x8F, 0x74, 0x69, 0x7D, 0x6B,
    0xE5, 0x07, 0x42, 0xE4, 0xF5, 0x8A, 0x37, 0x8A, 0xF6, 0x79, 0x03, 0xB3, 0x1E, 0x9C, 0xCF, 0x86,
    0xB7, 0xB4, 0xAF, 0x3E, 0x15, 0xB0, 0x47, 0xEE, 0x3C, 0xCA, 0xC3, 0x25, 0x0D, 0xAF, 0xB3, 0x30,
    0xCE, 0x0B, 0x9D, 0xFC, 0x04, 0xCF, 0xBB, 0xE3, 0x1E, 0x0F, 0x99, 0x99, 0x64, 0xD3, 0x35, 0x3F,
    0xBC, 0xF0, 0xC7, 0xA7, 0x47, 0xFB, 0x9D, 0xE6, 0xAE, 0x5B, 0x41, 0x96, 0x81, 0x3D, 0x33, 0xD3,
    0xF5, 0x3F, 0xFE, 0x42, 0x32, 0x59, 0x39, 0x5A, 0x1F, 0xDD, 0x7B, 0x7D, 0x49, 0xAD, 0x67, 0x00,
    0x90, 0x5F, 0xA8, 0x62, 0xFB, 0x72, 0xD1, 0x7D, 0xC9, 0x53, 0xD2, 0xD7, 0x6F, 0x7C, 0x03, 0xAB,
    0x1A, 0x21, 0xB4, 0x94, 0x3F, 0xEE, 0xC9, 0xDA, 0xEE, 0x85, 0x9C, 0x0A, 0x75, 0x68, 0x1F, 0xB5,
    0x8B, 0xA5, 0x62, 0xEE, 0xBF, 0xF3, 0x74, 0xF4, 0xB5, 0xBA, 0xC3, 0x79, 0x3A, 0xE4, 0xDE, 0x23,
    0xEF, 0xDF, 0x7C, 0x21, 0x80, 0xD5, 0xA3, 0xD3, 0xA3, 0xE9, 0x8E, 0xF6, 0x4B, 0x4F, 0x05, 0xB8,
    0xF8, 0xFD, 0x12, 0xB5, 0x89, 0x87, 0xF7, 0xB8, 0xF3, 0xDA, 0x8D, 0xD2, 0x3C, 0xF8, 0xAC, 0x02,
    0x96, 0xF3, 0xB7, 0xE8, 0x97, 0x3F, 0xE5, 0x23, 0xA9, 0x96, 0xDD, 0xAC, 0x5D, 0x0B, 0xF1, 0x28,
    0xC4, 0xC1, 0xED, 0xE2, 0xEA, 0x14, 0x4D, 0x4B, 0xD7, 0x22, 0x07, 0xF7, 0x9C, 0xD9, 0x6B, 0xCC,
    0x4E, 0x84, 0xF4, 0x92, 0xF9, 0xAF, 0x46, 0xF7, 0xDF, 0x45, 0xFE, 0xAF, 0x87, 0xE2, 0x37, 0x73,
    0x91, 0xC6, 0x41, 0x39, 0xA8, 0x7A, 0xA1, 0xFB, 0x82, 0xF8, 0x67, 0x07, 0xAA, 0xC8, 0xAD, 0xB2,
    0xF3, 0x5A, 0xDE, 0x3D, 0x6F, 0x60, 0xAA, 0xC9, 0xF6, 0xE8, 0xC1, 0x6B, 0xE9, 0xC5, 0x9E, 0x06,
    0xD8, 0xF7, 0xBF, 0x8D, 0xDD, 0x06, 0x77, 0x6B, 0x84, 0xAA, 0x25, 0xCF, 0xDA, 0x17, 0xC2, 0x92,
    0x3E, 0x7A, 0xCB, 0xD4, 0xC8, 0x4D, 0x13, 0xAF, 0xBC, 0xF2, 0x8C, 0xC4, 0xEF, 0x3A, 0xDD, 0x61,
    0xA9, 0xC7, 0x4D, 0x14, 0x7E, 0xF8, 0x42, 0x7C, 0x50, 0x1D, 0x58, 0x5F, 0xF0, 0xE6, 0x32, 0x59,
    0x3C, 0x9B, 0x0F, 0xDF, 0xBC, 0xE4, 0x3C, 0x76, 0xF9, 0x9C, 0xB7, 0xC5, 0x60, 0x41, 0x98, 0xA4,
    0x18, 0xC9, 0x0F, 0x38, 0x6F, 0xA9, 0x1F, 0xFF, 0xE5, 0xEC, 0x46, 0x9B, 0x3E, 0xF3, 0x4E, 0x3E,
    0x3B, 0x7F, 0x7C, 0x55, 0xC3, 0x07, 0x64, 0xE3, 0x55, 0xC3, 0xEF, 0xA8, 0x90, 0xC5, 0xFB, 0x65,
    0x9C, 0x42, 0xFB, 0x4E, 0x4D, 0x20, 0x0C, 0x8A, 0x03, 0xE7, 0x84, 0x5E, 0xB9, 0x7C, 0xEF, 0x87,
    0x3E, 0x46, 0x3F, 0x38, 0x40, 0xDE, 0xA5, 0x9E, 0xD6, 0xBA, 0xC5, 0x1D, 0x4E, 0x63, 0xEC, 0xCE,
    0x63, 0x6C, 0x6D, 0xD0, 0x3C, 0xC9, 0xF6, 0x7C, 0xFE, 0xFF, 0xFA, 0x95, 0x9F, 0x73, 0x58, 0xC3,
    0x97, 0x51, 0xDF, 0x38, 0xA8, 0x1F, 0xC0, 0x2B, 0xE9, 0x77, 0x52, 0xC5, 0x7E, 0x1D, 0xBB, 0x62,
    0xF8, 0xC2, 0xA6, 0xBA, 0xA6, 0x3E, 0x28, 0x67, 0xC8, 0xDB, 0x05, 0x61, 0xE0, 0x75, 0xDE, 0x42,
    0x76, 0xFE, 0x09, 0x75, 0xBC, 0x64, 0xD5, 0xAE, 0x49, 0x66, 0xAF, 0x54, 0x0D, 0x3F, 0x42, 0x7E,
    0xC0, 0xE9, 0x60, 0xB1, 0xC4, 0x4B, 0xDF, 0x9D, 0xE0, 0x00, 0x67, 0xB0, 0x87, 0x03, 0xCC, 0x28,
    0x26, 0x84, 0x1E, 0xE7, 0xF8, 0xE6, 0xE1, 0x71, 0xD7, 0x9B, 0xF1, 0x1D, 0x80, 0x14, 0xB8, 0x74,
    0xB0, 0x7D, 0x3B, 0x85, 0xEA, 0x4A, 0x8A, 0x81, 0xBA, 0x93, 0xFD, 0x92, 0xF5, 0x91, 0xEF, 0xAC,
    0x13, 0x94, 0x6B, 0x51, 0xE3, 0x04, 0x47, 0xAA, 0xC9, 0x57, 0x62, 0xEB, 0x74, 0xE6, 0x9F, 0x01,
    0x8A, 0xFE, 0x3D, 0xB2, 0xDF, 0x0F, 0x57, 0x71, 0x77, 0x82, 0x9B, 0x84, 0x5E, 0x90, 0x8D, 0x6A,
    0xF9, 0x60, 0x75, 0x9D, 0xA1, 0x8D, 0x32, 0xDD, 0x6A, 0x9D, 0xBD, 0x10, 0xE3, 0x61, 0x51, 0xB3,
    0xC0, 0xE4, 0xB6, 0x6C, 0xB2, 0x5A, 0x80, 0x6D, 0x14, 0x83, 0xE6, 0x4A, 0xF5, 0x76, 0xCA, 0x9B,
    0xA7, 0xDD, 0xD3, 0x50, 0x7C, 0x26, 0xB2, 0xDF, 0x5D, 0xCA, 0x97, 0x7B, 0xE9, 0x0F, 0x55, 0x5F,
    0xA4, 0x7B, 0xA9, 0xE8, 0xAB, 0xBE, 0xEC, 0xAB, 0xAB, 0x7B, 0xE9, 0x66, 0x11, 0x6C, 0xAC, 0x34,
    0x57, 0x45, 0xF0, 0xBF, 0x5D, 0x92, 0x01, 0x64, 0x24, 0x57, 0x18, 0xC7, 0x7F, 0x33, 0x73, 0x77,
    0x73, 0x97, 0x97, 0x64, 0x72, 0x1C, 0x72, 0xB5, 0xC9, 0x04, 0x87, 0x94, 0x6C, 0x66, 0x8E, 0xC5,
    0x9C, 0xCE, 0x66, 0x1E, 0x00, 0xC5, 0x05, 0xAD, 0xA2, 0xE8, 0x56, 0x41, 0x41, 0x96, 0x6E, 0x49,
    0xC9, 0x65, 0x5E, 0x0B, 0x50, 0x58, 0x00, 0xA0, 0x51, 0x55, 0x05, 0xBA, 0x48, 0x39, 0xED, 0x5D,
    0xF7, 0x15, 0x00, 0x78, 0xE7, 0x00, 0xE0, 0x95, 0x02, 0xD0, 0xA1, 0xAB, 0xE2, 0xEC, 0xE6, 0xF5,
    0xED, 0xE4, 0x8E, 0xF4, 0xBE, 0xF9, 0xE6, 0x7B, 0xEF, 0x7D, 0xFF, 0x6F, 0xBE, 0x6F, 0xBE, 0xFF,
    0xFB, 0x9E, 0xD1, 0x27, 0x21, 0x96, 0x91, 0x49, 0xD4, 0x3E, 0x23, 0x98, 0x13, 0x2D, 0x48, 0x1E,
    0x53, 0xC6, 0x32, 0x31, 0xB6, 0x72, 0xBA, 0x97, 0xC9, 0x7A, 0x31, 0x9D, 0x57, 0xEE, 0xC2, 0xEB,
    0x4E, 0xD0, 0x5B, 0xAF, 0xE6, 0xC2, 0x6E, 0x1D, 0x94, 0xBB, 0x6B, 0xE5, 0x7E, 0xD1, 0x39, 0x90,
    0x95, 0x0E, 0x75, 0xA4, 0x33, 0x0A, 0x36, 0x10, 0xAA, 0x6A, 0x7A, 0xC3, 0xE1, 0xB0, 0x6A, 0x52,
    0x1D, 0xBD, 0xB4, 0xE2, 0x7D, 0xD5, 0xDD, 0x66, 0x54, 0x50, 0x08, 0xB9, 0xED, 0xEB, 0xCC, 0x88,
    0x0D, 0xC9, 0x76, 0xB7, 0x5B, 0x96, 0xC7, 0xDB, 0x7E, 0xE9, 0x96, 0x5E, 0x0E, 0xD8, 0x4F, 0x49,
    0x84, 0x8C, 0xBE, 0xD1, 0x81, 0x25, 0x6C, 0xB8, 0xFB, 0x82, 0x22, 0xA1, 0x5A, 0x20, 0x66, 0x08,
    0x5B, 0xCD, 0x47, 0x5B, 0x87, 0x37, 0x02, 0x15, 0x69, 0x21, 0x13, 0xF6, 0xE9, 0xF3, 0x8C, 0x50,
    0x09, 0x9D, 0xC8, 0x94, 0x2E, 0x25, 0xE7, 0x9C, 0x9C, 0xF8, 0x2C, 0x7B, 0x6F, 0xF9, 0xDE, 0x6E,
    0xCB, 0x56, 0x66, 0xF9, 0xA3, 0x81, 0xDC, 0x63, 0xB9, 0x1B, 0x31, 0xA0, 0xBA, 0xAC, 0x17, 0x74,
    0xD8, 0xA3, 0xA4, 0xA0, 0xC7, 0x4E, 0x64, 0x62, 0x9D, 0xA8, 0x53, 0x66, 0x40, 0x4C, 0xD6, 0x3A,
    0xFB, 0xAC, 0x12, 0x23, 0x98, 0x1A, 0x67, 0xAA, 0xA6, 0x6E, 0x04, 0xEB, 0xDC, 0x21, 0x24, 0xA6,
    0xB6, 0x53, 0xBB, 0xCE, 0x1A, 0x53, 0xEB, 0x6C, 0x68, 0x22, 0x13, 0x79, 0x12, 0x84, 0x72, 0xF2,
    0x39, 0x5D, 0xFA, 0x94, 0xFE, 0x39, 0xA1, 0xD2, 0xA9, 0xDA, 0x3D, 0x29, 0x76, 0x3B, 0x27, 0xFD,
    0x62, 0x2F, 0x53, 0xBF, 0xD8, 0x33, 0x3B, 0x35, 0x99, 0x12, 0x2A, 0x61, 0x8B, 0x82, 0x48, 0x0A,
    0x15, 0x98, 0x60, 0xF9, 0x6B, 0x32, 0xF0, 0x9E, 0x1E, 0xE7, 0x4C, 0xC9, 0x96, 0x0C, 0x95, 0x9E,
    0xA1, 0xCA, 0x59, 0xAF, 0x23, 0xCC, 0x24, 0x30, 0x4D, 0xA8, 0x87, 0x83, 0xE1, 0xE9, 0xAB, 0xA6,
    0xFA, 0x59, 0xC3, 0x92, 0xCF, 0xAD, 0x37, 0x7C, 0x46, 0x8D, 0x98, 0x75, 0xCB, 0xD9, 0xFA, 0x4E,
    0x40, 0xB1, 0x4E, 0x35, 0x47, 0x58, 0xE2, 0xBF, 0xB2, 0x45, 0xB1, 0xBE, 0x71, 0x33, 0x35, 0xA6,
    0x72, 0x7A, 0x78, 0x44, 0xBD, 0xA8, 0xFD, 0x0D, 0xCE, 0x6B, 0x37, 0xCF, 0xDC, 0x22, 0x73, 0x73,
    0xC0, 0xDF, 0x66, 0xED, 0x2E, 0x92, 0x37, 0x11, 0x53, 0xD7, 0xB8, 0x65, 0x41, 0xE7, 0x4C, 0xED,
    0x8D, 0x06, 0x3A, 0x2C, 0x84, 0xAD, 0x65, 0x01, 0x40, 0x60, 0x21, 0xD2, 0x10, 0x4B, 0x48, 0x80,
    0x2E, 0x50, 0x02, 0x93, 0x6B, 0x90, 0xBA, 0x82, 0xB6, 0x5E, 0x43, 0xE7, 0x40, 0x03, 0xE1, 0x35,
    0x68, 0xFB, 0x1A, 0xB4, 0xB9, 0x2F, 0xD6, 0x9F, 0x8C, 0xEE, 0x71, 0xD8, 0xC3, 0x8E, 0xB0, 0x53,
    0x67, 0xA6, 0x4E, 0xB7, 0x4D, 0x9B, 0x21, 0xDA, 0xEF, 0xBD, 0x8A, 0x6F, 0xD5, 0x92, 0x83, 0xF3,
    0xC9, 0xE1, 0xC6, 0xE1, 0xED, 0x9D, 0xFD, 0x26, 0x51, 0x99, 0xFE, 0xD2, 0x2C, 0x4B, 0x0A, 0x93,
    0x20, 0x88, 0x65, 0xAC, 0x2A, 0xD9, 0x27, 0x75, 0x97, 0xA9, 0x5B, 0x00, 0xBE, 0x49, 0xAF, 0xDE,
    0x81, 0x90, 0xA1, 0x0E, 0x1B, 0x7F, 0xA5, 0x94, 0xA4, 0x5F, 0xFB, 0xC4, 0x6A, 0x72, 0x4A, 0x9F,
    0xCA, 0x03, 0x82, 0x55, 0x00, 0x0E, 0xE8, 0x9C, 0x98, 0xFE, 0xBF, 0xB6, 0xFF, 0xA7, 0x09, 0x24,
    0xC7, 0xE7, 0xCF, 0x9F, 0xF8, 0x3C, 0x99, 0xBB, 0x2C, 0xD9, 0x2A, 0xE8, 0xF4, 0xD8, 0x4B, 0xFE,
    0x9F, 0xF6, 0xF5, 0xC4, 0x1E, 0x4F, 0xB5, 0x53, 0x91, 0xF2, 0xB5, 0x61, 0x13, 0x31, 0xB3, 0x99,
    0xD3, 0xBD, 0xBF, 0x65, 0xA0, 0x60, 0x0F, 0xFA, 0xB0, 0x8B, 0xB0, 0x93, 0xD4, 0x99, 0x22, 0x53,
    0x9C, 0x11, 0x34, 0x60, 0x09, 0x4D, 0x2E, 0x2E, 0x26, 0x6B, 0x99, 0xED, 0x08, 0x25, 0xC6, 0x66,
    0xF9, 0xC9, 0x91, 0x04, 0xA2, 0x98, 0x74, 0xD9, 0xB6, 0x5A, 0x59, 0xA3, 0x95, 0x6D, 0x6A, 0x79,
    0x35, 0x93, 0x2E, 0x9A, 0x27, 0x4D, 0x6B, 0x0C, 0x30, 0x34, 0x77, 0x7E, 0x64, 0xC8, 0xE7, 0xB7,
    0xC6, 0x30, 0x60, 0x4C, 0xA8, 0xD8, 0xE4, 0x85, 0x64, 0x73, 0xF8, 0x12, 0x56, 0xAF, 0x4C, 0x7B,
    0x6C, 0x81, 0x36, 0xA4, 0x0D, 0x6E, 0x3F, 0x6B, 0x13, 0xBC, 0x0A, 0x7F, 0x5A, 0xB9, 0xCA, 0xF7,
    0x61, 0xF0, 0xC1, 0xCD, 0x43, 0xC3, 0x29, 0x09, 0xBF, 0x63, 0xB8, 0xFF, 0x64, 0x62, 0x9F, 0xF6,
    0xE2, 0x0B, 0x3F, 0x34, 0xC9, 0xDD, 0x3F, 0x96, 0xB3, 0x0C, 0x5F, 0xC8, 0x5A, 0x56, 0xFC, 0xA6,
    0xEE, 0x12, 0xCA, 0x9A, 0xA7, 0x1C, 0xF9, 0xB5, 0x47, 0xA6, 0x62, 0x9D, 0xA9, 0x1E, 0x66, 0x85,
    0xD3, 0x44, 0x26, 0x9F, 0xA8, 0xD3, 0x47, 0xDA, 0x0C, 0xED, 0xED, 0x6D, 0x21, 0x0E, 0x8E, 0x3B,
    0x07, 0xA5, 0xE0, 0xBD, 0x71, 0x6D, 0x52, 0xF5, 0xAE, 0x82, 0xEC, 0x3B, 0x35, 0x9A, 0x4D, 0xBC,
    0xD4, 0xAE, 0xC9, 0x1E, 0xAB, 0x1D, 0x7E, 0x95, 0x4E, 0x7E, 0x44, 0x44, 0x01, 0x34, 0x07, 0x10,
    0x9B, 0xC4, 0x70, 0x24, 0x43, 0xE7, 0x2E, 0x20, 0x73, 0x8A, 0x73, 0x08, 0x6C, 0x09, 0x42, 0xA7,
    0x8A, 0x9A, 0xB8, 0x05, 0x8E, 0x2E, 0x25, 0x95, 0x73, 0xC6, 0xBF, 0xFA, 0xCD, 0x2A, 0xDC, 0x98,
    0x91, 0xDF, 0x38, 0x7B, 0xCE, 0xC7, 0x4E, 0x72, 0xCB, 0x9F, 0x99, 0xBA, 0x4B, 0x3F, 0xF8, 0x1C,
    0xE9, 0x14, 0x42, 0x7B, 0x0C, 0x34, 0xBC, 0x96, 0x50, 0x4D, 0x7D, 0x70, 0xE3, 0x96, 0xA6, 0x3D,
    0x02, 0x20, 0x7E, 0xD8, 0x1D, 0xE6, 0x79, 0x3E, 0x78, 0x68, 0xF6, 0xC7, 0xA9, 0xCC, 0xF5, 0xF7,
    0xEA, 0x92, 0x31, 0x15, 0xAB, 0x3C, 0x58, 0xBA, 0xA5, 0x30, 0xBB, 0x79, 0x2B, 0xE3, 0x54, 0xDD,
    0xD8, 0x58, 0xFA, 0xF2, 0xB3, 0x87, 0xA6, 0xAB, 0x12, 0xDD, 0x6B, 0xE9, 0x1D, 0x90, 0xC1, 0x2A,
    0x9B, 0xD7, 0xF2, 0xA8, 0x55, 0xEF, 0x58, 0xB1, 0x5B, 0xB9, 0x8F, 0x1E, 0xE4, 0x83, 0xC1, 0x78,
    0xED, 0x1F, 0xB3, 0x56, 0x0C, 0x36, 0xF3, 0xC1, 0x83, 0x7C, 0x9C, 0x0F, 0x74, 0x3E, 0xD6, 0xEF,
    0xE8, 0x3D, 0x1E, 0x90, 0xFB, 0x67, 0xC0, 0xBD, 0xAF, 0xF2, 0xC1, 0xD8, 0x1C, 0x8F, 0xCD, 0xA7,
    0xEA, 0x33, 0x1E, 0x51, 0x70, 0x63, 0x63, 0xF5, 0x2C, 0x56, 0x31, 0xF7, 0xD5, 0x50, 0xFF, 0x07,
    0xCD, 0xBC, 0x81, 0xAB, 0x25, 0xC7, 0x95, 0xDF, 0xFF, 0xE9, 0x2E, 0x59, 0x8D, 0xDD, 0x68, 0x4A,
    0xC0, 0x02, 0xBB, 0x3F, 0x59, 0xAF, 0x17, 0x30, 0x60, 0x7E, 0xD1, 0xEB, 0x06, 0x30, 0x20, 0x92,
    0xEE, 0x7B, 0x5B, 0x12, 0x60, 0xC0, 0x04, 0x1B, 0x20, 0x00, 0x84, 0x60, 0x03, 0x0B, 0x24, 0x64,
    0x89, 0x04, 0x11, 0x70, 0x13, 0x7A, 0xF4, 0x5A, 0x16, 0x24, 0xC0, 0x42, 0x76, 0xFE, 0x82, 0x5D,
    0x03, 0x0E, 0x00, 0x21, 0x58, 0x81, 0x07, 0xDB, 0x84, 0x2B, 0xDD, 0x92, 0x06, 0x30, 0x20, 0x88,
    0x7A, 0x64, 0xC0, 0x80, 0x49, 0xD4, 0x1B, 0x2B, 0x6C, 0xC8, 0x66, 0x33, 0xB5, 0x52, 0x6F, 0xD2,
    0x63, 0xDF, 0x77, 0x2B, 0x7D, 0xAA, 0xFB, 0xBD, 0xD6, 0x7D, 0x33, 0x96, 0x2C, 0x69, 0x46, 0xD9,
    0x9E, 0x7B, 0xBE, 0x6F, 0xEE, 0x7D, 0xB7, 0xAB, 0xCE, 0x39, 0x55, 0x75, 0xCE, 0xA9, 0x53, 0xA7,
    0x1F, 0xC1, 0x2D, 0x08, 0x2C, 0xD0, 0x03, 0xCF, 0x02, 0x5F, 0xE7, 0xEA, 0x3A, 0x73, 0x1D, 0x3B,
    0xD7, 0xD2, 0x03, 0x76, 0xFA, 0x5A, 0xD8, 0x8D, 0xD4, 0x82, 0x72, 0x17, 0x9E, 0xA2, 0x1A, 0xE2,
    0x91, 0x74, 0x09, 0x9A, 0x89, 0x12, 0x20, 0x05, 0xD6, 0xCE, 0x7A, 0x42, 0xDD, 0x36, 0x44, 0x3F,
    0x35, 0xA8, 0x17, 0xEA, 0x87, 0xDB, 0xB6, 0x90, 0xE3, 0xCC, 0x1D, 0xA0, 0x81, 0xEB, 0x6D, 0x29,
    0x37, 0x8C, 0xE4, 0x50, 0x26, 0x31, 0xD1, 0xF8, 0x2F, 0xAE, 0x55, 0xAB, 0x4B, 0x65, 0x34, 0xD1,
    0x48, 0xB1, 0x49, 0x48, 0xCA, 0x54, 0x5F, 0x50, 0xE8, 0x1E, 0xBC, 0x22, 0x62, 0x33, 0xF5, 0x92,
    0x03, 0xAF, 0xC3, 0xC2, 0x6B, 0xCB, 0xCE, 0x99, 0x07, 0xF2, 0x2A, 0x64, 0x20, 0x32, 0xBF, 0x99,
    0xD7, 0x62, 0x6E, 0x91, 0xC7, 0x5D, 0xC7, 0xDA, 0xF5, 0x5C, 0xF0, 0xA4, 0xB2, 0x73, 0x6F, 0x25,
    0x64, 0x5E, 0x9E, 0xBD, 0xA7, 0x0A, 0x8E, 0xA8, 0x60, 0xFA, 0xBD, 0x6E, 0x1F, 0x23, 0x72, 0x17,
    0xB0, 0x1B, 0xE0, 0xA9, 0x03, 0x38, 0x57, 0x87, 0x7D, 0x58, 0xAA, 0x76, 0xEA, 0x5B, 0x48, 0x09,
    0x4F, 0x03, 0xB0, 0x2B, 0x21, 0xB9, 0x7C, 0xB3, 0x05, 0xF2, 0x99, 0xB6, 0x7C, 0x2F, 0xEC, 0xD9,
    0xB9, 0x8E, 0xEC, 0x00, 0x54, 0x34, 0xF4, 0xD8, 0xC0, 0x86, 0x5D, 0xD8, 0xA9, 0x56, 0x79, 0x1D,
    0xE9, 0x52, 0xA3, 0x49, 0x48, 0x29, 0xC8, 0xE1, 0x43, 0xC3, 0x47, 0x86, 0x5F, 0xD6, 0x4C, 0x57,
    0x05, 0x0D, 0xF4, 0x60, 0x45, 0x0D, 0x61, 0x27, 0x2F, 0xD5, 0xA2, 0x8C, 0x70, 0x10, 0xD7, 0x22,
    0x8F, 0x46, 0x5E, 0x09, 0xA4, 0x50, 0x40, 0x3E, 0xDF, 0xB6, 0xB9, 0xEF, 0xCE, 0xF6, 0xBE, 0x3B,
    0xCB, 0xEB, 0x77, 0x56, 0x04, 0x3D, 0xAE, 0xC3, 0x95, 0x88, 0xC8, 0x2D, 0x84, 0xCE, 0x89, 0xA8,
    0x6D, 0x24, 0x38, 0xB2, 0x8B, 0x0C, 0x66, 0x29, 0xCA, 0x9F, 0xD4, 0x3E, 0x61, 0x72, 0x28, 0x39,
    0x21, 0x73, 0x1D, 0xA7, 0x14, 0x41, 0x4F, 0x4E, 0x4E, 0x33, 0x52, 0x45, 0xC5, 0xC6, 0x63, 0x4F,
    0x43, 0x83, 0xA5, 0xA7, 0x57, 0x2D, 0x36, 0xB2, 0xCE, 0x04, 0x63, 0xD3, 0x07, 0x42, 0x77, 0x4F,
    0x98, 0xD5, 0x40, 0x43, 0x02, 0xF4, 0xA4, 0x80, 0xA5, 0x40, 0x18, 0xCF, 0x11, 0xDE, 0x05, 0x5B,
    0x2A, 0x64, 0x7E, 0xB9, 0x7B, 0x1E, 0x5D, 0x1D, 0x19, 0xAC, 0x1E, 0x59, 0x0A, 0xAC, 0xEA, 0x74,
    0x29, 0x5A, 0xD5, 0x84, 0x9D, 0xE0, 0xA8, 0xDB, 0x36, 0x41, 0xF4, 0x9B, 0x12, 0x99, 0xA4, 0x2E,
    0x88, 0xDC, 0x81, 0x9C, 0xD8, 0x75, 0x9F, 0x3C, 0x83, 0xA7, 0xB6, 0x4B, 0xD5, 0xC6, 0xE3, 0xBD,
    0x22, 0xAE, 0x32, 0x1F, 0x9B, 0xC1, 0x75, 0x82, 0x2E, 0xD3, 0x91, 0x0A, 0x34, 0xC0, 0x1F, 0x08,
    0xF4, 0x4C, 0xB3, 0x92, 0xB8, 0x04, 0x9E, 0xE0, 0xE3, 0xD7, 0x86, 0x15, 0x34, 0x0C, 0xD0, 0x4B,
    0xF3, 0x36, 0x36, 0x04, 0x36, 0x93, 0xBE, 0xB6, 0x23, 0xDC, 0xB1, 0xD2, 0xA3, 0x99, 0x21, 0xBA,
    0x3D, 0x42, 0xFC, 0xC3, 0x0E, 0xF4, 0x73, 0x16, 0x34, 0xBD, 0xC0, 0x16, 0x12, 0x72, 0x48, 0xA5,
    0xA5, 0x82, 0x04, 0x72, 0x44, 0xFD, 0x7C, 0x13, 0x20, 0x15, 0xD0, 0x02, 0x51, 0x0D, 0x84, 0x06,
    0x96, 0xAB, 0x22, 0x36, 0xA2, 0x52, 0x43, 0xCF, 0xDA, 0x60, 0x71, 0xA3, 0xA6, 0xC2, 0xBB, 0x65,
    0xD8, 0x45, 0xEF, 0x32, 0x6A, 0x29, 0x41, 0xB5, 0x45, 0x8A, 0x32, 0x4D, 0x4A, 0xF4, 0x96, 0x2D,
    0x88, 0x5F, 0x33, 0x39, 0xFA, 0xBB, 0x65, 0x85, 0x4E, 0x69, 0xD0, 0x1B, 0x7A, 0x12, 0x8B, 0x25,
    0x93, 0xBB, 0xD7, 0xA3, 0x86, 0x59, 0x21, 0x72, 0x7C, 0x85, 0x5B, 0xA0, 0x9F, 0xEF, 0x20, 0x72,
    0x35, 0xF0, 0x4F, 0x58, 0x2E, 0x22, 0xC3, 0x0A, 0x65, 0xA8, 0x44, 0x2B, 0x03, 0x61, 0x17, 0xC8,
    0x04, 0x54, 0xED, 0x24, 0x3E, 0xE7, 0x1A, 0xD8, 0xAC, 0x80, 0xBC, 0x12, 0xE8, 0x81, 0xD4, 0x82,
    0xF0, 0x09, 0xBA, 0x06, 0x32, 0x80, 0x9B, 0xCC, 0xEB, 0xC9, 0x75, 0xD3, 0x0A, 0x9B, 0x24, 0xAA,
    0x85, 0xB1, 0x92, 0x1E, 0x0D, 0x96, 0x84, 0xC0, 0x92, 0x0A, 0x4F, 0x1E, 0x0A, 0xE9, 0x32, 0xF7,
    0x9D, 0x0B, 0x1B, 0x8D, 0x7C, 0xBD, 0x97, 0xAF, 0xDB, 0x19, 0xE4, 0xEB, 0xC9, 0xF4, 0x75, 0xD5,
    0xCA, 0x4C, 0x30, 0x13, 0xA0, 0x01, 0x4E, 0x04, 0x4E, 0x05, 0x0A, 0x98, 0x98, 0x11, 0xD1, 0x45,
    0x79, 0xFC, 0x99, 0x41, 0xD6, 0x65, 0xF8, 0xB3, 0x16, 0xF5, 0x76, 0xEB, 0x85, 0x4F, 0x82, 0x8E,
    0x22, 0xB0, 0x9C, 0x39, 0x8B, 0x73, 0x36, 0xE8, 0xB0, 0xCA, 0xD0, 0x4B, 0x9F, 0xBA, 0xA4, 0xC9,
    0xA0, 0x29, 0xA0, 0x92, 0xDF, 0x8B, 0x09, 0x78, 0xB0, 0xE5, 0xED, 0x26, 0xCB, 0x6B, 0xD6, 0x78,
    0x4B, 0x50, 0xEA, 0x5A, 0x73, 0x69, 0x11, 0x32, 0x52, 0xDE, 0x10, 0x03, 0x36, 0x52, 0x0D, 0x67,
    0x07, 0x26, 0x0B, 0xAE, 0x2C, 0x96, 0x3E, 0x18, 0x51, 0x94, 0x1B, 0xB6, 0x51, 0xEB, 0xE7, 0xAC,
    0x1B, 0x88, 0xEA, 0x8C, 0xB8, 0x96, 0x96, 0x64, 0xBE, 0x4E, 0x94, 0xA0, 0xEB, 0x94, 0x35, 0x6B,
    0x77, 0x31, 0x52, 0xFB, 0xF0, 0xAC, 0x2B, 0xDA, 0xB9, 0x2B, 0x3C, 0x21, 0x05, 0x4E, 0xE7, 0xDF,
    0xE6, 0x1E, 0x2B, 0xA0, 0x99, 0x96, 0x99, 0xA0, 0x30, 0x0D, 0xC2, 0x36, 0x08, 0xE3, 0xD2, 0x95,
    0x74, 0x2C, 0x6E, 0x02, 0x34, 0x82, 0x7E, 0xE6, 0xB0, 0x25, 0x32, 0xD2, 0xAE, 0xDB, 0x7B, 0x1C,
    0x48, 0x80, 0x86, 0x14, 0xE8, 0x29, 0x00, 0x4B, 0x2E, 0x2D, 0x3D, 0x6C, 0xBF, 0x99, 0x90, 0x92,
    0x81, 0xA6, 0x60, 0x0B, 0x51, 0x9D, 0x87, 0x9E, 0xC9, 0x3C, 0x32, 0xD2, 0x60, 0x95, 0x00, 0xD8,
    0xE6, 0x26, 0x40, 0xD3, 0xF7, 0x30, 0xE9, 0x12, 0xBC, 0x3A, 0x21, 0xFC, 0xF0, 0x97, 0x06, 0x88,
    0xDE, 0x7B, 0xAF, 0x03, 0xF4, 0x0B, 0xB2, 0xBE, 0x59, 0x29, 0xD3, 0x03, 0xDB, 0xC8, 0x54, 0x10,
    0xDA, 0xB8, 0xCE, 0x21, 0x6A, 0xC5, 0x8C, 0x20, 0x63, 0x9D, 0xC0, 0x1A, 0x19, 0x72, 0x78, 0xF1,
    0x9E, 0xF7, 0x32, 0x94, 0xB1, 0xF0, 0xDD, 0x2D, 0xA3, 0x91, 0xD4, 0x9C, 0x89, 0x27, 0xEA, 0xE6,
    0x65, 0x91, 0x20, 0x72, 0xCC, 0x04, 0x64, 0x7C, 0x63, 0x9E, 0x27, 0x4F, 0xB9, 0xFA, 0x51, 0xAE,
    0x7B, 0x6E, 0x7D, 0x15, 0xB0, 0x05, 0x93, 0x5B, 0xE4, 0xFF, 0x2B, 0xBF, 0x1C, 0x7B, 0xF3, 0x08,
    0xCD, 0xA8, 0x73, 0x56, 0x5C, 0x9C, 0x38, 0x55, 0xEF, 0x1C, 0xBD, 0x7B, 0xF4, 0x0E, 0x52, 0x5C,
    0x24, 0x1E, 0xB4, 0xF8, 0x36, 0x0D, 0xA7, 0xD3, 0x7D, 0xA9, 0x40, 0x01, 0x1B, 0x81, 0x9E, 0x1C,
    0xEC, 0x64, 0xEC, 0x1A, 0xFC, 0xAA, 0x3A, 0x80, 0x85, 0x33, 0x44, 0x8C, 0x1D, 0x9C, 0xD5, 0x38,
    0x70, 0x25, 0xBF, 0x26, 0xB8, 0x5B, 0x06, 0x7F, 0x59, 0xAA, 0x51, 0x1B, 0x7F, 0x51, 0x46, 0x7F,
    0x4A, 0xF8, 0xF3, 0x5A, 0xA7, 0xA8, 0xDB, 0x75, 0x7A, 0x3A, 0xA2, 0xC9, 0x0B, 0xA2, 0xD7, 0xCC,
    0x79, 0x2E, 0x7A, 0xB1, 0x15, 0xFA, 0x85, 0xB7, 0xDB, 0x06, 0x1D, 0xDE, 0x36, 0xFD, 0x88, 0xEF,
    0x63, 0x39, 0x09, 0x0E, 0x58, 0x4E, 0x83, 0x7D, 0x60, 0x29, 0x18, 0xBC, 0x5B, 0xF4, 0x86, 0x75,
    0x73, 0xDD, 0xDA, 0x2D, 0x86, 0x2E, 0x23, 0x6C, 0x49, 0xC5, 0xA9, 0x5D, 0x08, 0xEC, 0x89, 0xEA,
    0xC9, 0x8C, 0x6E, 0xE5, 0x9B, 0x03, 0x9A, 0xFB, 0x6D, 0x69, 0x21, 0x90, 0xE3, 0x43, 0x9D, 0x43,
    0x29, 0xAB, 0x2B, 0x18, 0x82, 0x41, 0x75, 0x54, 0xB1, 0xA1, 0xD0, 0x25, 0x69, 0x06, 0xE9, 0x6A,
    0xA4, 0x62, 0xA4, 0x0A, 0x8A, 0x6A, 0xB2, 0xE6, 0xD5, 0x48, 0x43, 0x41, 0x60, 0xD7, 0xA8, 0x56,
    0xD7, 0x49, 0x2D, 0x5E, 0xD7, 0xCF, 0xDB, 0x33, 0x99, 0xD8, 0x3B, 0xE7, 0x26, 0xCB, 0x7D, 0xCD,
    0x14, 0x87, 0xED, 0x35, 0xCB, 0xBD, 0x18, 0xFA, 0x4F, 0xFD, 0x3A, 0x67, 0xF7, 0x64, 0xF9, 0xD5,
    0xF4, 0x71, 0xEB, 0xED, 0xE1, 0x14, 0x5D, 0xD9, 0xB0, 0x55, 0x9D, 0x6A, 0xC5, 0x87, 0x67, 0x9E,
    0x8B, 0xD8, 0xFD, 0xE8, 0xB7, 0x8D, 0x15, 0x7F, 0xFF, 0x7A, 0xAC, 0xB8, 0x5A, 0xBE, 0xF7, 0xA9,
    0xB1, 0xA2, 0xB8, 0x13, 0x2F, 0x6C, 0x71, 0x7C, 0xD3, 0x12, 0x6D, 0x1C, 0xDB, 0xA8, 0xC5, 0xE2,
    0x1E, 0x5B, 0xDD, 0x47, 0xE8, 0x45, 0xD1, 0xA5, 0x88, 0xFB, 0x01, 0x32, 0x20, 0xA8, 0x7B, 0x69,
    0x62, 0xB4, 0x29, 0x24, 0x60, 0xCA, 0x43, 0xBB, 0xA2, 0x0A, 0x6C, 0x4E, 0xC5, 0x08, 0x4D, 0x60,
    0x2B, 0x59, 0x71, 0x95, 0xCC, 0xB2, 0x22, 0xB0, 0x91, 0xC9, 0xC2, 0x2E, 0x29, 0xF5, 0xCF, 0xEE,
    0xBC, 0x29, 0x73, 0xA9, 0x87, 0x17, 0x7F, 0x35, 0xB1, 0x3A, 0xF1, 0x4D, 0x2E, 0x6A, 0x4B, 0x49,
    0x20, 0xA1, 0x90, 0x7E, 0xFA, 0x79, 0x29, 0xAA, 0x9F, 0x1A, 0x50, 0x77, 0x81, 0xE0, 0x02, 0x60,
    0x00, 0xD4, 0x1E, 0x88, 0xB7, 0x40, 0xE2, 0x07, 0x22, 0x01, 0x06, 0x3D, 0xD9, 0xC8, 0x69, 0x0D,
    0x6A, 0x89, 0xB6, 0xC5, 0x02, 0x7C, 0x31, 0xCF, 0xCF, 0x03, 0x3D, 0xFF, 0x41, 0xC0, 0x33, 0x93,
    0x5F, 0x41, 0x05, 0x48, 0x2F, 0x4C, 0x31, 0x64, 0x82, 0xF2, 0xF1, 0x63, 0x81, 0x58, 0x6D, 0x21,
    0x5D, 0x8E, 0xC4, 0xBA, 0xCC, 0x48, 0x9C, 0x44, 0xAE, 0x6F, 0x7C, 0xF2, 0x20, 0x8B, 0x85, 0x48,
    0x68, 0xBC, 0xCD, 0xE8, 0xA9, 0x28, 0xB0, 0xF2, 0x2E, 0xB0, 0xF2, 0x2E, 0xEC, 0xB0, 0x23, 0xB6,
    0xF2, 0x99, 0x6A, 0xE5, 0x33, 0xEF, 0x0E, 0x47, 0x2D, 0xCB, 0xBB, 0xB8, 0x96, 0x77, 0xE2, 0xC7,
    0xC3, 0x56, 0x23, 0x9F, 0x69, 0xE4, 0xB3, 0x04, 0xF9, 0x2C, 0x45, 0xDE, 0xAD, 0xDD, 0x78, 0x95,
    0x1E, 0xA1, 0xFA, 0x84, 0xBE, 0xF2, 0xB9, 0xAF, 0xEE, 0x93, 0xFB, 0x12, 0xFC, 0xC4, 0xBE, 0xF6,
    0x1E, 0x07, 0x00, 0xCE, 0x3D, 0xDA, 0x05, 0x03, 0xBB, 0xDE, 0xC3, 0xD9, 0x9E, 0x07, 0x46, 0xD6,
    0xE1, 0x1C, 0xE9, 0x28, 0x93, 0xF9, 0x0D, 0x84, 0xD8, 0xD7, 0x25, 0xDA, 0xC9, 0x48, 0x78, 0x83,
    0xCC, 0x0D, 0x53, 0xA4, 0xB3, 0xC1, 0x8B, 0xE2, 0x25, 0xF1, 0x82, 0x78, 0x39, 0xBC, 0x18, 0x5E,
    0x63, 0x34, 0x4A, 0xE2, 0x29, 0xE5, 0xF6, 0x22, 0xC2, 0x99, 0x48, 0x90, 0x88, 0x00, 0x63, 0x54,
    0xA6, 0xD1, 0xC2, 0x7E, 0x22, 0xDC, 0xAF, 0x84, 0xF9, 0xBD, 0xF0, 0xDE, 0xEB, 0x51, 0x4D, 0xA5,
    0x2E, 0xD9, 0x5C, 0xE7, 0xEE, 0x7A, 0x2C, 0xB6, 0x67, 0x6C, 0xF0, 0x32, 0x16, 0x2B, 0x8F, 0x63,
    0xB1, 0xED, 0x55, 0x2C, 0x16, 0xEC, 0x7A, 0x59, 0x01, 0x04, 0x24, 0x66, 0x5A, 0xC3, 0xE1, 0xD4,
    0x9A, 0xD0, 0xCE, 0xC7, 0x83, 0x47, 0xEB, 0x7B, 0xB1, 0x27, 0x2B, 0xBE, 0x17, 0xEC, 0x7D, 0x38,
    0xF8, 0xE2, 0x01, 0xD8, 0xF0, 0xD4, 0x05, 0x34, 0x53, 0x3C, 0xA6, 0xFA, 0xA8, 0x93, 0xE5, 0x1D,
    0xF4, 0x81, 0x4D, 0x10, 0x03, 0xBF, 0x82, 0x6D, 0xD8, 0xE6, 0x50, 0x09, 0x67, 0x6C, 0x25, 0xC6,
    0xA3, 0x89, 0xEA, 0x1E, 0x86, 0x58, 0xB0, 0x97, 0x35, 0x16, 0x58, 0x4D, 0x8F, 0xEA, 0x34, 0x8D,
    0x8F, 0xF7, 0xAA, 0x39, 0xE2, 0x7B, 0x85, 0x02, 0xED, 0x06, 0x72, 0x02, 0x77, 0x0B, 0x42, 0x77,
    0x41, 0xE2, 0xF6, 0xAC, 0xC8, 0xD9, 0xCE, 0x3B, 0xB2, 0x9E, 0x9E, 0x01, 0xCB, 0xCD, 0xC0, 0xFA,
    0xDD, 0x9B, 0x1E, 0x29, 0x53, 0x2D, 0x37, 0x95, 0x61, 0x88, 0x8C, 0xAC, 0xC5, 0xC8, 0xF8, 0x71,
    0x2A, 0xD7, 0xDE, 0x8D, 0x26, 0xB0, 0xFB, 0x76, 0xA9, 0xDC, 0x2F, 0x4A, 0x6D, 0x76, 0x64, 0xAC,
    0x29, 0x58, 0x51, 0x8D, 0xD8, 0x8C, 0xD4, 0x93, 0x8F, 0xB4, 0x95, 0x46, 0x45, 0x1C, 0xB6, 0xB1,
    0x65, 0xBD, 0xB7, 0x24, 0x9D, 0x05, 0x80, 0x60, 0x67, 0x48, 0x5C, 0xCD, 0x9B, 0xA5, 0xD7, 0x58,
    0x34, 0x6B, 0x45, 0x3F, 0xD5, 0x91, 0xEE, 0x46, 0xD6, 0xDA, 0x9B, 0xAC, 0x49, 0xB9, 0x89, 0x48,
    0x91, 0xD0, 0x90, 0x8D, 0x94, 0x72, 0x4E, 0x31, 0x52, 0xC5, 0x86, 0x81, 0x42, 0x59, 0x12, 0x67,
    0x88, 0x0E, 0x40, 0xD2, 0x83, 0x3B, 0xA0, 0xBA, 0x84, 0xD8, 0x4C, 0x23, 0x95, 0x70, 0x53, 0x44,
    0xF1, 0x11, 0x9D, 0x08, 0x5A, 0x78, 0x0E, 0x73, 0x92, 0x72, 0x4B, 0xEC, 0x2C, 0x81, 0x1F, 0xBF,
    0x5B, 0x91, 0xEB, 0x03, 0x1A, 0xE4, 0xD5, 0x13, 0x77, 0xC1, 0xAE, 0x8C, 0x7B, 0xD6, 0x20, 0xCA,
    0x66, 0xD4, 0xC7, 0x38, 0x6B, 0x4C, 0x7C, 0x28, 0xC7, 0x6F, 0x12, 0xBA, 0x7E, 0x36, 0xA5, 0x29,
    0xA0, 0x27, 0x7A, 0xF3, 0xBB, 0xA3, 0x16, 0xDE, 0x17, 0x2D, 0x94, 0xA2, 0x85, 0xFC, 0x8A, 0xE3,
    0x94, 0x7E, 0xD1, 0x84, 0xD8, 0x50, 0xAA, 0xA8, 0x23, 0x73, 0x35, 0xF1, 0x3D, 0xE0, 0xAC, 0x55,
    0xCE, 0x6A, 0x33, 0x64, 0x34, 0x05, 0x7D, 0x15, 0xDB, 0xD1, 0x79, 0xB9, 0x0F, 0xE8, 0x91, 0x57,
    0xE3, 0x7B, 0xCE, 0x9C, 0x89, 0x0E, 0x62, 0xB6, 0xFB, 0x70, 0xAF, 0x1C, 0x56, 0xEF, 0xD1, 0xA5,
    0x5D, 0x41, 0xFC, 0x6A, 0x57, 0x79, 0x8B, 0xDA, 0x8F, 0xF8, 0x5A, 0x6B, 0x47, 0x94, 0xD0, 0x05,
    0x3D, 0x61, 0xF4, 0xC3, 0x16, 0x92, 0x58, 0xB0, 0xF0, 0xBB, 0xB3, 0xAD, 0x0E, 0x2C, 0x6B, 0xAB,
    0x71, 0x66, 0x5D, 0x9F, 0x90, 0x99, 0xC7, 0x5D, 0xA9, 0x5D, 0xF7, 0x95, 0xC0, 0x82, 0x7F, 0xA9,
    0x2E, 0x94, 0x8D, 0x43, 0x49, 0x64, 0xA6, 0xF4, 0x40, 0x19, 0x1B, 0xE7, 0xCA, 0x17, 0x07, 0x64,
    0x85, 0x2E, 0xB3, 0x3F, 0x21, 0xE5, 0x84, 0x62, 0xC4, 0x7C, 0xC4, 0x6A, 0xC4, 0x8D, 0xC8, 0xC6,
    0x40, 0x13, 0x0E, 0x6C, 0xE3, 0x7E, 0x19, 0xE5, 0x1F, 0x3C, 0x3E, 0x79, 0xA7, 0xAA, 0x80, 0xAC,
    0x87, 0xA0, 0x04, 0xF8, 0xDC, 0xED, 0x85, 0x5D, 0x64, 0x26, 0x4B, 0x5C, 0x10, 0x99, 0x81, 0x68,
    0x74, 0x27, 0xF1, 0x1F, 0x19, 0xB4, 0xC3, 0x53, 0x22, 0xC1, 0x59, 0x64, 0x48, 0x55, 0x4B, 0x11,
    0x5A, 0x72, 0x2C, 0x15, 0x0D, 0x53, 0xD0, 0x3F, 0xD2, 0x64, 0xB6, 0x2B, 0x34, 0x0D, 0x27, 0xF4,
    0x9C, 0x32, 0x7D, 0x49, 0x2C, 0xCA, 0x26, 0x14, 0x2B, 0xD2, 0x86, 0x56, 0x99, 0x75, 0x3B, 0x92,
    0x58, 0xDB, 0x9E, 0xD8, 0xAA, 0x01, 0xDD, 0xA9, 0x3D, 0x59, 0x17, 0x6D, 0x79, 0xA5, 0x8D, 0xFE,
    0x90, 0x8F, 0x4C, 0xFC, 0x8F, 0x82, 0x5F, 0x1A, 0xFD, 0xB4, 0xFA, 0x69, 0xAD, 0x6F, 0xC4, 0xDF,
    0xA9, 0x4F, 0xB4, 0xD6, 0xE5, 0x89, 0x3E, 0xD5, 0x9C, 0xC6, 0x95, 0x26, 0x8F, 0xEC, 0xC9, 0x08,
    0x5D, 0x4A, 0x25, 0x9C, 0xCE, 0xF9, 0x9D, 0x56, 0xE2, 0xC9, 0xC8, 0x53, 0x64, 0xBC, 0xC5, 0x73,
    0xAE, 0x1C, 0x89, 0x04, 0x4D, 0xEA, 0xB5, 0x90, 0xFA, 0xF9, 0x99, 0x93, 0x7B, 0x2D, 0x90, 0x5D,
    0xCD, 0xE7, 0x32, 0x36, 0xD3, 0x3E, 0x2E, 0x21, 0xBA, 0xF2, 0x42, 0x05, 0xBA, 0x2C, 0xFC, 0x7D,
    0x2B, 0xF4, 0x32, 0x9F, 0x09, 0xDF, 0xBE, 0x40, 0xBD, 0xEB, 0x4A, 0xB5, 0xD7, 0x75, 0x64, 0xE3,
    0xA9, 0x37, 0x7F, 0xFF, 0xC7, 0x35, 0x9E, 0x72, 0x7A, 0xD4, 0x5F, 0x05, 0xAF, 0x9F, 0x95, 0x7C,
    0xE4, 0x5A, 0x5C, 0x68, 0x83, 0x3D, 0x36, 0xEC, 0xE9, 0x43, 0x8B, 0x55, 0xDD, 0x48, 0xAD, 0x78,
    0xFC, 0xB0, 0x8B, 0x47, 0xFD, 0xC7, 0x6D, 0x6C, 0xB4, 0xCD, 0xD0, 0x67, 0x17, 0x24, 0x49, 0xB7,
    0x44, 0x4E, 0xD7, 0x7C, 0x1F, 0xC9, 0x80, 0xDB, 0x2B, 0xFB, 0x58, 0x2C, 0xDE, 0x7B, 0xC9, 0x2C,
    0x4D, 0xAF, 0x15, 0x24, 0xE5, 0xF7, 0xB4, 0x6B, 0x47, 0x96, 0xC3, 0xB7, 0xF7, 0xE1, 0x20, 0x3C,
    0x27, 0x0E, 0xF5, 0x3F, 0xF5, 0x46, 0x33, 0xF2, 0xED, 0xFD, 0x9D, 0xAC, 0x63, 0xCF, 0x39, 0x42,
    0x09, 0x42, 0xA9, 0xA7, 0x53, 0x4F, 0x85, 0xA7, 0xDC, 0x53, 0xE5, 0xA9, 0x11, 0x9A, 0x96, 0x4F,
    0x36, 0x39, 0x42, 0x59, 0xF8, 0x02, 0xFD, 0xEC, 0x34, 0x0A, 0x65, 0xE0, 0x34, 0xAE, 0xE1, 0x44,
    0x33, 0x42, 0x0A, 0xDC, 0xC8, 0x01, 0xBD, 0x11, 0xB0, 0x02, 0x1D, 0x93, 0x95, 0x16, 0xC6, 0x21,
    0x61, 0x16, 0x91, 0x3D, 0xB0, 0xB6, 0x02, 0x35, 0x00, 0x5F, 0x5B, 0xA2, 0x47, 0x4E, 0x17, 0x3D,
    0xC4, 0xAE, 0x14, 0xCB, 0xAF, 0xFA, 0xBF, 0xD9, 0xC7, 0xC6, 0x16, 0x1A, 0x9B, 0xA6, 0x81, 0x4D,
    0x8B, 0xB0, 0x4B, 0x0B, 0xD5, 0x8E, 0x64, 0x8A, 0x91, 0xAA, 0x2C, 0xAA, 0x7B, 0xFD, 0xCE, 0x1F,
    0x75, 0x91, 0x0F, 0x88, 0x87, 0xA9, 0xA9, 0x93, 0x6B, 0xC1, 0x68, 0x05, 0xD8, 0xD0, 0xD2, 0x4B,
    0x28, 0xAC, 0x4B, 0xF2, 0x15, 0x9C, 0x34, 0xA0, 0x2F, 0x03, 0xD3, 0x91, 0xD6, 0x1D, 0x34, 0x12,
    0x13, 0xF6, 0xC8, 0xD6, 0x52, 0x22, 0x93, 0x15, 0xE9, 0xA7, 0xAE, 0xB3, 0xEA, 0x68, 0x9D, 0x0D,
    0xAC, 0xF7, 0xBB, 0x32, 0xE9, 0xD6, 0x2C, 0x8C, 0x9C, 0x02, 0xA0, 0xD1, 0x57, 0xB3, 0x54, 0xEC,
    0x67, 0xC1, 0x4D, 0x72, 0xF6, 0xAC, 0xA2, 0x3D, 0x99, 0xAB, 0x88, 0x87, 0xEB, 0x6E, 0x54, 0xA8,
    0x9B, 0x7B, 0xD6, 0x1C, 0x8F, 0x5C, 0x21, 0xB4, 0x8C, 0xD9, 0x8C, 0x5B, 0x06, 0xAA, 0x91, 0x7A,
    0x9A, 0x40, 0xA6, 0x5D, 0xA3, 0xFA, 0xC8, 0xB2, 0xBD, 0xD1, 0x9C, 0x74, 0x23, 0x5F, 0x67, 0x7F,
    0xD3, 0x91, 0x74, 0xC9, 0x7B, 0xED, 0x6F, 0xDD, 0xE6, 0xE6, 0x13, 0xDB, 0xB4, 0xD2, 0x66, 0x7F,
    0x90, 0x36, 0xDB, 0x37, 0x58, 0xB2, 0x3C, 0xB9, 0xC7, 0x8A, 0xE9, 0x3A, 0x1B, 0x60, 0xB7, 0x88,
    0x45, 0xD0, 0x41, 0xB8, 0xE4, 0xB5, 0x4B, 0x59, 0x59, 0x13, 0x49, 0x74, 0x9A, 0x79, 0xA7, 0xCA,
    0x59, 0x47, 0x5C, 0xFB, 0x49, 0xEB, 0x79, 0x15, 0x26, 0x05, 0x4E, 0x20, 0x21, 0x73, 0x65, 0xCA,
    0xDA, 0x75, 0x05, 0xF9, 0x14, 0x58, 0xF7, 0x1E, 0xAA, 0x11, 0x6C, 0x43, 0xA1, 0xBA, 0x9E, 0xCC,
    0x19, 0x2B, 0xEE, 0xCC, 0x5E, 0xCF, 0xE6, 0xAE, 0x25, 0xBA, 0xEB, 0xF2, 0xA0, 0xAF, 0xE8, 0x37,
    0x8C, 0x68, 0x8B, 0xD0, 0x4E, 0xDE, 0xE1, 0xF1, 0x43, 0xA9, 0x5D, 0xFB, 0x58, 0x68, 0x2F, 0xFD,
    0x46, 0x13, 0xB9, 0x21, 0x72, 0x3D, 0xF4, 0xC2, 0xB7, 0xEA, 0x9E, 0x8C, 0xCD, 0x99, 0x23, 0x1B,
    0xC4, 0x16, 0x1D, 0x64, 0x3B, 0xE6, 0x8C, 0x32, 0xAB, 0xB0, 0x53, 0xA6, 0x91, 0xA0, 0xC9, 0x62,
    0xE3, 0x57, 0x2D, 0xBD, 0x38, 0x7C, 0x3B, 0xB6, 0x34, 0x82, 0x2C, 0xF8, 0x44, 0xAC, 0x56, 0x2A,
    0x46, 0xB7, 0x08, 0xFA, 0xA4, 0xCC, 0xD9, 0x1D, 0xC8, 0x49, 0x3E, 0x40, 0x98, 0xC4, 0x39, 0xB1,
    0x07, 0xB5, 0x32, 0xB1, 0xCF, 0x89, 0x7A, 0xEA, 0x12, 0x6F, 0xB1, 0x7C, 0x86, 0x62, 0xC8, 0x51,
    0x9D, 0x6C, 0x02, 0x2A, 0xEF, 0xB7, 0x6F, 0x72, 0x0E, 0x05, 0x24, 0x10, 0x97, 0xA8, 0x1A, 0xE0,
    0xB3, 0x78, 0x40, 0x5E, 0x7E, 0x56, 0x84, 0x7E, 0xFD, 0x5B, 0x9F, 0xED, 0xAE, 0x6F, 0x00, 0x0D,
    0xA3, 0x86, 0x7E, 0x8C, 0x76, 0xFD, 0x32, 0x41, 0xFF, 0xEB, 0x05, 0xEA, 0x7D, 0x57, 0xAA, 0x8B,
    0xD8, 0xA8, 0x51, 0x03, 0x51, 0x2B, 0xB6, 0x26, 0xAA, 0xEF, 0x5F, 0x31, 0xE9, 0xD5, 0x8A, 0xC9,
    0xAF, 0x47, 0xF6, 0x81, 0x95, 0xD1, 0x9E, 0x6D, 0xC1, 0xD6, 0x6B, 0xDA, 0xA0, 0x01, 0xE0, 0x33,
    0x44, 0x15, 0xB3, 0x9D, 0xEC, 0x16, 0x3B, 0x99, 0xB9, 0x76, 0xFC, 0xD5, 0x64, 0x27, 0x53, 0x6F,
    0x27, 0x63, 0xD7, 0x05, 0xAE, 0x1E, 0x23, 0xB7, 0xD8, 0x59, 0x5D, 0x3E, 0x99, 0x80, 0x06, 0xDD,
    0xA2, 0x64, 0x86, 0x82, 0x36, 0x44, 0xF2, 0xBA, 0xA5, 0x8D, 0x73, 0xBC, 0x38, 0xE0, 0x83, 0xA3,
    0x73, 0x98, 0x4E, 0x16, 0x1E, 0x74, 0xB6, 0x90, 0xA3, 0xFE, 0x13, 0xD1, 0xFB, 0xA8, 0xBF, 0x0F,
    0x1C, 0x1D, 0x24, 0x44, 0x32, 0x7B, 0x8F, 0x8E, 0x03, 0x4E, 0x97, 0x13, 0x01, 0x90, 0x66, 0x87,
    0xF9, 0x84, 0x26, 0x6C, 0x8F, 0x6F, 0x2B, 0xAF, 0xDF, 0x96, 0x5F, 0xDE, 0xD6, 0xF8, 0xFB, 0x2C,
    0xA1, 0xE5, 0xAC, 0x65, 0x5D, 0xE2, 0xC3, 0x6B, 0x88, 0x3C, 0xC6, 0x75, 0x05, 0xE8, 0xB2, 0x11,
    0xA4, 0x07, 0x4E, 0xF8, 0xF5, 0x20, 0x2D, 0x38, 0x87, 0xAC, 0x15, 0x6D, 0xC8, 0x65, 0xBA, 0xB2,
    0xF1, 0xD8, 0xCB, 0xA4, 0x0C, 0xED, 0xF8, 0x79, 0xB9, 0x6E, 0x71, 0x07, 0x69, 0x30, 0xEB, 0xF1,
    0xBF, 0x93, 0x8D, 0xFE, 0x74, 0x38, 0x31, 0x0A, 0x5D, 0x22, 0x63, 0x4A, 0x2C, 0x27, 0x04, 0x7A,
    0x04, 0xAB, 0x49, 0x83, 0x21, 0xE1, 0x94, 0x4A, 0xD4, 0x50, 0x89, 0x17, 0x69, 0x0A, 0x12, 0x59,
    0x8D, 0xDA, 0x75, 0x15, 0xE1, 0xA1, 0xF4, 0x73, 0x66, 0xDE, 0x1B, 0xC4, 0x6E, 0xE0, 0x6B, 0xBF,
    0xFA, 0xF1, 0x34, 0x6F, 0xFE, 0xFC, 0x40, 0xF8, 0x0B, 0x57, 0x1F, 0xCF, 0x99, 0x91, 0x96, 0x39,
    0xB3, 0x58, 0xC9, 0xA3, 0x39, 0xF3, 0xF8, 0x9C, 0x9F, 0x2B, 0x98, 0xF4, 0x56, 0x03, 0x7C, 0xFE,
    0x68, 0x26, 0x01, 0x51, 0xB5, 0xE8, 0x1D, 0x5A, 0x80, 0x2F, 0x14, 0x55, 0x11, 0xD4, 0xDF, 0x90,
    0xC6, 0x36, 0x10, 0xFE, 0xB9, 0x05, 0x5C, 0x0B, 0x3C, 0x06, 0x00, 0x8F, 0xDE, 0x8F, 0x7E, 0x11,
    0xCE, 0x9F, 0x84, 0xA0, 0x3B, 0xDE, 0x5B, 0x49, 0x64, 0x44, 0x93, 0x4B, 0x87, 0x7D, 0x35, 0x62,
    0x60, 0x05, 0x43, 0x8F, 0xAA, 0xAD, 0x48, 0x4A, 0x65, 0x2A, 0xD6, 0xA5, 0x4C, 0xB9, 0xB3, 0x52,
    0x82, 0x41, 0x57, 0x26, 0x54, 0xE1, 0xFB, 0x65, 0x41, 0xAE, 0xDE, 0xAD, 0x2B, 0x0A, 0xFD, 0x9D,
    0xBA, 0xA7, 0x38, 0x19, 0xD3, 0x92, 0xA4, 0xB9, 0xBA, 0xDD, 0x92, 0x6D, 0xD4, 0x2F, 0x6A, 0x12,
    0xAB, 0x1C, 0xE8, 0x36, 0xB8, 0xF0, 0x32, 0xF5, 0x4C, 0xBE, 0x46, 0xA0, 0xCA, 0x69, 0x68, 0xAA,
    0x11, 0xEC, 0x08, 0xD2, 0xE5, 0x10, 0xB6, 0x79, 0x30, 0x28, 0x93, 0xAB, 0x21, 0xAE, 0x73, 0x5D,
    0x69, 0x8A, 0xA7, 0xF3, 0x53, 0x4E, 0xF3, 0xBC, 0xE2, 0xC4, 0x9E, 0x5A, 0x74, 0x9B, 0xB4, 0xE8,
    0x5A, 0xD7, 0x50, 0x01, 0xFD, 0xE5, 0x29, 0xE4, 0x70, 0x9C, 0x0D, 0x72, 0xB7, 0xA6, 0x7D, 0x68,
    0x7D, 0x36, 0x9F, 0x38, 0x89, 0x96, 0x66, 0x3D, 0x89, 0x8F, 0x0F, 0xF6, 0x53, 0xC6, 0xFA, 0x50,
    0x12, 0xDE, 0x39, 0x80, 0x1A, 0x27, 0x28, 0x32, 0x43, 0x89, 0xAC, 0x32, 0xC8, 0x1C, 0x25, 0x36,
    0x62, 0x59, 0xEA, 0xD8, 0xC9, 0xAE, 0xD8, 0xED, 0x13, 0x34, 0x95, 0x40, 0x91, 0xA2, 0xC9, 0x0B,
    0x09, 0x1E, 0x0B, 0x89, 0x1E, 0x2B, 0xC4, 0xC6, 0x58, 0x49, 0x1C, 0x87, 0x3E, 0x87, 0x1E, 0xB6,
    0xAA, 0x47, 0xAC, 0xBB, 0xC1, 0xEF, 0xD5, 0xF1, 0x91, 0x27, 0xC4, 0xF5, 0x16, 0xF0, 0xEB, 0xE9,
    0x12, 0x85, 0x69, 0x4E, 0x3C, 0xA6, 0x1E, 0x0B, 0x04, 0x73, 0x7A, 0x8F, 0x5B, 0x60, 0xC3, 0xBA,
    0x7C, 0x92, 0x86, 0xC4, 0xF5, 0xF4, 0x92, 0x03, 0x90, 0x44, 0x96, 0x6B, 0x67, 0x6F, 0x94, 0x95,
    0x32, 0x30, 0xD2, 0x43, 0x0F, 0xE2, 0x8D, 0xA4, 0xE5, 0x0B, 0x81, 0x3D, 0x5A, 0x54, 0x91, 0x08,
    0xA4, 0x7E, 0xE2, 0x05, 0x7D, 0xC0, 0xA5, 0x37, 0xBA, 0xC7, 0xBC, 0x73, 0x94, 0xAF, 0x8C, 0x54,
    0x74, 0x70, 0x6E, 0xC1, 0x8A, 0x35, 0xB6, 0x88, 0x17, 0xD4, 0x23, 0x9D, 0xE6, 0x1B, 0x44, 0xF7,
    0xE7, 0x9B, 0x1C, 0x7B, 0x9E, 0xAB, 0xB6, 0x2F, 0x22, 0x63, 0x4F, 0xA7, 0xC8, 0xAC, 0x4B, 0xF2,
    0xB0, 0x4B, 0xE0, 0x4D, 0xE0, 0x00, 0xE1, 0x5D, 0x88, 0xDE, 0x05, 0xFD, 0x5D, 0x48, 0xE2, 0x92,
    0xB5, 0x44, 0x67, 0x23, 0x7D, 0xF8, 0x73, 0x13, 0xFE, 0xF2, 0xB6, 0x51, 0xB7, 0x6F, 0x1B, 0xFD,
    0xC2, 0xED, 0x36, 0x19, 0x17, 0x6C, 0x11, 0x3F, 0xDF, 0x5D, 0x26, 0x93, 0xD6, 0x65, 0xD8, 0xB2,
    0x1B, 0xA5, 0xE0, 0xFF, 0xD4, 0xCA, 0xA8, 0x9F, 0x49, 0xA0, 0x7F, 0x5B, 0xEC, 0xAE, 0x32, 0xA2,
    0xA4, 0x76, 0x02, 0xFA, 0xBF, 0xEE, 0x46, 0x3D, 0xFD, 0xB5, 0x4D, 0xD5, 0x9D, 0xCE, 0x16, 0xD1,
    0xDB, 0xAD, 0xCD, 0xF5, 0xF3, 0x6D, 0x9F, 0x67, 0xCA, 0x9C, 0x6F, 0x0A, 0x65, 0x9A, 0xA6, 0x89,
    0xEA, 0xAA, 0xB7, 0x71, 0x5D, 0x85, 0x5D, 0xD8, 0xA3, 0x5A, 0x35, 0x8C, 0x10, 0x6F, 0x25, 0xE4,
    0xC8, 0x65, 0x04, 0x72, 0xB1, 0x97, 0xA7, 0x57, 0xFA, 0x39, 0xA0, 0xD5, 0x3B, 0xDF, 0x27, 0x89,
    0xFF, 0x58, 0x93, 0x6A, 0xAD, 0x29, 0x0A, 0xAD, 0xCB, 0xBC, 0x3A, 0x89, 0xCB, 0xBC, 0x97, 0xF5,
    0xB9, 0x96, 0x11, 0xF2, 0x90, 0x22, 0x33, 0x81, 0x04, 0xC6, 0x2E, 0x40, 0xBD, 0x65, 0x61, 0xDC,
    0xC9, 0x40, 0xEC, 0x7C, 0x5E, 0x76, 0x0F, 0x43, 0x75, 0x93, 0xD0, 0x36, 0x2B, 0x46, 0x15, 0xC9,
    0xD7, 0xED, 0x09, 0xBA, 0xB4, 0x09, 0x49, 0x30, 0x42, 0x21, 0x6A, 0xAA, 0xC4, 0x68, 0x0D, 0xE2,
    0xEF, 0xA5, 0xD1, 0x52, 0x00, 0x4E, 0xA8, 0xA6, 0x24, 0xBB, 0xA4, 0xF7, 0x26, 0x15, 0x8A, 0x1B,
    0x83, 0x8B, 0xFF, 0x2D, 0x71, 0xA9, 0x6D, 0x64, 0x34, 0x36, 0xB2, 0x69, 0xCD, 0xD1, 0x92, 0xC5,
    0x48, 0x05, 0x72, 0xB1, 0x7D, 0x81, 0xCD, 0x9C, 0xEB, 0xC3, 0x6E, 0x44, 0x1B, 0xB6, 0x09, 0x91,
    0x4C, 0x89, 0x52, 0x32, 0x50, 0x93, 0x65, 0x0C, 0xDB, 0x9E, 0xB8, 0xE6, 0xA3, 0x16, 0xD1, 0xE0,
    0x84, 0x7B, 0x34, 0xFB, 0x7C, 0x25, 0x33, 0xAE, 0x4A, 0xC4, 0x42, 0x36, 0x09, 0x45, 0x64, 0xCE,
    0x35, 0xB9, 0xAE, 0x7B, 0x41, 0xAC, 0x66, 0x93, 0x06, 0x23, 0x36, 0xE3, 0xE0, 0x6A, 0xFA, 0x6D,
    0x38, 0xB6, 0x1A, 0x76, 0xA3, 0xBE, 0x54, 0x3B, 0x6A, 0x4E, 0x6C, 0x41, 0xAF, 0x4C, 0x2A, 0xEE,
    0x42, 0x8B, 0x01, 0x8A, 0xBC, 0x32, 0x65, 0x4B, 0xF6, 0xEB, 0xBF, 0x6C, 0xB5, 0x7A, 0xFB, 0xBD,
    0x2E, 0xD1, 0x2F, 0x18, 0x9B, 0x26, 0x23, 0xE3, 0x45, 0x11, 0xD5, 0x36, 0xAF, 0xE2, 0xB2, 0xCF,
    0xFB, 0xB8, 0x3C, 0x27, 0x7A, 0xCE, 0x8E, 0x72, 0x5A, 0x70, 0x10, 0x1C, 0x44, 0x73, 0x92, 0x21,
    0xE9, 0x28, 0x03, 0x7B, 0x9C, 0xD5, 0x55, 0x2D, 0x64, 0x25, 0x3B, 0x71, 0xD3, 0x17, 0xF8, 0xFF,
    0x13, 0x2F, 0x19, 0x5E, 0xB4, 0xF1, 0x9F, 0xFD, 0xC3, 0x83, 0x5F, 0x15, 0x67, 0xFF, 0x16, 0x06,
    0x26, 0xDA, 0x39, 0x89, 0x05, 0x07, 0x00, 0x78, 0x42, 0x19, 0x62, 0x6D, 0x50, 0x17, 0x10, 0x0D,
    0xD2, 0x1F, 0xFC, 0x8B, 0xEF, 0x4B, 0x5B, 0xF5, 0x44, 0x09, 0x24, 0x03, 0x64, 0x23, 0x51, 0x00,
    0xC9, 0x4C, 0x2B, 0x78, 0x7C, 0xEF, 0xD3, 0xD9, 0xD9, 0x7F, 0x5B, 0xB6, 0x14, 0x6B, 0xD7, 0x11,
    0xBB, 0x1E, 0x10, 0x6E, 0x52, 0x06, 0xD9, 0x4C, 0xF6, 0xB2, 0x6B, 0xB0, 0x9A, 0x4A, 0x06, 0x7A,
    0x1B, 0x76, 0xA9, 0x64, 0x07, 0x57, 0xA2, 0xA3, 0x42, 0x62, 0xC4, 0x42, 0x9C, 0x6D, 0x36, 0x8E,
    0x12, 0xC9, 0x6B, 0x77, 0xF6, 0xE2, 0x51, 0x2D, 0xC1, 0xEE, 0x70, 0x94, 0xF2, 0xD5, 0xE5, 0x15,
    0x00, 0xF0, 0xBB, 0xD7, 0x76, 0x86, 0x1B, 0xE0, 0x9C, 0xB8, 0xEE, 0x4F, 0x75, 0x69, 0x53, 0x1D,
    0x8C, 0xCA, 0x0D, 0xBA, 0x74, 0x9C, 0x09, 0xC5, 0xE9, 0xB4, 0x23, 0xCA, 0xF3, 0xC8, 0x54, 0x55,
    0x5C, 0x37, 0xA3, 0xAA, 0x6D, 0xA5, 0x55, 0xB7, 0xD6, 0x89, 0x49, 0xDC, 0x41, 0x24, 0xB8, 0xD6,
    0xD4, 0x12, 0x86, 0x8D, 0xBF, 0xAC, 0x45, 0xA6, 0x1E, 0x2E, 0xD8, 0xA3, 0x3A, 0x56, 0xC2, 0x4E,
    0x82, 0xF6, 0x71, 0xB7, 0x40, 0xE6, 0x9C, 0x63, 0x2D, 0x90, 0x43, 0x26, 0xB0, 0x16, 0x58, 0x51,
    0xC0, 0x96, 0x15, 0x0C, 0x64, 0xA8, 0xD9, 0x28, 0x2B, 0x99, 0xD4, 0x9C, 0xF5, 0x73, 0x9C, 0x39,
    0x68, 0x73, 0x33, 0x23, 0x2B, 0x48, 0x2A, 0x92, 0x9D, 0x73, 0x3B, 0x77, 0xE8, 0x29, 0x7A, 0xF2,
    0x86, 0xE1, 0x2A, 0x02, 0x6F, 0x08, 0xF6, 0x0D, 0xD1, 0x7E, 0x83, 0x78, 0x14, 0xE9, 0x61, 0x2E,
    0x7A, 0xF0, 0x09, 0x57, 0x4B, 0xA1, 0x5A, 0x4E, 0x25, 0x1F, 0x2E, 0x3E, 0x3D, 0x81, 0x93, 0x02,
    0x69, 0x0F, 0x7D, 0x0E, 0xDA, 0x4E, 0xD6, 0x4B, 0x1B, 0xE8, 0xC9, 0x68, 0xD8, 0x89, 0x0F, 0x61,
    0xA3, 0x3A, 0x2A, 0x65, 0xC8, 0xE3, 0x9A, 0x5C, 0x43, 0x9E, 0x8E, 0x94, 0x43, 0x51, 0xC1, 0x69,
    0x0F, 0xA9, 0x9D, 0x2C, 0x5E, 0x62, 0xE0, 0xF7, 0xBE, 0x3A, 0xC5, 0x0B, 0xA3, 0xEB, 0xF2, 0x05,
    0x3F, 0x41, 0xDB, 0x31, 0x5F, 0x0F, 0x8D, 0xB7, 0x1F, 0xFC, 0x01, 0x6C, 0xAB, 0x89, 0x0F, 0xAD,
    0x21, 0x0C, 0x01, 0x3E, 0x3F, 0xCF, 0xD3, 0xB8, 0x31, 0x0F, 0x1D, 0xD3, 0xE8, 0x01, 0xCA, 0xB2,
    0x9A, 0x66, 0xA6, 0x58, 0xDF, 0xB0, 0x13, 0xB1, 0xA6, 0x0C, 0x34, 0x3A, 0xAA, 0xE3, 0x5A, 0xBA,
    0x8F, 0x8C, 0xA6, 0x00, 0x2D, 0x39, 0x79, 0x61, 0x57, 0x99, 0x29, 0x63, 0xA2, 0xDA, 0xDE, 0x0F,
    0xAC, 0x9C, 0x03, 0x16, 0x50, 0xC9, 0x11, 0xBD, 0x0C, 0xAF, 0x18, 0xB9, 0x8C, 0xD0, 0x8E, 0x27,
    0x6E, 0xD3, 0x20, 0xDF, 0x65, 0x1A, 0xE7, 0x0B, 0xA6, 0xA1, 0xDE, 0x73, 0x29, 0xCC, 0x1C, 0x9B,
    0x09, 0xCE, 0x21, 0x16, 0xA0, 0x27, 0x4E, 0x23, 0x27, 0x38, 0xAD, 0x41, 0x99, 0x1D, 0x71, 0x1D,
    0x76, 0xCA, 0x0D, 0xC2, 0xDD, 0x38, 0x4B, 0x24, 0xC8, 0xCE, 0x48, 0x95, 0xE7, 0x2D, 0x11, 0xD6,
    0x2A, 0xF9, 0x91, 0xD3, 0x88, 0xF3, 0x6A, 0x68, 0x48, 0x85, 0xAF, 0x9E, 0x22, 0xF8, 0x65, 0x2B,
    0xCA, 0x17, 0xAE, 0x1A, 0x06, 0x46, 0xA6, 0x24, 0xC0, 0x73, 0xD3, 0xC6, 0x4A, 0xD6, 0xF8, 0xC1,
    0x73, 0xB4, 0x30, 0x14, 0x5A, 0x41, 0x54, 0xBB, 0x70, 0x73, 0xC9, 0x8C, 0x1A, 0x04, 0x49, 0x81,
    0x60, 0x07, 0x24, 0xAE, 0x13, 0xEB, 0xB1, 0x27, 0x18, 0xAA, 0x57, 0x50, 0x1D, 0x09, 0xDA, 0x20,
    0x06, 0x15, 0x61, 0x6F, 0x84, 0x95, 0x40, 0x31, 0x83, 0xAE, 0x73, 0x90, 0xA5, 0x4F, 0x42, 0x01,
    0x6B, 0x56, 0x48, 0xCE, 0x14, 0xF6, 0xE8, 0x77, 0xFE, 0xB5, 0x25, 0x12, 0x93, 0x1B, 0x38, 0x07,
    0x64, 0xED, 0xE5, 0xF2, 0x8E, 0x4B, 0xFF, 0x2E, 0x74, 0x7B, 0xE2, 0xF7, 0x5F, 0x21, 0x91, 0x7B,
    0xA5, 0x91, 0x91, 0xAA, 0x91, 0x1A, 0x34, 0xBD, 0xA7, 0x84, 0x86, 0x82, 0x8A, 0x8A, 0xD5, 0xBF,
    0xB4, 0x24, 0xAE, 0x25, 0xBC, 0x00, 0xCE, 0x01, 0x82, 0x7B, 0x93, 0x14, 0xBE, 0xD5, 0x68, 0x0F,
    0x7C, 0xF5, 0x9B, 0xFF, 0x78, 0xD9, 0x7E, 0x7F, 0xDD, 0xE3, 0x37, 0x3D, 0xDE, 0xE2, 0xF2, 0x8A,
    0xEF, 0x85, 0x62, 0x6F, 0x0F, 0xB1, 0x58, 0xDC, 0xC7, 0x02, 0xD5, 0xA9, 0x0E, 0x24, 0x37, 0x05,
    0x58, 0x5D, 0x0B, 0x26, 0x08, 0x66, 0xC8, 0xE7, 0x2B, 0x8F, 0x85, 0x1F, 0x51, 0xE1, 0x4E, 0xB5,
    0x23, 0x12, 0x99, 0x9C, 0xC4, 0x8B, 0x9F, 0x92, 0x88, 0x15, 0x18, 0x29, 0x2B, 0x77, 0xC1, 0x7E,
    0x8E, 0x66, 0x02, 0xF7, 0x43, 0x57, 0x02, 0x67, 0xD2, 0xAF, 0xCC, 0x92, 0xF0, 0xAD, 0x17, 0x2F,
    0xD5, 0xEE, 0x7B, 0x52, 0x25, 0x70, 0x83, 0x8F, 0x5F, 0x67, 0xAF, 0x3A, 0x94, 0x7B, 0xCB, 0x19,
    0x31, 0xD3, 0x6D, 0x26, 0x1D, 0x16, 0xD2, 0x77, 0x25, 0xD0, 0xC8, 0xDB, 0x46, 0x4A, 0x93, 0xFA,
    0xA0, 0x53, 0x6D, 0x23, 0xA1, 0xFF, 0x56, 0x4E, 0x45, 0x6F, 0x46, 0xDD, 0x19, 0x99, 0x13, 0x3D,
    0x0E, 0x67, 0x2D, 0xA2, 0xE8, 0x0E, 0xB8, 0x73, 0xC7, 0x00, 0x75, 0x59, 0xB2, 0x5C, 0x5F, 0x6E,
    0x68, 0x2B, 0x9A, 0x80, 0xAF, 0xDD, 0x58, 0x4A, 0x98, 0x1E, 0x5A, 0xB8, 0x2B, 0x91, 0x9F, 0x78,
    0xB6, 0x37, 0xF9, 0x7D, 0x9F, 0xF6, 0x6F, 0x45, 0xB3, 0x47, 0x87, 0xB0, 0x47, 0x96, 0xBE, 0x00,
    0x56, 0x57, 0x87, 0xAB, 0xF3, 0x84, 0xD9, 0x3D, 0xA0, 0x2E, 0x25, 0x99, 0xE9, 0xAC, 0x93, 0xE4,
    0x40, 0x2B, 0x9B, 0xE4, 0x62, 0xDE, 0x7B, 0xCA, 0x6B, 0x49, 0x0E, 0x40, 0x76, 0x20, 0xBA, 0x80,
    0xFC, 0x7A, 0x6D, 0xDC, 0x74, 0x89, 0xCC, 0xA7, 0x88, 0x6C, 0xBC, 0xD9, 0x43, 0x62, 0x41, 0xED,
    0x21, 0xFE, 0x49, 0x2D, 0x06, 0x68, 0x73, 0x0A, 0xEB, 0x2D, 0x44, 0xC3, 0xE4, 0xFB, 0xD5, 0xFB,
    0x2D, 0xD1, 0xAB, 0x2D, 0x1A, 0xF8, 0x1A, 0xF3, 0x15, 0x98, 0xFF, 0xFF, 0xDF, 0xB5, 0x3B, 0x67,
    0xEE, 0xFD, 0x03, 0xBF, 0x47, 0xD9, 0x95, 0xE3, 0xFF, 0x0F, 0xCF, 0xB5, 0x55, 0xF3, 0xD2, 0x33,
    0xE4, 0xC5, 0x13, 0x2F, 0x93, 0x7C, 0x20, 0x5E, 0xF8, 0xF5, 0xA7, 0xDA, 0x25, 0x97, 0x88, 0xEB,
    0x04, 0xC1, 0xBC, 0x04, 0xCB, 0xF5, 0xCF, 0x80, 0xA4, 0x06, 0x67, 0xE0, 0xCC, 0x12, 0x9A, 0x16,
    0x7E, 0xF4, 0x2D, 0x3E, 0xED, 0x8A, 0x5B, 0xC1, 0x57, 0xC8, 0x7A, 0x90, 0xB8, 0xFE, 0x5B, 0xCF,
    0x00, 0xEA, 0x55, 0xF3, 0xE4, 0x63, 0x40, 0x40, 0xC9, 0xA7, 0x5D, 0x67, 0x25, 0x24, 0x66, 0xE9,
    0xB7, 0xBE, 0xAF, 0xDF, 0x6C, 0x6E, 0x64, 0xD7, 0x0A, 0x42, 0xFB, 0xBA, 0x20, 0x94, 0x4F, 0x02,
    0xCB, 0x02, 0x79, 0x9A, 0x25, 0xB5, 0xF6, 0xFB, 0xD3, 0x8F, 0x97, 0xD9, 0x10, 0x40, 0x3E, 0x35,
    0x92, 0xE2, 0xAD, 0x82, 0x86, 0xA0, 0x83, 0xAF, 0xF2, 0x1B, 0xAF, 0xEF, 0x09, 0x7C, 0x65, 0xEA,
    0x2F, 0xEA, 0x13, 0xFF, 0xE3, 0x70, 0xF9, 0xE9, 0x27, 0x5D, 0x01, 0xF0, 0xFA, 0xA4, 0xC6, 0x7E,
    0x3A, 0xF9, 0xDE, 0x10, 0x7E, 0x40, 0x8A, 0x28, 0x85, 0x9C, 0x27, 0xAE, 0x18, 0x84, 0x59, 0x44,
    0x3F, 0x06, 0x9A, 0x7C, 0xDE, 0xED, 0x44, 0xCE, 0x7A, 0x35, 0xB2, 0x5C, 0x12, 0xF7, 0xD7, 0x97,
    0x71, 0xBF, 0x43, 0x99, 0xF0, 0xEE, 0x08, 0xD1, 0x7F, 0x91, 0x94, 0x43, 0x2A, 0xD6, 0x45, 0x4C,
    0xA2, 0x2C, 0xD7, 0xC0, 0x8E, 0x20, 0xFB, 0xEB, 0x13, 0x5D, 0x9E, 0x73, 0xBA, 0xC2, 0x92, 0x6F,
    0xB1, 0x14, 0x36, 0x90, 0x6C, 0x48, 0xD0, 0x71, 0x26, 0x4D, 0xBC, 0x89, 0xF2, 0xF1, 0xCB, 0x9E,
    0x4B, 0x0B, 0x69, 0x2F, 0x3D, 0x51, 0x74, 0x79, 0x90, 0x7F, 0x2B, 0x2C, 0xB1, 0x71, 0x8D, 0x73,
    0x53, 0xB0, 0x37, 0x5F, 0xD3, 0x01, 0x6A, 0x7C, 0x94, 0x82, 0xB8, 0x9E, 0xDE, 0x6F, 0xD8, 0xB3,
    0x6C, 0xA0, 0x1D, 0x49, 0x77, 0x98, 0x07, 0x27, 0x9F, 0xFB, 0xB3, 0xC0, 0xAD, 0xA9, 0x3E, 0x54,
    0x1C, 0xD1, 0xDA, 0x99, 0xA5, 0x3E, 0x54, 0xD2, 0x27, 0xBD, 0x0E, 0xF6, 0x27, 0x14, 0x29, 0x45,
    0x41, 0x91, 0x93, 0x57, 0x6C, 0xAB, 0xB0, 0xDF, 0xB9, 0xD6, 0xDD, 0x5B, 0x8A, 0x51, 0xFF, 0xCE,
    0xAF, 0x58, 0x3B, 0xE2, 0xEB, 0xC9, 0xA0, 0x29, 0x83, 0x59, 0xAF, 0x9D, 0xF5, 0xE9, 0xCB, 0xF3,
    0x11, 0x7D, 0xF0, 0xD4, 0xC6, 0x07, 0x02, 0x37, 0x8C, 0xE4, 0x08, 0x3B, 0x6D, 0xA6, 0x32, 0x0D,
    0x65, 0x04, 0xE3, 0x57, 0xBF, 0x3D, 0x6E, 0xB4, 0xDE, 0xAD, 0xF5, 0xF3, 0x0E, 0xED, 0x06, 0x92,
    0x43, 0x3F, 0x27, 0x05, 0x9E, 0x24, 0x7F, 0xC0, 0x41, 0x3B, 0xE7, 0x67, 0x25, 0x1F, 0xBA, 0x96,
    0x5F, 0x3F, 0x6F, 0xD9, 0x63, 0x83, 0x1E, 0xEB, 0x0F, 0x30, 0xDA, 0x91, 0x4C, 0x30, 0x52, 0xD8,
    0x45, 0x6F, 0xBD, 0xD6, 0xC6, 0xB7, 0xDF, 0x31, 0xBA, 0x73, 0xA5, 0x1C, 0x60, 0x68, 0xBD, 0xE7,
    0xC4, 0xEB, 0xEA, 0x89, 0xFB, 0xE2, 0xCB, 0xF9, 0x28, 0xD8, 0x5C, 0x52, 0x20, 0x65, 0xBF, 0xCE,
    0x95, 0x9F, 0xB5, 0x38, 0xEE, 0x3E, 0x3E, 0x29, 0xAE, 0x32, 0x63, 0xA1, 0x1B, 0x94, 0xEB, 0x95,
    0xF9, 0x94, 0x22, 0xDE, 0x9C, 0xA5, 0xB0, 0xED, 0xFC, 0x01, 0xA5, 0xAA, 0xAD, 0x68, 0xD7, 0x08,
    0xDD, 0x6F, 0x16, 0xAF, 0x71, 0x74, 0x7F, 0x8F, 0xBB, 0x03, 0xEE, 0x70, 0x7F, 0x8F, 0x32, 0x26,
    0x22, 0x73, 0xB9, 0x68, 0x81, 0xA9, 0x74, 0x4E, 0x5A, 0x3E, 0x94, 0x68, 0xBF, 0xF1, 0x17, 0xFD,
    0x15, 0x9C, 0x92, 0x8D, 0x98, 0x90, 0xA3, 0x3D, 0x6D, 0x48, 0x68, 0x46, 0xEA, 0xC9, 0xE6, 0x7E,
    0xB7, 0x10, 0x0C, 0x3C, 0x19, 0x5B, 0x99, 0x07, 0x7E, 0xF2, 0x3E, 0x40, 0x76, 0xD9, 0x7E, 0xB5,
    0x3A, 0xB4, 0x09, 0xBD, 0x4F, 0xCC, 0x35, 0xB9, 0x7F, 0x5D, 0x25, 0xB2, 0xD1, 0x26, 0x71, 0xE8,
    0x01, 0x0A, 0x72, 0x1F, 0xA7, 0xE4, 0xF4, 0x12, 0x75, 0xA8, 0x8E, 0xD8, 0x34, 0xBA, 0x96, 0x6D,
    0xEB, 0x1A, 0x42, 0x6B, 0xB7, 0x40, 0xFF, 0xA1, 0x05, 0xDE, 0xF8, 0xB5, 0x41, 0xF4, 0x03, 0xE0,
    0xEE, 0x02, 0xE1, 0x47, 0xEF, 0x96, 0x10, 0xDF, 0x96, 0x9D, 0x6A, 0xF2, 0xED, 0xD7, 0x5A, 0xB8,
    0x19, 0xCB, 0xD6, 0x75, 0xD0, 0xE5, 0x74, 0x74, 0x5E, 0xA1, 0xEB, 0x84, 0x75, 0xBB, 0xE6, 0x84,
    0xC4, 0x2C, 0x81, 0x60, 0x24, 0x28, 0x8C, 0xE2, 0xF5, 0x2B, 0x88, 0x1A, 0xB0, 0xD1, 0x28, 0x48,
    0x60, 0xB3, 0x81, 0xE4, 0xB9, 0xEE, 0x0D, 0x39, 0x94, 0xBD, 0xD3, 0x43, 0x74, 0xFB, 0xED, 0x4E,
    0xF0, 0x76, 0x8B, 0x6C, 0x97, 0xCC, 0x88, 0x77, 0xEF, 0x8E, 0xA8, 0xBF, 0xF3, 0x6D, 0xE9, 0x57,
    0x4B, 0x63, 0x2B, 0x8F, 0xFB, 0x13, 0xD5, 0xB1, 0xB6, 0x27, 0x81, 0xAB, 0xCF, 0xCA, 0x53, 0x5E,
    0x3C, 0x6A, 0x1F, 0x20, 0xF1, 0x78, 0xE2, 0x91, 0x87, 0x57, 0x1C, 0x28, 0xA6, 0xEE, 0xD9, 0x65,
    0xC2, 0xC7, 0xC2, 0x74, 0x0B, 0xBF, 0xFD, 0xC1, 0x30, 0x2D, 0x74, 0x60, 0x09, 0x3A, 0xB2, 0x96,
    0xA4, 0x24, 0xB0, 0xEC, 0x03, 0xAB, 0xEC, 0x74, 0x54, 0x98, 0xA1, 0xCC, 0x96, 0xE8, 0x6D, 0x3B,
    0x25, 0x36, 0x5F, 0x04, 0xBD, 0x07, 0xBD, 0x85, 0xA4, 0x80, 0x34, 0x81, 0x42, 0xD7, 0xE4, 0xAA,
    0xF5, 0x1B, 0x91, 0x8A, 0x81, 0x86, 0x33, 0xD3, 0x7B, 0x8F, 0x18, 0x5F, 0x5B, 0x51, 0x27, 0x62,
    0x1F, 0x6A, 0xD9, 0x92, 0x2A, 0x33, 0xA0, 0x46, 0xDD, 0x46, 0xEF, 0x98, 0xD1, 0x29, 0x2F, 0x6D,
    0xEA, 0x95, 0xA8, 0x15, 0xD2, 0xD8, 0x50, 0xA8, 0x8E, 0x3C, 0x70, 0xE4, 0xB8, 0xE5, 0x78, 0x6E,
    0x59, 0x8D, 0x13, 0x9F, 0x5D, 0x38, 0xF1, 0xF9, 0xDE, 0x4F, 0x50, 0xB7, 0xF7, 0x44, 0xB7, 0x67,
    0x3E, 0xFF, 0xB4, 0x44, 0xEF, 0x64, 0x8E, 0xCF, 0x7C, 0x66, 0x50, 0x64, 0x35, 0xC5, 0xDA, 0x90,
    0xFF, 0x5D, 0x3B, 0x57, 0x4B, 0x08, 0xAE, 0xF1, 0xF7, 0xFF, 0x3C, 0x43, 0xBD, 0xB3, 0x45, 0xBD,
    0x6B, 0x89, 0xDE, 0x35, 0xC4, 0x7F, 0xCA, 0xC2, 0x53, 0x01, 0xC9, 0x1A, 0xD2, 0xB5, 0xA1, 0xF8,
    0xE7, 0x2D, 0xF9, 0x7F, 0xB0, 0xE4, 0x0C, 0xBE, 0xFF, 0xB0, 0x53, 0x36, 0x3B, 0x68, 0xB3, 0x3E,
    0xAC, 0x51, 0x66, 0xFF, 0x19, 0xF5, 0x24, 0xFD, 0xAF, 0x38, 0x4E, 0x56, 0x77, 0xC4, 0xBF, 0xBA,
    0x35, 0x1F, 0x55, 0x69, 0x13, 0xB6, 0x52, 0x7A, 0xB7, 0x1D, 0x75, 0x65, 0xAF, 0x74, 0x15, 0x1F,
    0xE9, 0xAA, 0x64, 0xD1, 0x95, 0xF0, 0xB5, 0xE7, 0x6C, 0xCF, 0x8A, 0xDD, 0xC0, 0x00, 0xBD, 0xEA,
    0x7C, 0x4C, 0x3D, 0x85, 0xD1, 0x61, 0x37, 0x8C, 0xF0, 0xB3, 0x4E, 0x02, 0x9E, 0x1A, 0xD4, 0x01,
    0x88, 0xFE, 0x17, 0x10, 0xFF, 0x71, 0x29, 0x73, 0xDA, 0x80, 0x96, 0x1B, 0xB4, 0xF4, 0x9E, 0xB0,
    0xC5, 0xBB, 0x1F, 0x0A, 0x32, 0xC8, 0xD1, 0x35, 0xEB, 0x03, 0xC3, 0xFA, 0x42, 0x75, 0x14, 0xB2,
    0x37, 0xCC, 0xA0, 0xDA, 0xC2, 0x7F, 0xB4, 0xE0, 0x0C, 0xC8, 0x0A, 0xFD, 0xB0, 0x23, 0xB0, 0xE2,
    0x7C, 0xB6, 0x4C, 0xA3, 0x9C, 0x8C, 0x14, 0x9B, 0xC0, 0xA2, 0x09, 0x3A, 0x92, 0xB9, 0x78, 0xB1,
    0xA5, 0x40, 0x76, 0x98, 0x1F, 0x2F, 0x0D, 0x74, 0x6E, 0x10, 0x98, 0xCB, 0xC1, 0x4E, 0x08, 0xEC,
    0x51, 0x25, 0xD8, 0xF5, 0x72, 0xB0, 0x81, 0x1E, 0x3D, 0x00, 0xF4, 0x02, 0x76, 0x06, 0xE9, 0x85,
    0xC9, 0x93, 0x5D, 0x73, 0x1A, 0x72, 0xEA, 0x5D, 0xFB, 0x34, 0xDE, 0x44, 0x4B, 0xF5, 0xFF, 0x6C,
    0xF4, 0x92, 0x2E, 0x27, 0x7B, 0x60, 0xF5, 0x9E, 0xB0, 0x2F, 0xAE, 0x8D, 0xE4, 0x30, 0x09, 0x20,
    0xDF, 0x29, 0x3C, 0xE6, 0x4C, 0x32, 0x4C, 0x42, 0x78, 0x01, 0xAE, 0x50, 0x44, 0x98, 0x04, 0x99,
    0x24, 0x99, 0x44, 0x99, 0xC4, 0x98, 0x71, 0xE3, 0x7B, 0x69, 0x7C, 0x3F, 0x62, 0x03, 0x3D, 0xEB,
    0xAE, 0x57, 0x2D, 0x4E, 0x38, 0xEF, 0x10, 0xD6, 0x11, 0xDE, 0x11, 0xE6, 0xA5, 0xE5, 0x19, 0x84,
    0x7F, 0x44, 0x00, 0x44, 0x82, 0xB9, 0x04, 0x76, 0x82, 0xD4, 0x9B, 0xFD, 0x83, 0xC7, 0x0B, 0x84,
    0xE3, 0x1C, 0xD4, 0x84, 0x86, 0x8D, 0xE7, 0xF8, 0xDC, 0x73, 0xDC, 0x23, 0x0D, 0xB8, 0x0F, 0x44,
    0x46, 0x77, 0xF0, 0x63, 0x94, 0xD5, 0x32, 0x48, 0x52, 0xA1, 0xA0, 0x8C, 0xEA, 0x0A, 0x61, 0xC0,
    0xCA, 0x38, 0x05, 0x82, 0x75, 0x60, 0x65, 0xB8, 0x42, 0xDB, 0x20, 0x79, 0xB8, 0x1E, 0x8D, 0xEA,
    0x16, 0xA3, 0xAA, 0xCD, 0x12, 0x52, 0xBE, 0x09, 0x44, 0xA2, 0x06, 0x42, 0x57, 0xCF, 0x15, 0xB9,
    0xCE, 0xB5, 0xD2, 0xEA, 0xFD, 0x65, 0xB9, 0x65, 0xEC, 0x24, 0xEE, 0x71, 0x9D, 0xC6, 0x3B, 0x8E,
    0x84, 0x21, 0xC5, 0x3B, 0x8F, 0x53, 0xAA, 0x9C, 0x82, 0x8D, 0x4F, 0x77, 0x1C, 0x8D, 0xB6, 0xBA,
    0x3C, 0x97, 0x48, 0x5C, 0x09, 0xF1, 0x30, 0xE7, 0x22, 0x32, 0x81, 0x0B, 0x40, 0xD9, 0xA8, 0x27,
    0x36, 0xD9, 0x05, 0xBA, 0xBC, 0x99, 0x49, 0x93, 0x09, 0x2B, 0xAC, 0xA6, 0x08, 0x6C, 0x82, 0x4F,
    0x16, 0xE7, 0xAA, 0xCB, 0x04, 0x56, 0xB2, 0x7C, 0x2A, 0x56, 0xB2, 0x3E, 0xB2, 0xE0, 0x23, 0x8B,
    0x6E, 0xDD, 0x55, 0x0E, 0xC9, 0xED, 0xE7, 0x92, 0xCB, 0x9D, 0x41, 0x89, 0xE2, 0xEB, 0x37, 0xC8,
    0x94, 0x2B, 0x73, 0xFD, 0x47, 0x75, 0xA5, 0x23, 0xD3, 0x9C, 0x44, 0xE6, 0x3C, 0x8D, 0xEB, 0x3E,
    0xD5, 0x65, 0x93, 0xAD, 0xD9, 0x26, 0x17, 0xAC, 0x74, 0x4F, 0xE2, 0x1C, 0xD1, 0xC1, 0x7D, 0xC1,
    0xBD, 0xD2, 0x57, 0x50, 0xBE, 0xE4, 0x76, 0x80, 0x98, 0x89, 0xA2, 0xD9, 0xA8, 0x3A, 0x60, 0xF8,
    0xC4, 0xBD, 0xD2, 0x00, 0x5B, 0xB8, 0x19, 0x94, 0xA3, 0x52, 0xA2, 0x03, 0xB4, 0xB3, 0x33, 0x90,
    0xA8, 0xD7, 0x5B, 0x7A, 0x29, 0x6C, 0x95, 0x22, 0xDE, 0xCF, 0x5D, 0xD8, 0xDA, 0x83, 0x3E, 0xFA,
    0xDE, 0x12, 0x6F, 0x85, 0x77, 0x2E, 0xC2, 0x3D, 0xEA, 0x1D, 0xA7, 0x7D, 0x41, 0x48, 0xA5, 0x4B,
    0x65, 0x63, 0x1B, 0x97, 0x91, 0x94, 0x9E, 0x94, 0x23, 0xC9, 0x61, 0xE6, 0x03, 0xCB, 0x42, 0x0A,
    0xA1, 0x39, 0xEE, 0x5D, 0xFE, 0x55, 0xAC, 0xAF, 0x7B, 0xEE, 0x6B, 0x9E, 0xB5, 0x41, 0xD7, 0x15,
    0x09, 0xB9, 0xBF, 0x77, 0x20, 0x15, 0x39, 0x55, 0x8B, 0x96, 0x29, 0xF6, 0x7D, 0x88, 0xDF, 0x98,
    0x76, 0x7C, 0xCA, 0x5E, 0x8F, 0xFD, 0x8E, 0xA3, 0xAD, 0x73, 0xD2, 0x86, 0x6A, 0x43, 0x2F, 0x95,
    0xB3, 0xAA, 0xCD, 0x23, 0x93, 0xEB, 0xB2, 0x48, 0x39, 0xCD, 0x39, 0x6D, 0x38, 0xB1, 0x24, 0x12,
    0xC3, 0x3C, 0xF8, 0x74, 0x35, 0x45, 0x75, 0x09, 0x91, 0xF1, 0x52, 0x95, 0xB2, 0x85, 0x10, 0x83,
    0xD5, 0x7B, 0x5F, 0xA7, 0x7E, 0x6E, 0x08, 0xEF, 0x96, 0x04, 0x07, 0x60, 0x0F, 0xF4, 0x4B, 0x40,
    0x78, 0x5D, 0xCB, 0x92, 0x34, 0x93, 0xA2, 0x84, 0xA8, 0xD6, 0x23, 0xFA, 0x03, 0xC6, 0x91, 0x2A,
    0x94, 0xB4, 0xF5, 0x9E, 0x1D, 0xAD, 0xB8, 0x21, 0xFC, 0x45, 0x4D, 0x70, 0x97, 0xA3, 0xF6, 0xD6,
    0x4E, 0xC2, 0xF7, 0xFA, 0xDA, 0x03, 0x20, 0x8F, 0xA4, 0x94, 0x57, 0xBC, 0x4C, 0xB8, 0x67, 0xF6,
    0x5D, 0xD7, 0x56, 0xA7, 0x80, 0x04, 0xEE, 0xE7, 0x9F, 0xA5, 0xE2, 0x65, 0x6D, 0x56, 0x64, 0xD7,
    0x06, 0x43, 0xE8, 0x44, 0x26, 0xEA, 0x6B, 0xED, 0xCE, 0xB9, 0x17, 0xCC, 0xB1, 0xE7, 0xB8, 0x5E,
    0x43, 0x7C, 0x5C, 0xF6, 0x7E, 0xEC, 0x34, 0xB6, 0x1F, 0x2F, 0x24, 0x76, 0xCE, 0x4D, 0x00, 0x24,
    0x02, 0xA9, 0x40, 0x71, 0x5C, 0x3E, 0x8C, 0x14, 0x00, 0x9D, 0xEF, 0x5C, 0xF7, 0xB1, 0x67, 0x73,
    0xE4, 0x34, 0x3E, 0x9C, 0xCF, 0xE3, 0xE7, 0xAA, 0xAC, 0xA9, 0x9A, 0x52, 0x02, 0xAA, 0x32, 0x72,
    0xEF, 0xD8, 0xE0, 0xA0, 0x2C, 0x04, 0xD7, 0x07, 0x40, 0x3A, 0xB6, 0x71, 0x29, 0x29, 0xF8, 0x8F,
    0x57, 0x23, 0xCB, 0xC0, 0x2E, 0xB5, 0x60, 0x2B, 0xCE, 0xC8, 0xBC, 0xE1, 0xF8, 0xFE, 0x03, 0x4A,
    0x88, 0x76, 0x66, 0xA4, 0xFB, 0x74, 0x03, 0x29, 0xC7, 0xB5, 0x0E, 0x2B, 0xF2, 0xA3, 0xEA, 0x9E,
    0x86, 0xB8, 0xBF, 0x5E, 0xDD, 0x73, 0x18, 0xE9, 0x62, 0x69, 0x7B, 0x59, 0xF9, 0x0F, 0xE6, 0xF3,
    0x2B, 0x23, 0x9F, 0x7A, 0xE4, 0xF3, 0xC6, 0xC8, 0xE7, 0x13, 0x23, 0x9F, 0x4F, 0xEF, 0x26, 0x03,
    0x77, 0x91, 0xC0, 0xB3, 0x29, 0xBC, 0x5C, 0xC0, 0x4B, 0x39, 0x7C, 0xCF, 0xB7, 0x23, 0x74, 0xCC,
    0xD3, 0xEF, 0xAC, 0xC8, 0x9F, 0x19, 0x79, 0x7A, 0x76, 0x4F, 0xF1, 0xF7, 0x66, 0x9E, 0x86, 0x06,
    0x6C, 0x0F, 0x9D, 0x85, 0x3B, 0x16, 0x9E, 0x9F, 0x8E, 0x81, 0x83, 0xDF, 0x60, 0x74, 0xE2, 0x7F,
    0x75, 0x4F, 0x86, 0xAC, 0xD6, 0x1F, 0xC4, 0xE6, 0xBA, 0xFE, 0xF2, 0xA3, 0xB2, 0xC0, 0x84, 0x9E,
    0x64, 0x09, 0xAB, 0xAE, 0x6F, 0xB6, 0x2E, 0x6B, 0x00, 0xFE, 0x4A, 0x6A, 0x00, 0x94, 0x89, 0x5A,
    0xE5, 0x6B, 0x00, 0xB4, 0xDF, 0x80, 0x7F, 0x52, 0x0D, 0xC0, 0x53, 0x93, 0x4F, 0x35, 0x44, 0x1F,
    0x28, 0x4B, 0x22, 0x71, 0x41, 0x41, 0x68, 0x9F, 0xDD, 0x12, 0x75, 0x9B, 0x3E, 0x38, 0x93, 0x07,
    0x05, 0x0E, 0x32, 0x7E, 0xB7, 0x3C, 0xF3, 0x0B, 0x48, 0xBF, 0x33, 0x30, 0x08, 0xBC, 0xC2, 0xD7,
    0x91, 0xDA, 0xDD, 0xC9, 0x3B, 0xF8, 0x51, 0x8D, 0x9C, 0x25, 0xA9, 0xED, 0xA8, 0xA8, 0x3E, 0x17,
    0xC3, 0xD3, 0x3F, 0xD5, 0xCA, 0xD1, 0x5C, 0xEC, 0x7E, 0x7C, 0xA5, 0x11, 0x7A, 0x60, 0x1B, 0x4C,
    0xA7, 0x99, 0xF1, 0xC5, 0x23, 0xE5, 0xE8, 0x5A, 0x54, 0xE5, 0xE1, 0x16, 0x9F, 0x9F, 0xD5, 0xEB,
    0xC6, 0xF6, 0x71, 0xC0, 0xF5, 0xBC, 0x78, 0xEB, 0x78, 0xD3, 0x7A, 0xEC, 0xC0, 0xC4, 0x38, 0x2C,
    0x75, 0x2D, 0x4F, 0x7D, 0x20, 0xA1, 0x2D, 0x70, 0xEB, 0xF7, 0x04, 0x83, 0x2E, 0x07, 0xE0, 0x57,
    0x83, 0x20, 0x59, 0xCB, 0xF1, 0xF5, 0xFF, 0xF8, 0xF1, 0x2F, 0x11, 0xF1, 0x07, 0x40, 0x5C, 0x5A,
    0x64, 0x0B, 0xD9, 0xCE, 0xA1, 0x10, 0xF0, 0x3B, 0x4C, 0xD7, 0x23, 0x29, 0x09, 0x9E, 0x76, 0x45,
    0xCA, 0x7E, 0x7C, 0xA7, 0x15, 0xDD, 0xEE, 0xC6, 0x18, 0xBF, 0x46, 0xBF, 0x22, 0x0D, 0xDD, 0x9A,
    0x32, 0x31, 0xBC, 0x39, 0x4F, 0x71, 0x5D, 0x8B, 0x73, 0x10, 0xAA, 0x46, 0x12, 0x0B, 0xD9, 0x5F,
    0x45, 0x28, 0x6B, 0xE0, 0x0D, 0xCF, 0x68, 0xE2, 0x5A, 0xE2, 0x03, 0x2C, 0xED, 0x1E, 0xEF, 0x4A,
    0xA6, 0x6C, 0x42, 0x87, 0x0E, 0xA4, 0xED, 0x6A, 0xF1, 0xE1, 0xD7, 0xCB, 0xAE, 0x82, 0x9E, 0xC7,
    0xA2, 0x0E, 0x3D, 0x4F, 0x8C, 0x59, 0xDB, 0x4E, 0xC0, 0x46, 0x86, 0xA0, 0x8B, 0x6B, 0xE4, 0xF4,
    0x18, 0x65, 0x34, 0x88, 0xF3, 0x9B, 0x0E, 0x3D, 0x26, 0x1D, 0x53, 0xC0, 0x09, 0x39, 0x14, 0x54,
    0x90, 0x4F, 0x73, 0xA5, 0x87, 0x9E, 0x1E, 0x65, 0xB1, 0x48, 0xBE, 0x83, 0x03, 0xE1, 0xF2, 0x28,
    0x48, 0x73, 0x14, 0x32, 0x86, 0x35, 0x90, 0x0D, 0x3E, 0x63, 0xA5, 0x3A, 0x71, 0x3D, 0x56, 0x54,
    0x8F, 0xE8, 0x31, 0x15, 0xAF, 0xA1, 0x5A, 0x2A, 0x65, 0x68, 0x22, 0x83, 0x8D, 0x6A, 0x35, 0xB2,
    0xB3, 0x36, 0xBA, 0x5F, 0xA1, 0xBD, 0x55, 0x5F, 0x52, 0x28, 0xBA, 0x84, 0x84, 0xEB, 0x5B, 0x1B,
    0xF3, 0xC5, 0xB7, 0x36, 0x35, 0x3D, 0xCB, 0x09, 0x6C, 0xCA, 0xAC, 0xBA, 0xB0, 0x9F, 0x8F, 0xE3,
    0x93, 0x03, 0x7C, 0xDA, 0xFE, 0xA6, 0xBE, 0x7F, 0x7F, 0x23, 0x5A, 0x3B, 0x3D, 0x8A, 0xF3, 0x82,
    0xD0, 0xA2, 0x5C, 0xEB, 0x9D, 0xC1, 0xC3, 0xD8, 0xA2, 0x99, 0x63, 0x39, 0xF6, 0x22, 0xC7, 0xA5,
    0x1D, 0x91, 0x66, 0x41, 0x5D, 0x26, 0x41, 0x49, 0xF8, 0xA2, 0x5B, 0xB4, 0x7A, 0x71, 0x80, 0xC5,
    0x6F, 0xE9, 0x5C, 0x77, 0xBF, 0xD9, 0xB9, 0x46, 0x03, 0xC4, 0xC3, 0xFD, 0x09, 0xC0, 0x53, 0xC4,
    0x81, 0x15, 0x9C, 0xFA, 0x64, 0x69, 0xB5, 0x61, 0xDF, 0x04, 0x43, 0x15, 0xF7, 0xEB, 0x0B, 0xAB,
    0x3F, 0x58, 0xEC, 0x13, 0x6B, 0x23, 0xAF, 0xFC, 0xF8, 0x01, 0xFF, 0x3D, 0xEC, 0x08, 0x47, 0x74,
    0x82, 0x52, 0xB6, 0xF9, 0x57, 0xFE, 0xF5, 0x9F, 0xD1, 0x15, 0xD1, 0x9F, 0x70, 0x92, 0x13, 0xFF,
    0x1B, 0x69, 0x57, 0x7F, 0x97, 0x4D, 0x83, 0xD6, 0xD8, 0x7E, 0xC4, 0xA0, 0xB3, 0x9C, 0xC4, 0x52,
    0xD9, 0x71, 0x1A, 0x7F, 0xE7, 0xB9, 0x8E, 0x22, 0xFA, 0x6E, 0xD8, 0x91, 0x47, 0xFF, 0x5E, 0xA6,
    0x66, 0xB4, 0x97, 0x4D, 0x9C, 0xEA, 0x65, 0x13, 0xA7, 0x6C, 0xBC, 0x17, 0xFD, 0xC5, 0x3D, 0x00,
    0x76, 0x39, 0xF6, 0x54, 0x86, 0x59, 0xD3, 0x93, 0xAA, 0x7B, 0xB2, 0x5A, 0x0D, 0xAC, 0xCB, 0x11,
    0x76, 0xA5, 0xDA, 0xE2, 0x88, 0xC6, 0x53, 0x25, 0xE2, 0x3F, 0x54, 0x7F, 0x82, 0x7E, 0x26, 0x7E,
    0x1A, 0xFD, 0xF4, 0x8D, 0x53, 0x6E, 0x3C, 0x9D, 0xE7, 0x9C, 0xDC, 0xD8, 0xE4, 0x9C, 0xDE, 0xB0,
    0x1B, 0x72, 0xDD, 0xBD, 0x4C, 0x1E, 0x9B, 0xDD, 0x08, 0xA5, 0xBB, 0x3A, 0x08, 0xC8, 0x05, 0x36,
    0x8B, 0x6F, 0xF8, 0xDC, 0x96, 0xFC, 0x07, 0x5F, 0x01, 0xCE, 0x53, 0x98, 0xDE, 0x3E, 0x7E, 0x8B,
    0xE5, 0x9A, 0xB9, 0xCF, 0x0C, 0xB0, 0x16, 0xF8, 0x33, 0x81, 0x8F, 0x46, 0x90, 0x03, 0x61, 0xFF,
    0xD0, 0x36, 0xDE, 0x02, 0x26, 0xC1, 0x08, 0x85, 0x70, 0x71, 0xE6, 0x84, 0x95, 0x11, 0x82, 0x0E,
    0x2B, 0xFD, 0xF4, 0x57, 0x8B, 0xA9, 0x21, 0x83, 0x66, 0xDE, 0x20, 0x7D, 0xE3, 0x71, 0xD8, 0x68,
    0x28, 0x52, 0x48, 0x06, 0x08, 0x4A, 0x40, 0x98, 0x78, 0xAD, 0x56, 0xEE, 0x2F, 0xCA, 0xB8, 0x3D,
    0x23, 0x61, 0xCD, 0x8A, 0x8C, 0x9C, 0x74, 0x7E, 0x18, 0x26, 0x67, 0xA0, 0xA2, 0x9F, 0x33, 0xF0,
    0x95, 0x64, 0xE0, 0x2F, 0x5E, 0x27, 0xEE, 0x2C, 0xF0, 0xCD, 0xAF, 0x43, 0x55, 0xC0, 0xB3, 0xCF,
    0xB0, 0x5C, 0x0F, 0xEF, 0x81, 0xF3, 0xFC, 0x69, 0xC8, 0x53, 0x78, 0xF6, 0xEB, 0x5F, 0x90, 0xCF,
    0x29, 0x21, 0xA0, 0x04, 0x47, 0x7F, 0x00, 0x90, 0x24, 0x82, 0x85, 0xC7, 0x6D, 0x2A, 0x68, 0x0B,
    0x40, 0x75, 0xB2, 0x91, 0x88, 0x8C, 0xF8, 0xC3, 0xA9, 0xA4, 0x33, 0x73, 0xBD, 0xF4, 0xEC, 0xB1,
    0xBF, 0xFE, 0xC4, 0xB7, 0xAE, 0xD5, 0x88, 0x99, 0xB4, 0x4C, 0xE1, 0x91, 0xB3, 0xEF, 0x64, 0x9D,
    0x72, 0xEF, 0xBA, 0x21, 0x6E, 0x77, 0x6D, 0x25, 0x6C, 0x56, 0x2B, 0x56, 0x34, 0x39, 0x79, 0x64,
    0x2B, 0xA9, 0xB6, 0x69, 0xD8, 0xFD, 0x77, 0xA6, 0x2C, 0x55, 0x30, 0x42, 0xA3, 0xF6, 0xB0, 0x3D,
    0x39, 0x70, 0x6B, 0x3D, 0xDC, 0x75, 0x6D, 0x72, 0xE7, 0xED, 0x43, 0xC9, 0xEF, 0x06, 0x35, 0xA9,
    0x6C, 0x37, 0x1C, 0x04, 0x3F, 0xE6, 0xF2, 0x3A, 0xCA, 0xE2, 0x9B, 0x6B, 0x59, 0x7C, 0x37, 0x4C,
    0x74, 0x7F, 0x1D, 0xFE, 0x12, 0x48, 0xBB, 0x76, 0x72, 0x38, 0x32, 0x01, 0xCF, 0x35, 0x6C, 0x6E,
    0xC2, 0xBA, 0x67, 0x99, 0x09, 0xB2, 0xFD, 0xEF, 0xBD, 0x37, 0x4C, 0xD8, 0x50, 0xD0, 0x53, 0x45,
    0xD6, 0x57, 0x90, 0xED, 0x3E, 0x80, 0x9E, 0x89, 0xB6, 0xC0, 0x4D, 0x6A, 0x32, 0xFF, 0xF8, 0x52,
    0x09, 0xBB, 0x7B, 0x22, 0x7D, 0xAD, 0xCA, 0xB8, 0x83, 0xF0, 0x32, 0x0E, 0x1A, 0xAE, 0x62, 0xE2,
    0x7F, 0x2A, 0x35, 0xDD, 0xAE, 0xCF, 0xDA, 0xC0, 0x4A, 0x89, 0xD6, 0x80, 0x6A, 0x7B, 0xB4, 0x19,
    0xC8, 0x78, 0x23, 0xB8, 0xF0, 0x65, 0x80, 0xB1, 0x94, 0x01, 0xCA, 0x51, 0x8D, 0xFD, 0x2A, 0x03,
    0x93, 0x93, 0x23, 0xE7, 0x27, 0xFB, 0xD8, 0xED, 0x33, 0x39, 0x8B, 0xB2, 0x55, 0xD8, 0x55, 0xB1,
    0x91, 0x13, 0x9A, 0x01, 0xD4, 0xF3, 0xB5, 0x3C, 0x5F, 0x4C, 0xA4, 0x6A, 0x96, 0xEB, 0xA1, 0x71,
    0x22, 0x73, 0xAE, 0x2A, 0xF8, 0xD6, 0x37, 0xE1, 0xB3, 0x70, 0x05, 0x3F, 0x7A, 0x59, 0x10, 0xDB,
    0x08, 0xD2, 0xBD, 0xCE, 0x74, 0xFD, 0x6D, 0x8B, 0xD1, 0xD4, 0x0F, 0x0D, 0x10, 0x4B, 0x74, 0x26,
    0xAA, 0x7C, 0x84, 0x71, 0x19, 0xE1, 0xAB, 0x46, 0xC2, 0xC0, 0xB9, 0x4B, 0x78, 0xD8, 0x27, 0x01,
    0xAF, 0x3F, 0x2B, 0xDA, 0xFE, 0xD1, 0x4B, 0x7C, 0x96, 0xEC, 0xBF, 0x14, 0x2B, 0x8C, 0x24, 0xCC,
    0x97, 0xE0, 0xD5, 0x35, 0x2D, 0xA3, 0x74, 0x0A, 0xF5, 0x71, 0x03, 0xDE, 0x8F, 0xB1, 0x02, 0x52,
    0x96, 0xF5, 0x54, 0xD1, 0x85, 0x03, 0x22, 0x7D, 0x76, 0x60, 0x8A, 0xDF, 0x84, 0x48, 0xB8, 0xAA,
    0x86, 0x55, 0xED, 0x52, 0x33, 0x2D, 0x6D, 0xFD, 0xC4, 0x02, 0x03, 0x90, 0xC3, 0x7D, 0xCF, 0x53,
    0x0F, 0xDC, 0xF2, 0x2B, 0xCC, 0x90, 0xDD, 0x03, 0xD8, 0xED, 0x05, 0x86, 0x2F, 0xE7, 0x0F, 0x12,
    0xAC, 0xFD, 0x03, 0x0F, 0x5F, 0xE0, 0x2C, 0x76, 0x2E, 0x66, 0xC6, 0x1F, 0xD1, 0x37, 0x39, 0xF0,
    0xB2, 0x00, 0x7C, 0x39, 0xFC, 0x3F, 0x73, 0x03, 0xF2, 0x54, 0x1C, 0xD1, 0x17, 0xE4, 0x5F, 0xA6,
    0x4F, 0x60, 0xFB, 0x07, 0x2E, 0xD9, 0xEB, 0x45, 0x7A, 0xD2, 0x79, 0x6C, 0xA4, 0x83, 0xD2, 0xF7,
    0x23, 0x1D, 0x09, 0x14, 0x33, 0x24, 0x57, 0x95, 0x7A, 0xAB, 0xC9, 0xF1, 0xCE, 0x45, 0x7A, 0xE1,
    0xF5, 0x22, 0x3D, 0x51, 0x96, 0x28, 0xED, 0xA5, 0x67, 0x39, 0x2A, 0xD8, 0x4B, 0xA7, 0x82, 0xBD,
    0x46, 0x5E, 0xE9, 0x7D, 0x05, 0x7B, 0x7F, 0x2B, 0x8A, 0x06, 0x09, 0x4C, 0x0B, 0x4A, 0xCC, 0x8E,
    0x7A, 0xAB, 0xE5, 0xF8, 0x7A, 0x84, 0x1C, 0x8A, 0xC6, 0xFA, 0x8A, 0x97, 0xBE, 0xC5, 0x67, 0xE2,
    0xF6, 0x89, 0x18, 0x52, 0x0D, 0x4F, 0x6B, 0x58, 0xAE, 0x87, 0xF7, 0xF8, 0x73, 0xF7, 0x7A, 0xD8,
    0xD9, 0xC0, 0xFC, 0x08, 0x3E, 0xC3, 0x03, 0x4D, 0x53, 0x39, 0x50, 0xEC, 0xCC, 0x97, 0xF3, 0x47,
    0x87, 0x94, 0xEB, 0x3C, 0x5D, 0x5E, 0xE7, 0xC8, 0xDA, 0xCA, 0xD9, 0x30, 0x50, 0x05, 0x96, 0x5C,
    0x75, 0x88, 0xFB, 0xC9, 0x75, 0xC9, 0x69, 0x02, 0xA7, 0x05, 0x9C, 0x54, 0x23, 0x9D, 0xC3, 0x8D,
    0xA5, 0x96, 0x12, 0x0D, 0xA4, 0x40, 0x0E, 0x0C, 0x70, 0x66, 0x47, 0xAA, 0xC1, 0xDB, 0x79, 0x6F,
    0xE8, 0x17, 0x4B, 0xFF, 0xA5, 0xC8, 0x15, 0x9A, 0xCE, 0x4F, 0xC4, 0xB0, 0x6E, 0x1F, 0x89, 0x5C,
    0xAC, 0x32, 0x61, 0xAE, 0x02, 0xD9, 0x9F, 0xA0, 0x5E, 0xAB, 0xBF, 0x44, 0xE1, 0x48, 0x34, 0x90,
    0x17, 0x80, 0x3D, 0x87, 0xF0, 0x78, 0xAD, 0x89, 0xA8, 0x5E, 0x56, 0x2F, 0xAC, 0x97, 0xD6, 0x8B,
    0xEB, 0xE5, 0xF5, 0x02, 0x8B, 0xC4, 0x93, 0xC8, 0x22, 0xF3, 0x24, 0xB4, 0x48, 0x2D, 0x62, 0x0B,
    0x98, 0xA3, 0xED, 0x76, 0x2E, 0x30, 0x30, 0x09, 0x3F, 0x4B, 0xFF, 0xB5, 0x48, 0x98, 0x28, 0xB9,
    0x11, 0xC3, 0x72, 0x3D, 0xBC, 0xBF, 0x2D, 0x21, 0xFE, 0xA2, 0xAF, 0x90, 0x25, 0xFD, 0x45, 0x9E,
    0xD7, 0xF4, 0x05, 0x1F, 0x9F, 0x54, 0xE0, 0x52, 0x7E, 0x72, 0x81, 0x8B, 0xF7, 0xF9, 0xE5, 0x03,
    0xF7, 0xC1, 0xFC, 0x36, 0x85, 0x2E, 0xB2, 0x0F, 0xBE, 0xFE, 0xE7, 0xE8, 0x26, 0xED, 0x4D, 0xEA,
    0xBB, 0xAE, 0x3F, 0x78, 0x94, 0x7F, 0x1E, 0x42, 0x6C, 0xF2, 0xBC, 0x16, 0x9F, 0x33, 0x00, 0x3C,
    0xA4, 0x07, 0x3B, 0xBF, 0x68, 0x25, 0x4F, 0x26, 0xDF, 0x31, 0xC7, 0x35, 0x39, 0x3B, 0xE0, 0x0D,
    0xC0, 0x17, 0xF3, 0x5C, 0x60, 0x97, 0x5D, 0x73, 0x26, 0x55, 0x57, 0xF5, 0x91, 0xD6, 0xAD, 0xBC,
    0xE8, 0x08, 0x5A, 0xB9, 0x5F, 0xB4, 0xFE, 0xE8, 0x0E, 0x79, 0x06, 0x80, 0x97, 0x8F, 0x4A, 0xDA,
    0x74, 0x27, 0x20, 0x89, 0x3A, 0xD5, 0x06, 0x56, 0xD7, 0x58, 0x59, 0x81, 0x15, 0x14, 0x16, 0xB2,
    0x39, 0x9C, 0xCC, 0xC4, 0x59, 0x19, 0x82, 0x8F, 0x5A, 0xD4, 0x9D, 0x0E, 0x5D, 0x5B, 0x32, 0x76,
    0x6C, 0x59, 0xB3, 0xE4, 0x6E, 0x4E, 0x27, 0x4E, 0x94, 0xFD, 0x38, 0xFB, 0x9A, 0x6A, 0x66, 0x3F,
    0x92, 0xD2, 0x1E, 0xF5, 0x4E, 0x0D, 0xE1, 0x14, 0x66, 0xF6, 0x13, 0x4C, 0xEC, 0xEB, 0x9B, 0x40,
    0x96, 0x02, 0x95, 0x06, 0x7A, 0x19, 0xF2, 0xEE, 0x8A, 0x7D, 0xE6, 0x3F, 0x37, 0x73, 0x3F, 0x97,
    0xF9, 0xC4, 0x65, 0xEC, 0x1C, 0x5F, 0xDB, 0xFD, 0x8F, 0x07, 0x70, 0xD9, 0xB0, 0x25, 0xE7, 0xFF,
    0x02, 0xC5, 0xD9, 0x01, 0x84, 0x25, 0xF9, 0x9D, 0xC0, 0xF1, 0x4F, 0x55, 0xCD, 0x4C, 0x59, 0x65,
    0xFB, 0xBF, 0xEE, 0x16, 0xC7, 0x4D, 0x4F, 0x1D, 0x06, 0x83, 0xEE, 0xF7, 0x60, 0x30, 0xA8, 0xD7,
    0x5D, 0xBB, 0xAC, 0x03, 0x6E, 0xF7, 0x00, 0xC0, 0x01, 0xC0, 0xB9, 0x1B, 0x0C, 0x1A, 0x6F, 0xAE,
    0x6B, 0xEE, 0x1C, 0x08, 0xC9, 0x00, 0x00, 0x1A, 0x01, 0xC0, 0xA0, 0xC9, 0x93, 0x4C, 0x4C, 0x89,
    0xB0, 0x24, 0x50, 0xB1, 0x00, 0x50, 0x64, 0x09, 0x42, 0x52, 0x91, 0x12, 0x4F, 0xB6, 0xA7, 0x5F,
    0xDE, 0xFB, 0x8B, 0x34, 0x2D, 0x8B, 0xD9, 0x7E, 0xAF, 0x87, 0xA9, 0x66, 0x18, 0x55, 0xDF, 0xCF,
    0xFB, 0xD5, 0xFF, 0xFF, 0xC6, 0xBF, 0x09, 0x0D, 0xD3, 0x96, 0xE3, 0x96, 0x1F, 0xB5, 0xFC, 0xB1,
    0x95, 0x7E, 0xD5, 0xC9, 0x7E, 0xD6, 0x09, 0x9F, 0xF6, 0xCA, 0xA4, 0x37, 0x4B, 0x06, 0xA7, 0xAB,
    0xC1, 0x6A, 0x35, 0x24, 0xBD, 0x21, 0x6B, 0x8D, 0x45, 0x63, 0x0C, 0x2C, 0xA6, 0x2C, 0x66, 0xCC,
    0x01, 0x04, 0x94, 0xD8, 0xC3, 0xE9, 0xFF, 0x35, 0xD9, 0xEA, 0x37, 0x75, 0xD1, 0x9D, 0x2A, 0x1D,
    0x3B, 0x32, 0x55, 0x99, 0x98, 0x9B, 0x59, 0xA8, 0x2C, 0xCD, 0x8D, 0x2E, 0x2C, 0xD2, 0xA5, 0x79,
    0x31, 0x3A, 0xBE, 0x78, 0xA5, 0xE8, 0x07, 0x90, 0xB6, 0x64, 0x1D, 0x59, 0x0B, 0x79, 0x4F, 0xBE,
    0x44, 0x85, 0x27, 0xA4, 0x03, 0x59, 0x4D, 0x06, 0xB6, 0x66, 0xC8, 0x7A, 0xF2, 0x0B, 0x54, 0xE2,
    0x15, 0x1F, 0xD3, 0x90, 0xC1, 0xCD, 0x3C, 0x0F, 0x61, 0x24, 0xF9, 0xDF, 0x96, 0xF0, 0x07, 0xCC,
    0x9E, 0xA1, 0xBF, 0x0F, 0x5C, 0x39, 0x22, 0x24, 0x4A, 0x22, 0x25, 0x5A, 0x22, 0x26, 0x6A, 0x22,
    0x27, 0x7A, 0x22, 0x28, 0x8A, 0x36, 0x24, 0x1B, 0x93, 0x0D, 0xCA, 0x46, 0x65, 0xC3, 0xB2, 0x71,
    0x89, 0x30, 0xCC, 0x31, 0xC8, 0x7F, 0xDD, 0x28, 0x47, 0x4E, 0x2A, 0xEA, 0x3B, 0x37, 0x53, 0xDD,
    0x45, 0x81, 0xEC, 0x45, 0xC3, 0xE7, 0x43, 0x14, 0x45, 0x90, 0xAD, 0x4E, 0xA5, 0x40, 0xD6, 0x90,
    0x7C, 0xB9, 0x91, 0x0F, 0xDB, 0x69, 0x27, 0xEB, 0xE1, 0x29, 0x92, 0x81, 0xFC, 0xAB, 0x86, 0x30,
    0xA0, 0xBA, 0xD5, 0xB1, 0xC4, 0x8A, 0xA7, 0x24, 0x9B, 0xD1, 0xD4, 0xDB, 0xE3, 0x95, 0x9F, 0xB4,
    0x1C, 0x7F, 0xD3, 0x70, 0xF6, 0x5F, 0x48, 0x1A, 0x91, 0xC7, 0xEC, 0xFC, 0x16, 0x79, 0xE1, 0x45,
    0x1B, 0x23, 0x9E, 0x4E, 0x80, 0x7C, 0x9B, 0x13, 0xCC, 0xFA, 0x48, 0x52, 0x9D, 0xD0, 0xEF, 0x03,
    0xEC, 0x74, 0x3F, 0x8B, 0x8F, 0x1C, 0x99, 0x57, 0xBC, 0xFC, 0x00, 0xDB, 0xDC, 0xE3, 0xCC, 0xF0,
    0x8A, 0x7F, 0xFF, 0x8C, 0x67, 0xFB, 0x1C, 0x5F, 0x10, 0xFA, 0xED, 0xBB, 0x26, 0x38, 0x41, 0xC7,
    0xD3, 0xBD, 0xEB, 0x8F, 0x79, 0x77, 0xCF, 0xDB, 0xE8, 0xC1, 0x1E, 0xB2, 0x9A, 0x2F, 0x3E, 0xE3,
    0xE9, 0xEE, 0xFA, 0x03, 0xF2, 0x9A, 0xA4, 0xBD, 0xEA, 0x2F, 0xB7, 0xD1, 0x9F, 0xF5, 0x78, 0x4C,
    0xF2, 0x8A, 0x7F, 0xF8, 0xFF, 0x2B, 0x43, 0xB9, 0x7D, 0x43, 0x3A, 0xE0, 0x31, 0x9E, 0x92, 0x6E,
    0x7B, 0x0E, 0x71, 0xE9, 0x9F, 0x7E, 0x53, 0x73, 0xF6, 0x1C, 0x5F, 0xDC, 0xC5, 0xAB, 0x7D, 0xF1,
    0x09, 0x84, 0xFE, 0x36, 0x96, 0x7E, 0xAC, 0x88, 0x4B, 0x3F, 0x6E, 0x3F, 0xB6, 0x3C, 0xAA, 0x8F,
    0xEE, 0x5E, 0x2D, 0x91, 0xA2, 0xBF, 0x95, 0xA5, 0xFF, 0xEC, 0x7A, 0xFF, 0xF6, 0x96, 0x7E, 0xB2,
    0x5A, 0x35, 0xE9, 0x6A, 0x55, 0xA7, 0xF1, 0xEF, 0xF1, 0x92, 0xB7, 0x14, 0x0D, 0x61, 0xB5, 0x14,
    0x2F, 0x3C, 0xC0, 0x04, 0x33, 0x54, 0xF1, 0x62, 0x8E, 0x37, 0xAB, 0x6E, 0xCD, 0x69, 0x01, 0xC4,
    0xFB, 0xF4, 0xA4, 0x2D, 0x4E, 0xBB, 0x6C, 0x35, 0x16, 0xED, 0xA2, 0x74, 0x32, 0x33, 0xCE, 0xF3,
    0xE1, 0xCD, 0xAA, 0x79, 0xF3, 0xB5, 0x91, 0x91, 0xD7, 0xFC, 0x8F, 0x66, 0xBA, 0x6A, 0xF3, 0xCB,
    0x3A, 0x46, 0xC9, 0x3B, 0x31, 0x69, 0x24, 0x7D, 0x8B, 0x07, 0xD8, 0xC7, 0x92, 0xA4, 0x25, 0x6D,
    0xB0, 0xC5, 0xE2, 0xA2, 0x13, 0x06, 0xCE, 0x79, 0x25, 0xEF, 0x04, 0x3E, 0xE0, 0x1D, 0xAB, 0x6B,
    0xE5, 0xAF, 0x5A, 0x47, 0xAB, 0xD6, 0xD3, 0x29, 0x6C, 0xB7, 0x50, 0xC2, 0x65, 0x21, 0xFD, 0xFD,
    0x5B, 0xD9, 0x8B, 0x25, 0x20, 0x16, 0x5A, 0x27, 0x5A, 0x37, 0x5A, 0x47, 0x9A, 0x19, 0xAD, 0x33,
    0xAD, 0x3B, 0xAD, 0x43, 0x8D, 0xE2, 0xE5, 0xB5, 0x18, 0x6B, 0x5D, 0x2B, 0xE6, 0x8A, 0xC2, 0x8A,
    0xB3, 0x41, 0xB6, 0xAC, 0x85, 0x03, 0x9E, 0x14, 0x3B, 0xE8, 0x36, 0x92, 0x75, 0xC2, 0x2F, 0x39,
    0xEA, 0x19, 0x5E, 0x49, 0xEA, 0x8F, 0x6F, 0xD4, 0x9E, 0xD6, 0xA4, 0x2D, 0xFA, 0x33, 0xFE, 0x71,
    0x69, 0x57, 0xED, 0xFB, 0x14, 0x64, 0x9F, 0xB7, 0x8E, 0xFA, 0x75, 0x77, 0xCC, 0xFE, 0x96, 0x57,
    0xE2, 0x87, 0x7F, 0xF7, 0x95, 0x48, 0x46, 0x1C, 0xE0, 0x44, 0x32, 0x76, 0xF2, 0x0B, 0xC2, 0xE1,
    0x4E, 0x52, 0x29, 0x5A, 0x74, 0xA4, 0xAD, 0xF0, 0x8B, 0xAD, 0x7D, 0xD4, 0xF2, 0xEE, 0x4C, 0x79,
    0xD9, 0x79, 0x54, 0xD6, 0x9C, 0x91, 0x2D, 0x09, 0xFF, 0xB9, 0x1B, 0xC3, 0x24, 0xAB, 0xFD, 0x64,
    0x45, 0xBB, 0x00, 0x42, 0xBB, 0x3D, 0x47, 0x32, 0x92, 0x5F, 0x50, 0x3E, 0xE0, 0xA4, 0x00, 0xEC,
    0x78, 0xCB, 0x0B, 0xAD, 0x69, 0x6F, 0x3C, 0x4F, 0x9A, 0x87, 0xBE, 0xF3, 0x0E, 0x98, 0xF5, 0xB1,
    0xBB, 0xA2, 0x92, 0x0E, 0xB2, 0x46, 0x06, 0x56, 0xA3, 0xFF, 0x7E, 0x29, 0x50, 0x32, 0x61, 0x46,
    0xC5, 0x9C, 0x13, 0xCE, 0x19, 0x19, 0x24, 0x83, 0xB4, 0x97, 0xC5, 0xFB, 0xFC, 0xF3, 0xD7, 0x4E,
    0x2F, 0xB8, 0x64, 0x55, 0xCB, 0x6B, 0x0F, 0x38, 0xE7, 0x25, 0xAE, 0xFE, 0x4D, 0xD6, 0xCA, 0xDB,
    0x0D, 0x3D, 0xD4, 0x82, 0xEB, 0xF7, 0xAE, 0xBE, 0xF3, 0x43, 0x41, 0xA0, 0x64, 0x0F, 0x0F, 0x1C,
    0xB9, 0x8F, 0x85, 0xD1, 0x60, 0x48, 0x86, 0xB4, 0xCF, 0xBA, 0xAC, 0xCD, 0xDA, 0xBC, 0x2D, 0x9A,
    0x50, 0x07, 0x01, 0x1C, 0x9A, 0x79, 0xC4, 0xBD, 0x55, 0xC3, 0xF1, 0x6A, 0xE4, 0x6D, 0x72, 0x21,
    0x1B, 0x1C, 0x29, 0x5A, 0x53, 0xB1, 0xB1, 0x24, 0x98, 0x10, 0xCC, 0x88, 0x3F, 0x4A, 0x15, 0x53,
    0x15, 0x47, 0x66, 0xCC, 0x1D, 0xB1, 0x34, 0x95, 0x0E, 0x42, 0x57, 0x76, 0xB2, 0xF5, 0xB0, 0x39,
    0x1D, 0x01, 0xF6, 0xE1, 0x18, 0x0E, 0x11, 0x67, 0xB4, 0x0C, 0xED, 0xF3, 0xA9, 0xC9, 0x4C, 0x39,
    0x57, 0x2E, 0x36, 0x7F, 0x26, 0xA3, 0xD9, 0xA8, 0x5A, 0x58, 0xCE, 0xD2, 0x21, 0xCE, 0x08, 0x92,
    0x4E, 0x36, 0x48, 0x3B, 0x94, 0x0D, 0xCA, 0x1E, 0x06, 0xE8, 0x51, 0xB4, 0xF8, 0x10, 0x11, 0x8B,
    0x5D, 0x5A, 0xF2, 0x5E, 0xB1, 0xE4, 0x09, 0xCF, 0xE2, 0x1B, 0xC3, 0x3D, 0xEF, 0xEA, 0xF1, 0x12,
    0x59, 0x4B, 0xF9, 0x7D, 0x9C, 0xB6, 0x1B, 0x61, 0x4F, 0xE2, 0x23, 0xD8, 0xBD, 0x81, 0x91, 0xB4,
    0x53, 0x7C, 0x59, 0x9B, 0xF4, 0x9C, 0x3F, 0xA3, 0xBE, 0xE3, 0x6A, 0xD9, 0x2F, 0xAD, 0x25, 0xD6,
    0x14, 0x33, 0xA5, 0x35, 0xC6, 0x22, 0x5E, 0x13, 0xA3, 0x99, 0x51, 0x65, 0x2D, 0xB2, 0x26, 0xFD,
    0x75, 0xD9, 0xE3, 0x63, 0xD8, 0x87, 0xBC, 0x6C, 0xDE, 0x87, 0x6A, 0x8F, 0x82, 0xEC, 0x7B, 0xED,
    0x9A, 0xB4, 0x16, 0x45, 0xD0, 0xBB, 0x8D, 0x25, 0xD4, 0x48, 0x5A, 0xA4, 0x2D, 0xE1, 0xDF, 0x70,
    0xFC, 0x73, 0xFC, 0x29, 0x6E, 0xF6, 0xAF, 0x48, 0x76, 0xAF, 0xA0, 0xE8, 0x70, 0x46, 0xB2, 0x99,
    0x8F, 0xAD, 0xCD, 0xC7, 0xF3, 0x1C, 0xAB, 0xDF, 0x91, 0xBE, 0x58, 0xE0, 0x6A, 0x48, 0xFD, 0x2D,
    0x0E, 0xC9, 0xE4, 0xD3, 0x26, 0x7E, 0xF3, 0x74, 0xCF, 0x81, 0xA2, 0xDD, 0x22, 0xF1, 0x1E, 0x4C,
    0x5B, 0xFC, 0xB8, 0x23, 0xED, 0x07, 0x52, 0xFF, 0x02, 0xC0, 0x2D, 0xEF, 0x71, 0xF1, 0xD6, 0xC3,
    0x9A, 0x96, 0x34, 0xFF, 0x74, 0x83, 0x2D, 0xCF, 0x19, 0xB2, 0x1E, 0x45, 0x83, 0x09, 0x3C, 0x04,
    0xC0, 0x74, 0xA3, 0x9A, 0x6D, 0x54, 0xAF, 0xD7, 0xAA, 0xCB, 0x21, 0x1B, 0x1C, 0xD7, 0xDB, 0x52,
    0xCD, 0x31, 0x92, 0xF6, 0xE4, 0x0D, 0x77, 0x1D, 0x61, 0xB6, 0xA6, 0x2C, 0xB2, 0xD5, 0x9F, 0x87,
    0xD0, 0x9E, 0xD6, 0xEF, 0x36, 0xA2, 0x97, 0x30, 0xC2, 0x09, 0x1C, 0xC2, 0xDD, 0x5B, 0xC2, 0xCC,
    0x30, 0x41, 0x10, 0x31, 0x92, 0xFA, 0x66, 0x98, 0x6F, 0xFF, 0x32, 0xDA, 0x83, 0xFB, 0xBB, 0x17,
    0xE5, 0x3D, 0xC5, 0x12, 0x4F, 0xF0, 0x8C, 0xAC, 0x27, 0xC7, 0x3D, 0x37, 0x94, 0xB9, 0x43, 0xB6,
    0x3C, 0xA0, 0x78, 0x33, 0xB2, 0x97, 0xF7, 0xB0, 0x7B, 0x8F, 0x84, 0x37, 0xFF, 0x2A, 0xF9, 0xED,
    0xA5, 0xB4, 0x59, 0x02, 0x6E, 0x6C, 0xD9, 0x6D, 0x32, 0x1C, 0xC0, 0x1C, 0xAA, 0x6D, 0x24, 0x5F,
    0x3B, 0x2D, 0x48, 0x7B, 0x41, 0xDA, 0x29, 0x65, 0x9D, 0x89, 0xAC, 0x35, 0x93, 0xB7, 0x2A, 0x45,
    0xA3, 0x12, 0x6A, 0x73, 0x81, 0x85, 0xC0, 0xA8, 0x64, 0x30, 0x91, 0x0C, 0x66, 0xD2, 0x5E, 0x25,
    0xEB, 0xCC, 0x64, 0xAD, 0x23, 0xA1, 0x31, 0x6D, 0x4E, 0x09, 0xAB, 0xB7, 0x24, 0xAB, 0x1E, 0xE0,
    0x11, 0xCC, 0xE1, 0x09, 0x8A, 0xA6, 0x68, 0x42, 0x5D, 0xD4, 0x41, 0x50, 0x0A, 0x26, 0x4A, 0x87,
    0xB1, 0x7E, 0xA6, 0x52, 0x99, 0x9B, 0x5B, 0x88, 0x67, 0x1C, 0x5E, 0xC7, 0x33, 0x8E, 0x41, 0x79,
    0x75, 0xC6, 0x21, 0x8F, 0xD5, 0x70, 0x04, 0xC7, 0x2D, 0xD2, 0x16, 0x59, 0x8B, 0x69, 0x8D, 0x27,
    0xF0, 0x18, 0xEC, 0x54, 0x97, 0xF5, 0x64, 0x57, 0xBF, 0xDC, 0x91, 0x0D, 0x64, 0x35, 0x29, 0x6E,
    0x24, 0x4D, 0x5E, 0x42, 0xD6, 0x41, 0x68, 0xE0, 0xD0, 0xF5, 0x6D, 0x99, 0xD0, 0x6C, 0x6C, 0xA1,
    0xDE, 0xE0, 0x8E, 0x64, 0x9D, 0xE9, 0x52, 0xD6, 0x3A, 0x7E, 0x29, 0x6F, 0xCD, 0x44, 0xA0, 0x28,
    0x14, 0x89, 0xA2, 0x51, 0x44, 0x8A, 0x4A, 0x1B, 0xE6, 0x40, 0x15, 0x29, 0x11, 0xBA, 0x91, 0xB6,
    0x22, 0x35, 0x5A, 0x45, 0x2C, 0x38, 0x82, 0xD7, 0x48, 0x06, 0x64, 0x0D, 0x31, 0x12, 0x79, 0xBB,
    0xB6, 0xFE, 0xA0, 0x5E, 0x63, 0x2F, 0x05, 0x61, 0x8C, 0xDC, 0xE8, 0x8D, 0xE0, 0x28, 0x8E, 0xE4,
    0x68, 0x8E, 0xE8, 0xA8, 0x8E, 0xEC, 0xE8, 0x8E, 0x70, 0x44, 0xB8, 0x01, 0x9C, 0x80, 0x03, 0x70,
    0xF7, 0x7D, 0xCA, 0xA7, 0x10, 0x20, 0x6F, 0x90, 0xB4, 0xE0, 0x3A, 0xBF, 0xD9, 0x02, 0xFF, 0x08,
    0x1C, 0xB7, 0x90, 0x5E, 0xFD, 0x54, 0xD6, 0x50, 0x81, 0xC7, 0xEF, 0xE7, 0x43, 0xC8, 0x7A, 0x64,
    0x17, 0x70, 0x00, 0x15, 0xD2, 0x01, 0x59, 0x83, 0x74, 0xDB, 0x2F, 0x42, 0x7D, 0x07, 0xD9, 0xF2,
    0x09, 0x8A, 0x37, 0x03, 0x3E, 0xCC, 0x3B, 0xF0, 0x7E, 0xF4, 0x77, 0xC4, 0xD3, 0xD9, 0x9A, 0x6F,
    0x56, 0x24, 0xED, 0xEB, 0x5D, 0xBD, 0x02, 0xB7, 0x4F, 0x03, 0x1E, 0x81, 0x39, 0x38, 0xD9, 0x95,
    0x4C, 0xD2, 0x11, 0x9B, 0x62, 0x12, 0x73, 0xCC, 0x10, 0x90, 0xD7, 0x00, 0x16, 0x42, 0x33, 0x57,
    0xAA, 0xE2, 0xDD, 0x97, 0x26, 0xC9, 0xA0, 0xCC, 0x3A, 0xA1, 0x68, 0x84, 0xFF, 0xA0, 0xF8, 0x29,
    0xF9, 0x92, 0x6C, 0x88, 0x91, 0xAE, 0x0E, 0x7B, 0xE2, 0x25, 0xD4, 0x04, 0x48, 0x06, 0x2C, 0x70,
    0x80, 0xBB, 0xC0, 0xB9, 0x89, 0x85, 0xCA, 0x89, 0xA5, 0x79, 0x32, 0xA8, 0xB2, 0x5E, 0x95, 0xB7,
    0xAA, 0x50, 0x3B, 0xDC, 0xA8, 0x66, 0x3C, 0x98, 0xF3, 0xE0, 0x9C, 0xBD, 0x81, 0xD0, 0x11, 0x5A,
    0x02, 0x26, 0xA8, 0xB0, 0xE4, 0x74, 0xE0, 0xB4, 0xD9, 0x62, 0x2B, 0xE0, 0x10, 0x47, 0x38, 0xB8,
    0x6A, 0x9D, 0x5F, 0x6F, 0x35, 0xBB, 0xDE, 0x3A, 0x12, 0xAE, 0xB7, 0x1E, 0x30, 0x9F, 0xB1, 0xAC,
    0xFE, 0xD6, 0xAA, 0x6C, 0x98, 0xF6, 0x18, 0xD0, 0x53, 0xB4, 0xEC, 0xE3, 0x3E, 0x6C, 0xD3, 0x72,
    0x5C, 0x73, 0xDC, 0x92, 0x76, 0xE4, 0x0D, 0x33, 0x3C, 0xDC, 0xC9, 0xE7, 0x4F, 0xC2, 0xE5, 0x9E,
    0x78, 0x9E, 0xFE, 0xC9, 0x88, 0x6D, 0x5B, 0xDC, 0x91, 0x2D, 0x0F, 0xE2, 0x7F, 0x55, 0xE3, 0x26,
    0x64, 0x27, 0x8E, 0xBF, 0x00, 0xAD, 0x97, 0x01, 0x84, 0x64, 0xC9, 0x19, 0xC7, 0x7F, 0xEF, 0x95,
    0xDB, 0x97, 0xDD, 0xCA, 0x74, 0x2D, 0x82, 0x63, 0xA7, 0xFB, 0x2D, 0x82, 0xCD, 0xE9, 0x9E, 0x5E,
    0x6C, 0x18, 0xBC, 0x37, 0xEF, 0xE5, 0x0E, 0x87, 0x40, 0x00, 0x20, 0x11, 0x04, 0x09, 0x61, 0x07,
    0x89, 0xB4, 0xD3, 0x99, 0x2E, 0x0E, 0x87, 0x83, 0x01, 0x80, 0x30, 0x04, 0x89, 0x70, 0x6E, 0xD0,
    0xA2, 0x31, 0xAB, 0xCB, 0x0E, 0x0E, 0x17, 0xB7, 0xCF, 0x06, 0xE0, 0x8E, 0x17, 0x77, 0x20, 0x17,
    0x52, 0x78, 0x49, 0xFA, 0xA2, 0x67, 0x2A, 0x55, 0x6F, 0x7A, 0xDA, 0x74, 0xEC, 0x5E, 0x2F, 0xEE,
    0xFB, 0xEA, 0x5F, 0x55, 0xF5, 0x7D, 0xFF, 0xEF, 0xAB, 0xEF, 0xE9, 0x37, 0x55, 0x6F, 0x40, 0x94,
    0x54, 0x73, 0x7B, 0x52, 0xFD, 0xBE, 0x3C, 0xE1, 0xEB, 0x15, 0x12, 0x76, 0x29, 0x16, 0xBB, 0x0F,
    0x92, 0x07, 0x6C, 0xD1, 0x62, 0x59, 0x2C, 0x5A, 0x38, 0xC7, 0xC4, 0xA3, 0x70, 0xCB, 0xB6, 0x79,
    0x79, 0x41, 0x3F, 0x52, 0x7C, 0x53, 0x6D, 0xE8, 0x2E, 0x86, 0x6E, 0x09, 0x14, 0x6E, 0x31, 0x71,
    0x4D, 0x5C, 0x09, 0x23, 0x4B, 0xC5, 0x1E, 0x39, 0x0F, 0x10, 0x95, 0x34, 0xAA, 0x4C, 0x19, 0x90,
    0x71, 0x9F, 0xE8, 0x58, 0x54, 0x89, 0x5F, 0xAB, 0x76, 0x9D, 0x79, 0xE9, 0x77, 0x63, 0x63, 0xC5,
    0xD3, 0x4A, 0xBD, 0x65, 0x52, 0xA5, 0x0F, 0x52, 0xC6, 0x05, 0xE2, 0xB9, 0x95, 0xE7, 0x95, 0x7A,
    0xDB, 0xF4, 0x54, 0x99, 0x75, 0x18, 0xF5, 0x11, 0x7F, 0xB3, 0xC9, 0xD3, 0x5A, 0xBE, 0x6B, 0x94,
    0xD4, 0x03, 0x45, 0xD6, 0x65, 0x9C, 0x67, 0x79, 0x36, 0xC8, 0xBA, 0xFD, 0x5E, 0xB7, 0xC3, 0x01,
    0x64, 0x6D, 0xDB, 0x87, 0x43, 0x0A, 0x67, 0xDF, 0xF9, 0x6F, 0x4D, 0x0D, 0x15, 0x91, 0x21, 0x36,
    0x08, 0xDF, 0x34, 0x52, 0xA3, 0x4A, 0x14, 0xA4, 0x30, 0x84, 0x03, 0x40, 0xD4, 0x1E, 0x15, 0x81,
    0x10, 0x18, 0xF1, 0x1F, 0xFE, 0x84, 0x70, 0x8E, 0x48, 0xBE, 0x06, 0x0A, 0xE8, 0x01, 0x7B, 0x40,
    0x0E, 0x64, 0xF0, 0x9D, 0xFD, 0xBB, 0x21, 0x3B, 0x6F, 0xFC, 0xF9, 0x04, 0x4E, 0x01, 0x0B, 0x91,
    0x47, 0xEC, 0x31, 0xD4, 0x93, 0x7A, 0x6E, 0xE7, 0x76, 0x52, 0xA7, 0x1A, 0xBE, 0x4D, 0x5A, 0x0E,
    0xEB, 0xE2, 0xC2, 0xFF, 0x1C, 0xFA, 0x57, 0x40, 0x7E, 0x34, 0xCE, 0xE3, 0xFA, 0x48, 0xD8, 0xB1,
    0xA8, 0xF2, 0xC8, 0x2A, 0xFC, 0x74, 0x58, 0xFA, 0x45, 0xCA, 0x5E, 0x91, 0xCF, 0x9B, 0x13, 0xB6,
    0xEB, 0x64, 0xC1, 0x83, 0xED, 0xEA, 0xEC, 0xB5, 0xDE, 0xE1, 0xEB, 0xF4, 0x35, 0x9C, 0x35, 0x04,
    0x7D, 0x15, 0x26, 0x0F, 0x83, 0x6E, 0x67, 0x26, 0x0D, 0x3D, 0x20, 0xBD, 0x20, 0x03, 0xF2, 0x1E,
    0x16, 0x18, 0x75, 0xE2, 0x0A, 0x38, 0xED, 0x08, 0x0D, 0xD8, 0xAE, 0x02, 0xB0, 0xFD, 0xC1, 0xCF,
    0xF9, 0x05, 0x36, 0x7B, 0xC7, 0xBD, 0xE9, 0x4A, 0x3B, 0xFD, 0xCF, 0x7B, 0xEF, 0x9D, 0x9B, 0xF9,
    0xE7, 0xCF, 0xC4, 0x33, 0x61, 0x86, 0x3F, 0xFC, 0x89, 0xF8, 0x44, 0x18, 0x7A, 0x03, 0xF1, 0x3B,
    0x3F, 0x64, 0xFD, 0xE4, 0x03, 0xA1, 0x3D, 0x55, 0xFE, 0x32, 0x29, 0xE3, 0x2A, 0x53, 0x7D, 0x49,
    0xA2, 0x07, 0x7B, 0x83, 0x1E, 0x8A, 0x74, 0xA9, 0x96, 0x64, 0xC8, 0x3A, 0xB1, 0xD7, 0xBB, 0xAF,
    0xF7, 0x5F, 0x57, 0xB0, 0xAE, 0x61, 0x5D, 0xC5, 0xBA, 0x8E, 0x75, 0x25, 0xDF, 0x5B, 0xD5, 0xF2,
    0x03, 0xA7, 0xAF, 0xAA, 0x39, 0xBF, 0xAE, 0xE7, 0xE3, 0x37, 0x57, 0x15, 0x3D, 0x8B, 0x57, 0x35,
    0x7D, 0xB2, 0xAA, 0xAA, 0x2D, 0xAF, 0xAD, 0xEB, 0xC7, 0x42, 0x5F, 0x55, 0xD6, 0x95, 0xE5, 0x55,
    0x6D, 0x3D, 0xB5, 0xAA, 0x4E, 0x5D, 0xD0, 0xD6, 0x57, 0x27, 0x0D, 0x91, 0x15, 0x55, 0xA2, 0x15,
    0x5D, 0xF6, 0xB9, 0xEF, 0x57, 0x56, 0x3C, 0xAF, 0x93, 0x73, 0x23, 0x93, 0xB2, 0xA3, 0xE8, 0xEF,
    0xF2, 0x68, 0x3F, 0x18, 0x1B, 0xF1, 0xDC, 0xBF, 0xF0, 0xE7, 0xC1, 0xFE, 0xB6, 0xEE, 0x28, 0xE9,
    0x3D, 0x3B, 0xDE, 0xD5, 0x67, 0x36, 0xCA, 0xFC, 0xB4, 0x33, 0x9B, 0x8E, 0x46, 0x59, 0xD6, 0xCF,
    0x76, 0xFB, 0x3B, 0xDD, 0xCE, 0xCE, 0x6C, 0xDA, 0x8C, 0x46, 0xD3, 0x2C, 0x1B, 0xF5, 0x33, 0x6F,
    0xF1, 0xA6, 0xDD, 0xCE, 0xCE, 0x0E, 0x1D, 0x18, 0xC2, 0x6F, 0xE0, 0x73, 0x1D, 0x3F, 0x35, 0x49,
    0x64, 0x76, 0xA8, 0xF6, 0xA9, 0x81, 0xE3, 0xB8, 0x96, 0x7A, 0xC8, 0x19, 0x0D, 0x63, 0x06, 0x74,
    0x90, 0x44, 0xC0, 0x1D, 0x14, 0x89, 0x16, 0x26, 0xAE, 0x43, 0x91, 0xAA, 0xCC, 0x99, 0x72, 0xD7,
    0xAB, 0xEF, 0x33, 0x16, 0xD8, 0x94, 0x69, 0x52, 0x25, 0x15, 0x29, 0x6D, 0x20, 0x07, 0xB1, 0x05,
    0xF5, 0xBE, 0x66, 0x14, 0x5F, 0x32, 0x3D, 0x63, 0xC9, 0xA2, 0x9D, 0x21, 0xBD, 0x8D, 0xBD, 0xB8,
    0x86, 0x19, 0x0D, 0x7E, 0xCC, 0x91, 0x06, 0x55, 0xFA, 0x04, 0xA2, 0x6A, 0x53, 0xB5, 0x49, 0x59,
    0x2A, 0xCD, 0x42, 0x95, 0x34, 0x29, 0x91, 0x1D, 0x12, 0xDB, 0x03, 0x44, 0x9D, 0x13, 0x38, 0xC2,
    0x8C, 0x49, 0xCC, 0x88, 0x44, 0xFB, 0x74, 0xA5, 0x45, 0x11, 0x50, 0x73, 0x2D, 0xB9, 0x30, 0x1C,
    0xC9, 0x8A, 0x2C, 0x31, 0xDC, 0x72, 0x65, 0xEA, 0xEA, 0xDB, 0xFF, 0xB2, 0x91, 0x6D, 0x7C, 0x8B,
    0x6B, 0x2B, 0xFE, 0x5A, 0x8B, 0x67, 0x46, 0x5C, 0x92, 0x2C, 0x48, 0x2A, 0xA4, 0x46, 0xB2, 0x92,
    0x14, 0x0A, 0xC8, 0xAF, 0xCF, 0xAA, 0xFB, 0xA0, 0x1F, 0x11, 0x9B, 0x3E, 0xB2, 0x54, 0xE5, 0x6F,
    0x49, 0x5C, 0x03, 0x73, 0x0D, 0x8F, 0x8F, 0x89, 0xDD, 0x02, 0xA5, 0x07, 0x78, 0x1F, 0x87, 0x88,
    0xD2, 0x5B, 0x4A, 0x00, 0x78, 0x0D, 0x76, 0x56, 0x67, 0x0D, 0x75, 0x7B, 0xBE, 0x94, 0xDC, 0x81,
    0xDD, 0xD6, 0x36, 0x86, 0x7F, 0x10, 0xFF, 0x85, 0x64, 0x87, 0x4E, 0x87, 0xDD, 0x3B, 0x3C, 0x92,
    0xAC, 0x05, 0x59, 0x02, 0xA0, 0xB8, 0x31, 0xE4, 0x1D, 0x00, 0x8A, 0x4F, 0x01, 0x88, 0x9C, 0x03,
    0xE0, 0xE8, 0xC3, 0x76, 0xF5, 0x4F, 0x00, 0xE4, 0x47, 0x25, 0x40, 0x2A, 0x0C, 0xC0, 0xED, 0x76,
    0xE8, 0x11, 0x95, 0xA3, 0x30, 0xC0, 0x14, 0xBA, 0xC0, 0x29, 0xB3, 0x3E, 0x71, 0x75, 0xCA, 0xFC,
    0x8F, 0xC4, 0x17, 0x35, 0xB7, 0xDC, 0x25, 0xF7, 0x5C, 0xC3, 0xC5, 0x07, 0x88, 0x7F, 0x4F, 0xC5,
    0x67, 0x90, 0x9E, 0xA2, 0x3A, 0x30, 0xDE, 0xE7, 0x40, 0x41, 0x93, 0xF1, 0x2D, 0xA9, 0xF9, 0xE9,
    0x00, 0x62, 0xE0, 0x75, 0x8A, 0xA6, 0xB0, 0x40, 0x06, 0x58, 0x88, 0x2B, 0x48, 0x34, 0xA8, 0x95,
    0x69, 0x0A, 0x51, 0x0D, 0xC2, 0x80, 0x04, 0xBA, 0xC0, 0xFE, 0x4B, 0x99, 0x30, 0xB4, 0x14, 0x96,
    0x0C, 0xC6, 0x30, 0x6B, 0x6D, 0x36, 0xB4, 0xA8, 0x0E, 0x74, 0xE1, 0xDA, 0x66, 0x42, 0x98, 0x2C,
    0x51, 0x84, 0x96, 0x42, 0x0F, 0x06, 0x84, 0xB8, 0xA2, 0x86, 0x49, 0xCD, 0xC4, 0x53, 0xCD, 0x0D,
    0xDE, 0x35, 0xB5, 0x47, 0x72, 0x81, 0x5C, 0xB2, 0xCA, 0x3F, 0xDA, 0xCC, 0xDF, 0xC6, 0xCD, 0xDB,
    0x57, 0xE3, 0xDE, 0x57, 0xA4, 0xAE, 0x9E, 0xBB, 0xF2, 0x76, 0x6C, 0x7F, 0x26, 0x0D, 0x34, 0x88,
    0x75, 0x6F, 0x49, 0x0C, 0xA2, 0x6E, 0xD3, 0x1A, 0x8E, 0xA0, 0x20, 0x5A, 0x84, 0x96, 0x54, 0x88,
    0x0A, 0x05, 0x89, 0x66, 0x00, 0x12, 0x32, 0x36, 0x24, 0x85, 0x59, 0x4B, 0x5F, 0x42, 0x0E, 0x0D,
    0x61, 0x2F, 0xA5, 0xFD, 0x56, 0x69, 0xD8, 0x29, 0x05, 0x9A, 0x61, 0xE8, 0x0E, 0x00, 0x9B, 0x83,
    0xA8, 0x33, 0x50, 0x66, 0x0C, 0x05, 0xB3, 0xB0, 0xC5, 0x14, 0x51, 0x61, 0x49, 0x34, 0x16, 0x09,
    0xF5, 0x46, 0x72, 0x61, 0x28, 0x90, 0x15, 0x39, 0x89, 0x81, 0x65, 0x72, 0x09, 0x8B, 0xC2, 0x19,
    0x9A, 0xD7, 0x45, 0x1D, 0x59, 0x22, 0x1B, 0x87, 0x4E, 0x84, 0x47, 0x15, 0x95, 0xE7, 0x08, 0x43,
    0x5A, 0x7A, 0xEA, 0x13, 0x12, 0xED, 0x5D, 0x32, 0xCC, 0x15, 0x0A, 0x14, 0x1D, 0x6E, 0x48, 0xEE,
    0x95, 0x23, 0xAF, 0x64, 0x8C, 0x61, 0xE2, 0x9C, 0x0E, 0x00, 0x05, 0x0C, 0x80, 0x31, 0xD0, 0xDC,
    0xF8, 0x9D, 0x35, 0xA4, 0x40, 0xBE, 0x76, 0x11, 0xD7, 0x21, 0xEE, 0x0B, 0x8F, 0x4B, 0x0E, 0x27,
    0x2E, 0x40, 0x7B, 0x98, 0x17, 0x40, 0x5F, 0xF9, 0x97, 0x1C, 0xFE, 0xFA, 0x47, 0x1C, 0x1E, 0xB2,
    0x15, 0x77, 0xEF, 0x42, 0xEC, 0x9C, 0x51, 0x1E, 0x85, 0x3B, 0x37, 0x93, 0x15, 0xE6, 0x9B, 0x08,
    0xB6, 0xD6, 0x9F, 0x7A, 0x5E, 0xE0, 0x3B, 0x57, 0xE3, 0xDC, 0x92, 0xDA, 0xB9, 0x6B, 0x94, 0x1E,
    0xFA, 0x06, 0xCA, 0x15, 0x5A, 0x5E, 0xE0, 0x03, 0x90, 0x94, 0x20, 0x03, 0x60, 0xA0, 0xA0, 0xF8,
    0x0C, 0xA2, 0xB9, 0x2B, 0x99, 0x7C, 0x58, 0x46, 0x5F, 0x42, 0xF2, 0x91, 0x46, 0xBD, 0x65, 0xB8,
    0x25, 0x2A, 0x88, 0x34, 0xA2, 0x4A, 0xEA, 0xC4, 0xC0, 0xA6, 0x64, 0x6B, 0xED, 0xD3, 0x9E, 0x1C,
    0x08, 0xB7, 0x00, 0xA5, 0xF7, 0x20, 0x43, 0xD2, 0x9E, 0x1E, 0x68, 0xA2, 0x92, 0x6F, 0x4E, 0xEE,
    0x83, 0xE6, 0x11, 0x91, 0xA1, 0x4F, 0x52, 0xA2, 0x38, 0x82, 0xF6, 0xF4, 0x62, 0xAE, 0x59, 0x89,
    0x5D, 0x43, 0x54, 0x15, 0xE2, 0xC2, 0x40, 0xEA, 0x2C, 0xF2, 0xEF, 0x96, 0x41, 0x0D, 0xB3, 0x53,
    0x22, 0x3B, 0x82, 0xE3, 0x0C, 0xF8, 0x2E, 0x00, 0xF4, 0x56, 0xE8, 0xC3, 0xCC, 0x63, 0x3E, 0x82,
    0x5B, 0xEE, 0x82, 0xF6, 0x08, 0xF9, 0x14, 0xD2, 0x0E, 0xE4, 0x8A, 0xF6, 0xD8, 0xE0, 0x16, 0x8C,
    0x84, 0x59, 0x26, 0x7A, 0xA4, 0x40, 0xC1, 0x00, 0x32, 0x18, 0xC1, 0x29, 0x58, 0xE2, 0xEA, 0xFA,
    0xCF, 0x16, 0x14, 0x74, 0x21, 0x4B, 0xCC, 0xBE, 0x34, 0xD3, 0xC4, 0xC4, 0xEE, 0x18, 0xAA, 0xD4,
    0xB9, 0xE3, 0xD8, 0x64, 0x3C, 0x76, 0xAE, 0x3C, 0x84, 0xC7, 0x5F, 0xC1, 0xBD, 0x2F, 0xC0, 0x5D,
    0x22, 0xEA, 0x7B, 0xA5, 0x6A, 0x4F, 0x65, 0xAA, 0x87, 0x70, 0x0C, 0x80, 0xA4, 0xFD, 0x2C, 0x93,
    0xEF, 0xA7, 0xC4, 0x5F, 0x8E, 0x60, 0x52, 0x53, 0x38, 0x57, 0x4D, 0x3C, 0x98, 0x54, 0xE0, 0x1A,
    0xC4, 0xC7, 0x39, 0x52, 0x2A, 0x90, 0xD0, 0x82, 0x86, 0x68, 0x11, 0xFA, 0x1B, 0x32, 0x86, 0xB3,
    0xD0, 0xFF, 0xBF, 0xAC, 0xC9, 0xE1, 0xFE, 0x9D, 0x85, 0x0B, 0x38, 0xDC, 0xC0, 0x4F, 0x2B, 0x7F,
    0x05, 0xBF, 0x6B, 0x3A, 0xEA, 0xEA, 0x12, 0xEE, 0x84, 0x5B, 0x78, 0xB7, 0xE5, 0xD2, 0xB2, 0x37,
    0x93, 0x6F, 0x6E, 0x13, 0xD9, 0x33, 0x88, 0x6D, 0x3B, 0xE3, 0xA5, 0xB2, 0x99, 0x6A, 0x0C, 0x84,
    0xB0, 0xA8, 0x69, 0x67, 0x2F, 0x8F, 0x60, 0x73, 0xF3, 0xED, 0x15, 0x8C, 0xCF, 0x36, 0x9E, 0x39,
    0x2C, 0x15, 0x90, 0x96, 0xA0, 0x5E, 0x96, 0x20, 0xAA, 0xCF, 0x10, 0x36, 0x8C, 0xBC, 0x48, 0x36,
    0xE2, 0xB3, 0x55, 0x17, 0x57, 0x99, 0xD4, 0xC2, 0x66, 0xCA, 0xB4, 0x33, 0xC8, 0x6E, 0x7A, 0x8B,
    0xEB, 0xFF, 0x40, 0x96, 0x6C, 0x3A, 0xD6, 0xB1, 0x65, 0x88, 0xD5, 0xED, 0x8C, 0xB5, 0xE3, 0xA0,
    0xC8, 0x21, 0x0C, 0x07, 0x40, 0xBB, 0x1C, 0x3F, 0x19, 0x33, 0x7E, 0xE2, 0x3B, 0xC6, 0xAB, 0xEE,
    0xFA, 0xE3, 0xF4, 0x95, 0x3E, 0x7C, 0x1F, 0x06, 0xDD, 0xCE, 0x9C, 0xD7, 0x85, 0x19, 0x6A, 0xC5,
    0x9D, 0xAD, 0x8A, 0x67, 0x2B, 0xD2, 0xB2, 0x30, 0x93, 0xEA, 0xF1, 0xF1, 0x16, 0xAE, 0xC7, 0x1B,
    0xFA, 0xE4, 0xE4, 0xFB, 0x66, 0x7B, 0xE6, 0x4B, 0x5E, 0xF5, 0xA9, 0xFE, 0x07, 0x4D, 0x91, 0x81,
    0xA6, 0x24, 0x47, 0x14, 0x86, 0xBF, 0xEE, 0x4A, 0xB4, 0xE4, 0xDC, 0xAE, 0x5A, 0x11, 0x40, 0xF7,
    0x34, 0x80, 0x44, 0x8D, 0x59, 0x0C, 0x5A, 0xD2, 0xF7, 0x4E, 0x05, 0x04, 0x8B, 0xCD, 0x03, 0x44,
    0x1E, 0x20, 0x82, 0x42, 0x63, 0xC2, 0x30, 0xFD, 0x08, 0xC9, 0x1B, 0xDC, 0x47, 0x68, 0x2C, 0x36,
    0xEC, 0xDE, 0x5B, 0x6F, 0x90, 0xB6, 0x01, 0x10, 0xEA, 0x09, 0xA2, 0x43, 0xC4, 0x90, 0xBB, 0x3B,
    0xB9, 0xDD, 0x33, 0x63, 0xD7, 0xFF, 0x57, 0x15, 0xC7, 0xE1, 0x9C, 0xBF, 0xBE, 0xF4, 0x80, 0xF9,
    0x81, 0x52, 0x68, 0x84, 0x5A, 0x68, 0xCD, 0x6C, 0x4D, 0x6B, 0x69, 0x5A, 0xAA, 0x81, 0xE4, 0x63,
    0xB8, 0x2A, 0x6C, 0xBD, 0xF6, 0xBE, 0x8F, 0x64, 0x1D, 0xC6, 0xB1, 0x71, 0xFC, 0x47, 0xFA, 0x3B,
    0x99, 0xA6, 0xCC, 0xD9, 0x1C, 0xC3, 0x97, 0x77, 0x8E, 0x06, 0x6A, 0xD4, 0x11, 0x01, 0x0D, 0x39,
    0x54, 0x23, 0x1F, 0xED, 0xA0, 0x9C, 0x6D, 0xB9, 0x7D, 0xC1, 0x7E, 0x80, 0x7B, 0xD4, 0xAF, 0x68,
    0xB0, 0xF0, 0xD5, 0x81, 0xEB, 0x25, 0x5B, 0x3D, 0xCF, 0x2B, 0x69, 0xB6, 0x98, 0x88, 0x39, 0xCE,
    0x23, 0x0C, 0x34, 0xB0, 0x85, 0x91, 0x74, 0x40, 0x05, 0xC4, 0xB1, 0x98, 0x6B, 0xE9, 0x03, 0xA6,
    0xA2, 0x14, 0x16, 0x06, 0x79, 0x85, 0x8C, 0x34, 0x3B, 0xFA, 0x25, 0xA3, 0xE5, 0xC5, 0x96, 0x55,
    0x64, 0x8A, 0xB4, 0xC0, 0xCE, 0x91, 0x1A, 0x83, 0x5D, 0x61, 0xFE, 0x82, 0x02, 0x6A, 0x92, 0xC8,
    0xBD, 0x23, 0xED, 0x26, 0xED, 0xDF, 0x5E, 0x5E, 0x98, 0xCE, 0xF9, 0xEE, 0x93, 0x41, 0x75, 0x82,
    0xC6, 0xD2, 0xD0, 0x50, 0xCF, 0x6A, 0xB0, 0xE4, 0xA8, 0x2E, 0x0D, 0xC9, 0xC0, 0xAC, 0x64, 0x48,
    0x82, 0x0A, 0xA7, 0xCE, 0x86, 0x1E, 0xD9, 0x20, 0x7F, 0x04, 0x93, 0x06, 0xAD, 0xBA, 0x42, 0x75,
    0x36, 0x73, 0x4D, 0x46, 0x2D, 0xAC, 0xF5, 0xB4, 0xB0, 0x3C, 0xA7, 0x14, 0xE6, 0xCA, 0xE4, 0xCB,
    0x17, 0xCF, 0x91, 0x07, 0x92, 0x51, 0xE2, 0xF5, 0xF0, 0x59, 0x50, 0x93, 0xBA, 0xCC, 0x09, 0x06,
    0x43, 0xF2, 0x0E, 0xF5, 0x6D, 0x87, 0x0A, 0x93, 0xA5, 0xA3, 0x82, 0x1D, 0xE9, 0x88, 0x04, 0x56,
    0xB0, 0x39, 0x22, 0x0F, 0x9F, 0x54, 0x18, 0x4A, 0x19, 0xD9, 0x62, 0x27, 0xC5, 0x97, 0xF7, 0x03,
    0x06, 0x36, 0x70, 0x47, 0xFA, 0x27, 0xD9, 0x4F, 0xE4, 0x0D, 0x75, 0xCD, 0xFD, 0x91, 0x1F, 0x7F,
    0x83, 0x1E, 0x46, 0xB2, 0x0F, 0x10, 0xAD, 0x4E, 0x88, 0x8A, 0x33, 0xA2, 0x5F, 0xCE, 0x88, 0xDC,
    0x09, 0x51, 0x01, 0x37, 0x07, 0x6E, 0x96, 0xD4, 0x7A, 0xCA, 0x51, 0x97, 0x34, 0x3B, 0xE4, 0x84,
    0x48, 0x66, 0x44, 0xCB, 0x33, 0xA2, 0x24, 0x9E, 0x11, 0x99, 0x13, 0xA2, 0xB7, 0x98, 0xE7, 0xE8,
    0xCC, 0x69, 0x83, 0xBC, 0x46, 0xFE, 0xE1, 0xBA, 0x99, 0x08, 0xF7, 0x25, 0xDB, 0x1D, 0xD5, 0x05,
    0x51, 0x21, 0xD8, 0x13, 0xA2, 0x6A, 0x46, 0x54, 0xCE, 0x88, 0x46, 0xF6, 0x8E, 0x24, 0x4C, 0xDA,
    0xBC, 0x4B, 0xCF, 0x2F, 0x4C, 0xE7, 0x74, 0xA7, 0x21, 0x73, 0x1A, 0x4B, 0x4D, 0x4B, 0xCF, 0x78,
    0x56, 0x8F, 0x67, 0x8D, 0xEA, 0x92, 0xC0, 0x40, 0x3C, 0x29, 0x19, 0xD2, 0xA0, 0x1E, 0xBB, 0x0D,
    0x96, 0x16, 0xF5, 0x6F, 0xB7, 0xA8, 0x5C, 0x23, 0xB4, 0x82, 0xD7, 0xF4, 0x4B, 0xDA, 0x57, 0xAC,
    0xBE, 0x47, 0x1D, 0x16, 0xE5, 0xDA, 0xEE, 0xA3, 0xC7, 0x53, 0x3F, 0xA9, 0x62, 0x76, 0x60, 0xB1,
    0xA0, 0xCE, 0xF0, 0x8F, 0x9E, 0x5B, 0xEB, 0x79, 0x69, 0xFD, 0xC8, 0x46, 0xA3, 0x5E, 0x4E, 0x2B,
    0xA6, 0x11, 0xF1, 0xD8, 0x1A, 0x5F, 0x50, 0xC5, 0x27, 0x5B, 0xAC, 0x3C, 0xFC, 0x5C, 0xC7, 0xF6,
    0xEF, 0xB8, 0x77, 0x19, 0x97, 0x0F, 0xBE, 0xA3, 0x7A, 0xC6, 0x32, 0xA3, 0x11, 0xD6, 0x9F, 0xE2,
    0x73, 0xFC, 0x15, 0xB7, 0x05, 0xEF, 0x1B, 0x34, 0x45, 0x8D, 0x8D, 0x7C, 0xDD, 0x71, 0x13, 0xF0,
    0x11, 0xEF, 0xB9, 0xAD, 0xC9, 0x10, 0x34, 0x39, 0xC5, 0x9C, 0x72, 0xCD, 0x53, 0x1E, 0xCB, 0x5C,
    0xBD, 0x5E, 0xB9, 0xC5, 0xB3, 0x37, 0x61, 0x29, 0xDF, 0x84, 0x46, 0xD2, 0xB0, 0xD6, 0xAA, 0x7B,
    0x9A, 0x2B, 0xE7, 0x8B, 0x8C, 0x5B, 0x2B, 0x5C, 0x7D, 0x38, 0xCE, 0xCC, 0x11, 0x73, 0x62, 0x81,
    0x5A, 0xB9, 0xEC, 0x4D, 0x10, 0x37, 0x68, 0x86, 0x3C, 0x09, 0xB9, 0xEA, 0x2A, 0xC3, 0x17, 0x07,
    0xD6, 0x4C, 0xF6, 0xD0, 0x83, 0x1C, 0xCA, 0xCF, 0x2D, 0xC6, 0x25, 0x11, 0xFF, 0x5D, 0xBF, 0xEF,
    0x52, 0x34, 0xFB, 0x78, 0x99, 0xEF, 0x69, 0x59, 0xF1, 0x3F, 0x6D, 0x96, 0x01, 0x84, 0x24, 0xD9,
    0xFD, 0x80, 0xBF, 0xAA, 0xF7, 0xDF, 0xAD, 0xF3, 0xAF, 0xDD, 0x79, 0x87, 0x4B, 0x1C, 0x3B, 0x3B,
    0xEF, 0x00, 0x11, 0x33, 0x5D, 0xC1, 0xC6, 0x4D, 0x92, 0x57, 0x5D, 0xE5, 0x0E, 0x83, 0xC3, 0x45,
    0x38, 0x10, 0x27, 0x01, 0x40, 0xB8, 0xC1, 0x61, 0xD1, 0x37, 0x53, 0xE7, 0x10, 0x2C, 0xB1, 0x08,
    0x40, 0x08, 0x80, 0x24, 0xDC, 0x60, 0xC8, 0x60, 0xB2, 0xFD, 0x26, 0x87, 0xE0, 0x90, 0xCA, 0x26,
    0xC0, 0x86, 0x3C, 0x9B, 0x05, 0xEE, 0x22, 0xEF, 0x72, 0x85, 0x9E, 0x4D, 0x75, 0xFF, 0xF2, 0x53,
    0xE6, 0xC6, 0x92, 0x18, 0xDF, 0x37, 0x5E, 0xA9, 0x7E, 0xE5, 0x7B, 0xED, 0x57, 0x9A, 0xE3, 0x48,
    0x2E, 0x89, 0xB2, 0x07, 0x0B, 0xCC, 0x80, 0xBA, 0x90, 0xE0, 0x4B, 0xC5, 0xB6, 0x78, 0x0B, 0x73,
    0xC5, 0xC9, 0x86, 0x42, 0xC1, 0xC3, 0x35, 0xF7, 0x81, 0xE5, 0x0A, 0x44, 0xE1, 0xA4, 0x87, 0xA7,
    0x81, 0x9B, 0x12, 0x68, 0x24, 0x66, 0xF2, 0x56, 0x67, 0x3E, 0xDB, 0xC2, 0xFE, 0x6C, 0x1B, 0x77,
    0xD7, 0x33, 0xDF, 0xBD, 0x87, 0xDF, 0x3F, 0x61, 0x71, 0x18, 0x39, 0xFF, 0x22, 0x70, 0xF6, 0xE7,
    0xC0, 0xD1, 0x27, 0x2D, 0xC7, 0x0F, 0xA0, 0xD9, 0x82, 0xEA, 0xDD, 0x57, 0xB0, 0xB2, 0x62, 0x6F,
    0xF9, 0x90, 0xFD, 0x43, 0xD0, 0xDB, 0xA0, 0x10, 0xBD, 0x41, 0xFA, 0x6C, 0x45, 0x6B, 0x22, 0xD8,
    0x0E, 0x1C, 0x30, 0x2B, 0x1D, 0xB5, 0x5D, 0xE2, 0x6D, 0xCF, 0xC2, 0xB6, 0x2C, 0x1C, 0x2C, 0x66,
    0xCA, 0x1E, 0x78, 0x0F, 0x73, 0xC5, 0x8D, 0xAF, 0x51, 0xCA, 0x40, 0x26, 0x3D, 0x38, 0x19, 0xA8,
    0x24, 0x51, 0x03, 0x1E, 0x58, 0x00, 0xF7, 0x81, 0x53, 0x20, 0x01, 0x22, 0x64, 0x4A, 0x1E, 0x21,
    0xEF, 0xC1, 0x04, 0x68, 0xA6, 0x47, 0x43, 0xD9, 0x81, 0x6D, 0x15, 0x00, 0x8E, 0x9F, 0x91, 0xCB,
    0x48, 0xD1, 0xBF, 0x8A, 0xED, 0xC0, 0x02, 0x0E, 0xD8, 0x01, 0x23, 0x72, 0x7D, 0x3E, 0xA5, 0x8C,
    0x58, 0x85, 0x01, 0x48, 0x90, 0x47, 0xA6, 0x7D, 0x1A, 0x91, 0x4E, 0xE9, 0x80, 0x3C, 0x00, 0x14,
    0x2D, 0x80, 0x85, 0xFC, 0x4F, 0xEB, 0x6A, 0xC4, 0x7C, 0x2A, 0xC7, 0x82, 0xF9, 0x87, 0x1D, 0x6D,
    0x6B, 0x52, 0x99, 0xCA, 0xB6, 0xE8, 0xCB, 0x60, 0x5B, 0xA5, 0xB3, 0xD8, 0xCE, 0xB5, 0xEA, 0xB6,
    0xC1, 0x61, 0x59, 0x32, 0xC3, 0xB1, 0xA1, 0x66, 0x66, 0xD6, 0x78, 0xEA, 0x62, 0xA1, 0xF6, 0x5B,
    0x1E, 0xFD, 0xBF, 0xBB, 0xE0, 0x8C, 0xA9, 0x10, 0x12, 0x30, 0x55, 0x01, 0xE7, 0x24, 0x7E, 0x97,
    0x45, 0xD6, 0x59, 0xCF, 0x26, 0x0F, 0xD9, 0xDF, 0x4C, 0xC8, 0x95, 0x4A, 0x64, 0xB8, 0xF3, 0xCF,
    0x8F, 0xA3, 0x79, 0xF0, 0x36, 0xC5, 0x4F, 0xDF, 0xD6, 0x6E, 0x89, 0x4A, 0x6F, 0xCD, 0x2F, 0xB0,
    0xE6, 0x73, 0x76, 0xCC, 0xC8, 0x5E, 0x3E, 0xE2, 0xF3, 0x15, 0x3E, 0x1B, 0x60, 0x19, 0x01, 0x59,
    0x03, 0xA9, 0x81, 0x2C, 0x59, 0x55, 0xB4, 0x2D, 0x79, 0x6F, 0xDF, 0xC2, 0xF4, 0x76, 0x0B, 0x13,
    0x9A, 0xE3, 0x5F, 0x16, 0x17, 0xBA, 0x51, 0x29, 0xC9, 0x53, 0x6E, 0x5A, 0x8F, 0x85, 0xFB, 0x2A,
    0x4E, 0x71, 0x90, 0x98, 0xA9, 0xA8, 0x55, 0x78, 0x90, 0x56, 0x75, 0xDC, 0xB2, 0x1C, 0xB8, 0xDA,
    0x1A, 0x52, 0xC5, 0xD5, 0xE6, 0xE4, 0xD1, 0x16, 0x97, 0xE8, 0xF6, 0x95, 0x60, 0x42, 0x55, 0xA3,
    0x3E, 0x5F, 0x40, 0x21, 0x83, 0xBA, 0x94, 0x30, 0x07, 0x7B, 0x10, 0x5C, 0xC0, 0x9A, 0x50, 0x24,
    0xD4, 0xAC, 0xD8, 0x31, 0x3D, 0x67, 0xCC, 0xF2, 0xA8, 0xAE, 0xF3, 0xA7, 0x0C, 0xF8, 0xEC, 0x4B,
    0x49, 0x78, 0xFE, 0x25, 0x1D, 0x45, 0xE7, 0xF3, 0xBE, 0xE8, 0x16, 0xFA, 0x81, 0x6E, 0x34, 0x5D,
    0xD1, 0x7E, 0x5E, 0xB6, 0xE5, 0x1B, 0x7F, 0xB5, 0x94, 0x6F, 0xFE, 0x66, 0x87, 0xF2, 0xE0, 0x27,
    0x7B, 0x94, 0xE5, 0xAE, 0x47, 0x4F, 0x42, 0x78, 0xEF, 0xD1, 0xA3, 0xE7, 0x58, 0xEF, 0x13, 0xF6,
    0xDE, 0x77, 0x7A, 0xEC, 0xE1, 0x77, 0x03, 0x5B, 0xE9, 0x7B, 0x1D, 0xB6, 0x6F, 0x5A, 0x6C, 0x68,
    0xC0, 0x76, 0x73, 0x55, 0x5B, 0x03, 0x4B, 0x69, 0x2D, 0x68, 0xBC, 0x3A, 0x4D, 0x05, 0x89, 0xD3,
    0x1D, 0xB2, 0x98, 0xDE, 0xDF, 0xD3, 0x8A, 0x74, 0xEA, 0x31, 0x17, 0x31, 0xA9, 0x7F, 0xDF, 0xA7,
    0xFB, 0x14, 0x1F, 0x85, 0x74, 0x46, 0xF9, 0xD1, 0x45, 0x3C, 0xD5, 0x87, 0xEB, 0x25, 0xAC, 0x5E,
    0x52, 0x97, 0x6F, 0x5E, 0x44, 0x76, 0x2C, 0x79, 0xCF, 0x9E, 0xC5, 0x04, 0x6A, 0x8B, 0x6B, 0xF1,
    0x3A, 0x8C, 0xE0, 0x2B, 0x79, 0x06, 0xC0, 0x7D, 0xE0, 0x57, 0x1B, 0xC8, 0x44, 0x00, 0x12, 0x90,
    0xA9, 0xDC, 0xD3, 0x08, 0xF2, 0xBC, 0xC7, 0x0C, 0x2E, 0x50, 0x04, 0x1B, 0xB0, 0x5D, 0xA9, 0xA2,
    0xEC, 0x70, 0xD8, 0x96, 0x19, 0x16, 0xE6, 0x38, 0xA8, 0x69, 0x60, 0xC6, 0x23, 0x70, 0xF9, 0x1A,
    0xAC, 0x78, 0xC8, 0x57, 0x2A, 0x00, 0x60, 0x6A, 0x1A, 0x50, 0xA5, 0xAB, 0x31, 0x30, 0x32, 0x62,
    0xC3, 0xCB, 0xCC, 0x81, 0x73, 0x60, 0x00, 0x27, 0xE3, 0x84, 0xB9, 0x1E, 0xA1, 0xA8, 0xF4, 0x98,
    0x00, 0x13, 0x11, 0xB2, 0x21, 0x83, 0xE5, 0x06, 0xDC, 0x25, 0x2C, 0x68, 0xE0, 0x8C, 0x51, 0x65,
    0x12, 0x0C, 0x65, 0x80, 0x54, 0x41, 0x96, 0xCE, 0x21, 0x7F, 0x9A, 0xC0, 0x3C, 0x99, 0xF6, 0x91,
    0x40, 0x25, 0xCF, 0x3B, 0x8A, 0xC7, 0x11, 0xCA, 0x0F, 0x13, 0xD8, 0x76, 0x50, 0x71, 0xAE, 0xA2,
    0x06, 0xC7, 0x0C, 0x66, 0x53, 0x09, 0xB6, 0xC3, 0x89, 0xC4, 0x4A, 0xA4, 0xBF, 0x9E, 0x5C, 0xF7,
    0x2A, 0x54, 0xE7, 0xD0, 0xF4, 0x30, 0x87, 0x7C, 0x7C, 0x19, 0x37, 0x26, 0x76, 0x97, 0x3D, 0x6C,
    0x20, 0x1F, 0xC0, 0x25, 0x78, 0xA4, 0xFC, 0x20, 0x72, 0x5D, 0x70, 0x47, 0x1E, 0x02, 0x8D, 0x8C,
    0xC0, 0x2B, 0x1C, 0x03, 0xFC, 0xD8, 0x06, 0x20, 0x99, 0x1E, 0x75, 0x1E, 0x21, 0x8B, 0x59, 0x82,
    0x7C, 0xB2, 0xE9, 0x27, 0x87, 0x2C, 0xB9, 0xBE, 0x08, 0x79, 0x94, 0x55, 0xD1, 0x99, 0xC7, 0x69,
    0x51, 0xB6, 0xE5, 0x27, 0x7D, 0x6D, 0xB1, 0x07, 0x41, 0x7D, 0x54, 0x74, 0xDE, 0xDD, 0x1C, 0xCB,
    0x6E, 0x55, 0x49, 0xB4, 0x92, 0xAA, 0x4B, 0xEC, 0x71, 0x07, 0x38, 0x00, 0x76, 0x00, 0xD8, 0x03,
    0xA0, 0x06, 0xC0, 0x03, 0xB0, 0x00, 0xC8, 0x57, 0x60, 0xD7, 0x30, 0xDB, 0x01, 0xBF, 0xA5, 0xEC,
    0xC0, 0xFE, 0xAE, 0xE2, 0x95, 0x13, 0xF0, 0x11, 0x9A, 0x00, 0x15, 0x30, 0x83, 0x6F, 0x1D, 0x41,
    0x12, 0xF2, 0x7F, 0xFF, 0x11, 0xF3, 0xF1, 0xDB, 0xD8, 0x9D, 0xB2, 0xDD, 0xBB, 0x55, 0xB6, 0x70,
    0x05, 0x56, 0x71, 0x50, 0xAC, 0x95, 0x01, 0x8E, 0xD7, 0xB0, 0x94, 0x8E, 0xA1, 0x08, 0x56, 0x64,
    0x74, 0x4A, 0x16, 0x4D, 0xC8, 0xB5, 0xA6, 0x11, 0x49, 0x4A, 0x2A, 0x42, 0x45, 0x21, 0x23, 0xA5,
    0x3C, 0xC4, 0xC2, 0x84, 0x03, 0x66, 0x40, 0x0D, 0x78, 0x00, 0x6E, 0x43, 0x2E, 0x03, 0xD5, 0x72,
    0xCD, 0xE8, 0x5F, 0xCD, 0xE3, 0x3E, 0x45, 0x78, 0x1F, 0xDB, 0x9E, 0xE0, 0x48, 0xCC, 0x88, 0xD4,
    0xC8, 0xAA, 0xCE, 0x64, 0xF0, 0x79, 0x48, 0xDE, 0x5C, 0xA4, 0xDA, 0x7C, 0x18, 0xE7, 0xE6, 0x8D,
    0x58, 0x15, 0xA6, 0xB7, 0x4F, 0x8A, 0x50, 0x88, 0x04, 0x96, 0x97, 0x70, 0x17, 0xD8, 0x06, 0xB0,
    0x1D, 0x50, 0x05, 0xA6, 0x42, 0xF8, 0xAD, 0x2A, 0xFB, 0x52, 0x65, 0x1E, 0xF7, 0xE4, 0xBF, 0xFE,
    0xEC, 0x79, 0x67, 0x44, 0xA4, 0xC3, 0x65, 0x11, 0xEA, 0x2C, 0x51, 0xEA, 0x12, 0xAB, 0x42, 0x17,
    0x09, 0xD3, 0x33, 0x50, 0x06, 0x4E, 0xB1, 0x2D, 0x67, 0x54, 0xA8, 0x6A, 0x58, 0xC0, 0x9D, 0x0D,
    0x34, 0x12, 0x78, 0xC5, 0x24, 0xC8, 0xAE, 0xC8, 0x93, 0x15, 0x59, 0x39, 0x11, 0xAD, 0x58, 0xF1,
    0x55, 0xFD, 0xD5, 0x79, 0x51, 0x01, 0x0E, 0xB0, 0xDD, 0x4B, 0xD3, 0x69, 0xB0, 0x7C, 0x36, 0x55,
    0x73, 0x53, 0xA2, 0x56, 0xAF, 0x58, 0xF9, 0xD7, 0xFE, 0x77, 0xB5, 0x92, 0xF5, 0x68, 0x35, 0xDE,
    0x04, 0x6A, 0xD3, 0x31, 0x37, 0x2D, 0xD5, 0x01, 0xD8, 0x27, 0x37, 0x28, 0x64, 0x43, 0x26, 0xAB,
    0xEB, 0x6A, 0xEE, 0x15, 0x70, 0x62, 0xC9, 0x92, 0x43, 0x7B, 0xC6, 0x4A, 0x64, 0x65, 0x7A, 0x8F,
    0x09, 0x9E, 0x22, 0x2C, 0x28, 0xBB, 0xB3, 0x69, 0x16, 0x2C, 0x09, 0x9B, 0xA5, 0x29, 0x7E, 0x96,
    0x47, 0xEA, 0x3C, 0xE1, 0x33, 0xE9, 0x3C, 0xC7, 0x1D, 0x14, 0xA2, 0x6A, 0x24, 0xC2, 0x9A, 0x6E,
    0xAA, 0x23, 0xBF, 0x16, 0x03, 0xC0, 0x23, 0x80, 0xAA, 0x07, 0xF2, 0x15, 0xC0, 0x07, 0x00, 0x15,
    0xB3, 0xA3, 0x0F, 0x1C, 0xAF, 0xFF, 0xE1, 0x41, 0xC5, 0xEB, 0x07, 0xC5, 0x9C, 0xEA, 0xAD, 0x72,
    0xC4, 0x8A, 0x24, 0x6E, 0xBF, 0xB7, 0x69, 0xB9, 0x75, 0xEB, 0x16, 0xDC, 0xDA, 0xDE, 0x06, 0x27,
    0x12, 0x2A, 0x05, 0x00, 0xA0, 0x11, 0x69, 0x8F, 0x45, 0xC0, 0x33, 0xC1, 0x02, 0x38, 0x03, 0x06,
    0xE0, 0xC5, 0x53, 0x7E, 0x61, 0xDA, 0x0A, 0xE5, 0xC6, 0x3B, 0xEF, 0x60, 0x45, 0xDA, 0x1B, 0xCB,
    0x77, 0xC0, 0xB6, 0xDC, 0xF8, 0xE1, 0x5F, 0x68, 0x64, 0xCD, 0xD7, 0x7E, 0xF4, 0xF3, 0x69, 0x4D,
    0x03, 0x5F, 0x5F, 0xC3, 0x32, 0xC1, 0x07, 0x80, 0x07, 0x66, 0x80, 0x05, 0xCA, 0xEE, 0x85, 0xF7,
    0x4C, 0x7A, 0xF1, 0xB9, 0x25, 0x3C, 0xDF, 0x90, 0xC9, 0x43, 0xAA, 0x04, 0xDF, 0xFC, 0xE2, 0x9C,
    0x5C, 0x9E, 0x71, 0x67, 0x05, 0xCB, 0x00, 0x07, 0xC1, 0xF4, 0x65, 0x67, 0x42, 0xD9, 0x95, 0x9D,
    0x6D, 0xF5, 0x8F, 0x23, 0x74, 0x3E, 0xA9, 0x24, 0x52, 0x5D, 0x82, 0xEB, 0xA1, 0x49, 0x70, 0xF2,
    0x3E, 0x9C, 0x1E, 0x82, 0x76, 0x45, 0xED, 0x1D, 0x89, 0xDC, 0xCD, 0x7A, 0xB6, 0xF2, 0x8B, 0xFF,
    0xFB, 0xFF, 0xFC, 0xD3, 0x77, 0xB7, 0x8C, 0xC8, 0x5D, 0xF3, 0xF4, 0xEF, 0x63, 0x11, 0x3E, 0x4C,
    0x2E, 0xC0, 0xEB, 0x4A, 0x1E, 0x01, 0x19, 0xA1, 0x1A, 0xB8, 0x5A, 0x99, 0x1E, 0x55, 0x00, 0x0A,
    0x15, 0x65, 0x07, 0x37, 0x65, 0x7D, 0xF5, 0x9A, 0x5B, 0xDB, 0x22, 0x9A, 0xE4, 0xB2, 0x64, 0xC2,
    0x8C, 0x54, 0xAA, 0x92, 0xED, 0x6A, 0x55, 0xEB, 0xB3, 0xE4, 0xF8, 0x46, 0x1E, 0x1D, 0x98, 0x38,
    0x53, 0xF5, 0xB5, 0x2A, 0xA8, 0x8A, 0x80, 0x93, 0x48, 0x25, 0x23, 0x33, 0x8E, 0xA8, 0xA9, 0xF0,
    0x38, 0x16, 0xCA, 0x19, 0x33, 0x65, 0xC1, 0x70, 0x73, 0x70, 0x22, 0xBD, 0x93, 0xCB, 0xEB, 0x13,
    0x6F, 0xA4, 0xD7, 0x92, 0x40, 0x11, 0xAE, 0x7F, 0xE4, 0x00, 0xE5, 0x6D, 0x60, 0x6B, 0x1B, 0xB8,
    0xBD, 0x0B, 0x54, 0x9B, 0x96, 0x5C, 0xA4, 0xC3, 0x8E, 0xDF, 0x86, 0x66, 0xFF, 0x10, 0xCE, 0xEF,
    0x9D, 0xC0, 0x70, 0x18, 0xC9, 0x93, 0xCA, 0xF4, 0xDF, 0xEF, 0xA6, 0x98, 0xFF, 0x52, 0x0F, 0x64,
    0x09, 0xE0, 0x0C, 0xA0, 0x6A, 0xA7, 0xC2, 0x38, 0x09, 0xCA, 0x6D, 0xD8, 0xDA, 0x85, 0xDB, 0xFB,
    0x64, 0x32, 0x92, 0x8B, 0xA0, 0x69, 0xDD, 0x57, 0x5F, 0x44, 0x11, 0x6C, 0x5B, 0x76, 0x0D, 0x56,
    0x56, 0x4A, 0xC4, 0x66, 0x23, 0x3B, 0xD4, 0xCC, 0x98, 0x53, 0x2B, 0x9E, 0x5A, 0x59, 0xB0, 0xC8,
    0x56, 0x2C, 0x25, 0x22, 0x9B, 0xF6, 0x6A, 0x3B, 0x78, 0xE9, 0x35, 0xF8, 0x0F, 0xB3, 0xFF, 0x63,
    0xFF, 0x83, 0x81, 0x01, 0x00, 0xC5, 0xD1, 0x01, 0xA6, 0xDC, 0x50, 0x14, 0xC6, 0xF1, 0x7F, 0x5E,
    0x10, 0x04, 0xB7, 0x00, 0x14, 0x59, 0x41, 0x27, 0x1B, 0xE8, 0x78, 0xD9, 0x51, 0x01, 0x06, 0xE1,
    0x65, 0x09, 0x5D, 0x4C, 0x31, 0xA8, 0xE6, 0x2E, 0x21, 0x4B, 0xB8, 0xED, 0x0A, 0x4E, 0x19, 0x4C,
    0xE1, 0x9D, 0x9E, 0xCF, 0x9C, 0xAA, 0x82, 0x52, 0xA8, 0x13, 0x9F, 0x31, 0xEE, 0xCC, 0xF7, 0xCB,
    0xB9, 0x30, 0xB7, 0xB9, 0xC1, 0xDE, 0xBC, 0xD1, 0x59, 0x67, 0xF0, 0xD4, 0x9E, 0x1A, 0xF4, 0xB5,
    0xAF, 0xF0, 0xD6, 0xDD, 0x61, 0x77, 0x7F, 0x85, 0x71, 0x1B, 0x37, 0x28, 0x4B, 0x59, 0x22, 0x63,
    0x32, 0x99, 0x62, 0xE0, 0x14, 0x03, 0xE7, 0x18, 0x78, 0x1F, 0x43, 0xE6, 0xCA, 0x05, 0xB8, 0xC6,
    0xC0, 0x2D, 0x06, 0x2C, 0xE6, 0xCF, 0xAA, 0xA3, 0x3F, 0xC0, 0xAB, 0x6F, 0xF0, 0x25, 0x06, 0x40,
    0x26, 0xF6, 0xEF, 0x07, 0x9D, 0xF5, 0x4D, 0xE7, 0x2A, 0xE1, 0x11, 0x28, 0x10, 0xFB, 0x6B, 0x59,
    0x82, 0x53, 0xA4, 0x51, 0x08, 0x50, 0xD4, 0x3F, 0xA9, 0xFE, 0xA4, 0xDE, 0x73, 0x44, 0x3C, 0xAB,
    0xE2, 0x2A, 0xC5, 0x4D, 0x08, 0x83, 0x9B, 0xC2, 0x90, 0x00, 0x01, 0x50, 0x3F, 0xAA, 0x87, 0xEC,
    0x66, 0xFE, 0x6A, 0xB0, 0x7F, 0x6B, 0x2A, 0x3F, 0xE2, 0x4C, 0xAF, 0xF2, 0xA1, 0x92, 0xE5, 0xA3,
    0xCA, 0xCB, 0xF2, 0x2F, 0xE5, 0xDD, 0x5F, 0xCB, 0xF3, 0x3E, 0xD8, 0xCD, 0xF5, 0xF6, 0xF6, 0xEB,
    0xFD, 0x5B, 0x27, 0x44, 0xEE, 0xC0, 0x5D, 0x10, 0xF7, 0xC7, 0x1E, 0x72, 0x13, 0xC9, 0x49, 0x50,
    0x92, 0x12, 0x95, 0xAC, 0x84, 0x25, 0x2D, 0x71, 0x17, 0xC4, 0x4B, 0x60, 0xEE, 0x27, 0x91, 0xC9,
    0x4C, 0x68, 0x52, 0x7D, 0x13, 0xF6, 0x37, 0xF7, 0xB1, 0xAD, 0xE6, 0xDA, 0x97, 0xE5, 0xC6, 0x72,
    0x67, 0xB9, 0x35, 0xF7, 0xE1, 0xC1, 0x1D, 0x93, 0xBB, 0xFC, 0x37, 0xEE, 0xF8, 0x43, 0xF9, 0xAC,
    0x2F, 0xF9, 0x3C, 0xE8, 0xC4, 0x4D, 0x3B, 0xC5, 0x94, 0x9D, 0x4D, 0xAE, 0x3F, 0xD8, 0x5D, 0xBF,
    0x2F, 0x4B, 0x64, 0x2D, 0xC0, 0x50, 0x27, 0x08, 0xF9, 0x09, 0xE5, 0x3B, 0xB4, 0xED, 0xB3, 0x52,
    0x3E, 0x26, 0x56, 0x84, 0xBE, 0x20, 0xF3, 0x8A, 0xAC, 0xCF, 0xA6, 0x9C, 0x9A, 0xC0, 0x80, 0xE4,
    0x88, 0x2B, 0x9F, 0x21, 0xC1, 0x81, 0x72, 0x49, 0xD5, 0x1D, 0x78, 0xF1, 0x05, 0xEE, 0x43, 0x4D,
    0x8C, 0x0D, 0x5B, 0xE7, 0x36, 0xFB, 0xE0, 0xA6, 0x7B, 0x7E, 0xA3, 0x45, 0xC5, 0x53, 0x54, 0x55,
    0x0E, 0xCE, 0xF4, 0x77, 0xD5, 0xEF, 0x8A, 0x52, 0x57, 0x29, 0xAF, 0x8A, 0x4F, 0x7C, 0x2C, 0xF1,
    0xC9, 0x9D, 0x97, 0xF6, 0xE1, 0xCE, 0x7C, 0xFC, 0x04, 0x62, 0x80, 0x02, 0x76, 0x07, 0x40, 0x05,
    0x72, 0x6C, 0x84, 0x40, 0x08, 0x85, 0x61, 0xF0, 0x83, 0x84, 0x80, 0x1E, 0xA4, 0x04, 0x4A, 0xF0,
    0xC6, 0x86, 0xEC, 0xE0, 0xC0, 0xC6, 0x64, 0xEC, 0x80, 0x12, 0x48, 0xCD, 0x2E, 0x20, 0x20, 0xC1,
    0xDF, 0x79, 0xC9, 0x06, 0x6B, 0xA6, 0x6E, 0x96, 0x09, 0x38, 0x6D, 0xEB, 0x6F, 0x3B, 0xE0, 0x46,
    0xE8, 0x70, 0xE2, 0x27, 0x4E, 0xCF, 0xD7, 0x26, 0x48, 0x1F, 0x1D, 0x49, 0x7A, 0xA8, 0x17, 0xED,
    0xA0, 0xD9, 0x34, 0x93, 0x56, 0xD6, 0x55, 0x34, 0xA2, 0x46, 0x53, 0xF5, 0x92, 0x7E, 0xD0, 0xA4,
    0x05, 0xF9, 0x6A, 0x03, 0x62, 0xBF, 0x57, 0xF0, 0xE3, 0x04, 0x78, 0x2F, 0x33, 0x0F, 0x33, 0x56,
    0xD3, 0x01, 0x7F,
};

static const EpdGlyph notosans_12_italicGlyphs[] = {
    { 0, 0, 0, 0, 0, 0, 0 }, // U+0000
    { 0, 0, 104, 0, 0, 0, 0 }, // U+000D
    { 0, 0, 104, 0, 0, 0, 0 }, // U+0020
    { 7, 18, 104, 0, 18, 32, 0 }, // !
    { 9, 7, 157, 2, 18, 16, 32 }, // "
    { 17, 18, 258, 0, 18, 77, 48 }, // #
    { 14, 21, 220, 0, 19, 74, 125 }, // $
    { 17, 18, 320, 2, 18, 77, 199 }, // %
    { 17, 18, 269, 0, 18, 77, 276 }, // &
    { 4, 7, 88, 2, 18, 7, 353 }, // '
    { 9, 23, 116, 1, 18, 52, 360 }, // (
    { 9, 23, 116, -2, 18, 52, 412 }, // )
    { 13, 13, 220, 2, 20, 43, 464 }, // *
    { 13, 12, 229, 1, 15, 39, 507 }, // +
    { 6, 7, 102, -2, 4, 11, 546 }, // ,
    { 7, 2, 125, 0, 8, 4, 557 }, // -
    { 4, 3, 102, 0, 3, 3, 561 }, // .
    { 14, 18, 142, -2, 18, 63, 564 }, // /
    { 13, 18, 224, 1, 18, 59, 627 }, // 0
    { 9, 18, 182, 2, 18, 41, 686 }, // 1
    { 13, 18, 220, 0, 18, 59, 727 }, // 2
    { 13, 18, 220, 0, 18, 59, 786 }, // 3
    { 14, 18, 220, 0, 18, 63, 845 }, // 4
    { 13, 18, 220, 0, 18, 59, 908 }, // 5
    { 13, 18, 220, 1, 18, 59, 967 }, // 6
    { 13, 18, 191, 1, 18, 59, 1026 }, // 7
    { 14, 18, 221, 0, 18, 63, 1085 }, // 8
    { 13, 18, 220, 0, 18, 59, 1148 }, // 9
    { 6, 14, 102, 0, 14, 21, 1207 }, // :
    { 8, 17, 102, -2, 14, 34, 1228 }, // ;
    { 13, 14, 229, 1, 16, 46, 1262 }, // <
    { 13, 7, 229, 1, 13, 23, 1308 }, // =
    { 13, 14, 229, 1, 16, 46, 1331 }, // >
    { 11, 18, 172, 1, 18, 50, 1377 }, // ?
    { 20, 20, 339, 1, 18, 100, 1427 }, // @
    { 15, 18, 225, -2, 18, 68, 1527 }, // A
    { 14, 18, 240, 1, 18, 63, 1595 }, // B
    { 15, 18, 235, 1, 18, 68, 1658 }, // C
    { 15, 18, 267, 1, 18, 68, 1726 }, // D
    { 13, 18, 206, 1, 18, 59, 1794 }, // E
    { 13, 18, 191, 1, 18, 59, 1853 }, // F
    { 16, 18, 271, 1, 18, 72, 1912 }, // G
    { 17, 18, 272, 1, 18, 77, 1984 }, // H
    { 11, 18, 130, -1, 18, 50, 2061 }, // I
    { 12, 23, 109, -4, 18, 69, 2111 }, // J
    { 16, 18, 225, 1, 18, 72, 2180 }, // K
    { 10, 18, 191, 1, 18, 45, 2252 }, // L
    { 21, 18, 336, 1, 18, 95, 2297 }, // M
    { 17, 18, 283, 1, 18, 77, 2392 }, // N
    { 17, 18, 288, 1, 18, 77, 2469 }, // O
    { 14, 18, 227, 1, 18, 63, 2546 }, // P
    { 17, 22, 288, 1, 18, 94, 2609 }, // Q
    { 14, 18, 229, 1, 18, 63, 2703 }, // R
    { 13, 18, 202, 0, 18, 59, 2766 }, // S
    { 13, 18, 200, 2, 18, 59, 2825 }, // T
    { 17, 18, 271, 1, 18, 77, 2884 }, // U
    { 15, 18, 221, 2, 18, 68, 2961 }, // V
    { 22, 18, 342, 2, 18, 99, 3029 }, // W
    { 18, 18, 211, -2, 18, 81, 3128 }, // X
    { 14, 18, 204, 2, 18, 63, 3209 }, // Y
    { 16, 18, 212, -1, 18, 72, 3272 }, // Z
    { 11, 22, 116, -1, 18, 61, 3344 }, // [
    { 6, 18, 142, 2, 18, 27, 3405 }, // <backslash>
    { 10, 22, 116, -2, 18, 55, 3432 }, // ]
    { 14, 12, 229, 0, 19, 42, 3487 }, // ^
    { 11, 2, 158, -3, -2, 6, 3529 }, // _
    { 5, 4, 111, 3, 20, 5, 3535 }, // `
    { 13, 14, 227, 1, 14, 46, 3540 }, // a
    { 14, 19, 232, 0, 19, 67, 3586 }, // b
    { 11, 14, 181, 1, 14, 39, 3653 }, // c
    { 14, 19, 232, 1, 19, 67, 3692 }, // d
    { 11, 14, 200, 1, 14, 39, 3759 }, // e
    { 15, 25, 127, -3, 19, 94, 3798 }, // f
    { 14, 20, 232, 0, 14, 70, 3892 }, // g
    { 14, 19, 232, 0, 19, 67, 3962 }, // h
    { 7, 18, 103, 0, 18, 32, 4029 }, // i
    { 11, 24, 103, -4, 18, 66, 4061 }, // j
    { 14, 19, 198, 0, 19, 67, 4127 }, // k
    { 7, 19, 103, 0, 19, 34, 4194 }, // l
    { 21, 14, 350, 0, 14, 74, 4228 }, // m
    { 14, 14, 232, 0, 14, 49, 4302 }, // n
    { 12, 14, 225, 1, 14, 42, 4351 }, // o
    { 15, 20, 232, -1, 14, 75, 4393 }, // p
    { 13, 20, 232, 1, 14, 65, 4468 }, // q
    { 11, 14, 159, 0, 14, 39, 4533 }, // r
    { 11, 14, 173, 0, 14, 39, 4572 }, // s
    { 9, 17, 133, 1, 17, 39, 4611 }, // t
    { 13, 14, 232, 1, 14, 46, 4650 }, // u
    { 12, 14, 187, 1, 14, 42, 4696 }, // v
    { 19, 14, 289, 1, 14, 67, 4738 }, // w
    { 14, 14, 193, -1, 14, 49, 4805 }, // x
    { 16, 20, 187, -3, 14, 80, 4854 }, // y
    { 12, 14, 178, -1, 14, 42, 4934 }, // z
    { 10, 22, 140, 0, 18, 55, 4976 }, // {
    { 3, 25, 220, 6, 19, 19, 5031 }, // |
    { 10, 22, 140, -1, 18, 55, 5050 }, // }
    { 13, 3, 229, 1, 10, 10, 5105 }, // ~
    { 0, 0, 104, 0, 0, 0, 0 }, // U+00A0
    { 8, 18, 104, -1, 14, 36, 0 }, // U+00A1
    { 12, 18, 220, 2, 18, 54, 36 }, // U+00A2
    { 16, 18, 220, -1, 18, 72, 90 }, // U+00A3
    { 11, 12, 220, 2, 15, 33, 162 }, // U+00A4
    { 15, 18, 220, 1, 18, 68, 195 }, // U+00A5
    { 3, 25, 220, 6, 19, 19, 263 }, // U+00A6
    { 13, 19, 194, 0, 19, 62, 282 }, // U+00A7
    { 8, 3, 222, 5, 19, 6, 344 }, // U+00A8
    { 19, 19, 333, 1, 19, 91, 350 }, // U+00A9
    { 8, 9, 136, 2, 19, 18, 441 }, // U+00AA
    { 11, 12, 191, 1, 13, 33, 459 }, // U+00AB
    { 13, 7, 229, 1, 10, 23, 492 }, // U+00AC
    { 7, 2, 125, 0, 8, 4, 515 }, // U+00AD
    { 19, 19, 333, 1, 19, 91, 519 }, // U+00AE
    { 11, 2, 157, 2, 21, 6, 610 }, // U+00AF
    { 9, 8, 171, 1, 19, 18, 616 }, // U+00B0
    { 13, 15, 229, 1, 15, 49, 634 }, // U+00B1
    { 9, 11, 141, 1, 22, 25, 683 }, // U+00B2
    { 8, 11, 141, 2, 22, 22, 708 }, // U+00B3
    { 7, 4, 105, 2, 20, 7, 730 }, // U+00B4
    { 15, 20, 234, -1, 14, 75, 737 }, // U+00B5
    { 13, 23, 262, 2, 19, 75, 812 }, // U+00B6
    { 4, 3, 102, 2, 10, 3, 887 }, // U+00B7
    { 6, 6, 82, -3, 0, 9, 890 }, // U+00B8
    { 6, 11, 141, 3, 22, 17, 899 }, // U+00B9
    { 8, 9, 136, 2, 19, 18, 916 }, // U+00BA
    { 11, 12, 191, 0, 13, 33, 934 }, // U+00BB
    { 16, 19, 293, 2, 19, 76, 967 }, // U+00BC
    { 18, 19, 322, 2, 19, 86, 1043 }, // U+00BD
    { 18, 19, 317, 1, 18, 86, 1129 }, // U+00BE
    { 10, 19, 172, -1, 14, 48, 1215 }, // U+00BF
    { 15, 24, 225, -2, 24, 90, 1263 }, // U+00C0
    { 16, 24, 225, -2, 24, 96, 1353 }, // U+00C1
    { 16, 24, 225, -2, 24, 96, 1449 }, // U+00C2
    { 17, 24, 225, -2, 24, 102, 1545 }, // U+00C3
    { 16, 23, 225, -2, 23, 92, 1647 }, // U+00C4
    { 15, 26, 225, -2, 26, 98, 1739 }, // U+00C5
    { 24, 18, 330, -2, 18, 108, 1837 }, // U+00C6
    { 15, 24, 235, 1, 18, 90, 1945 }, // U+00C7
    { 13, 24, 206, 1, 24, 78, 2035 }, // U+00C8
    { 13, 24, 206, 1, 24, 78, 2113 }, // U+00C9
    { 13, 24, 206, 1, 24, 78, 2191 }, // U+00CA
    { 13, 23, 206, 1, 23, 75, 2269 }, // U+00CB
    { 11, 24, 130, -1, 24, 66, 2344 }, // U+00CC
    { 12, 24, 130, -1, 24, 72, 2410 }, // U+00CD
    { 12, 24, 130, -1, 24, 72, 2482 }, // U+00CE
    { 12, 23, 130, -1, 23, 69, 2554 }, // U+00CF
    { 16, 18, 267, 0, 18, 72, 2623 }, // U+00D0
    { 17, 24, 283, 1, 24, 102, 2695 }, // U+00D1
    { 17, 25, 288, 1, 25, 107, 2797 }, // U+00D2
    { 17, 25, 288, 1, 25, 107, 2904 }, // U+00D3
    { 17, 25, 288, 1, 25, 107, 3011 }, // U+00D4
    { 17, 24, 288, 1, 24, 102, 3118 }, // U+00D5
    { 17, 24, 288, 1, 24, 102, 3220 }, // U+00D6
    { 12, 12, 229, 2, 15, 36, 3322 }, // U+00D7
    { 17, 20, 288, 1, 19, 85, 3358 }, // U+00D8
    { 17, 25, 271, 1, 25, 107, 3443 }, // U+00D9
    { 17, 25, 271, 1, 25, 107, 3550 }, // U+00DA
    { 17, 25, 271, 1, 25, 107, 3657 }, // U+00DB
    { 17, 24, 271, 1, 24, 102, 3764 }, // U+00DC
    { 14, 24, 204, 2, 24, 84, 3866 }, // U+00DD
    { 13, 18, 227, 1, 18, 59, 3950 }, // U+00DE
    { 18, 25, 234, -4, 19, 113, 4009 }, // U+00DF
    { 13, 19, 227, 1, 19, 62, 4122 }, // U+00E0
    { 13, 19, 227, 1, 19, 62, 4184 }, // U+00E1
    { 13, 19, 227, 1, 19, 62, 4246 }, // U+00E2
    { 13, 20, 227, 1, 20, 65, 4308 }, // U+00E3
    { 13, 18, 227, 1, 18, 59, 4373 }, // U+00E4
    { 13, 21, 227, 1, 21, 69, 4432 }, // U+00E5
    { 19, 14, 328, 1, 14, 67, 4501 }, // U+00E6
    { 11, 20, 181, 1, 14, 55, 4568 }, // U+00E7
    { 11, 19, 200, 1, 19, 53, 4623 }, // U+00E8
    { 12, 19, 200, 1, 19, 57, 4676 }, // U+00E9
    { 11, 19, 200, 1, 19, 53, 4733 }, // U+00EA
    { 11, 18, 200, 1, 18, 50, 4786 }, // U+00EB
    { 7, 19, 103, 0, 19, 34, 4836 }, // U+00EC
    { 9, 19, 103, 0, 19, 43, 4870 }, // U+00ED
    { 9, 19, 103, 0, 19, 43, 4913 }, // U+00EE
    { 9, 18, 103, 0, 18, 41, 4956 }, // U+00EF
    { 13, 20, 228, 1, 20, 65, 4997 }, // U+00F0
    { 14, 20, 232, 0, 20, 70, 5062 }, // U+00F1
    { 12, 19, 225, 1, 19, 57, 5132 }, // U+00F2
    { 12, 19, 225, 1, 19, 57, 5189 }, // U+00F3
    { 12, 19, 225, 1, 19, 57, 5246 }, // U+00F4
    { 13, 20, 225, 1, 20, 65, 5303 }, // U+00F5
    { 12, 18, 225, 1, 18, 54, 5368 }, // U+00F6
    { 13, 12, 229, 1, 15, 39, 5422 }, // U+00F7
    { 14, 16, 225, 0, 15, 56, 5461 }, // U+00F8
    { 13, 19, 232, 1, 19, 62, 5517 }, // U+00F9
    { 13, 19, 232, 1, 19, 62, 5579 }, // U+00FA
    { 13, 19, 232, 1, 19, 62, 5641 }, // U+00FB
    { 13, 18, 232, 1, 18, 59, 5703 }, // U+00FC
    { 16, 25, 187, -3, 19, 100, 5762 }, // U+00FD
    { 15, 25, 232, -1, 19, 94, 5862 }, // U+00FE
    { 16, 24, 187, -3, 18, 96, 5956 }, // U+00FF
    { 16, 22, 225, -2, 22, 88, 0 }, // U+0100
    { 13, 18, 227, 1, 18, 59, 88 }, // U+0101
    { 16, 24, 225, -2, 24, 96, 147 }, // U+0102
    { 13, 19, 227, 1, 19, 62, 243 }, // U+0103
    { 15, 24, 225, -2, 18, 90, 305 }, // U+0104
    { 13, 20, 227, 1, 14, 65, 395 }, // U+0105
    { 15, 25, 235, 1, 25, 94, 460 }, // U+0106
    { 11, 19, 181, 1, 19, 53, 554 }, // U+0107
    { 15, 25, 235, 1, 25, 94, 607 }, // U+0108
    { 11, 19, 181, 1, 19, 53, 701 }, // U+0109
    { 15, 24, 235, 1, 24, 90, 754 }, // U+010A
    { 11, 18, 181, 1, 18, 50, 844 }, // U+010B
    { 15, 25, 235, 1, 25, 94, 894 }, // U+010C
    { 12, 19, 181, 1, 19, 57, 988 }, // U+010D
    { 15, 24, 267, 1, 24, 90, 1045 }, // U+010E
    { 19, 19, 245, 1, 19, 91, 1135 }, // U+010F
    { 16, 18, 267, 0, 18, 72, 1226 }, // U+0110
    { 16, 19, 232, 1, 19, 76, 1298 }, // U+0111
    { 13, 22, 206, 1, 22, 72, 1374 }, // U+0112
    { 11, 18, 200, 1, 18, 50, 1446 }, // U+0113
    { 13, 24, 206, 1, 24, 78, 1496 }, // U+0114
    { 12, 19, 200, 1, 19, 57, 1574 }, // U+0115
    { 13, 23, 206, 1, 23, 75, 1631 }, // U+0116
    { 11, 18, 200, 1, 18, 50, 1706 }, // U+0117
    { 13, 24, 206, 1, 18, 78, 1756 }, // U+0118
    { 11, 20, 200, 1, 14, 55, 1834 }, // U+0119
    { 14, 24, 206, 1, 24, 84, 1889 }, // U+011A
    { 12, 19, 200, 1, 19, 57, 1973 }, // U+011B
    { 16, 25, 271, 1, 25, 100, 2030 }, // U+011C
    { 14, 25, 232, 0, 19, 88, 2130 }, // U+011D
    { 16, 24, 271, 1, 24, 96, 2218 }, // U+011E
    { 14, 25, 232, 0, 19, 88, 2314 }, // U+011F
    { 16, 24, 271, 1, 24, 96, 2402 }, // U+0120
    { 14, 24, 232, 0, 18, 84, 2498 }, // U+0121
    { 16, 24, 271, 1, 18, 96, 2582 }, // U+0122
    { 14, 25, 232, 0, 19, 88, 2678 }, // U+0123
    { 17, 24, 272, 1, 24, 102, 2766 }, // U+0124
    { 14, 26, 232, 0, 26, 91, 2868 }, // U+0125
    { 18, 18, 272, 1, 18, 81, 2959 }, // U+0126
    { 14, 19, 232, 0, 19, 67, 3040 }, // U+0127
    { 13, 24, 130, -1, 24, 78, 3107 }, // U+0128
    { 10, 20, 103, 0, 20, 50, 3185 }, // U+0129
    { 12, 22, 130, -1, 22, 66, 3235 }, // U+012A
    { 9, 17, 103, 0, 17, 39, 3301 }, // U+012B
    { 12, 24, 130, -1, 24, 72, 3340 }, // U+012C
    { 10, 19, 103, 0, 19, 48, 3412 }, // U+012D
    { 11, 24, 130, -1, 18, 66, 3460 }, // U+012E
    { 8, 24, 103, -1, 18, 48, 3526 }, // U+012F
    { 11, 23, 130, -1, 23, 64, 3574 }, // U+0130
    { 6, 14, 103, 0, 14, 21, 3638 }, // U+0131
    { 17, 23, 239, -1, 18, 98, 3659 }, // U+0132
    { 14, 24, 206, 0, 18, 84, 3757 }, // U+0133
    { 14, 29, 109, -4, 24, 102, 3841 }, // U+0134
    { 13, 25, 103, -4, 19, 82, 3943 }, // U+0135
    { 16, 24, 225, 1, 18, 96, 4025 }, // U+0136
    { 14, 25, 198, 0, 19, 88, 4121 }, // U+0137
    { 14, 14, 198, 0, 14, 49, 4209 }, // U+0138
    { 10, 24, 191, 1, 24, 60, 4258 }, // U+0139
    { 11, 26, 103, 0, 26, 72, 4318 }, // U+013A
    { 10, 24, 191, 1, 18, 60, 4390 }, // U+013B
    { 8, 25, 103, -1, 19, 50, 4450 }, // U+013C
    { 12, 18, 191, 1, 18, 54, 4500 }, // U+013D
    { 11, 19, 115, 0, 19, 53, 4554 }, // U+013E
    { 10, 18, 191, 1, 18, 45, 4607 }, // U+013F
    { 9, 19, 119, 0, 19, 43, 4652 }, // U+0140
    { 11, 18, 191, 0, 18, 50, 4695 }, // U+0141
    { 8, 19, 103, 0, 19, 38, 4745 }, // U+0142
    { 17, 24, 283, 1, 24, 102, 4783 }, // U+0143
    { 14, 19, 232, 0, 19, 67, 4885 }, // U+0144
    { 17, 24, 283, 1, 18, 102, 4952 }, // U+0145
    { 14, 20, 232, 0, 14, 70, 5054 }, // U+0146
    { 17, 24, 283, 1, 24, 102, 5124 }, // U+0147
    { 14, 19, 232, 0, 19, 67, 5226 }, // U+0148
    { 15, 18, 263, 1, 18, 68, 5293 }, // U+0149
    { 17, 23, 283, 1, 18, 98, 5361 }, // U+014A
    { 14, 20, 232, 0, 14, 70, 5459 }, // U+014B
    { 17, 22, 288, 1, 22, 94, 5529 }, // U+014C
    { 12, 18, 225, 1, 18, 54, 5623 }, // U+014D
    { 17, 24, 288, 1, 24, 102, 5677 }, // U+014E
    { 12, 19, 225, 1, 19, 57, 5779 }, // U+014F
    { 18, 24, 288, 1, 24, 108, 5836 }, // U+0150
    { 14, 19, 225, 1, 19, 67, 5944 }, // U+0151
    { 22, 18, 344, 1, 18, 99, 6011 }, // U+0152
    { 20, 14, 346, 1, 14, 70, 6110 }, // U+0153
    { 14, 24, 229, 1, 24, 84, 6180 }, // U+0154
    { 12, 19, 159, 0, 19, 57, 6264 }, // U+0155
    { 14, 24, 229, 1, 18, 84, 6321 }, // U+0156
    { 12, 20, 159, -1, 14, 60, 6405 }, // U+0157
    { 14, 24, 229, 1, 24, 84, 6465 }, // U+0158
    { 13, 19, 159, 0, 19, 62, 6549 }, // U+0159
    { 13, 25, 202, 0, 25, 82, 6611 }, // U+015A
    { 11, 19, 173, 0, 19, 53, 6693 }, // U+015B
    { 13, 25, 202, 0, 25, 82, 6746 }, // U+015C
    { 11, 19, 173, 0, 19, 53, 6828 }, // U+015D
    { 13, 24, 202, 0, 18, 78, 6881 }, // U+015E
    { 11, 20, 173, 0, 14, 55, 6959 }, // U+015F
    { 14, 25, 202, 0, 25, 88, 7014 }, // U+0160
    { 12, 19, 173, 0, 19, 57, 7102 }, // U+0161
    { 14, 24, 200, 1, 18, 84, 7159 }, // U+0162
    { 10, 23, 133, 0, 17, 58, 7243 }, // U+0163
    { 13, 24, 200, 2, 24, 78, 7301 }, // U+0164
    { 11, 19, 133, 1, 19, 53, 7379 }, // U+0165
    { 13, 18, 200, 2, 18, 59, 7432 }, // U+0166
    { 10, 17, 133, 0, 17, 43, 7491 }, // U+0167
    { 17, 24, 271, 1, 24, 102, 7534 }, // U+0168
    { 13, 20, 232, 1, 20, 65, 7636 }, // U+0169
    { 17, 22, 271, 1, 22, 94, 7701 }, // U+016A
    { 13, 18, 232, 1, 18, 59, 7795 }, // U+016B
    { 17, 24, 271, 1, 24, 102, 7854 }, // U+016C
    { 13, 19, 232, 1, 19, 62, 7956 }, // U+016D
    { 17, 26, 271, 1, 26, 111, 8018 }, // U+016E
    { 13, 21, 232, 1, 21, 69, 8129 }, // U+016F
    { 17, 24, 271, 1, 24, 102, 8198 }, // U+0170
    { 15, 19, 232, 1, 19, 72, 8300 }, // U+0171
    { 17, 24, 271, 1, 18, 102, 8372 }, // U+0172
    { 13, 20, 232, 1, 14, 65, 8474 }, // U+0173
    { 22, 24, 342, 2, 24, 132, 8539 }, // U+0174
    { 19, 19, 289, 1, 19, 91, 8671 }, // U+0175
    { 14, 24, 204, 2, 24, 84, 8762 }, // U+0176
    { 16, 25, 187, -3, 19, 100, 8846 }, // U+0177
    { 14, 23, 204, 2, 23, 81, 8946 }, // U+0178
    { 16, 24, 212, -1, 24, 96, 9027 }, // U+0179
    { 13, 19, 178, -1, 19, 62, 9123 }, // U+017A
    { 16, 23, 212, -1, 23, 92, 9185 }, // U+017B
    { 12, 18, 178, -1, 18, 54, 9277 }, // U+017C
    { 16, 24, 212, -1, 24, 96, 9331 }, // U+017D
    { 13, 19, 178, -1, 19, 62, 9427 }, // U+017E
    { 15, 25, 113, -4, 19, 94, 9489 }, // U+017F
    { 20, 19, 288, 1, 19, 95, 0 }, // U+01A0
    { 16, 16, 227, 1, 16, 64, 95 }, // U+01A1
    { 21, 19, 291, 1, 19, 100, 159 }, // U+01AF
    { 18, 16, 250, 1, 16, 72, 259 }, // U+01B0
    { 30, 24, 479, 1, 24, 180, 331 }, // U+01C4
    { 28, 19, 445, 1, 19, 133, 511 }, // U+01C5
    { 26, 19, 410, 1, 19, 124, 644 }, // U+01C6
    { 18, 23, 300, 1, 18, 104, 768 }, // U+01C7
    { 18, 24, 294, 1, 18, 108, 872 }, // U+01C8
    { 14, 25, 206, 0, 19, 88, 980 }, // U+01C9
    { 24, 23, 392, 1, 18, 138, 1068 }, // U+01CA
    { 24, 24, 386, 1, 18, 144, 1206 }, // U+01CB
    { 22, 24, 335, 0, 18, 132, 1350 }, // U+01CC
    { 17, 24, 225, -2, 24, 102, 1482 }, // U+01CD
    { 13, 19, 227, 1, 19, 62, 1584 }, // U+01CE
    { 13, 24, 130, -1, 24, 78, 1646 }, // U+01CF
    { 10, 19, 103, 0, 19, 48, 1724 }, // U+01D0
    { 17, 25, 288, 1, 25, 107, 1772 }, // U+01D1
    { 12, 19, 225, 1, 19, 57, 1879 }, // U+01D2
    { 17, 25, 271, 1, 25, 107, 1936 }, // U+01D3
    { 13, 19, 232, 1, 19, 62, 2043 }, // U+01D4
    { 17, 26, 271, 1, 26, 111, 2105 }, // U+01D5
    { 13, 22, 232, 1, 22, 72, 2216 }, // U+01D6
    { 17, 27, 271, 1, 27, 115, 2288 }, // U+01D7
    { 13, 23, 232, 1, 23, 75, 2403 }, // U+01D8
    { 17, 28, 271, 1, 28, 119, 2478 }, // U+01D9
    { 14, 24, 232, 1, 24, 84, 2597 }, // U+01DA
    { 17, 27, 271, 1, 27, 115, 2681 }, // U+01DB
    { 13, 23, 232, 1, 23, 75, 2796 }, // U+01DC
    { 12, 14, 197, 0, 14, 42, 2871 }, // U+01DD
    { 17, 26, 225, -2, 26, 111, 2913 }, // U+01DE
    { 13, 22, 227, 1, 22, 72, 3024 }, // U+01DF
    { 17, 26, 225, -2, 26, 111, 3096 }, // U+01E0
    { 13, 22, 227, 1, 22, 72, 3207 }, // U+01E1
    { 24, 22, 330, -2, 22, 132, 3279 }, // U+01E2
    { 19, 18, 328, 1, 18, 86, 3411 }, // U+01E3
    { 16, 18, 271, 1, 18, 72, 3497 }, // U+01E4
    { 14, 20, 202, 0, 14, 70, 3569 }, // U+01E5
    { 16, 25, 271, 1, 25, 100, 3639 }, // U+01E6
    { 14, 25, 232, 0, 19, 88, 3739 }, // U+01E7
    { 16, 24, 225, 1, 24, 96, 3827 }, // U+01E8
    { 14, 26, 198, 0, 26, 91, 3923 }, // U+01E9
    { 17, 24, 288, 1, 18, 102, 4014 }, // U+01EA
    { 12, 20, 225, 1, 14, 60, 4116 }, // U+01EB
    { 17, 28, 288, 1, 22, 119, 4176 }, // U+01EC
    { 12, 24, 225, 1, 18, 72, 4295 }, // U+01ED
    { 14, 24, 212, 0, 24, 84, 4367 }, // U+01EE
    { 14, 25, 186, -2, 19, 88, 4451 }, // U+01EF
    { 14, 25, 103, -4, 19, 88, 4539 }, // U+01F0
    { 30, 18, 479, 1, 18, 135, 4627 }, // U+01F1
    { 27, 18, 445, 1, 18, 122, 4762 }, // U+01F2
    { 25, 19, 410, 1, 19, 119, 4884 }, // U+01F3
    { 16, 25, 271, 1, 25, 100, 5003 }, // U+01F4
    { 14, 25, 232, 0, 19, 88, 5103 }, // U+01F5
    { 21, 18, 359, 1, 18, 95, 5191 }, // U+01F6
    { 17, 24, 252, -1, 18, 102, 5286 }, // U+01F7
    { 17, 24, 283, 1, 24, 102, 5388 }, // U+01F8
    { 14, 19, 232, 0, 19, 67, 5490 }, // U+01F9
    { 16, 25, 225, -2, 25, 100, 5557 }, // U+01FA
    { 13, 26, 227, 1, 26, 85, 5657 }, // U+01FB
    { 24, 24, 330, -2, 24, 144, 5742 }, // U+01FC
    { 19, 19, 328, 1, 19, 91, 5886 }, // U+01FD
    { 17, 26, 288, 1, 25, 111, 5977 }, // U+01FE
    { 14, 21, 225, 0, 20, 74, 6088 }, // U+01FF
    { 15, 24, 225, -2, 24, 90, 6162 }, // U+0200
    { 13, 19, 227, 1, 19, 62, 6252 }, // U+0201
    { 16, 24, 225, -2, 24, 96, 6314 }, // U+0202
    { 13, 19, 227, 1, 19, 62, 6410 }, // U+0203
    { 13, 24, 206, 1, 24, 78, 6472 }, // U+0204
    { 11, 19, 200, 1, 19, 53, 6550 }, // U+0205
    { 13, 24, 206, 1, 24, 78, 6603 }, // U+0206
    { 11, 19, 200, 1, 19, 53, 6681 }, // U+0207
    { 11, 24, 130, -1, 24, 66, 6734 }, // U+0208
    { 9, 19, 103, -1, 19, 43, 6800 }, // U+0209
    { 12, 24, 130, -1, 24, 72, 6843 }, // U+020A
    { 9, 19, 103, 0, 19, 43, 6915 }, // U+020B
    { 17, 25, 288, 1, 25, 107, 6958 }, // U+020C
    { 12, 19, 225, 1, 19, 57, 7065 }, // U+020D
    { 17, 24, 288, 1, 24, 102, 7122 }, // U+020E
    { 12, 19, 225, 1, 19, 57, 7224 }, // U+020F
    { 14, 24, 229, 1, 24, 84, 7281 }, // U+0210
    { 11, 19, 159, 0, 19, 53, 7365 }, // U+0211
    { 14, 24, 229, 1, 24, 84, 7418 }, // U+0212
    { 12, 19, 159, 0, 19, 57, 7502 }, // U+0213
    { 17, 25, 271, 1, 25, 107, 7559 }, // U+0214
    { 13, 19, 232, 1, 19, 62, 7666 }, // U+0215
    { 17, 24, 271, 1, 24, 102, 7728 }, // U+0216
    { 13, 19, 232, 1, 19, 62, 7830 }, // U+0217
    { 13, 24, 202, 0, 18, 78, 7892 }, // U+0218
    { 11, 20, 173, 0, 14, 55, 7970 }, // U+0219
    { 13, 24, 200, 2, 18, 78, 8025 }, // U+021A
    { 10, 23, 133, 0, 17, 58, 8103 }, // U+021B
    { 17, 24, 230, -2, 18, 102, 8161 }, // U+021C
    { 14, 21, 198, -2, 14, 74, 8263 }, // U+021D
    { 17, 24, 272, 1, 24, 102, 8337 }, // U+021E
    { 14, 26, 232, 0, 26, 91, 8439 }, // U+021F
    { 5, 4, 0, -10, 20, 5, 0 }, // U+0300
    { 6, 4, 0, -6, 20, 6, 5 }, // U+0301
    { 9, 4, 0, -3, 20, 9, 11 }, // U+0302
    { 10, 3, 0, -11, 19, 8, 20 }, // U+0303
    { 8, 2, 0, -2, 18, 4, 28 }, // U+0304
    { 11, 2, 0, -3, 22, 6, 32 }, // U+0305
    { 8, 4, 0, -2, 20, 8, 38 }, // U+0306
    { 4, 3, 0, 0, 19, 3, 46 }, // U+0307
    { 8, 3, 0, -2, 19, 6, 49 }, // U+0308
    { 6, 7, 0, -8, 22, 11, 55 }, // U+0309
    { 7, 6, 0, -1, 22, 11, 66 }, // U+030A
    { 10, 4, 0, -2, 20, 10, 77 }, // U+030B
    { 9, 4, 0, -2, 20, 9, 87 }, // U+030C
    { 4, 7, 0, 0, 20, 7, 96 }, // U+030D
    { 8, 4, 0, -2, 19, 8, 103 }, // U+030E
    { 10, 4, 0, -13, 20, 10, 111 }, // U+030F
    { 9, 6, 0, -2, 22, 14, 121 }, // U+0310
    { 8, 4, 0, -2, 19, 8, 135 }, // U+0311
    { 6, 7, 0, -1, 19, 11, 143 }, // U+0312
    { 6, 7, 0, -1, 19, 11, 154 }, // U+0313
    { 4, 6, 0, 0, 18, 6, 165 }, // U+0314
    { 6, 7, 0, -1, 19, 11, 171 }, // U+0315
    { 5, 4, 0, -5, -1, 5, 182 }, // U+0316
    { 6, 4, 0, -4, -1, 6, 187 }, // U+0317
    { 6, 5, 0, -5, -1, 8, 193 }, // U+0318
    { 6, 5, 0, -5, -1, 8, 201 }, // U+0319
    { 8, 8, 130, 2, 20, 16, 209 }, // U+031A
    { 6, 6, 0, -1, 19, 9, 225 }, // U+031B
    { 5, 6, 0, -2, 0, 8, 234 }, // U+031C
    { 6, 4, 0, -5, -1, 6, 242 }, // U+031D
    { 7, 5, 0, -5, -1, 9, 248 }, // U+031E
    { 6, 6, 0, -5, 0, 9, 257 }, // U+031F
    { 6, 2, 0, -5, -2, 3, 266 }, // U+0320
    { 6, 7, 0, -5, 1, 11, 269 }, // U+0321
    { 5, 7, 0, -3, 1, 9, 280 }, // U+0322
    { 4, 3, 0, -11, -1, 3, 289 }, // U+0323
    { 8, 3, 0, -6, -1, 6, 292 }, // U+0324
    { 6, 5, 0, -5, -1, 8, 298 }, // U+0325
    { 5, 4, 0, 1, -2, 5, 306 }, // U+0326
    { 6, 6, 0, -5, 0, 9, 311 }, // U+0327
    { 5, 6, 0, -4, 0, 8, 320 }, // U+0328
    { 4, 7, 0, -4, -1, 7, 328 }, // U+0329
    { 10, 5, 0, -7, -1, 13, 335 }, // U+032A
    { 11, 4, 0, -7, -1, 11, 348 }, // U+032B
    { 9, 4, 0, -6, -1, 9, 359 }, // U+032C
    { 8, 4, 0, -6, -1, 8, 368 }, // U+032D
    { 9, 4, 0, -6, -1, 9, 376 }, // U+032E
    { 8, 4, 0, -6, -1, 8, 385 }, // U+032F
    { 10, 3, 0, -7, -2, 8, 393 }, // U+0330
    { 8, 2, 0, -6, -2, 4, 401 }, // U+0331
    { 12, 2, 0, -8, -2, 6, 405 }, // U+0332
    { 12, 5, 0, -8, -1, 15, 411 }, // U+0333
    { 10, 3, 0, -5, 8, 8, 426 }, // U+0334
    { 10, 2, 0, -5, 9, 5, 434 }, // U+0335
    { 18, 2, 0, -9, 8, 9, 439 }, // U+0336
    { 8, 7, 0, -4, 11, 14, 448 }, // U+0337
    { 14, 21, 0, -7, 20, 74, 462 }, // U+0338
    { 4, 6, 0, -2, 0, 6, 536 }, // U+0339
    { 10, 5, 0, -7, -1, 13, 542 }, // U+033A
    { 10, 5, 0, -7, -1, 13, 555 }, // U+033B
    { 10, 4, 0, -7, -1, 10, 568 }, // U+033C
    { 7, 6, 0, -1, 20, 11, 578 }, // U+033D
    { 6, 8, 0, -1, 23, 12, 589 }, // U+033E
    { 12, 5, 0, -3, 24, 15, 601 }, // U+033F
    { 6, 4, 0, -2, 20, 6, 616 }, // U+0340
    { 7, 4, 0, 0, 20, 7, 622 }, // U+0341
    { 10, 3, 0, 4, 19, 8, 629 }, // U+0342
    { 5, 5, 0, 0, 20, 7, 637 }, // U+0343
    { 10, 6, 0, -3, 21, 15, 644 }, // U+0344
    { 4, 4, 0, -3, -2, 4, 659 }, // U+0345
    { 12, 5, 0, -4, 20, 15, 663 }, // U+0346
    { 12, 5, 0, -8, -1, 15, 678 }, // U+0347
    { 8, 4, 0, -6, -1, 8, 693 }, // U+0348
    { 5, 5, 0, -4, -1, 7, 701 }, // U+0349
    { 10, 5, 0, -3, 20, 13, 708 }, // U+034A
    { 11, 9, 0, -3, 24, 25, 721 }, // U+034B
    { 11, 7, 0, -3, 23, 20, 746 }, // U+034C
    { 10, 6, 0, -7, 0, 15, 766 }, // U+034D
    { 5, 6, 0, -4, 0, 8, 781 }, // U+034E
    { 18, 19, 0, -9, 18, 86, 789 }, // U+034F
    { 5, 5, 0, 0, 20, 7, 875 }, // U+0350
    { 4, 6, 0, 3, 21, 6, 882 }, // U+0351
    { 8, 6, 0, -2, 22, 12, 888 }, // U+0352
    { 5, 6, 0, -4, 0, 8, 900 }, // U+0353
    { 5, 5, 0, -4, -1, 7, 908 }, // U+0354
    { 5, 5, 0, -4, -1, 7, 915 }, // U+0355
    { 10, 5, 0, -6, -1, 13, 922 }, // U+0356
    { 4, 6, 0, 2, 21, 6, 935 }, // U+0357
    { 4, 3, 0, 0, 19, 3, 941 }, // U+0358
    { 6, 6, 0, -5, -1, 9, 944 }, // U+0359
    { 10, 5, 0, -7, -1, 13, 953 }, // U+035A
    { 5, 5, 0, 0, 20, 7, 966 }, // U+035B
    { 19, 5, 0, -11, -1, 24, 973 }, // U+035C
    { 18, 5, 0, -7, 20, 23, 997 }, // U+035D
    { 14, 2, 0, -5, 18, 7, 1020 }, // U+035E
    { 14, 2, 0, -9, -2, 7, 1027 }, // U+035F
    { 19, 3, 0, -7, 19, 15, 1034 }, // U+0360
    { 19, 5, 0, -7, 22, 24, 1049 }, // U+0361
    { 19, 6, 0, -12, 0, 29, 1073 }, // U+0362
    { 7, 6, 0, -1, 22, 11, 1102 }, // U+0363
    { 5, 6, 0, 0, 22, 8, 1113 }, // U+0364
    { 4, 8, 0, 1, 23, 8, 1121 }, // U+0365
    { 7, 6, 0, -1, 22, 11, 1129 }, // U+0366
    { 7, 6, 0, -1, 22, 11, 1140 }, // U+0367
    { 6, 6, 0, 0, 22, 9, 1151 }, // U+0368
    { 7, 8, 0, -1, 24, 14, 1160 }, // U+0369
    { 7, 8, 0, -1, 24, 14, 1174 }, // U+036A
    { 10, 6, 0, -3, 22, 15, 1188 }, // U+036B
    { 6, 6, 0, 0, 22, 9, 1203 }, // U+036C
    { 4, 7, 0, 1, 23, 7, 1212 }, // U+036D
    { 6, 5, 0, 0, 21, 8, 1219 }, // U+036E
    { 7, 6, 0, -1, 22, 11, 1227 }, // U+036F
    { 14, 25, 203, 0, 25, 88, 0 }, // U+0400
    { 14, 23, 203, 0, 23, 81, 88 }, // U+0401
    { 14, 18, 266, 2, 18, 63, 169 }, // U+0402
    { 14, 25, 189, 0, 25, 88, 232 }, // U+0403
    { 15, 18, 232, 1, 18, 68, 320 }, // U+0404
    { 13, 18, 202, 0, 18, 59, 388 }, // U+0405
    { 7, 18, 108, 0, 18, 32, 447 }, // U+0406
    { 10, 23, 108, 0, 23, 58, 479 }, // U+0407
    { 12, 23, 109, -4, 18, 69, 537 }, // U+0408
    { 24, 18, 371, -1, 18, 108, 606 }, // U+0409
    { 22, 18, 368, 0, 18, 99, 714 }, // U+040A
    { 14, 18, 272, 2, 18, 63, 813 }, // U+040B
    { 17, 25, 225, 0, 25, 107, 876 }, // U+040C
    { 18, 25, 275, 0, 25, 113, 983 }, // U+040D
    { 17, 24, 225, 0, 24, 102, 1096 }, // U+040E
    { 17, 22, 265, 0, 18, 94, 1198 }, // U+040F
    { 15, 18, 228, -2, 18, 68, 1292 }, // U+0410
    { 15, 18, 221, 0, 18, 68, 1360 }, // U+0411
    { 15, 18, 235, 0, 18, 68, 1428 }, // U+0412
    { 14, 18, 189, 0, 18, 63, 1496 }, // U+0413
    { 21, 23, 276, -3, 18, 121, 1559 }, // U+0414
    { 14, 18, 203, 0, 18, 63, 1680 }, // U+0415
    { 25, 18, 321, -2, 18, 113, 1743 }, // U+0416
    { 14, 18, 209, -1, 18, 63, 1856 }, // U+0417
    { 18, 18, 275, 0, 18, 81, 1919 }, // U+0418
    { 18, 24, 275, 0, 24, 108, 2000 }, // U+0419
    { 17, 18, 225, 0, 18, 77, 2108 }, // U+041A
    { 18, 18, 268, -1, 18, 81, 2185 }, // U+041B
    { 21, 18, 336, 0, 18, 95, 2266 }, // U+041C
    { 17, 18, 270, 0, 18, 77, 2361 }, // U+041D
    { 16, 18, 278, 1, 18, 72, 2438 }, // U+041E
    { 17, 18, 266, 0, 18, 77, 2510 }, // U+041F
    { 15, 18, 219, 0, 18, 68, 2587 }, // U+0420
    { 15, 18, 232, 1, 18, 68, 2655 }, // U+0421
    { 13, 18, 209, 2, 18, 59, 2723 }, // U+0422
    { 17, 18, 225, 0, 18, 77, 2782 }, // U+0423
    { 19, 18, 315, 1, 18, 86, 2859 }, // U+0424
    { 18, 18, 214, -2, 18, 81, 2945 }, // U+0425
    { 17, 22, 271, 0, 18, 94, 3026 }, // U+0426
    { 14, 18, 249, 2, 18, 63, 3120 }, // U+0427
    { 24, 18, 381, 0, 18, 108, 3183 }, // U+0428
    { 24, 22, 387, 0, 18, 132, 3291 }, // U+0429
    { 13, 18, 254, 2, 18, 59, 3423 }, // U+042A
    { 20, 18, 317, 0, 18, 90, 3482 }, // U+042B
    { 13, 18, 219, 0, 18, 59, 3572 }, // U+042C
    { 15, 18, 234, 0, 18, 68, 3631 }, // U+042D
    { 23, 18, 376, 0, 18, 104, 3699 }, // U+042E
    { 16, 18, 231, -1, 18, 72, 3803 }, // U+042F
    { 13, 14, 226, 1, 14, 46, 3875 }, // U+0430
    { 14, 21, 222, 1, 21, 74, 3921 }, // U+0431
    { 13, 14, 207, 0, 14, 46, 3995 }, // U+0432
    { 11, 14, 184, 0, 14, 39, 4041 }, // U+0433
    { 13, 20, 223, 1, 20, 65, 4080 }, // U+0434
    { 11, 14, 196, 1, 14, 39, 4145 }, // U+0435
    { 24, 14, 351, -1, 14, 84, 4184 }, // U+0436
    { 11, 14, 178, 0, 14, 39, 4268 }, // U+0437
    { 13, 14, 228, 1, 14, 46, 4307 }, // U+0438
    { 13, 20, 228, 1, 20, 65, 4353 }, // U+0439
    { 14, 14, 202, 0, 14, 49, 4418 }, // U+043A
    { 16, 14, 226, -2, 14, 56, 4467 }, // U+043B
    { 19, 14, 298, 0, 14, 67, 4523 }, // U+043C
    { 14, 14, 229, 0, 14, 49, 4590 }, // U+043D
    { 14, 14, 224, 0, 14, 49, 4639 }, // U+043E
    { 13, 14, 226, 0, 14, 46, 4688 }, // U+043F
    { 15, 20, 229, -1, 14, 75, 4734 }, // U+0440
    { 12, 14, 184, 0, 14, 42, 4809 }, // U+0441
    { 21, 14, 346, 0, 14, 74, 4851 }, // U+0442
    { 17, 20, 195, -3, 14, 85, 4925 }, // U+0443
    { 16, 26, 268, 0, 20, 104, 5010 }, // U+0444
    { 15, 14, 183, -2, 14, 53, 5114 }, // U+0445
    { 13, 18, 238, 1, 14, 59, 5167 }, // U+0446
    { 13, 14, 222, 1, 14, 46, 5226 }, // U+0447
    { 21, 14, 346, 1, 14, 74, 5272 }, // U+0448
    { 21, 18, 356, 1, 14, 95, 5346 }, // U+0449
    { 13, 14, 239, 1, 14, 46, 5441 }, // U+044A
    { 17, 14, 293, 1, 14, 60, 5487 }, // U+044B
    { 11, 14, 205, 1, 14, 39, 5547 }, // U+044C
    { 11, 14, 190, 0, 14, 39, 5586 }, // U+044D
    { 19, 14, 310, 0, 14, 67, 5625 }, // U+044E
    { 14, 14, 204, -1, 14, 49, 5692 }, // U+044F
    { 11, 20, 196, 1, 20, 55, 5741 }, // U+0450
    { 12, 18, 196, 1, 18, 54, 5796 }, // U+0451
    { 13, 26, 230, 0, 20, 85, 5850 }, // U+0452
    { 12, 20, 184, 0, 20, 60, 5935 }, // U+0453
    { 12, 14, 185, 0, 14, 42, 5995 }, // U+0454
    { 11, 14, 173, 0, 14, 39, 6037 }, // U+0455
    { 7, 18, 103, 0, 18, 32, 6076 }, // U+0456
    { 9, 18, 99, 0, 18, 41, 6108 }, // U+0457
    { 11, 24, 99, -4, 18, 66, 6149 }, // U+0458
    { 22, 14, 326, -2, 14, 77, 6215 }, // U+0459
    { 19, 14, 323, 0, 14, 67, 6292 }, // U+045A
    { 14, 20, 230, 0, 20, 70, 6359 }, // U+045B
    { 14, 20, 202, 0, 20, 70, 6429 }, // U+045C
    { 13, 20, 228, 1, 20, 65, 6499 }, // U+045D
    { 17, 26, 195, -3, 20, 111, 6564 }, // U+045E
    { 13, 19, 228, 1, 14, 62, 6675 }, // U+045F
    { 23, 18, 368, 2, 18, 104, 6737 }, // U+0460
    { 20, 14, 316, 1, 14, 70, 6841 }, // U+0461
    { 13, 18, 235, 1, 18, 59, 6911 }, // U+0462
    { 20, 14, 334, 0, 14, 70, 6970 }, // U+0463
    { 22, 18, 345, 1, 18, 99, 7040 }, // U+0464
    { 18, 14, 277, 0, 14, 63, 7139 }, // U+0465
    { 16, 18, 243, -2, 18, 72, 7202 }, // U+0466
    { 14, 14, 214, -2, 14, 49, 7274 }, // U+0467
    { 19, 18, 340, 1, 18, 86, 7323 }, // U+0468
    { 17, 14, 292, 0, 14, 60, 7409 }, // U+0469
    { 19, 18, 266, -1, 18, 86, 7469 }, // U+046A
    { 17, 14, 240, -2, 14, 60, 7555 }, // U+046B
    { 23, 18, 368, 1, 18, 104, 7615 }, // U+046C
    { 20, 14, 321, 0, 14, 70, 7719 }, // U+046D
    { 15, 28, 215, -1, 22, 105, 7789 }, // U+046E
    { 14, 23, 182, -2, 18, 81, 7894 }, // U+046F
    { 19, 18, 297, 2, 18, 86, 7975 }, // U+0470
    { 16, 26, 289, 1, 20, 104, 8061 }, // U+0471
    { 17, 18, 288, 1, 18, 77, 8165 }, // U+0472
    { 12, 14, 225, 1, 14, 42, 8242 }, // U+0473
    { 15, 18, 227, 2, 18, 68, 8284 }, // U+0474
    { 13, 14, 180, 1, 14, 46, 8352 }, // U+0475
    { 15, 25, 227, 2, 25, 94, 8398 }, // U+0476
    { 13, 20, 180, 1, 20, 65, 8492 }, // U+0477
    { 30, 24, 475, 1, 18, 180, 8557 }, // U+0478
    { 26, 20, 412, 1, 14, 130, 8737 }, // U+0479
    { 17, 22, 296, 1, 20, 94, 8867 }, // U+047A
    { 13, 17, 233, 1, 16, 56, 8961 }, // U+047B
    { 23, 27, 384, 1, 27, 156, 9017 }, // U+047C
    { 18, 23, 319, 1, 23, 104, 9173 }, // U+047D
    { 23, 23, 368, 2, 23, 133, 9277 }, // U+047E
    { 20, 18, 316, 1, 18, 90, 9410 }, // U+047F
    { 15, 24, 235, 1, 18, 90, 9500 }, // U+0480
    { 11, 20, 181, 1, 14, 55, 9590 }, // U+0481
    { 14, 18, 244, 1, 17, 63, 9645 }, // U+0482
    { 10, 5, 0, -10, 19, 13, 9708 }, // U+0483
    { 10, 3, 0, -10, 19, 8, 9721 }, // U+0484
    { 4, 5, 0, -7, 20, 5, 9729 }, // U+0485
    { 4, 5, 0, -7, 20, 5, 9734 }, // U+0486
    { 10, 3, 0, -2, 23, 8, 9739 }, // U+0487
    { 30, 27, 0, -15, 20, 203, 9747 }, // U+0488
    { 28, 28, 0, -14, 21, 196, 9950 }, // U+0489
    { 17, 29, 284, 1, 24, 124, 10146 }, // U+048A
    { 13, 25, 233, 1, 20, 82, 10270 }, // U+048B
    { 12, 18, 222, 1, 18, 54, 10352 }, // U+048C
    { 11, 20, 209, 1, 20, 55, 10406 }, // U+048D
    { 14, 18, 227, 1, 18, 63, 10461 }, // U+048E
    { 15, 20, 232, -1, 14, 75, 10524 }, // U+048F
    { 14, 22, 191, 1, 22, 77, 10599 }, // U+0490
    { 12, 18, 156, 0, 18, 54, 10676 }, // U+0491
    { 14, 18, 190, 0, 18, 63, 10730 }, // U+0492
    { 11, 14, 156, 0, 14, 39, 10793 }, // U+0493
    { 13, 24, 244, 1, 18, 78, 10832 }, // U+0494
    { 11, 20, 199, 0, 14, 55, 10910 }, // U+0495
    { 24, 23, 332, -2, 18, 138, 10965 }, // U+0496
    { 23, 19, 340, -1, 14, 110, 11103 }, // U+0497
    { 14, 24, 209, -1, 18, 84, 11213 }, // U+0498
    { 11, 20, 178, 0, 14, 55, 11297 }, // U+0499
    { 16, 23, 244, 1, 18, 92, 11352 }, // U+049A
    { 14, 19, 212, 0, 14, 67, 11444 }, // U+049B
    { 16, 18, 230, 1, 18, 72, 11511 }, // U+049C
    { 14, 14, 194, 0, 14, 49, 11583 }, // U+049D
    { 16, 18, 225, 1, 18, 72, 11632 }, // U+049E
    { 14, 20, 194, 0, 20, 70, 11704 }, // U+049F
    { 17, 18, 255, 2, 18, 77, 11774 }, // U+04A0
    { 16, 14, 227, 0, 14, 56, 11851 }, // U+04A1
    { 17, 23, 274, 1, 18, 98, 11907 }, // U+04A2
    { 15, 19, 242, 0, 14, 72, 12005 }, // U+04A3
    { 21, 18, 302, 1, 18, 95, 12077 }, // U+04A4
    { 19, 14, 276, 0, 14, 67, 12172 }, // U+04A5
    { 22, 24, 400, 1, 18, 132, 12239 }, // U+04A6
    { 19, 20, 329, 0, 14, 95, 12371 }, // U+04A7
    { 17, 19, 288, 1, 18, 81, 12466 }, // U+04A8
    { 13, 14, 240, 1, 14, 46, 12547 }, // U+04A9
    { 15, 24, 235, 1, 18, 90, 12593 }, // U+04AA
    { 11, 20, 181, 1, 14, 55, 12683 }, // U+04AB
    { 13, 23, 200, 2, 18, 75, 12738 }, // U+04AC
    { 21, 19, 356, 0, 14, 100, 12813 }, // U+04AD
    { 14, 18, 204, 2, 18, 63, 12913 }, // U+04AE
    { 12, 20, 187, 1, 14, 60, 12976 }, // U+04AF
    { 15, 18, 204, 1, 18, 68, 13036 }, // U+04B0
    { 14, 20, 187, -1, 14, 70, 13104 }, // U+04B1
    { 18, 23, 232, -2, 18, 104, 13174 }, // U+04B2
    { 15, 19, 211, -1, 14, 72, 13278 }, // U+04B3
    { 18, 24, 313, 2, 18, 108, 13350 }, // U+04B4
    { 15, 19, 264, 1, 14, 72, 13458 }, // U+04B5
    { 15, 23, 258, 2, 18, 87, 13530 }, // U+04B6
    { 13, 19, 221, 1, 14, 62, 13617 }, // U+04B7
    { 15, 18, 257, 2, 18, 68, 13679 }, // U+04B8
    { 13, 14, 224, 1, 14, 46, 13747 }, // U+04B9
    { 14, 18, 258, 1, 18, 63, 13793 }, // U+04BA
    { 14, 20, 232, 0, 20, 70, 13856 }, // U+04BB
    { 18, 18, 306, 1, 18, 81, 13926 }, // U+04BC
    { 15, 14, 240, 0, 14, 53, 14007 }, // U+04BD
    { 18, 23, 306, 1, 18, 104, 14060 }, // U+04BE
    { 15, 19, 240, 0, 14, 72, 14164 }, // U+04BF
    { 11, 18, 130, -1, 18, 50, 14236 }, // U+04C0
    { 25, 24, 321, -2, 24, 150, 14286 }, // U+04C1
    { 24, 20, 351, -1, 20, 120, 14436 }, // U+04C2
    { 16, 24, 254, 1, 18, 96, 14556 }, // U+04C3
    { 14, 20, 210, 0, 14, 70, 14652 }, // U+04C4
    { 18, 23, 264, -1, 18, 104, 14722 }, // U+04C5
    { 15, 19, 219, -2, 14, 72, 14826 }, // U+04C6
    { 17, 24, 272, 1, 18, 102, 14898 }, // U+04C7
    { 15, 20, 240, 0, 14, 75, 15000 }, // U+04C8
    { 17, 23, 277, 1, 18, 98, 15075 }, // U+04C9
    { 15, 19, 242, 0, 14, 72, 15173 }, // U+04CA
    { 15, 23, 257, 2, 18, 87, 15245 }, // U+04CB
    { 12, 19, 232, 2, 14, 57, 15332 }, // U+04CC
    { 21, 23, 340, 1, 18, 121, 15389 }, // U+04CD
    { 17, 19, 281, 0, 14, 81, 15510 }, // U+04CE
    { 11, 18, 130, -1, 18, 50, 15591 }, // U+04CF
    { 17, 24, 225, -2, 24, 102, 15641 }, // U+04D0
    { 13, 20, 227, 1, 20, 65, 15743 }, // U+04D1
    { 16, 24, 225, -2, 24, 96, 15808 }, // U+04D2
    { 13, 18, 227, 1, 18, 59, 15904 }, // U+04D3
    { 24, 18, 330, -2, 18, 108, 15963 }, // U+04D4
    { 19, 14, 328, 1, 14, 67, 16071 }, // U+04D5
    { 14, 24, 206, 1, 24, 84, 16138 }, // U+04D6
    { 13, 20, 200, 1, 20, 65, 16222 }, // U+04D7
    { 15, 18, 264, 1, 18, 68, 16287 }, // U+04D8
    { 12, 14, 197, 0, 14, 42, 16355 }, // U+04D9
    { 15, 24, 264, 1, 24, 90, 16397 }, // U+04DA
    { 12, 18, 197, 0, 18, 54, 16487 }, // U+04DB
    { 25, 24, 321, -2, 24, 150, 16541 }, // U+04DC
    { 24, 18, 351, -1, 18, 108, 16691 }, // U+04DD
    { 14, 24, 209, -1, 24, 84, 16799 }, // U+04DE
    { 11, 18, 178, 0, 18, 50, 16883 }, // U+04DF
    { 14, 18, 212, 0, 18, 63, 16933 }, // U+04E0
    { 14, 20, 186, -2, 14, 70, 16996 }, // U+04E1
    { 18, 22, 275, 0, 22, 99, 17066 }, // U+04E2
    { 13, 18, 232, 1, 18, 59, 17165 }, // U+04E3
    { 18, 24, 275, 0, 24, 108, 17224 }, // U+04E4
    { 13, 18, 232, 1, 18, 59, 17332 }, // U+04E5
    { 17, 24, 288, 1, 24, 102, 17391 }, // U+04E6
    { 12, 18, 225, 1, 18, 54, 17493 }, // U+04E7
    { 17, 18, 288, 1, 18, 77, 17547 }, // U+04E8
    { 12, 14, 225, 1, 14, 42, 17624 }, // U+04E9
    { 17, 24, 288, 1, 24, 102, 17666 }, // U+04EA
    { 12, 18, 225, 1, 18, 54, 17768 }, // U+04EB
    { 15, 24, 234, 0, 24, 90, 17822 }, // U+04EC
    { 11, 18, 190, 0, 18, 50, 17912 }, // U+04ED
    { 17, 22, 225, 0, 22, 94, 17962 }, // U+04EE
    { 16, 24, 187, -3, 18, 96, 18056 }, // U+04EF
    { 17, 24, 225, 0, 24, 102, 18152 }, // U+04F0
    { 16, 24, 187, -3, 18, 96, 18254 }, // U+04F1
    { 17, 25, 225, 0, 25, 107, 18350 }, // U+04F2
    { 17, 26, 187, -3, 20, 111, 18457 }, // U+04F3
    { 14, 24, 249, 2, 24, 84, 18568 }, // U+04F4
    { 13, 18, 222, 1, 18, 59, 18652 }, // U+04F5
    { 13, 23, 192, 1, 18, 75, 18711 }, // U+04F6
    { 11, 19, 156, 0, 14, 53, 18786 }, // U+04F7
    { 20, 24, 317, 0, 24, 120, 18839 }, // U+04F8
    { 17, 18, 293, 1, 18, 77, 18959 }, // U+04F9
    { 14, 23, 190, 0, 18, 81, 19036 }, // U+04FA
    { 12, 19, 156, -1, 14, 57, 19117 }, // U+04FB
    { 18, 23, 210, -2, 18, 104, 19174 }, // U+04FC
    { 14, 19, 192, -1, 14, 67, 19278 }, // U+04FD
    { 18, 18, 211, -2, 18, 81, 19345 }, // U+04FE
    { 14, 14, 193, -1, 14, 49, 19426 }, // U+04FF
    { 15, 23, 225, -2, 18, 87, 0 }, // U+1EA0
    { 13, 18, 227, 1, 14, 59, 87 }, // U+1EA1
    { 15, 26, 225, -2, 26, 98, 146 }, // U+1EA2
    { 13, 22, 227, 1, 22, 72, 244 }, // U+1EA3
    { 19, 26, 225, -2, 26, 124, 316 }, // U+1EA4
    { 16, 21, 227, 1, 21, 84, 440 }, // U+1EA5
    { 16, 26, 225, -2, 26, 104, 524 }, // U+1EA6
    { 13, 21, 227, 1, 21, 69, 628 }, // U+1EA7
    { 19, 27, 225, -2, 27, 129, 697 }, // U+1EA8
    { 15, 22, 227, 1, 22, 83, 826 }, // U+1EA9
    { 18, 27, 225, -2, 27, 122, 909 }, // U+1EAA
    { 14, 23, 227, 1, 23, 81, 1031 }, // U+1EAB
    { 16, 29, 225, -2, 24, 116, 1112 }, // U+1EAC
    { 13, 23, 227, 1, 19, 75, 1228 }, // U+1EAD
    { 16, 26, 225, -2, 26, 104, 1303 }, // U+1EAE
    { 13, 22, 227, 1, 22, 72, 1407 }, // U+1EAF
    { 16, 26, 225, -2, 26, 104, 1479 }, // U+1EB0
    { 13, 22, 227, 1, 22, 72, 1583 }, // U+1EB1
    { 16, 27, 225, -2, 27, 108, 1655 }, // U+1EB2
    { 13, 23, 227, 1, 23, 75, 1763 }, // U+1EB3
    { 17, 27, 225, -2, 27, 115, 1838 }, // U+1EB4
    { 14, 23, 227, 1, 23, 81, 1953 }, // U+1EB5
    { 16, 29, 225, -2, 24, 116, 2034 }, // U+1EB6
    { 13, 23, 227, 1, 19, 75, 2150 }, // U+1EB7
    { 13, 23, 206, 1, 18, 75, 2225 }, // U+1EB8
    { 11, 18, 200, 1, 14, 50, 2300 }, // U+1EB9
    { 13, 26, 206, 1, 26, 85, 2350 }, // U+1EBA
    { 11, 22, 200, 1, 22, 61, 2435 }, // U+1EBB
    { 14, 24, 206, 1, 24, 84, 2496 }, // U+1EBC
    { 13, 20, 200, 1, 20, 65, 2580 }, // U+1EBD
    { 16, 26, 206, 1, 26, 104, 2645 }, // U+1EBE
    { 15, 21, 200, 1, 21, 79, 2749 }, // U+1EBF
    { 13, 26, 206, 1, 26, 85, 2828 }, // U+1EC0
    { 11, 21, 200, 1, 21, 58, 2913 }, // U+1EC1
    { 15, 27, 206, 1, 27, 102, 2971 }, // U+1EC2
    { 14, 22, 200, 1, 22, 77, 3073 }, // U+1EC3
    { 14, 27, 206, 1, 27, 95, 3150 }, // U+1EC4
    { 13, 23, 200, 1, 23, 75, 3245 }, // U+1EC5
    { 13, 29, 206, 1, 24, 95, 3320 }, // U+1EC6
    { 11, 23, 200, 1, 19, 64, 3415 }, // U+1EC7
    { 11, 26, 130, -1, 26, 72, 3479 }, // U+1EC8
    { 9, 21, 103, 0, 21, 48, 3551 }, // U+1EC9
    { 11, 23, 130, -1, 18, 64, 3599 }, // U+1ECA
    { 8, 23, 103, -1, 18, 46, 3663 }, // U+1ECB
    { 17, 22, 288, 1, 18, 94, 3709 }, // U+1ECC
    { 12, 18, 225, 1, 14, 54, 3803 }, // U+1ECD
    { 17, 26, 288, 1, 26, 111, 3857 }, // U+1ECE
    { 12, 22, 225, 1, 22, 66, 3968 }, // U+1ECF
    { 18, 26, 288, 1, 26, 117, 4034 }, // U+1ED0
    { 15, 21, 225, 1, 21, 79, 4151 }, // U+1ED1
    { 17, 26, 288, 1, 26, 111, 4230 }, // U+1ED2
    { 12, 21, 225, 1, 21, 63, 4341 }, // U+1ED3
    { 18, 27, 288, 1, 27, 122, 4404 }, // U+1ED4
    { 14, 22, 225, 1, 22, 77, 4526 }, // U+1ED5
    { 17, 27, 288, 1, 27, 115, 4603 }, // U+1ED6
    { 13, 23, 225, 1, 23, 75, 4718 }, // U+1ED7
    { 17, 29, 288, 1, 25, 124, 4793 }, // U+1ED8
    { 12, 23, 225, 1, 19, 69, 4917 }, // U+1ED9
    { 20, 25, 288, 1, 25, 125, 4986 }, // U+1EDA
    { 16, 20, 227, 1, 20, 80, 5111 }, // U+1EDB
    { 20, 25, 288, 1, 25, 125, 5191 }, // U+1EDC
    { 16, 20, 227, 1, 20, 80, 5316 }, // U+1EDD
    { 20, 26, 288, 1, 26, 130, 5396 }, // U+1EDE
    { 16, 22, 227, 1, 22, 88, 5526 }, // U+1EDF
    { 20, 24, 288, 1, 24, 120, 5614 }, // U+1EE0
    { 16, 21, 227, 1, 21, 84, 5734 }, // U+1EE1
    { 20, 23, 288, 1, 19, 115, 5818 }, // U+1EE2
    { 16, 20, 227, 1, 16, 80, 5933 }, // U+1EE3
    { 17, 22, 271, 1, 18, 94, 6013 }, // U+1EE4
    { 13, 18, 232, 1, 14, 59, 6107 }, // U+1EE5
    { 17, 26, 271, 1, 26, 111, 6166 }, // U+1EE6
    { 13, 22, 232, 1, 22, 72, 6277 }, // U+1EE7
    { 21, 25, 291, 1, 25, 132, 6349 }, // U+1EE8
    { 18, 20, 250, 1, 20, 90, 6481 }, // U+1EE9
    { 21, 25, 291, 1, 25, 132, 6571 }, // U+1EEA
    { 18, 21, 250, 1, 21, 95, 6703 }, // U+1EEB
    { 21, 26, 291, 1, 26, 137, 6798 }, // U+1EEC
    { 18, 22, 250, 1, 22, 99, 6935 }, // U+1EED
    { 21, 24, 291, 1, 24, 126, 7034 }, // U+1EEE
    { 18, 21, 250, 1, 21, 95, 7160 }, // U+1EEF
    { 21, 23, 291, 1, 19, 121, 7255 }, // U+1EF0
    { 18, 20, 250, 1, 16, 90, 7376 }, // U+1EF1
    { 14, 24, 204, 2, 24, 84, 7466 }, // U+1EF2
    { 16, 25, 187, -3, 19, 100, 7550 }, // U+1EF3
    { 14, 23, 204, 2, 18, 81, 7650 }, // U+1EF4
    { 16, 20, 187, -3, 14, 80, 7731 }, // U+1EF5
    { 14, 26, 204, 2, 26, 91, 7811 }, // U+1EF6
    { 16, 27, 187, -3, 21, 108, 7902 }, // U+1EF7
    { 14, 24, 204, 2, 24, 84, 8010 }, // U+1EF8
    { 16, 26, 187, -3, 20, 104, 8094 }, // U+1EF9
    { 0, 0, 200, 0, 0, 0, 0 }, // U+2000
    { 0, 0, 400, 0, 0, 0, 0 }, // U+2001
    { 0, 0, 200, 0, 0, 0, 0 }, // U+2002
    { 0, 0, 400, 0, 0, 0, 0 }, // U+2003
    { 0, 0, 133, 0, 0, 0, 0 }, // U+2004
    { 0, 0, 100, 0, 0, 0, 0 }, // U+2005
    { 0, 0, 67, 0, 0, 0, 0 }, // U+2006
    { 0, 0, 220, 0, 0, 0, 0 }, // U+2007
    { 0, 0, 102, 0, 0, 0, 0 }, // U+2008
    { 0, 0, 66, 0, 0, 0, 0 }, // U+2009
    { 0, 0, 40, 0, 0, 0, 0 }, // U+200A
    { 0, 0, 0, 0, 0, 0, 0 }, // U+200B
    { 0, 0, 0, 0, 0, 0, 0 }, // U+200C
    { 0, 0, 0, 0, 0, 0, 0 }, // U+200D
    { 7, 22, 0, -1, 18, 39, 0 }, // U+200E
    { 7, 22, 0, -6, 18, 39, 39 }, // U+200F
    { 7, 2, 125, 0, 8, 4, 78 }, // U+2010
    { 7, 2, 125, 0, 8, 4, 82 }, // U+2011
    { 13, 2, 220, 1, 10, 7, 86 }, // U+2012
    { 12, 2, 192, 0, 8, 6, 93 }, // U+2013
    { 24, 2, 384, 0, 8, 12, 99 }, // U+2014
    { 24, 2, 384, 0, 8, 12, 111 }, // U+2015
    { 9, 25, 220, 3, 19, 57, 123 }, // U+2016
    { 12, 5, 158, -3, -1, 15, 180 }, // U+2017
    { 6, 7, 70, 1, 18, 11, 195 }, // U+2018
    { 6, 7, 70, 1, 18, 11, 206 }, // U+2019
    { 6, 7, 97, -2, 4, 11, 217 }, // U+201A
    { 4, 6, 70, 2, 18, 6, 228 }, // U+201B
    { 11, 6, 143, 1, 18, 17, 234 }, // U+201C
    { 11, 6, 143, 1, 18, 17, 251 }, // U+201D
    { 11, 6, 170, -2, 3, 17, 268 }, // U+201E
    { 8, 6, 143, 2, 18, 12, 285 }, // U+201F
    { 10, 19, 188, 2, 19, 48, 297 }, // U+2020
    { 13, 19, 188, 0, 19, 62, 345 }, // U+2021
    { 6, 6, 150, 2, 12, 9, 407 }, // U+2022
    { 8, 9, 147, 1, 14, 18, 416 }, // U+2023
    { 4, 3, 200, 3, 3, 3, 434 }, // U+2024
    { 10, 3, 203, 0, 3, 8, 437 }, // U+2025
    { 17, 3, 308, 0, 3, 13, 445 }, // U+2026
    { 4, 3, 102, 1, 8, 3, 458 }, // U+2027
    { 0, 0, 240, 0, 0, 0, 461 }, // U+2028
    { 0, 0, 240, 0, 0, 0, 461 }, // U+2029
    { 7, 19, 0, -1, 15, 34, 461 }, // U+202A
    { 7, 19, 0, -6, 15, 34, 495 }, // U+202B
    { 6, 21, 0, -3, 17, 32, 529 }, // U+202C
    { 6, 21, 0, -3, 17, 32, 561 }, // U+202D
    { 6, 21, 0, -3, 17, 32, 593 }, // U+202E
    { 0, 0, 66, 0, 0, 0, 625 }, // U+202F
    { 26, 18, 450, 2, 18, 117, 625 }, // U+2030
    { 34, 18, 581, 2, 18, 153, 742 }, // U+2031
    { 7, 7, 88, 1, 18, 13, 895 }, // U+2032
    { 11, 7, 156, 1, 18, 20, 908 }, // U+2033
    { 15, 7, 223, 1, 18, 27, 928 }, // U+2034
    { 4, 7, 108, 3, 18, 7, 955 }, // U+2035
    { 8, 7, 170, 3, 18, 14, 962 }, // U+2036
    { 12, 7, 231, 3, 18, 21, 976 }, // U+2037
    { 10, 8, 160, -3, 2, 20, 997 }, // U+2038
    { 6, 12, 115, 1, 13, 18, 1017 }, // U+2039
    { 7, 12, 115, 0, 13, 21, 1035 }, // U+203A
    { 19, 18, 335, 1, 18, 86, 1056 }, // U+203B
    { 13, 18, 198, 0, 18, 59, 1142 }, // U+203C
    { 11, 18, 172, 1, 18, 50, 1201 }, // U+203D
    { 11, 2, 157, 2, 21, 6, 1251 }, // U+203E
    { 14, 6, 217, -2, 0, 21, 1257 }, // U+203F
    { 13, 7, 217, 2, 21, 23, 1278 }, // U+2040
    { 12, 17, 136, -3, 11, 51, 1301 }, // U+2041
    { 27, 24, 447, 0, 20, 162, 1352 }, // U+2042
    { 7, 2, 114, 0, 8, 4, 1514 }, // U+2043
    { 16, 18, 52, -6, 18, 72, 1518 }, // U+2044
    { 11, 22, 116, -1, 18, 61, 1590 }, // U+2045
    { 10, 22, 116, -2, 18, 55, 1651 }, // U+2046
    { 22, 18, 344, 1, 18, 99, 1706 }, // U+2047
    { 17, 18, 276, 1, 18, 77, 1805 }, // U+2048
    { 18, 18, 276, 0, 18, 81, 1882 }, // U+2049
    { 13, 14, 208, 1, 14, 46, 1963 }, // U+204A
    { 13, 23, 240, 2, 19, 75, 2009 }, // U+204B
    { 13, 13, 256, 1, 14, 43, 2084 }, // U+204C
    { 13, 13, 256, 2, 14, 43, 2127 }, // U+204D
    { 13, 13, 220, -1, 7, 43, 2170 }, // U+204E
    { 6, 17, 102, 0, 14, 26, 2213 }, // U+204F
    { 17, 27, 217, -2, 21, 115, 2239 }, // U+2050
    { 15, 26, 220, 0, 21, 98, 2354 }, // U+2051
    { 10, 18, 149, 0, 18, 45, 2452 }, // U+2052
    { 22, 4, 400, 2, 9, 22, 2497 }, // U+2053
    { 14, 7, 217, -3, 0, 25, 2519 }, // U+2054
    { 14, 13, 229, 0, 13, 46, 2544 }, // U+2055
    { 11, 18, 207, 1, 18, 50, 2590 }, // U+2056
    { 19, 7, 290, 1, 18, 34, 2640 }, // U+2057
    { 19, 18, 329, 1, 18, 86, 2674 }, // U+2058
    { 19, 18, 332, 1, 18, 86, 2760 }, // U+2059
    { 4, 18, 88, 1, 18, 18, 2846 }, // U+205A
    { 15, 19, 262, 1, 19, 72, 2864 }, // U+205B
    { 19, 19, 318, 0, 19, 91, 2936 }, // U+205C
    { 4, 18, 107, 1, 18, 18, 3027 }, // U+205D
    { 4, 18, 107, 2, 18, 18, 3045 }, // U+205E
    { 0, 0, 89, 0, 0, 0, 3063 }, // U+205F
    { 0, 0, 240, 0, 0, 0, 3063 }, // U+2060
    { 0, 0, 240, 0, 0, 0, 3063 }, // U+2061
    { 0, 0, 240, 0, 0, 0, 3063 }, // U+2062
    { 0, 0, 240, 0, 0, 0, 3063 }, // U+2063
    { 0, 0, 240, 0, 0, 0, 3063 }, // U+2064
    { 0, 0, 240, 0, 0, 0, 3063 }, // U+2066
    { 0, 0, 240, 0, 0, 0, 3063 }, // U+2067
    { 0, 0, 240, 0, 0, 0, 3063 }, // U+2068
    { 0, 0, 240, 0, 0, 0, 3063 }, // U+2069
    { 6, 21, 0, -3, 17, 32, 3063 }, // U+206A
    { 6, 21, 0, -3, 17, 32, 3095 }, // U+206B
    { 6, 21, 0, -3, 18, 32, 3127 }, // U+206C
    { 6, 22, 0, -3, 19, 33, 3159 }, // U+206D
    { 6, 22, 0, -3, 19, 33, 3192 }, // U+206E
    { 6, 21, 0, -3, 17, 32, 3225 }, // U+206F
    { 9, 11, 141, 2, 22, 25, 0 }, // U+2070
    { 4, 13, 89, 2, 20, 13, 25 }, // U+2071
    { 9, 11, 141, 1, 22, 25, 38 }, // U+2074
    { 9, 11, 141, 2, 22, 25, 63 }, // U+2075
    { 9, 11, 141, 2, 22, 25, 88 }, // U+2076
    { 9, 11, 141, 2, 22, 25, 113 }, // U+2077
    { 9, 11, 141, 2, 22, 25, 138 }, // U+2078
    { 9, 11, 141, 2, 22, 25, 163 }, // U+2079
    { 8, 7, 135, 2, 19, 14, 188 }, // U+207A
    { 8, 2, 135, 2, 16, 4, 202 }, // U+207B
    { 8, 5, 135, 2, 18, 10, 206 }, // U+207C
    { 7, 14, 74, 2, 23, 25, 216 }, // U+207D
    { 6, 14, 74, 0, 23, 21, 241 }, // U+207E
    { 9, 9, 150, 1, 16, 21, 262 }, // U+207F
    { 9, 11, 141, -1, 8, 25, 283 }, // U+2080
    { 6, 11, 141, 0, 8, 17, 308 }, // U+2081
    { 9, 11, 141, -2, 8, 25, 325 }, // U+2082
    { 8, 11, 141, -1, 8, 22, 350 }, // U+2083
    { 9, 11, 141, -1, 8, 25, 372 }, // U+2084
    { 9, 11, 141, -1, 8, 25, 397 }, // U+2085
    { 9, 11, 141, -1, 8, 25, 422 }, // U+2086
    { 9, 11, 141, -1, 8, 25, 447 }, // U+2087
    { 9, 11, 141, -1, 8, 25, 472 }, // U+2088
    { 9, 11, 141, -1, 8, 25, 497 }, // U+2089
    { 8, 7, 135, -1, 6, 14, 522 }, // U+208A
    { 8, 2, 135, -1, 3, 4, 536 }, // U+208B
    { 8, 5, 135, -1, 4, 10, 540 }, // U+208C
    { 6, 14, 74, 0, 9, 21, 550 }, // U+208D
    { 6, 14, 74, -3, 9, 21, 571 }, // U+208E
    { 9, 8, 148, -1, 6, 18, 592 }, // U+2090
    { 8, 8, 130, -1, 6, 16, 610 }, // U+2091
    { 9, 8, 146, -1, 6, 18, 626 }, // U+2092
    { 9, 8, 126, -2, 6, 18, 644 }, // U+2093
    { 7, 8, 130, -1, 6, 14, 662 }, // U+2094
    { 9, 11, 174, 0, 9, 25, 676 }, // U+2095
    { 9, 11, 140, 0, 9, 25, 701 }, // U+2096
    { 5, 11, 94, 0, 9, 14, 726 }, // U+2097
    { 14, 8, 252, 0, 6, 28, 740 }, // U+2098
    { 9, 8, 150, -1, 6, 18, 768 }, // U+2099
    { 10, 12, 150, -2, 6, 30, 786 }, // U+209A
    { 7, 8, 123, -1, 6, 14, 816 }, // U+209B
    { 6, 10, 86, -1, 8, 15, 830 }, // U+209C
    { 14, 18, 220, 1, 18, 63, 0 }, // U+20A0
    { 14, 21, 220, 1, 19, 74, 63 }, // U+20A1
    { 14, 18, 220, 1, 18, 63, 137 }, // U+20A2
    { 15, 18, 220, 0, 18, 68, 200 }, // U+20A3
    { 16, 18, 220, -1, 18, 72, 268 }, // U+20A4
    { 21, 20, 350, 0, 17, 105, 340 }, // U+20A5
    { 15, 18, 220, 0, 18, 68, 445 }, // U+20A6
    { 18, 18, 295, 0, 18, 81, 513 }, // U+20A7
    { 21, 18, 321, 0, 18, 95, 594 }, // U+20A8
    { 18, 18, 248, 0, 18, 81, 689 }, // U+20A9
    { 21, 18, 320, 0, 18, 95, 770 }, // U+20AA
    { 17, 23, 232, 0, 19, 98, 865 }, // U+20AB
    { 16, 18, 220, 0, 18, 72, 963 }, // U+20AC
    { 17, 18, 225, 0, 18, 77, 1035 }, // U+20AD
    { 14, 18, 200, 1, 18, 63, 1112 }, // U+20AE
    { 24, 24, 388, 0, 18, 144, 1175 }, // U+20AF
    { 16, 24, 220, -2, 18, 96, 1319 }, // U+20B0
    { 16, 18, 220, 0, 18, 72, 1415 }, // U+20B1
    { 16, 21, 271, 1, 19, 84, 1487 }, // U+20B2
    { 17, 18, 225, -2, 18, 77, 1571 }, // U+20B3
    { 15, 18, 202, -1, 18, 68, 1648 }, // U+20B4
    { 15, 21, 235, 1, 19, 79, 1716 }, // U+20B5
    { 16, 17, 228, 0, 17, 68, 1795 }, // U+20B6
    { 18, 20, 263, -1, 18, 90, 1863 }, // U+20B7
    { 14, 18, 197, 1, 18, 63, 1953 }, // U+20B8
    { 13, 19, 220, 2, 19, 62, 2016 }, // U+20B9
    { 14, 18, 220, 0, 18, 63, 2078 }, // U+20BA
    { 16, 18, 268, 1, 18, 72, 2141 }, // U+20BB
    { 19, 18, 297, -1, 18, 86, 2213 }, // U+20BC
    { 16, 18, 233, -1, 18, 72, 2299 }, // U+20BD
    { 17, 21, 235, -1, 21, 90, 2371 }, // U+20BE
    { 13, 24, 220, 1, 21, 78, 2461 }, // U+20BF
    { 7, 3, 125, 0, 8, 6, 0 }, // U+2212
    { 23, 25, 255, -3, 19, 144, 0 }, // U+FB00
    { 18, 25, 230, -3, 19, 113, 144 }, // U+FB01
    { 18, 25, 230, -3, 19, 113, 257 }, // U+FB02
    { 26, 25, 358, -3, 19, 163, 370 }, // U+FB03
    { 26, 25, 358, -3, 19, 163, 533 }, // U+FB04
    { 21, 25, 246, -4, 19, 132, 696 }, // U+FB05
    { 20, 19, 306, 0, 19, 95, 828 }, // U+FB06
    { 23, 24, 400, 1, 20, 138, 0 }, // U+FFFD
};

static const EpdUnicodeInterval notosans_12_italicIntervals[] = {
    { 0x0, 0x0, 0x0 },
    { 0xD, 0xD, 0x1 },
    { 0x20, 0x7E, 0x2 },
    { 0xA0, 0x17F, 0x61 },
    { 0x1A0, 0x1A1, 0x141 },
    { 0x1AF, 0x1B0, 0x143 },
    { 0x1C4, 0x21F, 0x145 },
    { 0x300, 0x36F, 0x1A1 },
    { 0x400, 0x4FF, 0x211 },
    { 0x1EA0, 0x1EF9, 0x311 },
    { 0x2000, 0x2064, 0x36B },
    { 0x2066, 0x2071, 0x3D0 },
    { 0x2074, 0x208E, 0x3DC },
    { 0x2090, 0x209C, 0x3F7 },
    { 0x20A0, 0x20BF, 0x404 },
    { 0x2212, 0x2212, 0x424 },
    { 0xFB00, 0xFB06, 0x425 },
    { 0xFFFD, 0xFFFD, 0x42C },
};

static const EpdFontGroup notosans_12_italicGroups[] = {
    { 0, 2674, 5832, 97, 0 },
    { 2674, 2392, 6794, 96, 97 },
    { 5066, 3037, 10704, 128, 193 },
    { 8103, 3021, 9555, 96, 321 },
    { 11124, 956, 1435, 112, 417 },
    { 12080, 7809, 21469, 256, 529 },
    { 19889, 1668, 9015, 90, 785 },
    { 21557, 1576, 3672, 111, 875 },
    { 23133, 637, 1067, 42, 986 },
    { 23770, 1555, 2774, 32, 1028 },
    { 25325, 8, 6, 1, 1060 },
    { 25333, 372, 995, 7, 1061 },
    { 25705, 106, 144, 1, 1068 },
};

static const uint16_t notosans_12_italicKernLeftCodepoints[] = {
    0x0020, 0x0022, 0x0026, 0x0027, 0x0028, 0x002C, 0x002D, 0x002E, 0x0041, 0x0042, 0x0043, 0x0044,
    0x0045, 0x0046, 0x004B, 0x004C, 0x004F, 0x0050, 0x0051, 0x0052, 0x0054, 0x0055, 0x0056, 0x0057,
    0x0058, 0x0059, 0x005A, 0x005B, 0x005F, 0x0061, 0x0062, 0x0063, 0x0065, 0x0066, 0x006B, 0x006F,
    0x0070, 0x0072, 0x0074, 0x0076, 0x0077, 0x0078, 0x0079, 0x007B, 0x00A1, 0x00AB, 0x00BB, 0x00BF,
    0x00C0, 0x00C1, 0x00C2, 0x00C3, 0x00C4, 0x00C5, 0x00C6, 0x00C7, 0x00C8, 0x00C9, 0x00CA, 0x00CB,
    0x00D0, 0x00D2, 0x00D3, 0x00D4, 0x00D5, 0x00D6, 0x00D8, 0x00D9, 0x00DA, 0x00DB, 0x00DC, 0x00DD,
    0x00DE, 0x00E0, 0x00E1, 0x00E2, 0x00E3, 0x00E4, 0x00E5, 0x00E6, 0x00E8, 0x00E9, 0x00EA, 0x00EB,
    0x00EF, 0x00F0, 0x00F2, 0x00F3, 0x00F4, 0x00F5, 0x00F6, 0x00F8, 0x00FD, 0x00FE, 0x00FF, 0x0100,
    0x0101, 0x0102, 0x0103, 0x0104, 0x0105, 0x0106, 0x0108, 0x010A, 0x010C, 0x010E, 0x010F, 0x0110,
    0x0112, 0x0113, 0x0114, 0x0115, 0x0116, 0x0117, 0x0118, 0x0119, 0x011A, 0x011B, 0x0129, 0x012B,
    0x012E, 0x0136, 0x0137, 0x0138, 0x0139, 0x013B, 0x013D, 0x013E, 0x013F, 0x0141, 0x014C, 0x014D,
    0x014E, 0x014F, 0x0150, 0x0151, 0x0152, 0x0153, 0x0155, 0x0157, 0x0159, 0x0162, 0x0163, 0x0164,
    0x0165, 0x0166, 0x0167, 0x0168, 0x016A, 0x016C, 0x016E, 0x0170, 0x0172, 0x0174, 0x0175, 0x0176,
    0x0177, 0x0178, 0x0179, 0x017B, 0x017D, 0x01A0, 0x01A1, 0x01AF, 0x01B0, 0x01D0, 0x01FA, 0x01FB,
    0x01FC, 0x01FD, 0x01FE, 0x01FF, 0x020B, 0x021A, 0x021B, 0x0402, 0x0403, 0x0404, 0x0405, 0x0408,
    0x0409, 0x040A, 0x040B, 0x040C, 0x040E, 0x0410, 0x0411, 0x0412, 0x0413, 0x0414, 0x0416, 0x0417,
    0x041A, 0x041E, 0x0420, 0x0421, 0x0422, 0x0423, 0x0424, 0x0425, 0x0426, 0x0429, 0x042A, 0x042C,
    0x042D, 0x042E, 0x0430, 0x0431, 0x0432, 0x0433, 0x0434, 0x0435, 0x0436, 0x0437, 0x0438, 0x0439,
    0x043A, 0x043B, 0x043C, 0x043D, 0x043E, 0x043F, 0x0440, 0x0441, 0x0442, 0x0443, 0x0444, 0x0445,
    0x0446, 0x0447, 0x0448, 0x0449, 0x044A, 0x044B, 0x044C, 0x044D, 0x044E, 0x044F, 0x0450, 0x0451,
    0x0452, 0x0453, 0x0454, 0x0455, 0x0457, 0x0458, 0x0459, 0x045A, 0x045B, 0x045C, 0x045D, 0x045E,
    0x045F, 0x0460, 0x0461, 0x0462, 0x0463, 0x0464, 0x0466, 0x0467, 0x0468, 0x0469, 0x046E, 0x046F,
    0x0472, 0x0473, 0x0474, 0x0475, 0x0476, 0x0477, 0x0478, 0x0479, 0x047A, 0x047B, 0x047C, 0x047D,
    0x047E, 0x047F, 0x0480, 0x048A, 0x048B, 0x048C, 0x048D, 0x048E, 0x048F, 0x0490, 0x0491, 0x0492,
    0x0493, 0x0495, 0x0496, 0x0497, 0x0498, 0x0499, 0x049A, 0x049B, 0x049C, 0x049D, 0x049E, 0x049F,
    0x04A0, 0x04A1, 0x04A2, 0x04A3, 0x04A4, 0x04A5, 0x04A7, 0x04A9, 0x04AA, 0x04AC, 0x04AD, 0x04AE,
    0x04AF, 0x04B0, 0x04B1, 0x04B2, 0x04B3, 0x04B4, 0x04B5, 0x04B6, 0x04B7, 0x04BB, 0x04BC, 0x04BD,
    0x04BE, 0x04BF, 0x04C1, 0x04C2, 0x04C4, 0x04C5, 0x04C6, 0x04C9, 0x04CA, 0x04CD, 0x04CE, 0x04D0,
    0x04D1, 0x04D2, 0x04D3, 0x04D5, 0x04D7, 0x04D8, 0x04D9, 0x04DA, 0x04DB, 0x04DC, 0x04DD, 0x04DE,
    0x04DF, 0x04E6, 0x04E7, 0x04E8, 0x04E9, 0x04EA, 0x04EB, 0x04EC, 0x04ED, 0x04EE, 0x04EF, 0x04F0,
    0x04F1, 0x04F2, 0x04F3, 0x04F5, 0x04F6, 0x04F7, 0x04F9, 0x04FA, 0x04FB, 0x04FC, 0x04FD, 0x04FE,
    0x04FF, 0x1EA0, 0x1EA1, 0x1EA2, 0x1EA3, 0x1EA4, 0x1EA5, 0x1EA6, 0x1EA7, 0x1EA8, 0x1EA9, 0x1EAA,
    0x1EAB, 0x1EAC, 0x1EAD, 0x1EAE, 0x1EAF, 0x1EB0, 0x1EB1, 0x1EB2, 0x1EB3, 0x1EB4, 0x1EB5, 0x1EB6,
    0x1EB7, 0x1EB8, 0x1EB9, 0x1EBA, 0x1EBB, 0x1EBC, 0x1EBD, 0x1EBE, 0x1EBF, 0x1EC0, 0x1EC1, 0x1EC2,
    0x1EC3, 0x1EC4, 0x1EC5, 0x1EC6, 0x1EC7, 0x1ECC, 0x1ECD, 0x1ECE, 0x1ECF, 0x1ED0, 0x1ED1, 0x1ED2,
    0x1ED3, 0x1ED4, 0x1ED5, 0x1ED6, 0x1ED7, 0x1ED8, 0x1ED9, 0x1EDA, 0x1EDB, 0x1EDC, 0x1EDD, 0x1EDE,
    0x1EDF, 0x1EE0, 0x1EE1, 0x1EE2, 0x1EE3, 0x1EE4, 0x1EE6, 0x1EE8, 0x1EE9, 0x1EEA, 0x1EEB, 0x1EEC,
    0x1EED, 0x1EEE, 0x1EEF, 0x1EF0, 0x1EF1, 0x1EF2, 0x1EF3, 0x1EF4, 0x1EF5, 0x1EF6, 0x1EF7, 0x1EF8,
    0x1EF9, 0x2013, 0x2014, 0x2015, 0x2018, 0x2019, 0x201A, 0x201C, 0x201D, 0x201E, 0x2039, 0x203A,
    0x207D, 0x208D, 0xFB00,
};

static const uint8_t notosans_12_italicKernLeftClassIds[] = {
      1,   2,   3,   2,   4,   5,   6,   5,   7,   8,   9,  10,  11,  12,  13,  14,
     10,  15,  10,  16,  17,  18,  19,  19,  13,  20,  21,   4,  22,  23,  24,  25,
     24,  26,  27,  24,  24,  28,  29,  30,  30,  27,  30,   4,  31,  32,  33,  34,
      7,   7,   7,   7,   7,   7,  11,   9,  11,  11,  11,  11,  10,  10,  10,  10,
     10,  10,  10,  18,  18,  18,  18,  20,  15,  23,  23,  23,  23,  23,  23,  24,
     24,  24,  24,  24,  35,  24,  24,  24,  24,  24,  24,  24,  30,  24,  30,   7,
     23,   7,  23,   7,  23,   9,   9,   9,   9,  10,  36,  10,  11,  24,  11,  24,
     11,  24,  11,  24,  11,  24,  37,  35,  38,  13,  27,  27,  14,  14,  14,  36,
     14,  14,  10,  24,  10,  24,  10,  24,  11,  24,  28,  28,  28,  17,  29,  17,
     39,  17,  29,  18,  18,  18,  18,  18,  18,  19,  30,  20,  30,  20,  21,  21,
     21,  40,  41,  42,  43,  35,   7,  23,  11,  24,  10,  24,  35,  17,  29,  44,
     45,  46,  47,  48,  44,  44,  49,  50,  51,  52,  53,  54,  45,  55,  50,  54,
     50,  56,  57,  46,  45,  51,  58,  50,  55,  55,  44,  44,  56,  56,  59,  60,
     61,  62,  63,  62,  64,  61,  59,  59,  65,  59,  59,  59,  66,  67,  66,  64,
     67,  68,  66,  65,  69,  59,  59,  69,  70,  59,  70,  66,  66,  59,  62,  62,
     71,  62,  64,  72,  73,  74,  70,  70,  67,  65,  59,  75,  59,  51,  76,  77,
     70,  46,  52,  78,  52,  78,  54,  61,  56,  66,  51,  76,  51,  76,  68,  68,
     56,  66,  56,  66,  51,  76,  46,  55,  63,  77,  70,  57,  66,  79,  80,  81,
     82,  83,  84,  85,  54,  61,  84,  85,  50,  64,  50,  64,  50,  64,  55,  63,
     81,  80,  83,  66,  46,  79,  63,  86,  87,  86,  87,  84,  85,  55,  63,  55,
     63,  83,  88,  62,  88,  62,  50,  64,  64,  55,  63,  55,  63,  55,  63,  52,
     23,  52,  23,  62,  62,  56,  66,  56,  66,  50,  64,  54,  61,  56,  66,  56,
     66,  56,  66,  56,  66,  51,  68,  51,  68,  51,  68,  59,  79,  80,  59,  81,
     82,  84,  85,  50,  85,   7,  23,   7,  23,   7,  23,   7,  23,   7,  23,   7,
     23,   7,  23,   7,  23,   7,  23,   7,  23,   7,  23,   7,  23,  11,  24,  11,
     24,  11,  24,  11,  24,  11,  24,  11,  24,  11,  24,  11,  24,  10,  24,  10,
     24,  10,  24,  10,  24,  10,  24,  10,  24,  10,  24,  40,  41,  40,  41,  40,
     41,  40,  41,  40,  41,  18,  18,  42,  43,  42,  43,  42,  43,  42,  43,  42,
     43,  20,  30,  20,  30,  20,  30,  20,  30,   6,   6,   6,   2,   2,   5,   2,
      2,   5,  32,  33,  89,  90,  26,
};

static const uint16_t notosans_12_italicKernRightCodepoints[] = {
    0x0021, 0x0022, 0x0026, 0x0027, 0x0029, 0x002C, 0x002D, 0x002E, 0x003A, 0x003B, 0x003F, 0x0041,
    0x0043, 0x0047, 0x0049, 0x004A, 0x004F, 0x0051, 0x0053, 0x0054, 0x0055, 0x0056, 0x0057, 0x0058,
    0x0059, 0x005A, 0x005D, 0x0061, 0x0063, 0x0064, 0x0065, 0x0066, 0x0067, 0x006A, 0x006D, 0x006E,
    0x006F, 0x0070, 0x0071, 0x0072, 0x0073, 0x0074, 0x0075, 0x0076, 0x0077, 0x0079, 0x007A, 0x007D,
    0x00AB, 0x00BB, 0x00C0, 0x00C1, 0x00C2, 0x00C3, 0x00C4, 0x00C5, 0x00C6, 0x00C7, 0x00D2, 0x00D3,
    0x00D4, 0x00D5, 0x00D6, 0x00D8, 0x00D9, 0x00DA, 0x00DB, 0x00DC, 0x00DD, 0x00DF, 0x00E0, 0x00E1,
    0x00E2, 0x00E3, 0x00E4, 0x00E5, 0x00E6, 0x00E7, 0x00E8, 0x00E9, 0x00EA, 0x00EB, 0x00F1, 0x00F2,
    0x00F3, 0x00F4, 0x00F5, 0x00F6, 0x00F8, 0x00F9, 0x00FA, 0x00FB, 0x00FC, 0x00FD, 0x00FF, 0x0100,
    0x0101, 0x0102, 0x0103, 0x0104, 0x0105, 0x0106, 0x0107, 0x0108, 0x0109, 0x010A, 0x010B, 0x010C,
    0x010D, 0x010F, 0x0111, 0x0113, 0x0115, 0x0117, 0x0119, 0x011B, 0x011C, 0x011D, 0x011E, 0x011F,
    0x0120, 0x0121, 0x0122, 0x0123, 0x0127, 0x0129, 0x0135, 0x0138, 0x0144, 0x0146, 0x0148, 0x014B,
    0x014C, 0x014D, 0x014E, 0x014F, 0x0150, 0x0151, 0x0152, 0x0153, 0x0155, 0x0157, 0x015B, 0x015D,
    0x015F, 0x0161, 0x0162, 0x0163, 0x0164, 0x0165, 0x0166, 0x0167, 0x0168, 0x0169, 0x016A, 0x016B,
    0x016C, 0x016D, 0x016E, 0x016F, 0x0170, 0x0171, 0x0172, 0x0173, 0x0174, 0x0175, 0x0176, 0x0177,
    0x0178, 0x0179, 0x017A, 0x017B, 0x017C, 0x017D, 0x017E, 0x01A0, 0x01A1, 0x01AF, 0x01B0, 0x01FA,
    0x01FB, 0x01FC, 0x01FD, 0x01FE, 0x01FF, 0x0219, 0x021A, 0x021B, 0x0402, 0x0404, 0x0405, 0x0408,
    0x0409, 0x040B, 0x040E, 0x0410, 0x0414, 0x0416, 0x0417, 0x041B, 0x041E, 0x0421, 0x0422, 0x0423,
    0x0424, 0x0425, 0x0427, 0x042A, 0x042D, 0x042F, 0x0430, 0x0431, 0x0432, 0x0433, 0x0434, 0x0435,
    0x0436, 0x0437, 0x0438, 0x0439, 0x043A, 0x043B, 0x043C, 0x043D, 0x043E, 0x043F, 0x0440, 0x0441,
    0x0442, 0x0443, 0x0444, 0x0445, 0x0446, 0x0447, 0x0448, 0x0449, 0x044A, 0x044B, 0x044C, 0x044D,
    0x044E, 0x044F, 0x0450, 0x0451, 0x0452, 0x0453, 0x0454, 0x0455, 0x0457, 0x0458, 0x0459, 0x045A,
    0x045B, 0x045C, 0x045D, 0x045E, 0x045F, 0x0460, 0x0461, 0x0462, 0x0465, 0x0466, 0x0467, 0x0469,
    0x046D, 0x046E, 0x046F, 0x0470, 0x0471, 0x0472, 0x0473, 0x0474, 0x0475, 0x0476, 0x0477, 0x0478,
    0x0479, 0x047A, 0x047B, 0x047C, 0x047D, 0x047E, 0x047F, 0x0480, 0x0481, 0x048B, 0x048C, 0x048D,
    0x048F, 0x0491, 0x0492, 0x0495, 0x0496, 0x0497, 0x0498, 0x0499, 0x049B, 0x049D, 0x049E, 0x049F,
    0x04A0, 0x04A1, 0x04A3, 0x04A5, 0x04A7, 0x04A8, 0x04A9, 0x04AA, 0x04AB, 0x04AC, 0x04AD, 0x04AE,
    0x04AF, 0x04B0, 0x04B1, 0x04B2, 0x04B3, 0x04B4, 0x04B5, 0x04B6, 0x04B7, 0x04B8, 0x04B9, 0x04BB,
    0x04BC, 0x04BD, 0x04BE, 0x04BF, 0x04C1, 0x04C2, 0x04C4, 0x04C5, 0x04C6, 0x04C8, 0x04CA, 0x04CB,
    0x04CC, 0x04CE, 0x04D0, 0x04D1, 0x04D2, 0x04D3, 0x04D4, 0x04D5, 0x04D7, 0x04D8, 0x04D9, 0x04DA,
    0x04DB, 0x04DC, 0x04DD, 0x04DE, 0x04DF, 0x04E3, 0x04E5, 0x04E6, 0x04E7, 0x04E8, 0x04E9, 0x04EA,
    0x04EB, 0x04EC, 0x04ED, 0x04EE, 0x04EF, 0x04F0, 0x04F1, 0x04F2, 0x04F3, 0x04F4, 0x04F5, 0x04F7,
    0x04F9, 0x04FA, 0x04FC, 0x04FD, 0x04FE, 0x04FF, 0x1EA0, 0x1EA1, 0x1EA2, 0x1EA3, 0x1EA4, 0x1EA5,
    0x1EA6, 0x1EA7, 0x1EA8, 0x1EA9, 0x1EAA, 0x1EAB, 0x1EAC, 0x1EAD, 0x1EAE, 0x1EAF, 0x1EB0, 0x1EB1,
    0x1EB2, 0x1EB3, 0x1EB4, 0x1EB5, 0x1EB6, 0x1EB7, 0x1EB9, 0x1EBB, 0x1EBD, 0x1EBF, 0x1EC1, 0x1EC3,
    0x1EC5, 0x1EC7, 0x1ECC, 0x1ECD, 0x1ECE, 0x1ECF, 0x1ED0, 0x1ED1, 0x1ED2, 0x1ED3, 0x1ED4, 0x1ED5,
    0x1ED6, 0x1ED7, 0x1ED8, 0x1ED9, 0x1EDA, 0x1EDB, 0x1EDC, 0x1EDD, 0x1EDE, 0x1EDF, 0x1EE0, 0x1EE1,
    0x1EE2, 0x1EE3, 0x1EE4, 0x1EE5, 0x1EE6, 0x1EE7, 0x1EE8, 0x1EE9, 0x1EEA, 0x1EEB, 0x1EEC, 0x1EED,
    0x1EEE, 0x1EEF, 0x1EF0, 0x1EF1, 0x1EF2, 0x1EF3, 0x1EF4, 0x1EF5, 0x1EF6, 0x1EF7, 0x1EF8, 0x1EF9,
    0x2013, 0x2014, 0x2015, 0x2018, 0x2019, 0x201A, 0x201C, 0x201D, 0x201E, 0x2026, 0x2039, 0x203A,
    0x207E, 0x208E, 0xFB00,
};

static const uint8_t notosans_12_italicKernRightClassIds[] = {
      1,   2,   3,   2,   4,   5,   6,   5,   7,   7,   8,   9,  10,  10,  11,  12,
     10,  10,  13,  14,  15,  16,  16,  17,  18,  19,   4,  20,  21,  21,  21,  22,
     23,  24,  25,  25,  21,  25,  21,  25,  26,  27,  25,  28,  28,  28,  29,   4,
     30,  31,   9,   9,   9,   9,   9,   9,  32,  10,  10,  10,  10,  10,  10,  10,
     15,  15,  15,  15,  18,  24,  21,  20,  20,  20,  20,  20,  20,  21,  21,  21,
     21,  21,  25,  21,  21,  21,  21,  21,  21,  25,  25,  25,  25,  28,  28,   9,
     20,   9,  20,   9,  20,  10,  21,  10,  21,  10,  21,  10,  21,  21,  21,  21,
     21,  21,  21,  21,  10,  23,  10,  23,  10,  23,  10,  23,  33,  34,  24,  25,
     25,  25,  25,  25,  10,  21,  10,  21,  10,  21,  10,  21,  25,  25,  26,  26,
     26,  26,  14,  27,  14,  27,  14,  27,  15,  25,  15,  25,  15,  25,  15,  25,
     15,  25,  15,  25,  16,  28,  18,  28,  18,  19,  29,  19,  29,  19,  29,  10,
     21,  15,  25,   9,  20,  32,  20,  10,  21,  26,  14,  27,  35,  36,  37,  38,
     39,  35,  40,  41,  42,  43,  44,  39,  36,  36,  35,  40,  45,  43,  46,  35,
     44,  47,  48,  49,  48,  50,  51,  48,  52,  50,  53,  53,  54,  55,  54,  54,
     48,  54,  54,  48,  54,  56,  48,  57,  53,  58,  53,  53,  59,  53,  53,  52,
     54,  60,  48,  48,  61,  50,  48,  62,  63,  64,  55,  54,  61,  54,  53,  65,
     53,  66,  67,  68,  69,  41,  70,  69,  69,  44,  50,  46,  69,  71,  72,  66,
     67,  66,  67,  71,  72,  71,  72,  71,  72,  66,  67,  71,  72,  69,  68,  61,
     69,  69,  68,  69,  43,  50,  44,  50,  69,  69,  68,  61,  73,  59,  69,  69,
     69,  71,  72,  71,  72,  35,  69,  74,  75,  74,  75,  43,  52,  73,  59,  46,
     58,  46,  58,  69,  76,  77,  76,  77,  43,  52,  69,  78,  70,  69,  69,  46,
     58,  69,  41,  79,  41,  79,  41,  79,  72,  80,  50,  80,  50,  43,  52,  44,
     50,  69,  69,  71,  72,  71,  72,  71,  72,  44,  52,  40,  56,  40,  56,  40,
     56,  46,  58,  69,  53,  68,  43,  52,  43,  52,   9,  20,   9,  20,   9,  20,
      9,  20,   9,  20,   9,  20,   9,  20,   9,  20,   9,  20,   9,  20,   9,  20,
      9,  20,  21,  21,  21,  21,  21,  21,  21,  21,  10,  21,  10,  21,  10,  21,
     10,  21,  10,  21,  10,  21,  10,  21,  10,  21,  10,  21,  10,  21,  10,  21,
     10,  21,  15,  25,  15,  25,  15,  25,  15,  25,  15,  25,  15,  25,  15,  25,
     18,  28,  18,  28,  18,  28,  18,  28,   6,   6,   6,  81,   2,   5,  81,   2,
      5,   5,  30,  31,  82,  83,  22,
};

static const uint16_t notosans_12_italicKernRowOffsets[] = {
        0,     2,    32,    35,    50,    65,    78,    84,    85,    88,    96,    97,   100,   102,   109,   115,
      116,   132,   134,   146,   160,   163,   164,   165,   168,   169,   171,   172,   177,   179,   182,   185,
      192,   200,   204,   205,   211,   213,   214,   217,   224,   230,   244,   252,   268,   297,   307,   312,
      314,   321,   340,   369,   393,   407,   421,   437,   450,   466,   485,   486,   502,   511,   519,   524,
      532,   542,   558,   567,   579,   597,   614,   623,   628,   636,   638,   650,   652,   659,   671,   695,
      699,   717,   721,   729,   736,   738,   753,   755,   758,   759,   760,
};

static const uint8_t notosans_12_italicKernSparseCols[] = {
     70,  71,   8,  13,  15,  17,  19,  20,  22,  24,  25,  33,  34,  36,  38,  39,
     40,  41,  42,  43,  45,  49,  54,  55,  60,  62,  64,  68,  69,  71,  77,  78,
     13,  15,  17,  11,  21,  23,  34,  37,  38,  41,  42,  43,  44,  55,  60,  62,
     63,  64,   9,  13,  14,  15,  17,  34,  44,  45,  57,  58,  65,  70,  72,  73,
     75,  13,  34,  39,  41,  42,  45,  54,  55,  56,  57,  58,  64,  72,   1,   9,
     11,  13,  15,  17,   4,   2,   9,  29,   4,   8,  13,  15,  16,  17,  18,  36,
     11,   4,   7,   8,   9,  29,   1,   9,  13,  14,  15,  17,  29,   2,   4,   8,
     16,  18,  29,  29,   2,   4,   5,   7,   8,   9,  13,  19,  20,  22,  24,  25,
     27,  28,  29,  30,   4,   8,   2,   4,   7,   8,   9,  19,  20,  22,  24,  25,
     29,  30,   2,   4,   7,   8,   9,  19,  20,  22,  24,  25,  28,  29,  30,  31,
      2,   9,  29,  11,   1,   1,  27,  28,   1,   1,   3,  20,   1,   4,  19,  20,
     22,   1,   3,   1,   4,   7,  11,  13,  17,  13,  15,  17,  34,  39,  45,  72,
     13,  15,  17,  34,  39,  42,  45,  72,  11,  13,  15,  17,   3,   0,   1,   3,
      7,  32,  80,   3,  33,  11,   1,   3,   7,   7,  12,  13,  15,  16,  17,  20,
      1,  21,  25,  26,  27,  80,   1,   4,   7,   8,  10,  12,  13,  15,  16,  17,
     19,  20,  24,  80,   1,   4,   7,  21,  25,  26,  27,  80,   1,   3,   4,  34,
     35,  39,  42,  44,  45,  46,  51,  55,  57,  58,  64,  80,   3,   4,   5,   6,
     30,  34,  35,  38,  40,  41,  43,  44,  46,  47,  49,  50,  51,  52,  53,  54,
     55,  56,  57,  58,  59,  60,  61,  62,  64,  29,  35,  37,  44,  45,  47,  50,
     57,  70,  75,   4,  44,  45,  57,  80,  37,  63,   1,  34,  39,  45,  57,  58,
     80,   3,   4,   5,  29,  35,  37,  41,  44,  45,  47,  50,  52,  55,  57,  58,
     62,  64,  70,  75,   4,   5,   6,  29,  30,  35,  38,  40,  41,  44,  46,  47,
     48,  49,  50,  52,  53,  54,  57,  59,  60,  61,  62,  69,  70,  71,  75,  76,
     77,   1,  34,  35,  37,  38,  39,  44,  45,  47,  48,  50,  52,  54,  55,  57,
     58,  64,  65,  67,  72,  73,  75,  79,  80,   1,  35,  40,  42,  44,  45,  51,
     55,  56,  57,  58,  64,  75,  80,   4,  34,  36,  39,  40,  42,  43,  44,  45,
     46,  51,  57,  65,  73,   3,  34,  35,  37,  38,  40,  41,  42,  44,  45,  54,
     55,  57,  58,  63,  64,   4,  34,  39,  40,  42,  43,  45,  46,  57,  65,  69,
     72,  73,   4,   5,  29,  34,  38,  39,  40,  41,  42,  43,  46,  47,  50,  54,
     69,  77,   3,   4,   6,  34,  36,  38,  39,  40,  41,  42,  43,  45,  46,  54,
     65,  69,  72,  73,  77,  34,   1,   4,  34,  39,  42,  45,  49,  51,  55,  56,
     57,  58,  59,  61,  64,  80,   4,  34,  45,  49,  51,  55,  57,  58,  64,   1,
     34,  45,  47,  50,  55,  57,  64,   1,   4,  34,  42,  56,  34,  45,  47,  50,
     54,  57,  71,  76,   4,   5,  34,  45,  47,  48,  50,  52,  57,  80,   1,   4,
     34,  39,  42,  45,  49,  51,  55,  56,  57,  58,  59,  61,  64,  80,   1,  34,
     42,  45,  55,  57,  58,  64,  80,   4,   5,  34,  38,  40,  42,  47,  50,  54,
     59,  69,  80,   1,   3,  34,  37,  38,  40,  41,  42,  44,  45,  52,  54,  55,
     57,  58,  63,  64,  80,   1,  34,  35,  38,  45,  48,  51,  52,  55,  56,  57,
     58,  64,  66,  74,  76,  80,   1,  34,  37,  55,  57,  58,  63,  64,  80,  34,
     39,  47,  50,  57,   1,   3,  34,  39,  42,  60,  62,  80,  37,  63,   4,   5,
     34,  38,  40,  42,  47,  50,  54,  59,  69,  80,   4,  69,   1,  34,  45,  58,
     65,  72,  73,   1,  55,  57,  58,  59,  64,  66,  68,  71,  74,  76,  78,   4,
      5,  29,  30,  34,  40,  44,  49,  51,  55,  57,  58,  59,  61,  64,  66,  68,
     69,  70,  71,  74,  75,  76,  77,   4,   5,  69,  71,   4,   5,  34,  40,  44,
     49,  51,  57,  60,  61,  68,  69,  70,  71,  72,  75,  76,  77,   4,  66,  69,
     71,   1,  55,  57,  58,  64,  66,  74,  76,  37,  44,  57,  58,  70,  75,  76,
     57,  71,   4,  40,  44,  49,  57,  59,  60,  68,  69,  70,  71,  76,  77,  78,
     79,   4,  69,  34,  65,  73,  81,  82,
};

static const int8_t notosans_12_italicKernSparseValues[] = {
      -8,   -8,  -28,    8,    8,    4,  -16,  -24,  -12,  -12,  -12,   28,    8,   12,  -20,   12,
     -28,  -24,   12,   16,    8,    4,  -12,    8,   16,   16,    8,   -4,  -28,  -24,  -24,   -8,
     -24,  -16,  -24,   36,   16,   16,   12,   44,   -4,   16,    8,   12,   -8,   12,   16,   12,
      36,   12,  -20,  -28,   -8,  -24,  -24,  -24,  -16,  -32,  -24,  -20,  -24,  -20,  -28,  -24,
     -24,  -16,  -16,   -8,   -4,   -8,  -20,   -4,   -4,   -4,   -8,   -8,   -4,  -16,  -28,   -8,
      30,  -20,   -4,  -12,   -8,   -4,   -8,   -8,  -16,   -8,  -12,   -4,   -8,   -4,   -4,   -4,
      24,  -24,    8,   -8,   -8,   -8,  -32,   -8,  -16,   -4,   -8,  -16,  -16,   -8,  -52,  -20,
      -8,   -4,   -4,   -4,   -8,  -24,  -16,    8,  -20,   -8,    4,  -32,  -28,  -28,  -20,  -24,
      -8,  -16,  -24,  -16,   -8,   -4,   -4,  -20,    8,   -4,   -4,   -8,   -8,   -4,   -4,   -4,
     -16,   -8,  -12,  -24,    8,  -12,   -8,  -20,  -20,   -8,  -12,  -16,   -8,  -16,  -16,   -8,
      -8,   -4,   -4,   36,   -4,   -4,   -8,   -4,    8,   24,   16,   -8,   16,  -48,   -8,   -8,
      -4,    8,    8,   16,  -16,    8,   24,   -8,   -4,  -16,   -8,  -16,  -16,   -4,   -8,  -12,
     -24,  -16,  -16,  -24,   -8,   -8,  -24,  -16,   40,  -20,   -4,  -12,   16,   24,   28,   34,
      32,   28,   16,   16,   44,   20,   16,   24,    8,   12,    8,   12,   16,   12,   24,    8,
       8,   16,    8,   16,   20,   24,    8,  -16,   20,   -8,   12,    8,   28,   32,   24,   32,
      -8,    4,   -4,    8,    8,   -4,    8,   20,    8,   20,   20,   20,  -32,   -4,   -8,  -28,
      -4,   -8,   -4,   -4,  -32,   -4,   -4,  -12,  -12,  -24,  -12,  -28,   12,  -24,  -16,   -8,
     -16,    4,   -8,  -24,  -20,  -24,    4,  -14,   -4,  -28,  -12,  -40,  -12,  -12,  -12,  -28,
      -8,  -12,  -20,   -8,  -12,   20,  -12,    8,  -16,   -8,   -4,    8,   -8,   -4,   -4,   -4,
      -8,   -8,   -8,   -4,   -4,   -8,   -6,   -4,   20,   12,  -32,  -28,   -8,  -32,  -12,  -20,
     -20,    8,   -4,  -12,   -8,  -10,    8,    4,  -16,   -8,   -4,   -8,   -4,   -4,  -12,   -4,
       4,   -4,   -8,  -20,  -32,   -8,   -8,  -16,   -8,   -8,  -32,  -32,  -28,  -12,  -12,  -12,
      -8,   -4,  -24,   -4,   -8,  -20,   -8,   -4,   20,   -8,    8,  -16,   -4,   -8,   -8,  -12,
     -20,  -28,  -24,  -16,   12,    8,   -8,  -16,  -36,   -4,   -4,   -4,   -4,    8,  -12,  -24,
     -24,  -12,  -16,   -8,  -20,  -24,  -20,   -8,  -28,   -8,   -4,   -4,   -4,   -4,   -8,   -4,
     -12,   -4,  -12,  -16,  -12,   -8,   -8,   -8,   -8,   -4,   -4,   -4,   -4,   -4,   -4,   -8,
      -4,   -4,   -4,   -4,   -4,   16,   -4,   -4,   48,   12,    6,   12,    4,   -4,  -12,   16,
      12,  -16,   -8,   40,   12,  -16,  -16,  -16,   -8,  -10,   -4,   -8,   -4,   -4,   -4,   -4,
      -4,   -4,  -52,   -4,   -4,   -8,  -20,  -12,  -20,  -20,  -12,   -4,   -4,   -4,   -4,  -16,
     -20,  -24,   -8,  -16,   -4,  -20,   -4,   -8,  -24,   -8,   -6,  -16,   -8,   -8,  -12,   -8,
      -4,   -4,   -8,  -12,   -8,  -12,   -4,   -8,  -44,  -12,   -4,  -12,   -4,   -8,  -16,   -8,
      -8,   -8,   -4,   -4,  -16,   -8,   -8,  -24,   -4,   -4,   -4,  -12,   -8,   -4,  -12,   -4,
     -20,   -4,   -4,   -4,   -8,   -4,   -8,   -4,   -8,   -8,   -4,   -4,  -16,   -4,   -8,   -8,
       4,   -8,   -8,   -8,   -4,   -8,  -12,   -4,   -8,   -4,   -8,   -6,   -4,    4,   -4,   -8,
     -28,  -12,   -4,  -12,   -4,   -8,  -16,   -8,   -8,   -8,   -4,   -4,  -16,   -8,  -12,  -16,
      -4,   -8,  -20,   -8,   -8,  -20,  -16,  -16,   -4,   -8,  -12,   -4,   -4,  -12,  -12,  -20,
      -4,   -8,    8,   -8,   16,  -20,   52,   16,    8,   16,    8,   -8,  -16,   -4,    8,    4,
      -8,   -8,   20,    4,  -12,  -24,  -36,  -12,    4,  -48,   -4,   -6,   -4,  -24,   -2,  -28,
     -28,  -24,   -8,  -12,   -8,  -36,  -12,  -36,   32,  -16,   -8,   -8,    8,  -16,  -16,  -12,
      -8,   -4,   -4,   -8,   16,   12,    8,    8,    4,    8,    4,   16,   32,   12,  -16,   -4,
     -16,  -12,   -4,   -4,  -12,  -12,  -20,   -4,   -8,    8,  -16,   -8,  -16,  -16,  -24,   -8,
     -12,  -20,  -12,  -28,  -12,  -12,  -20,   12,  -12,   -8,   -4,   -8,   -8,   -8,   -8,  -24,
     -16,  -24,  -16,    4,  -20,  -16,   -8,   -8,  -16,  -20,  -16,  -12,  -24,  -16,   -8,  -20,
     -24,   -8,  -28,  -16,  -20,  -28,  -20,  -20,   -8,  -12,   -4,  -20,   -8,    8,  -24,  -12,
      -8,   -8,  -20,    8,  -12,  -12,  -20,   -8,  -16,    8,   -8,  -12,  -16,  -12,   20,  -12,
      -8,  -28,   -8,  -32,  -20,   -8,   -8,   -8,   -8,   88,  -12,  -16,   -8,   -8,  -12,   -8,
      -4,   -4,  -24,  -24,  -12,  -16,  -16,   -8,    8,  -12,  -20,   -8,  -20,  -16,  -16,  -16,
      -4,  -16,   -4,   -8,   -4,   -4,   21,   20,
};

static const EpdLigaturePair notosans_12_italicLigaturePairs[] = {
    { 0x00660066, 0xFB00 }, // f f -> U+FB00
    { 0x00660069, 0xFB01 }, // f i -> U+FB01
    { 0x0066006C, 0xFB02 }, // f l -> U+FB02
    { 0xFB000069, 0xFB03 }, // U+FB00 i -> U+FB03
    { 0xFB00006C, 0xFB04 }, // U+FB00 l -> U+FB04
};

static const EpdFontData notosans_12_italic = {
    notosans_12_italicBitmaps,
    notosans_12_italicGlyphs,
    notosans_12_italicIntervals,
    18,
    34,
    27,
    -8,
    true,
    notosans_12_italicGroups,
    13,
    nullptr,
    nullptr,  // kernLeftClasses: built-in fonts use the split arrays below
    nullptr,  // kernRightClasses
    notosans_12_italicKernLeftCodepoints,
    notosans_12_italicKernLeftClassIds,
    notosans_12_italicKernRightCodepoints,
    notosans_12_italicKernRightClassIds,
    nullptr,  // kernMatrix: built-in fonts use the sparse form below
    notosans_12_italicKernRowOffsets,
    notosans_12_italicKernSparseCols,
    notosans_12_italicKernSparseValues,
    471,
    471,
    90,
    83,
    notosans_12_italicLigaturePairs,
    5,
};
