/**
 * generated by fontconvert.py
 * name: notosans_14_italic
 * size: 14
 * mode: 2-bit  compressed: true
 * Command used: fontconvert.py notosans_14_italic 14 ../builtinFonts/source/NotoSans/NotoSans-Italic.ttf --2bit --compress --pnum --zopfli
 */
#pragma once
#include "EpdFontData.h"

static const uint8_t notosans_14_italicBitmaps[31646] = {
    0xAD, 0x98, 0x3F, 0x8C, 0xE4, 0xC8, 0x75, 0xFF, 0x3F, 0x64, 0xFD, 0x7E, 0x4B, 0x03, 0x05, 0xB8,
    0x16, 0x0E, 0x0C, 0x03, 0x03, 0x5D, 0x29, 0x70, 0x60, 0x18, 0xBA, 0x61, 0x2C, 0xA0, 0x49, 0xD6,
    0x7A, 0x03, 0x05, 0x0E, 0x9C, 0xF8, 0x22, 0x07, 0x4A, 0x9D, 0x8D, 0xC3, 0x15, 0xC0, 0xEE, 0xE6,
    0xF9, 0x02, 0x07, 0x17, 0xDC, 0xDA, 0x80, 0x63, 0x25, 0xCE, 0x71, 0xC1, 0x06, 0x63, 0xA0, 0x67,
    0xBB, 0x7C, 0x17, 0x5C, 0xA0, 0x40, 0x3C, 0x1F, 0x04, 0x65, 0x3E, 0x1E, 0xB4, 0x99, 0x82, 0xAB,
    0x93, 0x28, 0x6F, 0xAD, 0x96, 0xDD, 0x65, 0x3E, 0x0C, 0xB1, 0xD3, 0x8D, 0xDD, 0x31, 0x14, 0x98,
    0xCB, 0xF7, 0xDD, 0xE9, 0xAE, 0xE6, 0xAB, 0xF7, 0xFF, 0xBD, 0x22, 0x0D, 0x6C, 0xE0, 0x06, 0x76,
    0x30, 0x41, 0x24, 0x1B, 0xC9, 0x02, 0x79, 0x40, 0x0D, 0xA8, 0x1E, 0xE5, 0x29, 0x3C, 0xBA, 0xE3,
    0x81, 0x03, 0x00, 0x4A, 0xD8, 0xCA, 0x4D, 0x05, 0x8D, 0xF1, 0xB5, 0xE9, 0x2A, 0xE3, 0x56, 0x86,
    0xD6, 0xF2, 0xEC, 0x3D, 0x3E, 0xFD, 0x01, 0xE1, 0x07, 0xC0, 0x13, 0xE5, 0xE1, 0x59, 0xD1, 0x41,
    0xD0, 0x0E, 0x82, 0x81, 0x7C, 0x30, 0xA0, 0xFA, 0x4B, 0x8A, 0x94, 0xD2, 0x54, 0x08, 0xA0, 0xDD,
    0x13, 0x30, 0x3C, 0x13, 0x08, 0x70, 0x99, 0x05, 0xA8, 0xF2, 0x81, 0x66, 0x5E, 0xED, 0x05, 0x7A,
    0xCE, 0x99, 0x64, 0x83, 0x70, 0x9A, 0x99, 0xA0, 0xFC, 0x0A, 0xE0, 0x8F, 0x81, 0xF7, 0x80, 0x0D,
    0xE8, 0x14, 0x69, 0xD2, 0xC4, 0xA1, 0xFD, 0x8B, 0x6C, 0x7C, 0x42, 0x1E, 0x9E, 0xCD, 0x14, 0xC8,
    0xC6, 0x00, 0x69, 0x80, 0x66, 0x84, 0x22, 0x81, 0xFA, 0xD6, 0xA3, 0xBE, 0xE8, 0x29, 0x3E, 0x1A,
    0xD0, 0x8F, 0x7B, 0xB4, 0xF6, 0x3F, 0x34, 0x57, 0xDD, 0xBC, 0x1D, 0x17, 0x69, 0x84, 0xF7, 0x01,
    0xD1, 0x61, 0x05, 0xFC, 0x39, 0x64, 0x47, 0xB8, 0xA6, 0x48, 0x5D, 0x16, 0x30, 0xFF, 0xE4, 0x95,
    0xE7, 0x52, 0xF5, 0xC6, 0xB1, 0x12, 0x5D, 0x68, 0x95, 0x6F, 0x11, 0x75, 0x47, 0xB8, 0x2E, 0x3E,
    0x1F, 0xE0, 0x99, 0xFE, 0xF8, 0x8B, 0xC8, 0xB5, 0xB1, 0xE5, 0x81, 0x76, 0x53, 0xB5, 0x25, 0xCD,
    0x74, 0x3D, 0x1A, 0xCC, 0x37, 0xDF, 0x05, 0x03, 0xEA, 0x33, 0x51, 0xC1, 0x3C, 0xEE, 0xDF, 0x63,
    0x66, 0xE4, 0xDF, 0x87, 0x56, 0x54, 0x21, 0xA8, 0xBE, 0x45, 0xF5, 0xF9, 0x37, 0x23, 0xBA, 0xCB,
    0xD2, 0x80, 0x85, 0xAD, 0x03, 0xF6, 0x4F, 0xA1, 0x10, 0xB9, 0xEC, 0x97, 0x13, 0x94, 0xB4, 0x50,
    0xB3, 0x12, 0x68, 0x05, 0x64, 0xA1, 0x18, 0xC0, 0xEC, 0x1D, 0x98, 0x11, 0xD8, 0x07, 0x50, 0xE3,
    0x44, 0x34, 0x7E, 0x93, 0x85, 0x92, 0xF2, 0xF1, 0x50, 0x63, 0x7E, 0xEE, 0x2B, 0x54, 0xA2, 0x26,
    0x9B, 0x68, 0x28, 0x26, 0x6C, 0xBF, 0x4D, 0xE8, 0x74, 0xB4, 0xF3, 0x6E, 0xBD, 0xEE, 0x9B, 0xBA,
    0x5A, 0xB5, 0xCF, 0x3E, 0x0D, 0xE2, 0x75, 0xE3, 0xA8, 0x61, 0x07, 0x23, 0x6A, 0xA0, 0xF0, 0x98,
    0x0E, 0xEB, 0x28, 0xA1, 0x86, 0x0A, 0x5A, 0x59, 0x94, 0x3B, 0xDE, 0xDD, 0xCB, 0x37, 0x2D, 0xAC,
    0xE0, 0x12, 0x0C, 0x3C, 0x00, 0xB4, 0x43, 0x79, 0xE1, 0x99, 0x0F, 0x64, 0x61, 0xB9, 0x09, 0x30,
    0xC2, 0xF2, 0x91, 0x5C, 0x6E, 0x64, 0xA7, 0x1E, 0x7D, 0xBB, 0x19, 0xA7, 0x02, 0x68, 0x8F, 0x85,
    0x3F, 0x03, 0x89, 0x42, 0x11, 0x07, 0xDD, 0xF1, 0x50, 0x3B, 0x6E, 0x0C, 0xEC, 0xFF, 0x0B, 0x1E,
    0x48, 0xA0, 0x6C, 0xF7, 0x7D, 0xF6, 0x1A, 0x8A, 0x2F, 0x3A, 0xEC, 0x63, 0x71, 0xD2, 0xC0, 0x1F,
    0xC9, 0x5E, 0x3C, 0x05, 0xC3, 0xDB, 0x64, 0x21, 0xA5, 0x14, 0x84, 0x30, 0xF0, 0x2E, 0xCA, 0x47,
    0x15, 0x8A, 0x5E, 0x7B, 0xE3, 0x2E, 0x59, 0x01, 0x34, 0x49, 0xEE, 0x92, 0x2D, 0x5B, 0x2A, 0x80,
    0x88, 0x88, 0x2E, 0xFA, 0x89, 0x94, 0x18, 0x07, 0x0D, 0xB0, 0x06, 0x22, 0x64, 0xB2, 0x34, 0x2C,
    0x4B, 0x1D, 0x94, 0x40, 0x05, 0x4C, 0x90, 0x8D, 0xA0, 0x02, 0x14, 0x27, 0x4B, 0x35, 0xCB, 0xA5,
    0x8F, 0xB2, 0x95, 0xE7, 0x50, 0x04, 0x35, 0xE6, 0xB3, 0x08, 0x8C, 0xC6, 0x13, 0xAD, 0x23, 0x96,
    0x10, 0x1B, 0x88, 0x35, 0x8C, 0x6B, 0xB2, 0xB1, 0x25, 0x0F, 0x3B, 0x94, 0xD0, 0xB0, 0xA3, 0xE8,
    0x77, 0x18, 0xBF, 0xC6, 0xBA, 0x9A, 0x86, 0xF2, 0xD1, 0x84, 0x49, 0x23, 0x79, 0xEA, 0x00, 0xA0,
    0x18, 0x28, 0xFB, 0x2C, 0x79, 0xF3, 0xDA, 0x37, 0x9F, 0xF8, 0xEF, 0xDD, 0x7A, 0xD5, 0x72, 0xE7,
    0xD8, 0xF5, 0x5D, 0x21, 0xE0, 0x4D, 0x21, 0x58, 0x6A, 0x01, 0x80, 0x98, 0xBA, 0xA7, 0x49, 0x91,
    0x4D, 0x76, 0xE0, 0xFB, 0x6C, 0x80, 0x66, 0xA1, 0x1A, 0xB8, 0x01, 0x26, 0x10, 0xC5, 0x8C, 0x87,
    0xC6, 0x91, 0x4D, 0x50, 0x04, 0xB0, 0x1E, 0x9E, 0x43, 0x1E, 0x41, 0xF7, 0xD0, 0xFC, 0xEB, 0x07,
    0x6E, 0x9B, 0xD2, 0xB0, 0x17, 0xCF, 0x01, 0x14, 0xE2, 0xC1, 0x14, 0xB9, 0xC9, 0x26, 0x1E, 0xB2,
    0x59, 0xF8, 0x55, 0xC0, 0x0E, 0xB2, 0x08, 0x17, 0x03, 0xE5, 0xD1, 0xD1, 0xBC, 0x02, 0xAE, 0x3A,
    0xE1, 0x22, 0xFB, 0x9C, 0xD0, 0x00, 0xA6, 0xFF, 0x21, 0xDB, 0xAE, 0x49, 0x47, 0x2E, 0xD2, 0x0B,
    0x96, 0x6B, 0x82, 0x7C, 0x26, 0x3D, 0x93, 0xBD, 0x86, 0xF5, 0x08, 0x31, 0xA0, 0xBE, 0x09, 0x98,
    0xCF, 0x02, 0x8D, 0x1A, 0xD8, 0xCD, 0x69, 0x37, 0x16, 0x5E, 0x3C, 0x6D, 0x3B, 0xD3, 0xD5, 0x98,
    0x6E, 0x96, 0xEB, 0x38, 0xD3, 0x01, 0xCA, 0x13, 0x51, 0x5A, 0x10, 0x2A, 0xD3, 0x44, 0x33, 0xD3,
    0x22, 0x1D, 0x11, 0x18, 0xC5, 0xDB, 0x48, 0x94, 0xA3, 0x52, 0x9C, 0x29, 0xB9, 0xCC, 0x5D, 0x79,
    0xD0, 0xC3, 0xDB, 0x72, 0x8A, 0xEC, 0xD6, 0x3F, 0xC9, 0xF6, 0x6C, 0xD3, 0x84, 0x5D, 0x4C, 0x00,
    0x40, 0xB6, 0x0F, 0xE8, 0x14, 0x68, 0x9E, 0x3E, 0xE4, 0x80, 0xD8, 0x9F, 0xA2, 0x07, 0xB3, 0x04,
    0x57, 0x79, 0x11, 0xA9, 0xF7, 0x89, 0x66, 0x28, 0xBB, 0xAD, 0x9B, 0x13, 0x1C, 0xED, 0xDB, 0x99,
    0x76, 0x08, 0x99, 0xAE, 0xC5, 0x88, 0xEB, 0x69, 0x1E, 0x1D, 0xCE, 0x5C, 0x6F, 0x52, 0x8A, 0x76,
    0x26, 0xE1, 0xB8, 0xD8, 0xCA, 0x23, 0xDE, 0xA7, 0x61, 0x51, 0xE2, 0x7C, 0x33, 0x59, 0xAA, 0xEF,
    0x96, 0xD4, 0xC9, 0x52, 0x09, 0xFC, 0x25, 0xCB, 0xA5, 0x93, 0x63, 0x9B, 0x06, 0x09, 0xD5, 0x2C,
    0x64, 0x63, 0x1E, 0x88, 0x6A, 0x60, 0xFE, 0x5F, 0x3E, 0x15, 0x03, 0x37, 0x65, 0x47, 0x19, 0xC9,
    0xD2, 0x88, 0x1E, 0x9F, 0x53, 0xBA, 0xD2, 0xAD, 0x31, 0xDD, 0x84, 0xF6, 0xB7, 0x64, 0xFC, 0x01,
    0x3B, 0xEB, 0xB2, 0x47, 0xCC, 0x2A, 0x61, 0xC0, 0x69, 0x1A, 0x6C, 0x93, 0xCF, 0x24, 0x0D, 0x42,
    0x1E, 0x0A, 0xCF, 0xA8, 0x3D, 0xD1, 0x74, 0x2C, 0x94, 0x8F, 0xC6, 0xAB, 0x79, 0x17, 0x1B, 0x54,
    0xFA, 0x7D, 0x60, 0xFF, 0xD5, 0x20, 0x52, 0xDE, 0xE5, 0x5B, 0x03, 0xDC, 0xF0, 0xB0, 0x88, 0x34,
    0x12, 0xB6, 0x47, 0x00, 0xF1, 0x93, 0x8A, 0x73, 0x5A, 0x0D, 0x9C, 0x5F, 0x77, 0x69, 0x6D, 0xA1,
    0xE9, 0x68, 0x1C, 0x97, 0xDC, 0x7F, 0x2D, 0x79, 0xF1, 0xA6, 0x5E, 0x55, 0xB0, 0x02, 0xE0, 0x21,
    0x88, 0x21, 0xCB, 0x81, 0xFC, 0x08, 0xF2, 0x9F, 0x44, 0x51, 0x0F, 0x07, 0x60, 0xDF, 0x81, 0x3E,
    0x00, 0xDB, 0x1E, 0x8A, 0x23, 0x70, 0x35, 0xC8, 0xEF, 0xE5, 0xB9, 0x94, 0xD2, 0x20, 0x04, 0xE7,
    0x97, 0x7C, 0x27, 0xD4, 0x01, 0x91, 0x85, 0xC7, 0xD9, 0x1F, 0x5B, 0xF9, 0xE3, 0x76, 0x4F, 0xE1,
    0xB9, 0xEF, 0xB9, 0x78, 0x05, 0xE2, 0xFA, 0x08, 0x38, 0x24, 0x6D, 0xBB, 0x26, 0x8D, 0x97, 0x7F,
    0x35, 0x2D, 0x45, 0x5A, 0xEE, 0x89, 0x7C, 0x44, 0x0F, 0xA2, 0xE8, 0x41, 0xB4, 0x11, 0x55, 0xA4,
    0xA1, 0x2E, 0x57, 0x0D, 0x7B, 0xE4, 0x6E, 0x01, 0xB4, 0xC8, 0x95, 0xCD, 0x59, 0x01, 0xFA, 0x55,
    0xB6, 0x15, 0xF3, 0x88, 0xA9, 0x27, 0x11, 0x5E, 0x05, 0x60, 0x2C, 0xBC, 0x4E, 0xDD, 0xB5, 0x71,
    0xB3, 0xC7, 0x5A, 0xCB, 0xA1, 0xF0, 0xAB, 0x4A, 0x0D, 0xBA, 0x5B, 0xAD, 0x0A, 0x6F, 0x5C, 0xDB,
    0xEA, 0xCE, 0xF0, 0xA4, 0x35, 0xCE, 0x72, 0xFD, 0xC4, 0x50, 0x13, 0xE6, 0xBF, 0x37, 0xF9, 0x8C,
    0x1F, 0x7E, 0xAB, 0xFD, 0xAA, 0x48, 0x9F, 0x24, 0x57, 0xE5, 0xC7, 0xE2, 0x40, 0x09, 0x80, 0xB8,
    0x0F, 0x91, 0x0E, 0xC8, 0x8F, 0xEE, 0xEF, 0x3A, 0x09, 0x85, 0xE4, 0x44, 0x93, 0x17, 0x80, 0x88,
    0x0E, 0x2A, 0xB2, 0x58, 0xC0, 0xEC, 0x80, 0xBA, 0x05, 0x5A, 0x81, 0xB8, 0x12, 0x37, 0x57, 0xA0,
    0x86, 0x0A, 0x0A, 0x5F, 0x83, 0xE4, 0x35, 0x25, 0x25, 0x48, 0xA3, 0x67, 0x2F, 0xF0, 0xEA, 0x83,
    0x2B, 0xB1, 0xBD, 0x75, 0x4A, 0x7A, 0x9E, 0x11, 0x57, 0x5A, 0x37, 0x43, 0x03, 0x52, 0x45, 0xD1,
    0x9E, 0x7D, 0x7A, 0xCA, 0x0C, 0x13, 0xC4, 0xEC, 0x08, 0x23, 0x0D, 0xD9, 0x48, 0x29, 0x8F, 0x95,
    0xA8, 0x40, 0x83, 0x1A, 0xD8, 0x48, 0xE3, 0x8E, 0x14, 0x52, 0xCC, 0xB4, 0x48, 0x69, 0xFC, 0xC5,
    0x80, 0xC4, 0x27, 0xC6, 0x11, 0xB1, 0x30, 0x51, 0x0A, 0x34, 0x64, 0x91, 0x1A, 0x15, 0x58, 0x73,
    0xD5, 0x23, 0x2A, 0xB1, 0x17, 0x8D, 0xC8, 0xF6, 0xAF, 0xC0, 0x8A, 0x54, 0xDB, 0xA7, 0xEF, 0x91,
    0x4D, 0x40, 0x11, 0x10, 0x41, 0x00, 0xEB, 0x80, 0x66, 0xF1, 0x0A, 0xAC, 0x01, 0x76, 0x00, 0xD3,
    0x5B, 0xB0, 0x2C, 0x6C, 0x00, 0xF1, 0x11, 0xD8, 0x17, 0x7F, 0xDA, 0x89, 0x68, 0x62, 0xC1, 0xDF,
    0x23, 0xCA, 0x74, 0x02, 0x11, 0xE2, 0x83, 0x84, 0x68, 0xE4, 0x64, 0xB2, 0xF1, 0xB9, 0x44, 0x80,
    0x0A, 0x14, 0xBD, 0x94, 0xFB, 0x41, 0xF5, 0x33, 0x14, 0x7E, 0x06, 0xED, 0x29, 0x7A, 0xE3, 0xD1,
    0xBD, 0xE9, 0x30, 0xDE, 0x38, 0x31, 0x13, 0x92, 0xCA, 0xB0, 0xA5, 0x11, 0x59, 0x6B, 0xF4, 0xC8,
    0x3A, 0xDB, 0x8B, 0x46, 0x47, 0x10, 0xA3, 0x09, 0x4E, 0x42, 0x67, 0xE5, 0xF1, 0xA4, 0x08, 0xAA,
    0x1E, 0x44, 0x2C, 0x31, 0x98, 0x59, 0x12, 0xD6, 0x38, 0xB0, 0x40, 0x79, 0xD2, 0x53, 0xD6, 0xC0,
    0x76, 0x61, 0xF5, 0x07, 0xF1, 0xEC, 0x41, 0x78, 0x9A, 0x94, 0xDE, 0xE2, 0x59, 0x9F, 0xF0, 0x6C,
    0x81, 0x1D, 0x8B, 0xE5, 0xA5, 0x40, 0xFA, 0xD9, 0xF2, 0x17, 0xFE, 0x0F, 0xB2, 0x7C, 0x99, 0xC4,
    0x97, 0x02, 0xD4, 0x02, 0x95, 0xC0, 0x9A, 0x9D, 0xAC, 0x6D, 0x90, 0x35, 0x71, 0xBB, 0x19, 0x1F,
    0x8C, 0xD2, 0x09, 0x02, 0x5C, 0x1D, 0xDD, 0x32, 0x36, 0xED, 0x20, 0x12, 0x61, 0x64, 0x44, 0x6A,
    0x24, 0x79, 0x90, 0x26, 0x1B, 0x04, 0x06, 0xB1, 0x7C, 0xAF, 0x7A, 0x0A, 0x2F, 0xF3, 0xB1, 0xD7,
    0x02, 0xE6, 0x17, 0x1F, 0xFC, 0xB8, 0x13, 0xCB, 0x3B, 0xE3, 0xB0, 0xD8, 0x25, 0x8A, 0x6B, 0x1A,
    0xA8, 0xA8, 0x61, 0xCD, 0x1A, 0xDA, 0x13, 0xEE, 0x6C, 0x13, 0x94, 0x87, 0x65, 0x54, 0xF2, 0xF0,
    0x2E, 0xF3, 0xD6, 0x67, 0x7D, 0xED, 0xBC, 0x91, 0x8D, 0x20, 0x56, 0x15, 0x2A, 0x8F, 0x20, 0xEC,
    0x16, 0x66, 0xA7, 0x8C, 0xDC, 0x99, 0x9F, 0xCE, 0x18, 0x4D, 0xCB, 0xFC, 0x73, 0xEA, 0xA2, 0x41,
    0x48, 0xDC, 0x73, 0x2E, 0x53, 0xE9, 0xE0, 0x39, 0xEC, 0x27, 0xD8, 0x0E, 0x00, 0xC0, 0x0E, 0xDD,
    0x8B, 0x95, 0x3B, 0xA2, 0xAC, 0x8D, 0x79, 0x24, 0x0B, 0x7A, 0x20, 0x0F, 0xB6, 0x43, 0x85, 0x0D,
    0xA8, 0x6F, 0x22, 0xA8, 0x5F, 0x0A, 0xBF, 0x6F, 0x45, 0xAE, 0xD4, 0x83, 0xF9, 0x6D, 0x00, 0xF3,
    0xE1, 0x28, 0xE2, 0x45, 0xB0, 0xEC, 0xA0, 0xA4, 0x5E, 0x4C, 0x55, 0x8B, 0xC0, 0x6B, 0xD9, 0x56,
    0xFA, 0x25, 0x32, 0x2F, 0x9D, 0x4C, 0xB1, 0xA3, 0xC8, 0x7A, 0x3A, 0xEC, 0x14, 0x1E, 0xA9, 0x87,
    0x1E, 0xB1, 0xFC, 0xC9, 0x90, 0x54, 0xC3, 0xE6, 0x83, 0xBF, 0x9D, 0xE3, 0x71, 0x2F, 0x91, 0xE8,
    0xC8, 0x8F, 0x82, 0xEA, 0x40, 0xEA, 0xD0, 0x13, 0xAF, 0x3B, 0xEC, 0x2E, 0x7B, 0xE9, 0xA9, 0x63,
    0x3E, 0x63, 0x3B, 0xAA, 0x5F, 0x79, 0xE2, 0xA8, 0xBE, 0xF2, 0xD9, 0x77, 0x41, 0x7D, 0xDE, 0xAB,
    0xFF, 0x0C, 0xC5, 0xE7, 0xBD, 0xFE, 0x7C, 0xD0, 0x9F, 0xF5, 0xF3, 0x19, 0xC0, 0xFC, 0xE3, 0x50,
    0x16, 0xBD, 0x79, 0x34, 0xAC, 0xB4, 0xB7, 0x59, 0xB8, 0x36, 0xDE, 0x12, 0x82, 0xE9, 0x4A, 0x7E,
    0x33, 0x48, 0x23, 0x7F, 0xE9, 0x2D, 0x15, 0xA9, 0x2B, 0x69, 0x49, 0x34, 0xEC, 0xB8, 0xA1, 0xE6,
    0x9A, 0x1D, 0x15, 0x62, 0x99, 0x9A, 0x3D, 0xF2, 0x03, 0xC7, 0x4A, 0x04, 0x68, 0xB3, 0xD7, 0x9E,
    0x5D, 0xFE, 0xDB, 0x9E, 0xA8, 0x7E, 0x35, 0x30, 0xAA, 0x2F, 0x43, 0x16, 0x94, 0x1F, 0xA5, 0x77,
    0xEE, 0xF2, 0xA0, 0x7D, 0xAB, 0x06, 0xD3, 0xD5, 0x72, 0x7C, 0x29, 0x0B, 0x6F, 0x31, 0x7F, 0x2D,
    0xF0, 0x71, 0x57, 0x52, 0xFC, 0xBC, 0xAB, 0x51, 0x5F, 0xBB, 0x8A, 0x3C, 0xD1, 0x92, 0x25, 0x76,
    0x70, 0xE4, 0x1A, 0x6E, 0x40, 0x4E, 0x23, 0x94, 0xE9, 0x00, 0xC9, 0xED, 0x5D, 0x1E, 0x31, 0x5E,
    0x0F, 0x14, 0x83, 0xF1, 0xA8, 0x50, 0xBA, 0x19, 0x1A, 0xF1, 0xF1, 0x46, 0xE0, 0x46, 0x60, 0x07,
    0x2A, 0x4C, 0x0B, 0x14, 0xC3, 0x04, 0xBA, 0x9F, 0xC0, 0x78, 0xF1, 0x48, 0xB7, 0x81, 0xAD, 0x14,
    0x9D, 0x09, 0xF3, 0xC2, 0x8E, 0x14, 0x92, 0x79, 0x5C, 0xBD, 0x42, 0xB2, 0xDB, 0xCD, 0x14, 0x88,
    0x0F, 0x26, 0x46, 0x76, 0xD9, 0x48, 0x95, 0x07, 0x6A, 0x15, 0xA8, 0xD4, 0xC0, 0x5A, 0xF5, 0x4C,
    0x45, 0x9F, 0x47, 0xED, 0xAF, 0x82, 0x49, 0xA9, 0x33, 0xE9, 0xC5, 0xBD, 0x15, 0x63, 0x89, 0xC4,
    0xFF, 0x6B, 0xE1, 0xDD, 0xA9, 0xF0, 0x17, 0x6F, 0x84, 0x3F, 0x00, 0x6C, 0x40, 0x7E, 0x01, 0x18,
    0xCF, 0x52, 0x43, 0xB2, 0x7F, 0x83, 0x73, 0xAD, 0x6E, 0xB2, 0x40, 0x7D, 0xA2, 0xD5, 0x4E, 0xF5,
    0xD9, 0x54, 0xF8, 0x8B, 0xA0, 0x93, 0x68, 0x14, 0x31, 0xDD, 0x4C, 0x6E, 0x87, 0x78, 0xBE, 0xA4,
    0xA1, 0xA6, 0x44, 0x46, 0x52, 0x89, 0xDD, 0x16, 0xDD, 0x4B, 0xE4, 0x22, 0x63, 0xB8, 0xCC, 0x4B,
    0xC7, 0x47, 0xD7, 0x59, 0x3C, 0x1F, 0x30, 0xF3, 0x11, 0xB2, 0xE3, 0x32, 0x62, 0xD8, 0x88, 0x78,
    0x14, 0x9A, 0x6E, 0x49, 0xB9, 0x93, 0x92, 0x50, 0xBA, 0x9F, 0x64, 0x09, 0x99, 0xBA, 0x2F, 0x52,
    0x27, 0x6D, 0x71, 0x12, 0x5A, 0x32, 0x53, 0xE8, 0xDD, 0x49, 0xBE, 0x3E, 0x49, 0xF2, 0x7B, 0xEA,
    0x70, 0xD1, 0x43, 0xE1, 0x91, 0xCF, 0x79, 0x38, 0x6B, 0x27, 0x32, 0x64, 0x53, 0x78, 0x23, 0xE9,
    0x65, 0xBA, 0xA5, 0xE1, 0x3A, 0x2B, 0x3B, 0x95, 0x4B, 0xBA, 0x36, 0x54, 0xCB, 0xE9, 0xB6, 0x62,
    0x07, 0xAD, 0xC0, 0x52, 0xD9, 0x76, 0xB2, 0xCB, 0x86, 0x62, 0xA0, 0xF9, 0xC5, 0xD6, 0x23, 0x25,
    0x9E, 0x4C, 0xDA, 0xE7, 0x1A, 0x6C, 0x57, 0x2D, 0xCF, 0xAE, 0xA9, 0x61, 0xA2, 0x46, 0x3A, 0xB5,
    0xC8, 0x50, 0x8A, 0x40, 0x25, 0xC6, 0x63, 0x45, 0x23, 0x4B, 0x03, 0xC6, 0xB5, 0x02, 0x11, 0xCC,
    0xA3, 0x00, 0xE6, 0xA3, 0x01, 0x39, 0xDE, 0x83, 0xFE, 0xA4, 0x03, 0xFD, 0x35, 0x50, 0x1C, 0x05,
    0x26, 0x40, 0x8D, 0x02, 0x01, 0x88, 0xB2, 0xB9, 0x75, 0x11, 0x19, 0x9C, 0x98, 0x30, 0x03, 0x52,
    0xF7, 0xCB, 0xC0, 0xC4, 0x8E, 0x3A, 0x48, 0xDC, 0xF2, 0xEF, 0x52, 0xCD, 0x77, 0xFC, 0x2E, 0x88,
    0x7F, 0xF3, 0x10, 0x0A, 0x2F, 0x6E, 0x0E, 0xA6, 0xA3, 0x2D, 0x7C, 0xB0, 0xD0, 0x1A, 0x17, 0x1A,
    0x68, 0x2D, 0xA1, 0x82, 0xB6, 0x26, 0x88, 0xA2, 0x2D, 0xE3, 0x08, 0xED, 0xF5, 0xFC, 0x20, 0xAC,
    0x02, 0x2F, 0x07, 0xA8, 0x07, 0x5E, 0x7A, 0x68, 0x7A, 0x52, 0x07, 0x8D, 0x67, 0x0F, 0x34, 0x8E,
    0xE7, 0x40, 0x03, 0x37, 0x00, 0x25, 0xAC, 0x31, 0x2E, 0x93, 0xD8, 0x56, 0x01, 0xB1, 0x2E, 0xAA,
    0x2F, 0xC5, 0x25, 0x6B, 0xF1, 0x4D, 0x04, 0x5E, 0x07, 0x60, 0xEF, 0x41, 0x1E, 0x86, 0x3D, 0x62,
    0x38, 0x07, 0xEA, 0xD7, 0x1E, 0xCC, 0x17, 0x1E, 0x4A, 0x71, 0xDC, 0x5A, 0xBC, 0x18, 0x33, 0x29,
    0x84, 0x44, 0xA4, 0x4E, 0x22, 0x65, 0x93, 0x1A, 0x6A, 0x2A, 0xD8, 0xD5, 0x64, 0x51, 0x6C, 0x6A,
    0xC5, 0x7F, 0xCE, 0x3A, 0x19, 0x96, 0xE4, 0xE8, 0x51, 0xFC, 0xC7, 0x88, 0xFA, 0x2A, 0x20, 0xFC,
    0xF2, 0xE4, 0xC8, 0xD2, 0x79, 0x84, 0xDC, 0xD7, 0x06, 0x28, 0x53, 0x1A, 0x24, 0xF6, 0x7A, 0xC0,
    0xBE, 0x91, 0x4F, 0xD4, 0xCB, 0xE3, 0x49, 0x27, 0x3E, 0xF9, 0x3E, 0x9B, 0x58, 0x9C, 0x61, 0x7A,
    0xA0, 0xEC, 0x80, 0xCD, 0xBB, 0xBF, 0x17, 0xC6, 0x01, 0x01, 0x30, 0x47, 0xCC, 0xE1, 0xEC, 0xB4,
    0xBB, 0x82, 0xF6, 0xAE, 0x01, 0x10, 0xCE, 0xDE, 0x7C, 0x15, 0xCB, 0x9B, 0xAF, 0xB3, 0x06, 0x50,
    0x42, 0x13, 0x69, 0x46, 0x22, 0xD7, 0xB4, 0xB4, 0xAC, 0xA8, 0xA8, 0xB8, 0xE4, 0x12, 0x8B, 0xC5,
    0x20, 0x4D, 0x5A, 0x77, 0xDA, 0x17, 0xF3, 0x3F, 0xE5, 0x95, 0x8C, 0x52, 0x26, 0xC9, 0xD6, 0x88,
    0x9F, 0xCF, 0xF6, 0xCB, 0x6E, 0xF7, 0x1B, 0xCE, 0x1A, 0x8E, 0x96, 0xCD, 0xE4, 0x7E, 0x4B, 0xCE,
    0x66, 0x92, 0xAD, 0xF9, 0xFF, 0x2C, 0x07, 0xC1, 0xDB, 0xA0, 0x98, 0x43, 0x0D, 0xC2, 0x48, 0x36,
    0xB4, 0x28, 0x5F, 0x21, 0x55, 0x5D, 0x64, 0xB0, 0x14, 0xFE, 0x7D, 0x54, 0xBF, 0x62, 0xEE, 0x2A,
    0x30, 0x02, 0x32, 0x6C, 0xB2, 0x9F, 0xE9, 0xEF, 0x59, 0x53, 0x62, 0x9C, 0xF2, 0xD8, 0xB0, 0x22,
    0x1D, 0x9E, 0xA8, 0x57, 0x36, 0xEA, 0xA1, 0x18, 0x4D, 0xA7, 0x82, 0x38, 0xB7, 0x41, 0xE6, 0x66,
    0xD5, 0xB7, 0xCB, 0x0B, 0x85, 0x1D, 0x76, 0xA6, 0xA6, 0x5B, 0xB3, 0x77, 0xCD, 0x8F, 0xBE, 0xA6,
    0x4C, 0x7F, 0x43, 0x11, 0xED, 0xFD, 0xFD, 0x3F, 0x96, 0x3D, 0xBF, 0x4B, 0x63, 0xF6, 0xF2, 0xCB,
    0x29, 0x3F, 0xB2, 0xCE, 0x23, 0xD5, 0x52, 0xEE, 0xAA, 0xC2, 0xB3, 0x96, 0xB8, 0x32, 0x9E, 0xC9,
    0x74, 0x59, 0x94, 0x90, 0xB5, 0x5E, 0x0F, 0x97, 0xE3, 0x95, 0xAF, 0xB6, 0x89, 0x95, 0x1D, 0xE1,
    0xE2, 0x08, 0x29, 0xA1, 0x5E, 0x3D, 0xB8, 0x3D, 0x2B, 0x77, 0x50, 0xBE, 0xA3, 0xB8, 0x0B, 0xB5,
    0x8B, 0xF7, 0x9B, 0xA7, 0xFF, 0x80, 0x49, 0x81, 0x2C, 0x3D, 0x65, 0xB1, 0x11, 0x16, 0xA0, 0x04,
    0xA8, 0x59, 0x24, 0xA4, 0x05, 0x2B, 0xD9, 0x96, 0x0E, 0x3B, 0x54, 0xB4, 0x11, 0xDD, 0xAB, 0x11,
    0xDB, 0xA9, 0xBB, 0x81, 0x3E, 0xB0, 0x16, 0xA7, 0x88, 0xF6, 0xEC, 0x10, 0x61, 0x31, 0x02, 0x4D,
    0x87, 0x58, 0x80, 0xD9, 0x04, 0x0E, 0xB1, 0x01, 0x62, 0x04, 0xB0, 0x11, 0x44, 0xDA, 0x58, 0x76,
    0x32, 0x23, 0x1B, 0x27, 0x0D, 0xBC, 0xA4, 0x7E, 0x70, 0x64, 0x9B, 0x46, 0xB6, 0x47, 0x77, 0x26,
    0x6D, 0x8D, 0x48, 0xDB, 0x62, 0xD2, 0x44, 0x2E, 0xD2, 0x02, 0x80, 0x1C, 0xD5, 0xD1, 0x02, 0xA2,
    0x2E, 0xE5, 0xA9, 0xC4, 0xC8, 0xF9, 0x19, 0x9B, 0x02, 0x10, 0x01, 0x46, 0x20, 0x0B, 0x40, 0x2E,
    0xA0, 0x82, 0xC0, 0x20, 0xD0, 0x03, 0x85, 0x07, 0xB4, 0x80, 0x11, 0x30, 0xDD, 0x3D, 0xF6, 0x38,
    0x3F, 0x4B, 0xFC, 0x49, 0x04, 0xB6, 0x01, 0x44, 0x4F, 0xA0, 0x38, 0x18, 0x68, 0xD2, 0x8F, 0xE1,
    0x58, 0x1C, 0xC9, 0x47, 0x0E, 0xB2, 0xC5, 0x24, 0x8C, 0xA5, 0x47, 0x10, 0xB1, 0x8E, 0x11, 0x7B,
    0x5A, 0x65, 0x05, 0x8C, 0xD4, 0xC7, 0xB2, 0xC7, 0x7C, 0xF9, 0xDA, 0xA3, 0xD3, 0x2F, 0x3D, 0xD9,
    0x51, 0x9F, 0xCB, 0x51, 0x02, 0x6C, 0xE0, 0x27, 0x0F, 0x26, 0xD8, 0x8A, 0x56, 0x17, 0x69, 0xF9,
    0x9E, 0xFA, 0xDE, 0x70, 0x8A, 0x4B, 0x38, 0xB5, 0xF9, 0x44, 0xAB, 0xC2, 0x4C, 0x03, 0xBB, 0xA2,
    0x27, 0x6A, 0xCF, 0x68, 0x7C, 0x36, 0x9A, 0x2E, 0x0F, 0xC6, 0xE5, 0xC1, 0xA2, 0x86, 0x12, 0xD5,
    0xD7, 0x14, 0xBE, 0x12, 0x79, 0x2F, 0x69, 0xA8, 0x00, 0x88, 0x8C, 0x59, 0x90, 0x13, 0xAB, 0x74,
    0xA4, 0xC2, 0x4B, 0x0F, 0x92, 0x16, 0x64, 0xC5, 0x5D, 0x54, 0xC0, 0x25, 0x34, 0x2C, 0x3F, 0xE6,
    0xFC, 0x3D, 0xD8, 0x79, 0xA6, 0x2E, 0x65, 0x61, 0xBE, 0x79, 0xE7, 0x8B, 0x51, 0x15, 0xD8, 0xF7,
    0xEC, 0xDD, 0xFD, 0xA3, 0x49, 0x64, 0x62, 0x54, 0x21, 0x0B, 0x72, 0xF6, 0x92, 0xB0, 0x9B, 0x6E,
    0x2B, 0xE8, 0xD7, 0x9E, 0x22, 0x89, 0xE9, 0x7A, 0xCC, 0xFC, 0x59, 0x26, 0x5A, 0x69, 0x38, 0x96,
    0x1D, 0x22, 0x65, 0x4D, 0x49, 0x85, 0xED, 0x28, 0xA1, 0x39, 0xDF, 0xF8, 0x64, 0x90, 0xCD, 0xDF,
    0x35, 0xC8, 0x9E, 0x4B, 0x0B, 0xA1, 0xF4, 0x17, 0x23, 0xDF, 0xA5, 0xB0, 0x3F, 0x64, 0x2F, 0xFF,
    0xE5, 0xBF, 0xC7, 0x4D, 0x7E, 0x24, 0x75, 0x8D, 0x8A, 0x1C, 0x29, 0x55, 0x60, 0xA2, 0x51, 0x03,
    0x91, 0xBA, 0xE8, 0x65, 0x16, 0xD3, 0xB3, 0x9C, 0xB4, 0x92, 0xB0, 0xEC, 0x4C, 0x27, 0x2B, 0x72,
    0x72, 0x9E, 0x91, 0x62, 0xB6, 0x7E, 0x89, 0xAC, 0xD7, 0x88, 0x36, 0x15, 0xB2, 0xCE, 0x58, 0xF6,
    0xD9, 0x77, 0xB3, 0xDF, 0x5E, 0xDF, 0x96, 0x01, 0x35, 0xB1, 0x96, 0x67, 0x8B, 0x81, 0x49, 0xF7,
    0x33, 0x79, 0xA2, 0x59, 0xFC, 0x36, 0x73, 0x92, 0xD2, 0x33, 0x34, 0x14, 0x42, 0x7D, 0x8D, 0xF6,
    0x4B, 0x62, 0x39, 0x15, 0xAD, 0x37, 0xBD, 0x1A, 0xE4, 0x37, 0x0D, 0xF3, 0x1E, 0x33, 0xAD, 0x67,
    0x6A, 0xEF, 0xDE, 0x7B, 0xFA, 0x16, 0xE3, 0x6B, 0x39, 0x93, 0xFE, 0xF3, 0x11, 0x93, 0x22, 0x59,
    0xEA, 0x60, 0xA5, 0xC7, 0x19, 0xB6, 0x07, 0x58, 0x8F, 0x5B, 0xD8, 0xCB, 0xB0, 0x71, 0xC4, 0x38,
    0x26, 0x81, 0x38, 0x43, 0x16, 0xB0, 0xEE, 0xFC, 0x2C, 0x4F, 0x11, 0x98, 0x66, 0xC8, 0x23, 0xFA,
    0x70, 0x11, 0x30, 0x3F, 0x4D, 0x1E, 0xF3, 0xA3, 0xC3, 0x69, 0xFA, 0xBC, 0x5D, 0x53, 0x60, 0x07,
    0x80, 0x1D, 0x6F, 0x2B, 0x6A, 0xB4, 0x51, 0xF7, 0xE7, 0x15, 0x75, 0x7D, 0x6F, 0x45, 0xFD, 0x96,
    0x72, 0xCE, 0xB3, 0x22, 0xDE, 0x7F, 0x94, 0x82, 0x11, 0xC2, 0xD6, 0xF1, 0x9B, 0x44, 0xF6, 0xFA,
    0x29, 0xF9, 0x11, 0x54, 0x3C, 0x19, 0xB8, 0x3C, 0xE8, 0xF3, 0xB9, 0xED, 0xEC, 0xA4, 0x57, 0x01,
    0x6C, 0x47, 0x54, 0x4A, 0xE8, 0xE1, 0x7B, 0x6F, 0x7E, 0x67, 0x3C, 0x14, 0x23, 0x64, 0x09, 0x68,
    0x7A, 0x44, 0x79, 0xB2, 0xF8, 0xE6, 0xF8, 0xF6, 0x42, 0x07, 0xA4, 0x37, 0x97, 0x47, 0xE0, 0xFB,
    0xF0, 0x29, 0x48, 0x6C, 0x61, 0xE5, 0xD5, 0x6D, 0x5F, 0xF4, 0xF7, 0x1E, 0x92, 0x2A, 0x58, 0xC3,
    0xE6, 0xFF, 0xD1, 0x4C, 0xE8, 0x88, 0xEA, 0xD9, 0x15, 0x9E, 0x78, 0xEB, 0x72, 0x66, 0xBB, 0x64,
    0x67, 0xA9, 0x7A, 0xEB, 0x72, 0xE3, 0xAB, 0x99, 0x5A, 0xCE, 0x3B, 0x8D, 0x8E, 0x12, 0xFA, 0x2A,
    0xB4, 0x68, 0x71, 0x73, 0x57, 0x21, 0x09, 0x20, 0x89, 0xB0, 0x9B, 0x29, 0x52, 0x8B, 0xFF, 0xD4,
    0x40, 0x29, 0x11, 0x23, 0x62, 0x94, 0x60, 0x2A, 0x30, 0x3B, 0x30, 0x23, 0x98, 0x00, 0x2D, 0x0D,
    0xF2, 0xF4, 0xD6, 0x99, 0x6E, 0xC5, 0xDE, 0x09, 0x87, 0xD7, 0xAE, 0xA6, 0xCA, 0x7F, 0xED, 0x5A,
    0x2A, 0xF5, 0xB3, 0x2E, 0x52, 0xE9, 0x8F, 0xE7, 0x54, 0xAB, 0x8C, 0xFE, 0x28, 0x50, 0x59, 0xFD,
    0x51, 0x4F, 0x55, 0x15, 0x1F, 0x7B, 0xAA, 0xB6, 0xF8, 0xC4, 0x51, 0x8D, 0xC5, 0x4F, 0xA1, 0x0A,
    0xC5, 0x73, 0x31, 0x54, 0x31, 0x41, 0xE3, 0xC5, 0x03, 0xA5, 0x74, 0x0E, 0x68, 0xC5, 0xE4, 0x35,
    0x1B, 0x28, 0x99, 0xC0, 0x3C, 0x0E, 0xA0, 0x7F, 0xE6, 0xE5, 0x7C, 0xEA, 0x40, 0x1D, 0x59, 0xCC,
    0xAA, 0x04, 0xF4, 0x04, 0x94, 0x35, 0xB0, 0x2E, 0x81, 0x68, 0x1C, 0x2A, 0x88, 0x25, 0xBD, 0xCC,
    0xA9, 0x4E, 0x1C, 0x2A, 0x0A, 0x23, 0x1A, 0x23, 0xB9, 0x84, 0xE8, 0x2C, 0x2A, 0x0B, 0xEC, 0xA0,
    0x24, 0x82, 0xCD, 0x03, 0x58, 0xD5, 0x83, 0x11, 0xD7, 0x1B, 0xE3, 0xC0, 0x5C, 0x01, 0x66, 0xCD,
    0xB2, 0x47, 0x31, 0x0A, 0x0C, 0x02, 0x6F, 0x2A, 0x70, 0xC9, 0xE9, 0xBC, 0xB4, 0x0F, 0x02, 0x1D,
    0x40, 0x4A, 0x83, 0xD0, 0xDD, 0xFB, 0xDF, 0x35, 0xB0, 0xC4, 0x98, 0x96, 0xAF, 0x78, 0xEB, 0xAB,
    0xD2, 0x41, 0x93, 0x26, 0xB6, 0x33, 0xC1, 0x73, 0xD4, 0x01, 0xDD, 0x23, 0xD1, 0x00, 0x16, 0x2E,
    0x4F, 0xCA, 0xD3, 0x35, 0x45, 0x60, 0xEB, 0xD9, 0x3B, 0x74, 0x7F, 0x57, 0x4C, 0xD5, 0xE9, 0x98,
    0xE5, 0xD1, 0x91, 0x3C, 0x02, 0x3C, 0xF9, 0xDF, 0x2E, 0x6C, 0x07, 0x76, 0x99, 0x28, 0x19, 0x81,
    0x70, 0xF2, 0xFA, 0x5D, 0xA8, 0x07, 0xE5, 0x17, 0x0A, 0xC0, 0x1E, 0x24, 0x65, 0x4C, 0x0F, 0x16,
    0x44, 0x30, 0x2A, 0x60, 0x75, 0x56, 0x8E, 0x11, 0x76, 0xCD, 0xC0, 0xD2, 0x00, 0xA1, 0x7C, 0xC1,
    0xC3, 0x7D, 0xFA, 0x30, 0x8C, 0x57, 0x69, 0xE8, 0xB2, 0xE4, 0xFE, 0x07, 0xC5, 0xD9, 0x01, 0xA4,
    0x2D, 0xD9, 0x9E, 0x1E, 0xF0, 0x5F, 0xD5, 0xD2, 0xB7, 0x5E, 0x52, 0xDE, 0x5B, 0x11, 0x4F, 0xBC,
    0x99, 0x36, 0x5D, 0x83, 0xE0, 0x0D, 0x7D, 0x6F, 0x41, 0xD0, 0xE1, 0xEC, 0xBD, 0xAB, 0xE7, 0xA1,
    0x11, 0xBC, 0x07, 0x23, 0x08, 0x66, 0x30, 0x00, 0xDC, 0xC6, 0x15, 0x37, 0x9C, 0x73, 0x4F, 0xF1,
    0x00, 0x0F, 0xE9, 0x80, 0x00, 0xF2, 0xF0, 0x00, 0x48, 0x87, 0x0E, 0x37, 0xB2, 0x6F, 0x9F, 0xF5,
    0x26, 0x08, 0x60, 0xEA, 0xCD, 0x88, 0x80, 0xE8, 0x62, 0x1A, 0x08, 0xB2, 0x22, 0x95, 0xA8, 0x9B,
    0xDE, 0xE7, 0x54, 0xF6, 0x72, 0xAE, 0x4E, 0xEB, 0xDC, 0x4C, 0xE2, 0xB9, 0xED, 0x1E, 0xEB, 0xFB,
    0xAA, 0x6C, 0xAB, 0xBE, 0xEF, 0xAB, 0xBF, 0xB3, 0xF6, 0xAA, 0x7F, 0x6D, 0x8F, 0xB8, 0x56, 0xC6,
    0x0E, 0xE0, 0x4F, 0xF8, 0x94, 0x4C, 0x56, 0xCD, 0xEA, 0x49, 0x38, 0x8F, 0xA4, 0x49, 0xDA, 0x24,
    0x8E, 0xBA, 0x41, 0x3F, 0x38, 0x28, 0xE3, 0x0F, 0x50, 0x4D, 0xCA, 0x2C, 0xCD, 0x1D, 0x37, 0x9B,
    0xB0, 0xBC, 0x23, 0x26, 0xBA, 0x81, 0x3D, 0xAE, 0x70, 0x7C, 0x85, 0xD3, 0x37, 0xF0, 0x02, 0x87,
    0xE1, 0x63, 0xDD, 0x96, 0x35, 0xDB, 0x44, 0x56, 0xFC, 0x14, 0x39, 0xDA, 0xBB, 0x81, 0xEB, 0x6D,
    0xE6, 0xF6, 0x41, 0x52, 0x67, 0x84, 0x19, 0xCD, 0x54, 0x28, 0xA1, 0x2D, 0x14, 0xC7, 0x57, 0x14,
    0xB6, 0x6D, 0xD2, 0x6C, 0x5B, 0xA2, 0x87, 0x3D, 0xEC, 0xE0, 0x12, 0x4E, 0xA8, 0x32, 0xDA, 0x09,
    0x87, 0x6D, 0x5B, 0x0B, 0x2D, 0x7E, 0x5F, 0xED, 0xF2, 0xE6, 0x9F, 0x8E, 0x87, 0x6D, 0x13, 0x7F,
    0x73, 0xD4, 0x79, 0xE8, 0xA1, 0xE8, 0x42, 0x54, 0x8E, 0xEF, 0x79, 0x24, 0x8E, 0x47, 0xFD, 0xB6,
    0xB9, 0xBA, 0xF9, 0x62, 0xFC, 0x7D, 0x01, 0xEE, 0x2B, 0xD1, 0x24, 0x07, 0x61, 0x72, 0xA5, 0x9E,
    0xAD, 0xAA, 0x1C, 0x32, 0xB9, 0x49, 0x2C, 0x71, 0xE4, 0x79, 0x8F, 0xCB, 0x4B, 0x5C, 0x2C, 0x38,
    0x64, 0xE2, 0xB6, 0x8D, 0xBA, 0x6D, 0x1B, 0xE8, 0xA0, 0xC7, 0x61, 0xBB, 0x7B, 0x45, 0xAE, 0xE0,
    0x12, 0x8E, 0xB0, 0xE2, 0xE9, 0xFF, 0xFE, 0x83, 0x6F, 0x7D, 0xF2, 0x60, 0xFB, 0x44, 0xBF, 0x65,
    0xCF, 0x3E, 0xFC, 0xA5, 0x95, 0x82, 0xFB, 0xBA, 0x8E, 0xF4, 0x2B, 0x2F, 0x37, 0x61, 0xEA, 0xCE,
    0x41, 0xDB, 0xD4, 0x9E, 0xB9, 0x39, 0x73, 0x58, 0x7A, 0xD5, 0x76, 0xA4, 0xCF, 0xD4, 0x2B, 0x8E,
    0xB8, 0xC0, 0xA5, 0xBF, 0xFF, 0xA0, 0x94, 0x25, 0x7B, 0xF7, 0x6E, 0x70, 0xD1, 0x3A, 0x76, 0xC3,
    0xD3, 0x48, 0x75, 0xF3, 0x25, 0xFA, 0x12, 0xDD, 0xF6, 0xB3, 0x77, 0xB3, 0xB0, 0x70, 0xD2, 0x16,
    0x0F, 0x9D, 0xEB, 0xB5, 0x1D, 0xDE, 0xAF, 0xB6, 0x53, 0x48, 0x1F, 0x84, 0xF9, 0x87, 0xF5, 0xF4,
    0xA4, 0x4D, 0xCC, 0x1F, 0xC7, 0x81, 0xF9, 0xD3, 0x88, 0x7C, 0xCF, 0x1F, 0x17, 0xCE, 0x4F, 0xE2,
    0xC0, 0x7C, 0xD1, 0x26, 0xF5, 0xF4, 0x30, 0x2C, 0x3F, 0x0C, 0xA9, 0x3B, 0x5F, 0xDB, 0x8E, 0x6D,
    0x7A, 0xFC, 0x65, 0xFF, 0x4A, 0xD9, 0xF6, 0x49, 0x97, 0x95, 0x3A, 0x8D, 0xC5, 0x7D, 0xA5, 0x7E,
    0x99, 0xE2, 0x1F, 0xA7, 0xF7, 0x9B, 0xF1, 0x83, 0x66, 0x78, 0xD2, 0x0C, 0x67, 0xC1, 0x4F, 0x3B,
    0x4F, 0x9F, 0xE9, 0xFF, 0x13, 0xF8, 0x5B, 0x15, 0xC7, 0x38, 0xD4, 0xB9, 0xD7, 0x4E, 0x47, 0xFD,
    0x87, 0x8B, 0x17, 0xCD, 0xE4, 0x18, 0x93, 0x5D, 0x9B, 0xF4, 0x61, 0x12, 0xFF, 0x30, 0x6B, 0xD2,
    0x22, 0xA4, 0xA7, 0x00, 0xB6, 0x6D, 0xCB, 0x05, 0x54, 0xAF, 0x81, 0x4F, 0x70, 0xD8, 0xCA, 0xF8,
    0x7F, 0x94, 0x20, 0x6C, 0xF3, 0xB9, 0x04, 0xE1, 0xBE, 0x04, 0xD3, 0xD5, 0xB9, 0x04, 0x61, 0xDA,
    0x99, 0x3F, 0x0E, 0x85, 0x3F, 0x0D, 0xD3, 0x51, 0xFE, 0x34, 0x6C, 0x8B, 0xFC, 0x71, 0xD8, 0x26,
    0xF9, 0x49, 0xF8, 0x8B, 0x6C, 0xBE, 0x08, 0xD3, 0x5A, 0x4A, 0x30, 0xED, 0x42, 0xEA, 0xC2, 0xD4,
    0xB7, 0x63, 0xFB, 0xEB, 0xE1, 0x9D, 0xFF, 0x7B, 0x09, 0xDC, 0x07, 0x48, 0x87, 0xF2, 0x11, 0xCD,
    0x9D, 0x6E, 0x4B, 0xBB, 0x30, 0x3F, 0x95, 0xEF, 0xC7, 0xBE, 0x99, 0xBA, 0x6D, 0xAC, 0x6F, 0x89,
    0xFE, 0x4F, 0x74, 0xDF, 0xB8, 0xDD, 0xC8, 0x6B, 0xF0, 0xAD, 0x92, 0xA8, 0xB7, 0xA1, 0xF9, 0xE7,
    0x49, 0x3D, 0x97, 0x11, 0x26, 0x6D, 0xD2, 0x0D, 0x9E, 0xA9, 0x57, 0xED, 0xA4, 0x1F, 0x7C, 0xFE,
    0x47, 0xB6, 0x6D, 0xC0, 0x83, 0x6D, 0x68, 0xFF, 0x61, 0x52, 0x4F, 0xAA, 0xB9, 0x70, 0x3B, 0x86,
    0x5B, 0xFE, 0x98, 0x66, 0x2C, 0xA3, 0x1D, 0xFE, 0xF5, 0x63, 0x8F, 0x17, 0xD5, 0xAF, 0x42, 0x8E,
    0xA9, 0xF7, 0x94, 0xBD, 0x26, 0xD9, 0x15, 0xC9, 0x4B, 0x71, 0x74, 0x14, 0x07, 0xA7, 0x22, 0xBF,
    0xEA, 0x58, 0xF4, 0xAA, 0x6C, 0xAF, 0xCE, 0x76, 0xC2, 0xEC, 0x58, 0xE8, 0xA4, 0x99, 0xEA, 0x42,
    0xED, 0xAA, 0x5D, 0xAE, 0x16, 0x71, 0x5B, 0xB2, 0xF8, 0x78, 0xCC, 0x3A, 0xE8, 0x79, 0xFD, 0xDA,
    0x3F, 0x82, 0x9B, 0xED, 0xD4, 0x6C, 0xDB, 0x29, 0x6E, 0xEB, 0xFB, 0xFD, 0x19, 0x87, 0xBF, 0x06,
    0xDD, 0x19, 0x65, 0x5E, 0x7D, 0x86, 0x77, 0x9E, 0xBE, 0xCF, 0x07, 0xFF, 0x9F, 0xF8, 0xBB, 0x3F,
    0x7A, 0xE4, 0xDA, 0x8D, 0x2B, 0x21, 0xB5, 0xE3, 0x83, 0x59, 0xAE, 0xF3, 0xF5, 0x74, 0x3D, 0xF8,
    0x93, 0x90, 0xFB, 0xFC, 0x4F, 0xE6, 0xBF, 0x3D, 0x85, 0x14, 0x52, 0x59, 0x86, 0xED, 0x10, 0x45,
    0xEF, 0xA9, 0x6F, 0xC5, 0x7F, 0x34, 0xBC, 0x1F, 0xC6, 0x0F, 0x42, 0x7A, 0x52, 0xC6, 0xF8, 0xA4,
    0x75, 0xF1, 0x9E, 0x6E, 0x85, 0xDA, 0xCF, 0xB4, 0x63, 0x16, 0xD2, 0x73, 0x61, 0xBE, 0x54, 0xE5,
    0x3D, 0x6B, 0xC7, 0x29, 0x8E, 0x21, 0x1F, 0xB4, 0xE9, 0xA8, 0x2B, 0x55, 0x6A, 0x93, 0x27, 0x11,
    0x70, 0xA5, 0xCA, 0xF5, 0x49, 0x48, 0x5D, 0xA9, 0xEB, 0xF7, 0x9E, 0x7A, 0xC4, 0x67, 0x2E, 0xC9,
    0x32, 0x39, 0x4C, 0xAA, 0xDC, 0x8E, 0xEA, 0xB9, 0x93, 0xEB, 0x69, 0x17, 0xF2, 0x59, 0x3D, 0xCE,
    0xE1, 0xD7, 0xF9, 0xD1, 0x5C, 0xFF, 0x24, 0xFD, 0xE3, 0x49, 0xFC, 0xF0, 0xAF, 0x92, 0x47, 0xE1,
    0xE7, 0xC9, 0x65, 0x6C, 0x46, 0xB9, 0xDF, 0x72, 0x98, 0x0E, 0x5B, 0xB9, 0x28, 0xEA, 0x88, 0x2E,
    0x78, 0xEF, 0xDE, 0x48, 0x71, 0x4A, 0x62, 0xB1, 0xF2, 0xFD, 0xE2, 0xF5, 0xCA, 0x4C, 0xB6, 0x14,
    0xAE, 0x67, 0xAA, 0xDC, 0x24, 0xAA, 0x39, 0xD6, 0xBF, 0x72, 0x76, 0xEC, 0xEF, 0x9C, 0x2D, 0x7F,
    0xDC, 0x39, 0x7B, 0x8A, 0xCE, 0xA6, 0x22, 0x71, 0xF0, 0x48, 0x19, 0x4F, 0xB9, 0x54, 0xCD, 0x64,
    0xED, 0x28, 0x4C, 0x1E, 0x2A, 0x27, 0x0B, 0x9D, 0xB0, 0x9D, 0xEC, 0x0A, 0x03, 0xAA, 0x6D, 0xD4,
    0x8C, 0xCD, 0x36, 0x15, 0x9D, 0x3F, 0x9C, 0xED, 0x8B, 0x99, 0xCB, 0x62, 0x26, 0xD3, 0xA4, 0x30,
    0xA9, 0xEF, 0x14, 0x9D, 0x3B, 0x9D, 0x22, 0xB4, 0xA3, 0xD8, 0xD7, 0xA3, 0xE6, 0xD7, 0x39, 0xA6,
    0x3F, 0xED, 0x7E, 0x9E, 0x0E, 0xE3, 0xF5, 0x16, 0x87, 0x7F, 0x3B, 0x74, 0xEB, 0xA3, 0xFA, 0xCF,
    0x71, 0xD9, 0xFC, 0x14, 0xCB, 0xF7, 0xDF, 0xA3, 0x9E, 0x3F, 0x78, 0x54, 0x74, 0xB6, 0x2D, 0x89,
    0x0A, 0xEF, 0xB8, 0xE0, 0x39, 0x4F, 0x8B, 0x95, 0x27, 0xB8, 0xE4, 0x56, 0x75, 0x62, 0x05, 0xF8,
    0xA5, 0x6A, 0x16, 0x26, 0x31, 0x39, 0xA8, 0x6E, 0x35, 0x59, 0x57, 0x4E, 0x5D, 0x71, 0x2C, 0xC3,
    0x0B, 0x0E, 0x1F, 0x2E, 0xFD, 0xB6, 0x3E, 0xD8, 0x46, 0x1E, 0x8C, 0x68, 0x26, 0xD4, 0x19, 0x16,
    0xB8, 0x00, 0x00, 0xF5, 0x82, 0xB0, 0xA2, 0x2D, 0x14, 0x8F, 0xD8, 0x5F, 0xE2, 0xB2, 0xD0, 0x7A,
    0x41, 0x95, 0x77, 0x84, 0x79, 0x47, 0x93, 0xF6, 0xC4, 0x71, 0x4F, 0xAF, 0xE7, 0xB0, 0x6D, 0xDC,
    0x14, 0x7A, 0xF9, 0x47, 0x8F, 0x8B, 0x43, 0x37, 0x94, 0x6C, 0x43, 0x4C, 0xE2, 0xD8, 0x0D, 0x67,
    0x3A, 0x10, 0xD3, 0x15, 0x6D, 0x42, 0xF5, 0x09, 0xDA, 0x09, 0xDD, 0x80, 0x1D, 0xE4, 0xB7, 0x94,
    0xE5, 0xC7, 0x70, 0x87, 0xF0, 0x5F, 0x06, 0xE2, 0x47, 0x89, 0x8B, 0x6A, 0x7E, 0x2B, 0x59, 0x1E,
    0x8C, 0x3F, 0xA6, 0x5F, 0x9F, 0xB2, 0xBB, 0xC9, 0x7C, 0xDC, 0x4E, 0x6F, 0x25, 0x46, 0x5B, 0x4D,
    0xC4, 0x9F, 0xCC, 0xC4, 0x3A, 0x81, 0xB7, 0x12, 0xA3, 0xBA, 0x45, 0xF8, 0xC5, 0x40, 0x1B, 0xC6,
    0x57, 0xD4, 0x7C, 0x34, 0x50, 0xDF, 0xBD, 0x9D, 0x40, 0xFA, 0x6D, 0x3B, 0xE1, 0xFA, 0xFE, 0xB0,
    0xAE, 0x50, 0xE7, 0x05, 0xC2, 0x6F, 0x16, 0x88, 0x7F, 0x96, 0xA1, 0x0B, 0x19, 0xF6, 0x61, 0x86,
    0x63, 0x98, 0x50, 0x2D, 0xCD, 0xB6, 0x8D, 0xC2, 0xDC, 0x96, 0x43, 0x9B, 0x62, 0x42, 0x57, 0xCE,
    0x95, 0x1C, 0x03, 0x8E, 0x7A, 0x58, 0xF5, 0x08, 0xD9, 0x01, 0xCD, 0x64, 0x8F, 0x98, 0x5C, 0xA1,
    0x2F, 0xEE, 0x27, 0xCF, 0x94, 0xDD, 0x86, 0xEA, 0xE6, 0xA5, 0xA2, 0xC1, 0xF5, 0x27, 0xEF, 0xA9,
    0x4E, 0x68, 0x32, 0xEE, 0xB5, 0x07, 0x1C, 0x60, 0x0F, 0x57, 0x70, 0x84, 0xD3, 0x6B, 0xE8, 0x88,
    0x22, 0xCB, 0x61, 0x40, 0xF7, 0xE5, 0xDF, 0x19, 0x95, 0xBC, 0x5C, 0xFF, 0x4F, 0xFC, 0x00, 0x1E,
    0x41, 0x9B, 0x10, 0xD2, 0xAB, 0xB3, 0x6A, 0x1B, 0xA8, 0x6E, 0xBD, 0x5A, 0xD3, 0x55, 0xC6, 0x8A,
    0x0B, 0x44, 0x80, 0xFB, 0xB0, 0x05, 0x2B, 0x16, 0xAA, 0x4C, 0x9D, 0x09, 0x05, 0x33, 0x61, 0xA2,
    0x98, 0xB5, 0xDB, 0x56, 0x4A, 0x2F, 0x8E, 0xC4, 0x81, 0x0E, 0x3D, 0x0E, 0xD8, 0xE3, 0x0A, 0xD7,
    0xAF, 0xA4, 0xF0, 0x2B, 0xEA, 0x85, 0x76, 0xA2, 0xC3, 0xC5, 0x77, 0xEC, 0xF7, 0xBB, 0xB8, 0x1E,
    0x54, 0x5F, 0x25, 0xCD, 0x5F, 0xCC, 0x3A, 0x9F, 0x7D, 0xA7, 0x7E, 0x21, 0x7D, 0x7A, 0xFF, 0x3C,
    0x39, 0x66, 0xF8, 0x4E, 0xBD, 0xFE, 0xE6, 0x40, 0x4C, 0x84, 0xE9, 0x5E, 0xD0, 0x13, 0x80, 0x32,
    0x89, 0xFE, 0x96, 0x26, 0xD1, 0x26, 0x5E, 0x27, 0xBA, 0x7F, 0x85, 0x1D, 0x2E, 0x71, 0xE4, 0xEB,
    0x7C, 0x0B, 0x75, 0xBE, 0x47, 0x7F, 0x77, 0x2F, 0xC7, 0x83, 0x4F, 0xEE, 0x85, 0x0E, 0x38, 0x52,
    0xCD, 0xDF, 0xB1, 0xDF, 0x9F, 0x52, 0x9F, 0x68, 0x8B, 0x76, 0x1C, 0x3C, 0x0F, 0xE9, 0x3B, 0xF5,
    0xFB, 0x41, 0x48, 0xFA, 0x26, 0xF9, 0xBD, 0x30, 0xC2, 0x77, 0xEA, 0xD5, 0x6F, 0x73, 0xA1, 0x3B,
    0xF6, 0xD5, 0x4D, 0xB2, 0x13, 0x27, 0x97, 0x42, 0x76, 0x54, 0x67, 0x27, 0xD5, 0x62, 0x65, 0xB5,
    0xB0, 0x56, 0x85, 0xFA, 0xED, 0x7C, 0x3C, 0x6C, 0x4B, 0xBD, 0x84, 0x59, 0xC8, 0x61, 0x12, 0xE6,
    0x26, 0x69, 0xA7, 0x36, 0xE9, 0x52, 0x4C, 0xAE, 0xC5, 0xB1, 0xBE, 0xD5, 0x0D, 0x8F, 0x97, 0xFB,
    0x2F, 0xA8, 0x7E, 0xFB, 0x12, 0x7E, 0x77, 0xF8, 0x98, 0xEB, 0x25, 0xF3, 0x3F, 0xB6, 0x89, 0xA9,
    0x1F, 0x00, 0xF0, 0x39, 0x7B, 0x37, 0xEC, 0x6C, 0x83, 0x0B, 0xDB, 0xE8, 0xB2, 0xAC, 0x94, 0x63,
    0xFD, 0xDF, 0x26, 0x6B, 0xF8, 0xAB, 0xD9, 0x12, 0x7E, 0x93, 0xAB, 0x1C, 0xD2, 0x52, 0xE7, 0x26,
    0x1D, 0xEB, 0xDC, 0xA6, 0xCB, 0x30, 0xC7, 0x71, 0x1F, 0xA6, 0x38, 0xF4, 0x4D, 0xEA, 0xC4, 0x7F,
    0x50, 0xE8, 0x17, 0x63, 0xAF, 0xF9, 0xF3, 0x71, 0x2F, 0x7C, 0x31, 0xEC, 0xD4, 0x9B, 0x4B, 0xD5,
    0xE6, 0xC8, 0x9D, 0xE7, 0xBC, 0xC0, 0x1E, 0x7A, 0x88, 0x03, 0x42, 0x82, 0x11, 0x00, 0xAA, 0xFB,
    0x92, 0xDC, 0xB2, 0x0D, 0x37, 0x43, 0xBD, 0x8A, 0xA9, 0x9D, 0x35, 0x73, 0x4C, 0x42, 0xEE, 0x87,
    0x33, 0x1D, 0xA8, 0xF3, 0xB3, 0x42, 0x2F, 0x0A, 0x1D, 0x09, 0xF9, 0xF4, 0x8A, 0x9A, 0xF9, 0x44,
    0x3B, 0x9D, 0x88, 0xE9, 0x48, 0x3F, 0x3E, 0xE3, 0xDA, 0x61, 0xA8, 0x4E, 0xE2, 0x97, 0xDD, 0xF2,
    0xEA, 0x1D, 0xC0, 0xE3, 0x97, 0xE0, 0x00, 0x2F, 0x50, 0x2D, 0x68, 0x12, 0xDE, 0xF1, 0x76, 0xB2,
    0x34, 0x33, 0xBA, 0x05, 0x57, 0x97, 0x54, 0xF9, 0x11, 0xD5, 0xF0, 0xCE, 0xDB, 0xC9, 0xF2, 0x07,
    0x55, 0x62, 0xFB, 0xCB, 0x24, 0xFC, 0xC7, 0x6D, 0x10, 0xC6, 0x17, 0x6F, 0x27, 0xC6, 0xD3, 0x88,
    0x53, 0x87, 0xCF, 0xDE, 0x03, 0x6F, 0x23, 0xC6, 0x0F, 0x55, 0xC3, 0x95, 0x26, 0xF5, 0x43, 0x37,
    0xB6, 0xD3, 0x33, 0xF5, 0x7F, 0x5F, 0xB9, 0x99, 0x39, 0x8C, 0x5C, 0x4F, 0xAA, 0xAF, 0x16, 0xCD,
    0x7C, 0xD4, 0x8D, 0xBD, 0x67, 0xDA, 0xF4, 0x63, 0xF5, 0x00, 0xF0, 0x3D, 0xAE, 0xD7, 0xBD, 0x76,
    0xDB, 0x4E, 0xFA, 0xA9, 0xCF, 0x3E, 0xD7, 0xE6, 0x6A, 0xD5, 0xAD, 0x21, 0xDB, 0x9F, 0xDA, 0xC9,
    0xE9, 0x18, 0xD3, 0x39, 0x5A, 0x37, 0x34, 0xD3, 0xB1, 0xD7, 0x0D, 0x67, 0xDA, 0x3B, 0x1D, 0x9C,
    0xCE, 0x54, 0x9F, 0xA7, 0x1E, 0xDA, 0xA9, 0x5E, 0x0E, 0xDD, 0x10, 0x72, 0x7F, 0x16, 0x9F, 0xBB,
    0x93, 0x2E, 0xC5, 0xEC, 0x5A, 0xFB, 0xF2, 0xC1, 0xAD, 0x6E, 0xDB, 0xB2, 0x7D, 0x79, 0x1B, 0xF3,
    0x23, 0xE0, 0x04, 0x57, 0xD0, 0x43, 0x3B, 0xA0, 0x2A, 0x04, 0x10, 0xB2, 0x3A, 0x87, 0x59, 0x98,
    0x5F, 0x7D, 0x71, 0x68, 0xA6, 0xF6, 0x4C, 0x29, 0x26, 0x6D, 0x8A, 0xE3, 0xAB, 0x07, 0xA7, 0xA1,
    0xA3, 0x1B, 0x7A, 0x4A, 0x1C, 0x07, 0x3B, 0xF6, 0x2E, 0xD9, 0x39, 0x72, 0x59, 0xE8, 0x58, 0x68,
    0x75, 0x54, 0x67, 0xCF, 0x34, 0xB3, 0xC3, 0x7F, 0xB8, 0x4E, 0xE2, 0xB6, 0x51, 0x6D, 0x5F, 0x82,
    0xCF, 0x51, 0xAD, 0x08, 0x33, 0xE2, 0x80, 0xBF, 0xE1, 0xED, 0x64, 0x89, 0x09, 0x87, 0x19, 0xEB,
    0x42, 0x98, 0x2E, 0x79, 0xE0, 0x47, 0x6F, 0x27, 0x4B, 0x7E, 0x48, 0x95, 0x77, 0xC8, 0x17, 0xF0,
    0x96, 0x4A, 0xF2, 0x60, 0xA4, 0x1B, 0xD9, 0x63, 0xA5, 0x9E, 0x00, 0xEC, 0x38, 0xEE, 0x55, 0x6B,
    0x2F, 0xE4, 0xAE, 0xD8, 0x0E, 0xDD, 0x10, 0xC7, 0xFB, 0x97, 0x09, 0xCD, 0xAF, 0x17, 0xE1, 0x2F,
    0xB3, 0xF0, 0x9F, 0x93, 0x7A, 0x1B, 0x54, 0x1B, 0x4E, 0xF8, 0xF6, 0xF3, 0xCC, 0x7C, 0x8F, 0x66,
    0xA2, 0x4D, 0x38, 0xBE, 0xC2, 0x8A, 0x97, 0xE5, 0xBA, 0x6D, 0xA8, 0xB7, 0x6D, 0x0E, 0xB9, 0x59,
    0xC2, 0x5C, 0xAD, 0x61, 0x72, 0x6A, 0x92, 0x53, 0x9B, 0xAC, 0x71, 0xAC, 0x96, 0x38, 0x86, 0x1C,
    0x87, 0xC7, 0x53, 0xB7, 0x6D, 0x43, 0xD9, 0xBF, 0xF6, 0xD8, 0xE1, 0xEA, 0x1B, 0xDB, 0x2A, 0x40,
    0xB5, 0x2D, 0x68, 0xB7, 0x5B, 0x74, 0xE3, 0x35, 0xF6, 0x7A, 0x5C, 0x2A, 0x7C, 0xB4, 0xC7, 0x5A,
    0x9D, 0xB0, 0xB4, 0x33, 0xD5, 0x72, 0x18, 0xA9, 0xF3, 0x95, 0xC2, 0x47, 0x84, 0xF9, 0x45, 0xE1,
    0xE9, 0x30, 0x28, 0xA5, 0x9E, 0x69, 0x53, 0x58, 0x88, 0xC9, 0x89, 0x38, 0x3A, 0x12, 0x87, 0xC2,
    0x1D, 0x27, 0xFA, 0x87, 0xCD, 0xC2, 0xBE, 0xDF, 0x66, 0xF6, 0xED, 0xDD, 0xC0, 0x15, 0x38, 0x82,
    0x13, 0x58, 0x21, 0x64, 0xB8, 0x99, 0x14, 0x1E, 0x50, 0x94, 0x8B, 0x1F, 0x55, 0xC6, 0x67, 0xB8,
    0x00, 0xA0, 0xCB, 0x17, 0xB6, 0xDB, 0xA7, 0xE1, 0x65, 0xB7, 0xB6, 0x73, 0x53, 0x6A, 0x90, 0x7B,
    0x21, 0x1F, 0x84, 0x79, 0x27, 0x4C, 0x97, 0x9A, 0xE9, 0x28, 0xA6, 0xA3, 0xEE, 0x8C, 0xC3, 0x78,
    0x75, 0xD6, 0x3C, 0x7C, 0xF4, 0x85, 0x7E, 0xFB, 0xA9, 0x66, 0xED, 0xD0, 0x64, 0x62, 0x62, 0x8F,
    0xE7, 0xF8, 0xD9, 0x1B, 0xD2, 0x7D, 0x41, 0xB5, 0xD1, 0x7C, 0x31, 0xE8, 0x3E, 0x4A, 0xA5, 0xC1,
    0x7E, 0x53, 0x99, 0x4B, 0xD3, 0x5C, 0x7A, 0xE6, 0xD2, 0x32, 0x97, 0x8E, 0xF9, 0x8D, 0xE9, 0xC6,
    0x7A, 0xD2, 0xFD, 0x64, 0xF6, 0x83, 0x3A, 0xBD, 0x31, 0xCD, 0xEA, 0xF6, 0xBE, 0xA3, 0x6D, 0xC3,
    0xA8, 0xA0, 0xB4, 0xB3, 0xF5, 0x9D, 0x37, 0xA6, 0xDF, 0xCD, 0xFF, 0xEA, 0x66, 0xB0, 0xAD, 0x5F,
    0x6D, 0x73, 0x58, 0x1F, 0x6D, 0x3F, 0xC9, 0xED, 0x14, 0x4F, 0x65, 0x2D, 0xB4, 0xB9, 0xCA, 0xBD,
    0x66, 0x0E, 0x79, 0xAF, 0x4D, 0x8F, 0xD3, 0x4E, 0xBB, 0x6D, 0x2E, 0xC5, 0xED, 0x97, 0x8E, 0xBA,
    0x91, 0xA2, 0x57, 0xF8, 0x7A, 0xE4, 0xAA, 0xDA, 0x12, 0x87, 0xF6, 0x5F, 0x2E, 0xEF, 0x0E, 0xFD,
    0xDD, 0xC3, 0x6D, 0x1B, 0xDA, 0xE5, 0xA2, 0x7F, 0xC9, 0xBB, 0x77, 0x6C, 0x9B, 0xF0, 0xF2, 0x81,
    0x76, 0xA2, 0x1B, 0xE9, 0xB1, 0xFF, 0xD6, 0xBA, 0x2A, 0xB8, 0xC4, 0x33, 0x1C, 0x3E, 0xF9, 0x58,
    0xDC, 0xB2, 0x6A, 0xFB, 0x84, 0x4C, 0x95, 0x71, 0xC4, 0x05, 0x8E, 0x74, 0x2B, 0x71, 0x42, 0x37,
    0x10, 0x13, 0x4D, 0xA2, 0x9E, 0xF1, 0x29, 0xC0, 0xFD, 0xA4, 0xE2, 0xBB, 0xF6, 0x63, 0x3B, 0xC5,
    0x31, 0x0E, 0x71, 0xEC, 0xF5, 0xF6, 0x0F, 0xEE, 0x5C, 0x6F, 0x8B, 0xEB, 0xBB, 0xE1, 0x9B, 0xBE,
    0xF6, 0x8A, 0x6F, 0xB9, 0xBB, 0x93, 0xBA, 0xF8, 0x16, 0x61, 0xFD, 0xC0, 0x15, 0x16, 0xC2, 0xF4,
    0xE6, 0xB4, 0xAB, 0x95, 0xE6, 0x44, 0xFC, 0x9C, 0x5D, 0x64, 0x69, 0xC6, 0x37, 0xA6, 0xFD, 0xB0,
    0x19, 0xED, 0x63, 0xF2, 0x7E, 0x33, 0xBC, 0x29, 0xCD, 0x30, 0x57, 0xD9, 0x73, 0x0F, 0xC1, 0x6A,
    0xA9, 0x72, 0x9D, 0x43, 0x2E, 0xDB, 0x45, 0x93, 0xCA, 0x06, 0x51, 0xF6, 0x87, 0xAE, 0xE8, 0xD9,
    0x51, 0xFD, 0x52, 0xC8, 0x62, 0xF2, 0x88, 0xE7, 0x00, 0x2B, 0x8B, 0x2A, 0xAB, 0xB3, 0x90, 0x85,
    0x59, 0x98, 0xBE, 0xFE, 0xE9, 0xAE, 0x8C, 0x6E, 0xD0, 0xD1, 0xB3, 0x67, 0x87, 0xDF, 0xE1, 0x46,
    0xBD, 0x8D, 0xED, 0xBF, 0x9B, 0x1E, 0xC9, 0xBF, 0x9D, 0x48, 0x33, 0xE6, 0xF8, 0x67, 0xB9, 0xF9,
    0x70, 0xFE, 0x2D, 0x33, 0x54, 0x03, 0x61, 0x3E, 0x0A, 0x5F, 0x2D, 0x6C, 0x83, 0x70, 0x46, 0xFF,
    0x8B, 0xE4, 0xFB, 0x61, 0xE2, 0xFE, 0x05, 0x72, 0xE9, 0x6C, 0xEA, 0xED, 0x36, 0xC7, 0xB9, 0xCB,
    0xDD, 0xD0, 0xE4, 0x83, 0x90, 0xAF, 0xCE, 0x38, 0xDE, 0x5F, 0x38, 0x1D, 0x35, 0xE9, 0x28, 0x8E,
    0x57, 0x7A, 0x87, 0x0F, 0x6F, 0x75, 0xDB, 0x52, 0xEE, 0x8A, 0xEA, 0x57, 0x0D, 0xCD, 0xF6, 0x53,
    0xE2, 0xE3, 0x5B, 0xBE, 0x5F, 0x2F, 0x00, 0xB0, 0xF4, 0x93, 0xEA, 0xBF, 0x6E, 0xAB, 0xEA, 0xAB,
    0xDF, 0x9C, 0xD4, 0x77, 0xAE, 0x84, 0x53, 0xA1, 0xEC, 0xA8, 0x99, 0x9D, 0xB4, 0x53, 0xA1, 0x64,
    0x15, 0x53, 0xB5, 0x88, 0xE3, 0xFD, 0x7B, 0xA8, 0xAC, 0x17, 0x66, 0x07, 0x4D, 0xA1, 0x66, 0x52,
    0x56, 0xEE, 0x6B, 0x5A, 0xF5, 0xCF, 0xBE, 0xFD, 0xAF, 0x3C, 0x84, 0xB5, 0x4B, 0x71, 0x0A, 0x73,
    0x11, 0x39, 0xA8, 0xF3, 0xFE, 0x8C, 0xAB, 0x33, 0x2E, 0xBF, 0xBE, 0x9B, 0x26, 0x5D, 0x8A, 0x69,
    0xAF, 0x1F, 0xFA, 0x7F, 0x76, 0x27, 0x96, 0x74, 0xDB, 0x88, 0x07, 0xE3, 0xD7, 0x6D, 0xB9, 0xE7,
    0xD4, 0xF3, 0x9B, 0xD3, 0xFE, 0xBA, 0x05, 0xBF, 0xA3, 0x8F, 0x83, 0xCF, 0x42, 0x7A, 0x43, 0xDA,
    0xA5, 0x26, 0x7F, 0xCF, 0x61, 0xC9, 0xFE, 0xCD, 0x36, 0x9B, 0xBB, 0xF1, 0x8D, 0xE9, 0xBE, 0x17,
    0x92, 0x43, 0x9B, 0xFC, 0x5E, 0xF3, 0xE6, 0x34, 0x3B, 0xF4, 0xC3, 0x3D, 0x3A, 0xAF, 0xF9, 0xA5,
    0x10, 0xBC, 0x6E, 0xDE, 0xF7, 0x34, 0x77, 0x3B, 0x87, 0x6D, 0x75, 0xD7, 0x2C, 0x21, 0x37, 0x6B,
    0x33, 0xC5, 0xD3, 0xD9, 0xE1, 0x18, 0x87, 0xE7, 0xC7, 0xAE, 0xF4, 0x00, 0x4D, 0x7A, 0xDE, 0xC7,
    0x61, 0xE9, 0x77, 0x55, 0xEE, 0xD6, 0x30, 0xC7, 0xDC, 0xA6, 0x76, 0xBE, 0x1E, 0xBA, 0xED, 0xD6,
    0xEE, 0x7A, 0xF6, 0x3D, 0x68, 0xA6, 0x6F, 0x3C, 0x3E, 0x3C, 0xC7, 0x05, 0x80, 0x30, 0x39, 0x36,
    0xC9, 0xDA, 0x9E, 0x11, 0x93, 0x25, 0x8E, 0x55, 0x8E, 0x43, 0x9D, 0x3B, 0x61, 0xEE, 0x85, 0xE9,
    0xA0, 0x99, 0xF6, 0x62, 0xDA, 0x9D, 0x71, 0xF9, 0xAD, 0xED, 0xA7, 0x5D, 0x3B, 0x84, 0x4C, 0x4C,
    0xF4, 0x45, 0xFB, 0x0D, 0xEA, 0x7E, 0x4E, 0xBD, 0xD1, 0xFE, 0xFB, 0x64, 0x5F, 0xCF, 0x6F, 0x4C,
    0xB7, 0xFD, 0x70, 0x16, 0x7F, 0x9E, 0xB5, 0xD5, 0xF4, 0xC6, 0x34, 0xF9, 0x9D, 0x6F, 0xBE, 0x12,
    0x28, 0x82, 0x44, 0x00, 0x70, 0x14, 0xB2, 0x4B, 0x6D, 0xB2, 0x13, 0x47, 0x3B, 0x3D, 0x7B, 0xFB,
    0x42, 0x47, 0x7A, 0x2B, 0x5D, 0x9D, 0xE9, 0xC2, 0x44, 0x6C, 0x13, 0x31, 0x0E, 0xC4, 0xC7, 0x88,
    0x57, 0x68, 0x4F, 0x68, 0x96, 0x42, 0x73, 0xA1, 0x44, 0x11, 0xA2, 0x87, 0x67, 0xA8, 0x4E, 0xB8,
    0xC9, 0x85, 0x46, 0x28, 0x22, 0xE2, 0xD7, 0xF3, 0x8A, 0x9C, 0x0E, 0x7A, 0xD8, 0xB7, 0x0B, 0xBB,
    0xEB, 0x5B, 0xAE, 0x96, 0xEB, 0x72, 0x49, 0x37, 0xF8, 0x5C, 0x1C, 0x9C, 0x0A, 0xAD, 0x67, 0xAA,
    0xB2, 0x6E, 0xA8, 0xB3, 0x5E, 0xC8, 0x0E, 0xC2, 0xEC, 0x99, 0x90, 0x9D, 0x34, 0xB9, 0x5E, 0xB5,
    0xB7, 0xEF, 0x66, 0xF1, 0x5F, 0x6C, 0x49, 0xFC, 0xE8, 0x96, 0x0E, 0xBA, 0xBF, 0xFE, 0xC7, 0xD2,
    0xFB, 0x26, 0x66, 0xD9, 0x63, 0x7E, 0xFF, 0xED, 0x16, 0xE7, 0x7F, 0x01, 0xC5, 0xDB, 0x01, 0xA4,
    0x2D, 0x6B, 0x9A, 0xDE, 0xF1, 0x5F, 0x55, 0x4D, 0x9F, 0x9A, 0xDB, 0x65, 0x52, 0x8D, 0x91, 0x64,
    0x72, 0x73, 0x6F, 0x41, 0x43, 0x98, 0xBB, 0x0B, 0x1A, 0x8D, 0xBD, 0x56, 0x55, 0x67, 0xD0, 0x08,
    0xD2, 0x48, 0x83, 0xA0, 0x03, 0x18, 0x90, 0x1B, 0x74, 0xB8, 0xC3, 0xDA, 0x67, 0xD5, 0xD5, 0x08,
    0x1A, 0xB9, 0x41, 0x00, 0x4C, 0x10, 0x04, 0x70, 0x71, 0x71, 0x86, 0x75, 0xEF, 0xAE, 0x24, 0x80,
    0x41, 0xAA, 0x27, 0xC6, 0x20, 0xE8, 0x1A, 0x7D, 0x81, 0xC1, 0x54, 0xA7, 0xAB, 0xD3, 0x75, 0x73,
    0xD7, 0xD9, 0x95, 0xFD, 0xEA, 0xD5, 0xE7, 0xEC, 0x95, 0xB3, 0x1D, 0x9D, 0xCE, 0x3E, 0xBD, 0x4B,
    0xBD, 0x6F, 0x39, 0xFB, 0xEC, 0xF5, 0x7E, 0xCF, 0xFF, 0xFD, 0xBE, 0xF5, 0x7D, 0xF5, 0xD6, 0x57,
    0x1B, 0x50, 0xAD, 0x23, 0xF5, 0x3A, 0xB8, 0x73, 0xA4, 0x33, 0xB2, 0x05, 0x45, 0xB8, 0xF2, 0x80,
    0xED, 0x0E, 0xBB, 0x70, 0xCB, 0x25, 0xC9, 0xB4, 0x21, 0x1B, 0x37, 0xE4, 0xFD, 0x96, 0xB2, 0xDB,
    0x52, 0xAB, 0x69, 0xD6, 0x95, 0xEB, 0x70, 0x5F, 0x7C, 0xF7, 0x7D, 0xE9, 0xA4, 0x6A, 0xB3, 0x41,
    0xD9, 0x96, 0xBD, 0xB2, 0xAB, 0xDA, 0x5B, 0xD7, 0x50, 0xF6, 0x57, 0x14, 0xFD, 0xA9, 0xFD, 0xE1,
    0xAC, 0xF9, 0x6A, 0xBA, 0xB4, 0x3E, 0xFF, 0x20, 0xFB, 0xA2, 0x5A, 0x8A, 0x31, 0x9F, 0xCB, 0x2E,
    0x9B, 0x6A, 0xD9, 0xD4, 0x44, 0x6B, 0xB2, 0x61, 0x27, 0x1F, 0x0E, 0xCA, 0xFE, 0xA0, 0xBA, 0xB5,
    0xA6, 0xBB, 0x72, 0xDD, 0x36, 0xDF, 0xFE, 0xB1, 0x7A, 0xFD, 0xA7, 0xF2, 0xA5, 0xC2, 0x3B, 0x3E,
    0xA6, 0xFC, 0xC7, 0x23, 0xE5, 0xDA, 0x93, 0xDE, 0x78, 0x0C, 0xB4, 0x77, 0x4C, 0x21, 0x22, 0x34,
    0x84, 0x84, 0x07, 0xC2, 0xFB, 0x2D, 0x02, 0xF0, 0x2E, 0x7C, 0x00, 0x13, 0x92, 0x11, 0x69, 0xB8,
    0xE4, 0x06, 0x3E, 0x7B, 0x28, 0xA0, 0x6F, 0x46, 0x6C, 0xB2, 0x9E, 0x3C, 0xEC, 0x48, 0x7A, 0x04,
    0xD8, 0xC3, 0x91, 0x50, 0x4B, 0xD1, 0xE1, 0x2D, 0x77, 0x8F, 0xE4, 0xFA, 0x0B, 0xAA, 0x60, 0xDA,
    0x7F, 0xF4, 0xAE, 0xE4, 0x88, 0x7C, 0x12, 0x18, 0xA8, 0x5A, 0x34, 0xB0, 0x85, 0x2B, 0x38, 0xC0,
    0xF1, 0x1E, 0x77, 0x80, 0xA7, 0xD0, 0xB4, 0xA8, 0x3E, 0xFF, 0xBB, 0x9D, 0x7C, 0x5D, 0x3B, 0xF6,
    0xFF, 0xDB, 0x29, 0x62, 0x83, 0x03, 0xC9, 0x14, 0x7A, 0x01, 0x78, 0xFB, 0x86, 0x75, 0x95, 0x7D,
    0xF1, 0x44, 0x31, 0x50, 0x75, 0xD4, 0xD8, 0xE2, 0x0A, 0x3B, 0x1C, 0x4E, 0xB6, 0xC3, 0x53, 0x34,
    0x1F, 0xFD, 0x2B, 0xE5, 0x3A, 0x49, 0xD6, 0x8F, 0x50, 0x0C, 0xA8, 0x27, 0x1C, 0x16, 0xD2, 0xF1,
    0x92, 0xB4, 0x7D, 0xEB, 0x51, 0x38, 0xD3, 0x99, 0xFC, 0x48, 0x75, 0xC5, 0x55, 0x25, 0x99, 0xF2,
    0xF6, 0xE1, 0x38, 0xF3, 0xFE, 0x24, 0x59, 0xDE, 0x81, 0x47, 0x40, 0x3C, 0x75, 0xDF, 0x44, 0x32,
    0x7A, 0x38, 0xB4, 0xB1, 0x68, 0x79, 0x76, 0x85, 0xED, 0x8C, 0x6A, 0xC0, 0x57, 0xDB, 0x47, 0xE1,
    0xFB, 0x20, 0x1D, 0x5C, 0x94, 0x9D, 0xF2, 0x29, 0xC5, 0x12, 0xAC, 0x0F, 0xC8, 0xF9, 0x9D, 0xA4,
    0x63, 0x57, 0xB6, 0x5C, 0x5C, 0xA1, 0x9C, 0x89, 0x48, 0x77, 0x8E, 0xEB, 0xB5, 0x0B, 0xB7, 0xB0,
    0x3C, 0x59, 0x99, 0x35, 0x6D, 0x32, 0x29, 0xFB, 0x74, 0x52, 0xF4, 0xD9, 0x24, 0x1F, 0xB2, 0x51,
    0x36, 0x66, 0xC3, 0xAD, 0xCB, 0xFB, 0x5B, 0x57, 0xF4, 0xF2, 0xA1, 0xEC, 0x15, 0x43, 0x88, 0xEE,
    0xCB, 0x36, 0xA6, 0x23, 0xEA, 0xB6, 0x66, 0xAF, 0x89, 0x54, 0x6D, 0x15, 0xB3, 0xAB, 0xE4, 0x7A,
    0xB0, 0x5F, 0x6F, 0xB8, 0x0E, 0x29, 0x28, 0xBF, 0xDD, 0xA3, 0x2A, 0x3B, 0xD4, 0x15, 0x6C, 0x2F,
    0x61, 0xF3, 0x35, 0xD8, 0xA1, 0x9A, 0x0E, 0x58, 0x9F, 0x1F, 0xC8, 0x96, 0x6A, 0x09, 0xAD, 0xD9,
    0x1C, 0xDC, 0xD9, 0x44, 0x2D, 0x7C, 0x13, 0xDE, 0x95, 0x6C, 0x24, 0xA6, 0x2B, 0x0E, 0x8A, 0x3E,
    0x7C, 0x19, 0x5E, 0xD3, 0x11, 0xD3, 0x16, 0xB7, 0x13, 0x57, 0x2B, 0xA6, 0x2E, 0x4E, 0x93, 0x97,
    0x7A, 0x1D, 0xC3, 0xDD, 0xB0, 0x4D, 0xAE, 0x7B, 0x1B, 0xE5, 0x60, 0x17, 0x01, 0x0F, 0xD2, 0xC9,
    0x51, 0x32, 0x5B, 0x58, 0xCC, 0x2C, 0x49, 0xB8, 0x7A, 0xBD, 0xBD, 0x36, 0xEB, 0x9C, 0xCE, 0x91,
    0x85, 0xE9, 0x94, 0x05, 0xC5, 0x50, 0xF4, 0xAA, 0xBE, 0xEC, 0xED, 0x95, 0x5D, 0xFA, 0x5C, 0xD5,
    0xBE, 0x3F, 0xAB, 0xA2, 0x53, 0xEB, 0xF5, 0x73, 0x50, 0xB5, 0xA8, 0xB1, 0xAE, 0x53, 0xB8, 0x11,
    0x1B, 0xD8, 0x09, 0xCC, 0xA0, 0x7C, 0x26, 0x20, 0x05, 0xA3, 0x40, 0x14, 0x84, 0xB6, 0xB2, 0x31,
    0xF8, 0x06, 0x81, 0x27, 0xE8, 0x04, 0x9C, 0x60, 0x13, 0x68, 0x41, 0x76, 0x02, 0x3B, 0x71, 0xA1,
    0x58, 0xE7, 0x5B, 0x9B, 0xEE, 0xF4, 0xEB, 0x31, 0xCC, 0x82, 0x99, 0x64, 0x12, 0x88, 0xB2, 0xB0,
    0x51, 0x84, 0x17, 0x83, 0xB0, 0x58, 0xD7, 0xB6, 0xEC, 0x29, 0x3B, 0xCA, 0x96, 0x0A, 0x35, 0x9A,
    0x3B, 0xC3, 0x6C, 0x7F, 0x0A, 0x05, 0x9A, 0xB5, 0xB3, 0x5F, 0x5B, 0x00, 0xD5, 0x12, 0x74, 0xB2,
    0xA5, 0xEE, 0x62, 0x44, 0x94, 0x6D, 0xD9, 0xD5, 0x6A, 0xDB, 0x27, 0x37, 0xF6, 0xEB, 0x6C, 0x7F,
    0xD3, 0x9E, 0x0D, 0xD1, 0xAD, 0x18, 0xA2, 0x3B, 0xE5, 0x7A, 0x94, 0xC6, 0xB8, 0xC8, 0x5D, 0xCA,
    0x3F, 0xFC, 0x44, 0xB6, 0x4E, 0x82, 0xED, 0x4D, 0xEA, 0xFF, 0x66, 0xDA, 0xDB, 0x14, 0xBD, 0x7A,
    0xA5, 0x58, 0x3C, 0x18, 0x83, 0x0A, 0x0D, 0x2E, 0xC0, 0x1B, 0x65, 0x10, 0x41, 0x4E, 0xC1, 0x1E,
    0x46, 0xFF, 0x9B, 0xD1, 0x99, 0x0E, 0x14, 0x2D, 0xEF, 0x62, 0x73, 0xB2, 0x7A, 0xA0, 0x1C, 0x1E,
    0x40, 0xF3, 0x48, 0xDE, 0xF2, 0x0E, 0x2E, 0xB1, 0x43, 0xD3, 0x53, 0xF7, 0xC0, 0x13, 0x7F, 0x5F,
    0xD6, 0x3F, 0x93, 0xFC, 0x6C, 0x64, 0xED, 0x78, 0xFA, 0x66, 0xFB, 0xE4, 0x32, 0x1D, 0xBD, 0x5B,
    0x74, 0xCA, 0x6B, 0xF2, 0x23, 0xD9, 0x6B, 0xFA, 0xA6, 0xFB, 0x7F, 0x1D, 0x5B, 0x11, 0x4C, 0xB9,
    0x60, 0xBB, 0xC3, 0x5C, 0x91, 0xB4, 0x4F, 0x5E, 0x59, 0xAA, 0xCA, 0x75, 0xED, 0xED, 0x3F, 0x7A,
    0xBB, 0xFF, 0xB5, 0x96, 0xAA, 0x7A, 0x75, 0xD4, 0x84, 0xB3, 0x0D, 0xB7, 0x09, 0x77, 0xE5, 0xC0,
    0xC1, 0x53, 0xF1, 0x7F, 0xAD, 0x45, 0x39, 0x3F, 0x99, 0x65, 0xEB, 0x3A, 0xF1, 0xFE, 0x4D, 0x8B,
    0x7F, 0x00, 0xFB, 0x8E, 0xE4, 0xCB, 0x9E, 0xFC, 0x2F, 0x46, 0x2A, 0x9F, 0xB8, 0x73, 0xE4, 0xCF,
    0x4B, 0x9A, 0xF5, 0x7B, 0xDC, 0xE4, 0x37, 0xD2, 0xD9, 0x73, 0xD9, 0xE8, 0xA8, 0xE8, 0x1D, 0x43,
    0xD0, 0x12, 0x82, 0x66, 0x95, 0x64, 0x56, 0x07, 0x5B, 0x2D, 0x0F, 0x57, 0x8E, 0xAA, 0xB6, 0x1E,
    0x94, 0x3F, 0xBA, 0x8D, 0x5C, 0xAC, 0x7F, 0xD5, 0x4B, 0x6E, 0x8A, 0x1E, 0x65, 0x17, 0xAE, 0x45,
    0x0D, 0x4F, 0xF9, 0x93, 0x27, 0x47, 0xF6, 0xEB, 0xC4, 0xDB, 0x6B, 0x0B, 0x1F, 0x67, 0x1D, 0xCF,
    0x2A, 0xEC, 0x6F, 0x50, 0xCD, 0x8F, 0x92, 0x9C, 0xDC, 0x25, 0x79, 0xF7, 0x09, 0xD9, 0x3A, 0x61,
    0xED, 0x1E, 0x3B, 0x2F, 0xE9, 0x88, 0x6C, 0x0A, 0x37, 0x80, 0x47, 0xC9, 0x8B, 0x0A, 0x1A, 0xB8,
    0xF0, 0x98, 0x29, 0xF9, 0xAD, 0x42, 0xC3, 0x93, 0xEE, 0x24, 0x4A, 0x05, 0x97, 0xF0, 0x7D, 0xA0,
    0x43, 0xD6, 0x9F, 0xC9, 0xDD, 0x3C, 0x76, 0x72, 0x24, 0x1F, 0x21, 0x9F, 0x51, 0x1D, 0xB0, 0xBB,
    0x20, 0x19, 0x4B, 0x77, 0x8E, 0x1D, 0x07, 0x07, 0x16, 0x0B, 0xB3, 0x59, 0x32, 0x25, 0xB3, 0x74,
    0x4A, 0x27, 0xD9, 0x14, 0x6E, 0xCC, 0x46, 0xD9, 0x90, 0x0D, 0xF2, 0x3E, 0x5F, 0xD7, 0xB5, 0x2F,
    0xC2, 0x95, 0x7F, 0xF9, 0xDD, 0xEF, 0x75, 0x65, 0xA7, 0x6C, 0xCB, 0x56, 0xA5, 0xA2, 0x56, 0xB3,
    0xD5, 0xB0, 0xB1, 0xE5, 0xCA, 0x15, 0xBB, 0x3B, 0xD1, 0x83, 0x50, 0x3D, 0x72, 0x98, 0x65, 0xE3,
    0xA5, 0x27, 0x7E, 0x17, 0x80, 0x1A, 0xDB, 0x93, 0x6D, 0xEE, 0xDC, 0x05, 0x2F, 0xF5, 0xE0, 0xE7,
    0xEB, 0x92, 0xFC, 0xE2, 0x47, 0xC7, 0xF4, 0xC6, 0x2E, 0x3D, 0xDA, 0x65, 0xD3, 0xAD, 0x8D, 0x0E,
    0xF9, 0x60, 0x29, 0x7A, 0x73, 0xD9, 0x27, 0x73, 0xD9, 0xA5, 0x53, 0xD9, 0xA6, 0x53, 0x25, 0x1B,
    0x6B, 0xD9, 0xB0, 0x95, 0xF7, 0x1B, 0x45, 0xEF, 0xE0, 0x74, 0x2E, 0x2F, 0xCF, 0x64, 0xD6, 0xAC,
    0xC1, 0x10, 0x7E, 0xED, 0x02, 0x71, 0x14, 0xE7, 0x20, 0x20, 0x07, 0x41, 0xD9, 0x2B, 0xC2, 0x87,
    0xE8, 0xA0, 0xEC, 0x54, 0xAD, 0x20, 0x25, 0x50, 0xA9, 0x69, 0xD8, 0x3A, 0x9D, 0x57, 0xE2, 0x3C,
    0xB0, 0xBB, 0xD3, 0xE0, 0x89, 0x2A, 0xE2, 0xB5, 0xB7, 0xC6, 0xE1, 0x8C, 0x6A, 0xFE, 0x15, 0x55,
    0xB6, 0xDC, 0xA1, 0xEA, 0x4F, 0x54, 0xDD, 0x2D, 0x55, 0x7B, 0x3F, 0x95, 0xAF, 0xB6, 0xDF, 0xD0,
    0xCC, 0x1F, 0xFB, 0xB3, 0x75, 0x34, 0x56, 0x1D, 0x80, 0xFD, 0x4A, 0xFD, 0x9C, 0xBC, 0xA7, 0xE8,
    0x39, 0x5B, 0xEC, 0x5E, 0x97, 0x65, 0xCC, 0x24, 0x33, 0xE9, 0x44, 0x58, 0x7D, 0x43, 0x84, 0x4B,
    0x3F, 0xFA, 0xBD, 0xF2, 0xF9, 0xE5, 0xC5, 0x7E, 0xF9, 0x66, 0x3E, 0x02, 0x16, 0x62, 0x90, 0x88,
    0xC4, 0x4D, 0xA7, 0xC4, 0xE5, 0xBD, 0xE2, 0x4E, 0xA6, 0x2A, 0x6A, 0xB6, 0x6C, 0x00, 0xCD, 0xDA,
    0x87, 0xBD, 0x49, 0xA5, 0xE5, 0x3A, 0xDD, 0x9E, 0xBF, 0xA1, 0xC6, 0x4B, 0x83, 0x8B, 0xBC, 0x57,
    0xAD, 0xAD, 0xFC, 0xB9, 0x37, 0xAA, 0xD3, 0xF7, 0xCB, 0x6F, 0x4D, 0xF9, 0x3A, 0x24, 0x6B, 0xFB,
    0x9B, 0xA8, 0x7D, 0x33, 0xAA, 0x92, 0x91, 0x3C, 0x42, 0xE0, 0x5D, 0x5C, 0xA0, 0x1A, 0x29, 0x46,
    0x40, 0xD1, 0x29, 0x7B, 0x65, 0x0B, 0x4E, 0x4A, 0x4E, 0xA3, 0xFD, 0x78, 0x4E, 0x30, 0xC6, 0x99,
    0xDF, 0x25, 0x68, 0x15, 0xAD, 0xF7, 0xF8, 0x80, 0x89, 0x99, 0x95, 0x3D, 0xE0, 0x19, 0x8E, 0x98,
    0xE1, 0x8D, 0x26, 0xDE, 0x62, 0x4E, 0xA6, 0x74, 0xCA, 0xA6, 0x28, 0x7D, 0xF3, 0xBE, 0xE8, 0xE3,
    0xC6, 0xAD, 0x6A, 0x2B, 0xB5, 0xAD, 0x0D, 0xFB, 0xD5, 0x12, 0x8D, 0xCE, 0xF2, 0x3E, 0x99, 0x14,
    0x51, 0x2F, 0x97, 0x7D, 0x36, 0x2A, 0xBB, 0x70, 0x6D, 0x3E, 0xA8, 0x42, 0x4C, 0x1D, 0x6E, 0xAB,
    0xEC, 0xC2, 0xB5, 0x36, 0x2A, 0x76, 0x6A, 0x0E, 0x1A, 0x16, 0x5B, 0x66, 0x9B, 0xD0, 0xB0, 0x93,
    0x9E, 0xEA, 0xD0, 0x25, 0x64, 0x2C, 0xF6, 0x6B, 0x28, 0x13, 0xB2, 0x64, 0x23, 0xAA, 0xE0, 0x5A,
    0x5B, 0xCA, 0x2F, 0x00, 0x2E, 0x5C, 0x6A, 0x7C, 0x6A, 0xE3, 0x03, 0x00, 0x4B, 0x32, 0x99, 0xD3,
    0x29, 0xB9, 0x95, 0x7E, 0x0B, 0x30, 0x64, 0x53, 0x94, 0xF0, 0x79, 0x9F, 0x0D, 0x45, 0x9F, 0xDF,
    0x62, 0xDC, 0xA2, 0xB4, 0xB7, 0x28, 0xCA, 0xAE, 0x56, 0xB5, 0xB7, 0x66, 0xAB, 0xB6, 0xB1, 0xB5,
    0xB3, 0x71, 0xC0, 0x11, 0x0B, 0x4E, 0x79, 0xF9, 0xF6, 0xC8, 0xDA, 0x73, 0x03, 0xC9, 0x7F, 0x38,
    0x5B, 0x23, 0xAE, 0x2E, 0x48, 0xC6, 0xA2, 0x75, 0xE7, 0xC8, 0x7B, 0x9C, 0xAF, 0x39, 0x4E, 0xD5,
    0xF0, 0xD9, 0x02, 0xBB, 0x81, 0xDD, 0xF9, 0xA3, 0x93, 0x05, 0x41, 0x2D, 0x99, 0xCE, 0xD0, 0xC3,
    0xC9, 0x87, 0x17, 0x81, 0x5F, 0x44, 0xAF, 0x5B, 0x7C, 0x86, 0xEB, 0x23, 0xF6, 0x23, 0x00, 0x7F,
    0x80, 0x6B, 0xD2, 0xB5, 0x53, 0xFC, 0xD7, 0xC1, 0x85, 0x09, 0xC0, 0x2B, 0x37, 0xFF, 0xE3, 0xC9,
    0x86, 0xD3, 0x20, 0xBA, 0x3B, 0x80, 0xC2, 0x50, 0xDF, 0x33, 0x80, 0xC2, 0x16, 0xB2, 0x89, 0xEB,
    0x81, 0xEB, 0x16, 0x07, 0xC5, 0xE0, 0xA0, 0xEE, 0x2C, 0xA1, 0x6B, 0x4E, 0x17, 0xC9, 0x54, 0x8C,
    0xD2, 0xA9, 0xEA, 0x64, 0xD3, 0x53, 0xB2, 0xBF, 0x5E, 0xC8, 0xFE, 0x6A, 0x24, 0xFF, 0xDB, 0x9E,
    0x62, 0x1D, 0x28, 0x7F, 0x36, 0x51, 0x7E, 0x38, 0x53, 0xB6, 0x0B, 0x95, 0x03, 0xB5, 0x2D, 0x5B,
    0x4D, 0xB8, 0xAA, 0x75, 0x15, 0xD4, 0xBB, 0xD0, 0x76, 0x90, 0xDD, 0xE1, 0x64, 0x03, 0x07, 0x98,
    0x90, 0x0E, 0x48, 0x5A, 0xF7, 0x14, 0x2C, 0x2F, 0x07, 0xFE, 0xD1, 0x9C, 0x4D, 0xC9, 0x14, 0x8F,
    0x79, 0x1A, 0xD9, 0x74, 0x94, 0xFD, 0xF7, 0x49, 0xF6, 0xE3, 0x5E, 0xBE, 0xF6, 0x42, 0x51, 0x79,
    0xFB, 0xEF, 0xD0, 0x53, 0xB5, 0x4B, 0xA8, 0x09, 0x31, 0xA7, 0x71, 0x72, 0x67, 0x0D, 0xD9, 0x62,
    0x77, 0x4A, 0xE5, 0x18, 0x8D, 0xDE, 0x13, 0x7B, 0xFC, 0x65, 0xEC, 0xFC, 0xFE, 0xD8, 0xEA, 0x57,
    0x62, 0xFF, 0x31, 0x47, 0xD9, 0xA4, 0xE8, 0x5C, 0x00, 0x77, 0x96, 0xC9, 0x59, 0x32, 0xDF, 0x37,
    0xF5, 0x9D, 0xE6, 0x8E, 0x97, 0x53, 0xDF, 0x96, 0xA7, 0xDF, 0xFD, 0x67, 0xFB, 0xF5, 0x18, 0x05,
    0x9A, 0xA7, 0x2C, 0xB2, 0x51, 0xD9, 0x79, 0x0B, 0xA0, 0xA6, 0x39, 0x9F, 0x9B, 0xEE, 0xC4, 0x4F,
    0xEF, 0x89, 0x7F, 0x3E, 0xB5, 0x3E, 0x80, 0x2A, 0x10, 0xC3, 0x43, 0x7C, 0xA4, 0xF3, 0x15, 0xEE,
    0x89, 0x72, 0x0A, 0xD1, 0xAA, 0xA9, 0xEF, 0x99, 0x4C, 0x93, 0xBB, 0x93, 0xE9, 0x00, 0xC8, 0x06,
    0x31, 0x09, 0xF3, 0x1E, 0x5F, 0xC7, 0x21, 0xE6, 0x96, 0x6C, 0xB0, 0xE4, 0xBD, 0xB9, 0x94, 0xCC,
    0x7F, 0xE0, 0xBC, 0xEA, 0xFD, 0xB5, 0x66, 0xCF, 0x10, 0xFF, 0xB2, 0xEA, 0xAD, 0xCB, 0x4E, 0x53,
    0xB1, 0xDD, 0xB0, 0xF9, 0x80, 0xDD, 0xBF, 0xB8, 0x7F, 0x5A, 0x7D, 0x4D, 0x1B, 0xF7, 0x7C, 0xB9,
    0x5E, 0x9F, 0xD6, 0x8B, 0xA2, 0x6F, 0xCA, 0x7E, 0xF3, 0xBA, 0xB4, 0xBE, 0xBE, 0x5F, 0x7F, 0x3A,
    0x65, 0x3F, 0x99, 0xB2, 0x1F, 0x8D, 0xAF, 0xEB, 0xD7, 0xFA, 0x9E, 0xAF, 0xFB, 0xD9, 0xBC, 0x38,
    0x49, 0xD6, 0x49, 0xBA, 0xB6, 0xF2, 0x85, 0x7A, 0x64, 0x3F, 0xF0, 0xF7, 0xEE, 0xCE, 0x1C, 0x01,
    0xF7, 0xEF, 0xBF, 0xAB, 0x5E, 0x57, 0x61, 0xAF, 0x53, 0xF5, 0xA5, 0x6C, 0x95, 0xCF, 0xEA, 0xC1,
    0x75, 0xEF, 0xED, 0x7B, 0x55, 0xBD, 0xAC, 0x27, 0xAA, 0x70, 0x5B, 0x58, 0x90, 0x0E, 0xEE, 0x1C,
    0x9F, 0xB1, 0x75, 0xCD, 0xC6, 0xDA, 0xBA, 0xB4, 0x76, 0x76, 0x51, 0xA8, 0x1F, 0xD2, 0x9F, 0x0D,
    0x96, 0xEC, 0x27, 0xA3, 0x39, 0xFB, 0x51, 0xAC, 0x0B, 0xFD, 0x9C, 0x4E, 0x79, 0x7F, 0x48, 0xA7,
    0xA2, 0xDF, 0x65, 0x63, 0xD9, 0x6D, 0xB3, 0xA1, 0x6C, 0xEB, 0xBC, 0xAF, 0x94, 0xFF, 0x24, 0xDC,
    0x0F, 0xBB, 0x5A, 0xFE, 0xDF, 0xBA, 0xAD, 0xEC, 0xC7, 0xED, 0x46, 0xBA, 0xDA, 0x49, 0x56, 0x07,
    0x6E, 0x3C, 0xE3, 0x53, 0xF8, 0x63, 0x92, 0x85, 0x6C, 0x24, 0x58, 0xDF, 0x03, 0x60, 0xAE, 0x87,
    0xE4, 0xA7, 0xEB, 0x92, 0x7C, 0x19, 0x37, 0xAC, 0xAE, 0xB2, 0xE3, 0xAD, 0x4D, 0x0E, 0xF9, 0xE8,
    0x58, 0x0C, 0xB7, 0xD6, 0x5B, 0x7E, 0x75, 0x1B, 0x5E, 0xB5, 0xD9, 0x54, 0xCB, 0xC6, 0x46, 0x1E,
    0x36, 0x6C, 0x15, 0xFD, 0x6F, 0x13, 0x02, 0xBC, 0x58, 0x53, 0x5A, 0x5C, 0xC0, 0x25, 0x7C, 0xED,
    0x21, 0x58, 0xE0, 0x2B, 0xA8, 0xB1, 0xC1, 0x33, 0x8C, 0xF0, 0x75, 0xDF, 0xE1, 0x22, 0x1F, 0x28,
    0xDF, 0x47, 0x7E, 0x44, 0x36, 0x3D, 0x4A, 0x5F, 0xA6, 0xED, 0x57, 0xA4, 0xC3, 0x8E, 0xFF, 0x35,
    0xB1, 0xEF, 0x69, 0x1E, 0xAC, 0x2F, 0x83, 0x48, 0x40, 0x2A, 0xCF, 0x6B, 0xDD, 0xCB, 0x6D, 0xB1,
    0x78, 0xB6, 0xD9, 0xAF, 0x6C, 0xE7, 0xBA, 0xB5, 0xEF, 0xCB, 0xCE, 0xB5, 0x5B, 0x17, 0x8F, 0xD2,
    0x1D, 0xD5, 0xAD, 0x45, 0x2D, 0xCA, 0x2F, 0xE9, 0x64, 0x2B, 0x9B, 0x5C, 0x89, 0xA2, 0x27, 0xE2,
    0x1D, 0x15, 0xE1, 0xA2, 0x79, 0xD1, 0xBE, 0xF3, 0x6C, 0xED, 0xEE, 0x64, 0xEB, 0x27, 0x43, 0x64,
    0x6B, 0x7A, 0x91, 0xAD, 0x25, 0x8D, 0x6C, 0xC5, 0x2E, 0xC6, 0xE6, 0x45, 0xB6, 0xAA, 0x17, 0xD9,
    0x2A, 0xFE, 0xBC, 0x8B, 0x6C, 0xB5, 0x5B, 0xD9, 0xDF, 0x9E, 0xB2, 0xC5, 0xCB, 0x6C, 0x5D, 0xC1,
    0x0E, 0x8E, 0x48, 0x67, 0xB2, 0x75, 0x0C, 0xD7, 0x02, 0xA6, 0x7A, 0xF0, 0xD3, 0x97, 0x25, 0x68,
    0xF6, 0x9A, 0x12, 0xB4, 0xBA, 0xA7, 0x58, 0x3B, 0x9F, 0x7C, 0x6B, 0x7E, 0xE7, 0x29, 0xE5, 0x91,
    0x72, 0x04, 0x58, 0xD7, 0x70, 0x37, 0xEE, 0x1C, 0x49, 0x68, 0xA8, 0xD7, 0xE7, 0xAC, 0xED, 0x75,
    0x9B, 0x46, 0x4A, 0x8A, 0x51, 0x3E, 0x96, 0xBD, 0x6C, 0xAA, 0xDB, 0x5B, 0xD7, 0x90, 0x4E, 0x4F,
    0xC3, 0x7D, 0x1A, 0xEE, 0x20, 0x96, 0xFC, 0x93, 0xCB, 0xC7, 0x23, 0xC5, 0x10, 0x8D, 0xF4, 0x07,
    0xEA, 0xEE, 0x29, 0x7B, 0x4D, 0x9B, 0x1C, 0x95, 0x9F, 0x57, 0xB3, 0x7C, 0x5D, 0x7B, 0xDE, 0xFF,
    0xE2, 0xAC, 0x38, 0xEB, 0x9C, 0x3F, 0xDE, 0x6C, 0xB3, 0xA5, 0xEA, 0xCB, 0x21, 0x1B, 0x63, 0x14,
    0x44, 0x8F, 0x6D, 0x6F, 0xED, 0xEA, 0xD6, 0x76, 0xB2, 0xE9, 0x20, 0x1B, 0x0F, 0xF2, 0x7E, 0xA7,
    0xEC, 0xB7, 0xEA, 0xB6, 0xFE, 0x77, 0x37, 0xCA, 0x75, 0x91, 0x44, 0x18, 0x63, 0xDE, 0x32, 0x57,
    0xD8, 0x3F, 0x47, 0x35, 0x3E, 0x0A, 0xDA, 0x65, 0x32, 0xD8, 0xFC, 0xAA, 0xA6, 0xFB, 0xC2, 0x83,
    0xE1, 0x9D, 0x84, 0xFC, 0x97, 0x89, 0xF2, 0x8F, 0x7A, 0x36, 0x65, 0xCB, 0x27, 0x7F, 0xF8, 0x28,
    0x8C, 0x0E, 0x0D, 0xC9, 0xBC, 0x23, 0x1B, 0xE6, 0xD0, 0x33, 0xF0, 0x5E, 0xD1, 0x72, 0x8E, 0x1B,
    0xBC, 0x02, 0x58, 0x10, 0x0B, 0x64, 0xC1, 0x2C, 0xA0, 0x05, 0xB5, 0xC0, 0x16, 0xDC, 0x02, 0x5C,
    0x90, 0x0B, 0x74, 0xC1, 0x2E, 0xE0, 0x05, 0x7D, 0xF8, 0xDB, 0x83, 0x3A, 0x2E, 0xC1, 0xB7, 0x45,
    0xBA, 0xD8, 0xA0, 0x18, 0x5D, 0x09, 0xD5, 0x0E, 0xA8, 0x5B, 0x47, 0x34, 0x2C, 0xB8, 0x62, 0xC1,
    0x21, 0x3E, 0x1F, 0x6D, 0xA4, 0xEB, 0x3A, 0x38, 0xCA, 0x26, 0xE2, 0x32, 0x12, 0x97, 0x01, 0x47,
    0x79, 0xCF, 0x69, 0x0B, 0xD0, 0xD3, 0x08, 0x47, 0xD3, 0x96, 0x1D, 0xC1, 0xDF, 0x22, 0x8F, 0xC6,
    0xF1, 0x7E, 0x5C, 0x04, 0xE2, 0x7E, 0xB4, 0xAE, 0x7F, 0xB4, 0x1E, 0x6F, 0x21, 0x7F, 0x3C, 0x7C,
    0x7A, 0x4B, 0xB9, 0xDA, 0x54, 0x6D, 0x7A, 0x74, 0xD5, 0x84, 0xBA, 0xE3, 0x56, 0x3A, 0xFF, 0xF3,
    0xF9, 0x4A, 0x34, 0xBB, 0x93, 0xAD, 0x5F, 0x08, 0x56, 0x01, 0x3B, 0x0A, 0xDA, 0x49, 0xE0, 0xCE,
    0xD4, 0x1F, 0x3E, 0x7F, 0xFE, 0x64, 0x28, 0xD7, 0x79, 0x1F, 0x25, 0x7A, 0x57, 0xDC, 0xB4, 0xAF,
    0x2E, 0x8D, 0x9B, 0xBB, 0x7B, 0x0F, 0xED, 0xAD, 0x4D, 0x96, 0x27, 0x47, 0xB3, 0x4F, 0x93, 0xC9,
    0x36, 0xF2, 0x9A, 0x4D, 0x36, 0x91, 0xCB, 0x6C, 0x48, 0x8E, 0x79, 0xFF, 0xF6, 0x54, 0xAC, 0x6B,
    0x17, 0x49, 0x2C, 0xBB, 0x5B, 0x6B, 0x0F, 0x2A, 0x1B, 0xB5, 0x26, 0xDA, 0x14, 0xA5, 0x64, 0x54,
    0x02, 0x3B, 0xC5, 0x10, 0xAA, 0x78, 0xD2, 0x11, 0xD8, 0x0D, 0x9E, 0x91, 0x8E, 0x00, 0x4C, 0xFB,
    0xD6, 0xFF, 0x5C, 0x25, 0x5F, 0x7E, 0x24, 0xBD, 0x21, 0x5B, 0x9C, 0xEE, 0xF8, 0xCE, 0xCB, 0x9C,
    0x7B, 0xEF, 0xC4, 0xDE, 0x98, 0x5E, 0xB8, 0x73, 0x63, 0x35, 0x91, 0x0C, 0x24, 0x2D, 0x2E, 0xAB,
    0xC1, 0xE5, 0x75, 0xEF, 0xE9, 0xE7, 0x5C, 0x77, 0xDC, 0xE0, 0x88, 0xE5, 0xD5, 0x52, 0x2D, 0xBF,
    0xA7, 0x54, 0x03, 0x5E, 0x4C, 0x9E, 0x2E, 0xF1, 0x09, 0xBE, 0xC3, 0xEB, 0x97, 0xB9, 0x37, 0xC1,
    0xF9, 0xFB, 0xBE, 0xE3, 0xDD, 0x6C, 0x50, 0x7E, 0xAF, 0x95, 0x3D, 0x27, 0x9D, 0x1F, 0xAE, 0x5F,
    0x24, 0xA7, 0x4F, 0x94, 0x1D, 0x17, 0xF8, 0x3A, 0x00, 0x4F, 0xD6, 0x41, 0xBD, 0x1E, 0xDD, 0x7C,
    0xEB, 0xD9, 0xE9, 0xB7, 0x5E, 0x58, 0x48, 0x48, 0x6E, 0xB0, 0x1F, 0xA8, 0x16, 0xD2, 0x15, 0xCD,
    0x69, 0xFC, 0x84, 0x15, 0xA7, 0x6B, 0xDD, 0xFE, 0x49, 0xB2, 0xDA, 0xAF, 0x8B, 0xB7, 0xD7, 0x0E,
    0x75, 0xC7, 0x16, 0x47, 0xD2, 0xE9, 0xFC, 0x75, 0x90, 0xFD, 0x2C, 0x5B, 0x57, 0xC5, 0xF8, 0xCE,
    0x0B, 0xCD, 0x11, 0x21, 0x8F, 0xB6, 0x56, 0x34, 0x03, 0xF9, 0x44, 0x88, 0xB1, 0x90, 0xCC, 0x3E,
    0x2F, 0x26, 0x6B, 0xC8, 0xBC, 0x81, 0xA6, 0xE5, 0xBA, 0x17, 0xF7, 0x35, 0x45, 0x37, 0x79, 0xCB,
    0xD7, 0xDF, 0x28, 0x4B, 0x36, 0x51, 0x2C, 0xD4, 0x3B, 0x0E, 0x17, 0xD2, 0xB1, 0x78, 0x20, 0x96,
    0x37, 0xA4, 0xF7, 0x1B, 0x58, 0xF0, 0x2F, 0x51, 0x61, 0x4F, 0xF1, 0x9C, 0xE2, 0xF3, 0xFF, 0x7F,
    0xBD, 0xC9, 0x40, 0x36, 0x9C, 0xFE, 0x7B, 0x47, 0x5C, 0x9B, 0x89, 0xBA, 0x43, 0xDE, 0xBD, 0x27,
    0xFD, 0xEB, 0x99, 0x2F, 0x4F, 0x4F, 0x36, 0xFE, 0xD1, 0x9B, 0x1D, 0x63, 0x9F, 0x64, 0xBD, 0xCB,
    0xA8, 0x79, 0xAE, 0x28, 0x67, 0xF2, 0xF1, 0xC1, 0xFA, 0xA5, 0x59, 0xD7, 0x63, 0x98, 0xF2, 0xFC,
    0x8B, 0x75, 0xF6, 0x7C, 0x64, 0x83, 0xAB, 0xF3, 0x42, 0xEF, 0x7C, 0x7F, 0xF8, 0x7C, 0xDE, 0xC9,
    0x3A, 0x8A, 0x96, 0x62, 0x38, 0xFD, 0xCE, 0x78, 0xE7, 0x19, 0x10, 0xFC, 0x2E, 0x7F, 0xC8, 0x25,
    0x07, 0xF9, 0xBA, 0xD4, 0xEB, 0x7C, 0xFF, 0x23, 0x82, 0xEE, 0x65, 0x7D, 0x5F, 0x7D, 0xA8, 0x5C,
    0xA5, 0x37, 0xD2, 0x5E, 0xDE, 0x8B, 0xA8, 0x9F, 0x04, 0x4A, 0x33, 0x69, 0x3A, 0xA2, 0x64, 0xD8,
    0xE4, 0xBD, 0xF2, 0x7D, 0x8A, 0xF3, 0x4D, 0xE6, 0x37, 0x01, 0x48, 0xCD, 0xA5, 0xAF, 0xCD, 0xFE,
    0xF5, 0x68, 0x6A, 0xD3, 0x49, 0xB5, 0x8E, 0xD7, 0xEB, 0x90, 0x0F, 0xEE, 0x7F, 0xB4, 0xC1, 0x86,
    0x2B, 0x9E, 0xFE, 0x8E, 0xE6, 0xA8, 0x58, 0xEE, 0x51, 0xD5, 0xBE, 0xA2, 0xAA, 0x59, 0x63, 0x1B,
    0xFC, 0xF9, 0xAF, 0xA9, 0xEA, 0x35, 0x69, 0x1D, 0x35, 0x6B, 0xBF, 0x5F, 0xBB, 0xE2, 0xEC, 0x99,
    0x49, 0x9C, 0xE5, 0x29, 0xAD, 0xF8, 0x4F, 0x69, 0x27, 0x5B, 0x7F, 0xD8, 0xCA, 0xFF, 0x74, 0xA5,
    0x48, 0x16, 0x00, 0x64, 0x93, 0x74, 0x3A, 0x7B, 0xD5, 0x29, 0x1F, 0x8A, 0xE8, 0x88, 0x32, 0x22,
    0x46, 0xC0, 0x2E, 0x82, 0xB5, 0x55, 0x30, 0xD4, 0xD4, 0x42, 0xBE, 0x0D, 0x5B, 0x3B, 0x36, 0x0E,
    0xEC, 0xC2, 0x9D, 0xB6, 0xB0, 0x0E, 0x21, 0xEB, 0xA9, 0x7C, 0xD4, 0xFC, 0xE5, 0xBE, 0x57, 0xAE,
    0x2B, 0xC9, 0xFA, 0x39, 0x9E, 0x7C, 0xF4, 0x0F, 0x55, 0xCF, 0x77, 0x36, 0xD7, 0xB3, 0xEF, 0x17,
    0x03, 0x40, 0x36, 0xBC, 0xD8, 0xD1, 0x59, 0xCA, 0x5F, 0xEE, 0xEA, 0x9C, 0xED, 0xE8, 0xFC, 0xB2,
    0xA8, 0x2A, 0xFB, 0xCD, 0xAD, 0xED, 0x9C, 0xBF, 0x9B, 0x59, 0x2C, 0x15, 0x20, 0x5D, 0x8F, 0x64,
    0xE1, 0x1E, 0x81, 0x0C, 0xCA, 0x75, 0x54, 0xAD, 0x0F, 0x47, 0x95, 0xF6, 0x7F, 0x87, 0x74, 0xBC,
    0xC2, 0xBA, 0xA0, 0x1E, 0x1E, 0x05, 0xED, 0xF7, 0x7C, 0x2C, 0xDE, 0x10, 0x2E, 0x4E, 0x6F, 0x08,
    0x3F, 0x10, 0xDE, 0x89, 0xE7, 0x93, 0x8F, 0x31, 0x7E, 0x03, 0x1F, 0x7F, 0x8C, 0x66, 0x00, 0x8F,
    0x02, 0xEA, 0x86, 0xEC, 0xDF, 0x74, 0xF2, 0xB4, 0x17, 0x96, 0xFD, 0xA0, 0x93, 0x3C, 0x24, 0x70,
    0xFE, 0x17, 0x13, 0xE5, 0x0F, 0x06, 0xB6, 0x65, 0xC7, 0xB3, 0x0B, 0x92, 0xF1, 0xFB, 0x8F, 0xC3,
    0xDA, 0x84, 0x82, 0x43, 0x4D, 0x32, 0xED, 0xC8, 0xFA, 0x50, 0x96, 0xF5, 0x9C, 0xE1, 0x0A, 0x5E,
    0x01, 0x2C, 0x88, 0x05, 0xB2, 0x60, 0x16, 0xD0, 0x82, 0x5A, 0x60, 0x0B, 0x6E, 0x01, 0x6E, 0x77,
    0xCF, 0xAB, 0x7A, 0x41, 0xFF, 0xDB, 0x63, 0x3B, 0x7F, 0x1F, 0xFC, 0xE4, 0x56, 0xD8, 0x3F, 0x58,
    0x57, 0xBE, 0xFE, 0x65, 0xF0, 0xFF, 0x08, 0xB2, 0x23, 0x28, 0x6E, 0xC0, 0xB6, 0x04, 0xF3, 0x59,
    0x8E, 0xC1, 0x12, 0x0C, 0x55, 0xBB, 0x28, 0x46, 0x8D, 0xA3, 0x72, 0x74, 0xE5, 0xA0, 0x9E, 0x1C,
    0x1D, 0x6C, 0x27, 0xB3, 0x83, 0x3F, 0x9B, 0xD2, 0xC9, 0xC1, 0xCF, 0x23, 0x83, 0x87, 0x74, 0x9A,
    0xF2, 0xDE, 0x21, 0x1B, 0xA6, 0xB2, 0xB3, 0xCB, 0xFB, 0xA9, 0x62, 0x57, 0xB6, 0x53, 0xC3, 0xAE,
    0x32, 0x6D, 0xD8, 0x6D, 0x4D, 0x91, 0xAF, 0x9D, 0x79, 0x66, 0xF7, 0xCC, 0xCF, 0x27, 0x2E, 0x27,
    0xBF, 0x18, 0xD9, 0x8E, 0x7E, 0xD1, 0xD3, 0x0C, 0xD6, 0x8E, 0xA6, 0x77, 0x8D, 0xA6, 0xF5, 0x19,
    0x1A, 0x3E, 0x05, 0x4F, 0x3A, 0x84, 0x14, 0x42, 0x02, 0xE6, 0x9D, 0xE0, 0x7D, 0xCF, 0xD9, 0xB1,
    0xD3, 0x28, 0xFA, 0x9D, 0x7D, 0x5B, 0x76, 0x97, 0xAE, 0xDB, 0xDA, 0xC6, 0x97, 0xED, 0xD6, 0x26,
    0xFD, 0x9B, 0x76, 0x67, 0x93, 0xFD, 0x79, 0xB7, 0xD8, 0x14, 0x3F, 0xFC, 0x70, 0xB6, 0x29, 0x8B,
    0x1F, 0x4C, 0x36, 0x55, 0xF1, 0x83, 0xC1, 0x66, 0x93, 0xFF, 0xB0, 0xB7, 0xD9, 0xE5, 0xFF, 0xB6,
    0xB5, 0x99, 0xF3, 0x3F, 0x65, 0x33, 0xE5, 0x9F, 0x85, 0xA6, 0xFC, 0x18, 0x92, 0xB2, 0x85, 0xBA,
    0xCB, 0xA6, 0x53, 0x32, 0xB3, 0x23, 0xE5, 0x73, 0xB6, 0x25, 0x73, 0xDE, 0x01, 0x6C, 0x38, 0x6C,
    0x25, 0x4B, 0x2D, 0x9B, 0x2A, 0xB1, 0xB9, 0x57, 0xDD, 0xAA, 0x08, 0x3D, 0x07, 0xF9, 0x7F, 0x9E,
    0x7F, 0xB9, 0xB1, 0xF3, 0x37, 0xBD, 0x74, 0x6D, 0x25, 0xEB, 0xBD, 0xAB, 0xEC, 0x59, 0x51, 0x55,
    0xF4, 0x2F, 0xC8, 0x03, 0x3C, 0xB8, 0x03, 0xFB, 0x15, 0xEA, 0x83, 0x6C, 0xB2, 0x53, 0xF4, 0x36,
    0xCA, 0xCE, 0x46, 0xCD, 0xD6, 0x36, 0xDC, 0x81, 0xDA, 0x42, 0x15, 0xB1, 0xAB, 0x6C, 0xA0, 0x8C,
    0xA8, 0x65, 0xD9, 0x52, 0xBE, 0x8F, 0xF2, 0x0A, 0xC5, 0x11, 0xF9, 0x1C, 0x6E, 0x0C, 0xF7, 0x72,
    0x4B, 0x0F, 0x9E, 0x22, 0x39, 0xE2, 0x7A, 0x0A, 0xD7, 0xC1, 0x3B, 0x79, 0x67, 0x5B, 0xF4, 0x4E,
    0x0F, 0x2D, 0xDE, 0x6C, 0x06, 0x7C, 0xB5, 0x45, 0x73, 0xF6, 0x17, 0x0D, 0x2F, 0xB3, 0x0E, 0xF5,
    0xBA, 0x8E, 0x9A, 0x75, 0x1D, 0x50, 0xF5, 0x68, 0x5A, 0x7C, 0x86, 0x74, 0x41, 0x3E, 0xA1, 0x3C,
    0xFB, 0x79, 0x00, 0xC9, 0x26, 0x94, 0x03, 0xEA, 0x2E, 0x40, 0xEF, 0xFF, 0x79, 0x04, 0x9E, 0x84,
    0x3B, 0x6D, 0xBA, 0xE6, 0x23, 0x65, 0xC7, 0x16, 0x33, 0x00, 0xA1, 0x21, 0x4C, 0xD9, 0x53, 0xB5,
    0x5C, 0xBD, 0xDC, 0x93, 0x0C, 0x90, 0xCA, 0x2B, 0x3F, 0xAA, 0xDB, 0x88, 0x7E, 0xB4, 0xBF, 0xB5,
    0x7B, 0x5E, 0x12, 0x7B, 0x1C, 0xC4, 0x4B, 0x7C, 0x8A, 0xDD, 0xC3, 0xA1, 0xDD, 0xFF, 0xF2, 0xFB,
    0xF8, 0x28, 0x7C, 0x6F, 0xF9, 0x7D, 0xC5, 0xB7, 0x26, 0xD9, 0xFF, 0xE8, 0x4F, 0x63, 0xF0, 0x01,
    0x39, 0x41, 0xB6, 0xB6, 0x94, 0x2B, 0x9A, 0x6F, 0x61, 0x7B, 0xBE, 0xB9, 0xBE, 0xC0, 0x8C, 0x3B,
    0xAF, 0x14, 0xBC, 0xDC, 0x5C, 0x1F, 0xCE, 0x77, 0xED, 0xFF, 0xAF, 0xAD, 0x7B, 0xA8, 0x61, 0xCB,
    0xFD, 0x7F, 0xF0, 0xF0, 0x22, 0x57, 0xD7, 0x43, 0xB8, 0x16, 0xFF, 0x07, 0xD5, 0x99, 0x01, 0x84,
    0x35, 0x57, 0x96, 0xC7, 0x7F, 0xB7, 0xEE, 0x4C, 0x57, 0x92, 0xB2, 0xA9, 0x59, 0x06, 0xE1, 0xDB,
    0xA4, 0x06, 0x83, 0x5D, 0x26, 0x29, 0x58, 0x0C, 0xFA, 0xBD, 0x57, 0x5F, 0x82, 0x60, 0xB0, 0xC1,
    0x06, 0x40, 0x16, 0x8B, 0x01, 0xBE, 0xC5, 0x22, 0xC3, 0xEB, 0x7E, 0x95, 0x59, 0xC0, 0x62, 0x7B,
    0x00, 0x40, 0x3E, 0x04, 0x80, 0xCD, 0x12, 0x7C, 0xA8, 0x2F, 0xAF, 0x36, 0x0B, 0x58, 0x6C, 0xC5,
    0x18, 0x03, 0x48, 0xED, 0xCE, 0xB7, 0x16, 0x83, 0xDC, 0xDD, 0xD4, 0x4A, 0xB5, 0x54, 0xBF, 0xBB,
    0x7D, 0xFE, 0x5E, 0xF9, 0xDE, 0xEB, 0x64, 0x2C, 0xA3, 0x93, 0xCE, 0x1C, 0x5D, 0xA7, 0xAA, 0xBB,
    0xEB, 0xDD, 0xFB, 0x3F, 0xE7, 0xDE, 0x73, 0xCF, 0x39, 0xFF, 0x07, 0x90, 0x0C, 0xB8, 0xD8, 0xFB,
    0x40, 0x19, 0x77, 0x69, 0x47, 0xAC, 0xB6, 0xEF, 0xD6, 0xC9, 0x48, 0x7E, 0x45, 0xD6, 0x93, 0xF6,
    0xE4, 0x2D, 0xF6, 0xCF, 0xCA, 0xF4, 0x0A, 0x92, 0xC0, 0xB9, 0xF4, 0x63, 0xE9, 0x06, 0xFB, 0xFB,
    0x34, 0xEB, 0xB4, 0x37, 0x9D, 0x75, 0xA6, 0xF3, 0x96, 0x06, 0xCA, 0xDA, 0xDE, 0xDF, 0xC0, 0xAA,
    0x72, 0xF6, 0xC7, 0x27, 0xC5, 0x00, 0x69, 0x8C, 0x2D, 0xF0, 0xE0, 0x12, 0x89, 0x7B, 0x88, 0x06,
    0xD3, 0x28, 0xC5, 0x68, 0x28, 0xE2, 0x5B, 0x95, 0x1F, 0x8B, 0x91, 0xBC, 0xF3, 0x3D, 0x45, 0x65,
    0x73, 0xDB, 0x1B, 0x4B, 0x53, 0x67, 0xA6, 0xD6, 0x78, 0x9B, 0xDD, 0xF7, 0x34, 0xA4, 0x2D, 0x6B,
    0x9B, 0x6E, 0x49, 0x09, 0xE5, 0x2F, 0xAE, 0x20, 0x8F, 0x03, 0xB8, 0x58, 0x23, 0xA1, 0xF1, 0x81,
    0x24, 0x4C, 0xBE, 0xC7, 0xFF, 0xC7, 0xE0, 0x3B, 0xFC, 0x6F, 0xFB, 0xB4, 0x25, 0x8D, 0x55, 0xD6,
    0x92, 0x3D, 0xB1, 0x8F, 0x66, 0x2D, 0x79, 0x6D, 0x3F, 0x45, 0x25, 0x8D, 0x3D, 0xD8, 0x68, 0xB0,
    0xC4, 0xEC, 0x5E, 0xE8, 0xE1, 0x4C, 0x0F, 0x0D, 0xAC, 0xA5, 0xF5, 0xC3, 0x68, 0x3A, 0x19, 0xE0,
    0xDC, 0xEC, 0x67, 0xF5, 0xAB, 0x4D, 0x6B, 0x08, 0x22, 0xE0, 0xB6, 0x4F, 0x40, 0xF2, 0x9C, 0x74,
    0x59, 0x99, 0x5E, 0xE1, 0x3B, 0x9A, 0x33, 0xC3, 0xBD, 0x1B, 0x6D, 0xEA, 0xD8, 0x19, 0x86, 0x4B,
    0xC8, 0x6B, 0x17, 0x20, 0xAF, 0xCC, 0x19, 0x85, 0x19, 0x47, 0x69, 0xEF, 0xB2, 0x22, 0xED, 0x60,
    0x69, 0x6F, 0xB1, 0x90, 0x5E, 0xB3, 0xAA, 0x0D, 0xCF, 0xB6, 0x82, 0xD5, 0xEB, 0x9F, 0x00, 0x65,
    0xFC, 0x0B, 0x20, 0x1B, 0x0B, 0x66, 0x79, 0x96, 0x1F, 0x22, 0xC9, 0xEF, 0x07, 0x24, 0xE9, 0xBF,
    0xB6, 0x48, 0x92, 0xC8, 0x5E, 0x26, 0xBE, 0x42, 0xB6, 0xB1, 0xB6, 0x45, 0x9A, 0xD8, 0xC6, 0x11,
    0x3D, 0x8C, 0x27, 0x11, 0xF0, 0x23, 0x03, 0xAB, 0xCA, 0x16, 0xDA, 0x05, 0xE1, 0x28, 0xDA, 0x24,
    0x98, 0x09, 0x66, 0x54, 0x10, 0xCA, 0x2B, 0xCC, 0xCF, 0x3D, 0xC9, 0x88, 0xB9, 0xBA, 0x27, 0x0D,
    0xA4, 0xAD, 0x3D, 0xC8, 0xCF, 0xF6, 0xCE, 0xAA, 0xD2, 0x73, 0xC7, 0x87, 0xC8, 0xED, 0xAD, 0x1B,
    0x21, 0x37, 0xCF, 0x7B, 0x19, 0x4E, 0x59, 0xD9, 0xD8, 0x25, 0x6C, 0x34, 0xDB, 0x0A, 0x37, 0xD9,
    0xBB, 0x2C, 0xC9, 0x06, 0x67, 0x88, 0xCF, 0xDC, 0xB6, 0xF3, 0x03, 0xB0, 0x89, 0x3B, 0xB2, 0x18,
    0xAF, 0xD8, 0xC6, 0x0B, 0x7B, 0x98, 0x90, 0xB8, 0xEA, 0x64, 0xFF, 0x10, 0x5E, 0x41, 0xE6, 0xF0,
    0x68, 0x44, 0xE6, 0xB0, 0xEA, 0x91, 0x39, 0xB6, 0x37, 0xF7, 0xE6, 0xC0, 0xDE, 0x1C, 0x90, 0x39,
    0x45, 0x9C, 0x90, 0x39, 0xA5, 0x3D, 0xC8, 0x1C, 0x27, 0x73, 0xF4, 0x7C, 0xD3, 0x9C, 0x92, 0xBD,
    0x39, 0x67, 0x7B, 0x73, 0x18, 0x66, 0x73, 0xFA, 0x1B, 0xE6, 0x98, 0x42, 0xE6, 0xAC, 0x67, 0x73,
    0x86, 0xD9, 0x9C, 0xFE, 0xA9, 0x39, 0xB5, 0x99, 0x63, 0x7B, 0xA8, 0x02, 0x1B, 0xEA, 0x34, 0xE9,
    0x80, 0x82, 0xA2, 0xA8, 0x80, 0xD2, 0xA2, 0x53, 0x1F, 0x97, 0x0B, 0x58, 0xE0, 0xF4, 0xDE, 0x1A,
    0x93, 0x22, 0x34, 0xDE, 0x46, 0x88, 0x57, 0x76, 0x57, 0x18, 0xC1, 0x8A, 0x4C, 0xFE, 0x6A, 0x28,
    0xCC, 0xC7, 0x6E, 0xA0, 0x34, 0x03, 0x7D, 0xAF, 0x75, 0x33, 0xC8, 0x67, 0xE8, 0x17, 0xCE, 0xCC,
    0xA2, 0xC7, 0xD0, 0x90, 0xB5, 0x4E, 0x9F, 0xC8, 0x5B, 0xDF, 0xDB, 0xBD, 0xAC, 0xB5, 0xF1, 0xD8,
    0x56, 0x2B, 0x33, 0x22, 0xF9, 0xB4, 0x7A, 0xBC, 0xDF, 0x76, 0x31, 0x06, 0xD2, 0xB1, 0x70, 0x76,
    0xA7, 0xC1, 0xDC, 0x22, 0xCD, 0x28, 0x87, 0xC8, 0x1B, 0x36, 0x56, 0xA1, 0x28, 0xD7, 0xCC, 0x36,
    0x6F, 0x2F, 0x13, 0x3A, 0x33, 0x20, 0xD5, 0xC8, 0x59, 0x8B, 0xE6, 0x83, 0x91, 0xBC, 0x96, 0xAE,
    0x0C, 0x6B, 0xA1, 0x65, 0x29, 0xA5, 0x97, 0xE0, 0x7B, 0xE9, 0x8E, 0xF3, 0x37, 0xFF, 0x32, 0x6D,
    0xD9, 0xC4, 0x29, 0x6B, 0xD9, 0xC6, 0x49, 0x0B, 0xA8, 0x0F, 0x22, 0x3F, 0xA3, 0x3D, 0xC3, 0x76,
    0x92, 0xEE, 0x99, 0xC5, 0xB0, 0xD5, 0xA6, 0x73, 0x21, 0xCC, 0x2B, 0xE4, 0x46, 0x27, 0x6D, 0x08,
    0x97, 0x42, 0xB8, 0x10, 0xC2, 0xB5, 0x10, 0x36, 0x42, 0xA8, 0x60, 0x65, 0xB0, 0xCF, 0xB9, 0x6B,
    0x5D, 0x6B, 0xD7, 0x54, 0xF6, 0x91, 0x42, 0xA8, 0x4A, 0xA1, 0x5A, 0x42, 0xDA, 0x9A, 0xCE, 0x5A,
    0x43, 0x98, 0x09, 0x61, 0x5E, 0x0B, 0x61, 0x05, 0x50, 0xF0, 0x14, 0xE1, 0x4A, 0x7A, 0x61, 0xEA,
    0x7B, 0xC2, 0x59, 0x0E, 0xD2, 0x9D, 0x29, 0xFD, 0xFF, 0x94, 0x25, 0x8F, 0x59, 0xF0, 0x36, 0x6B,
    0x84, 0x9D, 0xD1, 0x05, 0x86, 0x24, 0xB8, 0xC1, 0xF7, 0x49, 0xF0, 0x5D, 0x12, 0xD2, 0xCE, 0xF7,
    0x69, 0xEB, 0xBB, 0xAC, 0x4D, 0xDB, 0xBC, 0xCE, 0xDA, 0xBC, 0xCA, 0xDB, 0x82, 0xBC, 0x2E, 0x29,
    0xAA, 0xEB, 0x4B, 0x07, 0xE3, 0x82, 0x25, 0x6B, 0x16, 0x1A, 0x60, 0x02, 0x46, 0x60, 0x40, 0xE6,
    0xBE, 0xDE, 0x43, 0x6C, 0x61, 0x87, 0x3C, 0xB6, 0x64, 0xC9, 0x16, 0x7D, 0x20, 0x56, 0x9C, 0x72,
    0x46, 0xAC, 0x59, 0xB3, 0x76, 0x5F, 0xD8, 0xB2, 0x36, 0xC9, 0x67, 0x1D, 0x23, 0xA3, 0xFF, 0x4D,
    0xCF, 0xC0, 0xE0, 0x3F, 0x0E, 0xCE, 0x90, 0xB4, 0xD7, 0x80, 0xAE, 0x81, 0xB4, 0x4D, 0x12, 0x7C,
    0xC8, 0xDA, 0xB5, 0xEF, 0x7D, 0x9F, 0xD7, 0x4B, 0xDF, 0xF9, 0x2E, 0xAF, 0xCA, 0xB4, 0x4D, 0x0D,
    0xD0, 0x4F, 0xDA, 0xCC, 0x6E, 0x7F, 0x5F, 0xE7, 0x6D, 0x49, 0xFA, 0x6F, 0xF5, 0xF5, 0x0B, 0xF8,
    0x4F, 0xAA, 0xA2, 0x5A, 0x90, 0x44, 0x0A, 0xD6, 0xB8, 0x48, 0x49, 0x63, 0x50, 0x96, 0x3C, 0x42,
    0x76, 0x4B, 0xD6, 0x87, 0x87, 0x95, 0x1F, 0xA4, 0x63, 0x8F, 0x6E, 0x15, 0x92, 0x19, 0xFC, 0x29,
    0x02, 0xFF, 0x18, 0x81, 0x5F, 0x23, 0xF0, 0x08, 0x3C, 0x08, 0xBC, 0x0B, 0xFE, 0x37, 0xF2, 0xA0,
    0xC0, 0xFB, 0xE0, 0x3B, 0x7B, 0xEE, 0x05, 0xDE, 0x9C, 0xB8, 0xB6, 0x67, 0x81, 0x37, 0x57, 0x96,
    0xF6, 0x2C, 0xF0, 0x76, 0x33, 0xF0, 0x95, 0xC0, 0x9B, 0x5B, 0xFD, 0xA7, 0x55, 0x89, 0xC0, 0x2F,
    0x11, 0xF8, 0x05, 0x02, 0x7F, 0x26, 0xF0, 0x33, 0xEA, 0x06, 0xC9, 0x88, 0x64, 0x90, 0x76, 0x01,
    0x93, 0xD7, 0x75, 0x93, 0xF7, 0xD1, 0x02, 0x48, 0xB2, 0x0A, 0x93, 0xA2, 0xC6, 0x24, 0xE7, 0x86,
    0x0C, 0x65, 0x67, 0x31, 0xFF, 0xDF, 0x71, 0xE4, 0xEC, 0xDA, 0xB0, 0x8F, 0xED, 0x30, 0x49, 0x6C,
    0xD2, 0x06, 0x3F, 0x71, 0xC6, 0x88, 0x72, 0xE3, 0xA0, 0x74, 0xEC, 0x82, 0xF2, 0xB1, 0x8E, 0x35,
    0xC6, 0xC4, 0x62, 0xDD, 0x36, 0x0E, 0x79, 0x6D, 0xC6, 0x2A, 0xB7, 0xA6, 0xAD, 0xC5, 0x64, 0x9F,
    0xB5, 0x96, 0x67, 0xFA, 0x5C, 0xB7, 0x2E, 0xAF, 0x59, 0x62, 0xF6, 0x23, 0x28, 0x1C, 0xEC, 0x59,
    0x96, 0x48, 0x16, 0xD2, 0x7F, 0x3C, 0x61, 0xB2, 0x1A, 0x60, 0xDE, 0xB8, 0x3C, 0x63, 0x99, 0x27,
    0x7F, 0x35, 0xEC, 0x33, 0x4E, 0x12, 0xBF, 0x9C, 0x69, 0x92, 0x01, 0xE5, 0x13, 0xC8, 0x4C, 0xE5,
    0x0D, 0xB0, 0x5C, 0x03, 0x6B, 0x53, 0xE3, 0xA9, 0xB9, 0x68, 0x01, 0xBE, 0x5F, 0x58, 0x38, 0x2D,
    0xC1, 0x36, 0x0B, 0xA5, 0x41, 0x58, 0xC5, 0x08, 0x5B, 0x53, 0x97, 0x6F, 0x3E, 0x50, 0xF4, 0x55,
    0xBE, 0xC3, 0x36, 0x3D, 0x79, 0xAD, 0x04, 0xBE, 0xB2, 0xD8, 0x3E, 0xC3, 0x4C, 0x7E, 0x89, 0x0F,
    0xC8, 0xFE, 0xAE, 0xC7, 0x7F, 0x52, 0x9B, 0x93, 0x8E, 0x60, 0x14, 0xE1, 0x94, 0x78, 0xF5, 0xB6,
    0xBF, 0x2C, 0xC6, 0xAC, 0x4F, 0x07, 0x4B, 0x3F, 0x76, 0x38, 0xAD, 0x34, 0xAB, 0xEF, 0xD6, 0xA4,
    0x9D, 0x1D, 0x47, 0x0D, 0xC5, 0xF5, 0xB5, 0xAA, 0x2D, 0xDB, 0x5A, 0xAE, 0xB5, 0x23, 0x2F, 0x1D,
    0x0B, 0xF8, 0x3E, 0x7F, 0xC5, 0x4B, 0xBE, 0x23, 0x7B, 0xB7, 0xC2, 0x5F, 0x21, 0x9B, 0x66, 0xD9,
    0x44, 0x28, 0xAF, 0x0C, 0xBB, 0x60, 0x90, 0xDB, 0x55, 0x83, 0x39, 0xB4, 0xD8, 0xBB, 0x72, 0xA9,
    0x4B, 0x8E, 0x9C, 0x83, 0x7B, 0x8E, 0x4B, 0xA7, 0xD8, 0x44, 0x57, 0xB9, 0x43, 0xC3, 0x65, 0xD5,
    0xDA, 0x7F, 0xD4, 0x5B, 0x59, 0xB3, 0x63, 0x2F, 0x23, 0x0C, 0x38, 0xAB, 0x6E, 0xF6, 0xC7, 0xB9,
    0xEF, 0x48, 0x8F, 0xCB, 0x99, 0x62, 0xAE, 0x62, 0xB4, 0x5C, 0x41, 0x27, 0xED, 0x2B, 0x06, 0x40,
    0x6E, 0xEF, 0x81, 0x93, 0x8A, 0x03, 0x71, 0xB1, 0x87, 0x32, 0x5E, 0x61, 0xB5, 0x60, 0x65, 0xA5,
    0x60, 0xAB, 0x4A, 0x50, 0x85, 0xA0, 0xEA, 0x40, 0x95, 0x81, 0xE7, 0xA6, 0x54, 0x04, 0xAA, 0x06,
    0x9C, 0xF6, 0x2A, 0xED, 0x55, 0x00, 0xAA, 0xFE, 0x53, 0xF9, 0x67, 0xD5, 0x9F, 0x8A, 0x3F, 0xD5,
    0x7E, 0x2A, 0xFD, 0x54, 0xF9, 0x99, 0xF7, 0xDE, 0x90, 0xF7, 0xF2, 0xB7, 0x2A, 0xD2, 0x2B, 0x14,
    0xD6, 0xB3, 0x14, 0x23, 0x44, 0x25, 0xAF, 0xD6, 0x4A, 0x40, 0xDB, 0xA5, 0x56, 0x00, 0x5A, 0xFD,
    0x67, 0xE5, 0x9F, 0x55, 0x7F, 0x56, 0xFC, 0xD9, 0xB1, 0x6C, 0xA5, 0xDF, 0x92, 0xB2, 0x2A, 0x7F,
    0xB1, 0x23, 0x8F, 0x23, 0xE6, 0x1F, 0x92, 0x2E, 0x07, 0x86, 0x35, 0x70, 0x1E, 0x80, 0xB2, 0x9D,
    0x6B, 0xB0, 0x59, 0x54, 0x12, 0x2A, 0x9D, 0x2B, 0xAD, 0xA7, 0x96, 0xC9, 0x2D, 0x9D, 0xB7, 0x4A,
    0xEB, 0xE6, 0x3D, 0x6D, 0xA5, 0x4A, 0xA5, 0xA0, 0x2A, 0x41, 0x15, 0x82, 0x0B, 0x14, 0xEA, 0x28,
    0xD0, 0xD7, 0xA6, 0x1A, 0x53, 0x23, 0x8D, 0xAD, 0x81, 0x2A, 0x40, 0x15, 0x80, 0xAA, 0xFF, 0x5C,
    0x7C, 0x02, 0xE4, 0x3C, 0x42, 0x3B, 0xF0, 0xD3, 0x1A, 0x17, 0x8F, 0x76, 0xA0, 0xD5, 0x81, 0x69,
    0xCB, 0x68, 0xA1, 0x69, 0x65, 0x83, 0xD5, 0x7F, 0x56, 0xFD, 0x59, 0xED, 0x67, 0x95, 0x9F, 0x05,
    0xA2, 0x55, 0x7D, 0x56, 0xF3, 0xAD, 0x8F, 0x77, 0xA0, 0x2A, 0x3D, 0x0B, 0x03, 0xCC, 0x53, 0x1C,
    0x4A, 0x38, 0x45, 0x7E, 0xC2, 0x75, 0x3F, 0xBE, 0x13, 0x8B, 0xBD, 0xAA, 0xC6, 0x91, 0x59, 0xB2,
    0xFB, 0x3D, 0xF9, 0xB5, 0x07, 0xB2, 0xA4, 0xBB, 0x3D, 0xCB, 0x39, 0x9F, 0x0F, 0x55, 0xDF, 0xCF,
    0x67, 0xA6, 0x89, 0x93, 0xF9, 0x61, 0x7D, 0x77, 0xE6, 0xDB, 0x54, 0xA4, 0x9D, 0x62, 0x5D, 0x51,
    0xF7, 0x03, 0xC8, 0x5E, 0xED, 0xC8, 0x5F, 0xEB, 0xC9, 0x93, 0xF6, 0xF6, 0x5C, 0xA0, 0x60, 0x3E,
    0xBD, 0x11, 0xCC, 0xF5, 0x97, 0xB7, 0x41, 0x7F, 0x37, 0x7E, 0x48, 0xEB, 0x97, 0xF1, 0xDD, 0x00,
    0x9F, 0x77, 0xB0, 0xAD, 0x61, 0x73, 0xB8, 0x1D, 0xC2, 0xED, 0x6E, 0x87, 0x86, 0x39, 0x31, 0xE5,
    0x68, 0xEE, 0x6F, 0x4F, 0x34, 0xF4, 0x06, 0x00, 0x18, 0x80, 0x53, 0xE0, 0x85, 0xAF, 0x27, 0x22,
    0xB6, 0x3D, 0x69, 0xBC, 0x22, 0xBD, 0xD8, 0xB0, 0x4F, 0x35, 0x4A, 0x3D, 0xBA, 0x1E, 0xC4, 0x36,
    0x8D, 0xB1, 0x2E, 0x9E, 0xE4, 0xD5, 0x6A, 0x5F, 0x0C, 0x9E, 0x31, 0xB1, 0x7A, 0x7D, 0xA0, 0x8C,
    0x1D, 0xE9, 0x0E, 0xB0, 0x90, 0x35, 0x35, 0x70, 0x20, 0x99, 0xEB, 0xA0, 0x78, 0xAD, 0x87, 0xDC,
    0xB7, 0x77, 0x91, 0xBF, 0x0D, 0x54, 0x76, 0x80, 0x29, 0x4F, 0x3A, 0xE1, 0x79, 0x3E, 0x69, 0x6F,
    0x2D, 0x8F, 0xCB, 0xE8, 0xA3, 0x59, 0x4C, 0xD6, 0x73, 0xD1, 0xC2, 0x23, 0xEE, 0xC6, 0xF2, 0x81,
    0x2C, 0x86, 0x63, 0x40, 0x93, 0xE0, 0xDC, 0x9E, 0xE5, 0xCC, 0x12, 0x77, 0xA6, 0x9D, 0xE5, 0xFD,
    0x9B, 0x52, 0xAA, 0xAD, 0x66, 0xA3, 0x1B, 0xE3, 0x28, 0x27, 0x04, 0x39, 0xCB, 0x7F, 0xAC, 0x5B,
    0xFE, 0x51, 0x10, 0x1A, 0xAF, 0xDB, 0xD2, 0xF7, 0x88, 0x75, 0xE9, 0xD4, 0x55, 0xD9, 0xC6, 0xB3,
    0xF2, 0xD2, 0x6E, 0x99, 0x85, 0x17, 0x14, 0xF6, 0x2C, 0x77, 0x54, 0xA8, 0xB5, 0x04, 0x18, 0x75,
    0x13, 0xD5, 0x03, 0xA9, 0xFA, 0x28, 0x35, 0xA6, 0x86, 0x00, 0xEB, 0xA1, 0x38, 0xC7, 0x9A, 0xA8,
    0x03, 0x5C, 0xAD, 0x06, 0x69, 0x39, 0x92, 0xA2, 0xFF, 0xA7, 0x6D, 0x45, 0x1C, 0xBF, 0x88, 0xBD,
    0x1F, 0x5F, 0x89, 0xAF, 0x85, 0xAC, 0xCB, 0x27, 0x37, 0xE4, 0x75, 0x16, 0x5C, 0x28, 0x49, 0x7B,
    0x1F, 0xAC, 0xB2, 0x7D, 0xD0, 0x2E, 0xAC, 0xD5, 0x66, 0x4D, 0x1E, 0x1F, 0xAA, 0x31, 0x06, 0xF3,
    0x91, 0xE9, 0x8D, 0x71, 0x2B, 0xCE, 0x06, 0x5E, 0x65, 0xFF, 0x38, 0xDC, 0xAB, 0xCA, 0xDD, 0xCB,
    0x31, 0x56, 0xD9, 0x70, 0x5A, 0x5E, 0x82, 0xDB, 0x5E, 0x62, 0xF1, 0xDD, 0xB2, 0xB9, 0xB8, 0xD7,
    0x8A, 0x8E, 0x48, 0x03, 0xC2, 0x0A, 0x45, 0x05, 0x32, 0x40, 0xF0, 0x05, 0xDE, 0xEC, 0x8B, 0x16,
    0x6C, 0xA6, 0x58, 0x9A, 0x5A, 0x30, 0xB1, 0x89, 0x6D, 0x63, 0xEA, 0x1C, 0xFB, 0x5F, 0xC5, 0x48,
    0x3E, 0x9C, 0x0C, 0x78, 0x35, 0xD1, 0x0F, 0x76, 0x15, 0xA4, 0x53, 0x6E, 0xE6, 0xBD, 0x05, 0xBB,
    0x74, 0x47, 0x32, 0x38, 0x51, 0x2B, 0x13, 0x59, 0xCB, 0x84, 0x7A, 0x57, 0xB5, 0xAE, 0x45, 0xE5,
    0x02, 0x05, 0xEA, 0x90, 0xBD, 0xA9, 0xBC, 0xB7, 0x23, 0xAB, 0x23, 0xFF, 0xF8, 0xF3, 0x96, 0x2C,
    0xFE, 0xBA, 0xC5, 0xED, 0xB2, 0x5A, 0x87, 0x82, 0x8D, 0x17, 0xF6, 0xCA, 0xDC, 0xF9, 0x33, 0x83,
    0xBF, 0xB1, 0xDF, 0xEE, 0x69, 0x29, 0xF8, 0x20, 0x6D, 0x61, 0x51, 0x02, 0x85, 0x19, 0x96, 0x07,
    0x20, 0xA9, 0x61, 0x96, 0x5B, 0x33, 0x5F, 0xED, 0x0A, 0x0D, 0xBF, 0xDB, 0xFC, 0xC4, 0x0E, 0x4A,
    0xDF, 0x3E, 0x02, 0xF7, 0x59, 0x0F, 0x68, 0xCB, 0x6C, 0x38, 0x94, 0xF4, 0xEA, 0xD8, 0x43, 0x7C,
    0xC9, 0x43, 0x85, 0x3C, 0x84, 0x1B, 0x66, 0xE7, 0xA4, 0xC7, 0x1E, 0xFA, 0xE2, 0xA9, 0x87, 0x5A,
    0x79, 0xC8, 0x94, 0x48, 0x16, 0xF6, 0x1E, 0x3A, 0x39, 0xF6, 0x90, 0xAB, 0x4F, 0x00, 0x63, 0x95,
    0x68, 0x46, 0x10, 0x9B, 0x44, 0x71, 0xE4, 0xA1, 0x86, 0xAC, 0x13, 0x5F, 0xC2, 0xC8, 0x87, 0x30,
    0x24, 0x23, 0x2E, 0x64, 0x3D, 0x49, 0x28, 0x6A, 0xBC, 0x55, 0xCE, 0xFE, 0xDF, 0x47, 0xF0, 0xBF,
    0xEE, 0x21, 0xFD, 0xB4, 0x85, 0x2C, 0x76, 0x90, 0x7F, 0x16, 0x20, 0x7F, 0x47, 0x64, 0xC9, 0x08,
    0x05, 0xCD, 0x3E, 0xE9, 0x2C, 0x59, 0x99, 0x2A, 0x2A, 0xCE, 0xCC, 0x26, 0xD1, 0x24, 0x62, 0x3E,
    0x5D, 0x6F, 0xEB, 0xBF, 0x86, 0x65, 0x40, 0x15, 0xEE, 0x73, 0x15, 0xB3, 0x08, 0xFF, 0x6A, 0xBF,
    0x0E, 0x67, 0x47, 0xFD, 0xC5, 0xC4, 0xE0, 0x83, 0x0B, 0x79, 0x9B, 0x84, 0x95, 0x8A, 0x76, 0xFF,
    0xCB, 0x80, 0xFF, 0xC4, 0x0E, 0x9C, 0x56, 0x50, 0xF2, 0x5F, 0x06, 0x01, 0x29, 0xAA, 0x51, 0x30,
    0x0C, 0x85, 0x28, 0x04, 0xB3, 0xF3, 0x1B, 0x6B, 0x0F, 0x32, 0x80, 0x53, 0xED, 0x49, 0x66, 0xB5,
    0xD5, 0xF6, 0xAA, 0x6E, 0xAB, 0x4B, 0xF8, 0x5B, 0x48, 0x3A, 0xF0, 0x2D, 0xA4, 0x76, 0x4D, 0x90,
    0x4C, 0x1C, 0x4A, 0x8C, 0xF3, 0xD1, 0x38, 0xCB, 0xB7, 0xCA, 0x01, 0xEC, 0xCF, 0xBF, 0x95, 0x59,
    0xF3, 0x0D, 0x38, 0x25, 0xE1, 0x59, 0x7C, 0xD7, 0xE0, 0x6C, 0xAF, 0x6E, 0xC5, 0xFA, 0xCE, 0xA2,
    0xB4, 0x16, 0xCD, 0x55, 0xCE, 0xCC, 0x0C, 0x0A, 0x0A, 0xCE, 0xC1, 0x8D, 0x66, 0xB0, 0xB8, 0x6F,
    0x56, 0xA3, 0xC5, 0x52, 0xA5, 0xDD, 0xAA, 0x3F, 0xFA, 0x5E, 0x97, 0x88, 0xF3, 0xAC, 0xAD, 0x28,
    0xEA, 0x4B, 0x67, 0xC3, 0x8C, 0xDC, 0x33, 0x2C, 0xDF, 0xE5, 0x05, 0xD2, 0x76, 0x20, 0xF9, 0xAF,
    0x0E, 0xEC, 0x73, 0x1F, 0x1E, 0xCE, 0x37, 0x11, 0xA3, 0xFC, 0xFA, 0x74, 0x02, 0x2B, 0xF3, 0x06,
    0x65, 0x0F, 0x0A, 0x9B, 0xEF, 0x02, 0x36, 0x13, 0xB8, 0x88, 0xFE, 0xAF, 0xF8, 0xCE, 0x6E, 0x74,
    0xE4, 0x25, 0x86, 0x73, 0x38, 0xB1, 0xE1, 0x02, 0xE5, 0xAE, 0xDA, 0xCF, 0x5B, 0x0F, 0xF8, 0x79,
    0xDE, 0xC7, 0x3C, 0x95, 0xB9, 0x43, 0xDF, 0x77, 0xE7, 0xB3, 0x09, 0xBE, 0x3B, 0x68, 0xF6, 0xE7,
    0x46, 0xFF, 0xA8, 0xD9, 0x3F, 0x6E, 0xF4, 0xED, 0x1A, 0x85, 0x9E, 0x6D, 0x67, 0x2B, 0xFB, 0x87,
    0xCE, 0xBB, 0x1B, 0x78, 0x40, 0xD8, 0x4D, 0x04, 0x1D, 0xF6, 0xC8, 0x11, 0xF0, 0x03, 0x82, 0x7D,
    0xE6, 0xD7, 0x67, 0x7A, 0x7D, 0x66, 0xD7, 0x67, 0xCC, 0x33, 0xB7, 0x3E, 0x53, 0xEB, 0x33, 0xB3,
    0x3E, 0x13, 0xEB, 0x33, 0xDC, 0x99, 0x56, 0x9F, 0x59, 0xF5, 0x99, 0x54, 0x9F, 0x39, 0xF5, 0x99,
    0x52, 0x3F, 0x60, 0xD4, 0x73, 0x53, 0xC8, 0x62, 0x49, 0xC9, 0x11, 0xAF, 0xA5, 0x65, 0xFA, 0xF6,
    0x10, 0xEA, 0x66, 0xE7, 0x9C, 0x4B, 0x07, 0xB4, 0xD1, 0xE0, 0x84, 0x3B, 0xC9, 0xC9, 0xF0, 0xDE,
    0x5C, 0x01, 0xA7, 0xDD, 0x3C, 0xF6, 0xE9, 0x5D, 0xE7, 0xE4, 0xC6, 0x86, 0xD1, 0xAD, 0x07, 0xB4,
    0xFF, 0x61, 0x50, 0x34, 0x3A, 0x45, 0x09, 0x49, 0x50, 0x81, 0xED, 0xED, 0x56, 0xE2, 0x35, 0x15,
    0xFE, 0x3F, 0xAF, 0x8B, 0xF0, 0xA5, 0xC5, 0x59, 0x44, 0xB5, 0xE0, 0x4E, 0xDB, 0xCC, 0x7A, 0x3B,
    0xBB, 0xAD, 0x0D, 0x6F, 0x45, 0x63, 0x88, 0x61, 0xC2, 0xE0, 0x8A, 0x7B, 0x5F, 0x5A, 0x4E, 0xD7,
    0x6D, 0xF4, 0xBD, 0xF9, 0xF3, 0xAA, 0x68, 0x59, 0x1B, 0x22, 0x7B, 0x9B, 0x4C, 0xAD, 0xC1, 0xCF,
    0x63, 0x45, 0xF6, 0x0F, 0x31, 0x90, 0x9F, 0xA7, 0x23, 0x79, 0x60, 0xA2, 0xB0, 0x4D, 0x51, 0xD6,
    0x9C, 0x69, 0x5B, 0xB0, 0x34, 0xB5, 0x30, 0xD8, 0x6B, 0x98, 0x68, 0x70, 0xA3, 0x61, 0x0F, 0x8C,
    0x64, 0x9D, 0x1B, 0x28, 0x5A, 0x17, 0xD8, 0x90, 0x84, 0x64, 0xC2, 0xF7, 0x79, 0xC0, 0x77, 0xDB,
    0x8A, 0xF4, 0xB7, 0x23, 0x64, 0xF1, 0xC2, 0xE6, 0x39, 0x72, 0x4E, 0xC1, 0xEC, 0xA1, 0xE5, 0xAC,
    0xE6, 0x8D, 0xFC, 0x1C, 0xF3, 0x9B, 0xA9, 0x22, 0xB0, 0x07, 0x78, 0x9F, 0x03, 0xF9, 0x90, 0x99,
    0xF4, 0x17, 0x6B, 0x1E, 0xEB, 0x3D, 0xDD, 0x2F, 0xBE, 0x5C, 0x54, 0xBF, 0xB8, 0x72, 0xD1, 0xFC,
    0xE2, 0xC9, 0xC5, 0x92, 0x8B, 0x23, 0x17, 0x43, 0x2E, 0x7E, 0x5C, 0xEC, 0xB8, 0xB8, 0x71, 0xD1,
    0xFA, 0xE2, 0xC5, 0xC5, 0x8A, 0x8B, 0x13, 0x17, 0x23, 0x0E, 0x0F, 0x81, 0x71, 0x1F, 0x5B, 0xAF,
    0x00, 0xD9, 0x11, 0xAF, 0x6D, 0xA4, 0xB6, 0x31, 0xDA, 0x46, 0x67, 0x1B, 0x97, 0x6D, 0x44, 0xB6,
    0xB1, 0xD8, 0x46, 0x61, 0x67, 0x6A, 0x8C, 0xAD, 0x90, 0x4F, 0x82, 0x2D, 0xA5, 0xAD, 0xE3, 0x8A,
    0xD4, 0xAE, 0xCE, 0x0A, 0xFA, 0x79, 0xD3, 0x17, 0xF5, 0xBC, 0xCB, 0xDF, 0x60, 0x2F, 0xC9, 0x08,
    0x3C, 0xFF, 0x12, 0xF0, 0x62, 0x06, 0xBC, 0x54, 0x00, 0xF9, 0xCE, 0xD4, 0x04, 0x94, 0x86, 0x65,
    0x61, 0xAA, 0x31, 0x35, 0x2C, 0xC0, 0x87, 0xA3, 0xE6, 0xAD, 0x38, 0x6E, 0xDE, 0x06, 0x0A, 0xED,
    0xA8, 0x4A, 0xCD, 0x5B, 0x76, 0xD8, 0xBC, 0x65, 0xFB, 0xE6, 0x0D, 0xF7, 0x9E, 0x8D, 0xA2, 0x10,
    0xD4, 0x5A, 0xFC, 0x35, 0x92, 0xE4, 0x0A, 0xB2, 0x9F, 0xC0, 0xF3, 0xBE, 0x22, 0x4B, 0x2B, 0xFC,
    0xEE, 0x56, 0x9B, 0xB9, 0xE4, 0x02, 0x93, 0xAC, 0x63, 0x3E, 0x37, 0xE4, 0x6A, 0x49, 0xE0, 0x0F,
    0xA2, 0xB5, 0xCB, 0xFA, 0x79, 0xB7, 0xCE, 0xE5, 0x45, 0x63, 0xCA, 0xF5, 0x7C, 0xB3, 0x6D, 0x1E,
    0x9C, 0x5C, 0xCC, 0x40, 0x96, 0x33, 0x0B, 0xE0, 0x3A, 0x66, 0xE1, 0x4F, 0x60, 0x33, 0x2E, 0x95,
    0xFC, 0x28, 0xBB, 0x32, 0xF0, 0x21, 0x59, 0x70, 0x23, 0xC5, 0xE8, 0x03, 0x4B, 0x6D, 0xD9, 0xC6,
    0x8A, 0xEC, 0xA6, 0xA8, 0xD2, 0xAE, 0x29, 0x29, 0xAA, 0x6B, 0xB5, 0x64, 0x5A, 0x31, 0x5D, 0xAB,
    0x24, 0xB8, 0x71, 0x95, 0x75, 0xC9, 0xB0, 0xD2, 0x5E, 0x3E, 0x27, 0xEB, 0x0B, 0x3B, 0x22, 0x72,
    0x8B, 0xF9, 0xEC, 0xF2, 0xE4, 0xCA, 0x3C, 0x19, 0x58, 0xDE, 0xDB, 0x55, 0xBC, 0x80, 0x84, 0x9F,
    0x02, 0x73, 0xC1, 0x53, 0x2B, 0x7C, 0x24, 0x3C, 0x43, 0xBA, 0x5B, 0xB0, 0x8A, 0x23, 0xBB, 0x74,
    0xF0, 0x21, 0x1D, 0xD3, 0x2E, 0x9F, 0xF2, 0x76, 0xD9, 0xE4, 0xD5, 0xA3, 0xA6, 0x30, 0x04, 0x69,
    0xFB, 0xA8, 0xCC, 0xAB, 0xA1, 0x5C, 0xB8, 0x50, 0x8C, 0x76, 0x98, 0x64, 0x6D, 0xD6, 0x6F, 0xAA,
    0x22, 0x5E, 0xB1, 0xD8, 0xF4, 0x3C, 0x23, 0x73, 0xDF, 0x79, 0x08, 0xBE, 0x1F, 0xC1, 0x85, 0xB5,
    0xD9, 0x6B, 0xE3, 0x9F, 0xE6, 0x77, 0xC1, 0x7D, 0xA4, 0x1F, 0x0F, 0xF8, 0x30, 0x1A, 0x10, 0xC3,
    0x61, 0x30, 0x6E, 0x31, 0x4C, 0x5C, 0xAC, 0x20, 0xB3, 0x65, 0xCF, 0x5F, 0xED, 0xE1, 0x47, 0xF4,
    0x77, 0x60, 0x22, 0x2E, 0x0A, 0x84, 0x61, 0x30, 0x08, 0xB7, 0x65, 0x9E, 0x7B, 0xF8, 0x53, 0xDC,
    0x70, 0x06, 0x4D, 0x09, 0x8B, 0xBC, 0x3A, 0xE2, 0xED, 0x2C, 0xC4, 0xEC, 0xBA, 0x59, 0xC2, 0x86,
    0xA7, 0x25, 0xAC, 0x85, 0x74, 0x16, 0x63, 0x75, 0xF3, 0xFB, 0xAA, 0x9B, 0xFD, 0xE4, 0x66, 0x3F,
    0x94, 0x58, 0xCC, 0x8F, 0x82, 0x88, 0x5E, 0x2D, 0xD7, 0x07, 0x2F, 0x73, 0xA3, 0x17, 0xC1, 0x8F,
    0x65, 0x9D, 0x75, 0x79, 0x9D, 0x57, 0x96, 0x7D, 0x4B, 0x96, 0x27, 0x3B, 0x36, 0x71, 0x60, 0xB3,
    0x53, 0xC2, 0xD4, 0xB5, 0xD6, 0xD8, 0x56, 0xB2, 0x5B, 0xA4, 0x4E, 0x24, 0x96, 0xE2, 0x2C, 0x42,
    0x93, 0x68, 0x85, 0xE2, 0x07, 0x64, 0xFC, 0xF9, 0xD7, 0x69, 0x07, 0xE9, 0x08, 0x65, 0x84, 0x45,
    0x56, 0xF1, 0xBE, 0xAF, 0x6F, 0xCB, 0x86, 0x93, 0xFB, 0x17, 0xF2, 0x8F, 0x05, 0x96, 0xB8, 0xE8,
    0xB7, 0x5F, 0xFA, 0x5A, 0xBF, 0x24, 0x5C, 0xE5, 0x6D, 0xF1, 0x7A, 0x97, 0xFE, 0x73, 0x48, 0xFA,
    0x0F, 0x90, 0xA8, 0x72, 0x9E, 0xBF, 0x07, 0x5C, 0xCD, 0x5F, 0x05, 0xAE, 0x35, 0xD2, 0x68, 0x3F,
    0x6E, 0xFE, 0x0A, 0xD1, 0xF7, 0x72, 0x5D, 0xB2, 0x83, 0x3C, 0xD6, 0xBC, 0x92, 0xB6, 0xFC, 0xD8,
    0xB5, 0x5F, 0x27, 0x5A, 0xB6, 0xB5, 0x8F, 0x7D, 0xF6, 0x4E, 0x78, 0x9E, 0xBF, 0xF9, 0xFD, 0xBE,
    0xD2, 0x34, 0x83, 0xA1, 0x10, 0xA6, 0x9F, 0x6B, 0xED, 0x03, 0x70, 0xF1, 0xC3, 0xBB, 0x68, 0xD9,
    0x9F, 0x7B, 0x75, 0x5E, 0x6B, 0xC5, 0x82, 0xD6, 0xFA, 0xB6, 0xFA, 0xF2, 0x83, 0x51, 0xD8, 0xEC,
    0x80, 0xA1, 0x00, 0xBA, 0xEC, 0x2E, 0xEC, 0x3C, 0xDE, 0x21, 0x49, 0x7B, 0x6B, 0x36, 0xBE, 0xF7,
    0x67, 0x30, 0x59, 0x71, 0x5C, 0x68, 0x49, 0xED, 0x5B, 0xB3, 0x83, 0x98, 0xAF, 0xAE, 0xAF, 0xC0,
    0x78, 0x32, 0x31, 0xF0, 0xD8, 0xEA, 0x70, 0x2B, 0xC2, 0x7D, 0x60, 0xE1, 0x7B, 0xAB, 0x48, 0xDC,
    0x94, 0xB6, 0xF7, 0x82, 0xD5, 0x22, 0x36, 0x5E, 0x5E, 0x1B, 0x3D, 0xDA, 0x50, 0xB0, 0xA0, 0x64,
    0xC5, 0xD2, 0x62, 0x96, 0xBC, 0x36, 0x0E, 0x6D, 0x4D, 0xD6, 0x19, 0x8E, 0xFC, 0x5F, 0x02, 0x96,
    0x6A, 0xE4, 0x08, 0x3B, 0xB7, 0xBE, 0xFF, 0x5D, 0x24, 0x61, 0x53, 0xF1, 0x3F, 0x11, 0xF7, 0xC5,
    0x85, 0x4C, 0xF5, 0xE3, 0x7C, 0xB6, 0xDC, 0x68, 0xF1, 0xEB, 0xAF, 0x6E, 0xF1, 0xE1, 0x41, 0x87,
    0x8B, 0x03, 0x3A, 0xAE, 0xAB, 0x1F, 0x7D, 0x9D, 0x36, 0x7C, 0xC5, 0x5A, 0xDC, 0x8E, 0x0D, 0x8D,
    0x7E, 0xCB, 0xEB, 0xC3, 0xE0, 0x72, 0xD5, 0x1B, 0x77, 0xF1, 0x15, 0x9A, 0xEF, 0x47, 0xAD, 0xD1,
    0x5C, 0x0A, 0xDC, 0xE2, 0x97, 0xC8, 0x26, 0x65, 0x00, 0xE2, 0x04, 0x49, 0xFF, 0x32, 0x24, 0xF5,
    0x1F, 0xDD, 0x85, 0x8D, 0x38, 0x6B, 0xEE, 0x8C, 0x7D, 0xBD, 0x1F, 0x78, 0x91, 0xF7, 0x6F, 0xCD,
    0xC6, 0x93, 0xD8, 0x51, 0xC6, 0x89, 0xDD, 0xFD, 0x47, 0x6E, 0xDE, 0x03, 0xBA, 0x54, 0xEA, 0xE0,
    0x76, 0xC0, 0xA6, 0x53, 0xEC, 0x92, 0x44, 0x50, 0x6D, 0xAC, 0xA3, 0xFD, 0xE0, 0x98, 0x2F, 0xAB,
    0x9F, 0xB9, 0xC8, 0x66, 0xE6, 0xE5, 0x4C, 0xFE, 0x14, 0x18, 0x81, 0xB0, 0xCF, 0xB7, 0x95, 0x8D,
    0x23, 0xB2, 0x80, 0xAC, 0x7F, 0x71, 0xDE, 0x5B, 0xFA, 0x74, 0x6A, 0xF3, 0x68, 0x68, 0x7B, 0x31,
    0x80, 0x01, 0x61, 0x54, 0x4A, 0x78, 0x92, 0x05, 0xA2, 0x41, 0xDC, 0x21, 0x71, 0x0F, 0x9F, 0xEE,
    0xD1, 0x1C, 0x78, 0x11, 0xD5, 0x55, 0x93, 0x5D, 0xE4, 0xC7, 0x9B, 0xF6, 0x28, 0x99, 0x2F, 0xF6,
    0x09, 0xBD, 0x01, 0x26, 0xF8, 0x5D, 0xB5, 0x41, 0xBA, 0xA7, 0xE9, 0x66, 0x91, 0x85, 0x15, 0xA8,
    0xD8, 0x05, 0xBE, 0x07, 0xF0, 0x03, 0x6C, 0x01, 0x94, 0x83, 0x8A, 0xD8, 0x6F, 0x63, 0x97, 0x76,
    0x4A, 0x40, 0xED, 0x51, 0x2E, 0x5D, 0xCE, 0x39, 0xE8, 0x0C, 0xCE, 0xBF, 0xC3, 0x6A, 0x52, 0xC5,
    0x28, 0x1A, 0x3E, 0x07, 0xDB, 0xAA, 0x1A, 0x46, 0xD4, 0x89, 0x9D, 0x9E, 0x3D, 0xF9, 0x93, 0x74,
    0xE0, 0x59, 0x99, 0x0F, 0xB3, 0xDA, 0xD3, 0x29, 0x3D, 0xB0, 0x31, 0x97, 0xEF, 0x6C, 0x1D, 0x6C,
    0xA5, 0x2E, 0x77, 0xE0, 0x28, 0x2B, 0xCC, 0x8B, 0xC7, 0xAA, 0x3E, 0xE2, 0x75, 0xAE, 0x80, 0x6C,
    0xD8, 0xAF, 0xE3, 0xBD, 0x9D, 0xAD, 0x79, 0x0F, 0x2B, 0xFB, 0xF3, 0x79, 0xC5, 0x2C, 0x27, 0xF1,
    0x42, 0x3D, 0xC2, 0xF2, 0xFE, 0xD5, 0x8D, 0x44, 0xDD, 0x80, 0x1F, 0x74, 0x68, 0x65, 0xB1, 0xA2,
    0x78, 0xB7, 0xE3, 0x3B, 0x5E, 0x6E, 0x3B, 0x76, 0x9F, 0x48, 0xD6, 0x5A, 0x3B, 0xE6, 0xC1, 0xA0,
    0x8D, 0xB0, 0x7D, 0x02, 0x97, 0xCC, 0xF2, 0x86, 0xAB, 0x61, 0xAD, 0xCE, 0x44, 0x0D, 0xDE, 0x30,
    0x77, 0x73, 0xB3, 0xB0, 0x9E, 0xE3, 0x40, 0x59, 0x5E, 0x79, 0xDE, 0xD9, 0xF1, 0x6B, 0xB9, 0x5E,
    0xAA, 0x57, 0xBE, 0x57, 0xC6, 0x37, 0x5A, 0xA6, 0xCD, 0x4C, 0xE5, 0xBF, 0x7A, 0xF3, 0xAD, 0x5A,
    0x8E, 0x97, 0xEB, 0xE5, 0x7C, 0xB9, 0x7F, 0x65, 0xF0, 0x45, 0xA3, 0x9C, 0xC1, 0xFA, 0x60, 0xF4,
    0xFF, 0xF7, 0x9B, 0x91, 0xAF, 0x2C, 0x53, 0xCA, 0x8E, 0xFF, 0x8D, 0xA3, 0xFB, 0x5C, 0xF4, 0xC3,
    0x3A, 0x99, 0x58, 0xFB, 0xC0, 0xDA, 0x0E, 0xE6, 0xB4, 0x53, 0x00, 0x0E, 0x33, 0xFD, 0x70, 0x18,
    0x80, 0x4B, 0x52, 0x6B, 0x31, 0xDB, 0xFF, 0x03, 0x75, 0x94, 0x01, 0x84, 0x2C, 0xC9, 0x1D, 0xC6,
    0x7F, 0x3D, 0xFD, 0x6E, 0x6B, 0x6F, 0xEB, 0xED, 0xD6, 0x02, 0x8E, 0x37, 0xBB, 0x7D, 0x58, 0xB2,
    0x61, 0x76, 0x7A, 0x22, 0xC3, 0xB5, 0xE8, 0xDE, 0xAE, 0x08, 0x02, 0xC4, 0x01, 0x00, 0x16, 0x87,
    0x00, 0x37, 0x68, 0x0C, 0x76, 0xDF, 0x94, 0x00, 0x80, 0x05, 0x00, 0x0C, 0x0E, 0x80, 0x4C, 0x58,
    0x2C, 0x2E, 0xAF, 0xCB, 0x41, 0x48, 0xA0, 0x00, 0x22, 0x42, 0x23, 0x11, 0x5C, 0xB8, 0x42, 0x87,
    0x09, 0xBD, 0x53, 0xA9, 0xF7, 0x76, 0xDF, 0xCB, 0x5B, 0x5C, 0x55, 0x7D, 0x65, 0xFC, 0xBF, 0x7F,
    0x7D, 0x7F, 0x3E, 0xFD, 0xCD, 0x4F, 0xA9, 0x51, 0x5A, 0xD8, 0x91, 0xE3, 0x9B, 0xD4, 0x4B, 0x9B,
    0xB3, 0x84, 0xDF, 0xC2, 0x8E, 0xF4, 0x07, 0xB2, 0x5F, 0xDB, 0xEB, 0x91, 0x13, 0xDD, 0xA1, 0x7A,
    0x28, 0x2F, 0xF2, 0x6D, 0x21, 0x3A, 0xA0, 0x0D, 0x84, 0x00, 0x40, 0x1D, 0x02, 0xAB, 0xB0, 0x63,
    0x91, 0xDA, 0x9B, 0x57, 0xBA, 0x0E, 0xC8, 0x2D, 0xD7, 0xC3, 0xFD, 0x44, 0xEA, 0x1B, 0x65, 0x4A,
    0x05, 0xD4, 0x66, 0xD5, 0x25, 0xDD, 0xA8, 0xCB, 0x4D, 0x49, 0x81, 0xEC, 0xCA, 0x65, 0x33, 0x69,
    0x26, 0x45, 0x91, 0x75, 0x90, 0xFA, 0x41, 0x7C, 0xE7, 0xD5, 0xAF, 0x6C, 0xA5, 0xF4, 0xDD, 0x84,
    0xCF, 0xB9, 0xAD, 0xA4, 0xCD, 0x72, 0xE4, 0x10, 0x29, 0x94, 0x51, 0x5A, 0x91, 0x31, 0xA5, 0x8A,
    0xBB, 0x24, 0x53, 0x3A, 0x57, 0x7A, 0x9A, 0x51, 0x65, 0x94, 0x53, 0xCE, 0x0F, 0xA8, 0x95, 0xCD,
    0x84, 0x95, 0xDF, 0xF9, 0x91, 0xBB, 0xA3, 0x27, 0xE9, 0xC1, 0x33, 0x4F, 0x6D, 0x25, 0x4D, 0x1E,
    0x90, 0x5B, 0x20, 0x6A, 0x51, 0x07, 0xEE, 0xA5, 0xF6, 0xA9, 0x4E, 0xBA, 0xD4, 0x49, 0x1B, 0x65,
    0x78, 0xCD, 0xB7, 0xA4, 0x5E, 0xBA, 0x28, 0xA0, 0xA7, 0x94, 0xDC, 0x71, 0x73, 0x53, 0x55, 0xD5,
    0xC5, 0xE9, 0xF3, 0xE2, 0xC7, 0xD6, 0x8C, 0x7A, 0xE1, 0x94, 0x2E, 0xE1, 0x36, 0xE9, 0xDA, 0x2E,
    0xB8, 0xD4, 0xA6, 0xF6, 0x53, 0x4E, 0xC9, 0xFB, 0xDA, 0x97, 0x2C, 0x1F, 0xDD, 0xB0, 0xF1, 0x90,
    0x5A, 0x84, 0x41, 0x6A, 0x14, 0x28, 0x38, 0x82, 0x81, 0x21, 0x3E, 0x8F, 0x1E, 0x14, 0x10, 0x89,
    0x0B, 0xE6, 0x14, 0x5C, 0x72, 0x48, 0x62, 0x52, 0x2B, 0x4C, 0xBB, 0x6D, 0x7B, 0xA8, 0x87, 0x7A,
    0x48, 0x8D, 0x30, 0x52, 0x8F, 0xA2, 0x74, 0x3D, 0xAC, 0xB6, 0x52, 0x4B, 0xA0, 0x1D, 0xDA, 0x2D,
    0x5B, 0x7A, 0x7C, 0xE2, 0x47, 0x5E, 0xB8, 0xD6, 0xB6, 0x5C, 0x52, 0x51, 0x72, 0xCD, 0xB7, 0x71,
    0xB7, 0x36, 0xB7, 0xD3, 0xBA, 0x9A, 0x08, 0x5D, 0x45, 0xCF, 0xA5, 0x56, 0xAE, 0x68, 0x16, 0xE5,
    0xA2, 0x2C, 0x96, 0x59, 0x07, 0x7B, 0x3A, 0x7A, 0x46, 0xC9, 0x06, 0xA1, 0x15, 0xC2, 0x25, 0x9D,
    0xE8, 0x82, 0xDD, 0x91, 0xC4, 0x39, 0x27, 0x94, 0x54, 0xD4, 0x36, 0xB3, 0xD2, 0xFE, 0xDF, 0xED,
    0xA8, 0x0D, 0x50, 0x87, 0x87, 0x55, 0x18, 0x96, 0x94, 0x77, 0x14, 0x9E, 0x06, 0x58, 0x4C, 0x8E,
    0x9A, 0xEB, 0x49, 0xFD, 0x43, 0xFF, 0x49, 0xA2, 0xCF, 0xF8, 0xF2, 0x42, 0x58, 0xF5, 0x35, 0x62,
    0x20, 0xF5, 0xF0, 0x15, 0xA3, 0x01, 0xB9, 0x63, 0xAA, 0x74, 0x9F, 0xDA, 0x22, 0xB1, 0x95, 0xB0,
    0x79, 0xD0, 0x62, 0x0B, 0x20, 0x76, 0x64, 0x41, 0xC7, 0x4A, 0x33, 0xB2, 0xD2, 0x95, 0xF9, 0xB6,
    0x29, 0x56, 0x7E, 0x23, 0x2D, 0x50, 0x07, 0xB3, 0x0A, 0x1A, 0x60, 0x15, 0x82, 0x89, 0xD0, 0x79,
    0x88, 0x2E, 0x46, 0x00, 0x3C, 0xD5, 0x69, 0x23, 0x44, 0x37, 0xCE, 0x1E, 0xCA, 0x72, 0xD5, 0xCF,
    0xA5, 0x83, 0x58, 0xDE, 0xB5, 0xE1, 0x01, 0x20, 0xB2, 0x4F, 0x6B, 0x07, 0x20, 0x2D, 0x2B, 0x93,
    0x0E, 0xE4, 0x8E, 0x4B, 0x9E, 0xD6, 0x14, 0x28, 0x81, 0x7B, 0x48, 0x3C, 0xA4, 0x0E, 0x84, 0x05,
    0xA5, 0x9F, 0x51, 0x3C, 0xA7, 0xC8, 0x7F, 0x9C, 0xCA, 0x3E, 0xA2, 0x26, 0xE4, 0x48, 0x24, 0x47,
    0xDC, 0x03, 0x25, 0x17, 0xD1, 0xB3, 0x86, 0xB2, 0x0D, 0xDB, 0x10, 0x7A, 0xA0, 0x0E, 0x43, 0x3C,
    0x0D, 0xC5, 0x82, 0xA6, 0x0D, 0x3E, 0x04, 0x2F, 0xFF, 0xB5, 0x2D, 0x6E, 0x2E, 0x36, 0xC5, 0x09,
    0xF0, 0xE2, 0x78, 0x7A, 0xAD, 0xBC, 0xB2, 0xB5, 0x6F, 0x3A, 0xE0, 0x4E, 0x38, 0xA9, 0xA5, 0x11,
    0x36, 0xB5, 0xC2, 0x5E, 0x02, 0x59, 0xB4, 0x22, 0xFF, 0xC8, 0x8E, 0x68, 0x8D, 0x8E, 0x96, 0x7C,
    0xF8, 0x34, 0x13, 0x97, 0xAC, 0x45, 0xA7, 0x4C, 0x45, 0xCF, 0xF3, 0x98, 0xD6, 0xBA, 0xB6, 0x6F,
    0x75, 0x14, 0xC0, 0x81, 0xA6, 0x66, 0x72, 0xB3, 0xBC, 0xB9, 0x1F, 0x4A, 0x7F, 0x87, 0x79, 0x4A,
    0x55, 0x6D, 0x73, 0xF3, 0xA4, 0x6A, 0x23, 0xCC, 0x12, 0x61, 0xEE, 0x90, 0x7A, 0x83, 0x22, 0x4E,
    0x76, 0xD9, 0xF3, 0xC9, 0x26, 0x42, 0x2B, 0x65, 0x62, 0x14, 0xA7, 0x8A, 0x2A, 0xA3, 0x9A, 0x02,
    0x2B, 0xDF, 0x7A, 0xBA, 0xC4, 0x8D, 0x6C, 0x62, 0x00, 0x0E, 0x91, 0xFF, 0x2E, 0xF3, 0xA1, 0x29,
    0x82, 0xFF, 0xC3, 0xF7, 0x36, 0xB1, 0x00, 0x64, 0x90, 0xC3, 0x09, 0xB2, 0x9B, 0x64, 0x0F, 0xCB,
    0x72, 0xE5, 0x1B, 0xE9, 0xD8, 0x40, 0x0F, 0x1E, 0x40, 0xFC, 0xF7, 0x42, 0x85, 0x61, 0x22, 0x3B,
    0x40, 0xF5, 0xCB, 0x3A, 0xF8, 0x26, 0xB7, 0xFC, 0x52, 0x8B, 0xDF, 0xB9, 0x3C, 0xF4, 0x79, 0x34,
    0x2D, 0x35, 0x09, 0x80, 0x20, 0xB3, 0xF9, 0xAD, 0xE2, 0x94, 0x0B, 0x00, 0x60, 0x65, 0x57, 0xAE,
    0x76, 0x8F, 0xF7, 0x02, 0x20, 0xDE, 0x07, 0xE0, 0xAE, 0xF8, 0xF3, 0x8C, 0x5B, 0x4E, 0xEC, 0x17,
    0x1A, 0x5E, 0x92, 0x02, 0x0B, 0x58, 0xB3, 0xD8, 0x40, 0xF7, 0xBE, 0xD3, 0xC1, 0xEC, 0xFD, 0xFD,
    0x96, 0x75, 0x8F, 0x3D, 0x8C, 0x49, 0x35, 0x1C, 0xDA, 0x2F, 0x60, 0x11, 0x75, 0xDE, 0x6B, 0x36,
    0x40, 0xE2, 0x3E, 0x9E, 0xE8, 0x78, 0x43, 0x66, 0x33, 0xFB, 0x06, 0xF7, 0x21, 0xDA, 0x15, 0x27,
    0x8C, 0x1E, 0xC8, 0x02, 0x95, 0x34, 0x4D, 0x6A, 0x93, 0x8E, 0xD4, 0x33, 0xEA, 0x80, 0x33, 0x53,
    0x77, 0x99, 0xAD, 0x5D, 0xD5, 0x01, 0xEB, 0x57, 0xEE, 0x92, 0x4B, 0xA4, 0x63, 0xBD, 0xE6, 0x35,
    0xD2, 0x4A, 0xFB, 0x5A, 0xAF, 0x71, 0xC9, 0xED, 0x9B, 0xB4, 0xCB, 0xFE, 0xE4, 0xB3, 0xBF, 0x34,
    0x6F, 0x7E, 0x53, 0xB8, 0xC9, 0xE4, 0xFC, 0x52, 0xC9, 0x93, 0x7B, 0xE2, 0x5F, 0x6B, 0x6A, 0x7E,
    0xF2, 0x4D, 0xBD, 0x95, 0xEE, 0xD4, 0xEF, 0x7F, 0x99, 0xFD, 0xCD, 0x2F, 0xFF, 0x58, 0x6E, 0x8A,
    0xC3, 0x78, 0x62, 0x32, 0xF3, 0xEF, 0x7B, 0xE0, 0x73, 0x16, 0xB4, 0x2E, 0xD8, 0x91, 0x4D, 0xCD,
    0x67, 0x40, 0x62, 0xA6, 0xC0, 0xDB, 0x80, 0xC3, 0x2A, 0xDA, 0xAC, 0x5F, 0x0D, 0x10, 0x42, 0x70,
    0x70, 0x10, 0xB6, 0x70, 0x05, 0xEC, 0xE9, 0x6B, 0x20, 0xA3, 0x06, 0x1E, 0x50, 0xFF, 0xE4, 0x6B,
    0xCF, 0x28, 0xF6, 0x68, 0x78, 0x15, 0xFE, 0xC1, 0xFB, 0x94, 0x6D, 0x63, 0xA9, 0x7F, 0xCA, 0xE4,
    0xD0, 0x46, 0xEC, 0x85, 0x5B, 0x12, 0x97, 0x87, 0x70, 0x2B, 0xED, 0x4D, 0xF2, 0xFB, 0x10, 0xF0,
    0x24, 0xED, 0x96, 0xA7, 0xB5, 0x17, 0x76, 0x1A, 0x62, 0x63, 0x4F, 0xFA, 0xC0, 0x5E, 0x54, 0xB6,
    0x90, 0x53, 0x01, 0xD2, 0x7C, 0x05, 0x8C, 0x34, 0xC0, 0x3E, 0x00, 0xEA, 0x31, 0xC7, 0x36, 0x22,
    0xDE, 0x00, 0x47, 0x00, 0xBC, 0x40, 0xFC, 0xF5, 0x64, 0x32, 0x1F, 0xCF, 0xCE, 0x67, 0xF3, 0xD9,
    0x26, 0x9F, 0x49, 0x57, 0xAC, 0x17, 0x5D, 0xAB, 0x1D, 0x1B, 0x9D, 0x9B, 0x03, 0xF6, 0xC7, 0x9F,
    0x9D, 0xCD, 0x66, 0x57, 0xC2, 0x8F, 0xCF, 0x63, 0x53, 0x6C, 0x9B, 0x2F, 0x32, 0xBB, 0xBF, 0x3F,
    0x7E, 0x79, 0x3E, 0x9E, 0xBF, 0x7B, 0x32, 0x9D, 0xC9, 0x6E, 0xC2, 0x8C, 0x05, 0x57, 0x11, 0xB9,
    0x41, 0x70, 0x20, 0xFE, 0x3E, 0x7E, 0x27, 0xB9, 0x78, 0x27, 0xF9, 0x09, 0x9F, 0xF2, 0x92, 0xC3,
    0xFE, 0x74, 0xFC, 0xF8, 0x66, 0x31, 0x3B, 0x3E, 0x3E, 0xFC, 0x4F, 0x7F, 0x3A, 0x1D, 0x4F, 0xC6,
    0xE3, 0xF9, 0xD9, 0xF9, 0xEC, 0x6D, 0x69, 0x76, 0x1C, 0x8B, 0xDD, 0x11, 0x63, 0xCE, 0x98, 0xC5,
    0x7D, 0xCC, 0x4B, 0x56, 0x7A, 0x4E, 0xFC, 0xCD, 0x15, 0x6B, 0x4A, 0xAE, 0x66, 0x8B, 0xF5, 0xCF,
    0xEC, 0xCF, 0xF5, 0x2F, 0x28, 0x79, 0xF1, 0xE2, 0x70, 0x2E, 0xD6, 0xA9, 0x91, 0x76, 0x1C, 0xBF,
    0xAB, 0xFF, 0x01, 0xCC, 0x99, 0x3F, 0xB0, 0xE4, 0x56, 0x56, 0xC6, 0x8F, 0x24, 0xCA, 0xAA, 0x42,
    0x81, 0x8A, 0x88, 0xA2, 0xA6, 0x8A, 0x9B, 0x10, 0xB2, 0x56, 0x44, 0x36, 0x2D, 0xC9, 0xBB, 0x81,
    0x43, 0x08, 0x98, 0x25, 0xD8, 0x60, 0x13, 0xF2, 0x47, 0x40, 0x30, 0x5B, 0xD5, 0xFD, 0x5A, 0x03,
    0x01, 0xE9, 0x54, 0x91, 0xD7, 0x26, 0xC4, 0x44, 0x0E, 0x26, 0xE8, 0x37, 0x2D, 0x8A, 0xC0, 0x81,
    0x03, 0xB4, 0x50, 0x44, 0x0E, 0xAC, 0xC0, 0x26, 0xD9, 0xC0, 0x2A, 0xD0, 0x6C, 0xDD, 0x87, 0xD5,
    0x2D, 0xBE, 0xDF, 0x7D, 0xEA, 0xA7, 0x6A, 0x3C, 0x36, 0x0B, 0x66, 0x0C, 0xAF, 0xEA, 0x1C, 0x69,
    0x2C, 0x9D, 0x73, 0xBE, 0x73, 0xEE, 0xF9, 0xA7, 0xB6, 0xD9, 0xC1, 0xCC, 0x4A, 0x91, 0x13, 0x65,
    0x8D, 0x59, 0xD2, 0xDA, 0xE5, 0xAF, 0x98, 0x67, 0xAB, 0xE6, 0xB3, 0x6D, 0xCC, 0x6C, 0x2B, 0xE2,
    0xD5, 0x49, 0xE4, 0x45, 0xA3, 0x59, 0x34, 0x98, 0xC5, 0xF3, 0xDC, 0x25, 0xF3, 0xDC, 0x26, 0xBD,
    0x24, 0x3B, 0xB3, 0xB4, 0x95, 0x16, 0x51, 0x0E, 0x49, 0x9B, 0xAB, 0xD1, 0xBC, 0xAA, 0x32, 0xFB,
    0xE8, 0xA9, 0x84, 0xA5, 0x6D, 0x78, 0xFE, 0x0E, 0xED, 0x88, 0xE6, 0x51, 0x34, 0x58, 0x61, 0x66,
    0xD5, 0x83, 0x8B, 0x57, 0xFA, 0xCF, 0x73, 0x63, 0x7A, 0x1E, 0xDD, 0xC7, 0x93, 0xF4, 0xDF, 0xC5,
    0x83, 0x95, 0xD2, 0x5D, 0x49, 0x77, 0x95, 0x76, 0x56, 0x4A, 0xF7, 0x4E, 0x34, 0xE5, 0x2F, 0xD2,
    0x31, 0xFF, 0xE1, 0xDC, 0xB9, 0x1F, 0x82, 0xDD, 0x6E, 0x1F, 0x50, 0x81, 0x82, 0x58, 0xE5, 0xB6,
    0xFA, 0x10, 0x8C, 0x9E, 0xBE, 0xD5, 0x07, 0x51, 0x02, 0x5D, 0xFB, 0x00, 0xFE, 0x6B, 0x1F, 0x16,
    0xB8, 0x66, 0x37, 0xE7, 0xDA, 0x52, 0x79, 0x6D, 0x55, 0xF7, 0xDB, 0xB5, 0x81, 0x20, 0x46, 0x1F,
    0x4A, 0x90, 0x0C, 0x62, 0xC8, 0x21, 0x14, 0x5E, 0x0B, 0xCC, 0x90, 0x7F, 0x64, 0xD5, 0x23, 0x2B,
    0x6A, 0x24, 0x3A, 0xB1, 0xF4, 0x3E, 0x7A, 0x69, 0x91, 0x42, 0x2A, 0x61, 0x99, 0xB0, 0xF7, 0xE6,
    0x5E, 0x0A, 0x26, 0x3B, 0x7F, 0xF0, 0x51, 0xE4, 0xD1, 0xBF, 0x52, 0x2C, 0xF0, 0xC1, 0xF2, 0x9E,
    0x97, 0xF5, 0x30, 0x0E, 0xFF, 0xA8, 0x97, 0xD0, 0xAF, 0xC7, 0x20, 0xF5, 0x3F, 0x8B, 0x66, 0xDB,
    0xCF, 0xDE, 0x9E, 0xCC, 0x2F, 0x83, 0x17, 0x65, 0x08, 0xF9, 0x2E, 0x04, 0x63, 0x0A, 0xA1, 0x18,
    0x09, 0x44, 0x3C, 0xA0, 0x39, 0xE9, 0x09, 0x42, 0xDA, 0x4A, 0x1E, 0xF1, 0xBC, 0xC1, 0x8F, 0xE2,
    0x22, 0x67, 0x4F, 0x3F, 0xB2, 0x83, 0xB7, 0xE7, 0x83, 0xF1, 0xF7, 0x9D, 0xB5, 0x5D, 0xC7, 0x9A,
    0x38, 0x8B, 0xDE, 0x9A, 0x1A, 0xEB, 0xB1, 0x45, 0xEB, 0xB1, 0xAD, 0x47, 0xD6, 0x5D, 0xA7, 0x1D,
    0x2A, 0x5E, 0x9B, 0x1D, 0x25, 0xB2, 0xEF, 0x6D, 0xF9, 0xCB, 0x39, 0x05, 0x99, 0xE0, 0xC2, 0x2B,
    0xBC, 0x68, 0x25, 0x26, 0xB1, 0xE3, 0x2C, 0x98, 0x42, 0xD2, 0x5E, 0x61, 0x1B, 0x3F, 0xC2, 0x65,
    0xB0, 0xFD, 0xB9, 0xC6, 0xDC, 0x71, 0x0E, 0x0E, 0x1D, 0x52, 0x8F, 0x51, 0x6F, 0x07, 0xE0, 0x8F,
    0xB6, 0x93, 0x69, 0x81, 0x2A, 0xA5, 0x50, 0x2F, 0x6D, 0xE4, 0x87, 0x1C, 0xDF, 0x59, 0xC1, 0xBB,
    0x93, 0x95, 0x7A, 0x37, 0xF6, 0xBF, 0x35, 0x09, 0xA3, 0x1B, 0xAA, 0xD1, 0xB2, 0x79, 0x6E, 0xAA,
    0x46, 0x60, 0xEE, 0xC1, 0x80, 0x53, 0x58, 0xF1, 0x60, 0xC0, 0x22, 0x91, 0xC4, 0x3B, 0x3B, 0x60,
    0x91, 0xE7, 0x09, 0x17, 0x8F, 0x32, 0x9E, 0xE3, 0x6D, 0x74, 0xFF, 0xEC, 0x27, 0xFF, 0x4C, 0xED,
    0xE9, 0x4F, 0x0F, 0xB8, 0xCC, 0x3C, 0xCF, 0x9B, 0x9B, 0x56, 0xCF, 0x5D, 0x9D, 0xB7, 0x02, 0xE6,
    0x64, 0x51, 0x31, 0x29, 0x74, 0x51, 0x58, 0x4A, 0x81, 0xCC, 0x1B, 0x40, 0xB6, 0xAE, 0x06, 0x5D,
    0xED, 0x64, 0x23, 0x3A, 0x83, 0xE1, 0x38, 0x7B, 0x30, 0x08, 0x58, 0xA8, 0x4F, 0xD8, 0x10, 0xC0,
    0xD9, 0x9A, 0xB4, 0xA0, 0x23, 0x3E, 0x20, 0x83, 0x9D, 0xC9, 0x25, 0x99, 0x17, 0x98, 0xE8, 0x04,
    0xE2, 0x12, 0xBC, 0x15, 0x30, 0xF0, 0x58, 0x2C, 0xED, 0x24, 0x23, 0x00, 0x5B, 0xD8, 0x81, 0x68,
    0x4F, 0x1C, 0xB1, 0x27, 0xE0, 0xF8, 0x29, 0x24, 0x97, 0xE4, 0xDF, 0x85, 0x68, 0x53, 0x46, 0x9D,
    0xD8, 0x5A, 0xBB, 0x64, 0xF9, 0xA2, 0xC8, 0x35, 0xB6, 0x03, 0xCD, 0x81, 0x88, 0x4D, 0xC4, 0xC4,
    0x67, 0x9D, 0x84, 0x24, 0x1F, 0x0D, 0xB7, 0x04, 0x83, 0x02, 0x01, 0x77, 0xF2, 0x05, 0x77, 0xDD,
    0x81, 0xE4, 0xDA, 0x90, 0x16, 0x15, 0x39, 0xE1, 0x6A, 0xB1, 0x90, 0x7E, 0xC4, 0x04, 0x98, 0x62,
    0xA0, 0x26, 0x9D, 0x30, 0x71, 0xA9, 0x5F, 0xB3, 0x07, 0xFE, 0x3C, 0xF0, 0xDF, 0x87, 0x5D, 0x41,
    0x02, 0x04, 0xC1, 0x22, 0x22, 0xD4, 0xDC, 0xCE, 0xD2, 0x93, 0xE1, 0x5F, 0x48, 0xFF, 0x72, 0x6B,
    0x24, 0x86, 0xEE, 0xC7, 0x68, 0xF0, 0x82, 0x96, 0x74, 0xA3, 0x02, 0x93, 0xBF, 0xA0, 0x1A, 0x0A,
    0x6A, 0xA2, 0xDF, 0x52, 0x16, 0xDD, 0x28, 0x04, 0xE9, 0xDF, 0xF7, 0x32, 0x9C, 0x7D, 0xC2, 0x69,
    0xE5, 0x3F, 0x0F, 0x25, 0x72, 0x67, 0x60, 0xF4, 0x04, 0xAA, 0x18, 0x42, 0xAD, 0xB4, 0xC1, 0x66,
    0x8D, 0x59, 0x89, 0x39, 0x72, 0x5E, 0xE6, 0xA3, 0x79, 0x02, 0xCD, 0xCB, 0x15, 0x19, 0x2E, 0xC5,
    0x63, 0xA8, 0xBA, 0x68, 0x40, 0xD7, 0x88, 0x2A, 0x1F, 0x62, 0x46, 0x80, 0xB7, 0x04, 0x6E, 0x43,
    0x6A, 0x55, 0xA4, 0x52, 0x11, 0xCA, 0x25, 0xAF, 0xC5, 0x6E, 0xE8, 0x5A, 0x77, 0x44, 0x61, 0x6D,
    0x62, 0xC4, 0xC3, 0xB5, 0x4B, 0x02, 0xFC, 0xF8, 0x24, 0x36, 0x13, 0xA7, 0x63, 0x63, 0x98, 0xC5,
    0xEB, 0x12, 0x95, 0x9B, 0x45, 0xB9, 0x37, 0x3C, 0xB6, 0x89, 0x68, 0x7A, 0x12, 0x01, 0xA7, 0x23,
    0xBC, 0x05, 0x50, 0x27, 0x9D, 0x29, 0x23, 0x22, 0x23, 0x3D, 0x49, 0x4E, 0x41, 0xC3, 0x5B, 0x25,
    0xAA, 0x39, 0x60, 0x16, 0xB8, 0x5A, 0xC1, 0x4A, 0x3A, 0xE6, 0x89, 0x14, 0x9C, 0x42, 0x77, 0x80,
    0x5D, 0x75, 0xD5, 0xDF, 0x14, 0x2D, 0xED, 0x2F, 0xF1, 0x3C, 0x81, 0x11, 0x7C, 0x62, 0x2F, 0x4C,
    0x30, 0xFF, 0x94, 0x16, 0xB1, 0x21, 0x26, 0x1B, 0x14, 0x94, 0xC8, 0x8A, 0x15, 0x40, 0x97, 0x6A,
    0x39, 0x02, 0xBB, 0x7F, 0x76, 0x03, 0x56, 0x57, 0x83, 0x0A, 0x2C, 0x4B, 0x9A, 0x54, 0xE4, 0xE6,
    0x0E, 0xA3, 0x80, 0xA9, 0x91, 0xF8, 0x5A, 0xFE, 0x4F, 0x30, 0x7F, 0xC9, 0xDB, 0x88, 0x6A, 0x56,
    0x3D, 0xB6, 0xB2, 0xE8, 0x82, 0xDB, 0xA1, 0x52, 0x3D, 0xE0, 0x3D, 0x7A, 0xBC, 0xD4, 0x46, 0xA3,
    0x58, 0x82, 0xBD, 0xB4, 0x37, 0x67, 0x7B, 0xB4, 0x9F, 0xC1, 0xF3, 0x39, 0x31, 0xA5, 0x9E, 0x18,
    0x54, 0x3A, 0xA3, 0x23, 0x86, 0x8A, 0x66, 0x29, 0x1A, 0xD8, 0x52, 0x34, 0x95, 0xBC, 0x8A, 0x4E,
    0x18, 0xEA, 0x29, 0xFB, 0x5A, 0x86, 0xD2, 0xE1, 0xD1, 0xD0, 0x01, 0x43, 0x3B, 0xCB, 0x2F, 0x82,
    0x92, 0x89, 0x25, 0x68, 0x4F, 0x86, 0xCB, 0x14, 0xBA, 0x7F, 0x57, 0x03, 0x31, 0xE6, 0xB8, 0x80,
    0xE4, 0x91, 0x88, 0x46, 0x64, 0xD0, 0x14, 0x3A, 0x62, 0x68, 0x88, 0x48, 0xA0, 0x8F, 0x76, 0x84,
    0x14, 0x3A, 0x69, 0x0F, 0x80, 0x40, 0x67, 0x80, 0x1C, 0xFC, 0x04, 0x42, 0x81, 0x71, 0x38, 0x33,
    0x1F, 0x35, 0xC0, 0xAD, 0x42, 0xA3, 0xB8, 0x0B, 0xEF, 0xD2, 0xF2, 0x7A, 0x07, 0xEF, 0x40, 0xC1,
    0x11, 0x83, 0x11, 0x9E, 0x37, 0x9B, 0xC0, 0xB7, 0xF0, 0xFA, 0x9D, 0x2C, 0x4B, 0x19, 0x6E, 0xDD,
    0x86, 0x9C, 0x8E, 0xE8, 0xCC, 0x64, 0xB8, 0x34, 0xA5, 0x2D, 0x12, 0x23, 0x1D, 0x47, 0x76, 0xB2,
    0x96, 0x9A, 0x7A, 0x9A, 0xBF, 0x18, 0x09, 0x53, 0xFE, 0x61, 0x4F, 0x49, 0x39, 0xDE, 0x00, 0xBE,
    0x05, 0x7D, 0x27, 0x2E, 0xB7, 0xB7, 0xB7, 0xE2, 0x91, 0xDF, 0x14, 0xA1, 0xFC, 0xB6, 0x21, 0xCC,
    0xAD, 0xE4, 0xA9, 0x7B, 0x9F, 0x76, 0xF8, 0xEC, 0xA9, 0x6E, 0x6F, 0xD4, 0x77, 0xDA, 0x47, 0x03,
    0x81, 0x6A, 0x75, 0x7F, 0x08, 0x1D, 0x97, 0xB0, 0x3C, 0x99, 0xEB, 0x30, 0x9F, 0xFE, 0xE0, 0x3D,
    0x9C, 0xC3, 0x72, 0xB9, 0xD0, 0x4E, 0x44, 0x2D, 0x0D, 0x56, 0xD1, 0xE0, 0xCF, 0xA1, 0xB2, 0x31,
    0x84, 0xF3, 0xD7, 0x07, 0x9E, 0x75, 0x3F, 0xB3, 0x7D, 0xB3, 0x9F, 0xCF, 0x52, 0xD7, 0xFF, 0x1F,
    0x37, 0x3B, 0x4C, 0x0E, 0x04, 0x49, 0xB2, 0x44, 0x8C, 0xB8, 0xC5, 0xF7, 0xFF, 0xAF, 0xDA, 0xF1,
    0xF7, 0x37, 0x9F, 0x72, 0x2A, 0x9E, 0xCD, 0xA5, 0xC3, 0x2A, 0x99, 0x51, 0xC2, 0x59, 0x36, 0x1E,
    0x2B, 0xE8, 0x15, 0xF8, 0x6C, 0x04, 0x9F, 0x0D, 0xF0, 0x18, 0x71, 0x34, 0xC1, 0x3B, 0xF2, 0x80,
    0x26, 0x81, 0x45, 0x30, 0x86, 0xAE, 0x82, 0x63, 0x23, 0x2A, 0xC9, 0x82, 0x12, 0x89, 0x68, 0xC2,
    0x6C, 0x35, 0x22, 0x57, 0x35, 0xC8, 0xE1, 0xB3, 0xD1, 0x05, 0x3B, 0x8B, 0x66, 0xE3, 0x92, 0xCC,
    0x61, 0xED, 0x4C, 0xBF, 0x34, 0x7B, 0xDD, 0x5B, 0x2E, 0xEF, 0xFE, 0x5D, 0x70, 0xE5, 0xCB, 0x9B,
    0xC1, 0x36, 0x5B, 0x2E, 0x84, 0x3C, 0x1A, 0x06, 0x1B, 0x26, 0xE9, 0x1C, 0xE2, 0x9E, 0x22, 0x19,
    0x93, 0x76, 0x24, 0xD2, 0x21, 0xF8, 0xED, 0x2B, 0x47, 0x2A, 0xB7, 0xAF, 0xCA, 0x30, 0x16, 0xB6,
    0x5B, 0x5D, 0x54, 0xB2, 0x63, 0x4A, 0x27, 0xDE, 0x0C, 0xAC, 0x2F, 0xB2, 0x94, 0x85, 0x4B, 0x1B,
    0x06, 0x44, 0x55, 0xE7, 0x4C, 0x87, 0xF7, 0x2F, 0x2B, 0x62, 0x69, 0x25, 0x2C, 0xAC, 0x9E, 0x61,
    0xF9, 0x3C, 0x2C, 0xC1, 0xF7, 0xF8, 0x35, 0x86, 0x25, 0x34, 0xAC, 0xA1, 0xAC, 0x49, 0x43, 0x22,
    0xD6, 0x27, 0x5F, 0x3C, 0xFB, 0x93, 0x2E, 0xAC, 0xA3, 0x61, 0x21, 0xE5, 0x80, 0xD1, 0x9D, 0x37,
    0xB0, 0x5A, 0x7A, 0x9D, 0x39, 0x74, 0xAF, 0xDA, 0x2D, 0x3A, 0xAA, 0x39, 0x67, 0x33, 0x7E, 0xBF,
    0xBC, 0x69, 0xED, 0x64, 0x59, 0x68, 0xED, 0x83, 0xE0, 0x46, 0x2A, 0x74, 0xB1, 0xD0, 0xB6, 0xC0,
    0xE4, 0x0B, 0x76, 0xD3, 0x0A, 0x56, 0x12, 0x7C, 0xA2, 0x0E, 0x63, 0x5E, 0x5F, 0x4E, 0xB9, 0x50,
    0x18, 0x39, 0xB2, 0x3B, 0x4B, 0xC7, 0xD4, 0x2F, 0xAB, 0x7E, 0x41, 0x56, 0xAF, 0x53, 0x8F, 0x99,
    0x4A, 0xA7, 0x9A, 0xF0, 0xC8, 0x5F, 0x66, 0x6A, 0xB4, 0xCE, 0xD4, 0x21, 0xE4, 0x2D, 0x33, 0xB5,
    0x23, 0x6B, 0x99, 0xA9, 0xD9, 0x65, 0xA6, 0x5E, 0x92, 0x68, 0x99, 0xA9, 0x30, 0xFC, 0x28, 0x48,
    0x15, 0x26, 0x36, 0x86, 0x04, 0xB8, 0x62, 0x9A, 0x97, 0x1A, 0x25, 0x97, 0xA4, 0x65, 0x13, 0x85,
    0x79, 0xD8, 0x68, 0x15, 0x46, 0x43, 0x3E, 0x90, 0x0E, 0xA9, 0x3C, 0x16, 0x52, 0xB1, 0xD3, 0xD5,
    0x38, 0xBE, 0xFE, 0xD2, 0x71, 0x4B, 0x41, 0x62, 0xEF, 0xBF, 0xFB, 0x95, 0xB4, 0xEE, 0x9A, 0xDF,
    0xF8, 0x95, 0xE4, 0xBE, 0xE9, 0x2B, 0xA9, 0x52, 0xE4, 0x42, 0xE0, 0xB2, 0xB7, 0x8C, 0xA9, 0xC2,
    0xA0, 0xF5, 0x5B, 0x62, 0xF7, 0xEB, 0x4D, 0xBC, 0xEF, 0x6F, 0x97, 0x0A, 0x30, 0xC8, 0x19, 0xD8,
    0x91, 0xB3, 0x29, 0xC2, 0x14, 0x9D, 0xFF, 0xFA, 0x5F, 0xCE, 0x96, 0x8C, 0x49, 0x57, 0x84, 0x6D,
    0x9E, 0x44, 0x25, 0x63, 0x0B, 0xE3, 0x5F, 0x95, 0xE0, 0x30, 0xF2, 0x68, 0x16, 0x1C, 0x6E, 0x1E,
    0xB8, 0xAB, 0x0B, 0x2B, 0xD9, 0xA2, 0x9A, 0x0D, 0x89, 0x3A, 0xEE, 0x9E, 0x8C, 0x46, 0xF2, 0xCB,
    0xF4, 0xCD, 0x7C, 0x7F, 0x6D, 0x0A, 0xAF, 0x2F, 0x9B, 0x5C, 0x5E, 0x47, 0x5E, 0x2A, 0x04, 0x16,
    0x3B, 0x26, 0x93, 0x04, 0x64, 0xC7, 0x3B, 0x08, 0x7C, 0x35, 0x00, 0x36, 0xE0, 0xAF, 0xB9, 0x43,
    0x78, 0xD6, 0x5D, 0xF2, 0x4B, 0xBC, 0xFE, 0xB8, 0x5D, 0x5A, 0xF4, 0x8E, 0x18, 0xFA, 0x90, 0x9F,
    0xB2, 0x13, 0x56, 0x7E, 0x3E, 0x34, 0x96, 0x3A, 0x22, 0x01, 0xDF, 0xB2, 0x32, 0xFA, 0xFF, 0xC1,
    0xCA, 0xD8, 0x5C, 0xAD, 0x8C, 0xC5, 0xB3, 0x67, 0xB7, 0x7F, 0x54, 0x50, 0xE2, 0x15, 0x2C, 0xEC,
    0xC1, 0x8F, 0xAC, 0xBB, 0xAC, 0x8F, 0xEF, 0x35, 0x69, 0x67, 0x0E, 0x54, 0x05, 0x8C, 0xF8, 0xF1,
    0x29, 0x04, 0x3E, 0x07, 0xA8, 0x62, 0xA9, 0x01, 0xBF, 0xB0, 0x9A, 0x5D, 0xED, 0x8B, 0x9F, 0x08,
    0x43, 0xD0, 0x79, 0xFC, 0x6A, 0x55, 0xD7, 0x7D, 0x3D, 0xFD, 0xF3, 0x35, 0xFD, 0xA1, 0xD0, 0x40,
    0xA5, 0x3E, 0x74, 0xDE, 0x8D, 0xC4, 0xC4, 0x76, 0xE0, 0xD8, 0x86, 0x15, 0x4D, 0x6C, 0x42, 0x98,
    0x3E, 0x45, 0x56, 0x91, 0x5C, 0xB2, 0x27, 0xD7, 0x9D, 0x45, 0xD4, 0x76, 0xA1, 0x40, 0x48, 0x05,
    0x0A, 0x50, 0x41, 0x30, 0x3A, 0x14, 0x74, 0x41, 0x05, 0x59, 0x10, 0xF4, 0x20, 0x1B, 0xCA, 0x3D,
    0x28, 0x70, 0x40, 0x76, 0xE6, 0x9E, 0xFD, 0xF8, 0x8D, 0xB6, 0x5A, 0x02, 0xC2, 0xB2, 0x02, 0x3F,
    0x1B, 0x1A, 0x7F, 0x2D, 0x48, 0xD3, 0x7F, 0x01, 0xA9, 0x7A, 0x84, 0xD4, 0xA3, 0xE2, 0x5B, 0x20,
    0xF9, 0x47, 0x48, 0xF5, 0x03, 0xA4, 0x3F, 0x7E, 0x80, 0xE4, 0x2B, 0x38, 0xF9, 0xBF, 0xE4, 0xE0,
    0x7A, 0x89, 0xC3, 0x05, 0x88, 0xE1, 0x5F, 0x2F, 0xAB, 0xB0, 0x79, 0x7F, 0xCB, 0xEF, 0x01, 0x78,
    0x46, 0x17, 0x18, 0x33, 0xE5, 0x4D, 0xE4, 0x69, 0x56, 0x7C, 0x9D, 0x43, 0x69, 0x67, 0x53, 0xDA,
    0xD2, 0xA1, 0x93, 0x21, 0x6F, 0x6F, 0x3A, 0xCD, 0xCF, 0xDA, 0xB1, 0x67, 0x17, 0x41, 0xBE, 0x44,
    0x43, 0xD0, 0xE5, 0x6D, 0x0B, 0x47, 0x9F, 0xC0, 0x4E, 0x01, 0x85, 0x0F, 0x7C, 0x04, 0x0A, 0x7B,
    0x7D, 0xD2, 0xA9, 0x88, 0x94, 0x3F, 0xC9, 0x9B, 0x9B, 0x4E, 0xFA, 0x7A, 0x34, 0xEA, 0xBF, 0x0D,
    0x79, 0x83, 0x85, 0x5C, 0x25, 0x18, 0x0D, 0x4E, 0xD1, 0x8B, 0x87, 0x82, 0xFD, 0xBE, 0xAF, 0x28,
    0xCB, 0xAE, 0x64, 0xC3, 0x57, 0x21, 0xB2, 0x6E, 0x6F, 0xE5, 0x87, 0x40, 0xAD, 0x9D, 0xE8, 0x1B,
    0x76, 0x51, 0xAC, 0x61, 0x4B, 0x96, 0x7A, 0xEC, 0xB0, 0x49, 0xA7, 0xAD, 0xFC, 0xC3, 0x4E, 0x8B,
    0xC5, 0x64, 0x40, 0x37, 0x9A, 0xD1, 0x8B, 0x56, 0xBA, 0xAC, 0x84, 0xB8, 0xFB, 0x3C, 0x45, 0x97,
    0xDD, 0xAD, 0x3F, 0x2C, 0xC1, 0x5C, 0xBD, 0x32, 0x49, 0x30, 0xBA, 0xC5, 0xAE, 0x3A, 0xED, 0x0E,
    0x86, 0x6C, 0x74, 0x69, 0x5A, 0xF4, 0xAB, 0x3F, 0x8D, 0x8E, 0xAC, 0x94, 0xD3, 0xF2, 0x6D, 0x82,
    0xB6, 0xE3, 0x88, 0x44, 0x8A, 0xBC, 0x3C, 0xEB, 0x6E, 0x38, 0xFC, 0xD7, 0x96, 0xCA, 0x37, 0x49,
    0x86, 0xF8, 0x0F, 0xA1, 0x9C, 0x29, 0x12, 0x0F, 0x6E, 0x3A, 0xC2, 0x9B, 0x9F, 0x72, 0x11, 0x44,
    0x66, 0x64, 0xC2, 0x25, 0xD2, 0xB6, 0x15, 0x7A, 0x0C, 0xAD, 0x86, 0xF9, 0xD2, 0x72, 0xE9, 0x33,
    0x2E, 0x59, 0x17, 0x76, 0x21, 0xFA, 0x1D, 0x45, 0x5E, 0xE3, 0xAF, 0x6C, 0x38, 0x4B, 0x7C, 0x4A,
    0x75, 0x86, 0x13, 0x2F, 0xE9, 0xFC, 0x80, 0x7E, 0x02, 0x3C, 0xFA, 0x65, 0x72, 0x4F, 0xC5, 0xEA,
    0x24, 0xC2, 0x27, 0x87, 0x5C, 0x15, 0x12, 0xB6, 0x28, 0xDD, 0xA5, 0x4B, 0xFF, 0xC8, 0x3E, 0x17,
    0x1E, 0xC2, 0x6B, 0x06, 0x8B, 0x47, 0x99, 0x49, 0xC1, 0x91, 0xCB, 0x2E, 0xD5, 0x41, 0xE8, 0x36,
    0xC4, 0x60, 0x47, 0x0C, 0x0E, 0xA1, 0x20, 0x84, 0x80, 0xD3, 0x29, 0xFA, 0xE7, 0x36, 0x4F, 0xAF,
    0x12, 0xEF, 0x46, 0xE9, 0x1A, 0x50, 0x4F, 0x2D, 0x50, 0x9B, 0x5B, 0x55, 0x01, 0xB9, 0xCF, 0xFB,
    0x93, 0xB9, 0x66, 0xB2, 0xAA, 0x3E, 0xD8, 0x6C, 0xFB, 0xF4, 0x33, 0x05, 0xCE, 0x59, 0xE6, 0x7F,
    0x17, 0xA4, 0xBF, 0x61, 0x76, 0x73, 0x52, 0xE8, 0x4E, 0x56, 0xBC, 0x31, 0x39, 0x84, 0x1D, 0x69,
    0x58, 0x26, 0xD6, 0x5F, 0x9D, 0xCD, 0xDD, 0xCC, 0x6D, 0x31, 0xE6, 0x5D, 0xD5, 0x4A, 0x37, 0xEB,
    0x83, 0x68, 0x27, 0xDA, 0x5A, 0x02, 0xF5, 0xB2, 0xD3, 0x6E, 0x97, 0x4E, 0x5F, 0xBC, 0x38, 0x5B,
    0xAE, 0x22, 0x8A, 0x70, 0xC6, 0x79, 0x1C, 0xAA, 0x93, 0xD1, 0xB5, 0xB9, 0x0A, 0x91, 0x2E, 0x57,
    0x86, 0xEF, 0xD7, 0xBD, 0x4E, 0x6F, 0x14, 0xD1, 0x64, 0x6F, 0x45, 0xCE, 0x0E, 0xA2, 0x1D, 0xBB,
    0xD4, 0x8B, 0x3B, 0xC9, 0x7B, 0x8B, 0x39, 0xD8, 0x63, 0x98, 0xEE, 0x2A, 0xB8, 0xA2, 0x5E, 0x7F,
    0x87, 0xAB, 0xD4, 0x33, 0x4F, 0x7A, 0xD6, 0x87, 0x75, 0xDA, 0x75, 0xFC, 0x97, 0x75, 0x82, 0x56,
    0xF5, 0x73, 0x73, 0x17, 0xF9, 0x9B, 0x60, 0xDF, 0xEC, 0x6F, 0x94, 0x33, 0xE4, 0x82, 0x30, 0x2F,
    0x43, 0x06, 0xF2, 0xB6, 0x1F, 0x74, 0xF8, 0x27, 0x9F, 0x8D, 0x6E, 0x74, 0x4D, 0x3A, 0x56, 0x6C,
    0x45, 0x8B, 0x5F, 0x07, 0xF9, 0x75, 0xB0, 0x34, 0xC4, 0x8E, 0x71, 0xC1, 0x32, 0x52, 0x7D, 0x30,
    0x49, 0xF7, 0x20, 0xDD, 0xF5, 0xC5, 0x37, 0x4B, 0x46, 0xA6, 0x20, 0x89, 0x91, 0xD7, 0x95, 0xF0,
    0x97, 0xC2, 0xB6, 0xC7, 0xB7, 0x73, 0x4D, 0x0D, 0x2D, 0xB4, 0x60, 0x6B, 0x9E, 0x3F, 0xFA, 0x16,
    0x9D, 0x19, 0x94, 0x5E, 0x61, 0x92, 0x9C, 0x37, 0x2A, 0xE7, 0x44, 0xD4, 0xD9, 0x3D, 0x05, 0x81,
    0xB9, 0x45, 0xA4, 0xD3, 0x96, 0xCB, 0x06, 0xDF, 0x99, 0x97, 0xCC, 0xB6, 0xE5, 0xD2, 0xBD, 0x72,
    0x61, 0x84, 0x78, 0x2E, 0x79, 0x43, 0xCA, 0x58, 0x11, 0x0D, 0xBC, 0x79, 0x17, 0x0F, 0xCA, 0xCC,
    0xCA, 0xC7, 0x7D, 0x32, 0x6B, 0x39, 0x4C, 0x3A, 0x3B, 0x5A, 0xA4, 0x78, 0x65, 0x4A, 0xC9, 0xA4,
    0x7E, 0x0D, 0x92, 0x75, 0xF7, 0x88, 0x48, 0xD3, 0xDE, 0x22, 0x11, 0x07, 0xBF, 0x22, 0x9E, 0x54,
    0xB5, 0x63, 0xC8, 0xE9, 0xE2, 0x1C, 0x86, 0xCB, 0x41, 0x60, 0x3C, 0x1B, 0x47, 0xDE, 0xC8, 0x4E,
    0x1D, 0x0F, 0x4E, 0x71, 0x22, 0x93, 0x45, 0x1D, 0x9F, 0xCD, 0xAC, 0xFC, 0x5B, 0x73, 0xA2, 0xAA,
    0xD9, 0xDA, 0xB1, 0xDE, 0x7F, 0xF8, 0x99, 0x55, 0x97, 0x3C, 0x7B, 0x9F, 0xCD, 0x5F, 0xCE, 0xE5,
    0x5F, 0xB6, 0x96, 0x9E, 0x6D, 0xF9, 0xFB, 0xEE, 0x7A, 0x47, 0xBB, 0xD3, 0x38, 0xD0, 0x46, 0x94,
    0x6A, 0x3A, 0x87, 0x26, 0x27, 0xA9, 0xC9, 0xD2, 0x7F, 0x1C, 0xE4, 0xAF, 0xEA, 0x0B, 0xFA, 0xCB,
    0xDE, 0xF2, 0x0F, 0x98, 0x18, 0x94, 0xE9, 0x21, 0x14, 0x14, 0xB9, 0x1A, 0x3E, 0x8D, 0x8C, 0x06,
    0x15, 0xC3, 0x12, 0xBE, 0xB1, 0x12, 0xE6, 0x46, 0xCA, 0xD4, 0xC8, 0x96, 0x05, 0xBC, 0xBE, 0x2C,
    0xE0, 0xC5, 0xBA, 0x80, 0x2F, 0xDB, 0xC2, 0xA4, 0x4B, 0x3C, 0xA2, 0xB1, 0x37, 0x8A, 0x8B, 0x7A,
    0x94, 0x6B, 0x55, 0x1B, 0x89, 0x1F, 0x9B, 0x78, 0xA6, 0x0C, 0xE2, 0x2F, 0x2D, 0xF9, 0xB2, 0x4E,
    0x3E, 0x33, 0x55, 0x5D, 0xF2, 0x49, 0xAD, 0x3D, 0x2C, 0xFD, 0xA4, 0x29, 0xDE, 0xB7, 0xEC, 0xE3,
    0xF6, 0x69, 0x29, 0x6C, 0xAD, 0x97, 0x7F, 0x3F, 0xFA, 0xBB, 0x41, 0x15, 0x94, 0xFC, 0x93, 0xEA,
    0xD5, 0xC5, 0x9F, 0xB6, 0xC2, 0xA9, 0x45, 0x66, 0xB4, 0x52, 0x8A, 0x46, 0x59, 0x9A, 0xA2, 0xC1,
    0x9E, 0x1A, 0x73, 0x84, 0xAF, 0x28, 0x16, 0x60, 0xDD, 0x6E, 0x44, 0xBB, 0x30, 0x56, 0x88, 0x61,
    0xA7, 0x18, 0x6A, 0x7A, 0x69, 0x9C, 0x0C, 0xF4, 0x19, 0x7E, 0xD8, 0x70, 0x4B, 0x0C, 0x2B, 0x63,
    0x23, 0xCB, 0x42, 0x1C, 0xAF, 0x6B, 0x52, 0xF9, 0xA6, 0x78, 0x57, 0xA4, 0x18, 0x79, 0x2F, 0x22,
    0xEF, 0x45, 0xF4, 0x0D, 0x6A, 0xBA, 0x79, 0xA8, 0xE9, 0xD3, 0x5A, 0xD3, 0xC3, 0xBE, 0x8B, 0xFE,
    0x6D, 0x1E, 0xA2, 0xF9, 0x85, 0x8F, 0x4F, 0x36, 0x25, 0x5E, 0xF6, 0x07, 0x9B, 0xB0, 0xCF, 0x19,
    0xD2, 0xE8, 0xAE, 0xED, 0xA7, 0x5D, 0xB9, 0xDA, 0x6F, 0xEC, 0xA9, 0x56, 0x3F, 0xDB, 0x1E, 0x4F,
    0x7C, 0xA0, 0xED, 0x4D, 0xA7, 0xA9, 0xDA, 0x3E, 0x53, 0xD8, 0xD3, 0xB2, 0xED, 0xD5, 0xF1, 0x78,
    0x69, 0x92, 0x62, 0x15, 0x4C, 0x0A, 0x64, 0xC2, 0xB2, 0x21, 0xD6, 0xF3, 0xBB, 0x27, 0x4A, 0xA2,
    0x9F, 0x0A, 0x4A, 0xFE, 0xE1, 0xE9, 0x6B, 0xAB, 0xFD, 0x06, 0xB6, 0xBB, 0xFA, 0x3D, 0x8C, 0x86,
    0xBC, 0x94, 0xEA, 0x7B, 0x04, 0xC0, 0xA8, 0x94, 0xEA, 0x7A, 0xD4, 0x05, 0x9A, 0xAE, 0x4A, 0xF5,
    0xCF, 0x96, 0x52, 0x7F, 0x89, 0xCB, 0x8D, 0x1B, 0xA2, 0x7F, 0x9D, 0x87, 0x79, 0x8A, 0xBF, 0xFA,
    0x8B, 0x5F, 0xF5, 0x77, 0x72, 0x7C, 0xAE, 0xCB, 0x64, 0xB4, 0x93, 0x95, 0x38, 0x6F, 0x65, 0xDA,
    0x45, 0x3A, 0x27, 0xE6, 0xAD, 0x6D, 0x99, 0x87, 0x76, 0x20, 0x15, 0x6D, 0x52, 0x18, 0x14, 0x18,
    0x67, 0xCC, 0xCA, 0xC2, 0x78, 0x5E, 0x19, 0xCF, 0x4B, 0xE3, 0x79, 0xF8, 0x41, 0xBE, 0x37, 0x7A,
    0xE9, 0xC3, 0xEA, 0x43, 0x94, 0xC4, 0xF8, 0x3A, 0x02, 0x62, 0x01, 0x16, 0x07, 0xB0, 0x5C, 0xEA,
    0x95, 0x25, 0xBD, 0xC9, 0xEB, 0x56, 0xEC, 0x0F, 0x1B, 0xB3, 0xEC, 0xE7, 0x26, 0xF6, 0xB7, 0x62,
    0x29, 0xD0, 0x13, 0x0F, 0x1B, 0x60, 0x8F, 0x8B, 0x20, 0xAE, 0xA2, 0x28, 0x54, 0xB9, 0xED, 0x47,
    0x98, 0x24, 0xC3, 0xDA, 0xC9, 0x3B, 0xD7, 0x7B, 0xE2, 0xFA, 0xBD, 0x03, 0xA3, 0x7A, 0x18, 0xB2,
    0x1A, 0x60, 0xBB, 0xA3, 0xE5, 0xDD, 0xC1, 0x35, 0x45, 0x7D, 0xA0, 0x83, 0xFB, 0x54, 0x2D, 0x7C,
    0xD4, 0x6C, 0x89, 0x06, 0x31, 0x55, 0x5E, 0xAB, 0xED, 0x46, 0x6D, 0x52, 0xAC, 0xD9, 0x92, 0x6E,
    0x55, 0xDA, 0xDE, 0x99, 0xFB, 0xF4, 0x53, 0x2F, 0x25, 0x41, 0xCB, 0xFD, 0xB5, 0xF6, 0x6F, 0xFA,
    0xE5, 0xDE, 0x83, 0x75, 0xCB, 0xFD, 0x06, 0x7F, 0x8B, 0xB4, 0xBF, 0xB8, 0x7A, 0x7C, 0xF4, 0x72,
    0xE4, 0x6E, 0x00, 0xB2, 0x47, 0x0B, 0xC2, 0x53, 0x19, 0x5A, 0x26, 0xCD, 0x44, 0x7E, 0x38, 0x96,
    0xF1, 0x4A, 0xF7, 0x6F, 0xEF, 0x2D, 0xF5, 0xDA, 0x5B, 0x2E, 0x35, 0xB1, 0x95, 0x0C, 0xBD, 0x65,
    0xF7, 0xD0, 0x5B, 0x9A, 0x6A, 0xCE, 0xC7, 0xCC, 0xA7, 0x5F, 0xFB, 0x9F, 0x39, 0x6B, 0x3F, 0xCA,
    0x14, 0x80, 0x30, 0x17, 0x9A, 0x43, 0x98, 0xA9, 0x47, 0x7B, 0x9D, 0xB2, 0xD3, 0xDE, 0x9A, 0xF3,
    0xE5, 0xFA, 0x2D, 0x17, 0xC8, 0x43, 0x8C, 0x1D, 0xE1, 0xA1, 0x98, 0x53, 0x92, 0x64, 0x97, 0x5D,
    0x92, 0xE4, 0x92, 0x2A, 0x5E, 0xC8, 0x3A, 0x92, 0x84, 0xE7, 0xA4, 0xCA, 0x92, 0x24, 0xC3, 0x06,
    0xDE, 0x6B, 0x36, 0x6A, 0xDD, 0xD8, 0xDA, 0xBE, 0xA6, 0x0F, 0xCE, 0x75, 0xD5, 0x56, 0xE9, 0x3F,
    0xFC, 0xE2, 0x97, 0x6D, 0x35, 0x67, 0xF3, 0x27, 0x4D, 0xA6, 0x5A, 0xCC, 0xEB, 0x77, 0xA0, 0xBF,
    0x43, 0xFF, 0xC7, 0x13, 0xFA, 0xE3, 0x69, 0xFD, 0x26, 0xB4, 0x71, 0xE5, 0x4A, 0x69, 0x36, 0xB7,
    0xF3, 0xE2, 0xF6, 0x76, 0x75, 0x9B, 0x65, 0x26, 0x52, 0x3F, 0x52, 0x77, 0x0E, 0x2B, 0x30, 0x88,
    0x44, 0xBA, 0x8F, 0x54, 0x3A, 0xE9, 0xA0, 0xEC, 0x6A, 0xED, 0xC9, 0x99, 0x7C, 0xA5, 0x82, 0x8C,
    0x02, 0x92, 0x02, 0x98, 0x30, 0x1B, 0xD5, 0x63, 0xC2, 0x3D, 0xF7, 0x82, 0x3D, 0x9F, 0x28, 0x9D,
    0x3D, 0xA0, 0x5D, 0xD2, 0x8B, 0xFD, 0x08, 0x96, 0x3E, 0x24, 0x9B, 0x1A, 0x94, 0xBA, 0xF5, 0xEC,
    0xD5, 0x78, 0xE6, 0x86, 0x92, 0x7B, 0xFB, 0xFF, 0xBD, 0x73, 0xF3, 0x68, 0x52, 0x64, 0xA5, 0xED,
    0xE9, 0xFD, 0x35, 0xE5, 0xC7, 0x95, 0x2F, 0xD3, 0x62, 0xDD, 0x3B, 0x44, 0x9D, 0x65, 0x6C, 0x6E,
    0x1F, 0x5C, 0x66, 0x25, 0xD2, 0x79, 0x20, 0xB6, 0x44, 0x68, 0xDD, 0xFD, 0x71, 0x7A, 0xB2, 0xDF,
    0x93, 0x3B, 0x95, 0xDC, 0x71, 0xA7, 0xE0, 0x7B, 0x31, 0x9A, 0x8D, 0xD1, 0x7C, 0x36, 0x95, 0xC8,
    0x58, 0xD0, 0x0F, 0x5B, 0x16, 0x7E, 0xA2, 0xFF, 0xB0, 0x9B, 0x29, 0xE2, 0xE2, 0xE9, 0x3C, 0x31,
    0x6C, 0xC4, 0xB3, 0x96, 0x7C, 0x62, 0x93, 0x10, 0x6F, 0x9C, 0x72, 0xAA, 0x08, 0x1B, 0xD1, 0xAD,
    0xAE, 0xEC, 0x1D, 0xA5, 0xD0, 0xD1, 0x24, 0x62, 0x4C, 0x23, 0xB0, 0x17, 0x9D, 0x8C, 0xB8, 0x6A,
    0x65, 0x8D, 0x86, 0x40, 0x83, 0x22, 0xCB, 0xCF, 0xB1, 0x47, 0x86, 0xB6, 0xC0, 0xDC, 0x2A, 0x0A,
    0x13, 0x76, 0xF3, 0x46, 0x9A, 0xD5, 0x69, 0x9D, 0xBD, 0x06, 0x37, 0x41, 0x21, 0x38, 0xA4, 0xB5,
    0x0D, 0xA2, 0x3F, 0xB7, 0xE5, 0xEF, 0x3B, 0xEF, 0x35, 0xF6, 0x83, 0xB4, 0xB1, 0x32, 0x6F, 0xED,
    0x07, 0x59, 0xFD, 0xBF, 0xA6, 0xF3, 0x77, 0xD6, 0x75, 0x25, 0x55, 0xEC, 0x45, 0x6B, 0xC7, 0xF6,
    0x37, 0x9D, 0xFD, 0x6A, 0x1E, 0xA3, 0xAF, 0x7E, 0x31, 0xC5, 0x67, 0x3B, 0x2C, 0xF3, 0xE8, 0x40,
    0xF3, 0x7D, 0x5B, 0xED, 0xBB, 0xAB, 0xBD, 0xE2, 0x3F, 0xFF, 0x94, 0x8E, 0x91, 0x5B, 0xDD, 0x4E,
    0xA2, 0xFF, 0xA8, 0xE6, 0xFC, 0x61, 0xE5, 0xB8, 0xAE, 0xFB, 0x3F, 0xB3, 0x63, 0x73, 0xEC, 0xDF,
    0x00, 0x1E, 0xFE, 0x82, 0x38, 0x70, 0x44, 0x48, 0xE3, 0xC2, 0x45, 0x02, 0x50, 0x9C, 0x56, 0x01,
    0xDE, 0xEE, 0x0C, 0xA5, 0x42, 0x85, 0x0A, 0xAB, 0xB0, 0x2A, 0x17, 0x4C, 0xE1, 0xC2, 0x45, 0x60,
    0xAA, 0x24, 0x82, 0xDD, 0xB7, 0x6B, 0xA9, 0x50, 0x91, 0xC2, 0x32, 0x60, 0xA4, 0xB5, 0x0A, 0xD7,
    0x96, 0x02, 0xA8, 0x20, 0x90, 0x25, 0x77, 0x49, 0x21, 0x70, 0xA1, 0xC2, 0xA3, 0x10, 0x82, 0x4B,
    0x8E, 0xAD, 0x27, 0x24, 0x55, 0x32, 0x92, 0x46, 0xE6, 0xA5, 0x39, 0xBB, 0x9B, 0xF3, 0x39, 0xF7,
    0xBE, 0xFB, 0xDE, 0xE8, 0x8D, 0x5E, 0xA8, 0x90, 0x22, 0xE5, 0xB5, 0xE7, 0x8C, 0xF6, 0x71, 0x67,
    0xEE, 0x39, 0x77, 0xCE, 0x3D, 0x7F, 0xBE, 0xE7, 0xDC, 0xA9, 0x5D, 0x22, 0xAD, 0x88, 0x39, 0x6A,
    0xDE, 0x6B, 0x74, 0x78, 0xE0, 0xD8, 0x74, 0xD8, 0x29, 0x21, 0xA2, 0xCC, 0x09, 0x4B, 0xA3, 0x1E,
    0x98, 0x93, 0x97, 0xD1, 0x02, 0x7B, 0xFD, 0xDC, 0xE8, 0xF8, 0x49, 0xFD, 0xA4, 0x47, 0x95, 0xB8,
    0x4F, 0x6C, 0x1C, 0x06, 0x52, 0x54, 0xD6, 0x4E, 0x86, 0x47, 0xF6, 0xE7, 0x40, 0xBE, 0xBB, 0x78,
    0x8E, 0x78, 0xAC, 0x50, 0xC6, 0x34, 0x1D, 0x22, 0x93, 0x06, 0x39, 0x24, 0xFA, 0x21, 0xEE, 0xE1,
    0x19, 0x65, 0x3C, 0x21, 0xB2, 0x8E, 0x0F, 0xD6, 0xD1, 0x9D, 0xF5, 0xE8, 0xD6, 0xC2, 0x09, 0xDE,
    0x72, 0xAB, 0x91, 0x70, 0x31, 0x54, 0x42, 0xC7, 0xFE, 0x1E, 0x61, 0xDF, 0x76, 0x80, 0xA7, 0x99,
    0x53, 0xFE, 0xD3, 0x5F, 0xDF, 0xFC, 0xEF, 0xD7, 0x4F, 0x0E, 0xAF, 0x9F, 0x22, 0xBF, 0xC5, 0x4D,
    0x9F, 0x13, 0xF6, 0x25, 0x96, 0x45, 0xAF, 0x10, 0xC3, 0x95, 0xB5, 0x6C, 0x7E, 0xC6, 0xA9, 0x62,
    0x02, 0x40, 0x8A, 0xAC, 0x6F, 0xE3, 0x81, 0xB0, 0x96, 0x76, 0x35, 0x0F, 0x87, 0x85, 0x0F, 0x64,
    0x2B, 0x6B, 0x1F, 0xC1, 0xEC, 0x18, 0x63, 0xC5, 0x58, 0xEC, 0xB7, 0x8E, 0x08, 0x9F, 0x70, 0x8E,
    0x70, 0xA7, 0xA8, 0x55, 0xFB, 0x0A, 0x12, 0xD8, 0x05, 0x63, 0xCF, 0x54, 0x03, 0xA6, 0x4A, 0x97,
    0x2E, 0x17, 0x87, 0xFF, 0x96, 0x71, 0xD1, 0x8D, 0x58, 0xF1, 0x8C, 0x44, 0xE8, 0x4E, 0x03, 0xAB,
    0x73, 0xE2, 0x0C, 0xC1, 0x8A, 0x30, 0x47, 0x1A, 0xD2, 0x56, 0xD6, 0xF1, 0x10, 0xA0, 0x12, 0x7C,
    0x69, 0x55, 0xBB, 0x14, 0x01, 0x73, 0xF3, 0xF9, 0x0A, 0xCE, 0xE1, 0x15, 0xFC, 0xE7, 0xDD, 0x68,
    0xA3, 0x0A, 0x3E, 0xB5, 0x0A, 0xDE, 0x73, 0x6E, 0x2D, 0x0A, 0xCE, 0x71, 0x52, 0xC1, 0x83, 0x1F,
    0xF3, 0xF4, 0xF1, 0x8E, 0x56, 0x49, 0xF7, 0xBC, 0x0E, 0x3F, 0x70, 0xF0, 0x1C, 0x57, 0x0E, 0x1C,
    0x69, 0x9D, 0xE5, 0x3F, 0xFF, 0xF0, 0x02, 0xFB, 0xA0, 0xC1, 0x86, 0xB7, 0x70, 0xBC, 0xC2, 0x0E,
    0x63, 0x52, 0xFD, 0xE7, 0xD1, 0xC7, 0x4C, 0x0F, 0x2E, 0xD0, 0xD7, 0xEC, 0x1C, 0x79, 0x48, 0x85,
    0x3B, 0xBF, 0x01, 0xC3, 0xAA, 0xE0, 0x68, 0x20, 0x20, 0x3D, 0x27, 0x42, 0x72, 0xFA, 0x2A, 0xDC,
    0xA9, 0x9E, 0x70, 0x22, 0x8E, 0x0E, 0x0D, 0x29, 0x34, 0x6C, 0x13, 0x99, 0x27, 0x46, 0x15, 0x3A,
    0x35, 0xAA, 0xB9, 0x17, 0x3A, 0x45, 0xCC, 0xA7, 0x9D, 0xC2, 0xE5, 0x66, 0x19, 0xB6, 0xE4, 0x83,
    0x18, 0xC3, 0xEC, 0xB9, 0x6A, 0x06, 0xD4, 0xF0, 0xC2, 0x7A, 0xC2, 0x12, 0xFB, 0x59, 0x59, 0xE0,
    0x03, 0xFE, 0x2B, 0xC8, 0x29, 0x24, 0x77, 0x6A, 0x9D, 0xB9, 0xA3, 0x05, 0x9A, 0xD3, 0xB5, 0xAB,
    0xE3, 0x98, 0x02, 0xD4, 0xA2, 0x25, 0x48, 0x38, 0x8C, 0x57, 0xA1, 0x71, 0x05, 0x85, 0x8B, 0x6C,
    0x91, 0xE2, 0x3A, 0x17, 0xAC, 0xA6, 0x15, 0x78, 0x52, 0x78, 0x4F, 0x9C, 0x57, 0x1E, 0xBD, 0xBB,
    0x6E, 0x83, 0x2C, 0x7D, 0xFE, 0xA6, 0xE8, 0xCD, 0x4F, 0x22, 0x01, 0x61, 0xD3, 0x4E, 0xF2, 0x9F,
    0x20, 0x69, 0xA9, 0x81, 0x11, 0x88, 0xF4, 0x63, 0x23, 0xCA, 0xDD, 0xAC, 0x9C, 0x51, 0xFB, 0x99,
    0xCA, 0xEE, 0xAE, 0xD5, 0xEA, 0x86, 0x60, 0x64, 0x00, 0xCC, 0x15, 0x68, 0x09, 0xAB, 0xC8, 0x26,
    0x14, 0x8C, 0x9F, 0x2F, 0x66, 0xE1, 0x4E, 0x41, 0x84, 0xD5, 0x96, 0x35, 0x7A, 0x99, 0x0C, 0xF6,
    0x63, 0x10, 0x6A, 0x9C, 0x01, 0x6D, 0x47, 0x4C, 0x77, 0xD4, 0x41, 0x59, 0x31, 0x40, 0x00, 0xAC,
    0xB9, 0xA4, 0x12, 0x5A, 0xF3, 0x18, 0xE3, 0x46, 0x71, 0x99, 0x16, 0x09, 0x09, 0x90, 0x84, 0xB6,
    0xE0, 0x89, 0xCC, 0x7F, 0xB8, 0x49, 0xEA, 0x02, 0xF6, 0x58, 0xA9, 0x78, 0xF5, 0xA5, 0x05, 0xB4,
    0x96, 0xB6, 0x70, 0x20, 0x53, 0x7F, 0x70, 0x06, 0x7C, 0x73, 0xAE, 0x21, 0x10, 0xBA, 0x62, 0x81,
    0x48, 0xC6, 0x52, 0x24, 0x96, 0x90, 0x98, 0xD3, 0x87, 0x97, 0xDE, 0x7F, 0xA9, 0xE4, 0x22, 0x2E,
    0x4B, 0xF4, 0x64, 0x0B, 0xF9, 0x81, 0x3F, 0x95, 0x7A, 0xCA, 0x5C, 0x74, 0x6C, 0x4F, 0xCC, 0x2F,
    0x27, 0x5B, 0x58, 0x98, 0x01, 0x23, 0xBD, 0x21, 0x92, 0x84, 0x3B, 0xEB, 0x18, 0x32, 0x7C, 0x80,
    0x21, 0x7A, 0x0A, 0x48, 0xD2, 0xA9, 0x1F, 0xDE, 0x3D, 0x13, 0x90, 0xF8, 0xC3, 0x00, 0x16, 0x10,
    0xAD, 0x74, 0x25, 0x1E, 0x1D, 0x9D, 0x25, 0xCD, 0xC5, 0xC4, 0x19, 0x0C, 0x0D, 0xCD, 0x4A, 0xA5,
    0xC1, 0x3E, 0xE3, 0xE2, 0x5F, 0x8E, 0xC5, 0x19, 0x95, 0x87, 0xDE, 0x20, 0x11, 0x24, 0xD9, 0x70,
    0xE5, 0x4F, 0xF8, 0x71, 0x0E, 0x53, 0x19, 0xBF, 0x10, 0x82, 0xF5, 0xB1, 0x55, 0x7F, 0x5A, 0x88,
    0xA4, 0x42, 0xF9, 0x4B, 0x41, 0xB3, 0x45, 0xDD, 0x82, 0x59, 0x4A, 0x04, 0x92, 0xC5, 0x62, 0x21,
    0x73, 0x62, 0x9E, 0x09, 0xA6, 0x7A, 0x8C, 0x51, 0xDC, 0x63, 0x8E, 0xA7, 0xA1, 0xE0, 0x48, 0x57,
    0x35, 0xD4, 0xC7, 0xD1, 0x92, 0x29, 0xC8, 0xF1, 0x47, 0xF1, 0x0A, 0x1F, 0x0B, 0xBE, 0x7D, 0xA3,
    0x09, 0x28, 0xC8, 0x11, 0xB5, 0x15, 0x72, 0x2C, 0xAF, 0x9A, 0xA0, 0x35, 0xA2, 0xCF, 0xAD, 0x24,
    0xBB, 0xCD, 0x54, 0xFE, 0x69, 0x9C, 0x8D, 0xEA, 0xF1, 0x84, 0x95, 0x67, 0xFB, 0xBB, 0x96, 0xB0,
    0xCA, 0x82, 0x11, 0x36, 0x5B, 0x3C, 0x30, 0xC0, 0xDB, 0xAF, 0x31, 0x14, 0xB9, 0xE6, 0x92, 0x63,
    0x6C, 0x23, 0x0C, 0x83, 0x5E, 0xA6, 0x58, 0x59, 0xB4, 0x01, 0xBA, 0x48, 0xDF, 0xBF, 0x24, 0x4C,
    0xA7, 0x0B, 0xB8, 0x96, 0xA0, 0x50, 0xD8, 0xCE, 0x94, 0xEF, 0x5C, 0x19, 0x17, 0xB6, 0xF9, 0xBF,
    0xB2, 0x3E, 0x4B, 0x17, 0xC2, 0xFB, 0x54, 0x99, 0x5F, 0x5A, 0xEE, 0x8D, 0xB0, 0x8F, 0x26, 0xA0,
    0x4B, 0xF7, 0x24, 0xAE, 0x0E, 0x3F, 0xA9, 0xC4, 0x99, 0x7E, 0x20, 0xA6, 0x3E, 0xBE, 0x29, 0x24,
    0x7D, 0xA5, 0xD1, 0xF9, 0x4F, 0x20, 0x82, 0xC4, 0x19, 0xEA, 0x8C, 0xAD, 0x91, 0x08, 0xB6, 0x31,
    0x59, 0x72, 0xA3, 0x59, 0xE6, 0xE9, 0xB3, 0xF5, 0x74, 0x22, 0xE3, 0x4C, 0xC7, 0xB3, 0xA8, 0x12,
    0xA3, 0xC6, 0x0F, 0xDD, 0x33, 0xA3, 0xF8, 0x58, 0x29, 0x46, 0x5E, 0x22, 0x1A, 0x08, 0xEA, 0x72,
    0xA4, 0x65, 0xFB, 0xA4, 0xD2, 0xE7, 0xA0, 0x4E, 0x0E, 0x87, 0x6E, 0xCB, 0x4E, 0x32, 0x08, 0xD3,
    0xF9, 0xBB, 0x3F, 0x74, 0x01, 0x6D, 0x89, 0xCC, 0x4A, 0xC2, 0x03, 0x37, 0x18, 0x26, 0x6C, 0xFC,
    0x0C, 0xC5, 0x2C, 0x69, 0x0C, 0xCB, 0xB4, 0x23, 0x43, 0x2D, 0x39, 0xB1, 0x80, 0xB3, 0xEC, 0x94,
    0x72, 0x3B, 0xAD, 0xF4, 0xB0, 0xD8, 0x29, 0xE2, 0x89, 0x1E, 0x8E, 0x6A, 0xE2, 0x8F, 0x4F, 0x5B,
    0x46, 0x69, 0xF8, 0xC9, 0x86, 0xDE, 0x00, 0x51, 0x7D, 0x33, 0x66, 0xED, 0x8C, 0x29, 0x85, 0x4C,
    0x35, 0x84, 0x95, 0x9F, 0x97, 0x57, 0x29, 0x03, 0xB5, 0x51, 0x35, 0x0B, 0x1A, 0xA0, 0x09, 0xC4,
    0x69, 0x39, 0x21, 0x8F, 0x91, 0xE7, 0x90, 0x88, 0xDB, 0xC4, 0x3A, 0x2D, 0x84, 0x80, 0xFF, 0x81,
    0x63, 0x84, 0x98, 0x3B, 0xE1, 0x58, 0x25, 0xCE, 0x04, 0x97, 0x8D, 0x70, 0x3F, 0x56, 0x73, 0x45,
    0xD5, 0x13, 0x0B, 0xCD, 0xCB, 0x63, 0xBA, 0xF5, 0x51, 0x07, 0xD7, 0xC4, 0xCF, 0x69, 0xC9, 0x74,
    0x61, 0xEC, 0xB1, 0xBC, 0x39, 0x98, 0xBA, 0x48, 0x80, 0xF6, 0x73, 0xAA, 0x38, 0x49, 0x1E, 0x44,
    0x7C, 0x3F, 0x45, 0xCE, 0x22, 0x58, 0xE6, 0xD6, 0x47, 0x18, 0x95, 0xB1, 0x15, 0x6A, 0x40, 0x2B,
    0x70, 0x7E, 0x88, 0x29, 0x0F, 0xAD, 0xD9, 0x67, 0xFC, 0x4F, 0x0D, 0x74, 0x65, 0x9F, 0xC1, 0x86,
    0xC1, 0x57, 0x2B, 0x30, 0x54, 0x31, 0x9F, 0xE9, 0x2B, 0x48, 0x2B, 0xCF, 0x6E, 0x4F, 0xAE, 0x10,
    0x88, 0x44, 0x92, 0x8F, 0x74, 0x71, 0x55, 0x54, 0x44, 0x4C, 0xAE, 0x30, 0x33, 0x0E, 0x5A, 0x0C,
    0xD8, 0x15, 0xED, 0x21, 0xC9, 0x84, 0x64, 0x4C, 0x5C, 0xC2, 0xC4, 0xAD, 0x8C, 0xEB, 0xAE, 0xC8,
    0x5E, 0x17, 0x75, 0xF9, 0x86, 0x75, 0x36, 0x71, 0xA5, 0xA4, 0x97, 0x8B, 0xE7, 0xA4, 0xE7, 0x1D,
    0x3F, 0xAE, 0x20, 0xC4, 0xA1, 0x36, 0xF7, 0xDA, 0x87, 0x14, 0x7D, 0xC2, 0xDF, 0x28, 0x96, 0x86,
    0x6F, 0x6A, 0x45, 0x8D, 0x49, 0xFB, 0x4F, 0x2A, 0xC2, 0xBD, 0x2A, 0xA5, 0xF6, 0xD8, 0xC4, 0x10,
    0xF9, 0x90, 0x3F, 0xC8, 0xB2, 0x8F, 0x6E, 0x8A, 0xBB, 0xB9, 0x53, 0x69, 0x7F, 0x42, 0xA2, 0xED,
    0x75, 0x4D, 0xF0, 0x77, 0x31, 0x9A, 0xE5, 0x0E, 0xFC, 0xFA, 0xB9, 0x0A, 0xDD, 0xE2, 0x41, 0xB8,
    0x84, 0xA1, 0xB2, 0x07, 0xE2, 0x5D, 0x5E, 0x88, 0x3D, 0xD4, 0x30, 0x81, 0xD1, 0xA6, 0x87, 0x31,
    0xAA, 0x0D, 0x82, 0xE0, 0x2A, 0x20, 0xE7, 0xB1, 0xD1, 0x24, 0x30, 0x9A, 0x8B, 0x2A, 0x4B, 0x6A,
    0x81, 0xF6, 0x39, 0x14, 0x4E, 0xE5, 0x88, 0xC3, 0x28, 0xFA, 0xCC, 0x34, 0xF7, 0x9F, 0xC9, 0x61,
    0x84, 0x76, 0x5A, 0x18, 0x32, 0xA2, 0x82, 0xF9, 0x7B, 0xAD, 0x78, 0xE0, 0x14, 0x2F, 0xE1, 0xEA,
    0x09, 0xE8, 0x0A, 0xB4, 0x76, 0x91, 0x86, 0x65, 0xCF, 0x53, 0xA6, 0x11, 0x0E, 0x98, 0x05, 0xD8,
    0x1D, 0xEC, 0xD6, 0xC2, 0x64, 0x55, 0x19, 0xAD, 0x31, 0xB2, 0xC8, 0x45, 0x73, 0x28, 0x64, 0x40,
    0x16, 0x63, 0x21, 0xA5, 0xAC, 0xEE, 0x8C, 0x6C, 0x35, 0x47, 0x63, 0x0B, 0x9E, 0xEA, 0x04, 0xB4,
    0x43, 0x88, 0xFC, 0x4A, 0xFE, 0x5C, 0x4A, 0x79, 0x75, 0x5F, 0xD6, 0xD9, 0x7F, 0x74, 0x30, 0x06,
    0x7E, 0xBA, 0x1D, 0x00, 0x54, 0x82, 0x93, 0x90, 0x87, 0x02, 0xAD, 0x04, 0xA3, 0x84, 0x07, 0x82,
    0x75, 0x31, 0x4B, 0x95, 0x78, 0x26, 0xB9, 0x8A, 0x58, 0x02, 0xD0, 0x17, 0x32, 0x83, 0xAC, 0x58,
    0x32, 0x4A, 0x68, 0x61, 0x82, 0xC4, 0xB5, 0x90, 0xA4, 0x42, 0x3B, 0xE8, 0xE1, 0xC9, 0x17, 0xF2,
    0xFC, 0xE7, 0x62, 0x1B, 0x42, 0x61, 0xE3, 0x20, 0x6B, 0xDD, 0x43, 0xBE, 0x7C, 0x37, 0x38, 0x02,
    0xDF, 0x4D, 0x56, 0xA5, 0x95, 0x07, 0xFA, 0x14, 0xE0, 0x96, 0x32, 0x0B, 0x87, 0x07, 0xB9, 0x1D,
    0x78, 0x5F, 0x1E, 0x07, 0xEF, 0x85, 0x81, 0x94, 0x3E, 0xB5, 0x02, 0x42, 0xCE, 0x0C, 0xEA, 0xC8,
    0xBC, 0xE3, 0x80, 0xB5, 0xB0, 0x6B, 0xEB, 0x9C, 0xD8, 0x0E, 0x21, 0xFC, 0xBC, 0x84, 0xAD, 0x8B,
    0x1A, 0x74, 0x35, 0x42, 0x5E, 0x45, 0x7D, 0xFF, 0x89, 0x3C, 0xFC, 0x67, 0xE8, 0xDC, 0x7F, 0xF3,
    0x08, 0x36, 0x3D, 0x1C, 0x27, 0x72, 0xDD, 0xA4, 0x60, 0x9F, 0x72, 0xE4, 0xE5, 0x58, 0x75, 0x61,
    0x29, 0xD4, 0x04, 0x13, 0xD7, 0x60, 0x9D, 0xC7, 0x32, 0x12, 0xA5, 0xD5, 0x4C, 0xC6, 0xA1, 0xE3,
    0x8A, 0xA1, 0x96, 0x72, 0x30, 0x10, 0xE3, 0xBC, 0x23, 0x24, 0xB9, 0xA9, 0xA1, 0x83, 0x21, 0x6C,
    0x24, 0xBE, 0xBD, 0x42, 0x00, 0xE9, 0x3F, 0x8F, 0x4C, 0x96, 0x1F, 0x3F, 0x81, 0x57, 0x2C, 0x29,
    0xBB, 0xCB, 0x85, 0x95, 0x24, 0x8C, 0xAE, 0x1B, 0xF9, 0xC1, 0xE5, 0x74, 0x9A, 0x73, 0xAC, 0x39,
    0x0B, 0x0D, 0x5A, 0x95, 0x9C, 0x81, 0x45, 0xAD, 0xFA, 0xD7, 0x5A, 0xE6, 0x40, 0x3B, 0x6C, 0x6D,
    0x46, 0x14, 0x55, 0xFF, 0x03, 0xA0, 0x44, 0x51, 0x5E, 0x1C, 0x80, 0xFE, 0x47, 0x8E, 0x2F, 0x41,
    0x1D, 0xC4, 0x7B, 0xC2, 0x3D, 0x27, 0xB4, 0x0C, 0x8D, 0xE7, 0x3F, 0x62, 0x2D, 0x45, 0xA8, 0xB6,
    0x65, 0x78, 0x4D, 0xEE, 0x99, 0x52, 0x4C, 0x45, 0xEB, 0xD2, 0xEF, 0x97, 0x01, 0x9A, 0x47, 0x57,
    0x81, 0xD5, 0xBE, 0x04, 0x6E, 0x0F, 0xCE, 0xB5, 0x04, 0x94, 0x56, 0x0B, 0xD5, 0x96, 0xA0, 0x89,
    0xB1, 0x9B, 0x03, 0xBB, 0x00, 0xFD, 0xFA, 0xF4, 0xCB, 0xC2, 0x9B, 0x36, 0x1B, 0x6B, 0x38, 0xD1,
    0xDC, 0x45, 0xB6, 0x17, 0x01, 0x65, 0x06, 0xA1, 0x46, 0xA1, 0xB5, 0xC4, 0x6B, 0x32, 0x45, 0x94,
    0x49, 0xB4, 0x28, 0x6D, 0xA2, 0xDC, 0xD6, 0xA6, 0x10, 0x93, 0x23, 0x93, 0xB8, 0x3A, 0x6C, 0x09,
    0xE7, 0xB2, 0x0D, 0x98, 0x89, 0xF4, 0xD5, 0x26, 0x40, 0xE1, 0xD3, 0xD7, 0xAA, 0x00, 0xA5, 0x4F,
    0xE4, 0x71, 0xA2, 0xF8, 0xB1, 0x3C, 0x51, 0x94, 0x9F, 0x9E, 0x21, 0x16, 0x40, 0x84, 0xA8, 0xA0,
    0x3F, 0x9A, 0x49, 0x2F, 0xEC, 0x83, 0xF5, 0xC6, 0x86, 0x35, 0xDE, 0x17, 0xA2, 0x70, 0x9C, 0xBB,
    0x67, 0x32, 0x6F, 0xA1, 0x6A, 0x82, 0xFD, 0xAF, 0x2E, 0xE3, 0x98, 0x79, 0x68, 0x73, 0x10, 0xB1,
    0x4D, 0x7E, 0x89, 0x1E, 0x02, 0x8A, 0xB5, 0xB6, 0xD4, 0x17, 0x1A, 0xEE, 0x61, 0x26, 0x90, 0x19,
    0x64, 0x09, 0x11, 0x36, 0x42, 0xC8, 0xA8, 0x75, 0x8B, 0x9F, 0xC5, 0xCA, 0xE3, 0x20, 0xBF, 0x59,
    0x17, 0x0C, 0x9C, 0xFF, 0xE6, 0x3D, 0xF5, 0x4E, 0xAC, 0x58, 0xED, 0xCF, 0x38, 0x70, 0x23, 0xAA,
    0xF1, 0x8E, 0x0D, 0x03, 0x96, 0x78, 0x85, 0xE4, 0x93, 0x0F, 0x08, 0x75, 0xDB, 0xDC, 0x0E, 0xC3,
    0x28, 0x46, 0x2C, 0x76, 0x2B, 0x11, 0x93, 0x1C, 0x16, 0xF5, 0x07, 0xD1, 0x2C, 0xB2, 0xCB, 0x92,
    0x2F, 0x6F, 0xE5, 0x01, 0x72, 0x6D, 0x09, 0x4A, 0x10, 0x78, 0xCC, 0x98, 0x1A, 0x30, 0xF3, 0xF0,
    0xDE, 0xAA, 0xE2, 0xF4, 0x6F, 0x3D, 0x5B, 0xAB, 0x5F, 0x3C, 0x42, 0x92, 0x28, 0x0D, 0xBE, 0x03,
    0x71, 0x9F, 0x78, 0x5B, 0x5E, 0x6E, 0x03, 0x30, 0x32, 0x2C, 0xE5, 0x36, 0x2E, 0x7F, 0x35, 0xB7,
    0x0B, 0x27, 0x23, 0xCA, 0x50, 0xED, 0xE2, 0x5A, 0xFC, 0x35, 0x27, 0x04, 0x74, 0x6D, 0x93, 0xAE,
    0xE5, 0x95, 0xD3, 0xD2, 0x8E, 0xD8, 0x09, 0xEC, 0x12, 0x64, 0xB2, 0x44, 0x23, 0x56, 0x6F, 0x87,
    0x62, 0x15, 0x72, 0xD2, 0x1E, 0x53, 0xD7, 0x2D, 0x00, 0x8A, 0x26, 0xC6, 0x75, 0x5F, 0x6F, 0x2F,
    0x0F, 0x63, 0x55, 0x4B, 0x49, 0x38, 0xDD, 0xDD, 0xB3, 0x3E, 0x64, 0xE1, 0x5B, 0xEF, 0x19, 0x64,
    0x5B, 0xFA, 0x45, 0xB5, 0xF7, 0x57, 0x47, 0xDD, 0xB3, 0xE8, 0x3C, 0x7F, 0x82, 0x58, 0x84, 0x2C,
    0x5C, 0x04, 0xFD, 0x4F, 0xD6, 0x26, 0x58, 0x59, 0x93, 0x01, 0xE4, 0x7C, 0xF7, 0x1B, 0xC0, 0x5B,
    0xB0, 0x99, 0x95, 0xD0, 0xC2, 0x09, 0x00, 0x85, 0x7F, 0x22, 0x30, 0x72, 0x27, 0x96, 0x3D, 0x81,
    0xF7, 0x58, 0x73, 0x55, 0xFE, 0x66, 0xD7, 0x5E, 0xF1, 0xCF, 0xDB, 0x1F, 0xB6, 0xC2, 0x23, 0x5E,
    0x7C, 0xB4, 0x7D, 0x7E, 0xEB, 0x3D, 0x77, 0x10, 0x3C, 0xF9, 0xAD, 0xB8, 0xA4, 0x52, 0xFB, 0xB5,
    0xB0, 0x3F, 0xFE, 0x57, 0x32, 0x7B, 0x74, 0x2D, 0xB7, 0x61, 0x55, 0x33, 0x69, 0x65, 0x79, 0xB6,
    0xC7, 0xF0, 0x97, 0x9E, 0x5B, 0x86, 0x54, 0x1B, 0x52, 0xED, 0x26, 0x78, 0xFD, 0x09, 0x31, 0x28,
    0xBE, 0x5E, 0xE0, 0x92, 0xFB, 0x7E, 0x7B, 0x81, 0x6F, 0x9A, 0x1E, 0x20, 0xCB, 0xA3, 0xA0, 0x4B,
    0xBD, 0xF9, 0xC1, 0x59, 0x4C, 0x1B, 0xF7, 0x5A, 0xF9, 0x46, 0x9E, 0xD3, 0x9B, 0x6E, 0xCE, 0x59,
    0x90, 0x8F, 0xD4, 0x2C, 0xA9, 0x50, 0x75, 0x07, 0xF3, 0xF4, 0xB1, 0x72, 0x7F, 0x30, 0x56, 0xB1,
    0x20, 0xD4, 0xA1, 0x1D, 0x60, 0xB8, 0xA5, 0xD9, 0xA3, 0x89, 0x1A, 0xC9, 0x85, 0x36, 0x5B, 0xDE,
    0xA3, 0xE4, 0xF1, 0x4B, 0x99, 0x08, 0x94, 0x66, 0x57, 0xDA, 0x8A, 0xEE, 0x47, 0xDD, 0xD9, 0xA8,
    0x3A, 0xCF, 0xBE, 0xA4, 0xFC, 0xB6, 0x78, 0x81, 0xAD, 0x33, 0xA6, 0x58, 0x8B, 0x66, 0x23, 0x57,
    0x7D, 0x47, 0xF9, 0x8E, 0x3D, 0x4C, 0xBB, 0x27, 0xBD, 0xD7, 0x82, 0x2A, 0x0B, 0x53, 0x7F, 0xE9,
    0xB4, 0xBB, 0x39, 0xB3, 0xEB, 0xE6, 0xED, 0xDE, 0x7E, 0x70, 0x7E, 0xDA, 0xBD, 0xF5, 0xCC, 0xFF,
    0x1B, 0x17, 0xE9, 0xF9, 0xBF, 0x4F, 0x0F, 0x68, 0xD6, 0xBD, 0x9A, 0x77, 0x02, 0x35, 0x23, 0xBF,
    0xF1, 0x5B, 0x58, 0xA0, 0x40, 0x40, 0x89, 0x9E, 0xE4, 0x2E, 0xA3, 0xCF, 0xA8, 0xEA, 0xC2, 0x99,
    0x12, 0xA6, 0x30, 0x84, 0xC3, 0x4A, 0x14, 0x64, 0xB4, 0x7E, 0x4B, 0xD6, 0xD5, 0xF7, 0xE4, 0x3F,
    0xCA, 0xEF, 0x06, 0x5F, 0xE0, 0x03, 0x7B, 0xD6, 0x2A, 0x05, 0x85, 0x3E, 0xAD, 0x68, 0xB7, 0x7E,
    0xF9, 0x49, 0xB5, 0x34, 0x61, 0x05, 0xD6, 0x62, 0x67, 0x68, 0xF8, 0x73, 0xDF, 0x8C, 0x95, 0x32,
    0x15, 0x61, 0x8F, 0xB1, 0x41, 0x91, 0xE3, 0xD2, 0x89, 0xEC, 0xD7, 0xA7, 0x07, 0xD9, 0xFC, 0x9E,
    0x35, 0x0F, 0x5F, 0x35, 0x4A, 0xBF, 0x79, 0xD8, 0x55, 0x94, 0xB2, 0x6E, 0xB0, 0x2C, 0x09, 0x6C,
    0x64, 0x2E, 0xC2, 0x1E, 0xED, 0x9C, 0x15, 0x1F, 0xE9, 0x75, 0xA8, 0xDA, 0xE2, 0xFE, 0x24, 0xFA,
    0x5B, 0xA5, 0x23, 0x89, 0xE8, 0xE1, 0x93, 0x64, 0x38, 0x3E, 0x9C, 0x1F, 0x07, 0xCF, 0x9D, 0x59,
    0xDF, 0xFF, 0x24, 0xAB, 0xE8, 0x2F, 0x2B, 0xD7, 0x2E, 0x0D, 0x31, 0x87, 0x53, 0x3F, 0xB5, 0x1A,
    0xDB, 0xA9, 0x93, 0x38, 0xCB, 0x3F, 0xA4, 0x87, 0x02, 0x9E, 0x39, 0xDE, 0x3D, 0xE5, 0xF7, 0xCE,
    0x30, 0xA7, 0xF6, 0x54, 0x83, 0xFF, 0xB6, 0xAC, 0x1D, 0xEB, 0xB7, 0x36, 0xC7, 0x87, 0x5C, 0x12,
    0xA3, 0x5D, 0x0D, 0x04, 0xEC, 0x34, 0xB0, 0xDE, 0xCA, 0x22, 0x67, 0x13, 0x8F, 0xA1, 0x7C, 0xA4,
    0xB5, 0x0E, 0xC9, 0x2A, 0xA3, 0xF7, 0x9A, 0x68, 0x4D, 0x62, 0xBD, 0xCE, 0x81, 0x14, 0xA6, 0x51,
    0x25, 0xCD, 0xEC, 0xF1, 0x5A, 0xD0, 0x3E, 0x49, 0xCB, 0xB4, 0xD7, 0x84, 0xB0, 0xE0, 0x02, 0x39,
    0xE2, 0x44, 0xED, 0x1C, 0xB1, 0x1E, 0xDB, 0x1A, 0x5E, 0x5C, 0x95, 0xF2, 0xE5, 0x3A, 0x68, 0x03,
    0x73, 0x72, 0xD4, 0xEB, 0xE9, 0x6D, 0xC2, 0x12, 0xF2, 0xAB, 0x20, 0xF8, 0x1B, 0xF9, 0xDF, 0x14,
    0xF3, 0x2C, 0xD1, 0x55, 0x4E, 0x3E, 0xBE, 0xF5, 0x73, 0x1F, 0x1D, 0x41, 0x81, 0x26, 0xED, 0xC1,
    0x81, 0xBE, 0xE0, 0x8E, 0x25, 0x73, 0x70, 0xA0, 0x2D, 0x2C, 0x16, 0xCF, 0xDF, 0xFE, 0x45, 0xBE,
    0xFB, 0x7E, 0x93, 0x98, 0x8C, 0xA7, 0x5A, 0x31, 0xB8, 0x2B, 0x4D, 0x31, 0xB2, 0x37, 0x02, 0x5F,
    0xDF, 0xFC, 0x40, 0xF2, 0x6B, 0x86, 0x6C, 0x4F, 0xEE, 0x76, 0xD8, 0x99, 0x1E, 0x26, 0x06, 0xB6,
    0xEC, 0x30, 0x31, 0x19, 0xD3, 0xDA, 0x4D, 0x30, 0xB1, 0xF9, 0x21, 0x26, 0xF6, 0xA3, 0x5E, 0xFD,
    0x11, 0x31, 0xE8, 0xCC, 0x1A, 0xDE, 0x3D, 0x51, 0x72, 0xB8, 0x22, 0x19, 0x1D, 0x5C, 0xE5, 0xF1,
    0x22, 0x19, 0xD6, 0x98, 0xE6, 0x9C, 0xEB, 0xAE, 0x28, 0x23, 0x17, 0xCC, 0x5D, 0x5B, 0xBF, 0x39,
    0xD3, 0x59, 0x1C, 0x99, 0x86, 0x04, 0x1F, 0xCD, 0x4A, 0x66, 0xFE, 0x76, 0x17, 0x57, 0xFB, 0x32,
    0x47, 0xF3, 0x26, 0x05, 0x61, 0x81, 0xEF, 0x32, 0x59, 0x08, 0xBF, 0xA5, 0x96, 0xCE, 0x06, 0xEC,
    0xA0, 0xD8, 0xB1, 0x56, 0xC8, 0x9C, 0xE6, 0xDF, 0x83, 0x39, 0xE6, 0x2A, 0xF3, 0xCD, 0x01, 0x42,
    0x8C, 0x10, 0xD1, 0x04, 0x82, 0x3D, 0xDF, 0x1C, 0x50, 0x9F, 0x15, 0xDC, 0xB5, 0x6E, 0x3B, 0xB1,
    0xF1, 0xFB, 0x32, 0x39, 0x9B, 0xA2, 0x11, 0xF8, 0x09, 0x84, 0xED, 0x79, 0xE1, 0x31, 0x63, 0x8E,
    0x73, 0x26, 0x5B, 0x46, 0x2C, 0x07, 0x4B, 0xCE, 0x81, 0x82, 0xEF, 0xFD, 0xF6, 0x37, 0xAA, 0xDE,
    0x72, 0x98, 0xFB, 0xDA, 0x78, 0xE2, 0xA7, 0xAF, 0x67, 0xA5, 0x4F, 0x88, 0xC6, 0x8A, 0x3C, 0x71,
    0x15, 0x88, 0x19, 0xD8, 0x5D, 0xFB, 0xC5, 0x37, 0xB6, 0xC0, 0xE8, 0x20, 0x9F, 0x03, 0xDB, 0x0F,
    0xA9, 0x25, 0x11, 0x54, 0xF4, 0xF9, 0x1C, 0x7E, 0x04, 0x9E, 0x27, 0x7F, 0x1F, 0x7F, 0x2F, 0xB0,
    0x50, 0x8E, 0x41, 0x99, 0x3D, 0x4F, 0x73, 0xE5, 0xA9, 0x3B, 0x95, 0xA7, 0xDD, 0x81, 0xA8, 0x31,
    0x0D, 0x50, 0x73, 0x01, 0xDB, 0xD2, 0xCA, 0xF6, 0x8A, 0x10, 0xC1, 0x13, 0x12, 0xD8, 0x63, 0x26,
    0x87, 0xEB, 0x47, 0x71, 0x57, 0xAA, 0x03, 0x5D, 0x93, 0x74, 0x7C, 0xEF, 0xCC, 0x06, 0xB8, 0x42,
    0xBC, 0x6B, 0x09, 0xBF, 0x3A, 0x8F, 0x83, 0x73, 0xB8, 0xB3, 0x3D, 0x4F, 0xE9, 0xFA, 0xBA, 0x42,
    0xAD, 0x8A, 0x3E, 0x50, 0x0A, 0x42, 0x9D, 0x6D, 0xED, 0xF7, 0x44, 0x1D, 0xF7, 0x9B, 0x09, 0x21,
    0x58, 0x65, 0x3D, 0x69, 0xCE, 0x6D, 0x3A, 0xED, 0x68, 0x06, 0xB6, 0xA2, 0xD9, 0xB9, 0xB2, 0xDD,
    0x80, 0xA5, 0x62, 0x69, 0x94, 0x25, 0x4C, 0x7A, 0x51, 0x11, 0xED, 0x4C, 0xA3, 0xD8, 0x49, 0x6E,
    0xB7, 0x0E, 0xE6, 0x16, 0xD8, 0xBD, 0xDE, 0x71, 0x22, 0xA5, 0x66, 0x90, 0x6B, 0x7A, 0xDA, 0x2C,
    0x6D, 0xCE, 0x68, 0x18, 0x30, 0xA9, 0x34, 0xF6, 0xCF, 0x6D, 0xFF, 0xD6, 0x3E, 0xE8, 0x82, 0x84,
    0x2C, 0x23, 0x10, 0xE4, 0xB8, 0xD1, 0x4E, 0x7A, 0x3A, 0x3A, 0x25, 0x0D, 0xC1, 0xA4, 0xE0, 0xD9,
    0xF9, 0x64, 0xBD, 0xE4, 0x89, 0xEB, 0x19, 0x19, 0xE2, 0xCB, 0x6C, 0x53, 0xFC, 0x7D, 0x1A, 0x9C,
    0x6B, 0xC5, 0xEA, 0x67, 0x24, 0x53, 0x49, 0x75, 0x61, 0x74, 0x57, 0xF3, 0x3C, 0xF8, 0xA4, 0xA5,
    0x6C, 0xCD, 0xC3, 0xD9, 0xCB, 0x4A, 0x4E, 0xD3, 0xC2, 0x86, 0x6D, 0x08, 0x1D, 0x01, 0x79, 0x31,
    0x89, 0x2D, 0xF7, 0x12, 0xA8, 0x95, 0x53, 0x7A, 0xA3, 0x61, 0x80, 0xFC, 0x59, 0x30, 0xF1, 0x70,
    0x2B, 0x26, 0xE7, 0xA7, 0xE2, 0x5F, 0xC4, 0x04, 0x8B, 0xB1, 0x91, 0xD9, 0x19, 0xED, 0x06, 0x99,
    0x80, 0xF8, 0x75, 0x76, 0xF5, 0x4B, 0xD9, 0x09, 0x44, 0x75, 0x31, 0x78, 0x2A, 0xF0, 0x8A, 0x48,
    0x56, 0x1E, 0x5B, 0x57, 0xFB, 0xC0, 0x3D, 0x6F, 0xC1, 0xDB, 0xCE, 0x7F, 0x4F, 0x2D, 0xFB, 0x59,
    0xAB, 0xFE, 0xD9, 0x09, 0x47, 0xB2, 0xBD, 0x24, 0xA4, 0x33, 0x78, 0x41, 0x23, 0xF7, 0x09, 0xDB,
    0xB8, 0x26, 0x01, 0x5D, 0x00, 0xB1, 0x30, 0x83, 0x9D, 0x90, 0x5B, 0x64, 0x62, 0xB7, 0x59, 0xCD,
    0xCC, 0x51, 0x2A, 0xD1, 0xAA, 0xC4, 0xD0, 0x6B, 0x6A, 0x52, 0xE8, 0x33, 0x42, 0xE5, 0xAC, 0x95,
    0x82, 0x29, 0x98, 0xC0, 0x24, 0xA0, 0x2C, 0x77, 0xEF, 0xC8, 0x56, 0xBB, 0x81, 0x0D, 0x7D, 0xEA,
    0x89, 0x21, 0xE8, 0x39, 0xB9, 0x7A, 0x1B, 0x35, 0x28, 0x0E, 0x71, 0x3F, 0x63, 0x46, 0x1F, 0x48,
    0x72, 0x79, 0x1B, 0xC0, 0x8F, 0x41, 0x19, 0x6E, 0x01, 0x76, 0x21, 0x81, 0xBC, 0xAF, 0xE2, 0x31,
    0x92, 0x3C, 0xD7, 0x6C, 0xC0, 0xE0, 0x24, 0xD6, 0xE0, 0x38, 0xF1, 0x72, 0x27, 0x5E, 0xFB, 0xFF,
    0x11, 0xEF, 0x5F, 0x11, 0x6F, 0x87, 0x78, 0x84, 0xDB, 0xBF, 0x37, 0x42, 0x7E, 0xA7, 0xE2, 0x55,
    0x8C, 0xB4, 0x46, 0x3C, 0x88, 0x8A, 0xF7, 0x02, 0xBB, 0x82, 0x12, 0xC4, 0x4B, 0x81, 0xA2, 0xD3,
    0x23, 0xF1, 0x32, 0xBD, 0x7B, 0x85, 0x78, 0x8D, 0xC5, 0xB4, 0x3F, 0xBD, 0x25, 0xED, 0x55, 0xB7,
    0xD7, 0xA3, 0x4F, 0x76, 0xC2, 0x7C, 0x27, 0x37, 0xAD, 0xE5, 0x9E, 0x0B, 0x2B, 0xC0, 0x6D, 0x7B,
    0xC3, 0xF4, 0x52, 0x15, 0x64, 0x6C, 0x74, 0x7A, 0x5A, 0x04, 0xD8, 0xBB, 0xC6, 0xBD, 0x6C, 0x09,
    0x72, 0x79, 0xC8, 0xE8, 0xD7, 0x37, 0x25, 0xDE, 0xE9, 0x86, 0x11, 0x17, 0xF6, 0x1B, 0xFF, 0x1C,
    0xF6, 0x3D, 0xA3, 0x75, 0xC0, 0x4D, 0x07, 0x9E, 0x43, 0xED, 0x9F, 0x43, 0x07, 0x8F, 0xD7, 0x86,
    0x19, 0xED, 0xD7, 0x68, 0x3B, 0x14, 0xCB, 0x37, 0x21, 0x9C, 0xFE, 0x14, 0x4A, 0xF0, 0x22, 0x1D,
    0x0C, 0xE8, 0xC1, 0x3E, 0x05, 0x92, 0xAC, 0x23, 0x21, 0x0A, 0xB1, 0x5F, 0xA6, 0xD8, 0x05, 0x64,
    0xAA, 0x8C, 0x3A, 0xD1, 0x82, 0x39, 0x9A, 0x39, 0x65, 0xB5, 0x2E, 0xC9, 0x1B, 0x3A, 0x92, 0x83,
    0xBB, 0x5A, 0xDC, 0x42, 0x6B, 0x99, 0xED, 0xD1, 0x1D, 0x9E, 0xDD, 0x1F, 0x78, 0x88, 0x15, 0x8B,
    0xA7, 0x9A, 0x69, 0xE2, 0x0C, 0x91, 0x2B, 0x08, 0x10, 0xEC, 0xFE, 0xC6, 0x4C, 0xEE, 0x0E, 0xEB,
    0x18, 0xE6, 0x20, 0x2F, 0x77, 0x3B, 0x95, 0x91, 0xC0, 0x72, 0x86, 0x51, 0x9D, 0x52, 0x43, 0x58,
    0xB2, 0x1A, 0xFF, 0xD4, 0xE2, 0x00, 0x2A, 0xC6, 0x80, 0x7C, 0xAC, 0xAB, 0x4E, 0xEB, 0xDC, 0x33,
    0xC6, 0x28, 0x18, 0x23, 0x95, 0xE7, 0x02, 0x62, 0x49, 0x5B, 0x89, 0xAB, 0xCE, 0x2F, 0xFB, 0x3B,
    0x9B, 0x5A, 0x2A, 0x68, 0x7E, 0x33, 0x10, 0x35, 0x7E, 0xB7, 0xB3, 0x89, 0xD2, 0x57, 0x02, 0x49,
    0xDF, 0x7F, 0xE9, 0x92, 0xDD, 0xD9, 0x94, 0x1E, 0xDF, 0xD9, 0x44, 0x1E, 0x4A, 0x36, 0xEC, 0xF6,
    0x4D, 0x4D, 0xB9, 0xFB, 0x8A, 0xDD, 0x68, 0x08, 0x7B, 0xEA, 0xCE, 0x06, 0xC3, 0xDF, 0x5A, 0x17,
    0x1E, 0x04, 0x2E, 0x3C, 0x70, 0x9B, 0x0A, 0x20, 0x33, 0x20, 0x29, 0x9E, 0x99, 0x7A, 0x03, 0xFB,
    0x73, 0xC3, 0xBC, 0xB4, 0xEE, 0xE7, 0x90, 0x09, 0xBB, 0xC7, 0xC6, 0x9A, 0x28, 0x9D, 0xBA, 0xA7,
    0x96, 0xBF, 0xAC, 0xB6, 0xD0, 0xDD, 0xC6, 0x8A, 0xAD, 0x72, 0xF7, 0xDB, 0x22, 0x2C, 0x45, 0x76,
    0xD7, 0xE2, 0x10, 0xFB, 0xFA, 0xDF, 0x22, 0x40, 0xFE, 0xD2, 0xBD, 0x71, 0x40, 0x67, 0x40, 0xA7,
    0xA0, 0xD7, 0xF7, 0x00, 0x9D, 0x32, 0x11, 0x8C, 0x33, 0x85, 0xDA, 0x69, 0xE6, 0xA0, 0x26, 0xA0,
    0x5E, 0x4A, 0xA5, 0xB5, 0xFC, 0x5B, 0x79, 0x19, 0x71, 0x0C, 0xE5, 0x42, 0x15, 0xD9, 0xCA, 0x6C,
    0x85, 0xB6, 0x93, 0x64, 0xC5, 0xB6, 0x72, 0x5B, 0xC1, 0xED, 0x1C, 0xD9, 0x6A, 0xBA, 0x62, 0x54,
    0x0C, 0xB3, 0x02, 0x56, 0x62, 0x34, 0x57, 0xDF, 0x77, 0xA6, 0x98, 0x1F, 0x22, 0x62, 0xC5, 0x09,
    0xB9, 0xF8, 0x8B, 0x2B, 0x0D, 0xA4, 0x1A, 0xE1, 0xC0, 0x18, 0x7F, 0xA1, 0x48, 0x94, 0xCA, 0x29,
    0x5C, 0xB9, 0x3D, 0x31, 0x34, 0x64, 0x4C, 0xD0, 0x4D, 0x86, 0x8A, 0xAB, 0x1C, 0xE9, 0x22, 0xFC,
    0xC9, 0xD4, 0x82, 0x14, 0x0A, 0x42, 0x59, 0xC8, 0x62, 0xCA, 0x29, 0xAE, 0x81, 0xA7, 0x58, 0x80,
    0x7E, 0x4B, 0x3E, 0x29, 0xF4, 0x71, 0xA7, 0xB7, 0x85, 0xFC, 0xE8, 0x9C, 0xE1, 0x34, 0x47, 0x71,
    0x5D, 0x2E, 0x21, 0xB3, 0xEC, 0x28, 0x3C, 0x2B, 0xA0, 0xEE, 0xE6, 0x65, 0x0A, 0x65, 0x2A, 0xF1,
    0xEC, 0xCA, 0x2E, 0x05, 0x9E, 0xB5, 0xE0, 0x67, 0x25, 0x5D, 0x14, 0xC2, 0xE4, 0x82, 0x6E, 0x88,
    0xAC, 0xC4, 0xF9, 0x66, 0xBA, 0xE5, 0x87, 0xE8, 0x1A, 0x94, 0x22, 0x96, 0xB5, 0x4D, 0x47, 0xC5,
    0xC9, 0xDA, 0x83, 0xE5, 0x8D, 0x65, 0x34, 0xBA, 0x08, 0x4B, 0xEC, 0xA8, 0x64, 0x8D, 0xBE, 0x6E,
    0x7D, 0x10, 0x9D, 0xA4, 0x80, 0xB5, 0x2F, 0xBA, 0x6D, 0xE1, 0x75, 0x48, 0x08, 0x2F, 0x06, 0x53,
    0xB4, 0xFE, 0xB5, 0xBA, 0xA0, 0x64, 0x35, 0xA3, 0x6B, 0x49, 0x40, 0x20, 0x88, 0x11, 0xB0, 0x2F,
    0x6C, 0x95, 0xC4, 0xB5, 0x90, 0xA4, 0x12, 0x22, 0x70, 0x7F, 0xD8, 0x02, 0xF7, 0x1B, 0xE0, 0xFE,
    0x0D, 0x70, 0xFF, 0x4A, 0xE1, 0xFE, 0xAA, 0x0C, 0x2E, 0x6B, 0x12, 0xC5, 0x9E, 0x88, 0x8C, 0x8D,
    0x7B, 0x06, 0x07, 0x08, 0x0A, 0x55, 0xE7, 0xE5, 0xCA, 0x14, 0x82, 0x1F, 0x8E, 0x65, 0x46, 0xA7,
    0x71, 0x35, 0xA5, 0x14, 0x28, 0x87, 0x59, 0x26, 0x37, 0xDA, 0x59, 0x7C, 0xAB, 0x99, 0x44, 0xC2,
    0xC3, 0xAB, 0xC2, 0x0C, 0x4D, 0x7A, 0xBB, 0x37, 0x91, 0xCB, 0xE1, 0x27, 0xD9, 0x97, 0x82, 0x9F,
    0x9C, 0xC1, 0xA6, 0x6B, 0xEE, 0xF0, 0x27, 0xE6, 0xA1, 0xE4, 0xD6, 0x3C, 0xCF, 0xC8, 0xAF, 0xEF,
    0x5D, 0xE9, 0x91, 0xD4, 0x2F, 0x88, 0x9F, 0xB8, 0x6C, 0xD4, 0x37, 0x49, 0x31, 0xFB, 0xEA, 0xBC,
    0xF7, 0xDC, 0x31, 0xB5, 0x2D, 0xA3, 0xA9, 0x43, 0xFE, 0xD8, 0x97, 0xC7, 0x11, 0xA4, 0x03, 0xFB,
    0xF2, 0x8A, 0x53, 0xF7, 0xE5, 0x9D, 0x08, 0xD8, 0x71, 0x54, 0xF1, 0x76, 0xA0, 0xA5, 0xD8, 0xFD,
    0x3E, 0x68, 0xF2, 0x35, 0x6D, 0xCF, 0x1F, 0x49, 0x35, 0x67, 0x23, 0x55, 0xB7, 0x9F, 0xFF, 0xF1,
    0x60, 0x9F, 0xFC, 0x56, 0xC2, 0x3A, 0x54, 0x62, 0x6B, 0xCD, 0x55, 0x67, 0xD7, 0xA1, 0x91, 0x93,
    0xB6, 0x13, 0xCF, 0xB4, 0x49, 0x53, 0x31, 0x6A, 0xBB, 0xE9, 0x63, 0xA1, 0xFF, 0x6A, 0xFB, 0x38,
    0x03, 0x7A, 0x8A, 0x01, 0xE9, 0xFC, 0x1B, 0x3E, 0x44, 0x93, 0xCB, 0x31, 0x52, 0xCC, 0x5D, 0x78,
    0x78, 0x6A, 0x48, 0x36, 0x16, 0x02, 0x22, 0xC8, 0xC8, 0xEC, 0xCB, 0xA0, 0xC7, 0x9D, 0x18, 0x99,
    0x62, 0x71, 0x7C, 0xA3, 0x25, 0x6E, 0x61, 0x1B, 0x1D, 0xFD, 0x86, 0x40, 0x2C, 0x7D, 0xF1, 0xFB,
    0xB9, 0x81, 0x7F, 0xC5, 0x09, 0x7E, 0x72, 0x6A, 0x7B, 0x63, 0x81, 0xEC, 0x6C, 0x6D, 0x0F, 0xDF,
    0x0C, 0x9F, 0xF8, 0x21, 0x76, 0xBA, 0x61, 0xF6, 0xB3, 0x80, 0xAD, 0xB9, 0xBE, 0xBA, 0x91, 0x68,
    0x54, 0xE7, 0xF3, 0x9D, 0xA1, 0xDC, 0x82, 0xEF, 0x39, 0xFF, 0xB0, 0xCF, 0xAF, 0x40, 0x7C, 0xD5,
    0x08, 0xC5, 0x95, 0xB6, 0x59, 0x90, 0x3B, 0xC0, 0xD6, 0x0C, 0xFE, 0x3A, 0x1C, 0x99, 0x82, 0x74,
    0x95, 0xC2, 0x3A, 0xEE, 0x71, 0x7E, 0x7B, 0xFF, 0x07, 0x3C, 0x74, 0x05, 0xE1, 0x3B, 0xDF, 0x70,
    0xEC, 0x08, 0x4F, 0xD4, 0xCA, 0x64, 0xF7, 0xE0, 0xB1, 0x1B, 0x19, 0xB1, 0x8C, 0x8C, 0xE1, 0xBD,
    0x18, 0x2D, 0x23, 0xEC, 0x72, 0x02, 0x60, 0xED, 0x6D, 0x43, 0xFC, 0x88, 0xEB, 0x3E, 0x41, 0xAF,
    0xEE, 0x59, 0x1D, 0x66, 0x70, 0xBB, 0xDF, 0x89, 0x21, 0x0D, 0x43, 0xB6, 0x9F, 0x1F, 0xC2, 0xF9,
    0xBD, 0x8E, 0x81, 0xDF, 0xEB, 0xC8, 0x48, 0x55, 0xCE, 0x48, 0xFB, 0x87, 0x83, 0xDC, 0xE9, 0xEF,
    0x75, 0xD4, 0x87, 0x6C, 0xF7, 0x83, 0x10, 0xD3, 0x08, 0x14, 0x0A, 0x50, 0x2B, 0x4B, 0x80, 0x3B,
    0x76, 0x76, 0xAF, 0xA3, 0xDA, 0xCE, 0x0E, 0xA5, 0x9E, 0x57, 0x13, 0xB9, 0xEE, 0x44, 0xFD, 0xF3,
    0x33, 0x5E, 0x74, 0x69, 0x19, 0x21, 0x38, 0x20, 0xF6, 0xC8, 0xA2, 0x86, 0xAE, 0xA9, 0xB5, 0xAB,
    0x77, 0x45, 0x1B, 0x88, 0x81, 0xB4, 0x5C, 0xD9, 0x71, 0x91, 0x2A, 0xFB, 0x84, 0xF9, 0xCB, 0x02,
    0x2D, 0x62, 0x62, 0xD8, 0xBA, 0x40, 0xD5, 0xFA, 0x14, 0x89, 0xA3, 0x4A, 0xD7, 0x5F, 0xBA, 0x50,
    0xCA, 0x45, 0x70, 0x89, 0x9B, 0x70, 0x4F, 0x5A, 0xBE, 0xFA, 0xBD, 0x99, 0x1A, 0x8C, 0x39, 0x88,
    0x84, 0xAF, 0x9D, 0x7E, 0x35, 0xFA, 0xB5, 0xE5, 0x2B, 0x37, 0xC7, 0x4F, 0x39, 0x37, 0x15, 0x0A,
    0xAD, 0x9D, 0x93, 0xD2, 0xD9, 0x74, 0x2E, 0x0A, 0x0F, 0xDC, 0x39, 0xCA, 0xE7, 0x44, 0x3F, 0xB3,
    0x32, 0xC9, 0x85, 0xD0, 0x1A, 0x47, 0x18, 0xAF, 0x57, 0xBB, 0xAD, 0x7B, 0x47, 0x0C, 0x84, 0x47,
    0x94, 0xF1, 0x6B, 0x52, 0x55, 0x17, 0x35, 0x40, 0x66, 0xD6, 0xA9, 0xE0, 0x53, 0x84, 0x44, 0xA8,
    0x4D, 0x22, 0xA4, 0x9D, 0x75, 0xB2, 0x80, 0xDA, 0xD5, 0x82, 0x5D, 0x71, 0x03, 0x1B, 0x91, 0x95,
    0xCC, 0x90, 0xBE, 0x60, 0xD7, 0x27, 0x9B, 0x3E, 0xE9, 0x47, 0xE4, 0x51, 0x14, 0xAE, 0x52, 0x33,
    0x26, 0x0F, 0x16, 0xCE, 0xA8, 0xD2, 0x5C, 0x93, 0x19, 0x9E, 0xBF, 0xB4, 0xAA, 0x73, 0xB1, 0xFA,
    0xF1, 0xF6, 0x85, 0xCF, 0x7B, 0x3F, 0x51, 0x2B, 0x07, 0x2B, 0x74, 0x28, 0xB8, 0x5F, 0x17, 0xC7,
    0x5A, 0x03, 0xA7, 0x9F, 0xE9, 0x61, 0xBF, 0x36, 0xD4, 0xC3, 0xEE, 0x17, 0xFE, 0x6E, 0x41, 0x63,
    0xE9, 0xB0, 0x8D, 0x9C, 0x7E, 0xBE, 0x0C, 0x61, 0x69, 0xC6, 0xF1, 0x4F, 0xDB, 0x69, 0x72, 0xB1,
    0x59, 0xA6, 0x22, 0x43, 0x2A, 0x32, 0x5C, 0x5A, 0x55, 0x5E, 0x86, 0xBD, 0x94, 0x63, 0x11, 0x5C,
    0x91, 0x2B, 0xDF, 0xEE, 0x23, 0x13, 0x79, 0x9F, 0xD7, 0xC5, 0xF2, 0xBC, 0xF0, 0xBA, 0x57, 0x94,
    0xDD, 0x9E, 0xF0, 0xFA, 0x8F, 0x8E, 0xD7, 0x8D, 0x8C, 0xCF, 0x52, 0x94, 0x19, 0x0A, 0x6B, 0xD1,
    0x85, 0xCA, 0x1B, 0x29, 0x6F, 0x8A, 0xFB, 0x66, 0x9B, 0x83, 0xA4, 0x60, 0x55, 0x47, 0xA2, 0x09,
    0xF1, 0xA6, 0xDC, 0xD0, 0x3F, 0x08, 0xEF, 0xC7, 0xF8, 0x5F, 0xC2, 0x3F, 0xF3, 0xCF, 0xE1, 0xB1,
    0x08, 0xAE, 0x7C, 0xC2, 0x1B, 0xA5, 0x01, 0x73, 0x9F, 0x57, 0xC1, 0xA7, 0x3B, 0x13, 0xDE, 0xD1,
    0x5E, 0xE4, 0xA9, 0x6B, 0xD5, 0x9C, 0xA2, 0x1B, 0x47, 0xFB, 0x63, 0x68, 0x31, 0x18, 0x6E, 0xD5,
    0x74, 0x7B, 0xFA, 0x71, 0xBE, 0xAC, 0xF5, 0xD7, 0xC5, 0x76, 0x8D, 0xD4, 0x3F, 0xC5, 0xB5, 0xED,
    0x90, 0x15, 0xFA, 0x74, 0xCE, 0x0E, 0xC4, 0xBD, 0x82, 0xF2, 0xDC, 0x78, 0x86, 0x83, 0x2C, 0xE8,
    0x8C, 0xE1, 0x1A, 0xD0, 0x90, 0xCD, 0x8B, 0x5E, 0xB3, 0x7B, 0x74, 0xE9, 0xAB, 0xAC, 0x6A, 0x3F,
    0xCE, 0xAA, 0x37, 0xB6, 0x5D, 0xAB, 0x6A, 0x57, 0xB8, 0x96, 0xF7, 0x51, 0x45, 0x38, 0xC4, 0xFA,
    0x3A, 0xC6, 0xFB, 0xCA, 0x2C, 0x98, 0xB4, 0x92, 0x84, 0x1A, 0x73, 0xCE, 0xAC, 0x78, 0x99, 0x09,
    0x5B, 0x40, 0x3D, 0x9A, 0xE3, 0x12, 0xE7, 0x6D, 0x58, 0x83, 0x28, 0x52, 0x43, 0x7B, 0xDC, 0xDC,
    0xA7, 0x10, 0x56, 0x98, 0xF7, 0x7D, 0x13, 0x4F, 0x1F, 0x58, 0xB6, 0x21, 0xD8, 0x6F, 0xBE, 0x23,
    0xDA, 0xBC, 0x3F, 0x28, 0x70, 0x1C, 0x9C, 0xAA, 0x8D, 0xF9, 0xD6, 0xDE, 0x4E, 0xFB, 0xB2, 0x5B,
    0x95, 0x80, 0x3F, 0xBB, 0x1E, 0x20, 0x6D, 0x65, 0xEC, 0x7F, 0xBE, 0x8A, 0x2F, 0x7A, 0x41, 0xAC,
    0x78, 0xAD, 0x27, 0x5B, 0x14, 0x5E, 0xAD, 0xA0, 0xC0, 0x26, 0xFD, 0xCF, 0x23, 0xDF, 0xFC, 0xD8,
    0x43, 0x33, 0xAE, 0x0B, 0x7F, 0x0E, 0xAC, 0x19, 0x06, 0x09, 0xC0, 0x30, 0xB4, 0x5A, 0x9F, 0xDA,
    0x56, 0xCD, 0xAC, 0x21, 0x8D, 0x6E, 0x79, 0xA6, 0xE6, 0xB0, 0x51, 0x1C, 0x08, 0x05, 0x32, 0x3B,
    0xFE, 0x46, 0x8C, 0xFE, 0x3E, 0xE5, 0xB8, 0xB6, 0x20, 0xD6, 0x37, 0x09, 0x9F, 0x52, 0x9B, 0x8A,
    0xBD, 0x7E, 0x3A, 0x56, 0x60, 0x01, 0x4B, 0xD2, 0xA6, 0x79, 0x99, 0x96, 0xD4, 0x91, 0xC9, 0x96,
    0xA4, 0xC6, 0x21, 0xC7, 0xC9, 0x0D, 0x0B, 0x76, 0xB3, 0xC2, 0xD7, 0x05, 0x4B, 0x4B, 0xEC, 0xA6,
    0x54, 0xBF, 0xF8, 0x72, 0xA5, 0x13, 0xAB, 0x79, 0xCE, 0x90, 0x2F, 0xDD, 0xD0, 0xE8, 0x9E, 0x51,
    0xF3, 0xA8, 0xFA, 0x87, 0x16, 0x92, 0xE4, 0x08, 0x45, 0x81, 0x54, 0x9F, 0x18, 0x02, 0x65, 0x4F,
    0x4B, 0x9E, 0x40, 0xA6, 0x83, 0x52, 0xB0, 0x75, 0xD8, 0x94, 0x86, 0x14, 0xE4, 0x18, 0xD9, 0x2F,
    0x40, 0xD1, 0xF2, 0x96, 0x38, 0xA4, 0xB0, 0x49, 0x91, 0x6F, 0xC5, 0xE2, 0xEA, 0xA3, 0x44, 0xED,
    0x1A, 0x24, 0x21, 0x52, 0x29, 0x20, 0x9B, 0x74, 0x41, 0xC4, 0x50, 0xF2, 0xC8, 0x03, 0x9B, 0x0A,
    0x52, 0xBC, 0x20, 0x6C, 0x74, 0xFD, 0x37, 0xB9, 0xF5, 0xF5, 0x40, 0x2C, 0x70, 0x6B, 0xE8, 0xE7,
    0x84, 0xD7, 0x79, 0x25, 0x72, 0x92, 0xA8, 0xEB, 0xC6, 0x02, 0x5F, 0x68, 0xBB, 0x0A, 0xF1, 0xD1,
    0xC5, 0x68, 0x71, 0xFF, 0xC0, 0xC4, 0x87, 0x2F, 0xFD, 0xF0, 0x38, 0x30, 0x71, 0xF4, 0x96, 0x92,
    0x13, 0xAF, 0x5C, 0x19, 0x7B, 0x60, 0x62, 0xE9, 0xEF, 0xDE, 0x0F, 0x1D, 0xE3, 0x0A, 0xB1, 0x79,
    0xE2, 0xAB, 0xDE, 0x13, 0x3F, 0x05, 0x9D, 0x18, 0x0F, 0xA3, 0x13, 0xFC, 0x3C, 0x3B, 0xFA, 0xB9,
    0x10, 0xFF, 0xF3, 0xEA, 0x64, 0x27, 0x5B, 0x4E, 0xDE, 0x79, 0xDD, 0xA5, 0x9D, 0xE1, 0x8A, 0x21,
    0x1F, 0x2A, 0x2E, 0x33, 0xE9, 0xE3, 0x32, 0xB3, 0xB2, 0x87, 0xCB, 0xA4, 0xE5, 0x89, 0xF2, 0x59,
    0x68, 0x20, 0x6F, 0xFC, 0xDF, 0x70, 0x99, 0xF6, 0x54, 0x5C, 0xA6, 0xFF, 0xB8, 0x47, 0xBE, 0x75,
    0x7F, 0x54, 0x7E, 0xD1, 0x30, 0xAA, 0x1A, 0x0E, 0xA3, 0x9C, 0xE5, 0x8E, 0x6C, 0x4A, 0xD7, 0x2F,
    0x8F, 0x59, 0x41, 0x41, 0x02, 0xBD, 0xFB, 0xE6, 0xF0, 0xD5, 0xBE, 0x4C, 0x8E, 0x62, 0x51, 0x48,
    0x79, 0x2C, 0xDF, 0xDD, 0x2E, 0x93, 0xED, 0xC0, 0x2B, 0x5E, 0x12, 0xC0, 0x18, 0x8E, 0x72, 0xD8,
    0x51, 0xAC, 0x4A, 0x31, 0xF6, 0xD0, 0x88, 0xF4, 0x90, 0x9F, 0xDF, 0x13, 0x75, 0x5C, 0x86, 0x77,
    0xD6, 0x54, 0x40, 0x85, 0x4E, 0xDB, 0xE8, 0x03, 0x99, 0xA9, 0x36, 0xBA, 0xB5, 0x0E, 0x3F, 0x6A,
    0xA2, 0x77, 0xAA, 0xE8, 0xDF, 0x9B, 0xF8, 0x9D, 0x2A, 0x79, 0xA7, 0x4E, 0x6E, 0x56, 0xD2, 0x73,
    0x96, 0xBE, 0x52, 0xE7, 0x71, 0x95, 0x5E, 0xAC, 0xF7, 0xC4, 0x76, 0x84, 0xCD, 0x55, 0xB1, 0x22,
    0x41, 0xD3, 0xD0, 0xFF, 0xFA, 0x71, 0x4D, 0xD9, 0xE3, 0x8E, 0x7C, 0x1F, 0x07, 0xC2, 0xA1, 0xE8,
    0x88, 0x18, 0xC8, 0x17, 0x97, 0xB2, 0x38, 0x8B, 0xE6, 0xAA, 0xDD, 0xC4, 0xEC, 0x3B, 0x78, 0x92,
    0xC5, 0x91, 0x33, 0x9D, 0xF8, 0x25, 0xAC, 0x05, 0xC5, 0x2D, 0xE6, 0x7B, 0x2B, 0xFC, 0x89, 0x5D,
    0x8B, 0x3B, 0xD9, 0xDD, 0x9C, 0x2E, 0x65, 0x73, 0x73, 0x76, 0x35, 0xFA, 0x6D, 0xB0, 0xD7, 0xCA,
    0x06, 0xE7, 0x2B, 0x6D, 0xFC, 0x6E, 0xD9, 0x34, 0xC9, 0x6B, 0xAF, 0xFC, 0xBE, 0x49, 0x9F, 0x7F,
    0xF5, 0x66, 0x9D, 0x46, 0xEF, 0xBE, 0x5A, 0xA5, 0xD1, 0x6F, 0xA3, 0x2A, 0x8B, 0x36, 0xF1, 0xFA,
    0x42, 0x44, 0xBB, 0xEE, 0xA8, 0x4D, 0x3A, 0xE9, 0xA3, 0x4E, 0x5B, 0xFF, 0x28, 0x6B, 0x0F, 0x04,
    0xF8, 0xEC, 0xE4, 0xAF, 0xBF, 0x24, 0x27, 0x3B, 0xE6, 0x9F, 0xC8, 0x48, 0xE9, 0xB4, 0xE8, 0xBD,
    0xBB, 0xEB, 0x51, 0xBE, 0xC0, 0x2F, 0xC3, 0x83, 0x86, 0xEC, 0x88, 0xA7, 0xDF, 0xA7, 0x3C, 0xD6,
    0xD7, 0xB0, 0x27, 0xA0, 0xD4, 0x95, 0xC8, 0x64, 0x26, 0xA9, 0xE2, 0x96, 0x3D, 0x9A, 0x2C, 0x9B,
    0x82, 0x11, 0xFD, 0x5B, 0x1D, 0xD2, 0xB5, 0x3D, 0x7C, 0x71, 0x39, 0x90, 0xE2, 0x72, 0x10, 0xAB,
    0x43, 0x4C, 0xC2, 0xEA, 0x70, 0xE3, 0x8B, 0x2D, 0xB8, 0x3F, 0x16, 0xF1, 0xD2, 0x11, 0x60, 0x77,
    0x0D, 0x0F, 0x0F, 0x4F, 0x34, 0x5C, 0x9B, 0x6E, 0xCB, 0xB1, 0x27, 0x63, 0x6C, 0xC6, 0xD6, 0xDA,
    0xC6, 0x34, 0x3D, 0xA5, 0xB4, 0x82, 0xDA, 0xEC, 0x15, 0xC9, 0x6C, 0x86, 0xCD, 0x1E, 0x79, 0xB4,
    0x01, 0xF8, 0x89, 0x4C, 0x9E, 0x13, 0xED, 0x83, 0xFC, 0x90, 0xFF, 0x56, 0xD9, 0xCA, 0xC0, 0xE5,
    0xC0, 0xCE, 0xD1, 0xDB, 0x12, 0xB3, 0x7B, 0xD3, 0x9F, 0xAA, 0xDE, 0x0C, 0x0E, 0x2C, 0x82, 0xB0,
    0xCF, 0x4C, 0xE8, 0x3E, 0xC1, 0x7F, 0x91, 0xD5, 0xBA, 0x33, 0xF7, 0x76, 0x75, 0x64, 0x2E, 0xEC,
    0x9E, 0x93, 0xE8, 0x23, 0xED, 0x88, 0xF1, 0x93, 0x26, 0x04, 0x3A, 0xAC, 0x69, 0xAD, 0x4C, 0xA4,
    0x60, 0x3F, 0xC6, 0xCC, 0x91, 0x29, 0xED, 0xDE, 0xB0, 0x75, 0x23, 0x96, 0x9C, 0x52, 0x30, 0x8A,
    0x99, 0x22, 0xFA, 0x45, 0xF2, 0x66, 0x7B, 0xAE, 0xCC, 0xB7, 0x4F, 0xB3, 0x31, 0xA1, 0xDD, 0xCB,
    0xEF, 0xB2, 0x1A, 0xC6, 0xFA, 0x1A, 0x8A, 0x08, 0x08, 0xE1, 0xD7, 0xBE, 0x01, 0x8D, 0xC1, 0x39,
    0x4E, 0xAB, 0x51, 0x23, 0xAC, 0x8C, 0xC9, 0xE3, 0x39, 0xAD, 0xF6, 0xEB, 0x4B, 0xB6, 0xFA, 0x5A,
    0xBB, 0x0B, 0xF4, 0xDF, 0xFB, 0x77, 0x34, 0xF4, 0xF7, 0x6F, 0x9A, 0x9C, 0xA6, 0x03, 0xED, 0xE5,
    0xCE, 0x75, 0xFF, 0xE6, 0x16, 0x64, 0x83, 0x77, 0xD0, 0xF6, 0x60, 0xB8, 0x89, 0xC2, 0x70, 0xFF,
    0x80, 0x0B, 0xB4, 0x7B, 0x15, 0xCF, 0x91, 0x3B, 0x02, 0x2B, 0x87, 0x1F, 0x86, 0x5B, 0x8F, 0x07,
    0xA6, 0x7E, 0x0B, 0x7A, 0xAF, 0x15, 0xFE, 0x8C, 0x38, 0xA2, 0x50, 0xBD, 0xD1, 0x56, 0x38, 0x2F,
    0xD6, 0x32, 0x55, 0x73, 0xF8, 0x5D, 0x0A, 0xA3, 0x04, 0x04, 0x1B, 0x21, 0x23, 0xAA, 0x46, 0x09,
    0x9B, 0x22, 0x56, 0x0B, 0x05, 0x9A, 0x75, 0x1C, 0xBB, 0xF1, 0x52, 0xBE, 0xC5, 0xE5, 0x3C, 0x70,
    0x22, 0xFB, 0xC4, 0x57, 0x50, 0xD2, 0x75, 0x24, 0x13, 0x92, 0x1D, 0xD8, 0xCD, 0xA7, 0xB8, 0xF3,
    0x19, 0xB1, 0x5C, 0x4C, 0xBF, 0x43, 0xE5, 0xE4, 0x6D, 0xCE, 0x3B, 0xF5, 0x0F, 0xEA, 0xBD, 0xA0,
    0xFF, 0x79, 0x84, 0x62, 0xA4, 0xB4, 0x2D, 0xC8, 0x3D, 0x9E, 0x8A, 0xFC, 0xF3, 0x7E, 0x70, 0xD1,
    0x82, 0x6F, 0x59, 0xD3, 0xCE, 0x8D, 0xA9, 0x99, 0xF2, 0x8D, 0xCF, 0x9F, 0x47, 0x66, 0x71, 0x25,
    0x83, 0xD2, 0xE8, 0xC8, 0xE7, 0xED, 0x27, 0x1F, 0x7B, 0x4A, 0x81, 0xAA, 0xA0, 0x29, 0x7D, 0x45,
    0xF9, 0x72, 0x6A, 0xDC, 0x7B, 0x89, 0x84, 0x34, 0xC2, 0xC9, 0x33, 0x44, 0x20, 0x0F, 0xA7, 0xB6,
    0xED, 0xF7, 0xDD, 0x71, 0x01, 0x3C, 0xA9, 0x45, 0xDA, 0xE7, 0x1A, 0x86, 0xB7, 0xD5, 0x8C, 0xC2,
    0x76, 0x10, 0xDB, 0xED, 0x59, 0xFC, 0xD1, 0x23, 0xBE, 0x35, 0x7A, 0x57, 0xCA, 0x35, 0x77, 0x25,
    0xD6, 0xC5, 0x16, 0xB3, 0x36, 0x30, 0x22, 0xFA, 0x05, 0x19, 0xFC, 0x4D, 0xAE, 0x1D, 0xED, 0x3E,
    0xCD, 0xB8, 0x27, 0x7B, 0x97, 0x3B, 0xED, 0xDB, 0xE3, 0xDF, 0xFD, 0x66, 0xF4, 0x81, 0xD4, 0xE6,
    0x40, 0xA6, 0x90, 0x0C, 0x3F, 0x3F, 0xEE, 0x1C, 0x91, 0x0B, 0xAD, 0xFE, 0x2A, 0xBD, 0x6D, 0x93,
    0x0F, 0x45, 0xB9, 0x0C, 0xB6, 0x1E, 0xA8, 0x45, 0x4C, 0x5D, 0x5D, 0xE2, 0xBD, 0xB8, 0xBA, 0x71,
    0xA8, 0xEF, 0xA0, 0xFB, 0x0A, 0x49, 0x9D, 0x5C, 0xAC, 0x03, 0x9A, 0xEA, 0x93, 0xD1, 0x43, 0x94,
    0xFA, 0x0A, 0xC4, 0xE4, 0x43, 0x6B, 0xBC, 0xBF, 0x77, 0x66, 0x55, 0xEA, 0xAE, 0x07, 0xDD, 0xF1,
    0x90, 0xAE, 0xDD, 0x4E, 0x07, 0x07, 0xCC, 0x43, 0xAE, 0x41, 0xA8, 0xF3, 0x0D, 0xEE, 0x9D, 0x59,
    0x7E, 0x76, 0xEF, 0xCC, 0xB9, 0xDE, 0xDE, 0x19, 0x8C, 0x63, 0x21, 0x42, 0x3C, 0x19, 0x7B, 0x03,
    0x7C, 0xB4, 0x9F, 0xA6, 0xF7, 0xE2, 0x9C, 0xDE, 0xCB, 0xB0, 0x86, 0xF7, 0xD3, 0x50, 0x93, 0x5B,
    0xFC, 0xD9, 0x6C, 0xFC, 0xC1, 0xF5, 0x9D, 0x77, 0x8C, 0x84, 0x03, 0x4E, 0xF0, 0x91, 0x89, 0xF1,
    0x94, 0x28, 0x12, 0xCD, 0xCB, 0x4F, 0xFB, 0x0E, 0xE5, 0x07, 0x17, 0x2D, 0x5A, 0x60, 0x98, 0x6E,
    0x08, 0x89, 0x17, 0xF5, 0x09, 0xD1, 0x1E, 0xD9, 0xFB, 0xEA, 0xDE, 0x96, 0x86, 0x25, 0xFA, 0xBE,
    0xDE, 0xF2, 0x2A, 0xFE, 0xE0, 0xEF, 0x1C, 0x71, 0x0F, 0x67, 0xCB, 0xAD, 0x36, 0x8F, 0xFE, 0xDD,
    0xEB, 0xC3, 0x83, 0xDB, 0xD6, 0x99, 0x29, 0xE3, 0x52, 0x9A, 0x14, 0x62, 0xD1, 0x14, 0xC8, 0xD2,
    0x75, 0x3E, 0xA9, 0x87, 0xCE, 0x14, 0x6F, 0xEA, 0x0F, 0x9E, 0x22, 0x65, 0xD2, 0xC1, 0x41, 0x0B,
    0xA9, 0x21, 0x47, 0xA0, 0x87, 0xDF, 0xFD, 0xD8, 0xC1, 0x41, 0xE3, 0xD9, 0x08, 0xDE, 0x02, 0x17,
    0x6A, 0x27, 0xD6, 0x45, 0xF3, 0x79, 0x0C, 0xB3, 0xC1, 0xE0, 0xC2, 0x46, 0xE8, 0xD8, 0x78, 0xDC,
    0x53, 0xA2, 0x3B, 0xE3, 0xD2, 0x77, 0x68, 0x45, 0xE0, 0x86, 0x7B, 0x19, 0x5C, 0x3D, 0xF3, 0x78,
    0xE6, 0x05, 0xA4, 0x15, 0x5E, 0xDC, 0x6D, 0xA6, 0xF0, 0x52, 0x3F, 0xF3, 0x98, 0x67, 0x68, 0x54,
    0x5D, 0x39, 0x6C, 0xD8, 0x5B, 0xD3, 0xF5, 0xD7, 0xFB, 0x3C, 0xBA, 0x17, 0xB4, 0xAA, 0x61, 0xC8,
    0x7B, 0x86, 0xE1, 0x41, 0x5F, 0x3A, 0xE5, 0xB3, 0xBB, 0x01, 0x44, 0x64, 0xA8, 0xAA, 0x71, 0x6A,
    0xA2, 0x58, 0x8B, 0x3C, 0xA7, 0xFC, 0xFE, 0xBE, 0x1A, 0x9A, 0xD7, 0x27, 0x1B, 0x9A, 0x0B, 0x14,
    0xAB, 0xD7, 0x4C, 0xD0, 0x07, 0xDE, 0x9C, 0x27, 0xC2, 0xC3, 0xBA, 0x67, 0x35, 0xF0, 0x79, 0xBC,
    0xEF, 0x4F, 0xD5, 0x47, 0x87, 0x51, 0xEF, 0x3D, 0xBC, 0xE0, 0xA1, 0xBF, 0xDB, 0xCA, 0x62, 0xFB,
    0x0C, 0x3D, 0xD8, 0xCE, 0xBE, 0xEC, 0x57, 0xDD, 0x21, 0xF9, 0xCE, 0xD8, 0xB7, 0x6A, 0xFB, 0xD2,
    0xFB, 0x69, 0x6F, 0xCA, 0xD6, 0x2B, 0x1A, 0x5F, 0xB1, 0xEF, 0x5F, 0xB1, 0x82, 0xE0, 0x9F, 0xB8,
    0x61, 0x85, 0xEF, 0xE9, 0xE1, 0x6D, 0x1C, 0x76, 0x97, 0x01, 0xC7, 0xF0, 0xD3, 0xC7, 0xF3, 0x1B,
    0x07, 0xE1, 0xB6, 0x16, 0xFA, 0xFB, 0x0B, 0x9E, 0x7E, 0x25, 0x47, 0xF9, 0x10, 0x5F, 0xFB, 0x5C,
    0x0D, 0xBC, 0xF6, 0xF9, 0x5A, 0x49, 0x2B, 0x04, 0x90, 0x56, 0xD1, 0xC7, 0x19, 0x53, 0xA7, 0x3F,
    0x47, 0x3D, 0x0E, 0x53, 0xDB, 0x80, 0xB0, 0xEF, 0xBA, 0x42, 0xD9, 0x04, 0x4C, 0x68, 0x4C, 0x75,
    0x88, 0x81, 0xB6, 0xDE, 0xC3, 0x43, 0xD4, 0xDC, 0xE4, 0xBA, 0x48, 0xB8, 0x89, 0x49, 0x89, 0x44,
    0xB5, 0xE4, 0x19, 0xF3, 0x96, 0xD6, 0xA8, 0xF3, 0x98, 0x75, 0x7B, 0x48, 0x60, 0x0D, 0x95, 0x27,
    0x04, 0xBA, 0x7F, 0xA1, 0xBF, 0xBD, 0x7B, 0x5F, 0x13, 0xB7, 0x05, 0xA4, 0x1C, 0x14, 0xFA, 0xF4,
    0x77, 0x5D, 0x3B, 0xB1, 0x26, 0x87, 0x62, 0x3D, 0xDB, 0x04, 0x34, 0xA5, 0xDA, 0xCE, 0x58, 0xC4,
    0x02, 0xDF, 0xE8, 0x08, 0x82, 0x8C, 0x13, 0x2B, 0x9B, 0x0D, 0x89, 0x55, 0x21, 0x56, 0x1D, 0xFC,
    0x0F, 0xCD, 0xDA, 0x01, 0x84, 0x2D, 0x59, 0x7A, 0x07, 0xF0, 0x5F, 0x55, 0xD9, 0x2D, 0x3B, 0xC5,
    0x9C, 0x11, 0x21, 0x63, 0xCC, 0xBC, 0x0A, 0x82, 0xC5, 0xDB, 0x77, 0x61, 0x30, 0xA1, 0xFB, 0xDE,
    0x12, 0x18, 0x2C, 0xC9, 0xC0, 0x02, 0x08, 0x04, 0x01, 0x66, 0xB0, 0x78, 0xB8, 0xDD, 0x5D, 0x01,
    0xC1, 0x20, 0x6F, 0x00, 0xC0, 0x0C, 0x82, 0x00, 0x1E, 0x1E, 0x5E, 0xB8, 0x6F, 0x5E, 0x65, 0x01,
    0x40, 0x65, 0x63, 0x41, 0xB0, 0x25, 0x06, 0x08, 0xA6, 0x22, 0x37, 0x51, 0x63, 0x6E, 0x77, 0x65,
    0x4F, 0x1D, 0xB8, 0xC9, 0xCB, 0x6C, 0xB2, 0xE3, 0xDD, 0xEE, 0xC6, 0x39, 0x6E, 0x37, 0xAA, 0xBE,
    0xFF, 0xEF, 0x7C, 0x7D, 0x4E, 0xD7, 0xBD, 0x97, 0x7C, 0x8F, 0x62, 0x42, 0x35, 0x21, 0xEC, 0xB0,
    0xDE, 0x62, 0xBB, 0xC5, 0x74, 0x46, 0x36, 0x9E, 0x53, 0x0C, 0xE7, 0x94, 0xDD, 0x9A, 0xD0, 0xAE,
    0x59, 0x59, 0xB1, 0x99, 0x67, 0x5E, 0xC6, 0xE9, 0x9B, 0x9F, 0x7D, 0x2C, 0x1F, 0xD5, 0x4D, 0xD1,
    0x0B, 0x4D, 0xE8, 0x84, 0xB6, 0x6E, 0x84, 0x76, 0x43, 0xE8, 0x2E, 0xA8, 0x3A, 0x00, 0x14, 0x1D,
    0xAA, 0x1E, 0x65, 0x8B, 0x7A, 0x3C, 0x33, 0x5F, 0x3F, 0x2E, 0xBE, 0xA9, 0xA7, 0x6A, 0x28, 0xF7,
    0xA1, 0x2D, 0xC6, 0x95, 0x62, 0xDC, 0x2C, 0xB7, 0x2C, 0xFA, 0xAD, 0xB2, 0xDF, 0x09, 0xDD, 0x4E,
    0xDD, 0xED, 0x6C, 0xDA, 0x0B, 0x2F, 0x9B, 0xCD, 0x87, 0xBF, 0xB6, 0x9A, 0xFF, 0x4C, 0x39, 0xD5,
    0x00, 0x8C, 0x29, 0x4B, 0x36, 0x02, 0x30, 0x37, 0x98, 0x3B, 0x14, 0x1D, 0xCA, 0x0E, 0x97, 0xF0,
    0x14, 0xBE, 0x00, 0x6E, 0x99, 0x60, 0x96, 0x4A, 0x2A, 0xD2, 0x50, 0x37, 0x3C, 0xC7, 0x88, 0x27,
    0x78, 0x3D, 0x22, 0xC5, 0x00, 0xA1, 0xC1, 0xF5, 0x19, 0x8A, 0xAF, 0x21, 0x7C, 0xD8, 0xE2, 0x83,
    0xAC, 0x03, 0x1C, 0x01, 0x24, 0x81, 0x44, 0x90, 0x0C, 0x12, 0x42, 0x52, 0x48, 0x0C, 0xC9, 0x21,
    0x41, 0x24, 0x89, 0x44, 0x91, 0x2C, 0x12, 0x46, 0xD2, 0x48, 0x1C, 0xC9, 0xC3, 0x02, 0x62, 0x11,
    0xB1, 0x90, 0x58, 0x4C, 0x24, 0x14, 0x52, 0xB1, 0xA1, 0xE5, 0xFA, 0x9C, 0x7C, 0x7E, 0x8B, 0xEA,
    0xD3, 0x86, 0xF3, 0xBC, 0x03, 0x20, 0xA9, 0x44, 0x16, 0xD1, 0x45, 0x84, 0x11, 0x65, 0x44, 0x1A,
    0xD1, 0x46, 0xC4, 0x11, 0x75, 0x44, 0x1E, 0xD1, 0x47, 0x04, 0x12, 0x85, 0x44, 0xA2, 0xC5, 0x28,
    0x21, 0x2D, 0xF8, 0xB2, 0x01, 0x3E, 0xB9, 0x96, 0x88, 0x92, 0x50, 0x02, 0x72, 0xCB, 0xED, 0x51,
    0x74, 0xE4, 0x3D, 0x9E, 0x5E, 0xF3, 0x7B, 0x73, 0x42, 0x48, 0x06, 0xAF, 0xAD, 0x2D, 0x36, 0xA0,
    0x68, 0xA1, 0x6A, 0xF0, 0xE2, 0x5C, 0x24, 0x87, 0xF0, 0x69, 0x8B, 0xB3, 0xFB, 0xD6, 0x1C, 0x9B,
    0x54, 0x71, 0x2A, 0xD8, 0xF5, 0x1F, 0xA7, 0x72, 0x6F, 0xA5, 0x43, 0x20, 0xBE, 0x7E, 0x8F, 0xF0,
    0xF2, 0xC0, 0xC3, 0x72, 0x00, 0xB8, 0x46, 0x31, 0x27, 0x35, 0xCE, 0xEE, 0xA4, 0x61, 0x48, 0xD5,
    0x2D, 0xC5, 0xA5, 0xDA, 0x70, 0x4D, 0x7E, 0x92, 0xE6, 0xF9, 0x31, 0xDC, 0xA0, 0xF8, 0xBA, 0x21,
    0x7C, 0xD8, 0xC5, 0xDC, 0x03, 0x00, 0x77, 0x7F, 0x94, 0xF0, 0x82, 0x6C, 0xA6, 0xFC, 0x75, 0xA3,
    0xFE, 0xB0, 0x3B, 0xAE, 0xEF, 0x44, 0xC7, 0x4C, 0x31, 0xA0, 0x6A, 0xF1, 0x08, 0x0F, 0xFF, 0x70,
    0xA4, 0xCE, 0x07, 0xC2, 0xDC, 0x91, 0xDF, 0xB8, 0x13, 0x9E, 0x62, 0xA0, 0x6A, 0x78, 0xC8, 0x43,
    0xA3, 0xFA, 0xC3, 0x3E, 0xD6, 0x93, 0xCA, 0x79, 0x5D, 0x1A, 0x45, 0x0F, 0x23, 0x3C, 0xC6, 0xC3,
    0xDF, 0x5F, 0x92, 0xF7, 0x77, 0x9A, 0x3C, 0x15, 0x35, 0xE2, 0x83, 0x94, 0xFC, 0x41, 0x7E, 0x82,
    0xE4, 0x2E, 0xA1, 0x6C, 0x50, 0xC1, 0x39, 0xDE, 0x7D, 0xEB, 0x29, 0x0F, 0xEE, 0x7C, 0xE1, 0x2F,
    0x53, 0x61, 0x2A, 0x89, 0xE0, 0xAD, 0x13, 0x2D, 0xFE, 0xF1, 0xBE, 0x38, 0x1D, 0xEF, 0x8B, 0x6F,
    0xFB, 0xE8, 0xD8, 0xA1, 0xB8, 0x1B, 0x87, 0x54, 0xDD, 0xBB, 0xEA, 0x97, 0x53, 0xAA, 0xCD, 0x09,
    0xFF, 0x10, 0xDE, 0xF3, 0x94, 0xF0, 0x27, 0xC7, 0x4B, 0x7F, 0x9F, 0xB6, 0xC4, 0xF7, 0x8C, 0x4B,
    0x75, 0x29, 0xB7, 0x93, 0x6E, 0x87, 0x2F, 0xE7, 0xC3, 0x32, 0x26, 0xA4, 0xDF, 0xC9, 0x47, 0x8A,
    0x38, 0x06, 0x8A, 0x9E, 0x72, 0x9E, 0xDB, 0x6A, 0x9E, 0x63, 0x08, 0xA1, 0x25, 0x34, 0xD4, 0x58,
    0x61, 0x83, 0x35, 0x2E, 0x70, 0x95, 0x2E, 0x05, 0x90, 0xAE, 0x37, 0x61, 0x44, 0x3D, 0x31, 0xCF,
    0x8A, 0x69, 0xD5, 0x56, 0x7D, 0x68, 0x43, 0x13, 0xDA, 0x28, 0xB6, 0xFE, 0xE1, 0x8D, 0xAB, 0x79,
    0xEF, 0xEA, 0xA6, 0xB1, 0xC3, 0x0E, 0x5B, 0xAC, 0xB1, 0x79, 0xB2, 0x15, 0xE6, 0x83, 0x7C, 0x7E,
    0xF2, 0x6A, 0xED, 0x03, 0xC0, 0x55, 0xCB, 0xD5, 0x40, 0x1E, 0x47, 0xCF, 0xAA, 0xE5, 0x0C, 0xEF,
    0xE3, 0x84, 0xF9, 0x8A, 0x6B, 0x8A, 0x19, 0x41, 0x1A, 0x97, 0x64, 0x7B, 0xF2, 0x8E, 0xAC, 0xC5,
    0x6B, 0xC8, 0x9C, 0x7F, 0xF1, 0x86, 0xEA, 0xE6, 0x3D, 0x0F, 0x3E, 0x3E, 0x78, 0x58, 0x8C, 0x38,
    0x5D, 0xA6, 0x77, 0x9A, 0x4F, 0x5C, 0xFD, 0xC7, 0xE8, 0x3F, 0xE7, 0x5E, 0xBF, 0x6A, 0xF0, 0x7A,
    0x32, 0x24, 0x15, 0x45, 0xCF, 0xE6, 0x4F, 0xF1, 0x6D, 0x47, 0xF1, 0x8B, 0x9E, 0x37, 0x7D, 0x02,
    0xC7, 0x99, 0xD2, 0x34, 0xC1, 0x5E, 0xCA, 0xB5, 0x04, 0x53, 0x2C, 0xD3, 0x90, 0xAE, 0x93, 0xC2,
    0x89, 0xE9, 0x84, 0x4E, 0xCA, 0x27, 0x34, 0xA8, 0x61, 0x05, 0x1B, 0x58, 0xC3, 0x05, 0x29, 0x66,
    0xBA, 0x3A, 0x42, 0x87, 0x47, 0xE4, 0xD3, 0x73, 0xAA, 0x43, 0xC3, 0xEA, 0x01, 0x9E, 0x95, 0x0D,
    0x8E, 0x83, 0x2F, 0xC9, 0x97, 0xE8, 0x62, 0x76, 0x31, 0xBC, 0x98, 0x7E, 0x89, 0xBF, 0xE4, 0x5F,
    0x00, 0xEC, 0x90, 0xA6, 0x2D, 0xAC, 0x49, 0x0A, 0x0B, 0x43, 0x72, 0x58, 0xC2, 0x3C, 0xC3, 0xC3,
    0x4D, 0x13, 0x15, 0x22, 0x42, 0x32, 0xF8, 0x1E, 0x8B, 0xFA, 0xAB, 0x9F, 0xFD, 0xBF, 0x16, 0x35,
    0xA0, 0x6C, 0xC9, 0x7E, 0x31, 0xF1, 0xD3, 0x43, 0xCA, 0x19, 0x63, 0x7E, 0xD7, 0xE2, 0xB6, 0xBF,
    0xEB, 0xE2, 0x26, 0x4B, 0x03, 0xF2, 0x9E, 0xCD, 0x9B, 0x98, 0x3B, 0x8A, 0x5F, 0x2E, 0x2B, 0xFC,
    0xF4, 0x8E, 0x56, 0xF8, 0x1A, 0x01, 0x0F, 0xE4, 0xD3, 0x33, 0xD5, 0x51, 0xF2, 0xD7, 0xD7, 0xD6,
    0xC8, 0x6E, 0x4A, 0xCA, 0xAF, 0x6F, 0xA8, 0xB2, 0x09, 0x60, 0xD3, 0xDC, 0x0F, 0x03, 0xC2, 0xF0,
    0x81, 0xF5, 0x3C, 0xFA, 0x79, 0xDD, 0x81, 0x7C, 0x72, 0x1A, 0x8B, 0x77, 0x70, 0xD5, 0xC8, 0xBE,
    0xED, 0x94, 0xBF, 0x1C, 0xD4, 0x9E, 0x01, 0xB7, 0x76, 0xBC, 0xA4, 0x17, 0xE5, 0x81, 0xF0, 0x25,
    0xE7, 0x81, 0x7D, 0xD9, 0x02, 0x27, 0x3C, 0x7A, 0xB2, 0x1B, 0xB2, 0xB9, 0xA1, 0x6A, 0xA9, 0x1A,
    0x5E, 0x60, 0x20, 0xEB, 0xB1, 0x14, 0xCC, 0xEA, 0x9A, 0xB2, 0xA3, 0xEA, 0x78, 0x35, 0x20, 0x6B,
    0x69, 0x9C, 0x63, 0x8B, 0x1D, 0x92, 0x55, 0x3A, 0x4D, 0x92, 0x97, 0xD5, 0xB2, 0xDD, 0x00, 0x57,
    0xAD, 0xAB, 0x41, 0x36, 0xC8, 0x7B, 0x9B, 0xC6, 0x07, 0xFC, 0x11, 0x98, 0xD8, 0x47, 0xE0, 0x7C,
    0x8C, 0xBC, 0xC5, 0x10, 0x71, 0xCB, 0x4E, 0xD5, 0x09, 0xAD, 0xF4, 0xA4, 0x5E, 0xB3, 0x62, 0xCD,
    0xF9, 0xE9, 0xCA, 0x23, 0x81, 0x2C, 0x97, 0x6B, 0xD2, 0x0F, 0xA1, 0x4B, 0x2F, 0x21, 0xDD, 0x7D,
    0xCB, 0x8E, 0xC3, 0x51, 0xD5, 0xA9, 0xE4, 0x41, 0x79, 0x5C, 0x75, 0x03, 0x78, 0xC4, 0x86, 0x73,
    0x11, 0x7C, 0x60, 0x35, 0x5F, 0x33, 0x37, 0x2F, 0x9B, 0x7C, 0x12, 0xBA, 0x6A, 0x50, 0x0E, 0xA1,
    0x53, 0x8C, 0xAB, 0x46, 0x31, 0x6E, 0xC8, 0xC7, 0xCB, 0x38, 0xBD, 0x88, 0xD3, 0x8E, 0x62, 0x3C,
    0x48, 0x53, 0x39, 0x1C, 0xA8, 0xFA, 0x03, 0xA1, 0xDB, 0xB1, 0x6A, 0x2F, 0xB9, 0xB2, 0x69, 0xB2,
    0x83, 0xF0, 0x55, 0xBD, 0x8F, 0xBD, 0xD8, 0xF1, 0xF1, 0x37, 0x00, 0xA0, 0x86, 0x0D, 0x3C, 0x80,
    0xD4, 0x4E, 0x4D, 0x31, 0xD5, 0x5D, 0xE8, 0x8B, 0xA1, 0x6E, 0xE2, 0x2D, 0xF3, 0x71, 0x2D, 0x1F,
    0x2F, 0xE4, 0xE3, 0x56, 0x31, 0xEE, 0x14, 0xC3, 0x4E, 0xD9, 0x6D, 0x85, 0x6E, 0x6D, 0xD5, 0xAC,
    0x3E, 0xBB, 0x11, 0xE6, 0x49, 0x36, 0xB7, 0x00, 0x3C, 0xC7, 0x01, 0xCF, 0x00, 0x54, 0x7B, 0x54,
    0x07, 0x38, 0x87, 0x33, 0xA9, 0xE3, 0x94, 0x2D, 0x2A, 0x70, 0x9B, 0x04, 0xA9, 0xC1, 0xDB, 0x57,
    0x1A, 0x5C, 0xCF, 0x6B, 0x92, 0x78, 0x07, 0xAC, 0x91, 0x3F, 0xD9, 0x23, 0xFC, 0x7B, 0x8F, 0xF5,
    0x04, 0xFB, 0x9F, 0x20, 0x6B, 0x7E, 0x00, 0x38, 0x8E, 0x9F, 0xF2, 0x27, 0x00, 0x8B, 0x80, 0x85,
    0xC0, 0x62, 0x60, 0x41, 0xB0, 0x28, 0x58, 0x18, 0x2C, 0x0E, 0x16, 0x08, 0x8B, 0x84, 0x85, 0xC2,
    0x62, 0x61, 0xC1, 0xB0, 0x68, 0x58, 0x38, 0x92, 0x47, 0x02, 0x49, 0x22, 0x89, 0x04, 0xAA, 0x0E,
    0x35, 0xD9, 0xE1, 0x31, 0xE5, 0xF5, 0x47, 0xD4, 0x35, 0x1E, 0x17, 0xAD, 0x57, 0xFF, 0x7D, 0x68,
    0x44, 0x1D, 0x91, 0x47, 0xF4, 0x11, 0x81, 0x44, 0x21, 0x91, 0x48, 0x34, 0x12, 0x91, 0x44, 0x25,
    0x91, 0x49, 0x74, 0x12, 0xA1, 0x16, 0xA9, 0x44, 0xE5, 0x6D, 0x78, 0x04, 0x21, 0x7F, 0x42, 0xF1,
    0x37, 0x63, 0x72, 0x4A, 0x4C, 0x49, 0xC9, 0x6D, 0x77, 0x48, 0x68, 0x28, 0x3A, 0xB2, 0x7F, 0x3C,
    0xF0, 0x07, 0xD7, 0x49, 0x22, 0x41, 0xBC, 0xAE, 0x0E, 0xC9, 0xF7, 0xF0, 0x10, 0xCE, 0xC8, 0x3F,
    0x1B, 0x09, 0xFF, 0xD6, 0xB2, 0xD9, 0xE3, 0x79, 0xFC, 0x55, 0xFF, 0xE6, 0x5D, 0x44, 0xC7, 0x97,
    0x50, 0x21, 0x75, 0xC3, 0xCF, 0x29, 0xAF, 0xDD, 0x4E, 0x37, 0x00, 0x9B, 0x7E, 0xE0, 0xDB, 0xB9,
    0xA3, 0x5F, 0x35, 0xC4, 0xBE, 0x10, 0x46, 0xAC, 0x9F, 0xDF, 0x6D, 0x5F, 0x80, 0xB0, 0x3F, 0xF3,
    0x68, 0xDE, 0x7B, 0xBF, 0xEA, 0x11, 0x85, 0x28, 0x4F, 0xD1, 0x23, 0xE5, 0x80, 0x7A, 0x8F, 0x8B,
    0x2D, 0xD9, 0xF8, 0xE8, 0xD5, 0xDC, 0x77, 0x7E, 0x68, 0xF8, 0x0B, 0xF2, 0x03, 0xD5, 0x0D, 0xAB,
    0xD0, 0x78, 0x56, 0x74, 0xE0, 0x74, 0x07, 0xCA, 0x97, 0x90, 0x4D, 0xC7, 0x1F, 0x2C, 0xC1, 0x8F,
    0x00, 0x40, 0xBE, 0x8F, 0x36, 0xC5, 0x68, 0x35, 0xDF, 0x94, 0x7D, 0xD4, 0xF9, 0xBC, 0x8D, 0x3C,
    0xD7, 0xB7, 0xB6, 0x9D, 0xFE, 0xB0, 0x45, 0xE8, 0xB0, 0x81, 0x09, 0xF9, 0x90, 0x7D, 0x71, 0xF4,
    0x3F, 0x71, 0x3D, 0xC5, 0xCA, 0xE6, 0x3F, 0x8F, 0x40, 0xD3, 0xEF, 0xFC, 0xB7, 0xC3, 0xEA, 0xB3,
    0x6B, 0xC2, 0xBC, 0x97, 0xB4, 0x38, 0x80, 0x0B, 0xB0, 0x02, 0x55, 0x03, 0x59, 0x73, 0xAF, 0x68,
    0xDE, 0x68, 0x92, 0x0C, 0x45, 0x8F, 0x6C, 0x84, 0x67, 0xA7, 0xA5, 0xA9, 0xF6, 0x50, 0x1D, 0xC0,
    0x39, 0x38, 0x4B, 0x18, 0x50, 0xB6, 0x50, 0xDD, 0x17, 0xA0, 0xEC, 0x46, 0x2A, 0x9C, 0x6A, 0x99,
    0x1A, 0xBC, 0x80, 0x01, 0xFA, 0xA5, 0xE8, 0xA4, 0x34, 0x44, 0xA5, 0xEE, 0x37, 0x4A, 0x37, 0x51,
    0x69, 0xFC, 0xBF, 0x95, 0xFA, 0xDF, 0xB6, 0xF9, 0xFE, 0x5D, 0xDE, 0x52, 0xCC, 0x9F, 0x36, 0x94,
    0x9F, 0xCF, 0xA8, 0xB2, 0xE9, 0x9E, 0xB5, 0xCE, 0xFB, 0x6C, 0xF6, 0x23, 0x7F, 0x3F, 0x0F, 0x0C,
    0xF5, 0x5F, 0x9D, 0xB4, 0x6B, 0xEE, 0x3E, 0x31, 0x00, 0x38, 0x07, 0x97, 0xE0, 0x0C, 0x90, 0x9D,
    0x18, 0x00, 0x30, 0x26, 0x0B, 0xB2, 0x74, 0x2B, 0xF9, 0xB8, 0x3C, 0xD5, 0x14, 0xBD, 0x62, 0x28,
    0x3B, 0x65, 0x5F, 0x75, 0xCA, 0x2E, 0x74, 0xAA, 0x2E, 0xB4, 0xD2, 0x7B, 0xC2, 0x4D, 0x4D, 0xDD,
    0xAC, 0x58, 0x59, 0xB3, 0x71, 0xCE, 0xDA, 0x96, 0x73, 0x3B, 0xB6, 0x76, 0xEC, 0xEC, 0x98, 0xEC,
    0x12, 0x5C, 0x39, 0xD8, 0xFC, 0xEA, 0xAA, 0x13, 0xE6, 0x99, 0x6C, 0xFE, 0x0A, 0x00, 0x9C, 0xC1,
    0x0B, 0xD8, 0xA2, 0xE8, 0xED, 0xCA, 0xCE, 0x54, 0x75, 0xA6, 0xD0, 0xD9, 0x87, 0x36, 0x1B, 0x43,
    0x93, 0x8F, 0xB5, 0x62, 0x58, 0x29, 0xFA, 0x8D, 0xB2, 0x5F, 0x0B, 0xDD, 0xB9, 0xD0, 0x6D, 0xFF,
    0xC7, 0x5B, 0xC6, 0xD5, 0x54, 0x7F, 0xC7, 0xB3, 0x6F, 0xDD, 0x63, 0xB5, 0x87, 0x3D, 0x3C, 0x43,
    0xD5, 0xE3, 0x01, 0xBC, 0x0B, 0xB7, 0x9F, 0x7E, 0x6E, 0x8E, 0xBF, 0xA3, 0xC1, 0xEA, 0xE8, 0x3B,
    0x1A, 0x1F, 0xF1, 0x7A, 0x30, 0x5E, 0xFC, 0xEF, 0x87, 0xEA, 0xDB, 0x00, 0xC0, 0x6E, 0x89, 0x7E,
    0x88, 0xD9, 0xFF, 0x65, 0x1F, 0xC3, 0xFF, 0xEB, 0x92, 0x7E, 0x6E, 0xAA, 0x4E, 0xF5, 0x95, 0xF0,
    0xDF, 0x1F, 0xCA, 0xE3, 0x1C, 0x09, 0x2C, 0x06, 0x09, 0x21, 0x29, 0xB8, 0xE0, 0x5C, 0x72, 0x48,
    0x10, 0x49, 0x22, 0x52, 0xEC, 0x25, 0x8B, 0x84, 0x91, 0x34, 0x64, 0x2F, 0x13, 0x47, 0x39, 0x42,
    0xE8, 0x60, 0x0D, 0xF6, 0x80, 0xBA, 0x81, 0xCD, 0x62, 0x71, 0xA9, 0xEC, 0xDC, 0x1C, 0x54, 0x9D,
    0x79, 0x10, 0x3A, 0x37, 0x44, 0x13, 0xA2, 0x0A, 0xD1, 0x85, 0xD5, 0x32, 0x47, 0x1B, 0xA2, 0x0E,
    0xD1, 0x87, 0x28, 0x44, 0x34, 0x22, 0x2A, 0x59, 0x9C, 0x24, 0x29, 0x1C, 0xC0, 0x16, 0x3C, 0x92,
    0xAC, 0x20, 0x6B, 0xEE, 0x93, 0xD5, 0xF1, 0xB7, 0x59, 0xC4, 0xE8, 0x78, 0x0E, 0xCE, 0xBC, 0x01,
    0x56, 0x47, 0x62, 0x17, 0x8B, 0xD8, 0xB4, 0x88, 0xF5, 0x42, 0xE7, 0x9B, 0xEF, 0x10, 0xEB, 0xBF,
    0x8F, 0x58, 0xDD, 0x43, 0xBD, 0x3F, 0x2A, 0xE2, 0x19, 0x96, 0xCA, 0x09, 0xE0, 0xBD, 0xFB, 0xE2,
    0x06, 0x98, 0x1B, 0x98, 0x13, 0xE2, 0xD1, 0x9C, 0xD4, 0x52, 0x88, 0xA7, 0x7E, 0x80, 0x8F, 0x6E,
    0x51, 0xF2, 0x6F, 0x8B, 0x86, 0x62, 0xFE, 0x29, 0xAA, 0xCF, 0x6F, 0xF0, 0x66, 0x36, 0xDD, 0xAB,
    0xAE, 0xFB, 0x61, 0xFB, 0x63, 0xAC, 0xA6, 0xC7, 0x38, 0x7F, 0x39, 0xE2, 0x69, 0xD5, 0xDD, 0x76,
    0xBF, 0xDD, 0x9F, 0x2E, 0x02, 0x67, 0xE0, 0x05, 0xD8, 0x02, 0xDC, 0x81, 0x09, 0xC0, 0x1E, 0x52,
    0xDF, 0x18, 0x53, 0x31, 0x44, 0x03, 0x65, 0x47, 0x3E, 0xE0, 0x29, 0x20, 0x85, 0x5F, 0xCB, 0xA6,
    0x95, 0x62, 0xAC, 0x55, 0x5D, 0x68, 0xEA, 0x26, 0xB4, 0x1B, 0x55, 0xB7, 0x53, 0xFE, 0xC3, 0x5E,
    0xF1, 0x4F, 0xE3, 0x6F, 0x70, 0x3B, 0xF9, 0xDC, 0xC8, 0x66, 0x1C, 0x78, 0xE5, 0x4D, 0xF1, 0x21,
    0x8D, 0xB2, 0xA7, 0xEA, 0xE0, 0x2F, 0xE1, 0x02, 0x56, 0x10, 0x1A, 0x14, 0x1D, 0x00, 0xEC, 0x14,
    0xA3, 0xAD, 0xAA, 0x8B, 0xF9, 0x5A, 0xE7, 0x69, 0x5D, 0xD6, 0xAC, 0xED, 0x58, 0x99, 0xA8, 0x17,
    0x95, 0xC8, 0x11, 0xAA, 0x8E, 0x10, 0x1A, 0xC2, 0xC7, 0x08, 0x17, 0xA8, 0x0E, 0x28, 0xF7, 0x28,
    0x07, 0x29, 0x9A, 0xD0, 0x62, 0x05, 0x97, 0xC8, 0x0E, 0x78, 0x39, 0xC6, 0xA9, 0x3D, 0x59, 0x52,
    0x52, 0x40, 0xEA, 0x96, 0x70, 0x14, 0xAD, 0xFC, 0x2D, 0xD1, 0x56, 0xDF, 0x33, 0x5A, 0xD5, 0x72,
    0x19, 0x3A, 0xD9, 0x21, 0x34, 0x47, 0xD1, 0x40, 0x31, 0x51, 0xDE, 0xE0, 0x01, 0x7E, 0x42, 0x3E,
    0x25, 0xF3, 0xA2, 0xE1, 0xB4, 0xF1, 0xC3, 0x1E, 0xE1, 0x00, 0x67, 0xF0, 0x18, 0xD5, 0x80, 0x00,
    0x3F, 0xBA, 0xBB, 0x25, 0x4F, 0x1F, 0x0E, 0xEF, 0x8F, 0x3F, 0x1C, 0x3E, 0x65, 0xD3, 0xE7, 0xAD,
    0x7C, 0xFE, 0xEB, 0x56, 0xF1, 0xCF, 0x33, 0xA5, 0xDD, 0xDD, 0xF6, 0xFB, 0x7F, 0x01, 0xB5, 0x97,
    0x01, 0xA4, 0x25, 0xD7, 0x19, 0xC7, 0x7F, 0x33, 0x27, 0xD9, 0x89, 0x3D, 0x76, 0x4F, 0x10, 0xA8,
    0x36, 0x3B, 0x45, 0x50, 0xBC, 0x77, 0x07, 0x82, 0x87, 0x99, 0x3B, 0x27, 0xBB, 0x08, 0x85, 0x2E,
    0x0A, 0xA0, 0x0A, 0x50, 0x90, 0xC5, 0x62, 0x71, 0xB3, 0x77, 0x92, 0x45, 0x11, 0x58, 0x14, 0x00,
    0x29, 0xA0, 0xC0, 0x62, 0xF1, 0x30, 0xBB, 0xF7, 0x24, 0xC1, 0x22, 0xC8, 0x69, 0x8A, 0x22, 0xD4,
    0x89, 0x04, 0x68, 0xC9, 0x49, 0x8D, 0x76, 0x92, 0xCC, 0xBB, 0xA7, 0xE7, 0x64, 0x46, 0xAF, 0x27,
    0x4F, 0xF2, 0xAA, 0x72, 0xBE, 0xEF, 0xFF, 0xCD, 0xB9, 0xE7, 0x7C, 0xDF, 0xF7, 0xFD, 0xCF, 0x7B,
    0xE3, 0x3B, 0xF7, 0x42, 0x66, 0xB8, 0xB3, 0x9B, 0xDE, 0xBD, 0xFB, 0x47, 0xFB, 0xAE, 0x7E, 0x97,
    0x1F, 0x92, 0xDB, 0x80, 0xD0, 0xD7, 0x68, 0xF7, 0x2F, 0x5F, 0x2D, 0x7E, 0x99, 0x5D, 0xE5, 0x87,
    0xE5, 0x79, 0xA0, 0x0D, 0x49, 0x0F, 0x13, 0xD2, 0x2C, 0xF8, 0x84, 0x65, 0x6E, 0x22, 0x3A, 0x58,
    0xB6, 0xD2, 0x98, 0xE6, 0xC7, 0x78, 0xE1, 0xE2, 0x63, 0x61, 0x7E, 0x0C, 0x4D, 0x24, 0x0E, 0x44,
    0x60, 0x17, 0x02, 0x21, 0xEC, 0xE1, 0x71, 0xE6, 0x85, 0x95, 0x46, 0x75, 0x15, 0x2D, 0xF9, 0x20,
    0x7C, 0x91, 0x3E, 0xE9, 0x15, 0x35, 0xB9, 0x17, 0x5E, 0x5A, 0xD5, 0x95, 0x34, 0xD4, 0xF4, 0x7D,
    0xBF, 0xA9, 0xEB, 0x23, 0x1E, 0xDF, 0xC8, 0x7C, 0x2D, 0x6C, 0x2F, 0xCD, 0xA0, 0x1E, 0xF8, 0xAA,
    0x70, 0xAD, 0x32, 0xF9, 0xD0, 0x0A, 0xFF, 0xA4, 0xB0, 0x93, 0x7C, 0x6F, 0x50, 0xB7, 0xDC, 0x4A,
    0x98, 0x5A, 0xEA, 0xDC, 0xDF, 0x17, 0x7E, 0x92, 0x76, 0x54, 0x6F, 0xFB, 0x52, 0xD8, 0xA6, 0x30,
    0xB5, 0x62, 0x6A, 0xE9, 0xAB, 0xA4, 0x9B, 0x92, 0x5A, 0x25, 0x3D, 0x92, 0xD0, 0x92, 0xB4, 0x81,
    0x3A, 0xE9, 0x4B, 0xF7, 0x7E, 0xBD, 0x0B, 0xE3, 0xFE, 0xEB, 0x01, 0x0F, 0x8E, 0xCC, 0x92, 0x5B,
    0x84, 0x49, 0x5A, 0x18, 0x64, 0x87, 0xD2, 0x49, 0x2B, 0x96, 0xB8, 0xFB, 0x00, 0x4F, 0x80, 0x1E,
    0x18, 0x01, 0x4F, 0x42, 0xBE, 0xFF, 0xC6, 0x8B, 0x10, 0x7C, 0x76, 0xD3, 0xDC, 0x4E, 0xB1, 0x29,
    0x18, 0x19, 0xA1, 0x12, 0x74, 0x04, 0x3C, 0x77, 0xFD, 0x79, 0xAA, 0x10, 0x68, 0xF7, 0x7B, 0xA8,
    0x99, 0xB1, 0x01, 0xA6, 0x39, 0x95, 0x74, 0xED, 0x14, 0xE5, 0xAC, 0x9D, 0xAA, 0x49, 0x3A, 0xE0,
    0x2A, 0x29, 0x5C, 0x0D, 0x94, 0x7B, 0xCA, 0x60, 0xAA, 0x3D, 0xAD, 0xE5, 0x04, 0x80, 0x66, 0xBF,
    0x4F, 0xE7, 0xDA, 0xB2, 0xDF, 0x72, 0xD6, 0x70, 0x5A, 0xD1, 0xD0, 0xC7, 0x4F, 0xD9, 0xF4, 0xAD,
    0x89, 0x1F, 0x18, 0x4A, 0xDD, 0x76, 0xAD, 0xAE, 0x88, 0xEF, 0x25, 0x97, 0x93, 0xDB, 0xB4, 0x7B,
    0xAE, 0x5E, 0x52, 0x9E, 0xDF, 0x9E, 0x1D, 0x24, 0xEF, 0x7E, 0x58, 0xB6, 0x67, 0x77, 0x98, 0xE5,
    0x72, 0xFE, 0x44, 0x3F, 0xAE, 0xCD, 0x72, 0xD9, 0x88, 0x6C, 0x0F, 0xA7, 0x40, 0x11, 0xBA, 0xCC,
    0x03, 0xEA, 0xF7, 0x46, 0x18, 0x60, 0x25, 0xAC, 0xD2, 0x40, 0x2D, 0xEC, 0x0A, 0x60, 0x23, 0xCC,
    0x06, 0xE0, 0x9E, 0x30, 0x03, 0xC0, 0x69, 0xF1, 0x81, 0x03, 0x78, 0x2C, 0xDF, 0x79, 0x36, 0xB2,
    0xE3, 0x54, 0x95, 0xD5, 0x99, 0x08, 0x66, 0x73, 0xBF, 0xD9, 0x54, 0xEA, 0x81, 0x6D, 0xA7, 0xD3,
    0x41, 0x95, 0xB9, 0x53, 0x9F, 0x7E, 0xE9, 0x55, 0x93, 0x3B, 0xC4, 0xFB, 0x4E, 0xD5, 0xB9, 0x45,
    0xDD, 0xB2, 0x37, 0x62, 0x52, 0x56, 0xC2, 0x1C, 0xC7, 0xA4, 0x44, 0xD4, 0xF7, 0x0A, 0x83, 0x17,
    0x76, 0xB3, 0x51, 0x5A, 0xD8, 0xFC, 0xD3, 0xA1, 0xA9, 0x90, 0x5D, 0x16, 0x5C, 0x3B, 0x51, 0xC2,
    0x56, 0x4B, 0xC7, 0xC2, 0x93, 0x03, 0xD3, 0x03, 0xD7, 0x03, 0xDB, 0x03, 0xDF, 0x03, 0xE3, 0x03,
    0xE7, 0x03, 0xEB, 0x03, 0xEF, 0xD2, 0x2D, 0xCC, 0xCD, 0x6E, 0x5C, 0xB8, 0xFF, 0xD9, 0x6F, 0x16,
    0xF6, 0x9F, 0xD9, 0x7A, 0xE1, 0xFF, 0x99, 0xA9, 0x97, 0x13, 0xFC, 0xB5, 0xAB, 0x97, 0x33, 0x7C,
    0xA2, 0x37, 0xCB, 0x29, 0x3E, 0xD2, 0xA7, 0xCB, 0x39, 0x3E, 0xD2, 0xC3, 0x72, 0x92, 0x5F, 0xBD,
    0xE6, 0x97, 0xB3, 0xC8, 0x67, 0x76, 0x39, 0x4D, 0xA4, 0xBE, 0x9C, 0x27, 0x3B, 0x83, 0x9E, 0x31,
    0xF7, 0xC2, 0xC8, 0x4E, 0x71, 0xCC, 0x4B, 0xD0, 0x57, 0x30, 0xAE, 0xC9, 0x7C, 0x8F, 0xB0, 0x03,
    0xC5, 0x5B, 0x0E, 0x25, 0x0C, 0x37, 0x0A, 0x4D, 0xAD, 0x48, 0xFB, 0xD2, 0x44, 0x07, 0xA5, 0xA3,
    0x47, 0x95, 0x5C, 0xEA, 0xE4, 0x73, 0x9A, 0x9C, 0x7C, 0xF4, 0x7A, 0xCD, 0x52, 0x27, 0xFF, 0x86,
    0x15, 0x25, 0x0A, 0x85, 0xD4, 0x45, 0x27, 0xBA, 0xA6, 0x62, 0xA5, 0x28, 0x95, 0x56, 0x52, 0xAB,
    0xA2, 0x93, 0xB7, 0x4C, 0xF1, 0xC0, 0x88, 0xB7, 0x4D, 0x53, 0x29, 0xBD, 0x52, 0xB2, 0x2B, 0xD5,
    0xEB, 0x46, 0xC5, 0x55, 0x15, 0x97, 0xE5, 0xAD, 0xF7, 0x6D, 0xF1, 0xE0, 0x3D, 0x17, 0xB7, 0x1D,
    0x19, 0xC8, 0x8E, 0xD2, 0xD0, 0x18, 0x1E, 0xD9, 0xCC, 0x3A, 0xD1, 0x3D, 0x52, 0xDC, 0x39, 0xE6,
    0xD5, 0x13, 0x6A, 0x5E, 0xA4, 0xCF, 0xBD, 0xB4, 0x95, 0x7E, 0x4A, 0x4F, 0x43, 0x85, 0xD2, 0xD2,
    0x08, 0x03, 0x79, 0x8C, 0x12, 0x46, 0xB8, 0xCC, 0x33, 0xD2, 0x67, 0x43, 0x61, 0x4B, 0xDD, 0x70,
    0x17, 0x78, 0x0E, 0xA5, 0x89, 0xF3, 0xB2, 0x4B, 0xFF, 0xAE, 0x28, 0xF1, 0x09, 0x6B, 0x18, 0x60,
    0x84, 0x06, 0xE1, 0x20, 0x2D, 0x83, 0xB0, 0x6B, 0x80, 0x21, 0x2D, 0xD3, 0x3A, 0xE1, 0x9E, 0x52,
    0x1A, 0xE1, 0x1B, 0xB6, 0x71, 0x4E, 0x16, 0xD7, 0x17, 0x9F, 0xC5, 0x3F, 0xC5, 0x2E, 0x79, 0xE6,
    0x9C, 0x73, 0xFE, 0x75, 0xAA, 0x65, 0xE6, 0xBA, 0xB4, 0xD9, 0xC8, 0xFD, 0x7C, 0xE0, 0x89, 0xF0,
    0xF4, 0x11, 0x93, 0x70, 0x8C, 0x85, 0x8D, 0x0C, 0x4D, 0xE6, 0xA5, 0xC9, 0x7D, 0xE4, 0xE3, 0xD2,
    0x1B, 0xA8, 0x10, 0xA6, 0xA4, 0x30, 0x2B, 0x64, 0x77, 0xCC, 0x15, 0xFD, 0x0B, 0x96, 0x41, 0xC5,
    0x29, 0xDB, 0x6C, 0x62, 0x9B, 0x4F, 0x34, 0xD9, 0xC0, 0x95, 0xD4, 0xB7, 0x87, 0xD5, 0x57, 0x53,
    0x36, 0xF4, 0xB9, 0xDF, 0x44, 0x15, 0x6E, 0x12, 0x1F, 0x0F, 0xE2, 0x43, 0x57, 0x04, 0x2D, 0x27,
    0x94, 0x43, 0x19, 0x14, 0x5C, 0x65, 0x19, 0x6B, 0xD8, 0x25, 0x65, 0xB3, 0xA4, 0x5C, 0x2E, 0xA1,
    0x17, 0xE1, 0xB9, 0x3B, 0xF0, 0xB3, 0x13, 0xB8, 0x7B, 0x4C, 0x16, 0x89, 0xC4, 0x03, 0x87, 0x3D,
    0xEC, 0x1C, 0x00, 0x94, 0x7B, 0x88, 0xBE, 0x62, 0x28, 0xE2, 0x1E, 0x8F, 0x8E, 0xE0, 0x24, 0xF9,
    0xA7, 0x38, 0xC8, 0x0D, 0x08, 0x0D, 0x0A, 0x78, 0x19, 0x38, 0x01, 0x1E, 0x01, 0x96, 0xB9, 0xB9,
    0x6A, 0xB8, 0x0E, 0x1C, 0x03, 0x0D, 0xB0, 0x87, 0xEC, 0x13, 0x10, 0xEF, 0x80, 0x2C, 0xE0, 0x5A,
    0xDC, 0xAF, 0x45, 0xC7, 0xDD, 0x88, 0xC3, 0x80, 0xCD, 0xF9, 0x27, 0xA7, 0x40, 0x4A, 0x96, 0x32,
    0x83, 0x1C, 0xE6, 0x67, 0xB6, 0xFB, 0xFA, 0x4F, 0xF3, 0x46, 0x38, 0x9B, 0x37, 0xBE, 0xFC, 0x1D,
    0x00, 0xAB, 0x7B, 0x00, 0x30, 0xD5, 0x00, 0xE4, 0x7E, 0x0D, 0x00, 0xB6, 0x02, 0xC8, 0x35, 0xD7,
    0x79, 0x08, 0x85, 0x01, 0x06, 0x28, 0x3A, 0xC0, 0xF3, 0xA2, 0xD4, 0xBC, 0x80, 0xE3, 0x89, 0x04,
    0xF5, 0x96, 0x65, 0xF7, 0x37, 0x28, 0xBF, 0x36, 0xE4, 0x21, 0x38, 0xDE, 0x08, 0x13, 0xED, 0xCE,
    0x22, 0xFF, 0x3E, 0xF1, 0x8D, 0x86, 0xB5, 0xA3, 0xF8, 0x8B, 0x81, 0xD1, 0x53, 0x3E, 0xB0, 0x08,
    0x7F, 0x4A, 0x95, 0xC7, 0x35, 0xB3, 0xE1, 0x85, 0xCC, 0x93, 0xE9, 0x35, 0xA4, 0x1A, 0xBC, 0x02,
    0xC4, 0x8B, 0xE2, 0x0C, 0x10, 0x16, 0x90, 0x1D, 0x50, 0x02, 0xD4, 0x00, 0x03, 0x10, 0xE3, 0x16,
    0x32, 0x4A, 0x03, 0x6B, 0x80, 0x1E, 0xC8, 0xFC, 0xE5, 0x82, 0x00, 0x9A, 0xC3, 0x5F, 0x49, 0xED,
    0x51, 0x67, 0x94, 0x50, 0xC1, 0x7A, 0xB9, 0x3E, 0xD9, 0x40, 0x0F, 0x23, 0x0C, 0x49, 0xB3, 0x60,
    0xF2, 0x60, 0x84, 0x4B, 0xD9, 0x8B, 0xFF, 0x5E, 0x9F, 0x51, 0xF5, 0x12, 0x17, 0xB5, 0x1D, 0x69,
    0x07, 0x50, 0x21, 0x25, 0xA4, 0x81, 0xCD, 0xB9, 0x2C, 0x99, 0x4F, 0x9A, 0x3B, 0x84, 0xCB, 0x82,
    0x8D, 0xD9, 0x90, 0x87, 0x4B, 0xF8, 0xBB, 0xD5, 0xDB, 0x29, 0x26, 0x4C, 0x6F, 0x6D, 0xB6, 0xB3,
    0x6D, 0x18, 0xCA, 0x30, 0xAD, 0x6E, 0x4E, 0xEA, 0xB5, 0x33, 0xE8, 0x93, 0x1F, 0x1B, 0x68, 0x93,
    0x4D, 0xF3, 0x09, 0xDE, 0x24, 0x1F, 0x60, 0x42, 0x3A, 0x0A, 0x4F, 0xAB, 0x29, 0x0D, 0x67, 0xF0,
    0x14, 0xE1, 0xC9, 0x06, 0xA4, 0x41, 0x58, 0x14, 0x14, 0x1D, 0xD7, 0x41, 0x6A, 0x0E, 0x03, 0xD6,
    0x50, 0xC2, 0x8E, 0x18, 0x37, 0xDB, 0x25, 0x6F, 0xAC, 0x9E, 0x0F, 0xB1, 0xB8, 0xF0, 0xB1, 0xB6,
    0xF0, 0xD0, 0x0B, 0x07, 0x9B, 0xC2, 0x46, 0x23, 0x0D, 0x4C, 0xD1, 0xE4, 0x83, 0xEA, 0x90, 0x4E,
    0xE9, 0x18, 0x56, 0xC2, 0x19, 0x25, 0xC2, 0xB3, 0x42, 0x1A, 0x1A, 0x14, 0xD4, 0xA9, 0xDE, 0xC9,
    0xF9, 0x62, 0x03, 0x3B, 0xF2, 0x29, 0x1A, 0x31, 0xB2, 0x21, 0xF3, 0xD0, 0xB2, 0x1D, 0xE0, 0x7E,
    0x11, 0x02, 0x3C, 0x11, 0x76, 0xDB, 0xD1, 0x83, 0x32, 0x4C, 0xC9, 0x32, 0x26, 0x9B, 0x0D, 0xA0,
    0xF4, 0xEC, 0x9C, 0x7B, 0x98, 0x10, 0xE9, 0xAC, 0x08, 0x4B, 0xD5, 0x21, 0x0C, 0x6F, 0x42, 0x61,
    0x18, 0x40, 0x76, 0xC9, 0x4B, 0xEA, 0xCC, 0x72, 0x6E, 0x54, 0x69, 0x9F, 0x2D, 0xCA, 0x91, 0xAC,
    0x85, 0x26, 0xFA, 0x42, 0x1B, 0xC2, 0x94, 0x00, 0x0C, 0xA4, 0xDC, 0x29, 0x27, 0xAA, 0x83, 0x12,
    0x68, 0x80, 0x1E, 0x52, 0x79, 0xE1, 0x40, 0x9A, 0x79, 0xAB, 0x85, 0x54, 0x91, 0x11, 0x42, 0xF8,
    0x2A, 0x22, 0x74, 0x7E, 0x1B, 0x6C, 0x84, 0x5F, 0x30, 0x5C, 0x80, 0xB4, 0xEE, 0x22, 0x8C, 0xDF,
    0xEE, 0xF1, 0x77, 0x75, 0x04, 0x97, 0xC2, 0xC3, 0x57, 0x80, 0x5D, 0x98, 0x8A, 0xC8, 0xB3, 0x0C,
    0xC3, 0x51, 0xBB, 0x60, 0x7B, 0x01, 0xDA, 0x05, 0xC9, 0x4F, 0x46, 0xFF, 0x2C, 0xC6, 0x6D, 0xC3,
    0x9E, 0x6D, 0x08, 0xE6, 0x6E, 0x1B, 0x7C, 0xC4, 0x10, 0x31, 0x46, 0x4C, 0x17, 0x61, 0xD9, 0xF7,
    0xD1, 0xDF, 0xA6, 0x38, 0xB2, 0x87, 0x90, 0xFB, 0x08, 0xCB, 0x4B, 0xC2, 0xD0, 0xDE, 0x32, 0x54,
    0xFF, 0xD6, 0xC4, 0xBC, 0x9E, 0xF2, 0x0B, 0xCF, 0xD6, 0x90, 0x7F, 0xE9, 0x90, 0xD6, 0xA3, 0xBA,
    0x81, 0x9C, 0x1E, 0xF8, 0x2D, 0x99, 0x17, 0xA3, 0x18, 0x72, 0xC7, 0x77, 0x46, 0xCB, 0x3A, 0x09,
    0xAB, 0x28, 0x37, 0xE0, 0xD0, 0x35, 0x89, 0x14, 0x29, 0x86, 0xC2, 0x91, 0x1A, 0x27, 0x35, 0x9C,
    0x90, 0x5A, 0x27, 0x73, 0xEF, 0xFC, 0x91, 0xC6, 0x5C, 0x22, 0xB5, 0x73, 0x52, 0x3F, 0x27, 0x35,
    0x74, 0x52, 0x47, 0x5F, 0x5A, 0x3A, 0x3F, 0x01, 0x28, 0x01, 0x56, 0x80, 0x3E, 0x86, 0x7C, 0xA8,
    0x21, 0x0F, 0xF7, 0x80, 0x9F, 0x86, 0xA0, 0x61, 0x1F, 0x4D, 0xF1, 0x0F, 0xA0, 0xFC, 0x0D, 0x70,
    0x5F, 0x01, 0xBD, 0xEA, 0xE0, 0xE7, 0xD2, 0x00, 0xB9, 0x06, 0x00, 0xAE, 0x74, 0x40, 0x61, 0x96,
    0x16, 0x75, 0x5B, 0x6A, 0x78, 0xA2, 0x20, 0xF5, 0xCE, 0xB8, 0x19, 0x82, 0x25, 0x75, 0x4D, 0xB2,
    0x6F, 0x80, 0xE2, 0x59, 0x07, 0xE5, 0x2D, 0x03, 0x2B, 0xE1, 0xE0, 0x85, 0xDC, 0x03, 0x3C, 0x84,
    0x0D, 0xC3, 0x53, 0xFC, 0xD3, 0xDC, 0x6D, 0xE6, 0x76, 0x24, 0x35, 0x0A, 0x56, 0x4B, 0xD3, 0xE1,
    0x14, 0x3C, 0x99, 0x67, 0xD9, 0xEC, 0x50, 0x50, 0xE2, 0x9B, 0x7C, 0xAC, 0xF3, 0xF1, 0x14, 0xCF,
    0xEE, 0x73, 0xC0, 0x16, 0x21, 0x7C, 0x8E, 0x30, 0xA5, 0x7E, 0x23, 0xFC, 0xA1, 0xEC, 0x6A, 0xD2,
    0xFB, 0xC1, 0x09, 0x64, 0xBB, 0xE1, 0xF0, 0x0F, 0xD9, 0xA5, 0x6B, 0xEC, 0x8A, 0x57, 0x3A, 0x5D,
    0x75, 0x1C, 0xBD, 0xBA, 0x5C, 0x63, 0xE4, 0x86, 0x04, 0x71, 0xD3, 0x38, 0xF1, 0xF1, 0x07, 0x2E,
    0xFB, 0xD7, 0x87, 0x26, 0xC6, 0x43, 0x39, 0xD1, 0x86, 0xB0, 0x4F, 0x48, 0x73, 0xB6, 0x5F, 0x90,
    0xFF, 0xF3, 0x99, 0x29, 0xDE, 0x7F, 0xCF, 0x67, 0xB9, 0xD1, 0x29, 0x06, 0x4A, 0xA0, 0xED, 0xA0,
    0xE4, 0xA2, 0xD1, 0x00, 0xDB, 0x05, 0x0D, 0x17, 0x8F, 0x25, 0x87, 0x9E, 0x51, 0x42, 0x5F, 0xA9,
    0x0F, 0x3C, 0xE3, 0x5A, 0xBD, 0x6E, 0x33, 0xDF, 0xAF, 0x64, 0x97, 0xBE, 0x74, 0x29, 0xD2, 0xB7,
    0xAE, 0x63, 0x94, 0x30, 0xBE, 0xE6, 0x46, 0x71, 0xD3, 0x3E, 0xA6, 0x56, 0xA2, 0x73, 0x4B, 0xFC,
    0x1C, 0x7D, 0x01, 0x8F, 0x0B, 0x39, 0x15, 0x66, 0x0B, 0x28, 0x3B, 0xDB, 0x79, 0x85, 0xEF, 0x1D,
    0xE7, 0xAB, 0x1C, 0x6A, 0xAD, 0x81, 0x22, 0xE5, 0x41, 0xBA, 0x79, 0x7E, 0xC9, 0x3C, 0x1D, 0x40,
    0xD5, 0xFD, 0x7F, 0x9C, 0x9B, 0xED, 0xB6, 0x39, 0xEF, 0x98, 0x16, 0x72, 0x07, 0x08, 0xBF, 0x18,
    0x72, 0xF7, 0xFD, 0x99, 0x4B, 0xB6, 0xD0, 0xEA, 0x6F, 0x4D, 0xF3, 0xBD, 0x6C, 0x2E, 0xCE, 0xBC,
    0x62, 0xB1, 0x08, 0xBB, 0x62, 0x40, 0xBA, 0x55, 0x3E, 0x2D, 0x76, 0x5E, 0x39, 0xF8, 0x1C, 0x6C,
    0x05, 0x84, 0x34, 0xCC, 0x6C, 0x2F, 0xF2, 0x59, 0x72, 0x66, 0x3E, 0x65, 0x13, 0xC3, 0x62, 0xBF,
    0x5D, 0x39, 0xE7, 0xB3, 0xD9, 0xEF, 0x37, 0xB0, 0x4C, 0x58, 0x9E, 0x2B, 0xB6, 0x51, 0x56, 0xC0,
    0x61, 0x76, 0xF1, 0xFC, 0xF0, 0xAB, 0xED, 0xF2, 0xBF, 0xF8, 0xEE, 0x5C, 0x9B, 0xE5, 0xB2, 0x11,
    0xED, 0x54, 0x8D, 0xCA, 0x4B, 0x27, 0x4C, 0xDE, 0x5D, 0x2E, 0x22, 0xD3, 0xC2, 0x48, 0xA7, 0x7C,
    0x35, 0xB6, 0xD3, 0xE5, 0x22, 0xF2, 0x4E, 0xBA, 0x93, 0xA3, 0x93, 0xA3, 0xCB, 0x56, 0xD9, 0x76,
    0xFF, 0xEB, 0xB9, 0xFF, 0x03, 0x6D, 0x94, 0x01, 0x84, 0x24, 0xC7, 0x17, 0xC6, 0x7F, 0xD5, 0xCF,
    0x29, 0xFE, 0xE5, 0xA6, 0xFE, 0x70, 0xC0, 0xED, 0x0C, 0x04, 0x30, 0xB3, 0x03, 0x87, 0x0E, 0x3D,
    0xBB, 0x75, 0x0E, 0x41, 0x20, 0x70, 0x42, 0x12, 0x16, 0x00, 0xD8, 0x3B, 0x34, 0x36, 0xC9, 0x5C,
    0xB6, 0x00, 0x38, 0xE4, 0x20, 0x09, 0x16, 0x40, 0x00, 0x68, 0x4C, 0xD8, 0xB8, 0x4B, 0xF6, 0x01,
    0x41, 0xA0, 0x21, 0x39, 0x1C, 0xD1, 0x44, 0x12, 0x20, 0x0A, 0x73, 0x32, 0xE4, 0x76, 0x3B, 0xDD,
    0xDD, 0x72, 0xEB, 0x88, 0xF7, 0x69, 0xAF, 0x5F, 0xD5, 0x7B, 0xD5, 0xEF, 0x7D, 0x5F, 0x35, 0xC0,
    0x45, 0x90, 0xE7, 0xB5, 0xBB, 0xDB, 0x78, 0xD2, 0x94, 0xB4, 0x30, 0xA9, 0x30, 0x4D, 0x91, 0xD5,
    0x85, 0x68, 0x0F, 0x17, 0x66, 0xC7, 0xD8, 0x2D, 0x26, 0x88, 0x1A, 0xC0, 0xE1, 0x99, 0x70, 0x93,
    0xDB, 0xCC, 0x29, 0xC8, 0x29, 0xA9, 0xC0, 0x44, 0xAC, 0x32, 0x53, 0x0E, 0x95, 0xBF, 0xA2, 0xFC,
    0x18, 0x9C, 0x67, 0xE1, 0xF9, 0xEC, 0xE2, 0xC9, 0x45, 0x5B, 0x33, 0x87, 0x62, 0x00, 0x98, 0x36,
    0x89, 0x22, 0x11, 0x17, 0xF0, 0x97, 0xDC, 0x38, 0x0A, 0x58, 0x45, 0x06, 0xB8, 0xF0, 0xF6, 0x31,
    0xCB, 0x2D, 0x00, 0x17, 0x2A, 0x3F, 0x05, 0x0F, 0x73, 0xC8, 0xE1, 0x93, 0x57, 0x7C, 0xF7, 0x80,
    0x9D, 0x27, 0x0D, 0xA8, 0xA6, 0x3C, 0x5A, 0x33, 0x6B, 0x00, 0x66, 0x6D, 0x8D, 0x55, 0x7C, 0x64,
    0x06, 0x2B, 0x38, 0xC7, 0x24, 0xA4, 0xC6, 0x29, 0x1E, 0x0E, 0x60, 0xCD, 0x58, 0x30, 0xF6, 0x4D,
    0x86, 0xA6, 0xEB, 0xD3, 0xFD, 0x50, 0x4B, 0x1B, 0xEC, 0x25, 0xCB, 0xA3, 0x50, 0xD8, 0x78, 0x22,
    0x7A, 0x62, 0xE3, 0xC1, 0x11, 0x6E, 0x07, 0x40, 0xB7, 0xF4, 0x5C, 0xBD, 0x69, 0x26, 0xA6, 0x99,
    0x76, 0xC8, 0x1A, 0x6F, 0x6B, 0xDB, 0x2A, 0xF7, 0x14, 0x1B, 0x98, 0x72, 0xEB, 0x9C, 0xC3, 0x27,
    0x64, 0xDA, 0x5B, 0xDB, 0x8A, 0x8E, 0x1E, 0xB4, 0x2D, 0xBC, 0xF1, 0x7C, 0x8B, 0x24, 0xB5, 0x8B,
    0x9E, 0x7D, 0x8A, 0xCE, 0x4E, 0xD8, 0x0C, 0x76, 0x42, 0x4E, 0xC1, 0x1E, 0x44, 0x1A, 0x12, 0x15,
    0x9B, 0xD1, 0x48, 0x24, 0xD3, 0x88, 0xDA, 0xE8, 0x59, 0xB0, 0x61, 0xB2, 0x8C, 0x93, 0xDF, 0xEB,
    0x99, 0x69, 0xF6, 0x4D, 0x5D, 0x64, 0x3D, 0x17, 0xB9, 0x68, 0x69, 0x63, 0x65, 0x43, 0x72, 0xF0,
    0x3D, 0xF6, 0x85, 0xFA, 0x4C, 0xA7, 0x1D, 0x53, 0x03, 0xD6, 0x52, 0x77, 0xAD, 0xF4, 0x70, 0xA1,
    0xF0, 0x1C, 0x3C, 0xC2, 0x35, 0xF0, 0x4C, 0x76, 0xCB, 0xCD, 0xBC, 0x2F, 0xDD, 0x15, 0xCF, 0x6A,
    0x51, 0x51, 0xAB, 0x36, 0xBA, 0x60, 0xBA, 0x89, 0xFC, 0xDC, 0x18, 0x12, 0xA4, 0x61, 0x66, 0x0D,
    0x5E, 0x39, 0x84, 0x57, 0x48, 0x1A, 0xDC, 0xFB, 0xE1, 0xB4, 0xD5, 0x7E, 0xDB, 0x97, 0x09, 0x06,
    0x64, 0xB5, 0xB9, 0x82, 0x0F, 0x23, 0xA2, 0x9D, 0x8F, 0xE8, 0xFF, 0x45, 0x57, 0x0F, 0xC2, 0x72,
    0x07, 0xA2, 0x43, 0x4E, 0xE4, 0x69, 0x34, 0x2F, 0x82, 0xFD, 0x1C, 0xEF, 0x29, 0xA6, 0x5C, 0xB4,
    0xDD, 0x8C, 0x94, 0x91, 0xFE, 0x13, 0xA4, 0x55, 0xFB, 0x45, 0x70, 0xE0, 0x61, 0x02, 0xB3, 0x1D,
    0x37, 0x1E, 0x80, 0x0F, 0xB8, 0x0E, 0xE0, 0x79, 0xF9, 0x8C, 0xD3, 0x06, 0x96, 0x8D, 0x79, 0x19,
    0x6C, 0xC4, 0xC3, 0x1E, 0xAC, 0xAE, 0x38, 0xEC, 0xA8, 0x12, 0x5D, 0x8B, 0xE6, 0x36, 0x16, 0x2E,
    0xEC, 0x1F, 0xE3, 0xB6, 0xF8, 0x36, 0xDD, 0x78, 0x7F, 0x64, 0x3B, 0x5E, 0xB3, 0xBD, 0x25, 0x4B,
    0x88, 0x5E, 0xC7, 0xCC, 0xC8, 0x68, 0x56, 0xF7, 0x78, 0x47, 0xA5, 0xC5, 0xBE, 0xE2, 0x60, 0x49,
    0x37, 0xA7, 0x8D, 0x8B, 0x1B, 0x1F, 0x56, 0xC7, 0xCC, 0xB6, 0x98, 0x2B, 0xDC, 0x59, 0xF4, 0xA2,
    0x8B, 0x71, 0xA2, 0xA2, 0xFB, 0x5E, 0xDD, 0xDF, 0x03, 0xEB, 0x1E, 0x16, 0xDC, 0xDF, 0x72, 0x11,
    0xA1, 0x61, 0xC4, 0x61, 0x1B, 0x6F, 0xFD, 0x76, 0xFD, 0x0A, 0x43, 0xE4, 0xFE, 0x7F, 0x39, 0x49,
    0xEA, 0x91, 0xD5, 0x51, 0x05, 0xE9, 0xB5, 0x6D, 0x06, 0x2D, 0x90, 0x28, 0x07, 0xE7, 0xDA, 0xCE,
    0x49, 0x66, 0xCC, 0xA2, 0x20, 0xDB, 0x55, 0xFE, 0xAC, 0x59, 0x48, 0x2F, 0x83, 0x52, 0xB4, 0x92,
    0x58, 0xB9, 0x58, 0xF9, 0xB0, 0x7A, 0xCA, 0xEC, 0x31, 0xD9, 0x15, 0xFE, 0x2C, 0xCC, 0x6D, 0xC8,
    0x67, 0x9C, 0xEE, 0xD8, 0x40, 0x05, 0x25, 0xAC, 0x3E, 0xC2, 0xED, 0xC6, 0xD5, 0xB8, 0xC8, 0x34,
    0x37, 0x5A, 0x1A, 0xAD, 0xB2, 0x2E, 0x5D, 0x4B, 0x17, 0x56, 0xC3, 0x04, 0xA5, 0x0B, 0xD7, 0x89,
    0x5F, 0x95, 0x4F, 0x61, 0x05, 0x6B, 0xCC, 0x9F, 0xC8, 0x63, 0xBC, 0xC4, 0xEE, 0x2C, 0x7B, 0xC9,
    0xFF, 0x8E, 0x02, 0xA2, 0x1D, 0xB2, 0x56, 0x67, 0x5F, 0xC5, 0xA2, 0x3B, 0xC5, 0xB3, 0x5A, 0xE3,
    0x9B, 0x21, 0x1C, 0xB1, 0x23, 0x71, 0x83, 0x56, 0x7D, 0x68, 0xA6, 0xD4, 0xF3, 0x41, 0xAE, 0xBD,
    0x56, 0xA5, 0xD7, 0x6A, 0xE5, 0xDE, 0xDC, 0x29, 0x3A, 0xF1, 0xDC, 0x2C, 0xB8, 0x9D, 0x58, 0xD6,
    0x1C, 0x24, 0xF2, 0x92, 0xB2, 0xA0, 0x5A, 0x50, 0x4D, 0x10, 0x95, 0x68, 0x83, 0xC3, 0x31, 0xE9,
    0x6C, 0xEF, 0xF5, 0x2F, 0xE6, 0x21, 0x15, 0x93, 0xE5, 0xBD, 0xED, 0xE4, 0x8F, 0x5F, 0xD6, 0xFE,
    0x6E, 0xBA, 0x3D, 0x35, 0xF5, 0x7C, 0x9E, 0x69, 0xD1, 0x5F, 0x8A, 0x5C, 0xE2, 0x9D, 0xD2, 0x86,
    0x87, 0x0F, 0x1D, 0x55, 0xE5, 0x49, 0xF2, 0xB8, 0x91, 0x6F, 0xB7, 0xB6, 0x6F, 0xB2, 0xF4, 0x7D,
    0xD1, 0xB4, 0x47, 0xB3, 0xE8, 0x12, 0x86, 0x3B, 0x24, 0xEF, 0xD6, 0xF2, 0x4D, 0x1A, 0x56, 0x73,
    0x4F, 0x39, 0xA1, 0x9C, 0x92, 0xBA, 0x72, 0xCB, 0xB3, 0x98, 0x5F, 0x91, 0x43, 0x09, 0x15, 0x24,
    0xB0, 0x97, 0xFE, 0x83, 0x39, 0x53, 0x9C, 0x9A, 0x2D, 0x05, 0xC5, 0xD7, 0xE7, 0xA7, 0xB5, 0xE0,
    0x38, 0xDD, 0x4E, 0xDF, 0xFB, 0xF7, 0xCB, 0xEE, 0x50, 0xF2, 0x71, 0x58, 0x86, 0x7F, 0x00, 0x5D,
    0x96, 0x05, 0xD0, 0xE3, 0xC6, 0x15, 0xC7, 0x7F, 0xD2, 0x36, 0xA7, 0x4E, 0x76, 0x72, 0x5B, 0xA6,
    0x80, 0xCA, 0xDC, 0xD3, 0x60, 0xF1, 0x13, 0x94, 0x99, 0x99, 0x87, 0xA9, 0xCC, 0x64, 0x9F, 0x55,
    0x66, 0x66, 0xC6, 0x81, 0x32, 0x85, 0xE3, 0xC4, 0xFB, 0xE5, 0x86, 0xA9, 0x2A, 0x73, 0xBB, 0x49,
    0x99, 0xF7, 0xE6, 0x94, 0x39, 0x5D, 0x2B, 0x7B, 0xBB, 0xEF, 0xE4, 0xF9, 0xDC, 0x9E, 0x3D, 0xEF,
    0x27, 0xDA, 0x07, 0xFE, 0xAF, 0xF7, 0xAD, 0x78, 0xD1, 0xEF, 0x49, 0xC3, 0x88, 0xF9, 0xFD, 0x4D,
    0xC8, 0x5B, 0xA8, 0x81, 0x39, 0xB0, 0x54, 0xA1, 0x1F, 0xB3, 0xE0, 0x07, 0x6D, 0x19, 0x74, 0xCB,
    0x68, 0x1A, 0xAE, 0x8A, 0x56, 0x87, 0x60, 0x75, 0x08, 0x2D, 0x15, 0x50, 0x6E, 0x6D, 0x26, 0x0E,
    0xC0, 0x6A, 0x03, 0x21, 0x1A, 0xC6, 0x00, 0x17, 0x5C, 0x00, 0x94, 0xF7, 0x80, 0x2C, 0xAC, 0xA1,
    0x08, 0x01, 0x36, 0xFE, 0xDF, 0xA4, 0xD7, 0x39, 0x47, 0xF6, 0xC3, 0xAB, 0x3B, 0xCC, 0x1B, 0x8F,
    0x59, 0x72, 0xFD, 0xD0, 0x18, 0x55, 0x1C, 0x2A, 0x71, 0x28, 0xF7, 0xEE, 0x0E, 0xF3, 0x7B, 0xEF,
    0x45, 0x5C, 0x78, 0x21, 0x94, 0xDE, 0x43, 0xFD, 0x7D, 0x17, 0x11, 0xC7, 0x92, 0xFF, 0xF4, 0xF5,
    0x0D, 0x92, 0x1E, 0x23, 0xB9, 0xCE, 0x97, 0x0C, 0x77, 0x8F, 0x0E, 0x88, 0x03, 0x24, 0xAB, 0x41,
    0x9E, 0x52, 0xBF, 0xEF, 0x3C, 0xD6, 0xA0, 0x3C, 0x64, 0x1D, 0x18, 0x1B, 0xAD, 0x81, 0x22, 0xF9,
    0x41, 0x5F, 0xA7, 0xBF, 0xF5, 0x95, 0x5A, 0x53, 0x2A, 0x1F, 0xCD, 0x51, 0x66, 0x96, 0x4A, 0x47,
    0x33, 0x2D, 0x85, 0x69, 0xC8, 0x7F, 0x0B, 0x3A, 0x3C, 0x13, 0x25, 0xE5, 0x2E, 0x4E, 0x49, 0xF1,
    0xC1, 0x6E, 0x53, 0xB6, 0x4C, 0x71, 0xC8, 0x01, 0x8A, 0x03, 0x54, 0x82, 0x52, 0x30, 0x17, 0xAC,
    0x42, 0x0F, 0x21, 0x78, 0x18, 0x00, 0x7A, 0x20, 0xF1, 0x40, 0x1D, 0x22, 0x17, 0xC1, 0x81, 0x72,
    0x44, 0x74, 0x40, 0x66, 0x01, 0x2D, 0x00, 0xBD, 0x69, 0xB6, 0xCF, 0xD7, 0x87, 0x2C, 0xA9, 0x67,
    0x3B, 0x30, 0xEB, 0xD8, 0x8E, 0x31, 0x11, 0x2A, 0x46, 0x16, 0x38, 0xC8, 0x1B, 0xA0, 0x00, 0x29,
    0xCF, 0x62, 0xA4, 0xC6, 0xA9, 0x82, 0xA5, 0x60, 0x80, 0x29, 0x48, 0xDE, 0x81, 0xCC, 0xDB, 0x20,
    0xE8, 0x01, 0x30, 0x02, 0xEE, 0x21, 0xE0, 0xD5, 0x02, 0x3C, 0xF8, 0xE2, 0xEA, 0xBF, 0xF5, 0x1C,
    0x0F, 0x27, 0xC3, 0x3A, 0x39, 0xF9, 0x81, 0xD0, 0x1F, 0x4D, 0x37, 0x84, 0xB6, 0x56, 0x03, 0x1B,
    0x0A, 0xE5, 0x19, 0xA9, 0x95, 0x4B, 0x06, 0xAA, 0xAC, 0x53, 0x3D, 0xA5, 0xB6, 0xDA, 0x33, 0x33,
    0x36, 0xF7, 0x2C, 0x4D, 0x5B, 0x3B, 0x86, 0xBC, 0xB9, 0xA2, 0x8B, 0xE4, 0xA4, 0x4D, 0xFA, 0x42,
    0xFD, 0xD2, 0xA6, 0xBE, 0xCA, 0xDE, 0x1B, 0x59, 0x1A, 0xD3, 0x2A, 0x77, 0x66, 0x3A, 0xA0, 0x68,
    0x0C, 0xD4, 0x6D, 0xBE, 0xC5, 0xC2, 0x1E, 0x81, 0x2B, 0x6C, 0x49, 0x8C, 0xB0, 0x07, 0x27, 0xEC,
    0x8C, 0x3C, 0x84, 0xD0, 0x16, 0x82, 0xF4, 0x5A, 0xD7, 0xA3, 0xBE, 0xEF, 0x7C, 0xC4, 0x71, 0xCF,
    0x22, 0xDE, 0x13, 0x6C, 0xD0, 0xF6, 0x64, 0x87, 0x69, 0x4E, 0xDA, 0x88, 0x2B, 0x22, 0x58, 0xB5,
    0xE4, 0x2C, 0x5A, 0x8E, 0x50, 0x37, 0x94, 0xD4, 0x40, 0xBD, 0x46, 0x18, 0x2C, 0x30, 0x3F, 0xD7,
    0x03, 0xCB, 0x54, 0x78, 0x69, 0xD2, 0x03, 0x03, 0xC2, 0x3E, 0xE9, 0xEF, 0x4D, 0xE2, 0x53, 0x7F,
    0x21, 0xA9, 0xCF, 0xAE, 0xF1, 0x28, 0xF7, 0xA2, 0xDF, 0x06, 0x1B, 0xA5, 0x2E, 0x42, 0xAB, 0xC2,
    0xEF, 0x95, 0x23, 0xB3, 0xA8, 0x0E, 0x6D, 0xE5, 0xC4, 0xB4, 0xE8, 0xC8, 0x06, 0x2D, 0xE9, 0xE4,
    0x64, 0x62, 0x11, 0xF9, 0x26, 0xAA, 0xC8, 0x91, 0x12, 0xB2, 0x11, 0xEA, 0x0D, 0xBB, 0xEC, 0xDA,
    0x1D, 0x64, 0x1F, 0x92, 0x89, 0x7D, 0xF1, 0x7B, 0xFA, 0xF4, 0x78, 0x18, 0x13, 0xAF, 0x4E, 0xF4,
    0x77, 0x4E, 0xBD, 0xFE, 0x61, 0x27, 0xD9, 0xDF, 0x18, 0x19, 0x36, 0x92, 0x37, 0xF8, 0x74, 0x20,
    0xB3, 0x1E, 0xF9, 0xB9, 0x3D, 0x85, 0x35, 0xED, 0x80, 0x76, 0xA6, 0x59, 0xA2, 0x7C, 0xCE, 0x92,
    0xD4, 0x17, 0xCC, 0x50, 0xAE, 0xA0, 0x7C, 0x79, 0xDE, 0x55, 0x54, 0x8B, 0xD0, 0x96, 0xD4, 0xC5,
    0x29, 0x54, 0xA7, 0xAD, 0x69, 0x54, 0x67, 0x6C, 0x8E, 0xEA, 0xF2, 0x28, 0xB1, 0xB2, 0x85, 0x2D,
    0x23, 0xEF, 0x67, 0x67, 0x91, 0x97, 0xD8, 0x4B, 0x23, 0x4F, 0x58, 0x4F, 0xB6, 0xFF, 0xBB, 0xFD,
    0xC8, 0xAB, 0x7F, 0x78, 0xAC, 0xA3, 0x8E, 0xF2, 0x0E, 0x2C, 0x22, 0x7B, 0xB2, 0xF7, 0x66, 0xEF,
    0x6D, 0xD0, 0x91, 0xA0, 0x3F, 0x9D, 0x3D, 0x27, 0x72, 0x96, 0x3D, 0x3F, 0x72, 0x99, 0xCD, 0x22,
    0xFB, 0xEC, 0xD2, 0x48, 0xAF, 0x3D, 0x18, 0x77, 0x9A, 0x9D, 0xEE, 0x22, 0xAD, 0xB6, 0x40, 0x1D,
    0x7E, 0x4F, 0x15, 0xB9, 0xA1, 0x64, 0xC6, 0x8B, 0x9A, 0xBD, 0x48, 0xD3, 0xCE, 0xB8, 0x94, 0xCC,
    0x2E, 0xE9, 0x8F, 0x64, 0x76, 0xA0, 0x2F, 0xB5, 0xED, 0x13, 0x5F, 0xEA, 0x36, 0xAA, 0x3F, 0x33,
    0xF7, 0xF7, 0xCA, 0x2D, 0x4D, 0xEA, 0x54, 0x77, 0x69, 0xAE, 0x9C, 0xB2, 0x7D, 0xA1, 0xBA, 0xCC,
    0xFA, 0x2A, 0xB3, 0x7A, 0x3F, 0x0E, 0xB2, 0xE6, 0x0D, 0x7E, 0x4F, 0xB7, 0xE6, 0x01, 0xEE, 0xCE,
    0xA6, 0x31, 0xAA, 0x23, 0x27, 0x57, 0x96, 0x8A, 0x18, 0x2B, 0x1D, 0xA9, 0xB4, 0x2C, 0x90, 0xD2,
    0x84, 0x4D, 0xC3, 0x6E, 0xF1, 0x48, 0x21, 0xA3, 0x60, 0xD8, 0xAD, 0x61, 0xB2, 0xB1, 0x90, 0x5B,
    0x2F, 0x84, 0x4D, 0xB6, 0x21, 0xED, 0x59, 0x93, 0x39, 0x46, 0xB4, 0x8D, 0x30, 0x2D, 0x03, 0x79,
    0x43, 0x4F, 0x4E, 0xD2, 0x53, 0x90, 0xFA, 0x08, 0x25, 0x30, 0x8E, 0xBC, 0x29, 0x3A, 0xCC, 0xF7,
    0x4F, 0x5A, 0x74, 0xF8, 0xA1, 0x25, 0xD9, 0x64, 0x96, 0xDD, 0x67, 0x15, 0xC2, 0x16, 0xB0, 0x5B,
    0xDA, 0xAB, 0xD0, 0x91, 0xCA, 0xD2, 0xD6, 0x1D, 0x90, 0xB7, 0x40, 0x0D, 0x30, 0x07, 0xCC, 0xC1,
    0x0A, 0x4E, 0x0E, 0xFA, 0x45, 0x2A, 0x90, 0xB2, 0x05, 0xD3, 0xE5, 0x84, 0x44, 0xC0, 0x28, 0x58,
    0xDD, 0xFF, 0x73, 0x50, 0x04, 0x07, 0x87, 0xA2, 0xAF, 0x54, 0xD9, 0x47, 0xE8, 0x8E, 0x8A, 0xA2,
    0xA5, 0xE4, 0x2A, 0x98, 0xA5, 0x03, 0x2C, 0xB5, 0x83, 0x31, 0xDE, 0x62, 0x88, 0xB7, 0xB8, 0x6E,
    0x10, 0xAF, 0xB0, 0x96, 0x79, 0x1E, 0x51, 0xC3, 0x12, 0x94, 0x9B, 0x47, 0x74, 0x35, 0x64, 0xB6,
    0x00, 0x6D, 0x8D, 0x74, 0x3C, 0x6D, 0x23, 0xB2, 0x8E, 0xBC, 0x51, 0x9E, 0x7C, 0x8A, 0xCE, 0x20,
    0x95, 0x86, 0x09, 0xA8, 0x83, 0x3E, 0x25, 0x20, 0x8B, 0x6A, 0xA0, 0xFF, 0xD5, 0x82, 0x59, 0x13,
    0xE1, 0x80, 0x45, 0x03, 0x69, 0x38, 0x1B, 0xF2, 0x6F, 0x2E, 0xE0, 0x9C, 0x7A, 0x00, 0x6A, 0x0B,
    0x6C, 0x98, 0x16, 0x08, 0xB5, 0xE0, 0xD5, 0x02, 0x06, 0xD8, 0x69, 0xC0, 0xD9, 0xE1, 0xF7, 0x80,
    0x94, 0xD9, 0x00, 0x47, 0x9A, 0x17, 0x39, 0x00, 0xD2, 0x41, 0x58, 0x72, 0x25, 0xC0, 0x8C, 0x0A,
    0x60, 0x49, 0x31, 0xF9, 0xE7, 0xDB, 0x43, 0x03, 0xF4, 0x72, 0x90, 0x50, 0x39, 0x4C, 0x33, 0xB8,
    0xEA, 0x94, 0xA3, 0x56, 0xA1, 0x57, 0x1D, 0x95, 0xF9, 0xFE, 0x98, 0x59, 0x96, 0x79, 0x33, 0xCB,
    0x6C, 0x32, 0x14, 0xCC, 0xB4, 0xCD, 0x7C, 0xC5, 0xCC, 0xB4, 0x45, 0x57, 0x32, 0x9A, 0x8F, 0x84,
    0x66, 0xF1, 0xD0, 0x3E, 0x0F, 0x83, 0x4C, 0x5E, 0xB1, 0x69, 0xB8, 0x7C, 0x03, 0xC0, 0x20, 0x80,
    0x1E, 0xB6, 0x85, 0x4E, 0xD1, 0xD9, 0xAA, 0xC0, 0xEE, 0xD0, 0x09, 0x59, 0xB4, 0xA2, 0x80, 0x03,
    0x75, 0xAD, 0x07, 0x6D, 0x23, 0x4C, 0x23, 0xB8, 0xBF, 0x20, 0xED, 0x22, 0x94, 0x8D, 0xD0, 0x4D,
    0xC4, 0x73, 0x89, 0x58, 0x02, 0xBA, 0x07, 0x32, 0x27, 0xB0, 0x70, 0x7B, 0x13, 0x31, 0xAB, 0x3B,
    0x18, 0x2F, 0x77, 0xA4, 0xE1, 0xB8, 0x27, 0xFB, 0xDE, 0xBE, 0x17, 0x27, 0x4F, 0x79, 0x08, 0x0F,
    0x1C, 0x60, 0xF7, 0x0F, 0x4A, 0xB4, 0x93, 0xDC, 0x16, 0x92, 0x0D, 0xB0, 0x12, 0x84, 0xD0, 0xC1,
    0x90, 0x79, 0x12, 0x9F, 0xF4, 0xC8, 0x5A, 0x6F, 0x4E, 0x43, 0xB9, 0x78, 0xA9, 0xBA, 0xE8, 0xBB,
    0x92, 0xCE, 0x1A, 0x6F, 0xAD, 0x31, 0xD6, 0x58, 0x4C, 0xBB, 0x68, 0x30, 0xF1, 0x8A, 0x3C, 0xB8,
    0xDD, 0xAE, 0xB7, 0x45, 0x29, 0x98, 0xFD, 0xDF, 0xC6, 0x03, 0x64, 0x22, 0xFC, 0x6A, 0x23, 0x7E,
    0xC1, 0xB2, 0xF8, 0xEC, 0xB9, 0x6D, 0x32, 0x5E, 0x00, 0x99, 0xBF, 0x07, 0x18, 0x7B, 0x77, 0xC8,
    0x9B, 0x3D, 0xA8, 0xB9, 0x37, 0x54, 0xBC, 0x1A, 0xE6, 0x5C, 0x08, 0x4B, 0x42, 0x60, 0x9C, 0xE0,
    0x2A, 0xC6, 0x44, 0xA6, 0x21, 0xB5, 0x73, 0x96, 0xCA, 0x2E, 0x39, 0xAA, 0xEC, 0x48, 0xFD, 0xD0,
    0x76, 0xC0, 0xFC, 0xED, 0x2D, 0xFD, 0xB4, 0x15, 0xF2, 0xA2, 0x98, 0x82, 0xC3, 0x00, 0x17, 0x08,
    0x48, 0x7B, 0x40, 0x0D, 0x80, 0x16, 0x88, 0x92, 0x14, 0x33, 0x60, 0x2E, 0x18, 0xF7, 0x20, 0xE9,
    0x4B, 0x52, 0xF9, 0x71, 0x2A, 0x62, 0xC4, 0xD8, 0x0A, 0x0A, 0x0A, 0xB4, 0xB4, 0x3B, 0x13, 0xE1,
    0x13, 0xF9, 0xFB, 0xA4, 0x1E, 0x13, 0x25, 0x89, 0xD0, 0xA2, 0x40, 0xDE, 0x46, 0xD4, 0xA0, 0xED,
    0x5C, 0xC0, 0xA1, 0xE0, 0x20, 0x8F, 0xFE, 0x1C, 0xBE, 0xFF, 0x0A, 0xA0, 0x80, 0xDD, 0x9E, 0x0C,
    0x35, 0x12, 0xCA, 0x9E, 0x06, 0x49, 0xE8, 0xA6, 0xD7, 0x09, 0xD1, 0x79, 0x82, 0xB1, 0xC8, 0x70,
    0xC1, 0x81, 0xA3, 0x69, 0x05, 0xBF, 0xBF, 0x99, 0x45, 0x89, 0x97, 0x78, 0x00, 0x59, 0x0B, 0x49,
    0x38, 0x25, 0xD9, 0x02, 0xAC, 0x1E, 0x7B, 0x36, 0xE9, 0x20, 0x4A, 0xBA, 0x33, 0x94, 0x8C, 0xF8,
    0x5F, 0x25, 0x3D, 0x8C, 0x13, 0x1C, 0xA2, 0x64, 0x44, 0x1A, 0x71, 0xA5, 0x92, 0xC0, 0x82, 0xFA,
    0xAD, 0x2D, 0xE4, 0xFF, 0xF9, 0x64, 0x4B, 0x26, 0x9D, 0x87, 0x17, 0x49, 0x36, 0x73, 0xA0, 0xE4,
    0xF5, 0xB9, 0x35, 0xDC, 0x9D, 0x6F, 0xC1, 0x5E, 0xE2, 0x61, 0xA9, 0x9C, 0x8C, 0x0B, 0x5D, 0x11,
    0x61, 0x93, 0x5E, 0x77, 0xA4, 0x5E, 0x5B, 0x94, 0x37, 0x2D, 0xCA, 0x99, 0x46, 0xB6, 0x97, 0x66,
    0xDB, 0x3D, 0x04, 0xA2, 0x2B, 0xA6, 0x2D, 0xA5, 0xBE, 0x59, 0x04, 0x11, 0x05, 0x47, 0xAF, 0x47,
    0x45, 0x3D, 0x52, 0x4E, 0xD3, 0xC3, 0xEA, 0x14, 0x48, 0xDC, 0x06, 0xF2, 0x2E, 0x07, 0x6A, 0x00,
    0xE6, 0x67, 0x72, 0x7B, 0xBF, 0xB0, 0xC2, 0xC9, 0x35, 0x11, 0x27, 0x28, 0x3A, 0x61, 0xE6, 0x85,
    0x49, 0x4F, 0x6E, 0x1E, 0xB9, 0xDF, 0x73, 0xAF, 0x2F, 0xFC, 0xF8, 0x9A, 0x9E, 0x97, 0xED, 0x77,
    0xD7, 0x7A, 0xEE, 0xF5, 0x06, 0xFB, 0x37, 0x4F, 0xF1, 0xD1, 0xFD, 0xA9, 0xC7, 0x6E, 0x40, 0x9F,
    0x1B, 0x1C, 0x1C, 0xCE, 0x54, 0x0B, 0xE7, 0x68, 0xD5, 0x80, 0xDC, 0x8F, 0xB6, 0x66, 0xF7, 0x91,
    0x69, 0x1A, 0xA2, 0xF5, 0x98, 0x16, 0x8C, 0x14, 0x08, 0x14, 0xDB, 0x52, 0xAA, 0x33, 0xDE, 0x7D,
    0x47, 0x60, 0x90, 0x02, 0x20, 0xF5, 0x5B, 0xFB, 0xCA, 0x57, 0xBE, 0xA4, 0x62, 0x8C, 0xF4, 0x9B,
    0x7F, 0xFD, 0x12, 0xCA, 0xCB, 0x43, 0xCE, 0x7A, 0xF2, 0xFA, 0x71, 0x79, 0x08, 0xEE, 0xAC, 0xA7,
    0x9C, 0x6A, 0xA4, 0xE6, 0xBB, 0xAE, 0x64, 0xB3, 0x85, 0xFA, 0x71, 0x50, 0x20, 0x52, 0x21, 0xE9,
    0xC8, 0x2C, 0x28, 0x37, 0xC5, 0x61, 0xD8, 0xC6, 0x9F, 0x4F, 0x03, 0xB6, 0x35, 0xDC, 0x9A, 0xEA,
    0x5C, 0x1F, 0x9D, 0xDB, 0x24, 0xC6, 0xC8, 0x47, 0x9A, 0xBB, 0x8C, 0xE7, 0x5A, 0x36, 0x9B, 0x26,
    0x0D, 0xEF, 0xA3, 0xEE, 0xE1, 0x0A, 0xCF, 0x4D, 0x95, 0xA3, 0x8A, 0x36, 0xCF, 0x3A, 0x46, 0x2D,
    0xB3, 0x66, 0x65, 0xBE, 0x0A, 0x6B, 0x3E, 0x11, 0x1A, 0xE9, 0x6B, 0xF9, 0xA6, 0x41, 0xF7, 0x40,
    0xB1, 0x06, 0xCA, 0x23, 0xC0, 0xAB, 0x2F, 0x00, 0x66, 0xF7, 0x80, 0xA9, 0x33, 0x98, 0x88, 0x8E,
    0x19, 0x89, 0xE7, 0xD5, 0xF0, 0x72, 0x2E, 0x84, 0x7B, 0xE3, 0x3F, 0xD7, 0xDE, 0x9B, 0x13, 0x27,
    0xFC, 0xCB, 0x09, 0xAB, 0x4B, 0x7D, 0x32, 0x96, 0xB5, 0x4B, 0xFD, 0xED, 0x4D, 0xAB, 0x1D, 0x70,
    0xC4, 0x03, 0xB7, 0xEF, 0x01, 0xAE, 0x4A, 0x5A, 0x09, 0x63, 0x41, 0x87, 0x66, 0x37, 0x8B, 0x95,
    0x80, 0x52, 0xC0, 0x4C, 0xC0, 0x52, 0xC0, 0x28, 0x48, 0x06, 0x20, 0x15, 0xDD, 0x29, 0x64, 0xB6,
    0x58, 0x3D, 0xC0, 0x2F, 0x9A, 0x64, 0x8C, 0x85, 0xC7, 0xE2, 0x95, 0xD3, 0x36, 0x73, 0x59, 0xA7,
    0xED, 0xF4, 0x35, 0xA7, 0xCD, 0xB4, 0xD3, 0xF7, 0x2C, 0xF2, 0x46, 0x14, 0xCA, 0x29, 0x20, 0x5A,
    0x0D, 0xD1, 0x2A, 0x10, 0xD3, 0x61, 0x23, 0x08, 0x9D, 0xAC, 0x66, 0x59, 0xDC, 0xA9, 0x6C, 0x0F,
    0xB2, 0xB9, 0x13, 0x51, 0x0B, 0x2A, 0x94, 0xA7, 0x44, 0x77, 0xCC, 0x58, 0xB4, 0xF2, 0x87, 0x20,
    0x17, 0x87, 0x33, 0xB6, 0x25, 0xD9, 0x90, 0x59, 0x84, 0xE1, 0xCC, 0x37, 0xF4, 0x09, 0x80, 0x73,
    0x90, 0x74, 0x11, 0xE9, 0x7E, 0x07, 0x59, 0xF8, 0xBD, 0x0C, 0x1F, 0x51, 0xE1, 0x8D, 0x7F, 0xC7,
    0xFC, 0xE9, 0xA1, 0x0D, 0xC5, 0x3B, 0xB3, 0x86, 0xA3, 0x46, 0xC3, 0x68, 0x0C, 0x0C, 0x87, 0x0F,
    0xC7, 0xF0, 0xE7, 0x9F, 0x33, 0xCD, 0xB7, 0xDA, 0xE1, 0x8C, 0x4D, 0x7F, 0x38, 0xD0, 0xAA, 0x68,
    0x00, 0x7D, 0xDD, 0xAE, 0xA3, 0x6C, 0x20, 0xF9, 0x81, 0x25, 0x3D, 0x66, 0x51, 0xC7, 0x5A, 0x56,
    0x41, 0xCC, 0xB3, 0x7E, 0xEA, 0x40, 0xCF, 0x98, 0x44, 0x4B, 0x3D, 0x4B, 0xE5, 0x19, 0xA5, 0xCD,
    0xAB, 0x4E, 0x3B, 0x59, 0x75, 0xFA, 0x74, 0x8B, 0x7F, 0x51, 0x94, 0x4E, 0x77, 0xD2, 0xED, 0x72,
    0x94, 0x2B, 0xA2, 0xD5, 0x64, 0x5D, 0x85, 0xB1, 0xF3, 0x64, 0xD5, 0x2C, 0xC2, 0x5A, 0xF6, 0x3F,
    0xB2, 0x47, 0x82, 0x36, 0x60, 0x0E, 0xC3, 0x7F, 0x01, 0xB3, 0xFF, 0xCF, 0x00, 0x44, 0xA2, 0x21,
    0x0C, 0x00, 0xD5, 0x92, 0x81, 0xA6, 0xDC, 0x40, 0x18, 0x85, 0xCF, 0x24, 0xD5, 0x20, 0x18, 0x0A,
    0x14, 0xE4, 0x09, 0x6A, 0x9E, 0x60, 0xEF, 0x06, 0xE8, 0x4B, 0x6D, 0x6D, 0x0A, 0x8A, 0x42, 0x1F,
    0xE8, 0xB6, 0x4D, 0xDF, 0x20, 0xF7, 0x0D, 0x2E, 0xFA, 0x00, 0x83, 0xC1, 0xE0, 0x76, 0xA7, 0xFF,
    0x27, 0xFF, 0xD6, 0x5E, 0x2D, 0x68, 0x41, 0x83, 0x73, 0x96, 0x4D, 0x4E, 0xBE, 0x93, 0x39, 0xBA,
    0x5E, 0x5D, 0x5B, 0xCE, 0x59, 0x1A, 0xDB, 0xFB, 0x66, 0x36, 0x2D, 0xBD, 0xA9, 0x92, 0x86, 0xD5,
    0xEC, 0xA0, 0x88, 0x9D, 0x14, 0x17, 0x29, 0xB4, 0xD6, 0x2E, 0xD2, 0x64, 0xF6, 0x43, 0x52, 0x55,
    0x32, 0x55, 0xD1, 0x9D, 0x69, 0xC8, 0xC2, 0xBA, 0xAC, 0x77, 0x66, 0x16, 0x71, 0xC2, 0x1E, 0x75,
    0x8F, 0x6D, 0xAA, 0x12, 0x81, 0xC5, 0x6C, 0x5C, 0x03, 0x16, 0xD7, 0x2E, 0x63, 0xCB, 0x6E, 0xB3,
    0xDD, 0x6B, 0xD1, 0xDC, 0x7B, 0x7D, 0xB9, 0x05, 0x8E, 0xBB, 0xC1, 0x60, 0xB9, 0x30, 0x58, 0xE0,
    0x34, 0x4B, 0xAF, 0xEA, 0x8B, 0xB3, 0xA4, 0x73, 0x8E, 0x4F, 0x66, 0xC7, 0x25, 0xF2, 0xF4, 0x4D,
    0x21, 0xD1, 0xE7, 0xC3, 0x4A, 0x1D, 0x1E, 0x4E, 0x1A, 0x17, 0xCA, 0x70, 0x9D, 0x90, 0xD0, 0x4A,
    0xA2, 0x49, 0x06, 0xBA, 0xF2, 0x8F, 0x0A, 0xE4, 0x21, 0x43, 0xDC, 0xA1, 0x94, 0xA8, 0x74, 0x50,
    0xA1, 0x42, 0xC8, 0x34, 0xE8, 0x32, 0x05, 0xFA, 0x0C, 0x3F, 0xC4, 0x71, 0x01, 0x38, 0xCE, 0xF0,
    0x4E, 0xE0, 0x2A, 0x41, 0x2B, 0x62, 0x5D, 0x89, 0x85, 0x5B, 0x02, 0x1B, 0xE5, 0x6B, 0x03, 0xAD,
    0x67, 0xCC, 0xD0, 0x8E, 0xED, 0xE3, 0x0D, 0x73, 0x84, 0xD9, 0xC2, 0x61, 0x9E, 0x7E, 0x63, 0x46,
    0xAF, 0xCC, 0xA7, 0x7F, 0x66, 0x5E, 0xFE, 0x82, 0xF9, 0x3A, 0x1D, 0xDF, 0x8E, 0x8F, 0xA7, 0x2B,
    0xFB, 0x01, 0x86, 0xEC, 0xF3, 0xB9, 0xEE, 0xC7, 0x07, 0x34, 0xAC, 0xFB, 0x82, 0x78, 0x31, 0x13,
    0x32, 0x67, 0x43, 0xDC, 0x11, 0x32, 0x3E, 0xEF, 0x2B, 0x9A, 0x7C, 0x46, 0xC9, 0x77, 0x74, 0xF4,
    0x21, 0xDD, 0xF9, 0x92, 0x0E, 0x3E, 0xA5, 0x93, 0x6F, 0xE9, 0xDE, 0xC7, 0x54, 0x7D, 0x4D, 0xE6,
    0xCC, 0x29, 0xDC, 0xE0, 0xF8, 0xA0, 0x7C, 0x51, 0x3E, 0xA9, 0x5F, 0x9B, 0xF2, 0x51, 0xF9, 0xAA,
    0x7C, 0x56, 0x7F, 0xE8, 0x5B, 0xBD, 0x6F, 0xD9, 0xFB, 0x12, 0x9C, 0xFC, 0x33, 0x1F, 0xFC, 0x13,
    0xD3, 0xB7, 0xDF, 0xBC, 0xEF, 0xF6, 0xBF, 0xF6, 0xED, 0xDA, 0x66, 0x1A, 0x5B, 0x35, 0x4D, 0xF3,
    0x67, 0x82, 0xA0, 0x31, 0x82, 0x03, 0x21, 0x90, 0xA8, 0xBE, 0x6C, 0xF6, 0x6C, 0x99, 0x5A, 0x55,
    0x28, 0xA1, 0xB2, 0x43, 0x08, 0x6C, 0x06, 0x99, 0x1E, 0x3D, 0xBA, 0x19, 0x9D, 0x11, 0xF5, 0x1B,
    0x0D, 0x86, 0x15, 0xFE, 0x11, 0x5D, 0x22, 0x3A, 0xC3, 0x34, 0x09, 0x4D, 0x8A, 0xDF, 0x04, 0x75,
    0x43, 0xBB, 0xCB, 0xB3, 0x1D, 0xEA, 0x09, 0x51, 0x45, 0xDE, 0x66, 0xF4, 0xEB, 0x26, 0x74, 0x46,
    0xF9, 0xF1, 0xC9, 0x64, 0x80, 0x56, 0xF1, 0xE1, 0x0B, 0xCC, 0x4A, 0xA6, 0x07, 0x1D, 0x51, 0xC8,
    0xF5, 0x06, 0xF2, 0x73, 0x33, 0xE6, 0xBE, 0xB5, 0xD8, 0x9E, 0xC6, 0xC7, 0xD7, 0x16, 0xCB, 0xAB,
    0x2B, 0xAA, 0x62, 0x68, 0x9C, 0xCA, 0x50, 0x38, 0x93, 0xD0, 0x04, 0xFF, 0x71, 0xE7, 0xCF, 0xF0,
    0x87, 0x0A, 0xBF, 0x2A, 0xFC, 0xA1, 0x98, 0x7E, 0x1F, 0xF3, 0xF8, 0xA0, 0xD6, 0xB6, 0xA1, 0xCD,
    0xE9, 0xA2, 0xD0, 0xE6, 0x9F, 0x25, 0xCD, 0x65, 0x01, 0x02, 0x41, 0x10, 0x86, 0xE1, 0xC1, 0x1D,
    0x22, 0x70, 0x0D, 0x88, 0x70, 0x01, 0xA8, 0x41, 0x8F, 0xA3, 0x0F, 0x11, 0xD0, 0x08, 0x34, 0x40,
    0x03, 0xEC, 0x3F, 0x6C, 0xE0, 0xE5, 0x9B, 0x93, 0xF5, 0x67, 0xC4, 0xCC, 0x32, 0x4D, 0x7D, 0x5E,
    0xAE, 0x0D, 0xCA, 0x6D, 0xC2, 0x21, 0xB6, 0x9C, 0x14, 0x1B, 0x2B, 0x0F, 0xBA, 0x5B, 0x11, 0x74,
    0xD0, 0x10, 0x1D, 0x17, 0x03, 0x21, 0x1F, 0xEF, 0xB8, 0xB2, 0xF0, 0x01, 0xCA, 0xE2, 0xA9, 0xCC,
    0x1C, 0xCE, 0x53, 0xD2, 0x1E, 0x96, 0x05, 0xCF, 0x19, 0xD4, 0x21, 0x0D, 0xF8, 0x75, 0xE0, 0x50,
    0xE7, 0x3B, 0x40, 0x3D, 0x84, 0xA8, 0xA8, 0x30, 0x5A, 0x0C, 0x64, 0xAA, 0x59, 0xF7, 0xAA, 0xFD,
    0xA6, 0x21, 0x12, 0xCE, 0x45, 0xC2, 0x20, 0x61, 0x50, 0x60, 0xB5, 0x65, 0x9A, 0x7F,
};

static const EpdGlyph notosans_14_italicGlyphs[] = {
    { 0, 0, 0, 0, 0, 0, 0 }, // U+0000
    { 0, 0, 121, 0, 0, 0, 0 }, // U+000D
    { 0, 0, 121, 0, 0, 0, 0 }, // U+0020
    { 9, 21, 122, 0, 21, 48, 0 }, // !
    { 10, 8, 183, 3, 21, 20, 48 }, // "
    { 20, 21, 302, 0, 21, 105, 68 }, // #
    { 16, 25, 257, 0, 22, 100, 173 }, // $
    { 21, 21, 373, 2, 21, 111, 273 }, // %
    { 19, 21, 314, 0, 21, 100, 384 }, // &
    { 4, 8, 103, 3, 21, 8, 484 }, // '
    { 10, 26, 135, 1, 21, 65, 492 }, // (
    { 11, 26, 135, -3, 21, 72, 557 }, // )
    { 14, 14, 257, 3, 23, 49, 629 }, // *
    { 14, 14, 267, 2, 17, 49, 678 }, // +
    { 7, 7, 119, -2, 3, 13, 727 }, // ,
    { 9, 3, 146, 0, 10, 7, 740 }, // -
    { 5, 4, 119, 0, 4, 5, 747 }, // .
    { 15, 21, 166, -2, 21, 79, 752 }, // /
    { 15, 23, 261, 1, 22, 87, 831 }, // 0
    { 10, 21, 213, 2, 21, 53, 918 }, // 1
    { 16, 22, 257, -1, 22, 88, 971 }, // 2
    { 16, 23, 257, -1, 22, 92, 1059 }, // 3
    { 16, 21, 257, 0, 21, 84, 1151 }, // 4
    { 16, 22, 257, 0, 21, 88, 1235 }, // 5
    { 15, 23, 257, 1, 22, 87, 1323 }, // 6
    { 15, 21, 223, 1, 21, 79, 1410 }, // 7
    { 15, 23, 258, 1, 22, 87, 1489 }, // 8
    { 15, 23, 257, 0, 22, 87, 1576 }, // 9
    { 7, 16, 119, 0, 16, 28, 1663 }, // :
    { 9, 20, 119, -2, 16, 45, 1691 }, // ;
    { 14, 15, 267, 2, 18, 53, 1736 }, // <
    { 14, 8, 267, 2, 14, 28, 1789 }, // =
    { 14, 15, 267, 2, 18, 53, 1817 }, // >
    { 12, 21, 201, 2, 21, 63, 1870 }, // ?
    { 23, 24, 396, 1, 21, 138, 1933 }, // @
    { 17, 21, 262, -2, 21, 90, 2071 }, // A
    { 17, 21, 280, 1, 21, 90, 2161 }, // B
    { 17, 21, 274, 2, 21, 90, 2251 }, // C
    { 18, 21, 311, 1, 21, 95, 2341 }, // D
    { 16, 21, 240, 1, 21, 84, 2436 }, // E
    { 16, 21, 223, 1, 21, 84, 2520 }, // F
    { 18, 21, 316, 2, 21, 95, 2604 }, // G
    { 19, 21, 317, 1, 21, 100, 2699 }, // H
    { 13, 21, 151, -1, 21, 69, 2799 }, // I
    { 14, 27, 127, -5, 21, 95, 2868 }, // J
    { 18, 21, 262, 1, 21, 95, 2963 }, // K
    { 12, 21, 223, 1, 21, 63, 3058 }, // L
    { 24, 21, 393, 1, 21, 126, 3121 }, // M
    { 20, 21, 330, 1, 21, 105, 3247 }, // N
    { 19, 21, 337, 2, 21, 100, 3352 }, // O
    { 16, 21, 265, 1, 21, 84, 3452 }, // P
    { 19, 26, 337, 2, 21, 124, 3536 }, // Q
    { 16, 21, 267, 1, 21, 84, 3660 }, // R
    { 16, 21, 236, 0, 21, 84, 3744 }, // S
    { 16, 21, 234, 2, 21, 84, 3828 }, // T
    { 19, 21, 316, 2, 21, 100, 3912 }, // U
    { 17, 21, 258, 2, 21, 90, 4012 }, // V
    { 25, 21, 400, 3, 21, 132, 4102 }, // W
    { 20, 21, 246, -2, 21, 105, 4234 }, // X
    { 16, 21, 238, 2, 21, 84, 4339 }, // Y
    { 18, 21, 248, -1, 21, 95, 4423 }, // Z
    { 12, 26, 135, -1, 21, 78, 4518 }, // [
    { 6, 21, 166, 3, 21, 32, 4596 }, // <backslash>
    { 12, 26, 135, -3, 21, 78, 4628 }, // ]
    { 15, 14, 267, 1, 22, 53, 4706 }, // ^
    { 13, 3, 184, -3, -2, 10, 4759 }, // _
    { 6, 5, 130, 4, 23, 8, 4769 }, // `
    { 16, 16, 265, 1, 16, 64, 4777 }, // a
    { 16, 22, 270, 0, 22, 88, 4841 }, // b
    { 13, 16, 211, 1, 16, 52, 4929 }, // c
    { 17, 22, 270, 1, 22, 94, 4981 }, // d
    { 13, 16, 233, 1, 16, 52, 5075 }, // e
    { 17, 30, 148, -4, 23, 128, 5127 }, // f
    { 17, 23, 270, 0, 16, 98, 5255 }, // g
    { 16, 22, 270, 0, 22, 88, 5353 }, // h
    { 8, 21, 120, 0, 21, 42, 5441 }, // i
    { 12, 28, 120, -4, 21, 84, 5483 }, // j
    { 16, 22, 231, 0, 22, 88, 5567 }, // k
    { 9, 22, 120, 0, 22, 50, 5655 }, // l
    { 24, 16, 408, 0, 16, 96, 5705 }, // m
    { 16, 16, 270, 0, 16, 64, 5801 }, // n
    { 15, 16, 263, 1, 16, 60, 5865 }, // o
    { 17, 23, 270, -1, 16, 98, 5925 }, // p
    { 16, 23, 270, 1, 16, 92, 6023 }, // q
    { 13, 16, 186, 0, 16, 52, 6115 }, // r
    { 13, 16, 202, 0, 16, 52, 6167 }, // s
    { 10, 20, 155, 1, 20, 50, 6219 }, // t
    { 16, 16, 270, 1, 16, 64, 6269 }, // u
    { 15, 16, 218, 1, 16, 60, 6333 }, // v
    { 22, 16, 337, 1, 16, 88, 6393 }, // w
    { 17, 16, 225, -2, 16, 68, 6481 }, // x
    { 19, 23, 218, -3, 16, 110, 6549 }, // y
    { 14, 16, 208, -1, 16, 56, 6659 }, // z
    { 12, 26, 163, 0, 21, 78, 6715 }, // {
    { 3, 29, 257, 7, 22, 22, 6793 }, // |
    { 13, 26, 163, -2, 21, 85, 6815 }, // }
    { 14, 4, 267, 2, 12, 14, 6900 }, // ~
    { 0, 0, 121, 0, 0, 0, 0 }, // U+00A0
    { 9, 22, 122, -1, 16, 50, 0 }, // U+00A1
    { 13, 21, 257, 3, 21, 69, 50 }, // U+00A2
    { 18, 21, 257, -1, 21, 95, 119 }, // U+00A3
    { 13, 14, 257, 2, 17, 46, 214 }, // U+00A4
    { 17, 21, 257, 1, 21, 90, 260 }, // U+00A5
    { 3, 29, 257, 7, 22, 22, 350 }, // U+00A6
    { 15, 23, 227, 0, 23, 87, 372 }, // U+00A7
    { 9, 3, 259, 6, 22, 7, 459 }, // U+00A8
    { 22, 22, 388, 1, 22, 121, 466 }, // U+00A9
    { 10, 10, 158, 2, 21, 25, 587 }, // U+00AA
    { 13, 13, 223, 1, 14, 43, 612 }, // U+00AB
    { 14, 9, 267, 2, 12, 32, 655 }, // U+00AC
    { 9, 3, 146, 0, 10, 7, 687 }, // U+00AD
    { 22, 22, 388, 1, 22, 121, 694 }, // U+00AE
    { 13, 3, 183, 2, 25, 10, 815 }, // U+00AF
    { 10, 10, 200, 1, 22, 25, 825 }, // U+00B0
    { 14, 17, 267, 2, 17, 60, 850 }, // U+00B1
    { 10, 14, 165, 2, 26, 35, 910 }, // U+00B2
    { 10, 14, 165, 2, 26, 35, 945 }, // U+00B3
    { 7, 5, 123, 3, 23, 9, 980 }, // U+00B4
    { 18, 23, 273, -1, 16, 104, 989 }, // U+00B5
    { 16, 26, 306, 2, 22, 104, 1093 }, // U+00B6
    { 5, 4, 119, 2, 12, 5, 1197 }, // U+00B7
    { 7, 7, 96, -3, 0, 13, 1202 }, // U+00B8
    { 7, 13, 165, 4, 25, 23, 1215 }, // U+00B9
    { 9, 10, 158, 2, 21, 23, 1238 }, // U+00BA
    { 13, 13, 223, 0, 14, 43, 1261 }, // U+00BB
    { 19, 21, 342, 2, 21, 100, 1304 }, // U+00BC
    { 21, 21, 376, 2, 21, 111, 1404 }, // U+00BD
    { 22, 23, 370, 1, 23, 127, 1515 }, // U+00BE
    { 12, 22, 201, -1, 16, 66, 1642 }, // U+00BF
    { 17, 28, 262, -2, 28, 119, 1708 }, // U+00C0
    { 19, 28, 262, -2, 28, 133, 1827 }, // U+00C1
    { 18, 28, 262, -2, 28, 126, 1960 }, // U+00C2
    { 20, 27, 262, -2, 27, 135, 2086 }, // U+00C3
    { 18, 27, 262, -2, 27, 122, 2221 }, // U+00C4
    { 17, 29, 262, -2, 29, 124, 2343 }, // U+00C5
    { 28, 21, 385, -2, 21, 147, 2467 }, // U+00C6
    { 17, 28, 274, 2, 21, 119, 2614 }, // U+00C7
    { 16, 28, 240, 1, 28, 112, 2733 }, // U+00C8
    { 16, 28, 240, 1, 28, 112, 2845 }, // U+00C9
    { 16, 28, 240, 1, 28, 112, 2957 }, // U+00CA
    { 16, 27, 240, 1, 27, 108, 3069 }, // U+00CB
    { 13, 28, 151, -1, 28, 91, 3177 }, // U+00CC
    { 14, 28, 151, -1, 28, 98, 3268 }, // U+00CD
    { 14, 28, 151, -1, 28, 98, 3366 }, // U+00CE
    { 14, 27, 151, -1, 27, 95, 3464 }, // U+00CF
    { 19, 21, 311, 0, 21, 100, 3559 }, // U+00D0
    { 20, 27, 330, 1, 27, 135, 3659 }, // U+00D1
    { 19, 28, 337, 2, 28, 133, 3794 }, // U+00D2
    { 19, 28, 337, 2, 28, 133, 3927 }, // U+00D3
    { 19, 28, 337, 2, 28, 133, 4060 }, // U+00D4
    { 19, 27, 337, 2, 27, 129, 4193 }, // U+00D5
    { 19, 27, 337, 2, 27, 129, 4322 }, // U+00D6
    { 14, 14, 267, 2, 17, 49, 4451 }, // U+00D7
    { 20, 23, 337, 1, 22, 115, 4500 }, // U+00D8
    { 19, 28, 316, 2, 28, 133, 4615 }, // U+00D9
    { 19, 28, 316, 2, 28, 133, 4748 }, // U+00DA
    { 19, 28, 316, 2, 28, 133, 4881 }, // U+00DB
    { 19, 27, 316, 2, 27, 129, 5014 }, // U+00DC
    { 16, 28, 238, 2, 28, 112, 5143 }, // U+00DD
    { 15, 21, 265, 1, 21, 79, 5255 }, // U+00DE
    { 21, 30, 273, -4, 23, 158, 5334 }, // U+00DF
    { 16, 23, 265, 1, 23, 92, 5492 }, // U+00E0
    { 16, 22, 265, 1, 22, 88, 5584 }, // U+00E1
    { 16, 23, 265, 1, 23, 92, 5672 }, // U+00E2
    { 16, 22, 265, 1, 22, 88, 5764 }, // U+00E3
    { 16, 21, 265, 1, 21, 84, 5852 }, // U+00E4
    { 16, 24, 265, 1, 24, 96, 5936 }, // U+00E5
    { 23, 16, 383, 1, 16, 92, 6032 }, // U+00E6
    { 13, 23, 211, 1, 16, 75, 6124 }, // U+00E7
    { 13, 23, 233, 1, 23, 75, 6199 }, // U+00E8
    { 14, 23, 233, 1, 23, 81, 6274 }, // U+00E9
    { 13, 23, 233, 1, 23, 75, 6355 }, // U+00EA
    { 13, 21, 233, 1, 21, 69, 6430 }, // U+00EB
    { 8, 22, 120, 0, 22, 44, 6499 }, // U+00EC
    { 11, 23, 120, 0, 23, 64, 6543 }, // U+00ED
    { 11, 23, 120, 0, 23, 64, 6607 }, // U+00EE
    { 11, 21, 120, 0, 21, 58, 6671 }, // U+00EF
    { 16, 23, 266, 1, 23, 92, 6729 }, // U+00F0
    { 17, 22, 270, 0, 22, 94, 6821 }, // U+00F1
    { 15, 23, 263, 1, 23, 87, 6915 }, // U+00F2
    { 15, 23, 263, 1, 23, 87, 7002 }, // U+00F3
    { 15, 23, 263, 1, 23, 87, 7089 }, // U+00F4
    { 15, 22, 263, 1, 22, 83, 7176 }, // U+00F5
    { 15, 21, 263, 1, 21, 79, 7259 }, // U+00F6
    { 14, 14, 267, 2, 18, 49, 7338 }, // U+00F7
    { 16, 18, 263, 0, 17, 72, 7387 }, // U+00F8
    { 16, 23, 270, 1, 23, 92, 7459 }, // U+00F9
    { 16, 22, 270, 1, 22, 88, 7551 }, // U+00FA
    { 16, 22, 270, 1, 22, 88, 7639 }, // U+00FB
    { 16, 21, 270, 1, 21, 84, 7727 }, // U+00FC
    { 19, 30, 218, -3, 23, 143, 7811 }, // U+00FD
    { 17, 29, 270, -1, 22, 124, 7954 }, // U+00FE
    { 19, 28, 218, -3, 21, 133, 8078 }, // U+00FF
    { 18, 26, 262, -2, 26, 117, 0 }, // U+0100
    { 16, 21, 265, 1, 21, 84, 117 }, // U+0101
    { 19, 27, 262, -2, 27, 129, 201 }, // U+0102
    { 16, 22, 265, 1, 22, 88, 330 }, // U+0103
    { 17, 29, 262, -2, 21, 124, 418 }, // U+0104
    { 16, 23, 265, 1, 16, 92, 542 }, // U+0105
    { 17, 28, 274, 2, 28, 119, 634 }, // U+0106
    { 13, 23, 211, 1, 23, 75, 753 }, // U+0107
    { 17, 28, 274, 2, 28, 119, 828 }, // U+0108
    { 13, 23, 211, 1, 23, 75, 947 }, // U+0109
    { 17, 27, 274, 2, 27, 115, 1022 }, // U+010A
    { 13, 21, 211, 1, 21, 69, 1137 }, // U+010B
    { 17, 28, 274, 2, 28, 119, 1206 }, // U+010C
    { 14, 23, 211, 1, 23, 81, 1325 }, // U+010D
    { 18, 28, 311, 1, 28, 126, 1406 }, // U+010E
    { 22, 22, 286, 1, 22, 121, 1532 }, // U+010F
    { 19, 21, 311, 0, 21, 100, 1653 }, // U+0110
    { 18, 22, 270, 1, 22, 99, 1753 }, // U+0111
    { 16, 26, 240, 1, 26, 104, 1852 }, // U+0112
    { 13, 21, 233, 1, 21, 69, 1956 }, // U+0113
    { 16, 27, 240, 1, 27, 108, 2025 }, // U+0114
    { 14, 22, 233, 1, 22, 77, 2133 }, // U+0115
    { 16, 27, 240, 1, 27, 108, 2210 }, // U+0116
    { 13, 21, 233, 1, 21, 69, 2318 }, // U+0117
    { 16, 29, 240, 1, 21, 116, 2387 }, // U+0118
    { 13, 23, 233, 1, 16, 75, 2503 }, // U+0119
    { 16, 28, 240, 1, 28, 112, 2578 }, // U+011A
    { 14, 23, 233, 1, 23, 81, 2690 }, // U+011B
    { 18, 28, 316, 2, 28, 126, 2771 }, // U+011C
    { 17, 30, 270, 0, 23, 128, 2897 }, // U+011D
    { 18, 27, 316, 2, 27, 122, 3025 }, // U+011E
    { 17, 29, 270, 0, 22, 124, 3147 }, // U+011F
    { 18, 27, 316, 2, 27, 122, 3271 }, // U+0120
    { 17, 28, 270, 0, 21, 119, 3393 }, // U+0121
    { 18, 27, 316, 2, 21, 122, 3512 }, // U+0122
    { 17, 30, 270, 0, 23, 128, 3634 }, // U+0123
    { 19, 28, 317, 1, 28, 133, 3762 }, // U+0124
    { 16, 29, 270, 0, 29, 116, 3895 }, // U+0125
    { 21, 21, 317, 1, 21, 111, 4011 }, // U+0126
    { 16, 22, 270, 0, 22, 88, 4122 }, // U+0127
    { 15, 27, 151, -1, 27, 102, 4210 }, // U+0128
    { 12, 22, 120, 0, 22, 66, 4312 }, // U+0129
    { 14, 26, 151, -1, 26, 91, 4378 }, // U+012A
    { 11, 20, 120, 0, 20, 55, 4469 }, // U+012B
    { 14, 27, 151, -1, 27, 95, 4524 }, // U+012C
    { 11, 22, 120, 0, 22, 61, 4619 }, // U+012D
    { 13, 29, 151, -1, 21, 95, 4680 }, // U+012E
    { 9, 29, 120, -1, 21, 66, 4775 }, // U+012F
    { 13, 27, 151, -1, 27, 88, 4841 }, // U+0130
    { 7, 16, 120, 0, 16, 28, 4929 }, // U+0131
    { 19, 27, 279, -1, 21, 129, 4957 }, // U+0132
    { 16, 28, 241, 0, 21, 112, 5086 }, // U+0133
    { 17, 34, 127, -5, 28, 145, 5198 }, // U+0134
    { 15, 30, 120, -4, 23, 113, 5343 }, // U+0135
    { 18, 28, 262, 1, 21, 126, 5456 }, // U+0136
    { 16, 29, 231, 0, 22, 116, 5582 }, // U+0137
    { 16, 16, 231, 0, 16, 64, 5698 }, // U+0138
    { 12, 28, 223, 1, 28, 84, 5762 }, // U+0139
    { 12, 29, 120, 0, 29, 87, 5846 }, // U+013A
    { 12, 28, 223, 1, 21, 84, 5933 }, // U+013B
    { 11, 29, 120, -2, 22, 80, 6017 }, // U+013C
    { 15, 21, 223, 1, 21, 79, 6097 }, // U+013D
    { 13, 22, 134, 0, 22, 72, 6176 }, // U+013E
    { 12, 21, 223, 1, 21, 63, 6248 }, // U+013F
    { 11, 22, 139, 0, 22, 61, 6311 }, // U+0140
    { 13, 21, 223, 0, 21, 69, 6372 }, // U+0141
    { 9, 22, 120, 0, 22, 50, 6441 }, // U+0142
    { 20, 28, 330, 1, 28, 140, 6491 }, // U+0143
    { 16, 23, 270, 0, 23, 92, 6631 }, // U+0144
    { 20, 28, 330, 1, 21, 140, 6723 }, // U+0145
    { 16, 22, 270, 0, 16, 88, 6863 }, // U+0146
    { 20, 28, 330, 1, 28, 140, 6951 }, // U+0147
    { 16, 23, 270, 0, 23, 92, 7091 }, // U+0148
    { 17, 21, 307, 1, 21, 90, 7183 }, // U+0149
    { 20, 27, 330, 1, 21, 135, 7273 }, // U+014A
    { 16, 23, 270, 0, 16, 92, 7408 }, // U+014B
    { 19, 26, 337, 2, 26, 124, 7500 }, // U+014C
    { 15, 21, 263, 1, 21, 79, 7624 }, // U+014D
    { 19, 27, 337, 2, 27, 129, 7703 }, // U+014E
    { 15, 22, 263, 1, 22, 83, 7832 }, // U+014F
    { 20, 28, 337, 2, 28, 140, 7915 }, // U+0150
    { 17, 23, 263, 1, 23, 98, 8055 }, // U+0151
    { 25, 21, 401, 2, 21, 132, 8153 }, // U+0152
    { 24, 16, 404, 1, 16, 96, 8285 }, // U+0153
    { 16, 28, 267, 1, 28, 112, 8381 }, // U+0154
    { 14, 23, 186, 0, 23, 81, 8493 }, // U+0155
    { 16, 28, 267, 1, 21, 112, 8574 }, // U+0156
    { 14, 23, 186, -1, 16, 81, 8686 }, // U+0157
    { 16, 28, 267, 1, 28, 112, 8767 }, // U+0158
    { 15, 23, 186, 0, 23, 87, 8879 }, // U+0159
    { 16, 28, 236, 0, 28, 112, 8966 }, // U+015A
    { 13, 23, 202, 0, 23, 75, 9078 }, // U+015B
    { 16, 28, 236, 0, 28, 112, 9153 }, // U+015C
    { 13, 23, 202, 0, 23, 75, 9265 }, // U+015D
    { 16, 28, 236, 0, 21, 112, 9340 }, // U+015E
    { 13, 23, 202, 0, 16, 75, 9452 }, // U+015F
    { 16, 28, 236, 0, 28, 112, 9527 }, // U+0160
    { 14, 23, 202, 0, 23, 81, 9639 }, // U+0161
    { 16, 29, 234, 2, 21, 116, 9720 }, // U+0162
    { 11, 27, 155, 0, 20, 75, 9836 }, // U+0163
    { 16, 28, 234, 2, 28, 112, 9911 }, // U+0164
    { 12, 22, 155, 1, 22, 66, 10023 }, // U+0165
    { 16, 21, 234, 2, 21, 84, 10089 }, // U+0166
    { 11, 20, 155, 0, 20, 55, 10173 }, // U+0167
    { 19, 27, 316, 2, 27, 129, 10228 }, // U+0168
    { 16, 22, 270, 1, 22, 88, 10357 }, // U+0169
    { 19, 26, 316, 2, 26, 124, 10445 }, // U+016A
    { 16, 21, 270, 1, 21, 84, 10569 }, // U+016B
    { 19, 27, 316, 2, 27, 129, 10653 }, // U+016C
    { 16, 22, 270, 1, 22, 88, 10782 }, // U+016D
    { 19, 29, 316, 2, 29, 138, 10870 }, // U+016E
    { 16, 24, 270, 1, 24, 96, 11008 }, // U+016F
    { 19, 28, 316, 2, 28, 133, 11104 }, // U+0170
    { 17, 23, 270, 1, 23, 98, 11237 }, // U+0171
    { 19, 28, 316, 2, 21, 133, 11335 }, // U+0172
    { 16, 23, 270, 1, 16, 92, 11468 }, // U+0173
    { 25, 28, 400, 3, 28, 175, 11560 }, // U+0174
    { 22, 23, 337, 1, 23, 127, 11735 }, // U+0175
    { 16, 28, 238, 2, 28, 112, 11862 }, // U+0176
    { 19, 30, 218, -3, 23, 143, 11974 }, // U+0177
    { 16, 27, 238, 2, 27, 108, 12117 }, // U+0178
    { 18, 28, 248, -1, 28, 126, 12225 }, // U+0179
    { 15, 23, 208, -1, 23, 87, 12351 }, // U+017A
    { 18, 27, 248, -1, 27, 122, 12438 }, // U+017B
    { 14, 21, 208, -1, 21, 74, 12560 }, // U+017C
    { 18, 28, 248, -1, 28, 126, 12634 }, // U+017D
    { 15, 23, 208, -1, 23, 87, 12760 }, // U+017E
    { 17, 30, 132, -4, 23, 128, 12847 }, // U+017F
    { 23, 22, 336, 2, 22, 127, 0 }, // U+01A0
    { 19, 19, 265, 1, 19, 91, 127 }, // U+01A1
    { 24, 22, 339, 2, 22, 132, 218 }, // U+01AF
    { 21, 19, 292, 1, 19, 100, 350 }, // U+01B0
    { 36, 28, 559, 1, 28, 252, 450 }, // U+01C4
    { 33, 23, 519, 1, 23, 190, 702 }, // U+01C5
    { 30, 22, 478, 1, 22, 165, 892 }, // U+01C6
    { 22, 27, 351, 1, 21, 149, 1057 }, // U+01C7
    { 21, 28, 344, 1, 21, 147, 1206 }, // U+01C8
    { 16, 29, 241, 0, 22, 116, 1353 }, // U+01C9
    { 28, 27, 457, 1, 21, 189, 1469 }, // U+01CA
    { 28, 28, 450, 1, 21, 196, 1658 }, // U+01CB
    { 25, 28, 391, 0, 21, 175, 1854 }, // U+01CC
    { 19, 28, 262, -2, 28, 133, 2029 }, // U+01CD
    { 16, 23, 265, 1, 23, 92, 2162 }, // U+01CE
    { 15, 28, 151, -1, 28, 105, 2254 }, // U+01CF
    { 12, 22, 120, 0, 22, 66, 2359 }, // U+01D0
    { 19, 28, 337, 2, 28, 133, 2425 }, // U+01D1
    { 15, 23, 263, 1, 23, 87, 2558 }, // U+01D2
    { 19, 28, 316, 2, 28, 133, 2645 }, // U+01D3
    { 16, 23, 270, 1, 23, 92, 2778 }, // U+01D4
    { 19, 30, 316, 2, 30, 143, 2870 }, // U+01D5
    { 16, 25, 270, 1, 25, 100, 3013 }, // U+01D6
    { 19, 31, 316, 2, 31, 148, 3113 }, // U+01D7
    { 16, 26, 270, 1, 26, 104, 3261 }, // U+01D8
    { 19, 32, 316, 2, 32, 152, 3365 }, // U+01D9
    { 16, 27, 270, 1, 27, 108, 3517 }, // U+01DA
    { 19, 31, 316, 2, 31, 148, 3625 }, // U+01DB
    { 16, 26, 270, 1, 26, 104, 3773 }, // U+01DC
    { 14, 16, 230, 0, 16, 56, 3877 }, // U+01DD
    { 19, 30, 262, -2, 30, 143, 3933 }, // U+01DE
    { 16, 25, 265, 1, 25, 100, 4076 }, // U+01DF
    { 19, 30, 262, -2, 30, 143, 4176 }, // U+01E0
    { 16, 25, 265, 1, 25, 100, 4319 }, // U+01E1
    { 28, 26, 385, -2, 26, 182, 4419 }, // U+01E2
    { 23, 21, 383, 1, 21, 121, 4601 }, // U+01E3
    { 18, 21, 316, 2, 21, 95, 4722 }, // U+01E4
    { 17, 23, 236, 0, 16, 98, 4817 }, // U+01E5
    { 18, 28, 316, 2, 28, 126, 4915 }, // U+01E6
    { 17, 30, 270, 0, 23, 128, 5041 }, // U+01E7
    { 18, 28, 262, 1, 28, 126, 5169 }, // U+01E8
    { 16, 29, 231, 0, 29, 116, 5295 }, // U+01E9
    { 19, 28, 337, 2, 21, 133, 5411 }, // U+01EA
    { 15, 23, 263, 1, 16, 87, 5544 }, // U+01EB
    { 19, 33, 337, 2, 26, 157, 5631 }, // U+01EC
    { 15, 28, 263, 1, 21, 105, 5788 }, // U+01ED
    { 16, 28, 247, 0, 28, 112, 5893 }, // U+01EE
    { 16, 30, 217, -2, 23, 120, 6005 }, // U+01EF
    { 16, 30, 120, -4, 23, 120, 6125 }, // U+01F0
    { 36, 21, 559, 1, 21, 189, 6245 }, // U+01F1
    { 32, 21, 519, 1, 21, 168, 6434 }, // U+01F2
    { 29, 22, 478, 1, 22, 160, 6602 }, // U+01F3
    { 18, 28, 316, 2, 28, 126, 6762 }, // U+01F4
    { 17, 30, 270, 0, 23, 128, 6888 }, // U+01F5
    { 25, 21, 419, 1, 21, 132, 7016 }, // U+01F6
    { 20, 28, 295, -1, 21, 140, 7148 }, // U+01F7
    { 20, 28, 330, 1, 28, 140, 7288 }, // U+01F8
    { 16, 23, 270, 0, 23, 92, 7428 }, // U+01F9
    { 19, 28, 262, -2, 28, 133, 7520 }, // U+01FA
    { 16, 29, 265, 1, 29, 116, 7653 }, // U+01FB
    { 28, 28, 385, -2, 28, 196, 7769 }, // U+01FC
    { 23, 23, 383, 1, 23, 133, 7965 }, // U+01FD
    { 20, 29, 337, 1, 28, 145, 8098 }, // U+01FE
    { 16, 24, 263, 0, 23, 96, 8243 }, // U+01FF
    { 17, 28, 262, -2, 28, 119, 8339 }, // U+0200
    { 16, 23, 265, 1, 23, 92, 8458 }, // U+0201
    { 18, 27, 262, -2, 27, 122, 8550 }, // U+0202
    { 16, 22, 265, 1, 22, 88, 8672 }, // U+0203
    { 16, 28, 240, 1, 28, 112, 8760 }, // U+0204
    { 13, 23, 233, 1, 23, 75, 8872 }, // U+0205
    { 16, 27, 240, 1, 27, 108, 8947 }, // U+0206
    { 13, 22, 233, 1, 22, 72, 9055 }, // U+0207
    { 13, 28, 151, -1, 28, 91, 9127 }, // U+0208
    { 11, 22, 120, -2, 22, 61, 9218 }, // U+0209
    { 14, 27, 151, -1, 27, 95, 9279 }, // U+020A
    { 11, 22, 120, 0, 22, 61, 9374 }, // U+020B
    { 19, 28, 337, 2, 28, 133, 9435 }, // U+020C
    { 15, 23, 263, 1, 23, 87, 9568 }, // U+020D
    { 19, 28, 337, 2, 28, 133, 9655 }, // U+020E
    { 15, 22, 263, 1, 22, 83, 9788 }, // U+020F
    { 16, 28, 267, 1, 28, 112, 9871 }, // U+0210
    { 13, 22, 186, 0, 22, 72, 9983 }, // U+0211
    { 16, 27, 267, 1, 27, 108, 10055 }, // U+0212
    { 14, 22, 186, 0, 22, 77, 10163 }, // U+0213
    { 19, 28, 316, 2, 28, 133, 10240 }, // U+0214
    { 16, 22, 270, 1, 22, 88, 10373 }, // U+0215
    { 19, 28, 316, 2, 28, 133, 10461 }, // U+0216
    { 16, 22, 270, 1, 22, 88, 10594 }, // U+0217
    { 16, 27, 236, 0, 21, 108, 10682 }, // U+0218
    { 13, 22, 202, 0, 16, 72, 10790 }, // U+0219
    { 16, 28, 234, 2, 21, 112, 10862 }, // U+021A
    { 10, 26, 155, 1, 20, 65, 10974 }, // U+021B
    { 19, 27, 268, -2, 21, 129, 11039 }, // U+021C
    { 16, 24, 232, -2, 16, 96, 11168 }, // U+021D
    { 19, 28, 317, 1, 28, 133, 11264 }, // U+021E
    { 16, 29, 270, 0, 29, 116, 11397 }, // U+021F
    { 6, 5, 0, -12, 23, 8, 0 }, // U+0300
    { 7, 5, 0, -7, 23, 9, 8 }, // U+0301
    { 10, 5, 0, -3, 23, 13, 17 }, // U+0302
    { 12, 4, 0, -13, 22, 12, 30 }, // U+0303
    { 9, 3, 0, -2, 21, 7, 42 }, // U+0304
    { 13, 3, 0, -3, 26, 10, 49 }, // U+0305
    { 9, 4, 0, -2, 22, 9, 59 }, // U+0306
    { 4, 3, 0, 1, 21, 3, 68 }, // U+0307
    { 9, 3, 0, -2, 22, 7, 71 }, // U+0308
    { 6, 8, 0, -9, 25, 12, 78 }, // U+0309
    { 7, 7, 0, -1, 24, 13, 90 }, // U+030A
    { 12, 5, 0, -2, 23, 15, 103 }, // U+030B
    { 10, 5, 0, -2, 23, 13, 118 }, // U+030C
    { 5, 8, 0, 0, 23, 10, 131 }, // U+030D
    { 9, 5, 0, -2, 22, 12, 141 }, // U+030E
    { 11, 5, 0, -15, 23, 14, 153 }, // U+030F
    { 10, 7, 0, -2, 25, 18, 167 }, // U+0310
    { 9, 5, 0, -2, 23, 12, 185 }, // U+0311
    { 6, 7, 0, -1, 21, 11, 197 }, // U+0312
    { 6, 7, 0, -1, 21, 11, 208 }, // U+0313
    { 4, 7, 0, 0, 21, 7, 219 }, // U+0314
    { 6, 7, 0, -1, 21, 11, 226 }, // U+0315
    { 6, 5, 0, -6, -1, 8, 237 }, // U+0316
    { 7, 5, 0, -5, -1, 9, 245 }, // U+0317
    { 6, 6, 0, -5, 0, 9, 254 }, // U+0318
    { 7, 6, 0, -6, 0, 11, 263 }, // U+0319
    { 10, 9, 152, 2, 24, 23, 274 }, // U+031A
    { 8, 7, 0, -2, 22, 14, 297 }, // U+031B
    { 5, 6, 0, -2, -1, 8, 311 }, // U+031C
    { 7, 5, 0, -6, -1, 9, 319 }, // U+031D
    { 8, 6, 0, -6, 0, 12, 328 }, // U+031E
    { 7, 6, 0, -6, -1, 11, 340 }, // U+031F
    { 7, 3, 0, -6, -2, 6, 351 }, // U+0320
    { 7, 8, 0, -6, 1, 14, 357 }, // U+0321
    { 6, 8, 0, -3, 1, 12, 371 }, // U+0322
    { 4, 3, 0, -13, -2, 3, 383 }, // U+0323
    { 9, 3, 0, -7, -2, 7, 386 }, // U+0324
    { 7, 7, 0, -6, 0, 13, 393 }, // U+0325
    { 5, 5, 0, 2, -1, 7, 406 }, // U+0326
    { 6, 7, 0, -5, 0, 11, 413 }, // U+0327
    { 6, 7, 0, -5, 1, 11, 424 }, // U+0328
    { 5, 8, 0, -5, -1, 10, 435 }, // U+0329
    { 12, 6, 0, -8, 0, 18, 445 }, // U+032A
    { 12, 5, 0, -8, -1, 15, 463 }, // U+032B
    { 10, 5, 0, -7, -1, 13, 478 }, // U+032C
    { 10, 5, 0, -7, -1, 13, 491 }, // U+032D
    { 10, 4, 0, -7, -1, 10, 504 }, // U+032E
    { 9, 5, 0, -7, -1, 12, 514 }, // U+032F
    { 11, 4, 0, -8, -1, 11, 526 }, // U+0330
    { 9, 3, 0, -7, -2, 7, 537 }, // U+0331
    { 13, 3, 0, -9, -2, 10, 544 }, // U+0332
    { 14, 6, 0, -9, -1, 21, 554 }, // U+0333
    { 12, 4, 0, -6, 10, 12, 575 }, // U+0334
    { 12, 3, 0, -6, 11, 9, 587 }, // U+0335
    { 20, 3, 0, -10, 10, 15, 596 }, // U+0336
    { 10, 7, 0, -5, 12, 18, 611 }, // U+0337
    { 16, 24, 0, -8, 22, 96, 629 }, // U+0338
    { 5, 7, 0, -2, 0, 9, 725 }, // U+0339
    { 12, 5, 0, -8, -1, 15, 734 }, // U+033A
    { 12, 7, 0, -8, 0, 21, 749 }, // U+033B
    { 12, 4, 0, -8, -2, 12, 770 }, // U+033C
    { 8, 7, 0, -1, 23, 14, 782 }, // U+033D
    { 7, 9, 0, -1, 25, 16, 796 }, // U+033E
    { 14, 6, 0, -3, 28, 21, 812 }, // U+033F
    { 6, 5, 0, -2, 23, 8, 833 }, // U+0340
    { 7, 5, 0, 1, 23, 9, 841 }, // U+0341
    { 12, 4, 0, 4, 22, 12, 850 }, // U+0342
    { 6, 7, 0, 0, 24, 11, 862 }, // U+0343
    { 11, 6, 0, -3, 24, 17, 873 }, // U+0344
    { 5, 5, 0, -4, -2, 7, 890 }, // U+0345
    { 14, 6, 0, -4, 24, 21, 897 }, // U+0346
    { 14, 6, 0, -9, -1, 21, 918 }, // U+0347
    { 9, 5, 0, -7, -1, 12, 939 }, // U+0348
    { 7, 7, 0, -5, -1, 13, 951 }, // U+0349
    { 11, 8, 0, -3, 24, 22, 964 }, // U+034A
    { 12, 10, 0, -3, 27, 30, 986 }, // U+034B
    { 12, 8, 0, -3, 26, 24, 1016 }, // U+034C
    { 11, 6, 0, -8, -1, 17, 1040 }, // U+034D
    { 6, 7, 0, -5, 0, 11, 1057 }, // U+034E
    { 22, 22, 0, -11, 22, 121, 1068 }, // U+034F
    { 5, 6, 0, 0, 23, 8, 1189 }, // U+0350
    { 5, 6, 0, 3, 23, 8, 1197 }, // U+0351
    { 9, 7, 0, -2, 25, 16, 1205 }, // U+0352
    { 7, 7, 0, -5, 0, 13, 1221 }, // U+0353
    { 6, 6, 0, -5, -1, 9, 1234 }, // U+0354
    { 6, 6, 0, -4, -1, 9, 1243 }, // U+0355
    { 12, 6, 0, -7, -1, 18, 1252 }, // U+0356
    { 4, 7, 0, 3, 24, 7, 1270 }, // U+0357
    { 4, 3, 0, 1, 21, 3, 1277 }, // U+0358
    { 7, 6, 0, -6, -1, 11, 1280 }, // U+0359
    { 12, 7, 0, -8, -1, 21, 1291 }, // U+035A
    { 6, 6, 0, 0, 23, 9, 1312 }, // U+035B
    { 22, 6, 0, -13, -1, 33, 1321 }, // U+035C
    { 21, 6, 0, -8, 23, 32, 1354 }, // U+035D
    { 15, 3, 0, -5, 21, 12, 1386 }, // U+035E
    { 16, 3, 0, -10, -1, 12, 1398 }, // U+035F
    { 22, 4, 0, -8, 22, 22, 1410 }, // U+0360
    { 21, 7, 0, -8, 26, 37, 1432 }, // U+0361
    { 22, 6, 0, -14, -1, 33, 1469 }, // U+0362
    { 8, 7, 0, -1, 25, 14, 1502 }, // U+0363
    { 6, 7, 0, 0, 25, 11, 1516 }, // U+0364
    { 4, 9, 0, 1, 27, 9, 1527 }, // U+0365
    { 7, 7, 0, -1, 25, 13, 1536 }, // U+0366
    { 8, 7, 0, -1, 25, 14, 1549 }, // U+0367
    { 6, 7, 0, 0, 25, 11, 1563 }, // U+0368
    { 8, 9, 0, -1, 27, 18, 1574 }, // U+0369
    { 7, 10, 0, -1, 28, 18, 1592 }, // U+036A
    { 11, 7, 0, -3, 25, 20, 1610 }, // U+036B
    { 6, 7, 0, 0, 25, 11, 1630 }, // U+036C
    { 5, 8, 0, 1, 26, 10, 1641 }, // U+036D
    { 7, 6, 0, 0, 24, 11, 1651 }, // U+036E
    { 8, 7, 0, -1, 25, 14, 1662 }, // U+036F
    { 16, 28, 237, 0, 28, 112, 0 }, // U+0400
    { 16, 26, 237, 0, 26, 104, 112 }, // U+0401
    { 16, 21, 310, 2, 21, 84, 216 }, // U+0402
    { 16, 28, 220, 0, 28, 112, 300 }, // U+0403
    { 18, 21, 271, 1, 21, 95, 412 }, // U+0404
    { 16, 21, 236, 0, 21, 84, 507 }, // U+0405
    { 9, 21, 126, 0, 21, 48, 591 }, // U+0406
    { 11, 26, 126, 0, 26, 72, 639 }, // U+0407
    { 14, 27, 127, -5, 21, 95, 711 }, // U+0408
    { 28, 21, 433, -2, 21, 147, 806 }, // U+0409
    { 26, 21, 429, 0, 21, 137, 953 }, // U+040A
    { 17, 21, 317, 2, 21, 90, 1090 }, // U+040B
    { 19, 28, 263, 0, 28, 133, 1180 }, // U+040C
    { 21, 28, 321, 0, 28, 147, 1313 }, // U+040D
    { 19, 27, 262, 0, 27, 129, 1460 }, // U+040E
    { 20, 26, 309, 0, 21, 130, 1589 }, // U+040F
    { 17, 21, 266, -2, 21, 90, 1719 }, // U+0410
    { 17, 21, 258, 0, 21, 90, 1809 }, // U+0411
    { 17, 21, 274, 0, 21, 90, 1899 }, // U+0412
    { 16, 21, 220, 0, 21, 84, 1989 }, // U+0413
    { 23, 26, 322, -3, 21, 150, 2073 }, // U+0414
    { 16, 21, 237, 0, 21, 84, 2223 }, // U+0415
    { 28, 21, 374, -2, 21, 147, 2307 }, // U+0416
    { 16, 21, 244, -1, 21, 84, 2454 }, // U+0417
    { 21, 21, 321, 0, 21, 111, 2538 }, // U+0418
    { 21, 27, 321, 0, 27, 142, 2649 }, // U+0419
    { 19, 21, 263, 0, 21, 100, 2791 }, // U+041A
    { 22, 21, 313, -2, 21, 116, 2891 }, // U+041B
    { 25, 21, 392, 0, 21, 132, 3007 }, // U+041C
    { 20, 21, 315, 0, 21, 105, 3139 }, // U+041D
    { 19, 21, 325, 1, 21, 100, 3244 }, // U+041E
    { 20, 21, 311, 0, 21, 105, 3344 }, // U+041F
    { 17, 21, 255, 0, 21, 90, 3449 }, // U+0420
    { 18, 21, 271, 1, 21, 95, 3539 }, // U+0421
    { 16, 21, 244, 2, 21, 84, 3634 }, // U+0422
    { 19, 21, 262, 0, 21, 100, 3718 }, // U+0423
    { 22, 21, 368, 1, 21, 116, 3818 }, // U+0424
    { 20, 21, 250, -2, 21, 105, 3934 }, // U+0425
    { 20, 26, 316, 0, 21, 130, 4039 }, // U+0426
    { 17, 21, 291, 2, 21, 90, 4169 }, // U+0427
    { 28, 21, 444, 0, 21, 147, 4259 }, // U+0428
    { 28, 26, 452, 0, 21, 182, 4406 }, // U+0429
    { 16, 21, 296, 2, 21, 84, 4588 }, // U+042A
    { 24, 21, 370, 0, 21, 126, 4672 }, // U+042B
    { 15, 21, 255, 0, 21, 79, 4798 }, // U+042C
    { 17, 21, 274, 0, 21, 90, 4877 }, // U+042D
    { 27, 21, 439, 0, 21, 142, 4967 }, // U+042E
    { 19, 21, 269, -2, 21, 100, 5109 }, // U+042F
    { 15, 16, 264, 1, 16, 60, 5209 }, // U+0430
    { 16, 23, 259, 1, 23, 92, 5269 }, // U+0431
    { 14, 16, 242, 1, 16, 56, 5361 }, // U+0432
    { 13, 16, 214, 0, 16, 52, 5417 }, // U+0433
    { 15, 23, 260, 1, 23, 87, 5469 }, // U+0434
    { 13, 16, 229, 1, 16, 52, 5556 }, // U+0435
    { 27, 16, 410, -1, 16, 108, 5608 }, // U+0436
    { 13, 16, 208, 0, 16, 52, 5716 }, // U+0437
    { 15, 16, 266, 1, 16, 60, 5768 }, // U+0438
    { 15, 22, 266, 1, 22, 83, 5828 }, // U+0439
    { 16, 16, 235, 0, 16, 64, 5911 }, // U+043A
    { 18, 16, 264, -2, 16, 72, 5975 }, // U+043B
    { 22, 16, 348, 0, 16, 88, 6047 }, // U+043C
    { 16, 16, 267, 0, 16, 64, 6135 }, // U+043D
    { 15, 16, 261, 1, 16, 60, 6199 }, // U+043E
    { 15, 16, 264, 0, 16, 60, 6259 }, // U+043F
    { 17, 23, 267, -1, 16, 98, 6319 }, // U+0440
    { 13, 16, 215, 1, 16, 52, 6417 }, // U+0441
    { 24, 16, 404, 0, 16, 96, 6469 }, // U+0442
    { 19, 23, 227, -3, 16, 110, 6565 }, // U+0443
    { 18, 30, 313, 1, 23, 135, 6675 }, // U+0444
    { 17, 16, 213, -2, 16, 68, 6810 }, // U+0445
    { 15, 20, 277, 1, 16, 75, 6878 }, // U+0446
    { 14, 16, 259, 2, 16, 56, 6953 }, // U+0447
    { 24, 16, 404, 1, 16, 96, 7009 }, // U+0448
    { 24, 20, 415, 1, 16, 120, 7105 }, // U+0449
    { 16, 16, 279, 1, 16, 64, 7225 }, // U+044A
    { 20, 16, 342, 1, 16, 80, 7289 }, // U+044B
    { 13, 16, 239, 1, 16, 52, 7369 }, // U+044C
    { 13, 16, 222, 0, 16, 52, 7421 }, // U+044D
    { 22, 16, 362, 0, 16, 88, 7473 }, // U+044E
    { 16, 16, 238, -1, 16, 64, 7561 }, // U+044F
    { 13, 23, 229, 1, 23, 75, 7625 }, // U+0450
    { 14, 21, 229, 1, 21, 74, 7700 }, // U+0451
    { 16, 30, 268, 0, 23, 120, 7774 }, // U+0452
    { 14, 23, 214, 0, 23, 81, 7894 }, // U+0453
    { 13, 16, 216, 1, 16, 52, 7975 }, // U+0454
    { 13, 16, 202, 0, 16, 52, 8027 }, // U+0455
    { 8, 21, 120, 0, 21, 42, 8079 }, // U+0456
    { 10, 21, 116, 0, 21, 53, 8121 }, // U+0457
    { 12, 28, 116, -4, 21, 84, 8174 }, // U+0458
    { 25, 16, 381, -2, 16, 100, 8258 }, // U+0459
    { 23, 16, 377, 0, 16, 92, 8358 }, // U+045A
    { 16, 23, 269, 0, 23, 92, 8450 }, // U+045B
    { 16, 23, 235, 0, 23, 92, 8542 }, // U+045C
    { 15, 23, 266, 1, 23, 87, 8634 }, // U+045D
    { 19, 29, 227, -3, 22, 138, 8721 }, // U+045E
    { 15, 22, 266, 1, 16, 83, 8859 }, // U+045F
    { 27, 21, 429, 2, 21, 142, 8942 }, // U+0460
    { 23, 16, 368, 1, 16, 92, 9084 }, // U+0461
    { 14, 21, 274, 2, 21, 74, 9176 }, // U+0462
    { 23, 16, 390, 0, 16, 92, 9250 }, // U+0463
    { 26, 21, 403, 1, 21, 137, 9342 }, // U+0464
    { 21, 16, 323, 0, 16, 84, 9479 }, // U+0465
    { 19, 21, 283, -2, 21, 100, 9563 }, // U+0466
    { 16, 16, 249, -2, 16, 64, 9663 }, // U+0467
    { 23, 21, 396, 1, 21, 121, 9727 }, // U+0468
    { 20, 16, 341, 0, 16, 80, 9848 }, // U+0469
    { 23, 21, 311, -2, 21, 121, 9928 }, // U+046A
    { 19, 16, 281, -2, 16, 76, 10049 }, // U+046B
    { 27, 21, 430, 1, 21, 142, 10125 }, // U+046C
    { 24, 16, 375, 0, 16, 96, 10267 }, // U+046D
    { 18, 32, 251, -2, 25, 144, 10363 }, // U+046E
    { 16, 26, 212, -2, 20, 104, 10507 }, // U+046F
    { 22, 21, 346, 3, 21, 116, 10611 }, // U+0470
    { 19, 30, 337, 1, 23, 143, 10727 }, // U+0471
    { 19, 21, 337, 2, 21, 100, 10870 }, // U+0472
    { 15, 16, 263, 1, 16, 60, 10970 }, // U+0473
    { 18, 21, 265, 2, 21, 95, 11030 }, // U+0474
    { 15, 16, 210, 1, 16, 60, 11125 }, // U+0475
    { 18, 28, 265, 2, 28, 126, 11185 }, // U+0476
    { 15, 23, 210, 1, 23, 87, 11311 }, // U+0477
    { 35, 28, 555, 2, 21, 245, 11398 }, // U+0478
    { 31, 23, 481, 1, 16, 179, 11643 }, // U+0479
    { 19, 24, 346, 2, 22, 114, 11822 }, // U+047A
    { 15, 19, 272, 1, 17, 72, 11936 }, // U+047B
    { 26, 31, 448, 2, 31, 202, 12008 }, // U+047C
    { 21, 27, 372, 1, 27, 142, 12210 }, // U+047D
    { 27, 26, 429, 2, 26, 176, 12352 }, // U+047E
    { 23, 21, 368, 1, 21, 121, 12528 }, // U+047F
    { 17, 28, 274, 2, 21, 119, 12649 }, // U+0480
    { 13, 23, 211, 1, 16, 75, 12768 }, // U+0481
    { 16, 20, 284, 1, 19, 80, 12843 }, // U+0482
    { 12, 5, 0, -12, 21, 15, 12923 }, // U+0483
    { 12, 5, 0, -12, 23, 15, 12938 }, // U+0484
    { 4, 5, 0, -8, 23, 5, 12953 }, // U+0485
    { 4, 5, 0, -8, 23, 5, 12958 }, // U+0486
    { 12, 4, 0, -2, 26, 12, 12963 }, // U+0487
    { 34, 31, 0, -17, 23, 264, 12975 }, // U+0488
    { 34, 32, 0, -17, 24, 272, 13239 }, // U+0489
    { 20, 33, 332, 1, 27, 165, 13511 }, // U+048A
    { 16, 28, 272, 1, 23, 112, 13676 }, // U+048B
    { 14, 21, 259, 1, 21, 74, 13788 }, // U+048C
    { 13, 23, 244, 1, 23, 75, 13862 }, // U+048D
    { 16, 21, 265, 1, 21, 84, 13937 }, // U+048E
    { 17, 23, 270, -1, 16, 98, 14021 }, // U+048F
    { 16, 26, 223, 1, 26, 104, 14119 }, // U+0490
    { 14, 21, 182, 0, 21, 74, 14223 }, // U+0491
    { 16, 21, 221, 1, 21, 84, 14297 }, // U+0492
    { 13, 16, 182, 0, 16, 52, 14381 }, // U+0493
    { 16, 28, 285, 1, 21, 112, 14433 }, // U+0494
    { 13, 23, 232, 0, 16, 75, 14545 }, // U+0495
    { 28, 27, 388, -2, 21, 189, 14620 }, // U+0496
    { 27, 21, 396, -1, 16, 142, 14809 }, // U+0497
    { 16, 28, 244, -1, 21, 112, 14951 }, // U+0498
    { 13, 23, 208, 0, 16, 75, 15063 }, // U+0499
    { 19, 27, 285, 1, 21, 129, 15138 }, // U+049A
    { 16, 22, 247, 0, 16, 88, 15267 }, // U+049B
    { 19, 21, 268, 1, 21, 100, 15355 }, // U+049C
    { 16, 16, 226, 0, 16, 64, 15455 }, // U+049D
    { 19, 21, 262, 1, 21, 100, 15519 }, // U+049E
    { 16, 23, 227, 0, 23, 92, 15619 }, // U+049F
    { 20, 21, 297, 2, 21, 105, 15711 }, // U+04A0
    { 17, 16, 265, 1, 16, 68, 15816 }, // U+04A1
    { 19, 27, 320, 1, 21, 129, 15884 }, // U+04A2
    { 17, 22, 282, 0, 16, 94, 16013 }, // U+04A3
    { 24, 21, 353, 1, 21, 126, 16107 }, // U+04A4
    { 22, 16, 322, 0, 16, 88, 16233 }, // U+04A5
    { 26, 28, 467, 1, 21, 182, 16321 }, // U+04A6
    { 22, 23, 384, 0, 16, 127, 16503 }, // U+04A7
    { 18, 22, 337, 2, 21, 99, 16630 }, // U+04A8
    { 16, 17, 280, 1, 16, 68, 16729 }, // U+04A9
    { 17, 28, 274, 2, 21, 119, 16797 }, // U+04AA
    { 13, 23, 211, 1, 16, 75, 16916 }, // U+04AB
    { 16, 27, 234, 2, 21, 108, 16991 }, // U+04AC
    { 25, 21, 415, 0, 16, 132, 17099 }, // U+04AD
    { 16, 21, 238, 2, 21, 84, 17231 }, // U+04AE
    { 15, 23, 218, 1, 16, 87, 17315 }, // U+04AF
    { 17, 21, 238, 1, 21, 90, 17402 }, // U+04B0
    { 17, 23, 218, -1, 16, 98, 17492 }, // U+04B1
    { 20, 27, 271, -2, 21, 135, 17590 }, // U+04B2
    { 17, 22, 246, -1, 16, 94, 17725 }, // U+04B3
    { 21, 27, 365, 2, 21, 142, 17819 }, // U+04B4
    { 18, 21, 308, 1, 16, 95, 17961 }, // U+04B5
    { 16, 27, 302, 3, 21, 108, 18056 }, // U+04B6
    { 14, 22, 258, 2, 16, 77, 18164 }, // U+04B7
    { 16, 21, 300, 3, 21, 84, 18241 }, // U+04B8
    { 14, 16, 261, 2, 16, 56, 18325 }, // U+04B9
    { 16, 21, 301, 1, 21, 84, 18381 }, // U+04BA
    { 16, 23, 270, 0, 23, 92, 18465 }, // U+04BB
    { 22, 21, 358, 1, 21, 116, 18557 }, // U+04BC
    { 16, 16, 280, 1, 16, 64, 18673 }, // U+04BD
    { 22, 26, 358, 1, 21, 143, 18737 }, // U+04BE
    { 16, 21, 280, 1, 16, 84, 18880 }, // U+04BF
    { 13, 21, 151, -1, 21, 69, 18964 }, // U+04C0
    { 28, 27, 374, -2, 27, 189, 19033 }, // U+04C1
    { 27, 22, 410, -1, 22, 149, 19222 }, // U+04C2
    { 19, 28, 297, 1, 21, 133, 19371 }, // U+04C3
    { 16, 23, 245, 0, 16, 92, 19504 }, // U+04C4
    { 21, 26, 308, -1, 21, 137, 19596 }, // U+04C5
    { 17, 22, 255, -2, 16, 94, 19733 }, // U+04C6
    { 19, 28, 318, 1, 21, 133, 19827 }, // U+04C7
    { 17, 23, 281, 0, 16, 98, 19960 }, // U+04C8
    { 19, 27, 323, 1, 21, 129, 20058 }, // U+04C9
    { 17, 22, 282, 0, 16, 94, 20187 }, // U+04CA
    { 16, 27, 300, 3, 21, 108, 20281 }, // U+04CB
    { 15, 22, 271, 2, 16, 83, 20389 }, // U+04CC
    { 24, 27, 397, 1, 21, 162, 20472 }, // U+04CD
    { 20, 22, 328, 0, 16, 110, 20634 }, // U+04CE
    { 13, 21, 151, -1, 21, 69, 20744 }, // U+04CF
    { 19, 27, 262, -2, 27, 129, 20813 }, // U+04D0
    { 16, 22, 265, 1, 22, 88, 20942 }, // U+04D1
    { 18, 27, 262, -2, 27, 122, 21030 }, // U+04D2
    { 16, 21, 265, 1, 21, 84, 21152 }, // U+04D3
    { 28, 21, 385, -2, 21, 147, 21236 }, // U+04D4
    { 23, 16, 383, 1, 16, 92, 21383 }, // U+04D5
    { 16, 27, 240, 1, 27, 108, 21475 }, // U+04D6
    { 15, 22, 233, 1, 22, 83, 21583 }, // U+04D7
    { 18, 21, 309, 1, 21, 95, 21666 }, // U+04D8
    { 14, 16, 230, 0, 16, 56, 21761 }, // U+04D9
    { 18, 27, 309, 1, 27, 122, 21817 }, // U+04DA
    { 14, 21, 230, 0, 21, 74, 21939 }, // U+04DB
    { 28, 27, 374, -2, 27, 189, 22013 }, // U+04DC
    { 27, 21, 410, -1, 21, 142, 22202 }, // U+04DD
    { 16, 27, 244, -1, 27, 108, 22344 }, // U+04DE
    { 13, 21, 208, 0, 21, 69, 22452 }, // U+04DF
    { 16, 21, 247, 0, 21, 84, 22521 }, // U+04E0
    { 16, 23, 217, -2, 16, 92, 22605 }, // U+04E1
    { 21, 26, 321, 0, 26, 137, 22697 }, // U+04E2
    { 16, 21, 270, 1, 21, 84, 22834 }, // U+04E3
    { 21, 27, 321, 0, 27, 142, 22918 }, // U+04E4
    { 16, 21, 270, 1, 21, 84, 23060 }, // U+04E5
    { 19, 27, 337, 2, 27, 129, 23144 }, // U+04E6
    { 15, 21, 263, 1, 21, 79, 23273 }, // U+04E7
    { 19, 21, 337, 2, 21, 100, 23352 }, // U+04E8
    { 15, 16, 263, 1, 16, 60, 23452 }, // U+04E9
    { 19, 27, 337, 2, 27, 129, 23512 }, // U+04EA
    { 15, 21, 263, 1, 21, 79, 23641 }, // U+04EB
    { 17, 27, 274, 0, 27, 115, 23720 }, // U+04EC
    { 13, 21, 222, 0, 21, 69, 23835 }, // U+04ED
    { 19, 26, 262, 0, 26, 124, 23904 }, // U+04EE
    { 19, 27, 218, -3, 20, 129, 24028 }, // U+04EF
    { 19, 27, 262, 0, 27, 129, 24157 }, // U+04F0
    { 19, 28, 218, -3, 21, 133, 24286 }, // U+04F1
    { 19, 28, 262, 0, 28, 133, 24419 }, // U+04F2
    { 19, 30, 218, -3, 23, 143, 24552 }, // U+04F3
    { 17, 27, 291, 2, 27, 115, 24695 }, // U+04F4
    { 14, 21, 259, 2, 21, 74, 24810 }, // U+04F5
    { 16, 27, 224, 1, 21, 108, 24884 }, // U+04F6
    { 13, 22, 182, 0, 16, 72, 24992 }, // U+04F7
    { 24, 27, 370, 0, 27, 162, 25064 }, // U+04F8
    { 20, 21, 342, 1, 21, 105, 25226 }, // U+04F9
    { 17, 27, 221, 0, 21, 115, 25331 }, // U+04FA
    { 14, 22, 182, -1, 16, 77, 25446 }, // U+04FB
    { 20, 27, 246, -2, 21, 135, 25523 }, // U+04FC
    { 17, 22, 225, -2, 16, 94, 25658 }, // U+04FD
    { 20, 21, 246, -2, 21, 105, 25752 }, // U+04FE
    { 17, 16, 225, -2, 16, 68, 25857 }, // U+04FF
    { 17, 26, 262, -2, 21, 111, 0 }, // U+1EA0
    { 16, 21, 265, 1, 16, 84, 111 }, // U+1EA1
    { 18, 30, 262, -2, 30, 135, 195 }, // U+1EA2
    { 16, 26, 265, 1, 26, 104, 330 }, // U+1EA3
    { 22, 29, 262, -2, 29, 160, 434 }, // U+1EA4
    { 18, 24, 265, 1, 24, 108, 594 }, // U+1EA5
    { 18, 29, 262, -2, 29, 131, 702 }, // U+1EA6
    { 16, 24, 265, 1, 24, 96, 833 }, // U+1EA7
    { 21, 30, 262, -2, 30, 158, 929 }, // U+1EA8
    { 17, 25, 265, 1, 25, 107, 1087 }, // U+1EA9
    { 20, 32, 262, -2, 32, 160, 1194 }, // U+1EAA
    { 16, 27, 265, 1, 27, 108, 1354 }, // U+1EAB
    { 18, 33, 262, -2, 28, 149, 1462 }, // U+1EAC
    { 16, 28, 265, 1, 23, 112, 1611 }, // U+1EAD
    { 19, 30, 262, -2, 30, 143, 1723 }, // U+1EAE
    { 16, 25, 265, 1, 25, 100, 1866 }, // U+1EAF
    { 19, 30, 262, -2, 30, 143, 1966 }, // U+1EB0
    { 16, 25, 265, 1, 25, 100, 2109 }, // U+1EB1
    { 19, 31, 262, -2, 31, 148, 2209 }, // U+1EB2
    { 16, 26, 265, 1, 26, 104, 2357 }, // U+1EB3
    { 20, 32, 262, -2, 32, 160, 2461 }, // U+1EB4
    { 16, 27, 265, 1, 27, 108, 2621 }, // U+1EB5
    { 19, 32, 262, -2, 27, 152, 2729 }, // U+1EB6
    { 16, 27, 265, 1, 22, 108, 2881 }, // U+1EB7
    { 16, 26, 240, 1, 21, 104, 2989 }, // U+1EB8
    { 13, 21, 233, 1, 16, 69, 3093 }, // U+1EB9
    { 16, 30, 240, 1, 30, 120, 3162 }, // U+1EBA
    { 13, 26, 233, 1, 26, 85, 3282 }, // U+1EBB
    { 16, 27, 240, 1, 27, 108, 3367 }, // U+1EBC
    { 15, 22, 233, 1, 22, 83, 3475 }, // U+1EBD
    { 19, 29, 240, 1, 29, 138, 3558 }, // U+1EBE
    { 18, 24, 233, 1, 24, 108, 3696 }, // U+1EBF
    { 16, 29, 240, 1, 29, 116, 3804 }, // U+1EC0
    { 13, 24, 233, 1, 24, 78, 3920 }, // U+1EC1
    { 18, 30, 240, 1, 30, 135, 3998 }, // U+1EC2
    { 16, 25, 233, 1, 25, 100, 4133 }, // U+1EC3
    { 17, 32, 240, 1, 32, 136, 4233 }, // U+1EC4
    { 15, 27, 233, 1, 27, 102, 4369 }, // U+1EC5
    { 16, 33, 240, 1, 28, 132, 4471 }, // U+1EC6
    { 13, 28, 233, 1, 23, 91, 4603 }, // U+1EC7
    { 13, 30, 151, -1, 30, 98, 4694 }, // U+1EC8
    { 10, 25, 120, 0, 25, 63, 4792 }, // U+1EC9
    { 13, 26, 151, -1, 21, 85, 4855 }, // U+1ECA
    { 9, 26, 120, -1, 21, 59, 4940 }, // U+1ECB
    { 19, 26, 337, 2, 21, 124, 4999 }, // U+1ECC
    { 15, 21, 263, 1, 16, 79, 5123 }, // U+1ECD
    { 19, 30, 337, 2, 30, 143, 5202 }, // U+1ECE
    { 15, 24, 263, 1, 24, 90, 5345 }, // U+1ECF
    { 21, 30, 337, 2, 30, 158, 5435 }, // U+1ED0
    { 18, 24, 263, 1, 24, 108, 5593 }, // U+1ED1
    { 19, 30, 337, 2, 30, 143, 5701 }, // U+1ED2
    { 15, 24, 263, 1, 24, 90, 5844 }, // U+1ED3
    { 20, 31, 337, 2, 31, 155, 5934 }, // U+1ED4
    { 17, 25, 263, 1, 25, 107, 6089 }, // U+1ED5
    { 19, 32, 337, 2, 32, 152, 6196 }, // U+1ED6
    { 16, 27, 263, 1, 27, 108, 6348 }, // U+1ED7
    { 19, 33, 337, 2, 28, 157, 6456 }, // U+1ED8
    { 15, 28, 263, 1, 23, 105, 6613 }, // U+1ED9
    { 23, 28, 336, 2, 28, 161, 6718 }, // U+1EDA
    { 19, 23, 265, 1, 23, 110, 6879 }, // U+1EDB
    { 23, 28, 336, 2, 28, 161, 6989 }, // U+1EDC
    { 19, 23, 265, 1, 23, 110, 7150 }, // U+1EDD
    { 23, 29, 336, 2, 29, 167, 7260 }, // U+1EDE
    { 19, 24, 265, 1, 24, 114, 7427 }, // U+1EDF
    { 23, 27, 336, 2, 27, 156, 7541 }, // U+1EE0
    { 19, 22, 265, 1, 22, 105, 7697 }, // U+1EE1
    { 23, 27, 336, 2, 22, 156, 7802 }, // U+1EE2
    { 19, 24, 265, 1, 19, 114, 7958 }, // U+1EE3
    { 19, 26, 316, 2, 21, 124, 8072 }, // U+1EE4
    { 16, 21, 270, 1, 16, 84, 8196 }, // U+1EE5
    { 19, 29, 316, 2, 29, 138, 8280 }, // U+1EE6
    { 16, 26, 270, 1, 26, 104, 8418 }, // U+1EE7
    { 24, 28, 339, 2, 28, 168, 8522 }, // U+1EE8
    { 21, 22, 292, 1, 22, 116, 8690 }, // U+1EE9
    { 24, 28, 339, 2, 28, 168, 8806 }, // U+1EEA
    { 21, 23, 292, 1, 23, 121, 8974 }, // U+1EEB
    { 24, 29, 339, 2, 29, 174, 9095 }, // U+1EEC
    { 21, 26, 292, 1, 26, 137, 9269 }, // U+1EED
    { 24, 27, 339, 2, 27, 162, 9406 }, // U+1EEE
    { 21, 22, 292, 1, 22, 116, 9568 }, // U+1EEF
    { 24, 27, 339, 2, 22, 162, 9684 }, // U+1EF0
    { 21, 24, 292, 1, 19, 126, 9846 }, // U+1EF1
    { 16, 28, 238, 2, 28, 112, 9972 }, // U+1EF2
    { 19, 30, 218, -3, 23, 143, 10084 }, // U+1EF3
    { 16, 26, 238, 2, 21, 104, 10227 }, // U+1EF4
    { 19, 23, 218, -3, 16, 110, 10331 }, // U+1EF5
    { 16, 30, 238, 2, 30, 120, 10441 }, // U+1EF6
    { 19, 32, 218, -3, 25, 152, 10561 }, // U+1EF7
    { 16, 27, 238, 2, 27, 108, 10713 }, // U+1EF8
    { 19, 29, 218, -3, 22, 138, 10821 }, // U+1EF9
    { 0, 0, 233, 0, 0, 0, 0 }, // U+2000
    { 0, 0, 467, 0, 0, 0, 0 }, // U+2001
    { 0, 0, 233, 0, 0, 0, 0 }, // U+2002
    { 0, 0, 467, 0, 0, 0, 0 }, // U+2003
    { 0, 0, 155, 0, 0, 0, 0 }, // U+2004
    { 0, 0, 117, 0, 0, 0, 0 }, // U+2005
    { 0, 0, 78, 0, 0, 0, 0 }, // U+2006
    { 0, 0, 257, 0, 0, 0, 0 }, // U+2007
    { 0, 0, 119, 0, 0, 0, 0 }, // U+2008
    { 0, 0, 77, 0, 0, 0, 0 }, // U+2009
    { 0, 0, 47, 0, 0, 0, 0 }, // U+200A
    { 0, 0, 0, 0, 0, 0, 0 }, // U+200B
    { 0, 0, 0, 0, 0, 0, 0 }, // U+200C
    { 0, 0, 0, 0, 0, 0, 0 }, // U+200D
    { 8, 25, 0, -1, 21, 50, 0 }, // U+200E
    { 8, 25, 0, -7, 21, 50, 50 }, // U+200F
    { 9, 3, 146, 0, 10, 7, 100 }, // U+2010
    { 9, 3, 146, 0, 10, 7, 107 }, // U+2011
    { 15, 3, 257, 1, 12, 12, 114 }, // U+2012
    { 14, 3, 224, 0, 10, 11, 126 }, // U+2013
    { 28, 3, 448, 0, 10, 21, 137 }, // U+2014
    { 28, 3, 448, 0, 10, 21, 158 }, // U+2015
    { 9, 29, 257, 4, 22, 66, 179 }, // U+2016
    { 13, 6, 184, -3, -1, 20, 245 }, // U+2017
    { 7, 7, 81, 1, 21, 13, 265 }, // U+2018
    { 7, 7, 81, 1, 21, 13, 278 }, // U+2019
    { 7, 7, 113, -2, 3, 13, 291 }, // U+201A
    { 4, 7, 81, 3, 21, 7, 304 }, // U+201B
    { 12, 7, 167, 1, 21, 21, 311 }, // U+201C
    { 12, 7, 167, 1, 21, 21, 332 }, // U+201D
    { 12, 7, 199, -2, 3, 21, 353 }, // U+201E
    { 9, 7, 167, 3, 21, 16, 374 }, // U+201F
    { 11, 22, 219, 3, 22, 61, 390 }, // U+2020
    { 15, 22, 219, 0, 22, 83, 451 }, // U+2021
    { 8, 7, 175, 2, 14, 14, 534 }, // U+2022
    { 10, 10, 172, 1, 16, 25, 548 }, // U+2023
    { 4, 4, 233, 4, 4, 4, 573 }, // U+2024
    { 12, 4, 237, 0, 4, 12, 577 }, // U+2025
    { 20, 4, 359, 0, 4, 20, 589 }, // U+2026
    { 5, 4, 119, 1, 10, 5, 609 }, // U+2027
    { 0, 0, 280, 0, 0, 0, 614 }, // U+2028
    { 0, 0, 280, 0, 0, 0, 614 }, // U+2029
    { 8, 22, 0, -1, 18, 44, 614 }, // U+202A
    { 8, 22, 0, -7, 18, 44, 658 }, // U+202B
    { 8, 24, 0, -4, 20, 48, 702 }, // U+202C
    { 8, 25, 0, -4, 20, 50, 750 }, // U+202D
    { 8, 25, 0, -4, 20, 50, 800 }, // U+202E
    { 0, 0, 77, 0, 0, 0, 850 }, // U+202F
    { 30, 21, 526, 2, 21, 158, 850 }, // U+2030
    { 40, 21, 678, 2, 21, 210, 1008 }, // U+2031
    { 8, 8, 103, 1, 21, 16, 1218 }, // U+2032
    { 13, 8, 182, 1, 21, 26, 1234 }, // U+2033
    { 18, 8, 260, 1, 21, 36, 1260 }, // U+2034
    { 5, 8, 126, 3, 21, 10, 1296 }, // U+2035
    { 10, 8, 198, 3, 21, 20, 1306 }, // U+2036
    { 14, 8, 270, 3, 21, 28, 1326 }, // U+2037
    { 11, 10, 186, -3, 3, 28, 1354 }, // U+2038
    { 8, 13, 134, 1, 14, 26, 1382 }, // U+2039
    { 8, 13, 134, 0, 14, 26, 1408 }, // U+203A
    { 22, 21, 391, 1, 21, 116, 1434 }, // U+203B
    { 15, 21, 231, 0, 21, 79, 1550 }, // U+203C
    { 12, 21, 201, 2, 21, 63, 1629 }, // U+203D
    { 13, 3, 183, 2, 25, 10, 1692 }, // U+203E
    { 16, 7, 253, -2, 0, 28, 1702 }, // U+203F
    { 16, 8, 253, 2, 25, 32, 1730 }, // U+2040
    { 14, 19, 159, -3, 12, 67, 1762 }, // U+2041
    { 31, 27, 522, 0, 23, 210, 1829 }, // U+2042
    { 8, 3, 133, 0, 10, 6, 2039 }, // U+2043
    { 18, 21, 61, -7, 21, 95, 2045 }, // U+2044
    { 12, 26, 135, -1, 21, 78, 2140 }, // U+2045
    { 12, 26, 135, -3, 21, 78, 2218 }, // U+2046
    { 24, 21, 401, 2, 21, 126, 2296 }, // U+2047
    { 19, 21, 323, 2, 21, 100, 2422 }, // U+2048
    { 21, 21, 323, 0, 21, 111, 2522 }, // U+2049
    { 15, 16, 243, 1, 16, 60, 2633 }, // U+204A
    { 15, 26, 280, 3, 22, 98, 2693 }, // U+204B
    { 16, 15, 298, 1, 16, 60, 2791 }, // U+204C
    { 16, 15, 298, 2, 16, 60, 2851 }, // U+204D
    { 15, 14, 257, -1, 8, 53, 2911 }, // U+204E
    { 7, 20, 119, 0, 16, 35, 2964 }, // U+204F
    { 20, 32, 253, -2, 25, 160, 2999 }, // U+2050
    { 17, 29, 257, 0, 23, 124, 3159 }, // U+2051
    { 11, 21, 174, 0, 21, 58, 3283 }, // U+2052
    { 26, 5, 467, 2, 11, 33, 3341 }, // U+2053
    { 16, 8, 253, -3, 1, 32, 3374 }, // U+2054
    { 16, 15, 267, 0, 15, 60, 3406 }, // U+2055
    { 13, 21, 241, 1, 21, 69, 3466 }, // U+2056
    { 23, 8, 338, 1, 21, 46, 3535 }, // U+2057
    { 22, 21, 384, 1, 21, 116, 3581 }, // U+2058
    { 22, 21, 387, 1, 21, 116, 3697 }, // U+2059
    { 4, 21, 103, 1, 21, 21, 3813 }, // U+205A
    { 17, 22, 305, 1, 22, 94, 3834 }, // U+205B
    { 22, 22, 372, 1, 22, 121, 3928 }, // U+205C
    { 4, 21, 125, 2, 21, 21, 4049 }, // U+205D
    { 5, 21, 125, 2, 21, 27, 4070 }, // U+205E
    { 0, 0, 104, 0, 0, 0, 4097 }, // U+205F
    { 0, 0, 280, 0, 0, 0, 4097 }, // U+2060
    { 0, 0, 280, 0, 0, 0, 4097 }, // U+2061
    { 0, 0, 280, 0, 0, 0, 4097 }, // U+2062
    { 0, 0, 280, 0, 0, 0, 4097 }, // U+2063
    { 0, 0, 280, 0, 0, 0, 4097 }, // U+2064
    { 0, 0, 280, 0, 0, 0, 4097 }, // U+2066
    { 0, 0, 280, 0, 0, 0, 4097 }, // U+2067
    { 0, 0, 280, 0, 0, 0, 4097 }, // U+2068
    { 0, 0, 280, 0, 0, 0, 4097 }, // U+2069
    { 8, 25, 0, -4, 20, 50, 4097 }, // U+206A
    { 8, 25, 0, -4, 20, 50, 4147 }, // U+206B
    { 8, 24, 0, -4, 20, 48, 4197 }, // U+206C
    { 8, 25, 0, -4, 21, 50, 4245 }, // U+206D
    { 8, 25, 0, -4, 21, 50, 4295 }, // U+206E
    { 8, 25, 0, -4, 20, 50, 4345 }, // U+206F
    { 10, 14, 165, 2, 26, 35, 0 }, // U+2070
    { 5, 14, 104, 2, 22, 18, 35 }, // U+2071
    { 10, 13, 165, 2, 25, 33, 53 }, // U+2074
    { 10, 13, 165, 2, 25, 33, 86 }, // U+2075
    { 10, 14, 165, 3, 26, 35, 119 }, // U+2076
    { 10, 13, 165, 3, 25, 33, 154 }, // U+2077
    { 10, 14, 165, 2, 26, 35, 187 }, // U+2078
    { 10, 14, 165, 2, 26, 35, 222 }, // U+2079
    { 8, 8, 158, 3, 22, 16, 257 }, // U+207A
    { 8, 3, 158, 3, 19, 6, 273 }, // U+207B
    { 8, 6, 158, 3, 21, 12, 279 }, // U+207C
    { 7, 16, 87, 3, 27, 28, 291 }, // U+207D
    { 7, 16, 87, 0, 27, 28, 319 }, // U+207E
    { 10, 10, 175, 2, 18, 25, 347 }, // U+207F
    { 10, 13, 165, -1, 9, 33, 372 }, // U+2080
    { 7, 13, 165, 0, 9, 23, 405 }, // U+2081
    { 11, 13, 165, -2, 9, 36, 428 }, // U+2082
    { 11, 13, 165, -2, 9, 36, 464 }, // U+2083
    { 10, 13, 165, -1, 9, 33, 500 }, // U+2084
    { 10, 13, 165, -1, 9, 33, 533 }, // U+2085
    { 10, 13, 165, -1, 9, 33, 566 }, // U+2086
    { 11, 13, 165, -1, 9, 36, 599 }, // U+2087
    { 10, 13, 165, -1, 9, 33, 635 }, // U+2088
    { 10, 13, 165, -1, 9, 33, 668 }, // U+2089
    { 9, 8, 158, -1, 7, 18, 701 }, // U+208A
    { 9, 3, 158, -1, 4, 7, 719 }, // U+208B
    { 9, 6, 158, -1, 5, 14, 726 }, // U+208C
    { 7, 16, 87, 0, 11, 28, 740 }, // U+208D
    { 8, 16, 87, -4, 11, 32, 768 }, // U+208E
    { 10, 10, 172, -1, 7, 25, 800 }, // U+2090
    { 9, 10, 151, -1, 7, 23, 825 }, // U+2091
    { 10, 10, 171, -1, 7, 25, 848 }, // U+2092
    { 12, 10, 147, -3, 7, 30, 873 }, // U+2093
    { 9, 10, 151, -2, 7, 23, 903 }, // U+2094
    { 10, 14, 204, 0, 11, 35, 926 }, // U+2095
    { 10, 14, 163, 0, 11, 35, 961 }, // U+2096
    { 5, 14, 110, 0, 11, 18, 996 }, // U+2097
    { 16, 10, 294, 0, 7, 40, 1014 }, // U+2098
    { 11, 10, 175, -2, 7, 28, 1054 }, // U+2099
    { 11, 14, 175, -2, 7, 39, 1082 }, // U+209A
    { 8, 10, 144, -1, 7, 20, 1121 }, // U+209B
    { 7, 12, 101, -1, 9, 21, 1141 }, // U+209C
    { 15, 21, 257, 2, 21, 79, 0 }, // U+20A0
    { 17, 24, 257, 1, 22, 102, 79 }, // U+20A1
    { 16, 21, 257, 1, 21, 84, 181 }, // U+20A2
    { 17, 21, 257, 0, 21, 90, 265 }, // U+20A3
    { 18, 21, 257, -1, 21, 95, 355 }, // U+20A4
    { 24, 23, 408, 0, 20, 138, 450 }, // U+20A5
    { 17, 21, 257, 0, 21, 90, 588 }, // U+20A6
    { 21, 21, 344, 0, 21, 111, 678 }, // U+20A7
    { 24, 21, 375, 0, 21, 126, 789 }, // U+20A8
    { 21, 21, 289, 0, 21, 111, 915 }, // U+20A9
    { 24, 21, 373, 0, 21, 126, 1026 }, // U+20AA
    { 19, 27, 270, 0, 22, 129, 1152 }, // U+20AB
    { 18, 21, 257, 0, 21, 95, 1281 }, // U+20AC
    { 19, 21, 262, 0, 21, 100, 1376 }, // U+20AD
    { 17, 21, 234, 1, 21, 90, 1476 }, // U+20AE
    { 28, 28, 453, 0, 21, 196, 1566 }, // U+20AF
    { 19, 28, 257, -2, 21, 133, 1762 }, // U+20B0
    { 17, 21, 257, 1, 21, 90, 1895 }, // U+20B1
    { 18, 24, 316, 2, 22, 108, 1985 }, // U+20B2
    { 20, 21, 262, -2, 21, 105, 2093 }, // U+20B3
    { 18, 21, 236, -1, 21, 95, 2198 }, // U+20B4
    { 17, 24, 274, 2, 22, 102, 2293 }, // U+20B5
    { 18, 20, 266, 0, 20, 90, 2395 }, // U+20B6
    { 21, 23, 307, -1, 21, 121, 2485 }, // U+20B7
    { 16, 21, 230, 1, 21, 84, 2606 }, // U+20B8
    { 15, 21, 257, 2, 21, 79, 2690 }, // U+20B9
    { 16, 21, 257, 0, 21, 84, 2769 }, // U+20BA
    { 19, 21, 313, 1, 21, 100, 2853 }, // U+20BB
    { 22, 21, 346, -1, 21, 116, 2953 }, // U+20BC
    { 19, 21, 272, -1, 21, 100, 3069 }, // U+20BD
    { 20, 24, 274, -1, 24, 120, 3169 }, // U+20BE
    { 16, 27, 257, 1, 24, 108, 3289 }, // U+20BF
    { 9, 3, 146, 0, 9, 7, 0 }, // U+2212
    { 27, 30, 298, -4, 23, 203, 0 }, // U+FB00
    { 22, 30, 269, -4, 23, 165, 203 }, // U+FB01
    { 22, 30, 269, -4, 23, 165, 368 }, // U+FB02
    { 31, 30, 418, -4, 23, 233, 533 }, // U+FB03
    { 31, 30, 418, -4, 23, 233, 766 }, // U+FB04
    { 23, 30, 287, -4, 23, 173, 999 }, // U+FB05
    { 24, 23, 357, 0, 23, 138, 1172 }, // U+FB06
    { 27, 27, 467, 1, 22, 183, 0 }, // U+FFFD
};

static const EpdUnicodeInterval notosans_14_italicIntervals[] = {
    { 0x0, 0x0, 0x0 },
    { 0xD, 0xD, 0x1 },
    { 0x20, 0x7E, 0x2 },
    { 0xA0, 0x17F, 0x61 },
    { 0x1A0, 0x1A1, 0x141 },
    { 0x1AF, 0x1B0, 0x143 },
    { 0x1C4, 0x21F, 0x145 },
    { 0x300, 0x36F, 0x1A1 },
    { 0x400, 0x4FF, 0x211 },
    { 0x1EA0, 0x1EF9, 0x311 },
    { 0x2000, 0x2064, 0x36B },
    { 0x2066, 0x2071, 0x3D0 },
    { 0x2074, 0x208E, 0x3DC },
    { 0x2090, 0x209C, 0x3F7 },
    { 0x20A0, 0x20BF, 0x404 },
    { 0x2212, 0x2212, 0x424 },
    { 0xFB00, 0xFB06, 0x425 },
    { 0xFFFD, 0xFFFD, 0x42C },
};

static const EpdFontGroup notosans_14_italicGroups[] = {
    { 0, 3404, 7471, 97, 0 },
    { 3404, 2864, 8865, 96, 97 },
    { 6268, 3648, 14000, 128, 193 },
    { 9916, 3660, 12109, 96, 321 },
    { 13576, 1163, 1891, 112, 417 },
    { 14739, 9550, 27659, 256, 529 },
    { 24289, 2109, 11630, 90, 785 },
    { 26398, 1895, 4674, 111, 875 },
    { 28293, 826, 1351, 42, 986 },
    { 29119, 1914, 3640, 32, 1028 },
    { 31033, 9, 9, 1, 1060 },
    { 31042, 483, 1368, 7, 1061 },
    { 31525, 121, 189, 1, 1068 },
};

static const uint16_t notosans_14_italicKernLeftCodepoints[] = {
    0x0020, 0x0022, 0x0026, 0x0027, 0x0028, 0x002C, 0x002D, 0x002E, 0x0041, 0x0042, 0x0043, 0x0044,
    0x0045, 0x0046, 0x004B, 0x004C, 0x004F, 0x0050, 0x0051, 0x0052, 0x0054, 0x0055, 0x0056, 0x0057,
    0x0058, 0x0059, 0x005A, 0x005B, 0x005F, 0x0061, 0x0062, 0x0063, 0x0065, 0x0066, 0x006B, 0x006F,
    0x0070, 0x0072, 0x0074, 0x0076, 0x0077, 0x0078, 0x0079, 0x007B, 0x00A1, 0x00AB, 0x00BB, 0x00BF,
    0x00C0, 0x00C1, 0x00C2, 0x00C3, 0x00C4, 0x00C5, 0x00C6, 0x00C7, 0x00C8, 0x00C9, 0x00CA, 0x00CB,
    0x00D0, 0x00D2, 0x00D3, 0x00D4, 0x00D5, 0x00D6, 0x00D8, 0x00D9, 0x00DA, 0x00DB, 0x00DC, 0x00DD,
    0x00DE, 0x00E0, 0x00E1, 0x00E2, 0x00E3, 0x00E4, 0x00E5, 0x00E6, 0x00E8, 0x00E9, 0x00EA, 0x00EB,
    0x00EF, 0x00F0, 0x00F2, 0x00F3, 0x00F4, 0x00F5, 0x00F6, 0x00F8, 0x00FD, 0x00FE, 0x00FF, 0x0100,
    0x0101, 0x0102, 0x0103, 0x0104, 0x0105, 0x0106, 0x0108, 0x010A, 0x010C, 0x010E, 0x010F, 0x0110,
    0x0112, 0x0113, 0x0114, 0x0115, 0x0116, 0x0117, 0x0118, 0x0119, 0x011A, 0x011B, 0x0129, 0x012B,
    0x012E, 0x0136, 0x0137, 0x0138, 0x0139, 0x013B, 0x013D, 0x013E, 0x013F, 0x0141, 0x014C, 0x014D,
    0x014E, 0x014F, 0x0150, 0x0151, 0x0152, 0x0153, 0x0155, 0x0157, 0x0159, 0x0162, 0x0163, 0x0164,
    0x0165, 0x0166, 0x0167, 0x0168, 0x016A, 0x016C, 0x016E, 0x0170, 0x0172, 0x0174, 0x0175, 0x0176,
    0x0177, 0x0178, 0x0179, 0x017B, 0x017D, 0x01A0, 0x01A1, 0x01AF, 0x01B0, 0x01D0, 0x01FA, 0x01FB,
    0x01FC, 0x01FD, 0x01FE, 0x01FF, 0x020B, 0x021A, 0x021B, 0x0402, 0x0403, 0x0404, 0x0405, 0x0408,
    0x0409, 0x040A, 0x040B, 0x040C, 0x040E, 0x0410, 0x0411, 0x0412, 0x0413, 0x0414, 0x0416, 0x0417,
    0x041A, 0x041E, 0x0420, 0x0421, 0x0422, 0x0423, 0x0424, 0x0425, 0x0426, 0x0429, 0x042A, 0x042C,
    0x042D, 0x042E, 0x0430, 0x0431, 0x0432, 0x0433, 0x0434, 0x0435, 0x0436, 0x0437, 0x0438, 0x0439,
    0x043A, 0x043B, 0x043C, 0x043D, 0x043E, 0x043F, 0x0440, 0x0441, 0x0442, 0x0443, 0x0444, 0x0445,
    0x0446, 0x0447, 0x0448, 0x0449, 0x044A, 0x044B, 0x044C, 0x044D, 0x044E, 0x044F, 0x0450, 0x0451,
    0x0452, 0x0453, 0x0454, 0x0455, 0x0457, 0x0458, 0x0459, 0x045A, 0x045B, 0x045C, 0x045D, 0x045E,
    0x045F, 0x0460, 0x0461, 0x0462, 0x0463, 0x0464, 0x0466, 0x0467, 0x0468, 0x0469, 0x046E, 0x046F,
    0x0472, 0x0473, 0x0474, 0x0475, 0x0476, 0x0477, 0x0478, 0x0479, 0x047A, 0x047B, 0x047C, 0x047D,
    0x047E, 0x047F, 0x0480, 0x048A, 0x048B, 0x048C, 0x048D, 0x048E, 0x048F, 0x0490, 0x0491, 0x0492,
    0x0493, 0x0495, 0x0496, 0x0497, 0x0498, 0x0499, 0x049A, 0x049B, 0x049C, 0x049D, 0x049E, 0x049F,
    0x04A0, 0x04A1, 0x04A2, 0x04A3, 0x04A4, 0x04A5, 0x04A7, 0x04A9, 0x04AA, 0x04AC, 0x04AD, 0x04AE,
    0x04AF, 0x04B0, 0x04B1, 0x04B2, 0x04B3, 0x04B4, 0x04B5, 0x04B6, 0x04B7, 0x04BB, 0x04BC, 0x04BD,
    0x04BE, 0x04BF, 0x04C1, 0x04C2, 0x04C4, 0x04C5, 0x04C6, 0x04C9, 0x04CA, 0x04CD, 0x04CE, 0x04D0,
    0x04D1, 0x04D2, 0x04D3, 0x04D5, 0x04D7, 0x04D8, 0x04D9, 0x04DA, 0x04DB, 0x04DC, 0x04DD, 0x04DE,
    0x04DF, 0x04E6, 0x04E7, 0x04E8, 0x04E9, 0x04EA, 0x04EB, 0x04EC, 0x04ED, 0x04EE, 0x04EF, 0x04F0,
    0x04F1, 0x04F2, 0x04F3, 0x04F5, 0x04F6, 0x04F7, 0x04F9, 0x04FA, 0x04FB, 0x04FC, 0x04FD, 0x04FE,
    0x04FF, 0x1EA0, 0x1EA1, 0x1EA2, 0x1EA3, 0x1EA4, 0x1EA5, 0x1EA6, 0x1EA7, 0x1EA8, 0x1EA9, 0x1EAA,
    0x1EAB, 0x1EAC, 0x1EAD, 0x1EAE, 0x1EAF, 0x1EB0, 0x1EB1, 0x1EB2, 0x1EB3, 0x1EB4, 0x1EB5, 0x1EB6,
    0x1EB7, 0x1EB8, 0x1EB9, 0x1EBA, 0x1EBB, 0x1EBC, 0x1EBD, 0x1EBE, 0x1EBF, 0x1EC0, 0x1EC1, 0x1EC2,
    0x1EC3, 0x1EC4, 0x1EC5, 0x1EC6, 0x1EC7, 0x1ECC, 0x1ECD, 0x1ECE, 0x1ECF, 0x1ED0, 0x1ED1, 0x1ED2,
    0x1ED3, 0x1ED4, 0x1ED5, 0x1ED6, 0x1ED7, 0x1ED8, 0x1ED9, 0x1EDA, 0x1EDB, 0x1EDC, 0x1EDD, 0x1EDE,
    0x1EDF, 0x1EE0, 0x1EE1, 0x1EE2, 0x1EE3, 0x1EE4, 0x1EE6, 0x1EE8, 0x1EE9, 0x1EEA, 0x1EEB, 0x1EEC,
    0x1EED, 0x1EEE, 0x1EEF, 0x1EF0, 0x1EF1, 0x1EF2, 0x1EF3, 0x1EF4, 0x1EF5, 0x1EF6, 0x1EF7, 0x1EF8,
    0x1EF9, 0x2013, 0x2014, 0x2015, 0x2018, 0x2019, 0x201A, 0x201C, 0x201D, 0x201E, 0x2039, 0x203A,
    0x207D, 0x208D, 0xFB00,
};

static const uint8_t notosans_14_italicKernLeftClassIds[] = {
      1,   2,   3,   2,   4,   5,   6,   5,   7,   8,   9,  10,  11,  12,  13,  14,
     10,  15,  10,  16,  17,  18,  19,  19,  13,  20,  21,   4,  22,  23,  24,  25,
     24,  26,  27,  24,  24,  28,  29,  30,  30,  27,  30,   4,  31,  32,  33,  34,
      7,   7,   7,   7,   7,   7,  11,   9,  11,  11,  11,  11,  10,  10,  10,  10,
     10,  10,  10,  18,  18,  18,  18,  20,  15,  23,  23,  23,  23,  23,  23,  24,
     24,  24,  24,  24,  35,  24,  24,  24,  24,  24,  24,  24,  30,  24,  30,   7,
     23,   7,  23,   7,  23,   9,   9,   9,   9,  10,  36,  10,  11,  24,  11,  24,
     11,  24,  11,  24,  11,  24,  37,  35,  38,  13,  27,  27,  14,  14,  14,  36,
     14,  14,  10,  24,  10,  24,  10,  24,  11,  24,  28,  28,  28,  17,  29,  17,
     39,  17,  29,  18,  18,  18,  18,  18,  18,  19,  30,  20,  30,  20,  21,  21,
     21,  40,  41,  42,  43,  35,   7,  23,  11,  24,  10,  24,  35,  17,  29,  44,
     45,  46,  47,  48,  44,  44,  49,  50,  51,  52,  53,  54,  45,  55,  50,  54,
     50,  56,  57,  46,  45,  51,  58,  50,  55,  55,  44,  44,  56,  56,  59,  60,
     61,  62,  63,  62,  64,  61,  59,  59,  65,  59,  59,  59,  66,  67,  66,  64,
     67,  68,  66,  65,  69,  59,  59,  69,  70,  59,  70,  66,  66,  59,  62,  62,
     71,  62,  64,  72,  73,  74,  70,  70,  67,  65,  59,  75,  59,  51,  76,  77,
     70,  46,  52,  78,  52,  78,  54,  61,  56,  66,  51,  76,  51,  76,  68,  68,
     56,  66,  56,  66,  51,  76,  46,  55,  63,  77,  70,  57,  66,  79,  80,  81,
     82,  83,  84,  85,  54,  61,  84,  85,  50,  64,  50,  64,  50,  64,  55,  63,
     81,  80,  83,  66,  46,  79,  63,  86,  87,  86,  87,  84,  85,  55,  63,  55,
     63,  83,  88,  62,  88,  62,  50,  64,  64,  55,  63,  55,  63,  55,  63,  52,
     23,  52,  23,  62,  62,  56,  66,  56,  66,  50,  64,  54,  61,  56,  66,  56,
     66,  56,  66,  56,  66,  51,  68,  51,  68,  51,  68,  59,  79,  80,  59,  81,
     82,  84,  85,  50,  85,   7,  23,   7,  23,   7,  23,   7,  23,   7,  23,   7,
     23,   7,  23,   7,  23,   7,  23,   7,  23,   7,  23,   7,  23,  11,  24,  11,
     24,  11,  24,  11,  24,  11,  24,  11,  24,  11,  24,  11,  24,  10,  24,  10,
     24,  10,  24,  10,  24,  10,  24,  10,  24,  10,  24,  40,  41,  40,  41,  40,
     41,  40,  41,  40,  41,  18,  18,  42,  43,  42,  43,  42,  43,  42,  43,  42,
     43,  20,  30,  20,  30,  20,  30,  20,  30,   6,   6,   6,   2,   2,   5,   2,
      2,   5,  32,  33,  89,  90,  26,
};

static const uint16_t notosans_14_italicKernRightCodepoints[] = {
    0x0021, 0x0022, 0x0026, 0x0027, 0x0029, 0x002C, 0x002D, 0x002E, 0x003A, 0x003B, 0x003F, 0x0041,
    0x0043, 0x0047, 0x0049, 0x004A, 0x004F, 0x0051, 0x0053, 0x0054, 0x0055, 0x0056, 0x0057, 0x0058,
    0x0059, 0x005A, 0x005D, 0x0061, 0x0063, 0x0064, 0x0065, 0x0066, 0x0067, 0x006A, 0x006D, 0x006E,
    0x006F, 0x0070, 0x0071, 0x0072, 0x0073, 0x0074, 0x0075, 0x0076, 0x0077, 0x0079, 0x007A, 0x007D,
    0x00AB, 0x00BB, 0x00C0, 0x00C1, 0x00C2, 0x00C3, 0x00C4, 0x00C5, 0x00C6, 0x00C7, 0x00D2, 0x00D3,
    0x00D4, 0x00D5, 0x00D6, 0x00D8, 0x00D9, 0x00DA, 0x00DB, 0x00DC, 0x00DD, 0x00DF, 0x00E0, 0x00E1,
    0x00E2, 0x00E3, 0x00E4, 0x00E5, 0x00E6, 0x00E7, 0x00E8, 0x00E9, 0x00EA, 0x00EB, 0x00F1, 0x00F2,
    0x00F3, 0x00F4, 0x00F5, 0x00F6, 0x00F8, 0x00F9, 0x00FA, 0x00FB, 0x00FC, 0x00FD, 0x00FF, 0x0100,
    0x0101, 0x0102, 0x0103, 0x0104, 0x0105, 0x0106, 0x0107, 0x0108, 0x0109, 0x010A, 0x010B, 0x010C,
    0x010D, 0x010F, 0x0111, 0x0113, 0x0115, 0x0117, 0x0119, 0x011B, 0x011C, 0x011D, 0x011E, 0x011F,
    0x0120, 0x0121, 0x0122, 0x0123, 0x0127, 0x0129, 0x0135, 0x0138, 0x0144, 0x0146, 0x0148, 0x014B,
    0x014C, 0x014D, 0x014E, 0x014F, 0x0150, 0x0151, 0x0152, 0x0153, 0x0155, 0x0157, 0x015B, 0x015D,
    0x015F, 0x0161, 0x0162, 0x0163, 0x0164, 0x0165, 0x0166, 0x0167, 0x0168, 0x0169, 0x016A, 0x016B,
    0x016C, 0x016D, 0x016E, 0x016F, 0x0170, 0x0171, 0x0172, 0x0173, 0x0174, 0x0175, 0x0176, 0x0177,
    0x0178, 0x0179, 0x017A, 0x017B, 0x017C, 0x017D, 0x017E, 0x01A0, 0x01A1, 0x01AF, 0x01B0, 0x01FA,
    0x01FB, 0x01FC, 0x01FD, 0x01FE, 0x01FF, 0x0219, 0x021A, 0x021B, 0x0402, 0x0404, 0x0405, 0x0408,
    0x0409, 0x040B, 0x040E, 0x0410, 0x0414, 0x0416, 0x0417, 0x041B, 0x041E, 0x0421, 0x0422, 0x0423,
    0x0424, 0x0425, 0x0427, 0x042A, 0x042D, 0x042F, 0x0430, 0x0431, 0x0432, 0x0433, 0x0434, 0x0435,
    0x0436, 0x0437, 0x0438, 0x0439, 0x043A, 0x043B, 0x043C, 0x043D, 0x043E, 0x043F, 0x0440, 0x0441,
    0x0442, 0x0443, 0x0444, 0x0445, 0x0446, 0x0447, 0x0448, 0x0449, 0x044A, 0x044B, 0x044C, 0x044D,
    0x044E, 0x044F, 0x0450, 0x0451, 0x0452, 0x0453, 0x0454, 0x0455, 0x0457, 0x0458, 0x0459, 0x045A,
    0x045B, 0x045C, 0x045D, 0x045E, 0x045F, 0x0460, 0x0461, 0x0462, 0x0465, 0x0466, 0x0467, 0x0469,
    0x046D, 0x046E, 0x046F, 0x0470, 0x0471, 0x0472, 0x0473, 0x0474, 0x0475, 0x0476, 0x0477, 0x0478,
    0x0479, 0x047A, 0x047B, 0x047C, 0x047D, 0x047E, 0x047F, 0x0480, 0x0481, 0x048B, 0x048C, 0x048D,
    0x048F, 0x0491, 0x0492, 0x0495, 0x0496, 0x0497, 0x0498, 0x0499, 0x049B, 0x049D, 0x049E, 0x049F,
    0x04A0, 0x04A1, 0x04A3, 0x04A5, 0x04A7, 0x04A8, 0x04A9, 0x04AA, 0x04AB, 0x04AC, 0x04AD, 0x04AE,
    0x04AF, 0x04B0, 0x04B1, 0x04B2, 0x04B3, 0x04B4, 0x04B5, 0x04B6, 0x04B7, 0x04B8, 0x04B9, 0x04BB,
    0x04BC, 0x04BD, 0x04BE, 0x04BF, 0x04C1, 0x04C2, 0x04C4, 0x04C5, 0x04C6, 0x04C8, 0x04CA, 0x04CB,
    0x04CC, 0x04CE, 0x04D0, 0x04D1, 0x04D2, 0x04D3, 0x04D4, 0x04D5, 0x04D7, 0x04D8, 0x04D9, 0x04DA,
    0x04DB, 0x04DC, 0x04DD, 0x04DE, 0x04DF, 0x04E3, 0x04E5, 0x04E6, 0x04E7, 0x04E8, 0x04E9, 0x04EA,
    0x04EB, 0x04EC, 0x04ED, 0x04EE, 0x04EF, 0x04F0, 0x04F1, 0x04F2, 0x04F3, 0x04F4, 0x04F5, 0x04F7,
    0x04F9, 0x04FA, 0x04FC, 0x04FD, 0x04FE, 0x04FF, 0x1EA0, 0x1EA1, 0x1EA2, 0x1EA3, 0x1EA4, 0x1EA5,
    0x1EA6, 0x1EA7, 0x1EA8, 0x1EA9, 0x1EAA, 0x1EAB, 0x1EAC, 0x1EAD, 0x1EAE, 0x1EAF, 0x1EB0, 0x1EB1,
    0x1EB2, 0x1EB3, 0x1EB4, 0x1EB5, 0x1EB6, 0x1EB7, 0x1EB9, 0x1EBB, 0x1EBD, 0x1EBF, 0x1EC1, 0x1EC3,
    0x1EC5, 0x1EC7, 0x1ECC, 0x1ECD, 0x1ECE, 0x1ECF, 0x1ED0, 0x1ED1, 0x1ED2, 0x1ED3, 0x1ED4, 0x1ED5,
    0x1ED6, 0x1ED7, 0x1ED8, 0x1ED9, 0x1EDA, 0x1EDB, 0x1EDC, 0x1EDD, 0x1EDE, 0x1EDF, 0x1EE0, 0x1EE1,
    0x1EE2, 0x1EE3, 0x1EE4, 0x1EE5, 0x1EE6, 0x1EE7, 0x1EE8, 0x1EE9, 0x1EEA, 0x1EEB, 0x1EEC, 0x1EED,
    0x1EEE, 0x1EEF, 0x1EF0, 0x1EF1, 0x1EF2, 0x1EF3, 0x1EF4, 0x1EF5, 0x1EF6, 0x1EF7, 0x1EF8, 0x1EF9,
    0x2013, 0x2014, 0x2015, 0x2018, 0x2019, 0x201A, 0x201C, 0x201D, 0x201E, 0x2026, 0x2039, 0x203A,
    0x207E, 0x208E, 0xFB00,
};

static const uint8_t notosans_14_italicKernRightClassIds[] = {
      1,   2,   3,   2,   4,   5,   6,   5,   7,   7,   8,   9,  10,  10,  11,  12,
     10,  10,  13,  14,  15,  16,  16,  17,  18,  19,   4,  20,  21,  21,  21,  22,
     23,  24,  25,  25,  21,  25,  21,  25,  26,  27,  25,  28,  28,  28,  29,   4,
     30,  31,   9,   9,   9,   9,   9,   9,  32,  10,  10,  10,  10,  10,  10,  10,
     15,  15,  15,  15,  18,  24,  21,  20,  20,  20,  20,  20,  20,  21,  21,  21,
     21,  21,  25,  21,  21,  21,  21,  21,  21,  25,  25,  25,  25,  28,  28,   9,
     20,   9,  20,   9,  20,  10,  21,  10,  21,  10,  21,  10,  21,  21,  21,  21,
     21,  21,  21,  21,  10,  23,  10,  23,  10,  23,  10,  23,  33,  34,  24,  25,
     25,  25,  25,  25,  10,  21,  10,  21,  10,  21,  10,  21,  25,  25,  26,  26,
     26,  26,  14,  27,  14,  27,  14,  27,  15,  25,  15,  25,  15,  25,  15,  25,
     15,  25,  15,  25,  16,  28,  18,  28,  18,  19,  29,  19,  29,  19,  29,  10,
     21,  15,  25,   9,  20,  32,  20,  10,  21,  26,  14,  27,  35,  36,  37,  38,
     39,  35,  40,  41,  42,  43,  44,  39,  36,  36,  35,  40,  45,  43,  46,  35,
     44,  47,  48,  49,  48,  50,  51,  48,  52,  50,  53,  53,  54,  55,  54,  54,
     48,  54,  54,  48,  54,  56,  48,  57,  53,  58,  53,  53,  59,  53,  53,  52,
     54,  60,  48,  48,  61,  50,  48,  62,  63,  64,  55,  54,  61,  54,  53,  65,
     53,  66,  67,  68,  69,  41,  70,  69,  69,  44,  50,  46,  69,  71,  72,  66,
     67,  66,  67,  71,  72,  71,  72,  71,  72,  66,  67,  71,  72,  69,  68,  61,
     69,  69,  68,  69,  43,  50,  44,  50,  69,  69,  68,  61,  73,  59,  69,  69,
     69,  71,  72,  71,  72,  35,  69,  74,  75,  74,  75,  43,  52,  73,  59,  46,
     58,  46,  58,  69,  76,  77,  76,  77,  43,  52,  69,  78,  70,  69,  69,  46,
     58,  69,  41,  79,  41,  79,  41,  79,  72,  80,  50,  80,  50,  43,  52,  44,
     50,  69,  69,  71,  72,  71,  72,  71,  72,  44,  52,  40,  56,  40,  56,  40,
     56,  46,  58,  69,  53,  68,  43,  52,  43,  52,   9,  20,   9,  20,   9,  20,
      9,  20,   9,  20,   9,  20,   9,  20,   9,  20,   9,  20,   9,  20,   9,  20,
      9,  20,  21,  21,  21,  21,  21,  21,  21,  21,  10,  21,  10,  21,  10,  21,
     10,  21,  10,  21,  10,  21,  10,  21,  10,  21,  10,  21,  10,  21,  10,  21,
     10,  21,  15,  25,  15,  25,  15,  25,  15,  25,  15,  25,  15,  25,  15,  25,
     18,  28,  18,  28,  18,  28,  18,  28,   6,   6,   6,  81,   2,   5,  81,   2,
      5,   5,  30,  31,  82,  83,  22,
};

static const uint16_t notosans_14_italicKernRowOffsets[] = {
        0,     2,    32,    35,    50,    65,    78,    84,    85,    88,    96,    97,   100,   102,   109,   115,
      116,   132,   134,   146,   160,   163,   164,   165,   168,   169,   171,   172,   177,   179,   182,   185,
      192,   200,   204,   205,   211,   213,   214,   217,   224,   230,   244,   252,   268,   297,   307,   312,
      314,   321,   340,   369,   393,   407,   421,   437,   450,   466,   485,   486,   502,   511,   519,   524,
      532,   542,   558,   567,   579,   597,   614,   623,   628,   636,   638,   650,   652,   659,   671,   695,
      699,   717,   721,   729,   736,   738,   753,   755,   758,   759,   760,
};

static const uint8_t notosans_14_italicKernSparseCols[] = {
     70,  71,   8,  13,  15,  17,  19,  20,  22,  24,  25,  33,  34,  36,  38,  39,
     40,  41,  42,  43,  45,  49,  54,  55,  60,  62,  64,  68,  69,  71,  77,  78,
     13,  15,  17,  11,  21,  23,  34,  37,  38,  41,  42,  43,  44,  55,  60,  62,
     63,  64,   9,  13,  14,  15,  17,  34,  44,  45,  57,  58,  65,  70,  72,  73,
     75,  13,  34,  39,  41,  42,  45,  54,  55,  56,  57,  58,  64,  72,   1,   9,
     11,  13,  15,  17,   4,   2,   9,  29,   4,   8,  13,  15,  16,  17,  18,  36,
     11,   4,   7,   8,   9,  29,   1,   9,  13,  14,  15,  17,  29,   2,   4,   8,
     16,  18,  29,  29,   2,   4,   5,   7,   8,   9,  13,  19,  20,  22,  24,  25,
     27,  28,  29,  30,   4,   8,   2,   4,   7,   8,   9,  19,  20,  22,  24,  25,
     29,  30,   2,   4,   7,   8,   9,  19,  20,  22,  24,  25,  28,  29,  30,  31,
      2,   9,  29,  11,   1,   1,  27,  28,   1,   1,   3,  20,   1,   4,  19,  20,
     22,   1,   3,   1,   4,   7,  11,  13,  17,  13,  15,  17,  34,  39,  45,  72,
     13,  15,  17,  34,  39,  42,  45,  72,  11,  13,  15,  17,   3,   0,   1,   3,
      7,  32,  80,   3,  33,  11,   1,   3,   7,   7,  12,  13,  15,  16,  17,  20,
      1,  21,  25,  26,  27,  80,   1,   4,   7,   8,  10,  12,  13,  15,  16,  17,
     19,  20,  24,  80,   1,   4,   7,  21,  25,  26,  27,  80,   1,   3,   4,  34,
     35,  39,  42,  44,  45,  46,  51,  55,  57,  58,  64,  80,   3,   4,   5,   6,
     30,  34,  35,  38,  40,  41,  43,  44,  46,  47,  49,  50,  51,  52,  53,  54,
     55,  56,  57,  58,  59,  60,  61,  62,  64,  29,  35,  37,  44,  45,  47,  50,
     57,  70,  75,   4,  44,  45,  57,  80,  37,  63,   1,  34,  39,  45,  57,  58,
     80,   3,   4,   5,  29,  35,  37,  41,  44,  45,  47,  50,  52,  55,  57,  58,
     62,  64,  70,  75,   4,   5,   6,  29,  30,  35,  38,  40,  41,  44,  46,  47,
     48,  49,  50,  52,  53,  54,  57,  59,  60,  61,  62,  69,  70,  71,  75,  76,
     77,   1,  34,  35,  37,  38,  39,  44,  45,  47,  48,  50,  52,  54,  55,  57,
     58,  64,  65,  67,  72,  73,  75,  79,  80,   1,  35,  40,  42,  44,  45,  51,
     55,  56,  57,  58,  64,  75,  80,   4,  34,  36,  39,  40,  42,  43,  44,  45,
     46,  51,  57,  65,  73,   3,  34,  35,  37,  38,  40,  41,  42,  44,  45,  54,
     55,  57,  58,  63,  64,   4,  34,  39,  40,  42,  43,  45,  46,  57,  65,  69,
     72,  73,   4,   5,  29,  34,  38,  39,  40,  41,  42,  43,  46,  47,  50,  54,
     69,  77,   3,   4,   6,  34,  36,  38,  39,  40,  41,  42,  43,  45,  46,  54,
     65,  69,  72,  73,  77,  34,   1,   4,  34,  39,  42,  45,  49,  51,  55,  56,
     57,  58,  59,  61,  64,  80,   4,  34,  45,  49,  51,  55,  57,  58,  64,   1,
     34,  45,  47,  50,  55,  57,  64,   1,   4,  34,  42,  56,  34,  45,  47,  50,
     54,  57,  71,  76,   4,   5,  34,  45,  47,  48,  50,  52,  57,  80,   1,   4,
     34,  39,  42,  45,  49,  51,  55,  56,  57,  58,  59,  61,  64,  80,   1,  34,
     42,  45,  55,  57,  58,  64,  80,   4,   5,  34,  38,  40,  42,  47,  50,  54,
     59,  69,  80,   1,   3,  34,  37,  38,  40,  41,  42,  44,  45,  52,  54,  55,
     57,  58,  63,  64,  80,   1,  34,  35,  38,  45,  48,  51,  52,  55,  56,  57,
     58,  64,  66,  74,  76,  80,   1,  34,  37,  55,  57,  58,  63,  64,  80,  34,
     39,  47,  50,  57,   1,   3,  34,  39,  42,  60,  62,  80,  37,  63,   4,   5,
     34,  38,  40,  42,  47,  50,  54,  59,  69,  80,   4,  69,   1,  34,  45,  58,
     65,  72,  73,   1,  55,  57,  58,  59,  64,  66,  68,  71,  74,  76,  78,   4,
      5,  29,  30,  34,  40,  44,  49,  51,  55,  57,  58,  59,  61,  64,  66,  68,
     69,  70,  71,  74,  75,  76,  77,   4,   5,  69,  71,   4,   5,  34,  40,  44,
     49,  51,  57,  60,  61,  68,  69,  70,  71,  72,  75,  76,  77,   4,  66,  69,
     71,   1,  55,  57,  58,  64,  66,  74,  76,  37,  44,  57,  58,  70,  75,  76,
     57,  71,   4,  40,  44,  49,  57,  59,  60,  68,  69,  70,  71,  76,  77,  78,
     79,   4,  69,  34,  65,  73,  81,  82,
};

static const int8_t notosans_14_italicKernSparseValues[] = {
      -9,   -9,  -33,    9,    9,    5,  -19,  -28,  -14,  -14,  -14,   33,    9,   14,  -23,   14,
     -33,  -28,   14,   19,    9,    5,  -14,    9,   19,   19,    9,   -5,  -33,  -28,  -28,   -9,
     -28,  -19,  -28,   42,   19,   19,   14,   51,   -5,   19,    9,   14,   -9,   14,   19,   14,
      42,   14,  -23,  -33,   -9,  -28,  -28,  -28,  -19,  -37,  -28,  -23,  -28,  -23,  -33,  -28,
     -28,  -19,  -19,   -9,   -5,   -9,  -23,   -5,   -5,   -5,   -9,   -9,   -5,  -19,  -33,   -9,
      35,  -23,   -5,  -14,   -9,   -5,   -9,   -9,  -19,   -9,  -14,   -5,   -9,   -5,   -5,   -5,
      28,  -28,    9,   -9,   -9,   -9,  -37,   -9,  -19,   -5,   -9,  -19,  -19,   -9,  -61,  -23,
      -9,   -5,   -5,   -5,   -9,  -28,  -19,    9,  -23,   -9,    5,  -37,  -33,  -33,  -23,  -28,
      -9,  -19,  -28,  -19,   -9,   -5,   -5,  -23,    9,   -5,   -5,   -9,   -9,   -5,   -5,   -5,
     -19,   -9,  -14,  -28,    9,  -14,   -9,  -23,  -23,   -9,  -14,  -19,   -9,  -19,  -19,   -9,
      -9,   -5,   -5,   42,   -5,   -5,   -9,   -5,    9,   28,   19,   -9,   19,  -56,   -9,   -9,
      -5,    9,    9,   19,  -19,    9,   28,   -9,   -5,  -19,   -9,  -19,  -19,   -5,   -9,  -14,
     -28,  -19,  -19,  -28,   -9,   -9,  -28,  -19,   47,  -23,   -5,  -14,   19,   28,   33,   39,
      37,   33,   19,   19,   51,   23,   19,   28,    9,   14,    9,   14,   19,   14,   28,    9,
       9,   19,    9,   19,   23,   28,    9,  -19,   23,   -9,   14,    9,   33,   37,   28,   37,
      -9,    5,   -5,    9,    9,   -5,    9,   23,    9,   23,   23,   23,  -37,   -5,   -9,  -33,
      -5,   -9,   -5,   -5,  -37,   -5,   -5,  -14,  -14,  -28,  -14,  -33,   14,  -28,  -19,   -9,
     -19,    5,   -9,  -28,  -23,  -28,    5,  -16,   -5,  -33,  -14,  -47,  -14,  -14,  -14,  -33,
      -9,  -14,  -23,   -9,  -14,   23,  -14,    9,  -19,   -9,   -5,    9,   -9,   -5,   -5,   -5,
      -9,   -9,   -9,   -5,   -5,   -9,   -7,   -5,   23,   14,  -37,  -33,   -9,  -37,  -14,  -23,
     -23,    9,   -5,  -14,   -9,  -12,    9,    5,  -19,   -9,   -5,   -9,   -5,   -5,  -14,   -5,
       5,   -5,   -9,  -23,  -37,   -9,   -9,  -19,   -9,   -9,  -37,  -37,  -33,  -14,  -14,  -14,
      -9,   -5,  -28,   -5,   -9,  -23,   -9,   -5,   23,   -9,    9,  -19,   -5,   -9,   -9,  -14,
     -23,  -33,  -28,  -19,   14,    9,   -9,  -19,  -42,   -5,   -5,   -5,   -5,    9,  -14,  -28,
     -28,  -14,  -19,   -9,  -23,  -28,  -23,   -9,  -33,   -9,   -5,   -5,   -5,   -5,   -9,   -5,
     -14,   -5,  -14,  -19,  -14,   -9,   -9,   -9,   -9,   -5,   -5,   -5,   -5,   -5,   -5,   -9,
      -5,   -5,   -5,   -5,   -5,   19,   -5,   -5,   56,   14,    7,   14,    5,   -5,  -14,   19,
      14,  -19,   -9,   47,   14,  -19,  -19,  -19,   -9,  -12,   -5,   -9,   -5,   -5,   -5,   -5,
      -5,   -5,  -61,   -5,   -5,   -9,  -23,  -14,  -23,  -23,  -14,   -5,   -5,   -5,   -5,  -19,
     -23,  -28,   -9,  -19,   -5,  -23,   -5,   -9,  -28,   -9,   -7,  -19,   -9,   -9,  -14,   -9,
      -5,   -5,   -9,  -14,   -9,  -14,   -5,   -9,  -51,  -14,   -5,  -14,   -5,   -9,  -19,   -9,
      -9,   -9,   -5,   -5,  -19,   -9,   -9,  -28,   -5,   -5,   -5,  -14,   -9,   -5,  -14,   -5,
     -23,   -5,   -5,   -5,   -9,   -5,   -9,   -5,   -9,   -9,   -5,   -5,  -19,   -5,   -9,   -9,
       5,   -9,   -9,   -9,   -5,   -9,  -14,   -5,   -9,   -5,   -9,   -7,   -5,    5,   -5,   -9,
     -33,  -14,   -5,  -14,   -5,   -9,  -19,   -9,   -9,   -9,   -5,   -5,  -19,   -9,  -14,  -19,
      -5,   -9,  -23,   -9,   -9,  -23,  -19,  -19,   -5,   -9,  -14,   -5,   -5,  -14,  -14,  -23,
      -5,   -9,    9,   -9,   19,  -23,   61,   19,    9,   19,    9,   -9,  -19,   -5,    9,    5,
      -9,   -9,   23,    5,  -14,  -28,  -42,  -14,    5,  -56,   -5,   -7,   -5,  -28,   -2,  -33,
     -33,  -28,   -9,  -14,   -9,  -42,  -14,  -42,   37,  -19,   -9,   -9,    9,  -19,  -19,  -14,
      -9,   -5,   -5,   -9,   19,   14,    9,    9,    5,    9,    5,   19,   37,   14,  -19,   -5,
     -19,  -14,   -5,   -5,  -14,  -14,  -23,   -5,   -9,    9,  -19,   -9,  -19,  -19,  -28,   -9,
     -14,  -23,  -14,  -33,  -14,  -14,  -23,   14,  -14,   -9,   -5,   -9,   -9,   -9,   -9,  -28,
     -19,  -28,  -19,    5,  -23,  -19,   -9,   -9,  -19,  -23,  -19,  -14,  -28,  -19,   -9,  -23,
     -28,   -9,  -33,  -19,  -23,  -33,  -23,  -23,   -9,  -14,   -5,  -23,   -9,    9,  -28,  -14,
      -9,   -9,  -23,    9,  -14,  -14,  -23,   -9,  -19,    9,   -9,  -14,  -19,  -14,   23,  -14,
      -9,  -33,   -9,  -37,  -23,   -9,   -9,   -9,   -9,  103,  -14,  -19,   -9,   -9,  -14,   -9,
      -5,   -5,  -28,  -28,  -14,  -19,  -19,   -9,    9,  -14,  -23,   -9,  -23,  -19,  -19,  -19,
      -5,  -19,   -5,   -9,   -5,   -5,   24,   23,
};

static const EpdLigaturePair notosans_14_italicLigaturePairs[] = {
    { 0x00660066, 0xFB00 }, // f f -> U+FB00
    { 0x00660069, 0xFB01 }, // f i -> U+FB01
    { 0x0066006C, 0xFB02 }, // f l -> U+FB02
    { 0xFB000069, 0xFB03 }, // U+FB00 i -> U+FB03
    { 0xFB00006C, 0xFB04 }, // U+FB00 l -> U+FB04
};

static const EpdFontData notosans_14_italic = {
    notosans_14_italicBitmaps,
    notosans_14_italicGlyphs,
    notosans_14_italicIntervals,
    18,
    40,
    32,
    -9,
    true,
    notosans_14_italicGroups,
    13,
    nullptr,
    nullptr,  // kernLeftClasses: built-in fonts use the split arrays below
    nullptr,  // kernRightClasses
    notosans_14_italicKernLeftCodepoints,
    notosans_14_italicKernLeftClassIds,
    notosans_14_italicKernRightCodepoints,
    notosans_14_italicKernRightClassIds,
    nullptr,  // kernMatrix: built-in fonts use the sparse form below
    notosans_14_italicKernRowOffsets,
    notosans_14_italicKernSparseCols,
    notosans_14_italicKernSparseValues,
    471,
    471,
    90,
    83,
    notosans_14_italicLigaturePairs,
    5,
};
