/**
 * generated by fontconvert.py
 * name: notoserif_14_bolditalic
 * size: 14
 * mode: 2-bit  compressed: true
 * Command used: fontconvert.py notoserif_14_bolditalic 14 ../builtinFonts/source/NotoSerif/NotoSerif-BoldItalic.ttf --2bit --compress --pnum --zopfli
 */
#pragma once
#include "EpdFontData.h"

static const uint8_t notoserif_14_bolditalicBitmaps[37260] = {
    0x9D, 0x99, 0x01, 0xA4, 0x26, 0x59, 0x76, 0xC7, 0xFF, 0x55, 0x95, 0x9D, 0x4A, 0xB6, 0x64, 0x6B,
    0xB1, 0x48, 0x6C, 0xB6, 0x6B, 0xB1, 0x21, 0x62, 0xA7, 0x0B, 0x60, 0xC8, 0x7B, 0x73, 0x6B, 0x77,
    0xC4, 0x62, 0x91, 0x85, 0x00, 0xD8, 0xC5, 0x82, 0x25, 0x06, 0x82, 0xC6, 0xEB, 0xAE, 0xCA, 0x2E,
    0x06, 0x30, 0x0D, 0x00, 0x24, 0x80, 0x24, 0x41, 0x2F, 0x1A, 0x8F, 0xED, 0x9E, 0xAA, 0xDD, 0x21,
    0xC1, 0x60, 0x2A, 0xB3, 0x64, 0x31, 0x48, 0xC5, 0x86, 0x20, 0xC8, 0x4D, 0x94, 0x4C, 0xF5, 0x74,
    0x7D, 0x75, 0x72, 0x7E, 0xEA, 0xFB, 0x3E, 0x6F, 0xDE, 0x6B, 0xC9, 0x48, 0xF5, 0x77, 0xFF, 0xB7,
    0x5E, 0xDD, 0xEF, 0x9E, 0xF3, 0x3F, 0xE7, 0x9C, 0x7B, 0xEE, 0xAD, 0xAF, 0x65, 0x83, 0xAC, 0x93,
    0x35, 0x89, 0x29, 0xD9, 0x94, 0x1E, 0x94, 0xAE, 0xCA, 0x16, 0x65, 0x51, 0x7C, 0x26, 0xE5, 0x03,
    0x9F, 0xA2, 0xD1, 0x7E, 0xD5, 0x8D, 0xDA, 0x41, 0x3D, 0x1F, 0x05, 0x29, 0x7C, 0x64, 0x0A, 0xBF,
    0x38, 0x28, 0xFC, 0x78, 0x55, 0xF0, 0x69, 0xAD, 0x4F, 0x7A, 0xE8, 0xED, 0x2A, 0x1B, 0x75, 0x9D,
    0x0D, 0x92, 0xE2, 0x85, 0x94, 0x4C, 0x0E, 0xE9, 0x78, 0x2D, 0x65, 0x43, 0x94, 0xF2, 0x2E, 0x2A,
    0x37, 0xB3, 0x06, 0x68, 0x54, 0xF1, 0xBD, 0xFB, 0x79, 0x27, 0x5D, 0xA2, 0xE6, 0xA2, 0x94, 0x74,
    0x05, 0x5C, 0xDF, 0x73, 0x05, 0x66, 0xCB, 0x0E, 0xC9, 0x74, 0x85, 0x90, 0xA7, 0x27, 0x21, 0x40,
    0xF1, 0x17, 0x93, 0x54, 0xA6, 0x23, 0xCC, 0x0A, 0x80, 0x69, 0x69, 0xFF, 0x57, 0x52, 0x6D, 0x07,
    0xA9, 0x7F, 0xDD, 0xA4, 0xC3, 0x37, 0x5B, 0xB7, 0xE9, 0x8D, 0xE0, 0xB6, 0xBD, 0xF1, 0x0D, 0x25,
    0xE6, 0x02, 0x64, 0xD1, 0xA1, 0x3F, 0x60, 0x8F, 0x0D, 0x2E, 0x90, 0xBF, 0x13, 0x9B, 0xF5, 0x85,
    0xF4, 0x43, 0xD7, 0x96, 0xFD, 0x03, 0xF0, 0x13, 0x87, 0x77, 0xDE, 0x8A, 0x0A, 0xBF, 0x2A, 0x27,
    0x55, 0xD6, 0x77, 0x4A, 0x9D, 0x85, 0xF4, 0x25, 0xF4, 0x7C, 0x0D, 0xF8, 0x26, 0xF0, 0x15, 0xA0,
    0x1F, 0x75, 0x5F, 0x48, 0xB9, 0x52, 0xF9, 0x2F, 0x8B, 0xA2, 0xEA, 0x6E, 0x75, 0x56, 0x41, 0xAB,
    0xFB, 0xAE, 0xD5, 0x5A, 0x4A, 0xEF, 0x25, 0xEB, 0xA5, 0x93, 0x49, 0x97, 0x07, 0x8E, 0x59, 0x8C,
    0xED, 0x78, 0xC8, 0x7F, 0xFD, 0xCB, 0x97, 0xF3, 0x7B, 0xD5, 0x07, 0xEF, 0x0E, 0x6B, 0xB0, 0xB2,
    0xEA, 0xD6, 0x62, 0xB9, 0xF4, 0x29, 0x6E, 0x78, 0xEB, 0x98, 0xC4, 0xF7, 0x1C, 0xB3, 0xF1, 0x79,
    0xBA, 0xA8, 0xE8, 0x0E, 0xD9, 0xAC, 0x4A, 0xCF, 0xF3, 0xA8, 0x0B, 0xF5, 0xD5, 0xA0, 0x6B, 0x05,
    0x8F, 0x59, 0x54, 0x01, 0xA5, 0xB7, 0x37, 0xCC, 0x36, 0x4C, 0xC9, 0xD7, 0x0A, 0x97, 0xC4, 0x12,
    0x8C, 0xC5, 0x7E, 0x3F, 0x4A, 0x45, 0xAC, 0x1A, 0x1F, 0x5D, 0x1E, 0x0A, 0x73, 0x1F, 0x87, 0x55,
    0x95, 0x35, 0x61, 0x4D, 0x7C, 0x52, 0xDB, 0xE4, 0x87, 0x10, 0x9F, 0xAB, 0x8A, 0xE5, 0xB2, 0xA8,
    0x9E, 0xF2, 0xCD, 0x8D, 0x1E, 0x53, 0x9B, 0x1C, 0x65, 0x03, 0x18, 0xDC, 0xA2, 0xA8, 0x76, 0x51,
    0xB9, 0xBE, 0x66, 0x1B, 0xC1, 0x7B, 0xDF, 0x87, 0xDB, 0x17, 0x89, 0x8D, 0x61, 0x08, 0x2E, 0xA1,
    0xD5, 0x23, 0x3D, 0xD4, 0x95, 0xD3, 0x92, 0x12, 0x91, 0x26, 0x64, 0x93, 0x8A, 0x59, 0x4C, 0x97,
    0x3B, 0x2F, 0x31, 0x57, 0x7C, 0xF0, 0x47, 0xAB, 0x54, 0xCE, 0x42, 0x9E, 0x02, 0x6D, 0x92, 0x5A,
    0xBE, 0x32, 0x9C, 0x1B, 0x4A, 0x99, 0x42, 0x23, 0xDB, 0x14, 0xBC, 0xD5, 0x23, 0xA6, 0x48, 0xB9,
    0xCF, 0xC5, 0x47, 0xFA, 0x3D, 0xED, 0xD7, 0x6F, 0x10, 0xF6, 0x0E, 0x0B, 0x5D, 0x81, 0x0F, 0xA0,
    0x57, 0x46, 0x50, 0x1A, 0x24, 0xDC, 0x91, 0xBC, 0x37, 0x08, 0x35, 0x4A, 0x21, 0x75, 0x8B, 0x58,
    0x15, 0x77, 0x85, 0x0C, 0x1F, 0xF6, 0x47, 0xC1, 0xA5, 0xBC, 0xA1, 0x1B, 0x57, 0xD1, 0xE9, 0xB7,
    0x8B, 0x41, 0xF5, 0x77, 0x3B, 0xD5, 0x1F, 0xE7, 0x5D, 0x6A, 0xFD, 0xF0, 0xA3, 0xDE, 0x86, 0xDE,
    0x46, 0x3D, 0x7A, 0xFD, 0xA0, 0x2F, 0x5F, 0xB4, 0x8D, 0xAE, 0x3C, 0x7B, 0x57, 0x27, 0xF7, 0x3B,
    0xF0, 0x7B, 0x75, 0x0B, 0x66, 0x23, 0xED, 0x55, 0x63, 0x59, 0x2C, 0x96, 0x62, 0xCD, 0xD6, 0x64,
    0x49, 0x62, 0x36, 0x86, 0xE6, 0x87, 0x04, 0xBC, 0x35, 0xF5, 0xA6, 0x72, 0x08, 0xD1, 0xFF, 0x4D,
    0x55, 0x27, 0x69, 0x96, 0x12, 0x2C, 0x9F, 0x58, 0x12, 0x30, 0xDB, 0x25, 0xDC, 0xF7, 0x76, 0xE1,
    0x8D, 0x80, 0xF8, 0x70, 0xEA, 0xC3, 0xD9, 0x8D, 0xE1, 0xDA, 0xDB, 0x25, 0xEB, 0xEC, 0x86, 0x84,
    0x71, 0x97, 0x50, 0x36, 0x52, 0x75, 0x63, 0x98, 0x04, 0x53, 0xBE, 0xC1, 0x76, 0xD4, 0x56, 0xC4,
    0x6C, 0xCD, 0x96, 0x62, 0xCE, 0xD6, 0xD2, 0xEF, 0xEA, 0x31, 0x5B, 0xC3, 0xB0, 0xB7, 0xB6, 0xCB,
    0xD6, 0xBE, 0xC9, 0x17, 0x6B, 0x8A, 0xD9, 0x54, 0x44, 0x53, 0xE9, 0xAD, 0x1A, 0x4D, 0xF5, 0xD0,
    0x2B, 0x74, 0x6D, 0xE3, 0xF8, 0x8B, 0x55, 0xA5, 0x45, 0xA5, 0xD6, 0x40, 0x62, 0x50, 0x62, 0x83,
    0x0A, 0x1B, 0x92, 0xAD, 0xEF, 0x32, 0x9F, 0x99, 0x4E, 0x26, 0x91, 0x29, 0xA9, 0xEB, 0xCB, 0x68,
    0x07, 0x52, 0x7A, 0x6F, 0xA4, 0x3A, 0xD1, 0x20, 0x0B, 0x08, 0x52, 0x4D, 0x9B, 0x44, 0x82, 0xFD,
    0xA1, 0x7D, 0xDA, 0x05, 0xF2, 0x3F, 0xE9, 0xF9, 0x12, 0x55, 0x25, 0x4C, 0xFD, 0xA0, 0x76, 0xF0,
    0xC1, 0xB6, 0x71, 0x08, 0xC4, 0xF4, 0x8B, 0xFE, 0x80, 0xC4, 0xF0, 0xA6, 0x83, 0xB7, 0x6C, 0x76,
    0x60, 0x75, 0xF8, 0xF0, 0x31, 0xAB, 0xF2, 0xC9, 0xA1, 0x82, 0xDD, 0x33, 0x5F, 0xE9, 0x69, 0xD4,
    0xEB, 0xEE, 0xEE, 0xE4, 0xB9, 0x6A, 0xB3, 0x55, 0xE1, 0x08, 0x8B, 0x6E, 0x2A, 0x1A, 0xA9, 0x86,
    0xE8, 0xE8, 0xE5, 0x70, 0x1F, 0x20, 0xD9, 0x76, 0x43, 0x54, 0x90, 0x5A, 0x46, 0xF2, 0xDA, 0x84,
    0x68, 0x94, 0x64, 0xFB, 0x7A, 0xDD, 0xA1, 0x00, 0x42, 0xE3, 0xCF, 0xC2, 0x90, 0xBB, 0xF8, 0xA9,
    0x9E, 0x11, 0x3C, 0xFA, 0xE3, 0x17, 0x3A, 0x5D, 0xC9, 0x9F, 0xEE, 0xBE, 0x28, 0x7D, 0x7A, 0xF0,
    0xF6, 0xB3, 0x55, 0xE9, 0xC7, 0x8B, 0xF2, 0x77, 0xFD, 0xBB, 0x65, 0xD4, 0x85, 0xFB, 0x63, 0xAE,
    0xA7, 0x74, 0x0A, 0x63, 0xDE, 0x85, 0xB1, 0x72, 0x51, 0x17, 0x6E, 0x6B, 0x6F, 0xB6, 0x99, 0x51,
    0x09, 0x4F, 0x6E, 0xF5, 0xF6, 0xC4, 0x26, 0x99, 0x45, 0x55, 0x66, 0x03, 0x66, 0x75, 0x0A, 0x98,
    0x71, 0x41, 0xE0, 0x1F, 0xA8, 0x20, 0x1F, 0x12, 0x29, 0xA2, 0x74, 0x82, 0xE1, 0xBF, 0x3B, 0x8B,
    0x0C, 0x3E, 0x49, 0xD3, 0xF2, 0xB4, 0x5C, 0xB0, 0x0A, 0x33, 0xF2, 0x23, 0xFC, 0x26, 0xA1, 0xB9,
    0x24, 0x36, 0x2D, 0x81, 0x69, 0xBB, 0x1E, 0xC1, 0x9B, 0x8F, 0xD9, 0x74, 0x36, 0xA0, 0x9F, 0x54,
    0xDA, 0xAA, 0xF6, 0x5B, 0x5B, 0x72, 0xD0, 0x96, 0x2D, 0x3A, 0x38, 0xEF, 0xC7, 0xD5, 0x1E, 0x3F,
    0x85, 0xBF, 0x7F, 0xA1, 0xD6, 0xB9, 0xF4, 0x6E, 0x81, 0x35, 0x15, 0xC9, 0x73, 0xA3, 0x55, 0x53,
    0xAF, 0x7A, 0x6C, 0x1B, 0x6A, 0x8D, 0x09, 0x31, 0x89, 0x3D, 0x86, 0x94, 0x0D, 0x40, 0x97, 0x3B,
    0xA8, 0x18, 0x93, 0x4D, 0xA5, 0xD2, 0xD5, 0x21, 0x9F, 0x21, 0x3A, 0xED, 0x39, 0x26, 0xB5, 0x8D,
    0xC3, 0x26, 0x31, 0x78, 0x8A, 0x7A, 0x3C, 0x0D, 0x86, 0xCE, 0xC1, 0xA0, 0x78, 0x60, 0x70, 0x39,
    0x0D, 0x56, 0xE3, 0x69, 0x50, 0xAF, 0x19, 0x34, 0x5D, 0xAD, 0xAC, 0x31, 0x72, 0xB3, 0x6F, 0xB2,
    0xD5, 0xA5, 0x02, 0x84, 0xA5, 0xF7, 0x67, 0x09, 0xA3, 0xEF, 0xF0, 0x3D, 0x72, 0xBB, 0x76, 0x48,
    0x37, 0x9F, 0x56, 0x11, 0xCE, 0x30, 0x14, 0xEB, 0x3E, 0xC7, 0x74, 0x02, 0x5F, 0x2A, 0x0C, 0x54,
    0x04, 0xC2, 0x3A, 0xF2, 0x09, 0x7E, 0x7E, 0x57, 0xDB, 0xAC, 0xFE, 0xDB, 0xAB, 0x6B, 0xD9, 0xF8,
    0xAE, 0xBB, 0xD6, 0xCA, 0xD9, 0x5B, 0xA4, 0x25, 0x7E, 0x9F, 0x6D, 0xC5, 0xA1, 0x3A, 0x64, 0xF6,
    0xD2, 0x85, 0xFC, 0x92, 0xB5, 0x71, 0x5A, 0x13, 0xE3, 0x1F, 0xB8, 0xC0, 0x2B, 0xF5, 0x7A, 0x94,
    0x92, 0xA6, 0x51, 0xC5, 0xD6, 0x48, 0x6B, 0xB6, 0xF1, 0x2F, 0x41, 0xFE, 0xF9, 0xAA, 0x1B, 0xCF,
    0x0E, 0xFF, 0x17, 0x1A, 0x95, 0x83, 0xC2, 0x74, 0xFC, 0x54, 0x9D, 0xEE, 0x5E, 0xDF, 0x53, 0xBE,
    0x10, 0x70, 0x8F, 0x34, 0x46, 0x2E, 0x54, 0x8B, 0xAF, 0x0E, 0x1E, 0xF0, 0xF3, 0xB8, 0xF2, 0x91,
    0x42, 0x4D, 0xBD, 0x64, 0x45, 0xB2, 0x78, 0x09, 0x6C, 0x68, 0xF6, 0x9E, 0xBF, 0xA9, 0xDF, 0x8C,
    0xF3, 0x3D, 0xBE, 0xCF, 0xBC, 0x73, 0xF9, 0xBB, 0x75, 0x9D, 0x9E, 0x7F, 0x5D, 0xD2, 0x9B, 0xC7,
    0xA9, 0xF9, 0x79, 0x2A, 0x76, 0xF4, 0x94, 0x31, 0x74, 0x76, 0xFC, 0xCD, 0xFE, 0x91, 0xA1, 0x7A,
    0xDC, 0xBF, 0xCF, 0xBC, 0xA4, 0x7F, 0xA1, 0xC2, 0xAC, 0xAB, 0x63, 0x3B, 0x05, 0xEA, 0xE5, 0x50,
    0xC7, 0xA2, 0xAB, 0x4F, 0x1B, 0x0E, 0x95, 0x67, 0xAF, 0x28, 0xFD, 0xE3, 0x7D, 0xE1, 0x93, 0x14,
    0x51, 0xE7, 0x2B, 0x9F, 0x8E, 0xBB, 0xC1, 0xB2, 0xF7, 0xC5, 0xC4, 0xD3, 0xAF, 0xDA, 0xBF, 0x22,
    0xDB, 0x8C, 0x18, 0x97, 0x2F, 0xF4, 0x36, 0xB2, 0x3A, 0xA5, 0xCB, 0x9E, 0x3C, 0xCF, 0x95, 0xCD,
    0xAF, 0xD9, 0x5F, 0x07, 0xE7, 0x56, 0xBF, 0xB3, 0x54, 0xEE, 0xCE, 0xE7, 0xE9, 0x5C, 0x36, 0x21,
    0x59, 0xB3, 0xE8, 0x5D, 0x36, 0xD3, 0x3D, 0xCA, 0x63, 0xEE, 0xDD, 0xF3, 0x22, 0xE6, 0x53, 0xD9,
    0x3C, 0x63, 0x93, 0x2E, 0xF5, 0xAC, 0x9C, 0xCA, 0xB1, 0xD2, 0xB3, 0x22, 0x96, 0xE3, 0xA5, 0x9E,
    0xE5, 0xF3, 0x1F, 0x4D, 0xD7, 0x7A, 0x98, 0x6E, 0xFF, 0x69, 0xD1, 0x4D, 0x6A, 0xBD, 0x78, 0x2A,
    0x88, 0x6B, 0x0F, 0xD1, 0x91, 0x4F, 0x23, 0xD2, 0x35, 0x1F, 0xB0, 0x22, 0xE9, 0xF1, 0xB6, 0xD9,
    0xC2, 0xE8, 0x13, 0x02, 0xCF, 0x97, 0x23, 0x18, 0x40, 0xB5, 0x33, 0x68, 0x20, 0xA5, 0xC3, 0xE7,
    0x7D, 0x80, 0xDD, 0xE5, 0x77, 0xC0, 0x2A, 0x07, 0x2F, 0x33, 0xF0, 0x1A, 0x5F, 0x2A, 0x66, 0x94,
    0xDF, 0x09, 0x64, 0x79, 0x51, 0xBF, 0xC0, 0x5A, 0xA9, 0xE3, 0xA5, 0x70, 0xDF, 0xE2, 0xD8, 0x24,
    0x2E, 0xD0, 0xBA, 0x7C, 0xF1, 0xE7, 0x43, 0xB0, 0x26, 0xD8, 0xD2, 0x9A, 0x1C, 0xD5, 0x12, 0x59,
    0xF5, 0x66, 0x94, 0xF0, 0x2D, 0x37, 0x0A, 0x18, 0x75, 0x3F, 0x5F, 0x13, 0xEB, 0x54, 0x38, 0x36,
    0x2A, 0x17, 0xA4, 0x91, 0xD2, 0x70, 0xC5, 0xD7, 0xB5, 0x99, 0x07, 0x64, 0xCF, 0x0A, 0x4A, 0xA1,
    0xE3, 0x58, 0xAE, 0x44, 0x8C, 0x42, 0xDA, 0x0F, 0xB9, 0xA3, 0x75, 0xC5, 0x0A, 0x96, 0x2B, 0x04,
    0x7C, 0x56, 0x66, 0xEA, 0x23, 0x0A, 0x6D, 0x40, 0xE1, 0xB2, 0x87, 0xEA, 0x31, 0x81, 0x5A, 0x3C,
    0x4C, 0x3E, 0x33, 0x8C, 0x6E, 0x94, 0x75, 0x30, 0x50, 0x3A, 0x23, 0x44, 0x48, 0x15, 0x2A, 0x85,
    0x16, 0x9C, 0x74, 0x82, 0xE9, 0xB3, 0xC0, 0xB3, 0xDA, 0x81, 0x19, 0x59, 0x93, 0x5B, 0x53, 0x23,
    0x78, 0xDD, 0x55, 0xA0, 0x75, 0x12, 0x5A, 0x37, 0xCC, 0x74, 0x27, 0x90, 0x8A, 0xED, 0xE4, 0x66,
    0x22, 0xB7, 0x58, 0x51, 0x51, 0x2E, 0xCC, 0x2D, 0x67, 0xB0, 0x02, 0x91, 0xE7, 0x18, 0x1C, 0x17,
    0xB4, 0xF8, 0xC3, 0x30, 0xF2, 0xB0, 0x1D, 0x78, 0xC8, 0xCE, 0xC5, 0xD1, 0x8B, 0x8F, 0x93, 0x36,
    0xCC, 0x2C, 0x0F, 0x4A, 0x2D, 0xE9, 0x67, 0x14, 0x5A, 0x87, 0x42, 0x52, 0x91, 0x3F, 0x1A, 0xF5,
    0xA0, 0x6B, 0x57, 0x10, 0xDA, 0x2B, 0xA1, 0xFD, 0x9E, 0xD0, 0xFE, 0xBB, 0xC7, 0x82, 0x8D, 0xF6,
    0x73, 0x42, 0xD4, 0x48, 0x00, 0x9B, 0xA3, 0x8D, 0x68, 0x17, 0x4E, 0x06, 0x7B, 0x10, 0xD5, 0xDF,
    0x73, 0xEC, 0x58, 0x14, 0x9C, 0x34, 0x89, 0x7B, 0x36, 0xF9, 0xA4, 0xBF, 0x7D, 0x32, 0xA2, 0xD0,
    0xC7, 0xCF, 0x54, 0x4E, 0xDA, 0x1B, 0x9D, 0xB5, 0x97, 0x42, 0xFB, 0x97, 0x6E, 0x69, 0x07, 0x31,
    0x13, 0x8D, 0x48, 0x00, 0xBB, 0xB3, 0x76, 0xF0, 0xAC, 0x1D, 0x64, 0x0C, 0xDB, 0x1D, 0x33, 0x47,
    0x14, 0x22, 0xAD, 0xB7, 0x59, 0x5C, 0x5F, 0xC4, 0x05, 0x2C, 0x46, 0x76, 0x59, 0x3C, 0x1F, 0xA6,
    0xDD, 0x63, 0x6A, 0x1B, 0xF2, 0xEA, 0x1B, 0x22, 0xD0, 0xC4, 0xED, 0x8E, 0xF2, 0xC8, 0xC1, 0x37,
    0xC4, 0x14, 0x9C, 0xD8, 0x94, 0xC1, 0x19, 0xAC, 0xA3, 0x8F, 0x82, 0xDC, 0x4C, 0x22, 0x3E, 0x23,
    0xC6, 0xF5, 0xA3, 0x50, 0x35, 0x1C, 0x8B, 0x00, 0x54, 0xD8, 0x11, 0x7A, 0x5B, 0x20, 0xE5, 0x59,
    0x01, 0x43, 0x37, 0x3F, 0xDB, 0xB0, 0x9F, 0xBB, 0x63, 0xCD, 0x44, 0xC4, 0x7E, 0xB6, 0xE4, 0x4E,
    0x55, 0xE4, 0x0E, 0xE7, 0x63, 0x45, 0xF0, 0x6E, 0xAF, 0x49, 0x81, 0x6E, 0x3C, 0x56, 0x27, 0xEE,
    0xF0, 0x04, 0x01, 0xC1, 0xC3, 0x7B, 0x77, 0x3C, 0xB4, 0xA2, 0xC7, 0x9A, 0x14, 0x33, 0x51, 0x0E,
    0x87, 0x19, 0x0E, 0x02, 0xFA, 0x9D, 0xCC, 0xF9, 0xE0, 0x84, 0x66, 0xD4, 0xA2, 0xB3, 0xBA, 0x75,
    0xEC, 0x46, 0x09, 0x1A, 0x8E, 0xE2, 0x11, 0x9C, 0xEC, 0xC2, 0x8F, 0xA2, 0xE6, 0x93, 0xCB, 0x7B,
    0x00, 0xB1, 0xC8, 0xDD, 0x05, 0x23, 0x19, 0xD1, 0x27, 0x40, 0xB8, 0xEA, 0x5B, 0x8B, 0x68, 0x3C,
    0x25, 0x55, 0x0F, 0x18, 0x80, 0x22, 0xB4, 0x90, 0x4F, 0x47, 0xC0, 0x65, 0x00, 0x82, 0xCF, 0x0B,
    0x33, 0x32, 0x0B, 0x82, 0x26, 0x07, 0x3C, 0xBE, 0x9B, 0xDB, 0xED, 0x2E, 0x6F, 0xA0, 0x83, 0x4E,
    0x27, 0x54, 0x77, 0x62, 0xE6, 0x43, 0x41, 0x2A, 0x99, 0x05, 0xA3, 0x62, 0xA0, 0x9B, 0xEB, 0x3D,
    0xE9, 0x91, 0xA8, 0xFA, 0x93, 0xC3, 0x31, 0xF1, 0x44, 0xF7, 0xD2, 0x1A, 0xBA, 0x7F, 0x74, 0x89,
    0x90, 0xB4, 0x9D, 0x66, 0x3F, 0x09, 0x8E, 0x6D, 0xA4, 0x6B, 0xC2, 0x2C, 0xC8, 0xD6, 0xAB, 0xF0,
    0x4A, 0xB9, 0x09, 0x0E, 0xB9, 0x0D, 0xF8, 0x26, 0xE9, 0x87, 0xFF, 0x8F, 0x77, 0xEA, 0x5B, 0xDE,
    0x01, 0x5C, 0xD2, 0x57, 0xF0, 0xCE, 0x05, 0xDE, 0x79, 0x40, 0x1C, 0x66, 0xEA, 0x54, 0x64, 0xB1,
    0x45, 0x96, 0xD7, 0xA4, 0xD6, 0x87, 0x4B, 0x62, 0xED, 0x7D, 0x45, 0x8C, 0x49, 0x77, 0x82, 0x65,
    0xA3, 0x5A, 0x52, 0xCE, 0xFB, 0x97, 0xE4, 0xDC, 0x93, 0x29, 0xFD, 0x84, 0x98, 0xBF, 0x3D, 0x65,
    0x1F, 0xD3, 0x57, 0xB1, 0xF8, 0x90, 0xB4, 0xAB, 0x62, 0x49, 0x0E, 0xDC, 0x2F, 0xE3, 0x7D, 0x7C,
    0x7B, 0x59, 0xCE, 0x57, 0x50, 0xB9, 0x28, 0xE7, 0x25, 0x4C, 0xF4, 0x2F, 0x22, 0xFD, 0x55, 0xF1,
    0x72, 0x84, 0xD8, 0xB5, 0x2B, 0x20, 0x72, 0xB3, 0xDB, 0x85, 0xA1, 0x31, 0x33, 0x91, 0x7F, 0xD1,
    0x4D, 0x44, 0x6D, 0xCC, 0xD6, 0x3D, 0x03, 0xB3, 0x18, 0xC8, 0x15, 0x4B, 0xA7, 0x3D, 0x07, 0x0F,
    0xCA, 0x38, 0xC0, 0x98, 0x77, 0x51, 0x38, 0xE5, 0x91, 0x94, 0x61, 0xDB, 0xCE, 0xF1, 0x4A, 0x2A,
    0xFA, 0xC8, 0x6B, 0x49, 0xF9, 0xFD, 0x59, 0xB3, 0x77, 0x1E, 0xEE, 0xC8, 0x06, 0x74, 0x48, 0xA2,
    0xD3, 0xCB, 0xB6, 0x74, 0x72, 0x76, 0xA9, 0x79, 0x87, 0x3F, 0x7E, 0x32, 0xD2, 0xF5, 0xEF, 0x0F,
    0x72, 0xC7, 0x84, 0x7F, 0x1B, 0xE4, 0x53, 0x6B, 0x42, 0x36, 0xAB, 0xC4, 0xE3, 0x51, 0x85, 0xC9,
    0x69, 0xED, 0xAF, 0x71, 0x54, 0xA9, 0x3D, 0x65, 0x36, 0xC2, 0xC2, 0x8E, 0xCC, 0x56, 0xB0, 0x91,
    0x6E, 0x66, 0x68, 0x5B, 0xF2, 0x03, 0x9E, 0x4F, 0x8C, 0xF0, 0x52, 0x5C, 0xF9, 0xE2, 0x40, 0xC8,
    0xDA, 0xA1, 0x04, 0xC7, 0x6A, 0x06, 0xEB, 0xC8, 0xF3, 0x70, 0x46, 0xEB, 0xC2, 0xC4, 0x14, 0x47,
    0x57, 0xE1, 0xC8, 0x79, 0xDD, 0x95, 0xEF, 0xA5, 0x3C, 0x9E, 0xEB, 0x04, 0xA9, 0x2D, 0xB3, 0x05,
    0xB5, 0xC7, 0x92, 0x05, 0xDB, 0x9E, 0x47, 0x3E, 0x5C, 0x6C, 0x24, 0x09, 0x5C, 0xD9, 0x06, 0x9B,
    0xF3, 0x36, 0x08, 0x96, 0x33, 0x58, 0x11, 0x7A, 0x17, 0x9A, 0x6F, 0xAC, 0x24, 0x32, 0x2F, 0x98,
    0x4D, 0xE0, 0x26, 0x48, 0x7E, 0x8E, 0x1A, 0xB9, 0x3A, 0xF6, 0xE0, 0x6D, 0xDB, 0x8B, 0xCF, 0xDA,
    0x9E, 0x7E, 0x5E, 0xDB, 0x87, 0xB3, 0xED, 0xC9, 0xD1, 0x76, 0x30, 0xDF, 0x6D, 0x9F, 0xF9, 0xD4,
    0x13, 0xAE, 0xE8, 0x3B, 0x57, 0xF5, 0x77, 0x07, 0x41, 0x62, 0x14, 0x84, 0x74, 0x0B, 0x39, 0x00,
    0x9C, 0xA9, 0xB7, 0x2F, 0x40, 0x48, 0xDD, 0xDA, 0x45, 0x8F, 0xA5, 0xD4, 0x06, 0x74, 0x38, 0x16,
    0xA0, 0xF3, 0x07, 0xF1, 0x52, 0xA7, 0x8A, 0x7C, 0x74, 0xF5, 0x15, 0xFE, 0x39, 0x1D, 0x19, 0xF6,
    0xE5, 0xDC, 0xEC, 0xAB, 0x19, 0xF2, 0x7B, 0x61, 0x6B, 0x77, 0xF2, 0x51, 0xAC, 0xE4, 0x19, 0x2F,
    0x55, 0x07, 0xBC, 0x54, 0x58, 0xE7, 0x5E, 0xE2, 0xDC, 0x94, 0x18, 0x2B, 0xC4, 0xAC, 0xD9, 0xDF,
    0x5D, 0x0C, 0x27, 0x1D, 0x54, 0x0F, 0xEE, 0xA0, 0x7B, 0x84, 0x1B, 0x07, 0xC3, 0xD8, 0x16, 0xA8,
    0xA2, 0xA1, 0x82, 0x6E, 0xB6, 0xFF, 0xBD, 0xEE, 0x46, 0x7C, 0x15, 0xB7, 0xB4, 0x0D, 0x6F, 0x07,
    0x5D, 0xEA, 0x0A, 0x86, 0x6C, 0x55, 0x98, 0xCB, 0xE3, 0xCB, 0x1C, 0xE7, 0x51, 0xEE, 0x5C, 0x09,
    0x68, 0xAA, 0x3A, 0x77, 0xB4, 0x2A, 0x67, 0x59, 0xE9, 0x75, 0xD9, 0x70, 0x4F, 0xDF, 0x74, 0xAE,
    0x5F, 0xDB, 0x63, 0x09, 0x3A, 0xEC, 0xBA, 0x91, 0x7B, 0x46, 0xD2, 0x97, 0xEA, 0x02, 0x96, 0xE0,
    0xAB, 0xB6, 0x77, 0x50, 0x2D, 0x58, 0x60, 0x14, 0x7A, 0x79, 0x6C, 0x87, 0xC2, 0x62, 0xB0, 0xD5,
    0x91, 0xB5, 0xFB, 0x9E, 0x10, 0x7F, 0x25, 0x3C, 0x79, 0x2D, 0xC4, 0xCF, 0x78, 0x5D, 0x11, 0xAF,
    0x3B, 0xBA, 0x92, 0x64, 0x42, 0x7C, 0xEA, 0xE8, 0x43, 0x23, 0xE2, 0xB3, 0x01, 0xF1, 0xF9, 0x20,
    0x92, 0xBF, 0x23, 0x0D, 0xCA, 0x86, 0xCC, 0x2F, 0x05, 0xD6, 0xE2, 0xF9, 0x25, 0xE7, 0xAA, 0x74,
    0x11, 0xDA, 0x49, 0x03, 0x4C, 0x57, 0x6B, 0x73, 0x65, 0x43, 0x6B, 0xB1, 0xB6, 0xA1, 0xD8, 0x94,
    0xAC, 0x98, 0xC2, 0xBA, 0xDD, 0x90, 0xEC, 0xE8, 0x32, 0x33, 0x43, 0x9A, 0xB3, 0xAA, 0x05, 0x5E,
    0x08, 0x37, 0x2C, 0x60, 0x82, 0x31, 0xF6, 0xD6, 0x08, 0x7E, 0x67, 0x00, 0xDF, 0x6D, 0xC0, 0xBF,
    0x14, 0xF2, 0x9F, 0x81, 0xED, 0x72, 0xB6, 0x1A, 0x2A, 0xE0, 0x20, 0xB0, 0xD9, 0xB5, 0x8B, 0xAA,
    0xE4, 0x37, 0xD1, 0x99, 0x99, 0xA9, 0x70, 0xBD, 0x8B, 0x8A, 0xC9, 0x69, 0x60, 0x69, 0x31, 0x60,
    0x3B, 0xA7, 0xB4, 0x86, 0x9B, 0x7A, 0x85, 0x03, 0x79, 0x7E, 0xC0, 0x1C, 0xBF, 0xE9, 0x0F, 0x7A,
    0x26, 0x6E, 0x3E, 0xD9, 0x34, 0x43, 0x2F, 0xFD, 0xAF, 0x2D, 0x8D, 0xDC, 0x64, 0x1F, 0x59, 0x36,
    0x72, 0x53, 0xFC, 0xDC, 0xF2, 0x01, 0xB6, 0x65, 0xE3, 0x1F, 0x6E, 0x6A, 0xD9, 0xF7, 0xC5, 0xCD,
    0xA5, 0xEC, 0xCF, 0x04, 0xE1, 0x67, 0x7C, 0xB8, 0x89, 0xEA, 0x21, 0x2C, 0x9B, 0xD4, 0xC7, 0xE3,
    0x9A, 0x20, 0x53, 0xC9, 0xD8, 0x23, 0x73, 0x3B, 0xBD, 0x7F, 0x56, 0x44, 0x8E, 0xBA, 0xBF, 0x96,
    0xDE, 0xA5, 0x36, 0x7A, 0x7E, 0x31, 0x01, 0xFD, 0xEA, 0x27, 0x94, 0x2A, 0xC4, 0xCA, 0x51, 0xF5,
    0x72, 0x45, 0x57, 0x1E, 0x18, 0x12, 0xB3, 0xCE, 0x6B, 0x8F, 0xCC, 0xBF, 0xF1, 0xF0, 0xFE, 0xDE,
    0x5D, 0xA3, 0xD4, 0x43, 0x1C, 0x22, 0x43, 0x5D, 0xB5, 0x30, 0xB4, 0xA7, 0xD6, 0x33, 0xD2, 0x5A,
    0xD9, 0x4A, 0xA5, 0x65, 0xB3, 0x31, 0x8B, 0xDE, 0xC9, 0x6C, 0xF2, 0x6E, 0xAE, 0x8D, 0x68, 0x06,
    0x1B, 0xCA, 0x8D, 0xF7, 0xEA, 0xDC, 0x31, 0xA2, 0x29, 0x83, 0x21, 0x6E, 0xF4, 0x44, 0xBE, 0x2F,
    0xCC, 0x81, 0x51, 0x3F, 0x20, 0xBF, 0x7D, 0x7F, 0x84, 0xEA, 0xAF, 0x3A, 0xF0, 0x3F, 0x84, 0x69,
    0xC7, 0x1C, 0xBE, 0x9D, 0xBD, 0x61, 0xC7, 0x09, 0xEC, 0xC1, 0xDA, 0xEC, 0x8C, 0x2A, 0x8D, 0xCC,
    0xAA, 0x1C, 0x07, 0xD5, 0x1D, 0x76, 0xBD, 0x49, 0x40, 0x75, 0x81, 0x3C, 0xC7, 0xF6, 0xE8, 0xD1,
    0x93, 0xD1, 0x0C, 0x32, 0x1B, 0x65, 0x77, 0x07, 0xCB, 0x7D, 0xF0, 0x94, 0x3F, 0x17, 0x62, 0xB5,
    0x5F, 0x89, 0xC1, 0xC5, 0x3D, 0xA9, 0x6C, 0x46, 0x2F, 0xC6, 0x83, 0x68, 0x8F, 0xA2, 0xE1, 0xAB,
    0xFA, 0x7C, 0x96, 0x7A, 0xE5, 0x79, 0xEA, 0xE6, 0x0F, 0x2F, 0xD9, 0xE6, 0x6D, 0x77, 0xE8, 0xDD,
    0xA3, 0x59, 0xA4, 0x1D, 0xC5, 0xD1, 0xC8, 0x06, 0x6F, 0x5C, 0x71, 0x7E, 0xFA, 0xF4, 0xE9, 0xF5,
    0x83, 0x07, 0x0F, 0xAE, 0x2E, 0x8E, 0xD7, 0xEB, 0x7E, 0xDD, 0xF3, 0x6B, 0x67, 0x61, 0x93, 0xC8,
    0x9C, 0xB3, 0x7A, 0x5A, 0x7F, 0x52, 0xDF, 0xDC, 0x55, 0x7F, 0xB8, 0xAB, 0xBE, 0xBC, 0xA9, 0xFE,
    0x2C, 0x4A, 0x09, 0x2C, 0x68, 0x58, 0xC3, 0xF5, 0x05, 0xBC, 0x75, 0x7C, 0x09, 0x25, 0x47, 0x1F,
    0x4D, 0xD2, 0x1C, 0xA5, 0x78, 0xAD, 0x74, 0xBC, 0xF0, 0xD0, 0x5F, 0x92, 0x42, 0x2A, 0x55, 0x7A,
    0xE8, 0x73, 0xFF, 0x2B, 0x1B, 0xAF, 0x28, 0x1F, 0x7B, 0x85, 0x9F, 0x7B, 0xB3, 0xF8, 0xA3, 0x26,
    0x0C, 0xD5, 0x98, 0x71, 0x04, 0xC8, 0xB7, 0xEF, 0x36, 0x3C, 0x77, 0x3D, 0xDF, 0x36, 0xE7, 0x94,
    0xDA, 0xFE, 0x2A, 0x58, 0x73, 0xC8, 0x08, 0xA3, 0xFB, 0xA9, 0x65, 0x77, 0xEA, 0x07, 0xEA, 0x7F,
    0x57, 0x2E, 0x0E, 0xD5, 0xEC, 0xC0, 0x1B, 0x52, 0xF7, 0x24, 0xAA, 0xFD, 0xE8, 0xC3, 0xB9, 0xA9,
    0xAD, 0xB4, 0xA1, 0x60, 0x5B, 0xCF, 0x6D, 0xD2, 0x0E, 0xEA, 0x6F, 0x1C, 0x3C, 0x01, 0xE8, 0xDB,
    0x77, 0x17, 0x87, 0xE0, 0xDA, 0xB6, 0xC9, 0xBA, 0xD4, 0xBC, 0xD2, 0x67, 0x46, 0x99, 0xDE, 0xCE,
    0x6A, 0x1C, 0xBA, 0xC2, 0xD5, 0x34, 0xA5, 0xAB, 0x51, 0x19, 0xD3, 0x8D, 0x8D, 0x66, 0x55, 0x3D,
    0xF9, 0x83, 0x10, 0x39, 0x9E, 0x53, 0x4F, 0xAF, 0x6A, 0x8A, 0xED, 0x6B, 0xD6, 0x89, 0x6A, 0x72,
    0xA8, 0xE6, 0x7C, 0x29, 0xE6, 0x32, 0xE6, 0xB1, 0x9E, 0xD2, 0xE6, 0x56, 0x12, 0xD0, 0xB8, 0x47,
    0x51, 0x13, 0x66, 0xF7, 0x8D, 0x6D, 0x4A, 0xC8, 0x68, 0x0E, 0x48, 0x27, 0xBE, 0x2D, 0x7C, 0x71,
    0xE8, 0x99, 0x74, 0x71, 0x40, 0xBC, 0x6B, 0x4B, 0x5F, 0xED, 0x9B, 0xC3, 0xE7, 0xF3, 0xCD, 0x9F,
    0xEC, 0xBE, 0x39, 0xB3, 0x4D, 0x0E, 0xE5, 0x9C, 0xCF, 0xA5, 0xB3, 0x2D, 0xE7, 0x7A, 0xAC, 0x63,
    0xF8, 0x39, 0xAB, 0x78, 0x53, 0x6F, 0x8F, 0xF5, 0x6A, 0xB6, 0x87, 0x9D, 0x2D, 0x27, 0x09, 0xD0,
    0x6C, 0x20, 0x95, 0xAA, 0x91, 0x24, 0x2A, 0xBB, 0xCF, 0x6C, 0x3F, 0x49, 0xBF, 0x47, 0x00, 0xBC,
    0xFD, 0x5E, 0x79, 0xFB, 0xEC, 0xD2, 0x81, 0x77, 0x76, 0xBA, 0xF4, 0xC6, 0x4E, 0x47, 0x9E, 0xA2,
    0x04, 0x2C, 0x5E, 0xB5, 0xD3, 0x9D, 0xC5, 0x13, 0x5E, 0x0A, 0xF5, 0x59, 0x2B, 0x57, 0xEB, 0xED,
    0xED, 0x4F, 0x8D, 0xED, 0xC4, 0xDE, 0x25, 0xC3, 0xFB, 0x3F, 0xF6, 0x59, 0x43, 0xE8, 0x70, 0x74,
    0xC0, 0xC4, 0xA6, 0xED, 0xC0, 0xBE, 0x01, 0x8D, 0xC9, 0x3F, 0x41, 0x46, 0x65, 0x28, 0x28, 0x0D,
    0xA1, 0x0F, 0xC5, 0xB5, 0x00, 0x89, 0xFD, 0x0D, 0x6C, 0xED, 0xF8, 0x06, 0xCA, 0x39, 0xE5, 0xD3,
    0x27, 0x7B, 0x85, 0x76, 0xEC, 0x75, 0x44, 0x5E, 0x11, 0x3A, 0xE8, 0xD6, 0x66, 0x13, 0x6E, 0x7F,
    0x21, 0x9D, 0x32, 0x73, 0xBC, 0x9B, 0x99, 0xD6, 0x01, 0xDF, 0x39, 0x38, 0x04, 0x6B, 0x12, 0x8B,
    0x64, 0xE6, 0x60, 0x64, 0x26, 0x67, 0x53, 0x87, 0x9C, 0xF3, 0x36, 0xC7, 0x44, 0x15, 0xCB, 0x29,
    0x09, 0x4A, 0x92, 0xA0, 0x02, 0xEA, 0xC9, 0xC7, 0xC3, 0x94, 0x6D, 0x5F, 0xF7, 0x9C, 0xB0, 0xB9,
    0x1D, 0x70, 0x46, 0xEF, 0x64, 0x3B, 0x8E, 0x11, 0xEF, 0x69, 0xBF, 0xC2, 0xC6, 0x3B, 0x02, 0x4B,
    0x64, 0xE5, 0x53, 0x2C, 0xC7, 0x53, 0x5B, 0x75, 0x7C, 0xCB, 0xC5, 0x8F, 0x7C, 0xFE, 0xBB, 0xA9,
    0x5D, 0x17, 0x06, 0x16, 0x14, 0x84, 0xC5, 0xDB, 0xF9, 0xA7, 0xAF, 0xE3, 0x0E, 0x32, 0xED, 0xC6,
    0xB4, 0xAF, 0xAE, 0x35, 0x9F, 0xB3, 0xD4, 0xA1, 0x15, 0x85, 0x98, 0x1F, 0x4C, 0xAA, 0xE7, 0xFF,
    0xDB, 0x47, 0x6F, 0xD9, 0x2C, 0x73, 0x13, 0x5D, 0x85, 0x35, 0xE9, 0x96, 0x2C, 0xAE, 0x20, 0x1F,
    0x1D, 0xEA, 0xC6, 0x55, 0x3C, 0x77, 0x1D, 0x66, 0x00, 0x07, 0xE9, 0x83, 0x0D, 0x04, 0x9C, 0x03,
    0x0B, 0xEF, 0xF2, 0x93, 0xCB, 0x0F, 0x53, 0xC5, 0xBA, 0x29, 0xAC, 0x6B, 0x87, 0xA4, 0x6F, 0x2A,
    0xEB, 0xFC, 0x93, 0xE2, 0x72, 0x08, 0x67, 0x1B, 0x74, 0xB3, 0xB3, 0x77, 0x96, 0x3B, 0xDE, 0x19,
    0x4E, 0xFF, 0xED, 0xF9, 0x4F, 0x30, 0xAE, 0x5C, 0xE0, 0xE6, 0xF1, 0x70, 0xBF, 0x1E, 0xC2, 0x56,
    0x12, 0xA5, 0x97, 0xF6, 0xA6, 0x0D, 0xB9, 0xFD, 0xD8, 0x26, 0x3A, 0x0F, 0x62, 0x3F, 0xF0, 0xA3,
    0x04, 0x8B, 0x73, 0xCD, 0x4C, 0xD4, 0x14, 0x57, 0x61, 0x2E, 0x95, 0x93, 0xBF, 0x4B, 0x2E, 0x58,
    0xD3, 0x61, 0x2A, 0x16, 0x4E, 0x19, 0x23, 0xA3, 0xAE, 0x85, 0xCE, 0x35, 0x71, 0xBC, 0xFD, 0x61,
    0x4F, 0x67, 0xB3, 0x75, 0x35, 0x6B, 0x3A, 0x1C, 0x9C, 0x58, 0xBB, 0xB6, 0xA6, 0x7C, 0xFB, 0xC8,
    0xC1, 0xBE, 0x65, 0x0D, 0xAF, 0x1B, 0x42, 0x8E, 0x33, 0xCE, 0xF6, 0xDC, 0x38, 0xA6, 0x85, 0x2B,
    0x41, 0xB6, 0xC3, 0x08, 0x0C, 0xA5, 0xCF, 0xF5, 0x52, 0xF1, 0x83, 0xDE, 0xB9, 0x4D, 0x7B, 0x72,
    0xE4, 0xDE, 0xA8, 0x5F, 0x5B, 0xB1, 0x3A, 0x87, 0x43, 0xE5, 0x77, 0x61, 0x4A, 0x2D, 0x8C, 0xA9,
    0xF5, 0x5E, 0x14, 0x69, 0x6E, 0xD7, 0x6A, 0x9E, 0xCD, 0x7D, 0x57, 0x7A, 0x6A, 0xD5, 0x53, 0x98,
    0xFC, 0x8E, 0x8A, 0x60, 0xA3, 0x0A, 0xFB, 0xF1, 0xE6, 0xE0, 0x05, 0x46, 0xF6, 0x20, 0x4C, 0xEA,
    0x7F, 0xEA, 0x34, 0xCD, 0x29, 0x53, 0x89, 0x62, 0x82, 0xA1, 0x1C, 0xE4, 0x26, 0xAC, 0x1B, 0xB1,
    0x8D, 0xF3, 0x70, 0xEF, 0x02, 0x65, 0x64, 0xF2, 0x41, 0x25, 0x06, 0x95, 0xAC, 0x92, 0xEA, 0xE5,
    0x76, 0x5C, 0xD0, 0xF5, 0xF9, 0xBD, 0x38, 0x0C, 0xE7, 0x97, 0xE3, 0xCD, 0xC1, 0x00, 0x15, 0xC7,
    0x0D, 0xA3, 0xF9, 0x1C, 0x1B, 0x46, 0x7F, 0xAB, 0x28, 0x0E, 0x4F, 0x28, 0x8A, 0xFF, 0xCC, 0xD1,
    0xE5, 0xFB, 0xA3, 0x33, 0xA8, 0x77, 0x2D, 0x67, 0xE8, 0xD0, 0xD7, 0x9C, 0x37, 0x8B, 0x75, 0x87,
    0xE0, 0xD5, 0xDD, 0x9D, 0xBE, 0xE6, 0x87, 0x8F, 0x56, 0x77, 0xB9, 0x37, 0x4D, 0x1C, 0x8A, 0xCA,
    0x3D, 0xA1, 0xEF, 0x6C, 0x9A, 0xC8, 0xBA, 0x59, 0xFD, 0x55, 0x6D, 0x4E, 0xD6, 0x26, 0xFE, 0xBB,
    0xAC, 0x98, 0x73, 0x6F, 0xD9, 0xC8, 0xFC, 0x8C, 0x57, 0x02, 0x94, 0xD4, 0xAC, 0x18, 0x1B, 0x7E,
    0xCB, 0x67, 0x05, 0x9F, 0xDD, 0xD2, 0x86, 0xBE, 0x09, 0xB6, 0xED, 0xFF, 0xEB, 0x90, 0x36, 0xE2,
    0x80, 0x2D, 0x72, 0xC5, 0x0E, 0xC1, 0xD6, 0x8C, 0x55, 0xCC, 0x82, 0x2A, 0xEF, 0xE6, 0xE9, 0x9E,
    0xAA, 0xF1, 0x7B, 0x95, 0x8D, 0xB9, 0xBB, 0xDD, 0x5C, 0x68, 0xBB, 0xED, 0x3F, 0x9A, 0x12, 0x4A,
    0x59, 0x73, 0x74, 0x7F, 0x42, 0xC6, 0xA4, 0xE7, 0x8C, 0xF1, 0x71, 0xF2, 0x91, 0x7D, 0x8E, 0xB4,
    0x09, 0xC0, 0xCF, 0x16, 0x85, 0x97, 0x1F, 0x1C, 0x7E, 0x50, 0x9B, 0x67, 0x0C, 0xA9, 0xDE, 0xB4,
    0x8B, 0x1E, 0xAA, 0x45, 0x00, 0xE5, 0x08, 0x16, 0x41, 0x6C, 0x8E, 0x2C, 0x9D, 0xFB, 0xC0, 0x25,
    0xF5, 0x9B, 0xD3, 0x93, 0x9E, 0x02, 0x51, 0xB2, 0x6C, 0x74, 0x28, 0x3A, 0x87, 0xEA, 0x74, 0x50,
    0x6F, 0xE7, 0x53, 0x64, 0x7F, 0xBF, 0x11, 0x67, 0x5F, 0xD3, 0x33, 0x9B, 0x1D, 0x37, 0x5E, 0x7D,
    0xD5, 0x3B, 0x27, 0x53, 0x70, 0x67, 0x99, 0xDE, 0x2C, 0xE6, 0xB2, 0x6F, 0x2E, 0x8B, 0xF9, 0x5E,
    0xDF, 0x5C, 0x15, 0xF3, 0x45, 0xDB, 0x3C, 0x2D, 0x96, 0x37, 0xDA, 0x26, 0x16, 0xCB, 0x4F, 0xDB,
    0xB7, 0x86, 0x62, 0x99, 0xDA, 0x77, 0xBA, 0xE2, 0xE5, 0xD0, 0xBE, 0x2B, 0x16, 0xF6, 0x33, 0x47,
    0xC4, 0xE7, 0x07, 0xE4, 0xE7, 0x8B, 0x28, 0xF0, 0x5C, 0x78, 0x38, 0x73, 0x7B, 0xF7, 0x6D, 0xBC,
    0xE6, 0x25, 0xFB, 0x21, 0xF1, 0xA3, 0xEC, 0x6C, 0x13, 0xD1, 0xE8, 0xF8, 0xCE, 0xE9, 0x45, 0x3A,
    0xB7, 0xC1, 0x47, 0xA1, 0x78, 0xC9, 0x59, 0x6C, 0xE1, 0x85, 0x27, 0x96, 0x24, 0x57, 0x69, 0x5D,
    0xDF, 0xB0, 0x70, 0x82, 0xDB, 0xED, 0xC8, 0x5A, 0x75, 0x11, 0x20, 0xDE, 0xE4, 0xC4, 0x04, 0xB2,
    0xDA, 0xB1, 0xB9, 0x2B, 0x45, 0x2A, 0xDC, 0x17, 0x49, 0x71, 0x21, 0x52, 0xE4, 0x1A, 0x9C, 0xA2,
    0x63, 0xFD, 0xEB, 0xD1, 0xB1, 0x7C, 0xD9, 0x81, 0x76, 0x7E, 0x13, 0x76, 0xDE, 0x60, 0x16, 0xC1,
    0xF2, 0xFC, 0x06, 0xA3, 0x84, 0x41, 0x27, 0x8E, 0x44, 0x1B, 0x90, 0xB8, 0x7F, 0xCF, 0xEC, 0x90,
    0x9B, 0xAD, 0xC5, 0x50, 0xCD, 0xA5, 0x4B, 0xFE, 0x92, 0x0C, 0x2E, 0xC2, 0x09, 0x22, 0x43, 0xB1,
    0x60, 0x7F, 0xF4, 0x65, 0x7F, 0xF4, 0xE7, 0xFE, 0x28, 0x86, 0x98, 0x46, 0x8E, 0x62, 0xB6, 0xBF,
    0x74, 0x73, 0x6A, 0x8F, 0x9C, 0x73, 0xCF, 0x07, 0xDA, 0xFA, 0xD5, 0x3F, 0x10, 0xE6, 0xE6, 0xB7,
    0xB3, 0xC4, 0xAC, 0x62, 0xA5, 0xCA, 0xD3, 0x5E, 0x71, 0xA2, 0xA4, 0xCD, 0xB4, 0xFD, 0xBE, 0x40,
    0xFF, 0xE9, 0x30, 0xFB, 0xBF, 0x5D, 0x3B, 0x09, 0x42, 0x60, 0x67, 0xAD, 0xB4, 0xBB, 0x7B, 0xCB,
    0xC6, 0x7D, 0x43, 0x32, 0x61, 0x00, 0x21, 0x40, 0x13, 0xEE, 0xB9, 0x6B, 0xC0, 0x78, 0x14, 0x35,
    0x30, 0x85, 0x8D, 0x90, 0x59, 0xE7, 0xAB, 0x98, 0x93, 0x18, 0xB6, 0x24, 0x5E, 0xD5, 0xEF, 0x4F,
    0xFC, 0xE8, 0xF5, 0x54, 0xBD, 0xFE, 0x07, 0xCD, 0x99, 0x01, 0xA4, 0x2F, 0x57, 0x7E, 0xC7, 0x3F,
    0x33, 0xB3, 0x7D, 0x63, 0x77, 0xE8, 0x09, 0x42, 0xB3, 0xFB, 0xBA, 0x6F, 0x20, 0x58, 0xAB, 0x79,
    0x03, 0x45, 0x71, 0xDF, 0x3D, 0x93, 0x04, 0x41, 0xD0, 0xA0, 0x55, 0xA0, 0x1B, 0x0A, 0x15, 0x08,
    0x0A, 0x0F, 0xF7, 0xBD, 0x99, 0x24, 0x74, 0x01, 0xB9, 0x50, 0x50, 0x6C, 0xB0, 0xB4, 0x8D, 0x6A,
    0x8A, 0xE0, 0xD1, 0x7B, 0xEF, 0x9C, 0x27, 0x58, 0x2C, 0x76, 0x9A, 0x22, 0x58, 0xEC, 0xC9, 0x4B,
    0x48, 0x09, 0xCD, 0xD9, 0xEE, 0x49, 0x77, 0x9E, 0xCC, 0xCC, 0xAF, 0xF3, 0x3B, 0xF9, 0xDF, 0xFC,
    0x93, 0x97, 0x97, 0x6D, 0xBB, 0xCD, 0xE5, 0x9E, 0x9D, 0xF3, 0x39, 0xB3, 0x33, 0x77, 0x7E, 0xDF,
    0xEF, 0xEF, 0x97, 0x73, 0x66, 0xCE, 0x7D, 0x97, 0xA6, 0xA7, 0x73, 0x0C, 0xA3, 0xB2, 0x69, 0x49,
    0x8D, 0x3F, 0x80, 0x03, 0x38, 0x82, 0x49, 0x8F, 0x2C, 0x52, 0x6C, 0x47, 0xA0, 0x0A, 0x98, 0x74,
    0x34, 0x01, 0xEB, 0xE9, 0x3C, 0x2F, 0xF4, 0x80, 0xD9, 0xF5, 0x33, 0xA8, 0x24, 0xD2, 0xD9, 0x25,
    0x5B, 0x6E, 0xAC, 0xC5, 0x7C, 0xB0, 0x56, 0xF1, 0xE6, 0x64, 0xC2, 0x9B, 0x34, 0x41, 0x1F, 0xD8,
    0xFA, 0xE8, 0xB1, 0xFF, 0x3A, 0x62, 0xEF, 0x39, 0xEC, 0xAF, 0xDC, 0xF3, 0xB5, 0xFC, 0xB5, 0xAF,
    0x44, 0x5C, 0x26, 0x0B, 0xD4, 0xEC, 0x43, 0x51, 0xAF, 0x90, 0x89, 0x8C, 0x94, 0x53, 0x13, 0x30,
    0xDE, 0x04, 0xEA, 0xD1, 0x78, 0x1A, 0xF7, 0xAD, 0x76, 0x03, 0xEC, 0x30, 0x42, 0x29, 0x12, 0x49,
    0xC0, 0x78, 0xCE, 0x31, 0x02, 0xB5, 0x03, 0x6C, 0x0B, 0x9C, 0x00, 0xB9, 0xDC, 0xCF, 0x5B, 0x23,
    0x22, 0xBD, 0xFD, 0x48, 0x16, 0x1E, 0xA5, 0xF1, 0x1B, 0x72, 0x6E, 0x0D, 0x3F, 0xEA, 0x1B, 0x11,
    0x8C, 0x3B, 0xA1, 0xE6, 0x3A, 0x4F, 0x60, 0xB6, 0x02, 0x98, 0x34, 0xEA, 0xFF, 0xD7, 0xEB, 0x56,
    0x64, 0xFB, 0xB9, 0x57, 0xFB, 0x47, 0xC8, 0xA9, 0xE5, 0x5D, 0xF1, 0xB5, 0xDC, 0x13, 0x5F, 0xAC,
    0xD8, 0x36, 0x5F, 0x39, 0x20, 0x5B, 0x79, 0x13, 0x24, 0x0B, 0x20, 0x85, 0x83, 0xE1, 0xD9, 0x16,
    0xBA, 0x3F, 0x56, 0xF9, 0x13, 0x45, 0x84, 0x4D, 0x22, 0x68, 0x1C, 0x0F, 0x76, 0x84, 0x4E, 0xC4,
    0x31, 0x28, 0x90, 0x1E, 0x90, 0x16, 0x72, 0x45, 0x27, 0x33, 0x0C, 0x8A, 0xF0, 0xB9, 0x06, 0x3C,
    0x70, 0x21, 0x1B, 0x3C, 0x95, 0xCC, 0x34, 0x2F, 0xAD, 0x74, 0x0C, 0x9C, 0x71, 0xB8, 0xF5, 0xC7,
    0x19, 0x80, 0xCE, 0x41, 0x37, 0x91, 0x8B, 0xF4, 0xE5, 0x5D, 0xF1, 0x95, 0x6B, 0xA6, 0x6A, 0x2C,
    0xE6, 0x32, 0x32, 0x17, 0xD2, 0x4E, 0xC8, 0x2F, 0x03, 0x8D, 0x38, 0x8A, 0x24, 0xD8, 0x43, 0xDD,
    0x6F, 0xD9, 0xF6, 0xB7, 0xB7, 0xDE, 0xD1, 0x60, 0xDD, 0x19, 0xB5, 0xE8, 0xF3, 0xC7, 0x68, 0xBB,
    0x95, 0xFB, 0xB5, 0x0C, 0xDB, 0x71, 0x54, 0xF8, 0x4D, 0xF7, 0x3E, 0x50, 0x4B, 0x72, 0xDE, 0x56,
    0x69, 0x6E, 0x70, 0x8A, 0x6A, 0xD4, 0x98, 0x5C, 0xD6, 0xD2, 0x5D, 0x2F, 0x7D, 0x53, 0x8C, 0x07,
    0xC6, 0xFD, 0x6E, 0xE6, 0x0F, 0xEA, 0x16, 0xC2, 0xCD, 0x86, 0x87, 0x72, 0xBB, 0xAB, 0x34, 0x2E,
    0xCF, 0xFC, 0xF5, 0x2A, 0xD6, 0xC5, 0xF8, 0x69, 0x84, 0xCA, 0xBD, 0xF8, 0x7E, 0x9D, 0x22, 0xDF,
    0x82, 0x41, 0x55, 0x76, 0x8A, 0xD9, 0x30, 0x91, 0xDA, 0xF0, 0x8F, 0xE5, 0xBD, 0xB9, 0xBE, 0x3B,
    0xD9, 0xA7, 0x62, 0x57, 0xC4, 0xA1, 0x50, 0x7B, 0x67, 0x55, 0xE8, 0xFE, 0xE2, 0xE3, 0xE6, 0xE5,
    0xFB, 0x5C, 0xE1, 0x79, 0x9A, 0xDC, 0x73, 0x62, 0x5C, 0x11, 0x6D, 0x6B, 0xFC, 0x8A, 0x7D, 0x6B,
    0xC6, 0xFE, 0x30, 0x6E, 0xE3, 0x84, 0xB9, 0x3B, 0x53, 0x8D, 0xA7, 0x14, 0xFE, 0x10, 0x42, 0x8D,
    0x36, 0x2B, 0x32, 0x6A, 0x87, 0xFC, 0x4B, 0xDD, 0x4A, 0xDB, 0x09, 0x83, 0xF0, 0xD5, 0xD9, 0x43,
    0x8D, 0x31, 0xF2, 0xFE, 0x96, 0x7D, 0x1E, 0x0E, 0xB7, 0xEC, 0xB3, 0x50, 0x67, 0x7E, 0xA3, 0xD9,
    0x72, 0xDD, 0xCE, 0x13, 0x6F, 0x28, 0x25, 0x2A, 0xFF, 0x33, 0x10, 0xB6, 0xBB, 0x31, 0xF1, 0x68,
    0xCB, 0x3E, 0xD3, 0xA7, 0x4C, 0x1E, 0xEA, 0x67, 0x5C, 0xF5, 0x8B, 0xD5, 0xC8, 0x6F, 0xCA, 0x5E,
    0xCD, 0xCE, 0x5B, 0x9F, 0xF2, 0x85, 0x5A, 0xFA, 0xC3, 0x72, 0x3C, 0xCA, 0xFD, 0xA7, 0xC7, 0x76,
    0xBE, 0x5D, 0xB9, 0xB2, 0x80, 0xE1, 0x61, 0x7D, 0x9F, 0xE7, 0xC3, 0xEE, 0xC3, 0x03, 0xB5, 0x80,
    0x17, 0x63, 0x76, 0x7F, 0x29, 0xC2, 0xED, 0x6C, 0x3C, 0x83, 0x99, 0x2C, 0x52, 0x8E, 0xD4, 0x70,
    0x87, 0x62, 0xFC, 0xFD, 0xFA, 0x4F, 0x6F, 0x5A, 0x89, 0x56, 0xC2, 0xEE, 0x27, 0xA7, 0xD3, 0x22,
    0x74, 0x99, 0xEF, 0x60, 0x21, 0x8F, 0x74, 0x3D, 0x65, 0x84, 0xF9, 0x31, 0xE6, 0x1B, 0xCC, 0xF6,
    0xCF, 0x42, 0x25, 0x2D, 0xAF, 0x53, 0xAC, 0x54, 0x91, 0xA6, 0xD7, 0xF4, 0x68, 0x42, 0x39, 0x83,
    0xF5, 0x89, 0x63, 0x35, 0x6D, 0x74, 0x66, 0x63, 0xE7, 0x4C, 0x84, 0xC1, 0xD5, 0x01, 0xA4, 0x6F,
    0x94, 0xAD, 0xF5, 0x64, 0x82, 0x1D, 0x13, 0x1D, 0xB9, 0x30, 0x38, 0x8D, 0x26, 0x1B, 0x25, 0xDF,
    0x58, 0xCA, 0x1B, 0xC3, 0x87, 0x54, 0xDD, 0x6C, 0x57, 0x4C, 0xE5, 0xEB, 0xF7, 0x77, 0x59, 0xD5,
    0x89, 0x4D, 0xA2, 0x6D, 0x13, 0xC3, 0x9E, 0x75, 0xAF, 0xCC, 0x45, 0xC4, 0x19, 0x91, 0xB5, 0x6D,
    0xC4, 0x47, 0xAC, 0xF8, 0xF0, 0x50, 0x34, 0x0A, 0xA3, 0xC8, 0x15, 0xE4, 0xFF, 0x0F, 0x94, 0x5E,
    0x33, 0xF5, 0xE2, 0x12, 0xEA, 0xBE, 0x1B, 0xB7, 0xFF, 0xB9, 0xA6, 0xE5, 0x39, 0xF0, 0x64, 0x33,
    0x99, 0x80, 0x85, 0x0E, 0xBB, 0x60, 0x3D, 0x5C, 0x69, 0xE9, 0xFA, 0x52, 0x5A, 0x63, 0xD3, 0xF5,
    0x43, 0xB8, 0x0D, 0xA7, 0x30, 0xA7, 0x63, 0xE2, 0xF7, 0x96, 0xB6, 0x13, 0x07, 0x30, 0x8C, 0xD5,
    0xBD, 0xD8, 0xF4, 0xB3, 0x65, 0x3E, 0x63, 0x5E, 0xB2, 0x79, 0x29, 0xE2, 0x59, 0xE9, 0xED, 0x0F,
    0xFA, 0xEA, 0x3E, 0x59, 0xFF, 0x18, 0x79, 0xB8, 0x4E, 0x16, 0xEB, 0x96, 0xD9, 0x38, 0x06, 0xE3,
    0xE9, 0x9E, 0x0D, 0xA9, 0xAF, 0xC6, 0x17, 0x93, 0xED, 0x2B, 0x7F, 0x4A, 0xFD, 0x64, 0xE4, 0x46,
    0xE1, 0xA0, 0x6E, 0x31, 0x2D, 0x02, 0xD7, 0x31, 0x03, 0x1C, 0xF1, 0x4D, 0x0B, 0x51, 0xD5, 0x0B,
    0x0F, 0xB7, 0xA8, 0x1C, 0x9C, 0x50, 0x03, 0x33, 0x37, 0x12, 0x4F, 0x78, 0x2E, 0x9B, 0xB2, 0x50,
    0x86, 0x2C, 0x16, 0x63, 0xED, 0x8B, 0x68, 0xB6, 0xEC, 0x06, 0x79, 0x23, 0xFB, 0xD0, 0xC1, 0xAD,
    0xF2, 0xD5, 0x8D, 0xD3, 0x35, 0xD3, 0x93, 0x87, 0x9B, 0x75, 0x4F, 0xE9, 0x44, 0x26, 0x4C, 0xFB,
    0xFA, 0xF0, 0xDA, 0x26, 0x81, 0x55, 0x09, 0x3A, 0x95, 0x28, 0x65, 0x84, 0xD4, 0x9A, 0x96, 0xCD,
    0xB1, 0xE8, 0x2D, 0x93, 0x6E, 0x7D, 0xE3, 0x30, 0xA9, 0xDF, 0x4E, 0xEA, 0xA7, 0x0F, 0xA8, 0xB3,
    0xA9, 0xFF, 0x52, 0xC6, 0x4D, 0xFD, 0xE7, 0x1F, 0x84, 0x4D, 0xFD, 0xD5, 0x97, 0xA7, 0x41, 0x7E,
    0x54, 0x3D, 0x95, 0x56, 0x55, 0x11, 0x60, 0xA2, 0x1A, 0x37, 0x75, 0x4D, 0xAD, 0x74, 0xFA, 0x80,
    0x69, 0xF5, 0xF2, 0x75, 0xEA, 0xFE, 0x35, 0x8E, 0x38, 0x65, 0x24, 0x22, 0x32, 0x16, 0x3E, 0x93,
    0xF4, 0x1F, 0x88, 0xFC, 0xB8, 0xF8, 0x78, 0xA6, 0x74, 0x85, 0x3F, 0xC5, 0xB4, 0xB9, 0x5B, 0x38,
    0x3C, 0x17, 0x2B, 0x03, 0x69, 0x86, 0x16, 0x5E, 0xCF, 0x2B, 0xA7, 0xF2, 0x35, 0x7F, 0x79, 0x90,
    0x4D, 0x37, 0xF2, 0xF9, 0x76, 0x19, 0xEF, 0x54, 0x93, 0x95, 0x77, 0xC3, 0xB5, 0x78, 0x75, 0x7D,
    0x7A, 0xFC, 0xAB, 0x00, 0xE6, 0xA5, 0x7F, 0xDB, 0xD8, 0x94, 0x4F, 0x7B, 0x38, 0xBA, 0x56, 0x6E,
    0x8C, 0x56, 0x56, 0xF2, 0xF0, 0xFD, 0x37, 0xFE, 0x5D, 0xFD, 0x98, 0xED, 0x68, 0xA9, 0x1D, 0x87,
    0x64, 0x12, 0xD9, 0xB5, 0x33, 0xC8, 0xA4, 0x25, 0xDF, 0x7A, 0x26, 0x68, 0xD2, 0xFB, 0xF6, 0xCF,
    0x40, 0x84, 0x3C, 0x42, 0x1D, 0xC9, 0xA4, 0xA7, 0x9A, 0xA1, 0x09, 0xD0, 0x39, 0x18, 0x5C, 0x5A,
    0x46, 0xAD, 0xF4, 0xD6, 0x0D, 0xCE, 0xBA, 0xCE, 0x4B, 0x5F, 0xCB, 0x4A, 0xF6, 0x4F, 0xC7, 0x40,
    0xF6, 0x0F, 0x68, 0x93, 0xC4, 0xAE, 0x05, 0x54, 0x1A, 0x50, 0x63, 0xC0, 0xF1, 0x5E, 0xA6, 0xDE,
    0x2F, 0x1C, 0xBA, 0xA8, 0x14, 0x65, 0xFE, 0xF3, 0x09, 0x28, 0x7F, 0x3A, 0x03, 0xE6, 0x19, 0x65,
    0x5D, 0x2A, 0x6F, 0x14, 0xCA, 0x3B, 0xC5, 0x02, 0x84, 0x62, 0x85, 0xC2, 0x2B, 0x4B, 0x11, 0x01,
    0x93, 0xD8, 0x90, 0x0B, 0xDC, 0x48, 0x19, 0x4D, 0x9A, 0x5F, 0x16, 0xD5, 0x6B, 0x39, 0x91, 0x8B,
    0xB3, 0xD2, 0x5A, 0x99, 0x3A, 0x61, 0x23, 0xC0, 0xB7, 0x5E, 0x53, 0x5A, 0xAF, 0x1C, 0x5A, 0x20,
    0x5B, 0x40, 0xA3, 0x82, 0xAE, 0x8E, 0xCB, 0xE2, 0x33, 0xFF, 0x31, 0x2A, 0xB0, 0x28, 0x1B, 0x51,
    0x9E, 0x35, 0x2D, 0xE4, 0xB1, 0x72, 0x1B, 0xFB, 0xAC, 0xBF, 0x24, 0x3E, 0xBF, 0xCD, 0x23, 0xC0,
    0x30, 0x06, 0xC8, 0x44, 0x3C, 0x14, 0xEF, 0x88, 0x3A, 0x6C, 0x3B, 0x52, 0xBB, 0x2C, 0xF5, 0x9C,
    0x52, 0xDD, 0x66, 0x33, 0x9E, 0x33, 0x8B, 0x55, 0x7F, 0xA9, 0x1C, 0x1A, 0x9F, 0xD4, 0x67, 0x34,
    0xE8, 0x41, 0x5A, 0x90, 0xDF, 0xDD, 0x9F, 0xDB, 0x39, 0x31, 0x3E, 0xE8, 0xED, 0xC3, 0xCF, 0x79,
    0xFB, 0xE1, 0xE7, 0xBC, 0x25, 0x9E, 0xFC, 0x6F, 0xBD, 0xCD, 0xFF, 0x93, 0x37, 0x11, 0x59, 0x77,
    0xE3, 0xA2, 0xB2, 0xBF, 0x98, 0x50, 0x81, 0xF2, 0xD5, 0xC8, 0x11, 0x60, 0xEA, 0x90, 0xC6, 0x83,
    0x26, 0xF0, 0x38, 0xF0, 0x66, 0x2A, 0x22, 0x99, 0xB7, 0x1E, 0xA0, 0x70, 0xDD, 0x08, 0x60, 0x18,
    0x54, 0x99, 0x27, 0x18, 0x52, 0xB8, 0x9B, 0x48, 0x0F, 0x20, 0x92, 0xC6, 0x62, 0x1B, 0x5B, 0xA0,
    0xEA, 0xD5, 0x19, 0xD4, 0x14, 0x42, 0x76, 0xCC, 0x01, 0xC5, 0x4A, 0x31, 0x32, 0xE9, 0x58, 0xBA,
    0x3C, 0x52, 0x2D, 0x18, 0xD7, 0xAC, 0x0C, 0xEB, 0xEB, 0x43, 0x6F, 0x25, 0x93, 0xF4, 0x24, 0x57,
    0xE5, 0x98, 0x2C, 0x7D, 0x07, 0xEE, 0x57, 0x0B, 0x76, 0x2C, 0x16, 0xA4, 0x2F, 0x96, 0x5C, 0xC8,
    0x63, 0xB9, 0x00, 0x26, 0x55, 0x68, 0x02, 0x9A, 0x08, 0xA8, 0xCB, 0x1D, 0xFC, 0x17, 0x11, 0x80,
    0x46, 0x61, 0x66, 0x8A, 0xB6, 0x94, 0xB6, 0xD1, 0xC0, 0x73, 0x92, 0xD0, 0x7C, 0x80, 0x72, 0x02,
    0xB2, 0x19, 0xE0, 0xF4, 0xFC, 0x4C, 0x22, 0x30, 0x1C, 0x03, 0x7C, 0xBF, 0x57, 0xDA, 0x51, 0x69,
    0x82, 0xB2, 0x88, 0x4A, 0xE6, 0xC4, 0xC7, 0x38, 0x6F, 0x5D, 0xF2, 0x3E, 0x24, 0x96, 0x2B, 0x16,
    0x8A, 0x85, 0x1A, 0xCA, 0x99, 0x6B, 0x50, 0xCD, 0x7C, 0x1B, 0x8C, 0x6A, 0x61, 0xE2, 0x7E, 0x96,
    0x36, 0x5A, 0x32, 0x65, 0xAB, 0x96, 0xF7, 0x52, 0x9D, 0x53, 0x0E, 0x89, 0xE2, 0x78, 0x0E, 0xA4,
    0x27, 0x80, 0xB4, 0x59, 0x20, 0x17, 0x0A, 0x4F, 0x23, 0xAF, 0xBF, 0x31, 0x26, 0x41, 0xC7, 0xEE,
    0xD5, 0xAD, 0x3A, 0xCA, 0xDA, 0x2B, 0x6D, 0xAF, 0x5C, 0x14, 0x1C, 0x5F, 0x1A, 0x9F, 0xDF, 0xE9,
    0x95, 0xC3, 0x08, 0xE4, 0x12, 0x80, 0x6D, 0x7B, 0xA2, 0x32, 0xED, 0x09, 0xF0, 0x3D, 0x1E, 0xBB,
    0x24, 0x3E, 0x1B, 0x26, 0xC0, 0xBE, 0x3C, 0x2B, 0x9F, 0x52, 0x5E, 0xCF, 0x92, 0x0E, 0x97, 0xA4,
    0x92, 0xDF, 0x39, 0x26, 0x45, 0x2C, 0xE3, 0x6E, 0xD2, 0xDE, 0x02, 0xBE, 0x79, 0xEE, 0x6C, 0x62,
    0xD8, 0x7A, 0x29, 0xAD, 0x7A, 0x52, 0x47, 0xEA, 0x47, 0xDD, 0x24, 0x2F, 0x75, 0x84, 0x26, 0x80,
    0xD5, 0xEE, 0x49, 0x0E, 0xF6, 0x9B, 0x03, 0xD5, 0x24, 0xD3, 0x47, 0xA5, 0xDD, 0x85, 0x8A, 0xBB,
    0x09, 0xA6, 0xD1, 0x76, 0xE9, 0x34, 0x0E, 0xB8, 0x0D, 0xF0, 0x3C, 0xEC, 0x65, 0x93, 0xAE, 0x0A,
    0xEF, 0x7E, 0x56, 0xA5, 0x55, 0x3B, 0x89, 0xEF, 0x1E, 0xAD, 0x15, 0xCD, 0x03, 0x8B, 0x76, 0xDC,
    0xD5, 0x20, 0x99, 0xD8, 0xFF, 0x2E, 0x9C, 0x29, 0x0A, 0xC5, 0x2E, 0x7A, 0x4C, 0xAB, 0xB2, 0x05,
    0x19, 0x75, 0x02, 0xA5, 0xE9, 0xD3, 0xB4, 0x27, 0x3A, 0x75, 0x2E, 0x2C, 0x77, 0xB3, 0xC5, 0xB7,
    0x6E, 0xC1, 0xDE, 0x5D, 0xA8, 0xDB, 0x09, 0xE0, 0xC2, 0xB4, 0x3A, 0x11, 0xAF, 0x79, 0xCA, 0x0A,
    0xE5, 0x9A, 0x8B, 0xD3, 0xC8, 0x9D, 0xD7, 0xD8, 0x4D, 0xD4, 0xE8, 0xF5, 0xA4, 0xF1, 0xCD, 0x8C,
    0x89, 0xCA, 0x5A, 0x59, 0x88, 0xF8, 0xC4, 0xD1, 0x4C, 0xAA, 0x54, 0x47, 0xD5, 0x6A, 0x82, 0xAA,
    0xD9, 0xA0, 0x7A, 0xDD, 0x88, 0xB8, 0x74, 0xF4, 0x85, 0xA8, 0xAA, 0x59, 0xC8, 0x25, 0x1B, 0xA2,
    0x0A, 0x4A, 0xAF, 0x82, 0xEF, 0xC3, 0x67, 0x3B, 0x01, 0x64, 0x0C, 0x40, 0x2E, 0x32, 0x02, 0xC5,
    0x4F, 0xC4, 0xA5, 0x6D, 0xD5, 0x19, 0x0F, 0xB6, 0x6E, 0xA1, 0x90, 0xC8, 0x20, 0xDB, 0x10, 0x52,
    0x21, 0x6E, 0x43, 0x21, 0x8E, 0x03, 0x28, 0x65, 0xE4, 0x08, 0xAA, 0x21, 0x70, 0x07, 0xCC, 0x0F,
    0x22, 0x5A, 0x4B, 0x33, 0x13, 0xA0, 0x2E, 0x97, 0x2C, 0xC0, 0xF5, 0x62, 0xCD, 0x3D, 0xDC, 0xC8,
    0x45, 0x87, 0x03, 0xE4, 0x95, 0x51, 0x87, 0xE1, 0x2D, 0x07, 0x37, 0xB1, 0x1F, 0x38, 0xB8, 0x43,
    0x23, 0x3D, 0x44, 0x8C, 0xB4, 0x10, 0xA8, 0x04, 0xB2, 0x40, 0x21, 0x50, 0xA4, 0x95, 0x41, 0x27,
    0xB0, 0xA2, 0x1E, 0x38, 0x05, 0x78, 0xA1, 0x55, 0x5A, 0xA7, 0x34, 0x5E, 0x59, 0x04, 0x40, 0x43,
    0x3D, 0xD0, 0xAE, 0xAE, 0x6D, 0x4A, 0x52, 0x7D, 0x4D, 0xE5, 0x02, 0x76, 0xCC, 0x04, 0xA4, 0xD5,
    0x32, 0x69, 0x48, 0x57, 0xCE, 0xD0, 0x39, 0xA3, 0x1C, 0xEB, 0xA8, 0x6C, 0x82, 0x5E, 0xB7, 0x9F,
    0x51, 0x7A, 0xEB, 0xF5, 0x91, 0x8D, 0xB9, 0xB0, 0xB1, 0x58, 0xB5, 0xE6, 0xD5, 0xAC, 0xF5, 0x37,
    0xDB, 0x31, 0x61, 0x47, 0xCA, 0x35, 0xCD, 0x64, 0x91, 0x49, 0x65, 0xF5, 0x14, 0xC8, 0xFF, 0x5E,
    0x59, 0x4D, 0xCA, 0x66, 0x54, 0x76, 0x8A, 0x2C, 0x5E, 0x32, 0x9F, 0x2F, 0x80, 0xCA, 0x3B, 0xA0,
    0x92, 0x11, 0x68, 0x5E, 0x09, 0x68, 0xB1, 0xE3, 0xA5, 0xF2, 0x79, 0xA5, 0xFD, 0x06, 0xD0, 0xC4,
    0x03, 0x76, 0xAF, 0x21, 0x3E, 0x96, 0x00, 0x1C, 0xD7, 0xEE, 0x52, 0xF9, 0x6C, 0x88, 0x9F, 0x7D,
    0x55, 0xBA, 0xA7, 0x95, 0x87, 0xD9, 0xE5, 0xAA, 0x24, 0x7F, 0xC4, 0x77, 0x6F, 0x73, 0xBB, 0x7E,
    0x69, 0x2A, 0x3F, 0xF0, 0x99, 0xF4, 0x0C, 0x6C, 0xDC, 0xCE, 0xB7, 0x2B, 0xDB, 0xF5, 0xED, 0x2E,
    0xA4, 0x56, 0xF5, 0x6A, 0xF5, 0xCF, 0x93, 0xD5, 0x79, 0x6F, 0x35, 0x4F, 0x56, 0xCB, 0x64, 0xD5,
    0x24, 0xAB, 0x07, 0xC9, 0xEA, 0x9B, 0x6A, 0x35, 0xF3, 0x6A, 0xB5, 0x70, 0x6A, 0xD2, 0xA0, 0x7C,
    0x22, 0x59, 0xBD, 0x99, 0xAC, 0x06, 0xB5, 0xFA, 0x9E, 0x53, 0xAB, 0x9F, 0xB4, 0x6A, 0x75, 0x4D,
    0x56, 0xE7, 0xBD, 0xD5, 0x3C, 0x59, 0x2D, 0xFF, 0x56, 0xAD, 0x1A, 0x48, 0xED, 0xF5, 0xC4, 0xA1,
    0x57, 0x36, 0x4E, 0x59, 0x79, 0x65, 0x16, 0xF8, 0x42, 0x6B, 0x64, 0xA9, 0x24, 0x58, 0x99, 0x37,
    0xE6, 0xD2, 0x73, 0x86, 0x5A, 0x3D, 0xA2, 0x10, 0xB8, 0x83, 0x16, 0x36, 0x52, 0x2C, 0x10, 0xD0,
    0xF2, 0xA6, 0x5A, 0x65, 0x5E, 0x0B, 0x95, 0x6F, 0x8C, 0x14, 0x23, 0x75, 0xA0, 0x70, 0x5A, 0xC0,
    0xD2, 0xA5, 0x62, 0xF6, 0x5A, 0x58, 0xD3, 0xAA, 0x3D, 0x83, 0xB2, 0x41, 0xAF, 0xDF, 0x80, 0x7A,
    0xCA, 0x27, 0xA8, 0x44, 0x46, 0x60, 0xB8, 0x4F, 0x6A, 0x57, 0x7E, 0xCC, 0xFE, 0x57, 0x14, 0xA7,
    0x5C, 0x14, 0x85, 0xBF, 0x64, 0x3E, 0x5F, 0x80, 0xDD, 0x77, 0x17, 0xF3, 0x91, 0x03, 0xEC, 0x33,
    0x1E, 0x98, 0x08, 0x97, 0xCA, 0xE7, 0x51, 0x2A, 0xDC, 0x5A, 0x85, 0xCF, 0x78, 0x52, 0x8C, 0x97,
    0xC9, 0xA1, 0x6E, 0xD4, 0xF6, 0xDB, 0x3B, 0x51, 0x14, 0x93, 0xB2, 0x1A, 0xD9, 0x6F, 0xD8, 0x00,
    0x2B, 0xB1, 0x11, 0xD7, 0xA9, 0x55, 0x67, 0x56, 0xF2, 0x99, 0x72, 0x63, 0xA0, 0x10, 0x55, 0xCF,
    0x45, 0x15, 0x33, 0x69, 0xAF, 0x03, 0xD2, 0x1F, 0x69, 0x7C, 0x17, 0x80, 0xEE, 0xAD, 0x11, 0xB0,
    0xEF, 0xF4, 0xCA, 0x8F, 0x00, 0xEA, 0x59, 0x69, 0x26, 0xF6, 0x5B, 0xCE, 0x44, 0xFB, 0x29, 0xBD,
    0x72, 0x50, 0x36, 0x22, 0x3B, 0x7E, 0xD5, 0xDE, 0x4D, 0xD6, 0x94, 0x8D, 0x96, 0xA3, 0x99, 0x36,
    0xE8, 0xEE, 0x23, 0x96, 0x0B, 0x4D, 0xD0, 0xE5, 0x99, 0xE0, 0xCB, 0x05, 0x3B, 0x56, 0x33, 0x9D,
    0xDB, 0x24, 0x07, 0xD7, 0x05, 0x44, 0xA4, 0xDF, 0x30, 0x3D, 0x7C, 0xEF, 0xA6, 0x11, 0x53, 0x45,
    0x06, 0x99, 0xD1, 0xDB, 0xB9, 0x80, 0x56, 0x5D, 0x40, 0x0B, 0x2E, 0xC9, 0x36, 0xA2, 0xB7, 0x42,
    0x23, 0xEA, 0xE2, 0x5D, 0xF9, 0x1B, 0xC0, 0xBE, 0x37, 0x27, 0xA3, 0xEF, 0xA4, 0x61, 0xF8, 0x49,
    0x1A, 0xE4, 0xAD, 0x35, 0x0D, 0xAF, 0xC8, 0xA8, 0x43, 0xAB, 0x3A, 0x99, 0xD0, 0x2C, 0x90, 0x8B,
    0x56, 0x90, 0x62, 0xFD, 0x9D, 0x5C, 0x74, 0x38, 0xCC, 0x34, 0xD8, 0xD2, 0x65, 0x2B, 0x94, 0x73,
    0xF7, 0xD4, 0xAC, 0xAA, 0x76, 0xF7, 0x82, 0x95, 0x36, 0x89, 0xEF, 0x6B, 0xA6, 0x45, 0xDB, 0xAF,
    0x51, 0xA4, 0x55, 0xDA, 0x85, 0x7D, 0x0D, 0xA1, 0xD1, 0xD1, 0x04, 0x20, 0x9F, 0x00, 0x4E, 0x15,
    0xDF, 0x60, 0xD7, 0xCA, 0xF5, 0xD9, 0x96, 0x4E, 0x84, 0x4C, 0x9E, 0x92, 0x4D, 0x31, 0x17, 0x4C,
    0x2C, 0x56, 0x2D, 0x9E, 0x96, 0xAC, 0xD0, 0x92, 0x95, 0x33, 0x83, 0xD3, 0xDC, 0x7B, 0x33, 0x6D,
    0xA8, 0xE3, 0x06, 0xDD, 0xAF, 0xF5, 0x6F, 0x04, 0xBA, 0xB7, 0x7F, 0x16, 0xDB, 0x46, 0x8C, 0xB8,
    0x4A, 0xDF, 0xAA, 0x9A, 0xC2, 0xF9, 0x66, 0xA1, 0x19, 0xCF, 0xF7, 0xDE, 0xCF, 0x5D, 0x98, 0xDA,
    0xE0, 0x20, 0x97, 0x11, 0xCC, 0x7B, 0x01, 0x2C, 0x13, 0x3C, 0xCA, 0xA3, 0x17, 0xA4, 0x96, 0xBD,
    0x96, 0x41, 0xB5, 0x18, 0xA8, 0x65, 0x85, 0x1B, 0xDD, 0x0C, 0x8F, 0x97, 0x01, 0x6D, 0x17, 0x24,
    0xD9, 0x10, 0x77, 0x5F, 0x5F, 0x85, 0x7E, 0x81, 0x2F, 0x50, 0x6D, 0xD7, 0xBA, 0x76, 0x57, 0xD3,
    0xE2, 0x6E, 0xD8, 0xD0, 0x2B, 0xF4, 0x4C, 0xAF, 0xE9, 0xDD, 0x0B, 0x12, 0x2F, 0xD7, 0xF6, 0xC5,
    0x09, 0x3A, 0xF9, 0x60, 0x17, 0xD3, 0x4B, 0x5B, 0xEA, 0xA3, 0x43, 0x6F, 0x62, 0x26, 0x48, 0xAB,
    0x91, 0x73, 0x49, 0xB1, 0xAF, 0xA6, 0xE8, 0x22, 0x5E, 0xE3, 0xCB, 0x7D, 0x92, 0x02, 0xA8, 0xC6,
    0xA7, 0x83, 0x9D, 0x61, 0xD3, 0xF9, 0xBB, 0x99, 0xC7, 0x37, 0xA5, 0xB7, 0xE4, 0xC9, 0x48, 0x23,
    0xE8, 0x03, 0xD5, 0x44, 0xBD, 0x02, 0x57, 0xA4, 0xA7, 0x93, 0x90, 0x2F, 0x75, 0x2C, 0xA7, 0x2A,
    0x9A, 0x50, 0x86, 0xC6, 0xE7, 0xED, 0x97, 0x7E, 0xFB, 0xE9, 0xF5, 0x5C, 0xAF, 0x15, 0xAD, 0x8D,
    0x35, 0x46, 0x56, 0xB2, 0xC1, 0xC3, 0x4D, 0x40, 0x80, 0xA6, 0x07, 0xE3, 0xD2, 0x58, 0x0B, 0xD4,
    0x71, 0xB7, 0xE6, 0xAA, 0xB0, 0x5B, 0x71, 0xB7, 0x76, 0xEB, 0x6D, 0xAF, 0x99, 0x2D, 0x26, 0x96,
    0xD1, 0x6C, 0x9A, 0x26, 0x36, 0x63, 0x13, 0xEC, 0x5D, 0x7D, 0xA7, 0xAE, 0x0C, 0x72, 0xFC, 0x15,
    0x9A, 0x8B, 0x6A, 0x7E, 0x71, 0x75, 0xB9, 0x2F, 0xAD, 0x2E, 0x8D, 0xAE, 0xE1, 0xD1, 0xF8, 0xA8,
    0x00, 0xAA, 0x80, 0x4A, 0xA0, 0x1A, 0xA8, 0x48, 0x52, 0x51, 0x89, 0x1D, 0x54, 0x28, 0x29, 0xA1,
    0x52, 0x49, 0x6B, 0x27, 0xA6, 0xF7, 0x0B, 0x71, 0x98, 0x77, 0x7C, 0x9A, 0x79, 0x7F, 0xC2, 0x23,
    0x5F, 0x4B, 0x16, 0x87, 0x79, 0x60, 0x28, 0xA6, 0xAD, 0x47, 0x6E, 0x6D, 0xE7, 0xF0, 0xB5, 0x54,
    0x47, 0xBF, 0x74, 0x81, 0x22, 0xC2, 0x09, 0xA9, 0x61, 0x57, 0xBA, 0x95, 0x72, 0xA1, 0x9C, 0xF5,
    0xA8, 0x26, 0x4C, 0xD4, 0xA3, 0x0E, 0x68, 0x45, 0xD2, 0x23, 0x7A, 0xFC, 0x57, 0xDB, 0x48, 0xAB,
    0x55, 0x2D, 0x56, 0xBD, 0x6D, 0x7B, 0x4E, 0x7F, 0xDB, 0x08, 0xDD, 0x98, 0x49, 0xA8, 0xDE, 0x8D,
    0x4D, 0x7B, 0x44, 0x6A, 0x46, 0xFA, 0x5A, 0xFA, 0x4C, 0xDA, 0x4C, 0xD8, 0x8E, 0x7C, 0xA5, 0x58,
    0xF4, 0xD0, 0x68, 0x33, 0xE6, 0x3C, 0xA0, 0x59, 0x8E, 0x2B, 0x19, 0xF3, 0x55, 0x8B, 0xB3, 0xD5,
    0x66, 0x2B, 0x8D, 0x56, 0xE6, 0xB7, 0xF3, 0xA0, 0xAD, 0x69, 0xBF, 0x47, 0xFD, 0xEB, 0x48, 0x26,
    0x3D, 0xE5, 0xD6, 0x9B, 0x57, 0x47, 0xFE, 0xB0, 0x0C, 0x50, 0x4C, 0x5C, 0xFD, 0x64, 0x46, 0x64,
    0x29, 0x96, 0x6A, 0xD5, 0x15, 0xDB, 0xF8, 0x5C, 0x74, 0x33, 0xBC, 0xD5, 0x73, 0x1D, 0x5C, 0xB1,
    0x48, 0x5F, 0xCC, 0xD2, 0x97, 0xB3, 0xAE, 0xBB, 0xCE, 0xD5, 0xDE, 0xFA, 0xCE, 0xA5, 0x59, 0x2F,
    0xFE, 0xCB, 0xEF, 0x40, 0xFB, 0xA5, 0x77, 0xA0, 0x5D, 0xAA, 0x89, 0x6E, 0xEE, 0x84, 0x72, 0x7D,
    0x7B, 0x83, 0x3C, 0x29, 0xAD, 0x6E, 0x89, 0xA9, 0xD2, 0x2B, 0x62, 0x2A, 0x04, 0x55, 0xA5, 0xD6,
    0xF7, 0x44, 0xFA, 0x7B, 0xAA, 0xF5, 0xD5, 0x86, 0x51, 0xA1, 0x9F, 0xE7, 0xCE, 0x55, 0xF3, 0xF3,
    0x83, 0x2B, 0xC5, 0xA7, 0xBA, 0xD1, 0x78, 0x30, 0xE7, 0x8B, 0xE9, 0x74, 0xBF, 0x98, 0x4A, 0x69,
    0xD3, 0x02, 0x5E, 0xAB, 0xB9, 0x9A, 0x8A, 0xA5, 0xDE, 0xCE, 0xEC, 0x2E, 0x95, 0x41, 0x53, 0xD9,
    0xBA, 0xA6, 0x21, 0x7D, 0xB5, 0x4B, 0xA5, 0xD9, 0x52, 0xD9, 0xCE, 0x74, 0xBA, 0xC8, 0x08, 0xBB,
    0x2F, 0xFF, 0x0C, 0x18, 0x0F, 0xD8, 0x16, 0x78, 0x14, 0xF6, 0xD1, 0x35, 0x3C, 0x1A, 0x1F, 0x15,
    0x40, 0x15, 0x50, 0x09, 0x54, 0x03, 0x15, 0x48, 0x40, 0x65, 0x50, 0x1D, 0x54, 0x08, 0x55, 0x42,
    0xA5, 0x50, 0xAD, 0x9D, 0x18, 0x83, 0x23, 0x17, 0x4F, 0x75, 0x2F, 0xD0, 0xB4, 0x27, 0xFA, 0x99,
    0xFA, 0x5A, 0xB2, 0xF8, 0xCD, 0x1F, 0xA5, 0x0B, 0x49, 0xA5, 0x6E, 0xEF, 0xA4, 0x7F, 0x64, 0xB2,
    0x2F, 0x2D, 0xD4, 0x4C, 0x00, 0x5F, 0x4B, 0x2A, 0xA6, 0x85, 0xBA, 0x87, 0xDA, 0xA5, 0x73, 0x78,
    0xF8, 0xDF, 0xF8, 0x81, 0x87, 0xFD, 0x6C, 0xA6, 0xAC, 0x7A, 0x32, 0xF9, 0x0F, 0xA8, 0xD5, 0xED,
    0xF0, 0xB2, 0xAE, 0xB7, 0x42, 0x3F, 0x23, 0x95, 0x7E, 0x1F, 0xAE, 0x0D, 0xCE, 0xC4, 0xA3, 0xC1,
    0x35, 0x21, 0x48, 0xDF, 0xFC, 0x6A, 0x94, 0xDE, 0x7E, 0xF8, 0x92, 0x60, 0x25, 0x17, 0x9A, 0x39,
    0x55, 0x45, 0x17, 0xD7, 0xD4, 0x78, 0x2A, 0x91, 0x96, 0xBA, 0x8B, 0x70, 0xB0, 0xDF, 0x6E, 0x95,
    0x51, 0x65, 0x66, 0x80, 0xC3, 0x2F, 0x9A, 0xA3, 0x73, 0x9D, 0x16, 0xB0, 0x5C, 0x76, 0x05, 0x6C,
    0x15, 0x54, 0x53, 0xA6, 0x33, 0x3E, 0xFF, 0x6C, 0xC6, 0xA7, 0x5D, 0x69, 0x35, 0xD3, 0x78, 0xA3,
    0xD3, 0xDE, 0x2A, 0xFE, 0x65, 0xC2, 0x7E, 0xF2, 0xD3, 0xE5, 0xF9, 0x46, 0x4A, 0xF1, 0xD5, 0x94,
    0xAF, 0x2D, 0x70, 0xBE, 0xBB, 0xDD, 0xCD, 0xCC, 0x8B, 0x55, 0xB3, 0x01, 0x90, 0x08, 0x45, 0x9C,
    0xC1, 0xF4, 0x87, 0x17, 0xA9, 0x56, 0x8E, 0x0D, 0x98, 0xD0, 0xB5, 0x09, 0x94, 0xEE, 0x42, 0xD5,
    0x20, 0x17, 0x80, 0x72, 0x52, 0xD6, 0xA3, 0xF2, 0xB6, 0x82, 0xE7, 0xF6, 0xA2, 0x33, 0x4D, 0x8B,
    0x5D, 0x36, 0x69, 0x4A, 0xD5, 0xD6, 0x67, 0x6A, 0x87, 0x2A, 0x3A, 0x90, 0xD6, 0xF4, 0x20, 0xBD,
    0x01, 0x06, 0x77, 0x0D, 0xE8, 0xDC, 0x01, 0x60, 0xC7, 0x9B, 0x4A, 0x1F, 0x80, 0xE6, 0xDE, 0x08,
    0x98, 0x5F, 0xF7, 0x4A, 0x01, 0xA8, 0x96, 0xBD, 0x6C, 0x11, 0x94, 0x1A, 0x0B, 0xEC, 0xFE, 0xAF,
    0xC0, 0x57, 0xA3, 0x46, 0x14, 0x07, 0x74, 0x13, 0x40, 0x26, 0xD3, 0x0E, 0x34, 0x11, 0xA8, 0x53,
    0xE8, 0x04, 0x0F, 0xD8, 0xB7, 0xD7, 0x0D, 0x3F, 0x13, 0x47, 0x77, 0xC7, 0x7A, 0x86, 0xD0, 0x04,
    0xC4, 0xD5, 0x1B, 0xFA, 0x3A, 0x64, 0x42, 0x42, 0xE3, 0x75, 0x61, 0x8F, 0xBA, 0x05, 0x73, 0x85,
    0x2E, 0xE2, 0x5D, 0xF9, 0xF2, 0x05, 0xB3, 0xE8, 0xEC, 0x16, 0xF1, 0x98, 0x4F, 0x56, 0xA8, 0xF7,
    0x81, 0x47, 0x45, 0xF2, 0xA1, 0x67, 0xC3, 0x0A, 0x88, 0x02, 0x4C, 0x7B, 0x92, 0xEE, 0x2D, 0xCA,
    0xBB, 0xCA, 0xFD, 0xBF, 0x2C, 0x3F, 0xB4, 0x7C, 0xCA, 0x5C, 0x30, 0x5F, 0x51, 0xBE, 0xEB, 0xEC,
    0xCB, 0x77, 0x67, 0x5F, 0xBE, 0xF7, 0x46, 0xD8, 0x5C, 0xFD, 0x9F, 0xCA, 0x57, 0x3F, 0x58, 0xBE,
    0xFF, 0x06, 0xCD, 0x9B, 0x01, 0xA4, 0x26, 0xD9, 0x99, 0xFE, 0x9F, 0xAA, 0x4A, 0x52, 0xFF, 0x49,
    0xFD, 0xA5, 0x82, 0x09, 0x93, 0xB4, 0x74, 0x2D, 0x3B, 0x58, 0xB1, 0x99, 0x02, 0x08, 0xBA, 0xBB,
    0x4E, 0x12, 0x2B, 0x08, 0x12, 0x24, 0x00, 0x32, 0x08, 0x18, 0xD6, 0xC2, 0x62, 0xD0, 0x99, 0xAA,
    0xDD, 0xC6, 0x22, 0x48, 0x03, 0x00, 0x3B, 0x08, 0x36, 0x81, 0x59, 0x0C, 0x9A, 0xED, 0x4C, 0xD5,
    0xCC, 0x60, 0x10, 0x6C, 0x6D, 0x63, 0x83, 0xDD, 0xA5, 0x32, 0x1B, 0x16, 0x8B, 0xD4, 0xAC, 0xCA,
    0x4E, 0xF5, 0x4C, 0x7D, 0xF5, 0xEE, 0xF9, 0xA9, 0xEF, 0xA8, 0xDB, 0x5F, 0x77, 0xF7, 0xDC, 0x9D,
    0xBD, 0x3D, 0x73, 0x4F, 0xDF, 0xEF, 0x39, 0xE7, 0x56, 0x75, 0x9D, 0xF3, 0x3E, 0xCF, 0x79, 0xCF,
    0x7B, 0xCE, 0x39, 0xF5, 0x5D, 0x49, 0x66, 0x8D, 0x40, 0xA7, 0x07, 0x53, 0x31, 0x82, 0x15, 0xA8,
    0x7A, 0x02, 0x0D, 0x8C, 0xFF, 0x65, 0xF6, 0x98, 0xFE, 0x7A, 0xF1, 0x98, 0x7F, 0x07, 0x2C, 0x52,
    0xF0, 0x7A, 0x02, 0xDE, 0x49, 0x0E, 0x1E, 0xC7, 0x64, 0x95, 0x92, 0x01, 0x4C, 0xCD, 0x4C, 0xCA,
    0x41, 0x95, 0x8A, 0x3D, 0x5E, 0x57, 0xE4, 0x71, 0xF6, 0xE8, 0xA2, 0x49, 0xB2, 0x26, 0x9D, 0x15,
    0x5B, 0x57, 0x99, 0xAB, 0x6C, 0xAE, 0x4D, 0x1E, 0x45, 0x52, 0x4E, 0x7B, 0x85, 0x8D, 0x3A, 0x93,
    0xD2, 0xF5, 0xBB, 0x4E, 0xB5, 0x99, 0x7F, 0xFA, 0x5B, 0xA6, 0x74, 0x89, 0x4D, 0xF9, 0xE4, 0xDB,
    0x29, 0x47, 0xDF, 0x70, 0xD5, 0x7B, 0x1B, 0xEA, 0xCE, 0x9B, 0xD3, 0x76, 0xD9, 0x22, 0x6B, 0xF2,
    0xD9, 0x43, 0x31, 0x79, 0xF0, 0x34, 0xDA, 0xE6, 0xB5, 0x51, 0xF5, 0xBD, 0x7F, 0x9C, 0x5C, 0x69,
    0xB9, 0x75, 0xD9, 0x9C, 0x1E, 0x24, 0x6C, 0xED, 0xB0, 0x3B, 0x6B, 0x20, 0x6B, 0x5C, 0xC9, 0x26,
    0x5D, 0x22, 0x29, 0x72, 0x5D, 0x93, 0xF2, 0xBF, 0x9A, 0x78, 0xBE, 0x97, 0xA2, 0xD5, 0x3D, 0x3D,
    0x3D, 0x2E, 0x41, 0xB7, 0xDF, 0x01, 0xB2, 0x1E, 0x2C, 0x1A, 0xB0, 0x74, 0x02, 0x3B, 0xB0, 0x30,
    0x10, 0x3B, 0x2F, 0x9C, 0x77, 0x41, 0x33, 0xAF, 0x50, 0xFD, 0xAF, 0x80, 0x03, 0xF0, 0x06, 0x50,
    0xCF, 0xDC, 0x9D, 0x28, 0x46, 0xBF, 0x04, 0xA1, 0x2A, 0xE5, 0x23, 0x58, 0x36, 0xE0, 0x5D, 0x9D,
    0xA4, 0x2B, 0x76, 0x5B, 0x8A, 0x0C, 0x46, 0xF9, 0xFD, 0xEC, 0x20, 0x2C, 0x3A, 0xC0, 0xD9, 0x63,
    0x6C, 0x8A, 0x27, 0x38, 0x50, 0xC9, 0x02, 0x16, 0x33, 0x58, 0x4E, 0x47, 0xDD, 0x77, 0x1C, 0x1E,
    0xC2, 0xAD, 0x51, 0x90, 0x67, 0x13, 0xA7, 0xD4, 0x5C, 0x29, 0x9A, 0x5A, 0x42, 0xB3, 0xFC, 0x86,
    0x48, 0x5C, 0xC8, 0x79, 0xAA, 0xE2, 0xDA, 0xB3, 0x00, 0xE9, 0x73, 0x8C, 0xF6, 0xDA, 0x46, 0xC5,
    0x07, 0x4F, 0x2A, 0x9D, 0xB3, 0xC9, 0x53, 0x49, 0x47, 0x95, 0x43, 0xEC, 0xBC, 0x99, 0x10, 0x46,
    0xEA, 0x16, 0xB0, 0xE6, 0x08, 0xFC, 0xCA, 0x0D, 0xDF, 0x60, 0x35, 0x15, 0xF4, 0xEB, 0x2A, 0x45,
    0xED, 0x20, 0xD2, 0x4B, 0x12, 0x1D, 0x29, 0x65, 0xF8, 0x67, 0x79, 0x6B, 0x44, 0xC2, 0xE9, 0x44,
    0x8E, 0x4D, 0x0D, 0xC4, 0xD8, 0xB4, 0x40, 0x0A, 0x94, 0x98, 0x10, 0x02, 0x2E, 0x47, 0x19, 0x50,
    0x01, 0x9A, 0x01, 0x86, 0x07, 0x61, 0x14, 0xF4, 0x03, 0x7B, 0xC8, 0x6F, 0xDC, 0x37, 0xEA, 0x98,
    0x19, 0xDB, 0xA0, 0xEC, 0x5D, 0xCF, 0xC7, 0xDD, 0xF5, 0xA4, 0x9F, 0x0D, 0x9C, 0xA1, 0x0C, 0x63,
    0x08, 0xC3, 0x17, 0xBA, 0xB0, 0x85, 0x2C, 0xE4, 0x60, 0xC9, 0x87, 0x32, 0x3C, 0xA1, 0x09, 0xCB,
    0x23, 0xC9, 0x1A, 0xE0, 0x7E, 0x04, 0xE0, 0x18, 0xA4, 0x4F, 0x85, 0x63, 0xED, 0x24, 0xEB, 0xF8,
    0xE0, 0xAF, 0xA4, 0x8B, 0xE1, 0xF8, 0x65, 0xFF, 0x4F, 0xB9, 0x5B, 0xA4, 0xEC, 0x37, 0xA3, 0x94,
    0x50, 0x7F, 0x6C, 0x9F, 0x0A, 0xC7, 0x17, 0xF4, 0x13, 0xE5, 0xB7, 0x26, 0x02, 0x9E, 0x12, 0xE6,
    0xA5, 0x1F, 0x5C, 0x10, 0xC7, 0x67, 0xF4, 0x15, 0xDA, 0x6C, 0x18, 0xE2, 0xE9, 0xBD, 0x59, 0xD0,
    0x1C, 0x14, 0x7A, 0x55, 0xBF, 0x50, 0x48, 0xB5, 0x71, 0xBD, 0x35, 0x23, 0x94, 0xAD, 0x78, 0xB7,
    0xE7, 0x5A, 0x0F, 0x4A, 0x17, 0x98, 0x65, 0x0B, 0x24, 0xF3, 0x19, 0xEB, 0xF3, 0x09, 0x2C, 0x40,
    0x18, 0x79, 0xAC, 0x3C, 0xCE, 0xF0, 0x2C, 0x26, 0x06, 0x54, 0x39, 0x62, 0x5C, 0x35, 0x62, 0x52,
    0xDD, 0xD3, 0x6D, 0xD6, 0x21, 0x9B, 0x11, 0x09, 0x73, 0xE2, 0x41, 0xD4, 0x4E, 0x34, 0x68, 0x0D,
    0x0D, 0xFE, 0x4E, 0xC2, 0xAA, 0xD1, 0x30, 0xD1, 0x06, 0x04, 0xF5, 0xC1, 0x6A, 0x8B, 0x0D, 0x6F,
    0xF7, 0x64, 0xF5, 0x5B, 0x4E, 0x61, 0x48, 0x66, 0x07, 0x2C, 0xE7, 0x69, 0x27, 0xC5, 0x84, 0x42,
    0x6D, 0xC1, 0x50, 0x5B, 0x38, 0xD4, 0x16, 0x10, 0x43, 0x00, 0xDA, 0x82, 0x22, 0xCF, 0x66, 0x64,
    0x04, 0x46, 0x32, 0x42, 0x23, 0x19, 0xDD, 0xB2, 0x85, 0x47, 0x6D, 0x01, 0x52, 0x2A, 0xED, 0x7B,
    0x38, 0x02, 0x41, 0xF2, 0x63, 0xEB, 0x92, 0xF8, 0x87, 0x40, 0xEB, 0x2F, 0x40, 0x17, 0x54, 0x09,
    0x51, 0xCA, 0x6C, 0x05, 0xB0, 0xCC, 0x1A, 0xC0, 0x29, 0x5B, 0x0D, 0xFB, 0x4C, 0x89, 0x25, 0xE6,
    0xCD, 0xF6, 0x1A, 0x14, 0x28, 0x50, 0x0D, 0xE7, 0x9B, 0x12, 0x2A, 0xF8, 0xC2, 0x56, 0x61, 0xE9,
    0x51, 0x82, 0x67, 0x13, 0x26, 0x39, 0xB5, 0xA0, 0xD7, 0x40, 0x95, 0xD0, 0xA0, 0x10, 0x1A, 0x5C,
    0x15, 0x1A, 0x30, 0x8E, 0x66, 0x89, 0x2E, 0xD8, 0x27, 0xD4, 0x12, 0x1E, 0xA0, 0x53, 0x08, 0xE6,
    0xD0, 0x80, 0x47, 0xE8, 0x4C, 0x04, 0xF8, 0xBE, 0xA0, 0x32, 0xC2, 0x25, 0x1A, 0x19, 0x7F, 0xC9,
    0xA0, 0xD2, 0x7E, 0xF9, 0x5A, 0x2F, 0x1A, 0xEC, 0xF6, 0x85, 0x11, 0xC6, 0x9D, 0x8C, 0xFD, 0xE8,
    0x90, 0x4F, 0xE9, 0x94, 0x4F, 0xF9, 0x98, 0x4F, 0x65, 0x5F, 0x8E, 0xD5, 0x9B, 0xD6, 0xD5, 0xB6,
    0xFA, 0x27, 0x6F, 0x3F, 0x66, 0x5C, 0x1C, 0x8E, 0xE3, 0xE2, 0xEB, 0x7A, 0x1D, 0x43, 0xE3, 0x51,
    0x54, 0x4E, 0x2B, 0xF1, 0xAA, 0x73, 0xB3, 0x2E, 0x1E, 0xC9, 0x1A, 0xDC, 0xF8, 0x5E, 0x00, 0xEB,
    0xAB, 0x7A, 0x59, 0xF9, 0x37, 0x47, 0xA6, 0x18, 0x4C, 0x7B, 0x88, 0xF9, 0xEA, 0x99, 0xCF, 0x81,
    0x79, 0x31, 0x56, 0x5D, 0xDB, 0xD5, 0xBF, 0x3F, 0x0F, 0x73, 0x1D, 0x80, 0xC4, 0x76, 0x8C, 0x16,
    0x5D, 0xAA, 0xFE, 0x7E, 0x83, 0x81, 0xED, 0xB8, 0x85, 0xB1, 0x17, 0xD4, 0xE7, 0x9F, 0xBE, 0x17,
    0x13, 0x82, 0xB9, 0x4C, 0x03, 0x1D, 0x58, 0x6C, 0xD8, 0x83, 0xB9, 0x81, 0xF1, 0x7A, 0x01, 0x3C,
    0xCB, 0xE3, 0xFA, 0x6C, 0x41, 0xBE, 0xE3, 0x62, 0xB6, 0xA4, 0xD9, 0x6D, 0x55, 0xF4, 0x1C, 0xA4,
    0xE8, 0x72, 0xE5, 0xEF, 0xC0, 0x30, 0xB3, 0x6E, 0xF7, 0x84, 0xBF, 0xBB, 0x24, 0xDE, 0x5F, 0xE8,
    0x15, 0xE5, 0x6F, 0xCD, 0x62, 0xB2, 0x8A, 0xA9, 0xEC, 0x87, 0x17, 0xE5, 0xFD, 0x2F, 0x39, 0x78,
    0xD2, 0x06, 0x93, 0x0D, 0x86, 0xFF, 0x35, 0x2A, 0xFC, 0x44, 0x77, 0xF4, 0x60, 0xFA, 0x3C, 0x01,
    0x38, 0x32, 0x33, 0xE6, 0x9C, 0xD8, 0x3A, 0xF8, 0x78, 0xC4, 0x00, 0x87, 0x6B, 0x3E, 0xBF, 0xAF,
    0x68, 0x77, 0xFA, 0xC7, 0xB5, 0xAC, 0x7F, 0xAC, 0xAB, 0xC6, 0x18, 0x1C, 0x54, 0x2C, 0x02, 0x27,
    0xB0, 0x1C, 0xFD, 0x5D, 0x90, 0xC2, 0x80, 0x80, 0x55, 0x8F, 0xBC, 0x6D, 0xAF, 0x68, 0x63, 0x7E,
    0x65, 0x8B, 0xFB, 0xD1, 0x0F, 0xC0, 0xFC, 0x00, 0x56, 0x06, 0x1E, 0x0A, 0x87, 0xFB, 0xA4, 0x9D,
    0xF6, 0x54, 0x4B, 0xFA, 0x8B, 0x0F, 0x8C, 0xB1, 0x62, 0x3F, 0x63, 0x85, 0xDE, 0xFE, 0x19, 0x6E,
    0x55, 0x35, 0x52, 0xD5, 0x55, 0x08, 0xE0, 0xEA, 0x06, 0x6C, 0x1D, 0x68, 0x54, 0x76, 0x6B, 0x0B,
    0xF4, 0x13, 0xD5, 0x7B, 0x32, 0x50, 0x27, 0xCD, 0x40, 0x64, 0xBF, 0x40, 0x1E, 0x33, 0x7E, 0x6B,
    0x8D, 0x29, 0xEF, 0x83, 0xD7, 0x4C, 0xF2, 0x15, 0x7A, 0x6C, 0x75, 0xC4, 0x55, 0xAA, 0x9B, 0x6C,
    0x11, 0x1D, 0x3D, 0xD0, 0x29, 0xF7, 0x45, 0x62, 0xDF, 0x26, 0x65, 0xCD, 0xEB, 0x67, 0x56, 0x19,
    0xEE, 0xC9, 0xAA, 0x36, 0x67, 0x54, 0x6D, 0x62, 0xC3, 0x98, 0xA7, 0xA6, 0xEA, 0xE9, 0xCE, 0x77,
    0x0D, 0xCE, 0x7B, 0xA2, 0xE7, 0x1F, 0x36, 0x3D, 0xFF, 0x36, 0xE8, 0x59, 0x7E, 0x84, 0x9E, 0x8B,
    0xC2, 0xC4, 0x99, 0x7F, 0x00, 0xDD, 0x9B, 0x21, 0xA6, 0x42, 0xF4, 0x83, 0x13, 0x3D, 0xB3, 0xFB,
    0x8F, 0xD0, 0xF3, 0x20, 0xF4, 0x9C, 0x4F, 0xF5, 0xC4, 0x9C, 0x30, 0xD1, 0x47, 0xE0, 0xBE, 0x0C,
    0xBF, 0x54, 0xBE, 0x1A, 0xCF, 0x12, 0x0D, 0x0B, 0x5C, 0xC0, 0x64, 0xD2, 0x65, 0xF4, 0xD2, 0x4B,
    0xA0, 0x95, 0x48, 0xF1, 0xCF, 0xC1, 0x64, 0xDC, 0x37, 0xFE, 0x79, 0x03, 0xBE, 0xA0, 0x2D, 0x7D,
    0x56, 0xFB, 0x6F, 0x77, 0x81, 0x68, 0x06, 0xD3, 0x4B, 0xAC, 0x2A, 0x9C, 0x76, 0xD5, 0x18, 0x5C,
    0xA4, 0x43, 0x09, 0xC6, 0x13, 0xF4, 0x14, 0xBB, 0xC8, 0xED, 0xD6, 0xDB, 0x5C, 0xD9, 0xA2, 0xD6,
    0x66, 0x5F, 0x62, 0x4F, 0x9F, 0x98, 0x63, 0x86, 0x49, 0x68, 0x77, 0xA1, 0xA4, 0x6C, 0xA1, 0x84,
    0x96, 0x19, 0xD9, 0x44, 0x49, 0xC5, 0x48, 0x89, 0xC6, 0x61, 0x51, 0xF9, 0x6C, 0x14, 0x8A, 0x57,
    0x64, 0x3D, 0x25, 0xD5, 0x1D, 0x25, 0xB5, 0x1D, 0x25, 0xFA, 0x75, 0xDB, 0x25, 0xF1, 0x43, 0x3C,
    0xA2, 0x1D, 0x73, 0x31, 0xFD, 0x4D, 0xE3, 0xD8, 0x30, 0xF9, 0xD2, 0x46, 0x01, 0x02, 0xC1, 0xFC,
    0x43, 0x45, 0x1F, 0x79, 0xD3, 0x63, 0x17, 0x3B, 0x69, 0x9B, 0x30, 0x80, 0x1E, 0x81, 0x1E, 0x75,
    0x6E, 0xF0, 0x9D, 0x83, 0x87, 0xCA, 0x5C, 0x64, 0xA3, 0x35, 0xB1, 0x75, 0xD6, 0x25, 0xC6, 0x02,
    0x7F, 0xF5, 0xE0, 0x9D, 0xCA, 0x5C, 0xB6, 0x44, 0x2C, 0xD1, 0xC3, 0xD1, 0x4D, 0x3E, 0x32, 0xA7,
    0x02, 0xE5, 0x90, 0xB2, 0x62, 0x4F, 0xD6, 0x3F, 0xAA, 0xFA, 0xC4, 0x26, 0x5F, 0x71, 0xDB, 0x9C,
    0x43, 0xA3, 0xD8, 0x48, 0x63, 0xB2, 0x65, 0x4F, 0x5D, 0xA3, 0x20, 0x40, 0xE0, 0x9E, 0x9B, 0xF5,
    0x1B, 0xEC, 0x02, 0x44, 0x56, 0x99, 0xE2, 0xF5, 0xB7, 0xEC, 0x6B, 0x3A, 0xE0, 0x28, 0x80, 0x4B,
    0xE1, 0x9E, 0x01, 0xF9, 0x63, 0x05, 0xE8, 0x93, 0xF5, 0xC7, 0x67, 0x04, 0x88, 0x6E, 0x47, 0x0C,
    0xD2, 0x1C, 0x2E, 0xAB, 0x74, 0xBD, 0x5E, 0xA4, 0x1F, 0xA7, 0xA3, 0xCE, 0x24, 0xAC, 0x42, 0x21,
    0xA1, 0x8F, 0xD0, 0x04, 0x6D, 0x42, 0x20, 0xCA, 0x67, 0x60, 0x0A, 0xE3, 0xB8, 0x3C, 0xD9, 0x9D,
    0x3F, 0xA2, 0x0F, 0xA9, 0x04, 0x05, 0xE0, 0x1F, 0x6A, 0x47, 0xC5, 0xE8, 0xD5, 0x48, 0x58, 0x52,
    0xD8, 0xAA, 0xEB, 0xE5, 0xA2, 0xE7, 0xCF, 0x98, 0xC1, 0x50, 0x2A, 0x8E, 0xCA, 0x79, 0x7A, 0x7C,
    0xBC, 0x02, 0x18, 0xC3, 0x07, 0x7B, 0x30, 0x07, 0x6B, 0x30, 0xE6, 0xF8, 0x39, 0xDC, 0xDE, 0x97,
    0xF6, 0xA7, 0xBB, 0x1B, 0x9A, 0x85, 0x13, 0x94, 0x1E, 0x55, 0x01, 0x64, 0xE0, 0x02, 0x15, 0x98,
    0x9C, 0x1E, 0x07, 0x60, 0xC7, 0xD6, 0x85, 0xC7, 0xAA, 0x8E, 0x6B, 0xB3, 0xB1, 0xB2, 0x41, 0x61,
    0x7C, 0xD6, 0x2B, 0x81, 0x2E, 0x5D, 0xF8, 0xC9, 0x66, 0x5F, 0x2F, 0x3F, 0xC5, 0x31, 0x82, 0x51,
    0x25, 0x3F, 0xFF, 0xED, 0x4A, 0x73, 0xD9, 0xBC, 0xCD, 0xED, 0x79, 0xF3, 0x3A, 0x1E, 0x40, 0xDD,
    0x4F, 0xD1, 0x54, 0x76, 0x3E, 0x7E, 0xE3, 0x93, 0x59, 0x87, 0x36, 0x1F, 0xC7, 0xDA, 0xA7, 0x23,
    0xE0, 0x1D, 0x5F, 0x4D, 0xBF, 0x45, 0xEA, 0x92, 0x0F, 0x65, 0x13, 0x56, 0xB1, 0x44, 0xE0, 0x48,
    0xA0, 0xEE, 0xB9, 0x13, 0x5C, 0xA2, 0xB0, 0x86, 0x83, 0x5F, 0x36, 0xF7, 0xF4, 0x32, 0xE3, 0x16,
    0xEB, 0xB1, 0x23, 0x87, 0x80, 0x40, 0x1B, 0x3C, 0x4F, 0x06, 0x42, 0xA7, 0x52, 0xAA, 0xA4, 0xDA,
    0xA3, 0x53, 0x05, 0xC9, 0xB3, 0x27, 0x5F, 0x0D, 0x53, 0xFF, 0xD3, 0x14, 0xFD, 0xE3, 0x48, 0xCC,
    0x73, 0xDE, 0x0C, 0xB3, 0x11, 0x4B, 0xB2, 0xCD, 0xE3, 0xB3, 0x05, 0x7B, 0x08, 0xA3, 0x47, 0xA6,
    0x47, 0xB6, 0xC7, 0xCA, 0xB0, 0x0D, 0xD3, 0xA8, 0x74, 0xC4, 0xC2, 0xCD, 0x40, 0xC4, 0xC3, 0x4E,
    0xCC, 0xE4, 0xD3, 0x6E, 0xD6, 0x1E, 0xD7, 0xF2, 0x64, 0x48, 0x89, 0xD9, 0xCC, 0xD1, 0x58, 0x9E,
    0x18, 0x36, 0x70, 0xDA, 0x81, 0xFD, 0xA8, 0x10, 0x46, 0x7E, 0x98, 0x84, 0x68, 0x71, 0x9F, 0xBC,
    0xA9, 0x0E, 0x5C, 0xB7, 0x5F, 0x06, 0x81, 0x4A, 0xA7, 0xC8, 0x9A, 0x7C, 0xE1, 0xFC, 0x65, 0xF1,
    0x0A, 0xA7, 0x5C, 0x56, 0x70, 0xBA, 0xC4, 0xC6, 0x1A, 0x20, 0x32, 0x0D, 0xBE, 0xEA, 0xAA, 0x07,
    0x3A, 0xCF, 0xBE, 0xEE, 0x72, 0x4F, 0x1D, 0xB0, 0xC6, 0x93, 0x32, 0x57, 0x7A, 0x50, 0x35, 0x44,
    0x1E, 0xFA, 0x18, 0x48, 0x56, 0xAF, 0xD5, 0xB7, 0x0F, 0x2A, 0xED, 0x3B, 0xA8, 0x79, 0x1A, 0x8D,
    0x42, 0x0C, 0x12, 0x56, 0x79, 0x45, 0xC3, 0x91, 0xB8, 0xBE, 0xE6, 0x44, 0x97, 0x1F, 0x17, 0xD0,
    0xD9, 0xBB, 0x48, 0xE5, 0x16, 0x56, 0x25, 0xCF, 0x9D, 0x3F, 0xE2, 0x01, 0xE7, 0x8A, 0x78, 0x21,
    0xEC, 0x21, 0xAD, 0x10, 0x76, 0x03, 0x44, 0x05, 0xC2, 0x99, 0xFA, 0x12, 0x4C, 0x6E, 0x7B, 0xDA,
    0xA7, 0x8E, 0xDF, 0xED, 0xD2, 0xB6, 0x33, 0x4B, 0xC0, 0x5F, 0x49, 0x59, 0x57, 0x6A, 0x4F, 0x30,
    0x08, 0x7B, 0xAC, 0x7A, 0x6B, 0x37, 0x40, 0x1B, 0x22, 0xAD, 0x80, 0xE8, 0xA4, 0xDD, 0x03, 0xB0,
    0x3C, 0x2E, 0x8E, 0x8F, 0x0A, 0xAC, 0xFA, 0xA3, 0xF1, 0x95, 0x85, 0xD3, 0x57, 0xB4, 0xA9, 0x99,
    0xCC, 0xC8, 0x1C, 0xFA, 0x20, 0x02, 0xB3, 0x4B, 0x43, 0x6D, 0xAC, 0x76, 0x98, 0x81, 0x26, 0x51,
    0x63, 0xD6, 0x91, 0x4D, 0xA5, 0x44, 0xAD, 0x0B, 0x59, 0xF9, 0xFE, 0x71, 0xBF, 0x65, 0x22, 0xFB,
    0xD0, 0x1C, 0xD9, 0x3F, 0x59, 0x23, 0x0C, 0xB7, 0x4D, 0xB7, 0x16, 0x42, 0xD6, 0xD4, 0x23, 0x99,
    0xAB, 0x26, 0xA1, 0x5E, 0xB9, 0xC0, 0xD7, 0xE5, 0xAB, 0xB0, 0x21, 0xB5, 0x0E, 0xA7, 0x8C, 0x10,
    0xF9, 0x24, 0xAD, 0x40, 0x38, 0x71, 0x89, 0xC7, 0x4D, 0xA8, 0x7E, 0xFB, 0xCD, 0x9D, 0x67, 0x8D,
    0xF1, 0x6D, 0x9B, 0x64, 0x89, 0xAF, 0xDC, 0x64, 0x2E, 0x5E, 0xA3, 0xD9, 0xF3, 0x4B, 0x7B, 0x0F,
    0xA5, 0xF3, 0x14, 0xE9, 0x05, 0x33, 0x01, 0x4E, 0xF9, 0xC1, 0x3A, 0xD6, 0x85, 0xBD, 0xE7, 0xC7,
    0xEA, 0x74, 0x28, 0x59, 0xAB, 0x16, 0xCC, 0xB3, 0x99, 0x27, 0xD0, 0x45, 0xAD, 0xD3, 0x9E, 0xAA,
    0x26, 0xEC, 0x38, 0x16, 0x60, 0xC4, 0x4C, 0x2E, 0x95, 0x34, 0x59, 0xD1, 0x64, 0x42, 0x93, 0xC9,
    0xDE, 0xE4, 0xF2, 0x40, 0x93, 0xF9, 0xF9, 0x9B, 0x7C, 0x29, 0xF4, 0x7F, 0x8C, 0xDE, 0xD9, 0x18,
    0xDE, 0x7C, 0x3D, 0xA7, 0x8F, 0xED, 0xE3, 0xE5, 0x89, 0x8F, 0x7B, 0x40, 0xB5, 0x67, 0xF1, 0xF1,
    0x6B, 0x48, 0xF7, 0x32, 0x0D, 0x4E, 0x1C, 0xDC, 0x8F, 0x9C, 0x34, 0x8C, 0xAD, 0x19, 0x4A, 0x7F,
    0x6D, 0x8B, 0x30, 0x18, 0x92, 0x4E, 0x5B, 0x74, 0xFF, 0xB2, 0x44, 0x62, 0x46, 0xE7, 0x13, 0x1F,
    0x67, 0xF5, 0x98, 0xB8, 0x13, 0x66, 0xF5, 0xE5, 0x18, 0x74, 0xE7, 0x33, 0x41, 0x77, 0xC4, 0x8A,
    0x3D, 0xE0, 0x56, 0xDD, 0x1E, 0x74, 0xDB, 0x7F, 0xC6, 0xAB, 0xB0, 0xF7, 0x93, 0x24, 0xB7, 0xA7,
    0x64, 0xA2, 0xFA, 0x21, 0x9C, 0x3C, 0x15, 0x3A, 0x8A, 0x1D, 0xD9, 0xEC, 0x7F, 0x54, 0x9E, 0xC4,
    0xF9, 0x0E, 0xC3, 0xDB, 0x86, 0x9A, 0x09, 0xBB, 0x50, 0x4F, 0x1E, 0x9C, 0xC1, 0xB2, 0xC3, 0x8B,
    0x89, 0x8D, 0xDB, 0x42, 0x20, 0x7E, 0x95, 0x2E, 0xDC, 0x66, 0xB0, 0x6B, 0x1B, 0xBF, 0xCA, 0x41,
    0xF0, 0x0D, 0xC1, 0x70, 0x81, 0x62, 0x34, 0xC2, 0x11, 0x47, 0x87, 0x24, 0x04, 0x37, 0x3C, 0xDD,
    0x62, 0x81, 0x27, 0x27, 0x47, 0xE0, 0xC6, 0x76, 0xA3, 0xBB, 0xF1, 0x15, 0x84, 0x05, 0xE3, 0x51,
    0x50, 0x1E, 0xB5, 0x71, 0x2E, 0xEC, 0xD6, 0xEC, 0x3F, 0x63, 0x6C, 0xDF, 0xED, 0x23, 0xCB, 0x9B,
    0xD8, 0xAE, 0x7E, 0xD2, 0xBD, 0x16, 0xF3, 0x5A, 0x24, 0x5D, 0x01, 0x26, 0x8E, 0x78, 0xFE, 0x5F,
    0xF5, 0xDA, 0xE6, 0x76, 0xEE, 0x23, 0xDC, 0xAE, 0x6C, 0xF2, 0xA9, 0xED, 0xFD, 0xA7, 0x2B, 0xC6,
    0xCA, 0x3D, 0x96, 0xC0, 0x7F, 0x32, 0x8D, 0x9D, 0x93, 0xC0, 0xFF, 0x03, 0xEE, 0xE2, 0xF7, 0x9C,
    0x21, 0xAE, 0x21, 0xA6, 0xB6, 0x21, 0x1C, 0x65, 0xAD, 0x87, 0xCF, 0x7C, 0x34, 0x81, 0x27, 0xFA,
    0xD4, 0xBF, 0xCA, 0x16, 0xD9, 0x10, 0x9B, 0x0A, 0xC3, 0xB4, 0x3F, 0x7E, 0x8C, 0x4F, 0xE9, 0x2B,
    0xB7, 0x41, 0x9E, 0x21, 0x19, 0xA0, 0x64, 0xD6, 0xBE, 0x63, 0xD6, 0x33, 0xDA, 0x53, 0xED, 0xAB,
    0x31, 0x16, 0x23, 0x3E, 0x1B, 0xE1, 0xC7, 0x7B, 0xC2, 0x04, 0x33, 0x37, 0xE3, 0x6F, 0x62, 0xFE,
    0xC8, 0x12, 0x2E, 0xFF, 0xD1, 0x24, 0xC6, 0x79, 0xBE, 0x88, 0xC5, 0x48, 0x8A, 0x67, 0xEA, 0x85,
    0x64, 0x8D, 0x07, 0xE9, 0x7A, 0x6C, 0x64, 0x9E, 0xDA, 0xAD, 0x9E, 0xAC, 0x7D, 0xBB, 0x93, 0xE7,
    0x58, 0xFD, 0x47, 0xC7, 0xEA, 0xAF, 0x24, 0xFE, 0x4E, 0xCA, 0xB1, 0x8F, 0x63, 0x79, 0xC9, 0x3F,
    0x9A, 0xD0, 0x3B, 0x9C, 0x60, 0xA2, 0xAF, 0xB4, 0xA2, 0x30, 0x27, 0xBD, 0xA4, 0x4D, 0xE5, 0xF0,
    0x4E, 0xBA, 0x74, 0x67, 0xDE, 0x49, 0x57, 0x07, 0x16, 0x11, 0x8B, 0x7F, 0x24, 0x5D, 0xEF, 0x79,
    0xB0, 0x6F, 0x9A, 0x4B, 0x57, 0xF6, 0x47, 0x4B, 0xCC, 0xFE, 0x28, 0xD9, 0xF6, 0x47, 0xC7, 0xAD,
    0xD1, 0xC8, 0xB2, 0x63, 0xC8, 0x3C, 0xF4, 0x40, 0x97, 0xB3, 0x00, 0xC9, 0x96, 0x17, 0xDB, 0x2E,
    0xB5, 0xC1, 0x58, 0x65, 0x5E, 0x46, 0x01, 0x4E, 0x52, 0xE5, 0xC0, 0xB0, 0x8A, 0x5D, 0x00, 0x9E,
    0x17, 0x59, 0xF3, 0x54, 0x34, 0x21, 0xE9, 0x2B, 0xD4, 0x5D, 0x02, 0x55, 0x38, 0x4D, 0x51, 0x68,
    0x95, 0x76, 0x15, 0x8F, 0xDB, 0x61, 0xFC, 0x52, 0x83, 0x6A, 0x97, 0xCD, 0xDA, 0x31, 0x3C, 0x7D,
    0x99, 0x7D, 0x2C, 0x6B, 0x0A, 0xE7, 0x6F, 0xF9, 0x62, 0x64, 0x8C, 0x55, 0xEB, 0x3D, 0x7C, 0xE9,
    0x29, 0xF9, 0x58, 0x3C, 0x9D, 0x59, 0x62, 0x87, 0x2C, 0xDE, 0x32, 0x1D, 0xB3, 0xD1, 0xA6, 0x72,
    0x50, 0xDA, 0xDB, 0x1F, 0x6C, 0xD1, 0x0D, 0x15, 0x1F, 0x7E, 0x77, 0xD1, 0x17, 0x55, 0x1C, 0xB6,
    0x97, 0x8B, 0x33, 0x0F, 0xF9, 0xA6, 0x32, 0xB2, 0xEA, 0x98, 0xF5, 0x44, 0xCD, 0x6D, 0x41, 0x2D,
    0x11, 0xCE, 0xC8, 0x9A, 0x92, 0xCC, 0xDC, 0x96, 0xD1, 0x1B, 0xC4, 0xC2, 0xF2, 0x3D, 0x66, 0x63,
    0x26, 0x65, 0x22, 0x22, 0x75, 0x5E, 0x4E, 0xB7, 0xBF, 0xFB, 0x80, 0x8F, 0xCF, 0x20, 0xFF, 0xF9,
    0xEC, 0xCB, 0x9E, 0x46, 0x64, 0xF3, 0x39, 0xBA, 0x29, 0x7E, 0x5C, 0x37, 0xE5, 0x73, 0xE8, 0xA6,
    0x7C, 0xDA, 0x84, 0xB3, 0xE6, 0x74, 0xA1, 0x10, 0x96, 0x8D, 0xB1, 0x05, 0xD7, 0x26, 0x9C, 0x6F,
    0x29, 0xBC, 0xE7, 0x0D, 0x67, 0x02, 0x7B, 0xBA, 0xB2, 0x3A, 0x1E, 0xB1, 0x09, 0x13, 0x91, 0xB9,
    0xEA, 0x23, 0xA3, 0x3B, 0x38, 0xCA, 0x81, 0x2A, 0x2F, 0x95, 0x69, 0x17, 0xEC, 0x8B, 0x09, 0x2C,
    0x47, 0xAE, 0x57, 0x47, 0xA4, 0x55, 0xCC, 0x30, 0xE7, 0x31, 0x36, 0x79, 0x64, 0x43, 0xE4, 0xE5,
    0xDB, 0xBE, 0x32, 0x30, 0x1E, 0x4F, 0x48, 0x21, 0xEA, 0xC2, 0x99, 0xE3, 0x15, 0x8A, 0x8F, 0x7C,
    0xDB, 0x4B, 0xC7, 0xD6, 0x36, 0xC6, 0x6B, 0xB6, 0x64, 0x73, 0x72, 0x28, 0x7C, 0xA9, 0x1A, 0x62,
    0x63, 0xAB, 0xD5, 0x76, 0xC9, 0xCA, 0xC7, 0x9A, 0x74, 0xB1, 0x26, 0x5B, 0xDA, 0x26, 0x9F, 0xEA,
    0xAE, 0x1C, 0xAA, 0xC1, 0x97, 0x8C, 0xE3, 0x28, 0x84, 0x78, 0x4E, 0xCF, 0x7B, 0xBC, 0xAA, 0xD7,
    0xA9, 0xFC, 0x5B, 0xF0, 0xCD, 0xC2, 0x3B, 0xDF, 0xCB, 0xC3, 0x3D, 0x1C, 0xB2, 0x4C, 0xE1, 0x90,
    0xE5, 0xE2, 0xF8, 0xCB, 0x70, 0xBC, 0x78, 0xA9, 0x1A, 0x3C, 0xF1, 0x0D, 0x9A, 0x7A, 0x73, 0x12,
    0x03, 0xA0, 0xBF, 0x54, 0x7D, 0x8F, 0x99, 0x11, 0x56, 0x62, 0xA4, 0xB7, 0x71, 0x96, 0xAE, 0x7A,
    0x13, 0x77, 0x15, 0x90, 0x41, 0xE8, 0x20, 0x84, 0x10, 0x4A, 0x08, 0x29, 0x84, 0x16, 0x42, 0x88,
    0x0D, 0x90, 0x43, 0xE8, 0x21, 0x04, 0x11, 0x8A, 0x08, 0x49, 0x84, 0x26, 0x9B, 0x28, 0x34, 0xEA,
    0x53, 0xA7, 0xD8, 0x48, 0xCD, 0x16, 0x12, 0xCB, 0xC6, 0x57, 0x45, 0x68, 0x74, 0x62, 0xAF, 0xA3,
    0xFC, 0x18, 0x6A, 0x9E, 0xD9, 0x16, 0x29, 0x28, 0x77, 0xCC, 0x8B, 0x09, 0x22, 0x12, 0x9C, 0xA8,
    0xC6, 0x33, 0x2C, 0x8E, 0x79, 0x18, 0x86, 0x55, 0xC8, 0x87, 0x63, 0xDE, 0x6F, 0x79, 0xCD, 0x22,
    0xAA, 0x1C, 0x59, 0xA3, 0xDD, 0x61, 0x15, 0x6A, 0x9D, 0x26, 0xDF, 0x08, 0x12, 0x23, 0x1F, 0x69,
    0x3C, 0x9A, 0x37, 0xC0, 0xBB, 0x29, 0x0E, 0x30, 0x7F, 0xCF, 0xAC, 0x89, 0xD7, 0xD4, 0x26, 0x22,
    0x73, 0x62, 0x9D, 0x1F, 0xFE, 0x63, 0x6C, 0xAE, 0xEE, 0x50, 0x00, 0xBD, 0x7B, 0x7F, 0x77, 0xE5,
    0xA5, 0x27, 0xFD, 0xD7, 0xFA, 0x6C, 0xA5, 0xDB, 0xE8, 0x45, 0xB4, 0xF0, 0x19, 0x6A, 0xF8, 0x0C,
    0x3D, 0x4C, 0xFF, 0x1F, 0x45, 0xAC, 0xB9, 0x8B, 0x26, 0x95, 0x8D, 0xA8, 0x92, 0x6D, 0xDD, 0x10,
    0xFD, 0x62, 0x0F, 0xF1, 0xF9, 0x18, 0x36, 0x87, 0x21, 0xBE, 0xDD, 0x7E, 0xCC, 0x77, 0x86, 0xB6,
    0xD3, 0x69, 0xC8, 0xA4, 0x0B, 0x98, 0x81, 0x68, 0x04, 0x72, 0xCE, 0x42, 0x0C, 0x33, 0x04, 0x2B,
    0x16, 0xC2, 0x8E, 0xDD, 0x16, 0xB8, 0x6D, 0xB1, 0x5D, 0xD8, 0x61, 0xB7, 0xDD, 0x76, 0x4A, 0x55,
    0x6F, 0x2E, 0x84, 0x59, 0xAE, 0x9C, 0xD8, 0x5C, 0x7B, 0x11, 0x6A, 0x5B, 0x32, 0x6B, 0x5A, 0x5B,
    0xD8, 0x47, 0xD2, 0x03, 0xAC, 0x2B, 0xB5, 0x6E, 0x1B, 0x9C, 0xC8, 0x1D, 0xE7, 0xBD, 0x62, 0xF2,
    0xF1, 0x74, 0x49, 0x0F, 0xF7, 0x16, 0x1F, 0x4D, 0xFD, 0x47, 0x03, 0xDC, 0xF3, 0x05, 0x97, 0x7E,
    0xF2, 0x8A, 0xDF, 0x9A, 0x4F, 0x9F, 0xD5, 0xD9, 0xD4, 0xEE, 0x13, 0x49, 0x34, 0xED, 0x47, 0x05,
    0xB1, 0xA3, 0x68, 0xBE, 0xFE, 0xD4, 0xDE, 0xB1, 0x4E, 0xF5, 0xBF, 0x95, 0x1E, 0xA6, 0xC2, 0xC3,
    0xF8, 0x05, 0xCE, 0x0D, 0xF6, 0xB3, 0x9D, 0xF3, 0x1F, 0xAF, 0xEC, 0x29, 0x0F, 0x1B, 0x45, 0x95,
    0xFC, 0x7A, 0x1D, 0x78, 0x1E, 0x20, 0xFB, 0x13, 0x8F, 0x37, 0x22, 0x1E, 0x28, 0x7E, 0x3A, 0x84,
    0x2F, 0xCF, 0x28, 0x3D, 0xF9, 0xFA, 0xC0, 0x89, 0x88, 0xDB, 0x41, 0x65, 0xF4, 0x18, 0x11, 0x85,
    0x88, 0x53, 0x6C, 0x61, 0x6D, 0x50, 0x7D, 0x60, 0xC3, 0xFF, 0x4D, 0xC4, 0x29, 0x1E, 0xF5, 0x8A,
    0x97, 0xA3, 0xB4, 0xAD, 0xDF, 0x3F, 0xFB, 0xFD, 0x8B, 0x71, 0x0D, 0x31, 0xA4, 0xC3, 0xBC, 0x1A,
    0x76, 0x24, 0x59, 0x1F, 0x5E, 0xD9, 0x91, 0x22, 0xBB, 0x2F, 0x02, 0x01, 0x2F, 0xB4, 0x7D, 0x47,
    0x98, 0xAF, 0x24, 0x3A, 0xA8, 0x74, 0xF1, 0x1A, 0xBA, 0x21, 0xDA, 0xBA, 0x86, 0x47, 0x6B, 0xC8,
    0x15, 0xB0, 0x4D, 0xB6, 0xDF, 0xE9, 0x0D, 0x6F, 0x51, 0x49, 0x5F, 0xD5, 0x3C, 0xD3, 0x36, 0xF1,
    0x81, 0x11, 0xBD, 0xA8, 0x9A, 0xF2, 0x69, 0x7B, 0xD9, 0x12, 0xB5, 0xF7, 0x15, 0xBA, 0x33, 0x9B,
    0xE8, 0xA6, 0x2E, 0x0C, 0x4E, 0x78, 0x92, 0x54, 0xAC, 0x4E, 0x11, 0x7D, 0x90, 0x2C, 0xF9, 0xA8,
    0x6C, 0x4A, 0x81, 0xA4, 0xA7, 0x72, 0x1A, 0xEB, 0x31, 0x63, 0xE1, 0xD1, 0xCD, 0x3B, 0x3A, 0x3D,
    0x03, 0xAB, 0x0A, 0xCA, 0xB5, 0x80, 0xCE, 0xCB, 0x58, 0xD1, 0x7B, 0x9F, 0xC3, 0x3C, 0x9F, 0xBD,
    0xEA, 0xA1, 0xC4, 0xC8, 0xF6, 0xC0, 0x79, 0x5F, 0x05, 0xF1, 0xDC, 0x69, 0x4F, 0xEC, 0xFA, 0x60,
    0xEE, 0x60, 0xDE, 0xC1, 0xBC, 0x87, 0x39, 0xC7, 0xF8, 0x57, 0xCF, 0xCD, 0xFC, 0xCA, 0x39, 0x98,
    0x33, 0x6F, 0x70, 0xC4, 0x56, 0xBC, 0x33, 0xE8, 0x95, 0x68, 0xF4, 0xA4, 0xBF, 0x18, 0x38, 0x43,
    0x19, 0xC6, 0x10, 0x86, 0x2F, 0x74, 0x61, 0x0B, 0x59, 0xB8, 0x42, 0x15, 0xA6, 0x10, 0x85, 0x27,
    0x34, 0x61, 0x09, 0xC9, 0x4F, 0x8E, 0x40, 0xE6, 0x42, 0x60, 0x4D, 0x78, 0x34, 0x02, 0xE2, 0x89,
    0xEA, 0x47, 0xC0, 0x5D, 0x00, 0x97, 0x6B, 0x98, 0x84, 0x85, 0x1D, 0x43, 0x99, 0x9C, 0x15, 0xEC,
    0x36, 0xD2, 0x7D, 0x55, 0x1D, 0x5B, 0x76, 0x27, 0x2D, 0x07, 0x3A, 0x74, 0x0E, 0x8E, 0xFD, 0x25,
    0xF7, 0x49, 0x7B, 0x71, 0xC9, 0x17, 0x5F, 0xDF, 0x3A, 0xF3, 0xC5, 0xD7, 0x1F, 0xEA, 0x22, 0xFA,
    0x32, 0x37, 0x9F, 0x1C, 0x68, 0xCA, 0x9B, 0xBA, 0x2F, 0x55, 0xB0, 0x46, 0xD6, 0xD7, 0x65, 0xDD,
    0x55, 0x71, 0x78, 0xF1, 0xD5, 0x70, 0x04, 0x1D, 0x99, 0x02, 0x27, 0x25, 0x1B, 0xAE, 0x60, 0x7A,
    0x08, 0x93, 0xE0, 0xC9, 0xA1, 0xD5, 0xF4, 0xF0, 0xF7, 0x02, 0x18, 0x1F, 0x8C, 0x15, 0xDA, 0xE5,
    0x0A, 0x95, 0xB3, 0xED, 0x04, 0x8B, 0xE1, 0xCC, 0xCB, 0x7E, 0xCA, 0xA9, 0x75, 0xE0, 0xAA, 0x33,
    0xE9, 0x36, 0xBD, 0xB2, 0xF5, 0x54, 0xDB, 0x51, 0x0B, 0xB6, 0x4B, 0x27, 0x67, 0x40, 0x4F, 0x7E,
    0xA1, 0xF8, 0xB2, 0xAF, 0x79, 0xDC, 0xDC, 0x67, 0x38, 0xEE, 0xCC, 0x5A, 0xAC, 0xDB, 0x76, 0xDD,
    0xD5, 0x42, 0x5C, 0x0B, 0xFB, 0xDE, 0xB0, 0xED, 0x5D, 0xEA, 0xB0, 0xE9, 0x85, 0xC6, 0x83, 0x5B,
    0xDE, 0xB3, 0x1A, 0x16, 0x0F, 0x69, 0xF8, 0xA7, 0x9B, 0x86, 0xD1, 0xC3, 0x1A, 0xAE, 0x27, 0x1A,
    0x06, 0xF5, 0x1E, 0xD6, 0x70, 0xDC, 0x35, 0xAC, 0x41, 0x4E, 0xAD, 0x69, 0x77, 0x3F, 0xEE, 0x49,
    0x3D, 0xA1, 0xAC, 0x53, 0xF6, 0x3D, 0xA9, 0xFC, 0x0C, 0x0D, 0xA8, 0xB2, 0x83, 0xFF, 0x2C, 0x27,
    0x3A, 0x3C, 0xE6, 0x40, 0x2F, 0xC4, 0xF1, 0xF1, 0xFB, 0x2A, 0xAC, 0x47, 0xF3, 0x73, 0x78, 0xC6,
    0xE3, 0x59, 0xA5, 0x3C, 0x04, 0xAE, 0x1F, 0x8F, 0xD5, 0xF9, 0x7B, 0x1A, 0x86, 0x95, 0xCD, 0x8F,
    0x60, 0x48, 0x93, 0xCF, 0x7A, 0x1B, 0x26, 0x45, 0xD6, 0xE0, 0x77, 0xEE, 0x33, 0xF4, 0xDD, 0x74,
    0x4D, 0xC7, 0xD3, 0x3D, 0xBD, 0x67, 0x44, 0x91, 0xDB, 0x25, 0x77, 0xF7, 0x54, 0xDA, 0x21, 0xB3,
    0xD1, 0xD7, 0xEB, 0x31, 0xF6, 0x4F, 0xBE, 0x41, 0x5B, 0xBA, 0x89, 0xCB, 0xEB, 0x0E, 0x6D, 0x6A,
    0x42, 0x53, 0x8D, 0xB4, 0xA9, 0x91, 0x56, 0xA3, 0x81, 0x36, 0x63, 0x8F, 0xFE, 0x56, 0x0F, 0xB1,
    0xA4, 0x83, 0x58, 0xDA, 0x89, 0xE5, 0x7C, 0x83, 0xBE, 0xB9, 0x43, 0xE1, 0x5C, 0x60, 0x29, 0xAE,
    0x5F, 0x67, 0xA7, 0x1F, 0xCF, 0x82, 0x77, 0x8F, 0x51, 0xF7, 0x45, 0xFA, 0x79, 0xC4, 0x0B, 0xC7,
    0xA4, 0x11, 0x94, 0x75, 0xB5, 0x58, 0xA5, 0xE7, 0xE2, 0x59, 0x7B, 0xAA, 0x4C, 0x75, 0x57, 0xAF,
    0xEC, 0x30, 0x0E, 0xC7, 0xF5, 0xBB, 0x03, 0x94, 0xCD, 0xD1, 0x83, 0x1B, 0x61, 0x7F, 0x9F, 0x85,
    0x82, 0xCA, 0x21, 0x67, 0x37, 0x5C, 0x01, 0xFF, 0x30, 0xAB, 0xFA, 0xF0, 0xD7, 0x87, 0x17, 0x4B,
    0x4B, 0x6D, 0xC8, 0xE6, 0x78, 0x75, 0x22, 0x9D, 0xFE, 0xB1, 0xD7, 0xA5, 0x91, 0x83, 0x94, 0x1A,
    0xBD, 0x0B, 0x3C, 0x45, 0x11, 0x5E, 0xC4, 0xE3, 0x74, 0x27, 0xEE, 0x58, 0xC9, 0x65, 0x4D, 0x98,
    0xF2, 0x7D, 0x85, 0xBA, 0x4C, 0x82, 0x64, 0xEE, 0xAB, 0xBC, 0x5F, 0xBF, 0x49, 0x0C, 0xDE, 0x8E,
    0x80, 0x3E, 0x01, 0xD7, 0xC8, 0x26, 0xB0, 0x3C, 0x80, 0xD7, 0xAE, 0x82, 0xDF, 0xC8, 0x43, 0x39,
    0x5C, 0xCF, 0xA6, 0xCB, 0xE4, 0x32, 0x62, 0x87, 0x10, 0x73, 0x35, 0x79, 0x73, 0xF4, 0xD0, 0x00,
    0x94, 0xB8, 0xC6, 0x8C, 0xFF, 0xB4, 0x04, 0x4B, 0xE6, 0x96, 0x08, 0xF7, 0x5B, 0x34, 0x29, 0x6E,
    0xA1, 0xC9, 0x8D, 0xAC, 0xF3, 0x38, 0x15, 0x97, 0xCA, 0x8D, 0x54, 0xBE, 0x3D, 0x4B, 0x35, 0x3B,
    0x98, 0xA5, 0x68, 0x14, 0x8F, 0x37, 0xE4, 0xEB, 0x99, 0x9E, 0x8E, 0x2A, 0x9F, 0x1E, 0xD7, 0xCD,
    0x33, 0x3B, 0xB0, 0xD2, 0xBE, 0x33, 0x5F, 0xC2, 0x2B, 0xE6, 0xB0, 0xA8, 0xA3, 0x81, 0x8B, 0xE6,
    0x6D, 0x78, 0xE0, 0x18, 0xBE, 0xB3, 0x58, 0x6E, 0x36, 0x00, 0xCD, 0x71, 0xCC, 0xC0, 0x93, 0xF4,
    0x92, 0xB6, 0xC4, 0x13, 0x52, 0x38, 0x73, 0x23, 0x95, 0x3F, 0x85, 0x05, 0x66, 0x53, 0x11, 0xE9,
    0x55, 0xBD, 0xA8, 0x33, 0xA9, 0xB6, 0x49, 0x1C, 0xEB, 0x8A, 0x53, 0xAF, 0x59, 0x66, 0xCA, 0x56,
    0xD6, 0x03, 0xD9, 0xC0, 0x92, 0x82, 0xD3, 0x9F, 0x0E, 0x65, 0xBD, 0x91, 0xB9, 0xA3, 0x50, 0x2E,
    0x18, 0xC2, 0x31, 0xD3, 0x41, 0xD7, 0x29, 0x20, 0xD1, 0x5D, 0x0A, 0x7A, 0x7F, 0xD5, 0x84, 0x0D,
    0xF1, 0x7F, 0xAD, 0xF1, 0x48, 0x21, 0xB9, 0x67, 0x49, 0x4F, 0x21, 0x7B, 0xD3, 0xBC, 0xEC, 0x8A,
    0x2C, 0x77, 0xFE, 0x87, 0x42, 0x29, 0xFB, 0x91, 0x28, 0x5C, 0x97, 0xFD, 0x39, 0x76, 0xD8, 0x5D,
    0x7E, 0x28, 0x8C, 0x47, 0x41, 0x6D, 0x50, 0x3B, 0x52, 0x60, 0xDB, 0x3D, 0x88, 0x42, 0xC3, 0x7E,
    0x89, 0xC2, 0x51, 0x83, 0xF0, 0xBE, 0x3E, 0x36, 0xEE, 0x67, 0xFF, 0x3E, 0xC2, 0xD8, 0x51, 0x4D,
    0xF8, 0xEB, 0x3C, 0x51, 0x87, 0xE9, 0xAE, 0x4D, 0x1E, 0x57, 0xB6, 0xBE, 0x6A, 0x7D, 0x0F, 0x98,
    0xAA, 0x6C, 0x4A, 0xCD, 0x8F, 0xAC, 0x29, 0x6F, 0xDD, 0xF5, 0x6C, 0xBA, 0xDA, 0xBA, 0x9B, 0xD9,
    0x74, 0xAD, 0x76, 0xAF, 0x67, 0xF3, 0x37, 0x6A, 0x37, 0x66, 0xF3, 0xDF, 0xD7, 0xDF, 0xEE, 0xB2,
    0x79, 0xA8, 0xFF, 0xA6, 0xC9, 0x3E, 0xEC, 0xEA, 0x9F, 0x89, 0x97, 0xEA, 0x77, 0x3D, 0xAA, 0x9E,
    0x50, 0xA6, 0xEE, 0x95, 0xCE, 0xAA, 0x8F, 0x56, 0x84, 0x5D, 0x1B, 0xDB, 0xB6, 0xB0, 0xCA, 0x8B,
    0xE6, 0x9F, 0x78, 0x4C, 0x87, 0x92, 0x9B, 0xEE, 0x73, 0x7B, 0x84, 0x9D, 0x4A, 0xEB, 0x6A, 0xBC,
    0xB9, 0xCB, 0x57, 0x16, 0x8F, 0xA9, 0x47, 0xCE, 0xB9, 0x71, 0x50, 0x1C, 0x84, 0xF5, 0x89, 0x7B,
    0x41, 0xF0, 0xBD, 0x29, 0x18, 0x42, 0xAB, 0x7E, 0xBB, 0xE7, 0xE1, 0xDF, 0x34, 0xE0, 0xEF, 0xA9,
    0xA8, 0xD8, 0xD7, 0x43, 0xFB, 0x4A, 0xE8, 0xE4, 0xEF, 0x3B, 0x5B, 0xB0, 0x34, 0x0B, 0xB8, 0xDF,
    0xB7, 0xC9, 0x43, 0x32, 0x2D, 0x54, 0xD1, 0xDD, 0x60, 0x5B, 0xBD, 0x6F, 0xAC, 0xAB, 0x45, 0xA5,
    0xA3, 0x83, 0xEB, 0x0E, 0xE3, 0x5A, 0xCC, 0x62, 0x5B, 0x83, 0x0B, 0x77, 0x92, 0xB9, 0xBC, 0xC1,
    0xB8, 0x5C, 0x18, 0x77, 0x15, 0xE3, 0xBA, 0x6B, 0x3C, 0xD6, 0xBF, 0x0C, 0x0E, 0xD4, 0x5F, 0xBE,
    0xDB, 0x53, 0xF3, 0xFB, 0x0D, 0x48, 0xC3, 0xDB, 0x76, 0x18, 0xCD, 0xC2, 0x12, 0x9D, 0xBA, 0xC2,
    0xDB, 0xAA, 0x88, 0x9B, 0xBA, 0x32, 0x51, 0xA3, 0x75, 0xD4, 0x38, 0x4B, 0xA4, 0x19, 0xBF, 0x89,
    0x97, 0x7C, 0x08, 0xA8, 0x29, 0xEB, 0x44, 0xBA, 0x34, 0x7A, 0x72, 0x84, 0x77, 0xF2, 0x87, 0xBB,
    0xDD, 0xA3, 0x8E, 0xF0, 0x72, 0x23, 0xA4, 0x14, 0x1E, 0x3B, 0x95, 0x0D, 0x3B, 0xB0, 0x1B, 0x8C,
    0x35, 0x5D, 0xA3, 0x65, 0x8F, 0x75, 0x70, 0x76, 0x89, 0x9B, 0xE2, 0x26, 0x95, 0x2D, 0xE0, 0x43,
    0x37, 0x3D, 0xD5, 0xE0, 0x6E, 0xDC, 0xBC, 0x26, 0x76, 0x89, 0x37, 0xC5, 0xCD, 0x59, 0xF9, 0xC1,
    0x77, 0x2D, 0x16, 0xDA, 0xA8, 0x0A, 0x3C, 0x1A, 0x98, 0x4F, 0xDB, 0xC0, 0xA1, 0x4A, 0x12, 0x95,
    0xD9, 0x21, 0x35, 0x5B, 0xB2, 0xAE, 0x98, 0x72, 0x4F, 0xF2, 0x0B, 0x32, 0x44, 0x13, 0x2E, 0x8E,
    0x16, 0xB0, 0x3F, 0x5E, 0xFA, 0xA2, 0xBF, 0xF4, 0x97, 0xFE, 0xD2, 0x58, 0x8D, 0x31, 0xEF, 0x9F,
    0x47, 0xCE, 0x4C, 0x1F, 0xFC, 0xEA, 0x3C, 0xB8, 0xBF, 0x79, 0xBC, 0x1C, 0xCC, 0x31, 0x07, 0x07,
    0xE0, 0x43, 0xA7, 0x5C, 0x1C, 0xF3, 0x67, 0xF4, 0x65, 0x85, 0x3F, 0xF8, 0xCC, 0xEE, 0x4D, 0xD4,
    0xC9, 0x65, 0xC5, 0xE1, 0x0F, 0x3E, 0x2F, 0x05, 0xFF, 0xED, 0x0F, 0x5E, 0xDF, 0x9E, 0xC4, 0x66,
    0x38, 0xB1, 0x8B, 0xEC, 0xF9, 0x2B, 0x58, 0x22, 0x58, 0x29, 0x59, 0x8B, 0x9E, 0x5D, 0x62, 0xDE,
    0xF1, 0xF0, 0xE7, 0x4F, 0xB6, 0x68, 0xFB, 0x70, 0x7A, 0xC2, 0xDF, 0x2A, 0x35, 0x02, 0x1D, 0xF8,
    0xB8, 0x9D, 0xEE, 0x93, 0xCF, 0x09, 0xC6, 0xBD, 0xE2, 0xB6, 0xA1, 0xB8, 0xEE, 0xED, 0xFD, 0x0F,
    0x64, 0x55, 0x01, 0xA7, 0xE6, 0x46, 0x14, 0x3D, 0x49, 0xD8, 0xD1, 0x06, 0x03, 0x0B, 0x55, 0xE4,
    0x0F, 0xD4, 0xE6, 0x0F, 0xEC, 0x6B, 0xD2, 0x2D, 0x8A, 0xA2, 0x45, 0x0B, 0xA0, 0xFB, 0x33, 0x16,
    0x6B, 0x27, 0x14, 0x05, 0x74, 0x7F, 0x42, 0x51, 0xE8, 0xC2, 0x16, 0xF0, 0xE8, 0xDB, 0xCD, 0xE8,
    0x03, 0x2C, 0x9A, 0x3E, 0x14, 0x0A, 0x41, 0x29, 0xC0, 0xA8, 0x94, 0xB4, 0x9D, 0xE4, 0xF6, 0x1E,
    0x73, 0xB5, 0xDB, 0xD7, 0xFB, 0x7D, 0xEE, 0xBD, 0x4C, 0xE6, 0xDE, 0x7B, 0xCE, 0x9C, 0x64, 0x40,
    0x73, 0x2B, 0xF0, 0xF6, 0x39, 0xFA, 0x84, 0x5A, 0x64, 0x6B, 0x13, 0xFC, 0xEE, 0x8E, 0x26, 0x61,
    0x58, 0x2A, 0x69, 0x16, 0xC8, 0x08, 0xF9, 0x72, 0x6C, 0x4E, 0x60, 0xDE, 0xE1, 0x32, 0x10, 0x16,
    0xF8, 0x12, 0xBA, 0x8D, 0x01, 0x7D, 0xD2, 0xB5, 0x88, 0xE1, 0xDF, 0x20, 0x1A, 0x56, 0x0D, 0x23,
    0x43, 0x2D, 0x60, 0x60, 0x05, 0x5D, 0x6B, 0x33, 0xB8, 0x41, 0xBB, 0x69, 0x1F, 0xED, 0x01, 0xB8,
    0xB3, 0x92, 0x11, 0x80, 0xC8, 0x0E, 0xE8, 0x28, 0x32, 0xA1, 0xD8, 0x5D, 0xD0, 0x66, 0xD0, 0x04,
    0x70, 0x32, 0x6A, 0x1E, 0x24, 0xBD, 0x8B, 0xFA, 0x6C, 0xF3, 0x7D, 0xB4, 0x7B, 0x73, 0x26, 0x74,
    0xA9, 0x16, 0xF6, 0xA9, 0xD9, 0x66, 0xA1, 0x9F, 0x23, 0x7B, 0xA9, 0x3F, 0x00, 0x99, 0x5C, 0xA6,
    0x67, 0xDB, 0x79, 0xF2, 0x1C, 0x38, 0xF6, 0x2B, 0x07, 0x9A, 0x27, 0xC0, 0xCB, 0x01, 0xA0, 0x92,
    0x05, 0x66, 0x7E, 0xEA, 0xE5, 0x68, 0x8F, 0x3E, 0x0E, 0x92, 0xDB, 0xDC, 0xC7, 0x5A, 0x26, 0x5C,
    0x79, 0x0D, 0xC0, 0x63, 0x3F, 0x35, 0x1A, 0x2E, 0xEF, 0x11, 0x09, 0x64, 0x03, 0xCB, 0xFF, 0x01,
    0xB0, 0x7E, 0x02, 0x71, 0x55, 0x2B, 0x88, 0xA9, 0x66, 0xD0, 0xE5, 0x05, 0x3A, 0x1B, 0x9A, 0x08,
    0xE2, 0x75, 0xB1, 0xA0, 0x9F, 0xD8, 0x1A, 0x7E, 0x04, 0xA1, 0x7B, 0x80, 0xA1, 0x67, 0x48, 0xB8,
    0xD0, 0xD0, 0xED, 0x35, 0x49, 0x68, 0xA5, 0x8C, 0x34, 0x6B, 0x7D, 0xB3, 0x8F, 0xE9, 0xEA, 0x4C,
    0xDF, 0xE4, 0x41, 0x10, 0xBE, 0xCF, 0xE1, 0x54, 0x90, 0x7A, 0x56, 0x0A, 0x2F, 0xE9, 0x14, 0xF2,
    0xFE, 0x42, 0x7F, 0x2A, 0x2F, 0x24, 0xD4, 0xEF, 0xB5, 0x70, 0x10, 0x4E, 0xDB, 0x25, 0x77, 0x70,
    0x8C, 0x96, 0xE4, 0xAF, 0x3E, 0x73, 0x88, 0x21, 0xD3, 0x7F, 0xB7, 0xAB, 0xFF, 0xEB, 0xD5, 0xF1,
    0x10, 0xBD, 0x38, 0x59, 0x75, 0x6F, 0x7D, 0x8E, 0x80, 0xD9, 0x43, 0xFD, 0x99, 0x5D, 0x35, 0x09,
    0x66, 0x43, 0x17, 0x61, 0xD6, 0x0B, 0x60, 0xC6, 0xAA, 0x66, 0x77, 0xBE, 0xC6, 0xEB, 0x16, 0x44,
    0x0B, 0x63, 0x16, 0x11, 0x3A, 0x92, 0x47, 0xEF, 0xCE, 0x5A, 0x22, 0x0E, 0x74, 0x99, 0x4C, 0x86,
    0xB5, 0x4A, 0x08, 0x89, 0x6C, 0xF6, 0x9B, 0x32, 0x28, 0x0B, 0x19, 0xED, 0xF6, 0x66, 0x69, 0x84,
    0x58, 0xB4, 0x7C, 0x35, 0xB6, 0x27, 0x01, 0xC1, 0x13, 0x45, 0x56, 0x54, 0x25, 0x0D, 0x89, 0xD0,
    0x98, 0xEA, 0xAE, 0x92, 0xEE, 0xE0, 0x2E, 0x32, 0xCD, 0x67, 0x4E, 0xA3, 0x39, 0x71, 0x17, 0x05,
    0x40, 0xB6, 0xB9, 0x8B, 0x72, 0x0D, 0x4B, 0x39, 0x7E, 0x89, 0xFA, 0xD7, 0x5D, 0x54, 0x3C, 0x0F,
    0xDA, 0x9F, 0x3C, 0x3A, 0x19, 0xFD, 0xC1, 0x5D, 0x4E, 0x25, 0x50, 0xCD, 0x1B, 0xE6, 0x84, 0x4E,
    0x25, 0x22, 0x32, 0x55, 0xF2, 0xE7, 0xB3, 0x79, 0x54, 0x3C, 0xBF, 0xA0, 0x16, 0x35, 0x98, 0x3D,
    0xAE, 0x76, 0x03, 0x3C, 0xB4, 0xAB, 0xE1, 0xF5, 0x32, 0x19, 0xDC, 0xF6, 0x40, 0x41, 0x8B, 0xEA,
    0x13, 0x14, 0xB0, 0x50, 0x2B, 0x58, 0x5B, 0x91, 0x5C, 0xA0, 0x7A, 0x11, 0x0D, 0x1B, 0xB3, 0x71,
    0x48, 0x05, 0xE8, 0x3D, 0x9D, 0xB6, 0xE0, 0x7C, 0x87, 0xC7, 0x5B, 0x60, 0xBA, 0xF3, 0x1F, 0x94,
    0xD9, 0x40, 0x12, 0x9C, 0x61, 0x9C, 0x17, 0x83, 0xC8, 0x0D, 0x86, 0xF0, 0x54, 0x25, 0xC9, 0x54,
    0x0B, 0x37, 0x24, 0xC5, 0xD7, 0x2A, 0xBE, 0x54, 0xF1, 0xED, 0x09, 0x9B, 0x6E, 0x68, 0x16, 0xA2,
    0x9B, 0xA0, 0x2E, 0x12, 0x1C, 0x2A, 0x66, 0x40, 0x23, 0xA9, 0x4A, 0x8D, 0xA2, 0xA2, 0x48, 0x72,
    0x37, 0x91, 0xC7, 0x05, 0xC3, 0x4B, 0x90, 0x5B, 0x9D, 0x6B, 0x47, 0x61, 0xF6, 0xCD, 0xA7, 0x28,
    0xBC, 0xD2, 0xDA, 0x53, 0x48, 0x56, 0x22, 0x21, 0xE3, 0x20, 0xA2, 0x5D, 0x1E, 0x88, 0xEA, 0x5C,
    0xA2, 0xCB, 0xB5, 0xE0, 0xB2, 0x96, 0xA2, 0xCF, 0x6F, 0x1D, 0x87, 0x68, 0x0E, 0xEA, 0x5F, 0x41,
    0x30, 0x51, 0x50, 0x41, 0x9F, 0xE2, 0xD4, 0x5A, 0x4D, 0xE9, 0xA1, 0x98, 0x65, 0x22, 0xE4, 0x83,
    0x09, 0x11, 0xEF, 0xD5, 0x28, 0xD3, 0x40, 0xC0, 0x4D, 0x9C, 0xA7, 0xE7, 0x8A, 0x37, 0xBA, 0x29,
    0xDC, 0xFC, 0xB0, 0x3D, 0x90, 0xB1, 0x1B, 0x7B, 0xF9, 0x48, 0xAE, 0x45, 0x04, 0xFC, 0x4C, 0x38,
    0x26, 0x08, 0xB2, 0x13, 0x8F, 0x3E, 0x58, 0x92, 0x15, 0x8E, 0xC4, 0x74, 0xE5, 0x50, 0x40, 0xC6,
    0xC1, 0x9E, 0xE8, 0xCA, 0x0B, 0x0D, 0xD2, 0x49, 0x9A, 0x41, 0x36, 0x2D, 0x59, 0x29, 0x3C, 0x26,
    0x45, 0x6B, 0x44, 0x6D, 0x09, 0x51, 0x73, 0x19, 0x32, 0x71, 0xD9, 0x92, 0xA0, 0x09, 0xF9, 0xE7,
    0xF2, 0x5D, 0xA2, 0x20, 0xA4, 0xFB, 0x8D, 0x94, 0xE5, 0x47, 0xCD, 0xC9, 0x64, 0xC4, 0xC6, 0x09,
    0x74, 0xB9, 0x4E, 0x9C, 0xA0, 0x97, 0x67, 0xCF, 0x13, 0x27, 0xE0, 0x5B, 0xC3, 0x17, 0x96, 0x66,
    0x13, 0x00, 0x36, 0x01, 0x6C, 0x2E, 0x1A, 0xDB, 0xD0, 0xD8, 0xCA, 0xE2, 0x01, 0x4B, 0x78, 0x24,
    0xB6, 0x2D, 0x82, 0x1C, 0x70, 0xCA, 0x99, 0x31, 0x18, 0x03, 0xFD, 0x54, 0x08, 0x80, 0xE1, 0x47,
    0x81, 0xEF, 0x25, 0xB2, 0x25, 0xF5, 0xCB, 0xC8, 0xDA, 0xA5, 0xB3, 0x14, 0xC4, 0x95, 0x45, 0xFB,
    0xC2, 0x83, 0x58, 0x88, 0x9B, 0xB5, 0x38, 0x0F, 0x6B, 0x11, 0x35, 0x23, 0x41, 0xB7, 0x7B, 0xC1,
    0xCC, 0x5A, 0x84, 0xEC, 0xB7, 0x82, 0xB8, 0x4B, 0x05, 0x70, 0x9F, 0x0A, 0x5E, 0xD6, 0x02, 0x8C,
    0x43, 0x63, 0x98, 0x36, 0x5B, 0x34, 0x88, 0xE4, 0x90, 0x26, 0x36, 0x32, 0xE5, 0xDE, 0xC9, 0xE4,
    0xB6, 0x4E, 0x46, 0x9F, 0x6B, 0xBA, 0x4A, 0xE0, 0xA8, 0x6D, 0xCE, 0x46, 0x77, 0xA8, 0x8E, 0x9B,
    0xAC, 0xCE, 0x65, 0x9D, 0xB8, 0xA5, 0xDA, 0xBC, 0xBA, 0xA8, 0x93, 0x84, 0xD8, 0x51, 0x41, 0x3A,
    0x83, 0x4C, 0x3A, 0x80, 0x8C, 0xDA, 0x5D, 0x74, 0xA9, 0x12, 0x5D, 0xAA, 0xA5, 0xDC, 0x2A, 0xF3,
    0x4F, 0x8A, 0x6D, 0x10, 0xDD, 0xDD, 0x6D, 0x64, 0x88, 0xB4, 0x50, 0x37, 0xA6, 0x19, 0xAD, 0x69,
    0x63, 0xF6, 0x42, 0x61, 0x71, 0x31, 0x1C, 0x68, 0xE4, 0x77, 0x11, 0x52, 0xAE, 0xD9, 0x6F, 0x26,
    0x3B, 0x3C, 0x29, 0xBA, 0x23, 0x2F, 0x45, 0x78, 0xB2, 0xE0, 0x71, 0x51, 0xDE, 0x9C, 0x70, 0x59,
    0xA4, 0xF7, 0xD9, 0x86, 0x0D, 0x2C, 0xEA, 0xF9, 0xBA, 0x62, 0x20, 0x42, 0x77, 0xF0, 0x53, 0xA9,
    0xD9, 0xBD, 0xE6, 0xAC, 0x57, 0xB0, 0xDB, 0x45, 0x2D, 0x9A, 0x49, 0x84, 0xD6, 0x92, 0xCF, 0xF9,
    0x05, 0x63, 0x36, 0x5F, 0x47, 0x70, 0x8C, 0x47, 0x18, 0x7E, 0x25, 0x0C, 0xB0, 0xAA, 0x4C, 0x35,
    0xB3, 0x0D, 0x5E, 0xC6, 0x86, 0x59, 0x42, 0x2B, 0x20, 0x3B, 0x55, 0x22, 0xA3, 0x8E, 0x43, 0x25,
    0x9E, 0x0B, 0xF1, 0x05, 0x01, 0x4E, 0x66, 0x1C, 0x1E, 0x2F, 0x08, 0x97, 0x66, 0x98, 0x69, 0x05,
    0xF8, 0x2D, 0x31, 0x2A, 0x63, 0x96, 0xF0, 0x6E, 0x36, 0x19, 0x66, 0xFC, 0x5F, 0x90, 0xE8, 0x63,
    0x21, 0x68, 0x0B, 0xC6, 0x4F, 0x0A, 0x8B, 0xD1, 0xD3, 0x4F, 0xC6, 0x0E, 0x8C, 0x1C, 0x26, 0x6D,
    0x50, 0x6E, 0xA8, 0x47, 0xDF, 0x29, 0x35, 0x1D, 0x13, 0x32, 0xA3, 0x6D, 0x0A, 0x31, 0x95, 0x18,
    0x2F, 0x44, 0x79, 0x51, 0x89, 0x26, 0xA7, 0xB1, 0xD2, 0x1C, 0x4C, 0xC2, 0x75, 0xD4, 0xA4, 0x70,
    0xE2, 0xB2, 0x51, 0xD2, 0x66, 0x63, 0x84, 0xF8, 0x48, 0x08, 0xE1, 0x15, 0x3E, 0x7C, 0x32, 0x3A,
    0xBA, 0x64, 0x6C, 0xF4, 0xC9, 0xC8, 0x30, 0x99, 0x52, 0xA7, 0xB7, 0x61, 0xCF, 0x96, 0xC0, 0xE0,
    0x93, 0xE0, 0xFF, 0x8A, 0x95, 0x6A, 0x35, 0x7B, 0x09, 0xA3, 0xCA, 0x1E, 0xB5, 0x58, 0x1D, 0xB8,
    0x6D, 0xC3, 0xA1, 0x92, 0x9D, 0x0F, 0x84, 0x1C, 0x04, 0x73, 0x86, 0x3B, 0x6F, 0x04, 0x5E, 0xA3,
    0xBC, 0x27, 0x63, 0xCB, 0xEB, 0xA0, 0xE2, 0xE8, 0x68, 0x73, 0xCD, 0x08, 0xBF, 0x37, 0x1C, 0x5C,
    0xD3, 0x86, 0x73, 0x6B, 0xAA, 0xD8, 0xFB, 0x55, 0x53, 0xEA, 0x7F, 0xE1, 0x2B, 0xA0, 0x31, 0x6A,
    0xAA, 0x31, 0x68, 0x8C, 0x5E, 0xEB, 0x47, 0x4D, 0xDB, 0xFC, 0x50, 0x26, 0x4D, 0x9D, 0xAC, 0x0A,
    0x41, 0xA6, 0x4A, 0x3B, 0xD8, 0x58, 0x16, 0x6B, 0x43, 0x74, 0xFB, 0xC3, 0xD1, 0x6D, 0xB0, 0x13,
    0x2B, 0xD1, 0x1E, 0x7B, 0x8A, 0xAF, 0xD4, 0xEF, 0x8E, 0x9C, 0x3D, 0xE9, 0x27, 0x82, 0xE1, 0x0A,
    0xBA, 0x4C, 0x7F, 0x87, 0x8B, 0xAF, 0xEB, 0xC9, 0xB4, 0x14, 0x36, 0x7A, 0xA1, 0xAF, 0x7F, 0xDE,
    0x59, 0xEE, 0x15, 0x9F, 0xF7, 0x1F, 0xD0, 0x77, 0x8E, 0xFE, 0xA2, 0xA1, 0xBF, 0xE4, 0x18, 0x48,
    0xA4, 0xB9, 0x59, 0xE9, 0xCB, 0x17, 0xDF, 0xD3, 0xA3, 0x47, 0x4D, 0x35, 0x70, 0x74, 0xEC, 0xEA,
    0xC7, 0x6A, 0x83, 0x62, 0x72, 0x3B, 0x6A, 0x89, 0x03, 0xAF, 0xA6, 0x3D, 0x08, 0xD4, 0xC3, 0x8F,
    0x3D, 0xE0, 0x7E, 0xCC, 0xA0, 0x12, 0x89, 0x95, 0xE7, 0xF8, 0x29, 0x00, 0xC3, 0xF2, 0xE1, 0x88,
    0x20, 0x82, 0x8A, 0xF7, 0x18, 0xEF, 0x30, 0x63, 0x96, 0xB4, 0xEA, 0xBD, 0x95, 0xCB, 0x9D, 0xC5,
    0xFB, 0xAA, 0xDC, 0x55, 0xBC, 0xA7, 0xD4, 0x29, 0x16, 0xDE, 0x4F, 0xE0, 0xDD, 0x34, 0xF6, 0xE2,
    0x25, 0xB6, 0x3B, 0xDF, 0xB3, 0x37, 0xF0, 0x16, 0xE0, 0xA7, 0x17, 0x40, 0x7B, 0xB3, 0xB1, 0xE5,
    0x4A, 0x15, 0x90, 0x9B, 0x6F, 0x50, 0xAC, 0x7C, 0xAE, 0x67, 0x3A, 0xBE, 0x14, 0x24, 0xDB, 0x98,
    0xBE, 0xFD, 0xF5, 0xA1, 0xEB, 0x93, 0x11, 0x47, 0x69, 0x9A, 0x2C, 0x43, 0x2C, 0x72, 0x24, 0x60,
    0xD3, 0x63, 0x45, 0xD7, 0xD0, 0x59, 0xF5, 0x8D, 0xE4, 0x5C, 0x75, 0x5F, 0xA4, 0x56, 0x62, 0x11,
    0x6A, 0x39, 0x9E, 0x70, 0x42, 0xC7, 0x74, 0x99, 0xFF, 0x76, 0xD7, 0x46, 0xFC, 0xF3, 0x63, 0x9D,
    0xD8, 0x80, 0xFA, 0xF9, 0xBB, 0x7C, 0x2B, 0x80, 0xD4, 0xE4, 0xBA, 0xC2, 0x67, 0x66, 0x9A, 0x1D,
    0x3A, 0xB8, 0x45, 0x4A, 0x76, 0x57, 0x77, 0x8A, 0x05, 0xB5, 0x6B, 0x00, 0x8A, 0xD7, 0xCC, 0x6C,
    0xA3, 0x82, 0xA2, 0x0B, 0x00, 0x5A, 0x08, 0x28, 0x2C, 0x14, 0x29, 0x79, 0x3B, 0x93, 0x06, 0x50,
    0xE4, 0x01, 0x50, 0xB4, 0x40, 0x9B, 0x85, 0x40, 0x50, 0xEC, 0x7B, 0x73, 0xD7, 0x22, 0x80, 0xFE,
    0x29, 0x54, 0x41, 0xA6, 0xCD, 0x52, 0x04, 0x3B, 0xEA, 0xB6, 0x9D, 0xEC, 0xCE, 0xCC, 0xED, 0x7C,
    0xDF, 0x3D, 0xDD, 0xF9, 0xFF, 0x78, 0xCD, 0x8B, 0x76, 0xFF, 0xE4, 0x3D, 0xB9, 0x32, 0x67, 0x66,
    0xDF, 0xF3, 0xEE, 0xDC, 0x73, 0xEE, 0xB9, 0xE7, 0x9C, 0xEF, 0x3B, 0x93, 0xE5, 0xBF, 0x7F, 0x56,
    0x05, 0x7D, 0x4F, 0xE4, 0x32, 0xD4, 0x91, 0xBC, 0xE2, 0xF2, 0xFE, 0xD4, 0x0B, 0xA3, 0x9B, 0x3A,
    0xF6, 0xCE, 0x00, 0xDC, 0x10, 0xA2, 0x0D, 0x21, 0xD8, 0x10, 0x62, 0x0D, 0x11, 0x7A, 0x5A, 0xA8,
    0xDD, 0x09, 0x34, 0x6C, 0xC0, 0x19, 0x01, 0x66, 0x04, 0x94, 0x51, 0xAA, 0x84, 0x3A, 0x01, 0x62,
    0x10, 0x61, 0x28, 0xC0, 0x20, 0xBE, 0x50, 0x78, 0x41, 0x74, 0xA1, 0xE0, 0x42, 0xB1, 0xC5, 0x55,
    0x3C, 0x86, 0x3D, 0xCE, 0xB6, 0xF6, 0xB8, 0xD9, 0xD9, 0xE3, 0x60, 0x97, 0x9E, 0x18, 0x03, 0xB5,
    0xC3, 0x04, 0x84, 0x31, 0x13, 0x60, 0x10, 0x5F, 0x68, 0x22, 0x80, 0x20, 0xB8, 0x60, 0xF4, 0x20,
    0xB4, 0x20, 0xB2, 0x20, 0xB0, 0x20, 0xAE, 0x50, 0x58, 0xF1, 0x9A, 0xBC, 0x46, 0x2F, 0x85, 0x3D,
    0x8A, 0x9F, 0xC0, 0x1E, 0xC6, 0x6B, 0x82, 0xDD, 0x19, 0x00, 0x1E, 0xBE, 0x07, 0xEE, 0xF0, 0x3D,
    0x9C, 0xE0, 0x44, 0x88, 0x3A, 0x84, 0xA0, 0x83, 0xF1, 0x23, 0x40, 0x8E, 0x5E, 0x11, 0x07, 0x01,
    0x87, 0xE2, 0x0D, 0xC2, 0x0D, 0x45, 0x1B, 0x04, 0x1B, 0x8A, 0x35, 0x08, 0x35, 0x14, 0x69, 0x10,
    0x68, 0x28, 0xCE, 0x20, 0xCC, 0x50, 0x94, 0xA1, 0x20, 0x23, 0xB5, 0x79, 0x23, 0x49, 0x7F, 0x8C,
    0x75, 0xBB, 0xED, 0xF0, 0x84, 0x01, 0xBC, 0x61, 0x09, 0x37, 0xD2, 0x49, 0xB5, 0xAE, 0x20, 0x08,
    0x35, 0x80, 0x34, 0xF4, 0x20, 0x10, 0x67, 0x10, 0x66, 0x10, 0x65, 0x10, 0x64, 0x10, 0x63, 0x10,
    0x62, 0x10, 0x61, 0x28, 0xC0, 0xC8, 0xBD, 0xA3, 0xCE, 0x9A, 0x31, 0x60, 0x21, 0xE0, 0x26, 0xA9,
    0xD3, 0x5E, 0x25, 0x6C, 0xB6, 0x39, 0x4F, 0x16, 0xD2, 0x20, 0xED, 0x45, 0x12, 0x08, 0x1D, 0x34,
    0xDD, 0x81, 0x48, 0xD6, 0x9D, 0x88, 0x98, 0xCD, 0x09, 0xFE, 0xF9, 0xC6, 0xBE, 0xAC, 0x26, 0x31,
    0xE3, 0xA4, 0xE9, 0x20, 0x8B, 0x0A, 0xF2, 0xF5, 0x0B, 0x62, 0x3B, 0xAF, 0x19, 0x4D, 0x12, 0x07,
    0x93, 0x6D, 0x78, 0x10, 0xBF, 0x48, 0xDB, 0x99, 0x45, 0x4F, 0x91, 0xEC, 0xFD, 0x4E, 0x18, 0xFC,
    0xB8, 0x9C, 0x0B, 0x61, 0xBB, 0xA8, 0xCB, 0x2B, 0x91, 0xE1, 0x18, 0xEB, 0x63, 0x10, 0xB1, 0xAB,
    0xDF, 0xD1, 0x6C, 0xFB, 0xB7, 0xDD, 0x95, 0x2A, 0xA0, 0x07, 0xA5, 0x8B, 0x30, 0xDC, 0x85, 0xB0,
    0x5D, 0xEA, 0x9E, 0xB1, 0x26, 0x14, 0x2F, 0x43, 0x98, 0x2F, 0xF2, 0xCC, 0x16, 0x33, 0x90, 0x26,
    0x70, 0x75, 0x1F, 0x23, 0x89, 0x42, 0x4F, 0x5C, 0x57, 0xFD, 0x28, 0xDE, 0x8F, 0xE9, 0x9C, 0x8D,
    0xA6, 0x37, 0xAE, 0xDC, 0x98, 0xBE, 0xB4, 0xC5, 0xA6, 0xB4, 0x75, 0x53, 0xFE, 0x65, 0x66, 0x7C,
    0xBC, 0xE4, 0x69, 0xF6, 0x3A, 0xE8, 0xE3, 0xAD, 0xEC, 0x0E, 0x07, 0x32, 0x29, 0x1A, 0x73, 0xAB,
    0x52, 0xC4, 0x99, 0xEA, 0x5C, 0x54, 0x51, 0x5A, 0xC6, 0xF2, 0xEF, 0x77, 0x8A, 0xD8, 0xAC, 0x59,
    0xCE, 0xA0, 0xB1, 0xE0, 0x6E, 0x20, 0x4C, 0xF5, 0xFB, 0x3D, 0x55, 0x56, 0x1C, 0x6A, 0x3B, 0xC8,
    0xD5, 0x76, 0x81, 0xC6, 0xCA, 0x9C, 0x4A, 0x75, 0xE8, 0xF3, 0x60, 0xB5, 0xCC, 0xC3, 0x24, 0x10,
    0x5B, 0xE3, 0xAE, 0xC6, 0x4E, 0x15, 0x87, 0xB2, 0x47, 0x83, 0x79, 0xFA, 0x1B, 0xDC, 0x55, 0x4E,
    0x19, 0x50, 0x67, 0xD6, 0xFB, 0x04, 0x9B, 0x7C, 0x38, 0xF0, 0x4C, 0xA5, 0x6F, 0x3B, 0x42, 0x33,
    0x93, 0xF7, 0xBC, 0x1F, 0x14, 0xBD, 0x5C, 0x17, 0x91, 0xF7, 0x82, 0x15, 0x23, 0x45, 0xF3, 0x89,
    0x0D, 0x0C, 0x85, 0x91, 0x96, 0xF3, 0xDF, 0x5C, 0xEE, 0x33, 0xF3, 0x97, 0x6F, 0xC2, 0xCB, 0x79,
    0x4F, 0x7C, 0x58, 0x45, 0x16, 0x60, 0xAA, 0xE4, 0x88, 0x14, 0xD1, 0x91, 0x1C, 0x48, 0x32, 0x23,
    0x1A, 0x0C, 0xB8, 0xA7, 0x36, 0x76, 0xA0, 0xD2, 0x8C, 0x2D, 0x66, 0x69, 0xE7, 0x7B, 0x6D, 0x53,
    0xFA, 0xC8, 0xF3, 0x2F, 0x75, 0xD0, 0x98, 0x5C, 0xEC, 0x20, 0xBB, 0x03, 0xA6, 0xAB, 0xEE, 0x0C,
    0x70, 0x8A, 0xBF, 0xA9, 0xF9, 0xBA, 0x70, 0xC4, 0x1B, 0x14, 0x71, 0x91, 0x17, 0x5F, 0xC1, 0x88,
    0xB1, 0xA7, 0x19, 0xAF, 0xD2, 0x90, 0x44, 0xEF, 0x36, 0xF3, 0x9F, 0x28, 0x07, 0x85, 0x5B, 0x1E,
    0x6E, 0x25, 0xDE, 0xD3, 0x36, 0xBF, 0x1D, 0xE5, 0xFA, 0x62, 0xD4, 0x87, 0xFE, 0x96, 0x03, 0x29,
    0xEA, 0x49, 0xA5, 0x4A, 0x0E, 0x0D, 0xE5, 0xEB, 0xFE, 0x11, 0xAC, 0x0A, 0xB5, 0xB3, 0x29, 0x0E,
    0xDC, 0xB8, 0xB7, 0xD0, 0xBB, 0xAE, 0xA0, 0xE5, 0x75, 0x82, 0x6E, 0x65, 0x50, 0x15, 0x3F, 0x15,
    0xEA, 0x88, 0x91, 0xF7, 0xB6, 0xEC, 0x63, 0xC8, 0x0E, 0x58, 0x09, 0xD2, 0x2D, 0xD2, 0x78, 0xEC,
    0xE5, 0x22, 0x2B, 0x16, 0xE3, 0xCF, 0xAA, 0x5D, 0xD4, 0x6D, 0x4A, 0xD9, 0x5D, 0xC5, 0x6B, 0x31,
    0x6A, 0x11, 0xB9, 0xF3, 0xC4, 0x57, 0x28, 0x5E, 0xDE, 0x16, 0x31, 0x7D, 0xFB, 0x03, 0x1C, 0xC0,
    0x12, 0x2C, 0x95, 0x2D, 0xAD, 0x48, 0x5D, 0xD5, 0x0D, 0x64, 0x5B, 0x41, 0x7A, 0xBC, 0xF8, 0xAD,
    0x49, 0xB4, 0x48, 0x23, 0xFB, 0xA3, 0x9E, 0x27, 0x43, 0x70, 0x90, 0x77, 0x56, 0xBE, 0x9E, 0xBB,
    0x98, 0x3E, 0x79, 0x17, 0x14, 0x50, 0x23, 0x8B, 0x6C, 0x03, 0xC3, 0x16, 0x43, 0xD6, 0x44, 0xD6,
    0x05, 0xE9, 0xD0, 0x4B, 0xB0, 0x9E, 0x28, 0xE8, 0x09, 0xA8, 0x47, 0xD2, 0x8F, 0x1C, 0xF7, 0x7C,
    0xA3, 0xC4, 0xD5, 0xEE, 0x38, 0xCB, 0x6E, 0x3F, 0xFF, 0x2C, 0xBB, 0xDD, 0xBB, 0xD7, 0x9C, 0x66,
    0xB7, 0x40, 0x90, 0x42, 0x9E, 0x65, 0xB7, 0xDB, 0xA4, 0xDC, 0xEF, 0xA7, 0x84, 0x53, 0x04, 0xAC,
    0xF9, 0xBC, 0xC3, 0xC1, 0xAD, 0xB6, 0xFD, 0x47, 0xB0, 0xED, 0xAF, 0xD5, 0xB6, 0x52, 0x9C, 0x61,
    0x5B, 0x06, 0x10, 0x96, 0xBE, 0xE6, 0x09, 0x94, 0x66, 0xEE, 0x89, 0x46, 0x4A, 0xFF, 0xE4, 0x53,
    0xB6, 0xCD, 0x3E, 0xD9, 0xB2, 0xAD, 0xA8, 0x9C, 0x04, 0xB6, 0x1D, 0x3E, 0x6D, 0xDB, 0xB8, 0x8A,
    0x78, 0x88, 0xFA, 0x1C, 0x37, 0x19, 0x02, 0xB3, 0xD0, 0x8E, 0xDB, 0xEC, 0xCC, 0x15, 0xFC, 0x6A,
    0x45, 0x97, 0x35, 0x60, 0x3E, 0x6E, 0x15, 0xA0, 0x0F, 0x8C, 0x08, 0x8A, 0xA0, 0x61, 0x8E, 0x3A,
    0x24, 0x4C, 0x89, 0x1C, 0xB5, 0xCE, 0x2C, 0x6E, 0xAE, 0x08, 0x61, 0x92, 0x53, 0x16, 0xFF, 0xA2,
    0xFD, 0x4B, 0xEF, 0x79, 0x7B, 0xEA, 0x2B, 0xDC, 0x3E, 0xF0, 0x0D, 0x71, 0xA7, 0x0F, 0xC8, 0xB3,
    0x0D, 0x8C, 0x68, 0xDD, 0x0B, 0xD1, 0x9A, 0xE3, 0x4E, 0x17, 0x44, 0x5F, 0x95, 0x99, 0xB9, 0x86,
    0xD4, 0x5B, 0xA0, 0xD0, 0x08, 0x30, 0x35, 0xEE, 0x50, 0x1B, 0x0E, 0x05, 0xCC, 0x85, 0xD9, 0x4B,
    0x87, 0x35, 0x93, 0x31, 0x22, 0xF9, 0x0C, 0xC1, 0x7C, 0x78, 0x1A, 0xB8, 0x7D, 0xC5, 0x3B, 0xF1,
    0x89, 0x0F, 0xA7, 0x38, 0x9E, 0xA3, 0x61, 0x51, 0x26, 0xDD, 0x2C, 0xA2, 0xA8, 0x16, 0x7D, 0x80,
    0xB3, 0xBD, 0xA7, 0xA8, 0xC4, 0x4C, 0xDE, 0x62, 0xBB, 0x50, 0x60, 0xC0, 0x21, 0xBA, 0x02, 0xEE,
    0x91, 0x23, 0x78, 0x66, 0xBE, 0xA9, 0x6D, 0xD4, 0x56, 0x5F, 0x32, 0x4E, 0x8D, 0xB9, 0x5F, 0xC6,
    0xAE, 0xB5, 0x7E, 0x29, 0x94, 0x50, 0x55, 0x9D, 0x31, 0x9D, 0x14, 0xB3, 0x02, 0xB2, 0x02, 0xB1,
    0x02, 0xB0, 0x02, 0xAF, 0x02, 0xAE, 0x02, 0xAD, 0x02, 0xA7, 0xE2, 0x42, 0x29, 0x03, 0xA4, 0x8A,
    0x18, 0x07, 0x9C, 0x0A, 0x98, 0x0A, 0x94, 0x4A, 0x90, 0x7A, 0x1C, 0xD2, 0x22, 0x0C, 0x9F, 0xE1,
    0xC2, 0xB3, 0x6F, 0xB6, 0x4F, 0xA4, 0xBA, 0x6B, 0x41, 0xB9, 0x8E, 0x0B, 0x63, 0x21, 0xCD, 0x05,
    0xCB, 0xE5, 0xF8, 0xBC, 0x77, 0xAB, 0x1D, 0x45, 0x47, 0x22, 0x03, 0x7E, 0x7E, 0x52, 0x63, 0x45,
    0xDA, 0x55, 0xD8, 0x1A, 0x25, 0x03, 0xA4, 0x8A, 0x8D, 0xDC, 0x47, 0x1D, 0xDB, 0x23, 0xC0, 0x76,
    0x49, 0x47, 0x1A, 0x45, 0x03, 0x43, 0x4C, 0xBC, 0xC4, 0x53, 0xFE, 0xEE, 0xA8, 0x4C, 0xA2, 0x92,
    0x70, 0xBE, 0x7A, 0x09, 0xE2, 0x10, 0x62, 0x16, 0x3A, 0x7D, 0x32, 0x4B, 0xDD, 0xE5, 0x83, 0xE4,
    0x98, 0x33, 0x62, 0x11, 0x9C, 0x58, 0xD3, 0x48, 0xEC, 0x10, 0x0B, 0xFC, 0xB0, 0x76, 0x0A, 0x74,
    0xB4, 0x1E, 0x21, 0x55, 0x05, 0x8A, 0x93, 0x63, 0x89, 0x37, 0x71, 0x2F, 0x71, 0x63, 0x1A, 0xD1,
    0x82, 0x59, 0x11, 0x9B, 0x9A, 0xF4, 0x8A, 0xE7, 0xA3, 0x13, 0xE5, 0x30, 0x52, 0x88, 0x64, 0x82,
    0xD0, 0x7F, 0xDE, 0xC0, 0x2F, 0x26, 0x31, 0x4E, 0xD9, 0xD2, 0x5B, 0x88, 0xDD, 0x7E, 0x56, 0x35,
    0x44, 0x8F, 0x78, 0x89, 0x23, 0x3E, 0xAE, 0x81, 0x49, 0x47, 0xC2, 0x33, 0x0E, 0x21, 0xB5, 0x9E,
    0x71, 0x15, 0xAD, 0x12, 0x58, 0x10, 0x6A, 0x02, 0xA5, 0xF6, 0x77, 0x17, 0x00, 0x71, 0x1A, 0x39,
    0x5F, 0x40, 0x68, 0x5F, 0x06, 0xF6, 0xC7, 0x8F, 0xDC, 0x57, 0xA8, 0x41, 0x49, 0x35, 0x39, 0xA8,
    0x25, 0x86, 0x2A, 0x89, 0x41, 0x1D, 0xF1, 0x70, 0xC1, 0xDA, 0x92, 0x6B, 0x66, 0xE0, 0x58, 0xDD,
    0xBB, 0xB4, 0xBB, 0xAC, 0xFC, 0x79, 0x6D, 0x4B, 0x6A, 0xC3, 0x5C, 0x3D, 0x55, 0x97, 0x3D, 0x8B,
    0xC6, 0xB7, 0x75, 0xEC, 0xAB, 0x94, 0xFC, 0xFC, 0x25, 0x91, 0xBC, 0x70, 0x7B, 0x9D, 0xB0, 0x6E,
    0x94, 0x42, 0x41, 0x6C, 0x38, 0xA3, 0x24, 0xDA, 0x67, 0xB9, 0x29, 0x2A, 0x67, 0x39, 0xA5, 0xDC,
    0x44, 0x75, 0x51, 0x12, 0x0A, 0xB0, 0xC6, 0x21, 0x8A, 0x43, 0xDF, 0xAB, 0xA2, 0xC3, 0x6B, 0x57,
    0x26, 0xE5, 0x01, 0xA7, 0xBB, 0xE3, 0x99, 0x81, 0x03, 0xCF, 0xDC, 0x12, 0x3C, 0x33, 0x80, 0xE8,
    0xF6, 0xC0, 0x0F, 0x7B, 0xC0, 0xB5, 0x12, 0x0F, 0xB5, 0x87, 0x05, 0xB1, 0xD5, 0x9E, 0x7E, 0x5E,
    0x02, 0xFF, 0xD1, 0xCD, 0x37, 0xD8, 0x08, 0x6D, 0xA5, 0x88, 0xB0, 0x97, 0x62, 0x9E, 0x3D, 0x10,
    0x08, 0x2E, 0x0F, 0xB9, 0x63, 0x1C, 0x28, 0xBB, 0x1A, 0xCE, 0xC8, 0xA8, 0xCD, 0x4A, 0x48, 0x62,
    0xAE, 0x3E, 0xF5, 0xB6, 0x7D, 0x84, 0x7A, 0xE5, 0x7D, 0x1E, 0xD7, 0xFA, 0xC3, 0x5B, 0x0C, 0x1A,
    0x43, 0xE8, 0x2B, 0xC3, 0xB1, 0x50, 0x07, 0xD1, 0xBF, 0x3D, 0xDE, 0xA4, 0xD3, 0x4B, 0xE4, 0xF9,
    0x14, 0x87, 0x44, 0x9C, 0x30, 0x35, 0xE0, 0x46, 0x84, 0x3A, 0x29, 0x03, 0x41, 0x7D, 0x90, 0x63,
    0x37, 0xD4, 0xB7, 0xAD, 0xA0, 0x6D, 0xCC, 0x7D, 0x70, 0x59, 0x08, 0x97, 0x75, 0x85, 0xDB, 0x53,
    0x1A, 0xA0, 0x44, 0xA2, 0xA7, 0x8E, 0xEB, 0x91, 0xD2, 0x03, 0xA5, 0x08, 0x4E, 0x03, 0x09, 0xCC,
    0xAD, 0x37, 0x8E, 0xF8, 0x77, 0x3B, 0x6D, 0x22, 0xAF, 0x87, 0xB3, 0x92, 0x35, 0x77, 0x0B, 0xAA,
    0x56, 0x1D, 0xDA, 0x0E, 0xD4, 0x66, 0xA0, 0xB6, 0x02, 0xB5, 0x11, 0xA8, 0x6D, 0x40, 0x6D, 0x90,
    0x6A, 0x77, 0x54, 0x5B, 0xA3, 0xDA, 0x17, 0xD5, 0xA6, 0xA8, 0x76, 0x44, 0xB5, 0x1D, 0xAA, 0xBD,
    0xD0, 0xD0, 0xF4, 0xD3, 0x96, 0x9F, 0x36, 0xFC, 0xB4, 0xDD, 0xA7, 0xCD, 0x3E, 0x6D, 0xF5, 0x69,
    0xA3, 0x4F, 0xDB, 0x7C, 0x02, 0x24, 0x87, 0xDC, 0xA2, 0xBD, 0x3A, 0xAD, 0x35, 0xA2, 0xED, 0x9E,
    0x1C, 0x1B, 0x72, 0xEC, 0xC6, 0xB1, 0x15, 0x87, 0x5A, 0x45, 0x9B, 0x70, 0x43, 0x12, 0xA2, 0x89,
    0xF6, 0xDE, 0xB4, 0xF1, 0xBC, 0x88, 0x0D, 0x04, 0x5C, 0x81, 0xCD, 0x36, 0x76, 0xDA, 0x10, 0xB4,
    0xAB, 0xD3, 0x4E, 0x98, 0xB2, 0x16, 0x97, 0xC2, 0x2F, 0x37, 0x90, 0xAD, 0x83, 0x74, 0x84, 0x0E,
    0xDD, 0x01, 0x64, 0xFF, 0xDD, 0xB5, 0xCA, 0x6F, 0x29, 0x3D, 0x64, 0xF2, 0x98, 0xE9, 0xFB, 0x0F,
    0x90, 0xE6, 0x87, 0xD0, 0xA4, 0xA0, 0x6F, 0x1F, 0xA6, 0x90, 0x03, 0xD4, 0x8A, 0x19, 0xE4, 0x92,
    0x0D, 0xFC, 0x43, 0x59, 0x0B, 0xCA, 0x97, 0xE9, 0x38, 0xE3, 0x19, 0x5C, 0x0F, 0x8B, 0xF3, 0xD6,
    0x6A, 0x46, 0x4E, 0x98, 0x73, 0x37, 0x00, 0x7A, 0xD4, 0x81, 0xE5, 0xE1, 0x46, 0x24, 0x79, 0xD0,
    0x2F, 0xC2, 0xF6, 0xFA, 0x84, 0x9F, 0xE1, 0xB7, 0xFB, 0xE4, 0x7F, 0x7E, 0xDA, 0xEC, 0xF4, 0x60,
    0x63, 0xFD, 0x39, 0x9C, 0x1B, 0x23, 0xD7, 0x5F, 0xBF, 0x74, 0x21, 0x69, 0x8E, 0xD8, 0xAF, 0x5D,
    0x57, 0x35, 0x38, 0x36, 0x8C, 0xE3, 0x1B, 0x5F, 0x26, 0xDB, 0xA1, 0x07, 0x3E, 0x1B, 0x56, 0x5F,
    0xAD, 0x21, 0x22, 0xB7, 0xCB, 0x04, 0x02, 0x3B, 0xFC, 0x98, 0xD8, 0x61, 0x5C, 0xB1, 0x43, 0x08,
    0x59, 0x29, 0xB1, 0x83, 0x21, 0x76, 0x38, 0x20, 0x76, 0x78, 0x0F, 0xD8, 0x21, 0xEA, 0x80, 0x1D,
    0x12, 0x0B, 0xD4, 0x60, 0x04, 0xF2, 0x26, 0xB1, 0xC3, 0xEB, 0xC4, 0x0E, 0x3D, 0x74, 0xF8, 0xC8,
    0x02, 0x3B, 0x3C, 0xAD, 0x10, 0xD7, 0x66, 0x62, 0x87, 0x71, 0xC5, 0x0E, 0x31, 0x53, 0x48, 0xFA,
    0x2B, 0xCF, 0x6E, 0x80, 0x8E, 0x6F, 0xDE, 0xA6, 0x46, 0xEA, 0x1E, 0x44, 0xFB, 0x5B, 0x2C, 0x6A,
    0x8A, 0x60, 0xFA, 0x18, 0xA9, 0x09, 0xD1, 0xFC, 0x17, 0x5E, 0xE2, 0x39, 0x86, 0xFD, 0x52, 0x18,
    0x26, 0x6F, 0xAD, 0x71, 0x07, 0xF8, 0x64, 0xC4, 0xF9, 0xA6, 0xF8, 0x7B, 0xE7, 0x9B, 0xF2, 0xE3,
    0x37, 0x71, 0x2A, 0x62, 0x2F, 0xC5, 0x88, 0xC6, 0xA1, 0x43, 0xD7, 0x74, 0x28, 0xBA, 0x00, 0x39,
    0xF3, 0xDA, 0x21, 0x14, 0x71, 0xD4, 0x3F, 0x62, 0x88, 0x7D, 0xC8, 0x53, 0xF9, 0xC1, 0xC8, 0x23,
    0x4E, 0xAE, 0x6F, 0xC8, 0x85, 0xE3, 0x5C, 0x70, 0x92, 0xD1, 0x54, 0x22, 0xC5, 0xC0, 0xBB, 0xCA,
    0x57, 0x7B, 0x11, 0xF3, 0xC0, 0x21, 0x4E, 0xBC, 0xB1, 0xB7, 0x53, 0x9B, 0x0E, 0x4A, 0xC2, 0x43,
    0x05, 0xEE, 0x43, 0x97, 0x36, 0xE7, 0xC7, 0x1E, 0xF0, 0x14, 0x2D, 0x3A, 0xCD, 0x9B, 0x4E, 0xE4,
    0x5A, 0x68, 0xBF, 0xED, 0x8B, 0x94, 0x35, 0x7F, 0x1D, 0xE9, 0x93, 0x33, 0xD4, 0x23, 0x5E, 0x92,
    0x63, 0x66, 0xCC, 0x62, 0xBB, 0xCB, 0xA2, 0x08, 0x06, 0x05, 0x05, 0x65, 0x3A, 0x03, 0x06, 0xC3,
    0xFD, 0x18, 0x1E, 0xAE, 0x31, 0xCB, 0x5F, 0x56, 0x34, 0x84, 0xAC, 0xAF, 0x36, 0x64, 0x94, 0x6F,
    0x20, 0x15, 0x8A, 0x30, 0xBD, 0xAF, 0xD9, 0xBD, 0xA5, 0xF4, 0x56, 0x6E, 0x33, 0xC3, 0x03, 0xA8,
    0x57, 0x11, 0xF3, 0x63, 0xD2, 0xF1, 0x7B, 0xAD, 0x0D, 0x5E, 0x48, 0x16, 0x65, 0x96, 0x64, 0x68,
    0x25, 0x1A, 0x8B, 0x46, 0xEE, 0x66, 0x56, 0x72, 0xB6, 0x85, 0x50, 0x83, 0x35, 0x40, 0xD8, 0xD1,
    0x6C, 0x5C, 0x3A, 0x18, 0x87, 0x3E, 0x47, 0xB1, 0xC9, 0xFB, 0xD2, 0xB6, 0xB6, 0x7E, 0x3C, 0x4B,
    0xEB, 0x8F, 0x30, 0x31, 0xAF, 0xD6, 0xE2, 0xB5, 0x49, 0x55, 0xBA, 0x5C, 0x88, 0xB0, 0x5B, 0x22,
    0x45, 0x68, 0xAE, 0x15, 0xE1, 0xF7, 0x52, 0xAC, 0xE7, 0x67, 0xF1, 0x79, 0xD2, 0x9C, 0xFE, 0x00,
    0xC0, 0x6A, 0x6E, 0xB9, 0x2D, 0x67, 0x58, 0x35, 0x9F, 0x16, 0xCD, 0xDD, 0x7F, 0x34, 0x2F, 0xFA,
    0xF2, 0x81, 0xB7, 0xB5, 0x3F, 0x5B, 0xF3, 0x64, 0xAC, 0x2B, 0x99, 0xF0, 0x6D, 0x94, 0xD9, 0x48,
    0xFE, 0x0A, 0x7A, 0x5F, 0xC3, 0x36, 0x69, 0x87, 0x6A, 0x16, 0xA5, 0x11, 0x74, 0x85, 0xA6, 0xD0,
    0x93, 0x5A, 0x42, 0xC7, 0xDC, 0x85, 0x02, 0xA2, 0xC4, 0xD5, 0x51, 0x33, 0xEA, 0x85, 0x17, 0xF1,
    0xA5, 0x15, 0x5C, 0x1C, 0x85, 0xA7, 0x4E, 0xE5, 0x18, 0x8D, 0x10, 0x8B, 0x10, 0x89, 0x92, 0xFE,
    0x50, 0xC4, 0x69, 0x14, 0xF2, 0x38, 0x0E, 0x03, 0xE6, 0xA4, 0xE5, 0x78, 0x15, 0x9C, 0xF3, 0xB4,
    0x79, 0xF5, 0xFA, 0xB3, 0x48, 0x3B, 0x89, 0x14, 0x5B, 0x88, 0x2C, 0xF6, 0x4E, 0x52, 0x7B, 0x5F,
    0x8C, 0x1C, 0xEC, 0x51, 0x0F, 0xE4, 0x9B, 0xC8, 0x0F, 0x4B, 0x80, 0xCA, 0xE4, 0xE6, 0xFF, 0xF8,
    0x15, 0x4B, 0xE6, 0xBC, 0x48, 0xD8, 0x00, 0x91, 0x89, 0x6D, 0xB5, 0x32, 0x74, 0xAB, 0x6F, 0x9D,
    0x23, 0xEE, 0x6B, 0xDB, 0x43, 0x3A, 0xC9, 0xDF, 0xA2, 0x87, 0x3C, 0x17, 0x56, 0x4B, 0x07, 0xE9,
    0x4F, 0xA5, 0x5A, 0xCD, 0xF7, 0xA1, 0xF9, 0x0D, 0x81, 0x7C, 0x51, 0x6E, 0x9F, 0x0B, 0xFD, 0x4F,
    0x3B, 0x79, 0xCF, 0x45, 0xFF, 0x94, 0xFB, 0x1F, 0x8F, 0xE4, 0x10, 0x4F, 0x74, 0xFF, 0x3B, 0x41,
    0xC0, 0xEF, 0xE5, 0xF4, 0xCF, 0xDA, 0x67, 0x44, 0xFE, 0xE0, 0xC5, 0x91, 0xB7, 0x70, 0xB3, 0x45,
    0x66, 0x94, 0x66, 0xA0, 0x44, 0x90, 0x97, 0xDC, 0xC5, 0x5E, 0x3F, 0xC2, 0x97, 0xF2, 0x89, 0xEF,
    0x94, 0x38, 0x07, 0x61, 0x5E, 0x91, 0x2F, 0xA7, 0x6F, 0x07, 0xEF, 0xAE, 0x83, 0x51, 0x7A, 0x72,
    0xE5, 0x04, 0x89, 0xF9, 0x24, 0x35, 0xBA, 0xE8, 0x4D, 0xEB, 0xC7, 0xA8, 0xAD, 0x90, 0x1A, 0x90,
    0x18, 0x90, 0x16, 0x98, 0x14, 0x34, 0x25, 0x94, 0x53, 0xEE, 0x16, 0x30, 0x32, 0xA6, 0xD3, 0x1F,
    0xC7, 0x05, 0x8A, 0x2C, 0x97, 0x74, 0x19, 0x52, 0x09, 0x0F, 0x96, 0x1E, 0xE0, 0xAD, 0x03, 0x55,
    0xDA, 0xDD, 0x43, 0xB5, 0xBB, 0xF3, 0x39, 0x77, 0xFE, 0x40, 0x3E, 0x53, 0xF3, 0x84, 0x9A, 0xCB,
    0x7F, 0xD1, 0x3C, 0x82, 0xE6, 0x7D, 0x42, 0xCD, 0xF3, 0x91, 0x3A, 0x1F, 0xFD, 0x5F, 0x9A, 0xB3,
    0x50, 0xCB, 0x7D, 0x25, 0x87, 0x99, 0x95, 0x3E, 0x61, 0xA8, 0x7E, 0x2E, 0x9A, 0x97, 0xBF, 0x84,
    0x9A, 0xF9, 0x43, 0xF8, 0x58, 0xD6, 0x8D, 0xE4, 0x5F, 0xC8, 0x27, 0xDF, 0x37, 0xD5, 0x39, 0xFA,
    0xA6, 0x01, 0x99, 0x56, 0x22, 0xFA, 0xE7, 0x09, 0x8A, 0x81, 0x62, 0x49, 0x0F, 0x92, 0x59, 0xB7,
    0xB7, 0x6F, 0x8E, 0x30, 0x4E, 0xCF, 0xC4, 0xE7, 0xC8, 0x2A, 0x84, 0x1A, 0xC8, 0x55, 0x5A, 0x9F,
    0x6A, 0x02, 0x90, 0xFD, 0x58, 0x45, 0x93, 0xA2, 0x47, 0xAC, 0x69, 0x5A, 0x2B, 0x1E, 0xA1, 0x6F,
    0x92, 0xC2, 0xC6, 0xB3, 0x5C, 0x83, 0xDE, 0xFA, 0xE9, 0xA8, 0x12, 0xEE, 0xF0, 0xF2, 0x1C, 0x47,
    0x26, 0x09, 0xFF, 0x26, 0x41, 0x3D, 0x01, 0xF4, 0xCD, 0xE0, 0xED, 0x66, 0x69, 0x9B, 0x78, 0x42,
    0x11, 0x30, 0x4A, 0xE9, 0x90, 0x9F, 0x56, 0xF2, 0x9E, 0xE3, 0x3B, 0x95, 0x82, 0x28, 0x39, 0x56,
    0x3A, 0x1E, 0x46, 0x23, 0x1F, 0x5F, 0x45, 0xDE, 0x77, 0xC9, 0x68, 0xFA, 0xCC, 0xA5, 0xCB, 0x95,
    0x6C, 0xE0, 0xF2, 0x09, 0xFE, 0xDC, 0x93, 0x0A, 0x23, 0x2D, 0x73, 0x0D, 0xDA, 0x4B, 0x19, 0x2E,
    0xDB, 0x56, 0x85, 0x9F, 0xE5, 0x12, 0xD6, 0x83, 0xF1, 0x0E, 0xBC, 0x29, 0xB4, 0x19, 0x10, 0x42,
    0x32, 0x80, 0x23, 0x82, 0x4C, 0x4A, 0xC9, 0x9B, 0x7A, 0x53, 0x48, 0x0E, 0xB2, 0x6A, 0x31, 0x29,
    0xE6, 0xBA, 0x21, 0xBE, 0xF9, 0x56, 0xE8, 0xD7, 0x42, 0xD2, 0x3B, 0x28, 0xB1, 0xC7, 0x2A, 0x95,
    0x86, 0x54, 0x12, 0x0D, 0xF2, 0xB4, 0x22, 0x8C, 0xB2, 0x86, 0x04, 0x3E, 0xE2, 0x7B, 0x65, 0x77,
    0x28, 0x4F, 0x74, 0xC2, 0xE7, 0x11, 0x22, 0xEA, 0xB7, 0x09, 0xA3, 0xA3, 0xB0, 0x68, 0x13, 0xCE,
    0xB1, 0x09, 0xAB, 0xD6, 0xD2, 0x80, 0xCB, 0xE2, 0x72, 0x70, 0xED, 0x56, 0x18, 0x7A, 0x39, 0x2C,
    0xEE, 0x45, 0x49, 0xBD, 0x0B, 0x9F, 0x81, 0xEA, 0x97, 0xC8, 0x59, 0x17, 0xA6, 0x2C, 0x18, 0xFC,
    0x30, 0xEE, 0xCC, 0x15, 0xD6, 0x08, 0xAE, 0xB4, 0x18, 0x42, 0x4A, 0x6B, 0x01, 0x32, 0x6B, 0xCC,
    0xF7, 0x02, 0x26, 0x53, 0xA5, 0x80, 0x0F, 0xB0, 0x05, 0x31, 0xCC, 0x9B, 0x7D, 0x3C, 0x8B, 0x7C,
    0x0D, 0x33, 0x73, 0x79, 0xAC, 0x84, 0x54, 0xB4, 0x4A, 0xE9, 0xF3, 0xBD, 0x3C, 0x23, 0x62, 0x26,
    0x25, 0x6E, 0x90, 0xE0, 0x2E, 0xF9, 0x47, 0xEA, 0xD9, 0xB8, 0x74, 0x44, 0x60, 0x03, 0x0D, 0xA2,
    0x6E, 0xF9, 0x00, 0xB4, 0x21, 0xE2, 0xD6, 0x5D, 0xCC, 0x0C, 0x1C, 0x2C, 0x50, 0x5B, 0x0F, 0x6A,
    0x86, 0x2E, 0x2B, 0x96, 0x62, 0x70, 0x42, 0x2E, 0x1B, 0xB7, 0xDB, 0xA6, 0x81, 0x48, 0x21, 0xB8,
    0x3F, 0x39, 0x7D, 0xB2, 0x57, 0x02, 0xEF, 0xCE, 0x84, 0x05, 0xA0, 0xD4, 0x7A, 0xB4, 0xC5, 0x24,
    0xB0, 0x9D, 0xC5, 0x86, 0x16, 0xBD, 0xB0, 0x68, 0xB4, 0xB6, 0xC2, 0x28, 0x06, 0x48, 0xFE, 0x9F,
    0x3F, 0x3A, 0x94, 0x75, 0x55, 0xCE, 0x55, 0x19, 0x57, 0xE5, 0x5B, 0x95, 0x6D, 0x55, 0xAE, 0x55,
    0x99, 0x56, 0xE5, 0x59, 0x95, 0x65, 0x25, 0xFB, 0xE4, 0x24, 0x30, 0xAC, 0x12, 0xF8, 0x55, 0x65,
    0x57, 0x95, 0x5B, 0x85, 0x39, 0x57, 0xBE, 0x93, 0x37, 0xED, 0xBC, 0x85, 0x82, 0x10, 0xF1, 0x87,
    0xBD, 0x6D, 0xAC, 0xC1, 0x61, 0x0D, 0xFA, 0x01, 0xFA, 0x90, 0x76, 0xFC, 0xFC, 0x5C, 0x17, 0x9F,
    0x8F, 0x58, 0xF8, 0x6F, 0x3E, 0x5F, 0x73, 0xF9, 0x55, 0x30, 0xFC, 0xA5, 0xAF, 0x22, 0xDF, 0xA3,
    0x53, 0x61, 0xD1, 0x8D, 0x61, 0xA5, 0xB3, 0x08, 0x84, 0x95, 0xC5, 0x1F, 0xC0, 0xFA, 0x3D, 0x0B,
    0x26, 0x06, 0xA8, 0x4F, 0xBF, 0xB8, 0x4F, 0x27, 0x52, 0xC3, 0xDF, 0x5E, 0x40, 0xA0, 0x77, 0xB5,
    0x95, 0xB6, 0xF9, 0x37, 0x8D, 0x94, 0x01, 0x64, 0x2D, 0xCB, 0x19, 0xC7, 0x7F, 0xBB, 0x9B, 0x64,
    0x7B, 0xDF, 0xDE, 0x9B, 0xB9, 0xD5, 0x0B, 0xBC, 0x24, 0x03, 0xC1, 0xF3, 0xDC, 0x73, 0x36, 0x78,
    0xBC, 0x94, 0xDD, 0x33, 0x53, 0x2D, 0x00, 0x02, 0x80, 0xD2, 0x20, 0xE0, 0xC1, 0x3B, 0x08, 0x4E,
    0x39, 0x27, 0xBB, 0xF5, 0x50, 0x50, 0x0D, 0x00, 0x20, 0x28, 0x28, 0x34, 0x38, 0x38, 0x25, 0xB9,
    0x67, 0x68, 0x79, 0xB4, 0xCA, 0xB4, 0x00, 0xD0, 0xD1, 0x5E, 0xB4, 0x28, 0x53, 0x16, 0x5B, 0x77,
    0x4F, 0xA6, 0x7B, 0x92, 0x93, 0xE3, 0xA2, 0xE8, 0x9A, 0xF9, 0xE6, 0xFB, 0xCC, 0xFF, 0xFF, 0x5F,
    0xFB, 0xFF, 0x66, 0xE7, 0x2B, 0xAD, 0x8C, 0x70, 0x89, 0xE7, 0x8E, 0xAF, 0x34, 0x41, 0x27, 0x1D,
    0xC2, 0x31, 0x04, 0x3E, 0xEF, 0x4B, 0x9B, 0x7C, 0xF0, 0xE2, 0xCF, 0xED, 0x88, 0x69, 0x6A, 0x5F,
    0xC8, 0xEE, 0x50, 0x85, 0x6E, 0x5E, 0x35, 0x37, 0x99, 0x05, 0x54, 0x70, 0x2A, 0x3C, 0x25, 0xB6,
    0x0A, 0xE6, 0x98, 0xF3, 0x02, 0x9F, 0xA7, 0x56, 0x84, 0x3A, 0x5E, 0x91, 0xD7, 0x4B, 0xBB, 0x34,
    0x4A, 0x0F, 0xA3, 0xA6, 0x4A, 0xDA, 0x7E, 0x8C, 0x62, 0x0F, 0xC2, 0xA9, 0xEE, 0x8B, 0x3B, 0xEE,
    0xA2, 0x26, 0xAB, 0x05, 0xBB, 0x80, 0x74, 0x55, 0xDB, 0x14, 0xFE, 0x6D, 0x53, 0x54, 0xAD, 0xB4,
    0xD1, 0x4A, 0x99, 0xA4, 0x59, 0x92, 0xD9, 0x0E, 0xF9, 0x43, 0x4F, 0x99, 0xD5, 0x9C, 0x73, 0x31,
    0x4D, 0xBC, 0xFA, 0xDA, 0xC8, 0x80, 0xE8, 0x90, 0x1C, 0x31, 0xA4, 0xA4, 0x40, 0x08, 0x2D, 0x05,
    0x43, 0x49, 0x39, 0xA4, 0x18, 0xA0, 0xBE, 0x6D, 0x90, 0x7F, 0xE9, 0x48, 0xFD, 0x8A, 0xA8, 0x51,
    0x30, 0x15, 0x35, 0x0D, 0x71, 0xBB, 0x1E, 0x91, 0x67, 0x1E, 0xDB, 0x59, 0x6A, 0x54, 0x20, 0x6B,
    0x01, 0xA2, 0x3E, 0x09, 0x66, 0x18, 0xBB, 0x02, 0xCF, 0x45, 0xE2, 0xA5, 0x2E, 0xB9, 0x67, 0xA9,
    0x83, 0x59, 0x9A, 0x9C, 0xC4, 0x89, 0x56, 0x74, 0x69, 0x1B, 0x35, 0x91, 0x4F, 0xAD, 0xE2, 0x82,
    0xCC, 0x28, 0x57, 0xB9, 0x65, 0x7D, 0xCF, 0x94, 0x12, 0x51, 0xC7, 0xF5, 0x06, 0xD3, 0x45, 0xED,
    0x33, 0x66, 0x6B, 0xE6, 0x82, 0x5F, 0x93, 0x3C, 0x90, 0x35, 0x48, 0xC3, 0x0C, 0xA8, 0xE3, 0x5E,
    0x36, 0xD4, 0x89, 0x4E, 0xF5, 0x77, 0x38, 0x20, 0xF7, 0xB9, 0x3B, 0xE5, 0x0B, 0x00, 0x15, 0x4C,
    0x3F, 0x48, 0x0D, 0x59, 0x8D, 0xD0, 0x08, 0x90, 0xF0, 0x82, 0xCC, 0x09, 0x2F, 0x9A, 0xC4, 0x27,
    0xF6, 0x6B, 0xFD, 0x2B, 0x60, 0xCF, 0x48, 0x53, 0x52, 0x50, 0x90, 0x93, 0x3D, 0x0A, 0x26, 0xB5,
    0x6A, 0x55, 0x03, 0x55, 0x53, 0xF9, 0x8C, 0x7D, 0x5E, 0x11, 0x93, 0x12, 0x7C, 0x70, 0xAF, 0x38,
    0x00, 0xAA, 0x76, 0xD9, 0xF2, 0x82, 0x23, 0x0E, 0x79, 0x4B, 0xF1, 0x7A, 0xA1, 0x7C, 0x6E, 0x26,
    0x5C, 0x32, 0xC7, 0xD3, 0xB2, 0xB4, 0x79, 0x2D, 0x4D, 0xE5, 0xAA, 0xF5, 0xAA, 0x17, 0xEA, 0x67,
    0x5D, 0x3F, 0x72, 0x5A, 0xC8, 0xFA, 0x26, 0x4D, 0x06, 0xF3, 0xC3, 0xC9, 0x40, 0x75, 0x99, 0xDB,
    0xBB, 0x16, 0x4E, 0xD6, 0x8A, 0x02, 0xCE, 0x70, 0x71, 0x1B, 0x05, 0x14, 0x95, 0xEA, 0x94, 0x8B,
    0x9D, 0xD4, 0xA3, 0xB5, 0x67, 0xA8, 0x4E, 0x36, 0x65, 0x31, 0x5D, 0xCC, 0x81, 0x3C, 0x04, 0x15,
    0x1E, 0x0A, 0x06, 0x63, 0x0E, 0xCE, 0xD8, 0x01, 0x4E, 0x6E, 0xC7, 0x55, 0x70, 0x7D, 0x03, 0x77,
    0x76, 0xB8, 0xE0, 0x62, 0x96, 0xF8, 0xFC, 0x27, 0x46, 0x04, 0xB2, 0x8E, 0xDE, 0xB1, 0x28, 0x98,
    0x34, 0x58, 0xF9, 0x8D, 0x9F, 0xB1, 0x38, 0xE6, 0xAC, 0x88, 0xDC, 0x28, 0x35, 0x32, 0xE8, 0xB4,
    0x05, 0xD8, 0x5B, 0x91, 0x07, 0x3D, 0xCB, 0x8C, 0x4F, 0x4C, 0xFC, 0x3E, 0x26, 0x7B, 0x10, 0xC8,
    0xF0, 0x40, 0x91, 0x77, 0x1C, 0xA7, 0x9E, 0xED, 0xF1, 0x7B, 0xCA, 0x82, 0xA9, 0xFA, 0xD9, 0xAF,
    0x76, 0x9D, 0x03, 0x2C, 0x43, 0xA8, 0x43, 0x08, 0x3A, 0x76, 0xBB, 0x88, 0xD5, 0x3E, 0x2A, 0xAC,
    0x38, 0x55, 0x2D, 0xE7, 0x99, 0xDB, 0x6C, 0x87, 0x5E, 0x0E, 0xA0, 0x5A, 0x67, 0xEB, 0x7A, 0x05,
    0xC0, 0x21, 0xD1, 0x63, 0x03, 0x97, 0xFA, 0x31, 0xB0, 0x60, 0xF3, 0x44, 0x00, 0x99, 0x06, 0x24,
    0x40, 0x01, 0x3C, 0x6D, 0x7A, 0x20, 0xB6, 0x40, 0x6A, 0x00, 0x01, 0x30, 0xDC, 0x22, 0x1A, 0x20,
    0xF2, 0x40, 0x62, 0x80, 0xAC, 0x7E, 0x46, 0x94, 0x00, 0x93, 0x2D, 0xDD, 0x6D, 0xE9, 0x1A, 0x38,
    0xFA, 0xF8, 0x05, 0xDB, 0xE7, 0x10, 0xA9, 0xB3, 0x3A, 0xA9, 0x33, 0x5D, 0xB1, 0xE0, 0x0D, 0xBB,
    0xA7, 0xEC, 0x17, 0x0C, 0x54, 0xE8, 0xAA, 0xD0, 0x89, 0x10, 0xEA, 0x97, 0x24, 0xFA, 0x80, 0x84,
    0xCF, 0x48, 0x51, 0x9B, 0xAF, 0x03, 0xC4, 0xB7, 0x56, 0x05, 0x7F, 0x39, 0xBF, 0xBD, 0x1D, 0x8F,
    0xE1, 0x60, 0x2C, 0x9D, 0xA8, 0x95, 0x3D, 0xA9, 0x23, 0x2D, 0xCC, 0x80, 0x92, 0x21, 0x02, 0x41,
    0xCE, 0x82, 0xFF, 0x65, 0xE0, 0xE7, 0x75, 0xEE, 0x32, 0x1F, 0xB7, 0x4C, 0xFB, 0xA6, 0xC5, 0x0F,
    0xA4, 0x2D, 0xD2, 0x52, 0x42, 0xEC, 0xF6, 0xB6, 0xCE, 0x4E, 0x36, 0xCE, 0xE6, 0x5A, 0x99, 0xDC,
    0xA4, 0xB5, 0xE4, 0x02, 0x22, 0x40, 0x18, 0x46, 0xF2, 0xAF, 0x7A, 0x99, 0xAB, 0x7A, 0x59, 0xAA,
    0xBA, 0x2C, 0x24, 0xBC, 0x06, 0xE9, 0x72, 0xAB, 0x8C, 0xB2, 0xAA, 0x91, 0x0E, 0x40, 0x84, 0xA0,
    0x65, 0x08, 0x0C, 0x91, 0xF4, 0x5F, 0xD5, 0x43, 0x76, 0xC8, 0x43, 0x70, 0xEB, 0x09, 0x50, 0x6D,
    0x3A, 0xFC, 0xF8, 0xEB, 0xEB, 0xA1, 0x60, 0xF0, 0xF8, 0xF7, 0x43, 0xE5, 0x97, 0x2E, 0xB6, 0x89,
    0x49, 0x0C, 0x00, 0x91, 0x25, 0xFE, 0xF0, 0xBB, 0x5A, 0x86, 0x9F, 0xEB, 0xB5, 0x01, 0x97, 0x55,
    0x03, 0x1E, 0x60, 0xE3, 0xBD, 0x30, 0x4F, 0x33, 0xD3, 0x24, 0xAB, 0xAC, 0xC7, 0x05, 0x8A, 0x7C,
    0xC5, 0x65, 0xEC, 0xA0, 0x04, 0xDE, 0x6D, 0x66, 0x01, 0x71, 0xB3, 0x87, 0x08, 0x9B, 0x53, 0x27,
    0x3B, 0x8E, 0x7B, 0x4C, 0xEC, 0x5E, 0x20, 0xBB, 0x23, 0x7A, 0xCB, 0x99, 0x54, 0xDB, 0xC3, 0xF4,
    0xC9, 0xDA, 0xEE, 0x5A, 0x05, 0x7D, 0xF0, 0x12, 0x20, 0x42, 0x68, 0x65, 0x05, 0x92, 0x21, 0x25,
    0x00, 0x50, 0x99, 0xCA, 0x2A, 0xFB, 0x14, 0xC7, 0x00, 0x7D, 0xFC, 0x04, 0xEC, 0x39, 0x7F, 0x38,
    0xE1, 0x9A, 0x43, 0xF3, 0xA5, 0x86, 0xBE, 0x7F, 0xC0, 0x18, 0x6E, 0x18, 0xDF, 0xF6, 0xF1, 0x19,
    0x69, 0xE1, 0xE4, 0x39, 0xAE, 0x77, 0xED, 0x13, 0x66, 0x83, 0x7F, 0x65, 0xBE, 0x84, 0x71, 0xAF,
    0xB3, 0xD1, 0xDC, 0xB0, 0x3E, 0x7E, 0xE3, 0x35, 0x33, 0x32, 0x9B, 0xD9, 0x19, 0xD7, 0x40, 0x56,
    0x2B, 0x3D, 0xE1, 0x96, 0x39, 0x57, 0x1C, 0x12, 0x05, 0x9D, 0x05, 0x23, 0x9F, 0xEE, 0xC3, 0x05,
    0x74, 0x8F, 0x63, 0xCE, 0x6B, 0xFD, 0x53, 0x97, 0x1B, 0x59, 0x5F, 0xD9, 0x93, 0x35, 0x69, 0x9C,
    0xBA, 0xA5, 0x5E, 0xEA, 0xCC, 0x31, 0xBE, 0xE1, 0x9D, 0x96, 0x5E, 0xFA, 0x77, 0xDC, 0x70, 0x83,
    0xBF, 0xFA, 0x81, 0xCF, 0xFE, 0xD6, 0xC8, 0xBF, 0xDF, 0xCD, 0xD2, 0x1F, 0xDF, 0x88, 0x7D, 0xD8,
    0x47, 0xD4, 0xEB, 0x8E, 0xA4, 0x46, 0xE9, 0xEF, 0x93, 0x6F, 0xEE, 0x1A, 0xF8, 0xAE, 0x2D, 0x7F,
    0x9F, 0xAD, 0x2A, 0xF7, 0xBD, 0x69, 0xFA, 0x23, 0x00, 0xC4, 0x1F, 0x9D, 0x0A, 0xCD, 0xE5, 0xE9,
    0xE9, 0xE5, 0xE4, 0xB4, 0x4F, 0xFA, 0xF2, 0x0D, 0x9F, 0xA1, 0x7C, 0xE5, 0xB0, 0x98, 0x33, 0x80,
    0xB3, 0x09, 0x10, 0xDB, 0x11, 0x20, 0xB5, 0x78, 0xCF, 0x5E, 0x47, 0x1C, 0x42, 0xB0, 0xF0, 0x69,
    0xF8, 0x07, 0xFC, 0x3F, 0x18, 0x36, 0x57, 0x44, 0xF0, 0xD5, 0x3A, 0x6C, 0xCB, 0x46, 0x6D, 0x4B,
    0x88, 0xC2, 0x3F, 0x21, 0xAD, 0x45, 0x08, 0xFF, 0x21, 0x67, 0xD4, 0x33, 0x43, 0xC7, 0x9C, 0x7E,
    0xB5, 0xF0, 0x8C, 0xF9, 0x4D, 0x78, 0x0F, 0xE4, 0x3D, 0xAD, 0x26, 0x7E, 0xD0, 0x7C, 0xDA, 0x20,
    0x6A, 0xE0, 0x9E, 0x02, 0x40, 0xB2, 0x7D, 0xCC, 0xA3, 0xF6, 0x3A, 0x38, 0x20, 0xD1, 0x00, 0x64,
    0xFF, 0x2A, 0x8B, 0x49, 0xE1, 0x27, 0x7E, 0xFE, 0xEF, 0x66, 0x36, 0x8B, 0x5B, 0x31, 0x78, 0x3B,
    0x55, 0xAE, 0xA0, 0x7C, 0x23, 0x1C, 0xFB, 0x47, 0xDC, 0x17, 0x45, 0x31, 0x99, 0xCF, 0xD2, 0x66,
    0x50, 0x4C, 0x07, 0xF3, 0x72, 0xDE, 0x17, 0xB9, 0xBD, 0x3F, 0xA4, 0x18, 0x50, 0x14, 0x4C, 0x0A,
    0xE6, 0x0B, 0x7E, 0xDB, 0x32, 0x1B, 0xB1, 0xE6, 0x0E, 0x76, 0x0A, 0x36, 0x5C, 0xC5, 0x51, 0xB6,
    0xFA, 0x58, 0x5B, 0x1A, 0xD2, 0x9A, 0x4C, 0x23, 0x2A, 0xC4, 0x2F, 0x91, 0x82, 0xE1, 0x11, 0x83,
    0x5E, 0x66, 0xA8, 0x8F, 0x77, 0xB9, 0xBF, 0xBB, 0x63, 0x34, 0xEA, 0xD9, 0x6B, 0xD5, 0xC9, 0x84,
    0x79, 0xAF, 0xEB, 0xE7, 0x57, 0xA8, 0x99, 0xF8, 0x85, 0x64, 0xC8, 0x5A, 0xF7, 0x98, 0x58, 0xA7,
    0xE4, 0xD7, 0x3D, 0xED, 0xB1, 0xCE, 0xF5, 0xDD, 0xDB, 0xE2, 0x60, 0xF0, 0xF2, 0xE8, 0xCD, 0xFE,
    0xB9, 0x30, 0xBB, 0x88, 0x6F, 0x4C, 0xF2, 0x27, 0xE2, 0x06, 0x3C, 0xC9, 0x9C, 0x57, 0x53, 0x26,
    0x8A, 0xFF, 0x02, 0xD4, 0x98, 0x05, 0xAC, 0xE4, 0x58, 0x76, 0x86, 0x6F, 0xD9, 0xD9, 0xB1, 0x12,
    0x4B, 0xB9, 0x61, 0x1A, 0x70, 0x98, 0xA7, 0x1D, 0xC6, 0xD7, 0x63, 0x07, 0x5B, 0x1C, 0x16, 0x2B,
    0xCC, 0xCC, 0xD8, 0x19, 0x3B, 0x2C, 0x9E, 0x16, 0x85, 0x99, 0x59, 0x10, 0x46, 0x3B, 0xCC, 0x89,
    0x93, 0x15, 0x53, 0x3B, 0xCC, 0xC9, 0x4D, 0xE4, 0xCD, 0xBA, 0x77, 0x5D, 0x3E, 0xF9, 0x3F, 0x9D,
    0xAA, 0x79, 0x5D, 0xBD, 0xCC, 0x3B, 0xD6, 0xF3, 0x7F, 0xAA, 0xBB, 0xEC, 0x03, 0xFF, 0x81, 0x7B,
    0x6F, 0x85, 0xF0, 0x56, 0x7D, 0xD0, 0x55, 0xCF, 0x60, 0x99, 0xC0, 0x6C, 0x05, 0xC3, 0x6F, 0x02,
    0xE1, 0x2D, 0xC2, 0xF9, 0x1A, 0xCC, 0xAC, 0x0F, 0x5F, 0x24, 0x6C, 0x43, 0x71, 0x0C, 0xB5, 0x1E,
    0xDF, 0x42, 0x15, 0x42, 0x74, 0x5C, 0xC3, 0xEB, 0x0A, 0x17, 0x9E, 0xAC, 0xC0, 0x50, 0x27, 0xB0,
    0xE1, 0x25, 0xB0, 0x15, 0x4E, 0x41, 0x57, 0x37, 0x82, 0x03, 0x18, 0xAC, 0x3F, 0xE1, 0x47, 0x87,
    0x83, 0x9E, 0x48, 0xC2, 0x70, 0x48, 0x21, 0xB7, 0x50, 0xCC, 0x98, 0xB2, 0x29, 0x08, 0x8C, 0x67,
    0x9F, 0xC8, 0x12, 0xAF, 0xDD, 0x5A, 0xC1, 0x02, 0x0B, 0x4F, 0xE6, 0x73, 0xE0, 0x7A, 0xED, 0xF0,
    0x30, 0x22, 0x5A, 0xD0, 0x42, 0xD5, 0xDA, 0x58, 0x87, 0x1B, 0x7A, 0xAD, 0x0A, 0x8F, 0xEB, 0xB5,
    0xC7, 0xC2, 0x95, 0x5E, 0x7B, 0x5C, 0xD4, 0x1A, 0xDA, 0xF2, 0xFD, 0x1A, 0x8B, 0xE3, 0xE7, 0xFD,
    0xA8, 0xFC, 0xD4, 0x5B, 0xC2, 0xE3, 0xC1, 0x46, 0xFC, 0xEC, 0x26, 0xFC, 0x6C, 0xE6, 0x50, 0x25,
    0xB0, 0x06, 0x43, 0x93, 0xF8, 0xFF, 0x66, 0xC6, 0xB1, 0x61, 0x3E, 0x60, 0x6B, 0xAF, 0x8F, 0xA1,
    0xB2, 0xBD, 0xB9, 0x83, 0xA6, 0xEC, 0x27, 0xC1, 0xB8, 0x82, 0xB5, 0xC7, 0x01, 0x1C, 0xD6, 0x00,
    0xDE, 0xB9, 0x60, 0xA9, 0xC5, 0x75, 0xC3, 0x7A, 0x68, 0x60, 0x29, 0x3C, 0x06, 0xCA, 0x63, 0xBD,
    0x4F, 0xCA, 0x4F, 0x2C, 0xA5, 0xFB, 0x58, 0x72, 0x84, 0xF1, 0x17, 0xC6, 0xD2, 0x35, 0x57, 0xB0,
    0xF4, 0x74, 0xA0, 0xE6, 0x06, 0x71, 0xC1, 0x6C, 0x0B, 0x5C, 0xB5, 0x9E, 0xCA, 0xCD, 0x16, 0x69,
    0x97, 0xC5, 0xA1, 0xCF, 0x37, 0x51, 0x93, 0xAF, 0xF9, 0x31, 0x64, 0x77, 0xE2, 0x86, 0xD5, 0xF5,
    0x6C, 0x94, 0x9C, 0x38, 0x74, 0x33, 0x06, 0xA7, 0x0B, 0xC0, 0x17, 0xDC, 0x3A, 0x90, 0xCD, 0x52,
    0xE4, 0xC9, 0xFD, 0xCC, 0xB0, 0x55, 0x59, 0x8F, 0xD9, 0x7B, 0xF0, 0x2A, 0xCF, 0xEA, 0x51, 0x8F,
    0x76, 0x6D, 0x9C, 0x83, 0x85, 0x38, 0x09, 0x9E, 0x75, 0x72, 0xD5, 0xD0, 0x30, 0x1C, 0x51, 0x43,
    0x00, 0xD1, 0x16, 0x1C, 0xDF, 0x30, 0xB0, 0x07, 0x5E, 0x0E, 0x07, 0x02, 0xA9, 0x7A, 0xBD, 0xD3,
    0x8C, 0x01, 0x38, 0xA8, 0xAC, 0x96, 0x7C, 0x45, 0xF1, 0xAC, 0x77, 0x77, 0x14, 0xD8, 0xA2, 0x3B,
    0x85, 0x62, 0x87, 0x43, 0x6E, 0x58, 0x84, 0x43, 0xAF, 0x33, 0x42, 0x69, 0xB8, 0x67, 0x98, 0x83,
    0x37, 0x67, 0xCD, 0xB8, 0x7B, 0xF8, 0x92, 0x11, 0xE7, 0x0A, 0x55, 0x66, 0x49, 0x3A, 0xFA, 0x35,
    0x54, 0x7F, 0xA3, 0xB2, 0xFD, 0xDD, 0x2D, 0xC4, 0x6F, 0x90, 0x12, 0xAE, 0x57, 0x8D, 0x2D, 0x38,
    0x9B, 0x80, 0x11, 0xEA, 0xCF, 0x59, 0x47, 0x11, 0x5A, 0x80, 0x33, 0xE1, 0x28, 0x02, 0xCE, 0xEC,
    0xB5, 0x9E, 0x6C, 0x34, 0xA2, 0x12, 0xD8, 0x01, 0x08, 0x2D, 0x36, 0x08, 0x04, 0xC8, 0x29, 0x3E,
    0xE2, 0xE0, 0x85, 0xE2, 0xEE, 0xAC, 0xA9, 0xE1, 0x2D, 0x32, 0x8C, 0x3E, 0x7A, 0xC9, 0x8B, 0x74,
    0xC7, 0x48, 0x6C, 0xF5, 0x02, 0x92, 0xB0, 0xD0, 0xE1, 0xEF, 0x2A, 0xD5, 0x5E, 0x84, 0x37, 0x5D,
    0x4D, 0xB8, 0x7D, 0x2A, 0xC4, 0x5F, 0x0D, 0x66, 0x94, 0x3A, 0xB1, 0xE1, 0x47, 0x0A, 0xF6, 0xA1,
    0x26, 0xBD, 0xE9, 0x60, 0x90, 0x90, 0xCF, 0x99, 0xF1, 0x64, 0x31, 0xE5, 0x3B, 0x32, 0x8E, 0x2E,
    0xAB, 0xBE, 0x38, 0xF2, 0xFD, 0x80, 0xCF, 0xD6, 0x37, 0xBB, 0xA4, 0x9E, 0x6C, 0x36, 0x79, 0xAE,
    0xC2, 0x6A, 0x96, 0x43, 0x07, 0x57, 0xD5, 0x94, 0x9B, 0x9D, 0x72, 0xCE, 0xBF, 0xC9, 0x05, 0x85,
    0x40, 0x3E, 0xA2, 0x47, 0xEC, 0xA1, 0x22, 0x17, 0x8F, 0x1B, 0x3A, 0xF9, 0x07, 0x71, 0x40, 0x41,
    0x73, 0xA2, 0xD7, 0xC9, 0x25, 0xDE, 0x7F, 0x40, 0x72, 0x91, 0x33, 0x79, 0x63, 0x23, 0x41, 0xC9,
    0x0B, 0x5A, 0x1D, 0x99, 0xE4, 0x9A, 0x98, 0x46, 0xF6, 0x78, 0x45, 0xF3, 0xE7, 0xA6, 0xA4, 0x64,
    0x06, 0xE5, 0x36, 0x32, 0x8D, 0x8E, 0x02, 0xDC, 0xA1, 0x03, 0xCC, 0xFE, 0x07, 0xFE, 0x5E, 0x29,
    0x33, 0x69, 0x3B, 0xCF, 0x24, 0xE1, 0x42, 0x21, 0x54, 0x09, 0xAC, 0x13, 0xCE, 0xE1, 0x92, 0x70,
    0x26, 0x8F, 0x03, 0xA8, 0x99, 0x74, 0xB0, 0x55, 0x33, 0x29, 0x33, 0x78, 0x08, 0x9F, 0x7B, 0x3D,
    0x0C, 0x8A, 0x15, 0x8C, 0x3E, 0x41, 0x5A, 0xF0, 0xED, 0xEF, 0xAF, 0x6B, 0xF1, 0x8A, 0xFB, 0x47,
    0xB8, 0xAC, 0x27, 0x18, 0x6C, 0x02, 0xB8, 0xC1, 0x62, 0x9E, 0xC0, 0x38, 0xC2, 0xE0, 0x13, 0x01,
    0xFE, 0x36, 0xB4, 0x98, 0xE3, 0x0E, 0x3E, 0x1B, 0x23, 0xDD, 0xEF, 0x52, 0x90, 0x50, 0x48, 0xCD,
    0x0F, 0x93, 0xB0, 0xEF, 0x52, 0x80, 0xBC, 0x05, 0x37, 0xAA, 0x8D, 0x42, 0x8D, 0x98, 0x4A, 0x85,
    0x8D, 0xE4, 0x90, 0xBA, 0x39, 0xFC, 0x54, 0xF0, 0xEA, 0x3B, 0x79, 0xE3, 0xA2, 0xEE, 0xC1, 0x50,
    0x4A, 0xCB, 0xE5, 0x04, 0xC5, 0x5D, 0xD9, 0x46, 0x49, 0x63, 0x2B, 0x0E, 0xE7, 0x86, 0xAF, 0xD0,
    0x87, 0x28, 0x8E, 0x78, 0x8B, 0xB1, 0x00, 0x65, 0x1B, 0x5E, 0x8B, 0x15, 0xDC, 0x2E, 0xEF, 0x2E,
    0x74, 0x68, 0x5D, 0x25, 0x89, 0xF9, 0x37, 0xEB, 0x84, 0xE7, 0x89, 0x9A, 0xE8, 0xEE, 0x92, 0x70,
    0x46, 0x4A, 0x87, 0xDB, 0x10, 0x2E, 0x41, 0x3D, 0xE0, 0x3E, 0x04, 0xCB, 0x7F, 0x84, 0x6C, 0x65,
    0x12, 0x6E, 0x9C, 0x16, 0xEE, 0x50, 0xAD, 0xF5, 0xE9, 0x0D, 0xC4, 0x74, 0x0A, 0x52, 0x95, 0xAF,
    0xC5, 0x28, 0x34, 0x9F, 0xBE, 0xFF, 0x10, 0x2E, 0xAE, 0xCE, 0xE6, 0xDA, 0xC6, 0xCE, 0xA6, 0x5A,
    0xD9, 0x92, 0xE7, 0x2B, 0xEE, 0xE6, 0x09, 0xDF, 0xCB, 0x11, 0x1B, 0xB1, 0x0D, 0xF0, 0x15, 0x60,
    0xF0, 0x76, 0x80, 0xCD, 0x85, 0xD7, 0x9E, 0x9D, 0x60, 0xF9, 0xB9, 0x23, 0xC4, 0x40, 0x72, 0xA8,
    0x50, 0x4F, 0xD9, 0xC3, 0xD1, 0x02, 0x16, 0xDE, 0xA2, 0x23, 0x0F, 0xF2, 0x08, 0x9D, 0x0D, 0x7A,
    0xE2, 0xA7, 0x33, 0x75, 0x0C, 0x30, 0xDD, 0x88, 0x72, 0x67, 0x6E, 0x33, 0x2D, 0x7C, 0x9A, 0x41,
    0x9B, 0x6E, 0x17, 0x0B, 0xED, 0xC2, 0x2D, 0x96, 0xB8, 0x11, 0x0D, 0x8D, 0x03, 0x75, 0xB4, 0x0A,
    0xB7, 0x58, 0xE2, 0x16, 0x4B, 0xDC, 0x9E, 0x77, 0x58, 0xE2, 0xB6, 0x96, 0x48, 0xC8, 0xAA, 0x6E,
    0x9F, 0x7B, 0xFC, 0xB1, 0xF6, 0xD1, 0xB5, 0xA0, 0xE1, 0x32, 0x75, 0x72, 0x2A, 0x4A, 0x04, 0xA0,
    0xC9, 0xE2, 0xE2, 0xCA, 0xC5, 0x9B, 0x00, 0x0F, 0x2C, 0x86, 0x06, 0x1E, 0xFE, 0x1B, 0xCC, 0xFF,
    0x6A, 0x81, 0x85, 0xA7, 0xC0, 0x88, 0xF3, 0xE1, 0x46, 0x09, 0xDE, 0x26, 0xAC, 0xB0, 0x14, 0xC2,
    0x43, 0x02, 0xF3, 0x89, 0xF1, 0x58, 0x9A, 0x09, 0xA3, 0x51, 0xB9, 0x4F, 0x88, 0x79, 0xE6, 0x17,
    0xFE, 0xAD, 0x60, 0x96, 0xC0, 0x02, 0xEC, 0x3B, 0x0B, 0x8D, 0x08, 0x03, 0xE1, 0xCC, 0x0C, 0xDF,
    0x77, 0x32, 0xF6, 0x24, 0x6C, 0xDD, 0x84, 0xFE, 0x2B, 0xD8, 0x02, 0x2E, 0x47, 0xAC, 0xAD, 0x80,
    0xF5, 0x22, 0xA9, 0x9B, 0x45, 0x51, 0x4D, 0xA9, 0xEB, 0x7B, 0x03, 0xAC, 0xAF, 0x13, 0x49, 0x16,
    0xA8, 0xDC, 0x72, 0x93, 0xA9, 0x2F, 0xC2, 0x27, 0x63, 0x7A, 0x62, 0xA8, 0xC7, 0x10, 0xA5, 0x11,
    0x8F, 0x32, 0x94, 0x9B, 0x43, 0x5C, 0x81, 0x45, 0x0E, 0x57, 0x8B, 0xCC, 0xD7, 0xA9, 0x4E, 0xD7,
    0x8B, 0x34, 0x86, 0x92, 0x0C, 0xC5, 0x55, 0x86, 0xE4, 0x97, 0x01, 0xD6, 0x03, 0x6D, 0x5C, 0x65,
    0xA8, 0x5E, 0x18, 0xBE, 0xF3, 0xC3, 0x26, 0xF5, 0x8C, 0xBD, 0xD7, 0xF4, 0x56, 0x04, 0xAF, 0xF9,
    0x54, 0x4B, 0xFC, 0x0B, 0xA9, 0xF1, 0x85, 0x8C, 0x25, 0x41, 0xEE, 0xB8, 0x28, 0x59, 0x18, 0x58,
    0x86, 0x8A, 0x0D, 0x11, 0x4A, 0x44, 0xE5, 0x64, 0x3F, 0xEE, 0xBE, 0x5D, 0x39, 0xEB, 0xB7, 0xDD,
    0x3B, 0xAF, 0xD6, 0x83, 0x97, 0x69, 0x46, 0x99, 0xA2, 0x32, 0xE0, 0x61, 0xEC, 0x03, 0x2E, 0x56,
    0xEE, 0xE3, 0x4D, 0x9C, 0xA4, 0x06, 0xF0, 0xA1, 0x3A, 0x89, 0x49, 0xEF, 0x88, 0x57, 0x9C, 0x5B,
    0x79, 0x02, 0x7D, 0x57, 0x88, 0x14, 0xBE, 0xDC, 0xC5, 0x27, 0x23, 0x3E, 0xFA, 0x35, 0xBD, 0x1B,
    0x6F, 0xEC, 0x8F, 0xCC, 0xBE, 0xCD, 0x94, 0x6E, 0xBB, 0x65, 0xFA, 0x9B, 0xD5, 0xC2, 0xE4, 0x65,
    0xC7, 0x71, 0x16, 0xA6, 0x15, 0x46, 0xA4, 0xBC, 0x98, 0xE8, 0x05, 0x2A, 0xAF, 0x85, 0x3F, 0x29,
    0xFF, 0xFA, 0x00, 0xAD, 0xA3, 0xF9, 0xAE, 0xA6, 0xFC, 0x6B, 0xBB, 0xC5, 0x23, 0x30, 0x60, 0xF3,
    0x39, 0x29, 0xDE, 0x5E, 0xBF, 0xB7, 0xE3, 0xBA, 0xCC, 0x17, 0x47, 0x5F, 0x5C, 0x8F, 0xC5, 0xE6,
    0xFC, 0xAF, 0xE5, 0x46, 0x5A, 0x64, 0x91, 0x8A, 0xE4, 0x59, 0x55, 0x9D, 0x37, 0x78, 0xCB, 0xA8,
    0xED, 0x19, 0x2C, 0xCD, 0xC2, 0xF8, 0xEC, 0xD6, 0x42, 0xD1, 0x76, 0xAA, 0xC9, 0xA9, 0xD4, 0x87,
    0x87, 0xE5, 0x58, 0xC6, 0xCE, 0xB0, 0x26, 0x8E, 0x81, 0xB5, 0x95, 0xC2, 0x0C, 0x3B, 0x34, 0xBD,
    0xCB, 0xFD, 0xFD, 0x33, 0x51, 0x3F, 0xDC, 0xFF, 0x00, 0xAC, 0x01, 0x3C, 0x53, 0xC5, 0x88, 0x06,
    0x4A, 0xA0, 0x69, 0x65, 0x5E, 0x3B, 0x43, 0x16, 0x6C, 0xF6, 0x01, 0xF4, 0xCD, 0x61, 0xD8, 0xDB,
    0xD7, 0xCE, 0x65, 0x42, 0xAB, 0xC4, 0x1B, 0x10, 0xCB, 0x12, 0x12, 0xDC, 0x6E, 0xAC, 0x14, 0xEC,
    0xFE, 0x7C, 0x6D, 0x58, 0x40, 0xAE, 0xD7, 0xE6, 0xA5, 0xEE, 0x35, 0xBB, 0x59, 0x38, 0x98, 0x2E,
    0xBC, 0x67, 0x56, 0x32, 0x19, 0x14, 0xBE, 0x84, 0x97, 0x4E, 0x25, 0x63, 0xBE, 0x3B, 0x45, 0xDC,
    0xF4, 0x21, 0x75, 0xDB, 0x5B, 0xED, 0x57, 0xBD, 0xD7, 0x16, 0xAF, 0xA0, 0xC4, 0x10, 0xA0, 0xBB,
    0x68, 0xBA, 0x7C, 0x26, 0xEE, 0x50, 0xF8, 0x04, 0x8A, 0x23, 0x22, 0x54, 0x3D, 0x1C, 0x87, 0x81,
    0x0D, 0x35, 0x2B, 0x29, 0x54, 0xB3, 0x21, 0x45, 0x88, 0x63, 0xF1, 0x55, 0x4D, 0x19, 0x42, 0xAE,
    0x8C, 0xA1, 0x24, 0x49, 0xFA, 0x47, 0x24, 0x4B, 0xF2, 0xAF, 0x91, 0x0A, 0x64, 0x47, 0x9E, 0x86,
    0x14, 0x9E, 0x4B, 0xA2, 0xBA, 0x74, 0x40, 0xC6, 0x3A, 0xE5, 0x7F, 0x46, 0xAA, 0x94, 0xA4, 0xA7,
    0x24, 0x6F, 0x54, 0x4B, 0x24, 0x8A, 0x9B, 0xD5, 0x72, 0x83, 0x99, 0x71, 0x15, 0xD7, 0x2B, 0xB2,
    0x26, 0xF9, 0x8B, 0xC4, 0x73, 0x3B, 0x1E, 0x95, 0x37, 0x45, 0x10, 0x6D, 0x22, 0xA2, 0xA5, 0xB4,
    0x91, 0xCC, 0xA5, 0xD2, 0x5A, 0x18, 0x49, 0xCA, 0x82, 0x64, 0x36, 0x17, 0x0C, 0x7C, 0x45, 0x93,
    0xAF, 0x07, 0xD2, 0xB6, 0xE7, 0xA9, 0x26, 0x6F, 0x7B, 0x3E, 0xC1, 0x3E, 0x89, 0x23, 0x81, 0x03,
    0x79, 0x5C, 0x48, 0x5D, 0x71, 0x2A, 0xA2, 0x0D, 0x71, 0x3E, 0xCC, 0x44, 0xC4, 0xC2, 0x27, 0x38,
    0x3D, 0x9D, 0x6A, 0x70, 0xE7, 0x34, 0x19, 0x10, 0xB3, 0xC4, 0x04, 0xBB, 0x70, 0x8A, 0x2B, 0x9C,
    0x89, 0x4F, 0x6B, 0x3F, 0xA2, 0x3F, 0x9F, 0x76, 0xFC, 0xC0, 0x73, 0xB8, 0x5E, 0xFB, 0x4F, 0xC6,
    0x8D, 0xFD, 0x07, 0x19, 0xFB, 0x22, 0x38, 0x2E, 0x0C, 0x8D, 0xF5, 0x8C, 0x07, 0x03, 0xB4, 0x1F,
    0x78, 0x07, 0xE2, 0x7D, 0x01, 0x03, 0x57, 0xB4, 0xD7, 0x09, 0xE4, 0xD0, 0x49, 0xB7, 0x83, 0xDD,
    0x2C, 0x03, 0x6D, 0x37, 0xA1, 0x1C, 0xDC, 0x41, 0xEA, 0x71, 0x26, 0x82, 0x26, 0xB9, 0xF3, 0x72,
    0xD3, 0x4F, 0x14, 0x94, 0x0F, 0x66, 0x2B, 0xE6, 0x03, 0x35, 0x44, 0x48, 0x5F, 0x84, 0xF8, 0x41,
    0x12, 0x5C, 0xB2, 0x39, 0x78, 0x81, 0xCD, 0xD0, 0x72, 0xBD, 0x19, 0x42, 0x5F, 0xE0, 0x6E, 0x5E,
    0xC6, 0xCD, 0x10, 0x64, 0xE8, 0xC6, 0x05, 0xDD, 0x08, 0xC6, 0xBA, 0x13, 0xA2, 0x3F, 0x08, 0x39,
    0x9D, 0x68, 0xF0, 0xEC, 0x8B, 0xF0, 0x52, 0x0E, 0x55, 0x1B, 0x8E, 0x28, 0x28, 0xD0, 0xF0, 0x26,
    0x03, 0x17, 0xB0, 0x5A, 0x72, 0xC3, 0x15, 0xB9, 0xCD, 0x20, 0xDE, 0x70, 0x04, 0xAF, 0x7C, 0x8D,
    0xE9, 0xEC, 0x5F, 0x5E, 0xDA, 0x25, 0x79, 0xBB, 0xF8, 0x75, 0xA0, 0x3D, 0xFF, 0x3A, 0x10, 0x2F,
    0x7F, 0x1D, 0xC8, 0x5F, 0xE0, 0xD7, 0x01, 0x80, 0xF8, 0x5F, 0xEC, 0xAF, 0x03, 0xF8, 0x19, 0x8A,
    0x07, 0x7F, 0x1D, 0xB8, 0x38, 0x18, 0x85, 0xC1, 0x0F, 0x46, 0xA3, 0x8E, 0x44, 0xF2, 0xF2, 0x31,
    0x6D, 0xF6, 0xAC, 0x7D, 0x13, 0x7C, 0x0D, 0x97, 0xBE, 0x92, 0x5D, 0xF0, 0x08, 0x52, 0xB4, 0xD0,
    0x02, 0x92, 0x28, 0xF0, 0xC1, 0xE5, 0xD6, 0xB1, 0x03, 0x4B, 0x46, 0x2C, 0x76, 0x5F, 0xF3, 0x5B,
    0x70, 0xCA, 0xFD, 0x5A, 0x1C, 0x7E, 0xC6, 0x9E, 0xD7, 0xA2, 0x10, 0x72, 0x0E, 0x36, 0xD9, 0x37,
    0x19, 0x7D, 0x69, 0x2D, 0xFB, 0xB7, 0x03, 0x45, 0x5D, 0x2F, 0x12, 0xE4, 0x36, 0x93, 0x48, 0xCD,
    0x9C, 0xEF, 0x12, 0xDD, 0x2C, 0x1A, 0x9A, 0xB9, 0x9B, 0xC4, 0x43, 0x37, 0x37, 0xB3, 0x04, 0x8D,
    0xC1, 0x71, 0xB1, 0xD7, 0x38, 0x59, 0x0B, 0x13, 0xE7, 0x71, 0xA9, 0x37, 0x1F, 0x98, 0xB2, 0xFC,
    0x56, 0x66, 0x3F, 0x7A, 0xDE, 0xBE, 0x61, 0x1C, 0xC7, 0x9C, 0x10, 0xAC, 0x6F, 0xD1, 0x46, 0x89,
    0x35, 0x32, 0xFD, 0x6D, 0x64, 0x03, 0xC1, 0xC1, 0x76, 0x26, 0xFA, 0x29, 0xF6, 0x81, 0xF7, 0x18,
    0xE6, 0xA1, 0x5E, 0x9C, 0xE6, 0x7D, 0x46, 0xE8, 0x2D, 0xD7, 0x06, 0x86, 0xDC, 0x85, 0x74, 0x20,
    0x9E, 0xF0, 0xEF, 0xD6, 0x61, 0xE2, 0x2B, 0xF9, 0xCF, 0x57, 0x7D, 0xBD, 0xF0, 0x95, 0xD7, 0xD1,
    0x06, 0x77, 0xF0, 0x1F, 0x77, 0xF8, 0x0A, 0xF8, 0xD9, 0xB9, 0x78, 0xE1, 0x07, 0x95, 0x17, 0xE8,
    0x4D, 0x17, 0x24, 0x9D, 0xBB, 0x7A, 0x71, 0x07, 0x95, 0xE9, 0xC5, 0x1E, 0x54, 0xC2, 0xC5, 0x41,
    0x45, 0x37, 0xB1, 0xB0, 0x55, 0xB6, 0xE5, 0xFA, 0xA0, 0x22, 0xCB, 0x2E, 0xF2, 0x93, 0x98, 0x5D,
    0x4C, 0x2E, 0xC6, 0xFB, 0x85, 0x2F, 0x79, 0x9A, 0xB7, 0x1D, 0x53, 0x77, 0xF1, 0x6E, 0xCF, 0x59,
    0x46, 0xF8, 0x23, 0x90, 0xF3, 0x9F, 0x87, 0xE1, 0x23, 0xB7, 0x12, 0x6E, 0x04, 0x50, 0xEC, 0xD4,
    0x6D, 0xE6, 0xB3, 0xF6, 0xDD, 0x7E, 0x0A, 0xEF, 0x71, 0xFC, 0x62, 0xB3, 0x78, 0xD9, 0xD4, 0xB9,
    0x81, 0x0C, 0xD7, 0x00, 0x79, 0xC0, 0xFF, 0x99, 0xFD, 0x95, 0x19, 0x9F, 0xFE, 0x97, 0x4F, 0x7B,
    0x80, 0xC7, 0x9A, 0x7D, 0x19, 0x1C, 0x62, 0x86, 0xF7, 0x7D, 0x5A, 0xF2, 0x89, 0x89, 0x39, 0xA3,
    0xCD, 0x7F, 0x04, 0x85, 0x09, 0x3C, 0x1A, 0x7C, 0x41, 0xE4, 0x71, 0xDF, 0x95, 0x37, 0xBC, 0x48,
    0x1B, 0xF2, 0xA2, 0xB1, 0x37, 0x87, 0x62, 0xBD, 0x28, 0x55, 0xB0, 0x9C, 0x19, 0x51, 0xE0, 0x69,
    0x6E, 0xA8, 0x0A, 0xFE, 0x22, 0x83, 0xD4, 0x5F, 0x24, 0x51, 0xBC, 0x88, 0x0F, 0xF8, 0x7F, 0xF2,
    0x21, 0xF8, 0x8B, 0x7C, 0x82, 0x7A, 0x5D, 0xCF, 0x09, 0x01, 0xC1, 0x15, 0x9E, 0x79, 0x11, 0xA5,
    0x17, 0x12, 0x91, 0x5D, 0x44, 0xC4, 0xC5, 0xD3, 0xE7, 0xEB, 0x49, 0xE0, 0xBE, 0xF3, 0x2F, 0xD7,
    0xD5, 0x8B, 0xFD, 0xE4, 0x4D, 0x7C, 0x04, 0xFE, 0x21, 0x54, 0x84, 0x7A, 0x83, 0xD8, 0xAE, 0x72,
    0xC1, 0x3B, 0x3F, 0xF8, 0x83, 0x20, 0x84, 0x45, 0xDA, 0x2B, 0xAE, 0xB4, 0x0B, 0x87, 0xC8, 0x2A,
    0xE1, 0x73, 0x2A, 0x98, 0x26, 0x00, 0x8B, 0x70, 0x37, 0x71, 0x88, 0x64, 0xB5, 0x65, 0x5F, 0xF6,
    0x10, 0xB3, 0xBA, 0x39, 0x1D, 0x18, 0x39, 0x70, 0x1E, 0x91, 0xCC, 0x0C, 0xC8, 0x67, 0xF9, 0x0D,
    0xB0, 0x84, 0x55, 0x24, 0x36, 0x61, 0x08, 0x09, 0x3F, 0x52, 0x0A, 0xE5, 0x7C, 0xC7, 0x80, 0x81,
    0x0E, 0xE9, 0xF0, 0x15, 0x9D, 0x01, 0xC6, 0x33, 0xCD, 0x54, 0xA7, 0x2A, 0x41, 0x74, 0xB5, 0xC0,
    0xDF, 0x20, 0x09, 0x7B, 0x86, 0x9C, 0xA1, 0xB8, 0x4E, 0x6A, 0x01, 0x86, 0x72, 0xEA, 0x46, 0x4C,
    0x0D, 0x93, 0xDA, 0x20, 0x37, 0x19, 0xE7, 0x1C, 0x21, 0x02, 0x70, 0x87, 0x2D, 0x61, 0x23, 0x89,
    0x7F, 0x0E, 0x78, 0x88, 0xE9, 0x33, 0x60, 0x14, 0xAF, 0xDC, 0x25, 0xFC, 0x71, 0x67, 0x02, 0x9E,
    0x04, 0xDC, 0x08, 0xF8, 0xF0, 0xC0, 0x51, 0x3D, 0x60, 0xF7, 0x80, 0xD1, 0x0C, 0x8B, 0x0F, 0x5F,
    0x1F, 0xD5, 0x0F, 0xC3, 0x8A, 0x16, 0xEB, 0xA1, 0x6B, 0x0E, 0x86, 0xEE, 0x1D, 0x53, 0x8F, 0xC3,
    0x38, 0xC1, 0x03, 0xFB, 0x09, 0x78, 0xEF, 0x00, 0x3C, 0xF8, 0xDB, 0x2C, 0xDB, 0x75, 0xD8, 0x68,
    0x5A, 0xE9, 0xE1, 0x2C, 0xE3, 0x79, 0x20, 0x55, 0x32, 0x71, 0xEF, 0xD4, 0xD1, 0x5F, 0x74, 0x0F,
    0x99, 0xF8, 0x51, 0x1D, 0x75, 0x78, 0x8B, 0x1E, 0x2A, 0x4C, 0x32, 0x67, 0xB0, 0x48, 0x1B, 0x87,
    0x03, 0x2A, 0x33, 0x2E, 0xCC, 0x30, 0xF8, 0x44, 0xD6, 0x5A, 0x38, 0x90, 0x0D, 0x2A, 0x4F, 0xD2,
    0x95, 0xD8, 0xC8, 0x68, 0xED, 0x46, 0x49, 0x96, 0x7C, 0xA4, 0x5C, 0x32, 0x64, 0x45, 0x57, 0x0C,
    0xA3, 0xB7, 0x50, 0x37, 0x79, 0x1F, 0xD0, 0x20, 0x68, 0xD0, 0x1A, 0xB3, 0xE1, 0x4E, 0xEE, 0xBF,
    0xE5, 0x24, 0xDC, 0xD3, 0x45, 0xB5, 0xB4, 0xF8, 0x69, 0xCF, 0x63, 0x26, 0xF5, 0x7A, 0x0D, 0xFD,
    0xD2, 0xE2, 0x6A, 0x61, 0x5E, 0x5A, 0x25, 0x92, 0x94, 0x22, 0xA4, 0x93, 0xEF, 0x24, 0x78, 0x92,
    0xB2, 0x71, 0x92, 0x4E, 0x02, 0x2D, 0x9E, 0xC0, 0xE3, 0x69, 0x07, 0x22, 0x3D, 0x74, 0xAC, 0x37,
    0xDF, 0x54, 0xD1, 0x65, 0xBE, 0x35, 0x2C, 0xE4, 0x1D, 0x55, 0x74, 0x2C, 0x8D, 0x19, 0x31, 0x47,
    0x84, 0x3C, 0xFA, 0x8E, 0xD1, 0xCF, 0x9B, 0xD6, 0xD2, 0xAB, 0x12, 0xCE, 0x1A, 0xEB, 0x6A, 0x8D,
    0x79, 0xD6, 0x54, 0xE0, 0x18, 0x7C, 0x3D, 0x1D, 0x4B, 0xA0, 0x12, 0x4C, 0x0D, 0x03, 0xE4, 0x9F,
    0x35, 0x98, 0x75, 0xDC, 0x56, 0x7F, 0x9C, 0xF6, 0x4F, 0x23, 0xCB, 0xE9, 0x28, 0x7B, 0x54, 0x8E,
    0xB7, 0xF4, 0x2A, 0x37, 0x7F, 0x4C, 0x2E, 0xE0, 0x54, 0x1C, 0xF1, 0xB3, 0xA0, 0x17, 0x3B, 0x11,
    0x73, 0x73, 0x63, 0x18, 0x24, 0xD4, 0x63, 0x68, 0x98, 0x80, 0xF1, 0x69, 0xE8, 0x8B, 0xA3, 0x00,
    0x93, 0xBD, 0x42, 0x6A, 0x88, 0xA4, 0x9E, 0xBA, 0x91, 0x6E, 0xA5, 0xC0, 0x66, 0x0C, 0x8A, 0x62,
    0x0A, 0x7C, 0xCF, 0xF7, 0x7C, 0x13, 0x1D, 0x4B, 0xBE, 0x47, 0xF5, 0x6D, 0x3D, 0x7F, 0xD1, 0xCC,
    0x89, 0x8A, 0x0A, 0xA6, 0x1A, 0x9A, 0x31, 0xAE, 0xBA, 0xB7, 0x46, 0xFD, 0x5B, 0x25, 0x75, 0xB6,
    0xD1, 0x1C, 0xF7, 0x60, 0x84, 0x5D, 0xDD, 0x58, 0xB4, 0x2C, 0x86, 0xB5, 0xAF, 0x8B, 0xA4, 0xA4,
    0x30, 0x19, 0xF8, 0x07, 0xCE, 0x34, 0xE7, 0xFF, 0x39, 0x2D, 0x89, 0x39, 0x1D, 0xC0, 0x02, 0x26,
    0xF6, 0xD8, 0x3B, 0xFC, 0x2B, 0x53, 0x90, 0xE4, 0xBD, 0x01, 0x7D, 0xE3, 0xB5, 0x7D, 0xCA, 0x94,
    0x40, 0x8C, 0x02, 0xBD, 0x52, 0x24, 0x18, 0xE4, 0x8D, 0xFC, 0xB4, 0xBE, 0x5C, 0xD9, 0xB8, 0xA7,
    0x73, 0x0B, 0x51, 0x45, 0x0C, 0x55, 0x63, 0x10, 0x53, 0x79, 0xF9, 0x26, 0x28, 0x20, 0x38, 0xB2,
    0x49, 0xAF, 0x09, 0x19, 0x75, 0xF2, 0x88, 0x90, 0x27, 0x0F, 0xB9, 0x38, 0x2A, 0xE4, 0xA3, 0x42,
    0xDE, 0x62, 0x2A, 0x15, 0xB2, 0xC2, 0x24, 0x5C, 0xFB, 0x97, 0xF3, 0xCA, 0x8E, 0xEB, 0xE4, 0xFD,
    0x4E, 0xB5, 0xE6, 0x63, 0x41, 0xF5, 0xD1, 0x94, 0xD8, 0x50, 0xA8, 0x99, 0xAD, 0xB9, 0xB2, 0xB6,
    0x15, 0x1F, 0x26, 0x35, 0x45, 0x3A, 0x66, 0x87, 0xBD, 0xD8, 0xE2, 0xF8, 0x9B, 0x72, 0xBC, 0x5C,
    0xEB, 0x51, 0xBF, 0xE4, 0x48, 0x36, 0x3D, 0x81, 0xC4, 0x65, 0x68, 0x91, 0xBA, 0xC2, 0xB5, 0xCC,
    0x8E, 0xF5, 0x8C, 0xCC, 0xC5, 0xAA, 0xE4, 0xEB, 0xE4, 0x0B, 0x32, 0xDC, 0x2C, 0xC4, 0xB6, 0x85,
    0xFE, 0xB7, 0xE3, 0xD8, 0x8D, 0xC3, 0x37, 0x8E, 0x9D, 0xB5, 0x83, 0x9C, 0xEA, 0xAB, 0x95, 0xF2,
    0xBA, 0xA6, 0x3C, 0xCE, 0x8A, 0x4E, 0x29, 0x2D, 0x74, 0xBB, 0xB7, 0x32, 0xD2, 0x30, 0xF2, 0x60,
    0x0F, 0xC2, 0xBB, 0xF1, 0xDD, 0x75, 0xD3, 0x79, 0x3B, 0x5D, 0x66, 0x47, 0xAD, 0x14, 0x77, 0x78,
    0x5D, 0xBD, 0xB3, 0x9D, 0x6B, 0xB5, 0x5C, 0x0F, 0x14, 0x6C, 0x26, 0x48, 0xE2, 0xBD, 0xA2, 0x98,
    0xA4, 0x74, 0xF3, 0x43, 0x13, 0xF9, 0xA6, 0x70, 0x38, 0xC9, 0x37, 0x8B, 0xE0, 0xAE, 0xE0, 0xF9,
    0x4F, 0xDD, 0xEB, 0x9B, 0xBD, 0x64, 0x88, 0x65, 0x14, 0x52, 0xFB, 0x2C, 0x0A, 0xF3, 0xF5, 0x55,
    0x98, 0xD3, 0x6D, 0x56, 0x01, 0x96, 0x5B, 0xCE, 0x1A, 0xE7, 0xEB, 0x95, 0x6E, 0x32, 0xDA, 0x87,
    0x58, 0xAA, 0xEC, 0x43, 0x8D, 0x16, 0xFB, 0xED, 0x20, 0x58, 0x65, 0x31, 0x9F, 0xB4, 0x20, 0xC5,
    0x16, 0x3E, 0x43, 0x20, 0x5B, 0x24, 0x9D, 0x91, 0x33, 0x08, 0x18, 0xF6, 0x31, 0xD5, 0x54, 0x43,
    0xB5, 0xC8, 0x1A, 0x4B, 0xE7, 0xAC, 0x3E, 0x52, 0xD5, 0x88, 0xB6, 0x48, 0x97, 0xBD, 0x9E, 0xB1,
    0xB7, 0x49, 0x11, 0x50, 0xEB, 0x1F, 0x66, 0x3D, 0x9D, 0x4D, 0x0C, 0xB7, 0xB1, 0x99, 0x00, 0x55,
    0x51, 0xDF, 0x49, 0x97, 0xF2, 0x11, 0x6A, 0x8A, 0xF2, 0xB7, 0xA9, 0xBD, 0x0D, 0x50, 0x6E, 0xFE,
    0x53, 0x85, 0x32, 0x6C, 0x95, 0xBE, 0x92, 0x25, 0xB6, 0x9B, 0x49, 0xF6, 0xE7, 0xC0, 0x52, 0x81,
    0x9F, 0x33, 0xA2, 0x60, 0xEA, 0x5A, 0x8A, 0xAC, 0x34, 0x77, 0x97, 0x1B, 0x12, 0xFA, 0x7D, 0xF9,
    0xB6, 0xD4, 0xE5, 0x7F, 0xB6, 0x2E, 0x54, 0xF9, 0xB7, 0xED, 0xC9, 0xE4, 0xCE, 0x2D, 0xFB, 0x1D,
    0x4E, 0x60, 0xB9, 0x7D, 0xA3, 0xC4, 0x6F, 0xE7, 0x46, 0x51, 0xAB, 0x54, 0x73, 0x89, 0x35, 0xD3,
    0x3C, 0xFB, 0x6C, 0x2D, 0x1A, 0x1A, 0x72, 0x8B, 0xAC, 0x4D, 0x34, 0xB7, 0xB5, 0xF5, 0x5C, 0x11,
    0x0C, 0x23, 0x67, 0x14, 0x68, 0x9E, 0x32, 0x04, 0x72, 0x88, 0xCF, 0xF1, 0x50, 0x7C, 0x18, 0x7C,
    0x18, 0xF3, 0x10, 0xF6, 0x99, 0xE4, 0x10, 0x7F, 0x62, 0x3F, 0xDF, 0xDF, 0xBA, 0x51, 0x49, 0x27,
    0x45, 0x2A, 0x77, 0x1E, 0x52, 0x9D, 0xF8, 0x12, 0x86, 0x69, 0x8E, 0x6A, 0xA1, 0xA4, 0xFC, 0xBC,
    0xE5, 0x80, 0x66, 0xF6, 0xBE, 0x3B, 0x1B, 0x9D, 0xF0, 0x8D, 0x11, 0xA7, 0xA2, 0x5C, 0x68, 0xB9,
    0xC9, 0x53, 0x10, 0x68, 0xB9, 0x88, 0x96, 0xCA, 0x2A, 0xEB, 0x33, 0xFB, 0x1A, 0x93, 0x7F, 0xD3,
    0x20, 0x10, 0x97, 0xB9, 0xF9, 0xA4, 0xB2, 0x5E, 0x6F, 0x9E, 0x87, 0xE7, 0x0B, 0x54, 0xC7, 0x8E,
    0x7F, 0xF6, 0xE9, 0xF8, 0xB7, 0x34, 0xF8, 0x97, 0xDB, 0xEF, 0x10, 0xD1, 0x53, 0xA6, 0x7F, 0x7C,
    0x75, 0x2D, 0xDA, 0x53, 0x25, 0x18, 0x65, 0x98, 0x23, 0x4A, 0xF0, 0x9F, 0x0A, 0x99, 0xFF, 0xBC,
    0xF9, 0xF4, 0x00, 0x1E, 0x45, 0x04, 0x86, 0x08, 0x66, 0x93, 0xBD, 0xC8, 0xD2, 0x12, 0x9F, 0xBF,
    0xB7, 0xBE, 0xC5, 0x02, 0xC8, 0x1D, 0xBD, 0x04, 0xF0, 0xA9, 0x33, 0xC1, 0x00, 0x9C, 0xA6, 0x86,
    0x48, 0xC8, 0x8F, 0xE2, 0xE3, 0xA8, 0x1A, 0x5E, 0xC5, 0x46, 0x2B, 0xEB, 0x3C, 0xCA, 0x3B, 0x97,
    0x77, 0x0A, 0xFD, 0xFD, 0x53, 0x03, 0x0A, 0xD4, 0xA0, 0x90, 0x70, 0xCB, 0x26, 0x68, 0xF8, 0xFE,
    0x61, 0x86, 0x88, 0x85, 0xD3, 0x57, 0x3F, 0xCC, 0xF2, 0xD1, 0x38, 0x68, 0x31, 0xC7, 0x21, 0x15,
    0x42, 0x02, 0xEB, 0xC5, 0x81, 0x44, 0x2A, 0x69, 0x12, 0x9A, 0xE2, 0x64, 0xB4, 0x15, 0x31, 0xD0,
    0x55, 0x21, 0xCC, 0x5B, 0xC7, 0xBE, 0xB7, 0x99, 0xA1, 0x4F, 0xB3, 0x44, 0x99, 0xAA, 0xE7, 0xA8,
    0xF8, 0x55, 0x17, 0xBE, 0xD5, 0xAC, 0x66, 0x69, 0x2E, 0x27, 0xE9, 0x29, 0x38, 0xAE, 0x94, 0x23,
    0x59, 0xEA, 0x59, 0xE8, 0x08, 0xFB, 0x31, 0xF6, 0x2D, 0x57, 0x82, 0xF5, 0xAB, 0xD9, 0x3D, 0xB0,
    0xDA, 0xED, 0x53, 0x60, 0x85, 0x25, 0x6A, 0x06, 0xD6, 0x11, 0x02, 0x36, 0x20, 0xC1, 0x04, 0xF4,
    0x54, 0x3D, 0x83, 0xE6, 0x7C, 0x00, 0xAD, 0x26, 0x01, 0xD7, 0xCF, 0xDF, 0x11, 0x94, 0xB6, 0x42,
    0xE5, 0xDF, 0xF2, 0x46, 0x33, 0xF2, 0x79, 0x68, 0x5B, 0xA1, 0x9D, 0xB7, 0xA4, 0x14, 0x22, 0x3F,
    0xEF, 0x98, 0x99, 0x12, 0x95, 0xDB, 0x27, 0x6D, 0x0C, 0x62, 0x4D, 0xCF, 0xA5, 0x90, 0xAC, 0x52,
    0x29, 0x54, 0x08, 0x9A, 0xAF, 0x1A, 0x06, 0x0B, 0xF3, 0x91, 0xBD, 0x64, 0x37, 0xEA, 0x9B, 0xB5,
    0x1B, 0xF5, 0xCD, 0xD2, 0x8C, 0xFC, 0x5F, 0x33, 0x21, 0x9B, 0xE7, 0xD8, 0x28, 0x6A, 0x8C, 0x25,
    0x3D, 0x3B, 0x9A, 0xCD, 0xBE, 0x6C, 0x5C, 0x18, 0x8C, 0x39, 0x31, 0xD4, 0x05, 0xCE, 0x54, 0xFF,
    0x3D, 0xE3, 0xC2, 0xCE, 0x23, 0xB9, 0x78, 0x51, 0xA9, 0x49, 0x97, 0x9F, 0x42, 0xEB, 0xF4, 0x9B,
    0x7A, 0xF8, 0x5E, 0xC2, 0xC5, 0x91, 0x29, 0xD2, 0xF2, 0x0C, 0x41, 0xF3, 0xA9, 0x80, 0x92, 0x8A,
    0xD1, 0x7A, 0x93, 0x9C, 0xAF, 0x4A, 0x72, 0x9E, 0x2A, 0x06, 0x55, 0xD4, 0x90, 0x6E, 0x05, 0xAF,
    0x94, 0x49, 0x37, 0x37, 0x7B, 0x94, 0x4B, 0x4B, 0x76, 0x6F, 0x3A, 0x9F, 0xFA, 0xBE, 0xE8, 0xEC,
    0x4C, 0x65, 0xCE, 0xB9, 0x00, 0xFF, 0xDF, 0x47, 0x92, 0xC2, 0x10, 0xA8, 0x23, 0x64, 0x3C, 0xA8,
    0xBE, 0x81, 0x0C, 0xE3, 0x32, 0x09, 0x89, 0x82, 0x62, 0x83, 0x73, 0x7E, 0xF6, 0xFC, 0x6F, 0xBD,
    0xFB, 0x09, 0xD7, 0x9B, 0x55, 0x87, 0x7B, 0xFD, 0x29, 0xE0, 0x6C, 0x67, 0x58, 0xD3, 0xD9, 0x04,
    0x21, 0x0F, 0x39, 0xF6, 0x53, 0x86, 0x6B, 0x86, 0x50, 0x32, 0xB0, 0xC6, 0xE0, 0xB8, 0xA8, 0x3F,
    0x1E, 0x22, 0x61, 0x19, 0xAF, 0xF0, 0x90, 0x44, 0xBD, 0x94, 0x34, 0x5D, 0x97, 0x2A, 0x76, 0x3B,
    0xFF, 0xBD, 0x7C, 0x9D, 0x84, 0x5A, 0xF6, 0xEF, 0xF7, 0x2F, 0x6E, 0x2C, 0xDA, 0xEF, 0x59, 0x12,
    0x2F, 0x47, 0x55, 0xC6, 0xAB, 0xDC, 0xDE, 0x2F, 0xBA, 0xBD, 0x05, 0x7B, 0x61, 0xFF, 0x62, 0x2F,
    0xD4, 0x04, 0x84, 0x87, 0xE7, 0x73, 0x6B, 0x07, 0x08, 0xE8, 0x11, 0x71, 0x07, 0x43, 0x75, 0x07,
    0x0C, 0x8F, 0x06, 0x9F, 0x13, 0x15, 0x50, 0x87, 0xAE, 0x0D, 0x57, 0x99, 0xEA, 0xFA, 0x03, 0x22,
    0x0A, 0x1A, 0x52, 0xC3, 0x6E, 0x3D, 0x87, 0xDB, 0x62, 0x2B, 0xF6, 0x80, 0xE3, 0xE7, 0x11, 0x0B,
    0x90, 0x83, 0x82, 0x5D, 0x5A, 0x86, 0x82, 0xF0, 0x45, 0xAA, 0xBA, 0x41, 0xEF, 0xDB, 0x06, 0x1A,
    0x1B, 0x4E, 0x36, 0xD4, 0xA0, 0xF8, 0xA0, 0x1B, 0x51, 0x5C, 0xA7, 0xCA, 0x76, 0x71, 0x52, 0x9B,
    0x4D, 0xAA, 0x6F, 0xF6, 0x5F, 0xD4, 0xFB, 0xA2, 0x32, 0x19, 0x59, 0xCE, 0x20, 0x46, 0x23, 0x58,
    0xFD, 0x20, 0xD4, 0xE4, 0x30, 0xAA, 0xBF, 0x1F, 0x8E, 0x87, 0x81, 0xD6, 0x17, 0xA1, 0x41, 0x6C,
    0x86, 0x92, 0x7B, 0xF5, 0x14, 0xA3, 0x15, 0x9D, 0xD2, 0x38, 0xD7, 0x73, 0xBD, 0x50, 0x7A, 0xDC,
    0xE8, 0x43, 0x33, 0x9B, 0x78, 0x74, 0xA0, 0x21, 0x74, 0xEC, 0x38, 0xA5, 0x73, 0xD6, 0x13, 0xB2,
    0x51, 0xE8, 0x76, 0x2D, 0x9A, 0xAD, 0x8D, 0xA9, 0x46, 0x89, 0xC4, 0x37, 0x1D, 0x57, 0x62, 0x9C,
    0x6A, 0xDF, 0x45, 0x6D, 0xA7, 0xAF, 0x1E, 0xDE, 0x59, 0x4C, 0xDB, 0x87, 0x44, 0x25, 0xEB, 0x91,
    0xAD, 0x8A, 0x9B, 0x91, 0x29, 0x91, 0x53, 0x93, 0xD9, 0x4E, 0x4B, 0xB0, 0x4E, 0xB3, 0x47, 0xCF,
    0xB7, 0x1A, 0x51, 0xC8, 0x29, 0x86, 0xB2, 0x84, 0x1E, 0xC1, 0x21, 0x0A, 0x57, 0x3E, 0x52, 0xBA,
    0x89, 0x9A, 0x08, 0x15, 0xFE, 0x25, 0x88, 0x11, 0x15, 0xAC, 0xDC, 0x66, 0x98, 0x67, 0x75, 0x61,
    0x1B, 0x2E, 0xAB, 0x1D, 0x8D, 0xCF, 0xFC, 0xA4, 0x26, 0x26, 0x5F, 0x02, 0x59, 0x5D, 0x82, 0xF5,
    0x72, 0xA6, 0x66, 0x0C, 0x57, 0xC6, 0x4B, 0xFF, 0xDF, 0xDD, 0xD7, 0x80, 0xDA, 0x71, 0x5C, 0xF7,
    0xCF, 0xEE, 0xDA, 0x5A, 0xC7, 0x0B, 0x1E, 0x01, 0xE1, 0x4F, 0x82, 0x13, 0xAD, 0xFF, 0x50, 0xC0,
    0x50, 0xEB, 0x6D, 0xF8, 0x56, 0xCB, 0x93, 0x66, 0x6D, 0x01, 0x06, 0x0C, 0x38, 0x94, 0x00, 0xA5,
    0x01, 0x12, 0x20, 0xD0, 0x2F, 0xA8, 0x0A, 0x18, 0x50, 0xE9, 0x53, 0x76, 0x63, 0x03, 0xA5, 0x14,
    0x90, 0x80, 0xF0, 0x5D, 0x88, 0x01, 0x37, 0xD4, 0x2E, 0xC4, 0xA1, 0x08, 0x50, 0xDA, 0x27, 0xEF,
    0xCA, 0x02, 0x0C, 0x18, 0xEA, 0x8D, 0x0D, 0x04, 0x30, 0xE0, 0x49, 0x5C, 0x30, 0x6D, 0x80, 0x8E,
    0xED, 0x75, 0xBD, 0xB2, 0x76, 0x77, 0xBA, 0xBF, 0xDF, 0xB9, 0xF3, 0xDE, 0xBD, 0x7A, 0xCF, 0xB2,
    0x6A, 0x59, 0xB6, 0xDC, 0x75, 0xDE, 0x39, 0x43, 0x9E, 0xEE, 0xDD, 0x99, 0x33, 0x67, 0xCE, 0xF7,
    0x99, 0xF7, 0xEE, 0x02, 0x9A, 0x97, 0x17, 0xE0, 0x9F, 0x41, 0xCE, 0x03, 0xA1, 0xB9, 0x39, 0xF6,
    0x97, 0xAA, 0x31, 0xF2, 0xAE, 0xB0, 0xAA, 0xAA, 0xB9, 0x54, 0x26, 0x76, 0xE9, 0xA1, 0x33, 0x49,
    0xA8, 0xE4, 0xB9, 0x7D, 0xE3, 0x51, 0x97, 0xBB, 0xAA, 0x68, 0x27, 0xFE, 0xE4, 0xE5, 0x25, 0x85,
    0xE7, 0x33, 0xFA, 0x6E, 0xDA, 0x18, 0x09, 0x80, 0xAA, 0x82, 0x1A, 0x03, 0x4D, 0x01, 0x60, 0x1D,
    0x4A, 0x69, 0xCF, 0x77, 0x16, 0xF0, 0x04, 0x82, 0xE0, 0x06, 0xDA, 0xF8, 0x22, 0xB4, 0x71, 0x8B,
    0xD8, 0x43, 0x09, 0xB5, 0x0A, 0xFD, 0x28, 0x5E, 0x4C, 0xB4, 0xAF, 0x88, 0x37, 0x0D, 0x05, 0xAA,
    0xF8, 0x20, 0xBC, 0x82, 0xFC, 0x08, 0xFA, 0x93, 0xEF, 0x94, 0x94, 0xA8, 0xB8, 0x5E, 0x21, 0x92,
    0x8A, 0x5F, 0xC2, 0x16, 0x9E, 0x58, 0xC9, 0x10, 0x9E, 0xDB, 0xF6, 0x1E, 0x02, 0xC5, 0x44, 0x29,
    0x8F, 0xD9, 0x10, 0xF5, 0x3A, 0xF0, 0xA6, 0x1F, 0xC0, 0xAC, 0x37, 0x2A, 0xE5, 0x6E, 0x63, 0x37,
    0x1E, 0x5C, 0xB0, 0xF7, 0x16, 0xF6, 0x7B, 0x32, 0x24, 0x2E, 0x1D, 0xA2, 0x32, 0x9D, 0x57, 0x44,
    0xF4, 0x93, 0x04, 0x63, 0x53, 0x4F, 0x53, 0x7A, 0x0B, 0xD5, 0x66, 0xF8, 0xA9, 0x4D, 0x9D, 0xFB,
    0x99, 0xD4, 0xA6, 0xED, 0xC9, 0xC8, 0xFB, 0xB4, 0xB1, 0xA6, 0x4A, 0x02, 0x70, 0x21, 0xFA, 0x26,
    0xB1, 0xFD, 0x82, 0x01, 0x43, 0x89, 0xE5, 0xCB, 0xFF, 0x8C, 0x47, 0xB0, 0x52, 0x5F, 0xB5, 0xF9,
    0x9B, 0x7D, 0xF1, 0x66, 0xAF, 0x9F, 0xB1, 0x9F, 0xEE, 0x4B, 0xC4, 0xCF, 0xAF, 0x65, 0xDB, 0xAB,
    0x8E, 0xE3, 0xF5, 0x47, 0x93, 0xF7, 0x99, 0x2F, 0x91, 0x9F, 0x59, 0x42, 0x37, 0xC9, 0x08, 0x3E,
    0xDF, 0xAC, 0x35, 0xA3, 0xA0, 0x00, 0x09, 0xED, 0xC1, 0x5A, 0x33, 0x6E, 0x81, 0x7C, 0xBC, 0xA2,
    0x1F, 0xC4, 0xEF, 0x66, 0x58, 0xF0, 0x7E, 0x4A, 0x37, 0x1A, 0xCE, 0x44, 0xB4, 0xA3, 0x22, 0x4B,
    0x76, 0x88, 0x3B, 0xA2, 0xA4, 0xAD, 0xFC, 0x35, 0x41, 0xB0, 0x74, 0xEB, 0xA6, 0x6E, 0x3A, 0xA5,
    0x4B, 0xC8, 0x7E, 0x55, 0x28, 0xA2, 0x97, 0x88, 0x68, 0x51, 0xD3, 0x3F, 0x6E, 0x5A, 0xD6, 0x48,
    0xC1, 0x11, 0xCD, 0x61, 0x94, 0xC2, 0xB0, 0x06, 0xAB, 0x60, 0x35, 0x55, 0xCB, 0xC5, 0x08, 0x22,
    0x73, 0xC7, 0xD0, 0x81, 0x5C, 0x19, 0xD1, 0x2A, 0xF5, 0x02, 0xC4, 0xA2, 0xAF, 0x39, 0x46, 0xB5,
    0x02, 0x2D, 0x62, 0xDD, 0x0B, 0x72, 0x44, 0x60, 0xEC, 0xC8, 0x97, 0xF0, 0xD7, 0x69, 0x2B, 0xC2,
    0xE5, 0xC6, 0xBA, 0x1F, 0xF4, 0xF5, 0xFF, 0xE2, 0x4C, 0x65, 0x7B, 0x67, 0xCA, 0xAD, 0x9D, 0xA9,
    0xF6, 0x66, 0x67, 0xEA, 0x70, 0xE3, 0x96, 0x45, 0x4B, 0x5C, 0x86, 0xEC, 0x86, 0xEC, 0xE6, 0xAE,
    0xDA, 0x7F, 0x3E, 0x7B, 0xFF, 0xA7, 0xB0, 0xE1, 0x65, 0xC9, 0xB0, 0x67, 0xEB, 0x6D, 0xA9, 0x3B,
    0xE8, 0xC2, 0xC9, 0x13, 0xD9, 0xA4, 0x54, 0xA9, 0xCD, 0x10, 0xDD, 0x38, 0x0E, 0x42, 0xF7, 0x8A,
    0x44, 0xDD, 0x7F, 0xBE, 0x00, 0x3B, 0xF6, 0xB3, 0x5A, 0xAA, 0xC6, 0x52, 0xFF, 0x00, 0x0E, 0x32,
    0xED, 0x4D, 0x80, 0x62, 0xAF, 0x3C, 0xB2, 0x29, 0xC3, 0xA6, 0xFE, 0x9C, 0x29, 0x1E, 0x78, 0x50,
    0x7D, 0x45, 0xF7, 0x69, 0x7C, 0x71, 0x5A, 0x50, 0x3C, 0x0B, 0x33, 0xCE, 0xB1, 0xC7, 0xC1, 0x9F,
    0x23, 0xA2, 0x89, 0x7E, 0x8D, 0x12, 0xEB, 0x5F, 0x0D, 0x44, 0xB1, 0x23, 0x4A, 0xE8, 0x91, 0xF5,
    0x29, 0x35, 0x5E, 0xAF, 0x6B, 0xE5, 0x7F, 0xE4, 0xFB, 0x1C, 0x6A, 0xEE, 0xB5, 0xFE, 0xA4, 0x52,
    0xCD, 0xDF, 0x9D, 0x1F, 0x2E, 0x2D, 0xE8, 0x2D, 0x5A, 0xB7, 0x0D, 0xB2, 0x32, 0x0B, 0x1A, 0x34,
    0x7D, 0x34, 0xA7, 0x25, 0x66, 0xC0, 0xD2, 0xA6, 0xAA, 0xCE, 0x20, 0x00, 0x10, 0x3F, 0xD9, 0x6D,
    0x5C, 0x32, 0x44, 0x73, 0x36, 0x24, 0xE3, 0x52, 0x94, 0x3D, 0x2E, 0xF0, 0x5C, 0x32, 0xC6, 0xA3,
    0xDA, 0x89, 0x01, 0x77, 0xE3, 0x71, 0x21, 0x69, 0x1F, 0x4D, 0xCB, 0x7F, 0x2E, 0x9A, 0xE2, 0x29,
    0xE9, 0xA2, 0x29, 0x9B, 0xD3, 0x56, 0x4D, 0x5B, 0xB3, 0x56, 0x6A, 0x3E, 0x3B, 0xA3, 0x16, 0xC6,
    0xCE, 0x97, 0x16, 0xD8, 0x52, 0xA6, 0x52, 0x86, 0x8C, 0x8A, 0x04, 0xF7, 0x13, 0xC0, 0x28, 0xF9,
    0x05, 0x09, 0xEA, 0xA2, 0xF4, 0x05, 0xA0, 0x3C, 0x96, 0x8D, 0xBA, 0x3C, 0xBE, 0x80, 0x10, 0x58,
    0xF5, 0xFF, 0xC1, 0x4A, 0x92, 0x0E, 0xE1, 0x46, 0xC7, 0xF2, 0x10, 0x90, 0x8A, 0xF4, 0x47, 0x44,
    0x6D, 0x01, 0x70, 0x92, 0xE0, 0x9D, 0xF6, 0xCC, 0xDD, 0x1A, 0x7C, 0x15, 0x43, 0xCB, 0x66, 0xCA,
    0x46, 0xB5, 0x40, 0xE6, 0xCD, 0x27, 0x0F, 0x48, 0xEF, 0x3A, 0xF3, 0x0A, 0x10, 0x84, 0x55, 0xC8,
    0x87, 0xCD, 0x17, 0x60, 0xB6, 0xF9, 0x01, 0x56, 0x66, 0x3A, 0x15, 0x0B, 0x4C, 0xBC, 0xB1, 0xB0,
    0xA4, 0x4D, 0x47, 0xD8, 0xA6, 0x63, 0x32, 0x57, 0x2D, 0x1C, 0x95, 0xA6, 0x8D, 0xBC, 0x77, 0xB0,
    0x2B, 0x68, 0x79, 0x0C, 0x94, 0x4D, 0x34, 0x80, 0x1A, 0xAC, 0x2A, 0x81, 0x85, 0x13, 0xF3, 0x7D,
    0xD8, 0x2D, 0x0C, 0x30, 0x53, 0xC5, 0x6C, 0x2B, 0x48, 0xF0, 0x83, 0xBD, 0xB0, 0xA4, 0x12, 0x57,
    0x1C, 0x4F, 0x8E, 0x50, 0x39, 0x9E, 0x22, 0x64, 0x85, 0x0C, 0x06, 0x52, 0xAA, 0x2B, 0xAA, 0x34,
    0x68, 0x5D, 0x30, 0xD1, 0x6A, 0xD0, 0x84, 0x01, 0xF3, 0xD9, 0x32, 0xC0, 0x82, 0x99, 0x25, 0x47,
    0x99, 0x45, 0x0B, 0xFA, 0x46, 0xBE, 0xCB, 0x6B, 0x4E, 0xB0, 0xF2, 0xB3, 0xC4, 0x7C, 0x39, 0x65,
    0x03, 0x45, 0x6B, 0x0D, 0xBC, 0x73, 0x14, 0xDE, 0x54, 0x58, 0x1C, 0xF6, 0x33, 0xC5, 0x5E, 0x0F,
    0xD9, 0x90, 0xF5, 0xAA, 0xD4, 0xD4, 0xA9, 0xE2, 0x5F, 0xE5, 0x0B, 0x1C, 0x19, 0xF2, 0x05, 0x33,
    0x8B, 0x82, 0x28, 0x00, 0x61, 0x23, 0x5E, 0xC0, 0xA4, 0xE2, 0x0E, 0x42, 0x8F, 0x46, 0x97, 0x84,
    0x6D, 0xB3, 0x01, 0x30, 0x1F, 0x01, 0x0D, 0xE1, 0x5F, 0x13, 0xBE, 0x8F, 0xC5, 0xC6, 0xBF, 0x01,
    0x4C, 0x5F, 0x06, 0x05, 0xF4, 0x63, 0xCC, 0x9C, 0x44, 0x80, 0xC6, 0x03, 0x36, 0x10, 0x62, 0xD1,
    0x7B, 0x23, 0x4A, 0x0F, 0xDE, 0x80, 0x18, 0xCB, 0xAE, 0xF6, 0x0B, 0xD4, 0x29, 0x42, 0xF5, 0xA7,
    0x32, 0x04, 0x2B, 0x76, 0x60, 0xA5, 0xAA, 0x5E, 0x77, 0xC6, 0x26, 0x7D, 0xDE, 0x19, 0x67, 0xA6,
    0xFC, 0x65, 0x3F, 0x57, 0x63, 0x71, 0x15, 0x0B, 0x95, 0xE2, 0x2E, 0x80, 0x02, 0x2F, 0xFA, 0x2B,
    0xBC, 0x07, 0x06, 0x60, 0x6C, 0x3D, 0x54, 0x91, 0x67, 0xE8, 0xA7, 0x96, 0x18, 0xEE, 0xF6, 0x4B,
    0xA6, 0x55, 0xFD, 0x64, 0xBA, 0xC8, 0x8D, 0xC6, 0x26, 0x57, 0xC6, 0xC2, 0xE9, 0x97, 0xC7, 0xA2,
    0xAF, 0xDE, 0x1E, 0xFC, 0xDC, 0xBC, 0xFD, 0x81, 0x9F, 0xB9, 0xD5, 0x94, 0x4F, 0xA0, 0x64, 0xC4,
    0x02, 0x0F, 0x9A, 0x0B, 0xAD, 0xBC, 0x29, 0x0D, 0x03, 0x6D, 0x3A, 0x59, 0xF8, 0x16, 0x06, 0xD0,
    0xAB, 0x3B, 0x85, 0x95, 0x41, 0x5F, 0x88, 0x86, 0x8D, 0x1C, 0xD5, 0x6C, 0xC8, 0x00, 0x1A, 0x0E,
    0x7A, 0x6A, 0x98, 0xDC, 0x9C, 0x1F, 0xE8, 0x5C, 0x9C, 0xC4, 0x00, 0xF2, 0x62, 0xD7, 0x3C, 0x31,
    0x52, 0x07, 0xBB, 0x2A, 0x1D, 0x69, 0x07, 0xD9, 0x26, 0x9D, 0x98, 0x16, 0x6A, 0xE7, 0x64, 0x52,
    0x90, 0x50, 0x25, 0xC2, 0x43, 0x88, 0xBF, 0x47, 0xE3, 0x02, 0x2B, 0xFF, 0x9E, 0x7F, 0x7D, 0x2C,
    0x7C, 0xD7, 0xF8, 0xF7, 0xFD, 0xD5, 0xD1, 0xF8, 0xCE, 0x78, 0x7E, 0x15, 0x84, 0x1D, 0x02, 0xCC,
    0x30, 0xC9, 0x3B, 0x4C, 0x36, 0x7D, 0xD1, 0x02, 0xE9, 0xDC, 0x61, 0xC6, 0x5B, 0xDA, 0x61, 0x9A,
    0xDB, 0x48, 0x1A, 0x7A, 0x66, 0x8E, 0xF3, 0x8F, 0xFE, 0x49, 0xF6, 0x3C, 0x79, 0xED, 0x1D, 0x0A,
    0xBD, 0x27, 0xDF, 0x98, 0x94, 0xE9, 0x8E, 0xE9, 0xAB, 0xB3, 0x32, 0xED, 0xF6, 0x42, 0x6D, 0xF8,
    0x00, 0xC5, 0xD3, 0xBE, 0x6C, 0x5E, 0x99, 0xCD, 0x79, 0x6F, 0xFD, 0xF9, 0xD9, 0x7C, 0x4F, 0x98,
    0x0B, 0x1F, 0x24, 0x1A, 0x20, 0x50, 0x98, 0xD5, 0xC4, 0xF7, 0xD7, 0xAC, 0x19, 0x36, 0x8A, 0x26,
    0xC8, 0x48, 0x1F, 0x5D, 0xF2, 0x9E, 0xCD, 0x93, 0x2D, 0x90, 0xF1, 0x80, 0x47, 0x1A, 0x16, 0x7C,
    0x37, 0xFC, 0x74, 0xEC, 0x73, 0xB0, 0x4A, 0x3A, 0x16, 0x1D, 0x04, 0x85, 0x84, 0x4A, 0xE1, 0x17,
    0x79, 0x50, 0xCA, 0xB4, 0x0D, 0xF6, 0xA5, 0xAA, 0x9B, 0x32, 0xF2, 0xF0, 0x29, 0x51, 0xEA, 0x01,
    0x1B, 0xC1, 0x8C, 0xDA, 0x3B, 0x33, 0x54, 0x5D, 0xEE, 0x5D, 0x36, 0x30, 0xEB, 0x39, 0x12, 0x0E,
    0x0A, 0xBE, 0x32, 0x8D, 0x9B, 0x82, 0x25, 0x73, 0x97, 0xC1, 0x28, 0xEF, 0x49, 0x42, 0xBF, 0xA3,
    0xFE, 0x44, 0x76, 0xE9, 0xC3, 0x19, 0xE5, 0x8F, 0x0B, 0xFD, 0x6A, 0xD5, 0x9C, 0x1E, 0x91, 0x3F,
    0x49, 0x07, 0xD3, 0x26, 0x53, 0x36, 0x14, 0x1D, 0xE2, 0x15, 0xB9, 0x3D, 0xE3, 0xAA, 0x59, 0x0F,
    0x4D, 0xED, 0xE7, 0x23, 0x23, 0xF8, 0x83, 0x76, 0x47, 0x0B, 0x06, 0x91, 0x11, 0x38, 0x24, 0x42,
    0x12, 0x1A, 0x93, 0x67, 0x60, 0x62, 0x94, 0x51, 0xD5, 0x62, 0xCD, 0x19, 0x29, 0x93, 0x49, 0x0E,
    0x03, 0x1A, 0x7A, 0x65, 0x53, 0x67, 0xC3, 0x2E, 0x45, 0x02, 0x38, 0xCC, 0xA9, 0xC0, 0x28, 0xD7,
    0x48, 0x1C, 0x3E, 0xAD, 0xB0, 0x4A, 0xEF, 0xE5, 0xF8, 0x29, 0x73, 0x65, 0xD6, 0x4E, 0x12, 0xD1,
    0x4F, 0x73, 0x04, 0x19, 0x15, 0x4F, 0x99, 0x23, 0xBB, 0x20, 0x44, 0xDD, 0x4B, 0x1A, 0x71, 0x19,
    0x0D, 0x64, 0x98, 0x3E, 0x85, 0x58, 0x07, 0xC7, 0xB8, 0x0C, 0xA3, 0x6A, 0xE1, 0x94, 0xD6, 0x2F,
    0x56, 0x45, 0xBB, 0xF0, 0xCC, 0xAC, 0x3C, 0xCC, 0x17, 0xE3, 0x95, 0x48, 0xD2, 0x99, 0xB8, 0x14,
    0x81, 0x76, 0x99, 0x0C, 0x33, 0xC4, 0x3D, 0x70, 0x32, 0xEA, 0x4E, 0x91, 0xB6, 0x46, 0xA6, 0x8E,
    0x3D, 0x27, 0xEF, 0xD0, 0x09, 0x14, 0xFE, 0x86, 0x38, 0x35, 0xAF, 0xF4, 0x0A, 0xB1, 0x9B, 0xEA,
    0x19, 0x98, 0x57, 0xB9, 0x6B, 0x9E, 0x19, 0xB9, 0x75, 0xFE, 0x34, 0x24, 0xF8, 0xA2, 0xAD, 0x1E,
    0x9B, 0x54, 0xF3, 0xAA, 0xD7, 0xFE, 0xD7, 0xBE, 0xF5, 0xE7, 0x07, 0xED, 0x91, 0xAA, 0x88, 0xEC,
    0x91, 0x85, 0x09, 0x46, 0x5A, 0xF4, 0xA1, 0x40, 0x84, 0xB6, 0x4D, 0xF1, 0x41, 0x03, 0x6B, 0x09,
    0xE2, 0x15, 0x6F, 0x6D, 0x00, 0x8E, 0x03, 0xAC, 0x79, 0x22, 0x11, 0xCF, 0x37, 0xE8, 0x8A, 0x14,
    0x23, 0x13, 0x65, 0xDC, 0x01, 0x10, 0x67, 0x13, 0x88, 0x1D, 0x27, 0xFF, 0xE4, 0x8F, 0x7C, 0x8F,
    0x0C, 0x49, 0x29, 0xBD, 0x36, 0x46, 0x92, 0xA7, 0x99, 0x53, 0xE6, 0xD1, 0x66, 0x54, 0x85, 0x87,
    0xEF, 0xF1, 0x7C, 0xC9, 0x9A, 0x8C, 0x12, 0x65, 0xA4, 0x45, 0xA9, 0x92, 0x5F, 0x43, 0x4E, 0x61,
    0x4B, 0x32, 0xEA, 0x81, 0xDF, 0xE2, 0x68, 0x8A, 0x5B, 0xB0, 0x80, 0x1D, 0x6C, 0x3F, 0xB7, 0x3C,
    0x07, 0x67, 0x19, 0x5F, 0x87, 0x39, 0x66, 0x03, 0x7F, 0x01, 0xB0, 0xE7, 0x4B, 0x55, 0x88, 0x12,
    0xC0, 0x40, 0xC6, 0x94, 0x8B, 0x9A, 0x33, 0x20, 0xC8, 0xBB, 0x65, 0x06, 0x21, 0x12, 0x11, 0x3F,
    0x8F, 0xD2, 0x53, 0xA4, 0x26, 0x0D, 0x64, 0x9D, 0x1F, 0xCC, 0xA4, 0x47, 0x96, 0x2B, 0x65, 0x03,
    0x23, 0xBF, 0xEB, 0x26, 0x6E, 0x08, 0x18, 0xAA, 0x3C, 0x44, 0x4E, 0xF0, 0x8F, 0xB8, 0x17, 0xC9,
    0x08, 0xE4, 0x52, 0x74, 0x33, 0x30, 0xF6, 0x90, 0x0D, 0x39, 0xF3, 0xA0, 0xB4, 0x9A, 0x91, 0x8B,
    0xFA, 0xE8, 0xDB, 0x2A, 0x44, 0x3A, 0xC4, 0x74, 0xD9, 0xB7, 0xD0, 0x3C, 0x51, 0xE1, 0x45, 0xB4,
    0x03, 0xE1, 0xF9, 0x01, 0x00, 0x56, 0x12, 0xD1, 0xC8, 0xDA, 0x03, 0x89, 0x15, 0x50, 0xD8, 0xF4,
    0x0D, 0xE7, 0x87, 0xEC, 0xD5, 0xF1, 0x7B, 0xA3, 0x7E, 0x65, 0xCC, 0x06, 0xDD, 0x5E, 0xD6, 0x43,
    0x5E, 0x9F, 0xD2, 0x7D, 0x51, 0x1F, 0xCF, 0x9D, 0x29, 0xBF, 0x59, 0x38, 0xA3, 0x8E, 0x17, 0xB6,
    0x52, 0xDB, 0xA6, 0x6B, 0xD4, 0x09, 0xD3, 0xCD, 0xEA, 0xA2, 0xB1, 0x53, 0x6C, 0x8B, 0x0F, 0xA6,
    0xBC, 0x05, 0x4F, 0x81, 0x07, 0x06, 0x09, 0xA7, 0x08, 0xED, 0xB2, 0x7E, 0xD3, 0x19, 0xDD, 0x6C,
    0x75, 0x61, 0x5C, 0x42, 0xC5, 0x14, 0xB0, 0xA4, 0x8C, 0x74, 0xFD, 0xF0, 0x7F, 0x10, 0x15, 0xB0,
    0x28, 0xC7, 0xA0, 0x54, 0xAB, 0x2E, 0xBF, 0xF6, 0xDC, 0x02, 0x0B, 0x8F, 0x14, 0xA5, 0xE9, 0x73,
    0x8F, 0xB0, 0x42, 0xF4, 0x0B, 0x29, 0x0C, 0xA3, 0xA3, 0x22, 0xC9, 0x4A, 0x96, 0xCB, 0x48, 0x71,
    0x00, 0xC5, 0x1A, 0xBD, 0x86, 0x55, 0x26, 0x8F, 0xD3, 0xA3, 0x7F, 0xC9, 0xC0, 0x1D, 0x62, 0x26,
    0x31, 0xAA, 0x5C, 0x07, 0xC4, 0x37, 0xE3, 0x19, 0xE6, 0xBE, 0xF9, 0xCF, 0xD3, 0x1E, 0xDD, 0x30,
    0xCD, 0x95, 0xEB, 0x33, 0xE2, 0xD2, 0xD0, 0xDB, 0x08, 0xF1, 0x22, 0xC2, 0x69, 0x3A, 0x44, 0xF5,
    0x21, 0xD8, 0x3B, 0xEA, 0x9A, 0xCC, 0x22, 0xE8, 0x52, 0xF5, 0x19, 0xA4, 0xB7, 0x63, 0x51, 0xD1,
    0xB3, 0x88, 0x2C, 0x51, 0xBC, 0xE8, 0x92, 0x79, 0x58, 0x5A, 0xB9, 0xDB, 0x84, 0x97, 0x18, 0xF6,
    0x74, 0x80, 0x8F, 0x31, 0x1C, 0x7A, 0xBA, 0x05, 0x7C, 0xA2, 0x06, 0x3C, 0xAF, 0x00, 0x7F, 0x06,
    0xD8, 0xEC, 0x02, 0x56, 0x03, 0xA1, 0x13, 0x03, 0x83, 0xB0, 0x25, 0x2C, 0xE5, 0x97, 0xD1, 0x08,
    0x5F, 0x74, 0x42, 0x05, 0xF7, 0x3D, 0x09, 0xCA, 0xD2, 0x17, 0x70, 0x11, 0x0E, 0x8A, 0x53, 0xF1,
    0x1C, 0x77, 0x0B, 0x48, 0x5A, 0x64, 0xBD, 0xB0, 0x6C, 0x8D, 0xEF, 0x3E, 0x0E, 0xC0, 0xF2, 0xA6,
    0x1E, 0xC0, 0x29, 0x10, 0x35, 0x7C, 0x6D, 0x71, 0x95, 0xBC, 0xCE, 0xE8, 0x70, 0xE2, 0x5E, 0xA2,
    0x49, 0x5E, 0xE0, 0x4D, 0x27, 0x21, 0x05, 0xF7, 0x9F, 0x2F, 0x78, 0xDD, 0xCA, 0xE7, 0xD0, 0x0E,
    0x4F, 0x40, 0x5B, 0x5F, 0x45, 0x40, 0xA8, 0x63, 0xA9, 0xFF, 0x29, 0x15, 0x9E, 0x3B, 0x40, 0x1A,
    0x75, 0x66, 0x02, 0x94, 0x0A, 0xAE, 0x8E, 0x03, 0x9E, 0x52, 0x0E, 0x58, 0x33, 0x17, 0xAA, 0x3A,
    0x56, 0x26, 0x23, 0x03, 0x6B, 0x7A, 0x64, 0xCF, 0x00, 0x54, 0x24, 0xCF, 0x3A, 0x44, 0x31, 0xC3,
    0xA6, 0x39, 0x8A, 0x5D, 0x71, 0xD0, 0x91, 0xB2, 0x89, 0x3D, 0x5C, 0x87, 0xD2, 0x30, 0x67, 0xBF,
    0x8C, 0x14, 0x46, 0x50, 0x92, 0x5B, 0x60, 0xE5, 0x14, 0xC2, 0x62, 0x1B, 0x23, 0xB6, 0xEE, 0x5D,
    0xC2, 0x88, 0xAD, 0x41, 0x2E, 0x34, 0x2B, 0x5E, 0x85, 0xE9, 0xCD, 0xE0, 0xC3, 0x2B, 0xEC, 0x17,
    0x42, 0x0E, 0xEC, 0x2D, 0x48, 0xAF, 0x78, 0xA6, 0x71, 0xC5, 0xFA, 0xC7, 0x50, 0xC5, 0x37, 0x97,
    0x72, 0x0E, 0xE5, 0xD1, 0x5D, 0x18, 0x15, 0xF5, 0x81, 0x72, 0x94, 0x78, 0x0C, 0xA3, 0xDC, 0x0A,
    0x86, 0xE6, 0x09, 0x23, 0x88, 0x6D, 0x96, 0x5A, 0x34, 0x36, 0x86, 0x71, 0xDD, 0x35, 0x0E, 0x29,
    0x02, 0xDD, 0xC3, 0x4A, 0xD7, 0x3D, 0x54, 0xB0, 0x1A, 0x65, 0xAC, 0x60, 0xB4, 0x8D, 0xD9, 0xA0,
    0x06, 0xA4, 0xDA, 0xD3, 0x51, 0x39, 0x1C, 0xEA, 0x64, 0x8C, 0x6D, 0xD3, 0x66, 0x0B, 0x4E, 0x5A,
    0x5F, 0xC3, 0xFF, 0xCF, 0x6A, 0x5F, 0xC3, 0x03, 0xD7, 0xD4, 0x1E, 0xD1, 0x8C, 0x46, 0x33, 0xD3,
    0x29, 0x7F, 0x56, 0x99, 0xAE, 0x29, 0x91, 0xAF, 0xC3, 0xC1, 0x53, 0x0D, 0x32, 0x75, 0x17, 0xF6,
    0xBD, 0xD1, 0x4A, 0x90, 0x1A, 0x05, 0x25, 0xFD, 0xE6, 0xDA, 0xE8, 0xCF, 0xB1, 0x56, 0x77, 0x3F,
    0x94, 0x4C, 0x0F, 0x2F, 0xE4, 0x0E, 0x68, 0x3B, 0x32, 0x1C, 0x81, 0x95, 0x0E, 0x0D, 0x83, 0x37,
    0xAC, 0x78, 0x90, 0x1C, 0x95, 0xCA, 0x97, 0xD5, 0x00, 0xEA, 0x01, 0x30, 0xEF, 0x01, 0x0B, 0x07,
    0x68, 0x18, 0xD2, 0x02, 0x34, 0x4E, 0x4A, 0xCF, 0x00, 0xAB, 0x16, 0xB0, 0x21, 0xA4, 0x6F, 0x88,
    0xA0, 0x42, 0x0F, 0x69, 0x98, 0x8D, 0xE7, 0x72, 0xA9, 0xF0, 0xAA, 0xF9, 0x5A, 0x4E, 0x61, 0x6D,
    0xF2, 0xE7, 0x42, 0x65, 0x57, 0x41, 0x2B, 0xB6, 0x99, 0xA0, 0x83, 0xA8, 0x45, 0x11, 0x05, 0x59,
    0x56, 0x0C, 0x72, 0xD4, 0xEC, 0x54, 0x6B, 0x00, 0xD8, 0xA3, 0x86, 0xC8, 0x06, 0x2D, 0x09, 0x94,
    0x15, 0xD0, 0xE5, 0x42, 0xA1, 0x4E, 0xD3, 0x41, 0x55, 0x06, 0x26, 0xCE, 0x95, 0x3C, 0xCD, 0x85,
    0xC0, 0xC4, 0x2D, 0x30, 0x4C, 0x6C, 0xE0, 0xAD, 0x7B, 0x57, 0xC4, 0x2C, 0x94, 0x3C, 0x26, 0x30,
    0xC8, 0x0A, 0x7F, 0x63, 0x85, 0x9F, 0x25, 0x0C, 0xCF, 0x99, 0x41, 0x15, 0xD7, 0xF8, 0x6D, 0x11,
    0x9B, 0x3E, 0xBB, 0xEA, 0xF4, 0x98, 0x71, 0x9A, 0x8F, 0xF7, 0x29, 0x9C, 0x73, 0x93, 0x38, 0xC4,
    0x4B, 0xD5, 0x09, 0xF5, 0x6C, 0x82, 0xA3, 0xC8, 0x83, 0xA1, 0x07, 0xC1, 0x79, 0x2F, 0x18, 0xA4,
    0x84, 0x43, 0x66, 0x88, 0xB3, 0x51, 0xF4, 0x82, 0xDE, 0xC4, 0x20, 0x36, 0x31, 0x09, 0x7D, 0x2F,
    0x96, 0x05, 0xD9, 0x0E, 0x8B, 0x19, 0x67, 0x00, 0xA1, 0x3E, 0x84, 0x71, 0x3A, 0x4D, 0x23, 0xF2,
    0x75, 0x29, 0x2E, 0x9E, 0xE8, 0xE8, 0xD0, 0x71, 0x96, 0xDD, 0x1E, 0xD6, 0x4E, 0xB0, 0x7E, 0x94,
    0x34, 0x78, 0xE0, 0xFE, 0x07, 0x81, 0x10, 0x6E, 0xC0, 0xA3, 0x05, 0x65, 0x84, 0xCB, 0xBC, 0x0F,
    0x3C, 0x0F, 0x4E, 0xAA, 0x80, 0x89, 0xBA, 0x58, 0x45, 0x08, 0x93, 0xE7, 0x57, 0xC7, 0xA2, 0xD5,
    0x4E, 0x5F, 0x75, 0xDA, 0x16, 0x56, 0x47, 0x0E, 0x61, 0x71, 0xEA, 0x3A, 0x6A, 0xE4, 0xDC, 0x35,
    0x82, 0x48, 0xDF, 0xC2, 0x4A, 0x7D, 0x68, 0x27, 0xA8, 0x6D, 0x4A, 0x55, 0xD3, 0x38, 0x4E, 0xBA,
    0x88, 0xF9, 0x12, 0xC7, 0xE4, 0xE7, 0x8C, 0xD9, 0xC7, 0xDE, 0xE6, 0xA1, 0x5C, 0xD3, 0x12, 0x71,
    0xBA, 0xF7, 0x27, 0xF1, 0x46, 0x08, 0xF1, 0xEE, 0x0C, 0x51, 0x60, 0x0F, 0x20, 0x94, 0x45, 0xD7,
    0xB6, 0xCF, 0x7E, 0x4B, 0xAD, 0x3D, 0x77, 0x3E, 0x80, 0xC1, 0x6A, 0x0A, 0xBE, 0x3C, 0xEB, 0x33,
    0xB8, 0x44, 0x34, 0xB5, 0x62, 0x08, 0xC4, 0xD8, 0x8A, 0xE3, 0x49, 0xB0, 0xDF, 0x79, 0xB2, 0x0F,
    0xEC, 0x26, 0xA0, 0xB5, 0xD2, 0xCB, 0x27, 0x28, 0x3D, 0x4A, 0xF6, 0xED, 0xB2, 0xA7, 0x9A, 0x67,
    0x15, 0x40, 0x1D, 0x68, 0xC8, 0x3D, 0xE3, 0x9F, 0x55, 0xD2, 0xEA, 0x8B, 0x84, 0x4B, 0xE5, 0x5D,
    0x04, 0x99, 0xB8, 0xFC, 0xA7, 0x5D, 0xE2, 0x0A, 0x1B, 0x97, 0xA6, 0xBD, 0x21, 0x7A, 0x5B, 0x73,
    0xCC, 0xFF, 0xCF, 0xF4, 0x47, 0x55, 0xEE, 0x21, 0x27, 0xD6, 0x52, 0xD8, 0x07, 0x3E, 0x10, 0x24,
    0x71, 0xDC, 0xB1, 0x1A, 0xF5, 0x44, 0xB6, 0xBC, 0xE7, 0x27, 0x94, 0xC8, 0x32, 0x23, 0xF0, 0xD0,
    0x7B, 0xE3, 0xD1, 0xA4, 0x3B, 0x71, 0x72, 0xF9, 0x95, 0x81, 0x46, 0xE0, 0x3E, 0xE1, 0xB3, 0xBD,
    0x8A, 0xDF, 0x1D, 0x97, 0x4F, 0x7D, 0x4D, 0x65, 0xF0, 0xF8, 0x54, 0x78, 0xBE, 0x0A, 0x77, 0xD8,
    0x8F, 0xDE, 0xF7, 0xA3, 0x62, 0xCF, 0xCA, 0x77, 0x7B, 0xE3, 0xA7, 0xCA, 0xCF, 0xCD, 0x85, 0x63,
    0x27, 0x27, 0x77, 0xF1, 0x1B, 0xE8, 0xB6, 0x50, 0x5A, 0x1D, 0xA7, 0x20, 0x38, 0xF2, 0x8F, 0x20,
    0x43, 0xA7, 0x76, 0x32, 0x5F, 0xF6, 0x2B, 0x31, 0xFC, 0x3C, 0xA1, 0x38, 0xDC, 0x7C, 0x74, 0xD4,
    0xC9, 0xE0, 0x3E, 0xB4, 0x50, 0xAD, 0x3D, 0xBC, 0x04, 0xE1, 0xC8, 0x73, 0xB0, 0x1E, 0xA8, 0x98,
    0x54, 0xD4, 0x6D, 0xE3, 0xC8, 0x65, 0x2A, 0xAE, 0x21, 0x6E, 0xBE, 0x95, 0x94, 0xEA, 0x53, 0x3D,
    0xB9, 0x15, 0x84, 0x13, 0x81, 0xC7, 0x4C, 0xF6, 0x01, 0x0E, 0x7E, 0xAE, 0xCB, 0x7B, 0x39, 0x28,
    0x23, 0xC0, 0x5B, 0x7F, 0xE8, 0x6E, 0x64, 0x03, 0x09, 0xC7, 0xA9, 0xC6, 0xED, 0x23, 0x48, 0xF1,
    0xA6, 0x65, 0x54, 0xDE, 0xB7, 0x0C, 0x1E, 0x8A, 0x55, 0x78, 0x0E, 0x27, 0xC2, 0x03, 0x91, 0xBD,
    0x91, 0x08, 0x1A, 0x00, 0xCF, 0xB1, 0x30, 0xD8, 0x3A, 0x50, 0x06, 0xBA, 0x13, 0xFE, 0xE5, 0xAE,
    0x0C, 0xE8, 0xA1, 0x3E, 0xAC, 0x94, 0x34, 0x10, 0x21, 0x9C, 0x15, 0x8C, 0xE9, 0x88, 0x0E, 0x0A,
    0x08, 0xD6, 0x07, 0x69, 0x8D, 0x17, 0xDD, 0xFC, 0x39, 0x1A, 0x50, 0xF5, 0x63, 0x0E, 0x4E, 0x95,
    0xC5, 0x8A, 0x62, 0x43, 0x24, 0x83, 0xFF, 0x37, 0xA9, 0x7B, 0x38, 0x00, 0xBA, 0xD5, 0x07, 0x34,
    0x66, 0xEB, 0x5C, 0x2E, 0xB3, 0x14, 0xD9, 0x4A, 0x69, 0x9F, 0xB5, 0x9C, 0xA5, 0x01, 0xC3, 0xA2,
    0x15, 0xF9, 0x94, 0x8A, 0x5C, 0x58, 0xF2, 0xB3, 0x61, 0xC9, 0xF2, 0x9C, 0x0D, 0x83, 0x8B, 0x61,
    0xE0, 0x36, 0x53, 0x72, 0xBD, 0x7A, 0x44, 0xB4, 0xFD, 0x45, 0xA0, 0x91, 0x5D, 0x6F, 0xD1, 0xCA,
    0x40, 0xF9, 0xDD, 0xE7, 0xD6, 0x8D, 0xD5, 0x01, 0x1E, 0x10, 0x4B, 0xB2, 0x87, 0xD0, 0x92, 0x02,
    0x7B, 0x95, 0x41, 0xA8, 0x50, 0x62, 0x5E, 0x48, 0xA6, 0xA5, 0x01, 0xEA, 0xA9, 0x28, 0x72, 0x97,
    0xA1, 0xC3, 0xB4, 0x58, 0x75, 0x53, 0x39, 0xE9, 0xA6, 0xFA, 0x8D, 0x35, 0x40, 0x6F, 0xD6, 0x54,
    0xF4, 0xB3, 0x54, 0x77, 0xAD, 0xBA, 0xA9, 0x6C, 0x38, 0x9C, 0x7E, 0xAF, 0xA9, 0x2A, 0x41, 0x12,
    0x8A, 0xE1, 0x3D, 0xE3, 0xBD, 0x34, 0xE3, 0x78, 0xC5, 0xE7, 0x38, 0x61, 0x58, 0xEF, 0x40, 0x18,
    0x6F, 0x94, 0x98, 0xEB, 0x60, 0x74, 0xDF, 0xDF, 0x2A, 0xAB, 0x8A, 0x36, 0x6E, 0x55, 0xDE, 0xE6,
    0xF0, 0x9B, 0x59, 0x79, 0x0B, 0x4D, 0x1E, 0x1E, 0xE3, 0x61, 0x74, 0xC0, 0xBB, 0xA4, 0xB9, 0x98,
    0x6E, 0x86, 0xC8, 0xF7, 0xEB, 0x8A, 0x18, 0xC8, 0x2C, 0x5C, 0x46, 0x55, 0x01, 0x60, 0x00, 0xFE,
    0x15, 0xF9, 0xB8, 0x57, 0xA7, 0xEF, 0x17, 0x3E, 0xF5, 0x0E, 0x9F, 0xA0, 0x3F, 0xD8, 0x06, 0x6D,
    0x98, 0x93, 0x37, 0x00, 0x10, 0x89, 0x21, 0x67, 0xBC, 0xA0, 0x36, 0xC4, 0x1E, 0xE4, 0xCA, 0x9F,
    0xFB, 0xE7, 0x21, 0xF1, 0xE6, 0x9B, 0x56, 0xDE, 0x3E, 0xB7, 0x5F, 0x79, 0xEB, 0x58, 0x18, 0x80,
    0x92, 0xCB, 0x61, 0x15, 0x20, 0xC6, 0x08, 0x55, 0x42, 0xAC, 0xF8, 0x85, 0x29, 0xDC, 0x55, 0x1E,
    0xA1, 0x0E, 0x56, 0x21, 0x7B, 0x79, 0x61, 0x3C, 0xE3, 0x4D, 0x2F, 0xA8, 0x06, 0x8E, 0xE6, 0x8D,
    0x99, 0x74, 0xFF, 0x51, 0x09, 0x17, 0xBC, 0x70, 0xF9, 0x80, 0x44, 0x28, 0x7F, 0x3A, 0x60, 0x56,
    0x46, 0xB2, 0x86, 0x96, 0x85, 0xB5, 0x48, 0x73, 0x11, 0xB2, 0x62, 0x39, 0x05, 0x1F, 0x48, 0x4C,
    0x78, 0xC4, 0xAE, 0x65, 0x84, 0x7A, 0x20, 0xEC, 0x01, 0xF3, 0x0F, 0x90, 0x94, 0x2E, 0xDE, 0x7D,
    0x63, 0x06, 0x1F, 0xAC, 0x02, 0x67, 0x16, 0x90, 0xF6, 0x15, 0x65, 0x41, 0xD3, 0x42, 0xC6, 0xF8,
    0xF6, 0xDE, 0xC3, 0x0B, 0xF4, 0x59, 0x47, 0x4E, 0x98, 0xF9, 0xA7, 0xE7, 0x05, 0x3C, 0x89, 0xD2,
    0xD4, 0xB3, 0xB0, 0x32, 0x2D, 0x4B, 0xAE, 0x73, 0xD1, 0xC3, 0xA1, 0x3A, 0xB5, 0x40, 0xB1, 0x11,
    0xF5, 0x96, 0x69, 0x93, 0x91, 0x86, 0xDD, 0xB7, 0x60, 0xE1, 0xFC, 0xFE, 0xA4, 0xF4, 0x58, 0x0C,
    0x62, 0x14, 0xE4, 0xD7, 0x61, 0x74, 0xB9, 0xA8, 0x43, 0xF6, 0x02, 0x4D, 0xC7, 0xC1, 0x5B, 0x91,
    0x3C, 0x06, 0x26, 0xE7, 0xE7, 0x0D, 0x71, 0x73, 0x6C, 0x4D, 0xD0, 0x5C, 0x26, 0x09, 0x46, 0xC2,
    0x61, 0xAF, 0xC3, 0xE6, 0xD0, 0x3E, 0x9B, 0x5B, 0xEF, 0x08, 0xBE, 0xF5, 0x4E, 0x05, 0x3C, 0x68,
    0xAC, 0x75, 0x92, 0x85, 0x49, 0x3B, 0xE3, 0x3D, 0x1C, 0x7B, 0x70, 0xF0, 0xC1, 0xDC, 0x67, 0x2F,
    0x2F, 0x2F, 0x6E, 0xA2, 0x10, 0xB1, 0x8E, 0x05, 0x03, 0x96, 0x0A, 0x84, 0x53, 0xEB, 0x4D, 0xBA,
    0x80, 0xC7, 0x0E, 0x59, 0x4D, 0x2A, 0x77, 0x7F, 0x10, 0xDE, 0xFA, 0x6A, 0xE2, 0x03, 0xDB, 0x8A,
    0x7A, 0xFC, 0xE5, 0x07, 0xBC, 0xB3, 0x13, 0x79, 0xB5, 0x13, 0x7B, 0x75, 0x36, 0x64, 0x73, 0x21,
    0x77, 0x40, 0xE3, 0x43, 0xB3, 0xB9, 0x5C, 0xD1, 0xE1, 0xB3, 0xE7, 0xBC, 0x09, 0xF1, 0xD1, 0xAF,
    0x1C, 0xBA, 0x17, 0xD7, 0x21, 0xE9, 0x8C, 0x04, 0x1D, 0x2D, 0x0C, 0x15, 0x70, 0x3C, 0x66, 0x2F,
    0xB1, 0x13, 0x69, 0xEA, 0x24, 0x2C, 0x17, 0x28, 0x89, 0x87, 0x04, 0x10, 0xB3, 0x5F, 0x60, 0xC3,
    0xEC, 0xC2, 0xCA, 0xBE, 0x79, 0x08, 0x4E, 0x62, 0xD4, 0xD3, 0x01, 0x45, 0x3D, 0x3C, 0x73, 0x25,
    0x65, 0x30, 0xE3, 0x0A, 0xE9, 0x63, 0x86, 0x28, 0x83, 0xC3, 0x1F, 0x21, 0x64, 0x05, 0x51, 0x72,
    0x61, 0xFF, 0x00, 0xCE, 0xCC, 0x04, 0x15, 0x8E, 0x45, 0x2B, 0x7D, 0x28, 0x63, 0x41, 0xF0, 0x06,
    0x47, 0xDC, 0xD7, 0xFB, 0xFB, 0x78, 0x5C, 0x99, 0xEE, 0x25, 0xD5, 0xD4, 0x0D, 0x02, 0x36, 0xA0,
    0x0D, 0x3B, 0x37, 0x2C, 0xF2, 0x13, 0xB9, 0x55, 0x66, 0x48, 0x70, 0xF2, 0x9D, 0x32, 0x88, 0x82,
    0xC1, 0x0E, 0x3A, 0xB1, 0xA5, 0x4C, 0x9B, 0x75, 0x08, 0x53, 0x23, 0xA5, 0x21, 0xEA, 0xB0, 0xAA,
    0xA9, 0x2A, 0xD3, 0xBA, 0x91, 0x7A, 0x8D, 0xA4, 0x6D, 0x1E, 0x25, 0x59, 0x22, 0xE7, 0xD3, 0x96,
    0x03, 0xD0, 0x93, 0x84, 0x0A, 0xBD, 0xCE, 0xFE, 0xF5, 0x09, 0x64, 0x62, 0xD9, 0x0B, 0xE9, 0x89,
    0x92, 0x8E, 0x95, 0x4D, 0x48, 0x5F, 0x85, 0xFD, 0x75, 0xD2, 0xE2, 0x5C, 0xD9, 0xAC, 0x17, 0x5B,
    0x0A, 0x3E, 0x95, 0x34, 0xC7, 0x6A, 0x07, 0xC2, 0x14, 0x53, 0xDC, 0xCC, 0xA5, 0xB9, 0xA6, 0x1A,
    0x8B, 0x99, 0x66, 0xD3, 0x01, 0x9F, 0x79, 0x6F, 0x70, 0x69, 0x7D, 0x70, 0x40, 0xA3, 0x9D, 0xE9,
    0xE9, 0xBC, 0xD4, 0x31, 0x72, 0x18, 0x65, 0xEE, 0x6D, 0x5A, 0x2E, 0x44, 0x51, 0x4D, 0xE6, 0xBE,
    0xA2, 0x4C, 0xEB, 0xA3, 0x31, 0xE1, 0x9E, 0xCE, 0x28, 0x82, 0xE0, 0x20, 0x73, 0x31, 0xA2, 0xE2,
    0xBF, 0x9C, 0xB4, 0x30, 0xEB, 0xB2, 0x9C, 0x2E, 0xF4, 0x70, 0x0B, 0xE3, 0xFE, 0x6A, 0x5A, 0xF1,
    0xEE, 0xE9, 0x85, 0xFA, 0x50, 0x34, 0x3E, 0xED, 0x31, 0x98, 0xE2, 0x11, 0x89, 0x99, 0x48, 0xF9,
    0xAC, 0x47, 0xC2, 0x39, 0x53, 0x0D, 0x6A, 0x95, 0x33, 0xEC, 0xDA, 0x35, 0x95, 0x77, 0x91, 0x9F,
    0x0E, 0x58, 0x20, 0xDB, 0x84, 0xEB, 0x59, 0xEE, 0x81, 0x90, 0xA6, 0x87, 0x60, 0x6F, 0x89, 0x25,
    0xE9, 0x72, 0x64, 0x75, 0xB3, 0x4A, 0xC9, 0x18, 0x3F, 0x43, 0x99, 0x11, 0xB6, 0x50, 0xED, 0xAC,
    0x15, 0x70, 0xFA, 0x5A, 0x6C, 0xD1, 0xC2, 0x5B, 0x82, 0x20, 0x6B, 0x48, 0xF3, 0xC8, 0xC3, 0xD6,
    0xF0, 0xE5, 0x39, 0x8C, 0x66, 0x00, 0x2F, 0x1D, 0x9E, 0x9A, 0x21, 0x5E, 0x27, 0x35, 0x45, 0x62,
    0x02, 0x25, 0xFB, 0x21, 0x4C, 0x00, 0x7E, 0x93, 0x38, 0x5A, 0x73, 0x19, 0x79, 0x6F, 0x19, 0x88,
    0x40, 0x08, 0xDD, 0x91, 0x45, 0x49, 0x40, 0x85, 0x55, 0x7A, 0xCF, 0x13, 0x7E, 0x8F, 0x2A, 0xBA,
    0x5D, 0x55, 0xD8, 0x69, 0xC1, 0xD0, 0xA0, 0xD5, 0x6F, 0xBD, 0x44, 0x77, 0xF3, 0x95, 0xEE, 0xD3,
    0x2D, 0x7E, 0x98, 0xA8, 0x8E, 0x27, 0xB1, 0x25, 0xA2, 0x19, 0xA8, 0xCF, 0x3C, 0x43, 0x5C, 0xC7,
    0x35, 0xA5, 0xCC, 0x53, 0x22, 0x34, 0x65, 0x25, 0xA2, 0x39, 0x87, 0xAC, 0x04, 0xEA, 0x8F, 0xC9,
    0x61, 0xDD, 0x51, 0xA1, 0xF5, 0x84, 0x7A, 0x83, 0xE8, 0x37, 0xC1, 0x1B, 0x14, 0x99, 0xDD, 0x74,
    0x2A, 0x44, 0x0D, 0x78, 0x03, 0x0D, 0x51, 0xD1, 0x53, 0xE6, 0xB0, 0xB9, 0x66, 0x41, 0x93, 0x92,
    0xFC, 0x45, 0x47, 0x21, 0xCA, 0x4F, 0xC0, 0x3C, 0x5D, 0xB7, 0x17, 0xB2, 0x15, 0xAA, 0x05, 0x95,
    0x82, 0x58, 0x31, 0x93, 0x77, 0x85, 0x57, 0x8D, 0x4B, 0x7C, 0xE4, 0x5D, 0x32, 0xA7, 0xBF, 0xB4,
    0xC9, 0xA4, 0x55, 0x99, 0x8C, 0x27, 0x31, 0xFB, 0x9E, 0x31, 0x72, 0x39, 0xC5, 0x0A, 0x55, 0x6C,
    0xF4, 0x61, 0x59, 0xDF, 0xA5, 0x50, 0xE8, 0xC4, 0x54, 0x27, 0xC4, 0xCB, 0x5C, 0x56, 0x2D, 0x37,
    0x5B, 0xC9, 0x12, 0x39, 0x85, 0x10, 0x39, 0xFA, 0x29, 0xC8, 0xE4, 0x47, 0xC9, 0xA8, 0xF3, 0x64,
    0x57, 0xF5, 0x82, 0xFA, 0x58, 0x5A, 0x50, 0xB2, 0xD3, 0x10, 0x2A, 0xEA, 0x9B, 0x11, 0x13, 0x4C,
    0x27, 0x48, 0x36, 0xCB, 0x80, 0xFB, 0xB5, 0x5F, 0xD2, 0x6D, 0xFE, 0xEF, 0x57, 0x6A, 0xA0, 0xF7,
    0xDF, 0x22, 0xD9, 0x84, 0x23, 0x11, 0xEE, 0x05, 0x7A, 0x87, 0xEB, 0x35, 0x6F, 0x8A, 0xA3, 0xF6,
    0x5A, 0x01, 0x54, 0xFD, 0x1B, 0x0F, 0x71, 0xF3, 0xB7, 0x7A, 0x94, 0x04, 0xEB, 0x04, 0x54, 0x26,
    0xD2, 0xA4, 0x04, 0xAD, 0x63, 0x50, 0xC9, 0xEA, 0x24, 0xC3, 0xEA, 0x40, 0x85, 0x78, 0x28, 0xBC,
    0xD2, 0x13, 0xD2, 0x2B, 0x53, 0x32, 0x1F, 0x1D, 0xB6, 0x93, 0xE9, 0x9F, 0xAD, 0x4A, 0xC6, 0x0F,
    0x5B, 0x95, 0x8E, 0x33, 0xA8, 0x30, 0x89, 0xBB, 0xBD, 0xCC, 0xC6, 0xBB, 0x65, 0x2E, 0x3F, 0x71,
    0x2A, 0x7F, 0xEF, 0xC9, 0x21, 0x94, 0x15, 0xA4, 0xD4, 0xCC, 0xCC, 0x81, 0x54, 0x8C, 0x01, 0x0B,
    0x4B, 0x38, 0xB2, 0xC4, 0x44, 0x96, 0xF0, 0xDE, 0x3E, 0x75, 0x1F, 0x11, 0x59, 0x62, 0x10, 0x96,
    0xE8, 0x85, 0x5E, 0xEE, 0x26, 0x2C, 0xF1, 0xF2, 0x2A, 0x32, 0xB0, 0xC1, 0x12, 0xB4, 0x35, 0xD9,
    0x8F, 0x04, 0xA4, 0x84, 0x25, 0xA4, 0x8D, 0x72, 0x41, 0xC2, 0x8F, 0xE8, 0x3B, 0x67, 0xEF, 0x64,
    0x27, 0x27, 0x32, 0x95, 0xC3, 0xB0, 0x5F, 0xF4, 0xE5, 0x99, 0xA5, 0x0F, 0x6A, 0x0C, 0xBC, 0x10,
    0x81, 0x17, 0xE2, 0x8F, 0xE7, 0x05, 0x96, 0x87, 0xFB, 0x8F, 0xE5, 0x05, 0x92, 0x02, 0xC1, 0xA8,
    0xA8, 0x29, 0x0B, 0x68, 0xBE, 0x06, 0x07, 0x7F, 0xC8, 0x7C, 0x7D, 0x32, 0xF1, 0xEA, 0x98, 0x56,
    0x67, 0x93, 0x09, 0x56, 0xFC, 0xC5, 0x74, 0x52, 0xDC, 0xE1, 0x31, 0x6E, 0x89, 0x52, 0xEE, 0xF0,
    0x40, 0xBE, 0x61, 0x59, 0x08, 0x66, 0x36, 0xAC, 0x36, 0x1A, 0xC8, 0xFC, 0xDA, 0xD7, 0x40, 0xB6,
    0x69, 0x81, 0xBA, 0x4A, 0x56, 0xC1, 0xE5, 0x37, 0x6D, 0x01, 0xC4, 0xA6, 0x0B, 0xC9, 0xAC, 0x73,
    0xA3, 0xB3, 0x99, 0xCC, 0x86, 0xA5, 0xB3, 0xDD, 0xDD, 0x72, 0xB1, 0x79, 0x0B, 0xD8, 0xD8, 0x2D,
    0x94, 0x18, 0xB9, 0x65, 0x9F, 0xD3, 0x2B, 0xDD, 0x02, 0x73, 0x55, 0x1E, 0x4D, 0x47, 0xBC, 0x18,
    0xB5, 0x28, 0xCC, 0x41, 0x11, 0xCE, 0x80, 0xCE, 0xD7, 0x21, 0x6C, 0x53, 0xAC, 0x62, 0x7A, 0x52,
    0x50, 0x99, 0x33, 0xF3, 0x8B, 0x4D, 0xE6, 0x92, 0x3F, 0xC1, 0xAF, 0xC0, 0x28, 0xF4, 0xD9, 0xEB,
    0x01, 0xA3, 0xFD, 0x06, 0x7B, 0x8C, 0x54, 0x11, 0xB2, 0xCB, 0x44, 0xBC, 0x6B, 0x6E, 0xBD, 0xC1,
    0x9E, 0x7E, 0x45, 0x2B, 0x7E, 0x45, 0xFB, 0x31, 0x7E, 0x45, 0x29, 0x7E, 0xC5, 0x10, 0x9A, 0xFC,
    0x25, 0x18, 0xB4, 0xEE, 0x49, 0x44, 0x9B, 0xC8, 0x86, 0x80, 0x81, 0x41, 0xB4, 0xC9, 0xCC, 0xB8,
    0x2C, 0x64, 0x02, 0xA0, 0x85, 0x49, 0xA7, 0x61, 0x08, 0x37, 0xC7, 0x68, 0x0F, 0x02, 0xC2, 0xA0,
    0x2F, 0x58, 0x57, 0x63, 0x17, 0x20, 0x6D, 0x04, 0xF8, 0xE7, 0xF8, 0xE0, 0x51, 0x94, 0x13, 0xF4,
    0x68, 0x73, 0xE7, 0xD7, 0x03, 0x44, 0x00, 0x31, 0x5E, 0x93, 0x76, 0x22, 0x91, 0x58, 0xDE, 0x46,
    0x27, 0x8B, 0xF4, 0xF2, 0x83, 0x10, 0xCC, 0xF7, 0xA4, 0xD8, 0x9C, 0x38, 0x92, 0x6C, 0x8A, 0x1C,
    0x69, 0x06, 0x2C, 0x44, 0xB3, 0x81, 0x6A, 0x81, 0x6C, 0x81, 0x6E, 0x81, 0x70, 0x81, 0x72, 0x81,
    0x74, 0x81, 0x76, 0x81, 0x78, 0x81, 0x7A, 0x81, 0x7C, 0xA4, 0x9F, 0x84, 0x6C, 0x80, 0x83, 0x67,
    0x16, 0x48, 0x18, 0x68, 0x48, 0xD2, 0xF8, 0x09, 0xB4, 0xF1, 0x23, 0x89, 0xB3, 0x4B, 0xEA, 0xEC,
    0x80, 0x3C, 0xF5, 0x59, 0xD2, 0x47, 0xBA, 0xC8, 0x84, 0x42, 0x42, 0x22, 0xA1, 0x91, 0x10, 0x49,
    0xA8, 0x24, 0x64, 0x22, 0x9D, 0x1E, 0x52, 0x20, 0x14, 0xEC, 0x87, 0x48, 0x5E, 0x28, 0x49, 0x6E,
    0x19, 0xF4, 0xE2, 0x3F, 0x85, 0x4B, 0xC0, 0xC4, 0xF4, 0x06, 0xE4, 0xDA, 0x01, 0x75, 0x30, 0xC3,
    0x83, 0xF5, 0xB7, 0x6F, 0x00, 0x06, 0x7B, 0x3C, 0x98, 0x81, 0x4E, 0xBC, 0x2B, 0x92, 0xA4, 0x13,
    0xAE, 0x95, 0xC6, 0xB6, 0x05, 0x4A, 0xCF, 0xC9, 0x02, 0x39, 0x9B, 0x15, 0x39, 0xC2, 0x00, 0xF6,
    0xA0, 0x5C, 0xDB, 0x24, 0xE6, 0x21, 0xA1, 0xEC, 0x54, 0x9F, 0xCE, 0xD2, 0x97, 0xDD, 0x07, 0x23,
    0x87, 0x33, 0xA2, 0xF5, 0x9E, 0x0F, 0xC2, 0x6B, 0xB2, 0x01, 0x62, 0x33, 0x62, 0xC0, 0x82, 0x62,
    0xFE, 0x4A, 0x56, 0x2A, 0x1A, 0x59, 0xB6, 0x6C, 0x22, 0xE4, 0xF9, 0xF0, 0x2D, 0x16, 0xBA, 0x72,
    0xB9, 0x20, 0x26, 0x01, 0x91, 0x00, 0x58, 0xA0, 0xA3, 0x25, 0x08, 0xD8, 0x17, 0x0E, 0x49, 0x03,
    0x16, 0xFC, 0xCC, 0xE8, 0xA1, 0x40, 0xC1, 0x0F, 0x7C, 0xF4, 0x8A, 0xB0, 0x69, 0x73, 0xFE, 0xDB,
    0xC2, 0xAD, 0xDF, 0x14, 0x40, 0xBF, 0xB0, 0xE6, 0x71, 0x6B, 0x0B, 0x07, 0x58, 0xB5, 0xE1, 0x88,
    0x8B, 0x7F, 0xFB, 0xA0, 0x30, 0x83, 0xB7, 0xA4, 0xED, 0xB7, 0x83, 0xD9, 0x4F, 0x51, 0x02, 0x7B,
    0xC3, 0xB7, 0x70, 0x07, 0xB5, 0xD3, 0x03, 0x93, 0x1A, 0x7D, 0x36, 0xEA, 0xBE, 0x70, 0x7A, 0xD0,
    0xBD, 0x71, 0xB9, 0x03, 0x64, 0xC9, 0xB3, 0x05, 0x36, 0x36, 0xFC, 0x87, 0xD0, 0x3F, 0xA2, 0xBC,
    0xCB, 0xEF, 0xDE, 0x65, 0x43, 0xE6, 0x87, 0xB8, 0x68, 0x80, 0xC2, 0x18, 0xF6, 0x7D, 0xBD, 0xBC,
    0xB6, 0xA1, 0x6C, 0x3F, 0xF2, 0x2F, 0x12, 0x1A, 0xC4, 0x8B, 0xE0, 0xD5, 0xE2, 0xE4, 0x1E, 0xF9,
    0x85, 0xCA, 0x6D, 0x81, 0xF2, 0x71, 0x9F, 0x77, 0xD5, 0x95, 0x49, 0xDB, 0x25, 0x11, 0xAF, 0x5D,
    0x73, 0x7A, 0xCC, 0xAD, 0x7F, 0x7C, 0x2C, 0x16, 0x30, 0x98, 0x16, 0xD5, 0x0E, 0x75, 0xF5, 0xF2,
    0x08, 0x27, 0xD1, 0x8F, 0x74, 0x5D, 0x8E, 0xAA, 0xE6, 0xBA, 0xB7, 0xBC, 0xFA, 0x6D, 0x2D, 0xF6,
    0xA9, 0x6F, 0x16, 0xFB, 0xCC, 0x6F, 0x3D, 0xF6, 0x19, 0xE1, 0x13, 0x69, 0x99, 0xFA, 0x0B, 0x67,
    0xF0, 0xC5, 0x23, 0x5F, 0x11, 0x44, 0xCC, 0x00, 0x30, 0x06, 0x60, 0xFA, 0x60, 0x8E, 0x60, 0x6D,
    0xCC, 0xAC, 0xDE, 0x42, 0xD8, 0x13, 0x54, 0x68, 0x97, 0xDF, 0xD9, 0x8C, 0x3B, 0x84, 0xEB, 0x7F,
    0x68, 0x81, 0xE6, 0xAB, 0xD0, 0x51, 0x81, 0x7A, 0x49, 0xC9, 0x26, 0x6F, 0xDE, 0xAE, 0x57, 0xB5,
    0x85, 0x5C, 0x74, 0xA4, 0x4E, 0xF2, 0x2A, 0x89, 0x87, 0x95, 0xAF, 0xBF, 0x1E, 0x7C, 0x34, 0x30,
    0xD3, 0xE1, 0x37, 0xED, 0x01, 0x66, 0xB7, 0xE6, 0xE2, 0x6E, 0x5E, 0x22, 0x11, 0xBA, 0xB6, 0x4F,
    0xAD, 0xC1, 0x93, 0x84, 0xDB, 0x7B, 0xD0, 0xCC, 0x4C, 0xE1, 0x9B, 0xA9, 0x9A, 0x73, 0xD4, 0x97,
    0xBE, 0xE3, 0x7F, 0xCF, 0xB7, 0xA9, 0x7F, 0x1A, 0x9D, 0x55, 0x19, 0x2E, 0xFD, 0x62, 0xCE, 0xCB,
    0x53, 0x75, 0x31, 0xCB, 0xC7, 0xAC, 0x77, 0xA8, 0x00, 0x60, 0x70, 0x26, 0xF6, 0xB4, 0xB5, 0x18,
    0x01, 0xE0, 0x6F, 0x4D, 0x4B, 0x54, 0x91, 0xD5, 0xFF, 0xA4, 0x21, 0x1A, 0xD8, 0xEE, 0xD5, 0x0C,
    0x1B, 0x2E, 0xC5, 0x86, 0xB8, 0x4F, 0x2C, 0x51, 0xD6, 0xAD, 0xDD, 0xCF, 0x70, 0x64, 0x86, 0x3D,
    0xC4, 0x9B, 0x30, 0x5C, 0xE1, 0xEB, 0x6C, 0x56, 0xF1, 0x40, 0xF9, 0x23, 0x57, 0x4E, 0xAD, 0xDD,
    0x84, 0xB1, 0x45, 0x91, 0x29, 0x37, 0x61, 0xD0, 0xD0, 0xBA, 0x4A, 0xE3, 0xEB, 0x57, 0x35, 0xE0,
    0x7F, 0x91, 0x54, 0x6B, 0xC4, 0xCB, 0xFB, 0xC3, 0x23, 0x03, 0x0D, 0xA0, 0xD8, 0x1D, 0x05, 0x61,
    0x35, 0xA8, 0xCB, 0xAA, 0x62, 0xA7, 0x17, 0x00, 0xDA, 0x41, 0x01, 0x0A, 0x9C, 0xDB, 0x2D, 0x1C,
    0x84, 0x93, 0x00, 0x3B, 0xA0, 0x34, 0x0A, 0x56, 0xA0, 0x4B, 0x3C, 0xAC, 0x27, 0xAF, 0x91, 0x6A,
    0x80, 0x85, 0xC9, 0x25, 0x57, 0x0E, 0xE0, 0xC6, 0xCB, 0x31, 0x01, 0xF6, 0x23, 0x53, 0x30, 0x99,
    0x01, 0x0E, 0x5D, 0x70, 0xFC, 0xC9, 0x0B, 0x7E, 0xF9, 0xC6, 0x05, 0x17, 0x23, 0x60, 0x3E, 0xC8,
    0x92, 0x06, 0xC2, 0xFE, 0x86, 0x05, 0x57, 0xB7, 0xB9, 0xE0, 0x68, 0x73, 0xC1, 0x7F, 0x71, 0x60,
    0xC1, 0x90, 0xF0, 0x00, 0xE5, 0xC7, 0x2F, 0x18, 0x76, 0x73, 0xE6, 0xDB, 0x05, 0x8D, 0x40, 0x91,
    0x6F, 0x23, 0x1A, 0x4B, 0x5D, 0x62, 0xC5, 0xA9, 0xE5, 0x92, 0xDC, 0x16, 0xD7, 0x34, 0x5C, 0x02,
    0xD2, 0xB3, 0x03, 0xC2, 0x3F, 0x0F, 0x8E, 0x18, 0x50, 0xB9, 0xF6, 0x7F, 0x6E, 0x09, 0xDA, 0xE5,
    0x0A, 0x63, 0x27, 0x87, 0xA3, 0x2D, 0x18, 0x19, 0x10, 0x99, 0xB2, 0xCB, 0xB6, 0x80, 0x18, 0x29,
    0x2C, 0xCC, 0xB3, 0x6C, 0xE4, 0x4E, 0x24, 0xCA, 0x58, 0xCA, 0x85, 0x75, 0xFF, 0x24, 0xDD, 0x44,
    0x7B, 0xDE, 0x4A, 0xEC, 0xDB, 0x64, 0x88, 0xBD, 0xE5, 0xF5, 0x9D, 0x05, 0x8E, 0xE5, 0x0E, 0x98,
    0xAC, 0x87, 0x49, 0x1B, 0x6A, 0x86, 0x23, 0x1F, 0x22, 0x31, 0x2C, 0xF0, 0xD3, 0x55, 0x17, 0xFA,
    0xBE, 0xD0, 0xF8, 0xEE, 0xF4, 0x5E, 0xDF, 0x17, 0x1B, 0xB3, 0x82, 0x9B, 0xB2, 0x11, 0xCA, 0xC4,
    0x7C, 0x49, 0xAB, 0x33, 0x96, 0x42, 0xE5, 0x03, 0xEF, 0x2D, 0xF0, 0xBB, 0xDE, 0x77, 0xFA, 0x51,
    0x1F, 0xA3, 0x0C, 0xFB, 0x58, 0xEC, 0x23, 0x9B, 0xF7, 0xEA, 0x78, 0x32, 0x2F, 0xD8, 0xA9, 0x87,
    0x17, 0x7C, 0x81, 0x65, 0x4E, 0x93, 0x6C, 0x37, 0xCB, 0x57, 0x3B, 0xC1, 0xD4, 0x2F, 0xB0, 0x23,
    0x80, 0x7B, 0xC1, 0x79, 0x2F, 0xAC, 0x89, 0xCF, 0x60, 0x26, 0xBC, 0xC4, 0x48, 0x58, 0x25, 0x26,
    0xA6, 0x4F, 0xC4, 0xCF, 0x52, 0x36, 0x31, 0xE2, 0xA2, 0x42, 0x15, 0xE0, 0xAA, 0xB2, 0x0C, 0xD6,
    0x9A, 0x60, 0x3E, 0x26, 0xE4, 0x55, 0x56, 0x38, 0x0B, 0xB8, 0x26, 0xE2, 0x62, 0x89, 0x55, 0x78,
    0xC8, 0xAC, 0x85, 0x2D, 0x16, 0x68, 0xBA, 0x53, 0xB9, 0xEB, 0x4D, 0xBB, 0x5D, 0xB8, 0xBE, 0x6A,
    0xCF, 0x1A, 0x0B, 0x3B, 0x97, 0x39, 0x65, 0xCC, 0x41, 0x4C, 0x5B, 0x0F, 0x89, 0x2C, 0x71, 0xA3,
    0x04, 0xB0, 0xD4, 0xF4, 0xC2, 0x8B, 0x09, 0x14, 0x7F, 0x1F, 0xD0, 0x5F, 0xF5, 0x3F, 0x50, 0x7E,
    0x06, 0xAF, 0x15, 0xFF, 0x2E, 0xEC, 0x19, 0x24, 0x90, 0x0B, 0xF2, 0x27, 0x88, 0x9F, 0xAC, 0x13,
    0xE1, 0x43, 0xD9, 0x03, 0x8D, 0xC0, 0x1B, 0xC5, 0xAC, 0xF7, 0x36, 0x9B, 0x95, 0xDE, 0xBB, 0x0B,
    0x65, 0x14, 0x33, 0x8F, 0x46, 0x0D, 0x36, 0x1E, 0x03, 0xE3, 0x30, 0x80, 0xC7, 0xD1, 0xB3, 0xA0,
    0x6E, 0x3C, 0xC2, 0x3B, 0xB7, 0x18, 0xEB, 0xFA, 0xD9, 0x8F, 0x0F, 0xC4, 0xE4, 0x0E, 0x5E, 0x1A,
    0x94, 0x12, 0x92, 0xFD, 0x50, 0x14, 0x4C, 0x52, 0x84, 0x49, 0xED, 0xB1, 0x5E, 0x42, 0x08, 0xFE,
    0x23, 0x0C, 0x96, 0xB1, 0x69, 0x21, 0x70, 0x01, 0x9A, 0x96, 0xA6, 0x5F, 0xB6, 0x1F, 0x53, 0x1F,
    0xB3, 0x55, 0xC3, 0x6E, 0xE2, 0xDF, 0x9E, 0x95, 0xFA, 0x0E, 0xF7, 0x2C, 0x61, 0xB1, 0x18, 0xC1,
    0xFC, 0xFD, 0x70, 0x10, 0x7D, 0x7F, 0xD0, 0x32, 0x4E, 0x82, 0x65, 0xAC, 0x25, 0x0E, 0x72, 0x8B,
    0x57, 0xC6, 0x7C, 0x8D, 0x16, 0xE0, 0x23, 0x24, 0xD3, 0x36, 0xAF, 0x8C, 0x39, 0xC1, 0x2B, 0x63,
    0x9E, 0x5A, 0xBB, 0x32, 0xE6, 0x1A, 0x3D, 0x25, 0x49, 0x39, 0x5B, 0xC0, 0x88, 0xB1, 0x85, 0xB8,
    0x65, 0xA1, 0xFD, 0x8F, 0xD6, 0x42, 0x97, 0x05, 0x74, 0x2C, 0xEC, 0xBA, 0x9B, 0x35, 0x29, 0x2E,
    0x8B, 0xD3, 0xC3, 0x52, 0x52, 0xAA, 0xA7, 0x37, 0x47, 0x95, 0x42, 0xF3, 0x47, 0xFE, 0x4D, 0x08,
    0x99, 0xF3, 0xFD, 0x02, 0x9E, 0xDC, 0xAF, 0xEB, 0x9A, 0xBB, 0xD0, 0xA4, 0xB8, 0x8A, 0x76, 0x02,
    0xF6, 0xDC, 0x8D, 0x5B, 0x08, 0x2A, 0x7F, 0xD0, 0x0C, 0xC2, 0xEB, 0x25, 0x2F, 0x59, 0x63, 0xED,
    0x05, 0x60, 0x27, 0x26, 0xBC, 0x18, 0xF0, 0x62, 0xAF, 0x8A, 0xF1, 0x2E, 0x81, 0xCC, 0xD8, 0x63,
    0x2D, 0xC1, 0x4C, 0xB5, 0xB4, 0x51, 0xED, 0x21, 0xBE, 0xEF, 0xC1, 0x4B, 0x94, 0x1F, 0x03, 0x13,
    0xE7, 0xF8, 0x86, 0x0A, 0x3C, 0x6E, 0x71, 0x99, 0x6F, 0xED, 0x57, 0x4D, 0x56, 0xF3, 0x7E, 0x43,
    0x48, 0xBC, 0xD9, 0x10, 0x02, 0x2F, 0x08, 0x00, 0x3D, 0xCB, 0x47, 0x11, 0x01, 0xE8, 0xAB, 0x96,
    0xC6, 0x8B, 0x14, 0xBB, 0x85, 0x0B, 0xCD, 0x78, 0xF8, 0xC1, 0x2E, 0x31, 0xFA, 0x0B, 0xB7, 0x68,
    0xCA, 0x5F, 0x66, 0xA7, 0xD0, 0x88, 0x4B, 0xC9, 0xEC, 0x65, 0xE3, 0x1E, 0xF4, 0x65, 0x45, 0xDB,
    0xFF, 0x7E, 0x3F, 0xFF, 0x43, 0x98, 0xEA, 0x06, 0xAC, 0x04, 0xDA, 0x95, 0x3E, 0x8D, 0xA9, 0x76,
    0x32, 0x50, 0xF9, 0xD1, 0x97, 0x24, 0xAF, 0x1E, 0x4C, 0x58, 0x15, 0xE1, 0x13, 0x74, 0xA0, 0x9B,
    0x64, 0xBC, 0x37, 0x46, 0x83, 0x2E, 0xCA, 0x47, 0x8D, 0x76, 0xD9, 0x60, 0x72, 0x57, 0xD8, 0x1C,
    0xA4, 0x8D, 0x1B, 0x46, 0xE6, 0x3A, 0x15, 0x80, 0x15, 0x7D, 0xDD, 0x2A, 0x8D, 0xE8, 0x04, 0x82,
    0x98, 0xD4, 0x55, 0x9F, 0xC7, 0x6A, 0x12, 0xDA, 0x0E, 0x39, 0x56, 0xF3, 0xD3, 0x79, 0x6F, 0x35,
    0x15, 0x57, 0x23, 0x9C, 0x91, 0x8A, 0x04, 0xE9, 0x0E, 0x1C, 0xD0, 0x52, 0xDD, 0xEE, 0x8A, 0xA3,
    0x56, 0xE9, 0xE9, 0xBB, 0x61, 0xC5, 0xCD, 0x10, 0x44, 0x6A, 0xCE, 0xB7, 0xAB, 0x00, 0x8E, 0x85,
    0x1C, 0x5D, 0x25, 0x2E, 0x2B, 0x59, 0x39, 0x39, 0x24, 0x35, 0x91, 0xBB, 0x9B, 0x5C, 0x01, 0x5E,
    0xEF, 0x5D, 0x01, 0x9E, 0x88, 0xB7, 0xCE, 0x23, 0x27, 0x99, 0xF6, 0x32, 0xC4, 0x89, 0x2D, 0x71,
    0x34, 0x51, 0x1E, 0x51, 0x60, 0x11, 0xD1, 0xF6, 0x3E, 0xE4, 0xF9, 0x72, 0xDF, 0x04, 0x8A, 0x95,
    0xAA, 0xFB, 0x44, 0x2D, 0x95, 0x8F, 0x10, 0x9B, 0x96, 0xBA, 0x83, 0xA5, 0x04, 0x41, 0x6C, 0x1F,
    0x78, 0xBE, 0xE8, 0xBB, 0x3D, 0x6E, 0x3F, 0xF4, 0x7B, 0x4D, 0xE8, 0xCB, 0x45, 0x32, 0x55, 0x13,
    0x22, 0x05, 0x92, 0xAC, 0x09, 0xD9, 0x1A, 0x91, 0x6F, 0x01, 0x89, 0x9C, 0x13, 0x97, 0x9C, 0x2F,
    0x07, 0x6A, 0xE8, 0x94, 0xEF, 0x49, 0xD3, 0xA3, 0xE4, 0xC5, 0xA8, 0x27, 0x1B, 0x26, 0x60, 0x00,
    0x25, 0x89, 0x9B, 0x70, 0xB4, 0x24, 0x75, 0x73, 0x48, 0x04, 0x38, 0x61, 0xD4, 0xAF, 0x0C, 0x51,
    0xBF, 0x8B, 0x38, 0x91, 0x1F, 0x41, 0x31, 0x35, 0x56, 0x7A, 0x9F, 0x59, 0x9D, 0x4C, 0xC9, 0x27,
    0x09, 0x49, 0x82, 0x6E, 0x01, 0x55, 0xBB, 0x71, 0xE5, 0x7C, 0x56, 0xC2, 0x5C, 0xAB, 0x0B, 0xA4,
    0xA9, 0x9B, 0x56, 0xFC, 0xEC, 0x78, 0x9F, 0xA3, 0x5A, 0x22, 0x2A, 0x21, 0x86, 0x25, 0x70, 0x65,
    0x87, 0x15, 0xD4, 0xF1, 0x6C, 0x53, 0x4C, 0x67, 0x38, 0x33, 0x64, 0x53, 0xA0, 0x63, 0x22, 0xAC,
    0x1F, 0x11, 0x2B, 0x77, 0x5B, 0x3C, 0xAF, 0xA7, 0x62, 0x22, 0x71, 0xF5, 0x23, 0x4B, 0x14, 0x23,
    0x86, 0x85, 0xEF, 0x92, 0x68, 0x51, 0x09, 0xF4, 0xF0, 0x16, 0x69, 0xF2, 0xC3, 0x91, 0xD6, 0x7A,
    0x85, 0x82, 0x7F, 0xCC, 0x2F, 0x21, 0x73, 0x07, 0x45, 0x8C, 0xCF, 0xAC, 0xD7, 0x7C, 0xE5, 0x1B,
    0xA5, 0x6F, 0x97, 0x01, 0xA8, 0x49, 0x0A, 0x7C, 0xE8, 0x6C, 0xBE, 0x00, 0x74, 0xE9, 0x45, 0x16,
    0xD6, 0x1B, 0x26, 0x9E, 0x60, 0xDA, 0x69, 0x89, 0xF5, 0x62, 0xAE, 0xC7, 0x30, 0xD3, 0xE3, 0x00,
    0x98, 0xEC, 0xCF, 0xFB, 0x05, 0x78, 0x17, 0xF9, 0xBF, 0xF7, 0x48, 0x39, 0xA0, 0xE8, 0x61, 0x0C,
    0xE5, 0xD7, 0xB1, 0x0B, 0xC2, 0x2D, 0xDB, 0x93, 0x3C, 0x46, 0x7D, 0xFA, 0x80, 0xA2, 0xDB, 0x0B,
    0x28, 0xF6, 0xB7, 0x16, 0x50, 0xAC, 0x0F, 0x0D, 0x28, 0x46, 0x22, 0xA2, 0x62, 0xE1, 0xB0, 0xE0,
    0x03, 0xCC, 0xAC, 0x5A, 0x49, 0x69, 0xDF, 0x8B, 0x74, 0x9E, 0xC4, 0xCF, 0xF3, 0xFC, 0x12, 0x76,
    0x2D, 0x05, 0x4A, 0x7D, 0x52, 0x5C, 0xB1, 0x3F, 0x34, 0xAE, 0x38, 0x86, 0xB8, 0x62, 0xC6, 0xE2,
    0xC5, 0x21, 0xDC, 0x17, 0xA2, 0xD7, 0xEF, 0xFE, 0xB8, 0x1F, 0x52, 0xBA, 0x80, 0xBA, 0x35, 0x8F,
    0x32, 0xEA, 0x36, 0x2A, 0xB9, 0x0B, 0xE5, 0x0B, 0x8F, 0xC3, 0xDE, 0x46, 0x7D, 0xC7, 0xA7, 0xA1,
    0xD7, 0xC1, 0x38, 0xEC, 0x43, 0x7B, 0x71, 0xD8, 0x4D, 0xBE, 0xD2, 0xE5, 0x7A, 0x62, 0x46, 0x8D,
    0x5F, 0xB4, 0xF5, 0x1D, 0x4B, 0x10, 0xE6, 0x63, 0x54, 0x3B, 0x65, 0x26, 0x9F, 0x8F, 0xB3, 0xC1,
    0x9B, 0x0D, 0x1B, 0x3C, 0xDD, 0xB3, 0xC1, 0xDF, 0x99, 0x95, 0xFA, 0xD3, 0x4D, 0x1B, 0x9C, 0xFE,
    0x68, 0xD4, 0xF8, 0x5A, 0x8A, 0xF5, 0x92, 0x21, 0x50, 0x3D, 0xA5, 0xA0, 0xD9, 0xCC, 0x5D, 0xDD,
    0x0B, 0x50, 0x79, 0x88, 0xAD, 0x91, 0x38, 0xA7, 0xBA, 0xE7, 0xEE, 0xD0, 0xE9, 0xAC, 0xA0, 0xF6,
    0x9B, 0x4E, 0x5D, 0x87, 0xEA, 0x7F, 0xD1, 0xC6, 0x1F, 0x82, 0x89, 0xCE, 0xD8, 0xE4, 0x55, 0xE0,
    0xDC, 0x65, 0xE7, 0xC1, 0x4D, 0xB9, 0xD3, 0x60, 0xA7, 0x2D, 0xED, 0xB6, 0xC0, 0xB3, 0x27, 0x75,
    0xBF, 0x5D, 0xF0, 0x3E, 0xDF, 0x7E, 0x30, 0x76, 0xC1, 0xD9, 0x35, 0x07, 0xBC, 0x93, 0x5D, 0x67,
    0xD3, 0xF5, 0xA5, 0xD4, 0x33, 0x24, 0xD9, 0xA7, 0x68, 0xE6, 0x81, 0x48, 0xF3, 0x34, 0x15, 0xA4,
    0x2B, 0x44, 0x25, 0x2E, 0x19, 0x18, 0xE0, 0x9F, 0x13, 0x27, 0x9C, 0x15, 0x5B, 0xB0, 0xD6, 0x66,
    0x7A, 0x76, 0x67, 0x85, 0x7B, 0xC2, 0xC0, 0x5E, 0x2A, 0xB5, 0x44, 0xE2, 0x64, 0x60, 0x1D, 0x8E,
    0x08, 0x7B, 0x80, 0x0B, 0x6E, 0x2C, 0x10, 0x52, 0x88, 0xF0, 0xB2, 0xE1, 0x7A, 0xBE, 0x65, 0xB7,
    0x20, 0xC9, 0xCE, 0xBB, 0x6D, 0x34, 0xF2, 0x69, 0xC7, 0x7C, 0x8F, 0x7E, 0x0F, 0xC5, 0xAA, 0xC7,
    0xF4, 0xF5, 0x2B, 0x1E, 0xB3, 0xF7, 0x68, 0x01, 0x3C, 0x9B, 0xA2, 0xA0, 0xF4, 0x2F, 0x5D, 0xCA,
    0xC8, 0x95, 0x4D, 0xFA, 0xD8, 0xFF, 0xA1, 0x6F, 0x71, 0x93, 0xF2, 0xF8, 0x43, 0x6C, 0x66, 0xB8,
    0xCB, 0x7A, 0x83, 0xCD, 0xD3, 0x0D, 0x21, 0x5B, 0x10, 0xAA, 0xEA, 0x0E, 0x19, 0x56, 0xF7, 0xB0,
    0xA8, 0xED, 0x14, 0xB5, 0x72, 0x13, 0xDB, 0x60, 0x56, 0x42, 0x0D, 0xDC, 0xF8, 0xE4, 0x6B, 0xC1,
    0x2A, 0x99, 0xB8, 0x07, 0x8C, 0x7F, 0x4B, 0x66, 0x79, 0x95, 0x5C, 0xF4, 0x38, 0x60, 0x9E, 0x02,
    0x9E, 0x24, 0xBC, 0x44, 0x3E, 0x73, 0x80, 0xB1, 0xA5, 0x84, 0xF1, 0x7E, 0x3F, 0x15, 0xC0, 0x53,
    0x70, 0x92, 0x3E, 0xFE, 0x2E, 0x27, 0xD7, 0xD3, 0x8B, 0xEE, 0x11, 0x82, 0x31, 0xBE, 0x2C, 0xE0,
    0xE5, 0x31, 0x27, 0x5A, 0x46, 0xD8, 0xA5, 0x14, 0x77, 0x8B, 0x6E, 0xE1, 0x3B, 0x06, 0x49, 0x9F,
    0xAF, 0x3F, 0xA9, 0xFF, 0x09, 0x16, 0xE6, 0x55, 0x04, 0x9A, 0xA7, 0x63, 0x28, 0xE1, 0xA2, 0x14,
    0xE0, 0x3D, 0x6A, 0x22, 0x2F, 0x5A, 0xF6, 0xAD, 0x6A, 0x29, 0x9D, 0x92, 0xBC, 0x71, 0x83, 0x2B,
    0xB5, 0xAB, 0x2B, 0xAF, 0x39, 0x55, 0xA0, 0xCE, 0x28, 0x1B, 0xE4, 0x28, 0x0E, 0x90, 0x0A, 0xF1,
    0xA8, 0xBB, 0x00, 0xA3, 0x3E, 0xAB, 0xEF, 0x22, 0xA2, 0x14, 0xF8, 0xCD, 0x52, 0x41, 0xBE, 0x02,
    0xA7, 0x22, 0xBE, 0xFF, 0x0E, 0x13, 0x05, 0x93, 0xC4, 0xE0, 0xFE, 0x05, 0xB3, 0xED, 0xF5, 0xAD,
    0x81, 0xB5, 0x0E, 0xE9, 0xF9, 0x1E, 0xC7, 0x0B, 0xE7, 0x9B, 0x18, 0x87, 0xF9, 0xAB, 0x08, 0x73,
    0x90, 0x36, 0xB4, 0x02, 0x44, 0x82, 0x89, 0x6F, 0xA3, 0xA1, 0x07, 0x29, 0xF5, 0x1B, 0xE2, 0xB3,
    0xA1, 0x66, 0xC8, 0x13, 0x27, 0xDE, 0x4B, 0x24, 0x8A, 0x46, 0x1D, 0x88, 0x82, 0x84, 0xCB, 0x05,
    0x74, 0xA5, 0xCC, 0x90, 0x85, 0x03, 0x70, 0xDA, 0xC6, 0x3D, 0x32, 0x65, 0xBA, 0x2D, 0x66, 0xD5,
    0xCC, 0x2F, 0xC0, 0xFE, 0x8C, 0x3C, 0x3F, 0x99, 0xCE, 0xE5, 0x99, 0x01, 0xBC, 0x7C, 0x9D, 0x6B,
    0x8F, 0x7C, 0xC7, 0x6B, 0x47, 0x61, 0xA3, 0x52, 0x49, 0x20, 0xE1, 0x00, 0xB3, 0x98, 0x34, 0xA0,
    0x1A, 0x85, 0xFF, 0x06, 0x3A, 0xC0, 0xEC, 0x04, 0x25, 0xD6, 0x73, 0xA6, 0xB4, 0x44, 0x9A, 0xFA,
    0x8F, 0x47, 0xF5, 0x3B, 0x0B, 0x45, 0xAE, 0xCE, 0xEA, 0x22, 0x4C, 0x43, 0x7C, 0x20, 0x1B, 0x54,
    0x4E, 0xD3, 0xAA, 0xBC, 0x87, 0x47, 0xF6, 0x9B, 0xEC, 0xBC, 0x3F, 0x4B, 0x3A, 0x59, 0xB5, 0x79,
    0x79, 0x1C, 0x1F, 0x29, 0x58, 0xBA, 0xB1, 0xE8, 0x2A, 0x5F, 0x60, 0xF8, 0xA3, 0x12, 0x5F, 0xBF,
    0xC1, 0xDB, 0x27, 0x2C, 0x48, 0x0E, 0x03, 0x78, 0xB3, 0x3F, 0x2A, 0xF1, 0x6D, 0x9E, 0x72, 0x06,
    0xCF, 0x22, 0x44, 0x39, 0xD8, 0xA4, 0xE6, 0x5F, 0x78, 0xB1, 0x53, 0x0D, 0x15, 0x51, 0x54, 0x46,
    0x2A, 0x6B, 0x1F, 0x50, 0xDA, 0xEE, 0x28, 0xCD, 0x82, 0xE9, 0xB5, 0xE9, 0x85, 0xC2, 0x6B, 0x66,
    0x20, 0xD0, 0x29, 0xAD, 0xFB, 0x02, 0x37, 0x53, 0xB5, 0x4D, 0x8B, 0xBD, 0x42, 0x0B, 0xEB, 0x21,
    0x19, 0x88, 0x92, 0x19, 0x08, 0x84, 0xAD, 0x33, 0x58, 0x17, 0xD8, 0xCD, 0xF8, 0xDA, 0xA2, 0xFA,
    0x92, 0x5A, 0x55, 0x36, 0x82, 0x44, 0x0A, 0x8B, 0xD0, 0xC3, 0x3A, 0xF8, 0x33, 0x30, 0xB0, 0x87,
    0xF5, 0x74, 0x01, 0x59, 0x22, 0x69, 0x53, 0xA8, 0x2C, 0xF3, 0x6E, 0x4D, 0x2D, 0xB7, 0x50, 0xCE,
    0xC2, 0x98, 0xEC, 0xCB, 0xCE, 0xB1, 0xF6, 0x18, 0x1E, 0x2A, 0x4B, 0x9F, 0xBD, 0xEF, 0x92, 0x36,
    0x77, 0x31, 0x76, 0x00, 0xB4, 0xC3, 0xCF, 0x91, 0x66, 0x64, 0x79, 0xD6, 0x8C, 0xD4, 0x13, 0x26,
    0xAF, 0x9D, 0x69, 0x8B, 0xCE, 0xE0, 0xA2, 0x93, 0x6E, 0xA6, 0x96, 0x62, 0x7C, 0x33, 0x76, 0xBA,
    0x54, 0x69, 0x5F, 0xB4, 0x8A, 0x75, 0x3E, 0x89, 0xCD, 0xF7, 0xA9, 0xF0, 0x39, 0x2E, 0x63, 0x2B,
    0xEA, 0x55, 0x95, 0x0C, 0xFC, 0x91, 0x3F, 0x1C, 0x17, 0x9E, 0xDB, 0x5F, 0x62, 0x90, 0x5E, 0x8A,
    0xA2, 0xCB, 0x86, 0x41, 0x07, 0x4C, 0x31, 0xF6, 0x7F, 0xD1, 0x4F, 0xD6, 0xB5, 0xE8, 0xF7, 0xA2,
    0x9D, 0x57, 0x78, 0x22, 0xC6, 0x45, 0x45, 0xF2, 0xDC, 0x85, 0x7E, 0x32, 0x76, 0xA3, 0x5D, 0x3E,
    0x94, 0x77, 0x2A, 0x19, 0x16, 0x10, 0x39, 0xBD, 0xBF, 0x39, 0x9F, 0xE3, 0xDF, 0x01, 0x39, 0x17,
    0x5B, 0x35, 0xA7, 0x8E, 0x3F, 0x3B, 0xB4, 0x44, 0xC2, 0x73, 0xDB, 0xD7, 0x74, 0xB2, 0x06, 0x12,
    0x22, 0xCF, 0x01, 0x74, 0x6A, 0x17, 0x46, 0x8D, 0x83, 0x89, 0x6F, 0xF9, 0x22, 0x32, 0xD1, 0x39,
    0x29, 0x51, 0x17, 0x03, 0x12, 0x7C, 0x7E, 0xE3, 0xE5, 0xA9, 0x52, 0xE4, 0x06, 0xB0, 0x5E, 0xE4,
    0x06, 0x01, 0x8C, 0xEF, 0x8C, 0x18, 0x2E, 0x68, 0x40, 0x28, 0xBF, 0x02, 0x65, 0xD4, 0xAB, 0xCB,
    0x2A, 0xEE, 0x62, 0xA7, 0xE2, 0x3A, 0x6B, 0x43, 0x22, 0xA3, 0x0F, 0xC5, 0x16, 0xF9, 0xCC, 0x90,
    0x60, 0x17, 0x02, 0x47, 0xD9, 0x9E, 0x31, 0xBC, 0x61, 0x1B, 0x3F, 0x0C, 0x70, 0x19, 0x87, 0x1D,
    0x31, 0x4D, 0xF1, 0xE2, 0x8C, 0x9F, 0x83, 0x07, 0x87, 0x97, 0x96, 0x40, 0x1E, 0xE8, 0xAE, 0xFF,
    0xBB, 0x24, 0xA9, 0x1F, 0x01, 0x86, 0x3B, 0x52, 0x0B, 0x6F, 0x97, 0x4F, 0x50, 0xE1, 0xF5, 0x24,
    0x37, 0x98, 0x7A, 0x1F, 0x45, 0xBD, 0xAE, 0xBF, 0x0C, 0x04, 0xEA, 0x0A, 0x36, 0xA3, 0x95, 0x02,
    0xD2, 0x56, 0xB2, 0xD6, 0x77, 0x94, 0x5E, 0x05, 0x99, 0xD2, 0x3C, 0x36, 0x2A, 0x31, 0xE5, 0x0E,
    0xB3, 0xE5, 0x36, 0xDA, 0xBE, 0xD3, 0x4F, 0x6C, 0xFB, 0xEE, 0x01, 0xE5, 0x96, 0x70, 0xB3, 0x07,
    0x3D, 0x29, 0xB3, 0xD1, 0xF6, 0x0D, 0x98, 0xEE, 0xB5, 0x7D, 0xD3, 0x73, 0xC5, 0xAA, 0x36, 0xDB,
    0xBE, 0x79, 0xBD, 0x9B, 0xB9, 0x32, 0x29, 0xF3, 0x23, 0xD8, 0x2A, 0x6B, 0xCC, 0x73, 0x93, 0x96,
    0xF0, 0x0E, 0xA5, 0x26, 0xC9, 0x8C, 0x9F, 0x9B, 0xB4, 0x84, 0x7F, 0xDA, 0x95, 0x79, 0x9C, 0x72,
    0x03, 0x78, 0x7B, 0x2B, 0xBB, 0xD9, 0xEC, 0xBD, 0x9F, 0xF1, 0x73, 0xB3, 0xD9, 0xDF, 0xC1, 0xBD,
    0xDB, 0x5F, 0xE1, 0x9D, 0xDA, 0xBB, 0xDB, 0x5F, 0x3D, 0x94, 0x15, 0xD4, 0x56, 0xBB, 0x80, 0xA2,
    0x15, 0xC3, 0x2A, 0x3C, 0x9F, 0xE3, 0xBD, 0xEF, 0xBB, 0x49, 0xA7, 0xA6, 0xCC, 0xF1, 0xE7, 0x12,
    0x65, 0x7B, 0x78, 0x6E, 0xFB, 0x06, 0x48, 0xCC, 0x4B, 0xE0, 0x5D, 0xF5, 0x17, 0x0A, 0x55, 0x4C,
    0x42, 0x25, 0x80, 0xEB, 0x0F, 0xCA, 0xFF, 0x4B, 0x65, 0x26, 0xC9, 0x90, 0x03, 0x62, 0x2A, 0x90,
    0x7C, 0x80, 0x08, 0x91, 0xD1, 0x82, 0xD7, 0x9C, 0xD0, 0x16, 0x1D, 0x08, 0xD6, 0xE0, 0x74, 0x97,
    0x00, 0x2D, 0x8D, 0xDC, 0xB7, 0x99, 0x6F, 0xBD, 0x5E, 0x03, 0x7A, 0x4E, 0x4B, 0xD2, 0x91, 0x43,
    0x88, 0x46, 0x85, 0x1C, 0x7A, 0x51, 0x02, 0x4E, 0x61, 0xE6, 0xA8, 0x8E, 0x07, 0x1C, 0x82, 0x91,
    0xD9, 0x06, 0xD9, 0x4F, 0xC3, 0x86, 0xCC, 0x72, 0x57, 0xD1, 0x50, 0xEC, 0x42, 0xD3, 0x4E, 0x80,
    0x57, 0x00, 0xF3, 0x72, 0xB8, 0x5B, 0xE9, 0xA9, 0x32, 0xC7, 0x72, 0xDB, 0xD7, 0x59, 0x36, 0xF6,
    0x38, 0x3E, 0x76, 0x19, 0x2F, 0x8F, 0xDC, 0xD6, 0xDD, 0xC5, 0x99, 0xCA, 0xBC, 0xC2, 0xC9, 0xD3,
    0xEB, 0x18, 0x8B, 0x1A, 0x6B, 0x3C, 0x47, 0x57, 0xBE, 0xFF, 0x52, 0xF0, 0xEA, 0xB8, 0xC1, 0xAB,
    0x77, 0xC9, 0x9F, 0xA9, 0xC9, 0x60, 0x86, 0x68, 0xDB, 0x80, 0xCC, 0x0B, 0xC8, 0xE0, 0x6F, 0x6D,
    0x3C, 0x9F, 0xF9, 0xDD, 0xC9, 0x1F, 0xDB, 0x1D, 0x96, 0xEE, 0x75, 0x87, 0x7D, 0xE6, 0xBD, 0x6E,
    0xFB, 0xDD, 0x61, 0x2A, 0x25, 0x8C, 0x86, 0xB5, 0x70, 0xAD, 0x3B, 0x00, 0x55, 0x88, 0x14, 0x01,
    0x50, 0x75, 0xE2, 0x45, 0x39, 0xDE, 0x73, 0x6C, 0xFF, 0x26, 0x24, 0x82, 0xCD, 0xEE, 0xCB, 0x4D,
    0x13, 0x3F, 0x38, 0xFD, 0xDA, 0x87, 0x4B, 0xAA, 0x05, 0x64, 0x64, 0x2B, 0xF2, 0x79, 0xE0, 0xF5,
    0x62, 0x50, 0x7C, 0xF4, 0x6A, 0x03, 0xF2, 0x3D, 0x57, 0x53, 0xB0, 0xAE, 0x0F, 0xBA, 0x9A, 0x5F,
    0x9E, 0xBF, 0x08, 0xB3, 0x61, 0xCC, 0x10, 0x32, 0x48, 0x71, 0xF0, 0xB9, 0xD3, 0xF7, 0x3E, 0x7F,
    0xB1, 0xAD, 0x89, 0xA1, 0x3A, 0xF5, 0xC4, 0x7E, 0x9D, 0xD6, 0xFF, 0x77, 0x80, 0x8D, 0x7C, 0x67,
    0x7D, 0x3B, 0xED, 0x8B, 0x73, 0x29, 0xB2, 0x53, 0xAB, 0xBD, 0x9F, 0xAF, 0x9C, 0x93, 0xDA, 0xD0,
    0xCC, 0xDE, 0x4D, 0xA5, 0x88, 0x60, 0x59, 0x45, 0x5A, 0xE2, 0xB9, 0xA1, 0x21, 0x02, 0x30, 0xFA,
    0x9B, 0x16, 0x28, 0x16, 0x8A, 0x46, 0x93, 0xFA, 0x0C, 0x4B, 0x11, 0xEB, 0xA6, 0x4C, 0xF9, 0xBD,
    0xE9, 0x46, 0xEA, 0xE9, 0xDE, 0x02, 0x03, 0x9A, 0x8D, 0xFD, 0xAD, 0x92, 0xAA, 0x10, 0x52, 0xED,
    0x6E, 0x92, 0x8A, 0xD0, 0x03, 0x6B, 0x41, 0x81, 0x54, 0x85, 0xA0, 0xDD, 0xE6, 0xD3, 0x54, 0x6D,
    0xDE, 0x9C, 0x00, 0x11, 0x98, 0x3A, 0x01, 0xB8, 0xD5, 0x5A, 0xCC, 0xFF, 0x01, 0xD5, 0x99, 0x01,
    0xA4, 0x25, 0xE7, 0xF9, 0xC6, 0x9F, 0x99, 0xD9, 0xDC, 0xF1, 0xCF, 0x48, 0x66, 0xF1, 0x47, 0xDA,
    0x66, 0x33, 0xDA, 0x06, 0x29, 0x9B, 0x0C, 0x40, 0x70, 0xF7, 0xCE, 0xB4, 0x41, 0x10, 0x9A, 0x5B,
    0x0A, 0xA0, 0x5D, 0x04, 0x04, 0x4D, 0x10, 0x2C, 0x76, 0x77, 0x26, 0x2D, 0x82, 0x22, 0x17, 0x05,
    0x40, 0xB0, 0xA8, 0x40, 0x8A, 0xE2, 0x6A, 0x77, 0xF7, 0x4C, 0xBB, 0xA5, 0x25, 0xE8, 0x48, 0x4B,
    0x10, 0x98, 0x36, 0x2D, 0x80, 0x7C, 0x65, 0x5A, 0xB3, 0x32, 0x73, 0xDE, 0x7E, 0xCF, 0x3B, 0xAF,
    0xCE, 0xB1, 0xD6, 0x2A, 0xBD, 0xF7, 0x98, 0xFD, 0x72, 0xCF, 0x6F, 0xE2, 0x9C, 0x75, 0xDE, 0x67,
    0x7E, 0xF7, 0xFD, 0xEE, 0xF7, 0x1E, 0x07, 0x40, 0xE6, 0x3C, 0x50, 0x28, 0xAB, 0x9E, 0x14, 0x32,
    0xFC, 0x6C, 0xF0, 0x8C, 0x3F, 0x1E, 0x3D, 0xD3, 0x57, 0xC9, 0x2C, 0x26, 0xAF, 0x44, 0xE4, 0x69,
    0x34, 0x79, 0xBA, 0x68, 0x0B, 0x44, 0x1D, 0x19, 0x8B, 0x08, 0x90, 0x2A, 0x73, 0x84, 0x9E, 0x57,
    0x10, 0x78, 0x0E, 0x9E, 0x65, 0xD0, 0x03, 0x52, 0xC7, 0x03, 0x42, 0x69, 0x0A, 0x29, 0x0B, 0x19,
    0x2A, 0x81, 0x27, 0x76, 0x17, 0xEE, 0x12, 0x81, 0x94, 0x2C, 0xAE, 0xC4, 0x44, 0xC4, 0xDB, 0xD7,
    0x4A, 0x54, 0x22, 0x08, 0xE4, 0x3B, 0x82, 0x78, 0x0C, 0x05, 0x69, 0xEF, 0x4B, 0xE6, 0xCE, 0x67,
    0x28, 0x5A, 0x1F, 0xA7, 0x6A, 0x7C, 0xB2, 0x4D, 0x93, 0x8C, 0x90, 0x3A, 0x1D, 0x3C, 0xB2, 0xDE,
    0xA3, 0x70, 0xD8, 0xD4, 0x1F, 0x39, 0x54, 0x9F, 0xFC, 0xB1, 0x2F, 0x73, 0x49, 0xA5, 0x49, 0x86,
    0x78, 0xC2, 0xCE, 0xCA, 0x6B, 0x8F, 0xAA, 0xF5, 0xD8, 0x10, 0x45, 0x89, 0x65, 0xC5, 0x03, 0x99,
    0x6D, 0xC9, 0x67, 0x0B, 0x12, 0x47, 0x44, 0x30, 0x90, 0x51, 0xA3, 0xAC, 0x61, 0x6B, 0x0D, 0x16,
    0x2B, 0xA6, 0x91, 0xCE, 0xE3, 0x4F, 0x8E, 0xE1, 0x88, 0xB8, 0x85, 0xE5, 0x3E, 0x24, 0x9E, 0x27,
    0xCE, 0xCB, 0xE9, 0x41, 0x49, 0x22, 0x27, 0xC2, 0x5B, 0xD7, 0x78, 0x49, 0x47, 0x35, 0x74, 0xB3,
    0x20, 0x83, 0x3E, 0xAD, 0xF9, 0x52, 0x19, 0xD4, 0x78, 0xD0, 0x1B, 0xC5, 0x2D, 0xE6, 0xA8, 0xCE,
    0xDC, 0x99, 0x3C, 0xB3, 0x67, 0xFA, 0xCC, 0x9F, 0x09, 0x34, 0x83, 0xA6, 0xD0, 0x1C, 0x9A, 0x44,
    0xB3, 0x68, 0x1A, 0xCD, 0x23, 0x66, 0x91, 0x98, 0x4D, 0x62, 0x56, 0x89, 0xC5, 0x25, 0x5F, 0x46,
    0xD4, 0x02, 0xF2, 0x3E, 0x10, 0xC9, 0x9F, 0x81, 0xF4, 0x9E, 0xA3, 0x46, 0x33, 0x7D, 0x4E, 0x0A,
    0x33, 0x70, 0xA9, 0x23, 0x44, 0xF3, 0x3D, 0xBF, 0xB5, 0x25, 0xEF, 0xE4, 0x25, 0x6F, 0x2E, 0x6E,
    0xC0, 0xB5, 0x8A, 0x96, 0xD3, 0xE6, 0x82, 0xE2, 0x50, 0x6A, 0xBE, 0x49, 0x63, 0x96, 0x6E, 0xE0,
    0xF4, 0x3C, 0x2D, 0x71, 0xE9, 0x25, 0x78, 0x9D, 0xC4, 0x73, 0x00, 0x92, 0x91, 0x25, 0xB3, 0xE9,
    0xD8, 0xF3, 0x6E, 0x41, 0x03, 0x2E, 0x69, 0x80, 0xA0, 0x0C, 0xCA, 0x95, 0x6C, 0xCF, 0xAC, 0xF1,
    0xF8, 0x7A, 0xC7, 0x82, 0xDA, 0x56, 0x25, 0x22, 0xF9, 0xDD, 0x9E, 0xDA, 0x0A, 0x4F, 0xE0, 0xA2,
    0x67, 0xD1, 0x39, 0xCF, 0x5F, 0x49, 0xEB, 0xD9, 0xE5, 0xCB, 0x0E, 0x0C, 0x6F, 0x91, 0xE9, 0x48,
    0x56, 0x95, 0x6D, 0x53, 0xDB, 0xA5, 0xAB, 0x90, 0x77, 0xCC, 0x1A, 0xD3, 0x73, 0x40, 0xBA, 0x19,
    0x81, 0x4B, 0x71, 0x0F, 0x5B, 0x52, 0x73, 0x77, 0x36, 0xFB, 0xD2, 0x68, 0xA2, 0x26, 0x32, 0x17,
    0xF2, 0x2E, 0xF7, 0x65, 0xD8, 0x27, 0x8D, 0x67, 0xBD, 0x16, 0x5D, 0xBB, 0xAB, 0xA8, 0x49, 0x69,
    0x16, 0x56, 0x04, 0x36, 0x4C, 0xCC, 0x4E, 0x48, 0x3F, 0x77, 0x40, 0x41, 0x73, 0xFF, 0xEF, 0xFF,
    0x03, 0xF6, 0x7E, 0xDC, 0x2E, 0xE7, 0x46, 0x4E, 0xE0, 0x94, 0xB8, 0xFA, 0x6D, 0x3E, 0x73, 0x2D,
    0x21, 0x8B, 0xAD, 0x07, 0x92, 0x1E, 0xB6, 0x56, 0xE1, 0x38, 0x74, 0x2C, 0x42, 0xA1, 0x97, 0x58,
    0x07, 0xEF, 0x00, 0xC9, 0xBB, 0xCE, 0xBA, 0x31, 0xD8, 0xE2, 0x7C, 0x1B, 0xF1, 0xC9, 0xDD, 0x73,
    0xA2, 0x51, 0x61, 0xDF, 0x7B, 0x50, 0x58, 0xBA, 0x2A, 0x61, 0x81, 0x56, 0x3D, 0x25, 0x2E, 0xEF,
    0x5F, 0x18, 0xC2, 0x41, 0x79, 0x89, 0xC4, 0x8B, 0xCA, 0x9E, 0x78, 0xFB, 0xC7, 0x74, 0x78, 0x3D,
    0x5D, 0x6D, 0x9F, 0xE9, 0x86, 0xF9, 0x66, 0xE3, 0x11, 0x11, 0x3C, 0xEB, 0x9E, 0x7C, 0x66, 0x71,
    0xD7, 0xEE, 0xC1, 0x5D, 0x50, 0xF2, 0xF0, 0xC8, 0x7A, 0x0A, 0x38, 0x92, 0x8E, 0xD6, 0x76, 0x0E,
    0x8F, 0xAB, 0xC1, 0xCA, 0x77, 0xEA, 0x31, 0x2B, 0x6D, 0x53, 0x20, 0xFE, 0x62, 0xF2, 0xF2, 0x42,
    0x4B, 0xB7, 0xF7, 0x16, 0x74, 0xFA, 0x0B, 0x3C, 0x4D, 0x6A, 0xAA, 0x90, 0x15, 0x8A, 0x7A, 0xF4,
    0xE7, 0xB0, 0x3B, 0x44, 0x8A, 0x43, 0x8F, 0x77, 0x7B, 0xD6, 0xD0, 0xD6, 0x2B, 0xCF, 0xD3, 0xD9,
    0xB2, 0x2A, 0x42, 0x6A, 0x85, 0xA5, 0x63, 0x21, 0x29, 0xB1, 0x51, 0xC6, 0x5B, 0x14, 0x80, 0xAF,
    0x92, 0xC1, 0xD7, 0xE5, 0x2E, 0xF1, 0x25, 0xBE, 0x02, 0xF8, 0x1A, 0xF0, 0xEC, 0x17, 0xB7, 0xB9,
    0x48, 0xAD, 0x2C, 0x39, 0x0F, 0xA9, 0xED, 0x96, 0xAC, 0x1A, 0x72, 0xA3, 0x94, 0x06, 0xC7, 0x5A,
    0xC9, 0x79, 0x96, 0x81, 0xA3, 0xC2, 0xA8, 0x43, 0x2E, 0x1F, 0x7E, 0xD4, 0x6A, 0xC1, 0x07, 0xA6,
    0xF0, 0xA4, 0x23, 0x73, 0xB7, 0x30, 0x6D, 0xC9, 0x03, 0xA9, 0x51, 0x89, 0x0B, 0xA6, 0xB4, 0x8F,
    0xFB, 0xB4, 0x4F, 0x5D, 0xDA, 0xE7, 0x6D, 0xEE, 0x8A, 0xDF, 0x48, 0x53, 0xC9, 0x16, 0x1B, 0x39,
    0x61, 0x11, 0x7D, 0xB0, 0x70, 0xD5, 0x44, 0x65, 0xD1, 0x67, 0x48, 0x65, 0x42, 0xB0, 0xE9, 0x16,
    0xAD, 0xBD, 0x0E, 0x67, 0x7A, 0x33, 0xF1, 0xF2, 0xB4, 0x75, 0x6C, 0x24, 0x0D, 0xF9, 0x3A, 0x89,
    0x54, 0xF9, 0x23, 0x02, 0x4E, 0xD9, 0x29, 0xD7, 0xE1, 0x8B, 0x81, 0x23, 0xA9, 0xE7, 0xB0, 0x1C,
    0x99, 0xB2, 0x12, 0xB8, 0x6F, 0x51, 0x4F, 0x80, 0x33, 0x71, 0x16, 0xD6, 0x17, 0x18, 0x7E, 0xB8,
    0xC4, 0xA8, 0xA2, 0xFB, 0x63, 0xD3, 0x7B, 0x7E, 0x90, 0x68, 0x6E, 0xAC, 0xC4, 0xC7, 0x81, 0x8F,
    0x99, 0x0F, 0x97, 0x51, 0xC9, 0x88, 0x7E, 0xE3, 0x70, 0x92, 0x59, 0xBC, 0x33, 0xEA, 0x9B, 0x0F,
    0x88, 0xA8, 0xF3, 0x78, 0x33, 0x2D, 0xB9, 0x89, 0x7F, 0x06, 0x20, 0xF9, 0x94, 0x45, 0x8E, 0xF4,
    0x2C, 0x7E, 0x03, 0x6F, 0xAC, 0xC3, 0xC4, 0xCE, 0x2C, 0x25, 0x3F, 0x80, 0x7D, 0xD8, 0x7E, 0xAF,
    0x03, 0x6E, 0x04, 0x5A, 0x6D, 0xD7, 0x0A, 0xB5, 0x80, 0x5E, 0x40, 0x31, 0xA0, 0x19, 0x50, 0x0D,
    0xE8, 0x06, 0x94, 0xA3, 0x76, 0x54, 0x0D, 0x61, 0x39, 0x68, 0x08, 0x54, 0xA4, 0x8E, 0x4C, 0x52,
    0x44, 0xD8, 0x5C, 0x82, 0x6B, 0x52, 0x32, 0x83, 0xE6, 0xC9, 0x7E, 0xC2, 0xE7, 0x6E, 0x60, 0x58,
    0x51, 0xBF, 0x44, 0x9D, 0x45, 0x7D, 0x87, 0xD5, 0xA5, 0xF1, 0x21, 0x3B, 0xDC, 0x41, 0x7F, 0x96,
    0x3D, 0x93, 0xD7, 0xE4, 0x37, 0x5A, 0x52, 0xCF, 0x2A, 0xF9, 0x6E, 0x09, 0x44, 0xF2, 0x07, 0x00,
    0xE9, 0xEF, 0x3B, 0xCF, 0x9B, 0x01, 0x0B, 0x5E, 0xC4, 0xC5, 0x55, 0x38, 0xB1, 0xC8, 0x4C, 0xCC,
    0xC0, 0xCC, 0x0B, 0x7E, 0xA8, 0xDE, 0x4F, 0xFB, 0x20, 0x38, 0xBE, 0xE0, 0x99, 0x4C, 0x97, 0x60,
    0x9F, 0x4B, 0xF1, 0x6C, 0xEC, 0x96, 0x7A, 0x6F, 0x12, 0xA1, 0xBE, 0x49, 0xF2, 0x19, 0x13, 0x16,
    0xE1, 0xAA, 0xB6, 0x1D, 0xE3, 0x27, 0xD3, 0x8B, 0xC8, 0x7C, 0xF4, 0xCB, 0x16, 0x1C, 0x52, 0xF2,
    0x3C, 0xA1, 0x3F, 0xEA, 0x3B, 0xC3, 0xE6, 0xFA, 0x6A, 0x4D, 0x6E, 0x5A, 0x75, 0xE2, 0xE8, 0xE4,
    0xAF, 0x3D, 0x78, 0x00, 0xDC, 0xF6, 0x7C, 0x01, 0xCF, 0xC0, 0xD6, 0xFA, 0x0F, 0x75, 0x48, 0x3D,
    0x3B, 0xFA, 0xB4, 0xC3, 0x91, 0x77, 0xF4, 0x7D, 0x5C, 0xC4, 0xB9, 0x1F, 0xF6, 0x55, 0x8D, 0x40,
    0x3A, 0x04, 0xF7, 0x1C, 0x18, 0x1A, 0x59, 0x0D, 0x4E, 0x62, 0x78, 0x19, 0x66, 0x6D, 0xC0, 0xC6,
    0x3F, 0x62, 0x29, 0xE9, 0x8B, 0xB6, 0x90, 0xD8, 0x9B, 0xD0, 0x53, 0xD6, 0xCF, 0xF7, 0x50, 0xF0,
    0xD1, 0xA9, 0x1D, 0x75, 0xC3, 0x20, 0x1A, 0xAA, 0x44, 0xA0, 0xBF, 0xFA, 0xD2, 0xDE, 0xAA, 0x87,
    0x8A, 0xAB, 0x03, 0x69, 0x83, 0x7B, 0x1D, 0x4B, 0x26, 0x0D, 0xAE, 0x00, 0xD7, 0xB8, 0xFB, 0xE7,
    0x41, 0xBF, 0xDA, 0x22, 0x9E, 0x58, 0xC9, 0xFF, 0x24, 0x03, 0xCB, 0xF8, 0x9F, 0xCC, 0xB1, 0x4E,
    0xD1, 0xB1, 0x02, 0x7F, 0xFE, 0x55, 0xE6, 0x52, 0x26, 0xC3, 0xB9, 0x25, 0x7C, 0xA8, 0xB1, 0xBC,
    0x41, 0xD5, 0xA1, 0x6A, 0x91, 0xD7, 0xD0, 0x95, 0x4A, 0x9D, 0x49, 0xCD, 0xD9, 0x57, 0xE0, 0x7F,
    0xC2, 0x2D, 0x23, 0x44, 0x0C, 0xCF, 0x0C, 0xA9, 0x85, 0x47, 0x3A, 0x9D, 0x24, 0xD2, 0xFA, 0x57,
    0xE7, 0x95, 0xD7, 0xAC, 0x2E, 0x0D, 0x8A, 0x12, 0xC0, 0xD7, 0xB6, 0x7A, 0x8A, 0x0A, 0x8B, 0xE9,
    0x70, 0x5A, 0xB4, 0x81, 0x68, 0x2E, 0xA9, 0xA3, 0x2D, 0x83, 0xC6, 0x23, 0x23, 0xA7, 0x64, 0x9B,
    0xF5, 0x64, 0xEE, 0xF8, 0x7C, 0x61, 0x04, 0x27, 0xDD, 0xCE, 0xB3, 0xF4, 0x0C, 0x05, 0x9E, 0xD1,
    0x16, 0x85, 0x63, 0x86, 0xDC, 0x21, 0x75, 0x4C, 0x52, 0xB4, 0x88, 0xB7, 0xBC, 0x53, 0x88, 0x0C,
    0x2C, 0x2B, 0xE5, 0x72, 0xA3, 0x8E, 0xCC, 0x06, 0x65, 0xBF, 0xF4, 0x68, 0xAC, 0x52, 0x5C, 0xB8,
    0x4D, 0xC6, 0x64, 0x88, 0xA6, 0xCC, 0xFF, 0x5F, 0xD1, 0x85, 0x52, 0xB4, 0xA1, 0x6C, 0x9A, 0x68,
    0xCB, 0x87, 0xD4, 0xF1, 0x28, 0x75, 0x32, 0x6E, 0xEA, 0xB4, 0xAF, 0x9A, 0xBC, 0x2B, 0xBA, 0x4D,
    0xAD, 0x9D, 0x27, 0x3B, 0x43, 0xD1, 0x04, 0x44, 0x32, 0x3F, 0x82, 0x11, 0xCB, 0xDA, 0xEC, 0x8C,
    0x99, 0xEF, 0xB5, 0x5A, 0x71, 0x67, 0xD8, 0xBC, 0x49, 0xE0, 0x97, 0xCA, 0x5F, 0xC0, 0xD6, 0x1A,
    0x7C, 0xE9, 0x9E, 0x69, 0xC1, 0xFE, 0x65, 0x03, 0xB3, 0x83, 0x71, 0x64, 0x7B, 0xE6, 0x79, 0xE0,
    0x8C, 0xCC, 0x85, 0x8E, 0x8C, 0x5B, 0x0F, 0x79, 0x1D, 0x36, 0xBE, 0x20, 0xBB, 0xB7, 0x3B, 0x42,
    0xAC, 0xC7, 0xCA, 0x80, 0xD9, 0xC5, 0xE6, 0x63, 0xEE, 0xA7, 0xBF, 0xF1, 0xCF, 0xB0, 0x03, 0x72,
    0xDC, 0xC6, 0xB2, 0xD4, 0x0A, 0xB5, 0x80, 0x5E, 0x40, 0x31, 0xA0, 0x19, 0x50, 0x0D, 0xE8, 0x06,
    0x14, 0x33, 0x83, 0x7A, 0x40, 0x3F, 0xA0, 0x20, 0xD0, 0x10, 0xA8, 0x08, 0x74, 0x44, 0x49, 0x8F,
    0x1E, 0xB4, 0xD6, 0x67, 0x49, 0x63, 0x9E, 0x02, 0xB8, 0xBC, 0x69, 0x70, 0x20, 0x1D, 0x92, 0x4F,
    0x7A, 0x1C, 0xE1, 0x3A, 0x80, 0x33, 0xEB, 0x99, 0xDD, 0x41, 0x2B, 0x9C, 0x3B, 0xC7, 0x06, 0x2D,
    0x1B, 0xD1, 0x51, 0x2C, 0x23, 0xFA, 0x0A, 0x9C, 0xD8, 0xD9, 0x87, 0x0B, 0x0C, 0x15, 0xFC, 0xA7,
    0x7D, 0xFE, 0x0E, 0x2F, 0xE7, 0xFC, 0xDB, 0x07, 0x38, 0x26, 0x92, 0xE9, 0xB9, 0x87, 0x0F, 0x5A,
    0x9A, 0x30, 0x5A, 0x6B, 0x43, 0x31, 0x7E, 0x00, 0x44, 0xDB, 0x14, 0x48, 0x3E, 0xDA, 0x02, 0x4F,
    0x87, 0x96, 0x4E, 0x0F, 0x37, 0x1E, 0xEB, 0x7B, 0xD9, 0x85, 0xCB, 0x44, 0xDA, 0x50, 0xA6, 0x3E,
    0x95, 0x53, 0x97, 0x7D, 0x8A, 0x58, 0xD6, 0xAA, 0xCF, 0x3A, 0x3A, 0x0B, 0xA5, 0x53, 0x63, 0x79,
    0x79, 0x5B, 0xBF, 0xB3, 0x38, 0xDF, 0x33, 0x30, 0xFC, 0x39, 0x89, 0x64, 0x20, 0x91, 0xB7, 0x24,
    0x2A, 0x65, 0xF0, 0xA0, 0xB8, 0xB8, 0x53, 0x79, 0xA9, 0x53, 0x7B, 0x89, 0x53, 0x7D, 0x91, 0x53,
    0x7F, 0x51, 0xAB, 0x02, 0xDF, 0x2F, 0xD5, 0xE0, 0x80, 0x58, 0xE5, 0x61, 0x76, 0x88, 0x59, 0x22,
    0x66, 0x8B, 0x28, 0x96, 0x8B, 0x34, 0x98, 0x45, 0x62, 0x36, 0x69, 0x2A, 0xCD, 0xA5, 0xC9, 0x34,
    0x9B, 0xA6, 0xD3, 0x7C, 0x52, 0x68, 0x0D, 0x2E, 0x7D, 0x52, 0xC7, 0x2E, 0x20, 0x99, 0xC5, 0xD6,
    0xE4, 0x0D, 0x93, 0xB7, 0x51, 0x8A, 0x5A, 0xDC, 0x80, 0x1E, 0x8F, 0x40, 0x93, 0x87, 0x6C, 0xBB,
    0xAD, 0x63, 0xDF, 0x69, 0x7D, 0x2D, 0xDF, 0x92, 0xF4, 0xA9, 0x9C, 0x00, 0x7A, 0x25, 0x19, 0x87,
    0x6E, 0x01, 0xDA, 0x05, 0xE8, 0x17, 0xA0, 0xE1, 0x9D, 0x16, 0x2C, 0x49, 0x14, 0x0D, 0x89, 0xB4,
    0x23, 0xE1, 0x05, 0xE9, 0x3A, 0x7D, 0x2C, 0x6C, 0x16, 0x1D, 0x99, 0x3A, 0x32, 0xEA, 0x49, 0x8C,
    0xCA, 0x2B, 0x7B, 0xB7, 0xB9, 0x0C, 0x68, 0xCB, 0x84, 0x66, 0x23, 0x9A, 0x8D, 0x24, 0x9C, 0x7A,
    0x48, 0x54, 0x8B, 0xE2, 0x65, 0x4E, 0xBB, 0xB8, 0x52, 0xC5, 0xCB, 0x00, 0x67, 0xF7, 0xAA, 0x43,
    0x9C, 0x4E, 0x12, 0xCB, 0x2D, 0x1D, 0x11, 0x78, 0x59, 0xA5, 0x3F, 0x0F, 0x79, 0xA4, 0xF4, 0xEE,
    0x0C, 0xA5, 0x1F, 0x94, 0x17, 0x78, 0xC9, 0xFB, 0x43, 0x55, 0x3F, 0x07, 0xFF, 0xA7, 0x38, 0x5E,
    0x4E, 0xB2, 0xE6, 0x71, 0x68, 0xE1, 0xE0, 0xE4, 0x09, 0xC0, 0x17, 0x4A, 0x3D, 0x73, 0xBD, 0xB9,
    0xC3, 0x8A, 0xAF, 0x5F, 0x4D, 0xBA, 0xFD, 0xB7, 0xF0, 0xBA, 0x7B, 0xD0, 0x0E, 0xEB, 0x64, 0x9A,
    0x2F, 0x23, 0x96, 0x6D, 0xCF, 0xB5, 0x77, 0x5D, 0xCB, 0xAA, 0x4A, 0x52, 0x1A, 0x65, 0x4D, 0xDE,
    0x25, 0x72, 0x99, 0x12, 0x71, 0x85, 0x8C, 0x9E, 0xA1, 0xD4, 0xFE, 0x49, 0xD6, 0xBB, 0x8E, 0xC8,
    0xF3, 0x54, 0x25, 0xF4, 0x60, 0x55, 0xA7, 0x2E, 0xD5, 0x47, 0xD0, 0x51, 0x45, 0xE8, 0xE9, 0x5F,
    0xF2, 0x56, 0x1D, 0xA2, 0x86, 0x8E, 0xE2, 0x46, 0x85, 0xD5, 0xB4, 0x97, 0x96, 0x74, 0x95, 0x82,
    0xCC, 0x55, 0xE4, 0x15, 0x1E, 0xCF, 0xD4, 0x93, 0x88, 0x86, 0xDB, 0xDC, 0xC7, 0x03, 0xAB, 0x58,
    0x12, 0x1A, 0x6F, 0x12, 0x85, 0xA0, 0x6A, 0x2A, 0x4E, 0x2E, 0xF1, 0x64, 0x93, 0x4B, 0x49, 0x78,
    0x59, 0x81, 0xF8, 0x24, 0xF6, 0xAD, 0x91, 0xCF, 0xE1, 0x5F, 0xCF, 0x1D, 0x27, 0x86, 0x2E, 0x1D,
    0x7D, 0x88, 0x82, 0xF8, 0xF5, 0x80, 0xE2, 0xCB, 0x8F, 0xA7, 0xAB, 0xB9, 0xC4, 0xD2, 0x25, 0x43,
    0xB8, 0x7C, 0x03, 0x65, 0x53, 0x2A, 0xB3, 0x19, 0xB2, 0x7A, 0x79, 0x29, 0x1A, 0xC8, 0x54, 0xC8,
    0xA7, 0x72, 0x12, 0xA4, 0x65, 0x0A, 0xFB, 0xE5, 0x9B, 0xF4, 0xB0, 0x26, 0x57, 0xE3, 0x32, 0xE7,
    0x13, 0xE2, 0x3C, 0xFE, 0xC2, 0x90, 0x81, 0xB3, 0x2D, 0x83, 0xBC, 0xF4, 0x78, 0x71, 0xE9, 0xC2,
    0x73, 0x31, 0x7B, 0x70, 0xCB, 0xBE, 0x97, 0xDC, 0x3D, 0xB7, 0x27, 0x65, 0xD4, 0x91, 0xBB, 0xF6,
    0x6B, 0x0A, 0x9B, 0xF2, 0x86, 0xC6, 0xC6, 0xBC, 0xA1, 0xB2, 0xDB, 0x69, 0xA3, 0xCE, 0xD2, 0x5A,
    0xA5, 0xBD, 0xA4, 0xD6, 0x64, 0xD6, 0x76, 0x1F, 0xE6, 0xCD, 0xC4, 0x99, 0x39, 0x53, 0x67, 0xEE,
    0x4C, 0x9E, 0xD9, 0x33, 0x7D, 0xB3, 0x3F, 0x13, 0x68, 0x06, 0x4D, 0xA1, 0x39, 0x5C, 0x24, 0xDA,
    0xEE, 0x88, 0x76, 0xBE, 0x9A, 0xCE, 0xEC, 0x00, 0xC1, 0x31, 0xAF, 0xE1, 0x48, 0x46, 0x23, 0xED,
    0xFD, 0x76, 0x54, 0x7D, 0x83, 0xFA, 0x73, 0x74, 0xF7, 0x4A, 0x4B, 0x6E, 0x55, 0x61, 0x39, 0x3B,
    0x9C, 0x25, 0xCE, 0x16, 0x67, 0x8D, 0xB3, 0xC7, 0x59, 0xE4, 0x6C, 0x72, 0x56, 0x09, 0x75, 0x09,
    0x93, 0x89, 0x0F, 0xED, 0xB8, 0xAE, 0x49, 0xE4, 0x0D, 0x76, 0xE6, 0xDA, 0xC0, 0xAD, 0xDF, 0xE6,
    0xA3, 0xA7, 0x9F, 0x7D, 0xDB, 0x5C, 0x36, 0xF6, 0xB2, 0xB3, 0xF1, 0x74, 0x4E, 0x02, 0x76, 0x29,
    0x08, 0x9B, 0xE4, 0xA9, 0x41, 0x2F, 0xCD, 0xBA, 0x15, 0x2F, 0xFB, 0xDE, 0x36, 0x3E, 0x77, 0xFE,
    0xD2, 0x22, 0xDC, 0xFB, 0xB6, 0xF9, 0xB9, 0xFB, 0x6F, 0x71, 0xFB, 0x47, 0x8F, 0x94, 0xFE, 0x6A,
    0x43, 0x4E, 0x2A, 0x1D, 0xFF, 0xA3, 0x74, 0x9B, 0x7E, 0x8A, 0xDD, 0xE9, 0x07, 0xFF, 0xD0, 0x94,
    0xC1, 0x49, 0x5E, 0x3F, 0x0E, 0x2D, 0x8C, 0x5B, 0x01, 0x35, 0x6E, 0xE3, 0x92, 0x5D, 0x23, 0x00,
    0x5E, 0xCA, 0x27, 0xCF, 0x17, 0xC2, 0x7E, 0xFF, 0x2D, 0xBC, 0x56, 0x47, 0x0F, 0xF9, 0x2A, 0x04,
    0x59, 0xBF, 0x7B, 0x59, 0xBE, 0x4E, 0xDF, 0xBB, 0xB5, 0xDD, 0x64, 0x4B, 0xA2, 0xE5, 0x4B, 0x1A,
    0x3B, 0xB6, 0x6C, 0x5B, 0x04, 0x13, 0x89, 0x4A, 0x99, 0x95, 0x64, 0x48, 0xDA, 0x91, 0xD9, 0xE7,
    0xD2, 0x54, 0x3C, 0xE5, 0x9B, 0x74, 0xCB, 0x9B, 0x88, 0x3D, 0xBD, 0x44, 0xA1, 0xC7, 0x50, 0x28,
    0xCE, 0x27, 0x7E, 0x49, 0x8F, 0x91, 0xEB, 0x14, 0xD4, 0xB0, 0x4C, 0x75, 0x8F, 0x65, 0x8A, 0x4F,
    0x6B, 0xF2, 0x0B, 0x7D, 0xE3, 0x91, 0x4C, 0x87, 0xE5, 0xB4, 0xCC, 0x95, 0xC5, 0xCC, 0x8E, 0xDC,
    0x90, 0xB9, 0x88, 0x71, 0xF9, 0xA7, 0xF1, 0xB0, 0xF3, 0x67, 0xEA, 0x48, 0xF9, 0xC4, 0x32, 0x46,
    0x8D, 0xDC, 0xED, 0xC5, 0x84, 0xAA, 0x61, 0x38, 0x4F, 0xC6, 0x6A, 0x10, 0x28, 0x21, 0x65, 0x5A,
    0x33, 0x5C, 0xAA, 0xE1, 0x18, 0xB4, 0x6A, 0x0E, 0xF5, 0xD7, 0x7C, 0x4A, 0x76, 0x8E, 0xD5, 0x3E,
    0x67, 0xDC, 0xF4, 0xCB, 0x9A, 0x14, 0x15, 0x37, 0x2D, 0x75, 0xA3, 0x59, 0x5C, 0x43, 0x16, 0xA5,
    0x19, 0x33, 0xAB, 0x1B, 0xE1, 0xD3, 0xD5, 0xB0, 0x02, 0x57, 0xBB, 0xEB, 0x2E, 0x11, 0x0A, 0x19,
    0x91, 0x8C, 0x7C, 0x46, 0xAE, 0xB2, 0xFF, 0xDE, 0xD5, 0x6B, 0x1D, 0x0B, 0xE7, 0x8E, 0xAE, 0x0A,
    0x47, 0x57, 0x59, 0x8B, 0xB7, 0x06, 0xD8, 0x5A, 0x06, 0x8E, 0x7C, 0x24, 0x5F, 0xB8, 0x41, 0xE2,
    0xFA, 0x32, 0x70, 0xC6, 0x35, 0x99, 0x10, 0x58, 0x85, 0xE1, 0xBC, 0x23, 0xAB, 0x9E, 0x7C, 0x7B,
    0x20, 0xD1, 0x2F, 0x87, 0x4E, 0x4A, 0xE0, 0xA9, 0xF5, 0x75, 0x26, 0xF0, 0x2D, 0x94, 0x40, 0x20,
    0xEF, 0x76, 0x6C, 0x08, 0xBE, 0x92, 0xFC, 0x54, 0x4A, 0xE0, 0x49, 0xDC, 0x01, 0xD7, 0x7A, 0x0C,
    0xBF, 0xC1, 0xA0, 0xA1, 0xBC, 0xD2, 0x00, 0xB1, 0x48, 0x0D, 0xA4, 0x3F, 0xE4, 0x2B, 0xFF, 0x67,
    0x9B, 0x7F, 0x7D, 0x6E, 0xFF, 0x0D, 0xB5, 0x97, 0x05, 0x8C, 0xE4, 0xC8, 0xF5, 0xC6, 0x7F, 0x76,
    0xDD, 0xAE, 0xF5, 0x5F, 0xEB, 0x54, 0xFF, 0x30, 0xAF, 0x05, 0x61, 0xD8, 0x0A, 0xE3, 0xF4, 0x94,
    0xC3, 0x9C, 0xAC, 0x98, 0xC2, 0xCC, 0xCC, 0xD9, 0x1B, 0x3B, 0x2C, 0x3C, 0x10, 0x4B, 0xA1, 0x8D,
    0x38, 0xCC, 0x3C, 0x33, 0xAE, 0xD9, 0x0B, 0xA3, 0xC3, 0xE2, 0x73, 0x98, 0x93, 0x52, 0xE2, 0x48,
    0xDE, 0x9C, 0xDB, 0x2F, 0x55, 0x4E, 0x5F, 0x5F, 0x1F, 0x6C, 0x76, 0x72, 0x52, 0xAA, 0xFC, 0x7D,
    0x2E, 0x78, 0x50, 0xDF, 0x4C, 0xF7, 0x6B, 0xFB, 0xE4, 0xE9, 0xEB, 0x6D, 0x70, 0xDF, 0xDB, 0xDE,
    0xEE, 0x35, 0x59, 0x9B, 0xB5, 0x45, 0x7F, 0xFF, 0xF7, 0xA4, 0xF5, 0xF9, 0x3B, 0x24, 0x8E, 0x57,
    0x34, 0xE3, 0xE9, 0xD7, 0x7C, 0xA0, 0x3D, 0x5D, 0x9E, 0xE6, 0x7C, 0xFD, 0x24, 0xA0, 0xCA, 0x0B,
    0xB1, 0xD3, 0xED, 0x8E, 0x65, 0x8F, 0x4B, 0x8E, 0x71, 0xFE, 0x7E, 0xC4, 0x4A, 0x59, 0x09, 0x8D,
    0xB0, 0x1E, 0x00, 0x60, 0x45, 0x64, 0xA6, 0xF5, 0x2C, 0x60, 0x82, 0xF5, 0x6E, 0x6C, 0xFD, 0x55,
    0xF7, 0x73, 0xAD, 0xBF, 0x41, 0xB9, 0xFF, 0xC5, 0xB5, 0x4A, 0x35, 0x04, 0xF4, 0x00, 0x8D, 0x88,
    0x17, 0x91, 0x8E, 0x17, 0xA8, 0x5E, 0x97, 0xDB, 0xEC, 0xD0, 0x94, 0x8D, 0xAB, 0x9C, 0x29, 0x95,
    0xCF, 0x87, 0x7C, 0x54, 0x63, 0x32, 0x24, 0x5E, 0xB5, 0xB6, 0x7C, 0x0E, 0xAA, 0xCB, 0x07, 0xBD,
    0x5A, 0xC9, 0xE6, 0x95, 0xBC, 0x35, 0xDE, 0xFA, 0xCA, 0xED, 0xB0, 0xC5, 0x09, 0xB4, 0x4B, 0x1C,
    0x2F, 0x48, 0x6B, 0xD5, 0x9B, 0x52, 0x97, 0x3D, 0xDB, 0xAA, 0x63, 0x27, 0xEB, 0x68, 0x1E, 0xDF,
    0xD3, 0x7C, 0x7B, 0xA4, 0xFA, 0xFA, 0x88, 0x79, 0x58, 0x8F, 0xF2, 0x96, 0x7C, 0x68, 0x5C, 0x3E,
    0x36, 0x4E, 0x8D, 0xD6, 0x25, 0x83, 0xAE, 0x13, 0xAF, 0x51, 0xED, 0x02, 0xFB, 0xF0, 0x9E, 0xE7,
    0x1C, 0x2D, 0x49, 0xBD, 0x21, 0x1F, 0x2B, 0x17, 0x11, 0x6D, 0x18, 0xB5, 0x23, 0x9C, 0x50, 0x75,
    0xDB, 0xB3, 0xCD, 0xED, 0xD3, 0x92, 0xDC, 0x55, 0xD8, 0x4E, 0xCA, 0xEA, 0x17, 0x42, 0xF3, 0xB6,
    0x25, 0x7B, 0xCA, 0x73, 0x2A, 0x6D, 0x59, 0x24, 0x9E, 0xA2, 0xDE, 0x23, 0xAD, 0x6F, 0x05, 0xB9,
    0x0F, 0x68, 0x03, 0x1C, 0xE8, 0x3A, 0xA0, 0xE4, 0xFF, 0x35, 0xA5, 0xFD, 0xAB, 0xB8, 0x4A, 0xA4,
    0xFE, 0xD2, 0x4B, 0x5F, 0x5C, 0xB2, 0x00, 0xF6, 0x21, 0x91, 0x80, 0x65, 0xC0, 0x18, 0x30, 0x40,
    0xDA, 0x07, 0xF8, 0x80, 0x0E, 0x54, 0x1B, 0xE0, 0x56, 0xA8, 0x21, 0x03, 0x72, 0x40, 0x03, 0x47,
    0x00, 0x30, 0x2E, 0x52, 0x19, 0x09, 0xE0, 0x1E, 0xC0, 0xB4, 0xF7, 0x71, 0x10, 0x11, 0x98, 0xF6,
    0x27, 0xE0, 0x0B, 0xCC, 0xC1, 0x41, 0x45, 0x4A, 0x7A, 0x80, 0x0E, 0xC0, 0x01, 0x49, 0x24, 0x15,
    0x49, 0x77, 0x91, 0xDA, 0x48, 0x0E, 0xEE, 0xA2, 0x1F, 0x55, 0x63, 0x45, 0x5C, 0xA4, 0x9A, 0xDB,
    0xDF, 0xEE, 0x48, 0x09, 0xDB, 0xB0, 0xA2, 0x7D, 0x80, 0x17, 0x02, 0xD9, 0x80, 0x11, 0x2A, 0xA9,
    0x1B, 0x71, 0xF1, 0x8A, 0x83, 0xD2, 0x4E, 0xE4, 0x03, 0xC0, 0xA5, 0xB0, 0x04, 0x69, 0x91, 0x25,
    0x22, 0x4E, 0x26, 0xA4, 0x63, 0x5A, 0xA5, 0xA7, 0xA8, 0xAB, 0x36, 0x74, 0x67, 0xCA, 0xA2, 0x8E,
    0x63, 0xDB, 0xCD, 0x70, 0xB6, 0x8D, 0x2B, 0x86, 0xDC, 0x29, 0x5F, 0xB9, 0xA2, 0x8B, 0xFF, 0x35,
    0xE3, 0xF5, 0xD0, 0xD4, 0xA6, 0xCB, 0x7B, 0x83, 0xAE, 0x55, 0x67, 0xCA, 0xC6, 0x85, 0x74, 0xCE,
    0x12, 0xBE, 0x6D, 0x1C, 0xAE, 0x9F, 0xC4, 0x4E, 0x1C, 0x3B, 0x64, 0x3F, 0x52, 0x2D, 0xAF, 0xEE,
    0x87, 0xF9, 0xEE, 0x57, 0xCB, 0x57, 0x30, 0x77, 0x0E, 0x67, 0x4F, 0xB0, 0xE3, 0x42, 0xE6, 0x7E,
    0x58, 0x0F, 0x9A, 0x96, 0x13, 0x00, 0x4A, 0x3C, 0xA7, 0x00, 0xF4, 0xCF, 0x07, 0x3C, 0x80, 0xA9,
    0xC7, 0xB4, 0x05, 0xB0, 0x8C, 0x99, 0x03, 0xA8, 0x18, 0x35, 0x00, 0xFB, 0xC9, 0xB8, 0x00, 0x60,
    0x99, 0x0E, 0x6F, 0x60, 0x1E, 0x28, 0xEF, 0xAB, 0x96, 0xA6, 0x5E, 0x66, 0xBF, 0xFC, 0xD1, 0x95,
    0xBD, 0xBA, 0xD2, 0xEF, 0x17, 0xDF, 0xBE, 0xC4, 0x8D, 0xDA, 0x0D, 0x56, 0x74, 0x51, 0x8F, 0xA6,
    0x1C, 0xF3, 0x61, 0x61, 0x19, 0xC3, 0x05, 0x5F, 0xA8, 0x18, 0x77, 0x18, 0x49, 0xFC, 0x3E, 0xE3,
    0x5E, 0x32, 0xA0, 0xDA, 0xBD, 0x74, 0x58, 0xA6, 0x3D, 0x79, 0xBD, 0x54, 0xFD, 0xA8, 0x3C, 0x05,
    0x7B, 0x99, 0x5F, 0xE6, 0x1D, 0x5B, 0x34, 0x85, 0xDB, 0x2F, 0x1C, 0x5F, 0xC0, 0x4A, 0x69, 0x85,
    0xC4, 0x93, 0x0F, 0xF1, 0x5A, 0x1F, 0x7E, 0xF3, 0xFC, 0x9B, 0x12, 0x36, 0x55, 0x6C, 0x0A, 0xD9,
    0xD4, 0xB2, 0x29, 0x67, 0x53, 0xD1, 0xA6, 0xA8, 0x4D, 0x5D, 0xD9, 0x86, 0x34, 0x7D, 0x70, 0xB5,
    0x3A, 0xBB, 0x21, 0xB0, 0xDA, 0xD0, 0xB8, 0x9F, 0x0C, 0x6B, 0x99, 0x21, 0xF8, 0x5A, 0xE9, 0xA8,
    0xAE, 0x16, 0xBB, 0xA9, 0x77, 0xCC, 0xDB, 0xB5, 0xE4, 0xC9, 0xAC, 0x55, 0x53, 0x6D, 0x08, 0x2F,
    0x82, 0xEB, 0xA8, 0x7B, 0xDD, 0x69, 0x57, 0xD4, 0x86, 0x05, 0x5B, 0x61, 0x6E, 0x5B, 0xDD, 0x5B,
    0xA7, 0xBB, 0xAA, 0xD4, 0xAE, 0xA1, 0xA8, 0x97, 0x18, 0x86, 0xB9, 0x88, 0x6C, 0x25, 0x5D, 0xDC,
    0xFF, 0x81, 0x10, 0x2C, 0x0E, 0x26, 0x82, 0xCD, 0xC3, 0x46, 0x82, 0x95, 0xEA, 0xA3, 0x9D, 0xF2,
    0xD1, 0x32, 0x6B, 0xA3, 0x6D, 0xEE, 0xA2, 0xB5, 0x86, 0xCA, 0x59, 0x67, 0x9C, 0x0E, 0x3D, 0x6B,
    0x55, 0x9B, 0xB6, 0xD5, 0x99, 0x89, 0xE8, 0x6B, 0x9C, 0x44, 0xCF, 0x00, 0x4B, 0xD6, 0x5A, 0x54,
    0x5B, 0x90, 0xB6, 0x9A, 0xB0, 0x3F, 0x07, 0xCF, 0xFB, 0x60, 0x91, 0xF5, 0x73, 0xF0, 0x60, 0x93,
    0x0E, 0xD1, 0x68, 0x88, 0x56, 0x43, 0x34, 0x7B, 0x03, 0x77, 0x81, 0x06, 0xA4, 0x4E, 0xC5, 0xA9,
    0x5F, 0x76, 0xF9, 0x19, 0xAF, 0xEB, 0xC1, 0xB0, 0xBB, 0xCD, 0x36, 0x47, 0xC1, 0xC0, 0x2E, 0xAA,
    0x47, 0x77, 0x58, 0x87, 0xAD, 0x31, 0x0E, 0xED, 0xC8, 0x5A, 0x54, 0x07, 0x9E, 0xA4, 0x26, 0x0D,
    0xDC, 0xC3, 0x08, 0xFB, 0x50, 0x95, 0xF1, 0x12, 0xD4, 0x40, 0xDE, 0x51, 0xCC, 0x35, 0xF0, 0x02,
    0x4C, 0x9D, 0x70, 0x82, 0xCA, 0xE5, 0x65, 0x51, 0x56, 0xCE, 0x04, 0x77, 0x13, 0xEB, 0x68, 0x3F,
    0x3B, 0xEE, 0x86, 0x29, 0x18, 0x8A, 0x1A, 0xB4, 0xDB, 0x01, 0x94, 0x1F, 0xC0, 0xD4, 0xE2, 0x4D,
    0x69, 0x5B, 0xEB, 0x62, 0xBD, 0xA8, 0x02, 0x9B, 0xB7, 0x5C, 0x19, 0x56, 0xC8, 0xBA, 0x11, 0x82,
    0xB5, 0x05, 0x76, 0xD0, 0x8E, 0x64, 0x40, 0xF9, 0xB0, 0x6C, 0xEA, 0x31, 0x2C, 0x07, 0xEB, 0x39,
    0x97, 0x2E, 0xE7, 0xBC, 0x20, 0x67, 0x04, 0xE4, 0x6D, 0x91, 0x1E, 0x3E, 0x91, 0x88, 0x1A, 0x49,
    0xA6, 0x6C, 0x24, 0x5D, 0x66, 0x3D, 0xE9, 0x98, 0x7B, 0xD4, 0x10, 0xC9, 0xEB, 0x36, 0x92, 0x43,
    0x75, 0xBA, 0x26, 0x0B, 0x01, 0x02, 0x15, 0x90, 0x97, 0xC7, 0xD9, 0x68, 0xA6, 0x8C, 0x32, 0x0F,
    0xA4, 0xA4, 0x39, 0x13, 0xE9, 0x40, 0xC0, 0xB2, 0x07, 0x47, 0x65, 0x20, 0x96, 0x7E, 0xA9, 0xAB,
    0x6E, 0xC2, 0xF8, 0x8B, 0x9A, 0x4B, 0x3C, 0x8D, 0x0E, 0x28, 0x3C, 0x7B, 0xB6, 0x65, 0xB7, 0x29,
    0x91, 0xB9, 0x5A, 0xC2, 0x08, 0xF4, 0x80, 0x67, 0xDD, 0x94, 0x07, 0x3D, 0xAE, 0x30, 0x40, 0xD6,
    0xAD, 0x7F, 0xC1, 0xC7, 0x80, 0xE1, 0xF6, 0x00, 0xB7, 0x5F, 0x00, 0x78, 0x5D, 0x42, 0xEE, 0xB2,
    0xB3, 0x1C, 0x99, 0x40, 0x44, 0x3A, 0xC8, 0xE5, 0x2C, 0xEB, 0x96, 0x7C, 0x5C, 0x7E, 0x05, 0x98,
    0xB0, 0xD5, 0x92, 0x4C, 0x25, 0xB7, 0xE9, 0xC9, 0x2F, 0x05, 0xF6, 0x98, 0x03, 0x14, 0x80, 0x72,
    0x90, 0xD5, 0xA0, 0x81, 0xA8, 0x70, 0x0B, 0x78, 0x03, 0xE0, 0x21, 0xE9, 0x36, 0xB6, 0x03, 0x0A,
    0x07, 0x8B, 0x2E, 0x6C, 0x7B, 0xF0, 0x6F, 0x08, 0xDB, 0x5B, 0x28, 0x77, 0x3C, 0x6C, 0x6B, 0x74,
    0xE0, 0xE3, 0x61, 0xB6, 0x35, 0x3B, 0x71, 0x33, 0x00, 0xFE, 0xDF, 0x94, 0x00, 0x5B, 0x06, 0x00,
    0x39, 0x71, 0x04, 0xC0, 0xFC, 0xA9, 0x02, 0x48, 0x45, 0x80, 0x44, 0xE4, 0x43, 0x40, 0x32, 0x55,
    0x1D, 0x40, 0xF7, 0xA9, 0x25, 0x00, 0x7E, 0x77, 0x36, 0xF1, 0x51, 0x6B, 0x76, 0x99, 0x67, 0x9B,
    0x63, 0x59, 0xCB, 0x3D, 0x2D, 0xC5, 0xBB, 0x1C, 0xE3, 0x02, 0xF3, 0xB3, 0x47, 0x39, 0xD9, 0xBA,
    0x5D, 0x2A, 0x95, 0x2B, 0xFE, 0x39, 0xDD, 0xB5, 0x91, 0x83, 0x0F, 0x8B, 0x54, 0xD2, 0x85, 0xA0,
    0xE5, 0xF6, 0x53, 0xA7, 0x64, 0xF8, 0x7C, 0xFF, 0xFF, 0xF7, 0xB0, 0x75, 0xF9, 0xB7, 0x91, 0x85,
    0x26, 0xF5, 0x9F, 0x61, 0xEF, 0x02, 0x94, 0xFF, 0x7F, 0x6E, 0x09, 0x3C, 0x03, 0x2B, 0x75, 0xB8,
    0x2A, 0x29, 0x1B, 0x41, 0x04, 0x20, 0x73, 0x80, 0x2E, 0x81, 0x13, 0x00, 0xA7, 0x00, 0x7A, 0x40,
    0x75, 0x40, 0xBE, 0xDE, 0xDC, 0x06, 0xD8, 0x05, 0x12, 0x0F, 0xA8, 0x16, 0xC8, 0x6B, 0xA0, 0x00,
    0x58, 0x00, 0x0C, 0xF3, 0xB9, 0xD7, 0x11, 0x6B, 0xC0, 0xAC, 0x23, 0xA2, 0xC5, 0xCF, 0x28, 0x06,
    0x30, 0x1E, 0x6C, 0x17, 0xD0, 0x06, 0x38, 0xA8, 0x02, 0x9A, 0x00, 0xA9, 0x03, 0xCA, 0x00, 0x48,
    0x64, 0x22, 0x95, 0x25, 0x6A, 0x02, 0xB5, 0x0C, 0x18, 0x21, 0x0B, 0xC8, 0x07, 0xD0, 0x11, 0x7D,
    0x80, 0x87, 0xC2, 0xAF, 0xC2, 0x45, 0x88, 0xA3, 0x0A, 0x58, 0xE7, 0x2B, 0xA4, 0x83, 0x2A, 0x26,
    0x69, 0xAF, 0x9B, 0x24, 0x20, 0x11, 0x48, 0x85, 0x98, 0x44, 0xC5, 0x5C, 0x72, 0x55, 0x92, 0x91,
    0x75, 0x92, 0x62, 0x33, 0x49, 0xB7, 0x0E, 0x95, 0xC4, 0x5C, 0x33, 0x6A, 0x00, 0x92, 0xE6, 0x6C,
    0x40, 0x4F, 0x2E, 0x52, 0x17, 0x22, 0xA5, 0xF1, 0x55, 0x67, 0x5B, 0x71, 0xD6, 0x59, 0xDF, 0xC4,
    0xDF, 0x7D, 0x17, 0x56, 0x4A, 0xDB, 0xE6, 0xB5, 0xF1, 0x86, 0x59, 0x78, 0x37, 0x07, 0x9A, 0x21,
    0x35, 0xC9, 0x7C, 0x0E, 0x66, 0x81, 0x45, 0x0F, 0xCD, 0xA5, 0x24, 0x52, 0xC3, 0x08, 0xAA, 0x07,
    0x02, 0x94, 0x07, 0x02, 0xD2, 0x96, 0xEB, 0xB4, 0xAC, 0x83, 0xBC, 0x65, 0x3E, 0xB2, 0xF1, 0x50,
    0x0C, 0x60, 0xFD, 0x3C, 0x9F, 0xEF, 0x79, 0x07, 0xDA, 0xCD, 0xE7, 0x0C, 0xF3, 0x78, 0x4A, 0xEB,
    0x8D, 0x0F, 0xE7, 0x6A, 0xE3, 0x09, 0x03, 0xE2, 0xF9, 0x6A, 0x5D, 0x07, 0x2E, 0xC1, 0x76, 0x0D,
    0x50, 0xB9, 0xF9, 0xD1, 0xAD, 0x5C, 0x42, 0x3E, 0x32, 0x42, 0xD3, 0x32, 0xC0, 0x48, 0xD2, 0x43,
    0x4F, 0xE2, 0xC1, 0x93, 0x76, 0xD7, 0x3E, 0x47, 0xDE, 0xC6, 0xAC, 0x85, 0xA7, 0x18, 0x30, 0x3E,
    0x8E, 0x03, 0xE7, 0xF3, 0x3A, 0xE2, 0x5E, 0x3E, 0x95, 0xB1, 0x14, 0x49, 0x87, 0x3C, 0x7E, 0x34,
    0x7D, 0x22, 0xDA, 0xEB, 0x31, 0x99, 0xB4, 0xCF, 0xC7, 0x50, 0x8E, 0xBA, 0xC0, 0xF3, 0x1F, 0x5F,
    0x0D, 0x50, 0x78, 0xE5, 0xA1, 0x72, 0x81, 0xD3, 0x09, 0xD5, 0x61, 0x7E, 0x45, 0xE6, 0xD8, 0x21,
    0xF2, 0x45, 0x90, 0x97, 0x9C, 0x82, 0xCD, 0x66, 0xCA, 0x64, 0x98, 0x3D, 0x96, 0xD0, 0xB8, 0x6C,
    0xCD, 0x96, 0xB4, 0x87, 0xE7, 0xC0, 0xC9, 0x46, 0xA4, 0x8F, 0xA8, 0x44, 0xBC, 0x0D, 0xC8, 0xE4,
    0x37, 0x1B, 0xCF, 0xA0, 0x59, 0x40, 0x5E, 0x83, 0x2E, 0x03, 0x80, 0x02, 0x38, 0x01, 0x2C, 0x80,
    0x2D, 0x60, 0x17, 0x18, 0x80, 0x9E, 0x59, 0x7D, 0x1A, 0x90, 0x5C, 0xCA, 0x5C, 0x7D, 0x5E, 0x2E,
    0x32, 0x92, 0x1D, 0xC8, 0x84, 0x3A, 0x10, 0x39, 0x17, 0xCD, 0xBB, 0x63, 0xA4, 0x2E, 0x50, 0xC7,
    0x0D, 0xA5, 0xFC, 0xA0, 0x07, 0x89, 0x25, 0x78, 0xA6, 0x4C, 0x44, 0x8C, 0x7C, 0xF8, 0x1F, 0x56,
    0x94, 0x6B, 0x02, 0x64, 0x03, 0x71, 0x1E, 0xD6, 0x5B, 0x23, 0x32, 0x45, 0x3B, 0x80, 0x70, 0x6B,
    0x9F, 0xFE, 0x07, 0x19, 0x82, 0xC5, 0x18, 0x30, 0x5D, 0xD3, 0x23, 0xD8, 0x85, 0xF5, 0x46, 0x64,
    0x88, 0x76, 0xB0, 0x6A, 0x59, 0xCB, 0xB1, 0x80, 0x58, 0x87, 0x8A, 0x50, 0x84, 0x62, 0x05, 0x0A,
    0xE5, 0xA7, 0xB5, 0xD2, 0x11, 0x0A, 0x0F, 0xB1, 0xEA, 0xB0, 0xD0, 0xC4, 0x7A, 0xC3, 0xAD, 0x80,
    0x51, 0x4D, 0xB1, 0x27, 0x03, 0x9B, 0xED, 0xFA, 0xDE, 0x6C, 0x8E, 0xCE, 0xA5, 0x3A, 0x24, 0xAC,
    0x51, 0x67, 0xB9, 0x8D, 0x47, 0x3B, 0x18, 0xB1, 0x10, 0x70, 0x67, 0xE0, 0x18, 0x37, 0xA8, 0xAD,
    0x7C, 0xE7, 0x38, 0xAB, 0x98, 0x73, 0xFC, 0x55, 0xAE, 0x39, 0xEF, 0xAA, 0x62, 0xDF, 0xB4, 0xA8,
    0x61, 0xAB, 0x00, 0x9A, 0xE3, 0xC9, 0xAA, 0x52, 0xA7, 0x22, 0xAB, 0x2A, 0x2D, 0x55, 0x07, 0xDD,
    0xE7, 0x96, 0x40, 0xBF, 0x07, 0x49, 0x7F, 0xE7, 0x48, 0xAC, 0x9A, 0xEA, 0x20, 0x8B, 0xA4, 0x2F,
    0x77, 0x81, 0xFE, 0x7E, 0xC6, 0x91, 0xC8, 0xC7, 0x5B, 0xC2, 0x5F, 0xA7, 0xC3, 0x8A, 0x07, 0xF3,
    0xA4, 0xFD, 0x90, 0xE2, 0xB8, 0x71, 0xB0, 0xAD, 0xCB, 0x40, 0x09, 0x70, 0x04, 0x30, 0x75, 0x6F,
    0x7F, 0xE0, 0xAB, 0x1F, 0x76, 0xF6, 0x47, 0xAD, 0x79, 0x9B, 0x23, 0xAF, 0x09, 0xFB, 0x1A, 0x4E,
    0xC0, 0x02, 0xB6, 0x60, 0x17, 0x7A, 0xF0, 0x24, 0x1E, 0xD5, 0xA2, 0x1C, 0xD9, 0x99, 0x41, 0xBF,
    0x6B, 0xD4, 0xD9, 0x58, 0xA4, 0x03, 0x40, 0xDE, 0x27, 0xDE, 0x4E, 0x89, 0x3F, 0x65, 0x2E, 0xEF,
    0xBE, 0x90, 0x89, 0xFB, 0x0C, 0x0D, 0xAB, 0x96, 0x34, 0x53, 0x0D, 0x95, 0xC8, 0x48, 0x7A, 0xB6,
    0x4C, 0x9A, 0x52, 0xD7, 0x90, 0xB9, 0x2D, 0x20, 0xE9, 0x4E, 0x02, 0x9C, 0xA4, 0x28, 0x39, 0xAA,
    0xFF, 0x8F, 0xE2, 0x92, 0xA2, 0xCC, 0xAF, 0xA8, 0x48, 0x64, 0xE0, 0x85, 0xCD, 0x6F, 0x2E, 0x6D,
    0x44, 0xBA, 0x70, 0x3F, 0x9D, 0x48, 0x4F, 0x7E, 0xC5, 0xCE, 0xBC, 0x1F, 0xED, 0xA2, 0x3D, 0x64,
    0x1E, 0xF4, 0xC0, 0x1A, 0x59, 0x07, 0x60, 0xCA, 0x75, 0x95, 0x8D, 0xF7, 0x38, 0xBF, 0x5E, 0xDB,
    0x6C, 0xB4, 0xAD, 0x3C, 0x7E, 0xC8, 0x07, 0x7B, 0x10, 0xBF, 0xFD, 0x3E, 0x3C, 0xFA, 0xE9, 0x4E,
    0xB7, 0x8D, 0x1A, 0x0A, 0x37, 0x3F, 0xFC, 0x99, 0x7A, 0x7E, 0xFA, 0xB3, 0x6C, 0xC7, 0xC7, 0xBF,
    0x05, 0xF3, 0xF3, 0xDF, 0x16, 0x24, 0x03, 0xA0, 0x96, 0x91, 0xA6, 0xD5, 0x68, 0x5E, 0xB3, 0x90,
    0xB7, 0x52, 0x53, 0x78, 0x71, 0x18, 0x3F, 0x8F, 0xE6, 0x35, 0x80, 0x1B, 0xE2, 0x76, 0x2E, 0x0F,
    0x80, 0x73, 0xBB, 0x55, 0x48, 0x2D, 0x4E, 0x6A, 0xCB, 0xF5, 0x37, 0xBB, 0xDE, 0x3F, 0x77, 0x82,
    0xCD, 0x76, 0x5E, 0x61, 0x00, 0xFF, 0x59, 0xE2, 0xB6, 0x72, 0x17, 0x35, 0xCA, 0x49, 0x44, 0x1C,
    0xA3, 0x1C, 0xAC, 0xD0, 0x88, 0x48, 0xC4, 0xC6, 0xDA, 0x75, 0xEC, 0xE3, 0x2B, 0x68, 0xEC, 0xA6,
    0x04, 0x80, 0x73, 0xCF, 0x2B, 0x9A, 0xBA, 0x99, 0xA5, 0xAF, 0x47, 0xEB, 0x71, 0xB5, 0x39, 0xDE,
    0x78, 0x75, 0x3C, 0xFC, 0x4B, 0xE4, 0x2B, 0x2E, 0xFC, 0x77, 0x3F, 0xAC, 0x87, 0x1D, 0xCD, 0xA0,
    0x7D, 0xDE, 0x29, 0x17, 0xE6, 0x87, 0xF2, 0x48, 0x4A, 0xE5, 0xF2, 0x4E, 0x7B, 0x33, 0xD8, 0xF1,
    0x70, 0x1E, 0x69, 0x9D, 0x77, 0x0F, 0xBC, 0xFB, 0x03, 0xEF, 0x7E, 0xD8, 0x2C, 0x55, 0xFD, 0xDF,
    0xEA, 0xFE, 0x17, 0x65, 0x54, 0x01, 0xA4, 0x5D, 0xB7, 0x1B, 0xFF, 0x9D, 0x93, 0xBF, 0x86, 0x7F,
    0x58, 0x86, 0x19, 0x53, 0x6B, 0x8A, 0x81, 0xA1, 0x29, 0xA0, 0x78, 0xEF, 0x26, 0x5B, 0x31, 0x14,
    0x1B, 0x0C, 0x3C, 0xBC, 0x61, 0x80, 0xF1, 0x86, 0xD9, 0x3A, 0x7B, 0xF7, 0xDC, 0x74, 0x05, 0x0C,
    0x2D, 0x00, 0x60, 0x00, 0x06, 0x1B, 0x86, 0x8D, 0x73, 0x7B, 0xD2, 0x42, 0x31, 0x48, 0x6D, 0x14,
    0x83, 0x94, 0x6A, 0xC7, 0x4C, 0xB3, 0x39, 0xED, 0xB2, 0x2D, 0xF7, 0x65, 0x49, 0x6E, 0xE7, 0x55,
    0xDF, 0x77, 0x7F, 0xB9, 0x4E, 0x3E, 0x49, 0xBE, 0xEF, 0xFB, 0xE5, 0xF7, 0x05, 0xC5, 0x0E, 0x5C,
    0xF7, 0x78, 0xA6, 0x3E, 0x71, 0x9B, 0x84, 0x49, 0x52, 0x27, 0x85, 0xA4, 0xBA, 0xB8, 0xE8, 0xC3,
    0x82, 0x04, 0xC5, 0xAC, 0xD8, 0xD7, 0x34, 0x82, 0x38, 0xEA, 0x89, 0x05, 0x56, 0x56, 0x58, 0x6E,
    0x85, 0x91, 0x5A, 0x41, 0x61, 0x01, 0xF5, 0x9E, 0x34, 0xC0, 0xFB, 0xE8, 0x13, 0x68, 0xC4, 0x99,
    0x19, 0x1F, 0x87, 0xEE, 0xC7, 0x40, 0xAF, 0x86, 0x33, 0xD4, 0xAB, 0x7C, 0xF4, 0xFA, 0xD7, 0xBF,
    0x80, 0x5B, 0x48, 0xD7, 0xE5, 0xB9, 0xCF, 0x91, 0xE4, 0x48, 0xF5, 0x47, 0x0C, 0x67, 0x5F, 0x00,
    0x78, 0xD6, 0xAF, 0xEC, 0x79, 0x90, 0x50, 0x70, 0x99, 0x84, 0x91, 0xFA, 0x61, 0xDF, 0x9E, 0xDE,
    0xA0, 0xDA, 0xCA, 0x93, 0xC7, 0x33, 0xB7, 0x41, 0x6A, 0xAD, 0xCA, 0x2C, 0xEB, 0x69, 0xDF, 0x8E,
    0xD4, 0xA5, 0x92, 0x26, 0x73, 0x23, 0xB7, 0x8B, 0x15, 0x58, 0x44, 0x31, 0x99, 0x93, 0xCA, 0xF1,
    0x02, 0xC2, 0x79, 0x62, 0xC1, 0x0C, 0x04, 0xB0, 0x03, 0xCC, 0xE8, 0x03, 0xA8, 0x05, 0xD7, 0x38,
    0x87, 0x6A, 0xDD, 0xE4, 0xE8, 0xBD, 0x72, 0x60, 0x29, 0x32, 0xF2, 0x7B, 0x81, 0x66, 0x43, 0xB2,
    0x91, 0xFB, 0xE1, 0x90, 0x86, 0x44, 0x2A, 0x6A, 0xE8, 0x23, 0x54, 0x9B, 0x5C, 0x0B, 0x3D, 0x0A,
    0x53, 0x90, 0xF8, 0xAD, 0x44, 0x8F, 0x12, 0xBA, 0xD8, 0xF2, 0xF4, 0x17, 0x98, 0xDD, 0x3D, 0x80,
    0x98, 0x81, 0xCB, 0xC7, 0x58, 0xE5, 0x84, 0xC3, 0x13, 0x9E, 0x6A, 0xC7, 0x1F, 0xCF, 0x4F, 0x4F,
    0x19, 0xA8, 0x7A, 0x2A, 0xF5, 0x8D, 0x1E, 0x0D, 0x05, 0x0C, 0xC0, 0xFA, 0x19, 0x2C, 0x81, 0x05,
    0x20, 0x51, 0x17, 0xF4, 0x16, 0xD5, 0x1C, 0x10, 0xFF, 0xF3, 0x0A, 0x03, 0x6E, 0x9F, 0x42, 0x98,
    0x0A, 0xD5, 0x4E, 0x59, 0x6F, 0x93, 0xAD, 0x8E, 0x4F, 0xB7, 0x41, 0x7F, 0x08, 0xE2, 0x41, 0xE4,
    0x77, 0xA2, 0xB8, 0x19, 0xE5, 0x9B, 0xB3, 0x22, 0xA1, 0xA0, 0x5C, 0xED, 0x92, 0xFC, 0x3D, 0x96,
    0xA5, 0x93, 0x21, 0x0F, 0x03, 0xBF, 0x19, 0xE4, 0x1B, 0xB3, 0xEA, 0xE6, 0xA1, 0x9F, 0xD7, 0x24,
    0x8C, 0xED, 0x3A, 0x46, 0x66, 0x47, 0x6E, 0x16, 0x03, 0xF8, 0x0C, 0x30, 0x8B, 0x95, 0xA5, 0x8F,
    0x0C, 0x15, 0xBA, 0x46, 0x57, 0x0D, 0x43, 0xCB, 0x72, 0x04, 0x12, 0x5E, 0xDE, 0x68, 0x95, 0x2D,
    0x26, 0x4F, 0x9E, 0x44, 0x6A, 0x13, 0xB1, 0x09, 0xDD, 0x0C, 0xE2, 0xC1, 0x0D, 0x76, 0xD1, 0x05,
    0x30, 0x73, 0x7E, 0xF1, 0x6E, 0x98, 0x72, 0xC8, 0xD9, 0xD7, 0x65, 0x8F, 0x13, 0x75, 0xDB, 0x65,
    0xA9, 0xB2, 0x90, 0x35, 0x4E, 0x07, 0x90, 0xF9, 0xB5, 0x7E, 0x2E, 0xD1, 0x87, 0x3D, 0x27, 0x8E,
    0x80, 0x7E, 0x06, 0x0B, 0x10, 0x01, 0x9F, 0xF9, 0xEE, 0xA1, 0x27, 0x5F, 0x38, 0xCE, 0xED, 0x0E,
    0xB7, 0x53, 0x4E, 0x5F, 0x4D, 0xF7, 0x2B, 0x6B, 0x2B, 0x43, 0xB2, 0xEF, 0x72, 0xEA, 0x73, 0x22,
    0x66, 0x87, 0xE0, 0x25, 0x56, 0x75, 0x65, 0xFE, 0x7F, 0x29, 0x94, 0xBD, 0x05, 0x3B, 0xFD, 0xBC,
    0x5B, 0xEA, 0xDD, 0x73, 0xEC, 0x08, 0x90, 0xA1, 0xAF, 0x41, 0xBF, 0xE3, 0x46, 0xD7, 0x0A, 0x26,
    0xA3, 0x2E, 0xF9, 0xA1, 0xF0, 0x50, 0xE1, 0x77, 0x99, 0x95, 0x07, 0x9A, 0x45, 0xA8, 0x1C, 0x56,
    0x39, 0x7C, 0xD3, 0x7B, 0x5F, 0x05, 0x84, 0x2A, 0xA0, 0xC3, 0xA6, 0x28, 0x7F, 0xAC, 0xA8, 0xE2,
    0x68, 0x25, 0x34, 0x31, 0xBA, 0x91, 0x85, 0x22, 0x6C, 0xD7, 0x67, 0x2B, 0xAE, 0x15, 0x62, 0xE3,
    0x61, 0x1F, 0x97, 0xFD, 0xD3, 0xA0, 0x5D, 0x36, 0xEC, 0xA1, 0x17, 0x57, 0x42, 0xE1, 0xB6, 0xA2,
    0x9F, 0xE5, 0x5B, 0x81, 0xFD, 0x53, 0xB5, 0x04, 0x66, 0x3F, 0xE4, 0xFA, 0xFB, 0x25, 0xA4, 0x07,
    0xBE, 0x3D, 0xC6, 0x94, 0xE7, 0x82, 0x93, 0x9E, 0x9C, 0x43, 0x01, 0x9A, 0x1D, 0x7F, 0x33, 0x8D,
    0xA1, 0xF1, 0xE4, 0x9A, 0x04, 0x80, 0x55, 0x13, 0x4F, 0x7A, 0x06, 0x63, 0xF3, 0x28, 0x40, 0xE8,
    0x5A, 0x02, 0x34, 0xAA, 0x7D, 0x09, 0x2C, 0xB7, 0xF2, 0x6A, 0x42, 0x62, 0xEE, 0x29, 0x78, 0x81,
    0x85, 0xB0, 0x90, 0xC7, 0x72, 0xA2, 0xBE, 0xCE, 0xCE, 0xD6, 0x3E, 0xFA, 0x80, 0x3E, 0x88, 0xA2,
    0x48, 0xA5, 0x0F, 0x85, 0xBA, 0x35, 0xF1, 0x63, 0xA3, 0x60, 0xF8, 0xE4, 0xBE, 0xBC, 0x5A, 0xB5,
    0x44, 0x7F, 0x76, 0xE2, 0xA2, 0x5F, 0x50, 0xB7, 0x94, 0x66, 0xDA, 0x60, 0xD3, 0xA2, 0xAB, 0x3D,
    0xB0, 0xBF, 0xCA, 0x5E, 0xC3, 0xEE, 0x86, 0xAA, 0xC0, 0x6E, 0x5E, 0xB7, 0x5B, 0x4E, 0x24, 0x14,
    0x8D, 0xA9, 0x46, 0x3B, 0x0F, 0x92, 0xCE, 0x97, 0xBB, 0xE8, 0x91, 0x0D, 0x86, 0x5A, 0x46, 0xF7,
    0x48, 0xD3, 0xB7, 0xED, 0x39, 0xEE, 0x13, 0x8D, 0x74, 0x83, 0x57, 0x0F, 0xCC, 0x8B, 0xAC, 0xE6,
    0x79, 0x2A, 0x3B, 0xB9, 0x5F, 0x95, 0x99, 0x24, 0x36, 0x23, 0x94, 0x03, 0x4F, 0x40, 0x1F, 0x9B,
    0x5C, 0x40, 0x42, 0x19, 0x7F, 0x44, 0x90, 0xDF, 0x36, 0xA0, 0x61, 0x8D, 0x92, 0x1E, 0xB8, 0x4D,
    0x6D, 0x88, 0x2B, 0x11, 0x25, 0x3E, 0x54, 0x77, 0xA4, 0x15, 0x6E, 0x9C, 0xDC, 0xF7, 0x7B, 0xD6,
    0xC4, 0x97, 0x7D, 0x77, 0x3C, 0xD8, 0x6D, 0x0D, 0xFE, 0xA8, 0xA9, 0x09, 0xE2, 0x9A, 0x85, 0xBC,
    0xE4, 0xA1, 0x48, 0x2C, 0x7B, 0x13, 0x54, 0x60, 0x9E, 0x39, 0x6E, 0xCB, 0xCF, 0x08, 0x2D, 0xDB,
    0x3B, 0x38, 0x60, 0x8D, 0xE1, 0xBA, 0x32, 0xAB, 0xDB, 0xE1, 0x06, 0xC4, 0xAF, 0x4F, 0x26, 0xCD,
    0xEF, 0x6D, 0xA4, 0x16, 0xB7, 0xA2, 0x84, 0xBC, 0x18, 0x14, 0x6A, 0xD3, 0x95, 0x3F, 0xBF, 0xC4,
    0x40, 0xFD, 0x1A, 0x4B, 0xE6, 0x6E, 0x5C, 0xAF, 0xD5, 0x9B, 0xDA, 0x9F, 0x4F, 0x9E, 0xEF, 0xCF,
    0x81, 0xF8, 0xDA, 0x9F, 0x7D, 0x64, 0xF3, 0x06, 0xFD, 0x9F, 0x85, 0x8D, 0x24, 0x74, 0x3F, 0x0B,
    0x43, 0x82, 0x28, 0x39, 0x4A, 0x50, 0xB7, 0xD8, 0xD6, 0xF6, 0x60, 0xDE, 0xE6, 0x68, 0x00, 0xA9,
    0xB7, 0x43, 0x05, 0x34, 0xE1, 0xDD, 0xF5, 0xFC, 0x73, 0xC7, 0x1D, 0xE8, 0x06, 0x98, 0xCC, 0xFF,
    0x4A, 0xEF, 0x30, 0xBB, 0xD8, 0x37, 0xF5, 0x8D, 0xF5, 0xD4, 0xAD, 0x36, 0xE2, 0x27, 0x6E, 0x9E,
    0x79, 0xC9, 0xDF, 0x11, 0xEE, 0x5F, 0x7D, 0xD7, 0x05, 0xCC, 0xED, 0xC8, 0x61, 0xC5, 0xF1, 0xBF,
    0x3D, 0xAB, 0x75, 0xB2, 0xD6, 0xEE, 0x94, 0xF1, 0xED, 0xBA, 0x8C, 0x2F, 0xCF, 0xE5, 0x06, 0xBE,
    0x2F, 0x33, 0x65, 0x66, 0x66, 0x16, 0xAB, 0xCC, 0xED, 0x7B, 0x76, 0x99, 0x41, 0xCC, 0x65, 0x41,
    0x99, 0xDB, 0xB0, 0xA7, 0xCC, 0xAD, 0xC3, 0x82, 0x82, 0xC3, 0x9C, 0x4C, 0x23, 0x57, 0xF2, 0x6B,
    0x6C, 0x9F, 0x78, 0xC6, 0x37, 0x0C, 0x96, 0xF4, 0x3B, 0x73, 0x75, 0x69, 0xEE, 0x78, 0xCE, 0xBD,
    0xD7, 0xDC, 0xAB, 0x11, 0x18, 0xB4, 0x80, 0xD9, 0xAB, 0x43, 0x3B, 0x9B, 0x09, 0x9A, 0x09, 0xC0,
    0x85, 0x53, 0x49, 0xBE, 0xEB, 0x0F, 0xE9, 0xFA, 0x66, 0x6A, 0x0E, 0xDB, 0xB1, 0xC1, 0x85, 0x74,
    0xBF, 0x9B, 0x92, 0x56, 0xD2, 0x44, 0x31, 0xE8, 0x7C, 0x39, 0x0F, 0x20, 0xDE, 0xD8, 0x1F, 0x86,
    0x62, 0xE7, 0x71, 0xF0, 0xEE, 0xFB, 0x97, 0xCE, 0xE0, 0xA4, 0x08, 0x14, 0x4F, 0xEF, 0xC1, 0xFC,
    0x03, 0x07, 0x9F, 0x47, 0x7A, 0xBE, 0xA7, 0x49, 0xF7, 0x68, 0x75, 0xB3, 0xD9, 0x1F, 0xF9, 0xC4,
    0xC5, 0xAE, 0xDF, 0xFD, 0xA2, 0xD8, 0xCC, 0xFF, 0xFB, 0x2F, 0xBD, 0x8B, 0x4F, 0x0F, 0xB8, 0xA7,
    0xFD, 0x83, 0xA7, 0x7B, 0xFA, 0xCF, 0xC1, 0xF0, 0x2F, 0xF7, 0x1F, 0xFC, 0xFB, 0xCD, 0x83, 0xFF,
    0x7A, 0x24, 0x74, 0xEB, 0xB7, 0x83, 0x9B, 0x63, 0x41, 0xFB, 0x7F, 0x63, 0x8D, 0x55, 0xB8, 0x83,
    0x91, 0x16, 0xCC, 0xAB, 0xD4, 0x53, 0x7D, 0x2E, 0x60, 0x6F, 0x00, 0x0F, 0x5E, 0x01, 0xF0, 0xDE,
    0xFA, 0x65, 0x8A, 0x74, 0xB7, 0xBD, 0x5B, 0x6F, 0xB8, 0xD1, 0x6C, 0xA8, 0x2F, 0xD7, 0x52, 0x94,
    0x53, 0xB5, 0x01, 0x76, 0x05, 0x9A, 0x65, 0xF8, 0x97, 0xD8, 0xCE, 0x4E, 0x8B, 0x8B, 0xED, 0x73,
    0x67, 0x17, 0xDD, 0x5F, 0x4F, 0x6E, 0x72, 0x9E, 0x03, 0x0E, 0xBA, 0x83, 0x38, 0x40, 0x1B, 0xF7,
    0x02, 0xBB, 0x6E, 0xC6, 0x57, 0x5A, 0x5B, 0x0A, 0x69, 0x3D, 0xDF, 0x02, 0x27, 0x6D, 0x74, 0xE9,
    0x76, 0xB5, 0x15, 0x2B, 0x66, 0xE5, 0x49, 0x54, 0x2B, 0x8F, 0xA3, 0x5E, 0xF9, 0x33, 0xEC, 0x02,
    0xD8, 0x39, 0x11, 0x81, 0x26, 0xD1, 0x6A, 0x03, 0xA7, 0xF5, 0x60, 0x04, 0xBA, 0x73, 0x71, 0x7B,
    0x9A, 0x04, 0xF2, 0x80, 0x80, 0x32, 0x8D, 0x3A, 0xAD, 0x17, 0xA0, 0xD9, 0xA1, 0x90, 0x46, 0xAA,
    0xA5, 0x8D, 0xD8, 0xC9, 0x46, 0x9A, 0xD1, 0x4E, 0xB4, 0xE1, 0x3E, 0x7F, 0x00, 0x17, 0x46, 0xA8,
    0xA4, 0xF9, 0x04, 0x3B, 0x81, 0x95, 0xA6, 0xCC, 0xE5, 0x21, 0x0E, 0xE0, 0x71, 0x40, 0xA9, 0xBB,
    0xC6, 0x37, 0x92, 0x7A, 0xF7, 0x2A, 0x6D, 0xBC, 0x0B, 0xED, 0x04, 0x80, 0x09, 0x39, 0xAC, 0xCF,
    0xF1, 0x50, 0x96, 0x2B, 0x70, 0x7B, 0xBD, 0x3C, 0x61, 0xA7, 0xDB, 0xBA, 0xF4, 0x9C, 0x6A, 0x7F,
    0xBA, 0xA2, 0x42, 0xA5, 0x4F, 0x54, 0x18, 0x42, 0xB5, 0x97, 0xEA, 0x87, 0x50, 0xAF, 0x46, 0xA8,
    0xB7, 0x8B, 0xD9, 0x91, 0xB7, 0xB3, 0x59, 0x0B, 0xD1, 0xC4, 0x2A, 0x45, 0x1B, 0xEB, 0xB5, 0x14,
    0x6E, 0x6A, 0xD2, 0xBD, 0x6E, 0x74, 0xB3, 0xD9, 0x70, 0x61, 0x48, 0xD1, 0x05, 0x45, 0xA3, 0x6F,
    0x1E, 0xFE, 0xE6, 0x55, 0xB1, 0xD4, 0xAC, 0x9F, 0xFB, 0xC3, 0xC8, 0xD0, 0x63, 0x2F, 0x6F, 0x9D,
    0xE5, 0x71, 0x59, 0x3E, 0x3F, 0x4B, 0xB7, 0x61, 0x34, 0x33, 0xE8, 0x88, 0x48, 0x25, 0xCF, 0x1D,
    0x30, 0x0A, 0x5C, 0x41, 0xA5, 0x91, 0x1F, 0x86, 0xBA, 0x8B, 0x3C, 0x0E, 0x6C, 0x13, 0x99, 0x31,
    0x4A, 0x47, 0xA8, 0xCE, 0xE0, 0x96, 0xD9, 0x8B, 0x09, 0xAE, 0x0B, 0x95, 0x13, 0x56, 0xE9, 0xF0,
    0x67, 0xC0, 0xF7, 0xE3, 0x5E, 0x14, 0xE0, 0x71, 0xB4, 0xAF, 0xE9, 0x61, 0xC6, 0xCA, 0x43, 0xA4,
    0x16, 0x14, 0x11, 0x23, 0x30, 0x91, 0x52, 0xD0, 0x09, 0x76, 0x18, 0x04, 0x4F, 0x06, 0x9C, 0xD4,
    0x73, 0xE6, 0x02, 0x60, 0x54, 0xEF, 0x00, 0xA5, 0xF2, 0xD9, 0xC4, 0xEC, 0xA8, 0x4F, 0xB9, 0x9D,
    0x59, 0xAD, 0x47, 0x4E, 0x50, 0x1F, 0xF9, 0xA3, 0x23, 0xD8, 0xB5, 0xD4, 0xA7, 0x05, 0xB0, 0x8B,
    0x51, 0x2B, 0xB0, 0x73, 0xB3, 0x4B, 0xE4, 0xC6, 0xB8, 0x1E, 0x5A, 0xED, 0xDE, 0x79, 0x70, 0x11,
    0x3A, 0xC0, 0x4D, 0x30, 0x00, 0xDD, 0x08, 0x02, 0x86, 0x00, 0x3B, 0xA0, 0x33, 0xCB, 0x94, 0xBA,
    0x07, 0xA7, 0x1D, 0x86, 0xED, 0xCC, 0x66, 0x86, 0x4E, 0xFA, 0x65, 0x00, 0x86, 0xCB, 0x44, 0xA9,
    0xF6, 0x73, 0xA6, 0x98, 0xCD, 0x08, 0xF2, 0xDC, 0x2E, 0x83, 0x7C, 0xCE, 0xDA, 0xDD, 0xE7, 0x59,
    0x15, 0x79, 0x2B, 0xCD, 0x66, 0xAF, 0xD6, 0x26, 0xD2, 0xC4, 0x7A, 0xAD, 0x63, 0x1D, 0x69, 0xE3,
    0xB7, 0x45, 0x1B, 0xEF, 0xED, 0x69, 0xD3, 0x2A, 0xAE, 0x9C, 0x1B, 0xBC, 0x52, 0x0F, 0xEE, 0xE9,
    0x3B, 0xA5, 0x16, 0xE8, 0xFE, 0xE6, 0xB2, 0x60, 0xC3, 0x5F, 0xC9, 0x53, 0xAB, 0x47, 0x41, 0xFD,
    0x3D, 0x87, 0xA8, 0x57, 0x78, 0x2C, 0x2E, 0x20, 0xDF, 0x8D, 0x03, 0x2E, 0x94, 0x4A, 0xBD, 0xF3,
    0x9D, 0x6F, 0xF5, 0xE2, 0x66, 0x73, 0x2F, 0xDD, 0x18, 0xB4, 0xDE, 0xBB, 0x57, 0x9A, 0x68, 0xB4,
    0x71, 0x4D, 0xAB, 0xD0, 0x68, 0xE5, 0x29, 0x38, 0x85, 0x52, 0x3D, 0x3B, 0xE5, 0x42, 0x21, 0x9F,
    0xFA, 0x1D, 0x41, 0xDE, 0x08, 0x33, 0xA6, 0x41, 0x2D, 0xEA, 0x00, 0xEA, 0xAD, 0xBC, 0xF5, 0x69,
    0x70, 0x4B, 0xBE, 0x85, 0x4E, 0xF9, 0x98, 0x19, 0x72, 0x2A, 0xC2, 0x10, 0x62, 0x17, 0x66, 0x60,
    0xF8, 0xEB, 0xA9, 0xFB, 0xEB, 0x48, 0x9A, 0x73, 0x70, 0x7F, 0x93, 0x5B, 0xFA, 0x2F, 0xBD, 0x7B,
    0x76, 0x00, 0xBA, 0xFF, 0xC1, 0xFD, 0x8F, 0x07, 0xDC, 0x2B, 0x71, 0xAF, 0x02, 0x70, 0x2B, 0xED,
    0x9E, 0x07, 0x0B, 0xCD, 0x9A, 0x07, 0x91, 0x66, 0xC9, 0x83, 0xE9, 0xEC, 0x3D, 0x2E, 0xE4, 0x22,
    0x5E, 0x8E, 0x4E, 0x1A, 0xEB, 0xF9, 0x70, 0x3D, 0xEC, 0x8B, 0x3D, 0xC9, 0x70, 0xFA, 0x59, 0xC9,
    0xEE, 0xF0, 0xA7, 0x96, 0xB7, 0x2F, 0xF5, 0x69, 0x4C, 0xDA, 0xC3, 0xBB, 0x5F, 0xD2, 0x4D, 0xDD,
    0x4F, 0x49, 0x0A, 0xC9, 0xBB, 0x90, 0x7B, 0x41, 0xA5, 0xCB, 0xB7, 0x0C, 0xD2, 0x9E, 0xD8, 0x00,
    0xF5, 0x09, 0x4F, 0xBD, 0x0B, 0x06, 0x09, 0x23, 0x23, 0xEA, 0x54, 0xCB, 0x26, 0xA6, 0x52, 0x4E,
    0x66, 0xA5, 0x0B, 0xD5, 0x4A, 0x6A, 0x74, 0xEE, 0xF3, 0x41, 0x33, 0x1F, 0xB8, 0x54, 0xCC, 0xA3,
    0x9D, 0xDD, 0xD3, 0xFE, 0x63, 0xF6, 0x4E, 0x9F, 0xA7, 0x50, 0x2F, 0xD5, 0xC6, 0xE5, 0xB8, 0x6C,
    0xFE, 0xC4, 0x0C, 0xBC, 0xF7, 0x1B, 0xBE, 0xB3, 0xD2, 0xA2, 0x4C, 0x76, 0xC2, 0x05, 0x1B, 0x18,
    0xFC, 0x3D, 0x20, 0xA0, 0x91, 0xC2, 0x89, 0xD9, 0x80, 0xEA, 0xB2, 0x75, 0xA0, 0x4B, 0xD4, 0x0B,
    0x6F, 0x4C, 0xBE, 0xD7, 0xAC, 0x7C, 0x00, 0xA5, 0x3E, 0x61, 0x86, 0x41, 0xD3, 0xF9, 0x16, 0x74,
    0x5A, 0x3A, 0xF5, 0x0C, 0x29, 0x3C, 0x95, 0x7C, 0x33, 0xE7, 0x96, 0xB5, 0x7D, 0x7E, 0xD6, 0xED,
    0x73, 0x1B, 0x47, 0xC0, 0x2E, 0xB6, 0x4F, 0x31, 0xDF, 0x06, 0x68, 0x5E, 0xBD, 0xC2, 0xD9, 0xFE,
    0xE9, 0x8C, 0x11, 0xDC, 0xF3, 0x04, 0xE0, 0x9E, 0xA6, 0x3E, 0xAF, 0x9C, 0x42, 0xAE, 0xD6, 0x30,
    0x01, 0xEA, 0xBB, 0x98, 0xC3, 0xCD, 0x50, 0xC8, 0xB7, 0x2B, 0x18, 0x79, 0xBB, 0xE7, 0x39, 0x54,
    0x0A, 0x0C, 0x9A, 0x8B, 0x21, 0x9C, 0x2F, 0xE6, 0xB3, 0x34, 0x7D, 0x37, 0xB6, 0x34, 0x0C, 0xA1,
    0xE1, 0x11, 0x28, 0x3C, 0xC4, 0x4D, 0xD4, 0x3F, 0x08, 0x85, 0xBE, 0x8A, 0xE4, 0x0E, 0x94, 0x1A,
    0x81, 0xDC, 0xC2, 0x42, 0xDB, 0x0D, 0x30, 0x2F, 0xD2, 0x0A, 0x45, 0x9D, 0xAB, 0xDA, 0xAC, 0x70,
    0xD6, 0x08, 0xFB, 0xAA, 0x19, 0x78, 0x58, 0x13, 0x01, 0xDA, 0x6C, 0x97, 0xAC, 0x25, 0x0F, 0x56,
    0xE2, 0x4D, 0x0E, 0x7B, 0xC9, 0x3B, 0x59, 0x8A, 0x35, 0xC7, 0xBD, 0x92, 0x07, 0x18, 0xFE, 0xF0,
    0x65, 0x33, 0xC0, 0xE8, 0xFE, 0xEA, 0xBC, 0xA3, 0xEB, 0x87, 0x9C, 0x83, 0xEF, 0x7A, 0x00, 0xE1,
    0x02, 0x50, 0x5C, 0xB2, 0xDC, 0x69, 0x47, 0xC0, 0x6C, 0x97, 0x5C, 0x69, 0x27, 0xF2, 0x22, 0xBB,
    0x3C, 0xFF, 0xE5, 0x0D, 0x19, 0x86, 0x11, 0x3B, 0xA7, 0xDE, 0xA7, 0x0D, 0xCA, 0xF0, 0x73, 0xCF,
    0xD9, 0x68, 0x22, 0xB2, 0xA3, 0x1A, 0x4D, 0xC5, 0xDE, 0x06, 0x75, 0x1A, 0xCD, 0xEA, 0xC6, 0xFD,
    0x71, 0x6E, 0x6A, 0xA2, 0x7B, 0xEE, 0xD6, 0x6D, 0x83, 0x42, 0xA7, 0xA5, 0x9D, 0xEA, 0xBB, 0x0C,
    0xC3, 0x2F, 0x03, 0x20, 0xCF, 0x99, 0x59, 0x8A, 0x4B, 0x96, 0xFB, 0x99, 0x66, 0xBD, 0xDC, 0xFE,
    0xAD, 0x64, 0xB5, 0x03, 0xAD, 0x02, 0x74, 0x9F, 0x37, 0x82, 0xAA, 0x09, 0x76, 0x73, 0x01, 0x55,
    0x23, 0xA8, 0x0E, 0xA0, 0xCF, 0x3B, 0x18, 0x7E, 0xD5, 0x83, 0xD3, 0x59, 0x62, 0x72, 0x69, 0x3F,
    0xC4, 0x1E, 0x5C, 0xDB, 0x15, 0xD4, 0x6C, 0x14, 0xCA, 0xDD, 0xD8, 0xE4, 0xEB, 0xFF, 0x98, 0x15,
    0xEC, 0xA7, 0x4D, 0x5D, 0x70, 0x65, 0x70, 0x23, 0xD0, 0x4E, 0xF0, 0xF9, 0x36, 0x62, 0xE2, 0x41,
    0x15, 0xED, 0x84, 0x59, 0xDA, 0x40, 0x29, 0x79, 0xF8, 0xB6, 0x25, 0xD7, 0xBC, 0xBF, 0x7C, 0xC5,
    0xE6, 0xEF, 0xD7, 0xCB, 0x97, 0x6B, 0x21, 0x49, 0x4B, 0x76, 0xC6, 0x1E, 0x03, 0x6F, 0xD2, 0x38,
    0x66, 0x27, 0xDA, 0x58, 0xED, 0xE0, 0x62, 0xBB, 0x1E, 0x4A, 0x53, 0x72, 0xBF, 0x34, 0x18, 0x86,
    0xAC, 0x4E, 0x7B, 0xF2, 0x1E, 0x04, 0x4C, 0x36, 0x77, 0x86, 0x21, 0x0B, 0x5C, 0x9D, 0x27, 0xFA,
    0xF9, 0x50, 0xEC, 0x83, 0xA0, 0x8E, 0x7F, 0xA2, 0x1E, 0x17, 0xA2, 0x02, 0x62, 0xEA, 0xFA, 0x72,
    0x67, 0xBC, 0x4D, 0xB5, 0x16, 0x01, 0xEC, 0x52, 0x1E, 0x36, 0xB3, 0xE9, 0xA1, 0x8D, 0xC6, 0x83,
    0x4B, 0x33, 0x0A, 0x6E, 0xAA, 0xB2, 0x75, 0xBB, 0xE2, 0xA6, 0x07, 0x9A, 0x39, 0xD9, 0x46, 0x5C,
    0x7C, 0xF0, 0xB0, 0x8D, 0x37, 0xDD, 0x84, 0x5D, 0x6E, 0xBA, 0x91, 0x4A, 0xB7, 0x87, 0x11, 0x24,
    0x05, 0xB8, 0x2F, 0xBD, 0x2D, 0xFC, 0xD1, 0x1B, 0xFF, 0x60, 0x37, 0x31, 0x87, 0x3B, 0xA3, 0x9B,
    0x73, 0x28, 0x47, 0xF9, 0xB2, 0x05, 0xA0, 0xFA, 0x97, 0x15, 0xC0, 0x7E, 0x5A, 0x8E, 0xA6, 0xCA,
    0x71, 0x6D, 0x56, 0xCE, 0x45, 0x13, 0xC5, 0xEF, 0xFE, 0xFF, 0xEF, 0xEA, 0x77, 0xC0, 0x4C, 0x66,
    0x87, 0xBC, 0x62, 0x2B, 0xD5, 0x19, 0xB4, 0x94, 0x02, 0xAE, 0x29, 0x52, 0x2C, 0x79, 0x69, 0x8A,
    0x19, 0xD4, 0x53, 0x2D, 0x94, 0x0A, 0x38, 0x79, 0xA7, 0x85, 0x4E, 0xA4, 0x80, 0xE1, 0xEE, 0xD9,
    0x9B, 0xFC, 0xC9, 0x6D, 0x84, 0x36, 0x54, 0x87, 0xB6, 0xAF, 0x66, 0x80, 0x7A, 0xBE, 0xD4, 0xB8,
    0x49, 0x02, 0x8D, 0x02, 0x94, 0x12, 0x38, 0x49, 0x7B, 0x76, 0xC3, 0x68, 0xBA, 0x6C, 0x3C, 0xB0,
    0x73, 0x76, 0xBA, 0x58, 0x65, 0x5B, 0xA8, 0x96, 0x62, 0xCF, 0x4F, 0x9D, 0x81, 0x76, 0xF7, 0x00,
    0x7C, 0xFB, 0x9B, 0xFE, 0x4F, 0x7D, 0xD9, 0x86, 0x7B, 0xEA, 0xD3, 0x37, 0xF4, 0x23, 0x7F, 0xB3,
    0x95, 0x2A, 0xFF, 0x7A, 0xAE, 0x36, 0xD3, 0x63, 0x57, 0xE3, 0x69, 0x96, 0xCA, 0xD3, 0xCE, 0x35,
    0xB8, 0x68, 0x13, 0x0F, 0x1C, 0x4C, 0xF7, 0x27, 0x6E, 0x24, 0x6E, 0x1E, 0xC4, 0x2B, 0x68, 0xE3,
    0x23, 0xE1, 0xF8, 0x47, 0x6D, 0x7C, 0xA5, 0x3F, 0x7A, 0x93, 0xFF, 0xA9, 0x8C, 0x00, 0x3D, 0xA4,
    0x5E, 0xF6, 0x74, 0x41, 0x9E, 0xA1, 0x17, 0x0C, 0x9F, 0x20, 0x50, 0xB9, 0x63, 0x25, 0x2D, 0xCD,
    0xC1, 0x5C, 0xEE, 0x66, 0xC5, 0x6C, 0xD5, 0xC1, 0x5A, 0x2F, 0x07, 0x76, 0xA6, 0x5A, 0x6D, 0xA4,
    0x5E, 0x0E, 0xEC, 0xDC, 0x1C, 0xC4, 0x76, 0x3A, 0x70, 0x23, 0xCD, 0xE4, 0x02, 0xED, 0x78, 0xE0,
    0x46, 0x37, 0xE2, 0x82, 0x13, 0x5D, 0xB0, 0x77, 0xA1, 0x18, 0x16, 0x68, 0x24, 0x4F, 0xD7, 0x0F,
    0x01, 0xE1, 0xC6, 0x62, 0xA3, 0x0D, 0xE5, 0x81, 0x2F, 0x05, 0x14, 0xEA, 0x01, 0xCD, 0xC0, 0xB0,
    0x03, 0x4E, 0x23, 0xD4, 0xF9, 0xB6, 0x72, 0x21, 0x37, 0xC0, 0xEC, 0xB4, 0xB7, 0xE7, 0x9D, 0xEF,
    0xFB, 0x9F, 0x47, 0x6E, 0xFC, 0xE9, 0x2F, 0x3E, 0x6A, 0xE5, 0x2F, 0x7F, 0xE1, 0x87, 0x66, 0xBA,
    0xDF, 0x1F, 0x26, 0x5A, 0xED, 0x50, 0xDF, 0x89, 0xF0, 0xC0, 0x23, 0x27, 0xB8, 0xFF, 0x63, 0x47,
    0xCE, 0xA3, 0x96, 0x14, 0x6C, 0x82, 0xD7, 0x1F, 0x8D, 0x24, 0xDF, 0x1E, 0xE0, 0xEA, 0xB5, 0xE5,
    0xCA, 0x2E, 0x0D, 0xDF, 0x6F, 0xE7, 0x87, 0xF8, 0xFA, 0x26, 0xBE, 0x27, 0x34, 0xF1, 0x52, 0x6A,
    0xDC, 0x98, 0x08, 0x40, 0x97, 0x18, 0x7A, 0x40, 0xFE, 0x42, 0x99, 0x70, 0x9A, 0x13, 0xF1, 0xDC,
    0x83, 0x7D, 0x06, 0xA3, 0xD7, 0xF7, 0x51, 0x7D, 0x5E, 0x4E, 0xEE, 0xFB, 0x5D, 0xBD, 0x84, 0xF3,
    0x8E, 0x3A, 0x97, 0x78, 0x85, 0x56, 0x23, 0xB8, 0x99, 0x0B, 0xED, 0x02, 0xD8, 0x35, 0xB1, 0x03,
    0x95, 0x2E, 0x75, 0xCE, 0x1B, 0x16, 0xB4, 0x00, 0x6D, 0xA2, 0x53, 0xBC, 0x50, 0xE5, 0x65, 0x59,
    0x80, 0x6A, 0xBE, 0x05, 0xF5, 0x6B, 0x36, 0xB0, 0xEA, 0xA1, 0x9D, 0xEF, 0xC1, 0xE8, 0x39, 0x4F,
    0xC2, 0xFC, 0xA1, 0x26, 0x68, 0x37, 0x28, 0x14, 0x6E, 0xA7, 0x3B, 0xC5, 0xC3, 0x3B, 0x3F, 0x78,
    0x06, 0x5A, 0x8F, 0x68, 0x12, 0x2D, 0xC5, 0xCE, 0x63, 0x31, 0x7B, 0xB1, 0xD2, 0x49, 0x91, 0x41,
    0xBB, 0xA7, 0x5A, 0x80, 0x66, 0x07, 0xAE, 0x1B, 0x38, 0x56, 0xE8, 0xBD, 0x9F, 0xCF, 0x0F, 0xD7,
    0x12, 0x4E, 0x52, 0xEF, 0x76, 0xDF, 0x84, 0xFA, 0x15, 0x98, 0xC0, 0x8D, 0xC4, 0xCD, 0xC4, 0xF5,
    0x3F, 0x54, 0x1E, 0xA7, 0xCF, 0x83, 0x3B, 0x5A, 0x29, 0xE7, 0xDF, 0xBC, 0xFC, 0xEF, 0xB9, 0x4E,
    0xBC, 0xC3, 0xCC, 0xC7, 0xC0, 0x5A, 0xCC, 0x30, 0x28, 0x72, 0x39, 0xC9, 0x3B, 0x00, 0x57, 0x6F,
    0xE4, 0x0F, 0x67, 0x1F, 0x97, 0xF8, 0x36, 0x4D, 0x50, 0x4B, 0x1B, 0xB4, 0xD3, 0xAB, 0xF3, 0x26,
    0x9D, 0x86, 0x9E, 0xBD, 0x9C, 0x5C, 0x28, 0x37, 0x33, 0xBA, 0x60, 0x56, 0x13, 0x5C, 0xA8, 0x96,
    0x64, 0x3D, 0x57, 0x7D, 0xD7, 0xDB, 0x58, 0xFB, 0xE1, 0xD0, 0x32, 0xF8, 0xA4, 0x68, 0xA6, 0x06,
    0xD1, 0x8E, 0xB7, 0x8A, 0x1D, 0x17, 0x1E, 0x51, 0x6E, 0x87, 0x57, 0x66, 0x03, 0x27, 0xF9, 0x44,
    0xA4, 0xDA, 0xEC, 0x4A, 0xB5, 0x9A, 0x2D, 0xB1, 0x53, 0x2F, 0x07, 0x76, 0x36, 0xDB, 0x41, 0xB5,
    0xD2, 0x44, 0xBB, 0xD0, 0xC6, 0x6E, 0x32, 0x92, 0x7C, 0x25, 0x3D, 0x1F, 0xBA, 0xF0, 0x46, 0xD7,
    0x6C, 0x09, 0x0F, 0xF2, 0x50, 0xBC, 0xFE, 0xBC, 0xB9, 0xD7, 0x5F, 0xDF, 0x41, 0xF1, 0x3E, 0xC0,
    0x7D, 0x1F, 0x01, 0x3C, 0x3C, 0x95, 0xBD, 0x3D, 0xBF, 0x03, 0x02, 0x76, 0xD5, 0x84, 0x7B, 0xF1,
    0xFF, 0x44, 0xF4, 0x2D, 0xFF, 0x31, 0x15, 0xFA, 0xA8, 0x5F, 0xF2, 0x66, 0xFB, 0x68, 0x8F, 0x59,
    0xBF, 0x0B, 0xAA, 0xF5, 0x37, 0xA1, 0x5E, 0x78, 0x1B, 0xFF, 0x7F, 0x36, 0x00, 0x79, 0xA0, 0x1B,
    0x81, 0xFA, 0xFC, 0x40, 0x73, 0x22, 0xD2, 0x25, 0xA0, 0xF8, 0xD4, 0xCB, 0x05, 0x37, 0xD5, 0xE7,
    0xE6, 0xBB, 0xA1, 0xDD, 0x87, 0x11, 0xB3, 0x36, 0xF1, 0xD2, 0xE7, 0xA5, 0x9E, 0xA9, 0xE7, 0x03,
    0x1B, 0x6D, 0x3C, 0x68, 0x26, 0x9A, 0xA9, 0xEB, 0x69, 0xF2, 0xAA, 0x27, 0x5C, 0x90, 0x3F, 0x70,
    0x81, 0xAE, 0x3F, 0x18, 0x12, 0xF2, 0x09, 0x32, 0x83, 0x37, 0x7B, 0x29, 0x9C, 0xB4, 0x26, 0x7E,
    0x19, 0x1E, 0xB8, 0x09, 0xDC, 0x7F, 0x05, 0x3C, 0xEC, 0x5D, 0xE0, 0xB5, 0x63, 0x60, 0x60, 0xB0,
    0xFF, 0xEF, 0x50, 0xFF, 0x9F, 0x61, 0xFF, 0x7F, 0x06, 0x00, 0xA5, 0x92, 0x01, 0xA6, 0x1C, 0x41,
    0x10, 0x86, 0x6B, 0x76, 0xE4, 0x0D, 0x06, 0x0B, 0x01, 0x1E, 0xF6, 0x08, 0x7B, 0x83, 0xF4, 0x3C,
    0xB9, 0xC0, 0x3B, 0x4A, 0x6E, 0xB0, 0x73, 0x8F, 0x40, 0x8E, 0x11, 0x60, 0x86, 0x77, 0x81, 0x91,
    0x0B, 0xA4, 0x11, 0x02, 0xC8, 0x60, 0xC5, 0x3C, 0xA6, 0xFB, 0x4F, 0xD5, 0x5F, 0x25, 0x36, 0x0B,
    0x22, 0x59, 0xF8, 0x7B, 0x8D, 0xFE, 0xAB, 0xBE, 0xBF, 0x7F, 0x11, 0x79, 0xAC, 0x07, 0x2C, 0xAA,
    0xC0, 0x0F, 0x6C, 0x22, 0x6D, 0x3D, 0xE1, 0x65, 0x17, 0xE9, 0xF6, 0x1E, 0x4F, 0x59, 0xE4, 0xB8,
    0x35, 0x10, 0x51, 0xBD, 0x1E, 0xAA, 0x4A, 0x33, 0x01, 0xB0, 0xCF, 0x70, 0x95, 0x94, 0x3B, 0x15,
    0xD5, 0xA5, 0xA7, 0x5E, 0xE6, 0xE3, 0x16, 0x7A, 0x35, 0x9D, 0xE6, 0xE3, 0x6A, 0x8A, 0xF1, 0xE4,
    0x3A, 0x9C, 0x4D, 0x1B, 0xE8, 0x4D, 0xD5, 0x83, 0xEA, 0x62, 0x5A, 0xF5, 0x86, 0xD8, 0xF8, 0xD0,
    0x22, 0x93, 0xA9, 0x9A, 0x63, 0x54, 0xED, 0x55, 0x07, 0xF9, 0x63, 0x1D, 0xEA, 0x69, 0x6D, 0x8B,
    0x8F, 0xF7, 0x35, 0x26, 0x1F, 0x93, 0x4A, 0x87, 0xD9, 0xB7, 0x7B, 0x15, 0xFF, 0x3D, 0xE0, 0x1B,
    0xF7, 0x02, 0x38, 0xF6, 0x3D, 0x06, 0x73, 0x6F, 0x40, 0x53, 0x79, 0xA6, 0xA7, 0x04, 0x61, 0x21,
    0x60, 0xF0, 0x19, 0x97, 0xE1, 0x6D, 0x41, 0x17, 0x70, 0x64, 0xE3, 0x30, 0x8C, 0x86, 0x64, 0x64,
    0xD9, 0xC1, 0x96, 0xE0, 0x0A, 0xAC, 0xA0, 0x22, 0xD4, 0xE5, 0x3B, 0x99, 0x12, 0x88, 0x64, 0x2E,
    0x1E, 0x17, 0x8F, 0xE4, 0xA1, 0xD8, 0x5D, 0xD2, 0xF0, 0x0F, 0x09, 0x3D, 0xAF, 0x40, 0xF9, 0x38,
    0x3B, 0xCA, 0xEC, 0x28, 0xA3, 0xA3, 0x0C, 0x9E, 0x0F, 0xDD, 0x54, 0x0C, 0xE5, 0x0B, 0x88, 0xF2,
    0x52, 0x69, 0xD0, 0x96, 0x88, 0x8A, 0x0C, 0x04, 0x0B, 0xA2, 0xC9, 0x89, 0x30, 0x1E, 0x1D, 0xE5,
    0xB4, 0x12, 0xC5, 0xC0, 0x0C, 0x25, 0x13, 0xC5, 0xB6, 0x6A, 0x43, 0x8A, 0xA4, 0x9F, 0x83, 0xA3,
    0x0C, 0x86, 0xD2, 0x6F, 0xFF, 0x84, 0xF2, 0x58, 0x9B, 0xA9, 0xDA, 0x01, 0xF8, 0x0A, 0x2C, 0xDE,
    0xBF, 0x3C, 0xAD, 0x5E, 0xC0, 0x31, 0x2D, 0x81, 0xF4, 0xF6, 0xE6, 0xCD, 0xD9, 0x41, 0x63, 0xEF,
    0xA8, 0x18, 0xA3, 0x85, 0x18, 0xA2, 0x86, 0x08, 0xAE, 0x26, 0x0E, 0xBC, 0x47, 0xC4, 0xB6, 0x12,
    0xD2, 0x5B, 0xC3, 0x2E, 0xB6, 0x3B, 0x41, 0x69, 0x60, 0xA8, 0x34, 0x20, 0x2C, 0x83, 0xE1, 0xCB,
    0xF1, 0x50, 0xCC, 0xA0, 0x7C, 0xF2, 0x46, 0xF6, 0x58, 0xBC, 0x92, 0x87, 0x1A, 0x0B, 0xDE, 0x96,
    0x52, 0xC2, 0x3F, 0xB2, 0xBE, 0xE9, 0x65, 0x14, 0x33, 0x9A, 0x79, 0x1B, 0xC2, 0xEB, 0xE7, 0x08,
    0x01, 0xD7, 0x08, 0xE1, 0xF2, 0x3B, 0x84, 0x35, 0x66, 0xA4, 0xCC, 0x19, 0x3C, 0x30, 0x84, 0x3D,
    0x2D, 0x1E, 0xC2, 0x66, 0xF5, 0x22, 0xC3, 0x34, 0x47, 0x08, 0x18, 0xE3, 0x71, 0x31, 0x78, 0x08,
    0x8D, 0x87, 0x40, 0x03, 0x0F, 0xC1, 0x96, 0xF7, 0x10, 0x6A, 0x84, 0xD0, 0x96, 0x08, 0xA1, 0x8B,
    0x10, 0xAC, 0x24, 0x0C, 0x81, 0x07, 0x86, 0xD0, 0x97, 0x0F, 0x1E, 0x42, 0x87, 0xEC, 0x21, 0x34,
    0x18, 0xFE, 0x3F, 0x84, 0x1E, 0xD9, 0x64, 0x82, 0x5D, 0x3A, 0xE0, 0x09, 0x2A, 0xF1, 0xA8, 0x06,
    0x41, 0xE7, 0x16, 0xF4, 0x4D, 0xD8, 0x4D, 0x2E, 0x26, 0x67, 0x4E, 0x71, 0x76, 0x92, 0xDF, 0x95,
    0x3A, 0x50, 0x03, 0x34, 0x24, 0x68, 0xC9, 0x7A, 0x57, 0xEA, 0x3C, 0xDA, 0xD4, 0xB3, 0xBF, 0x6F,
    0x57, 0xFE, 0xAA, 0xD4, 0xF5, 0xBE, 0xD4, 0x8E, 0x02, 0x54, 0x31, 0xD3, 0xC6, 0x18, 0xFA, 0x55,
    0x26, 0x43, 0xC9, 0x8E, 0x92, 0x2D, 0xA4, 0x13, 0x72, 0x82, 0x7E, 0x86, 0x11, 0xB5, 0xFB, 0xD1,
    0x50, 0xFA, 0x6B, 0xB7, 0x76, 0xBB, 0x4A, 0x3B, 0xF6, 0x2A, 0xBE, 0x40, 0x8B, 0xC5, 0xA4, 0xC1,
    0xCE, 0x3D, 0xCE, 0xE0, 0x1E, 0x07, 0xCC, 0x8A, 0xF2, 0x46, 0x69, 0x75, 0xF4, 0x3B, 0x49, 0xB3,
    0x6E, 0x75, 0x09, 0x99, 0xA7, 0x21, 0xAD, 0xCF, 0x09, 0x55, 0x87, 0xCC, 0x0F, 0xC8, 0x86, 0xF2,
    0x0B, 0x3C, 0x8D, 0xA1, 0x11, 0x42, 0x31, 0x10, 0x05, 0x33, 0x39, 0x81, 0x40, 0xA4, 0x04, 0x4A,
    0xC0, 0xE2, 0xFE, 0xD0, 0x04, 0xD5, 0x20, 0xE2, 0x68, 0x2B, 0x9E, 0x26, 0xCE, 0xE0, 0x91, 0x11,
    0xE1, 0x96, 0x7B, 0x9F, 0x19, 0x4E, 0xDC, 0x8A, 0x9D, 0x79, 0x5B, 0xFE, 0x77, 0xF9, 0x21, 0xF6,
    0x6F, 0x74, 0xA1, 0xE1, 0xC2, 0xC6, 0x14, 0xE2, 0x16, 0x52, 0x5E, 0x4E, 0x3D, 0xD5, 0xB8, 0x1F,
    0x3C, 0xD5, 0x08, 0x4B, 0xC9, 0x2B, 0x6A, 0x14, 0x83, 0xA8, 0xF4, 0x06, 0x1F, 0xC3, 0x37, 0x98,
    0x47, 0x66, 0xC2, 0xCF, 0xAC, 0x06, 0x57, 0x78, 0x1B, 0x3C, 0x60, 0x14, 0x78, 0x82, 0x96, 0x61,
    0xA9, 0x93, 0x4A, 0x55, 0x63, 0x28, 0x54, 0xD9, 0xB3, 0x75, 0x09, 0xED, 0xBB, 0xD9, 0x1F, 0x40,
    0x14, 0x44, 0x0A, 0x68, 0x15, 0xC4, 0x9D, 0x36, 0x08, 0x97, 0x03, 0x00,
};

static const EpdGlyph notoserif_14_bolditalicGlyphs[] = {
    { 0, 0, 0, 0, 0, 0, 0 }, // U+0000
    { 0, 0, 121, 0, 0, 0, 0 }, // U+000D
    { 0, 0, 121, 0, 0, 0, 0 }, // U+0020
    { 10, 21, 184, 2, 21, 53, 0 }, // !
    { 13, 8, 237, 4, 21, 26, 53 }, // "
    { 17, 21, 261, 0, 21, 90, 79 }, // #
    { 17, 25, 261, 0, 22, 107, 169 }, // $
    { 24, 21, 418, 2, 21, 126, 276 }, // %
    { 24, 21, 374, 0, 21, 126, 402 }, // &
    { 6, 8, 135, 4, 21, 12, 528 }, // '
    { 13, 28, 187, 1, 23, 91, 540 }, // (
    { 13, 28, 187, -2, 23, 91, 631 }, // )
    { 14, 13, 288, 4, 23, 46, 722 }, // *
    { 14, 13, 261, 1, 17, 46, 768 }, // +
    { 7, 9, 142, -1, 4, 16, 814 }, // ,
    { 9, 3, 145, 0, 9, 7, 830 }, // -
    { 6, 5, 142, 0, 5, 8, 837 }, // .
    { 15, 26, 134, -3, 22, 98, 845 }, // /
    { 15, 21, 261, 1, 21, 79, 943 }, // 0
    { 14, 21, 241, 0, 21, 74, 1022 }, // 1
    { 18, 21, 261, -1, 21, 95, 1096 }, // 2
    { 18, 22, 261, -1, 21, 99, 1191 }, // 3
    { 16, 21, 261, 0, 21, 84, 1290 }, // 4
    { 17, 22, 261, 0, 21, 94, 1374 }, // 5
    { 16, 21, 261, 1, 21, 84, 1468 }, // 6
    { 17, 21, 261, 1, 21, 90, 1552 }, // 7
    { 17, 21, 261, 0, 21, 90, 1642 }, // 8
    { 16, 21, 261, 0, 21, 84, 1732 }, // 9
    { 8, 16, 167, 1, 16, 32, 1816 }, // :
    { 10, 21, 167, -1, 16, 53, 1848 }, // ;
    { 14, 15, 261, 1, 18, 53, 1901 }, // <
    { 14, 8, 261, 1, 15, 28, 1954 }, // =
    { 14, 15, 261, 1, 18, 53, 1982 }, // >
    { 14, 21, 250, 2, 21, 74, 2035 }, // ?
    { 25, 25, 430, 1, 21, 157, 2109 }, // @
    { 23, 21, 351, -2, 21, 121, 2266 }, // A
    { 21, 21, 314, -1, 21, 111, 2387 }, // B
    { 20, 21, 312, 1, 21, 105, 2498 }, // C
    { 23, 21, 358, -1, 21, 121, 2603 }, // D
    { 21, 21, 295, -1, 21, 111, 2724 }, // E
    { 21, 21, 290, -1, 21, 111, 2835 }, // F
    { 22, 21, 372, 1, 21, 116, 2946 }, // G
    { 27, 21, 382, -1, 21, 142, 3062 }, // H
    { 15, 21, 187, -1, 21, 79, 3204 }, // I
    { 19, 28, 187, -5, 21, 133, 3283 }, // J
    { 25, 21, 346, -1, 21, 132, 3416 }, // K
    { 20, 21, 305, -1, 21, 105, 3548 }, // L
    { 31, 21, 444, -1, 21, 163, 3653 }, // M
    { 27, 21, 368, -1, 21, 142, 3816 }, // N
    { 22, 21, 370, 1, 21, 116, 3958 }, // O
    { 21, 21, 309, -1, 21, 111, 4074 }, // P
    { 22, 28, 367, 1, 21, 154, 4185 }, // Q
    { 22, 21, 330, -1, 21, 116, 4339 }, // R
    { 18, 21, 274, 0, 21, 95, 4455 }, // S
    { 21, 21, 305, 1, 21, 111, 4550 }, // T
    { 23, 21, 349, 2, 21, 121, 4661 }, // U
    { 22, 21, 326, 2, 21, 116, 4782 }, // V
    { 33, 21, 498, 2, 21, 174, 4898 }, // W
    { 26, 21, 342, -2, 21, 137, 5072 }, // X
    { 22, 21, 323, 2, 21, 116, 5209 }, // Y
    { 22, 21, 311, -1, 21, 116, 5325 }, // Z
    { 15, 28, 193, 0, 22, 105, 5441 }, // [
    { 4, 26, 134, 3, 22, 26, 5546 }, // <backslash>
    { 15, 28, 193, -2, 22, 105, 5572 }, // ]
    { 14, 14, 261, 1, 22, 49, 5677 }, // ^
    { 15, 3, 214, -3, -1, 12, 5726 }, // _
    { 7, 5, 156, 4, 23, 9, 5738 }, // `
    { 18, 16, 310, 1, 16, 72, 5747 }, // a
    { 17, 22, 291, 0, 22, 94, 5819 }, // b
    { 15, 16, 246, 1, 16, 60, 5913 }, // c
    { 18, 22, 310, 1, 22, 99, 5973 }, // d
    { 15, 16, 250, 1, 16, 60, 6072 }, // e
    { 22, 29, 189, -5, 22, 160, 6132 }, // f
    { 21, 24, 271, -2, 17, 126, 6292 }, // g
    { 19, 22, 306, 0, 22, 105, 6418 }, // h
    { 9, 22, 165, 1, 22, 50, 6523 }, // i
    { 15, 29, 158, -5, 22, 109, 6573 }, // j
    { 19, 22, 279, 0, 22, 105, 6682 }, // k
    { 9, 22, 165, 1, 22, 50, 6787 }, // l
    { 27, 16, 452, 1, 16, 108, 6837 }, // m
    { 19, 16, 314, 1, 16, 76, 6945 }, // n
    { 16, 16, 288, 1, 16, 64, 7021 }, // o
    { 18, 23, 291, -1, 16, 104, 7085 }, // p
    { 17, 23, 295, 1, 16, 98, 7189 }, // q
    { 16, 16, 257, 1, 16, 64, 7287 }, // r
    { 15, 16, 240, 0, 16, 60, 7351 }, // s
    { 12, 20, 195, 1, 20, 60, 7411 }, // t
    { 19, 16, 314, 1, 16, 76, 7471 }, // u
    { 17, 17, 274, 0, 16, 73, 7547 }, // v
    { 24, 17, 408, 1, 16, 102, 7620 }, // w
    { 19, 16, 282, -1, 16, 76, 7722 }, // x
    { 22, 23, 274, -5, 16, 127, 7798 }, // y
    { 16, 16, 260, 0, 16, 64, 7925 }, // z
    { 15, 28, 206, 1, 22, 105, 7989 }, // {
    { 3, 29, 261, 7, 22, 22, 8094 }, // |
    { 15, 28, 206, -2, 22, 105, 8116 }, // }
    { 14, 6, 261, 1, 14, 21, 8221 }, // ~
    { 0, 0, 121, 0, 0, 0, 0 }, // U+00A0
    { 10, 22, 184, 0, 16, 55, 0 }, // U+00A1
    { 16, 21, 261, 1, 21, 84, 55 }, // U+00A2
    { 18, 21, 261, -1, 21, 95, 139 }, // U+00A3
    { 13, 13, 261, 2, 17, 43, 234 }, // U+00A4
    { 18, 21, 261, 1, 21, 95, 277 }, // U+00A5
    { 3, 29, 261, 7, 22, 22, 372 }, // U+00A6
    { 16, 27, 254, 0, 22, 108, 394 }, // U+00A7
    { 11, 4, 269, 5, 22, 11, 502 }, // U+00A8
    { 23, 22, 394, 1, 22, 127, 513 }, // U+00A9
    { 12, 11, 201, 2, 22, 33, 640 }, // U+00AA
    { 15, 12, 259, 1, 14, 45, 673 }, // U+00AB
    { 14, 8, 261, 1, 12, 28, 718 }, // U+00AC
    { 9, 3, 145, 0, 9, 7, 746 }, // U+00AD
    { 23, 22, 394, 1, 22, 127, 753 }, // U+00AE
    { 15, 3, 214, 2, 25, 12, 880 }, // U+00AF
    { 10, 9, 187, 3, 21, 23, 892 }, // U+00B0
    { 14, 17, 261, 1, 17, 60, 915 }, // U+00B1
    { 12, 14, 187, 1, 25, 42, 975 }, // U+00B2
    { 12, 14, 187, 1, 25, 42, 1017 }, // U+00B3
    { 9, 5, 152, 3, 23, 12, 1059 }, // U+00B4
    { 21, 23, 316, -1, 16, 121, 1071 }, // U+00B5
    { 17, 26, 293, 1, 22, 111, 1192 }, // U+00B6
    { 6, 5, 142, 2, 13, 8, 1303 }, // U+00B7
    { 9, 8, 155, 0, 1, 18, 1311 }, // U+00B8
    { 9, 13, 187, 2, 24, 30, 1329 }, // U+00B9
    { 12, 11, 190, 2, 22, 33, 1359 }, // U+00BA
    { 15, 12, 259, 0, 14, 45, 1392 }, // U+00BB
    { 23, 22, 412, 2, 21, 127, 1437 }, // U+00BC
    { 23, 21, 412, 2, 21, 121, 1564 }, // U+00BD
    { 24, 22, 412, 1, 21, 132, 1685 }, // U+00BE
    { 14, 22, 250, 0, 16, 77, 1817 }, // U+00BF
    { 23, 28, 351, -2, 28, 161, 1894 }, // U+00C0
    { 23, 28, 351, -2, 28, 161, 2055 }, // U+00C1
    { 23, 28, 351, -2, 28, 161, 2216 }, // U+00C2
    { 23, 28, 351, -2, 28, 161, 2377 }, // U+00C3
    { 23, 27, 351, -2, 27, 156, 2538 }, // U+00C4
    { 23, 26, 351, -2, 26, 150, 2694 }, // U+00C5
    { 32, 21, 463, -2, 21, 168, 2844 }, // U+00C6
    { 20, 28, 312, 1, 21, 140, 3012 }, // U+00C7
    { 21, 28, 295, -1, 28, 147, 3152 }, // U+00C8
    { 21, 28, 295, -1, 28, 147, 3299 }, // U+00C9
    { 21, 28, 295, -1, 28, 147, 3446 }, // U+00CA
    { 21, 27, 295, -1, 27, 142, 3593 }, // U+00CB
    { 15, 28, 187, -1, 28, 105, 3735 }, // U+00CC
    { 17, 28, 187, -1, 28, 119, 3840 }, // U+00CD
    { 16, 28, 187, -1, 28, 112, 3959 }, // U+00CE
    { 16, 27, 187, -1, 27, 108, 4071 }, // U+00CF
    { 23, 21, 358, -1, 21, 121, 4179 }, // U+00D0
    { 27, 28, 368, -1, 28, 189, 4300 }, // U+00D1
    { 22, 28, 370, 1, 28, 154, 4489 }, // U+00D2
    { 22, 28, 370, 1, 28, 154, 4643 }, // U+00D3
    { 22, 28, 370, 1, 28, 154, 4797 }, // U+00D4
    { 22, 28, 370, 1, 28, 154, 4951 }, // U+00D5
    { 22, 27, 370, 1, 27, 149, 5105 }, // U+00D6
    { 12, 13, 261, 2, 17, 39, 5254 }, // U+00D7
    { 22, 23, 370, 1, 22, 127, 5293 }, // U+00D8
    { 23, 28, 349, 2, 28, 161, 5420 }, // U+00D9
    { 23, 28, 349, 2, 28, 161, 5581 }, // U+00DA
    { 23, 28, 349, 2, 28, 161, 5742 }, // U+00DB
    { 23, 27, 349, 2, 27, 156, 5903 }, // U+00DC
    { 22, 28, 323, 2, 28, 154, 6059 }, // U+00DD
    { 20, 21, 298, -1, 21, 105, 6213 }, // U+00DE
    { 25, 29, 324, -5, 22, 182, 6318 }, // U+00DF
    { 18, 22, 310, 1, 22, 99, 6500 }, // U+00E0
    { 18, 22, 310, 1, 22, 99, 6599 }, // U+00E1
    { 18, 22, 310, 1, 22, 99, 6698 }, // U+00E2
    { 18, 23, 310, 1, 23, 104, 6797 }, // U+00E3
    { 18, 22, 310, 1, 22, 99, 6901 }, // U+00E4
    { 18, 25, 310, 1, 25, 113, 7000 }, // U+00E5
    { 25, 16, 411, 1, 16, 100, 7113 }, // U+00E6
    { 15, 23, 246, 1, 16, 87, 7213 }, // U+00E7
    { 15, 22, 250, 1, 22, 83, 7300 }, // U+00E8
    { 17, 22, 250, 1, 22, 94, 7383 }, // U+00E9
    { 15, 22, 250, 1, 22, 83, 7477 }, // U+00EA
    { 15, 22, 250, 1, 22, 83, 7560 }, // U+00EB
    { 9, 22, 165, 1, 22, 50, 7643 }, // U+00EC
    { 12, 22, 165, 1, 22, 66, 7693 }, // U+00ED
    { 12, 22, 165, 0, 22, 66, 7759 }, // U+00EE
    { 11, 22, 165, 1, 22, 61, 7825 }, // U+00EF
    { 16, 23, 287, 1, 23, 92, 7886 }, // U+00F0
    { 19, 23, 314, 1, 23, 110, 7978 }, // U+00F1
    { 16, 22, 288, 1, 22, 88, 8088 }, // U+00F2
    { 17, 22, 288, 1, 22, 94, 8176 }, // U+00F3
    { 16, 22, 288, 1, 22, 88, 8270 }, // U+00F4
    { 17, 23, 288, 1, 23, 98, 8358 }, // U+00F5
    { 16, 22, 288, 1, 22, 88, 8456 }, // U+00F6
    { 14, 15, 261, 1, 18, 53, 8544 }, // U+00F7
    { 18, 19, 288, 0, 18, 86, 8597 }, // U+00F8
    { 19, 22, 314, 1, 22, 105, 8683 }, // U+00F9
    { 19, 22, 314, 1, 22, 105, 8788 }, // U+00FA
    { 19, 22, 314, 1, 22, 105, 8893 }, // U+00FB
    { 19, 22, 314, 1, 22, 105, 8998 }, // U+00FC
    { 22, 29, 274, -5, 22, 160, 9103 }, // U+00FD
    { 18, 29, 291, -1, 22, 131, 9263 }, // U+00FE
    { 22, 29, 274, -5, 22, 160, 9394 }, // U+00FF
    { 23, 25, 351, -2, 25, 144, 0 }, // U+0100
    { 18, 21, 310, 1, 21, 95, 144 }, // U+0101
    { 23, 27, 351, -2, 27, 156, 239 }, // U+0102
    { 18, 22, 310, 1, 22, 99, 395 }, // U+0103
    { 23, 28, 351, -2, 21, 161, 494 }, // U+0104
    { 18, 23, 310, 1, 16, 104, 655 }, // U+0105
    { 21, 28, 312, 1, 28, 147, 759 }, // U+0106
    { 17, 22, 246, 1, 22, 94, 906 }, // U+0107
    { 20, 28, 312, 1, 28, 140, 1000 }, // U+0108
    { 16, 22, 246, 1, 22, 88, 1140 }, // U+0109
    { 20, 28, 312, 1, 28, 140, 1228 }, // U+010A
    { 15, 22, 246, 1, 22, 83, 1368 }, // U+010B
    { 20, 28, 312, 1, 28, 140, 1451 }, // U+010C
    { 16, 22, 246, 1, 22, 88, 1591 }, // U+010D
    { 23, 28, 358, -1, 28, 161, 1679 }, // U+010E
    { 25, 22, 310, 1, 22, 138, 1840 }, // U+010F
    { 23, 21, 358, -1, 21, 121, 1978 }, // U+0110
    { 20, 22, 310, 1, 22, 110, 2099 }, // U+0111
    { 21, 25, 295, -1, 25, 132, 2209 }, // U+0112
    { 15, 21, 250, 1, 21, 79, 2341 }, // U+0113
    { 21, 27, 295, -1, 27, 142, 2420 }, // U+0114
    { 15, 22, 250, 1, 22, 83, 2562 }, // U+0115
    { 21, 27, 295, -1, 27, 142, 2645 }, // U+0116
    { 15, 22, 250, 1, 22, 83, 2787 }, // U+0117
    { 21, 28, 295, -1, 21, 147, 2870 }, // U+0118
    { 15, 23, 250, 1, 16, 87, 3017 }, // U+0119
    { 21, 28, 295, -1, 28, 147, 3104 }, // U+011A
    { 16, 22, 250, 1, 22, 88, 3251 }, // U+011B
    { 22, 28, 372, 1, 28, 154, 3339 }, // U+011C
    { 21, 30, 271, -2, 23, 158, 3493 }, // U+011D
    { 22, 27, 372, 1, 27, 149, 3651 }, // U+011E
    { 21, 29, 271, -2, 22, 153, 3800 }, // U+011F
    { 22, 28, 372, 1, 28, 154, 3953 }, // U+0120
    { 21, 29, 271, -2, 22, 153, 4107 }, // U+0121
    { 22, 27, 372, 1, 21, 149, 4260 }, // U+0122
    { 21, 30, 271, -2, 23, 158, 4409 }, // U+0123
    { 27, 28, 382, -1, 28, 189, 4567 }, // U+0124
    { 19, 29, 306, 0, 29, 138, 4756 }, // U+0125
    { 27, 21, 382, -1, 21, 142, 4894 }, // U+0126
    { 19, 22, 306, 0, 22, 105, 5036 }, // U+0127
    { 17, 28, 187, -1, 28, 119, 5141 }, // U+0128
    { 13, 23, 165, 0, 23, 75, 5260 }, // U+0129
    { 15, 25, 187, -1, 25, 94, 5335 }, // U+012A
    { 10, 21, 165, 1, 21, 53, 5429 }, // U+012B
    { 16, 27, 187, -1, 27, 108, 5482 }, // U+012C
    { 11, 22, 165, 1, 22, 61, 5590 }, // U+012D
    { 15, 28, 187, -1, 21, 105, 5651 }, // U+012E
    { 10, 29, 165, 0, 22, 73, 5756 }, // U+012F
    { 15, 27, 187, -1, 27, 102, 5829 }, // U+0130
    { 9, 16, 165, 1, 16, 36, 5931 }, // U+0131
    { 27, 28, 374, -1, 21, 189, 5967 }, // U+0132
    { 19, 29, 323, 1, 22, 138, 6156 }, // U+0133
    { 20, 35, 187, -5, 28, 175, 6294 }, // U+0134
    { 17, 29, 158, -5, 22, 124, 6469 }, // U+0135
    { 25, 28, 346, -1, 21, 175, 6593 }, // U+0136
    { 19, 29, 279, 0, 22, 138, 6768 }, // U+0137
    { 19, 16, 279, 0, 16, 76, 6906 }, // U+0138
    { 20, 28, 305, -1, 28, 140, 6982 }, // U+0139
    { 14, 29, 165, 1, 29, 102, 7122 }, // U+013A
    { 20, 28, 305, -1, 21, 140, 7224 }, // U+013B
    { 11, 28, 165, -1, 22, 77, 7364 }, // U+013C
    { 21, 21, 305, -1, 21, 111, 7441 }, // U+013D
    { 15, 22, 165, 1, 22, 83, 7552 }, // U+013E
    { 20, 21, 305, -1, 21, 105, 7635 }, // U+013F
    { 14, 22, 216, 1, 22, 77, 7740 }, // U+0140
    { 20, 21, 305, -1, 21, 105, 7817 }, // U+0141
    { 12, 22, 165, -1, 22, 66, 7922 }, // U+0142
    { 27, 28, 368, -1, 28, 189, 7988 }, // U+0143
    { 19, 22, 314, 1, 22, 105, 8177 }, // U+0144
    { 27, 28, 368, -1, 21, 189, 8282 }, // U+0145
    { 19, 22, 314, 1, 16, 105, 8471 }, // U+0146
    { 27, 28, 368, -1, 28, 189, 8576 }, // U+0147
    { 19, 22, 314, 1, 22, 105, 8765 }, // U+0148
    { 26, 21, 410, 0, 21, 137, 8870 }, // U+0149
    { 27, 28, 356, -1, 21, 189, 9007 }, // U+014A
    { 17, 23, 304, 1, 16, 98, 9196 }, // U+014B
    { 22, 26, 370, 1, 26, 143, 9294 }, // U+014C
    { 16, 21, 288, 1, 21, 84, 9437 }, // U+014D
    { 22, 28, 370, 1, 28, 154, 9521 }, // U+014E
    { 16, 22, 288, 1, 22, 88, 9675 }, // U+014F
    { 22, 28, 370, 1, 28, 154, 9763 }, // U+0150
    { 18, 22, 288, 1, 22, 99, 9917 }, // U+0151
    { 29, 21, 463, 1, 21, 153, 10016 }, // U+0152
    { 26, 16, 421, 1, 16, 104, 10169 }, // U+0153
    { 22, 28, 330, -1, 28, 154, 10273 }, // U+0154
    { 16, 22, 257, 1, 22, 88, 10427 }, // U+0155
    { 22, 28, 330, -1, 21, 154, 10515 }, // U+0156
    { 18, 23, 257, -1, 16, 104, 10669 }, // U+0157
    { 22, 28, 330, -1, 28, 154, 10773 }, // U+0158
    { 16, 22, 257, 1, 22, 88, 10927 }, // U+0159
    { 19, 28, 274, 0, 28, 133, 11015 }, // U+015A
    { 17, 22, 240, 0, 22, 94, 11148 }, // U+015B
    { 18, 28, 274, 0, 28, 126, 11242 }, // U+015C
    { 15, 22, 240, 0, 22, 83, 11368 }, // U+015D
    { 18, 28, 274, 0, 21, 126, 11451 }, // U+015E
    { 15, 23, 240, 0, 16, 87, 11577 }, // U+015F
    { 18, 28, 274, 0, 28, 126, 11664 }, // U+0160
    { 16, 22, 240, 0, 22, 88, 11790 }, // U+0161
    { 21, 29, 305, 1, 21, 153, 11878 }, // U+0162
    { 13, 27, 195, 0, 20, 88, 12031 }, // U+0163
    { 21, 28, 305, 1, 28, 147, 12119 }, // U+0164
    { 16, 22, 195, 1, 22, 88, 12266 }, // U+0165
    { 21, 21, 305, 1, 21, 111, 12354 }, // U+0166
    { 13, 20, 195, 0, 20, 65, 12465 }, // U+0167
    { 23, 28, 349, 2, 28, 161, 12530 }, // U+0168
    { 19, 23, 314, 1, 23, 110, 12691 }, // U+0169
    { 23, 26, 349, 2, 26, 150, 12801 }, // U+016A
    { 19, 21, 314, 1, 21, 100, 12951 }, // U+016B
    { 23, 28, 349, 2, 28, 161, 13051 }, // U+016C
    { 19, 22, 314, 1, 22, 105, 13212 }, // U+016D
    { 23, 30, 349, 2, 30, 173, 13317 }, // U+016E
    { 19, 25, 314, 1, 25, 119, 13490 }, // U+016F
    { 23, 28, 349, 2, 28, 161, 13609 }, // U+0170
    { 19, 22, 314, 1, 22, 105, 13770 }, // U+0171
    { 23, 28, 349, 2, 21, 161, 13875 }, // U+0172
    { 19, 23, 314, 1, 16, 110, 14036 }, // U+0173
    { 33, 28, 498, 2, 28, 231, 14146 }, // U+0174
    { 24, 23, 408, 1, 22, 138, 14377 }, // U+0175
    { 22, 28, 323, 2, 28, 154, 14515 }, // U+0176
    { 22, 29, 274, -5, 22, 160, 14669 }, // U+0177
    { 22, 27, 323, 2, 27, 149, 14829 }, // U+0178
    { 22, 28, 311, -1, 28, 154, 14978 }, // U+0179
    { 16, 22, 260, 0, 22, 88, 15132 }, // U+017A
    { 22, 27, 311, -1, 27, 149, 15220 }, // U+017B
    { 16, 22, 260, 0, 22, 88, 15369 }, // U+017C
    { 22, 28, 311, -1, 28, 154, 15457 }, // U+017D
    { 16, 22, 260, 0, 22, 88, 15611 }, // U+017E
    { 22, 29, 189, -5, 22, 160, 15699 }, // U+017F
    { 27, 22, 393, 1, 22, 149, 0 }, // U+01A0
    { 21, 19, 313, 1, 19, 100, 149 }, // U+01A1
    { 26, 22, 398, 2, 22, 143, 249 }, // U+01AF
    { 24, 19, 363, 1, 19, 114, 392 }, // U+01B0
    { 44, 28, 669, -1, 28, 308, 506 }, // U+01C4
    { 39, 22, 619, -1, 22, 215, 814 }, // U+01C5
    { 34, 22, 571, 1, 22, 187, 1029 }, // U+01C6
    { 34, 28, 492, -1, 21, 238, 1216 }, // U+01C7
    { 30, 29, 463, -1, 22, 218, 1454 }, // U+01C8
    { 19, 29, 323, 1, 22, 138, 1672 }, // U+01C9
    { 38, 28, 555, -1, 21, 266, 1810 }, // U+01CA
    { 34, 29, 526, -1, 22, 247, 2076 }, // U+01CB
    { 29, 29, 471, 1, 22, 211, 2323 }, // U+01CC
    { 23, 28, 351, -2, 28, 161, 2534 }, // U+01CD
    { 18, 22, 310, 1, 22, 99, 2695 }, // U+01CE
    { 17, 28, 187, -1, 28, 119, 2794 }, // U+01CF
    { 12, 22, 165, 1, 22, 66, 2913 }, // U+01D0
    { 22, 28, 370, 1, 28, 154, 2979 }, // U+01D1
    { 17, 22, 288, 1, 22, 94, 3133 }, // U+01D2
    { 23, 28, 349, 2, 28, 161, 3227 }, // U+01D3
    { 19, 22, 314, 1, 22, 105, 3388 }, // U+01D4
    { 23, 30, 349, 2, 30, 173, 3493 }, // U+01D5
    { 19, 26, 314, 1, 26, 124, 3666 }, // U+01D6
    { 23, 31, 349, 2, 31, 179, 3790 }, // U+01D7
    { 19, 26, 314, 1, 26, 124, 3969 }, // U+01D8
    { 23, 31, 349, 2, 31, 179, 4093 }, // U+01D9
    { 19, 26, 314, 1, 26, 124, 4272 }, // U+01DA
    { 23, 31, 349, 2, 31, 179, 4396 }, // U+01DB
    { 19, 26, 314, 1, 26, 124, 4575 }, // U+01DC
    { 16, 16, 262, 0, 16, 64, 4699 }, // U+01DD
    { 23, 30, 351, -2, 30, 173, 4763 }, // U+01DE
    { 18, 26, 310, 1, 26, 117, 4936 }, // U+01DF
    { 23, 30, 351, -2, 30, 173, 5053 }, // U+01E0
    { 18, 25, 310, 1, 25, 113, 5226 }, // U+01E1
    { 32, 25, 463, -2, 25, 200, 5339 }, // U+01E2
    { 25, 21, 411, 1, 21, 132, 5539 }, // U+01E3
    { 22, 21, 372, 1, 21, 116, 5671 }, // U+01E4
    { 21, 24, 271, -2, 17, 126, 5787 }, // U+01E5
    { 22, 28, 372, 1, 28, 154, 5913 }, // U+01E6
    { 21, 30, 271, -2, 23, 158, 6067 }, // U+01E7
    { 25, 28, 346, -1, 28, 175, 6225 }, // U+01E8
    { 19, 28, 279, 0, 28, 133, 6400 }, // U+01E9
    { 22, 28, 370, 1, 21, 154, 6533 }, // U+01EA
    { 16, 23, 288, 1, 16, 92, 6687 }, // U+01EB
    { 22, 33, 370, 1, 26, 182, 6779 }, // U+01EC
    { 16, 28, 288, 1, 21, 112, 6961 }, // U+01ED
    { 19, 28, 283, 0, 28, 133, 7073 }, // U+01EE
    { 18, 29, 261, -1, 22, 131, 7206 }, // U+01EF
    { 18, 29, 158, -5, 22, 131, 7337 }, // U+01F0
    { 44, 21, 669, -1, 21, 231, 7468 }, // U+01F1
    { 39, 21, 619, -1, 21, 205, 7699 }, // U+01F2
    { 34, 22, 571, 1, 22, 187, 7904 }, // U+01F3
    { 22, 28, 372, 1, 28, 154, 8091 }, // U+01F4
    { 21, 30, 271, -2, 23, 158, 8245 }, // U+01F5
    { 35, 21, 532, -1, 21, 184, 8403 }, // U+01F6
    { 25, 28, 350, -3, 21, 175, 8587 }, // U+01F7
    { 27, 28, 368, -1, 28, 189, 8762 }, // U+01F8
    { 19, 22, 314, 1, 22, 105, 8951 }, // U+01F9
    { 23, 29, 351, -2, 29, 167, 9056 }, // U+01FA
    { 18, 30, 310, 1, 30, 135, 9223 }, // U+01FB
    { 32, 28, 463, -2, 28, 224, 9358 }, // U+01FC
    { 25, 22, 411, 1, 22, 138, 9582 }, // U+01FD
    { 22, 29, 370, 1, 28, 160, 9720 }, // U+01FE
    { 18, 24, 288, 0, 23, 108, 9880 }, // U+01FF
    { 23, 28, 351, -2, 28, 161, 9988 }, // U+0200
    { 18, 22, 310, 1, 22, 99, 10149 }, // U+0201
    { 23, 27, 351, -2, 27, 156, 10248 }, // U+0202
    { 18, 22, 310, 1, 22, 99, 10404 }, // U+0203
    { 21, 28, 295, -1, 28, 147, 10503 }, // U+0204
    { 15, 22, 250, 1, 22, 83, 10650 }, // U+0205
    { 21, 27, 295, -1, 27, 142, 10733 }, // U+0206
    { 15, 22, 250, 1, 22, 83, 10875 }, // U+0207
    { 15, 28, 187, -1, 28, 105, 10958 }, // U+0208
    { 13, 22, 165, -2, 22, 72, 11063 }, // U+0209
    { 16, 28, 187, -1, 28, 112, 11135 }, // U+020A
    { 12, 22, 165, 1, 22, 66, 11247 }, // U+020B
    { 22, 28, 370, 1, 28, 154, 11313 }, // U+020C
    { 16, 22, 288, 1, 22, 88, 11467 }, // U+020D
    { 22, 28, 370, 1, 28, 154, 11555 }, // U+020E
    { 16, 22, 288, 1, 22, 88, 11709 }, // U+020F
    { 22, 28, 330, -1, 28, 154, 11797 }, // U+0210
    { 16, 22, 257, 1, 22, 88, 11951 }, // U+0211
    { 22, 27, 330, -1, 27, 149, 12039 }, // U+0212
    { 16, 22, 257, 1, 22, 88, 12188 }, // U+0213
    { 23, 28, 349, 2, 28, 161, 12276 }, // U+0214
    { 19, 22, 314, 1, 22, 105, 12437 }, // U+0215
    { 23, 28, 349, 2, 28, 161, 12542 }, // U+0216
    { 19, 22, 314, 1, 22, 105, 12703 }, // U+0217
    { 18, 27, 274, 0, 21, 122, 12808 }, // U+0218
    { 15, 22, 240, 0, 16, 83, 12930 }, // U+0219
    { 21, 28, 305, 1, 21, 147, 13013 }, // U+021A
    { 13, 26, 195, 0, 20, 85, 13160 }, // U+021B
    { 19, 27, 286, -1, 21, 129, 13245 }, // U+021C
    { 17, 24, 238, -3, 16, 102, 13374 }, // U+021D
    { 27, 28, 382, -1, 28, 189, 13476 }, // U+021E
    { 19, 29, 306, 0, 29, 138, 13665 }, // U+021F
    { 7, 5, 0, -14, 23, 9, 0 }, // U+0300
    { 10, 5, 0, -10, 23, 13, 9 }, // U+0301
    { 12, 5, 0, -4, 23, 15, 22 }, // U+0302
    { 12, 5, 0, -14, 23, 15, 37 }, // U+0303
    { 10, 3, 0, -3, 21, 8, 52 }, // U+0304
    { 10, 3, 0, -2, 25, 8, 60 }, // U+0305
    { 11, 5, 0, -3, 23, 14, 68 }, // U+0306
    { 6, 4, 0, 0, 22, 6, 82 }, // U+0307
    { 11, 4, 0, -3, 22, 11, 88 }, // U+0308
    { 8, 9, 0, -11, 26, 18, 99 }, // U+0309
    { 8, 8, 0, -1, 25, 16, 117 }, // U+030A
    { 14, 5, 0, -4, 23, 18, 133 }, // U+030B
    { 11, 5, 0, -2, 23, 14, 151 }, // U+030C
    { 5, 5, 0, 0, 22, 7, 165 }, // U+030D
    { 9, 5, 0, -2, 22, 12, 172 }, // U+030E
    { 13, 5, 0, -14, 23, 17, 184 }, // U+030F
    { 10, 8, 0, -2, 26, 20, 201 }, // U+0310
    { 10, 5, 0, -3, 23, 13, 221 }, // U+0311
    { 7, 9, 0, -1, 21, 16, 234 }, // U+0312
    { 7, 9, 0, -2, 21, 16, 250 }, // U+0313
    { 6, 9, 0, -1, 21, 14, 266 }, // U+0314
    { 7, 9, 0, -2, 21, 16, 280 }, // U+0315
    { 7, 5, 0, -6, -2, 9, 296 }, // U+0316
    { 9, 5, 0, -7, -2, 12, 305 }, // U+0317
    { 6, 6, 0, -4, 0, 9, 317 }, // U+0318
    { 6, 6, 0, -5, 0, 9, 326 }, // U+0319
    { 10, 9, 175, 2, 23, 23, 335 }, // U+031A
    { 7, 7, 0, -2, 23, 13, 358 }, // U+031B
    { 6, 8, 0, -5, 1, 12, 371 }, // U+031C
    { 7, 5, 0, -6, -1, 9, 383 }, // U+031D
    { 7, 6, 0, -5, 0, 11, 392 }, // U+031E
    { 6, 6, 0, -5, -1, 9, 403 }, // U+031F
    { 7, 3, 0, -6, -1, 6, 412 }, // U+0320
    { 8, 8, 0, -8, 2, 16, 418 }, // U+0321
    { 6, 7, 0, -3, 1, 11, 434 }, // U+0322
    { 6, 4, 0, -14, -2, 6, 445 }, // U+0323
    { 12, 4, 0, -8, -1, 12, 451 }, // U+0324
    { 8, 8, 0, -6, 0, 16, 463 }, // U+0325
    { 7, 5, 0, -6, -1, 9, 479 }, // U+0326
    { 8, 8, 0, -6, 1, 16, 488 }, // U+0327
    { 8, 7, 0, -6, 0, 14, 504 }, // U+0328
    { 4, 5, 0, -4, -1, 5, 518 }, // U+0329
    { 12, 6, 0, -8, -1, 18, 523 }, // U+032A
    { 11, 5, 0, -7, -1, 14, 541 }, // U+032B
    { 11, 5, 0, -7, -1, 14, 555 }, // U+032C
    { 11, 5, 0, -8, -1, 14, 569 }, // U+032D
    { 10, 5, 0, -7, -1, 13, 583 }, // U+032E
    { 10, 5, 0, -7, -1, 13, 596 }, // U+032F
    { 13, 5, 0, -9, -1, 17, 609 }, // U+0330
    { 10, 3, 0, -7, -1, 8, 626 }, // U+0331
    { 14, 3, 0, -15, -2, 11, 634 }, // U+0332
    { 14, 5, 0, -15, -1, 18, 645 }, // U+0333
    { 13, 5, 0, -6, 11, 17, 663 }, // U+0334
    { 12, 3, 0, -6, 10, 9, 680 }, // U+0335
    { 20, 3, 0, -10, 10, 15, 689 }, // U+0336
    { 12, 9, 0, -6, 13, 27, 704 }, // U+0337
    { 17, 26, 0, -8, 23, 111, 731 }, // U+0338
    { 5, 8, 0, -4, 1, 10, 842 }, // U+0339
    { 12, 5, 0, -8, -2, 15, 852 }, // U+033A
    { 13, 6, 0, -9, -1, 20, 867 }, // U+033B
    { 10, 5, 0, -7, 0, 13, 887 }, // U+033C
    { 7, 6, 0, -1, 23, 11, 900 }, // U+033D
    { 6, 9, 0, 0, 26, 14, 911 }, // U+033E
    { 14, 5, 0, -3, 27, 18, 925 }, // U+033F
    { 8, 5, 0, -3, 23, 10, 943 }, // U+0340
    { 9, 5, 0, -1, 23, 12, 953 }, // U+0341
    { 13, 5, 0, -4, 23, 17, 965 }, // U+0342
    { 6, 6, 0, 1, 24, 9, 982 }, // U+0343
    { 13, 7, 0, -4, 23, 23, 991 }, // U+0344
    { 7, 6, 0, -2, -1, 11, 1014 }, // U+0345
    { 13, 6, 0, -4, 24, 20, 1025 }, // U+0346
    { 14, 5, 0, -9, -1, 18, 1045 }, // U+0347
    { 9, 5, 0, -7, -1, 12, 1063 }, // U+0348
    { 6, 6, 0, -4, -1, 9, 1075 }, // U+0349
    { 13, 8, 0, -4, 24, 26, 1084 }, // U+034A
    { 13, 12, 0, -4, 29, 39, 1110 }, // U+034B
    { 13, 10, 0, -4, 27, 33, 1149 }, // U+034C
    { 10, 6, 0, -7, -1, 15, 1182 }, // U+034D
    { 6, 7, 0, -5, 0, 11, 1197 }, // U+034E
    { 22, 22, 0, -11, 22, 121, 1208 }, // U+034F
    { 6, 6, 0, -1, 23, 9, 1329 }, // U+0350
    { 5, 8, 0, 0, 25, 10, 1338 }, // U+0351
    { 11, 8, 0, -3, 25, 22, 1348 }, // U+0352
    { 6, 7, 0, -5, -1, 11, 1370 }, // U+0353
    { 6, 6, 0, -5, -1, 9, 1381 }, // U+0354
    { 6, 6, 0, -5, -1, 9, 1390 }, // U+0355
    { 12, 6, 0, -8, -1, 18, 1399 }, // U+0356
    { 6, 8, 0, -1, 25, 12, 1417 }, // U+0357
    { 6, 4, 0, 4, 22, 6, 1429 }, // U+0358
    { 8, 8, 0, -4, 0, 16, 1435 }, // U+0359
    { 11, 7, 0, -8, 0, 20, 1451 }, // U+035A
    { 7, 6, 0, -1, 23, 11, 1471 }, // U+035B
    { 23, 6, 0, -13, 0, 35, 1482 }, // U+035C
    { 23, 6, 0, -8, 23, 35, 1517 }, // U+035D
    { 19, 3, 0, -7, 21, 15, 1552 }, // U+035E
    { 19, 3, 0, -12, -1, 15, 1567 }, // U+035F
    { 25, 5, 0, -10, 23, 32, 1582 }, // U+0360
    { 25, 6, 0, -10, 26, 38, 1614 }, // U+0361
    { 19, 6, 0, -12, -1, 29, 1652 }, // U+0362
    { 8, 7, 0, -1, 25, 14, 1681 }, // U+0363
    { 8, 7, 0, -1, 25, 14, 1695 }, // U+0364
    { 4, 11, 0, 1, 29, 11, 1709 }, // U+0365
    { 8, 7, 0, -1, 25, 14, 1720 }, // U+0366
    { 9, 7, 0, -1, 25, 16, 1734 }, // U+0367
    { 8, 7, 0, -1, 25, 14, 1750 }, // U+0368
    { 8, 9, 0, -1, 27, 18, 1764 }, // U+0369
    { 9, 10, 0, -2, 28, 23, 1782 }, // U+036A
    { 13, 6, 0, -3, 24, 20, 1805 }, // U+036B
    { 8, 7, 0, -1, 24, 14, 1825 }, // U+036C
    { 6, 8, 0, 0, 26, 12, 1839 }, // U+036D
    { 8, 7, 0, -1, 25, 14, 1851 }, // U+036E
    { 9, 7, 0, -2, 25, 16, 1865 }, // U+036F
    { 21, 28, 305, -1, 28, 147, 0 }, // U+0400
    { 21, 27, 305, -1, 27, 142, 147 }, // U+0401
    { 22, 21, 384, 1, 21, 116, 289 }, // U+0402
    { 21, 28, 276, -1, 28, 147, 405 }, // U+0403
    { 20, 21, 307, 1, 21, 105, 552 }, // U+0404
    { 18, 21, 274, -1, 21, 95, 657 }, // U+0405
    { 15, 21, 187, -1, 21, 79, 752 }, // U+0406
    { 16, 27, 187, -1, 27, 108, 831 }, // U+0407
    { 18, 28, 184, -4, 21, 126, 939 }, // U+0408
    { 30, 21, 454, -2, 21, 158, 1065 }, // U+0409
    { 30, 21, 482, -1, 21, 158, 1223 }, // U+040A
    { 23, 21, 414, 1, 21, 121, 1381 }, // U+040B
    { 24, 28, 341, -1, 28, 168, 1502 }, // U+040C
    { 27, 28, 382, -1, 28, 189, 1670 }, // U+040D
    { 22, 28, 327, 2, 28, 154, 1859 }, // U+040E
    { 27, 27, 376, -1, 21, 183, 2013 }, // U+040F
    { 23, 21, 350, -2, 21, 121, 2196 }, // U+0410
    { 20, 21, 298, -1, 21, 105, 2317 }, // U+0411
    { 20, 21, 315, -1, 21, 105, 2422 }, // U+0412
    { 21, 21, 276, -1, 21, 111, 2527 }, // U+0413
    { 28, 27, 359, -3, 21, 189, 2638 }, // U+0414
    { 21, 21, 305, -1, 21, 111, 2827 }, // U+0415
    { 35, 21, 483, -2, 21, 184, 2938 }, // U+0416
    { 19, 21, 290, -1, 21, 100, 3122 }, // U+0417
    { 27, 21, 385, -1, 21, 142, 3222 }, // U+0418
    { 27, 28, 385, -1, 28, 189, 3364 }, // U+0419
    { 24, 21, 341, -1, 21, 126, 3553 }, // U+041A
    { 26, 21, 350, -2, 21, 137, 3679 }, // U+041B
    { 32, 21, 452, -1, 21, 168, 3816 }, // U+041C
    { 27, 21, 380, -1, 21, 142, 3984 }, // U+041D
    { 21, 21, 358, 1, 21, 111, 4126 }, // U+041E
    { 27, 21, 376, -1, 21, 142, 4237 }, // U+041F
    { 21, 21, 298, -1, 21, 111, 4379 }, // U+0420
    { 20, 21, 307, 1, 21, 105, 4490 }, // U+0421
    { 21, 21, 309, 1, 21, 111, 4595 }, // U+0422
    { 22, 21, 327, 2, 21, 116, 4706 }, // U+0423
    { 26, 21, 441, 1, 21, 137, 4822 }, // U+0424
    { 26, 21, 342, -2, 21, 137, 4959 }, // U+0425
    { 27, 28, 378, -1, 21, 189, 5096 }, // U+0426
    { 23, 21, 366, 2, 21, 121, 5285 }, // U+0427
    { 37, 21, 532, -1, 21, 195, 5406 }, // U+0428
    { 37, 28, 534, -1, 21, 259, 5601 }, // U+0429
    { 20, 21, 345, 1, 21, 105, 5860 }, // U+042A
    { 32, 21, 456, -1, 21, 168, 5965 }, // U+042B
    { 19, 21, 298, -1, 21, 100, 6133 }, // U+042C
    { 20, 21, 307, -1, 21, 105, 6233 }, // U+042D
    { 32, 21, 504, -1, 21, 168, 6338 }, // U+042E
    { 25, 21, 330, -2, 21, 132, 6506 }, // U+042F
    { 18, 16, 292, 0, 16, 72, 6638 }, // U+0430
    { 18, 23, 284, 1, 23, 104, 6710 }, // U+0431
    { 16, 16, 266, 0, 16, 64, 6814 }, // U+0432
    { 14, 16, 224, 0, 16, 56, 6878 }, // U+0433
    { 17, 23, 280, 0, 23, 98, 6934 }, // U+0434
    { 16, 16, 248, 0, 16, 64, 7032 }, // U+0435
    { 32, 16, 478, -1, 16, 128, 7096 }, // U+0436
    { 14, 16, 239, 0, 16, 56, 7224 }, // U+0437
    { 18, 16, 302, 1, 16, 72, 7280 }, // U+0438
    { 18, 23, 302, 1, 23, 104, 7352 }, // U+0439
    { 19, 16, 286, 0, 16, 76, 7456 }, // U+043A
    { 20, 16, 287, -2, 16, 80, 7532 }, // U+043B
    { 27, 16, 404, -2, 16, 108, 7612 }, // U+043C
    { 19, 16, 302, 0, 16, 76, 7720 }, // U+043D
    { 17, 16, 280, 0, 16, 68, 7796 }, // U+043E
    { 19, 16, 303, 0, 16, 76, 7864 }, // U+043F
    { 19, 23, 290, -1, 16, 110, 7940 }, // U+0440
    { 16, 16, 243, 0, 16, 64, 8050 }, // U+0441
    { 28, 16, 442, 0, 16, 112, 8114 }, // U+0442
    { 18, 23, 271, -1, 16, 104, 8226 }, // U+0443
    { 24, 30, 388, 0, 23, 180, 8330 }, // U+0444
    { 19, 16, 278, -1, 16, 76, 8510 }, // U+0445
    { 18, 23, 303, 1, 16, 104, 8586 }, // U+0446
    { 18, 16, 287, 0, 16, 72, 8690 }, // U+0447
    { 27, 16, 444, 1, 16, 108, 8762 }, // U+0448
    { 27, 23, 446, 1, 16, 156, 8870 }, // U+0449
    { 17, 16, 275, 0, 16, 68, 9026 }, // U+044A
    { 24, 16, 401, 1, 16, 96, 9094 }, // U+044B
    { 15, 16, 270, 1, 16, 60, 9190 }, // U+044C
    { 15, 16, 245, 0, 16, 60, 9250 }, // U+044D
    { 25, 16, 403, 0, 16, 100, 9310 }, // U+044E
    { 19, 16, 293, -1, 16, 76, 9410 }, // U+044F
    { 16, 23, 248, 0, 23, 92, 9486 }, // U+0450
    { 16, 23, 248, 0, 23, 92, 9578 }, // U+0451
    { 17, 30, 289, 0, 23, 128, 9670 }, // U+0452
    { 16, 23, 224, 0, 23, 92, 9798 }, // U+0453
    { 16, 16, 243, 0, 16, 64, 9890 }, // U+0454
    { 15, 16, 224, -1, 16, 60, 9954 }, // U+0455
    { 9, 23, 153, 1, 23, 52, 10014 }, // U+0456
    { 11, 23, 153, 1, 23, 64, 10066 }, // U+0457
    { 14, 30, 147, -4, 23, 105, 10130 }, // U+0458
    { 26, 16, 399, -2, 16, 104, 10235 }, // U+0459
    { 25, 16, 414, 0, 16, 100, 10339 }, // U+045A
    { 19, 23, 303, 0, 23, 110, 10439 }, // U+045B
    { 19, 23, 286, 0, 23, 110, 10549 }, // U+045C
    { 18, 23, 302, 1, 23, 104, 10659 }, // U+045D
    { 18, 31, 271, -1, 24, 140, 10763 }, // U+045E
    { 18, 23, 302, 1, 16, 104, 10903 }, // U+045F
    { 28, 21, 478, 2, 21, 147, 11007 }, // U+0460
    { 24, 16, 383, 0, 16, 96, 11154 }, // U+0461
    { 20, 21, 332, 0, 21, 105, 11250 }, // U+0462
    { 24, 16, 417, 1, 16, 96, 11355 }, // U+0463
    { 33, 21, 482, -1, 21, 174, 11451 }, // U+0464
    { 24, 16, 391, 1, 16, 96, 11625 }, // U+0465
    { 24, 21, 370, -2, 21, 126, 11721 }, // U+0466
    { 20, 16, 302, -2, 16, 80, 11847 }, // U+0467
    { 34, 21, 543, -1, 21, 179, 11927 }, // U+0468
    { 26, 16, 445, 1, 16, 104, 12106 }, // U+0469
    { 27, 21, 420, -2, 21, 142, 12210 }, // U+046A
    { 24, 16, 365, -2, 16, 96, 12352 }, // U+046B
    { 38, 21, 599, -1, 21, 200, 12448 }, // U+046C
    { 30, 16, 506, 1, 16, 120, 12648 }, // U+046D
    { 19, 32, 283, -1, 25, 152, 12768 }, // U+046E
    { 17, 25, 240, -2, 19, 107, 12920 }, // U+046F
    { 28, 21, 456, 3, 21, 147, 13027 }, // U+0470
    { 20, 30, 337, 2, 23, 150, 13174 }, // U+0471
    { 22, 21, 370, 1, 21, 116, 13324 }, // U+0472
    { 16, 16, 288, 1, 16, 64, 13440 }, // U+0473
    { 23, 21, 347, 2, 21, 121, 13504 }, // U+0474
    { 20, 16, 294, 0, 16, 80, 13625 }, // U+0475
    { 23, 28, 347, 2, 28, 161, 13705 }, // U+0476
    { 20, 23, 294, 0, 23, 115, 13866 }, // U+0477
    { 37, 28, 609, 1, 21, 259, 13981 }, // U+0478
    { 32, 23, 522, 1, 16, 184, 14240 }, // U+0479
    { 23, 25, 388, 1, 23, 144, 14424 }, // U+047A
    { 17, 19, 302, 1, 17, 81, 14568 }, // U+047B
    { 32, 31, 534, 1, 31, 248, 14649 }, // U+047C
    { 26, 27, 450, 1, 27, 176, 14897 }, // U+047D
    { 28, 26, 478, 2, 26, 182, 15073 }, // U+047E
    { 24, 21, 383, 0, 21, 126, 15255 }, // U+047F
    { 20, 28, 312, 1, 21, 140, 15381 }, // U+0480
    { 15, 23, 246, 1, 16, 87, 15521 }, // U+0481
    { 16, 20, 284, 1, 19, 80, 15608 }, // U+0482
    { 12, 6, 0, -4, 22, 18, 15688 }, // U+0483
    { 12, 4, 0, -4, 22, 12, 15706 }, // U+0484
    { 4, 6, 0, 1, 23, 6, 15718 }, // U+0485
    { 5, 6, 0, 0, 23, 8, 15724 }, // U+0486
    { 13, 4, 0, -3, 26, 13, 15732 }, // U+0487
    { 36, 33, 0, -18, 24, 297, 15745 }, // U+0488
    { 36, 35, 0, -18, 25, 315, 16042 }, // U+0489
    { 27, 34, 391, -1, 28, 230, 16357 }, // U+048A
    { 19, 30, 314, 1, 24, 143, 16587 }, // U+048B
    { 19, 23, 310, -1, 23, 110, 16730 }, // U+048C
    { 16, 19, 278, 1, 19, 76, 16840 }, // U+048D
    { 21, 21, 309, -1, 21, 111, 16916 }, // U+048E
    { 18, 23, 291, -1, 16, 104, 17027 }, // U+048F
    { 21, 25, 253, -1, 25, 132, 17131 }, // U+0490
    { 15, 20, 225, 1, 20, 75, 17263 }, // U+0491
    { 21, 21, 276, -1, 21, 111, 17338 }, // U+0492
    { 16, 16, 237, 0, 16, 64, 17449 }, // U+0493
    { 21, 28, 336, -1, 21, 147, 17513 }, // U+0494
    { 15, 23, 280, 1, 16, 87, 17660 }, // U+0495
    { 35, 27, 495, -2, 21, 237, 17747 }, // U+0496
    { 35, 23, 549, 0, 16, 202, 17984 }, // U+0497
    { 18, 27, 286, 0, 21, 122, 18186 }, // U+0498
    { 15, 22, 243, 0, 16, 83, 18308 }, // U+0499
    { 25, 27, 353, -1, 21, 169, 18391 }, // U+049A
    { 18, 23, 282, 0, 16, 104, 18560 }, // U+049B
    { 26, 21, 363, -1, 21, 137, 18664 }, // U+049C
    { 20, 16, 307, 0, 16, 80, 18801 }, // U+049D
    { 25, 21, 347, -1, 21, 132, 18881 }, // U+049E
    { 18, 23, 282, 0, 23, 104, 19013 }, // U+049F
    { 25, 21, 398, 2, 21, 132, 19117 }, // U+04A0
    { 22, 16, 344, 0, 16, 88, 19249 }, // U+04A1
    { 27, 27, 382, -1, 21, 183, 19337 }, // U+04A2
    { 19, 23, 319, 1, 16, 110, 19520 }, // U+04A3
    { 31, 21, 436, -1, 21, 163, 19630 }, // U+04A4
    { 24, 16, 382, 1, 16, 96, 19793 }, // U+04A5
    { 33, 28, 526, -1, 21, 231, 19889 }, // U+04A6
    { 24, 23, 427, 1, 16, 138, 20120 }, // U+04A7
    { 23, 22, 393, 1, 21, 127, 20258 }, // U+04A8
    { 18, 17, 319, 1, 16, 77, 20385 }, // U+04A9
    { 20, 27, 312, 1, 21, 135, 20462 }, // U+04AA
    { 15, 22, 246, 1, 16, 83, 20597 }, // U+04AB
    { 21, 27, 305, 1, 21, 142, 20680 }, // U+04AC
    { 27, 23, 452, 1, 16, 156, 20822 }, // U+04AD
    { 22, 21, 323, 2, 21, 116, 20978 }, // U+04AE
    { 17, 23, 274, 0, 16, 98, 21094 }, // U+04AF
    { 22, 21, 323, 2, 21, 116, 21192 }, // U+04B0
    { 17, 23, 274, 0, 16, 98, 21308 }, // U+04B1
    { 26, 27, 351, -2, 21, 176, 21406 }, // U+04B2
    { 19, 23, 282, -1, 16, 110, 21582 }, // U+04B3
    { 30, 28, 459, 1, 21, 210, 21692 }, // U+04B4
    { 23, 23, 372, 0, 16, 133, 21902 }, // U+04B5
    { 23, 27, 352, 2, 21, 156, 22035 }, // U+04B6
    { 19, 23, 305, 0, 16, 110, 22191 }, // U+04B7
    { 23, 21, 366, 2, 21, 121, 22301 }, // U+04B8
    { 18, 16, 287, 0, 16, 72, 22422 }, // U+04B9
    { 22, 21, 364, -1, 21, 116, 22494 }, // U+04BA
    { 19, 23, 306, 0, 23, 110, 22610 }, // U+04BB
    { 23, 21, 383, 1, 21, 121, 22720 }, // U+04BC
    { 20, 16, 311, 0, 16, 80, 22841 }, // U+04BD
    { 23, 27, 383, 1, 21, 156, 22921 }, // U+04BE
    { 20, 22, 311, 0, 16, 110, 23077 }, // U+04BF
    { 15, 21, 187, -1, 21, 79, 23187 }, // U+04C0
    { 35, 28, 483, -2, 28, 245, 23266 }, // U+04C1
    { 32, 23, 478, -1, 23, 184, 23511 }, // U+04C2
    { 25, 28, 340, -1, 21, 175, 23695 }, // U+04C3
    { 18, 23, 288, 0, 16, 104, 23870 }, // U+04C4
    { 26, 27, 345, -2, 21, 176, 23974 }, // U+04C5
    { 20, 22, 319, 0, 16, 110, 24150 }, // U+04C6
    { 27, 28, 382, -1, 21, 189, 24260 }, // U+04C7
    { 18, 23, 311, 1, 16, 104, 24449 }, // U+04C8
    { 27, 27, 391, -1, 21, 183, 24553 }, // U+04C9
    { 19, 22, 319, 1, 16, 105, 24736 }, // U+04CA
    { 23, 28, 352, 2, 21, 161, 24841 }, // U+04CB
    { 18, 23, 305, 0, 16, 104, 25002 }, // U+04CC
    { 31, 27, 454, -1, 21, 210, 25106 }, // U+04CD
    { 28, 22, 442, 0, 16, 154, 25316 }, // U+04CE
    { 15, 21, 187, -1, 21, 79, 25470 }, // U+04CF
    { 23, 28, 351, -2, 28, 161, 25549 }, // U+04D0
    { 18, 23, 310, 1, 23, 104, 25710 }, // U+04D1
    { 23, 27, 351, -2, 27, 156, 25814 }, // U+04D2
    { 18, 23, 310, 1, 23, 104, 25970 }, // U+04D3
    { 32, 21, 463, -2, 21, 168, 26074 }, // U+04D4
    { 25, 16, 411, 1, 16, 100, 26242 }, // U+04D5
    { 21, 28, 295, -1, 28, 147, 26342 }, // U+04D6
    { 15, 23, 250, 1, 23, 87, 26489 }, // U+04D7
    { 19, 21, 328, 1, 21, 100, 26576 }, // U+04D8
    { 16, 16, 262, 0, 16, 64, 26676 }, // U+04D9
    { 19, 27, 328, 1, 27, 129, 26740 }, // U+04DA
    { 16, 23, 262, 0, 23, 92, 26869 }, // U+04DB
    { 35, 27, 483, -2, 27, 237, 26961 }, // U+04DC
    { 32, 23, 478, -1, 23, 184, 27198 }, // U+04DD
    { 19, 27, 290, -1, 27, 129, 27382 }, // U+04DE
    { 15, 23, 239, 0, 23, 87, 27511 }, // U+04DF
    { 19, 21, 283, 0, 21, 100, 27598 }, // U+04E0
    { 18, 23, 261, -1, 16, 104, 27698 }, // U+04E1
    { 27, 25, 385, -1, 25, 169, 27802 }, // U+04E2
    { 19, 20, 314, 1, 20, 95, 27971 }, // U+04E3
    { 27, 27, 385, -1, 27, 183, 28066 }, // U+04E4
    { 19, 23, 314, 1, 23, 110, 28249 }, // U+04E5
    { 22, 27, 370, 1, 27, 149, 28359 }, // U+04E6
    { 16, 23, 288, 1, 23, 92, 28508 }, // U+04E7
    { 22, 21, 370, 1, 21, 116, 28600 }, // U+04E8
    { 16, 16, 288, 1, 16, 64, 28716 }, // U+04E9
    { 22, 27, 370, 1, 27, 149, 28780 }, // U+04EA
    { 16, 23, 288, 1, 23, 92, 28929 }, // U+04EB
    { 20, 27, 307, -1, 27, 135, 29021 }, // U+04EC
    { 15, 23, 245, 0, 23, 87, 29156 }, // U+04ED
    { 22, 25, 327, 2, 25, 138, 29243 }, // U+04EE
    { 22, 27, 274, -5, 20, 149, 29381 }, // U+04EF
    { 22, 27, 327, 2, 27, 149, 29530 }, // U+04F0
    { 22, 29, 274, -5, 22, 160, 29679 }, // U+04F1
    { 22, 28, 327, 2, 28, 154, 29839 }, // U+04F2
    { 23, 30, 274, -5, 23, 173, 29993 }, // U+04F3
    { 23, 27, 366, 2, 27, 156, 30166 }, // U+04F4
    { 18, 23, 287, 0, 23, 104, 30322 }, // U+04F5
    { 21, 28, 276, -1, 21, 147, 30426 }, // U+04F6
    { 17, 23, 237, -1, 16, 98, 30573 }, // U+04F7
    { 32, 27, 456, -1, 27, 216, 30671 }, // U+04F8
    { 24, 23, 401, 1, 23, 138, 30887 }, // U+04F9
    { 21, 27, 276, -1, 21, 142, 31025 }, // U+04FA
    { 16, 22, 237, 0, 16, 88, 31167 }, // U+04FB
    { 26, 27, 346, -2, 21, 176, 31255 }, // U+04FC
    { 19, 22, 282, -1, 16, 105, 31431 }, // U+04FD
    { 26, 21, 342, -2, 21, 137, 31536 }, // U+04FE
    { 19, 16, 282, -1, 16, 76, 31673 }, // U+04FF
    { 23, 27, 351, -2, 21, 156, 0 }, // U+1EA0
    { 18, 22, 310, 1, 16, 99, 156 }, // U+1EA1
    { 23, 30, 351, -2, 30, 173, 255 }, // U+1EA2
    { 18, 26, 310, 1, 26, 117, 428 }, // U+1EA3
    { 25, 29, 351, -2, 29, 182, 545 }, // U+1EA4
    { 19, 24, 310, 1, 24, 114, 727 }, // U+1EA5
    { 23, 29, 351, -2, 29, 167, 841 }, // U+1EA6
    { 18, 24, 310, 1, 24, 108, 1008 }, // U+1EA7
    { 24, 30, 351, -2, 30, 180, 1116 }, // U+1EA8
    { 18, 25, 310, 1, 25, 113, 1296 }, // U+1EA9
    { 23, 32, 351, -2, 32, 184, 1409 }, // U+1EAA
    { 18, 27, 310, 1, 27, 122, 1593 }, // U+1EAB
    { 23, 34, 351, -2, 28, 196, 1715 }, // U+1EAC
    { 18, 28, 310, 1, 22, 126, 1911 }, // U+1EAD
    { 23, 30, 351, -2, 30, 173, 2037 }, // U+1EAE
    { 18, 25, 310, 1, 25, 113, 2210 }, // U+1EAF
    { 23, 30, 351, -2, 30, 173, 2323 }, // U+1EB0
    { 18, 25, 310, 1, 25, 113, 2496 }, // U+1EB1
    { 23, 31, 351, -2, 31, 179, 2609 }, // U+1EB2
    { 18, 26, 310, 1, 26, 117, 2788 }, // U+1EB3
    { 23, 32, 351, -2, 32, 184, 2905 }, // U+1EB4
    { 18, 27, 310, 1, 27, 122, 3089 }, // U+1EB5
    { 23, 33, 351, -2, 27, 190, 3211 }, // U+1EB6
    { 18, 28, 310, 1, 22, 126, 3401 }, // U+1EB7
    { 21, 27, 295, -1, 21, 142, 3527 }, // U+1EB8
    { 15, 22, 250, 1, 16, 83, 3669 }, // U+1EB9
    { 21, 30, 295, -1, 30, 158, 3752 }, // U+1EBA
    { 15, 26, 250, 1, 26, 98, 3910 }, // U+1EBB
    { 21, 28, 295, -1, 28, 147, 4008 }, // U+1EBC
    { 16, 23, 250, 1, 23, 92, 4155 }, // U+1EBD
    { 23, 29, 295, -1, 29, 167, 4247 }, // U+1EBE
    { 19, 24, 250, 1, 24, 114, 4414 }, // U+1EBF
    { 21, 29, 295, -1, 29, 153, 4528 }, // U+1EC0
    { 15, 24, 250, 1, 24, 90, 4681 }, // U+1EC1
    { 22, 30, 295, -1, 30, 165, 4771 }, // U+1EC2
    { 18, 25, 250, 1, 25, 113, 4936 }, // U+1EC3
    { 21, 32, 295, -1, 32, 168, 5049 }, // U+1EC4
    { 16, 27, 250, 1, 27, 108, 5217 }, // U+1EC5
    { 21, 34, 295, -1, 28, 179, 5325 }, // U+1EC6
    { 15, 28, 250, 1, 22, 105, 5504 }, // U+1EC7
    { 15, 30, 187, -1, 30, 113, 5609 }, // U+1EC8
    { 10, 26, 165, 1, 26, 65, 5722 }, // U+1EC9
    { 15, 27, 187, -1, 21, 102, 5787 }, // U+1ECA
    { 10, 28, 165, 0, 22, 70, 5889 }, // U+1ECB
    { 22, 26, 370, 1, 21, 143, 5959 }, // U+1ECC
    { 16, 22, 288, 1, 16, 88, 6102 }, // U+1ECD
    { 22, 31, 370, 1, 31, 171, 6190 }, // U+1ECE
    { 16, 26, 288, 1, 26, 104, 6361 }, // U+1ECF
    { 23, 29, 370, 1, 29, 167, 6465 }, // U+1ED0
    { 19, 24, 288, 1, 24, 114, 6632 }, // U+1ED1
    { 22, 29, 370, 1, 29, 160, 6746 }, // U+1ED2
    { 16, 24, 288, 1, 24, 96, 6906 }, // U+1ED3
    { 22, 30, 370, 1, 30, 165, 7002 }, // U+1ED4
    { 18, 25, 288, 1, 25, 113, 7167 }, // U+1ED5
    { 22, 32, 370, 1, 32, 176, 7280 }, // U+1ED6
    { 17, 27, 288, 1, 27, 115, 7456 }, // U+1ED7
    { 22, 33, 370, 1, 28, 182, 7571 }, // U+1ED8
    { 16, 28, 288, 1, 22, 112, 7753 }, // U+1ED9
    { 27, 28, 393, 1, 28, 189, 7865 }, // U+1EDA
    { 21, 23, 313, 1, 23, 121, 8054 }, // U+1EDB
    { 27, 28, 393, 1, 28, 189, 8175 }, // U+1EDC
    { 21, 23, 313, 1, 23, 121, 8364 }, // U+1EDD
    { 27, 31, 393, 1, 31, 210, 8485 }, // U+1EDE
    { 21, 26, 313, 1, 26, 137, 8695 }, // U+1EDF
    { 27, 28, 393, 1, 28, 189, 8832 }, // U+1EE0
    { 21, 23, 313, 1, 23, 121, 9021 }, // U+1EE1
    { 27, 27, 393, 1, 22, 183, 9142 }, // U+1EE2
    { 21, 25, 313, 1, 19, 132, 9325 }, // U+1EE3
    { 23, 27, 349, 2, 21, 156, 9457 }, // U+1EE4
    { 19, 22, 314, 1, 16, 105, 9613 }, // U+1EE5
    { 23, 31, 349, 2, 31, 179, 9718 }, // U+1EE6
    { 19, 26, 314, 1, 26, 124, 9897 }, // U+1EE7
    { 26, 28, 398, 2, 28, 182, 10021 }, // U+1EE8
    { 24, 23, 363, 1, 23, 138, 10203 }, // U+1EE9
    { 26, 28, 398, 2, 28, 182, 10341 }, // U+1EEA
    { 24, 23, 363, 1, 23, 138, 10523 }, // U+1EEB
    { 26, 31, 398, 2, 31, 202, 10661 }, // U+1EEC
    { 24, 26, 363, 1, 26, 156, 10863 }, // U+1EED
    { 26, 28, 398, 2, 28, 182, 11019 }, // U+1EEE
    { 24, 23, 363, 1, 23, 138, 11201 }, // U+1EEF
    { 26, 28, 398, 2, 22, 182, 11339 }, // U+1EF0
    { 24, 25, 363, 1, 19, 150, 11521 }, // U+1EF1
    { 22, 28, 323, 2, 28, 154, 11671 }, // U+1EF2
    { 22, 29, 274, -5, 22, 160, 11825 }, // U+1EF3
    { 22, 27, 323, 2, 21, 149, 11985 }, // U+1EF4
    { 22, 23, 274, -5, 16, 127, 12134 }, // U+1EF5
    { 22, 30, 323, 2, 30, 165, 12261 }, // U+1EF6
    { 22, 31, 274, -5, 24, 171, 12426 }, // U+1EF7
    { 22, 28, 323, 2, 28, 154, 12597 }, // U+1EF8
    { 22, 30, 274, -5, 23, 165, 12751 }, // U+1EF9
    { 0, 0, 233, 0, 0, 0, 0 }, // U+2000
    { 0, 0, 467, 0, 0, 0, 0 }, // U+2001
    { 0, 0, 233, 0, 0, 0, 0 }, // U+2002
    { 0, 0, 467, 0, 0, 0, 0 }, // U+2003
    { 0, 0, 155, 0, 0, 0, 0 }, // U+2004
    { 0, 0, 117, 0, 0, 0, 0 }, // U+2005
    { 0, 0, 78, 0, 0, 0, 0 }, // U+2006
    { 0, 0, 261, 0, 0, 0, 0 }, // U+2007
    { 0, 0, 142, 0, 0, 0, 0 }, // U+2008
    { 0, 0, 77, 0, 0, 0, 0 }, // U+2009
    { 0, 0, 47, 0, 0, 0, 0 }, // U+200A
    { 0, 0, 0, 0, 0, 0, 0 }, // U+200B
    { 2, 23, 0, -1, 19, 12, 0 }, // U+200C
    { 8, 25, 0, -4, 21, 50, 12 }, // U+200D
    { 8, 25, 0, -1, 21, 50, 62 }, // U+200E
    { 8, 25, 0, -7, 21, 50, 112 }, // U+200F
    { 9, 3, 145, 0, 9, 7, 162 }, // U+2010
    { 9, 3, 145, 0, 9, 7, 169 }, // U+2011
    { 17, 3, 261, 0, 12, 13, 176 }, // U+2012
    { 16, 3, 233, -1, 10, 12, 189 }, // U+2013
    { 31, 3, 467, -1, 10, 24, 201 }, // U+2014
    { 31, 3, 467, -1, 10, 24, 225 }, // U+2015
    { 9, 29, 261, 4, 22, 66, 249 }, // U+2016
    { 15, 6, 192, -3, 0, 23, 315 }, // U+2017
    { 7, 9, 131, 3, 21, 16, 338 }, // U+2018
    { 7, 9, 131, 2, 21, 16, 354 }, // U+2019
    { 7, 9, 131, -1, 4, 16, 370 }, // U+201A
    { 6, 9, 131, 3, 21, 14, 386 }, // U+201B
    { 13, 9, 228, 3, 21, 30, 400 }, // U+201C
    { 14, 9, 228, 2, 21, 32, 430 }, // U+201D
    { 14, 9, 228, -1, 4, 32, 462 }, // U+201E
    { 13, 9, 228, 3, 21, 30, 494 }, // U+201F
    { 13, 26, 223, 2, 22, 85, 524 }, // U+2020
    { 17, 26, 223, -1, 22, 111, 609 }, // U+2021
    { 9, 9, 187, 2, 15, 21, 720 }, // U+2022
    { 10, 11, 233, 4, 16, 28, 741 }, // U+2023
    { 6, 5, 142, 2, 13, 8, 769 }, // U+2024
    { 14, 5, 275, 2, 13, 18, 777 }, // U+2025
    { 23, 5, 427, 1, 5, 29, 795 }, // U+2026
    { 6, 5, 142, 2, 11, 8, 824 }, // U+2027
    { 0, 0, 280, 0, 0, 0, 832 }, // U+2028
    { 0, 0, 280, 0, 0, 0, 832 }, // U+2029
    { 8, 22, 0, -1, 18, 44, 832 }, // U+202A
    { 8, 22, 0, -7, 18, 44, 876 }, // U+202B
    { 8, 24, 0, -4, 20, 48, 920 }, // U+202C
    { 8, 25, 0, -4, 20, 50, 968 }, // U+202D
    { 8, 25, 0, -4, 20, 50, 1018 }, // U+202E
    { 0, 0, 77, 0, 0, 0, 1068 }, // U+202F
    { 35, 21, 608, 2, 21, 184, 1068 }, // U+2030
    { 47, 21, 796, 2, 21, 247, 1252 }, // U+2031
    { 8, 8, 135, 3, 21, 16, 1499 }, // U+2032
    { 14, 8, 242, 3, 21, 28, 1515 }, // U+2033
    { 21, 8, 348, 3, 21, 42, 1543 }, // U+2034
    { 6, 8, 135, 4, 21, 12, 1585 }, // U+2035
    { 13, 8, 242, 4, 21, 26, 1597 }, // U+2036
    { 19, 8, 348, 4, 21, 38, 1623 }, // U+2037
    { 12, 9, 205, -1, 2, 27, 1661 }, // U+2038
    { 9, 12, 165, 1, 14, 27, 1688 }, // U+2039
    { 9, 12, 165, 0, 14, 27, 1715 }, // U+203A
    { 22, 21, 382, 1, 21, 116, 1742 }, // U+203B
    { 17, 21, 294, 2, 21, 90, 1858 }, // U+203C
    { 15, 21, 270, 3, 21, 79, 1948 }, // U+203D
    { 15, 3, 214, 2, 25, 12, 2027 }, // U+203E
    { 23, 6, 0, -21, 0, 35, 2039 }, // U+203F
    { 25, 6, 0, -19, 26, 38, 2074 }, // U+2040
    { 14, 21, 210, -2, 21, 74, 2112 }, // U+2041
    { 28, 23, 467, 0, 23, 161, 2186 }, // U+2042
    { 9, 5, 169, 1, 13, 12, 2347 }, // U+2043
    { 18, 21, 29, -8, 21, 95, 2359 }, // U+2044
    { 15, 28, 193, 0, 22, 105, 2454 }, // U+2045
    { 14, 28, 193, -2, 22, 98, 2559 }, // U+2046
    { 30, 21, 497, 2, 21, 158, 2657 }, // U+2047
    { 23, 21, 394, 2, 21, 121, 2815 }, // U+2048
    { 23, 21, 393, 2, 21, 121, 2936 }, // U+2049
    { 15, 22, 285, 1, 17, 83, 3057 }, // U+204A
    { 17, 26, 293, 3, 22, 111, 3140 }, // U+204B
    { 16, 12, 288, 1, 16, 48, 3251 }, // U+204C
    { 16, 12, 288, 1, 16, 48, 3299 }, // U+204D
    { 14, 13, 234, 1, 17, 46, 3347 }, // U+204E
    { 8, 21, 167, 1, 16, 42, 3393 }, // U+204F
    { 21, 21, 359, 1, 21, 111, 3435 }, // U+2050
    { 17, 25, 234, -1, 23, 107, 3546 }, // U+2051
    { 12, 21, 205, 1, 21, 63, 3653 }, // U+2052
    { 14, 6, 261, 1, 14, 21, 3716 }, // U+2053
    { 23, 7, 0, -8, 0, 41, 3737 }, // U+2054
    { 14, 13, 252, 1, 17, 46, 3778 }, // U+2055
    { 15, 16, 294, 1, 16, 60, 3824 }, // U+2056
    { 28, 8, 454, 3, 21, 56, 3884 }, // U+2057
    { 19, 16, 357, 2, 16, 76, 3940 }, // U+2058
    { 19, 16, 357, 2, 16, 76, 4016 }, // U+2059
    { 5, 21, 142, 2, 21, 27, 4092 }, // U+205A
    { 19, 21, 357, 2, 21, 100, 4119 }, // U+205B
    { 16, 16, 325, 2, 16, 64, 4219 }, // U+205C
    { 6, 21, 142, 2, 21, 32, 4283 }, // U+205D
    { 5, 21, 142, 2, 21, 27, 4315 }, // U+205E
    { 0, 0, 104, 0, 0, 0, 4342 }, // U+205F
    { 0, 0, 280, 0, 0, 0, 4342 }, // U+2060
    { 0, 0, 280, 0, 0, 0, 4342 }, // U+2061
    { 0, 0, 280, 0, 0, 0, 4342 }, // U+2062
    { 0, 0, 280, 0, 0, 0, 4342 }, // U+2063
    { 0, 0, 280, 0, 0, 0, 4342 }, // U+2064
    { 0, 0, 280, 0, 0, 0, 4342 }, // U+2066
    { 0, 0, 280, 0, 0, 0, 4342 }, // U+2067
    { 0, 0, 280, 0, 0, 0, 4342 }, // U+2068
    { 0, 0, 280, 0, 0, 0, 4342 }, // U+2069
    { 8, 25, 0, -4, 20, 50, 4342 }, // U+206A
    { 8, 25, 0, -4, 20, 50, 4392 }, // U+206B
    { 8, 24, 0, -4, 20, 48, 4442 }, // U+206C
    { 8, 25, 0, -4, 21, 50, 4490 }, // U+206D
    { 8, 25, 0, -4, 21, 50, 4540 }, // U+206E
    { 8, 25, 0, -4, 20, 50, 4590 }, // U+206F
    { 12, 14, 187, 2, 25, 42, 0 }, // U+2070
    { 6, 14, 107, 2, 22, 21, 42 }, // U+2071
    { 12, 13, 187, 1, 24, 39, 63 }, // U+2074
    { 11, 13, 187, 2, 24, 36, 102 }, // U+2075
    { 11, 14, 187, 3, 25, 39, 138 }, // U+2076
    { 11, 13, 187, 3, 24, 36, 177 }, // U+2077
    { 11, 14, 187, 2, 25, 39, 213 }, // U+2078
    { 12, 14, 187, 2, 25, 42, 252 }, // U+2079
    { 11, 10, 187, 2, 22, 28, 294 }, // U+207A
    { 11, 2, 187, 2, 18, 6, 322 }, // U+207B
    { 11, 8, 187, 2, 21, 22, 328 }, // U+207C
    { 9, 19, 117, 3, 27, 43, 350 }, // U+207D
    { 9, 18, 117, -1, 26, 41, 393 }, // U+207E
    { 12, 10, 204, 2, 18, 30, 434 }, // U+207F
    { 11, 13, 187, 0, 10, 36, 464 }, // U+2080
    { 10, 13, 187, -1, 10, 33, 500 }, // U+2081
    { 12, 13, 187, -1, 10, 39, 533 }, // U+2082
    { 12, 13, 187, -1, 10, 39, 572 }, // U+2083
    { 12, 13, 187, -1, 10, 39, 611 }, // U+2084
    { 12, 13, 187, -1, 10, 39, 650 }, // U+2085
    { 11, 13, 187, 0, 10, 36, 689 }, // U+2086
    { 11, 13, 187, 1, 10, 36, 725 }, // U+2087
    { 12, 13, 187, -1, 10, 39, 761 }, // U+2088
    { 11, 13, 187, 0, 10, 36, 800 }, // U+2089
    { 11, 10, 187, 0, 8, 28, 836 }, // U+208A
    { 11, 2, 187, 0, 4, 6, 864 }, // U+208B
    { 11, 6, 187, 0, 6, 17, 870 }, // U+208C
    { 9, 19, 117, 1, 13, 43, 887 }, // U+208D
    { 10, 19, 117, -4, 13, 48, 930 }, // U+208E
    { 12, 10, 202, -1, 7, 30, 978 }, // U+2090
    { 10, 10, 162, -1, 7, 25, 1008 }, // U+2091
    { 11, 10, 188, -1, 7, 28, 1033 }, // U+2092
    { 12, 10, 183, -2, 7, 30, 1061 }, // U+2093
    { 10, 10, 170, -1, 7, 25, 1091 }, // U+2094
    { 13, 14, 199, -2, 11, 46, 1116 }, // U+2095
    { 13, 14, 181, -2, 11, 46, 1162 }, // U+2096
    { 6, 14, 107, -1, 11, 21, 1208 }, // U+2097
    { 18, 10, 294, -1, 7, 45, 1229 }, // U+2098
    { 12, 10, 204, -1, 7, 30, 1274 }, // U+2099
    { 13, 14, 189, -3, 7, 46, 1304 }, // U+209A
    { 10, 10, 156, -2, 7, 25, 1350 }, // U+209B
    { 8, 12, 126, -1, 9, 24, 1375 }, // U+209C
    { 21, 21, 359, 1, 21, 111, 0 }, // U+20A0
    { 19, 24, 312, 1, 22, 114, 111 }, // U+20A1
    { 20, 21, 312, 1, 21, 105, 225 }, // U+20A2
    { 20, 21, 261, -1, 21, 105, 330 }, // U+20A3
    { 18, 21, 261, -1, 21, 95, 435 }, // U+20A4
    { 27, 24, 452, 1, 20, 162, 530 }, // U+20A5
    { 27, 21, 368, -1, 21, 142, 692 }, // U+20A6
    { 29, 21, 429, -2, 21, 153, 834 }, // U+20A7
    { 35, 21, 542, -1, 21, 184, 987 }, // U+20A8
    { 34, 21, 498, 1, 21, 179, 1171 }, // U+20A9
    { 23, 18, 416, 2, 18, 104, 1350 }, // U+20AA
    { 20, 26, 310, 1, 22, 130, 1454 }, // U+20AB
    { 18, 21, 261, 0, 21, 95, 1584 }, // U+20AC
    { 25, 21, 346, -1, 21, 132, 1679 }, // U+20AD
    { 21, 21, 305, 1, 21, 111, 1811 }, // U+20AE
    { 32, 31, 517, -1, 25, 248, 1922 }, // U+20AF
    { 18, 28, 297, -2, 21, 126, 2170 }, // U+20B0
    { 23, 21, 316, -1, 21, 121, 2296 }, // U+20B1
    { 22, 24, 372, 1, 22, 132, 2417 }, // U+20B2
    { 25, 21, 351, -2, 21, 132, 2549 }, // U+20B3
    { 21, 21, 287, -1, 21, 111, 2681 }, // U+20B4
    { 20, 24, 312, 1, 22, 120, 2792 }, // U+20B5
    { 19, 21, 279, 0, 21, 100, 2912 }, // U+20B6
    { 18, 25, 261, 0, 21, 113, 3012 }, // U+20B7
    { 18, 21, 261, 1, 21, 95, 3125 }, // U+20B8
    { 17, 21, 261, 1, 21, 90, 3220 }, // U+20B9
    { 17, 21, 261, -1, 21, 90, 3310 }, // U+20BA
    { 18, 21, 305, 2, 21, 95, 3400 }, // U+20BB
    { 21, 20, 367, 0, 20, 105, 3495 }, // U+20BC
    { 20, 21, 275, -1, 21, 105, 3600 }, // U+20BD
    { 18, 24, 261, 0, 24, 108, 3705 }, // U+20BE
    { 19, 27, 261, -2, 24, 129, 3813 }, // U+20BF
    { 9, 4, 145, 0, 10, 9, 0 }, // U+2212
    { 31, 29, 340, -5, 22, 225, 0 }, // U+FB00
    { 25, 29, 320, -5, 22, 182, 225 }, // U+FB01
    { 26, 29, 331, -5, 22, 189, 407 }, // U+FB02
    { 34, 29, 472, -5, 22, 247, 596 }, // U+FB03
    { 35, 29, 484, -5, 22, 254, 843 }, // U+FB04
    { 28, 29, 353, -5, 22, 203, 1097 }, // U+FB05
    { 28, 22, 435, 0, 22, 154, 1300 }, // U+FB06
    { 28, 28, 467, 1, 23, 196, 0 }, // U+FFFD
};

static const EpdUnicodeInterval notoserif_14_bolditalicIntervals[] = {
    { 0x0, 0x0, 0x0 },
    { 0xD, 0xD, 0x1 },
    { 0x20, 0x7E, 0x2 },
    { 0xA0, 0x17F, 0x61 },
    { 0x1A0, 0x1A1, 0x141 },
    { 0x1AF, 0x1B0, 0x143 },
    { 0x1C4, 0x21F, 0x145 },
    { 0x300, 0x36F, 0x1A1 },
    { 0x400, 0x4FF, 0x211 },
    { 0x1EA0, 0x1EF9, 0x311 },
    { 0x2000, 0x2064, 0x36B },
    { 0x2066, 0x2071, 0x3D0 },
    { 0x2074, 0x208E, 0x3DC },
    { 0x2090, 0x209C, 0x3F7 },
    { 0x20A0, 0x20BF, 0x404 },
    { 0x2212, 0x2212, 0x424 },
    { 0xFB00, 0xFB06, 0x425 },
    { 0xFFFD, 0xFFFD, 0x42C },
};

static const EpdFontGroup notoserif_14_bolditalicGroups[] = {
    { 0, 4055, 8981, 97, 0 },
    { 4055, 3339, 10270, 96, 97 },
    { 7394, 4430, 17035, 128, 193 },
    { 11824, 4388, 14715, 96, 321 },
    { 16212, 1263, 2132, 112, 417 },
    { 17475, 11434, 33530, 256, 529 },
    { 28909, 2457, 13854, 90, 785 },
    { 31366, 2093, 5044, 111, 875 },
    { 33459, 947, 1552, 42, 986 },
    { 34406, 2150, 4219, 32, 1028 },
    { 36556, 14, 12, 1, 1060 },
    { 36570, 567, 1517, 7, 1061 },
    { 37137, 123, 196, 1, 1068 },
};

static const uint16_t notoserif_14_bolditalicKernLeftCodepoints[] = {
    0x0022, 0x0026, 0x0027, 0x0028, 0x002A, 0x002C, 0x002D, 0x002E, 0x0041, 0x0042, 0x0043, 0x0044,
    0x0045, 0x0046, 0x0047, 0x004A, 0x004B, 0x004C, 0x004E, 0x004F, 0x0050, 0x0051, 0x0052, 0x0053,
    0x0054, 0x0055, 0x0056, 0x0057, 0x0058, 0x0059, 0x005B, 0x005F, 0x0061, 0x0062, 0x0063, 0x0065,
    0x0066, 0x0068, 0x006B, 0x006D, 0x006E, 0x006F, 0x0070, 0x0071, 0x0072, 0x0073, 0x0076, 0x0077,
    0x0079, 0x007A, 0x007B, 0x00A1, 0x00AB, 0x00BF, 0x00C0, 0x00C1, 0x00C2, 0x00C3, 0x00C4, 0x00C5,
    0x00C6, 0x00C7, 0x00C8, 0x00C9, 0x00CA, 0x00CB, 0x00D0, 0x00D1, 0x00D2, 0x00D3, 0x00D4, 0x00D5,
    0x00D6, 0x00D8, 0x00D9, 0x00DA, 0x00DB, 0x00DC, 0x00DD, 0x00DE, 0x00DF, 0x00E0, 0x00E1, 0x00E2,
    0x00E3, 0x00E4, 0x00E5, 0x00E6, 0x00E7, 0x00E8, 0x00E9, 0x00EA, 0x00EB, 0x00F0, 0x00F1, 0x00F2,
    0x00F3, 0x00F4, 0x00F5, 0x00F6, 0x00F8, 0x00F9, 0x00FA, 0x00FB, 0x00FC, 0x00FD, 0x00FE, 0x00FF,
    0x0100, 0x0101, 0x0102, 0x0103, 0x0104, 0x0105, 0x0106, 0x0107, 0x0108, 0x0109, 0x010A, 0x010B,
    0x010C, 0x010D, 0x010E, 0x010F, 0x0110, 0x0112, 0x0113, 0x0114, 0x0115, 0x0116, 0x0117, 0x0118,
    0x0119, 0x011A, 0x011B, 0x011C, 0x011E, 0x0120, 0x0122, 0x0125, 0x0127, 0x0132, 0x0134, 0x0136,
    0x0137, 0x0138, 0x0139, 0x013B, 0x013D, 0x013E, 0x0141, 0x0143, 0x0144, 0x0145, 0x0146, 0x0147,
    0x0148, 0x0149, 0x014A, 0x014B, 0x014C, 0x014D, 0x014E, 0x014F, 0x0150, 0x0151, 0x0152, 0x0153,
    0x0154, 0x0155, 0x0156, 0x0157, 0x0158, 0x0159, 0x015A, 0x015B, 0x015C, 0x015D, 0x015E, 0x015F,
    0x0160, 0x0161, 0x0162, 0x0164, 0x0166, 0x0168, 0x0169, 0x016A, 0x016B, 0x016C, 0x016D, 0x016E,
    0x016F, 0x0170, 0x0171, 0x0172, 0x0173, 0x0174, 0x0175, 0x0176, 0x0177, 0x0178, 0x017A, 0x017C,
    0x017E, 0x01A0, 0x01A1, 0x01AF, 0x01B0, 0x01FA, 0x01FB, 0x01FC, 0x01FD, 0x01FE, 0x01FF, 0x0218,
    0x0219, 0x021A, 0x0400, 0x0401, 0x0402, 0x0403, 0x0404, 0x0405, 0x0406, 0x0407, 0x0408, 0x0409,
    0x040A, 0x040B, 0x040C, 0x040D, 0x040E, 0x040F, 0x0410, 0x0411, 0x0412, 0x0413, 0x0414, 0x0415,
    0x0416, 0x0417, 0x0418, 0x0419, 0x041A, 0x041B, 0x041C, 0x041D, 0x041E, 0x041F, 0x0420, 0x0421,
    0x0422, 0x0423, 0x0424, 0x0425, 0x0426, 0x0427, 0x0428, 0x0429, 0x042A, 0x042B, 0x042C, 0x042D,
    0x042E, 0x042F, 0x0430, 0x0431, 0x0432, 0x0433, 0x0434, 0x0435, 0x0436, 0x0437, 0x0438, 0x0439,
    0x043A, 0x043B, 0x043C, 0x043D, 0x043E, 0x043F, 0x0440, 0x0441, 0x0442, 0x0443, 0x0444, 0x0445,
    0x0446, 0x0447, 0x0448, 0x0449, 0x044A, 0x044B, 0x044C, 0x044D, 0x044E, 0x044F, 0x0450, 0x0451,
    0x0452, 0x0453, 0x0454, 0x0455, 0x0456, 0x0457, 0x0458, 0x0459, 0x045A, 0x045B, 0x045C, 0x045D,
    0x045E, 0x045F, 0x0460, 0x0461, 0x0462, 0x0464, 0x0465, 0x0466, 0x0468, 0x046A, 0x046C, 0x046E,
    0x046F, 0x0470, 0x0471, 0x0472, 0x0473, 0x0474, 0x0475, 0x0476, 0x0477, 0x0478, 0x0479, 0x047A,
    0x047B, 0x047C, 0x047D, 0x047E, 0x047F, 0x0480, 0x0481, 0x048A, 0x048B, 0x048C, 0x048E, 0x048F,
    0x0490, 0x0491, 0x0492, 0x0493, 0x0494, 0x0496, 0x0497, 0x0498, 0x0499, 0x049A, 0x049B, 0x049C,
    0x049D, 0x049E, 0x049F, 0x04A0, 0x04A1, 0x04A2, 0x04A3, 0x04A4, 0x04A6, 0x04AA, 0x04AB, 0x04AC,
    0x04AD, 0x04AE, 0x04AF, 0x04B0, 0x04B1, 0x04B2, 0x04B3, 0x04B4, 0x04B5, 0x04B6, 0x04B7, 0x04B8,
    0x04B9, 0x04BA, 0x04BB, 0x04BC, 0x04BD, 0x04BE, 0x04BF, 0x04C1, 0x04C2, 0x04C3, 0x04C5, 0x04C6,
    0x04C7, 0x04C9, 0x04CA, 0x04CC, 0x04CD, 0x04CE, 0x04D0, 0x04D1, 0x04D2, 0x04D3, 0x04D4, 0x04D5,
    0x04D6, 0x04D7, 0x04D8, 0x04D9, 0x04DA, 0x04DB, 0x04DC, 0x04DD, 0x04DE, 0x04DF, 0x04E0, 0x04E1,
    0x04E2, 0x04E3, 0x04E4, 0x04E5, 0x04E6, 0x04E7, 0x04E8, 0x04E9, 0x04EA, 0x04EB, 0x04EC, 0x04ED,
    0x04EE, 0x04EF, 0x04F0, 0x04F1, 0x04F2, 0x04F3, 0x04F4, 0x04F5, 0x04F6, 0x04F7, 0x04F8, 0x04F9,
    0x04FA, 0x04FB, 0x04FC, 0x04FD, 0x04FE, 0x04FF, 0x1EA0, 0x1EA1, 0x1EA2, 0x1EA3, 0x1EA4, 0x1EA5,
    0x1EA6, 0x1EA7, 0x1EA8, 0x1EA9, 0x1EAA, 0x1EAB, 0x1EAC, 0x1EAD, 0x1EAE, 0x1EAF, 0x1EB0, 0x1EB1,
    0x1EB2, 0x1EB3, 0x1EB4, 0x1EB5, 0x1EB6, 0x1EB7, 0x1EB8, 0x1EB9, 0x1EBA, 0x1EBB, 0x1EBC, 0x1EBD,
    0x1EBE, 0x1EBF, 0x1EC0, 0x1EC1, 0x1EC2, 0x1EC3, 0x1EC4, 0x1EC5, 0x1EC6, 0x1EC7, 0x1ECC, 0x1ECD,
    0x1ECE, 0x1ECF, 0x1ED0, 0x1ED1, 0x1ED2, 0x1ED3, 0x1ED4, 0x1ED5, 0x1ED6, 0x1ED7, 0x1ED8, 0x1ED9,
    0x1EDA, 0x1EDB, 0x1EDC, 0x1EDD, 0x1EDE, 0x1EDF, 0x1EE0, 0x1EE1, 0x1EE2, 0x1EE3, 0x1EE4, 0x1EE5,
    0x1EE6, 0x1EE7, 0x1EE8, 0x1EE9, 0x1EEA, 0x1EEB, 0x1EEC, 0x1EED, 0x1EEE, 0x1EEF, 0x1EF0, 0x1EF1,
    0x1EF2, 0x1EF3, 0x1EF4, 0x1EF5, 0x1EF6, 0x1EF7, 0x1EF8, 0x1EF9, 0x2013, 0x2014, 0x2015, 0x2018,
    0x2019, 0x201A, 0x201C, 0x201D, 0x201E, 0x2039, 0x207D, 0x208D, 0x2090, 0x2092, 0xFB00,
};

static const uint8_t notoserif_14_bolditalicKernLeftClassIds[] = {
      1,   2,   1,   3,   4,   5,   6,   5,   7,   8,   9,  10,  11,  12,  13,  14,
     15,  16,  17,  10,  18,  10,  19,  20,  21,  22,  23,  24,  25,  26,   3,  27,
     28,  29,  30,  30,  31,  28,  32,  28,  28,  29,  29,  33,  34,  35,  36,  37,
     38,  39,   3,  40,  41,  42,  43,  43,  43,  43,  43,  43,  11,   9,  11,  11,
     11,  11,  10,  17,  10,  10,  10,  10,  10,  10,  22,  22,  22,  22,  26,  10,
     35,  28,  28,  28,  28,  28,  28,  30,  30,  30,  30,  30,  30,  29,  28,  29,
     29,  29,  29,  29,  29,  28,  28,  28,  28,  38,  29,  38,   7,  28,  43,  28,
     43,  28,   9,  30,   9,  30,   9,  30,   9,  30,  10,  44,  10,  11,  30,  11,
     30,  11,  30,  11,  30,  11,  30,  13,  13,  13,  13,  28,  28,  14,  14,  15,
     32,  32,  16,  16,  45,  44,  16,  17,  28,  17,  28,  17,  28,  28,  14,  28,
     10,  29,  10,  29,  10,  29,  11,  30,  19,  34,  19,  34,  19,  34,  20,  35,
     20,  35,  20,  35,  20,  35,  21,  21,  21,  22,  28,  22,  28,  22,  28,  22,
     28,  22,  28,  22,  28,  24,  37,  26,  38,  26,  39,  39,  39,  46,  47,  48,
     49,   7,  28,  11,  30,  10,  29,  20,  35,  21,  50,  50,  51,  52,  53,  54,
     55,  55,  56,  57,  57,  58,  59,  55,  60,  55,  61,  62,  63,  52,  64,  50,
     59,  63,  55,  55,  59,  55,  55,  55,  65,  55,  66,  53,  52,  60,  67,  68,
     64,  55,  55,  64,  57,  55,  57,  65,  65,  55,  69,  70,  71,  72,  73,  74,
     75,  71,  69,  69,  76,  69,  69,  69,  77,  78,  77,  79,  78,  80,  77,  76,
     81,  69,  69,  81,  82,  69,  82,  77,  77,  69,  74,  74,  83,  72,  79,  84,
     69,  85,  86,  82,  82,  78,  76,  69,  80,  69,  65,  87,  57,  53,  72,  61,
     61,  88,  88,  63,  72,  89,  90,  65,  71,  60,  90,  60,  90,  91,  80,  65,
     71,  65,  71,  65,  87,  53,  72,  64,  81,  57,  66,  71,  92,  93,  92,  93,
     58,  59,  79,  63,  72,  59,  79,  59,  79,  59,  79,  59,  79,  64,  81,  92,
     58,  53,  72,  92,  81,  89,  90,  89,  90,  68,  76,  64,  81,  64,  81,  55,
     69,  58,  82,  94,  74,  94,  74,  59,  79,  58,  64,  81,  56,  64,  81,  81,
     64,  81,  61,  81,  61,  81,  50,  74,  50,  74,  65,  71,  65,  71,  59,  79,
     63,  71,  63,  95,  55,  81,  55,  81,  65,  71,  65,  71,  65,  71,  65,  77,
     60,  80,  60,  80,  60,  80,  55,  69,  92,  93,  55,  69,  92,  93,  68,  76,
     68,  96,  43,  28,  43,  28,  43,  28,  43,  28,  43,  28,  43,  28,  43,  28,
     43,  28,  43,  28,  43,  28,  43,  28,  43,  28,  11,  30,  11,  30,  11,  30,
     11,  30,  11,  30,  11,  30,  11,  30,  11,  30,  10,  29,  10,  29,  10,  29,
     10,  29,  10,  29,  10,  29,  10,  97,  46,  47,  46,  47,  46,  47,  46,  47,
     46,  47,  22,  28,  22,  28,  48,  49,  48,  49,  48,  49,  48,  49,  48,  49,
     26,  38,  26,  38,  26,  38,  26,  38,   6,   6,   6,  98,  99,   5,  98,  99,
      5,  41, 100, 101, 102, 103,  31,
};

static const uint16_t notoserif_14_bolditalicKernRightCodepoints[] = {
    0x0022, 0x0026, 0x0027, 0x0029, 0x002A, 0x002C, 0x002D, 0x002E, 0x003A, 0x003B, 0x003F, 0x0041,
    0x0042, 0x0043, 0x0044, 0x0045, 0x0046, 0x0047, 0x0048, 0x0049, 0x004A, 0x004B, 0x004C, 0x004D,
    0x004E, 0x004F, 0x0050, 0x0051, 0x0052, 0x0053, 0x0054, 0x0055, 0x0056, 0x0057, 0x0058, 0x0059,
    0x005A, 0x005C, 0x005D, 0x005F, 0x0061, 0x0062, 0x0063, 0x0064, 0x0065, 0x0067, 0x0068, 0x0069,
    0x006B, 0x006C, 0x006D, 0x006E, 0x006F, 0x0070, 0x0071, 0x0072, 0x0073, 0x0074, 0x0075, 0x0076,
    0x0077, 0x0078, 0x0079, 0x007A, 0x007D, 0x00A9, 0x00AE, 0x00BB, 0x00C0, 0x00C1, 0x00C2, 0x00C3,
    0x00C4, 0x00C5, 0x00C6, 0x00C7, 0x00C8, 0x00C9, 0x00CA, 0x00CB, 0x00CC, 0x00CD, 0x00CE, 0x00CF,
    0x00D0, 0x00D1, 0x00D2, 0x00D3, 0x00D4, 0x00D5, 0x00D6, 0x00D8, 0x00D9, 0x00DA, 0x00DB, 0x00DC,
    0x00DD, 0x00DE, 0x00E0, 0x00E1, 0x00E2, 0x00E3, 0x00E4, 0x00E5, 0x00E6, 0x00E7, 0x00E8, 0x00E9,
    0x00EA, 0x00EB, 0x00EC, 0x00ED, 0x00EE, 0x00EF, 0x00F0, 0x00F1, 0x00F2, 0x00F3, 0x00F4, 0x00F5,
    0x00F6, 0x00F8, 0x00F9, 0x00FA, 0x00FB, 0x00FC, 0x00FD, 0x00FE, 0x00FF, 0x0100, 0x0101, 0x0102,
    0x0103, 0x0104, 0x0105, 0x0106, 0x0107, 0x0108, 0x0109, 0x010A, 0x010B, 0x010C, 0x010D, 0x010E,
    0x010F, 0x0110, 0x0111, 0x0112, 0x0113, 0x0114, 0x0115, 0x0116, 0x0117, 0x0118, 0x0119, 0x011A,
    0x011B, 0x011C, 0x011D, 0x011E, 0x011F, 0x0120, 0x0121, 0x0122, 0x0123, 0x0124, 0x0125, 0x0126,
    0x0127, 0x0128, 0x0129, 0x012A, 0x012B, 0x012C, 0x012D, 0x012E, 0x012F, 0x0130, 0x0132, 0x0133,
    0x0134, 0x0136, 0x0137, 0x0138, 0x0139, 0x013A, 0x013B, 0x013C, 0x013D, 0x013E, 0x013F, 0x0140,
    0x0141, 0x0142, 0x0143, 0x0144, 0x0145, 0x0146, 0x0147, 0x0148, 0x0149, 0x014A, 0x014B, 0x014C,
    0x014D, 0x014E, 0x014F, 0x0150, 0x0151, 0x0152, 0x0153, 0x0154, 0x0155, 0x0156, 0x0157, 0x0158,
    0x0159, 0x015A, 0x015B, 0x015C, 0x015D, 0x015E, 0x015F, 0x0160, 0x0161, 0x0163, 0x0165, 0x0167,
    0x0168, 0x0169, 0x016A, 0x016B, 0x016C, 0x016D, 0x016E, 0x016F, 0x0170, 0x0171, 0x0172, 0x0173,
    0x0174, 0x0175, 0x0176, 0x0177, 0x0178, 0x0179, 0x017A, 0x017B, 0x017C, 0x017D, 0x017E, 0x01A0,
    0x01A1, 0x01AF, 0x01B0, 0x01FA, 0x01FB, 0x01FC, 0x01FD, 0x01FE, 0x01FF, 0x0218, 0x0219, 0x021B,
    0x021E, 0x0400, 0x0401, 0x0402, 0x0403, 0x0404, 0x0405, 0x0406, 0x0407, 0x0408, 0x0409, 0x040A,
    0x040B, 0x040C, 0x040D, 0x040E, 0x040F, 0x0410, 0x0411, 0x0412, 0x0413, 0x0414, 0x0415, 0x0416,
    0x0417, 0x0418, 0x0419, 0x041A, 0x041B, 0x041C, 0x041D, 0x041E, 0x041F, 0x0420, 0x0421, 0x0422,
    0x0423, 0x0424, 0x0425, 0x0426, 0x0427, 0x0428, 0x0429, 0x042A, 0x042B, 0x042C, 0x042D, 0x042E,
    0x042F, 0x0430, 0x0431, 0x0432, 0x0433, 0x0434, 0x0435, 0x0436, 0x0437, 0x0438, 0x0439, 0x043A,
    0x043B, 0x043C, 0x043D, 0x043E, 0x043F, 0x0440, 0x0441, 0x0442, 0x0443, 0x0444, 0x0445, 0x0446,
    0x0447, 0x0448, 0x0449, 0x044A, 0x044B, 0x044C, 0x044D, 0x044E, 0x044F, 0x0450, 0x0451, 0x0452,
    0x0453, 0x0454, 0x0455, 0x0456, 0x0457, 0x0458, 0x0459, 0x045A, 0x045B, 0x045C, 0x045D, 0x045E,
    0x045F, 0x0460, 0x0461, 0x0466, 0x046A, 0x046E, 0x0470, 0x0471, 0x0472, 0x0473, 0x0474, 0x0475,
    0x0476, 0x0477, 0x0478, 0x0479, 0x047A, 0x047B, 0x047C, 0x047D, 0x047E, 0x047F, 0x0480, 0x0481,
    0x048B, 0x048F, 0x0496, 0x0497, 0x0498, 0x0499, 0x049F, 0x04A0, 0x04A1, 0x04A8, 0x04A9, 0x04AA,
    0x04AB, 0x04AC, 0x04AE, 0x04AF, 0x04B0, 0x04B1, 0x04B2, 0x04B3, 0x04B4, 0x04B5, 0x04B6, 0x04B7,
    0x04B8, 0x04B9, 0x04C1, 0x04C2, 0x04C5, 0x04C6, 0x04CB, 0x04CC, 0x04CE, 0x04D0, 0x04D1, 0x04D2,
    0x04D3, 0x04D4, 0x04D5, 0x04D7, 0x04D9, 0x04DB, 0x04DC, 0x04DD, 0x04DE, 0x04DF, 0x04E0, 0x04E2,
    0x04E3, 0x04E4, 0x04E5, 0x04E6, 0x04E7, 0x04E8, 0x04E9, 0x04EA, 0x04EB, 0x04EC, 0x04ED, 0x04EE,
    0x04EF, 0x04F0, 0x04F1, 0x04F2, 0x04F3, 0x04F4, 0x04F5, 0x04F8, 0x04F9, 0x04FC, 0x04FD, 0x04FE,
    0x1EA0, 0x1EA1, 0x1EA2, 0x1EA3, 0x1EA4, 0x1EA5, 0x1EA6, 0x1EA7, 0x1EA8, 0x1EA9, 0x1EAA, 0x1EAB,
    0x1EAC, 0x1EAD, 0x1EAE, 0x1EAF, 0x1EB0, 0x1EB1, 0x1EB2, 0x1EB3, 0x1EB4, 0x1EB5, 0x1EB6, 0x1EB7,
    0x1EB8, 0x1EB9, 0x1EBA, 0x1EBB, 0x1EBC, 0x1EBD, 0x1EBE, 0x1EBF, 0x1EC0, 0x1EC1, 0x1EC2, 0x1EC3,
    0x1EC4, 0x1EC5, 0x1EC6, 0x1EC7, 0x1EC9, 0x1ECB, 0x1ECC, 0x1ECD, 0x1ECE, 0x1ECF, 0x1ED0, 0x1ED1,
    0x1ED2, 0x1ED3, 0x1ED4, 0x1ED5, 0x1ED6, 0x1ED7, 0x1ED8, 0x1ED9, 0x1EDA, 0x1EDB, 0x1EDC, 0x1EDD,
    0x1EDE, 0x1EDF, 0x1EE0, 0x1EE1, 0x1EE2, 0x1EE3, 0x1EE4, 0x1EE5, 0x1EE6, 0x1EE7, 0x1EE8, 0x1EE9,
    0x1EEA, 0x1EEB, 0x1EEC, 0x1EED, 0x1EEE, 0x1EEF, 0x1EF0, 0x1EF1, 0x1EF2, 0x1EF3, 0x1EF4, 0x1EF5,
    0x1EF6, 0x1EF7, 0x1EF8, 0x1EF9, 0x2013, 0x2014, 0x2015, 0x2018, 0x2019, 0x201A, 0x201C, 0x201D,
    0x201E, 0x2026, 0x203A, 0x207E, 0x208E,
};

static const uint8_t notoserif_14_bolditalicKernRightClassIds[] = {
      1,   2,   1,   3,   4,   5,   6,   7,   8,   8,   9,  10,  11,  12,  11,  11,
     11,  12,  11,  11,  11,  11,  11,  11,  11,  12,  11,  12,  11,  13,  14,  15,
     16,  17,  18,  19,  20,  21,   3,  22,  23,  24,  25,  25,  25,  26,  24,  27,
     24,  28,  29,  29,  25,  29,  25,  29,  30,  31,  32,  33,  34,  35,  36,  37,
      3,  38,  38,  39,  10,  10,  10,  10,  10,  10,  40,  12,  11,  11,  11,  11,
     11,  11,  11,  11,  11,  11,  12,  12,  12,  12,  12,  12,  15,  15,  15,  15,
     19,  11,  23,  23,  23,  23,  23,  23,  23,  25,  25,  25,  25,  25,  27,  27,
     27,  27,  25,  29,  25,  25,  25,  25,  25,  25,  32,  32,  32,  32,  36,  24,
     36,  10,  23,  10,  23,  10,  23,  12,  25,  12,  25,  12,  25,  12,  25,  11,
     25,  11,  25,  11,  25,  11,  25,  11,  25,  11,  25,  11,  25,  12,  25,  12,
     25,  12,  25,  12,  25,  11,  24,  11,  24,  11,  27,  11,  27,  11,  27,  11,
     27,  11,  11,  27,  11,  11,  24,  29,  11,  28,  11,  28,  11,  28,  11,  28,
     11,  28,  11,  29,  11,  29,  11,  29,  41,  11,  29,  12,  25,  12,  25,  12,
     25,  12,  25,  11,  29,  11,  29,  11,  29,  13,  30,  13,  30,  13,  30,  13,
     30,  31,  31,  31,  15,  32,  15,  32,  15,  32,  15,  32,  15,  32,  15,  32,
     17,  34,  19,  36,  19,  20,  37,  20,  37,  20,  37,  12,  25,  15,  32,  10,
     23,  40,  23,  12,  25,  13,  30,  31,  11,  42,  42,  43,  42,  44,  45,  42,
     42,  46,  47,  42,  43,  42,  42,  48,  42,  49,  42,  42,  42,  50,  42,  51,
     52,  42,  42,  42,  47,  42,  42,  44,  42,  42,  44,  43,  48,  53,  54,  42,
     55,  42,  42,  43,  42,  42,  52,  42,  56,  57,  58,  57,  59,  60,  57,  61,
     62,  63,  63,  64,  65,  65,  64,  57,  64,  66,  57,  64,  67,  57,  68,  63,
     69,  63,  63,  70,  63,  63,  61,  64,  71,  57,  57,  72,  59,  57,  73,  74,
     75,  76,  65,  64,  72,  64,  63,  67,  63,  77,  78,  49,  79,  52,  80,  63,
     77,  81,  80,  82,  80,  82,  77,  81,  77,  81,  77,  81,  77,  78,  77,  81,
     63,  66,  51,  61,  52,  61,  72,  83,  70,  77,  81,  77,  81,  83,  80,  82,
     80,  82,  54,  68,  83,  70,  55,  69,  55,  69,  51,  61,  50,  65,  55,  69,
     84,  49,  81,  49,  81,  85,  81,  81,  81,  81,  51,  61,  52,  61,  52,  42,
     63,  42,  63,  77,  81,  77,  81,  77,  81,  52,  61,  48,  67,  48,  67,  48,
     67,  55,  69,  42,  63,  54,  68,  54,  10,  23,  10,  23,  10,  23,  10,  23,
     10,  23,  10,  23,  10,  23,  10,  23,  10,  23,  10,  23,  10,  23,  10,  23,
     11,  25,  11,  25,  11,  25,  11,  25,  11,  25,  11,  25,  11,  25,  11,  25,
     86,  86,  12,  25,  12,  25,  12,  25,  12,  25,  12,  25,  12,  25,  12,  25,
     12,  25,  12,  25,  12,  25,  12,  25,  12,  25,  15,  32,  15,  32,  15,  32,
     15,  32,  15,  32,  15,  32,  15,  32,  19,  36,  19,  36,  19,  36,  19,  36,
      6,   6,   6,  87,   4,  88,  87,   4,  88,  88,  39,  89,  90,
};

static const uint16_t notoserif_14_bolditalicKernRowOffsets[] = {
        0,     8,    13,    23,    35,    56,    63,    81,    92,    93,   104,   107,   116,   121,   125,   132,
      141,   145,   151,   161,   170,   181,   187,   198,   210,   217,   231,   245,   252,   257,   260,   265,
      267,   269,   280,   284,   290,   296,   300,   305,   309,   314,   319,   337,   352,   355,   371,   382,
      401,   405,   412,   433,   459,   463,   472,   474,   482,   503,   534,   556,   587,   614,   636,   657,
      673,   693,   713,   739,   757,   773,   792,   807,   818,   830,   835,   845,   858,   877,   896,   905,
      925,   951,   966,   972,   979,   996,   999,  1000,  1003,  1005,  1006,  1009,  1018,  1026,  1030,  1032,
     1033,  1034,  1051,  1075,  1076,  1077,  1079,  1080,
};

static const uint8_t notoserif_14_bolditalicKernSparseCols[] = {
      9,  25,  26,  39,  48,  49,  64,  84,  13,  14,  15,  16,  18,  43,  45,  46,
     47,  49,  52,  64,  68,  74,  75,   1,   4,   6,   9,  39,  47,  48,  49,  64,
     80,  84,  87,  11,  13,  14,  15,  16,  18,  32,  33,  35,  42,  43,  46,  47,
     49,  52,  54,  66,  68,  69,  76,  82,  42,  47,  48,  49,  53,  54,  67,   0,
      1,   3,  11,  13,  14,  15,  16,  18,  24,  25,  31,  32,  33,  35,  37,  40,
     86,   3,   9,  13,  15,  16,  17,  18,  19,  33,  35,  39,   1,   0,   4,   6,
      9,  13,  15,  16,  17,  18,  39,  87,  15,  16,  18,   1,   4,   6,   9,  22,
     24,  25,  39,  87,  13,  15,  16,  18,  39,   4,   6,   9,  87,   1,  11,  24,
     25,  31,  33,  35,   0,   3,  13,  14,  15,  16,  18,  32,  86,   1,   4,   6,
     87,   1,   4,   6,   9,  39,  87,   1,   3,  11,  13,  14,  15,  16,  18,  33,
     35,   9,  13,  15,  16,  17,  18,  33,  35,  39,   1,   4,   6,   9,  11,  22,
     24,  25,  39,  40,  87,   1,   4,   6,   9,  39,  87,   1,   4,   6,   9,  11,
     22,  24,  25,  29,  39,  87,   1,   4,   6,   9,  11,  22,  24,  25,  29,  34,
     39,  87,  11,  12,  24,  25,  33,  35,  37,   1,   4,   6,   9,  11,  12,  22,
     24,  25,  29,  34,  36,  39,  87,  42,  43,  45,  47,  49,  52,  54,  56,  57,
     59,  66,  68,  69,  75,   0,  13,  15,  16,  18,  35,  86,  13,  15,  16,  18,
     35,  15,  16,  18,   0,   2,   3,  20,  86,  24,  25,  16,  18,   3,   4,   6,
     15,  16,  17,  18,  22,  24,  25,  87,   0,  15,  16,  18,   4,   6,  15,  16,
     18,  87,   4,   6,  15,  16,  18,  87,   4,   6,  16,  87,   3,  15,  16,  18,
     86,  13,  14,  15,  18,  42,  47,  48,  52,  54,  13,  14,  15,  16,  18,   0,
      1,   3,  11,  13,  14,  15,  16,  18,  24,  25,  31,  32,  33,  35,  37,  40,
     86,   0,   2,   3,   8,  10,  13,  14,  15,  16,  17,  18,  19,  23,  27,  86,
      3,  13,  15,   4,   6,   9,  13,  15,  16,  18,  22,  24,  25,  29,  30,  33,
     34,  35,  87,   3,   4,   6,  26,  28,  30,  31,  33,  35,  85,  87,   4,   6,
      9,  11,  14,  15,  18,  22,  23,  24,  25,  28,  29,  30,  31,  33,  35,  36,
     87,   3,  26,  28,  85,  42,  47,  52,  64,  69,  70,  83,   0,   2,   3,   7,
     21,  42,  45,  47,  48,  49,  50,  52,  53,  54,  55,  64,  66,  67,  68,  82,
     86,   3,   4,   5,   6,   7,  21,  38,  43,  44,  46,  48,  49,  52,  55,  56,
     58,  59,  62,  64,  66,  68,  70,  72,  73,  74,  87,  47,  52,  64,  67,  42,
     47,  48,  49,  52,  53,  54,  78,  82,  52,  64,  46,  48,  49,  52,  62,  64,
     73,  74,   0,   2,   3,   7,  21,  42,  45,  47,  48,  49,  50,  52,  53,  54,
     55,  64,  66,  67,  68,  82,  86,   0,   2,   3,   5,   7,  38,  42,  43,  44,
     45,  47,  51,  52,  54,  56,  58,  59,  61,  62,  64,  66,  68,  73,  74,  75,
     76,  77,  79,  81,  82,  86,   5,  38,  43,  44,  46,  49,  51,  52,  54,  56,
     57,  59,  62,  66,  68,  69,  73,  74,  76,  80,  83,  86,   2,   3,   4,   5,
      6,   7,  20,  21,  38,  43,  44,  46,  48,  49,  52,  55,  56,  58,  59,  60,
     61,  62,  63,  64,  67,  70,  72,  73,  74,  80,  87,   0,   3,   5,  38,  42,
     43,  44,  47,  49,  51,  52,  54,  56,  57,  59,  62,  64,  66,  68,  69,  72,
     73,  74,  76,  82,  83,  86,   3,   7,  21,  42,  44,  45,  47,  48,  49,  50,
     52,  53,  54,  55,  64,  65,  66,  67,  68,  69,  70,  86,   3,   7,  21,  42,
     44,  47,  48,  49,  50,  52,  53,  54,  64,  67,  69,  70,  78,  82,  83,  84,
     86,   2,  21,  43,  45,  52,  56,  58,  59,  61,  62,  64,  69,  70,  73,  74,
     75,   2,   4,   6,   7,  21,  42,  45,  46,  47,  48,  49,  50,  53,  54,  55,
     64,  67,  78,  82,  87,   2,   4,   6,   7,  21,  38,  46,  47,  48,  49,  50,
     51,  53,  54,  55,  64,  66,  67,  70,  87,   2,   3,   4,   6,   7,  21,  38,
     41,  42,  44,  45,  46,  47,  48,  49,  50,  51,  53,  54,  55,  64,  67,  70,
     78,  86,  87,   5,  38,  43,  44,  52,  54,  56,  58,  59,  62,  64,  66,  68,
     69,  73,  74,  76,  83,  41,  42,  46,  47,  48,  49,  50,  53,  54,  55,  60,
     64,  67,  68,  69,  70,   4,   6,  21,  42,  47,  48,  50,  53,  54,  60,  61,
     64,  66,  67,  68,  69,  70,  75,  87,   3,   4,   6,  42,  47,  54,  62,  64,
     66,  67,  68,  73,  74,  82,  87,   3,   4,   6,  42,  47,  54,  64,  67,  70,
     82,  87,   4,   6,  21,  47,  48,  50,  53,  54,  64,  67,  70,  87,  42,  47,
     54,  64,  67,  42,  47,  54,  55,  56,  59,  64,  66,  67,  80,   5,  42,  43,
     46,  47,  49,  51,  52,  54,  56,  57,  58,  59,   4,   6,  21,  42,  47,  48,
     50,  53,  54,  60,  61,  64,  66,  67,  68,  69,  70,  75,  87,   3,  41,  42,
     46,  47,  48,  49,  50,  53,  54,  55,  60,  61,  64,  66,  67,  68,  70,  86,
     42,  47,  54,  55,  56,  59,  64,  67,  80,   2,   4,   6,  21,  42,  46,  47,
     48,  49,  50,  51,  53,  54,  58,  60,  61,  64,  67,  70,  87,   2,   3,  21,
     38,  41,  42,  45,  46,  47,  48,  49,  50,  52,  53,  54,  55,  60,  61,  64,
     67,  68,  69,  70,  72,  75,  86,   0,   3,  42,  46,  47,  52,  54,  62,  66,
     68,  69,  70,  73,  74,  86,  42,  47,  54,  64,  68,  86,   4,   6,  42,  47,
     54,  67,  87,  41,  42,  46,  47,  48,  49,  50,  53,  54,  55,  60,  64,  67,
     68,  69,  70,  71,  54,  64,  70,  64,  54,  69,  83,  49,  64,  64,   4,   6,
     87,   4,   6,  43,  48,  49,  64,  76,  80,  87,   3,   4,   6,  48,  49,  64,
     80,  87,  47,  49,  64,  78,   3,  86,  80,  35,   9,  26,  35,  39,  46,  48,
     49,  62,  64,  66,  68,  71,  73,  74,  75,  80,  84,   9,  22,  24,  25,  29,
     39,  46,  47,  48,  49,  56,  59,  62,  63,  64,  65,  66,  68,  69,  71,  73,
     74,  75,  84,  88,  89,   0,  35,  35,
};

static const int8_t notoserif_14_bolditalicKernSparseValues[] = {
     -37,  -19,    9,  -56,  -37,  -37,  -28,  -56,  -19,   -5,  -23,  -19,  -21,   -9,   14,   -9,
       9,    5,   -9,   -9,   -5,   14,   19,   -9,  -56,  -56,  -23,  -37,   -9,  -23,  -33,  -23,
     -23,  -37,  -56,   -9,  -33,   -5,  -42,  -37,  -33,  -23,   -9,   -9,  -28,   -9,    5,   -9,
       9,  -14,  -61,   -9,  -33,  -33,   -9,  -33,  -19,   -9,   -5,   -5,   -5,  -19,   -9,  -37,
      -9,  -33,   -9,  -28,   -9,  -37,  -33,  -33,   -9,   -9,   -9,  -28,  -14,  -23,  -23,  -23,
     -42,   -9,   -9,   -9,  -19,  -14,   -9,  -19,   -9,   -5,   -9,  -14,   -9,  -14,   -9,  -19,
      -9,   -9,   -9,   -9,   -9,  -14,  -23,   -9,   -9,   -9,   -9,  -19,  -37,  -37,  -33,  -19,
     -19,  -19,  -51,  -37,   -9,   -9,   -9,   -9,   -9,   -9,   -9,   -9,   -9,   -9,   -9,   -9,
      -9,   -9,  -14,  -14,  -28,  -37,  -33,   -9,  -37,  -23,  -28,  -14,  -42,   -9,   -9,   -9,
      -9,   -9,  -56,  -56,  -23,  -37,  -56,   -9,   -9,   -9,   -9,   -5,  -14,  -14,  -14,   -9,
      -9,   -9,   -9,   -9,   -9,   -9,   -9,   -5,   -9,   -9,   -9,  -42,  -42,  -28,   -9,  -14,
     -14,  -14,  -37,   23,  -42,   -9,   -9,   -9,   -9,   -9,   -9,  -14,  -51,  -51,  -37,   -9,
     -28,  -28,  -28,  -19,  -61,  -51,  -14,  -42,  -42,  -28,   -9,  -23,  -28,  -28,  -14,   -9,
     -61,  -42,   -9,   -5,   -5,   -5,  -14,  -23,  -19,  -14,  -37,  -37,  -33,  -14,   -9,  -28,
     -33,  -33,  -28,   -5,   -5,  -42,  -37,  -19,   -9,   28,  -14,   23,  -19,  -51,   -9,   -9,
      -9,   19,  -37,   -9,   28,  -19,   -9,  -23,  -19,  -23,   -9,  -19,  -14,  -28,  -28,  -33,
      -9,  -23,  -23,  -33,   37,   42,   37,   47,   28,   -9,   -9,  -19,   -9,   14,  -98,  -98,
     -14,  -19,  -23,  -14,   -9,   -9,   -9,  -98,   -9,  -14,  -14,  -23,  -23,  -33,  -14,   -9,
     -14,  -33,  -33,  -33,   -9,   -9,  -14,  -33,  -42,  -42,   -9,  -42,   -9,  -19,  -14,  -14,
      -9,   -9,   -5,  -23,  -28,  -23,  -19,   -9,   -5,  -19,  -14,   -5,  -23,  -23,  -23,  -37,
      -9,  -33,   -9,  -28,   -9,  -37,  -33,  -33,   -9,   -9,   -9,  -23,  -14,  -23,  -23,  -23,
     -42,   14,   33,   19,   14,   23,   33,   33,   42,   33,   33,   47,   37,   42,   42,   14,
     -14,  -14,  -23,  -14,  -14,  -19,    9,    9,    9,    9,   -9,   -9,   -9,   -9,   -9,   -9,
      -9,   -9,  -14,    9,   -5,   -5,    5,    9,   14,    9,   14,   14,    5,   -5,  -14,  -14,
     -28,   -9,    5,   14,   14,  -23,    5,  -28,  -28,  -14,  -28,   -9,  -14,   -9,   -9,  -14,
     -14,    9,    5,    9,    5,   -9,   -9,   -7,   -9,   -9,   -9,   -9,  -79,   -9,  -37,   -5,
      -5,  -37,   -7,  -84,   -5,   -5,   -5,   -9,   -9,  -28,   -5,   -7,   -5,   -5,  -14,  -33,
     -70,   14,  -28,  -19,  -28,  -14,  -19,  -23,   -9,   -5,  -14,  -28,  -19,  -12,   -7,  -14,
      -5,  -14,    9,  -28,   19,    5,  -14,   -7,    9,    9,  -28,   -5,   -5,   -5,   -5,   -5,
      -5,   -5,   -5,  -12,   -5,  -14,   -9,   -9,   -5,   -9,   -9,   -9,   -7,   -9,   14,   -9,
      14,   14,  -47,   -9,  -23,   -5,   -5,  -37,   -7,  -42,   -5,   -5,   -5,   -9,   -9,  -28,
      -5,   -7,   -5,   -5,  -14,  -19,  -42,  -56,  -19,  -33,   -9,   -9,  -23,  -42,  -28,  -19,
     -14,  -65,  -19,  -37,  -61,   -9,   -5,   -9,   -5,   -9,   -9,  -19,  -23,   -9,   -9,   -9,
      -5,   -9,  -23,  -14,  -33,  -47,   -9,  -14,  -14,   -5,    5,    9,   -5,  -23,   -9,   -9,
      -5,   -9,   -5,   -5,  -14,  -14,   -5,    2,   -5,   -9,  -14,   -9,    5,   19,  -51,   -9,
     -51,   -9,    9,  -37,  -19,  -23,   -5,  -28,  -65,  -37,  -28,  -19,  -23,  -14,  -37,  -19,
      -5,   -5,   -9,  -56,   -5,   -9,  -19,   -5,   14,  -19,  -51,  -37,  -33,   -5,   -9,  -28,
     -14,   -5,  -37,    7,   -5,  -23,  -56,  -14,   -9,  -14,   -9,   -5,  -28,  -33,  -19,   -5,
      -9,   -9,   -9,  -28,  -19,  -42,   -5,   -9,   -5,  -12,   -5,  -14,  -14,   -5,   -9,   -5,
      -9,   -5,  -19,   -5,   -9,   -5,   -7,  -12,   -9,   -5,   -9,   -9,   -5,   -9,   -5,  -16,
      -5,  -23,   -5,   -7,   -7,   -5,   -5,  -23,   -9,   -5,   -9,   -5,   -9,   -9,   -9,  -14,
      -9,    5,   14,   -5,    9,   -9,   -7,   -5,   -7,   -5,   -5,   -5,   -5,   -5,   -5,    5,
       9,   -9,   -9,   -9,   -9,   -9,   -9,   -7,   -7,  -35,   -9,  -16,   -9,   -9,   -5,   -5,
     -19,   -5,   -9,   -9,   -9,   -9,  -56,  -56,   -9,  -19,   -5,  -23,   -9,  -23,  -33,  -19,
      -7,  -19,  -12,   -5,  -23,   14,   -5,   -5,  -56,   -9,   -5,  -14,  -14,  -14,  -19,   -5,
      -5,  -19,   -9,   -9,  -14,  -42,  -14,  -23,  -19,   -9,  -19,  -14,  -14,  -19,   -9,   -2,
      -9,  -14,  -14,   -9,   -9,   -9,   -5,  -19,   -9,   -7,   -5,   -7,   -2,   -5,   -5,   -7,
     -19,   -2,    9,   -9,  -14,   12,   -9,   23,  -19,   21,   23,   28,   19,  -23,   23,    5,
      14,    7,   -5,   -7,    2,   -9,   -9,   -9,  -19,  -47,   -9,   -5,   -7,  -16,   -5,   -5,
      -9,   -7,  -16,   -7,   -2,   -5,   -5,   -9,   -5,   -5,   -5,  -14,  -28,  -23,   -7,   -7,
      -5,   -7,   -7,   -7,   -7,   -9,   -5,    9,   -9,   -9,   -5,  -19,   -9,  -14,   -5,   -5,
      -9,   -9,   -9,   -9,   -9,  -23,   -9,   -5,   -5,   -7,  -14,   -7,   -7,   -9,   -5,  -19,
      -9,   -5,   -5,   -5,  -19,   -7,    2,   -5,   -5,   -5,    9,   -2,   -9,  -14,   -7,   -5,
       5,  -23,    9,   -5,   -5,  -23,   -9,   -2,   -5,   -9,   -9,   -9,   -9,  -19,  -33,   -9,
      -5,   -7,  -16,   -5,   -5,   -9,   -7,  -16,   -7,   -2,   -5,   -5,   -9,   14,   19,  -19,
      23,  -14,   23,   26,   28,   21,  -28,   23,   12,    2,   16,   -5,    7,   -9,    7,  -14,
      -5,  -19,   -7,    2,   -5,   -5,   -5,   -2,   -9,   -5,   -9,   -9,   -9,   -5,   -7,  -14,
      -9,   -9,   -5,   -9,   -5,  -14,   -5,   -9,   -5,  -33,  -16,   -5,   -9,   19,   -9,   37,
       7,   19,   -9,   28,   26,   -7,   28,   28,   33,   -5,   28,  -23,   30,   12,    5,   19,
      12,   -5,   -7,    9,    9,   14,   -9,  -33,  -28,  -33,    5,  -33,   -5,  -51,   -5,  -16,
     -21,  -23,   -5,   -5,   -5,  -28,   -9,  -47,  -26,  -14,   -5,   -9,   -9,   -9,   -9,  -28,
     -23,   -7,   -9,   12,  -12,   23,  -14,   21,   23,   28,   19,  -24,   23,    5,   14,    7,
      -5,   -7,    2,    5,   -9,  -23,   -9,  -19,   -9,  -14,  -14,  -28,  -33,  -33,  -42,  -42,
     -42,  -33,  -33,   -9,  -28,  -28,  -28,   -9,   -9,  -33,   14,  -33,  -33,  -28,  -19,  -28,
     -19,  -33,   -9,  -23,  -19,   -9,   -9,   -9,   -9,   -9,  -33,    5,    9,  -65,  -14,  -33,
     -28,    9,  -14,   33,   19,   14,   19,   19,   14,  -19,  -65,  -42,   -5,   -5,   -5,  -23,
     -65,  -19,    9,  -33,  -28,   -5,   -5,   19,   19,   -9,   19,   23,   28,   23,   23,   19,
      19,    9,  -65,   33,   37,  -14,   -7,   -7,
};

static const EpdLigaturePair notoserif_14_bolditalicLigaturePairs[] = {
    { 0x00660066, 0xFB00 }, // f f -> U+FB00
    { 0x00660069, 0xFB01 }, // f i -> U+FB01
    { 0x0066006C, 0xFB02 }, // f l -> U+FB02
    { 0xFB000069, 0xFB03 }, // U+FB00 i -> U+FB03
    { 0xFB00006C, 0xFB04 }, // U+FB00 l -> U+FB04
};

static const EpdFontData notoserif_14_bolditalic = {
    notoserif_14_bolditalicBitmaps,
    notoserif_14_bolditalicGlyphs,
    notoserif_14_bolditalicIntervals,
    18,
    40,
    32,
    -9,
    true,
    notoserif_14_bolditalicGroups,
    13,
    nullptr,
    nullptr,  // kernLeftClasses: built-in fonts use the split arrays below
    nullptr,  // kernRightClasses
    notoserif_14_bolditalicKernLeftCodepoints,
    notoserif_14_bolditalicKernLeftClassIds,
    notoserif_14_bolditalicKernRightCodepoints,
    notoserif_14_bolditalicKernRightClassIds,
    nullptr,  // kernMatrix: built-in fonts use the sparse form below
    notoserif_14_bolditalicKernRowOffsets,
    notoserif_14_bolditalicKernSparseCols,
    notoserif_14_bolditalicKernSparseValues,
    551,
    557,
    103,
    90,
    notoserif_14_bolditalicLigaturePairs,
    5,
};
