/**
 * generated by fontconvert.py
 * name: notosansthai_16_regular
 * size: 16
 * mode: 2-bit  compressed: true
 * Command used: fontconvert.py notosansthai_16_regular 16 ../builtinFonts/source/NotoSansThai/NotoSansThai-Regular.ttf --2bit --compress --pnum --additional-intervals 0x0E00,0x0E7F
 */
#pragma once
#include "EpdFontData.h"

static const uint8_t notosansthai_16_regularBitmaps[13817] = {
    0xCD, 0x5A, 0x3D, 0x90, 0xDC, 0x66, 0x19, 0xFE, 0x24, 0xD9, 0xA7, 0x81, 0x1D, 0x46, 0x29, 0x62,
    0xC8, 0x70, 0x85, 0x1A, 0x57, 0xC9, 0x10, 0xB5, 0x29, 0x7C, 0xFB, 0x29, 0x05, 0xD0, 0xBA, 0xF0,
    0x25, 0x33, 0xB9, 0x22, 0xB4, 0xA4, 0xB9, 0x26, 0x05, 0xC5, 0xDD, 0x4A, 0x90, 0x82, 0x22, 0x05,
    0x9E, 0x61, 0x42, 0x93, 0x86, 0xC2, 0xC9, 0x24, 0xEB, 0xE2, 0x1A, 0x0A, 0x98, 0xD9, 0x5D, 0x69,
    0x60, 0x86, 0x86, 0x22, 0x82, 0x81, 0xA1, 0x64, 0x33, 0x38, 0x05, 0xA6, 0x88, 0x06, 0xE4, 0x89,
    0xD6, 0x7C, 0xDA, 0x8F, 0xE7, 0x79, 0x3F, 0x69, 0xF7, 0xCE, 0x3E, 0xFB, 0x6C, 0xE3, 0x02, 0x9D,
    0xF4, 0x6A, 0x57, 0xFB, 0xFD, 0xBE, 0x3F, 0xCF, 0xFB, 0xA3, 0xD3, 0x4A, 0x9F, 0xF3, 0x37, 0x56,
    0xAF, 0xF6, 0x7F, 0xDF, 0x51, 0x97, 0x14, 0x8F, 0xB1, 0xCA, 0xD2, 0x22, 0xCD, 0xF0, 0x6D, 0x36,
    0xAA, 0xFA, 0x33, 0x2C, 0x71, 0x1E, 0xE1, 0x0C, 0x78, 0xBE, 0x16, 0xE4, 0x4A, 0xFD, 0xCA, 0x5B,
    0xA2, 0x71, 0x13, 0x90, 0xD6, 0x41, 0xA5, 0x94, 0x57, 0x07, 0xA5, 0x52, 0x7E, 0x1D, 0x92, 0x2E,
    0x47, 0xA0, 0x41, 0x35, 0xCA, 0xD5, 0xD7, 0x6F, 0xDF, 0x3F, 0xB9, 0x9B, 0x46, 0x16, 0x47, 0x7E,
    0xF9, 0xE0, 0x2F, 0x87, 0xFB, 0xA9, 0x1A, 0xE5, 0x09, 0x3A, 0x45, 0xE9, 0x58, 0xE8, 0x1E, 0x68,
    0xAC, 0xAE, 0x81, 0x26, 0xEA, 0x48, 0x29, 0x8D, 0x86, 0xEB, 0x9E, 0xAA, 0x3D, 0xD5, 0xE0, 0xF9,
    0x35, 0x55, 0x83, 0x1E, 0x79, 0xA4, 0x33, 0x9F, 0xB4, 0xF5, 0xDD, 0xE4, 0xD5, 0x30, 0xB9, 0xF2,
    0x70, 0x61, 0x36, 0x77, 0xDD, 0x54, 0xBE, 0xB5, 0x55, 0x6C, 0x6D, 0xAD, 0x3F, 0xFC, 0x45, 0x3D,
    0xC7, 0x33, 0xD3, 0x5F, 0xFC, 0x9C, 0xBD, 0x9F, 0xAB, 0xC4, 0xE6, 0x2A, 0xB4, 0xAD, 0x52, 0x19,
    0x3E, 0x8C, 0x6C, 0xAD, 0x46, 0x3F, 0x6D, 0xD1, 0xD7, 0xE0, 0x9A, 0xF1, 0x9E, 0x8E, 0x7E, 0x6C,
    0xD6, 0x07, 0x27, 0x0D, 0x96, 0x51, 0x1D, 0x72, 0x25, 0xBB, 0xF9, 0xA9, 0xF1, 0x73, 0xD5, 0x1F,
    0xFE, 0x9A, 0x3B, 0x50, 0x91, 0x2D, 0xB1, 0x78, 0x95, 0x7C, 0x7F, 0x89, 0x15, 0xAB, 0x31, 0x96,
    0x38, 0xE3, 0xDA, 0x6B, 0xAE, 0xFE, 0x08, 0xCB, 0xAC, 0xE5, 0x46, 0xC6, 0xE0, 0x16, 0xE5, 0x72,
    0x8B, 0x65, 0x63, 0xCD, 0x78, 0xE7, 0xA6, 0xDA, 0xF3, 0xEA, 0x99, 0x36, 0xEA, 0x55, 0xBF, 0x6E,
    0x16, 0x85, 0x8A, 0x3F, 0xFC, 0x53, 0xDD, 0x44, 0xE9, 0xC8, 0xBE, 0xF7, 0xC7, 0x3A, 0xCA, 0xBD,
    0xDF, 0x44, 0xBF, 0xAD, 0xC9, 0xCC, 0xD8, 0x5F, 0x72, 0x80, 0x71, 0x20, 0xB7, 0x23, 0x77, 0x6B,
    0xE5, 0xA1, 0x5F, 0xFB, 0x6C, 0x12, 0x54, 0x1E, 0x3A, 0x28, 0x7C, 0x6A, 0xE3, 0x94, 0xCB, 0xCA,
    0xB0, 0x3A, 0x8D, 0x9E, 0xAD, 0xAC, 0xD5, 0x4B, 0x87, 0x55, 0xEF, 0x5A, 0x7E, 0x2C, 0x2C, 0x78,
    0xE8, 0xAD, 0x0F, 0xB0, 0xC6, 0xA0, 0xF1, 0xD0, 0x06, 0xCB, 0x34, 0x5B, 0xCA, 0x27, 0x5E, 0x1B,
    0x90, 0xFF, 0x5D, 0x4C, 0x6E, 0xEB, 0x82, 0xBD, 0xE2, 0x8E, 0x23, 0x64, 0x7C, 0xEC, 0xDB, 0x4E,
    0x05, 0xCB, 0x51, 0x93, 0xE5, 0xA3, 0x2A, 0x2E, 0xE3, 0x65, 0x54, 0xEA, 0x34, 0x6C, 0xE3, 0x52,
    0x63, 0x54, 0x9D, 0x6A, 0xF2, 0x56, 0xA6, 0x37, 0xA4, 0xA3, 0x56, 0x25, 0xA5, 0xD2, 0x6B, 0x15,
    0xAD, 0x0E, 0x6C, 0x96, 0x87, 0xD6, 0xB6, 0xD1, 0x12, 0x6B, 0xC8, 0x03, 0xA3, 0xBC, 0xEB, 0x14,
    0x2C, 0x8F, 0xA3, 0xA3, 0xA3, 0xD7, 0xA0, 0x80, 0x33, 0x4C, 0x5C, 0x87, 0x55, 0x54, 0xC6, 0x79,
    0x92, 0x52, 0x4B, 0x27, 0xF8, 0x9B, 0x9F, 0xFA, 0x9B, 0xA8, 0x4C, 0xB4, 0x37, 0xC9, 0xA3, 0x72,
    0x54, 0x85, 0x4B, 0x9F, 0x8B, 0x3E, 0x56, 0x97, 0x66, 0xE8, 0x9C, 0xA4, 0x7C, 0x16, 0xD4, 0x3E,
    0x37, 0x65, 0xF0, 0xE7, 0x3A, 0x6C, 0xFF, 0xE6, 0x7C, 0xEA, 0x19, 0x9F, 0x73, 0x2C, 0xB1, 0xF4,
    0x5C, 0xA3, 0xEB, 0x0B, 0x8E, 0x41, 0xE1, 0xD2, 0x5D, 0xD4, 0x29, 0x5C, 0x57, 0x83, 0xF2, 0x72,
    0xF6, 0xF3, 0xDF, 0xAF, 0x0B, 0xE8, 0xC1, 0xB7, 0x8B, 0xF5, 0x47, 0x2A, 0xC2, 0xC6, 0x35, 0x84,
    0x3B, 0xC7, 0x26, 0x4D, 0x92, 0x07, 0x4D, 0x54, 0x09, 0xEF, 0x5F, 0xF0, 0xA8, 0xF4, 0xEA, 0x02,
    0x92, 0x61, 0x98, 0x54, 0xC8, 0x95, 0x37, 0xEF, 0xED, 0x5F, 0xD4, 0x43, 0x61, 0x3D, 0x11, 0x99,
    0x50, 0x92, 0x09, 0x63, 0x28, 0xD4, 0x11, 0x97, 0x49, 0xC9, 0xA5, 0x38, 0xF7, 0xF7, 0xCF, 0x18,
    0xAB, 0x82, 0x09, 0x2B, 0xEC, 0x4E, 0x51, 0xF7, 0x28, 0x42, 0xAF, 0x11, 0x61, 0x2A, 0x5A, 0xE8,
    0x08, 0xDB, 0x89, 0xA8, 0x44, 0x39, 0xAD, 0x4C, 0xB4, 0x02, 0x7B, 0x96, 0x66, 0x0A, 0x72, 0xF6,
    0xFB, 0xA6, 0xDC, 0x39, 0x75, 0xED, 0xBC, 0xA6, 0xEE, 0x48, 0xA0, 0x52, 0x9E, 0x85, 0xBA, 0x07,
    0xDD, 0xDB, 0xB5, 0x8A, 0x96, 0x7E, 0xCB, 0xC6, 0x06, 0x4C, 0xC7, 0xD4, 0x5A, 0x89, 0x50, 0x04,
    0x55, 0xD0, 0x17, 0x6B, 0x49, 0xD2, 0x47, 0x12, 0x69, 0xB2, 0xED, 0x21, 0x03, 0x40, 0x7B, 0xE7,
    0xD8, 0xB2, 0x67, 0x54, 0xB0, 0xDA, 0x6D, 0x38, 0x51, 0xE5, 0xA6, 0x74, 0xCA, 0x0B, 0xAE, 0xC4,
    0xB5, 0x2A, 0x6A, 0xDF, 0xD6, 0xD1, 0xDF, 0x6B, 0xFD, 0x5E, 0xFD, 0x0D, 0x2C, 0xFA, 0x19, 0x4E,
    0x39, 0x68, 0x1C, 0x21, 0x27, 0xD0, 0xAB, 0xC3, 0x5A, 0xC5, 0xA9, 0x6F, 0xC8, 0x44, 0x32, 0x04,
    0x6B, 0x18, 0x88, 0x19, 0x08, 0xAD, 0xC1, 0x75, 0x1D, 0x51, 0x34, 0x50, 0x65, 0x8C, 0xC0, 0xE7,
    0xFC, 0x31, 0xE4, 0xF3, 0xF8, 0x51, 0x8F, 0xEE, 0x4E, 0xA7, 0xA7, 0x04, 0xEF, 0x4C, 0xB1, 0x20,
    0x6E, 0xC8, 0xE4, 0xFF, 0x38, 0x6C, 0x20, 0x38, 0x5F, 0x26, 0xEA, 0x1E, 0x9E, 0x5C, 0x06, 0x1B,
    0x61, 0xB0, 0x77, 0x0A, 0x0C, 0x66, 0xD9, 0xC2, 0xD2, 0x6E, 0xD5, 0xAE, 0xF4, 0x58, 0xAB, 0x7E,
    0x52, 0x11, 0xD3, 0x29, 0x92, 0xA9, 0xEB, 0xCA, 0xEB, 0xD4, 0x22, 0xDD, 0x6D, 0xA1, 0x2E, 0xE8,
    0x11, 0xDB, 0x35, 0xE6, 0xBE, 0x22, 0xF3, 0xCB, 0xA0, 0x01, 0x49, 0x44, 0x92, 0x90, 0xEC, 0x91,
    0x18, 0x43, 0x00, 0x37, 0x54, 0x04, 0x43, 0x2D, 0x30, 0x94, 0x91, 0xA1, 0xFC, 0x0D, 0xF5, 0xC4,
    0x38, 0x70, 0x08, 0x2B, 0x10, 0x88, 0x4A, 0xEC, 0xDA, 0xC8, 0xDE, 0x1A, 0x21, 0x2F, 0x4F, 0xA7,
    0xEB, 0x5F, 0x9E, 0xE6, 0xDA, 0x19, 0x02, 0x38, 0xAE, 0x12, 0x2C, 0x25, 0xE1, 0xBD, 0x5F, 0xE7,
    0x70, 0x8D, 0x87, 0xEB, 0xAD, 0xEB, 0x18, 0x4F, 0xE0, 0xBF, 0xBC, 0x44, 0x61, 0xAB, 0xA0, 0xED,
    0xD7, 0xFB, 0xC0, 0xE5, 0xB7, 0x29, 0x98, 0xBC, 0x7A, 0x3D, 0xAB, 0xC8, 0xD5, 0x84, 0x50, 0xFE,
    0xE2, 0xA0, 0xA4, 0x5E, 0x81, 0x6F, 0x31, 0x1F, 0x15, 0x5F, 0xDC, 0x20, 0x1B, 0x06, 0xD1, 0xD1,
    0x51, 0x50, 0xB7, 0x21, 0x6E, 0xE5, 0xB4, 0x5B, 0xE9, 0x1D, 0xF0, 0x45, 0x27, 0xF0, 0x00, 0x7A,
    0x71, 0x80, 0x1D, 0x2D, 0xC1, 0x53, 0x9D, 0x3B, 0xAD, 0xA4, 0xD9, 0xA1, 0xE9, 0x96, 0x40, 0x49,
    0x89, 0x2E, 0xF8, 0x0D, 0x5A, 0xB0, 0x80, 0x0D, 0x84, 0x86, 0xF2, 0xC0, 0xD8, 0xF4, 0x27, 0x0A,
    0x3C, 0x77, 0x92, 0x2E, 0x4E, 0x8B, 0x5B, 0xE4, 0x31, 0x79, 0x58, 0x91, 0x68, 0x6C, 0x50, 0xF6,
    0x61, 0x49, 0xC9, 0xA6, 0xED, 0x46, 0xF8, 0xFE, 0x03, 0x6D, 0xCB, 0x41, 0xA7, 0x74, 0x3A, 0x88,
    0xBD, 0xDB, 0x30, 0xB8, 0x37, 0xCF, 0x94, 0xAE, 0x6F, 0xA9, 0x46, 0xAB, 0x83, 0xDE, 0x32, 0xB1,
    0xD5, 0x63, 0x67, 0x5D, 0xB1, 0x90, 0x1C, 0xF8, 0x20, 0x76, 0x1B, 0x74, 0xD4, 0x2B, 0xCB, 0x85,
    0xEB, 0xB5, 0xE8, 0x55, 0xA9, 0x00, 0xDF, 0x0D, 0xA6, 0x00, 0xCB, 0x08, 0xDF, 0xCE, 0x32, 0xB7,
    0x26, 0xEB, 0xAC, 0x15, 0x7E, 0x45, 0xC5, 0x77, 0x76, 0x0C, 0xAD, 0xA7, 0x21, 0x18, 0xE5, 0x0E,
    0xAA, 0xFA, 0x15, 0x74, 0x74, 0x0C, 0x18, 0x6A, 0x24, 0x66, 0x55, 0x62, 0x22, 0x4C, 0x2E, 0xAA,
    0x32, 0xA1, 0x88, 0xDD, 0x78, 0x8E, 0xF0, 0xAB, 0xF8, 0x89, 0x34, 0xC9, 0x3D, 0x9B, 0x46, 0xCD,
    0xAE, 0x55, 0x81, 0xB5, 0x90, 0x4B, 0xD6, 0x6E, 0x55, 0x79, 0x72, 0x96, 0x27, 0x8D, 0x33, 0x88,
    0x4B, 0x1E, 0x0C, 0x62, 0x44, 0xCF, 0x3C, 0xB2, 0x77, 0x1C, 0xEB, 0x61, 0xBF, 0x5A, 0x15, 0x80,
    0x43, 0xAD, 0xCE, 0x3B, 0xB6, 0x50, 0xE9, 0x61, 0x5D, 0x49, 0x95, 0x54, 0xC2, 0xD0, 0x87, 0x0E,
    0xFC, 0x56, 0x3A, 0xAF, 0x73, 0x0C, 0x56, 0xB5, 0x32, 0xB2, 0x3B, 0x42, 0x61, 0x3B, 0xBD, 0x84,
    0xE5, 0x07, 0xBA, 0x8A, 0xF5, 0xE9, 0x0F, 0xBA, 0xEA, 0x7F, 0x57, 0x09, 0x25, 0xE7, 0x11, 0xBD,
    0x54, 0x2C, 0x36, 0x5A, 0x50, 0x80, 0x23, 0xAB, 0x86, 0x06, 0x61, 0xBA, 0x9D, 0x90, 0xB1, 0x8E,
    0x23, 0xE7, 0x1D, 0x30, 0xAA, 0xE9, 0x83, 0x4D, 0xDE, 0xDD, 0x8C, 0x93, 0x38, 0x47, 0x7C, 0xDE,
    0x47, 0x6F, 0x33, 0xDB, 0x88, 0xA0, 0x5D, 0x54, 0xCE, 0x79, 0xFB, 0xF6, 0x26, 0xA6, 0x6C, 0x87,
    0x01, 0xDE, 0x3D, 0x33, 0xD9, 0x0E, 0x24, 0x9A, 0x71, 0xAA, 0x8F, 0x8B, 0xFC, 0xAA, 0x28, 0x5C,
    0x58, 0x39, 0x0F, 0x12, 0x9E, 0xF2, 0x22, 0x50, 0x01, 0x1A, 0x55, 0xD8, 0xF4, 0x5F, 0x09, 0x1F,
    0x0C, 0xD0, 0xFA, 0xEB, 0xC5, 0x53, 0x03, 0xD2, 0x73, 0xD8, 0xFE, 0x5A, 0x0F, 0xBF, 0x79, 0x27,
    0xB7, 0x64, 0x69, 0xA2, 0x7B, 0x81, 0xFD, 0xE8, 0x04, 0x03, 0x21, 0xC4, 0xF0, 0xD6, 0x4E, 0xA9,
    0x93, 0x9C, 0x3E, 0x49, 0xD1, 0x87, 0xAB, 0xCB, 0xD0, 0xFF, 0xB0, 0x64, 0xA4, 0x81, 0xD0, 0x26,
    0x82, 0xB8, 0xDB, 0x18, 0xD3, 0x23, 0x42, 0x48, 0xA0, 0x12, 0x63, 0x75, 0x34, 0x46, 0x53, 0xDC,
    0x18, 0x27, 0xF2, 0x06, 0x9F, 0xB7, 0xC7, 0x5B, 0x8D, 0xDB, 0x8C, 0xDF, 0x8E, 0x55, 0xBB, 0x87,
    0x26, 0xE8, 0x3E, 0x56, 0x73, 0xDF, 0x06, 0x4B, 0xF8, 0x9C, 0x2F, 0x3F, 0xB3, 0x65, 0xAC, 0xA2,
    0x75, 0x60, 0x89, 0x62, 0xD7, 0xF1, 0xC7, 0x4D, 0xD2, 0xD4, 0x1A, 0xB7, 0xE8, 0xB5, 0xF3, 0x37,
    0xC9, 0xEA, 0xBB, 0x27, 0xB9, 0x38, 0x09, 0x61, 0xEA, 0x2B, 0xF6, 0xD6, 0x46, 0x27, 0x09, 0x11,
    0x94, 0xAA, 0x28, 0x90, 0x88, 0xD9, 0xFB, 0x8A, 0x12, 0x0E, 0xFE, 0x45, 0x6B, 0x0D, 0x3E, 0x17,
    0x25, 0xAD, 0x04, 0x61, 0x4B, 0xAA, 0x6E, 0x9C, 0x4F, 0x54, 0xEF, 0xEF, 0x9C, 0xAF, 0xA3, 0x9F,
    0x2B, 0xA9, 0xD1, 0xA0, 0x70, 0x73, 0xB0, 0x58, 0x18, 0x0D, 0x80, 0x24, 0xB8, 0x3F, 0xBD, 0xDD,
    0x90, 0xD9, 0x5E, 0xDB, 0x37, 0xA0, 0xC1, 0x2F, 0xA4, 0x8B, 0x76, 0xDD, 0x69, 0x8B, 0x18, 0xD0,
    0x0D, 0x5E, 0xD8, 0x4F, 0x69, 0xB9, 0xE8, 0x0F, 0xC2, 0x60, 0x07, 0x11, 0x29, 0x7E, 0x29, 0x48,
    0xF4, 0x59, 0xB2, 0x00, 0x01, 0x92, 0xAE, 0xA7, 0x85, 0x34, 0x4E, 0x49, 0x1A, 0x3E, 0x93, 0x1E,
    0x3A, 0x25, 0xD8, 0x73, 0xD4, 0xB8, 0x1C, 0x88, 0x7C, 0x95, 0x1F, 0x2C, 0xBA, 0x9D, 0x74, 0xAE,
    0x87, 0x15, 0x4F, 0xE2, 0xC2, 0x5F, 0x7E, 0x4C, 0xB8, 0x6E, 0x7B, 0xF7, 0xA4, 0x0A, 0x3A, 0xE5,
    0xE5, 0x51, 0xFD, 0x30, 0x48, 0x2D, 0x36, 0x48, 0xD5, 0x9D, 0x75, 0x0A, 0xDB, 0x67, 0x8B, 0xAD,
    0x23, 0x13, 0x1C, 0x14, 0xA8, 0x13, 0x9B, 0x69, 0x65, 0x9E, 0x0F, 0x0E, 0x4A, 0xFA, 0x31, 0x9A,
    0x3C, 0x95, 0xE6, 0x72, 0xAA, 0xCE, 0xEC, 0xBC, 0xC3, 0x78, 0x3B, 0x56, 0xB6, 0xC0, 0x85, 0x47,
    0xF4, 0x61, 0x41, 0x23, 0x6E, 0x82, 0x91, 0x90, 0x19, 0x9C, 0x9B, 0x23, 0xDD, 0x86, 0x6C, 0x9E,
    0x49, 0x13, 0x69, 0x2C, 0xDD, 0x64, 0x00, 0x8D, 0xA1, 0x60, 0x4F, 0x60, 0x58, 0x37, 0x4C, 0xB4,
    0x22, 0xDE, 0x59, 0xBA, 0x9C, 0x25, 0x33, 0x83, 0x73, 0xFC, 0xD2, 0xE6, 0xB2, 0xD3, 0x69, 0x8E,
    0x36, 0x25, 0xAF, 0xC7, 0xB5, 0xE3, 0xB5, 0x9E, 0x4E, 0x6F, 0xF6, 0x63, 0x2E, 0x9F, 0x74, 0xFC,
    0xA7, 0x9D, 0xC3, 0x9C, 0x71, 0x14, 0x5E, 0x01, 0x18, 0x88, 0xC9, 0x38, 0x7B, 0xFF, 0xB6, 0x09,
    0xA0, 0xF1, 0x57, 0x19, 0xDA, 0xAA, 0xB8, 0x1A, 0x94, 0x7B, 0x2B, 0xB9, 0xF9, 0x69, 0xC9, 0x4D,
    0x3F, 0x35, 0x54, 0xD8, 0xCE, 0x11, 0x34, 0x63, 0x13, 0xCD, 0xC6, 0x9A, 0x92, 0xD3, 0x8C, 0x8C,
    0x34, 0x22, 0x7B, 0xA5, 0xE9, 0x1B, 0xB5, 0x6F, 0xBF, 0x78, 0xC3, 0x8A, 0x53, 0xA4, 0x1D, 0x01,
    0xA8, 0x2F, 0x5F, 0x67, 0x7C, 0xEA, 0x89, 0x6C, 0x9E, 0x98, 0x60, 0x9F, 0xB7, 0x99, 0x8A, 0x59,
    0x47, 0x9E, 0xAA, 0xEF, 0x96, 0xC0, 0x53, 0x15, 0xB6, 0x0C, 0x57, 0xEA, 0xD9, 0xA2, 0x46, 0xA0,
    0x03, 0xBA, 0x17, 0xD4, 0xC1, 0x92, 0xB6, 0xF9, 0xBC, 0xCE, 0x24, 0xDF, 0x2F, 0x14, 0x54, 0xAC,
    0x68, 0x80, 0x76, 0x64, 0x8E, 0xD8, 0x76, 0xE6, 0xAC, 0xD5, 0x70, 0x5A, 0xC3, 0x30, 0xC1, 0xD0,
    0x32, 0x0C, 0xB1, 0xC9, 0x30, 0x2E, 0x30, 0x8C, 0x43, 0x0D, 0xB9, 0x6D, 0xC8, 0xFC, 0x35, 0xAD,
    0x82, 0xF6, 0xA1, 0xEC, 0xFB, 0xB0, 0xC0, 0x35, 0xC3, 0x26, 0x43, 0xA1, 0x19, 0x0A, 0xD2, 0x30,
    0x60, 0xC5, 0x28, 0x4B, 0x46, 0x6F, 0x1C, 0xCF, 0xE7, 0xC8, 0xB0, 0x6A, 0x8A, 0x48, 0x6C, 0xBE,
    0x9A, 0x3D, 0xA1, 0xFA, 0x3C, 0xCD, 0x75, 0x46, 0xAD, 0xF3, 0x3E, 0x71, 0xA0, 0x87, 0x5F, 0x0A,
    0xAA, 0xD6, 0xF4, 0x88, 0x6B, 0x3A, 0x91, 0xC2, 0x30, 0x60, 0xD3, 0xB4, 0x41, 0xAD, 0x0D, 0x7C,
    0xC6, 0x9E, 0x36, 0xC0, 0x3A, 0x24, 0xC5, 0x88, 0x05, 0x5A, 0x6D, 0xE2, 0xDC, 0x6B, 0xB4, 0x89,
    0x4A, 0xBF, 0xD6, 0x06, 0x6E, 0x61, 0xA9, 0x0D, 0xF2, 0xCE, 0x12, 0xB4, 0x46, 0xCE, 0x69, 0xBC,
    0x06, 0xE1, 0x19, 0x36, 0x04, 0x78, 0x35, 0x6A, 0x36, 0x26, 0x9D, 0x1C, 0x93, 0xBA, 0x13, 0xBE,
    0x18, 0x14, 0xB8, 0xB4, 0xA1, 0x80, 0x7B, 0x4D, 0xB5, 0x9D, 0x91, 0x69, 0x33, 0xAE, 0x69, 0xC6,
    0xC5, 0xCC, 0x18, 0xCE, 0xCC, 0x88, 0x0B, 0x33, 0x53, 0x90, 0x80, 0xE1, 0x33, 0x03, 0x2C, 0x9B,
    0x91, 0xD9, 0x33, 0x03, 0x49, 0xCC, 0x90, 0x37, 0x82, 0x40, 0x0A, 0x33, 0xCA, 0x63, 0x46, 0xC6,
    0xCE, 0xC8, 0xD8, 0x19, 0x63, 0xE3, 0x19, 0x19, 0x0B, 0xA2, 0x3A, 0x92, 0x8C, 0x24, 0xE1, 0x9E,
    0x22, 0x92, 0x50, 0x10, 0xC6, 0x6C, 0x1C, 0xED, 0xCA, 0x79, 0xC0, 0x0A, 0x10, 0x73, 0x17, 0xF1,
    0x6A, 0xD8, 0x2A, 0xBF, 0xA3, 0x84, 0x80, 0xDD, 0x62, 0x43, 0xB9, 0x16, 0x80, 0xCF, 0x24, 0x48,
    0x5C, 0x48, 0xE2, 0xD1, 0x49, 0x62, 0xE1, 0xA8, 0x84, 0xF0, 0x3D, 0x3D, 0xFD, 0xDC, 0xB5, 0x74,
    0xBD, 0xDC, 0x08, 0x09, 0x13, 0xB9, 0x9C, 0x86, 0x9D, 0x11, 0x4D, 0xE1, 0x20, 0x00, 0xA7, 0x87,
    0xAD, 0x43, 0x32, 0xE5, 0x62, 0x28, 0x45, 0xD5, 0x53, 0xC5, 0xFA, 0x96, 0x78, 0x06, 0xCA, 0xCB,
    0xA0, 0x2D, 0xB7, 0x63, 0x1C, 0x52, 0xCE, 0xFB, 0x8B, 0x9F, 0xF1, 0x8C, 0x48, 0x19, 0xD7, 0x56,
    0xA0, 0x6A, 0x0D, 0x18, 0xBA, 0xF9, 0x14, 0xD0, 0xF3, 0x7F, 0xB8, 0x77, 0x7B, 0xCA, 0xA7, 0x8B,
    0xD7, 0xE1, 0x92, 0xFA, 0xF2, 0x0E, 0x8E, 0x29, 0x02, 0xFA, 0x5B, 0xE2, 0x6C, 0x72, 0x25, 0x5E,
    0x9A, 0xCC, 0x19, 0xEC, 0x53, 0xD1, 0xF7, 0x48, 0x4D, 0xC1, 0x11, 0xF9, 0x2A, 0x86, 0xDB, 0xAA,
    0xF5, 0xFE, 0xE1, 0xC6, 0xD7, 0xCA, 0x4F, 0xA7, 0x0C, 0x32, 0x1F, 0xCC, 0x3A, 0xAC, 0x07, 0x2B,
    0x77, 0xE3, 0x2D, 0xB6, 0xEE, 0xD8, 0xC5, 0xA7, 0x87, 0xF6, 0x26, 0x82, 0x03, 0x13, 0xAD, 0x6F,
    0xB7, 0xD8, 0xC9, 0x55, 0x81, 0xD9, 0x21, 0x77, 0x4A, 0x5D, 0x2B, 0x62, 0x77, 0x28, 0x10, 0xB0,
    0x62, 0xE6, 0x83, 0x0F, 0x05, 0xD3, 0x79, 0xD3, 0x03, 0xF7, 0xA2, 0x0F, 0xA3, 0x79, 0xCD, 0x5F,
    0xC0, 0x3C, 0xD9, 0x07, 0x87, 0x4C, 0xD9, 0xAA, 0x98, 0x0C, 0xB8, 0x2C, 0xEC, 0xB0, 0xF5, 0x96,
    0x3C, 0x2A, 0x85, 0x7B, 0xEE, 0xE4, 0x19, 0x91, 0xFC, 0xB1, 0x44, 0x7C, 0x3F, 0x75, 0x21, 0xA8,
    0x59, 0x77, 0x5A, 0x82, 0x3F, 0x49, 0x19, 0xAD, 0xDE, 0xB0, 0x69, 0x20, 0x2E, 0x2B, 0x93, 0xFC,
    0xF9, 0x86, 0xAB, 0x93, 0x8C, 0xC9, 0x9A, 0x05, 0x59, 0x49, 0x6B, 0xF7, 0x80, 0x34, 0x18, 0x05,
    0xA0, 0x0C, 0x64, 0xA9, 0x10, 0x86, 0x21, 0x10, 0x93, 0x30, 0x14, 0xD0, 0x83, 0xBC, 0x28, 0xF7,
    0x7A, 0x10, 0xD6, 0x4A, 0x4A, 0x4A, 0x02, 0xD2, 0x2E, 0xB8, 0x4A, 0x7E, 0x02, 0x85, 0x89, 0x7E,
    0x57, 0xF7, 0x24, 0xFC, 0x2B, 0xC3, 0xE6, 0x7F, 0x0A, 0xDA, 0x09, 0xF0, 0xA5, 0x7D, 0x0C, 0x4C,
    0x51, 0x4C, 0x24, 0x6C, 0xF6, 0x1B, 0xE8, 0x41, 0x52, 0xB9, 0x55, 0x22, 0xED, 0x0C, 0x6A, 0xC4,
    0x78, 0xBA, 0xC6, 0xA4, 0x58, 0xC3, 0xA4, 0xC6, 0xBC, 0x68, 0x34, 0x67, 0x14, 0xC8, 0x34, 0x8E,
    0x81, 0xE2, 0xA8, 0xF2, 0xDA, 0x19, 0x56, 0xC1, 0x72, 0x17, 0x53, 0xBA, 0xA0, 0x0E, 0x10, 0xD5,
    0x6A, 0xF4, 0x04, 0x22, 0xE2, 0xEE, 0x37, 0x61, 0xC5, 0x4C, 0xCD, 0x6B, 0xD1, 0x27, 0x87, 0xD7,
    0x36, 0xEC, 0x4B, 0x2E, 0xC7, 0xE9, 0x88, 0xF7, 0x79, 0xA2, 0x42, 0x86, 0xA6, 0x13, 0xED, 0x02,
    0x55, 0x3D, 0x56, 0xFE, 0xBF, 0x79, 0x3F, 0x76, 0xE1, 0x6B, 0x0C, 0x8E, 0xFC, 0x87, 0x31, 0x3E,
    0xF6, 0x62, 0x7B, 0xAD, 0x62, 0x88, 0xCB, 0x3C, 0x91, 0xC6, 0xC1, 0xA2, 0x06, 0xF6, 0xAF, 0xE9,
    0xBF, 0x93, 0x9E, 0x47, 0x11, 0xD9, 0x13, 0xE7, 0x70, 0x49, 0x9A, 0xBA, 0x86, 0x59, 0x33, 0xA6,
    0xB8, 0xC9, 0x7B, 0x64, 0xC5, 0x1F, 0x2A, 0xAA, 0x25, 0xEB, 0xC1, 0x76, 0xA8, 0x56, 0xC8, 0x27,
    0x61, 0x4A, 0xF4, 0x19, 0x33, 0x12, 0xB6, 0xD3, 0x74, 0x68, 0x73, 0xF4, 0x46, 0xCF, 0x8C, 0xAE,
    0x36, 0xC9, 0x91, 0x6A, 0xB0, 0xF0, 0x85, 0xA9, 0x35, 0x43, 0xB2, 0x05, 0x23, 0xB4, 0x39, 0xB3,
    0xE7, 0x4C, 0xE4, 0x9A, 0x42, 0xAE, 0xE2, 0x3D, 0x01, 0xCC, 0x49, 0x8E, 0x1E, 0x9A, 0xC9, 0xF2,
    0xDC, 0x19, 0x9E, 0x5A, 0x30, 0x90, 0xD7, 0x5C, 0x6D, 0xFC, 0x33, 0x6E, 0xE7, 0xCB, 0xBC, 0x4F,
    0xD9, 0x82, 0xF5, 0x50, 0xFD, 0x78, 0x1A, 0x25, 0xDD, 0x16, 0x6F, 0x86, 0x94, 0x7E, 0xB1, 0x29,
    0xA2, 0xF4, 0xD9, 0xE8, 0xE9, 0x90, 0xB7, 0x78, 0xF6, 0x1F, 0x91, 0xEA, 0xE5, 0x34, 0xC0, 0x52,
    0x48, 0xC6, 0xC0, 0x49, 0x65, 0x53, 0x2A, 0xCC, 0x73, 0x39, 0xDD, 0x80, 0x57, 0xF6, 0x25, 0x2B,
    0x1B, 0xF7, 0x10, 0xC2, 0x52, 0x08, 0x33, 0x0D, 0xD6, 0xFD, 0xA4, 0xF2, 0x59, 0xF7, 0x49, 0x76,
    0xDB, 0xB3, 0xE0, 0xB8, 0x6F, 0x98, 0x28, 0x57, 0x14, 0x94, 0xC6, 0x7D, 0x56, 0xC8, 0xC6, 0xAC,
    0x33, 0x4A, 0xC3, 0x59, 0x8F, 0x30, 0xD0, 0x45, 0x26, 0xAB, 0xE9, 0xCB, 0x05, 0xCB, 0x25, 0xCF,
    0xE5, 0xC4, 0x68, 0x38, 0xB1, 0x72, 0xC5, 0x77, 0x0C, 0xAE, 0xBA, 0xE6, 0xE2, 0x55, 0x31, 0x62,
    0x66, 0x9F, 0xD7, 0xB8, 0xBE, 0x5F, 0x47, 0xD8, 0x4D, 0x33, 0x62, 0x49, 0x3C, 0x80, 0x69, 0x55,
    0x7E, 0xCD, 0x7D, 0x35, 0x2C, 0x86, 0xCF, 0xB8, 0x81, 0x3D, 0x57, 0x99, 0x3C, 0x92, 0xAA, 0xFD,
    0x90, 0x7B, 0x0F, 0x79, 0xF5, 0x3B, 0x90, 0x42, 0x5C, 0x86, 0x4B, 0x6C, 0xE8, 0x47, 0x0E, 0x78,
    0xD7, 0x29, 0xC2, 0x94, 0x65, 0xF0, 0xC5, 0x6E, 0xE3, 0xB9, 0x62, 0xCC, 0xD6, 0x9B, 0xED, 0x4C,
    0x8D, 0x03, 0xE5, 0x7D, 0x03, 0xD3, 0x60, 0xB4, 0x62, 0x26, 0x72, 0x01, 0x5C, 0x01, 0xBC, 0xBA,
    0x4A, 0x4C, 0x6C, 0xBB, 0xA3, 0xD0, 0x2E, 0x8F, 0x98, 0xF4, 0x5E, 0x39, 0xA7, 0x46, 0x77, 0x1E,
    0x19, 0x8F, 0xA0, 0x60, 0xE3, 0x8C, 0xE5, 0xA8, 0x15, 0xCB, 0x51, 0x95, 0x2B, 0x47, 0x65, 0x9B,
    0x4A, 0xA9, 0xAB, 0x49, 0xE5, 0x0F, 0x13, 0x57, 0x9E, 0x49, 0x5D, 0xED, 0xAA, 0x64, 0xB7, 0x16,
    0xF8, 0xBF, 0x57, 0x60, 0xA8, 0x6B, 0xF1, 0x50, 0x9D, 0x72, 0x05, 0x0E, 0x7B, 0xD3, 0xE3, 0xB6,
    0xD6, 0x6F, 0x55, 0xF4, 0xB9, 0xD4, 0xBF, 0x24, 0x3D, 0x5B, 0x8F, 0x3B, 0x73, 0xA5, 0xAE, 0x0D,
    0xDB, 0x86, 0xDD, 0xF7, 0x96, 0xEC, 0x8B, 0xA4, 0xAF, 0xEA, 0x07, 0xBC, 0xAC, 0x7A, 0xBD, 0x78,
    0x2C, 0x49, 0xBA, 0x28, 0x47, 0xC7, 0xCF, 0xF2, 0xB0, 0x3B, 0xB0, 0x39, 0x86, 0xB2, 0x39, 0xC6,
    0x84, 0xA3, 0x87, 0x74, 0xCF, 0xD9, 0x4C, 0x74, 0xFA, 0x2B, 0x9B, 0xC0, 0x5D, 0xEA, 0x1C, 0x70,
    0x53, 0xE4, 0xA3, 0x76, 0xC7, 0xE6, 0x3E, 0x87, 0x52, 0xD9, 0x1A, 0xF9, 0xFB, 0xF6, 0xB5, 0x06,
    0x8B, 0x5F, 0x52, 0x1D, 0x95, 0xE2, 0xB1, 0xF8, 0xD6, 0x98, 0x05, 0x65, 0xE2, 0x6A, 0xCF, 0xBF,
    0xE9, 0xB4, 0xE8, 0x6B, 0x29, 0x52, 0x55, 0xD9, 0xB0, 0x5D, 0x8A, 0x6F, 0x62, 0x88, 0x91, 0xA4,
    0xF1, 0xDD, 0xEB, 0xC7, 0x7D, 0x82, 0x93, 0x30, 0x28, 0xA4, 0xB7, 0x50, 0x6A, 0x9F, 0x35, 0xDB,
    0x9C, 0x9A, 0x2D, 0x00, 0x60, 0x5C, 0x31, 0x6F, 0xB8, 0x76, 0x2D, 0x4B, 0xA1, 0x46, 0x7D, 0x73,
    0x75, 0xE3, 0xCC, 0xF3, 0xA7, 0xBD, 0x86, 0x32, 0xDA, 0xE8, 0x5C, 0x7E, 0x25, 0x0F, 0xF1, 0x2B,
    0x3A, 0x4B, 0x7A, 0x7E, 0xC5, 0x1B, 0x7E, 0x85, 0x3D, 0xBF, 0xFE, 0xB6, 0xE1, 0x57, 0xB4, 0x11,
    0x4C, 0x5F, 0x73, 0xFC, 0x1A, 0x7D, 0x53, 0x74, 0x1F, 0xFA, 0x36, 0xA2, 0xF3, 0xF7, 0x0A, 0x30,
    0xF2, 0x8A, 0x7A, 0x8C, 0x46, 0x38, 0x45, 0xCD, 0xA1, 0xA7, 0x8D, 0xEE, 0xDE, 0x84, 0xB2, 0xAB,
    0x0E, 0x7A, 0x37, 0x21, 0x8F, 0x9F, 0xF6, 0x7A, 0x09, 0xA3, 0x65, 0x02, 0x46, 0xAE, 0x46, 0xA7,
    0x2F, 0xFC, 0x53, 0x2F, 0x29, 0x57, 0x9D, 0xDC, 0xF4, 0x72, 0x3D, 0x9D, 0x88, 0x9F, 0xF1, 0x1C,
    0x13, 0xD4, 0x3F, 0x36, 0xCA, 0xB6, 0xAA, 0xA8, 0xA4, 0x4A, 0x35, 0x7E, 0xEC, 0xE5, 0xB7, 0x63,
    0xB8, 0xA0, 0x31, 0x38, 0x3D, 0x06, 0xA6, 0x8F, 0x11, 0xD7, 0x8F, 0x01, 0xE6, 0x63, 0xC8, 0x68,
    0xCC, 0x85, 0x41, 0x45, 0x34, 0xFC, 0x9E, 0x46, 0x2E, 0xA6, 0x03, 0x56, 0xA8, 0x3A, 0x96, 0x1F,
    0xF9, 0x72, 0xAA, 0x1C, 0x43, 0xC5, 0xC6, 0x80, 0xFF, 0x31, 0x90, 0xE2, 0x8A, 0x7E, 0xD4, 0xD1,
    0xEF, 0xEA, 0x1A, 0xE0, 0x20, 0x59, 0xAB, 0xBD, 0xCC, 0x7E, 0x0E, 0x87, 0x00, 0x48, 0xF8, 0xEA,
    0xDE, 0xE1, 0x52, 0x57, 0xBE, 0x4D, 0xC3, 0x1A, 0x1C, 0xB7, 0x40, 0x6A, 0x71, 0xBB, 0x72, 0x43,
    0x00, 0xF9, 0x7C, 0x6F, 0xFD, 0x0A, 0xF2, 0x3D, 0xCA, 0x79, 0xF5, 0xBF, 0xC9, 0x79, 0x80, 0x1E,
    0x49, 0x53, 0x1B, 0x58, 0xD8, 0x9B, 0x12, 0xF1, 0x17, 0xB4, 0xBA, 0x84, 0x6A, 0x8D, 0x4C, 0x4E,
    0xF5, 0x84, 0xC1, 0xFB, 0x68, 0x43, 0xE4, 0x2B, 0x42, 0xF9, 0xD4, 0x45, 0x04, 0x09, 0xAD, 0x01,
    0x51, 0xC2, 0x6A, 0xA7, 0x73, 0x43, 0x6D, 0x6B, 0xEF, 0x72, 0xEC, 0x11, 0x41, 0xF7, 0x1E, 0x81,
    0xA0, 0xE9, 0xC5, 0x08, 0xDA, 0x37, 0x96, 0x6E, 0x2B, 0x20, 0xA8, 0x80, 0xF1, 0x98, 0x0B, 0xD7,
    0x9C, 0xE3, 0x09, 0x30, 0xFC, 0x8C, 0x05, 0xFF, 0xEC, 0x62, 0x0B, 0xBE, 0x18, 0xF1, 0xC2, 0x07,
    0x2C, 0xF8, 0x42, 0xB8, 0xED, 0xC9, 0xB5, 0xD0, 0x20, 0x93, 0xDE, 0x5B, 0x7C, 0x82, 0xB8, 0x12,
    0x3E, 0xC1, 0xC5, 0x6E, 0x17, 0x9E, 0x52, 0x1F, 0x42, 0x62, 0x10, 0x51, 0xE5, 0xFE, 0x7C, 0x28,
    0xE5, 0xF4, 0xC9, 0x60, 0xFA, 0x8C, 0xA7, 0xA4, 0x8A, 0xBC, 0x1C, 0x5E, 0x06, 0xE6, 0x0E, 0x39,
    0x19, 0x12, 0xB0, 0x8E, 0x3A, 0x2A, 0x8F, 0xD5, 0x61, 0xC9, 0x22, 0xF2, 0xE6, 0xA5, 0x4C, 0xCD,
    0xD3, 0x93, 0x22, 0x4A, 0x6C, 0x0D, 0x40, 0xF2, 0x5B, 0xF7, 0x6E, 0x3C, 0x49, 0xB9, 0x85, 0x45,
    0x66, 0x60, 0x70, 0x82, 0xC0, 0x90, 0x45, 0xCF, 0x31, 0x2E, 0xFD, 0x84, 0x57, 0x86, 0xAB, 0xC0,
    0x82, 0xAD, 0x4E, 0x7D, 0x9B, 0x2C, 0x63, 0x8B, 0xCD, 0x68, 0xDF, 0xB6, 0x09, 0xFD, 0xD5, 0xBC,
    0x2F, 0xC8, 0xF6, 0x02, 0x4F, 0xFA, 0xF7, 0x22, 0x9D, 0x7B, 0x61, 0xC2, 0x30, 0x9B, 0x31, 0x75,
    0x2D, 0x81, 0x35, 0x30, 0x99, 0x3B, 0x33, 0x8C, 0x7A, 0x66, 0x64, 0xEA, 0x44, 0xDE, 0x5D, 0x49,
    0x40, 0x74, 0x3C, 0xBC, 0x41, 0x63, 0xC0, 0x2C, 0xE5, 0xF0, 0x63, 0x66, 0xF8, 0x21, 0x52, 0xD0,
    0xC0, 0x88, 0xF2, 0x06, 0x9D, 0x68, 0xEE, 0xC8, 0x52, 0x77, 0xF3, 0xE8, 0x04, 0xD3, 0x20, 0x26,
    0x7F, 0x3B, 0xE5, 0x5B, 0xA4, 0x98, 0x22, 0x47, 0x23, 0xEA, 0x7C, 0xB8, 0x1C, 0x87, 0xD5, 0x31,
    0x26, 0x3C, 0x0E, 0x96, 0x33, 0x56, 0x12, 0x98, 0xDE, 0xFA, 0x4D, 0xEB, 0xD7, 0x18, 0x79, 0xD5,
    0xA8, 0x7B, 0x18, 0x7B, 0x5D, 0xAB, 0xFB, 0xE0, 0xE4, 0x62, 0x29, 0xB9, 0x5D, 0x56, 0xC9, 0x7B,
    0x07, 0x4A, 0xB5, 0x92, 0xE8, 0x9C, 0x69, 0x4E, 0xFF, 0x7A, 0x6A, 0xE1, 0x72, 0x4A, 0x5F, 0xDE,
    0xDE, 0x4B, 0xA1, 0x28, 0xE3, 0xF2, 0x13, 0x06, 0x9F, 0xD1, 0x7A, 0x78, 0xF7, 0x27, 0xD9, 0xA1,
    0x7C, 0xD5, 0x87, 0xF0, 0x03, 0x0B, 0x29, 0x37, 0x87, 0x64, 0x3C, 0x42, 0x1D, 0x74, 0xEA, 0x28,
    0xD6, 0x4C, 0x89, 0x32, 0x9E, 0xC7, 0x31, 0xA6, 0x27, 0x8E, 0x63, 0x08, 0x99, 0x7A, 0x8E, 0xF9,
    0xF2, 0xBF, 0x0E, 0x5B, 0x8E, 0x1D, 0xD3, 0xD7, 0x68, 0xBA, 0x99, 0x44, 0x12, 0xF2, 0xC5, 0xC0,
    0xB1, 0x70, 0x13, 0x03, 0x3F, 0xF0, 0x2E, 0x6C, 0x13, 0x0D, 0xBF, 0xC1, 0x95, 0xF1, 0x45, 0x1E,
    0x01, 0x59, 0x02, 0xB5, 0x92, 0xD7, 0x95, 0xFD, 0x43, 0xF7, 0x06, 0x42, 0x2D, 0x5C, 0x24, 0xCD,
    0xFE, 0x9C, 0x2F, 0xEE, 0xDF, 0x44, 0x74, 0xEE, 0xBD, 0x19, 0x1F, 0x73, 0x40, 0x56, 0x00, 0xB2,
    0xFD, 0x7D, 0xBE, 0x92, 0xAB, 0x5C, 0xD2, 0xFF, 0x43, 0xA6, 0x01, 0xD1, 0x4A, 0xFE, 0x1D, 0xE1,
    0x11, 0x16, 0x30, 0x57, 0xAF, 0xB4, 0xF2, 0x16, 0xB0, 0x96, 0x29, 0x26, 0x8F, 0xB2, 0x95, 0x54,
    0xC5, 0x77, 0xF8, 0x76, 0xC5, 0x93, 0x57, 0x1B, 0x7B, 0x17, 0x1D, 0xEA, 0x13, 0x28, 0x64, 0x4E,
    0xF1, 0x51, 0xB9, 0x5B, 0x71, 0xF7, 0x0F, 0x9C, 0x52, 0x25, 0x50, 0xFA, 0x0E, 0x0B, 0x10, 0x31,
    0x7C, 0x51, 0xEA, 0xDE, 0xBC, 0x3E, 0x70, 0xA2, 0x23, 0xF3, 0xD1, 0x9A, 0xAF, 0x1E, 0x5C, 0x89,
    0x22, 0x44, 0xDE, 0x8F, 0x10, 0xF9, 0xCE, 0x28, 0x9D, 0x9C, 0x20, 0x47, 0xF9, 0x01, 0x0B, 0x8A,
    0x8A, 0xFF, 0x58, 0xF1, 0x5F, 0xD5, 0x5A, 0x3D, 0x70, 0xDC, 0xD6, 0x11, 0x5E, 0x00, 0x14, 0x91,
    0x11, 0x26, 0x81, 0x0B, 0xDB, 0x85, 0x35, 0x31, 0x9A, 0x34, 0xF1, 0xC8, 0x46, 0xAB, 0x82, 0xBA,
    0x87, 0x34, 0x49, 0x91, 0xC2, 0x2A, 0x44, 0x6B, 0x26, 0x2E, 0x5C, 0x65, 0x26, 0xB1, 0x0B, 0xA6,
    0x48, 0xA1, 0x42, 0x3A, 0xA0, 0x4B, 0x19, 0x36, 0xEE, 0x55, 0xB8, 0x90, 0x4F, 0x05, 0x53, 0xB0,
    0x70, 0x71, 0x47, 0xA0, 0x4B, 0x91, 0x22, 0x98, 0x49, 0x52, 0x1B, 0xF1, 0x28, 0x99, 0x89, 0x53,
    0x18, 0x93, 0x81, 0x27, 0x47, 0x0E, 0xEE, 0x5E, 0xBE, 0x6F, 0x1F, 0x8E, 0x3C, 0xCA, 0x8C, 0x24,
    0x3B, 0xA4, 0x42, 0xDF, 0x1D, 0xF6, 0x1D, 0x71, 0xEF, 0x67, 0x77, 0xDF, 0xBE, 0xDD, 0x6F, 0x17,
    0x14, 0x31, 0x52, 0x66, 0x65, 0x66, 0x64, 0x43, 0xF8, 0x7A, 0x13, 0xEF, 0xB7, 0xF0, 0x1E, 0xE9,
    0xDB, 0x3C, 0xF1, 0xCE, 0xF1, 0x1E, 0x5E, 0x51, 0x35, 0x5C, 0x7F, 0x16, 0x29, 0x6D, 0x11, 0x5A,
    0x5B, 0x25, 0xDD, 0x66, 0x66, 0x0A, 0xD1, 0x3E, 0x33, 0x5C, 0xFD, 0x19, 0xD7, 0x02, 0xD7, 0x81,
    0xB8, 0x3E, 0xA6, 0x92, 0x2C, 0x3E, 0xFA, 0xA0, 0x0A, 0x30, 0x56, 0x76, 0x96, 0xC3, 0x7C, 0x85,
    0xBB, 0xBC, 0xD5, 0x42, 0x9B, 0xF6, 0xB1, 0x48, 0x6A, 0x2D, 0x96, 0xF9, 0x70, 0xC6, 0x49, 0x36,
    0xC4, 0x9B, 0xE3, 0xBE, 0xDF, 0x3D, 0x8D, 0x94, 0x9C, 0xD3, 0x92, 0xDC, 0x39, 0xDC, 0xCE, 0xCE,
    0xEC, 0x12, 0xB4, 0x2B, 0x12, 0x57, 0x1C, 0x31, 0x99, 0x4C, 0x0A, 0xCB, 0x21, 0x4A, 0xC6, 0xEC,
    0x65, 0xD8, 0x21, 0x29, 0x24, 0xAA, 0xD1, 0x25, 0xAE, 0xC2, 0x56, 0x52, 0x8E, 0x1D, 0x93, 0x0D,
    0x48, 0x33, 0x23, 0x23, 0x86, 0x53, 0xA4, 0x3F, 0x69, 0x30, 0xCD, 0x1F, 0xC9, 0xFF, 0x17, 0x99,
    0x78, 0x77, 0xEC, 0xB6, 0x40, 0x2A, 0xEB, 0x88, 0x93, 0x9C, 0xC4, 0xDB, 0x5E, 0x0C, 0x3F, 0xF8,
    0x93, 0xE5, 0x64, 0xED, 0x87, 0x35, 0xF2, 0xCA, 0x6D, 0xF1, 0xAD, 0x2D, 0x62, 0x6B, 0xEB, 0xA4,
    0xF0, 0x8A, 0x14, 0xB7, 0xD2, 0x4C, 0x24, 0xA9, 0x31, 0x37, 0xB4, 0xE7, 0xDB, 0x46, 0x42, 0xBB,
    0x94, 0xB8, 0x28, 0xAB, 0x14, 0x8C, 0xA5, 0xE0, 0x10, 0x4C, 0x81, 0xCB, 0xA0, 0x89, 0xBB, 0xB0,
    0xF6, 0xED, 0x5E, 0x21, 0xF9, 0x92, 0x1D, 0x0B, 0x37, 0x2A, 0x6C, 0x9C, 0x98, 0x61, 0x33, 0xCA,
    0x92, 0xDA, 0x58, 0x9B, 0x5D, 0xB3, 0x73, 0x55, 0xED, 0x86, 0x64, 0xC6, 0x6F, 0x8D, 0xDF, 0xBD,
    0xE5, 0x35, 0x2B, 0x75, 0xCB, 0x0E, 0xC7, 0x61, 0x89, 0x3D, 0x32, 0x83, 0xED, 0xDC, 0xC1, 0xE2,
    0x73, 0x9D, 0x25, 0x68, 0xE4, 0x25, 0xE9, 0xB0, 0x3B, 0x91, 0x2D, 0xB6, 0x24, 0x16, 0x83, 0x2D,
    0x87, 0xB9, 0x2C, 0xBC, 0x2C, 0x96, 0x2D, 0xAA, 0x34, 0x2C, 0xB6, 0xB8, 0x50, 0x50, 0xDD, 0x08,
    0xB8, 0x66, 0x75, 0x37, 0xA8, 0xD7, 0x9A, 0x1B, 0xAE, 0xD9, 0x72, 0xBF, 0x6D, 0xF9, 0x64, 0xA9,
    0x78, 0x93, 0x73, 0x47, 0x98, 0xA0, 0x7C, 0x84, 0xC9, 0xA2, 0x22, 0xB1, 0xD5, 0x4D, 0x09, 0x6A,
    0xEF, 0xE7, 0x32, 0xD5, 0x6D, 0xE6, 0x7C, 0x79, 0x26, 0x29, 0x35, 0x7B, 0xF4, 0xEE, 0x52, 0x74,
    0x6B, 0x1D, 0xB3, 0xB7, 0x1C, 0xBF, 0xD7, 0x96, 0x62, 0xCA, 0xE2, 0xA5, 0xA0, 0xC2, 0xA4, 0xDE,
    0x07, 0x75, 0x6A, 0xEB, 0x69, 0x50, 0x77, 0xF8, 0x84, 0xF5, 0xC1, 0x5E, 0x9D, 0x7E, 0x59, 0xB3,
    0xD3, 0xCB, 0x92, 0xC9, 0xC8, 0xEB, 0xA4, 0x0F, 0x5B, 0xBF, 0x8B, 0xAB, 0xA8, 0x31, 0x92, 0x14,
    0x0B, 0xC9, 0xFD, 0xB9, 0x1C, 0x04, 0x9D, 0x98, 0xAC, 0x97, 0xB8, 0xCE, 0x75, 0xB3, 0xBD, 0x3E,
    0x6A, 0x64, 0x8C, 0x9B, 0xD7, 0xE5, 0x44, 0x29, 0xCF, 0x54, 0x8C, 0xA8, 0x62, 0xCA, 0xA5, 0x50,
    0x31, 0xA5, 0x53, 0xCC, 0x34, 0x6A, 0xA0, 0x18, 0x99, 0x06, 0x2D, 0x14, 0xC3, 0x06, 0x3A, 0x40,
    0xD3, 0x40, 0x23, 0x32, 0xDB, 0xA9, 0xD8, 0x94, 0x96, 0x8A, 0x91, 0x83, 0x03, 0x6A, 0x44, 0xA6,
    0xA9, 0x6B, 0x60, 0x69, 0x50, 0xCC, 0x34, 0xAC, 0xA9, 0x18, 0x8C, 0xA3, 0x62, 0xA6, 0xDE, 0x9C,
    0x8A, 0xB9, 0x2D, 0xB7, 0x9F, 0x4B, 0x31, 0x6F, 0xC0, 0x9A, 0x77, 0xB1, 0xD7, 0xB6, 0xE5, 0xB7,
    0x07, 0xA2, 0xF6, 0x10, 0x5B, 0x98, 0xCA, 0xF4, 0xA6, 0x6C, 0x6D, 0xC9, 0x4D, 0x7C, 0xF0, 0x25,
    0xCD, 0xA6, 0xB8, 0xE9, 0xA9, 0x64, 0xDE, 0xC3, 0x60, 0x1E, 0x35, 0x49, 0x31, 0x92, 0xBB, 0xB4,
    0x54, 0x9C, 0x1A, 0x1C, 0xA2, 0x1A, 0xD6, 0xFA, 0xA8, 0x86, 0x31, 0xFA, 0x75, 0x42, 0x62, 0x9E,
    0x93, 0x68, 0x67, 0x1D, 0x16, 0x90, 0x60, 0x2A, 0x10, 0x89, 0xFF, 0x57, 0xA2, 0xAF, 0x11, 0x04,
    0x2F, 0xB3, 0x1C, 0xE6, 0x1B, 0x54, 0xD0, 0x50, 0xE3, 0xF5, 0x72, 0x4F, 0xA6, 0x65, 0x97, 0xEF,
    0x72, 0x7F, 0x96, 0x70, 0x16, 0xD5, 0x3D, 0xBF, 0xFD, 0x44, 0xDA, 0x4E, 0xBA, 0x56, 0xF6, 0x3B,
    0xD9, 0xDF, 0x97, 0xEE, 0x9E, 0xD7, 0xA6, 0x7B, 0x75, 0x64, 0x07, 0xBB, 0x97, 0xFB, 0x50, 0xA0,
    0xC1, 0xC8, 0x18, 0x27, 0x3D, 0x6C, 0xD3, 0xC2, 0x9B, 0xC7, 0x35, 0x6C, 0xA1, 0x85, 0x4D, 0xD0,
    0x4C, 0x9A, 0xA0, 0x4B, 0xAA, 0xA8, 0x36, 0x92, 0x16, 0xBD, 0x8C, 0x71, 0xEB, 0xFA, 0xDA, 0x11,
    0x51, 0xE5, 0x47, 0x9D, 0xBB, 0xD4, 0x83, 0x64, 0x27, 0xBF, 0xF9, 0x8D, 0xBB, 0x68, 0x14, 0x11,
    0x58, 0x4E, 0xB0, 0x43, 0x25, 0x6E, 0xC1, 0x6A, 0xA2, 0xD6, 0xFD, 0x69, 0x54, 0x88, 0x93, 0x0B,
    0x7F, 0x67, 0xC9, 0xE3, 0x6B, 0xE0, 0x8E, 0x7B, 0x61, 0x33, 0xB9, 0x82, 0xF9, 0x36, 0x77, 0x75,
    0x25, 0x7A, 0x2A, 0xF1, 0xD4, 0x3B, 0xD0, 0xEF, 0xE0, 0x95, 0xE8, 0x62, 0x61, 0x21, 0x4F, 0xBC,
    0x8C, 0xA3, 0x7A, 0xBF, 0xA4, 0x47, 0x13, 0x4B, 0x8D, 0x79, 0xFF, 0x26, 0xE3, 0xC1, 0xBF, 0xD4,
    0xDB, 0xFD, 0x95, 0xD3, 0x45, 0x75, 0xAF, 0x4E, 0x8F, 0x3E, 0x3A, 0x29, 0x38, 0x69, 0xAA, 0x83,
    0x8D, 0x3A, 0x9A, 0x99, 0xBA, 0x43, 0x2A, 0x46, 0xC0, 0x0B, 0x4C, 0xCA, 0xA7, 0x15, 0x49, 0x70,
    0x34, 0x79, 0xD4, 0xD1, 0xD8, 0x61, 0x7C, 0xAE, 0x03, 0x25, 0x39, 0xD0, 0x21, 0xC6, 0x0D, 0xCF,
    0xC6, 0x3A, 0x61, 0xBF, 0xF2, 0xA8, 0x1F, 0xAB, 0x3A, 0xFA, 0x95, 0xC2, 0x70, 0x57, 0x77, 0x30,
    0x55, 0xFE, 0xB7, 0xE4, 0xB2, 0xF3, 0xFF, 0x86, 0xF2, 0x53, 0xEA, 0xD1, 0xD0, 0x93, 0x15, 0x7E,
    0xC6, 0xD5, 0xE3, 0x62, 0xA6, 0x71, 0x32, 0xB9, 0xEC, 0xFC, 0xDF, 0xF2, 0xF0, 0x53, 0xB8, 0x08,
    0xC0, 0x50, 0x6C, 0x11, 0x95, 0xE4, 0xFB, 0x6A, 0xFD, 0xD7, 0xE5, 0xE1, 0x25, 0xE7, 0xDC, 0x43,
    0x98, 0xE1, 0x97, 0xA9, 0x52, 0xDE, 0x8C, 0x8A, 0xBB, 0x72, 0xE6, 0xEB, 0xD2, 0xD9, 0xFC, 0x89,
    0xCD, 0xF8, 0x7F, 0xD7, 0xD5, 0x2B, 0xA5, 0xC5, 0xEF, 0x8E, 0xBF, 0x3B, 0x5B, 0x92, 0xBC, 0xBA,
    0x34, 0x3C, 0xC3, 0xCD, 0xC3, 0xE7, 0xE8, 0x2C, 0x6C, 0x83, 0xA1, 0x0D, 0x1B, 0xE7, 0x75, 0xE2,
    0xDA, 0xB5, 0x49, 0xE5, 0xDA, 0x34, 0xEB, 0x07, 0xDD, 0xBB, 0x76, 0x36, 0xB4, 0xBD, 0x6B, 0xE1,
    0x2B, 0x97, 0x93, 0x89, 0x1E, 0x79, 0x6B, 0x97, 0xEA, 0x03, 0xB5, 0xC5, 0x52, 0xFA, 0x3B, 0xA0,
    0x9C, 0xB6, 0x66, 0x68, 0xF3, 0xC9, 0x64, 0x85, 0x7D, 0xD8, 0x32, 0xB6, 0xF5, 0x83, 0xC7, 0x60,
    0x1B, 0x0E, 0x2D, 0x7D, 0x07, 0xE7, 0xA5, 0x34, 0xE4, 0xCF, 0x64, 0xAE, 0x1D, 0x9C, 0xAE, 0x5D,
    0x66, 0x9C, 0x19, 0x6B, 0x7E, 0xBE, 0x57, 0x07, 0x0B, 0xF1, 0x8A, 0xB8, 0x15, 0xE7, 0x6D, 0x85,
    0x5D, 0x1D, 0x70, 0x25, 0xF2, 0x54, 0x08, 0xEA, 0xC8, 0x09, 0xF0, 0x3A, 0xB9, 0xA7, 0x5D, 0xB4,
    0xB3, 0x0E, 0x33, 0x9C, 0x20, 0xE1, 0xCE, 0x44, 0x0A, 0x3A, 0xED, 0x87, 0xEF, 0x56, 0x0E, 0x5C,
    0xC2, 0x59, 0x17, 0x83, 0x33, 0x53, 0x5F, 0x96, 0x2B, 0x3A, 0xA8, 0x87, 0x08, 0xA0, 0xEE, 0x3F,
    0x40, 0x37, 0xF1, 0x89, 0xC5, 0x3E, 0x1A, 0x1C, 0xE1, 0x62, 0xB0, 0x59, 0xEA, 0xFD, 0x38, 0x9E,
    0xE9, 0x0E, 0xD4, 0xDC, 0x43, 0x5C, 0x75, 0xFF, 0x5F, 0x90, 0x33, 0x2F, 0xEB, 0x20, 0x2A, 0x11,
    0x6A, 0xF5, 0xB4, 0x7E, 0xBC, 0xA0, 0xAC, 0xDD, 0x61, 0x4E, 0xB0, 0xF2, 0x3E, 0xEF, 0x60, 0xCD,
    0xB9, 0xD3, 0x68, 0x0C, 0x66, 0x5F, 0x97, 0x17, 0xB7, 0xFE, 0x6B, 0xB4, 0x3E, 0xC8, 0x8B, 0x0D,
    0xF2, 0xBB, 0x5E, 0x18, 0x58, 0x5F, 0x57, 0x98, 0xFF, 0xA2, 0xE4, 0xDF, 0xC0, 0xD6, 0x8C, 0x60,
    0xD2, 0x06, 0xA7, 0xF0, 0xCD, 0x53, 0x2E, 0xE4, 0xA2, 0xD7, 0x7E, 0x5F, 0x2D, 0x09, 0x86, 0xC8,
    0x33, 0x89, 0x63, 0x7D, 0xF7, 0x78, 0xDD, 0x02, 0x38, 0x31, 0x3C, 0xA4, 0xA5, 0x7F, 0x93, 0x4F,
    0x47, 0x98, 0x89, 0x8F, 0x5C, 0xDD, 0x25, 0x0A, 0x34, 0x34, 0x2E, 0xCC, 0x1F, 0x54, 0xE7, 0x3D,
    0xFF, 0x43, 0x58, 0x3D, 0x60, 0x6F, 0x11, 0xFF, 0xA1, 0x1E, 0xF9, 0xDD, 0x3E, 0xB0, 0x96, 0x73,
    0x03, 0xB6, 0x49, 0x01, 0x57, 0x70, 0xEE, 0x7A, 0xF9, 0x26, 0x9F, 0x05, 0x66, 0x68, 0xF1, 0x79,
    0xC9, 0x93, 0x3E, 0xAA, 0xFA, 0xA8, 0xBE, 0x1B, 0x56, 0x6B, 0x9B, 0x72, 0x3E, 0xCC, 0x87, 0xF6,
    0x08, 0x30, 0x2A, 0x72, 0x8E, 0x88, 0x3B, 0x4C, 0x77, 0xB4, 0xD3, 0x91, 0x06, 0xBD, 0xC2, 0x33,
    0xAB, 0xD4, 0x64, 0xA4, 0x69, 0xE1, 0x00, 0x1B, 0x29, 0x93, 0x04, 0x52, 0x6B, 0x17, 0xF0, 0x3D,
    0x8E, 0xEE, 0x1D, 0x3D, 0xE4, 0x7D, 0xF7, 0xEB, 0x71, 0x4F, 0x37, 0xCA, 0xCD, 0x60, 0x4F, 0x66,
    0x4E, 0xB1, 0xCA, 0xD1, 0x23, 0xAE, 0xB8, 0x5A, 0x9D, 0x80, 0xCE, 0xCB, 0xAE, 0x60, 0x5C, 0xF7,
    0x3D, 0xFA, 0x3F, 0xF8, 0xF5, 0xBB, 0x29, 0x34, 0xF1, 0x2B, 0xFF, 0xC1, 0x9A, 0x3D, 0xD2, 0x01,
    0x4D, 0xE9, 0x5A, 0xA6, 0xF4, 0x1E, 0x53, 0x9C, 0x18, 0x10, 0xD8, 0xCD, 0x74, 0x81, 0xAE, 0xD3,
    0xBE, 0x24, 0x81, 0x41, 0x4D, 0x7B, 0x98, 0xD4, 0x94, 0xB9, 0xCA, 0xB4, 0x87, 0xB8, 0xD3, 0x1E,
    0x18, 0x71, 0xDA, 0xE3, 0x8C, 0x83, 0x98, 0x0C, 0x24, 0xAD, 0x40, 0xE2, 0x06, 0x24, 0x68, 0x41,
    0xFC, 0x7E, 0x4A, 0xA5, 0x93, 0xE4, 0x24, 0x69, 0x0F, 0x12, 0x93, 0x84, 0x24, 0xF0, 0x4E, 0x8E,
    0x8B, 0xC0, 0x39, 0xF3, 0xC5, 0x5A, 0x78, 0x8D, 0xF5, 0x9C, 0xFA, 0xD5, 0x13, 0xB1, 0x77, 0xD3,
    0x1E, 0xD2, 0xED, 0x51, 0xA9, 0xBE, 0xFD, 0xBC, 0x9C, 0x4B, 0x38, 0x17, 0x1F, 0x6A, 0x6A, 0x88,
    0x77, 0x99, 0x97, 0x98, 0xC2, 0xB9, 0xBA, 0x5C, 0xDD, 0x37, 0xE5, 0x8A, 0x9A, 0x85, 0xBA, 0x74,
    0x47, 0x9D, 0x9B, 0x77, 0x74, 0xFD, 0xBE, 0xEB, 0xE9, 0x46, 0xB9, 0x19, 0x52, 0x7A, 0xDA, 0x82,
    0xC9, 0x6C, 0x4E, 0x3F, 0x0C, 0x97, 0x0A, 0x47, 0xBC, 0x33, 0x77, 0x87, 0x97, 0xBA, 0xD5, 0xFC,
    0xE7, 0x8A, 0xE3, 0xEB, 0x97, 0x27, 0x02, 0xF8, 0x9A, 0xE7, 0x86, 0xCD, 0x89, 0x14, 0x6F, 0xC9,
    0xB7, 0x43, 0x8A, 0xD7, 0x34, 0xB0, 0x19, 0x07, 0x0F, 0x14, 0x12, 0x7C, 0xA9, 0x40, 0xA8, 0x62,
    0xBE, 0x00, 0xD7, 0x99, 0x7D, 0x2B, 0xA4, 0xB8, 0x25, 0xE8, 0x1C, 0x2C, 0x69, 0x3A, 0x91, 0xFD,
    0x27, 0x68, 0x1C, 0x12, 0x82, 0x7E, 0x57, 0x7E, 0xF1, 0x2D, 0xB1, 0xA5, 0x0D, 0x8D, 0xE9, 0x23,
    0x05, 0x63, 0x63, 0x85, 0x70, 0x37, 0xCF, 0xC4, 0xA1, 0x97, 0x95, 0x7F, 0xF9, 0x01, 0xDC, 0xCB,
    0x0C, 0xA0, 0xCA, 0x64, 0x61, 0x1B, 0xD7, 0x49, 0x15, 0x74, 0x98, 0x6B, 0x89, 0x75, 0x0C, 0xAB,
    0x56, 0x60, 0x2F, 0xEF, 0x90, 0x5D, 0x2E, 0xB0, 0x92, 0xC9, 0x92, 0x4A, 0x6B, 0x20, 0xDD, 0x3D,
    0x16, 0x33, 0x44, 0x41, 0xB8, 0x7C, 0x47, 0x65, 0x43, 0xCA, 0x99, 0x6B, 0xD5, 0xCA, 0xFE, 0xA3,
    0xEC, 0x29, 0x5B, 0xA0, 0xB2, 0x05, 0x96, 0xB2, 0xC5, 0x96, 0xB2, 0xA5, 0x6F, 0x53, 0xB6, 0xB1,
    0xCA, 0xD6, 0x53, 0x36, 0xBF, 0xA5, 0x0C, 0x61, 0x4D, 0xD9, 0xE2, 0x8A, 0xB2, 0x19, 0x95, 0x6D,
    0x46, 0xD9, 0x80, 0xF2, 0x20, 0x1B, 0x3C, 0x35, 0x64, 0x83, 0xAF, 0x84, 0x6C, 0x49, 0x41, 0xD9,
    0x2C, 0x65, 0x8B, 0xFB, 0x13, 0xD9, 0x42, 0x95, 0x2D, 0x56, 0xD7, 0x9D, 0xFE, 0x94, 0xB2, 0x5D,
    0x3D, 0x96, 0x8D, 0x65, 0x0E, 0x9E, 0x03, 0xEA, 0x57, 0x55, 0x3D, 0xA4, 0x99, 0xBD, 0x2B, 0x64,
    0xAE, 0xBD, 0xE8, 0xE0, 0xBA, 0x73, 0x26, 0xDC, 0xAC, 0x80, 0xFB, 0x13, 0xB4, 0x86, 0x7B, 0x04,
    0x2E, 0xD2, 0x2A, 0x3E, 0x7C, 0xC7, 0x66, 0x01, 0xA3, 0x05, 0x14, 0x46, 0x8E, 0x6E, 0xAB, 0x75,
    0x3C, 0x58, 0x31, 0xC8, 0xCD, 0x73, 0x5E, 0x55, 0xB1, 0x6E, 0x73, 0x79, 0x98, 0xF4, 0x3E, 0xA2,
    0xFE, 0x68, 0x74, 0x31, 0x8F, 0x28, 0xB6, 0x13, 0xC8, 0x1E, 0xFA, 0x04, 0x8F, 0x9F, 0x5C, 0x1E,
    0x4D, 0xB2, 0xD0, 0x72, 0x9F, 0xD0, 0x7A, 0xCC, 0xAD, 0xDE, 0x5A, 0x83, 0xD0, 0x97, 0x83, 0x3F,
    0x8D, 0xA1, 0x6B, 0x99, 0x07, 0xEF, 0x31, 0x8D, 0x3D, 0x5D, 0x4A, 0x9C, 0x31, 0xCD, 0xC9, 0x75,
    0xBE, 0x0C, 0xF3, 0x69, 0x6D, 0x19, 0x81, 0x3C, 0x2D, 0x58, 0x93, 0x62, 0xD0, 0x9A, 0x0D, 0xD9,
    0x14, 0x6B, 0x93, 0x62, 0x08, 0xD8, 0x93, 0xDF, 0x12, 0x75, 0x7C, 0x51, 0xB0, 0x00, 0xC9, 0x8D,
    0x5A, 0x1E, 0x57, 0x85, 0xBE, 0x06, 0x99, 0x7E, 0x05, 0xA6, 0xEE, 0x6A, 0x0E, 0x45, 0x98, 0x8A,
    0x3C, 0xB1, 0x23, 0x4A, 0x20, 0x48, 0x60, 0x69, 0x7B, 0xB8, 0xF8, 0xBD, 0x77, 0xF7, 0xA3, 0xCE,
    0xEE, 0x29, 0x54, 0x16, 0xBB, 0xDC, 0x3D, 0x13, 0xF6, 0xCA, 0x95, 0xDB, 0x9A, 0x46, 0x16, 0x44,
    0x3B, 0x9D, 0x24, 0x75, 0x48, 0x2C, 0x82, 0x50, 0x6C, 0x28, 0xB3, 0x21, 0x03, 0x86, 0x5C, 0x1B,
    0xE6, 0x20, 0xC6, 0xA1, 0xD6, 0x7C, 0x48, 0x24, 0x07, 0xB2, 0x20, 0x41, 0x2A, 0x85, 0x5F, 0xD9,
    0x25, 0xD4, 0xB1, 0xC8, 0xF6, 0x78, 0xCA, 0xCD, 0xE0, 0x04, 0xC3, 0x63, 0x82, 0x3C, 0x22, 0xDA,
    0xC5, 0x0F, 0x11, 0x13, 0x42, 0x5F, 0xF3, 0xC9, 0x2B, 0x03, 0x02, 0xC8, 0x87, 0xD3, 0x46, 0x54,
    0xC6, 0x52, 0xF3, 0xBA, 0x15, 0xEF, 0x2C, 0xB3, 0x10, 0x22, 0x07, 0x7F, 0xBB, 0xD6, 0x79, 0x0E,
    0x23, 0x9C, 0x48, 0xB1, 0x39, 0xE9, 0x91, 0x48, 0xF7, 0xF1, 0x72, 0xBB, 0x37, 0x85, 0xF4, 0x58,
    0xA4, 0x1F, 0xEB, 0xE5, 0xF5, 0x39, 0xA0, 0x92, 0xA9, 0xD3, 0x3E, 0xB1, 0x8B, 0x7B, 0xA1, 0x6D,
    0xEE, 0xC9, 0xCB, 0x9C, 0xEC, 0x6A, 0xE1, 0xE2, 0x74, 0x3E, 0x58, 0x5F, 0x7B, 0xBA, 0x36, 0x77,
    0x9E, 0x6B, 0xD1, 0xBA, 0x62, 0x4C, 0x91, 0x42, 0x4B, 0x63, 0x68, 0xB2, 0x8B, 0xAA, 0xA0, 0x5A,
    0x2F, 0xDD, 0x9F, 0xE3, 0x5A, 0xAF, 0x20, 0x74, 0x94, 0xF5, 0xAF, 0x3D, 0xBB, 0x6C, 0xFD, 0xCA,
    0x36, 0x7E, 0xF1, 0x5A, 0x76, 0x21, 0xEB, 0x00, 0xFE, 0xCB, 0x3C, 0xAE, 0xBC, 0x1E, 0xA7, 0x60,
    0x3F, 0x3A, 0x5D, 0xD4, 0x3C, 0xD7, 0x7D, 0x12, 0xA7, 0xBB, 0x11, 0x7A, 0xDD, 0x88, 0x81, 0xBC,
    0x71, 0x6D, 0x25, 0x4E, 0x97, 0x9B, 0xCD, 0xC5, 0xAD, 0x89, 0x03, 0x51, 0x2E, 0xA4, 0xEC, 0x78,
    0x24, 0x7E, 0x8F, 0xF8, 0x15, 0x3D, 0x7E, 0xEF, 0x8B, 0xBF, 0xE4, 0x85, 0xC7, 0xE0, 0xA9, 0x55,
    0x80, 0x85, 0x30, 0xD1, 0xF0, 0x7A, 0x0D, 0x5E, 0xAE, 0x79, 0xF5, 0xD1, 0x72, 0xF2, 0xA8, 0x65,
    0x3D, 0xC7, 0xDA, 0x36, 0x3E, 0x7A, 0x07, 0xE9, 0xE4, 0x03, 0x53, 0xE8, 0x53, 0x2F, 0xE3, 0x4E,
    0xFD, 0xD8, 0x95, 0x13, 0xC6, 0xCE, 0x11, 0x20, 0x58, 0xB2, 0x10, 0x62, 0x8A, 0xFC, 0xBD, 0xC7,
    0xAF, 0xD6, 0x60, 0x01, 0x12, 0xD4, 0xE0, 0xC2, 0x2B, 0x71, 0xFB, 0x65, 0x26, 0x1D, 0x8E, 0x93,
    0xC4, 0xEE, 0x7A, 0x94, 0x6D, 0xF9, 0xB3, 0x9A, 0xD1, 0x88, 0x2E, 0xCA, 0x95, 0x85, 0xFE, 0xCB,
    0x95, 0xB9, 0x3E, 0xEC, 0x1B, 0x2E, 0x7E, 0xDC, 0x70, 0x2C, 0x92, 0xB6, 0x5A, 0x6D, 0x9C, 0x79,
    0x66, 0x48, 0x8E, 0xEE, 0x0F, 0xA8, 0x1A, 0x20, 0xC9, 0xF0, 0x08, 0x37, 0x03, 0x02, 0xCF, 0x65,
    0xE5, 0x05, 0x23, 0x2D, 0x8A, 0x68, 0x68, 0x3E, 0x5D, 0xC6, 0x4B, 0x97, 0x5A, 0xC4, 0x01, 0x90,
    0x38, 0xBC, 0xD6, 0xB1, 0xC2, 0x03, 0x27, 0x54, 0xC0, 0x53, 0x80, 0x29, 0x2D, 0x55, 0x81, 0x4C,
    0x26, 0x25, 0x2B, 0x45, 0x96, 0xDF, 0x26, 0xCE, 0x9F, 0x9A, 0xE3, 0x22, 0x72, 0x72, 0x12, 0xF8,
    0x17, 0x3F, 0xBA, 0x4F, 0xCF, 0xB3, 0x60, 0x5E, 0xDA, 0xAD, 0xBC, 0x31, 0x8F, 0xA6, 0x43, 0x07,
    0xF9, 0xCA, 0x0D, 0xFA, 0xAE, 0x28, 0xF7, 0x22, 0xD9, 0xD0, 0x98, 0xA0, 0xD5, 0x23, 0xDA, 0x9A,
    0x8C, 0x31, 0xC6, 0x9B, 0x33, 0x4D, 0xAC, 0xBD, 0xF6, 0x05, 0xB2, 0xC1, 0x83, 0x26, 0x73, 0x3E,
    0x62, 0xE5, 0x51, 0x93, 0xFD, 0xAF, 0x3E, 0x40, 0xB8, 0x60, 0x0E, 0xDE, 0xC8, 0x52, 0x44, 0x39,
    0x1F, 0xB9, 0xEA, 0x00, 0xCE, 0xE6, 0x1A, 0xE4, 0x9E, 0xFE, 0x7E, 0x18, 0xCC, 0x01, 0x5C, 0xE1,
    0xFA, 0xEF, 0x0E, 0x8F, 0x7E, 0xCC, 0x33, 0xDF, 0xF2, 0x43, 0x46, 0x0C, 0xDF, 0xD6, 0xD1, 0x9F,
    0xDA, 0x24, 0xEB, 0xB7, 0x8E, 0x73, 0xBE, 0x91, 0x38, 0x21, 0xBE, 0xD6, 0x67, 0x43, 0xB2, 0x51,
    0xD0, 0x02, 0x6E, 0xDC, 0x5C, 0x07, 0x1B, 0xF3, 0x6F, 0x54, 0xF2, 0xD8, 0x70, 0x8F, 0x6F, 0x80,
    0xAF, 0xD3, 0xCF, 0x98, 0x78, 0x13, 0x37, 0xB8, 0xC7, 0xB4, 0x44, 0xEE, 0xF9, 0x6F, 0x60, 0x0E,
    0x37, 0x5C, 0x50, 0x9F, 0x0D, 0x8A, 0xBD, 0xFA, 0x71, 0x4A, 0x60, 0xFF, 0x69, 0x11, 0x20, 0xF6,
    0x56, 0x50, 0x6D, 0x59, 0x25, 0x44, 0x1F, 0x38, 0x9A, 0xF1, 0x10, 0x00, 0xD7, 0x49, 0xAC, 0x31,
    0x92, 0x29, 0x42, 0x52, 0x60, 0xFB, 0x10, 0x3F, 0x0F, 0x81, 0xA1, 0xB1, 0x0F, 0x0C, 0x1A, 0x5A,
    0x7F, 0xB8, 0xB5, 0x72, 0xED, 0x15, 0x5C, 0xFB, 0x51, 0x1B, 0x54, 0xB6, 0x0E, 0xD6, 0x5C, 0xFB,
    0x56, 0x64, 0x8B, 0x9B, 0xB9, 0xED, 0xCC, 0xE1, 0x1D, 0xB8, 0x33, 0x59, 0xC0, 0xCD, 0x8D, 0xA9,
    0x86, 0xAF, 0x7B, 0xB9, 0x87, 0x27, 0x0E, 0x98, 0xD7, 0x4F, 0x01, 0xE6, 0x90, 0xBC, 0xA0, 0xC9,
    0x75, 0xB0, 0x98, 0x3B, 0x9A, 0x53, 0x94, 0xB4, 0xA2, 0xB4, 0x80, 0x3D, 0x0D, 0xC2, 0xAC, 0xA2,
    0xFE, 0x9A, 0x94, 0x4E, 0x54, 0xED, 0xA2, 0x9D, 0x31, 0x0C, 0x79, 0xCB, 0xE1, 0xE6, 0xC2, 0x4D,
    0x05, 0x51, 0x8B, 0xD5, 0xF3, 0xE1, 0x27, 0xA0, 0xF7, 0x78, 0xD8, 0xBC, 0x27, 0xA0, 0xF7, 0x45,
    0xB3, 0x71, 0x16, 0xB8, 0x9E, 0x3A, 0x70, 0xBD, 0xFF, 0x02, 0xD9, 0xB8, 0xC2, 0x74, 0xCE, 0x34,
    0xD7, 0x61, 0x52, 0x4B, 0x60, 0xC1, 0x16, 0xB9, 0x9F, 0xD4, 0xEE, 0x39, 0xE3, 0x8B, 0xDA, 0x8F,
    0x63, 0x00, 0x7F, 0xC0, 0xAA, 0xCC, 0x19, 0x00, 0xFE, 0xC2, 0x39, 0xC8, 0x56, 0xE6, 0x18, 0x1E,
    0xFF, 0x13, 0x88, 0x77, 0x4A, 0x05, 0xCC, 0x74, 0x33, 0x25, 0xAF, 0x6C, 0x6F, 0x6F, 0xAF, 0xFF,
    0x72, 0x32, 0x8C, 0x90, 0xDC, 0xD5, 0xF9, 0x15, 0x71, 0x26, 0xF6, 0xED, 0x42, 0xF4, 0xFF, 0x3D,
    0x1C, 0xCF, 0x9E, 0x05, 0xCF, 0x81, 0xCD, 0xD2, 0x2C, 0xFA, 0x14, 0xEC, 0x26, 0x6F, 0x83, 0x8C,
    0xC8, 0x78, 0x0F, 0x76, 0xFD, 0x0E, 0x24, 0x6C, 0xC0, 0x73, 0x5C, 0x81, 0xE7, 0x1D, 0xF2, 0xBC,
    0x20, 0xCF, 0x73, 0xF2, 0xBC, 0x00, 0xCF, 0x0E, 0x3D, 0xEF, 0x81, 0xE7, 0x70, 0xF5, 0x5F, 0x0E,
    0xEE, 0x69, 0x6A, 0xF9, 0x24, 0xA8, 0x3D, 0xB1, 0x9E, 0xB1, 0x83, 0x36, 0xE6, 0x39, 0xAF, 0x1C,
    0x57, 0x49, 0x68, 0x6D, 0xE0, 0x29, 0xD3, 0x26, 0xB1, 0x48, 0xB1, 0x81, 0xA0, 0xE7, 0xA9, 0xCB,
    0xAE, 0x15, 0xD4, 0x16, 0xC7, 0xA0, 0x36, 0x38, 0x0D, 0x6A, 0xCF, 0x75, 0x2D, 0x1F, 0xCA, 0x8F,
    0x3B, 0x17, 0x1C, 0x67, 0x04, 0xB5, 0x31, 0x40, 0xAD, 0xDF, 0x5C, 0xC8, 0x5A, 0x2B, 0xB0, 0x89,
    0x4B, 0xBA, 0xD3, 0x35, 0xB4, 0xF3, 0xD7, 0xDF, 0xB3, 0x91, 0xC7, 0x6C, 0x78, 0xAE, 0x97, 0x66,
    0x66, 0x78, 0xAA, 0x37, 0x26, 0x26, 0x9C, 0xB9, 0x67, 0x65, 0x61, 0x03, 0xC4, 0x17, 0xB4, 0x01,
    0x1F, 0x99, 0x70, 0x03, 0x88, 0x19, 0x5C, 0xEC, 0xBE, 0xCF, 0x5A, 0xA6, 0x61, 0xC8, 0x4D, 0xB5,
    0x26, 0xC4, 0x22, 0x51, 0xAC, 0x0F, 0xCB, 0xFA, 0xD5, 0xBF, 0x0C, 0x38, 0x53, 0x6D, 0x56, 0xFE,
    0xF7, 0xF8, 0x39, 0xD8, 0x3B, 0xC4, 0x8B, 0x25, 0x3D, 0x60, 0x59, 0x6B, 0x28, 0x58, 0x05, 0xF0,
    0x67, 0x10, 0x02, 0xCC, 0x51, 0x6E, 0x91, 0x93, 0x1D, 0xBE, 0xDB, 0xF3, 0x51, 0xCE, 0x92, 0xF6,
    0x91, 0x0F, 0xA8, 0x60, 0x10, 0x21, 0x29, 0xBE, 0x4A, 0x06, 0xD9, 0x5C, 0xE7, 0x8A, 0xC3, 0xE6,
    0xE0, 0x52, 0xA7, 0x1A, 0xF1, 0xA8, 0x1B, 0x5A, 0xF8, 0x73, 0x70, 0xF0, 0x1C, 0xF8, 0xE5, 0xFF,
    0xAF, 0xCE, 0xFF, 0x00, 0xCD, 0x5A, 0xBF, 0x6F, 0xE4, 0xC6, 0x15, 0x7E, 0x24, 0x73, 0x22, 0x2C,
    0x02, 0xA1, 0x81, 0xD8, 0x71, 0x1C, 0x23, 0xB7, 0x8D, 0x11, 0x18, 0x8E, 0x6D, 0xB6, 0x2E, 0x7C,
    0x3B, 0x4C, 0x93, 0xFA, 0x0A, 0xDF, 0x19, 0xC8, 0x15, 0x4E, 0xE1, 0x26, 0x69, 0xD4, 0xA4, 0x48,
    0x61, 0xED, 0x12, 0x4E, 0x91, 0xC2, 0x85, 0xD5, 0xB8, 0xCE, 0x15, 0x2A, 0xE4, 0x3D, 0x20, 0x4A,
    0x91, 0xE2, 0x8A, 0x95, 0x48, 0x24, 0x7F, 0x40, 0xB6, 0x70, 0x1F, 0x1A, 0x88, 0x01, 0xE3, 0x52,
    0x98, 0x48, 0xF6, 0x10, 0x4A, 0xE6, 0xEE, 0xE4, 0xFB, 0xDE, 0x90, 0xFB, 0x43, 0x77, 0xD6, 0xF9,
    0x14, 0xE9, 0x24, 0x6A, 0xE7, 0x51, 0xBB, 0x1C, 0xCE, 0xBC, 0xF7, 0x66, 0xE6, 0xBD, 0xEF, 0xBD,
    0x19, 0xD9, 0x1C, 0x7D, 0x26, 0x22, 0x3D, 0x3B, 0x57, 0x3A, 0x93, 0x13, 0x97, 0x71, 0x34, 0x23,
    0xCD, 0x0B, 0x52, 0x3B, 0x01, 0xF1, 0xFE, 0x5B, 0x82, 0x06, 0xFF, 0xAE, 0x48, 0xBF, 0x98, 0x82,
    0x46, 0x93, 0x06, 0x34, 0x2E, 0x0E, 0xD8, 0x4E, 0x36, 0x00, 0x4D, 0xF4, 0x65, 0x23, 0x49, 0x2A,
    0x72, 0x80, 0x27, 0x22, 0x0D, 0xA9, 0x67, 0xAD, 0x2D, 0xC5, 0x07, 0xAD, 0x24, 0x38, 0x1E, 0xDD,
    0x9B, 0x4A, 0x58, 0x8A, 0x57, 0xB7, 0x15, 0x7A, 0xA0, 0x87, 0xFA, 0x8A, 0x71, 0xAF, 0xA7, 0x03,
    0x6D, 0xD0, 0x35, 0xEE, 0x8D, 0x46, 0x19, 0xDE, 0x9C, 0xA0, 0x8D, 0x62, 0xC1, 0xE2, 0xD6, 0x3C,
    0x0D, 0xD1, 0x64, 0xF0, 0xE5, 0x2B, 0x53, 0x4F, 0xFC, 0x5A, 0xD8, 0x4C, 0x57, 0x36, 0x46, 0x0D,
    0xEA, 0x37, 0xF1, 0xFC, 0x56, 0x03, 0x19, 0x1A, 0xB4, 0xD8, 0x0C, 0xB4, 0x78, 0xCD, 0x50, 0xC2,
    0xC6, 0x4C, 0x92, 0x06, 0x42, 0x7F, 0x18, 0xDA, 0xF2, 0x43, 0x79, 0x01, 0x6F, 0xFC, 0x48, 0x9E,
    0x03, 0xBD, 0x2E, 0x6F, 0xB1, 0xBB, 0x07, 0x6C, 0x23, 0xB4, 0x94, 0x4E, 0xFE, 0x94, 0x5E, 0x6D,
    0xCD, 0xF8, 0x99, 0xB7, 0xE3, 0x4F, 0x82, 0x89, 0xCC, 0xF7, 0x0B, 0x19, 0x5A, 0x91, 0xCD, 0x7F,
    0xCA, 0x85, 0x68, 0xE8, 0x8A, 0xC9, 0xCD, 0xFE, 0x7B, 0xCA, 0xD1, 0x3B, 0x4A, 0x75, 0xB0, 0xA4,
    0x5A, 0xF9, 0x7F, 0xAE, 0x9C, 0x0E, 0xC9, 0xA3, 0x78, 0xE7, 0xAD, 0x8F, 0xFB, 0x22, 0x3E, 0xE4,
    0x0E, 0xC0, 0x47, 0xD4, 0x96, 0xF0, 0x18, 0xBF, 0x61, 0x00, 0x54, 0x5B, 0x5C, 0x5B, 0x3E, 0x1B,
    0x0E, 0xC8, 0x52, 0x4C, 0x26, 0x7A, 0xE9, 0x82, 0xD9, 0xEE, 0xF2, 0xED, 0x3C, 0x95, 0x84, 0xE2,
    0xDB, 0x07, 0xFB, 0x93, 0x60, 0x26, 0x5E, 0x16, 0xB3, 0x3E, 0x45, 0x87, 0xBC, 0x64, 0x9F, 0xD5,
    0x0E, 0x49, 0x66, 0x0B, 0xD2, 0x2C, 0xC8, 0xF2, 0x37, 0xAD, 0xA2, 0x95, 0xF5, 0x35, 0xC3, 0x06,
    0x7A, 0x1C, 0x98, 0xA8, 0xD6, 0x7E, 0x3E, 0xBD, 0x53, 0x48, 0xCE, 0xC5, 0x13, 0x59, 0x0B, 0xBD,
    0x5C, 0x63, 0xA5, 0x4D, 0xFC, 0x93, 0x14, 0xEE, 0x35, 0x34, 0xE7, 0xA3, 0xE7, 0x20, 0x5B, 0x32,
    0xD7, 0xB3, 0x3B, 0x1E, 0x95, 0x35, 0xFF, 0xE5, 0x24, 0x2E, 0x1D, 0x4F, 0x6E, 0x30, 0xBE, 0xA5,
    0xA4, 0xAE, 0x0E, 0xEB, 0x86, 0xB3, 0x5F, 0x94, 0x7C, 0x17, 0xB2, 0x41, 0xF2, 0x9B, 0x78, 0xFA,
    0xDC, 0x62, 0x06, 0x29, 0x7F, 0x89, 0x3C, 0x72, 0x5D, 0xAE, 0x2E, 0x32, 0x37, 0x52, 0x5D, 0x59,
    0xBD, 0xCE, 0x53, 0x0F, 0xAF, 0xC9, 0x26, 0x27, 0x42, 0x1F, 0x8F, 0xBE, 0x00, 0x33, 0xFE, 0x37,
    0x55, 0xB7, 0x98, 0x4C, 0x7A, 0x55, 0x94, 0xE1, 0x67, 0x72, 0xD7, 0x9F, 0x62, 0x25, 0x1E, 0xF4,
    0x32, 0x31, 0x78, 0x3F, 0x46, 0x93, 0x61, 0x75, 0x21, 0x0A, 0xF1, 0x76, 0xE4, 0x03, 0x91, 0x9A,
    0x53, 0xCF, 0x70, 0x4D, 0xF7, 0x6C, 0xCA, 0x4A, 0xE4, 0xAC, 0x5E, 0xD5, 0x47, 0x6E, 0xB1, 0xA0,
    0xD4, 0x5A, 0x80, 0xCC, 0xB8, 0x5A, 0x6D, 0xDA, 0x70, 0xF6, 0x82, 0xC4, 0x15, 0x48, 0x30, 0xE5,
    0x0C, 0xAE, 0x41, 0xBC, 0x46, 0xD7, 0xF3, 0x82, 0xCC, 0x16, 0x64, 0xF1, 0x9B, 0x56, 0xD1, 0xCA,
    0xFA, 0x9A, 0x36, 0x60, 0xD0, 0x94, 0x6F, 0xD3, 0xF9, 0x28, 0x9F, 0x75, 0x1D, 0x1D, 0x69, 0xD7,
    0xD7, 0x3C, 0xCE, 0xDF, 0xDE, 0xEF, 0x55, 0xFD, 0x7F, 0xD0, 0x85, 0xFC, 0xB1, 0x2A, 0xF1, 0x93,
    0x54, 0xA9, 0x6A, 0x24, 0xEB, 0x68, 0x32, 0x8B, 0x33, 0xDA, 0xB5, 0xBF, 0x67, 0x10, 0xE3, 0x0E,
    0x34, 0x0A, 0xA9, 0x41, 0x21, 0x3F, 0x8C, 0x0A, 0x34, 0x91, 0x64, 0xD4, 0x49, 0xEF, 0x11, 0x1A,
    0x9F, 0xF8, 0x45, 0x6B, 0xB2, 0x72, 0x46, 0xE3, 0x91, 0x67, 0x18, 0xAE, 0x0D, 0xB4, 0xE3, 0x6B,
    0xCB, 0x32, 0x9C, 0xA3, 0xBE, 0x78, 0xA9, 0xBA, 0xA9, 0xE3, 0x1D, 0xE1, 0xE0, 0xCD, 0x95, 0x42,
    0xAD, 0xD1, 0x44, 0xB6, 0xA6, 0xA4, 0x41, 0x43, 0x2A, 0x56, 0xA9, 0x49, 0x49, 0x93, 0x8C, 0xB4,
    0x57, 0x90, 0xC6, 0x45, 0x54, 0x92, 0x52, 0xA1, 0xF1, 0xC4, 0xD1, 0xFD, 0xE3, 0x3D, 0xFE, 0xEE,
    0x9E, 0x2E, 0x6A, 0xBA, 0xB7, 0x5C, 0x0B, 0x76, 0xD9, 0x72, 0x82, 0x5E, 0x8E, 0xEF, 0xB1, 0xC7,
    0xAE, 0xF7, 0x1D, 0xA7, 0xB1, 0x85, 0x4A, 0x40, 0xBC, 0x5B, 0x5B, 0x9F, 0x83, 0x49, 0xDB, 0x38,
    0xB2, 0x7C, 0x90, 0x1C, 0xC5, 0x19, 0x14, 0xF5, 0x49, 0xA6, 0x7A, 0x52, 0x35, 0xA9, 0x96, 0x12,
    0x8A, 0xAE, 0x5A, 0x58, 0x23, 0xF1, 0xEA, 0x57, 0x56, 0x51, 0xE5, 0xA8, 0x6E, 0x54, 0x35, 0x4E,
    0x33, 0xAA, 0x18, 0xEA, 0x65, 0x63, 0x34, 0x92, 0xD8, 0x5A, 0x32, 0xB5, 0x32, 0x89, 0xEC, 0x84,
    0x43, 0x4B, 0x2D, 0x35, 0x6B, 0xB6, 0x7F, 0xBD, 0x58, 0x80, 0x0D, 0xD4, 0x29, 0x58, 0x4E, 0xAB,
    0xC7, 0x32, 0x1F, 0x8D, 0x76, 0xDA, 0x36, 0x4B, 0x82, 0x14, 0x8E, 0xFD, 0xC4, 0x91, 0x95, 0x2B,
    0xC1, 0x6A, 0x16, 0x4E, 0xAA, 0xE0, 0xE8, 0x95, 0x29, 0x07, 0xB4, 0xA1, 0x06, 0x0E, 0xB8, 0x6C,
    0xD4, 0xB7, 0x81, 0x8C, 0x46, 0xB9, 0x18, 0xB4, 0xC2, 0xFF, 0x46, 0xAD, 0xA5, 0xD4, 0x57, 0xD3,
    0x6E, 0xD9, 0xC7, 0xEA, 0x67, 0x67, 0x3F, 0xDF, 0x66, 0xF3, 0x58, 0x22, 0x89, 0x02, 0x94, 0x77,
    0x5B, 0x85, 0xF7, 0x5A, 0x63, 0x1E, 0xAF, 0xE3, 0x95, 0x8B, 0x96, 0x59, 0x2D, 0xA7, 0x33, 0x99,
    0x4B, 0x72, 0xE2, 0xBA, 0x58, 0xE9, 0x2F, 0x5E, 0xC2, 0x5E, 0xEB, 0xB7, 0xEF, 0xB7, 0xD0, 0x82,
    0x65, 0xBE, 0xE3, 0xA0, 0x85, 0x77, 0xB1, 0x32, 0x92, 0x99, 0xDB, 0xFC, 0x35, 0xD4, 0xE7, 0x69,
    0x07, 0x7A, 0x94, 0xC4, 0x5F, 0xF1, 0x81, 0xDA, 0xFB, 0x9B, 0x70, 0xB0, 0x1B, 0x69, 0x5C, 0x24,
    0x69, 0x50, 0x01, 0x76, 0x51, 0x37, 0xC3, 0xB2, 0xB3, 0x4B, 0xCF, 0x64, 0x22, 0xD0, 0x6B, 0x88,
    0xBA, 0x0D, 0xF5, 0x1B, 0xEA, 0x38, 0xD4, 0x73, 0x9C, 0x9C, 0x12, 0x17, 0xBC, 0x16, 0x36, 0xC4,
    0x4F, 0x25, 0xCC, 0xA2, 0x14, 0x88, 0x32, 0xC7, 0xF8, 0xA8, 0x0A, 0x7F, 0xB6, 0xB3, 0xCA, 0x81,
    0x97, 0xC3, 0x50, 0xF5, 0xF8, 0x9E, 0x3D, 0xBE, 0xD7, 0x04, 0x30, 0x5D, 0xAF, 0xC6, 0x7C, 0xBD,
    0x37, 0xE9, 0xF0, 0xED, 0xD2, 0xB9, 0x1E, 0xAC, 0x3A, 0xD7, 0xD1, 0x67, 0x8D, 0xEB, 0xCF, 0x75,
    0x2A, 0x43, 0x56, 0x31, 0xAC, 0x6C, 0xE8, 0xE4, 0x0C, 0xD7, 0x9F, 0x21, 0x6B, 0x86, 0xA3, 0x62,
    0x7C, 0xFB, 0xE5, 0x6D, 0x0B, 0x4C, 0x0E, 0x41, 0x60, 0xFB, 0x00, 0xCB, 0xAF, 0xC1, 0x93, 0xEC,
    0x40, 0x4D, 0x52, 0x79, 0xD0, 0xC9, 0xE1, 0x3E, 0x8D, 0x2A, 0x9D, 0xEE, 0xC6, 0x57, 0xEB, 0x1A,
    0x9A, 0x45, 0x99, 0xBA, 0x90, 0x27, 0x5A, 0xC6, 0x78, 0x9D, 0xB4, 0x96, 0xB1, 0xB7, 0xB0, 0x8C,
    0x61, 0x6B, 0x19, 0xFF, 0xB1, 0xB0, 0x8C, 0x71, 0xD6, 0x99, 0x60, 0x55, 0xA6, 0x21, 0x30, 0xB3,
    0x12, 0x1F, 0xDF, 0x69, 0x68, 0x2A, 0x2B, 0xE8, 0x86, 0xC3, 0x23, 0xBE, 0x74, 0x20, 0x7B, 0x49,
    0xD6, 0xAF, 0x4B, 0x55, 0xA2, 0x42, 0x4A, 0x9F, 0xDD, 0x05, 0x84, 0x09, 0xDE, 0xE3, 0x8C, 0xCE,
    0xE5, 0x2B, 0xF1, 0xF2, 0xD5, 0xA4, 0x57, 0xC8, 0xAE, 0x22, 0x1D, 0x46, 0xF6, 0x17, 0xF3, 0xB7,
    0x37, 0xA5, 0x8D, 0x53, 0x10, 0xF8, 0x76, 0x51, 0xC9, 0x42, 0x93, 0xCE, 0x90, 0x97, 0x57, 0x4B,
    0x9D, 0x84, 0x88, 0x90, 0x84, 0xBC, 0x45, 0x27, 0x6F, 0x56, 0xAF, 0xAC, 0xBD, 0xDD, 0x3B, 0x1E,
    0x8D, 0xF6, 0x8F, 0xD3, 0xC7, 0xD6, 0x0C, 0x60, 0xB2, 0xB0, 0xEC, 0x02, 0xAB, 0x48, 0xA9, 0xBB,
    0x3D, 0xB6, 0xE6, 0x19, 0x6F, 0x8A, 0x16, 0x97, 0xAE, 0xF0, 0xA5, 0x87, 0xB7, 0x52, 0x87, 0xAF,
    0x73, 0xE2, 0xEB, 0x55, 0x47, 0xF9, 0xC3, 0x9B, 0x88, 0x97, 0x31, 0xB6, 0xC1, 0xBF, 0xF0, 0x24,
    0xB0, 0x69, 0x52, 0x10, 0x56, 0x95, 0xC1, 0x14, 0xCF, 0x50, 0xE5, 0xCC, 0xE4, 0xF5, 0xD1, 0xEE,
    0xD0, 0xD6, 0xC6, 0xA5, 0x2F, 0x68, 0x1A, 0xCB, 0xC4, 0x56, 0x1E, 0x54, 0xD8, 0xC8, 0x59, 0x3E,
    0x33, 0xB4, 0x50, 0xE1, 0xF3, 0x9B, 0xD1, 0xDD, 0xDC, 0x56, 0xF8, 0xB4, 0x33, 0xA2, 0x3E, 0x4B,
    0x6B, 0xB9, 0xCD, 0x72, 0x5B, 0x84, 0x47, 0xA2, 0x9C, 0x3E, 0xFD, 0x67, 0x8A, 0x16, 0x0A, 0x7C,
    0x98, 0xA7, 0xB9, 0xCF, 0x70, 0xDF, 0xD7, 0x8F, 0x87, 0x58, 0x1F, 0x51, 0xD4, 0x35, 0x84, 0x49,
    0x41, 0x15, 0x56, 0xDD, 0xDC, 0x0D, 0x4A, 0xAA, 0xE4, 0x09, 0x7F, 0x45, 0x8C, 0xC6, 0x6E, 0xE0,
    0xCF, 0xEC, 0x62, 0x65, 0xA6, 0x30, 0xD0, 0xAE, 0x23, 0xBF, 0x5A, 0x45, 0x51, 0xE7, 0xC3, 0x76,
    0xDF, 0x9C, 0xBC, 0xC6, 0x6D, 0x46, 0x63, 0x08, 0xE5, 0x78, 0x0D, 0x08, 0xEA, 0x36, 0xCE, 0x2B,
    0x1A, 0x8E, 0x18, 0x0C, 0x46, 0xC3, 0x50, 0xA8, 0x21, 0x56, 0x6F, 0xB8, 0xE8, 0x1B, 0xDA, 0x80,
    0x39, 0xDD, 0x86, 0xE6, 0xC2, 0xEC, 0xC7, 0xE0, 0x73, 0x1E, 0xE8, 0x68, 0xCC, 0x48, 0x86, 0x24,
    0xA8, 0xD8, 0xD0, 0x49, 0x02, 0x75, 0xB3, 0x3D, 0x9F, 0x2D, 0x63, 0x4D, 0xD1, 0x52, 0xB0, 0xB7,
    0xDE, 0x2A, 0x3A, 0x5D, 0x2E, 0x77, 0x05, 0x19, 0xD1, 0xC2, 0x48, 0x7C, 0xAF, 0xB5, 0x11, 0xFD,
    0x53, 0x8B, 0x5F, 0xF7, 0x31, 0x6B, 0xFB, 0x58, 0xE3, 0x7D, 0xC9, 0xA5, 0x8F, 0xAE, 0xFA, 0x51,
    0x25, 0x7D, 0x58, 0x87, 0x3E, 0x58, 0xE9, 0x23, 0xA0, 0x33, 0xE0, 0xD3, 0x80, 0x4D, 0x03, 0x2E,
    0xFB, 0x60, 0xB2, 0x0F, 0x1E, 0x51, 0xBF, 0xE8, 0x83, 0xC3, 0x3E, 0x04, 0xEE, 0x53, 0xF2, 0xEE,
    0xA2, 0xAB, 0xA1, 0x41, 0x20, 0xC2, 0x79, 0xAB, 0x35, 0x4D, 0xCF, 0xBB, 0x84, 0x0A, 0xF3, 0x29,
    0x64, 0x96, 0xD9, 0x14, 0x26, 0x53, 0x56, 0x73, 0x29, 0x89, 0x9C, 0x12, 0x80, 0x9E, 0xB5, 0x8C,
    0x46, 0xBB, 0x80, 0x21, 0x35, 0x8B, 0xEC, 0x05, 0x75, 0x58, 0xC5, 0x85, 0x91, 0xDF, 0xE1, 0xC9,
    0x8B, 0x0A, 0x55, 0x9E, 0xEE, 0x6F, 0xFC, 0x04, 0x30, 0x75, 0x96, 0xB2, 0x8E, 0x53, 0x4F, 0xD7,
    0xE0, 0x59, 0x78, 0x76, 0xA0, 0x2B, 0xC1, 0x68, 0x7D, 0x28, 0x7F, 0x81, 0xD3, 0x1D, 0xC3, 0x5A,
    0x63, 0x4A, 0x01, 0x40, 0x46, 0x00, 0x87, 0x31, 0xA6, 0x52, 0x0C, 0x3E, 0xAE, 0x9F, 0x9B, 0x0C,
    0x2F, 0x7A, 0xA9, 0x81, 0x8E, 0xE1, 0x38, 0x62, 0x31, 0xD7, 0xC5, 0xBC, 0xE1, 0x00, 0xE1, 0x19,
    0x3F, 0x7E, 0xF5, 0x68, 0x68, 0x72, 0x0A, 0x81, 0x4F, 0x0C, 0x1E, 0x22, 0x5A, 0x0C, 0x30, 0xDA,
    0x20, 0xD0, 0x60, 0x44, 0xC7, 0x6B, 0xAA, 0x8E, 0xFC, 0xE0, 0x5B, 0xDF, 0x85, 0xC7, 0x49, 0xE9,
    0x4C, 0x32, 0x25, 0xCC, 0x6B, 0xD4, 0xA7, 0x7C, 0x52, 0xEF, 0x9B, 0x89, 0x87, 0x70, 0xD1, 0xA6,
    0x51, 0x2D, 0xA6, 0x96, 0xE4, 0xB4, 0xCA, 0x04, 0x3A, 0xBB, 0x5C, 0x96, 0x55, 0x87, 0xC3, 0x34,
    0x8F, 0xB3, 0xBD, 0xCC, 0x76, 0xB6, 0x17, 0xF1, 0xC1, 0x98, 0x5C, 0x8F, 0x69, 0x16, 0xC6, 0xB4,
    0xD3, 0x63, 0xFA, 0x80, 0x31, 0x73, 0x1F, 0xE3, 0x26, 0x27, 0xC1, 0xAB, 0xE3, 0x06, 0x2B, 0x73,
    0x4C, 0x73, 0x32, 0x6E, 0x60, 0x6B, 0xC6, 0x0D, 0xD6, 0xDE, 0x98, 0x76, 0x66, 0x4C, 0x8B, 0x33,
    0xA6, 0xE9, 0x18, 0xD3, 0x74, 0x80, 0x04, 0xD5, 0x98, 0xA6, 0x63, 0x4C, 0x27, 0x40, 0x32, 0x24,
    0x49, 0x98, 0x3B, 0x89, 0x49, 0x42, 0xCD, 0xA2, 0x34, 0x2E, 0x8F, 0x48, 0x28, 0xD3, 0xE6, 0x11,
    0xA9, 0x92, 0x70, 0x19, 0x78, 0xBC, 0x13, 0xD9, 0xEC, 0xC6, 0xD0, 0x4E, 0xCD, 0xD1, 0x7B, 0x8D,
    0x99, 0xC8, 0x0C, 0x35, 0x07, 0x1C, 0x9F, 0xA7, 0x2D, 0x97, 0x27, 0xDF, 0xF2, 0xA2, 0xC5, 0x73,
    0xAA, 0x1F, 0x77, 0x79, 0x66, 0x4F, 0x17, 0x5E, 0x7A, 0xBE, 0xB2, 0x2E, 0xF3, 0x80, 0xD3, 0x36,
    0x2F, 0x5B, 0x3A, 0xEB, 0x8C, 0xB0, 0x46, 0xA3, 0xFD, 0xBB, 0xF2, 0x1A, 0x19, 0xA9, 0x99, 0x92,
    0xC2, 0xA3, 0xE8, 0xEB, 0xA2, 0xCD, 0x3D, 0xCB, 0xEC, 0x2A, 0xCC, 0x09, 0x3F, 0xF5, 0x76, 0xE0,
    0x88, 0xE1, 0xC5, 0x18, 0xD5, 0x01, 0xD7, 0xC6, 0xF5, 0x5A, 0x0A, 0xF1, 0x42, 0xE7, 0x44, 0x7D,
    0x42, 0xBE, 0x0C, 0x24, 0x56, 0xF9, 0x2A, 0xCA, 0x57, 0x53, 0x2A, 0x95, 0x2F, 0x57, 0xF9, 0x32,
    0x8A, 0x46, 0xF9, 0x42, 0x8A, 0x16, 0xD4, 0x14, 0xA8, 0x59, 0x88, 0x66, 0x4E, 0x8A, 0xD6, 0xAC,
    0xE5, 0x59, 0x49, 0xB8, 0x46, 0xAF, 0xDD, 0x99, 0x32, 0x01, 0xC6, 0xA1, 0x60, 0x06, 0x53, 0x6E,
    0xAE, 0x8B, 0x39, 0x53, 0x31, 0xE7, 0x60, 0x65, 0x78, 0xC6, 0xE9, 0x70, 0xB2, 0x0C, 0x44, 0x7E,
    0x3A, 0x23, 0x7B, 0x28, 0xA5, 0x6C, 0x22, 0x4C, 0x16, 0xCD, 0x77, 0xC9, 0x5A, 0xC6, 0xCB, 0x5D,
    0x1B, 0x9A, 0xC9, 0x1C, 0x12, 0xEA, 0xFA, 0xF6, 0x41, 0x5E, 0x4B, 0x58, 0x8B, 0x3F, 0xD3, 0x18,
    0x3A, 0xD7, 0x9C, 0x91, 0x21, 0x50, 0x87, 0x12, 0x86, 0xBA, 0x55, 0x41, 0xA5, 0x46, 0x25, 0xE7,
    0x51, 0x58, 0x39, 0xEA, 0xA2, 0x78, 0x47, 0x57, 0x7F, 0x77, 0x35, 0xDD, 0x5B, 0xAE, 0x85, 0x84,
    0x59, 0xA8, 0x8C, 0xF0, 0x62, 0xC8, 0x04, 0xB3, 0x3F, 0x67, 0x86, 0x79, 0xAB, 0x76, 0xE9, 0x07,
    0xF2, 0x36, 0x5F, 0x24, 0x08, 0x81, 0x27, 0x09, 0x61, 0x2A, 0x3E, 0xAB, 0xD6, 0xF3, 0xED, 0x8A,
    0x6D, 0x00, 0x83, 0x67, 0xEF, 0x29, 0x97, 0x39, 0x63, 0xFE, 0x84, 0xA1, 0x06, 0xFD, 0x6F, 0x4B,
    0xD8, 0x61, 0xB4, 0x20, 0xFA, 0x95, 0xE9, 0x0F, 0x10, 0xAD, 0x8C, 0xD7, 0x86, 0x12, 0x1C, 0x6D,
    0xCC, 0x5C, 0x53, 0xC0, 0xB0, 0x59, 0x37, 0x2C, 0x7B, 0xB4, 0x57, 0x7E, 0x9D, 0x68, 0xCA, 0x7F,
    0xA0, 0xB1, 0x91, 0xE6, 0x25, 0x35, 0xF6, 0x79, 0x63, 0x75, 0x07, 0xE4, 0x0A, 0x6B, 0x6F, 0x33,
    0xDB, 0x43, 0xDD, 0x8F, 0xF0, 0xCC, 0xD0, 0xDE, 0x8E, 0xB9, 0x9B, 0x56, 0xC1, 0xE3, 0xFB, 0xC5,
    0xDB, 0xF2, 0x2C, 0x95, 0xD9, 0xE9, 0xC8, 0x12, 0x23, 0x31, 0xFC, 0xB4, 0x0D, 0xB5, 0x84, 0x1B,
    0x04, 0xD0, 0x3C, 0x72, 0xA9, 0x37, 0x28, 0x4A, 0x73, 0xC8, 0x1A, 0x23, 0xD1, 0x53, 0xF0, 0x76,
    0xE8, 0x6E, 0xB3, 0xE5, 0xED, 0x78, 0x74, 0xB7, 0xD1, 0x29, 0x3C, 0x6D, 0x6F, 0xB3, 0xB5, 0x2A,
    0x87, 0x6B, 0xAF, 0xB7, 0x8D, 0x41, 0x6B, 0xDA, 0x91, 0x66, 0xBE, 0xA5, 0xED, 0x96, 0x8A, 0x3B,
    0x1E, 0xED, 0x51, 0x73, 0x4C, 0x3B, 0x47, 0xEE, 0xE6, 0x74, 0xB7, 0x9A, 0x8A, 0x0A, 0x9D, 0x7E,
    0x4A, 0xA3, 0x2A, 0xBA, 0x53, 0xCF, 0x6F, 0x2B, 0xFA, 0xC6, 0xB7, 0xA1, 0xE6, 0xE1, 0x4B, 0xB7,
    0x6B, 0x99, 0x4C, 0xDA, 0x30, 0xB7, 0x68, 0x83, 0xDC, 0x07, 0xA3, 0x5C, 0x35, 0xC7, 0x34, 0x99,
    0xFB, 0x3E, 0xD2, 0xDF, 0x0B, 0xB7, 0x3E, 0xBB, 0x7D, 0x9A, 0x64, 0xE2, 0x42, 0x5B, 0xD3, 0xEE,
    0x02, 0xE6, 0xF4, 0xE7, 0xC1, 0x51, 0xD8, 0xD8, 0x74, 0x8B, 0x91, 0x7D, 0x65, 0xB8, 0x5A, 0x13,
    0x0B, 0x3E, 0x8E, 0x9C, 0x4A, 0x95, 0xC3, 0xD7, 0x75, 0x77, 0x95, 0xB6, 0x65, 0x91, 0x40, 0xD3,
    0x00, 0xFE, 0xFA, 0x89, 0xDC, 0xEE, 0xAE, 0x6E, 0x8A, 0x64, 0xA2, 0x3B, 0xA8, 0x0D, 0x65, 0x6F,
    0xA3, 0x08, 0xE1, 0x1E, 0x89, 0x1C, 0x2C, 0xC8, 0xCC, 0x85, 0x5F, 0xB4, 0x6F, 0x32, 0xBF, 0xB5,
    0xA5, 0xDB, 0x28, 0xA9, 0xA8, 0x4A, 0x66, 0xAB, 0x61, 0x43, 0xD6, 0x05, 0x1F, 0x61, 0xD5, 0xC5,
    0x22, 0xAE, 0xBD, 0x43, 0x8D, 0x1D, 0xDC, 0x9E, 0x8B, 0x78, 0xBB, 0x7C, 0x84, 0x91, 0x85, 0x64,
    0x7D, 0x97, 0x17, 0x55, 0x73, 0x17, 0x36, 0x37, 0x4C, 0x73, 0xE3, 0x70, 0x0F, 0xD2, 0x9A, 0x82,
    0xE2, 0x7F, 0x17, 0x94, 0x76, 0x69, 0x52, 0x7C, 0xC7, 0x08, 0xE8, 0xCC, 0x82, 0xB5, 0x73, 0x4C,
    0x2B, 0xDF, 0x10, 0x20, 0x68, 0x40, 0x68, 0x8E, 0xF0, 0x26, 0x77, 0xD8, 0xA2, 0x02, 0x11, 0x4C,
    0x30, 0x65, 0xCA, 0x67, 0xCE, 0x39, 0x61, 0xCA, 0x2E, 0xB5, 0x79, 0xE9, 0xC3, 0xFB, 0x81, 0xBC,
    0xDC, 0x87, 0x41, 0xF9, 0x5B, 0x15, 0xDA, 0x02, 0x18, 0xD5, 0xE5, 0xA6, 0xFE, 0x0F, 0x2D, 0x3C,
    0x6E, 0x9B, 0x79, 0x45, 0xD0, 0x2D, 0xBB, 0xE3, 0xF6, 0xDD, 0xEF, 0xD5, 0xB0, 0x7C, 0xAF, 0x9A,
    0x74, 0x7D, 0xE7, 0x50, 0xF7, 0x34, 0xA6, 0xDC, 0xE7, 0xE2, 0x42, 0x3D, 0x6A, 0x2D, 0x5A, 0x5E,
    0xB5, 0x99, 0xEF, 0x59, 0x8B, 0x72, 0x06, 0x6D, 0x39, 0x78, 0x9E, 0xFB, 0xF5, 0x9F, 0x6E, 0x4D,
    0x69, 0xB0, 0xF5, 0x70, 0x8B, 0x2E, 0xA8, 0x5F, 0xBB, 0xAA, 0x0C, 0x93, 0x99, 0xA1, 0x66, 0x78,
    0xF4, 0xD6, 0x4A, 0x2E, 0x13, 0xF5, 0x62, 0x2E, 0xE4, 0xCF, 0xB7, 0xD2, 0xD6, 0xB9, 0xBA, 0xFE,
    0x69, 0x56, 0x66, 0x34, 0x26, 0x25, 0x8D, 0x05, 0x2B, 0x66, 0x6E, 0x94, 0x68, 0x62, 0x98, 0x57,
    0x8B, 0x8A, 0x6D, 0xD9, 0x2A, 0xD0, 0x17, 0xD6, 0x70, 0xDD, 0x66, 0xD4, 0x9E, 0x81, 0x4C, 0x34,
    0x06, 0x71, 0xBB, 0x91, 0xAB, 0x21, 0xC2, 0xD8, 0x25, 0x64, 0x72, 0x34, 0x9A, 0x67, 0xE7, 0x2B,
    0x53, 0xAF, 0xB5, 0x3B, 0xDC, 0x39, 0xD6, 0x85, 0x32, 0xD5, 0x34, 0x21, 0x02, 0x18, 0xE1, 0xEC,
    0x78, 0xEC, 0x6E, 0xF1, 0x6A, 0xCA, 0xFF, 0x19, 0x8C, 0xEF, 0xCB, 0xDC, 0xFB, 0xC8, 0x12, 0xF5,
    0xB2, 0x1E, 0xC1, 0xC4, 0xD0, 0xB9, 0x85, 0x0B, 0x19, 0x5F, 0xDD, 0xB1, 0x6E, 0x08, 0xCC, 0x8D,
    0xBA, 0x1D, 0xE2, 0x3D, 0xE6, 0x75, 0xDD, 0x40, 0xAC, 0xEE, 0xB7, 0x30, 0x5B, 0xD6, 0x91, 0x93,
    0xA0, 0xF1, 0x02, 0x89, 0x72, 0xB9, 0xBD, 0x98, 0x14, 0x15, 0xFF, 0xBC, 0xD2, 0x6B, 0x4F, 0x36,
    0xF4, 0x60, 0x14, 0x86, 0x28, 0x2F, 0x3D, 0x7C, 0x77, 0xED, 0xC4, 0xC3, 0x13, 0x0B, 0x87, 0x9D,
    0xA3, 0xA1, 0xDB, 0x2D, 0x33, 0xB7, 0xFB, 0xFC, 0x6D, 0x18, 0x8E, 0xCB, 0x7C, 0x7A, 0xCE, 0x44,
    0x77, 0xF9, 0x09, 0x9A, 0x82, 0x8A, 0x8E, 0xBF, 0xC4, 0xC4, 0x49, 0x8A, 0xF8, 0xE8, 0xB6, 0x65,
    0xE4, 0x3D, 0x23, 0x42, 0x2B, 0xDD, 0x16, 0x50, 0x7B, 0x56, 0xAC, 0xF0, 0x57, 0xCE, 0x8A, 0x61,
    0xC4, 0xFB, 0x28, 0xE6, 0x3B, 0x96, 0x21, 0x4A, 0x8E, 0x5E, 0xAC, 0x49, 0x7D, 0x9B, 0x94, 0x3D,
    0x8B, 0xD9, 0x63, 0x7C, 0x5B, 0x27, 0x6D, 0xF0, 0xF5, 0x2B, 0x51, 0xB5, 0xCA, 0xE0, 0x1E, 0x27,
    0x0E, 0xBB, 0xD9, 0x38, 0x92, 0xAB, 0x22, 0x7F, 0x7B, 0x22, 0xAC, 0xF0, 0x8E, 0xF7, 0x99, 0x75,
    0x16, 0x79, 0x65, 0x79, 0x22, 0xEC, 0x5C, 0xF5, 0xE0, 0x7C, 0x27, 0xE7, 0x44, 0xFC, 0x47, 0x4C,
    0x86, 0x9F, 0xD0, 0xAA, 0x2B, 0xF9, 0x3E, 0xC3, 0xFF, 0x48, 0xF1, 0xCB, 0xDE, 0x95, 0x51, 0x8B,
    0xCB, 0x8D, 0xD5, 0x4E, 0x01, 0x6F, 0xC3, 0x7A, 0xFE, 0x16, 0xE5, 0x9D, 0x1E, 0xA3, 0x57, 0x0C,
    0x5F, 0x79, 0x31, 0x2A, 0x52, 0x98, 0xDE, 0xFB, 0xEB, 0x02, 0xA6, 0xD3, 0x70, 0x4F, 0x15, 0xA6,
    0xBF, 0x71, 0x75, 0x14, 0xF3, 0x63, 0xFF, 0xAE, 0x0C, 0x89, 0x08, 0xE2, 0xC2, 0x9B, 0xC2, 0x8A,
    0x4E, 0x6E, 0x48, 0x94, 0xFE, 0xF9, 0x42, 0x14, 0x72, 0x39, 0x82, 0xD6, 0xDD, 0x2E, 0x7A, 0xB0,
    0x84, 0x77, 0x0B, 0x12, 0x71, 0xE5, 0xAA, 0x01, 0x87, 0xE1, 0xA4, 0xAC, 0x24, 0xE6, 0xA9, 0xC9,
    0x90, 0x24, 0xA7, 0x5B, 0xB1, 0x42, 0xC9, 0x85, 0xA2, 0xD3, 0xEB, 0x18, 0xB8, 0x97, 0xDA, 0xD0,
    0x4F, 0xDD, 0x5F, 0x6C, 0xB0, 0x15, 0x1D, 0xD4, 0x54, 0x12, 0x1C, 0x4B, 0x97, 0xBD, 0x79, 0xA1,
    0x03, 0x4C, 0x0A, 0x1D, 0xDB, 0x49, 0x99, 0xBB, 0x9D, 0x1C, 0xAF, 0x3E, 0x70, 0xFB, 0x79, 0xA5,
    0x6E, 0x93, 0x49, 0x9C, 0x86, 0x8F, 0x6E, 0xCB, 0x92, 0x0B, 0x04, 0x21, 0xFE, 0x14, 0x68, 0x2B,
    0x99, 0x38, 0x95, 0x00, 0x5B, 0x06, 0x15, 0x71, 0x68, 0x85, 0x77, 0xE1, 0xA5, 0x07, 0x15, 0xFC,
    0x1B, 0x2A, 0x1D, 0xF0, 0xA4, 0x25, 0xEE, 0x4D, 0xA3, 0xA7, 0x7D, 0xBC, 0x7A, 0x0C, 0x40, 0x1F,
    0x96, 0x7E, 0xB5, 0x2D, 0x3C, 0x47, 0x10, 0x54, 0x7D, 0x88, 0x83, 0x7B, 0xC9, 0x54, 0x30, 0x7C,
    0xFC, 0x24, 0x49, 0x07, 0xE0, 0x02, 0xEF, 0x64, 0xE0, 0xA4, 0xE1, 0xBB, 0x84, 0x9D, 0xBD, 0x54,
    0x03, 0xE8, 0x83, 0x44, 0x42, 0x1E, 0xFF, 0x1C, 0x18, 0x77, 0x18, 0xD4, 0xF4, 0xC5, 0xFF, 0x0F,
    0xEF, 0xDB, 0xEE, 0x88, 0x68, 0x0F, 0xEE, 0xE8, 0x9B, 0x89, 0x5B, 0x82, 0xB6, 0x75, 0xFA, 0x3C,
    0xF9, 0xC6, 0xC4, 0x26, 0xB3, 0x87, 0x4C, 0x0F, 0x69, 0x6A, 0xD3, 0xDB, 0x75, 0x86, 0xC5, 0x39,
    0xB3, 0xD8, 0x65, 0x33, 0xCC, 0xFB, 0x2A, 0xEB, 0x58, 0x91, 0x85, 0x57, 0x12, 0x4A, 0xAF, 0x5F,
    0xDB, 0x4C, 0xD5, 0x85, 0x08, 0xA7, 0xF5, 0x6C, 0x92, 0xA1, 0x5D, 0x62, 0x08, 0x0B, 0x2B, 0x84,
    0x20, 0x36, 0x8B, 0xF7, 0x21, 0x1A, 0x18, 0x7E, 0x3F, 0x4D, 0x52, 0x7C, 0xE7, 0xCE, 0x24, 0x2A,
    0x31, 0xF8, 0x0D, 0xCB, 0x7E, 0x38, 0xD9, 0x86, 0x98, 0xDB, 0x41, 0x39, 0x66, 0x7A, 0x8B, 0x20,
    0xC2, 0x9F, 0xD6, 0x7E, 0x05, 0x3E, 0x8F, 0xA6, 0xF2, 0x10, 0x6C, 0xCE, 0x2B, 0x39, 0xE6, 0x86,
    0x7D, 0xA9, 0xB8, 0x04, 0xE0, 0x82, 0x67, 0x2B, 0x08, 0x81, 0x27, 0xCA, 0xBA, 0xC6, 0x12, 0x7B,
    0xDD, 0x2C, 0xD2, 0x04, 0x50, 0xEF, 0x13, 0x3C, 0x1A, 0x10, 0xEA, 0x4E, 0x75, 0xC3, 0xA0, 0xBB,
    0x0E, 0x38, 0x8C, 0x43, 0x9D, 0xAA, 0x29, 0xA6, 0x2A, 0x94, 0xAF, 0xA7, 0xB0, 0x92, 0x0C, 0x72,
    0x19, 0x9E, 0x79, 0x3B, 0x70, 0x38, 0x5E, 0x0E, 0xE9, 0x6F, 0x0D, 0x75, 0xA2, 0x4D, 0xC5, 0x5F,
    0x53, 0x43, 0xB6, 0xEB, 0xC3, 0x7B, 0x6A, 0x54, 0x80, 0x25, 0xDE, 0x1E, 0xF9, 0xA3, 0xEF, 0x96,
    0x01, 0xA6, 0x83, 0x57, 0x73, 0xD7, 0x72, 0xB2, 0xB6, 0x79, 0x7E, 0xD0, 0x9E, 0xD8, 0x4D, 0x52,
    0xD3, 0x9E, 0xD7, 0x1D, 0x70, 0x3A, 0xE9, 0x99, 0x5D, 0xAA, 0x17, 0x18, 0x47, 0x77, 0x19, 0xFD,
    0x29, 0x07, 0x82, 0x0D, 0x70, 0x1E, 0x40, 0xFB, 0x5C, 0x4A, 0x86, 0xF3, 0x32, 0xD1, 0x54, 0xC6,
    0xE2, 0xF0, 0x87, 0x82, 0xB8, 0x60, 0xDA, 0x05, 0x59, 0x04, 0xDF, 0xED, 0x69, 0xD8, 0x2E, 0x95,
    0x7D, 0x9B, 0x02, 0x69, 0x5C, 0x9C, 0x4F, 0x5C, 0xCC, 0x85, 0x1F, 0xFB, 0xAC, 0xAD, 0x26, 0xF3,
    0x4D, 0xAF, 0x3C, 0x39, 0xD4, 0x97, 0xA6, 0x44, 0xD9, 0xE4, 0x39, 0x92, 0xA4, 0xE8, 0xCE, 0xA3,
    0x50, 0x93, 0xDE, 0x54, 0xD6, 0xE3, 0x19, 0xCD, 0x15, 0xD9, 0x74, 0x49, 0x5A, 0x04, 0xEB, 0x2D,
    0x34, 0x11, 0xAD, 0x9F, 0xE4, 0xCC, 0xCF, 0xFE, 0x70, 0x04, 0xA8, 0x43, 0x78, 0x59, 0x28, 0xD1,
    0x30, 0x87, 0x18, 0x8D, 0x75, 0xA3, 0x76, 0x93, 0xEC, 0xCD, 0x95, 0x83, 0xEB, 0x84, 0xC0, 0x28,
    0x2F, 0xDE, 0xDA, 0x2A, 0x5C, 0x0B, 0x87, 0xAE, 0xF1, 0x76, 0xEB, 0x5A, 0x5B, 0x36, 0x4E, 0x2E,
    0xEE, 0x39, 0x76, 0x7B, 0x6D, 0x44, 0xD2, 0xC3, 0x5B, 0xB7, 0x52, 0x66, 0xA1, 0x5C, 0x26, 0x6A,
    0x67, 0x11, 0x34, 0x93, 0x2B, 0xFF, 0xD1, 0xE3, 0x17, 0x97, 0xA6, 0x82, 0x6B, 0xED, 0x29, 0x02,
    0x93, 0x75, 0xC7, 0xC3, 0xCF, 0x5D, 0x7C, 0x3D, 0xE9, 0xE4, 0x4D, 0x99, 0x2F, 0x18, 0xE8, 0xA9,
    0x3B, 0x32, 0x18, 0x2D, 0x18, 0xBC, 0x74, 0x1D, 0x20, 0x1A, 0xD2, 0x24, 0x55, 0x58, 0xB6, 0xD1,
    0x50, 0xDE, 0x1E, 0xD0, 0x3D, 0x67, 0x3D, 0xFC, 0x0F, 0xBD, 0x50, 0xB1, 0x6D, 0xC3, 0x30, 0x10,
    0x3C, 0xC9, 0x09, 0x5C, 0xA8, 0xA0, 0x0B, 0x03, 0xE9, 0xC2, 0xC6, 0x75, 0xB4, 0x40, 0x00, 0x79,
    0x88, 0xEC, 0xA1, 0x09, 0x12, 0x65, 0x84, 0x34, 0x99, 0xC2, 0x33, 0xD8, 0xD6, 0x08, 0x2C, 0x32,
    0x40, 0x46, 0x50, 0x21, 0x03, 0x32, 0x40, 0xE9, 0x72, 0x2F, 0xC9, 0x76, 0xE7, 0x32, 0x0F, 0x1E,
    0xF1, 0x7C, 0x3E, 0xEF, 0xF8, 0x07, 0x28, 0x4A, 0x7E, 0xA5, 0x64, 0x74, 0xC3, 0xAE, 0xF3, 0x01,
    0x9B, 0x62, 0x0B, 0x14, 0x98, 0xA1, 0x3C, 0xAF, 0x01, 0xD7, 0x02, 0x4B, 0x7E, 0x02, 0x3C, 0x03,
    0xDE, 0x92, 0x63, 0xA3, 0x4A, 0x54, 0x4B, 0x2F, 0x1C, 0x84, 0x8F, 0x19, 0xFB, 0x15, 0x92, 0x58,
    0x7D, 0x97, 0x6D, 0x45, 0x06, 0xCF, 0x01, 0x78, 0xC4, 0x14, 0xCB, 0x5F, 0x21, 0x00, 0x99, 0x11,
    0x8A, 0xF8, 0x59, 0xB5, 0x87, 0xE9, 0x2A, 0x51, 0x9F, 0x23, 0xEB, 0xE2, 0xA7, 0xDC, 0x16, 0x33,
    0xD1, 0xA8, 0xAF, 0x76, 0x27, 0x85, 0x94, 0x7A, 0x9B, 0x0F, 0xD6, 0x28, 0x6D, 0x2F, 0x82, 0x2C,
    0x5C, 0xC8, 0xDE, 0x51, 0xD6, 0xD2, 0x42, 0xCE, 0x0E, 0x58, 0xCF, 0x5A, 0xCE, 0x34, 0xAC, 0x55,
    0xF9, 0x8B, 0xF0, 0x2A, 0xAC, 0xF4, 0x6B, 0x92, 0xCD, 0x6D, 0x03, 0x6C, 0x82, 0x7F, 0xD9, 0x6E,
    0xB1, 0xBF, 0xD6, 0x3A, 0x9B, 0x5C, 0x9F, 0x40, 0x1A, 0x2C, 0x93, 0x25, 0x68, 0x6C, 0xA9, 0xB6,
    0x68, 0x64, 0x73, 0xAC, 0x18, 0x9F, 0x4E, 0x6F, 0x8B, 0xF1, 0x78, 0x6F, 0xB5, 0x48, 0x64, 0x12,
    0x7B, 0xE4, 0xFD, 0x44, 0x63, 0x1E, 0xCB, 0x02, 0xB9, 0xEC, 0xC7, 0xD9, 0xD7, 0xF8, 0x03, 0x0D,
    0x8A, 0xA1, 0x4E, 0xC4, 0x40, 0x14, 0x45, 0xEF, 0x74, 0x02, 0x23, 0x48, 0x78, 0x08, 0x36, 0x01,
    0x04, 0x35, 0x28, 0x12, 0x3A, 0x16, 0x51, 0x3A, 0xF3, 0x09, 0x18, 0xFE, 0x60, 0x0D, 0x0E, 0x81,
    0xA8, 0xE8, 0xA6, 0xF3, 0x29, 0x15, 0xAB, 0xAA, 0x56, 0xAC, 0xD8, 0x6C, 0x76, 0xCB, 0x24, 0xFC,
    0x40, 0x1D, 0xB6, 0x9F, 0x30, 0x62, 0x44, 0x45, 0x93, 0xC7, 0xDC, 0x1C, 0x73, 0x4E, 0xEE, 0x33,
    0x8C, 0x23, 0x2F, 0x03, 0x66, 0x94, 0x62, 0xAB, 0x22, 0x8D, 0xDA, 0x55, 0xD8, 0x03, 0x9F, 0x00,
    0x43, 0xB2, 0xA7, 0xBF, 0xA0, 0xB1, 0xD4, 0x78, 0x11, 0xF6, 0x22, 0x8F, 0x64, 0xF8, 0x5C, 0xEB,
    0xE5, 0x2B, 0xEB, 0xFA, 0xBE, 0x63, 0x0E, 0x3F, 0x1C, 0x9E, 0x70, 0x57, 0xA2, 0xD4, 0x7D, 0x24,
    0x9E, 0xC4, 0xD1, 0xDE, 0x0E, 0xC3, 0x06, 0x69, 0x8D, 0x1C, 0xCF, 0x6A, 0x6A, 0xA4, 0x07, 0xF2,
    0x58, 0x6D, 0xBE, 0x1F, 0x77, 0xD7, 0x75, 0x61, 0x96, 0xCB, 0x0E, 0xDB, 0x07, 0x2B, 0xA3, 0xB1,
    0x6A, 0x1A, 0x40, 0x7E, 0x86, 0xCE, 0x26, 0xBC, 0x4A, 0x87, 0x35, 0xEE, 0x2B, 0x9C, 0xE8, 0x37,
    0x28, 0xF6, 0x82, 0x2D, 0x06, 0x64, 0x5E, 0xF9, 0x2B, 0x4F, 0x2E, 0xB7, 0x06, 0x06, 0x2D, 0x56,
    0xE9, 0x9F, 0x0C, 0x05, 0x4A, 0xDC, 0x40, 0x7A, 0xE5, 0x28, 0xE2, 0x84, 0x37, 0x34, 0xED, 0x6C,
    0x46, 0x01, 0xB2, 0x05, 0x1A, 0x1C, 0x52, 0x6A, 0x3B, 0x1D, 0x84, 0x5D, 0x7D, 0xBC, 0xB7, 0x1C,
    0x12, 0xFF, 0xBD, 0x59, 0x3D, 0x8C, 0xDC, 0xC6, 0x15, 0x7E, 0x24, 0x75, 0x4B, 0xC0, 0x2C, 0xA8,
    0x00, 0x77, 0x0A, 0xA0, 0x83, 0xC3, 0x26, 0x45, 0x10, 0x04, 0x62, 0x9B, 0x00, 0xBA, 0x1D, 0xDA,
    0x02, 0xE2, 0xC2, 0x45, 0xB6, 0x38, 0x25, 0x80, 0x53, 0xA4, 0x51, 0x61, 0x39, 0x40, 0xD4, 0xA4,
    0x48, 0x00, 0x1D, 0xC9, 0x48, 0x85, 0x0A, 0x15, 0x3E, 0x04, 0x4A, 0xAF, 0x42, 0x06, 0x14, 0xA5,
    0x50, 0xE3, 0xC2, 0x09, 0x96, 0xBB, 0x4C, 0x54, 0xB8, 0x70, 0x71, 0x34, 0x92, 0x2E, 0x85, 0x99,
    0xF8, 0x80, 0x24, 0x30, 0x10, 0xD3, 0x31, 0x63, 0x53, 0xD2, 0xEC, 0x4E, 0xBE, 0x6F, 0xC8, 0x3B,
    0x9D, 0xE4, 0xD3, 0xCF, 0xC5, 0x3F, 0xBB, 0x7C, 0x6F, 0x6E, 0xC9, 0xE1, 0xF0, 0xCD, 0xFB, 0xFD,
    0x1E, 0x4F, 0x4E, 0x6C, 0x8B, 0x6B, 0x4C, 0x12, 0x19, 0x53, 0xAB, 0x3C, 0x68, 0x67, 0xE2, 0xE8,
    0x85, 0x88, 0x9E, 0x27, 0x52, 0xAC, 0xB7, 0x52, 0xB8, 0x9D, 0x14, 0x51, 0x25, 0x85, 0x12, 0x29,
    0xD2, 0xA7, 0xD0, 0x4A, 0x22, 0x13, 0xD5, 0x3A, 0x9D, 0xD2, 0x4E, 0x27, 0xA4, 0x69, 0x3F, 0xBA,
    0x38, 0xE7, 0x37, 0x4E, 0x17, 0x96, 0x3D, 0x45, 0xF9, 0xA3, 0xE4, 0xB6, 0x61, 0xE9, 0xB5, 0x41,
    0x1B, 0x35, 0x9E, 0x31, 0x95, 0xCC, 0x97, 0x22, 0x4E, 0x22, 0xAB, 0x22, 0x93, 0x69, 0xE8, 0x74,
    0x69, 0x86, 0x35, 0x8D, 0xD3, 0x8D, 0x52, 0xAC, 0x57, 0x38, 0x9D, 0xA3, 0x87, 0xF5, 0xAA, 0xC7,
    0xAD, 0xC7, 0xF3, 0x9F, 0x5D, 0x4F, 0x4E, 0xDC, 0xE0, 0x5E, 0xCB, 0xC0, 0x98, 0x26, 0xAA, 0x7D,
    0xAD, 0x12, 0x59, 0x60, 0x5F, 0xE9, 0x18, 0x04, 0xF9, 0x95, 0xA5, 0xB8, 0x56, 0x29, 0x54, 0x91,
    0xDD, 0x9D, 0xA8, 0x2C, 0x17, 0x95, 0x49, 0x4F, 0xE9, 0x23, 0xE4, 0xDC, 0x18, 0xE5, 0xA1, 0xC9,
    0x20, 0x97, 0x59, 0x28, 0xAF, 0xCE, 0x52, 0xB7, 0xFA, 0xCC, 0x9C, 0x67, 0x5D, 0x0B, 0xFB, 0x5C,
    0x91, 0x69, 0x28, 0xB1, 0xA4, 0x19, 0x98, 0x32, 0x60, 0xA3, 0x14, 0x4C, 0x0A, 0x30, 0x58, 0x20,
    0x16, 0xBF, 0x01, 0x0B, 0x4B, 0xB0, 0x28, 0x27, 0x4B, 0xC0, 0xE2, 0x07, 0x0C, 0x8B, 0x4B, 0x5C,
    0x92, 0x35, 0x32, 0x97, 0xB8, 0xF8, 0xFE, 0x52, 0x62, 0x65, 0xB4, 0xC4, 0x81, 0xA9, 0x45, 0xA8,
    0xC8, 0x4D, 0x67, 0x02, 0xAB, 0x06, 0x26, 0x91, 0xD4, 0x37, 0x0D, 0x66, 0x06, 0x1D, 0x98, 0xA3,
    0xB9, 0xC0, 0x8C, 0x2B, 0xAB, 0x9E, 0x05, 0x15, 0x98, 0xCF, 0x09, 0x1E, 0x99, 0xDB, 0x72, 0x56,
    0x27, 0x10, 0x53, 0x0B, 0xFC, 0xA2, 0xC0, 0x1D, 0x58, 0xA1, 0x85, 0xD4, 0x73, 0xAC, 0xAC, 0x4C,
    0x2E, 0x12, 0x75, 0xD0, 0xEE, 0x6B, 0x89, 0x64, 0x66, 0x21, 0x73, 0xB8, 0xD2, 0x9B, 0x72, 0xA1,
    0x4A, 0x24, 0x68, 0x84, 0x4B, 0x70, 0x05, 0x6C, 0x61, 0x6D, 0xD3, 0xE9, 0xE2, 0xAE, 0x27, 0xB1,
    0x84, 0xF3, 0x1D, 0xAE, 0x5B, 0x0A, 0x2B, 0x59, 0xCC, 0x4B, 0x31, 0x46, 0xC4, 0xEC, 0x8A, 0xBC,
    0xB2, 0x2D, 0x70, 0xC7, 0x04, 0xAA, 0xAD, 0x37, 0x24, 0x68, 0x8F, 0x8B, 0x8B, 0x87, 0x0A, 0xA9,
    0x20, 0xAD, 0x1D, 0xEE, 0x7E, 0x30, 0xA5, 0xB3, 0x50, 0x89, 0xB7, 0x88, 0x77, 0x2F, 0x14, 0xA1,
    0x31, 0x1B, 0xAE, 0x69, 0x37, 0xA0, 0x58, 0xE9, 0xDD, 0x52, 0xB4, 0xD2, 0x02, 0x77, 0x84, 0x3A,
    0xA7, 0xEB, 0x0D, 0x7E, 0x95, 0x6E, 0x1B, 0x37, 0x7E, 0xE3, 0xC1, 0xF5, 0xE8, 0x7E, 0x47, 0x72,
    0xCB, 0x55, 0x58, 0x4B, 0xC3, 0x58, 0xBA, 0x77, 0x4B, 0xAC, 0x57, 0xA8, 0xD2, 0xD1, 0xEB, 0x8D,
    0xD7, 0xB8, 0x83, 0x5B, 0x8A, 0x0E, 0x73, 0xD1, 0xD1, 0x40, 0xFC, 0xDB, 0xBA, 0x7F, 0xE5, 0x76,
    0x41, 0xBB, 0x3E, 0xAC, 0x07, 0x6B, 0xD0, 0x2D, 0x4F, 0x6E, 0x73, 0x5D, 0xCF, 0x60, 0x79, 0xBF,
    0xC6, 0xCE, 0x4B, 0x0C, 0x2A, 0x8F, 0x1A, 0x0C, 0x33, 0xF1, 0x5A, 0x0C, 0x0B, 0xDA, 0xC0, 0xAF,
    0xE7, 0xB9, 0x1D, 0xD6, 0x3B, 0x3B, 0xB8, 0xDA, 0x0E, 0xE1, 0xAE, 0x1D, 0x54, 0xD2, 0x0F, 0xB2,
    0x37, 0xE8, 0xFD, 0xA1, 0xA2, 0x66, 0x60, 0x59, 0x0C, 0x06, 0x56, 0xC6, 0x70, 0x7F, 0x37, 0x2B,
    0x55, 0xE7, 0x7C, 0x02, 0x2D, 0x87, 0x9D, 0xD3, 0x64, 0xB0, 0x6C, 0xD2, 0x87, 0xC8, 0xC9, 0xC9,
    0xBE, 0x2C, 0x41, 0x65, 0x65, 0xC1, 0x7D, 0x94, 0x25, 0xA8, 0x66, 0xB4, 0x67, 0x50, 0x2D, 0x68,
    0xD2, 0xA0, 0xB2, 0xB2, 0x04, 0x95, 0x95, 0x25, 0xA8, 0xAC, 0x2C, 0x41, 0x65, 0x65, 0xC1, 0x0D,
    0x49, 0x3F, 0xC8, 0x83, 0x21, 0x3C, 0x30, 0xC0, 0xE9, 0x30, 0xC0, 0x9D, 0x32, 0x0E, 0xF3, 0x0F,
    0x4C, 0xA5, 0xE0, 0x8C, 0xE6, 0xAF, 0x55, 0xD8, 0xC9, 0x68, 0x19, 0x94, 0x94, 0x85, 0xDE, 0xC8,
    0x4F, 0xC4, 0xE1, 0x9C, 0x64, 0x3C, 0x95, 0x51, 0x2A, 0x0E, 0x1D, 0x87, 0xD1, 0x1F, 0x28, 0xF2,
    0x79, 0xFC, 0x15, 0x9B, 0x16, 0x3B, 0xC3, 0x45, 0xEF, 0xAE, 0xCC, 0xF3, 0xA0, 0xC6, 0x4D, 0x70,
    0xE3, 0xB0, 0x0A, 0xF8, 0x74, 0x07, 0x67, 0x2A, 0x04, 0x07, 0xD8, 0x32, 0x81, 0xA0, 0x3C, 0x67,
    0xF7, 0xF1, 0x58, 0xA6, 0xC8, 0x32, 0x6E, 0xFC, 0x18, 0x95, 0x20, 0x96, 0x45, 0xCB, 0x97, 0x69,
    0x30, 0x58, 0xCD, 0xFC, 0xD0, 0x60, 0xBB, 0xD8, 0x82, 0x83, 0x6C, 0xB2, 0xFD, 0xD5, 0x49, 0xF0,
    0xB3, 0xE4, 0xE5, 0xCA, 0x35, 0xEF, 0x7F, 0x50, 0x79, 0xF7, 0x20, 0x86, 0x5F, 0xA7, 0xAA, 0x1A,
    0xE5, 0xDF, 0x1C, 0xC1, 0x77, 0x64, 0x0D, 0xE1, 0xA7, 0x32, 0x73, 0x6F, 0x61, 0x8C, 0x69, 0x5B,
    0xC9, 0xCA, 0x04, 0xCF, 0xEE, 0xC3, 0xAF, 0x0F, 0xC1, 0xB5, 0x4D, 0xB7, 0x55, 0x36, 0xFC, 0xDC,
    0x21, 0xF4, 0xF6, 0xC2, 0xCF, 0x3F, 0x10, 0x7E, 0xCB, 0x3E, 0xFC, 0xFA, 0xCF, 0x64, 0xB4, 0xFD,
    0xB5, 0x56, 0xE9, 0xBB, 0x6D, 0x36, 0x37, 0xED, 0x34, 0x7C, 0xBD, 0x7D, 0x75, 0xE4, 0x5E, 0x5F,
    0x3D, 0xE6, 0x5C, 0x93, 0xE9, 0x37, 0xD4, 0x12, 0x09, 0xD3, 0x98, 0x5C, 0x99, 0x36, 0x2E, 0x47,
    0x59, 0x0E, 0x5B, 0x31, 0x87, 0xC0, 0xB0, 0x88, 0x97, 0x06, 0xCC, 0xAF, 0xC1, 0xA8, 0x81, 0x81,
    0x95, 0xCF, 0xC6, 0xE4, 0xDC, 0x08, 0x36, 0x9D, 0x04, 0x26, 0x6B, 0x21, 0x74, 0x6C, 0x90, 0xC1,
    0x20, 0xF7, 0x99, 0x9A, 0x2E, 0x97, 0xBA, 0x65, 0x8A, 0x01, 0x19, 0x80, 0xC3, 0xB4, 0x1F, 0xF4,
    0xD3, 0x87, 0x62, 0x7F, 0xC8, 0xB8, 0x0A, 0x86, 0xC4, 0x6B, 0x90, 0xF9, 0x33, 0x48, 0x1A, 0xEF,
    0x4A, 0xDA, 0x46, 0x75, 0x60, 0xAA, 0x8B, 0x73, 0x53, 0xBA, 0xA6, 0xBE, 0x18, 0x19, 0xE6, 0x62,
    0xC8, 0xF0, 0xE5, 0x45, 0xC2, 0xC3, 0x01, 0x11, 0x31, 0x04, 0xB4, 0x28, 0x0E, 0xE6, 0x85, 0xFB,
    0x7D, 0x24, 0xBC, 0xCF, 0x48, 0x08, 0xCC, 0x99, 0x8A, 0x91, 0x00, 0x31, 0xE4, 0xC4, 0x35, 0x5B,
    0xB8, 0x90, 0xD5, 0xDA, 0x18, 0x71, 0xCF, 0xC2, 0x85, 0x9D, 0xA4, 0xD8, 0x14, 0x92, 0xDA, 0xE1,
    0x54, 0x0C, 0xC5, 0x05, 0x73, 0x55, 0xBC, 0x9B, 0x28, 0x6C, 0x52, 0xB9, 0x20, 0xBB, 0xBD, 0x73,
    0x70, 0x1B, 0x68, 0x79, 0xC1, 0x3C, 0x6B, 0x44, 0x9D, 0x81, 0x42, 0x52, 0xA7, 0x8E, 0x13, 0xDC,
    0x14, 0x25, 0xD0, 0x6D, 0x94, 0xEB, 0xC7, 0xB1, 0x62, 0x9F, 0x65, 0x64, 0x58, 0x3E, 0xCA, 0xA3,
    0x5D, 0x30, 0x94, 0x1A, 0x64, 0x4D, 0x32, 0xFB, 0x08, 0x79, 0x18, 0x58, 0x74, 0x03, 0xB0, 0x58,
    0xCC, 0x73, 0x00, 0x0B, 0x94, 0x71, 0x84, 0x50, 0x11, 0xEE, 0xF6, 0xC0, 0xE2, 0xB1, 0x84, 0x79,
    0xD0, 0x44, 0x41, 0x35, 0x1C, 0x77, 0xDE, 0x90, 0xD3, 0xB1, 0xA9, 0x4E, 0x43, 0x07, 0xAA, 0xF5,
    0x90, 0xBF, 0x91, 0xF1, 0x13, 0x3B, 0x2F, 0x3D, 0x2A, 0xC9, 0x2B, 0xD7, 0x04, 0xBA, 0x2C, 0x51,
    0x61, 0x60, 0x4B, 0xA7, 0x62, 0x69, 0x81, 0x6C, 0x32, 0xAF, 0x18, 0xCA, 0x89, 0x8C, 0x50, 0xC9,
    0xA0, 0x9A, 0x7C, 0x55, 0xB2, 0x7A, 0x0B, 0xD5, 0x70, 0x0B, 0x86, 0xDE, 0x82, 0xB5, 0xFA, 0xD1,
    0x6B, 0xB2, 0x24, 0x6A, 0x32, 0xDC, 0xBF, 0x4E, 0xE7, 0x58, 0xEB, 0x2B, 0x42, 0xDA, 0x83, 0x88,
    0x67, 0xA5, 0x19, 0x40, 0xC7, 0x52, 0x91, 0x12, 0x6F, 0x19, 0xEF, 0xFE, 0x64, 0x06, 0x79, 0xC6,
    0xAE, 0xE9, 0xC6, 0x54, 0xDE, 0xB0, 0x5E, 0x71, 0x14, 0x1A, 0x74, 0xA6, 0x55, 0xEE, 0xE8, 0x68,
    0x77, 0xBD, 0x05, 0xC8, 0xA9, 0x91, 0x92, 0xFA, 0x0A, 0x23, 0xB2, 0xB5, 0x57, 0x3D, 0x0F, 0xD2,
    0xEA, 0x11, 0x9F, 0xF1, 0xB4, 0xE7, 0x38, 0xD7, 0x21, 0x3D, 0xE0, 0x40, 0x98, 0x2B, 0xCB, 0xE4,
    0x10, 0xE6, 0x34, 0x60, 0x5E, 0x07, 0x16, 0xA0, 0x2A, 0xAA, 0x70, 0x16, 0xE6, 0x63, 0x15, 0xFD,
    0x20, 0x1F, 0x6F, 0x85, 0x3B, 0xF9, 0x58, 0x7B, 0x1F, 0xE6, 0xAA, 0x71, 0x91, 0x5A, 0x6A, 0x01,
    0x2B, 0x25, 0xA3, 0x87, 0x29, 0xDE, 0x0B, 0xBF, 0xE2, 0x02, 0x8F, 0x65, 0x78, 0x78, 0x98, 0x7F,
    0x79, 0x0F, 0x5F, 0x95, 0x63, 0xD8, 0xDC, 0x0C, 0x70, 0x28, 0xCA, 0x53, 0x51, 0x49, 0x9C, 0x28,
    0x5C, 0x27, 0x9F, 0xA3, 0xA2, 0x2A, 0xB9, 0x0F, 0x1E, 0xBF, 0xF0, 0x29, 0x02, 0x2C, 0xBA, 0xF4,
    0x71, 0x9D, 0x4A, 0x78, 0xF9, 0xEF, 0x4D, 0x21, 0xE1, 0x9D, 0x77, 0x91, 0xAB, 0xC2, 0xB7, 0xCB,
    0x4E, 0x4B, 0xF0, 0x4E, 0x39, 0x05, 0xDF, 0xC9, 0x2F, 0xA2, 0x42, 0xBF, 0x27, 0x1B, 0xAD, 0x78,
    0x88, 0x3D, 0xF0, 0xA5, 0x20, 0xAB, 0x78, 0x0B, 0x09, 0x1B, 0x22, 0x1D, 0x70, 0x66, 0x89, 0xDA,
    0x66, 0xE1, 0xBE, 0x0A, 0x0E, 0x3C, 0xB7, 0x05, 0xB1, 0xE7, 0xD6, 0xA8, 0xB1, 0x50, 0xAA, 0xD8,
    0x4A, 0xA5, 0xE0, 0xD6, 0x99, 0x1D, 0xE7, 0xC9, 0x18, 0xDC, 0x50, 0x4A, 0x48, 0xB5, 0x25, 0xB1,
    0xF3, 0x69, 0x35, 0x95, 0xE8, 0xC5, 0x8F, 0x6B, 0xF0, 0xCB, 0xEF, 0x37, 0x78, 0xC4, 0x95, 0x77,
    0xC9, 0xDF, 0x29, 0x5B, 0x68, 0x6A, 0x27, 0xEF, 0x90, 0xC5, 0x76, 0x92, 0x69, 0x4B, 0xA9, 0xB6,
    0x80, 0x3A, 0x20, 0x55, 0x43, 0xA9, 0x00, 0x26, 0x3D, 0x2D, 0x51, 0x6D, 0xA5, 0xAA, 0xC5, 0x16,
    0xAE, 0xAF, 0xA0, 0xE4, 0xF6, 0xFE, 0xAF, 0x98, 0xBB, 0x8E, 0x42, 0x40, 0xB6, 0x2A, 0x07, 0xA1,
    0x98, 0x8D, 0xEF, 0xFA, 0x7A, 0x23, 0x03, 0xFC, 0x0B, 0x90, 0xB5, 0xE5, 0xB8, 0xC8, 0x59, 0x59,
    0x0D, 0x4D, 0x0E, 0xB4, 0x96, 0x68, 0x20, 0x09, 0x0D, 0xE7, 0xB7, 0x34, 0xA3, 0x1F, 0xE3, 0x77,
    0x68, 0x44, 0x63, 0xD7, 0x3A, 0xFE, 0x8B, 0xE8, 0x6C, 0x38, 0xBF, 0x77, 0x1D, 0x55, 0xA3, 0x53,
    0xD5, 0x7A, 0x8B, 0xF8, 0xAC, 0x5D, 0xB3, 0x1C, 0x10, 0xDB, 0x35, 0x68, 0xC9, 0xE4, 0xAC, 0x0A,
    0x88, 0x03, 0x68, 0x9A, 0x49, 0x05, 0x42, 0xE0, 0x92, 0x42, 0x05, 0xC5, 0xB3, 0x90, 0xFB, 0x3A,
    0xE6, 0x10, 0x9C, 0x41, 0x69, 0xA5, 0xFA, 0xF6, 0xCB, 0xB1, 0x5F, 0x8F, 0x27, 0x17, 0xAA, 0xCC,
    0xDE, 0x8F, 0x3C, 0xB3, 0xF6, 0xB9, 0x73, 0xE5, 0xC2, 0xE6, 0x91, 0x4E, 0x96, 0xC8, 0x95, 0x4B,
    0xE4, 0xCA, 0xE2, 0xB0, 0x58, 0x07, 0x9D, 0x67, 0x03, 0xE4, 0xF7, 0x75, 0xA4, 0x09, 0x13, 0xAF,
    0x3B, 0xD6, 0xA3, 0xEA, 0xE9, 0xFE, 0x9C, 0x75, 0xB3, 0x80, 0x1C, 0x8B, 0xD0, 0xBC, 0xB1, 0x88,
    0x1F, 0x69, 0xFA, 0xEC, 0xB3, 0x70, 0x2E, 0x32, 0x55, 0xE1, 0x99, 0xBA, 0xB0, 0x72, 0x7F, 0xB1,
    0xBE, 0x50, 0x13, 0x3B, 0x34, 0x8A, 0x0C, 0xBE, 0x10, 0x36, 0x07, 0xC0, 0xCF, 0xE1, 0x6C, 0xB4,
    0xBD, 0xF2, 0x06, 0xF1, 0x20, 0x91, 0x99, 0x96, 0x89, 0x4B, 0x78, 0x98, 0x51, 0xA2, 0xBC, 0x8F,
    0x99, 0x7D, 0xAA, 0x06, 0x1A, 0x7E, 0x13, 0x54, 0xC2, 0x57, 0xD0, 0x2A, 0x7D, 0xCF, 0x67, 0xCF,
    0x82, 0x0E, 0x0B, 0x6B, 0xD8, 0x4A, 0x6B, 0xDB, 0x85, 0x13, 0x37, 0xD0, 0x13, 0xA0, 0x32, 0xA2,
    0xA6, 0xC1, 0x42, 0x6C, 0x15, 0x69, 0xDA, 0x85, 0xD8, 0xDA, 0xC1, 0x6E, 0x91, 0xD6, 0x56, 0x03,
    0x43, 0x93, 0x27, 0xEC, 0xF2, 0x84, 0x6D, 0x9E, 0xB0, 0xCF, 0xA3, 0x0C, 0x03, 0x4B, 0x0F, 0x61,
    0xF4, 0xEE, 0x43, 0x2F, 0xF4, 0xCC, 0x21, 0xF3, 0x90, 0x47, 0x52, 0x02, 0xF7, 0x14, 0x9D, 0x42,
    0x93, 0xBA, 0x64, 0xB2, 0x36, 0x9F, 0xD8, 0x29, 0x6A, 0x60, 0x29, 0x37, 0x0A, 0xF9, 0x76, 0x21,
    0x1F, 0xCC, 0x0A, 0xD7, 0x9A, 0xB3, 0x1F, 0x73, 0x0E, 0xEC, 0x23, 0xCA, 0x7D, 0x56, 0xF8, 0x90,
    0xFB, 0xA0, 0xC5, 0x65, 0x30, 0xB9, 0xB5, 0xB9, 0x35, 0x3A, 0x19, 0xCC, 0x4E, 0xFF, 0xC3, 0x14,
    0x18, 0x5E, 0x68, 0x79, 0x2E, 0x5F, 0x50, 0xA0, 0x81, 0xD9, 0x9F, 0x34, 0xBF, 0xD0, 0xFE, 0x62,
    0x1D, 0xC0, 0x7A, 0x00, 0x5B, 0x4B, 0xF4, 0x8A, 0xAD, 0xB2, 0x80, 0x46, 0x21, 0x1D, 0x42, 0x4D,
    0xE8, 0x59, 0x54, 0x78, 0x17, 0x31, 0xC9, 0x12, 0x7B, 0xBB, 0x51, 0x9D, 0xD7, 0x21, 0xA5, 0xA2,
    0x64, 0x80, 0x9E, 0x50, 0xEE, 0x1F, 0x4D, 0x78, 0xB1, 0x4D, 0x75, 0x73, 0x90, 0x0B, 0xD9, 0x56,
    0xC1, 0x1B, 0x4E, 0x1A, 0xD9, 0x76, 0x14, 0xDB, 0x18, 0xDB, 0xBA, 0xA6, 0x40, 0xE4, 0x73, 0xDB,
    0x2D, 0x1B, 0xEC, 0x2C, 0x76, 0xEE, 0x03, 0xAB, 0x44, 0x67, 0xFE, 0x51, 0x92, 0xFF, 0xF9, 0x8F,
    0x48, 0x72, 0x57, 0xEE, 0xFC, 0xAD, 0x95, 0xF0, 0xF5, 0x4B, 0xFF, 0x01, 0xDF, 0x49, 0x3E, 0x81,
    0xB3, 0xBD, 0x27, 0xF7, 0xC0, 0xFF, 0x2D, 0x68, 0x63, 0xE1, 0x03, 0x10, 0xCF, 0x23, 0x0A, 0x13,
    0xA8, 0x08, 0xDE, 0x61, 0x41, 0x2C, 0x1A, 0xD1, 0x09, 0x1C, 0x03, 0x6D, 0x0A, 0x3C, 0xE1, 0x97,
    0x54, 0x0B, 0x1B, 0x63, 0x36, 0x64, 0x4C, 0xD0, 0x10, 0xE0, 0xEC, 0xA6, 0x68, 0xF8, 0x9D, 0x25,
    0x28, 0x75, 0x20, 0xA7, 0x2B, 0x00, 0x13, 0x32, 0xCC, 0x55, 0x55, 0x5C, 0x41, 0xF3, 0x39, 0xA5,
    0xA7, 0x39, 0x88, 0xD4, 0xE5, 0x95, 0x24, 0x25, 0xB0, 0xC5, 0x9A, 0xED, 0x17, 0xB2, 0xE6, 0x79,
    0xE2, 0x65, 0x40, 0xD9, 0x25, 0x51, 0x2D, 0xA0, 0x09, 0x64, 0x4F, 0x07, 0x62, 0x23, 0x4F, 0xC4,
    0xCA, 0x70, 0xF7, 0xCC, 0xFD, 0x46, 0x4E, 0x9E, 0x69, 0x1E, 0xA4, 0xA1, 0xC3, 0x48, 0x2E, 0x5A,
    0xCF, 0x98, 0xD3, 0x6E, 0xE5, 0xCA, 0xAD, 0x5C, 0x0E, 0x7C, 0x7E, 0x61, 0x2F, 0xCD, 0xCE, 0xA2,
    0x2F, 0x2F, 0x91, 0x57, 0x4F, 0x31, 0xDF, 0x91, 0x7E, 0x73, 0x36, 0xC1, 0x86, 0xAA, 0x11, 0x08,
    0xD1, 0x98, 0x99, 0x72, 0x6E, 0x9A, 0xEB, 0x7E, 0x6B, 0xF7, 0xA3, 0x9F, 0xF1, 0xB0, 0x18, 0x05,
    0xA5, 0x50, 0xE4, 0x2D, 0x48, 0x20, 0xCD, 0x06, 0x58, 0x7B, 0x9A, 0xD1, 0xDC, 0xD9, 0x30, 0x7F,
    0x20, 0x85, 0x73, 0x3E, 0x61, 0x5A, 0x6D, 0x98, 0x76, 0x70, 0xE7, 0xB7, 0x1C, 0xE2, 0x36, 0xEB,
    0x0F, 0x56, 0x9A, 0xCF, 0xC7, 0xDC, 0x5B, 0xB7, 0x6E, 0xD2, 0x38, 0x8A, 0x9D, 0x47, 0xFF, 0x61,
    0x9C, 0x4C, 0x71, 0x5E, 0x3F, 0x38, 0x8F, 0xA6, 0x4F, 0x42, 0x8C, 0xDF, 0x79, 0xDE, 0xBD, 0x35,
    0x7D, 0x1E, 0xE7, 0xA7, 0x7C, 0x53, 0xD1, 0x4B, 0xD7, 0x5C, 0x24, 0xB9, 0xBF, 0xBB, 0xB7, 0x3F,
    0xFF, 0x94, 0xA8, 0x12, 0x09, 0xD1, 0x7E, 0x47, 0xF9, 0x5B, 0x4E, 0x63, 0xDC, 0x46, 0xB9, 0x4D,
    0x8C, 0xE3, 0x0A, 0x2C, 0x53, 0xB9, 0x33, 0x39, 0x85, 0x92, 0x6D, 0xF2, 0x79, 0x82, 0x78, 0x72,
    0x98, 0xDA, 0x72, 0x4B, 0xDF, 0xBE, 0x5D, 0x59, 0xCF, 0xCB, 0x18, 0xFB, 0xC1, 0xD5, 0x2E, 0x0D,
    0x7E, 0xA5, 0xD3, 0x20, 0x1F, 0x88, 0x7F, 0x5F, 0x6E, 0xB3, 0xDB, 0xA6, 0x62, 0x57, 0x8C, 0x39,
    0x75, 0x1A, 0x5C, 0xE1, 0xB5, 0x05, 0x28, 0x05, 0x65, 0x03, 0x2D, 0xD3, 0xE0, 0x92, 0xC6, 0xBC,
    0x16, 0x73, 0x30, 0xF7, 0x5F, 0xFB, 0xEB, 0x8B, 0x4F, 0xE0, 0xAA, 0x9F, 0xF8, 0x9D, 0x49, 0xD6,
    0xC4, 0x8D, 0x93, 0xAC, 0x02, 0xFA, 0xF0, 0x55, 0xD1, 0xFF, 0x4B, 0x33, 0xC4, 0x72, 0xD6, 0x44,
    0x3A, 0x6E, 0x02, 0xDA, 0x7A, 0x32, 0xBA, 0xF5, 0x5B, 0x88, 0x3D, 0x37, 0x4B, 0xA4, 0x71, 0x17,
    0x78, 0xC7, 0x7A, 0xCB, 0x70, 0x68, 0xC2, 0x8D, 0xFE, 0x78, 0x70, 0xF2, 0x09, 0x07, 0x2C, 0x81,
    0xE4, 0x9D, 0xD5, 0xD0, 0xDD, 0xFA, 0x2E, 0x34, 0x21, 0xE9, 0xDC, 0xF6, 0x92, 0x7D, 0x47, 0x19,
    0x31, 0x1F, 0x23, 0x27, 0xA1, 0xF0, 0xC0, 0xC1, 0x8F, 0x70, 0x10, 0x9D, 0xE5, 0x02, 0xFC, 0x70,
    0x4C, 0x4E, 0xDE, 0xBA, 0xA1, 0x4C, 0x87, 0x83, 0x10, 0x0C, 0xAB, 0xD9, 0x0A, 0x30, 0x1C, 0x99,
    0x4D, 0x50, 0xFD, 0x91, 0x3E, 0xC3, 0x91, 0x59, 0x3F, 0xE7, 0x2B, 0xB3, 0xE4, 0xC8, 0xD1, 0xE2,
    0xEC, 0x1D, 0x87, 0x5C, 0xBD, 0xE9, 0x5C, 0x7F, 0x2E, 0x09, 0x97, 0x30, 0x17, 0xFD, 0x2E, 0xA8,
    0x74, 0xEA, 0x97, 0x7A, 0x8B, 0x84, 0xCB, 0x7C, 0x7B, 0x67, 0x31, 0xFB, 0x35, 0xD1, 0x11, 0xEC,
    0xEA, 0x6B, 0xD9, 0x7B, 0xA3, 0x76, 0x54, 0xBA, 0x49, 0xF0, 0x69, 0x96, 0xB0, 0x1E, 0x7E, 0x75,
    0xB2, 0xD2, 0x9D, 0x3E, 0x95, 0x99, 0x22, 0x7A, 0x87, 0x1B, 0x42, 0xA6, 0xB2, 0x1F, 0x64, 0x35,
    0x14, 0xF1, 0x13, 0xD8, 0x14, 0xF4, 0x78, 0xEF, 0xA6, 0x62, 0x20, 0xE8, 0xD1, 0x9F, 0x00, 0x0C,
    0x10, 0x3E, 0x6A, 0xAB, 0x90, 0x0D, 0x7C, 0xC7, 0xB2, 0x31, 0x89, 0x6B, 0xD3, 0xF8, 0x8D, 0x8D,
    0x1D, 0xAF, 0xE6, 0xF1, 0xD3, 0x7B, 0xC8, 0x3D, 0xF2, 0xF5, 0xFF, 0xDA, 0x9F, 0x95, 0xAD, 0x01,
    0x86, 0x67, 0x16, 0x67, 0xF9, 0xF0, 0x57, 0xD9, 0x90, 0xAB, 0xF6, 0xAD, 0x8B, 0xCD, 0x46, 0x7B,
    0x3A, 0xEB, 0x90, 0x16, 0xCE, 0x3B, 0xC6, 0xAD, 0xB3, 0x72, 0x59, 0x36, 0x72, 0x1D, 0xE9, 0x70,
    0x62, 0x51, 0x14, 0xD3, 0x9D, 0xAA, 0xFC, 0x8E, 0x48, 0xAE, 0x08, 0xEB, 0x42, 0xAB, 0x6E, 0xAC,
    0xD5, 0x81, 0x6F, 0xDC, 0xA5, 0x45, 0x50, 0x17, 0x7C, 0x13, 0x15, 0x57, 0x41, 0xDF, 0xC1, 0xCC,
    0x07, 0x64, 0xB7, 0xB2, 0x29, 0x7D, 0x19, 0x65, 0xDD, 0x95, 0xB0, 0x85, 0xAA, 0x50, 0x0F, 0x16,
    0x7C, 0x4D, 0x9A, 0xEE, 0x17, 0xDE, 0xCF, 0x30, 0x54, 0x2A, 0xFB, 0x12, 0x15, 0xF0, 0xBE, 0x05,
    0xEC, 0x71, 0x6D, 0x3E, 0xC8, 0x08, 0xFE, 0x6C, 0x31, 0x5E, 0xDB, 0x17, 0x0C, 0xD9, 0x3B, 0x40,
    0x5E, 0x76, 0xD1, 0xE7, 0x89, 0x1E, 0xEF, 0x99, 0x05, 0x9A, 0x8B, 0xFF, 0x09, 0x18, 0x0A, 0xB3,
    0xB8, 0x9A, 0xF6, 0x65, 0x3D, 0x40, 0x4F, 0x10, 0xC1, 0xFD, 0xA2, 0xFE, 0xA5, 0xE3, 0xDA, 0xA1,
    0x49, 0x6B, 0x72, 0x4C, 0x94, 0xAF, 0x4D, 0xA2, 0x6C, 0x37, 0x1B, 0x5D, 0xBD, 0x5A, 0xA9, 0xE8,
    0xA5, 0x97, 0xC0, 0x12, 0xBF, 0x56, 0x61, 0x4E, 0xA6, 0xC1, 0x7C, 0x4D, 0x28, 0xB1, 0x49, 0x06,
    0xE0, 0x84, 0xAD, 0x84, 0x65, 0x64, 0x41, 0xD9, 0x5D, 0x67, 0x9E, 0xD8, 0xC2, 0x0F, 0x61, 0x69,
    0x05, 0x6E, 0x7E, 0x73, 0x25, 0xF1, 0x8C, 0x22, 0xDE, 0xD5, 0xD1, 0x9D, 0xA6, 0x88, 0x5F, 0xAC,
    0xB6, 0x1E, 0xD7, 0x47, 0xC7, 0x20, 0x04, 0x58, 0x0A, 0x6C, 0x95, 0x06, 0x08, 0x3C, 0x17, 0x44,
    0x44, 0x30, 0xAC, 0x34, 0xF8, 0x0C, 0x5C, 0x7B, 0xE5, 0xC7, 0x2D, 0x94, 0xCA, 0xB7, 0x9E, 0x79,
    0xD8, 0xF6, 0xF8, 0x2B, 0x26, 0x56, 0x16, 0x67, 0x1B, 0xC0, 0x01, 0xE0, 0x41, 0xD5, 0xCA, 0xEA,
    0x72, 0x8C, 0xF3, 0x63, 0x5C, 0xC7, 0xD9, 0xBB, 0xD9, 0x35, 0xCF, 0xD8, 0xEA, 0xBB, 0x90, 0xE7,
    0xF2, 0x4D, 0xB8, 0xD4, 0x54, 0x7E, 0xFE, 0x5D, 0x0D, 0xEA, 0x64, 0x7C, 0xFF, 0x29, 0xEB, 0xC5,
    0x4F, 0x5C, 0x8F, 0x22, 0x8E, 0x07, 0x2D, 0xC6, 0x74, 0xE8, 0x17, 0x36, 0x25, 0xBC, 0x8D, 0xB5,
    0x60, 0xB7, 0xA0, 0xF5, 0x5B, 0xBF, 0x72, 0x3A, 0x37, 0x79, 0x04, 0x1B, 0xF7, 0x64, 0xF7, 0xE4,
    0xE4, 0x6E, 0xE7, 0xB7, 0xC1, 0xC3, 0xFF, 0x5C, 0x90, 0xBD, 0x1A, 0xDF, 0xF7, 0x69, 0xFB, 0x1C,
    0xFA, 0x84, 0x25, 0x10, 0x99, 0x21, 0xD7, 0x47, 0xEF, 0x19, 0x5F, 0x7E, 0x97, 0x1D, 0xA8, 0x57,
    0x6A, 0xDB, 0x96, 0x3E, 0x95, 0x43, 0x42, 0x1D, 0xE5, 0x7C, 0x8B, 0xAC, 0x12, 0x68, 0x7A, 0xB9,
    0x14, 0xE8, 0x9A, 0xAF, 0xC6, 0xC0, 0xB7, 0x65, 0xD0, 0x77, 0xAF, 0xF1, 0x1E, 0xD6, 0x59, 0x06,
    0x41, 0x57, 0x7E, 0x84, 0xA8, 0xA4, 0x1B, 0x53, 0x4F, 0x42, 0x45, 0xF5, 0xAF, 0x53, 0xE3, 0xE4,
    0x80, 0x1B, 0x9D, 0x26, 0x9B, 0xED, 0xFB, 0x72, 0x2C, 0xCA, 0xA9, 0x62, 0x89, 0xEF, 0xD4, 0x31,
    0xD0, 0x20, 0x21, 0xC7, 0x72, 0xBE, 0x60, 0xA0, 0xF0, 0xEE, 0x7E, 0x9B, 0x7B, 0xDA, 0xDB, 0xB0,
    0xF0, 0x6B, 0x73, 0xB4, 0xF0, 0x4C, 0xD6, 0x85, 0x66, 0xB9, 0x1D, 0xDD, 0x69, 0x25, 0x7E, 0x91,
    0xFF, 0x31, 0xE0, 0xFF, 0x16, 0xA6, 0x16, 0xD1, 0xF6, 0x66, 0x60, 0x9B, 0x1C, 0x96, 0x31, 0x5F,
    0xA4, 0xC1, 0x29, 0x43, 0xA0, 0xFD, 0xC0, 0x40, 0xC5, 0x68, 0xB9, 0xEC, 0x6A, 0xC0, 0x30, 0x3D,
    0x8A, 0x71, 0x5B, 0xE2, 0x18, 0xB7, 0x25, 0x92, 0x21, 0xDE, 0x21, 0x27, 0x92, 0xF1, 0x06, 0x4E,
    0x44, 0x13, 0xB4, 0xC0, 0x34, 0xED, 0x05, 0x3A, 0x28, 0x30, 0x94, 0x67, 0x3E, 0x35, 0x9F, 0xB4,
    0x40, 0x36, 0x1F, 0xF1, 0x1F, 0x0D, 0x9C, 0xFF, 0x6C, 0xDC, 0x56, 0xEB, 0xDF, 0xF7, 0x3D, 0xB6,
    0xE9, 0xD1, 0xE6, 0x07, 0x4D, 0x0F, 0x02, 0x9A, 0xE6, 0xDC, 0x71, 0xF8, 0x72, 0xD3, 0x4D, 0xDF,
    0x94, 0x2D, 0xEF, 0x23, 0x24, 0x34, 0xEC, 0xE3, 0xD7, 0xCB, 0x0F, 0x89, 0xFF, 0xFD, 0x9D, 0x9D,
    0xF7, 0x88, 0xA9, 0xAE, 0xBE, 0xFD, 0x36, 0x61, 0x95, 0x7F, 0x29, 0x81, 0x72, 0xED, 0xEB, 0x68,
    0x79, 0xCD, 0x1A, 0xFC, 0x7F, 0x95, 0x90, 0xB1, 0x11, 0xC2, 0x20, 0x18, 0x46, 0x5F, 0x42, 0x41,
    0x91, 0x82, 0xDE, 0xC2, 0x8C, 0x90, 0x11, 0xC8, 0x14, 0xEE, 0xE0, 0x06, 0x36, 0x26, 0xD9, 0xC0,
    0x85, 0x34, 0x66, 0x84, 0x8C, 0x90, 0x0D, 0x4C, 0x61, 0x41, 0xC1, 0xA9, 0xDF, 0x5F, 0xE8, 0x79,
    0x76, 0xC2, 0xDD, 0x83, 0x83, 0x9F, 0x8F, 0x07, 0x6C, 0x5A, 0xA0, 0x9E, 0x84, 0x6A, 0x15, 0xCA,
    0xBB, 0xC0, 0xD9, 0xB0, 0xE5, 0xAB, 0x5D, 0xA0, 0x48, 0x3D, 0xB8, 0x35, 0xB6, 0x54, 0x4B, 0x98,
    0x08, 0x53, 0xB5, 0xD0, 0x0C, 0x6E, 0x25, 0x52, 0x26, 0x2B, 0xC8, 0xEA, 0x8C, 0x4E, 0x09, 0xD1,
    0x2B, 0xAB, 0x3E, 0xCD, 0x10, 0x6E, 0x03, 0xF8, 0xA7, 0x12, 0xDC, 0x43, 0x28, 0xB2, 0x85, 0xFD,
    0x83, 0xBD, 0x4D, 0x7A, 0x3E, 0x92, 0xB3, 0x49, 0x9A, 0x29, 0x87, 0x1F, 0xBF, 0x7A, 0xE8, 0xA0,
    0x69, 0xA3, 0xAE, 0xD7, 0x40, 0x27, 0x43, 0x2D, 0x0B, 0x19, 0xBF, 0x14, 0x49, 0xEA, 0x72, 0x2D,
    0xEF, 0x02, 0xC9, 0x62, 0xB2, 0xB6, 0x38, 0x06, 0xF9, 0x45, 0x95, 0xD3, 0xE8, 0x20, 0x61, 0x34,
    0xD8, 0xBD, 0xDE, 0x60, 0x6F, 0xC1, 0x0E, 0x28, 0xC1, 0x36, 0xE6, 0xB7, 0x86, 0x3E, 0x81, 0x9D,
    0x3D, 0xE8, 0x9A, 0x0C, 0xB6, 0xFE, 0x02, 0x8D, 0x50, 0xB1, 0x6D, 0xC3, 0x30, 0x10, 0x3C, 0x91,
    0x36, 0x88, 0x40, 0x40, 0xE8, 0x22, 0xAE, 0xB5, 0x80, 0x0D, 0xB6, 0x69, 0x64, 0xD2, 0x99, 0x40,
    0x45, 0xD8, 0x67, 0x86, 0xD4, 0xB6, 0xC5, 0x05, 0xB2, 0x83, 0x47, 0x48, 0x99, 0x42, 0x89, 0x3F,
    0x1B, 0x68, 0x04, 0x8D, 0xA0, 0x42, 0x05, 0x0B, 0x2A, 0x0A, 0x29, 0x27, 0x65, 0x80, 0xDC, 0x93,
    0xFF, 0xB8, 0xFF, 0x03, 0xF1, 0xC7, 0xF3, 0xF9, 0x0F, 0x54, 0x4F, 0x37, 0xF7, 0x9B, 0xDB, 0x57,
    0x4E, 0xB2, 0x53, 0xFE, 0xF9, 0x85, 0xB9, 0xFF, 0x45, 0x66, 0x00, 0x5C, 0x26, 0x13, 0x8F, 0xB5,
    0xC0, 0x4C, 0xA6, 0x21, 0x5D, 0x6B, 0x6D, 0x85, 0x1F, 0x44, 0x9E, 0x10, 0x7E, 0xAB, 0xBD, 0xE2,
    0x91, 0xB5, 0x82, 0x72, 0x92, 0xAE, 0x30, 0xDA, 0x68, 0xD4, 0x58, 0x43, 0xB6, 0x92, 0x0A, 0x52,
    0x4E, 0x41, 0xA3, 0xC4, 0x01, 0x2B, 0x44, 0x46, 0x2A, 0x4E, 0x35, 0x8E, 0x68, 0xF0, 0x86, 0x0A,
    0x8C, 0xB6, 0x82, 0xCA, 0x9C, 0x1A, 0xE9, 0x42, 0xB1, 0xF7, 0x9A, 0x0D, 0x9A, 0xF7, 0xB5, 0xE8,
    0xD7, 0x59, 0x25, 0xDB, 0x77, 0x49, 0x63, 0x41, 0x41, 0xED, 0xBD, 0x62, 0xC3, 0x8E, 0xF7, 0x25,
    0x6F, 0x0F, 0x82, 0x56, 0x99, 0x49, 0xCD, 0xCF, 0xA0, 0x1E, 0xBC, 0xE6, 0xA9, 0x7F, 0xE4, 0x5D,
    0x23, 0xC8, 0xE7, 0xAE, 0x5A, 0x02, 0x46, 0x7A, 0x3D, 0xD6, 0x53, 0x0A, 0xFD, 0xA5, 0xC6, 0x7C,
    0xB8, 0xAE, 0xBD, 0x43, 0xE1, 0x44, 0x5B, 0x1B, 0x4D, 0xB2, 0xBF, 0xCC, 0xB9, 0x86, 0x8A, 0x1F,
    0xB4, 0xC0, 0x12, 0xD1, 0xF8, 0x5D, 0x52, 0x20, 0x80, 0x0D, 0xC8, 0xBB, 0x28, 0x8D, 0x06, 0xF0,
    0x01, 0x68, 0x13, 0x5D, 0x80, 0xF7, 0xC8, 0x02, 0x70, 0x02, 0x36, 0xE9, 0xA9, 0x45, 0xDC, 0x5E,
    0x43, 0x92, 0xE8, 0x33, 0x1F, 0x45, 0x35, 0x02, 0x1F, 0xF2, 0x56, 0xB9, 0xD3, 0x3C, 0xFE, 0x06,
    0x63, 0x60, 0x00, 0x03, 0xFD, 0xFF, 0x0E, 0x0C, 0x4C, 0xFF, 0xFF, 0x7F, 0x61, 0xE0, 0xFE, 0x97,
    0xFD, 0x81, 0x41, 0xFF, 0x02, 0x43, 0x00, 0x83, 0x3D, 0x48, 0x7C, 0x1F, 0x88, 0xF8, 0x03, 0xC4,
    0x8C, 0x3F, 0x80, 0x04, 0x13, 0x88, 0xB0, 0xFF, 0xFF, 0xFF, 0x07, 0x84, 0x60, 0xFE, 0x00, 0xE4,
    0x82, 0x09, 0xF1, 0xAF, 0xA1, 0x0E, 0x20, 0xB1, 0x07, 0x20, 0xE2, 0x02, 0x44, 0x31, 0x58, 0x1B,
    0xC3, 0x5F, 0x10, 0x51, 0x0F, 0x22, 0xEC, 0x0F, 0x00, 0x09, 0xFE, 0x9F, 0x61, 0x1F, 0x18, 0x98,
    0xFF, 0xFF, 0x07, 0x6A, 0xAA, 0xFF, 0x3F, 0x01, 0x68, 0x6C, 0x00, 0x03, 0x00, 0x63, 0x60, 0x60,
    0xD8, 0xFF, 0xDF, 0x01, 0x88, 0x42, 0x43, 0x19, 0x00,
};

static const EpdGlyph notosansthai_16_regularGlyphs[] = {
    { 0, 0, 0, 0, 0, 0, 0 }, // U+0000
    { 0, 0, 139, 0, 0, 0, 0 }, // U+000D
    { 0, 0, 139, 0, 0, 0, 0 }, // U+0020
    { 5, 25, 143, 2, 24, 32, 0 }, // !
    { 10, 9, 218, 2, 24, 23, 32 }, // "
    { 21, 24, 344, 0, 24, 126, 55 }, // #
    { 16, 28, 305, 2, 26, 112, 181 }, // $
    { 26, 26, 443, 1, 25, 169, 293 }, // %
    { 24, 26, 390, 1, 25, 156, 462 }, // &
    { 4, 9, 120, 2, 24, 9, 618 }, // '
    { 8, 30, 160, 1, 24, 60, 627 }, // (
    { 8, 30, 160, 1, 24, 60, 687 }, // )
    { 16, 16, 294, 1, 26, 64, 747 }, // *
    { 17, 17, 305, 1, 20, 73, 811 }, // +
    { 6, 9, 143, 1, 4, 14, 884 }, // ,
    { 9, 4, 172, 1, 11, 9, 898 }, // -
    { 5, 6, 143, 2, 5, 8, 907 }, // .
    { 13, 24, 198, 0, 24, 78, 915 }, // /
    { 17, 26, 305, 1, 25, 111, 993 }, // 0
    { 10, 24, 305, 2, 24, 60, 1104 }, // 1
    { 17, 25, 305, 1, 25, 107, 1164 }, // 2
    { 17, 26, 305, 1, 25, 111, 1271 }, // 3
    { 19, 24, 305, 0, 24, 114, 1382 }, // 4
    { 16, 25, 305, 2, 24, 100, 1496 }, // 5
    { 17, 26, 305, 1, 25, 111, 1596 }, // 6
    { 17, 24, 305, 1, 24, 102, 1707 }, // 7
    { 17, 26, 305, 1, 25, 111, 1809 }, // 8
    { 17, 26, 305, 1, 25, 111, 1920 }, // 9
    { 5, 20, 143, 2, 19, 25, 2031 }, // :
    { 6, 24, 143, 1, 19, 36, 2056 }, // ;
    { 17, 18, 305, 1, 21, 77, 2092 }, // <
    { 17, 10, 305, 1, 17, 43, 2169 }, // =
    { 17, 18, 305, 1, 21, 77, 2212 }, // >
    { 14, 26, 231, 0, 25, 91, 2289 }, // ?
    { 28, 27, 479, 1, 24, 189, 2380 }, // @
    { 22, 24, 341, 0, 24, 132, 2569 }, // A
    { 17, 24, 347, 3, 24, 102, 2701 }, // B
    { 19, 26, 337, 2, 25, 124, 2803 }, // C
    { 20, 24, 389, 3, 24, 120, 2927 }, // D
    { 14, 24, 296, 3, 24, 84, 3047 }, // E
    { 14, 24, 277, 3, 24, 84, 3131 }, // F
    { 20, 26, 388, 2, 25, 130, 3215 }, // G
    { 19, 24, 395, 3, 24, 114, 3345 }, // H
    { 9, 24, 181, 1, 24, 54, 3459 }, // I
    { 10, 31, 146, -3, 24, 78, 3513 }, // J
    { 18, 24, 330, 3, 24, 108, 3591 }, // K
    { 14, 24, 279, 3, 24, 84, 3699 }, // L
    { 24, 24, 484, 3, 24, 144, 3783 }, // M
    { 20, 24, 405, 3, 24, 120, 3927 }, // N
    { 22, 26, 416, 2, 25, 143, 4047 }, // O
    { 16, 24, 323, 3, 24, 96, 4190 }, // P
    { 22, 31, 416, 2, 25, 171, 4286 }, // Q
    { 18, 24, 332, 3, 24, 108, 4457 }, // R
    { 16, 26, 293, 1, 25, 104, 4565 }, // S
    { 19, 24, 296, 0, 24, 114, 4669 }, // T
    { 19, 25, 390, 3, 24, 119, 4783 }, // U
    { 20, 24, 320, 0, 24, 120, 4902 }, // V
    { 31, 24, 496, 0, 24, 186, 5022 }, // W
    { 20, 24, 312, 0, 24, 120, 5208 }, // X
    { 19, 24, 302, 0, 24, 114, 5328 }, // Y
    { 17, 24, 305, 1, 24, 102, 5442 }, // Z
    { 9, 30, 175, 2, 24, 68, 5544 }, // [
    { 13, 24, 198, 0, 24, 78, 5612 }, // <backslash>
    { 9, 30, 175, 0, 24, 68, 5690 }, // ]
    { 17, 16, 305, 1, 24, 68, 5758 }, // ^
    { 16, 3, 237, -1, -3, 12, 5826 }, // _
    { 8, 6, 150, 1, 26, 12, 5838 }, // `
    { 15, 20, 299, 1, 19, 75, 5850 }, // a
    { 17, 27, 328, 2, 26, 115, 5925 }, // b
    { 14, 20, 256, 1, 19, 70, 6040 }, // c
    { 17, 27, 328, 1, 26, 115, 6110 }, // d
    { 17, 20, 301, 1, 19, 85, 6225 }, // e
    { 13, 26, 183, 0, 26, 85, 6310 }, // f
    { 17, 27, 328, 1, 19, 115, 6395 }, // g
    { 16, 26, 330, 2, 26, 104, 6510 }, // h
    { 5, 25, 138, 2, 25, 32, 6614 }, // i
    { 9, 33, 138, -2, 25, 75, 6646 }, // j
    { 16, 26, 285, 2, 26, 104, 6721 }, // k
    { 4, 26, 138, 2, 26, 26, 6825 }, // l
    { 27, 19, 499, 2, 19, 129, 6851 }, // m
    { 16, 19, 330, 2, 19, 76, 6980 }, // n
    { 18, 20, 323, 1, 19, 90, 7056 }, // o
    { 17, 27, 328, 2, 19, 115, 7146 }, // p
    { 17, 27, 328, 1, 19, 115, 7261 }, // q
    { 12, 19, 220, 2, 19, 57, 7376 }, // r
    { 14, 20, 255, 1, 19, 70, 7433 }, // s
    { 12, 23, 193, 0, 22, 69, 7503 }, // t
    { 16, 19, 330, 2, 18, 76, 7572 }, // u
    { 17, 18, 271, 0, 18, 77, 7648 }, // v
    { 26, 18, 419, 0, 18, 117, 7725 }, // w
    { 18, 18, 282, 0, 18, 81, 7842 }, // x
    { 17, 26, 272, 0, 18, 111, 7923 }, // y
    { 14, 18, 251, 1, 18, 63, 8034 }, // z
    { 12, 30, 203, 0, 24, 90, 8097 }, // {
    { 4, 35, 294, 7, 26, 35, 8187 }, // |
    { 11, 30, 203, 1, 24, 83, 8222 }, // }
    { 17, 5, 305, 1, 14, 22, 8305 }, // ~
    { 0, 0, 139, 0, 0, 0, 0 }, // U+00A0
    { 5, 26, 143, 2, 19, 33, 0 }, // U+00A1
    { 14, 26, 305, 3, 25, 91, 33 }, // U+00A2
    { 17, 25, 305, 1, 25, 107, 124 }, // U+00A3
    { 19, 24, 305, 0, 24, 114, 231 }, // U+00A5
    { 14, 27, 274, 1, 26, 95, 345 }, // U+00A7
    { 11, 4, 309, 4, 25, 11, 440 }, // U+00A8
    { 26, 26, 444, 1, 25, 169, 451 }, // U+00A9
    { 10, 13, 190, 1, 25, 33, 620 }, // U+00AA
    { 15, 15, 271, 1, 16, 57, 653 }, // U+00AB
    { 26, 26, 444, 1, 25, 169, 710 }, // U+00AE
    { 18, 3, 267, -1, 28, 14, 879 }, // U+00AF
    { 12, 12, 228, 1, 25, 36, 893 }, // U+00B0
    { 8, 6, 150, 1, 26, 12, 929 }, // U+00B4
    { 18, 31, 349, 1, 26, 140, 941 }, // U+00B6
    { 5, 6, 143, 2, 15, 8, 1081 }, // U+00B7
    { 8, 8, 120, 0, 0, 16, 1089 }, // U+00B8
    { 11, 13, 201, 1, 25, 36, 1105 }, // U+00BA
    { 15, 15, 271, 1, 16, 57, 1141 }, // U+00BB
    { 14, 26, 231, 0, 19, 91, 1198 }, // U+00BF
    { 22, 32, 341, 0, 32, 176, 1289 }, // U+00C0
    { 22, 32, 341, 0, 32, 176, 1465 }, // U+00C1
    { 22, 32, 341, 0, 32, 176, 1641 }, // U+00C2
    { 22, 31, 341, 0, 31, 171, 1817 }, // U+00C3
    { 22, 31, 341, 0, 31, 171, 1988 }, // U+00C4
    { 22, 30, 341, 0, 30, 165, 2159 }, // U+00C5
    { 29, 24, 470, -1, 24, 174, 2324 }, // U+00C6
    { 19, 33, 337, 2, 25, 157, 2498 }, // U+00C7
    { 14, 32, 296, 3, 32, 112, 2655 }, // U+00C8
    { 14, 32, 296, 3, 32, 112, 2767 }, // U+00C9
    { 14, 32, 296, 3, 32, 112, 2879 }, // U+00CA
    { 14, 31, 296, 3, 31, 109, 2991 }, // U+00CB
    { 9, 32, 181, 1, 32, 72, 3100 }, // U+00CC
    { 10, 32, 181, 1, 32, 80, 3172 }, // U+00CD
    { 12, 32, 181, 0, 32, 96, 3252 }, // U+00CE
    { 10, 31, 181, 1, 31, 78, 3348 }, // U+00CF
    { 22, 24, 389, 1, 24, 132, 3426 }, // U+00D0
    { 20, 31, 405, 3, 31, 155, 3558 }, // U+00D1
    { 22, 33, 416, 2, 32, 182, 3713 }, // U+00D2
    { 22, 33, 416, 2, 32, 182, 3895 }, // U+00D3
    { 22, 33, 416, 2, 32, 182, 4077 }, // U+00D4
    { 22, 32, 416, 2, 31, 176, 4259 }, // U+00D5
    { 22, 32, 416, 2, 31, 176, 4435 }, // U+00D6
    { 15, 16, 305, 2, 20, 60, 4611 }, // U+00D7
    { 22, 27, 416, 2, 25, 149, 4671 }, // U+00D8
    { 19, 33, 390, 3, 32, 157, 4820 }, // U+00D9
    { 19, 33, 390, 3, 32, 157, 4977 }, // U+00DA
    { 19, 33, 390, 3, 32, 157, 5134 }, // U+00DB
    { 19, 32, 390, 3, 31, 152, 5291 }, // U+00DC
    { 19, 32, 302, 0, 32, 152, 5443 }, // U+00DD
    { 16, 24, 323, 3, 24, 96, 5595 }, // U+00DE
    { 18, 27, 336, 2, 26, 122, 5691 }, // U+00DF
    { 15, 27, 299, 1, 26, 102, 5813 }, // U+00E0
    { 15, 27, 299, 1, 26, 102, 5915 }, // U+00E1
    { 15, 27, 299, 1, 26, 102, 6017 }, // U+00E2
    { 15, 26, 299, 1, 25, 98, 6119 }, // U+00E3
    { 15, 26, 299, 1, 25, 98, 6217 }, // U+00E4
    { 15, 29, 299, 1, 28, 109, 6315 }, // U+00E5
    { 27, 20, 461, 1, 19, 135, 6424 }, // U+00E6
    { 14, 27, 256, 1, 19, 95, 6559 }, // U+00E7
    { 17, 27, 301, 1, 26, 115, 6654 }, // U+00E8
    { 17, 27, 301, 1, 26, 115, 6769 }, // U+00E9
    { 17, 27, 301, 1, 26, 115, 6884 }, // U+00EA
    { 17, 26, 301, 1, 25, 111, 6999 }, // U+00EB
    { 8, 26, 138, -1, 26, 52, 7110 }, // U+00EC
    { 8, 26, 138, 2, 26, 52, 7162 }, // U+00ED
    { 12, 26, 138, -2, 26, 78, 7214 }, // U+00EE
    { 10, 25, 138, -1, 25, 63, 7292 }, // U+00EF
    { 18, 27, 323, 1, 26, 122, 7355 }, // U+00F0
    { 16, 25, 330, 2, 25, 100, 7477 }, // U+00F1
    { 18, 27, 323, 1, 26, 122, 7577 }, // U+00F2
    { 18, 27, 323, 1, 26, 122, 7699 }, // U+00F3
    { 18, 27, 323, 1, 26, 122, 7821 }, // U+00F4
    { 18, 26, 323, 1, 25, 117, 7943 }, // U+00F5
    { 18, 26, 323, 1, 25, 117, 8060 }, // U+00F6
    { 17, 16, 305, 1, 20, 68, 8177 }, // U+00F7
    { 18, 21, 323, 1, 19, 95, 8245 }, // U+00F8
    { 16, 27, 330, 2, 26, 108, 8340 }, // U+00F9
    { 16, 27, 330, 2, 26, 108, 8448 }, // U+00FA
    { 16, 27, 330, 2, 26, 108, 8556 }, // U+00FB
    { 16, 26, 330, 2, 25, 104, 8664 }, // U+00FC
    { 17, 34, 272, 0, 26, 145, 8768 }, // U+00FD
    { 17, 34, 328, 2, 26, 145, 8913 }, // U+00FE
    { 17, 33, 272, 0, 25, 141, 9058 }, // U+00FF
    { 22, 29, 341, 0, 29, 160, 0 }, // U+0100
    { 15, 24, 299, 1, 23, 90, 160 }, // U+0101
    { 22, 31, 341, 0, 31, 171, 250 }, // U+0102
    { 15, 26, 299, 1, 25, 98, 421 }, // U+0103
    { 22, 32, 341, 0, 24, 176, 519 }, // U+0104
    { 16, 27, 299, 1, 19, 108, 695 }, // U+0105
    { 19, 33, 337, 2, 32, 157, 803 }, // U+0106
    { 14, 27, 256, 1, 26, 95, 960 }, // U+0107
    { 19, 32, 337, 2, 31, 152, 1055 }, // U+010A
    { 14, 26, 256, 1, 25, 91, 1207 }, // U+010B
    { 19, 33, 337, 2, 32, 157, 1298 }, // U+010C
    { 15, 27, 256, 1, 26, 102, 1455 }, // U+010D
    { 20, 32, 389, 3, 32, 160, 1557 }, // U+010E
    { 22, 27, 328, 1, 26, 149, 1717 }, // U+010F
    { 22, 24, 389, 1, 24, 132, 1866 }, // U+0110
    { 20, 27, 329, 1, 26, 135, 1998 }, // U+0111
    { 14, 29, 296, 3, 29, 102, 2133 }, // U+0112
    { 17, 24, 301, 1, 23, 102, 2235 }, // U+0113
    { 14, 31, 296, 3, 31, 109, 2337 }, // U+0116
    { 17, 26, 301, 1, 25, 111, 2446 }, // U+0117
    { 14, 32, 296, 3, 24, 112, 2557 }, // U+0118
    { 17, 27, 301, 1, 19, 115, 2669 }, // U+0119
    { 14, 32, 296, 3, 32, 112, 2784 }, // U+011A
    { 17, 27, 301, 1, 26, 115, 2896 }, // U+011B
    { 20, 32, 388, 2, 31, 160, 3011 }, // U+011E
    { 17, 33, 328, 1, 25, 141, 3171 }, // U+011F
    { 20, 32, 388, 2, 31, 160, 3312 }, // U+0120
    { 17, 33, 328, 1, 25, 141, 3472 }, // U+0121
    { 20, 33, 388, 2, 25, 165, 3613 }, // U+0122
    { 17, 34, 328, 1, 26, 145, 3778 }, // U+0123
    { 25, 24, 395, 0, 24, 150, 3923 }, // U+0126
    { 18, 26, 330, 0, 26, 117, 4073 }, // U+0127
    { 11, 29, 181, 0, 29, 80, 4190 }, // U+012A
    { 11, 23, 138, -1, 23, 64, 4270 }, // U+012B
    { 9, 32, 181, 1, 24, 72, 4334 }, // U+012E
    { 7, 33, 138, 0, 25, 58, 4406 }, // U+012F
    { 9, 31, 181, 1, 31, 70, 4464 }, // U+0130
    { 4, 18, 138, 2, 18, 18, 4534 }, // U+0131
    { 18, 32, 330, 3, 24, 144, 4552 }, // U+0136
    { 16, 34, 285, 2, 26, 136, 4696 }, // U+0137
    { 15, 32, 279, 2, 32, 120, 4832 }, // U+0139
    { 8, 33, 138, 2, 33, 66, 4952 }, // U+013A
    { 14, 32, 279, 3, 24, 112, 5018 }, // U+013B
    { 5, 34, 138, 2, 26, 43, 5130 }, // U+013C
    { 14, 24, 279, 3, 24, 84, 5173 }, // U+013D
    { 10, 26, 138, 2, 26, 65, 5257 }, // U+013E
    { 17, 24, 279, 0, 24, 102, 5322 }, // U+0141
    { 10, 26, 138, -1, 26, 65, 5424 }, // U+0142
    { 20, 32, 405, 3, 32, 160, 5489 }, // U+0143
    { 16, 26, 330, 2, 26, 104, 5649 }, // U+0144
    { 20, 32, 405, 3, 24, 160, 5753 }, // U+0145
    { 16, 27, 330, 2, 19, 108, 5913 }, // U+0146
    { 20, 32, 405, 3, 32, 160, 6021 }, // U+0147
    { 16, 26, 330, 2, 26, 104, 6181 }, // U+0148
    { 20, 31, 405, 3, 24, 155, 6285 }, // U+014A
    { 16, 27, 330, 2, 19, 108, 6440 }, // U+014B
    { 22, 30, 416, 2, 29, 165, 6548 }, // U+014C
    { 18, 24, 323, 1, 23, 108, 6713 }, // U+014D
    { 22, 33, 416, 2, 32, 182, 6821 }, // U+0150
    { 18, 27, 323, 1, 26, 122, 7003 }, // U+0151
    { 27, 26, 495, 2, 25, 176, 7125 }, // U+0152
    { 29, 20, 504, 1, 19, 145, 7301 }, // U+0153
    { 18, 32, 332, 3, 32, 144, 7446 }, // U+0154
    { 12, 26, 220, 2, 26, 78, 7590 }, // U+0155
    { 18, 32, 332, 3, 24, 144, 7668 }, // U+0156
    { 12, 27, 220, 2, 19, 81, 7812 }, // U+0157
    { 18, 32, 332, 3, 32, 144, 7893 }, // U+0158
    { 12, 26, 220, 2, 26, 78, 8037 }, // U+0159
    { 16, 33, 293, 1, 32, 132, 8115 }, // U+015A
    { 14, 27, 255, 1, 26, 95, 8247 }, // U+015B
    { 16, 33, 293, 1, 25, 132, 8342 }, // U+015E
    { 14, 27, 255, 1, 19, 95, 8474 }, // U+015F
    { 16, 33, 293, 1, 32, 132, 8569 }, // U+0160
    { 14, 27, 255, 1, 26, 95, 8701 }, // U+0161
    { 19, 32, 296, 0, 32, 152, 8796 }, // U+0164
    { 16, 27, 193, 0, 26, 108, 8948 }, // U+0165
    { 19, 30, 390, 3, 29, 143, 9056 }, // U+016A
    { 16, 24, 330, 2, 23, 96, 9199 }, // U+016B
    { 19, 32, 390, 3, 31, 152, 9295 }, // U+016C
    { 16, 26, 330, 2, 25, 104, 9447 }, // U+016D
    { 19, 35, 390, 3, 34, 167, 9551 }, // U+016E
    { 16, 29, 330, 2, 28, 116, 9718 }, // U+016F
    { 19, 33, 390, 3, 32, 157, 9834 }, // U+0170
    { 16, 27, 330, 2, 26, 108, 9991 }, // U+0171
    { 19, 32, 390, 3, 24, 152, 10099 }, // U+0172
    { 17, 26, 330, 2, 18, 111, 10251 }, // U+0173
    { 31, 32, 496, 0, 32, 248, 10362 }, // U+0174
    { 26, 26, 419, 0, 26, 169, 10610 }, // U+0175
    { 19, 32, 302, 0, 32, 152, 10779 }, // U+0176
    { 17, 34, 272, 0, 26, 145, 10931 }, // U+0177
    { 19, 31, 302, 0, 31, 148, 11076 }, // U+0178
    { 17, 32, 305, 1, 32, 136, 11224 }, // U+0179
    { 14, 26, 251, 1, 26, 91, 11360 }, // U+017A
    { 17, 31, 305, 1, 31, 132, 11451 }, // U+017B
    { 14, 25, 251, 1, 25, 88, 11583 }, // U+017C
    { 17, 32, 305, 1, 32, 136, 11671 }, // U+017D
    { 14, 26, 251, 1, 26, 91, 11807 }, // U+017E
    { 16, 33, 293, 1, 25, 132, 0 }, // U+0218
    { 14, 27, 255, 1, 19, 95, 132 }, // U+0219
    { 19, 32, 296, 0, 24, 152, 227 }, // U+021A
    { 12, 30, 193, 0, 22, 90, 379 }, // U+021B
    { 8, 6, 0, -17, 26, 12, 0 }, // U+0300
    { 7, 6, 0, -11, 26, 11, 12 }, // U+0301
    { 12, 6, 0, -6, 26, 18, 23 }, // U+0302
    { 12, 5, 0, -16, 25, 15, 41 }, // U+0303
    { 10, 3, 0, -5, 23, 8, 56 }, // U+0304
    { 12, 5, 0, -6, 25, 15, 64 }, // U+0306
    { 4, 5, 0, -2, 25, 5, 79 }, // U+0307
    { 10, 4, 0, -5, 25, 10, 84 }, // U+0308
    { 8, 8, 0, -4, 28, 16, 94 }, // U+030A
    { 13, 6, 0, -5, 26, 20, 110 }, // U+030B
    { 12, 6, 0, -6, 26, 18, 130 }, // U+030C
    { 6, 9, 0, -3, 24, 14, 148 }, // U+0312
    { 6, 6, 0, -3, -2, 9, 162 }, // U+0326
    { 8, 8, 0, -4, 0, 16, 171 }, // U+0327
    { 6, 9, 0, -3, 1, 14, 187 }, // U+0328
    { 10, 3, 0, -14, -2, 8, 201 }, // U+0331
    { 16, 19, 320, 2, 19, 76, 0 }, // U+0E01
    { 15, 20, 292, 1, 19, 75, 76 }, // U+0E02
    { 15, 20, 293, 1, 19, 75, 151 }, // U+0E03
    { 16, 19, 327, 2, 19, 76, 226 }, // U+0E04
    { 16, 19, 331, 2, 19, 76, 302 }, // U+0E05
    { 17, 20, 319, 1, 19, 85, 378 }, // U+0E06
    { 17, 19, 286, 0, 19, 81, 463 }, // U+0E07
    { 15, 19, 284, 1, 19, 72, 544 }, // U+0E08
    { 16, 20, 322, 2, 19, 80, 616 }, // U+0E09
    { 15, 20, 293, 1, 19, 75, 696 }, // U+0E0A
    { 16, 20, 296, 1, 19, 80, 771 }, // U+0E0B
    { 26, 20, 483, 2, 19, 130, 851 }, // U+0E0C
    { 26, 25, 485, 2, 19, 163, 981 }, // U+0E0D
    { 18, 26, 322, 0, 19, 117, 1144 }, // U+0E0E
    { 18, 26, 322, 0, 19, 117, 1261 }, // U+0E0F
    { 16, 27, 292, 1, 20, 108, 1378 }, // U+0E10
    { 18, 19, 334, 1, 19, 86, 1486 }, // U+0E11
    { 27, 20, 482, 2, 19, 135, 1572 }, // U+0E12
    { 26, 20, 485, 2, 19, 130, 1707 }, // U+0E13
    { 16, 20, 328, 2, 19, 80, 1837 }, // U+0E14
    { 17, 20, 339, 2, 19, 85, 1917 }, // U+0E15
    { 16, 20, 321, 2, 19, 80, 2002 }, // U+0E16
    { 16, 19, 325, 2, 19, 76, 2082 }, // U+0E17
    { 15, 20, 290, 2, 19, 75, 2158 }, // U+0E18
    { 16, 20, 327, 2, 19, 80, 2233 }, // U+0E19
    { 16, 20, 322, 2, 19, 80, 2313 }, // U+0E1A
    { 16, 26, 323, 2, 25, 104, 2393 }, // U+0E1B
    { 17, 19, 346, 2, 19, 81, 2497 }, // U+0E1C
    { 17, 25, 348, 2, 25, 107, 2578 }, // U+0E1D
    { 21, 19, 371, 1, 19, 100, 2685 }, // U+0E1E
    { 22, 25, 364, 1, 25, 138, 2785 }, // U+0E1F
    { 18, 20, 322, 0, 19, 90, 2923 }, // U+0E20
    { 16, 20, 327, 2, 19, 80, 3013 }, // U+0E21
    { 16, 20, 317, 2, 19, 80, 3093 }, // U+0E22
    { 14, 20, 260, 1, 19, 70, 3173 }, // U+0E23
    { 16, 26, 321, 2, 19, 104, 3243 }, // U+0E24
    { 16, 20, 304, 1, 19, 80, 3347 }, // U+0E25
    { 18, 26, 322, 0, 19, 117, 3427 }, // U+0E26
    { 14, 20, 262, 1, 19, 70, 3544 }, // U+0E27
    { 18, 20, 335, 2, 20, 90, 3614 }, // U+0E28
    { 19, 20, 341, 2, 19, 95, 3704 }, // U+0E29
    { 17, 21, 305, 1, 20, 90, 3799 }, // U+0E2A
    { 16, 19, 313, 2, 19, 76, 3889 }, // U+0E2B
    { 22, 24, 356, 1, 24, 132, 3965 }, // U+0E2C
    { 16, 20, 306, 2, 19, 80, 4097 }, // U+0E2D
    { 16, 21, 299, 2, 20, 84, 4177 }, // U+0E2E
    { 15, 19, 277, 0, 19, 72, 4261 }, // U+0E2F
    { 9, 15, 180, 1, 17, 34, 4333 }, // U+0E30
    { 14, 5, 0, -12, 26, 18, 4367 }, // U+0E31
    { 11, 19, 216, 0, 19, 53, 4385 }, // U+0E32
    { 20, 27, 216, -9, 27, 135, 4438 }, // U+0E33
    { 16, 3, 0, -18, 24, 12, 4573 }, // U+0E34
    { 16, 6, 0, -18, 27, 24, 4585 }, // U+0E35
    { 16, 6, 0, -18, 27, 24, 4609 }, // U+0E36
    { 16, 6, 0, -18, 27, 24, 4633 }, // U+0E37
    { 5, 7, 0, -8, -2, 9, 4657 }, // U+0E38
    { 11, 7, 0, -13, -2, 20, 4666 }, // U+0E39
    { 5, 5, 0, -7, -2, 7, 4686 }, // U+0E3A
    { 16, 28, 311, 2, 26, 112, 4693 }, // U+0E3F
    { 7, 20, 157, 3, 19, 35, 4805 }, // U+0E40
    { 16, 20, 303, 3, 19, 80, 4840 }, // U+0E41
    { 12, 29, 164, 0, 28, 87, 4920 }, // U+0E42
    { 10, 29, 154, 0, 28, 73, 5007 }, // U+0E43
    { 11, 29, 162, -1, 28, 80, 5080 }, // U+0E44
    { 11, 26, 216, 0, 19, 72, 5160 }, // U+0E45
    { 16, 26, 317, 2, 19, 104, 5232 }, // U+0E46
    { 12, 9, 0, -15, 29, 27, 5336 }, // U+0E47
    { 3, 8, 0, -6, 29, 6, 5363 }, // U+0E48
    { 12, 7, 0, -13, 28, 21, 5369 }, // U+0E49
    { 14, 7, 0, -15, 28, 25, 5390 }, // U+0E4A
    { 9, 8, 0, -11, 29, 18, 5415 }, // U+0E4B
    { 9, 6, 0, -9, 26, 14, 5433 }, // U+0E4C
    { 8, 7, 0, -9, 27, 14, 5447 }, // U+0E4D
    { 8, 7, 0, -9, 27, 14, 5461 }, // U+0E4E
    { 16, 17, 317, 2, 16, 68, 5475 }, // U+0E4F
    { 17, 17, 304, 1, 16, 73, 5543 }, // U+0E50
    { 16, 17, 291, 1, 16, 68, 5616 }, // U+0E51
    { 18, 21, 327, 1, 20, 95, 5684 }, // U+0E52
    { 16, 17, 298, 1, 16, 68, 5779 }, // U+0E53
    { 16, 20, 287, 1, 20, 80, 5847 }, // U+0E54
    { 16, 20, 288, 1, 20, 80, 5927 }, // U+0E55
    { 16, 21, 277, 0, 20, 84, 6007 }, // U+0E56
    { 21, 21, 384, 1, 20, 111, 6091 }, // U+0E57
    { 17, 21, 301, 1, 20, 90, 6202 }, // U+0E58
    { 16, 21, 269, 1, 20, 84, 6292 }, // U+0E59
    { 23, 20, 409, 0, 19, 115, 6376 }, // U+0E5A
    { 27, 12, 465, 1, 14, 81, 6491 }, // U+0E5B
    { 19, 32, 302, 0, 32, 152, 0 }, // U+1EF2
    { 17, 34, 272, 0, 26, 145, 152 }, // U+1EF3
    { 0, 0, 0, 0, 0, 0, 0 }, // U+200B
    { 2, 26, 0, -1, 21, 13, 0 }, // U+200C
    { 8, 28, 0, -4, 23, 56, 13 }, // U+200D
    { 9, 4, 172, 1, 11, 9, 69 }, // U+2010
    { 15, 4, 267, 1, 11, 15, 78 }, // U+2013
    { 31, 4, 533, 1, 11, 31, 93 }, // U+2014
    { 6, 9, 93, 0, 24, 14, 124 }, // U+2018
    { 6, 9, 93, 0, 24, 14, 138 }, // U+2019
    { 6, 9, 133, 1, 4, 14, 152 }, // U+201A
    { 12, 9, 191, 0, 24, 27, 166 }, // U+201C
    { 12, 9, 191, 0, 24, 27, 193 }, // U+201D
    { 12, 9, 222, 1, 4, 27, 220 }, // U+201E
    { 8, 9, 201, 2, 17, 18, 247 }, // U+2022
    { 22, 6, 422, 2, 5, 33, 265 }, // U+2026
    { 9, 15, 165, 1, 16, 34, 298 }, // U+2039
    { 8, 15, 165, 1, 16, 30, 332 }, // U+203A
    { 19, 26, 305, 0, 25, 124, 0 }, // U+20AC
    { 9, 4, 172, 1, 11, 9, 0 }, // U+2212
};

static const EpdUnicodeInterval notosansthai_16_regularIntervals[] = {
    { 0x0, 0x0, 0x0 },
    { 0xD, 0xD, 0x1 },
    { 0x20, 0x7E, 0x2 },
    { 0xA0, 0xA3, 0x61 },
    { 0xA5, 0xA5, 0x65 },
    { 0xA7, 0xAB, 0x66 },
    { 0xAE, 0xB0, 0x6B },
    { 0xB4, 0xB4, 0x6E },
    { 0xB6, 0xB8, 0x6F },
    { 0xBA, 0xBB, 0x72 },
    { 0xBF, 0x107, 0x74 },
    { 0x10A, 0x113, 0xBD },
    { 0x116, 0x11B, 0xC7 },
    { 0x11E, 0x123, 0xCD },
    { 0x126, 0x127, 0xD3 },
    { 0x12A, 0x12B, 0xD5 },
    { 0x12E, 0x131, 0xD7 },
    { 0x136, 0x137, 0xDB },
    { 0x139, 0x13E, 0xDD },
    { 0x141, 0x148, 0xE3 },
    { 0x14A, 0x14D, 0xEB },
    { 0x150, 0x15B, 0xEF },
    { 0x15E, 0x161, 0xFB },
    { 0x164, 0x165, 0xFF },
    { 0x16A, 0x17E, 0x101 },
    { 0x218, 0x21B, 0x116 },
    { 0x300, 0x304, 0x11A },
    { 0x306, 0x308, 0x11F },
    { 0x30A, 0x30C, 0x122 },
    { 0x312, 0x312, 0x125 },
    { 0x326, 0x328, 0x126 },
    { 0x331, 0x331, 0x129 },
    { 0xE01, 0xE3A, 0x12A },
    { 0xE3F, 0xE5B, 0x164 },
    { 0x1EF2, 0x1EF3, 0x181 },
    { 0x200B, 0x200D, 0x183 },
    { 0x2010, 0x2010, 0x186 },
    { 0x2013, 0x2014, 0x187 },
    { 0x2018, 0x201A, 0x189 },
    { 0x201C, 0x201E, 0x18C },
    { 0x2022, 0x2022, 0x18F },
    { 0x2026, 0x2026, 0x190 },
    { 0x2039, 0x203A, 0x191 },
    { 0x20AC, 0x20AC, 0x193 },
    { 0x2212, 0x2212, 0x194 },
};

static const EpdFontGroup notosansthai_16_regularGroups[] = {
    { 0, 3637, 9206, 97, 0 },
    { 3637, 2879, 10062, 84, 97 },
    { 6516, 3333, 12866, 97, 181 },
    { 9849, 230, 490, 4, 278 },
    { 10079, 211, 229, 16, 282 },
    { 10290, 2979, 6992, 87, 298 },
    { 13269, 178, 330, 2, 385 },
    { 13447, 265, 406, 16, 387 },
    { 13712, 93, 130, 1, 403 },
    { 13805, 12, 12, 1, 404 },
};

static const EpdKernClassEntry notosansthai_16_regularKernLeftClasses[] = {
    { 0x0022, 1 }, // "
    { 0x0026, 2 }, // &
    { 0x0027, 1 }, // '
    { 0x0028, 3 }, // (
    { 0x002C, 4 }, // ,
    { 0x002D, 5 }, // -
    { 0x002E, 4 }, // .
    { 0x0041, 6 }, // A
    { 0x0042, 7 }, // B
    { 0x0043, 8 }, // C
    { 0x0044, 9 }, // D
    { 0x0045, 10 }, // E
    { 0x0046, 11 }, // F
    { 0x004B, 8 }, // K
    { 0x004C, 12 }, // L
    { 0x004F, 9 }, // O
    { 0x0050, 13 }, // P
    { 0x0051, 9 }, // Q
    { 0x0052, 14 }, // R
    { 0x0054, 15 }, // T
    { 0x0055, 16 }, // U
    { 0x0056, 17 }, // V
    { 0x0057, 17 }, // W
    { 0x0058, 8 }, // X
    { 0x0059, 18 }, // Y
    { 0x005A, 19 }, // Z
    { 0x005B, 3 }, // [
    { 0x005F, 20 }, // _
    { 0x0061, 21 }, // a
    { 0x0062, 22 }, // b
    { 0x0063, 23 }, // c
    { 0x0065, 22 }, // e
    { 0x0066, 24 }, // f
    { 0x0068, 21 }, // h
    { 0x006D, 21 }, // m
    { 0x006E, 21 }, // n
    { 0x006F, 22 }, // o
    { 0x0070, 22 }, // p
    { 0x0072, 25 }, // r
    { 0x0074, 23 }, // t
    { 0x0076, 26 }, // v
    { 0x0077, 26 }, // w
    { 0x0078, 27 }, // x
    { 0x0079, 26 }, // y
    { 0x007B, 3 }, // {
    { 0x00A1, 28 }, // U+00A1
    { 0x00AB, 29 }, // U+00AB
    { 0x00BB, 30 }, // U+00BB
    { 0x00BF, 31 }, // U+00BF
    { 0x00C0, 6 }, // U+00C0
    { 0x00C1, 6 }, // U+00C1
    { 0x00C2, 6 }, // U+00C2
    { 0x00C3, 6 }, // U+00C3
    { 0x00C4, 6 }, // U+00C4
    { 0x00C5, 6 }, // U+00C5
    { 0x00C6, 10 }, // U+00C6
    { 0x00C7, 8 }, // U+00C7
    { 0x00C8, 10 }, // U+00C8
    { 0x00C9, 10 }, // U+00C9
    { 0x00CA, 10 }, // U+00CA
    { 0x00CB, 10 }, // U+00CB
    { 0x00D0, 9 }, // U+00D0
    { 0x00D2, 9 }, // U+00D2
    { 0x00D3, 9 }, // U+00D3
    { 0x00D4, 9 }, // U+00D4
    { 0x00D5, 9 }, // U+00D5
    { 0x00D6, 9 }, // U+00D6
    { 0x00D8, 9 }, // U+00D8
    { 0x00D9, 16 }, // U+00D9
    { 0x00DA, 16 }, // U+00DA
    { 0x00DB, 16 }, // U+00DB
    { 0x00DC, 16 }, // U+00DC
    { 0x00DD, 18 }, // U+00DD
    { 0x00DE, 13 }, // U+00DE
    { 0x00E0, 21 }, // U+00E0
    { 0x00E1, 21 }, // U+00E1
    { 0x00E2, 21 }, // U+00E2
    { 0x00E3, 21 }, // U+00E3
    { 0x00E4, 21 }, // U+00E4
    { 0x00E5, 21 }, // U+00E5
    { 0x00E6, 22 }, // U+00E6
    { 0x00E8, 22 }, // U+00E8
    { 0x00E9, 22 }, // U+00E9
    { 0x00EA, 22 }, // U+00EA
    { 0x00EB, 22 }, // U+00EB
    { 0x00EE, 32 }, // U+00EE
    { 0x00EF, 32 }, // U+00EF
    { 0x00F0, 22 }, // U+00F0
    { 0x00F2, 22 }, // U+00F2
    { 0x00F3, 22 }, // U+00F3
    { 0x00F4, 22 }, // U+00F4
    { 0x00F5, 22 }, // U+00F5
    { 0x00F6, 22 }, // U+00F6
    { 0x00F8, 22 }, // U+00F8
    { 0x00FD, 26 }, // U+00FD
    { 0x00FE, 22 }, // U+00FE
    { 0x00FF, 26 }, // U+00FF
    { 0x0100, 6 }, // U+0100
    { 0x0101, 21 }, // U+0101
    { 0x0102, 6 }, // U+0102
    { 0x0103, 21 }, // U+0103
    { 0x0104, 33 }, // U+0104
    { 0x0105, 21 }, // U+0105
    { 0x0106, 8 }, // U+0106
    { 0x010A, 8 }, // U+010A
    { 0x010C, 8 }, // U+010C
    { 0x010E, 9 }, // U+010E
    { 0x010F, 34 }, // U+010F
    { 0x0110, 9 }, // U+0110
    { 0x0112, 10 }, // U+0112
    { 0x0113, 22 }, // U+0113
    { 0x0116, 10 }, // U+0116
    { 0x0117, 22 }, // U+0117
    { 0x0118, 10 }, // U+0118
    { 0x0119, 22 }, // U+0119
    { 0x011A, 10 }, // U+011A
    { 0x011B, 22 }, // U+011B
    { 0x012B, 32 }, // U+012B
    { 0x012E, 35 }, // U+012E
    { 0x0136, 8 }, // U+0136
    { 0x0139, 12 }, // U+0139
    { 0x013B, 12 }, // U+013B
    { 0x013D, 12 }, // U+013D
    { 0x013E, 34 }, // U+013E
    { 0x0141, 12 }, // U+0141
    { 0x0144, 21 }, // U+0144
    { 0x0146, 21 }, // U+0146
    { 0x014B, 21 }, // U+014B
    { 0x014C, 9 }, // U+014C
    { 0x014D, 22 }, // U+014D
    { 0x0150, 9 }, // U+0150
    { 0x0151, 22 }, // U+0151
    { 0x0152, 10 }, // U+0152
    { 0x0153, 22 }, // U+0153
    { 0x0155, 25 }, // U+0155
    { 0x0157, 25 }, // U+0157
    { 0x0159, 25 }, // U+0159
    { 0x0164, 15 }, // U+0164
    { 0x0165, 23 }, // U+0165
    { 0x016A, 16 }, // U+016A
    { 0x016C, 16 }, // U+016C
    { 0x016E, 16 }, // U+016E
    { 0x0170, 16 }, // U+0170
    { 0x0172, 16 }, // U+0172
    { 0x0174, 17 }, // U+0174
    { 0x0175, 26 }, // U+0175
    { 0x0176, 18 }, // U+0176
    { 0x0177, 26 }, // U+0177
    { 0x0178, 18 }, // U+0178
    { 0x0179, 19 }, // U+0179
    { 0x017B, 19 }, // U+017B
    { 0x017D, 19 }, // U+017D
    { 0x021A, 15 }, // U+021A
    { 0x021B, 23 }, // U+021B
    { 0x0E40, 36 }, // U+0E40
    { 0x0E41, 36 }, // U+0E41
    { 0x0E42, 36 }, // U+0E42
    { 0x0E43, 36 }, // U+0E43
    { 0x0E44, 36 }, // U+0E44
    { 0x0E50, 37 }, // U+0E50
    { 0x0E51, 37 }, // U+0E51
    { 0x0E54, 38 }, // U+0E54
    { 0x0E55, 38 }, // U+0E55
    { 0x0E59, 39 }, // U+0E59
    { 0x1EF2, 18 }, // U+1EF2
    { 0x1EF3, 26 }, // U+1EF3
    { 0x2013, 5 }, // U+2013
    { 0x2014, 5 }, // U+2014
    { 0x2018, 1 }, // U+2018
    { 0x2019, 1 }, // U+2019
    { 0x201A, 4 }, // U+201A
    { 0x201C, 1 }, // U+201C
    { 0x201D, 1 }, // U+201D
    { 0x201E, 4 }, // U+201E
    { 0x2039, 29 }, // U+2039
    { 0x203A, 30 }, // U+203A
};

static const EpdKernClassEntry notosansthai_16_regularKernRightClasses[] = {
    { 0x0022, 1 }, // "
    { 0x0026, 2 }, // &
    { 0x0027, 1 }, // '
    { 0x0029, 3 }, // )
    { 0x002C, 4 }, // ,
    { 0x002D, 5 }, // -
    { 0x002E, 4 }, // .
    { 0x003F, 6 }, // ?
    { 0x0041, 7 }, // A
    { 0x0043, 8 }, // C
    { 0x0047, 8 }, // G
    { 0x004A, 9 }, // J
    { 0x004F, 8 }, // O
    { 0x0051, 8 }, // Q
    { 0x0054, 10 }, // T
    { 0x0055, 11 }, // U
    { 0x0056, 12 }, // V
    { 0x0057, 12 }, // W
    { 0x0058, 13 }, // X
    { 0x0059, 14 }, // Y
    { 0x005A, 15 }, // Z
    { 0x005D, 3 }, // ]
    { 0x0061, 16 }, // a
    { 0x0062, 17 }, // b
    { 0x0063, 18 }, // c
    { 0x0064, 18 }, // d
    { 0x0065, 18 }, // e
    { 0x0067, 19 }, // g
    { 0x0068, 17 }, // h
    { 0x006A, 20 }, // j
    { 0x006B, 17 }, // k
    { 0x006C, 17 }, // l
    { 0x006D, 21 }, // m
    { 0x006E, 21 }, // n
    { 0x006F, 18 }, // o
    { 0x0070, 21 }, // p
    { 0x0071, 18 }, // q
    { 0x0072, 21 }, // r
    { 0x0073, 22 }, // s
    { 0x0075, 21 }, // u
    { 0x0076, 23 }, // v
    { 0x0077, 23 }, // w
    { 0x0078, 23 }, // x
    { 0x0079, 23 }, // y
    { 0x007A, 24 }, // z
    { 0x007D, 3 }, // }
    { 0x00AB, 25 }, // U+00AB
    { 0x00BB, 26 }, // U+00BB
    { 0x00C0, 7 }, // U+00C0
    { 0x00C1, 7 }, // U+00C1
    { 0x00C2, 7 }, // U+00C2
    { 0x00C3, 7 }, // U+00C3
    { 0x00C4, 7 }, // U+00C4
    { 0x00C5, 7 }, // U+00C5
    { 0x00C6, 27 }, // U+00C6
    { 0x00C7, 8 }, // U+00C7
    { 0x00D2, 8 }, // U+00D2
    { 0x00D3, 8 }, // U+00D3
    { 0x00D4, 8 }, // U+00D4
    { 0x00D5, 8 }, // U+00D5
    { 0x00D6, 8 }, // U+00D6
    { 0x00D8, 8 }, // U+00D8
    { 0x00D9, 11 }, // U+00D9
    { 0x00DA, 11 }, // U+00DA
    { 0x00DB, 11 }, // U+00DB
    { 0x00DC, 11 }, // U+00DC
    { 0x00DD, 14 }, // U+00DD
    { 0x00E0, 18 }, // U+00E0
    { 0x00E1, 16 }, // U+00E1
    { 0x00E2, 16 }, // U+00E2
    { 0x00E3, 16 }, // U+00E3
    { 0x00E4, 16 }, // U+00E4
    { 0x00E5, 16 }, // U+00E5
    { 0x00E6, 16 }, // U+00E6
    { 0x00E7, 18 }, // U+00E7
    { 0x00E8, 18 }, // U+00E8
    { 0x00E9, 18 }, // U+00E9
    { 0x00EA, 18 }, // U+00EA
    { 0x00EB, 18 }, // U+00EB
    { 0x00F2, 18 }, // U+00F2
    { 0x00F3, 18 }, // U+00F3
    { 0x00F4, 18 }, // U+00F4
    { 0x00F5, 18 }, // U+00F5
    { 0x00F6, 18 }, // U+00F6
    { 0x00F8, 18 }, // U+00F8
    { 0x00F9, 21 }, // U+00F9
    { 0x00FA, 21 }, // U+00FA
    { 0x00FB, 21 }, // U+00FB
    { 0x00FC, 21 }, // U+00FC
    { 0x00FD, 23 }, // U+00FD
    { 0x00FE, 17 }, // U+00FE
    { 0x00FF, 23 }, // U+00FF
    { 0x0100, 7 }, // U+0100
    { 0x0101, 16 }, // U+0101
    { 0x0102, 7 }, // U+0102
    { 0x0103, 16 }, // U+0103
    { 0x0104, 7 }, // U+0104
    { 0x0105, 16 }, // U+0105
    { 0x0106, 8 }, // U+0106
    { 0x0107, 18 }, // U+0107
    { 0x010A, 8 }, // U+010A
    { 0x010B, 18 }, // U+010B
    { 0x010C, 8 }, // U+010C
    { 0x010D, 18 }, // U+010D
    { 0x010F, 18 }, // U+010F
    { 0x0111, 18 }, // U+0111
    { 0x0113, 18 }, // U+0113
    { 0x0117, 18 }, // U+0117
    { 0x0119, 18 }, // U+0119
    { 0x011B, 18 }, // U+011B
    { 0x011E, 8 }, // U+011E
    { 0x011F, 19 }, // U+011F
    { 0x0120, 8 }, // U+0120
    { 0x0121, 19 }, // U+0121
    { 0x0122, 8 }, // U+0122
    { 0x0123, 19 }, // U+0123
    { 0x0127, 28 }, // U+0127
    { 0x0137, 17 }, // U+0137
    { 0x013A, 17 }, // U+013A
    { 0x013C, 17 }, // U+013C
    { 0x013E, 17 }, // U+013E
    { 0x0144, 21 }, // U+0144
    { 0x0146, 21 }, // U+0146
    { 0x014B, 21 }, // U+014B
    { 0x014C, 8 }, // U+014C
    { 0x014D, 18 }, // U+014D
    { 0x0150, 8 }, // U+0150
    { 0x0151, 18 }, // U+0151
    { 0x0152, 8 }, // U+0152
    { 0x0153, 18 }, // U+0153
    { 0x0155, 21 }, // U+0155
    { 0x0157, 21 }, // U+0157
    { 0x015B, 22 }, // U+015B
    { 0x015F, 22 }, // U+015F
    { 0x0164, 10 }, // U+0164
    { 0x016A, 11 }, // U+016A
    { 0x016B, 21 }, // U+016B
    { 0x016C, 11 }, // U+016C
    { 0x016D, 21 }, // U+016D
    { 0x016E, 11 }, // U+016E
    { 0x016F, 21 }, // U+016F
    { 0x0170, 11 }, // U+0170
    { 0x0171, 21 }, // U+0171
    { 0x0172, 11 }, // U+0172
    { 0x0173, 21 }, // U+0173
    { 0x0174, 12 }, // U+0174
    { 0x0175, 23 }, // U+0175
    { 0x0176, 14 }, // U+0176
    { 0x0177, 23 }, // U+0177
    { 0x0178, 14 }, // U+0178
    { 0x0179, 15 }, // U+0179
    { 0x017A, 24 }, // U+017A
    { 0x017B, 15 }, // U+017B
    { 0x017C, 24 }, // U+017C
    { 0x017D, 15 }, // U+017D
    { 0x017E, 24 }, // U+017E
    { 0x0219, 22 }, // U+0219
    { 0x021A, 10 }, // U+021A
    { 0x0E02, 29 }, // U+0E02
    { 0x0E03, 29 }, // U+0E03
    { 0x0E04, 30 }, // U+0E04
    { 0x0E05, 30 }, // U+0E05
    { 0x0E06, 30 }, // U+0E06
    { 0x0E07, 31 }, // U+0E07
    { 0x0E08, 32 }, // U+0E08
    { 0x0E09, 29 }, // U+0E09
    { 0x0E0A, 29 }, // U+0E0A
    { 0x0E0B, 29 }, // U+0E0B
    { 0x0E0C, 33 }, // U+0E0C
    { 0x0E0D, 33 }, // U+0E0D
    { 0x0E10, 32 }, // U+0E10
    { 0x0E11, 30 }, // U+0E11
    { 0x0E12, 30 }, // U+0E12
    { 0x0E13, 33 }, // U+0E13
    { 0x0E14, 30 }, // U+0E14
    { 0x0E15, 30 }, // U+0E15
    { 0x0E16, 33 }, // U+0E16
    { 0x0E18, 34 }, // U+0E18
    { 0x0E19, 35 }, // U+0E19
    { 0x0E1A, 29 }, // U+0E1A
    { 0x0E1B, 29 }, // U+0E1B
    { 0x0E1E, 36 }, // U+0E1E
    { 0x0E1F, 36 }, // U+0E1F
    { 0x0E22, 37 }, // U+0E22
    { 0x0E23, 30 }, // U+0E23
    { 0x0E24, 33 }, // U+0E24
    { 0x0E25, 30 }, // U+0E25
    { 0x0E27, 30 }, // U+0E27
    { 0x0E28, 30 }, // U+0E28
    { 0x0E29, 29 }, // U+0E29
    { 0x0E2A, 30 }, // U+0E2A
    { 0x0E2C, 36 }, // U+0E2C
    { 0x0E2D, 30 }, // U+0E2D
    { 0x0E2E, 30 }, // U+0E2E
    { 0x0E50, 38 }, // U+0E50
    { 0x0E51, 38 }, // U+0E51
    { 0x0E54, 39 }, // U+0E54
    { 0x0E55, 39 }, // U+0E55
    { 0x0E56, 40 }, // U+0E56
    { 0x0E58, 41 }, // U+0E58
    { 0x1EF2, 14 }, // U+1EF2
    { 0x2013, 5 }, // U+2013
    { 0x2014, 5 }, // U+2014
    { 0x2019, 1 }, // U+2019
    { 0x201A, 4 }, // U+201A
    { 0x201D, 1 }, // U+201D
    { 0x201E, 4 }, // U+201E
    { 0x2026, 4 }, // U+2026
    { 0x2039, 25 }, // U+2039
    { 0x203A, 26 }, // U+203A
};

static const int8_t notosansthai_16_regularKernMatrix[] = {
       0,    0,    0,    0,    0,    0,  -37,    0,    0,   11,    0,   11,    0,    5,    0,  -21,    0,  -32,  -16,    0,  -16,  -16,    0,    0,    0,    0,  -43,    0,    0,    0,    0,    0,    0,    0,    0,    0,    0,    0,    0,    0,    0,
       0,    0,    0,    0,    0,    0,    0,    0,    0,  -32,    0,  -11,    0,  -16,    0,    0,    0,    0,    0,    0,    0,    0,    0,    0,    0,    0,    0,    0,    0,    0,    0,    0,    0,    0,    0,    0,    0,    0,    0,    0,    0,
       0,    0,    0,    0,    0,    0,    0,    0,   48,    0,    0,    0,    0,    0,    0,    0,    0,    0,    0,   21,    0,    0,    0,    0,    0,    0,    0,    0,    0,    0,    0,    0,    0,    0,    0,    0,    0,    0,    0,    0,    0,
       0,    0,    0,    0,    0,    0,    0,  -27,    0,  -37,  -11,  -32,    0,  -32,    0,    0,    0,    0,    0,    0,    0,    0,    0,    0,    0,    0,    0,    0,    0,    0,    0,    0,    0,    0,    0,    0,    0,    0,    0,    0,    0,
       0,    0,    0,    0,    0,    0,    0,    0,    0,  -21,    0,    0,    0,    0,    0,    0,    0,    0,    0,    0,    0,    0,    0,    0,    0,    0,    0,    0,    0,    0,    0,    0,    0,    0,    0,    0,    0,    0,    0,    0,    0,
     -37,    0,    0,    0,    0,    0,    0,  -11,   27,  -37,    0,  -21,    0,  -32,    0,    0,    0,    0,    0,    0,    0,    0,    0,    0,    0,    0,    0,    0,    0,    0,    0,    0,    0,    0,    0,    0,    0,    0,    0,    0,    0,
       0,    0,    0,   -5,    0,    0,    0,    0,    0,    0,    0,    0,    0,    0,    0,    0,    0,    0,    0,    0,    0,    0,    0,    0,    0,    0,    0,    0,    0,    0,    0,    0,    0,    0,    0,    0,    0,    0,    0,    0,    0,
       0,    0,    0,    0,    0,    0,    0,  -11,    0,    0,    0,    0,    0,    0,    0,    0,    0,    0,    0,    0,    0,    0,    0,    0,  -11,    0,    0,    0,    0,    0,    0,    0,    0,    0,    0,    0,    0,    0,    0,    0,    0,
       0,    0,    0,  -21,    0,    0,  -11,    0,    0,  -16,    0,   -5,  -11,   -5,   -5,    0,    0,    0,    0,    0,    0,    0,    0,    0,    0,    0,    0,    0,    0,    0,    0,    0,    0,    0,    0,    0,    0,    0,    0,    0,    0,
       0,    0,    0,    0,    0,    0,    0,    0,   32,    0,    0,    0,    0,    0,    0,    0,    0,    0,    0,    0,    0,    0,    0,    0,    0,    0,    0,    0,    0,    0,    0,    0,    0,    0,    0,    0,    0,    0,    0,    0,    0,
       0,    0,   11,  -32,    0,   11,  -11,    0,    0,    0,    0,    0,    0,    0,    0,    0,    0,    0,    0,    0,    0,    0,    0,    0,    0,    0,    0,    0,    0,    0,    0,    0,    0,    0,    0,    0,    0,    0,    0,    0,    0,
     -43,    0,    0,    0,    0,    0,    0,  -11,    0,  -11,   -5,  -11,    0,  -16,    0,    0,    0,    0,    0,    0,    0,    0,    0,    0,    0,    0,    0,    0,    0,    0,    0,    0,    0,    0,    0,    0,    0,    0,    0,    0,    0,
       0,   -5,    0,  -69,    0,    0,  -27,    0,    0,    0,    0,    0,  -11,    0,   -5,    0,    0,    0,    0,    0,    0,    0,    0,    0,  -11,    0,  -16,    0,    0,    0,    0,    0,    0,    0,    0,    0,    0,    0,    0,    0,    0,
       0,    0,    0,    0,    0,    0,    0,    0,    0,    0,    0,    0,    0,    0,    0,    0,    0,    0,    0,    0,    0,    0,    0,    0,   -5,    0,    0,    0,    0,    0,    0,    0,    0,    0,    0,    0,    0,    0,    0,    0,    0,
       0,  -11,    0,  -32,  -21,   11,  -37,  -11,    0,   11,    0,    0,    0,    0,    0,  -43,    0,  -37,  -37,    0,  -27,  -32,  -11,  -21,  -32,  -16,    0,    0,    0,    0,    0,    0,    0,    0,    0,    0,    0,    0,    0,    0,    0,
       0,    0,    0,  -11,    0,    0,   -5,    0,    0,    0,    0,    0,    0,    0,    0,    0,    0,    0,    0,    0,    0,    0,    0,    0,    0,    0,    0,    0,    0,    0,    0,    0,    0,    0,    0,    0,    0,    0,    0,    0,    0,
       0,    0,    0,  -27,    0,   11,  -21,   -5,    0,    0,    0,    0,    0,    0,    0,  -11,    0,  -11,   -5,    0,   -5,   -5,    0,    0,  -16,   -5,    0,    0,    0,    0,    0,    0,    0,    0,    0,    0,    0,    0,    0,    0,    0,
       0,  -16,    0,  -32,    0,   11,  -32,  -11,    0,    0,    0,    0,    0,    0,    0,  -27,    0,  -27,  -27,    0,  -16,  -21,    0,  -11,  -43,  -16,    0,    0,    0,    0,    0,    0,    0,    0,    0,    0,    0,    0,    0,    0,    0,
       0,    0,    0,    0,    0,    0,    0,   -5,    0,    0,    0,    0,    0,    0,    0,    0,    0,    0,    0,    0,    0,    0,    0,    0,  -11,    0,    0,    0,    0,    0,    0,    0,    0,    0,    0,    0,    0,    0,    0,    0,    0,
       0,    0,    0,    0,    0,    0,    0,    0,   51,    0,    0,    0,    0,    0,    0,    0,    0,    0,    0,    0,    0,    0,    0,    0,    0,    0,    0,    0,    0,    0,    0,    0,    0,    0,    0,    0,    0,    0,    0,    0,    0,
      -5,    0,    0,    0,    0,    0,    0,    0,    0,    0,    0,    0,    0,    0,    0,    0,    0,    0,    0,    0,    0,    0,    0,    0,    0,    0,    0,    0,    0,    0,    0,    0,    0,    0,    0,    0,    0,    0,    0,    0,    0,
      -5,    0,    0,    0,    0,    0,    0,    0,    0,    0,    0,    0,    0,    0,    0,    0,    0,    0,    0,    0,    0,    0,  -11,   -5,    0,    0,    0,    0,    0,    0,    0,    0,    0,    0,    0,    0,    0,    0,    0,    0,    0,
      11,    0,    0,    0,    0,    0,    0,    0,    0,    0,    0,    0,    0,    0,    0,    0,    0,    0,    0,    0,    0,    0,    0,    0,    0,    0,    0,    0,    0,    0,    0,    0,    0,    0,    0,    0,    0,    0,    0,    0,    0,
      32,    0,   21,  -11,    0,    0,    0,    0,    0,    0,    0,    0,    0,    0,    0,    0,    0,    0,    0,    0,    0,    0,    0,    0,    0,    0,    0,    0,    0,    0,    0,    0,    0,    0,    0,    0,    0,    0,    0,    0,    0,
      21,    0,    0,  -85,    0,    0,    0,    0,    0,    0,    0,    0,    0,    0,    0,  -11,    0,  -11,   -5,    0,    0,    0,    0,    0,    0,    0,    0,    0,    0,    0,    0,    0,    0,    0,    0,    0,    0,    0,    0,    0,    0,
      21,    0,    0,  -21,    0,   11,    0,    0,    0,    0,    0,    0,    0,    0,    0,    0,    0,    0,    0,    0,    0,    0,    0,    0,    0,    0,    0,    0,    0,    0,    0,    0,    0,    0,    0,    0,    0,    0,    0,    0,    0,
       0,    0,    0,    0,    0,    0,    0,    0,    0,    0,    0,    0,    0,    0,    0,    0,    0,  -11,    0,    0,    0,    0,    0,    0,    0,    0,    0,    0,    0,    0,    0,    0,    0,    0,    0,    0,    0,    0,    0,    0,    0,
       0,    0,    0,    0,    0,    0,    0,    0,   27,  -11,    0,   -5,    0,  -16,    0,    0,    0,    0,    0,    0,    0,    0,    0,    0,    0,    0,    0,    0,    0,    0,    0,    0,    0,    0,    0,    0,    0,    0,    0,    0,    0,
       0,    0,    0,    0,    0,    0,    0,    0,    0,  -16,    0,   -5,    0,  -16,    0,    0,    0,    0,    0,    0,    0,    0,    0,    0,    0,    0,    0,    0,    0,    0,    0,    0,    0,    0,    0,    0,    0,    0,    0,    0,    0,
       0,    0,    0,    0,    0,    0,    0,    0,    0,  -32,    0,  -16,  -11,  -43,    0,    0,    0,    0,    0,    0,    0,    0,    0,    0,    0,    0,    0,    0,    0,    0,    0,    0,    0,    0,    0,    0,    0,    0,    0,    0,    0,
       0,    0,    0,    0,    0,    0,    0,    0,   53,  -21,    0,  -16,    0,  -21,    0,    0,    0,    0,    0,    0,    0,    0,    0,    0,    0,    0,    0,    0,    0,    0,    0,    0,    0,    0,    0,    0,    0,    0,    0,    0,    0,
       0,    0,   27,    0,    0,    0,    0,    0,    0,    0,    0,    0,    0,    0,    0,    0,    0,    0,    0,    0,    0,    0,    0,    0,    0,    0,    0,    0,    0,    0,    0,    0,    0,    0,    0,    0,    0,    0,    0,    0,    0,
     -37,    0,    0,    0,    0,    0,    0,  -11,   59,  -37,    0,  -21,    0,  -32,    0,    0,    0,    0,    0,    0,    0,    0,    0,    0,    0,    0,    0,    0,    0,    0,    0,    0,    0,    0,    0,    0,    0,    0,    0,    0,    0,
      21,    0,   37,    0,    0,   43,    0,    0,    0,    0,    0,    0,    0,    0,    0,    0,   16,    0,    0,    0,    0,    0,    0,    0,    0,    0,    0,   37,    0,    0,    0,    0,    0,    0,    0,    0,    0,    0,    0,    0,    0,
       0,    0,    0,    0,    0,    0,    0,    0,   27,    0,    0,    0,    0,    0,    0,    0,    0,    0,    0,    0,    0,    0,    0,    0,    0,    0,    0,    0,    0,    0,    0,    0,    0,    0,    0,    0,    0,    0,    0,    0,    0,
       0,    0,    0,    0,    0,    0,    0,    0,    0,    0,    0,    0,    0,    0,    0,    0,    0,    0,    0,    0,    0,    0,    0,    0,    0,    0,    0,    0,   -6,   -5,  -21,  -15,   -8,  -11,   -3,  -10,  -16,    0,    0,    0,    0,
       0,    0,    0,    0,    0,    0,    0,    0,    0,    0,    0,    0,    0,    0,    0,    0,    0,    0,    0,    0,    0,    0,    0,    0,    0,    0,    0,    0,    0,    0,    0,    0,    0,    0,    0,    0,    0,    0,    0,  -11,    0,
       0,    0,    0,    0,    0,    0,    0,    0,    0,    0,    0,    0,    0,    0,    0,    0,    0,    0,    0,    0,    0,    0,    0,    0,    0,    0,    0,    0,    0,    0,    0,    0,    0,    0,    0,    0,    0,  -11,    0,    0,   -5,
       0,    0,    0,    0,    0,    0,    0,    0,    0,    0,    0,    0,    0,    0,    0,    0,    0,    0,    0,    0,    0,    0,    0,    0,    0,    0,    0,    0,    0,    0,    0,    0,    0,    0,    0,    0,    0,   -5,   -5,    5,   -5,
};

static const EpdFontData notosansthai_16_regular = {
    notosansthai_16_regularBitmaps,
    notosansthai_16_regularGlyphs,
    notosansthai_16_regularIntervals,
    45,
    50,
    36,
    -15,
    true,
    notosansthai_16_regularGroups,
    10,
    nullptr,
    notosansthai_16_regularKernLeftClasses,
    notosansthai_16_regularKernRightClasses,
    notosansthai_16_regularKernMatrix,
    176,
    210,
    39,
    41,
    nullptr,
    0,
};
