/**
 * generated by fontconvert.py
 * name: notosans_8_regular
 * size: 8
 * mode: 1-bit
 * Command used: fontconvert.py notosans_8_regular 8 ../builtinFonts/source/NotoSans/NotoSans-Regular.ttf ../builtinFonts/source/NotoSansHebrew/NotoSansHebrew-Regular.ttf ../builtinFonts/source/NotoSansArabic/NotoSansArabic-Regular.ttf ../builtinFonts/source/NotoSansThai/NotoSansThai-Regular.ttf --additional-intervals 0x05D0,0x05EA --additional-intervals 0x060C,0x060C --additional-intervals 0x061B,0x061B --additional-intervals 0x061F,0x061F --additional-intervals 0x0621,0x0621 --additional-intervals 0x0640,0x0640 --additional-intervals 0x0660,0x0669 --additional-intervals 0x06BA,0x06BA --additional-intervals 0x06D4,0x06D4 --additional-intervals 0x06F0,0x06F9 --additional-intervals 0xFB56,0xFB59 --additional-intervals 0xFB66,0xFB69 --additional-intervals 0xFB7A,0xFB7D --additional-intervals 0xFB88,0xFB95 --additional-intervals 0xFB9E,0xFB9F --additional-intervals 0xFBA6,0xFBB1 --additional-intervals 0xFBFC,0xFBFF --additional-intervals 0xFE80,0xFEFC --additional-intervals 0x0E00,0x0E7F
 */
#pragma once
#include "EpdFontData.h"

static const uint8_t notosans_8_regularBitmaps[18240] = {
    0xFF, 0xFF, 0x0F, 0xDE, 0xF7, 0xB0, 0x19, 0x06, 0x41, 0xB0, 0x6C, 0x7F, 0xDF, 0xF3, 0x23, 0xFE,
    0xFF, 0x8D, 0x82, 0x61, 0x98, 0x18, 0x18, 0xFE, 0xFE, 0xD8, 0xF8, 0x7E, 0x1F, 0x1B, 0xDF, 0xFE,
    0x38, 0x18, 0x18, 0xF0, 0xC7, 0xC6, 0x36, 0x61, 0xB6, 0x0D, 0xB0, 0x6F, 0x7B, 0xFE, 0xC5, 0xB3,
    0x0D, 0x98, 0xCC, 0xC6, 0x7E, 0x61, 0xE0, 0x7E, 0x07, 0xE0, 0x66, 0x06, 0x60, 0x7E, 0x03, 0x80,
    0xFC, 0xEC, 0xEC, 0xC7, 0xCC, 0x38, 0xFF, 0xC7, 0xEE, 0xFF, 0x36, 0x6C, 0xCC, 0xCC, 0xCC, 0xCE,
    0x67, 0x30, 0x63, 0x8C, 0x63, 0x9C, 0x63, 0x19, 0xCC, 0x67, 0x31, 0x00, 0x1C, 0x06, 0x1B, 0xFF,
    0xF1, 0xC1, 0xF0, 0xDC, 0x04, 0x18, 0x18, 0x18, 0xFF, 0xFF, 0x18, 0x18, 0x18, 0x66, 0x6C, 0x0F,
    0xF0, 0x3C, 0x0C, 0x18, 0x60, 0xC1, 0x86, 0x0C, 0x38, 0x60, 0xC3, 0x86, 0x00, 0x7E, 0x7E, 0xC3,
    0xC3, 0xC3, 0xC3, 0xC3, 0xC3, 0xC3, 0xC3, 0x7E, 0x7E, 0x1C, 0xF6, 0xD3, 0x0C, 0x30, 0xC3, 0x0C,
    0x30, 0xC3, 0x7E, 0xFE, 0x07, 0x03, 0x07, 0x06, 0x0E, 0x1C, 0x38, 0x70, 0xFF, 0xFF, 0xFE, 0xFF,
    0x03, 0x03, 0x0E, 0x7C, 0x3F, 0x03, 0x03, 0x03, 0xFF, 0xFE, 0x06, 0x07, 0x07, 0x83, 0xC3, 0x63,
    0x31, 0x99, 0x8C, 0xFF, 0xFF, 0xC1, 0x80, 0xC0, 0xFE, 0xFE, 0xC0, 0xC0, 0xC0, 0xFE, 0xFE, 0x07,
    0x03, 0x07, 0xFE, 0xFC, 0x3E, 0x7E, 0xE0, 0xC0, 0xFE, 0xFF, 0xC3, 0xC3, 0xC3, 0xC3, 0x7F, 0x3E,
    0xFF, 0xFF, 0x07, 0x06, 0x06, 0x0C, 0x0C, 0x1C, 0x18, 0x38, 0x30, 0x70, 0x7E, 0xFF, 0xC3, 0xE3,
    0x7E, 0x3C, 0x7E, 0xC7, 0xC3, 0xC3, 0xFF, 0x7E, 0x7C, 0xFE, 0xC3, 0xC3, 0xC3, 0xE7, 0x7F, 0x13,
    0x03, 0x07, 0x7E, 0x7C, 0xF0, 0x03, 0xC0, 0x6C, 0x00, 0x03, 0x5B, 0x00, 0x00, 0x03, 0x0F, 0x3C,
    0xF0, 0xE0, 0x7C, 0x1F, 0x03, 0x00, 0xFF, 0xFF, 0x00, 0xFF, 0xFF, 0x00, 0xC0, 0xF0, 0x3C, 0x0F,
    0x07, 0x3E, 0xF8, 0xC0, 0x00, 0xFD, 0xFC, 0x18, 0x30, 0xE3, 0x8E, 0x18, 0x30, 0x00, 0xC1, 0x80,
    0x1F, 0xC1, 0xFF, 0x9C, 0x0D, 0xDF, 0xBD, 0xFD, 0xEC, 0x6F, 0x63, 0x7B, 0x3B, 0xDD, 0xFE, 0xFF,
    0xB9, 0x08, 0xF1, 0x83, 0xFC, 0x03, 0x00, 0x0E, 0x01, 0xC0, 0x78, 0x0D, 0x81, 0xB0, 0x67, 0x0C,
    0x63, 0xFC, 0x7F, 0xCC, 0x1B, 0x03, 0x60, 0x30, 0xFE, 0x7F, 0xB0, 0xD8, 0x6C, 0x77, 0xF3, 0xFD,
    0x87, 0xC1, 0xE1, 0xFF, 0xDF, 0xC0, 0x3F, 0xBF, 0xF8, 0x18, 0x0C, 0x06, 0x03, 0x01, 0x80, 0xC0,
    0x70, 0x1F, 0xE7, 0xF0, 0xFE, 0x3F, 0xCC, 0x3B, 0x07, 0xC1, 0xF0, 0x3C, 0x0F, 0x07, 0xC1, 0xB0,
    0xEF, 0xF3, 0xF8, 0xFF, 0xFF, 0x06, 0x0C, 0x1F, 0xFF, 0x60, 0xC1, 0x83, 0xFF, 0xF0, 0xFF, 0xFF,
    0x06, 0x0C, 0x18, 0x3F, 0xFE, 0xC1, 0x83, 0x06, 0x00, 0x1F, 0xDF, 0xF6, 0x03, 0x00, 0xC0, 0x30,
    0x0C, 0x7F, 0x0F, 0xC0, 0xF8, 0x37, 0xFC, 0xFF, 0xC1, 0xE0, 0xF0, 0x78, 0x3C, 0x1F, 0xFF, 0xFF,
    0x83, 0xC1, 0xE0, 0xF0, 0x78, 0x30, 0xF6, 0x66, 0x66, 0x66, 0x66, 0x6F, 0x18, 0xC6, 0x31, 0x8C,
    0x63, 0x18, 0xC6, 0x31, 0x9F, 0xC8, 0xC3, 0xE3, 0xB3, 0x9B, 0x8F, 0x87, 0x83, 0xE1, 0xB8, 0xCE,
    0x63, 0x31, 0xD8, 0x70, 0xC1, 0x83, 0x06, 0x0C, 0x18, 0x30, 0x60, 0xC1, 0x83, 0xFF, 0xF0, 0xE0,
    0x7E, 0x07, 0xF0, 0xFF, 0x0F, 0xF0, 0xFD, 0x9B, 0xD9, 0xBD, 0xDB, 0xCF, 0x3C, 0xF3, 0xCF, 0x3C,
    0x63, 0xE0, 0xF8, 0x3F, 0x0F, 0xC3, 0xD8, 0xF7, 0x3C, 0xCF, 0x3B, 0xC7, 0xF0, 0xFC, 0x3F, 0x07,
    0x3F, 0x8F, 0xFB, 0x83, 0xE0, 0x3C, 0x07, 0x80, 0xF0, 0x1E, 0x03, 0xC0, 0x7C, 0x1D, 0xFF, 0x1F,
    0xC0, 0xFE, 0xFE, 0xC7, 0xC3, 0xC7, 0xCE, 0xFE, 0xF0, 0xC0, 0xC0, 0xC0, 0xC0, 0x3F, 0x8F, 0xFB,
    0x83, 0xE0, 0x3C, 0x07, 0x80, 0xF0, 0x1E, 0x03, 0xC0, 0x7C, 0x1D, 0xFF, 0x1F, 0xC0, 0x38, 0x03,
    0x80, 0x30, 0xFE, 0x7F, 0x31, 0xD8, 0x6C, 0x76, 0x73, 0xF1, 0xF8, 0xCE, 0x63, 0x31, 0xD8, 0x70,
    0x7E, 0xFE, 0xC0, 0xC0, 0xE0, 0x7C, 0x3E, 0x07, 0x03, 0x07, 0xFE, 0xFC, 0xFF, 0xFF, 0xC6, 0x03,
    0x01, 0x80, 0xC0, 0x60, 0x30, 0x18, 0x0C, 0x06, 0x03, 0x00, 0xC1, 0xE0, 0xF0, 0x78, 0x3C, 0x1E,
    0x0F, 0x07, 0x83, 0xC1, 0xE0, 0xFF, 0xEF, 0xE0, 0xC0, 0xF0, 0x36, 0x19, 0x86, 0x73, 0x8C, 0xC3,
    0x30, 0xFC, 0x1E, 0x07, 0x81, 0xE0, 0x30, 0xC3, 0x87, 0xE3, 0x86, 0xE3, 0xC6, 0x63, 0xCE, 0x66,
    0xCC, 0x76, 0xCC, 0x36, 0x6C, 0x3E, 0x7C, 0x3C, 0x78, 0x3C, 0x78, 0x1C, 0x38, 0x18, 0x38, 0xE1,
    0xD8, 0xE3, 0x30, 0xFC, 0x1E, 0x07, 0x01, 0xE0, 0xF8, 0x37, 0x1C, 0xE6, 0x1B, 0x07, 0xC1, 0xF8,
    0x66, 0x38, 0xCC, 0x36, 0x07, 0x81, 0xC0, 0x30, 0x0C, 0x03, 0x00, 0xC0, 0x30, 0xFF, 0xFF, 0x06,
    0x0E, 0x0C, 0x1C, 0x38, 0x30, 0x70, 0x60, 0xFF, 0xFF, 0xFF, 0xCC, 0xCC, 0xCC, 0xCC, 0xCC, 0xCF,
    0xF0, 0xC1, 0xC1, 0x83, 0x07, 0x06, 0x0C, 0x0C, 0x18, 0x38, 0x30, 0x60, 0xFB, 0xC6, 0x31, 0x8C,
    0x63, 0x18, 0xC6, 0x31, 0xFD, 0xC0, 0x08, 0x0E, 0x07, 0x06, 0xC3, 0x63, 0x19, 0x8F, 0xC3, 0x01,
    0xFF, 0xF8, 0x63, 0x0C, 0x7E, 0x7F, 0x03, 0x03, 0x7F, 0xFF, 0xC7, 0xFF, 0xFF, 0xC0, 0xC0, 0xC0,
    0xFE, 0xFF, 0xC3, 0xC3, 0xC3, 0xC3, 0xC3, 0xFF, 0xFE, 0x7F, 0xFF, 0x06, 0x0C, 0x18, 0x30, 0x7F,
    0x7E, 0x03, 0x03, 0x03, 0x7F, 0xFF, 0xC3, 0xC3, 0xC3, 0xC3, 0xC3, 0xFF, 0x7F, 0x7C, 0xFE, 0xC7,
    0xC3, 0xFF, 0xFE, 0xC0, 0xFE, 0x7E, 0x3E, 0x78, 0xC7, 0xE7, 0x86, 0x0C, 0x18, 0x30, 0x60, 0xC1,
    0x80, 0x7F, 0xFF, 0xC3, 0xC3, 0xC3, 0xC3, 0xC3, 0xFF, 0x7F, 0x03, 0x03, 0xFF, 0xFE, 0xC0, 0xC0,
    0xC0, 0xFE, 0xFF, 0xC3, 0xC3, 0xC3, 0xC3, 0xC3, 0xC3, 0xC3, 0xF3, 0xFF, 0xFF, 0x18, 0xC0, 0x31,
    0x8C, 0x63, 0x18, 0xC6, 0x31, 0x8F, 0xFE, 0xC0, 0xC0, 0xC0, 0xC6, 0xCC, 0xD8, 0xF0, 0xF8, 0xD8,
    0xDC, 0xCE, 0xC7, 0xFF, 0xFF, 0xFF, 0xFD, 0xF7, 0xFF, 0xF1, 0xCF, 0x8C, 0x3C, 0x61, 0xE3, 0x0F,
    0x18, 0x78, 0xC3, 0xC6, 0x18, 0xFE, 0xFF, 0xC3, 0xC3, 0xC3, 0xC3, 0xC3, 0xC3, 0xC3, 0x7E, 0x7F,
    0xB0, 0xF8, 0x3C, 0x1E, 0x0F, 0x0F, 0xFE, 0x7E, 0x00, 0xFE, 0xFF, 0xC3, 0xC3, 0xC3, 0xC3, 0xC3,
    0xFF, 0xFE, 0xC0, 0xC0, 0xC0, 0xC0, 0x7F, 0xFF, 0xC3, 0xC3, 0xC3, 0xC3, 0xC3, 0xFF, 0x7F, 0x03,
    0x03, 0x03, 0x03, 0xFF, 0xEC, 0x30, 0xC3, 0x0C, 0x30, 0xC0, 0xFD, 0xFB, 0x07, 0x87, 0xC3, 0xC1,
    0xFF, 0xFC, 0x30, 0xCF, 0xDF, 0x30, 0xC3, 0x0C, 0x30, 0xF3, 0xC0, 0xC3, 0xC3, 0xC3, 0xC3, 0xC3,
    0xC3, 0xC7, 0xFF, 0x7F, 0xC3, 0xE1, 0x98, 0xCC, 0xE7, 0x61, 0xB0, 0xF0, 0x78, 0x1C, 0x00, 0xC7,
    0x1E, 0x38, 0xF9, 0xEE, 0xDB, 0x66, 0xDB, 0x36, 0xD8, 0xE3, 0xC7, 0x1C, 0x38, 0xE0, 0xE3, 0x3B,
    0x8D, 0x87, 0x81, 0xC1, 0xE0, 0xD8, 0xCE, 0xE3, 0x80, 0x61, 0xD8, 0x67, 0x38, 0xCC, 0x33, 0x07,
    0xC1, 0xE0, 0x78, 0x0C, 0x03, 0x01, 0xC1, 0xE0, 0x70, 0x00, 0xFF, 0xF1, 0xCE, 0x31, 0x86, 0x3F,
    0xFC, 0x1C, 0xE3, 0x0C, 0x30, 0xC7, 0x38, 0xF0, 0xC3, 0x0C, 0x38, 0xF0, 0x00, 0xFF, 0xFF, 0xFF,
    0xFF, 0xE3, 0xC3, 0x0C, 0x30, 0xC3, 0x87, 0x38, 0xC3, 0x0C, 0x73, 0x88, 0x00, 0xF9, 0xFF, 0x04,
    0xF0, 0xFF, 0xFF, 0x18, 0xFF, 0xFE, 0x0C, 0x18, 0x30, 0x60, 0xE6, 0xFC, 0x60, 0xC0, 0x3F, 0x3F,
    0x70, 0x60, 0x60, 0x60, 0xFE, 0xFE, 0x60, 0x60, 0xFF, 0xFF, 0x41, 0xFF, 0x7E, 0x63, 0x63, 0x76,
    0xFF, 0x4B, 0x61, 0x98, 0x63, 0x30, 0xCC, 0x1F, 0x07, 0x83, 0xF0, 0x30, 0x0C, 0x0F, 0xC3, 0xF0,
    0x30, 0xFF, 0xF0, 0x0F, 0xFF, 0x7F, 0x7E, 0x60, 0x7C, 0x7E, 0x67, 0x73, 0x7E, 0x1E, 0x03, 0x7F,
    0x7E, 0x06, 0xC0, 0x1F, 0xC3, 0xFF, 0x1B, 0xFD, 0xFE, 0x6D, 0x83, 0xEC, 0x0F, 0x60, 0x7B, 0x07,
    0xFD, 0x33, 0x7B, 0x9F, 0xF8, 0x3F, 0x80, 0x60, 0x00, 0xF8, 0x7F, 0x3F, 0x80, 0x32, 0x76, 0xEC,
    0xDC, 0xEC, 0x76, 0x36, 0x00, 0x00, 0x7F, 0xFF, 0xE0, 0x30, 0x18, 0x08, 0x0F, 0xF0, 0x1F, 0xC3,
    0xFF, 0x1F, 0xDD, 0xFF, 0x6D, 0x9B, 0xED, 0xCF, 0x7C, 0x7B, 0xE7, 0xFB, 0xB3, 0xCF, 0x9E, 0x78,
    0x3F, 0x80, 0x60, 0x00, 0x00, 0xFF, 0xFF, 0xFB, 0xFC, 0xF7, 0xF8, 0x80, 0x18, 0x18, 0x18, 0x18,
    0xFF, 0xFF, 0x18, 0x18, 0xFF, 0xFF, 0xFE, 0xC2, 0x33, 0x73, 0xE0, 0xFA, 0xC6, 0xF1, 0x8F, 0xE0,
    0x33, 0xB8, 0xC3, 0xC3, 0xC3, 0xC3, 0xC3, 0xC3, 0xC7, 0xFF, 0xFF, 0xC0, 0xC0, 0xC0, 0xC0, 0x7F,
    0xBF, 0xFF, 0xFF, 0xFF, 0xFF, 0xFF, 0xFE, 0xFF, 0x3F, 0x83, 0xC1, 0xE0, 0xF0, 0x78, 0x3C, 0x1E,
    0x3C, 0x03, 0x1E, 0xF7, 0x00, 0x37, 0x11, 0x11, 0x10, 0xFE, 0xE3, 0xBF, 0x80, 0xD8, 0xEC, 0x7E,
    0x37, 0x76, 0xEC, 0xDC, 0x00, 0x38, 0x63, 0xC6, 0x16, 0x30, 0x33, 0x01, 0xB8, 0x0D, 0xB8, 0x79,
    0xC0, 0xDE, 0x0D, 0xB0, 0xEF, 0xC6, 0x0C, 0x60, 0x60, 0x38, 0x63, 0xC6, 0x16, 0x70, 0x33, 0x01,
    0xB0, 0x0D, 0xFC, 0x7B, 0x61, 0xC3, 0x0C, 0x38, 0xC3, 0x86, 0x38, 0x61, 0xF2, 0x0F, 0x80, 0xF8,
    0x63, 0xF1, 0x81, 0xCC, 0x1E, 0x70, 0x7D, 0x82, 0x7C, 0xCF, 0xB7, 0x09, 0xBC, 0x0E, 0xB0, 0x37,
    0xE1, 0x83, 0x06, 0x0C, 0x18, 0x30, 0x00, 0xC1, 0x87, 0x1C, 0x70, 0xC1, 0x83, 0xB7, 0xE3, 0x00,
    0x18, 0x03, 0x80, 0x38, 0x00, 0x00, 0xE0, 0x1C, 0x07, 0x80, 0xD8, 0x1B, 0x06, 0x70, 0xC6, 0x3F,
    0xC7, 0xFC, 0xC1, 0xB0, 0x36, 0x03, 0x03, 0x00, 0xE0, 0x38, 0x00, 0x00, 0xE0, 0x1C, 0x07, 0x80,
    0xD8, 0x1B, 0x06, 0x70, 0xC6, 0x3F, 0xC7, 0xFC, 0xC1, 0xB0, 0x36, 0x03, 0x0C, 0x03, 0xC0, 0xEC,
    0x00, 0x00, 0xE0, 0x1C, 0x07, 0x80, 0xD8, 0x1B, 0x06, 0x70, 0xC6, 0x3F, 0xC7, 0xFC, 0xC1, 0xB0,
    0x36, 0x03, 0x00, 0x07, 0xF0, 0xFC, 0x00, 0x00, 0xE0, 0x1C, 0x07, 0x80, 0xD8, 0x1B, 0x06, 0x70,
    0xC6, 0x3F, 0xC7, 0xFC, 0xC1, 0xB0, 0x36, 0x03, 0x1B, 0x00, 0x00, 0x00, 0x06, 0x00, 0xE0, 0x3C,
    0x07, 0xC0, 0xD8, 0x33, 0x06, 0x71, 0xFE, 0x3F, 0xE6, 0x0D, 0x81, 0xB0, 0x38, 0x0F, 0x00, 0xF0,
    0x0F, 0x00, 0xF0, 0x06, 0x00, 0xF0, 0x0F, 0x01, 0x98, 0x19, 0x83, 0x9C, 0x3F, 0xC3, 0xFC, 0x60,
    0x66, 0x06, 0xE0, 0x70, 0x03, 0xFC, 0x1F, 0xF0, 0x6C, 0x03, 0x30, 0x0C, 0xC0, 0x63, 0xF1, 0x8F,
    0xCF, 0xF0, 0x3F, 0xC1, 0xC3, 0x06, 0x0F, 0xF8, 0x3F, 0x3F, 0xBF, 0xF8, 0x18, 0x0C, 0x06, 0x03,
    0x01, 0x80, 0xC0, 0x70, 0x1F, 0xE7, 0xF0, 0xC0, 0x70, 0x18, 0x3C, 0x08, 0x00, 0x60, 0x60, 0x60,
    0x0F, 0xFF, 0xF0, 0x60, 0xC1, 0xFF, 0xF6, 0x0C, 0x18, 0x3F, 0xFF, 0x0C, 0x38, 0xE0, 0x0F, 0xFF,
    0xF0, 0x60, 0xC1, 0xFF, 0xF6, 0x0C, 0x18, 0x3F, 0xFF, 0x38, 0xF1, 0xB0, 0x0F, 0xFF, 0xF0, 0x60,
    0xC1, 0xFF, 0xF6, 0x0C, 0x18, 0x3F, 0xFF, 0x6C, 0x00, 0x07, 0xFF, 0xF8, 0x30, 0x60, 0xFF, 0xFB,
    0x06, 0x0C, 0x1F, 0xFF, 0x80, 0xCE, 0x70, 0xF6, 0x66, 0x66, 0x66, 0x66, 0x6F, 0x19, 0x98, 0x0F,
    0x31, 0x8C, 0x63, 0x18, 0xC6, 0x31, 0x9E, 0x31, 0xEE, 0xC0, 0x78, 0xC3, 0x0C, 0x30, 0xC3, 0x0C,
    0x30, 0xC3, 0x1E, 0xD8, 0x01, 0xF6, 0x31, 0x8C, 0x63, 0x18, 0xC6, 0x33, 0xE0, 0x7F, 0x0F, 0xF1,
    0x87, 0x30, 0x76, 0x0E, 0xC0, 0xFF, 0x1F, 0xE7, 0x60, 0xCC, 0x39, 0xFE, 0x3F, 0x80, 0x00, 0x0F,
    0xC3, 0xF0, 0x00, 0xE0, 0xF8, 0x3F, 0x0F, 0xC3, 0xD8, 0xF7, 0x3C, 0xCF, 0x3B, 0xC7, 0xF0, 0xFC,
    0x3F, 0x07, 0x18, 0x01, 0x80, 0x18, 0x00, 0x03, 0xF8, 0xFF, 0xB8, 0x3E, 0x03, 0xC0, 0x78, 0x0F,
    0x01, 0xE0, 0x3C, 0x07, 0xC1, 0xDF, 0xF1, 0xFC, 0x03, 0x00, 0xE0, 0x38, 0x00, 0x03, 0xF8, 0xFF,
    0xB8, 0x3E, 0x03, 0xC0, 0x78, 0x0F, 0x01, 0xE0, 0x3C, 0x07, 0xC1, 0xDF, 0xF1, 0xFC, 0x0E, 0x03,
    0xE0, 0xEE, 0x00, 0x03, 0xF8, 0xFF, 0xB8, 0x3E, 0x03, 0xC0, 0x78, 0x0F, 0x01, 0xE0, 0x3C, 0x07,
    0xC1, 0xDF, 0xF1, 0xFC, 0x00, 0x03, 0xF0, 0xFC, 0x00, 0x03, 0xF8, 0xFF, 0xB8, 0x3E, 0x03, 0xC0,
    0x78, 0x0F, 0x01, 0xE0, 0x3C, 0x07, 0xC1, 0xDF, 0xF1, 0xFC, 0x1B, 0x00, 0x00, 0x00, 0x1F, 0xC7,
    0xFD, 0xC1, 0xF0, 0x1E, 0x03, 0xC0, 0x78, 0x0F, 0x01, 0xE0, 0x3E, 0x0E, 0xFF, 0x8F, 0xE0, 0x82,
    0xC7, 0x6E, 0x3C, 0x38, 0x7C, 0xE6, 0xC2, 0x00, 0x47, 0xF9, 0xFF, 0x70, 0xFC, 0x37, 0x8E, 0xF1,
    0x9E, 0x63, 0xDC, 0x7F, 0x0F, 0xC3, 0xBF, 0xEF, 0xF8, 0x80, 0x00, 0x38, 0x0C, 0x03, 0x00, 0x0C,
    0x1E, 0x0F, 0x07, 0x83, 0xC1, 0xE0, 0xF0, 0x78, 0x3C, 0x1E, 0x0F, 0xFE, 0xFE, 0x06, 0x07, 0x07,
    0x00, 0x0C, 0x1E, 0x0F, 0x07, 0x83, 0xC1, 0xE0, 0xF0, 0x78, 0x3C, 0x1E, 0x0F, 0xFE, 0xFE, 0x1C,
    0x0E, 0x0D, 0x80, 0x0C, 0x1E, 0x0F, 0x07, 0x83, 0xC1, 0xE0, 0xF0, 0x78, 0x3C, 0x1E, 0x0F, 0xFE,
    0xFE, 0x36, 0x00, 0x00, 0x18, 0x3C, 0x1E, 0x0F, 0x07, 0x83, 0xC1, 0xE0, 0xF0, 0x78, 0x3C, 0x1F,
    0xFD, 0xFC, 0x06, 0x03, 0x80, 0xC0, 0x00, 0xC1, 0xF8, 0x66, 0x38, 0xCC, 0x36, 0x07, 0x81, 0xC0,
    0x30, 0x0C, 0x03, 0x00, 0xC0, 0x30, 0xC0, 0xC0, 0xFE, 0xFE, 0xC7, 0xC3, 0xC7, 0xCE, 0xFE, 0xF0,
    0xC0, 0xC0, 0x7E, 0x7F, 0xB0, 0xD8, 0xCC, 0xE6, 0xE3, 0x39, 0x8E, 0xC3, 0xE0, 0xF7, 0xFB, 0xE0,
    0x20, 0x38, 0x18, 0x00, 0x7E, 0x7F, 0x03, 0x03, 0x7F, 0xFF, 0xC7, 0xFF, 0xFF, 0x04, 0x0E, 0x18,
    0x00, 0x7E, 0x7F, 0x03, 0x03, 0x7F, 0xFF, 0xC7, 0xFF, 0xFF, 0x18, 0x3C, 0x7E, 0x00, 0x7E, 0x7F,
    0x03, 0x03, 0x7F, 0xFF, 0xC7, 0xFF, 0xFF, 0x00, 0x7F, 0x7E, 0x00, 0x7E, 0x7F, 0x03, 0x03, 0x7F,
    0xFF, 0xC7, 0xFF, 0xFF, 0x6C, 0x24, 0x00, 0x7E, 0x7F, 0x03, 0x03, 0x7F, 0xFF, 0xC7, 0xFF, 0xFF,
    0x00, 0x3C, 0x3C, 0x3C, 0x3C, 0x00, 0x7E, 0x7F, 0x03, 0x03, 0x7F, 0xFF, 0xC7, 0xFF, 0xFF, 0x7D,
    0xE3, 0xFF, 0x81, 0xCE, 0x0C, 0x37, 0xFF, 0xFF, 0xFB, 0x1C, 0x1F, 0xFE, 0xF9, 0xF0, 0x7F, 0xFF,
    0x06, 0x0C, 0x18, 0x30, 0x7F, 0x7E, 0x20, 0x70, 0xE3, 0xC6, 0x00, 0x20, 0x30, 0x18, 0x00, 0x7C,
    0xFE, 0xC7, 0xC3, 0xFF, 0xFE, 0xC0, 0xFE, 0x7E, 0x04, 0x0C, 0x18, 0x00, 0x7C, 0xFE, 0xC7, 0xC3,
    0xFF, 0xFE, 0xC0, 0xFE, 0x7E, 0x10, 0x3C, 0x6E, 0x00, 0x7C, 0xFE, 0xC7, 0xC3, 0xFF, 0xFE, 0xC0,
    0xFE, 0x7E, 0x6C, 0x24, 0x00, 0x7C, 0xFE, 0xC7, 0xC3, 0xFF, 0xFE, 0xC0, 0xFE, 0x7E, 0x06, 0x30,
    0x33, 0x33, 0x33, 0x33, 0x30, 0x01, 0x98, 0x06, 0x31, 0x8C, 0x63, 0x18, 0xC6, 0x00, 0x00, 0x79,
    0xB8, 0x01, 0x83, 0x06, 0x0C, 0x18, 0x30, 0x60, 0xC1, 0x80, 0xDC, 0x00, 0xC6, 0x31, 0x8C, 0x63,
    0x18, 0xC0, 0x33, 0x1F, 0x8F, 0x86, 0xC0, 0x33, 0xFB, 0xFF, 0x87, 0xC1, 0xE0, 0xF0, 0xFF, 0xE7,
    0xE0, 0x00, 0x7E, 0xFE, 0x00, 0xFE, 0xFF, 0xC3, 0xC3, 0xC3, 0xC3, 0xC3, 0xC3, 0xC3, 0x30, 0x1C,
    0x07, 0x00, 0x07, 0xE7, 0xFB, 0x0F, 0x83, 0xC1, 0xE0, 0xF0, 0xFF, 0xE7, 0xE0, 0x06, 0x07, 0x07,
    0x00, 0x07, 0xE7, 0xFB, 0x0F, 0x83, 0xC1, 0xE0, 0xF0, 0xFF, 0xE7, 0xE0, 0x08, 0x1E, 0x1D, 0x80,
    0x07, 0xE7, 0xFB, 0x0F, 0x83, 0xC1, 0xE0, 0xF0, 0xFF, 0xE7, 0xE0, 0x00, 0x3F, 0x9F, 0x80, 0x07,
    0xE7, 0xFB, 0x0F, 0x83, 0xC1, 0xE0, 0xF0, 0xFF, 0xE7, 0xE0, 0x36, 0x12, 0x00, 0x0F, 0xCF, 0xF6,
    0x1F, 0x07, 0x83, 0xC1, 0xE1, 0xFF, 0xCF, 0xC0, 0x18, 0x18, 0x00, 0x00, 0xFF, 0xFF, 0x18, 0x18,
    0x01, 0x3F, 0xBF, 0xD8, 0xFC, 0xFE, 0xCF, 0xE7, 0xE7, 0xFF, 0x7F, 0x10, 0x00, 0x00, 0x30, 0x18,
    0x00, 0xC3, 0xC3, 0xC3, 0xC3, 0xC3, 0xC3, 0xC7, 0xFF, 0x7F, 0x00, 0x0C, 0x18, 0x00, 0xC3, 0xC3,
    0xC3, 0xC3, 0xC3, 0xC3, 0xC7, 0xFF, 0x7F, 0x00, 0x3C, 0x6E, 0x00, 0xC3, 0xC3, 0xC3, 0xC3, 0xC3,
    0xC3, 0xC7, 0xFF, 0x7F, 0x6C, 0x24, 0x00, 0xC3, 0xC3, 0xC3, 0xC3, 0xC3, 0xC3, 0xC7, 0xFF, 0x7F,
    0x00, 0x01, 0xC0, 0xC0, 0x00, 0x61, 0xD8, 0x67, 0x38, 0xCC, 0x33, 0x07, 0xC1, 0xE0, 0x78, 0x0C,
    0x03, 0x01, 0xC1, 0xE0, 0x70, 0x00, 0xC0, 0xC0, 0xC0, 0xFE, 0xFF, 0xC3, 0xC3, 0xC3, 0xC3, 0xC3,
    0xFF, 0xFE, 0xC0, 0xC0, 0xC0, 0xC0, 0x36, 0x12, 0x00, 0x18, 0x7E, 0x33, 0x19, 0x9C, 0x6C, 0x36,
    0x1E, 0x07, 0x03, 0x81, 0x80, 0xC3, 0xE1, 0xE0, 0x1F, 0x03, 0xE0, 0x00, 0x07, 0x00, 0xE0, 0x1E,
    0x06, 0xC0, 0xD8, 0x39, 0x86, 0x30, 0xFF, 0x3F, 0xE6, 0x0D, 0xC1, 0xF0, 0x18, 0x7C, 0x7C, 0x00,
    0x7E, 0x7F, 0x07, 0x03, 0x7F, 0xFF, 0xC7, 0xFF, 0xFF, 0x11, 0x03, 0xE0, 0x7C, 0x00, 0x00, 0xE0,
    0x1C, 0x03, 0xC0, 0xD8, 0x1B, 0x07, 0x30, 0xC6, 0x1F, 0xE7, 0xFC, 0xC1, 0xB8, 0x3E, 0x03, 0x02,
    0x7E, 0x3C, 0x00, 0x7E, 0x7F, 0x03, 0x03, 0x7F, 0xE3, 0xC7, 0xCF, 0xFF, 0x0E, 0x00, 0xE0, 0x1F,
    0x01, 0xB0, 0x1B, 0x03, 0x38, 0x31, 0x87, 0xFC, 0x7F, 0xC6, 0x0C, 0xE0, 0xEC, 0x06, 0x00, 0xE0,
    0x0C, 0x00, 0xC0, 0x0E, 0x00, 0x60, 0x7E, 0x7F, 0x03, 0x03, 0x7F, 0xFF, 0xC7, 0xFF, 0xFF, 0x07,
    0x06, 0x06, 0x07, 0x02, 0x03, 0x03, 0x83, 0x00, 0x03, 0xFB, 0xFF, 0x81, 0x80, 0xC0, 0x60, 0x30,
    0x18, 0x0C, 0x07, 0x01, 0xFE, 0x7F, 0x04, 0x18, 0x60, 0x07, 0xFF, 0xF0, 0x60, 0xC1, 0x83, 0x07,
    0xF7, 0xE0, 0x0C, 0x0F, 0x0E, 0xC0, 0x03, 0xFB, 0xFF, 0x81, 0x80, 0xC0, 0x60, 0x30, 0x18, 0x0C,
    0x07, 0x01, 0xFE, 0x7F, 0x18, 0x79, 0xB8, 0x07, 0xFF, 0xF0, 0x60, 0xC1, 0x83, 0x07, 0xF7, 0xE0,
    0x0C, 0x06, 0x00, 0x07, 0xF7, 0xFF, 0x03, 0x01, 0x80, 0xC0, 0x60, 0x30, 0x18, 0x0E, 0x03, 0xFC,
    0xFE, 0x18, 0x30, 0x03, 0xFF, 0xF8, 0x30, 0x60, 0xC1, 0x83, 0xFB, 0xF0, 0x33, 0x0F, 0x83, 0x80,
    0x03, 0xFB, 0xFF, 0x81, 0x80, 0xC0, 0x60, 0x30, 0x18, 0x0C, 0x07, 0x01, 0xFE, 0x7F, 0x42, 0xFC,
    0xF0, 0x07, 0xFF, 0xF0, 0x60, 0xC1, 0x83, 0x07, 0xF7, 0xE0, 0x62, 0x0F, 0x81, 0xC0, 0x00, 0xFE,
    0x3F, 0xCC, 0x3B, 0x07, 0xC1, 0xF0, 0x3C, 0x0F, 0x07, 0xC1, 0xB0, 0xEF, 0xF3, 0xF8, 0x03, 0x60,
    0x6C, 0x0F, 0x3F, 0x8F, 0xF1, 0x86, 0x30, 0xC6, 0x18, 0xC3, 0x18, 0x63, 0xFC, 0x3F, 0x80, 0x7F,
    0x0F, 0xF1, 0x87, 0x30, 0x76, 0x0E, 0xC0, 0xFF, 0x1F, 0xE7, 0x60, 0xCC, 0x39, 0xFE, 0x3F, 0x80,
    0x03, 0x0F, 0xC7, 0xEF, 0xEF, 0xF6, 0x1B, 0x0D, 0x86, 0xC3, 0x61, 0xBF, 0xCF, 0xE0, 0x7C, 0xF8,
    0x07, 0xFF, 0xF8, 0x30, 0x60, 0xFF, 0xFB, 0x06, 0x0C, 0x1F, 0xFF, 0x80, 0x7C, 0x7C, 0x00, 0x7C,
    0xFE, 0xC7, 0xC3, 0xFF, 0xFE, 0xC0, 0xFE, 0x7E, 0x44, 0xF9, 0xF0, 0x0F, 0xFF, 0xF0, 0x60, 0xC1,
    0xFF, 0xF6, 0x0C, 0x18, 0x3F, 0xFF, 0x40, 0x7E, 0x7C, 0x00, 0x7C, 0xFE, 0xC7, 0xC3, 0xFF, 0xFE,
    0xC0, 0xFE, 0x7E, 0x30, 0x60, 0x07, 0xFF, 0xD8, 0x30, 0x60, 0xFD, 0xFB, 0x06, 0x0C, 0x1F, 0xBF,
    0x80, 0x18, 0x18, 0x00, 0x7C, 0xFE, 0xC7, 0xC3, 0xFF, 0xFE, 0xC0, 0xFE, 0x7E, 0xFF, 0xFF, 0x06,
    0x0C, 0x1F, 0xFF, 0x60, 0xC1, 0x83, 0xFF, 0xF0, 0xC3, 0x86, 0x0F, 0x04, 0x7C, 0xFE, 0xC7, 0xC3,
    0xFF, 0xFE, 0xC0, 0xFE, 0x7E, 0x0C, 0x0C, 0x0E, 0x04, 0xC4, 0xF8, 0xE0, 0x0F, 0xFF, 0xF0, 0x60,
    0xC1, 0xFF, 0xF6, 0x0C, 0x18, 0x3F, 0xFF, 0x40, 0x7C, 0x38, 0x00, 0x7C, 0xFE, 0xC7, 0xC3, 0xFF,
    0xFE, 0xC0, 0xFE, 0x7E, 0x06, 0x03, 0xC1, 0xB8, 0x00, 0x1F, 0xDF, 0xF6, 0x03, 0x00, 0xC0, 0x30,
    0x0C, 0x7F, 0x0F, 0xC0, 0xF8, 0x37, 0xFC, 0xFF, 0x18, 0x3C, 0x7E, 0x00, 0x7F, 0xFF, 0xC3, 0xC3,
    0xC3, 0xC3, 0xC3, 0xFF, 0x7F, 0x03, 0x03, 0xFF, 0xFE, 0x11, 0x87, 0xE0, 0xF0, 0x00, 0x1F, 0xDF,
    0xF6, 0x03, 0x00, 0xC0, 0x30, 0x0C, 0x7F, 0x0F, 0xC0, 0xF8, 0x37, 0xFC, 0xFF, 0x00, 0x7E, 0x3C,
    0x00, 0x7F, 0xFF, 0xC3, 0xC3, 0xC3, 0xC3, 0xC3, 0xFF, 0x7F, 0x03, 0x03, 0xFF, 0xFE, 0x06, 0x01,
    0x80, 0x00, 0x7F, 0x7F, 0xD8, 0x0C, 0x03, 0x00, 0xC0, 0x31, 0xFC, 0x3F, 0x03, 0xE0, 0xDF, 0xF3,
    0xFC, 0x18, 0x18, 0x00, 0x7F, 0xFF, 0xC3, 0xC3, 0xC3, 0xC3, 0xC3, 0xFF, 0x7F, 0x03, 0x03, 0xFF,
    0xFE, 0x1F, 0xDF, 0xF6, 0x03, 0x00, 0xC0, 0x30, 0x0C, 0x7F, 0x0F, 0xC0, 0xF8, 0x37, 0xFC, 0xFF,
    0x00, 0x01, 0x80, 0x60, 0x30, 0x08, 0x18, 0x18, 0x00, 0x7F, 0xFF, 0xC3, 0xC3, 0xC3, 0xC3, 0xC3,
    0xFF, 0x7F, 0x03, 0x03, 0xFF, 0xFE, 0x1C, 0x0E, 0x0D, 0x80, 0x0C, 0x1E, 0x0F, 0x07, 0x83, 0xC1,
    0xFF, 0xFF, 0xF8, 0x3C, 0x1E, 0x0F, 0x07, 0x83, 0x18, 0x07, 0x81, 0xF0, 0x23, 0x00, 0x00, 0x30,
    0x06, 0x00, 0xC0, 0x1F, 0xC3, 0xFC, 0x61, 0x8C, 0x31, 0x86, 0x30, 0xC6, 0x18, 0xC3, 0x18, 0x60,
    0x60, 0x66, 0x06, 0xFF, 0xFF, 0xFF, 0x60, 0x67, 0xFE, 0x7F, 0xE6, 0x06, 0x60, 0x66, 0x06, 0x60,
    0x66, 0x06, 0x60, 0x7E, 0x3F, 0x0F, 0xE7, 0xFB, 0x8D, 0x86, 0xC3, 0x61, 0xB0, 0xD8, 0x6C, 0x30,
    0x03, 0xFF, 0xC0, 0x78, 0xC3, 0x0C, 0x30, 0xC3, 0x0C, 0x30, 0xC3, 0x1E, 0x00, 0xFF, 0xF8, 0x01,
    0x83, 0x06, 0x0C, 0x18, 0x30, 0x60, 0xC1, 0x80, 0xFF, 0xC1, 0xE6, 0x31, 0x8C, 0x63, 0x18, 0xC6,
    0x33, 0xC0, 0xFF, 0xC0, 0xC6, 0x31, 0x8C, 0x63, 0x18, 0xC0, 0x03, 0xF7, 0x80, 0x78, 0xC3, 0x0C,
    0x30, 0xC3, 0x0C, 0x30, 0xC3, 0x1E, 0x83, 0xFF, 0x80, 0x30, 0xC3, 0x0C, 0x30, 0xC3, 0x0C, 0x30,
    0xF6, 0x66, 0x66, 0x66, 0x66, 0x6F, 0x36, 0x67, 0x10, 0x6C, 0x36, 0xDB, 0x6D, 0xBF, 0xB7, 0x40,
    0x66, 0x0F, 0x66, 0x66, 0x66, 0x66, 0x66, 0xF0, 0xFF, 0xFF, 0xC0, 0xF3, 0x63, 0x63, 0x63, 0x63,
    0x63, 0x63, 0x63, 0x63, 0x63, 0x63, 0xF3, 0x03, 0x07, 0x1E, 0x0C, 0xCF, 0x30, 0x33, 0xCF, 0x3C,
    0xF3, 0xCF, 0x3C, 0xF3, 0x0C, 0x33, 0xCF, 0x38, 0xF9, 0xB8, 0x01, 0x83, 0x06, 0x0C, 0x18, 0x30,
    0x60, 0xC1, 0x83, 0x06, 0x0C, 0x18, 0x73, 0xC2, 0x00, 0x00, 0x79, 0xB8, 0x01, 0x83, 0x06, 0x0C,
    0x18, 0x30, 0x60, 0xC1, 0x83, 0x06, 0x7C, 0xF0, 0xC3, 0xE3, 0xB3, 0x9B, 0x8F, 0x87, 0x83, 0xE1,
    0xB8, 0xCE, 0x63, 0x31, 0xD8, 0x70, 0x00, 0xC0, 0x60, 0x20, 0xC0, 0xC0, 0xC0, 0xC6, 0xCC, 0xD8,
    0xF0, 0xF8, 0xD8, 0xDC, 0xCE, 0xC7, 0x00, 0x30, 0x30, 0x30, 0xCE, 0xCC, 0xD8, 0xF8, 0xF0, 0xF8,
    0xDC, 0xCE, 0xC6, 0x30, 0x70, 0x60, 0x00, 0x60, 0x60, 0x60, 0x60, 0x60, 0x60, 0x60, 0x60, 0x60,
    0x60, 0x7F, 0x7F, 0x31, 0x98, 0x80, 0x31, 0x8C, 0x63, 0x18, 0xC6, 0x31, 0x8C, 0x60, 0xC1, 0x83,
    0x06, 0x0C, 0x18, 0x30, 0x60, 0xC1, 0x83, 0xFF, 0xF0, 0x03, 0x0C, 0x18, 0x6D, 0xB6, 0xDB, 0x6D,
    0xB0, 0xDE, 0xC7, 0x8F, 0x36, 0x0C, 0x18, 0x30, 0x60, 0xC1, 0x83, 0xFF, 0xF0, 0xFF, 0xBD, 0x8C,
    0x63, 0x18, 0xC6, 0x31, 0x80, 0xC1, 0x83, 0x06, 0x0C, 0x19, 0xB3, 0x60, 0xC1, 0x83, 0xFF, 0xF0,
    0xCC, 0xCC, 0xCF, 0xFC, 0xCC, 0xCC, 0x30, 0x18, 0x0C, 0x06, 0x03, 0x41, 0xF1, 0xE1, 0xE0, 0x70,
    0x18, 0x0F, 0xE7, 0xF0, 0x30, 0xC3, 0x0C, 0x38, 0xE7, 0x3C, 0x30, 0xC3, 0x0C, 0x06, 0x03, 0x80,
    0xC0, 0x00, 0xE0, 0xF8, 0x3F, 0x0F, 0xC3, 0xD8, 0xF7, 0x3C, 0xCF, 0x3B, 0xC7, 0xF0, 0xFC, 0x3F,
    0x07, 0x0C, 0x1C, 0x18, 0x00, 0xFE, 0xFF, 0xC3, 0xC3, 0xC3, 0xC3, 0xC3, 0xC3, 0xC3, 0xE0, 0xF8,
    0x3F, 0x0F, 0xC3, 0xD8, 0xF7, 0x3C, 0xCF, 0x3B, 0xC7, 0xF0, 0xFC, 0x3F, 0x07, 0x00, 0x03, 0x00,
    0xC0, 0x60, 0xFE, 0xFF, 0xC3, 0xC3, 0xC3, 0xC3, 0xC3, 0xC3, 0xC3, 0x00, 0x18, 0x18, 0x30, 0x33,
    0x0F, 0x81, 0xC0, 0x00, 0xE0, 0xF8, 0x3F, 0x0F, 0xC3, 0xD8, 0xF7, 0x3C, 0xCF, 0x3B, 0xC7, 0xF0,
    0xFC, 0x3F, 0x07, 0x44, 0x7C, 0x38, 0x00, 0xFE, 0xFF, 0xC3, 0xC3, 0xC3, 0xC3, 0xC3, 0xC3, 0xC3,
    0x60, 0x0C, 0x03, 0x80, 0x6F, 0xE1, 0xCE, 0x30, 0xC6, 0x18, 0xC3, 0x18, 0x63, 0x0C, 0x61, 0x8C,
    0x30, 0xE0, 0xF8, 0x3F, 0x0F, 0xE3, 0xD8, 0xF7, 0x3C, 0xCF, 0x1B, 0xC7, 0xF0, 0xFC, 0x1F, 0x07,
    0x00, 0xC0, 0x70, 0x78, 0x08, 0xFE, 0xFF, 0xC3, 0xC3, 0xC3, 0xC3, 0xC3, 0xC3, 0xC3, 0x03, 0x03,
    0x0F, 0x0E, 0x1F, 0x03, 0xE0, 0x00, 0x1F, 0xC7, 0xFD, 0xC1, 0xF0, 0x1E, 0x03, 0xC0, 0x78, 0x0F,
    0x01, 0xE0, 0x3E, 0x0E, 0xFF, 0x8F, 0xE0, 0x3E, 0x1F, 0x00, 0x0F, 0xCF, 0xF6, 0x1F, 0x07, 0x83,
    0xC1, 0xE1, 0xFF, 0xCF, 0xC0, 0x11, 0x03, 0xE0, 0x7C, 0x00, 0x03, 0xF8, 0xFF, 0xB8, 0x3E, 0x03,
    0xC0, 0x78, 0x0F, 0x01, 0xE0, 0x3C, 0x07, 0xC1, 0xDF, 0xF1, 0xFC, 0x02, 0x3F, 0x0F, 0x80, 0x07,
    0xE7, 0xFB, 0x0F, 0x83, 0xC1, 0xE0, 0xF0, 0xFF, 0xE7, 0xE0, 0x1F, 0x83, 0x60, 0xD8, 0x00, 0x03,
    0xF8, 0xFF, 0xB8, 0x3E, 0x03, 0xC0, 0x78, 0x0F, 0x01, 0xE0, 0x3C, 0x07, 0xC1, 0xDF, 0xF1, 0xFC,
    0x3F, 0x1B, 0x1B, 0x00, 0x07, 0xE7, 0xFB, 0x0F, 0x83, 0xC1, 0xE0, 0xF0, 0xFF, 0xE7, 0xE0, 0x3F,
    0xFD, 0xFF, 0xEE, 0x18, 0x30, 0x60, 0xC1, 0x83, 0x07, 0xFC, 0x1F, 0xB0, 0x60, 0xC1, 0x83, 0x86,
    0x07, 0xFF, 0x8F, 0xFF, 0x7E, 0xFB, 0xFF, 0xFC, 0x38, 0xF0, 0xC3, 0xC3, 0xFF, 0x0F, 0xFC, 0x38,
    0x3F, 0xFF, 0x7E, 0xFC, 0x0C, 0x0E, 0x0E, 0x00, 0x0F, 0xE7, 0xF3, 0x1D, 0x86, 0xC7, 0x67, 0x3F,
    0x1F, 0x8C, 0xE6, 0x33, 0x1D, 0x87, 0x18, 0xE3, 0x00, 0xFF, 0xEC, 0x30, 0xC3, 0x0C, 0x30, 0xC0,
    0xFE, 0x7F, 0x31, 0xD8, 0x6C, 0x76, 0x73, 0xF1, 0xF8, 0xCE, 0x63, 0x31, 0xD8, 0x70, 0x00, 0xC0,
    0x60, 0x20, 0x7E, 0xF9, 0x83, 0x06, 0x0C, 0x18, 0x30, 0x60, 0x01, 0x83, 0x0C, 0x00, 0x44, 0x3E,
    0x0E, 0x00, 0x0F, 0xE7, 0xF3, 0x1D, 0x86, 0xC7, 0x67, 0x3F, 0x1F, 0x8C, 0xE6, 0x33, 0x1D, 0x87,
    0x44, 0xF8, 0xE0, 0x07, 0xEF, 0x98, 0x30, 0x60, 0xC1, 0x83, 0x06, 0x00, 0x0E, 0x1C, 0x18, 0x00,
    0x7E, 0xFE, 0xC0, 0xC0, 0xE0, 0x7C, 0x3E, 0x07, 0x03, 0x07, 0xFE, 0xFC, 0x0C, 0x38, 0xE0, 0x0F,
    0xDF, 0xB0, 0x78, 0x7C, 0x3C, 0x1F, 0xFF, 0xC0, 0x18, 0x3C, 0x6E, 0x00, 0x7E, 0xFE, 0xC0, 0xC0,
    0xE0, 0x7C, 0x3E, 0x07, 0x03, 0x07, 0xFE, 0xFC, 0x10, 0xF3, 0xB0, 0x0F, 0xDF, 0xB0, 0x78, 0x7C,
    0x3C, 0x1F, 0xFF, 0xC0, 0x7E, 0xFE, 0xC0, 0xC0, 0xE0, 0x7C, 0x3E, 0x07, 0x03, 0x07, 0xFE, 0xFC,
    0x30, 0x3C, 0x1C, 0x78, 0x20, 0xFD, 0xFB, 0x07, 0x87, 0xC3, 0xC1, 0xFF, 0xFC, 0x60, 0xE0, 0xC7,
    0x84, 0x00, 0x66, 0x7C, 0x38, 0x00, 0x7E, 0xFE, 0xC0, 0xC0, 0xE0, 0x7C, 0x3E, 0x07, 0x03, 0x07,
    0xFE, 0xFC, 0x05, 0xF8, 0xE0, 0x0F, 0xDF, 0xB0, 0x78, 0x7C, 0x3C, 0x1F, 0xFF, 0xC0, 0xFF, 0xFF,
    0xC6, 0x03, 0x01, 0x80, 0xC0, 0x60, 0x30, 0x18, 0x0C, 0x06, 0x03, 0x01, 0x80, 0xF0, 0x38, 0x78,
    0x30, 0xCF, 0xDF, 0x30, 0xC3, 0x0C, 0x30, 0xF3, 0xC6, 0x1C, 0x33, 0xC4, 0x66, 0x1F, 0x07, 0x00,
    0x0F, 0xFF, 0xFC, 0x60, 0x30, 0x18, 0x0C, 0x06, 0x03, 0x01, 0x80, 0xC0, 0x60, 0x30, 0x03, 0x01,
    0x8C, 0xDF, 0x87, 0xC1, 0x80, 0xC0, 0x60, 0x30, 0x18, 0x0F, 0x07, 0x80, 0xFF, 0xFF, 0xC6, 0x03,
    0x01, 0x83, 0xF1, 0xF8, 0x30, 0x18, 0x0C, 0x06, 0x03, 0x00, 0x30, 0xCF, 0xDF, 0x31, 0xF7, 0x8C,
    0x30, 0xF3, 0xC0, 0x00, 0x1F, 0x9F, 0x80, 0x0C, 0x1E, 0x0F, 0x07, 0x83, 0xC1, 0xE0, 0xF0, 0x78,
    0x3C, 0x1E, 0x0F, 0xFE, 0xFE, 0x00, 0x7E, 0x7E, 0x00, 0xC3, 0xC3, 0xC3, 0xC3, 0xC3, 0xC3, 0xC7,
    0xFF, 0x7F, 0x3E, 0x1F, 0x00, 0x18, 0x3C, 0x1E, 0x0F, 0x07, 0x83, 0xC1, 0xE0, 0xF0, 0x78, 0x3C,
    0x1F, 0xFD, 0xFC, 0x7C, 0x7C, 0x00, 0xC3, 0xC3, 0xC3, 0xC3, 0xC3, 0xC3, 0xC7, 0xFF, 0x7F, 0x22,
    0x1F, 0x0F, 0x00, 0x0C, 0x1E, 0x0F, 0x07, 0x83, 0xC1, 0xE0, 0xF0, 0x78, 0x3C, 0x1E, 0x0F, 0xFE,
    0xFE, 0x00, 0x7E, 0x3C, 0x00, 0xC3, 0xC3, 0xC3, 0xC3, 0xC3, 0xC3, 0xC7, 0xFF, 0x7F, 0x08, 0x1E,
    0x0F, 0x07, 0x81, 0xC0, 0x03, 0x07, 0x83, 0xC1, 0xE0, 0xF0, 0x78, 0x3C, 0x1E, 0x0F, 0x07, 0x83,
    0xFF, 0xBF, 0x80, 0x10, 0x3C, 0x7C, 0x7C, 0x3C, 0x00, 0xC3, 0xC3, 0xC3, 0xC3, 0xC3, 0xC3, 0xC7,
    0xFF, 0x7F, 0x3F, 0x1B, 0x1B, 0x00, 0x0C, 0x1E, 0x0F, 0x07, 0x83, 0xC1, 0xE0, 0xF0, 0x78, 0x3C,
    0x1E, 0x0F, 0xFE, 0xFE, 0x36, 0x6C, 0x6C, 0x00, 0xC3, 0xC3, 0xC3, 0xC3, 0xC3, 0xC3, 0xC7, 0xFF,
    0x7F, 0xC1, 0xE0, 0xF0, 0x78, 0x3C, 0x1E, 0x0F, 0x07, 0x83, 0xC1, 0xE0, 0xFF, 0xEF, 0xE0, 0x60,
    0x30, 0x1C, 0x04, 0xC3, 0xC3, 0xC3, 0xC3, 0xC3, 0xC3, 0xC7, 0xFF, 0x7F, 0x06, 0x06, 0x06, 0x07,
    0x02, 0x01, 0x80, 0x03, 0xC0, 0x06, 0xE0, 0x00, 0x00, 0xC3, 0x87, 0xE3, 0x86, 0xE3, 0xC6, 0x63,
    0xCE, 0x66, 0xCC, 0x76, 0xCC, 0x36, 0x6C, 0x3E, 0x7C, 0x3C, 0x78, 0x3C, 0x78, 0x1C, 0x38, 0x18,
    0x38, 0x00, 0x00, 0x38, 0x03, 0x60, 0x00, 0x0C, 0x71, 0xE3, 0x8F, 0x9E, 0xED, 0xB6, 0x6D, 0xB3,
    0x6D, 0x8E, 0x3C, 0x71, 0xC3, 0x8E, 0x00, 0x0C, 0x07, 0x83, 0x70, 0x00, 0xC1, 0xF8, 0x66, 0x38,
    0xCC, 0x36, 0x07, 0x81, 0xC0, 0x30, 0x0C, 0x03, 0x00, 0xC0, 0x30, 0x00, 0x07, 0x83, 0xF0, 0x00,
    0x61, 0xD8, 0x67, 0x38, 0xCC, 0x33, 0x07, 0xC1, 0xE0, 0x78, 0x0C, 0x03, 0x01, 0xC1, 0xE0, 0x70,
    0x00, 0x1B, 0x00, 0x00, 0x03, 0x83, 0x61, 0xCC, 0x63, 0x30, 0x6C, 0x1E, 0x03, 0x80, 0xC0, 0x30,
    0x0C, 0x03, 0x00, 0xC0, 0x0E, 0x0C, 0x18, 0x00, 0xFF, 0xFF, 0x06, 0x0E, 0x0C, 0x1C, 0x38, 0x30,
    0x70, 0x60, 0xFF, 0xFF, 0x00, 0x63, 0x00, 0xFF, 0xF1, 0xCE, 0x31, 0x86, 0x3F, 0xFC, 0x18, 0x18,
    0x00, 0xFF, 0xFF, 0x06, 0x0E, 0x0C, 0x1C, 0x38, 0x30, 0x70, 0x60, 0xFF, 0xFF, 0x30, 0xC0, 0x3F,
    0xFC, 0x71, 0x8C, 0x71, 0x8F, 0xFF, 0x66, 0x3E, 0x1C, 0x00, 0xFF, 0xFF, 0x06, 0x0E, 0x0C, 0x1C,
    0x38, 0x30, 0x70, 0x60, 0xFF, 0xFF, 0x03, 0xF7, 0x80, 0xFF, 0xF1, 0xCE, 0x31, 0x86, 0x3F, 0xFC,
    0xFF, 0xF1, 0x8C, 0x63, 0x18, 0xC6, 0x31, 0x80, 0x3F, 0xBB, 0xFF, 0xB8, 0x39, 0x80, 0xCC, 0x06,
    0x60, 0x33, 0x01, 0x98, 0x0C, 0xC0, 0x67, 0x07, 0x1F, 0xF0, 0x7F, 0x00, 0x00, 0xC0, 0x19, 0xFB,
    0x7F, 0xCC, 0x39, 0x83, 0x30, 0x66, 0x0C, 0xC3, 0x9F, 0xE1, 0xF8, 0x00, 0xC1, 0xB6, 0x0F, 0xB0,
    0x79, 0x83, 0x0C, 0x18, 0x60, 0xC3, 0x06, 0x18, 0x30, 0xC1, 0x86, 0x0C, 0x3F, 0xE0, 0xFE, 0x00,
    0x00, 0x78, 0x7F, 0x0F, 0x61, 0x8C, 0x31, 0x86, 0x30, 0xC6, 0x38, 0xFF, 0x0F, 0xE0, 0x00, 0x0C,
    0xC0, 0x00, 0xF8, 0x00, 0x0E, 0x00, 0x00, 0x0F, 0xE1, 0xFF, 0xFE, 0x3F, 0xF0, 0xE0, 0x3E, 0x0E,
    0x0E, 0xC1, 0xC1, 0x98, 0x18, 0x73, 0x03, 0x1C, 0x60, 0xE3, 0x0C, 0x18, 0xE1, 0x87, 0x38, 0x3F,
    0xC7, 0xFF, 0xF0, 0xFF, 0xFE, 0x1F, 0xFF, 0x87, 0x30, 0xE0, 0x18, 0x3B, 0xFC, 0x1D, 0xFE, 0x06,
    0x1F, 0x03, 0x0D, 0x83, 0x8C, 0xC1, 0x8C, 0x61, 0xC6, 0x3F, 0xC7, 0xFF, 0xC3, 0xF0, 0x03, 0x3F,
    0x03, 0x1E, 0x03, 0x08, 0x7F, 0x3F, 0xFF, 0x3F, 0xC3, 0x07, 0xC3, 0x0E, 0xC3, 0x0C, 0xC3, 0x18,
    0xC3, 0x38, 0xFF, 0x3F, 0x7F, 0x3F, 0xC0, 0xF0, 0x3C, 0x0F, 0x03, 0xC0, 0xF0, 0x3C, 0x0F, 0x03,
    0xC0, 0xF0, 0x3F, 0xEF, 0xFB, 0x00, 0xC0, 0x70, 0x7C, 0x0C, 0xC0, 0xF0, 0x3C, 0x03, 0x03, 0xC0,
    0xF0, 0x3C, 0x0F, 0x03, 0xC0, 0xF0, 0x3F, 0xEF, 0xFB, 0x00, 0xC0, 0x30, 0x3C, 0x0F, 0xCF, 0x3C,
    0x33, 0xCF, 0x3C, 0xF3, 0xCF, 0x3C, 0xF3, 0x0C, 0x33, 0xCF, 0xE0, 0xCF, 0x83, 0x3F, 0x0C, 0xFC,
    0x33, 0xD8, 0xCF, 0x73, 0x3C, 0xCC, 0xF3, 0xB3, 0xC7, 0xCF, 0x0F, 0x3C, 0x3C, 0xF0, 0x73, 0x00,
    0x0C, 0x00, 0x70, 0x07, 0xC0, 0x0C, 0xE0, 0xCF, 0x83, 0x3F, 0x0C, 0x3C, 0x33, 0xF8, 0xCF, 0x73,
    0x3C, 0xCC, 0xF3, 0xB3, 0xC7, 0xCF, 0x0F, 0x3C, 0x3C, 0xF0, 0x73, 0x00, 0x0C, 0x00, 0x30, 0x03,
    0xC0, 0x0F, 0x00, 0x30, 0x03, 0x00, 0x0F, 0xE3, 0xFF, 0x3C, 0x33, 0xC3, 0x3C, 0x33, 0xC3, 0x3C,
    0x33, 0xC3, 0x3C, 0x33, 0x00, 0x30, 0x03, 0x00, 0xF0, 0x0F, 0x33, 0x03, 0xE0, 0x38, 0x00, 0x00,
    0xE0, 0x1C, 0x07, 0x80, 0xD8, 0x1B, 0x06, 0x70, 0xC6, 0x3F, 0xC7, 0xFC, 0xC1, 0xB0, 0x36, 0x03,
    0x42, 0x7E, 0x3C, 0x00, 0x7E, 0x7F, 0x03, 0x03, 0x7F, 0xE3, 0xC7, 0xFF, 0xFF, 0xCD, 0xE3, 0x80,
    0x78, 0xC3, 0x0C, 0x30, 0xC3, 0x0C, 0x30, 0xC3, 0x1E, 0x00, 0xFC, 0xE0, 0x01, 0x83, 0x06, 0x0C,
    0x18, 0x30, 0x60, 0xC1, 0x80, 0x31, 0x83, 0xE0, 0x38, 0x00, 0x03, 0xF8, 0xFF, 0xB8, 0x3E, 0x03,
    0xC0, 0x78, 0x0F, 0x01, 0xE0, 0x3C, 0x07, 0xC1, 0xDF, 0xF1, 0xFC, 0x42, 0x3F, 0x07, 0x00, 0x07,
    0xE7, 0xFB, 0x0F, 0x83, 0xC1, 0xE0, 0xF0, 0xFF, 0xE7, 0xE0, 0x22, 0x1F, 0x07, 0x00, 0x0C, 0x1E,
    0x0F, 0x07, 0x83, 0xC1, 0xE0, 0xF0, 0x78, 0x3C, 0x1E, 0x0F, 0xFE, 0xFE, 0x00, 0x7E, 0x38, 0x00,
    0xC3, 0xC3, 0xC3, 0xC3, 0xC3, 0xC3, 0xC7, 0xFF, 0x7F, 0x3E, 0x1F, 0x00, 0x00, 0x03, 0x60, 0x03,
    0x07, 0x83, 0xC1, 0xE0, 0xF0, 0x78, 0x3C, 0x1E, 0x0F, 0x07, 0x83, 0xFF, 0xBF, 0x80, 0x7C, 0x3C,
    0x6C, 0x24, 0x00, 0xC3, 0xC3, 0xC3, 0xC3, 0xC3, 0xC3, 0xC7, 0xFF, 0x7F, 0x06, 0x07, 0x03, 0x06,
    0xC3, 0x60, 0x03, 0x07, 0x83, 0xC1, 0xE0, 0xF0, 0x78, 0x3C, 0x1E, 0x0F, 0x07, 0x83, 0xFF, 0xBF,
    0x80, 0x0C, 0x1C, 0x18, 0x6C, 0x24, 0x00, 0xC3, 0xC3, 0xC3, 0xC3, 0xC3, 0xC3, 0xC7, 0xFF, 0x7F,
    0x32, 0x1F, 0x07, 0x06, 0xC3, 0x60, 0x03, 0x07, 0x83, 0xC1, 0xE0, 0xF0, 0x78, 0x3C, 0x1E, 0x0F,
    0x07, 0x83, 0xFF, 0xBF, 0x80, 0x66, 0x7C, 0x38, 0x6C, 0x24, 0x00, 0xC3, 0xC3, 0xC3, 0xC3, 0xC3,
    0xC3, 0xC7, 0xFF, 0x7F, 0x30, 0x0C, 0x03, 0x06, 0xC3, 0x60, 0x03, 0x07, 0x83, 0xC1, 0xE0, 0xF0,
    0x78, 0x3C, 0x1E, 0x0F, 0x07, 0x83, 0xFF, 0xBF, 0x80, 0x60, 0x30, 0x18, 0x6C, 0x24, 0x00, 0xC3,
    0xC3, 0xC3, 0xC3, 0xC3, 0xC3, 0xC7, 0xFF, 0x7F, 0xFC, 0xFE, 0x07, 0x03, 0xFF, 0xFF, 0xC7, 0xFE,
    0x7C, 0x1F, 0x03, 0xE0, 0x00, 0x00, 0x01, 0xB0, 0x00, 0x03, 0x80, 0x70, 0x1F, 0x03, 0x60, 0x6C,
    0x1C, 0xC3, 0x18, 0xFF, 0x9F, 0xF3, 0x06, 0xE0, 0xF8, 0x0C, 0x7E, 0x3C, 0x66, 0x24, 0x00, 0x7E,
    0x7F, 0x03, 0x03, 0x7F, 0xFF, 0xC7, 0xFF, 0xFF, 0x1F, 0x03, 0xE0, 0x18, 0x00, 0x00, 0x60, 0x1C,
    0x03, 0xC0, 0xF8, 0x1B, 0x07, 0x30, 0xC6, 0x1F, 0xE7, 0xFC, 0xC1, 0xB8, 0x3E, 0x03, 0x7C, 0x7C,
    0x18, 0x18, 0x00, 0x7E, 0x7F, 0x07, 0x03, 0x7F, 0xFF, 0xC7, 0xFF, 0xFF, 0x03, 0xE0, 0x0F, 0x80,
    0x00, 0x01, 0xFF, 0x07, 0xFC, 0x3B, 0x00, 0xCC, 0x07, 0x30, 0x18, 0xFC, 0xE3, 0xF3, 0xFC, 0x0F,
    0xF0, 0x60, 0xC1, 0x83, 0xFC, 0x0F, 0xC0, 0x0F, 0x80, 0x7C, 0x00, 0x00, 0xFB, 0xE7, 0xFF, 0x83,
    0x8C, 0x18, 0x6F, 0xFF, 0xFF, 0xFE, 0x38, 0x3F, 0xFF, 0xF3, 0xF0, 0x1F, 0xCF, 0xF9, 0x80, 0x60,
    0x0C, 0x01, 0x80, 0x31, 0xF6, 0x1E, 0xC3, 0xFC, 0x7D, 0xFF, 0x1F, 0xE0, 0x7F, 0x7F, 0xB0, 0xD8,
    0x6C, 0x36, 0x1B, 0x0D, 0xFE, 0x7F, 0x01, 0x83, 0xFF, 0xFF, 0xE0, 0x19, 0x87, 0xC0, 0xE0, 0x00,
    0x1F, 0xDF, 0xF6, 0x03, 0x00, 0xC0, 0x30, 0x0C, 0x7F, 0x0F, 0xC0, 0xF8, 0x37, 0xFC, 0xFF, 0x42,
    0x7E, 0x3C, 0x00, 0x7F, 0xFF, 0xC3, 0xC3, 0xC3, 0xC3, 0xC3, 0xFF, 0x7F, 0x03, 0x03, 0xFF, 0xFE,
    0x66, 0x1F, 0x0F, 0x00, 0x0C, 0x3E, 0x3B, 0x39, 0xB8, 0xF8, 0x78, 0x3E, 0x1B, 0x8C, 0xE6, 0x33,
    0x1D, 0x87, 0x46, 0x0F, 0x80, 0xF0, 0x0C, 0x00, 0x00, 0x30, 0x06, 0x00, 0xC0, 0x18, 0xC3, 0x30,
    0x6C, 0x0F, 0x01, 0xF0, 0x36, 0x06, 0xE0, 0xCE, 0x18, 0xE0, 0x3F, 0x8F, 0xFB, 0x83, 0xE0, 0x3C,
    0x07, 0x80, 0xF0, 0x1E, 0x03, 0xC0, 0x7C, 0x1D, 0xFF, 0x1F, 0xC0, 0xC0, 0x18, 0x03, 0x80, 0x30,
    0x7E, 0x7F, 0xB0, 0xF8, 0x3C, 0x1E, 0x0F, 0x0F, 0xFE, 0x7E, 0x0C, 0x06, 0x03, 0x80, 0x80, 0x1F,
    0x03, 0xE0, 0x00, 0x1F, 0xC7, 0xFD, 0xC1, 0xF0, 0x1E, 0x03, 0xC0, 0x78, 0x0F, 0x01, 0xE0, 0x3E,
    0x0E, 0xFF, 0x8F, 0xE0, 0x30, 0x0C, 0x01, 0xE0, 0x08, 0x00, 0x3E, 0x1F, 0x00, 0x0F, 0xCF, 0xF6,
    0x1F, 0x07, 0x83, 0xC1, 0xE1, 0xFF, 0xCF, 0xC1, 0x80, 0xC0, 0x70, 0x18, 0x33, 0x1F, 0x07, 0x00,
    0x07, 0xF3, 0xF8, 0x18, 0x18, 0x18, 0x1F, 0x87, 0xE0, 0x30, 0x18, 0x0F, 0xFF, 0xFE, 0x00, 0x6C,
    0x38, 0x00, 0xFE, 0xFE, 0x0C, 0x18, 0x30, 0x7C, 0x3E, 0x07, 0x03, 0x03, 0x07, 0xFE, 0xFC, 0x00,
    0xDC, 0xE0, 0x01, 0x83, 0x06, 0x0C, 0x18, 0x30, 0x60, 0xC1, 0x83, 0x06, 0x7C, 0xF0, 0xFE, 0x1F,
    0xFF, 0xE3, 0xFF, 0x0E, 0x03, 0xE0, 0xE0, 0xEC, 0x1C, 0x19, 0x81, 0x87, 0x30, 0x31, 0xC6, 0x0E,
    0x30, 0xC1, 0x8E, 0x18, 0x73, 0x83, 0xFC, 0x7F, 0xFF, 0x0F, 0xF0, 0xFE, 0x00, 0x7F, 0x80, 0x30,
    0xE0, 0x18, 0x3B, 0xFC, 0x1D, 0xFE, 0x06, 0x1F, 0x03, 0x0D, 0x83, 0x8C, 0xC1, 0x8C, 0x61, 0xC6,
    0x3F, 0xC7, 0xFF, 0xC3, 0xF0, 0x03, 0x00, 0x03, 0x00, 0x03, 0x00, 0x7F, 0x3F, 0xFF, 0x3F, 0xC3,
    0x07, 0xC3, 0x0E, 0xC3, 0x0C, 0xC3, 0x18, 0xC3, 0x38, 0xFF, 0x3F, 0x7F, 0x3F, 0x03, 0x01, 0xC0,
    0x60, 0x00, 0x1F, 0xDF, 0xF6, 0x03, 0x00, 0xC0, 0x30, 0x0C, 0x7F, 0x0F, 0xC0, 0xF8, 0x37, 0xFC,
    0xFF, 0x04, 0x0C, 0x18, 0x00, 0x7F, 0xFF, 0xC3, 0xC3, 0xC3, 0xC3, 0xC3, 0xFF, 0x7F, 0x03, 0x03,
    0xFF, 0xFE, 0xC3, 0x06, 0x18, 0x30, 0xC1, 0x86, 0x3C, 0x31, 0xFF, 0x8F, 0xFC, 0x78, 0x63, 0xC3,
    0x1E, 0x18, 0xF0, 0xFF, 0x83, 0xE0, 0xFE, 0x7F, 0xB0, 0xF8, 0x3C, 0x1E, 0x1F, 0x0D, 0x8E, 0xC6,
    0x6E, 0x3E, 0x1E, 0x0C, 0x06, 0x03, 0x01, 0x80, 0x18, 0x06, 0x00, 0xC0, 0x00, 0xE0, 0xF8, 0x3F,
    0x0F, 0xC3, 0xD8, 0xF7, 0x3C, 0xCF, 0x3B, 0xC7, 0xF0, 0xFC, 0x3F, 0x07, 0x20, 0x30, 0x18, 0x00,
    0xFE, 0xFF, 0xC3, 0xC3, 0xC3, 0xC3, 0xC3, 0xC3, 0xC3, 0x03, 0x80, 0x30, 0x06, 0x00, 0xF0, 0x0F,
    0x00, 0xF0, 0x0F, 0x00, 0xF0, 0x1F, 0x81, 0x98, 0x19, 0x83, 0x9C, 0x3F, 0xC7, 0xFE, 0x60, 0x6E,
    0x07, 0x0E, 0x1C, 0x3C, 0x3C, 0x3C, 0x3C, 0x00, 0x7E, 0x7F, 0x03, 0x03, 0x7F, 0xFF, 0xC7, 0xFF,
    0xFF, 0x00, 0x60, 0x03, 0x80, 0x0C, 0x00, 0x00, 0x03, 0xFC, 0x1F, 0xF0, 0x6C, 0x03, 0x30, 0x0C,
    0xC0, 0x63, 0xF1, 0x8F, 0xCF, 0xF0, 0x3F, 0xC1, 0xC3, 0x06, 0x0F, 0xF8, 0x3F, 0x01, 0x80, 0x1C,
    0x01, 0xC0, 0x00, 0x07, 0xDE, 0x3F, 0xF8, 0x1C, 0xE0, 0xC3, 0x7F, 0xFF, 0xFF, 0xB1, 0xC1, 0xFF,
    0xEF, 0x9F, 0x00, 0x03, 0x00, 0xC0, 0x30, 0x00, 0x23, 0xFC, 0xFF, 0xB8, 0x7E, 0x1B, 0xC7, 0x78,
    0xCF, 0x31, 0xEE, 0x3F, 0x87, 0xE1, 0xDF, 0xF7, 0xFC, 0x40, 0x00, 0x06, 0x07, 0x06, 0x00, 0x07,
    0xF7, 0xFB, 0x1F, 0x9F, 0xD9, 0xFC, 0xFC, 0xFF, 0xEF, 0xE2, 0x00, 0x7E, 0x06, 0xC0, 0x6C, 0x00,
    0x00, 0xE0, 0x1C, 0x07, 0x80, 0xD8, 0x1B, 0x06, 0x70, 0xC6, 0x3F, 0xC7, 0xFC, 0xC1, 0xB0, 0x36,
    0x03, 0xD8, 0x6C, 0x7E, 0x00, 0x7E, 0x7F, 0x03, 0x03, 0x7F, 0xFF, 0xC7, 0xFF, 0xFF, 0x00, 0x03,
    0xE0, 0x6C, 0x00, 0x00, 0xE0, 0x1C, 0x07, 0x80, 0xD8, 0x1B, 0x06, 0x70, 0xC6, 0x1F, 0xC7, 0xFC,
    0xC1, 0xB8, 0x3E, 0x03, 0x00, 0x3E, 0x76, 0x00, 0x7E, 0x7F, 0x03, 0x03, 0x7F, 0xFF, 0xC7, 0xFF,
    0xFF, 0x7C, 0x6C, 0x36, 0x00, 0x7F, 0x7F, 0x60, 0x60, 0x60, 0x7F, 0x7E, 0x60, 0x60, 0x60, 0x7F,
    0x7F, 0xD8, 0xFC, 0x6C, 0x00, 0x7C, 0xFE, 0xC7, 0xC3, 0xFF, 0xFE, 0xC0, 0xFE, 0x7E, 0x00, 0xF9,
    0xF0, 0x0F, 0xFF, 0xF0, 0x60, 0xC1, 0xFF, 0xF6, 0x0C, 0x18, 0x3F, 0xFF, 0x00, 0x7C, 0x6E, 0x00,
    0x7C, 0xFE, 0xC7, 0xC3, 0xFF, 0xFE, 0xC0, 0xFE, 0x7E, 0xFC, 0xD8, 0xD0, 0x03, 0xC3, 0x06, 0x0C,
    0x18, 0x30, 0x60, 0xC1, 0x83, 0x06, 0x1E, 0xD9, 0xF9, 0xB0, 0x01, 0x83, 0x06, 0x0C, 0x18, 0x30,
    0x60, 0xC1, 0x80, 0x01, 0xEF, 0xC0, 0x78, 0xC3, 0x0C, 0x30, 0xC3, 0x0C, 0x30, 0xC3, 0x1E, 0x03,
    0xEF, 0xC0, 0x30, 0xC3, 0x0C, 0x30, 0xC3, 0x0C, 0x30, 0x3E, 0x06, 0xC0, 0x6C, 0x00, 0x03, 0xF8,
    0xFF, 0xB8, 0x3E, 0x03, 0xC0, 0x78, 0x0F, 0x01, 0xE0, 0x3C, 0x07, 0xC1, 0xDF, 0xF1, 0xFC, 0xFC,
    0x36, 0x0D, 0x80, 0x07, 0xE7, 0xFB, 0x0F, 0x83, 0xC1, 0xE0, 0xF0, 0xFF, 0xE7, 0xE0, 0x00, 0x03,
    0xE0, 0x6C, 0x00, 0x03, 0xF8, 0xFF, 0xB8, 0x3E, 0x03, 0xC0, 0x78, 0x0F, 0x01, 0xE0, 0x3C, 0x07,
    0xC1, 0xDF, 0xF1, 0xFC, 0x00, 0x1F, 0x1D, 0x80, 0x07, 0xE7, 0xFB, 0x0F, 0x83, 0xC1, 0xE0, 0xF0,
    0xFF, 0xE7, 0xE0, 0x6C, 0x1F, 0x03, 0x60, 0x00, 0x7F, 0x1F, 0xC6, 0x39, 0x86, 0x63, 0x99, 0xC7,
    0xE1, 0xF8, 0x67, 0x18, 0xC6, 0x39, 0x87, 0x6C, 0x7E, 0x36, 0x00, 0x3F, 0x3E, 0x30, 0x30, 0x30,
    0x30, 0x30, 0x30, 0x30, 0x00, 0x3E, 0x1F, 0x00, 0x0F, 0xE7, 0xF3, 0x1D, 0x86, 0xC7, 0x67, 0x3F,
    0x1F, 0x8C, 0xE6, 0x33, 0x1D, 0x87, 0x00, 0xF9, 0xB0, 0x07, 0xCF, 0x98, 0x30, 0x60, 0xC1, 0x83,
    0x06, 0x00, 0x6C, 0x3E, 0x0D, 0x80, 0x0C, 0x1E, 0x0F, 0x07, 0x83, 0xC1, 0xE0, 0xF0, 0x78, 0x3C,
    0x1E, 0x0F, 0xFE, 0xFE, 0xD8, 0xFC, 0x6C, 0x00, 0xC3, 0xC3, 0xC3, 0xC3, 0xC3, 0xC3, 0xC7, 0xFF,
    0x7F, 0x00, 0x1F, 0x0F, 0x80, 0x0C, 0x1E, 0x0F, 0x07, 0x83, 0xC1, 0xE0, 0xF0, 0x78, 0x3C, 0x1E,
    0x0F, 0xFE, 0xFE, 0x00, 0x3C, 0x7E, 0x00, 0xC3, 0xC3, 0xC3, 0xC3, 0xC3, 0xC3, 0xC7, 0xFF, 0x7F,
    0x7E, 0xFE, 0xC0, 0xC0, 0xE0, 0x7C, 0x3E, 0x07, 0x03, 0x07, 0xFE, 0xFC, 0x00, 0x18, 0x30, 0x30,
    0xFD, 0xFB, 0x07, 0x87, 0xC3, 0xC1, 0xFF, 0xFC, 0x00, 0xE1, 0x83, 0x00, 0xFF, 0xFF, 0xC6, 0x03,
    0x01, 0x80, 0xC0, 0x60, 0x30, 0x18, 0x0C, 0x06, 0x03, 0x00, 0x00, 0xE0, 0x60, 0x30, 0x30, 0xCF,
    0xDF, 0x30, 0xC3, 0x0C, 0x30, 0xF3, 0xC0, 0x18, 0x61, 0x80, 0x7F, 0x7F, 0xC0, 0x60, 0x30, 0x71,
    0xF0, 0xFC, 0x07, 0x01, 0x80, 0xC0, 0xE0, 0xE1, 0xE7, 0xE3, 0x80, 0xFD, 0xFC, 0x18, 0x71, 0xCF,
    0x9B, 0x83, 0x06, 0x1C, 0x77, 0xCE, 0x00, 0x22, 0x1F, 0x07, 0x00, 0x0C, 0x1E, 0x0F, 0x07, 0x83,
    0xC1, 0xFF, 0xFF, 0xF8, 0x3C, 0x1E, 0x0F, 0x07, 0x83, 0x46, 0x0F, 0x80, 0xF0, 0x0C, 0x00, 0x00,
    0x30, 0x06, 0x00, 0xC0, 0x1F, 0xC3, 0xFC, 0x61, 0x8C, 0x31, 0x86, 0x30, 0xC6, 0x18, 0xC3, 0x18,
    0x60, 0x63, 0x8C, 0x37, 0xE0, 0x31, 0xEE, 0xC0, 0x7E, 0xFD, 0x00, 0x07, 0xFE, 0x01, 0xFF, 0xF8,
    0xDB, 0xE2, 0x00, 0xF0, 0x06, 0xC0, 0x0F, 0xF7, 0xC4, 0xFF, 0xF4, 0x36, 0xFD, 0xB0, 0xCF, 0xF7,
    0x80, 0xFC, 0xFF, 0xF0, 0xF8, 0xD8, 0xD8, 0x30, 0xCD, 0x9E, 0x20, 0x01, 0xF7, 0xD1, 0x66, 0x6E,
    0x76, 0x6C, 0xE6, 0x62, 0x76, 0x64, 0xC6, 0x30, 0x36, 0xC0, 0x3F, 0xF0, 0xCF, 0xE0, 0x03, 0xF7,
    0xC3, 0x0C, 0x20, 0x37, 0xE8, 0xFB, 0x80, 0x33, 0xFE, 0x07, 0xDE, 0x60, 0x37, 0xDE, 0x0F, 0xF0,
    0x33, 0x33, 0xF4, 0xDB, 0x6E, 0x00, 0xF0, 0x06, 0xC0, 0xFF, 0xF4, 0x66, 0x40, 0x03, 0x1E, 0xF7,
    0x00, 0x6C, 0xCE, 0x60, 0xFC, 0x03, 0xFF, 0xF3, 0x84, 0xB7, 0xFD, 0x20, 0xCF, 0xF7, 0x80, 0x31,
    0xED, 0xC0, 0xDB, 0xE2, 0x00, 0x01, 0xF7, 0xD1, 0x7A, 0x7E, 0x44, 0x07, 0xFE, 0x01, 0xFF, 0xF8,
    0xFF, 0xFF, 0xFF, 0xF0, 0xF5, 0xFA, 0x20, 0x01, 0xFF, 0xF8, 0x00, 0x0F, 0xFF, 0xFF, 0xF0, 0x08,
    0xF7, 0x38, 0x02, 0x06, 0x06, 0x0C, 0x0C, 0x0C, 0x18, 0x18, 0x38, 0x30, 0x30, 0x60, 0x60, 0x60,
    0xDF, 0xC0, 0x03, 0x3F, 0xFF, 0xFF, 0xFF, 0xFF, 0xE0, 0x01, 0xFB, 0xFC, 0x80, 0xFF, 0xFF, 0x66,
    0x66, 0x64, 0xFF, 0xFF, 0xFF, 0xF0, 0xC6, 0x30, 0x36, 0xC0, 0x7A, 0x7E, 0x44, 0x07, 0x76, 0x00,
    0x3B, 0xF7, 0x00, 0xDB, 0x80, 0x00, 0xFF, 0xFF, 0xC3, 0x82, 0xFF, 0xFF, 0xFF, 0xF0, 0xFF, 0xF0,
    0x0F, 0xF3, 0x20, 0x08, 0x7A, 0x7E, 0x54, 0x18, 0xFF, 0xF8, 0x01, 0x80, 0x00, 0xFF, 0xFF, 0xFF,
    0x80, 0x00, 0x59, 0xF9, 0xE0, 0x00, 0x4E, 0x66, 0xF7, 0x7E, 0x63, 0xCF, 0x11, 0x08, 0x20, 0x4E,
    0x05, 0xC0, 0x1E, 0x05, 0x10, 0x8C, 0xF1, 0xE7, 0x7E, 0x77, 0xEF, 0x80, 0xFB, 0x80, 0x7B, 0xFB,
    0xCC, 0x6F, 0xF7, 0xFB, 0x80, 0xEF, 0x80, 0xEC, 0xFB, 0xF8, 0xDF, 0xC0, 0xF0, 0xFF, 0xF0, 0xFF,
    0xFF, 0xFA, 0x40, 0x4F, 0xF3, 0x00, 0xE0, 0x1D, 0xE1, 0xE3, 0xFF, 0x00, 0xC0, 0xE0, 0x1D, 0xE1,
    0xE3, 0xFF, 0x00, 0xC0, 0x00, 0x3F, 0xFF, 0xFC, 0x00, 0x3F, 0xFF, 0xFC, 0x7F, 0x8F, 0xFF, 0xE0,
    0x06, 0x00, 0x00, 0x00, 0x7F, 0x87, 0xFF, 0x98, 0x06, 0x40, 0x08, 0x00, 0x00, 0x00, 0x4F, 0xFF,
    0xBF, 0xFC, 0x00, 0x00, 0x77, 0xFF, 0x50, 0xEF, 0xFF, 0x00, 0xD5, 0x40, 0xFF, 0xFF, 0x00, 0x99,
    0xBF, 0x50, 0xFF, 0xCF, 0x20, 0x3F, 0xFF, 0xF5, 0x8F, 0xF9, 0x90, 0xFF, 0xEB, 0x50, 0xFA, 0x40,
    0x4E, 0x64, 0x62, 0x96, 0x9C, 0xC0, 0xF3, 0x19, 0xE0, 0x60, 0x60, 0x60, 0x0F, 0xFF, 0xB0, 0x60,
    0xC1, 0xFF, 0xF6, 0x0C, 0x18, 0x3F, 0x7F, 0x6C, 0xD8, 0x07, 0xFF, 0xD8, 0x30, 0x60, 0xFF, 0xFB,
    0x06, 0x0C, 0x1F, 0xBF, 0x80, 0xFF, 0x1F, 0xE0, 0x60, 0x0C, 0x01, 0x80, 0x3F, 0x87, 0xF8, 0xC3,
    0x18, 0x63, 0x0C, 0x6F, 0x8D, 0xE0, 0x0C, 0x38, 0xE0, 0x0F, 0xFF, 0xF0, 0x60, 0xC1, 0x83, 0x06,
    0x0C, 0x18, 0x30, 0x60, 0x3F, 0xBF, 0xF8, 0x18, 0x0C, 0x07, 0xFB, 0xF9, 0x80, 0xC0, 0x70, 0x1F,
    0xE7, 0xF0, 0x7E, 0xFE, 0xC0, 0xC0, 0xE0, 0x7C, 0x3E, 0x07, 0x03, 0x07, 0xFE, 0xFC, 0xFF, 0xFF,
    0xFF, 0xFF, 0x06, 0x66, 0x66, 0x66, 0x66, 0x66, 0x60, 0x18, 0xC6, 0x31, 0x8C, 0x63, 0x18, 0xC6,
    0x31, 0x9F, 0xC8, 0x1F, 0xC0, 0x0F, 0xE0, 0x06, 0x30, 0x03, 0x18, 0x01, 0x8C, 0x00, 0xC7, 0xF0,
    0x63, 0xFC, 0x31, 0x87, 0x18, 0xC1, 0x9C, 0x61, 0xFC, 0x3F, 0xDE, 0x1F, 0xC0, 0xC1, 0x81, 0x83,
    0x03, 0x06, 0x06, 0x0C, 0x0C, 0x18, 0x1F, 0xFF, 0xBF, 0xFF, 0x60, 0xC7, 0xC1, 0x87, 0x83, 0x1F,
    0x07, 0xF6, 0x0F, 0xC0, 0xFF, 0x1F, 0xE0, 0x60, 0x0C, 0x01, 0x80, 0x3F, 0x87, 0xF8, 0xC3, 0x18,
    0x63, 0x0C, 0x61, 0x8C, 0x30, 0x0E, 0x0E, 0x0E, 0x00, 0x0C, 0x3E, 0x3B, 0x39, 0x98, 0xDC, 0x7C,
    0x3F, 0x1B, 0x8C, 0xE6, 0x3B, 0x0D, 0x87, 0x18, 0x07, 0x00, 0xC0, 0x00, 0xC1, 0xF0, 0xFC, 0x3F,
    0x1F, 0xC6, 0xF3, 0x3D, 0xCF, 0x63, 0xF0, 0xFC, 0x3E, 0x0F, 0x03, 0x09, 0x03, 0xF0, 0x3C, 0x00,
    0x06, 0x06, 0xE1, 0xCC, 0x31, 0x8E, 0x19, 0x83, 0x30, 0x3C, 0x07, 0x80, 0x60, 0x0C, 0x0F, 0x01,
    0xE0, 0xC1, 0xE0, 0xF0, 0x78, 0x3C, 0x1E, 0x0F, 0x07, 0x83, 0xC1, 0xE0, 0xFF, 0xFF, 0xF1, 0x80,
    0xC0, 0x60, 0x0E, 0x01, 0xC0, 0x78, 0x0D, 0x81, 0xB0, 0x67, 0x0C, 0x63, 0xFC, 0x7F, 0xCC, 0x1B,
    0x03, 0x60, 0x30, 0xFF, 0xFE, 0xC0, 0xC0, 0xC0, 0xFE, 0xFF, 0xC3, 0xC3, 0xC3, 0xFF, 0xFE, 0xFE,
    0x7F, 0xB0, 0xD8, 0x6C, 0x77, 0xF3, 0xFD, 0x87, 0xC1, 0xE1, 0xFF, 0xDF, 0xC0, 0xFF, 0xFB, 0x06,
    0x0C, 0x18, 0x30, 0x60, 0xC1, 0x83, 0x06, 0x00, 0x1F, 0xE1, 0xFE, 0x18, 0x61, 0x86, 0x18, 0x61,
    0x86, 0x18, 0x63, 0x86, 0x30, 0x63, 0x06, 0xFF, 0xFF, 0xFF, 0xC0, 0x3C, 0x03, 0xC0, 0x30, 0xFF,
    0xFF, 0x06, 0x0C, 0x1F, 0xFF, 0x60, 0xC1, 0x83, 0xFF, 0xF0, 0x61, 0x86, 0x71, 0x8E, 0x31, 0x9C,
    0x19, 0xB8, 0x1D, 0xB8, 0x0F, 0xF0, 0x1F, 0xF8, 0x19, 0xB8, 0x39, 0x9C, 0x71, 0x8C, 0x61, 0x8E,
    0xE1, 0x87, 0xFE, 0xFF, 0x03, 0x03, 0x0E, 0x7C, 0x3F, 0x03, 0x03, 0x03, 0xFF, 0xFE, 0xC1, 0xF0,
    0xFC, 0x3F, 0x1F, 0xC6, 0xF3, 0x3D, 0xCF, 0x63, 0xF0, 0xFC, 0x3E, 0x0F, 0x03, 0x22, 0x0F, 0xC1,
    0xE0, 0x00, 0xC1, 0xF0, 0xFC, 0x3F, 0x1F, 0xC6, 0xF3, 0x3D, 0xCF, 0x63, 0xF0, 0xFC, 0x3E, 0x0F,
    0x03, 0xC3, 0x63, 0xB3, 0x99, 0x8D, 0xC7, 0xC3, 0xF1, 0xB8, 0xCE, 0x63, 0xB1, 0xD8, 0x70, 0x1F,
    0xE3, 0xFC, 0x61, 0x8C, 0x31, 0x86, 0x30, 0xC6, 0x18, 0xC3, 0x18, 0x67, 0x0F, 0xC1, 0xF8, 0x30,
    0xE0, 0x7E, 0x07, 0xF0, 0xFF, 0x0F, 0xF0, 0xFD, 0x9B, 0xD9, 0xBD, 0xDB, 0xCF, 0x3C, 0xF3, 0xCF,
    0x3C, 0x63, 0xC1, 0xE0, 0xF0, 0x78, 0x3C, 0x1F, 0xFF, 0xFF, 0x83, 0xC1, 0xE0, 0xF0, 0x78, 0x30,
    0x3F, 0x0F, 0xFB, 0x83, 0x60, 0x7C, 0x0F, 0x80, 0xF0, 0x1E, 0x07, 0xC0, 0xFC, 0x19, 0xFF, 0x1F,
    0x80, 0xFF, 0xFF, 0xF0, 0x78, 0x3C, 0x1E, 0x0F, 0x07, 0x83, 0xC1, 0xE0, 0xF0, 0x78, 0x30, 0xFE,
    0xFE, 0xC7, 0xC3, 0xC7, 0xCE, 0xFE, 0xF0, 0xC0, 0xC0, 0xC0, 0xC0, 0x3F, 0xBF, 0xF8, 0x18, 0x0C,
    0x06, 0x03, 0x01, 0x80, 0xC0, 0x70, 0x1F, 0xE7, 0xF0, 0xFF, 0xFF, 0xC6, 0x03, 0x01, 0x80, 0xC0,
    0x60, 0x30, 0x18, 0x0C, 0x06, 0x03, 0x00, 0x60, 0x6E, 0x1C, 0xC3, 0x18, 0xE1, 0x98, 0x33, 0x03,
    0xC0, 0x78, 0x06, 0x00, 0xC0, 0xF0, 0x1E, 0x00, 0x06, 0x03, 0xFC, 0x7F, 0xEC, 0x67, 0xC6, 0x3C,
    0x63, 0xC6, 0x3C, 0x67, 0xF6, 0xE7, 0xFC, 0x0E, 0x00, 0x60, 0x60, 0xCE, 0x38, 0xEE, 0x0D, 0x81,
    0xF0, 0x1C, 0x03, 0x80, 0xF8, 0x3B, 0x86, 0x31, 0xC7, 0x30, 0x60, 0xC1, 0x98, 0x33, 0x06, 0x60,
    0xCC, 0x19, 0x83, 0x30, 0x66, 0x0C, 0xC1, 0x98, 0x33, 0xFF, 0xFF, 0xF0, 0x06, 0x00, 0xC0, 0x18,
    0xC1, 0xE0, 0xF0, 0x78, 0x3C, 0x1F, 0x3D, 0xFE, 0x33, 0x01, 0x80, 0xC0, 0x60, 0x30, 0xC3, 0x07,
    0x86, 0x0F, 0x0C, 0x1E, 0x18, 0x3C, 0x30, 0x78, 0x60, 0xF0, 0xC1, 0xE1, 0x83, 0xC3, 0x07, 0x86,
    0x0F, 0xFF, 0xFF, 0xFF, 0xF0, 0xC3, 0x0C, 0xC3, 0x0C, 0xC3, 0x0C, 0xC3, 0x0C, 0xC3, 0x0C, 0xC3,
    0x0C, 0xC3, 0x0C, 0xC3, 0x0C, 0xC3, 0x0C, 0xC3, 0x0C, 0xFF, 0xFF, 0xFF, 0xFF, 0x00, 0x03, 0x00,
    0x03, 0x00, 0x03, 0xF8, 0x1F, 0x00, 0x60, 0x0C, 0x01, 0x80, 0x3F, 0x87, 0xF0, 0xC7, 0x18, 0x63,
    0x1C, 0x7F, 0x0F, 0xC0, 0xC0, 0x78, 0x0F, 0x01, 0xE0, 0x3C, 0x07, 0xFC, 0xFF, 0x9E, 0x3B, 0xC3,
    0x78, 0xEF, 0xF9, 0xFE, 0x30, 0xC0, 0xC0, 0xC0, 0xC0, 0xC0, 0xFE, 0xFE, 0xC7, 0xC3, 0xC7, 0xFE,
    0xFC, 0xFE, 0x3F, 0xC0, 0x38, 0x07, 0x01, 0xCF, 0xF3, 0xFC, 0x07, 0x01, 0xC0, 0xEF, 0xF3, 0xF8,
    0xC3, 0xF3, 0x3F, 0xEC, 0xC1, 0xF7, 0x03, 0xD8, 0x0F, 0xE0, 0x3F, 0x80, 0xF6, 0x03, 0xDC, 0x0F,
    0x30, 0x7C, 0xFF, 0xB0, 0xFC, 0x3F, 0xBF, 0xD8, 0x6C, 0x36, 0x1B, 0xCC, 0xFE, 0x3F, 0x39, 0x98,
    0xD8, 0x7C, 0x30, 0x7C, 0xFC, 0x1B, 0xFF, 0xF8, 0xF1, 0xFF, 0xFE, 0x00, 0x1F, 0x7E, 0x60, 0xC0,
    0xFE, 0xFF, 0xC3, 0xC3, 0xC3, 0xC3, 0xC3, 0x7F, 0x7E, 0xFF, 0xFF, 0x1E, 0x7F, 0xDF, 0xF1, 0xFF,
    0xFC, 0xFF, 0xFC, 0x30, 0xC3, 0x0C, 0x30, 0xC0, 0x3F, 0x8F, 0xE3, 0x18, 0xC6, 0x31, 0x9C, 0x66,
    0x1B, 0xFF, 0xFF, 0xF0, 0x3C, 0x0F, 0x03, 0x7C, 0xFE, 0xC7, 0xC3, 0xFF, 0xFE, 0xC0, 0xFE, 0x7E,
    0x63, 0x3B, 0x99, 0x8C, 0xDC, 0x36, 0xC1, 0xFC, 0x1F, 0xF0, 0xCD, 0xCE, 0x66, 0xE3, 0x18, 0xFD,
    0xFC, 0x18, 0x77, 0xC7, 0xC1, 0xFF, 0xFC, 0xC7, 0xCF, 0xCF, 0xDB, 0xDB, 0xF3, 0xF3, 0xE3, 0xE3,
    0x04, 0x7C, 0x3C, 0x00, 0xC7, 0xCF, 0xCF, 0xDB, 0xDB, 0xF3, 0xF3, 0xE3, 0xE3, 0xC6, 0xCE, 0xCC,
    0xD8, 0xF8, 0xFC, 0xDC, 0xCE, 0xC7, 0x1F, 0x8F, 0xC6, 0x63, 0x31, 0x98, 0xCC, 0xE6, 0xF3, 0xF1,
    0x80, 0xE1, 0xF8, 0x7F, 0x3F, 0xCF, 0xF3, 0xF7, 0xBD, 0xEF, 0x7B, 0xCC, 0xC0, 0xC3, 0xC3, 0xC3,
    0xC3, 0xFF, 0xFF, 0xC3, 0xC3, 0xC3, 0x7E, 0x7F, 0xB0, 0xF8, 0x3C, 0x1E, 0x0F, 0x0E, 0xFE, 0x7E,
    0x00, 0xFF, 0xFF, 0xC3, 0xC3, 0xC3, 0xC3, 0xC3, 0xC3, 0xC3, 0xFE, 0xFF, 0xC3, 0xC3, 0xC3, 0xC3,
    0xC3, 0xFF, 0xFE, 0xC0, 0xC0, 0xC0, 0xC0, 0x7F, 0xFF, 0x06, 0x0C, 0x18, 0x30, 0x7F, 0x7E, 0xFF,
    0xFC, 0x60, 0xC1, 0x83, 0x06, 0x0C, 0x18, 0x61, 0x98, 0x67, 0x38, 0xCC, 0x33, 0x0F, 0x81, 0xE0,
    0x78, 0x0C, 0x03, 0x01, 0xC1, 0xE0, 0x70, 0x00, 0x0C, 0x01, 0x80, 0x30, 0x06, 0x03, 0xF8, 0xFF,
    0xBB, 0x36, 0x67, 0xCC, 0x79, 0x9F, 0xB3, 0x3F, 0xE3, 0xF8, 0x18, 0x03, 0x00, 0x60, 0x0C, 0x00,
    0xE3, 0xBB, 0x8D, 0x83, 0x81, 0xC1, 0xF0, 0xD8, 0xE6, 0xE3, 0x80, 0xC3, 0x61, 0xB0, 0xD8, 0x6C,
    0x36, 0x1B, 0x0D, 0xFE, 0xFF, 0x80, 0xC0, 0x60, 0x30, 0xC3, 0xC3, 0xC3, 0xC3, 0xE7, 0xFF, 0x13,
    0x03, 0x03, 0xC6, 0x1E, 0x30, 0xF1, 0x87, 0x8C, 0x3C, 0x61, 0xE3, 0x0F, 0x18, 0x7F, 0xFF, 0xFF,
    0xF8, 0xC6, 0x33, 0x18, 0xCC, 0x63, 0x31, 0x8C, 0xC6, 0x33, 0x18, 0xCC, 0x63, 0x3F, 0xFE, 0xFF,
    0xFC, 0x00, 0x30, 0x00, 0xC0, 0x03, 0xF8, 0x1E, 0x01, 0x80, 0x7E, 0x1F, 0xC6, 0x31, 0x8C, 0x7F,
    0x1F, 0x80, 0xC0, 0xF0, 0x3C, 0x0F, 0xF3, 0xFE, 0xF1, 0xBC, 0x6F, 0xFB, 0xFC, 0xC0, 0xC1, 0x83,
    0x07, 0xEF, 0xF8, 0xF1, 0xFF, 0xFC, 0xFC, 0x7E, 0x07, 0x03, 0x7F, 0x3F, 0x07, 0xFE, 0xFC, 0xCF,
    0xDB, 0xFF, 0x61, 0xEC, 0x3F, 0x87, 0xF0, 0xF6, 0x1E, 0xFF, 0xCF, 0xC0, 0x7F, 0x7F, 0x63, 0x73,
    0x7F, 0x3F, 0x33, 0x73, 0xE3, 0x30, 0x38, 0x18, 0x00, 0x7C, 0xFE, 0xC7, 0xC3, 0xFF, 0xFE, 0xC0,
    0xFE, 0x7E, 0x66, 0x24, 0x00, 0x7C, 0xFE, 0xC7, 0xC3, 0xFF, 0xFE, 0xC0, 0xFF, 0x7E, 0x60, 0x30,
    0x3F, 0x1F, 0x87, 0xF3, 0xFD, 0xC6, 0xC3, 0x61, 0xB0, 0xD8, 0x6C, 0x36, 0x18, 0x0C, 0x06, 0x0F,
    0x0F, 0x80, 0x1C, 0xE3, 0x00, 0xFF, 0xFC, 0x30, 0xC3, 0x0C, 0x30, 0xC0, 0x7F, 0xFF, 0x06, 0x0F,
    0xDF, 0xB0, 0x7F, 0x7E, 0x7E, 0x7E, 0x60, 0x78, 0x3E, 0x0F, 0x03, 0x7F, 0x7E, 0xF3, 0xFF, 0xFF,
    0xFF, 0x06, 0x66, 0x66, 0x66, 0x66, 0x18, 0xC0, 0x31, 0x8C, 0x63, 0x18, 0xC6, 0x31, 0x8F, 0xFE,
    0x1F, 0x80, 0x3F, 0x00, 0x66, 0x00, 0xCF, 0xE1, 0x9F, 0xE3, 0x30, 0xCE, 0x61, 0xB8, 0xFF, 0xF1,
    0xFC, 0xC3, 0x06, 0x18, 0x30, 0xC1, 0x86, 0x0F, 0xFF, 0x7F, 0xFF, 0x0C, 0x78, 0x7F, 0xC3, 0xF0,
    0x60, 0x30, 0x3F, 0x1F, 0x87, 0xF3, 0xFD, 0xC6, 0xC3, 0x61, 0xB0, 0xD8, 0x6C, 0x36, 0x18, 0x0C,
    0x1C, 0x38, 0x00, 0xC6, 0xCE, 0xDC, 0xD8, 0xF8, 0xF8, 0xDC, 0xCE, 0xC6, 0x30, 0x30, 0x18, 0x00,
    0xC7, 0xCF, 0xCF, 0xDB, 0xDB, 0xF3, 0xF3, 0xE3, 0xE3, 0x12, 0x0F, 0xC1, 0xE0, 0x00, 0x61, 0x98,
    0x67, 0x38, 0xCC, 0x33, 0x0F, 0x81, 0xE0, 0x78, 0x0C, 0x03, 0x01, 0xC1, 0xE0, 0x70, 0x00, 0xC3,
    0xC3, 0xC3, 0xC3, 0xC3, 0xC3, 0xC3, 0xFF, 0xFF, 0x18, 0x18, 0x18, 0xC3, 0x07, 0x86, 0x0F, 0x0E,
    0x1E, 0x1C, 0x7E, 0x38, 0xFC, 0x71, 0x99, 0xF3, 0x33, 0x66, 0x76, 0xD8, 0x79, 0xF0, 0xF1, 0xE0,
    0xE3, 0x80, 0xC6, 0x1E, 0x30, 0xF1, 0xCF, 0x8E, 0x6E, 0x73, 0x37, 0x99, 0xF7, 0x87, 0xBC, 0x38,
    0xC0, 0x30, 0x0C, 0x0F, 0xE3, 0xF8, 0x30, 0x0F, 0xE3, 0xFC, 0xC3, 0x30, 0xCC, 0x33, 0xFC, 0xFE,
    0x30, 0x0C, 0x0F, 0xC3, 0xF0, 0x30, 0x0C, 0x03, 0xF8, 0xFF, 0x30, 0xCF, 0xF3, 0xF8, 0xC1, 0xFF,
    0x0F, 0xEC, 0x70, 0x33, 0x80, 0xCC, 0x03, 0xFF, 0xCF, 0xFF, 0x33, 0x80, 0xCE, 0x03, 0x18, 0x0C,
    0x7F, 0xB0, 0x7E, 0xC7, 0xF9, 0xFF, 0x30, 0x66, 0x0F, 0xFD, 0xFF, 0xB3, 0x06, 0x7F, 0xC7, 0xE0,
    0x0E, 0x00, 0xF0, 0x0F, 0x01, 0xB0, 0x19, 0x83, 0xF8, 0x3F, 0xC7, 0x6C, 0x66, 0xE6, 0x66, 0xE6,
    0x6C, 0x67, 0x0E, 0x01, 0xE0, 0x7C, 0x0D, 0xC3, 0xF8, 0x7F, 0x0D, 0xB3, 0x36, 0x66, 0xE0, 0xC1,
    0xC1, 0x87, 0x83, 0x0F, 0x06, 0x1B, 0x0C, 0x66, 0x1F, 0xFE, 0x3F, 0xFC, 0x66, 0xDC, 0xCD, 0x99,
    0xB3, 0x33, 0x66, 0x77, 0xCC, 0x60, 0xC7, 0x0C, 0x78, 0xCF, 0x8C, 0xDC, 0xFF, 0xCF, 0xFC, 0xDB,
    0x6F, 0xB6, 0xF3, 0x70, 0x3F, 0xF0, 0xFF, 0xC1, 0x8E, 0x03, 0x70, 0x0F, 0x80, 0x7F, 0x83, 0xFF,
    0x0C, 0xCC, 0x33, 0x31, 0xCC, 0xE6, 0x31, 0x98, 0xC6, 0x3F, 0xC3, 0xFC, 0x1D, 0x80, 0xF0, 0x3F,
    0xC3, 0x6C, 0x76, 0xE6, 0x66, 0x66, 0x60, 0xCF, 0xFC, 0xCF, 0xFC, 0xC6, 0x38, 0xC3, 0x70, 0xC3,
    0xE0, 0xFF, 0xF8, 0xFF, 0xFC, 0xCC, 0xCC, 0xCC, 0xCC, 0xDC, 0xCE, 0xD8, 0xC6, 0xD8, 0xC6, 0xDF,
    0xE6, 0xFF, 0x33, 0x31, 0x8F, 0x0F, 0xFE, 0x7F, 0xF3, 0x6D, 0xDE, 0x66, 0xF3, 0x30, 0x66, 0x3E,
    0x7E, 0xFF, 0x03, 0x03, 0x0F, 0x7E, 0x3F, 0x03, 0x03, 0x03, 0x3F, 0xFE, 0xC0, 0xC0, 0xFF, 0x3F,
    0x77, 0x3E, 0x7E, 0x7F, 0x03, 0x07, 0x3E, 0x1F, 0x03, 0x1F, 0x7E, 0xE0, 0xC0, 0x7F, 0x3F, 0xCC,
    0x79, 0x8F, 0x31, 0xE6, 0x3C, 0xC7, 0x99, 0xF3, 0x37, 0xEE, 0x7F, 0x81, 0xC0, 0x30, 0x06, 0x00,
    0x0C, 0x03, 0x00, 0xC0, 0x30, 0xCC, 0xF3, 0x3C, 0xCF, 0x33, 0xCC, 0xF3, 0x3C, 0xDF, 0xFE, 0x7F,
    0x83, 0x00, 0xC0, 0x30, 0x0C, 0x00, 0x3F, 0x8F, 0xFB, 0x83, 0xE0, 0x3C, 0x07, 0xFF, 0xFF, 0xFE,
    0x03, 0xC0, 0x7C, 0x1D, 0xFF, 0x1F, 0xC0, 0x7E, 0xFF, 0xC3, 0xC3, 0xFF, 0xFF, 0xC3, 0xFF, 0x7E,
    0x60, 0x76, 0x0F, 0x70, 0xC3, 0x0C, 0x31, 0xC3, 0x98, 0x19, 0x81, 0xF8, 0x0F, 0x00, 0xF0, 0x0F,
    0x00, 0x60, 0xC3, 0xE1, 0xD8, 0xCC, 0xC7, 0x61, 0xB0, 0xF0, 0x78, 0x1C, 0x00, 0x3E, 0x01, 0xB0,
    0x0D, 0x80, 0x00, 0x60, 0x76, 0x0F, 0x70, 0xC3, 0x0C, 0x31, 0xC3, 0x98, 0x19, 0x81, 0xF8, 0x0F,
    0x00, 0xF0, 0x0F, 0x00, 0x60, 0xFC, 0x36, 0x0D, 0x80, 0x0C, 0x3E, 0x1D, 0x8C, 0xCC, 0x76, 0x1B,
    0x0F, 0x07, 0x81, 0xC0, 0x3F, 0x00, 0x07, 0xF8, 0x00, 0xE1, 0xC0, 0x0C, 0x0D, 0x86, 0xC0, 0xD8,
    0x6C, 0x0D, 0xCE, 0xC0, 0xCC, 0xCC, 0x0C, 0xEC, 0xC0, 0xC7, 0xCE, 0x1C, 0x78, 0x7F, 0x83, 0x83,
    0xF0, 0x38, 0x00, 0x03, 0x00, 0x00, 0x70, 0x00, 0x1E, 0x00, 0x01, 0xC0, 0x7E, 0x61, 0xFF, 0xD8,
    0x6C, 0x3B, 0x3B, 0x06, 0xCC, 0xC1, 0xBB, 0x30, 0x67, 0xCC, 0x39, 0xE3, 0xFC, 0x38, 0x7E, 0x0C,
    0x00, 0x03, 0x00, 0x01, 0xC0, 0x01, 0xE0, 0x00, 0x70, 0x00, 0x0E, 0x03, 0xF8, 0x7F, 0xCE, 0x0E,
    0xC0, 0x7C, 0x07, 0xC0, 0x3C, 0x03, 0xC0, 0x7C, 0x07, 0xE0, 0x67, 0xFC, 0x3F, 0x80, 0xE0, 0x1C,
    0x3F, 0xBF, 0xF8, 0x3C, 0x1E, 0x0F, 0x07, 0x83, 0xFF, 0xBF, 0x87, 0x00, 0x07, 0x00, 0x0F, 0xC0,
    0x37, 0x80, 0x0C, 0x00, 0x30, 0x00, 0x00, 0x0F, 0xBE, 0x3F, 0x3E, 0xE0, 0x0F, 0x80, 0x0F, 0x00,
    0x1E, 0x00, 0x3C, 0x18, 0x78, 0x30, 0xF0, 0x61, 0xF0, 0xC7, 0x7F, 0xFC, 0x7F, 0xF0, 0x00, 0x00,
    0x7C, 0x07, 0xF0, 0x1E, 0x00, 0x30, 0x03, 0x00, 0x00, 0x0F, 0x9E, 0xFC, 0xFE, 0x00, 0xF0, 0x07,
    0x86, 0x3C, 0x31, 0xE1, 0x8F, 0xFF, 0xEF, 0xBE, 0x00, 0x00, 0x1F, 0xC0, 0x3F, 0x80, 0x00, 0x0C,
    0x30, 0x78, 0x60, 0xF0, 0xE1, 0xE1, 0xC7, 0xE3, 0x8F, 0xC7, 0x19, 0x9F, 0x33, 0x36, 0x67, 0x6D,
    0x87, 0x9F, 0x0F, 0x1E, 0x0E, 0x38, 0x00, 0x00, 0xFE, 0x07, 0xF0, 0x00, 0x0C, 0x61, 0xE3, 0x0F,
    0x1C, 0xF8, 0xE6, 0xE7, 0x33, 0x79, 0x9F, 0x78, 0x7B, 0xC3, 0x8C, 0x00, 0x1F, 0xDF, 0xE6, 0x03,
    0x00, 0xC0, 0x30, 0x0C, 0x03, 0x00, 0xC0, 0x38, 0x07, 0xF0, 0xFC, 0x03, 0x00, 0xC0, 0x30, 0x0C,
    0x7F, 0xFF, 0x06, 0x0C, 0x18, 0x30, 0x7E, 0x7C, 0x18, 0x30, 0x60, 0xC0, 0x01, 0x00, 0x61, 0xB0,
    0x3C, 0x07, 0x93, 0x67, 0xC0, 0xE0, 0x3E, 0x0D, 0x82, 0x00, 0x00, 0x03, 0xFF, 0xF0, 0x3E, 0xFD,
    0x08, 0xFC, 0xFC, 0xF9, 0xFA, 0x10, 0x00, 0xE0, 0x00, 0x3E, 0x00, 0x00, 0x00, 0x1E, 0x03, 0xC7,
    0xC0, 0x78, 0x00, 0x00, 0x00, 0x00, 0x00, 0x00, 0x00, 0xF0, 0x01, 0xFE, 0x00, 0x3C, 0x00, 0x00,
    0x00, 0x00, 0x03, 0xC0, 0x78, 0xF8, 0x0F, 0x00, 0x00, 0x00, 0x07, 0x00, 0x01, 0xF0, 0x00, 0x00,
    0x00, 0x00, 0xC0, 0x00, 0x30, 0x03, 0x0C, 0x10, 0xE0, 0x1E, 0x18, 0x0E, 0x06, 0x00, 0x00, 0x00,
    0x00, 0x00, 0x00, 0xE0, 0x01, 0xF8, 0x00, 0x70, 0x00, 0x00, 0x00, 0x00, 0x00, 0x00, 0x02, 0x01,
    0x83, 0xC0, 0x60, 0xC3, 0x0C, 0x00, 0xC0, 0x00, 0x30, 0x00, 0x21, 0x03, 0xF0, 0x3E, 0x00, 0x00,
    0xC1, 0xCC, 0x3C, 0xC3, 0xCC, 0x7C, 0xC6, 0xCC, 0xCC, 0xDC, 0xCD, 0x8C, 0xF0, 0xCF, 0x0C, 0xE0,
    0xCE, 0x0E, 0x00, 0x60, 0x0E, 0x00, 0xE0, 0x67, 0x1F, 0x83, 0xE0, 0x00, 0xC7, 0x31, 0xCC, 0xF3,
    0x3C, 0xDB, 0x3C, 0xCF, 0x33, 0x8C, 0xE3, 0xC0, 0x70, 0x18, 0x06, 0x60, 0x30, 0x3E, 0x1F, 0x06,
    0x03, 0xF9, 0xFE, 0xC3, 0x61, 0xB0, 0xDF, 0xEF, 0xE0, 0x60, 0x30, 0x3E, 0x1F, 0x06, 0x03, 0x01,
    0x80, 0xC0, 0x7F, 0xBF, 0xD8, 0x6F, 0xF7, 0xF0, 0xFE, 0xFE, 0xC7, 0xC3, 0xDF, 0xDE, 0xFE, 0xF6,
    0xC6, 0xC0, 0xC0, 0xC0, 0xFE, 0xFF, 0xC3, 0xC3, 0xC3, 0xC3, 0xCF, 0xFF, 0xFE, 0xC3, 0xC0, 0xC0,
    0xC0, 0x06, 0x0F, 0xFF, 0xFC, 0x18, 0x30, 0x60, 0xC1, 0x83, 0x06, 0x0C, 0x18, 0x00, 0x0C, 0x30,
    0xFF, 0xFB, 0x0C, 0x30, 0xC3, 0x0C, 0x30, 0x7F, 0x7F, 0x60, 0x60, 0x60, 0x60, 0xFC, 0xFC, 0x60,
    0x60, 0x60, 0x60, 0x7F, 0x7E, 0x60, 0x60, 0xFC, 0xFC, 0x60, 0x60, 0x60, 0xFE, 0x7F, 0x30, 0x18,
    0x0C, 0x07, 0xF3, 0xFD, 0x86, 0xC3, 0xE0, 0xF0, 0x78, 0x30, 0x38, 0x18, 0xFC, 0x7C, 0xFD, 0xF3,
    0x06, 0x0F, 0xDF, 0xF1, 0xE3, 0xC6, 0x0C, 0x1B, 0xF7, 0xC0, 0x61, 0x8E, 0x31, 0x9C, 0x39, 0x98,
    0x1D, 0xB0, 0x0D, 0xF0, 0x07, 0xE0, 0x0F, 0xE0, 0x0D, 0xF0, 0x19, 0xB8, 0x39, 0x98, 0x71, 0x8F,
    0x61, 0x8F, 0x00, 0x03, 0x00, 0x03, 0x00, 0x03, 0x63, 0x38, 0xCD, 0xC3, 0xB6, 0x07, 0xF0, 0x0F,
    0xC0, 0x7F, 0x03, 0xB6, 0x1C, 0xCE, 0xE3, 0x3C, 0x00, 0x30, 0x00, 0xC0, 0x03, 0xFE, 0xFF, 0x03,
    0x03, 0x0E, 0x7E, 0x3F, 0x03, 0x03, 0x03, 0xFF, 0xFE, 0x18, 0x0C, 0x3C, 0x10, 0x7C, 0x7E, 0x06,
    0x0E, 0x3E, 0x3F, 0x03, 0xFF, 0xFE, 0x18, 0x0C, 0x1C, 0x3C, 0xC3, 0xB1, 0xCC, 0xE3, 0x70, 0xF8,
    0x3C, 0x0F, 0x03, 0xE0, 0xDC, 0x33, 0x8C, 0x7F, 0x0F, 0x00, 0xC0, 0x30, 0x0C, 0xCE, 0xDC, 0xD8,
    0xF0, 0xF0, 0xF0, 0xD8, 0xCE, 0xCF, 0x03, 0x03, 0x03, 0xC3, 0xB1, 0xCF, 0xE3, 0xF0, 0xF8, 0x3E,
    0x0F, 0x83, 0xE0, 0xFC, 0x3F, 0x8C, 0x73, 0x0E, 0xCE, 0xFC, 0xF8, 0xF0, 0xF0, 0xF8, 0xF8, 0xFC,
    0xC6, 0x30, 0xC6, 0x3B, 0xEE, 0x3D, 0x83, 0x70, 0x7C, 0x0F, 0xC1, 0xB8, 0x33, 0x86, 0x38, 0xC7,
    0x18, 0x70, 0x60, 0x30, 0x3F, 0x1F, 0x86, 0x33, 0x39, 0xB8, 0xF8, 0x78, 0x3E, 0x1B, 0x8C, 0xE6,
    0x38, 0xF8, 0x7F, 0x8E, 0x19, 0xC1, 0xB8, 0x1F, 0x01, 0xE0, 0x1E, 0x01, 0xB0, 0x1B, 0x81, 0x9C,
    0x18, 0xE1, 0x87, 0xF9, 0xDF, 0x30, 0x6C, 0x0F, 0x01, 0xE0, 0x3E, 0x06, 0xE0, 0xCC, 0x18, 0xC0,
    0xC1, 0x98, 0x33, 0x06, 0x60, 0xCC, 0x19, 0xFF, 0x3F, 0xE6, 0x0C, 0xC1, 0x98, 0x33, 0x06, 0x60,
    0xF0, 0x06, 0x00, 0xC0, 0x18, 0xC3, 0x61, 0xB0, 0xD8, 0x6F, 0xF7, 0xFB, 0x0D, 0x86, 0xC3, 0x80,
    0xC0, 0x60, 0x30, 0xC1, 0xFC, 0x1F, 0xC1, 0x8C, 0x18, 0xC1, 0x8F, 0xF8, 0xFF, 0x8C, 0x18, 0xC1,
    0x8C, 0x18, 0xC1, 0x8C, 0x18, 0xC3, 0xF8, 0x7B, 0x0C, 0x61, 0x8F, 0xF1, 0xFE, 0x30, 0xC6, 0x18,
    0xC3, 0x00, 0xFF, 0x80, 0xFF, 0x80, 0xC1, 0x80, 0xC1, 0x80, 0xC1, 0x80, 0xC1, 0x80, 0xC1, 0xFC,
    0xC1, 0xFE, 0xC1, 0x86, 0xC1, 0x87, 0xC1, 0x83, 0xC1, 0x83, 0x00, 0x07, 0x00, 0x06, 0x00, 0xFE,
    0x00, 0xFC, 0xFF, 0x07, 0xF8, 0x30, 0xC1, 0x86, 0x0C, 0x3E, 0x61, 0xFB, 0x0C, 0xF8, 0x63, 0xC3,
    0x18, 0x00, 0xC0, 0x0E, 0x03, 0xE0, 0x1F, 0x00, 0x3E, 0x07, 0xE0, 0xE3, 0xCC, 0x7E, 0xC6, 0x6C,
    0x66, 0xC6, 0x6C, 0x66, 0xC6, 0x6E, 0x7E, 0x7F, 0xC3, 0xFF, 0x00, 0x60, 0x7C, 0x7C, 0x33, 0xF9,
    0xFC, 0xDE, 0x6F, 0x37, 0xFF, 0x7F, 0x80, 0x3F, 0xBF, 0xF8, 0x18, 0x0C, 0x06, 0x03, 0x01, 0x80,
    0xC0, 0x70, 0x1F, 0xE7, 0xF0, 0xC0, 0x30, 0x78, 0x10, 0x7F, 0xFF, 0x06, 0x0C, 0x18, 0x30, 0x7F,
    0x7E, 0x30, 0x30, 0xE3, 0xC0, 0xFF, 0xFF, 0xC6, 0x03, 0x01, 0x80, 0xC0, 0x60, 0x30, 0x18, 0x0C,
    0x06, 0x03, 0xC0, 0x60, 0x30, 0x18, 0xFF, 0xFC, 0x60, 0xC1, 0x83, 0x06, 0x0C, 0x1C, 0x18, 0x30,
    0x60, 0xC1, 0xF8, 0x66, 0x38, 0xCC, 0x36, 0x07, 0x81, 0xC0, 0x30, 0x0C, 0x03, 0x00, 0xC0, 0x30,
    0xE1, 0x98, 0x66, 0x31, 0xCC, 0x37, 0x0F, 0x81, 0xE0, 0x78, 0x1C, 0x03, 0x00, 0xC0, 0x30, 0x0C,
    0x00, 0xE1, 0xD8, 0x67, 0x38, 0xCC, 0x3B, 0x07, 0x80, 0xE0, 0x30, 0x3F, 0x0F, 0xC0, 0xC0, 0x30,
    0x61, 0x98, 0x67, 0x18, 0xCC, 0x3B, 0x07, 0xC1, 0xE0, 0x78, 0x0E, 0x0F, 0xC3, 0xF0, 0x30, 0x0C,
    0x00, 0xE1, 0xCC, 0x30, 0xCC, 0x1F, 0x81, 0xE0, 0x3C, 0x07, 0x80, 0xF0, 0x33, 0x0E, 0x61, 0x86,
    0x70, 0xF0, 0x06, 0x00, 0xC0, 0x18, 0x63, 0x8C, 0xC3, 0xF0, 0x78, 0x1C, 0x07, 0x83, 0xF1, 0xCC,
    0x61, 0xC0, 0x30, 0x0C, 0x03, 0xFF, 0x9B, 0xFE, 0x61, 0x81, 0x86, 0x06, 0x18, 0x18, 0x60, 0x61,
    0x81, 0x86, 0x06, 0x18, 0x18, 0x60, 0x61, 0xFF, 0xC7, 0xFF, 0x00, 0x0C, 0x00, 0x30, 0x00, 0xC0,
    0xFE, 0xCF, 0xEC, 0x30, 0xC3, 0x0C, 0x30, 0xC3, 0x0C, 0x30, 0xC3, 0xFE, 0x3F, 0xF0, 0x03, 0x00,
    0x30, 0x03, 0xC1, 0xB0, 0x6C, 0x1B, 0x06, 0xC1, 0xB0, 0x6E, 0x79, 0xFE, 0x11, 0x80, 0x60, 0x18,
    0x07, 0x00, 0xC0, 0x30, 0x0C, 0xC3, 0x61, 0xB0, 0xD8, 0x6E, 0xF7, 0xF8, 0xCC, 0x06, 0x03, 0x80,
    0xC0, 0x60, 0x30, 0xC1, 0xE0, 0xF0, 0x78, 0x3D, 0x9E, 0xCF, 0xFE, 0xFF, 0x19, 0x8C, 0xC0, 0x60,
    0x30, 0xC3, 0xC3, 0xC3, 0xDB, 0xDF, 0xFF, 0x3B, 0x1B, 0x03, 0xC0, 0x60, 0x30, 0x18, 0x0F, 0xF7,
    0xFF, 0x07, 0x83, 0xC1, 0xE0, 0xF0, 0x78, 0x30, 0xC0, 0xC0, 0xC0, 0xC0, 0xFE, 0xFF, 0xC3, 0xC3,
    0xC3, 0xC3, 0xC3, 0xC3, 0xC3, 0x0F, 0xE0, 0xFF, 0x86, 0x0D, 0xF0, 0x7F, 0x01, 0xFF, 0xFD, 0xFF,
    0xE6, 0x00, 0x38, 0x00, 0xC0, 0x07, 0xFC, 0x0F, 0xE0, 0x0F, 0x87, 0xFF, 0x8F, 0xC3, 0xFF, 0xCF,
    0xF3, 0x80, 0x7F, 0x0F, 0xC0, 0x0F, 0xE0, 0xFF, 0x86, 0x0D, 0xF0, 0x7F, 0x01, 0xFF, 0xFD, 0xFF,
    0xE6, 0x00, 0x38, 0x00, 0xC0, 0x07, 0xFC, 0x0F, 0xE0, 0x18, 0x00, 0xC0, 0x06, 0x00, 0x0F, 0x87,
    0xFF, 0x8F, 0xC3, 0xFF, 0xCF, 0xF3, 0x80, 0x7F, 0x0F, 0xC1, 0x80, 0x60, 0x18, 0xF6, 0x66, 0x66,
    0x66, 0x66, 0x6F, 0x04, 0x40, 0x07, 0xE0, 0x03, 0xC0, 0x00, 0x00, 0x61, 0x86, 0x71, 0x8E, 0x31,
    0x9C, 0x19, 0xB8, 0x1D, 0xB8, 0x0F, 0xF0, 0x1F, 0xF8, 0x19, 0xB8, 0x39, 0x9C, 0x71, 0x8C, 0x61,
    0x8E, 0xE1, 0x87, 0x08, 0x80, 0x7E, 0x01, 0xE0, 0x00, 0x06, 0x33, 0xB9, 0x98, 0xCD, 0xC3, 0x6C,
    0x1F, 0xC1, 0xFF, 0x0C, 0xDC, 0xE6, 0x6E, 0x31, 0x80, 0xC3, 0x63, 0xB3, 0x9B, 0x8F, 0x87, 0x83,
    0xF9, 0xFE, 0xC3, 0xE0, 0xF0, 0x78, 0x30, 0x18, 0x1C, 0xFC, 0x7C, 0xC6, 0xCC, 0xD8, 0xF0, 0xFC,
    0xFE, 0xC7, 0xC3, 0xC3, 0x03, 0x07, 0x3E, 0x3C, 0x0F, 0xE0, 0x7F, 0x07, 0x18, 0x30, 0xC1, 0x86,
    0x0C, 0x30, 0x61, 0x83, 0x0C, 0x38, 0x61, 0x83, 0x1C, 0x19, 0xC0, 0xE0, 0x03, 0x00, 0x38, 0x01,
    0x80, 0x1F, 0x83, 0xF0, 0x66, 0x1C, 0xC3, 0x18, 0x63, 0x0C, 0x63, 0x8E, 0xE1, 0xC0, 0x18, 0x03,
    0x00, 0xC0, 0xC1, 0xE0, 0xF0, 0x78, 0x3C, 0x1F, 0xFF, 0xFF, 0x83, 0xC1, 0xE0, 0xF0, 0x78, 0x30,
    0x18, 0x1C, 0xFC, 0x7C, 0xC3, 0xC3, 0xC3, 0xC3, 0xFF, 0xFF, 0xC3, 0xC3, 0xC3, 0x03, 0x03, 0x3F,
    0x3E, 0xC1, 0x98, 0x33, 0x06, 0x60, 0xCC, 0x19, 0xFF, 0x3F, 0xE6, 0x0C, 0xC1, 0x98, 0x33, 0x06,
    0x60, 0xF0, 0x0E, 0x01, 0x80, 0x70, 0xC3, 0x30, 0xCC, 0x33, 0x0C, 0xFF, 0x3F, 0xCC, 0x33, 0x0C,
    0xC3, 0xC0, 0x70, 0x18, 0x06, 0xC1, 0xE0, 0xF0, 0x78, 0x3C, 0x1E, 0x0F, 0x9E, 0xFF, 0x11, 0x80,
    0xC0, 0x60, 0x70, 0x30, 0x18, 0x0C, 0xC3, 0xC3, 0xC3, 0xC3, 0xEF, 0xFF, 0x33, 0x03, 0x07, 0x06,
    0x06, 0x06, 0xE0, 0x73, 0x81, 0xCF, 0x0F, 0x3C, 0x3C, 0xF0, 0xF3, 0x66, 0xCD, 0x9B, 0x36, 0x6C,
    0xCF, 0x33, 0x3C, 0xCC, 0xF3, 0x31, 0x8F, 0x00, 0x1C, 0x00, 0x60, 0x03, 0x80, 0xE1, 0xCE, 0x3C,
    0xE3, 0xCF, 0x3C, 0xF6, 0xCD, 0x6C, 0xDE, 0xCD, 0xCC, 0xCC, 0xE0, 0x06, 0x00, 0x60, 0x0E, 0xF6,
    0x66, 0x66, 0x66, 0x66, 0x6F, 0x11, 0x07, 0xE0, 0x7C, 0x00, 0x00, 0xE0, 0x1C, 0x07, 0x80, 0xD8,
    0x1B, 0x06, 0x70, 0xC6, 0x3F, 0xC7, 0xFC, 0xC1, 0xB0, 0x36, 0x03, 0x22, 0x7E, 0x3C, 0x00, 0x7E,
    0x7F, 0x03, 0x03, 0x7F, 0xE3, 0xC7, 0xEF, 0xFF, 0x1B, 0x00, 0x00, 0x00, 0x06, 0x00, 0xE0, 0x3C,
    0x06, 0xC0, 0xD8, 0x33, 0x06, 0x71, 0xFE, 0x3F, 0xE6, 0x0D, 0xC1, 0xB0, 0x38, 0x6C, 0x20, 0x00,
    0x7E, 0x7F, 0x03, 0x03, 0x7F, 0xFF, 0xC7, 0xFF, 0xFF, 0x03, 0xFC, 0x1F, 0xF0, 0x6C, 0x03, 0x30,
    0x0C, 0xC0, 0x63, 0xF1, 0x8F, 0xCF, 0xF0, 0x3F, 0xC1, 0xC3, 0x06, 0x0F, 0xF8, 0x3F, 0x7D, 0xE3,
    0xFF, 0x81, 0xCE, 0x0C, 0x77, 0xFF, 0xFF, 0xFB, 0x1C, 0x1F, 0xFE, 0xF9, 0xF0, 0x44, 0xF9, 0xF0,
    0x0F, 0xFF, 0xF0, 0x60, 0xC1, 0xFF, 0xF6, 0x0C, 0x18, 0x3F, 0xFF, 0x66, 0x7E, 0x3C, 0x00, 0x7C,
    0xFE, 0xC7, 0xC3, 0xFF, 0xFE, 0xC0, 0xFE, 0x7E, 0xFF, 0x3F, 0xE0, 0x1C, 0x03, 0x00, 0xFF, 0xFF,
    0xFF, 0x03, 0xC0, 0xF8, 0x77, 0xF8, 0xFC, 0xFC, 0xFE, 0x07, 0x03, 0xFF, 0xFF, 0xC7, 0xFE, 0x7C,
    0x36, 0x00, 0x00, 0x03, 0xFC, 0xFF, 0x80, 0x70, 0x0C, 0x03, 0xFF, 0xFF, 0xFC, 0x0F, 0x03, 0xE1,
    0xDF, 0xE3, 0xF0, 0x6C, 0x00, 0x00, 0xFC, 0xFE, 0x07, 0x03, 0xFF, 0xFF, 0xC7, 0xFE, 0x7C, 0x06,
    0xC0, 0x00, 0x00, 0x00, 0x00, 0x61, 0x86, 0x71, 0x8E, 0x31, 0x9C, 0x19, 0xB8, 0x1D, 0xB8, 0x0F,
    0xF0, 0x1F, 0xF8, 0x19, 0xB8, 0x39, 0x9C, 0x71, 0x8C, 0x61, 0x8E, 0xE1, 0x87, 0x0D, 0x80, 0x08,
    0x00, 0x01, 0xCC, 0x66, 0x67, 0x3B, 0x30, 0xFB, 0x03, 0xF8, 0x3F, 0xE3, 0xB3, 0x19, 0x9D, 0xCC,
    0x70, 0x36, 0x00, 0x00, 0x1F, 0xC7, 0xF0, 0x18, 0x0C, 0x0E, 0x3E, 0x1F, 0x80, 0xE0, 0x30, 0x3F,
    0xFB, 0xF8, 0x6C, 0x90, 0x07, 0xEF, 0xE0, 0xC3, 0xBE, 0x7E, 0x0F, 0xFF, 0xE0, 0x7F, 0x3F, 0x81,
    0x81, 0x81, 0x81, 0xF8, 0x7E, 0x03, 0x01, 0x80, 0xFF, 0xFF, 0xE0, 0xFE, 0xFE, 0x0C, 0x18, 0x30,
    0x7C, 0x3E, 0x07, 0x03, 0x03, 0x07, 0xFE, 0xFC, 0x3E, 0x0F, 0x80, 0x03, 0x07, 0xC3, 0xF0, 0xFC,
    0x7F, 0x3B, 0xCC, 0xF7, 0x3D, 0x8F, 0xC3, 0xF0, 0xF8, 0x3C, 0x0C, 0x7C, 0x7C, 0x00, 0xC7, 0xCF,
    0xCF, 0xDB, 0xDB, 0xF3, 0xF3, 0xE3, 0xE3, 0x36, 0x00, 0x00, 0x03, 0x07, 0xC3, 0xF0, 0xFC, 0x7F,
    0x1B, 0xCC, 0xF7, 0x3D, 0x8F, 0xC3, 0xF0, 0xF8, 0x3C, 0x0C, 0x6C, 0x20, 0x00, 0xC7, 0xCF, 0xCF,
    0xDB, 0xDB, 0xF3, 0xF3, 0xE3, 0xE3, 0x1B, 0x00, 0x00, 0x00, 0x1F, 0xC7, 0xFD, 0xC1, 0xF0, 0x1E,
    0x03, 0xC0, 0x78, 0x0F, 0x01, 0xE0, 0x3E, 0x0E, 0xFF, 0x8F, 0xE0, 0x36, 0x02, 0x00, 0x0F, 0xCF,
    0xF6, 0x1F, 0x07, 0x83, 0xC1, 0xE1, 0xFF, 0xCF, 0xC0, 0x3F, 0x8F, 0xFB, 0x83, 0xE0, 0x3C, 0x07,
    0xFF, 0xFF, 0xFE, 0x03, 0xC0, 0x7C, 0x1D, 0xFF, 0x1F, 0xC0, 0x7E, 0xFF, 0xC3, 0xC3, 0xFF, 0xFF,
    0xC3, 0xFF, 0x7E, 0x1B, 0x00, 0x00, 0x00, 0x1F, 0xC7, 0xFD, 0xC1, 0xF0, 0x1E, 0x03, 0xFF, 0xFF,
    0xFF, 0x01, 0xE0, 0x3E, 0x0E, 0xFF, 0x8F, 0xE0, 0x36, 0x04, 0x00, 0x7E, 0xFF, 0xC3, 0xC3, 0xFF,
    0xFF, 0xC3, 0xFF, 0x7E, 0x36, 0x00, 0x00, 0x01, 0xFC, 0x7F, 0x80, 0x70, 0x0C, 0x03, 0x3F, 0xC7,
    0xF0, 0x0C, 0x03, 0x01, 0xDF, 0xE7, 0xF0, 0x6C, 0x10, 0x07, 0xEF, 0xE0, 0xC1, 0xBF, 0x3E, 0x0F,
    0xFF, 0xE0, 0x1F, 0x03, 0xE0, 0x00, 0x70, 0x76, 0x0C, 0xE1, 0x8C, 0x61, 0xCC, 0x1B, 0x03, 0xE0,
    0x3C, 0x07, 0x00, 0xE0, 0xF8, 0x1E, 0x00, 0x3E, 0x1F, 0x00, 0x18, 0x3E, 0x3B, 0x19, 0xCC, 0x6C,
    0x36, 0x1F, 0x07, 0x03, 0x81, 0xC0, 0xC3, 0xE1, 0xE0, 0x1B, 0x00, 0x00, 0x00, 0x70, 0x66, 0x0C,
    0xE3, 0x8C, 0x61, 0x9C, 0x1B, 0x03, 0xE0, 0x38, 0x07, 0x00, 0xC0, 0xF8, 0x1E, 0x00, 0x36, 0x02,
    0x00, 0x18, 0x7E, 0x33, 0x19, 0x9C, 0x6C, 0x36, 0x1E, 0x07, 0x03, 0x81, 0x80, 0xC3, 0xE1, 0xE0,
    0x06, 0xC1, 0xF8, 0x36, 0x00, 0x06, 0x06, 0xE1, 0xCC, 0x31, 0x8E, 0x19, 0x83, 0x30, 0x3C, 0x07,
    0x80, 0x60, 0x0C, 0x0F, 0x01, 0xE0, 0x0D, 0x87, 0xE1, 0xB0, 0x00, 0x61, 0xD8, 0x67, 0x38, 0xCC,
    0x33, 0x07, 0xC1, 0xE0, 0x78, 0x0C, 0x03, 0x01, 0xC1, 0xE0, 0x70, 0x00, 0x36, 0x00, 0x00, 0x18,
    0x3C, 0x1E, 0x0F, 0x07, 0x83, 0xE7, 0xBF, 0xC6, 0x60, 0x30, 0x18, 0x0C, 0x06, 0x6C, 0x00, 0x00,
    0xC3, 0xC3, 0xC3, 0xC3, 0xE7, 0xFF, 0x13, 0x03, 0x03, 0xFF, 0xFF, 0x06, 0x0C, 0x18, 0x30, 0x60,
    0xC1, 0x83, 0x07, 0x06, 0x0C, 0x18, 0x00, 0xFF, 0xFC, 0x30, 0xC3, 0x0C, 0x30, 0xE1, 0x86, 0x18,
    0x1B, 0x00, 0x00, 0x00, 0x60, 0x3C, 0x07, 0x80, 0xF0, 0x1E, 0x03, 0xFE, 0x7F, 0xCF, 0x1D, 0xE1,
    0xBC, 0x77, 0xFC, 0xFF, 0x18, 0x36, 0x00, 0x00, 0x03, 0x03, 0xC0, 0xF0, 0x3F, 0xCF, 0xFB, 0xC6,
    0xF1, 0xBF, 0xEF, 0xF3, 0x7F, 0x7F, 0x60, 0x60, 0x60, 0x60, 0xFC, 0xFC, 0x60, 0x60, 0x70, 0x70,
    0x30, 0x30, 0x70, 0x00, 0x7F, 0x7E, 0x60, 0x60, 0xFC, 0xFC, 0x60, 0x60, 0x70, 0x30, 0x30, 0x70,
    0x00, 0x61, 0xCE, 0x30, 0xCE, 0x1D, 0x81, 0xE0, 0x1C, 0x07, 0x80, 0xF8, 0x3B, 0x06, 0x71, 0x87,
    0xF0, 0x70, 0x06, 0x00, 0xC0, 0x78, 0x04, 0x63, 0x8C, 0xC3, 0xF0, 0x78, 0x1C, 0x07, 0x83, 0xF1,
    0xCE, 0x61, 0xC0, 0x30, 0x0C, 0x0F, 0x01, 0x00, 0xE1, 0xD8, 0x63, 0x30, 0xFC, 0x1E, 0x1F, 0xE7,
    0xF8, 0xF8, 0x33, 0x1C, 0xE6, 0x1B, 0x07, 0xE3, 0xBB, 0x8D, 0x87, 0xC7, 0xF3, 0xF8, 0xD8, 0xEE,
    0xE3, 0x80, 0x70, 0xCC, 0x33, 0x8C, 0xF7, 0x3F, 0x99, 0xC6, 0x71, 0x8E, 0xE1, 0xB8, 0x70, 0x7E,
    0x3F, 0x80, 0xC0, 0x60, 0x30, 0x18, 0x0C, 0x06, 0x7F, 0xFF, 0xC0, 0x79, 0xE1, 0xC7, 0x1C, 0x71,
    0xC7, 0xFF, 0xB0, 0x00, 0xFF, 0xBF, 0x81, 0x80, 0xC0, 0x60, 0x30, 0x18, 0x0C, 0x06, 0x03, 0x00,
    0x7F, 0x9F, 0xE0, 0x1C, 0x07, 0x61, 0xD8, 0x76, 0x1D, 0x87, 0x61, 0xD8, 0x70, 0xF7, 0x33, 0x33,
    0x33, 0x33, 0xFB, 0xCC, 0xC6, 0x31, 0xCE, 0x71, 0x80, 0xFF, 0x9F, 0xF7, 0x0D, 0xC3, 0x70, 0xDC,
    0x37, 0x0D, 0xC3, 0x70, 0xDC, 0x30, 0x67, 0x99, 0xE6, 0x1D, 0x83, 0x60, 0xD8, 0x36, 0x0D, 0xC7,
    0x3F, 0x87, 0xC0, 0xF7, 0x33, 0x33, 0xFE, 0x7F, 0x03, 0x03, 0x03, 0x03, 0x03, 0x03, 0x03, 0x03,
    0x03, 0x03, 0x03, 0xFC, 0x7E, 0x07, 0x03, 0x03, 0x03, 0x03, 0x07, 0x7E, 0xFC, 0xC0, 0x60, 0x30,
    0x1F, 0xE7, 0xF0, 0x18, 0x18, 0x0C, 0x06, 0x07, 0x03, 0x01, 0x81, 0xC0, 0x7F, 0x8F, 0xF9, 0xC3,
    0x38, 0x77, 0x0E, 0xE1, 0xDC, 0x3B, 0x87, 0x7F, 0xEF, 0xFC, 0x6F, 0x8F, 0xF9, 0xE3, 0x18, 0x73,
    0x0E, 0x61, 0xDC, 0x3B, 0x06, 0x67, 0xCD, 0xF0, 0xF7, 0x33, 0x33, 0x33, 0x33, 0x33, 0x30, 0x79,
    0xE1, 0x86, 0x18, 0x61, 0x86, 0x7B, 0xE0, 0xFF, 0x9F, 0xF7, 0x0D, 0x83, 0x60, 0xD8, 0x36, 0x0D,
    0xC7, 0x3F, 0x87, 0xC0, 0x00, 0x18, 0x66, 0x19, 0xC6, 0x31, 0x8C, 0x63, 0x18, 0xEE, 0x3F, 0x0F,
    0x8F, 0xC3, 0x00, 0x3F, 0x1F, 0xE6, 0x1B, 0x86, 0x61, 0x9C, 0x73, 0x1C, 0x07, 0x01, 0xC0, 0x70,
    0x1C, 0x07, 0x01, 0xC0, 0x3F, 0x1F, 0xE6, 0x19, 0x86, 0x61, 0xDE, 0x73, 0x18, 0x0E, 0x7F, 0x1F,
    0x80, 0xE3, 0x31, 0x9C, 0xC6, 0xE3, 0x61, 0xF0, 0x70, 0x30, 0x1C, 0x06, 0x03, 0x01, 0xC0, 0xE0,
    0x61, 0xB9, 0xCC, 0xE3, 0x61, 0xF0, 0x70, 0x38, 0x0E, 0x7F, 0x7F, 0x80, 0xFF, 0xFF, 0xC0, 0xE8,
    0x6C, 0x36, 0x3B, 0x19, 0x8C, 0xC6, 0x67, 0x30, 0x18, 0x0C, 0x00, 0xFE, 0x7E, 0x07, 0x03, 0x03,
    0x03, 0x03, 0x03, 0x03, 0x03, 0xCC, 0xD9, 0x9B, 0x33, 0x66, 0x6F, 0xCD, 0xF1, 0xB8, 0x37, 0x0E,
    0x7F, 0x87, 0xE0, 0x7F, 0xCF, 0xF8, 0xC3, 0x18, 0x73, 0x0E, 0x61, 0xCC, 0x39, 0x87, 0x70, 0xFE,
    0x1C, 0x5B, 0x60, 0x6F, 0xE0, 0x06, 0xC0, 0x7F, 0x7F, 0xE0, 0xE0, 0x60, 0x30, 0x18, 0x18, 0x08,
    0x00, 0x0C, 0x0C, 0x00, 0xF1, 0xE7, 0x0E, 0x0F, 0xBF, 0x78, 0x00, 0xFB, 0xF0, 0x0E, 0xE4, 0x4C,
    0xE6, 0x66, 0x66, 0x66, 0x66, 0x00, 0x01, 0x8F, 0xBF, 0xF7, 0x8C, 0x18, 0x30, 0x60, 0xC1, 0x83,
    0x00, 0x00, 0x00, 0x33, 0x6C, 0xDB, 0xFE, 0x7F, 0x9C, 0xC6, 0x01, 0x80, 0x60, 0x18, 0x06, 0x01,
    0x80, 0x20, 0x00, 0x08, 0x38, 0x78, 0x60, 0xE0, 0x78, 0x78, 0x70, 0x60, 0xC0, 0x7F, 0x7F, 0x00,
    0x3C, 0x7E, 0x66, 0xE6, 0xC6, 0xC6, 0x66, 0x7E, 0x3C, 0xEC, 0xFC, 0x3C, 0x06, 0x06, 0x06, 0x06,
    0x06, 0x06, 0x06, 0x06, 0x02, 0x40, 0xB0, 0x66, 0x19, 0x8E, 0x73, 0x0C, 0xC3, 0x60, 0xF8, 0x1E,
    0x07, 0x01, 0xC0, 0x30, 0x00, 0x00, 0x0C, 0x03, 0x01, 0xC0, 0x78, 0x1E, 0x0F, 0x83, 0x70, 0xCC,
    0x63, 0x18, 0xEE, 0x1B, 0x06, 0x00, 0x00, 0x00, 0x3C, 0x7C, 0xEE, 0xE6, 0x7E, 0x7E, 0x1E, 0x06,
    0x06, 0x06, 0x03, 0x03, 0x00, 0xC0, 0x06, 0x40, 0x66, 0x06, 0xE0, 0x6C, 0x06, 0xE0, 0x67, 0xBC,
    0x3F, 0x80, 0xE0, 0x7F, 0xC0, 0x0E, 0xE4, 0x4C, 0xE6, 0x66, 0x66, 0x66, 0x66, 0x00, 0x01, 0x8F,
    0xBF, 0xF7, 0x8C, 0x18, 0x30, 0x60, 0xC1, 0x83, 0x00, 0x00, 0x00, 0x33, 0x6C, 0xDB, 0xFE, 0x7F,
    0x9C, 0xC6, 0x01, 0x80, 0x60, 0x18, 0x06, 0x01, 0x80, 0x20, 0x00, 0x01, 0xBB, 0x77, 0xF7, 0xEF,
    0x18, 0x30, 0x60, 0xC1, 0x83, 0x00, 0x08, 0x0C, 0x07, 0x07, 0xC3, 0x63, 0xB9, 0x8C, 0xC6, 0xC3,
    0x65, 0x9F, 0xCF, 0xE0, 0x00, 0xF9, 0xE7, 0x0E, 0x0F, 0x8F, 0x1C, 0x70, 0xC3, 0x86, 0x00, 0x00,
    0x40, 0xB0, 0x66, 0x19, 0x8E, 0x73, 0x0C, 0xC3, 0x60, 0xF8, 0x1E, 0x07, 0x01, 0xC0, 0x30, 0x00,
    0x00, 0x0C, 0x03, 0x01, 0xC0, 0x78, 0x1E, 0x0F, 0x83, 0x70, 0xCC, 0x63, 0x18, 0xEE, 0x1B, 0x06,
    0x00, 0x00, 0x00, 0x3C, 0x7C, 0xEE, 0xE6, 0x7E, 0x7E, 0x1E, 0x06, 0x06, 0x06, 0x03, 0x03, 0x7E,
    0x3F, 0xB8, 0xCE, 0x77, 0x3F, 0x1F, 0x8F, 0xC7, 0xE3, 0x80, 0xE7, 0xE7, 0x67, 0x67, 0xE7, 0xE7,
    0xE6, 0x7E, 0x7E, 0xF7, 0xF7, 0x77, 0x67, 0xE7, 0xE7, 0xE6, 0x7E, 0x7E, 0x7E, 0x3F, 0xB8, 0xDC,
    0x7F, 0xFF, 0xDF, 0x8F, 0xC7, 0xE3, 0x80, 0x7F, 0x7F, 0xB8, 0xFC, 0x7F, 0xBF, 0xDF, 0x8F, 0xC7,
    0xE3, 0x80, 0xF3, 0xF9, 0xDC, 0xEC, 0x7E, 0x3F, 0x1F, 0x8D, 0xFE, 0xFF, 0x00, 0xDE, 0x67, 0x98,
    0xCC, 0x66, 0x33, 0x98, 0xCC, 0x7E, 0x3E, 0x00, 0xFE, 0x7F, 0x80, 0xC0, 0x67, 0xB3, 0xD8, 0xEC,
    0x7E, 0x3E, 0x00, 0xFE, 0x7F, 0x80, 0xC0, 0x6E, 0x3F, 0x1F, 0x8E, 0xFF, 0x7F, 0x80, 0xE6, 0xE6,
    0x6E, 0x6E, 0xE7, 0xE7, 0xE6, 0x7E, 0x7E, 0xF6, 0xF6, 0x7E, 0x6E, 0xE7, 0xE7, 0xE6, 0x7E, 0x7E,
    0x7E, 0x1D, 0xFC, 0x7E, 0x31, 0xDC, 0xE7, 0x73, 0x9F, 0x8E, 0x7E, 0x39, 0xBC, 0xFE, 0x73, 0xF8,
    0x7E, 0x1D, 0xFC, 0x7E, 0x31, 0xDC, 0xE7, 0x73, 0x9F, 0x8E, 0x7E, 0x39, 0xFC, 0x7F, 0x71, 0xF8,
    0x00, 0x60, 0x1F, 0x80, 0x7C, 0x3F, 0x0F, 0xE7, 0x18, 0xF7, 0x19, 0xCE, 0x73, 0x9D, 0xC7, 0x71,
    0xC0, 0x71, 0xFC, 0xFF, 0x3F, 0x0F, 0xE7, 0x18, 0xE7, 0x39, 0xDC, 0x77, 0x1D, 0x87, 0xE1, 0xC0,
    0x73, 0xFD, 0xFF, 0x01, 0xFF, 0xFF, 0xC0, 0x60, 0x33, 0xD9, 0xEC, 0x76, 0x3F, 0x1F, 0x00, 0x4F,
    0xFF, 0xF8, 0xFF, 0x9F, 0xE3, 0x9C, 0xC7, 0x71, 0xDC, 0x77, 0x1D, 0xC7, 0x71, 0xC0, 0x7F, 0x0E,
    0xFE, 0x1F, 0x8E, 0x3F, 0x1C, 0x7E, 0x38, 0xFC, 0x71, 0xD8, 0xE3, 0x3D, 0xFE, 0x3F, 0xFC, 0x7E,
    0x1D, 0xFC, 0x7E, 0x31, 0xDC, 0xE7, 0x73, 0x9F, 0x8E, 0x7E, 0x39, 0xFC, 0x7F, 0x71, 0xFC, 0x3E,
    0x3F, 0x98, 0xDC, 0x7E, 0x3F, 0x1D, 0x8E, 0xF7, 0x3B, 0x80, 0x7F, 0x9F, 0xEE, 0x1F, 0x87, 0xE1,
    0xF8, 0x76, 0x1D, 0xF7, 0x3D, 0xC0, 0x7E, 0x3F, 0xB8, 0xCE, 0x77, 0x3F, 0x1F, 0x8F, 0xC7, 0x73,
    0x80, 0xFE, 0x7F, 0xB8, 0xDC, 0x7E, 0x3F, 0x1F, 0x8F, 0xC7, 0xE3, 0x80, 0x7F, 0x7F, 0xB8, 0x0F,
    0x85, 0xF7, 0x1B, 0x8D, 0xFE, 0xFE, 0x00, 0xE3, 0xF1, 0xF8, 0xFC, 0x7E, 0x3F, 0x1F, 0x8E, 0xFF,
    0x7F, 0x80, 0xE3, 0xF1, 0xF8, 0xFC, 0x7E, 0x3F, 0x1F, 0x8C, 0xFE, 0x7E, 0x00, 0x03, 0x81, 0xC0,
    0xFC, 0x7E, 0x3F, 0x1F, 0x8F, 0xC7, 0xE3, 0xF1, 0x9F, 0xCF, 0xC0, 0x73, 0xF1, 0xF8, 0xFF, 0x7F,
    0xFF, 0xFF, 0xDF, 0xC7, 0xE3, 0x80, 0x03, 0x81, 0xC0, 0xEE, 0x7E, 0x3F, 0x1F, 0xEF, 0xFF, 0xFF,
    0xFB, 0xF8, 0xFC, 0x70, 0xE6, 0x6D, 0xCD, 0xB9, 0xB7, 0xF7, 0xFC, 0xF7, 0x9E, 0x71, 0xCE, 0x31,
    0xC0, 0x00, 0x60, 0x06, 0x00, 0x6E, 0x66, 0x6E, 0x66, 0xEE, 0x6F, 0xC7, 0xBC, 0x7B, 0xC7, 0x9C,
    0x39, 0xC3, 0x1C, 0x3F, 0x0F, 0xE7, 0x18, 0xE7, 0x39, 0xDC, 0x77, 0x1D, 0x87, 0x61, 0xC0, 0xE3,
    0xF1, 0xF8, 0xFC, 0x7E, 0x3F, 0x1F, 0x8D, 0xFE, 0xFF, 0x00, 0x7B, 0xFD, 0xF8, 0xEC, 0x77, 0xBB,
    0x9F, 0x8D, 0xFE, 0x7E, 0x00, 0x7E, 0xFE, 0xE0, 0x78, 0x3E, 0x0E, 0x06, 0x7E, 0xFE, 0x3E, 0x3F,
    0xB8, 0xCE, 0x77, 0x3F, 0x1F, 0x8F, 0xC7, 0x73, 0x81, 0xC0, 0xE0, 0x70, 0x7E, 0x3F, 0x80, 0xC0,
    0x77, 0xFB, 0xFF, 0x8F, 0xF7, 0x7F, 0x80, 0x1F, 0x0F, 0xE7, 0x18, 0xE7, 0x39, 0xDC, 0x77, 0x1D,
    0x87, 0x61, 0xC0, 0x70, 0x1C, 0x07, 0xFC, 0xFE, 0x06, 0x06, 0x07, 0x06, 0x06, 0x7E, 0xFC, 0x7F,
    0xBF, 0xB8, 0xDC, 0x7F, 0xFF, 0xDF, 0x8F, 0xC7, 0xE3, 0x80, 0xE3, 0xB8, 0xEE, 0x3B, 0xEE, 0xFF,
    0xF9, 0xEE, 0x31, 0xFC, 0x7E, 0x00, 0x01, 0xBF, 0xDF, 0xC0, 0x60, 0x3B, 0xFD, 0xFF, 0xC7, 0xFB,
    0xBF, 0xC0, 0xE7, 0x77, 0x3F, 0x1F, 0xCF, 0xF7, 0x1B, 0x8F, 0xC7, 0xE3, 0x80, 0x00, 0x60, 0x06,
    0x03, 0xE6, 0x1C, 0x66, 0x66, 0xE6, 0x6E, 0xC6, 0xFC, 0x7B, 0xC3, 0xBC, 0x39, 0xC3, 0x1C, 0x7E,
    0x3F, 0x80, 0xC0, 0x6F, 0xB7, 0x9B, 0x8C, 0xFE, 0x7E, 0x00, 0x01, 0xBF, 0xDF, 0xC0, 0x60, 0x37,
    0xDB, 0xCD, 0xC6, 0x7F, 0x3F, 0x00, 0x7F, 0xF7, 0xE7, 0xE7, 0x7F, 0x17, 0x07, 0x07, 0x07, 0x06,
    0x3E, 0x60, 0x63, 0xE6, 0x81, 0x83, 0xFB, 0xE0, 0x7C, 0xF8, 0x38, 0x70, 0xE1, 0xC3, 0x87, 0x0E,
    0x70, 0x1E, 0x01, 0xC0, 0x10, 0x00, 0x7C, 0x0F, 0x80, 0x38, 0x07, 0x00, 0xE0, 0x1C, 0x03, 0x80,
    0x70, 0x0E, 0x7F, 0x7F, 0x01, 0x01, 0xDF, 0xEF, 0xE0, 0x07, 0x07, 0x7F, 0x7E, 0x0E, 0x1F, 0xFF,
    0x7E, 0x67, 0x70, 0xDB, 0xFF, 0x9E, 0x1B, 0x00, 0x1C, 0x7F, 0x3F, 0xDF, 0xEF, 0xF7, 0xFB, 0xF9,
    0xFE, 0xFF, 0x7F, 0xBF, 0xCF, 0x81, 0xC0, 0xEE, 0xEE, 0xEE, 0xEE, 0x70, 0xE7, 0x73, 0xB9, 0xDC,
    0xEE, 0x77, 0x3B, 0x9D, 0xEE, 0x73, 0x80, 0xFF, 0xF6, 0x1C, 0x71, 0xC7, 0x1C, 0x71, 0xC7, 0x1E,
    0x38, 0xFB, 0xE1, 0x8E, 0x31, 0xC7, 0x1C, 0x71, 0xC7, 0x1E, 0x38, 0xFD, 0xF3, 0x8E, 0x38, 0xE3,
    0x8E, 0x38, 0xE3, 0x8E, 0x1C, 0x7C, 0xF8, 0x38, 0x70, 0xE1, 0xC3, 0x87, 0x0E, 0x1C, 0x38, 0x70,
    0x7F, 0x7F, 0xBE, 0xFC, 0x77, 0x38, 0x1C, 0x0E, 0x07, 0x03, 0x81, 0xC0, 0xE0, 0x70, 0x7F, 0xFB,
    0xFB, 0xF0, 0xFF, 0x80, 0xE3, 0x8F, 0xFE, 0x28, 0x7C, 0xEC, 0x7F, 0x2E, 0x23, 0xBE, 0xE2, 0x00,
    0xF7, 0xB0, 0x77, 0x9C, 0x40, 0x7E, 0xC8, 0x3E, 0x3F, 0x98, 0xDF, 0xEF, 0xF3, 0xF9, 0xFC, 0x7C,
    0x3E, 0x3F, 0x98, 0xDC, 0x6E, 0x33, 0x19, 0xFC, 0x7C, 0x3E, 0x3F, 0xB8, 0xDC, 0x66, 0x33, 0x98,
    0x7C, 0x3C, 0xC0, 0x38, 0x0F, 0xFB, 0xFE, 0xFF, 0xFE, 0x7F, 0xDB, 0xA6, 0x7F, 0x8F, 0xC0, 0x7F,
    0x3F, 0xBA, 0xFC, 0x7E, 0x3F, 0x1D, 0xCE, 0xF7, 0x03, 0x01, 0x80, 0xC7, 0xE7, 0xC7, 0x3B, 0xBD,
    0xDC, 0x7F, 0x3F, 0xC0, 0x1F, 0x9F, 0x8D, 0xCF, 0xE7, 0x87, 0x3B, 0xB9, 0xDC, 0x7F, 0x3F, 0xC0,
    0xE0, 0x3F, 0x1F, 0xCC, 0x60, 0x30, 0x18, 0x0C, 0x7E, 0x3E, 0x00, 0x00, 0xC0, 0x1D, 0xFB, 0xBF,
    0x7E, 0x7F, 0xCF, 0xF9, 0xFF, 0x3E, 0x77, 0xCE, 0xF0, 0x03, 0x01, 0x8F, 0xCF, 0x86, 0x07, 0x1B,
    0x8D, 0xD6, 0x7F, 0x3F, 0x80, 0x03, 0x01, 0xDF, 0xCF, 0xCE, 0xC7, 0x63, 0x99, 0xCC, 0x77, 0x3D,
    0x80, 0x7F, 0x7F, 0x77, 0xE7, 0x7E, 0x7F, 0x7F, 0xF1, 0x77, 0x07, 0x70, 0x77, 0x07, 0x70, 0x78,
    0x03, 0xEF, 0xCF, 0xBF, 0x19, 0xFF, 0x7D, 0x80, 0x40, 0x00, 0x06, 0x01, 0xC0, 0x3C, 0x0F, 0x81,
    0xB0, 0x33, 0x0E, 0x61, 0xFE, 0x7F, 0xCC, 0x19, 0x83, 0xF0, 0x30, 0x00, 0x0C, 0x01, 0x80, 0x7E,
    0x7F, 0x03, 0x03, 0x7F, 0xFF, 0xC7, 0xFF, 0xFF, 0x00, 0x18, 0x18, 0x00, 0x00, 0xF0, 0x07, 0x00,
    0xF0, 0x0C, 0x00, 0x00, 0x0E, 0x00, 0xE0, 0x1F, 0x01, 0xB0, 0x1B, 0x03, 0x18, 0x31, 0x83, 0xFC,
    0x7F, 0xC6, 0x0E, 0xE0, 0x6C, 0x06, 0x18, 0x3C, 0x0C, 0x1C, 0x18, 0x00, 0x7E, 0x7F, 0x03, 0x03,
    0x7F, 0xFF, 0xC7, 0xFF, 0xFF, 0x00, 0xC1, 0xB0, 0x78, 0x0D, 0x80, 0x00, 0x1C, 0x03, 0x80, 0xF0,
    0x1B, 0x03, 0x60, 0xCE, 0x18, 0xC7, 0xF8, 0xFF, 0x98, 0x36, 0x06, 0xC0, 0x60, 0x01, 0x81, 0x8F,
    0x8F, 0xC0, 0x03, 0xF1, 0xFC, 0x06, 0x03, 0x3F, 0xBF, 0xD8, 0xEF, 0xF7, 0xF8, 0x60, 0x0F, 0x80,
    0x78, 0x0D, 0x80, 0x00, 0x1C, 0x03, 0x80, 0xF0, 0x1B, 0x03, 0x60, 0xCE, 0x18, 0xC7, 0xF8, 0xFF,
    0x98, 0x36, 0x06, 0xC0, 0x60, 0xC0, 0x30, 0x0F, 0x87, 0xE0, 0x01, 0xF8, 0xFE, 0x03, 0x01, 0x9F,
    0xDF, 0xEC, 0x77, 0xFB, 0xFC, 0x00, 0x80, 0x1C, 0x00, 0xC0, 0xF8, 0x1F, 0x80, 0x00, 0x06, 0x00,
    0x70, 0x0F, 0x00, 0xF8, 0x1D, 0x81, 0x98, 0x19, 0xC3, 0xFC, 0x3F, 0xE7, 0x06, 0x60, 0x66, 0x07,
    0x00, 0x07, 0x01, 0x03, 0x3E, 0x7E, 0x00, 0x7E, 0x7F, 0x03, 0x03, 0x7F, 0xFF, 0xC7, 0xFF, 0xFF,
    0x19, 0x03, 0xE0, 0x78, 0x0F, 0x01, 0xB0, 0x00, 0x03, 0x80, 0x70, 0x1E, 0x03, 0x60, 0x6C, 0x19,
    0xC3, 0x18, 0xFF, 0x1F, 0xF3, 0x06, 0xC0, 0xD8, 0x0C, 0x00, 0x7E, 0x7E, 0x00, 0x3C, 0x7E, 0x00,
    0x7E, 0x7F, 0x03, 0x03, 0x7F, 0xFF, 0xC7, 0xFF, 0xFF, 0x06, 0x01, 0xE0, 0x6E, 0x00, 0x00, 0x60,
    0x1C, 0x03, 0xC0, 0xF8, 0x1B, 0x03, 0x30, 0xE6, 0x1F, 0xE7, 0xFC, 0xC1, 0x98, 0x3F, 0x03, 0x00,
    0x00, 0xC0, 0x18, 0x00, 0x10, 0x3C, 0x7E, 0x00, 0x7E, 0x7F, 0x03, 0x03, 0x7F, 0xFF, 0xC7, 0xFF,
    0xFF, 0x00, 0x18, 0x18, 0x06, 0x00, 0xC0, 0x6C, 0x0F, 0x80, 0x00, 0x1C, 0x03, 0x80, 0xF0, 0x1B,
    0x03, 0x60, 0xCE, 0x18, 0xC7, 0xF8, 0xFF, 0x98, 0x37, 0x07, 0xC0, 0x60, 0x04, 0x0C, 0x18, 0x6E,
    0x3C, 0x00, 0x7E, 0x7F, 0x03, 0x03, 0x7F, 0xE3, 0xC7, 0xCF, 0xFF, 0x18, 0x01, 0x80, 0x6C, 0x0F,
    0x00, 0x00, 0x1C, 0x03, 0x80, 0xF0, 0x1B, 0x03, 0x60, 0xCE, 0x18, 0xC7, 0xF8, 0xFF, 0x98, 0x36,
    0x06, 0xC0, 0x60, 0x20, 0x30, 0x18, 0x6E, 0x3C, 0x00, 0x7E, 0x7F, 0x03, 0x03, 0x7F, 0xE3, 0xC7,
    0xCF, 0xFF, 0x04, 0x00, 0xE0, 0x06, 0x01, 0xF8, 0x0F, 0x00, 0x00, 0x06, 0x00, 0xE0, 0x0F, 0x01,
    0xF0, 0x1B, 0x81, 0x98, 0x39, 0x83, 0xFC, 0x7F, 0xC6, 0x0E, 0x60, 0x6E, 0x06, 0x10, 0x1C, 0x0C,
    0x18, 0x7E, 0x3C, 0x00, 0x7E, 0x7F, 0x03, 0x03, 0x7F, 0xE3, 0xC7, 0xCF, 0xFF, 0x01, 0x03, 0xE0,
    0xDC, 0x0F, 0x81, 0xE0, 0x00, 0x03, 0x80, 0x70, 0x1E, 0x03, 0x60, 0x6C, 0x19, 0xC3, 0x18, 0xFF,
    0x1F, 0xF3, 0x06, 0xC0, 0xD8, 0x0C, 0x02, 0x7E, 0x7E, 0x00, 0x7E, 0x3C, 0x00, 0x7E, 0x7F, 0x03,
    0x03, 0x7F, 0xE3, 0xC7, 0xCF, 0xFF, 0x01, 0x03, 0xE0, 0x3C, 0x00, 0x00, 0x60, 0x1C, 0x03, 0xC0,
    0xF8, 0x1B, 0x03, 0x30, 0xE6, 0x1F, 0xE3, 0xFC, 0xE1, 0x98, 0x3F, 0x03, 0x00, 0x00, 0xC0, 0x18,
    0x00, 0x02, 0x7E, 0x3C, 0x00, 0x7E, 0x7F, 0x03, 0x03, 0x7F, 0xE3, 0xC7, 0xCF, 0xFF, 0x00, 0x18,
    0x18, 0xFF, 0xFB, 0x06, 0x0C, 0x1F, 0xBF, 0x60, 0xC1, 0x83, 0xF7, 0xF0, 0x06, 0x0C, 0x00, 0x7C,
    0xFE, 0xC7, 0xC3, 0xFF, 0xFE, 0xC0, 0xFE, 0x7E, 0x00, 0x18, 0x18, 0x00, 0x3C, 0x1C, 0x3C, 0x30,
    0x00, 0xFE, 0xFE, 0xC0, 0xC0, 0xC0, 0xFE, 0xFE, 0xC0, 0xC0, 0xC0, 0xFE, 0xFE, 0x18, 0x3C, 0x0C,
    0x1C, 0x18, 0x00, 0x7C, 0xFE, 0xC7, 0xC3, 0xFF, 0xFE, 0xC0, 0xFE, 0x7E, 0x00, 0xFF, 0xF0, 0x0F,
    0xFF, 0xF0, 0x60, 0xC1, 0xFF, 0xF6, 0x0C, 0x18, 0x3F, 0xFF, 0x00, 0x7E, 0x7E, 0x00, 0x7C, 0xFE,
    0xC7, 0xC3, 0xFF, 0xFE, 0xC0, 0xFE, 0x7E, 0x03, 0x3E, 0x78, 0x6C, 0x00, 0xFE, 0xFE, 0xC0, 0xC0,
    0xC0, 0xFE, 0xFC, 0xC0, 0xC0, 0xC0, 0xFE, 0xFE, 0x03, 0x01, 0x8F, 0x8F, 0x80, 0x03, 0xE3, 0xF9,
    0x8E, 0xC3, 0x7F, 0xBF, 0x98, 0x0F, 0xE3, 0xF0, 0xC0, 0xFC, 0x3C, 0x36, 0x00, 0x7F, 0x7F, 0x60,
    0x60, 0x60, 0x7F, 0x7E, 0x60, 0x60, 0x60, 0x7F, 0x7F, 0xC0, 0x30, 0x0F, 0x87, 0xE0, 0x01, 0xF1,
    0xFC, 0xC7, 0x61, 0xBF, 0xDF, 0xCC, 0x07, 0xF1, 0xF8, 0x06, 0x07, 0x03, 0x3E, 0x6C, 0x00, 0xFE,
    0xFE, 0xC0, 0xC0, 0xC0, 0xFE, 0xFC, 0xC0, 0xC0, 0xC0, 0xFE, 0xFE, 0x00, 0x07, 0x03, 0x03, 0x3E,
    0x6C, 0x00, 0x7C, 0xFE, 0xC7, 0xC3, 0xFF, 0xFE, 0xC0, 0xFE, 0x7E, 0x64, 0xF9, 0xE3, 0xC6, 0xC0,
    0x3F, 0xFF, 0xC1, 0x83, 0x07, 0xFF, 0xD8, 0x30, 0x60, 0xFF, 0xFC, 0x00, 0x7E, 0x7C, 0x00, 0x3C,
    0x6C, 0x00, 0x7C, 0xFE, 0xC7, 0xC3, 0xFF, 0xFE, 0xC0, 0xFE, 0x7E, 0x30, 0xF1, 0xB0, 0x0F, 0xFF,
    0xB0, 0x60, 0xC1, 0xFB, 0xF6, 0x0C, 0x18, 0x3F, 0x7F, 0x00, 0x60, 0xC0, 0x18, 0x3C, 0x7E, 0x00,
    0x7C, 0xFE, 0xC7, 0xC3, 0xFF, 0xFE, 0xC0, 0xFE, 0x7E, 0x00, 0x18, 0x18, 0x77, 0x36, 0x0F, 0x66,
    0x66, 0x66, 0x66, 0x66, 0xF0, 0x0F, 0x37, 0x60, 0x66, 0x66, 0x66, 0x66, 0x60, 0xF6, 0x66, 0x66,
    0x66, 0x66, 0x6F, 0x06, 0x60, 0xF3, 0xFF, 0xFF, 0x3C, 0x3F, 0x8F, 0xFB, 0x83, 0xE0, 0x3C, 0x07,
    0x80, 0xF0, 0x1E, 0x03, 0xC0, 0x7C, 0x1D, 0xFF, 0x1F, 0xC0, 0x00, 0x0C, 0x01, 0x80, 0x7E, 0x7F,
    0xB0, 0xF8, 0x3C, 0x1E, 0x0F, 0x0F, 0xFE, 0x7E, 0x00, 0x06, 0x03, 0x00, 0x0E, 0x01, 0xE0, 0x0C,
    0x07, 0x00, 0xC0, 0x00, 0x0F, 0xE3, 0xFE, 0xE0, 0xF8, 0x0F, 0x01, 0xE0, 0x3C, 0x07, 0x80, 0xF0,
    0x1F, 0x07, 0x7F, 0xC7, 0xF0, 0x18, 0x1E, 0x03, 0x03, 0x81, 0x80, 0x01, 0xF9, 0xFE, 0xC3, 0xE0,
    0xF0, 0x78, 0x3C, 0x3F, 0xF9, 0xF8, 0x00, 0xC0, 0x18, 0x3E, 0x0D, 0x80, 0x00, 0x7F, 0x1F, 0xF7,
    0x07, 0xC0, 0x78, 0x0F, 0x01, 0xE0, 0x3C, 0x07, 0x80, 0xF8, 0x3B, 0xFE, 0x3F, 0x80, 0x01, 0x81,
    0xCF, 0xCE, 0xC0, 0x03, 0xF3, 0xFD, 0x87, 0xC1, 0xE0, 0xF0, 0x78, 0x7F, 0xF3, 0xF0, 0x60, 0x0C,
    0x00, 0xF8, 0x0D, 0x80, 0x00, 0x7F, 0x1F, 0xF7, 0x07, 0xC0, 0x78, 0x0F, 0x01, 0xE0, 0x3C, 0x07,
    0x80, 0xF8, 0x3B, 0xFE, 0x3F, 0x80, 0x60, 0x18, 0x03, 0xE0, 0xEC, 0x00, 0x0F, 0xC7, 0xF9, 0x87,
    0x60, 0xD8, 0x36, 0x0D, 0x87, 0x7F, 0x8F, 0xC0, 0x01, 0x80, 0x38, 0x03, 0x07, 0xC1, 0xB0, 0x00,
    0x0F, 0xE3, 0xFE, 0xE0, 0xF8, 0x0F, 0x01, 0xE0, 0x3C, 0x07, 0x80, 0xF0, 0x1F, 0x07, 0x7F, 0xC7,
    0xF0, 0x00, 0x07, 0x03, 0x03, 0x3E, 0x7E, 0x00, 0x7E, 0xFF, 0xC3, 0xC3, 0xC3, 0xC3, 0xC3, 0xFF,
    0x7E, 0x00, 0x03, 0xE0, 0x7C, 0x07, 0x01, 0xB0, 0x00, 0x0F, 0xE3, 0xFE, 0xE0, 0xF8, 0x0F, 0x01,
    0xE0, 0x3C, 0x07, 0x80, 0xF0, 0x1F, 0x07, 0x7F, 0xC7, 0xF0, 0x00, 0x1F, 0x1F, 0x80, 0x03, 0xC3,
    0xB0, 0x00, 0xFC, 0xFF, 0x61, 0xF0, 0x78, 0x3C, 0x1E, 0x1F, 0xFC, 0xFC, 0x06, 0x01, 0xE0, 0x6E,
    0x00, 0x03, 0xF8, 0xFF, 0xB8, 0x3E, 0x03, 0xC0, 0x78, 0x0F, 0x01, 0xE0, 0x3C, 0x07, 0xC1, 0xDF,
    0xF1, 0xFC, 0x00, 0x00, 0xC0, 0x18, 0x00, 0x08, 0x1E, 0x1D, 0x80, 0x07, 0xE7, 0xFB, 0x0F, 0x83,
    0xC1, 0xE0, 0xF0, 0xFF, 0xE7, 0xE0, 0x00, 0x60, 0x30, 0x03, 0x00, 0x38, 0x03, 0x80, 0x00, 0x03,
    0xFB, 0xBF, 0xFB, 0x83, 0x98, 0x0C, 0xC0, 0x66, 0x03, 0x30, 0x19, 0x80, 0xCC, 0x06, 0x70, 0x71,
    0xFF, 0x07, 0xF0, 0x0E, 0x01, 0x80, 0x63, 0x00, 0x67, 0xED, 0xFF, 0x30, 0xE6, 0x0C, 0xC1, 0x98,
    0x33, 0x0E, 0x7F, 0x87, 0xE0, 0x18, 0x00, 0x60, 0x01, 0x80, 0x00, 0x03, 0xFB, 0xBF, 0xFB, 0x83,
    0x98, 0x0C, 0xC0, 0x66, 0x03, 0x30, 0x19, 0x80, 0xCC, 0x06, 0x70, 0x71, 0xFF, 0x07, 0xF0, 0x30,
    0x03, 0x00, 0x73, 0x00, 0x67, 0xED, 0xFF, 0x30, 0xE6, 0x0C, 0xC1, 0x98, 0x33, 0x0E, 0x7F, 0x87,
    0xE0, 0x0E, 0x00, 0x78, 0x01, 0xC0, 0x1C, 0x00, 0xC0, 0x00, 0x00, 0xFE, 0xEF, 0xFE, 0xE0, 0xE6,
    0x03, 0x30, 0x19, 0x80, 0xCC, 0x06, 0x60, 0x33, 0x01, 0x9C, 0x1C, 0x7F, 0xC1, 0xFC, 0x00, 0x3C,
    0x03, 0x80, 0x70, 0x0C, 0x61, 0x0C, 0xFD, 0xBF, 0xE6, 0x1C, 0xC1, 0x98, 0x33, 0x06, 0x61, 0xCF,
    0xF0, 0xFC, 0x00, 0x00, 0x00, 0xFC, 0x0F, 0xC0, 0x00, 0x03, 0xFB, 0xBF, 0xFB, 0x83, 0x98, 0x0C,
    0xC0, 0x66, 0x03, 0x30, 0x19, 0x80, 0xCC, 0x06, 0x70, 0x71, 0xFF, 0x07, 0xF0, 0x00, 0x0F, 0xE1,
    0xFB, 0x00, 0x67, 0xED, 0xFF, 0x30, 0xE6, 0x0C, 0xC1, 0x98, 0x33, 0x0E, 0x7F, 0x87, 0xE0, 0x3F,
    0xBB, 0xFF, 0xB8, 0x39, 0x80, 0xCC, 0x06, 0x60, 0x33, 0x01, 0x98, 0x0C, 0xC0, 0x67, 0x07, 0x1F,
    0xF0, 0x7F, 0x00, 0x00, 0x06, 0x00, 0x30, 0x00, 0x00, 0xC0, 0x19, 0xFB, 0x7F, 0xCC, 0x39, 0x83,
    0x30, 0x66, 0x0C, 0xC3, 0x9F, 0xE1, 0xF8, 0x00, 0x01, 0x80, 0x30, 0x00, 0xC1, 0xE0, 0xF0, 0x78,
    0x3C, 0x1E, 0x0F, 0x07, 0x83, 0xC1, 0xE0, 0xFF, 0xEF, 0xE0, 0x00, 0x60, 0x30, 0xC3, 0xC3, 0xC3,
    0xC3, 0xC3, 0xC3, 0xC7, 0xFF, 0x7F, 0x00, 0x18, 0x18, 0x18, 0x0F, 0x01, 0x81, 0xC1, 0x80, 0x03,
    0x07, 0x83, 0xC1, 0xE0, 0xF0, 0x78, 0x3C, 0x1E, 0x0F, 0x07, 0x83, 0xFF, 0xBF, 0x80, 0x00, 0x3C,
    0x0C, 0x1C, 0x18, 0x00, 0xC3, 0xC3, 0xC3, 0xC3, 0xC3, 0xC3, 0xC7, 0xFF, 0x7F, 0x06, 0x00, 0x70,
    0x07, 0x00, 0x00, 0x0C, 0x1B, 0x60, 0xFB, 0x07, 0x98, 0x30, 0xC1, 0x86, 0x0C, 0x30, 0x61, 0x83,
    0x0C, 0x18, 0x60, 0xC3, 0xFE, 0x0F, 0xE0, 0x0C, 0x03, 0x80, 0x60, 0x00, 0x00, 0x07, 0x87, 0xF0,
    0xF6, 0x18, 0xC3, 0x18, 0x63, 0x0C, 0x63, 0x8F, 0xF0, 0xFE, 0x00, 0x30, 0x00, 0xC0, 0x03, 0x00,
    0x00, 0x0C, 0x1B, 0x60, 0xFB, 0x07, 0x98, 0x30, 0xC1, 0x86, 0x0C, 0x30, 0x61, 0x83, 0x0C, 0x18,
    0x60, 0xC3, 0xFE, 0x0F, 0xE0, 0x30, 0x06, 0x00, 0x60, 0x00, 0x00, 0x07, 0x87, 0xF0, 0xF6, 0x18,
    0xC3, 0x18, 0x63, 0x0C, 0x63, 0x8F, 0xF0, 0xFE, 0x00, 0x1C, 0x00, 0xF0, 0x03, 0x80, 0x38, 0x00,
    0x80, 0x00, 0x03, 0x06, 0xD8, 0x3E, 0xC1, 0xE6, 0x0C, 0x30, 0x61, 0x83, 0x0C, 0x18, 0x60, 0xC3,
    0x06, 0x18, 0x30, 0xFF, 0x83, 0xF8, 0x00, 0x3C, 0x03, 0x80, 0x70, 0x0C, 0x30, 0x07, 0x87, 0xB0,
    0xF6, 0x18, 0xC3, 0x18, 0x63, 0x0C, 0x63, 0x8F, 0xF0, 0xFE, 0x00, 0x00, 0x01, 0xF8, 0x1F, 0x80,
    0x00, 0x0C, 0x1B, 0x60, 0xFB, 0x07, 0x98, 0x30, 0xC1, 0x86, 0x0C, 0x30, 0x61, 0x83, 0x0C, 0x18,
    0x60, 0xC3, 0xFE, 0x0F, 0xE0, 0x02, 0x0F, 0xC1, 0x78, 0x00, 0x00, 0x07, 0x87, 0xF0, 0xF6, 0x18,
    0xC3, 0x18, 0x63, 0x0C, 0x63, 0x8F, 0xF0, 0xFE, 0x00, 0xC1, 0xB6, 0x0F, 0xB0, 0x79, 0x83, 0x0C,
    0x18, 0x60, 0xC3, 0x06, 0x18, 0x30, 0xC1, 0x86, 0x0C, 0x3F, 0xE0, 0xFE, 0x00, 0x00, 0x06, 0x00,
    0x30, 0x00, 0x00, 0x78, 0x7F, 0x0F, 0x61, 0x8C, 0x31, 0x86, 0x30, 0xC6, 0x38, 0xFF, 0x0F, 0xE0,
    0x00, 0x0C, 0x01, 0x80, 0x38, 0x06, 0x00, 0xC0, 0x00, 0xC1, 0xF8, 0x66, 0x38, 0xCC, 0x36, 0x07,
    0x81, 0xC0, 0x30, 0x0C, 0x03, 0x00, 0xC0, 0x30, 0x00, 0x07, 0x00, 0xC0, 0x00, 0x61, 0xD8, 0x67,
    0x38, 0xCC, 0x33, 0x07, 0xC1, 0xE0, 0x78, 0x0C, 0x03, 0x01, 0xC1, 0xE0, 0x70, 0x00, 0xC1, 0xF8,
    0x66, 0x38, 0xCC, 0x36, 0x07, 0x81, 0xC0, 0x30, 0x0C, 0x03, 0x00, 0xC0, 0x30, 0x00, 0x03, 0x00,
    0xC0, 0xE1, 0xB1, 0xD8, 0xCE, 0x63, 0x61, 0xB0, 0x78, 0x38, 0x1C, 0x0E, 0x06, 0xDF, 0x6F, 0x00,
    0x1C, 0x07, 0x80, 0xE0, 0x30, 0x00, 0x30, 0x3E, 0x19, 0x8E, 0x33, 0x0F, 0xC1, 0xE0, 0x70, 0x0C,
    0x03, 0x00, 0xC0, 0x30, 0x0C, 0x00, 0x00, 0x0F, 0x03, 0x81, 0xC1, 0x80, 0x03, 0x06, 0xC7, 0x63,
    0x31, 0x8D, 0xC6, 0xC3, 0xE0, 0xE0, 0x70, 0x38, 0x18, 0x7C, 0x3C, 0x00, 0x00, 0x0F, 0xC7, 0xF0,
    0x00, 0xC1, 0xF8, 0x66, 0x38, 0xCC, 0x36, 0x07, 0x81, 0xC0, 0x30, 0x0C, 0x03, 0x00, 0xC0, 0x30,
    0x00, 0x0F, 0xC3, 0xF0, 0x00, 0x61, 0xD8, 0x67, 0x38, 0xCC, 0x33, 0x07, 0xC1, 0xE0, 0x78, 0x0C,
    0x03, 0x01, 0xC1, 0xE0, 0x70, 0x00, 0x21, 0xBD, 0xEA, 0x42, 0x10, 0x84, 0x21, 0x08, 0x42, 0x00,
    0x23, 0x1E, 0xF2, 0x84, 0x21, 0x08, 0x42, 0x10, 0x84, 0x20, 0x0F, 0xF0, 0x0F, 0xF0, 0x00, 0xFF,
    0xFF, 0x01, 0xFF, 0xF8, 0x00, 0x01, 0xFF, 0xFF, 0xFF, 0xF8, 0x00, 0x01, 0xFF, 0xFF, 0xFF, 0xF8,
    0xDE, 0xF7, 0xBD, 0xEF, 0x7B, 0xDE, 0xF7, 0xBD, 0xEF, 0x7B, 0xFF, 0xFF, 0xFF, 0xF0, 0x6F, 0xE0,
    0x7F, 0x60, 0x66, 0xEC, 0xDD, 0xB0, 0x6D, 0xBF, 0xF6, 0x6F, 0xFD, 0xB6, 0x6C, 0xDB, 0xB6, 0xC0,
    0xDB, 0xF6, 0xDB, 0x18, 0x18, 0x18, 0xFF, 0xFE, 0x18, 0x18, 0x18, 0x18, 0x18, 0x18, 0x18, 0x38,
    0x73, 0xFF, 0xF1, 0x07, 0x0E, 0x08, 0xFF, 0xFC, 0xE1, 0xC0, 0xFF, 0xFF, 0x87, 0x3D, 0xEC, 0x00,
    0x3C, 0x01, 0x8F, 0x18, 0x00, 0x19, 0x8F, 0x31, 0x80, 0x3C, 0x07, 0xFD, 0x08, 0x42, 0x10, 0x84,
    0x21, 0x08, 0x40, 0x07, 0xDE, 0x10, 0x84, 0x21, 0x08, 0x42, 0x10, 0x84, 0xFF, 0xF4, 0x44, 0x44,
    0x44, 0x44, 0x40, 0xFF, 0xA1, 0xFF, 0x10, 0x84, 0x21, 0x08, 0x42, 0x10, 0x80, 0xFB, 0xC3, 0xF7,
    0x90, 0x84, 0x21, 0x08, 0x42, 0x10, 0x80, 0xF0, 0xC0, 0x3E, 0x30, 0x0D, 0x98, 0x03, 0x6C, 0x00,
    0xDB, 0x00, 0x37, 0xBC, 0xEF, 0xFB, 0x6C, 0xB6, 0x7B, 0x0D, 0x9E, 0xC6, 0x67, 0xB1, 0x9F, 0xFC,
    0xC3, 0xCE, 0x70, 0xC0, 0x00, 0x7C, 0x60, 0x00, 0x36, 0x60, 0x00, 0x1B, 0x30, 0x00, 0x0D, 0xB0,
    0x00, 0x06, 0xD7, 0x9E, 0x7B, 0xFF, 0xFB, 0xEE, 0x5B, 0x3C, 0xF3, 0x0D, 0x9E, 0x79, 0x8C, 0xCF,
    0x3C, 0xC6, 0x7F, 0xFF, 0xE6, 0x1E, 0x79, 0xE0, 0x31, 0x98, 0x80, 0x36, 0x36, 0x6C, 0x58, 0x36,
    0xC6, 0xF9, 0xB6, 0x2D, 0x80, 0xE3, 0x0C, 0x60, 0xF8, 0xD8, 0xD9, 0xB0, 0xFB, 0x1B, 0x63, 0x78,
    0xDB, 0x10, 0x70, 0xE3, 0x64, 0xD8, 0x80, 0x37, 0xEC, 0xE7, 0x30, 0xCE, 0x73, 0x7E, 0xC0, 0xC6,
    0x17, 0x31, 0x9C, 0x18, 0x71, 0x80, 0xF8, 0x63, 0x8F, 0x3C, 0x63, 0xB0, 0x38, 0xC3, 0x83, 0x39,
    0x8D, 0x8C, 0x20, 0xCF, 0x3C, 0xF3, 0xCF, 0x3C, 0xF3, 0x00, 0x0C, 0xF3, 0xFD, 0xFC, 0xD9, 0xB3,
    0xE7, 0x8E, 0x18, 0x30, 0x00, 0xC1, 0x80, 0x00, 0xFF, 0xFF, 0xC0, 0xF8, 0x37, 0xF8, 0xFC, 0x00,
    0x0F, 0xC7, 0xF9, 0x03, 0xC0, 0x40, 0x0C, 0x31, 0x86, 0x10, 0xC3, 0x1E, 0x79, 0x2C, 0xC0, 0x00,
    0xC0, 0x00, 0x18, 0x00, 0x1F, 0x60, 0x03, 0xFE, 0x00, 0x0E, 0x00, 0x03, 0xE0, 0x00, 0xEC, 0x00,
    0xC9, 0x30, 0x18, 0x07, 0x03, 0x00, 0xC3, 0xFC, 0xFF, 0xFF, 0x9F, 0xE3, 0xC0, 0xF0, 0xFC, 0x1B,
    0x19, 0x83, 0x60, 0x0F, 0xF0, 0x01, 0x80, 0x60, 0x30, 0x0C, 0x06, 0x03, 0x00, 0xC0, 0x60, 0x18,
    0x0C, 0x06, 0x01, 0x80, 0xFF, 0xCC, 0xCC, 0xCF, 0xFC, 0xCC, 0xCF, 0xF0, 0xFB, 0xC6, 0x31, 0x8C,
    0x7F, 0x78, 0xC6, 0x31, 0xFD, 0xC0, 0xFD, 0xFB, 0xFF, 0xF0, 0x60, 0xC1, 0x83, 0x0E, 0x1C, 0x70,
    0xE3, 0x87, 0x0C, 0x18, 0x30, 0x60, 0x00, 0x03, 0x06, 0x0C, 0x18, 0xFC, 0xFF, 0xB0, 0x6C, 0x1B,
    0x0E, 0xC7, 0x33, 0x8C, 0xC3, 0x30, 0xC0, 0x03, 0x0C, 0xC3, 0xDF, 0xB7, 0xFC, 0x0F, 0x03, 0xC1,
    0xF1, 0xEC, 0x63, 0x18, 0x00, 0x00, 0x0C, 0x63, 0x18, 0xFF, 0xFF, 0x07, 0x06, 0x0C, 0x1C, 0x18,
    0x30, 0x70, 0xFE, 0xFF, 0xFF, 0xFF, 0xFF, 0xFF, 0xFF, 0xFF, 0xFC, 0xF0, 0xF0, 0xF0, 0xF0, 0xF0,
    0xF0, 0x7F, 0xFF, 0xFF, 0x7F, 0xBF, 0xDF, 0xEF, 0xF6, 0xFF, 0x1F, 0x00, 0xFE, 0xFF, 0xFF, 0xFF,
    0xFF, 0xFF, 0xFF, 0xFE, 0xF8, 0x1C, 0x06, 0x1A, 0xFF, 0xF1, 0xC1, 0xF0, 0xDC, 0x24, 0xD8, 0x00,
    0x06, 0xD9, 0x00, 0x3F, 0x1F, 0xE4, 0x0F, 0x01, 0x00, 0x00, 0x00, 0x00, 0x00, 0x00, 0x00, 0x00,
    0x00, 0x00, 0x00, 0x30, 0x1C, 0x0D, 0xFE, 0x3F, 0x00, 0x1C, 0x06, 0x1A, 0xFF, 0xF1, 0xC1, 0xF0,
    0xDC, 0x64, 0x0C, 0x0E, 0x03, 0x1F, 0xF7, 0xF8, 0xF0, 0xD8, 0x6C, 0x66, 0xC8, 0x30, 0x61, 0x83,
    0x04, 0x18, 0x30, 0x41, 0x9B, 0x30, 0x7F, 0xCF, 0x8F, 0xFA, 0x00, 0xC0, 0x00, 0x0F, 0xC7, 0xFB,
    0x03, 0xC0, 0xC0, 0x18, 0x7E, 0x3E, 0xFF, 0xFF, 0x7E, 0x7A, 0x18, 0x06, 0x0C, 0x00, 0x00, 0x18,
    0x30, 0x00, 0x00, 0x00, 0x18, 0x30, 0x36, 0xD9, 0xFD, 0x9B, 0x6C, 0xB6, 0xC0, 0x06, 0x00, 0x60,
    0x00, 0x00, 0x00, 0x00, 0x0C, 0x03, 0xC0, 0x30, 0x00, 0x00, 0x00, 0x00, 0x06, 0x00, 0x60, 0xC0,
    0x3C, 0x03, 0x00, 0x00, 0x00, 0x00, 0x00, 0x60, 0x06, 0x00, 0x00, 0x00, 0x00, 0x00, 0xC0, 0x3C,
    0x03, 0xF0, 0x00, 0x0F, 0x18, 0x0C, 0x00, 0x00, 0x00, 0x06, 0x0F, 0x06, 0x00, 0x00, 0x00, 0x06,
    0x03, 0x00, 0x06, 0x06, 0x66, 0x66, 0x60, 0x60, 0x06, 0x0F, 0xFF, 0xFF, 0xF0, 0x60, 0x06, 0x06,
    0x66, 0x66, 0x60, 0x60, 0xF0, 0x3C, 0x0F, 0xF3, 0xC3, 0xCF, 0xFB, 0x89, 0xF7, 0x10, 0x84, 0x21,
    0x08, 0x42, 0x10, 0x80, 0xFF, 0xE3, 0xFF, 0x90, 0x84, 0x21, 0x08, 0x42, 0x10, 0x80, 0xFB, 0x9C,
    0x42, 0x10, 0x84, 0x21, 0x08, 0x42, 0x10, 0x23, 0x9D, 0xF2, 0x10, 0x84, 0x21, 0x08, 0x42, 0x10,
    0x23, 0xB6, 0xE2, 0x10, 0x84, 0x21, 0x08, 0x42, 0x10, 0xE3, 0x09, 0xF7, 0x10, 0x84, 0x21, 0x08,
    0x42, 0x10, 0x80, 0x76, 0xE3, 0x18, 0xED, 0xE0, 0x45, 0x54, 0x30, 0xC7, 0x34, 0xF8, 0x41, 0x00,
    0xFE, 0x3E, 0x30, 0xCF, 0xE0, 0x7E, 0x3F, 0xB8, 0xED, 0xE0, 0xF8, 0xC6, 0x63, 0x31, 0x80, 0xFE,
    0xFF, 0xFD, 0xC7, 0xE0, 0x76, 0xE3, 0xBF, 0x8F, 0xC0, 0x21, 0x3E, 0x40, 0xF8, 0xF8, 0x0F, 0x80,
    0x7B, 0x69, 0x36, 0x60, 0xCD, 0x92, 0x5B, 0xC0, 0xFE, 0x63, 0x18, 0x80, 0xF6, 0xE3, 0x18, 0xED,
    0xE0, 0x37, 0x11, 0x11, 0x10, 0xFC, 0x46, 0x33, 0x73, 0xE0, 0xFA, 0x46, 0xF1, 0x8F, 0xE0, 0x30,
    0xC7, 0x34, 0xFC, 0x41, 0x00, 0xFE, 0x3E, 0x30, 0xCF, 0xE0, 0x7E, 0x3F, 0xB8, 0xED, 0xE0, 0xF8,
    0xC6, 0x63, 0x31, 0x80, 0xFC, 0x7F, 0xFD, 0xC7, 0xE0, 0xF6, 0xF7, 0xF1, 0x8F, 0xC0, 0x21, 0x3E,
    0x42, 0x00, 0xF8, 0xF8, 0x0F, 0x80, 0x7B, 0x49, 0x36, 0x60, 0xCD, 0x92, 0x5B, 0xC0, 0xF8, 0xC3,
    0xFC, 0xFC, 0x7E, 0xFF, 0x0C, 0x3C, 0xF6, 0xE3, 0x1D, 0xBC, 0xCD, 0xE3, 0x1C, 0x7B, 0x30, 0xF0,
    0xC3, 0xFD, 0xF8, 0x84, 0x3F, 0xB8, 0xC6, 0x31, 0x84, 0x27, 0x6E, 0x72, 0xD3, 0xFF, 0xFF, 0xEE,
    0xE2, 0x31, 0x18, 0x8C, 0x44, 0xFE, 0xE3, 0x18, 0xC4, 0xFE, 0xE3, 0x1D, 0xFE, 0x10, 0xF8, 0xE7,
    0x1F, 0x4F, 0x44, 0x44, 0x70, 0x7C, 0x7E, 0x30, 0x18, 0x0C, 0xFE, 0x7B, 0xB0, 0xFE, 0x1F, 0x06,
    0x03, 0xC1, 0xF0, 0x0B, 0x0F, 0xDF, 0xDF, 0xCD, 0xE6, 0xB3, 0xD9, 0xEC, 0xF4, 0x7E, 0x1F, 0x4F,
    0xE6, 0xC3, 0x40, 0x3F, 0x7F, 0xE0, 0xC0, 0xC0, 0xDF, 0xDF, 0xD8, 0xD8, 0xF8, 0x7F, 0x3F, 0x7F,
    0x7E, 0x60, 0x60, 0x60, 0x60, 0x7F, 0x7E, 0x60, 0xF8, 0xF8, 0x60, 0x3F, 0x3F, 0x70, 0x60, 0x60,
    0xFE, 0xFE, 0xFE, 0xFE, 0x60, 0xFF, 0xFF, 0x01, 0x80, 0x0C, 0x3F, 0xFD, 0xFF, 0xFC, 0x73, 0xE3,
    0x0F, 0x18, 0x79, 0xC3, 0xCE, 0x1E, 0xF0, 0xF7, 0x86, 0x20, 0x03, 0x00, 0x00, 0x73, 0x39, 0x9C,
    0xCF, 0x6F, 0xFB, 0xF9, 0xBD, 0xFF, 0xFF, 0xB3, 0x99, 0xCC, 0xE0, 0xFC, 0x0F, 0xC0, 0xCE, 0x0C,
    0x68, 0xCF, 0x8D, 0xFE, 0xFD, 0xEE, 0x18, 0xC1, 0x8C, 0x18, 0xC1, 0xEC, 0x0F, 0xF8, 0x0F, 0xC0,
    0xCC, 0x0C, 0xDF, 0xCD, 0xFD, 0xD8, 0xF9, 0xCF, 0x8F, 0xD8, 0x7C, 0xC3, 0xCD, 0xFC, 0xFF, 0xCE,
    0x79, 0xCF, 0x39, 0xE7, 0x37, 0xBD, 0xFF, 0xDE, 0xF3, 0xDE, 0x7B, 0xCF, 0x38, 0xC6, 0x18, 0xC0,
    0xFE, 0x7F, 0xCF, 0x1D, 0xED, 0xBD, 0xB7, 0xB6, 0xF6, 0xDE, 0xDB, 0xDB, 0x7B, 0x1F, 0x7F, 0x6F,
    0xE0, 0x03, 0x0F, 0xC7, 0xEF, 0xEF, 0xF6, 0x1B, 0x0D, 0x86, 0xC3, 0x61, 0xBF, 0xCF, 0xE0, 0x03,
    0xF9, 0xFC, 0x1F, 0x9F, 0xDC, 0x0C, 0x0F, 0xE7, 0xF1, 0x81, 0xF8, 0xFC, 0x38, 0x0F, 0xE3, 0xF0,
    0x63, 0xB1, 0x99, 0x8D, 0xC7, 0xC7, 0xFB, 0xFC, 0xDC, 0x66, 0x33, 0x98, 0xCC, 0x30, 0xFF, 0xFF,
    0xC6, 0x03, 0xE1, 0xE1, 0xC1, 0xFC, 0xBC, 0x38, 0x3C, 0x16, 0x03, 0x00, 0xFE, 0x00, 0x7F, 0x80,
    0x19, 0x80, 0x39, 0xC0, 0x30, 0xC0, 0x30, 0xC0, 0x31, 0xC0, 0x31, 0xDF, 0x71, 0xBF, 0x63, 0xB3,
    0x7F, 0x3F, 0x7C, 0x7E, 0x00, 0x60, 0x00, 0x60, 0x00, 0x60, 0x00, 0xE0, 0x0F, 0x07, 0xC3, 0x61,
    0xB0, 0xF8, 0x78, 0x1C, 0x0C, 0x26, 0x3F, 0x9E, 0xDB, 0x70, 0x18, 0x0C, 0x1E, 0x0E, 0x3F, 0x0F,
    0xEF, 0xFD, 0xFF, 0x31, 0xBF, 0xF7, 0xFC, 0xFC, 0x38, 0x0C, 0x03, 0x00, 0xC0, 0x1F, 0xDF, 0xF6,
    0x63, 0x18, 0xC6, 0x31, 0x8C, 0x7F, 0x1F, 0xC6, 0xF9, 0xB7, 0xFC, 0xFF, 0x06, 0x01, 0x00, 0x06,
    0x00, 0xF0, 0x0F, 0x00, 0xF0, 0x1F, 0x87, 0xFE, 0x39, 0xC7, 0xFE, 0x7F, 0xE7, 0x0E, 0x60, 0x66,
    0x06, 0x7E, 0x3F, 0x80, 0xC0, 0x6F, 0xFF, 0xFD, 0xF1, 0xFF, 0xFF, 0xE0, 0x3F, 0xCF, 0xE0, 0x3F,
    0xBF, 0xFB, 0x19, 0x8C, 0xC6, 0x63, 0x31, 0x98, 0xCC, 0x76, 0x1F, 0xE7, 0xF0, 0xC0, 0x33, 0x06,
    0x63, 0xFF, 0x3F, 0xE3, 0x30, 0x66, 0x0C, 0xC1, 0x98, 0x33, 0x06, 0x78, 0xCF, 0x80, 0x0F, 0xE1,
    0xFC, 0x60, 0x0C, 0x01, 0xE0, 0x1F, 0x00, 0xF0, 0x07, 0xFF, 0xFF, 0xBF, 0xFF, 0xBF, 0xE4, 0xD8,
    0xFF, 0xFF, 0xC0, 0x1F, 0xFF, 0xF8, 0xC0, 0x60, 0x30, 0x18, 0x0C, 0x06, 0x03, 0x00, 0xFF, 0xFF,
    0xF8, 0xCF, 0xE3, 0x0E, 0x78, 0xC0, 0xC1, 0x81, 0x83, 0x83, 0x00, 0x30, 0x1B, 0x0F, 0x9F, 0x0F,
    0xE3, 0xE3, 0xC6, 0x63, 0x31, 0x99, 0xCF, 0xC7, 0xC0, 0xF0, 0x07, 0xC0, 0x36, 0x01, 0xFF, 0xE3,
    0xFF, 0x8D, 0x4C, 0x7F, 0xE3, 0xEF, 0x38, 0x21, 0xE0, 0x03, 0xF0, 0x0F, 0x80, 0x06, 0x00, 0x60,
    0x06, 0x00, 0x60, 0x3F, 0xC7, 0xFE, 0xE6, 0x6C, 0x67, 0xC6, 0x3C, 0x03, 0xC0, 0x3C, 0x03, 0x3F,
    0x0F, 0xE3, 0x1C, 0xC3, 0x31, 0xCC, 0xEF, 0xF9, 0xF0, 0x30, 0x3F, 0x87, 0xC0, 0xC0, 0x3F, 0x8F,
    0xFB, 0xEF, 0xED, 0xBD, 0xB7, 0xB6, 0xF0, 0x06, 0x00, 0xC0, 0x0C, 0x01, 0xFF, 0x3F, 0xE0, 0x78,
    0x78, 0xFC, 0xFE, 0xC6, 0xC6, 0xCE, 0xFC, 0xFE, 0xC7, 0xC3, 0xC7, 0xFE, 0xFE, 0x78, 0x78, 0x7D,
    0xFB, 0x06, 0x0C, 0x18, 0x30, 0x7E, 0x7C, 0x03, 0xF7, 0xE0, 0xFF, 0xFF, 0x00, 0x00, 0x18, 0x03,
    0x00, 0x66, 0x19, 0xE3, 0x0C, 0xC0, 0xD8, 0x1F, 0x01, 0xC0, 0x38, 0x02, 0x00, 0x00, 0x3E, 0xF9,
    0xEF, 0x8C, 0x61, 0xFF, 0xE7, 0xFE, 0x18, 0xC0, 0xC6, 0x06, 0x30, 0x31, 0x81, 0x8C, 0x0C, 0x60,
    0x63, 0x00, 0x3F, 0x9F, 0xCC, 0x1F, 0xB7, 0xD9, 0x8C, 0xC6, 0x63, 0x31, 0x98, 0xCC, 0x66, 0x30,
    0x3F, 0x9F, 0xCC, 0x7F, 0xB7, 0xD9, 0x8C, 0xC6, 0x63, 0x31, 0x98, 0xCC, 0x66, 0x30, 0x3E, 0xFE,
    0x7B, 0xEC, 0xC6, 0x07, 0xFF, 0xB7, 0xFE, 0x66, 0x30, 0xCC, 0x61, 0x98, 0xC3, 0x31, 0x86, 0x63,
    0x0C, 0xC6, 0x19, 0x8C, 0x30, 0x3E, 0xF6, 0x7B, 0xEC, 0xC6, 0x1F, 0xFF, 0xB7, 0xFE, 0x66, 0x30,
    0xCC, 0x61, 0x98, 0xC3, 0x31, 0x86, 0x63, 0x0C, 0xC6, 0x19, 0x8C, 0x30, 0x7E, 0x3F, 0x8C, 0x63,
    0x3F, 0xCF, 0xB1, 0x8C, 0x63, 0x18, 0xC6, 0x31, 0x8C, 0x7F, 0x0F, 0x07, 0xC0, 0x7E, 0x03, 0x30,
    0xFF, 0xFF, 0xDF, 0x60, 0x63, 0xC3, 0x0F, 0x98, 0x1E, 0xC0, 0x36, 0x3F, 0xBF, 0xF8, 0xF0, 0x00,
    0x03, 0x30, 0x01, 0xB8, 0x00, 0xD8, 0x00, 0x6E, 0x00, 0x33, 0xFF, 0xF8, 0xFF, 0xF0, 0x00, 0x00,
    0x00, 0x00, 0x01, 0xE0, 0x00, 0x50, 0x00, 0x30, 0x00, 0x08, 0x00, 0x60, 0x00, 0x06, 0x00, 0x00,
    0xC0, 0x01, 0x8E, 0x00, 0x78, 0x7F, 0xFF, 0xE3, 0xFF, 0x9F, 0x00, 0x00, 0x00, 0x00, 0x00, 0x06,
    0xC0, 0x00, 0x24, 0x00, 0x01, 0x80, 0x00, 0x08, 0x00, 0x31, 0x8C, 0x21, 0x3B, 0xC0, 0x07, 0x94,
    0xC2, 0x00, 0x18, 0x18, 0x10, 0x7E, 0xFF, 0x00, 0x00, 0x78, 0x38, 0x30, 0x03, 0x00, 0x01, 0xF0,
    0x00, 0xF8, 0x00, 0x6C, 0x00, 0x3C, 0x00, 0x00, 0x19, 0x80, 0x0C, 0xC0, 0x06, 0xC0, 0x03, 0x70,
    0x01, 0x9F, 0xFF, 0xC7, 0xFF, 0x80, 0x03, 0x00, 0x00, 0x3E, 0x00, 0x03, 0xE0, 0x00, 0x36, 0x00,
    0x03, 0xC0, 0x00, 0x00, 0x00, 0x60, 0x00, 0x06, 0x00, 0x00, 0xC0, 0x03, 0x8E, 0x00, 0xF8, 0x7F,
    0xFF, 0xE3, 0xFF, 0x9F, 0x61, 0x87, 0x9F, 0x78, 0x00, 0x0C, 0x30, 0xC1, 0x04, 0x73, 0xC0, 0x30,
    0x30, 0x3C, 0x3E, 0x3C, 0x00, 0x00, 0x18, 0x18, 0x18, 0x7F, 0xFF, 0x00, 0x0F, 0xF0, 0x1F, 0x87,
    0xE1, 0xE0, 0x70, 0x1C, 0x03, 0x78, 0xE5, 0x18, 0xC3, 0x88, 0x30, 0x07, 0xDE, 0x3F, 0xC1, 0xC0,
    0x00, 0x01, 0xFE, 0x00, 0x7E, 0x03, 0xF0, 0x1E, 0xC0, 0xE3, 0x07, 0x0F, 0x9B, 0xDE, 0xE5, 0x03,
    0x18, 0x0E, 0x20, 0x18, 0x00, 0x7C, 0xE0, 0x7F, 0x80, 0x70, 0x00, 0x00, 0x3E, 0x1F, 0xC0, 0xF0,
    0xFF, 0xE3, 0xC0, 0x00, 0x00, 0x1E, 0x06, 0x01, 0x00, 0x00, 0x07, 0xC0, 0x7F, 0x00, 0x78, 0x0F,
    0x8F, 0xDE, 0xF9, 0xF0, 0x00, 0x00, 0x03, 0xC0, 0x18, 0x00, 0x80, 0x38, 0x3C, 0x3C, 0x3C, 0x00,
    0x00, 0x0C, 0x0C, 0x06, 0x06, 0x06, 0x06, 0x7E, 0x7C, 0x30, 0x0F, 0x03, 0xC0, 0xF0, 0x00, 0x00,
    0x00, 0xC0, 0x30, 0x06, 0x01, 0x80, 0x60, 0x1C, 0x7F, 0xDF, 0xF0, 0x00, 0xC1, 0x1E, 0x28, 0x01,
    0x86, 0x18, 0x61, 0x86, 0x19, 0xCE, 0x30, 0x00, 0x18, 0x04, 0x0D, 0x82, 0x40, 0x00, 0x20, 0x18,
    0x0C, 0x07, 0x03, 0xC1, 0xF1, 0xC1, 0xC3, 0xC0, 0xC0, 0x30, 0x60, 0xF1, 0xF3, 0xC0, 0x00, 0x04,
    0x0C, 0x18, 0x30, 0x60, 0xC3, 0x8E, 0x78, 0x60, 0x30, 0x18, 0x0F, 0x07, 0x83, 0xC0, 0x00, 0x00,
    0x10, 0x0C, 0x06, 0x03, 0x81, 0xE0, 0xF8, 0xE0, 0xE0, 0xE0, 0x60, 0x00, 0x00, 0x00, 0x00, 0x06,
    0x00, 0x1E, 0x00, 0x78, 0x00, 0xE0, 0x00, 0xE0, 0x00, 0x70, 0x60, 0x38, 0xE0, 0x1C, 0xC0, 0x0C,
    0xE0, 0x0C, 0x7F, 0xFC, 0x3F, 0xF8, 0x00, 0x06, 0x00, 0x07, 0x80, 0x07, 0xC0, 0x03, 0xC0, 0x00,
    0xE0, 0x00, 0x1C, 0x06, 0x03, 0x81, 0x80, 0x70, 0xC0, 0x0C, 0x38, 0x03, 0x87, 0xFF, 0xF8, 0xFF,
    0xEF, 0x06, 0x1E, 0x7C, 0xF0, 0xE0, 0x70, 0x38, 0x1C, 0x0C, 0x0C, 0xFC, 0xF8, 0x06, 0x07, 0xC3,
    0xC1, 0xC0, 0x60, 0x1C, 0x03, 0x80, 0x70, 0x0E, 0x01, 0x8F, 0xFF, 0xFF, 0x00, 0x00, 0x00, 0x0C,
    0x00, 0x3C, 0x00, 0xFE, 0x00, 0xFE, 0x00, 0x78, 0x00, 0xE0, 0x00, 0xE0, 0x00, 0x70, 0x60, 0x38,
    0xE0, 0x1C, 0xC0, 0x0C, 0xE0, 0x0C, 0x7F, 0xFC, 0x3F, 0xF8, 0x00, 0x0C, 0x00, 0x07, 0x00, 0x07,
    0xE0, 0x03, 0xF8, 0x00, 0x7C, 0x00, 0x3C, 0x00, 0x0E, 0x00, 0x01, 0xC0, 0x60, 0x38, 0x18, 0x07,
    0x0C, 0x00, 0xC3, 0x80, 0x38, 0x7F, 0xFF, 0x8F, 0xFE, 0xF0, 0x04, 0x1C, 0x7E, 0xFE, 0x7C, 0xF0,
    0xE0, 0x70, 0x38, 0x1C, 0x0C, 0x0C, 0xFC, 0xF8, 0x06, 0x07, 0x87, 0xE3, 0xFC, 0x7C, 0x1C, 0x06,
    0x01, 0xC0, 0x38, 0x07, 0x00, 0xE0, 0x18, 0xFF, 0xFF, 0xF0, 0x00, 0xC0, 0x06, 0x40, 0x66, 0x06,
    0xE0, 0x6C, 0x06, 0xE0, 0x67, 0xBC, 0x3F, 0x80, 0xE0, 0x00, 0x60, 0x01, 0x86, 0x06, 0x18, 0x1E,
    0xE0, 0x7F, 0x01, 0x86, 0x06, 0x1E, 0xF0, 0x3F, 0xC0, 0x38, 0x00, 0x30, 0x71, 0xF3, 0x66, 0xD9,
    0x9F, 0x3E, 0x00, 0x1F, 0x07, 0xC3, 0x18, 0x67, 0x98, 0xF0, 0x31, 0x8C, 0x63, 0x7B, 0x84, 0x23,
    0x88, 0x30, 0x1C, 0x6F, 0x78, 0xD8, 0x1E, 0x07, 0x00, 0xC0, 0x00, 0x08, 0x01, 0xC0, 0x7C, 0x0F,
    0xC3, 0xBC, 0x77, 0x87, 0xDF, 0xFE, 0xFF, 0xC0, 0x00, 0x00, 0x78, 0x0F, 0x80, 0xD8, 0x0D, 0x81,
    0xD8, 0x7F, 0xE7, 0xFF, 0x0C, 0xC0, 0xEC, 0x07, 0xC0, 0x30, 0x10, 0x07, 0x03, 0xE0, 0xFC, 0x77,
    0x9D, 0xE3, 0xEF, 0xFE, 0xFF, 0x80, 0x00, 0x07, 0x81, 0xE0, 0xD8, 0x36, 0x1D, 0x8F, 0xFB, 0xFF,
    0x33, 0x0E, 0xC1, 0xF0, 0x30, 0x0C, 0x00, 0x1E, 0x00, 0x3F, 0x00, 0x73, 0x00, 0x60, 0x00, 0xE0,
    0x00, 0x7F, 0xFF, 0x3F, 0xFE, 0x03, 0xE7, 0xFD, 0xF0, 0x70, 0x07, 0xC0, 0x7F, 0xC1, 0xF0, 0x38,
    0x00, 0x78, 0x00, 0x38, 0x00, 0x3C, 0x00, 0x2C, 0x00, 0x1E, 0x00, 0x1F, 0x00, 0x3B, 0x00, 0x60,
    0x00, 0xE0, 0x00, 0x7F, 0xFF, 0x3F, 0xFF, 0x00, 0x07, 0x00, 0xE0, 0x1C, 0x03, 0xC0, 0x47, 0xCF,
    0xFB, 0xE0, 0xE0, 0x0F, 0x80, 0xFF, 0x83, 0xE0, 0x00, 0x00, 0x07, 0xC0, 0x7E, 0x03, 0x00, 0x38,
    0x31, 0xE1, 0x87, 0xDC, 0x0E, 0xC0, 0x33, 0x01, 0x9E, 0xF8, 0x7F, 0x80, 0xE0, 0x00, 0x00, 0x01,
    0x83, 0x06, 0x0F, 0xB0, 0x1F, 0xC0, 0x31, 0x80, 0xC7, 0x9F, 0x0F, 0xF0, 0x0F, 0x00, 0x31, 0x8C,
    0x63, 0x3B, 0xC0, 0x07, 0x94, 0x18, 0x18, 0x38, 0x7E, 0xFF, 0x00, 0x00, 0x78, 0x28, 0x00, 0xF1,
    0xE7, 0x0E, 0x0F, 0xBF, 0x78, 0x00, 0x01, 0xFF, 0xC2, 0x30, 0xC3, 0x0C, 0x30, 0xC3, 0x0C, 0x30,
    0xC3, 0x00, 0x01, 0xFB, 0xF0, 0x03, 0x06, 0x0C, 0x18, 0x30, 0x60, 0xC1, 0x83, 0x07, 0x07, 0x8F,
    0x06, 0xE7, 0xF0, 0x22, 0x22, 0x22, 0x22, 0x22, 0x20, 0x01, 0x8E, 0x1C, 0xF0, 0x02, 0x08, 0x20,
    0x82, 0x08, 0x20, 0x82, 0x0C, 0x3C, 0xF0, 0x00, 0x71, 0xC1, 0xC7, 0x80, 0x0E, 0x3E, 0x6D, 0x9B,
    0xF3, 0xE0, 0xC7, 0xBE, 0x70, 0x00, 0x1C, 0x1C, 0x07, 0x07, 0x80, 0x00, 0xE0, 0xF8, 0x6C, 0x66,
    0x3F, 0xCF, 0xF0, 0xC1, 0xE3, 0xE1, 0xC0, 0xCC, 0xCC, 0xCC, 0xCC, 0xCC, 0xCC, 0x06, 0xE7, 0xE0,
    0xC6, 0x31, 0x8C, 0x63, 0x18, 0xC7, 0x1E, 0xF0, 0x33, 0x0E, 0xE0, 0x00, 0x01, 0xC7, 0xCE, 0x7E,
    0x7B, 0x03, 0x38, 0x31, 0xE1, 0x87, 0xDC, 0x0E, 0xC0, 0x33, 0x01, 0x9E, 0xF8, 0x7F, 0x80, 0xE0,
    0x00, 0x00, 0x00, 0xE0, 0x03, 0x80, 0x0E, 0x00, 0x3C, 0x00, 0x80, 0x06, 0x0C, 0x18, 0x3E, 0xC0,
    0x7F, 0x00, 0xC6, 0x03, 0x1E, 0x7C, 0x3F, 0xC0, 0x3C, 0x00, 0x77, 0x1C, 0xE4, 0x18, 0xC6, 0x31,
    0xBD, 0xC0, 0x00, 0x30, 0x70, 0x38, 0x78, 0x20, 0x18, 0x18, 0x18, 0x7E, 0x7F, 0xDB, 0x6D, 0xB6,
    0xDB, 0x60, 0xC6, 0x31, 0x8C, 0x63, 0x18, 0xC7, 0x1E, 0xF0, 0x00, 0x03, 0x30, 0x01, 0xB8, 0x00,
    0xD8, 0x00, 0x6E, 0x00, 0x33, 0xFF, 0xF8, 0xFF, 0xF0, 0x00, 0x00, 0x00, 0x00, 0x00, 0xC0, 0x00,
    0x20, 0x00, 0x60, 0x00, 0x06, 0x00, 0x00, 0xC0, 0x01, 0x8E, 0x00, 0x78, 0x7F, 0xFF, 0xF3, 0xFF,
    0x8F, 0x00, 0x00, 0x00, 0x00, 0x00, 0x01, 0x80, 0x00, 0x08, 0x00, 0x31, 0x8C, 0x63, 0x3B, 0xC0,
    0x03, 0x08, 0x18, 0x18, 0x30, 0x7E, 0xFE, 0x00, 0x10, 0x30, 0x00, 0xF0, 0xA0, 0x03, 0x07, 0x1F,
    0x36, 0xED, 0xD9, 0xF3, 0xE0, 0x3C, 0x0A, 0x00, 0x01, 0x81, 0xC1, 0xE1, 0xF1, 0xD8, 0xEC, 0x3F,
    0x07, 0xE0, 0xF0, 0x00, 0x00, 0x01, 0xE0, 0x00, 0x50, 0xCC, 0x00, 0x66, 0x00, 0x36, 0x00, 0x1B,
    0x80, 0x0C, 0xFF, 0xFE, 0x3F, 0xFC, 0x00, 0x00, 0x00, 0x00, 0x3C, 0x00, 0x01, 0x40, 0x06, 0x00,
    0x00, 0x60, 0x00, 0x0C, 0x00, 0x30, 0xE0, 0x0F, 0x07, 0xFF, 0xFE, 0x3F, 0xF9, 0xE0, 0x07, 0x94,
    0x03, 0x18, 0xC6, 0x33, 0xB8, 0x00, 0x78, 0x28, 0x00, 0x18, 0x30, 0x30, 0xFE, 0xFE, 0x00, 0x00,
    0x00, 0xC0, 0x00, 0x20, 0x00, 0x78, 0x00, 0x14, 0x33, 0x00, 0x19, 0x80, 0x0D, 0x80, 0x06, 0xE0,
    0x03, 0x3F, 0xFF, 0x8F, 0xFF, 0x00, 0x00, 0x00, 0x00, 0x18, 0x00, 0x00, 0x80, 0x00, 0x3C, 0x00,
    0x01, 0x40, 0x06, 0x00, 0x00, 0x60, 0x00, 0x0C, 0x00, 0x30, 0xE0, 0x0F, 0x07, 0xFF, 0xFE, 0x3F,
    0xF9, 0xE0, 0x61, 0x3C, 0xA0, 0x18, 0xC6, 0x31, 0x9D, 0xC0, 0x00, 0x30, 0x10, 0x78, 0x28, 0x00,
    0x10, 0x30, 0x30, 0xFE, 0xFE, 0x00, 0x0F, 0xF0, 0x1F, 0x87, 0xE1, 0xC0, 0x70, 0x1C, 0x03, 0x00,
    0xE6, 0x18, 0x43, 0x80, 0x30, 0x07, 0xCE, 0x7F, 0xC1, 0xC0, 0x00, 0x03, 0xFC, 0x01, 0xF8, 0x1F,
    0x81, 0xD8, 0x1C, 0xC1, 0xC7, 0xCC, 0x1E, 0xE6, 0x06, 0x10, 0x38, 0x00, 0xC0, 0x07, 0xCE, 0x1F,
    0xF0, 0x1C, 0x00, 0x00, 0x0F, 0x83, 0xF8, 0x0F, 0x07, 0xDF, 0x87, 0x80, 0x00, 0x00, 0x03, 0x00,
    0x40, 0x00, 0x07, 0xC0, 0x7F, 0x00, 0x38, 0x0F, 0x8F, 0xDE, 0xF8, 0xF0, 0x00, 0x00, 0x01, 0x80,
    0x08, 0x00, 0x00, 0x0F, 0xF0, 0x1F, 0x87, 0xE1, 0xC0, 0x70, 0x1C, 0x03, 0x00, 0xE0, 0x18, 0x03,
    0x80, 0x30, 0x07, 0xDE, 0x7F, 0xC1, 0xC0, 0x00, 0x03, 0xFC, 0x01, 0xF8, 0x1F, 0x81, 0xD8, 0x1C,
    0xC1, 0xC3, 0xCC, 0x1F, 0xE0, 0x06, 0x00, 0x38, 0x00, 0xC0, 0x07, 0xCE, 0x1F, 0xF0, 0x1C, 0x00,
    0x00, 0x1F, 0x07, 0xF0, 0x0E, 0x0F, 0xBF, 0x0F, 0x00, 0x00, 0x07, 0xC0, 0x7F, 0x00, 0x38, 0x0F,
    0x8F, 0xDE, 0xF0, 0xF0, 0x00, 0x01, 0x80, 0x10, 0x00, 0x07, 0xF8, 0x1F, 0xC3, 0xF0, 0xE0, 0x38,
    0x0E, 0x01, 0x80, 0x70, 0x0C, 0x01, 0xC0, 0x18, 0x03, 0xEF, 0x3F, 0xE0, 0xE0, 0x00, 0x00, 0x60,
    0x01, 0x00, 0x00, 0x07, 0xF8, 0x03, 0xF0, 0x3F, 0x03, 0xB0, 0x39, 0x83, 0x87, 0x98, 0x3F, 0xC0,
    0x0C, 0x00, 0x70, 0x01, 0x80, 0x0F, 0x9C, 0x3F, 0xE0, 0x38, 0x00, 0x00, 0x0C, 0x01, 0x00, 0x00,
    0x3E, 0x0F, 0xE0, 0x3C, 0x1F, 0x7E, 0x3E, 0x00, 0x00, 0x01, 0x80, 0x04, 0x00, 0x00, 0x03, 0xE0,
    0x1F, 0xC0, 0x0F, 0x00, 0xF8, 0x7E, 0xF3, 0xC7, 0x80, 0x18, 0x0C, 0x0E, 0x06, 0x06, 0x06, 0xFE,
    0xFC, 0x18, 0x03, 0x00, 0xE0, 0x18, 0x06, 0x01, 0xCF, 0xFF, 0xFF, 0x00, 0x30, 0x10, 0x00, 0x18,
    0x0C, 0x0E, 0x06, 0x06, 0x06, 0x7E, 0xFC, 0x00, 0x0C, 0x01, 0x00, 0x00, 0x18, 0x03, 0x00, 0xE0,
    0x18, 0x06, 0x01, 0xCF, 0xFF, 0xFF, 0x08, 0x38, 0x30, 0x60, 0xC1, 0x87, 0x1C, 0xF0, 0xC0, 0x08,
    0x06, 0x03, 0x01, 0xC0, 0xF0, 0x7C, 0x70, 0x70, 0xF0, 0x30, 0x00, 0x00, 0x60, 0x40, 0x01, 0x83,
    0x83, 0x06, 0x0C, 0x18, 0x71, 0xCF, 0x18, 0x00, 0x00, 0x18, 0x04, 0x00, 0x01, 0x80, 0xE0, 0x30,
    0x1C, 0x0F, 0x07, 0xC7, 0x07, 0x0F, 0x07, 0x00, 0x00, 0x00, 0x30, 0x00, 0x01, 0x80, 0x18, 0xCC,
    0x00, 0xC6, 0x66, 0x06, 0x33, 0x30, 0x3F, 0xFB, 0x81, 0xFF, 0xD8, 0x0C, 0x00, 0x60, 0x60, 0x03,
    0xDE, 0x00, 0x0F, 0xE0, 0x00, 0x1C, 0x00, 0x00, 0x00, 0x00, 0x30, 0x01, 0x86, 0x60, 0x03, 0x8C,
    0xC3, 0x03, 0x39, 0x86, 0x07, 0xFF, 0xDC, 0x0F, 0xFF, 0xF0, 0x18, 0x00, 0x30, 0x70, 0x00, 0x7B,
    0xC0, 0x00, 0x7F, 0x00, 0x00, 0x38, 0x00, 0x00, 0x00, 0x18, 0x00, 0x61, 0x99, 0x86, 0x66, 0x39,
    0x99, 0xFF, 0xE7, 0xFF, 0x80, 0x00, 0x18, 0x19, 0x98, 0x39, 0x98, 0x31, 0x98, 0x7F, 0xFE, 0xFF,
    0xFF, 0x00, 0x00, 0x00, 0x00, 0x30, 0x00, 0x00, 0x80, 0x00, 0x36, 0x00, 0x00, 0x90, 0x00, 0x00,
    0x38, 0x00, 0x00, 0xC0, 0x18, 0x66, 0x00, 0xE3, 0x33, 0x03, 0x39, 0x98, 0x1F, 0xFD, 0x80, 0xFF,
    0xCE, 0x06, 0x00, 0x30, 0x60, 0x01, 0xEF, 0x00, 0x07, 0xF0, 0x00, 0x0E, 0x00, 0x00, 0x00, 0x00,
    0x00, 0x00, 0x0C, 0x00, 0x00, 0x08, 0x00, 0x00, 0xD8, 0x00, 0x00, 0x90, 0x00, 0x00, 0x00, 0x00,
    0x00, 0x0C, 0x00, 0x61, 0x98, 0x00, 0xE3, 0x30, 0xC0, 0xCE, 0x61, 0x81, 0xFF, 0xF6, 0x03, 0xFF,
    0xFE, 0x06, 0x00, 0x0C, 0x18, 0x00, 0x1E, 0xF0, 0x00, 0x1F, 0xC0, 0x00, 0x0E, 0x00, 0x00, 0x00,
    0x00, 0x0C, 0x00, 0x10, 0x01, 0xE0, 0x02, 0x80, 0x00, 0xE0, 0x01, 0x8C, 0x66, 0x31, 0x98, 0xCC,
    0x6F, 0xFF, 0xBF, 0xFC, 0x00, 0x00, 0x03, 0x00, 0x01, 0x00, 0x07, 0x80, 0x02, 0x80, 0x00, 0x00,
    0x00, 0x18, 0x31, 0x98, 0x31, 0x98, 0x33, 0x18, 0xFF, 0xFE, 0xFF, 0xFF, 0x00, 0x00, 0x00, 0x00,
    0x07, 0xE0, 0x0C, 0x3F, 0x80, 0x39, 0xC6, 0x60, 0x6C, 0x19, 0x81, 0xFF, 0xEC, 0x07, 0xFF, 0x38,
    0x38, 0x00, 0x7B, 0xC0, 0x00, 0xFE, 0x00, 0x00, 0xE0, 0x00, 0x00, 0x00, 0x00, 0x00, 0x00, 0x01,
    0xF8, 0x00, 0xC3, 0xF8, 0x00, 0xE7, 0x18, 0x60, 0x6E, 0x18, 0x60, 0x7F, 0xFE, 0xE0, 0x7F, 0xFF,
    0xC0, 0x60, 0x00, 0x60, 0xE0, 0x00, 0x7B, 0xC0, 0x00, 0x3F, 0x80, 0x00, 0x0E, 0x00, 0x00, 0x00,
    0x00, 0x00, 0x7E, 0x18, 0xFE, 0x19, 0xC6, 0x3B, 0x86, 0x7F, 0xFE, 0xEF, 0xFC, 0x00, 0x00, 0x00,
    0x1F, 0x81, 0x8F, 0xE0, 0x67, 0x18, 0x3B, 0x86, 0x1F, 0xFF, 0xEE, 0xFF, 0xFC, 0x00, 0x00, 0x00,
    0x00, 0x03, 0x00, 0x00, 0x04, 0x00, 0x00, 0x00, 0x00, 0x00, 0x00, 0x00, 0x07, 0xE0, 0x0C, 0x3F,
    0x80, 0x39, 0xC6, 0x60, 0x6C, 0x19, 0x81, 0xFF, 0xEC, 0x07, 0xFF, 0x38, 0x38, 0x00, 0x7B, 0xC0,
    0x00, 0xFE, 0x00, 0x00, 0xE0, 0x00, 0x00, 0x00, 0x00, 0x00, 0x00, 0x00, 0xC0, 0x00, 0x00, 0x40,
    0x00, 0x00, 0x00, 0x00, 0x01, 0xF8, 0x00, 0xC3, 0xF8, 0x00, 0xE7, 0x18, 0x60, 0x6C, 0x18, 0x60,
    0x7F, 0xFE, 0xE0, 0x7F, 0xFF, 0xC0, 0x60, 0x00, 0x60, 0xE0, 0x00, 0x7B, 0xC0, 0x00, 0x3F, 0x80,
    0x00, 0x0E, 0x00, 0x00, 0x00, 0x00, 0x00, 0x30, 0x00, 0x10, 0x00, 0x00, 0x00, 0x00, 0x00, 0x7E,
    0x18, 0xFE, 0x19, 0xC6, 0x3B, 0x86, 0x7F, 0xFE, 0xEF, 0xFC, 0x00, 0x00, 0x00, 0x0C, 0x00, 0x01,
    0x00, 0x00, 0x00, 0x00, 0x7E, 0x06, 0x3F, 0x81, 0x9C, 0x60, 0xEE, 0x18, 0x7F, 0xFF, 0xBB, 0xFF,
    0xF0, 0x18, 0x00, 0x60, 0x01, 0x80, 0x06, 0x00, 0x18, 0x00, 0x60, 0x01, 0x9F, 0x87, 0xFE, 0x1E,
    0x18, 0x70, 0x67, 0xFF, 0xBF, 0xF8, 0x18, 0x00, 0x18, 0x00, 0x18, 0x00, 0x18, 0x00, 0x18, 0x00,
    0x18, 0x00, 0x19, 0xF8, 0x1F, 0xF8, 0x1F, 0x18, 0x1C, 0x18, 0x7F, 0xFE, 0xFF, 0xFF, 0x60, 0x06,
    0x00, 0x60, 0x06, 0x00, 0x60, 0x06, 0x00, 0x67, 0xE7, 0xFE, 0x7C, 0x67, 0x06, 0xFF, 0xEF, 0xF8,
    0x60, 0x01, 0x80, 0x06, 0x00, 0x18, 0x00, 0x60, 0x01, 0x80, 0x06, 0x7E, 0x1F, 0xF8, 0x7C, 0x61,
    0xC1, 0x8F, 0xFF, 0xBF, 0xFE, 0x18, 0x00, 0x60, 0x01, 0x8C, 0x06, 0x10, 0x18, 0x00, 0x60, 0x01,
    0x9F, 0x87, 0xFE, 0x1E, 0x18, 0x70, 0x67, 0xFF, 0xBF, 0xF8, 0x18, 0x00, 0x18, 0x00, 0x18, 0x00,
    0x18, 0xC0, 0x18, 0x40, 0x18, 0x00, 0x19, 0xF8, 0x1F, 0xF8, 0x1F, 0x18, 0x1C, 0x18, 0x7F, 0xFE,
    0xFF, 0xFF, 0x60, 0x06, 0x00, 0x60, 0x06, 0x30, 0x61, 0x06, 0x00, 0x67, 0xE7, 0xFE, 0x7C, 0x67,
    0x06, 0xFF, 0xEF, 0xF8, 0x60, 0x01, 0x80, 0x06, 0x00, 0x18, 0xC0, 0x61, 0x01, 0x80, 0x06, 0x7E,
    0x1F, 0xF8, 0x7C, 0x61, 0xC1, 0x8F, 0xFF, 0xBF, 0xFE, 0x00, 0x0F, 0x07, 0xC3, 0x80, 0xE0, 0x1F,
    0x87, 0xE0, 0xE0, 0x70, 0x18, 0x0E, 0x03, 0x00, 0xE0, 0x18, 0x07, 0xDC, 0xFF, 0x06, 0x00, 0x00,
    0x03, 0xE1, 0xFC, 0x39, 0x83, 0xF0, 0x3C, 0x07, 0xF1, 0xFF, 0x60, 0x0C, 0x03, 0x00, 0x70, 0x07,
    0xBC, 0x7F, 0x83, 0x80, 0x00, 0x1F, 0x0F, 0x8E, 0x07, 0x01, 0xCB, 0xFD, 0xFC, 0x00, 0x07, 0xE1,
    0xFC, 0x39, 0x83, 0xB0, 0x3C, 0x1F, 0xF7, 0xFE, 0x18, 0x02, 0x00, 0x00, 0xF0, 0x7C, 0x38, 0x0E,
    0x01, 0xFC, 0x7F, 0x0E, 0x07, 0x01, 0x80, 0xE0, 0x30, 0x0E, 0x01, 0x80, 0x79, 0xCF, 0xF0, 0x70,
    0x00, 0x01, 0x80, 0x10, 0x00, 0x01, 0xF0, 0xFE, 0x1C, 0xC1, 0xF8, 0x1E, 0x03, 0xF8, 0xFF, 0xB0,
    0x06, 0x01, 0x80, 0x38, 0x03, 0xDE, 0x3F, 0xC1, 0xC0, 0x00, 0x18, 0x08, 0x00, 0x00, 0x3E, 0x3C,
    0x70, 0x70, 0x33, 0xFF, 0xFC, 0x00, 0x01, 0x80, 0x10, 0x00, 0x01, 0xF0, 0x7E, 0x0C, 0xC1, 0xD8,
    0x1E, 0x0F, 0xF9, 0xFF, 0x00, 0x00, 0x08, 0x00, 0x04, 0x00, 0x00, 0x00, 0x01, 0xC0, 0x01, 0xF0,
    0x00, 0xD9, 0x80, 0xCD, 0xC0, 0x76, 0xC0, 0x1F, 0x70, 0x07, 0x9F, 0xFF, 0xC7, 0xFF, 0xC0, 0x00,
    0x00, 0x00, 0x00, 0x60, 0x00, 0x02, 0x00, 0x00, 0x00, 0x00, 0x0F, 0x06, 0x00, 0xF8, 0x60, 0x1D,
    0x8C, 0x01, 0xD8, 0xE0, 0x0F, 0x87, 0xFF, 0xFE, 0x3F, 0xFF, 0xF0, 0x18, 0x08, 0x00, 0x00, 0x3C,
    0x3E, 0x76, 0x76, 0x3E, 0x1E, 0xFE, 0xFC, 0x00, 0x06, 0x00, 0x80, 0x00, 0x3C, 0x0F, 0x87, 0x61,
    0xD8, 0x36, 0x3F, 0xEF, 0xFC, 0x00, 0x00, 0x0F, 0x00, 0x28, 0x00, 0x00, 0x0E, 0x00, 0xF8, 0x06,
    0xCC, 0x66, 0x63, 0xB7, 0x0F, 0xB0, 0x3C, 0xC0, 0xE7, 0xBE, 0x1F, 0xE0, 0x38, 0x00, 0x00, 0x00,
    0x03, 0xC0, 0x02, 0x80, 0x00, 0x00, 0x0E, 0x00, 0x3E, 0x00, 0x6C, 0x31, 0x98, 0x61, 0xFD, 0xC3,
    0xFF, 0x00, 0xC3, 0x03, 0x87, 0x9E, 0x07, 0xF8, 0x03, 0x80, 0x00, 0x3C, 0x14, 0x00, 0x00, 0x3C,
    0x3E, 0x76, 0x76, 0x3E, 0x1E, 0xFE, 0xFC, 0x00, 0x0F, 0x01, 0x40, 0x00, 0x3C, 0x0F, 0x87, 0x61,
    0xD8, 0x36, 0x3F, 0xEF, 0xFC, 0x00, 0x0C, 0x00, 0x18, 0x00, 0x30, 0x0E, 0x60, 0x18, 0xC0, 0x31,
    0x98, 0x73, 0x71, 0xC6, 0xC2, 0x0D, 0xC0, 0x19, 0xFF, 0xF1, 0xFF, 0xC0, 0x00, 0x0C, 0x00, 0x06,
    0x00, 0x03, 0x00, 0x39, 0x80, 0x18, 0xC0, 0x0C, 0x61, 0x87, 0x30, 0xC7, 0x18, 0xC3, 0x0C, 0x70,
    0x07, 0x1F, 0xFF, 0xE7, 0xFF, 0xF0, 0x06, 0x1E, 0x7C, 0xF0, 0xE0, 0x70, 0x38, 0x1C, 0x0C, 0x0C,
    0xFC, 0xF8, 0x06, 0x07, 0xC3, 0xC1, 0xC0, 0x60, 0x1C, 0x03, 0x80, 0x70, 0x0E, 0x01, 0x8F, 0xFF,
    0xFF, 0x00, 0x60, 0x06, 0x00, 0x60, 0x06, 0x00, 0x60, 0x06, 0x00, 0x60, 0x06, 0x40, 0x66, 0x06,
    0xE0, 0x6C, 0x06, 0xE0, 0x67, 0xBC, 0x3F, 0x80, 0xE0, 0x00, 0x60, 0x01, 0x80, 0x06, 0x00, 0x18,
    0x00, 0x60, 0x01, 0x80, 0x06, 0x00, 0x18, 0x00, 0x61, 0x81, 0xC6, 0x07, 0xF0, 0x1F, 0xC0, 0x61,
    0x83, 0x87, 0xBC, 0x0F, 0xE0, 0x0E, 0x00, 0x31, 0x8C, 0x63, 0x18, 0xC6, 0x31, 0x9C, 0xE0, 0x30,
    0x60, 0xC1, 0x83, 0x06, 0x0C, 0x18, 0x30, 0x71, 0xFB, 0xF0, 0x00, 0x3E, 0x3F, 0x63, 0x03, 0x3F,
    0x7F, 0xE0, 0xC0, 0xE0, 0x60, 0x60, 0x60, 0x60, 0x00, 0x01, 0xE0, 0xFC, 0x19, 0xC7, 0x98, 0xFF,
    0xFB, 0xFE, 0x00, 0xE0, 0x0C, 0x01, 0x80, 0x30, 0x06, 0x00, 0x40, 0x00, 0x00, 0x0F, 0x07, 0xC6,
    0x63, 0x37, 0xFB, 0xFC, 0x00, 0x03, 0xC0, 0xFC, 0x19, 0x87, 0x39, 0xFF, 0xB7, 0xF8, 0x00, 0x00,
    0xC0, 0x04, 0x00, 0x04, 0x00, 0xE0, 0x06, 0x60, 0x66, 0x06, 0xE0, 0x6C, 0x06, 0x60, 0x67, 0xBC,
    0x3F, 0x80, 0xE0, 0x00, 0x00, 0x30, 0x00, 0x40, 0x00, 0x00, 0x00, 0x60, 0x01, 0x86, 0x06, 0x18,
    0x1E, 0xE0, 0x7F, 0x01, 0x86, 0x06, 0x1E, 0xF0, 0x3F, 0xC0, 0x38, 0x00, 0x03, 0x08, 0x03, 0x18,
    0xC6, 0x37, 0xB8, 0x00, 0x30, 0x10, 0x00, 0x18, 0x18, 0x30, 0x7E, 0x7E, 0x30, 0x71, 0xF3, 0x66,
    0xD9, 0x9F, 0x3E, 0x0C, 0x0E, 0x0F, 0x0F, 0x8E, 0xC7, 0x61, 0xF8, 0x3F, 0x07, 0x80, 0x10, 0x07,
    0x03, 0xE0, 0xFC, 0x77, 0x9D, 0xE3, 0xEF, 0xFE, 0xFF, 0x80, 0x00, 0x07, 0x81, 0xE0, 0xD8, 0x36,
    0x1D, 0x8F, 0xFB, 0xFF, 0x33, 0x0E, 0xC1, 0xF0, 0x30, 0x00, 0x71, 0xF3, 0x6C, 0xDF, 0x9F, 0x06,
    0x3D, 0xF3, 0x80, 0x00, 0x1C, 0x1F, 0x0D, 0x8C, 0xC7, 0xF9, 0xFE, 0x18, 0x3C, 0x7C, 0x38, 0x00,
    0x00, 0x00, 0x07, 0xC0, 0x7E, 0x03, 0x00, 0x38, 0x31, 0xE1, 0x87, 0xDC, 0x0E, 0xC0, 0x33, 0x01,
    0x9E, 0xF8, 0x7F, 0x80, 0xE0, 0x00, 0x00, 0x01, 0x83, 0x06, 0x0F, 0xB0, 0x1F, 0xC0, 0x31, 0x80,
    0xC7, 0x9F, 0x0F, 0xF0, 0x0F, 0x00, 0x00, 0x00, 0x07, 0xC0, 0x7E, 0x03, 0x00, 0x38, 0x31, 0xE1,
    0x87, 0xDC, 0x0E, 0xC0, 0x33, 0x01, 0x9E, 0x78, 0x7F, 0x80, 0xE0, 0x00, 0x00, 0x3C, 0x00, 0xA0,
    0x00, 0x01, 0x82, 0x06, 0x1F, 0xB0, 0x1F, 0xC0, 0x31, 0x80, 0xC7, 0x9F, 0x0F, 0xF0, 0x0F, 0x00,
    0x00, 0x01, 0xE0, 0x02, 0x80, 0x31, 0x8C, 0x63, 0x3B, 0xC0, 0x07, 0x94, 0x18, 0x18, 0x38, 0x7E,
    0xFF, 0x00, 0x00, 0x78, 0x28, 0x00, 0x1F, 0xB3, 0xE6, 0x18, 0xC3, 0x98, 0x3B, 0x03, 0xE0, 0x3C,
    0x03, 0x80, 0xF8, 0x3B, 0x0F, 0xE1, 0xFC, 0x00, 0x0F, 0x40, 0xFD, 0x81, 0x98, 0x01, 0x83, 0x18,
    0x39, 0x81, 0xD8, 0x0F, 0x80, 0x78, 0x03, 0x80, 0x3C, 0x3F, 0xF3, 0xEF, 0x00, 0x1C, 0x0F, 0x01,
    0xE6, 0x41, 0x8C, 0x63, 0x98, 0x76, 0x0F, 0x80, 0xE0, 0x38, 0x1E, 0x0F, 0x87, 0xE1, 0xF8, 0x00,
    0x0E, 0x03, 0x80, 0x39, 0x84, 0x30, 0x46, 0x1C, 0xC1, 0xD8, 0x1F, 0x01, 0xE0, 0x3C, 0x03, 0x80,
    0x78, 0x7F, 0xDF, 0x78, 0x06, 0x03, 0x31, 0x9C, 0xC7, 0x61, 0xF0, 0x78, 0x1C, 0x1F, 0x1D, 0x9F,
    0xCF, 0xE0, 0x03, 0x83, 0x80, 0xE0, 0xE0, 0x00, 0x03, 0x00, 0x61, 0x0C, 0x31, 0x83, 0x30, 0x36,
    0x07, 0xC0, 0x78, 0x07, 0x00, 0xF1, 0xFF, 0xBE, 0xF0, 0x00, 0x38, 0x0E, 0x00, 0xE0, 0x38, 0x00,
    0x03, 0x00, 0xC6, 0x31, 0xCC, 0x3B, 0x07, 0xC0, 0xF0, 0x1C, 0x0F, 0x87, 0x63, 0xF8, 0xFE, 0x03,
    0x00, 0x61, 0x0C, 0x31, 0x87, 0x30, 0x76, 0x07, 0xC0, 0x78, 0x07, 0x00, 0xF1, 0xFF, 0xBE, 0xF0,
    0x00, 0x80, 0x01, 0xC0, 0x03, 0xE0, 0x07, 0xF0, 0x0C, 0x38, 0x1F, 0xDC, 0x3F, 0xDE, 0x7F, 0xBF,
    0x7F, 0x7F, 0x3F, 0x7E, 0x1F, 0xFC, 0x0F, 0xF8, 0x06, 0x70, 0x03, 0xE0, 0x01, 0xC0, 0x00, 0x80,
};

static const EpdGlyph notosans_8_regularGlyphs[] = {
    { 0, 0, 0, 0, 0, 0, 0 }, // U+0000
    { 0, 0, 69, 0, 0, 0, 0 }, // U+000D
    { 0, 0, 69, 0, 0, 0, 0 }, // U+0020
    { 2, 12, 72, 1, 12, 3, 0 }, // !
    { 5, 4, 109, 1, 12, 3, 3 }, // "
    { 10, 12, 172, 1, 12, 15, 6 }, // #
    { 8, 14, 153, 1, 12, 14, 21 }, // $
    { 13, 12, 222, 1, 12, 20, 35 }, // %
    { 12, 12, 195, 1, 12, 18, 55 }, // &
    { 2, 4, 60, 1, 12, 1, 73 }, // '
    { 4, 15, 80, 1, 12, 8, 74 }, // (
    { 5, 15, 80, 0, 12, 10, 82 }, // )
    { 9, 8, 147, 0, 12, 9, 92 }, // *
    { 8, 8, 153, 1, 10, 8, 101 }, // +
    { 4, 4, 71, 0, 2, 2, 109 }, // ,
    { 4, 3, 86, 1, 6, 2, 111 }, // -
    { 2, 3, 71, 1, 3, 1, 113 }, // .
    { 7, 12, 99, 0, 12, 11, 114 }, // /
    { 8, 12, 153, 1, 12, 12, 125 }, // 0
    { 6, 12, 153, 1, 12, 9, 137 }, // 1
    { 8, 12, 153, 1, 12, 12, 146 }, // 2
    { 8, 12, 153, 1, 12, 12, 158 }, // 3
    { 9, 12, 153, 1, 12, 14, 170 }, // 4
    { 8, 12, 153, 1, 12, 12, 184 }, // 5
    { 8, 12, 153, 1, 12, 12, 196 }, // 6
    { 8, 12, 153, 1, 12, 12, 208 }, // 7
    { 8, 12, 153, 1, 12, 12, 220 }, // 8
    { 8, 12, 153, 1, 12, 12, 232 }, // 9
    { 2, 9, 71, 1, 9, 3, 244 }, // :
    { 3, 11, 71, 0, 9, 5, 247 }, // ;
    { 8, 10, 153, 1, 11, 10, 252 }, // <
    { 8, 5, 153, 1, 8, 5, 262 }, // =
    { 8, 10, 153, 1, 11, 10, 267 }, // >
    { 7, 12, 116, 0, 12, 11, 277 }, // ?
    { 13, 14, 240, 1, 12, 23, 288 }, // @
    { 11, 12, 170, 0, 12, 17, 311 }, // A
    { 9, 12, 173, 2, 12, 14, 328 }, // B
    { 9, 12, 169, 1, 12, 14, 342 }, // C
    { 10, 12, 195, 2, 12, 15, 356 }, // D
    { 7, 12, 148, 2, 12, 11, 371 }, // E
    { 7, 12, 138, 2, 12, 11, 382 }, // F
    { 10, 12, 194, 1, 12, 15, 393 }, // G
    { 9, 12, 198, 2, 12, 14, 408 }, // H
    { 4, 12, 90, 1, 12, 6, 422 }, // I
    { 5, 16, 73, -1, 12, 10, 428 }, // J
    { 9, 12, 165, 2, 12, 14, 438 }, // K
    { 7, 12, 140, 2, 12, 11, 452 }, // L
    { 12, 12, 242, 2, 12, 18, 463 }, // M
    { 10, 12, 203, 2, 12, 15, 481 }, // N
    { 11, 12, 208, 1, 12, 17, 496 }, // O
    { 8, 12, 161, 2, 12, 12, 513 }, // P
    { 11, 15, 208, 1, 12, 21, 525 }, // Q
    { 9, 12, 166, 2, 12, 14, 546 }, // R
    { 8, 12, 146, 1, 12, 12, 560 }, // S
    { 9, 12, 148, 1, 12, 14, 572 }, // T
    { 9, 12, 195, 1, 12, 14, 586 }, // U
    { 10, 12, 160, 0, 12, 15, 600 }, // V
    { 16, 12, 248, 0, 12, 24, 615 }, // W
    { 10, 12, 156, 0, 12, 15, 639 }, // X
    { 10, 12, 151, 0, 12, 15, 654 }, // Y
    { 8, 12, 153, 1, 12, 12, 669 }, // Z
    { 4, 15, 88, 1, 12, 8, 681 }, // [
    { 7, 12, 99, 0, 12, 11, 689 }, // <backslash>
    { 5, 15, 88, 0, 12, 10, 700 }, // ]
    { 9, 8, 153, 0, 12, 9, 710 }, // ^
    { 7, 3, 118, 0, 0, 3, 719 }, // _
    { 5, 3, 75, 0, 13, 2, 722 }, // `
    { 8, 9, 150, 1, 9, 9, 724 }, // a
    { 8, 12, 164, 1, 12, 12, 733 }, // b
    { 7, 9, 128, 1, 9, 8, 745 }, // c
    { 8, 12, 164, 1, 12, 12, 753 }, // d
    { 8, 9, 150, 1, 9, 9, 765 }, // e
    { 7, 12, 92, 0, 12, 11, 774 }, // f
    { 8, 13, 164, 1, 9, 13, 785 }, // g
    { 8, 12, 165, 1, 12, 12, 798 }, // h
    { 2, 12, 69, 1, 12, 3, 810 }, // i
    { 5, 16, 69, -1, 12, 10, 813 }, // j
    { 8, 12, 142, 1, 12, 12, 823 }, // k
    { 2, 12, 69, 1, 12, 3, 835 }, // l
    { 13, 9, 249, 1, 9, 15, 838 }, // m
    { 8, 9, 165, 1, 9, 9, 853 }, // n
    { 9, 9, 161, 1, 9, 11, 862 }, // o
    { 8, 13, 164, 1, 9, 13, 873 }, // p
    { 8, 13, 164, 1, 9, 13, 886 }, // q
    { 6, 9, 110, 1, 9, 7, 899 }, // r
    { 7, 9, 128, 1, 9, 8, 906 }, // s
    { 6, 11, 96, 0, 11, 9, 914 }, // t
    { 8, 9, 165, 1, 9, 9, 923 }, // u
    { 9, 9, 136, 0, 9, 11, 932 }, // v
    { 13, 9, 210, 0, 9, 15, 943 }, // w
    { 9, 9, 141, 0, 9, 11, 958 }, // x
    { 10, 13, 136, -1, 9, 17, 969 }, // y
    { 6, 9, 125, 1, 9, 7, 986 }, // z
    { 6, 15, 101, 1, 12, 12, 993 }, // {
    { 2, 16, 147, 4, 12, 4, 1005 }, // |
    { 6, 15, 101, 1, 12, 12, 1009 }, // }
    { 8, 3, 153, 1, 7, 3, 1021 }, // ~
    { 0, 0, 69, 0, 0, 0, 1024 }, // U+00A0
    { 2, 12, 72, 1, 9, 3, 1024 }, // U+00A1
    { 7, 12, 153, 2, 12, 11, 1027 }, // U+00A2
    { 8, 12, 153, 1, 12, 12, 1038 }, // U+00A3
    { 8, 8, 153, 0, 10, 8, 1050 }, // U+00A4
    { 10, 12, 153, 0, 12, 15, 1058 }, // U+00A5
    { 2, 16, 147, 4, 12, 4, 1073 }, // U+00A6
    { 8, 12, 137, 0, 12, 12, 1077 }, // U+00A7
    { 5, 3, 155, 2, 13, 2, 1089 }, // U+00A8
    { 13, 13, 222, 1, 12, 22, 1091 }, // U+00A9
    { 5, 5, 95, 1, 12, 4, 1113 }, // U+00AA
    { 8, 8, 136, 1, 8, 8, 1117 }, // U+00AB
    { 9, 6, 153, 0, 7, 7, 1125 }, // U+00AC
    { 4, 3, 86, 1, 6, 2, 1132 }, // U+00AD
    { 13, 13, 222, 1, 12, 22, 1134 }, // U+00AE
    { 8, 3, 133, 0, 15, 3, 1156 }, // U+00AF
    { 6, 6, 114, 1, 12, 5, 1159 }, // U+00B0
    { 8, 10, 153, 1, 10, 10, 1164 }, // U+00B1
    { 5, 7, 93, 1, 14, 5, 1174 }, // U+00B2
    { 5, 7, 93, 0, 14, 5, 1179 }, // U+00B3
    { 5, 3, 75, 0, 13, 2, 1184 }, // U+00B4
    { 8, 13, 166, 1, 9, 13, 1186 }, // U+00B5
    { 9, 15, 175, 0, 12, 17, 1199 }, // U+00B6
    { 2, 3, 71, 1, 8, 1, 1216 }, // U+00B7
    { 5, 5, 60, -1, 1, 4, 1217 }, // U+00B8
    { 4, 7, 93, 0, 14, 4, 1221 }, // U+00B9
    { 5, 5, 100, 1, 12, 4, 1225 }, // U+00BA
    { 8, 8, 136, 0, 8, 8, 1229 }, // U+00BB
    { 13, 12, 199, 0, 12, 20, 1237 }, // U+00BC
    { 13, 13, 206, 0, 12, 22, 1257 }, // U+00BD
    { 14, 12, 208, 0, 12, 21, 1279 }, // U+00BE
    { 7, 13, 116, 1, 9, 12, 1300 }, // U+00BF
    { 11, 16, 170, 0, 16, 22, 1312 }, // U+00C0
    { 11, 16, 170, 0, 16, 22, 1334 }, // U+00C1
    { 11, 16, 170, 0, 16, 22, 1356 }, // U+00C2
    { 11, 16, 170, 0, 16, 22, 1378 }, // U+00C3
    { 11, 15, 170, 0, 15, 21, 1400 }, // U+00C4
    { 12, 15, 170, -1, 15, 23, 1421 }, // U+00C5
    { 14, 12, 235, -1, 12, 21, 1444 }, // U+00C6
    { 9, 17, 169, 1, 12, 20, 1465 }, // U+00C7
    { 7, 16, 148, 2, 16, 14, 1485 }, // U+00C8
    { 7, 16, 148, 2, 16, 14, 1499 }, // U+00C9
    { 7, 16, 148, 2, 16, 14, 1513 }, // U+00CA
    { 7, 15, 148, 2, 15, 14, 1527 }, // U+00CB
    { 4, 16, 90, 1, 16, 8, 1541 }, // U+00CC
    { 5, 16, 90, 1, 16, 10, 1549 }, // U+00CD
    { 6, 16, 90, 0, 16, 12, 1559 }, // U+00CE
    { 5, 15, 90, 1, 15, 10, 1571 }, // U+00CF
    { 11, 12, 195, 1, 12, 17, 1581 }, // U+00D0
    { 10, 16, 203, 2, 16, 20, 1598 }, // U+00D1
    { 11, 16, 208, 1, 16, 22, 1618 }, // U+00D2
    { 11, 16, 208, 1, 16, 22, 1640 }, // U+00D3
    { 11, 16, 208, 1, 16, 22, 1662 }, // U+00D4
    { 11, 16, 208, 1, 16, 22, 1684 }, // U+00D5
    { 11, 15, 208, 1, 15, 21, 1706 }, // U+00D6
    { 8, 8, 153, 1, 10, 8, 1727 }, // U+00D7
    { 11, 14, 208, 1, 13, 20, 1735 }, // U+00D8
    { 9, 16, 195, 1, 16, 18, 1755 }, // U+00D9
    { 9, 16, 195, 1, 16, 18, 1773 }, // U+00DA
    { 9, 16, 195, 1, 16, 18, 1791 }, // U+00DB
    { 9, 15, 195, 1, 15, 17, 1809 }, // U+00DC
    { 10, 16, 151, 0, 16, 20, 1826 }, // U+00DD
    { 8, 12, 161, 2, 12, 12, 1846 }, // U+00DE
    { 9, 12, 168, 1, 12, 14, 1858 }, // U+00DF
    { 8, 13, 150, 1, 13, 13, 1872 }, // U+00E0
    { 8, 13, 150, 1, 13, 13, 1885 }, // U+00E1
    { 8, 13, 150, 1, 13, 13, 1898 }, // U+00E2
    { 8, 13, 150, 1, 13, 13, 1911 }, // U+00E3
    { 8, 12, 150, 1, 12, 12, 1924 }, // U+00E4
    { 8, 15, 150, 1, 15, 15, 1936 }, // U+00E5
    { 13, 9, 230, 1, 9, 15, 1951 }, // U+00E6
    { 7, 14, 128, 1, 9, 13, 1966 }, // U+00E7
    { 8, 13, 150, 1, 13, 13, 1979 }, // U+00E8
    { 8, 13, 150, 1, 13, 13, 1992 }, // U+00E9
    { 8, 13, 150, 1, 13, 13, 2005 }, // U+00EA
    { 8, 12, 150, 1, 12, 12, 2018 }, // U+00EB
    { 4, 13, 69, -1, 13, 7, 2030 }, // U+00EC
    { 5, 13, 69, 0, 13, 9, 2037 }, // U+00ED
    { 7, 13, 69, -2, 13, 12, 2046 }, // U+00EE
    { 5, 12, 69, 0, 12, 8, 2058 }, // U+00EF
    { 9, 13, 161, 1, 13, 15, 2066 }, // U+00F0
    { 8, 13, 165, 1, 13, 13, 2081 }, // U+00F1
    { 9, 13, 161, 1, 13, 15, 2094 }, // U+00F2
    { 9, 13, 161, 1, 13, 15, 2109 }, // U+00F3
    { 9, 13, 161, 1, 13, 15, 2124 }, // U+00F4
    { 9, 13, 161, 1, 13, 15, 2139 }, // U+00F5
    { 9, 12, 161, 1, 12, 14, 2154 }, // U+00F6
    { 8, 8, 153, 1, 10, 8, 2168 }, // U+00F7
    { 9, 11, 161, 1, 10, 13, 2176 }, // U+00F8
    { 8, 13, 165, 1, 13, 13, 2189 }, // U+00F9
    { 8, 13, 165, 1, 13, 13, 2202 }, // U+00FA
    { 8, 13, 165, 1, 13, 13, 2215 }, // U+00FB
    { 8, 12, 165, 1, 12, 12, 2228 }, // U+00FC
    { 10, 17, 136, -1, 13, 22, 2240 }, // U+00FD
    { 8, 16, 164, 1, 12, 16, 2262 }, // U+00FE
    { 9, 16, 136, 0, 12, 18, 2278 }, // U+00FF
    { 11, 15, 170, 0, 15, 21, 2296 }, // U+0100
    { 8, 12, 150, 1, 12, 12, 2317 }, // U+0101
    { 11, 16, 170, 0, 16, 22, 2329 }, // U+0102
    { 8, 13, 150, 1, 13, 13, 2351 }, // U+0103
    { 12, 17, 170, 0, 12, 26, 2364 }, // U+0104
    { 8, 14, 150, 1, 9, 14, 2390 }, // U+0105
    { 9, 16, 169, 1, 16, 18, 2404 }, // U+0106
    { 7, 13, 128, 1, 13, 12, 2422 }, // U+0107
    { 9, 16, 169, 1, 16, 18, 2434 }, // U+0108
    { 7, 13, 128, 1, 13, 12, 2452 }, // U+0109
    { 9, 15, 169, 1, 15, 17, 2464 }, // U+010A
    { 7, 12, 128, 1, 12, 11, 2481 }, // U+010B
    { 9, 16, 169, 1, 16, 18, 2492 }, // U+010C
    { 7, 13, 128, 1, 13, 12, 2510 }, // U+010D
    { 10, 16, 195, 2, 16, 20, 2522 }, // U+010E
    { 11, 12, 164, 1, 12, 17, 2542 }, // U+010F
    { 11, 12, 195, 1, 12, 17, 2559 }, // U+0110
    { 9, 12, 165, 1, 12, 14, 2576 }, // U+0111
    { 7, 15, 148, 2, 15, 14, 2590 }, // U+0112
    { 8, 12, 150, 1, 12, 12, 2604 }, // U+0113
    { 7, 16, 148, 2, 16, 14, 2616 }, // U+0114
    { 8, 13, 150, 1, 13, 13, 2630 }, // U+0115
    { 7, 15, 148, 2, 15, 14, 2643 }, // U+0116
    { 8, 12, 150, 1, 12, 12, 2657 }, // U+0117
    { 7, 17, 148, 2, 12, 15, 2669 }, // U+0118
    { 8, 13, 150, 1, 9, 13, 2684 }, // U+0119
    { 7, 16, 148, 2, 16, 14, 2697 }, // U+011A
    { 8, 13, 150, 1, 13, 13, 2711 }, // U+011B
    { 10, 16, 194, 1, 16, 20, 2724 }, // U+011C
    { 8, 17, 164, 1, 13, 17, 2744 }, // U+011D
    { 10, 16, 194, 1, 16, 20, 2761 }, // U+011E
    { 8, 17, 164, 1, 13, 17, 2781 }, // U+011F
    { 10, 15, 194, 1, 15, 19, 2798 }, // U+0120
    { 8, 16, 164, 1, 12, 16, 2817 }, // U+0121
    { 10, 16, 194, 1, 12, 20, 2833 }, // U+0122
    { 8, 17, 164, 1, 13, 17, 2853 }, // U+0123
    { 9, 16, 198, 2, 16, 18, 2870 }, // U+0124
    { 11, 17, 165, -2, 17, 24, 2888 }, // U+0125
    { 12, 12, 198, 0, 12, 18, 2912 }, // U+0126
    { 9, 12, 165, 1, 12, 14, 2930 }, // U+0127
    { 6, 16, 90, 0, 16, 12, 2944 }, // U+0128
    { 7, 13, 69, -2, 13, 12, 2956 }, // U+0129
    { 5, 15, 90, 1, 15, 10, 2968 }, // U+012A
    { 5, 12, 69, 0, 12, 8, 2978 }, // U+012B
    { 6, 16, 90, 0, 16, 12, 2986 }, // U+012C
    { 6, 13, 69, 0, 13, 10, 2998 }, // U+012D
    { 4, 17, 90, 1, 12, 9, 3008 }, // U+012E
    { 3, 17, 69, 1, 12, 7, 3017 }, // U+012F
    { 4, 15, 90, 1, 15, 8, 3024 }, // U+0130
    { 2, 9, 69, 1, 9, 3, 3032 }, // U+0131
    { 8, 16, 163, 1, 12, 16, 3035 }, // U+0132
    { 6, 16, 138, 1, 12, 12, 3051 }, // U+0133
    { 7, 20, 73, -1, 16, 18, 3063 }, // U+0134
    { 7, 17, 69, -1, 13, 15, 3081 }, // U+0135
    { 9, 16, 165, 2, 12, 18, 3096 }, // U+0136
    { 8, 16, 142, 1, 12, 16, 3114 }, // U+0137
    { 8, 9, 142, 1, 9, 9, 3130 }, // U+0138
    { 8, 16, 140, 1, 16, 16, 3139 }, // U+0139
    { 5, 17, 69, 0, 17, 11, 3155 }, // U+013A
    { 7, 16, 140, 2, 12, 14, 3166 }, // U+013B
    { 3, 16, 69, 0, 12, 6, 3180 }, // U+013C
    { 7, 12, 140, 2, 12, 11, 3186 }, // U+013D
    { 5, 12, 69, 1, 12, 8, 3197 }, // U+013E
    { 7, 12, 140, 2, 12, 11, 3205 }, // U+013F
    { 4, 12, 71, 1, 12, 6, 3216 }, // U+0140
    { 9, 12, 140, 0, 12, 14, 3222 }, // U+0141
    { 6, 12, 69, -1, 12, 9, 3236 }, // U+0142
    { 10, 16, 203, 2, 16, 20, 3245 }, // U+0143
    { 8, 13, 165, 1, 13, 13, 3265 }, // U+0144
    { 10, 16, 203, 2, 12, 20, 3278 }, // U+0145
    { 8, 13, 165, 1, 9, 13, 3298 }, // U+0146
    { 10, 16, 203, 2, 16, 20, 3311 }, // U+0147
    { 8, 13, 165, 1, 13, 13, 3331 }, // U+0148
    { 11, 12, 184, 0, 12, 17, 3344 }, // U+0149
    { 10, 16, 203, 2, 12, 20, 3361 }, // U+014A
    { 8, 13, 165, 1, 9, 13, 3381 }, // U+014B
    { 11, 15, 208, 1, 15, 21, 3394 }, // U+014C
    { 9, 12, 161, 1, 12, 14, 3415 }, // U+014D
    { 11, 16, 208, 1, 16, 22, 3429 }, // U+014E
    { 9, 13, 161, 1, 13, 15, 3451 }, // U+014F
    { 11, 16, 208, 1, 16, 22, 3466 }, // U+0150
    { 9, 13, 161, 1, 13, 15, 3488 }, // U+0151
    { 14, 12, 248, 1, 12, 21, 3503 }, // U+0152
    { 14, 9, 252, 1, 9, 16, 3524 }, // U+0153
    { 9, 16, 166, 2, 16, 18, 3540 }, // U+0154
    { 6, 13, 110, 1, 13, 10, 3558 }, // U+0155
    { 9, 16, 166, 2, 12, 18, 3568 }, // U+0156
    { 7, 13, 110, 0, 9, 12, 3586 }, // U+0157
    { 9, 16, 166, 2, 16, 18, 3598 }, // U+0158
    { 7, 13, 110, 0, 13, 12, 3616 }, // U+0159
    { 8, 16, 146, 1, 16, 16, 3628 }, // U+015A
    { 7, 13, 128, 1, 13, 12, 3644 }, // U+015B
    { 8, 16, 146, 1, 16, 16, 3656 }, // U+015C
    { 7, 13, 128, 1, 13, 12, 3672 }, // U+015D
    { 8, 17, 146, 1, 12, 17, 3684 }, // U+015E
    { 7, 14, 128, 1, 9, 13, 3701 }, // U+015F
    { 8, 16, 146, 1, 16, 16, 3714 }, // U+0160
    { 7, 13, 128, 1, 13, 12, 3730 }, // U+0161
    { 9, 16, 148, 1, 12, 18, 3742 }, // U+0162
    { 6, 16, 96, 0, 11, 12, 3760 }, // U+0163
    { 9, 16, 148, 1, 16, 18, 3772 }, // U+0164
    { 9, 12, 96, 0, 12, 14, 3790 }, // U+0165
    { 9, 12, 148, 1, 12, 14, 3804 }, // U+0166
    { 6, 11, 96, 0, 11, 9, 3818 }, // U+0167
    { 9, 16, 195, 1, 16, 18, 3827 }, // U+0168
    { 8, 13, 165, 1, 13, 13, 3845 }, // U+0169
    { 9, 15, 195, 1, 15, 17, 3858 }, // U+016A
    { 8, 12, 165, 1, 12, 12, 3875 }, // U+016B
    { 9, 16, 195, 1, 16, 18, 3887 }, // U+016C
    { 8, 13, 165, 1, 13, 13, 3905 }, // U+016D
    { 9, 18, 195, 1, 18, 21, 3918 }, // U+016E
    { 8, 15, 165, 1, 15, 15, 3939 }, // U+016F
    { 9, 16, 195, 1, 16, 18, 3954 }, // U+0170
    { 8, 13, 165, 1, 13, 13, 3972 }, // U+0171
    { 9, 16, 195, 1, 12, 18, 3985 }, // U+0172
    { 8, 14, 165, 1, 9, 14, 4003 }, // U+0173
    { 16, 16, 248, 0, 16, 32, 4017 }, // U+0174
    { 13, 13, 210, 0, 13, 22, 4049 }, // U+0175
    { 10, 16, 151, 0, 16, 20, 4071 }, // U+0176
    { 10, 17, 136, -1, 13, 22, 4091 }, // U+0177
    { 10, 15, 151, -1, 15, 19, 4113 }, // U+0178
    { 8, 16, 153, 1, 16, 16, 4132 }, // U+0179
    { 6, 13, 125, 1, 13, 10, 4148 }, // U+017A
    { 8, 15, 153, 1, 15, 15, 4158 }, // U+017B
    { 6, 12, 125, 1, 12, 9, 4173 }, // U+017C
    { 8, 16, 153, 1, 16, 16, 4182 }, // U+017D
    { 6, 13, 125, 1, 13, 10, 4198 }, // U+017E
    { 5, 12, 87, 1, 12, 8, 4208 }, // U+017F
    { 13, 12, 209, 1, 12, 20, 4216 }, // U+01A0
    { 11, 11, 164, 1, 11, 16, 4236 }, // U+01A1
    { 13, 12, 208, 1, 12, 20, 4252 }, // U+01AF
    { 11, 10, 180, 1, 10, 14, 4272 }, // U+01B0
    { 19, 16, 345, 2, 16, 38, 4286 }, // U+01C4
    { 17, 12, 320, 2, 12, 26, 4324 }, // U+01C5
    { 16, 12, 289, 1, 12, 24, 4350 }, // U+01C6
    { 10, 16, 213, 2, 12, 20, 4374 }, // U+01C7
    { 10, 16, 209, 2, 12, 20, 4394 }, // U+01C8
    { 6, 16, 138, 1, 12, 12, 4414 }, // U+01C9
    { 14, 16, 276, 2, 12, 28, 4426 }, // U+01CA
    { 14, 16, 272, 2, 12, 28, 4454 }, // U+01CB
    { 12, 16, 234, 1, 12, 24, 4482 }, // U+01CC
    { 11, 16, 170, 0, 16, 22, 4506 }, // U+01CD
    { 8, 13, 150, 1, 13, 13, 4528 }, // U+01CE
    { 6, 16, 90, 0, 16, 12, 4541 }, // U+01CF
    { 7, 13, 69, -2, 13, 12, 4553 }, // U+01D0
    { 11, 16, 208, 1, 16, 22, 4565 }, // U+01D1
    { 9, 13, 161, 1, 13, 15, 4587 }, // U+01D2
    { 9, 16, 195, 1, 16, 18, 4602 }, // U+01D3
    { 8, 13, 165, 1, 13, 13, 4620 }, // U+01D4
    { 9, 18, 195, 1, 18, 21, 4633 }, // U+01D5
    { 8, 14, 165, 1, 14, 14, 4654 }, // U+01D6
    { 9, 18, 195, 1, 18, 21, 4668 }, // U+01D7
    { 8, 15, 165, 1, 15, 15, 4689 }, // U+01D8
    { 9, 18, 195, 1, 18, 21, 4704 }, // U+01D9
    { 8, 15, 165, 1, 15, 15, 4725 }, // U+01DA
    { 9, 18, 195, 1, 18, 21, 4740 }, // U+01DB
    { 8, 15, 165, 1, 15, 15, 4761 }, // U+01DC
    { 8, 9, 150, 1, 9, 9, 4776 }, // U+01DD
    { 11, 18, 170, 0, 18, 25, 4785 }, // U+01DE
    { 8, 14, 150, 1, 14, 14, 4810 }, // U+01DF
    { 11, 16, 170, 0, 16, 22, 4824 }, // U+01E0
    { 8, 14, 150, 1, 14, 14, 4846 }, // U+01E1
    { 14, 15, 235, 0, 15, 27, 4860 }, // U+01E2
    { 13, 12, 230, 1, 12, 20, 4887 }, // U+01E3
    { 11, 12, 194, 1, 12, 17, 4907 }, // U+01E4
    { 9, 13, 164, 1, 9, 15, 4924 }, // U+01E5
    { 10, 16, 194, 1, 16, 20, 4939 }, // U+01E6
    { 8, 17, 164, 1, 13, 17, 4959 }, // U+01E7
    { 9, 16, 165, 2, 16, 18, 4976 }, // U+01E8
    { 11, 17, 142, -2, 17, 24, 4994 }, // U+01E9
    { 11, 16, 208, 1, 12, 22, 5018 }, // U+01EA
    { 9, 13, 161, 1, 9, 15, 5040 }, // U+01EB
    { 11, 19, 208, 1, 15, 27, 5055 }, // U+01EC
    { 9, 16, 161, 1, 12, 18, 5082 }, // U+01ED
    { 9, 16, 156, 0, 16, 18, 5100 }, // U+01EE
    { 8, 17, 133, 1, 13, 17, 5118 }, // U+01EF
    { 7, 17, 69, -1, 13, 15, 5135 }, // U+01F0
    { 19, 12, 345, 2, 12, 29, 5150 }, // U+01F1
    { 17, 12, 320, 2, 12, 26, 5179 }, // U+01F2
    { 16, 12, 289, 1, 12, 24, 5205 }, // U+01F3
    { 10, 16, 194, 1, 16, 20, 5229 }, // U+01F4
    { 8, 17, 164, 1, 13, 17, 5249 }, // U+01F5
    { 13, 12, 250, 2, 12, 20, 5266 }, // U+01F6
    { 9, 16, 176, 2, 12, 18, 5286 }, // U+01F7
    { 10, 16, 203, 2, 16, 20, 5304 }, // U+01F8
    { 8, 13, 165, 1, 13, 13, 5324 }, // U+01F9
    { 12, 16, 171, -1, 16, 24, 5337 }, // U+01FA
    { 8, 16, 150, 1, 16, 16, 5361 }, // U+01FB
    { 14, 16, 235, -1, 16, 28, 5377 }, // U+01FC
    { 13, 13, 230, 1, 13, 22, 5405 }, // U+01FD
    { 11, 17, 208, 1, 16, 24, 5427 }, // U+01FE
    { 9, 14, 161, 1, 13, 16, 5451 }, // U+01FF
    { 11, 16, 170, 0, 16, 22, 5467 }, // U+0200
    { 8, 13, 150, 1, 13, 13, 5489 }, // U+0201
    { 11, 16, 170, 0, 16, 22, 5502 }, // U+0202
    { 8, 13, 150, 1, 13, 13, 5524 }, // U+0203
    { 8, 16, 148, 1, 16, 16, 5537 }, // U+0204
    { 8, 13, 150, 1, 13, 13, 5553 }, // U+0205
    { 7, 16, 148, 2, 16, 14, 5566 }, // U+0206
    { 8, 13, 150, 1, 13, 13, 5580 }, // U+0207
    { 7, 16, 90, -1, 16, 14, 5593 }, // U+0208
    { 7, 13, 69, -2, 13, 12, 5607 }, // U+0209
    { 6, 16, 90, 0, 16, 12, 5619 }, // U+020A
    { 6, 13, 69, -1, 13, 10, 5631 }, // U+020B
    { 11, 16, 208, 1, 16, 22, 5641 }, // U+020C
    { 9, 13, 161, 1, 13, 15, 5663 }, // U+020D
    { 11, 16, 208, 1, 16, 22, 5678 }, // U+020E
    { 9, 13, 161, 1, 13, 15, 5700 }, // U+020F
    { 10, 16, 166, 1, 16, 20, 5715 }, // U+0210
    { 8, 13, 110, -1, 13, 13, 5735 }, // U+0211
    { 9, 16, 166, 2, 16, 18, 5748 }, // U+0212
    { 7, 13, 110, 0, 13, 12, 5766 }, // U+0213
    { 9, 16, 195, 1, 16, 18, 5778 }, // U+0214
    { 8, 13, 165, 1, 13, 13, 5796 }, // U+0215
    { 9, 16, 195, 1, 16, 18, 5809 }, // U+0216
    { 8, 13, 165, 1, 13, 13, 5827 }, // U+0217
    { 8, 16, 146, 1, 12, 16, 5840 }, // U+0218
    { 7, 13, 128, 1, 9, 12, 5856 }, // U+0219
    { 9, 16, 148, 1, 12, 18, 5868 }, // U+021A
    { 6, 15, 96, 0, 11, 12, 5886 }, // U+021B
    { 9, 15, 153, 0, 12, 17, 5898 }, // U+021C
    { 7, 13, 132, 1, 9, 12, 5915 }, // U+021D
    { 9, 16, 198, 2, 16, 18, 5927 }, // U+021E
    { 11, 17, 165, -2, 17, 24, 5945 }, // U+021F
    { 5, 3, 0, -9, 13, 2, 5969 }, // U+0300
    { 4, 3, 0, -6, 13, 2, 5971 }, // U+0301
    { 6, 3, 0, -3, 13, 3, 5973 }, // U+0302
    { 7, 3, 0, -9, 12, 3, 5976 }, // U+0303
    { 5, 3, 0, -2, 12, 2, 5979 }, // U+0304
    { 7, 3, 0, -3, 15, 3, 5981 }, // U+0305
    { 6, 3, 0, -3, 12, 3, 5984 }, // U+0306
    { 2, 2, 0, -1, 12, 1, 5987 }, // U+0307
    { 5, 3, 0, -2, 13, 2, 5988 }, // U+0308
    { 4, 6, 0, -6, 15, 3, 5990 }, // U+0309
    { 4, 4, 0, -2, 13, 2, 5993 }, // U+030A
    { 7, 3, 0, -3, 13, 3, 5995 }, // U+030B
    { 6, 3, 0, -3, 13, 3, 5998 }, // U+030C
    { 2, 3, 0, -1, 13, 1, 6001 }, // U+030D
    { 4, 3, 0, -2, 13, 2, 6002 }, // U+030E
    { 7, 3, 0, -9, 13, 3, 6004 }, // U+030F
    { 6, 5, 0, -3, 14, 4, 6007 }, // U+0310
    { 6, 4, 0, -3, 13, 3, 6011 }, // U+0311
    { 4, 4, 0, -2, 12, 2, 6014 }, // U+0312
    { 4, 4, 0, -2, 12, 2, 6016 }, // U+0313
    { 4, 4, 0, -2, 12, 2, 6018 }, // U+0314
    { 4, 4, 0, -2, 12, 2, 6020 }, // U+0315
    { 4, 3, 0, -2, 0, 2, 6022 }, // U+0316
    { 4, 3, 0, -2, 0, 2, 6024 }, // U+0317
    { 4, 3, 0, -1, -1, 2, 6026 }, // U+0318
    { 4, 3, 0, -1, -1, 2, 6028 }, // U+0319
    { 6, 6, 83, -1, 14, 5, 6030 }, // U+031A
    { 4, 4, 0, -2, 13, 2, 6035 }, // U+031B
    { 3, 4, 0, -1, -1, 2, 6037 }, // U+031C
    { 5, 3, 0, -2, 0, 2, 6039 }, // U+031D
    { 5, 4, 0, -2, 0, 3, 6041 }, // U+031E
    { 5, 3, 0, -2, -1, 2, 6044 }, // U+031F
    { 4, 3, 0, -2, -1, 2, 6046 }, // U+0320
    { 4, 6, 0, -3, 1, 3, 6048 }, // U+0321
    { 3, 6, 0, 0, 1, 3, 6051 }, // U+0322
    { 2, 2, 0, -6, -1, 1, 6054 }, // U+0323
    { 5, 3, 0, -2, 0, 2, 6055 }, // U+0324
    { 4, 4, 0, -2, -1, 2, 6057 }, // U+0325
    { 4, 3, 0, -2, -1, 2, 6059 }, // U+0326
    { 5, 5, 0, -2, 1, 4, 6061 }, // U+0327
    { 4, 5, 0, -1, 0, 3, 6065 }, // U+0328
    { 2, 3, 0, -1, 0, 1, 6068 }, // U+0329
    { 6, 5, 0, -3, 0, 4, 6069 }, // U+032A
    { 7, 3, 0, -3, -1, 3, 6073 }, // U+032B
    { 6, 3, 0, -3, 0, 3, 6076 }, // U+032C
    { 6, 3, 0, -3, 0, 3, 6079 }, // U+032D
    { 6, 3, 0, -3, -1, 3, 6082 }, // U+032E
    { 6, 4, 0, -3, 0, 3, 6085 }, // U+032F
    { 8, 3, 0, -4, -1, 3, 6088 }, // U+0330
    { 5, 3, 0, -2, 0, 2, 6091 }, // U+0331
    { 7, 3, 0, -4, 0, 3, 6093 }, // U+0332
    { 7, 4, 0, -3, -1, 4, 6096 }, // U+0333
    { 7, 3, 0, -3, 6, 3, 6100 }, // U+0334
    { 7, 3, 0, -3, 6, 3, 6103 }, // U+0335
    { 12, 3, 0, -6, 6, 5, 6106 }, // U+0336
    { 6, 4, 0, -3, 7, 3, 6111 }, // U+0337
    { 8, 14, 0, -4, 13, 14, 6114 }, // U+0338
    { 3, 4, 0, 0, -1, 2, 6128 }, // U+0339
    { 6, 4, 0, -3, 0, 3, 6130 }, // U+033A
    { 7, 4, 0, -3, -1, 4, 6133 }, // U+033B
    { 7, 4, 0, -3, 0, 4, 6137 }, // U+033C
    { 4, 4, 0, -2, 13, 2, 6141 }, // U+033D
    { 4, 6, 0, -2, 15, 3, 6143 }, // U+033E
    { 7, 4, 0, -3, 16, 4, 6146 }, // U+033F
    { 4, 3, 0, -3, 13, 2, 6150 }, // U+0340
    { 4, 3, 0, -1, 13, 2, 6152 }, // U+0341
    { 8, 3, 0, -4, 12, 3, 6154 }, // U+0342
    { 4, 5, 0, -2, 14, 3, 6157 }, // U+0343
    { 6, 3, 0, -2, 13, 3, 6160 }, // U+0344
    { 3, 4, 0, 0, -1, 2, 6163 }, // U+0345
    { 8, 5, 0, -4, 14, 5, 6165 }, // U+0346
    { 7, 4, 0, -3, -1, 4, 6170 }, // U+0347
    { 4, 3, 0, -2, 0, 2, 6174 }, // U+0348
    { 4, 5, 0, -1, 0, 3, 6176 }, // U+0349
    { 8, 4, 0, -4, 13, 4, 6179 }, // U+034A
    { 7, 6, 0, -4, 15, 6, 6183 }, // U+034B
    { 6, 5, 0, -3, 14, 4, 6189 }, // U+034C
    { 7, 5, 0, -4, 1, 5, 6193 }, // U+034D
    { 4, 4, 0, -1, 0, 2, 6198 }, // U+034E
    { 12, 12, 0, -6, 12, 18, 6200 }, // U+034F
    { 3, 3, 0, -2, 13, 2, 6218 }, // U+0350
    { 3, 4, 0, -1, 13, 2, 6220 }, // U+0351
    { 6, 4, 0, -3, 14, 3, 6222 }, // U+0352
    { 4, 4, 0, -2, 0, 2, 6225 }, // U+0353
    { 3, 3, 0, -1, -1, 2, 6227 }, // U+0354
    { 3, 3, 0, -2, -1, 2, 6229 }, // U+0355
    { 7, 3, 0, -3, -1, 3, 6231 }, // U+0356
    { 3, 4, 0, 0, 13, 2, 6234 }, // U+0357
    { 2, 2, 0, 2, 12, 1, 6236 }, // U+0358
    { 4, 4, 0, -2, -1, 2, 6237 }, // U+0359
    { 7, 4, 0, -3, -1, 4, 6239 }, // U+035A
    { 4, 5, 0, -2, 14, 3, 6243 }, // U+035B
    { 14, 4, 0, -7, -1, 7, 6246 }, // U+035C
    { 14, 4, 0, -7, 13, 7, 6253 }, // U+035D
    { 10, 3, 0, -5, 12, 4, 6260 }, // U+035E
    { 10, 3, 0, -5, 0, 4, 6264 }, // U+035F
    { 14, 3, 0, -7, 12, 6, 6268 }, // U+0360
    { 14, 5, 0, -7, 15, 9, 6274 }, // U+0361
    { 14, 5, 0, -6, 1, 9, 6283 }, // U+0362
    { 4, 5, 0, -2, 14, 3, 6292 }, // U+0363
    { 4, 5, 0, -1, 14, 3, 6295 }, // U+0364
    { 2, 5, 0, -1, 15, 2, 6298 }, // U+0365
    { 4, 5, 0, -2, 14, 3, 6300 }, // U+0366
    { 4, 5, 0, -1, 14, 3, 6303 }, // U+0367
    { 4, 5, 0, -1, 14, 3, 6306 }, // U+0368
    { 4, 6, 0, -2, 15, 3, 6309 }, // U+0369
    { 4, 5, 0, -1, 15, 3, 6312 }, // U+036A
    { 5, 4, 0, -3, 14, 3, 6315 }, // U+036B
    { 3, 4, 0, -1, 14, 2, 6318 }, // U+036C
    { 4, 6, 0, -1, 15, 3, 6320 }, // U+036D
    { 5, 4, 0, -2, 14, 3, 6323 }, // U+036E
    { 5, 4, 0, -2, 14, 3, 6326 }, // U+036F
    { 7, 16, 148, 2, 16, 14, 6329 }, // U+0400
    { 7, 15, 148, 2, 15, 14, 6343 }, // U+0401
    { 11, 12, 191, 1, 12, 17, 6357 }, // U+0402
    { 7, 16, 136, 2, 16, 14, 6374 }, // U+0403
    { 9, 12, 170, 1, 12, 14, 6388 }, // U+0404
    { 8, 12, 146, 1, 12, 12, 6402 }, // U+0405
    { 2, 12, 76, 2, 12, 3, 6414 }, // U+0406
    { 4, 15, 76, 1, 15, 8, 6417 }, // U+0407
    { 5, 16, 73, -1, 12, 10, 6425 }, // U+0408
    { 17, 12, 269, 0, 12, 26, 6435 }, // U+0409
    { 15, 12, 274, 2, 12, 23, 6461 }, // U+040A
    { 11, 12, 191, 1, 12, 17, 6484 }, // U+040B
    { 9, 16, 167, 2, 16, 18, 6501 }, // U+040C
    { 10, 16, 202, 2, 16, 20, 6519 }, // U+040D
    { 11, 16, 164, -1, 16, 22, 6539 }, // U+040E
    { 9, 15, 195, 2, 12, 17, 6561 }, // U+040F
    { 11, 12, 170, 0, 12, 17, 6578 }, // U+0410
    { 8, 12, 164, 2, 12, 12, 6595 }, // U+0411
    { 9, 12, 173, 2, 12, 14, 6607 }, // U+0412
    { 7, 12, 136, 2, 12, 11, 6621 }, // U+0413
    { 12, 15, 194, 1, 12, 23, 6632 }, // U+0414
    { 7, 12, 148, 2, 12, 11, 6655 }, // U+0415
    { 16, 12, 241, 0, 12, 24, 6666 }, // U+0416
    { 8, 12, 154, 1, 12, 12, 6690 }, // U+0417
    { 10, 12, 202, 2, 12, 15, 6702 }, // U+0418
    { 10, 16, 202, 2, 16, 20, 6717 }, // U+0419
    { 9, 12, 167, 2, 12, 14, 6737 }, // U+041A
    { 11, 12, 186, 0, 12, 17, 6751 }, // U+041B
    { 12, 12, 242, 2, 12, 18, 6768 }, // U+041C
    { 9, 12, 198, 2, 12, 14, 6786 }, // U+041D
    { 11, 12, 203, 1, 12, 17, 6800 }, // U+041E
    { 9, 12, 196, 2, 12, 14, 6817 }, // U+041F
    { 8, 12, 161, 2, 12, 12, 6831 }, // U+0420
    { 9, 12, 171, 1, 12, 14, 6843 }, // U+0421
    { 9, 12, 148, 1, 12, 14, 6857 }, // U+0422
    { 11, 12, 164, -1, 12, 17, 6871 }, // U+0423
    { 12, 12, 218, 1, 12, 18, 6888 }, // U+0424
    { 11, 12, 157, -1, 12, 17, 6906 }, // U+0425
    { 11, 15, 197, 2, 12, 21, 6923 }, // U+0426
    { 9, 12, 180, 1, 12, 14, 6944 }, // U+0427
    { 15, 12, 276, 2, 12, 23, 6958 }, // U+0428
    { 16, 15, 274, 2, 12, 30, 6981 }, // U+0429
    { 11, 12, 183, 0, 12, 17, 7011 }, // U+042A
    { 11, 12, 226, 2, 12, 17, 7028 }, // U+042B
    { 8, 12, 162, 2, 12, 12, 7045 }, // U+042C
    { 10, 12, 173, 0, 12, 15, 7057 }, // U+042D
    { 14, 12, 266, 2, 12, 21, 7072 }, // U+042E
    { 9, 12, 170, 0, 12, 14, 7093 }, // U+042F
    { 7, 9, 148, 1, 9, 8, 7107 }, // U+0430
    { 8, 14, 159, 1, 14, 14, 7115 }, // U+0431
    { 7, 9, 150, 1, 9, 8, 7129 }, // U+0432
    { 6, 9, 117, 1, 9, 7, 7137 }, // U+0433
    { 10, 12, 162, 1, 9, 15, 7144 }, // U+0434
    { 8, 9, 147, 1, 9, 9, 7159 }, // U+0435
    { 13, 9, 202, 0, 9, 15, 7168 }, // U+0436
    { 7, 9, 130, 0, 9, 8, 7183 }, // U+0437
    { 8, 9, 166, 1, 9, 9, 7191 }, // U+0438
    { 8, 13, 166, 1, 13, 13, 7200 }, // U+0439
    { 8, 9, 142, 1, 9, 9, 7213 }, // U+043A
    { 9, 9, 157, -1, 9, 11, 7222 }, // U+043B
    { 10, 9, 205, 1, 9, 12, 7233 }, // U+043C
    { 8, 9, 164, 1, 9, 9, 7245 }, // U+043D
    { 9, 9, 158, 1, 9, 11, 7254 }, // U+043E
    { 8, 9, 162, 1, 9, 9, 7265 }, // U+043F
    { 8, 13, 162, 1, 9, 13, 7274 }, // U+0440
    { 7, 9, 132, 1, 9, 8, 7287 }, // U+0441
    { 7, 9, 124, 1, 9, 8, 7295 }, // U+0442
    { 10, 13, 136, 0, 9, 17, 7303 }, // U+0443
    { 11, 17, 197, 1, 13, 24, 7320 }, // U+0444
    { 9, 9, 136, 0, 9, 11, 7344 }, // U+0445
    { 9, 12, 163, 1, 9, 14, 7355 }, // U+0446
    { 8, 9, 157, 1, 9, 9, 7369 }, // U+0447
    { 13, 9, 238, 1, 9, 15, 7378 }, // U+0448
    { 14, 12, 239, 1, 9, 21, 7393 }, // U+0449
    { 10, 9, 166, 0, 9, 12, 7414 }, // U+044A
    { 10, 9, 202, 1, 9, 12, 7426 }, // U+044B
    { 7, 9, 145, 1, 9, 8, 7438 }, // U+044C
    { 8, 9, 132, 0, 9, 9, 7446 }, // U+044D
    { 11, 9, 213, 1, 9, 13, 7455 }, // U+044E
    { 8, 9, 154, 0, 9, 9, 7468 }, // U+044F
    { 8, 13, 147, 1, 13, 13, 7477 }, // U+0450
    { 8, 12, 147, 1, 12, 12, 7490 }, // U+0451
    { 9, 17, 165, 1, 13, 20, 7502 }, // U+0452
    { 6, 13, 117, 1, 13, 10, 7522 }, // U+0453
    { 7, 9, 132, 1, 9, 8, 7532 }, // U+0454
    { 8, 9, 125, 0, 9, 9, 7540 }, // U+0455
    { 2, 12, 69, 1, 12, 3, 7549 }, // U+0456
    { 4, 12, 69, 1, 12, 6, 7552 }, // U+0457
    { 5, 16, 69, -1, 12, 10, 7558 }, // U+0458
    { 15, 9, 229, -1, 9, 17, 7568 }, // U+0459
    { 13, 9, 237, 1, 9, 15, 7585 }, // U+045A
    { 9, 13, 166, 1, 13, 15, 7600 }, // U+045B
    { 8, 13, 142, 1, 13, 13, 7615 }, // U+045C
    { 8, 13, 166, 1, 13, 13, 7628 }, // U+045D
    { 10, 17, 136, 0, 13, 22, 7641 }, // U+045E
    { 8, 12, 162, 1, 9, 12, 7663 }, // U+045F
    { 15, 12, 245, 1, 12, 23, 7675 }, // U+0460
    { 13, 9, 210, 1, 9, 15, 7698 }, // U+0461
    { 10, 12, 180, 1, 12, 15, 7713 }, // U+0462
    { 10, 11, 169, 1, 11, 14, 7728 }, // U+0463
    { 14, 12, 246, 2, 12, 21, 7742 }, // U+0464
    { 11, 9, 198, 1, 9, 13, 7763 }, // U+0465
    { 12, 12, 182, 0, 12, 18, 7776 }, // U+0466
    { 11, 9, 153, -1, 9, 13, 7794 }, // U+0467
    { 15, 12, 248, 2, 12, 23, 7807 }, // U+0468
    { 12, 9, 208, 1, 9, 14, 7830 }, // U+0469
    { 14, 12, 194, -1, 12, 21, 7844 }, // U+046A
    { 12, 9, 171, -1, 9, 14, 7865 }, // U+046B
    { 16, 12, 262, 2, 12, 24, 7879 }, // U+046C
    { 13, 9, 226, 1, 9, 15, 7903 }, // U+046D
    { 8, 18, 157, 1, 14, 18, 7918 }, // U+046E
    { 8, 15, 131, 0, 11, 15, 7936 }, // U+046F
    { 11, 12, 214, 1, 12, 17, 7951 }, // U+0470
    { 10, 17, 203, 1, 13, 22, 7968 }, // U+0471
    { 11, 12, 209, 1, 12, 17, 7990 }, // U+0472
    { 8, 9, 161, 1, 9, 9, 8007 }, // U+0473
    { 12, 12, 169, -1, 12, 18, 8016 }, // U+0474
    { 9, 9, 138, 0, 9, 11, 8034 }, // U+0475
    { 12, 16, 169, -1, 16, 24, 8045 }, // U+0476
    { 9, 13, 138, 0, 13, 15, 8069 }, // U+0477
    { 20, 16, 325, 1, 12, 40, 8084 }, // U+0478
    { 18, 13, 292, 1, 9, 30, 8124 }, // U+0479
    { 12, 14, 219, 1, 13, 21, 8154 }, // U+047A
    { 9, 11, 176, 1, 10, 13, 8175 }, // U+047B
    { 15, 18, 274, 1, 18, 34, 8188 }, // U+047C
    { 13, 16, 241, 1, 16, 26, 8222 }, // U+047D
    { 15, 16, 245, 1, 16, 30, 8248 }, // U+047E
    { 13, 13, 210, 1, 13, 22, 8278 }, // U+047F
    { 10, 16, 172, 1, 12, 20, 8300 }, // U+0480
    { 7, 13, 131, 1, 9, 12, 8320 }, // U+0481
    { 10, 12, 162, 0, 11, 15, 8332 }, // U+0482
    { 6, 4, 0, -8, 13, 3, 8347 }, // U+0483
    { 7, 3, 0, -9, 12, 3, 8350 }, // U+0484
    { 2, 3, 0, -6, 13, 1, 8353 }, // U+0485
    { 2, 3, 0, -6, 13, 1, 8354 }, // U+0486
    { 7, 3, 0, -3, 15, 3, 8355 }, // U+0487
    { 19, 18, 0, -9, 13, 43, 8358 }, // U+0488
    { 18, 18, 0, -9, 13, 41, 8401 }, // U+0489
    { 12, 19, 209, 2, 16, 29, 8442 }, // U+048A
    { 10, 16, 176, 1, 13, 20, 8471 }, // U+048B
    { 9, 12, 164, 1, 12, 14, 8491 }, // U+048C
    { 9, 13, 158, 1, 13, 15, 8505 }, // U+048D
    { 8, 12, 164, 2, 12, 12, 8520 }, // U+048E
    { 8, 13, 164, 1, 9, 13, 8532 }, // U+048F
    { 7, 14, 142, 2, 14, 13, 8545 }, // U+0490
    { 6, 12, 116, 1, 12, 9, 8558 }, // U+0491
    { 8, 12, 141, 1, 12, 12, 8567 }, // U+0492
    { 8, 9, 116, 1, 9, 9, 8579 }, // U+0493
    { 9, 16, 174, 2, 12, 18, 8588 }, // U+0494
    { 7, 13, 142, 1, 9, 12, 8606 }, // U+0495
    { 16, 15, 241, -1, 12, 30, 8618 }, // U+0496
    { 14, 12, 212, 0, 9, 21, 8648 }, // U+0497
    { 8, 16, 154, 1, 12, 16, 8669 }, // U+0498
    { 8, 13, 130, 0, 9, 13, 8685 }, // U+0499
    { 10, 15, 179, 2, 12, 19, 8698 }, // U+049A
    { 8, 12, 149, 1, 9, 12, 8717 }, // U+049B
    { 10, 12, 167, 2, 12, 15, 8729 }, // U+049C
    { 8, 9, 141, 1, 9, 9, 8744 }, // U+049D
    { 11, 12, 167, 0, 12, 17, 8753 }, // U+049E
    { 9, 13, 142, 1, 13, 15, 8770 }, // U+049F
    { 12, 12, 185, 0, 12, 18, 8785 }, // U+04A0
    { 11, 9, 166, 0, 9, 13, 8803 }, // U+04A1
    { 11, 15, 201, 2, 12, 21, 8816 }, // U+04A2
    { 9, 12, 175, 1, 9, 14, 8837 }, // U+04A3
    { 12, 12, 217, 2, 12, 18, 8851 }, // U+04A4
    { 11, 9, 197, 1, 9, 13, 8869 }, // U+04A5
    { 16, 16, 282, 2, 12, 32, 8882 }, // U+04A6
    { 13, 13, 230, 1, 9, 22, 8914 }, // U+04A7
    { 12, 13, 208, 1, 12, 20, 8936 }, // U+04A8
    { 9, 9, 171, 1, 9, 11, 8956 }, // U+04A9
    { 9, 16, 169, 1, 12, 18, 8967 }, // U+04AA
    { 7, 13, 128, 1, 9, 12, 8985 }, // U+04AB
    { 9, 15, 148, 1, 12, 17, 8997 }, // U+04AC
    { 7, 12, 127, 1, 9, 11, 9014 }, // U+04AD
    { 10, 12, 151, 0, 12, 15, 9025 }, // U+04AE
    { 10, 13, 136, -1, 9, 17, 9040 }, // U+04AF
    { 10, 12, 151, -1, 12, 15, 9057 }, // U+04B0
    { 10, 13, 136, -1, 9, 17, 9072 }, // U+04B1
    { 11, 15, 168, 0, 12, 21, 9089 }, // U+04B2
    { 10, 12, 147, 0, 9, 15, 9110 }, // U+04B3
    { 14, 15, 230, 1, 12, 27, 9125 }, // U+04B4
    { 12, 12, 193, 1, 9, 18, 9152 }, // U+04B5
    { 10, 15, 188, 1, 12, 19, 9170 }, // U+04B6
    { 9, 12, 166, 1, 9, 14, 9189 }, // U+04B7
    { 9, 12, 186, 1, 12, 14, 9203 }, // U+04B8
    { 8, 9, 162, 1, 9, 9, 9217 }, // U+04B9
    { 9, 12, 186, 2, 12, 14, 9226 }, // U+04BA
    { 8, 13, 165, 1, 13, 13, 9240 }, // U+04BB
    { 13, 12, 226, 1, 12, 20, 9253 }, // U+04BC
    { 10, 9, 177, 1, 9, 12, 9273 }, // U+04BD
    { 13, 15, 226, 1, 12, 25, 9285 }, // U+04BE
    { 10, 12, 177, 1, 9, 15, 9310 }, // U+04BF
    { 4, 12, 90, 1, 12, 6, 9325 }, // U+04C0
    { 16, 16, 241, 0, 16, 32, 9331 }, // U+04C1
    { 13, 13, 202, 0, 13, 22, 9363 }, // U+04C2
    { 9, 16, 186, 2, 12, 18, 9385 }, // U+04C3
    { 8, 13, 149, 1, 9, 13, 9403 }, // U+04C4
    { 13, 15, 192, 0, 12, 25, 9416 }, // U+04C5
    { 11, 12, 157, 0, 9, 17, 9441 }, // U+04C6
    { 9, 16, 195, 2, 12, 18, 9458 }, // U+04C7
    { 8, 13, 166, 1, 9, 13, 9476 }, // U+04C8
    { 11, 15, 202, 2, 12, 21, 9489 }, // U+04C9
    { 10, 12, 177, 1, 9, 15, 9510 }, // U+04CA
    { 9, 15, 186, 1, 12, 17, 9525 }, // U+04CB
    { 8, 12, 164, 1, 9, 12, 9542 }, // U+04CC
    { 14, 15, 245, 2, 12, 27, 9554 }, // U+04CD
    { 12, 12, 201, 1, 9, 18, 9581 }, // U+04CE
    { 4, 12, 90, 1, 12, 6, 9599 }, // U+04CF
    { 11, 16, 170, 0, 16, 22, 9605 }, // U+04D0
    { 8, 13, 150, 1, 13, 13, 9627 }, // U+04D1
    { 11, 15, 170, 0, 15, 21, 9640 }, // U+04D2
    { 8, 12, 150, 1, 12, 12, 9661 }, // U+04D3
    { 14, 12, 235, -1, 12, 21, 9673 }, // U+04D4
    { 13, 9, 230, 1, 9, 15, 9694 }, // U+04D5
    { 7, 16, 148, 2, 16, 14, 9709 }, // U+04D6
    { 8, 13, 150, 1, 13, 13, 9723 }, // U+04D7
    { 10, 12, 197, 1, 12, 15, 9736 }, // U+04D8
    { 8, 9, 150, 1, 9, 9, 9751 }, // U+04D9
    { 10, 15, 197, 1, 15, 19, 9760 }, // U+04DA
    { 8, 12, 150, 1, 12, 12, 9779 }, // U+04DB
    { 16, 15, 241, 0, 15, 30, 9791 }, // U+04DC
    { 13, 12, 202, 0, 12, 20, 9821 }, // U+04DD
    { 9, 15, 154, 0, 15, 17, 9841 }, // U+04DE
    { 7, 12, 130, 1, 12, 11, 9858 }, // U+04DF
    { 9, 12, 156, 0, 12, 14, 9869 }, // U+04E0
    { 8, 13, 133, 1, 9, 13, 9883 }, // U+04E1
    { 10, 15, 202, 2, 15, 19, 9896 }, // U+04E2
    { 8, 12, 166, 1, 12, 12, 9915 }, // U+04E3
    { 10, 15, 202, 2, 15, 19, 9927 }, // U+04E4
    { 8, 12, 166, 1, 12, 12, 9946 }, // U+04E5
    { 11, 15, 208, 1, 15, 21, 9958 }, // U+04E6
    { 9, 12, 161, 1, 12, 14, 9979 }, // U+04E7
    { 11, 12, 209, 1, 12, 17, 9993 }, // U+04E8
    { 8, 9, 161, 1, 9, 9, 10010 }, // U+04E9
    { 11, 15, 209, 1, 15, 21, 10019 }, // U+04EA
    { 8, 12, 161, 1, 12, 12, 10040 }, // U+04EB
    { 10, 15, 173, 0, 15, 19, 10052 }, // U+04EC
    { 7, 12, 132, 0, 12, 11, 10071 }, // U+04ED
    { 11, 15, 164, 0, 15, 21, 10082 }, // U+04EE
    { 9, 16, 136, 0, 12, 18, 10103 }, // U+04EF
    { 11, 15, 164, 0, 15, 21, 10121 }, // U+04F0
    { 9, 16, 136, 0, 12, 18, 10142 }, // U+04F1
    { 11, 16, 164, -1, 16, 22, 10160 }, // U+04F2
    { 10, 17, 136, -1, 13, 22, 10182 }, // U+04F3
    { 9, 15, 180, 1, 15, 17, 10204 }, // U+04F4
    { 8, 12, 157, 1, 12, 12, 10221 }, // U+04F5
    { 7, 15, 141, 2, 12, 14, 10233 }, // U+04F6
    { 6, 12, 116, 1, 9, 9, 10247 }, // U+04F7
    { 11, 15, 226, 2, 15, 21, 10256 }, // U+04F8
    { 10, 12, 202, 1, 12, 15, 10277 }, // U+04F9
    { 8, 16, 141, 1, 12, 16, 10292 }, // U+04FA
    { 8, 13, 116, 1, 9, 13, 10308 }, // U+04FB
    { 11, 16, 169, 0, 12, 22, 10321 }, // U+04FC
    { 10, 13, 147, -1, 9, 17, 10343 }, // U+04FD
    { 10, 12, 156, 0, 12, 15, 10360 }, // U+04FE
    { 9, 9, 141, 0, 9, 11, 10375 }, // U+04FF
    { 10, 10, 169, 0, 10, 13, 10386 }, // U+05D0
    { 9, 10, 153, 0, 10, 12, 10399 }, // U+05D1
    { 6, 11, 100, 0, 10, 9, 10411 }, // U+05D2
    { 9, 10, 145, 0, 10, 12, 10420 }, // U+05D3
    { 10, 10, 167, 0, 10, 13, 10432 }, // U+05D4
    { 4, 10, 80, 0, 10, 5, 10445 }, // U+05D5
    { 5, 10, 88, 0, 10, 7, 10450 }, // U+05D6
    { 10, 10, 177, 0, 10, 13, 10457 }, // U+05D7
    { 10, 10, 169, 0, 10, 13, 10470 }, // U+05D8
    { 4, 6, 79, 0, 10, 3, 10483 }, // U+05D9
    { 8, 13, 145, 0, 10, 13, 10486 }, // U+05DA
    { 8, 10, 137, 0, 10, 10, 10499 }, // U+05DB
    { 9, 13, 139, 0, 13, 15, 10509 }, // U+05DC
    { 11, 10, 182, 0, 10, 14, 10524 }, // U+05DD
    { 11, 10, 176, 0, 10, 14, 10538 }, // U+05DE
    { 4, 13, 88, 0, 10, 7, 10552 }, // U+05DF
    { 6, 10, 101, 0, 10, 8, 10559 }, // U+05E0
    { 10, 10, 172, 0, 10, 13, 10567 }, // U+05E1
    { 10, 12, 158, 0, 11, 15, 10580 }, // U+05E2
    { 10, 13, 165, 0, 10, 17, 10595 }, // U+05E3
    { 10, 10, 160, 0, 10, 13, 10612 }, // U+05E4
    { 9, 13, 141, 0, 10, 15, 10625 }, // U+05E5
    { 9, 10, 148, 0, 10, 12, 10640 }, // U+05E6
    { 9, 13, 167, 1, 10, 15, 10652 }, // U+05E7
    { 8, 10, 140, 0, 10, 10, 10667 }, // U+05E8
    { 11, 10, 195, 1, 10, 14, 10677 }, // U+05E9
    { 11, 10, 183, 0, 10, 14, 10691 }, // U+05EA
    { 3, 4, 87, 1, 4, 2, 10705 }, // U+060C
    { 3, 9, 92, 1, 9, 4, 10707 }, // U+061B
    { 8, 12, 116, 0, 12, 12, 10711 }, // U+061F
    { 7, 9, 110, 0, 7, 8, 10723 }, // U+0621
    { 6, 2, 72, 0, 2, 2, 10731 }, // U+0640
    { 4, 4, 153, 3, 7, 2, 10733 }, // U+0660
    { 4, 13, 153, 3, 12, 7, 10735 }, // U+0661
    { 7, 13, 153, 1, 12, 12, 10742 }, // U+0662
    { 10, 13, 153, 0, 12, 17, 10754 }, // U+0663
    { 8, 12, 153, 1, 12, 12, 10771 }, // U+0664
    { 8, 10, 153, 1, 10, 10, 10783 }, // U+0665
    { 8, 12, 153, 1, 12, 12, 10793 }, // U+0666
    { 10, 13, 153, 0, 12, 17, 10805 }, // U+0667
    { 10, 13, 153, 0, 12, 17, 10822 }, // U+0668
    { 8, 13, 153, 1, 13, 13, 10839 }, // U+0669
    { 12, 10, 183, 0, 5, 15, 10852 }, // U+06BA
    { 5, 2, 80, 0, 2, 2, 10867 }, // U+06D4
    { 4, 4, 153, 3, 7, 2, 10869 }, // U+06F0
    { 4, 13, 153, 3, 12, 7, 10871 }, // U+06F1
    { 7, 13, 153, 1, 12, 12, 10878 }, // U+06F2
    { 10, 13, 153, 0, 12, 17, 10890 }, // U+06F3
    { 7, 12, 153, 1, 12, 11, 10907 }, // U+06F4
    { 9, 12, 153, 1, 12, 14, 10918 }, // U+06F5
    { 7, 13, 153, 2, 12, 12, 10932 }, // U+06F6
    { 10, 13, 153, 0, 12, 17, 10944 }, // U+06F7
    { 10, 13, 153, 0, 12, 17, 10961 }, // U+06F8
    { 8, 13, 153, 1, 13, 13, 10978 }, // U+06F9
    { 9, 9, 160, 1, 9, 11, 10991 }, // U+0E01
    { 8, 9, 146, 1, 9, 9, 11002 }, // U+0E02
    { 8, 9, 146, 1, 9, 9, 11011 }, // U+0E03
    { 9, 9, 164, 1, 9, 11, 11020 }, // U+0E04
    { 9, 9, 166, 1, 9, 11, 11031 }, // U+0E05
    { 9, 9, 160, 1, 9, 11, 11042 }, // U+0E06
    { 9, 9, 143, 0, 9, 11, 11053 }, // U+0E07
    { 9, 9, 142, 0, 9, 11, 11064 }, // U+0E08
    { 9, 9, 161, 1, 9, 11, 11075 }, // U+0E09
    { 8, 9, 147, 1, 9, 9, 11086 }, // U+0E0A
    { 8, 9, 148, 1, 9, 9, 11095 }, // U+0E0B
    { 14, 9, 242, 0, 9, 16, 11104 }, // U+0E0C
    { 14, 12, 242, 0, 9, 21, 11120 }, // U+0E0D
    { 10, 12, 161, -1, 9, 15, 11141 }, // U+0E0E
    { 10, 12, 161, 0, 9, 15, 11156 }, // U+0E0F
    { 9, 13, 146, 0, 10, 15, 11171 }, // U+0E10
    { 10, 9, 167, 0, 9, 12, 11186 }, // U+0E11
    { 15, 9, 241, 0, 9, 17, 11198 }, // U+0E12
    { 14, 9, 242, 0, 9, 16, 11215 }, // U+0E13
    { 9, 9, 164, 0, 9, 11, 11231 }, // U+0E14
    { 10, 9, 170, 0, 9, 12, 11242 }, // U+0E15
    { 9, 9, 161, 0, 9, 11, 11254 }, // U+0E16
    { 9, 9, 162, 1, 9, 11, 11265 }, // U+0E17
    { 9, 9, 145, 0, 9, 11, 11276 }, // U+0E18
    { 9, 9, 164, 1, 9, 11, 11287 }, // U+0E19
    { 9, 9, 161, 1, 9, 11, 11298 }, // U+0E1A
    { 9, 12, 161, 1, 12, 14, 11309 }, // U+0E1B
    { 9, 9, 173, 1, 9, 11, 11323 }, // U+0E1C
    { 9, 12, 174, 1, 12, 14, 11334 }, // U+0E1D
    { 11, 9, 185, 0, 9, 13, 11348 }, // U+0E1E
    { 12, 12, 182, 0, 12, 18, 11361 }, // U+0E1F
    { 10, 9, 161, -1, 9, 12, 11379 }, // U+0E20
    { 9, 9, 164, 1, 9, 11, 11391 }, // U+0E21
    { 9, 9, 158, 1, 9, 11, 11402 }, // U+0E22
    { 8, 9, 130, 0, 9, 9, 11413 }, // U+0E23
    { 9, 12, 161, 0, 9, 14, 11422 }, // U+0E24
    { 9, 9, 152, 0, 9, 11, 11436 }, // U+0E25
    { 10, 12, 161, -1, 9, 15, 11447 }, // U+0E26
    { 8, 9, 131, 0, 9, 9, 11462 }, // U+0E27
    { 9, 9, 168, 1, 9, 11, 11471 }, // U+0E28
    { 10, 9, 171, 1, 9, 12, 11482 }, // U+0E29
    { 9, 10, 153, 0, 10, 12, 11494 }, // U+0E2A
    { 9, 9, 157, 1, 9, 11, 11506 }, // U+0E2B
    { 12, 12, 178, 0, 12, 18, 11517 }, // U+0E2C
    { 9, 9, 153, 0, 9, 11, 11535 }, // U+0E2D
    { 9, 10, 149, 0, 10, 12, 11546 }, // U+0E2E
    { 8, 9, 138, 0, 9, 9, 11558 }, // U+0E2F
    { 5, 8, 90, 1, 8, 5, 11567 }, // U+0E30
    { 7, 4, 0, -6, 13, 4, 11572 }, // U+0E31
    { 7, 9, 108, -1, 9, 8, 11576 }, // U+0E32
    { 11, 13, 108, -5, 13, 18, 11584 }, // U+0E33
    { 8, 2, 0, -9, 11, 2, 11602 }, // U+0E34
    { 9, 4, 0, -9, 13, 5, 11604 }, // U+0E35
    { 8, 4, 0, -9, 13, 4, 11609 }, // U+0E36
    { 8, 4, 0, -9, 13, 4, 11613 }, // U+0E37
    { 4, 3, 0, -4, -1, 2, 11617 }, // U+0E38
    { 6, 4, 0, -6, 0, 3, 11619 }, // U+0E39
    { 3, 3, 0, -3, 0, 2, 11622 }, // U+0E3A
    { 9, 13, 156, 1, 12, 15, 11624 }, // U+0E3F
    { 4, 9, 79, 1, 9, 5, 11639 }, // U+0E40
    { 9, 9, 152, 1, 9, 11, 11644 }, // U+0E41
    { 6, 13, 82, 0, 13, 10, 11655 }, // U+0E42
    { 6, 13, 77, 0, 13, 10, 11665 }, // U+0E43
    { 6, 13, 81, -1, 13, 10, 11675 }, // U+0E44
    { 7, 12, 108, -1, 9, 11, 11685 }, // U+0E45
    { 9, 12, 159, 1, 9, 14, 11696 }, // U+0E46
    { 7, 4, 0, -8, 14, 4, 11710 }, // U+0E47
    { 3, 3, 0, -4, 13, 2, 11714 }, // U+0E48
    { 6, 4, 0, -6, 13, 3, 11716 }, // U+0E49
    { 8, 5, 0, -8, 14, 5, 11719 }, // U+0E4A
    { 5, 5, 0, -6, 15, 4, 11724 }, // U+0E4B
    { 5, 3, 0, -4, 12, 2, 11728 }, // U+0E4C
    { 5, 4, 0, -5, 13, 3, 11730 }, // U+0E4D
    { 4, 4, 0, -4, 13, 2, 11733 }, // U+0E4E
    { 9, 8, 159, 0, 8, 9, 11735 }, // U+0E4F
    { 9, 8, 152, 0, 8, 9, 11744 }, // U+0E50
    { 9, 8, 145, 0, 8, 9, 11753 }, // U+0E51
    { 10, 10, 164, 0, 10, 13, 11762 }, // U+0E52
    { 9, 8, 149, 0, 8, 9, 11775 }, // U+0E53
    { 9, 10, 144, 0, 10, 12, 11784 }, // U+0E54
    { 9, 10, 144, 0, 10, 12, 11796 }, // U+0E55
    { 9, 9, 139, 0, 9, 11, 11808 }, // U+0E56
    { 11, 10, 192, 0, 10, 14, 11819 }, // U+0E57
    { 9, 10, 151, 0, 10, 12, 11833 }, // U+0E58
    { 9, 10, 134, 0, 10, 12, 11845 }, // U+0E59
    { 12, 9, 205, 0, 9, 14, 11857 }, // U+0E5A
    { 14, 6, 233, 0, 6, 11, 11871 }, // U+0E5B
    { 11, 15, 170, 0, 12, 21, 11882 }, // U+1EA0
    { 8, 12, 150, 1, 9, 12, 11903 }, // U+1EA1
    { 12, 18, 170, 0, 18, 27, 11915 }, // U+1EA2
    { 8, 15, 150, 1, 15, 15, 11942 }, // U+1EA3
    { 11, 17, 170, 0, 17, 24, 11957 }, // U+1EA4
    { 9, 14, 150, 1, 14, 16, 11981 }, // U+1EA5
    { 11, 17, 170, 0, 17, 24, 11997 }, // U+1EA6
    { 9, 14, 150, 0, 14, 16, 12021 }, // U+1EA7
    { 12, 18, 170, -1, 18, 27, 12037 }, // U+1EA8
    { 8, 16, 150, 1, 16, 16, 12064 }, // U+1EA9
    { 11, 18, 170, 0, 18, 25, 12080 }, // U+1EAA
    { 8, 16, 150, 1, 16, 16, 12105 }, // U+1EAB
    { 11, 19, 170, 0, 16, 27, 12121 }, // U+1EAC
    { 8, 16, 150, 1, 13, 16, 12148 }, // U+1EAD
    { 11, 17, 170, 0, 17, 24, 12164 }, // U+1EAE
    { 8, 15, 150, 1, 15, 15, 12188 }, // U+1EAF
    { 11, 17, 170, 0, 17, 24, 12203 }, // U+1EB0
    { 8, 15, 150, 1, 15, 15, 12227 }, // U+1EB1
    { 12, 18, 170, 0, 18, 27, 12242 }, // U+1EB2
    { 8, 16, 150, 1, 16, 16, 12269 }, // U+1EB3
    { 11, 18, 170, 0, 18, 25, 12285 }, // U+1EB4
    { 8, 16, 150, 1, 16, 16, 12310 }, // U+1EB5
    { 11, 19, 170, -1, 16, 27, 12326 }, // U+1EB6
    { 8, 16, 150, 1, 13, 16, 12353 }, // U+1EB7
    { 7, 15, 148, 2, 12, 14, 12369 }, // U+1EB8
    { 8, 12, 150, 1, 9, 12, 12383 }, // U+1EB9
    { 8, 18, 148, 2, 18, 18, 12395 }, // U+1EBA
    { 8, 15, 150, 1, 15, 15, 12413 }, // U+1EBB
    { 7, 16, 148, 2, 16, 14, 12428 }, // U+1EBC
    { 8, 13, 150, 1, 13, 13, 12442 }, // U+1EBD
    { 8, 17, 148, 2, 17, 17, 12455 }, // U+1EBE
    { 9, 14, 150, 1, 14, 16, 12472 }, // U+1EBF
    { 8, 17, 148, 1, 17, 17, 12488 }, // U+1EC0
    { 9, 14, 150, 0, 14, 16, 12505 }, // U+1EC1
    { 8, 18, 148, 2, 18, 18, 12521 }, // U+1EC2
    { 8, 16, 150, 1, 16, 16, 12539 }, // U+1EC3
    { 7, 18, 148, 2, 18, 16, 12555 }, // U+1EC4
    { 8, 16, 150, 1, 16, 16, 12571 }, // U+1EC5
    { 7, 19, 148, 2, 16, 17, 12587 }, // U+1EC6
    { 8, 16, 150, 1, 13, 16, 12604 }, // U+1EC7
    { 4, 17, 90, 1, 17, 9, 12620 }, // U+1EC8
    { 4, 15, 69, 0, 15, 8, 12629 }, // U+1EC9
    { 4, 15, 90, 1, 12, 8, 12637 }, // U+1ECA
    { 2, 15, 69, 1, 12, 4, 12645 }, // U+1ECB
    { 11, 15, 208, 1, 12, 21, 12649 }, // U+1ECC
    { 9, 12, 161, 1, 9, 14, 12670 }, // U+1ECD
    { 11, 18, 208, 1, 18, 25, 12684 }, // U+1ECE
    { 9, 15, 161, 1, 15, 17, 12709 }, // U+1ECF
    { 11, 17, 208, 1, 17, 24, 12726 }, // U+1ED0
    { 9, 14, 161, 1, 14, 16, 12750 }, // U+1ED1
    { 11, 17, 208, 1, 17, 24, 12766 }, // U+1ED2
    { 10, 14, 161, 0, 14, 18, 12790 }, // U+1ED3
    { 11, 18, 208, 1, 18, 25, 12808 }, // U+1ED4
    { 8, 16, 161, 1, 16, 16, 12833 }, // U+1ED5
    { 11, 18, 208, 1, 18, 25, 12849 }, // U+1ED6
    { 9, 16, 161, 1, 16, 18, 12874 }, // U+1ED7
    { 11, 19, 208, 1, 16, 27, 12892 }, // U+1ED8
    { 9, 16, 161, 1, 13, 18, 12919 }, // U+1ED9
    { 13, 16, 209, 1, 16, 26, 12937 }, // U+1EDA
    { 11, 13, 164, 1, 13, 18, 12963 }, // U+1EDB
    { 13, 16, 209, 1, 16, 26, 12981 }, // U+1EDC
    { 11, 13, 164, 1, 13, 18, 13007 }, // U+1EDD
    { 13, 18, 209, 1, 18, 30, 13025 }, // U+1EDE
    { 11, 14, 164, 1, 14, 20, 13055 }, // U+1EDF
    { 13, 16, 209, 1, 16, 26, 13075 }, // U+1EE0
    { 11, 13, 164, 1, 13, 18, 13101 }, // U+1EE1
    { 13, 15, 209, 1, 12, 25, 13119 }, // U+1EE2
    { 11, 14, 164, 1, 11, 20, 13144 }, // U+1EE3
    { 9, 15, 195, 1, 12, 17, 13164 }, // U+1EE4
    { 8, 12, 165, 1, 9, 12, 13181 }, // U+1EE5
    { 9, 18, 195, 1, 18, 21, 13193 }, // U+1EE6
    { 8, 15, 165, 1, 15, 15, 13214 }, // U+1EE7
    { 13, 16, 208, 1, 16, 26, 13229 }, // U+1EE8
    { 11, 14, 180, 1, 14, 20, 13255 }, // U+1EE9
    { 13, 16, 208, 1, 16, 26, 13275 }, // U+1EEA
    { 11, 14, 180, 1, 14, 20, 13301 }, // U+1EEB
    { 13, 18, 208, 1, 18, 30, 13321 }, // U+1EEC
    { 11, 14, 180, 1, 14, 20, 13351 }, // U+1EED
    { 13, 16, 208, 1, 16, 26, 13371 }, // U+1EEE
    { 11, 14, 180, 1, 14, 20, 13397 }, // U+1EEF
    { 13, 15, 208, 1, 12, 25, 13417 }, // U+1EF0
    { 11, 13, 180, 1, 10, 18, 13442 }, // U+1EF1
    { 10, 16, 151, 0, 16, 20, 13460 }, // U+1EF2
    { 10, 17, 136, -1, 13, 22, 13480 }, // U+1EF3
    { 10, 15, 151, 0, 12, 19, 13502 }, // U+1EF4
    { 9, 13, 136, 0, 9, 15, 13521 }, // U+1EF5
    { 10, 17, 151, 0, 17, 22, 13536 }, // U+1EF6
    { 9, 19, 136, 0, 15, 22, 13558 }, // U+1EF7
    { 10, 16, 151, 0, 16, 20, 13580 }, // U+1EF8
    { 10, 17, 136, -1, 13, 22, 13600 }, // U+1EF9
    { 0, 0, 133, 0, 0, 0, 13622 }, // U+2000
    { 0, 0, 267, 0, 0, 0, 13622 }, // U+2001
    { 0, 0, 133, 0, 0, 0, 13622 }, // U+2002
    { 0, 0, 267, 0, 0, 0, 13622 }, // U+2003
    { 0, 0, 89, 0, 0, 0, 13622 }, // U+2004
    { 0, 0, 67, 0, 0, 0, 13622 }, // U+2005
    { 0, 0, 45, 0, 0, 0, 13622 }, // U+2006
    { 0, 0, 153, 0, 0, 0, 13622 }, // U+2007
    { 0, 0, 71, 0, 0, 0, 13622 }, // U+2008
    { 0, 0, 44, 0, 0, 0, 13622 }, // U+2009
    { 0, 0, 27, 0, 0, 0, 13622 }, // U+200A
    { 0, 0, 0, 0, 0, 0, 13622 }, // U+200B
    { 0, 0, 0, 0, 0, 0, 13622 }, // U+200C
    { 0, 0, 0, 0, 0, 0, 13622 }, // U+200D
    { 5, 15, 0, 0, 12, 10, 13622 }, // U+200E
    { 5, 15, 0, -4, 12, 10, 13632 }, // U+200F
    { 4, 3, 86, 1, 6, 2, 13642 }, // U+2010
    { 4, 3, 86, 1, 6, 2, 13644 }, // U+2011
    { 8, 3, 153, 1, 7, 3, 13646 }, // U+2012
    { 7, 3, 133, 1, 6, 3, 13649 }, // U+2013
    { 15, 3, 267, 1, 6, 6, 13652 }, // U+2014
    { 15, 3, 267, 1, 6, 6, 13658 }, // U+2015
    { 5, 16, 147, 2, 12, 10, 13664 }, // U+2016
    { 7, 4, 110, 0, -1, 4, 13674 }, // U+2017
    { 3, 4, 47, 0, 12, 2, 13678 }, // U+2018
    { 3, 4, 47, 0, 12, 2, 13680 }, // U+2019
    { 4, 4, 67, 0, 2, 2, 13682 }, // U+201A
    { 3, 4, 47, 0, 12, 2, 13684 }, // U+201B
    { 6, 4, 96, 0, 12, 3, 13686 }, // U+201C
    { 6, 4, 96, 0, 12, 3, 13689 }, // U+201D
    { 7, 4, 111, 0, 2, 4, 13692 }, // U+201E
    { 6, 4, 96, 0, 12, 3, 13696 }, // U+201F
    { 8, 12, 137, 1, 12, 12, 13699 }, // U+2020
    { 7, 12, 137, 1, 12, 11, 13711 }, // U+2021
    { 4, 4, 100, 1, 8, 2, 13722 }, // U+2022
    { 5, 6, 98, 1, 9, 4, 13724 }, // U+2023
    { 2, 3, 133, 3, 3, 1, 13728 }, // U+2024
    { 7, 3, 143, 1, 3, 3, 13729 }, // U+2025
    { 11, 3, 211, 1, 3, 5, 13732 }, // U+2026
    { 2, 3, 71, 1, 6, 1, 13737 }, // U+2027
    { 0, 0, 160, 0, 0, 0, 13738 }, // U+2028
    { 0, 0, 160, 0, 0, 0, 13738 }, // U+2029
    { 5, 14, 0, 0, 11, 9, 13738 }, // U+202A
    { 5, 14, 0, -4, 11, 9, 13747 }, // U+202B
    { 4, 13, 0, -2, 11, 7, 13756 }, // U+202C
    { 5, 15, 0, -2, 12, 10, 13763 }, // U+202D
    { 5, 15, 0, -2, 12, 10, 13773 }, // U+202E
    { 0, 0, 44, 0, 0, 0, 13783 }, // U+202F
    { 18, 12, 314, 1, 12, 27, 13783 }, // U+2030
    { 25, 12, 412, 1, 12, 38, 13810 }, // U+2031
    { 5, 4, 62, 0, 12, 3, 13848 }, // U+2032
    { 8, 4, 109, 0, 12, 4, 13851 }, // U+2033
    { 11, 4, 156, 0, 12, 6, 13855 }, // U+2034
    { 5, 4, 62, -1, 12, 3, 13861 }, // U+2035
    { 7, 4, 117, -1, 12, 4, 13864 }, // U+2036
    { 10, 4, 161, -1, 12, 5, 13868 }, // U+2037
    { 7, 6, 106, 0, 2, 6, 13873 }, // U+2038
    { 4, 8, 83, 1, 8, 4, 13879 }, // U+2039
    { 4, 8, 83, 1, 8, 4, 13883 }, // U+203A
    { 13, 12, 223, 1, 12, 20, 13887 }, // U+203B
    { 6, 12, 133, 1, 12, 9, 13907 }, // U+203C
    { 7, 12, 118, 0, 12, 11, 13916 }, // U+203D
    { 8, 3, 133, 0, 15, 3, 13927 }, // U+203E
    { 10, 4, 162, 0, 0, 5, 13930 }, // U+203F
    { 10, 5, 162, 0, 14, 7, 13935 }, // U+2040
    { 6, 11, 100, 0, 7, 9, 13942 }, // U+2041
    { 19, 15, 298, 0, 12, 36, 13951 }, // U+2042
    { 4, 3, 86, 1, 6, 2, 13987 }, // U+2043
    { 10, 12, 35, -4, 12, 15, 13989 }, // U+2044
    { 4, 15, 86, 1, 12, 8, 14004 }, // U+2045
    { 5, 15, 86, 0, 12, 10, 14012 }, // U+2046
    { 14, 12, 228, 0, 12, 21, 14022 }, // U+2047
    { 10, 12, 181, 0, 12, 15, 14043 }, // U+2048
    { 10, 12, 182, 1, 12, 15, 14058 }, // U+2049
    { 8, 9, 153, 1, 9, 9, 14073 }, // U+204A
    { 8, 15, 175, 2, 12, 15, 14082 }, // U+204B
    { 9, 9, 170, 1, 9, 11, 14097 }, // U+204C
    { 8, 9, 170, 1, 9, 9, 14108 }, // U+204D
    { 9, 8, 147, 0, 4, 9, 14117 }, // U+204E
    { 3, 11, 63, 1, 9, 5, 14126 }, // U+204F
    { 10, 17, 161, 0, 13, 22, 14131 }, // U+2050
    { 9, 16, 147, 0, 12, 18, 14153 }, // U+2051
    { 7, 12, 99, 0, 12, 11, 14171 }, // U+2052
    { 15, 3, 267, 1, 6, 6, 14182 }, // U+2053
    { 10, 5, 161, 0, 1, 7, 14188 }, // U+2054
    { 8, 8, 153, 1, 8, 8, 14195 }, // U+2055
    { 7, 12, 138, 1, 12, 11, 14203 }, // U+2056
    { 13, 4, 198, 0, 12, 7, 14214 }, // U+2057
    { 12, 12, 219, 1, 12, 18, 14221 }, // U+2058
    { 12, 12, 221, 1, 12, 18, 14239 }, // U+2059
    { 2, 12, 59, 1, 12, 3, 14257 }, // U+205A
    { 9, 12, 174, 1, 12, 14, 14260 }, // U+205B
    { 12, 12, 212, 1, 12, 18, 14274 }, // U+205C
    { 2, 12, 71, 1, 12, 3, 14292 }, // U+205D
    { 2, 12, 71, 1, 12, 3, 14295 }, // U+205E
    { 0, 0, 59, 0, 0, 0, 14298 }, // U+205F
    { 0, 0, 160, 0, 0, 0, 14298 }, // U+2060
    { 0, 0, 160, 0, 0, 0, 14298 }, // U+2061
    { 0, 0, 160, 0, 0, 0, 14298 }, // U+2062
    { 0, 0, 160, 0, 0, 0, 14298 }, // U+2063
    { 0, 0, 160, 0, 0, 0, 14298 }, // U+2064
    { 0, 0, 0, 0, 0, 0, 14298 }, // U+2066
    { 0, 0, 0, 0, 0, 0, 14298 }, // U+2067
    { 0, 0, 0, 0, 0, 0, 14298 }, // U+2068
    { 0, 0, 0, 0, 0, 0, 14298 }, // U+2069
    { 5, 15, 0, -2, 12, 10, 14298 }, // U+206A
    { 5, 15, 0, -2, 12, 10, 14308 }, // U+206B
    { 5, 14, 0, -2, 12, 9, 14318 }, // U+206C
    { 5, 14, 0, -2, 12, 9, 14327 }, // U+206D
    { 5, 14, 0, -2, 12, 9, 14336 }, // U+206E
    { 5, 15, 0, -2, 12, 10, 14345 }, // U+206F
    { 5, 7, 93, 0, 14, 5, 14355 }, // U+2070
    { 2, 7, 45, 0, 12, 2, 14360 }, // U+2071
    { 6, 7, 93, 0, 14, 6, 14362 }, // U+2074
    { 5, 7, 93, 0, 14, 5, 14368 }, // U+2075
    { 5, 7, 93, 0, 14, 5, 14373 }, // U+2076
    { 5, 7, 93, 0, 14, 5, 14378 }, // U+2077
    { 5, 7, 93, 0, 14, 5, 14383 }, // U+2078
    { 5, 7, 93, 0, 14, 5, 14388 }, // U+2079
    { 5, 4, 90, 0, 12, 3, 14393 }, // U+207A
    { 6, 1, 90, 0, 10, 1, 14396 }, // U+207B
    { 6, 3, 90, 0, 11, 3, 14397 }, // U+207C
    { 3, 9, 60, 1, 15, 4, 14400 }, // U+207D
    { 3, 9, 60, 0, 15, 4, 14404 }, // U+207E
    { 5, 5, 107, 1, 10, 4, 14408 }, // U+207F
    { 5, 7, 93, 0, 5, 5, 14412 }, // U+2080
    { 4, 7, 93, 0, 5, 4, 14417 }, // U+2081
    { 5, 7, 93, 1, 5, 5, 14421 }, // U+2082
    { 5, 7, 93, 0, 5, 5, 14426 }, // U+2083
    { 6, 7, 93, 1, 5, 6, 14431 }, // U+2084
    { 5, 7, 93, 0, 5, 5, 14437 }, // U+2085
    { 5, 7, 93, 0, 5, 5, 14442 }, // U+2086
    { 5, 7, 93, 1, 5, 5, 14447 }, // U+2087
    { 5, 7, 93, 0, 5, 5, 14452 }, // U+2088
    { 5, 7, 93, 0, 5, 5, 14457 }, // U+2089
    { 5, 5, 90, 0, 3, 4, 14462 }, // U+208A
    { 6, 1, 90, 0, 2, 1, 14466 }, // U+208B
    { 6, 3, 90, 0, 3, 3, 14467 }, // U+208C
    { 3, 9, 60, 1, 6, 4, 14470 }, // U+208D
    { 3, 9, 60, 0, 6, 4, 14474 }, // U+208E
    { 5, 6, 97, 0, 4, 4, 14478 }, // U+2090
    { 5, 6, 98, 1, 4, 4, 14482 }, // U+2091
    { 5, 6, 105, 1, 4, 4, 14486 }, // U+2092
    { 6, 6, 92, 0, 4, 5, 14490 }, // U+2093
    { 5, 6, 98, 1, 4, 4, 14495 }, // U+2094
    { 5, 8, 107, 1, 6, 5, 14499 }, // U+2095
    { 5, 8, 93, 1, 6, 5, 14504 }, // U+2096
    { 1, 8, 45, 1, 6, 1, 14509 }, // U+2097
    { 9, 6, 162, 1, 4, 7, 14510 }, // U+2098
    { 5, 6, 107, 1, 4, 4, 14517 }, // U+2099
    { 5, 8, 107, 1, 4, 5, 14521 }, // U+209A
    { 4, 6, 83, 1, 4, 3, 14526 }, // U+209B
    { 4, 7, 63, 0, 5, 4, 14529 }, // U+209C
    { 9, 12, 153, 1, 12, 14, 14533 }, // U+20A0
    { 9, 14, 153, 1, 12, 16, 14547 }, // U+20A1
    { 8, 12, 153, 1, 12, 12, 14563 }, // U+20A2
    { 8, 12, 153, 1, 12, 12, 14575 }, // U+20A3
    { 8, 12, 153, 1, 12, 12, 14587 }, // U+20A4
    { 13, 13, 249, 1, 11, 22, 14599 }, // U+20A5
    { 9, 12, 153, 1, 12, 14, 14621 }, // U+20A6
    { 12, 12, 207, 1, 12, 18, 14635 }, // U+20A7
    { 12, 12, 222, 1, 12, 18, 14653 }, // U+20A8
    { 11, 12, 179, 1, 12, 17, 14671 }, // U+20A9
    { 11, 12, 213, 1, 12, 17, 14688 }, // U+20AA
    { 9, 15, 165, 1, 12, 17, 14705 }, // U+20AB
    { 9, 12, 153, 1, 12, 14, 14722 }, // U+20AC
    { 9, 12, 153, 1, 12, 14, 14736 }, // U+20AD
    { 9, 12, 153, 1, 12, 14, 14750 }, // U+20AE
    { 16, 16, 259, 0, 12, 32, 14764 }, // U+20AF
    { 9, 16, 153, 0, 12, 18, 14796 }, // U+20B0
    { 10, 12, 153, 0, 12, 15, 14814 }, // U+20B1
    { 10, 14, 194, 1, 12, 18, 14829 }, // U+20B2
    { 12, 12, 162, 0, 12, 18, 14847 }, // U+20B3
    { 9, 12, 146, 1, 12, 14, 14865 }, // U+20B4
    { 9, 13, 169, 1, 12, 15, 14879 }, // U+20B5
    { 11, 11, 166, 0, 11, 16, 14894 }, // U+20B6
    { 11, 13, 194, 1, 12, 18, 14910 }, // U+20B7
    { 9, 12, 146, 1, 12, 14, 14928 }, // U+20B8
    { 7, 14, 153, 1, 14, 13, 14942 }, // U+20B9
    { 9, 12, 153, 0, 12, 14, 14955 }, // U+20BA
    { 13, 12, 208, 1, 12, 20, 14969 }, // U+20BB
    { 12, 12, 216, 1, 12, 18, 14989 }, // U+20BC
    { 10, 12, 155, 0, 12, 15, 15007 }, // U+20BD
    { 11, 12, 206, 1, 12, 17, 15022 }, // U+20BE
    { 8, 16, 153, 2, 14, 16, 15039 }, // U+20BF
    { 7, 12, 132, 1, 9, 11, 15055 }, // U+20C0
    { 8, 2, 153, 1, 7, 2, 15066 }, // U+2212
    { 11, 13, 166, 0, 12, 18, 15068 }, // U+221A
    { 13, 12, 184, 0, 12, 20, 15086 }, // U+FB00
    { 9, 12, 161, 0, 12, 14, 15106 }, // U+FB01
    { 9, 12, 161, 0, 12, 14, 15120 }, // U+FB02
    { 15, 12, 252, 0, 12, 23, 15134 }, // U+FB03
    { 15, 12, 252, 0, 12, 23, 15157 }, // U+FB04
    { 10, 12, 180, 1, 12, 15, 15180 }, // U+FB05
    { 13, 12, 224, 1, 12, 20, 15195 }, // U+FB06
    { 17, 13, 265, 0, 7, 28, 15215 }, // U+FB56
    { 20, 12, 292, 0, 6, 30, 15243 }, // U+FB57
    { 5, 13, 80, -1, 7, 9, 15273 }, // U+FB58
    { 8, 10, 99, -1, 5, 10, 15282 }, // U+FB59
    { 17, 12, 265, 0, 12, 26, 15292 }, // U+FB66
    { 20, 12, 292, 0, 12, 30, 15318 }, // U+FB67
    { 6, 14, 72, -1, 14, 11, 15348 }, // U+FB68
    { 8, 12, 99, -1, 12, 12, 15359 }, // U+FB69
    { 11, 15, 176, 0, 8, 21, 15371 }, // U+FB7A
    { 14, 15, 192, 0, 8, 27, 15392 }, // U+FB7B
    { 9, 12, 157, 0, 7, 14, 15419 }, // U+FB7C
    { 12, 12, 170, 0, 7, 18, 15433 }, // U+FB7D
    { 8, 14, 127, 0, 14, 14, 15451 }, // U+FB88
    { 10, 14, 142, 0, 14, 18, 15465 }, // U+FB89
    { 6, 16, 98, -1, 12, 12, 15483 }, // U+FB8A
    { 9, 16, 106, -1, 12, 18, 15495 }, // U+FB8B
    { 7, 17, 98, -1, 13, 15, 15513 }, // U+FB8C
    { 9, 17, 106, -1, 13, 20, 15528 }, // U+FB8D
    { 16, 13, 234, 0, 13, 26, 15548 }, // U+FB8E
    { 18, 12, 260, 0, 12, 27, 15574 }, // U+FB8F
    { 8, 12, 110, 0, 12, 12, 15601 }, // U+FB90
    { 10, 12, 136, 0, 12, 15, 15613 }, // U+FB91
    { 16, 15, 234, 0, 15, 30, 15628 }, // U+FB92
    { 18, 14, 260, 0, 14, 32, 15658 }, // U+FB93
    { 8, 14, 110, 0, 14, 14, 15690 }, // U+FB94
    { 10, 14, 136, 0, 14, 18, 15704 }, // U+FB95
    { 12, 10, 183, 0, 5, 15, 15722 }, // U+FB9E
    { 14, 10, 195, 0, 5, 18, 15737 }, // U+FB9F
    { 7, 8, 108, 0, 8, 7, 15755 }, // U+FBA6
    { 10, 6, 128, 0, 6, 8, 15762 }, // U+FBA7
    { 5, 11, 72, -1, 7, 7, 15770 }, // U+FBA8
    { 10, 8, 117, -1, 3, 10, 15777 }, // U+FBA9
    { 11, 9, 179, 0, 9, 13, 15787 }, // U+FBAA
    { 12, 12, 164, -1, 8, 18, 15800 }, // U+FBAB
    { 10, 9, 153, 0, 9, 12, 15818 }, // U+FBAC
    { 10, 12, 135, 0, 8, 15, 15830 }, // U+FBAD
    { 16, 8, 251, 0, 8, 16, 15845 }, // U+FBAE
    { 11, 7, 146, -1, 2, 10, 15861 }, // U+FBAF
    { 16, 12, 251, 0, 12, 24, 15871 }, // U+FBB0
    { 11, 12, 146, -1, 7, 17, 15895 }, // U+FBB1
    { 13, 13, 203, 0, 8, 22, 15912 }, // U+FBFC
    { 14, 9, 196, 0, 4, 16, 15934 }, // U+FBFD
    { 5, 11, 80, -1, 7, 7, 15950 }, // U+FBFE
    { 8, 9, 99, -1, 5, 9, 15957 }, // U+FBFF
    { 7, 9, 110, 0, 7, 8, 15966 }, // U+FE80
    { 6, 15, 63, -1, 15, 12, 15974 }, // U+FE81
    { 7, 16, 78, -1, 16, 14, 15986 }, // U+FE82
    { 4, 17, 63, 0, 17, 9, 16000 }, // U+FE83
    { 6, 18, 78, 0, 18, 14, 16009 }, // U+FE84
    { 7, 16, 119, 0, 12, 14, 16023 }, // U+FE85
    { 9, 16, 126, 0, 12, 18, 16037 }, // U+FE86
    { 4, 17, 63, 0, 12, 9, 16055 }, // U+FE87
    { 5, 17, 78, 0, 12, 11, 16064 }, // U+FE88
    { 13, 13, 203, 0, 8, 22, 16075 }, // U+FE89
    { 14, 14, 196, 0, 9, 25, 16097 }, // U+FE8A
    { 5, 12, 72, 0, 12, 8, 16122 }, // U+FE8B
    { 8, 11, 91, -1, 11, 11, 16130 }, // U+FE8C
    { 3, 12, 63, 1, 12, 5, 16141 }, // U+FE8D
    { 5, 12, 78, 1, 12, 8, 16146 }, // U+FE8E
    { 17, 11, 265, 0, 7, 24, 16154 }, // U+FE8F
    { 20, 10, 292, 0, 6, 25, 16178 }, // U+FE90
    { 5, 11, 72, -1, 7, 7, 16203 }, // U+FE91
    { 8, 8, 91, -1, 5, 8, 16210 }, // U+FE92
    { 7, 12, 108, 0, 12, 11, 16218 }, // U+FE93
    { 9, 12, 130, 0, 12, 14, 16229 }, // U+FE94
    { 17, 9, 265, 0, 9, 20, 16243 }, // U+FE95
    { 20, 9, 292, 0, 9, 23, 16263 }, // U+FE96
    { 5, 11, 72, 0, 11, 7, 16286 }, // U+FE97
    { 8, 9, 99, 0, 9, 9, 16293 }, // U+FE98
    { 17, 11, 265, 0, 11, 24, 16302 }, // U+FE99
    { 20, 11, 292, 0, 11, 28, 16326 }, // U+FE9A
    { 5, 12, 72, 0, 12, 8, 16354 }, // U+FE9B
    { 8, 11, 99, 0, 11, 11, 16362 }, // U+FE9C
    { 11, 15, 170, 0, 8, 21, 16373 }, // U+FE9D
    { 13, 15, 173, 0, 8, 25, 16394 }, // U+FE9E
    { 10, 11, 157, -1, 7, 14, 16419 }, // U+FE9F
    { 12, 11, 170, 0, 7, 17, 16433 }, // U+FEA0
    { 11, 15, 170, 0, 8, 21, 16450 }, // U+FEA1
    { 13, 15, 173, 0, 8, 25, 16471 }, // U+FEA2
    { 10, 7, 157, 0, 7, 9, 16496 }, // U+FEA3
    { 12, 7, 170, 0, 7, 11, 16505 }, // U+FEA4
    { 11, 18, 170, 0, 11, 25, 16516 }, // U+FEA5
    { 13, 18, 173, 0, 11, 30, 16541 }, // U+FEA6
    { 10, 10, 157, -1, 10, 13, 16571 }, // U+FEA7
    { 13, 10, 170, -1, 10, 17, 16584 }, // U+FEA8
    { 8, 8, 127, 0, 8, 8, 16601 }, // U+FEA9
    { 10, 8, 142, 0, 8, 10, 16609 }, // U+FEAA
    { 8, 12, 127, 0, 12, 12, 16619 }, // U+FEAB
    { 10, 12, 142, 0, 12, 15, 16631 }, // U+FEAC
    { 7, 10, 98, -1, 6, 9, 16646 }, // U+FEAD
    { 9, 10, 106, -1, 6, 12, 16655 }, // U+FEAE
    { 7, 14, 98, -1, 10, 13, 16667 }, // U+FEAF
    { 9, 14, 106, -1, 10, 16, 16680 }, // U+FEB0
    { 21, 12, 323, 0, 7, 32, 16696 }, // U+FEB1
    { 23, 11, 339, 0, 6, 32, 16728 }, // U+FEB2
    { 14, 7, 209, -1, 7, 13, 16760 }, // U+FEB3
    { 16, 6, 227, -1, 6, 12, 16773 }, // U+FEB4
    { 21, 17, 323, 0, 12, 45, 16785 }, // U+FEB5
    { 23, 17, 339, 0, 12, 49, 16830 }, // U+FEB6
    { 14, 12, 209, 0, 12, 21, 16879 }, // U+FEB7
    { 16, 12, 227, 0, 12, 24, 16900 }, // U+FEB8
    { 22, 11, 348, 0, 7, 31, 16924 }, // U+FEB9
    { 24, 12, 361, 0, 7, 36, 16955 }, // U+FEBA
    { 16, 7, 241, -1, 7, 14, 16991 }, // U+FEBB
    { 18, 7, 253, -1, 7, 16, 17005 }, // U+FEBC
    { 22, 15, 348, 0, 11, 42, 17021 }, // U+FEBD
    { 24, 15, 361, 0, 10, 45, 17063 }, // U+FEBE
    { 16, 11, 241, -1, 11, 22, 17108 }, // U+FEBF
    { 18, 10, 253, -1, 10, 23, 17130 }, // U+FEC0
    { 14, 12, 210, 0, 12, 21, 17153 }, // U+FEC1
    { 16, 12, 222, 0, 12, 24, 17174 }, // U+FEC2
    { 12, 12, 181, 0, 12, 18, 17198 }, // U+FEC3
    { 14, 12, 189, 0, 12, 21, 17216 }, // U+FEC4
    { 14, 12, 210, 0, 12, 21, 17237 }, // U+FEC5
    { 16, 12, 222, 0, 12, 24, 17258 }, // U+FEC6
    { 12, 12, 181, 0, 12, 18, 17282 }, // U+FEC7
    { 14, 12, 189, 0, 12, 21, 17300 }, // U+FEC8
    { 10, 17, 135, 0, 10, 22, 17321 }, // U+FEC9
    { 11, 15, 142, 0, 8, 21, 17343 }, // U+FECA
    { 9, 8, 134, 0, 8, 9, 17364 }, // U+FECB
    { 11, 8, 139, -1, 8, 11, 17373 }, // U+FECC
    { 10, 19, 135, 0, 12, 24, 17384 }, // U+FECD
    { 11, 18, 142, 0, 11, 25, 17408 }, // U+FECE
    { 8, 12, 134, 0, 12, 12, 17433 }, // U+FECF
    { 11, 11, 139, -1, 11, 16, 17445 }, // U+FED0
    { 17, 12, 262, 0, 12, 26, 17461 }, // U+FED1
    { 20, 11, 293, 0, 11, 28, 17487 }, // U+FED2
    { 8, 12, 119, -1, 12, 12, 17515 }, // U+FED3
    { 10, 11, 132, 0, 11, 14, 17527 }, // U+FED4
    { 13, 15, 206, 0, 11, 25, 17541 }, // U+FED5
    { 15, 15, 216, 0, 10, 29, 17566 }, // U+FED6
    { 8, 12, 119, -1, 12, 12, 17595 }, // U+FED7
    { 10, 11, 132, 0, 11, 14, 17607 }, // U+FED8
    { 15, 12, 235, 0, 12, 23, 17621 }, // U+FED9
    { 17, 12, 246, 0, 12, 26, 17644 }, // U+FEDA
    { 8, 12, 110, 0, 12, 12, 17670 }, // U+FEDB
    { 10, 12, 136, 0, 12, 15, 17682 }, // U+FEDC
    { 12, 16, 185, 0, 12, 24, 17697 }, // U+FEDD
    { 14, 17, 195, 0, 12, 30, 17721 }, // U+FEDE
    { 5, 12, 69, -1, 12, 8, 17751 }, // U+FEDF
    { 7, 12, 80, -1, 12, 11, 17759 }, // U+FEE0
    { 8, 14, 129, 0, 7, 14, 17770 }, // U+FEE1
    { 11, 14, 150, 0, 7, 20, 17784 }, // U+FEE2
    { 9, 7, 140, 0, 7, 8, 17804 }, // U+FEE3
    { 11, 7, 154, 0, 7, 10, 17812 }, // U+FEE4
    { 12, 14, 183, 0, 9, 21, 17822 }, // U+FEE5
    { 14, 14, 195, 0, 9, 25, 17843 }, // U+FEE6
    { 5, 11, 72, 0, 11, 7, 17868 }, // U+FEE7
    { 8, 9, 91, -1, 9, 9, 17875 }, // U+FEE8
    { 7, 8, 108, 0, 8, 7, 17884 }, // U+FEE9
    { 9, 9, 130, 0, 9, 11, 17891 }, // U+FEEA
    { 10, 9, 153, 0, 9, 12, 17902 }, // U+FEEB
    { 10, 12, 135, 0, 8, 15, 17914 }, // U+FEEC
    { 7, 11, 119, 0, 7, 10, 17929 }, // U+FEED
    { 9, 11, 126, 0, 7, 13, 17939 }, // U+FEEE
    { 13, 13, 203, 0, 8, 22, 17952 }, // U+FEEF
    { 14, 9, 196, 0, 4, 16, 17974 }, // U+FEF0
    { 13, 16, 203, 0, 8, 26, 17990 }, // U+FEF1
    { 14, 12, 196, 0, 4, 21, 18016 }, // U+FEF2
    { 5, 11, 80, -1, 7, 7, 18037 }, // U+FEF3
    { 8, 9, 99, -1, 5, 9, 18044 }, // U+FEF4
    { 11, 13, 155, -1, 13, 18, 18053 }, // U+FEF5
    { 12, 14, 160, -1, 14, 21, 18071 }, // U+FEF6
    { 10, 15, 155, -1, 15, 19, 18092 }, // U+FEF7
    { 11, 15, 160, 0, 15, 21, 18111 }, // U+FEF8
    { 9, 17, 155, 1, 12, 20, 18132 }, // U+FEF9
    { 11, 17, 160, 0, 12, 24, 18152 }, // U+FEFA
    { 10, 12, 155, 0, 12, 15, 18176 }, // U+FEFB
    { 11, 12, 160, 0, 12, 17, 18191 }, // U+FEFC
    { 16, 16, 267, 0, 13, 32, 18208 }, // U+FFFD
};

static const EpdUnicodeInterval notosans_8_regularIntervals[] = {
    { 0x0, 0x0, 0x0 },
    { 0xD, 0xD, 0x1 },
    { 0x20, 0x7E, 0x2 },
    { 0xA0, 0x17F, 0x61 },
    { 0x1A0, 0x1A1, 0x141 },
    { 0x1AF, 0x1B0, 0x143 },
    { 0x1C4, 0x21F, 0x145 },
    { 0x300, 0x36F, 0x1A1 },
    { 0x400, 0x4FF, 0x211 },
    { 0x5D0, 0x5EA, 0x311 },
    { 0x60C, 0x60C, 0x32C },
    { 0x61B, 0x61B, 0x32D },
    { 0x61F, 0x61F, 0x32E },
    { 0x621, 0x621, 0x32F },
    { 0x640, 0x640, 0x330 },
    { 0x660, 0x669, 0x331 },
    { 0x6BA, 0x6BA, 0x33B },
    { 0x6D4, 0x6D4, 0x33C },
    { 0x6F0, 0x6F9, 0x33D },
    { 0xE01, 0xE3A, 0x347 },
    { 0xE3F, 0xE5B, 0x381 },
    { 0x1EA0, 0x1EF9, 0x39E },
    { 0x2000, 0x2064, 0x3F8 },
    { 0x2066, 0x2071, 0x45D },
    { 0x2074, 0x208E, 0x469 },
    { 0x2090, 0x209C, 0x484 },
    { 0x20A0, 0x20C0, 0x491 },
    { 0x2212, 0x2212, 0x4B2 },
    { 0x221A, 0x221A, 0x4B3 },
    { 0xFB00, 0xFB06, 0x4B4 },
    { 0xFB56, 0xFB59, 0x4BB },
    { 0xFB66, 0xFB69, 0x4BF },
    { 0xFB7A, 0xFB7D, 0x4C3 },
    { 0xFB88, 0xFB95, 0x4C7 },
    { 0xFB9E, 0xFB9F, 0x4D5 },
    { 0xFBA6, 0xFBB1, 0x4D7 },
    { 0xFBFC, 0xFBFF, 0x4E3 },
    { 0xFE80, 0xFEFC, 0x4E7 },
    { 0xFFFD, 0xFFFD, 0x564 },
};

static const uint16_t notosans_8_regularKernLeftCodepoints[] = {
    0x0022, 0x0026, 0x0027, 0x0028, 0x002C, 0x002D, 0x002E, 0x003A, 0x0041, 0x0042, 0x0043, 0x0044,
    0x0045, 0x0046, 0x004B, 0x004C, 0x004F, 0x0050, 0x0051, 0x0052, 0x0054, 0x0055, 0x0056, 0x0057,
    0x0058, 0x0059, 0x005A, 0x005B, 0x005F, 0x0061, 0x0062, 0x0063, 0x0065, 0x0066, 0x0068, 0x006D,
    0x006E, 0x006F, 0x0070, 0x0072, 0x0074, 0x0076, 0x0077, 0x0078, 0x0079, 0x007B, 0x00A1, 0x00AB,
    0x00BB, 0x00BF, 0x00C0, 0x00C1, 0x00C2, 0x00C3, 0x00C4, 0x00C5, 0x00C6, 0x00C7, 0x00C8, 0x00C9,
    0x00CA, 0x00CB, 0x00D0, 0x00D2, 0x00D3, 0x00D4, 0x00D5, 0x00D6, 0x00D8, 0x00D9, 0x00DA, 0x00DB,
    0x00DC, 0x00DD, 0x00DE, 0x00E0, 0x00E1, 0x00E2, 0x00E3, 0x00E4, 0x00E5, 0x00E6, 0x00E8, 0x00E9,
    0x00EA, 0x00EB, 0x00EE, 0x00EF, 0x00F0, 0x00F2, 0x00F3, 0x00F4, 0x00F5, 0x00F6, 0x00F8, 0x00FD,
    0x00FE, 0x00FF, 0x0100, 0x0101, 0x0102, 0x0103, 0x0104, 0x0105, 0x0106, 0x0108, 0x010A, 0x010C,
    0x010E, 0x010F, 0x0110, 0x0112, 0x0113, 0x0114, 0x0115, 0x0116, 0x0117, 0x0118, 0x0119, 0x011A,
    0x011B, 0x0125, 0x0129, 0x012B, 0x012E, 0x0136, 0x0138, 0x0139, 0x013B, 0x013D, 0x013E, 0x013F,
    0x0141, 0x0144, 0x0146, 0x0149, 0x014B, 0x014C, 0x014D, 0x014E, 0x014F, 0x0150, 0x0151, 0x0152,
    0x0153, 0x0155, 0x0157, 0x0159, 0x0162, 0x0163, 0x0164, 0x0165, 0x0166, 0x0167, 0x0168, 0x016A,
    0x016C, 0x016E, 0x0170, 0x0172, 0x0174, 0x0175, 0x0176, 0x0177, 0x0178, 0x0179, 0x017B, 0x017D,
    0x01A0, 0x01A1, 0x01AF, 0x01B0, 0x01FA, 0x01FB, 0x01FC, 0x01FD, 0x01FE, 0x020B, 0x021A, 0x021B,
    0x0400, 0x0401, 0x0402, 0x0403, 0x0404, 0x0405, 0x0409, 0x040A, 0x040B, 0x040C, 0x040E, 0x0410,
    0x0411, 0x0412, 0x0413, 0x0414, 0x0415, 0x0416, 0x0417, 0x041A, 0x041E, 0x0420, 0x0421, 0x0422,
    0x0423, 0x0424, 0x0425, 0x0426, 0x0429, 0x042A, 0x042C, 0x042D, 0x042E, 0x0430, 0x0431, 0x0432,
    0x0433, 0x0434, 0x0435, 0x0436, 0x0437, 0x0438, 0x0439, 0x043A, 0x043B, 0x043C, 0x043D, 0x043E,
    0x043F, 0x0440, 0x0441, 0x0442, 0x0443, 0x0444, 0x0445, 0x0446, 0x0447, 0x0448, 0x0449, 0x044A,
    0x044B, 0x044C, 0x044D, 0x044E, 0x044F, 0x0450, 0x0451, 0x0452, 0x0453, 0x0454, 0x0455, 0x0457,
    0x0458, 0x0459, 0x045A, 0x045B, 0x045C, 0x045D, 0x045E, 0x045F, 0x0460, 0x0461, 0x0462, 0x0463,
    0x0464, 0x0465, 0x0466, 0x0467, 0x0468, 0x0469, 0x046E, 0x0471, 0x0472, 0x0473, 0x0474, 0x0475,
    0x0476, 0x0477, 0x0478, 0x0479, 0x047A, 0x047B, 0x047C, 0x047D, 0x047E, 0x047F, 0x0480, 0x048A,
    0x048B, 0x048C, 0x048D, 0x048E, 0x048F, 0x0490, 0x0491, 0x0492, 0x0493, 0x0496, 0x0497, 0x0498,
    0x0499, 0x049A, 0x049B, 0x049C, 0x049D, 0x049E, 0x049F, 0x04A0, 0x04A1, 0x04A2, 0x04A3, 0x04A4,
    0x04A5, 0x04A9, 0x04AA, 0x04AB, 0x04AC, 0x04AD, 0x04AE, 0x04AF, 0x04B0, 0x04B1, 0x04B2, 0x04B3,
    0x04B4, 0x04B5, 0x04B6, 0x04B7, 0x04BC, 0x04BD, 0x04BE, 0x04BF, 0x04C1, 0x04C2, 0x04C5, 0x04C6,
    0x04C9, 0x04CA, 0x04CD, 0x04CE, 0x04D0, 0x04D1, 0x04D2, 0x04D3, 0x04D4, 0x04D5, 0x04D6, 0x04D7,
    0x04D8, 0x04D9, 0x04DA, 0x04DB, 0x04DC, 0x04DD, 0x04DE, 0x04DF, 0x04E3, 0x04E5, 0x04E6, 0x04E7,
    0x04E8, 0x04E9, 0x04EA, 0x04EB, 0x04EC, 0x04ED, 0x04EE, 0x04EF, 0x04F0, 0x04F1, 0x04F2, 0x04F3,
    0x04F5, 0x04F6, 0x04F7, 0x04F9, 0x04FA, 0x04FB, 0x04FC, 0x04FD, 0x04FE, 0x04FF, 0x05D0, 0x05D1,
    0x05D2, 0x05D3, 0x05D5, 0x05D6, 0x05D8, 0x05D9, 0x05DB, 0x05DC, 0x05DE, 0x05E0, 0x05E1, 0x05E2,
    0x05E4, 0x05E6, 0x05E8, 0x05E9, 0x05EA, 0x0E40, 0x0E41, 0x0E42, 0x0E43, 0x0E44, 0x0E50, 0x0E51,
    0x0E54, 0x0E55, 0x0E59, 0x1EA0, 0x1EA1, 0x1EA2, 0x1EA3, 0x1EA4, 0x1EA5, 0x1EA6, 0x1EA7, 0x1EA8,
    0x1EA9, 0x1EAA, 0x1EAB, 0x1EAC, 0x1EAD, 0x1EAE, 0x1EAF, 0x1EB0, 0x1EB1, 0x1EB2, 0x1EB3, 0x1EB4,
    0x1EB5, 0x1EB6, 0x1EB7, 0x1EB8, 0x1EB9, 0x1EBA, 0x1EBB, 0x1EBC, 0x1EBD, 0x1EBE, 0x1EBF, 0x1EC0,
    0x1EC1, 0x1EC2, 0x1EC3, 0x1EC4, 0x1EC5, 0x1EC6, 0x1EC7, 0x1ECC, 0x1ECD, 0x1ECE, 0x1ECF, 0x1ED0,
    0x1ED1, 0x1ED2, 0x1ED3, 0x1ED4, 0x1ED5, 0x1ED6, 0x1ED7, 0x1ED8, 0x1ED9, 0x1EDA, 0x1EDB, 0x1EDC,
    0x1EDD, 0x1EDE, 0x1EDF, 0x1EE0, 0x1EE1, 0x1EE2, 0x1EE3, 0x1EE4, 0x1EE6, 0x1EE8, 0x1EE9, 0x1EEA,
    0x1EEB, 0x1EEC, 0x1EED, 0x1EEE, 0x1EEF, 0x1EF0, 0x1EF1, 0x1EF2, 0x1EF3, 0x1EF4, 0x1EF5, 0x1EF6,
    0x1EF7, 0x1EF8, 0x1EF9, 0x2013, 0x2014, 0x2015, 0x2018, 0x2019, 0x201A, 0x201C, 0x201D, 0x201E,
    0x2039, 0x203A, 0xFB00, 0xFB8C, 0xFEAD, 0xFEAE, 0xFEAF,
};

static const uint8_t notosans_8_regularKernLeftClassIds[] = {
      1,   2,   1,   3,   4,   5,   4,   6,   7,   8,   9,  10,  11,  12,   9,  13,
     10,  14,  10,  15,  16,  17,  18,  18,   9,  19,  20,   3,  21,  22,  23,  24,
     23,  25,  22,  22,  22,  23,  23,  26,  24,  27,  27,  28,  27,   3,  29,  30,
     31,  32,   7,   7,   7,   7,   7,   7,  11,   9,  11,  11,  11,  11,  10,  10,
     10,  10,  10,  10,  10,  17,  17,  17,  17,  19,  14,  22,  22,  22,  22,  22,
     22,  23,  23,  23,  23,  23,  33,  33,  23,  23,  23,  23,  23,  23,  23,  27,
     23,  27,   7,  22,   7,  22,  34,  22,   9,   9,   9,   9,  10,  35,  10,  11,
     23,  11,  23,  11,  23,  11,  23,  11,  23,  22,  36,  33,  37,   9,  28,  13,
     13,  13,  35,  13,  13,  22,  22,  22,  22,  10,  23,  10,  23,  10,  23,  11,
     23,  26,  26,  26,  16,  24,  16,  38,  16,  24,  17,  17,  17,  17,  17,  17,
     18,  27,  19,  27,  19,  20,  20,  20,  39,  40,  41,  42,   7,  22,  11,  23,
     10,  33,  16,  24,  43,  43,  44,  45,  46,  47,  48,  48,  44,  49,  50,  51,
     52,  53,  45,  54,  43,  49,  53,  49,  55,  56,  46,  45,  50,  57,  49,  54,
     54,  48,  48,  55,  55,  58,  59,  60,  61,  62,  63,  64,  60,  65,  65,  64,
     65,  65,  65,  63,  65,  63,  66,  61,  67,  63,  64,  62,  65,  65,  62,  68,
     65,  68,  63,  63,  65,  63,  63,  69,  61,  66,  70,  71,  72,  68,  68,  73,
     64,  65,  67,  65,  55,  74,  75,  68,  46,  66,  51,  76,  51,  76,  77,  63,
     55,  63,  50,  74,  50,  74,  67,  67,  55,  63,  55,  63,  55,  74,  46,  54,
     62,  75,  68,  56,  63,  78,  79,  80,  81,  82,  83,  77,  60,  82,  83,  49,
     64,  49,  64,  49,  64,  54,  62,  80,  79,  63,  46,  66,  78,  79,  84,  85,
     84,  85,  82,  83,  54,  62,  54,  62,  86,  87,  86,  87,  49,  64,  54,  62,
     54,  62,  54,  62,  51,  58,  51,  58,  43,  87,  43,  87,  55,  63,  55,  63,
     49,  64,  77,  60,  65,  65,  55,  63,  55,  63,  55,  63,  55,  63,  50,  67,
     50,  67,  50,  67,  65,  78,  79,  65,  80,  81,  82,  83,  49,  83,  88,  89,
     90,  91,  92,  93,  94,  95,  96,  97,  98,  99, 100, 101, 102, 103, 104, 105,
    106, 107, 107, 107, 107, 107, 108, 108, 109, 109, 110,   7,  22,   7,  22,   7,
     22,   7,  22,   7,  22,   7,  22,   7,  22,   7,  22,   7,  22,   7,  22,   7,
     22,   7,  22,  11,  23,  11,  23,  11,  23,  11,  23,  11,  23,  11,  23,  11,
     23,  11,  23,  10,  23,  10,  23,  10,  23,  10,  23,  10,  23,  10,  23,  10,
     23,  39,  40,  39,  40,  39,  40,  39,  40,  39,  40,  17,  17,  41,  42,  41,
     42,  41,  42,  41,  42,  41,  42,  19,  27,  19,  27,  19,  27,  19,  27,   5,
      5,   5,   1,   1,   4,   1,   1,   4,  30,  31,  25, 111, 111, 111, 111,
};

static const uint16_t notosans_8_regularKernRightCodepoints[] = {
    0x0021, 0x0022, 0x0026, 0x0027, 0x0029, 0x002C, 0x002D, 0x002E, 0x003A, 0x003B, 0x003F, 0x0041,
    0x0043, 0x0047, 0x0049, 0x004A, 0x004F, 0x0051, 0x0054, 0x0055, 0x0056, 0x0057, 0x0058, 0x0059,
    0x005A, 0x005D, 0x0061, 0x0062, 0x0063, 0x0064, 0x0065, 0x0066, 0x0067, 0x0068, 0x006A, 0x006B,
    0x006C, 0x006D, 0x006E, 0x006F, 0x0070, 0x0071, 0x0072, 0x0073, 0x0074, 0x0075, 0x0076, 0x0077,
    0x0078, 0x0079, 0x007A, 0x007D, 0x00AB, 0x00BB, 0x00C0, 0x00C1, 0x00C2, 0x00C3, 0x00C4, 0x00C5,
    0x00C6, 0x00C7, 0x00D2, 0x00D3, 0x00D4, 0x00D5, 0x00D6, 0x00D8, 0x00D9, 0x00DA, 0x00DB, 0x00DC,
    0x00DD, 0x00E0, 0x00E1, 0x00E2, 0x00E3, 0x00E4, 0x00E5, 0x00E6, 0x00E7, 0x00E8, 0x00E9, 0x00EA,
    0x00EB, 0x00F2, 0x00F3, 0x00F4, 0x00F5, 0x00F6, 0x00F8, 0x00F9, 0x00FA, 0x00FB, 0x00FC, 0x00FD,
    0x00FE, 0x00FF, 0x0100, 0x0101, 0x0102, 0x0103, 0x0104, 0x0105, 0x0106, 0x0107, 0x0108, 0x0109,
    0x010A, 0x010B, 0x010C, 0x010D, 0x010F, 0x0111, 0x0113, 0x0115, 0x0117, 0x0119, 0x011B, 0x011C,
    0x011D, 0x011E, 0x011F, 0x0120, 0x0121, 0x0122, 0x0123, 0x0125, 0x0127, 0x0129, 0x0137, 0x0138,
    0x013A, 0x013C, 0x013E, 0x0140, 0x0144, 0x0146, 0x014B, 0x014C, 0x014D, 0x014E, 0x014F, 0x0150,
    0x0151, 0x0152, 0x0153, 0x0155, 0x0157, 0x015B, 0x015F, 0x0162, 0x0163, 0x0164, 0x0165, 0x0166,
    0x0167, 0x0168, 0x0169, 0x016A, 0x016B, 0x016C, 0x016D, 0x016E, 0x016F, 0x0170, 0x0171, 0x0172,
    0x0173, 0x0174, 0x0175, 0x0176, 0x0177, 0x0178, 0x0179, 0x017A, 0x017B, 0x017C, 0x017D, 0x017E,
    0x01A0, 0x01A1, 0x01AF, 0x01B0, 0x01FA, 0x01FB, 0x01FC, 0x01FD, 0x01FE, 0x01FF, 0x0219, 0x021A,
    0x021B, 0x0402, 0x0404, 0x0405, 0x0408, 0x0409, 0x040B, 0x040E, 0x0410, 0x0414, 0x0416, 0x0417,
    0x041B, 0x041E, 0x0421, 0x0422, 0x0423, 0x0424, 0x0425, 0x0427, 0x042A, 0x042D, 0x042F, 0x0430,
    0x0431, 0x0432, 0x0433, 0x0434, 0x0435, 0x0436, 0x0437, 0x0438, 0x0439, 0x043A, 0x043B, 0x043C,
    0x043D, 0x043E, 0x043F, 0x0440, 0x0441, 0x0442, 0x0443, 0x0444, 0x0445, 0x0446, 0x0447, 0x0448,
    0x0449, 0x044A, 0x044B, 0x044C, 0x044D, 0x044E, 0x044F, 0x0450, 0x0451, 0x0452, 0x0453, 0x0454,
    0x0455, 0x0457, 0x0458, 0x0459, 0x045A, 0x045B, 0x045C, 0x045D, 0x045E, 0x045F, 0x0460, 0x0461,
    0x0462, 0x0465, 0x0466, 0x0467, 0x0469, 0x046D, 0x046E, 0x0470, 0x0472, 0x0473, 0x0474, 0x0475,
    0x0476, 0x0477, 0x0478, 0x0479, 0x047A, 0x047B, 0x047C, 0x047D, 0x047E, 0x047F, 0x0480, 0x0481,
    0x048B, 0x048C, 0x048D, 0x048F, 0x0491, 0x0492, 0x0495, 0x0496, 0x0497, 0x0498, 0x0499, 0x049B,
    0x049D, 0x049F, 0x04A0, 0x04A1, 0x04A3, 0x04A5, 0x04A7, 0x04A8, 0x04A9, 0x04AA, 0x04AB, 0x04AC,
    0x04AD, 0x04AE, 0x04AF, 0x04B0, 0x04B1, 0x04B2, 0x04B3, 0x04B4, 0x04B5, 0x04B6, 0x04B7, 0x04B8,
    0x04B9, 0x04BB, 0x04BC, 0x04BD, 0x04BE, 0x04BF, 0x04C1, 0x04C2, 0x04C4, 0x04C5, 0x04C6, 0x04C8,
    0x04CA, 0x04CB, 0x04CC, 0x04CE, 0x04D0, 0x04D1, 0x04D2, 0x04D3, 0x04D4, 0x04D5, 0x04D7, 0x04D8,
    0x04D9, 0x04DA, 0x04DB, 0x04DC, 0x04DD, 0x04DE, 0x04DF, 0x04E3, 0x04E5, 0x04E6, 0x04E7, 0x04E8,
    0x04E9, 0x04EA, 0x04EB, 0x04EC, 0x04ED, 0x04EE, 0x04EF, 0x04F0, 0x04F1, 0x04F2, 0x04F3, 0x04F4,
    0x04F5, 0x04F7, 0x04F9, 0x04FA, 0x04FC, 0x04FD, 0x04FE, 0x04FF, 0x05D0, 0x05D1, 0x05D2, 0x05D3,
    0x05D4, 0x05D6, 0x05D7, 0x05D8, 0x05D9, 0x05DA, 0x05DB, 0x05DC, 0x05DD, 0x05DE, 0x05E1, 0x05E2,
    0x05E3, 0x05E4, 0x05E5, 0x05E7, 0x05E8, 0x05E9, 0x05EA, 0x0E02, 0x0E03, 0x0E04, 0x0E05, 0x0E06,
    0x0E07, 0x0E08, 0x0E09, 0x0E0A, 0x0E0B, 0x0E0C, 0x0E0D, 0x0E10, 0x0E11, 0x0E12, 0x0E13, 0x0E14,
    0x0E15, 0x0E16, 0x0E18, 0x0E19, 0x0E1A, 0x0E1B, 0x0E1E, 0x0E1F, 0x0E22, 0x0E23, 0x0E24, 0x0E25,
    0x0E27, 0x0E28, 0x0E29, 0x0E2A, 0x0E2C, 0x0E2D, 0x0E2E, 0x0E50, 0x0E51, 0x0E54, 0x0E55, 0x0E56,
    0x0E58, 0x1EA0, 0x1EA1, 0x1EA2, 0x1EA3, 0x1EA4, 0x1EA5, 0x1EA6, 0x1EA7, 0x1EA8, 0x1EA9, 0x1EAA,
    0x1EAB, 0x1EAC, 0x1EAD, 0x1EAE, 0x1EAF, 0x1EB0, 0x1EB1, 0x1EB2, 0x1EB3, 0x1EB4, 0x1EB5, 0x1EB6,
    0x1EB7, 0x1EB9, 0x1EBB, 0x1EBD, 0x1EBF, 0x1EC1, 0x1EC3, 0x1EC5, 0x1EC7, 0x1ECC, 0x1ECD, 0x1ECE,
    0x1ECF, 0x1ED0, 0x1ED1, 0x1ED2, 0x1ED3, 0x1ED4, 0x1ED5, 0x1ED6, 0x1ED7, 0x1ED8, 0x1ED9, 0x1EDA,
    0x1EDB, 0x1EDC, 0x1EDD, 0x1EDE, 0x1EDF, 0x1EE0, 0x1EE1, 0x1EE2, 0x1EE3, 0x1EE4, 0x1EE5, 0x1EE6,
    0x1EE7, 0x1EE8, 0x1EE9, 0x1EEA, 0x1EEB, 0x1EEC, 0x1EED, 0x1EEE, 0x1EEF, 0x1EF0, 0x1EF1, 0x1EF2,
    0x1EF4, 0x1EF5, 0x1EF6, 0x1EF7, 0x1EF8, 0x1EF9, 0x2013, 0x2014, 0x2015, 0x2018, 0x2019, 0x201A,
    0x201C, 0x201D, 0x201E, 0x2026, 0x2039, 0x203A, 0xFB00, 0xFB01, 0xFB02, 0xFB03, 0xFB04, 0xFB8E,
    0xFBA6, 0xFBAA, 0xFE8D, 0xFEA3, 0xFEA9, 0xFEB1, 0xFEB3, 0xFEB9, 0xFEBB, 0xFEC1, 0xFEC3, 0xFECB,
    0xFEDB, 0xFEDF, 0xFEE1, 0xFEE3, 0xFEE9, 0xFEEB,
};

static const uint8_t notosans_8_regularKernRightClassIds[] = {
      1,   2,   3,   2,   4,   5,   6,   5,   7,   7,   8,   9,  10,  10,  11,  12,
     10,  10,  13,  14,  15,  15,  16,  17,  18,   4,  19,  20,  21,  21,  21,  22,
     23,  20,  24,  20,  20,  25,  25,  21,  25,  21,  25,  26,  22,  25,  27,  27,
     27,  27,  28,   4,  29,  30,   9,   9,   9,   9,   9,   9,  31,  10,  10,  10,
     10,  10,  10,  10,  14,  14,  14,  14,  17,  21,  19,  19,  19,  19,  19,  19,
     21,  21,  21,  21,  21,  21,  21,  21,  21,  21,  21,  25,  25,  25,  25,  27,
     20,  27,   9,  19,   9,  19,   9,  19,  10,  21,  10,  21,  10,  21,  10,  21,
     21,  21,  21,  21,  21,  21,  21,  10,  23,  10,  23,  10,  23,  10,  23,  20,
     32,  33,  20,  25,  20,  20,  20,  20,  25,  25,  25,  10,  21,  10,  21,  10,
     21,  10,  21,  25,  25,  26,  26,  13,  22,  13,  22,  13,  22,  14,  25,  14,
     25,  14,  25,  14,  25,  14,  25,  14,  25,  15,  27,  17,  27,  17,  18,  28,
     18,  28,  18,  28,  10,  21,  14,  25,   9,  19,  31,  19,  10,  21,  26,  13,
     22,  34,  35,  36,  37,  38,  34,  39,  40,  41,  42,  43,  38,  35,  35,  34,
     39,  44,  42,  45,  34,  43,  46,  47,  48,  49,  49,  50,  51,  52,  53,  49,
     49,  49,  54,  49,  49,  51,  49,  49,  51,  55,  56,  51,  52,  49,  57,  49,
     49,  55,  49,  49,  53,  49,  58,  51,  51,  59,  49,  51,  60,  61,  62,  54,
     49,  59,  49,  49,  56,  49,  63,  64,  65,  66,  40,  50,  66,  66,  43,  45,
     63,  47,  67,  64,  67,  64,  63,  47,  63,  47,  63,  47,  63,  64,  63,  47,
     66,  65,  59,  66,  66,  65,  66,  42,  52,  43,  53,  66,  66,  59,  68,  55,
     66,  66,  66,  63,  47,  63,  47,  34,  55,  69,  70,  69,  70,  42,  52,  68,
     55,  45,  57,  45,  57,  66,  71,  72,  71,  72,  42,  52,  66,  73,  50,  66,
     66,  45,  57,  66,  40,  74,  40,  74,  40,  74,  47,  75,  74,  75,  74,  42,
     52,  43,  53,  49,  49,  63,  47,  63,  47,  63,  47,  43,  53,  39,  56,  39,
     56,  39,  56,  45,  57,  66,  49,  65,  42,  52,  42,  52,  76,  77,  78,  79,
     80,  81,  82,  83,  84,  85,  86,  87,  88,  89,  90,  91,  92,  93,  94,  95,
     96,  97,  98,  99,  99,  99,  99,  99, 100, 101,  99,  99,  99, 102, 102, 101,
     99,  99, 102,  99,  99, 102, 103, 104,  99,  99, 103, 103, 101,  99, 102,  99,
     99,  99,  99,  99, 103,  99,  99, 105, 105, 106, 106, 107, 108,   9,  19,   9,
     19,   9,  19,   9,  19,   9,  19,   9,  19,   9,  19,   9,  19,   9,  19,   9,
     19,   9,  19,   9,  19,  21,  21,  21,  21,  21,  21,  21,  21,  10,  21,  10,
     21,  10,  21,  10,  21,  10,  21,  10,  21,  10,  21,  10,  21,  10,  21,  10,
     21,  10,  21,  10,  21,  14,  25,  14,  25,  14,  25,  14,  25,  14,  25,  14,
     25,  14,  25,  17,  17,  27,  17,  27,  17,  27,   6,   6,   6, 109,   2,   5,
    109,   2,   5,   5,  29,  30,  22,  22,  22,  22,  22, 110, 110, 110, 111, 110,
    112, 112, 112, 112, 112, 112, 112, 111, 110, 111, 110, 110, 110, 110,
};

static const uint16_t notosans_8_regularKernRowOffsets[] = {
        0,    29,    32,    37,    54,    61,    66,    72,    73,    75,    82,    83,    87,    93,   100,   101,
      117,   119,   130,   143,   145,   146,   147,   150,   151,   154,   159,   162,   163,   167,   173,   182,
      186,   187,   193,   200,   202,   203,   208,   214,   217,   227,   230,   231,   244,   269,   275,   277,
      288,   303,   332,   351,   353,   357,   369,   385,   402,   420,   426,   437,   445,   456,   468,   479,
      491,   493,   497,   509,   527,   533,   537,   541,   543,   548,   550,   557,   565,   568,   593,   600,
      616,   619,   624,   626,   638,   640,   643,   646,   652,   657,   664,   675,   681,   682,   691,   702,
      708,   718,   723,   726,   733,   735,   742,   749,   759,   766,   776,   782,   783,   785,   789,   792,
};

static const uint8_t notosans_8_regularKernSparseCols[] = {
      8,  12,  14,  16,  18,  20,  22,  24,  25,  30,  32,  33,  37,  38,  39,  40,
     41,  43,  46,  49,  52,  53,  54,  55,  58,  60,  67,  72,  73,  12,  14,  16,
     11,  23,  36,  43,  61,   9,  12,  13,  14,  16,  33,  36,  38,  43,  44,  54,
     56,  62,  66,  67,  68,  70,  12,  33,  38,  41,  51,  54,  67,  33,  41,  43,
     44,  56,   1,   9,  11,  12,  14,  16,   4,   9,  28,   4,   8,  12,  14,  15,
     16,  17,  11,   3,   4,   7,   8,   1,   9,  12,  13,  14,  16,   2,   4,   8,
     15,  17,  28,  30,  28,   2,   4,   5,   7,   8,   9,  12,  18,  20,  22,  24,
     25,  26,  27,  28,  29,   4,   8,   4,   7,   8,   9,  18,  20,  22,  24,  25,
     28,  29,   2,   4,   7,   8,   9,  18,  20,  22,  24,  25,  27,  28,  29,   9,
     28,  11,   1,   1,  26,  27,   1,   1,   3,   4,   1,   4,  18,  20,  22,   1,
      4,   7,  20,  11,  12,  14,  16,  12,  14,  16,  33,  39,  67,  12,  14,  15,
     16,  33,  38,  41,  44,  67,  11,  12,  14,  16,   3,   1,   9,  11,  12,  14,
     16,   0,   1,   3,   7,  19,  31, 108,   3,  32,  11,   0,   1,   3,   7, 108,
      8,  10,  12,  14,  15,  16,  19,  21,  26,   8,   9,  10,  12,  14,  15,  16,
     18,  20,  22,  19,  21,  26,  36,   1,  33,  38,  44,  54,  55,  56,  64,  66,
     67,  68,  69, 108,   1,   4,   5,   6,  29,  33,  34,  37,  39,  40,  43,  46,
     47,  48,  49,  50,  51,  52,  53,  54,  55,  56,  57,  59,  67,  28,  34,  43,
     56,  62,  70,   4,  43,   1,   4,  33,  38,  44,  51,  54,  55,  57,  67, 108,
      1,   5,   6,  28,  34,  43,  44,  46,  47,  50,  54,  55,  56,  62,  70,   1,
      4,   5,   6,  28,  29,  34,  35,  37,  39,  40,  43,  45,  46,  47,  48,  49,
     50,  51,  52,  53,  56,  57,  58,  59,  62,  70,  71,  72,   1,  29,  33,  34,
     36,  38,  43,  44,  50,  54,  55,  56,  64,  66,  67,  68,  70,  74, 108,  51,
     55,   3,  51,  56,  57,   4,  36,  37,  40,  43,  44,  49,  53,  54,  55,  56,
     61,   4,  33,  37,  38,  39,  40,  41,  42,  49,  51,  53,  57,  66,  67,  68,
     72,   4,   5,   6,  28,  29,  37,  38,  39,  40,  41,  43,  46,  49,  50,  53,
     57,  72,   1,   3,   4,   6,  33,  35,  37,  38,  39,  40,  41,  42,  45,  49,
     51,  53,  57,  67,   1,  33,  38,  51,  54,  55,  33,  38,  39,  41,  45,  49,
     51,  54,  55,  56,  57,   3,  33,  38,  41,  45,  51,  54,  55,   1,   4,   5,
     37,  39,  40,  41,  49,  50,  53, 108,   1,   4,  33,  36,  37,  40,  44,  49,
     53,  54,  56,  61,  33,  38,  39,  41,  45,  49,  51,  54,  55,  56,  57,   5,
     33,  34,  38,  43,  44,  46,  50,  56,  57,  71, 108,  33,  58,   1,  33,  50,
     57,   1,   4,  37,  39,  40,  41,  46,  49,  50,  53,  57, 108,   1,   6,  33,
     38,  39,  41,  43,  44,  45,  51,  54,  55,  56,  57,  63,  69,  71, 108,   1,
     33,  36,  54,  55,  61,  33,  38,  45,  57,   1,  33,  58,  60,  36,  61,   1,
     33,  36,  54,  55,   4,  49,   1,  33,  44,  54,  66,  67,  68,   1,  46,  54,
     55,  56,  63,  69,  71,   4,  66,  68,   4,   5,  28,  29,  33,  34,  37,  39,
     40,  43,  46,  49,  51,  52,  54,  55,  56,  62,  63,  65,  69,  70,  71,  72,
     73,   4,   5,  39,  46,  49,  50,  53,   4,   5,  33,  39,  46,  49,  51,  52,
     56,  58,  62,  65,  67,  70,  71,  72,   4,  46,  49,  54,  56,  62,  70,  71,
     46,  56,   4,  39,  46,  49,  56,  58,  62,  65,  71,  72,  73,  74,   4,  49,
     33,  66,  68,   1,  51,  55,  83,  85,  86,  92,  94,  96,  78,  84,  89,  92,
     95,  76,  82,  83,  85,  86,  88,  92,  76,  79,  82,  84,  85,  87,  88,  89,
     91,  92,  95,  76,  82,  87,  89,  92,  95,  76,  78,  82,  84,  85,  91,  92,
     93,  94,  95,  76,  79,  81,  82,  85,  87,  88,  89,  92,  95,  97,  82,  85,
     88,  89,  91,  92,  76,  77,  82,  84,  85,  89,  91,  92,  96,  97,  85,  87,
     88,  89,  92,  82,  83,  85,  82,  84,  86,  89,  91,  92,  95,  82,  89,  84,
     85,  86,  89,  91,  92,  96,  75,  76,  78,  83,  87,  89,  92,  76,  82,  84,
     85,  88,  89,  91,  92,  95,  97,  76,  82,  85,  87,  89,  92,  95,  78,  80,
     83,  85,  86,  88,  89,  90,  92,  96,  98,  99, 100, 101, 102, 103, 106, 104,
    107, 104, 105, 106, 107, 109, 110, 111,
};

static const int8_t notosans_8_regularKernSparseValues[] = {
     -19,    5,    5,    3,  -11,  -16,   -8,   -8,   -8,  -21,   19,    5,   -8,    5,  -19,  -16,
       5,   -3,  -11,  -19,    5,  -13,    8,    5,    8,    8,    5,  -16,   -5,  -16,   -5,   -8,
      24,   11,   27,   -8,   16,  -13,  -19,   -5,  -16,  -16,  -13,   16,   -5,  -11,  -21,  -11,
     -16,  -13,  -16,  -19,  -16,  -16,  -11,  -11,   -5,   -3,   -3,   -5,  -11,   -8,   -3,   -3,
      -3,   -3,  -19,   -5,   13,  -19,  -11,  -16,   -3,   -5,   -5,  -11,   -5,   -8,   -3,   -5,
      -3,   -3,   16,    5,  -16,    5,   -5,  -21,   -5,   -5,   -3,   -5,   -8,   -3,  -35,  -13,
      -5,   -3,   -5,   -8,   -3,   -5,  -16,  -11,    5,  -19,   -5,    5,  -21,  -19,  -19,  -13,
     -16,   -5,  -11,  -16,   -8,   -5,   -3,  -13,    5,  -11,   -3,   -5,   -5,   -3,   -3,   -3,
      -8,   -3,   -8,  -16,    5,  -16,   -5,  -13,  -13,  -13,   -8,  -11,   -5,  -21,   -8,   -3,
      -5,   25,   -3,   -3,   -5,   -3,    5,   16,   11,   -5,   11,  -43,   -5,   -5,   -3,   11,
     -11,    5,   -5,   13,   -5,   -3,   -8,   -8,   -3,   -8,   -8,   -3,   -3,  -16,   -8,   -5,
     -21,  -16,   -5,   -5,   -5,  -11,   27,  -11,   -8,  -11,   13,  -19,   -5,   29,  -19,  -11,
     -16,   13,   13,   24,   24,    8,   19,   19,   13,   35,   13,   19,   29,   32,   29,   19,
      -5,    5,   16,   19,   13,   16,    5,   11,   13,   -8,   -3,    5,   19,   19,   13,   16,
      -8,   -5,   -5,    5,   13,   13,   13,  -19,  -13,   -5,   -8,   -5,   -5,   -5,   -5,  -11,
     -16,  -13,   -5,   -8,    5,  -13,  -11,   -8,   -8,    5,   -5,   -7,  -19,   -7,   -9,  -11,
      -5,   -8,  -11,  -11,   -3,   -3,   -8,   -3,   -5,   -8,  -11,   -5,    3,   -5,   -5,   -8,
      -5,   -5,   -5,   -5,   -3,  -24,   -3,  -16,   -5,   -8,   -5,   -5,   -5,   -5,   -8,  -16,
       5,   -3,   -3,   -5,   -5,  -11,   -3,   -3,   -5,   -5,   -3,   -3,   -5,   -5,  -13,    5,
     -19,   -5,   -3,  -13,   -5,  -11,   -5,  -24,  -32,  -27,   -8,   -8,  -13,  -11,   -3,  -27,
     -16,   -8,   -5,  -13,   -5,  -13,   13,   -8,   -3,   -5,   -8,  -13,  -19,   -3,  -19,   -5,
      13,   -8,   -9,  -16,   -3,   -8,   -5,   -8,   -5,  -11,  -13,  -16,  -13,   -3,  -11,   -3,
      -3,   -7,   -3,   -4,   -3,    8,   24,    8,   11,   -3,   -7,    8,    8,   -3,    8,   -5,
      19,  -11,   -5,   -3,  -11,   -5,   -3,   -5,   -3,   -3,   -4,   -3,   -3,   -3,   -3,   -3,
      -5,  -35,   -3,   -3,   -5,   -3,  -16,   -5,  -13,  -16,   -5,   -3,   -7,  -13,   -3,  -11,
      -3,  -16,   -3,   -8,  -11,   -3,   -9,   -3,   -7,   -8,   -9,   -8,  -11,   -8,   -3,   -7,
      -4,   -4,   -3,   -5,   -3,  -11,  -11,   -5,   -3,   -3,  -16,  -11,   -3,   -8,   -5,   -3,
      -5,   -3,   -8,   -3,   -3,   -3,   -8,   -3,   -3,   -3,   -5,   -3,   -3,    8,  -11,   -5,
      -5,   -8,   -8,   -3,  -11,   -3,   -8,   11,   -3,    5,   -8,   27,    5,    8,   -4,    5,
       7,   -4,   -8,   16,  -11,  -11,   -3,   -5,   -5,   -3,   -5,   -3,   -8,   -3,   -3,   -3,
      -3,   -4,   -3,   -4,   -3,   -5,   -5,   -5,   -3,   -5,    8,   -8,   -1,    5,   -5,   -3,
      -3,    5,  -11,   -5,   -5,   -8,   -3,   -3,  -13,   -8,  -13,   -8,   11,  -21,   -3,  -16,
      -5,   -3,   -3,   -3,  -19,   -5,   -5,  -16,  -12,  -11,   -5,   -5,   -8,   -5,   -8,   -3,
     -11,   21,   -8,  -13,    5,   -5,   -8,   -3,   -5,    8,    5,    8,    3,    8,    5,   -3,
     -11,   11,   -8,  -13,  -11,   -5,  -11,  -11,  -11,   -5,   -8,   -5,   -8,  -19,   -5,  -13,
      -8,   -8,   -5,   -5,   -5,  -11,   -3,   -3,  -16,  -11,  -16,   -8,    5,   -5,  -11,  -19,
     -13,   -9,  -19,  -16,   -5,   -5,  -11,  -11,  -13,   -5,   -5,  -13,  -11,  -13,  -19,  -13,
     -21,  -13,   -5,   -8,   -3,  -11,   -3,   -8,  -13,   -5,    5,  -16,  -11,  -13,   -5,   -5,
     -13,    5,   -5,   -8,    5,   -5,   -8,  -11,   -8,   -5,   -8,   -5,  -13,   -5,  -13,   -5,
      -3,   -3,  -16,  -16,  -13,  -13,  -11,    5,   -5,   -8,  -11,  -11,  -11,   -3,  -11,   -3,
      -5,   -3,   -3,   -3,   -5,   -3,   -5,   -2,   -2,   -5,   -3,   -5,   -3,   -5,   -9,   -9,
      -7,    1,   -5,   -9,   -3,   -4,   -6,   -7,  -11,   -5,   -5,  -13,  -10,   -7,   -3,   -9,
     -13,  -10,  -10,   -2,   -4,   -3,   -2,   -5,   -3,   -5,   -3,   -5,   -5,   -2,   -3,   -6,
      -5,   -5,   -3,  -17,   -5,   -2,   -2,   -2,   -8,   -2,   -2,   -6,   -5,   -5,   -5,   -3,
      -4,   -4,   -7,   -7,  -11,   -1,   -5,   -8,   -7,   -5,  -10,   -4,    5,   -2,   -5,   -3,
      -5,   -6,   -7,   -4,   -4,   -7,   -1,   -8,   -1,   -1,   -8,   -3,   -3,   -2,   -7,   -2,
      -5,   -2,   -2,   -7,   -1,   -2,   -3,   -7,   -5,   -5,   -7,   -9,   -7,  -11,   -5,   -4,
      -5,   -2,   -3,   -8,   -3,   -5,   -6,   -6,   -1,   -6,   -2,   -3,   -2,   -2,  -12,  -13,
      -4,   -5,   -1,   -9,  -11,  -11,   -7,   -5,   -3,  -11,   -8,   -4,   -5,   -2,   -5,   -5,
      -3,   -3,   -3,    3,   -3,  -11,   -7,   -8,
};

static const EpdLigaturePair notosans_8_regularLigaturePairs[] = {
    { 0x00660066, 0xFB00 }, // f f -> U+FB00
    { 0x00660069, 0xFB01 }, // f i -> U+FB01
    { 0x0066006C, 0xFB02 }, // f l -> U+FB02
    { 0xFB000069, 0xFB03 }, // U+FB00 i -> U+FB03
    { 0xFB00006C, 0xFB04 }, // U+FB00 l -> U+FB04
};

static const EpdFontData notosans_8_regular = {
    notosans_8_regularBitmaps,
    notosans_8_regularGlyphs,
    notosans_8_regularIntervals,
    39,
    23,
    18,
    -5,
    false,
    nullptr,
    0,
    nullptr,
    nullptr,  // kernLeftClasses: built-in fonts use the split arrays below
    nullptr,  // kernRightClasses
    notosans_8_regularKernLeftCodepoints,
    notosans_8_regularKernLeftClassIds,
    notosans_8_regularKernRightCodepoints,
    notosans_8_regularKernRightClassIds,
    nullptr,  // kernMatrix: built-in fonts use the sparse form below
    notosans_8_regularKernRowOffsets,
    notosans_8_regularKernSparseCols,
    notosans_8_regularKernSparseValues,
    511,
    558,
    111,
    112,
    notosans_8_regularLigaturePairs,
    5,
};
