/**
 * generated by fontconvert.py
 * name: notoserifthai_16_bold
 * size: 16
 * mode: 2-bit  compressed: true
 * Command used: fontconvert.py notoserifthai_16_bold 16 ../builtinFonts/source/NotoSerifThai/NotoSerifThai-Bold.ttf --2bit --compress --pnum --additional-intervals 0x0E00,0x0E7F
 */
#pragma once
#include "EpdFontData.h"

static const uint8_t notoserifthai_16_boldBitmaps[16514] = {
    0xB5, 0x5A, 0x3D, 0x90, 0xDD, 0xD6, 0x75, 0xBE, 0x78, 0xF0, 0x0A, 0x1E, 0xA3, 0x80, 0x0A, 0xD2,
    0x1E, 0x47, 0x33, 0x46, 0xE3, 0xCA, 0x91, 0x89, 0x36, 0x05, 0x77, 0x2F, 0x68, 0x17, 0x2C, 0x54,
    0x78, 0x0B, 0xAD, 0x1B, 0x17, 0xDB, 0xA4, 0xC8, 0xD8, 0x05, 0x9B, 0x14, 0x29, 0x48, 0x01, 0xB2,
    0x0A, 0xB5, 0x5B, 0x44, 0x75, 0x1A, 0xA5, 0xF0, 0xBA, 0x50, 0xE3, 0x82, 0x99, 0x59, 0x09, 0x90,
    0x5D, 0xA8, 0x50, 0x61, 0x50, 0x1A, 0x8D, 0x0A, 0x17, 0x42, 0x26, 0x54, 0x3C, 0x09, 0x0B, 0x42,
    0x63, 0x58, 0xC2, 0x2E, 0x01, 0xDC, 0x7C, 0xDF, 0x77, 0xF1, 0xDE, 0xFE, 0x68, 0x65, 0x52, 0x0C,
    0xF5, 0x76, 0x71, 0xEE, 0x7B, 0xC0, 0xFD, 0x39, 0xF7, 0xFC, 0x9F, 0x73, 0x51, 0x74, 0x05, 0xFE,
    0x2C, 0xFF, 0x5A, 0xDB, 0x66, 0x0D, 0xFF, 0xD2, 0x3A, 0xAD, 0x13, 0xFE, 0x95, 0x49, 0xB9, 0x65,
    0xF8, 0x49, 0x1B, 0xAB, 0x5E, 0x59, 0x13, 0x98, 0xEA, 0x9E, 0x2B, 0xAB, 0x77, 0x5D, 0x5E, 0xD4,
    0x2E, 0xB7, 0xB5, 0x33, 0xB6, 0xE4, 0x55, 0x99, 0x2C, 0x7F, 0xC5, 0x64, 0xE6, 0x15, 0x93, 0x9A,
    0x6D, 0xB3, 0x65, 0xAE, 0x18, 0x13, 0xB4, 0xD7, 0x8C, 0x09, 0xDB, 0x6D, 0x80, 0x46, 0xE0, 0xB6,
    0x31, 0x51, 0x2D, 0x70, 0xD7, 0x6C, 0xED, 0x7F, 0x74, 0x9C, 0x27, 0xCE, 0xB9, 0x56, 0xC0, 0x24,
    0x41, 0x87, 0x65, 0x56, 0x00, 0xD7, 0xC2, 0xD6, 0x98, 0x9D, 0xB0, 0x31, 0x66, 0x3B, 0xAC, 0x8D,
    0xB9, 0x1E, 0xD5, 0xC6, 0xA2, 0x4B, 0x29, 0x70, 0xF5, 0x78, 0xFF, 0x0D, 0x63, 0xFA, 0x24, 0x37,
    0xA6, 0x4B, 0xB1, 0x04, 0xC1, 0xAA, 0xC3, 0x3A, 0xAB, 0x76, 0x67, 0x59, 0xC7, 0x18, 0x3C, 0x0C,
    0x1A, 0x7F, 0xBD, 0x70, 0x92, 0x07, 0xCE, 0x75, 0xD1, 0xE7, 0x0F, 0xC7, 0xE4, 0x3F, 0x3F, 0x1C,
    0xD3, 0x7B, 0x1F, 0x8E, 0xD9, 0xBD, 0x0F, 0xDA, 0xEC, 0xB3, 0xC6, 0xA4, 0x73, 0x63, 0x12, 0xAC,
    0x1C, 0xB9, 0xC9, 0xA0, 0x4F, 0x63, 0x32, 0x37, 0x98, 0x95, 0xFF, 0xF1, 0x9D, 0xE0, 0x43, 0x67,
    0x83, 0x7B, 0xAE, 0x08, 0x1A, 0x57, 0xDC, 0x68, 0x66, 0xFB, 0xEE, 0x07, 0x63, 0x7A, 0xF2, 0xA0,
    0x0B, 0x81, 0x82, 0xF9, 0xDE, 0xFD, 0xD3, 0xF9, 0x75, 0x1D, 0x98, 0xF5, 0x67, 0x85, 0xC7, 0x71,
    0x69, 0x4C, 0xF2, 0xA0, 0x37, 0xC4, 0xD1, 0xBE, 0x3A, 0x82, 0x26, 0xC6, 0x14, 0xF9, 0x6C, 0x88,
    0x5A, 0x65, 0x9C, 0x39, 0x52, 0x5B, 0x99, 0x01, 0xAD, 0x33, 0x15, 0xB7, 0xCC, 0x96, 0xBB, 0x66,
    0x1B, 0xD7, 0xBE, 0x5F, 0x52, 0xEE, 0x61, 0x9C, 0x99, 0xD3, 0x08, 0xA8, 0xD9, 0x7C, 0xDA, 0x49,
    0x3F, 0x1E, 0x4C, 0xF6, 0xFB, 0xE1, 0xB6, 0xBD, 0x31, 0x9A, 0xD8, 0xB5, 0x03, 0x9E, 0x19, 0x73,
    0x18, 0x74, 0x9C, 0x93, 0x74, 0x76, 0x6A, 0x23, 0x70, 0xA4, 0x42, 0x9B, 0x94, 0xBE, 0x4D, 0x8D,
    0xBF, 0x6F, 0x8D, 0xEF, 0x77, 0x07, 0x73, 0x4E, 0x68, 0x47, 0xC3, 0x79, 0x4C, 0xD0, 0x9B, 0xF4,
    0xE3, 0x1E, 0xC3, 0x3B, 0xC3, 0x75, 0xF4, 0xB9, 0xB2, 0xD9, 0x0E, 0xEE, 0x11, 0x2B, 0xD0, 0x9F,
    0x43, 0x4C, 0x55, 0x73, 0x06, 0x03, 0xD6, 0x97, 0xBE, 0xA9, 0xCF, 0xFC, 0x2A, 0xAB, 0x9C, 0x8D,
    0xEF, 0x52, 0x7C, 0x31, 0xB2, 0xC9, 0xFC, 0xF0, 0x04, 0x02, 0xE2, 0x72, 0x53, 0x81, 0x87, 0x27,
    0x26, 0x9A, 0x5D, 0x6B, 0x6B, 0x93, 0x0E, 0x76, 0xB0, 0xB9, 0xB1, 0x5D, 0x3A, 0x5B, 0x2C, 0xD0,
    0x46, 0x0E, 0x03, 0x8B, 0x36, 0x70, 0xD8, 0x54, 0xD1, 0x98, 0x62, 0xE4, 0x2F, 0x93, 0x62, 0x5D,
    0xDB, 0x61, 0xBB, 0xB9, 0xC9, 0x7A, 0x34, 0xE0, 0xD8, 0x6C, 0x0A, 0xD7, 0x1B, 0x30, 0x62, 0xCA,
    0x5C, 0x8D, 0x39, 0x9B, 0x84, 0x78, 0xEF, 0x0A, 0xBF, 0xA6, 0xAA, 0x8B, 0xDA, 0xD6, 0xB6, 0xB4,
    0x65, 0x96, 0x67, 0xD8, 0x3B, 0xA5, 0xF7, 0x5B, 0xDC, 0x74, 0x38, 0x9A, 0xB4, 0x33, 0x40, 0xD8,
    0xE5, 0xA1, 0x33, 0xD1, 0x64, 0x92, 0x91, 0xFF, 0xD9, 0xC0, 0x79, 0xED, 0x65, 0xFF, 0x78, 0x94,
    0x0E, 0x4B, 0x37, 0xF4, 0x5F, 0x39, 0x6E, 0xD5, 0x00, 0xF3, 0xA4, 0x33, 0xAB, 0x91, 0x73, 0x9A,
    0x6F, 0x61, 0xE3, 0xE0, 0x22, 0x36, 0x9E, 0xB5, 0x26, 0x1E, 0x4C, 0x48, 0xD9, 0x21, 0x29, 0x40,
    0x29, 0x62, 0x5F, 0x74, 0x44, 0x9E, 0xFF, 0x17, 0x66, 0xD7, 0x4D, 0x3C, 0xAD, 0x5A, 0x10, 0x0C,
    0xFD, 0x31, 0x39, 0xC6, 0x62, 0x86, 0xAC, 0xE1, 0x22, 0xBD, 0x44, 0xD8, 0x6C, 0x01, 0xA4, 0x20,
    0x71, 0x52, 0x9B, 0x17, 0x93, 0x57, 0x1B, 0xFB, 0xD2, 0x4B, 0x5D, 0xF5, 0xA0, 0xE8, 0x23, 0x37,
    0xE7, 0x41, 0xD5, 0x83, 0x0C, 0xEE, 0x7E, 0xF1, 0xFE, 0x7E, 0xB7, 0x93, 0xBC, 0xD6, 0x5E, 0x49,
    0xEA, 0x9C, 0xFD, 0xD4, 0x5F, 0x24, 0x2F, 0x2F, 0xBD, 0xA0, 0x42, 0x3D, 0xAF, 0xAB, 0xFB, 0x6F,
    0xEC, 0x5E, 0xDA, 0xC7, 0x6B, 0x7B, 0x0D, 0x6B, 0xD0, 0x67, 0x7D, 0xDC, 0xAF, 0xBA, 0x55, 0x1B,
    0xD7, 0x85, 0xF9, 0x9D, 0x84, 0xA0, 0xB1, 0x60, 0x9D, 0x6B, 0x7F, 0x74, 0x08, 0x81, 0x87, 0xC6,
    0x37, 0xAE, 0xAD, 0xC8, 0x4A, 0x48, 0x51, 0x0E, 0xD5, 0x33, 0xD0, 0x56, 0xE8, 0x2A, 0xC4, 0x1F,
    0x92, 0x9F, 0x50, 0xF2, 0x0C, 0xF4, 0x12, 0x52, 0x7F, 0xDD, 0x18, 0x28, 0xFD, 0x5D, 0xC3, 0x7D,
    0x75, 0x50, 0x59, 0xE8, 0xEA, 0x99, 0xEE, 0x35, 0xD7, 0xC5, 0x08, 0x74, 0x87, 0xA6, 0xEC, 0x68,
    0x04, 0xBA, 0x1F, 0x89, 0xB4, 0x9B, 0xCF, 0xAD, 0x99, 0xCA, 0x05, 0x62, 0xC5, 0x23, 0xF8, 0x98,
    0xF4, 0x31, 0x78, 0xD7, 0x81, 0x2D, 0xB6, 0x0D, 0x21, 0x10, 0x2D, 0x78, 0x5A, 0x34, 0x00, 0x15,
    0x40, 0x5E, 0x35, 0x2B, 0x97, 0xBB, 0xAF, 0x02, 0x4B, 0x17, 0x8E, 0xE0, 0x30, 0x4D, 0xA0, 0xA9,
    0xD2, 0x0E, 0x93, 0xC6, 0x23, 0xD8, 0x1B, 0xD2, 0x1A, 0x98, 0x62, 0xE6, 0xCE, 0x28, 0x58, 0x2B,
    0x7C, 0x4B, 0x66, 0xDD, 0x01, 0xF1, 0x4D, 0xF1, 0x67, 0x5C, 0xAF, 0xCF, 0xE6, 0xC7, 0x11, 0xEE,
    0x3D, 0xED, 0x15, 0x3B, 0xFC, 0x3B, 0x47, 0xE3, 0xA7, 0x0D, 0x4A, 0xF0, 0x53, 0x2E, 0x0C, 0x2B,
    0xDB, 0x43, 0x80, 0x20, 0x76, 0x1E, 0x94, 0x09, 0xB6, 0x59, 0xE2, 0xDB, 0x73, 0x79, 0x42, 0xAD,
    0x4A, 0x7A, 0xB2, 0x88, 0x56, 0x43, 0xB4, 0x97, 0xDA, 0x51, 0x3D, 0x43, 0xDE, 0x4F, 0xA8, 0xC3,
    0xF6, 0xCC, 0xAD, 0x84, 0xB7, 0x52, 0x18, 0x67, 0x5A, 0x80, 0xC3, 0x43, 0x47, 0x11, 0x38, 0x0B,
    0xFC, 0x07, 0xAA, 0x89, 0xAD, 0x41, 0xAF, 0xD2, 0x01, 0xAB, 0x81, 0x1C, 0x20, 0x0C, 0x8C, 0x9D,
    0x49, 0x41, 0xA2, 0x3C, 0x22, 0x9D, 0x30, 0x99, 0xCC, 0xCB, 0xB4, 0x60, 0x70, 0xB5, 0x82, 0xB4,
    0x14, 0x10, 0x56, 0xF3, 0xF7, 0x4E, 0x08, 0xCD, 0xEA, 0x42, 0xD3, 0xEB, 0x64, 0x16, 0x3C, 0x48,
    0x09, 0x2C, 0xEF, 0xD9, 0x12, 0x4F, 0x6D, 0x8B, 0x7E, 0xD8, 0x33, 0x0D, 0x2D, 0x96, 0x34, 0x5B,
    0xD2, 0xDB, 0x94, 0x13, 0x58, 0xB2, 0xBB, 0x92, 0x51, 0x04, 0x58, 0x3D, 0x04, 0x88, 0xFE, 0x08,
    0x90, 0xEC, 0x03, 0x5C, 0x83, 0x2A, 0x9A, 0xEB, 0x04, 0x3D, 0x00, 0xAC, 0x3E, 0x94, 0xAD, 0x01,
    0x88, 0x4B, 0xEA, 0x28, 0x15, 0x75, 0x9B, 0xE0, 0xCE, 0xDE, 0xAD, 0xE3, 0xDD, 0x0A, 0xDB, 0xEA,
    0x0A, 0x02, 0xC3, 0x7B, 0x67, 0x81, 0x1D, 0x69, 0x8C, 0xE8, 0x6D, 0xBC, 0xDF, 0x19, 0xCE, 0x5C,
    0x23, 0x50, 0x3D, 0xC2, 0x75, 0x1D, 0x52, 0xF8, 0x3C, 0x6D, 0x36, 0xAF, 0x9D, 0xAB, 0xBB, 0x74,
    0x3E, 0xB9, 0x7D, 0x44, 0x4B, 0x46, 0x14, 0xC9, 0x82, 0x98, 0x3C, 0x74, 0x9E, 0x22, 0x91, 0x7B,
    0x11, 0xFC, 0x3C, 0x32, 0xF1, 0xF4, 0x0E, 0x9E, 0x15, 0x65, 0xD1, 0x67, 0x60, 0x22, 0x7D, 0x8A,
    0xD9, 0x3A, 0x67, 0x45, 0xAD, 0x1B, 0x41, 0x06, 0x08, 0x5B, 0x38, 0xC2, 0x48, 0xC4, 0x3D, 0xAC,
    0x37, 0x44, 0x6D, 0xA0, 0xE9, 0xA0, 0xFD, 0x23, 0x10, 0xEF, 0xEE, 0xFD, 0x06, 0x74, 0x7D, 0x88,
    0x11, 0xC5, 0x7C, 0x6B, 0x84, 0x8C, 0x42, 0x58, 0x8A, 0x9A, 0xD2, 0x5A, 0x43, 0x78, 0x8B, 0x26,
    0x00, 0x32, 0x02, 0x2D, 0x41, 0x87, 0xA9, 0xD2, 0x0E, 0xE6, 0x23, 0x19, 0x30, 0x73, 0x34, 0xC5,
    0x5C, 0x83, 0x1B, 0xCF, 0x48, 0x5D, 0x5A, 0x45, 0x12, 0x22, 0x27, 0x28, 0x37, 0xDF, 0xA0, 0x5E,
    0xC1, 0x64, 0xFE, 0x85, 0x56, 0xEC, 0xAE, 0x09, 0x49, 0x97, 0x98, 0xD2, 0x94, 0x74, 0x72, 0xF4,
    0x6B, 0xB9, 0xF2, 0x56, 0x9D, 0xE8, 0x93, 0xB3, 0x2B, 0x89, 0x13, 0xC5, 0x2F, 0xEE, 0x37, 0x7D,
    0xDB, 0x4D, 0xDF, 0x8D, 0x20, 0xBA, 0x45, 0x5D, 0x96, 0x4F, 0x31, 0xE7, 0x94, 0x2B, 0x10, 0x7C,
    0x48, 0xB0, 0xD5, 0x0E, 0x33, 0x40, 0xE1, 0x20, 0xCF, 0x0D, 0x3A, 0xD9, 0x96, 0xA0, 0xC3, 0xCF,
    0x6C, 0x88, 0xC0, 0x46, 0xB7, 0xDF, 0x52, 0xF5, 0x30, 0x4D, 0x35, 0x53, 0x8C, 0x30, 0x2C, 0x9E,
    0x1C, 0x87, 0x65, 0xA4, 0x01, 0x28, 0xEE, 0xCA, 0xC0, 0x95, 0xD8, 0xD9, 0x19, 0x90, 0x93, 0x2E,
    0x98, 0x85, 0x26, 0x7D, 0x86, 0x55, 0x0C, 0x24, 0x57, 0x52, 0x5B, 0x8F, 0xC1, 0x31, 0xF9, 0x84,
    0x7B, 0xC9, 0x00, 0x4A, 0xDB, 0x0E, 0xB2, 0x6B, 0x9B, 0x88, 0xBA, 0x85, 0x75, 0x01, 0x66, 0xC8,
    0x27, 0x26, 0x10, 0xA8, 0x08, 0x8A, 0x46, 0xF3, 0x41, 0x3F, 0xD3, 0xB9, 0x82, 0xAB, 0x70, 0x9F,
    0x63, 0x4F, 0x6F, 0xFD, 0x5A, 0x1A, 0x30, 0x6F, 0x00, 0x29, 0x81, 0x59, 0x5E, 0xA4, 0x2E, 0xEC,
    0x50, 0x1B, 0xB3, 0x12, 0x44, 0x48, 0x9D, 0x24, 0x82, 0x24, 0xBD, 0xAA, 0xD5, 0x6D, 0x5D, 0xB5,
    0x55, 0xB7, 0x58, 0xC9, 0x73, 0x9F, 0xAC, 0x3C, 0xFB, 0x24, 0xE9, 0xB2, 0x21, 0x1B, 0xB3, 0x41,
    0x74, 0x3D, 0xF7, 0x49, 0x9A, 0xAC, 0xCF, 0x86, 0x74, 0x8C, 0x86, 0xA0, 0x0F, 0xBA, 0xA8, 0xB1,
    0xF9, 0x3F, 0x9C, 0x3E, 0xFC, 0x67, 0xAF, 0xF5, 0x19, 0x4C, 0xAA, 0xF7, 0x90, 0x20, 0x8F, 0x24,
    0x9D, 0xCA, 0x49, 0x42, 0x52, 0xB3, 0xF8, 0x88, 0x5D, 0x3C, 0x5F, 0xE0, 0x96, 0x4C, 0xD4, 0xFB,
    0xB1, 0xC6, 0xEC, 0xED, 0xED, 0xED, 0x42, 0x22, 0x06, 0x5E, 0x17, 0x57, 0x5E, 0x7C, 0xC5, 0xF0,
    0xCB, 0xC3, 0xC3, 0x37, 0xF9, 0xBB, 0x5D, 0x44, 0x01, 0xDE, 0x19, 0x7C, 0x91, 0xBB, 0xC5, 0x17,
    0xC6, 0x10, 0xA4, 0x38, 0x57, 0xA2, 0x68, 0xE0, 0x26, 0x1F, 0xA2, 0x13, 0xAD, 0x1C, 0x57, 0xE3,
    0x98, 0xDE, 0x47, 0x65, 0xFA, 0x3C, 0xE7, 0x8E, 0x21, 0x9E, 0xAE, 0x2E, 0x60, 0xE7, 0xAA, 0x26,
    0x19, 0x61, 0xE5, 0x26, 0xC4, 0x9B, 0x18, 0xB4, 0xBE, 0x52, 0x4C, 0x6A, 0x39, 0x57, 0x2B, 0x8B,
    0xC2, 0x0D, 0xD1, 0xAF, 0xA5, 0x8B, 0x8F, 0xDA, 0x3A, 0x4B, 0xC6, 0xDA, 0x2F, 0x52, 0x75, 0xBE,
    0x3D, 0x25, 0xF4, 0xAF, 0x4E, 0xB4, 0xE0, 0x0B, 0xCB, 0xCE, 0xDC, 0x41, 0x40, 0x01, 0x85, 0x9C,
    0x99, 0x18, 0xFD, 0xE0, 0x68, 0xCD, 0x8A, 0x4B, 0x18, 0xC5, 0x42, 0x01, 0xAC, 0xEB, 0x9B, 0xCF,
    0xEF, 0x90, 0x9A, 0x50, 0x1F, 0x0B, 0x85, 0x88, 0xFA, 0xA4, 0xCD, 0x40, 0xFD, 0xB4, 0xC1, 0x95,
    0xC3, 0x23, 0xD6, 0x29, 0x5A, 0x70, 0x2D, 0xCF, 0xEA, 0x34, 0xB7, 0xB9, 0x33, 0x6A, 0xA1, 0x7F,
    0x78, 0x62, 0x6C, 0x00, 0x49, 0x2E, 0x33, 0x53, 0x80, 0xC6, 0x45, 0x6E, 0xD5, 0x56, 0xF9, 0xB6,
    0xEE, 0xBB, 0xFC, 0x08, 0xB6, 0xD7, 0x05, 0x0F, 0x6F, 0x40, 0xF4, 0xF2, 0xE2, 0xC1, 0xCF, 0x1E,
    0xB4, 0xE0, 0x7E, 0x3A, 0x45, 0x8E, 0x2E, 0x1B, 0x92, 0xFA, 0xB2, 0x47, 0xC9, 0xAC, 0x6D, 0x38,
    0xBD, 0x01, 0xE9, 0x1B, 0x2C, 0x5A, 0xC8, 0x7D, 0xC7, 0xC7, 0xE6, 0x39, 0xDD, 0x83, 0x75, 0x53,
    0xB8, 0xB9, 0x75, 0xF8, 0xAF, 0xEA, 0x19, 0x8F, 0x5E, 0x4C, 0x26, 0xEF, 0xB9, 0xBD, 0x41, 0xB7,
    0xBE, 0xD9, 0x96, 0x11, 0x30, 0x47, 0xB2, 0xC5, 0x66, 0xA8, 0xE4, 0xAA, 0x7B, 0x92, 0x09, 0x31,
    0xB3, 0xED, 0x14, 0x35, 0x92, 0xCE, 0xF0, 0xC3, 0x32, 0x8F, 0x71, 0xED, 0x1D, 0x4C, 0xA9, 0xD9,
    0x52, 0xD9, 0x39, 0xC5, 0xDE, 0x4B, 0x03, 0xFA, 0xBD, 0x0D, 0x71, 0xAA, 0x49, 0x31, 0x1A, 0x78,
    0x04, 0x8F, 0x06, 0x0E, 0x8B, 0x11, 0x2C, 0x82, 0x19, 0x84, 0x90, 0x8A, 0xD5, 0xF8, 0x6B, 0xA4,
    0x47, 0x81, 0x7F, 0xAB, 0xF1, 0x0F, 0xDB, 0x5A, 0x63, 0xF4, 0xBF, 0xFB, 0x39, 0x5A, 0x88, 0xCB,
    0x3D, 0x46, 0x77, 0x08, 0xDC, 0x66, 0xC2, 0x98, 0x11, 0x53, 0x13, 0x7D, 0x09, 0xFA, 0xFB, 0x14,
    0x05, 0xF7, 0xDF, 0x10, 0x04, 0x8A, 0x23, 0x85, 0xFA, 0x7F, 0x2B, 0x2D, 0x1A, 0x6B, 0x2C, 0xA5,
    0x83, 0x4E, 0x1D, 0x31, 0x54, 0x13, 0x7C, 0x09, 0xFA, 0xFB, 0xE8, 0x13, 0x60, 0x9E, 0x59, 0xAB,
    0x0F, 0x84, 0xF3, 0x5A, 0x12, 0x41, 0xCC, 0x03, 0xEA, 0xEC, 0x00, 0xD1, 0x49, 0xE7, 0x80, 0xA1,
    0x21, 0x0C, 0xED, 0xCA, 0x61, 0xFB, 0xC1, 0x48, 0x52, 0x1C, 0x64, 0xE3, 0xDA, 0x33, 0x79, 0xD0,
    0x5F, 0x02, 0x36, 0x4F, 0xD5, 0x39, 0x15, 0x05, 0x67, 0xE3, 0x3D, 0x44, 0x4C, 0x1C, 0x32, 0x53,
    0x4D, 0x3F, 0x9F, 0x28, 0xF3, 0x72, 0x7B, 0x07, 0x32, 0x4F, 0xC0, 0xE3, 0x7F, 0x3C, 0x45, 0xA8,
    0xB5, 0xCD, 0x2D, 0xED, 0xD6, 0x63, 0x4C, 0x61, 0x66, 0x1C, 0xD0, 0x13, 0x62, 0x52, 0xC0, 0x54,
    0x10, 0x78, 0xF9, 0x08, 0xF8, 0xB1, 0x30, 0x9D, 0x4E, 0xC7, 0x02, 0x37, 0xC0, 0x42, 0x73, 0x82,
    0xFC, 0x5C, 0xA5, 0x34, 0x1B, 0x8A, 0xF4, 0x0B, 0x45, 0xF8, 0x7D, 0x5A, 0x20, 0xF0, 0xA1, 0x00,
    0xA2, 0xFF, 0xCE, 0x97, 0xE0, 0x15, 0x41, 0x73, 0x01, 0x7E, 0xBA, 0x97, 0x8B, 0x43, 0x35, 0x39,
    0x74, 0x58, 0x5E, 0xDA, 0xE7, 0x3C, 0x8C, 0x4B, 0x61, 0x7B, 0x06, 0x5A, 0x65, 0x78, 0x3E, 0xCF,
    0x83, 0x6B, 0x23, 0x26, 0x02, 0x1E, 0x1B, 0x74, 0xB8, 0xE3, 0xB1, 0x58, 0x83, 0x2B, 0x7E, 0xB2,
    0x8B, 0xE0, 0xE4, 0xB0, 0xF4, 0x98, 0x08, 0xA9, 0x4B, 0xBB, 0x5C, 0x00, 0x72, 0xCE, 0xAE, 0xF6,
    0x60, 0x13, 0x70, 0xBA, 0xFB, 0x46, 0x11, 0x1A, 0x48, 0xD3, 0x83, 0x2F, 0x14, 0xA9, 0x4A, 0x81,
    0x90, 0x95, 0xF0, 0x29, 0x22, 0x03, 0x0E, 0xE2, 0xB7, 0xE7, 0xFF, 0x1A, 0xF6, 0x97, 0x40, 0xEB,
    0x66, 0x3C, 0x7D, 0xC1, 0x1D, 0x03, 0x06, 0xAE, 0xCD, 0xC6, 0x8D, 0x70, 0x2F, 0x6A, 0x10, 0x9D,
    0x13, 0x00, 0xB1, 0x2C, 0xD5, 0x36, 0x20, 0xA4, 0xC7, 0x94, 0xD5, 0x97, 0x85, 0xE5, 0x4F, 0xC1,
    0xB1, 0xA5, 0xC1, 0x34, 0x8A, 0xBA, 0xBC, 0x60, 0x7C, 0x9D, 0xE6, 0xD3, 0xBD, 0xFD, 0x49, 0xEC,
    0x62, 0x94, 0x02, 0x7E, 0xBD, 0x35, 0x3D, 0xCD, 0x2C, 0x6A, 0x16, 0x24, 0xCE, 0x63, 0x66, 0x3D,
    0xFF, 0x72, 0x3E, 0x14, 0x8D, 0x9F, 0xC9, 0xD5, 0x9A, 0xF5, 0xBC, 0xB0, 0x28, 0x0D, 0x2F, 0x65,
    0x89, 0x24, 0xF1, 0x37, 0x76, 0x79, 0xCB, 0xC6, 0xF5, 0x23, 0x66, 0x75, 0xD8, 0x76, 0x75, 0x20,
    0x3E, 0xDC, 0xF4, 0xCA, 0x72, 0x13, 0x51, 0x7B, 0x20, 0xA5, 0x52, 0xA7, 0xCA, 0xCB, 0xD4, 0xA8,
    0x26, 0x54, 0x62, 0xDF, 0xC4, 0x5E, 0xD0, 0x32, 0x45, 0x47, 0xCD, 0xDB, 0x12, 0xFF, 0x0F, 0xBC,
    0x4B, 0xFA, 0x58, 0xB2, 0xE3, 0x1E, 0x4E, 0x8B, 0xBB, 0x55, 0xF3, 0x48, 0x46, 0xDB, 0x7D, 0xB0,
    0x08, 0xA8, 0xF3, 0xB3, 0x14, 0x0A, 0x8C, 0x1B, 0x3B, 0xA9, 0x49, 0x9C, 0x9F, 0x5A, 0x16, 0x11,
    0x16, 0x8E, 0x6A, 0x87, 0x78, 0x50, 0xBA, 0x9C, 0x57, 0x9E, 0x48, 0xB1, 0x6F, 0x84, 0xAD, 0xA2,
    0xF2, 0xF6, 0x31, 0x1A, 0xF9, 0x74, 0x30, 0x90, 0x8E, 0x45, 0xE5, 0x93, 0xE9, 0xF4, 0xC0, 0xC8,
    0x74, 0x60, 0x28, 0xCC, 0x78, 0x38, 0xA0, 0xFC, 0x15, 0x14, 0xFC, 0xD9, 0xC7, 0x7C, 0x8F, 0xF0,
    0xFD, 0x91, 0xDA, 0x3C, 0xF8, 0x02, 0xED, 0x31, 0x52, 0x63, 0x24, 0x5B, 0x66, 0x70, 0x75, 0xF8,
    0xB1, 0xDA, 0x26, 0x7A, 0x8F, 0x6D, 0xD1, 0xC6, 0xAF, 0xB3, 0x45, 0x3C, 0x77, 0x93, 0x6D, 0xD6,
    0xA7, 0x0C, 0x37, 0x10, 0x27, 0x5D, 0x53, 0x9B, 0x8C, 0xDB, 0x6A, 0xE3, 0xE9, 0xB6, 0xDA, 0xC8,
    0xDD, 0x55, 0x1B, 0xBA, 0x5E, 0xED, 0xCA, 0x75, 0x6A, 0x41, 0x15, 0xB5, 0x54, 0x40, 0xB5, 0x55,
    0xCD, 0x16, 0x71, 0x37, 0xBC, 0x17, 0x50, 0xAC, 0x2D, 0xC8, 0x09, 0x7C, 0xEB, 0x0C, 0xFC, 0x19,
    0x59, 0xC4, 0x50, 0x0A, 0xDC, 0xB0, 0x09, 0xC0, 0x9A, 0x60, 0xF4, 0xE9, 0x0A, 0xFE, 0xB9, 0x17,
    0x36, 0x4E, 0xCD, 0x23, 0xF0, 0x64, 0x10, 0xC2, 0x6A, 0x8A, 0x4E, 0x0D, 0xD4, 0x9E, 0x0D, 0x34,
    0x7E, 0x10, 0x52, 0xF9, 0x20, 0x5C, 0x6A, 0xCD, 0xE0, 0x5A, 0x35, 0xB6, 0x57, 0x93, 0x8E, 0x6A,
    0x12, 0x3F, 0x7B, 0xE8, 0x9B, 0x60, 0x59, 0xAB, 0xF2, 0x0D, 0x6D, 0xC9, 0xA8, 0xD4, 0x86, 0x28,
    0xC5, 0x6C, 0x5A, 0x1F, 0xD0, 0xAF, 0xDD, 0x5B, 0xAE, 0x9C, 0x52, 0xA1, 0x14, 0x8C, 0xD6, 0x4A,
    0xF1, 0x33, 0x2D, 0x0D, 0xE2, 0x2E, 0x55, 0x56, 0x7C, 0xA4, 0x45, 0x6B, 0x94, 0x8D, 0xB4, 0x5E,
    0xE9, 0x1A, 0xF6, 0x0C, 0x29, 0x2E, 0x81, 0x67, 0xFA, 0xF8, 0x51, 0x9A, 0x61, 0xF0, 0xB3, 0x45,
    0x2A, 0xE1, 0x30, 0xDE, 0xA4, 0x19, 0x6B, 0xF9, 0x53, 0x4E, 0x6F, 0x49, 0xF6, 0x14, 0x95, 0x43,
    0x12, 0xDE, 0xF4, 0x7E, 0xAF, 0xA1, 0x9F, 0xF1, 0xDE, 0xDC, 0x1B, 0xC2, 0xCB, 0x22, 0x81, 0xFC,
    0x62, 0x54, 0x30, 0x9F, 0xF6, 0x67, 0xCC, 0xB7, 0x44, 0x05, 0x34, 0xD6, 0x4F, 0x26, 0xB1, 0xAD,
    0x59, 0xAC, 0xFD, 0x79, 0x73, 0x7F, 0x8E, 0x56, 0xF7, 0xBF, 0x49, 0x5A, 0xF5, 0x4F, 0x46, 0xAB,
    0x74, 0x3A, 0x0D, 0xEB, 0x14, 0x4E, 0x28, 0x9E, 0x60, 0x2E, 0x53, 0x6E, 0xF6, 0x81, 0x2D, 0x94,
    0x0A, 0xA8, 0xCB, 0x8B, 0xD1, 0xC4, 0x74, 0x4A, 0xCF, 0x50, 0xDE, 0x7E, 0x0D, 0xEB, 0x33, 0xDF,
    0x73, 0x41, 0xF5, 0x64, 0xFF, 0x8F, 0x8A, 0x7E, 0x43, 0xCF, 0x47, 0xDE, 0xB2, 0x78, 0xB3, 0x26,
    0x3A, 0x37, 0xB6, 0xBF, 0xDC, 0x65, 0x69, 0x4E, 0x58, 0xC0, 0x96, 0x76, 0xA6, 0x98, 0x65, 0x7A,
    0x96, 0x04, 0x30, 0x43, 0xAC, 0x83, 0xED, 0x8C, 0x48, 0x92, 0x30, 0x22, 0xE3, 0x62, 0x56, 0xD9,
    0x5A, 0x0D, 0xB1, 0x45, 0x86, 0xB0, 0x2B, 0xE3, 0x6A, 0x64, 0xD4, 0x32, 0xAE, 0x95, 0xD0, 0x10,
    0x84, 0x0C, 0x12, 0x11, 0x3F, 0x8E, 0xF2, 0xBF, 0x2A, 0x4E, 0xE4, 0xFC, 0x5A, 0x6E, 0xA9, 0x8C,
    0xB0, 0xD4, 0x18, 0xAB, 0x92, 0x15, 0xC5, 0x9C, 0x8B, 0xB3, 0x90, 0x33, 0x62, 0x02, 0xE0, 0xF9,
    0x9C, 0x6C, 0x1D, 0x0B, 0x67, 0x4C, 0x74, 0x5D, 0xCD, 0x5A, 0x00, 0x36, 0x90, 0xBB, 0x76, 0xBF,
    0x39, 0x22, 0x99, 0x05, 0xC3, 0xE6, 0xAE, 0xE0, 0x3F, 0x02, 0xAE, 0x0E, 0xD6, 0xC4, 0x7C, 0xC6,
    0xB0, 0xD3, 0xA6, 0x16, 0x03, 0x5C, 0x12, 0x9F, 0xC0, 0xE7, 0xDF, 0x6C, 0x56, 0xD4, 0xD7, 0x56,
    0xA5, 0x92, 0xA8, 0xF1, 0x4D, 0xFD, 0x4D, 0x36, 0x66, 0xDD, 0x34, 0x2C, 0xB8, 0x31, 0xC0, 0x64,
    0x52, 0x01, 0xC2, 0xAB, 0x54, 0x4C, 0x16, 0x49, 0x05, 0x84, 0x39, 0x23, 0x0D, 0x5A, 0xBB, 0xC8,
    0x8D, 0x82, 0x53, 0xC2, 0xDC, 0x92, 0x25, 0x08, 0x93, 0xE6, 0x94, 0x9A, 0x4C, 0x39, 0xC0, 0x8E,
    0x26, 0xBD, 0xA3, 0x39, 0x8F, 0xE4, 0x26, 0x69, 0x91, 0xBA, 0x40, 0xAE, 0x93, 0x29, 0x41, 0x3A,
    0xB2, 0xA4, 0x9D, 0x8C, 0x91, 0xF2, 0x45, 0x2E, 0x1B, 0x39, 0xA6, 0x6F, 0xA1, 0x4B, 0x55, 0x29,
    0xBF, 0xA5, 0xAA, 0xD7, 0x3B, 0x22, 0x96, 0x1C, 0x61, 0x25, 0x58, 0xF8, 0x90, 0x49, 0x89, 0x70,
    0xD6, 0x99, 0xA5, 0xA6, 0x45, 0x14, 0xBF, 0x83, 0xA1, 0x13, 0xBF, 0x64, 0x65, 0xE8, 0xE6, 0x04,
    0x44, 0x45, 0xB6, 0x97, 0xC9, 0x48, 0xB0, 0xA0, 0xCC, 0xFA, 0x12, 0x53, 0xC6, 0x34, 0x57, 0x80,
    0x8B, 0x94, 0x5C, 0xBB, 0xA7, 0x57, 0x34, 0xCA, 0x09, 0x06, 0xE1, 0x8C, 0x18, 0x6E, 0x24, 0xDA,
    0x45, 0x17, 0x7E, 0x32, 0x11, 0x73, 0xE8, 0xE2, 0x7B, 0xCE, 0x48, 0x35, 0xE3, 0x3F, 0x38, 0xEE,
    0x22, 0x1B, 0x93, 0x5F, 0x3B, 0x64, 0x6B, 0xD8, 0x42, 0x7A, 0xC3, 0xFD, 0xBE, 0xA3, 0x1E, 0xC2,
    0x01, 0xFC, 0xA1, 0x63, 0xE9, 0x67, 0xC7, 0x54, 0xFF, 0xD5, 0x70, 0x2F, 0xDB, 0xA6, 0xF8, 0x4B,
    0xCD, 0xED, 0x20, 0xBD, 0xFB, 0x42, 0x5F, 0x06, 0x5F, 0x76, 0xA1, 0x23, 0x26, 0xCD, 0x24, 0x04,
    0x89, 0x5B, 0xA4, 0xC1, 0xAB, 0x2F, 0xD2, 0x63, 0x15, 0x10, 0x88, 0x71, 0x38, 0x49, 0x36, 0x02,
    0xE0, 0x83, 0x86, 0x27, 0x0F, 0x2B, 0x8C, 0x64, 0x66, 0x4A, 0xE4, 0x73, 0xD9, 0xF7, 0x1D, 0x52,
    0x61, 0x52, 0x44, 0x91, 0x38, 0x1D, 0x15, 0x44, 0xEE, 0xF5, 0x46, 0xF4, 0xFB, 0xC4, 0x1B, 0x02,
    0x9F, 0xEA, 0x15, 0x3E, 0x0D, 0xCC, 0xC6, 0xF3, 0x69, 0xA0, 0x32, 0x9D, 0x59, 0x76, 0x6E, 0xD5,
    0x49, 0x24, 0xA3, 0x46, 0x04, 0x4E, 0x4A, 0xAB, 0xD4, 0xC6, 0xDB, 0x96, 0x23, 0x43, 0x22, 0x06,
    0xF4, 0x33, 0x35, 0x53, 0xE4, 0x10, 0x5D, 0x91, 0xC0, 0x41, 0x7C, 0x55, 0xB4, 0x57, 0xAD, 0x70,
    0x8C, 0x25, 0x0F, 0x80, 0x09, 0x63, 0xE5, 0x86, 0x01, 0x11, 0x19, 0x81, 0xEF, 0xA2, 0xF3, 0xB6,
    0x24, 0x5F, 0xF4, 0x64, 0xBA, 0x9F, 0x0D, 0xC4, 0x36, 0x19, 0x79, 0x8E, 0x13, 0xCF, 0xB1, 0xE8,
    0xC3, 0x13, 0x91, 0x95, 0xFB, 0x37, 0xA1, 0x3D, 0x9D, 0x72, 0xFC, 0xD2, 0x80, 0xF9, 0x02, 0x54,
    0xFC, 0x93, 0xCA, 0x32, 0x64, 0x2C, 0x70, 0x01, 0xD0, 0x1F, 0x13, 0x30, 0x5C, 0x26, 0x87, 0xBB,
    0x1D, 0x4C, 0xDE, 0xEC, 0xD0, 0x42, 0x6E, 0x7B, 0xB2, 0xAB, 0x26, 0xA9, 0x7D, 0xD2, 0xCD, 0x28,
    0x02, 0x52, 0xAC, 0xC4, 0xCD, 0xFA, 0x1E, 0xA2, 0x97, 0x8F, 0xAD, 0x58, 0x20, 0x81, 0x28, 0x5F,
    0xA3, 0x75, 0xDC, 0xE1, 0xC3, 0x1D, 0x9A, 0xE0, 0x57, 0x30, 0x3C, 0x98, 0x69, 0x46, 0x3C, 0xB8,
    0xBA, 0x87, 0x80, 0xA0, 0xAD, 0x8E, 0x73, 0x08, 0x1A, 0x78, 0xF9, 0x0C, 0xFE, 0x31, 0xCF, 0x7C,
    0x80, 0x39, 0x31, 0xF3, 0xAE, 0xBC, 0xFA, 0x91, 0xEA, 0xDF, 0xDB, 0xAA, 0x85, 0x67, 0x2A, 0xA3,
    0xB3, 0x9E, 0x5E, 0x52, 0x71, 0xA1, 0xC2, 0x2C, 0x9C, 0xB7, 0x4C, 0xB9, 0x79, 0x5E, 0xD6, 0x9F,
    0x1F, 0xB0, 0xAD, 0x8A, 0x3B, 0x07, 0x68, 0x0C, 0xC2, 0x31, 0x0E, 0xD0, 0x18, 0x96, 0x7A, 0x72,
    0x98, 0xC2, 0x5F, 0x30, 0x09, 0x6C, 0x9E, 0x0D, 0xEA, 0xAE, 0xF9, 0x15, 0x5C, 0x84, 0x6B, 0x80,
    0xB9, 0x59, 0xD5, 0xAA, 0x26, 0x6C, 0x6A, 0x89, 0x62, 0xD7, 0x6D, 0x56, 0x50, 0x79, 0xEC, 0x75,
    0x9B, 0xB5, 0xD4, 0x01, 0x28, 0x05, 0x1D, 0x76, 0x11, 0xB6, 0xDC, 0x44, 0x83, 0x3D, 0xE0, 0x87,
    0xCE, 0xC9, 0x74, 0x48, 0x76, 0xDB, 0xEF, 0xF9, 0xCA, 0xA6, 0xC0, 0xA3, 0x92, 0xC3, 0x8F, 0x0E,
    0x0F, 0x0F, 0xF3, 0x5F, 0x1E, 0x50, 0xAA, 0x90, 0x70, 0xB1, 0x0C, 0x59, 0x18, 0x1D, 0xB1, 0xED,
    0xCA, 0x62, 0x31, 0x30, 0x77, 0x3C, 0xA6, 0xE1, 0x41, 0xCD, 0x80, 0xD8, 0x2D, 0x52, 0x80, 0xF7,
    0xBC, 0xB4, 0x8D, 0xE0, 0xBB, 0xBF, 0x65, 0x46, 0xEF, 0x58, 0xCD, 0xBB, 0x09, 0xCF, 0xD3, 0xE3,
    0x5E, 0x41, 0xE7, 0x5B, 0xB4, 0x02, 0x31, 0x7F, 0xF2, 0x7C, 0xAA, 0x47, 0x1C, 0x9A, 0xBA, 0xBF,
    0xD0, 0x13, 0xBF, 0x0A, 0x59, 0xE0, 0x19, 0xD8, 0xD5, 0x3D, 0x49, 0x9E, 0x94, 0x28, 0x13, 0x54,
    0x7D, 0xDB, 0x17, 0xD4, 0x2E, 0xC2, 0xE7, 0x09, 0x5F, 0x82, 0xEC, 0xAC, 0x5C, 0xE1, 0x58, 0x8F,
    0xEB, 0x0B, 0x66, 0xFB, 0x0D, 0x91, 0x76, 0xB5, 0x0F, 0x28, 0x22, 0xA2, 0x52, 0xAA, 0xC4, 0x90,
    0x7F, 0x05, 0xF4, 0x4F, 0x7D, 0x4F, 0x3F, 0x8A, 0x33, 0x84, 0x9A, 0xAD, 0x40, 0x3E, 0xDC, 0x41,
    0xD3, 0x63, 0x1F, 0x02, 0xEC, 0x9A, 0x75, 0x85, 0x17, 0x69, 0xA3, 0x1B, 0xE2, 0x31, 0x1E, 0xD3,
    0x3E, 0x9A, 0x6C, 0x17, 0x8E, 0xB8, 0xDA, 0x62, 0xA9, 0x88, 0x6D, 0xAE, 0x25, 0x97, 0xA1, 0x65,
    0x85, 0x4E, 0x7D, 0x1B, 0x9E, 0xFC, 0xC7, 0x89, 0xBB, 0x31, 0x86, 0x8C, 0x19, 0x8A, 0xF5, 0x19,
    0x1A, 0x79, 0xA9, 0xA3, 0x1E, 0x95, 0xCE, 0xFE, 0x46, 0x28, 0x15, 0x08, 0x56, 0x7D, 0x45, 0x0E,
    0xCC, 0x15, 0x0B, 0x0F, 0xEC, 0x9F, 0x21, 0xC4, 0xE6, 0x11, 0x46, 0x20, 0x78, 0x5A, 0x78, 0x28,
    0xDA, 0xAF, 0x80, 0xBE, 0xD4, 0xB1, 0xC0, 0x40, 0x33, 0xAC, 0x54, 0xC6, 0x78, 0xA1, 0xA2, 0xCD,
    0x44, 0x3C, 0xC1, 0xA8, 0x97, 0x06, 0x6D, 0x91, 0x8A, 0x5D, 0x25, 0xE7, 0xA4, 0x33, 0xF0, 0x8E,
    0x59, 0xF1, 0x4E, 0xB0, 0x26, 0x5C, 0x85, 0xCA, 0xB6, 0x2B, 0x5F, 0x14, 0x2F, 0x8B, 0x93, 0xDF,
    0xFA, 0x8A, 0x77, 0x59, 0xFC, 0x15, 0x92, 0xEF, 0xE3, 0x8C, 0x0D, 0xC8, 0x7A, 0xCC, 0x06, 0xBA,
    0xFE, 0x00, 0x61, 0xC5, 0x8D, 0x77, 0x7C, 0x8C, 0x82, 0x49, 0x29, 0xBE, 0x74, 0x7E, 0x06, 0xF2,
    0x06, 0xFB, 0x40, 0xF3, 0xFC, 0x67, 0x86, 0x1A, 0xEF, 0x32, 0xD0, 0x61, 0x90, 0x4E, 0xE3, 0x11,
    0x6C, 0x80, 0xD5, 0x69, 0x0D, 0xC1, 0x77, 0xDD, 0x47, 0xF9, 0x99, 0x07, 0x5F, 0x1F, 0xAC, 0x74,
    0xE0, 0xB4, 0xC4, 0x09, 0xEB, 0x63, 0x38, 0x93, 0x27, 0x60, 0xB7, 0x2B, 0xFA, 0x95, 0xAB, 0x3E,
    0xEF, 0xE3, 0x31, 0xE9, 0x0F, 0x20, 0xE2, 0x8C, 0xA6, 0x74, 0x9A, 0x09, 0xF7, 0x91, 0xF6, 0x00,
    0x49, 0x8F, 0x7B, 0x31, 0xF8, 0x0F, 0xCF, 0xB2, 0xAF, 0x90, 0x18, 0x73, 0xBD, 0xF3, 0x1B, 0x9D,
    0xE9, 0x2E, 0x95, 0xC5, 0xE4, 0xE4, 0xF0, 0x80, 0xC1, 0xD4, 0xCC, 0xE0, 0x8A, 0x81, 0x2D, 0x42,
    0x23, 0x5A, 0xD0, 0xA6, 0x80, 0x0F, 0x6D, 0xE9, 0xD8, 0x1B, 0xC6, 0x9F, 0xB5, 0x3C, 0xA9, 0x0A,
    0xE0, 0xAA, 0x8A, 0x05, 0xD5, 0x9C, 0x9F, 0xD3, 0x82, 0xF4, 0x89, 0xB4, 0xE0, 0x67, 0x67, 0xB4,
    0xE0, 0x04, 0x4C, 0xC2, 0xE6, 0x2C, 0x75, 0xA1, 0x4E, 0xA9, 0x0B, 0xA5, 0x34, 0x22, 0x7F, 0x0A,
    0x08, 0xDB, 0x8D, 0x78, 0xB8, 0xE0, 0x69, 0x4D, 0x53, 0xD0, 0x0D, 0x35, 0xE6, 0x9F, 0x78, 0x06,
    0x13, 0x52, 0x6B, 0xF2, 0xE0, 0xF4, 0xD4, 0x81, 0xD8, 0xE2, 0x3F, 0x62, 0x9C, 0xF5, 0xF8, 0x7F,
    0x4C, 0x8B, 0xD9, 0xF0, 0x6F, 0xFE, 0xCE, 0x6C, 0x6A, 0x64, 0xFE, 0xF8, 0x63, 0x39, 0x0E, 0x45,
    0xD8, 0xCB, 0xF8, 0xE1, 0xE9, 0x8C, 0x64, 0xAD, 0xB3, 0x05, 0xA6, 0x93, 0xC8, 0xDA, 0xAA, 0xF2,
    0xEB, 0xD1, 0x53, 0xF0, 0x86, 0x73, 0x1B, 0x98, 0xDB, 0x56, 0x30, 0x27, 0x7C, 0x9B, 0x4F, 0x7F,
    0xA2, 0x9C, 0xE1, 0xA5, 0x96, 0x70, 0x5F, 0xB0, 0x92, 0x2B, 0xA3, 0x48, 0xAF, 0xDC, 0xC3, 0xD9,
    0xDB, 0x25, 0xC2, 0x9F, 0x02, 0x17, 0xCE, 0xA3, 0x19, 0x2A, 0x9E, 0xA1, 0xD7, 0x96, 0xF4, 0xA4,
    0x43, 0x07, 0x04, 0x83, 0x80, 0x1B, 0x10, 0x4B, 0x49, 0x93, 0x27, 0x22, 0xDD, 0x63, 0xE8, 0x09,
    0x3B, 0xCC, 0xFA, 0x80, 0x75, 0xB0, 0x58, 0x05, 0xEB, 0x25, 0xD6, 0x7D, 0xE6, 0xD8, 0xE1, 0xC4,
    0x3D, 0x7A, 0x40, 0xAA, 0x34, 0xD0, 0x6E, 0x15, 0xBD, 0xE0, 0x6A, 0xAB, 0xD6, 0xCB, 0x06, 0x5B,
    0x72, 0xBB, 0xF8, 0x7F, 0xB7, 0x8B, 0xBC, 0x74, 0x6B, 0x89, 0xF1, 0x32, 0xC3, 0x7A, 0x03, 0xF0,
    0xF2, 0x58, 0x09, 0x27, 0x1E, 0xF8, 0x7E, 0xC3, 0x72, 0xBA, 0x58, 0xAD, 0xC6, 0xF3, 0x25, 0x9E,
    0x78, 0xB4, 0x8A, 0x8C, 0xBF, 0x44, 0x80, 0x0B, 0x26, 0x20, 0xD8, 0x6A, 0x60, 0xA1, 0x0A, 0xDA,
    0x6C, 0xA0, 0xDB, 0x6E, 0x00, 0x7F, 0xF2, 0x4D, 0x81, 0x56, 0x5D, 0xD4, 0x39, 0xE1, 0x30, 0x4D,
    0xE0, 0x59, 0x9C, 0x9D, 0x5A, 0x2D, 0xA5, 0x52, 0x2C, 0xFB, 0xC0, 0x68, 0xC2, 0x8D, 0x1D, 0x17,
    0x7D, 0x48, 0xEF, 0x21, 0x74, 0xA0, 0x23, 0xF1, 0xCC, 0xB3, 0x5C, 0xB7, 0x06, 0xE1, 0x79, 0xE0,
    0x1F, 0xCC, 0xA1, 0x9F, 0xBC, 0xE6, 0xB0, 0xDE, 0xC2, 0xB0, 0x42, 0x8D, 0x11, 0xB8, 0xC9, 0x2F,
    0xBD, 0xEC, 0x25, 0xF5, 0x02, 0x60, 0x1C, 0x88, 0xCD, 0xB2, 0x34, 0xE6, 0x83, 0x3A, 0x7F, 0xA0,
    0xDC, 0x67, 0x6E, 0x31, 0xDF, 0xC9, 0xBC, 0x0F, 0x89, 0x7C, 0x16, 0x8E, 0x21, 0x94, 0x63, 0x88,
    0xDD, 0xDA, 0xE5, 0x20, 0xD0, 0xE6, 0x19, 0xD4, 0xD6, 0x13, 0xE6, 0xFC, 0xEB, 0x54, 0x8C, 0xEC,
    0xB7, 0xB3, 0x5E, 0x4A, 0xB1, 0x0E, 0x79, 0x4D, 0x45, 0x51, 0x6C, 0x79, 0xF8, 0x57, 0x17, 0x64,
    0xFC, 0x0F, 0xF5, 0x1A, 0x8F, 0x57, 0xBF, 0x27, 0x00, 0x0A, 0x29, 0x0B, 0xBD, 0xB7, 0xA2, 0x60,
    0x3C, 0xE0, 0xFD, 0xD9, 0xA4, 0x27, 0x3C, 0xF3, 0xB6, 0x4D, 0x91, 0xA7, 0x75, 0x95, 0x27, 0x25,
    0x31, 0x2D, 0x14, 0xF1, 0x23, 0x45, 0x71, 0xB3, 0x7F, 0x9B, 0x21, 0xD3, 0x79, 0x48, 0x77, 0x1D,
    0xEE, 0x0B, 0x86, 0xBC, 0x9B, 0x4D, 0xD2, 0xBA, 0x3C, 0xAB, 0x8B, 0x13, 0xD6, 0xEF, 0x06, 0x7F,
    0x8A, 0xA8, 0x4C, 0x80, 0x19, 0x2D, 0x5D, 0x4C, 0xCE, 0x03, 0x2D, 0x66, 0x91, 0xE5, 0xF7, 0xDC,
    0x1B, 0x62, 0xC0, 0x93, 0x5E, 0xDC, 0x53, 0xE0, 0x3E, 0x45, 0xD2, 0xAF, 0x52, 0x77, 0xE9, 0x0F,
    0x21, 0x56, 0x4A, 0x3E, 0x7E, 0x02, 0x08, 0x6B, 0x99, 0x51, 0x76, 0xBD, 0x04, 0x7F, 0x6D, 0xE8,
    0x75, 0x26, 0x1B, 0x95, 0xA3, 0xB3, 0x48, 0x70, 0x42, 0xE9, 0xAC, 0xDC, 0x9F, 0x54, 0xC8, 0xBE,
    0xB9, 0xD6, 0x01, 0x55, 0x87, 0x17, 0x08, 0x0E, 0x84, 0x3D, 0x83, 0xB4, 0xB0, 0x95, 0x19, 0xA7,
    0x76, 0x94, 0xB1, 0x92, 0x55, 0xE6, 0x89, 0x80, 0x3A, 0xAF, 0xCC, 0xE4, 0xB5, 0x95, 0x08, 0xF5,
    0xD7, 0x75, 0x92, 0xCF, 0x37, 0xA8, 0x92, 0x91, 0x79, 0x41, 0x3C, 0xE9, 0x14, 0xCB, 0x79, 0xD8,
    0x98, 0xF5, 0xDB, 0x07, 0x7C, 0x07, 0x07, 0xFB, 0x1A, 0x56, 0x07, 0x09, 0x8D, 0xCC, 0x10, 0x22,
    0xC6, 0x83, 0x4A, 0x94, 0x51, 0x67, 0x66, 0x69, 0xE9, 0x80, 0xA8, 0x39, 0x10, 0xEE, 0x74, 0xEB,
    0xC4, 0xBB, 0xD7, 0x9B, 0x0A, 0x33, 0xC3, 0xEA, 0xAA, 0x79, 0xC5, 0xAD, 0x78, 0x2A, 0xD0, 0xFE,
    0x87, 0x63, 0xEC, 0x6C, 0xBB, 0xCE, 0xBD, 0x86, 0x69, 0xB3, 0xCF, 0xBA, 0xEA, 0x7D, 0x1E, 0xC8,
    0x7D, 0xDE, 0x16, 0x7F, 0x64, 0x0A, 0xF1, 0xA8, 0xB6, 0x9F, 0x10, 0x0B, 0x7A, 0x53, 0xC5, 0x9B,
    0xB9, 0xCA, 0x36, 0xD8, 0x8C, 0x0E, 0xD2, 0xD6, 0x2D, 0xA2, 0x56, 0x1E, 0xB9, 0x5A, 0x37, 0x15,
    0x2C, 0x82, 0x12, 0x86, 0xAE, 0xE5, 0x69, 0x29, 0x60, 0xAD, 0x9A, 0x10, 0x8B, 0x4F, 0xE3, 0x8E,
    0x59, 0x9F, 0x1E, 0xAF, 0xB4, 0xA3, 0x75, 0x29, 0xA1, 0xD7, 0x1D, 0x1D, 0xBE, 0xBF, 0xAF, 0xBC,
    0x46, 0xF2, 0xB9, 0x2D, 0xF1, 0x1E, 0x99, 0x30, 0x23, 0x1E, 0x28, 0x68, 0x71, 0x5E, 0x53, 0xC9,
    0xE3, 0x3D, 0xA7, 0xB0, 0x9C, 0xB9, 0x32, 0x40, 0x46, 0xA1, 0x8A, 0x21, 0x5D, 0x3C, 0x40, 0x4F,
    0xA8, 0xC7, 0xA9, 0x38, 0xC5, 0xED, 0x6E, 0x73, 0xAF, 0xB7, 0x49, 0xE4, 0xBB, 0xDC, 0x25, 0x33,
    0xDE, 0xBF, 0x32, 0x6B, 0x3B, 0x69, 0x8D, 0x5E, 0xB6, 0xF2, 0xB2, 0x1D, 0xFA, 0xA4, 0xD6, 0xAC,
    0xDF, 0x07, 0x98, 0xFC, 0x99, 0x29, 0x70, 0x22, 0xAA, 0x91, 0xE2, 0xFD, 0x96, 0xD1, 0x78, 0xBD,
    0x9C, 0x3C, 0xDA, 0xFB, 0xBE, 0xAA, 0xE0, 0x3C, 0x48, 0x3F, 0xDA, 0x87, 0x3A, 0xF0, 0xA4, 0xE4,
    0x07, 0x54, 0xE8, 0xEF, 0x33, 0xE7, 0xF1, 0x7C, 0xD2, 0x2B, 0x25, 0xFE, 0xB0, 0x71, 0x58, 0xC7,
    0x66, 0x5C, 0x96, 0x11, 0x30, 0x31, 0x8D, 0x79, 0x12, 0x99, 0x94, 0xD9, 0xB4, 0x77, 0xAB, 0x3C,
    0x7D, 0x87, 0x01, 0xB9, 0x0C, 0xA7, 0x87, 0xF1, 0x3E, 0xF6, 0x07, 0x3C, 0xAE, 0xFE, 0x9B, 0x17,
    0x97, 0x52, 0x6D, 0x60, 0xF2, 0x14, 0xBD, 0x35, 0xFB, 0x3D, 0x05, 0x8F, 0x19, 0xA7, 0x8B, 0xB8,
    0xDA, 0x93, 0xDC, 0xAC, 0x83, 0xEE, 0xE1, 0x71, 0x9F, 0xBD, 0xE5, 0x0D, 0x96, 0x5F, 0x38, 0x6F,
    0x1F, 0x82, 0x05, 0x83, 0xAF, 0xBA, 0x36, 0xAB, 0x30, 0xC5, 0xA0, 0x31, 0xB5, 0x08, 0xBA, 0x74,
    0x70, 0x52, 0x3F, 0x66, 0x6C, 0xA9, 0x5D, 0xBD, 0x35, 0x2F, 0x12, 0xB2, 0x79, 0xDB, 0x64, 0x20,
    0xB1, 0xA1, 0xCD, 0xC6, 0xBE, 0xD5, 0x5A, 0xB3, 0x1D, 0x0E, 0x77, 0x90, 0x5B, 0x41, 0x7C, 0x6E,
    0xB3, 0x9E, 0xA2, 0x97, 0xFB, 0xFE, 0x0F, 0xD5, 0x5A, 0xBF, 0x8F, 0xDC, 0xC6, 0x15, 0x7E, 0x24,
    0x73, 0xDA, 0xC0, 0x2C, 0x78, 0x85, 0x2F, 0x01, 0x6C, 0xC0, 0x6C, 0xD2, 0x44, 0x80, 0xC5, 0x7F,
    0x40, 0x7B, 0xA4, 0x64, 0x20, 0x2E, 0x5C, 0xF8, 0x0A, 0x9D, 0x5D, 0xB8, 0x70, 0xCA, 0xC0, 0x45,
    0xD4, 0xA4, 0x48, 0xA1, 0x13, 0xA9, 0xFC, 0x05, 0x6A, 0x82, 0x94, 0x51, 0xE1, 0xC2, 0x3E, 0x15,
    0x6E, 0x14, 0x44, 0xC5, 0x4A, 0x24, 0x9C, 0x22, 0x2D, 0x11, 0xC4, 0x69, 0xDC, 0xD0, 0x86, 0x8D,
    0x20, 0x4A, 0x61, 0xDA, 0xA6, 0x93, 0x95, 0xC4, 0xE5, 0xCB, 0xF7, 0xBD, 0xE1, 0xEE, 0xDE, 0xE9,
    0xCE, 0xB1, 0x9C, 0x58, 0x67, 0xDD, 0xEE, 0xF2, 0xCD, 0x2C, 0x39, 0x9C, 0x79, 0xEF, 0xCD, 0x9B,
    0xF7, 0x6B, 0x46, 0x24, 0xA9, 0xD3, 0x36, 0xC7, 0x37, 0xA9, 0x3D, 0xE1, 0x27, 0x2A, 0xF0, 0xAD,
    0xA2, 0x2A, 0xC6, 0x37, 0xA9, 0x92, 0x1A, 0xCF, 0x1B, 0x7C, 0x5B, 0xD7, 0x2A, 0x6F, 0x45, 0x6E,
    0xB1, 0x99, 0x81, 0x39, 0xAE, 0x44, 0x3B, 0xF1, 0x54, 0x07, 0x99, 0x0C, 0x7F, 0x54, 0x89, 0xFA,
    0x3F, 0xA8, 0xC4, 0xDD, 0x2D, 0x95, 0xA4, 0xBB, 0x35, 0x97, 0xB4, 0x45, 0xBB, 0xAF, 0x05, 0x68,
    0x22, 0x12, 0xCF, 0x6F, 0xF9, 0x12, 0x2D, 0x6E, 0x45, 0x32, 0xD1, 0xFB, 0x77, 0xD9, 0x55, 0xCF,
    0x4E, 0x1B, 0x74, 0xDD, 0xAD, 0x06, 0x32, 0xC0, 0x4F, 0x88, 0xD1, 0x24, 0x57, 0x15, 0xD1, 0x8B,
    0x5A, 0xF8, 0x83, 0x68, 0x15, 0x2C, 0xA4, 0x2C, 0x00, 0x72, 0x01, 0xD8, 0x24, 0x10, 0x09, 0x06,
    0x00, 0x0F, 0xAD, 0xE4, 0xAC, 0xEE, 0xDF, 0x90, 0x54, 0xF1, 0xDA, 0x56, 0xF9, 0xC1, 0x0E, 0x06,
    0xAE, 0x65, 0x04, 0xC9, 0x0A, 0xA4, 0x15, 0x40, 0xCE, 0xEE, 0x17, 0x3B, 0xF2, 0xF3, 0x40, 0x87,
    0xD7, 0x9A, 0x58, 0x55, 0x9B, 0x04, 0xA0, 0x3E, 0x27, 0xB1, 0x66, 0x9B, 0x22, 0xCF, 0x4A, 0xA9,
    0x1F, 0x69, 0xA7, 0xFA, 0xB1, 0x76, 0xB1, 0xE2, 0x9D, 0x70, 0x90, 0x58, 0x02, 0x95, 0x73, 0xE2,
    0x6B, 0x36, 0xC5, 0x68, 0xC5, 0x15, 0x60, 0x55, 0x01, 0xD5, 0xBC, 0x06, 0x97, 0xD2, 0xCF, 0x41,
    0x42, 0xF2, 0x25, 0xBA, 0x8E, 0x1E, 0x56, 0xE2, 0xBD, 0xA9, 0xBF, 0x05, 0xF2, 0xAA, 0xC5, 0x99,
    0x9B, 0xBA, 0x9F, 0xF1, 0x3D, 0xD9, 0x78, 0x5D, 0x77, 0xB3, 0x47, 0xEE, 0x39, 0x30, 0xD1, 0x8C,
    0x8C, 0x58, 0xA0, 0x67, 0x00, 0xD9, 0xE0, 0xBF, 0x41, 0xC2, 0x07, 0x5A, 0x60, 0x4E, 0xEA, 0x34,
    0x8B, 0x78, 0x55, 0x69, 0xF6, 0x4C, 0x46, 0xD4, 0x13, 0xB0, 0x24, 0xC2, 0x1B, 0x31, 0x88, 0xDC,
    0x2B, 0x07, 0x99, 0x85, 0x5A, 0x81, 0x27, 0x6D, 0x09, 0xDE, 0xE6, 0x55, 0xD0, 0xA7, 0x73, 0xBF,
    0x8F, 0xF4, 0xDA, 0xDC, 0xD7, 0x07, 0x2D, 0x78, 0xD7, 0xA0, 0xFB, 0x8A, 0x48, 0xE2, 0xAD, 0xF6,
    0x05, 0x09, 0xDA, 0x14, 0x17, 0x98, 0xD7, 0xA4, 0xC5, 0xA4, 0x4E, 0x9A, 0xB8, 0x08, 0x31, 0x96,
    0x5C, 0xBE, 0x21, 0x57, 0xBD, 0xAE, 0x0C, 0x7A, 0x0D, 0x7A, 0x54, 0xE4, 0xC0, 0xE7, 0xB2, 0x5E,
    0x37, 0x1C, 0xD9, 0x8C, 0xAC, 0xBC, 0x8C, 0xDE, 0x80, 0x65, 0xD0, 0xE2, 0xE7, 0xED, 0x4B, 0x2F,
    0x61, 0x85, 0xF9, 0xDB, 0x96, 0x28, 0x1B, 0x82, 0x2E, 0x96, 0xD8, 0xEF, 0xA4, 0x8B, 0x8A, 0x73,
    0x78, 0x7E, 0x7D, 0x52, 0x4D, 0x27, 0x60, 0x4B, 0x50, 0x9D, 0x0F, 0xEB, 0x75, 0x51, 0x1F, 0x2E,
    0xA6, 0xA1, 0x35, 0xD9, 0xC6, 0x0B, 0x32, 0xA9, 0xE2, 0xA0, 0x93, 0x9F, 0x84, 0x45, 0x94, 0x2D,
    0xE4, 0x56, 0x94, 0x85, 0x15, 0x08, 0x00, 0xC2, 0xCD, 0x99, 0x21, 0x9B, 0x09, 0xC6, 0x12, 0xF4,
    0x2E, 0x69, 0x61, 0x13, 0x19, 0xEA, 0x7B, 0x44, 0x09, 0x13, 0xD5, 0x18, 0xA2, 0x98, 0x6E, 0x70,
    0xB0, 0x91, 0xE8, 0xC1, 0x42, 0xA2, 0x66, 0x10, 0x6F, 0x07, 0xCC, 0xDD, 0x52, 0xCE, 0x03, 0xDA,
    0x73, 0x0E, 0xDD, 0x95, 0xFC, 0xB3, 0xCC, 0xA2, 0x05, 0x28, 0xC9, 0xF0, 0xC2, 0x4F, 0xE5, 0x86,
    0xCC, 0x82, 0xC6, 0x9F, 0x47, 0x55, 0xD8, 0xA6, 0x45, 0xDC, 0x94, 0x92, 0xBF, 0x0F, 0x39, 0x7B,
    0xA9, 0xB7, 0x8B, 0xF5, 0xB8, 0x2E, 0x85, 0xCF, 0xD8, 0x86, 0x6D, 0xED, 0x9D, 0xC7, 0xE0, 0xCE,
    0xE7, 0xBB, 0x3B, 0xE4, 0xCE, 0x9F, 0x31, 0xE3, 0xE4, 0xCE, 0xDD, 0x37, 0x5A, 0x70, 0x47, 0xA6,
    0x1E, 0xB9, 0x23, 0x53, 0x99, 0x83, 0x3B, 0x2C, 0xC0, 0x16, 0xDE, 0x64, 0xB1, 0xFD, 0x46, 0x03,
    0xB6, 0x40, 0x7E, 0xC9, 0x1D, 0xD9, 0x4E, 0xC9, 0x1D, 0x99, 0x46, 0x05, 0xB8, 0x23, 0xD3, 0xB0,
    0x06, 0x77, 0x64, 0x1A, 0xB4, 0xE4, 0xCE, 0x55, 0x6F, 0x0E, 0xEE, 0xFC, 0x49, 0x6B, 0x45, 0xA3,
    0x8F, 0x76, 0xB3, 0xAD, 0xC7, 0xE2, 0xCE, 0xD6, 0xEE, 0xEE, 0x2E, 0x57, 0x87, 0x66, 0x67, 0xF7,
    0xF7, 0xF7, 0x33, 0x27, 0x7A, 0x31, 0x38, 0x7C, 0xB1, 0xDB, 0x93, 0xF9, 0x4C, 0x66, 0xF8, 0xA1,
    0x92, 0xFE, 0xAE, 0x8D, 0xB4, 0xC6, 0x6A, 0xF3, 0xF6, 0x33, 0x08, 0x68, 0xD8, 0x4B, 0xDC, 0xB2,
    0xDB, 0x3D, 0xBC, 0x80, 0x1E, 0x76, 0x28, 0xC4, 0xF3, 0x44, 0x87, 0xF2, 0x7A, 0xAA, 0xED, 0x36,
    0x64, 0xAC, 0x9D, 0x62, 0x98, 0xA3, 0xC0, 0x1E, 0xA4, 0x04, 0x31, 0xC1, 0x84, 0x40, 0x3C, 0x02,
    0xF9, 0x3F, 0x80, 0x87, 0x21, 0x65, 0xD2, 0xA6, 0x99, 0xE4, 0x6D, 0x3A, 0x97, 0xB7, 0x6E, 0x9C,
    0x7D, 0x7B, 0x43, 0xF2, 0x4A, 0x1B, 0x6D, 0xCA, 0x3A, 0xC9, 0x3C, 0xAC, 0xAC, 0x4A, 0x26, 0x1D,
    0x14, 0x94, 0xAD, 0xF2, 0x34, 0xDB, 0xC4, 0x94, 0x2E, 0x24, 0xFD, 0x04, 0xC2, 0x71, 0x1D, 0x98,
    0xF4, 0x20, 0x65, 0x90, 0x32, 0x2B, 0x05, 0xDF, 0x4C, 0x25, 0xC7, 0xE5, 0xFE, 0xE5, 0x05, 0x84,
    0xE3, 0x6F, 0x3D, 0x10, 0x05, 0xCB, 0xB6, 0x44, 0x7E, 0xE1, 0x5F, 0x97, 0x6D, 0xB0, 0x34, 0xC9,
    0x7A, 0x89, 0x9C, 0x10, 0x60, 0x7D, 0x25, 0x8D, 0x3F, 0x44, 0x1D, 0x2F, 0xD6, 0x79, 0x8F, 0xCF,
    0xD8, 0x86, 0x6D, 0xF9, 0x8E, 0xF8, 0xD4, 0x94, 0x1C, 0x1F, 0xB3, 0x60, 0x4C, 0xE6, 0x4A, 0x5F,
    0x2C, 0x67, 0xE1, 0xC0, 0x87, 0x0B, 0xCD, 0x9B, 0x2F, 0x01, 0x18, 0x8D, 0xF9, 0xE2, 0x6A, 0xC0,
    0xF2, 0x86, 0x92, 0xA4, 0xC2, 0xE2, 0xAD, 0x94, 0xCD, 0xD2, 0xD6, 0x80, 0xFF, 0x36, 0xC1, 0x00,
    0x2D, 0x10, 0x50, 0xFD, 0xA2, 0xEB, 0x40, 0xDF, 0x5B, 0x8C, 0xD3, 0xEC, 0x5D, 0x42, 0x9B, 0x33,
    0xEF, 0x5A, 0xD7, 0x36, 0x28, 0xB5, 0x62, 0x61, 0xA5, 0x29, 0x3D, 0x0C, 0xD1, 0xBA, 0xBB, 0x9D,
    0x1C, 0xFD, 0xD8, 0xF0, 0xE3, 0xB8, 0x50, 0xD4, 0xEE, 0xFD, 0xD4, 0x15, 0x53, 0xD7, 0xCD, 0x4C,
    0xAD, 0x9B, 0x79, 0x59, 0x59, 0x27, 0x39, 0x45, 0xCB, 0x6F, 0x0D, 0x35, 0x28, 0x14, 0x76, 0x0A,
    0x19, 0x35, 0x52, 0xAA, 0xA8, 0x77, 0xD6, 0x85, 0xBD, 0xC5, 0x12, 0xDA, 0xF2, 0x50, 0x6A, 0x72,
    0x27, 0x80, 0x22, 0x77, 0x30, 0x1F, 0x95, 0x49, 0x2D, 0x0A, 0x22, 0xA4, 0x35, 0xFA, 0xC2, 0x9C,
    0x51, 0xB1, 0x18, 0xBD, 0x44, 0x36, 0xEF, 0x41, 0x1A, 0x74, 0x94, 0x56, 0xF8, 0x45, 0x6A, 0xE3,
    0x3F, 0xF7, 0xB6, 0x43, 0xCD, 0x11, 0x51, 0xD6, 0x56, 0x38, 0x3C, 0x83, 0xB9, 0x23, 0xBE, 0x3E,
    0xC5, 0xF4, 0x9D, 0x79, 0xC7, 0xE1, 0x39, 0x8C, 0x08, 0x66, 0x46, 0x65, 0x42, 0x94, 0xFC, 0xF9,
    0xC4, 0x70, 0xA9, 0xA5, 0x3B, 0xBD, 0xF4, 0x3D, 0x3B, 0x0A, 0x26, 0x14, 0x1E, 0x45, 0xFD, 0x7E,
    0x6F, 0xEB, 0x84, 0x96, 0x5E, 0xA2, 0x0B, 0xA6, 0xAD, 0x36, 0xE4, 0x5C, 0x76, 0x6A, 0xE9, 0xF3,
    0x3A, 0x93, 0xBE, 0xA0, 0x8F, 0xDA, 0x75, 0xE1, 0xCD, 0xC3, 0xE3, 0x44, 0xF2, 0x94, 0x2D, 0xBC,
    0x11, 0x5D, 0x87, 0x67, 0x5A, 0x5A, 0x71, 0x3E, 0x34, 0x04, 0x7F, 0x3D, 0x29, 0x0E, 0xFC, 0x4B,
    0xF4, 0xA9, 0xA2, 0xA8, 0xFB, 0x3A, 0x8A, 0x60, 0xB7, 0x61, 0xCA, 0x64, 0xAC, 0xD8, 0x34, 0xDC,
    0x85, 0x7F, 0x66, 0x95, 0x7F, 0x01, 0x4F, 0x56, 0xFC, 0x2F, 0x50, 0x99, 0x11, 0xAD, 0xBF, 0x8C,
    0x95, 0xF0, 0x7D, 0x54, 0x28, 0xC5, 0xD1, 0xC5, 0x51, 0xBB, 0x26, 0xFE, 0x58, 0x99, 0x2E, 0x2B,
    0x33, 0x5F, 0x3F, 0xD8, 0x35, 0xCA, 0x7C, 0xBA, 0x7C, 0x24, 0xCA, 0xD7, 0x7B, 0xB4, 0xB9, 0x93,
    0x6A, 0x6C, 0x13, 0xDD, 0xBB, 0xE9, 0x2A, 0xB1, 0x6B, 0x21, 0xB2, 0xBD, 0xFB, 0xBA, 0xAB, 0x5C,
    0x91, 0xB1, 0xCD, 0xDC, 0x2A, 0x31, 0xA9, 0x61, 0x25, 0x21, 0x3D, 0xAC, 0xA4, 0x70, 0xE6, 0xB0,
    0x76, 0x0A, 0x58, 0x38, 0x70, 0xA0, 0x24, 0xF6, 0xEB, 0x8A, 0xFB, 0x78, 0xA5, 0x99, 0x3B, 0x90,
    0x97, 0x37, 0xF1, 0xE0, 0x29, 0x4C, 0x39, 0x4C, 0x86, 0xAF, 0x60, 0xA3, 0xD7, 0x93, 0xA5, 0xD7,
    0x9D, 0x71, 0x99, 0xAF, 0x40, 0x77, 0x0C, 0x58, 0x3D, 0xB5, 0xC6, 0x71, 0xBF, 0x54, 0x4C, 0x34,
    0x2F, 0x21, 0xB9, 0x9E, 0x48, 0xB9, 0x78, 0x6D, 0x81, 0x19, 0x57, 0xE2, 0x4A, 0x6F, 0x28, 0xA4,
    0x47, 0x14, 0x35, 0x2B, 0xC1, 0x36, 0x3D, 0x76, 0x17, 0xD7, 0x05, 0xD6, 0x74, 0x69, 0xE4, 0xCE,
    0x9A, 0x13, 0x65, 0x3D, 0xCA, 0x64, 0x71, 0x40, 0x87, 0x9B, 0xA6, 0x3B, 0xA2, 0xC2, 0x39, 0xD5,
    0x8B, 0x11, 0x7A, 0x5A, 0x7B, 0x0B, 0x9B, 0xE5, 0xED, 0x23, 0xF0, 0x59, 0x83, 0xF2, 0x08, 0xFC,
    0x74, 0x17, 0x9C, 0x57, 0x9B, 0x73, 0xCC, 0x42, 0x71, 0x6C, 0x9B, 0xC3, 0x10, 0x82, 0x0C, 0x18,
    0x1D, 0x80, 0x69, 0xC1, 0xD1, 0xD5, 0x41, 0xEA, 0x27, 0xF6, 0xE3, 0x6C, 0xF5, 0x48, 0x80, 0x2D,
    0x75, 0x7A, 0x4A, 0xF8, 0xEC, 0xC9, 0xD3, 0x8E, 0xFF, 0x5B, 0xC5, 0xEA, 0x85, 0x40, 0x89, 0x79,
    0xF4, 0x31, 0x27, 0x23, 0x29, 0x18, 0x1B, 0xC1, 0x67, 0xCB, 0x9E, 0x6E, 0xFC, 0x11, 0x76, 0x98,
    0x9C, 0xE5, 0xC5, 0x12, 0x86, 0x75, 0x7A, 0x9C, 0x7A, 0x7D, 0xDA, 0x30, 0xA7, 0xE0, 0x27, 0x73,
    0xB7, 0x3A, 0x2C, 0x68, 0xA5, 0xC0, 0x84, 0xD5, 0x41, 0x7C, 0x33, 0x5E, 0x1E, 0x6D, 0x21, 0x7B,
    0xFD, 0x4E, 0xAE, 0x66, 0xD5, 0x2F, 0xDD, 0x7A, 0x0B, 0x3C, 0xA9, 0x04, 0x12, 0x8C, 0x91, 0x83,
    0xC2, 0xDB, 0x72, 0x72, 0xE3, 0x53, 0xF0, 0xF0, 0x3F, 0x80, 0xC9, 0x0F, 0xBF, 0xE8, 0x4D, 0xE0,
    0xA6, 0x08, 0x90, 0x4E, 0x6A, 0xFC, 0xA8, 0xD8, 0x83, 0x8E, 0x51, 0xBB, 0xE2, 0xE2, 0xEA, 0xA3,
    0xB2, 0xF2, 0x44, 0xC7, 0xC6, 0xF5, 0x0F, 0x27, 0x91, 0x4C, 0xA3, 0xD4, 0x97, 0x99, 0xD9, 0xA8,
    0xA9, 0x46, 0xD1, 0xAE, 0x6C, 0x4D, 0x56, 0x3A, 0x42, 0x68, 0x5B, 0xC0, 0xD8, 0x20, 0x14, 0x36,
    0xE1, 0xB0, 0xA5, 0x9F, 0x66, 0xD1, 0x00, 0x45, 0x5B, 0x47, 0xC3, 0x73, 0x7A, 0xEF, 0x3A, 0xF4,
    0xB0, 0xDD, 0x5F, 0xC3, 0x78, 0xB1, 0x7E, 0x17, 0x4A, 0x1B, 0x30, 0xB7, 0x3E, 0x81, 0x00, 0x47,
    0xA1, 0x2C, 0xC6, 0xC3, 0x38, 0x3A, 0xE0, 0x90, 0x99, 0xAF, 0x65, 0x1F, 0xD8, 0x08, 0x73, 0xCA,
    0x06, 0xF2, 0x23, 0x78, 0xA8, 0x96, 0x56, 0xA9, 0x4B, 0x8B, 0x4D, 0x32, 0xD3, 0xE8, 0x8F, 0xF0,
    0x29, 0xC3, 0xD5, 0xA4, 0x1C, 0x48, 0x1B, 0x0F, 0xEA, 0xC3, 0xA3, 0xF5, 0x9D, 0x5B, 0x92, 0x88,
    0x2F, 0xB3, 0x50, 0x2B, 0x1E, 0x82, 0x3A, 0xDE, 0x47, 0x53, 0x16, 0xC0, 0x88, 0x05, 0x90, 0x64,
    0x01, 0xBC, 0x59, 0x20, 0x0C, 0x65, 0x01, 0x46, 0x58, 0x0F, 0xDA, 0x58, 0x91, 0x76, 0x56, 0xC4,
    0xBD, 0x15, 0x91, 0xEB, 0x3D, 0x70, 0x85, 0x37, 0x8E, 0x55, 0xBA, 0x02, 0xD4, 0x12, 0x01, 0x38,
    0x0C, 0x44, 0x29, 0x64, 0xD1, 0x58, 0x30, 0xF0, 0xCC, 0x3B, 0xEB, 0x60, 0xC8, 0x73, 0xAE, 0xB4,
    0x0B, 0x85, 0x5C, 0x24, 0x74, 0x24, 0x10, 0x82, 0xD5, 0xCC, 0xCC, 0x22, 0x77, 0xB4, 0x52, 0xF0,
    0x35, 0xC0, 0x36, 0xC4, 0x50, 0xEC, 0xA0, 0xAC, 0xE9, 0x81, 0xA4, 0x2D, 0x4D, 0x56, 0xDA, 0xD1,
    0x1E, 0x26, 0x3D, 0x4D, 0x63, 0xBC, 0x84, 0x4C, 0xCC, 0x2C, 0x8E, 0x81, 0x07, 0xDA, 0xB8, 0xB7,
    0xAC, 0x87, 0xB9, 0xEB, 0x8D, 0x3D, 0xE7, 0xF0, 0x0D, 0x32, 0xFA, 0x2E, 0xDA, 0xF0, 0xAF, 0xD9,
    0x52, 0x1A, 0x53, 0x2A, 0x68, 0xCF, 0x85, 0x8C, 0xCE, 0x5A, 0x9A, 0x97, 0x24, 0x76, 0xDF, 0xC5,
    0x93, 0x8E, 0x8A, 0xA8, 0x38, 0x1D, 0x54, 0x3C, 0x63, 0x81, 0x5B, 0x6A, 0x26, 0xBF, 0xB4, 0x9C,
    0xDD, 0x02, 0x61, 0x3C, 0x7C, 0x9A, 0x88, 0x09, 0x8B, 0xC2, 0x6F, 0x4E, 0x05, 0x15, 0x0C, 0xB2,
    0x99, 0x04, 0xBC, 0xCD, 0xB0, 0xE5, 0x5F, 0xEC, 0xF6, 0x33, 0x9A, 0xCF, 0xD8, 0xE7, 0x5A, 0xDF,
    0x90, 0x5F, 0x9E, 0x8A, 0xB9, 0xF0, 0x1B, 0x0A, 0xCD, 0xA4, 0x63, 0xAA, 0xC8, 0x41, 0xCC, 0x42,
    0x75, 0x9C, 0xF9, 0x7C, 0x2A, 0xF1, 0xFF, 0x81, 0x48, 0xF6, 0x22, 0x14, 0x54, 0x9A, 0x45, 0x4D,
    0x54, 0xA7, 0x45, 0xD0, 0x0D, 0x4E, 0xFD, 0xA4, 0x8D, 0xCB, 0xF7, 0x02, 0xDB, 0x60, 0xCE, 0x3C,
    0x60, 0x9A, 0xA5, 0x45, 0x54, 0x9F, 0x43, 0x5B, 0xBE, 0xB3, 0x26, 0x2B, 0x36, 0xCA, 0xAE, 0x1A,
    0x65, 0xFD, 0x9A, 0x32, 0xDF, 0x28, 0x0B, 0x94, 0x94, 0x85, 0x4A, 0xCA, 0xA2, 0x9C, 0x94, 0x25,
    0x46, 0xD9, 0x79, 0xC3, 0xFA, 0xB6, 0x51, 0xD6, 0x92, 0x1A, 0xB0, 0x11, 0x70, 0x52, 0x11, 0x32,
    0x42, 0x49, 0xE7, 0xB1, 0x51, 0x36, 0x35, 0xCA, 0xAE, 0x18, 0x65, 0x1D, 0x29, 0x83, 0x84, 0x90,
    0xB2, 0xDA, 0x28, 0xAB, 0xD6, 0x94, 0xA5, 0x46, 0xD9, 0xB6, 0x51, 0x76, 0xDB, 0x66, 0xC6, 0xAD,
    0x77, 0x7F, 0x7F, 0x19, 0x25, 0x3B, 0xF5, 0xEC, 0xBC, 0x61, 0xE7, 0x60, 0x8A, 0xEF, 0x02, 0xC6,
    0x23, 0x3E, 0xA6, 0xE5, 0xCA, 0x3D, 0x98, 0x99, 0xB1, 0xA0, 0x44, 0x86, 0x8D, 0x75, 0x02, 0x77,
    0xDA, 0x8A, 0xEA, 0x49, 0x16, 0xB2, 0x2C, 0x6A, 0xF3, 0x67, 0x60, 0xD0, 0x62, 0x90, 0x95, 0x2E,
    0x84, 0xA1, 0x62, 0xE4, 0x02, 0x2C, 0x6F, 0x4C, 0x48, 0x5A, 0xAE, 0x6A, 0xA5, 0x13, 0x96, 0xC9,
    0x9C, 0xFC, 0xF1, 0x92, 0x39, 0xA7, 0x8E, 0x4C, 0xFF, 0xDD, 0x71, 0x3F, 0x63, 0x0C, 0x88, 0x6D,
    0x56, 0xD3, 0x57, 0xAD, 0xC9, 0xC2, 0xD2, 0x85, 0x5E, 0x8B, 0xA8, 0xEF, 0xB4, 0x93, 0xB9, 0xE7,
    0xDB, 0x34, 0x6A, 0xD0, 0x1F, 0x28, 0xC6, 0x9B, 0xC7, 0x7C, 0x4E, 0x9F, 0xB4, 0x3A, 0x33, 0x5C,
    0x3E, 0x9E, 0x19, 0x46, 0x17, 0xA1, 0xF6, 0x0E, 0x46, 0x18, 0x2C, 0xAD, 0x27, 0x8C, 0xE1, 0x8B,
    0x80, 0x75, 0xC3, 0x62, 0x6A, 0xCE, 0xE1, 0xCC, 0x92, 0x2E, 0x1D, 0xA3, 0x02, 0x66, 0x2D, 0xA2,
    0x3E, 0xA0, 0x39, 0x1C, 0x88, 0x54, 0xA0, 0xF4, 0x8B, 0x7D, 0xFD, 0xBD, 0xF5, 0x67, 0x63, 0x95,
    0xFD, 0x7A, 0xBD, 0xFC, 0x77, 0x98, 0xCF, 0x5D, 0x72, 0xA1, 0x31, 0x05, 0xDA, 0x9A, 0x13, 0x2A,
    0x23, 0xF4, 0x1C, 0x5D, 0xCB, 0x20, 0x67, 0xC7, 0xD0, 0xE5, 0x03, 0xBD, 0x47, 0x63, 0xA6, 0x35,
    0xF5, 0x32, 0x3D, 0x4D, 0xC2, 0xD0, 0xDC, 0xD4, 0xC9, 0x08, 0xB3, 0x03, 0x75, 0x7B, 0x6A, 0x6D,
    0x22, 0x6B, 0xCF, 0x81, 0xF5, 0xA1, 0x39, 0xBD, 0x86, 0xAD, 0xFE, 0xF5, 0xC0, 0x28, 0x8D, 0xC8,
    0x21, 0x1C, 0xC6, 0x4C, 0xEE, 0xC4, 0x82, 0xAB, 0xE4, 0x7E, 0x4C, 0x03, 0x53, 0x4F, 0xD8, 0x0F,
    0xB7, 0xFA, 0x3C, 0x7A, 0xE1, 0xB4, 0xB3, 0x4B, 0x08, 0x39, 0x71, 0xBF, 0x8B, 0x7A, 0x2F, 0xFB,
    0xB1, 0xBE, 0xB4, 0x20, 0x63, 0x5E, 0xE9, 0x0F, 0x40, 0xBB, 0xF3, 0x32, 0x78, 0xEC, 0xEB, 0x4B,
    0x96, 0x8E, 0xC8, 0x4C, 0xAC, 0xB2, 0x44, 0x2B, 0xC0, 0x89, 0x9A, 0x51, 0xC9, 0x5B, 0x5F, 0x7F,
    0x26, 0x09, 0xE0, 0x9B, 0x45, 0x44, 0x58, 0x45, 0x6D, 0xA0, 0x6F, 0x36, 0x49, 0x53, 0xEA, 0x2B,
    0x03, 0x93, 0x43, 0x17, 0x6C, 0x33, 0x87, 0xFB, 0x70, 0xA6, 0x85, 0x5D, 0x2A, 0xC6, 0x34, 0x53,
    0xDC, 0xAE, 0xD4, 0xD2, 0x7A, 0xB1, 0xEE, 0x98, 0x98, 0xD4, 0xA4, 0x03, 0x5E, 0x2A, 0x53, 0x2B,
    0xD1, 0x7C, 0x32, 0xC0, 0xAA, 0x72, 0x07, 0x60, 0x73, 0xB2, 0xDC, 0x01, 0xF8, 0xD1, 0x4D, 0xD2,
    0x01, 0xA7, 0x38, 0x1E, 0x5E, 0x56, 0xCC, 0x10, 0xEE, 0xE5, 0xB4, 0x75, 0x79, 0x63, 0x20, 0xE4,
    0xDF, 0x88, 0x0F, 0x72, 0x34, 0xD1, 0x2F, 0x69, 0x1E, 0xAE, 0x61, 0x2A, 0x5C, 0xB6, 0xD4, 0xDC,
    0x58, 0xEE, 0xFC, 0x39, 0x3C, 0xC8, 0x3D, 0xB7, 0xC9, 0x50, 0x9F, 0x24, 0x1A, 0xA6, 0xC5, 0x22,
    0xB5, 0x04, 0x1F, 0x78, 0x92, 0xBF, 0x8A, 0xD1, 0xFB, 0xA0, 0x83, 0x33, 0xB1, 0x8E, 0x1F, 0x4F,
    0x00, 0x8D, 0x2D, 0x27, 0x53, 0xDC, 0x89, 0x5D, 0xDC, 0xC1, 0x12, 0xC1, 0x4A, 0x9D, 0x54, 0x78,
    0xB8, 0x91, 0x3D, 0x5F, 0x9C, 0x20, 0x1A, 0xB7, 0x03, 0x28, 0xAB, 0x45, 0xD8, 0x39, 0x00, 0x46,
    0xB4, 0x87, 0x56, 0xFF, 0x49, 0x88, 0xC5, 0x2A, 0x77, 0x16, 0x73, 0x3E, 0xA6, 0xD4, 0x66, 0xE7,
    0x83, 0x6A, 0xAC, 0xD9, 0xBD, 0x31, 0xB3, 0x76, 0x52, 0x08, 0xED, 0x30, 0x9E, 0xC4, 0x28, 0xD7,
    0x30, 0x04, 0xC6, 0x79, 0xC8, 0x70, 0x1B, 0xBA, 0xAF, 0x86, 0xA7, 0x88, 0x20, 0xAF, 0x80, 0x0B,
    0x84, 0xFE, 0x32, 0x08, 0x32, 0xC7, 0x63, 0x7A, 0xD7, 0x15, 0x18, 0x73, 0xBF, 0xEC, 0x39, 0x2A,
    0x26, 0x93, 0xE3, 0xEE, 0xEE, 0x5E, 0xB2, 0x91, 0xC5, 0x8D, 0x2D, 0x6E, 0x74, 0xB1, 0xF1, 0x0B,
    0xD9, 0x24, 0x06, 0xB5, 0xB4, 0xC0, 0xA1, 0xBC, 0xFF, 0x7C, 0x1B, 0xE3, 0x1D, 0xE8, 0x10, 0x5B,
    0xDF, 0x83, 0xED, 0x2F, 0x6C, 0x64, 0x8E, 0xDE, 0x9C, 0x61, 0xAF, 0xCE, 0xC3, 0x3E, 0xEC, 0xE3,
    0x6E, 0xB2, 0x48, 0xDB, 0xA0, 0xC7, 0xD5, 0xF0, 0x58, 0x03, 0x43, 0xA9, 0xD5, 0xE5, 0x72, 0xC5,
    0xB6, 0xC7, 0x06, 0x0D, 0xF6, 0x43, 0x78, 0x7D, 0x2F, 0x46, 0x7A, 0xA1, 0x0F, 0xE8, 0xF4, 0xA2,
    0x0F, 0x6E, 0xB8, 0xD8, 0xB2, 0xB7, 0xED, 0x7A, 0x86, 0x2C, 0xB8, 0x36, 0xB9, 0xB9, 0x38, 0xD8,
    0x0B, 0x9E, 0xED, 0xA5, 0x9A, 0x51, 0xA7, 0xFF, 0x29, 0x51, 0xB7, 0x72, 0xD2, 0xCE, 0x1D, 0x64,
    0xBF, 0x5C, 0x36, 0xDD, 0xC4, 0xBC, 0xC7, 0x22, 0x24, 0xFB, 0xD1, 0x1F, 0x15, 0x11, 0xB7, 0xF4,
    0x34, 0x4B, 0x5B, 0xB8, 0xD5, 0xF9, 0x83, 0x9B, 0x00, 0x4C, 0x16, 0xE5, 0x5F, 0xED, 0xEE, 0x66,
    0x79, 0xBB, 0xDE, 0xFA, 0x73, 0x1A, 0x60, 0x83, 0x69, 0x9B, 0x17, 0xE0, 0x49, 0x5C, 0xB8, 0xCB,
    0xAE, 0x7A, 0x76, 0xDA, 0x2C, 0xA3, 0x12, 0xA7, 0x26, 0xE6, 0x87, 0xD4, 0x44, 0xEF, 0x36, 0x8C,
    0x4E, 0x10, 0x0D, 0xFF, 0x9D, 0xC7, 0x52, 0x13, 0x4F, 0x1A, 0x8D, 0xD9, 0x37, 0xAE, 0xCF, 0x27,
    0x8C, 0xC1, 0xB1, 0x89, 0xBE, 0xC9, 0x3A, 0xC8, 0x8A, 0x99, 0xB2, 0x51, 0xBA, 0x3A, 0xB5, 0xDB,
    0xC6, 0xFC, 0x36, 0x17, 0x96, 0x5C, 0xCC, 0x45, 0xCA, 0x2C, 0xCB, 0x99, 0x77, 0x89, 0x44, 0xD2,
    0x4A, 0x5E, 0xC9, 0x20, 0xAB, 0x30, 0xDA, 0xD9, 0xCB, 0x89, 0x99, 0xC0, 0x6F, 0xFC, 0xC1, 0x29,
    0xC9, 0xB5, 0xC7, 0x4F, 0xF6, 0x33, 0xC3, 0x88, 0x39, 0x61, 0x66, 0x84, 0xD3, 0xEC, 0x2E, 0x02,
    0x8D, 0xF8, 0x3B, 0xC7, 0x3A, 0xCE, 0x66, 0x92, 0x56, 0x83, 0x5D, 0x49, 0x76, 0xE7, 0xD0, 0xDC,
    0x7C, 0x67, 0x9C, 0xC9, 0x2C, 0xC9, 0x20, 0xBF, 0xC2, 0xDD, 0xBF, 0x77, 0xD4, 0x36, 0x0C, 0x77,
    0x29, 0x94, 0xE9, 0x67, 0xE0, 0xD2, 0xDE, 0x04, 0xB3, 0xB3, 0xE9, 0x53, 0x45, 0x66, 0x6A, 0xEE,
    0x28, 0xD8, 0xC0, 0xCD, 0xA1, 0x05, 0xB8, 0x11, 0x33, 0x81, 0x86, 0x59, 0x2E, 0x1B, 0x00, 0x3B,
    0x0A, 0xB5, 0x04, 0xCD, 0x58, 0x6B, 0x0C, 0xF0, 0xA9, 0xB5, 0xB3, 0x37, 0x8A, 0x70, 0xE1, 0xEB,
    0x4A, 0x10, 0xEA, 0x51, 0x14, 0x5D, 0xE2, 0x00, 0xDD, 0xD6, 0xF4, 0x7D, 0x3E, 0xAC, 0x6C, 0x2C,
    0xC0, 0x99, 0xAD, 0x92, 0x1D, 0xEF, 0x40, 0xF6, 0x55, 0x36, 0xD9, 0x84, 0x5A, 0x2E, 0xD5, 0x54,
    0xB9, 0xC9, 0xF3, 0x00, 0xF2, 0x09, 0xDF, 0x38, 0xA5, 0x43, 0x53, 0x41, 0x35, 0xC1, 0x1F, 0x89,
    0x08, 0xB3, 0xFF, 0x01, 0x06, 0x24, 0x0E, 0x83, 0x23, 0x20, 0xAD, 0x73, 0x7A, 0xA5, 0xF5, 0xE3,
    0xBA, 0x38, 0x46, 0x8D, 0xD1, 0x15, 0x82, 0x3B, 0x62, 0xB4, 0x42, 0xE2, 0xB4, 0x22, 0xE9, 0xF5,
    0x8A, 0x1D, 0x23, 0x77, 0x96, 0x2C, 0xE2, 0x86, 0x9E, 0xB1, 0xA8, 0xAC, 0xAD, 0x71, 0xE4, 0x58,
    0x14, 0x2C, 0x59, 0x94, 0xAC, 0x75, 0x97, 0x9D, 0x5B, 0xB0, 0xAD, 0x3E, 0x5B, 0x5A, 0x4C, 0xE8,
    0xF3, 0x24, 0x8D, 0x1C, 0xC8, 0x0A, 0x9D, 0x00, 0x1A, 0xE6, 0xE2, 0x58, 0x98, 0x66, 0x41, 0x9A,
    0x85, 0x68, 0xA3, 0xEE, 0x9A, 0x9D, 0x20, 0x1A, 0x1B, 0x2E, 0xCC, 0x58, 0xBA, 0x38, 0x0F, 0xCD,
    0xC5, 0x29, 0xA1, 0xCA, 0x0E, 0xBB, 0x38, 0x4F, 0x1A, 0x8D, 0x19, 0xE3, 0x91, 0x61, 0xD2, 0x11,
    0x40, 0x24, 0xEE, 0x1C, 0xAB, 0x42, 0x9F, 0xAC, 0x58, 0x50, 0x28, 0x2A, 0xB7, 0x29, 0x18, 0xE3,
    0x0A, 0xB3, 0x47, 0x42, 0x2C, 0x9E, 0xD1, 0xD3, 0x6E, 0x6B, 0x77, 0x77, 0x7D, 0xB4, 0xE6, 0x4C,
    0xE6, 0xDA, 0x2E, 0xDF, 0xD9, 0x58, 0x23, 0x8C, 0x68, 0xEA, 0xB2, 0xAA, 0x3B, 0x68, 0x37, 0x22,
    0xEC, 0x13, 0xE1, 0x80, 0x08, 0x87, 0x58, 0x13, 0x6D, 0x5C, 0x02, 0xE1, 0x29, 0x71, 0x9D, 0x11,
    0xF0, 0x10, 0xE4, 0x97, 0xB8, 0x93, 0xFE, 0xBB, 0x02, 0xC2, 0x9A, 0x01, 0x61, 0x9E, 0x42, 0x84,
    0x9C, 0x8E, 0x08, 0x9B, 0xFB, 0x19, 0x30, 0xC8, 0x0A, 0x8B, 0x4B, 0xCB, 0xB1, 0xDE, 0xB2, 0x84,
    0xB9, 0x19, 0x0B, 0xF3, 0x72, 0x78, 0x0E, 0xC0, 0x1D, 0x56, 0x71, 0xEA, 0x2D, 0x7B, 0x34, 0x9B,
    0xEE, 0xF3, 0x58, 0x12, 0x02, 0x1B, 0x1E, 0x3E, 0xCA, 0x12, 0x76, 0xE8, 0x56, 0xEB, 0xB7, 0x86,
    0x4E, 0x3F, 0xA0, 0x07, 0x84, 0x97, 0x4C, 0xB4, 0x42, 0x7B, 0x30, 0xBB, 0xA5, 0x1F, 0x9A, 0x46,
    0x7D, 0x99, 0x1A, 0x69, 0x64, 0x94, 0xED, 0x5E, 0xFA, 0x8F, 0xBD, 0x7B, 0x79, 0xF2, 0x18, 0x8E,
    0xFB, 0x93, 0x8D, 0xED, 0x4F, 0xD2, 0xA3, 0x0A, 0x3F, 0xB7, 0x3D, 0xE8, 0x71, 0x7F, 0x32, 0xCA,
    0xBE, 0x6F, 0x0C, 0xA3, 0x62, 0xDB, 0xCE, 0x94, 0x96, 0x2B, 0x18, 0x55, 0x57, 0x8F, 0xDF, 0x81,
    0x3C, 0x79, 0xEE, 0x99, 0x5E, 0x77, 0x47, 0x26, 0xBA, 0xE5, 0xA6, 0xC7, 0x70, 0x64, 0xC7, 0x43,
    0xB5, 0xD6, 0x85, 0x01, 0x88, 0x75, 0xD4, 0x84, 0x0B, 0x90, 0x00, 0x47, 0x3B, 0x2A, 0xB8, 0x34,
    0x6C, 0x24, 0xFA, 0xB5, 0x53, 0x1A, 0xD6, 0x2B, 0xF4, 0x95, 0x6F, 0x53, 0x3B, 0xA3, 0x87, 0xF8,
    0x2B, 0x26, 0x2A, 0x1E, 0x34, 0xD4, 0x95, 0xF4, 0x8D, 0xD5, 0x72, 0x15, 0xC5, 0xE8, 0xE7, 0xB8,
    0xFC, 0x9D, 0x09, 0x95, 0x9D, 0xA0, 0xB0, 0x48, 0xB5, 0x1D, 0x4F, 0x05, 0x78, 0x3C, 0xF1, 0x61,
    0x67, 0x41, 0xD2, 0x4F, 0xEC, 0x4C, 0xA2, 0xF3, 0x54, 0xA8, 0x70, 0xB3, 0x71, 0x3B, 0xFD, 0x08,
    0x30, 0x11, 0x08, 0x69, 0x9D, 0x53, 0x6D, 0x02, 0xBD, 0x9F, 0x77, 0xCC, 0xD0, 0xF6, 0x81, 0x33,
    0xD5, 0x45, 0x38, 0x04, 0xF4, 0x73, 0x96, 0x20, 0x38, 0x0C, 0xDC, 0x83, 0x21, 0x70, 0x0B, 0xB6,
    0xE2, 0x6B, 0x5D, 0x0A, 0x57, 0x2F, 0x57, 0x2C, 0xFB, 0x48, 0x49, 0xEA, 0xA5, 0x63, 0xC7, 0x35,
    0x47, 0x21, 0x57, 0x3B, 0x5D, 0x67, 0x87, 0xF1, 0xB8, 0xD3, 0x94, 0x5F, 0x43, 0x35, 0xFF, 0x0D,
    0x33, 0xD5, 0xD2, 0x3F, 0x3A, 0xD1, 0xDF, 0x3F, 0x3B, 0xFF, 0x03, 0xD5, 0x5B, 0xBF, 0x8F, 0xDC,
    0xC6, 0x15, 0x1E, 0x92, 0xD0, 0x31, 0x10, 0x0B, 0xAA, 0x90, 0x12, 0x48, 0x02, 0xC2, 0x26, 0x85,
    0x63, 0x20, 0xE2, 0x1F, 0x10, 0xEB, 0x48, 0x49, 0x85, 0x0A, 0x17, 0x51, 0x21, 0x05, 0xE9, 0x94,
    0xC2, 0x85, 0xA1, 0x14, 0x4A, 0x99, 0xC2, 0x36, 0x19, 0xFB, 0x1F, 0xD8, 0x14, 0xAA, 0xE3, 0x42,
    0x85, 0x7D, 0x0E, 0x90, 0x56, 0x01, 0x24, 0x91, 0x89, 0x0B, 0x17, 0x29, 0xC2, 0x38, 0x70, 0x52,
    0xA4, 0x30, 0x81, 0xC8, 0x40, 0xE2, 0xC6, 0x34, 0x4C, 0x3B, 0xAB, 0x13, 0xC9, 0xC9, 0xFB, 0xBE,
    0x47, 0xEE, 0xED, 0xDE, 0x9D, 0x25, 0xD9, 0xB9, 0x9F, 0x7B, 0xB7, 0xEF, 0xED, 0x72, 0xB9, 0x33,
    0x6F, 0xBE, 0x99, 0x79, 0x3F, 0x67, 0x8D, 0x63, 0x6D, 0x65, 0x8C, 0x59, 0x65, 0xDB, 0x1E, 0x41,
    0x47, 0x16, 0xF6, 0x64, 0x91, 0x25, 0x4B, 0x94, 0x5D, 0xB4, 0x39, 0xD8, 0x7D, 0x5B, 0x82, 0xCD,
    0x0B, 0x30, 0xA7, 0xCD, 0x6A, 0x61, 0x6E, 0x93, 0x34, 0xC2, 0xBC, 0x3A, 0x69, 0x85, 0xF9, 0x65,
    0x34, 0x47, 0x5B, 0x65, 0x88, 0xD6, 0xC2, 0x9C, 0xAD, 0x45, 0x26, 0x18, 0xD8, 0x96, 0xB5, 0x23,
    0x4B, 0x8D, 0x79, 0x60, 0x5C, 0xB4, 0x26, 0xB7, 0x09, 0x73, 0xE4, 0xBB, 0x22, 0x93, 0x2B, 0x2D,
    0x65, 0x8D, 0xF1, 0x84, 0x49, 0xA3, 0x01, 0xDE, 0x75, 0xA6, 0xB0, 0x79, 0x60, 0x6D, 0x29, 0xFF,
    0xA1, 0x3C, 0x0D, 0x64, 0xD7, 0x01, 0x2C, 0x8D, 0xE2, 0x9A, 0x88, 0x53, 0xC8, 0x5B, 0xDF, 0xDA,
    0xB9, 0x09, 0x3B, 0xE9, 0x3C, 0x9C, 0xFB, 0x83, 0xF1, 0x5B, 0x21, 0xE6, 0x94, 0x8F, 0x6E, 0x41,
    0xBE, 0xFB, 0x9E, 0x95, 0x5E, 0x45, 0x8A, 0x68, 0xB8, 0x6A, 0x4D, 0xD2, 0xCA, 0xB5, 0xAC, 0x01,
    0xA9, 0x49, 0x02, 0xBC, 0x0D, 0xF1, 0x41, 0x26, 0xB7, 0xD8, 0x2F, 0xAC, 0x5C, 0xFE, 0xB5, 0x6D,
    0xCC, 0x69, 0x74, 0xE1, 0x5C, 0x43, 0x2F, 0x22, 0x22, 0x84, 0x34, 0x4E, 0x1F, 0x60, 0xF0, 0x22,
    0x5C, 0xA9, 0x30, 0xA5, 0x60, 0x6B, 0xFF, 0x36, 0xC7, 0x15, 0x57, 0x27, 0x95, 0xE1, 0xB9, 0xB5,
    0x5B, 0x1B, 0xE7, 0xF1, 0x79, 0x82, 0x5B, 0x8E, 0x52, 0xAE, 0x3D, 0x32, 0x07, 0x08, 0xF3, 0x71,
    0x59, 0x86, 0xE8, 0xB2, 0x56, 0x11, 0x73, 0x15, 0x51, 0x21, 0x2A, 0x56, 0xD9, 0xDF, 0x97, 0xC5,
    0x67, 0xF7, 0xFB, 0x8C, 0x61, 0x50, 0x4D, 0xB2, 0x3C, 0x00, 0x21, 0x98, 0x84, 0xD2, 0xDE, 0x81,
    0x3C, 0x90, 0xE0, 0x3C, 0xDF, 0xBF, 0xF8, 0xB6, 0x10, 0x42, 0x07, 0x50, 0x5D, 0x5C, 0xF3, 0x5B,
    0x82, 0xB5, 0xBC, 0x78, 0x45, 0xD4, 0x99, 0xB4, 0x2F, 0xA2, 0x66, 0x75, 0x34, 0x38, 0x36, 0xF5,
    0xAC, 0x07, 0xC1, 0x04, 0x50, 0x07, 0xB2, 0x9B, 0x59, 0x8C, 0x2E, 0x92, 0xF9, 0x82, 0xB4, 0xBB,
    0x90, 0xC5, 0xA7, 0xBC, 0x39, 0xE2, 0x9C, 0x0C, 0xE3, 0x40, 0x03, 0xE0, 0x1F, 0x9B, 0xA2, 0xFF,
    0x69, 0x6F, 0x62, 0x74, 0x24, 0xA3, 0x9E, 0x71, 0xBB, 0x19, 0x73, 0xEE, 0x2E, 0x67, 0xC0, 0xC8,
    0x44, 0x3B, 0x72, 0xAB, 0x27, 0x4D, 0x04, 0xF9, 0xD6, 0x5A, 0xCC, 0x6C, 0x25, 0x37, 0xCF, 0x83,
    0x2E, 0xE8, 0xA2, 0xD6, 0xEF, 0x93, 0xC6, 0xEB, 0xE4, 0x59, 0x67, 0x8D, 0x0E, 0x6C, 0xF1, 0xD4,
    0xE9, 0x64, 0x4B, 0x22, 0xCF, 0x77, 0xA4, 0xFF, 0x1F, 0x85, 0xF6, 0x52, 0xE7, 0x59, 0xDB, 0xA2,
    0x0D, 0xB6, 0x65, 0xD6, 0x66, 0x90, 0x8F, 0xE2, 0x2E, 0x46, 0x14, 0x36, 0x3B, 0x76, 0xF3, 0xA1,
    0x02, 0xE2, 0xC8, 0x9C, 0xA1, 0x0F, 0x2C, 0x67, 0x3C, 0xFD, 0xF9, 0x92, 0x64, 0x7B, 0x0C, 0xC8,
    0x49, 0xE3, 0xCE, 0x4C, 0x50, 0x85, 0xA5, 0xC0, 0x9E, 0xC9, 0x46, 0xB1, 0x58, 0x21, 0x19, 0x65,
    0x6E, 0x8E, 0x0A, 0x20, 0x6E, 0x6E, 0xEE, 0xBA, 0xAD, 0xEC, 0xD3, 0x21, 0xAA, 0xA8, 0x83, 0xA3,
    0x61, 0xA1, 0x40, 0xF6, 0x1C, 0x90, 0xB5, 0x14, 0xF0, 0x7B, 0x8D, 0x2F, 0x5F, 0x70, 0xBA, 0xB8,
    0xA4, 0xF6, 0xE7, 0xEE, 0xE6, 0x7E, 0x0A, 0xE7, 0xAB, 0x0B, 0x45, 0xF4, 0xCB, 0x7F, 0x54, 0xCB,
    0xB4, 0xB2, 0x78, 0xAB, 0xDB, 0x16, 0xAA, 0x05, 0x23, 0x91, 0xE6, 0x8A, 0x06, 0x54, 0x7A, 0x12,
    0x2A, 0x03, 0x16, 0x1A, 0x91, 0x0A, 0x66, 0xA0, 0xC3, 0xB3, 0x69, 0xD4, 0x6F, 0x7D, 0x57, 0x70,
    0x13, 0x9A, 0xB1, 0x4D, 0x5B, 0xB3, 0x97, 0x5C, 0xA8, 0x60, 0xA1, 0xBD, 0x0B, 0x1D, 0x60, 0x9E,
    0xCE, 0xDC, 0x48, 0xCF, 0x50, 0xB0, 0x0A, 0x62, 0x9F, 0xB7, 0x95, 0xEA, 0x85, 0xBF, 0x12, 0x2F,
    0xFB, 0x21, 0x67, 0xD5, 0xFE, 0x8D, 0x36, 0x55, 0xDD, 0x04, 0x65, 0x45, 0x5B, 0x54, 0x98, 0x88,
    0x01, 0x2C, 0x1C, 0xCE, 0xE3, 0x62, 0x3C, 0xF7, 0xC0, 0x92, 0xC6, 0x51, 0xC6, 0x3B, 0xB3, 0x91,
    0xD5, 0x4F, 0x61, 0x7A, 0x4B, 0x32, 0x31, 0x47, 0x1B, 0x73, 0xAD, 0x36, 0x2D, 0xB8, 0xA0, 0x23,
    0xA8, 0x4B, 0xC7, 0xCE, 0xA9, 0xFB, 0x4F, 0xFC, 0xDF, 0x60, 0x9E, 0xB1, 0x9F, 0xA4, 0xE1, 0x20,
    0x0B, 0xA7, 0x0A, 0x87, 0x73, 0xF6, 0xD3, 0xD9, 0x9E, 0x81, 0xA9, 0x58, 0x2A, 0x94, 0x0B, 0xD0,
    0x48, 0x3D, 0x9A, 0x18, 0x77, 0xC3, 0x6E, 0x4E, 0x57, 0x1C, 0x03, 0xF4, 0x08, 0xA5, 0x22, 0xA9,
    0x40, 0xEA, 0xD0, 0x15, 0x07, 0x05, 0x45, 0x7B, 0x56, 0xB8, 0x56, 0xE8, 0xD2, 0xA7, 0x7A, 0xBF,
    0x7E, 0x57, 0x51, 0x53, 0xD0, 0x46, 0xCC, 0x14, 0xB2, 0xC0, 0x62, 0xFF, 0x84, 0xB4, 0x75, 0xFA,
    0x7A, 0x75, 0x71, 0xCA, 0x7E, 0x56, 0x2A, 0x6D, 0x39, 0x3D, 0xA5, 0x5C, 0xDF, 0x41, 0x4F, 0x2F,
    0x8F, 0x6A, 0x41, 0x3F, 0xC1, 0xD8, 0x2D, 0xAD, 0xA0, 0xFD, 0x74, 0x23, 0xDF, 0xF5, 0x9E, 0x55,
    0x1A, 0xE4, 0x44, 0x7B, 0x89, 0x26, 0x39, 0x7A, 0xB7, 0x4A, 0x53, 0xD9, 0x49, 0x50, 0xF3, 0x4A,
    0xEA, 0x25, 0x8D, 0x66, 0x6E, 0x0B, 0xFC, 0x2E, 0x80, 0x0F, 0xFA, 0x00, 0xA6, 0x52, 0x74, 0x4B,
    0xDC, 0xB8, 0x62, 0xF8, 0x84, 0xA4, 0x00, 0x22, 0xCF, 0x36, 0xDF, 0x13, 0x82, 0xB6, 0xB2, 0x2F,
    0x6F, 0xDC, 0x48, 0xB1, 0x8F, 0xB9, 0x91, 0x95, 0x88, 0x46, 0x3F, 0x01, 0x9D, 0xF9, 0x7D, 0x01,
    0xE1, 0xD2, 0x43, 0x34, 0xD5, 0xA1, 0x51, 0xF4, 0x71, 0x1D, 0x7D, 0x9C, 0xA3, 0xE3, 0x46, 0x3B,
    0x68, 0x2C, 0xB7, 0x40, 0x41, 0x9A, 0x94, 0x47, 0x1C, 0x31, 0xE7, 0x2E, 0x26, 0xB6, 0x9F, 0x14,
    0x25, 0x89, 0xD7, 0xAD, 0x0A, 0xBD, 0xFF, 0x00, 0x1E, 0x39, 0x58, 0x04, 0x93, 0x6A, 0xCB, 0x1D,
    0x53, 0x27, 0x92, 0xA8, 0x38, 0x8A, 0x0D, 0xDD, 0x20, 0xF5, 0x83, 0xB0, 0xEF, 0xF7, 0x1D, 0xA3,
    0x6C, 0x12, 0xC0, 0xA3, 0x5F, 0xDA, 0x4C, 0xC4, 0x1B, 0x5E, 0x11, 0x0D, 0x61, 0xDB, 0x71, 0xF1,
    0x9D, 0x15, 0xF3, 0x02, 0x57, 0x32, 0x16, 0x1A, 0x34, 0x9C, 0x4B, 0xDB, 0x6D, 0xAD, 0xC9, 0xAC,
    0x3A, 0xDA, 0xAB, 0x51, 0x0C, 0xF1, 0x2B, 0x86, 0x96, 0x98, 0xA6, 0x58, 0x24, 0x93, 0x56, 0x61,
    0x8C, 0xB7, 0xAC, 0xF1, 0x81, 0x6C, 0x67, 0x46, 0x31, 0x63, 0x8C, 0xE6, 0xF4, 0xE7, 0xE9, 0xDD,
    0xD2, 0x59, 0xD7, 0x00, 0x6D, 0x67, 0x7C, 0x76, 0xDB, 0x3E, 0x82, 0x7A, 0xC4, 0xCA, 0x49, 0x5A,
    0x31, 0x28, 0x8E, 0xDC, 0x5D, 0xD4, 0x22, 0x95, 0x49, 0x2A, 0xB8, 0xEB, 0x49, 0x0E, 0x17, 0xE6,
    0xB4, 0x7A, 0x24, 0xEA, 0xA1, 0x4C, 0xB4, 0xDD, 0x85, 0x26, 0xA2, 0x87, 0xE7, 0x62, 0x0F, 0x1E,
    0x0B, 0x75, 0x6C, 0x0D, 0x67, 0x46, 0x6C, 0x07, 0x29, 0x36, 0xA8, 0xAD, 0xFC, 0x15, 0xCB, 0x45,
    0x5B, 0x13, 0x71, 0x26, 0xC4, 0x8D, 0x7A, 0x8C, 0x01, 0x5C, 0x1F, 0x07, 0x21, 0x63, 0x78, 0x6A,
    0x28, 0x96, 0x8A, 0x6F, 0x9A, 0xD9, 0x4C, 0x64, 0x2E, 0xBE, 0x6A, 0x83, 0x2E, 0x6C, 0x67, 0x12,
    0x46, 0x08, 0xA2, 0xAD, 0xE8, 0x80, 0xA8, 0xF1, 0x7A, 0x13, 0xB5, 0x42, 0xC2, 0x56, 0xAE, 0x05,
    0xE2, 0xFF, 0xC8, 0x7A, 0xBB, 0xD9, 0x8C, 0x21, 0xF3, 0xC3, 0x77, 0x0D, 0x63, 0x1B, 0xC3, 0x10,
    0x36, 0xDC, 0xDC, 0x98, 0x01, 0x81, 0x81, 0x56, 0x2B, 0x77, 0x20, 0x8D, 0x18, 0x4B, 0x5B, 0x65,
    0xB9, 0x49, 0x6A, 0xE9, 0x35, 0x82, 0xBB, 0x10, 0x97, 0x40, 0xA8, 0xCC, 0x44, 0x74, 0x75, 0xF6,
    0x9C, 0x82, 0x66, 0x10, 0x2E, 0x91, 0xFA, 0xA4, 0x53, 0xC8, 0xA6, 0xD4, 0x9F, 0x9B, 0x5D, 0x1F,
    0x47, 0x11, 0x6F, 0xE3, 0xBE, 0x3D, 0x8D, 0x81, 0x1A, 0x81, 0x23, 0xD8, 0x3E, 0x80, 0x23, 0x82,
    0xF7, 0x11, 0x46, 0x71, 0x7C, 0x30, 0x88, 0x64, 0xD0, 0x2C, 0x63, 0xAD, 0xB6, 0x02, 0xE4, 0x98,
    0x9F, 0x6A, 0x8C, 0x7F, 0x72, 0x71, 0xE1, 0x8D, 0x49, 0x4B, 0xBB, 0xD4, 0x91, 0xF3, 0xA3, 0x85,
    0xB7, 0x28, 0xB7, 0x2B, 0xA2, 0xAC, 0x46, 0x26, 0xD0, 0x50, 0xA7, 0xA9, 0x6F, 0x39, 0x32, 0xF1,
    0x2E, 0x6F, 0xDC, 0x1C, 0xAE, 0x43, 0x61, 0xC9, 0xD7, 0xC6, 0x77, 0xAB, 0xB7, 0x40, 0xE1, 0xDE,
    0xEC, 0xA9, 0x71, 0x11, 0x44, 0x89, 0xCA, 0xFD, 0x7D, 0x6F, 0xB6, 0xDF, 0xF2, 0xBC, 0x6C, 0x14,
    0x62, 0x55, 0xB2, 0x33, 0x37, 0x68, 0x24, 0xA8, 0xE3, 0x22, 0x52, 0x8F, 0xD4, 0x25, 0x2D, 0x2C,
    0xF4, 0xE3, 0x2F, 0xC4, 0xF5, 0x9D, 0xAE, 0x08, 0x3D, 0x05, 0xFA, 0x13, 0x6A, 0xE3, 0x4C, 0x6C,
    0x8C, 0x6B, 0x37, 0x45, 0x29, 0x8B, 0x43, 0x99, 0x20, 0xBC, 0x2A, 0x65, 0xF2, 0xC5, 0xEF, 0x0D,
    0x41, 0xD3, 0x6F, 0x44, 0x3D, 0x5B, 0x8A, 0x90, 0x99, 0x9D, 0x87, 0x02, 0xB0, 0xED, 0x84, 0x86,
    0x32, 0xE6, 0xE9, 0xB9, 0x64, 0xBE, 0x52, 0x3C, 0x31, 0x18, 0x1A, 0x99, 0x3D, 0x79, 0xD6, 0x8B,
    0x76, 0x65, 0x44, 0xE2, 0x4B, 0x66, 0x76, 0x0C, 0x54, 0x33, 0x5C, 0x49, 0x7D, 0x31, 0x53, 0xCF,
    0xF1, 0x2F, 0x23, 0x10, 0xC1, 0xE5, 0x7F, 0xBF, 0x85, 0x34, 0x41, 0xA9, 0xEB, 0xBF, 0x53, 0xE7,
    0x04, 0x3B, 0xC0, 0xB1, 0x3F, 0xD3, 0x48, 0x3B, 0x96, 0x9D, 0xF0, 0xAA, 0xA0, 0x29, 0xFF, 0xB9,
    0xCC, 0xA5, 0xB3, 0xE4, 0xBF, 0x7F, 0xBB, 0xD1, 0x60, 0xBB, 0x75, 0xD8, 0x16, 0xBE, 0xFE, 0xF7,
    0x3F, 0xF7, 0x10, 0xDB, 0xD6, 0xE6, 0x9C, 0x61, 0xEA, 0x6B, 0x21, 0x61, 0x96, 0x6F, 0xF7, 0x34,
    0xF6, 0x79, 0xAA, 0xBE, 0xE5, 0xDC, 0x5C, 0x55, 0x07, 0xE8, 0xAA, 0x6C, 0x6C, 0xC7, 0xD6, 0x53,
    0xD3, 0x85, 0xFA, 0x2B, 0x1D, 0x19, 0x95, 0x80, 0xAD, 0xE8, 0x10, 0xDA, 0x0A, 0xAE, 0x95, 0xB0,
    0x07, 0x1A, 0xED, 0x52, 0xD3, 0xD8, 0x7F, 0xA8, 0x8F, 0xF5, 0x99, 0x46, 0xC2, 0x8C, 0x95, 0x8C,
    0x7D, 0xC2, 0x2C, 0xA3, 0xFD, 0xD0, 0xEA, 0xF7, 0xAC, 0xB6, 0xC2, 0xD4, 0x87, 0xEC, 0x8F, 0x9E,
    0x2C, 0xB4, 0xDA, 0xB4, 0xA5, 0xF7, 0xE4, 0x11, 0xC0, 0xDA, 0xD1, 0xF8, 0x30, 0x2D, 0x74, 0x68,
    0x81, 0x4D, 0x77, 0x64, 0x8F, 0x74, 0x0F, 0xB8, 0xEA, 0x14, 0xD1, 0x25, 0x44, 0xCE, 0x52, 0x15,
    0xA7, 0x46, 0x1C, 0x8E, 0x61, 0x74, 0xF9, 0xB4, 0x0D, 0xBD, 0x1B, 0xBD, 0x64, 0xED, 0x82, 0xA6,
    0x49, 0x4D, 0x9A, 0x82, 0x3E, 0xC0, 0xA7, 0x97, 0xE7, 0xA0, 0x2F, 0xD7, 0xA0, 0x37, 0x49, 0x11,
    0xE5, 0xA8, 0xF7, 0xE4, 0xDA, 0xCF, 0x06, 0x7E, 0x8A, 0x90, 0x55, 0xD4, 0x49, 0xC9, 0x76, 0xD8,
    0x42, 0xD1, 0x62, 0x43, 0x27, 0xD8, 0xD0, 0xB2, 0x95, 0x81, 0xBD, 0x6B, 0xB7, 0xC5, 0x45, 0x11,
    0x85, 0x8F, 0x35, 0x0B, 0x9E, 0x6F, 0x79, 0xDE, 0xAF, 0x91, 0x9E, 0x32, 0x8B, 0x54, 0x23, 0x03,
    0x60, 0x99, 0x2A, 0x0E, 0x86, 0x30, 0x68, 0x06, 0x3D, 0xDA, 0x0E, 0x12, 0xF7, 0xC6, 0x48, 0x1D,
    0x0D, 0x06, 0x9F, 0xE9, 0x9F, 0x7E, 0x53, 0x2A, 0x2E, 0x16, 0x52, 0xB0, 0xF9, 0x73, 0x85, 0x14,
    0xEE, 0x86, 0xA6, 0x6E, 0xA3, 0x16, 0xF6, 0x55, 0x73, 0xBB, 0xAD, 0xCE, 0x11, 0x66, 0x08, 0xF3,
    0x83, 0xD9, 0x71, 0xF7, 0xF0, 0x89, 0x05, 0x85, 0x4D, 0x8B, 0xE7, 0x91, 0xC3, 0x63, 0xE5, 0xB1,
    0x73, 0xE6, 0x5F, 0x27, 0xBD, 0xB7, 0x70, 0xF9, 0x05, 0x27, 0x81, 0x29, 0xC2, 0xEE, 0x7D, 0xAE,
    0x4D, 0xFE, 0x0C, 0x3D, 0xA6, 0x8F, 0x01, 0x5B, 0xC9, 0x9D, 0x43, 0xA1, 0x79, 0x14, 0x1F, 0xF8,
    0x9C, 0x21, 0xB5, 0x44, 0x89, 0x06, 0xD3, 0xA1, 0x0F, 0x83, 0x60, 0x40, 0xF6, 0x68, 0x75, 0xA0,
    0x28, 0xC9, 0xA8, 0xC5, 0x29, 0xB8, 0xDC, 0x45, 0xF6, 0x8A, 0x04, 0x39, 0x57, 0x24, 0xBC, 0xB9,
    0x2A, 0xBE, 0xC5, 0xCB, 0xF9, 0xA1, 0xAE, 0x8E, 0x5F, 0x32, 0xC3, 0x47, 0x7D, 0xA6, 0xCA, 0x8D,
    0x66, 0x65, 0xE9, 0x5B, 0x01, 0x69, 0x4C, 0xFA, 0xC2, 0xB7, 0x1D, 0xF7, 0xB3, 0x66, 0xFB, 0x77,
    0x2E, 0xF4, 0x48, 0xED, 0xA2, 0xA0, 0x22, 0x8A, 0x32, 0xFD, 0xF1, 0x53, 0x67, 0x1B, 0xBB, 0x6F,
    0xCA, 0x74, 0xE8, 0x1E, 0x34, 0xBA, 0x0D, 0xE5, 0xF1, 0x50, 0x35, 0x66, 0xBB, 0x23, 0xCC, 0x40,
    0xB8, 0x97, 0xD8, 0x1A, 0xE9, 0xB9, 0x04, 0x7A, 0xB9, 0xA1, 0x85, 0x15, 0xB7, 0xCE, 0xCC, 0xD5,
    0xBE, 0x82, 0x59, 0xB2, 0x27, 0x02, 0x26, 0xAE, 0xCB, 0xAD, 0x60, 0x12, 0x6F, 0x82, 0x89, 0x0F,
    0x0C, 0x26, 0xEE, 0x2F, 0x98, 0x98, 0x27, 0x30, 0x51, 0x7E, 0x6C, 0xC1, 0xD6, 0x64, 0x49, 0x4B,
    0x16, 0x75, 0x64, 0xA1, 0xB6, 0xEE, 0x29, 0x73, 0xC6, 0xBE, 0x0A, 0x65, 0x70, 0xAC, 0x45, 0x80,
    0x68, 0xCE, 0x8C, 0x61, 0x00, 0x56, 0x8F, 0xDE, 0xEE, 0xAD, 0x9C, 0x6A, 0xB1, 0x64, 0x4E, 0x80,
    0x23, 0xE5, 0xE5, 0x88, 0x23, 0xBC, 0xB0, 0x3C, 0xA8, 0x53, 0x18, 0x17, 0x2C, 0x4E, 0x62, 0x13,
    0x19, 0x91, 0xB7, 0x47, 0x2E, 0xDB, 0xD7, 0x39, 0x6E, 0xC7, 0x08, 0xC3, 0x55, 0x1B, 0xAB, 0xBE,
    0xD2, 0x98, 0xEF, 0x19, 0x6F, 0xF0, 0x9A, 0x1D, 0x36, 0xF6, 0xE0, 0x11, 0xDD, 0xA6, 0x39, 0xAB,
    0xAD, 0x3C, 0x63, 0x92, 0x2E, 0x82, 0x21, 0x73, 0x7F, 0xA1, 0x39, 0x8D, 0xB9, 0x6B, 0xCE, 0x6A,
    0x29, 0x8F, 0xAB, 0x3F, 0x7E, 0x8B, 0x2B, 0x3D, 0xD4, 0x0D, 0xEB, 0xA9, 0x29, 0x76, 0xEC, 0xF1,
    0x5D, 0xFD, 0x67, 0xCD, 0x9A, 0xAC, 0xFE, 0xB0, 0x44, 0x84, 0xE8, 0x37, 0x05, 0x1D, 0x19, 0xF5,
    0xC8, 0x34, 0x34, 0xAD, 0x8F, 0xDC, 0xEA, 0xEF, 0x14, 0xBC, 0x61, 0xC4, 0x30, 0x5D, 0xC1, 0xB0,
    0x56, 0x0C, 0xDB, 0x15, 0x0C, 0x2D, 0x99, 0xB8, 0xF1, 0x60, 0x8E, 0xAD, 0x08, 0x49, 0xD1, 0x28,
    0x86, 0x23, 0x78, 0x03, 0x99, 0xAF, 0xA8, 0xB9, 0xD3, 0x44, 0x2D, 0xC0, 0x03, 0x8B, 0x14, 0xC3,
    0x40, 0x31, 0xF4, 0x14, 0x43, 0x67, 0x5C, 0xFD, 0xAB, 0xAC, 0x5D, 0xD6, 0x8A, 0xE3, 0xC2, 0x57,
    0x5F, 0xCB, 0x8C, 0xDE, 0xDB, 0x30, 0x22, 0x4A, 0x40, 0x89, 0x27, 0xE1, 0x24, 0x9A, 0x04, 0x93,
    0x58, 0x12, 0x9A, 0xE7, 0x25, 0x40, 0xB0, 0x03, 0x80, 0x50, 0xDB, 0x5A, 0x75, 0x5F, 0x25, 0x2C,
    0xC8, 0x33, 0x87, 0x57, 0xD4, 0x30, 0x34, 0xB9, 0x6A, 0x3A, 0x97, 0xD9, 0x2D, 0x8F, 0x54, 0x5E,
    0xE7, 0x3B, 0xAA, 0xAD, 0x48, 0x8B, 0x22, 0x61, 0x28, 0x5F, 0x13, 0x27, 0xCC, 0x45, 0x04, 0x9F,
    0x23, 0x1F, 0x51, 0x54, 0x08, 0x8A, 0x93, 0x06, 0x79, 0x8A, 0xA4, 0x45, 0xCE, 0x22, 0xEE, 0x80,
    0x55, 0x34, 0xD1, 0x16, 0x99, 0x9C, 0x5D, 0xE8, 0xD2, 0x3D, 0xFA, 0x2D, 0xB6, 0x30, 0xD7, 0xD6,
    0xD0, 0x72, 0x56, 0xC3, 0xC8, 0x22, 0xD9, 0x81, 0x5A, 0xBB, 0x96, 0x1C, 0x27, 0xD9, 0x58, 0x96,
    0x7E, 0x4A, 0xB1, 0xA2, 0x52, 0xA7, 0x3A, 0xE8, 0x25, 0x74, 0x93, 0x11, 0xDB, 0x3C, 0x6E, 0xA4,
    0x25, 0x19, 0x76, 0x51, 0xC9, 0xDE, 0xCA, 0x50, 0x79, 0xCC, 0x1A, 0x89, 0xBA, 0x26, 0x82, 0xB7,
    0x09, 0x3E, 0xE0, 0x2D, 0xBC, 0x39, 0xC4, 0xD7, 0xD8, 0x80, 0xFA, 0xE7, 0xF1, 0x52, 0xB1, 0x62,
    0x06, 0x63, 0x98, 0x7C, 0x88, 0xF9, 0x2B, 0xAE, 0x00, 0xD0, 0x1E, 0x25, 0x6A, 0xB7, 0x8D, 0x80,
    0x61, 0x75, 0xC1, 0x1C, 0x07, 0xF4, 0xD6, 0xEE, 0xBE, 0x98, 0x9B, 0xB0, 0x2D, 0x72, 0x89, 0x1D,
    0x90, 0xB1, 0x7A, 0x53, 0x1A, 0x78, 0x88, 0x9C, 0x78, 0xBB, 0xA8, 0xED, 0x1F, 0x08, 0x98, 0x5B,
    0x20, 0x21, 0x73, 0xC3, 0x84, 0x16, 0xB8, 0x00, 0x65, 0xF3, 0x35, 0xD9, 0x06, 0x12, 0x77, 0xE7,
    0x50, 0x7E, 0x86, 0x5C, 0x06, 0x08, 0x7E, 0x2F, 0xEA, 0xC8, 0x4F, 0xC7, 0xCA, 0xB1, 0x3D, 0x57,
    0x39, 0x42, 0xA6, 0x3B, 0x37, 0x94, 0x23, 0xC6, 0x05, 0xFF, 0x74, 0x43, 0xDF, 0xEF, 0x72, 0xFF,
    0xD4, 0xCE, 0xD8, 0xAE, 0x19, 0xFB, 0x89, 0xC7, 0x7E, 0x63, 0x7A, 0x43, 0xA2, 0xF4, 0x08, 0x67,
    0x2E, 0xB1, 0x47, 0x4C, 0x39, 0x07, 0x1E, 0x0E, 0x01, 0x57, 0x50, 0x15, 0xB3, 0x31, 0xC3, 0x1E,
    0x8F, 0x49, 0x76, 0xCD, 0xB3, 0x7B, 0xB6, 0x17, 0xE7, 0x09, 0xF8, 0x69, 0xB6, 0xDD, 0x60, 0xA3,
    0xA7, 0x80, 0x88, 0xE9, 0x76, 0x80, 0x36, 0xF2, 0xCD, 0xF7, 0xC4, 0xEF, 0x12, 0x24, 0x91, 0x22,
    0x03, 0x1F, 0xF3, 0xEF, 0x53, 0x0A, 0x7E, 0xE2, 0x2C, 0x90, 0x49, 0x3B, 0xA2, 0xDD, 0x1D, 0x94,
    0xBD, 0x91, 0xDC, 0x91, 0x7E, 0xA4, 0xC7, 0xDF, 0x14, 0xE8, 0x77, 0x3E, 0x22, 0x5D, 0x45, 0x04,
    0xFB, 0xDA, 0x84, 0xF7, 0x86, 0x7A, 0x3A, 0xF9, 0xAE, 0x9E, 0xCE, 0xBA, 0x79, 0x7A, 0xF9, 0xBC,
    0xD7, 0x70, 0x5B, 0xA3, 0xED, 0x7C, 0x89, 0x96, 0x4B, 0xAF, 0x53, 0x52, 0xDE, 0x89, 0xFB, 0x3F,
    0xCA, 0x5A, 0x46, 0xF5, 0xF9, 0x14, 0xD4, 0x4B, 0x30, 0xCF, 0x28, 0xA0, 0x60, 0x44, 0x90, 0xB4,
    0xBB, 0xE7, 0x39, 0xD9, 0x66, 0x6D, 0xA0, 0xFC, 0x6D, 0x9A, 0x0D, 0x0C, 0xE5, 0xE5, 0xE3, 0x73,
    0x3C, 0x30, 0xD3, 0x4C, 0x07, 0x66, 0x86, 0x29, 0xD7, 0x19, 0xE4, 0xCB, 0x46, 0x2A, 0x19, 0x70,
    0x2A, 0x47, 0x54, 0x6A, 0xE9, 0xD9, 0xC2, 0x96, 0xE2, 0xE7, 0x16, 0x42, 0xCA, 0x0C, 0x7B, 0xEF,
    0x07, 0x20, 0x63, 0xC8, 0xFE, 0x1C, 0x84, 0x06, 0x3E, 0xC3, 0x14, 0x67, 0xB0, 0xD6, 0x47, 0x0F,
    0x91, 0xE5, 0x87, 0x1E, 0x95, 0x09, 0x35, 0xA4, 0xA7, 0x95, 0x61, 0xBE, 0x65, 0x9C, 0xD7, 0xD3,
    0xFB, 0x0F, 0xCF, 0xD2, 0xA3, 0x98, 0x6C, 0x1C, 0x7D, 0x40, 0xB7, 0x9D, 0x72, 0x2C, 0x0E, 0x25,
    0xFA, 0x21, 0x4B, 0x6D, 0xB1, 0x96, 0xDA, 0x6A, 0x2D, 0xB5, 0xCD, 0x9F, 0x5A, 0x6A, 0x3B, 0x52,
    0xB0, 0xBB, 0x33, 0x94, 0xDA, 0xE6, 0x18, 0xD5, 0xC3, 0x70, 0x2A, 0xB5, 0x31, 0x1D, 0xE5, 0xF7,
    0x07, 0xB3, 0x10, 0x45, 0x85, 0xBF, 0x3B, 0x59, 0x75, 0x1A, 0x74, 0xA6, 0x0C, 0xFB, 0xAD, 0x13,
    0x71, 0x0B, 0x0F, 0xD7, 0xCE, 0x54, 0xED, 0x86, 0xAD, 0x0C, 0x2B, 0x06, 0x22, 0x49, 0x89, 0x62,
    0x5F, 0x29, 0x13, 0x23, 0x38, 0x5F, 0x1B, 0x55, 0x4A, 0x3F, 0xC5, 0x9C, 0x21, 0xFA, 0xF0, 0x98,
    0xAE, 0x2E, 0xA0, 0x43, 0x02, 0x76, 0x47, 0x2B, 0x26, 0x4A, 0xF9, 0x04, 0xC2, 0xA4, 0x04, 0x4E,
    0x0C, 0x0C, 0x58, 0x8E, 0x53, 0x03, 0x29, 0x10, 0x12, 0x85, 0xEF, 0x75, 0xD2, 0x80, 0x80, 0xB9,
    0xC6, 0x38, 0xF8, 0x04, 0xE7, 0xF9, 0xD6, 0x8C, 0xFE, 0x8E, 0xF4, 0x67, 0xFC, 0x4E, 0x97, 0xE6,
    0x64, 0x20, 0x1D, 0x0C, 0x6C, 0x30, 0xD1, 0xA6, 0xB4, 0x97, 0x27, 0x55, 0x96, 0x46, 0x65, 0x91,
    0x86, 0x39, 0x32, 0x54, 0x19, 0x0C, 0x19, 0x72, 0xEC, 0xAA, 0x62, 0x4B, 0x5A, 0x0C, 0x71, 0xFF,
    0x5E, 0x12, 0x8D, 0x27, 0x7A, 0xAE, 0x19, 0xA4, 0x21, 0x9B, 0xC6, 0x65, 0xB6, 0x89, 0x04, 0x9F,
    0xAC, 0x9B, 0x33, 0x87, 0x3D, 0x5A, 0xEA, 0x9F, 0xE0, 0xD1, 0x22, 0x46, 0xE6, 0xEA, 0xCF, 0xA6,
    0x40, 0xA8, 0xE8, 0xA6, 0xE3, 0x0D, 0x7B, 0x39, 0xE8, 0x8B, 0x63, 0xCE, 0x07, 0xD3, 0x8F, 0x2C,
    0xA6, 0x3C, 0x1D, 0x1F, 0x4E, 0x79, 0xAD, 0xA9, 0xB0, 0xE5, 0x35, 0x5A, 0x7F, 0xDD, 0x1A, 0x3D,
    0xE4, 0x15, 0x82, 0xE0, 0x23, 0xCA, 0xE3, 0xDC, 0x6F, 0x1E, 0x6A, 0xD8, 0x81, 0xFD, 0x3F, 0xED,
    0xFE, 0xBD, 0x5E, 0x21, 0xAB, 0x4A, 0xA7, 0x7F, 0x96, 0xD2, 0x61, 0x39, 0xA9, 0xA4, 0x67, 0x52,
    0xC9, 0x10, 0xEA, 0x9B, 0xD5, 0x7D, 0x38, 0x00, 0xA4, 0x5E, 0x75, 0x8F, 0xF4, 0x15, 0xA1, 0xEE,
    0x6C, 0x91, 0xBE, 0xD9, 0x5B, 0x4A, 0x13, 0x3F, 0xA5, 0x96, 0x68, 0xE0, 0xAE, 0x6B, 0xDA, 0x1A,
    0x61, 0x9B, 0xC4, 0x14, 0xF1, 0x55, 0x89, 0x8B, 0x5E, 0xCE, 0x4D, 0x96, 0x32, 0xA5, 0x7B, 0x9E,
    0x99, 0x7C, 0x9B, 0x7F, 0xCF, 0xDE, 0xE1, 0x02, 0x78, 0xDE, 0x27, 0xD4, 0x90, 0x63, 0x3F, 0x49,
    0x59, 0xE3, 0xC6, 0x2A, 0xA1, 0x33, 0x33, 0x16, 0x6E, 0x56, 0xD9, 0x36, 0x78, 0x1C, 0xED, 0x11,
    0x0C, 0xC7, 0xA0, 0x82, 0x9A, 0x39, 0x14, 0xBF, 0x52, 0x56, 0xEE, 0x27, 0x33, 0x13, 0xAB, 0x58,
    0xC2, 0x91, 0x45, 0x85, 0xF8, 0x55, 0xD6, 0x68, 0xA1, 0x07, 0xAE, 0x3A, 0xF5, 0x2A, 0x09, 0xA4,
    0x56, 0x46, 0xB5, 0xF6, 0x15, 0x8E, 0x27, 0xB2, 0xFA, 0xED, 0x06, 0xC6, 0x65, 0x1E, 0xEF, 0xB2,
    0x50, 0x09, 0xB5, 0xE9, 0x10, 0x6A, 0x4C, 0xFA, 0x8D, 0xA9, 0x46, 0xC1, 0xD2, 0x02, 0xB6, 0x01,
    0x56, 0xF4, 0x26, 0x84, 0x29, 0xEC, 0x3F, 0x59, 0xB0, 0xBD, 0x3A, 0x1D, 0x75, 0x05, 0xBD, 0xA6,
    0x91, 0x22, 0x83, 0xC4, 0xDE, 0x1F, 0x81, 0x56, 0xEB, 0xAD, 0xF3, 0xED, 0x3E, 0x36, 0xC7, 0x1D,
    0xF6, 0x13, 0x3C, 0x0A, 0x17, 0xC9, 0x1F, 0x4A, 0xD1, 0x19, 0xF3, 0x9B, 0x34, 0x53, 0x9A, 0x5E,
    0xB8, 0x9D, 0x1F, 0xFE, 0x44, 0xAC, 0xFE, 0x46, 0x20, 0xD6, 0x63, 0xE3, 0x2F, 0xA9, 0x4B, 0xF9,
    0x9A, 0x9F, 0x2F, 0xBD, 0x1B, 0x3F, 0x0B, 0xBA, 0x63, 0x3F, 0x2D, 0x93, 0x97, 0xC6, 0x40, 0xE0,
    0x09, 0x4F, 0x44, 0x95, 0x28, 0x17, 0xF8, 0xF9, 0xAF, 0x16, 0xAF, 0xF5, 0xBA, 0x29, 0xCA, 0xC3,
    0x9F, 0x22, 0xF7, 0x9D, 0x73, 0x33, 0x06, 0x2B, 0x59, 0x49, 0x3F, 0x97, 0x1E, 0x50, 0xFC, 0x47,
    0xEE, 0xE2, 0x4C, 0x4B, 0x78, 0xF7, 0xFC, 0xF2, 0xD8, 0x4F, 0xCA, 0xAD, 0xCB, 0xEF, 0x40, 0xF1,
    0x87, 0x2D, 0x7E, 0x0C, 0x80, 0xAA, 0x9E, 0xDF, 0xC2, 0xC2, 0x87, 0xD5, 0x43, 0x16, 0xE9, 0xE6,
    0x87, 0x3D, 0x11, 0x2C, 0xED, 0xB0, 0xCA, 0x90, 0xF2, 0x18, 0x47, 0xCD, 0x73, 0x74, 0xC8, 0x85,
    0xD5, 0x07, 0xC5, 0x2A, 0xE6, 0xAE, 0x7C, 0xF8, 0x00, 0xAD, 0x09, 0x05, 0xD7, 0x78, 0x80, 0x01,
    0x84, 0x13, 0xA2, 0x9E, 0xD7, 0x08, 0xA8, 0x2A, 0x78, 0x5F, 0x9D, 0xE1, 0x50, 0x97, 0x86, 0xC6,
    0x44, 0x63, 0xB9, 0xCC, 0x44, 0x5F, 0xE6, 0x6A, 0x17, 0x68, 0xF7, 0xE9, 0x8C, 0x1F, 0x30, 0xA2,
    0x1A, 0x9D, 0x51, 0x99, 0x30, 0x40, 0x1A, 0x8B, 0xD1, 0x23, 0x1D, 0x78, 0x2C, 0x4A, 0x3D, 0x94,
    0xDB, 0x9A, 0x48, 0xBC, 0x35, 0x69, 0xCB, 0x29, 0xE5, 0xE5, 0xD9, 0xB1, 0xEE, 0x12, 0x7C, 0x3E,
    0xEA, 0xA4, 0x28, 0xCF, 0xF4, 0xC5, 0xFA, 0x4A, 0x50, 0xBC, 0xF5, 0xC0, 0xC2, 0x3B, 0x29, 0x5F,
    0xEC, 0xF1, 0x22, 0xCE, 0x3D, 0x2B, 0x31, 0x4A, 0x8E, 0x14, 0x78, 0x2C, 0x11, 0x0F, 0xCE, 0xDF,
    0x48, 0x13, 0x70, 0x0B, 0x04, 0xE5, 0x28, 0xE5, 0xC1, 0x6B, 0xF1, 0x34, 0xB8, 0xA6, 0x51, 0x59,
    0x67, 0x45, 0x4F, 0x64, 0xC2, 0xD1, 0xC6, 0x1A, 0xC7, 0x23, 0x5F, 0x47, 0x3C, 0xEE, 0x7D, 0xDC,
    0x23, 0x65, 0x9E, 0x34, 0xFE, 0x07, 0xD6, 0x30, 0x9B, 0x15, 0xBC, 0xCF, 0x9C, 0x6B, 0xDC, 0x85,
    0x6F, 0xDA, 0x4B, 0x2D, 0x52, 0x2B, 0xD1, 0x25, 0xFB, 0xA7, 0x06, 0xB9, 0x95, 0xD8, 0xD8, 0xF7,
    0x1B, 0x54, 0x73, 0xD7, 0x4D, 0xF1, 0x2F, 0x9E, 0x6A, 0xBF, 0x68, 0xB2, 0x2F, 0x98, 0x80, 0xBC,
    0x6F, 0x92, 0xFF, 0x96, 0xEA, 0x96, 0x21, 0x7F, 0x62, 0x50, 0xCC, 0x0F, 0x59, 0xED, 0x14, 0x21,
    0x42, 0x3B, 0x7A, 0x45, 0xFC, 0x7D, 0x0E, 0x4A, 0xD9, 0x9A, 0xC1, 0x10, 0x89, 0xB5, 0x96, 0x6D,
    0x4E, 0xDE, 0x1D, 0x3D, 0xDA, 0x6E, 0xDA, 0xFF, 0xCA, 0x7B, 0x2D, 0x8D, 0x7A, 0xAD, 0x1E, 0x4B,
    0xF5, 0x4B, 0x67, 0xE7, 0x6F, 0x4A, 0x64, 0xD6, 0xE7, 0xEE, 0x8C, 0x49, 0xE7, 0xB9, 0xD7, 0x84,
    0xCC, 0xF4, 0xC8, 0xE2, 0x1E, 0x98, 0x9C, 0x9E, 0xCB, 0xE8, 0x1C, 0xCE, 0x2C, 0x72, 0xC2, 0x98,
    0x55, 0x44, 0x8B, 0x65, 0x32, 0xA0, 0xA1, 0xA2, 0x7A, 0xC3, 0x22, 0xE8, 0x4A, 0xEA, 0x3F, 0x58,
    0x8F, 0x27, 0xEA, 0x1B, 0xFB, 0x16, 0x16, 0xE6, 0xE7, 0x4D, 0xF1, 0x67, 0x64, 0x95, 0xBE, 0xAA,
    0xB3, 0xBF, 0xC8, 0x18, 0xC2, 0x27, 0x65, 0xF2, 0x31, 0xED, 0x5F, 0x19, 0xEB, 0x2F, 0x8C, 0xD2,
    0x48, 0x9D, 0x50, 0x0D, 0xE3, 0x26, 0xEE, 0xF6, 0xE3, 0xF9, 0x2D, 0x26, 0x3B, 0xC6, 0x33, 0x63,
    0x6A, 0x33, 0xBB, 0x8C, 0x6B, 0x1A, 0xEB, 0x38, 0x4C, 0xBD, 0x6A, 0xFB, 0xBC, 0x06, 0xB6, 0x53,
    0x1A, 0xC2, 0x93, 0xAB, 0x90, 0xAB, 0xC2, 0x04, 0xCB, 0x6B, 0xCE, 0xDF, 0x45, 0xAE, 0x1B, 0xCE,
    0x13, 0xE4, 0x8F, 0xE7, 0x28, 0xCA, 0x86, 0x1D, 0xDA, 0x09, 0x86, 0x80, 0xB8, 0x87, 0x0C, 0x37,
    0x7F, 0xBB, 0xE8, 0x51, 0x43, 0x97, 0xDD, 0x4F, 0xAC, 0x6D, 0xA3, 0x3C, 0x9B, 0x11, 0x31, 0x2A,
    0x10, 0xA7, 0x15, 0x67, 0x3F, 0x37, 0x38, 0xA8, 0x7C, 0xAC, 0x68, 0xC6, 0x1F, 0xB4, 0x08, 0x89,
    0x98, 0xBC, 0xBF, 0xB0, 0x22, 0x77, 0x85, 0xB5, 0x28, 0x24, 0x86, 0xD7, 0x2E, 0xF1, 0x53, 0x58,
    0xCA, 0x0C, 0x87, 0x39, 0x12, 0x8E, 0xDC, 0x43, 0x80, 0xFA, 0x22, 0x70, 0x7E, 0x0D, 0x51, 0xD4,
    0x3D, 0xC8, 0x8F, 0x15, 0xF5, 0x25, 0xA4, 0xDF, 0xAC, 0xC7, 0xE6, 0x3D, 0x4D, 0x61, 0xE7, 0x53,
    0x31, 0xC6, 0x2E, 0x8E, 0x1E, 0x13, 0xD3, 0xF9, 0x74, 0xE6, 0x17, 0xA1, 0x90, 0x53, 0x4C, 0x87,
    0x39, 0x93, 0x47, 0xFA, 0x23, 0x32, 0xFC, 0xE0, 0xCA, 0x6F, 0x51, 0x0D, 0x52, 0x2A, 0x2B, 0xA0,
    0xDC, 0x7D, 0xEF, 0x1C, 0x2D, 0x8C, 0xB5, 0x32, 0xCB, 0x3C, 0x10, 0x7F, 0xFB, 0xC2, 0x9A, 0x6C,
    0xB1, 0x55, 0x80, 0x58, 0x84, 0x78, 0x96, 0xE7, 0x75, 0x84, 0xE0, 0xEC, 0x20, 0x76, 0x71, 0xB3,
    0x8E, 0xC2, 0xCD, 0x3A, 0x20, 0xBB, 0xA8, 0x5B, 0x8B, 0x47, 0x85, 0xF9, 0xBB, 0xAB, 0xA2, 0x1D,
    0xEB, 0xD8, 0x04, 0x15, 0x5A, 0x41, 0xEF, 0xE0, 0xBE, 0xD2, 0x33, 0x38, 0x3C, 0xB9, 0x52, 0x99,
    0x0B, 0x40, 0x7C, 0x1D, 0x1F, 0xAE, 0x63, 0x2D, 0xBF, 0x21, 0x5F, 0x77, 0x06, 0x84, 0x4C, 0x4A,
    0x64, 0x4B, 0xC2, 0xA0, 0xC5, 0xF3, 0xA9, 0x90, 0xC4, 0x74, 0x46, 0xB7, 0x75, 0xDE, 0x66, 0x4A,
    0x5C, 0xE1, 0xD8, 0x0F, 0x49, 0xF4, 0xD1, 0xCD, 0x01, 0xDE, 0x22, 0x4E, 0x17, 0x0B, 0x84, 0x67,
    0x59, 0xA8, 0x70, 0x74, 0x6E, 0xA7, 0x63, 0xA1, 0x5B, 0x55, 0x0C, 0x4C, 0xBC, 0xAC, 0x10, 0x1F,
    0x6B, 0x25, 0xC0, 0x0F, 0x0C, 0xC3, 0x3C, 0xEE, 0x6F, 0xDC, 0x1E, 0x8F, 0x2E, 0xEB, 0x41, 0x89,
    0x73, 0x8B, 0x9A, 0x0B, 0x95, 0x26, 0xB5, 0x7D, 0xB6, 0x43, 0x33, 0x1E, 0x1E, 0x42, 0xEF, 0x98,
    0x71, 0x6C, 0xBE, 0xA6, 0x79, 0xCC, 0xF8, 0x43, 0xC0, 0x6D, 0xA9, 0xBD, 0xFD, 0x43, 0xE8, 0x55,
    0x1C, 0x05, 0x4D, 0x90, 0xAD, 0x08, 0xF1, 0x33, 0x24, 0x7F, 0x92, 0x5C, 0x73, 0xAC, 0x87, 0x8E,
    0x90, 0x33, 0x33, 0x2F, 0xC8, 0x26, 0x46, 0x99, 0x2D, 0xC3, 0x89, 0xD6, 0x18, 0xED, 0xF1, 0x58,
    0x97, 0x37, 0x1C, 0x0C, 0x42, 0xFF, 0x03, 0xAD, 0x51, 0xB1, 0x6D, 0xC3, 0x30, 0x10, 0x3C, 0x49,
    0x70, 0x52, 0xB8, 0x60, 0xE3, 0x20, 0x45, 0x0A, 0x8D, 0xA0, 0x05, 0x82, 0x90, 0x23, 0x68, 0x03,
    0x37, 0x99, 0x23, 0xE4, 0x08, 0x6E, 0xB2, 0x4B, 0x0A, 0x03, 0xE4, 0x08, 0x1C, 0x81, 0x4D, 0x7A,
    0x15, 0x2E, 0x0C, 0x43, 0xD6, 0xE7, 0x9E, 0x52, 0x93, 0x2E, 0x45, 0x1E, 0xE0, 0xE1, 0xF5, 0x7C,
    0xDD, 0xDD, 0x3F, 0x01, 0x8D, 0x41, 0x4E, 0x68, 0x45, 0x66, 0x98, 0x8B, 0x59, 0x30, 0xE4, 0x4E,
    0x60, 0x53, 0xAB, 0xD0, 0xCC, 0xF0, 0x19, 0x23, 0xFC, 0xC4, 0x36, 0x7B, 0xAF, 0xBD, 0x19, 0x30,
    0xB2, 0x00, 0x9D, 0x48, 0x01, 0x22, 0x7F, 0xC3, 0x5E, 0x04, 0x9A, 0x3A, 0x4D, 0xC3, 0x0E, 0x8D,
    0x24, 0x0B, 0x48, 0x62, 0x35, 0x06, 0x56, 0xA3, 0x93, 0x04, 0x81, 0x2F, 0xDD, 0x4C, 0x82, 0x38,
    0xE1, 0x41, 0xB4, 0x77, 0xE7, 0xB0, 0x85, 0x51, 0x7E, 0x43, 0x66, 0xF4, 0x49, 0x45, 0xB4, 0xF6,
    0xA6, 0x70, 0x50, 0x68, 0x40, 0x7B, 0x0B, 0xFA, 0x1B, 0x69, 0x83, 0xCD, 0xDE, 0xF5, 0x29, 0x3A,
    0x13, 0x22, 0xFB, 0x3D, 0x3D, 0x59, 0xFA, 0xE8, 0x79, 0xCF, 0x11, 0x12, 0xE9, 0x0B, 0xE5, 0xA7,
    0x57, 0x0C, 0xD3, 0x9D, 0xB4, 0x0B, 0x4C, 0x11, 0x37, 0x24, 0x7F, 0x13, 0xB7, 0x97, 0x2B, 0xF0,
    0xB4, 0x29, 0x5A, 0xEA, 0x78, 0xEA, 0x47, 0xE6, 0x9C, 0x00, 0x17, 0x9E, 0x91, 0x25, 0x61, 0xA4,
    0xA8, 0x98, 0xE9, 0xBA, 0x1C, 0xF3, 0x19, 0x52, 0x1E, 0x2B, 0x76, 0xF9, 0xAB, 0xE2, 0x3B, 0xB1,
    0x3D, 0x71, 0xBE, 0xA2, 0x44, 0xFF, 0x8C, 0x53, 0xDD, 0xB1, 0x6E, 0xC7, 0x8A, 0x04, 0xFC, 0x0E,
    0x35, 0x4D, 0xAC, 0x6B, 0xF3, 0xB5, 0x72, 0xAE, 0x78, 0xAD, 0x38, 0xD6, 0xB7, 0x74, 0x6B, 0x03,
    0x67, 0x6B, 0xC8, 0xF2, 0x42, 0x2A, 0xCE, 0x14, 0x9E, 0xE5, 0x93, 0x0F, 0xE6, 0xFE, 0x7C, 0x5A,
    0x6A, 0x37, 0xF2, 0xED, 0xA0, 0x3B, 0xB5, 0xFA, 0x31, 0xAE, 0x16, 0x7A, 0x2E, 0x7D, 0x48, 0xAB,
    0xC6, 0xC7, 0x66, 0x80, 0x57, 0x3F, 0x15, 0x8F, 0xB1, 0x4D, 0xC5, 0x30, 0x18, 0x84, 0xBF, 0xBC,
    0x08, 0x45, 0xC2, 0x45, 0x28, 0x52, 0xBD, 0xC6, 0x2D, 0xA2, 0xF1, 0x02, 0x80, 0xFD, 0x98, 0x80,
    0x11, 0x18, 0x24, 0x52, 0x32, 0x02, 0x15, 0x35, 0x25, 0x7A, 0x13, 0xBC, 0x02, 0xB0, 0x47, 0x08,
    0xA2, 0xA4, 0xF1, 0x08, 0x29, 0x5C, 0xA4, 0x88, 0xF3, 0xE3, 0x9C, 0x4E, 0xD7, 0xDC, 0xE9, 0x74,
    0x77, 0xF7, 0x8E, 0x49, 0xA8, 0x95, 0x4A, 0xC0, 0x8E, 0xA8, 0xC0, 0x79, 0xAC, 0x24, 0xD4, 0x1B,
    0x6A, 0x41, 0x4F, 0x3C, 0x02, 0x67, 0xC7, 0x41, 0x02, 0x8D, 0xCC, 0xB4, 0xBF, 0x0B, 0xD6, 0x7D,
    0xD1, 0xA3, 0xA9, 0x9E, 0x41, 0xE5, 0x43, 0x34, 0xF2, 0x37, 0x59, 0x2F, 0xA1, 0x57, 0xE2, 0xBA,
    0xEA, 0x82, 0x97, 0x28, 0x32, 0x17, 0xED, 0xE8, 0xEE, 0xE9, 0xED, 0x69, 0xD5, 0x92, 0x94, 0x44,
    0xBE, 0x39, 0x3A, 0x1F, 0x8B, 0x15, 0x6D, 0x00, 0xC3, 0x32, 0x3C, 0xE5, 0x42, 0xCB, 0xCA, 0x0E,
    0x9D, 0x86, 0x9C, 0xF4, 0xDC, 0x26, 0x3D, 0x64, 0x9D, 0xE0, 0xF0, 0x71, 0x7C, 0x6D, 0x56, 0x1B,
    0xDA, 0xD9, 0x3B, 0x13, 0x32, 0xB6, 0x4E, 0x5C, 0xEA, 0x89, 0x5B, 0xAE, 0x9D, 0x75, 0x96, 0xF6,
    0x67, 0xA5, 0x96, 0x54, 0xA6, 0x47, 0xF0, 0xA5, 0xF1, 0xA5, 0x9E, 0xF5, 0xF8, 0xC0, 0x27, 0x1B,
    0x12, 0x64, 0xF2, 0x93, 0x0D, 0x57, 0xE5, 0x83, 0x09, 0x7B, 0xBA, 0xE7, 0x86, 0x8A, 0xC6, 0xA9,
    0xA8, 0x72, 0x59, 0xE2, 0x4F, 0x9B, 0xAC, 0x3E, 0x36, 0xD1, 0xB8, 0xA1, 0xE4, 0x37, 0xFC, 0xDB,
    0x20, 0x6A, 0x1B, 0x24, 0x7B, 0xD9, 0xF5, 0x1F, 0xBD, 0x59, 0x4D, 0x6C, 0xDD, 0x56, 0x76, 0xBE,
    0x7C, 0x8C, 0xC5, 0x62, 0x88, 0x99, 0xEB, 0x45, 0x5C, 0x0C, 0xE4, 0xCA, 0xDC, 0xA4, 0x40, 0x3B,
    0xB0, 0x72, 0x67, 0xA9, 0x29, 0xA4, 0x77, 0x69, 0x0B, 0x68, 0x16, 0x06, 0xC6, 0x6F, 0x11, 0x37,
    0x40, 0x02, 0xD4, 0xDD, 0x8E, 0x8B, 0x89, 0x36, 0x5A, 0x18, 0x03, 0x59, 0xA4, 0xEC, 0x85, 0x17,
    0x06, 0x62, 0x61, 0xD0, 0x74, 0x97, 0xC4, 0x0B, 0x15, 0xA8, 0x35, 0xCD, 0x38, 0x0B, 0x17, 0xF0,
    0x42, 0xD2, 0xA5, 0xA4, 0x45, 0x16, 0x01, 0x6A, 0xC6, 0x46, 0xE0, 0x85, 0x17, 0x61, 0x32, 0x29,
    0xDC, 0xD4, 0x08, 0xCC, 0x4E, 0xE9, 0x09, 0x1D, 0x5D, 0xF2, 0xF4, 0x3B, 0x97, 0x4F, 0x96, 0xEC,
    0xF8, 0x2F, 0xCD, 0xCF, 0x93, 0xF8, 0x5D, 0x3E, 0x3E, 0x3E, 0xDE, 0x73, 0xCF, 0xCF, 0x77, 0xCE,
    0xB9, 0x4F, 0xBC, 0x7A, 0x51, 0x88, 0x90, 0xA8, 0x10, 0xBA, 0x0A, 0xAD, 0x30, 0x79, 0x8F, 0x04,
    0x65, 0x1E, 0xC5, 0x94, 0x09, 0x8A, 0x67, 0x6A, 0x41, 0x69, 0x0F, 0x6F, 0x52, 0xD9, 0xE2, 0x4C,
    0x97, 0x80, 0x24, 0x67, 0xC8, 0x9E, 0x06, 0x02, 0xD0, 0x08, 0xF7, 0xF2, 0x96, 0x85, 0x17, 0x4B,
    0x2A, 0x64, 0xAE, 0x7B, 0xB5, 0xCA, 0x93, 0xD2, 0xEA, 0xFC, 0xD4, 0xC9, 0x55, 0x9D, 0xCF, 0x4E,
    0x02, 0x26, 0x18, 0x54, 0x85, 0x6B, 0x7B, 0xA6, 0x6B, 0x9D, 0x0B, 0x55, 0x6A, 0x9E, 0x81, 0x21,
    0x7E, 0x1C, 0xA4, 0x3A, 0x13, 0xC9, 0x47, 0x94, 0x8A, 0x88, 0x78, 0x8E, 0x7D, 0x31, 0x26, 0x18,
    0x88, 0x41, 0x78, 0xCD, 0xFA, 0x55, 0x64, 0x5A, 0x59, 0x4D, 0xFD, 0x54, 0xCB, 0xAA, 0x5F, 0xA8,
    0xA3, 0xD5, 0xFC, 0x15, 0xC0, 0xC9, 0x83, 0x80, 0x89, 0x49, 0x5C, 0x53, 0xD5, 0x9A, 0xAC, 0x46,
    0x7E, 0x6B, 0x65, 0x85, 0x89, 0x00, 0x3A, 0x7F, 0x2C, 0x44, 0xA5, 0x88, 0xEE, 0x26, 0x85, 0x08,
    0x88, 0x62, 0x21, 0xF6, 0x0C, 0x84, 0x18, 0xBD, 0x18, 0x8B, 0x1E, 0x51, 0x2D, 0x64, 0x05, 0x35,
    0x41, 0x06, 0x93, 0x26, 0x29, 0x46, 0x13, 0xE3, 0x76, 0xE3, 0x0D, 0x74, 0x61, 0xC2, 0x06, 0x70,
    0x40, 0xEA, 0x22, 0xF9, 0x75, 0x08, 0x98, 0xE7, 0x33, 0x83, 0x6B, 0xBA, 0x1C, 0x30, 0x08, 0x40,
    0x71, 0x1F, 0xF2, 0x21, 0x64, 0x0C, 0x71, 0xA7, 0xAC, 0x17, 0xBC, 0x54, 0xF8, 0x6D, 0xD8, 0x08,
    0x49, 0x98, 0x57, 0x7F, 0x58, 0x25, 0x59, 0x92, 0x62, 0xD1, 0x3C, 0x47, 0x61, 0xC4, 0xFD, 0x39,
    0xFE, 0xFE, 0x1B, 0xCE, 0x91, 0xEF, 0xCC, 0xE1, 0x89, 0x54, 0x0C, 0xE4, 0xF5, 0xDA, 0xAF, 0x35,
    0x35, 0x61, 0x3D, 0xF7, 0x57, 0xF3, 0xB2, 0x36, 0x85, 0x96, 0xF5, 0xEA, 0x65, 0xC0, 0xE5, 0x09,
    0xC0, 0xC9, 0x59, 0x5C, 0x53, 0x45, 0x23, 0x6B, 0x2F, 0xA8, 0x65, 0x8D, 0x67, 0x30, 0xE4, 0xB2,
    0x1E, 0x81, 0x19, 0x6B, 0x68, 0x5D, 0xD6, 0x93, 0xFA, 0xCE, 0xD5, 0x7A, 0x42, 0x5F, 0x23, 0x40,
    0x66, 0xEA, 0x17, 0x4D, 0xA6, 0x2A, 0x49, 0x42, 0xE6, 0x62, 0xE0, 0x66, 0x19, 0x85, 0x51, 0xA8,
    0x14, 0xFE, 0x46, 0x2D, 0x82, 0x43, 0x56, 0xF8, 0x0B, 0x38, 0x6E, 0x5B, 0x21, 0x8C, 0xFD, 0x4B,
    0x11, 0xDA, 0x24, 0x0B, 0xAD, 0x2A, 0x42, 0x2B, 0x4B, 0x1C, 0xF0, 0xBC, 0xA0, 0x0E, 0xAD, 0x6F,
    0x71, 0x34, 0xA1, 0xED, 0xB5, 0xF0, 0x44, 0x62, 0x6F, 0x3C, 0x0F, 0x2B, 0xC1, 0x35, 0xBD, 0x97,
    0x85, 0x78, 0xD0, 0x4F, 0x93, 0xC2, 0x6F, 0xE1, 0x61, 0x1E, 0x09, 0xC5, 0xCE, 0x8A, 0x35, 0x51,
    0xEC, 0x2D, 0x01, 0xA2, 0x16, 0x30, 0xA9, 0x0E, 0x51, 0x3C, 0x21, 0x17, 0x70, 0x16, 0x01, 0x94,
    0x01, 0x8C, 0x10, 0x40, 0x6C, 0x03, 0xC4, 0x58, 0x07, 0x24, 0x37, 0xE0, 0x3E, 0x11, 0x55, 0x10,
    0xF7, 0x98, 0xE8, 0xEC, 0xCB, 0xE6, 0xAE, 0x85, 0x50, 0x35, 0x2C, 0x2C, 0x9C, 0xC3, 0x63, 0xF1,
    0xEC, 0xCC, 0x2A, 0x67, 0xF4, 0x62, 0x81, 0x00, 0xF0, 0x06, 0x8C, 0xAA, 0x61, 0x9C, 0xD0, 0x8C,
    0xB3, 0x2A, 0xBE, 0x8F, 0x7D, 0x13, 0x9B, 0x46, 0xFC, 0x88, 0x5E, 0xA2, 0x3B, 0x42, 0xD0, 0x8C,
    0xD9, 0x4C, 0x05, 0xD9, 0x64, 0x13, 0x41, 0x51, 0x6A, 0x3E, 0xCF, 0xF4, 0x6D, 0x08, 0x11, 0x23,
    0xA4, 0xF8, 0xE5, 0xB4, 0xE5, 0x5F, 0x40, 0x90, 0xF8, 0x16, 0x41, 0x12, 0x58, 0x04, 0x09, 0xF4,
    0x53, 0x42, 0x2D, 0x73, 0x27, 0x57, 0x4D, 0x86, 0x20, 0x31, 0x31, 0x07, 0x49, 0xA6, 0x10, 0x38,
    0x85, 0x87, 0x20, 0x29, 0xC4, 0x4C, 0x09, 0x40, 0x18, 0x14, 0x1C, 0x10, 0x8F, 0x01, 0x0E, 0xA1,
    0xE4, 0x23, 0x93, 0x42, 0x6D, 0xC3, 0x20, 0x61, 0xDB, 0x7F, 0x86, 0x48, 0xF1, 0xDA, 0xF0, 0x1A,
    0xD6, 0x87, 0x48, 0xF1, 0x5B, 0x44, 0x4A, 0x68, 0xFB, 0x85, 0x56, 0x05, 0x22, 0x25, 0xC9, 0x4E,
    0x1E, 0xD4, 0x51, 0x39, 0x8C, 0x94, 0xD5, 0x6F, 0x12, 0x29, 0x15, 0x16, 0xBE, 0x3B, 0x52, 0x30,
    0xD5, 0xC0, 0xD9, 0x2B, 0x2C, 0x75, 0x15, 0x58, 0x3C, 0xC3, 0xB0, 0xB9, 0x74, 0x09, 0x85, 0xBA,
    0x81, 0xF9, 0x45, 0x97, 0x49, 0xED, 0x06, 0x66, 0x1D, 0xD0, 0xCB, 0x90, 0x65, 0x3A, 0xE9, 0x4B,
    0xC7, 0x25, 0x1A, 0xDF, 0x1B, 0x0E, 0xA1, 0x1B, 0xEA, 0x17, 0xA9, 0xC6, 0xF0, 0xFA, 0xA4, 0x31,
    0xBA, 0x5C, 0x91, 0x13, 0xE6, 0x1C, 0x95, 0x73, 0x18, 0x0E, 0x53, 0xD9, 0x3F, 0xD0, 0x27, 0x50,
    0x58, 0x64, 0x65, 0x23, 0x74, 0x0A, 0x53, 0x39, 0xDD, 0x8E, 0xFE, 0x0B, 0x64, 0x89, 0x21, 0x5B,
    0x0E, 0xE7, 0x84, 0x8F, 0xB2, 0x23, 0x27, 0x99, 0x8F, 0x5B, 0x72, 0xCA, 0x7A, 0x6D, 0x37, 0x40,
    0xA4, 0x7C, 0xA6, 0x66, 0x01, 0xC1, 0x80, 0x6E, 0x90, 0xAD, 0x1B, 0xA0, 0x71, 0x72, 0x5F, 0x78,
    0xD4, 0x60, 0xBB, 0x61, 0xC6, 0x0D, 0xA7, 0xC2, 0x9D, 0x21, 0xC9, 0xF4, 0xF1, 0x80, 0x96, 0xC1,
    0x9B, 0xB0, 0x29, 0xAB, 0xBF, 0x8B, 0x09, 0xBC, 0x7E, 0xE5, 0xD0, 0xC7, 0x52, 0xD8, 0xD7, 0xCE,
    0xE4, 0x60, 0x11, 0x11, 0x4E, 0xE3, 0x89, 0x78, 0x77, 0x23, 0x63, 0xFD, 0xF5, 0xE8, 0xAC, 0xF3,
    0x8C, 0x19, 0x28, 0x6F, 0xFB, 0xE5, 0x9D, 0x58, 0x82, 0x4F, 0x12, 0xA5, 0x1E, 0x61, 0x09, 0x3E,
    0x21, 0x82, 0x10, 0x00, 0x41, 0x03, 0xF0, 0xDB, 0x1E, 0x71, 0x34, 0xB8, 0x2B, 0xAA, 0x06, 0x98,
    0xCC, 0x67, 0x3D, 0xEE, 0x86, 0x90, 0xA1, 0x9F, 0x00, 0x26, 0xA2, 0x6D, 0x98, 0x4A, 0xF0, 0x5D,
    0x68, 0x0A, 0xB7, 0x0C, 0x18, 0x44, 0xB8, 0xD9, 0x8A, 0x7D, 0xAF, 0x5D, 0xC7, 0xF3, 0xE8, 0x7A,
    0x2B, 0x4B, 0xF9, 0xBF, 0xAD, 0x2C, 0x24, 0xE1, 0x0C, 0x1E, 0xD2, 0xA3, 0xDA, 0x2F, 0xC5, 0x9E,
    0x1F, 0x42, 0x96, 0x01, 0xCB, 0x82, 0xEF, 0x7A, 0xBF, 0xB2, 0xB2, 0x95, 0x64, 0xA3, 0x56, 0xC7,
    0xF6, 0x6F, 0x5A, 0xED, 0xB5, 0x7F, 0x6C, 0xF5, 0xF4, 0xCD, 0x0D, 0x68, 0x74, 0xFA, 0x70, 0xB9,
    0xA3, 0x51, 0x56, 0x67, 0x01, 0x2B, 0x87, 0x35, 0x6C, 0x4C, 0xB5, 0xC2, 0x00, 0x16, 0xEC, 0xB1,
    0x7D, 0xE1, 0x69, 0x11, 0xE7, 0x0C, 0xDC, 0x42, 0xE9, 0x08, 0x27, 0x33, 0xCD, 0x8E, 0x76, 0x52,
    0xA5, 0x94, 0xCE, 0x46, 0x19, 0x9F, 0x01, 0x14, 0x01, 0x46, 0x18, 0x20, 0x6E, 0x07, 0x88, 0x72,
    0xE6, 0x07, 0xBD, 0x05, 0xD3, 0x8D, 0xEC, 0xB2, 0xC3, 0x1A, 0xB4, 0x74, 0xF8, 0x46, 0x36, 0x72,
    0x69, 0x13, 0x96, 0xA3, 0x8D, 0x9B, 0xF9, 0xAA, 0xCC, 0x66, 0xF2, 0x15, 0x79, 0xEB, 0x5C, 0x3E,
    0x3F, 0x6F, 0x28, 0x8B, 0xAA, 0x17, 0x46, 0x63, 0x2F, 0x8E, 0x47, 0x16, 0x45, 0x78, 0xAD, 0x4A,
    0x5A, 0x11, 0x19, 0xFB, 0x15, 0xC5, 0x53, 0x7F, 0xA1, 0xF1, 0x60, 0xE4, 0x23, 0xCC, 0x8B, 0x30,
    0x43, 0x3E, 0x45, 0x46, 0x82, 0x20, 0x13, 0x93, 0x7D, 0xA0, 0xAA, 0x56, 0x58, 0xBC, 0xDF, 0x56,
    0x4C, 0x36, 0xAA, 0x70, 0x94, 0x93, 0x3D, 0x1B, 0xC6, 0x8C, 0xCD, 0xB6, 0x74, 0xCF, 0x7B, 0x8B,
    0x42, 0xBC, 0xEC, 0xB2, 0x47, 0xCF, 0xCA, 0xAD, 0x3B, 0x14, 0x83, 0x4D, 0x3E, 0xAC, 0x35, 0xB8,
    0x36, 0x49, 0xF7, 0xAA, 0x3C, 0xB4, 0xC8, 0x22, 0xCC, 0xBA, 0x74, 0xF8, 0x82, 0x1B, 0xA4, 0xE3,
    0x60, 0x3A, 0x38, 0xD6, 0x0D, 0x3F, 0x76, 0xC3, 0xD8, 0xB8, 0x1B, 0x8E, 0xB8, 0xCF, 0x4C, 0x5C,
    0x19, 0x50, 0xB4, 0x39, 0xFC, 0x07, 0x02, 0x2B, 0x27, 0x67, 0x3F, 0x88, 0xE8, 0x03, 0x9B, 0xBC,
    0xF3, 0x93, 0xE8, 0x53, 0xB2, 0xDA, 0xCA, 0xA8, 0x30, 0x16, 0x84, 0x6C, 0x72, 0x85, 0x59, 0x7A,
    0x94, 0x86, 0xAC, 0xAA, 0xE7, 0x59, 0x96, 0x3F, 0x77, 0x0C, 0xC0, 0xE9, 0xB2, 0x14, 0xB2, 0x10,
    0xD2, 0x06, 0x0D, 0xAF, 0x4D, 0x95, 0x1C, 0xFD, 0x9C, 0x99, 0x3A, 0x96, 0x02, 0xC3, 0x1A, 0xA6,
    0xB1, 0xA8, 0xED, 0x46, 0x28, 0xDF, 0x8D, 0x41, 0x1B, 0xBB, 0x11, 0xFC, 0xD2, 0x7D, 0x3E, 0xBC,
    0x4F, 0xED, 0x1E, 0xA1, 0x5F, 0x85, 0xEF, 0x9D, 0xA1, 0xAD, 0x54, 0xDD, 0x4C, 0xCD, 0x3B, 0xE6,
    0x0F, 0x99, 0xF2, 0x33, 0xA4, 0xC2, 0x4F, 0xB2, 0x08, 0x63, 0xA5, 0x3F, 0xCD, 0xE4, 0xD9, 0x14,
    0x84, 0xF0, 0x65, 0x16, 0x80, 0x18, 0xD2, 0x90, 0x86, 0x81, 0xF8, 0xF5, 0x5C, 0x9E, 0x63, 0x62,
    0xC4, 0x20, 0x32, 0x19, 0xF3, 0x3D, 0x1D, 0x82, 0x7E, 0x48, 0x36, 0x80, 0x31, 0xB9, 0x0D, 0xBF,
    0x8C, 0x00, 0x2F, 0xE1, 0x9A, 0x89, 0x57, 0x00, 0x69, 0xA9, 0x8A, 0xE4, 0x4C, 0x0E, 0xB8, 0x9A,
    0xAA, 0x42, 0x43, 0x94, 0x42, 0xD7, 0xC8, 0x12, 0x5C, 0xC2, 0xC4, 0x3B, 0xF6, 0xE8, 0x72, 0x39,
    0xDB, 0xA2, 0xCB, 0xE5, 0x19, 0x97, 0x0A, 0xCF, 0x3A, 0xC7, 0xC2, 0xD3, 0xE7, 0x78, 0xA8, 0x7E,
    0xCB, 0xFC, 0xAE, 0x7E, 0xEB, 0x8A, 0x38, 0xC7, 0xAE, 0xCC, 0xAD, 0x9C, 0x6C, 0x86, 0xA9, 0x81,
    0x59, 0x35, 0x36, 0x3B, 0xD0, 0x30, 0xBC, 0x03, 0x58, 0xF3, 0x53, 0x8A, 0xE7, 0x19, 0xF4, 0x91,
    0x98, 0xD8, 0x22, 0x96, 0x2D, 0x88, 0x00, 0xB8, 0x20, 0x7E, 0xB4, 0x08, 0x45, 0x27, 0xF6, 0xA4,
    0x8E, 0xB7, 0xDA, 0xD9, 0xE8, 0xF4, 0x35, 0x9A, 0x55, 0x67, 0x36, 0xA8, 0x6F, 0xCE, 0x9E, 0xA6,
    0x90, 0xCE, 0x61, 0x06, 0x73, 0x9E, 0xE1, 0x0D, 0x86, 0xB7, 0x18, 0xFE, 0x8D, 0xE1, 0x0A, 0xC3,
    0x65, 0x86, 0xF2, 0x3E, 0x14, 0x0C, 0x59, 0x07, 0x6C, 0xF3, 0x5E, 0xDD, 0xAD, 0x63, 0x74, 0xC9,
    0x63, 0x7B, 0x80, 0x31, 0xB9, 0xEE, 0x51, 0x1F, 0x19, 0x12, 0x53, 0x9C, 0xF8, 0x27, 0xF9, 0xC3,
    0xFE, 0xF2, 0xF2, 0xA2, 0xD0, 0x44, 0x28, 0x1F, 0x90, 0x64, 0x84, 0x58, 0xC2, 0xF7, 0x7D, 0x26,
    0xDF, 0x90, 0x41, 0x3E, 0x12, 0x70, 0x8B, 0x6A, 0x2F, 0x35, 0xFC, 0xB5, 0xCF, 0x78, 0x09, 0x58,
    0x0A, 0xD6, 0x10, 0x94, 0x02, 0x8B, 0x80, 0x37, 0xCD, 0x46, 0x29, 0x7C, 0x68, 0x56, 0x31, 0xF6,
    0x0D, 0x23, 0x78, 0x09, 0x28, 0x9E, 0x86, 0xB0, 0x82, 0xA0, 0xD3, 0xB4, 0x05, 0xE5, 0x9D, 0xBF,
    0xF4, 0x3F, 0x60, 0x97, 0x56, 0x95, 0xD0, 0x6B, 0xA5, 0xF8, 0x3C, 0x97, 0x7C, 0x3D, 0x0D, 0x1C,
    0xE5, 0x88, 0x97, 0x85, 0x07, 0xAA, 0x7C, 0x39, 0x22, 0xE1, 0xD9, 0x49, 0xD0, 0x9C, 0x9D, 0x90,
    0x59, 0x60, 0x27, 0x19, 0x94, 0x01, 0x80, 0x73, 0x02, 0xB6, 0xD9, 0x37, 0x02, 0xE6, 0xE2, 0xFF,
    0x36, 0x15, 0x73, 0x1D, 0xA2, 0x5D, 0xF4, 0x96, 0x58, 0x27, 0x5C, 0xC1, 0xC8, 0x47, 0x02, 0x98,
    0x48, 0x56, 0x1A, 0x2E, 0x58, 0x5D, 0x4E, 0x00, 0xA5, 0x76, 0x10, 0xCB, 0x6A, 0x1E, 0x4E, 0x51,
    0xED, 0x67, 0xF0, 0x9E, 0x1D, 0x22, 0x06, 0x55, 0x86, 0xB4, 0x6C, 0x8A, 0x88, 0x0D, 0x85, 0xE9,
    0xBD, 0x01, 0x16, 0x18, 0x94, 0x3A, 0x48, 0xA3, 0x32, 0xF1, 0x51, 0xA5, 0x24, 0x3E, 0x54, 0x65,
    0xF8, 0x3E, 0xF3, 0x5F, 0x2E, 0xEF, 0xEF, 0x40, 0x05, 0x58, 0xB7, 0x80, 0xCD, 0x2F, 0x00, 0x1F,
    0x1C, 0x05, 0x5C, 0x0D, 0x2F, 0x95, 0xE6, 0x0B, 0xFF, 0x4E, 0x69, 0xB0, 0xB0, 0xD2, 0x80, 0x04,
    0x4B, 0x83, 0xE0, 0x2E, 0x0C, 0xEA, 0xD5, 0x74, 0x9B, 0xD9, 0x7A, 0x17, 0x00, 0x21, 0xF4, 0xCF,
    0x81, 0xFF, 0x08, 0x80, 0x18, 0xAA, 0x84, 0x18, 0x8A, 0xC5, 0x50, 0xDF, 0x8F, 0x18, 0x4E, 0xD3,
    0x03, 0xF8, 0x50, 0xED, 0x57, 0x13, 0x48, 0x49, 0xB2, 0x9A, 0x8D, 0x16, 0x18, 0xD5, 0xE9, 0x2F,
    0xD0, 0x6C, 0x98, 0x33, 0xFF, 0x81, 0x42, 0x96, 0xCE, 0x9E, 0x67, 0xCA, 0x3A, 0x77, 0x84, 0xF1,
    0x7C, 0x80, 0x02, 0xD6, 0xBC, 0xE1, 0x5F, 0x05, 0xBE, 0xE5, 0x70, 0xA5, 0xF7, 0x31, 0x10, 0x0E,
    0x0A, 0x44, 0x6C, 0x02, 0xBB, 0xFF, 0x52, 0x24, 0x40, 0x0E, 0x62, 0xC1, 0x13, 0x62, 0x62, 0x08,
    0x9A, 0xED, 0x24, 0x38, 0x8F, 0xD7, 0xDF, 0x99, 0xB9, 0x33, 0xEC, 0x23, 0x91, 0x25, 0x44, 0xE1,
    0x06, 0x09, 0xE5, 0x0F, 0x2B, 0xE1, 0xF7, 0x55, 0x12, 0x70, 0x21, 0xE7, 0x57, 0x8E, 0xB3, 0x87,
    0x91, 0x14, 0xFB, 0xF5, 0xA4, 0xCA, 0xC2, 0x1A, 0x91, 0x84, 0x16, 0x24, 0x42, 0x47, 0xA2, 0x0C,
    0x20, 0x40, 0xE4, 0xD5, 0xA8, 0xC3, 0x1F, 0x0D, 0x81, 0x6B, 0x5A, 0xCC, 0x23, 0x9B, 0x16, 0xD0,
    0xE6, 0x4E, 0xD3, 0x72, 0x51, 0xEC, 0x89, 0x43, 0x64, 0xF1, 0x3C, 0xDA, 0x00, 0xC7, 0xEA, 0x85,
    0x22, 0xC9, 0xF5, 0x46, 0x0E, 0xA0, 0x2C, 0xC9, 0xD5, 0x3D, 0x3C, 0x0C, 0xCC, 0x91, 0xE4, 0x81,
    0x2B, 0xFC, 0xA9, 0xC4, 0x59, 0xBB, 0x38, 0xBC, 0xA6, 0x18, 0xF4, 0x36, 0x64, 0x4E, 0x41, 0x11,
    0x67, 0xF4, 0xB0, 0x7D, 0x0D, 0xF1, 0x6F, 0xB8, 0xA9, 0xE0, 0x3E, 0x46, 0x9C, 0x18, 0x3C, 0xE7,
    0xA3, 0x24, 0xE4, 0xB2, 0x50, 0xFD, 0x33, 0xD5, 0x53, 0xA8, 0x97, 0x99, 0xE3, 0xA6, 0x8E, 0x0D,
    0x98, 0xAA, 0xD0, 0x34, 0x41, 0xB1, 0x9C, 0x1E, 0x77, 0x1F, 0x58, 0x80, 0x90, 0x33, 0x85, 0x18,
    0x0B, 0xBB, 0x43, 0x1E, 0xE7, 0x62, 0x3B, 0x66, 0x86, 0xF9, 0xDE, 0x12, 0x00, 0x5A, 0x29, 0x5C,
    0x03, 0x6B, 0x76, 0xE5, 0xD3, 0x63, 0x81, 0xF5, 0x66, 0xBB, 0x7C, 0x0A, 0x4E, 0xAA, 0x44, 0xC4,
    0x86, 0xE6, 0xC6, 0x89, 0x67, 0x33, 0x69, 0x54, 0xB0, 0xA7, 0x70, 0x5E, 0x17, 0x27, 0x16, 0x59,
    0x3A, 0x6B, 0x32, 0xEE, 0x20, 0x11, 0xA0, 0x3E, 0x3A, 0x21, 0xA4, 0x83, 0x8C, 0xA5, 0xCA, 0x40,
    0xAB, 0x80, 0x9B, 0x19, 0x2C, 0x72, 0x78, 0x1B, 0xA2, 0x1B, 0x99, 0x4B, 0xDA, 0x6B, 0xC3, 0xB4,
    0xFD, 0x83, 0x54, 0xC1, 0x4F, 0x00, 0x4E, 0x3F, 0xA8, 0x82, 0x47, 0x97, 0x78, 0xA5, 0x79, 0x54,
    0xAB, 0x4A, 0xA3, 0x36, 0x4A, 0x72, 0xBF, 0xD1, 0xB9, 0xDF, 0xEE, 0xE7, 0x09, 0xC5, 0xE3, 0x0E,
    0xD4, 0x2A, 0xE2, 0x4F, 0xAD, 0xE8, 0xE5, 0x6B, 0xA2, 0x97, 0xAD, 0x0A, 0xEF, 0x13, 0x6E, 0x85,
    0x11, 0xB7, 0x7B, 0xE2, 0xFB, 0x31, 0x5E, 0x43, 0x89, 0x7E, 0xC3, 0x49, 0xB0, 0xE1, 0xA2, 0xA4,
    0xE2, 0x0D, 0x86, 0x18, 0xE4, 0x83, 0xAA, 0x21, 0x76, 0xBB, 0x0C, 0x03, 0x94, 0x0E, 0x68, 0xFE,
    0x73, 0xF3, 0x4B, 0x89, 0xAE, 0x03, 0xCD, 0x7F, 0xCE, 0xCD, 0x7F, 0xCE, 0xCD, 0x7F, 0xCE, 0xCD,
    0x3F, 0xBB, 0x1E, 0x77, 0x2C, 0xF7, 0x61, 0xBB, 0xEF, 0x77, 0x1B, 0x0C, 0xDD, 0x2C, 0xC8, 0x07,
    0x28, 0xD0, 0xB4, 0x65, 0xA3, 0x55, 0xF3, 0xBC, 0x26, 0xA4, 0x84, 0x60, 0x1B, 0xE7, 0x89, 0x71,
    0x3F, 0xE9, 0xB3, 0xC8, 0xFD, 0x74, 0xF7, 0x96, 0xDD, 0x0B, 0x55, 0xDF, 0xB2, 0x97, 0x3D, 0x2A,
    0x6E, 0x11, 0xDA, 0x23, 0xF3, 0x3E, 0x21, 0x03, 0xC0, 0x04, 0xB9, 0x47, 0x1E, 0x92, 0xAB, 0xE7,
    0xEE, 0xDF, 0x8D, 0x3D, 0xB6, 0x0A, 0x1C, 0x72, 0xF9, 0x12, 0x5C, 0x61, 0x98, 0xA3, 0x86, 0x45,
    0x7A, 0x85, 0xF5, 0x05, 0x96, 0x13, 0x97, 0x8D, 0x6A, 0x9F, 0x8B, 0xF4, 0xAE, 0x16, 0x34, 0xF1,
    0x63, 0x9C, 0xC4, 0xFC, 0x3F, 0x9C, 0x04, 0x99, 0x7E, 0xE4, 0x7E, 0xB1, 0x52, 0xAE, 0x21, 0xCD,
    0x17, 0x7D, 0x64, 0xF9, 0x72, 0x1E, 0x49, 0x7E, 0xAD, 0xE1, 0x1C, 0xCF, 0x41, 0x99, 0x58, 0xC0,
    0x97, 0x80, 0x33, 0x9B, 0x70, 0xFF, 0x73, 0xD3, 0x80, 0x37, 0xD0, 0x11, 0xD2, 0x0A, 0x43, 0xCD,
    0x50, 0x32, 0x14, 0x0C, 0x39, 0x43, 0xE6, 0xF3, 0x37, 0xFC, 0x52, 0x3C, 0xF8, 0xEA, 0x39, 0xE6,
    0x75, 0x8E, 0x71, 0x8C, 0x51, 0xD2, 0x16, 0x50, 0xC7, 0x6C, 0xD9, 0x7E, 0x17, 0xBD, 0xB1, 0x29,
    0x46, 0x2E, 0x20, 0x40, 0x4B, 0x08, 0xF5, 0xBC, 0x2C, 0x21, 0x95, 0x60, 0x5E, 0x4E, 0x19, 0x55,
    0xFA, 0x0F, 0xCC, 0xCB, 0x0B, 0x15, 0xF3, 0xF2, 0x69, 0x6E, 0xB5, 0xCD, 0x19, 0x87, 0x67, 0x7F,
    0xEF, 0x38, 0xFA, 0xA8, 0xE3, 0x68, 0x79, 0x14, 0xF8, 0x76, 0xC0, 0xEC, 0xFC, 0xAE, 0xEF, 0xD8,
    0xB9, 0x77, 0x87, 0xD9, 0xD9, 0xEB, 0xD8, 0x99, 0x1C, 0x3B, 0x9B, 0x8E, 0x9D, 0x1D, 0x2F, 0xEB,
    0x6D, 0x5E, 0x46, 0xBC, 0xC0, 0x06, 0x79, 0x52, 0x44, 0x35, 0x97, 0x1A, 0xEC, 0xFE, 0xF0, 0x7E,
    0xE2, 0xFE, 0x73, 0x64, 0xC9, 0x27, 0xDD, 0xFA, 0xB4, 0x16, 0xFA, 0xD4, 0x04, 0xD3, 0xA8, 0xEE,
    0xC1, 0x4A, 0x78, 0x4F, 0x9F, 0xE1, 0x80, 0x05, 0x38, 0x7C, 0xB8, 0x4B, 0x56, 0x77, 0x8F, 0xD7,
    0xAE, 0x77, 0xDE, 0x33, 0x78, 0xA8, 0xDD, 0xB2, 0xBB, 0xDB, 0x2D, 0xAF, 0xED, 0x4A, 0xFA, 0xC8,
    0xB5, 0x2F, 0x82, 0xD9, 0xE7, 0x22, 0x40, 0x52, 0x8A, 0x48, 0x3F, 0x9D, 0xC1, 0x6A, 0x87, 0xD0,
    0x66, 0x6B, 0x77, 0xC6, 0xD7, 0xF4, 0x3D, 0xB1, 0x6D, 0x53, 0xDE, 0x63, 0x89, 0x4A, 0xAE, 0x30,
    0x9A, 0x57, 0x5A, 0x78, 0x11, 0xCA, 0x35, 0xC7, 0x94, 0x60, 0xFC, 0x7D, 0x10, 0x5F, 0x24, 0x42,
    0x4F, 0x67, 0x70, 0x14, 0x1F, 0x1D, 0x59, 0xE2, 0x6F, 0x00, 0xE8, 0x30, 0xDE, 0x7E, 0x8E, 0x75,
    0xA8, 0x1C, 0xD5, 0x20, 0x32, 0x1E, 0xAA, 0x41, 0xFA, 0x0A, 0xCB, 0x1A, 0x3D, 0xC4, 0x74, 0xE4,
    0x3D, 0x19, 0x38, 0x94, 0x3D, 0xDB, 0xAD, 0x24, 0x2C, 0xBC, 0x41, 0xDF, 0xFA, 0xF5, 0xC9, 0x29,
    0xDF, 0xCE, 0x4E, 0x05, 0xB6, 0xBF, 0x22, 0xAB, 0xE8, 0x1E, 0xEF, 0x82, 0xDE, 0xBB, 0xBF, 0x5A,
    0x8E, 0x18, 0x8D, 0x9C, 0xCF, 0xF7, 0x5C, 0x1E, 0x0F, 0xEC, 0xA9, 0x39, 0x24, 0x9D, 0x3A, 0x29,
    0x02, 0x6A, 0xC1, 0xD6, 0xDD, 0x3D, 0xAA, 0xF6, 0xEC, 0xFC, 0x01, 0xAF, 0x5D, 0xF9, 0x89, 0xD7,
    0x9E, 0x3A, 0x00, 0x3E, 0x80, 0x87, 0x07, 0xEC, 0xFC, 0x1E, 0xC2, 0xFB, 0x55, 0xC7, 0x17, 0x70,
    0xBC, 0xA4, 0x4C, 0x0A, 0x59, 0x21, 0x23, 0x59, 0x6E, 0xC9, 0xF6, 0xA7, 0x08, 0x14, 0xF1, 0xCC,
    0x47, 0xCD, 0xD2, 0xEE, 0x72, 0xBD, 0xA8, 0xAB, 0x31, 0xF5, 0x71, 0x67, 0xEC, 0xD5, 0xA0, 0xD8,
    0x35, 0xCC, 0x23, 0xA1, 0xB1, 0x54, 0xCE, 0x14, 0x5D, 0xDA, 0x79, 0xE0, 0xF5, 0xEA, 0x92, 0x2B,
    0x27, 0xC8, 0x7D, 0xCE, 0x72, 0x61, 0x60, 0xD1, 0x78, 0x80, 0x74, 0xFC, 0xD8, 0x8C, 0x27, 0x15,
    0x9D, 0x8C, 0xA2, 0x13, 0xE1, 0x3B, 0x18, 0xEA, 0xA1, 0xD6, 0xB7, 0x05, 0x39, 0xF1, 0xB9, 0x4B,
    0x5E, 0x15, 0x6A, 0x2C, 0xB4, 0x49, 0x86, 0xD9, 0x83, 0x96, 0x7F, 0x87, 0x7C, 0x44, 0x44, 0x43,
    0x62, 0x3C, 0xB1, 0x18, 0xC5, 0x92, 0x5A, 0x0D, 0x26, 0x0C, 0x4D, 0xCC, 0xB7, 0xC4, 0xB4, 0xBC,
    0xFC, 0xC0, 0x2D, 0xFF, 0x88, 0x24, 0x1C, 0x52, 0x73, 0xB7, 0x54, 0x59, 0x54, 0x5C, 0xD6, 0xF0,
    0xCF, 0x4A, 0x2F, 0xFF, 0xEE, 0xAB, 0x52, 0x53, 0xB7, 0x42, 0xDE, 0x82, 0x9E, 0x7E, 0x1F, 0x4F,
    0xB9, 0x75, 0x35, 0x46, 0x3C, 0x5E, 0x8D, 0xE7, 0x85, 0xBA, 0x1A, 0x9B, 0xE5, 0x4B, 0x77, 0xE2,
    0x84, 0x9F, 0xE2, 0x21, 0x77, 0x5E, 0xB0, 0x79, 0xF3, 0xEF, 0x8D, 0x6A, 0xBC, 0xC6, 0xB3, 0x5E,
    0x05, 0x56, 0x8E, 0xFB, 0x55, 0x90, 0xFF, 0x7C, 0x4E, 0xE6, 0x3F, 0x5F, 0x91, 0x79, 0xDF, 0xCA,
    0x7C, 0x04, 0x87, 0x87, 0x43, 0x10, 0xFA, 0xB7, 0xD1, 0xCF, 0x79, 0x1D, 0x95, 0xB6, 0xBA, 0xD1,
    0x8D, 0xB2, 0xBC, 0xA2, 0xBD, 0x3C, 0xD1, 0xC4, 0x10, 0x7E, 0xB6, 0xBC, 0x1A, 0x73, 0x3E, 0xAF,
    0x41, 0xFE, 0xBF, 0x21, 0xD1, 0x6B, 0x26, 0x4C, 0xEA, 0x35, 0x13, 0x49, 0x06, 0xD0, 0xF7, 0xC1,
    0xBD, 0x35, 0xB1, 0xD7, 0xFE, 0x86, 0xA9, 0x94, 0x77, 0x3A, 0x09, 0xE9, 0x98, 0x3F, 0xE0, 0x9B,
    0x55, 0x0E, 0x40, 0x64, 0x7C, 0x0D, 0x74, 0xDE, 0x6B, 0x7E, 0xC1, 0x81, 0x44, 0x88, 0x3A, 0x6A,
    0x17, 0x77, 0xCD, 0x3B, 0x84, 0x17, 0x78, 0xCB, 0x8B, 0xFB, 0x6E, 0xFD, 0xD4, 0x7F, 0xE4, 0xE9,
    0x1B, 0xCC, 0xA4, 0xF8, 0x8F, 0x6E, 0x66, 0xA1, 0xCB, 0xE7, 0xF8, 0xEE, 0x1E, 0xFE, 0x76, 0xB2,
    0xBD, 0x9B, 0xE8, 0x7D, 0x53, 0xA0, 0x43, 0x64, 0xF5, 0x8D, 0xF5, 0xF6, 0x75, 0x7D, 0x78, 0xDD,
    0x4A, 0x3C, 0xDB, 0x4A, 0x3C, 0x9D, 0x5E, 0xC7, 0xF3, 0x55, 0xE7, 0x04, 0x3D, 0x5A, 0xFC, 0x29,
    0xC8, 0xC9, 0xB2, 0x92, 0x56, 0x3D, 0x53, 0xF0, 0x55, 0x76, 0x40, 0x2E, 0x94, 0x5E, 0x23, 0x47,
    0x21, 0xEC, 0x8D, 0xBB, 0xEA, 0xA0, 0xF2, 0x5B, 0x1E, 0xBC, 0x5B, 0x72, 0x03, 0xEC, 0xB8, 0x80,
    0xEE, 0x19, 0x07, 0x12, 0x47, 0x57, 0x44, 0xED, 0x85, 0xDA, 0xD1, 0x25, 0xDD, 0xB6, 0x20, 0x6B,
    0x24, 0x8E, 0x4A, 0x8B, 0x2B, 0x93, 0x3A, 0x9E, 0x9D, 0xD4, 0xE9, 0x04, 0xD8, 0x1A, 0x8D, 0x04,
    0xF4, 0x41, 0x1D, 0xCB, 0x23, 0x79, 0x38, 0x99, 0xBE, 0xF5, 0xC1, 0x15, 0xC1, 0xF1, 0x54, 0xCC,
    0x07, 0x99, 0xE8, 0xE3, 0xD0, 0x38, 0x77, 0xFB, 0xC1, 0x68, 0x52, 0xD3, 0x53, 0x6E, 0x7B, 0x54,
    0x7F, 0x79, 0xA7, 0x78, 0xCE, 0x9C, 0x2B, 0x85, 0x42, 0xD9, 0xFF, 0x67, 0x48, 0x9E, 0xDC, 0xBB,
    0x0A, 0x89, 0x43, 0xE5, 0x2E, 0x53, 0x72, 0x23, 0xCC, 0xB1, 0x8A, 0x22, 0xF7, 0xDB, 0x1D, 0x50,
    0xB4, 0xBC, 0x5B, 0xA2, 0x08, 0x7E, 0x4F, 0xC8, 0xEC, 0x3D, 0x11, 0xE2, 0xBC, 0xC7, 0xCA, 0x7F,
    0xFE, 0xBB, 0xA2, 0xAE, 0xA7, 0x1D, 0x95, 0xA3, 0x84, 0xC1, 0x5F, 0x83, 0x1F, 0xA8, 0x88, 0xDE,
    0xF9, 0xA0, 0xD6, 0x3D, 0xDF, 0x22, 0x8C, 0x1B, 0x5D, 0x21, 0x09, 0xFD, 0xDA, 0x6F, 0x27, 0x65,
    0x77, 0x44, 0x38, 0x0F, 0xAA, 0x27, 0x95, 0x59, 0x4F, 0x3D, 0x2C, 0x97, 0x70, 0x5C, 0xA8, 0xAA,
    0xFF, 0x3C, 0x16, 0x27, 0x6E, 0x4B, 0xEF, 0x67, 0xF1, 0x9A, 0xD8, 0xCA, 0x93, 0xFE, 0x06, 0x08,
    0x63, 0xA3, 0x90, 0x1B, 0xBC, 0xF6, 0x7D, 0xE2, 0x44, 0x6C, 0x86, 0x7F, 0x48, 0x40, 0x48, 0xE6,
    0x1C, 0xE2, 0xFD, 0x39, 0x3F, 0x9F, 0x1C, 0xF7, 0xCB, 0xA9, 0xA9, 0xA0, 0x8C, 0x1A, 0xD8, 0x62,
    0x4E, 0xE5, 0x23, 0x44, 0x62, 0x14, 0xFE, 0xD3, 0xCB, 0xB9, 0xFB, 0xDA, 0x6A, 0xFD, 0x7C, 0xEA,
    0xC7, 0xD1, 0x74, 0xD9, 0xBF, 0x20, 0xCF, 0x96, 0xF3, 0x57, 0xE4, 0x91, 0x72, 0xF2, 0xA0, 0x94,
    0xF9, 0xD4, 0xE4, 0x8B, 0x26, 0x96, 0xA5, 0xA9, 0x77, 0x97, 0x43, 0xA8, 0x1E, 0xFE, 0xEE, 0xEE,
    0x22, 0x92, 0x2B, 0xFE, 0x7B, 0x25, 0xBF, 0x75, 0xF5, 0xC4, 0x15, 0xD0, 0x85, 0x98, 0xB1, 0x21,
    0x2A, 0xC0, 0x7B, 0x62, 0xF5, 0xA0, 0xB0, 0x63, 0x62, 0x65, 0xDC, 0xB9, 0x5E, 0x97, 0x6B, 0x5A,
    0xB1, 0x36, 0x83, 0x78, 0xCA, 0x6C, 0x98, 0xAF, 0x46, 0x60, 0x81, 0xB8, 0x23, 0x78, 0xF8, 0xB2,
    0xFC, 0x08, 0x16, 0x64, 0x7D, 0x26, 0x17, 0xC4, 0xAA, 0x60, 0xDC, 0x0F, 0xA9, 0x47, 0x2E, 0x72,
    0x69, 0x05, 0x92, 0xF5, 0x6B, 0x24, 0x3F, 0x10, 0x98, 0x4A, 0xD5, 0x42, 0x2D, 0x33, 0x1D, 0x50,
    0x58, 0x24, 0x92, 0x5E, 0x2A, 0x01, 0x67, 0x77, 0x81, 0xE6, 0x6B, 0xFA, 0x25, 0x7C, 0xAA, 0x16,
    0xFE, 0x15, 0x8D, 0x16, 0x58, 0x22, 0xF6, 0x9B, 0xBF, 0x6D, 0xF0, 0x44, 0xB7, 0x17, 0xCA, 0xD3,
    0x0D, 0x1F, 0x5A, 0xC2, 0x4A, 0xA8, 0x8F, 0x24, 0xD7, 0xFB, 0x8A, 0x7F, 0x27, 0x71, 0x35, 0x27,
    0xEF, 0x72, 0x15, 0x0F, 0xC1, 0x4E, 0x31, 0xCA, 0xAD, 0x52, 0x86, 0x64, 0x83, 0xAC, 0xDD, 0xBE,
    0x62, 0x87, 0x0F, 0xF5, 0x76, 0x3D, 0xB4, 0xE2, 0x9A, 0xFE, 0xC9, 0x0F, 0x55, 0xFC, 0xEB, 0x80,
    0x2E, 0x93, 0x8F, 0x51, 0xE9, 0x6A, 0x30, 0x7D, 0xAE, 0x8A, 0x93, 0x1A, 0x92, 0x82, 0x39, 0x83,
    0xEA, 0x3D, 0x34, 0x5C, 0xF4, 0x21, 0x6F, 0x8B, 0x7A, 0x4E, 0x69, 0xC3, 0x34, 0xE1, 0xA8, 0xAD,
    0xAB, 0x4E, 0x1E, 0x86, 0xC1, 0x0B, 0x28, 0x05, 0x51, 0x23, 0xD1, 0xF9, 0xE3, 0x57, 0x4B, 0x7A,
    0xBB, 0x17, 0xD4, 0xF4, 0x2E, 0x7C, 0x85, 0x2E, 0x59, 0x86, 0x03, 0x80, 0x77, 0x43, 0xC0, 0x5B,
    0x12, 0x70, 0xBE, 0x01, 0x2C, 0x2C, 0xF9, 0x16, 0x69, 0x20, 0xB0, 0x10, 0x23, 0xE4, 0x9F, 0x2D,
    0xA3, 0x52, 0x36, 0xC7, 0x0C, 0xCA, 0x62, 0x70, 0xB2, 0xF0, 0x8E, 0xE1, 0xB8, 0x28, 0x46, 0x17,
    0x91, 0xA5, 0x3F, 0x21, 0xF0, 0xCA, 0x87, 0x5B, 0xD7, 0x78, 0x03, 0x52, 0xA3, 0xB7, 0x22, 0x4E,
    0x41, 0xE9, 0x53, 0xB0, 0x60, 0x6C, 0x57, 0x18, 0xEB, 0xB1, 0x1D, 0x9C, 0x1B, 0x07, 0x82, 0x40,
    0x75, 0xBC, 0xEA, 0x2A, 0x8B, 0x9D, 0x97, 0xE4, 0x2A, 0x40, 0x16, 0x0F, 0x40, 0x04, 0x9E, 0xD8,
    0x07, 0xF9, 0x66, 0x20, 0x52, 0x8F, 0xDE, 0x8C, 0x1D, 0x5B, 0x74, 0x7E, 0xC4, 0x7C, 0x08, 0x45,
    0xBA, 0x46, 0x56, 0x1E, 0x07, 0x8C, 0x05, 0xB1, 0x03, 0x5D, 0xC8, 0x4B, 0xF8, 0x14, 0xBC, 0xA0,
    0x4A, 0xF0, 0x92, 0xB4, 0xF0, 0x4B, 0x9F, 0xDE, 0x44, 0xA5, 0x33, 0xC3, 0x45, 0xE0, 0xCE, 0x6C,
    0x61, 0x83, 0x39, 0x5E, 0x8C, 0x00, 0x93, 0xC1, 0x51, 0x06, 0xB4, 0xA4, 0x07, 0x8E, 0x7F, 0xA7,
    0xB3, 0x3D, 0x27, 0xB6, 0x9B, 0x4C, 0xC3, 0x56, 0xE2, 0x9F, 0x48, 0x3A, 0x70, 0xF5, 0xAD, 0x5E,
    0xBF, 0xC8, 0x9C, 0x4E, 0xFC, 0x03, 0x67, 0x84, 0x07, 0xF0, 0x2F, 0x3A, 0x51, 0x8C, 0x12, 0x2F,
    0xE2, 0x2F, 0xC9, 0x6D, 0xD3, 0x66, 0xA0, 0x54, 0xCA, 0x42, 0x2E, 0xE1, 0x0F, 0x48, 0x5C, 0x3B,
    0x18, 0x22, 0x3D, 0x8D, 0x87, 0x28, 0x34, 0xE4, 0xEF, 0x21, 0x50, 0x50, 0xA3, 0x49, 0x87, 0xCB,
    0xA5, 0xA2, 0xDB, 0xEB, 0xDC, 0xD9, 0x71, 0x71, 0x15, 0x8B, 0xD7, 0xEC, 0xC2, 0xB6, 0x43, 0x6F,
    0x69, 0x64, 0xC9, 0x6B, 0x15, 0xBA, 0x20, 0xAF, 0x4D, 0xAE, 0x57, 0x66, 0xBD, 0x35, 0x0B, 0x65,
    0xB2, 0xDE, 0x52, 0x5C, 0x6A, 0xC6, 0xE2, 0x49, 0x88, 0x50, 0x5A, 0x6F, 0xDA, 0x15, 0xA1, 0x37,
    0x9A, 0x7A, 0x0C, 0x68, 0x19, 0x37, 0xED, 0xDC, 0xB8, 0xD0, 0x1F, 0x97, 0xC8, 0x8C, 0x28, 0x8E,
    0x1F, 0x34, 0xAC, 0x2B, 0xE8, 0x98, 0xF9, 0x77, 0x01, 0x6F, 0x84, 0xED, 0x9B, 0x29, 0x58, 0x49,
    0x68, 0xEE, 0xDF, 0x1C, 0x0C, 0x55, 0xDD, 0x69, 0x59, 0x2C, 0xC7, 0xE8, 0x46, 0xEF, 0x20, 0x48,
    0x42, 0x1F, 0x41, 0x12, 0xF6, 0x2A, 0xC0, 0x74, 0x8D, 0x5A, 0x9E, 0xE0, 0xA7, 0x7B, 0x5F, 0xA9,
    0x75, 0x81, 0x62, 0x36, 0xFA, 0xA3, 0xF5, 0xCB, 0x90, 0xDE, 0x0E, 0x51, 0x78, 0xA3, 0x29, 0x12,
    0xCF, 0x89, 0xDD, 0x45, 0x62, 0xE4, 0xAA, 0xA6, 0x28, 0xFF, 0x3A, 0x7A, 0x17, 0xBD, 0xA5, 0x28,
    0x8F, 0xE8, 0x6A, 0xAB, 0xB2, 0xE4, 0x7D, 0x3A, 0x32, 0x93, 0x99, 0xD3, 0xE4, 0x13, 0xFB, 0xF5,
    0x34, 0x6F, 0x33, 0xD0, 0xE9, 0xBA, 0xDB, 0x58, 0xE8, 0x36, 0x1A, 0xBA, 0x5D, 0x00, 0x0E, 0x63,
    0xDE, 0x3B, 0x2D, 0x22, 0x60, 0xBB, 0xC2, 0x49, 0xA7, 0x1E, 0x63, 0x99, 0xEB, 0x31, 0x74, 0x8C,
    0x62, 0x6E, 0x1C, 0xA6, 0xE3, 0xA6, 0x9D, 0xC4, 0xD0, 0xAB, 0x5D, 0xE9, 0xBF, 0x67, 0x58, 0xFC,
    0xA7, 0xAE, 0xFC, 0x47, 0xF0, 0x70, 0x03, 0x80, 0xD6, 0x8D, 0x5B, 0x00, 0x0C, 0xDC, 0x04, 0x50,
    0xCA, 0x6D, 0x80, 0x87, 0x04, 0x85, 0x46, 0x00, 0x52, 0x70, 0x2B, 0x70, 0x1C, 0x5D, 0x0E, 0x9A,
    0x01, 0x34, 0x3B, 0xDC, 0x0E, 0x2C, 0x3A, 0xCB, 0x92, 0x78, 0xD6, 0xA1, 0x75, 0x2C, 0x01, 0xE3,
    0x37, 0x0F, 0xD7, 0xCC, 0x1E, 0x35, 0xC3, 0x1A, 0x36, 0x4A, 0x07, 0x48, 0x8D, 0xAA, 0x30, 0x59,
    0xD5, 0x87, 0xC6, 0x37, 0x6E, 0x7F, 0x62, 0x91, 0x48, 0xF4, 0xE6, 0xC6, 0xA7, 0xD6, 0xC0, 0x43,
    0x37, 0x37, 0xAE, 0xAF, 0xDE, 0x46, 0xA9, 0xB1, 0xB1, 0xF5, 0xFE, 0xCC, 0x8D, 0x75, 0xAC, 0xFF,
    0x84, 0x8C, 0x36, 0x79, 0xBF, 0x43, 0x8C, 0xCB, 0x75, 0x8A, 0xC3, 0xF6, 0x50, 0x2D, 0xDD, 0x8C,
    0x68, 0xA2, 0xF9, 0x81, 0x7B, 0xFE, 0xC9, 0x3D, 0xF7, 0xFF, 0x00, 0x85, 0x90, 0xB1, 0x0D, 0xC2,
    0x30, 0x14, 0x44, 0x7F, 0x1C, 0x89, 0x14, 0x2E, 0x3C, 0x42, 0x46, 0xF0, 0x04, 0xC8, 0x0C, 0x86,
    0x44, 0x36, 0xA1, 0x86, 0x09, 0x28, 0x90, 0xEC, 0x11, 0x3C, 0x82, 0x0B, 0x06, 0x48, 0x11, 0xA4,
    0x08, 0x25, 0xF9, 0xDC, 0x99, 0x2A, 0x15, 0x2E, 0x9E, 0x2C, 0xEB, 0xFE, 0xDD, 0xF9, 0xCB, 0xE1,
    0x26, 0x38, 0xAD, 0x92, 0xA2, 0x03, 0xE9, 0x33, 0x69, 0xC7, 0xFA, 0xF4, 0x90, 0xDD, 0x51, 0x5D,
    0xAC, 0x2E, 0x3F, 0x3A, 0x4D, 0x12, 0x72, 0x87, 0x21, 0x3F, 0xB4, 0xBC, 0x4B, 0x03, 0x1E, 0x21,
    0x2A, 0xF2, 0x14, 0x09, 0xA3, 0x4C, 0x30, 0x9B, 0x0D, 0x8C, 0xDC, 0xD2, 0xC2, 0xD4, 0x6E, 0x36,
    0x31, 0xCB, 0x9D, 0x44, 0x8C, 0x5E, 0xAB, 0xDF, 0x4A, 0xC6, 0x85, 0x0C, 0xD3, 0x7F, 0x5E, 0x66,
    0xA0, 0x57, 0x24, 0x88, 0x57, 0x85, 0xF3, 0x9D, 0x95, 0x63, 0xE1, 0x2B, 0x05, 0x5D, 0x75, 0xDA,
    0x88, 0x7E, 0xDF, 0x3B, 0xEB, 0x5A, 0xE1, 0x37, 0x71, 0xC5, 0xAE, 0xE2, 0x52, 0xA7, 0xE2, 0x50,
    0x1C, 0x42, 0xA3, 0x83, 0x87, 0x26, 0xA1, 0x7B, 0xCC, 0x67, 0xA4, 0x94, 0x07, 0xFB, 0xC3, 0xB0,
    0x7F, 0xB3, 0xFD, 0x07, 0xFE, 0x56, 0x33, 0xBB, 0xD7, 0x0F, 0x20, 0xB3, 0xA9, 0x1B, 0xAB, 0xA8,
    0x5F, 0x60, 0xAE, 0x61, 0xB9, 0x8E, 0x7B, 0x73, 0x18, 0x68, 0x22, 0xB4, 0x81, 0x8A, 0xF0, 0x02,
    0xBE, 0x8D, 0x50, 0x31, 0x4E, 0x43, 0x31, 0x0C, 0xF5, 0x77, 0x84, 0xBE, 0x50, 0x24, 0xB2, 0xB2,
    0xFD, 0xB9, 0x08, 0x91, 0x95, 0xA9, 0xC9, 0x11, 0x18, 0x38, 0x40, 0xC7, 0xCE, 0xCC, 0x48, 0xF9,
    0x17, 0x40, 0xE2, 0x08, 0x9D, 0x99, 0x18, 0x3A, 0x74, 0xA8, 0xD4, 0x1C, 0x21, 0x47, 0xC8, 0x11,
    0x3C, 0x64, 0xF8, 0xC3, 0xEF, 0x0F, 0x4E, 0xA4, 0x14, 0x18, 0x90, 0x70, 0xEC, 0xC8, 0x7E, 0x7E,
    0x79, 0x49, 0xBC, 0xDB, 0xFD, 0x61, 0x4F, 0x9B, 0xEB, 0xC7, 0xFB, 0x9B, 0x4F, 0xE1, 0x55, 0xD4,
    0xD3, 0xCB, 0x1B, 0x8E, 0xFF, 0x5B, 0x9D, 0x35, 0x39, 0x98, 0x1C, 0xD9, 0xEF, 0x3E, 0xDE, 0xA1,
    0x98, 0xC9, 0x39, 0x53, 0xDD, 0xE0, 0x97, 0x15, 0xA8, 0xD8, 0x74, 0x49, 0xBE, 0x7B, 0xB7, 0xDD,
    0xDC, 0x07, 0x05, 0x1A, 0xCC, 0x68, 0xC8, 0x24, 0x93, 0x14, 0x75, 0x56, 0xB6, 0x3C, 0x09, 0x42,
    0xEA, 0x83, 0xB6, 0x87, 0x4A, 0x1E, 0x7C, 0xC1, 0x75, 0x92, 0x09, 0x09, 0xA3, 0xF4, 0x0E, 0xF6,
    0x55, 0x03, 0x36, 0xAC, 0xC2, 0xBC, 0xC1, 0x2A, 0x78, 0x65, 0xAD, 0x23, 0xAB, 0x2D, 0x60, 0x28,
    0x7B, 0x93, 0x6A, 0x04, 0x45, 0xCE, 0x77, 0xF6, 0x0A, 0xE4, 0xF8, 0xD0, 0xF0, 0x50, 0xF1, 0xE4,
    0x82, 0x20, 0xE5, 0x91, 0xA4, 0x2F, 0xE7, 0xB5, 0x3D, 0xC3, 0x01, 0xE3, 0xE5, 0x79, 0x03, 0xDF,
    0xD1, 0xF8, 0x9A, 0x43, 0x26, 0x1D, 0x0A, 0x17, 0xA3, 0x1A, 0xA5, 0xD7, 0xE0, 0xBA, 0x19, 0xF6,
    0x18, 0x1A, 0x5D, 0x64, 0xAB, 0x98, 0x58, 0xA6, 0x90, 0x7E, 0x38, 0x0D, 0x39, 0xF6, 0x79, 0x84,
    0xE7, 0xC6, 0xD3, 0x23, 0xCE, 0xA0, 0xC3, 0x89, 0x51, 0x96, 0x3F, 0x91, 0xCC, 0xE0, 0xA8, 0x56,
    0x8E, 0x8C, 0x17, 0x67, 0xEE, 0x35, 0xEA, 0x0A, 0x8E, 0x38, 0x49, 0x1A, 0xA2, 0xF3, 0xD9, 0x66,
    0xEB, 0xFC, 0x10, 0x24, 0xE1, 0xC4, 0x7F, 0x5C, 0x6D, 0x61, 0x0D, 0xDA, 0x2A, 0xAE, 0xC5, 0x8C,
    0x0B, 0x2E, 0x62, 0x96, 0xA4, 0x78, 0x58, 0x6B, 0xD8, 0xC2, 0x17, 0x2D, 0x8D, 0xBB, 0x0D, 0x80,
    0x30, 0x0C, 0x44, 0x2F, 0x49, 0x11, 0x21, 0x0A, 0xD8, 0x80, 0x11, 0x32, 0x02, 0xD9, 0x2C, 0xA3,
    0x91, 0x11, 0x18, 0x21, 0x23, 0xB8, 0x4D, 0xC3, 0x61, 0x63, 0x5C, 0x3C, 0xC9, 0xA7, 0xFB, 0x00,
    0xDF, 0x5D, 0x13, 0x58, 0xC9, 0x8E, 0x32, 0x9A, 0xA0, 0xF5, 0x22, 0x60, 0x3D, 0x24, 0x10, 0xDB,
    0x1D, 0x89, 0x05, 0x89, 0xEA, 0x4A, 0x8F, 0xE2, 0x24, 0xC5, 0x91, 0xED, 0xCD, 0xBF, 0x56, 0x1D,
    0xEE, 0x33, 0x44, 0x43, 0x50, 0x09, 0xD0, 0xDE, 0x1D, 0x6D, 0x40, 0x50, 0x66, 0x1E, 0x3E, 0x14,
    0x2E, 0x0B, 0x86, 0x8A, 0x17, 0xB3, 0xFF, 0x7F, 0xC1, 0xFE, 0xFF, 0x03, 0x20, 0xD2, 0x5A, 0x35,
    0x01, 0x00,
};

static const EpdGlyph notoserifthai_16_boldGlyphs[] = {
    { 0, 0, 0, 0, 0, 0, 0 }, // U+0000
    { 0, 0, 139, 0, 0, 0, 0 }, // U+000D
    { 0, 0, 139, 0, 0, 0, 0 }, // U+0020
    { 7, 25, 204, 3, 24, 44, 0 }, // !
    { 13, 10, 271, 2, 24, 33, 44 }, // "
    { 18, 24, 298, 0, 24, 108, 77 }, // #
    { 16, 29, 298, 1, 26, 116, 185 }, // $
    { 29, 26, 483, 1, 25, 189, 301 }, // %
    { 26, 26, 427, 1, 25, 169, 490 }, // &
    { 6, 10, 155, 2, 24, 15, 659 }, // '
    { 12, 31, 213, 1, 26, 93, 674 }, // (
    { 11, 31, 213, 1, 26, 86, 767 }, // )
    { 15, 14, 268, 1, 26, 53, 853 }, // *
    { 15, 16, 298, 2, 20, 60, 906 }, // +
    { 7, 12, 157, 1, 6, 21, 966 }, // ,
    { 10, 4, 165, 0, 11, 10, 987 }, // -
    { 6, 7, 157, 2, 6, 11, 997 }, // .
    { 10, 31, 154, 0, 26, 78, 1008 }, // /
    { 17, 26, 298, 1, 25, 111, 1086 }, // 0
    { 16, 24, 298, 1, 24, 96, 1197 }, // 1
    { 17, 25, 298, 1, 25, 107, 1293 }, // 2
    { 18, 26, 298, 0, 25, 117, 1400 }, // 3
    { 18, 24, 298, 0, 24, 108, 1517 }, // 4
    { 16, 25, 298, 1, 24, 100, 1625 }, // 5
    { 17, 26, 298, 1, 25, 111, 1725 }, // 6
    { 17, 24, 298, 1, 24, 102, 1836 }, // 7
    { 17, 26, 298, 1, 25, 111, 1938 }, // 8
    { 17, 26, 298, 1, 25, 111, 2049 }, // 9
    { 6, 20, 162, 2, 19, 30, 2160 }, // :
    { 7, 25, 162, 1, 19, 44, 2190 }, // ;
    { 15, 18, 298, 2, 21, 68, 2234 }, // <
    { 15, 10, 298, 2, 17, 38, 2302 }, // =
    { 15, 18, 298, 2, 21, 68, 2340 }, // >
    { 16, 26, 293, 1, 25, 104, 2408 }, // ?
    { 29, 29, 491, 1, 24, 211, 2512 }, // @
    { 26, 24, 402, 0, 24, 156, 2723 }, // A
    { 22, 24, 358, 0, 24, 132, 2879 }, // B
    { 20, 26, 356, 1, 25, 130, 3011 }, // C
    { 24, 24, 409, 0, 24, 144, 3141 }, // D
    { 21, 24, 348, 0, 24, 126, 3285 }, // E
    { 20, 24, 331, 0, 24, 120, 3411 }, // F
    { 24, 26, 410, 1, 25, 156, 3531 }, // G
    { 27, 24, 437, 0, 24, 162, 3687 }, // H
    { 13, 24, 214, 0, 24, 78, 3849 }, // I
    { 14, 32, 212, -1, 24, 112, 3927 }, // J
    { 25, 24, 391, 0, 24, 150, 4039 }, // K
    { 21, 24, 349, 0, 24, 126, 4189 }, // L
    { 31, 24, 508, 0, 24, 186, 4315 }, // M
    { 26, 24, 420, 0, 24, 156, 4501 }, // N
    { 24, 26, 420, 1, 25, 156, 4657 }, // O
    { 21, 24, 340, 0, 24, 126, 4813 }, // P
    { 24, 33, 420, 1, 25, 198, 4939 }, // Q
    { 24, 24, 377, 0, 24, 144, 5137 }, // R
    { 17, 26, 312, 1, 25, 111, 5281 }, // S
    { 22, 24, 348, 0, 24, 132, 5392 }, // T
    { 25, 25, 398, 0, 24, 157, 5524 }, // U
    { 24, 24, 372, 0, 24, 144, 5681 }, // V
    { 36, 24, 569, 0, 24, 216, 5825 }, // W
    { 25, 24, 390, 0, 24, 150, 6041 }, // X
    { 24, 24, 370, 0, 24, 144, 6191 }, // Y
    { 20, 24, 355, 1, 24, 120, 6335 }, // Z
    { 10, 31, 221, 3, 26, 78, 6455 }, // [
    { 10, 31, 154, 0, 26, 78, 6533 }, // <backslash>
    { 10, 31, 221, 1, 26, 78, 6611 }, // ]
    { 17, 16, 298, 1, 24, 68, 6689 }, // ^
    { 17, 3, 245, -1, -2, 13, 6757 }, // _
    { 9, 6, 178, 1, 26, 14, 6770 }, // `
    { 18, 20, 319, 1, 19, 90, 6784 }, // a
    { 21, 27, 346, 0, 26, 142, 6874 }, // b
    { 16, 20, 281, 1, 19, 80, 7016 }, // c
    { 21, 27, 346, 1, 26, 142, 7096 }, // d
    { 17, 20, 304, 1, 19, 85, 7238 }, // e
    { 17, 26, 217, 0, 26, 111, 7323 }, // f
    { 19, 28, 299, 0, 20, 133, 7434 }, // g
    { 22, 26, 356, 0, 26, 143, 7567 }, // h
    { 12, 26, 188, 0, 26, 78, 7710 }, // i
    { 10, 34, 184, -1, 26, 85, 7788 }, // j
    { 22, 26, 339, 0, 26, 143, 7873 }, // k
    { 12, 26, 188, 0, 26, 78, 8016 }, // l
    { 32, 19, 526, 0, 19, 152, 8094 }, // m
    { 22, 19, 356, 0, 19, 105, 8246 }, // n
    { 18, 20, 327, 1, 19, 90, 8351 }, // o
    { 20, 27, 344, 0, 19, 135, 8441 }, // p
    { 21, 27, 346, 1, 19, 142, 8576 }, // q
    { 17, 19, 279, 0, 19, 81, 8718 }, // r
    { 14, 20, 260, 1, 19, 70, 8799 }, // s
    { 13, 23, 216, 0, 22, 75, 8869 }, // t
    { 22, 19, 356, 0, 18, 105, 8944 }, // u
    { 21, 18, 323, 0, 18, 95, 9049 }, // v
    { 30, 18, 456, -1, 18, 135, 9144 }, // w
    { 22, 18, 344, 0, 18, 99, 9279 }, // x
    { 20, 26, 309, 0, 18, 130, 9378 }, // y
    { 17, 18, 282, 0, 18, 77, 9508 }, // z
    { 13, 31, 236, 1, 26, 101, 9585 }, // {
    { 3, 34, 298, 8, 26, 26, 9686 }, // |
    { 13, 31, 236, 1, 26, 101, 9712 }, // }
    { 17, 8, 298, 1, 16, 34, 9813 }, // ~
    { 0, 0, 139, 0, 0, 0, 0 }, // U+00A0
    { 7, 25, 204, 3, 19, 44, 0 }, // U+00A1
    { 17, 24, 298, 1, 24, 102, 44 }, // U+00A2
    { 18, 26, 298, 0, 25, 117, 146 }, // U+00A3
    { 19, 24, 298, 0, 24, 114, 263 }, // U+00A5
    { 15, 30, 290, 2, 26, 113, 377 }, // U+00A7
    { 11, 5, 308, 4, 25, 14, 490 }, // U+00A8
    { 26, 26, 451, 1, 25, 169, 504 }, // U+00A9
    { 14, 12, 224, 0, 24, 42, 673 }, // U+00AA
    { 15, 14, 295, 2, 16, 53, 715 }, // U+00AB
    { 26, 26, 451, 1, 25, 169, 768 }, // U+00AE
    { 17, 3, 245, -1, 28, 13, 937 }, // U+00AF
    { 11, 11, 213, 1, 25, 31, 950 }, // U+00B0
    { 9, 6, 178, 1, 26, 14, 981 }, // U+00B4
    { 19, 30, 334, 1, 26, 143, 995 }, // U+00B6
    { 6, 6, 157, 2, 15, 9, 1138 }, // U+00B7
    { 9, 9, 178, 1, 1, 21, 1147 }, // U+00B8
    { 13, 12, 233, 1, 24, 39, 1168 }, // U+00BA
    { 15, 14, 295, 2, 16, 53, 1207 }, // U+00BB
    { 17, 25, 293, 1, 18, 107, 1260 }, // U+00BF
    { 26, 32, 402, 0, 32, 208, 1367 }, // U+00C0
    { 26, 32, 402, 0, 32, 208, 1575 }, // U+00C1
    { 26, 32, 402, 0, 32, 208, 1783 }, // U+00C2
    { 26, 32, 402, 0, 32, 208, 1991 }, // U+00C3
    { 26, 31, 402, 0, 31, 202, 2199 }, // U+00C4
    { 26, 30, 402, 0, 30, 195, 2401 }, // U+00C5
    { 33, 24, 530, 0, 24, 198, 2596 }, // U+00C6
    { 20, 33, 356, 1, 25, 165, 2794 }, // U+00C7
    { 21, 32, 348, 0, 32, 168, 2959 }, // U+00C8
    { 21, 32, 348, 0, 32, 168, 3127 }, // U+00C9
    { 21, 32, 348, 0, 32, 168, 3295 }, // U+00CA
    { 21, 31, 348, 0, 31, 163, 3463 }, // U+00CB
    { 13, 32, 214, 0, 32, 104, 3626 }, // U+00CC
    { 13, 32, 214, 0, 32, 104, 3730 }, // U+00CD
    { 13, 32, 214, 0, 32, 104, 3834 }, // U+00CE
    { 13, 31, 214, 0, 31, 101, 3938 }, // U+00CF
    { 24, 24, 409, 0, 24, 144, 4039 }, // U+00D0
    { 26, 32, 420, 0, 32, 208, 4183 }, // U+00D1
    { 24, 33, 420, 1, 32, 198, 4391 }, // U+00D2
    { 24, 33, 420, 1, 32, 198, 4589 }, // U+00D3
    { 24, 33, 420, 1, 32, 198, 4787 }, // U+00D4
    { 24, 33, 420, 1, 32, 198, 4985 }, // U+00D5
    { 24, 32, 420, 1, 31, 192, 5183 }, // U+00D6
    { 14, 14, 298, 2, 19, 49, 5375 }, // U+00D7
    { 24, 28, 420, 1, 26, 168, 5424 }, // U+00D8
    { 25, 33, 398, 0, 32, 207, 5592 }, // U+00D9
    { 25, 33, 398, 0, 32, 207, 5799 }, // U+00DA
    { 25, 33, 398, 0, 32, 207, 6006 }, // U+00DB
    { 25, 32, 398, 0, 31, 200, 6213 }, // U+00DC
    { 24, 32, 370, 0, 32, 192, 6413 }, // U+00DD
    { 21, 24, 340, 0, 24, 126, 6605 }, // U+00DE
    { 23, 27, 376, 0, 26, 156, 6731 }, // U+00DF
    { 18, 27, 319, 1, 26, 122, 6887 }, // U+00E0
    { 18, 27, 319, 1, 26, 122, 7009 }, // U+00E1
    { 18, 27, 319, 1, 26, 122, 7131 }, // U+00E2
    { 18, 27, 319, 1, 26, 122, 7253 }, // U+00E3
    { 18, 26, 319, 1, 25, 117, 7375 }, // U+00E4
    { 18, 29, 319, 1, 28, 131, 7492 }, // U+00E5
    { 27, 20, 467, 1, 19, 135, 7623 }, // U+00E6
    { 16, 27, 281, 1, 19, 108, 7758 }, // U+00E7
    { 17, 27, 304, 1, 26, 115, 7866 }, // U+00E8
    { 17, 27, 304, 1, 26, 115, 7981 }, // U+00E9
    { 17, 27, 304, 1, 26, 115, 8096 }, // U+00EA
    { 17, 26, 304, 1, 25, 111, 8211 }, // U+00EB
    { 13, 26, 188, -1, 26, 85, 8322 }, // U+00EC
    { 12, 26, 188, 0, 26, 78, 8407 }, // U+00ED
    { 13, 26, 188, -1, 26, 85, 8485 }, // U+00EE
    { 13, 25, 188, -1, 25, 82, 8570 }, // U+00EF
    { 18, 27, 327, 1, 26, 122, 8652 }, // U+00F0
    { 22, 26, 356, 0, 26, 143, 8774 }, // U+00F1
    { 18, 27, 327, 1, 26, 122, 8917 }, // U+00F2
    { 18, 27, 327, 1, 26, 122, 9039 }, // U+00F3
    { 18, 27, 327, 1, 26, 122, 9161 }, // U+00F4
    { 18, 27, 327, 1, 26, 122, 9283 }, // U+00F5
    { 18, 26, 327, 1, 25, 117, 9405 }, // U+00F6
    { 15, 18, 298, 2, 21, 68, 9522 }, // U+00F7
    { 18, 22, 327, 1, 20, 99, 9590 }, // U+00F8
    { 22, 27, 356, 0, 26, 149, 9689 }, // U+00F9
    { 22, 27, 356, 0, 26, 149, 9838 }, // U+00FA
    { 22, 27, 356, 0, 26, 149, 9987 }, // U+00FB
    { 22, 26, 356, 0, 25, 143, 10136 }, // U+00FC
    { 20, 34, 309, 0, 26, 170, 10279 }, // U+00FD
    { 20, 34, 344, 0, 26, 170, 10449 }, // U+00FE
    { 20, 33, 309, 0, 25, 165, 10619 }, // U+00FF
    { 26, 29, 402, 0, 29, 189, 0 }, // U+0100
    { 18, 24, 319, 1, 23, 108, 189 }, // U+0101
    { 26, 32, 402, 0, 32, 208, 297 }, // U+0102
    { 18, 27, 319, 1, 26, 122, 505 }, // U+0103
    { 26, 32, 402, 0, 24, 208, 627 }, // U+0104
    { 18, 27, 319, 1, 19, 122, 835 }, // U+0105
    { 20, 33, 356, 1, 32, 165, 957 }, // U+0106
    { 16, 27, 281, 1, 26, 108, 1122 }, // U+0107
    { 20, 33, 356, 1, 32, 165, 1230 }, // U+010A
    { 16, 27, 281, 1, 26, 108, 1395 }, // U+010B
    { 20, 33, 356, 1, 32, 165, 1503 }, // U+010C
    { 16, 27, 281, 1, 26, 108, 1668 }, // U+010D
    { 24, 32, 409, 0, 32, 192, 1776 }, // U+010E
    { 25, 27, 346, 1, 26, 169, 1968 }, // U+010F
    { 24, 24, 409, 0, 24, 144, 2137 }, // U+0110
    { 21, 27, 346, 1, 26, 142, 2281 }, // U+0111
    { 21, 29, 348, 0, 29, 153, 2423 }, // U+0112
    { 17, 24, 304, 1, 23, 102, 2576 }, // U+0113
    { 21, 31, 348, 0, 31, 163, 2678 }, // U+0116
    { 17, 27, 304, 1, 26, 115, 2841 }, // U+0117
    { 21, 32, 348, 0, 24, 168, 2956 }, // U+0118
    { 17, 27, 304, 1, 19, 115, 3124 }, // U+0119
    { 21, 32, 348, 0, 32, 168, 3239 }, // U+011A
    { 17, 27, 304, 1, 26, 115, 3407 }, // U+011B
    { 24, 33, 410, 1, 32, 198, 3522 }, // U+011E
    { 19, 34, 299, 0, 26, 162, 3720 }, // U+011F
    { 24, 33, 410, 1, 32, 198, 3882 }, // U+0120
    { 19, 34, 299, 0, 26, 162, 4080 }, // U+0121
    { 24, 33, 410, 1, 25, 198, 4242 }, // U+0122
    { 19, 34, 299, 0, 26, 162, 4440 }, // U+0123
    { 27, 24, 437, 0, 24, 162, 4602 }, // U+0126
    { 22, 26, 356, 0, 26, 143, 4764 }, // U+0127
    { 13, 29, 214, 0, 29, 95, 4907 }, // U+012A
    { 12, 23, 188, 0, 23, 69, 5002 }, // U+012B
    { 13, 32, 214, 0, 24, 104, 5071 }, // U+012E
    { 12, 34, 188, 0, 26, 102, 5175 }, // U+012F
    { 13, 32, 214, 0, 32, 104, 5277 }, // U+0130
    { 12, 18, 188, 0, 18, 54, 5381 }, // U+0131
    { 25, 32, 391, 0, 24, 200, 5435 }, // U+0136
    { 22, 34, 339, 0, 26, 187, 5635 }, // U+0137
    { 21, 32, 349, 0, 32, 168, 5822 }, // U+0139
    { 13, 32, 188, 0, 32, 104, 5990 }, // U+013A
    { 21, 32, 349, 0, 24, 168, 6094 }, // U+013B
    { 12, 34, 188, 0, 26, 102, 6262 }, // U+013C
    { 21, 24, 349, 0, 24, 126, 6364 }, // U+013D
    { 16, 26, 188, 0, 26, 104, 6490 }, // U+013E
    { 21, 24, 349, 0, 24, 126, 6594 }, // U+0141
    { 12, 26, 188, 0, 26, 78, 6720 }, // U+0142
    { 26, 32, 420, 0, 32, 208, 6798 }, // U+0143
    { 22, 26, 356, 0, 26, 143, 7006 }, // U+0144
    { 26, 32, 420, 0, 24, 208, 7149 }, // U+0145
    { 22, 27, 356, 0, 19, 149, 7357 }, // U+0146
    { 26, 32, 420, 0, 32, 208, 7506 }, // U+0147
    { 22, 26, 356, 0, 26, 143, 7714 }, // U+0148
    { 26, 32, 420, 0, 24, 208, 7857 }, // U+014A
    { 20, 27, 356, 0, 19, 135, 8065 }, // U+014B
    { 24, 30, 420, 1, 29, 180, 8200 }, // U+014C
    { 18, 24, 327, 1, 23, 108, 8380 }, // U+014D
    { 24, 33, 420, 1, 32, 198, 8488 }, // U+0150
    { 18, 27, 327, 1, 26, 122, 8686 }, // U+0151
    { 32, 26, 543, 1, 25, 208, 8808 }, // U+0152
    { 29, 20, 499, 1, 19, 145, 9016 }, // U+0153
    { 24, 32, 377, 0, 32, 192, 9161 }, // U+0154
    { 17, 26, 279, 0, 26, 111, 9353 }, // U+0155
    { 24, 32, 377, 0, 24, 192, 9464 }, // U+0156
    { 17, 27, 279, 0, 19, 115, 9656 }, // U+0157
    { 24, 32, 377, 0, 32, 192, 9771 }, // U+0158
    { 17, 26, 279, 0, 26, 111, 9963 }, // U+0159
    { 17, 33, 312, 1, 32, 141, 10074 }, // U+015A
    { 14, 27, 260, 1, 26, 95, 10215 }, // U+015B
    { 17, 33, 312, 1, 25, 141, 10310 }, // U+015E
    { 14, 27, 260, 1, 19, 95, 10451 }, // U+015F
    { 17, 33, 312, 1, 32, 141, 10546 }, // U+0160
    { 14, 27, 260, 1, 26, 95, 10687 }, // U+0161
    { 22, 32, 348, 0, 32, 176, 10782 }, // U+0164
    { 16, 27, 216, 0, 26, 108, 10958 }, // U+0165
    { 25, 30, 398, 0, 29, 188, 11066 }, // U+016A
    { 22, 24, 356, 0, 23, 132, 11254 }, // U+016B
    { 25, 33, 398, 0, 32, 207, 11386 }, // U+016C
    { 22, 27, 356, 0, 26, 149, 11593 }, // U+016D
    { 25, 35, 398, 0, 34, 219, 11742 }, // U+016E
    { 22, 29, 356, 0, 28, 160, 11961 }, // U+016F
    { 25, 33, 398, 0, 32, 207, 12121 }, // U+0170
    { 22, 27, 356, 0, 26, 149, 12328 }, // U+0171
    { 25, 32, 404, 0, 24, 200, 12477 }, // U+0172
    { 22, 26, 356, 0, 18, 143, 12677 }, // U+0173
    { 36, 32, 569, 0, 32, 288, 12820 }, // U+0174
    { 30, 26, 456, -1, 26, 195, 13108 }, // U+0175
    { 24, 32, 370, 0, 32, 192, 13303 }, // U+0176
    { 20, 34, 309, 0, 26, 170, 13495 }, // U+0177
    { 24, 31, 370, 0, 31, 186, 13665 }, // U+0178
    { 20, 32, 355, 1, 32, 160, 13851 }, // U+0179
    { 17, 26, 282, 0, 26, 111, 14011 }, // U+017A
    { 20, 32, 355, 1, 32, 160, 14122 }, // U+017B
    { 17, 26, 282, 0, 26, 111, 14282 }, // U+017C
    { 20, 32, 355, 1, 32, 160, 14393 }, // U+017D
    { 17, 26, 282, 0, 26, 111, 14553 }, // U+017E
    { 17, 33, 312, 1, 25, 141, 0 }, // U+0218
    { 14, 27, 260, 1, 19, 95, 141 }, // U+0219
    { 22, 32, 348, 0, 24, 176, 236 }, // U+021A
    { 13, 30, 216, 0, 22, 98, 412 }, // U+021B
    { 10, 6, 0, -16, 26, 15, 0 }, // U+0300
    { 10, 6, 0, -12, 26, 15, 15 }, // U+0301
    { 13, 6, 0, -16, 26, 20, 30 }, // U+0302
    { 14, 6, 0, -19, 26, 21, 50 }, // U+0303
    { 10, 3, 0, -5, 23, 8, 71 }, // U+0304
    { 12, 6, 0, -6, 26, 18, 79 }, // U+0306
    { 6, 6, 0, -3, 26, 9, 97 }, // U+0307
    { 12, 5, 0, -6, 25, 15, 106 }, // U+0308
    { 8, 9, 0, -4, 28, 18, 121 }, // U+030A
    { 14, 6, 0, -7, 26, 21, 139 }, // U+030B
    { 13, 6, 0, -17, 26, 20, 160 }, // U+030C
    { 7, 11, 0, -3, 24, 20, 180 }, // U+0312
    { 6, 6, 0, -3, -2, 9, 200 }, // U+0326
    { 8, 9, 0, -4, 1, 18, 209 }, // U+0327
    { 8, 8, 0, -4, 0, 16, 227 }, // U+0328
    { 12, 3, 0, -16, -3, 9, 243 }, // U+0331
    { 17, 20, 336, 2, 19, 85, 0 }, // U+0E01
    { 18, 20, 320, 0, 19, 90, 85 }, // U+0E02
    { 19, 20, 334, 0, 19, 95, 175 }, // U+0E03
    { 18, 20, 352, 2, 19, 90, 270 }, // U+0E04
    { 18, 20, 355, 2, 19, 90, 360 }, // U+0E05
    { 19, 20, 351, 1, 19, 95, 450 }, // U+0E06
    { 16, 20, 280, 0, 19, 80, 545 }, // U+0E07
    { 17, 20, 317, 1, 19, 85, 625 }, // U+0E08
    { 21, 20, 360, 1, 19, 105, 710 }, // U+0E09
    { 20, 21, 324, 0, 20, 105, 815 }, // U+0E0A
    { 20, 21, 335, 0, 20, 105, 920 }, // U+0E0B
    { 26, 20, 486, 2, 19, 130, 1025 }, // U+0E0C
    { 26, 28, 479, 2, 19, 182, 1155 }, // U+0E0D
    { 20, 28, 355, 0, 19, 140, 1337 }, // U+0E0E
    { 20, 28, 355, 0, 19, 140, 1477 }, // U+0E0F
    { 19, 30, 323, 1, 21, 143, 1617 }, // U+0E10
    { 21, 20, 371, 0, 19, 105, 1760 }, // U+0E11
    { 27, 20, 504, 2, 19, 135, 1865 }, // U+0E12
    { 30, 20, 496, 1, 19, 150, 2000 }, // U+0E13
    { 18, 20, 355, 2, 19, 90, 2150 }, // U+0E14
    { 18, 20, 355, 2, 19, 90, 2240 }, // U+0E15
    { 17, 20, 335, 2, 19, 85, 2330 }, // U+0E16
    { 20, 20, 359, 0, 19, 100, 2415 }, // U+0E17
    { 17, 19, 313, 1, 19, 81, 2515 }, // U+0E18
    { 22, 20, 358, 0, 19, 110, 2596 }, // U+0E19
    { 20, 19, 348, 0, 19, 95, 2706 }, // U+0E1A
    { 19, 26, 351, 1, 26, 124, 2801 }, // U+0E1B
    { 18, 20, 360, 2, 19, 90, 2925 }, // U+0E1C
    { 18, 27, 360, 2, 26, 122, 3015 }, // U+0E1D
    { 23, 20, 397, 0, 19, 115, 3137 }, // U+0E1E
    { 23, 27, 394, 0, 26, 156, 3252 }, // U+0E1F
    { 20, 20, 354, 0, 19, 100, 3408 }, // U+0E20
    { 19, 20, 357, 1, 19, 95, 3508 }, // U+0E21
    { 18, 20, 331, 1, 19, 90, 3603 }, // U+0E22
    { 16, 20, 267, 0, 19, 80, 3693 }, // U+0E23
    { 17, 27, 338, 2, 19, 115, 3773 }, // U+0E24
    { 17, 20, 330, 1, 19, 85, 3888 }, // U+0E25
    { 20, 27, 356, 0, 19, 135, 3973 }, // U+0E26
    { 16, 20, 290, 0, 19, 80, 4108 }, // U+0E27
    { 20, 22, 354, 2, 21, 110, 4188 }, // U+0E28
    { 23, 19, 384, 1, 19, 110, 4298 }, // U+0E29
    { 19, 22, 333, 1, 21, 105, 4408 }, // U+0E2A
    { 20, 20, 347, 0, 19, 100, 4513 }, // U+0E2B
    { 24, 28, 395, 0, 27, 168, 4613 }, // U+0E2C
    { 16, 20, 323, 2, 19, 80, 4781 }, // U+0E2D
    { 19, 22, 327, 1, 21, 105, 4861 }, // U+0E2E
    { 17, 20, 308, 0, 19, 85, 4966 }, // U+0E2F
    { 15, 17, 274, 1, 17, 64, 5051 }, // U+0E30
    { 16, 8, 0, -13, 28, 32, 5115 }, // U+0E31
    { 15, 20, 279, 0, 19, 75, 5147 }, // U+0E32
    { 27, 29, 279, -12, 28, 196, 5222 }, // U+0E33
    { 17, 6, 0, -19, 27, 26, 5418 }, // U+0E34
    { 17, 7, 0, -19, 28, 30, 5444 }, // U+0E35
    { 19, 7, 0, -20, 28, 34, 5474 }, // U+0E36
    { 17, 7, 0, -19, 28, 30, 5508 }, // U+0E37
    { 8, 9, 0, -10, -1, 18, 5538 }, // U+0E38
    { 14, 9, 0, -16, -1, 32, 5556 }, // U+0E39
    { 8, 7, 0, -10, -2, 14, 5588 }, // U+0E3A
    { 18, 29, 298, 0, 26, 131, 5602 }, // U+0E3F
    { 10, 20, 194, 2, 19, 50, 5733 }, // U+0E40
    { 20, 20, 366, 2, 19, 100, 5783 }, // U+0E41
    { 15, 35, 211, -1, 34, 132, 5883 }, // U+0E42
    { 13, 35, 203, -1, 34, 114, 6015 }, // U+0E43
    { 15, 35, 201, -2, 34, 132, 6129 }, // U+0E44
    { 15, 27, 280, 0, 19, 102, 6261 }, // U+0E45
    { 16, 27, 288, 0, 19, 108, 6363 }, // U+0E46
    { 15, 9, 0, -17, 29, 34, 6471 }, // U+0E47
    { 5, 8, 0, -7, 29, 10, 6505 }, // U+0E48
    { 15, 8, 0, -16, 29, 30, 6515 }, // U+0E49
    { 19, 9, 0, -18, 29, 43, 6545 }, // U+0E4A
    { 10, 9, 0, -12, 30, 23, 6588 }, // U+0E4B
    { 12, 10, 0, -11, 30, 30, 6611 }, // U+0E4C
    { 10, 8, 0, -10, 28, 20, 6641 }, // U+0E4D
    { 9, 9, 0, -10, 30, 21, 6661 }, // U+0E4E
    { 19, 17, 330, 1, 16, 81, 6682 }, // U+0E4F
    { 18, 17, 325, 1, 16, 77, 6763 }, // U+0E50
    { 18, 18, 326, 1, 16, 81, 6840 }, // U+0E51
    { 20, 23, 371, 2, 22, 115, 6921 }, // U+0E52
    { 21, 17, 396, 2, 16, 90, 7036 }, // U+0E53
    { 18, 22, 321, 1, 22, 99, 7126 }, // U+0E54
    { 18, 22, 335, 1, 22, 99, 7225 }, // U+0E55
    { 17, 23, 311, 1, 22, 98, 7324 }, // U+0E56
    { 24, 23, 443, 2, 22, 138, 7422 }, // U+0E57
    { 19, 23, 336, 1, 22, 110, 7560 }, // U+0E58
    { 22, 23, 377, 2, 22, 127, 7670 }, // U+0E59
    { 25, 20, 439, 0, 19, 125, 7797 }, // U+0E5A
    { 29, 13, 467, 0, 15, 95, 7922 }, // U+0E5B
    { 24, 32, 370, 0, 32, 192, 0 }, // U+1EF2
    { 20, 34, 309, 0, 26, 170, 192 }, // U+1EF3
    { 0, 0, 0, 0, 0, 0, 0 }, // U+200B
    { 2, 26, 0, -1, 21, 13, 0 }, // U+200C
    { 8, 28, 0, -4, 23, 56, 13 }, // U+200D
    { 10, 4, 165, 0, 11, 10, 69 }, // U+2010
    { 18, 4, 267, -1, 11, 18, 79 }, // U+2013
    { 35, 4, 533, -1, 11, 35, 97 }, // U+2014
    { 7, 11, 149, 1, 24, 20, 132 }, // U+2018
    { 7, 11, 149, 1, 24, 20, 152 }, // U+2019
    { 7, 12, 157, 1, 6, 21, 172 }, // U+201A
    { 14, 11, 261, 1, 24, 39, 193 }, // U+201C
    { 14, 11, 261, 1, 24, 39, 232 }, // U+201D
    { 14, 12, 261, 1, 6, 42, 271 }, // U+201E
    { 11, 12, 213, 1, 18, 33, 313 }, // U+2022
    { 27, 7, 486, 2, 6, 48, 346 }, // U+2026
    { 8, 14, 188, 2, 16, 28, 394 }, // U+2039
    { 8, 14, 188, 2, 16, 28, 422 }, // U+203A
    { 19, 26, 298, 0, 25, 124, 0 }, // U+20AC
    { 10, 4, 165, 0, 11, 10, 0 }, // U+2212
};

static const EpdUnicodeInterval notoserifthai_16_boldIntervals[] = {
    { 0x0, 0x0, 0x0 },
    { 0xD, 0xD, 0x1 },
    { 0x20, 0x7E, 0x2 },
    { 0xA0, 0xA3, 0x61 },
    { 0xA5, 0xA5, 0x65 },
    { 0xA7, 0xAB, 0x66 },
    { 0xAE, 0xB0, 0x6B },
    { 0xB4, 0xB4, 0x6E },
    { 0xB6, 0xB8, 0x6F },
    { 0xBA, 0xBB, 0x72 },
    { 0xBF, 0x107, 0x74 },
    { 0x10A, 0x113, 0xBD },
    { 0x116, 0x11B, 0xC7 },
    { 0x11E, 0x123, 0xCD },
    { 0x126, 0x127, 0xD3 },
    { 0x12A, 0x12B, 0xD5 },
    { 0x12E, 0x131, 0xD7 },
    { 0x136, 0x137, 0xDB },
    { 0x139, 0x13E, 0xDD },
    { 0x141, 0x148, 0xE3 },
    { 0x14A, 0x14D, 0xEB },
    { 0x150, 0x15B, 0xEF },
    { 0x15E, 0x161, 0xFB },
    { 0x164, 0x165, 0xFF },
    { 0x16A, 0x17E, 0x101 },
    { 0x218, 0x21B, 0x116 },
    { 0x300, 0x304, 0x11A },
    { 0x306, 0x308, 0x11F },
    { 0x30A, 0x30C, 0x122 },
    { 0x312, 0x312, 0x125 },
    { 0x326, 0x328, 0x126 },
    { 0x331, 0x331, 0x129 },
    { 0xE01, 0xE3A, 0x12A },
    { 0xE3F, 0xE5B, 0x164 },
    { 0x1EF2, 0x1EF3, 0x181 },
    { 0x200B, 0x200D, 0x183 },
    { 0x2010, 0x2010, 0x186 },
    { 0x2013, 0x2014, 0x187 },
    { 0x2018, 0x201A, 0x189 },
    { 0x201C, 0x201E, 0x18C },
    { 0x2022, 0x2022, 0x18F },
    { 0x2026, 0x2026, 0x190 },
    { 0x2039, 0x203A, 0x191 },
    { 0x20AC, 0x20AC, 0x193 },
    { 0x2212, 0x2212, 0x194 },
};

static const EpdFontGroup notoserifthai_16_boldGroups[] = {
    { 0, 4455, 10741, 97, 0 },
    { 4455, 3236, 11746, 84, 97 },
    { 7691, 3788, 15802, 97, 181 },
    { 11479, 287, 585, 4, 278 },
    { 11766, 226, 281, 16, 282 },
    { 11992, 3939, 8586, 87, 298 },
    { 15931, 198, 362, 2, 385 },
    { 16129, 282, 495, 16, 387 },
    { 16411, 90, 130, 1, 403 },
    { 16501, 13, 12, 1, 404 },
};

static const EpdKernClassEntry notoserifthai_16_boldKernLeftClasses[] = {
    { 0x0022, 1 }, // "
    { 0x0026, 2 }, // &
    { 0x0027, 1 }, // '
    { 0x002A, 3 }, // *
    { 0x002C, 4 }, // ,
    { 0x002E, 4 }, // .
    { 0x0040, 5 }, // @
    { 0x0041, 6 }, // A
    { 0x0042, 7 }, // B
    { 0x0044, 8 }, // D
    { 0x0045, 9 }, // E
    { 0x0046, 10 }, // F
    { 0x0047, 11 }, // G
    { 0x004B, 12 }, // K
    { 0x004C, 13 }, // L
    { 0x004E, 14 }, // N
    { 0x004F, 8 }, // O
    { 0x0050, 3 }, // P
    { 0x0051, 8 }, // Q
    { 0x0052, 15 }, // R
    { 0x0053, 16 }, // S
    { 0x0054, 17 }, // T
    { 0x0055, 18 }, // U
    { 0x0056, 19 }, // V
    { 0x0057, 20 }, // W
    { 0x0058, 21 }, // X
    { 0x0059, 22 }, // Y
    { 0x0061, 23 }, // a
    { 0x0062, 24 }, // b
    { 0x0065, 25 }, // e
    { 0x0066, 26 }, // f
    { 0x0067, 27 }, // g
    { 0x0068, 23 }, // h
    { 0x006B, 28 }, // k
    { 0x006D, 23 }, // m
    { 0x006E, 23 }, // n
    { 0x006F, 24 }, // o
    { 0x0070, 24 }, // p
    { 0x0072, 29 }, // r
    { 0x0073, 30 }, // s
    { 0x0076, 31 }, // v
    { 0x0077, 32 }, // w
    { 0x0079, 33 }, // y
    { 0x00A1, 34 }, // U+00A1
    { 0x00BF, 35 }, // U+00BF
    { 0x00C0, 36 }, // U+00C0
    { 0x00C1, 36 }, // U+00C1
    { 0x00C2, 36 }, // U+00C2
    { 0x00C3, 36 }, // U+00C3
    { 0x00C4, 36 }, // U+00C4
    { 0x00C5, 36 }, // U+00C5
    { 0x00C6, 9 }, // U+00C6
    { 0x00C8, 9 }, // U+00C8
    { 0x00C9, 9 }, // U+00C9
    { 0x00CA, 9 }, // U+00CA
    { 0x00CB, 9 }, // U+00CB
    { 0x00D0, 8 }, // U+00D0
    { 0x00D1, 14 }, // U+00D1
    { 0x00D2, 8 }, // U+00D2
    { 0x00D3, 8 }, // U+00D3
    { 0x00D4, 8 }, // U+00D4
    { 0x00D5, 8 }, // U+00D5
    { 0x00D6, 8 }, // U+00D6
    { 0x00D8, 8 }, // U+00D8
    { 0x00D9, 18 }, // U+00D9
    { 0x00DA, 18 }, // U+00DA
    { 0x00DB, 18 }, // U+00DB
    { 0x00DC, 18 }, // U+00DC
    { 0x00DD, 22 }, // U+00DD
    { 0x00DE, 8 }, // U+00DE
    { 0x00DF, 24 }, // U+00DF
    { 0x00E0, 23 }, // U+00E0
    { 0x00E1, 23 }, // U+00E1
    { 0x00E2, 23 }, // U+00E2
    { 0x00E3, 23 }, // U+00E3
    { 0x00E4, 23 }, // U+00E4
    { 0x00E5, 23 }, // U+00E5
    { 0x00E6, 25 }, // U+00E6
    { 0x00E8, 25 }, // U+00E8
    { 0x00E9, 25 }, // U+00E9
    { 0x00EA, 25 }, // U+00EA
    { 0x00EB, 25 }, // U+00EB
    { 0x00F0, 24 }, // U+00F0
    { 0x00F1, 23 }, // U+00F1
    { 0x00F2, 24 }, // U+00F2
    { 0x00F3, 24 }, // U+00F3
    { 0x00F4, 24 }, // U+00F4
    { 0x00F5, 24 }, // U+00F5
    { 0x00F6, 24 }, // U+00F6
    { 0x00F8, 24 }, // U+00F8
    { 0x00FD, 33 }, // U+00FD
    { 0x00FE, 24 }, // U+00FE
    { 0x00FF, 33 }, // U+00FF
    { 0x0100, 6 }, // U+0100
    { 0x0102, 36 }, // U+0102
    { 0x0104, 36 }, // U+0104
    { 0x010E, 8 }, // U+010E
    { 0x010F, 37 }, // U+010F
    { 0x0110, 8 }, // U+0110
    { 0x0112, 9 }, // U+0112
    { 0x0113, 25 }, // U+0113
    { 0x0116, 9 }, // U+0116
    { 0x0117, 25 }, // U+0117
    { 0x0118, 9 }, // U+0118
    { 0x0119, 25 }, // U+0119
    { 0x011A, 9 }, // U+011A
    { 0x011B, 25 }, // U+011B
    { 0x011E, 11 }, // U+011E
    { 0x0120, 11 }, // U+0120
    { 0x0122, 11 }, // U+0122
    { 0x0127, 23 }, // U+0127
    { 0x0136, 12 }, // U+0136
    { 0x0137, 28 }, // U+0137
    { 0x0139, 13 }, // U+0139
    { 0x013B, 13 }, // U+013B
    { 0x013E, 37 }, // U+013E
    { 0x0141, 13 }, // U+0141
    { 0x0143, 14 }, // U+0143
    { 0x0144, 23 }, // U+0144
    { 0x0145, 14 }, // U+0145
    { 0x0146, 23 }, // U+0146
    { 0x0147, 14 }, // U+0147
    { 0x0148, 23 }, // U+0148
    { 0x014B, 23 }, // U+014B
    { 0x014C, 8 }, // U+014C
    { 0x014D, 24 }, // U+014D
    { 0x0150, 8 }, // U+0150
    { 0x0151, 24 }, // U+0151
    { 0x0152, 9 }, // U+0152
    { 0x0153, 25 }, // U+0153
    { 0x0154, 15 }, // U+0154
    { 0x0155, 29 }, // U+0155
    { 0x0156, 15 }, // U+0156
    { 0x0157, 29 }, // U+0157
    { 0x0158, 15 }, // U+0158
    { 0x0159, 29 }, // U+0159
    { 0x015A, 16 }, // U+015A
    { 0x015B, 30 }, // U+015B
    { 0x015E, 16 }, // U+015E
    { 0x015F, 30 }, // U+015F
    { 0x0160, 16 }, // U+0160
    { 0x0161, 30 }, // U+0161
    { 0x0164, 17 }, // U+0164
    { 0x0165, 38 }, // U+0165
    { 0x016A, 18 }, // U+016A
    { 0x016C, 18 }, // U+016C
    { 0x016E, 18 }, // U+016E
    { 0x0170, 18 }, // U+0170
    { 0x0172, 18 }, // U+0172
    { 0x0174, 20 }, // U+0174
    { 0x0175, 32 }, // U+0175
    { 0x0176, 22 }, // U+0176
    { 0x0177, 33 }, // U+0177
    { 0x0178, 22 }, // U+0178
    { 0x0218, 16 }, // U+0218
    { 0x0219, 30 }, // U+0219
    { 0x021A, 17 }, // U+021A
    { 0x0E19, 39 }, // U+0E19
    { 0x0E54, 40 }, // U+0E54
    { 0x0E55, 40 }, // U+0E55
    { 0x0E59, 41 }, // U+0E59
    { 0x1EF2, 22 }, // U+1EF2
    { 0x1EF3, 33 }, // U+1EF3
    { 0x2018, 42 }, // U+2018
    { 0x2019, 43 }, // U+2019
    { 0x201A, 4 }, // U+201A
    { 0x201C, 42 }, // U+201C
    { 0x201D, 43 }, // U+201D
    { 0x201E, 4 }, // U+201E
    { 0x2026, 4 }, // U+2026
};

static const EpdKernClassEntry notoserifthai_16_boldKernRightClasses[] = {
    { 0x0022, 1 }, // "
    { 0x0026, 2 }, // &
    { 0x0027, 1 }, // '
    { 0x0029, 3 }, // )
    { 0x002A, 4 }, // *
    { 0x002C, 5 }, // ,
    { 0x002E, 6 }, // .
    { 0x003F, 7 }, // ?
    { 0x0040, 8 }, // @
    { 0x0041, 9 }, // A
    { 0x0042, 10 }, // B
    { 0x0043, 11 }, // C
    { 0x0044, 10 }, // D
    { 0x0045, 10 }, // E
    { 0x0046, 10 }, // F
    { 0x0047, 11 }, // G
    { 0x0048, 10 }, // H
    { 0x0049, 10 }, // I
    { 0x004A, 12 }, // J
    { 0x004B, 10 }, // K
    { 0x004C, 10 }, // L
    { 0x004D, 10 }, // M
    { 0x004E, 10 }, // N
    { 0x004F, 11 }, // O
    { 0x0050, 10 }, // P
    { 0x0051, 11 }, // Q
    { 0x0052, 10 }, // R
    { 0x0053, 13 }, // S
    { 0x0054, 14 }, // T
    { 0x0055, 15 }, // U
    { 0x0056, 16 }, // V
    { 0x0057, 17 }, // W
    { 0x0058, 18 }, // X
    { 0x0059, 19 }, // Y
    { 0x005A, 20 }, // Z
    { 0x005D, 3 }, // ]
    { 0x0061, 21 }, // a
    { 0x0062, 22 }, // b
    { 0x0063, 23 }, // c
    { 0x0064, 23 }, // d
    { 0x0065, 23 }, // e
    { 0x0067, 24 }, // g
    { 0x0068, 22 }, // h
    { 0x006B, 22 }, // k
    { 0x006C, 22 }, // l
    { 0x006F, 23 }, // o
    { 0x0071, 23 }, // q
    { 0x0073, 25 }, // s
    { 0x0075, 26 }, // u
    { 0x0076, 27 }, // v
    { 0x0077, 28 }, // w
    { 0x0079, 29 }, // y
    { 0x007A, 30 }, // z
    { 0x007D, 3 }, // }
    { 0x00AB, 31 }, // U+00AB
    { 0x00B7, 32 }, // U+00B7
    { 0x00BB, 31 }, // U+00BB
    { 0x00C0, 9 }, // U+00C0
    { 0x00C1, 9 }, // U+00C1
    { 0x00C2, 9 }, // U+00C2
    { 0x00C3, 9 }, // U+00C3
    { 0x00C4, 9 }, // U+00C4
    { 0x00C5, 9 }, // U+00C5
    { 0x00C6, 33 }, // U+00C6
    { 0x00C7, 11 }, // U+00C7
    { 0x00C8, 10 }, // U+00C8
    { 0x00C9, 10 }, // U+00C9
    { 0x00CA, 10 }, // U+00CA
    { 0x00CB, 10 }, // U+00CB
    { 0x00CC, 10 }, // U+00CC
    { 0x00CD, 10 }, // U+00CD
    { 0x00CE, 10 }, // U+00CE
    { 0x00CF, 10 }, // U+00CF
    { 0x00D0, 10 }, // U+00D0
    { 0x00D1, 10 }, // U+00D1
    { 0x00D2, 11 }, // U+00D2
    { 0x00D3, 11 }, // U+00D3
    { 0x00D4, 11 }, // U+00D4
    { 0x00D5, 11 }, // U+00D5
    { 0x00D6, 11 }, // U+00D6
    { 0x00D8, 11 }, // U+00D8
    { 0x00D9, 15 }, // U+00D9
    { 0x00DA, 15 }, // U+00DA
    { 0x00DB, 15 }, // U+00DB
    { 0x00DC, 15 }, // U+00DC
    { 0x00DD, 19 }, // U+00DD
    { 0x00DE, 10 }, // U+00DE
    { 0x00E0, 21 }, // U+00E0
    { 0x00E1, 21 }, // U+00E1
    { 0x00E2, 21 }, // U+00E2
    { 0x00E3, 21 }, // U+00E3
    { 0x00E4, 21 }, // U+00E4
    { 0x00E5, 21 }, // U+00E5
    { 0x00E6, 21 }, // U+00E6
    { 0x00E7, 23 }, // U+00E7
    { 0x00E8, 23 }, // U+00E8
    { 0x00E9, 23 }, // U+00E9
    { 0x00EA, 23 }, // U+00EA
    { 0x00EB, 23 }, // U+00EB
    { 0x00EC, 34 }, // U+00EC
    { 0x00EE, 34 }, // U+00EE
    { 0x00EF, 34 }, // U+00EF
    { 0x00F0, 23 }, // U+00F0
    { 0x00F2, 23 }, // U+00F2
    { 0x00F3, 23 }, // U+00F3
    { 0x00F4, 23 }, // U+00F4
    { 0x00F5, 23 }, // U+00F5
    { 0x00F6, 23 }, // U+00F6
    { 0x00F8, 23 }, // U+00F8
    { 0x00F9, 26 }, // U+00F9
    { 0x00FA, 26 }, // U+00FA
    { 0x00FB, 26 }, // U+00FB
    { 0x00FC, 26 }, // U+00FC
    { 0x00FD, 29 }, // U+00FD
    { 0x00FE, 22 }, // U+00FE
    { 0x00FF, 29 }, // U+00FF
    { 0x0100, 9 }, // U+0100
    { 0x0101, 21 }, // U+0101
    { 0x0102, 9 }, // U+0102
    { 0x0103, 21 }, // U+0103
    { 0x0104, 9 }, // U+0104
    { 0x0105, 21 }, // U+0105
    { 0x0106, 11 }, // U+0106
    { 0x0107, 23 }, // U+0107
    { 0x010A, 11 }, // U+010A
    { 0x010B, 23 }, // U+010B
    { 0x010C, 11 }, // U+010C
    { 0x010D, 23 }, // U+010D
    { 0x010E, 10 }, // U+010E
    { 0x010F, 23 }, // U+010F
    { 0x0110, 10 }, // U+0110
    { 0x0111, 23 }, // U+0111
    { 0x0112, 10 }, // U+0112
    { 0x0113, 23 }, // U+0113
    { 0x0116, 10 }, // U+0116
    { 0x0117, 23 }, // U+0117
    { 0x0118, 10 }, // U+0118
    { 0x0119, 23 }, // U+0119
    { 0x011A, 10 }, // U+011A
    { 0x011B, 23 }, // U+011B
    { 0x011E, 11 }, // U+011E
    { 0x011F, 23 }, // U+011F
    { 0x0120, 11 }, // U+0120
    { 0x0121, 23 }, // U+0121
    { 0x0122, 11 }, // U+0122
    { 0x0123, 23 }, // U+0123
    { 0x0126, 10 }, // U+0126
    { 0x0127, 22 }, // U+0127
    { 0x012A, 10 }, // U+012A
    { 0x012B, 34 }, // U+012B
    { 0x012E, 10 }, // U+012E
    { 0x0130, 10 }, // U+0130
    { 0x0136, 10 }, // U+0136
    { 0x0137, 22 }, // U+0137
    { 0x0139, 10 }, // U+0139
    { 0x013A, 22 }, // U+013A
    { 0x013B, 10 }, // U+013B
    { 0x013C, 22 }, // U+013C
    { 0x013D, 10 }, // U+013D
    { 0x013E, 22 }, // U+013E
    { 0x0141, 10 }, // U+0141
    { 0x0142, 22 }, // U+0142
    { 0x0143, 10 }, // U+0143
    { 0x0145, 10 }, // U+0145
    { 0x0147, 10 }, // U+0147
    { 0x014A, 10 }, // U+014A
    { 0x014C, 11 }, // U+014C
    { 0x014D, 23 }, // U+014D
    { 0x0150, 11 }, // U+0150
    { 0x0151, 23 }, // U+0151
    { 0x0152, 11 }, // U+0152
    { 0x0153, 23 }, // U+0153
    { 0x0154, 10 }, // U+0154
    { 0x0156, 10 }, // U+0156
    { 0x0158, 10 }, // U+0158
    { 0x015A, 13 }, // U+015A
    { 0x015B, 25 }, // U+015B
    { 0x015E, 13 }, // U+015E
    { 0x015F, 25 }, // U+015F
    { 0x0160, 13 }, // U+0160
    { 0x0161, 25 }, // U+0161
    { 0x0164, 14 }, // U+0164
    { 0x016A, 15 }, // U+016A
    { 0x016B, 26 }, // U+016B
    { 0x016C, 15 }, // U+016C
    { 0x016D, 26 }, // U+016D
    { 0x016E, 15 }, // U+016E
    { 0x016F, 26 }, // U+016F
    { 0x0170, 15 }, // U+0170
    { 0x0171, 26 }, // U+0171
    { 0x0172, 15 }, // U+0172
    { 0x0173, 26 }, // U+0173
    { 0x0174, 17 }, // U+0174
    { 0x0175, 28 }, // U+0175
    { 0x0176, 19 }, // U+0176
    { 0x0177, 29 }, // U+0177
    { 0x0178, 19 }, // U+0178
    { 0x0179, 20 }, // U+0179
    { 0x017A, 30 }, // U+017A
    { 0x017B, 20 }, // U+017B
    { 0x017C, 30 }, // U+017C
    { 0x017D, 20 }, // U+017D
    { 0x017E, 30 }, // U+017E
    { 0x0218, 13 }, // U+0218
    { 0x0219, 25 }, // U+0219
    { 0x021A, 14 }, // U+021A
    { 0x0E27, 35 }, // U+0E27
    { 0x0E32, 35 }, // U+0E32
    { 0x0E50, 36 }, // U+0E50
    { 0x0E51, 36 }, // U+0E51
    { 0x0E53, 37 }, // U+0E53
    { 0x0E54, 38 }, // U+0E54
    { 0x0E55, 38 }, // U+0E55
    { 0x0E57, 37 }, // U+0E57
    { 0x0E58, 39 }, // U+0E58
    { 0x1EF2, 19 }, // U+1EF2
    { 0x1EF3, 29 }, // U+1EF3
    { 0x2018, 40 }, // U+2018
    { 0x2019, 4 }, // U+2019
    { 0x201A, 6 }, // U+201A
    { 0x201C, 40 }, // U+201C
    { 0x201D, 4 }, // U+201D
    { 0x201E, 6 }, // U+201E
    { 0x2026, 6 }, // U+2026
    { 0x2039, 31 }, // U+2039
    { 0x203A, 31 }, // U+203A
};

static const int8_t notoserifthai_16_boldKernMatrix[] = {
       0,    0,    0,    0,    0,    0,    0,    0,  -43,    0,    0,    0,    0,    0,    0,    0,    0,    0,    0,    0,    0,    0,  -11,  -32,    0,    0,    0,    0,    0,    0,    0,    0,  -64,    0,    0,    0,    0,    0,    0,    0,
       0,    0,    0,    0,    0,    0,  -16,    0,    0,    0,    0,    0,    0,  -16,    0,  -21,  -21,    0,  -16,    0,    0,    0,    0,    0,    0,    0,    0,    0,    0,    0,    0,    0,    0,    0,    0,    0,    0,    0,    0,    0,
       0,   -5,    0,    0,  -64,  -64,    0,    0,  -27,    0,    0,    0,    0,    0,    0,    0,    0,    0,    0,    0,    0,    0,    0,    0,    0,    0,    0,    0,    0,    0,    0,    0,  -43,    0,    0,    0,    0,    0,    0,    0,
       0,    0,    0,    0,    0,    0,  -48,    0,    0,    0,  -11,    0,    0,  -48,  -11,  -59,  -48,    0,  -43,    0,    0,    0,    0,    0,    0,    0,  -37,  -32,  -27,    0,    0,    0,    0,    0,    0,    0,    0,    0,    0,    0,
       0,    0,    0,    0,    0,    0,    0,    0,  -16,    0,    0,    0,    0,    0,    0,    0,    0,    0,   -5,    0,    0,    0,    0,    0,    0,    0,    0,    0,    0,    0,    0,    0,    0,    0,    0,    0,    0,    0,    0,    0,
     -43,    0,    0,  -37,    0,    0,  -32,    0,    0,    0,  -11,    0,    0,  -32,  -11,  -43,  -37,    0,  -37,    0,    0,    0,  -11,  -11,    0,  -11,  -32,  -16,  -27,    0,    0,    0,    0,    0,    0,    0,    0,    0,    0,  -37,
       0,    0,    0,  -11,    0,    0,  -11,    0,  -11,    0,    0,    0,    0,  -11,    0,  -21,  -16,  -11,  -21,  -11,    0,    0,    0,    0,    0,    0,    0,   -5,  -11,    0,    0,    0,  -16,    0,    0,    0,    0,    0,    0,    0,
       0,    0,    0,    0,  -11,  -11,  -11,    0,  -11,    0,    0,    0,    0,  -11,    0,  -11,  -11,  -11,  -16,    0,    0,    0,    0,    0,    0,    0,    0,    0,    0,    0,    0,    0,  -27,    0,    0,    0,    0,    0,    0,    0,
       0,    0,    0,    0,    0,    0,    0,    0,    0,    0,    0,    0,    0,    0,    0,  -11,  -11,    0,  -11,    0,    0,    0,    0,    0,    0,    0,    0,    0,    0,    0,    0,    0,    0,    0,    0,    0,    0,    0,    0,    0,
       0,  -11,    0,    0,  -64,  -64,    0,  -21,  -37,    0,    0,    0,    0,    0,    0,    0,    0,    0,    0,    0,  -21,    0,  -21,  -21,    0,    0,    0,    0,    0,    0,    0,    0,  -59,    0,    0,    0,    0,    0,    0,    0,
       0,    0,    0,    0,    0,    0,  -11,    0,    0,    0,    0,    0,    0,  -11,    0,  -11,  -11,    0,  -11,    0,    0,    0,    0,    0,    0,    0,    0,    0,    0,    0,    0,    0,  -11,    0,    0,    0,    0,    0,    0,    0,
       0,    0,    0,    0,    0,    0,    0,    0,    0,    0,  -11,    0,    0,    0,    0,    0,    0,    0,    0,    0,    0,    0,  -11,  -11,    0,  -11,    0,  -16,  -16,    0,    0,    0,    0,    0,    0,    0,    0,    0,    0,    0,
     -32,    0,    0,  -43,    0,    0,  -37,    0,    0,    0,    0,    0,    0,  -37,    0,  -27,  -27,    0,  -32,    0,    0,    0,    0,    0,    0,    0,  -11,   -5,  -16,    0,    0,  -11,    0,    0,    0,    0,    0,    0,    0,  -43,
       0,    0,    0,    0,    0,    0,    0,    0,    0,    0,    0,    0,    0,    0,    0,    0,    0,    0,    0,    0,    0,    0,    0,    0,    0,    0,    0,    0,    0,    0,   -5,    0,    0,    0,    0,    0,    0,    0,    0,    0,
       0,    0,    0,  -11,    0,    0,  -11,    0,    0,    0,  -11,    0,    0,  -11,   -5,  -16,  -16,    0,  -16,    0,    0,    0,    0,    0,    0,    0,   -5,   -5,  -11,    0,    0,    0,    0,    0,    0,    0,    0,    0,    0,    0,
       0,    0,    0,    0,    0,    0,  -11,    0,  -11,    0,    0,    0,    0,  -11,    0,  -11,  -11,  -11,  -11,    0,    0,    0,    0,    0,    0,    0,    0,   -5,  -11,    0,    0,    0,  -11,    0,    0,    0,    0,    0,    0,    0,
       0,   -5,    0,    0,  -48,  -48,    0,  -16,  -32,    0,  -11,    0,    0,    0,    0,    0,    0,    0,    0,    0,  -16,    0,  -16,  -16,   -3,    0,    0,    0,    0,    0,    0,    0,  -43,    0,    0,    0,    0,    0,    0,    0,
       0,    0,    0,    0,  -11,  -11,    0,   -5,  -11,    0,    0,    0,    0,    0,    0,    0,    0,    0,    0,    0,    0,    0,    0,    0,    0,    0,    0,    0,    0,    0,    0,    0,  -21,    0,    0,    0,    0,    0,    0,    0,
       0,  -16,    0,    0,  -59,  -59,    0,  -27,  -43,    0,  -11,    0,    0,    0,    0,    0,    0,    0,    0,    0,  -32,    0,  -32,  -32,  -21,    0,    0,    0,    0,    0,    0,    0,  -69,    0,    0,    0,    0,    0,    0,    0,
       0,    0,    0,    0,  -48,  -48,    0,  -27,  -37,    0,  -11,    0,    0,    0,    0,    0,    0,    0,    0,    0,  -37,    0,  -32,  -32,  -27,    0,    0,    0,    0,  -16,    0,    0,  -69,    0,    0,    0,    0,    0,    0,    0,
       0,    0,    0,    0,    0,    0,    0,    0,    0,    0,  -11,    0,   -5,    0,    0,    0,    0,    0,    0,    0,    0,    0,    0,    0,    0,    0,    0,  -16,  -27,    0,    0,    0,    0,    0,    0,    0,    0,    0,    0,    0,
       0,   -5,    0,    0,  -43,  -43,    0,  -21,  -37,    0,  -16,    0,  -11,    0,    0,    0,    0,    0,    0,    0,  -32,    0,  -37,  -37,  -32,    0,    0,    0,    0,  -11,    0,    0,  -48,    0,    0,    0,    0,    0,    0,    0,
     -21,    0,    0,    0,    0,    0,    0,    0,    0,    0,    0,    0,    0,    0,    0,    0,    0,    0,    0,    0,    0,    0,    0,    0,    0,    0,    0,    0,  -11,    0,    0,    0,    0,    0,    0,    0,    0,    0,    0,    0,
       0,    0,    0,    0,    0,    0,    0,    0,    0,    0,    0,    0,    0,    0,    0,  -32,  -32,    0,  -37,    0,    0,    0,    0,    0,    0,    0,    0,    0,  -11,    0,    0,    0,    0,    0,    0,    0,    0,    0,    0,    0,
       0,    0,    0,    0,    0,    0,    0,    0,    0,    0,    0,    0,    0,    0,    0,  -32,  -32,    0,  -32,    0,    0,    0,    0,    0,    0,    0,    0,    0,    0,    0,    0,    0,    0,    0,    0,    0,    0,    0,    0,    0,
      43,    0,   48,   43,    0,    0,    0,    0,    0,    0,    0,    0,    0,    0,    0,    0,    0,    0,    0,    0,    0,    0,    0,    0,    0,    0,    0,    0,    0,    0,    0,    0,    0,   21,    0,    0,    0,    0,    0,    0,
       0,    0,    0,    0,    0,    0,    0,    0,    0,    0,    0,    0,    0,    0,    0,    0,  -11,    0,    0,    0,    0,    0,    0,    0,    0,    0,    0,    0,    0,    0,    0,    0,    0,    0,    0,    0,    0,    0,    0,    0,
       0,    0,    0,    0,    0,    0,    0,    0,    0,    0,    0,    0,    0,    0,    0,    0,    0,    0,    0,    0,    0,    0,  -11,  -11,    0,    0,    0,    0,    0,    0,    0,    0,    0,    0,    0,    0,    0,    0,    0,    0,
       0,    0,    0,   16,  -69,  -69,    0,    0,    0,    0,    0,    0,    0,    0,    0,    0,    0,    0,    0,    0,  -11,    0,    0,    0,    0,    0,    0,    0,    0,    0,    0,    0,    0,    0,    0,    0,    0,    0,    0,    0,
       0,    0,    0,    0,    0,    0,    0,    0,    0,    0,    0,    0,    0,    0,    0,    0,    0,    0,  -32,    0,    0,    0,    0,    0,    0,    0,    0,    0,    0,    0,    0,    0,    0,    0,    0,    0,    0,    0,    0,    0,
       0,    0,    0,    0,  -27,  -37,    0,    0,  -32,    0,    0,    0,    0,    0,    0,    0,    0,    0,    0,    0,    0,    0,    0,    0,    0,    0,    0,    0,    0,    0,    0,    0,    0,    0,    0,    0,    0,    0,    0,    0,
       0,    0,    0,    0,  -37,  -37,    0,    0,  -16,    0,    0,    0,    0,    0,    0,    0,    0,    0,    0,    0,    0,    0,    0,    0,    0,    0,    0,    0,    0,    0,    0,    0,    0,    0,    0,    0,    0,    0,    0,    0,
       0,    0,    0,    0,  -48,  -48,    0,    0,  -27,    0,    0,    0,    0,    0,    0,    0,    0,    0,    0,    0,    0,    0,    0,    0,    0,    0,    0,    0,    0,    0,    0,    0,    0,    0,    0,    0,    0,    0,    0,    0,
       0,    0,    0,    0,    0,    0,    0,    0,    0,    0,    0,    0,    0,    0,    0,  -16,  -11,    0,  -16,    0,    0,    0,    0,    0,    0,    0,    0,    0,    0,    0,    0,    0,    0,    0,    0,    0,    0,    0,    0,    0,
       0,    0,    0,    0,    0,    0,  -11,    0,    0,    0,    0,    0,    0,  -11,    0,  -27,  -27,    0,  -27,    0,    0,    0,    0,    0,    0,    0,    0,    0,    0,    0,    0,    0,    0,    0,    0,    0,    0,    0,    0,    0,
     -43,    0,    0,  -37,    0,    0,  -32,    0,    0,    0,  -11,    0,    0,  -32,  -11,  -43,  -37,    0,  -37,    0,    0,    0,  -11,  -11,    0,  -11,  -27,  -16,  -27,    0,    0,    0,    0,    0,    0,    0,    0,    0,    0,  -37,
       0,    0,   32,   21,    0,    0,   43,    0,    0,   27,    0,   32,    0,   27,   37,   43,   37,   37,   53,   21,    0,   48,    0,    0,    0,    0,    0,    0,    0,    0,    0,    0,    0,    0,    0,    0,    0,    0,    0,    0,
       0,    0,    0,    0,    0,    0,    0,    0,    0,    0,    0,    0,    0,    0,    0,    0,    0,    0,    0,    0,    0,   21,    0,    0,    0,    0,    0,    0,    0,    0,    0,    0,    0,    0,    0,    0,    0,    0,    0,    0,
       0,    0,    0,    0,    0,    0,    0,    0,    0,    0,    0,    0,    0,    0,    0,    0,    0,    0,    0,    0,    0,    0,    0,    0,    0,    0,    0,    0,    0,    0,    0,    0,    0,    0,  -21,    0,    0,    0,    0,    0,
       0,    0,    0,    0,    0,    0,    0,    0,    0,    0,    0,    0,    0,    0,    0,    0,    0,    0,    0,    0,    0,    0,    0,    0,    0,    0,    0,    0,    0,    0,    0,    0,    0,    0,    0,  -11,  -11,    0,  -11,    0,
       0,    0,    0,    0,    0,    0,    0,    0,    0,    0,    0,    0,    0,    0,    0,    0,    0,    0,    0,    0,    0,    0,    0,    0,    0,    0,    0,    0,    0,    0,    0,    0,    0,    0,    0,  -27,  -16,  -16,  -21,    0,
       0,    0,    0,    0,    0,    0,    0,    0,  -37,    0,    0,    0,    0,    0,    0,    0,    0,    0,    0,    0,    0,    0,    0,    0,    0,    0,    0,    0,    0,    0,    0,    0,  -75,    0,    0,    0,    0,    0,    0,    0,
       0,    0,    0,    0,    0,    0,    0,    0,  -53,    0,  -11,    0,    0,    0,    0,    0,    0,    0,    0,    0,  -16,    0,  -21,  -21,  -27,    0,    0,    0,    0,    0,    0,    0,    0,    0,    0,    0,    0,    0,    0,    0,
};

static const EpdFontData notoserifthai_16_bold = {
    notoserifthai_16_boldBitmaps,
    notoserifthai_16_boldGlyphs,
    notoserifthai_16_boldIntervals,
    45,
    53,
    36,
    -18,
    true,
    notoserifthai_16_boldGroups,
    10,
    nullptr,
    notoserifthai_16_boldKernLeftClasses,
    notoserifthai_16_boldKernRightClasses,
    notoserifthai_16_boldKernMatrix,
    170,
    226,
    43,
    40,
    nullptr,
    0,
};
