/**
 * generated by fontconvert.py
 * name: notosansthai_12_regular
 * size: 12
 * mode: 2-bit  compressed: true
 * Command used: fontconvert.py notosansthai_12_regular 12 ../builtinFonts/source/NotoSansThai/NotoSansThai-Regular.ttf --2bit --compress --pnum --additional-intervals 0x0E00,0x0E7F
 */
#pragma once
#include "EpdFontData.h"

static const uint8_t notosansthai_12_regularBitmaps[9606] = {
    0xB5, 0x58, 0x3D, 0x6C, 0xDC, 0xC8, 0x15, 0x7E, 0x24, 0x65, 0x33, 0x30, 0x01, 0xF1, 0x0A, 0x07,
    0x49, 0x1C, 0x4B, 0x6C, 0x5C, 0x1D, 0xB4, 0xCB, 0x56, 0x01, 0x48, 0x2E, 0x83, 0x14, 0x29, 0x52,
    0x44, 0x07, 0x9C, 0xDC, 0xA6, 0x49, 0x91, 0x13, 0x82, 0x5C, 0x23, 0x04, 0x7B, 0x00, 0xA5, 0x25,
    0x70, 0x65, 0x0A, 0xCB, 0x85, 0x2F, 0xAD, 0x8B, 0x14, 0xF1, 0x1A, 0x81, 0x54, 0x6C, 0x12, 0x02,
    0x5E, 0x89, 0x74, 0xAE, 0xB8, 0xF2, 0x98, 0x1C, 0x5C, 0x05, 0xC8, 0xF1, 0x12, 0x03, 0x01, 0x6C,
    0x04, 0x1A, 0xDF, 0xD1, 0x3E, 0xC6, 0x5A, 0xED, 0xE4, 0x7B, 0x33, 0x5C, 0x49, 0x96, 0x2C, 0xDB,
    0x09, 0x10, 0x72, 0xDE, 0x88, 0x4B, 0xCE, 0xCF, 0x7B, 0x6F, 0xBE, 0xF7, 0xA7, 0x28, 0x8A, 0xA2,
    0xB0, 0x83, 0x6B, 0xE9, 0xEA, 0xD5, 0xAB, 0x44, 0x61, 0x2F, 0x9A, 0x4B, 0x3A, 0x49, 0x27, 0xE8,
    0x2C, 0x77, 0x96, 0xAF, 0x2E, 0x5F, 0xBD, 0xF6, 0x0D, 0x72, 0x8C, 0x82, 0xE6, 0x4D, 0x90, 0x55,
    0xD0, 0x82, 0x95, 0xD2, 0x92, 0x95, 0x5E, 0xDA, 0xBB, 0x7B, 0xC7, 0x93, 0x72, 0x4A, 0x7D, 0x97,
    0x68, 0x7D, 0x9E, 0x68, 0x07, 0x24, 0x16, 0x68, 0x20, 0x65, 0xC3, 0x64, 0x94, 0x01, 0x99, 0xC5,
    0x32, 0x68, 0x9D, 0xAC, 0x62, 0x87, 0xAC, 0x54, 0x10, 0x2D, 0x71, 0x33, 0xF6, 0xB6, 0x3C, 0x39,
    0x89, 0x7E, 0xFE, 0xB3, 0x64, 0x89, 0x74, 0xEB, 0x8D, 0xC9, 0x99, 0xC6, 0x94, 0xD7, 0xD4, 0x39,
    0xA4, 0x25, 0x9F, 0x96, 0x3C, 0xF4, 0x1F, 0x74, 0x76, 0x07, 0xB2, 0xBE, 0xB2, 0x17, 0xEB, 0x59,
    0x74, 0x99, 0xD4, 0xE5, 0x56, 0xF8, 0x11, 0x65, 0xD4, 0xA7, 0xFE, 0x12, 0x09, 0xDA, 0x59, 0x30,
    0x4A, 0xDA, 0x59, 0x04, 0x5F, 0x62, 0xDE, 0x89, 0xF1, 0x04, 0x6E, 0x76, 0x16, 0x96, 0xFC, 0xB8,
    0xBF, 0xD4, 0x3F, 0xA8, 0xA2, 0xEC, 0x49, 0x25, 0xDC, 0x2F, 0xFE, 0x5E, 0x8C, 0xC8, 0xFA, 0x18,
    0x8C, 0xD8, 0x3F, 0x28, 0xFA, 0xE4, 0x5A, 0xE8, 0x3A, 0xCC, 0x57, 0x60, 0x94, 0x3B, 0xB4, 0x43,
    0xCF, 0x2A, 0xA3, 0xA2, 0x41, 0x41, 0x47, 0x97, 0x21, 0x4B, 0x22, 0xFB, 0xA0, 0xC6, 0x6E, 0x69,
    0x86, 0x8E, 0x12, 0x74, 0x31, 0x3A, 0x27, 0x6D, 0x88, 0xAC, 0xCF, 0x2A, 0x1E, 0x92, 0xA2, 0x9B,
    0x32, 0x43, 0xFB, 0xB1, 0x4B, 0x3D, 0xBB, 0xEA, 0x52, 0x62, 0x34, 0x21, 0x65, 0xB4, 0x39, 0x46,
    0xE7, 0xD5, 0x04, 0xA1, 0x04, 0x45, 0xE4, 0x37, 0xE4, 0x1F, 0x1C, 0x6E, 0x92, 0x2D, 0x2B, 0x2F,
    0x55, 0xCB, 0x27, 0x49, 0xB0, 0xBC, 0xBC, 0x7C, 0xCD, 0x2C, 0xED, 0xC2, 0x8D, 0x3D, 0x0A, 0x29,
    0xC0, 0x06, 0x19, 0xD5, 0xEA, 0x16, 0xAA, 0xCF, 0xF0, 0x26, 0xC0, 0x17, 0x0F, 0x9B, 0xDB, 0x85,
    0x09, 0x5D, 0xE2, 0x29, 0xB6, 0x0B, 0xAB, 0x34, 0x2B, 0x43, 0xB4, 0x83, 0x6A, 0x1A, 0xE9, 0x29,
    0x86, 0x30, 0x2B, 0xAB, 0x5D, 0x2D, 0x20, 0xE6, 0x36, 0xE0, 0x16, 0x2F, 0xCF, 0x4D, 0x3F, 0xD8,
    0xCB, 0x71, 0x46, 0x87, 0x64, 0xEC, 0x93, 0xF5, 0x49, 0xE1, 0x7E, 0x58, 0x39, 0xD0, 0x17, 0x29,
    0x85, 0x06, 0xC7, 0x6D, 0xB8, 0x37, 0x94, 0x52, 0x9E, 0x7C, 0xC3, 0x8D, 0xA8, 0x1B, 0x06, 0xC9,
    0x48, 0xD0, 0xF0, 0xB6, 0x14, 0xAB, 0x2B, 0x0A, 0x18, 0x38, 0x47, 0x68, 0x01, 0x5C, 0x81, 0x21,
    0xEA, 0xA8, 0x61, 0x7D, 0x02, 0x0F, 0x60, 0xC9, 0xAC, 0x70, 0xD0, 0xE0, 0x96, 0x70, 0x0E, 0xF8,
    0xBE, 0x08, 0x24, 0xA9, 0xEF, 0x99, 0x56, 0xAA, 0x09, 0x8D, 0x39, 0x52, 0x60, 0x5E, 0xD3, 0x8A,
    0xDC, 0xC5, 0xD4, 0x45, 0xD6, 0x15, 0xE4, 0x70, 0xB1, 0x86, 0x26, 0x7E, 0xE6, 0x77, 0x7D, 0x62,
    0x61, 0xBA, 0x18, 0xCB, 0x6A, 0x80, 0x32, 0x1F, 0x63, 0x0B, 0xD9, 0x9E, 0x52, 0xDF, 0x9C, 0xB8,
    0x93, 0xCD, 0x64, 0x3D, 0xA1, 0xF3, 0x6F, 0xA2, 0x8B, 0x32, 0xED, 0x49, 0x11, 0xD2, 0xE4, 0x84,
    0x50, 0x09, 0x33, 0x04, 0x15, 0xDA, 0x25, 0x14, 0xCA, 0x1C, 0xD6, 0x64, 0xCD, 0x1E, 0xA5, 0xBA,
    0x30, 0xD1, 0x96, 0x29, 0xB0, 0xB7, 0xDC, 0x4E, 0xD4, 0x62, 0x8C, 0xC9, 0x16, 0x96, 0x8C, 0xCD,
    0x5C, 0xF0, 0x33, 0x0E, 0x96, 0x35, 0x80, 0x16, 0x6D, 0xD1, 0x78, 0x7A, 0xB7, 0x1E, 0xC8, 0xF6,
    0x70, 0x41, 0x98, 0x66, 0x81, 0x6C, 0x0C, 0x73, 0x79, 0x57, 0x56, 0x42, 0x80, 0x4D, 0x03, 0x28,
    0x28, 0x80, 0x7A, 0x02, 0x88, 0x1D, 0xA8, 0x1B, 0x96, 0x22, 0x98, 0xB4, 0xBE, 0x8F, 0xC9, 0x93,
    0x0D, 0x5A, 0x57, 0xA9, 0xB8, 0x33, 0xE3, 0xA0, 0xC7, 0xE2, 0xD4, 0x64, 0x4C, 0xD4, 0xEE, 0xBE,
    0xDA, 0x9D, 0xB5, 0xBC, 0x42, 0xE3, 0xC1, 0x76, 0xED, 0xB7, 0x0C, 0xE0, 0x02, 0xE4, 0x4C, 0x99,
    0x91, 0x53, 0x32, 0x76, 0x71, 0x8A, 0xED, 0xB2, 0xCC, 0x5A, 0x92, 0x57, 0x74, 0xEF, 0xD1, 0x84,
    0x72, 0x2C, 0x31, 0xC6, 0x02, 0x19, 0x46, 0xC0, 0x24, 0xF0, 0xDD, 0x55, 0x7A, 0x66, 0x38, 0x3A,
    0x8F, 0x1B, 0x6D, 0x02, 0xA4, 0x54, 0x42, 0x5A, 0x27, 0xD8, 0x8F, 0xF9, 0x50, 0xAB, 0xE0, 0xBC,
    0xA1, 0x42, 0xB2, 0x60, 0x08, 0x38, 0x72, 0x06, 0xC4, 0xD1, 0x46, 0x3C, 0x64, 0x7C, 0x62, 0x08,
    0x5B, 0x52, 0x31, 0x43, 0xC0, 0x16, 0xB9, 0xB0, 0x2A, 0xDE, 0x39, 0x50, 0x18, 0xE8, 0xA8, 0xDE,
    0x07, 0x17, 0xCE, 0x3F, 0x2B, 0xEC, 0x19, 0x93, 0xBD, 0x5F, 0x91, 0x0F, 0x09, 0x13, 0x8C, 0x62,
    0x14, 0xD4, 0x2D, 0x1A, 0x36, 0xD8, 0x92, 0x86, 0x13, 0xB6, 0xA2, 0x99, 0x94, 0xA6, 0x8C, 0x5D,
    0x29, 0x22, 0x6A, 0x60, 0x2A, 0x19, 0x75, 0x47, 0xE4, 0x65, 0xDC, 0xFC, 0x90, 0x06, 0xFE, 0x47,
    0xFB, 0x8E, 0xFC, 0x09, 0xBD, 0xD5, 0x9D, 0x61, 0x34, 0x23, 0x53, 0x5C, 0xC9, 0x0B, 0x8F, 0x0D,
    0x96, 0xBE, 0xD3, 0xEB, 0x7D, 0xBB, 0x5D, 0x83, 0x21, 0x7D, 0x89, 0xDC, 0xC2, 0x4D, 0x2F, 0xD2,
    0x8B, 0x97, 0x0B, 0xAB, 0xF6, 0x20, 0x51, 0x40, 0xCB, 0x47, 0xEF, 0x6C, 0xD0, 0x00, 0x7F, 0x20,
    0xDB, 0x20, 0x9E, 0xFD, 0xA1, 0x5D, 0xBC, 0xF5, 0xD8, 0x25, 0xC0, 0x85, 0x91, 0x83, 0x97, 0x50,
    0xAE, 0x1E, 0xAB, 0xAE, 0x5C, 0xCA, 0xB5, 0xE1, 0x90, 0x5E, 0xF8, 0x79, 0x87, 0x9F, 0x6E, 0x83,
    0xF6, 0x8E, 0xE6, 0xE2, 0xC1, 0xA9, 0xDA, 0x37, 0xBC, 0x07, 0x1C, 0x4D, 0x1E, 0xB3, 0x1B, 0x51,
    0x6F, 0x6E, 0x1F, 0x33, 0xF6, 0xDD, 0x29, 0xD6, 0x28, 0xAF, 0x99, 0x82, 0x6D, 0x4E, 0x37, 0x58,
    0x9E, 0x53, 0x50, 0x4F, 0x99, 0x9A, 0x20, 0x18, 0xB8, 0xB6, 0x71, 0xD6, 0x11, 0x6C, 0x52, 0x70,
    0x23, 0xF0, 0x66, 0x6C, 0xFF, 0x86, 0xB7, 0x53, 0xA7, 0x79, 0xC8, 0xE8, 0xE0, 0xF3, 0xAB, 0xD9,
    0x5C, 0x89, 0x11, 0x99, 0x3F, 0xEC, 0xC0, 0xB1, 0x3F, 0x6F, 0xE6, 0x29, 0x70, 0xD2, 0x75, 0x97,
    0x1D, 0x3B, 0xFA, 0xF5, 0x45, 0x1A, 0x39, 0x34, 0xEA, 0xD0, 0x08, 0xA6, 0xB9, 0x40, 0xF5, 0x3C,
    0xAD, 0xE3, 0x54, 0x16, 0xF0, 0xF5, 0xD7, 0xBB, 0x50, 0xBC, 0x35, 0x75, 0x05, 0x74, 0xFC, 0x16,
    0x69, 0x04, 0x10, 0xDB, 0xD5, 0x1C, 0xFE, 0x4C, 0x3F, 0x1A, 0xAB, 0xBD, 0xEA, 0x23, 0xBE, 0x15,
    0x50, 0xB0, 0x21, 0xC6, 0xD3, 0xE2, 0x08, 0xAA, 0xEF, 0xB7, 0x96, 0x81, 0x13, 0xAA, 0x3D, 0x80,
    0xC5, 0x8D, 0xCD, 0xCA, 0x49, 0xAD, 0x47, 0x77, 0x0B, 0x5B, 0xCA, 0xD2, 0xBD, 0x75, 0x5D, 0x00,
    0xDF, 0xA2, 0xAB, 0x6C, 0x07, 0x3E, 0x13, 0x33, 0xB0, 0x98, 0x3F, 0x98, 0x6E, 0x41, 0xFE, 0x09,
    0x44, 0xCD, 0x15, 0x30, 0x00, 0xE0, 0x38, 0x53, 0x20, 0xF1, 0x69, 0x77, 0x75, 0x8C, 0x6F, 0x15,
    0xED, 0x0D, 0x0F, 0xD5, 0xEF, 0x4C, 0xF9, 0x6F, 0xA7, 0xD0, 0xC4, 0xCF, 0x3D, 0x7C, 0x3F, 0x54,
    0x63, 0xB4, 0x2E, 0xE5, 0x96, 0x01, 0xEB, 0xB3, 0x6B, 0x63, 0xCB, 0x2D, 0x34, 0xC4, 0xA3, 0x93,
    0xC6, 0x72, 0x82, 0x82, 0x16, 0xDB, 0x3C, 0xC6, 0x4D, 0xB5, 0x28, 0x26, 0xF8, 0xA4, 0xF7, 0xB5,
    0x4F, 0x1A, 0x4C, 0x53, 0xCD, 0x97, 0x91, 0xC7, 0x7A, 0x3F, 0x4B, 0xB0, 0xA3, 0xC1, 0x91, 0xD4,
    0xA0, 0x06, 0x94, 0xB5, 0xD4, 0xE8, 0x77, 0xFC, 0x8D, 0xC7, 0xF0, 0xD8, 0x41, 0xCC, 0x73, 0x73,
    0x18, 0x08, 0xFC, 0x4E, 0x2E, 0x79, 0xC6, 0xC9, 0xB6, 0xBB, 0xBA, 0x92, 0x4B, 0xB1, 0x37, 0xBC,
    0x7D, 0xEA, 0x7D, 0xC6, 0x78, 0xE2, 0xF1, 0x2F, 0x9D, 0x85, 0x86, 0x29, 0x98, 0x88, 0xE9, 0x67,
    0x3F, 0x65, 0x33, 0x3C, 0x41, 0x19, 0xD8, 0xDC, 0x6A, 0xE8, 0xA7, 0xAC, 0x03, 0xEF, 0x8C, 0x0E,
    0xBE, 0xF9, 0x6E, 0x42, 0xBD, 0xC3, 0x84, 0xAE, 0xEC, 0xB2, 0x2F, 0x84, 0x0E, 0x42, 0xE8, 0x20,
    0x84, 0x0E, 0x42, 0x58, 0x40, 0x68, 0xC8, 0xC7, 0x87, 0xE4, 0xCB, 0x46, 0x79, 0x65, 0x9C, 0x57,
    0x76, 0x0E, 0xED, 0xAE, 0xAE, 0x0A, 0x60, 0x1F, 0x42, 0x0C, 0xCF, 0x1D, 0x33, 0x23, 0x08, 0x53,
    0xC1, 0xFE, 0xCE, 0xBD, 0xDF, 0xAF, 0x24, 0xC7, 0xBE, 0xEC, 0xB5, 0x37, 0xA2, 0xE3, 0x0F, 0x85,
    0x2C, 0x87, 0xE0, 0xCC, 0x49, 0x35, 0x22, 0x10, 0x9C, 0xE1, 0x97, 0x32, 0xC0, 0x34, 0x83, 0xD3,
    0xCF, 0x20, 0x4E, 0x06, 0xDE, 0xEF, 0xB1, 0xB9, 0xC1, 0x90, 0x77, 0x21, 0x5A, 0x06, 0xD1, 0xD4,
    0x77, 0x98, 0x58, 0x46, 0x8C, 0x34, 0xE5, 0x8A, 0xD4, 0xA9, 0xF6, 0x5F, 0xA6, 0xC6, 0x57, 0xB4,
    0xF6, 0x74, 0x80, 0x7E, 0x01, 0x6B, 0x76, 0xEA, 0x1C, 0xA1, 0xB3, 0xBE, 0x57, 0xD0, 0x62, 0xFD,
    0xC7, 0x92, 0x3A, 0xF5, 0xEF, 0x05, 0x05, 0x35, 0x02, 0x6C, 0xBF, 0x1E, 0x65, 0x24, 0xEA, 0x2C,
    0x31, 0xD0, 0x85, 0x66, 0x59, 0x67, 0x5D, 0xAB, 0xA8, 0x33, 0xD7, 0x4E, 0xD1, 0xFD, 0x18, 0x60,
    0xB1, 0x3F, 0x45, 0x67, 0xFD, 0x0B, 0x9D, 0x39, 0x41, 0x67, 0x34, 0x0C, 0x20, 0x48, 0xB7, 0x81,
    0xDC, 0x0B, 0xDE, 0x26, 0xC3, 0xBA, 0x19, 0x96, 0xCD, 0xFE, 0x00, 0x96, 0x47, 0x48, 0x1F, 0x46,
    0x48, 0x28, 0x46, 0x3D, 0x10, 0x8C, 0x23, 0x03, 0xC0, 0x32, 0xAB, 0x02, 0xF2, 0x6A, 0xD0, 0xB8,
    0x0F, 0x79, 0xFA, 0xEC, 0x29, 0x21, 0x0F, 0x90, 0x68, 0x81, 0x8C, 0xA6, 0x8D, 0x1B, 0x70, 0xC0,
    0x6C, 0x0F, 0x64, 0x3F, 0x84, 0x0B, 0x86, 0x1A, 0x22, 0x1D, 0x65, 0x42, 0x76, 0x87, 0x01, 0xFB,
    0xF9, 0x84, 0xBD, 0xF9, 0xA9, 0x8E, 0x3F, 0x14, 0x3C, 0x24, 0x55, 0x83, 0xD5, 0x34, 0xA7, 0xC2,
    0x02, 0xA6, 0xE4, 0x58, 0xC9, 0x8B, 0x92, 0xB6, 0x10, 0x80, 0x5C, 0x64, 0xC6, 0x24, 0xE3, 0xFC,
    0xCD, 0x57, 0xCE, 0xBA, 0x9B, 0x51, 0x88, 0x37, 0x78, 0x9F, 0x4F, 0xE3, 0xF3, 0x31, 0xFA, 0xFF,
    0xE4, 0xCC, 0xE3, 0x8E, 0x43, 0x25, 0x99, 0xCA, 0x59, 0x1D, 0x72, 0x77, 0x99, 0xB9, 0xE5, 0xD3,
    0x03, 0x5A, 0x66, 0x08, 0xF0, 0x5B, 0xEA, 0x82, 0x42, 0xDA, 0xBD, 0xDE, 0xB0, 0x1F, 0xA6, 0xBD,
    0x6D, 0x46, 0x4B, 0xD1, 0xA2, 0xA5, 0xD6, 0x08, 0x3B, 0x81, 0x18, 0x15, 0xA8, 0x1E, 0x72, 0xC2,
    0x4B, 0xD7, 0x12, 0x65, 0x52, 0x89, 0x0E, 0xDF, 0x25, 0xD9, 0x70, 0xFA, 0x08, 0xC7, 0xEC, 0xEA,
    0xC7, 0xCA, 0xB9, 0x74, 0x75, 0x30, 0xCF, 0xB7, 0xDB, 0x6C, 0x02, 0xF6, 0x52, 0x21, 0xF8, 0x56,
    0xCA, 0x28, 0xDD, 0xFF, 0x9D, 0xE0, 0x6D, 0x45, 0xF3, 0x86, 0xA4, 0x6D, 0xD0, 0x10, 0x63, 0x44,
    0x4C, 0xE4, 0x2B, 0xA5, 0x1F, 0x23, 0x3A, 0x3E, 0x97, 0x10, 0x42, 0x83, 0x04, 0x6B, 0xF5, 0xC1,
    0x6D, 0x03, 0xDD, 0x22, 0xF6, 0x9A, 0xF0, 0xD1, 0x56, 0xC9, 0x39, 0xAA, 0x93, 0x3A, 0x29, 0x67,
    0xA0, 0x56, 0xE9, 0x21, 0xEA, 0x74, 0xB1, 0x02, 0xE7, 0x56, 0x89, 0xF6, 0x78, 0x01, 0xB4, 0x1D,
    0xB1, 0xC6, 0xD9, 0xFF, 0x17, 0x8A, 0xD8, 0x22, 0xA9, 0x9F, 0xF0, 0x23, 0xD6, 0xF2, 0x4A, 0xAA,
    0x23, 0xEA, 0x22, 0xB7, 0xF5, 0x31, 0x98, 0x57, 0x0D, 0x6A, 0xAC, 0x1B, 0xF7, 0x33, 0x0B, 0xB1,
    0xB9, 0x0E, 0xEC, 0xC2, 0x2E, 0x04, 0xC2, 0x92, 0x75, 0x5F, 0x74, 0xB1, 0xC7, 0x5F, 0x4A, 0xCF,
    0x25, 0xF3, 0x1F, 0x85, 0x8B, 0xB8, 0xF1, 0x55, 0xE1, 0xFC, 0x82, 0xE8, 0xEB, 0xD4, 0xFE, 0x1D,
    0xD1, 0x41, 0xCC, 0x79, 0x57, 0xAE, 0xB2, 0xAF, 0x4D, 0x32, 0x1B, 0xD2, 0x09, 0x1E, 0x72, 0xAF,
    0xCA, 0x67, 0x3E, 0x63, 0xE6, 0x91, 0xF9, 0x0B, 0xB5, 0x57, 0xDE, 0x10, 0xEA, 0x20, 0x14, 0x4F,
    0x5E, 0xA1, 0x79, 0x6C, 0x90, 0x61, 0x89, 0x04, 0xA3, 0xBB, 0xE0, 0x90, 0x33, 0x6A, 0x86, 0x90,
    0x55, 0x8D, 0x95, 0xBF, 0x3E, 0xFA, 0x52, 0xB8, 0xC4, 0xAB, 0xF1, 0xAA, 0xA8, 0x73, 0x94, 0x97,
    0xC7, 0xDC, 0x4D, 0xC8, 0xD7, 0xE3, 0xB5, 0xD2, 0x57, 0x9E, 0x87, 0x2F, 0x65, 0xD1, 0x93, 0x1C,
    0x37, 0x38, 0x92, 0xCC, 0x12, 0x2B, 0x70, 0x6B, 0xB6, 0x19, 0xD3, 0x6B, 0x5E, 0x63, 0x6E, 0xC9,
    0x04, 0x74, 0x54, 0x5C, 0x0C, 0xBC, 0xEE, 0xE6, 0x71, 0x23, 0x05, 0x3C, 0x0D, 0x32, 0x97, 0xAD,
    0x86, 0xD3, 0x32, 0xC4, 0x64, 0x64, 0x08, 0x9C, 0xA7, 0xD5, 0xCA, 0xD8, 0x74, 0xB2, 0xEB, 0xA9,
    0x11, 0x38, 0x1E, 0xBB, 0x18, 0x88, 0xC1, 0x9B, 0x6C, 0x20, 0xD4, 0xB8, 0xF9, 0xD6, 0x9A, 0x58,
    0x03, 0xBF, 0x04, 0xBB, 0x02, 0xB9, 0x08, 0xF6, 0xE5, 0x9C, 0xD7, 0x4E, 0x3B, 0xE4, 0x60, 0xD5,
    0x79, 0x64, 0x1B, 0x1D, 0xBC, 0x41, 0x31, 0x17, 0x43, 0x02, 0x96, 0x44, 0xE5, 0x8B, 0x11, 0x18,
    0x32, 0x53, 0x5A, 0xE3, 0x8C, 0x6E, 0xFE, 0xFB, 0xCD, 0x51, 0x0D, 0x63, 0xCA, 0x89, 0xFF, 0x68,
    0xBC, 0xC1, 0x09, 0x5E, 0x82, 0x8A, 0x6A, 0x6C, 0x4C, 0x06, 0xDB, 0x89, 0x77, 0xB8, 0xA4, 0x13,
    0xCC, 0x17, 0xDA, 0x1A, 0x3D, 0x83, 0x9C, 0xEF, 0x34, 0x13, 0x0A, 0x1B, 0xEA, 0xD6, 0x9C, 0x3A,
    0xB5, 0x0D, 0x05, 0xD8, 0x84, 0xA2, 0x29, 0x8D, 0x0F, 0x1E, 0xD7, 0x4F, 0x74, 0x5E, 0xBB, 0x16,
    0x5B, 0x52, 0xB8, 0x0F, 0x6E, 0x47, 0xC7, 0x35, 0x41, 0xDB, 0xB4, 0x92, 0xA0, 0x65, 0xF7, 0xB9,
    0x30, 0xDB, 0x3C, 0x01, 0xCA, 0x3A, 0x4D, 0xEF, 0xA1, 0x1A, 0x93, 0x9F, 0xC7, 0xDE, 0x4D, 0x19,
    0x47, 0xD4, 0x43, 0x6D, 0xE8, 0x81, 0x54, 0x26, 0x72, 0x44, 0x89, 0x72, 0x4D, 0x5E, 0xDC, 0xC3,
    0x77, 0xF7, 0xD1, 0x7E, 0x6C, 0xCA, 0x5F, 0x69, 0x4F, 0xB8, 0x46, 0x96, 0xAC, 0xDC, 0x9B, 0x4D,
    0xC4, 0xF9, 0x4F, 0x17, 0x75, 0x10, 0xEC, 0x1C, 0x61, 0xF1, 0x78, 0xF3, 0x78, 0xCE, 0x79, 0x3E,
    0x36, 0x5A, 0x83, 0x83, 0xE3, 0x2C, 0x8D, 0x69, 0x89, 0xF3, 0x6F, 0xAB, 0xAB, 0x07, 0xF0, 0x0B,
    0xF1, 0xB7, 0x1E, 0xF0, 0xF3, 0xAB, 0x1B, 0xBD, 0x67, 0x20, 0x5F, 0xFE, 0xEB, 0x1B, 0x31, 0xE9,
    0x2B, 0x26, 0x51, 0xDE, 0xC8, 0x1B, 0xF1, 0x31, 0x56, 0x7D, 0x38, 0xC2, 0x4D, 0x15, 0xDD, 0x6D,
    0xA4, 0x26, 0xA7, 0x35, 0x7E, 0x25, 0x7E, 0x26, 0x85, 0xBC, 0x39, 0x99, 0x50, 0xD0, 0x70, 0x72,
    0x76, 0x6E, 0x9B, 0x0B, 0xC3, 0x39, 0xBA, 0x1C, 0x9E, 0xBC, 0x90, 0x31, 0x72, 0xE9, 0xCA, 0x79,
    0xE3, 0x4A, 0x5B, 0xCC, 0x9E, 0x7B, 0x1B, 0x62, 0x50, 0x0D, 0xD2, 0xD3, 0xBB, 0xD3, 0x4A, 0x6D,
    0x8A, 0xDA, 0x29, 0x6A, 0x9F, 0xEA, 0x31, 0x3D, 0x15, 0xF4, 0x75, 0x45, 0x08, 0x10, 0x93, 0x31,
    0x7B, 0x92, 0xDA, 0x8D, 0x6B, 0xBB, 0xE0, 0x01, 0xB0, 0xE7, 0xB3, 0xD7, 0xCA, 0x1A, 0x5D, 0x89,
    0xBF, 0x94, 0x5F, 0x80, 0xFD, 0xEB, 0x07, 0x2C, 0xC0, 0x94, 0x45, 0x48, 0x98, 0xD9, 0xFF, 0xA2,
    0x5B, 0x79, 0x1B, 0x6B, 0xBC, 0x91, 0x02, 0x80, 0x37, 0x9C, 0x39, 0x6A, 0x99, 0x9B, 0xBB, 0x2A,
    0x72, 0x05, 0x4A, 0xF3, 0x9C, 0x92, 0x38, 0xB3, 0x04, 0x15, 0x01, 0xCC, 0x4D, 0x43, 0x68, 0xDD,
    0xE7, 0x20, 0x85, 0x0A, 0xCD, 0x68, 0xC1, 0xB7, 0xB2, 0xA6, 0x76, 0x79, 0x07, 0xBB, 0x6C, 0x34,
    0x14, 0x9D, 0x01, 0x76, 0xA8, 0x81, 0xFD, 0x54, 0x96, 0x67, 0x34, 0x74, 0x06, 0x01, 0xC1, 0x1B,
    0xC1, 0xF4, 0x46, 0xFC, 0x52, 0xC8, 0x83, 0x56, 0xDE, 0x7E, 0x22, 0xBF, 0x7E, 0x30, 0x45, 0x52,
    0xD4, 0x9C, 0x39, 0x26, 0xE3, 0x0E, 0x80, 0x52, 0x6E, 0x5C, 0x2C, 0x46, 0xCA, 0x8E, 0x36, 0x89,
    0x59, 0x44, 0x8D, 0xC6, 0xBE, 0x5D, 0x39, 0x19, 0xA4, 0xF7, 0x7B, 0xDB, 0xC5, 0x40, 0x95, 0x60,
    0x06, 0xF1, 0x3F, 0x12, 0x6C, 0x64, 0x43, 0xB7, 0x18, 0xCD, 0xDE, 0x2D, 0x76, 0x37, 0x2F, 0x6F,
    0xF0, 0x52, 0xCF, 0x63, 0x43, 0x85, 0xEA, 0xCB, 0x74, 0x41, 0xA9, 0xEE, 0x75, 0x14, 0xCE, 0x00,
    0xFD, 0x58, 0xC2, 0x4A, 0xB5, 0xD5, 0xAD, 0xD0, 0x85, 0x56, 0x5C, 0xCE, 0x1A, 0xBA, 0xFA, 0x10,
    0x88, 0x85, 0xAF, 0x61, 0x2B, 0xA8, 0x91, 0xEE, 0x57, 0x88, 0x28, 0x70, 0x0E, 0x5F, 0xC1, 0x70,
    0x0E, 0x52, 0x55, 0x84, 0x71, 0x49, 0xF5, 0x2E, 0x76, 0xBD, 0x9C, 0xA0, 0xC8, 0x83, 0xAD, 0x4E,
    0x29, 0x09, 0x8D, 0x7D, 0xCA, 0xBA, 0xE6, 0xE7, 0x28, 0x59, 0xAC, 0x4F, 0x52, 0xE1, 0x5A, 0x1F,
    0xDF, 0xAF, 0xDC, 0x1F, 0x7D, 0xF8, 0xA7, 0xD2, 0xB9, 0x61, 0x7E, 0x56, 0xD8, 0x9F, 0x22, 0x1C,
    0x59, 0x7F, 0x43, 0x34, 0x42, 0x9A, 0x96, 0xC7, 0x48, 0x1D, 0x06, 0xEC, 0xC0, 0x7B, 0x8A, 0x73,
    0x1F, 0x37, 0xF3, 0x07, 0x5C, 0x92, 0xF9, 0x25, 0x7C, 0xEE, 0x01, 0x76, 0xEA, 0xC5, 0x6A, 0x17,
    0xCA, 0x0B, 0x44, 0x32, 0x14, 0x6B, 0x38, 0x44, 0x37, 0x4D, 0x54, 0xE5, 0x19, 0xB2, 0xC2, 0x5B,
    0xAE, 0x83, 0x96, 0x6B, 0xEE, 0x99, 0x6B, 0x86, 0x8D, 0xC5, 0x5C, 0xFF, 0x19, 0x3E, 0x76, 0xC6,
    0xF5, 0xBD, 0x54, 0xAF, 0xD5, 0x6B, 0x23, 0x07, 0xA7, 0xF0, 0x99, 0x2E, 0xC3, 0xF3, 0x52, 0x95,
    0x93, 0x74, 0x61, 0x75, 0x05, 0xD6, 0x7C, 0x61, 0xB5, 0xE6, 0x23, 0x81, 0x8B, 0xC0, 0xB1, 0x46,
    0xCA, 0xED, 0x08, 0x0E, 0x30, 0xD0, 0x35, 0x7C, 0x7F, 0x6F, 0xF8, 0xDB, 0x1E, 0x8A, 0x91, 0x4B,
    0x29, 0x0D, 0x52, 0x8E, 0x3E, 0xAA, 0xC4, 0x34, 0x4E, 0x34, 0x8C, 0x44, 0xDD, 0xCB, 0x15, 0x70,
    0xF9, 0xC2, 0x7B, 0x43, 0xD7, 0xA3, 0x98, 0x32, 0xE0, 0xA3, 0x0B, 0xCE, 0xBB, 0xE8, 0x7B, 0xD8,
    0x24, 0xE5, 0xD9, 0x8C, 0x8B, 0xEA, 0xC5, 0x05, 0x30, 0xDB, 0x4F, 0xC9, 0x47, 0x56, 0x70, 0x7A,
    0x6D, 0xE6, 0xB8, 0xE4, 0xE0, 0x02, 0xD9, 0x2E, 0x40, 0x96, 0xC1, 0xBF, 0x6D, 0x7A, 0x9A, 0x4B,
    0x8A, 0x2F, 0x36, 0xF4, 0x1F, 0xBD, 0x58, 0x4D, 0x8C, 0xDC, 0x48, 0x15, 0x7E, 0xB6, 0x67, 0x62,
    0xC0, 0xD0, 0x95, 0x43, 0x0E, 0xBB, 0x4C, 0xD2, 0xE6, 0x18, 0x96, 0x9E, 0xF6, 0x1E, 0xE6, 0xD0,
    0x87, 0xEE, 0x76, 0x45, 0x91, 0x16, 0x09, 0x0E, 0x1B, 0x24, 0xC2, 0xDE, 0x08, 0xD7, 0x8D, 0x04,
    0x99, 0x43, 0x0E, 0x73, 0x70, 0x32, 0xDE, 0x70, 0xD8, 0xC3, 0x5E, 0x26, 0x20, 0xAE, 0x68, 0x0E,
    0x1C, 0xD8, 0x8E, 0xB4, 0xE9, 0xC3, 0x08, 0xAC, 0xDD, 0xDE, 0x69, 0x6F, 0x72, 0xE4, 0x62, 0x90,
    0x56, 0x1C, 0x31, 0x3F, 0x12, 0x90, 0x48, 0xC4, 0x80, 0x17, 0x39, 0x43, 0x77, 0x17, 0xDF, 0x2B,
    0xB7, 0x7B, 0x7A, 0x92, 0xCC, 0x32, 0x93, 0xE9, 0xC4, 0xED, 0x57, 0x63, 0x97, 0xAB, 0xDE, 0xFB,
    0xAA, 0xDE, 0x5F, 0xBD, 0x79, 0xC5, 0xF7, 0x5F, 0xA5, 0xA5, 0xB3, 0x67, 0x1B, 0x8D, 0xD5, 0xD5,
    0xD5, 0x4E, 0xA7, 0xDB, 0xED, 0x7E, 0x9D, 0x70, 0xB5, 0xF9, 0x36, 0x54, 0x2A, 0x54, 0xE6, 0x49,
    0xEA, 0x10, 0x05, 0x44, 0xD1, 0xDC, 0x8D, 0x57, 0x74, 0x7A, 0xE1, 0x0F, 0x1C, 0x95, 0x19, 0xC3,
    0xB0, 0x1C, 0x5F, 0x5D, 0xEE, 0x84, 0x68, 0xA8, 0x42, 0x23, 0x37, 0xC9, 0x4C, 0xA9, 0xA4, 0x64,
    0x9F, 0xBE, 0xB1, 0xF7, 0x0B, 0xF2, 0x55, 0x71, 0xA0, 0xCF, 0x62, 0x8A, 0x89, 0x84, 0x24, 0x7C,
    0x53, 0x09, 0xD3, 0x06, 0x66, 0x76, 0xD0, 0xEB, 0x92, 0x13, 0x0A, 0x29, 0xC8, 0x8E, 0x9B, 0x18,
    0x07, 0x58, 0x19, 0x00, 0xE4, 0x19, 0x51, 0x37, 0xA1, 0xE5, 0xCD, 0x4F, 0xC9, 0x51, 0xAA, 0x9C,
    0x28, 0x48, 0x3F, 0x97, 0xEF, 0xB4, 0x4F, 0xDC, 0xBD, 0xE5, 0xDD, 0x49, 0x4B, 0x90, 0x3E, 0x3A,
    0x73, 0x12, 0x4A, 0xB6, 0x9D, 0xA4, 0x45, 0xD9, 0x06, 0x65, 0x1D, 0xCA, 0xDC, 0xDF, 0xA5, 0xA6,
    0x0A, 0xC9, 0x4D, 0xC8, 0x04, 0xE3, 0x4C, 0x1A, 0xD9, 0xEE, 0x9D, 0xC4, 0x9B, 0x48, 0x3D, 0xBB,
    0x5D, 0x6F, 0xD7, 0xAB, 0xB5, 0xAD, 0x60, 0x14, 0x3D, 0x7E, 0xA3, 0x60, 0xB4, 0x2E, 0xB8, 0x5F,
    0xB6, 0xC2, 0x86, 0xAD, 0xDE, 0x49, 0xD6, 0xC4, 0x05, 0xD9, 0x5F, 0x5F, 0x25, 0x5A, 0xEF, 0x43,
    0xC6, 0xDA, 0x36, 0x9A, 0x96, 0x6E, 0xF4, 0xEB, 0x3A, 0x36, 0x6B, 0x6D, 0xCD, 0x25, 0xEA, 0x37,
    0x1C, 0x15, 0xA6, 0x35, 0x7A, 0xDF, 0x8A, 0xED, 0x18, 0xD3, 0x8D, 0xC7, 0xC6, 0x00, 0x1B, 0xA6,
    0xB6, 0x66, 0xFC, 0x8B, 0x57, 0x7F, 0x48, 0xB5, 0x53, 0x1F, 0x34, 0x7F, 0xDE, 0xAA, 0xB5, 0xEA,
    0xDE, 0x3F, 0x96, 0x25, 0x85, 0x5F, 0xB3, 0x92, 0xDC, 0xB9, 0x95, 0x7A, 0x4E, 0x1C, 0xB8, 0x94,
    0x77, 0x08, 0xAD, 0x6B, 0xC7, 0xCE, 0xBD, 0xCC, 0x4C, 0x77, 0x48, 0x9E, 0x7E, 0x26, 0xB0, 0xE5,
    0xEF, 0x02, 0x98, 0x50, 0x06, 0x80, 0xAD, 0xC4, 0xFD, 0x75, 0x61, 0xC5, 0xEB, 0x7D, 0x34, 0x6B,
    0xDB, 0xE2, 0x4A, 0xD8, 0xDA, 0x16, 0x13, 0x00, 0x13, 0x75, 0x00, 0x13, 0x02, 0xC0, 0x84, 0x1D,
    0xF7, 0x1B, 0xC2, 0x4C, 0xD2, 0xDA, 0x17, 0xE9, 0xA7, 0xCF, 0x04, 0xF6, 0x5A, 0xAF, 0xB7, 0x05,
    0x9D, 0xA4, 0xBC, 0x97, 0x05, 0x75, 0x7F, 0x44, 0xD7, 0x1D, 0xEA, 0xDB, 0xB2, 0x6F, 0x53, 0x4B,
    0x90, 0x3B, 0x22, 0x83, 0xC7, 0x89, 0xD0, 0xC3, 0x06, 0x6F, 0x93, 0xA9, 0x54, 0x28, 0xD4, 0xEF,
    0x43, 0x5F, 0xDD, 0x0A, 0x37, 0xA7, 0x34, 0x9C, 0x23, 0x7E, 0xE7, 0x6F, 0x1E, 0xC8, 0x01, 0xD1,
    0x5B, 0x20, 0xF3, 0x08, 0xC4, 0x57, 0xC7, 0xEF, 0x2E, 0xD5, 0xA8, 0x0E, 0x6B, 0x30, 0x93, 0xB7,
    0xE2, 0x5D, 0xEE, 0xB2, 0x0B, 0xAA, 0x5F, 0xA1, 0x96, 0x2D, 0xD7, 0xAC, 0x10, 0x77, 0xCB, 0x92,
    0x0D, 0x87, 0xC4, 0x98, 0xE8, 0x12, 0x7D, 0xC1, 0xA4, 0x26, 0xAC, 0xE7, 0x62, 0x82, 0x2D, 0x34,
    0xB2, 0x80, 0xA2, 0x2E, 0x5A, 0xFB, 0x93, 0x0C, 0x3D, 0x1D, 0x21, 0x97, 0x0C, 0xA2, 0x57, 0xB4,
    0x45, 0xF8, 0xFA, 0x01, 0xD7, 0x12, 0xD1, 0x39, 0xA2, 0x06, 0x5B, 0xB8, 0x91, 0x93, 0x9D, 0x90,
    0x5B, 0x99, 0x7F, 0x79, 0xFB, 0x17, 0xFA, 0x42, 0xE5, 0xC6, 0x87, 0xA5, 0x65, 0x74, 0xA9, 0xB4,
    0x3C, 0x6C, 0x19, 0x51, 0x5A, 0x6E, 0x15, 0x9B, 0xB1, 0x83, 0x67, 0x01, 0x43, 0xAA, 0xEF, 0x00,
    0xF0, 0x06, 0x2C, 0x08, 0x46, 0x10, 0xC1, 0x38, 0x72, 0x17, 0xD6, 0x2B, 0xA4, 0x99, 0x3A, 0xA1,
    0xF5, 0xE0, 0x4E, 0x6C, 0xC3, 0xCA, 0xC5, 0xCF, 0xBE, 0x97, 0xC1, 0x30, 0xB2, 0x26, 0x46, 0x60,
    0x54, 0xC0, 0x9E, 0x95, 0xC3, 0xB5, 0x4A, 0x66, 0x37, 0x40, 0x45, 0xE9, 0x42, 0x96, 0x5C, 0x3C,
    0x7F, 0x07, 0x6E, 0xE7, 0xE2, 0x2D, 0xC0, 0x97, 0xD4, 0x59, 0x2C, 0x7F, 0xEC, 0x24, 0xF9, 0x3F,
    0x96, 0xF4, 0x6B, 0x78, 0x63, 0xF2, 0xF6, 0xE2, 0xB1, 0x6F, 0xAC, 0x96, 0x54, 0x5D, 0x8B, 0xE2,
    0x6D, 0xC8, 0x92, 0xC7, 0xF9, 0x16, 0xE8, 0x3C, 0xCC, 0x61, 0xA7, 0xE4, 0xBB, 0x10, 0xDC, 0x1E,
    0xBE, 0xEA, 0x08, 0x07, 0x66, 0x51, 0xC1, 0xB0, 0x33, 0x7C, 0x80, 0x7E, 0x73, 0xBD, 0x02, 0x6E,
    0x9D, 0x30, 0xD7, 0x71, 0xEB, 0xF1, 0x65, 0x89, 0x19, 0x4A, 0xC5, 0xB0, 0xBF, 0x49, 0x2F, 0xA4,
    0x9B, 0x3D, 0xEE, 0x57, 0x0A, 0xAD, 0xF1, 0xD9, 0xE5, 0x5C, 0xC7, 0xCC, 0x5C, 0x9B, 0x5E, 0xCE,
    0xAE, 0xC7, 0xAD, 0xCB, 0xDF, 0xD3, 0xAE, 0x6E, 0xA7, 0x41, 0x61, 0xCB, 0x50, 0x2A, 0xB3, 0x73,
    0x63, 0x4B, 0xC4, 0xE5, 0xC6, 0x75, 0xCB, 0xE8, 0xCE, 0xB6, 0x7C, 0x80, 0xB8, 0x0F, 0x86, 0xAE,
    0xC7, 0x80, 0x9B, 0x5E, 0xAE, 0xC9, 0x68, 0xAF, 0x01, 0x41, 0x15, 0xA2, 0x8D, 0xA8, 0x1C, 0xB9,
    0x8C, 0xBF, 0x42, 0x8B, 0xB0, 0xCB, 0x88, 0x89, 0xF7, 0xB3, 0xFC, 0xBA, 0xA9, 0xF2, 0xA1, 0xCA,
    0xA3, 0x83, 0xC9, 0xE2, 0xE3, 0xCB, 0x97, 0x86, 0x2A, 0xDB, 0xED, 0x6D, 0x3F, 0xD1, 0x1F, 0x71,
    0x9A, 0xE0, 0xF1, 0xDA, 0x14, 0x39, 0x6C, 0x31, 0x82, 0xF5, 0x93, 0xF1, 0x19, 0x01, 0x35, 0x39,
    0xEF, 0xC6, 0xE7, 0x8C, 0xF4, 0x24, 0x7C, 0xC4, 0xC5, 0xD8, 0xB9, 0x18, 0x97, 0x96, 0xF5, 0xBC,
    0x4C, 0x06, 0xD8, 0x6C, 0x18, 0x06, 0x36, 0x13, 0x1D, 0x29, 0x52, 0xD8, 0xA1, 0xBF, 0x6B, 0xA9,
    0x16, 0x5A, 0x98, 0x99, 0x1D, 0xD7, 0xE8, 0xC8, 0xE3, 0xED, 0x8C, 0x44, 0x41, 0x9D, 0x0E, 0xF5,
    0x1D, 0x0E, 0x0E, 0xFE, 0x98, 0xBC, 0x82, 0xF5, 0x74, 0xC4, 0x7B, 0xA5, 0xE0, 0x29, 0xFB, 0xF9,
    0xCD, 0x1F, 0x7B, 0x85, 0x95, 0x1C, 0xFE, 0x5B, 0x29, 0xFC, 0xB1, 0xAD, 0xFE, 0x06, 0xB9, 0x6C,
    0x95, 0x76, 0xBC, 0x92, 0xB3, 0xF5, 0x0D, 0xB8, 0xF1, 0xB9, 0x71, 0xB9, 0x11, 0x92, 0x1B, 0xC4,
    0xF7, 0xD8, 0x41, 0xA0, 0x4F, 0x9C, 0x50, 0xBF, 0x56, 0x1F, 0xDC, 0xD9, 0x60, 0x9E, 0x66, 0xE7,
    0x53, 0x56, 0xEA, 0x31, 0x87, 0x5E, 0x44, 0xE3, 0xE1, 0x37, 0x89, 0x1E, 0x4E, 0xC8, 0x08, 0xA3,
    0x2A, 0xFC, 0x5D, 0x1F, 0x62, 0x4F, 0x71, 0xC2, 0x88, 0x3E, 0x8A, 0x29, 0xFA, 0x55, 0x46, 0xD1,
    0x4E, 0x0E, 0x42, 0x24, 0xDF, 0xF1, 0x41, 0x42, 0x46, 0x91, 0x13, 0x47, 0x91, 0x95, 0x46, 0x11,
    0xE5, 0xA0, 0xC1, 0x46, 0x44, 0x5D, 0x90, 0x8B, 0x67, 0xA7, 0x88, 0xC8, 0x02, 0x19, 0x45, 0xA9,
    0x47, 0x36, 0xEB, 0x32, 0x54, 0x1B, 0x19, 0xBF, 0x5F, 0xAF, 0x42, 0x87, 0xA7, 0x24, 0xB1, 0x9F,
    0x90, 0xFD, 0x17, 0x63, 0xC4, 0xC3, 0xBA, 0xEC, 0x06, 0x2E, 0x5B, 0xA3, 0x90, 0x6D, 0x76, 0xC9,
    0x80, 0x27, 0x3E, 0xD1, 0xF0, 0x87, 0xB8, 0x53, 0xA6, 0x3D, 0x4E, 0xB9, 0x3C, 0xCD, 0x49, 0x0D,
    0x36, 0xC0, 0x61, 0x56, 0x32, 0x9D, 0xBF, 0x74, 0xD4, 0x62, 0x0F, 0x63, 0x4F, 0x25, 0x23, 0x79,
    0x99, 0xC2, 0x2D, 0x1D, 0x58, 0x46, 0x68, 0xEA, 0x70, 0x32, 0x6A, 0x59, 0xE1, 0xCB, 0x11, 0x6E,
    0x10, 0x9E, 0xDC, 0x14, 0x6B, 0xED, 0x40, 0xCD, 0xF4, 0xFA, 0x57, 0x5F, 0xE6, 0xA2, 0x57, 0x45,
    0xD5, 0xCC, 0x29, 0xE1, 0x45, 0xCB, 0x6D, 0xD1, 0xB9, 0x2E, 0x05, 0xE2, 0x9D, 0xCC, 0xFA, 0x6B,
    0x4C, 0xC8, 0x7C, 0xBB, 0x10, 0x17, 0xDA, 0xF7, 0x53, 0x97, 0x8A, 0x36, 0x75, 0x4E, 0xEB, 0xAC,
    0x08, 0xF2, 0x26, 0xDF, 0x67, 0x1C, 0xA3, 0x0A, 0x87, 0x39, 0x01, 0x0E, 0xEB, 0x0F, 0xC0, 0x21,
    0xDE, 0x04, 0x8E, 0x26, 0xE3, 0x08, 0x58, 0x3A, 0x02, 0x42, 0x60, 0x26, 0x68, 0xE0, 0x2D, 0x71,
    0x5B, 0x30, 0x8E, 0x0E, 0xE3, 0x88, 0x18, 0x47, 0x56, 0xE1, 0x70, 0x18, 0x87, 0x7B, 0x0D, 0x38,
    0x96, 0x66, 0x48, 0x46, 0x53, 0x73, 0xE3, 0x0D, 0x98, 0xEA, 0x1B, 0x99, 0x2B, 0x2B, 0x8E, 0x48,
    0x91, 0x26, 0x23, 0x1B, 0x20, 0xBE, 0xB7, 0x11, 0x2D, 0x3C, 0x29, 0x62, 0xB1, 0xA7, 0xB0, 0xE4,
    0x62, 0x6E, 0x3F, 0xF1, 0x6C, 0x21, 0xCE, 0xDA, 0xE0, 0x5F, 0xA3, 0x17, 0x23, 0xC3, 0x05, 0x6F,
    0x3F, 0xD1, 0x89, 0xD2, 0x0C, 0x1B, 0x2F, 0x46, 0xC6, 0x74, 0x54, 0x75, 0x2D, 0x7E, 0x9F, 0xF2,
    0xA7, 0xF6, 0x89, 0xE7, 0x04, 0x18, 0xDF, 0x84, 0x4A, 0x05, 0x8C, 0xCF, 0x81, 0x6D, 0x71, 0x75,
    0x63, 0x56, 0xD5, 0xCD, 0x4D, 0x8C, 0xF7, 0xE3, 0x72, 0xFD, 0xF3, 0xD5, 0xCC, 0x13, 0xB4, 0x31,
    0xCB, 0x3A, 0x0F, 0x24, 0x12, 0x52, 0x74, 0x6A, 0x84, 0x00, 0x18, 0x11, 0x1B, 0x48, 0x44, 0x4D,
    0xFD, 0x3C, 0xD2, 0x09, 0x29, 0x9C, 0x4F, 0x51, 0x65, 0x51, 0x14, 0x92, 0xFF, 0x28, 0x47, 0x24,
    0x1E, 0x00, 0x5F, 0x1B, 0x14, 0x80, 0xF0, 0x43, 0x4E, 0xCF, 0x71, 0xAA, 0xCD, 0x9B, 0xFA, 0x70,
    0x83, 0x67, 0xBC, 0x5B, 0x05, 0xBE, 0xEC, 0x82, 0x5C, 0x99, 0xEB, 0x23, 0x0A, 0x08, 0x89, 0x28,
    0xFF, 0x70, 0x48, 0xF9, 0xE6, 0x68, 0x16, 0x67, 0x32, 0xBD, 0xD4, 0x76, 0xB5, 0xCA, 0xAB, 0x12,
    0x05, 0x64, 0xED, 0x42, 0xA1, 0x8F, 0x18, 0x5C, 0x7E, 0x99, 0x6A, 0xE4, 0x3D, 0x18, 0xDC, 0xA0,
    0x76, 0x44, 0x01, 0x24, 0x0F, 0x8C, 0xD1, 0xE6, 0xDD, 0xC0, 0x1D, 0x37, 0xA6, 0xF3, 0x21, 0x19,
    0xCE, 0xD5, 0x64, 0x37, 0x7A, 0x9E, 0xE9, 0xEC, 0x6C, 0xD2, 0xBA, 0x9F, 0xD4, 0xA8, 0x7F, 0xEC,
    0xE9, 0x72, 0xC9, 0x2A, 0x5A, 0xCE, 0xB5, 0xEC, 0x2B, 0xA7, 0xB6, 0x9E, 0x43, 0xB4, 0x7D, 0x2B,
    0xC1, 0x3D, 0x85, 0x71, 0xAC, 0xB9, 0x67, 0x90, 0xED, 0xC9, 0xBC, 0x1F, 0xA2, 0xBE, 0x31, 0x1E,
    0x4A, 0x7D, 0xE0, 0x3F, 0x1E, 0x07, 0xE3, 0x7D, 0x7A, 0x1B, 0x85, 0xDA, 0x7D, 0x95, 0xD4, 0xDF,
    0x50, 0x3F, 0x81, 0x02, 0x26, 0xD0, 0x27, 0xEE, 0xB6, 0x6E, 0x4E, 0x29, 0xA5, 0xC6, 0xDE, 0xDF,
    0x27, 0xBD, 0x5F, 0xDE, 0xE0, 0xEE, 0x88, 0x9B, 0x9C, 0x90, 0xF5, 0x07, 0xE6, 0x23, 0x5A, 0xF2,
    0xEF, 0xBE, 0xB7, 0x57, 0xB8, 0x63, 0xA3, 0x3C, 0x3A, 0xB1, 0x5C, 0x4B, 0x65, 0xE2, 0xD3, 0xED,
    0xAE, 0x96, 0x1A, 0x3C, 0x5D, 0xF0, 0xC3, 0xE4, 0xF6, 0x32, 0x13, 0xA7, 0xCB, 0xB2, 0x96, 0x46,
    0x71, 0x04, 0x93, 0xBE, 0x22, 0x8D, 0xF1, 0x33, 0xB5, 0x4F, 0x96, 0x4A, 0xC5, 0xED, 0xA2, 0xCB,
    0x67, 0xE5, 0x66, 0x40, 0xCD, 0xA1, 0x52, 0xBB, 0xBD, 0xDE, 0x3E, 0x37, 0xB9, 0xE4, 0xEC, 0x0D,
    0x8C, 0x99, 0xA3, 0xC0, 0x43, 0xA0, 0xFD, 0xFA, 0x4C, 0xFB, 0xC7, 0x9C, 0x7E, 0x73, 0xAA, 0xFD,
    0x2F, 0x4D, 0xB5, 0x7F, 0xBC, 0xE9, 0xF6, 0xBD, 0xD4, 0xBA, 0x97, 0x56, 0x1A, 0x3C, 0xD6, 0x5C,
    0x0F, 0xB0, 0x51, 0x7D, 0x6C, 0x43, 0x17, 0xF2, 0xF0, 0xD3, 0x13, 0xAF, 0xCF, 0x89, 0x5D, 0xBD,
    0xB8, 0x33, 0x60, 0x72, 0xD8, 0x8F, 0xB1, 0xA4, 0xB3, 0x73, 0x9D, 0xCE, 0xA2, 0xF2, 0xA8, 0x27,
    0xBA, 0xFD, 0xB3, 0xDC, 0xE7, 0x23, 0xE1, 0x6A, 0x15, 0xF5, 0xEE, 0x18, 0x8E, 0xEB, 0xE1, 0x75,
    0x98, 0x92, 0xF5, 0x4F, 0x68, 0x4E, 0x72, 0x21, 0x00, 0xEF, 0xFB, 0xE0, 0x4D, 0xFE, 0x27, 0x8A,
    0xF4, 0xE4, 0x66, 0xC8, 0xC9, 0x26, 0x80, 0xB3, 0x47, 0x50, 0x34, 0x4E, 0x54, 0xE1, 0x06, 0xA8,
    0x8D, 0xB8, 0xE3, 0xF1, 0xAA, 0x1F, 0x70, 0x06, 0x9C, 0xEE, 0x99, 0x3C, 0x6D, 0xE7, 0xAF, 0xD7,
    0x36, 0xB3, 0x2F, 0x73, 0x8C, 0xA3, 0x4B, 0xAF, 0xC9, 0x7F, 0xA9, 0x4C, 0xDD, 0x1E, 0x8D, 0xA8,
    0x5D, 0x70, 0xF1, 0x73, 0xE8, 0xAD, 0xC1, 0xB2, 0xF9, 0x0D, 0x4A, 0xD9, 0xE4, 0xCC, 0xBC, 0x08,
    0x4A, 0xC8, 0x49, 0xDC, 0xFE, 0x58, 0x27, 0x69, 0x08, 0x95, 0x25, 0x10, 0x4D, 0x71, 0xA4, 0x73,
    0xB5, 0x60, 0x80, 0xF8, 0x8A, 0x3C, 0x08, 0x30, 0x46, 0x05, 0x86, 0x2F, 0x2E, 0x4B, 0xF8, 0xB0,
    0xC7, 0x71, 0xB2, 0xB1, 0x20, 0x9E, 0x3E, 0x9F, 0xCD, 0x51, 0x0E, 0xFD, 0x29, 0x25, 0x5B, 0x6E,
    0x9C, 0x9C, 0xE7, 0xE9, 0x25, 0x32, 0xC6, 0x67, 0xC9, 0xBA, 0x5B, 0x90, 0x6D, 0xA6, 0x0B, 0xC1,
    0x68, 0x25, 0x99, 0xA6, 0xD9, 0x75, 0x12, 0x7E, 0x67, 0xA6, 0x67, 0x88, 0xCE, 0xF4, 0x19, 0x57,
    0xAF, 0xD7, 0x43, 0x79, 0xA9, 0xF6, 0xF9, 0x57, 0x85, 0x63, 0xF5, 0xFF, 0xBF, 0xAB, 0xDF, 0xE2,
    0x43, 0x3D, 0xE4, 0x8D, 0xC1, 0x6D, 0x48, 0x6D, 0xE3, 0x91, 0x0C, 0xAC, 0xDF, 0x84, 0x91, 0xF8,
    0x76, 0x18, 0x35, 0x21, 0x2F, 0x80, 0xBC, 0x0C, 0x05, 0x42, 0x02, 0x79, 0x61, 0x57, 0x1B, 0x51,
    0x17, 0xF2, 0xCE, 0xCC, 0xA5, 0x4A, 0x5D, 0x90, 0xB2, 0x19, 0xDB, 0x72, 0x0A, 0x63, 0x59, 0xE3,
    0xFE, 0x7F, 0xD4, 0x41, 0x40, 0xF2, 0xC8, 0x97, 0xE2, 0xA1, 0x92, 0xB6, 0x7A, 0x4F, 0x1E, 0xB0,
    0x05, 0xB6, 0x7B, 0xFE, 0x5F, 0xCD, 0x39, 0x5A, 0x0C, 0x4F, 0x1F, 0x8F, 0x43, 0xD8, 0xC2, 0x1F,
    0x71, 0x98, 0x94, 0xAD, 0x85, 0xF0, 0x34, 0xA1, 0x37, 0x73, 0x4E, 0x77, 0x27, 0xC6, 0xC8, 0x11,
    0xD9, 0x99, 0xFA, 0xC0, 0xF9, 0xB2, 0xEB, 0x12, 0x2D, 0xCB, 0x48, 0xCF, 0xE3, 0x53, 0x6F, 0x53,
    0xB7, 0x82, 0x4A, 0x8B, 0xB0, 0x62, 0xD8, 0xCE, 0x6F, 0x33, 0x32, 0xFE, 0x8C, 0xBD, 0xFA, 0x37,
    0xE6, 0x7D, 0x14, 0x96, 0x36, 0xEF, 0xCF, 0xE9, 0x38, 0x2A, 0xCB, 0xA7, 0x21, 0xC7, 0x0D, 0xA9,
    0xD5, 0x75, 0xE0, 0xBE, 0x2A, 0xFF, 0xA3, 0x52, 0xF5, 0x9D, 0x62, 0x44, 0x9D, 0x82, 0x9A, 0x39,
    0xFF, 0x7B, 0x69, 0x7A, 0x17, 0xE4, 0xA1, 0x13, 0xD9, 0xE9, 0xBF, 0x0F, 0xF3, 0xCF, 0x54, 0x92,
    0x3F, 0x35, 0x57, 0x23, 0xFE, 0x24, 0xD3, 0x54, 0x5D, 0x8B, 0x86, 0xFB, 0x3F, 0xBD, 0x59, 0x3D,
    0x6C, 0x1C, 0xD7, 0x11, 0x9E, 0xDD, 0xA7, 0xF3, 0x06, 0x5A, 0x80, 0x2B, 0x20, 0x74, 0x13, 0xC1,
    0x5A, 0x15, 0xA9, 0x02, 0xF3, 0xAE, 0x51, 0xA1, 0x62, 0x8F, 0xBB, 0x49, 0x91, 0xC6, 0x40, 0x72,
    0x85, 0xE9, 0x2E, 0x70, 0x93, 0x22, 0x4E, 0x21, 0xA5, 0x60, 0xC1, 0x00, 0x4B, 0xDD, 0x02, 0x2E,
    0x52, 0xB8, 0xB0, 0x58, 0xA8, 0x57, 0x99, 0x30, 0x08, 0xC8, 0x82, 0x30, 0x16, 0xD0, 0x91, 0xB7,
    0x76, 0x02, 0xB8, 0x48, 0xE1, 0xB5, 0x03, 0x21, 0x45, 0x80, 0x78, 0x01, 0x2B, 0x40, 0x40, 0x17,
    0xDE, 0xC4, 0xEB, 0x68, 0xC3, 0x1C, 0xF9, 0xFC, 0xCD, 0xBC, 0xBD, 0xE3, 0x9F, 0x28, 0xF1, 0xC8,
    0x53, 0xF6, 0x76, 0x06, 0x77, 0xEF, 0x67, 0xDE, 0xBC, 0x79, 0xF3, 0xFB, 0x8E, 0x86, 0x07, 0x44,
    0x0C, 0xFC, 0xA8, 0x8C, 0xC8, 0x2D, 0x88, 0xBC, 0x92, 0xE8, 0xC6, 0x16, 0x51, 0x77, 0x85, 0x28,
    0x08, 0x88, 0xD2, 0x05, 0xA2, 0xCA, 0x27, 0xAB, 0xF4, 0x22, 0xBB, 0x70, 0x13, 0xB5, 0xFB, 0xFB,
    0xCC, 0xD1, 0x3A, 0xF7, 0x1E, 0xBC, 0x55, 0xFA, 0x44, 0x65, 0x1B, 0x23, 0x30, 0x2A, 0x8E, 0x31,
    0xA3, 0x22, 0xEA, 0xB8, 0xBA, 0xC0, 0xCB, 0x04, 0x7F, 0x19, 0x79, 0xBA, 0x9C, 0xFB, 0x61, 0x8D,
    0x4E, 0x50, 0xC2, 0x6B, 0xEB, 0x51, 0x67, 0x77, 0xB0, 0x4A, 0x41, 0x4A, 0x71, 0x45, 0x83, 0x81,
    0x35, 0xEA, 0x6F, 0xC4, 0xFE, 0xFE, 0xEB, 0x3C, 0x38, 0x6A, 0x11, 0x6D, 0xCE, 0x11, 0x85, 0x23,
    0xC3, 0xC5, 0x0C, 0x39, 0x6A, 0x51, 0xCF, 0xA5, 0x42, 0xE9, 0x8C, 0x76, 0x68, 0x6A, 0xBE, 0x66,
    0xC4, 0x03, 0xC9, 0x4A, 0xB4, 0x09, 0xE0, 0xCD, 0x81, 0x18, 0x69, 0xC0, 0xAB, 0xE7, 0x66, 0x06,
    0x5D, 0xB7, 0x79, 0xAE, 0x95, 0x93, 0x05, 0x0A, 0x38, 0xB3, 0x79, 0x23, 0xA4, 0x90, 0x64, 0x2A,
    0x93, 0xB4, 0x33, 0xD3, 0x74, 0x5D, 0xDF, 0xB7, 0xB4, 0x2E, 0x9D, 0xCA, 0xBA, 0xEF, 0x65, 0x66,
    0xF1, 0xC5, 0x86, 0x81, 0xF8, 0x04, 0x70, 0x5B, 0x97, 0xCC, 0x18, 0x2F, 0x31, 0x5B, 0xB5, 0xB1,
    0x0F, 0xBA, 0xAB, 0x1B, 0x62, 0x10, 0x41, 0xCE, 0x5D, 0x37, 0x84, 0x01, 0x11, 0x9F, 0xD2, 0xA5,
    0xF7, 0xF8, 0xE1, 0xA2, 0xCC, 0x06, 0x91, 0x74, 0xFC, 0xC6, 0x42, 0x0B, 0xA4, 0xBC, 0xBD, 0xD2,
    0x36, 0x3A, 0x40, 0x11, 0xE8, 0x15, 0x06, 0xF8, 0xFB, 0xAC, 0xD9, 0xBB, 0x22, 0xFD, 0x5D, 0xF9,
    0x32, 0x35, 0x6F, 0x78, 0x56, 0xDC, 0x88, 0xDA, 0xE8, 0x70, 0x71, 0x00, 0xAA, 0x78, 0x19, 0xE2,
    0xF3, 0xA2, 0x52, 0xFD, 0x35, 0xE3, 0xD3, 0x5E, 0xBD, 0x10, 0x8B, 0x2A, 0x43, 0xFB, 0x37, 0x38,
    0xDD, 0x10, 0x14, 0x7D, 0x23, 0xC2, 0xFE, 0x41, 0x42, 0x43, 0x3D, 0xA2, 0xD4, 0x1A, 0x46, 0x29,
    0xB9, 0x59, 0x4A, 0xAA, 0x4C, 0xA1, 0x8B, 0x20, 0x52, 0x01, 0x6A, 0xA6, 0xD7, 0x40, 0x6D, 0xDA,
    0xB8, 0x8F, 0xC7, 0xF0, 0xD8, 0x7E, 0xC4, 0x73, 0x87, 0xFA, 0x3E, 0x73, 0xF7, 0x53, 0x46, 0x3F,
    0x61, 0xF4, 0x33, 0x46, 0xBF, 0x10, 0x8E, 0x89, 0xDE, 0x01, 0x72, 0xF4, 0xE7, 0x11, 0xF9, 0x6B,
    0x3A, 0xC2, 0xF6, 0xC3, 0x08, 0xEC, 0xF9, 0x8C, 0xD0, 0x91, 0x1E, 0x47, 0xD2, 0x16, 0x70, 0x6F,
    0xC8, 0xE3, 0xBC, 0xDD, 0xAF, 0x22, 0x08, 0xE1, 0xBD, 0xE6, 0xB4, 0x1D, 0xFD, 0x4F, 0x46, 0x90,
    0x87, 0x93, 0x5D, 0xAF, 0x80, 0x68, 0xC0, 0x28, 0x64, 0xE4, 0x33, 0xF2, 0x22, 0x46, 0x49, 0xA8,
    0x33, 0x37, 0xE9, 0xEB, 0xDC, 0x4D, 0xE4, 0xE7, 0xB8, 0xC3, 0x9F, 0x0C, 0xE6, 0x69, 0x4E, 0xD5,
    0x90, 0xD2, 0xFF, 0xA5, 0x86, 0x53, 0x40, 0xA8, 0x4B, 0x01, 0xFE, 0x0E, 0xC6, 0x1D, 0xFD, 0x49,
    0xE4, 0x3F, 0xD0, 0x11, 0x73, 0xCD, 0x4C, 0x33, 0x7F, 0xE9, 0x11, 0xE0, 0xDF, 0xCC, 0x2E, 0x73,
    0xCB, 0xCC, 0x8E, 0x79, 0xF5, 0x60, 0xBE, 0x38, 0x3A, 0x88, 0x57, 0x57, 0x43, 0x5D, 0xA5, 0x47,
    0x8E, 0x06, 0xEF, 0xF6, 0x52, 0x6F, 0xA8, 0xCB, 0x9D, 0xF5, 0x87, 0x27, 0xDA, 0xF1, 0x0E, 0x65,
    0xBC, 0xAB, 0xCB, 0xB1, 0xE3, 0x23, 0xA5, 0x0B, 0x6F, 0xAD, 0x5E, 0x64, 0x4F, 0xD1, 0x8E, 0xA9,
    0x3D, 0xD4, 0x7A, 0x67, 0x7D, 0xFD, 0xF0, 0x88, 0xA3, 0x2B, 0xEE, 0xDE, 0xC0, 0xD2, 0x35, 0x0F,
    0xBE, 0x46, 0xD8, 0x19, 0xBF, 0xD7, 0xE8, 0xC2, 0x4B, 0x9F, 0x32, 0x83, 0x29, 0x18, 0xB8, 0xE0,
    0x8A, 0xF0, 0x35, 0x4E, 0x44, 0x2E, 0xA4, 0x86, 0xD3, 0xAD, 0xC8, 0xEA, 0x9D, 0x7B, 0xD1, 0x11,
    0xFB, 0x2A, 0x4C, 0x57, 0xF2, 0xDA, 0xF8, 0xF9, 0x26, 0xD8, 0xB8, 0x61, 0x17, 0xCE, 0x9F, 0x13,
    0xFB, 0x40, 0x44, 0x71, 0x61, 0xAE, 0x9E, 0x61, 0x6E, 0xD3, 0x9C, 0xC5, 0x3C, 0x5C, 0xD4, 0xEB,
    0x60, 0xCA, 0xC3, 0x74, 0xBB, 0x1E, 0x7B, 0x83, 0x82, 0x6D, 0x4D, 0xD5, 0xF4, 0x73, 0xF6, 0x06,
    0xFE, 0x29, 0x6F, 0xF0, 0xEA, 0x9B, 0x31, 0x85, 0xFB, 0x31, 0x7D, 0x6F, 0x1B, 0x6D, 0x5D, 0x3E,
    0x06, 0x98, 0x70, 0x17, 0xDE, 0xA0, 0x0B, 0xB9, 0x74, 0x2D, 0xFD, 0xE5, 0x3E, 0x75, 0x0C, 0x79,
    0x8B, 0x6E, 0x92, 0x8A, 0x36, 0x49, 0x8C, 0xFB, 0x4E, 0x63, 0x1F, 0xEF, 0x58, 0xD0, 0xE6, 0xBF,
    0x45, 0x6C, 0x67, 0x2F, 0x52, 0xD8, 0x8E, 0x28, 0xAC, 0x86, 0xC2, 0xBE, 0x1F, 0x89, 0xE0, 0x05,
    0x3A, 0x60, 0xFB, 0x9E, 0x2C, 0xE1, 0x88, 0x49, 0xB3, 0x1E, 0x55, 0x0D, 0x5C, 0x9B, 0xF9, 0x1E,
    0x44, 0xC3, 0xDA, 0x0D, 0x5C, 0xA1, 0x97, 0xB4, 0x87, 0x19, 0xF3, 0x2C, 0x1A, 0xB6, 0x65, 0x82,
    0x24, 0x02, 0x28, 0x59, 0x8D, 0xEC, 0xA1, 0xBE, 0x84, 0x9C, 0x83, 0x16, 0x1A, 0xC2, 0x2F, 0x61,
    0x2F, 0x4E, 0x82, 0x46, 0x77, 0x82, 0x34, 0x9E, 0x4A, 0xD0, 0x61, 0x9B, 0xFB, 0x78, 0xE9, 0x6D,
    0x72, 0xD1, 0x46, 0xEE, 0xEE, 0xFA, 0xC6, 0x91, 0xC1, 0xCF, 0x47, 0x8D, 0xF3, 0x83, 0x90, 0x72,
    0x40, 0x31, 0xF9, 0xED, 0xBD, 0xB1, 0x4F, 0xDE, 0x70, 0x98, 0x78, 0x85, 0x9B, 0x79, 0x99, 0xCA,
    0xBD, 0x04, 0x10, 0x3D, 0x1F, 0xFA, 0xBA, 0x0F, 0x95, 0x0F, 0xF7, 0x3B, 0xB5, 0xCA, 0xCF, 0xFE,
    0x5C, 0xAF, 0xC3, 0x7D, 0x33, 0xD2, 0x8A, 0xCE, 0x1E, 0x05, 0x4B, 0x2C, 0xBC, 0xE8, 0xEC, 0xCF,
    0xDD, 0x42, 0x57, 0x56, 0xAE, 0x12, 0x97, 0xDC, 0x08, 0x27, 0xD5, 0xB3, 0x88, 0x5B, 0x2D, 0x48,
    0xAE, 0x45, 0x67, 0xCF, 0x9A, 0xC3, 0x01, 0xDD, 0xA6, 0x15, 0x44, 0xC1, 0x56, 0x74, 0x38, 0xE3,
    0x3C, 0x6B, 0xF5, 0xAA, 0xA3, 0xCF, 0x0A, 0x84, 0x97, 0xE2, 0x8C, 0x52, 0xF8, 0x99, 0xD4, 0x2A,
    0x29, 0x75, 0x72, 0x4A, 0x39, 0x92, 0x41, 0x81, 0x52, 0x68, 0xCB, 0x23, 0xC0, 0x70, 0x1B, 0xBE,
    0x06, 0xCA, 0x94, 0x42, 0x99, 0xA4, 0xDF, 0xC6, 0x38, 0x42, 0xB8, 0x85, 0x06, 0xA6, 0x38, 0x77,
    0x0E, 0xA3, 0xA2, 0x2B, 0xAD, 0xC6, 0x0E, 0x58, 0x77, 0x38, 0x39, 0xBA, 0x29, 0x56, 0x77, 0xFC,
    0xED, 0x55, 0x76, 0x59, 0xB9, 0x59, 0xD5, 0xA1, 0x6A, 0xC0, 0x71, 0xFC, 0x69, 0x41, 0x08, 0x55,
    0xA3, 0x01, 0x55, 0x8B, 0x54, 0x79, 0x51, 0xE5, 0x64, 0x3C, 0x80, 0x44, 0x51, 0x7B, 0xAC, 0xA1,
    0x48, 0xEF, 0xE0, 0x1D, 0x2D, 0x93, 0x3C, 0x70, 0x00, 0x64, 0xF2, 0x9B, 0x26, 0x5B, 0x39, 0xE5,
    0xF7, 0x9E, 0xFF, 0x8E, 0xBD, 0xA2, 0x82, 0x2A, 0xF8, 0x4D, 0xFA, 0xD6, 0x3D, 0xD7, 0xE7, 0xA2,
    0x2B, 0x49, 0x5A, 0x1A, 0x8B, 0xB1, 0xC1, 0xD6, 0x60, 0x8B, 0xA7, 0x1F, 0x6A, 0xB5, 0x83, 0xDB,
    0x37, 0x57, 0x38, 0x2B, 0x41, 0x42, 0x52, 0xA4, 0x56, 0x76, 0xFE, 0x05, 0xF0, 0x94, 0x55, 0xFE,
    0x9F, 0xAC, 0xA2, 0xE7, 0x7D, 0x1C, 0xCE, 0xC4, 0xCE, 0x82, 0xF7, 0x12, 0xD8, 0x1A, 0x22, 0x17,
    0x67, 0xE5, 0x38, 0xC5, 0x3E, 0xDA, 0xAE, 0x9F, 0x1C, 0xA3, 0x75, 0xC4, 0xA0, 0xB2, 0x63, 0x9F,
    0x3F, 0xA9, 0x7D, 0x55, 0xFB, 0x79, 0x98, 0x7D, 0xF7, 0x58, 0xBB, 0x71, 0x1B, 0x08, 0x63, 0xD0,
    0x26, 0x53, 0x2E, 0x98, 0x16, 0xC4, 0x9F, 0xE5, 0x21, 0x78, 0x1F, 0x42, 0x89, 0x1E, 0x65, 0x94,
    0x7E, 0x00, 0x25, 0xDA, 0xAA, 0x00, 0x31, 0x20, 0x04, 0xC0, 0x99, 0xA4, 0xC8, 0xC7, 0x52, 0x55,
    0x20, 0x51, 0xAB, 0x00, 0x83, 0x15, 0x68, 0x18, 0xC0, 0xC7, 0x77, 0x17, 0x89, 0x9B, 0x02, 0x58,
    0xA2, 0x18, 0x2E, 0x67, 0x43, 0x1C, 0xAE, 0x96, 0x45, 0x4D, 0x7E, 0x10, 0xFD, 0x5B, 0x97, 0x7A,
    0x6D, 0x34, 0xA2, 0xA0, 0xE6, 0xFA, 0xE2, 0xCC, 0x77, 0x96, 0x3C, 0x88, 0xD7, 0x74, 0x78, 0x7F,
    0x8D, 0xB3, 0xFB, 0xCE, 0x34, 0x9C, 0x34, 0xAA, 0x11, 0x88, 0x12, 0x6F, 0x8A, 0xAA, 0x33, 0xC9,
    0x02, 0xAE, 0x37, 0xE5, 0xA3, 0x28, 0x4C, 0x02, 0x3D, 0x5B, 0xB9, 0x79, 0x16, 0x27, 0x15, 0x96,
    0x6E, 0x92, 0x8A, 0x0B, 0xCA, 0x2D, 0x6F, 0x78, 0xA8, 0x01, 0xAB, 0x80, 0x0E, 0xF3, 0x90, 0xA4,
    0xF0, 0x0C, 0x29, 0x3C, 0x03, 0xD6, 0xAC, 0xB1, 0xF6, 0x2A, 0xA0, 0x03, 0xF0, 0x9A, 0xF5, 0x6D,
    0x4E, 0xBC, 0x99, 0x87, 0xD4, 0x84, 0xE2, 0x1F, 0x43, 0x39, 0x38, 0xB9, 0x5C, 0x9F, 0x4A, 0x66,
    0x47, 0x5E, 0x6F, 0x44, 0x5E, 0x81, 0x34, 0x17, 0xC2, 0x17, 0x24, 0x4F, 0x07, 0xDF, 0xB8, 0x56,
    0x21, 0xE7, 0x89, 0x35, 0x62, 0x01, 0x2E, 0x72, 0xFD, 0xE0, 0xF3, 0x0C, 0x0E, 0x51, 0xD0, 0xE6,
    0x98, 0xCF, 0xEC, 0x04, 0xE2, 0x8E, 0x8C, 0x87, 0x24, 0x32, 0x58, 0xA6, 0xB9, 0x05, 0x08, 0xD8,
    0x7A, 0x58, 0x1A, 0xA2, 0xA6, 0xF4, 0x00, 0x61, 0x86, 0xA6, 0x6E, 0xC1, 0xF7, 0x8A, 0xBC, 0xB5,
    0x6D, 0x59, 0x24, 0x90, 0x38, 0xC8, 0xBE, 0x54, 0x20, 0x4B, 0x65, 0x2D, 0x2F, 0x01, 0xA3, 0xE8,
    0x05, 0xBD, 0xDD, 0x11, 0x38, 0x9B, 0xD4, 0x59, 0x7C, 0x18, 0xBF, 0xE1, 0x30, 0xCE, 0x8A, 0x13,
    0x70, 0xBC, 0x7D, 0x78, 0x8B, 0xFE, 0x2F, 0x9B, 0x90, 0x07, 0xAE, 0xD7, 0x2E, 0xB0, 0x99, 0x77,
    0x33, 0xBA, 0xEA, 0xD0, 0x8C, 0x36, 0x84, 0x35, 0xB4, 0x86, 0x76, 0x31, 0x76, 0x9F, 0x28, 0xD1,
    0x60, 0xAE, 0x73, 0x3B, 0x52, 0xED, 0x76, 0x05, 0x07, 0x82, 0x63, 0xB2, 0xFF, 0xB1, 0xC4, 0x18,
    0x31, 0x1E, 0x78, 0x6F, 0x9D, 0xF1, 0xA4, 0xD7, 0x8C, 0x34, 0xB3, 0x0C, 0x05, 0xB7, 0x90, 0x9A,
    0x59, 0x23, 0x57, 0x4D, 0x50, 0x4A, 0x32, 0x6E, 0x78, 0xA6, 0x57, 0x90, 0x52, 0xE8, 0xA2, 0x8F,
    0x10, 0xBF, 0xB6, 0x5F, 0x33, 0x5F, 0x61, 0xEE, 0x42, 0x16, 0x7E, 0xC6, 0x75, 0x22, 0x87, 0x7A,
    0xA8, 0x20, 0x0A, 0x50, 0xE0, 0xDD, 0x75, 0xEC, 0x83, 0x6D, 0x2A, 0x16, 0xCC, 0x63, 0x78, 0x95,
    0xB0, 0x24, 0x24, 0x2D, 0xF5, 0xC1, 0x46, 0x66, 0xEB, 0xFC, 0xB8, 0x94, 0x38, 0xAA, 0x71, 0x06,
    0xC1, 0xC6, 0xBA, 0x4C, 0x4D, 0xA5, 0x19, 0xB1, 0xEB, 0x45, 0xA8, 0x1C, 0x87, 0xBF, 0x4E, 0x03,
    0x6D, 0x40, 0x97, 0xB6, 0xDF, 0xAA, 0x25, 0x01, 0xD9, 0xD9, 0xE0, 0x50, 0x99, 0x35, 0xA1, 0xB2,
    0x32, 0xE1, 0xF5, 0x78, 0xB8, 0x5C, 0xA5, 0xDA, 0x2E, 0x54, 0xC2, 0x66, 0xF8, 0x2F, 0xFD, 0xF4,
    0xF1, 0x01, 0x5C, 0x66, 0x7D, 0xCA, 0x75, 0xCF, 0x70, 0xBD, 0xE3, 0xE1, 0xF9, 0x96, 0x09, 0xCF,
    0xF3, 0x57, 0x93, 0xA0, 0x9F, 0x75, 0xBF, 0x89, 0xC2, 0x84, 0x6F, 0x4E, 0x16, 0xE9, 0x84, 0x95,
    0x1D, 0xBE, 0x66, 0xFE, 0x82, 0xCC, 0xBE, 0x35, 0xC9, 0xA4, 0xE1, 0x51, 0x08, 0x2E, 0x85, 0xD8,
    0xA7, 0x18, 0xA7, 0x32, 0x53, 0x19, 0x05, 0x4E, 0xE6, 0xBD, 0x4D, 0x0A, 0x9A, 0x66, 0x62, 0xE9,
    0x34, 0xDC, 0xF2, 0xFD, 0xC5, 0x91, 0x7B, 0x1A, 0x5B, 0x3F, 0xF1, 0xF5, 0x68, 0x91, 0xBE, 0x1F,
    0x4B, 0x40, 0x8E, 0x65, 0x7A, 0x27, 0x27, 0x87, 0xAF, 0xFC, 0xB0, 0x89, 0x5A, 0xF8, 0xEF, 0x8A,
    0x84, 0xBA, 0x3D, 0x1A, 0x0C, 0x37, 0xAA, 0xFE, 0x44, 0xCF, 0x7C, 0xAE, 0xF9, 0xD9, 0x75, 0x89,
    0xBE, 0x5B, 0xBF, 0x83, 0xAA, 0xE7, 0xAB, 0xAF, 0x64, 0x5B, 0xD2, 0x76, 0x0F, 0xFD, 0x28, 0x00,
    0xA1, 0x3A, 0x7E, 0xCE, 0x4A, 0x6B, 0x95, 0x91, 0x5D, 0xEC, 0x6C, 0x64, 0xFD, 0xE6, 0x22, 0xF1,
    0xA2, 0x4B, 0x6F, 0x89, 0xA3, 0xBC, 0xC3, 0xC1, 0xC5, 0xBA, 0x03, 0x27, 0x3A, 0xCD, 0xBA, 0x92,
    0x36, 0xF1, 0x4A, 0xAF, 0x91, 0x15, 0x73, 0x41, 0x7A, 0xBA, 0x14, 0xBC, 0x8C, 0x40, 0x4E, 0x9C,
    0xCB, 0xB4, 0x02, 0x79, 0xE6, 0x25, 0x0E, 0x8C, 0xBB, 0x80, 0x69, 0x17, 0x52, 0xDA, 0x78, 0x97,
    0x00, 0x66, 0x78, 0xC1, 0xA2, 0x40, 0x25, 0xB7, 0xB8, 0xDA, 0x78, 0x00, 0xCA, 0x91, 0xFF, 0x80,
    0x33, 0x99, 0x67, 0xBF, 0xA8, 0xBB, 0xF7, 0x22, 0x4B, 0x2C, 0xDF, 0xD6, 0xEC, 0xD4, 0x4C, 0x78,
    0xE7, 0x94, 0xAD, 0x3E, 0x27, 0xA4, 0x02, 0x56, 0x09, 0xB7, 0x5A, 0x06, 0xA4, 0xF2, 0x4E, 0xE4,
    0x65, 0xDE, 0x9E, 0x06, 0xBD, 0xBA, 0x89, 0x1C, 0x95, 0x80, 0x89, 0xFA, 0x2D, 0x71, 0xAE, 0x2F,
    0x82, 0xEE, 0xB8, 0xA2, 0xFA, 0x52, 0x47, 0x4E, 0x73, 0x25, 0x63, 0x45, 0x57, 0x90, 0x0C, 0xC3,
    0x02, 0x39, 0x0A, 0x75, 0x92, 0x99, 0xF3, 0x69, 0x83, 0x3B, 0x95, 0x2C, 0x43, 0x06, 0xA0, 0x7F,
    0x37, 0xBA, 0x34, 0xBF, 0xE2, 0x72, 0x42, 0x84, 0xF9, 0x5F, 0x21, 0xC5, 0xD9, 0x04, 0xFC, 0xBA,
    0x30, 0xE9, 0xE5, 0x8C, 0xF9, 0x96, 0x75, 0xFA, 0xD0, 0xA5, 0x02, 0x6B, 0xE5, 0x80, 0x0F, 0x32,
    0xE3, 0xEA, 0x2E, 0xCB, 0x3F, 0x3F, 0x83, 0xAE, 0xAC, 0x6E, 0x7F, 0x5A, 0x90, 0xFA, 0xD1, 0x4B,
    0xE0, 0x9D, 0x9F, 0x7A, 0x00, 0x83, 0x45, 0x40, 0xFE, 0x28, 0xA7, 0xAB, 0xEA, 0xF2, 0x72, 0x9F,
    0x0D, 0x7F, 0xFB, 0x4D, 0xDC, 0x2B, 0x8F, 0xDC, 0xD2, 0x0F, 0xE5, 0x96, 0xFE, 0xE2, 0xBC, 0xBD,
    0xD6, 0x94, 0x86, 0xCB, 0xCD, 0x0D, 0x04, 0x3C, 0xB9, 0x1C, 0x1E, 0x8D, 0xEB, 0x3B, 0xCE, 0x23,
    0x24, 0xC5, 0x4A, 0xF9, 0x5A, 0xC3, 0xCA, 0x6F, 0x4C, 0xAE, 0xA6, 0xD9, 0x58, 0x57, 0x62, 0x1E,
    0x53, 0x07, 0xEC, 0x59, 0x50, 0x30, 0xB6, 0x0B, 0xAB, 0x44, 0xAA, 0x52, 0xDA, 0xA5, 0x4F, 0x41,
    0xC5, 0xB5, 0xFB, 0x4A, 0xAA, 0x32, 0x2F, 0xA9, 0xE0, 0xA0, 0x9C, 0xAC, 0x0C, 0xDC, 0x44, 0x7D,
    0x58, 0xB6, 0x51, 0xD1, 0x7F, 0x96, 0x23, 0xD3, 0xB2, 0xBF, 0xC8, 0x3C, 0x9F, 0xAC, 0xAF, 0x33,
    0x17, 0x4E, 0xF5, 0x69, 0xE2, 0xFC, 0x81, 0xE8, 0x7F, 0x11, 0x9C, 0x18, 0x36, 0xC5, 0xF8, 0x9E,
    0xDC, 0x71, 0x75, 0xCD, 0x4D, 0x91, 0x3C, 0xFB, 0xE2, 0x12, 0xF8, 0xD2, 0x96, 0x73, 0xB5, 0x39,
    0x2A, 0xC6, 0xB7, 0x27, 0xF3, 0x34, 0x1F, 0xD3, 0x36, 0x5F, 0xA1, 0x1D, 0x50, 0xDC, 0xB5, 0xBE,
    0xA2, 0xB4, 0x6D, 0x7F, 0x4E, 0x95, 0xAF, 0x3E, 0x4E, 0x4A, 0x4F, 0xFD, 0xF1, 0xC3, 0xC2, 0x7B,
    0xE3, 0xDD, 0x8F, 0x72, 0xF7, 0x7D, 0xFB, 0x2F, 0x99, 0xF3, 0x09, 0x16, 0x54, 0x7F, 0xC7, 0x7A,
    0xF6, 0x88, 0x86, 0x11, 0x62, 0x62, 0x9F, 0x13, 0xE1, 0xB0, 0x49, 0x99, 0xB0, 0xFD, 0x3E, 0xF4,
    0x15, 0x15, 0xAF, 0x4A, 0xE4, 0x0F, 0x16, 0xE2, 0xB3, 0x88, 0x71, 0x0E, 0x6D, 0x78, 0x26, 0xBE,
    0xD5, 0x70, 0x91, 0xD0, 0xA9, 0x1C, 0xA9, 0x91, 0x5C, 0x67, 0x43, 0x34, 0xF7, 0x8A, 0xC6, 0x6F,
    0x26, 0x2F, 0xF0, 0x83, 0xCD, 0xBF, 0x21, 0x70, 0xDA, 0xEA, 0xB3, 0x02, 0x65, 0x98, 0xC9, 0x61,
    0x7A, 0xD4, 0x92, 0x5B, 0x9B, 0x40, 0x52, 0xCA, 0xB6, 0x60, 0x8F, 0x4C, 0xAA, 0xA7, 0x32, 0xE8,
    0xE0, 0xA7, 0x08, 0x1E, 0x5F, 0x80, 0xA7, 0xAF, 0xB1, 0xC6, 0xA3, 0xC4, 0xD0, 0x08, 0x9B, 0x8B,
    0xFD, 0xC0, 0x64, 0xF0, 0x5C, 0xDA, 0x0D, 0x31, 0x64, 0xD8, 0x58, 0x89, 0x55, 0x6E, 0x09, 0x8C,
    0x9F, 0x99, 0xEE, 0x81, 0xCB, 0x06, 0xA4, 0x08, 0x52, 0x6B, 0xCD, 0x4D, 0x32, 0xCD, 0x2C, 0xE4,
    0x8B, 0x6F, 0x49, 0xE5, 0x3A, 0x0D, 0x73, 0xCD, 0x38, 0x95, 0xBF, 0xB0, 0x19, 0x73, 0x73, 0x06,
    0xB9, 0x90, 0xCF, 0x39, 0xC9, 0x5B, 0x68, 0x52, 0xBC, 0xD6, 0x52, 0xAF, 0xA3, 0xEB, 0xD6, 0x52,
    0xC5, 0x81, 0x4B, 0x2E, 0xDD, 0x39, 0x2C, 0xC6, 0xAC, 0xFC, 0x20, 0xE0, 0xCA, 0xFD, 0x43, 0xB8,
    0xFE, 0xDB, 0x90, 0x03, 0xC5, 0xE1, 0x8D, 0x7B, 0x73, 0x3D, 0x31, 0x3B, 0xBE, 0xAE, 0x8D, 0x63,
    0xF2, 0xB5, 0x29, 0x99, 0x62, 0x8D, 0xCD, 0x03, 0x53, 0x44, 0x86, 0xF9, 0xA4, 0x88, 0x9C, 0xA1,
    0xC0, 0x3C, 0xAB, 0x54, 0x1F, 0x67, 0x9C, 0xF0, 0xC5, 0xD3, 0xF1, 0xF6, 0x2D, 0xA5, 0x8F, 0x3D,
    0x0E, 0x82, 0x40, 0x10, 0x85, 0xBF, 0x85, 0x28, 0x85, 0x05, 0x8D, 0xAD, 0xD9, 0xC6, 0x5A, 0x4E,
    0x20, 0xD9, 0x23, 0x58, 0x78, 0x18, 0x0B, 0x95, 0xBD, 0x04, 0x87, 0xB0, 0xC2, 0xC2, 0xC2, 0x82,
    0x08, 0x47, 0xE0, 0x08, 0x5B, 0x78, 0x00, 0x0A, 0x0A, 0x63, 0x0C, 0xEB, 0x10, 0x8C, 0x9D, 0x95,
    0x2F, 0x6F, 0x26, 0xF3, 0x93, 0x99, 0x79, 0x03, 0x04, 0xFE, 0xAE, 0xFD, 0x2B, 0x65, 0xB9, 0x87,
    0x91, 0x29, 0x24, 0x0D, 0x51, 0x0F, 0x95, 0x23, 0x7A, 0x40, 0x09, 0x6B, 0x58, 0x89, 0xDF, 0x50,
    0x56, 0x45, 0x97, 0x79, 0x8B, 0x60, 0x0E, 0x3B, 0xB8, 0x80, 0x03, 0x8B, 0x3A, 0x91, 0xF8, 0xE6,
    0x30, 0xAD, 0xA5, 0x70, 0x85, 0x23, 0xE8, 0x4E, 0x96, 0x1B, 0x74, 0x43, 0xE0, 0x50, 0xAD, 0x09,
    0xDC, 0xAD, 0xA8, 0xB3, 0x7E, 0x18, 0x65, 0x0B, 0x1D, 0xB4, 0xA8, 0x06, 0x65, 0xA8, 0xBC, 0x77,
    0x5E, 0x0C, 0x2D, 0xAD, 0xF8, 0x0F, 0x1B, 0x30, 0x19, 0x62, 0x33, 0xE6, 0x8B, 0x51, 0xA6, 0x82,
    0xD0, 0x12, 0x59, 0xE2, 0x5C, 0x6E, 0x19, 0x9D, 0x33, 0xB3, 0x3F, 0x58, 0x13, 0x3E, 0x8D, 0x12,
    0xD9, 0xDF, 0x07, 0xCF, 0x9F, 0x07, 0xDF, 0x15, 0x8C, 0x31, 0x0E, 0x82, 0x40, 0x14, 0x05, 0x1F,
    0x20, 0xD9, 0xC4, 0x4D, 0xD8, 0x46, 0x63, 0x23, 0xA1, 0x35, 0x26, 0xC4, 0xC6, 0x82, 0xE2, 0xEB,
    0x6E, 0x67, 0xCB, 0x0D, 0xBC, 0x04, 0x05, 0xA1, 0xD1, 0xA3, 0x50, 0x5B, 0x71, 0x00, 0x13, 0x7E,
    0xE2, 0x05, 0x36, 0x9E, 0x60, 0x0F, 0x61, 0x41, 0x81, 0xE0, 0x3A, 0xAF, 0x9B, 0xBC, 0x0C, 0x70,
    0x86, 0x32, 0x82, 0x61, 0x81, 0xC8, 0xC9, 0x7B, 0x86, 0x02, 0x9E, 0x70, 0x80, 0xF8, 0x42, 0x29,
    0x53, 0x84, 0xBC, 0x80, 0xD1, 0x6F, 0x6E, 0x66, 0xD3, 0xE6, 0xE8, 0xA7, 0x7E, 0x2A, 0xE3, 0x2E,
    0xD1, 0xA3, 0x74, 0x2B, 0x22, 0xFF, 0xAC, 0xF3, 0x3A, 0x07, 0x62, 0x68, 0xEE, 0x5C, 0xDB, 0x36,
    0x36, 0x33, 0x5E, 0x8A, 0x97, 0x53, 0x17, 0x4E, 0x15, 0x8E, 0xBB, 0x7F, 0x8D, 0x04, 0xAB, 0x2B,
    0xA2, 0x11, 0xC1, 0x07, 0x49, 0x4A, 0xF4, 0x1C, 0xCA, 0xF5, 0x89, 0xAA, 0x72, 0x89, 0x04, 0x82,
    0x03, 0xBB, 0xE1, 0x9B, 0x09, 0x20, 0xB1, 0x05, 0xF9, 0x1D, 0x38, 0xF6, 0x0D, 0x3D, 0xEF, 0x1F,
    0x3F, 0xA5, 0x57, 0x3D, 0x8C, 0xDC, 0xC6, 0x15, 0x7E, 0xDC, 0x3D, 0x2D, 0x93, 0x63, 0x31, 0x2A,
    0x2E, 0x80, 0x74, 0x16, 0x6E, 0x9A, 0x14, 0x97, 0xE4, 0x96, 0x6C, 0x5C, 0xB8, 0xE0, 0x90, 0xE3,
    0x04, 0x48, 0x93, 0xC2, 0x57, 0x28, 0x8D, 0x5D, 0x28, 0xC5, 0x35, 0x49, 0x00, 0xA7, 0x71, 0xB1,
    0x50, 0x78, 0xBB, 0x8C, 0x1B, 0x03, 0x69, 0xBC, 0x36, 0xE0, 0x32, 0xF0, 0x16, 0x2A, 0x12, 0x09,
    0x88, 0xE4, 0xE0, 0x80, 0xB0, 0x58, 0x69, 0x89, 0xA4, 0x50, 0x69, 0x02, 0x29, 0x52, 0x18, 0x70,
    0x18, 0xC7, 0x01, 0x22, 0x1D, 0x10, 0x8D, 0x13, 0x4A, 0xA2, 0x24, 0xDE, 0x4E, 0xBE, 0x19, 0xEE,
    0xEA, 0xEE, 0x7C, 0xD2, 0xF9, 0x27, 0xCB, 0xF7, 0xF1, 0x96, 0x73, 0x33, 0x8F, 0x6F, 0xDE, 0x7B,
    0xF3, 0xBD, 0xB7, 0x8E, 0x4E, 0x99, 0xAE, 0x63, 0xBA, 0x99, 0x50, 0x30, 0x24, 0xEE, 0x15, 0x46,
    0x7C, 0xE2, 0xE1, 0x09, 0x79, 0x9D, 0x76, 0x46, 0x79, 0xD6, 0xB5, 0xE2, 0xA5, 0x19, 0xA7, 0x4C,
    0x50, 0x16, 0x2E, 0x05, 0xDF, 0x23, 0xAA, 0xF8, 0xBE, 0x72, 0x75, 0x4A, 0x44, 0x93, 0xF1, 0xCE,
    0xFD, 0x32, 0x1B, 0x95, 0x59, 0xA7, 0xC8, 0xBC, 0xDC, 0x4C, 0x8E, 0x9E, 0x3F, 0xB9, 0xA7, 0x65,
    0xA0, 0xD5, 0xD0, 0xA9, 0x6B, 0x4A, 0x2A, 0x12, 0x46, 0x76, 0xC4, 0x93, 0x46, 0xE8, 0x6D, 0x51,
    0xB7, 0x8F, 0x4B, 0xE1, 0xB7, 0xCB, 0x91, 0x6E, 0xEA, 0x81, 0x50, 0x67, 0xFB, 0x8A, 0x7C, 0x23,
    0x3B, 0xFE, 0xC3, 0xC6, 0xD7, 0xDB, 0x7E, 0x4D, 0x7E, 0x75, 0x44, 0x26, 0xE3, 0xD5, 0xFB, 0x25,
    0x1F, 0x95, 0xBC, 0x83, 0x1D, 0xE5, 0x9C, 0x13, 0x17, 0x47, 0xF6, 0x12, 0x11, 0x8F, 0x65, 0x14,
    0x3D, 0x6E, 0x5E, 0x9A, 0x55, 0x30, 0xE0, 0x8A, 0x2F, 0x29, 0x8B, 0x2B, 0x4A, 0xA8, 0x21, 0x41,
    0x11, 0x61, 0xFF, 0xF6, 0x62, 0xE6, 0x4A, 0x19, 0xB9, 0x39, 0xA7, 0x6E, 0xEE, 0x53, 0xB7, 0x08,
    0xA9, 0xF3, 0x59, 0x4D, 0xA4, 0x15, 0x20, 0x69, 0x75, 0x2E, 0x63, 0xAD, 0x5E, 0x74, 0x30, 0x92,
    0x10, 0x56, 0x92, 0xCF, 0x4A, 0x9F, 0xA9, 0xC0, 0x51, 0xBE, 0xA3, 0x22, 0x47, 0x09, 0x47, 0x35,
    0x8E, 0x56, 0x8E, 0x4E, 0x5F, 0x98, 0xD3, 0x4C, 0x97, 0x93, 0x0E, 0xDE, 0x96, 0xD9, 0xC9, 0xA1,
    0x3A, 0x14, 0x6C, 0x7A, 0x3A, 0x75, 0x9A, 0xF8, 0xFA, 0x94, 0xCF, 0x43, 0x98, 0xF3, 0x3A, 0x6D,
    0x8E, 0xF2, 0xA4, 0x9B, 0xD7, 0xDD, 0xDB, 0xA5, 0xF7, 0x96, 0xE2, 0x54, 0x3D, 0xC7, 0xD3, 0xB9,
    0xF5, 0xF4, 0xE6, 0xFD, 0x32, 0x31, 0x9E, 0xFE, 0x6B, 0xE9, 0xFE, 0x59, 0x31, 0xCA, 0x7C, 0x4A,
    0xC4, 0x11, 0x09, 0xA8, 0x66, 0xCB, 0xC9, 0xB0, 0x84, 0xCE, 0x33, 0x0D, 0xFF, 0xC4, 0x34, 0x25,
    0x3F, 0x81, 0xCD, 0xFE, 0xD0, 0xDC, 0xBC, 0xD2, 0xC7, 0xAD, 0xC0, 0x2D, 0xC0, 0xEE, 0x7D, 0x71,
    0xE4, 0x16, 0xD8, 0x5B, 0x2A, 0xE2, 0x71, 0xFF, 0x71, 0xC3, 0xCB, 0xAD, 0x11, 0xF6, 0x7E, 0xA8,
    0x4A, 0x19, 0x55, 0xCD, 0x71, 0x55, 0xE6, 0x56, 0x08, 0xA3, 0x4A, 0x98, 0xB5, 0x8B, 0x5B, 0x64,
    0xF4, 0x0D, 0x11, 0x85, 0x97, 0xE7, 0xF1, 0x98, 0xE9, 0x7F, 0xF3, 0xB2, 0x33, 0xEF, 0x1B, 0x4D,
    0xF0, 0xDB, 0x0A, 0xAC, 0x21, 0x76, 0x0D, 0xDE, 0xF1, 0x74, 0x81, 0xA1, 0x35, 0xA2, 0x5F, 0x7C,
    0x4A, 0x5D, 0x3D, 0x27, 0x56, 0x70, 0xC9, 0x08, 0x11, 0x4C, 0xBB, 0x79, 0xA7, 0x06, 0xAA, 0x6E,
    0xEE, 0xE6, 0xDD, 0xDC, 0x4B, 0x8F, 0x23, 0x90, 0xDD, 0x7C, 0x84, 0x20, 0x91, 0xC1, 0xF9, 0x1F,
    0xE4, 0x1D, 0xFD, 0x24, 0xEF, 0xFE, 0x73, 0x86, 0xB9, 0x6E, 0x6E, 0xED, 0xFD, 0x7F, 0xF4, 0x6D,
    0x63, 0x4E, 0xF3, 0xC7, 0x9C, 0xBD, 0xAF, 0x73, 0xE6, 0xFE, 0xA8, 0xD5, 0x47, 0x3D, 0xE9, 0xCD,
    0x5F, 0x41, 0xFC, 0xE7, 0x64, 0x13, 0xC0, 0x04, 0xD5, 0x6C, 0xC5, 0x24, 0x4F, 0xD9, 0xC2, 0xB1,
    0x10, 0x40, 0x08, 0xD4, 0x70, 0x99, 0x02, 0x64, 0xEB, 0x3E, 0x3A, 0x4F, 0xEC, 0x1F, 0xBF, 0xA7,
    0x68, 0x36, 0xA7, 0xF0, 0xC2, 0xD0, 0x8E, 0x4D, 0xDE, 0xAD, 0xE9, 0xC1, 0x3D, 0x4D, 0xA3, 0x03,
    0x26, 0x3B, 0xCA, 0x4B, 0x5D, 0x58, 0xC2, 0xA4, 0x97, 0x72, 0xF2, 0x52, 0xFF, 0x14, 0xB8, 0x9F,
    0xD4, 0xB4, 0x4A, 0xDC, 0xEC, 0x4E, 0x46, 0x1B, 0x48, 0x5B, 0x19, 0xAE, 0x20, 0x71, 0x65, 0x42,
    0xA7, 0xDD, 0x43, 0x80, 0x49, 0x61, 0x13, 0x3C, 0x80, 0x5F, 0x80, 0x3B, 0xEC, 0xD6, 0x9C, 0xBA,
    0x73, 0x16, 0xD4, 0xED, 0x16, 0xBF, 0x66, 0x90, 0x23, 0x93, 0x34, 0x26, 0xC8, 0xFB, 0x1F, 0xF3,
    0xD2, 0xD5, 0x1B, 0xAD, 0xAA, 0x59, 0x81, 0xE0, 0x36, 0xC4, 0x65, 0x8C, 0x79, 0x8C, 0xC2, 0xD6,
    0x10, 0x39, 0x58, 0x20, 0x59, 0xC0, 0x8C, 0x07, 0xC6, 0xB4, 0x3B, 0x4C, 0xC2, 0x14, 0xEB, 0x2D,
    0xF7, 0xFE, 0x01, 0xB6, 0xA7, 0x65, 0xC4, 0xBC, 0x34, 0x3C, 0xE3, 0xE6, 0x09, 0x9D, 0x44, 0x08,
    0x08, 0x20, 0x00, 0xD8, 0x1D, 0x17, 0x09, 0xD0, 0x06, 0xDE, 0xD1, 0x63, 0x02, 0xC3, 0x11, 0x28,
    0x0E, 0x21, 0x0A, 0x08, 0x24, 0x47, 0x5E, 0x89, 0x14, 0x28, 0x18, 0x4C, 0x65, 0xD6, 0x96, 0xA3,
    0x80, 0xD9, 0x08, 0x1E, 0x6B, 0x03, 0x32, 0x4B, 0xFF, 0xAB, 0x95, 0x7E, 0xB9, 0x69, 0x28, 0xA9,
    0x29, 0xAC, 0x9E, 0x2F, 0x3D, 0x3D, 0x0E, 0x74, 0x9D, 0xD0, 0x1A, 0xB2, 0x20, 0x96, 0xC4, 0x1F,
    0xE1, 0xBD, 0xE5, 0x9A, 0x5B, 0x87, 0x94, 0x84, 0x24, 0xAC, 0x24, 0xF1, 0xB5, 0x9A, 0xDB, 0xEC,
    0x9E, 0xD0, 0xE6, 0xF3, 0x55, 0x1D, 0x92, 0x01, 0x9B, 0x6F, 0x7D, 0xD1, 0x64, 0x33, 0x7F, 0x4A,
    0x75, 0x7C, 0x4D, 0x79, 0x96, 0x49, 0x89, 0x36, 0x41, 0x2D, 0x4F, 0x65, 0x72, 0xAA, 0xCD, 0x9F,
    0x5B, 0x1B, 0xC8, 0xD5, 0x99, 0x64, 0x15, 0x2D, 0x25, 0x64, 0xD5, 0x90, 0x55, 0x9A, 0x3D, 0xF8,
    0xCB, 0x87, 0x0F, 0xFF, 0xF4, 0x37, 0x4D, 0x48, 0xAF, 0x51, 0x43, 0x60, 0x49, 0x4E, 0xC8, 0x36,
    0x1C, 0xD7, 0x63, 0x08, 0x70, 0xAA, 0xB0, 0x9C, 0xB0, 0xF2, 0x10, 0x21, 0x30, 0x04, 0x34, 0x23,
    0x68, 0x21, 0xA8, 0x21, 0xE8, 0x21, 0x28, 0x42, 0x36, 0xC5, 0x64, 0x54, 0x4D, 0x3A, 0x72, 0xB3,
    0xF2, 0xF2, 0x30, 0x63, 0x79, 0x92, 0xB0, 0x32, 0x09, 0x37, 0x54, 0x16, 0x6E, 0xA9, 0x4A, 0x84,
    0x7B, 0xAA, 0x3F, 0x18, 0xA8, 0x8D, 0xBD, 0x50, 0x6D, 0xA8, 0x7E, 0xC9, 0x4A, 0x04, 0xA5, 0xC0,
    0x95, 0xB3, 0xDC, 0x6B, 0xCF, 0xF4, 0xF9, 0xC5, 0x81, 0x0B, 0x97, 0x98, 0xF4, 0x64, 0x02, 0x5D,
    0x03, 0xE8, 0xDA, 0x4B, 0x78, 0xB1, 0x17, 0xFA, 0xA5, 0x0A, 0x43, 0x05, 0x58, 0x5D, 0x65, 0xFF,
    0x86, 0x28, 0x37, 0x94, 0x28, 0xA0, 0x6B, 0xA1, 0x09, 0xBA, 0x52, 0x2F, 0xFF, 0xFA, 0xDC, 0x80,
    0xD2, 0x61, 0xC2, 0x23, 0x9E, 0x29, 0xA8, 0x5D, 0x0D, 0x85, 0x73, 0x9A, 0x3E, 0xDC, 0xAF, 0x3F,
    0xB3, 0x81, 0xEF, 0xD5, 0xEB, 0x41, 0x63, 0x8A, 0x4F, 0x62, 0xAB, 0x50, 0x20, 0xB9, 0x5B, 0x71,
    0x3E, 0x79, 0x5A, 0x9A, 0xFC, 0x08, 0x25, 0xEE, 0x6E, 0xE3, 0xEA, 0xD2, 0x56, 0xC5, 0x34, 0xD6,
    0xC5, 0x94, 0xB6, 0xC1, 0x8A, 0x60, 0xC7, 0x51, 0xDA, 0x66, 0x55, 0x8E, 0xEC, 0x25, 0x07, 0x1C,
    0x0C, 0x2E, 0x51, 0xB7, 0xAE, 0x17, 0x23, 0x4B, 0x28, 0x5F, 0x2D, 0xCB, 0x39, 0xB2, 0x1C, 0xF5,
    0xAD, 0xE4, 0x27, 0xC2, 0xD8, 0xC2, 0xBE, 0x1C, 0x25, 0x79, 0x13, 0x61, 0x6A, 0x73, 0xC9, 0xD9,
    0xED, 0xE9, 0x83, 0xE0, 0xF1, 0xCD, 0x5D, 0x12, 0x99, 0xDD, 0xD9, 0x94, 0x44, 0x7C, 0x45, 0xF0,
    0x46, 0x7C, 0x65, 0x6E, 0xC5, 0x11, 0x95, 0x2E, 0xFC, 0xE7, 0xB6, 0xDC, 0x7A, 0x02, 0x44, 0x2F,
    0x3C, 0xA2, 0x58, 0xA7, 0x67, 0x17, 0xFB, 0x6C, 0x4B, 0xE6, 0x53, 0xA9, 0xCC, 0x60, 0xB7, 0xF4,
    0xAF, 0xE7, 0xC1, 0xBC, 0x25, 0xA9, 0x55, 0xEA, 0xCD, 0x2F, 0x51, 0xA0, 0x0F, 0x08, 0x2D, 0x04,
    0xA1, 0x87, 0xC0, 0x1C, 0xD1, 0x62, 0x47, 0x10, 0xFA, 0x08, 0x42, 0x23, 0x81, 0x71, 0x71, 0x38,
    0xBE, 0xC0, 0x84, 0xBE, 0x73, 0x62, 0xAC, 0x1A, 0x00, 0xBB, 0x23, 0x59, 0xC5, 0x3A, 0xAF, 0xCE,
    0xE0, 0x2F, 0xB5, 0x6B, 0xA7, 0xB8, 0xE2, 0xFD, 0x6A, 0x51, 0xA0, 0x16, 0xEF, 0xD5, 0xEF, 0xDB,
    0xF7, 0x5A, 0x3F, 0x2D, 0xF3, 0xD0, 0xD9, 0xC5, 0xF8, 0x01, 0xC1, 0x59, 0x04, 0x6F, 0xC1, 0xE4,
    0xE5, 0x7A, 0x41, 0xF0, 0x18, 0x2D, 0x5C, 0x86, 0xC4, 0xB9, 0x52, 0x75, 0xCB, 0x8A, 0xA5, 0x15,
    0xAA, 0xF9, 0x01, 0x3D, 0xD0, 0x85, 0x7E, 0xB3, 0x9A, 0x53, 0xDD, 0x18, 0x06, 0x38, 0x26, 0x98,
    0xDC, 0x5F, 0xA4, 0xFA, 0xD4, 0xB4, 0x1E, 0x13, 0xFA, 0x79, 0x01, 0xA7, 0xA8, 0xCC, 0x81, 0xB1,
    0x4C, 0x56, 0x09, 0xCB, 0x55, 0xE8, 0x03, 0xE2, 0xEF, 0x2A, 0x1C, 0xFC, 0xA7, 0xEC, 0xEF, 0xFD,
    0xA1, 0xE8, 0xAB, 0x5F, 0xE6, 0x1B, 0x65, 0x8C, 0x04, 0x0F, 0x4C, 0x9A, 0xA3, 0x8C, 0xB0, 0xD4,
    0x76, 0x2B, 0xE5, 0xD1, 0x6E, 0x65, 0x54, 0xFA, 0x23, 0x15, 0x0C, 0x0C, 0xB1, 0x1B, 0x6E, 0x87,
    0x91, 0x7C, 0xBF, 0x72, 0x17, 0x1B, 0x5C, 0x45, 0x7B, 0x73, 0x09, 0x81, 0x38, 0x38, 0x51, 0xDF,
    0xB0, 0x8C, 0xB0, 0x8E, 0xB0, 0x10, 0xA3, 0x06, 0xC2, 0x6E, 0x10, 0x8B, 0x69, 0xB9, 0xDA, 0x2B,
    0x77, 0xE2, 0x32, 0xDB, 0xA5, 0x6C, 0x4A, 0xD9, 0x80, 0xC0, 0x8C, 0x75, 0xFC, 0x5A, 0x6D, 0x32,
    0xF4, 0x62, 0x76, 0x3C, 0x9E, 0x99, 0x71, 0x5A, 0x74, 0x31, 0x38, 0x70, 0x2E, 0xB6, 0x6E, 0x5D,
    0x3E, 0x9D, 0xB5, 0xDE, 0x8C, 0xAE, 0x4E, 0x02, 0xD3, 0x6D, 0x99, 0x1C, 0x83, 0x29, 0xDB, 0x81,
    0xCD, 0xD0, 0x53, 0x65, 0x1D, 0x07, 0xE2, 0x32, 0xAC, 0xB8, 0x51, 0xB6, 0x7F, 0xD7, 0xE5, 0xB2,
    0x9A, 0xCD, 0xC6, 0xC8, 0x53, 0x24, 0x90, 0x9C, 0x1E, 0xA5, 0x8D, 0x2F, 0xC2, 0xFA, 0xD5, 0xDF,
    0x6A, 0xDD, 0x2C, 0xD9, 0x35, 0x59, 0xBF, 0xDA, 0x2C, 0x1E, 0xD1, 0xCD, 0xB9, 0x17, 0xD6, 0xAF,
    0x5F, 0xD0, 0xDA, 0x34, 0x91, 0x74, 0x6E, 0x93, 0xB6, 0xC2, 0xF5, 0xD9, 0xB4, 0xFD, 0xEF, 0xDA,
    0xD0, 0x67, 0xEC, 0x9B, 0x67, 0xCF, 0x4C, 0x59, 0xC8, 0xFA, 0x1B, 0xFC, 0xA0, 0x33, 0x59, 0xC1,
    0xE9, 0x8C, 0xE1, 0x2E, 0x32, 0xB4, 0x0E, 0xC4, 0x38, 0xB3, 0x31, 0xE6, 0x86, 0x5B, 0xB7, 0x80,
    0x60, 0x01, 0x50, 0x00, 0x0E, 0x17, 0x4E, 0x3E, 0x5A, 0x03, 0xD4, 0x9C, 0xAD, 0x18, 0x40, 0x55,
    0x7C, 0x8A, 0xD8, 0x86, 0x24, 0x36, 0x14, 0x11, 0xB6, 0x7A, 0x4C, 0xB7, 0xB4, 0x03, 0x3F, 0x3E,
    0xEB, 0x1A, 0xCA, 0x18, 0x47, 0x6A, 0xA7, 0x33, 0xCE, 0xBA, 0xC5, 0xE9, 0x32, 0xFC, 0xFE, 0xA3,
    0x38, 0x37, 0x27, 0x6A, 0xFD, 0xAA, 0xD4, 0x1A, 0x0D, 0x2F, 0x1A, 0x0B, 0x73, 0x46, 0x9F, 0x8A,
    0x97, 0x1F, 0x7B, 0xFC, 0x9C, 0xE0, 0xE4, 0x76, 0xFF, 0x45, 0x1D, 0xEB, 0x97, 0x60, 0x3C, 0xAB,
    0xE0, 0xE2, 0x84, 0x32, 0x47, 0x75, 0x0B, 0x2F, 0x37, 0x7D, 0xC6, 0xC9, 0xCB, 0xFB, 0xB4, 0x8B,
    0xB4, 0xFA, 0xEE, 0x55, 0xEC, 0x45, 0xE2, 0xA4, 0x90, 0x5A, 0x88, 0x63, 0xA5, 0xB3, 0xFC, 0xF2,
    0x4C, 0x31, 0x33, 0x1F, 0x13, 0xCD, 0xE8, 0x4B, 0x27, 0x86, 0xB4, 0x72, 0x6C, 0x10, 0x6D, 0x13,
    0x7A, 0x26, 0xE1, 0x07, 0x61, 0x9F, 0x87, 0x2B, 0x86, 0x81, 0xD1, 0xB6, 0x71, 0xC5, 0x5D, 0xC3,
    0x8B, 0xA7, 0x8B, 0xF9, 0x70, 0x5D, 0x8A, 0x1F, 0xCB, 0x97, 0x48, 0x86, 0x1F, 0x14, 0xFC, 0x5E,
    0xEE, 0x9C, 0x41, 0x6E, 0x98, 0x0F, 0x4A, 0x21, 0xC5, 0xD6, 0x21, 0xDE, 0x5D, 0x1C, 0x38, 0x53,
    0x5A, 0x37, 0x04, 0x8D, 0x34, 0xBD, 0xE1, 0xD1, 0x80, 0x4D, 0x62, 0xDE, 0xF6, 0xCF, 0x8C, 0x2E,
    0x49, 0xAD, 0x2E, 0x6D, 0x1B, 0xBE, 0xFD, 0x5E, 0x35, 0xAB, 0x32, 0xC4, 0x70, 0x5D, 0x5E, 0x2E,
    0x6E, 0x94, 0x97, 0x0B, 0x93, 0xB1, 0x1D, 0xE5, 0x8E, 0x47, 0xF4, 0x01, 0xFD, 0x84, 0xE8, 0x67,
    0x12, 0xAC, 0x83, 0x62, 0xF9, 0xCE, 0x4D, 0x12, 0x2B, 0x9C, 0x92, 0xD1, 0x2B, 0x34, 0xD0, 0x6F,
    0xCB, 0x81, 0xFE, 0x50, 0x26, 0xB3, 0xB7, 0x65, 0x18, 0x31, 0xFC, 0x66, 0x89, 0x88, 0xDD, 0x6D,
    0xA8, 0x63, 0x4B, 0x07, 0x3E, 0x3F, 0xC5, 0x92, 0x32, 0x78, 0x0F, 0x64, 0x23, 0xEC, 0xE1, 0xF6,
    0x33, 0x53, 0x75, 0x7C, 0x74, 0x22, 0x11, 0x4D, 0xD9, 0x7E, 0xD5, 0xB1, 0xE7, 0xD4, 0xF9, 0x1D,
    0xB6, 0x51, 0xC4, 0x3F, 0xAC, 0x12, 0x9A, 0x66, 0x14, 0x42, 0x12, 0x0A, 0xE3, 0x3C, 0xF4, 0xD0,
    0x52, 0x81, 0xB5, 0xAE, 0x29, 0xB2, 0xF6, 0xEF, 0x90, 0x3D, 0xA7, 0x2D, 0xD6, 0xBE, 0x45, 0xD9,
    0x6C, 0x26, 0xB3, 0x07, 0x1F, 0xE5, 0x99, 0x7A, 0x0B, 0x70, 0xF3, 0xEC, 0x16, 0x10, 0xBB, 0xF9,
    0xC0, 0xF6, 0x62, 0x5E, 0x8A, 0x0A, 0x27, 0xD9, 0xDD, 0x39, 0xAC, 0xA9, 0xDA, 0x6A, 0xF2, 0xAB,
    0x31, 0xD7, 0x4D, 0xB4, 0x9B, 0x24, 0xE7, 0xC4, 0xC0, 0x56, 0x10, 0xC8, 0xC0, 0x58, 0x06, 0xCE,
    0x11, 0xC1, 0x58, 0x78, 0x4A, 0x1C, 0xE9, 0x5E, 0x06, 0xF4, 0x6A, 0x65, 0xAD, 0x37, 0x7C, 0x03,
    0x43, 0x06, 0x9D, 0x2A, 0x73, 0xCB, 0x81, 0x27, 0x13, 0x4F, 0x46, 0x6E, 0xCA, 0x75, 0xDD, 0xC3,
    0xB1, 0xC9, 0x36, 0x3B, 0x1F, 0x87, 0xDD, 0x5F, 0x87, 0xCE, 0xBD, 0x63, 0x93, 0x93, 0x67, 0x4C,
    0x3E, 0xD8, 0x31, 0x4A, 0x8D, 0x6A, 0xB1, 0x6E, 0x7E, 0x6A, 0xB2, 0x77, 0x6A, 0x66, 0x9F, 0x2C,
    0xB3, 0xFA, 0xF6, 0x8B, 0xE8, 0x1D, 0xF1, 0x4B, 0x6B, 0x8A, 0xA5, 0x3B, 0xD1, 0x7B, 0x73, 0x2C,
    0x02, 0x5D, 0x09, 0x91, 0x64, 0x22, 0xF9, 0x76, 0x02, 0xBB, 0x13, 0x98, 0xDF, 0xC2, 0x7C, 0x4F,
    0xD0, 0xE2, 0xA1, 0xBB, 0x9B, 0x06, 0xE3, 0x51, 0xE5, 0xA9, 0x51, 0x4A, 0xC7, 0xFA, 0xB0, 0x57,
    0x6B, 0x4F, 0xAB, 0xC3, 0x9D, 0xD0, 0x85, 0x8C, 0xA2, 0x01, 0x42, 0x71, 0x8E, 0x89, 0x84, 0x07,
    0xFA, 0xA6, 0x77, 0xBB, 0xED, 0xB5, 0xCF, 0x59, 0x53, 0xFA, 0x9D, 0x77, 0xA7, 0x5C, 0x57, 0xD1,
    0x90, 0x12, 0x1F, 0xC9, 0x42, 0x19, 0x93, 0x19, 0xDC, 0xDA, 0xCD, 0x93, 0x0E, 0x1A, 0x6E, 0x15,
    0x8C, 0xF1, 0x86, 0xA4, 0x65, 0xD7, 0x5E, 0x0A, 0x7E, 0xF5, 0x52, 0x30, 0xAC, 0x97, 0x4E, 0xCD,
    0x0D, 0x2C, 0xEB, 0xA5, 0xE0, 0x59, 0x9E, 0xC6, 0xAF, 0xCD, 0xCD, 0xAF, 0x7A, 0xFD, 0x24, 0xA5,
    0x6D, 0xFC, 0x83, 0xE8, 0xB9, 0x37, 0x93, 0x02, 0x86, 0x1D, 0x03, 0x13, 0xA7, 0x5D, 0xC3, 0x8A,
    0xD9, 0xD6, 0x1B, 0x9F, 0xC8, 0x2A, 0x9C, 0x3E, 0xCC, 0xF7, 0x56, 0xB4, 0x2E, 0x92, 0xCE, 0x47,
    0xBF, 0xB9, 0x19, 0x5F, 0xBF, 0xFD, 0x8D, 0x35, 0x6F, 0x51, 0x6D, 0x89, 0xFE, 0x07, 0x75, 0x8D,
    0xC1, 0x09, 0xC3, 0x30, 0x10, 0x04, 0x47, 0x16, 0x79, 0xE9, 0xA1, 0x12, 0xDC, 0x81, 0xD3, 0x80,
    0x82, 0x55, 0x42, 0x0A, 0x32, 0x41, 0x65, 0x09, 0xF2, 0xB0, 0x4A, 0x70, 0x3A, 0x08, 0xA4, 0x81,
    0x83, 0xE4, 0x99, 0x47, 0xD6, 0xD6, 0x3B, 0x07, 0x23, 0xB8, 0xE5, 0x34, 0x0B, 0x9A, 0xAF, 0xB8,
    0x88, 0x28, 0x7C, 0xD9, 0x13, 0x2A, 0xCE, 0x16, 0xFC, 0x36, 0x11, 0x5A, 0x24, 0xE6, 0x50, 0xCE,
    0xDA, 0x12, 0x83, 0x55, 0xF8, 0x18, 0xDC, 0x9E, 0x30, 0x37, 0x18, 0x4B, 0xFF, 0xF7, 0x0F, 0xCD,
    0x60, 0x87, 0xB0, 0x77, 0x84, 0x9E, 0x5D, 0x39, 0xE5, 0x2A, 0x6F, 0x62, 0x54, 0x3C, 0x1D, 0x6F,
    0x64, 0x21, 0x94, 0x8A, 0x6F, 0x86, 0x7F, 0x18, 0xEE, 0xB5, 0xC1, 0x5B, 0x1D, 0x77, 0x75, 0xCC,
    0x74, 0x76, 0x47, 0xEA, 0x3E, 0x27, 0xEF, 0xAA, 0x93, 0x35, 0xC3, 0x0F, 0x7D, 0x8E, 0x21, 0x6E,
    0xC3, 0x40, 0x10, 0x45, 0x9F, 0x63, 0x4B, 0xAD, 0xB2, 0x52, 0xC6, 0xA0, 0xB4, 0x5D, 0x5E, 0x29,
    0x36, 0x0D, 0xB0, 0xE3, 0x65, 0xA5, 0x01, 0x35, 0x2F, 0xCE, 0x09, 0x02, 0x0A, 0xF6, 0x08, 0x39,
    0x42, 0x40, 0x40, 0x65, 0x54, 0x50, 0x50, 0x10, 0xB0, 0x47, 0xF0, 0x11, 0x72, 0x84, 0x05, 0x06,
    0x05, 0x95, 0xDC, 0xD9, 0xD2, 0x4A, 0x7D, 0x5F, 0x23, 0xCD, 0xFF, 0xA3, 0xD1, 0xCC, 0xEE, 0xF4,
    0x07, 0xE0, 0xE5, 0xF8, 0xE8, 0x85, 0xDA, 0xEF, 0x8F, 0x4B, 0xFE, 0x13, 0x0C, 0xA7, 0x39, 0xF6,
    0xBB, 0x61, 0x38, 0xCF, 0xF3, 0x57, 0x9F, 0x1A, 0xE5, 0x6D, 0x4E, 0x7C, 0xF7, 0x89, 0x67, 0x83,
    0x50, 0xD1, 0xD2, 0x70, 0xA1, 0xC4, 0x52, 0xFF, 0xF6, 0x07, 0x3E, 0xD4, 0x89, 0x13, 0x4D, 0x2A,
    0xF5, 0x1B, 0x75, 0x26, 0x77, 0x2B, 0xE3, 0x2A, 0xA1, 0xB5, 0x34, 0x15, 0x97, 0x2D, 0xE5, 0x1D,
    0x56, 0x34, 0x71, 0x29, 0x79, 0xE0, 0xB0, 0xE6, 0xBD, 0xA1, 0xD4, 0xBD, 0xA7, 0x20, 0x26, 0xE8,
    0x68, 0x2D, 0x34, 0x2B, 0x36, 0xF7, 0x94, 0x85, 0xFE, 0x62, 0xAF, 0x5D, 0xEC, 0x26, 0x55, 0x34,
    0x23, 0x89, 0x36, 0x8B, 0xC6, 0x77, 0x8B, 0x49, 0xC2, 0x36, 0x8B, 0x12, 0x0A, 0x5C, 0x06, 0x3E,
    0x1F, 0x8D, 0xAF, 0x79, 0x65, 0xD2, 0xB2, 0x98, 0xB0, 0xB8, 0xE2, 0x6E, 0xF5, 0x0B, 0x71, 0xF9,
    0x98, 0x45, 0x3E, 0xB3, 0x78, 0x13, 0xF4, 0x24, 0x05, 0x3F, 0x63, 0x60, 0x00, 0x02, 0xF6, 0xFF,
    0x0D, 0x0C, 0xF6, 0xFF, 0x1F, 0x30, 0xFC, 0x65, 0x68, 0x60, 0xFC, 0xC0, 0xC0, 0xC0, 0x7C, 0x01,
    0x88, 0x0F, 0x30, 0x30, 0x48, 0x5F, 0x0D, 0x61, 0xA8, 0xFF, 0xFF, 0x87, 0x41, 0x7A, 0x6A, 0x00,
    0x03, 0x77, 0x03, 0x03, 0x90, 0xFD, 0x01, 0x8C, 0x41, 0x72, 0x20, 0x35, 0x4C, 0x40, 0xB5, 0x0C,
    0x7F, 0x80, 0xD8, 0xFE, 0xFD, 0x05, 0x06, 0xEE, 0xFF, 0x07, 0x40, 0x46, 0x01, 0x00, 0x5B, 0xB5,
    0xE0, 0xFF, 0x87, 0xD0, 0x00, 0x00,
};

static const EpdGlyph notosansthai_12_regularGlyphs[] = {
    { 0, 0, 0, 0, 0, 0, 0 }, // U+0000
    { 0, 0, 104, 0, 0, 0, 0 }, // U+000D
    { 0, 0, 104, 0, 0, 0, 0 }, // U+0020
    { 4, 19, 108, 1, 18, 19, 0 }, // !
    { 8, 7, 163, 1, 18, 14, 19 }, // "
    { 16, 18, 258, 0, 18, 72, 33 }, // #
    { 12, 21, 229, 1, 19, 63, 105 }, // $
    { 19, 20, 332, 1, 19, 95, 168 }, // %
    { 18, 20, 293, 1, 19, 90, 263 }, // &
    { 3, 7, 90, 1, 18, 6, 353 }, // '
    { 6, 22, 120, 1, 18, 33, 359 }, // (
    { 7, 22, 120, 0, 18, 39, 392 }, // )
    { 12, 12, 220, 1, 19, 36, 431 }, // *
    { 12, 13, 229, 1, 15, 39, 467 }, // +
    { 4, 7, 107, 1, 3, 7, 506 }, // ,
    { 7, 3, 129, 1, 8, 6, 513 }, // -
    { 4, 5, 107, 1, 4, 5, 519 }, // .
    { 10, 18, 149, 0, 18, 45, 524 }, // /
    { 13, 20, 229, 1, 19, 65, 569 }, // 0
    { 7, 18, 229, 2, 18, 32, 634 }, // 1
    { 12, 19, 229, 1, 19, 57, 666 }, // 2
    { 12, 20, 229, 1, 19, 60, 723 }, // 3
    { 14, 18, 229, 0, 18, 63, 783 }, // 4
    { 12, 19, 229, 1, 18, 57, 846 }, // 5
    { 13, 20, 229, 1, 19, 65, 903 }, // 6
    { 13, 18, 229, 1, 18, 59, 968 }, // 7
    { 13, 20, 229, 1, 19, 65, 1027 }, // 8
    { 12, 20, 229, 1, 19, 60, 1092 }, // 9
    { 4, 15, 107, 1, 14, 15, 1152 }, // :
    { 5, 18, 107, 0, 14, 23, 1167 }, // ;
    { 13, 14, 229, 1, 16, 46, 1190 }, // <
    { 12, 8, 229, 1, 13, 24, 1236 }, // =
    { 13, 14, 229, 1, 16, 46, 1260 }, // >
    { 11, 20, 174, 0, 19, 55, 1306 }, // ?
    { 21, 21, 360, 1, 18, 111, 1361 }, // @
    { 16, 18, 256, 0, 18, 72, 1472 }, // A
    { 13, 18, 260, 2, 18, 59, 1544 }, // B
    { 15, 20, 253, 1, 19, 75, 1603 }, // C
    { 15, 18, 292, 2, 18, 68, 1678 }, // D
    { 11, 18, 222, 2, 18, 50, 1746 }, // E
    { 11, 18, 208, 2, 18, 50, 1796 }, // F
    { 16, 20, 291, 1, 19, 80, 1846 }, // G
    { 15, 18, 296, 2, 18, 68, 1926 }, // H
    { 7, 18, 136, 1, 18, 32, 1994 }, // I
    { 7, 23, 109, -2, 18, 41, 2026 }, // J
    { 14, 18, 248, 2, 18, 63, 2067 }, // K
    { 11, 18, 210, 2, 18, 50, 2130 }, // L
    { 19, 18, 363, 2, 18, 86, 2180 }, // M
    { 15, 18, 304, 2, 18, 68, 2266 }, // N
    { 17, 20, 312, 1, 19, 85, 2334 }, // O
    { 12, 18, 242, 2, 18, 54, 2419 }, // P
    { 17, 24, 312, 1, 19, 102, 2473 }, // Q
    { 14, 18, 249, 2, 18, 63, 2575 }, // R
    { 12, 20, 220, 1, 19, 60, 2638 }, // S
    { 14, 18, 222, 0, 18, 63, 2698 }, // T
    { 14, 19, 292, 2, 18, 67, 2761 }, // U
    { 15, 18, 240, 0, 18, 68, 2828 }, // V
    { 23, 18, 372, 0, 18, 104, 2896 }, // W
    { 15, 18, 234, 0, 18, 68, 3000 }, // X
    { 15, 18, 226, 0, 18, 68, 3068 }, // Y
    { 14, 18, 229, 0, 18, 63, 3136 }, // Z
    { 6, 22, 132, 2, 18, 33, 3199 }, // [
    { 10, 18, 149, 0, 18, 45, 3232 }, // <backslash>
    { 7, 22, 132, 0, 18, 39, 3277 }, // ]
    { 14, 12, 229, 0, 18, 42, 3316 }, // ^
    { 13, 2, 178, -1, -2, 7, 3358 }, // _
    { 6, 5, 112, 1, 20, 8, 3365 }, // `
    { 11, 15, 224, 1, 14, 42, 3373 }, // a
    { 12, 20, 246, 2, 19, 60, 3415 }, // b
    { 11, 15, 192, 1, 14, 42, 3475 }, // c
    { 13, 20, 246, 1, 19, 65, 3517 }, // d
    { 12, 15, 226, 1, 14, 45, 3582 }, // e
    { 10, 20, 138, 0, 20, 50, 3627 }, // f
    { 13, 20, 246, 1, 14, 65, 3677 }, // g
    { 12, 19, 247, 2, 19, 57, 3742 }, // h
    { 4, 19, 103, 1, 19, 19, 3799 }, // i
    { 7, 25, 103, -2, 19, 44, 3818 }, // j
    { 12, 19, 214, 2, 19, 57, 3862 }, // k
    { 3, 19, 103, 2, 19, 15, 3919 }, // l
    { 20, 14, 374, 2, 14, 70, 3934 }, // m
    { 12, 14, 247, 2, 14, 42, 4004 }, // n
    { 13, 15, 242, 1, 14, 49, 4046 }, // o
    { 12, 20, 246, 2, 14, 60, 4095 }, // p
    { 13, 20, 246, 1, 14, 65, 4155 }, // q
    { 8, 14, 165, 2, 14, 28, 4220 }, // r
    { 10, 15, 192, 1, 14, 38, 4248 }, // s
    { 9, 18, 144, 0, 17, 41, 4286 }, // t
    { 13, 15, 247, 1, 14, 49, 4327 }, // u
    { 13, 14, 203, 0, 14, 46, 4376 }, // v
    { 20, 14, 314, 0, 14, 70, 4422 }, // w
    { 13, 14, 212, 0, 14, 46, 4492 }, // x
    { 13, 20, 204, 0, 14, 65, 4538 }, // y
    { 11, 14, 188, 0, 14, 39, 4603 }, // z
    { 9, 22, 152, 0, 18, 50, 4642 }, // {
    { 3, 26, 220, 5, 19, 20, 4692 }, // |
    { 9, 22, 152, 0, 18, 50, 4712 }, // }
    { 13, 4, 229, 1, 11, 13, 4762 }, // ~
    { 0, 0, 104, 0, 0, 0, 0 }, // U+00A0
    { 4, 19, 108, 1, 14, 19, 0 }, // U+00A1
    { 11, 20, 229, 2, 19, 55, 19 }, // U+00A2
    { 14, 19, 229, 0, 19, 67, 74 }, // U+00A3
    { 14, 18, 229, 0, 18, 63, 141 }, // U+00A5
    { 11, 21, 205, 1, 20, 58, 204 }, // U+00A7
    { 8, 4, 232, 3, 19, 8, 262 }, // U+00A8
    { 19, 20, 333, 1, 19, 95, 270 }, // U+00A9
    { 8, 10, 143, 0, 19, 20, 365 }, // U+00AA
    { 11, 11, 204, 1, 12, 31, 385 }, // U+00AB
    { 19, 20, 333, 1, 19, 95, 416 }, // U+00AE
    { 14, 2, 200, -1, 21, 7, 511 }, // U+00AF
    { 9, 9, 171, 1, 19, 21, 518 }, // U+00B0
    { 6, 5, 112, 1, 20, 8, 539 }, // U+00B4
    { 13, 23, 262, 1, 19, 75, 547 }, // U+00B6
    { 4, 5, 107, 1, 11, 5, 622 }, // U+00B7
    { 6, 6, 90, 0, 0, 9, 627 }, // U+00B8
    { 9, 10, 150, 0, 19, 23, 636 }, // U+00BA
    { 12, 11, 204, 0, 12, 33, 659 }, // U+00BB
    { 11, 19, 174, 0, 14, 53, 692 }, // U+00BF
    { 16, 24, 256, 0, 24, 96, 745 }, // U+00C0
    { 16, 24, 256, 0, 24, 96, 841 }, // U+00C1
    { 16, 24, 256, 0, 24, 96, 937 }, // U+00C2
    { 16, 23, 256, 0, 23, 92, 1033 }, // U+00C3
    { 16, 23, 256, 0, 23, 92, 1125 }, // U+00C4
    { 16, 23, 256, 0, 23, 92, 1217 }, // U+00C5
    { 22, 18, 352, -1, 18, 99, 1309 }, // U+00C6
    { 15, 25, 253, 1, 19, 94, 1408 }, // U+00C7
    { 11, 24, 222, 2, 24, 66, 1502 }, // U+00C8
    { 11, 24, 222, 2, 24, 66, 1568 }, // U+00C9
    { 11, 24, 222, 2, 24, 66, 1634 }, // U+00CA
    { 11, 23, 222, 2, 23, 64, 1700 }, // U+00CB
    { 7, 24, 136, 1, 24, 42, 1764 }, // U+00CC
    { 7, 24, 136, 1, 24, 42, 1806 }, // U+00CD
    { 9, 24, 136, 0, 24, 54, 1848 }, // U+00CE
    { 8, 23, 136, 0, 23, 46, 1902 }, // U+00CF
    { 17, 18, 292, 0, 18, 77, 1948 }, // U+00D0
    { 15, 23, 304, 2, 23, 87, 2025 }, // U+00D1
    { 17, 25, 312, 1, 24, 107, 2112 }, // U+00D2
    { 17, 25, 312, 1, 24, 107, 2219 }, // U+00D3
    { 17, 25, 312, 1, 24, 107, 2326 }, // U+00D4
    { 17, 24, 312, 1, 23, 102, 2433 }, // U+00D5
    { 17, 24, 312, 1, 23, 102, 2535 }, // U+00D6
    { 12, 12, 229, 1, 15, 36, 2637 }, // U+00D7
    { 17, 20, 312, 1, 19, 85, 2673 }, // U+00D8
    { 14, 25, 292, 2, 24, 88, 2758 }, // U+00D9
    { 14, 25, 292, 2, 24, 88, 2846 }, // U+00DA
    { 14, 25, 292, 2, 24, 88, 2934 }, // U+00DB
    { 14, 24, 292, 2, 23, 84, 3022 }, // U+00DC
    { 15, 24, 226, 0, 24, 90, 3106 }, // U+00DD
    { 12, 18, 242, 2, 18, 54, 3196 }, // U+00DE
    { 13, 21, 252, 2, 20, 69, 3250 }, // U+00DF
    { 11, 21, 224, 1, 20, 58, 3319 }, // U+00E0
    { 11, 21, 224, 1, 20, 58, 3377 }, // U+00E1
    { 11, 21, 224, 1, 20, 58, 3435 }, // U+00E2
    { 11, 20, 224, 1, 19, 55, 3493 }, // U+00E3
    { 11, 20, 224, 1, 19, 55, 3548 }, // U+00E4
    { 11, 22, 224, 1, 21, 61, 3603 }, // U+00E5
    { 20, 15, 346, 1, 14, 75, 3664 }, // U+00E6
    { 11, 20, 192, 1, 14, 55, 3739 }, // U+00E7
    { 12, 21, 226, 1, 20, 63, 3794 }, // U+00E8
    { 12, 21, 226, 1, 20, 63, 3857 }, // U+00E9
    { 12, 21, 226, 1, 20, 63, 3920 }, // U+00EA
    { 12, 20, 226, 1, 19, 60, 3983 }, // U+00EB
    { 6, 20, 103, -1, 20, 30, 4043 }, // U+00EC
    { 6, 20, 103, 1, 20, 30, 4073 }, // U+00ED
    { 9, 20, 103, -1, 20, 45, 4103 }, // U+00EE
    { 8, 19, 103, -1, 19, 38, 4148 }, // U+00EF
    { 13, 21, 242, 1, 20, 69, 4186 }, // U+00F0
    { 12, 19, 247, 2, 19, 57, 4255 }, // U+00F1
    { 13, 21, 242, 1, 20, 69, 4312 }, // U+00F2
    { 13, 21, 242, 1, 20, 69, 4381 }, // U+00F3
    { 13, 21, 242, 1, 20, 69, 4450 }, // U+00F4
    { 13, 20, 242, 1, 19, 65, 4519 }, // U+00F5
    { 13, 20, 242, 1, 19, 65, 4584 }, // U+00F6
    { 13, 12, 229, 1, 15, 39, 4649 }, // U+00F7
    { 13, 16, 242, 1, 15, 52, 4688 }, // U+00F8
    { 13, 21, 247, 1, 20, 69, 4740 }, // U+00F9
    { 13, 21, 247, 1, 20, 69, 4809 }, // U+00FA
    { 13, 21, 247, 1, 20, 69, 4878 }, // U+00FB
    { 13, 20, 247, 1, 19, 65, 4947 }, // U+00FC
    { 13, 26, 204, 0, 20, 85, 5012 }, // U+00FD
    { 12, 25, 246, 2, 19, 75, 5097 }, // U+00FE
    { 13, 25, 204, 0, 19, 82, 5172 }, // U+00FF
    { 16, 21, 256, 0, 21, 84, 0 }, // U+0100
    { 11, 18, 224, 1, 17, 50, 84 }, // U+0101
    { 16, 23, 256, 0, 23, 92, 134 }, // U+0102
    { 11, 20, 224, 1, 19, 55, 226 }, // U+0103
    { 16, 24, 256, 0, 18, 96, 281 }, // U+0104
    { 12, 20, 224, 1, 14, 60, 377 }, // U+0105
    { 15, 25, 253, 1, 24, 94, 437 }, // U+0106
    { 11, 21, 192, 1, 20, 58, 531 }, // U+0107
    { 15, 24, 253, 1, 23, 90, 589 }, // U+010A
    { 11, 20, 192, 1, 19, 55, 679 }, // U+010B
    { 15, 25, 253, 1, 24, 94, 734 }, // U+010C
    { 11, 21, 192, 1, 20, 58, 828 }, // U+010D
    { 15, 24, 292, 2, 24, 90, 886 }, // U+010E
    { 17, 20, 246, 1, 19, 85, 976 }, // U+010F
    { 17, 18, 292, 0, 18, 77, 1061 }, // U+0110
    { 15, 20, 247, 1, 19, 75, 1138 }, // U+0111
    { 11, 21, 222, 2, 21, 58, 1213 }, // U+0112
    { 12, 18, 226, 1, 17, 54, 1271 }, // U+0113
    { 11, 23, 222, 2, 23, 64, 1325 }, // U+0116
    { 12, 20, 226, 1, 19, 60, 1389 }, // U+0117
    { 11, 24, 222, 2, 18, 66, 1449 }, // U+0118
    { 12, 20, 226, 1, 14, 60, 1515 }, // U+0119
    { 11, 24, 222, 2, 24, 66, 1575 }, // U+011A
    { 12, 21, 226, 1, 20, 63, 1641 }, // U+011B
    { 16, 24, 291, 1, 23, 96, 1704 }, // U+011E
    { 13, 25, 246, 1, 19, 82, 1800 }, // U+011F
    { 16, 24, 291, 1, 23, 96, 1882 }, // U+0120
    { 13, 25, 246, 1, 19, 82, 1978 }, // U+0121
    { 16, 25, 291, 1, 19, 100, 2060 }, // U+0122
    { 13, 26, 246, 1, 20, 85, 2160 }, // U+0123
    { 19, 18, 296, 0, 18, 86, 2245 }, // U+0126
    { 14, 19, 247, 0, 19, 67, 2331 }, // U+0127
    { 8, 21, 136, 0, 21, 42, 2398 }, // U+012A
    { 8, 17, 103, -1, 17, 34, 2440 }, // U+012B
    { 7, 24, 136, 1, 18, 42, 2474 }, // U+012E
    { 5, 25, 103, 0, 19, 32, 2516 }, // U+012F
    { 7, 23, 136, 1, 23, 41, 2548 }, // U+0130
    { 3, 14, 103, 2, 14, 11, 2589 }, // U+0131
    { 14, 24, 248, 2, 18, 84, 2600 }, // U+0136
    { 12, 25, 214, 2, 19, 75, 2684 }, // U+0137
    { 11, 24, 210, 2, 24, 66, 2759 }, // U+0139
    { 6, 26, 103, 1, 26, 39, 2825 }, // U+013A
    { 11, 24, 210, 2, 18, 66, 2864 }, // U+013B
    { 4, 25, 103, 1, 19, 25, 2930 }, // U+013C
    { 11, 18, 210, 2, 18, 50, 2955 }, // U+013D
    { 7, 19, 103, 2, 19, 34, 3005 }, // U+013E
    { 13, 18, 210, 0, 18, 59, 3039 }, // U+0141
    { 8, 19, 103, -1, 19, 38, 3098 }, // U+0142
    { 15, 24, 304, 2, 24, 90, 3136 }, // U+0143
    { 12, 20, 247, 2, 20, 60, 3226 }, // U+0144
    { 15, 24, 304, 2, 18, 90, 3286 }, // U+0145
    { 12, 20, 247, 2, 14, 60, 3376 }, // U+0146
    { 15, 24, 304, 2, 24, 90, 3436 }, // U+0147
    { 12, 20, 247, 2, 20, 60, 3526 }, // U+0148
    { 15, 23, 304, 2, 18, 87, 3586 }, // U+014A
    { 12, 20, 247, 2, 14, 60, 3673 }, // U+014B
    { 17, 22, 312, 1, 21, 94, 3733 }, // U+014C
    { 13, 18, 242, 1, 17, 59, 3827 }, // U+014D
    { 17, 25, 312, 1, 24, 107, 3886 }, // U+0150
    { 13, 21, 242, 1, 20, 69, 3993 }, // U+0151
    { 21, 20, 371, 1, 19, 105, 4062 }, // U+0152
    { 22, 15, 378, 1, 14, 83, 4167 }, // U+0153
    { 14, 24, 249, 2, 24, 84, 4250 }, // U+0154
    { 8, 20, 165, 2, 20, 40, 4334 }, // U+0155
    { 14, 24, 249, 2, 18, 84, 4374 }, // U+0156
    { 9, 20, 165, 1, 14, 45, 4458 }, // U+0157
    { 14, 24, 249, 2, 24, 84, 4503 }, // U+0158
    { 10, 20, 165, 1, 20, 50, 4587 }, // U+0159
    { 12, 25, 220, 1, 24, 75, 4637 }, // U+015A
    { 10, 21, 192, 1, 20, 53, 4712 }, // U+015B
    { 12, 25, 220, 1, 19, 75, 4765 }, // U+015E
    { 10, 20, 192, 1, 14, 50, 4840 }, // U+015F
    { 12, 25, 220, 1, 24, 75, 4890 }, // U+0160
    { 10, 21, 192, 1, 20, 53, 4965 }, // U+0161
    { 14, 24, 222, 0, 24, 84, 5018 }, // U+0164
    { 12, 20, 144, 0, 19, 60, 5102 }, // U+0165
    { 14, 22, 292, 2, 21, 77, 5162 }, // U+016A
    { 13, 18, 247, 1, 17, 59, 5239 }, // U+016B
    { 14, 24, 292, 2, 23, 84, 5298 }, // U+016C
    { 13, 20, 247, 1, 19, 65, 5382 }, // U+016D
    { 14, 26, 292, 2, 25, 91, 5447 }, // U+016E
    { 13, 22, 247, 1, 21, 72, 5538 }, // U+016F
    { 14, 25, 292, 2, 24, 88, 5610 }, // U+0170
    { 13, 21, 247, 1, 20, 69, 5698 }, // U+0171
    { 14, 24, 292, 2, 18, 84, 5767 }, // U+0172
    { 13, 20, 247, 1, 14, 65, 5851 }, // U+0173
    { 23, 24, 372, 0, 24, 138, 5916 }, // U+0174
    { 20, 20, 314, 0, 20, 100, 6054 }, // U+0175
    { 15, 24, 226, 0, 24, 90, 6154 }, // U+0176
    { 13, 26, 204, 0, 20, 85, 6244 }, // U+0177
    { 15, 23, 226, 0, 23, 87, 6329 }, // U+0178
    { 14, 24, 229, 0, 24, 84, 6416 }, // U+0179
    { 11, 20, 188, 0, 20, 55, 6500 }, // U+017A
    { 14, 23, 229, 0, 23, 81, 6555 }, // U+017B
    { 11, 19, 188, 0, 19, 53, 6636 }, // U+017C
    { 14, 24, 229, 0, 24, 84, 6689 }, // U+017D
    { 11, 20, 188, 0, 20, 55, 6773 }, // U+017E
    { 12, 25, 220, 1, 19, 75, 0 }, // U+0218
    { 10, 20, 192, 1, 14, 50, 75 }, // U+0219
    { 14, 24, 222, 0, 18, 84, 125 }, // U+021A
    { 9, 23, 144, 0, 17, 52, 209 }, // U+021B
    { 6, 5, 0, -13, 20, 8, 0 }, // U+0300
    { 6, 5, 0, -9, 20, 8, 8 }, // U+0301
    { 10, 5, 0, -5, 20, 13, 16 }, // U+0302
    { 9, 4, 0, -12, 19, 9, 29 }, // U+0303
    { 8, 2, 0, -4, 17, 4, 38 }, // U+0304
    { 8, 4, 0, -4, 19, 8, 42 }, // U+0306
    { 4, 4, 0, -2, 19, 4, 50 }, // U+0307
    { 8, 4, 0, -4, 19, 8, 54 }, // U+0308
    { 6, 6, 0, -3, 21, 9, 62 }, // U+030A
    { 10, 5, 0, -4, 20, 13, 71 }, // U+030B
    { 10, 5, 0, -5, 20, 13, 84 }, // U+030C
    { 4, 7, 0, -2, 18, 7, 97 }, // U+0312
    { 4, 5, 0, -2, -1, 5, 104 }, // U+0326
    { 6, 6, 0, -3, 0, 9, 109 }, // U+0327
    { 6, 7, 0, -3, 1, 11, 118 }, // U+0328
    { 8, 3, 0, -11, -1, 6, 129 }, // U+0331
    { 12, 14, 240, 1, 14, 42, 0 }, // U+0E01
    { 11, 15, 219, 1, 14, 42, 42 }, // U+0E02
    { 11, 15, 220, 1, 14, 42, 84 }, // U+0E03
    { 12, 14, 246, 2, 14, 42, 126 }, // U+0E04
    { 12, 14, 248, 2, 14, 42, 168 }, // U+0E05
    { 12, 15, 239, 1, 14, 45, 210 }, // U+0E06
    { 13, 14, 215, 0, 14, 46, 255 }, // U+0E07
    { 12, 14, 213, 0, 14, 42, 301 }, // U+0E08
    { 12, 15, 242, 2, 14, 45, 343 }, // U+0E09
    { 11, 15, 220, 1, 14, 42, 388 }, // U+0E0A
    { 12, 15, 222, 1, 14, 45, 430 }, // U+0E0B
    { 20, 15, 362, 1, 14, 75, 475 }, // U+0E0C
    { 20, 19, 364, 1, 14, 95, 550 }, // U+0E0D
    { 14, 20, 241, 0, 14, 70, 645 }, // U+0E0E
    { 14, 20, 241, 0, 14, 70, 715 }, // U+0E0F
    { 13, 21, 219, 0, 15, 69, 785 }, // U+0E10
    { 13, 14, 250, 1, 14, 46, 854 }, // U+0E11
    { 21, 15, 361, 1, 14, 79, 900 }, // U+0E12
    { 20, 15, 364, 1, 14, 75, 979 }, // U+0E13
    { 13, 15, 246, 1, 14, 49, 1054 }, // U+0E14
    { 13, 15, 254, 1, 14, 49, 1103 }, // U+0E15
    { 13, 15, 241, 1, 14, 49, 1152 }, // U+0E16
    { 12, 14, 244, 2, 14, 42, 1201 }, // U+0E17
    { 12, 15, 218, 1, 14, 45, 1243 }, // U+0E18
    { 12, 15, 245, 2, 14, 45, 1288 }, // U+0E19
    { 12, 15, 242, 2, 14, 45, 1333 }, // U+0E1A
    { 12, 20, 242, 2, 19, 60, 1378 }, // U+0E1B
    { 12, 14, 259, 2, 14, 42, 1438 }, // U+0E1C
    { 13, 19, 261, 2, 19, 62, 1480 }, // U+0E1D
    { 16, 14, 278, 1, 14, 56, 1542 }, // U+0E1E
    { 16, 19, 273, 1, 19, 76, 1598 }, // U+0E1F
    { 14, 15, 241, 0, 14, 53, 1674 }, // U+0E20
    { 12, 15, 246, 2, 14, 45, 1727 }, // U+0E21
    { 12, 15, 238, 1, 14, 45, 1772 }, // U+0E22
    { 11, 15, 195, 1, 14, 42, 1817 }, // U+0E23
    { 13, 20, 241, 1, 14, 65, 1859 }, // U+0E24
    { 12, 15, 228, 1, 14, 45, 1924 }, // U+0E25
    { 14, 20, 241, 0, 14, 70, 1969 }, // U+0E26
    { 11, 15, 197, 0, 14, 42, 2039 }, // U+0E27
    { 13, 15, 251, 2, 15, 49, 2081 }, // U+0E28
    { 14, 15, 256, 2, 14, 53, 2130 }, // U+0E29
    { 13, 16, 229, 1, 15, 52, 2183 }, // U+0E2A
    { 11, 14, 235, 2, 14, 39, 2235 }, // U+0E2B
    { 16, 18, 267, 1, 18, 72, 2274 }, // U+0E2C
    { 12, 15, 230, 1, 14, 45, 2346 }, // U+0E2D
    { 13, 16, 224, 1, 15, 52, 2391 }, // U+0E2E
    { 11, 14, 208, 0, 14, 39, 2443 }, // U+0E2F
    { 8, 12, 135, 0, 13, 24, 2482 }, // U+0E30
    { 11, 5, 0, -9, 20, 14, 2506 }, // U+0E31
    { 9, 14, 162, 0, 14, 32, 2520 }, // U+0E32
    { 16, 20, 162, -7, 20, 80, 2552 }, // U+0E33
    { 11, 3, 0, -13, 18, 9, 2632 }, // U+0E34
    { 11, 5, 0, -13, 20, 14, 2641 }, // U+0E35
    { 12, 5, 0, -13, 20, 15, 2655 }, // U+0E36
    { 11, 5, 0, -13, 20, 14, 2670 }, // U+0E37
    { 4, 6, 0, -6, -1, 6, 2684 }, // U+0E38
    { 8, 6, 0, -10, -1, 12, 2690 }, // U+0E39
    { 5, 4, 0, -6, -1, 5, 2702 }, // U+0E3A
    { 13, 21, 234, 1, 19, 69, 2707 }, // U+0E3F
    { 5, 15, 118, 2, 14, 19, 2776 }, // U+0E40
    { 12, 15, 227, 2, 14, 45, 2795 }, // U+0E41
    { 9, 22, 123, 0, 21, 50, 2840 }, // U+0E42
    { 7, 22, 116, 0, 21, 39, 2890 }, // U+0E43
    { 9, 22, 122, -1, 21, 50, 2929 }, // U+0E44
    { 9, 19, 162, 0, 14, 43, 2979 }, // U+0E45
    { 12, 20, 238, 1, 14, 60, 3022 }, // U+0E46
    { 10, 7, 0, -12, 22, 18, 3082 }, // U+0E47
    { 3, 7, 0, -5, 22, 6, 3100 }, // U+0E48
    { 9, 6, 0, -10, 21, 14, 3106 }, // U+0E49
    { 11, 6, 0, -11, 21, 17, 3120 }, // U+0E4A
    { 6, 7, 0, -8, 22, 11, 3137 }, // U+0E4B
    { 7, 4, 0, -7, 19, 7, 3148 }, // U+0E4C
    { 6, 5, 0, -7, 20, 8, 3155 }, // U+0E4D
    { 7, 6, 0, -7, 21, 11, 3163 }, // U+0E4E
    { 13, 13, 238, 1, 12, 43, 3174 }, // U+0E4F
    { 12, 13, 228, 1, 12, 39, 3217 }, // U+0E50
    { 12, 13, 218, 1, 12, 39, 3256 }, // U+0E51
    { 13, 16, 245, 1, 15, 52, 3295 }, // U+0E52
    { 12, 13, 224, 1, 12, 39, 3347 }, // U+0E53
    { 12, 15, 216, 1, 15, 45, 3386 }, // U+0E54
    { 12, 15, 216, 1, 15, 45, 3431 }, // U+0E55
    { 12, 16, 208, 0, 15, 48, 3476 }, // U+0E56
    { 16, 16, 288, 1, 15, 64, 3524 }, // U+0E57
    { 12, 16, 226, 1, 15, 48, 3588 }, // U+0E58
    { 12, 16, 202, 1, 15, 48, 3636 }, // U+0E59
    { 17, 15, 307, 0, 14, 64, 3684 }, // U+0E5A
    { 20, 10, 349, 1, 11, 50, 3748 }, // U+0E5B
    { 15, 24, 226, 0, 24, 90, 0 }, // U+1EF2
    { 13, 26, 204, 0, 20, 85, 90 }, // U+1EF3
    { 0, 0, 0, 0, 0, 0, 0 }, // U+200B
    { 2, 20, 0, -1, 16, 10, 0 }, // U+200C
    { 6, 22, 0, -3, 18, 33, 10 }, // U+200D
    { 7, 3, 129, 1, 8, 6, 43 }, // U+2010
    { 11, 3, 200, 1, 8, 9, 49 }, // U+2013
    { 23, 3, 400, 1, 8, 18, 58 }, // U+2014
    { 5, 7, 70, 0, 18, 9, 76 }, // U+2018
    { 5, 7, 70, 0, 18, 9, 85 }, // U+2019
    { 5, 7, 100, 0, 3, 9, 94 }, // U+201A
    { 9, 7, 144, 0, 18, 16, 103 }, // U+201C
    { 9, 7, 144, 0, 18, 16, 119 }, // U+201D
    { 10, 7, 166, 0, 3, 18, 135 }, // U+201E
    { 7, 7, 150, 1, 13, 13, 153 }, // U+2022
    { 17, 5, 316, 1, 4, 22, 166 }, // U+2026
    { 6, 11, 124, 1, 12, 17, 188 }, // U+2039
    { 7, 11, 124, 0, 12, 20, 205 }, // U+203A
    { 14, 20, 229, 0, 19, 70, 0 }, // U+20AC
    { 7, 3, 129, 1, 8, 6, 0 }, // U+2212
};

static const EpdUnicodeInterval notosansthai_12_regularIntervals[] = {
    { 0x0, 0x0, 0x0 },
    { 0xD, 0xD, 0x1 },
    { 0x20, 0x7E, 0x2 },
    { 0xA0, 0xA3, 0x61 },
    { 0xA5, 0xA5, 0x65 },
    { 0xA7, 0xAB, 0x66 },
    { 0xAE, 0xB0, 0x6B },
    { 0xB4, 0xB4, 0x6E },
    { 0xB6, 0xB8, 0x6F },
    { 0xBA, 0xBB, 0x72 },
    { 0xBF, 0x107, 0x74 },
    { 0x10A, 0x113, 0xBD },
    { 0x116, 0x11B, 0xC7 },
    { 0x11E, 0x123, 0xCD },
    { 0x126, 0x127, 0xD3 },
    { 0x12A, 0x12B, 0xD5 },
    { 0x12E, 0x131, 0xD7 },
    { 0x136, 0x137, 0xDB },
    { 0x139, 0x13E, 0xDD },
    { 0x141, 0x148, 0xE3 },
    { 0x14A, 0x14D, 0xEB },
    { 0x150, 0x15B, 0xEF },
    { 0x15E, 0x161, 0xFB },
    { 0x164, 0x165, 0xFF },
    { 0x16A, 0x17E, 0x101 },
    { 0x218, 0x21B, 0x116 },
    { 0x300, 0x304, 0x11A },
    { 0x306, 0x308, 0x11F },
    { 0x30A, 0x30C, 0x122 },
    { 0x312, 0x312, 0x125 },
    { 0x326, 0x328, 0x126 },
    { 0x331, 0x331, 0x129 },
    { 0xE01, 0xE3A, 0x12A },
    { 0xE3F, 0xE5B, 0x164 },
    { 0x1EF2, 0x1EF3, 0x181 },
    { 0x200B, 0x200D, 0x183 },
    { 0x2010, 0x2010, 0x186 },
    { 0x2013, 0x2014, 0x187 },
    { 0x2018, 0x201A, 0x189 },
    { 0x201C, 0x201E, 0x18C },
    { 0x2022, 0x2022, 0x18F },
    { 0x2026, 0x2026, 0x190 },
    { 0x2039, 0x203A, 0x191 },
    { 0x20AC, 0x20AC, 0x193 },
    { 0x2212, 0x2212, 0x194 },
};

static const EpdFontGroup notosansthai_12_regularGroups[] = {
    { 0, 2549, 5315, 97, 0 },
    { 2549, 1992, 5872, 84, 97 },
    { 4541, 2288, 7518, 97, 181 },
    { 6829, 170, 300, 4, 278 },
    { 6999, 154, 157, 16, 282 },
    { 7153, 2045, 4147, 87, 298 },
    { 9198, 126, 200, 2, 385 },
    { 9324, 206, 285, 16, 387 },
    { 9530, 68, 80, 1, 403 },
    { 9598, 8, 6, 1, 404 },
};

static const EpdKernClassEntry notosansthai_12_regularKernLeftClasses[] = {
    { 0x0022, 1 }, // "
    { 0x0026, 2 }, // &
    { 0x0027, 1 }, // '
    { 0x0028, 3 }, // (
    { 0x002C, 4 }, // ,
    { 0x002D, 5 }, // -
    { 0x002E, 4 }, // .
    { 0x0041, 6 }, // A
    { 0x0042, 7 }, // B
    { 0x0043, 8 }, // C
    { 0x0044, 9 }, // D
    { 0x0045, 10 }, // E
    { 0x0046, 11 }, // F
    { 0x004B, 8 }, // K
    { 0x004C, 12 }, // L
    { 0x004F, 9 }, // O
    { 0x0050, 13 }, // P
    { 0x0051, 9 }, // Q
    { 0x0052, 14 }, // R
    { 0x0054, 15 }, // T
    { 0x0055, 16 }, // U
    { 0x0056, 17 }, // V
    { 0x0057, 17 }, // W
    { 0x0058, 8 }, // X
    { 0x0059, 18 }, // Y
    { 0x005A, 19 }, // Z
    { 0x005B, 3 }, // [
    { 0x005F, 20 }, // _
    { 0x0061, 21 }, // a
    { 0x0062, 22 }, // b
    { 0x0063, 23 }, // c
    { 0x0065, 22 }, // e
    { 0x0066, 24 }, // f
    { 0x0068, 21 }, // h
    { 0x006D, 21 }, // m
    { 0x006E, 21 }, // n
    { 0x006F, 22 }, // o
    { 0x0070, 22 }, // p
    { 0x0072, 25 }, // r
    { 0x0074, 23 }, // t
    { 0x0076, 26 }, // v
    { 0x0077, 26 }, // w
    { 0x0078, 27 }, // x
    { 0x0079, 26 }, // y
    { 0x007B, 3 }, // {
    { 0x00A1, 28 }, // U+00A1
    { 0x00AB, 29 }, // U+00AB
    { 0x00BB, 30 }, // U+00BB
    { 0x00BF, 31 }, // U+00BF
    { 0x00C0, 6 }, // U+00C0
    { 0x00C1, 6 }, // U+00C1
    { 0x00C2, 6 }, // U+00C2
    { 0x00C3, 6 }, // U+00C3
    { 0x00C4, 6 }, // U+00C4
    { 0x00C5, 6 }, // U+00C5
    { 0x00C6, 10 }, // U+00C6
    { 0x00C7, 8 }, // U+00C7
    { 0x00C8, 10 }, // U+00C8
    { 0x00C9, 10 }, // U+00C9
    { 0x00CA, 10 }, // U+00CA
    { 0x00CB, 10 }, // U+00CB
    { 0x00D0, 9 }, // U+00D0
    { 0x00D2, 9 }, // U+00D2
    { 0x00D3, 9 }, // U+00D3
    { 0x00D4, 9 }, // U+00D4
    { 0x00D5, 9 }, // U+00D5
    { 0x00D6, 9 }, // U+00D6
    { 0x00D8, 9 }, // U+00D8
    { 0x00D9, 16 }, // U+00D9
    { 0x00DA, 16 }, // U+00DA
    { 0x00DB, 16 }, // U+00DB
    { 0x00DC, 16 }, // U+00DC
    { 0x00DD, 18 }, // U+00DD
    { 0x00DE, 13 }, // U+00DE
    { 0x00E0, 21 }, // U+00E0
    { 0x00E1, 21 }, // U+00E1
    { 0x00E2, 21 }, // U+00E2
    { 0x00E3, 21 }, // U+00E3
    { 0x00E4, 21 }, // U+00E4
    { 0x00E5, 21 }, // U+00E5
    { 0x00E6, 22 }, // U+00E6
    { 0x00E8, 22 }, // U+00E8
    { 0x00E9, 22 }, // U+00E9
    { 0x00EA, 22 }, // U+00EA
    { 0x00EB, 22 }, // U+00EB
    { 0x00EE, 32 }, // U+00EE
    { 0x00EF, 32 }, // U+00EF
    { 0x00F0, 22 }, // U+00F0
    { 0x00F2, 22 }, // U+00F2
    { 0x00F3, 22 }, // U+00F3
    { 0x00F4, 22 }, // U+00F4
    { 0x00F5, 22 }, // U+00F5
    { 0x00F6, 22 }, // U+00F6
    { 0x00F8, 22 }, // U+00F8
    { 0x00FD, 26 }, // U+00FD
    { 0x00FE, 22 }, // U+00FE
    { 0x00FF, 26 }, // U+00FF
    { 0x0100, 6 }, // U+0100
    { 0x0101, 21 }, // U+0101
    { 0x0102, 6 }, // U+0102
    { 0x0103, 21 }, // U+0103
    { 0x0104, 33 }, // U+0104
    { 0x0105, 21 }, // U+0105
    { 0x0106, 8 }, // U+0106
    { 0x010A, 8 }, // U+010A
    { 0x010C, 8 }, // U+010C
    { 0x010E, 9 }, // U+010E
    { 0x010F, 34 }, // U+010F
    { 0x0110, 9 }, // U+0110
    { 0x0112, 10 }, // U+0112
    { 0x0113, 22 }, // U+0113
    { 0x0116, 10 }, // U+0116
    { 0x0117, 22 }, // U+0117
    { 0x0118, 10 }, // U+0118
    { 0x0119, 22 }, // U+0119
    { 0x011A, 10 }, // U+011A
    { 0x011B, 22 }, // U+011B
    { 0x012B, 32 }, // U+012B
    { 0x012E, 35 }, // U+012E
    { 0x0136, 8 }, // U+0136
    { 0x0139, 12 }, // U+0139
    { 0x013B, 12 }, // U+013B
    { 0x013D, 12 }, // U+013D
    { 0x013E, 34 }, // U+013E
    { 0x0141, 12 }, // U+0141
    { 0x0144, 21 }, // U+0144
    { 0x0146, 21 }, // U+0146
    { 0x014B, 21 }, // U+014B
    { 0x014C, 9 }, // U+014C
    { 0x014D, 22 }, // U+014D
    { 0x0150, 9 }, // U+0150
    { 0x0151, 22 }, // U+0151
    { 0x0152, 10 }, // U+0152
    { 0x0153, 22 }, // U+0153
    { 0x0155, 25 }, // U+0155
    { 0x0157, 25 }, // U+0157
    { 0x0159, 25 }, // U+0159
    { 0x0164, 15 }, // U+0164
    { 0x0165, 23 }, // U+0165
    { 0x016A, 16 }, // U+016A
    { 0x016C, 16 }, // U+016C
    { 0x016E, 16 }, // U+016E
    { 0x0170, 16 }, // U+0170
    { 0x0172, 16 }, // U+0172
    { 0x0174, 17 }, // U+0174
    { 0x0175, 26 }, // U+0175
    { 0x0176, 18 }, // U+0176
    { 0x0177, 26 }, // U+0177
    { 0x0178, 18 }, // U+0178
    { 0x0179, 19 }, // U+0179
    { 0x017B, 19 }, // U+017B
    { 0x017D, 19 }, // U+017D
    { 0x021A, 15 }, // U+021A
    { 0x021B, 23 }, // U+021B
    { 0x0E40, 36 }, // U+0E40
    { 0x0E41, 36 }, // U+0E41
    { 0x0E42, 36 }, // U+0E42
    { 0x0E43, 36 }, // U+0E43
    { 0x0E44, 36 }, // U+0E44
    { 0x0E50, 37 }, // U+0E50
    { 0x0E51, 37 }, // U+0E51
    { 0x0E54, 38 }, // U+0E54
    { 0x0E55, 38 }, // U+0E55
    { 0x0E59, 39 }, // U+0E59
    { 0x1EF2, 18 }, // U+1EF2
    { 0x1EF3, 26 }, // U+1EF3
    { 0x2013, 5 }, // U+2013
    { 0x2014, 5 }, // U+2014
    { 0x2018, 1 }, // U+2018
    { 0x2019, 1 }, // U+2019
    { 0x201A, 4 }, // U+201A
    { 0x201C, 1 }, // U+201C
    { 0x201D, 1 }, // U+201D
    { 0x201E, 4 }, // U+201E
    { 0x2039, 29 }, // U+2039
    { 0x203A, 30 }, // U+203A
};

static const EpdKernClassEntry notosansthai_12_regularKernRightClasses[] = {
    { 0x0022, 1 }, // "
    { 0x0026, 2 }, // &
    { 0x0027, 1 }, // '
    { 0x0029, 3 }, // )
    { 0x002C, 4 }, // ,
    { 0x002D, 5 }, // -
    { 0x002E, 4 }, // .
    { 0x003F, 6 }, // ?
    { 0x0041, 7 }, // A
    { 0x0043, 8 }, // C
    { 0x0047, 8 }, // G
    { 0x004A, 9 }, // J
    { 0x004F, 8 }, // O
    { 0x0051, 8 }, // Q
    { 0x0054, 10 }, // T
    { 0x0055, 11 }, // U
    { 0x0056, 12 }, // V
    { 0x0057, 12 }, // W
    { 0x0058, 13 }, // X
    { 0x0059, 14 }, // Y
    { 0x005A, 15 }, // Z
    { 0x005D, 3 }, // ]
    { 0x0061, 16 }, // a
    { 0x0062, 17 }, // b
    { 0x0063, 18 }, // c
    { 0x0064, 18 }, // d
    { 0x0065, 18 }, // e
    { 0x0067, 19 }, // g
    { 0x0068, 17 }, // h
    { 0x006A, 20 }, // j
    { 0x006B, 17 }, // k
    { 0x006C, 17 }, // l
    { 0x006D, 21 }, // m
    { 0x006E, 21 }, // n
    { 0x006F, 18 }, // o
    { 0x0070, 21 }, // p
    { 0x0071, 18 }, // q
    { 0x0072, 21 }, // r
    { 0x0073, 22 }, // s
    { 0x0075, 21 }, // u
    { 0x0076, 23 }, // v
    { 0x0077, 23 }, // w
    { 0x0078, 23 }, // x
    { 0x0079, 23 }, // y
    { 0x007A, 24 }, // z
    { 0x007D, 3 }, // }
    { 0x00AB, 25 }, // U+00AB
    { 0x00BB, 26 }, // U+00BB
    { 0x00C0, 7 }, // U+00C0
    { 0x00C1, 7 }, // U+00C1
    { 0x00C2, 7 }, // U+00C2
    { 0x00C3, 7 }, // U+00C3
    { 0x00C4, 7 }, // U+00C4
    { 0x00C5, 7 }, // U+00C5
    { 0x00C6, 27 }, // U+00C6
    { 0x00C7, 8 }, // U+00C7
    { 0x00D2, 8 }, // U+00D2
    { 0x00D3, 8 }, // U+00D3
    { 0x00D4, 8 }, // U+00D4
    { 0x00D5, 8 }, // U+00D5
    { 0x00D6, 8 }, // U+00D6
    { 0x00D8, 8 }, // U+00D8
    { 0x00D9, 11 }, // U+00D9
    { 0x00DA, 11 }, // U+00DA
    { 0x00DB, 11 }, // U+00DB
    { 0x00DC, 11 }, // U+00DC
    { 0x00DD, 14 }, // U+00DD
    { 0x00E0, 18 }, // U+00E0
    { 0x00E1, 16 }, // U+00E1
    { 0x00E2, 16 }, // U+00E2
    { 0x00E3, 16 }, // U+00E3
    { 0x00E4, 16 }, // U+00E4
    { 0x00E5, 16 }, // U+00E5
    { 0x00E6, 16 }, // U+00E6
    { 0x00E7, 18 }, // U+00E7
    { 0x00E8, 18 }, // U+00E8
    { 0x00E9, 18 }, // U+00E9
    { 0x00EA, 18 }, // U+00EA
    { 0x00EB, 18 }, // U+00EB
    { 0x00F2, 18 }, // U+00F2
    { 0x00F3, 18 }, // U+00F3
    { 0x00F4, 18 }, // U+00F4
    { 0x00F5, 18 }, // U+00F5
    { 0x00F6, 18 }, // U+00F6
    { 0x00F8, 18 }, // U+00F8
    { 0x00F9, 21 }, // U+00F9
    { 0x00FA, 21 }, // U+00FA
    { 0x00FB, 21 }, // U+00FB
    { 0x00FC, 21 }, // U+00FC
    { 0x00FD, 23 }, // U+00FD
    { 0x00FE, 17 }, // U+00FE
    { 0x00FF, 23 }, // U+00FF
    { 0x0100, 7 }, // U+0100
    { 0x0101, 16 }, // U+0101
    { 0x0102, 7 }, // U+0102
    { 0x0103, 16 }, // U+0103
    { 0x0104, 7 }, // U+0104
    { 0x0105, 16 }, // U+0105
    { 0x0106, 8 }, // U+0106
    { 0x0107, 18 }, // U+0107
    { 0x010A, 8 }, // U+010A
    { 0x010B, 18 }, // U+010B
    { 0x010C, 8 }, // U+010C
    { 0x010D, 18 }, // U+010D
    { 0x010F, 18 }, // U+010F
    { 0x0111, 18 }, // U+0111
    { 0x0113, 18 }, // U+0113
    { 0x0117, 18 }, // U+0117
    { 0x0119, 18 }, // U+0119
    { 0x011B, 18 }, // U+011B
    { 0x011E, 8 }, // U+011E
    { 0x011F, 19 }, // U+011F
    { 0x0120, 8 }, // U+0120
    { 0x0121, 19 }, // U+0121
    { 0x0122, 8 }, // U+0122
    { 0x0123, 19 }, // U+0123
    { 0x0127, 28 }, // U+0127
    { 0x0137, 17 }, // U+0137
    { 0x013A, 17 }, // U+013A
    { 0x013C, 17 }, // U+013C
    { 0x013E, 17 }, // U+013E
    { 0x0144, 21 }, // U+0144
    { 0x0146, 21 }, // U+0146
    { 0x014B, 21 }, // U+014B
    { 0x014C, 8 }, // U+014C
    { 0x014D, 18 }, // U+014D
    { 0x0150, 8 }, // U+0150
    { 0x0151, 18 }, // U+0151
    { 0x0152, 8 }, // U+0152
    { 0x0153, 18 }, // U+0153
    { 0x0155, 21 }, // U+0155
    { 0x0157, 21 }, // U+0157
    { 0x015B, 22 }, // U+015B
    { 0x015F, 22 }, // U+015F
    { 0x0164, 10 }, // U+0164
    { 0x016A, 11 }, // U+016A
    { 0x016B, 21 }, // U+016B
    { 0x016C, 11 }, // U+016C
    { 0x016D, 21 }, // U+016D
    { 0x016E, 11 }, // U+016E
    { 0x016F, 21 }, // U+016F
    { 0x0170, 11 }, // U+0170
    { 0x0171, 21 }, // U+0171
    { 0x0172, 11 }, // U+0172
    { 0x0173, 21 }, // U+0173
    { 0x0174, 12 }, // U+0174
    { 0x0175, 23 }, // U+0175
    { 0x0176, 14 }, // U+0176
    { 0x0177, 23 }, // U+0177
    { 0x0178, 14 }, // U+0178
    { 0x0179, 15 }, // U+0179
    { 0x017A, 24 }, // U+017A
    { 0x017B, 15 }, // U+017B
    { 0x017C, 24 }, // U+017C
    { 0x017D, 15 }, // U+017D
    { 0x017E, 24 }, // U+017E
    { 0x0219, 22 }, // U+0219
    { 0x021A, 10 }, // U+021A
    { 0x0E02, 29 }, // U+0E02
    { 0x0E03, 29 }, // U+0E03
    { 0x0E04, 30 }, // U+0E04
    { 0x0E05, 30 }, // U+0E05
    { 0x0E06, 30 }, // U+0E06
    { 0x0E07, 31 }, // U+0E07
    { 0x0E08, 32 }, // U+0E08
    { 0x0E09, 30 }, // U+0E09
    { 0x0E0A, 29 }, // U+0E0A
    { 0x0E0B, 29 }, // U+0E0B
    { 0x0E0C, 33 }, // U+0E0C
    { 0x0E0D, 33 }, // U+0E0D
    { 0x0E10, 32 }, // U+0E10
    { 0x0E11, 30 }, // U+0E11
    { 0x0E12, 30 }, // U+0E12
    { 0x0E13, 33 }, // U+0E13
    { 0x0E14, 30 }, // U+0E14
    { 0x0E15, 30 }, // U+0E15
    { 0x0E16, 33 }, // U+0E16
    { 0x0E18, 34 }, // U+0E18
    { 0x0E19, 35 }, // U+0E19
    { 0x0E1A, 30 }, // U+0E1A
    { 0x0E1B, 30 }, // U+0E1B
    { 0x0E1E, 34 }, // U+0E1E
    { 0x0E1F, 34 }, // U+0E1F
    { 0x0E22, 32 }, // U+0E22
    { 0x0E23, 30 }, // U+0E23
    { 0x0E24, 33 }, // U+0E24
    { 0x0E25, 30 }, // U+0E25
    { 0x0E27, 30 }, // U+0E27
    { 0x0E28, 30 }, // U+0E28
    { 0x0E29, 30 }, // U+0E29
    { 0x0E2A, 30 }, // U+0E2A
    { 0x0E2C, 34 }, // U+0E2C
    { 0x0E2D, 30 }, // U+0E2D
    { 0x0E2E, 30 }, // U+0E2E
    { 0x0E50, 36 }, // U+0E50
    { 0x0E51, 36 }, // U+0E51
    { 0x0E54, 37 }, // U+0E54
    { 0x0E55, 37 }, // U+0E55
    { 0x0E56, 38 }, // U+0E56
    { 0x0E58, 39 }, // U+0E58
    { 0x1EF2, 14 }, // U+1EF2
    { 0x2013, 5 }, // U+2013
    { 0x2014, 5 }, // U+2014
    { 0x2019, 1 }, // U+2019
    { 0x201A, 4 }, // U+201A
    { 0x201D, 1 }, // U+201D
    { 0x201E, 4 }, // U+201E
    { 0x2026, 4 }, // U+2026
    { 0x2039, 25 }, // U+2039
    { 0x203A, 26 }, // U+203A
};

static const int8_t notosansthai_12_regularKernMatrix[] = {
       0,    0,    0,    0,    0,    0,  -28,    0,    0,    8,    0,    8,    0,    4,    0,  -16,    0,  -24,  -12,    0,  -12,  -12,    0,    0,    0,    0,  -32,    0,    0,    0,    0,    0,    0,    0,    0,    0,    0,    0,    0,
       0,    0,    0,    0,    0,    0,    0,    0,    0,  -24,    0,   -8,    0,  -12,    0,    0,    0,    0,    0,    0,    0,    0,    0,    0,    0,    0,    0,    0,    0,    0,    0,    0,    0,    0,    0,    0,    0,    0,    0,
       0,    0,    0,    0,    0,    0,    0,    0,   36,    0,    0,    0,    0,    0,    0,    0,    0,    0,    0,   16,    0,    0,    0,    0,    0,    0,    0,    0,    0,    0,    0,    0,    0,    0,    0,    0,    0,    0,    0,
       0,    0,    0,    0,    0,    0,    0,  -20,    0,  -28,   -8,  -24,    0,  -24,    0,    0,    0,    0,    0,    0,    0,    0,    0,    0,    0,    0,    0,    0,    0,    0,    0,    0,    0,    0,    0,    0,    0,    0,    0,
       0,    0,    0,    0,    0,    0,    0,    0,    0,  -16,    0,    0,    0,    0,    0,    0,    0,    0,    0,    0,    0,    0,    0,    0,    0,    0,    0,    0,    0,    0,    0,    0,    0,    0,    0,    0,    0,    0,    0,
     -28,    0,    0,    0,    0,    0,    0,   -8,   20,  -28,    0,  -16,    0,  -24,    0,    0,    0,    0,    0,    0,    0,    0,    0,    0,    0,    0,    0,    0,    0,    0,    0,    0,    0,    0,    0,    0,    0,    0,    0,
       0,    0,    0,   -4,    0,    0,    0,    0,    0,    0,    0,    0,    0,    0,    0,    0,    0,    0,    0,    0,    0,    0,    0,    0,    0,    0,    0,    0,    0,    0,    0,    0,    0,    0,    0,    0,    0,    0,    0,
       0,    0,    0,    0,    0,    0,    0,   -8,    0,    0,    0,    0,    0,    0,    0,    0,    0,    0,    0,    0,    0,    0,    0,    0,   -8,    0,    0,    0,    0,    0,    0,    0,    0,    0,    0,    0,    0,    0,    0,
       0,    0,    0,  -16,    0,    0,   -8,    0,    0,  -12,    0,   -4,   -8,   -4,   -4,    0,    0,    0,    0,    0,    0,    0,    0,    0,    0,    0,    0,    0,    0,    0,    0,    0,    0,    0,    0,    0,    0,    0,    0,
       0,    0,    0,    0,    0,    0,    0,    0,   24,    0,    0,    0,    0,    0,    0,    0,    0,    0,    0,    0,    0,    0,    0,    0,    0,    0,    0,    0,    0,    0,    0,    0,    0,    0,    0,    0,    0,    0,    0,
       0,    0,    8,  -24,    0,    8,   -8,    0,    0,    0,    0,    0,    0,    0,    0,    0,    0,    0,    0,    0,    0,    0,    0,    0,    0,    0,    0,    0,    0,    0,    0,    0,    0,    0,    0,    0,    0,    0,    0,
     -32,    0,    0,    0,    0,    0,    0,   -8,    0,   -8,   -4,   -8,    0,  -12,    0,    0,    0,    0,    0,    0,    0,    0,    0,    0,    0,    0,    0,    0,    0,    0,    0,    0,    0,    0,    0,    0,    0,    0,    0,
       0,   -4,    0,  -52,    0,    0,  -20,    0,    0,    0,    0,    0,   -8,    0,   -4,    0,    0,    0,    0,    0,    0,    0,    0,    0,   -8,    0,  -12,    0,    0,    0,    0,    0,    0,    0,    0,    0,    0,    0,    0,
       0,    0,    0,    0,    0,    0,    0,    0,    0,    0,    0,    0,    0,    0,    0,    0,    0,    0,    0,    0,    0,    0,    0,    0,   -4,    0,    0,    0,    0,    0,    0,    0,    0,    0,    0,    0,    0,    0,    0,
       0,   -8,    0,  -24,  -16,    8,  -28,   -8,    0,    8,    0,    0,    0,    0,    0,  -32,    0,  -28,  -28,    0,  -20,  -24,   -8,  -16,  -24,  -12,    0,    0,    0,    0,    0,    0,    0,    0,    0,    0,    0,    0,    0,
       0,    0,    0,   -8,    0,    0,   -4,    0,    0,    0,    0,    0,    0,    0,    0,    0,    0,    0,    0,    0,    0,    0,    0,    0,    0,    0,    0,    0,    0,    0,    0,    0,    0,    0,    0,    0,    0,    0,    0,
       0,    0,    0,  -20,    0,    8,  -16,   -4,    0,    0,    0,    0,    0,    0,    0,   -8,    0,   -8,   -4,    0,   -4,   -4,    0,    0,  -12,   -4,    0,    0,    0,    0,    0,    0,    0,    0,    0,    0,    0,    0,    0,
       0,  -12,    0,  -24,    0,    8,  -24,   -8,    0,    0,    0,    0,    0,    0,    0,  -20,    0,  -20,  -20,    0,  -12,  -16,    0,   -8,  -32,  -12,    0,    0,    0,    0,    0,    0,    0,    0,    0,    0,    0,    0,    0,
       0,    0,    0,    0,    0,    0,    0,   -4,    0,    0,    0,    0,    0,    0,    0,    0,    0,    0,    0,    0,    0,    0,    0,    0,   -8,    0,    0,    0,    0,    0,    0,    0,    0,    0,    0,    0,    0,    0,    0,
       0,    0,    0,    0,    0,    0,    0,    0,   38,    0,    0,    0,    0,    0,    0,    0,    0,    0,    0,    0,    0,    0,    0,    0,    0,    0,    0,    0,    0,    0,    0,    0,    0,    0,    0,    0,    0,    0,    0,
      -4,    0,    0,    0,    0,    0,    0,    0,    0,    0,    0,    0,    0,    0,    0,    0,    0,    0,    0,    0,    0,    0,    0,    0,    0,    0,    0,    0,    0,    0,    0,    0,    0,    0,    0,    0,    0,    0,    0,
      -4,    0,    0,    0,    0,    0,    0,    0,    0,    0,    0,    0,    0,    0,    0,    0,    0,    0,    0,    0,    0,    0,   -8,   -4,    0,    0,    0,    0,    0,    0,    0,    0,    0,    0,    0,    0,    0,    0,    0,
       8,    0,    0,    0,    0,    0,    0,    0,    0,    0,    0,    0,    0,    0,    0,    0,    0,    0,    0,    0,    0,    0,    0,    0,    0,    0,    0,    0,    0,    0,    0,    0,    0,    0,    0,    0,    0,    0,    0,
      24,    0,   16,   -8,    0,    0,    0,    0,    0,    0,    0,    0,    0,    0,    0,    0,    0,    0,    0,    0,    0,    0,    0,    0,    0,    0,    0,    0,    0,    0,    0,    0,    0,    0,    0,    0,    0,    0,    0,
      16,    0,    0,  -64,    0,    0,    0,    0,    0,    0,    0,    0,    0,    0,    0,   -8,    0,   -8,   -4,    0,    0,    0,    0,    0,    0,    0,    0,    0,    0,    0,    0,    0,    0,    0,    0,    0,    0,    0,    0,
      16,    0,    0,  -16,    0,    8,    0,    0,    0,    0,    0,    0,    0,    0,    0,    0,    0,    0,    0,    0,    0,    0,    0,    0,    0,    0,    0,    0,    0,    0,    0,    0,    0,    0,    0,    0,    0,    0,    0,
       0,    0,    0,    0,    0,    0,    0,    0,    0,    0,    0,    0,    0,    0,    0,    0,    0,   -8,    0,    0,    0,    0,    0,    0,    0,    0,    0,    0,    0,    0,    0,    0,    0,    0,    0,    0,    0,    0,    0,
       0,    0,    0,    0,    0,    0,    0,    0,   20,   -8,    0,   -4,    0,  -12,    0,    0,    0,    0,    0,    0,    0,    0,    0,    0,    0,    0,    0,    0,    0,    0,    0,    0,    0,    0,    0,    0,    0,    0,    0,
       0,    0,    0,    0,    0,    0,    0,    0,    0,  -12,    0,   -4,    0,  -12,    0,    0,    0,    0,    0,    0,    0,    0,    0,    0,    0,    0,    0,    0,    0,    0,    0,    0,    0,    0,    0,    0,    0,    0,    0,
       0,    0,    0,    0,    0,    0,    0,    0,    0,  -24,    0,  -12,   -8,  -32,    0,    0,    0,    0,    0,    0,    0,    0,    0,    0,    0,    0,    0,    0,    0,    0,    0,    0,    0,    0,    0,    0,    0,    0,    0,
       0,    0,    0,    0,    0,    0,    0,    0,   40,  -16,    0,  -12,    0,  -16,    0,    0,    0,    0,    0,    0,    0,    0,    0,    0,    0,    0,    0,    0,    0,    0,    0,    0,    0,    0,    0,    0,    0,    0,    0,
       0,    0,   20,    0,    0,    0,    0,    0,    0,    0,    0,    0,    0,    0,    0,    0,    0,    0,    0,    0,    0,    0,    0,    0,    0,    0,    0,    0,    0,    0,    0,    0,    0,    0,    0,    0,    0,    0,    0,
     -28,    0,    0,    0,    0,    0,    0,   -8,   44,  -28,    0,  -16,    0,  -24,    0,    0,    0,    0,    0,    0,    0,    0,    0,    0,    0,    0,    0,    0,    0,    0,    0,    0,    0,    0,    0,    0,    0,    0,    0,
      16,    0,   28,    0,    0,   32,    0,    0,    0,    0,    0,    0,    0,    0,    0,    0,   12,    0,    0,    0,    0,    0,    0,    0,    0,    0,    0,   28,    0,    0,    0,    0,    0,    0,    0,    0,    0,    0,    0,
       0,    0,    0,    0,    0,    0,    0,    0,   20,    0,    0,    0,    0,    0,    0,    0,    0,    0,    0,    0,    0,    0,    0,    0,    0,    0,    0,    0,    0,    0,    0,    0,    0,    0,    0,    0,    0,    0,    0,
       0,    0,    0,    0,    0,    0,    0,    0,    0,    0,    0,    0,    0,    0,    0,    0,    0,    0,    0,    0,    0,    0,    0,    0,    0,    0,    0,    0,   -5,   -4,  -16,  -12,   -6,   -8,   -2,    0,    0,    0,    0,
       0,    0,    0,    0,    0,    0,    0,    0,    0,    0,    0,    0,    0,    0,    0,    0,    0,    0,    0,    0,    0,    0,    0,    0,    0,    0,    0,    0,    0,    0,    0,    0,    0,    0,    0,    0,    0,   -8,    0,
       0,    0,    0,    0,    0,    0,    0,    0,    0,    0,    0,    0,    0,    0,    0,    0,    0,    0,    0,    0,    0,    0,    0,    0,    0,    0,    0,    0,    0,    0,    0,    0,    0,    0,    0,   -8,    0,    0,   -4,
       0,    0,    0,    0,    0,    0,    0,    0,    0,    0,    0,    0,    0,    0,    0,    0,    0,    0,    0,    0,    0,    0,    0,    0,    0,    0,    0,    0,    0,    0,    0,    0,    0,    0,    0,   -4,   -4,    4,   -4,
};

static const EpdFontData notosansthai_12_regular = {
    notosansthai_12_regularBitmaps,
    notosansthai_12_regularGlyphs,
    notosansthai_12_regularIntervals,
    45,
    38,
    27,
    -12,
    true,
    notosansthai_12_regularGroups,
    10,
    nullptr,
    notosansthai_12_regularKernLeftClasses,
    notosansthai_12_regularKernRightClasses,
    notosansthai_12_regularKernMatrix,
    176,
    210,
    39,
    39,
    nullptr,
    0,
};
