/**
 * generated by fontconvert.py
 * name: notoserif_18_bolditalic
 * size: 18
 * mode: 2-bit  compressed: true
 * Command used: fontconvert.py notoserif_18_bolditalic 18 ../builtinFonts/source/NotoSerif/NotoSerif-BoldItalic.ttf --2bit --compress --pnum --zopfli
 */
#pragma once
#include "EpdFontData.h"

static const uint8_t notoserif_18_bolditalicBitmaps[53422] = {
    0xB5, 0x5B, 0x45, 0x98, 0xE4, 0x48, 0x76, 0x0E, 0xA5, 0x66, 0x5B, 0xDF, 0xB7, 0x3A, 0xC8, 0x4C,
    0x0B, 0x32, 0x5D, 0x16, 0x75, 0x36, 0x4C, 0x85, 0xCC, 0xCC, 0xCC, 0x78, 0x31, 0xD6, 0xD1, 0xD8,
    0x2D, 0x99, 0x99, 0xED, 0xB3, 0x99, 0x7A, 0x0E, 0x65, 0xC6, 0xEE, 0x91, 0xD6, 0xCC, 0x96, 0x99,
    0x6D, 0x0D, 0x98, 0xA1, 0x63, 0x77, 0x34, 0x3B, 0xAA, 0x9E, 0x90, 0x9E, 0xDF, 0xFF, 0x3F, 0x75,
    0xA9, 0xCA, 0x5D, 0xB5, 0xDD, 0xA6, 0xCC, 0xD4, 0xFF, 0x47, 0x66, 0x46, 0xBE, 0x78, 0x14, 0x11,
    0x4F, 0x52, 0x95, 0x2B, 0xC4, 0xB9, 0x12, 0xC7, 0xEA, 0x5C, 0x15, 0xED, 0xF0, 0xB3, 0x1E, 0x61,
    0x3B, 0x46, 0xE7, 0x9A, 0xDE, 0x8E, 0xAE, 0xD5, 0xC3, 0x39, 0x27, 0x7A, 0xAC, 0x7A, 0xC4, 0xED,
    0xD0, 0xEE, 0x49, 0x70, 0x67, 0x8F, 0x3C, 0x6C, 0x62, 0xEC, 0xA0, 0xB8, 0x5C, 0xC5, 0x94, 0x4B,
    0xB9, 0x54, 0xB1, 0x8C, 0xD5, 0x54, 0xCE, 0x55, 0xA8, 0x26, 0x3F, 0x56, 0xC1, 0x0F, 0xD5, 0xE0,
    0x7B, 0x7D, 0xB6, 0xFA, 0x74, 0xBE, 0xD6, 0xC3, 0x5D, 0x77, 0x47, 0x4E, 0x25, 0x40, 0xAC, 0x3B,
    0x4A, 0x26, 0xC5, 0xEB, 0x07, 0x88, 0xBF, 0x95, 0x8E, 0x18, 0x30, 0x1B, 0x14, 0xA7, 0xBC, 0xC7,
    0xA0, 0x45, 0xEB, 0x72, 0xD1, 0xC7, 0x86, 0x2F, 0x3C, 0xF9, 0x97, 0xEE, 0xA6, 0x0E, 0xD6, 0x43,
    0x40, 0xD1, 0x5E, 0x57, 0x2C, 0xEB, 0x5B, 0x67, 0xC2, 0x3C, 0x85, 0x3D, 0x0A, 0x61, 0x9F, 0x2D,
    0x8F, 0xDD, 0xFD, 0x1E, 0x87, 0x1F, 0x85, 0x0D, 0x93, 0xA9, 0x50, 0x91, 0x07, 0x88, 0x74, 0x69,
    0x28, 0x6B, 0xC5, 0xA1, 0xD2, 0xEE, 0x59, 0xEF, 0xDD, 0x25, 0x22, 0xF1, 0x78, 0x15, 0xF1, 0x51,
    0xE2, 0xBB, 0x02, 0x8E, 0xE5, 0x69, 0xFD, 0x99, 0xC8, 0xAA, 0x5D, 0x97, 0x5F, 0x94, 0x56, 0x3D,
    0xF8, 0x5A, 0xE9, 0x9D, 0x1F, 0x82, 0x62, 0xF3, 0x9A, 0xA0, 0x0E, 0xEC, 0xFE, 0x60, 0xBC, 0xA1,
    0x5E, 0x7C, 0x1D, 0x8C, 0x68, 0x9E, 0xEF, 0xA1, 0x95, 0x00, 0x2B, 0x19, 0x31, 0x80, 0x2C, 0x8A,
    0x07, 0x91, 0x16, 0x5F, 0x6F, 0x1F, 0x05, 0x8C, 0x29, 0xB3, 0x4B, 0xDA, 0x57, 0xAB, 0x3B, 0xCB,
    0xFE, 0xD1, 0x32, 0xAA, 0xC8, 0x77, 0x2D, 0x14, 0xC7, 0x77, 0x2D, 0x66, 0x1D, 0xE4, 0x0B, 0x8B,
    0xC9, 0x55, 0xF3, 0xCF, 0x55, 0xA3, 0xF6, 0x7E, 0x56, 0x7A, 0xAA, 0x40, 0x75, 0xBE, 0x55, 0x31,
    0x19, 0x1D, 0x64, 0x0E, 0xC0, 0xD4, 0xB0, 0xE7, 0x27, 0x35, 0x30, 0x5B, 0x6B, 0x35, 0x17, 0x83,
    0x0D, 0x6A, 0xA4, 0x4B, 0xE4, 0x4E, 0x70, 0xA5, 0x7E, 0xB4, 0x64, 0x33, 0xC2, 0x90, 0xCF, 0xE9,
    0x8C, 0x18, 0x17, 0x21, 0x8D, 0xF0, 0x5E, 0x35, 0xA6, 0x33, 0xC2, 0xE0, 0x87, 0x6C, 0x86, 0xBF,
    0x7C, 0x9F, 0x4F, 0x55, 0x0D, 0x2E, 0x02, 0x3C, 0xD4, 0xF4, 0xC5, 0x18, 0xF3, 0x55, 0xDF, 0x57,
    0xBF, 0x34, 0x75, 0xA2, 0x91, 0x6D, 0xDE, 0xE7, 0xC9, 0xA5, 0x18, 0xAB, 0x3F, 0x58, 0x8B, 0x5F,
    0x9F, 0x8B, 0x50, 0xC8, 0x54, 0x15, 0x21, 0x0F, 0x89, 0xB4, 0x37, 0xAA, 0x31, 0x47, 0x3C, 0x22,
    0x64, 0xC0, 0xF3, 0x90, 0xA1, 0x0A, 0x0D, 0x4D, 0x0B, 0x2E, 0xFA, 0x8E, 0xEC, 0x5D, 0x57, 0x97,
    0x83, 0xE6, 0x80, 0xB2, 0xD7, 0x11, 0x67, 0x70, 0x0B, 0x9D, 0x9B, 0x56, 0x54, 0xC1, 0xC1, 0xF9,
    0x5F, 0x52, 0x05, 0xCB, 0x56, 0x7D, 0xC4, 0xEE, 0xEE, 0xB0, 0xC2, 0xB2, 0x6B, 0x82, 0x90, 0xC3,
    0xBD, 0x52, 0x83, 0xE5, 0x79, 0xFA, 0x39, 0x95, 0xBE, 0x19, 0xC9, 0xAE, 0x0A, 0xB0, 0x5F, 0x79,
    0xDC, 0x78, 0xB0, 0xCF, 0x7D, 0x6F, 0xDC, 0x38, 0x78, 0x4F, 0xDE, 0x6D, 0xA2, 0x1C, 0xF9, 0xAB,
    0xDA, 0x4B, 0xAB, 0xB1, 0x51, 0x87, 0xAB, 0xC4, 0x4A, 0x23, 0xD5, 0xAC, 0x2E, 0x41, 0xDA, 0x75,
    0xC8, 0xC2, 0xF7, 0x91, 0x5E, 0xD4, 0x3F, 0xCB, 0x41, 0xC6, 0x85, 0x39, 0x2F, 0xAF, 0x57, 0x05,
    0x9A, 0xE0, 0x3C, 0xD4, 0xEA, 0xD4, 0xAB, 0x32, 0x92, 0x73, 0xE9, 0xC9, 0xA9, 0x0C, 0xE4, 0x84,
    0x6A, 0xCF, 0xFA, 0x1E, 0xD3, 0x6F, 0xD5, 0x7E, 0x82, 0xA8, 0xFF, 0xAB, 0x7C, 0x8B, 0xCC, 0x48,
    0x85, 0x98, 0xF3, 0x0B, 0x69, 0x53, 0x0C, 0x1D, 0xFD, 0xEC, 0x83, 0x3E, 0x6D, 0xD6, 0xD4, 0x5E,
    0x83, 0x74, 0x9D, 0x7A, 0x02, 0x1A, 0x33, 0x44, 0x7B, 0xC3, 0xF6, 0x6E, 0x80, 0x19, 0xAD, 0xFA,
    0x68, 0xC5, 0x47, 0x11, 0x1D, 0x60, 0x8B, 0x04, 0x98, 0xC5, 0x2F, 0x7B, 0xF4, 0x6F, 0x31, 0x9C,
    0xDB, 0xA0, 0x64, 0xDF, 0x05, 0x8E, 0x8B, 0x17, 0xA0, 0x99, 0xCF, 0x60, 0xBA, 0x00, 0xFE, 0x0C,
    0x38, 0x6A, 0x19, 0x21, 0x0A, 0x90, 0xAD, 0xCC, 0x65, 0x07, 0x55, 0x7A, 0x7C, 0x33, 0x9C, 0xE5,
    0x21, 0x35, 0xAE, 0xF1, 0x76, 0x82, 0xAF, 0xD1, 0xD1, 0x59, 0xCE, 0x8F, 0x10, 0xC6, 0x8C, 0x9F,
    0x29, 0x07, 0xB0, 0x00, 0xD0, 0x27, 0x17, 0x03, 0xEA, 0xBA, 0xC3, 0x83, 0xF4, 0xA7, 0xD6, 0xDD,
    0x65, 0xA6, 0xD7, 0x9B, 0x60, 0x73, 0x0E, 0xBF, 0xEC, 0xCF, 0xBB, 0xB0, 0x81, 0xB6, 0x3F, 0xEF,
    0xF6, 0xC7, 0x0F, 0xC2, 0xD3, 0x9D, 0x76, 0x69, 0x31, 0xC7, 0xC7, 0x88, 0x7E, 0x31, 0x73, 0xD9,
    0x32, 0x35, 0xB5, 0xCE, 0x67, 0x69, 0x5F, 0x7E, 0x22, 0xD2, 0x37, 0x98, 0x7E, 0xFE, 0x1F, 0xEE,
    0x8C, 0xEE, 0x28, 0xFD, 0xB3, 0xD5, 0xBD, 0x51, 0xF6, 0x87, 0x08, 0xE9, 0x70, 0x0B, 0x3E, 0x78,
    0x47, 0x00, 0x44, 0xD5, 0xB0, 0x3C, 0x3C, 0x08, 0x3E, 0xFB, 0xB1, 0xBB, 0x37, 0xEB, 0x4E, 0x44,
    0x5A, 0xC2, 0x43, 0xFC, 0x22, 0x59, 0xD4, 0x3A, 0x84, 0x55, 0x5F, 0x07, 0xFD, 0x45, 0x57, 0x23,
    0x2F, 0x6E, 0xBB, 0x64, 0x46, 0xA6, 0xEB, 0xE2, 0xF3, 0xA1, 0x98, 0x14, 0xD1, 0xCB, 0xDC, 0xC8,
    0xD4, 0x49, 0x28, 0x87, 0x66, 0xEA, 0xE6, 0x6E, 0x6A, 0x42, 0x45, 0xBD, 0xA2, 0x85, 0x65, 0x93,
    0x98, 0xE3, 0xB3, 0x82, 0xE1, 0x83, 0xC2, 0x5E, 0x0F, 0xC8, 0x60, 0x37, 0x88, 0xDC, 0xBA, 0x65,
    0x23, 0xBB, 0x01, 0x5A, 0xAE, 0xB7, 0xD6, 0x17, 0xE3, 0xFE, 0xBF, 0x88, 0xC4, 0x07, 0xA7, 0x5C,
    0x29, 0x7B, 0x8D, 0x60, 0x17, 0x9C, 0x0F, 0x9A, 0x2B, 0xD2, 0x67, 0x3A, 0xFF, 0xEA, 0x74, 0x55,
    0x07, 0xA4, 0x92, 0xC3, 0x11, 0x45, 0x54, 0x28, 0x01, 0xD5, 0xA4, 0xE0, 0x83, 0x7A, 0xA6, 0x51,
    0x58, 0x15, 0xF2, 0xA5, 0x1B, 0x35, 0xBB, 0x64, 0xD0, 0x3C, 0xBB, 0x07, 0xE5, 0x84, 0x05, 0x3B,
    0x00, 0x46, 0x85, 0xAE, 0xD7, 0xD4, 0x95, 0xB6, 0x19, 0x0E, 0xA2, 0x9F, 0x66, 0x8B, 0xA6, 0x65,
    0x39, 0x63, 0xB7, 0x19, 0x30, 0xF5, 0xB1, 0xCC, 0x60, 0x89, 0xB5, 0x04, 0xCF, 0xA4, 0xE7, 0x3C,
    0x85, 0x56, 0xB5, 0x3B, 0x7E, 0x4E, 0xB4, 0xCB, 0x6F, 0x6B, 0x1F, 0x41, 0x8A, 0x7D, 0x26, 0xC0,
    0x95, 0x0B, 0x20, 0x42, 0x7B, 0x80, 0x9F, 0x01, 0x13, 0x73, 0x0F, 0x42, 0x00, 0x42, 0x18, 0x01,
    0xC3, 0x96, 0x8F, 0x07, 0x40, 0x6A, 0xD0, 0x02, 0xEA, 0x6D, 0x16, 0x94, 0xDA, 0xF2, 0x48, 0x0B,
    0x00, 0x7C, 0xC9, 0xC7, 0x8B, 0xE4, 0x69, 0x7A, 0x86, 0xCB, 0x08, 0x94, 0xAA, 0x22, 0x72, 0xDE,
    0x07, 0x88, 0xDD, 0x70, 0x04, 0x16, 0x83, 0x83, 0xD0, 0x3A, 0x81, 0x54, 0x24, 0x0D, 0xBC, 0xBE,
    0x00, 0x8B, 0x09, 0xE8, 0x07, 0x20, 0x05, 0xA7, 0x91, 0x1F, 0x8F, 0xC0, 0x06, 0xBD, 0x93, 0xC5,
    0xB6, 0x7A, 0x60, 0xD5, 0xBB, 0x57, 0xB3, 0x22, 0x78, 0xD4, 0xA5, 0x93, 0xEE, 0xD3, 0x48, 0xF0,
    0x6B, 0x91, 0x9A, 0xCD, 0xAE, 0x51, 0x9C, 0x5C, 0xA7, 0x18, 0x36, 0xBC, 0xA0, 0x27, 0x17, 0x50,
    0x5B, 0x3E, 0xE1, 0x98, 0x4D, 0xC3, 0xB0, 0x61, 0x35, 0x02, 0xD5, 0xC7, 0x74, 0x08, 0xFD, 0x60,
    0xB3, 0xD6, 0xE6, 0x79, 0x22, 0x13, 0x60, 0xAD, 0xCF, 0xF6, 0xCC, 0x6B, 0xF8, 0xC4, 0xA6, 0xBD,
    0xF5, 0x81, 0x0F, 0x2E, 0x60, 0xDE, 0x03, 0xAB, 0x01, 0xDF, 0xFA, 0x51, 0x7D, 0x83, 0xA1, 0x9A,
    0x99, 0x2B, 0x77, 0x70, 0x85, 0x4D, 0x32, 0xE1, 0x3E, 0xFC, 0x8A, 0xBB, 0xE6, 0xD3, 0xEC, 0x9C,
    0x04, 0x4F, 0x99, 0xB6, 0x4D, 0xDF, 0xE1, 0x2A, 0xF7, 0x77, 0xC0, 0xF2, 0x18, 0x78, 0xC4, 0x80,
    0x46, 0xCF, 0xED, 0x0C, 0x21, 0xCD, 0x7B, 0xC4, 0xB4, 0xAC, 0xA1, 0xFE, 0x91, 0x03, 0xCE, 0x08,
    0x6B, 0x1A, 0x10, 0xD7, 0xBC, 0x87, 0x41, 0x65, 0x8D, 0xA0, 0x36, 0x1F, 0xF5, 0x31, 0xF2, 0x5D,
    0xF4, 0x8F, 0x38, 0x21, 0x32, 0xC4, 0x5C, 0xF8, 0x88, 0x0B, 0xB0, 0x24, 0x36, 0xAB, 0x6D, 0x6B,
    0x13, 0x31, 0xB0, 0xE2, 0x90, 0x81, 0xD8, 0xBB, 0x8C, 0x58, 0x18, 0xB6, 0xDC, 0x16, 0x6B, 0x34,
    0x2A, 0x95, 0x51, 0xAB, 0x0E, 0x7B, 0xC5, 0xF2, 0xA5, 0xC4, 0xF8, 0x08, 0x10, 0x81, 0x42, 0x28,
    0xE0, 0xC3, 0xD3, 0xB7, 0x14, 0x86, 0x79, 0xF3, 0xE4, 0xBC, 0xFB, 0xB3, 0xBA, 0x88, 0x39, 0xBF,
    0xF5, 0xCC, 0xE0, 0xA6, 0x46, 0xF6, 0x76, 0x3D, 0xEC, 0x6A, 0x42, 0x6E, 0x79, 0x19, 0x9D, 0xCD,
    0x14, 0x5D, 0xC5, 0x7E, 0xC0, 0xED, 0x0F, 0x6C, 0xA1, 0x98, 0x28, 0x52, 0x63, 0x77, 0x85, 0x23,
    0x22, 0x9C, 0x52, 0xE2, 0xF7, 0x08, 0x49, 0xD3, 0x22, 0x2D, 0xBF, 0xC8, 0x5D, 0x48, 0xCB, 0x0B,
    0xBE, 0xA8, 0x56, 0x04, 0x17, 0x26, 0x56, 0xD2, 0x76, 0x01, 0xEA, 0xF9, 0x09, 0xAF, 0x8A, 0x8D,
    0x12, 0x31, 0xBD, 0x04, 0x2B, 0x8D, 0x72, 0xE0, 0xDB, 0x09, 0x13, 0x8E, 0x0B, 0x86, 0xCB, 0xD6,
    0x8C, 0x8A, 0x08, 0x67, 0x25, 0xB5, 0x4D, 0x3E, 0x92, 0xE3, 0xC2, 0x87, 0x86, 0x19, 0xB0, 0x26,
    0xA2, 0x92, 0xCD, 0x22, 0x3C, 0x5A, 0xCC, 0xF0, 0x68, 0xA5, 0x72, 0xCE, 0x66, 0x4A, 0x7B, 0xB6,
    0xE1, 0xA5, 0x36, 0x8D, 0xCC, 0x55, 0x01, 0xE8, 0xCD, 0xA9, 0x3D, 0xE4, 0xDB, 0x94, 0x5A, 0xF7,
    0x2E, 0xE5, 0xB4, 0x77, 0xE9, 0xF6, 0x2E, 0x66, 0x7B, 0x6E, 0x5D, 0x2C, 0x10, 0x90, 0xC5, 0x6D,
    0x69, 0x7F, 0x94, 0xFB, 0x7C, 0xCF, 0xE9, 0xCF, 0x32, 0xA2, 0x07, 0x3C, 0x82, 0xD9, 0x84, 0x57,
    0x13, 0xB6, 0xB6, 0x7D, 0xDE, 0xD9, 0x9A, 0xC0, 0xF5, 0xC1, 0x82, 0x34, 0x52, 0x02, 0x07, 0x86,
    0x15, 0x25, 0x2B, 0x62, 0xF9, 0x03, 0x89, 0xD8, 0xC5, 0xFD, 0x02, 0x35, 0x31, 0x6B, 0x26, 0x0D,
    0x04, 0xC4, 0xA4, 0xE7, 0x71, 0x85, 0xC8, 0x7C, 0xC1, 0xB0, 0xDA, 0x2D, 0x17, 0x2B, 0x6A, 0x36,
    0x39, 0xD3, 0xAE, 0x67, 0xB5, 0xD2, 0xAB, 0x98, 0x79, 0x1D, 0x02, 0xB0, 0x2D, 0xD8, 0x29, 0x16,
    0xEC, 0x8C, 0x0B, 0xF6, 0xAA, 0x50, 0x2C, 0x3B, 0xE8, 0xE0, 0x0A, 0xC5, 0x8A, 0xA1, 0x97, 0x4C,
    0xBE, 0x4C, 0x62, 0x2A, 0xA2, 0xB3, 0x4E, 0xE4, 0x53, 0x66, 0xF7, 0xA2, 0xA7, 0xAD, 0xF2, 0x08,
    0x74, 0x08, 0x7D, 0x4B, 0xBF, 0xBD, 0x12, 0x7A, 0xDD, 0x82, 0xD7, 0x56, 0xF8, 0x55, 0xDA, 0x6E,
    0xC0, 0x22, 0x74, 0x4F, 0x19, 0xC4, 0x16, 0xD3, 0xBF, 0xE3, 0x02, 0x63, 0xAF, 0xAA, 0x75, 0x57,
    0x3F, 0xF2, 0x11, 0x69, 0xDE, 0x44, 0x7D, 0xA1, 0x51, 0xC2, 0x55, 0x8B, 0xCD, 0xCE, 0xE2, 0xDC,
    0x71, 0x98, 0xDD, 0x03, 0x1F, 0x1F, 0x69, 0xE9, 0x91, 0x72, 0x89, 0xE9, 0x79, 0x30, 0x69, 0x7C,
    0xAD, 0x87, 0xED, 0x6C, 0x19, 0x66, 0x75, 0xEF, 0x34, 0xFD, 0x2F, 0x3E, 0xB2, 0x96, 0x2B, 0x2F,
    0x04, 0xD4, 0x2C, 0x4E, 0x6C, 0x6B, 0x28, 0x17, 0x34, 0x86, 0xAD, 0xC6, 0x6B, 0x46, 0xCB, 0x1F,
    0xEB, 0x60, 0x5D, 0xAD, 0x48, 0xCB, 0xD8, 0xEC, 0x46, 0xD8, 0xB3, 0x57, 0x5B, 0x25, 0x20, 0x39,
    0x57, 0x5E, 0x7C, 0xF6, 0xCD, 0x9B, 0x37, 0xEB, 0xCB, 0x34, 0xE7, 0x17, 0x7B, 0x3F, 0x7E, 0xF6,
    0x53, 0x80, 0x8E, 0x43, 0xEC, 0x72, 0xA1, 0x0B, 0xB5, 0x82, 0x7E, 0x17, 0x15, 0xB1, 0x52, 0xD4,
    0xD4, 0xA0, 0x42, 0x54, 0x0D, 0x25, 0x8A, 0xF5, 0xEA, 0x5A, 0x73, 0x01, 0x2B, 0x14, 0x2C, 0xBF,
    0xF2, 0xAD, 0xB6, 0x12, 0x17, 0x72, 0x22, 0xB5, 0x8F, 0xEA, 0x2E, 0x3F, 0x1D, 0x64, 0xF0, 0x21,
    0x91, 0xB1, 0x1A, 0x15, 0xAE, 0x0D, 0xB4, 0xDD, 0xF6, 0xC7, 0xB3, 0x3A, 0xD6, 0x47, 0x7C, 0x34,
    0xAA, 0x54, 0x1B, 0x0C, 0x00, 0x79, 0x8F, 0x03, 0x28, 0xFF, 0xCD, 0x2E, 0xD8, 0x76, 0x98, 0x2F,
    0x56, 0x90, 0x6C, 0xAD, 0x70, 0xDA, 0x7C, 0x6F, 0xA3, 0x3A, 0x05, 0x5D, 0x13, 0x11, 0x08, 0xF3,
    0xA7, 0xEE, 0x45, 0x8B, 0x19, 0xC5, 0xD2, 0x9F, 0x3F, 0x1F, 0xEC, 0xF4, 0x21, 0x0B, 0xEA, 0x91,
    0x6B, 0xF2, 0xE5, 0xEF, 0x3E, 0x27, 0x2B, 0x4F, 0x3D, 0x62, 0x1A, 0xB1, 0xC8, 0xB9, 0xDB, 0xF9,
    0xA4, 0x53, 0x4D, 0xDC, 0x8D, 0x22, 0x14, 0x13, 0xB8, 0x1C, 0xAA, 0xA0, 0x7D, 0x9A, 0xAA, 0xF7,
    0xA3, 0xE6, 0x53, 0xE3, 0xDB, 0x66, 0xD0, 0x55, 0xE3, 0x86, 0x6F, 0xBB, 0x3E, 0x8D, 0xEE, 0x46,
    0x53, 0x0B, 0xF8, 0x36, 0x58, 0x7F, 0x19, 0xC1, 0xF9, 0x0C, 0xEE, 0xFA, 0x62, 0x3E, 0x4C, 0x4D,
    0xDD, 0xF4, 0xE5, 0x9C, 0x06, 0x5F, 0xEB, 0xF9, 0xDF, 0x52, 0xF6, 0xBE, 0x2D, 0x24, 0x74, 0xE2,
    0xAA, 0x5E, 0x3D, 0x5A, 0xCD, 0x56, 0x64, 0x42, 0xB3, 0x60, 0x9C, 0x4D, 0xC6, 0x87, 0xC5, 0xD8,
    0x22, 0xF7, 0x2A, 0x2E, 0x4F, 0xFC, 0x30, 0x93, 0x6F, 0x4D, 0x18, 0xC8, 0x46, 0x84, 0xA1, 0x4C,
    0x3A, 0x6C, 0xAC, 0xB6, 0x09, 0x18, 0x37, 0xD1, 0x58, 0x8C, 0x0F, 0x1B, 0x67, 0x77, 0x8C, 0x8B,
    0xDF, 0x37, 0xD9, 0xE5, 0x87, 0x18, 0x7B, 0x78, 0x11, 0x3E, 0x2F, 0x84, 0x3C, 0x1B, 0xA7, 0x21,
    0x27, 0x67, 0xA3, 0x71, 0xD1, 0x5B, 0x76, 0x56, 0x75, 0xC6, 0xCC, 0xF2, 0x2E, 0x25, 0xAF, 0xBA,
    0x27, 0xF6, 0xB6, 0x2D, 0x59, 0x80, 0x8D, 0xF3, 0xD1, 0x02, 0x5E, 0xF4, 0xCA, 0x03, 0x7E, 0xE6,
    0x12, 0xC4, 0xA5, 0x71, 0xC6, 0xAB, 0x15, 0x51, 0x87, 0xD5, 0xEA, 0x83, 0x63, 0xFD, 0xEC, 0x44,
    0xD6, 0xBA, 0xB3, 0x33, 0xFD, 0x5A, 0x36, 0xC6, 0x1A, 0x87, 0x85, 0xB3, 0x82, 0x58, 0x74, 0x3D,
    0x3D, 0x86, 0xD4, 0x6E, 0x4A, 0xED, 0x3C, 0x2D, 0x91, 0x40, 0x39, 0x3B, 0xA9, 0x74, 0xFD, 0x10,
    0x83, 0x1E, 0x84, 0x3A, 0x6C, 0x73, 0xB8, 0xE0, 0x94, 0xFE, 0x17, 0x99, 0xE1, 0x43, 0x61, 0x96,
    0x2B, 0x4D, 0x4C, 0xA7, 0x66, 0x21, 0x71, 0x91, 0x58, 0x95, 0x6A, 0xCC, 0x8D, 0x5C, 0xFB, 0x54,
    0x91, 0xE4, 0xCF, 0x08, 0xDF, 0x35, 0xB3, 0x12, 0x74, 0x60, 0x99, 0x81, 0x82, 0x29, 0x6A, 0xF2,
    0xDD, 0x3D, 0x41, 0x4B, 0x28, 0x5A, 0x4C, 0xE9, 0xED, 0xE4, 0x9E, 0x23, 0x71, 0xEA, 0xAC, 0x9D,
    0x60, 0xF4, 0xB6, 0xB0, 0x4B, 0x39, 0x39, 0x85, 0x71, 0xFF, 0x10, 0xAE, 0xD0, 0x54, 0xF5, 0x69,
    0xF4, 0xD8, 0x4B, 0x19, 0x57, 0x1A, 0x55, 0x2B, 0xC9, 0x2F, 0x7B, 0x8C, 0xCF, 0xA8, 0x9B, 0xAF,
    0xA6, 0xAD, 0x8B, 0xDF, 0x08, 0x53, 0xC2, 0x64, 0xE6, 0xB5, 0x2A, 0x30, 0xB8, 0x86, 0x7B, 0xCA,
    0xC9, 0x62, 0x29, 0x15, 0x90, 0x30, 0x96, 0x51, 0xE6, 0x79, 0x73, 0xBD, 0xAD, 0x0C, 0xCB, 0x27,
    0xF0, 0xFB, 0x66, 0x82, 0xC5, 0xF0, 0xBE, 0x29, 0xC5, 0x82, 0x8C, 0x0C, 0x2F, 0x31, 0xBC, 0x99,
    0x30, 0xEC, 0x30, 0xE8, 0x92, 0xA3, 0x05, 0xC3, 0x4A, 0xF6, 0x83, 0x17, 0xC0, 0x90, 0x81, 0xDF,
    0x83, 0xE1, 0xE6, 0x62, 0x05, 0xDB, 0x32, 0x55, 0x29, 0x57, 0x91, 0xEA, 0xD3, 0x92, 0x2E, 0x92,
    0x19, 0x7D, 0x7A, 0x70, 0x60, 0x3C, 0x4A, 0x69, 0xA1, 0x46, 0x82, 0x99, 0xF1, 0x96, 0x72, 0xB7,
    0x43, 0x78, 0xBB, 0x4D, 0x7D, 0x10, 0xEA, 0x1B, 0xDA, 0x85, 0xDD, 0xC4, 0xC8, 0xC9, 0xE9, 0x47,
    0x35, 0x23, 0x8D, 0x2A, 0x06, 0xDA, 0x94, 0x0F, 0x66, 0x4A, 0xBF, 0x91, 0xE5, 0xAB, 0xA3, 0x3D,
    0xA4, 0x1E, 0x94, 0x92, 0x90, 0x51, 0x37, 0x5B, 0xC4, 0xD4, 0x92, 0x9E, 0x64, 0xDE, 0xD8, 0x69,
    0x25, 0x95, 0x0B, 0xA9, 0x32, 0xF2, 0x7B, 0x54, 0xAE, 0xD3, 0x04, 0x17, 0xA9, 0x43, 0x12, 0x2D,
    0x17, 0x66, 0x1D, 0xE7, 0xD9, 0x8F, 0x3A, 0x56, 0x4F, 0x9B, 0x9A, 0x62, 0x64, 0xCA, 0x4F, 0xBB,
    0xF2, 0xCB, 0x47, 0x1D, 0x07, 0x9A, 0x9E, 0x8F, 0x54, 0x3E, 0x53, 0x12, 0xA5, 0xE1, 0x72, 0xE5,
    0x4D, 0xEB, 0x9D, 0x5A, 0x50, 0x46, 0x1B, 0x76, 0xE5, 0x77, 0x1B, 0x98, 0xA5, 0xA6, 0xB5, 0xD1,
    0xAE, 0xF5, 0x4E, 0xCD, 0x96, 0x6E, 0x13, 0x49, 0x48, 0xC7, 0xC2, 0xBC, 0xEF, 0x84, 0xC3, 0x52,
    0x22, 0x1F, 0x9F, 0xC3, 0x8C, 0xCA, 0x2D, 0x22, 0xDD, 0x7A, 0x22, 0x23, 0x62, 0x87, 0x92, 0x1E,
    0x03, 0x29, 0x35, 0x33, 0xCD, 0x60, 0x5C, 0x5B, 0xAA, 0xF9, 0x8E, 0x97, 0x4F, 0x07, 0xBF, 0xFB,
    0xD1, 0x92, 0xFC, 0x85, 0x37, 0x6F, 0xFE, 0x00, 0x67, 0xA6, 0xCC, 0x1D, 0x69, 0x52, 0x42, 0x15,
    0x0E, 0xF2, 0x11, 0x04, 0xE9, 0x0D, 0x68, 0xB2, 0x24, 0x0A, 0x94, 0x82, 0xC1, 0x85, 0x94, 0x4B,
    0x9F, 0x70, 0xCD, 0x58, 0x3B, 0xE8, 0xDD, 0xD8, 0x32, 0x91, 0x74, 0xB0, 0x05, 0x9E, 0x9F, 0x2B,
    0xF8, 0x1E, 0xE0, 0x37, 0xEF, 0xAB, 0x7B, 0x17, 0x9B, 0x6A, 0x54, 0x19, 0x22, 0xD9, 0x20, 0xC8,
    0x68, 0x0D, 0xEE, 0x7E, 0x14, 0x8C, 0x06, 0x00, 0x86, 0x01, 0xF6, 0x06, 0x6C, 0x64, 0x32, 0x9D,
    0xC0, 0x33, 0xD9, 0x7E, 0x72, 0xC1, 0xC6, 0x5E, 0xBF, 0x00, 0xE0, 0x2B, 0x00, 0xC3, 0x02, 0xA0,
    0x7D, 0xFB, 0xD5, 0x5C, 0x82, 0x9F, 0xD9, 0xA0, 0xB1, 0x34, 0x9C, 0x01, 0x22, 0x48, 0xB0, 0x38,
    0xC1, 0xED, 0x8C, 0x94, 0x2E, 0xBC, 0x2D, 0x63, 0xC5, 0x40, 0x01, 0x70, 0x98, 0xC9, 0x34, 0x97,
    0xA6, 0x52, 0x0A, 0x4D, 0xDC, 0x6D, 0x84, 0x59, 0x34, 0xE9, 0xBE, 0xD3, 0x5F, 0x6E, 0x16, 0xB9,
    0xC2, 0xAE, 0xF6, 0xA6, 0x37, 0x75, 0x8E, 0x97, 0x5F, 0xFA, 0xC1, 0x56, 0x40, 0x95, 0xA8, 0x8E,
    0x25, 0x0E, 0xDD, 0xB1, 0x42, 0x18, 0x95, 0xF0, 0xFB, 0x89, 0xE5, 0x96, 0x8F, 0x7E, 0x47, 0x4A,
    0xA2, 0x28, 0xEA, 0xB7, 0x23, 0xD4, 0x34, 0x65, 0x4D, 0x5B, 0xD3, 0xD4, 0xD0, 0x9C, 0x4F, 0x8D,
    0xA9, 0xB2, 0xA9, 0x6B, 0xB8, 0x0F, 0xB5, 0x00, 0xFD, 0x83, 0x06, 0xDC, 0x07, 0xD9, 0x05, 0x53,
    0xC0, 0x17, 0x0B, 0x6D, 0x94, 0x01, 0x88, 0xA6, 0xB9, 0xD7, 0xCB, 0xB2, 0x25, 0x14, 0x26, 0x3E,
    0x37, 0x1D, 0x7E, 0x9F, 0x6F, 0x0B, 0x6C, 0xB1, 0xE5, 0x90, 0xAF, 0x8D, 0x17, 0x1B, 0x21, 0x0B,
    0x66, 0x48, 0xB9, 0x19, 0xF1, 0xB8, 0x23, 0xFF, 0x52, 0x34, 0xFE, 0x96, 0xC5, 0xE6, 0x75, 0x27,
    0x60, 0x24, 0x91, 0x99, 0x73, 0x47, 0x5A, 0xF2, 0x07, 0x48, 0x4F, 0xBD, 0xB0, 0x6E, 0xC2, 0xB4,
    0x54, 0x02, 0x38, 0xC2, 0xFD, 0x34, 0x4C, 0xA2, 0x71, 0xB7, 0x45, 0xA7, 0x59, 0xCD, 0x48, 0x2F,
    0x96, 0x3A, 0xA5, 0xF4, 0x0C, 0x53, 0x21, 0x33, 0x23, 0x95, 0x2A, 0x23, 0x58, 0xE8, 0x4B, 0xBB,
    0x6C, 0xDF, 0x30, 0xAF, 0x2C, 0x17, 0x76, 0xA5, 0x40, 0x92, 0x73, 0xF4, 0x80, 0x05, 0xD6, 0xD6,
    0x28, 0x92, 0x45, 0xE7, 0xC1, 0x0B, 0xEC, 0x0B, 0x2C, 0x3A, 0x95, 0xD1, 0x91, 0x45, 0xE9, 0xBA,
    0xCD, 0x85, 0x68, 0x75, 0x47, 0xE4, 0x02, 0xFB, 0x29, 0x54, 0x1F, 0x8A, 0xEE, 0x0B, 0x2C, 0x97,
    0x26, 0x86, 0xE5, 0xEC, 0x8C, 0x53, 0xB8, 0x65, 0xF1, 0x0B, 0x6E, 0x5A, 0x18, 0xE9, 0x71, 0x6C,
    0x59, 0xF4, 0xD3, 0xA2, 0xAD, 0x92, 0x79, 0x70, 0xAA, 0x2D, 0x8F, 0x41, 0x92, 0x49, 0x6D, 0xB9,
    0x8D, 0xD6, 0x01, 0xAD, 0x08, 0xAB, 0xD3, 0x20, 0xA3, 0xBE, 0xDB, 0x5A, 0xE9, 0x08, 0xA3, 0xD3,
    0xB1, 0x0B, 0xF9, 0x6B, 0x60, 0x77, 0x36, 0x74, 0xA1, 0xFC, 0x72, 0x6E, 0x22, 0x7D, 0x13, 0x7C,
    0x6A, 0xB5, 0x53, 0x33, 0xDD, 0xD8, 0x5A, 0x7E, 0x8A, 0x74, 0x45, 0xD9, 0xFA, 0xD3, 0x99, 0xA9,
    0x5A, 0xD5, 0x5E, 0xAC, 0x46, 0xAB, 0x9C, 0x97, 0xC1, 0x8A, 0x6A, 0xD5, 0xBA, 0xA7, 0x3F, 0x8E,
    0xB4, 0x55, 0xD3, 0x25, 0xD7, 0xB1, 0xBC, 0xB1, 0x75, 0xCB, 0x15, 0x6A, 0x16, 0x55, 0x76, 0x05,
    0xCF, 0x94, 0x50, 0x77, 0x15, 0xD3, 0x8B, 0x44, 0xBE, 0x47, 0x2D, 0x0B, 0xC5, 0xE8, 0x6D, 0xAF,
    0x19, 0xF3, 0x9E, 0x2D, 0x3B, 0x19, 0xC3, 0x4C, 0xAC, 0x24, 0x5A, 0x83, 0xE1, 0x2C, 0x10, 0x58,
    0xD6, 0x32, 0x23, 0x1B, 0x35, 0x77, 0x4B, 0x27, 0x70, 0x09, 0x1A, 0x77, 0xD9, 0xA0, 0x1B, 0x46,
    0x9E, 0xBE, 0x1C, 0x02, 0x8A, 0x85, 0x1A, 0xA6, 0xE3, 0x22, 0x8E, 0x43, 0x03, 0x97, 0x03, 0xD0,
    0x18, 0xCB, 0x15, 0x21, 0x72, 0x19, 0x4C, 0xB8, 0xE1, 0xE0, 0x00, 0x8D, 0xF6, 0x6D, 0x04, 0x16,
    0xB5, 0x5B, 0x44, 0xA3, 0x4D, 0x64, 0x44, 0x43, 0x65, 0x49, 0x60, 0x72, 0xD5, 0xAE, 0x39, 0x9D,
    0x9C, 0xC5, 0xD8, 0xB2, 0x56, 0xDB, 0x50, 0x19, 0xB2, 0x0A, 0x36, 0xAE, 0x23, 0x5F, 0x46, 0xDA,
    0xED, 0x2C, 0xD3, 0x17, 0x66, 0x17, 0xAD, 0xE6, 0x89, 0x28, 0x8C, 0x56, 0xD0, 0x86, 0xE0, 0x13,
    0xDF, 0x9E, 0x2B, 0xA8, 0x4B, 0x4B, 0x5F, 0x59, 0xBB, 0x95, 0xE9, 0x87, 0x99, 0x59, 0x2E, 0x4C,
    0xD2, 0xC6, 0x16, 0x51, 0xAB, 0x40, 0x53, 0xCA, 0x99, 0xEC, 0x4C, 0x09, 0xB5, 0x33, 0xA8, 0x5C,
    0x49, 0x95, 0x6D, 0x0E, 0x3E, 0x82, 0xA6, 0x06, 0x24, 0x53, 0x33, 0x83, 0x42, 0x37, 0x33, 0xF1,
    0x95, 0x20, 0xB3, 0x9B, 0x98, 0xF1, 0x78, 0xA7, 0x92, 0xD0, 0xA5, 0x10, 0x26, 0x6F, 0x19, 0x6D,
    0x5D, 0x9F, 0x98, 0xED, 0x32, 0x42, 0x15, 0xBB, 0x14, 0xB2, 0x76, 0x56, 0xB3, 0xD1, 0xB2, 0x6B,
    0x3C, 0xF9, 0x81, 0xD2, 0x6B, 0x6B, 0x25, 0x1B, 0x47, 0x59, 0x8E, 0x85, 0x1A, 0x64, 0xA6, 0xE4,
    0x41, 0xC6, 0xFB, 0xAB, 0x65, 0x10, 0xAC, 0x92, 0x00, 0x0D, 0x12, 0x23, 0xED, 0xA9, 0xC4, 0x1D,
    0x98, 0xF5, 0x6A, 0x8B, 0xA9, 0xD7, 0x08, 0xD4, 0xA2, 0x68, 0xD0, 0xB7, 0x62, 0xBC, 0x9B, 0xDF,
    0xB9, 0xD7, 0xA6, 0xD5, 0xF2, 0xF0, 0xE5, 0xC1, 0xF7, 0x30, 0x71, 0x6C, 0x1F, 0x01, 0x5D, 0xE2,
    0xF9, 0xBB, 0xB2, 0xD2, 0x1B, 0x67, 0x9E, 0xEF, 0xCF, 0x7B, 0x5E, 0x76, 0xCF, 0xB7, 0x0F, 0xF2,
    0x3C, 0x49, 0x18, 0x00, 0x7A, 0x7E, 0x0F, 0xC0, 0xEE, 0x79, 0x52, 0x0B, 0x6D, 0x73, 0xE1, 0xEE,
    0x59, 0x2C, 0xB6, 0x88, 0xCC, 0x9C, 0x3C, 0x0D, 0x8B, 0xDC, 0x84, 0x7B, 0xF6, 0xF0, 0xA2, 0xD5,
    0xD4, 0x9E, 0x4C, 0xDB, 0x7A, 0xB7, 0xCC, 0x68, 0x2F, 0xBE, 0x49, 0x94, 0xB3, 0xBB, 0x09, 0xDE,
    0xE4, 0xCA, 0x66, 0xEE, 0x3A, 0x46, 0xE4, 0xCE, 0x9F, 0xE6, 0xD4, 0x56, 0x6A, 0x8F, 0xD0, 0x1C,
    0xE1, 0x60, 0x41, 0x64, 0x15, 0x46, 0x77, 0x46, 0x08, 0x9C, 0x12, 0x03, 0x37, 0xC1, 0x80, 0x2D,
    0x7E, 0x48, 0xF4, 0x14, 0x11, 0xAB, 0x51, 0xD7, 0x09, 0xCD, 0x11, 0x0C, 0x58, 0x50, 0xB2, 0x5D,
    0x6B, 0xE6, 0xDA, 0x0F, 0xE2, 0x8D, 0x30, 0x5B, 0xF9, 0x03, 0xD5, 0x84, 0xFA, 0x7E, 0x3E, 0x2B,
    0x96, 0xE2, 0x7E, 0x9A, 0x83, 0xC2, 0x87, 0x81, 0xE3, 0x09, 0xAC, 0x84, 0x4C, 0x02, 0x03, 0x77,
    0x1C, 0xF6, 0x6B, 0xC4, 0x4C, 0x93, 0x7F, 0xC5, 0x9C, 0x8F, 0x76, 0x75, 0x18, 0x01, 0x6B, 0x46,
    0x34, 0xBA, 0xD1, 0x55, 0x03, 0xF0, 0xCD, 0x61, 0xCF, 0x7E, 0x62, 0xE2, 0xE9, 0x8C, 0x0A, 0xE3,
    0x42, 0x53, 0xBB, 0x46, 0x6C, 0xE7, 0xB7, 0xF6, 0x11, 0x7B, 0x89, 0xED, 0xC1, 0x82, 0xC2, 0x16,
    0xE1, 0xC1, 0x34, 0x80, 0xE0, 0x54, 0x11, 0xB7, 0x09, 0xA0, 0x6C, 0xBE, 0x40, 0x51, 0x84, 0x8B,
    0x2A, 0xA4, 0x66, 0xEF, 0x2B, 0xA0, 0x5A, 0x21, 0x78, 0x8C, 0x46, 0x43, 0xB9, 0x9E, 0xA8, 0x67,
    0xFA, 0xAA, 0xCF, 0xA5, 0x2E, 0x7B, 0xCF, 0x33, 0xBF, 0x8D, 0xDA, 0x47, 0xB1, 0x5B, 0x17, 0xF5,
    0x9B, 0x21, 0x97, 0x5F, 0x70, 0x5F, 0x2E, 0xFB, 0xF9, 0xB2, 0x94, 0x7E, 0xF8, 0xAD, 0xAC, 0xBF,
    0x72, 0x2B, 0x2B, 0x49, 0xD7, 0x44, 0xFE, 0x89, 0x9F, 0x49, 0xDC, 0x09, 0x2B, 0xB1, 0x36, 0xCF,
    0x98, 0x25, 0x67, 0x33, 0xD8, 0x88, 0xDE, 0x19, 0x1F, 0x6D, 0x43, 0x5F, 0xDF, 0xC6, 0xBE, 0xB5,
    0x0D, 0x17, 0xCF, 0x31, 0xC6, 0xB5, 0xF5, 0xC5, 0x25, 0x13, 0x14, 0xC0, 0xBA, 0x6C, 0x1A, 0xA4,
    0x3B, 0xC3, 0x01, 0x58, 0xD7, 0xE1, 0x01, 0xB8, 0x9B, 0xCB, 0x4F, 0xDE, 0x9B, 0x0F, 0x0A, 0xF0,
    0xAC, 0xDC, 0x1A, 0x97, 0x5C, 0xF4, 0xA8, 0x06, 0xDF, 0xDF, 0xD8, 0x7C, 0x15, 0xB7, 0x68, 0x4D,
    0x34, 0xE3, 0x2E, 0xBD, 0x71, 0xB0, 0x80, 0x58, 0xB6, 0xD8, 0xEC, 0xEF, 0xBD, 0x44, 0xA5, 0xD6,
    0xCB, 0x8C, 0x95, 0x3A, 0x11, 0x2A, 0x9B, 0x44, 0xD2, 0x61, 0xA2, 0xFF, 0x52, 0x5B, 0x9D, 0xF2,
    0x81, 0x75, 0x74, 0xD9, 0xC3, 0x4E, 0x8E, 0xA7, 0x74, 0xC3, 0xAC, 0x8F, 0xA4, 0x64, 0x26, 0xA5,
    0x56, 0x87, 0xE7, 0x03, 0x68, 0xE2, 0x76, 0xD4, 0x4C, 0x15, 0x06, 0xF6, 0x93, 0xB7, 0x20, 0x46,
    0xA3, 0x99, 0x74, 0x37, 0x58, 0x6A, 0x8D, 0x46, 0xBD, 0x45, 0xA3, 0x36, 0x02, 0x62, 0x21, 0x20,
    0x45, 0x23, 0x4B, 0x5E, 0xEC, 0x75, 0xD0, 0x53, 0x5A, 0x18, 0x90, 0x2C, 0x28, 0x52, 0x6B, 0x18,
    0x91, 0xA2, 0x2E, 0x1F, 0xAD, 0xA8, 0x47, 0xB3, 0x47, 0x93, 0xCE, 0xF5, 0x35, 0x9A, 0x94, 0xDA,
    0x30, 0x37, 0x58, 0x4E, 0xDD, 0xB6, 0x88, 0x35, 0x3A, 0x64, 0xB4, 0xA6, 0x0A, 0x52, 0xDB, 0x61,
    0x6E, 0xF2, 0xBC, 0xB4, 0x69, 0x60, 0x33, 0x7D, 0x46, 0xDA, 0x7C, 0xB4, 0xE2, 0xEF, 0x29, 0xE9,
    0x69, 0x97, 0x8C, 0xC5, 0x2F, 0x49, 0x5F, 0xB5, 0x6C, 0x96, 0x5F, 0xA6, 0xEE, 0xB4, 0x44, 0xF4,
    0xDA, 0xFF, 0x86, 0x35, 0x6F, 0x38, 0x19, 0xA2, 0x35, 0xA3, 0x93, 0x27, 0xAC, 0x58, 0x7D, 0xED,
    0xEC, 0xE4, 0xC9, 0xC0, 0xE6, 0x33, 0xC1, 0xC9, 0x33, 0x23, 0x9B, 0xCF, 0x8D, 0xAE, 0x7B, 0x7E,
    0x30, 0xE3, 0x7A, 0x1E, 0x6C, 0xB6, 0x54, 0x8D, 0x4D, 0x47, 0x85, 0xED, 0xF6, 0xCA, 0x7E, 0x02,
    0x76, 0x61, 0x76, 0xF8, 0xC9, 0x9A, 0xE1, 0xDE, 0x05, 0x75, 0xB8, 0x28, 0xEA, 0xE1, 0x32, 0xF2,
    0x6A, 0x22, 0xBB, 0xC1, 0x9C, 0xDC, 0x6C, 0xCB, 0x61, 0xE4, 0x84, 0xE8, 0x61, 0x2B, 0xD6, 0x57,
    0x5A, 0x77, 0x50, 0x43, 0xB6, 0x25, 0x35, 0x1A, 0x4B, 0x20, 0x37, 0x32, 0x90, 0xBD, 0xE9, 0x45,
    0x87, 0x1A, 0xB7, 0xE4, 0x4D, 0xF5, 0x44, 0xAC, 0x5F, 0xF6, 0x3A, 0xFB, 0x5D, 0xD1, 0xCB, 0x04,
    0xF6, 0x4E, 0x28, 0x8F, 0x05, 0x10, 0x53, 0xDE, 0xAF, 0xFC, 0xDA, 0x04, 0xF9, 0x9A, 0x1A, 0x25,
    0x02, 0x81, 0x3D, 0x12, 0xE3, 0xD0, 0xC9, 0xA9, 0x0A, 0x0D, 0xBC, 0xCA, 0xD9, 0x91, 0x23, 0x13,
    0xA0, 0x91, 0x19, 0xC1, 0x6F, 0x64, 0x62, 0xE0, 0xA5, 0x56, 0xD5, 0x51, 0x59, 0x82, 0xD2, 0x89,
    0x89, 0x9A, 0x73, 0xA7, 0x82, 0x70, 0x90, 0xB7, 0x55, 0xE3, 0x36, 0x9D, 0x95, 0xCC, 0xA0, 0x48,
    0x9B, 0xAB, 0x85, 0x26, 0x97, 0x4B, 0x59, 0xB3, 0xA0, 0x3D, 0xB2, 0x15, 0xE2, 0x16, 0xF5, 0xA7,
    0xFA, 0x10, 0xFA, 0xDF, 0x2B, 0x8B, 0x2B, 0xD2, 0xDB, 0xD8, 0x92, 0x52, 0x6D, 0x6B, 0x09, 0x89,
    0x73, 0x11, 0xC6, 0xA4, 0x20, 0xE8, 0x7B, 0xF3, 0x31, 0x99, 0x31, 0x5B, 0x53, 0x09, 0x50, 0xB9,
    0x60, 0xFD, 0x06, 0x09, 0xA0, 0x66, 0xE1, 0x84, 0x97, 0xD9, 0x06, 0x1E, 0x6D, 0x8C, 0x7E, 0x1F,
    0xC3, 0x75, 0x8B, 0x39, 0x7C, 0xBA, 0xBF, 0x87, 0xDF, 0x7A, 0xC4, 0x73, 0x3D, 0x32, 0xF6, 0xA0,
    0x9B, 0xDF, 0xC6, 0x7A, 0x78, 0xF4, 0x00, 0x1D, 0xD0, 0xE3, 0x71, 0x97, 0xC1, 0x91, 0x8B, 0xF6,
    0xF8, 0x93, 0x8F, 0xFA, 0x14, 0xBB, 0x45, 0x29, 0x1B, 0xCD, 0x5B, 0x22, 0x24, 0x00, 0xF4, 0xBE,
    0x78, 0xCE, 0x09, 0xB8, 0xF8, 0xD7, 0x07, 0x17, 0xCF, 0x39, 0x09, 0x9E, 0x30, 0x73, 0x65, 0xB8,
    0xE4, 0x86, 0xEE, 0xC8, 0x09, 0x77, 0xE9, 0x0D, 0x5D, 0x0C, 0x71, 0xB9, 0x74, 0x42, 0x25, 0xB4,
    0x78, 0x31, 0xB0, 0xC7, 0xEC, 0xA2, 0x3E, 0x6F, 0x9D, 0x3D, 0xBF, 0x54, 0x9F, 0xD7, 0xF5, 0xF9,
    0xA8, 0x3E, 0x8F, 0xB6, 0xA7, 0x47, 0xE1, 0xBE, 0x3D, 0x4B, 0x3C, 0x6B, 0x3C, 0x0B, 0x3C, 0x5B,
    0x3C, 0x11, 0xA8, 0x01, 0xD0, 0x63, 0x70, 0x53, 0x88, 0x70, 0xB9, 0x42, 0x85, 0x29, 0x74, 0xB9,
    0xB9, 0x97, 0xDD, 0xC4, 0xDE, 0xCD, 0xDD, 0x6D, 0xBE, 0x52, 0xFA, 0x6E, 0x33, 0x05, 0x23, 0x6E,
    0x1D, 0xCB, 0x13, 0x0B, 0x2E, 0x1F, 0x6F, 0x0B, 0xC0, 0x88, 0x09, 0xBA, 0x1C, 0xF0, 0x8B, 0x94,
    0x71, 0xF9, 0x3B, 0x54, 0x22, 0xDF, 0x82, 0xCA, 0x03, 0x5B, 0x8B, 0x47, 0xF2, 0x5F, 0xC7, 0x66,
    0x04, 0x1F, 0x29, 0xDF, 0xC6, 0x74, 0x3C, 0x72, 0xE9, 0xE8, 0x2A, 0xEC, 0x39, 0x25, 0x6C, 0x2F,
    0xFA, 0xAA, 0x76, 0xD9, 0xE8, 0x31, 0x55, 0x5F, 0x7E, 0x53, 0xAF, 0xF2, 0x20, 0x0F, 0xA6, 0x46,
    0x21, 0x34, 0xBC, 0x5B, 0x98, 0x47, 0x8E, 0xD0, 0xD9, 0x9D, 0x92, 0xE3, 0xF5, 0x7D, 0xE8, 0x2A,
    0xAE, 0xB4, 0x27, 0xAC, 0x19, 0x61, 0x8F, 0x0C, 0x6A, 0x10, 0x5F, 0x75, 0x8E, 0xC5, 0x08, 0x66,
    0xE4, 0x02, 0x3B, 0x58, 0x68, 0xE3, 0xAD, 0x9F, 0xE1, 0xB9, 0x06, 0x77, 0x26, 0x81, 0x5E, 0x31,
    0x6C, 0xD8, 0xCD, 0x8A, 0xC8, 0x5E, 0x3F, 0xA5, 0x1D, 0xBE, 0x2A, 0x3C, 0xEA, 0x8C, 0xDB, 0x7E,
    0x9D, 0x72, 0x99, 0x2A, 0x5C, 0x72, 0x6E, 0xF3, 0xD5, 0x6E, 0x6F, 0x03, 0xAD, 0x8C, 0xDD, 0x27,
    0x23, 0x7D, 0x66, 0x4E, 0x83, 0xF4, 0xFD, 0xD2, 0xC5, 0x5C, 0x72, 0xD1, 0x14, 0xEC, 0x09, 0xCF,
    0xE0, 0x6F, 0x9F, 0xBA, 0x3B, 0xEF, 0xAE, 0xC1, 0xE8, 0xFE, 0x1D, 0x71, 0x91, 0x19, 0x21, 0xE2,
    0xCB, 0xEA, 0x74, 0x44, 0x47, 0xC6, 0x74, 0xC3, 0x36, 0x81, 0x51, 0xB5, 0x7E, 0x98, 0x09, 0xC2,
    0x45, 0xBB, 0x6A, 0xDC, 0x3C, 0xA7, 0x75, 0x65, 0xC4, 0x80, 0x7E, 0x02, 0x8A, 0x3A, 0x54, 0xEE,
    0xD8, 0xFD, 0x5E, 0x55, 0xE2, 0xE8, 0x9A, 0x7C, 0xAB, 0x15, 0xA4, 0xB5, 0x95, 0x5B, 0xE5, 0x2A,
    0x28, 0xD4, 0xFC, 0x9C, 0x48, 0x5F, 0x46, 0x0D, 0x55, 0x31, 0xA9, 0x39, 0xC5, 0x58, 0xA0, 0x0A,
    0xBA, 0x34, 0x89, 0x08, 0x61, 0x6B, 0x61, 0x94, 0x04, 0x5D, 0x32, 0x54, 0x0F, 0x15, 0x8A, 0xC0,
    0x15, 0x33, 0x74, 0xC6, 0x66, 0xDF, 0x9A, 0x1B, 0xA2, 0xE1, 0xBE, 0x18, 0x50, 0x18, 0x7E, 0xCE,
    0x74, 0xDC, 0x51, 0x02, 0x6A, 0x62, 0xAB, 0xE0, 0xB0, 0xE3, 0x4B, 0x77, 0x2F, 0x88, 0xC9, 0x1E,
    0xC4, 0xCD, 0xD8, 0x37, 0x10, 0xC4, 0x8A, 0x68, 0xE1, 0x6B, 0xCE, 0x07, 0x71, 0x7E, 0x43, 0x41,
    0xCC, 0x56, 0x14, 0x28, 0xFF, 0xD5, 0x2D, 0x51, 0xBF, 0xA9, 0xE0, 0x96, 0x2A, 0xE6, 0x70, 0x69,
    0x11, 0x55, 0xD7, 0x2A, 0x66, 0xD2, 0xFB, 0x95, 0x95, 0x19, 0xBA, 0xC9, 0x5A, 0x5F, 0xE9, 0x96,
    0xFA, 0x0A, 0xB7, 0x18, 0xE3, 0x33, 0xBB, 0xFD, 0x77, 0x42, 0x2F, 0x2D, 0xB9, 0x39, 0x3B, 0x9B,
    0x29, 0xE3, 0xD0, 0x5E, 0xBC, 0x6E, 0xC2, 0x3A, 0x71, 0xDA, 0xCF, 0x9F, 0x1E, 0x93, 0x7F, 0xF9,
    0x9E, 0xAB, 0xAF, 0x9B, 0xD4, 0x8A, 0x70, 0xD2, 0x03, 0xAF, 0x9B, 0x5C, 0x56, 0xE9, 0x1A, 0x99,
    0x31, 0x17, 0x75, 0xB0, 0x85, 0xC3, 0x96, 0x0E, 0x52, 0x0F, 0x3A, 0x5C, 0x1C, 0x7C, 0x1B, 0xE7,
    0xFC, 0x00, 0x2F, 0x97, 0xB0, 0x95, 0xFD, 0xA4, 0xA7, 0x9D, 0x3D, 0xF6, 0xBF, 0xD1, 0xA9, 0x68,
    0xD9, 0xA9, 0xB0, 0x42, 0x95, 0xD7, 0x4E, 0x28, 0xD1, 0xA4, 0x0F, 0x38, 0x5F, 0x6F, 0x46, 0xC4,
    0x85, 0xC5, 0x45, 0xBA, 0x92, 0xB2, 0x85, 0xA4, 0xFE, 0x6A, 0x46, 0x92, 0x0C, 0x20, 0x6A, 0xC3,
    0xDB, 0xD5, 0x9C, 0x8D, 0x1C, 0xBF, 0xA3, 0xBE, 0xC9, 0xFA, 0xA3, 0xF4, 0x07, 0xDA, 0x2C, 0xCE,
    0x76, 0x2D, 0x10, 0x46, 0xA8, 0x50, 0xF1, 0x07, 0x76, 0xBE, 0xC4, 0x77, 0xFC, 0x5B, 0xA1, 0xF7,
    0x3A, 0xC6, 0x9E, 0x38, 0xD1, 0x50, 0xAF, 0xBF, 0x06, 0x0D, 0x4A, 0x2D, 0x28, 0x11, 0xC6, 0x3A,
    0x5F, 0x79, 0x46, 0xBC, 0xDF, 0x62, 0xDA, 0xFE, 0xD6, 0xF4, 0xE1, 0xD6, 0x85, 0x2A, 0xEE, 0xE8,
    0x23, 0x64, 0xF9, 0x99, 0xA9, 0xFF, 0x7A, 0xC1, 0x8A, 0xF0, 0xDC, 0x57, 0x60, 0x09, 0x90, 0x04,
    0x18, 0x89, 0x13, 0x2A, 0x44, 0x2E, 0x0A, 0x07, 0x19, 0x14, 0x53, 0xBE, 0xCE, 0x96, 0xB9, 0x0C,
    0x2F, 0x97, 0xF3, 0x55, 0x9C, 0xBD, 0x56, 0xBC, 0xCA, 0x85, 0x18, 0xF5, 0x93, 0x47, 0x2A, 0xA0,
    0xF8, 0x59, 0x55, 0x8E, 0x8A, 0x89, 0xFA, 0x60, 0xBB, 0xEF, 0x3E, 0x6D, 0xAB, 0x8F, 0x87, 0x21,
    0xF4, 0xE0, 0xA0, 0xFA, 0x9C, 0x60, 0xB9, 0xA1, 0x7C, 0x93, 0x6C, 0x32, 0x97, 0xED, 0x42, 0x85,
    0x8F, 0xBC, 0x0D, 0x3F, 0xE1, 0xD5, 0xE9, 0x6B, 0x7E, 0xDB, 0x46, 0x26, 0x2F, 0x03, 0xCC, 0x71,
    0x10, 0xBC, 0x65, 0x91, 0x4C, 0x80, 0xB0, 0xC1, 0xD9, 0x10, 0x67, 0x03, 0x01, 0x34, 0x38, 0x27,
    0x00, 0xBB, 0x36, 0x7E, 0xF5, 0xDE, 0x0E, 0xF8, 0x9F, 0xEC, 0xED, 0x97, 0xEF, 0x73, 0xEB, 0x26,
    0xE4, 0x9D, 0xF1, 0x2B, 0x8F, 0x1E, 0xD5, 0xE9, 0xFF, 0x30, 0x84, 0x82, 0xE5, 0xA8, 0x10, 0x2C,
    0x44, 0x18, 0xB4, 0x0B, 0x87, 0x05, 0xCA, 0x64, 0x13, 0xEB, 0xF5, 0x5E, 0x71, 0xE8, 0xA0, 0xCF,
    0x2F, 0xB1, 0xF0, 0xFF, 0xED, 0x19, 0xCA, 0x74, 0x11, 0x28, 0x2B, 0x51, 0xA0, 0xD9, 0x37, 0xF0,
    0xAC, 0x1A, 0xBA, 0x16, 0xB8, 0x60, 0xAB, 0xA8, 0x41, 0xE7, 0xA2, 0x3E, 0xC3, 0xEE, 0x6E, 0xA1,
    0xDF, 0xA5, 0xC7, 0xCA, 0x07, 0x44, 0x8A, 0xEA, 0xD0, 0x39, 0xC6, 0xDD, 0x03, 0xC2, 0x88, 0xDA,
    0x6B, 0x4C, 0x90, 0x2E, 0x7B, 0xAE, 0xA8, 0xF1, 0x67, 0x81, 0x2C, 0x21, 0x6D, 0x0F, 0x24, 0x5E,
    0xF1, 0xCD, 0xBC, 0xC4, 0x52, 0xC6, 0x6B, 0x6B, 0x5D, 0x49, 0x78, 0xD1, 0x8C, 0x19, 0xAA, 0x8D,
    0x4E, 0x70, 0x9B, 0xED, 0x15, 0xF2, 0x8C, 0xC8, 0xD7, 0xF0, 0xAC, 0xF4, 0x5F, 0xFF, 0x4A, 0x7E,
    0xFF, 0x58, 0xDD, 0x23, 0xAA, 0xA5, 0xDA, 0x5E, 0x27, 0x32, 0xA7, 0x12, 0xB4, 0x71, 0x40, 0xC9,
    0x3C, 0xEA, 0x10, 0x8A, 0x99, 0xF4, 0x05, 0x1A, 0xC8, 0xA1, 0x62, 0xE5, 0xAE, 0xC5, 0x71, 0xB9,
    0x71, 0x61, 0x74, 0xBE, 0x85, 0x02, 0xF6, 0xD6, 0x16, 0xF5, 0x92, 0xCA, 0x50, 0x37, 0x36, 0xA8,
    0x5E, 0x33, 0xD9, 0x5B, 0x34, 0x36, 0x2B, 0xE7, 0x37, 0xDA, 0xDE, 0xCA, 0xAC, 0x88, 0x0E, 0x32,
    0xAA, 0xDD, 0x1D, 0x2F, 0x11, 0x40, 0xF9, 0x05, 0x9F, 0x88, 0xD4, 0xAF, 0x90, 0xA7, 0x04, 0xFB,
    0xC9, 0x1D, 0xFC, 0x41, 0x9B, 0x2C, 0x29, 0xDA, 0x33, 0x27, 0x52, 0xA0, 0x5B, 0x46, 0xE2, 0xEE,
    0x1F, 0x7D, 0x5D, 0x35, 0x91, 0xF0, 0x8A, 0xFA, 0xDA, 0xFD, 0x56, 0x2D, 0x8F, 0x40, 0x49, 0x59,
    0x54, 0x81, 0x42, 0xE6, 0x0E, 0x75, 0x2A, 0x0B, 0x13, 0x66, 0xB0, 0x04, 0xEC, 0xBB, 0xAC, 0x9A,
    0x82, 0x4A, 0xE0, 0xEE, 0x0D, 0xF3, 0x53, 0x78, 0x00, 0x0E, 0x29, 0x17, 0x60, 0x15, 0x81, 0xD8,
    0x3B, 0x14, 0x67, 0x74, 0x68, 0x26, 0x28, 0x00, 0x99, 0x40, 0x8C, 0xBB, 0x79, 0x60, 0xE2, 0x6B,
    0xE6, 0x26, 0x1F, 0x91, 0xD8, 0x85, 0x9C, 0xAC, 0xCC, 0xD5, 0x69, 0xDB, 0xE3, 0x1D, 0x17, 0x8E,
    0x56, 0x03, 0x56, 0x48, 0x48, 0xBA, 0xC5, 0xEB, 0xF0, 0xC5, 0xF2, 0x53, 0x5C, 0x06, 0x06, 0x58,
    0x22, 0xED, 0x99, 0x61, 0xE5, 0x0A, 0xAC, 0x6C, 0x33, 0x35, 0xA4, 0xEB, 0x3D, 0x07, 0x6B, 0x02,
    0xDE, 0x76, 0x8A, 0x13, 0xC6, 0xEB, 0x02, 0x50, 0x06, 0xDB, 0x99, 0x13, 0x19, 0x69, 0xD1, 0xDA,
    0xCD, 0xB6, 0x79, 0x2B, 0x1E, 0x9F, 0xC2, 0xE8, 0x7D, 0x0F, 0x2A, 0xAE, 0xF8, 0x73, 0xB9, 0x0A,
    0x37, 0x67, 0x11, 0x38, 0xE2, 0xB4, 0x5D, 0x19, 0x4B, 0x47, 0x13, 0x74, 0x55, 0x29, 0x97, 0xDD,
    0x57, 0xCA, 0x55, 0xF7, 0xA9, 0xBC, 0x57, 0x01, 0xB3, 0x55, 0x01, 0x9C, 0x8E, 0x13, 0x84, 0x75,
    0x81, 0x55, 0x40, 0xD0, 0xD1, 0x6F, 0xFB, 0x51, 0x85, 0x4C, 0x0D, 0x16, 0xF3, 0x16, 0xA7, 0xA7,
    0x5C, 0xE2, 0x37, 0xC4, 0x67, 0x5C, 0x03, 0xEA, 0x33, 0x4C, 0x37, 0xFC, 0x67, 0xEE, 0x73, 0x0B,
    0x91, 0xD9, 0x55, 0x4D, 0x95, 0x3C, 0x21, 0xEB, 0x2B, 0xE4, 0x8F, 0xEE, 0x48, 0x22, 0x7F, 0x97,
    0x8A, 0x93, 0x7F, 0x3B, 0xAC, 0x48, 0x2F, 0x8D, 0x4D, 0x48, 0x3E, 0x94, 0xA7, 0x47, 0x30, 0x83,
    0x80, 0xC0, 0xFE, 0x4F, 0x96, 0x34, 0x97, 0x74, 0xEA, 0xD8, 0x0A, 0xAE, 0x91, 0xBB, 0xD8, 0x03,
    0x5A, 0x1F, 0x74, 0xA8, 0x12, 0x50, 0x8C, 0xAA, 0xDC, 0x0B, 0x6B, 0x0E, 0xB4, 0xDD, 0x9F, 0x44,
    0xB3, 0x14, 0x2E, 0x33, 0x42, 0x67, 0xD7, 0x49, 0x8D, 0x54, 0xD3, 0x90, 0xF5, 0xBE, 0xC7, 0xD6,
    0xAA, 0x72, 0xDA, 0x06, 0xBF, 0xF6, 0xD2, 0xC1, 0x91, 0x32, 0xDD, 0xBB, 0x1C, 0x3B, 0xD9, 0x65,
    0xA2, 0x5C, 0x8F, 0x72, 0xE4, 0x5F, 0xEA, 0xBC, 0x48, 0x30, 0xFD, 0x65, 0xFC, 0x1C, 0xF9, 0x97,
    0x6F, 0x55, 0x29, 0xB0, 0x01, 0xC7, 0xFE, 0xC7, 0x56, 0x2B, 0x6C, 0xA0, 0xF6, 0x3C, 0x3C, 0x8E,
    0x99, 0xEA, 0xEF, 0xC7, 0xFC, 0x88, 0x0E, 0xF5, 0xB8, 0x6A, 0x35, 0xBB, 0x6B, 0x2A, 0xA3, 0x43,
    0x12, 0xF5, 0x1D, 0xA6, 0x20, 0xB6, 0x18, 0xAE, 0x10, 0x9C, 0x7C, 0x17, 0xE7, 0x5F, 0x7E, 0x71,
    0xFE, 0x15, 0x36, 0xFF, 0xF6, 0xC9, 0xC7, 0x50, 0x73, 0xDD, 0x12, 0xC5, 0x7B, 0x71, 0x56, 0xEC,
    0xA6, 0x02, 0x29, 0xB0, 0xDE, 0x6A, 0xB8, 0x25, 0x71, 0x57, 0xEA, 0xB1, 0x31, 0x2D, 0xD8, 0xB6,
    0xBD, 0x6A, 0xFF, 0xB8, 0x62, 0xAB, 0xC1, 0xAD, 0x6C, 0xDE, 0x53, 0x13, 0xEE, 0xF6, 0xAD, 0x21,
    0x6A, 0x8B, 0xAA, 0x46, 0xBE, 0x7B, 0x07, 0x3C, 0x62, 0x28, 0xAE, 0x13, 0x23, 0xAA, 0x3E, 0x9C,
    0xC7, 0x68, 0x14, 0x46, 0xC5, 0x29, 0xEF, 0x81, 0x25, 0x0A, 0x88, 0xD9, 0x3B, 0x60, 0x44, 0x4C,
    0x9F, 0x9F, 0x80, 0x32, 0xD8, 0xD9, 0xEF, 0xD9, 0x44, 0x78, 0xC1, 0x87, 0x6E, 0x67, 0xCA, 0x6A,
    0xF5, 0xD8, 0x60, 0xE9, 0xEC, 0x8B, 0x59, 0x39, 0x45, 0x35, 0x9E, 0x91, 0xB3, 0xC8, 0x33, 0x97,
    0x3E, 0x55, 0x6E, 0x0B, 0x55, 0x6E, 0x46, 0xFC, 0x94, 0x27, 0x8D, 0xFD, 0x51, 0xD7, 0xA7, 0x41,
    0xF9, 0x5D, 0xBB, 0x21, 0x1D, 0x95, 0x7F, 0xAE, 0x1B, 0xB2, 0x5E, 0x39, 0x74, 0x43, 0xA1, 0x26,
    0x7D, 0xB9, 0x72, 0xA9, 0xA1, 0xFF, 0x8A, 0xA1, 0x1B, 0x8E, 0x94, 0xBF, 0xA1, 0xEF, 0x86, 0x5B,
    0xCA, 0xDF, 0x52, 0x77, 0x4F, 0x4C, 0xCA, 0x27, 0xAE, 0x7B, 0x6A, 0x54, 0x56, 0xD7, 0xDD, 0xE9,
    0x95, 0x67, 0xD7, 0x08, 0x52, 0x07, 0x85, 0x33, 0x18, 0x77, 0x3C, 0xC0, 0xFD, 0xC5, 0x3F, 0x69,
    0x94, 0x15, 0x65, 0x98, 0x30, 0x16, 0x9D, 0x60, 0x9B, 0xCC, 0xA5, 0xF5, 0x2D, 0xF2, 0x9A, 0xCB,
    0xCF, 0x2F, 0xCD, 0xE8, 0xF4, 0x8F, 0x23, 0x13, 0xB0, 0x37, 0x0B, 0x81, 0xF1, 0xFC, 0xAC, 0x07,
    0x76, 0xC0, 0xC3, 0x73, 0xDC, 0x88, 0x9F, 0x42, 0xCF, 0xF2, 0x35, 0x48, 0xD8, 0x86, 0x37, 0x28,
    0x16, 0xCC, 0xD8, 0x63, 0xA8, 0xD4, 0x62, 0xBA, 0x4A, 0xDF, 0xE1, 0xC2, 0x44, 0x4F, 0x75, 0x0F,
    0x58, 0x67, 0xB0, 0x94, 0xE9, 0xBB, 0x85, 0xBE, 0xAC, 0xD6, 0x7B, 0x59, 0x98, 0xAC, 0x24, 0xB7,
    0xDA, 0xE5, 0x91, 0xC5, 0xEA, 0x08, 0xBB, 0x1E, 0x9A, 0xCC, 0xAC, 0x00, 0xB6, 0x4B, 0x6B, 0x99,
    0x55, 0x06, 0x45, 0x0F, 0x0A, 0x65, 0xCD, 0x39, 0xE6, 0x1D, 0x2B, 0xF9, 0x5B, 0x20, 0xFF, 0xEC,
    0x4C, 0x7A, 0x2E, 0x9C, 0xBF, 0x46, 0x78, 0xE1, 0xAF, 0x12, 0xF2, 0x68, 0x34, 0x91, 0x8A, 0x91,
    0xE4, 0xD9, 0x31, 0xB9, 0xD0, 0xA3, 0x81, 0x8C, 0xA3, 0x93, 0xCD, 0x1F, 0x9B, 0x13, 0xAC, 0xF2,
    0x15, 0x7D, 0x24, 0x7A, 0xAC, 0xE9, 0x7A, 0xB3, 0x8B, 0xAA, 0x5C, 0x37, 0x65, 0x43, 0x82, 0x9B,
    0x71, 0x99, 0xAA, 0x6C, 0x23, 0x79, 0xBB, 0xAF, 0xC1, 0xE8, 0xD0, 0x14, 0x68, 0x50, 0xD3, 0x6E,
    0xC7, 0x68, 0xC1, 0x67, 0x3F, 0x87, 0xCF, 0x67, 0x6C, 0xC1, 0x53, 0xA9, 0x31, 0x0A, 0x7E, 0xBD,
    0x79, 0x82, 0x09, 0x2B, 0xA3, 0x1E, 0x56, 0xFD, 0x4C, 0x30, 0x20, 0xE0, 0x27, 0xF7, 0xDD, 0xC8,
    0x4F, 0x1F, 0xF2, 0x46, 0xBE, 0x67, 0x6E, 0x4C, 0x5B, 0x2D, 0xDF, 0x40, 0x31, 0xD4, 0xC8, 0x94,
    0x44, 0x99, 0x3B, 0x5C, 0x5D, 0x78, 0xED, 0x43, 0x18, 0xD8, 0x17, 0xC2, 0xEC, 0x52, 0x78, 0x1B,
    0xAD, 0xD6, 0xE3, 0x43, 0x3D, 0xB6, 0x92, 0x92, 0x3F, 0x3D, 0x31, 0xC9, 0xFD, 0x25, 0xB6, 0x00,
    0xAE, 0x5A, 0x71, 0x2B, 0x00, 0x5B, 0xFC, 0x22, 0xB3, 0x3B, 0xF6, 0x91, 0x2D, 0xEE, 0xA3, 0x17,
    0xFF, 0x3D, 0xE5, 0xE1, 0xDD, 0x05, 0xC1, 0xF4, 0x74, 0xC5, 0x9A, 0x12, 0x82, 0x0E, 0xBA, 0x4F,
    0x86, 0x5C, 0x86, 0x43, 0x28, 0xEF, 0x4C, 0x1A, 0xA1, 0xC3, 0x9A, 0x8D, 0x5E, 0xA7, 0xDF, 0x70,
    0x84, 0xC4, 0xBA, 0x8E, 0x8B, 0x5F, 0xFF, 0x09, 0xB4, 0x96, 0x01, 0x84, 0x20, 0xC9, 0x15, 0x86,
    0xBF, 0xEE, 0xCE, 0x5D, 0x49, 0x1A, 0x05, 0x87, 0xB8, 0x13, 0x05, 0x87, 0xD8, 0xC4, 0x35, 0x00,
    0xDC, 0x4E, 0xB5, 0x3B, 0x00, 0x80, 0x00, 0x81, 0x20, 0x88, 0x0D, 0x16, 0x00, 0x76, 0xA7, 0x9B,
    0x05, 0x80, 0x81, 0x00, 0xB0, 0x98, 0x90, 0xCC, 0x22, 0x00, 0x87, 0xC9, 0x74, 0xC5, 0xE2, 0x00,
    0x69, 0x20, 0x08, 0xAE, 0xC9, 0x22, 0x2E, 0x48, 0x91, 0x22, 0xB5, 0xBB, 0xD5, 0xFD, 0x52, 0x55,
    0x1D, 0x77, 0x17, 0x2B, 0x36, 0xC1, 0xBD, 0x79, 0xEF, 0xFB, 0x99, 0xA9, 0xD7, 0xBC, 0xF7, 0x77,
    0xB5, 0xA1, 0x8D, 0xE8, 0x03, 0x23, 0x25, 0xF5, 0x8E, 0x8A, 0x7C, 0x15, 0xCA, 0xD1, 0x3B, 0xB4,
    0xC3, 0xCC, 0x0C, 0x33, 0x76, 0x64, 0x1A, 0x59, 0x40, 0x68, 0x84, 0xAE, 0xA6, 0x3A, 0xD0, 0x39,
    0x77, 0x86, 0x1D, 0x9B, 0x4A, 0xDE, 0xBB, 0x06, 0xF8, 0xAC, 0x20, 0x16, 0x04, 0x60, 0x90, 0x2B,
    0x3A, 0x91, 0x88, 0xF9, 0x87, 0xEC, 0x4C, 0xCF, 0xBF, 0x38, 0x1A, 0xF9, 0xF4, 0xF3, 0xBD, 0x13,
    0xF5, 0x3C, 0xF5, 0x47, 0xFF, 0x7C, 0xD3, 0x49, 0xCF, 0x0C, 0x49, 0x8F, 0xD8, 0xA8, 0xC1, 0x06,
    0x03, 0x53, 0x18, 0x0A, 0x2E, 0x0A, 0xEE, 0x17, 0x7C, 0x0C, 0x36, 0x3E, 0x62, 0xB6, 0xFB, 0x67,
    0x9D, 0x33, 0x12, 0x1E, 0xCE, 0x4A, 0x44, 0x68, 0x44, 0x22, 0x7C, 0xF0, 0x6A, 0x84, 0x76, 0x03,
    0xBA, 0xB5, 0xC0, 0x01, 0xB0, 0x1C, 0x80, 0x16, 0xD9, 0x60, 0x3A, 0x24, 0xD0, 0x88, 0xB3, 0x91,
    0x4E, 0x30, 0x95, 0x3A, 0xD4, 0x01, 0x56, 0xFA, 0x1D, 0x40, 0x9D, 0x3C, 0x0A, 0xBB, 0xC2, 0x4E,
    0x44, 0x42, 0xA5, 0xA7, 0x7D, 0x26, 0x37, 0x4F, 0x29, 0x5D, 0x40, 0xFB, 0x0D, 0x76, 0x27, 0x6B,
    0x6F, 0x1F, 0x0B, 0xF5, 0x5A, 0x78, 0xF1, 0x93, 0x42, 0x91, 0x17, 0xCA, 0x29, 0xC9, 0xB1, 0xDA,
    0xC2, 0xD1, 0xFE, 0xEA, 0xA1, 0x44, 0xDE, 0x83, 0xE5, 0x8A, 0x1A, 0x3F, 0x84, 0x1F, 0x73, 0x67,
    0xC2, 0x25, 0x93, 0xC8, 0x8E, 0x39, 0x96, 0x80, 0xDE, 0x94, 0xC7, 0xCC, 0x4D, 0x60, 0x80, 0x88,
    0x85, 0xDB, 0x13, 0x03, 0xA4, 0xF3, 0x0F, 0x7A, 0x55, 0xFE, 0x3C, 0x5C, 0xDB, 0x1E, 0x9B, 0x78,
    0xC9, 0x87, 0xF0, 0x7D, 0x6A, 0xF4, 0x22, 0x4F, 0x24, 0x9D, 0x44, 0x3C, 0xD3, 0xCA, 0xE4, 0xB1,
    0x23, 0xD6, 0xF3, 0x98, 0xC2, 0x04, 0x43, 0x68, 0x7D, 0x66, 0xEC, 0x36, 0x30, 0x49, 0x3B, 0xD0,
    0xC9, 0x50, 0x78, 0x01, 0xF4, 0xFB, 0x6D, 0xDD, 0x46, 0xA8, 0x33, 0x6E, 0xA0, 0xEB, 0x1E, 0x4E,
    0x7E, 0xEF, 0x99, 0x7C, 0x79, 0x05, 0x4A, 0x80, 0x7B, 0xBF, 0x93, 0x9B, 0x99, 0x32, 0x9D, 0x63,
    0xAA, 0x44, 0xEF, 0x00, 0x43, 0x2A, 0xB4, 0x85, 0x3F, 0x12, 0xB9, 0xA6, 0x9C, 0x09, 0x94, 0x33,
    0x1E, 0xD2, 0x7F, 0x06, 0x67, 0xBC, 0xF9, 0xEB, 0x77, 0xE5, 0x8A, 0xD2, 0x93, 0xA0, 0x95, 0xBF,
    0x1F, 0xA0, 0x52, 0x2B, 0xA0, 0x3D, 0x32, 0xA2, 0x37, 0x16, 0x30, 0x1B, 0x97, 0x95, 0x1F, 0x66,
    0x7A, 0xEA, 0x04, 0xE7, 0x12, 0x46, 0xC0, 0x48, 0xA8, 0x0F, 0x38, 0x80, 0x64, 0x65, 0xA5, 0x0D,
    0x4A, 0x3C, 0x5D, 0x60, 0x8A, 0x74, 0xB1, 0x9C, 0xED, 0x0E, 0xBA, 0x44, 0x2B, 0x6B, 0x9B, 0x40,
    0x62, 0x1B, 0xCB, 0xF9, 0x27, 0x1E, 0xB4, 0xBC, 0x5E, 0xA1, 0x91, 0xFA, 0xA0, 0xE1, 0x80, 0x73,
    0x64, 0x40, 0x46, 0x5A, 0x98, 0x46, 0xCC, 0x58, 0x68, 0x67, 0x26, 0xB0, 0x8E, 0x25, 0x73, 0x63,
    0xCF, 0x8C, 0x2A, 0x82, 0xAE, 0xB3, 0xB6, 0x22, 0x33, 0xF0, 0xFE, 0x35, 0x30, 0xCC, 0x7A, 0x9E,
    0x9C, 0xDD, 0x96, 0xD5, 0x6E, 0x59, 0xD7, 0x61, 0x34, 0x33, 0xBC, 0x73, 0x33, 0x02, 0xCD, 0x22,
    0xC7, 0x69, 0x5E, 0x7D, 0x63, 0x5F, 0xF0, 0x30, 0xD1, 0x1C, 0xD4, 0xEB, 0x16, 0x80, 0xC1, 0xE9,
    0xB5, 0x95, 0xAD, 0x5F, 0xCD, 0x3C, 0x48, 0xEA, 0xBC, 0x65, 0x19, 0x8F, 0x26, 0x5C, 0x34, 0x09,
    0x4B, 0x7A, 0xD4, 0x05, 0x3E, 0xE6, 0xD1, 0xAD, 0xF2, 0xC0, 0xFD, 0xD8, 0x17, 0xB9, 0x88, 0x7A,
    0xFB, 0xAF, 0x72, 0xDB, 0xD7, 0x93, 0x67, 0xC3, 0xA3, 0xC7, 0x5D, 0xA4, 0xE1, 0xD6, 0xB6, 0x89,
    0x9E, 0x38, 0x8C, 0x32, 0x5E, 0xB6, 0x5E, 0xBB, 0x41, 0x92, 0xDA, 0x94, 0xCF, 0x36, 0x18, 0xD7,
    0xEE, 0xC0, 0x32, 0xB2, 0x9C, 0x37, 0xC6, 0xC8, 0xB3, 0x73, 0xBA, 0x73, 0x3F, 0x1F, 0xC8, 0x0B,
    0xA0, 0xB9, 0xFE, 0x0E, 0x83, 0xC4, 0xE6, 0xE8, 0xA3, 0x4A, 0x7D, 0xD0, 0xA1, 0xF7, 0xC6, 0x6B,
    0x6F, 0x37, 0xBD, 0xE5, 0x61, 0x73, 0x95, 0x9F, 0x32, 0xF8, 0x17, 0xCE, 0xBC, 0x36, 0x7F, 0x53,
    0xB1, 0x0F, 0x34, 0x4F, 0x9B, 0x2B, 0xD4, 0xA6, 0x1D, 0xC6, 0xD9, 0x99, 0x65, 0x14, 0xDA, 0xA3,
    0x4B, 0xF4, 0xC9, 0x04, 0xAC, 0x9F, 0x3C, 0xD3, 0x26, 0x8E, 0xC5, 0xC9, 0xCC, 0xB4, 0x8A, 0xA3,
    0xAC, 0x0E, 0xED, 0x87, 0x95, 0xDE, 0xEB, 0x8D, 0x2E, 0x28, 0x4F, 0x93, 0xBA, 0x00, 0xB7, 0x44,
    0x1E, 0xDC, 0xDC, 0xDC, 0x8C, 0x8B, 0x88, 0xCC, 0x15, 0x80, 0x7E, 0x0B, 0xAC, 0x24, 0x2B, 0x71,
    0x92, 0xB0, 0x88, 0xFF, 0x3F, 0xCC, 0xF8, 0x93, 0x1C, 0x73, 0x36, 0xE3, 0x89, 0x48, 0x2C, 0x66,
    0xD8, 0xA6, 0x98, 0x81, 0xAD, 0x66, 0x14, 0xC9, 0x66, 0x54, 0xB9, 0x1F, 0xAB, 0x5C, 0x14, 0xD9,
    0xAB, 0x48, 0x38, 0xC5, 0x55, 0xD1, 0x6B, 0x36, 0x03, 0xAB, 0x3C, 0xF7, 0xB3, 0x74, 0x21, 0x9B,
    0x81, 0x25, 0x71, 0x5B, 0xBA, 0xEE, 0x8A, 0x19, 0xD3, 0x68, 0x3F, 0xF1, 0xFA, 0x73, 0x09, 0xE6,
    0x9F, 0x5B, 0xB5, 0x6B, 0xF8, 0x5F, 0xCC, 0xB8, 0x97, 0x17, 0xF1, 0x1B, 0x2B, 0x22, 0xB1, 0x20,
    0xF0, 0x60, 0x44, 0xD5, 0x2B, 0x9C, 0xB0, 0xF3, 0x82, 0xC5, 0x72, 0xC9, 0x30, 0x3E, 0xCE, 0x95,
    0x15, 0x3B, 0x4E, 0x98, 0xD7, 0x3B, 0xBD, 0x44, 0x9A, 0xE5, 0x0A, 0x3A, 0xCF, 0x5B, 0xF0, 0xF5,
    0x96, 0x1F, 0x3C, 0x7B, 0x75, 0x33, 0xBE, 0xBD, 0xE3, 0xEB, 0x78, 0xC3, 0xA6, 0x77, 0x7E, 0x0D,
    0x93, 0x38, 0x0E, 0xE3, 0xDB, 0xA4, 0x7D, 0x1B, 0xB4, 0xE7, 0x67, 0xB9, 0x30, 0x2B, 0xD8, 0x19,
    0x76, 0xEA, 0xE6, 0x8D, 0x83, 0x3B, 0xC6, 0x2E, 0x34, 0xCE, 0xCC, 0x9D, 0x9B, 0x44, 0xE6, 0x52,
    0x4B, 0x19, 0xBC, 0xF9, 0x2D, 0x4C, 0xB2, 0x72, 0xE4, 0xFE, 0xD4, 0x87, 0x26, 0xF6, 0x81, 0xF7,
    0xEA, 0x33, 0xB6, 0xBA, 0x2C, 0x1B, 0xE0, 0x9E, 0x8C, 0x60, 0x1D, 0x0C, 0xEB, 0x0F, 0x30, 0xEB,
    0x65, 0xD6, 0x09, 0x3B, 0xDB, 0x2F, 0x0F, 0x94, 0x94, 0x63, 0xA1, 0x91, 0xB5, 0x13, 0x74, 0x64,
    0x58, 0xB9, 0x03, 0x94, 0x8C, 0x39, 0xB3, 0xD0, 0x0B, 0xA5, 0x8A, 0x68, 0x41, 0x17, 0x39, 0x4A,
    0x62, 0xF6, 0x92, 0x0C, 0xA9, 0x64, 0x29, 0x9B, 0x28, 0x65, 0x23, 0xA5, 0x8A, 0x4C, 0xA1, 0x24,
    0x8B, 0x2F, 0x89, 0xF8, 0x92, 0x55, 0x36, 0x72, 0x35, 0x59, 0x72, 0x75, 0xB2, 0xD2, 0x8A, 0xEF,
    0xB3, 0x74, 0x12, 0x3E, 0x92, 0x6D, 0xEE, 0x44, 0xA2, 0xC8, 0xA6, 0xFE, 0x28, 0xDB, 0x22, 0x73,
    0xFF, 0x07, 0x19, 0x4D, 0x44, 0x3B, 0x00, 0xCC, 0x29, 0xC3, 0x29, 0xF6, 0xDF, 0xB2, 0x9E, 0xF2,
    0xF2, 0x94, 0xE3, 0x94, 0x74, 0x36, 0x6C, 0x55, 0x1A, 0xC9, 0xE1, 0x74, 0xE5, 0x20, 0xC7, 0x4F,
    0x03, 0x56, 0x0E, 0xB5, 0x31, 0x65, 0xAE, 0x2C, 0x6F, 0x70, 0xFA, 0x06, 0x6D, 0xE5, 0x50, 0xA9,
    0x2B, 0xDB, 0x4A, 0xB8, 0xAC, 0xBC, 0xF8, 0x16, 0x78, 0xA9, 0x36, 0x68, 0x0E, 0x15, 0xCA, 0x3C,
    0x4A, 0xDC, 0x49, 0x6A, 0x98, 0x75, 0xF2, 0x4B, 0x90, 0xB0, 0xF8, 0xC1, 0xF1, 0x5D, 0xB8, 0x0F,
    0x76, 0x64, 0xD9, 0xD0, 0x01, 0x15, 0xE8, 0xC3, 0x47, 0x8B, 0xB7, 0xE2, 0x86, 0x97, 0xD0, 0x26,
    0x86, 0xF8, 0xAE, 0x04, 0xFD, 0x67, 0xDF, 0x68, 0x8F, 0xDE, 0x30, 0x6B, 0xC9, 0xC1, 0x61, 0x73,
    0xCE, 0x5F, 0xFD, 0x7F, 0xF3, 0x4B, 0xF9, 0xEB, 0x22, 0x89, 0xA6, 0xBE, 0x91, 0x6B, 0x7B, 0x68,
    0xAF, 0xA2, 0x8A, 0x99, 0x69, 0xD8, 0x54, 0xB2, 0xAE, 0x8F, 0xB9, 0xC2, 0xE4, 0xB4, 0xB7, 0x6E,
    0x28, 0xDF, 0xB3, 0x59, 0xBF, 0xDA, 0x8B, 0x7D, 0xF0, 0x73, 0x9E, 0xC2, 0xEF, 0x49, 0x30, 0xB1,
    0x53, 0xEF, 0x19, 0xD6, 0x4D, 0x33, 0xE5, 0xDB, 0x87, 0x09, 0x83, 0x47, 0x27, 0x13, 0xD0, 0x31,
    0x63, 0x08, 0xD6, 0x9F, 0x5F, 0x34, 0xF9, 0x44, 0x68, 0xF7, 0x2E, 0xA2, 0xBC, 0xDE, 0xD0, 0x6E,
    0x98, 0xEB, 0xE5, 0x04, 0x7E, 0x01, 0x5C, 0x43, 0xBB, 0xE7, 0x0A, 0x60, 0x12, 0xA8, 0x8D, 0xF6,
    0x75, 0x56, 0xED, 0xE8, 0xFE, 0x12, 0xEB, 0xBC, 0xCD, 0xA7, 0x81, 0xF3, 0x5D, 0xCD, 0x9A, 0x80,
    0xDE, 0xD3, 0x05, 0x40, 0x7B, 0xFA, 0x0D, 0xEA, 0xB0, 0xAE, 0xAE, 0x0B, 0x4B, 0x51, 0xC7, 0x1D,
    0xEF, 0x8F, 0x0C, 0xAE, 0x49, 0x4C, 0x33, 0xD6, 0x75, 0xBE, 0x91, 0x11, 0x3B, 0xF7, 0xAB, 0x12,
    0xEE, 0xC9, 0x4B, 0x33, 0x9B, 0x05, 0x2B, 0xBB, 0xE5, 0x5F, 0xE5, 0x5B, 0x01, 0xA4, 0x26, 0xD7,
    0xF5, 0xBF, 0x33, 0xF3, 0xCF, 0xCE, 0xDF, 0x5E, 0x5C, 0x48, 0x55, 0x13, 0x4C, 0x01, 0xAD, 0x54,
    0x06, 0x80, 0x8A, 0x9D, 0x21, 0x58, 0x04, 0x09, 0x6C, 0x8B, 0x22, 0x45, 0xA1, 0x60, 0x01, 0x8A,
    0xEC, 0xCE, 0x44, 0x11, 0x40, 0x16, 0x00, 0x50, 0x04, 0xED, 0x06, 0x0F, 0x0A, 0x78, 0xAF, 0x33,
    0x69, 0x09, 0x04, 0x9D, 0x2A, 0x00, 0x3A, 0x34, 0x9A, 0x4A, 0xB0, 0x57, 0x4D, 0x74, 0x76, 0x73,
    0xE7, 0x9E, 0xCE, 0xF9, 0xFD, 0xC6, 0xF8, 0x76, 0xBF, 0xBC, 0x26, 0x42, 0xE5, 0xF3, 0xDE, 0xB5,
    0xEF, 0xFE, 0xEE, 0xE7, 0x9B, 0x9D, 0xFB, 0x3B, 0xE7, 0x9E, 0x39, 0xF7, 0x9C, 0x33, 0xF7, 0x7B,
    0x0B, 0x7B, 0xDE, 0x92, 0xF8, 0xB8, 0x42, 0x32, 0x67, 0x1F, 0x2C, 0x78, 0x98, 0x5D, 0x1A, 0x10,
    0xED, 0xBC, 0x92, 0x29, 0x96, 0xED, 0xE6, 0x29, 0x93, 0x15, 0x07, 0x90, 0x50, 0x2E, 0xE9, 0x0C,
    0x2E, 0xAB, 0x5C, 0xCA, 0x05, 0x9C, 0x53, 0x11, 0x63, 0xCA, 0x5A, 0x03, 0x2B, 0xCA, 0x97, 0xFC,
    0x86, 0xF2, 0xE9, 0x2A, 0x17, 0x90, 0x8B, 0xF2, 0x55, 0x35, 0xE4, 0x53, 0xB9, 0x54, 0xBE, 0x24,
    0x50, 0xBE, 0xCC, 0x53, 0x3E, 0xCA, 0xE5, 0x55, 0x14, 0xC8, 0x57, 0x19, 0xCA, 0x77, 0x01, 0x5C,
    0xE5, 0xD2, 0x0D, 0xB7, 0x5C, 0xE5, 0x12, 0x95, 0xAB, 0x77, 0x7F, 0x0D, 0x58, 0xE5, 0xE2, 0x1D,
    0x5F, 0x8E, 0xAB, 0x7C, 0x55, 0x36, 0xAE, 0x6B, 0x27, 0xCB, 0x92, 0x3C, 0x28, 0x7B, 0x12, 0xAD,
    0x5A, 0x12, 0xED, 0x18, 0xC5, 0xA5, 0x94, 0x8B, 0x13, 0x35, 0xE0, 0xA3, 0x72, 0x29, 0x0F, 0x5D,
    0x0B, 0x3B, 0x66, 0xB5, 0x5E, 0x5E, 0xD5, 0x16, 0x9C, 0xE5, 0x61, 0x87, 0x6B, 0x44, 0xE5, 0xBA,
    0x6F, 0x12, 0xD1, 0x0D, 0xE4, 0x46, 0xAC, 0x8D, 0xF9, 0x8E, 0xC6, 0x3E, 0x1E, 0xF7, 0x90, 0xDB,
    0x33, 0x74, 0xB3, 0x64, 0x01, 0xEB, 0x19, 0x56, 0x54, 0xB9, 0x9F, 0xCF, 0xF1, 0x54, 0x43, 0x20,
    0xCC, 0xD3, 0xF4, 0x58, 0xFF, 0xE2, 0x31, 0xD7, 0xB3, 0x90, 0x16, 0xEB, 0x69, 0xAA, 0x51, 0xE9,
    0xE8, 0x75, 0x45, 0xFF, 0xDC, 0x1B, 0x37, 0x57, 0xAC, 0x4C, 0x31, 0x56, 0xC6, 0x8D, 0x7F, 0x30,
    0x8D, 0xDA, 0xE2, 0x07, 0x21, 0x91, 0xBE, 0x10, 0x79, 0xD5, 0xE7, 0x8F, 0xFA, 0x1B, 0xF2, 0xB1,
    0x1D, 0x8A, 0xAA, 0x87, 0x46, 0xDE, 0x52, 0xF9, 0x4C, 0x65, 0x7C, 0x53, 0x1B, 0x65, 0xD0, 0x77,
    0x58, 0x4F, 0x67, 0x04, 0xEB, 0x59, 0x89, 0xCC, 0x2A, 0x77, 0x23, 0x32, 0x41, 0xEE, 0x64, 0x81,
    0xDC, 0xAA, 0x07, 0x90, 0xC8, 0x02, 0xD5, 0xD4, 0x49, 0x0F, 0x35, 0x89, 0x50, 0x6F, 0xEA, 0x05,
    0x41, 0x91, 0x1D, 0xE2, 0x3F, 0xAC, 0xD4, 0x51, 0xB3, 0x90, 0x90, 0x6C, 0x28, 0xA3, 0xC1, 0x83,
    0xDC, 0xA8, 0x75, 0xAB, 0xD5, 0x58, 0x61, 0xE0, 0x08, 0xAF, 0x09, 0x67, 0x09, 0x1F, 0xF9, 0x58,
    0x3B, 0xA9, 0xC5, 0x27, 0xD2, 0x77, 0x3E, 0x95, 0xBE, 0x99, 0x33, 0xA9, 0xCB, 0xF8, 0x66, 0x34,
    0x16, 0xAC, 0x3B, 0x55, 0x33, 0x9C, 0x32, 0x5A, 0xB6, 0x61, 0x22, 0x2A, 0x31, 0x67, 0x3A, 0x74,
    0x80, 0xA0, 0x8F, 0xF6, 0x73, 0x73, 0xDC, 0x30, 0x3B, 0xB1, 0x09, 0x44, 0x21, 0xA6, 0x1B, 0xE6,
    0x8F, 0x88, 0xEE, 0xCF, 0x0B, 0xB0, 0x78, 0x9D, 0x58, 0xB9, 0x08, 0xBC, 0xD8, 0x88, 0xCC, 0xC4,
    0xCC, 0x5B, 0x60, 0x3E, 0x12, 0x5D, 0x9F, 0x33, 0xA4, 0xAC, 0x73, 0xE1, 0x92, 0x64, 0xC0, 0x78,
    0xE7, 0xA7, 0xD2, 0xD3, 0x3D, 0x2B, 0x66, 0x44, 0xB5, 0xBF, 0x54, 0xD1, 0xF5, 0x54, 0x52, 0x59,
    0xD3, 0xD7, 0x34, 0x86, 0x18, 0xA9, 0xA4, 0x14, 0xD1, 0xC9, 0x64, 0xEE, 0xCA, 0x68, 0xCE, 0x24,
    0xD6, 0x9D, 0xEA, 0x4C, 0xA4, 0x96, 0x0D, 0xCD, 0xAE, 0x21, 0xEA, 0x98, 0x02, 0x7A, 0xE2, 0xA6,
    0x28, 0xE6, 0x31, 0x3A, 0x25, 0xF1, 0x66, 0x7D, 0xBD, 0xF4, 0x63, 0x65, 0x53, 0x0F, 0x3F, 0x22,
    0x20, 0x81, 0x1D, 0x95, 0x03, 0x08, 0xCE, 0xD6, 0xD3, 0xCB, 0xA4, 0x93, 0xE2, 0x0B, 0xEA, 0xF0,
    0xAF, 0x91, 0x7E, 0xF6, 0xD6, 0xD5, 0x37, 0x41, 0x4C, 0xFC, 0xCB, 0x54, 0x5B, 0x84, 0x00, 0xEE,
    0x11, 0x05, 0x2C, 0x53, 0xF1, 0x8A, 0x3F, 0x54, 0x37, 0xC2, 0x76, 0xAD, 0xEC, 0x28, 0xF3, 0xB4,
    0x0F, 0x37, 0xE7, 0x81, 0x68, 0x77, 0x24, 0xC1, 0xCC, 0x5F, 0x47, 0xBD, 0xEC, 0xFE, 0xB7, 0x23,
    0xFF, 0x24, 0x0A, 0xE5, 0xF2, 0x05, 0x71, 0x74, 0xF5, 0x86, 0x06, 0x38, 0x95, 0x9B, 0xFC, 0x91,
    0xD8, 0x5D, 0xA2, 0x8F, 0x0D, 0xDD, 0xDF, 0x36, 0x7D, 0xBC, 0xFB, 0xE5, 0xFA, 0x08, 0xC4, 0x6C,
    0xBA, 0x44, 0x1F, 0xED, 0xD3, 0xFA, 0x90, 0x87, 0xEF, 0x7F, 0x2D, 0x7D, 0xB4, 0xDF, 0x5C, 0x1F,
    0xA2, 0xCD, 0x3C, 0x33, 0xBC, 0x21, 0xF2, 0xE9, 0xFB, 0x64, 0x9E, 0x7D, 0x22, 0xAD, 0xA1, 0x30,
    0xF6, 0x23, 0xA9, 0xCD, 0x05, 0xAF, 0x55, 0x39, 0xCE, 0x31, 0xBC, 0xAF, 0x43, 0x4A, 0x1F, 0x8A,
    0x08, 0xD4, 0x05, 0x2F, 0x96, 0x6D, 0x68, 0x87, 0x32, 0x6C, 0xC3, 0xA2, 0xAD, 0x30, 0x84, 0x84,
    0x55, 0x7C, 0xF8, 0x5B, 0x0C, 0x83, 0x69, 0x44, 0x02, 0xB5, 0x6D, 0x3A, 0x1D, 0x42, 0x33, 0x48,
    0x4F, 0xA8, 0x9C, 0x7D, 0x58, 0x21, 0xC4, 0x43, 0x43, 0x49, 0x8B, 0x6B, 0x10, 0x57, 0x2D, 0x71,
    0x98, 0x7B, 0x93, 0xA9, 0x62, 0x10, 0x3E, 0x61, 0x98, 0xF7, 0x88, 0xAA, 0x54, 0xAD, 0xBA, 0xED,
    0x77, 0xAC, 0xCA, 0x14, 0x3D, 0x94, 0xE3, 0x04, 0x5F, 0x96, 0x32, 0xAE, 0x02, 0xDF, 0xF9, 0x89,
    0xD4, 0xA6, 0x11, 0x6F, 0x37, 0x35, 0x74, 0xE2, 0x1D, 0x87, 0xDA, 0xEE, 0xA2, 0x0C, 0xC4, 0xBD,
    0xDE, 0x74, 0xB1, 0x13, 0xA3, 0xF7, 0xD4, 0x1B, 0x14, 0x51, 0x6F, 0x89, 0x62, 0x8E, 0x40, 0xED,
    0x59, 0xC4, 0xCC, 0xD9, 0xC7, 0x7A, 0xC5, 0xC1, 0x96, 0x57, 0x10, 0xCA, 0x08, 0xA8, 0x16, 0x40,
    0x13, 0x0E, 0xA1, 0x9B, 0x2F, 0x87, 0xED, 0x92, 0x6A, 0x03, 0x0D, 0x58, 0x78, 0x4F, 0x5B, 0x1B,
    0x2B, 0x03, 0xE2, 0x24, 0x91, 0xB3, 0xC5, 0x6C, 0x15, 0x2E, 0xFD, 0xC8, 0xA0, 0xE4, 0x57, 0x9B,
    0xC6, 0x6A, 0xC2, 0x40, 0x36, 0x1E, 0xE0, 0x08, 0x7C, 0x2C, 0x7E, 0x4C, 0xDD, 0x35, 0x52, 0x03,
    0x38, 0xEF, 0x66, 0x8A, 0x5A, 0xBB, 0x24, 0x8F, 0x81, 0x62, 0x78, 0x80, 0x9D, 0x00, 0x49, 0xD8,
    0x8B, 0x89, 0xCF, 0x34, 0x58, 0x95, 0x37, 0x25, 0xC1, 0xC8, 0xE3, 0x3B, 0x8D, 0x5A, 0xAA, 0x16,
    0x10, 0x11, 0x5E, 0xD9, 0x15, 0x64, 0x85, 0x7E, 0x03, 0x5A, 0x30, 0xA3, 0x31, 0x40, 0x4F, 0x0E,
    0x1B, 0x7C, 0xFA, 0x50, 0x43, 0xE4, 0xED, 0x31, 0x20, 0x50, 0xBD, 0x3B, 0x44, 0xC0, 0x66, 0x7E,
    0x25, 0x80, 0x4A, 0x23, 0xDC, 0xA3, 0x60, 0x01, 0x1C, 0x92, 0xC0, 0x15, 0x9B, 0x4D, 0x2A, 0x9F,
    0xDF, 0xB9, 0x0B, 0xF3, 0x53, 0x9A, 0x42, 0xD8, 0x67, 0xDE, 0xEF, 0x5E, 0x6E, 0x6B, 0x31, 0x1E,
    0x68, 0x34, 0x9B, 0x69, 0x86, 0x0F, 0xAE, 0x9C, 0xEC, 0x84, 0x94, 0x60, 0x05, 0x72, 0x16, 0xFF,
    0x0A, 0xD0, 0x40, 0x8B, 0x5C, 0x6C, 0x31, 0x55, 0x8D, 0xFC, 0xE9, 0xE6, 0x15, 0x93, 0x3D, 0xC0,
    0xD1, 0xA5, 0x31, 0x11, 0x4C, 0x9F, 0x02, 0x22, 0x20, 0x99, 0xF1, 0x1D, 0xDA, 0x55, 0x12, 0x3A,
    0x97, 0xFD, 0x61, 0x07, 0x81, 0x6A, 0x80, 0x7F, 0xD8, 0x2D, 0xFC, 0x17, 0xCF, 0x48, 0x3A, 0x9B,
    0x12, 0x89, 0x9A, 0xC0, 0xE5, 0x1C, 0x66, 0x4B, 0xEC, 0x20, 0x1B, 0x24, 0x83, 0x5C, 0x19, 0x3B,
    0x48, 0x54, 0xD3, 0x0D, 0x53, 0x0C, 0x74, 0x45, 0x84, 0x1C, 0x7B, 0xF2, 0xC5, 0x6E, 0xBF, 0xF1,
    0x84, 0x9D, 0x4C, 0xDD, 0xB0, 0x3C, 0x50, 0xDE, 0x83, 0xA1, 0x3A, 0x70, 0x9F, 0x5D, 0x03, 0x5A,
    0x5D, 0x23, 0x79, 0x75, 0xEF, 0x7B, 0x0A, 0x78, 0x43, 0xAF, 0x38, 0x22, 0x4F, 0xF6, 0xA4, 0xCF,
    0x69, 0x28, 0x00, 0xC9, 0xB3, 0xA7, 0x0C, 0x14, 0x82, 0x52, 0x50, 0x0C, 0xCA, 0x41, 0x41, 0xC8,
    0x00, 0x52, 0xA0, 0x87, 0x30, 0xE8, 0x9F, 0x7D, 0x09, 0xC1, 0x9E, 0x53, 0x41, 0x24, 0xCA, 0x44,
    0xA1, 0x28, 0xD5, 0x2E, 0x16, 0x26, 0x70, 0x3A, 0xAE, 0x44, 0x6D, 0xE7, 0x5D, 0xAF, 0xE5, 0x99,
    0x49, 0xCB, 0x0E, 0x41, 0x93, 0xA2, 0x1F, 0x9C, 0xDE, 0x5A, 0xA4, 0x53, 0x32, 0x9B, 0x3C, 0x64,
    0x8B, 0xB1, 0x21, 0x8F, 0xC6, 0xEA, 0x28, 0xF3, 0x29, 0xA4, 0x3D, 0x39, 0xD3, 0x01, 0x0D, 0xAD,
    0x51, 0xF3, 0x61, 0xAD, 0x61, 0x08, 0x3F, 0x03, 0x81, 0x66, 0x32, 0x5D, 0x20, 0xA5, 0x32, 0x92,
    0x90, 0x13, 0xA2, 0x15, 0x46, 0x5A, 0xB9, 0x20, 0xF2, 0x52, 0x62, 0x47, 0x7F, 0xEB, 0x9B, 0xA9,
    0x76, 0xC5, 0x54, 0x67, 0xC9, 0x65, 0x47, 0xDC, 0xC3, 0x4A, 0x0B, 0x74, 0x52, 0x1B, 0x17, 0x15,
    0xC9, 0xBC, 0x14, 0x92, 0xAF, 0x16, 0x52, 0xEF, 0x02, 0x30, 0x51, 0x3E, 0x08, 0x2C, 0x06, 0x08,
    0x52, 0x48, 0xAB, 0x34, 0x12, 0x0D, 0x46, 0xBF, 0x2B, 0x4F, 0x3A, 0x15, 0xAB, 0xDB, 0xE8, 0x2B,
    0xE0, 0xD5, 0xE7, 0x71, 0x96, 0x04, 0x17, 0x5E, 0x9A, 0xC3, 0x3C, 0x69, 0x4F, 0x94, 0x4C, 0xA9,
    0x93, 0x68, 0xFB, 0x1E, 0xCB, 0xB8, 0x97, 0x37, 0xBE, 0xC9, 0x52, 0x05, 0x96, 0x12, 0x30, 0xE0,
    0x02, 0x3A, 0xB5, 0x61, 0x04, 0x44, 0x23, 0x06, 0x35, 0xAB, 0x2C, 0xA2, 0x32, 0xEB, 0xE0, 0xC9,
    0x36, 0x48, 0x26, 0x19, 0x4D, 0xD1, 0x6A, 0xB0, 0xAD, 0xAA, 0xAD, 0x35, 0x4A, 0x5C, 0x85, 0x2B,
    0x8D, 0x0E, 0xB4, 0x54, 0xAD, 0x83, 0xB1, 0x88, 0xE6, 0x96, 0x3E, 0x5A, 0x83, 0x13, 0xD4, 0x9F,
    0x6C, 0x9F, 0x4B, 0x7B, 0x81, 0x30, 0x30, 0x93, 0x3E, 0xE8, 0xA0, 0x4D, 0x64, 0xD4, 0xC1, 0x7A,
    0x2F, 0xF1, 0xB3, 0x41, 0x3E, 0xD0, 0x3C, 0x9E, 0x74, 0xA0, 0x8F, 0x8B, 0x0E, 0xAA, 0x75, 0xAC,
    0x72, 0xE9, 0xBD, 0x1C, 0x06, 0xF7, 0x54, 0x78, 0x25, 0x78, 0x6E, 0xA8, 0x4F, 0xB3, 0xD0, 0xBA,
    0x10, 0x1E, 0x1B, 0x1D, 0x74, 0x7A, 0x61, 0xD7, 0x2B, 0xF5, 0x91, 0xB5, 0xB8, 0xDD, 0xC3, 0x66,
    0xB2, 0x97, 0x73, 0x0E, 0xAA, 0x39, 0x6E, 0x04, 0xA4, 0x97, 0xA7, 0x52, 0x09, 0xEB, 0x42, 0xC5,
    0xE6, 0x6A, 0x62, 0x17, 0x11, 0x37, 0xAA, 0x1D, 0x14, 0x0B, 0x4C, 0xA8, 0x99, 0xF6, 0x22, 0x7C,
    0xE7, 0x33, 0xD0, 0x98, 0x60, 0xE5, 0x8D, 0xE6, 0x4E, 0x0A, 0x45, 0x04, 0xC0, 0xBB, 0x77, 0x73,
    0x15, 0x14, 0xA6, 0x46, 0x41, 0x26, 0x98, 0xB8, 0xF8, 0x6E, 0xC6, 0x33, 0xA3, 0x90, 0xCA, 0xD0,
    0x4D, 0x78, 0x64, 0xBA, 0x19, 0xCF, 0x8B, 0x5E, 0xE2, 0x04, 0x66, 0x55, 0x04, 0x5A, 0xD9, 0x04,
    0xC3, 0x83, 0x1D, 0xB7, 0x3A, 0x57, 0x22, 0xB1, 0xDB, 0xE2, 0xC6, 0x01, 0xD1, 0x3F, 0x4B, 0xF7,
    0x7B, 0x35, 0xA2, 0x0C, 0x87, 0xA5, 0x1A, 0xEA, 0x20, 0x0B, 0x5B, 0x98, 0x7D, 0x45, 0x65, 0xA7,
    0x87, 0xA7, 0x0B, 0x56, 0xAB, 0x1A, 0x15, 0xE4, 0x35, 0x0F, 0xD1, 0xD3, 0x99, 0xA2, 0x9F, 0x5F,
    0x4D, 0xD9, 0x77, 0xEF, 0xF1, 0x02, 0x14, 0x31, 0xDE, 0xA2, 0xE7, 0x08, 0xF4, 0x1B, 0xF3, 0x56,
    0x5F, 0x41, 0xB8, 0x5F, 0xB6, 0x57, 0x52, 0x05, 0xD8, 0xCB, 0x8C, 0xEE, 0x66, 0xCA, 0xC0, 0x02,
    0xB0, 0xB7, 0xED, 0xDF, 0xA1, 0x5D, 0xD1, 0xE5, 0x7F, 0xC5, 0x18, 0xDF, 0x99, 0x6C, 0xAE, 0x5A,
    0xE7, 0xDD, 0x58, 0xF5, 0xD9, 0x2C, 0xAC, 0x78, 0x54, 0x5E, 0xEB, 0xFF, 0x48, 0x49, 0xD3, 0x25,
    0x1A, 0xEB, 0x9B, 0xB6, 0xEC, 0x8B, 0xB1, 0xAB, 0xF3, 0xE9, 0x9E, 0x49, 0xA6, 0xE7, 0x8D, 0x79,
    0x83, 0x0F, 0xCF, 0x08, 0xB0, 0x3D, 0x54, 0xF1, 0x66, 0x0D, 0x55, 0xC4, 0x2F, 0x51, 0x45, 0x4E,
    0x55, 0x38, 0xAA, 0xA2, 0x12, 0xA8, 0xE2, 0x1C, 0xAA, 0x48, 0x26, 0xA8, 0x22, 0x1B, 0xA1, 0x0A,
    0xD7, 0x43, 0x15, 0x25, 0x55, 0x71, 0x8F, 0xAA, 0x98, 0xA1, 0x8A, 0xCC, 0x43, 0x15, 0xB6, 0x87,
    0x2A, 0x8A, 0x1A, 0xAA, 0xB8, 0x45, 0x55, 0x04, 0xA8, 0xE2, 0x89, 0x87, 0x2A, 0x64, 0x80, 0x2A,
    0xA4, 0x3D, 0x56, 0x45, 0x4A, 0x55, 0x64, 0x02, 0x55, 0xB8, 0x0F, 0xA1, 0x8A, 0x72, 0xDF, 0xF8,
    0x16, 0xA2, 0x8D, 0xC4, 0x54, 0x88, 0xA6, 0x6B, 0x89, 0xC5, 0xB0, 0x57, 0xF5, 0x2F, 0x6F, 0x95,
    0xA0, 0xA2, 0xB0, 0x63, 0x22, 0x0B, 0xB3, 0x69, 0x51, 0xAD, 0x1A, 0xE2, 0xAD, 0x2D, 0xF8, 0xB9,
    0x87, 0x25, 0xC5, 0x6E, 0x05, 0xEB, 0x08, 0x3B, 0xD2, 0x33, 0x71, 0x91, 0x57, 0x9D, 0xD3, 0x49,
    0xA7, 0x9E, 0xC1, 0x44, 0x76, 0x80, 0x85, 0x6A, 0x7A, 0x64, 0x5A, 0x90, 0x0F, 0xF4, 0xE2, 0xB6,
    0x67, 0x80, 0xE1, 0x14, 0xE7, 0x15, 0x5B, 0x62, 0x01, 0xCB, 0x03, 0x0D, 0x7C, 0xBE, 0x6F, 0x78,
    0x5D, 0x40, 0x80, 0xC4, 0x38, 0xDA, 0xC9, 0x13, 0x65, 0xB4, 0xBF, 0xE2, 0xE7, 0x3B, 0x7E, 0x36,
    0x27, 0x4F, 0x97, 0x0D, 0xBB, 0x11, 0x90, 0xF2, 0xC2, 0xFD, 0x54, 0x97, 0xEB, 0xAF, 0xA3, 0x7E,
    0x40, 0x05, 0x58, 0x48, 0x0F, 0x6C, 0xF4, 0x42, 0x95, 0xC4, 0x79, 0xAA, 0x27, 0x9B, 0xB6, 0xCD,
    0x34, 0x5C, 0x43, 0xFD, 0xEC, 0xD5, 0x68, 0x37, 0xB1, 0x3A, 0x5D, 0x4C, 0x2E, 0xF0, 0xB3, 0x9B,
    0x59, 0x42, 0x54, 0x1E, 0x6C, 0xD7, 0x51, 0x3F, 0xCC, 0x62, 0x94, 0xF9, 0xA0, 0x90, 0xF1, 0x6B,
    0xEA, 0xC8, 0x94, 0x23, 0xA0, 0xA9, 0x01, 0xC7, 0x6F, 0x83, 0x1A, 0x91, 0xBE, 0x91, 0xB9, 0xC3,
    0x31, 0x95, 0xC9, 0xCA, 0xA8, 0xFF, 0x3F, 0x13, 0xBC, 0x5D, 0x56, 0xC8, 0x26, 0x68, 0xC4, 0x8E,
    0xCC, 0x74, 0x7A, 0x40, 0xC5, 0x39, 0x2F, 0x40, 0x37, 0x99, 0xC1, 0x16, 0x6B, 0x54, 0x2E, 0x7C,
    0x7B, 0xBA, 0x14, 0x48, 0x7A, 0xE3, 0x2D, 0x86, 0x89, 0xE7, 0xB4, 0x72, 0x4F, 0x7A, 0x64, 0xB9,
    0x27, 0xB2, 0xFC, 0x0E, 0x60, 0x37, 0xEA, 0x62, 0x0E, 0xA0, 0x04, 0xBC, 0x20, 0xF2, 0x4F, 0x7C,
    0x10, 0x24, 0x70, 0x04, 0x26, 0x8B, 0x7B, 0xAE, 0xCE, 0x84, 0x11, 0xD4, 0x00, 0x4F, 0x90, 0xF1,
    0xC0, 0x69, 0x03, 0xB8, 0x1F, 0x36, 0x11, 0x8B, 0xEB, 0x04, 0x24, 0xAC, 0xB4, 0x0A, 0xB9, 0xF4,
    0xCA, 0x05, 0x35, 0x61, 0x95, 0xBF, 0x57, 0x2E, 0xCC, 0xCB, 0x94, 0x9C, 0x02, 0x2A, 0xC3, 0x51,
    0x47, 0x38, 0x4E, 0x8A, 0xE3, 0x34, 0xA9, 0xCC, 0x5B, 0xD9, 0x19, 0x80, 0x3D, 0x39, 0x3E, 0x7C,
    0xC3, 0xEC, 0x1C, 0x04, 0xC0, 0x14, 0xDE, 0x74, 0x3B, 0x93, 0xDE, 0xB0, 0xDD, 0x94, 0x19, 0x28,
    0xB2, 0x55, 0x0C, 0x3E, 0x13, 0xCF, 0x9C, 0xB5, 0x99, 0x68, 0x03, 0x25, 0xB3, 0x54, 0xA2, 0xF8,
    0x0D, 0x47, 0x98, 0x49, 0x27, 0xA3, 0x95, 0x49, 0x71, 0x40, 0x72, 0xF2, 0xBE, 0xFC, 0x71, 0x2B,
    0x3F, 0xFC, 0x49, 0xA8, 0xD5, 0x77, 0x22, 0xD5, 0xFA, 0x9A, 0x10, 0x2D, 0xD0, 0x49, 0x2E, 0x03,
    0x30, 0x93, 0x19, 0xD3, 0x25, 0x22, 0x35, 0xC4, 0x6A, 0x84, 0x26, 0xAA, 0x86, 0xB0, 0xE7, 0x98,
    0xD5, 0x4C, 0x79, 0x9A, 0xE9, 0xBE, 0xA9, 0x26, 0x1D, 0x0B, 0xF6, 0x7A, 0xF1, 0x3B, 0xB6, 0xDD,
    0xA0, 0xB4, 0xE4, 0x1F, 0x48, 0x81, 0x87, 0x4A, 0x98, 0x3E, 0xE1, 0x78, 0x24, 0x97, 0x9A, 0x6B,
    0x7D, 0xE8, 0xEE, 0x9C, 0x1C, 0xEE, 0x9F, 0x9C, 0x06, 0x65, 0xE6, 0x91, 0x1F, 0xB7, 0xCB, 0x1A,
    0x9A, 0x39, 0xFF, 0xFF, 0x5E, 0x68, 0x66, 0x8D, 0xB5, 0xF0, 0x07, 0x25, 0xD6, 0xA3, 0x70, 0xFB,
    0x6E, 0xBC, 0x3D, 0x98, 0x0C, 0xEA, 0x2E, 0xE4, 0x6C, 0xED, 0x9B, 0x49, 0xB9, 0xC8, 0xA0, 0x2B,
    0xAD, 0xFF, 0x6A, 0xAB, 0xAB, 0xAB, 0x59, 0x9C, 0x15, 0xA5, 0xC1, 0x88, 0xC8, 0x45, 0xA5, 0xE2,
    0x16, 0x5D, 0x83, 0x22, 0x68, 0x5F, 0xAD, 0xBD, 0xDF, 0xFA, 0x6E, 0x5E, 0x7B, 0x2D, 0x19, 0x54,
    0x53, 0xD6, 0xE9, 0x57, 0x6E, 0xBD, 0xB8, 0x90, 0x8B, 0x2A, 0x4E, 0x56, 0xA6, 0x52, 0xC6, 0x44,
    0x5A, 0x1B, 0x77, 0xA3, 0xD6, 0xBB, 0xED, 0xB5, 0xA7, 0x0E, 0xB5, 0xA7, 0x85, 0x31, 0xD0, 0x69,
    0xB1, 0xE5, 0x22, 0x39, 0xF4, 0x15, 0x2B, 0x2D, 0xB7, 0x35, 0x62, 0x0C, 0x49, 0x50, 0x0F, 0x6B,
    0xEE, 0x9D, 0x96, 0x6E, 0x37, 0xDF, 0x96, 0xB6, 0x5A, 0x0D, 0x41, 0xA5, 0x54, 0xBA, 0xDA, 0x64,
    0x5F, 0x88, 0x16, 0x1A, 0xFA, 0x66, 0xD1, 0xB2, 0x9E, 0x9D, 0x4E, 0x89, 0x33, 0xF3, 0x02, 0x26,
    0x09, 0x36, 0xE4, 0xEC, 0xC3, 0xF6, 0x2E, 0x16, 0xED, 0xB4, 0x34, 0xFC, 0x3B, 0x9A, 0x30, 0xDC,
    0xB9, 0x8C, 0x48, 0xEA, 0x58, 0x31, 0xD1, 0xFE, 0xE5, 0x44, 0xFB, 0xE2, 0x91, 0xF6, 0x8E, 0xDB,
    0x52, 0x3C, 0x2D, 0xFE, 0x77, 0x1F, 0x1B, 0xCB, 0x73, 0xFD, 0x7D, 0x27, 0xB3, 0x32, 0xF8, 0x42,
    0x3A, 0xBD, 0x69, 0x2A, 0xB3, 0x8B, 0x46, 0x06, 0xA3, 0xCE, 0x73, 0xE5, 0x91, 0x48, 0x6F, 0xA3,
    0x15, 0xDD, 0xF6, 0xDC, 0xE2, 0xA2, 0xC9, 0x95, 0xC5, 0xCA, 0xC6, 0xC6, 0x44, 0xBC, 0xF2, 0x91,
    0x4E, 0x7A, 0x4C, 0x22, 0xE0, 0x54, 0xAA, 0x2F, 0x27, 0x2B, 0x43, 0x5E, 0xC4, 0x8E, 0x88, 0xB0,
    0xA2, 0x5E, 0xD9, 0xBD, 0x2B, 0x26, 0xE9, 0x57, 0x7E, 0x76, 0x25, 0xD4, 0xAF, 0x0C, 0x33, 0x79,
    0xB2, 0x8E, 0x44, 0xEB, 0xEA, 0x0B, 0x2A, 0x45, 0x16, 0x7A, 0x2B, 0xA3, 0xA6, 0x17, 0x5A, 0xFA,
    0x8A, 0x32, 0x99, 0x66, 0xAC, 0xE6, 0x95, 0x50, 0x11, 0x70, 0xFC, 0xDF, 0x46, 0xE3, 0x46, 0xB7,
    0x98, 0xE7, 0x0E, 0x4B, 0x97, 0x33, 0x6A, 0x90, 0x7B, 0xE7, 0x31, 0xA2, 0x87, 0x49, 0xF4, 0x92,
    0x5C, 0x77, 0x8F, 0xD2, 0x58, 0xF9, 0x2C, 0xF2, 0xC7, 0x07, 0xAC, 0x0B, 0x5A, 0xF8, 0x22, 0xAC,
    0x5A, 0xD8, 0x97, 0x4B, 0x3B, 0x9C, 0x6C, 0x3B, 0xD3, 0x87, 0x1C, 0x55, 0xFE, 0x58, 0x3F, 0x5D,
    0xE6, 0x6F, 0xC6, 0x83, 0x32, 0xFF, 0x91, 0x93, 0x7D, 0xF1, 0x59, 0xF6, 0x61, 0x95, 0xAC, 0x54,
    0xF6, 0x65, 0xB0, 0x8B, 0xA9, 0x34, 0x52, 0xEB, 0x7C, 0x19, 0x72, 0xE9, 0xAB, 0x88, 0xE0, 0x4B,
    0x2F, 0x93, 0x58, 0x5F, 0xCA, 0xBE, 0x7E, 0x96, 0xFD, 0x8B, 0xD2, 0x5E, 0xE2, 0x4C, 0xDB, 0x8D,
    0xFD, 0x56, 0x5A, 0x3C, 0x22, 0x46, 0x66, 0xA4, 0x06, 0x6E, 0x06, 0xE4, 0x0C, 0xD8, 0x19, 0xD0,
    0x33, 0xE0, 0x67, 0x40, 0xD0, 0x80, 0x21, 0x29, 0x92, 0x23, 0xA9, 0x91, 0x25, 0xC7, 0xE4, 0x49,
    0xA2, 0xD4, 0x33, 0xA9, 0x92, 0xEB, 0x01, 0x59, 0xE4, 0xB4, 0x3D, 0x43, 0xF9, 0x44, 0xAC, 0x37,
    0xF9, 0x9C, 0xE2, 0x04, 0xDD, 0xF9, 0xB7, 0xA1, 0xBE, 0x7C, 0x4C, 0x27, 0x1E, 0xEE, 0x70, 0xB3,
    0x0B, 0x08, 0xA4, 0xF7, 0xA8, 0xFA, 0xDB, 0x58, 0xCF, 0x0E, 0x71, 0x8C, 0x0D, 0x30, 0xC3, 0xA6,
    0xDE, 0x8F, 0x71, 0x21, 0x90, 0xE9, 0xCF, 0xA4, 0xCF, 0xE1, 0x1F, 0x78, 0xA2, 0xD9, 0xC9, 0xF6,
    0x23, 0x1E, 0x16, 0x2A, 0x78, 0x6A, 0x99, 0xA7, 0x95, 0xBB, 0xF5, 0xDF, 0xFC, 0xFD, 0x46, 0xA6,
    0x4A, 0x06, 0x1B, 0x11, 0x28, 0x21, 0x0A, 0xCE, 0x23, 0xEB, 0xCE, 0x55, 0xCB, 0x03, 0xAA, 0x66,
    0xBF, 0x3D, 0x0E, 0x07, 0xAE, 0x13, 0xC0, 0x9E, 0x32, 0x9E, 0x9A, 0xDE, 0xCE, 0x4B, 0xD3, 0xBA,
    0xDC, 0xC2, 0x27, 0xA4, 0x64, 0x8D, 0x7D, 0x3B, 0x1A, 0x8D, 0x3F, 0xBD, 0xBB, 0xCE, 0x67, 0x1A,
    0x99, 0x50, 0x2E, 0xC0, 0x94, 0x7A, 0x91, 0x2C, 0x26, 0x8B, 0xFA, 0xC4, 0x56, 0x6D, 0xD5, 0xBA,
    0xFE, 0x97, 0x07, 0x6F, 0x7B, 0x4B, 0x99, 0x50, 0x6B, 0x7E, 0x49, 0x3C, 0x53, 0x0B, 0x18, 0x44,
    0x8F, 0xDA, 0x72, 0xA6, 0x7F, 0x97, 0xF0, 0x28, 0x16, 0xFE, 0x95, 0xFA, 0x17, 0xFF, 0xDF, 0x14,
    0xA2, 0x0E, 0x72, 0x32, 0xA9, 0x56, 0x46, 0xD6, 0x39, 0xF4, 0xD7, 0x0A, 0xCD, 0x50, 0xF9, 0x6A,
    0xA8, 0x46, 0xFC, 0x48, 0x03, 0xED, 0x7F, 0x37, 0xA7, 0x49, 0x58, 0xD7, 0x5D, 0xCC, 0x8F, 0xD6,
    0x5E, 0x3E, 0x0C, 0x9C, 0x67, 0x0F, 0xDA, 0x1B, 0xBD, 0x26, 0x8B, 0xCD, 0x80, 0x2A, 0xBD, 0xBE,
    0xA4, 0x31, 0xCC, 0xCE, 0x72, 0x94, 0xA6, 0x3E, 0x89, 0x7A, 0x21, 0x9E, 0xAF, 0xD8, 0x89, 0x32,
    0x72, 0x1A, 0x66, 0xB7, 0x76, 0xDB, 0x05, 0x5A, 0xB7, 0x28, 0xAD, 0x32, 0x68, 0x5F, 0xCD, 0x4A,
    0xAF, 0x9A, 0x50, 0x9D, 0x99, 0x94, 0x62, 0xE3, 0xD9, 0x63, 0x5F, 0xF0, 0xBA, 0x40, 0xD5, 0x84,
    0x7F, 0x33, 0x3F, 0xAA, 0x74, 0x56, 0xCE, 0x04, 0xCF, 0xFC, 0xB4, 0xB9, 0xD5, 0xA3, 0x38, 0x21,
    0x47, 0x9C, 0x70, 0xD6, 0xFE, 0xD7, 0x38, 0x41, 0x35, 0xF7, 0xE2, 0xB2, 0xF6, 0xA3, 0x48, 0xFD,
    0x92, 0xFC, 0x5D, 0xA4, 0x4F, 0xE4, 0xD1, 0x6D, 0xDD, 0xB9, 0x96, 0x4C, 0xC7, 0x73, 0x2A, 0x7D,
    0x8A, 0x52, 0x54, 0x26, 0x23, 0xFA, 0x9E, 0x3B, 0x1A, 0xCF, 0xE1, 0xDB, 0xDD, 0x68, 0x77, 0xD3,
    0x8D, 0x3C, 0x7F, 0xAF, 0xB4, 0x69, 0xC3, 0x34, 0xE3, 0x72, 0xF9, 0x3F, 0xEC, 0x2B, 0x0B, 0x4A,
    0x5C, 0x73, 0xE7, 0xA1, 0xE8, 0x6F, 0x10, 0xE5, 0xD6, 0x78, 0x0D, 0xEC, 0x55, 0x6A, 0xDD, 0x85,
    0x3A, 0xEF, 0xA2, 0xAE, 0x75, 0x2E, 0xCC, 0x65, 0x6A, 0x27, 0x7A, 0xD7, 0xE2, 0x50, 0xC3, 0xC1,
    0xE4, 0xD0, 0xF3, 0xAE, 0x61, 0xE5, 0x80, 0xBE, 0xE0, 0x2E, 0x77, 0xA0, 0x61, 0x19, 0x35, 0xD3,
    0x41, 0x2E, 0x74, 0x16, 0x8F, 0x34, 0x8C, 0x3C, 0x59, 0xEF, 0xB3, 0xE7, 0x9C, 0x15, 0x48, 0x0B,
    0x0B, 0xA5, 0xA7, 0xC5, 0x36, 0x85, 0x5A, 0x2D, 0xE3, 0x19, 0x44, 0xB9, 0xDD, 0xAF, 0x67, 0xEC,
    0x22, 0x3C, 0xDF, 0x7D, 0xEB, 0x84, 0xD8, 0x7E, 0x83, 0x28, 0xF7, 0x04, 0x38, 0xCF, 0xE6, 0x82,
    0x47, 0x21, 0xB4, 0xCF, 0xB4, 0x5F, 0x74, 0x9C, 0xCC, 0x7B, 0xED, 0xEA, 0x84, 0xD8, 0x22, 0x09,
    0xCB, 0xE1, 0xC4, 0xE6, 0x6D, 0x74, 0x9C, 0x98, 0x1D, 0xFE, 0x8C, 0x08, 0x3F, 0x0A, 0x32, 0x87,
    0xED, 0x2B, 0xEE, 0xC2, 0x3D, 0xD6, 0xF6, 0xBA, 0xEF, 0x9D, 0xD5, 0x3C, 0x74, 0xBF, 0x79, 0xAA,
    0x32, 0x64, 0xD8, 0x0A, 0xAD, 0x3A, 0x95, 0xA1, 0xD0, 0xB8, 0xB8, 0xAF, 0x64, 0x5C, 0x65, 0x0A,
    0x1A, 0x9A, 0xA6, 0x5E, 0x46, 0x27, 0xF9, 0x5F, 0xD6, 0x3E, 0xBA, 0xB7, 0xD7, 0x0B, 0x96, 0x2A,
    0x95, 0xBE, 0x58, 0x42, 0xB6, 0xF6, 0xA2, 0x25, 0xF0, 0x42, 0x2F, 0x33, 0x0E, 0xBE, 0xD3, 0x89,
    0xCA, 0x6A, 0x45, 0xB7, 0xD6, 0x4C, 0x3E, 0x83, 0x1F, 0xC1, 0xDB, 0xD7, 0x8F, 0x34, 0x03, 0x2F,
    0x0D, 0x4F, 0xBB, 0xA2, 0x59, 0x39, 0xA8, 0xBD, 0x76, 0x3D, 0x4D, 0xEC, 0xA0, 0x3C, 0xFD, 0xDE,
    0xB3, 0xC2, 0x0F, 0x89, 0xC6, 0xD0, 0x7D, 0x8A, 0x9D, 0x19, 0xB5, 0x12, 0x78, 0xBB, 0xA7, 0x1D,
    0x9E, 0x7D, 0xDA, 0xE1, 0x39, 0x3A, 0xBC, 0xDD, 0xDB, 0xE1, 0x5F, 0x33, 0x63, 0x41, 0xD6, 0x7E,
    0x4A, 0x64, 0x42, 0x3E, 0xA0, 0x7B, 0xB8, 0x6B, 0xBC, 0x69, 0xE2, 0x79, 0x83, 0x9D, 0x1C, 0x9B,
    0x79, 0xAF, 0xFB, 0xF9, 0x62, 0x2E, 0x4B, 0xA3, 0x05, 0x91, 0x5F, 0xE0, 0xB1, 0xAA, 0x93, 0x62,
    0xBB, 0xA7, 0xD1, 0x83, 0x92, 0x45, 0x7A, 0x24, 0xAF, 0xCE, 0xF0, 0xDD, 0xFA, 0x63, 0xD1, 0x07,
    0x58, 0x83, 0xD3, 0x61, 0x7B, 0xA1, 0x95, 0xC6, 0x54, 0x12, 0x51, 0xE2, 0x6A, 0x11, 0x59, 0xD4,
    0x31, 0x1E, 0x62, 0xB4, 0x93, 0x62, 0x7B, 0x5C, 0xE8, 0x64, 0x19, 0x69, 0x06, 0x54, 0x3D, 0xE0,
    0x98, 0x78, 0x2A, 0xC1, 0xA4, 0x1A, 0x51, 0x20, 0xE6, 0x4F, 0x65, 0x81, 0x2D, 0x95, 0xD1, 0x14,
    0x0C, 0x7D, 0xB2, 0x08, 0x30, 0x91, 0xA1, 0xCC, 0x42, 0x8B, 0x63, 0xC5, 0x37, 0x99, 0xB1, 0x67,
    0xA4, 0x1E, 0x93, 0xE2, 0xA1, 0x96, 0xD1, 0xF6, 0x00, 0x57, 0x2B, 0x21, 0x5F, 0x32, 0x45, 0x78,
    0x8B, 0xE6, 0x39, 0x03, 0xFE, 0xED, 0x15, 0x4A, 0x01, 0xA5, 0xE2, 0xA9, 0x63, 0x9E, 0x36, 0x00,
    0xF2, 0x89, 0xDC, 0xC7, 0x43, 0xEE, 0xC2, 0xAF, 0x0E, 0x5E, 0xA7, 0xDF, 0x3A, 0xC3, 0x3D, 0x50,
    0x4E, 0xE3, 0x0F, 0xD5, 0x89, 0x33, 0xFA, 0x09, 0xBA, 0xC0, 0x5C, 0x5B, 0x3F, 0x52, 0x3B, 0xE8,
    0xFB, 0x83, 0x43, 0x49, 0x6F, 0xC3, 0x21, 0xBC, 0x2E, 0xDE, 0xE4, 0x52, 0x75, 0xC1, 0xD8, 0xF8,
    0xFB, 0x42, 0xF5, 0x30, 0xE8, 0x02, 0x49, 0xBB, 0x47, 0x2B, 0xAC, 0x6F, 0x96, 0xCC, 0xC2, 0xD9,
    0xCF, 0xA6, 0x40, 0xA6, 0x54, 0x32, 0x0B, 0x9F, 0x57, 0x91, 0xF5, 0xA3, 0x8C, 0xEB, 0x40, 0x7B,
    0x35, 0x8A, 0x01, 0x79, 0xF4, 0x08, 0xC7, 0x1D, 0xBB, 0x99, 0x2F, 0xCA, 0xD6, 0xFE, 0xEE, 0x63,
    0x55, 0x26, 0xC4, 0x46, 0xEF, 0xD8, 0x47, 0xF4, 0x10, 0xA9, 0xD8, 0x04, 0x7B, 0x0F, 0x52, 0xCE,
    0xE8, 0xA9, 0x1A, 0xB3, 0x45, 0xB5, 0xFA, 0x63, 0x5C, 0x38, 0xAA, 0x66, 0x04, 0xE0, 0x53, 0x75,
    0xFC, 0x66, 0xF9, 0x78, 0xB5, 0xDD, 0x53, 0xAB, 0xBD, 0x05, 0xBA, 0xC9, 0x57, 0xAF, 0x76, 0xC6,
    0xD5, 0xCE, 0xB9, 0xDA, 0xAE, 0x57, 0xF0, 0x05, 0x57, 0xBB, 0xE2, 0xD2, 0x9C, 0x2B, 0x54, 0x9F,
    0x7F, 0xDD, 0xD5, 0xB6, 0x5F, 0xB2, 0xDA, 0xC9, 0x76, 0xC5, 0x57, 0xAD, 0xF6, 0x7F, 0x00, 0xED,
    0x7C, 0x31, 0x90, 0xE5, 0xC6, 0x71, 0x76, 0x03, 0x20, 0x0F, 0x55, 0x8B, 0xAA, 0x7F, 0xFE, 0x40,
    0x2A, 0xCB, 0x77, 0x01, 0x14, 0x28, 0x90, 0xA5, 0x00, 0xB1, 0x55, 0xE2, 0x01, 0x65, 0x97, 0x4B,
    0x81, 0x02, 0x31, 0x61, 0x39, 0x50, 0xA0, 0x44, 0x91, 0x15, 0x5C, 0xAE, 0x22, 0x0F, 0x90, 0x18,
    0x2A, 0xD0, 0x39, 0x70, 0xEC, 0x0B, 0x18, 0x90, 0xAB, 0x60, 0x1D, 0x2A, 0x38, 0x72, 0x20, 0x39,
    0x70, 0xA0, 0xC0, 0x90, 0x5D, 0x8A, 0x0D, 0x99, 0x0C, 0x5C, 0xA4, 0xAB, 0x6E, 0x24, 0x41, 0x26,
    0xEE, 0x38, 0x98, 0xF6, 0xEB, 0xAF, 0x67, 0xF1, 0xA0, 0x77, 0xFB, 0x8E, 0x77, 0x22, 0x45, 0xEE,
    0x2D, 0x3D, 0xF5, 0x76, 0xBE, 0x79, 0x6F, 0xB1, 0x98, 0xE9, 0xFE, 0x7A, 0x1A, 0x3D, 0x3D, 0xF3,
    0x96, 0x88, 0xD2, 0xD3, 0xD3, 0xBB, 0x3B, 0xA0, 0x8C, 0xD9, 0x45, 0x1C, 0xE9, 0x71, 0xA5, 0x9E,
    0x15, 0x5B, 0xAF, 0xC8, 0x8A, 0x69, 0xC4, 0xFC, 0xBE, 0xA2, 0xF9, 0xD7, 0x05, 0x58, 0x7E, 0x4B,
    0xB1, 0x36, 0x01, 0xF8, 0xA6, 0x61, 0xE0, 0xAC, 0x98, 0xB9, 0x02, 0x98, 0x8F, 0x8A, 0xA6, 0xCF,
    0xB9, 0xD9, 0x61, 0xD5, 0xE4, 0xDC, 0xC9, 0x9F, 0x51, 0x06, 0x0C, 0x2F, 0xFD, 0x2D, 0xF7, 0x44,
    0x09, 0x33, 0x0B, 0x66, 0x11, 0x8B, 0x91, 0x52, 0x41, 0xD3, 0xEF, 0x70, 0x90, 0x3F, 0xA3, 0x44,
    0xC6, 0xDF, 0x92, 0xA2, 0xF4, 0xC9, 0x8E, 0xD2, 0x20, 0xEF, 0x27, 0xBA, 0xC5, 0x23, 0x9D, 0x71,
    0x68, 0x2C, 0x3B, 0x62, 0xE6, 0x86, 0x23, 0x12, 0x9D, 0x9E, 0xBE, 0x2E, 0x97, 0xF2, 0x8C, 0x3E,
    0x26, 0xBA, 0xA8, 0xDC, 0x0A, 0xDF, 0x18, 0xD0, 0x73, 0x4F, 0x25, 0x9F, 0xED, 0xEA, 0x76, 0xCA,
    0x76, 0x35, 0x0F, 0x19, 0x77, 0x78, 0x35, 0x05, 0x53, 0xCE, 0x64, 0x02, 0x15, 0x4C, 0xE5, 0x42,
    0x86, 0xA9, 0xF6, 0xF2, 0xB6, 0x9E, 0xC9, 0x2C, 0xD4, 0x4E, 0x54, 0x7A, 0xA9, 0xEB, 0x5D, 0xED,
    0x62, 0x6D, 0xE7, 0x5D, 0x2D, 0x63, 0xAB, 0xA7, 0xCC, 0xCA, 0xAF, 0x4C, 0x3D, 0x53, 0xC9, 0x6F,
    0xD6, 0x61, 0x2A, 0x78, 0xAA, 0x78, 0x4C, 0xB8, 0x2B, 0x02, 0x34, 0xDC, 0xD1, 0x77, 0xA1, 0xB2,
    0x91, 0x26, 0xBC, 0x9F, 0x73, 0x30, 0x96, 0x30, 0x0F, 0x82, 0x64, 0xB9, 0x01, 0x96, 0x33, 0x7D,
    0x06, 0x19, 0x9C, 0xE8, 0x05, 0x22, 0x5A, 0x12, 0x0F, 0x4D, 0x38, 0xE9, 0x19, 0x7A, 0x81, 0xF2,
    0x2E, 0x1F, 0x9B, 0x57, 0x93, 0x05, 0x29, 0x6F, 0x91, 0x0A, 0xE0, 0x14, 0xCB, 0x5E, 0xB1, 0xEE,
    0x14, 0xDB, 0x73, 0x3C, 0xFF, 0x9C, 0xB5, 0x51, 0x45, 0xCC, 0x43, 0xF3, 0x69, 0xB2, 0xA3, 0xEA,
    0xAD, 0x21, 0x0A, 0x9A, 0x99, 0x7F, 0xA4, 0xD6, 0xCF, 0x95, 0x28, 0xAD, 0xAF, 0xDF, 0x21, 0xFD,
    0x0C, 0x32, 0x14, 0xBC, 0x9D, 0x87, 0xED, 0x00, 0x60, 0xBD, 0x62, 0xA2, 0xA3, 0xE5, 0x16, 0xCB,
    0x5D, 0x0A, 0x38, 0x21, 0xB2, 0xC1, 0x32, 0x51, 0xCE, 0x9D, 0xF0, 0x5B, 0x8A, 0x94, 0x0D, 0xB5,
    0x33, 0x65, 0x0C, 0x22, 0xB2, 0x80, 0xBE, 0xB2, 0x77, 0x48, 0xE9, 0x25, 0x13, 0xBB, 0x54, 0xA8,
    0xA2, 0x89, 0x2D, 0x5B, 0x0B, 0x8B, 0x60, 0xE7, 0xE3, 0x10, 0x2F, 0xA9, 0x01, 0xF8, 0xF3, 0x54,
    0xEF, 0x59, 0x34, 0x54, 0xF0, 0x20, 0xE6, 0x90, 0x32, 0x9F, 0x2D, 0x72, 0xA9, 0x3E, 0x2F, 0x52,
    0x0B, 0xBA, 0x08, 0xE6, 0x03, 0xC9, 0x57, 0xC1, 0xEB, 0x61, 0xD5, 0x61, 0xFA, 0x88, 0xD4, 0x55,
    0x68, 0x70, 0xAF, 0x51, 0x84, 0xE3, 0x89, 0xA8, 0x1D, 0xEB, 0x99, 0x12, 0xEE, 0x4B, 0x2F, 0x32,
    0x9A, 0x49, 0xE6, 0xAD, 0x19, 0x85, 0xCA, 0xE7, 0x89, 0x2A, 0x1F, 0x87, 0xB5, 0xCE, 0x9B, 0x76,
    0xDA, 0xD4, 0x6E, 0xDF, 0xAE, 0x27, 0x4A, 0x70, 0x65, 0x0E, 0xAD, 0x55, 0x32, 0xA4, 0xF7, 0x60,
    0xB5, 0xD0, 0xEA, 0x0D, 0xEE, 0x94, 0x06, 0x45, 0xA3, 0x7C, 0xA9, 0xA3, 0x20, 0xFE, 0xA6, 0x93,
    0x5F, 0xCD, 0xA9, 0x5C, 0x69, 0x06, 0xBA, 0x77, 0x25, 0x99, 0x02, 0x51, 0x85, 0x28, 0xBE, 0x92,
    0xCF, 0xED, 0xAB, 0x33, 0xA5, 0x0B, 0x2D, 0x94, 0x8F, 0x74, 0xF3, 0x80, 0x21, 0x10, 0x04, 0x7E,
    0x40, 0x0F, 0xD8, 0x01, 0x39, 0xE0, 0x06, 0xD4, 0x80, 0x99, 0x1A, 0xD5, 0x0C, 0x12, 0xD6, 0xCA,
    0x69, 0x4B, 0x29, 0x01, 0x23, 0x20, 0x04, 0x7C, 0x80, 0x8E, 0x95, 0x8D, 0x24, 0x6C, 0x39, 0x29,
    0xB8, 0x57, 0xC0, 0x3B, 0xF5, 0x62, 0x32, 0x42, 0x2D, 0x57, 0x74, 0xF6, 0x84, 0x73, 0xF9, 0x73,
    0x65, 0xA7, 0x8F, 0x92, 0x27, 0x0B, 0x7D, 0x2A, 0x9C, 0x24, 0x13, 0x55, 0x82, 0x8B, 0x72, 0xD3,
    0x7E, 0x53, 0x67, 0x34, 0x8F, 0x50, 0xD3, 0xAA, 0xB4, 0xAB, 0x48, 0x46, 0xE6, 0xF0, 0xD4, 0xF3,
    0x30, 0x39, 0x2E, 0xA7, 0xF5, 0x11, 0x55, 0x31, 0x46, 0xB7, 0x5C, 0x32, 0x57, 0xE6, 0xC9, 0x0C,
    0x82, 0x6D, 0x7C, 0xB2, 0xD6, 0x3F, 0x0F, 0x51, 0x7F, 0x33, 0xD0, 0x80, 0x34, 0x58, 0x16, 0x30,
    0x39, 0xA5, 0x0B, 0x4A, 0xC9, 0xCC, 0xEF, 0x40, 0xC8, 0xF8, 0x1C, 0xE7, 0xE5, 0xDB, 0x1C, 0xCD,
    0xC5, 0x22, 0xA4, 0x72, 0x4A, 0x05, 0x3B, 0x32, 0xAC, 0x58, 0x70, 0x87, 0xE8, 0x20, 0x67, 0x44,
    0x0D, 0xA0, 0xF1, 0xD1, 0x9F, 0x4E, 0x10, 0xDC, 0xCA, 0x75, 0xC2, 0xBD, 0xA0, 0x61, 0x4C, 0x71,
    0xA0, 0xE1, 0x46, 0x1E, 0xDC, 0x68, 0x97, 0x8B, 0x2A, 0xBA, 0xF2, 0x20, 0x0D, 0x8A, 0xB2, 0x1E,
    0x98, 0xB0, 0x23, 0xB5, 0x9B, 0x81, 0xC8, 0x4E, 0x6A, 0x86, 0xEC, 0x12, 0x0E, 0x44, 0x7F, 0xC6,
    0x0F, 0xAD, 0xA8, 0xDE, 0xC6, 0xE1, 0x0B, 0xBC, 0x46, 0x51, 0x7E, 0x5F, 0x78, 0x45, 0x03, 0xBD,
    0x5A, 0x5F, 0x8E, 0xAA, 0xFD, 0xBA, 0x53, 0x6D, 0xB7, 0x44, 0x90, 0xF0, 0x5E, 0x44, 0x00, 0x31,
    0xF0, 0xD6, 0x03, 0xE8, 0x2F, 0x63, 0xE6, 0x01, 0x7A, 0xB2, 0xD0, 0xA3, 0x86, 0x23, 0x94, 0x20,
    0x20, 0xC1, 0xDC, 0x05, 0x16, 0xAC, 0xF3, 0x56, 0xC3, 0x12, 0xD2, 0xC0, 0x04, 0x7C, 0x43, 0x42,
    0x0D, 0x4E, 0x54, 0xAB, 0x55, 0xC4, 0xDA, 0x2B, 0xEF, 0x6D, 0x44, 0x3B, 0x03, 0x13, 0x16, 0xD4,
    0x40, 0x85, 0x62, 0xA8, 0x42, 0x31, 0x58, 0x21, 0xD2, 0x70, 0x45, 0xFA, 0xEF, 0xF2, 0xF0, 0xA7,
    0xE4, 0xEF, 0x27, 0xFC, 0x6E, 0xB7, 0xC3, 0x94, 0x99, 0xFB, 0x3C, 0xE2, 0x27, 0xCE, 0xDF, 0x1E,
    0x70, 0x83, 0x75, 0x8A, 0xE4, 0x4A, 0x4A, 0x84, 0x6B, 0xA7, 0xFC, 0x10, 0x84, 0x82, 0xB0, 0xEB,
    0x7F, 0x2F, 0x9F, 0xA5, 0xF8, 0x15, 0xB4, 0xD3, 0xCB, 0xDF, 0x16, 0x02, 0xE0, 0x4C, 0x28, 0x13,
    0xAA, 0x0A, 0x06, 0x53, 0x26, 0xE8, 0xF0, 0x3D, 0x00, 0x74, 0x81, 0xAD, 0x72, 0x51, 0xB2, 0x3C,
    0x00, 0xD2, 0x80, 0x2A, 0x01, 0x9E, 0x95, 0xA8, 0x69, 0xE5, 0x09, 0x34, 0xFD, 0xFF, 0xC8, 0xD2,
    0x39, 0x49, 0xFB, 0x90, 0xFF, 0xEF, 0xB0, 0xC8, 0x24, 0x66, 0xBF, 0x81, 0x23, 0x93, 0x91, 0x1D,
    0x55, 0x0A, 0xC4, 0x0F, 0x5E, 0x6A, 0x47, 0xF4, 0x6F, 0x06, 0x74, 0x5C, 0x0C, 0xCA, 0x5F, 0x1F,
    0x01, 0x2C, 0x12, 0x81, 0x44, 0x40, 0x2F, 0x90, 0x9D, 0xC3, 0xBB, 0xA7, 0x78, 0xB0, 0x68, 0xA0,
    0xAF, 0x00, 0x13, 0xD8, 0x43, 0xF4, 0x18, 0x0B, 0xA0, 0x52, 0xA8, 0xFD, 0x0A, 0xAF, 0xA8, 0xDA,
    0x55, 0x07, 0x89, 0x57, 0xB7, 0x3D, 0x53, 0xCA, 0xBF, 0x7F, 0xE9, 0xD6, 0xA4, 0x9C, 0x39, 0x62,
    0x85, 0xB8, 0x94, 0x66, 0x9E, 0x2F, 0x5E, 0x48, 0xDF, 0x38, 0x7C, 0x84, 0xF9, 0x84, 0xBB, 0x4A,
    0x1E, 0x61, 0x95, 0x2F, 0x16, 0xAA, 0x27, 0xE3, 0xC9, 0xBA, 0xCA, 0xE7, 0xDC, 0xD7, 0x81, 0x99,
    0x6A, 0x96, 0xCB, 0x38, 0x34, 0x47, 0x1F, 0x61, 0xCD, 0x91, 0xB0, 0xE2, 0x2E, 0x7D, 0x41, 0x9F,
    0x64, 0x2F, 0xCB, 0xBB, 0x25, 0x9D, 0x49, 0x57, 0x86, 0x9B, 0x45, 0x47, 0xB1, 0xD0, 0x13, 0x52,
    0xB0, 0x3C, 0x96, 0x02, 0xF3, 0x61, 0x14, 0xFC, 0xEA, 0xA5, 0xE6, 0x13, 0xA4, 0x20, 0x75, 0x3B,
    0x99, 0x13, 0x2F, 0x12, 0xE3, 0x7D, 0x8B, 0x6E, 0x1F, 0xD0, 0xD3, 0x91, 0x11, 0x94, 0x8C, 0xD6,
    0x55, 0x3E, 0xE1, 0xBE, 0x9E, 0x6F, 0x7D, 0x14, 0x32, 0x62, 0x00, 0x57, 0x9C, 0x0B, 0xDD, 0x28,
    0xD0, 0x1E, 0x44, 0x9C, 0x2B, 0x39, 0x1F, 0x52, 0x7D, 0xFA, 0xA0, 0x82, 0x30, 0xE7, 0x3D, 0xE4,
    0xF3, 0xA7, 0x30, 0x33, 0x9E, 0x75, 0x6D, 0x52, 0xF2, 0xA6, 0x5A, 0xD2, 0xB8, 0xCD, 0x2A, 0x58,
    0x42, 0xE1, 0x08, 0xF1, 0x43, 0xC5, 0x5A, 0x8D, 0xAD, 0x08, 0x9F, 0xA4, 0x92, 0x75, 0x0D, 0xE9,
    0x44, 0xEE, 0x41, 0xAE, 0xEE, 0xA5, 0x92, 0x56, 0x15, 0x46, 0x22, 0xA3, 0xCF, 0xA6, 0x0E, 0x4B,
    0x63, 0x95, 0xC1, 0x6B, 0xA4, 0x6D, 0xD5, 0x28, 0xEA, 0xFB, 0x6E, 0xCD, 0x89, 0xAC, 0x8A, 0xBC,
    0xF6, 0xFA, 0x15, 0x73, 0x53, 0x2A, 0xBA, 0xAE, 0x31, 0x74, 0x89, 0x51, 0xC7, 0x20, 0xAB, 0x59,
    0x09, 0x3B, 0x9C, 0x21, 0x87, 0x91, 0xB6, 0x27, 0x10, 0x48, 0x60, 0x90, 0xE0, 0xB4, 0x08, 0x5E,
    0x8B, 0xE0, 0xB6, 0x08, 0x7E, 0x4B, 0x69, 0x04, 0x8F, 0x8F, 0x8F, 0xB4, 0x9B, 0xA7, 0x49, 0x1A,
    0x8C, 0x9A, 0x34, 0x98, 0x90, 0x18, 0xD2, 0x59, 0x3E, 0xD2, 0x9B, 0x74, 0xAC, 0x7C, 0x0F, 0x01,
    0x5A, 0xA1, 0x01, 0x8E, 0x0D, 0x67, 0x3C, 0x4A, 0x28, 0x94, 0xB2, 0x93, 0x3E, 0x45, 0x51, 0xED,
    0x0C, 0xCE, 0xE0, 0xB1, 0x3B, 0x70, 0xF2, 0xA5, 0x8B, 0xD7, 0x44, 0xF5, 0xA2, 0xB0, 0x2E, 0x86,
    0x4E, 0x4E, 0x4F, 0x5F, 0x6B, 0x67, 0x32, 0xCC, 0xB3, 0x05, 0x4C, 0x3B, 0xA0, 0x36, 0x90, 0x40,
    0xED, 0x01, 0xED, 0x2C, 0xAF, 0x7D, 0x14, 0x83, 0xBB, 0x48, 0xE7, 0x0C, 0x28, 0xB8, 0x17, 0xDB,
    0x48, 0x39, 0x58, 0xE1, 0xA0, 0x65, 0x96, 0x9E, 0x13, 0x8B, 0x85, 0x1C, 0xCA, 0x66, 0x1C, 0x2D,
    0x08, 0x4A, 0xB8, 0xED, 0xE1, 0xC6, 0xCC, 0x08, 0x3B, 0xCF, 0x44, 0xA5, 0x9F, 0x27, 0x7A, 0x91,
    0xD4, 0x5C, 0xF5, 0x2F, 0x2B, 0xD1, 0x8F, 0x7D, 0xC0, 0x13, 0x64, 0xFF, 0xCD, 0x0E, 0xEA, 0x87,
    0xDC, 0x8B, 0xB1, 0xF6, 0xED, 0x28, 0x93, 0x91, 0x6A, 0x27, 0x39, 0x35, 0x40, 0xBE, 0x00, 0x0A,
    0x4F, 0xED, 0x08, 0xE0, 0x41, 0x20, 0x41, 0xAE, 0x32, 0xE4, 0x4C, 0xE0, 0x1F, 0xE2, 0x5B, 0xE8,
    0x3F, 0x09, 0x6F, 0x6C, 0xBC, 0x41, 0xD5, 0x03, 0xEA, 0x77, 0x14, 0x18, 0x83, 0xAF, 0xF4, 0x0F,
    0x8C, 0x2A, 0xBE, 0x82, 0x60, 0x29, 0xFF, 0xCD, 0x2D, 0x89, 0x62, 0x27, 0x82, 0x8D, 0x8C, 0x44,
    0x02, 0x32, 0x59, 0x3A, 0x81, 0x84, 0xC5, 0x28, 0x60, 0x81, 0x25, 0x9F, 0xF2, 0xAC, 0x93, 0xA2,
    0xC3, 0xC2, 0x56, 0xEF, 0x4D, 0x33, 0x55, 0x02, 0xF7, 0xE8, 0x05, 0x28, 0x24, 0xF1, 0xDA, 0xE3,
    0xA4, 0x34, 0xE9, 0xEC, 0x0A, 0xF4, 0x04, 0xC6, 0xD0, 0x1D, 0x37, 0x86, 0x76, 0x90, 0x16, 0xDD,
    0x8C, 0x13, 0xF4, 0xB2, 0x18, 0x43, 0x36, 0xD0, 0x24, 0x30, 0xE5, 0x0E, 0x7C, 0xA8, 0xB4, 0x31,
    0xFD, 0x5B, 0xCD, 0x14, 0xCB, 0xC7, 0x6C, 0x05, 0xB9, 0x78, 0xEA, 0xD5, 0x0A, 0xE2, 0xD4, 0xA4,
    0x16, 0x9D, 0xA7, 0x0F, 0x60, 0x73, 0x66, 0xA0, 0xAD, 0x15, 0xE8, 0x87, 0x35, 0xF3, 0xA8, 0x56,
    0x10, 0xF6, 0xD3, 0xEF, 0x16, 0x9C, 0x5B, 0x16, 0x92, 0x6F, 0xEF, 0x40, 0xD6, 0xF8, 0x8F, 0xB3,
    0x82, 0x45, 0xAD, 0x60, 0xBA, 0xC0, 0x0A, 0x92, 0x40, 0x9B, 0x2C, 0x55, 0x11, 0xF9, 0x51, 0x28,
    0x94, 0x1F, 0x38, 0x06, 0x94, 0xAB, 0xE9, 0x19, 0x92, 0xD7, 0x00, 0xF0, 0xD6, 0x87, 0xC3, 0xC1,
    0x3B, 0x30, 0x88, 0xD2, 0xD0, 0xD5, 0xF7, 0x0C, 0x57, 0xC3, 0xCF, 0x6B, 0xB1, 0x3D, 0x80, 0x9B,
    0x6D, 0x96, 0x76, 0xDE, 0xEE, 0xEE, 0x98, 0x9E, 0xB6, 0x65, 0xFD, 0xA0, 0x6E, 0xB6, 0x7B, 0x1E,
    0xCB, 0xD6, 0x0A, 0x9E, 0x7F, 0xF1, 0xEA, 0x5B, 0xC1, 0x66, 0xFA, 0x6B, 0x34, 0xA3, 0x04, 0x72,
    0x0F, 0x4C, 0xB8, 0x1C, 0x54, 0x31, 0xBE, 0x88, 0x6A, 0x1C, 0x53, 0x55, 0xEB, 0xF5, 0x86, 0xBE,
    0x7B, 0x6C, 0x09, 0x34, 0x57, 0xCC, 0x13, 0x49, 0x55, 0xC7, 0x60, 0x8F, 0x12, 0x8C, 0xDC, 0xCE,
    0x60, 0x16, 0x64, 0xA3, 0x81, 0x8A, 0x47, 0x6D, 0x24, 0xA2, 0x22, 0xA5, 0x7C, 0xA0, 0x35, 0xCF,
    0x83, 0x6A, 0x6D, 0xE4, 0xDC, 0x69, 0x28, 0x7F, 0xC6, 0x08, 0x00, 0xA5, 0x40, 0x84, 0xD8, 0x30,
    0x8C, 0x1F, 0x54, 0xB0, 0x62, 0x54, 0xD5, 0x42, 0xA8, 0xD4, 0x40, 0x2B, 0xAF, 0x0D, 0x54, 0xF5,
    0x8C, 0x86, 0x06, 0x58, 0x6A, 0xF0, 0x13, 0x69, 0xA5, 0x03, 0x9C, 0x28, 0x65, 0x07, 0x3F, 0x7C,
    0xE7, 0x8C, 0x43, 0x47, 0x96, 0x79, 0x80, 0x4F, 0x96, 0x0A, 0x0D, 0x22, 0x3A, 0x79, 0x6D, 0x3F,
    0x0B, 0x38, 0xE0, 0x89, 0x8A, 0x61, 0x21, 0x71, 0x57, 0x0D, 0x46, 0xEC, 0x57, 0xB6, 0xC3, 0xD7,
    0x02, 0xF6, 0x3B, 0xD4, 0xCD, 0x3A, 0x8D, 0x8C, 0xD6, 0x61, 0x0D, 0x5C, 0x31, 0x54, 0xD4, 0x18,
    0x64, 0x81, 0x4C, 0x8F, 0xE5, 0x9E, 0xDA, 0xFF, 0x61, 0x1E, 0xC8, 0xBE, 0xFF, 0x2A, 0x8F, 0xC4,
    0x9C, 0x48, 0xED, 0x51, 0x4F, 0x09, 0x0F, 0x09, 0xBB, 0x54, 0x12, 0x60, 0xC3, 0xAE, 0xCE, 0xF0,
    0x5A, 0xB7, 0x22, 0x73, 0x79, 0x51, 0x81, 0x97, 0x59, 0x5F, 0x41, 0x5E, 0xE5, 0x82, 0xDA, 0x93,
    0xE1, 0xE7, 0x2A, 0xA9, 0xB9, 0x9E, 0x29, 0x67, 0x8F, 0x0C, 0xF1, 0x9D, 0x3F, 0x92, 0x56, 0xD6,
    0x32, 0x9C, 0x37, 0xFA, 0x67, 0x87, 0xD6, 0x0B, 0x09, 0x0A, 0x6B, 0x2E, 0x4F, 0x17, 0x1D, 0x27,
    0x36, 0x9C, 0x76, 0xFB, 0x24, 0x79, 0x21, 0x63, 0x99, 0x2C, 0x77, 0xD4, 0xFE, 0x56, 0x7E, 0x6D,
    0x3F, 0x78, 0x55, 0x64, 0x0F, 0xA9, 0xD4, 0x1E, 0xD4, 0x4C, 0xE9, 0x86, 0xA0, 0x2D, 0x3B, 0xB9,
    0xBC, 0x0E, 0x09, 0x52, 0x6A, 0xB6, 0x04, 0x81, 0x9A, 0xE7, 0x37, 0x04, 0xCD, 0x91, 0xA0, 0x58,
    0xDA, 0xEE, 0xA4, 0xA1, 0x84, 0xA7, 0x12, 0x99, 0x60, 0x4B, 0x54, 0xBC, 0x27, 0x1C, 0x99, 0x46,
    0xE6, 0xFE, 0x09, 0x95, 0xC3, 0xB1, 0x39, 0x4B, 0x60, 0x96, 0x40, 0xAB, 0xAA, 0x6C, 0xCD, 0x30,
    0xF3, 0x5A, 0x63, 0x7A, 0x62, 0x6E, 0xAE, 0x6B, 0xB2, 0x2C, 0xD6, 0xDD, 0x1A, 0x5D, 0x14, 0xA8,
    0x41, 0x57, 0xAC, 0xCB, 0x47, 0x4C, 0xBA, 0xDE, 0xD4, 0xDA, 0x15, 0xF8, 0x41, 0x8A, 0x12, 0xA4,
    0x10, 0x18, 0x21, 0xD0, 0x41, 0x5A, 0x6C, 0x73, 0x3D, 0xE3, 0xF1, 0xA6, 0xE1, 0xE0, 0xCB, 0xFB,
    0x3C, 0xDF, 0x4C, 0xD9, 0x7D, 0x99, 0x6E, 0x75, 0xB4, 0xBA, 0xB1, 0x85, 0x0A, 0xF6, 0x74, 0xC2,
    0x5E, 0xEF, 0x59, 0x4F, 0xBA, 0x78, 0xB2, 0x6E, 0x63, 0x90, 0x03, 0x25, 0xE0, 0x76, 0x4D, 0xFA,
    0x63, 0xD0, 0xF2, 0x53, 0xE0, 0xE7, 0x87, 0xC2, 0x6F, 0x93, 0x89, 0x12, 0xAC, 0xA4, 0xAD, 0xE5,
    0xD0, 0x51, 0x2A, 0xE6, 0x9E, 0x49, 0x75, 0x91, 0xDE, 0x54, 0x6D, 0xBC, 0xA8, 0x24, 0x51, 0x67,
    0x1C, 0x2B, 0x55, 0x58, 0x74, 0x68, 0xD1, 0xD8, 0xD1, 0x2B, 0xBA, 0x44, 0x9F, 0xDB, 0x8C, 0x4B,
    0x88, 0x6A, 0xDA, 0xEE, 0x8C, 0xF9, 0xF5, 0xC6, 0x13, 0x14, 0xA4, 0xFA, 0x81, 0x7A, 0x54, 0x3B,
    0x5F, 0x39, 0x3D, 0xAD, 0x39, 0xB4, 0xCA, 0x1B, 0x8A, 0xE5, 0xC1, 0x72, 0x7F, 0xC6, 0x7D, 0xAE,
    0xB3, 0x7E, 0x6B, 0x4E, 0x0B, 0x95, 0x5E, 0x6E, 0x5F, 0x7B, 0x99, 0x24, 0xED, 0x24, 0x2F, 0xBB,
    0x7B, 0xCD, 0x5F, 0x6C, 0x65, 0x62, 0x0F, 0xE2, 0x64, 0x92, 0x3B, 0xF4, 0x65, 0xC9, 0xCD, 0xDD,
    0xA3, 0x64, 0x49, 0x45, 0x38, 0x11, 0xA2, 0xE6, 0x0E, 0xB9, 0xB9, 0xCB, 0xA9, 0x84, 0x9A, 0x8A,
    0xBE, 0xEA, 0xAA, 0xC6, 0x70, 0x90, 0x49, 0x41, 0x89, 0xC5, 0x94, 0xD8, 0xAA, 0x84, 0xC4, 0x73,
    0x9E, 0x45, 0x6F, 0x93, 0x81, 0x75, 0xE9, 0x5C, 0xBB, 0xC5, 0xB6, 0xC0, 0x82, 0xBC, 0xFA, 0xEA,
    0x49, 0x6A, 0x44, 0x27, 0xF8, 0x91, 0x7E, 0x45, 0x47, 0xD4, 0xF2, 0x84, 0xB5, 0x7F, 0x11, 0x2E,
    0x8D, 0xE8, 0xD8, 0x00, 0x4D, 0xFC, 0x79, 0xAC, 0xA3, 0x6B, 0x5C, 0x54, 0x78, 0x2B, 0xA3, 0x28,
    0xA4, 0x52, 0x2F, 0x91, 0x2E, 0x2A, 0x34, 0xF6, 0x42, 0x80, 0x08, 0x95, 0xFE, 0xF8, 0x59, 0xD4,
    0x5D, 0x30, 0x8B, 0xDE, 0x6B, 0x72, 0x66, 0x3D, 0x78, 0xC2, 0x03, 0x6E, 0x6F, 0x46, 0x0D, 0x6A,
    0xEA, 0xF3, 0x1F, 0x79, 0xCF, 0x03, 0x72, 0x14, 0xC9, 0x1B, 0xA4, 0x03, 0xD3, 0x91, 0xAD, 0x0A,
    0x01, 0x2B, 0x18, 0xDD, 0xE5, 0xB4, 0xB9, 0x8F, 0x38, 0xCD, 0x20, 0x45, 0xCB, 0x3C, 0x42, 0x92,
    0xE8, 0xEE, 0x16, 0xCA, 0x78, 0x46, 0xC7, 0x90, 0x00, 0x52, 0xA9, 0xBB, 0x65, 0xA7, 0x42, 0xAC,
    0x0D, 0xDD, 0x11, 0xEB, 0x20, 0x25, 0x04, 0x82, 0xA4, 0x05, 0x93, 0x4A, 0x6B, 0xB4, 0xD1, 0xA1,
    0x21, 0x52, 0x43, 0x4A, 0x5C, 0x88, 0x07, 0xA7, 0x6E, 0x1F, 0x6D, 0x1B, 0x25, 0xE2, 0x0B, 0xD5,
    0x04, 0x24, 0x87, 0x36, 0xE2, 0xB6, 0x1E, 0xFA, 0x5D, 0x1B, 0xDB, 0x01, 0x4E, 0x3A, 0xC0, 0x84,
    0xB5, 0x01, 0x2D, 0x61, 0x80, 0x22, 0x12, 0x1A, 0xCC, 0xD0, 0x11, 0xA1, 0x60, 0xA4, 0xA4, 0xFD,
    0x1E, 0x34, 0x30, 0x2E, 0xC2, 0xCD, 0x15, 0x13, 0x76, 0xC0, 0xFC, 0x8C, 0xBB, 0xD5, 0x3C, 0x63,
    0x23, 0x06, 0xE5, 0x03, 0xE5, 0x13, 0x59, 0x27, 0x63, 0x96, 0xA9, 0x19, 0x88, 0x9D, 0xD6, 0xD0,
    0x7E, 0x47, 0xC5, 0x78, 0xE0, 0x06, 0x4A, 0x96, 0x10, 0xAA, 0xE4, 0x69, 0x47, 0xDC, 0x0D, 0x76,
    0x32, 0x2E, 0x76, 0xE2, 0x0E, 0x78, 0xCC, 0x59, 0xEC, 0xBB, 0x60, 0x09, 0x45, 0x0D, 0x8B, 0x3A,
    0x0D, 0xF6, 0xFC, 0x8D, 0xB0, 0xD2, 0x61, 0x97, 0xBC, 0xA9, 0xBC, 0xE8, 0xB2, 0xF6, 0x54, 0x30,
    0x36, 0x49, 0x19, 0x49, 0xCC, 0x20, 0x75, 0xB9, 0x60, 0xB7, 0xD0, 0x0B, 0xCB, 0x95, 0x27, 0x21,
    0xDA, 0x8B, 0xB3, 0xA8, 0x67, 0x2A, 0x70, 0xC1, 0xE1, 0x13, 0x75, 0x84, 0x88, 0x43, 0x24, 0x2C,
    0xAA, 0xE6, 0xC4, 0x2A, 0x3B, 0xD3, 0xBA, 0x4E, 0xD7, 0x8B, 0x40, 0xA2, 0xA3, 0xF5, 0x77, 0x54,
    0xFF, 0xB3, 0x17, 0x08, 0x84, 0x49, 0x32, 0x51, 0x4D, 0x47, 0x4A, 0xBE, 0x66, 0x14, 0x96, 0x35,
    0xCD, 0xAC, 0x6C, 0x83, 0x62, 0x40, 0xBD, 0x05, 0xD5, 0x3F, 0xA8, 0xD5, 0xD1, 0x6E, 0x01, 0xA3,
    0x3E, 0x48, 0xCF, 0xEA, 0xF0, 0xB7, 0xD9, 0x9F, 0x6D, 0xAE, 0xE1, 0x70, 0x0B, 0x05, 0x9D, 0x6F,
    0x09, 0xAF, 0x9F, 0x74, 0x0C, 0x6B, 0xAF, 0xDB, 0x7E, 0xF4, 0x5E, 0xDF, 0xE7, 0x39, 0x12, 0x0C,
    0xC0, 0x9B, 0x75, 0xB8, 0x19, 0xFE, 0xDC, 0x7C, 0x80, 0x79, 0xFD, 0xB3, 0x05, 0x6B, 0xC4, 0x96,
    0x28, 0xBD, 0x4B, 0x27, 0xB4, 0x29, 0xEB, 0xDF, 0x5B, 0x74, 0x70, 0x86, 0x1A, 0xBD, 0x08, 0xF3,
    0x68, 0x43, 0xA2, 0x8B, 0xA3, 0x75, 0x3C, 0x3B, 0x8E, 0x9F, 0x9B, 0x38, 0x64, 0x7E, 0xCB, 0xFF,
    0xF1, 0x58, 0x6A, 0xD3, 0x09, 0x6E, 0xF9, 0x35, 0x76, 0xFB, 0x73, 0x1E, 0x0F, 0x56, 0x67, 0x58,
    0xF3, 0x12, 0x23, 0x73, 0x4F, 0x04, 0x17, 0xDE, 0x41, 0x09, 0x85, 0xD7, 0x9E, 0xCD, 0xA8, 0x7D,
    0xD7, 0x8D, 0xE2, 0xA2, 0xCA, 0xCC, 0x9D, 0x72, 0x58, 0xC6, 0xDE, 0xDF, 0x22, 0xE0, 0xCF, 0xBD,
    0xE2, 0x8F, 0x17, 0x55, 0xB3, 0x8D, 0x62, 0x73, 0x14, 0xFC, 0x3E, 0x77, 0xC0, 0x6F, 0x72, 0x0F,
    0xFD, 0x67, 0x3C, 0x80, 0x4C, 0xA8, 0x19, 0xE9, 0xEC, 0xE8, 0x33, 0xD8, 0x2B, 0xDA, 0xE8, 0x4B,
    0xDB, 0xA0, 0x8C, 0xD6, 0xAC, 0x31, 0x78, 0xC9, 0x3D, 0xDC, 0x85, 0xE1, 0x39, 0x7A, 0x8B, 0x19,
    0xCE, 0x02, 0xE4, 0x1F, 0x96, 0x75, 0x5B, 0xC1, 0xCC, 0x8A, 0xA5, 0x53, 0xAC, 0x7A, 0xC5, 0x5A,
    0x61, 0xCD, 0x6C, 0x7F, 0xF7, 0x8F, 0x5E, 0x68, 0x71, 0xA0, 0x7A, 0x36, 0x2C, 0xA7, 0x33, 0x85,
    0x1F, 0xEB, 0x52, 0xA4, 0x26, 0xF2, 0x49, 0x48, 0x13, 0x65, 0xF1, 0x60, 0x89, 0x12, 0x28, 0x2A,
    0xE5, 0x5F, 0xCC, 0xA2, 0x2C, 0xEB, 0xA5, 0xE6, 0x80, 0x9A, 0x45, 0x6D, 0x3F, 0xE2, 0x8E, 0x0A,
    0x86, 0x2F, 0x86, 0x8A, 0x4C, 0x48, 0x58, 0x1D, 0xD5, 0x0C, 0x2F, 0xB1, 0xC0, 0x45, 0x71, 0x2F,
    0x6E, 0x04, 0x35, 0xB2, 0x03, 0x9B, 0x92, 0x6A, 0x4A, 0xC0, 0x63, 0xB4, 0x0E, 0xA3, 0x1D, 0xF6,
    0x7B, 0x49, 0xB7, 0xF7, 0x42, 0x96, 0x3C, 0x17, 0x1C, 0x76, 0xB5, 0xE1, 0x70, 0x83, 0x27, 0xF1,
    0x92, 0xEC, 0x12, 0xF5, 0x6C, 0x5E, 0xC6, 0x6C, 0xF0, 0xD4, 0xAE, 0x3B, 0xE9, 0x62, 0x91, 0x31,
    0xFF, 0x0B, 0xC6, 0xFC, 0x8F, 0x3A, 0xE6, 0x65, 0x3F, 0xE6, 0x5F, 0xE0, 0xF9, 0xAD, 0x07, 0x27,
    0x3E, 0x64, 0xCC, 0xE5, 0x3A, 0x66, 0xD8, 0xD2, 0x76, 0xE3, 0x21, 0xCE, 0xEE, 0x69, 0x7B, 0x7E,
    0x56, 0x3F, 0x4B, 0xEE, 0x1E, 0x5B, 0x7E, 0xC4, 0xE7, 0x39, 0xCC, 0x77, 0x7B, 0x4A, 0xCA, 0x01,
    0x78, 0x0B, 0x8F, 0xDF, 0x1B, 0x52, 0xE7, 0xA3, 0x00, 0xE7, 0xF3, 0xE1, 0x7B, 0x43, 0xCF, 0xEB,
    0xEC, 0xAA, 0x14, 0x6E, 0xAA, 0xF3, 0x79, 0x45, 0x67, 0xAE, 0x3E, 0xF0, 0x52, 0x8F, 0xBD, 0xA1,
    0xEF, 0xC0, 0x4E, 0x65, 0xA0, 0xEB, 0x3E, 0x5F, 0x72, 0xDA, 0x69, 0xAF, 0x7A, 0xDF, 0x6A, 0x3E,
    0x3F, 0x49, 0xCB, 0x8F, 0x9C, 0xA2, 0x15, 0xBB, 0x8A, 0x8F, 0xB0, 0xF6, 0xF0, 0xE8, 0xDB, 0x61,
    0x00, 0xA3, 0xEE, 0x21, 0x79, 0x34, 0x80, 0xD9, 0x46, 0x31, 0xDB, 0x40, 0x69, 0x1B, 0xC0, 0x1C,
    0x1C, 0xAC, 0xD3, 0xCA, 0x7F, 0x8E, 0x08, 0xFE, 0xA1, 0x94, 0x3B, 0x5F, 0x0B, 0xCD, 0xB3, 0xAE,
    0xFA, 0x83, 0xF2, 0x95, 0x3B, 0xDB, 0x5C, 0x20, 0xA3, 0x4E, 0x16, 0x40, 0x36, 0x2B, 0x8C, 0x80,
    0x6B, 0x0D, 0xC0, 0xF2, 0x08, 0x77, 0x9F, 0x1F, 0x2C, 0x06, 0x35, 0x3A, 0x8E, 0x3F, 0x41, 0x07,
    0xBB, 0x5D, 0x12, 0xE8, 0xB2, 0x60, 0x1B, 0x11, 0x83, 0xA6, 0xF4, 0x60, 0x5D, 0xA9, 0x3F, 0x3F,
    0x6B, 0x32, 0xE6, 0x3E, 0x11, 0xE2, 0x6F, 0xC5, 0x84, 0x5B, 0x3C, 0x98, 0x9D, 0x7B, 0xA2, 0xC2,
    0xE9, 0x5E, 0x40, 0xD5, 0x41, 0x74, 0xE5, 0xA3, 0x72, 0xEA, 0xCA, 0x35, 0x1C, 0x6C, 0xD5, 0x91,
    0x07, 0xF0, 0x91, 0x78, 0x10, 0x91, 0xB9, 0xCB, 0xC8, 0x47, 0xC1, 0x21, 0x5F, 0x0A, 0x5E, 0xCC,
    0x4C, 0xAD, 0x37, 0x8E, 0x6A, 0x5F, 0xC9, 0xAE, 0x66, 0x2D, 0x7F, 0xFB, 0xF2, 0xB3, 0x6A, 0xDD,
    0x6F, 0x61, 0x6C, 0x91, 0xCF, 0x5C, 0x17, 0x8F, 0x85, 0x1E, 0x0F, 0xCC, 0x75, 0x05, 0x95, 0x2C,
    0x8F, 0xD1, 0xE6, 0xC9, 0x47, 0xD1, 0xE6, 0x47, 0xF1, 0x15, 0xB6, 0xC9, 0xF8, 0x87, 0x32, 0xF0,
    0x57, 0x79, 0xC8, 0xF9, 0xAF, 0x79, 0xC0, 0x83, 0xC8, 0x30, 0x85, 0x27, 0xD3, 0xE6, 0x97, 0x3E,
    0x1E, 0x6D, 0x3E, 0xA7, 0xDA, 0x7C, 0x99, 0xE2, 0x33, 0x47, 0xBF, 0xB6, 0x05, 0x08, 0x6A, 0x9B,
    0xE3, 0xC6, 0x36, 0x2B, 0x56, 0xB5, 0x03, 0xF2, 0x78, 0xC5, 0x77, 0x3E, 0x06, 0xDB, 0x7C, 0xDA,
    0xC9, 0xFE, 0x45, 0xAA, 0x83, 0xC3, 0xC6, 0x79, 0xAD, 0x47, 0x80, 0xF1, 0x10, 0x64, 0xFD, 0xE8,
    0x2F, 0x9F, 0x66, 0xB2, 0x97, 0x01, 0x00, 0xBD, 0x6A, 0xB1, 0xA3, 0x62, 0x02, 0x99, 0x91, 0x5C,
    0x57, 0x44, 0x90, 0x86, 0x72, 0xFD, 0xE8, 0xF1, 0x22, 0x24, 0x63, 0x06, 0xAA, 0xD8, 0x6B, 0x03,
    0x2C, 0x18, 0x18, 0x04, 0x13, 0xE5, 0xA3, 0x34, 0x44, 0x2A, 0xAC, 0x13, 0xB9, 0xD7, 0x5D, 0x8E,
    0x87, 0xB1, 0x91, 0x4C, 0x3C, 0x52, 0x29, 0xC1, 0x90, 0xB3, 0x8E, 0xAA, 0x86, 0x28, 0x73, 0xED,
    0x4C, 0x15, 0x49, 0x43, 0x96, 0x2A, 0x70, 0x91, 0x65, 0x80, 0x2B, 0xCA, 0x07, 0xC3, 0x08, 0x31,
    0x0A, 0x59, 0xBA, 0x49, 0x48, 0x65, 0x24, 0x59, 0xE9, 0xA5, 0xD1, 0x25, 0x3C, 0x4A, 0xA3, 0x94,
    0x00, 0x03, 0x36, 0xD1, 0x50, 0xFB, 0x60, 0x22, 0xA5, 0x46, 0x83, 0x3F, 0x3D, 0xB5, 0x0F, 0x96,
    0x8C, 0x34, 0x84, 0xA7, 0x02, 0x6C, 0xDF, 0x23, 0xD2, 0x80, 0x71, 0x89, 0xE6, 0x7A, 0x4B, 0x3E,
    0x96, 0x86, 0x05, 0x53, 0xFD, 0x79, 0xC2, 0xA9, 0xA3, 0x68, 0x45, 0x6B, 0xFC, 0x6D, 0x74, 0x01,
    0x03, 0x3D, 0x59, 0xEC, 0xEC, 0xCF, 0xB4, 0x29, 0xE8, 0xF3, 0x86, 0x44, 0xC2, 0x23, 0x73, 0xF3,
    0x55, 0x7E, 0x1B, 0x6C, 0xDC, 0xFF, 0x06, 0xF7, 0xC4, 0x4B, 0x26, 0xED, 0x19, 0x89, 0x57, 0x87,
    0x29, 0x3D, 0x6E, 0xD3, 0xAF, 0x9A, 0x7B, 0x3D, 0x92, 0x19, 0xC7, 0xCB, 0xEB, 0x8A, 0x3E, 0x2E,
    0xEA, 0xAB, 0xE5, 0x39, 0x84, 0x40, 0x8B, 0xAC, 0xFE, 0x78, 0xC6, 0x2A, 0xBD, 0xFB, 0x4C, 0x12,
    0xF4, 0x68, 0x49, 0x4F, 0x01, 0xEB, 0x7E, 0xDA, 0xE6, 0x00, 0x99, 0x71, 0xB4, 0xFD, 0xB2, 0x95,
    0x0E, 0x48, 0xCB, 0x17, 0x2E, 0x05, 0x83, 0xDB, 0x92, 0x72, 0x14, 0x62, 0x95, 0xC0, 0x8C, 0x3A,
    0xF6, 0xED, 0xC0, 0x4D, 0x9F, 0x78, 0x34, 0x0A, 0x57, 0x4C, 0x31, 0xDA, 0xA8, 0x07, 0xBD, 0x41,
    0x38, 0x9F, 0xE3, 0x1C, 0x00, 0x70, 0x97, 0xDB, 0x68, 0xE5, 0xFF, 0xE6, 0xB8, 0x2E, 0xD8, 0x0A,
    0x69, 0x37, 0x12, 0xEB, 0x94, 0xFF, 0x16, 0x88, 0x84, 0x90, 0xF5, 0xE9, 0x00, 0x5A, 0x2E, 0xCF,
    0x1C, 0x7F, 0x8B, 0xB4, 0x40, 0xAC, 0x18, 0x6D, 0x1D, 0x7C, 0x02, 0xF9, 0x50, 0xEA, 0xB5, 0xF1,
    0x2D, 0x9E, 0x71, 0x00, 0xFE, 0xB6, 0xE1, 0xA9, 0xE5, 0x9E, 0xAE, 0xCD, 0x05, 0xFF, 0x1E, 0xC9,
    0x3F, 0xD9, 0xC8, 0xFB, 0x25, 0x3B, 0xFA, 0x0B, 0xA2, 0x96, 0xE3, 0xA3, 0xD3, 0x2E, 0xB1, 0xC1,
    0x9E, 0x78, 0x44, 0x63, 0xD2, 0x46, 0xC2, 0x4E, 0x53, 0x06, 0x09, 0x36, 0xF8, 0xB4, 0x5B, 0x1D,
    0x82, 0x0A, 0x8A, 0x46, 0xA7, 0x0D, 0x95, 0x18, 0x0D, 0x0D, 0xA7, 0xA4, 0x46, 0x03, 0x72, 0xEF,
    0x1B, 0x89, 0x86, 0x04, 0x05, 0xB3, 0x46, 0x04, 0x19, 0x2F, 0xDA, 0x20, 0x3B, 0x3E, 0x33, 0x36,
    0xE9, 0x3E, 0x66, 0xB7, 0x56, 0x37, 0x8A, 0xD4, 0x46, 0x24, 0x8E, 0x98, 0x2C, 0x74, 0xF0, 0xEC,
    0x2E, 0x27, 0xC5, 0xEF, 0xA3, 0x87, 0xA8, 0x0E, 0x94, 0xF6, 0x9D, 0xA7, 0x35, 0xDA, 0xE1, 0x43,
    0x8C, 0x36, 0x6C, 0x8D, 0x76, 0x6B, 0xB1, 0x78, 0xCD, 0x7F, 0x98, 0x70, 0x76, 0x8F, 0x4F, 0x39,
    0xE6, 0xFB, 0xCD, 0xBA, 0xFF, 0x67, 0xA1, 0x64, 0x5C, 0x58, 0x9C, 0x7F, 0x05, 0x0F, 0xEF, 0x32,
    0x05, 0x7C, 0x03, 0xFF, 0x48, 0x49, 0xAC, 0xC6, 0x88, 0x71, 0x0F, 0x31, 0xD8, 0x40, 0x1A, 0x2A,
    0x77, 0x32, 0xC6, 0x94, 0x07, 0x04, 0x69, 0xEC, 0x30, 0x02, 0xEB, 0xD0, 0xB9, 0x9D, 0xD0, 0x7B,
    0x3B, 0x1B, 0x26, 0x81, 0x32, 0x00, 0x2A, 0xDD, 0x53, 0xAE, 0xBD, 0xC0, 0xD4, 0x0A, 0xF0, 0xD4,
    0xCE, 0x90, 0xC1, 0xCE, 0x08, 0x08, 0x04, 0x52, 0x1E, 0xEC, 0xA4, 0xB1, 0xEE, 0x0C, 0x39, 0xE4,
    0x12, 0xFD, 0x72, 0x6D, 0xD4, 0x09, 0x4E, 0x58, 0x32, 0x84, 0xD6, 0xDD, 0x55, 0x4A, 0x38, 0x58,
    0x44, 0xD4, 0x0C, 0x15, 0x5C, 0x63, 0xCD, 0xA0, 0xE1, 0x8B, 0x00, 0x7A, 0x50, 0x2B, 0x3D, 0xFE,
    0x9D, 0x7A, 0xDD, 0x99, 0x76, 0x44, 0x55, 0xB0, 0x5E, 0x84, 0x30, 0x41, 0xEC, 0x28, 0x67, 0xE9,
    0x3C, 0xE3, 0xC6, 0x30, 0xB2, 0xC4, 0x8B, 0xD4, 0x95, 0x97, 0xBA, 0xF6, 0xD2, 0x71, 0x3D, 0x63,
    0x74, 0x93, 0x30, 0x08, 0x4F, 0xA2, 0xB9, 0x62, 0xA9, 0x85, 0xB5, 0x09, 0xAF, 0x59, 0x46, 0x59,
    0xF9, 0x14, 0x89, 0x97, 0xB3, 0xB0, 0x0E, 0xA4, 0x52, 0x22, 0x70, 0x50, 0x5E, 0x66, 0x12, 0xE1,
    0xF9, 0xB1, 0xE4, 0xCA, 0xA6, 0x1A, 0x5B, 0x1D, 0x17, 0x78, 0x33, 0x5D, 0x49, 0x76, 0x26, 0xBA,
    0xB9, 0xF9, 0xBE, 0xFC, 0xB4, 0x1E, 0xBE, 0xCD, 0x03, 0x5D, 0x42, 0xA6, 0x28, 0x63, 0xE3, 0x91,
    0xB5, 0xAB, 0x1C, 0x72, 0x94, 0x48, 0x7F, 0xD5, 0x1D, 0x23, 0x07, 0x86, 0x44, 0x44, 0x3A, 0x15,
    0xC3, 0x95, 0x64, 0x2A, 0x0B, 0x22, 0xBA, 0x81, 0xE4, 0xE5, 0x28, 0x82, 0xD7, 0x5D, 0x10, 0xEE,
    0xB2, 0x59, 0xA5, 0xBE, 0x54, 0x4C, 0x25, 0x96, 0xA5, 0x34, 0xD0, 0x36, 0x5A, 0x50, 0x38, 0xBF,
    0xFB, 0x13, 0x86, 0xCE, 0x45, 0xB7, 0x56, 0x1E, 0x8B, 0xF2, 0x86, 0x6E, 0x63, 0x99, 0x29, 0xC2,
    0xBF, 0x02, 0x4D, 0x14, 0x4C, 0xBB, 0xD6, 0xBA, 0xD1, 0x86, 0xDF, 0xE8, 0xFA, 0xDF, 0xF0, 0xBA,
    0x21, 0x10, 0xD6, 0xCC, 0xF2, 0x22, 0x56, 0xCB, 0x21, 0x66, 0x91, 0x90, 0x72, 0x6D, 0xA5, 0x15,
    0xC4, 0xF5, 0xC4, 0x63, 0x70, 0x31, 0x3C, 0xB4, 0x6B, 0x8B, 0x1D, 0x5A, 0xD3, 0xDA, 0xD2, 0x3D,
    0x37, 0xB0, 0xAB, 0x49, 0x0A, 0xDC, 0x0F, 0x0B, 0x51, 0x91, 0x14, 0xC3, 0xC9, 0x07, 0x32, 0xAC,
    0x03, 0xEB, 0x95, 0xAF, 0x8E, 0xAA, 0x1E, 0x94, 0xF1, 0x3F, 0xBC, 0xC4, 0x1D, 0x58, 0x8B, 0xE2,
    0x5E, 0xD3, 0x16, 0xA9, 0x52, 0x52, 0x1E, 0x75, 0x7D, 0x5E, 0xF1, 0x02, 0x46, 0x1E, 0xF0, 0x7D,
    0x06, 0x29, 0xF2, 0x90, 0xEA, 0x12, 0xE1, 0x65, 0xD2, 0x83, 0x44, 0x88, 0xAC, 0xC0, 0x0E, 0xC8,
    0x2A, 0x75, 0x9B, 0x2C, 0x90, 0x72, 0xD4, 0xCE, 0x04, 0x9A, 0xEE, 0xF3, 0x48, 0xC2, 0x14, 0x3A,
    0x03, 0x59, 0x7C, 0x87, 0x22, 0x5F, 0x84, 0x46, 0xA9, 0x0D, 0x47, 0x95, 0x36, 0x74, 0x6B, 0xE0,
    0x8B, 0xE0, 0x8E, 0x3B, 0xFA, 0x27, 0xD0, 0xC7, 0x43, 0xE6, 0xC0, 0xA0, 0x0D, 0x76, 0x00, 0x89,
    0x15, 0x46, 0x8F, 0x21, 0xBF, 0x43, 0x17, 0xFD, 0x43, 0x03, 0x0F, 0xA8, 0x47, 0x00, 0xAB, 0x0B,
    0xF5, 0x04, 0xB8, 0x73, 0xEC, 0x2B, 0xA5, 0x15, 0x94, 0x82, 0x2F, 0x24, 0x62, 0x72, 0x4D, 0x09,
    0xEB, 0xBE, 0x37, 0x2B, 0x15, 0x36, 0x82, 0x92, 0x60, 0x95, 0x01, 0x9E, 0xD0, 0x35, 0x3B, 0xD2,
    0x47, 0xB7, 0x88, 0x6F, 0xB0, 0x17, 0xFE, 0x2E, 0xCF, 0xEB, 0xB9, 0x69, 0x1C, 0xD9, 0x13, 0xC8,
    0xB9, 0xC7, 0x86, 0x89, 0x40, 0xB5, 0x88, 0xC2, 0xB1, 0x5D, 0xE2, 0xC0, 0x23, 0x4F, 0x3B, 0x98,
    0xD7, 0xB3, 0x91, 0x1E, 0xD4, 0xD7, 0x01, 0xB1, 0x5F, 0xC5, 0xB2, 0x51, 0x72, 0xD7, 0xB0, 0xB3,
    0xCC, 0x2E, 0x67, 0x87, 0xB4, 0xC6, 0xAD, 0xB8, 0x25, 0x0B, 0x8B, 0xD4, 0x40, 0x39, 0xF7, 0x71,
    0xFB, 0xFF, 0xE0, 0x4B, 0xF2, 0x3C, 0x56, 0x53, 0xC5, 0xBF, 0xE6, 0xF0, 0x55, 0xFE, 0xF7, 0xFB,
    0x9C, 0xF0, 0x7F, 0x64, 0x4C, 0xFC, 0xDF, 0x69, 0x90, 0xD0, 0xC3, 0xA7, 0xEC, 0x92, 0x17, 0x33,
    0xA5, 0xBF, 0xD7, 0xEA, 0x78, 0x0E, 0x0E, 0xCA, 0xAD, 0x2E, 0xCC, 0x49, 0x5D, 0x01, 0x6D, 0x5E,
    0xB0, 0x01, 0x43, 0x85, 0xDF, 0x2E, 0x5E, 0xCB, 0x61, 0xFB, 0x85, 0x9E, 0xDB, 0x9B, 0xBD, 0xA6,
    0x94, 0x43, 0xCA, 0xCD, 0xAE, 0x2E, 0x79, 0x4C, 0xED, 0x72, 0x13, 0x3B, 0x27, 0xAE, 0x76, 0x64,
    0x42, 0x5F, 0x8D, 0x54, 0x72, 0x57, 0xF5, 0xD2, 0xF7, 0xE7, 0x65, 0xE2, 0x1F, 0x1E, 0x83, 0x3A,
    0xBE, 0x3F, 0x8C, 0xBA, 0xFF, 0xD0, 0x5D, 0xC2, 0xA7, 0xDF, 0x39, 0xD2, 0x92, 0xE9, 0xB6, 0x60,
    0x12, 0xBF, 0xD8, 0xC3, 0x1A, 0x47, 0xB4, 0x3C, 0x6E, 0x62, 0x8B, 0xF2, 0xB1, 0x5F, 0xEC, 0x39,
    0x4E, 0xF7, 0xF4, 0xE4, 0x74, 0x0B, 0x7D, 0x99, 0xBA, 0xAB, 0x9C, 0x7F, 0xD0, 0x2E, 0x4A, 0xF7,
    0x9D, 0x2D, 0xDD, 0xDC, 0x6D, 0xE9, 0xE6, 0x61, 0x4B, 0x37, 0xE0, 0x11, 0xBA, 0x97, 0xC7, 0xD3,
    0x5D, 0x35, 0xE9, 0x4C, 0x66, 0x28, 0x47, 0xCA, 0x27, 0xDB, 0x69, 0x52, 0x32, 0xE1, 0x19, 0x59,
    0xBA, 0x4F, 0x65, 0xF2, 0xE8, 0xE7, 0xEB, 0xDB, 0xC8, 0xF4, 0x9E, 0xCB, 0x52, 0x49, 0xA1, 0x83,
    0x72, 0x43, 0x28, 0x48, 0x30, 0x3B, 0x0A, 0x7E, 0x4F, 0xCC, 0x0E, 0x0A, 0xA9, 0xF1, 0x6A, 0x47,
    0xA9, 0xED, 0x48, 0x55, 0x27, 0xF5, 0x7A, 0xF3, 0xD6, 0xEF, 0x09, 0xAE, 0xE2, 0x71, 0x03, 0x5E,
    0xBF, 0xB7, 0x44, 0x6D, 0xFC, 0x08, 0x57, 0x71, 0x50, 0x3D, 0x50, 0x31, 0x88, 0x58, 0xB5, 0x44,
    0x02, 0xD4, 0x0A, 0x61, 0xE2, 0xBC, 0xF3, 0x20, 0x3A, 0x2F, 0x16, 0xB1, 0xEA, 0x6A, 0x26, 0xC3,
    0xEF, 0x81, 0x4B, 0xDC, 0xED, 0xAB, 0x32, 0xB4, 0x35, 0xC5, 0x0B, 0x1D, 0x50, 0xAB, 0xC2, 0x75,
    0xEB, 0x02, 0xEA, 0x91, 0xC8, 0x20, 0xB1, 0x0F, 0xD0, 0x9F, 0x28, 0x80, 0x1F, 0x32, 0x56, 0xDE,
    0xB5, 0x93, 0xEE, 0x2A, 0xD4, 0x46, 0xEA, 0xC6, 0x08, 0x65, 0x98, 0x24, 0xDB, 0x93, 0xD4, 0x25,
    0x7B, 0x82, 0x14, 0x3A, 0xE4, 0x26, 0x4E, 0x96, 0xB2, 0xC3, 0x09, 0xE9, 0x5E, 0x94, 0xDA, 0x0E,
    0xD2, 0x7B, 0xEB, 0x44, 0xB5, 0x35, 0xDB, 0x05, 0x46, 0x36, 0xAD, 0xD1, 0x57, 0xE4, 0x85, 0xD8,
    0xAF, 0x99, 0x6A, 0x33, 0x59, 0x4C, 0x9F, 0xAA, 0x23, 0x5A, 0x74, 0x9D, 0x4B, 0x1F, 0xC2, 0xC2,
    0xB8, 0x67, 0xA1, 0x9D, 0x36, 0x2C, 0x0C, 0x52, 0x7F, 0xFE, 0x23, 0xB1, 0x90, 0x3F, 0x01, 0x0B,
    0xE5, 0x05, 0x2C, 0x18, 0x56, 0x95, 0xE8, 0x09, 0x87, 0x74, 0x29, 0x47, 0x32, 0x2E, 0x77, 0x54,
    0x75, 0xC9, 0x74, 0xA8, 0xFD, 0x8A, 0x79, 0x80, 0xEE, 0xA1, 0xFA, 0x8C, 0xA9, 0x94, 0xCA, 0xC8,
    0x73, 0xFF, 0x44, 0x9E, 0xFF, 0xAA, 0x75, 0x55, 0xBA, 0xEA, 0x3C, 0xE5, 0x78, 0xFB, 0xA4, 0xC9,
    0xB8, 0x83, 0xBE, 0xA1, 0x6E, 0x68, 0x1B, 0xCA, 0x86, 0xAE, 0xA1, 0x6A, 0x68, 0xFA, 0x59, 0x50,
    0xD9, 0x4F, 0xD7, 0x85, 0x3F, 0x9C, 0xF0, 0x3A, 0x07, 0x0D, 0x6A, 0xB4, 0xBF, 0x8F, 0xCF, 0x6D,
    0x8C, 0x60, 0x3E, 0x51, 0x05, 0xE6, 0x1D, 0x6C, 0x53, 0xAA, 0x05, 0x23, 0x3C, 0x1F, 0xAC, 0xF8,
    0xF2, 0xEC, 0xCC, 0x8B, 0x27, 0x9A, 0xD6, 0xA3, 0x38, 0x35, 0x4E, 0x08, 0x56, 0x5D, 0x39, 0xC8,
    0xF8, 0x6D, 0x47, 0x54, 0xBC, 0x1F, 0x60, 0xE2, 0x1E, 0xB5, 0x53, 0x21, 0x9F, 0x35, 0xE7, 0xA2,
    0xFF, 0x08, 0x25, 0xD5, 0x6F, 0x36, 0x72, 0xE9, 0x70, 0xFF, 0x1E, 0xDD, 0x6B, 0x30, 0x78, 0xCC,
    0xB9, 0x0C, 0x87, 0xCE, 0xA5, 0x94, 0x5A, 0xA8, 0x05, 0x47, 0x4F, 0xE4, 0x5C, 0x92, 0xE6, 0xE9,
    0x9C, 0x8B, 0x61, 0x29, 0xA3, 0xC2, 0x50, 0x86, 0x33, 0x7E, 0x97, 0xFB, 0xAA, 0x2F, 0xB8, 0x29,
    0xFB, 0x0A, 0xE9, 0x9D, 0xBE, 0x06, 0x74, 0x2F, 0x48, 0x58, 0x6D, 0x9A, 0x2F, 0xCB, 0xE2, 0xE1,
    0xE4, 0x93, 0x39, 0xA9, 0xB5, 0xD9, 0x1A, 0x86, 0x70, 0x18, 0xAE, 0xDF, 0x03, 0xE5, 0x3D, 0x6D,
    0xFC, 0xB5, 0xC1, 0x67, 0xEB, 0x42, 0x9C, 0xB7, 0x90, 0x06, 0xBD, 0xB3, 0x57, 0xD0, 0xA1, 0xBC,
    0x41, 0x5A, 0x4C, 0xA3, 0xF9, 0x73, 0xAB, 0x86, 0x5A, 0x04, 0x2C, 0xC6, 0x0A, 0xE6, 0x70, 0xCD,
    0x86, 0x37, 0xE2, 0x0E, 0xFB, 0x93, 0xEC, 0xB2, 0x63, 0xE8, 0xFB, 0x9F, 0x5F, 0x0E, 0xB2, 0x7C,
    0x49, 0xE2, 0x72, 0x83, 0xBE, 0x2E, 0x5D, 0x74, 0x78, 0x98, 0x23, 0x0A, 0x2A, 0x1C, 0xF0, 0x6B,
    0x76, 0x84, 0x65, 0x56, 0xF3, 0x3E, 0xF9, 0x4C, 0x75, 0x53, 0xC3, 0x56, 0x7F, 0xC6, 0xA4, 0x47,
    0xC5, 0x54, 0x23, 0x6E, 0xA3, 0xAD, 0xE4, 0xB4, 0xA1, 0x83, 0xF2, 0x38, 0x36, 0xEB, 0x8B, 0xD8,
    0xFC, 0x9C, 0xB0, 0xF9, 0xFC, 0x21, 0x8D, 0x90, 0x78, 0xCB, 0xE6, 0xD3, 0x1E, 0xBC, 0xE8, 0x8F,
    0x6E, 0xF4, 0x97, 0x80, 0x6B, 0xCC, 0xFF, 0x75, 0xC8, 0xE6, 0x9A, 0xB6, 0xAC, 0xC6, 0x98, 0xA9,
    0x7E, 0x51, 0xF8, 0x70, 0x9E, 0x28, 0xFB, 0xCD, 0x5D, 0x3D, 0x5E, 0x05, 0xD5, 0xDD, 0x60, 0x89,
    0xDC, 0x64, 0xE2, 0x7E, 0x8F, 0xDF, 0xBD, 0xB3, 0xEE, 0xD0, 0x3F, 0xDD, 0x36, 0x3D, 0x08, 0xD9,
    0x56, 0xF3, 0x73, 0x32, 0x3D, 0xDE, 0xC2, 0xE1, 0x25, 0x19, 0x60, 0xF7, 0x38, 0x6D, 0x9A, 0x73,
    0x6D, 0xDE, 0x04, 0x74, 0xAF, 0x3C, 0xA9, 0x36, 0xE1, 0x29, 0x90, 0x43, 0x61, 0x5E, 0xF4, 0x5F,
    0xAF, 0xBC, 0xFE, 0xA7, 0xD2, 0xE6, 0x0B, 0x9A, 0x64, 0x4E, 0xBD, 0x6E, 0x17, 0x55, 0xB3, 0x5C,
    0xE8, 0x2B, 0xE6, 0xF9, 0x3A, 0x3F, 0x7C, 0x2D, 0x5A, 0xB0, 0xFC, 0xAC, 0x16, 0x6C, 0xF5, 0xCB,
    0x26, 0x5D, 0x71, 0x70, 0x12, 0xBD, 0x5C, 0x36, 0x3F, 0x21, 0x91, 0x23, 0x77, 0x5D, 0xCE, 0x32,
    0x4B, 0x46, 0xDA, 0x14, 0xDB, 0x9C, 0xE8, 0xF0, 0x5D, 0xA5, 0x23, 0x0E, 0x0B, 0xC6, 0x7A, 0x5F,
    0x07, 0x54, 0x26, 0x6A, 0x3A, 0x7F, 0x2E, 0xEB, 0xFF, 0xA3, 0xA5, 0x66, 0x76, 0x86, 0x79, 0x45,
    0xB8, 0xBB, 0x76, 0x50, 0xBB, 0xAB, 0x49, 0xF1, 0x66, 0x54, 0xD9, 0x2B, 0xD0, 0x19, 0xC4, 0x84,
    0x9A, 0xFC, 0x16, 0x3B, 0xA2, 0x59, 0x8D, 0x22, 0x99, 0x54, 0x9E, 0xD4, 0xA9, 0x4C, 0xD9, 0x06,
    0x4B, 0x61, 0x63, 0xD4, 0x94, 0x48, 0x3E, 0xA8, 0x99, 0x14, 0xBD, 0x72, 0x67, 0x7A, 0x25, 0xCF,
    0x74, 0x8A, 0x65, 0xA3, 0x2C, 0xD6, 0x91, 0xD4, 0xDB, 0x91, 0x63, 0x1F, 0x9F, 0xE9, 0x13, 0xD4,
    0xFF, 0x10, 0x2C, 0xA6, 0xFA, 0x48, 0xD0, 0xE7, 0xD5, 0xA6, 0x54, 0x43, 0xDA, 0x11, 0xB1, 0x2F,
    0x3A, 0xB9, 0xC4, 0x36, 0x94, 0x7D, 0xC0, 0x2C, 0x5D, 0x5A, 0x4F, 0x74, 0xD2, 0x14, 0xE3, 0xE1,
    0xF9, 0xCF, 0x84, 0x7B, 0xCB, 0x7D, 0x8A, 0x93, 0xDD, 0x48, 0x6F, 0x20, 0x0D, 0xBF, 0xCD, 0xC4,
    0x3F, 0x9A, 0x8C, 0xBF, 0x28, 0x13, 0xDF, 0x22, 0x13, 0xCF, 0xBB, 0x7A, 0x4A, 0x58, 0xF2, 0xF1,
    0x19, 0x4B, 0x4A, 0xDE, 0xB4, 0x8E, 0xDA, 0x70, 0xAF, 0xC5, 0x49, 0x70, 0x1C, 0x06, 0xEF, 0x6B,
    0x1E, 0x8A, 0x85, 0x8A, 0xA0, 0xC6, 0xD4, 0xD3, 0x1E, 0xE5, 0x8B, 0x94, 0xCD, 0x67, 0x91, 0xBB,
    0xE3, 0xFF, 0xE6, 0xF6, 0xB2, 0x30, 0x55, 0xF4, 0x89, 0xD3, 0x47, 0x62, 0x36, 0x0A, 0x66, 0x53,
    0xD9, 0x03, 0xA3, 0x28, 0xC4, 0x0B, 0x00, 0xEE, 0xF5, 0xB3, 0xC7, 0x60, 0xA2, 0x3B, 0x16, 0x0B,
    0x4E, 0x68, 0xF0, 0xE6, 0xD4, 0x72, 0xB1, 0xD0, 0x25, 0x64, 0x73, 0x65, 0x89, 0x3D, 0x20, 0x0D,
    0x0B, 0x30, 0x1B, 0x2A, 0xC5, 0xBE, 0xFC, 0xC3, 0xF7, 0x21, 0xAC, 0xD7, 0x47, 0x96, 0x3F, 0x53,
    0xF3, 0x33, 0x7D, 0x4D, 0xEA, 0x98, 0xB5, 0xC5, 0x93, 0xF2, 0x9E, 0x74, 0x44, 0x53, 0x26, 0xF5,
    0x9C, 0x4B, 0x6D, 0xED, 0x3E, 0x08, 0x2F, 0xE6, 0x4B, 0xC6, 0x77, 0x39, 0xB5, 0x60, 0xAC, 0x1E,
    0x30, 0x7A, 0xE2, 0xBF, 0x0A, 0x90, 0x6B, 0x81, 0xE0, 0x94, 0x3B, 0x33, 0x08, 0x9A, 0xAE, 0xFE,
    0xEC, 0xCD, 0x5E, 0x7C, 0x52, 0x48, 0x1F, 0x8B, 0x04, 0x88, 0xC6, 0xD5, 0x83, 0x04, 0x88, 0x56,
    0xF2, 0x06, 0x89, 0x27, 0x4A, 0xE6, 0xEC, 0x32, 0x3D, 0x35, 0xAF, 0xAE, 0x0F, 0x5D, 0x00, 0x54,
    0x1C, 0x7E, 0xD1, 0x21, 0x62, 0x1B, 0xB1, 0x1E, 0x22, 0x72, 0x0F, 0x34, 0x11, 0x93, 0x37, 0x2E,
    0xC9, 0x5C, 0xC3, 0xF8, 0x2C, 0x86, 0xF4, 0x14, 0xFF, 0xA4, 0x9A, 0x78, 0x00, 0xAC, 0xB9, 0x89,
    0x28, 0xDC, 0xB4, 0x4E, 0xBF, 0xB7, 0xFD, 0x3E, 0x14, 0x5E, 0x80, 0x08, 0xBF, 0x6B, 0x41, 0xDD,
    0xEB, 0xB9, 0x4E, 0x47, 0x4B, 0xCB, 0xDC, 0x93, 0xA7, 0x8C, 0xB9, 0xB3, 0xCC, 0x5D, 0xB2, 0x50,
    0xCE, 0xA2, 0x8B, 0x11, 0x43, 0xAA, 0x46, 0xDD, 0x4D, 0x93, 0x66, 0xBF, 0xEE, 0xF3, 0xD5, 0x0D,
    0x9A, 0x25, 0x13, 0x52, 0x0E, 0xDC, 0xC3, 0xBD, 0xBD, 0xA9, 0x36, 0xD5, 0x72, 0x43, 0x5E, 0x9B,
    0xCC, 0x4D, 0x3A, 0x21, 0x79, 0x9F, 0x7C, 0xC0, 0x5D, 0xE6, 0xD0, 0xCC, 0x7E, 0xC7, 0x5D, 0x31,
    0xC2, 0x0E, 0xF3, 0xB7, 0xB9, 0x37, 0x42, 0x12, 0x8F, 0xE6, 0xE7, 0xDC, 0x57, 0x1D, 0x9A, 0xE5,
    0x0F, 0xB8, 0xC7, 0xD8, 0xD9, 0xD5, 0x09, 0x0F, 0xB7, 0xB5, 0x79, 0x9B, 0x78, 0xF0, 0xDA, 0xF4,
    0xC4, 0xBF, 0x9E, 0x21, 0xEE, 0x6F, 0x66, 0xE2, 0xFF, 0x74, 0x68, 0xFE, 0xCE, 0x11, 0xFF, 0x6E,
    0x44, 0xF3, 0xFD, 0x91, 0xEC, 0x07, 0x83, 0x0A, 0xD7, 0xE3, 0x07, 0xCD, 0x0E, 0x43, 0x43, 0x33,
    0xFA, 0xE3, 0x1D, 0x84, 0xED, 0xBF, 0xED, 0xD8, 0xAE, 0x9C, 0xEA, 0x49, 0x9B, 0x8E, 0xA8, 0x5A,
    0xB5, 0x6E, 0xB5, 0x95, 0xF2, 0x0C, 0x2C, 0x40, 0x94, 0x68, 0x29, 0x44, 0xF5, 0xD7, 0x7A, 0x1C,
    0x53, 0x0C, 0xFF, 0xA0, 0xA0, 0x47, 0xEE, 0xF3, 0xB1, 0xE5, 0x26, 0xE1, 0xDE, 0xCC, 0x3B, 0xCC,
    0xB8, 0x2F, 0x7D, 0x0E, 0xCC, 0x7D, 0x26, 0x5A, 0xEF, 0x33, 0x8F, 0xCD, 0x9E, 0x3E, 0x9D, 0x77,
    0x58, 0xEE, 0x70, 0x4A, 0xB9, 0xBB, 0x69, 0xFB, 0xCC, 0xED, 0xF0, 0xEB, 0x76, 0xC8, 0xC6, 0x1D,
    0xFE, 0xD4, 0x0E, 0x79, 0xBF, 0x43, 0x67, 0x07, 0xD3, 0xA5, 0xFC, 0xC3, 0x1D, 0x96, 0x94, 0xF2,
    0xAB, 0x83, 0x1D, 0x6E, 0xEE, 0xF0, 0x47, 0xBD, 0x1D, 0xEE, 0xED, 0xF0, 0xC7, 0x8D, 0xFD, 0xF5,
    0xB4, 0xC3, 0x33, 0xB2, 0x6F, 0x8F, 0x3B, 0xF4, 0xD4, 0xDE, 0xEF, 0x31, 0xF8, 0x96, 0xF5, 0x5B,
    0x85, 0xAD, 0x17, 0xD4, 0xDD, 0xF4, 0x44, 0x93, 0x36, 0xDB, 0xC2, 0x4E, 0xA5, 0x9D, 0x36, 0xC2,
    0x96, 0xBF, 0xD5, 0xE4, 0x75, 0x67, 0x75, 0x6A, 0x62, 0xD3, 0xE4, 0x2E, 0x5D, 0x6B, 0x2E, 0xB0,
    0xAB, 0x96, 0x67, 0xB1, 0xA9, 0x96, 0x27, 0xD8, 0x93, 0x08, 0x3A, 0x88, 0x65, 0x0A, 0x64, 0x13,
    0x3C, 0x51, 0x31, 0xA2, 0x1B, 0xD3, 0x03, 0x6A, 0x5D, 0xF6, 0xBF, 0x09, 0x0E, 0x92, 0x19, 0xAC,
    0x64, 0x0E, 0x3B, 0xC7, 0xB0, 0x93, 0x72, 0x29, 0x91, 0x8E, 0x09, 0x37, 0x75, 0x44, 0xF7, 0xF6,
    0xDF, 0x07, 0xC4, 0x4D, 0x9F, 0xEA, 0xD4, 0x7F, 0x05, 0xB8, 0xAE, 0xAB, 0xD8, 0x8A, 0x21, 0x5E,
    0x0D, 0xD8, 0x9E, 0x5F, 0x6F, 0x63, 0xD2, 0x13, 0x77, 0xC8, 0x7D, 0x8D, 0x61, 0x0C, 0x06, 0xC9,
    0x02, 0xF8, 0xC5, 0x6D, 0x81, 0x92, 0xD3, 0x19, 0xF3, 0xB8, 0x58, 0x28, 0xE5, 0x05, 0x0B, 0xD9,
    0x2A, 0x50, 0xC9, 0xE8, 0x37, 0x0B, 0x00, 0x0A, 0x3A, 0xA6, 0x45, 0x47, 0xA8, 0xDE, 0x37, 0x99,
    0x31, 0x97, 0xD2, 0x38, 0x4D, 0x46, 0x4C, 0x86, 0x22, 0x4E, 0x8F, 0x06, 0xD6, 0x57, 0x61, 0x44,
    0xEE, 0x65, 0x81, 0x7A, 0x9A, 0x01, 0xEF, 0x6F, 0xFF, 0xF5, 0x5C, 0xC9, 0xDD, 0xA3, 0xFF, 0xC8,
    0x27, 0x9F, 0x00, 0x66, 0xDC, 0xBA, 0x4D, 0xD6, 0x5F, 0x79, 0x40, 0x8B, 0xB3, 0x62, 0x67, 0x31,
    0x5D, 0xB8, 0xE8, 0x0D, 0xA3, 0xFB, 0x31, 0x7D, 0x31, 0xC0, 0xC6, 0x4B, 0x87, 0xF9, 0x50, 0x01,
    0x46, 0x40, 0xD9, 0xAD, 0x7B, 0x16, 0x57, 0x8D, 0xFE, 0x35, 0xFF, 0xA1, 0x7F, 0xEA, 0x57, 0x6F,
    0xA0, 0xD9, 0x34, 0x35, 0x7E, 0x00, 0xF4, 0x74, 0x60, 0x05, 0xC8, 0xB3, 0x64, 0x02, 0x22, 0xEE,
    0xE9, 0x4F, 0x78, 0x16, 0x16, 0x32, 0x76, 0x22, 0xB1, 0xD1, 0x53, 0x09, 0x15, 0x93, 0x40, 0xBB,
    0xE0, 0x39, 0xC9, 0xB3, 0xF6, 0x3A, 0x6E, 0x1E, 0x5D, 0x15, 0x6B, 0x77, 0x8B, 0x9A, 0xE0, 0xF4,
    0xE8, 0x15, 0x75, 0xBC, 0xC2, 0x6F, 0xAE, 0xC8, 0xCF, 0xAF, 0xE8, 0xE8, 0xBA, 0x5E, 0x51, 0xEB,
    0x15, 0xB5, 0x4E, 0xE5, 0xB7, 0x28, 0x17, 0x1E, 0x16, 0x32, 0xFC, 0xAB, 0x97, 0xBE, 0xE3, 0x45,
    0x68, 0xE6, 0x08, 0x73, 0x54, 0xD0, 0x9A, 0x68, 0xB5, 0x9A, 0xFB, 0xDD, 0x9B, 0xD1, 0xC9, 0xE1,
    0x44, 0x67, 0x46, 0xB0, 0xC1, 0x1C, 0x28, 0x0B, 0xA7, 0xD6, 0x53, 0xE6, 0x84, 0xC4, 0x7C, 0x00,
    0xBF, 0xF8, 0xEF, 0xC3, 0x89, 0xDE, 0x32, 0x7A, 0x5A, 0x3B, 0xE3, 0x96, 0x6E, 0x55, 0xB2, 0x81,
    0x8E, 0xAB, 0xB0, 0xCF, 0x98, 0xB3, 0xA3, 0x9F, 0xE2, 0x97, 0xB3, 0x70, 0x97, 0x4C, 0x38, 0x5A,
    0xE1, 0xE4, 0x9C, 0xC8, 0x19, 0x72, 0x70, 0x3C, 0xA2, 0xDB, 0x21, 0x7A, 0xDD, 0x98, 0xBD, 0x3A,
    0x6A, 0x06, 0x14, 0x48, 0xCB, 0x15, 0x63, 0x2A, 0x95, 0x0A, 0xAA, 0x2D, 0x0F, 0xFE, 0x55, 0xE9,
    0x74, 0xC8, 0x10, 0x08, 0x02, 0x3F, 0xA0, 0x07, 0xEC, 0x80, 0x1C, 0x70, 0x03, 0x6A, 0xC0, 0x0C,
    0x88, 0x81, 0xFA, 0x40, 0x0B, 0x58, 0x01, 0x29, 0xE0, 0x04, 0x94, 0x80, 0x11, 0x10, 0x02, 0x3E,
    0x40, 0x87, 0xB2, 0xB1, 0xFE, 0x77, 0xF3, 0x96, 0xDA, 0x66, 0xFF, 0xBF, 0xCD, 0xCB, 0x68, 0x56,
    0x2A, 0x6D, 0xAE, 0xFA, 0x48, 0x4F, 0xAF, 0x16, 0x19, 0xD9, 0x48, 0x56, 0xC2, 0xAE, 0x0C, 0xBA,
    0xAA, 0xDC, 0xBA, 0x22, 0xAC, 0x03, 0xFC, 0xCC, 0xEB, 0x97, 0x6D, 0xDA, 0xDC, 0xC0, 0xE8, 0x62,
    0x5A, 0x29, 0x8F, 0x49, 0xDC, 0xA5, 0xD0, 0x9C, 0x75, 0xAE, 0x09, 0xEB, 0x0C, 0x62, 0x4C, 0xAA,
    0xAC, 0x0B, 0x77, 0x55, 0x8E, 0x67, 0x8E, 0xB3, 0x83, 0x5D, 0x95, 0xE3, 0x5F, 0xB8, 0x8B, 0x50,
    0x3D, 0x92, 0xBD, 0x3E, 0xDA, 0xF9, 0xF1, 0x31, 0xAC, 0xBD, 0x6E, 0xFB, 0xD1, 0x3B, 0x7F, 0x85,
    0x9D, 0x72, 0xDF, 0x01, 0x74, 0x71, 0xF1, 0xBF, 0x7C, 0x96, 0x21, 0x8C, 0xDE, 0xD8, 0x11, 0xC7,
    0xC7, 0x9F, 0x95, 0x18, 0x18, 0x38, 0xA0, 0x55, 0x41, 0xA4, 0xBA, 0x9C, 0x98, 0x57, 0xEA, 0xDA,
    0x55, 0x39, 0x0C, 0x0A, 0x28, 0x57, 0x41, 0xB8, 0xAA, 0xCD, 0x67, 0xCE, 0x8B, 0x4B, 0x0E, 0x2D,
    0x59, 0x7A, 0x20, 0xC9, 0x33, 0x47, 0xD6, 0x1D, 0x97, 0x3E, 0x10, 0x94, 0x23, 0x0F, 0x38, 0x92,
    0x37, 0xB1, 0x3D, 0xF7, 0x7E, 0x9A, 0xB1, 0x65, 0xDD, 0x9E, 0x6E, 0xB4, 0xDA, 0x99, 0x79, 0xB6,
    0xE7, 0xCD, 0xFC, 0xFF, 0xFF, 0xE7, 0xCF, 0x62, 0x76, 0x15, 0x37, 0xED, 0x45, 0xB2, 0xB0, 0x75,
    0x99, 0x0E, 0x22, 0xB5, 0xEA, 0x24, 0x04, 0xBA, 0x85, 0x4D, 0x42, 0x2F, 0x85, 0xF6, 0xA5, 0xF6,
    0x6D, 0x27, 0xF5, 0x2A, 0x17, 0x1D, 0xEE, 0xD2, 0x83, 0x93, 0x88, 0xDE, 0x66, 0xFE, 0x89, 0x84,
    0xEF, 0xA3, 0xE4, 0xDC, 0x9F, 0xEE, 0x4E, 0xF7, 0x76, 0xE9, 0x72, 0xBA, 0x52, 0xA9, 0x58, 0x50,
    0x6F, 0x1E, 0x34, 0x6B, 0x0A, 0x42, 0x0A, 0xDA, 0x85, 0x60, 0x4A, 0xAB, 0x04, 0x4A, 0x30, 0x13,
    0x44, 0xBB, 0x9C, 0xED, 0xC1, 0x45, 0x47, 0xBB, 0xCF, 0xAA, 0xCF, 0xBF, 0xAD, 0x4E, 0x9D, 0x9A,
    0x12, 0xCD, 0x92, 0x92, 0x49, 0x6C, 0x99, 0x96, 0x68, 0x39, 0xFD, 0x09, 0xC5, 0xB6, 0xB0, 0xDA,
    0xB0, 0xCA, 0x95, 0x64, 0x2F, 0xF5, 0x49, 0x0E, 0x7B, 0xD1, 0x09, 0xD6, 0xD8, 0xA5, 0x36, 0x1E,
    0xEE, 0xDD, 0xD6, 0x25, 0x57, 0xA8, 0xDE, 0xAA, 0x9B, 0x34, 0x5B, 0x58, 0xAA, 0x41, 0x42, 0xAC,
    0xB6, 0xAA, 0x4B, 0x10, 0x14, 0x7A, 0x4F, 0x2F, 0xB9, 0xDE, 0xD8, 0x32, 0xD7, 0x1E, 0x68, 0x70,
    0xCD, 0x82, 0xA3, 0xB3, 0x02, 0x37, 0x73, 0x17, 0x68, 0x95, 0x2A, 0xB8, 0xCA, 0x5C, 0xBD, 0xE2,
    0xBC, 0x6D, 0xFE, 0xB8, 0x53, 0x6F, 0x0C, 0x92, 0x8A, 0x33, 0xC6, 0x23, 0xA0, 0x5D, 0x20, 0x82,
    0xE6, 0x36, 0x9A, 0x74, 0x5B, 0xDC, 0xE7, 0x2A, 0xAD, 0x6A, 0xAC, 0xF4, 0x5F, 0xA7, 0x20, 0x53,
    0x2A, 0x8B, 0x1A, 0x98, 0xAD, 0xAC, 0x16, 0xDC, 0x65, 0xB3, 0x64, 0xD4, 0xBF, 0x2F, 0x6E, 0x86,
    0xEA, 0x27, 0xED, 0x0C, 0x55, 0xFD, 0xEC, 0xF0, 0x52, 0x97, 0xD6, 0x05, 0x2A, 0xE8, 0x3A, 0x63,
    0x6F, 0xFA, 0xBE, 0x44, 0x47, 0x36, 0x3F, 0x02, 0xD0, 0xAA, 0x61, 0x9B, 0x00, 0x5E, 0x8B, 0xD1,
    0x69, 0x28, 0x07, 0x27, 0xA6, 0x22, 0x68, 0xA1, 0xAA, 0xF7, 0xA0, 0xEE, 0x5C, 0x08, 0xAD, 0xF8,
    0xCA, 0x7B, 0xF1, 0x9B, 0x17, 0x82, 0x46, 0xA5, 0x98, 0x08, 0x2A, 0xFD, 0xA6, 0xD4, 0x03, 0x00,
    0xB5, 0xD1, 0x5F, 0xD3, 0xE7, 0x61, 0x7F, 0x76, 0x1F, 0x7A, 0xF3, 0x3A, 0xEC, 0x3E, 0xE8, 0x98,
    0x34, 0x8C, 0x1F, 0x12, 0x92, 0x6D, 0xFF, 0xA8, 0x43, 0x9E, 0x3C, 0x6C, 0xA4, 0xE1, 0xFE, 0x61,
    0xBA, 0xF8, 0xE7, 0xC4, 0x80, 0xA5, 0xFE, 0xBF, 0x67, 0xBE, 0x92, 0xD2, 0x95, 0xF2, 0x97, 0xFC,
    0xC6, 0x5F, 0xF2, 0x2B, 0x24, 0x21, 0x2F, 0xA6, 0x62, 0x34, 0xFA, 0xA4, 0x59, 0x26, 0x30, 0xBE,
    0xF0, 0xED, 0x94, 0xE9, 0x24, 0xB0, 0x99, 0x2B, 0x3E, 0x4C, 0xD5, 0x35, 0x92, 0x6F, 0x1F, 0xAE,
    0xF3, 0xDF, 0x10, 0xDD, 0x74, 0x55, 0xF8, 0x4D, 0x4D, 0x30, 0x53, 0xB9, 0x4A, 0xB9, 0xC9, 0xD9,
    0x52, 0x6F, 0xF1, 0x94, 0xD6, 0x43, 0x3D, 0x9E, 0xD2, 0x2A, 0x86, 0xEE, 0x94, 0x16, 0xDF, 0x4F,
    0x0F, 0xC3, 0xD7, 0x7C, 0x4E, 0x2F, 0x50, 0x7C, 0xB2, 0x07, 0xE0, 0xF9, 0x63, 0xAB, 0x55, 0x15,
    0x64, 0x15, 0x83, 0x02, 0x43, 0xDC, 0x53, 0xD1, 0xF5, 0xAD, 0x46, 0xC9, 0xF4, 0x7F, 0x6F, 0x10,
    0x16, 0x9A, 0x0D, 0x8B, 0x5C, 0x96, 0xB4, 0xC2, 0xC6, 0x21, 0x26, 0x69, 0xA2, 0x0A, 0xCE, 0x01,
    0x4A, 0x03, 0xC3, 0x9C, 0xFF, 0x83, 0xA5, 0xA5, 0xF6, 0x49, 0x2A, 0x2D, 0x95, 0x90, 0x5F, 0xA1,
    0x43, 0x31, 0x08, 0xC7, 0x11, 0x11, 0x92, 0xB2, 0x3E, 0x91, 0xA6, 0x30, 0x27, 0x2D, 0xA8, 0x44,
    0x68, 0xA9, 0x55, 0xDA, 0x53, 0xAB, 0x04, 0x87, 0xF6, 0x6C, 0x58, 0x48, 0x4B, 0xED, 0x48, 0x53,
    0x0D, 0x17, 0x0F, 0x4B, 0x3D, 0x95, 0xF6, 0xB4, 0xD2, 0xCE, 0x2B, 0x41, 0x2E, 0x4B, 0x5E, 0x49,
    0xE0, 0xB8, 0x56, 0xAB, 0xE4, 0x4A, 0x6E, 0x57, 0xAF, 0x64, 0xCA, 0xBC, 0x2E, 0x54, 0x42, 0xD6,
    0xA4, 0x36, 0x63, 0x8F, 0xB8, 0xD1, 0x41, 0xAE, 0xA3, 0x50, 0xA9, 0xEE, 0x05, 0x6C, 0xB8, 0xA2,
    0x9C, 0x69, 0x10, 0x8C, 0x12, 0x36, 0xAB, 0x14, 0x98, 0xEF, 0xEB, 0x7F, 0x14, 0xD5, 0x7D, 0x7D,
    0xF3, 0x96, 0xED, 0x0C, 0xE6, 0x0A, 0xB7, 0x19, 0xDA, 0x3F, 0x88, 0xA5, 0x80, 0xB3, 0xDB, 0x47,
    0xA9, 0x76, 0x42, 0x29, 0x7A, 0xED, 0x0F, 0xBA, 0xEA, 0x9F, 0xB6, 0x9D, 0x2C, 0x9E, 0x9B, 0x76,
    0xAA, 0x00, 0x67, 0xDC, 0x89, 0x62, 0xDB, 0xFE, 0xA0, 0xC9, 0xCC, 0x49, 0x32, 0x73, 0x8A, 0x28,
    0x7A, 0xDB, 0x09, 0xA2, 0xE8, 0x08, 0x3D, 0x20, 0xDE, 0x7E, 0x79, 0x74, 0xE8, 0x49, 0xC0, 0x71,
    0x4F, 0xEE, 0xC1, 0x2A, 0x05, 0x3D, 0x89, 0x9D, 0x09, 0xA7, 0xE5, 0x15, 0x55, 0x9D, 0x14, 0xA7,
    0xCD, 0x29, 0x61, 0xF1, 0x20, 0x84, 0x96, 0x76, 0x3A, 0x40, 0xD9, 0xC9, 0x68, 0x94, 0xAE, 0xF6,
    0x57, 0xFA, 0x0A, 0xC2, 0x4E, 0x44, 0x58, 0xA8, 0x61, 0x49, 0xA6, 0x11, 0xDA, 0xAA, 0xDE, 0x49,
    0x60, 0xAD, 0xEA, 0xF8, 0xA9, 0xA8, 0xA1, 0x60, 0x92, 0x86, 0x2A, 0x99, 0x42, 0xC0, 0x4D, 0xAE,
    0xF2, 0x17, 0xFD, 0x16, 0x80, 0x5F, 0xBF, 0x3C, 0x6C, 0x67, 0xF0, 0xD7, 0x13, 0xF4, 0x10, 0x47,
    0xB0, 0xF0, 0x52, 0xFB, 0xE4, 0x61, 0x3E, 0x17, 0x08, 0x9D, 0xCD, 0xB3, 0xAD, 0xB9, 0xED, 0xEF,
    0xAD, 0x40, 0x23, 0xA0, 0x9C, 0xD2, 0x8D, 0x08, 0x8C, 0xA5, 0x99, 0x77, 0x50, 0xCD, 0x4E, 0xE1,
    0xBB, 0x27, 0xBD, 0x65, 0xEC, 0x25, 0x39, 0xF8, 0x5E, 0x14, 0xDE, 0x6B, 0xE5, 0xED, 0xB4, 0x3D,
    0x84, 0x85, 0xD7, 0x47, 0x0A, 0xA3, 0xE8, 0x94, 0xE9, 0x98, 0x50, 0x2D, 0xD2, 0x2D, 0x37, 0xBC,
    0xF6, 0xE5, 0x90, 0x70, 0x2C, 0x95, 0x37, 0x56, 0x26, 0x95, 0x02, 0x59, 0xCA, 0x00, 0x07, 0xC0,
    0x2A, 0xC2, 0x30, 0x03, 0x00, 0x58, 0x02, 0x4C, 0x3B, 0x73, 0x01, 0xE4, 0x69, 0x10, 0x9A, 0xFC,
    0x57, 0x07, 0x14, 0x49, 0xAF, 0x11, 0xBC, 0x81, 0x8E, 0x50, 0x67, 0xA1, 0xCF, 0x1F, 0xAF, 0x91,
    0x43, 0xCD, 0x53, 0x53, 0x3B, 0xE5, 0x61, 0x82, 0xAD, 0x4B, 0x6C, 0x97, 0xAA, 0x9D, 0x5F, 0x25,
    0xAE, 0x8A, 0x58, 0xEB, 0xC7, 0x76, 0x9B, 0xAE, 0xDB, 0xC3, 0x63, 0x2C, 0x75, 0x6A, 0xF4, 0xA6,
    0xAA, 0x4C, 0xD5, 0x17, 0x9B, 0x10, 0x8E, 0xA8, 0x73, 0x66, 0x37, 0x5D, 0xD0, 0xE6, 0xE4, 0xA1,
    0x98, 0xA6, 0xAF, 0xDA, 0x09, 0x9D, 0x3A, 0x9D, 0x20, 0xE6, 0x68, 0x3A, 0x4C, 0xD7, 0x23, 0x84,
    0x48, 0xF4, 0xB8, 0x43, 0x88, 0x1A, 0x8F, 0x70, 0x20, 0xE4, 0x1A, 0xAD, 0x72, 0xDB, 0x68, 0x3A,
    0xF4, 0xDB, 0x50, 0xA1, 0x5D, 0x63, 0x00, 0x0F, 0x0D, 0x26, 0xAE, 0x79, 0xE8, 0x52, 0xDC, 0x2C,
    0x74, 0xED, 0xF9, 0x35, 0x20, 0x7A, 0x21, 0x84, 0x86, 0x98, 0xD4, 0x9B, 0x87, 0x77, 0x5C, 0xB3,
    0x46, 0xEF, 0x59, 0x30, 0x05, 0x2C, 0x16, 0x6A, 0xE4, 0xC5, 0xC8, 0x3C, 0x97, 0x74, 0xCA, 0xFF,
    0x3D, 0x73, 0x9B, 0x69, 0x6D, 0x12, 0xE6, 0x51, 0x2C, 0xFE, 0xAE, 0x3A, 0x7C, 0x56, 0x8C, 0x76,
    0x9F, 0x87, 0xDE, 0x34, 0x46, 0x0B, 0x6E, 0xBF, 0x00, 0xB1, 0x99, 0x32, 0x99, 0x59, 0xF8, 0x2C,
    0x27, 0x6B, 0x7D, 0x1D, 0xC8, 0x9C, 0x9F, 0x8B, 0x46, 0xA7, 0x87, 0x08, 0x76, 0x0C, 0x45, 0x27,
    0x27, 0x40, 0x53, 0x7C, 0xD6, 0xA3, 0x45, 0xAA, 0x83, 0x35, 0xCB, 0x8E, 0xCE, 0x4B, 0xD0, 0xCE,
    0x69, 0xA9, 0xD4, 0x9B, 0x06, 0x53, 0x27, 0x85, 0xB5, 0xC2, 0xA2, 0xCD, 0x61, 0x07, 0x6C, 0xD6,
    0xFD, 0x94, 0x9F, 0xA2, 0xCD, 0x25, 0xC1, 0x1D, 0x1E, 0x19, 0x1B, 0xD7, 0xC9, 0xC9, 0xA0, 0x35,
    0xE7, 0x42, 0xA3, 0x53, 0xC1, 0x68, 0xCE, 0x84, 0x8E, 0x4E, 0x04, 0x03, 0x19, 0x0F, 0xB4, 0x66,
    0x34, 0xD0, 0x9A, 0xB1, 0x60, 0xAD, 0x99, 0x24, 0x3A, 0x8F, 0x4A, 0x7D, 0x06, 0xB6, 0x37, 0xE4,
    0xED, 0x61, 0xC6, 0xBE, 0xD9, 0x7F, 0x0F, 0xD2, 0x82, 0x97, 0xF3, 0x8B, 0xA5, 0x6E, 0x92, 0xAD,
    0xC9, 0xAD, 0x94, 0xE7, 0xAC, 0xF1, 0xC3, 0xD0, 0xBA, 0x9B, 0xF7, 0x6F, 0xC1, 0xCB, 0x7C, 0x00,
    0xAD, 0xBB, 0x2B, 0x74, 0x83, 0xA9, 0x42, 0x57, 0x28, 0x79, 0xA9, 0x0B, 0xC8, 0xF2, 0x68, 0x8E,
    0x9B, 0xC1, 0xD4, 0x1D, 0x15, 0xA8, 0x1E, 0x22, 0xF5, 0xFC, 0xB5, 0x0E, 0x12, 0xF4, 0xAC, 0x23,
    0x08, 0x82, 0x41, 0x63, 0x15, 0x1A, 0xAF, 0x80, 0xDB, 0x3F, 0x4B, 0xCD, 0x81, 0xE6, 0x9F, 0x4A,
    0x9C, 0x2E, 0x54, 0xA8, 0xF5, 0x46, 0x85, 0x97, 0x5B, 0x07, 0x07, 0x3E, 0xB9, 0xEB, 0xDF, 0x29,
    0x71, 0xDD, 0xEF, 0x7D, 0xBB, 0x0C, 0x2E, 0x8F, 0x7E, 0xDC, 0xD6, 0xD3, 0xA7, 0x48, 0xAD, 0x28,
    0x5F, 0x7F, 0xF6, 0x8F, 0x8B, 0xE5, 0x48, 0x4C, 0x77, 0xD5, 0x24, 0xB5, 0x6B, 0x88, 0x6F, 0x49,
    0x47, 0x1E, 0x41, 0x95, 0x83, 0x27, 0xAA, 0x29, 0x1A, 0xEC, 0x0C, 0xCA, 0x37, 0x4B, 0xD0, 0x84,
    0x64, 0x13, 0x8A, 0x06, 0x57, 0xB6, 0x8B, 0xFC, 0xC8, 0x75, 0x96, 0xE4, 0x31, 0xD1, 0xD0, 0xD0,
    0xAB, 0x90, 0xA4, 0xB5, 0xD6, 0x3B, 0xCE, 0x6F, 0xA9, 0xCE, 0x1D, 0xEF, 0x17, 0xA8, 0x1F, 0x2B,
    0x95, 0xF7, 0x3E, 0x04, 0x6F, 0xD9, 0xFE, 0xA3, 0x27, 0x15, 0xDF, 0x8C, 0x8B, 0x0B, 0xBD, 0xEA,
    0x93, 0x5F, 0x6C, 0x48, 0xF6, 0xD3, 0x38, 0x9B, 0xDC, 0xD9, 0xEF, 0xFA, 0x34, 0xB9, 0xE2, 0xD9,
    0x4F, 0xF7, 0xA4, 0x65, 0xD8, 0xE8, 0xBA, 0xBF, 0x43, 0x51, 0xD1, 0xA5, 0x7F, 0x8F, 0x3C, 0xF6,
    0x41, 0x3F, 0x00, 0xD7, 0xE8, 0xC9, 0x0A, 0x68, 0x3E, 0xF5, 0x3B, 0x76, 0x56, 0x9F, 0x3A, 0xD0,
    0x53, 0xF0, 0xA9, 0x95, 0x2B, 0xAD, 0x4F, 0xED, 0x76, 0x4A, 0x5C, 0x82, 0x6E, 0x3E, 0xE8, 0xF3,
    0xB3, 0xEC, 0xC7, 0xD4, 0xCD, 0x5A, 0x73, 0xFB, 0xBB, 0xF1, 0xE7, 0x85, 0xD9, 0x6D, 0xB7, 0xE6,
    0xC9, 0x03, 0xB7, 0xF3, 0xB7, 0xC9, 0xBC, 0x33, 0x3D, 0x5E, 0x97, 0x9D, 0xE7, 0x31, 0xE0, 0x8C,
    0x65, 0xD0, 0x77, 0x8E, 0xEB, 0xF1, 0x60, 0x18, 0x53, 0xFF, 0x9A, 0x3A, 0xD8, 0x6D, 0x35, 0xEE,
    0xDC, 0xB2, 0xBD, 0x33, 0xDB, 0xE8, 0x08, 0x95, 0xF0, 0x4A, 0xEB, 0x79, 0x6C, 0x60, 0xF5, 0x42,
    0x88, 0x5E, 0xEF, 0x58, 0x75, 0x46, 0x91, 0xB8, 0xF3, 0x89, 0xCC, 0x9D, 0xCD, 0x14, 0x1E, 0x5C,
    0x22, 0xF7, 0xBA, 0x83, 0x49, 0x4E, 0xCB, 0xCE, 0x23, 0x21, 0x2C, 0x6E, 0x93, 0x20, 0xFD, 0x16,
    0xF5, 0x46, 0xE4, 0xEF, 0x0C, 0x02, 0xB3, 0xF3, 0xC7, 0xC0, 0xCE, 0x1E, 0xA1, 0x73, 0xC7, 0x94,
    0x3B, 0x73, 0x21, 0x1E, 0xBC, 0x69, 0x3C, 0x58, 0xC3, 0x99, 0x71, 0x36, 0xDD, 0x78, 0xF2, 0x39,
    0x2B, 0x0C, 0xF1, 0xEC, 0xCD, 0x84, 0x20, 0xDC, 0xFE, 0xAA, 0xF3, 0x41, 0x8C, 0x1E, 0x65, 0x5F,
    0xFF, 0xDA, 0xCE, 0x55, 0xC0, 0x5A, 0xAE, 0x24, 0xD7, 0xB6, 0xBD, 0x7F, 0x9C, 0x8C, 0x25, 0x75,
    0x98, 0x13, 0x87, 0x39, 0xB1, 0x58, 0xC1, 0xF1, 0x0D, 0x33, 0x33, 0x33, 0xC3, 0x13, 0xD3, 0xC2,
    0x75, 0x98, 0x93, 0x11, 0xB3, 0x96, 0xE9, 0xAD, 0xA4, 0x11, 0xD3, 0x07, 0x3B, 0xCC, 0x89, 0xA5,
    0x08, 0x83, 0x0E, 0x73, 0xC6, 0x89, 0x9C, 0xC4, 0x33, 0xB1, 0xBB, 0x72, 0x4F, 0x9D, 0x92, 0x5B,
    0x9E, 0x7F, 0xF7, 0x2D, 0xEF, 0xBE, 0xF9, 0x33, 0xAD, 0x37, 0x5D, 0xD6, 0x7B, 0x17, 0xDA, 0x55,
    0xD5, 0x05, 0xA7, 0x8F, 0x27, 0xB6, 0x07, 0x08, 0x41, 0xCF, 0x0A, 0x72, 0x7E, 0xFB, 0x54, 0x7F,
    0x26, 0xF0, 0x21, 0x22, 0x9D, 0x19, 0x95, 0x8C, 0xEF, 0xBF, 0x3A, 0xC4, 0x24, 0x4D, 0xFA, 0x07,
    0x5C, 0x7D, 0x9C, 0xFC, 0xAD, 0x48, 0x87, 0x00, 0x95, 0xC8, 0xDD, 0xCF, 0x63, 0x68, 0x71, 0xB2,
    0x5A, 0x98, 0x4A, 0x64, 0xD6, 0xB8, 0x35, 0x21, 0xC5, 0x68, 0x21, 0xA2, 0x3D, 0x42, 0x46, 0xC5,
    0x9C, 0x04, 0xEE, 0x4E, 0x70, 0xD5, 0x60, 0x6D, 0x32, 0xB0, 0x1F, 0x53, 0xAD, 0x9C, 0x84, 0xC7,
    0x55, 0xC7, 0x9E, 0x0C, 0xEA, 0x61, 0x57, 0x86, 0xF7, 0xC1, 0x32, 0xD6, 0x69, 0x97, 0x0B, 0x7E,
    0xF0, 0xF6, 0x6A, 0xC1, 0x8F, 0xC6, 0xB0, 0xD3, 0xD5, 0xFA, 0x3C, 0x2F, 0xE6, 0x91, 0xAB, 0x0F,
    0x56, 0x97, 0xCF, 0xB8, 0x6A, 0x47, 0x14, 0xC4, 0x0C, 0x6B, 0xFB, 0x98, 0x5E, 0xC7, 0xAB, 0x99,
    0xF2, 0x6C, 0x0E, 0xA4, 0xA5, 0x62, 0xAC, 0x8B, 0xE1, 0x2E, 0x46, 0x3C, 0xF5, 0xF1, 0x16, 0x32,
    0x9B, 0xB3, 0x85, 0x76, 0xF0, 0x16, 0xDE, 0x5B, 0xBE, 0xFD, 0x68, 0x6F, 0xAE, 0xED, 0xAD, 0xEF,
    0xF7, 0x0A, 0x77, 0x66, 0xC4, 0xB5, 0x1C, 0x17, 0x4A, 0xA1, 0x4C, 0x4D, 0xE6, 0x77, 0x29, 0xFD,
    0x1F, 0xF3, 0x73, 0xCA, 0x2F, 0xA3, 0xAC, 0x2D, 0x6B, 0x3D, 0xED, 0x45, 0xE5, 0x4C, 0x99, 0x8D,
    0x85, 0x70, 0x79, 0x94, 0xBE, 0xA3, 0x5B, 0x54, 0x07, 0x86, 0xA9, 0xDA, 0x5C, 0x2E, 0x7C, 0xCD,
    0xD7, 0xB1, 0x2F, 0x13, 0x81, 0xCC, 0x4C, 0x16, 0x03, 0x6F, 0xDF, 0x77, 0x0C, 0x85, 0xD5, 0x81,
    0xF1, 0xF1, 0xE8, 0x28, 0x83, 0x95, 0x40, 0x5A, 0x84, 0x72, 0x1F, 0xDC, 0x91, 0x70, 0x68, 0xD5,
    0xFB, 0xE5, 0x20, 0x26, 0x01, 0x2F, 0x94, 0x68, 0xDD, 0x9C, 0xD6, 0x57, 0xBF, 0xBD, 0x38, 0x6E,
    0x33, 0x6B, 0xF5, 0x74, 0x97, 0xEE, 0xC7, 0x45, 0xF8, 0xBC, 0x5E, 0x57, 0xD1, 0xB1, 0x60, 0x66,
    0xAD, 0xEC, 0xB4, 0x4C, 0xC6, 0x8F, 0x3A, 0x4E, 0x6E, 0x75, 0x31, 0x4B, 0x62, 0x56, 0xC3, 0xD0,
    0x9F, 0x5F, 0x15, 0x6E, 0x59, 0x58, 0xFE, 0xC2, 0x0D, 0x39, 0xB7, 0xF3, 0x69, 0xC6, 0x3A, 0x59,
    0xEA, 0x6A, 0x95, 0xEB, 0x58, 0xE0, 0xB2, 0xB6, 0x4D, 0xA4, 0x29, 0x02, 0x94, 0x86, 0x1B, 0x4C,
    0x97, 0x54, 0x63, 0x6F, 0xA1, 0x9D, 0x7E, 0xAB, 0x1D, 0x89, 0xEA, 0x8A, 0x6D, 0xD5, 0xCD, 0xD7,
    0xB8, 0xDD, 0x60, 0x9D, 0xC5, 0x1A, 0x6B, 0xAB, 0x7E, 0xE7, 0xE8, 0x53, 0x12, 0xE7, 0x44, 0x86,
    0x98, 0x40, 0xD9, 0xEB, 0xDA, 0xDC, 0x6C, 0xFB, 0xB6, 0xD0, 0x99, 0x46, 0xE4, 0x5C, 0x06, 0x9D,
    0xD7, 0xE8, 0xC4, 0x75, 0x9C, 0xF9, 0x55, 0x8C, 0xFC, 0x6C, 0xAE, 0x2F, 0x44, 0x6E, 0x23, 0xE6,
    0xE2, 0x5B, 0x68, 0xCC, 0x17, 0xBA, 0x62, 0xA8, 0x9B, 0x63, 0x53, 0xFE, 0x0D, 0x94, 0x36, 0x69,
    0x1C, 0x4B, 0x2E, 0x63, 0x12, 0x68, 0xA5, 0x77, 0xAD, 0x74, 0x0E, 0xEA, 0x86, 0x77, 0x64, 0xDA,
    0xCD, 0x31, 0x54, 0x78, 0xB1, 0xB6, 0x6D, 0x55, 0x74, 0x84, 0x8D, 0x1A, 0xFE, 0xCD, 0xBA, 0xD7,
    0x18, 0xEA, 0xF1, 0xEF, 0x04, 0x7F, 0x1C, 0xA1, 0x61, 0xE9, 0x0D, 0xF2, 0x48, 0x27, 0xED, 0x8C,
    0xDD, 0x9A, 0x04, 0xFD, 0x92, 0x2F, 0x9A, 0x63, 0x8E, 0xD1, 0xC6, 0x8D, 0x15, 0xD7, 0xF9, 0x41,
    0x7C, 0xD2, 0x19, 0x3A, 0x69, 0xD8, 0xA4, 0x21, 0x93, 0xC4, 0x25, 0x7B, 0xA2, 0x92, 0x23, 0x31,
    0xC9, 0x91, 0x98, 0xE1, 0x64, 0x88, 0xA1, 0xA1, 0x91, 0x86, 0x45, 0x1A, 0x12, 0x69, 0x38, 0xA4,
    0xA1, 0x90, 0xD6, 0x7F, 0x10, 0x81, 0x1C, 0x0C, 0x7F, 0x34, 0xF4, 0xD1, 0xB0, 0x47, 0x22, 0x8F,
    0x86, 0x3B, 0x1A, 0x7C, 0x67, 0x75, 0x17, 0x91, 0xA5, 0xC3, 0x86, 0x37, 0x1E, 0xA1, 0xEE, 0x88,
    0x35, 0xCE, 0xAE, 0xEA, 0x9C, 0x7B, 0x86, 0x5E, 0xFF, 0x33, 0x8A, 0x28, 0x5D, 0xED, 0xF5, 0xB8,
    0xD7, 0x1C, 0xBB, 0x46, 0xB1, 0x47, 0xA7, 0xD0, 0xA3, 0x53, 0xE4, 0x91, 0xC0, 0xE3, 0x81, 0xB8,
    0x23, 0x83, 0x21, 0x51, 0x47, 0x82, 0x8E, 0x2C, 0xEE, 0x08, 0x39, 0x12, 0x71, 0x24, 0xE0, 0x48,
    0xBC, 0x91, 0x70, 0x23, 0xD1, 0x46, 0x82, 0x8D, 0xC0, 0x1A, 0x09, 0x35, 0x46, 0xA4, 0xB1, 0xE8,
    0x5D, 0x80, 0xCC, 0xA6, 0x7C, 0x66, 0x08, 0xAB, 0x86, 0x5D, 0x9F, 0x71, 0x0C, 0xFB, 0x10, 0x75,
    0x76, 0x10, 0x95, 0x94, 0x4D, 0x12, 0x9C, 0xEC, 0x9D, 0x61, 0x93, 0x94, 0xB7, 0x9C, 0x21, 0x93,
    0xB6, 0x0D, 0x9E, 0x8A, 0x70, 0x24, 0x65, 0x44, 0x25, 0x09, 0x4A, 0x46, 0x4C, 0x92, 0x90, 0x64,
    0x94, 0x04, 0x24, 0x23, 0x1E, 0x49, 0x38, 0x32, 0xA2, 0x91, 0x04, 0x23, 0x23, 0x16, 0x49, 0x28,
    0x32, 0x22, 0x91, 0x04, 0x22, 0x23, 0x0E, 0xA9, 0x30, 0x64, 0x44, 0x21, 0x23, 0x08, 0x99, 0xCC,
    0xAE, 0x6A, 0x9C, 0x0B, 0xEA, 0xC7, 0xF5, 0x2F, 0xCC, 0xFA, 0x9E, 0x7E, 0x4B, 0xAA, 0x37, 0x5E,
    0xEB, 0x76, 0x83, 0x98, 0x24, 0x11, 0x49, 0xE2, 0x91, 0x44, 0x23, 0xE9, 0x31, 0xCC, 0x7C, 0xFC,
    0x61, 0xC6, 0x63, 0xB6, 0x23, 0x02, 0x49, 0x37, 0x23, 0xFA, 0x48, 0xEC, 0x91, 0xC8, 0x23, 0x71,
    0x47, 0xA2, 0x8E, 0xC4, 0x1C, 0x89, 0x38, 0x12, 0x6F, 0x24, 0xDA, 0xB8, 0x61, 0x8D, 0xC4, 0x36,
    0xA2, 0xBC, 0xBC, 0xDC, 0x45, 0xAC, 0x74, 0x4C, 0x47, 0xC8, 0x6C, 0xA1, 0xB5, 0xF3, 0xA5, 0xA0,
    0x9C, 0x8B, 0x89, 0x7F, 0xCF, 0x86, 0x47, 0xCE, 0xCA, 0xDC, 0xC2, 0x6A, 0x3D, 0xE8, 0xF0, 0x07,
    0x2F, 0x5F, 0xEB, 0xCE, 0x8D, 0x19, 0x4B, 0x4E, 0x57, 0xE4, 0x87, 0x2C, 0x64, 0x2B, 0xAE, 0x35,
    0xEB, 0xCF, 0xC9, 0x74, 0x5D, 0xAC, 0xEF, 0x6E, 0x98, 0xB5, 0xFD, 0x42, 0x59, 0x0D, 0x7B, 0x6C,
    0x20, 0x50, 0x24, 0xD3, 0x63, 0x6F, 0xB8, 0xC2, 0x1B, 0x5C, 0xC6, 0xF2, 0x89, 0x40, 0x91, 0xAA,
    0xA4, 0x1C, 0xA2, 0x1A, 0x8F, 0x74, 0x87, 0x87, 0xC4, 0x27, 0xBE, 0xDB, 0xBD, 0xAF, 0x21, 0xCC,
    0x56, 0x33, 0x7E, 0xD1, 0xA8, 0x92, 0xE9, 0x28, 0xF6, 0x04, 0xE9, 0x2B, 0x1E, 0xFB, 0xC4, 0x15,
    0x3E, 0xF1, 0xE1, 0xEE, 0xE6, 0x01, 0xEF, 0x85, 0xF1, 0xCB, 0x5F, 0xC3, 0x7B, 0xFC, 0xDD, 0x71,
    0x2B, 0xE2, 0x52, 0x79, 0x7D, 0xD1, 0x02, 0x37, 0xB3, 0x5E, 0x4B, 0xCF, 0x48, 0x19, 0xE6, 0xE2,
    0xDA, 0xDB, 0x86, 0xB2, 0xEA, 0x28, 0x8B, 0x81, 0x32, 0x1D, 0x1F, 0x7B, 0xC6, 0x15, 0x15, 0x02,
    0xEB, 0x24, 0x36, 0x7C, 0x75, 0x17, 0x83, 0x45, 0x4E, 0xC4, 0x8C, 0xE6, 0x7E, 0xEA, 0xA1, 0x88,
    0x16, 0x05, 0xBB, 0x07, 0x94, 0xD8, 0x77, 0x70, 0x9E, 0x97, 0x4A, 0x9F, 0x59, 0xFB, 0x72, 0xD4,
    0x69, 0x72, 0x3C, 0x7D, 0xFF, 0x41, 0x99, 0xB4, 0x3A, 0x47, 0xEB, 0x38, 0x16, 0xD2, 0xB7, 0x63,
    0xB5, 0x3A, 0x19, 0xEA, 0x09, 0xAB, 0x1F, 0x53, 0x69, 0x80, 0x00, 0x38, 0x19, 0xFC, 0xEA, 0x4E,
    0x7F, 0x9A, 0xDC, 0x31, 0x00, 0xA0, 0x14, 0xA0, 0x8D, 0xF8, 0x8A, 0x58, 0xA1, 0xA0, 0xF9, 0x9C,
    0x55, 0x5E, 0x5E, 0x9E, 0xE9, 0x8D, 0xA3, 0x57, 0x15, 0x53, 0x31, 0xA9, 0x9C, 0x3D, 0xE5, 0xE4,
    0xE9, 0x8D, 0x43, 0xDE, 0x3F, 0x42, 0x2D, 0x75, 0x6D, 0x33, 0x16, 0xF1, 0xB1, 0x97, 0x97, 0xEE,
    0xDC, 0x78, 0xA1, 0x7A, 0x9B, 0x24, 0xFA, 0x61, 0xFA, 0x91, 0x2C, 0x5F, 0x9F, 0x72, 0xF3, 0xF5,
    0x68, 0xB5, 0x63, 0x5D, 0x9A, 0x98, 0x17, 0xA4, 0xF0, 0x82, 0x73, 0x23, 0x9B, 0x28, 0xFD, 0x72,
    0x5E, 0xE6, 0xE3, 0xA3, 0x03, 0xA8, 0xD0, 0xE2, 0x2C, 0x53, 0xB9, 0x4D, 0xCF, 0x8D, 0x64, 0x71,
    0xB1, 0x82, 0xE1, 0x1C, 0x0C, 0xF1, 0xBB, 0x36, 0xD6, 0xDF, 0xF9, 0x2E, 0x9D, 0x99, 0xD6, 0x92,
    0xE0, 0xDE, 0xB8, 0x51, 0x0A, 0xC6, 0x83, 0x97, 0x37, 0x44, 0xFE, 0xE5, 0x75, 0xFC, 0x88, 0xEC,
    0x1F, 0xA5, 0xB1, 0x8A, 0xA7, 0xF8, 0x7D, 0x39, 0xB8, 0xA7, 0xF9, 0x5A, 0x2F, 0x16, 0x8B, 0xDD,
    0x8B, 0x70, 0x49, 0x2F, 0x58, 0x36, 0xAC, 0x35, 0x1B, 0x37, 0xCC, 0xB0, 0xE8, 0x37, 0xD0, 0xB0,
    0x44, 0xBF, 0xCD, 0x51, 0xBB, 0x3A, 0x58, 0x4B, 0xB5, 0xA0, 0x6B, 0x58, 0x2C, 0xC6, 0xB7, 0x76,
    0x99, 0x0F, 0x1B, 0x86, 0xE8, 0x3B, 0x5E, 0xF2, 0x16, 0x0D, 0x32, 0xE4, 0xF1, 0x29, 0x7D, 0x31,
    0x5C, 0xBE, 0xCE, 0x2E, 0x73, 0x45, 0x4A, 0xF9, 0xAE, 0x9E, 0xF8, 0x76, 0xA7, 0xD5, 0x66, 0x6E,
    0x90, 0x79, 0x4B, 0x6C, 0xA8, 0xEC, 0xD4, 0x49, 0xBC, 0xE8, 0x1F, 0x2B, 0x19, 0x6E, 0x88, 0x7C,
    0xCD, 0xD7, 0xE2, 0xE0, 0x09, 0x51, 0x18, 0x43, 0xCF, 0x10, 0x7C, 0xD4, 0xC8, 0xCD, 0xCB, 0xCB,
    0x83, 0x29, 0x49, 0x65, 0x25, 0xE2, 0xAE, 0x18, 0x17, 0xF7, 0x34, 0x07, 0x64, 0x82, 0x24, 0x34,
    0xC3, 0x39, 0xFE, 0x4F, 0x5A, 0xD8, 0x3B, 0x55, 0x5C, 0x55, 0x7A, 0x27, 0x43, 0x21, 0x99, 0x34,
    0x89, 0x74, 0x45, 0x28, 0xC4, 0x01, 0x9D, 0x00, 0xF6, 0x9A, 0xC3, 0x41, 0x4A, 0x64, 0x91, 0x44,
    0x46, 0x3D, 0xFF, 0x6A, 0xA5, 0x53, 0xFB, 0x0B, 0xF1, 0x08, 0x00, 0x53, 0x74, 0x18, 0x47, 0x97,
    0xA1, 0x6C, 0x29, 0xB5, 0x1A, 0x38, 0xD4, 0x53, 0xF6, 0x2B, 0xE2, 0x92, 0xAE, 0x5E, 0x7C, 0x81,
    0xD3, 0xF0, 0x93, 0xF3, 0x64, 0x72, 0x1F, 0xB8, 0x0F, 0x14, 0xBC, 0x6A, 0xAA, 0x2D, 0xA8, 0xB2,
    0x1F, 0xD2, 0xEC, 0x5B, 0x70, 0x5B, 0xB4, 0xE1, 0x8E, 0x0C, 0x40, 0xB6, 0x52, 0x19, 0x35, 0xF1,
    0xCB, 0xC8, 0x23, 0xD9, 0x91, 0x27, 0x87, 0x8D, 0x2A, 0xF7, 0xC3, 0x55, 0x9B, 0xF1, 0xD0, 0xAF,
    0xA4, 0xA8, 0x57, 0x8A, 0xC5, 0xE2, 0x05, 0x54, 0xF6, 0x8A, 0xE3, 0xEC, 0xBC, 0xC8, 0xDC, 0xAA,
    0x98, 0x4E, 0x02, 0x30, 0x08, 0xF9, 0x6C, 0x10, 0x97, 0x6D, 0x78, 0xC9, 0x71, 0x76, 0xB0, 0x6A,
    0xBD, 0x50, 0x90, 0x7E, 0x55, 0x8A, 0x8A, 0x42, 0xBA, 0x44, 0xB0, 0xE9, 0x03, 0xE0, 0x35, 0xF8,
    0x09, 0x59, 0x77, 0xC8, 0x7D, 0x74, 0x54, 0x5E, 0x54, 0xCA, 0x23, 0xBA, 0x27, 0x93, 0xDE, 0xCA,
    0x7F, 0x9E, 0x44, 0x7D, 0x5F, 0xBA, 0x11, 0xC7, 0x0A, 0xC7, 0x01, 0x47, 0xAD, 0x4A, 0x4F, 0xCB,
    0x82, 0x8A, 0x7C, 0x55, 0x51, 0x2C, 0xEE, 0x38, 0xA8, 0x90, 0x1E, 0x22, 0xD1, 0x48, 0x13, 0x72,
    0x61, 0x18, 0xD5, 0xBB, 0x69, 0xD5, 0xDB, 0x92, 0xF0, 0xDA, 0xAD, 0x8C, 0xDB, 0xAA, 0xBA, 0xFA,
    0xEF, 0x28, 0x60, 0x0F, 0x75, 0x87, 0x35, 0xEA, 0xF1, 0x02, 0xEB, 0xC4, 0xD7, 0x7D, 0x13, 0xC0,
    0x22, 0x5D, 0x86, 0xAB, 0x07, 0x78, 0x93, 0xAB, 0xFB, 0x93, 0x08, 0x27, 0x71, 0xF3, 0x75, 0xF2,
    0x5A, 0x94, 0x00, 0x45, 0x80, 0x06, 0x2F, 0x45, 0x4B, 0x31, 0x62, 0x45, 0x17, 0xB0, 0x49, 0x44,
    0xC0, 0x08, 0x81, 0x11, 0x03, 0x33, 0x10, 0x2C, 0xB6, 0x1D, 0xC5, 0x15, 0x6E, 0xB8, 0xB7, 0x2D,
    0x54, 0x08, 0xDB, 0x66, 0xE7, 0x6D, 0xDB, 0xA9, 0x6D, 0x3F, 0xF9, 0x8D, 0xB2, 0x2D, 0xC5, 0xD5,
    0xB6, 0xC5, 0xDF, 0xF1, 0x43, 0x67, 0xD5, 0xEF, 0x79, 0x13, 0x6D, 0xCB, 0x38, 0xA2, 0xBC, 0x92,
    0xD4, 0x4A, 0x65, 0xB9, 0x18, 0x18, 0xDE, 0x9A, 0xB8, 0x2A, 0xF7, 0xC4, 0x57, 0xBF, 0xB5, 0x9D,
    0x21, 0x5F, 0xB0, 0x43, 0xE8, 0x0C, 0xB1, 0xB2, 0x3A, 0xB2, 0x6E, 0xBD, 0xF7, 0xE5, 0x0C, 0x2F,
    0x3B, 0x67, 0xE0, 0x2F, 0x6B, 0x91, 0x81, 0xCE, 0x10, 0xF6, 0xCE, 0xD0, 0xB9, 0x2C, 0x24, 0x70,
    0x86, 0x72, 0x32, 0x67, 0xA0, 0x40, 0xD9, 0xDE, 0x40, 0x24, 0xE2, 0xD4, 0x19, 0x56, 0x3A, 0xC3,
    0x74, 0xC6, 0x19, 0x7C, 0x93, 0x2C, 0x74, 0xC3, 0x82, 0x05, 0xDB, 0x5C, 0x77, 0x0C, 0x7F, 0x8C,
    0x48, 0x44, 0xCD, 0x49, 0x6D, 0x61, 0x6A, 0xB8, 0x7D, 0x3E, 0xDE, 0xCF, 0xB5, 0xAC, 0x8A, 0xB4,
    0xD7, 0xC6, 0x34, 0x29, 0xA4, 0xD1, 0x77, 0x15, 0xC6, 0x31, 0xF1, 0xC6, 0x4C, 0xAB, 0x0F, 0x94,
    0x2B, 0x51, 0xF7, 0x7C, 0x24, 0xEE, 0x5E, 0x1A, 0xE6, 0xFE, 0x8C, 0x53, 0xF9, 0x6B, 0x0B, 0xE5,
    0xAF, 0xAC, 0xCC, 0x94, 0xAD, 0x38, 0xBB, 0x79, 0xFA, 0xD1, 0x5D, 0x69, 0x54, 0x7E, 0x91, 0x3A,
    0x6C, 0x19, 0x48, 0x4F, 0xAA, 0xD6, 0xCC, 0x38, 0x4B, 0x04, 0xDC, 0xB1, 0xFD, 0x17, 0x4A, 0x86,
    0xB2, 0x99, 0x80, 0x69, 0x3B, 0x91, 0x77, 0xA6, 0x75, 0x72, 0xA7, 0xB8, 0xBC, 0x97, 0x59, 0x91,
    0xF9, 0xEC, 0x24, 0xA1, 0x5B, 0xA2, 0xF7, 0xD5, 0x21, 0x9D, 0x61, 0x16, 0x0F, 0x33, 0x8E, 0x47,
    0xDD, 0xCB, 0x12, 0x2B, 0x15, 0x6E, 0x9A, 0x1F, 0x54, 0x95, 0x70, 0x83, 0x37, 0x3A, 0x13, 0x1E,
    0x8F, 0x1E, 0xEF, 0x77, 0xE7, 0x04, 0x71, 0xAE, 0x97, 0x42, 0x90, 0xB5, 0xBD, 0x86, 0xE1, 0x04,
    0x60, 0xFF, 0x98, 0xAA, 0x3F, 0xE7, 0xCA, 0xEB, 0x85, 0x52, 0xA4, 0x6F, 0xA1, 0x28, 0x28, 0x24,
    0x95, 0xDF, 0x9F, 0xA1, 0x94, 0x76, 0xC1, 0x2C, 0x41, 0x67, 0x81, 0x7A, 0x7E, 0x41, 0x63, 0x2F,
    0x36, 0x9B, 0x57, 0x55, 0x78, 0x04, 0x7A, 0x7C, 0x21, 0xD2, 0xC4, 0xE2, 0xDA, 0x55, 0x3B, 0x0F,
    0x8D, 0xF9, 0x5E, 0xE7, 0x44, 0xBA, 0x87, 0x1C, 0xC8, 0x3F, 0xAA, 0x7F, 0xA2, 0x83, 0x8F, 0x85,
    0xA6, 0xDF, 0x8B, 0x99, 0x42, 0xE8, 0xD9, 0x14, 0xEE, 0x07, 0x0F, 0x6F, 0x77, 0x5C, 0x5F, 0x1E,
    0xC4, 0xF5, 0x8B, 0x21, 0xDE, 0x41, 0x88, 0xB7, 0x91, 0xC5, 0xE2, 0x10, 0x77, 0x0D, 0x41, 0xCA,
    0xF4, 0x4D, 0x36, 0x5F, 0x1A, 0x33, 0xF8, 0x51, 0xEC, 0xC9, 0x5E, 0xE2, 0xCE, 0x8E, 0x47, 0xDA,
    0xB2, 0x6C, 0x5E, 0xD8, 0xC0, 0x52, 0x61, 0xFB, 0xF1, 0xD0, 0x5A, 0xDF, 0x37, 0xE9, 0x82, 0x37,
    0x43, 0x07, 0xD9, 0x7C, 0xEC, 0xF4, 0x53, 0x63, 0xF7, 0xD4, 0x9E, 0xED, 0xB5, 0x0A, 0x25, 0x57,
    0xFA, 0x6D, 0x5E, 0x1C, 0x49, 0xA6, 0x55, 0x87, 0x93, 0x93, 0x4A, 0x19, 0x13, 0xB7, 0x14, 0x92,
    0xF9, 0x68, 0xD4, 0xAF, 0xA8, 0x0B, 0x62, 0x3B, 0xC2, 0x74, 0x54, 0xFF, 0x73, 0x2C, 0x5A, 0x7E,
    0x90, 0xDF, 0x55, 0x46, 0x16, 0xDF, 0x06, 0xB1, 0x75, 0x4F, 0xE8, 0x5C, 0xEB, 0xDC, 0x2A, 0x3F,
    0x55, 0x3A, 0xE8, 0xAA, 0x1D, 0x54, 0x4B, 0xB3, 0x92, 0x02, 0xE4, 0x5F, 0x95, 0x8E, 0x63, 0x39,
    0x4C, 0x6F, 0xAC, 0x3A, 0x64, 0x13, 0xBE, 0xAB, 0x42, 0x8E, 0x9C, 0xF0, 0x87, 0xCC, 0xA8, 0x70,
    0x93, 0x9A, 0x73, 0x9F, 0x70, 0xF4, 0xCD, 0xB3, 0x2B, 0x74, 0xC6, 0x1D, 0x4D, 0x3A, 0x0F, 0x58,
    0x7D, 0x7D, 0x70, 0x95, 0x76, 0x58, 0x9F, 0xEE, 0x72, 0xBD, 0xA3, 0xAA, 0x89, 0x77, 0x34, 0xB9,
    0x78, 0x47, 0xFA, 0x91, 0x0C, 0xD3, 0x4C, 0xAE, 0x9A, 0x1E, 0x08, 0x47, 0x45, 0x62, 0x62, 0x64,
    0x6C, 0xC4, 0x59, 0x7F, 0x7F, 0xA3, 0xC1, 0x5C, 0x75, 0xDA, 0x72, 0x75, 0x6A, 0xF7, 0x5E, 0x6F,
    0x70, 0x4C, 0xA1, 0x5A, 0x69, 0x35, 0x1A, 0xEB, 0x4D, 0x70, 0x1F, 0xBA, 0xDA, 0x15, 0x70, 0xB5,
    0x0E, 0xC9, 0xD5, 0xFF, 0x97, 0xE8, 0x87, 0xCD, 0xAA, 0xBC, 0xE1, 0x2C, 0x3F, 0xBC, 0x25, 0x19,
    0x4B, 0x55, 0x8B, 0x0E, 0x30, 0x2A, 0x9B, 0x0B, 0xE1, 0x02, 0xCF, 0x27, 0x98, 0x72, 0x97, 0x60,
    0x62, 0xBB, 0x7D, 0x9C, 0x9E, 0x75, 0xF2, 0x3D, 0x6C, 0x73, 0x72, 0xF5, 0xC9, 0x77, 0xFC, 0x12,
    0x7E, 0xE4, 0xA7, 0xC8, 0x88, 0x4B, 0x12, 0xAE, 0xEE, 0x5D, 0x57, 0x02, 0xFB, 0x63, 0x02, 0x3B,
    0x8D, 0xA2, 0x23, 0x9A, 0x84, 0x83, 0x06, 0xB1, 0x41, 0x73, 0x70, 0xBC, 0x89, 0x34, 0xF5, 0xC7,
    0x34, 0x75, 0x8C, 0xFD, 0x65, 0x54, 0x26, 0x37, 0x5F, 0xD4, 0xF2, 0x9E, 0xD4, 0xF4, 0x88, 0xD3,
    0xD4, 0x8D, 0x41, 0x13, 0x95, 0xC4, 0xDF, 0xD9, 0x91, 0x07, 0x9B, 0x33, 0xEC, 0x88, 0xB3, 0xE3,
    0x1D, 0x8F, 0x33, 0xBC, 0x55, 0x7A, 0x51, 0x2E, 0x24, 0xAA, 0xA0, 0xA5, 0x0A, 0xA8, 0x96, 0x62,
    0xB2, 0x47, 0xE3, 0xAE, 0x27, 0x30, 0xE1, 0xA9, 0xF8, 0x4A, 0xC8, 0x41, 0xFF, 0x9C, 0x0B, 0xD4,
    0x3B, 0x93, 0x4B, 0xAE, 0xEA, 0x45, 0xCF, 0x03, 0x13, 0xD6, 0x43, 0x1A, 0x53, 0xCB, 0xFA, 0x48,
    0xDB, 0x0D, 0x0A, 0x2D, 0xAD, 0x91, 0x46, 0x2B, 0x63, 0xDC, 0x42, 0xBC, 0xA6, 0x64, 0x94, 0x56,
    0x69, 0xA4, 0x4E, 0x95, 0x29, 0xAF, 0x55, 0x1A, 0x8C, 0x07, 0xB9, 0xBB, 0x86, 0x4B, 0xF0, 0x1A,
    0xE3, 0x33, 0xAC, 0xA9, 0xC2, 0x48, 0xF5, 0xBA, 0x90, 0xCB, 0xCB, 0x3B, 0xE2, 0x3C, 0x3E, 0x8A,
    0xF1, 0x28, 0xC6, 0xA6, 0x92, 0xFB, 0x0B, 0xD2, 0x55, 0xDC, 0x60, 0x8C, 0xFE, 0x0B, 0xAF, 0x49,
    0xCB, 0xA2, 0xA3, 0x93, 0x9E, 0xA5, 0x7F, 0x66, 0x4A, 0x98, 0x55, 0x44, 0x2F, 0xB2, 0x5B, 0xAC,
    0x67, 0xF6, 0xDB, 0x82, 0xEB, 0x25, 0x91, 0x91, 0xDC, 0x31, 0xED, 0x7B, 0x7B, 0x32, 0xC8, 0xD8,
    0xFA, 0x91, 0x47, 0x46, 0x1D, 0xB2, 0x6C, 0x04, 0x48, 0x08, 0x97, 0xCB, 0xF5, 0xF7, 0x3E, 0x54,
    0xFF, 0xAA, 0xE1, 0x35, 0x3C, 0xAD, 0x5F, 0x52, 0x90, 0x3D, 0xAB, 0x77, 0x52, 0x41, 0x92, 0xBF,
    0xE9, 0x4A, 0x89, 0xE1, 0xB4, 0x64, 0x24, 0xE5, 0xC2, 0x1F, 0xE4, 0x95, 0xC1, 0xF9, 0x95, 0x57,
    0x16, 0xF5, 0x2F, 0x03, 0xA4, 0x5A, 0x3D, 0xD1, 0x0D, 0x78, 0x20, 0x7D, 0x34, 0x50, 0xE7, 0xE5,
    0x4C, 0x1D, 0xD7, 0x23, 0xA5, 0x34, 0x1A, 0xFA, 0xB3, 0xC0, 0x84, 0xEB, 0x27, 0x6E, 0x81, 0x63,
    0xA3, 0x12, 0x9B, 0x1E, 0xB2, 0x6D, 0xE8, 0x13, 0xB7, 0x77, 0x04, 0xD1, 0x9A, 0x32, 0x9E, 0x1F,
    0x40, 0x46, 0x76, 0x35, 0x6B, 0x09, 0x47, 0x38, 0x33, 0xF6, 0x15, 0xD4, 0x17, 0x47, 0xB9, 0x50,
    0x62, 0x79, 0x91, 0x4D, 0xC0, 0xB1, 0xE5, 0x46, 0x42, 0x20, 0xDC, 0x03, 0x1C, 0xC9, 0x39, 0xD4,
    0x23, 0xD2, 0xEA, 0xFB, 0x8D, 0x6A, 0xBD, 0x11, 0xAD, 0x37, 0x9A, 0x75, 0x24, 0x59, 0x1B, 0x85,
    0x3E, 0xD2, 0xE7, 0x37, 0xEA, 0xFC, 0x46, 0x9B, 0x37, 0xCA, 0x7C, 0xA4, 0xCB, 0x47, 0xAA, 0xBC,
    0x91, 0xAA, 0x23, 0x45, 0x7E, 0xA3, 0xC7, 0x6F, 0x74, 0xEA, 0x8D, 0x16, 0xBF, 0x51, 0xA9, 0x37,
    0x3A, 0xFC, 0x46, 0x85, 0xDF, 0x48, 0xD4, 0x1B, 0x85, 0x7A, 0x23, 0x50, 0x6F, 0xF4, 0xE9, 0x8D,
    0x3C, 0xBD, 0x51, 0xA7, 0x37, 0xE2, 0x74, 0x7C, 0x5E, 0x68, 0x8A, 0x07, 0x3D, 0xD9, 0x4A, 0x2B,
    0x50, 0x25, 0x87, 0x33, 0x9C, 0x65, 0xF2, 0x95, 0xC9, 0x55, 0x26, 0x4F, 0x99, 0x1C, 0x65, 0xF2,
    0x93, 0xC9, 0x4D, 0x26, 0x2F, 0x59, 0x7F, 0x9A, 0x6C, 0x7F, 0xA2, 0xEA, 0xF7, 0x27, 0xAA, 0xA5,
    0x9D, 0xA8, 0xC6, 0x43, 0x55, 0xF2, 0x8D, 0xC9, 0x35, 0x26, 0xCF, 0x98, 0x1C, 0x63, 0x0B, 0xB0,
    0x7B, 0xAF, 0x69, 0x07, 0xF3, 0x96, 0x43, 0xCC, 0x33, 0x11, 0x7C, 0x8B, 0x2B, 0xB7, 0x97, 0x59,
    0x5A, 0xCF, 0xC2, 0x4A, 0xD9, 0xDF, 0xA2, 0xEC, 0x3E, 0x71, 0x27, 0xD3, 0xFF, 0x7E, 0xCA, 0xDC,
    0xC8, 0xE8, 0x3B, 0x26, 0x33, 0x73, 0x4A, 0x6F, 0x87, 0x5A, 0xD5, 0x8B, 0x29, 0xEB, 0x92, 0x72,
    0xF5, 0x2B, 0x0F, 0x86, 0xBC, 0x31, 0xFD, 0xBC, 0x18, 0x20, 0xA7, 0xB2, 0xEC, 0x28, 0x6B, 0x68,
    0x43, 0x95, 0x1C, 0x0F, 0xB3, 0x9A, 0x78, 0x88, 0x95, 0x9B, 0xF4, 0x16, 0xF0, 0xAA, 0x86, 0xF2,
    0x4D, 0x3D, 0xC4, 0x22, 0x0B, 0x3A, 0xD2, 0x56, 0xBB, 0x6D, 0x87, 0xF8, 0x29, 0xA6, 0x83, 0x8F,
    0x71, 0x18, 0xAF, 0x8D, 0x4D, 0xA0, 0x27, 0x44, 0xF9, 0x99, 0xF4, 0xAF, 0x38, 0xF3, 0x37, 0xFC,
    0x6B, 0x2E, 0x1D, 0xDF, 0x75, 0x8D, 0x0E, 0xBA, 0x22, 0xBB, 0x7F, 0xC7, 0x78, 0xAD, 0xE6, 0x58,
    0xB3, 0x45, 0xAF, 0x90, 0x08, 0x20, 0xC7, 0xBF, 0xA7, 0xB7, 0xDF, 0xD2, 0x93, 0xB0, 0xC7, 0x27,
    0x61, 0xFB, 0x18, 0x6E, 0x5F, 0x25, 0xB6, 0xBA, 0x69, 0x1F, 0x93, 0x9F, 0x7E, 0xB8, 0x4F, 0xC6,
    0x4E, 0x32, 0x66, 0x34, 0x7C, 0x82, 0x0A, 0x3A, 0x61, 0xB6, 0x9C, 0x8D, 0x43, 0xD9, 0xC0, 0x37,
    0x12, 0xB0, 0xFD, 0xB6, 0x83, 0x7A, 0x52, 0x38, 0x03, 0xEB, 0xE5, 0x84, 0xF5, 0x3C, 0x61, 0xBD,
    0x9A, 0x0F, 0x7C, 0x3C, 0xA5, 0xB0, 0x5E, 0x32, 0x29, 0xAC, 0x97, 0x0D, 0x0A, 0xEB, 0xF9, 0x4E,
    0x61, 0xBD, 0x8A, 0xB0, 0xDE, 0x0B, 0x09, 0xEB, 0xCD, 0x0A, 0xEB, 0x65, 0xA3, 0xC2, 0x7A, 0x45,
    0xA7, 0xB0, 0x5E, 0x79, 0x50, 0x58, 0xEF, 0x16, 0x61, 0xBD, 0x45, 0x91, 0xAF, 0xFB, 0xA3, 0x6E,
    0x43, 0xE9, 0x35, 0xFA, 0x4A, 0xF3, 0x6C, 0x58, 0x2F, 0x25, 0xAC, 0x97, 0xD1, 0x83, 0xFC, 0x6F,
    0x29, 0xAC, 0x57, 0xC5, 0x1B, 0x7A, 0xCF, 0x2F, 0xDF, 0x7A, 0x9D, 0x94, 0xD8, 0x46, 0x88, 0x96,
    0x66, 0x8E, 0xF9, 0x7E, 0x4B, 0xBB, 0x5F, 0x4E, 0x5F, 0x05, 0x9F, 0xE7, 0xC5, 0x8D, 0x4B, 0xAC,
    0x18, 0xBB, 0x23, 0x50, 0x20, 0xB6, 0x6E, 0x3B, 0xE6, 0x48, 0x22, 0xBD, 0x97, 0x1E, 0x1D, 0xA7,
    0x0C, 0xB9, 0x1C, 0x9E, 0x86, 0xA9, 0x91, 0x59, 0xBD, 0x64, 0x7F, 0x7D, 0x9A, 0x83, 0xFF, 0x55,
    0xE9, 0xCB, 0xB5, 0x4E, 0xA5, 0x2B, 0xD7, 0xA7, 0xB3, 0xD3, 0x1C, 0xA0, 0x92, 0x12, 0x2F, 0x43,
    0x33, 0xEF, 0x19, 0x57, 0x80, 0x29, 0xF1, 0xA1, 0x98, 0x7F, 0xD5, 0x2E, 0x55, 0xF3, 0xF8, 0x9F,
    0xC9, 0x6D, 0x2C, 0x9D, 0x31, 0x8F, 0xA3, 0x58, 0xCB, 0x99, 0x91, 0xA3, 0xA0, 0xBD, 0xE4, 0xB3,
    0x82, 0x79, 0xA8, 0xA8, 0xF4, 0x03, 0x7D, 0x35, 0x1B, 0x8B, 0x68, 0xC9, 0x47, 0x86, 0x05, 0x51,
    0x0F, 0xF8, 0x94, 0x6A, 0x3C, 0x6A, 0x97, 0x51, 0x8D, 0xA0, 0x51, 0x69, 0x1B, 0xD3, 0x2A, 0xCA,
    0x59, 0x35, 0x2F, 0xBA, 0x46, 0x8F, 0x95, 0xD0, 0x9E, 0x66, 0x0D, 0xCB, 0x04, 0x16, 0xF6, 0xB2,
    0x89, 0x07, 0x62, 0x79, 0x9F, 0xAA, 0xBC, 0xD1, 0x24, 0x2F, 0x79, 0x84, 0xB8, 0x2C, 0x29, 0x26,
    0x4B, 0xDC, 0xAC, 0x1F, 0x95, 0x2C, 0x99, 0x4C, 0xC8, 0x4A, 0x27, 0x4D, 0x7C, 0xF4, 0x75, 0xB2,
    0x62, 0x26, 0x34, 0xA2, 0xFC, 0x84, 0x70, 0x23, 0xF2, 0x00, 0x6E, 0xAC, 0x35, 0xB8, 0x4C, 0x7C,
    0x3E, 0x72, 0xC9, 0xC6, 0xAB, 0x72, 0xF4, 0xE8, 0x2A, 0x0A, 0x27, 0xF7, 0xBE, 0xE6, 0x38, 0x10,
    0x85, 0xEB, 0xB5, 0xDA, 0x2D, 0x7A, 0xB6, 0xF3, 0x9D, 0x09, 0xAA, 0x92, 0xDD, 0x8D, 0x0A, 0x6E,
    0x77, 0x13, 0x27, 0xCC, 0x48, 0x3B, 0x1C, 0xDA, 0x83, 0x42, 0x6D, 0x1B, 0x45, 0x50, 0x61, 0x19,
    0xBC, 0x8A, 0xC8, 0x83, 0x89, 0x17, 0xB2, 0xB1, 0x59, 0x74, 0x0D, 0x09, 0xA1, 0xC2, 0x6C, 0xD6,
    0xA7, 0xA8, 0x2F, 0x34, 0x83, 0xD3, 0x4C, 0x2A, 0x32, 0xF1, 0x0B, 0x6E, 0x3C, 0xE0, 0xB0, 0x5D,
    0x40, 0x6E, 0x3C, 0x76, 0x2E, 0x9F, 0xCA, 0xDE, 0x25, 0x0F, 0xDC, 0xF0, 0xFB, 0x07, 0x44, 0x66,
    0xF4, 0x1B, 0x01, 0x84, 0xC3, 0x01, 0x7D, 0x65, 0x83, 0x28, 0xEA, 0xAA, 0xA5, 0x08, 0xAE, 0x9E,
    0x3C, 0x74, 0x5E, 0x2D, 0x09, 0xF2, 0xDF, 0x05, 0x22, 0x3C, 0x5E, 0x26, 0xE1, 0x40, 0xD8, 0x6A,
    0xC7, 0x30, 0x4C, 0xB0, 0xCE, 0xFC, 0x50, 0x06, 0x57, 0xB9, 0x42, 0xFE, 0x35, 0xD8, 0x41, 0xCB,
    0xFB, 0x4B, 0x13, 0x99, 0xD9, 0xD8, 0x50, 0x71, 0x3F, 0xA5, 0xB3, 0x6E, 0xA7, 0x4C, 0x77, 0x13,
    0x00, 0xF4, 0x97, 0x3C, 0x97, 0xAC, 0x60, 0xFB, 0xA5, 0xD4, 0x26, 0x49, 0x46, 0x6C, 0x96, 0xD9,
    0x25, 0xA3, 0x5B, 0xD0, 0x38, 0x7E, 0xFF, 0x1B, 0x6D, 0x85, 0x95, 0x56, 0x68, 0xC7, 0x6A, 0xC9,
    0xA5, 0xAB, 0x83, 0xBC, 0xD9, 0x56, 0x48, 0xD4, 0x23, 0xDA, 0x5F, 0x43, 0x01, 0x36, 0xB4, 0x8D,
    0xF3, 0x63, 0xD5, 0xBB, 0x6C, 0x81, 0x0D, 0x9E, 0x4E, 0xE7, 0x73, 0xC7, 0xF7, 0x8E, 0xD8, 0x0B,
    0xC1, 0x79, 0x83, 0xE4, 0x71, 0xCF, 0x9C, 0xA8, 0x6C, 0xA8, 0x9A, 0x8A, 0xCE, 0x38, 0x35, 0x3C,
    0x20, 0x88, 0x60, 0x08, 0xA7, 0x32, 0x98, 0x62, 0x59, 0xE6, 0xD4, 0x9C, 0xB6, 0x0F, 0x9E, 0x18,
    0x7C, 0x14, 0xD2, 0x60, 0x6F, 0x2E, 0xA2, 0x00, 0x81, 0x52, 0x19, 0xEA, 0xC1, 0xE5, 0x4B, 0x39,
    0xBA, 0x24, 0xE4, 0x00, 0x1C, 0x12, 0xE0, 0xEA, 0x5D, 0xBD, 0x6F, 0x29, 0x27, 0xEB, 0x65, 0x3F,
    0xCE, 0x96, 0x46, 0xE8, 0x90, 0xED, 0xCA, 0x7E, 0x7D, 0x0A, 0x47, 0xB0, 0x98, 0x2C, 0xB6, 0xF5,
    0x79, 0xAE, 0x6F, 0x5B, 0xA4, 0x4E, 0xE1, 0x9D, 0xA0, 0x08, 0x45, 0x3F, 0x27, 0x67, 0xBD, 0x63,
    0xC2, 0xFB, 0x1A, 0x2C, 0x06, 0x3E, 0x83, 0x10, 0x88, 0x08, 0x98, 0x8C, 0xEE, 0x05, 0xD7, 0x53,
    0x89, 0xAE, 0xB8, 0xA7, 0xCF, 0xB5, 0x26, 0x22, 0x5D, 0x36, 0x15, 0x43, 0xD1, 0x65, 0xE3, 0x13,
    0xAC, 0xA3, 0xDE, 0x76, 0x0F, 0x14, 0x26, 0xF2, 0x79, 0x10, 0xF4, 0x37, 0xF3, 0x38, 0x47, 0x9F,
    0x73, 0x2E, 0xD3, 0x9D, 0x0F, 0xBF, 0x8B, 0xE8, 0xF7, 0x73, 0xEC, 0xD0, 0x9A, 0xB7, 0x7E, 0x70,
    0x56, 0xFC, 0xF8, 0x11, 0xB0, 0x67, 0xB6, 0xE8, 0x61, 0xF5, 0xAA, 0xBD, 0x62, 0xED, 0x96, 0x6B,
    0xF4, 0x5C, 0x61, 0x04, 0x98, 0x4B, 0x86, 0xCB, 0x23, 0x43, 0xE9, 0x4A, 0x32, 0xCE, 0x98, 0x4C,
    0x6C, 0x3B, 0x94, 0x6C, 0xD0, 0xB8, 0xEF, 0x7E, 0x2E, 0x59, 0x8A, 0xA1, 0x9A, 0xB1, 0x9A, 0xC1,
    0x9A, 0xD1, 0x9A, 0xE1, 0x9A, 0xF1, 0xFA, 0x3A, 0x59, 0x8A, 0x8E, 0x65, 0x9E, 0x65, 0xAE, 0xE5,
    0x72, 0xFA, 0x56, 0x42, 0xE7, 0xA2, 0x77, 0x5D, 0xF5, 0xBF, 0x8A, 0xF1, 0xE4, 0x8F, 0x67, 0x7E,
    0xB0, 0xC8, 0x94, 0xC8, 0x08, 0x61, 0x87, 0x39, 0xAE, 0xDD, 0x44, 0x22, 0x03, 0x04, 0x4C, 0x28,
    0x13, 0xF1, 0xDA, 0x11, 0x22, 0x55, 0x64, 0xB7, 0xE1, 0x99, 0xDD, 0x8F, 0x1D, 0x57, 0x26, 0xD5,
    0xDB, 0x76, 0x06, 0x00, 0x81, 0x3F, 0x29, 0x11, 0xAB, 0x43, 0x44, 0x65, 0xF5, 0xA9, 0xD0, 0x35,
    0x6C, 0xA4, 0x62, 0xDE, 0x0E, 0x4D, 0xA0, 0xC4, 0x89, 0xA7, 0x25, 0x68, 0xB1, 0x11, 0xC4, 0x5E,
    0xE2, 0x65, 0x6C, 0x45, 0xC6, 0x5C, 0x46, 0x4D, 0xA9, 0x17, 0x63, 0x1E, 0x3C, 0x16, 0x52, 0xE0,
    0xC5, 0x3F, 0x1E, 0x9C, 0xAB, 0xC1, 0x2A, 0x28, 0xC6, 0xAA, 0x73, 0xE9, 0x44, 0x60, 0x96, 0xA3,
    0x92, 0xA1, 0x9A, 0x2A, 0xF9, 0x6B, 0x09, 0x1F, 0x27, 0x7F, 0x72, 0x57, 0x12, 0xF9, 0xAB, 0x4C,
    0x9C, 0xFC, 0x5B, 0x1A, 0x00, 0x2E, 0x2E, 0xA9, 0x8C, 0xC9, 0x97, 0x67, 0x32, 0x30, 0xDC, 0x72,
    0x82, 0x73, 0x9C, 0x4F, 0x07, 0xCB, 0x3E, 0xDC, 0xCE, 0xCC, 0xB6, 0x8C, 0xE3, 0xD1, 0x77, 0xCC,
    0x79, 0xE8, 0x3D, 0x74, 0x1F, 0xF8, 0x8F, 0x02, 0x36, 0xE9, 0x4B, 0xE8, 0x40, 0x6F, 0xBC, 0x15,
    0xC6, 0x37, 0xDE, 0x0A, 0x99, 0xE2, 0xFE, 0x8D, 0xD7, 0xA0, 0xFD, 0x2F, 0x32, 0xD3, 0x0A, 0xCD,
    0xCE, 0x0A, 0xDD, 0xCE, 0x0A, 0xC3, 0xCE, 0x0A, 0xD3, 0x39, 0x2B, 0x84, 0x2B, 0xAD, 0xE0, 0x5C,
    0xA9, 0x7B, 0x5C, 0xA0, 0x3B, 0x00, 0xD9, 0x20, 0xA5, 0xF9, 0x43, 0xD1, 0xB9, 0xF7, 0x43, 0x6C,
    0x78, 0x07, 0x58, 0xC1, 0xCF, 0xB5, 0xCA, 0x62, 0x29, 0x27, 0x86, 0x32, 0x6B, 0xC4, 0xDB, 0xCF,
    0xB4, 0x5A, 0xAE, 0x6B, 0x0D, 0x19, 0x8B, 0x67, 0x87, 0x8F, 0xDC, 0xA3, 0x4F, 0xEC, 0x0C, 0x90,
    0x9A, 0x35, 0x04, 0xFE, 0xAA, 0xE0, 0x2D, 0x3D, 0x4E, 0x59, 0x8A, 0xB1, 0x44, 0xE7, 0x38, 0xE7,
    0xE3, 0xF5, 0x7A, 0x38, 0x3A, 0xDF, 0x1A, 0xF1, 0x83, 0x4A, 0x94, 0x33, 0xEC, 0x1C, 0x06, 0xE2,
    0xEE, 0x19, 0xCD, 0xDE, 0x25, 0x2A, 0x13, 0xE7, 0xBE, 0xFC, 0xD1, 0xB1, 0xE6, 0x3E, 0x6D, 0xA1,
    0xFA, 0x8A, 0x69, 0xEB, 0x29, 0x05, 0xCA, 0xDE, 0xE3, 0x3A, 0x59, 0x93, 0xCB, 0x4E, 0x10, 0x9C,
    0xD0, 0x9A, 0xA0, 0xDF, 0xD1, 0x24, 0x50, 0x8F, 0xEE, 0x88, 0xB6, 0x07, 0x17, 0xED, 0xE0, 0xAA,
    0x1E, 0xF3, 0x7B, 0x72, 0x67, 0x03, 0x42, 0x89, 0x7D, 0x63, 0xA5, 0xB7, 0x58, 0x18, 0x18, 0x21,
    0xF1, 0xAE, 0x0B, 0xA3, 0xDE, 0x06, 0x67, 0x6A, 0xEB, 0x71, 0x17, 0xE8, 0x1A, 0x04, 0x1F, 0x9C,
    0x09, 0x9A, 0xA4, 0x3C, 0x60, 0xD9, 0x68, 0xA8, 0x02, 0xC0, 0xFC, 0x52, 0x97, 0x90, 0x51, 0xA7,
    0x1F, 0x67, 0x1A, 0x8D, 0x83, 0xF1, 0xC3, 0x4F, 0xE7, 0x1F, 0x25, 0x7E, 0xCA, 0x4A, 0x9E, 0x7B,
    0xF8, 0x3A, 0x44, 0xE4, 0xFB, 0x82, 0x67, 0xE8, 0xEA, 0x31, 0x13, 0x57, 0x62, 0xF2, 0x43, 0x26,
    0x87, 0x77, 0x26, 0x75, 0x49, 0xFD, 0x8D, 0x07, 0xE9, 0xA5, 0x2C, 0xBA, 0x74, 0x5D, 0xE6, 0xA1,
    0x80, 0xF6, 0xEB, 0x0E, 0xDD, 0x75, 0x87, 0x73, 0xFA, 0xDE, 0xD9, 0x47, 0x54, 0x00, 0xAA, 0x0B,
    0x91, 0xC9, 0xAA, 0xAA, 0x38, 0x6A, 0xBD, 0xE9, 0xCE, 0x4E, 0xD6, 0xDC, 0x4A, 0x5E, 0x9E, 0x01,
    0xC2, 0xC4, 0xCE, 0x07, 0x8A, 0xBE, 0x0C, 0x77, 0xE4, 0x5F, 0xA4, 0xAB, 0xBA, 0x42, 0x0E, 0xE8,
    0x96, 0x60, 0x51, 0x13, 0xCD, 0xA7, 0xC3, 0x49, 0xFD, 0xE1, 0x3D, 0xE0, 0xA3, 0x4F, 0xD0, 0xE5,
    0xCE, 0xFC, 0x3F, 0x62, 0x14, 0x06, 0xC2, 0xCB, 0x18, 0xC5, 0xD5, 0x7D, 0x36, 0x85, 0xE6, 0x7E,
    0x76, 0x30, 0x3B, 0x66, 0x05, 0x8F, 0x3A, 0xFE, 0x89, 0xCB, 0x5D, 0xA2, 0xD8, 0x8D, 0x8D, 0xE0,
    0x58, 0x8D, 0x11, 0xE9, 0x27, 0x3F, 0x32, 0x3E, 0x13, 0x3F, 0xEF, 0x8F, 0x61, 0x3F, 0x9D, 0x76,
    0x49, 0x17, 0x1E, 0xDF, 0x55, 0x33, 0xBE, 0x67, 0xA9, 0x44, 0xE6, 0xF7, 0x93, 0xFB, 0xAF, 0x30,
    0x0A, 0x00, 0x8F, 0xFF, 0x37, 0x42, 0x52, 0xA3, 0x9B, 0xB9, 0xD8, 0x37, 0x3B, 0xF0, 0xF7, 0xF8,
    0x2F, 0x24, 0x38, 0x62, 0x6F, 0x72, 0x09, 0x2E, 0x69, 0x63, 0x89, 0xE1, 0x17, 0x32, 0x4F, 0xAB,
    0x9E, 0x9E, 0xF1, 0xA2, 0xB8, 0xA0, 0x36, 0x34, 0x4C, 0xF0, 0x8B, 0xE3, 0xD3, 0x10, 0xAA, 0xA8,
    0x42, 0x3B, 0x2B, 0xFD, 0xDE, 0x22, 0x50, 0x2C, 0x2A, 0x32, 0x0A, 0xF7, 0xFD, 0x27, 0x61, 0x2A,
    0x8B, 0xC7, 0xD2, 0xDC, 0x06, 0x6C, 0xE0, 0xA1, 0x38, 0xE2, 0xE1, 0x12, 0x54, 0xFC, 0x8C, 0x6A,
    0x9A, 0x64, 0xA9, 0x48, 0xC7, 0x3F, 0x46, 0x5B, 0x46, 0x71, 0xDC, 0x09, 0x99, 0x29, 0x46, 0x17,
    0xF9, 0x86, 0x9E, 0x5F, 0x5E, 0x93, 0x7D, 0xCA, 0x57, 0x5C, 0x48, 0xA3, 0xDF, 0x3D, 0xEB, 0xAA,
    0xD4, 0x13, 0x6B, 0xB9, 0x1D, 0xE9, 0x92, 0x71, 0xDC, 0xE0, 0x6E, 0x24, 0xAF, 0xF5, 0x2E, 0xF4,
    0xAA, 0xE5, 0x5E, 0xA1, 0x95, 0xAC, 0x1F, 0xE3, 0x9C, 0x0F, 0x46, 0x2E, 0x8C, 0x84, 0x42, 0x8B,
    0xF5, 0xD5, 0xA4, 0x9F, 0xD3, 0xD8, 0xE9, 0xB8, 0x4B, 0x02, 0x6E, 0x3D, 0xBD, 0x5D, 0x71, 0x27,
    0xAE, 0x11, 0xA0, 0xF1, 0xF2, 0xE0, 0x5C, 0x46, 0x1A, 0x22, 0xD5, 0x90, 0xCA, 0xA8, 0x6B, 0xD6,
    0x9D, 0xC2, 0xE0, 0x33, 0x61, 0xC2, 0x3D, 0xF0, 0x16, 0x6E, 0x7D, 0x79, 0x3C, 0x4B, 0x39, 0xF2,
    0x62, 0x36, 0x7E, 0x71, 0x12, 0xBC, 0xE5, 0x41, 0x21, 0xF5, 0x46, 0xDB, 0x67, 0x5E, 0xD4, 0x6B,
    0x74, 0xD0, 0x33, 0x23, 0x72, 0x56, 0x22, 0x61, 0x25, 0xB2, 0x55, 0x58, 0xCD, 0x45, 0x9E, 0x0A,
    0x27, 0xA3, 0x37, 0xF2, 0x98, 0x8B, 0xEC, 0xA0, 0x3E, 0x72, 0x53, 0x74, 0xE2, 0x05, 0xFB, 0x73,
    0x22, 0x59, 0x77, 0x88, 0x61, 0x60, 0xE8, 0x8D, 0xF2, 0x82, 0x2E, 0xCC, 0x0B, 0xD3, 0x0A, 0x39,
    0x28, 0x91, 0x80, 0x12, 0x7B, 0x78, 0x6B, 0xE4, 0xED, 0x82, 0x58, 0xD2, 0xAC, 0xFB, 0x9D, 0x13,
    0x17, 0x38, 0x51, 0x97, 0xC0, 0x14, 0xEE, 0x48, 0x68, 0x14, 0x57, 0x50, 0x58, 0x01, 0x93, 0x5E,
    0x20, 0xAB, 0x25, 0xD8, 0x75, 0x23, 0x40, 0xFD, 0x6C, 0xA9, 0xF5, 0x36, 0xC8, 0xA4, 0x5D, 0xF7,
    0x1C, 0xB7, 0x37, 0xFB, 0x91, 0x88, 0x80, 0x95, 0xB6, 0xC0, 0x90, 0xFF, 0x47, 0x00, 0x57, 0xFC,
    0xEF, 0x4F, 0xC8, 0xE0, 0x44, 0x12, 0xCC, 0x8B, 0xCE, 0x53, 0x82, 0xF4, 0x36, 0x2A, 0x75, 0xA0,
    0x3F, 0xCD, 0x99, 0xFD, 0x18, 0xD4, 0xAC, 0x19, 0xCE, 0xBD, 0x3E, 0xEA, 0x00, 0x66, 0x1C, 0xF4,
    0x3D, 0xAF, 0xC2, 0x2C, 0xDA, 0xA4, 0x2D, 0xFA, 0x48, 0xC4, 0xED, 0xFF, 0x07, 0x7D, 0x96, 0x31,
    0x8C, 0xDC, 0xC6, 0xF5, 0xC6, 0x7F, 0x24, 0x6D, 0x51, 0x32, 0xF1, 0xD7, 0xB8, 0xB8, 0xE2, 0x6F,
    0x39, 0xF6, 0xB8, 0x50, 0x21, 0xD8, 0xBE, 0xB0, 0x71, 0xE1, 0x62, 0x6F, 0x87, 0x81, 0xCA, 0x14,
    0x71, 0x9D, 0x26, 0x02, 0x92, 0xC2, 0x50, 0x8A, 0x24, 0x80, 0x8B, 0x4B, 0x70, 0xB7, 0x9C, 0xC4,
    0x85, 0xDB, 0xEB, 0x2B, 0x17, 0x2A, 0xAC, 0x6B, 0xAC, 0xC2, 0x40, 0xCE, 0xC0, 0x9D, 0x38, 0xB6,
    0x0B, 0x23, 0x48, 0xE1, 0x71, 0x9C, 0x3E, 0x13, 0x44, 0x4D, 0x6C, 0x20, 0x99, 0x04, 0x2C, 0x28,
    0x9B, 0xDC, 0x17, 0xCE, 0xEA, 0x4E, 0x77, 0x72, 0xE0, 0x10, 0x8F, 0xEF, 0xBD, 0x9D, 0x9D, 0xF7,
    0xBE, 0x8F, 0xE4, 0xC7, 0x19, 0xB6, 0x3D, 0xF5, 0x40, 0x35, 0x92, 0xAF, 0xA1, 0x6B, 0xD0, 0x8E,
    0x76, 0x40, 0x42, 0x21, 0xCD, 0x3C, 0x58, 0x7B, 0x56, 0x80, 0x5A, 0x83, 0x11, 0x10, 0xB1, 0xC5,
    0x54, 0x3B, 0x15, 0xAB, 0x60, 0x6C, 0x1E, 0xF3, 0x89, 0x1B, 0x95, 0xF8, 0xA1, 0x16, 0xE9, 0x8D,
    0x48, 0x3C, 0xD1, 0xE2, 0xEE, 0x64, 0xF7, 0x79, 0xF9, 0xF0, 0x6E, 0x2B, 0xEB, 0x4E, 0xA6, 0x4D,
    0x32, 0x75, 0x32, 0x1E, 0xA3, 0xD9, 0x67, 0x89, 0xF9, 0xC1, 0x48, 0x2D, 0x03, 0x4A, 0xC2, 0x0C,
    0xD8, 0x30, 0xF7, 0x19, 0xDA, 0xB1, 0x1B, 0xDB, 0x5E, 0x7B, 0x6D, 0x2B, 0x6F, 0x7C, 0x1D, 0x4D,
    0x30, 0xD1, 0x78, 0x13, 0xB4, 0x55, 0x36, 0xBB, 0x83, 0x16, 0x8C, 0xB8, 0x45, 0xED, 0xD0, 0x8E,
    0xDA, 0x66, 0x6B, 0x8A, 0x9E, 0xD2, 0x25, 0xCB, 0xDE, 0x43, 0x89, 0xAD, 0xC5, 0x2F, 0x8B, 0xB0,
    0xC8, 0xE2, 0x4E, 0x1E, 0xCD, 0x3F, 0x83, 0x12, 0x97, 0xAF, 0xA1, 0xFD, 0x5C, 0x1A, 0xE4, 0xE6,
    0x3C, 0x7B, 0xAA, 0x06, 0xAA, 0xB9, 0x3F, 0xDA, 0x99, 0x86, 0x25, 0x23, 0xB3, 0xAB, 0x62, 0x6D,
    0x8D, 0x53, 0x7F, 0x15, 0x2A, 0x19, 0x29, 0x24, 0x92, 0x8B, 0xA3, 0xC6, 0xB0, 0x64, 0xC5, 0x3E,
    0xC7, 0x8C, 0xE8, 0xDF, 0x45, 0x7D, 0x33, 0xD6, 0x45, 0x34, 0x65, 0x30, 0xA5, 0x5F, 0x56, 0x6E,
    0x5F, 0xB9, 0xEE, 0x63, 0x69, 0x4C, 0x10, 0xA7, 0x7A, 0xE3, 0x8B, 0x51, 0x45, 0xA6, 0x62, 0xC0,
    0xA4, 0xD9, 0x0D, 0x18, 0x07, 0xAD, 0xDB, 0xC4, 0xAD, 0x3A, 0x63, 0x89, 0xB2, 0x86, 0x1A, 0xFD,
    0xCD, 0x44, 0x25, 0x3D, 0x99, 0x58, 0xE8, 0x0E, 0x4A, 0xE9, 0xB5, 0x8C, 0xA6, 0xB9, 0x7F, 0x8C,
    0xB9, 0xC5, 0x73, 0x64, 0x16, 0xED, 0x90, 0xA6, 0x88, 0x28, 0x97, 0x52, 0xE3, 0x31, 0x3D, 0x66,
    0x4C, 0x56, 0x8F, 0x54, 0x01, 0xEE, 0x93, 0x8B, 0x2D, 0xC4, 0xCD, 0xC6, 0x6C, 0x66, 0x36, 0x8B,
    0x81, 0x89, 0xE7, 0xFB, 0x94, 0x5E, 0x87, 0xB2, 0xD7, 0xA3, 0x19, 0xDB, 0xB1, 0x8B, 0x9D, 0x3D,
    0x61, 0x1F, 0x83, 0xF6, 0x65, 0xE4, 0x8D, 0xC7, 0xB5, 0xF9, 0x77, 0xD7, 0x9A, 0x1E, 0x3D, 0x52,
    0x4D, 0xE4, 0x02, 0x6D, 0x83, 0x7A, 0x42, 0x05, 0x3A, 0xB0, 0x02, 0xAE, 0xF3, 0xC1, 0xED, 0xBE,
    0x8B, 0x12, 0xB3, 0x90, 0xFB, 0xCC, 0x5E, 0x41, 0xF1, 0x22, 0xF5, 0x8C, 0xB9, 0x60, 0xC1, 0xF5,
    0xF4, 0xD4, 0x8D, 0x4C, 0xAD, 0x8C, 0x30, 0xDB, 0x40, 0x36, 0x90, 0xF7, 0x14, 0x31, 0x59, 0x19,
    0xB2, 0x89, 0xB9, 0x59, 0x99, 0x88, 0x34, 0x74, 0xB0, 0x22, 0x1F, 0x31, 0x9E, 0x5F, 0x03, 0xB7,
    0xAA, 0xA8, 0xA3, 0x61, 0xC1, 0x0E, 0xC6, 0x6A, 0x57, 0x5A, 0x66, 0x88, 0xCC, 0xE7, 0xBE, 0x5D,
    0x77, 0xD3, 0xED, 0xBB, 0xDD, 0x5A, 0xA6, 0xD2, 0x56, 0x8D, 0x42, 0xC1, 0x2D, 0x88, 0xBC, 0xF2,
    0x35, 0x46, 0x68, 0x85, 0xC2, 0x25, 0xCB, 0x9B, 0x19, 0xDC, 0x1A, 0x71, 0x46, 0x2C, 0xD9, 0x01,
    0x45, 0xA0, 0xF0, 0x94, 0x8E, 0xCA, 0xA1, 0x2C, 0xBA, 0x59, 0x0A, 0x66, 0x42, 0x07, 0x96, 0xEC,
    0xB0, 0xC7, 0x31, 0xC7, 0x9C, 0x3C, 0xD5, 0xCD, 0xCC, 0x75, 0xA8, 0x7A, 0x33, 0xC7, 0x94, 0x29,
    0x57, 0x25, 0xD5, 0x45, 0x13, 0x93, 0x06, 0xEB, 0xA8, 0xAD, 0xF2, 0xFF, 0x43, 0x61, 0xD5, 0xA8,
    0x7A, 0x1D, 0x8C, 0x5D, 0x31, 0xC2, 0x75, 0x38, 0x82, 0x69, 0x23, 0x22, 0xE3, 0x13, 0x52, 0xED,
    0x7F, 0x23, 0xAE, 0x13, 0xBA, 0x07, 0xB0, 0x6A, 0xCA, 0x1E, 0xED, 0x31, 0xEE, 0xCC, 0xBE, 0x76,
    0x5A, 0xDC, 0x25, 0x69, 0x6A, 0x0C, 0x86, 0xE5, 0xA9, 0xE0, 0xAE, 0x1D, 0x1E, 0xBE, 0x57, 0x8B,
    0x8C, 0x46, 0x64, 0x58, 0x92, 0xF7, 0x7B, 0x10, 0x3F, 0x80, 0x78, 0x0B, 0xDE, 0xD8, 0x7A, 0x3A,
    0xB3, 0xAF, 0x5F, 0x2D, 0xDC, 0xEB, 0x75, 0x69, 0x8D, 0x08, 0xFA, 0x8B, 0x81, 0x7D, 0xAA, 0x60,
    0x9A, 0xD6, 0xEA, 0x3F, 0xAD, 0x51, 0x32, 0x50, 0x4A, 0x20, 0x09, 0x04, 0x33, 0xC2, 0x46, 0xD6,
    0xF3, 0x78, 0xDF, 0x35, 0xC6, 0xD5, 0x6E, 0x4D, 0xE5, 0x97, 0x54, 0xD6, 0xA0, 0x9B, 0xDA, 0xB6,
    0x28, 0x19, 0x29, 0x25, 0x7E, 0x87, 0x26, 0xB3, 0x35, 0x37, 0xE6, 0x6E, 0xC7, 0x6A, 0x66, 0x62,
    0x44, 0xE2, 0x4E, 0x25, 0xFE, 0x4D, 0xBA, 0xE6, 0xE5, 0xC3, 0x43, 0x12, 0x7A, 0x2B, 0x6B, 0xE6,
    0xFC, 0xB0, 0x69, 0x45, 0xA4, 0xE9, 0x66, 0x47, 0x35, 0xBB, 0xA8, 0x92, 0x7B, 0x66, 0xFE, 0xE3,
    0x00, 0x80, 0x6B, 0x73, 0x96, 0xD8, 0x8A, 0x4B, 0xCE, 0x72, 0xBF, 0x79, 0xAE, 0x90, 0xB0, 0xAF,
    0x44, 0x46, 0x9D, 0x3A, 0xCF, 0x04, 0x6E, 0xD0, 0xDA, 0xB9, 0xD3, 0xDD, 0x56, 0x92, 0x76, 0x64,
    0x9C, 0xF3, 0x54, 0x6E, 0x24, 0x1D, 0xAE, 0x7D, 0x14, 0x80, 0xFF, 0x87, 0x6C, 0x04, 0x35, 0x41,
    0xE7, 0xA9, 0xD6, 0xD0, 0x85, 0x4D, 0x68, 0x03, 0x18, 0xE0, 0x3A, 0xA7, 0x47, 0x03, 0x90, 0x47,
    0x80, 0xD2, 0x03, 0x28, 0x07, 0xA0, 0x01, 0x58, 0x02, 0x70, 0x0C, 0x90, 0xF5, 0x00, 0xC5, 0xC5,
    0x89, 0x16, 0xA0, 0x06, 0x60, 0x1F, 0x80, 0xF1, 0xC2, 0xC4, 0x00, 0x50, 0x3D, 0xEA, 0x65, 0x01,
    0xCC, 0x85, 0x89, 0xC3, 0x05, 0xD0, 0x70, 0x01, 0xB4, 0x01, 0x30, 0xE7, 0xA0, 0x0C, 0xFF, 0x05,
    0xEA, 0xCE, 0x41, 0x5F, 0xE4, 0xFC, 0xB8, 0x82, 0x72, 0x2A, 0x14, 0x31, 0x8F, 0x45, 0xA8, 0x7D,
    0xDB, 0x1C, 0xF1, 0x2A, 0x2C, 0x16, 0xB0, 0xBB, 0x03, 0xBD, 0xF9, 0xF2, 0xFD, 0xBE, 0x15, 0x89,
    0xDD, 0xA3, 0x9B, 0xBE, 0x9E, 0xCF, 0xE9, 0x05, 0x78, 0xF5, 0x74, 0xCE, 0xC2, 0x3C, 0x7A, 0x70,
    0x7D, 0xDE, 0xAF, 0xD0, 0x6B, 0x69, 0x16, 0xFA, 0xA6, 0x7D, 0xEB, 0x6A, 0x61, 0x5F, 0xBA, 0x9C,
    0x73, 0xE5, 0x72, 0xBD, 0x52, 0x43, 0x15, 0xEA, 0x7E, 0xEF, 0xE8, 0xD9, 0x67, 0xD9, 0x2A, 0x06,
    0xE5, 0x75, 0xA3, 0xD1, 0x56, 0xB9, 0xD2, 0x17, 0xBE, 0xF2, 0xAD, 0xFD, 0x10, 0x2D, 0x22, 0xBE,
    0x9E, 0x9D, 0xDB, 0x3C, 0x45, 0x80, 0xF3, 0x47, 0x4E, 0xB7, 0x71, 0x11, 0xD3, 0xA3, 0x46, 0x8A,
    0x09, 0x3A, 0xA8, 0x9B, 0x27, 0xF6, 0x8E, 0xC0, 0x0A, 0x92, 0x92, 0x2A, 0xF1, 0xC7, 0xFA, 0x54,
    0x49, 0xFB, 0xF3, 0x8F, 0x9F, 0xD1, 0x35, 0x95, 0xD7, 0x7D, 0x3D, 0x54, 0x7D, 0x16, 0xF3, 0x60,
    0x9A, 0x2D, 0xE0, 0x0E, 0x50, 0xAC, 0xA1, 0xBE, 0x39, 0xDD, 0xA7, 0xFD, 0xE4, 0xA1, 0xD0, 0x7D,
    0xFA, 0x6F, 0x69, 0xBA, 0x3F, 0x7E, 0x24, 0x98, 0x1F, 0xD9, 0x13, 0x78, 0x06, 0xA8, 0x07, 0xD3,
    0x9B, 0x68, 0x62, 0xFB, 0xD0, 0xAC, 0x75, 0x3F, 0x53, 0xBB, 0x73, 0x76, 0xA9, 0x2B, 0xF2, 0x78,
    0x04, 0xF1, 0x1E, 0xC4, 0x37, 0xE0, 0xA0, 0x3E, 0xD3, 0x9D, 0x4B, 0xB4, 0x2D, 0x00, 0xB7, 0xE7,
    0xEC, 0x11, 0x77, 0x49, 0xAE, 0x4E, 0xCB, 0x7B, 0x30, 0x65, 0x58, 0x56, 0x7E, 0x55, 0xB9, 0x13,
    0xE5, 0x8E, 0x95, 0x7D, 0xF9, 0x6E, 0x3B, 0x75, 0x23, 0x23, 0x43, 0xD6, 0xF3, 0x2E, 0x3C, 0x05,
    0xA0, 0x81, 0xEE, 0xA4, 0xA2, 0x94, 0x51, 0x93, 0x6E, 0x38, 0xE9, 0x45, 0x65, 0x47, 0x49, 0xCF,
    0x5B, 0xBA, 0xB3, 0xB0, 0x84, 0xD3, 0xB9, 0x1C, 0x03, 0xF9, 0xFA, 0xB1, 0x9B, 0x00, 0x8E, 0x00,
    0x50, 0x64, 0x72, 0x60, 0xA8, 0x52, 0x6D, 0xDA, 0x35, 0x59, 0xE6, 0x9D, 0xE5, 0x4D, 0x1E, 0x4B,
    0x4B, 0x05, 0x40, 0xC7, 0xE4, 0xC2, 0xD9, 0x58, 0xD7, 0x5C, 0x2B, 0xA4, 0x5F, 0x7E, 0xFB, 0xAD,
    0x01, 0x38, 0xDD, 0x81, 0xC7, 0x6F, 0xEF, 0xC0, 0x34, 0xE4, 0xF6, 0x97, 0xEA, 0xCB, 0xC1, 0xC8,
    0x54, 0xCB, 0x70, 0x15, 0x9F, 0x65, 0x0D, 0x00, 0xC4, 0x72, 0xD0, 0xEB, 0x22, 0x94, 0xA1, 0xF2,
    0x95, 0x53, 0xEE, 0xF6, 0x9D, 0xFC, 0xD0, 0x5E, 0xBB, 0xDB, 0xF6, 0x85, 0x38, 0x3D, 0x9D, 0x86,
    0x5D, 0x00, 0xB6, 0xE7, 0xB0, 0xB5, 0x09, 0x57, 0x17, 0xF7, 0xD8, 0xDE, 0x42, 0x2D, 0x22, 0x5B,
    0xE4, 0x7F, 0xE0, 0xA7, 0x96, 0xD3, 0xA5, 0x97, 0x2B, 0xC0, 0x4B, 0xF0, 0x02, 0xB0, 0xCB, 0x6E,
    0x0A, 0xAF, 0x6D, 0x9F, 0x95, 0xBF, 0x0E, 0x7C, 0x6F, 0x7B, 0x77, 0x91, 0x7E, 0x6C, 0xEF, 0x5E,
    0x07, 0x2E, 0x6F, 0xEF, 0x5E, 0x4E, 0x05, 0xDB, 0xA7, 0x05, 0x6C, 0x0A, 0x20, 0x77, 0x14, 0xE7,
    0x3D, 0xB9, 0xBA, 0x75, 0x0F, 0x76, 0x13, 0x5E, 0x42, 0xBF, 0xB2, 0xB8, 0xC5, 0x59, 0xCF, 0xD5,
    0x86, 0xEE, 0xC9, 0x93, 0x74, 0x3D, 0x03, 0xC6, 0x97, 0x63, 0x39, 0x1A, 0x3F, 0xE0, 0xC9, 0xDE,
    0x55, 0xC1, 0x84, 0xD5, 0x66, 0x9D, 0x6F, 0x1B, 0xD3, 0x54, 0xD0, 0x79, 0x4A, 0x19, 0xD0, 0x5F,
    0x4D, 0x2C, 0x49, 0xFF, 0xD4, 0xCC, 0x01, 0xE4, 0xC2, 0xB9, 0x0F, 0x89, 0xF0, 0xFF, 0x51, 0x9B,
    0x8D, 0xA8, 0x23, 0x49, 0xC5, 0x6D, 0x1A, 0x01, 0x28, 0xA1, 0xE6, 0xF9, 0x09, 0x13, 0x66, 0x4B,
    0x09, 0x2D, 0x94, 0x89, 0xBD, 0x69, 0xD0, 0x0F, 0xC9, 0x65, 0xB6, 0x94, 0x98, 0x26, 0x0D, 0x1E,
    0xF0, 0x0C, 0x13, 0xAA, 0x31, 0x0F, 0x6A, 0x3B, 0x13, 0x73, 0x89, 0x9C, 0x79, 0xF0, 0x61, 0x9C,
    0x88, 0xFD, 0x41, 0x1E, 0xF6, 0x2E, 0x51, 0x79, 0x15, 0xF3, 0xC8, 0x7C, 0xD6, 0xC1, 0xB8, 0x1D,
    0xAA, 0xBE, 0x1E, 0xCD, 0x94, 0x36, 0x23, 0x15, 0x80, 0xA7, 0x76, 0x79, 0xF5, 0x2D, 0xEA, 0x5F,
    0xB9, 0x5C, 0x42, 0x37, 0xF0, 0xDA, 0x5F, 0x6C, 0xFE, 0x85, 0xCD, 0x3F, 0x07, 0x28, 0xC3, 0x09,
    0xB5, 0x88, 0x5B, 0xE8, 0xB7, 0xFD, 0xAE, 0xCA, 0x42, 0x3A, 0xE7, 0x37, 0xDC, 0xA7, 0xB1, 0xAA,
    0x5F, 0x73, 0x85, 0x6D, 0x96, 0x77, 0xCD, 0xD4, 0x8E, 0x2C, 0xD8, 0xE5, 0xD6, 0x1E, 0x40, 0xE2,
    0x02, 0xC0, 0x0A, 0xE5, 0x81, 0xB2, 0xA7, 0x9C, 0x20, 0xEB, 0x3C, 0x99, 0xAC, 0x0F, 0x65, 0x0D,
    0xA9, 0xA9, 0x04, 0x20, 0x7B, 0x5F, 0x1E, 0x00, 0x3B, 0xA7, 0xC2, 0x3C, 0x5B, 0xC6, 0x36, 0xBC,
    0xF2, 0x91, 0x62, 0xDD, 0xC0, 0x2F, 0x02, 0x88, 0x1C, 0x8A, 0x34, 0xA0, 0x45, 0x52, 0xC1, 0x3C,
    0x28, 0x7F, 0x07, 0x36, 0x8B, 0xF8, 0x7B, 0x46, 0xE6, 0x63, 0x7C, 0xE4, 0x2F, 0x8E, 0xB4, 0x1B,
    0xCF, 0xA5, 0xBB, 0x0D, 0x70, 0x0D, 0x44, 0x52, 0xBB, 0x25, 0xA5, 0xA4, 0x2C, 0x1F, 0x51, 0x3E,
    0xEB, 0xE6, 0x3C, 0x62, 0x20, 0x9B, 0x13, 0xC7, 0x1E, 0x70, 0xA9, 0x7B, 0x08, 0xC0, 0x8F, 0xD3,
    0xE6, 0x92, 0x90, 0x44, 0xE6, 0x24, 0x15, 0xC9, 0x04, 0xED, 0xC3, 0x86, 0xE7, 0xC5, 0xE6, 0x13,
    0x40, 0x1D, 0x2A, 0x0F, 0x50, 0xF4, 0x35, 0xE7, 0xEB, 0x38, 0x0D, 0x00, 0x6E, 0xC3, 0x25, 0x6E,
    0xB8, 0x0C, 0x1B, 0x2E, 0x11, 0xA0, 0xB0, 0x00, 0x39, 0x00, 0x09, 0xF6, 0x5E, 0xF9, 0x49, 0x54,
    0x37, 0x43, 0x5D, 0xF8, 0x65, 0xE9, 0x77, 0x2A, 0xB7, 0xA3, 0xDC, 0xF2, 0x15, 0xA7, 0xDF, 0xE9,
    0xE9, 0x9A, 0xF2, 0x53, 0xA7, 0x4A, 0xF7, 0x7D, 0xDD, 0x98, 0x81, 0x1D, 0x58, 0x42, 0x5D, 0x52,
    0x0D, 0xE4, 0xB6, 0x72, 0xA5, 0x05, 0x63, 0x55, 0xA3, 0x4F, 0xBF, 0x26, 0x77, 0x30, 0xEE, 0x69,
    0xF2, 0x35, 0xEA, 0x87, 0x76, 0x59, 0xBA, 0xBD, 0xD2, 0x1D, 0x57, 0x6E, 0x54, 0xB3, 0x35, 0x7B,
    0x3B, 0xE8, 0x07, 0x18, 0xD7, 0xAB, 0x8F, 0xA2, 0x4A, 0x1F, 0x9B, 0xA1, 0x2E, 0x7D, 0xAD, 0x9C,
    0xF9, 0xF9, 0x9F, 0xF5, 0xDB, 0x67, 0x38, 0x85, 0xAB, 0x61, 0xC9, 0x39, 0x4E, 0x39, 0x40, 0x31,
    0xC2, 0x00, 0x7D, 0x26, 0x31, 0xD1, 0xDC, 0x2C, 0x63, 0x4F, 0xD0, 0xFC, 0xB4, 0xD7, 0x81, 0x72,
    0x36, 0x4F, 0xE5, 0x50, 0x9F, 0x79, 0xF5, 0xB7, 0xA8, 0x3E, 0x39, 0x85, 0x58, 0xCE, 0xD3, 0xAA,
    0x99, 0x49, 0x0F, 0x40, 0x1E, 0xDB, 0x9F, 0x7C, 0xD6, 0xEB, 0xAF, 0xBE, 0xEC, 0xEB, 0x77, 0x42,
    0x6F, 0xAA, 0x8F, 0xE2, 0x72, 0x26, 0xB3, 0xAF, 0xDE, 0x0E, 0xC7, 0xF3, 0xF5, 0x1F, 0xEB, 0x7C,
    0x30, 0x9F, 0x39, 0xF5, 0x7B, 0xAF, 0x3E, 0x76, 0xCA, 0xA2, 0xE1, 0x31, 0x9F, 0x1B, 0x00, 0x85,
    0x55, 0x4D, 0x17, 0xEB, 0x0B, 0x9F, 0x56, 0xAD, 0x05, 0xF3, 0xDB, 0x30, 0x5F, 0x54, 0xE5, 0xEE,
    0x95, 0xEE, 0xDD, 0xE2, 0x73, 0x57, 0x7C, 0xD1, 0x14, 0xFF, 0x20, 0x1F, 0xC8, 0x0E, 0x50, 0xFE,
    0xA8, 0xF8, 0x97, 0xCF, 0xBE, 0x81, 0x11, 0x26, 0x8A, 0x96, 0x17, 0x75, 0x73, 0xA4, 0xC2, 0x7F,
    0x00, 0xEC, 0x7B, 0x3F, 0x90, 0xE6, 0xE6, 0x79, 0xDF, 0x0B, 0x60, 0xB8, 0x18, 0xEB, 0x9B, 0x0C,
    0x58, 0xD8, 0xE4, 0x24, 0x57, 0xBC, 0x2A, 0x52, 0x24, 0xE3, 0x89, 0x51, 0xA5, 0x8B, 0x0E, 0x20,
    0x39, 0x63, 0x15, 0x2A, 0x78, 0x45, 0x96, 0x2C, 0xAE, 0xB8, 0xD4, 0x49, 0xB1, 0x6D, 0x0A, 0xF2,
    0x80, 0xD0, 0x33, 0x49, 0x91, 0x42, 0x5B, 0x84, 0x62, 0xE1, 0x99, 0x4C, 0x8A, 0x34, 0xA1, 0x0B,
    0x35, 0x2E, 0x5C, 0xF0, 0x08, 0xD0, 0x2A, 0x54, 0x12, 0x96, 0x44, 0xA7, 0x50, 0x61, 0x58, 0xBE,
    0xB3, 0x92, 0xC9, 0x4C, 0xFC, 0xC6, 0xC4, 0x59, 0x58, 0x0A, 0xC0, 0x2F, 0xFB, 0xFB, 0x3D, 0xEF,
    0x47, 0xEC, 0xA7, 0xE5, 0x1D, 0xA3, 0x4C, 0x62, 0x59, 0xB6, 0x30, 0xBB, 0xCF, 0xF3, 0x7C, 0xDF,
    0xEE, 0x07, 0x3C, 0xFF, 0xFF, 0x01, 0x9F, 0x73, 0xAE, 0x0B, 0x8E, 0x47, 0x35, 0x09, 0x15, 0x8B,
    0x50, 0xB6, 0x0A, 0x39, 0x18, 0xAA, 0x6A, 0xA1, 0x33, 0xA1, 0x9B, 0xC7, 0x01, 0x00, 0x16, 0x57,
    0x18, 0x72, 0xCD, 0xF6, 0xFE, 0xB7, 0x67, 0xE7, 0xAA, 0xC5, 0x65, 0x86, 0x92, 0x49, 0x28, 0x0D,
    0xCE, 0x35, 0xB3, 0x50, 0x67, 0xD7, 0x41, 0x38, 0x41, 0x23, 0x61, 0x82, 0x27, 0xE7, 0xF7, 0x9C,
    0x4B, 0x01, 0xBE, 0x9D, 0x1D, 0x51, 0xCF, 0xBF, 0xE5, 0x68, 0xED, 0x7A, 0xB5, 0x21, 0x63, 0xF6,
    0x04, 0xF9, 0xCD, 0x39, 0x5F, 0xBB, 0x72, 0x75, 0xAE, 0xD4, 0x55, 0x5D, 0x65, 0x68, 0x73, 0x09,
    0xB6, 0xF7, 0x7F, 0x6F, 0x75, 0x95, 0xB1, 0x29, 0x24, 0x39, 0x3F, 0x74, 0x0F, 0x75, 0xDD, 0x57,
    0x50, 0xF3, 0xBA, 0xEF, 0xA0, 0x25, 0x7A, 0x55, 0x17, 0x79, 0xE4, 0x1E, 0x39, 0x3B, 0xFE, 0x36,
    0x09, 0x2D, 0xA6, 0x31, 0x18, 0xEA, 0xFD, 0x93, 0x07, 0x38, 0x6F, 0xFA, 0xB2, 0xF6, 0x9B, 0xF3,
    0x7D, 0xE5, 0xFC, 0xEA, 0x8A, 0xF6, 0x6B, 0xAE, 0x5C, 0x5C, 0x51, 0xBF, 0xC5, 0xD3, 0x14, 0xCE,
    0xCE, 0xE6, 0x28, 0x8A, 0xD0, 0x51, 0x94, 0xBF, 0x12, 0x01, 0x00, 0xB5, 0xA1, 0xD1, 0x25, 0x78,
    0x9C, 0x23, 0xB8, 0x14, 0x83, 0xC3, 0x2C, 0x19, 0x9A, 0x45, 0xA8, 0x22, 0x6A, 0x89, 0x72, 0xD4,
    0x44, 0x07, 0x21, 0xC9, 0x10, 0x51, 0x33, 0x49, 0x14, 0x04, 0x57, 0x6E, 0x3C, 0xC3, 0x0B, 0xC0,
    0x3D, 0x8F, 0xDA, 0x03, 0x33, 0x16, 0x57, 0x02, 0x93, 0x74, 0x41, 0x45, 0x45, 0xD5, 0xD4, 0x37,
    0xDC, 0xB5, 0x0A, 0x42, 0x5D, 0x2B, 0x8D, 0xAE, 0x4E, 0xE8, 0xF2, 0xB9, 0x86, 0x9B, 0xCD, 0x70,
    0x93, 0x19, 0x2E, 0xA2, 0x10, 0x91, 0xA4, 0xCD, 0x46, 0x49, 0x9B, 0xD4, 0xCF, 0x32, 0xDC, 0x20,
    0x7E, 0x0C, 0xC9, 0x62, 0x3F, 0x9F, 0xE1, 0x84, 0x68, 0x38, 0xD3, 0xF1, 0x8E, 0x5E, 0xC2, 0xF6,
    0xCF, 0xF9, 0x82, 0xBC, 0x0A, 0x99, 0xE6, 0xDD, 0x05, 0x2E, 0x4D, 0x88, 0x95, 0xB2, 0x5E, 0x5D,
    0xA0, 0xA6, 0x5A, 0xA9, 0xD9, 0x82, 0x3A, 0x6B, 0x5D, 0x35, 0xBB, 0x04, 0xB5, 0xEB, 0x02, 0x75,
    0x90, 0x60, 0xBC, 0xCD, 0x51, 0x81, 0xDA, 0xD0, 0xF9, 0x39, 0x2F, 0x2E, 0xEB, 0x09, 0xF1, 0x42,
    0x62, 0xE5, 0xF9, 0x28, 0x32, 0x1D, 0x25, 0x21, 0x03, 0xAD, 0x3B, 0xA0, 0x77, 0x45, 0xEF, 0x32,
    0xCC, 0xAE, 0x33, 0x5F, 0xD8, 0xEC, 0xDC, 0x13, 0xB5, 0xD4, 0x6D, 0xBA, 0xE2, 0x19, 0xAE, 0xC8,
    0x34, 0xC0, 0x7F, 0xFC, 0x16, 0x82, 0x3B, 0x2C, 0x4C, 0x39, 0x7E, 0x72, 0xE5, 0x4C, 0xF3, 0xF9,
    0x40, 0x58, 0x0C, 0x7C, 0x53, 0x8A, 0x10, 0x84, 0x5D, 0x6D, 0xD4, 0xC5, 0x56, 0x13, 0x5E, 0x21,
    0x2A, 0x4B, 0x34, 0x58, 0xF4, 0xD6, 0x26, 0x6B, 0xC4, 0xFF, 0x8D, 0x7A, 0x3F, 0x8C, 0x2E, 0x43,
    0x5D, 0x12, 0xF2, 0xC4, 0x84, 0x93, 0xCB, 0x56, 0xEA, 0xBB, 0xA0, 0x07, 0x7C, 0xD2, 0xD1, 0x51,
    0x75, 0xB6, 0x3B, 0x78, 0x7C, 0x54, 0x6B, 0x41, 0x95, 0xBF, 0xD0, 0xE1, 0x3F, 0x98, 0xC4, 0x62,
    0x43, 0xC0, 0xBC, 0xDF, 0x5C, 0x3E, 0x08, 0x98, 0x1F, 0x50, 0xCB, 0xF2, 0x01, 0x29, 0x5A, 0x40,
    0xBA, 0x16, 0x0F, 0x04, 0xE2, 0x3C, 0x02, 0xB3, 0x79, 0x79, 0x72, 0xE2, 0x33, 0x6C, 0xF7, 0x68,
    0xE2, 0x20, 0xC0, 0x37, 0x95, 0x76, 0xF0, 0x0E, 0x76, 0xF8, 0x2A, 0xE1, 0x43, 0xB7, 0xB8, 0xDB,
    0x87, 0xB1, 0x6D, 0x7C, 0x1B, 0xE3, 0xE2, 0x7C, 0xD7, 0xA0, 0xA0, 0x98, 0x17, 0xF7, 0xE2, 0x7C,
    0x87, 0xA3, 0x33, 0x09, 0x4C, 0x04, 0x63, 0xDF, 0xA0, 0x49, 0x21, 0x31, 0x04, 0xCD, 0xDE, 0x3B,
    0x34, 0xF7, 0x2D, 0x4F, 0x2F, 0x15, 0xC5, 0x89, 0xA2, 0x18, 0x8C, 0x9E, 0x10, 0x5F, 0xBD, 0xA4,
    0xBF, 0x3B, 0x9C, 0xB2, 0x72, 0x83, 0x09, 0xC1, 0xFE, 0x39, 0xAC, 0x44, 0x26, 0x0C, 0x6E, 0xCF,
    0x61, 0x25, 0x4A, 0xDD, 0x4C, 0x92, 0x3D, 0x9C, 0x5C, 0xF0, 0xCB, 0xA5, 0xDE, 0x4F, 0x5F, 0xF2,
    0x64, 0xBF, 0x61, 0xB6, 0x41, 0x1F, 0xCF, 0x6B, 0x72, 0xF1, 0x30, 0x3F, 0x95, 0xD3, 0xEB, 0xB4,
    0xEF, 0x7F, 0x3B, 0x26, 0x2A, 0xCB, 0x6B, 0x46, 0xF9, 0xCD, 0xA8, 0x39, 0xB2, 0xC9, 0x12, 0x61,
    0x4C, 0x32, 0xD9, 0xEC, 0x54, 0x3C, 0x75, 0x3E, 0xBA, 0xE6, 0xCA, 0x52, 0xC7, 0xE0, 0x3A, 0x98,
    0xDC, 0xBD, 0x83, 0x14, 0x29, 0x2A, 0x34, 0x2B, 0x25, 0x6F, 0x13, 0x8C, 0xBA, 0x4A, 0x49, 0x51,
    0xA4, 0xA0, 0x8A, 0xFA, 0x93, 0x14, 0x0F, 0x29, 0x92, 0xA4, 0x5A, 0x8F, 0x54, 0xB2, 0x50, 0xC0,
    0x9C, 0x41, 0x38, 0x53, 0x9F, 0xFC, 0xBF, 0x22, 0x90, 0x51, 0x7E, 0xB6, 0x21, 0xC5, 0x9F, 0x06,
    0x03, 0x85, 0x2F, 0x57, 0xD7, 0xA1, 0x25, 0xF3, 0xDD, 0x7C, 0x4D, 0x31, 0xFC, 0xEF, 0x63, 0x74,
    0x8D, 0xE2, 0x84, 0xF2, 0xFA, 0xD1, 0x79, 0xE0, 0x98, 0x95, 0x96, 0x12, 0x08, 0xE6, 0x8B, 0x32,
    0xB6, 0xFC, 0x51, 0x06, 0x37, 0x9F, 0x44, 0x8C, 0x6C, 0x59, 0x40, 0x94, 0xAC, 0x20, 0x8D, 0xCA,
    0x12, 0xF2, 0x51, 0x99, 0xDF, 0xAC, 0x94, 0xDD, 0xA2, 0x9E, 0x9E, 0xDF, 0x97, 0x8B, 0x27, 0xD0,
    0x31, 0xD3, 0x82, 0x76, 0xB4, 0xFA, 0x9F, 0x02, 0x39, 0x46, 0xA3, 0x36, 0x5E, 0x2F, 0x37, 0xF6,
    0x1B, 0x09, 0x4B, 0x79, 0x54, 0x7B, 0x1C, 0x91, 0xEA, 0xCE, 0x4E, 0x89, 0x89, 0x4A, 0x96, 0x22,
    0x13, 0x8D, 0x59, 0x0A, 0x81, 0x67, 0x31, 0x96, 0xC9, 0xAB, 0x58, 0x0E, 0x39, 0x7A, 0x8A, 0x75,
    0x1F, 0x4F, 0x3A, 0xC8, 0xAF, 0x41, 0xCB, 0x90, 0x1A, 0x01, 0x7C, 0x56, 0x1F, 0x8B, 0x6C, 0xC4,
    0xBD, 0x8B, 0x65, 0xD6, 0xC5, 0x3A, 0xEB, 0x62, 0xA1, 0x75, 0xB1, 0xD2, 0x3A, 0x2B, 0xB5, 0xBB,
    0xE7, 0x8A, 0x99, 0xBD, 0xDA, 0x4A, 0xF2, 0x6E, 0x16, 0x96, 0xA8, 0xC2, 0x96, 0x7D, 0x1E, 0xA7,
    0x08, 0xF2, 0x63, 0xDA, 0xC8, 0x6A, 0x6E, 0xC4, 0x95, 0x70, 0xAB, 0xD7, 0x39, 0x6A, 0x61, 0x6A,
    0x81, 0xA7, 0x2C, 0x60, 0x46, 0x88, 0x58, 0x52, 0xF3, 0x7C, 0xE5, 0x26, 0x93, 0xB0, 0xF8, 0xA6,
    0xB8, 0xA2, 0x71, 0xE7, 0x0C, 0x68, 0x19, 0xC1, 0x99, 0xB9, 0xE1, 0xCE, 0x62, 0x17, 0x84, 0x12,
    0xF4, 0xC2, 0x59, 0x74, 0xF1, 0x62, 0x32, 0x5C, 0xF6, 0x86, 0xFF, 0xB1, 0xBB, 0x7D, 0x44, 0x6F,
    0xA1, 0xDE, 0x85, 0xE5, 0x29, 0x4A, 0xC3, 0xD5, 0xAA, 0x13, 0xA9, 0x55, 0x98, 0x0C, 0xFB, 0xC1,
    0xF4, 0xD1, 0xD4, 0xD2, 0x47, 0xB2, 0x98, 0x4F, 0xE4, 0xC1, 0xB0, 0xEF, 0x85, 0xC7, 0xCE, 0x98,
    0xF9, 0x73, 0x58, 0x51, 0x36, 0x6E, 0x33, 0xAA, 0x4B, 0xF8, 0x3B, 0x31, 0xBA, 0xDF, 0xC1, 0xA8,
    0xEB, 0xBF, 0x82, 0x20, 0xEC, 0xE8, 0x44, 0xF2, 0xF9, 0x45, 0x98, 0x1C, 0x48, 0x1F, 0x25, 0x2C,
    0xA9, 0xA8, 0x62, 0xCA, 0x45, 0x7A, 0xE1, 0x1C, 0xA3, 0xB2, 0x1C, 0xCB, 0x9D, 0xDC, 0x1C, 0x1B,
    0xF1, 0xE8, 0xEE, 0xF0, 0x83, 0xD2, 0xF8, 0xAE, 0x17, 0x1D, 0xCD, 0x18, 0x09, 0x1F, 0x22, 0x91,
    0xCF, 0x91, 0x90, 0x30, 0x3A, 0xFE, 0x91, 0xA1, 0x2F, 0x52, 0x14, 0x7F, 0xA5, 0xA9, 0xCF, 0xAB,
    0xD3, 0x5E, 0xA1, 0x62, 0x95, 0xD2, 0xEF, 0x4E, 0xC8, 0xD6, 0x5D, 0xAC, 0x58, 0x19, 0x62, 0xD5,
    0x2A, 0x10, 0x8C, 0xA8, 0x8C, 0x18, 0xDD, 0x16, 0x2B, 0x58, 0xF6, 0x57, 0x18, 0xE4, 0x44, 0xFE,
    0x7B, 0xB1, 0x88, 0x35, 0xAF, 0x19, 0xF1, 0xD1, 0x12, 0x2B, 0xDA, 0xBF, 0x0F, 0xB1, 0xAA, 0x5D,
    0xF4, 0xB1, 0xB2, 0xE1, 0x58, 0xD8, 0xE6, 0x23, 0x31, 0x5A, 0xC6, 0xF4, 0x16, 0x74, 0xF2, 0x26,
    0x57, 0xDE, 0x62, 0xB0, 0x89, 0x55, 0x8F, 0x21, 0x24, 0x0D, 0xF2, 0x57, 0x2A, 0x94, 0x1A, 0x1D,
    0x1B, 0xAE, 0x17, 0xF9, 0xE9, 0xD6, 0xFD, 0x6B, 0x8A, 0xD2, 0x27, 0x81, 0x82, 0xF4, 0xB9, 0xFC,
    0xE0, 0xAA, 0xAB, 0x95, 0x7A, 0x57, 0x6B, 0x2A, 0x2E, 0xDD, 0x17, 0x1F, 0x1D, 0x18, 0x99, 0x33,
    0xC0, 0x64, 0x36, 0x5D, 0xE0, 0xA9, 0x7B, 0x19, 0x97, 0x07, 0xF4, 0x6C, 0x01, 0x32, 0x22, 0xF6,
    0xA7, 0x83, 0x3B, 0x04, 0xF9, 0x7B, 0xD1, 0x9B, 0x5E, 0x6A, 0x29, 0xAC, 0x73, 0x62, 0xD2, 0xF8,
    0xCD, 0x26, 0xB9, 0x81, 0xBC, 0xCD, 0xA3, 0xE8, 0x25, 0x68, 0x65, 0x35, 0x11, 0xB2, 0x25, 0x16,
    0x22, 0x69, 0x99, 0x3A, 0x34, 0x1B, 0xA3, 0x37, 0x54, 0x1B, 0x22, 0x78, 0x31, 0x8F, 0x3D, 0xCD,
    0x64, 0x68, 0x34, 0xD4, 0xDF, 0x68, 0xA8, 0x0E, 0xD3, 0x6E, 0x75, 0x0F, 0x4C, 0x16, 0x1F, 0x24,
    0x68, 0x71, 0x46, 0xA5, 0x59, 0xBC, 0x9B, 0xA3, 0x2E, 0xBB, 0x10, 0x09, 0x04, 0xB3, 0xBA, 0x11,
    0xDD, 0x44, 0xB1, 0x48, 0x58, 0x37, 0xBE, 0xE7, 0xD0, 0x48, 0xC8, 0xEA, 0xF2, 0x55, 0xFD, 0x9D,
    0xA6, 0xD5, 0xDB, 0x32, 0xAD, 0x25, 0xD2, 0x58, 0x0B, 0x23, 0x51, 0x9B, 0x45, 0x0F, 0x24, 0x56,
    0xE9, 0x40, 0x85, 0x51, 0x84, 0x18, 0xD0, 0xDF, 0x45, 0x94, 0xAB, 0x71, 0x62, 0x0C, 0x4E, 0x3B,
    0x83, 0x1A, 0x48, 0xDE, 0xC7, 0x4C, 0xA9, 0x75, 0xF4, 0x3B, 0x41, 0x3E, 0xA2, 0xF0, 0x6E, 0x0F,
    0x9C, 0xFA, 0x48, 0x44, 0xEC, 0xDE, 0x3E, 0x12, 0x1F, 0x1C, 0x89, 0x3F, 0x30, 0x44, 0x06, 0x16,
    0xC3, 0xD5, 0x6A, 0xB8, 0xD9, 0x0C, 0xC3, 0x70, 0xFA, 0x53, 0x08, 0x67, 0x3F, 0x34, 0x5C, 0x7C,
    0xD7, 0xB0, 0xFF, 0xBA, 0xE1, 0x2A, 0x4E, 0x14, 0x8F, 0x62, 0x04, 0xCF, 0x86, 0xD3, 0x10, 0xFB,
    0x82, 0xD1, 0x70, 0xD1, 0xA7, 0xC2, 0xBE, 0x36, 0x5C, 0xBD, 0xFF, 0x7B, 0x52, 0x70, 0x07, 0x73,
    0x5E, 0x18, 0xCE, 0x26, 0x13, 0x39, 0x1F, 0x0D, 0x9B, 0x87, 0xC9, 0xA9, 0x85, 0xAB, 0x98, 0xDB,
    0x41, 0x3C, 0xBB, 0x97, 0xF1, 0x03, 0xC6, 0x44, 0x5D, 0xD9, 0xA0, 0xD6, 0x57, 0x98, 0x85, 0xE9,
    0x09, 0xF2, 0x03, 0xA2, 0x40, 0x99, 0xCE, 0x2F, 0x6C, 0x46, 0x39, 0x8C, 0x42, 0x39, 0xD1, 0xEC,
    0xF2, 0x41, 0x3A, 0xCF, 0xFB, 0x2F, 0x99, 0x58, 0x70, 0x65, 0xC9, 0xD1, 0xFA, 0xD5, 0x3F, 0x86,
    0x95, 0x8A, 0x6A, 0x95, 0xAD, 0x0B, 0xC8, 0xC0, 0x86, 0x94, 0xF7, 0xAC, 0x1B, 0x30, 0x44, 0x0B,
    0x0B, 0x95, 0x2B, 0x7F, 0x78, 0xF1, 0x66, 0x21, 0x4A, 0x78, 0x0D, 0xAC, 0x0F, 0xA2, 0x39, 0xE9,
    0x06, 0x7B, 0x4F, 0xC0, 0x9C, 0x5E, 0xC4, 0x21, 0xB1, 0xC1, 0xB7, 0x31, 0xF0, 0x13, 0x29, 0x4C,
    0x86, 0x23, 0x9A, 0xC8, 0x3C, 0x11, 0x99, 0x47, 0x50, 0xB1, 0x15, 0x32, 0xDD, 0x63, 0x3C, 0xA0,
    0xE6, 0x9C, 0xDC, 0x59, 0xBD, 0x37, 0x67, 0x05, 0x26, 0x31, 0x5F, 0x1A, 0xF3, 0xFC, 0x97, 0x1C,
    0x75, 0x2E, 0x9D, 0x99, 0x0B, 0xDF, 0x44, 0x64, 0x3E, 0x47, 0x4F, 0xCE, 0x0F, 0x68, 0xE9, 0xBA,
    0x1E, 0x26, 0x03, 0xEB, 0xFD, 0xFA, 0x26, 0x66, 0x6B, 0xE7, 0x06, 0x31, 0x7F, 0xF5, 0x4B, 0x3F,
    0x2B, 0x26, 0x10, 0xFB, 0xA6, 0x2F, 0x7B, 0xB3, 0xF8, 0xEC, 0xFD, 0x0E, 0xB1, 0xA7, 0xAC, 0x16,
    0x11, 0xD6, 0x2C, 0xC8, 0x3B, 0x9B, 0x49, 0x44, 0xEB, 0x3A, 0x11, 0x65, 0x1D, 0x05, 0xA8, 0xDC,
    0x91, 0x50, 0xCA, 0x50, 0x0C, 0x46, 0x31, 0x3E, 0x38, 0xB6, 0x6A, 0x4B, 0x14, 0x25, 0x99, 0x22,
    0x91, 0x05, 0x49, 0x25, 0x22, 0x0E, 0x10, 0x83, 0x64, 0xD1, 0xA5, 0x8C, 0xF0, 0x9A, 0x5A, 0xED,
    0x0A, 0x26, 0xDF, 0xC3, 0xA3, 0x84, 0xC7, 0x6A, 0x91, 0xCE, 0x91, 0xC8, 0x83, 0xBC, 0xDC, 0x25,
    0x0F, 0x9E, 0x9C, 0x9F, 0x77, 0x57, 0xF7, 0x5C, 0x0E, 0x1D, 0x3C, 0x3B, 0x2C, 0xE2, 0x8A, 0x35,
    0x96, 0xDA, 0x62, 0x14, 0xFF, 0x83, 0xF3, 0xBD, 0x5D, 0x8F, 0xB2, 0x44, 0xC2, 0x45, 0x19, 0xEF,
    0x1A, 0x51, 0xBB, 0x7F, 0x66, 0x84, 0x73, 0xFF, 0x50, 0xC4, 0x57, 0x7E, 0xD9, 0x37, 0x5A, 0x39,
    0xF0, 0x87, 0x00, 0xAE, 0x91, 0x04, 0xF9, 0x1D, 0x00, 0x07, 0xD2, 0x09, 0xD6, 0xE4, 0x02, 0x8F,
    0x13, 0x79, 0xB6, 0x0F, 0x0A, 0x6E, 0x5D, 0x3E, 0x27, 0xED, 0x92, 0xCD, 0x99, 0xBA, 0xFD, 0x26,
    0x31, 0x6D, 0x66, 0x59, 0x39, 0x8E, 0x9B, 0x61, 0xCA, 0x45, 0xC5, 0x51, 0x8E, 0x51, 0x2D, 0x8E,
    0xBA, 0x96, 0x4A, 0xAB, 0x25, 0x9F, 0x22, 0x3D, 0x34, 0xB3, 0xEF, 0x8D, 0xAE, 0x9E, 0x76, 0x57,
    0x4D, 0xA4, 0x3B, 0x33, 0xCF, 0xEE, 0x93, 0x41, 0x74, 0x86, 0x3F, 0xC2, 0x88, 0x29, 0x0A, 0xFB,
    0x2A, 0x86, 0x6E, 0x16, 0x5D, 0x6E, 0x29, 0xFA, 0xE8, 0xE0, 0xDD, 0xA2, 0xDC, 0xA4, 0x8F, 0x2A,
    0x15, 0xC8, 0x4D, 0x58, 0xB7, 0x95, 0xAC, 0xF4, 0x51, 0x05, 0x3E, 0xA5, 0x51, 0x0D, 0x2D, 0xC0,
    0x20, 0xD7, 0x47, 0x2D, 0xEE, 0x07, 0x7E, 0x74, 0x72, 0x1E, 0x56, 0x98, 0xEF, 0x60, 0x54, 0xEB,
    0x04, 0xE6, 0x2F, 0x9E, 0x03, 0x8B, 0xCD, 0x35, 0x57, 0xB4, 0xF7, 0xEC, 0xEE, 0xE8, 0xA4, 0x77,
    0xF0, 0xDF, 0x64, 0x32, 0x66, 0x0D, 0x7C, 0x8B, 0x8D, 0xFD, 0xCC, 0x54, 0xD7, 0x04, 0x0D, 0x0B,
    0x03, 0x0B, 0x8C, 0xEF, 0x4F, 0x27, 0xCD, 0x29, 0x9A, 0x3C, 0xEE, 0xA5, 0x3C, 0xD3, 0x5E, 0xDC,
    0x5B, 0xFC, 0xC6, 0x45, 0xE4, 0xBA, 0xDD, 0xF3, 0x00, 0xC2, 0x4D, 0x98, 0xF7, 0x84, 0x7E, 0xA0,
    0x94, 0xD5, 0xC8, 0xE8, 0xAA, 0x02, 0xE5, 0xA8, 0x94, 0xA4, 0x3C, 0xDE, 0xED, 0x16, 0x39, 0xFC,
    0xC0, 0x0D, 0xD0, 0x7F, 0xFF, 0x3B, 0xD9, 0x14, 0x9E, 0x1C, 0x6F, 0xB9, 0xB4, 0x27, 0x4E, 0x57,
    0x15, 0x3C, 0x8D, 0x1E, 0x25, 0x31, 0x37, 0x4B, 0x8B, 0x88, 0xC4, 0x3E, 0x64, 0x97, 0x3B, 0x3D,
    0x7E, 0xD5, 0x61, 0xFF, 0xED, 0x9D, 0xBE, 0x54, 0xC2, 0xF5, 0x09, 0x11, 0x71, 0x1F, 0x63, 0x31,
    0xA7, 0xA5, 0xF3, 0xC9, 0x5E, 0x66, 0x16, 0xA1, 0xB2, 0x15, 0x33, 0x4B, 0x90, 0x32, 0x8D, 0x90,
    0xA0, 0xB9, 0x46, 0xFE, 0x9B, 0x35, 0xB3, 0xD8, 0x6B, 0x26, 0x4D, 0x6F, 0x85, 0x2C, 0xEE, 0xB9,
    0xF6, 0x52, 0x19, 0xD3, 0xFF, 0xC3, 0x63, 0xC0, 0xAF, 0x34, 0xBD, 0xCD, 0x7B, 0xB1, 0x42, 0xCE,
    0x91, 0x28, 0x8E, 0xA5, 0xB2, 0x89, 0xA5, 0xB2, 0xC1, 0x60, 0xC5, 0xA0, 0x53, 0xF7, 0x2D, 0xC2,
    0x25, 0x0D, 0x7E, 0xE0, 0x5C, 0xB3, 0xCA, 0x74, 0xDA, 0xBB, 0x14, 0x22, 0xF8, 0x7A, 0xA4, 0x3F,
    0xE8, 0x7F, 0xE3, 0xD2, 0xAD, 0xA6, 0x41, 0x03, 0x3F, 0xF7, 0x84, 0xCC, 0x90, 0x94, 0x1D, 0x44,
    0xA6, 0x66, 0x9A, 0xBB, 0x74, 0xDB, 0xBF, 0x80, 0xEA, 0x79, 0x37, 0xBB, 0xE2, 0x63, 0x91, 0x8F,
    0x9A, 0xD9, 0xF9, 0xD7, 0xA5, 0x8B, 0xA5, 0x59, 0x5C, 0xE5, 0x57, 0x91, 0xD5, 0xE2, 0xDE, 0x36,
    0x7D, 0xCC, 0xD5, 0xC2, 0x97, 0x52, 0x5A, 0xB5, 0xA4, 0x93, 0xC8, 0x34, 0x54, 0x6B, 0x36, 0x36,
    0xB3, 0x14, 0x57, 0xAE, 0x87, 0xBE, 0x9B, 0x8C, 0xDC, 0x8A, 0x16, 0x41, 0x5A, 0xF4, 0x5B, 0xE9,
    0xCC, 0xE4, 0x83, 0xC7, 0x43, 0x67, 0x5E, 0xD0, 0x17, 0x58, 0x12, 0x91, 0xC5, 0x35, 0x39, 0x99,
    0x86, 0x8A, 0xB6, 0x50, 0xAE, 0x57, 0x8B, 0x7D, 0xC0, 0x60, 0x64, 0xC9, 0x25, 0x73, 0x6E, 0x42,
    0xB8, 0x1C, 0xD2, 0x94, 0xC8, 0x4D, 0x1E, 0xC2, 0x41, 0x30, 0x5B, 0x4C, 0x49, 0x15, 0xE6, 0x6C,
    0xCE, 0x60, 0x29, 0x7E, 0xCA, 0x42, 0x1E, 0x15, 0xA5, 0xE8, 0xDE, 0xC3, 0x7C, 0xFE, 0x99, 0x91,
    0xAA, 0xB1, 0xE0, 0x39, 0x1D, 0x5D, 0x4E, 0x47, 0x2A, 0x11, 0x02, 0x18, 0x8D, 0x48, 0x8C, 0x50,
    0xCE, 0xB6, 0x62, 0xFF, 0x26, 0xFA, 0xD8, 0x73, 0x91, 0xC8, 0x44, 0xEC, 0xB3, 0xD5, 0x3E, 0x52,
    0xE9, 0x55, 0x24, 0x9C, 0x11, 0xD6, 0x62, 0x1B, 0x21, 0x3F, 0x3C, 0x1D, 0xA9, 0xAA, 0xDB, 0x0C,
    0xCE, 0x9F, 0x87, 0x79, 0xAD, 0x60, 0x68, 0x80, 0x91, 0xC4, 0xD8, 0xC0, 0xDC, 0xEE, 0x42, 0xBB,
    0x77, 0x4D, 0x92, 0x76, 0xC3, 0x40, 0x75, 0xC8, 0xD6, 0x63, 0x62, 0xBE, 0x32, 0xF1, 0x3A, 0x75,
    0x31, 0x92, 0xA6, 0x61, 0x3A, 0x22, 0xCA, 0xD1, 0x12, 0x51, 0xBD, 0x42, 0x8E, 0xC8, 0x13, 0x75,
    0x4B, 0xB9, 0x11, 0xCD, 0x15, 0x11, 0x26, 0xC5, 0x2C, 0x02, 0x51, 0x22, 0xC4, 0xC2, 0x2B, 0xA4,
    0xF2, 0x4D, 0x51, 0xF9, 0x81, 0x22, 0x8E, 0x0F, 0x16, 0x88, 0x9D, 0xE6, 0x50, 0x35, 0x90, 0xB8,
    0xBA, 0x38, 0xB9, 0x61, 0x70, 0x15, 0xD3, 0xF2, 0x3E, 0xFA, 0x88, 0x70, 0x0D, 0xAE, 0xA7, 0xC7,
    0xF5, 0xF6, 0x60, 0x79, 0x6B, 0x04, 0x1E, 0x6F, 0x8E, 0xC0, 0xB8, 0x3D, 0x02, 0x8F, 0x22, 0x14,
    0x9B, 0x79, 0x1C, 0x81, 0xC5, 0x53, 0x34, 0x93, 0xBB, 0x3D, 0x02, 0x4B, 0x88, 0x53, 0xEB, 0x88,
    0xA8, 0x6E, 0x8F, 0xC0, 0xF3, 0x17, 0x8E, 0xC0, 0x8D, 0x31, 0x28, 0x7B, 0xBD, 0x8C, 0xD5, 0xEC,
    0xD5, 0xC5, 0x11, 0x78, 0x04, 0x09, 0x89, 0x7C, 0xE9, 0x6C, 0xB7, 0xAA, 0xF9, 0xB5, 0xB3, 0xA4,
    0x97, 0x61, 0xDC, 0xC7, 0xA5, 0x39, 0x8E, 0x4B, 0x3C, 0x2D, 0x7F, 0xCD, 0x2F, 0x23, 0x8A, 0x3E,
    0x99, 0x08, 0x0D, 0x19, 0x06, 0x76, 0xE8, 0x07, 0xDB, 0x8D, 0x36, 0x5B, 0x9C, 0x9A, 0x28, 0x14,
    0x36, 0x15, 0x98, 0x77, 0x6F, 0xB7, 0x9C, 0xC5, 0xF6, 0xEC, 0x89, 0xA3, 0x11, 0x3A, 0xFB, 0x3F,
    0xBD, 0x3B, 0xE5, 0xBE, 0xF4, 0xEE, 0x54, 0xFD, 0xAC, 0xBB, 0x53, 0x76, 0xF1, 0x88, 0xC4, 0xCA,
    0xFF, 0xDD, 0xDD, 0xA9, 0xD4, 0xEE, 0x4E, 0x1D, 0x9E, 0x7B, 0x77, 0xEA, 0x59, 0xF7, 0x44, 0x0B,
    0xE8, 0x9E, 0x28, 0xA7, 0xDF, 0xF6, 0xAE, 0xA6, 0xDF, 0xFA, 0x2D, 0x6A, 0xC4, 0xD7, 0x27, 0x33,
    0xD8, 0x33, 0xEF, 0x90, 0xFE, 0x3F, 0x9C, 0x03, 0xBD, 0x90, 0x35, 0x25, 0x96, 0xFA, 0x85, 0xE6,
    0x5F, 0xFA, 0x4D, 0x97, 0x1C, 0x68, 0x88, 0x44, 0x3C, 0xD5, 0xCB, 0xB8, 0xAA, 0x45, 0xD0, 0x8F,
    0x75, 0xBC, 0x81, 0xC7, 0x7A, 0xDD, 0xC5, 0xD9, 0xDC, 0x1F, 0xF3, 0x6A, 0xB7, 0x66, 0xF8, 0x37,
    0x0A, 0xEC, 0x31, 0x43, 0xAD, 0x3E, 0xA1, 0xCD, 0xA1, 0x2D, 0x3B, 0x8B, 0x44, 0xEC, 0x28, 0x0A,
    0x12, 0x75, 0xB3, 0xB8, 0x62, 0xA3, 0x7A, 0xBB, 0xD9, 0xF9, 0x55, 0xC4, 0xE4, 0xFC, 0x42, 0x02,
    0x93, 0x16, 0xF1, 0x22, 0x74, 0x12, 0x67, 0x5D, 0xBF, 0x07, 0x93, 0x6C, 0x33, 0xF1, 0x24, 0x95,
    0x26, 0x80, 0x66, 0x21, 0xDD, 0x85, 0x04, 0x93, 0xFE, 0x2D, 0x1C, 0x30, 0xB8, 0x0C, 0x4F, 0xF0,
    0xB4, 0x83, 0x19, 0xC3, 0x1C, 0xEB, 0x2C, 0x72, 0x6A, 0xD6, 0xD5, 0xF1, 0x40, 0xE5, 0xD8, 0xAA,
    0x83, 0x11, 0xE6, 0x8A, 0x56, 0x9B, 0x32, 0x6C, 0xC4, 0x73, 0x8E, 0x95, 0xEB, 0xF7, 0xCB, 0x44,
    0xFD, 0x18, 0x1C, 0x9D, 0x56, 0xE6, 0x5F, 0x6D, 0xDC, 0xA1, 0x95, 0xE8, 0xD3, 0x1C, 0xCD, 0x94,
    0x67, 0x6B, 0xB3, 0x85, 0x45, 0x00, 0x7E, 0x32, 0x09, 0x77, 0x51, 0xA7, 0x8D, 0x7C, 0xCA, 0x4E,
    0x14, 0xB5, 0x7F, 0xF3, 0xFD, 0x04, 0xD1, 0xF5, 0x3E, 0xB5, 0xFF, 0xF7, 0x7F, 0x68, 0x1A, 0x6F,
    0x9C, 0x45, 0xC7, 0x62, 0x2D, 0x6E, 0x2E, 0xB9, 0x9D, 0xA6, 0x1E, 0x65, 0xA6, 0x5A, 0x27, 0x4A,
    0xC0, 0x13, 0xB6, 0xEE, 0xCE, 0x35, 0xB7, 0x0D, 0x1E, 0xBB, 0x0E, 0x56, 0x6C, 0x81, 0x51, 0xF8,
    0x99, 0x6B, 0xCC, 0xED, 0xE7, 0x5D, 0x63, 0xC6, 0x1C, 0x1E, 0x89, 0xDB, 0x6B, 0xCC, 0xFE, 0xB9,
    0x6B, 0x4C, 0xA6, 0xA0, 0x3D, 0x99, 0xDF, 0x5E, 0x63, 0xAE, 0xCF, 0x5F, 0x63, 0x96, 0x7B, 0xB5,
    0x89, 0x9C, 0x76, 0xEB, 0xF9, 0x39, 0x9E, 0x52, 0x09, 0x3A, 0x86, 0x1B, 0x6B, 0xCC, 0xD3, 0xCD,
    0x7F, 0x65, 0x84, 0xAD, 0xFD, 0x8C, 0xA8, 0x8F, 0x84, 0x7B, 0x26, 0xF1, 0xF7, 0x69, 0x1F, 0x0C,
    0xF4, 0xF0, 0x0E, 0xF8, 0x23, 0x62, 0x96, 0x8C, 0x07, 0x78, 0xEA, 0x52, 0x8C, 0x9A, 0x70, 0x63,
    0xC5, 0x8A, 0xC2, 0xEE, 0xB2, 0x4A, 0x42, 0xEC, 0xD5, 0xEA, 0x20, 0xF9, 0x76, 0xF1, 0x0C, 0xDB,
    0xDF, 0xED, 0xBE, 0xD0, 0x78, 0x66, 0x7B, 0xB4, 0xE8, 0xB7, 0x71, 0x42, 0xA7, 0x4D, 0x85, 0x4D,
    0xC3, 0x7B, 0xCE, 0xB2, 0x4B, 0x9D, 0x62, 0x93, 0x2D, 0x8F, 0xD8, 0x72, 0xB8, 0x75, 0xAC, 0x7A,
    0x1B, 0xEB, 0xD1, 0xC7, 0x23, 0xEA, 0x80, 0x8F, 0x8F, 0x9D, 0x18, 0x8C, 0x96, 0x63, 0xDC, 0xC7,
    0xD5, 0x35, 0xBA, 0xB4, 0x31, 0x04, 0xD6, 0x70, 0x13, 0xF0, 0x4A, 0x91, 0xD6, 0x55, 0xC8, 0x38,
    0x41, 0x1E, 0x6F, 0x66, 0x11, 0x50, 0xA0, 0xD8, 0x9E, 0x49, 0xC8, 0x13, 0x7A, 0x34, 0xDA, 0x5B,
    0xCF, 0x23, 0x50, 0x5A, 0x47, 0x2E, 0x50, 0xDA, 0x25, 0x04, 0xAA, 0x53, 0x3A, 0x7A, 0x54, 0x1B,
    0x2F, 0x27, 0x29, 0xED, 0x72, 0xD1, 0x8B, 0xE2, 0x25, 0x04, 0x4E, 0x69, 0xE9, 0x9F, 0x20, 0x5E,
    0xCE, 0xC5, 0x6B, 0x46, 0xEF, 0x3A, 0x15, 0xCB, 0x68, 0x73, 0xAD, 0x37, 0xF1, 0xC9, 0x79, 0xB7,
    0xA8, 0x44, 0xE9, 0x50, 0x53, 0xB7, 0xD3, 0xBF, 0xD2, 0xE1, 0xF3, 0x74, 0x38, 0xEF, 0x3A, 0xE4,
    0x9E, 0x70, 0xD7, 0x21, 0xE7, 0xDF, 0x9D, 0xFE, 0xFC, 0xE8, 0xC6, 0x9D, 0x2E, 0x07, 0xC3, 0x71,
    0xBA, 0xFB, 0x72, 0xBA, 0xBD, 0x41, 0xD7, 0x3B, 0xFD, 0x15, 0xEB, 0x28, 0x16, 0x43, 0xB3, 0x73,
    0xFE, 0x49, 0xB3, 0x29, 0xF6, 0x8D, 0x55, 0xE3, 0xF2, 0xAE, 0xD9, 0xE0, 0x2D, 0x53, 0xFF, 0x97,
    0x2E, 0xEC, 0x7B, 0x5B, 0xD8, 0x4F, 0xD6, 0x55, 0x2F, 0xD2, 0xA2, 0xDF, 0x88, 0xF6, 0x85, 0xBD,
    0x7B, 0xD6, 0xC2, 0x9E, 0x14, 0xD5, 0x65, 0x5B, 0x02, 0x5D, 0x58, 0x7B, 0x7B, 0xF5, 0xDE, 0x68,
    0xA5, 0x9A, 0x55, 0x59, 0x67, 0x6B, 0x3F, 0x8F, 0x55, 0x5D, 0xB4, 0x38, 0x92, 0xAD, 0x33, 0xBF,
    0x62, 0x16, 0x92, 0x77, 0x89, 0x11, 0xD3, 0xBC, 0x98, 0x11, 0x69, 0x16, 0x95, 0x6B, 0x89, 0x8C,
    0xED, 0x90, 0x38, 0x92, 0x70, 0xA7, 0xA4, 0x75, 0x99, 0x12, 0xB2, 0x5C, 0x4D, 0xDE, 0xA3, 0x71,
    0x53, 0xDD, 0x9D, 0x10, 0x69, 0x63, 0x44, 0x35, 0x1B, 0x59, 0xC0, 0x4E, 0xAE, 0x1D, 0xA0, 0x9D,
    0xDC, 0x56, 0x80, 0x08, 0x22, 0xF9, 0x4A, 0xA4, 0x94, 0xF0, 0x0A, 0xC6, 0x23, 0x29, 0x5F, 0x35,
    0x9D, 0x88, 0x73, 0xBB, 0x91, 0x21, 0x52, 0x4A, 0x59, 0x44, 0x9A, 0x62, 0x0E, 0x94, 0xE7, 0x8C,
    0x37, 0x35, 0x3E, 0xBA, 0xB0, 0x42, 0x0C, 0xAC, 0x6C, 0x9B, 0x45, 0x6E, 0x97, 0x31, 0xAB, 0x99,
    0xA2, 0xA2, 0x92, 0x4C, 0x41, 0x52, 0xCE, 0xCF, 0xDB, 0x1B, 0xCA, 0xCA, 0x26, 0x7C, 0x14, 0x3C,
    0x0A, 0x6D, 0x02, 0x13, 0xB5, 0x44, 0xB9, 0x04, 0x8D, 0x42, 0x4A, 0x2A, 0x43, 0xB7, 0xEF, 0xCE,
    0x94, 0x27, 0x77, 0x67, 0x3A, 0xDD, 0x9D, 0x29, 0x65, 0x65, 0x09, 0x20, 0x3E, 0xB5, 0xF2, 0x89,
    0xCB, 0x1A, 0x6D, 0x3A, 0x75, 0x2F, 0x49, 0x8A, 0x6E, 0x82, 0xEA, 0x63, 0x35, 0xD8, 0xA9, 0xFB,
    0xBD, 0x2B, 0x6D, 0x89, 0xF2, 0x88, 0xA4, 0x30, 0x43, 0x1E, 0x88, 0x88, 0x7F, 0x7B, 0xE1, 0xFC,
    0xC1, 0x17, 0x75, 0xF4, 0xDE, 0xD0, 0x3E, 0x55, 0xE4, 0xBD, 0x3D, 0xF9, 0x37, 0x58, 0x57, 0x3A,
    0xAA, 0xBA, 0x6B, 0xFB, 0x59, 0x93, 0x0F, 0xFE, 0xA3, 0xC7, 0x1B, 0x14, 0x21, 0x17, 0x9B, 0x9C,
    0x32, 0xFE, 0x93, 0x8B, 0x9A, 0xB7, 0x51, 0xD1, 0xB4, 0x5F, 0x52, 0x77, 0xCA, 0x80, 0xA9, 0xDD,
    0x27, 0x52, 0xDF, 0xB7, 0xC9, 0xC3, 0xB4, 0xB6, 0x9D, 0x25, 0x02, 0x49, 0x9B, 0x3C, 0x69, 0x91,
    0x04, 0x83, 0x91, 0xDD, 0x44, 0x24, 0x07, 0xA1, 0xED, 0x6B, 0xD6, 0x59, 0x92, 0x64, 0xDB, 0xC8,
    0xB1, 0xDC, 0x44, 0xCA, 0x4A, 0xAB, 0x91, 0xA9, 0x05, 0x79, 0xA6, 0x16, 0xE4, 0x93, 0x4E, 0xA4,
    0x4E, 0x68, 0x64, 0x4F, 0x35, 0x75, 0xB3, 0xE9, 0x47, 0x6D, 0xA7, 0xF4, 0x47, 0xEB, 0x91, 0x54,
    0x9C, 0x1A, 0xE9, 0x37, 0x91, 0x16, 0x96, 0x7C, 0x29, 0xD4, 0x4C, 0xD4, 0x94, 0xC8, 0x38, 0x00,
    0xFA, 0x4D, 0xFA, 0x89, 0x0F, 0x50, 0x1E, 0x60, 0xE3, 0xA4, 0x09, 0x6C, 0xDB, 0xB0, 0x46, 0xDA,
    0xD7, 0x42, 0xEC, 0x4C, 0xD6, 0x8D, 0xAD, 0xE8, 0x26, 0xF7, 0x12, 0x3E, 0xE0, 0x33, 0x3D, 0xA1,
    0x54, 0xAA, 0x4D, 0x56, 0xFF, 0x2F, 0x7B, 0xA8, 0xF5, 0x25, 0x0E, 0xC2, 0xCC, 0xB8, 0x11, 0x93,
    0x31, 0xE1, 0xF8, 0xF8, 0xDB, 0xB1, 0x39, 0x33, 0x5C, 0x6D, 0xD6, 0x21, 0x1C, 0xE4, 0xBE, 0x3B,
    0xF6, 0x78, 0xD3, 0xE2, 0x69, 0xCB, 0x84, 0x3B, 0xDB, 0x28, 0x24, 0x98, 0x62, 0x77, 0x36, 0xC6,
    0xB9, 0xBA, 0x17, 0xF6, 0xA8, 0x0B, 0xD9, 0x2A, 0xDA, 0x0C, 0x8B, 0xE2, 0x28, 0xC7, 0xA4, 0x1D,
    0x4D, 0x85, 0xC1, 0x83, 0x2C, 0x5E, 0xD1, 0xD4, 0x41, 0x63, 0xE1, 0x6B, 0xDA, 0x66, 0x69, 0x27,
    0x7A, 0x9F, 0x69, 0x63, 0x62, 0xE3, 0x85, 0x31, 0x45, 0x6F, 0x3F, 0x19, 0xEA, 0x0C, 0xAD, 0xEE,
    0x06, 0xF2, 0xDC, 0x39, 0xEC, 0xEE, 0x9F, 0x75, 0xF8, 0x82, 0x52, 0xB4, 0x5F, 0xED, 0xD1, 0x1F,
    0xC2, 0x86, 0x9E, 0xA2, 0x6B, 0x2F, 0xD9, 0x9F, 0x50, 0x31, 0xFE, 0xC1, 0xF2, 0xEB, 0x1E, 0x9B,
    0xE7, 0x8E, 0x78, 0x2E, 0x38, 0x5A, 0xB7, 0x69, 0x1C, 0x75, 0xD4, 0x21, 0xFF, 0xAB, 0x20, 0x89,
    0xB5, 0x6D, 0x53, 0x6F, 0x66, 0x77, 0x0D, 0x94, 0x28, 0x14, 0x66, 0xB2, 0x42, 0x62, 0xEB, 0xC5,
    0xC9, 0x56, 0x8A, 0x17, 0xB4, 0xC2, 0x77, 0xC4, 0xF8, 0x37, 0xAF, 0x9A, 0xC5, 0xF9, 0xAE, 0x2F,
    0x36, 0xDA, 0x83, 0xBC, 0x29, 0xB4, 0xAB, 0x95, 0x11, 0x50, 0x2D, 0x84, 0x8D, 0x8C, 0xDD, 0xCC,
    0x82, 0x1A, 0x3A, 0x22, 0x0C, 0x72, 0x94, 0xA0, 0xBC, 0x1E, 0x14, 0x2D, 0x13, 0x7D, 0xBB, 0x58,
    0x12, 0xB9, 0xDE, 0x7D, 0xC8, 0xE6, 0x33, 0x03, 0x7D, 0xAB, 0x1D, 0x11, 0xD3, 0x53, 0x6A, 0x85,
    0x69, 0xE5, 0x78, 0x5E, 0xC9, 0x04, 0xE0, 0xBA, 0x39, 0xD3, 0xD5, 0x73, 0x68, 0x4B, 0xB3, 0x69,
    0x1A, 0x5A, 0xCF, 0x58, 0x74, 0x8F, 0x29, 0xE3, 0x8A, 0x11, 0xF5, 0x26, 0xD5, 0x3C, 0xCB, 0x55,
    0xA4, 0x31, 0x83, 0xF6, 0xE3, 0x97, 0xA8, 0xD2, 0x66, 0xE2, 0x1E, 0x5E, 0xB1, 0xA4, 0x90, 0xBD,
    0x13, 0xDD, 0xE3, 0xB1, 0xCD, 0xAA, 0xC9, 0x76, 0x1F, 0x7D, 0x3A, 0x24, 0x18, 0x12, 0x73, 0x6C,
    0x01, 0xF2, 0x6C, 0xD9, 0xA5, 0x59, 0xED, 0x23, 0x09, 0xAE, 0xEC, 0x1D, 0xCB, 0xA7, 0xD1, 0xF7,
    0x6E, 0x80, 0xBF, 0xC7, 0xF7, 0xDE, 0x76, 0xD5, 0xF6, 0x26, 0xED, 0xC9, 0x4F, 0x74, 0x54, 0xB3,
    0xF9, 0x7D, 0xA1, 0x40, 0xF8, 0x8A, 0x52, 0x47, 0xCC, 0xC1, 0xE4, 0xED, 0x58, 0x94, 0xE8, 0x12,
    0xA7, 0x0F, 0xFE, 0x59, 0xF4, 0x77, 0x7F, 0x8E, 0x21, 0x7A, 0x70, 0xB5, 0x5E, 0x5C, 0x43, 0x8E,
    0x32, 0x83, 0xD6, 0x18, 0x43, 0x0E, 0xFE, 0x4F, 0x41, 0xD8, 0x7B, 0xCD, 0xD6, 0xD6, 0x80, 0x54,
    0x84, 0xAD, 0x19, 0x4B, 0x91, 0x69, 0x7A, 0x10, 0x94, 0x4E, 0x4A, 0xCD, 0x9B, 0x55, 0xE0, 0x9B,
    0x32, 0xCD, 0x7B, 0x37, 0x4C, 0x83, 0x68, 0x9A, 0xD6, 0xDE, 0x29, 0xD6, 0x66, 0x35, 0xBB, 0x30,
    0x2E, 0x52, 0x3A, 0x6E, 0x0E, 0xE7, 0x57, 0x9D, 0xAF, 0x58, 0x5D, 0x37, 0x95, 0xEB, 0x7D, 0x0C,
    0x15, 0x6C, 0xEF, 0x7D, 0x69, 0xA2, 0x9D, 0x02, 0xC6, 0x75, 0x42, 0x46, 0xF3, 0x3E, 0xC7, 0x93,
    0xA6, 0x75, 0xB2, 0xA1, 0xAC, 0x7F, 0xC7, 0x32, 0x48, 0xC7, 0x61, 0xAD, 0x57, 0x70, 0xAC, 0xE9,
    0xD3, 0x2E, 0xF0, 0x49, 0xD9, 0x1F, 0x23, 0xEB, 0xAB, 0x29, 0x83, 0xEB, 0x5A, 0xA4, 0x75, 0x39,
    0xE7, 0x70, 0x70, 0xCC, 0xBF, 0xCB, 0x01, 0xD9, 0xE6, 0x7E, 0x9F, 0x54, 0xB1, 0x65, 0xB4, 0x05,
    0xA9, 0xF5, 0xB0, 0x44, 0x6A, 0x29, 0x8C, 0x02, 0x80, 0x9D, 0x9A, 0x49, 0x95, 0x57, 0xCD, 0xDA,
    0x18, 0x15, 0xAA, 0xA9, 0x12, 0x55, 0x85, 0x2A, 0x44, 0x6A, 0x68, 0x44, 0x95, 0xAE, 0xEB, 0xBB,
    0x50, 0xCE, 0x9A, 0x3B, 0x6B, 0x8C, 0x7E, 0x49, 0xFA, 0xEE, 0x95, 0xCD, 0x61, 0x28, 0xB6, 0xBC,
    0xEF, 0x7E, 0xB8, 0xC8, 0x45, 0xD1, 0x56, 0x0C, 0xBF, 0x5E, 0x83, 0xB2, 0x89, 0xD1, 0x3C, 0xDE,
    0xFD, 0xAA, 0x4E, 0xF1, 0x1E, 0x86, 0x7C, 0xA1, 0xC5, 0x66, 0x87, 0x90, 0x29, 0x3D, 0xBD, 0xE8,
    0x54, 0x52, 0xE9, 0x0B, 0x39, 0xA3, 0x8E, 0xAE, 0x56, 0xF0, 0x13, 0x2F, 0x68, 0xE5, 0x98, 0xC5,
    0x81, 0xF1, 0x05, 0x82, 0x86, 0x00, 0x4C, 0xDA, 0xD6, 0x59, 0x3C, 0x69, 0x96, 0x98, 0x49, 0xE5,
    0xFC, 0xD7, 0x04, 0x46, 0xC1, 0xE1, 0x0E, 0xE8, 0xBE, 0x7B, 0x9E, 0x91, 0x2A, 0xF5, 0xC3, 0x38,
    0xCA, 0xF9, 0xE3, 0x0E, 0xF1, 0x47, 0xE5, 0x79, 0xD3, 0xCF, 0x4A, 0x37, 0x50, 0x98, 0xA8, 0x3C,
    0x8B, 0x00, 0x61, 0xAA, 0x4E, 0xE7, 0xC0, 0x2C, 0x84, 0x0F, 0xAB, 0xE5, 0xAB, 0x25, 0xE6, 0x4A,
    0xD9, 0xC6, 0x63, 0xCC, 0xB7, 0xFA, 0x4C, 0xE1, 0xAB, 0xE3, 0x9F, 0xB8, 0xEC, 0x9A, 0xDE, 0x5C,
    0xA1, 0xE9, 0xFB, 0xB7, 0x08, 0x5B, 0x25, 0x6D, 0xF9, 0xB9, 0x4D, 0xF5, 0x67, 0xFF, 0xD9, 0x9D,
    0x1C, 0xBF, 0x58, 0xCE, 0x4B, 0x56, 0xD1, 0xA9, 0xE2, 0x3B, 0xD3, 0xCB, 0x8C, 0xA6, 0xCB, 0x14,
    0x43, 0xB6, 0x68, 0x31, 0x39, 0x12, 0xFA, 0x96, 0x66, 0x78, 0x48, 0x3B, 0xBC, 0xA2, 0x62, 0xF9,
    0xF5, 0x29, 0x96, 0xF7, 0x08, 0x8B, 0x8D, 0xB6, 0x2A, 0xD6, 0x02, 0xE6, 0x8C, 0xB5, 0x2B, 0xD5,
    0xAA, 0x55, 0x06, 0x67, 0x55, 0xAA, 0xC9, 0x61, 0x62, 0x4A, 0xEC, 0x56, 0xE6, 0xC0, 0x0A, 0x34,
    0x7E, 0xAE, 0xEA, 0x2D, 0xE7, 0x8F, 0xC8, 0x95, 0x9F, 0xD8, 0x8D, 0x26, 0xEB, 0xC4, 0x7D, 0xDC,
    0xD6, 0xF2, 0xE3, 0x6A, 0xC8, 0xA9, 0xC4, 0xAF, 0xF1, 0x04, 0xEC, 0xCB, 0x41, 0xF4, 0x81, 0xA5,
    0xA8, 0x59, 0x7E, 0x94, 0xA8, 0xC2, 0xB8, 0x2C, 0xA4, 0x44, 0xF9, 0x28, 0xF7, 0x29, 0x06, 0xA1,
    0x86, 0xE5, 0xC6, 0x55, 0xD2, 0xA6, 0x6B, 0x58, 0x73, 0x7E, 0xC8, 0x54, 0x96, 0x01, 0xB5, 0xF6,
    0x9E, 0xAB, 0x9A, 0x9C, 0x66, 0x14, 0x2F, 0x1C, 0xD2, 0x7B, 0x12, 0xBD, 0x16, 0x28, 0xC9, 0x05,
    0x05, 0x41, 0xED, 0xF4, 0x36, 0x48, 0x78, 0x1A, 0x0A, 0x64, 0x0E, 0x83, 0xDD, 0xA7, 0xB9, 0x8B,
    0xF1, 0xF0, 0xF1, 0x46, 0x06, 0xBB, 0xE0, 0xBF, 0xB9, 0x92, 0xC5, 0x2E, 0x54, 0x7E, 0x21, 0x93,
    0x4D, 0x78, 0x54, 0x92, 0x98, 0xAB, 0x69, 0x56, 0xD1, 0x9E, 0xAA, 0x9F, 0x2A, 0xB4, 0xB2, 0x50,
    0x61, 0xA0, 0x74, 0x79, 0x28, 0xD1, 0x37, 0x81, 0xEC, 0x7A, 0xD4, 0x94, 0xB0, 0xE1, 0xED, 0x74,
    0x04, 0xB2, 0x5C, 0x2C, 0x24, 0x1A, 0xB8, 0x82, 0x41, 0x73, 0xC9, 0xE7, 0x7B, 0x83, 0xEB, 0xC0,
    0x33, 0xF0, 0xBE, 0x17, 0x7A, 0x3F, 0xB8, 0xBC, 0x75, 0x87, 0xD5, 0x95, 0x08, 0x47, 0x5F, 0x1A,
    0xAF, 0xAD, 0x29, 0x5F, 0xDA, 0xDD, 0x29, 0x8D, 0xEE, 0x14, 0x3D, 0x2A, 0xD7, 0x8F, 0x7C, 0x09,
    0x30, 0xC8, 0x1E, 0xF5, 0xFC, 0xC1, 0x2A, 0x8F, 0xD2, 0x4F, 0xB9, 0xC4, 0xB9, 0x24, 0xFE, 0xCC,
    0xFA, 0x61, 0x2B, 0xF2, 0x62, 0x33, 0xB9, 0x12, 0x33, 0x2B, 0x1A, 0x46, 0xEE, 0x7D, 0xB6, 0x5A,
    0x79, 0x52, 0x0A, 0x9C, 0x8E, 0x6E, 0xD1, 0x04, 0xB6, 0x8A, 0x47, 0x4F, 0x4E, 0xD1, 0xC7, 0x2C,
    0x6D, 0x70, 0x23, 0x2C, 0x57, 0xCB, 0xD2, 0x3B, 0xB4, 0xA1, 0xF4, 0x67, 0x72, 0xB5, 0x37, 0x4E,
    0x26, 0xBE, 0xEC, 0x06, 0x65, 0xE9, 0x7A, 0xCF, 0xD2, 0xAD, 0x2C, 0xE1, 0xE9, 0xE7, 0x03, 0xE0,
    0x5E, 0xC6, 0xF7, 0xC1, 0xCB, 0xFD, 0xC9, 0x37, 0x28, 0xF5, 0x9A, 0x11, 0x4E, 0xE2, 0x21, 0x48,
    0x76, 0xFA, 0x44, 0x8E, 0x5E, 0xE2, 0xEF, 0x31, 0x55, 0x6C, 0xFB, 0xCF, 0xA9, 0xF8, 0x82, 0x73,
    0x64, 0xA0, 0x5C, 0x7F, 0x5D, 0xB2, 0x2F, 0x92, 0x3D, 0x50, 0x76, 0xA6, 0xB7, 0x25, 0x65, 0x90,
    0x2E, 0x25, 0xC6, 0xA4, 0x99, 0x3B, 0xAE, 0x2C, 0xAF, 0x02, 0x9B, 0xB7, 0x9F, 0x50, 0x9E, 0x12,
    0xEA, 0x15, 0x57, 0xC1, 0x85, 0x90, 0xA7, 0x50, 0xB3, 0xCB, 0x58, 0x15, 0x64, 0x9C, 0xC8, 0x91,
    0x3B, 0xEB, 0x94, 0xE8, 0xC6, 0xBA, 0x4D, 0x10, 0xB5, 0x97, 0xAB, 0x53, 0xF2, 0xEC, 0x3D, 0x9E,
    0x68, 0x3E, 0x37, 0x47, 0xED, 0xE6, 0x63, 0xE9, 0xF4, 0x31, 0xF9, 0x13, 0x96, 0x82, 0xD5, 0xBC,
    0xC3, 0x86, 0x6B, 0x3D, 0xBA, 0x4D, 0x84, 0xA7, 0x75, 0x6D, 0xBB, 0x60, 0x09, 0xCC, 0x99, 0xD5,
    0xB3, 0x2D, 0x45, 0x9B, 0xAD, 0xBC, 0xDC, 0x64, 0xC3, 0xFE, 0xED, 0xAF, 0x45, 0xDC, 0x06, 0x76,
    0xFD, 0xA4, 0x3F, 0xD6, 0xB5, 0xAE, 0xDE, 0xEB, 0x5A, 0x89, 0xE1, 0x8E, 0xFA, 0x1F, 0x59, 0x87,
    0xC1, 0x26, 0x03, 0x7D, 0x03, 0x70, 0xB2, 0xD1, 0x7F, 0x7C, 0x40, 0x62, 0xC9, 0xF0, 0x07, 0x05,
    0x9C, 0x2C, 0x15, 0xD4, 0x16, 0x8E, 0x39, 0xFA, 0x82, 0x44, 0xAF, 0x69, 0xD2, 0x9E, 0x23, 0x8B,
    0x5B, 0x62, 0xB3, 0x11, 0x5F, 0xD2, 0x4C, 0xB2, 0xDA, 0x22, 0xC2, 0x32, 0xA1, 0x6A, 0xBA, 0xEC,
    0x25, 0x68, 0x5B, 0x62, 0xBD, 0x6C, 0x82, 0xF9, 0xB0, 0x74, 0x6F, 0x49, 0x69, 0xFA, 0x17, 0x8D,
    0x88, 0x06, 0xA1, 0x0B, 0x7A, 0x1F, 0x3D, 0x44, 0x1C, 0x78, 0xAD, 0xE0, 0x7C, 0x5B, 0x30, 0x02,
    0xC3, 0x19, 0xF4, 0x31, 0xDE, 0x86, 0xD5, 0xE9, 0x0E, 0x21, 0xC2, 0x72, 0x25, 0x2C, 0x10, 0x1F,
    0xA4, 0x2A, 0x34, 0x51, 0xF8, 0x96, 0x1C, 0x97, 0x2A, 0x61, 0x77, 0x1D, 0x93, 0xE9, 0x07, 0xBA,
    0xC5, 0x40, 0x73, 0xE0, 0x47, 0x81, 0xF0, 0xD3, 0x81, 0xD6, 0xF8, 0x69, 0xAF, 0xEA, 0x20, 0x5B,
    0x6D, 0xBB, 0xF5, 0xBC, 0x8C, 0x54, 0x8C, 0xFB, 0x62, 0xC3, 0xDB, 0x53, 0x96, 0xDA, 0xE1, 0x6B,
    0x88, 0xDA, 0xBF, 0xF6, 0x10, 0x3F, 0x59, 0x68, 0xAA, 0xD0, 0x71, 0xB1, 0x0A, 0xE5, 0x80, 0x7D,
    0x76, 0x6D, 0x06, 0x2B, 0xF0, 0x5E, 0xB8, 0x1B, 0xED, 0x9C, 0x2C, 0xAF, 0x37, 0xB6, 0xA2, 0xE9,
    0xE9, 0xDE, 0xB0, 0xF9, 0x1F, 0xB8, 0xAF, 0xB4, 0xCF, 0x83, 0x5E, 0x70, 0xA1, 0x16, 0xBA, 0x0B,
    0x05, 0xDE, 0x61, 0x0E, 0x64, 0x6B, 0xAC, 0xE5, 0x7E, 0xB1, 0x3A, 0x59, 0xCD, 0xD3, 0xA9, 0xD9,
    0xA2, 0x12, 0x7B, 0xED, 0x05, 0xBA, 0x60, 0x26, 0x40, 0xA8, 0x16, 0xDA, 0x01, 0xA3, 0xC6, 0x3C,
    0x62, 0xBE, 0x99, 0xA0, 0x27, 0x1E, 0x53, 0x61, 0x3A, 0x7C, 0xCD, 0xAA, 0xD1, 0x2B, 0xFA, 0x53,
    0xF4, 0xB4, 0xE8, 0x76, 0xD0, 0x1F, 0x0B, 0x00, 0x4F, 0x62, 0x1F, 0xAF, 0x3C, 0xDC, 0xBD, 0x87,
    0x6E, 0xDA, 0xDB, 0x46, 0xF9, 0xAA, 0xE1, 0x55, 0x42, 0xD5, 0x3E, 0x3E, 0x49, 0x57, 0xCE, 0xA6,
    0xC5, 0x2A, 0x10, 0xFB, 0x3F, 0x35, 0x29, 0x0B, 0x20, 0x0A, 0x1D, 0xD5, 0x56, 0x31, 0x92, 0x6B,
    0x56, 0xEA, 0x1C, 0xF4, 0xDD, 0xBE, 0x78, 0x6A, 0x6B, 0x7C, 0x8D, 0x46, 0xA1, 0xB1, 0xAD, 0xC0,
    0xE2, 0x64, 0xB5, 0x60, 0x9F, 0x90, 0x36, 0x59, 0x27, 0x6E, 0xDF, 0xAC, 0xB3, 0x37, 0xCD, 0x3E,
    0x71, 0xE9, 0x9F, 0xCE, 0xB2, 0x59, 0x1E, 0x30, 0x69, 0x65, 0x6F, 0x9B, 0x3E, 0x8E, 0x14, 0xEE,
    0x8C, 0x3D, 0xE3, 0x3D, 0x7B, 0xF8, 0x51, 0xBE, 0x59, 0x60, 0xFC, 0xFF, 0xD2, 0x1E, 0x94, 0x5F,
    0xDC, 0x1E, 0xBC, 0xA5, 0xF6, 0x60, 0x51, 0x7B, 0x30, 0xE7, 0x5B, 0x9D, 0x5F, 0xFD, 0x7E, 0x9C,
    0xA4, 0xC4, 0xB0, 0xF4, 0x34, 0x4A, 0x56, 0xF9, 0xAB, 0x84, 0xC3, 0x66, 0x3B, 0x68, 0xC2, 0xD9,
    0x11, 0xB2, 0x4D, 0xD7, 0x70, 0x07, 0x25, 0xD8, 0x07, 0x8A, 0x59, 0x5B, 0x83, 0xD9, 0xFC, 0x62,
    0x31, 0x5B, 0xC8, 0x55, 0x8E, 0xB3, 0x4C, 0x1C, 0xF4, 0x64, 0xE2, 0xDF, 0x8E, 0x77, 0x95, 0xB9,
    0x07, 0xD8, 0xA8, 0xAC, 0x7F, 0x79, 0xA9, 0xF3, 0xBB, 0x08, 0x87, 0x1B, 0x0F, 0x6A, 0x8D, 0xE2,
    0x41, 0x2F, 0x1A, 0xB5, 0xEA, 0x7E, 0x96, 0xC6, 0xA4, 0x25, 0x35, 0xA4, 0x54, 0xD4, 0x1D, 0xBD,
    0xB4, 0x02, 0x94, 0x89, 0x37, 0x12, 0xBA, 0x15, 0x65, 0xD0, 0x86, 0x50, 0xB2, 0x27, 0x26, 0x8F,
    0x49, 0xC6, 0xB4, 0x67, 0x0C, 0x1B, 0xB7, 0x62, 0x32, 0x32, 0x2C, 0x9E, 0xA5, 0xCF, 0x4E, 0xA5,
    0x01, 0xB3, 0x0D, 0xE9, 0x09, 0xE6, 0x4C, 0x19, 0x3D, 0xC3, 0x7C, 0x20, 0xB1, 0xFA, 0x66, 0xF9,
    0x2D, 0x65, 0x95, 0xAD, 0xC2, 0xD2, 0xAD, 0xA1, 0xC4, 0x52, 0x61, 0x6A, 0xD8, 0x7A, 0x05, 0xCF,
    0x69, 0xA1, 0x4D, 0xB7, 0x3A, 0xDF, 0x58, 0xC1, 0xFF, 0xA6, 0x32, 0xFF, 0xD5, 0xC8, 0xFC, 0x67,
    0xD3, 0x2D, 0xE6, 0x43, 0x64, 0xFE, 0x69, 0x70, 0x76, 0x64, 0xE3, 0xCF, 0x6C, 0x6C, 0x0F, 0x72,
    0x18, 0xF3, 0x19, 0x23, 0x00, 0xC3, 0x29, 0x16, 0x23, 0x32, 0x5C, 0x46, 0x62, 0x72, 0x91, 0xE8,
    0x6D, 0xC7, 0xDE, 0x57, 0x02, 0xEF, 0xBE, 0x81, 0xFA, 0xA1, 0x2B, 0x66, 0xF7, 0x01, 0xCB, 0xFF,
    0xC2, 0x6E, 0xEE, 0x9E, 0x82, 0x5C, 0xCD, 0x21, 0xB0, 0xD9, 0xB2, 0x21, 0xC7, 0xBB, 0x98, 0xB5,
    0x3E, 0xA0, 0x6B, 0xAD, 0x74, 0xFC, 0xCD, 0x00, 0xAB, 0xAE, 0x44, 0xD7, 0x88, 0x9E, 0xE3, 0x8F,
    0xA9, 0x60, 0xA0, 0xE6, 0x9E, 0x4D, 0x6A, 0x27, 0x50, 0x34, 0x57, 0x8C, 0xB4, 0x9E, 0xE1, 0x3F,
    0x64, 0xC4, 0xA6, 0x6F, 0xE7, 0x4C, 0xFB, 0xC4, 0x6D, 0x2E, 0x2C, 0xDD, 0x3B, 0x53, 0x3A, 0xAE,
    0xA4, 0x6A, 0xF2, 0xAA, 0xC8, 0x7B, 0x03, 0x81, 0x1A, 0xA7, 0x7E, 0xAD, 0x42, 0x55, 0x8B, 0x5F,
    0x0C, 0x13, 0xF0, 0xA7, 0x32, 0x3C, 0x5B, 0x67, 0xD1, 0x4C, 0x2A, 0x5A, 0xCA, 0x92, 0x5F, 0x3D,
    0xE0, 0x3D, 0x0A, 0x3E, 0xEB, 0x1E, 0xA4, 0xC7, 0xE8, 0x7E, 0x13, 0x97, 0xEE, 0x6C, 0xAB, 0x8F,
    0x7C, 0x8A, 0x39, 0x71, 0x16, 0x81, 0x18, 0x14, 0x77, 0x62, 0x2D, 0xF2, 0x03, 0x0C, 0xE4, 0x64,
    0x2A, 0x56, 0xD7, 0x2C, 0xB2, 0xBE, 0x8F, 0x0C, 0x44, 0x40, 0x17, 0x98, 0x99, 0xC2, 0x03, 0xAF,
    0xC8, 0x9E, 0x76, 0x8B, 0xA3, 0xE8, 0x81, 0xA0, 0x03, 0x9B, 0xB3, 0xF7, 0xD0, 0x72, 0x70, 0x1B,
    0x6C, 0x70, 0x53, 0x05, 0x7C, 0x51, 0xEB, 0x2F, 0x03, 0x9D, 0xC2, 0x35, 0x82, 0x17, 0xCE, 0xE3,
    0xFC, 0xAF, 0x18, 0xFD, 0x35, 0x32, 0xD7, 0x90, 0x2F, 0xB0, 0x94, 0xA2, 0xA6, 0x3E, 0x9E, 0x74,
    0xBA, 0x61, 0x52, 0x6B, 0x15, 0xA0, 0x96, 0xF5, 0x2C, 0xE6, 0xB9, 0x46, 0x9D, 0xC1, 0x98, 0xE1,
    0x77, 0xE9, 0xED, 0x43, 0xB1, 0x32, 0x02, 0xF6, 0xEA, 0xD0, 0x05, 0xA7, 0xFE, 0x8D, 0xAB, 0xAE,
    0x6B, 0xFC, 0xAA, 0xEA, 0x50, 0x8E, 0xD7, 0xD4, 0x2C, 0x59, 0x3B, 0xB4, 0xE3, 0x02, 0x0F, 0xD8,
    0x79, 0x8E, 0xC5, 0x7A, 0x40, 0x9D, 0x60, 0xF0, 0xC4, 0x29, 0x97, 0x02, 0xD7, 0x58, 0x0B, 0x01,
    0xCB, 0x97, 0xD5, 0x9C, 0xA1, 0xA5, 0x5F, 0x4C, 0xFC, 0xE3, 0xA4, 0xFA, 0xF4, 0x14, 0x83, 0x75,
    0x01, 0x70, 0xCE, 0xD8, 0x53, 0x3D, 0xE5, 0x7D, 0xEF, 0x5C, 0xB3, 0x73, 0x89, 0x77, 0xBB, 0x29,
    0x3E, 0x74, 0xAA, 0x46, 0x81, 0x30, 0xFE, 0x8C, 0x2A, 0x69, 0x83, 0x6B, 0xD4, 0xC5, 0xE9, 0x81,
    0x59, 0x97, 0x8B, 0xA9, 0x4C, 0xF0, 0x80, 0xDF, 0xD5, 0x56, 0x98, 0xAE, 0x53, 0xAD, 0x84, 0x7A,
    0x7C, 0x47, 0x2C, 0xDB, 0xDA, 0xED, 0xD7, 0x4A, 0x16, 0xBF, 0xAD, 0x23, 0x9F, 0xB3, 0x9F, 0x9D,
    0xEB, 0x2E, 0x63, 0xC2, 0xEB, 0xC8, 0x88, 0x4A, 0x58, 0xA1, 0x75, 0x7B, 0xFC, 0x92, 0xBC, 0xDD,
    0x94, 0x8C, 0xC7, 0x5F, 0xDF, 0xBE, 0x42, 0x29, 0xFF, 0x91, 0xCB, 0xD6, 0x14, 0x2E, 0xDB, 0x32,
    0x5C, 0x53, 0xD9, 0xC6, 0xF7, 0xC4, 0x96, 0x8E, 0x5F, 0x04, 0x57, 0x19, 0x7D, 0x38, 0xC2, 0xA4,
    0x5B, 0xAD, 0x9F, 0x22, 0xDD, 0xAC, 0xE7, 0x2A, 0xF9, 0xA8, 0x05, 0x6F, 0x7D, 0xF9, 0x94, 0x93,
    0x39, 0x46, 0x6E, 0xA9, 0xF0, 0x7D, 0xD0, 0x69, 0x3E, 0xD6, 0x10, 0xF1, 0x3F, 0x73, 0x56, 0xD8,
    0x25, 0x23, 0x8C, 0xE3, 0x83, 0x5C, 0xA7, 0xCF, 0x11, 0xF7, 0xBC, 0xC5, 0x69, 0xB5, 0xB5, 0x7C,
    0x6B, 0xD1, 0x5E, 0xDE, 0x1A, 0x9D, 0x62, 0xAB, 0x29, 0xAF, 0x89, 0x8E, 0xB3, 0x57, 0xB7, 0xE4,
    0xE4, 0x1B, 0xB6, 0xAD, 0xA0, 0x32, 0xA8, 0x84, 0xB9, 0xB0, 0x7B, 0x39, 0x41, 0xB0, 0xDE, 0x77,
    0xF5, 0x12, 0xC3, 0xF2, 0x01, 0xFF, 0x97, 0xAE, 0xE1, 0x87, 0x53, 0xA7, 0xF8, 0xEB, 0x5C, 0xF1,
    0xC9, 0x0A, 0xCF, 0x18, 0x2B, 0x16, 0x0E, 0x80, 0x97, 0x37, 0xC6, 0x0A, 0x28, 0xF6, 0xB5, 0xD0,
    0x3B, 0xAF, 0xBF, 0xD8, 0xD0, 0xAB, 0x4B, 0x99, 0x53, 0x0F, 0x3F, 0x3B, 0x56, 0xD8, 0x0D, 0x06,
    0x0F, 0xF4, 0x4A, 0x2A, 0x09, 0x6A, 0x1F, 0x52, 0xB8, 0x62, 0xCC, 0xE0, 0x0E, 0x1A, 0xF4, 0x39,
    0x4C, 0x50, 0x32, 0xD4, 0x71, 0xE6, 0x29, 0xE3, 0x53, 0xF8, 0xB1, 0x5F, 0xD0, 0x44, 0x41, 0xC9,
    0xAB, 0xDA, 0xA1, 0xAD, 0x7A, 0x87, 0xBA, 0x1A, 0x53, 0xCE, 0x6A, 0x0F, 0x56, 0xDB, 0x1B, 0xDB,
    0x13, 0x48, 0x87, 0xD1, 0x6E, 0x41, 0xD9, 0x02, 0xDA, 0x94, 0xAB, 0xC3, 0x6A, 0xC6, 0x68, 0x35,
    0x3A, 0xCE, 0xD7, 0xFB, 0x58, 0x6D, 0xFE, 0x60, 0x9E, 0xB0, 0xFB, 0x80, 0xED, 0x61, 0x3C, 0xC6,
    0xB3, 0xAD, 0x4E, 0x27, 0xDF, 0x1E, 0x96, 0x6A, 0x28, 0x96, 0x66, 0x2C, 0x96, 0x6E, 0x3C, 0x2C,
    0xCD, 0x90, 0x85, 0xD2, 0x6C, 0xBB, 0x5F, 0x42, 0xBF, 0x77, 0xEC, 0x79, 0x31, 0xFD, 0x52, 0x38,
    0x66, 0xFB, 0xDC, 0x6E, 0x37, 0xF1, 0x57, 0xFA, 0x2C, 0xB4, 0x11, 0x34, 0x87, 0xAF, 0xF8, 0x3B,
    0xEB, 0x97, 0xD7, 0xE4, 0xB4, 0xAE, 0x8E, 0x52, 0x93, 0xBA, 0x3D, 0xB8, 0x62, 0xA5, 0x63, 0x07,
    0xF2, 0xB8, 0xDB, 0x4F, 0x64, 0xA7, 0x40, 0x0C, 0xA8, 0xA4, 0x89, 0xB3, 0xA0, 0x5D, 0xC2, 0x40,
    0x35, 0x13, 0xEC, 0xF5, 0x60, 0x77, 0x91, 0xD1, 0xFC, 0xD2, 0x7C, 0x2B, 0x3D, 0xBD, 0x4E, 0x6E,
    0xFA, 0x97, 0x63, 0x9A, 0x37, 0x44, 0xE0, 0xD7, 0xD3, 0x13, 0x87, 0x98, 0xF8, 0x5E, 0xD2, 0xAD,
    0x20, 0x99, 0xEE, 0x71, 0xE4, 0x0A, 0xCB, 0x4D, 0x42, 0xFB, 0xA3, 0x59, 0x44, 0x51, 0x57, 0x93,
    0x08, 0x6F, 0x5B, 0x23, 0x6D, 0x31, 0x8D, 0xB8, 0xEB, 0x60, 0xC4, 0xD7, 0x8C, 0x3F, 0xED, 0x92,
    0x20, 0xC9, 0x3F, 0x48, 0xE2, 0x66, 0x74, 0x4E, 0xF1, 0x49, 0x43, 0x71, 0xA7, 0xE3, 0x0D, 0xBE,
    0x90, 0xC5, 0xEF, 0x30, 0x71, 0xD6, 0x21, 0x51, 0x0C, 0x91, 0x68, 0x7A, 0x23, 0x6C, 0xB7, 0xC4,
    0xE6, 0x22, 0xAE, 0xA0, 0x15, 0x47, 0x78, 0xDA, 0xC9, 0xE8, 0xF2, 0x71, 0x39, 0x8E, 0xD6, 0x95,
    0xA5, 0x6A, 0x84, 0x6C, 0x2B, 0xB5, 0xBC, 0x1C, 0x71, 0xAA, 0xD5, 0x04, 0x71, 0x7F, 0xC4, 0xD2,
    0x93, 0xAE, 0xEE, 0x6E, 0xB6, 0x1C, 0xEF, 0x3E, 0xC0, 0xF9, 0x3D, 0x77, 0x80, 0x8E, 0x3A, 0xE2,
    0x51, 0xFD, 0x74, 0x82, 0xE3, 0x00, 0x36, 0xFB, 0xD5, 0x1C, 0x37, 0xCE, 0xC0, 0x73, 0x15, 0xB1,
    0xDC, 0xD0, 0x75, 0x53, 0xA5, 0x47, 0xAC, 0x30, 0xEA, 0x9E, 0xC5, 0x9B, 0x2A, 0xB1, 0x6A, 0x39,
    0x14, 0x2B, 0xCF, 0xC9, 0xA5, 0x06, 0x8B, 0xB8, 0x82, 0xB0, 0x67, 0x9A, 0xAF, 0xCE, 0xCD, 0xF8,
    0x82, 0xC9, 0x3D, 0x9A, 0x5F, 0x1A, 0xF8, 0x1E, 0x53, 0x0E, 0x7E, 0x68, 0x0B, 0x99, 0x9C, 0xF0,
    0x66, 0x2E, 0xA5, 0x3E, 0xE3, 0x2A, 0x46, 0x32, 0xEE, 0xE9, 0x34, 0xE6, 0xD2, 0x2F, 0x5F, 0xC5,
    0xF8, 0xD3, 0x55, 0x0C, 0x6F, 0xF1, 0xFF, 0x97, 0x9D, 0x53, 0xD9, 0x3F, 0xB1, 0x5C, 0xBA, 0xEE,
    0x03, 0xF5, 0x3F, 0x70, 0xA7, 0xC7, 0x2F, 0x74, 0x11, 0x2A, 0x03, 0xEF, 0x43, 0x78, 0x63, 0x23,
    0x65, 0xD8, 0x9F, 0xC4, 0x4B, 0x96, 0xDB, 0xDF, 0x42, 0xFE, 0x9B, 0xB2, 0xF4, 0xF6, 0x2E, 0x65,
    0x60, 0xBA, 0x43, 0xEB, 0x9C, 0xD6, 0x1D, 0xAE, 0xFB, 0x4C, 0xD1, 0x6B, 0x77, 0xFC, 0xED, 0x1F,
    0x4F, 0x8F, 0x5F, 0xBA, 0xA5, 0xCA, 0x2F, 0x56, 0xDB, 0xAF, 0xFD, 0x5B, 0x15, 0x21, 0x71, 0x5B,
    0xF5, 0xBB, 0x3B, 0x0B, 0x1E, 0x20, 0x16, 0x57, 0xC1, 0x49, 0xB0, 0x15, 0x74, 0x96, 0xE5, 0xA5,
    0x4C, 0xAE, 0x0B, 0x07, 0x52, 0xD5, 0x4A, 0xF9, 0x14, 0x4D, 0x70, 0xFF, 0x14, 0x52, 0x72, 0x0E,
    0x15, 0x77, 0xD6, 0x59, 0xB8, 0xB8, 0x3A, 0x4B, 0x48, 0x69, 0x68, 0xBC, 0x41, 0x6D, 0x54, 0x22,
    0xA9, 0x74, 0x31, 0x0A, 0x6A, 0x41, 0xFD, 0x2A, 0x6A, 0x8A, 0x14, 0x8D, 0x16, 0xA9, 0x62, 0x10,
    0x67, 0x15, 0x9C, 0xEF, 0x95, 0xDD, 0x3B, 0xB8, 0xAA, 0x16, 0x05, 0xB8, 0x87, 0x8E, 0x54, 0xF6,
    0x53, 0xB8, 0x45, 0x54, 0xFE, 0x5F, 0xF1, 0xEA, 0x44, 0x0A, 0xC5, 0x77, 0xF1, 0xF5, 0x20, 0xAA,
    0xCA, 0xF1, 0x7A, 0x2F, 0xEA, 0xED, 0x1C, 0x17, 0xB5, 0x28, 0x3D, 0x8C, 0x29, 0x2A, 0x64, 0xB0,
    0xFD, 0x0E, 0xD3, 0x66, 0x10, 0x25, 0x63, 0x88, 0xD2, 0x58, 0x2C, 0x6A, 0x55, 0xE4, 0xAB, 0x33,
    0xF2, 0xDC, 0x99, 0x77, 0xB6, 0x2C, 0x0C, 0x0D, 0x88, 0xFD, 0x94, 0xA1, 0xBE, 0xC6, 0xF9, 0x94,
    0xA0, 0x3D, 0xAC, 0xDC, 0x74, 0xA0, 0xCF, 0x77, 0x7C, 0x18, 0x5D, 0xD7, 0x67, 0x1B, 0x85, 0x21,
    0xA6, 0x28, 0xCD, 0x70, 0x8D, 0xCB, 0x9A, 0x18, 0xAE, 0x62, 0xC0, 0x16, 0x70, 0x8F, 0x78, 0xC7,
    0xB6, 0x84, 0x5B, 0x88, 0x3B, 0xE8, 0x0B, 0xA8, 0x7F, 0xFA, 0x97, 0xC8, 0x99, 0xE6, 0x7F, 0xFC,
    0x3D, 0xD0, 0x2A, 0x15, 0x5E, 0x41, 0x13, 0x6F, 0xCA, 0x5B, 0x81, 0x4B, 0xCC, 0xD9, 0xB8, 0x04,
    0x23, 0xEE, 0x13, 0x18, 0xEF, 0x80, 0x90, 0x04, 0x7D, 0xA1, 0xD1, 0x73, 0xC5, 0xF1, 0x19, 0x9C,
    0xF3, 0x66, 0x3D, 0xB7, 0x39, 0x44, 0xF7, 0x42, 0xED, 0x31, 0xA0, 0xA1, 0x9B, 0xFC, 0x35, 0x6A,
    0x11, 0x8A, 0xDE, 0x79, 0xCE, 0x12, 0xED, 0xCD, 0x2F, 0x39, 0xD6, 0xEE, 0x0B, 0xBE, 0x99, 0xDB,
    0xAC, 0x44, 0xAD, 0xC7, 0xFE, 0x94, 0x12, 0x51, 0x2D, 0x13, 0x1A, 0xE2, 0x2B, 0xBF, 0x91, 0x8A,
    0x06, 0x95, 0xE3, 0x6C, 0x72, 0x88, 0x6E, 0x71, 0x0E, 0xEB, 0xFD, 0xE3, 0x93, 0x5B, 0xAD, 0x90,
    0x0D, 0x74, 0xF1, 0xCB, 0x3E, 0x23, 0x50, 0xB3, 0xB4, 0xFD, 0x19, 0x24, 0x1C, 0xFE, 0xE2, 0x35,
    0xE2, 0x04, 0x6B, 0x6A, 0x78, 0x16, 0x4E, 0x11, 0x84, 0x33, 0x8C, 0xFB, 0x94, 0xFD, 0x2E, 0x25,
    0x6C, 0x29, 0xA4, 0x35, 0x53, 0xC0, 0x68, 0xB1, 0x84, 0x49, 0xD1, 0xA4, 0xF9, 0xDE, 0x30, 0x19,
    0xB3, 0xC9, 0xD6, 0xB0, 0x3C, 0x94, 0x53, 0xB5, 0xFC, 0xB3, 0x0B, 0xD5, 0xAC, 0x27, 0xB3, 0x06,
    0xF6, 0x26, 0x00, 0xDF, 0x89, 0x8F, 0xD6, 0x78, 0xD5, 0xFA, 0xDF, 0xC4, 0x18, 0x1F, 0x37, 0xCF,
    0xA5, 0x6D, 0x3D, 0xFE, 0xDA, 0xAC, 0xF7, 0xC9, 0x4A, 0x37, 0xB3, 0x20, 0x8B, 0xBB, 0x2E, 0x28,
    0xD0, 0x48, 0x5A, 0xF8, 0x38, 0xB4, 0x52, 0x30, 0x4F, 0xBB, 0xDA, 0x0A, 0x2C, 0xF6, 0x15, 0x76,
    0xD7, 0x45, 0xA4, 0xA5, 0x06, 0x91, 0x99, 0x3D, 0xE9, 0x6F, 0xA4, 0x0E, 0xBE, 0x9F, 0xEF, 0xE4,
    0x01, 0xE7, 0x17, 0x38, 0x3F, 0x8F, 0xEB, 0x43, 0x5A, 0xC5, 0x48, 0xE9, 0x5B, 0xE4, 0x16, 0x49,
    0x19, 0x23, 0x92, 0xB6, 0x2D, 0x34, 0xB2, 0xBA, 0x49, 0xCA, 0x76, 0xAE, 0x76, 0xAE, 0x99, 0xB5,
    0x7F, 0x49, 0x28, 0xC4, 0x44, 0x2D, 0x2B, 0x91, 0x60, 0xA2, 0x21, 0x5C, 0xD3, 0x3A, 0x7D, 0xDD,
    0xA1, 0x91, 0xEC, 0x9D, 0x5C, 0x4A, 0x6A, 0x31, 0xA6, 0xF4, 0x05, 0x15, 0x8F, 0x89, 0x14, 0x0D,
    0x4B, 0x7E, 0x87, 0x97, 0xA8, 0x80, 0xA7, 0x71, 0xD4, 0xED, 0x59, 0xD1, 0x18, 0x05, 0x25, 0xC7,
    0xDD, 0xC3, 0xE6, 0x3C, 0xAD, 0x59, 0x2C, 0xAE, 0xA8, 0xED, 0x0E, 0xBC, 0x7C, 0xAC, 0x9A, 0x85,
    0xCD, 0x67, 0x73, 0xE1, 0x9E, 0x02, 0xE3, 0xE9, 0x79, 0x4D, 0xB9, 0xA8, 0xB9, 0x1D, 0xAF, 0x86,
    0xB5, 0x49, 0x76, 0x69, 0x2C, 0xF8, 0x05, 0x41, 0xB9, 0xB9, 0x0F, 0xF5, 0x02, 0xD0, 0x26, 0x39,
    0x05, 0x82, 0x0A, 0x7C, 0x49, 0x46, 0xED, 0xB3, 0xA6, 0x95, 0x88, 0x9B, 0xCD, 0x30, 0x20, 0x94,
    0xFC, 0xC4, 0x70, 0xF6, 0x29, 0xB1, 0x1E, 0xF3, 0xD0, 0xE7, 0xFC, 0xEF, 0xC4, 0x4D, 0x6D, 0x66,
    0xF8, 0x51, 0xDC, 0x82, 0x2F, 0x86, 0xD3, 0xAB, 0x37, 0x30, 0x98, 0xB5, 0x84, 0x0B, 0xC0, 0x16,
    0xA1, 0xAF, 0x4F, 0x16, 0xBE, 0x3E, 0x74, 0xC4, 0xAB, 0xE1, 0x64, 0x2E, 0x43, 0x33, 0xE9, 0xEE,
    0xDE, 0x48, 0xC9, 0x0F, 0x43, 0x35, 0x10, 0xFB, 0xBE, 0xE9, 0xD5, 0x94, 0xBB, 0x4E, 0xF8, 0x43,
    0x96, 0xCB, 0xD5, 0x25, 0x2B, 0xF1, 0xC6, 0x67, 0x0D, 0xF0, 0x4A, 0x87, 0xCB, 0x0E, 0x1F, 0x21,
    0x03, 0x02, 0xF0, 0x0E, 0x72, 0x44, 0xD5, 0x98, 0xD9, 0x21, 0x54, 0x19, 0xEA, 0xC4, 0x7B, 0xF2,
    0x97, 0x56, 0x0B, 0x7E, 0x64, 0x4E, 0xF4, 0x91, 0x50, 0x51, 0x8B, 0xCF, 0xCA, 0x32, 0x40, 0x63,
    0x27, 0x81, 0x50, 0xFA, 0xE9, 0x46, 0xDE, 0xF2, 0xEF, 0xAF, 0x64, 0xA9, 0xF8, 0xCE, 0x42, 0x4E,
    0xCA, 0x7C, 0xA1, 0xA9, 0xEE, 0x1E, 0xD8, 0x30, 0xBA, 0xA5, 0x20, 0x4A, 0xE7, 0x62, 0xF2, 0x70,
    0x77, 0xD6, 0x22, 0x34, 0xB8, 0xAC, 0x36, 0xFF, 0xBF, 0x80, 0x50, 0x6D, 0xE5, 0x8F, 0x28, 0xBB,
    0x8F, 0x49, 0xA4, 0x56, 0xEC, 0x04, 0x1B, 0x13, 0x2D, 0x76, 0xB4, 0xF5, 0x96, 0xAF, 0x1D, 0x8B,
    0xA8, 0x74, 0xF3, 0x50, 0x24, 0x48, 0x2E, 0x62, 0x8E, 0xAC, 0xA5, 0x13, 0xC9, 0x84, 0x20, 0x0B,
    0x71, 0x08, 0x65, 0x59, 0xEE, 0xC8, 0x28, 0x49, 0xDF, 0x92, 0x94, 0x55, 0x2A, 0xD7, 0x88, 0x7C,
    0xF7, 0xFC, 0xFC, 0xC3, 0xF3, 0x8E, 0x22, 0xC0, 0x0E, 0x6A, 0x78, 0x27, 0xF5, 0x1C, 0xDE, 0x9F,
    0x6D, 0x95, 0x1A, 0x32, 0x0A, 0xB8, 0x96, 0x8B, 0xF9, 0x45, 0xF9, 0xF5, 0xC5, 0xC7, 0xF1, 0xE8,
    0xE1, 0x41, 0x64, 0xB9, 0x48, 0xD8, 0x42, 0x09, 0x4D, 0x02, 0x17, 0x56, 0x00, 0xB3, 0xE0, 0x49,
    0xD2, 0xC5, 0x0E, 0x83, 0x0F, 0x07, 0x48, 0x08, 0xDF, 0x97, 0x21, 0x3E, 0x10, 0x5B, 0xB5, 0xD5,
    0x78, 0xE0, 0x73, 0xDF, 0x57, 0xBF, 0x8D, 0xA1, 0x1A, 0x1E, 0xE0, 0x71, 0x07, 0x7C, 0x13, 0xA1,
    0xE9, 0xED, 0x81, 0xDF, 0xD7, 0x31, 0x76, 0x3D, 0x30, 0x2B, 0x76, 0x34, 0x90, 0x21, 0xD8, 0x18,
    0xFD, 0x12, 0x89, 0x6E, 0x8B, 0x0A, 0x00, 0x6C, 0x42, 0xCA, 0x7E, 0x02, 0x13, 0x3E, 0xA7, 0x47,
    0x52, 0xF4, 0x82, 0x2E, 0xC9, 0xE4, 0x51, 0x12, 0x50, 0x03, 0x6F, 0xA7, 0x22, 0x4E, 0xA2, 0x88,
    0xD1, 0x0C, 0x97, 0xFF, 0x78, 0x41, 0x50, 0x83, 0xF1, 0xDD, 0xA5, 0x13, 0xE1, 0xBF, 0x31, 0x37,
    0x13, 0xA5, 0xBE, 0x5B, 0x68, 0xAD, 0xB8, 0xB8, 0x0F, 0x8A, 0xA0, 0xAE, 0x23, 0x99, 0x3D, 0x89,
    0x6A, 0xCE, 0x42, 0x19, 0xF4, 0xDC, 0xA6, 0x9F, 0xCB, 0xB1, 0xE1, 0xC3, 0x4B, 0xDD, 0x52, 0x7D,
    0x1F, 0x18, 0x9A, 0x70, 0x4D, 0x7C, 0xE7, 0xC6, 0x17, 0xE4, 0xC2, 0x91, 0x18, 0xA3, 0xFE, 0x9B,
    0x3E, 0x5A, 0xAA, 0x71, 0xC6, 0xBE, 0xDA, 0x53, 0x3D, 0x18, 0x18, 0x48, 0x94, 0x73, 0xFC, 0x6A,
    0x7A, 0xB1, 0xA8, 0xDC, 0xEB, 0xE9, 0x8E, 0x35, 0xE6, 0xBE, 0xD7, 0x26, 0x11, 0x0E, 0x1F, 0x0F,
    0xC2, 0x09, 0xD0, 0x46, 0x1C, 0xCB, 0xBA, 0xA5, 0x07, 0xAA, 0xAB, 0x0A, 0xD1, 0x55, 0xAA, 0xD0,
    0x98, 0x77, 0x34, 0xA1, 0x32, 0x87, 0xE8, 0x46, 0x12, 0x39, 0x1C, 0x86, 0x72, 0x92, 0x81, 0xB9,
    0xBE, 0x93, 0x4D, 0xD1, 0x7B, 0x0E, 0x5C, 0x2C, 0xE7, 0x54, 0x3D, 0x42, 0xAA, 0x7B, 0xE8, 0x9A,
    0xAD, 0x6A, 0xF6, 0x60, 0x68, 0xEF, 0xE3, 0x07, 0x07, 0xDC, 0xEB, 0x36, 0x07, 0x76, 0x13, 0x01,
    0x8F, 0xB5, 0xAE, 0xE8, 0xC6, 0x78, 0xF5, 0x10, 0xB1, 0x5E, 0x4B, 0x5E, 0x35, 0x49, 0x88, 0x29,
    0x7D, 0x36, 0xB1, 0xAD, 0x89, 0x6C, 0x42, 0x25, 0xFE, 0xCB, 0x2B, 0x93, 0xB0, 0xC0, 0x64, 0x3B,
    0x10, 0x93, 0x0B, 0x31, 0xEC, 0xF0, 0xEF, 0x40, 0x66, 0x72, 0xE4, 0x28, 0xE4, 0x90, 0x87, 0xED,
    0xB0, 0xD8, 0xA3, 0x3A, 0xF9, 0x4A, 0x6E, 0x8B, 0x25, 0xDF, 0xE8, 0x66, 0x7E, 0xC9, 0xE0, 0x28,
    0x15, 0x71, 0x8E, 0xB6, 0x59, 0x99, 0x40, 0xB7, 0x0C, 0xF8, 0x08, 0x53, 0xF5, 0xF8, 0x1A, 0xB7,
    0x65, 0xB0, 0x00, 0xEC, 0x00, 0x60, 0x55, 0x04, 0x1A, 0xBD, 0x58, 0x08, 0x76, 0x4F, 0xCF, 0xCF,
    0xDF, 0x9C, 0x2D, 0x06, 0x2B, 0x2A, 0x67, 0xB4, 0x20, 0x24, 0x03, 0x64, 0x56, 0x01, 0xBB, 0xDA,
    0xA4, 0x6F, 0x46, 0x75, 0xE9, 0x1C, 0xE3, 0x30, 0x45, 0x7B, 0x38, 0x06, 0x22, 0x55, 0x6A, 0x43,
    0x28, 0xE5, 0x1C, 0x3F, 0xFC, 0xBC, 0xE7, 0xAC, 0x9E, 0x2E, 0x2E, 0xFA, 0xC2, 0xF9, 0x03, 0xC9,
    0x9B, 0x23, 0x1E, 0xC3, 0x1E, 0x8D, 0x98, 0x62, 0x38, 0xE2, 0x1B, 0x5B, 0x79, 0x8C, 0xC7, 0xE5,
    0xB0, 0x9A, 0xFC, 0x0C, 0x34, 0xBE, 0x32, 0xB6, 0x9A, 0x20, 0xF9, 0xAD, 0xB2, 0x0E, 0x5E, 0x74,
    0xA5, 0xE9, 0xAB, 0x9C, 0xB3, 0x18, 0x94, 0xA8, 0xAB, 0x29, 0x8B, 0x51, 0x09, 0x57, 0x05, 0xD2,
    0x5D, 0xB0, 0x87, 0xB7, 0xD2, 0x18, 0x97, 0xB3, 0xEB, 0x58, 0x80, 0x14, 0x98, 0xE1, 0x0C, 0x4F,
    0x93, 0x18, 0x99, 0x7D, 0x09, 0x38, 0xAC, 0x00, 0x1E, 0x68, 0xA7, 0xE8, 0xCA, 0xC5, 0x63, 0x22,
    0x05, 0xFE, 0x2D, 0x44, 0x4A, 0xB5, 0x6D, 0x3D, 0x3F, 0xD7, 0xEA, 0x98, 0x4C, 0xA6, 0xE2, 0xC7,
    0xE5, 0xEA, 0x6A, 0x13, 0x8B, 0xC4, 0xB2, 0x37, 0x95, 0x60, 0x40, 0x5C, 0x68, 0x74, 0x9F, 0x2E,
    0xC7, 0x2C, 0x65, 0xFA, 0xD4, 0xB1, 0xED, 0x6A, 0x19, 0x58, 0xED, 0xEE, 0xE3, 0xF5, 0xB5, 0xD1,
    0x40, 0xC3, 0x87, 0xB2, 0xCA, 0x49, 0x15, 0x7D, 0xF6, 0x8B, 0x9F, 0xD5, 0xB9, 0x84, 0x72, 0x2E,
    0x14, 0xAA, 0xDD, 0x48, 0xCD, 0x68, 0x90, 0xEF, 0xE9, 0x17, 0x9A, 0x20, 0xDB, 0x66, 0x2A, 0x14,
    0xAD, 0x48, 0xB0, 0x1E, 0x70, 0x8F, 0xE1, 0x7A, 0x00, 0x32, 0x8C, 0x4D, 0xC0, 0x65, 0x01, 0xB8,
    0x8E, 0x4F, 0xD8, 0xB2, 0xE4, 0x73, 0xB2, 0x62, 0x52, 0x0C, 0x5C, 0x86, 0x64, 0x9A, 0xC5, 0xEC,
    0x0E, 0xDD, 0x19, 0x26, 0x92, 0xB6, 0x85, 0xFE, 0x16, 0x4C, 0x75, 0x1A, 0xA4, 0x39, 0x93, 0x04,
    0x72, 0x51, 0x4A, 0xEA, 0xC3, 0x40, 0xE8, 0xCC, 0x34, 0x52, 0x7E, 0x4C, 0xE3, 0x26, 0xEE, 0x39,
    0xF3, 0xD7, 0xFF, 0x6E, 0xEF, 0xFB, 0x81, 0xED, 0x36, 0xAF, 0xFC, 0x80, 0x7B, 0xFD, 0x1E, 0xE2,
    0xC5, 0x7A, 0xA1, 0xC9, 0xD0, 0xBB, 0x9B, 0x30, 0x63, 0xA8, 0x70, 0x66, 0x3C, 0x49, 0x24, 0xB4,
    0x29, 0x48, 0x7E, 0x90, 0x55, 0xB8, 0x70, 0x61, 0x16, 0x26, 0x55, 0xB0, 0x60, 0xCA, 0xCC, 0x4E,
    0x32, 0xAF, 0xD9, 0x62, 0x0B, 0x92, 0x80, 0xAD, 0xC9, 0xA4, 0x70, 0x61, 0x36, 0x5A, 0x15, 0x5B,
    0xD8, 0x4D, 0x8A, 0x4D, 0x0A, 0x6F, 0xE1, 0x42, 0xC5, 0x13, 0x01, 0xCA, 0x33, 0x49, 0xE1, 0x42,
    0xD0, 0x66, 0x14, 0x76, 0x59, 0x24, 0x31, 0xD7, 0xC9, 0xA4, 0x20, 0x66, 0x0D, 0x5A, 0x78, 0x12,
    0x2E, 0x4E, 0x78, 0x7E, 0xBF, 0xEF, 0xDC, 0x8B, 0x87, 0xF7, 0x78, 0x2D, 0xC6, 0xD4, 0x5A, 0x92,
    0x0D, 0x5B, 0xDF, 0x39, 0x22, 0xA9, 0x47, 0xE0, 0xFB, 0x7B, 0xBE, 0x73, 0x7E, 0xE7, 0x77, 0x56,
    0xC2, 0xE9, 0xC2, 0xE9, 0x7E, 0x34, 0x19, 0xFE, 0x98, 0x7F, 0xC6, 0x5C, 0x99, 0x4F, 0x73, 0x6E,
    0x12, 0xA2, 0x9C, 0x0A, 0x28, 0x52, 0x46, 0x0F, 0xCF, 0x8C, 0x09, 0x35, 0x3F, 0xD9, 0xE5, 0xE6,
    0x14, 0xA5, 0x6F, 0x8F, 0xDA, 0xC0, 0x35, 0x17, 0x3D, 0x0D, 0xCC, 0x18, 0x44, 0x68, 0x83, 0x2F,
    0x07, 0xEB, 0x8E, 0x71, 0x5E, 0x3D, 0x4B, 0x90, 0x04, 0xBF, 0xE1, 0x30, 0xDC, 0x7C, 0x88, 0xA3,
    0x69, 0x7B, 0x4E, 0x26, 0x24, 0x39, 0x3C, 0x39, 0xD2, 0xB9, 0xD6, 0xEA, 0x4C, 0xAC, 0x6A, 0xF8,
    0xDE, 0x11, 0xE8, 0x4D, 0xF3, 0xF9, 0x2D, 0x2A, 0x1B, 0xD4, 0xCC, 0xE6, 0x4C, 0x66, 0xF2, 0x91,
    0xE4, 0xBB, 0x0F, 0xA2, 0x3F, 0xC9, 0xF5, 0xCB, 0xB6, 0xD8, 0xD1, 0x16, 0x1E, 0xC1, 0x78, 0xE4,
    0xC1, 0xF4, 0xA1, 0xBE, 0x07, 0x33, 0xEC, 0xF8, 0x2D, 0x39, 0xDB, 0xB0, 0x52, 0xD7, 0x11, 0x91,
    0x45, 0x9C, 0x1F, 0xE0, 0xE4, 0xB8, 0x10, 0xFC, 0x81, 0x1E, 0xD8, 0xB5, 0x88, 0xBC, 0x2A, 0x93,
    0x9A, 0x02, 0x3A, 0xC6, 0x9B, 0x54, 0xEA, 0x9B, 0xF2, 0x30, 0x92, 0x9F, 0x2D, 0x43, 0x7E, 0x93,
    0x85, 0xFC, 0x36, 0x68, 0x11, 0x71, 0x8A, 0x71, 0xD3, 0xDC, 0x61, 0x21, 0xA0, 0xD0, 0x8A, 0x4A,
    0xD1, 0x16, 0x1D, 0x94, 0x1E, 0xAB, 0x87, 0x41, 0x8C, 0x26, 0x48, 0x54, 0x59, 0x31, 0xF7, 0xB8,
    0xC2, 0x91, 0x17, 0xC9, 0x5D, 0x69, 0x8B, 0xD1, 0x98, 0x41, 0x5A, 0x0C, 0x98, 0xE5, 0xCD, 0x1D,
    0x32, 0x7F, 0x88, 0xD3, 0x7E, 0xA9, 0xE4, 0x54, 0x22, 0xA1, 0xC4, 0x2E, 0x30, 0xCF, 0x3A, 0x32,
    0x64, 0xBE, 0x29, 0x7C, 0xFE, 0x35, 0xC5, 0x38, 0x17, 0x21, 0xC5, 0x6A, 0x98, 0x05, 0x07, 0x4D,
    0xF0, 0xB0, 0xD1, 0x85, 0x89, 0x44, 0xF3, 0xEE, 0x6D, 0xB5, 0x37, 0x92, 0xFF, 0x29, 0xB9, 0xA2,
    0x91, 0xFF, 0xAB, 0xD4, 0xFF, 0x50, 0x9A, 0xEC, 0x3D, 0x5C, 0xD4, 0x5D, 0x9D, 0x01, 0x5E, 0x50,
    0xC7, 0xAD, 0x5E, 0x7C, 0xEA, 0x75, 0xAB, 0x27, 0x48, 0xB9, 0x6E, 0x23, 0xC9, 0x25, 0x37, 0xD1,
    0xC4, 0x12, 0x4A, 0xB0, 0xAE, 0x13, 0x15, 0x51, 0x9D, 0x4C, 0xAB, 0x29, 0x88, 0xCB, 0x64, 0xD2,
    0xBB, 0x5F, 0x00, 0x6C, 0xE5, 0xCB, 0xCA, 0x60, 0x38, 0x06, 0xB7, 0x9E, 0x88, 0x6F, 0x8E, 0x2B,
    0xBD, 0x32, 0x3C, 0x1A, 0x8F, 0xD4, 0x2B, 0x6B, 0x0C, 0x4A, 0x32, 0x30, 0x03, 0x37, 0xF7, 0xE7,
    0xE1, 0x4C, 0x14, 0x14, 0x55, 0x0B, 0x21, 0x5E, 0x34, 0x33, 0xEC, 0xC5, 0x8A, 0xC2, 0x6E, 0x0C,
    0x61, 0x35, 0x4F, 0x0F, 0x97, 0x87, 0x47, 0xD8, 0x4F, 0xD0, 0xCD, 0xE9, 0x80, 0xD9, 0x58, 0x74,
    0xD8, 0xCB, 0x79, 0x3F, 0x21, 0xCC, 0xAD, 0x47, 0x9F, 0x17, 0x43, 0x42, 0x91, 0x4E, 0x95, 0x32,
    0x0F, 0x66, 0xF0, 0xE9, 0x0D, 0x8E, 0xBB, 0x72, 0xB1, 0x09, 0x21, 0x86, 0x20, 0xFE, 0x50, 0xBA,
    0x8A, 0xE8, 0xF1, 0x0A, 0xF6, 0x5C, 0x43, 0x51, 0xEB, 0x2F, 0x12, 0xD6, 0xEC, 0xB1, 0xD8, 0xDE,
    0xFF, 0x46, 0x00, 0x16, 0x5E, 0x1F, 0xF1, 0x67, 0x85, 0x60, 0x3D, 0x06, 0xD0, 0x84, 0x39, 0xED,
    0xF4, 0x6E, 0x5A, 0x6A, 0x3B, 0xAC, 0x57, 0xC5, 0x8C, 0x8C, 0xFA, 0xDD, 0x40, 0x85, 0xEA, 0x72,
    0x8B, 0x3C, 0xE4, 0x1B, 0xB7, 0xCF, 0x8D, 0xB6, 0xD9, 0xB4, 0x89, 0xA4, 0xE4, 0x3D, 0x52, 0x81,
    0xBD, 0x6A, 0x8D, 0x1C, 0xFE, 0x60, 0x0E, 0xA5, 0x36, 0xC0, 0x94, 0xEB, 0xF1, 0x7F, 0x9C, 0xD5,
    0xD9, 0x88, 0xE9, 0x2A, 0x37, 0x26, 0xDB, 0x87, 0x78, 0x0F, 0x28, 0xD4, 0x7C, 0x38, 0xDC, 0xE8,
    0x9E, 0x52, 0xEA, 0x1E, 0x90, 0xCA, 0x63, 0xEC, 0x02, 0x60, 0xD8, 0x14, 0x61, 0xDA, 0xED, 0xE6,
    0x2B, 0x90, 0xB1, 0x67, 0x67, 0x4C, 0x6A, 0xCA, 0x2C, 0xF7, 0xD8, 0x7A, 0x3F, 0x48, 0x6F, 0x43,
    0x76, 0xC1, 0x48, 0xB9, 0xEA, 0x29, 0xD7, 0xDE, 0xCD, 0x19, 0xD7, 0x90, 0x7D, 0xC2, 0xB5, 0xDD,
    0xBB, 0x80, 0xF2, 0x0A, 0xA4, 0x1B, 0x8E, 0xBD, 0x1C, 0x28, 0x3F, 0xF4, 0xBE, 0xE8, 0x8F, 0x5A,
    0x4A, 0x3F, 0xD2, 0xA9, 0xE4, 0x5E, 0x1A, 0x78, 0xC5, 0xCB, 0xD1, 0xCB, 0x1E, 0xC2, 0x21, 0x8C,
    0x91, 0x3B, 0x1A, 0x86, 0x17, 0xF1, 0xED, 0x48, 0xD1, 0xCF, 0xBE, 0x9B, 0xEB, 0x14, 0xBA, 0xC2,
    0x99, 0x34, 0x62, 0x5E, 0x85, 0xBD, 0x8A, 0x76, 0xDD, 0x41, 0x44, 0x0D, 0x5E, 0x37, 0xA9, 0x31,
    0x11, 0xD3, 0x1C, 0xC2, 0x71, 0xF3, 0xBA, 0x4D, 0x31, 0x52, 0x90, 0x5E, 0x8A, 0x2F, 0x9A, 0xF9,
    0xB4, 0x53, 0xA9, 0xCF, 0xE4, 0x8A, 0xD8, 0x3B, 0xC6, 0x9B, 0xB4, 0xE7, 0xA4, 0x8D, 0xF9, 0xB2,
    0xF2, 0xEA, 0x04, 0xE9, 0x6A, 0xFF, 0xE7, 0x5A, 0xEE, 0x7B, 0xEB, 0x2E, 0x6E, 0x82, 0xA7, 0x3C,
    0x9F, 0xD3, 0x21, 0xE3, 0xE2, 0xE7, 0x85, 0x6C, 0x70, 0x60, 0x1F, 0x1A, 0x13, 0x9C, 0x12, 0x53,
    0x34, 0xF2, 0x14, 0xE0, 0x21, 0x5B, 0xBB, 0xE0, 0xCC, 0xF3, 0xE9, 0x1C, 0x71, 0xEE, 0x4B, 0xC3,
    0xE9, 0x71, 0xB3, 0x20, 0xD1, 0xFB, 0xC6, 0x86, 0xCA, 0x73, 0x88, 0x2A, 0x53, 0x7B, 0xA8, 0xD2,
    0xD9, 0xCD, 0x8E, 0xE3, 0x65, 0xE6, 0xBB, 0xA2, 0xD7, 0x2A, 0x46, 0xB3, 0x7E, 0x02, 0xCF, 0x38,
    0xD3, 0x66, 0xEF, 0x57, 0x83, 0x0E, 0x11, 0xED, 0x2B, 0xE4, 0x4E, 0x64, 0x13, 0xF4, 0x4C, 0x3D,
    0xC3, 0x3E, 0xF3, 0x2A, 0x1D, 0x83, 0xA8, 0x73, 0x23, 0x75, 0xF5, 0xD7, 0x15, 0x30, 0xB0, 0x6B,
    0x18, 0x30, 0xCC, 0xEC, 0x29, 0xF5, 0x52, 0x64, 0xBB, 0x99, 0xA2, 0xD3, 0x4A, 0xD5, 0x09, 0x94,
    0x71, 0xB0, 0x8F, 0x53, 0xDD, 0x86, 0x82, 0x3B, 0xD0, 0x01, 0x45, 0xCD, 0x2D, 0x01, 0xEF, 0x89,
    0xFE, 0x1D, 0x6C, 0x35, 0xA4, 0x69, 0x7C, 0x1D, 0x6E, 0x69, 0xDC, 0x76, 0xE4, 0xA7, 0x75, 0xC0,
    0x8D, 0x2B, 0x08, 0xE4, 0x6F, 0x72, 0x7F, 0xF2, 0xF2, 0x36, 0xA7, 0xE9, 0x3E, 0x18, 0x88, 0x91,
    0xDD, 0x63, 0x77, 0x61, 0x4B, 0xF8, 0x31, 0xB6, 0x51, 0xB3, 0x71, 0xEC, 0xA9, 0xBC, 0x34, 0x82,
    0xF4, 0x05, 0x15, 0x29, 0x06, 0xA7, 0xA5, 0x34, 0x07, 0x30, 0x9F, 0x37, 0xB0, 0xFD, 0x5A, 0x9C,
    0xAE, 0xA5, 0xC6, 0xD8, 0x28, 0x9F, 0x23, 0xCD, 0xC9, 0xC1, 0x0F, 0x8D, 0x81, 0xA6, 0xC9, 0x23,
    0x50, 0x6A, 0x55, 0xDD, 0x45, 0x84, 0xB4, 0x60, 0x6E, 0x03, 0x21, 0x9B, 0x03, 0x09, 0x81, 0x04,
    0x84, 0x1C, 0x9F, 0xA4, 0x73, 0xAB, 0x20, 0x31, 0x08, 0x8E, 0x1B, 0x3A, 0x01, 0xB9, 0xC6, 0xDC,
    0xE8, 0xD5, 0x91, 0xAA, 0x76, 0x92, 0x46, 0x96, 0x90, 0x62, 0xD2, 0xAD, 0xBA, 0xA0, 0xE8, 0x69,
    0x99, 0xAF, 0xDB, 0xED, 0xD6, 0x1D, 0xD7, 0x06, 0xC3, 0x1C, 0x52, 0xD0, 0x19, 0x6B, 0x08, 0x67,
    0x70, 0xC1, 0xD6, 0x14, 0x39, 0x86, 0x0A, 0x63, 0x44, 0xFD, 0x25, 0x40, 0xF9, 0x24, 0xB8, 0xAD,
    0x4C, 0x37, 0x37, 0x84, 0x5F, 0xC3, 0xE7, 0x83, 0xE1, 0xC4, 0x76, 0xCF, 0xBB, 0x25, 0x1F, 0x03,
    0x44, 0x98, 0x55, 0x60, 0xCF, 0x2C, 0x5C, 0x5B, 0x94, 0xA6, 0xAD, 0xA6, 0xDD, 0xEF, 0x5B, 0x1F,
    0x7F, 0x91, 0x6E, 0x1E, 0x2E, 0x84, 0x09, 0x92, 0xD1, 0x6C, 0x48, 0x33, 0x43, 0xE8, 0x51, 0x66,
    0x1F, 0xF3, 0xB7, 0x52, 0x9F, 0x44, 0xED, 0x2F, 0xAE, 0x91, 0xFC, 0x60, 0x23, 0xF0, 0x81, 0x47,
    0x1D, 0xA6, 0x12, 0xAE, 0xA5, 0x3C, 0xF3, 0x2D, 0x47, 0x2C, 0xC1, 0x41, 0x0E, 0x69, 0x24, 0xE4,
    0x89, 0x97, 0x96, 0xF0, 0xEE, 0xC6, 0xD3, 0xB2, 0x50, 0x49, 0xB2, 0x67, 0x4C, 0x55, 0x48, 0x44,
    0xF1, 0x54, 0x0E, 0x90, 0xDA, 0xE0, 0xD7, 0x85, 0x64, 0xD5, 0x4C, 0xC6, 0xA5, 0x6D, 0x66, 0x89,
    0xE6, 0x89, 0xC4, 0x6D, 0x86, 0x95, 0xF2, 0xE8, 0x84, 0x38, 0x1D, 0x5E, 0x55, 0x8D, 0x2B, 0x84,
    0xF6, 0xCB, 0xCC, 0x72, 0xE1, 0x65, 0xDE, 0x10, 0x7E, 0xDE, 0x97, 0x7E, 0xA4, 0x5D, 0x45, 0x1E,
    0x81, 0xEC, 0x43, 0xE5, 0xEE, 0xF4, 0xE1, 0x90, 0x32, 0x00, 0x30, 0x42, 0x91, 0x37, 0x68, 0xD3,
    0x8D, 0xB6, 0xFC, 0x7C, 0xC7, 0x76, 0xD0, 0xED, 0x1A, 0xDE, 0xBB, 0x06, 0xC9, 0x48, 0x35, 0xDA,
    0xB2, 0x40, 0x24, 0xAC, 0x80, 0x81, 0xC1, 0x2B, 0x49, 0xC6, 0x5B, 0xC9, 0xB4, 0xA1, 0xE3, 0x63,
    0xC2, 0x8A, 0x6A, 0xF9, 0x0A, 0xF6, 0x3A, 0x78, 0x2A, 0x1B, 0xA1, 0x35, 0x5F, 0x9D, 0x46, 0xBB,
    0xF9, 0x02, 0xB7, 0x26, 0xE6, 0x95, 0xD0, 0xB4, 0xE3, 0xC3, 0x6F, 0x42, 0xC3, 0xEE, 0xBB, 0x4C,
    0x30, 0x9E, 0xFF, 0x5A, 0x54, 0x9A, 0x96, 0x04, 0x67, 0x39, 0x4D, 0x97, 0xA1, 0x2D, 0x40, 0x85,
    0x08, 0x26, 0x2D, 0x78, 0x31, 0xD7, 0x21, 0x78, 0x53, 0x02, 0x79, 0x58, 0xD5, 0x48, 0xFD, 0x7A,
    0x45, 0x4A, 0x07, 0x2A, 0x7D, 0x59, 0x49, 0x90, 0x0E, 0xF0, 0xA1, 0x86, 0x1A, 0x8E, 0x58, 0x61,
    0x1F, 0x7F, 0x3B, 0x48, 0x36, 0x3A, 0xE9, 0xF3, 0xE0, 0x0B, 0x41, 0x32, 0xED, 0x40, 0xAD, 0x5B,
    0x58, 0xAB, 0x98, 0x67, 0x33, 0x15, 0x37, 0x7A, 0x6D, 0x32, 0x2D, 0x9B, 0x0A, 0xAF, 0x39, 0xE6,
    0xF5, 0x40, 0xAB, 0xBC, 0x56, 0x8C, 0xB6, 0x3F, 0x57, 0x83, 0x69, 0xD2, 0x7B, 0x6D, 0x25, 0x98,
    0xAA, 0x5F, 0x82, 0x11, 0xA8, 0xDA, 0x15, 0xC4, 0x52, 0x30, 0x62, 0x01, 0xE0, 0xEB, 0x13, 0x0E,
    0xDF, 0x4A, 0x77, 0x80, 0x32, 0x93, 0x3E, 0x12, 0x1D, 0x34, 0x72, 0x18, 0xD6, 0x40, 0x8A, 0x85,
    0xE8, 0x71, 0x00, 0xC7, 0x52, 0x5B, 0x32, 0x47, 0x25, 0x65, 0xC8, 0x99, 0x85, 0x19, 0x73, 0xD7,
    0xC6, 0x47, 0xF8, 0xFA, 0x5F, 0x97, 0x89, 0xA3, 0x63, 0x5E, 0xDB, 0xCB, 0xD1, 0x7D, 0x3B, 0x45,
    0xDB, 0x60, 0xA1, 0x44, 0xCD, 0x0E, 0x1E, 0xC8, 0xE7, 0x65, 0x2F, 0x83, 0x7F, 0x45, 0x71, 0xF6,
    0xA9, 0x06, 0x32, 0x11, 0xC7, 0xA0, 0x62, 0xD1, 0x0B, 0xE0, 0x63, 0x29, 0xE5, 0x01, 0xDC, 0xF9,
    0xEE, 0xBE, 0xE4, 0x08, 0xDB, 0x3D, 0x51, 0x78, 0x25, 0x74, 0xF9, 0x26, 0xA8, 0x9A, 0x64, 0x13,
    0x7C, 0xED, 0xC9, 0xFF, 0xAA, 0x96, 0x51, 0x43, 0xDC, 0xC9, 0xA1, 0x88, 0x29, 0x98, 0xBC, 0x5E,
    0xE9, 0xBC, 0x15, 0x4F, 0x65, 0x65, 0x0A, 0x27, 0x35, 0x2F, 0x42, 0x45, 0xA7, 0xAF, 0xCC, 0xA9,
    0x1D, 0x37, 0xDE, 0x9C, 0xCE, 0x00, 0x01, 0x4A, 0xE4, 0xBA, 0x4C, 0xAF, 0x31, 0xE3, 0xA4, 0xAF,
    0x64, 0xA2, 0x1D, 0x1B, 0xFB, 0x8E, 0x3A, 0xB8, 0xC6, 0xA0, 0x80, 0x95, 0x83, 0xE0, 0xE0, 0x1B,
    0x80, 0xF2, 0x2B, 0xAB, 0xF6, 0x25, 0x6A, 0xBF, 0x1F, 0xD6, 0xFF, 0x24, 0xD8, 0xF7, 0x2C, 0xE3,
    0x81, 0xBF, 0x8B, 0x07, 0x5A, 0x3E, 0x34, 0x25, 0x7E, 0xC4, 0xF5, 0xC7, 0xFF, 0x56, 0xE5, 0x97,
    0x82, 0xFA, 0xF7, 0x83, 0xC5, 0xF3, 0xD9, 0x89, 0x1F, 0xCE, 0xD9, 0x9E, 0xC0, 0x5A, 0xF1, 0xB8,
    0x10, 0x5C, 0xCB, 0xB1, 0xFD, 0x6F, 0x98, 0xBE, 0xAD, 0xCB, 0x97, 0x64, 0x5B, 0x1B, 0x1A, 0x63,
    0x24, 0x9C, 0x5E, 0x72, 0x1B, 0x2D, 0xF9, 0x9D, 0x8C, 0x6A, 0x6A, 0x2E, 0xAA, 0xE1, 0xE9, 0xA2,
    0x38, 0xCD, 0xC4, 0x34, 0x41, 0xA4, 0xF6, 0x17, 0xF5, 0xE1, 0x8C, 0x71, 0xA7, 0xE0, 0x30, 0x1E,
    0x52, 0x04, 0xD9, 0x9E, 0x3C, 0x7D, 0x5B, 0x7A, 0x10, 0xDC, 0x5C, 0x8C, 0xA9, 0xA8, 0x80, 0xE0,
    0xC3, 0x95, 0x44, 0xBB, 0x28, 0x3D, 0x51, 0xC8, 0x66, 0x93, 0x0D, 0xA1, 0x94, 0x89, 0xFA, 0x14,
    0x93, 0x3E, 0xD6, 0x41, 0x49, 0x16, 0x38, 0xA6, 0x81, 0x3F, 0xDE, 0x9A, 0x6E, 0xAB, 0xF1, 0xB8,
    0xA5, 0xED, 0x7F, 0x35, 0x48, 0xC4, 0x52, 0xC4, 0x82, 0xA3, 0x25, 0x00, 0xD7, 0xFA, 0xD0, 0xC3,
    0xDC, 0xCC, 0x76, 0x4E, 0xED, 0x6F, 0xB2, 0x67, 0x55, 0x9B, 0x17, 0x23, 0xD1, 0x0C, 0x2E, 0xA5,
    0xDC, 0xED, 0x9D, 0xFE, 0x80, 0x7B, 0xEC, 0x38, 0x1A, 0x1A, 0xE4, 0x49, 0x4D, 0x1E, 0x0D, 0x4A,
    0x00, 0x34, 0x7D, 0x21, 0x70, 0xC1, 0xA5, 0x54, 0xD7, 0x8A, 0x6B, 0x01, 0x3D, 0x19, 0x8C, 0x88,
    0x29, 0x1D, 0xEC, 0x5E, 0xE2, 0x74, 0x53, 0xBF, 0xA3, 0xA6, 0xE3, 0x18, 0xFC, 0x15, 0x8D, 0x16,
    0xDE, 0x7E, 0xE6, 0x74, 0xEC, 0x17, 0xD4, 0xC7, 0x12, 0x5E, 0xBB, 0xBE, 0x49, 0x59, 0x10, 0xA2,
    0x77, 0xB9, 0xDF, 0x4C, 0xC3, 0xAA, 0x0C, 0x8E, 0xA4, 0xC3, 0xAF, 0x89, 0x0C, 0xC5, 0x94, 0x8F,
    0xD5, 0xDD, 0xE0, 0x38, 0x2D, 0x5D, 0x79, 0x2F, 0x78, 0x2B, 0xB8, 0x14, 0xA4, 0x41, 0x18, 0x24,
    0x75, 0xDA, 0x24, 0xCD, 0xBA, 0x4E, 0xF3, 0xB7, 0x82, 0x3C, 0x08, 0xC9, 0x8C, 0x36, 0xE5, 0x41,
    0xF6, 0xE7, 0x32, 0x29, 0x23, 0xAD, 0xCE, 0xE7, 0xB0, 0xF2, 0xBB, 0x7F, 0x4E, 0xB9, 0x1B, 0x40,
    0xF3, 0xFC, 0x6F, 0xF5, 0x75, 0x93, 0xE6, 0x5B, 0xBD, 0xDC, 0x9D, 0xBA, 0x61, 0x10, 0x9A, 0x3A,
    0x7F, 0x77, 0x8A, 0x17, 0xCC, 0x5B, 0x42, 0xCF, 0x23, 0x4C, 0x45, 0x23, 0x76, 0x7D, 0x99, 0xC7,
    0xF4, 0x65, 0x65, 0xA7, 0xBF, 0x44, 0x22, 0xE1, 0x3F, 0x7D, 0xF2, 0xBF, 0x4F, 0xE4, 0xB9, 0xB0,
    0x53, 0x8C, 0x66, 0x07, 0x77, 0x12, 0xBE, 0x0E, 0xDE, 0xEB, 0x72, 0x80, 0xEF, 0xC6, 0x7B, 0xF9,
    0xD7, 0xE1, 0x7B, 0x3D, 0x87, 0xE7, 0x79, 0xF5, 0xCF, 0x9F, 0x69, 0x16, 0xF1, 0x05, 0xFE, 0xC7,
    0x2F, 0xE0, 0x3F, 0xDE, 0x3E, 0xCF, 0x30, 0x8E, 0xC9, 0x6C, 0x1C, 0xD7, 0xA5, 0xE9, 0x4C, 0x0A,
    0x58, 0x1C, 0xE2, 0x78, 0xB1, 0xA7, 0xB0, 0xB7, 0xA4, 0xE5, 0x4E, 0xCF, 0x4C, 0xFF, 0x21, 0x4A,
    0x9D, 0xE1, 0x09, 0xBB, 0x19, 0xEF, 0xFC, 0x48, 0x1D, 0xB3, 0x97, 0xBB, 0x06, 0x71, 0x60, 0xC5,
    0x6C, 0x23, 0x71, 0xA5, 0xF9, 0x67, 0xED, 0x46, 0x20, 0xB3, 0xBF, 0xF4, 0x5F, 0xF2, 0xC5, 0xF2,
    0xE7, 0xD0, 0xF9, 0xBB, 0x9E, 0xFB, 0xAA, 0x41, 0x15, 0xF9, 0xD7, 0x33, 0x1A, 0xCA, 0xBD, 0x34,
    0xF2, 0x3A, 0x7E, 0xF1, 0xC8, 0xEB, 0x61, 0xD5, 0x04, 0x61, 0xB9, 0x33, 0x2E, 0x9F, 0xF3, 0xF3,
    0xA5, 0xDD, 0xA6, 0x13, 0x38, 0x7E, 0x7B, 0x37, 0x73, 0x49, 0x73, 0x13, 0x35, 0xE4, 0xB1, 0xF5,
    0x4C, 0x3A, 0xC0, 0xFA, 0x8A, 0x41, 0x12, 0x80, 0x7C, 0x5A, 0xEC, 0x25, 0x66, 0x26, 0x87, 0xFD,
    0x6C, 0x8C, 0xFE, 0xCA, 0xF4, 0xD9, 0xAB, 0x3B, 0x0A, 0x5A, 0x78, 0x33, 0xFD, 0xF6, 0x4C, 0xBF,
    0x45, 0x31, 0xFF, 0xEE, 0xDF, 0xEB, 0x91, 0x49, 0x44, 0x02, 0xD6, 0x1A, 0x4A, 0x6F, 0x04, 0xE1,
    0x63, 0x38, 0x9A, 0x2D, 0x69, 0x88, 0x0B, 0xB3, 0xFA, 0x0F, 0x28, 0x17, 0x0F, 0xB1, 0x1E, 0x00,
    0x79, 0x68, 0x03, 0x2A, 0x8E, 0x03, 0x11, 0x10, 0xF0, 0xF2, 0xA0, 0x92, 0x7E, 0xC9, 0x21, 0x6A,
    0xCA, 0xDA, 0xE8, 0x94, 0x52, 0x0B, 0x55, 0x17, 0x1E, 0xCC, 0x1A, 0x8A, 0x07, 0xB4, 0x46, 0x1F,
    0x78, 0x0A, 0xA5, 0xF4, 0xBF, 0x78, 0x4C, 0xF1, 0x1D, 0xCF, 0x10, 0xFC, 0xCA, 0xE0, 0x2F, 0x75,
    0x51, 0xEB, 0x95, 0xB4, 0x4C, 0x09, 0x74, 0xBD, 0xC3, 0x69, 0x99, 0x0A, 0xB0, 0x8C, 0x5C, 0x94,
    0xC4, 0x3C, 0x4B, 0xE9, 0x95, 0x89, 0x83, 0x82, 0xA6, 0x3A, 0xFD, 0x82, 0x54, 0x80, 0xDD, 0xB8,
    0x21, 0x27, 0xDF, 0x06, 0x72, 0x43, 0x48, 0xEE, 0x86, 0xD8, 0x81, 0x8D, 0xCA, 0x76, 0xA8, 0xA2,
    0x76, 0xB9, 0xC6, 0xB2, 0x72, 0x39, 0x42, 0xB2, 0xF4, 0x3F, 0xCC, 0xAE, 0xD3, 0x87, 0x4F, 0xD4,
    0x4E, 0x0D, 0xA0, 0x75, 0x13, 0xC4, 0xA3, 0x42, 0xCC, 0xA2, 0x29, 0xBC, 0xA7, 0x5F, 0xCD, 0xAE,
    0x23, 0x7C, 0x71, 0xD1, 0xFB, 0x15, 0x32, 0x04, 0x2B, 0xB8, 0xAC, 0x6E, 0xCC, 0x50, 0x72, 0x80,
    0xF6, 0x18, 0x4A, 0x7A, 0x01, 0xF9, 0xB4, 0xD4, 0xDB, 0x05, 0x7C, 0xBE, 0x00, 0x8A, 0x56, 0x34,
    0x8F, 0x73, 0x25, 0x0A, 0xA2, 0x5F, 0x8B, 0xDE, 0x74, 0x13, 0x85, 0xD2, 0x4F, 0xC7, 0xC5, 0xF0,
    0x62, 0x21, 0x5D, 0xA1, 0x63, 0x5C, 0x3B, 0xE9, 0xE2, 0x0D, 0xA9, 0x04, 0x6C, 0x77, 0x49, 0xD1,
    0xBA, 0x7C, 0xE7, 0x67, 0xC1, 0x17, 0xAE, 0xC8, 0x21, 0xDC, 0xE3, 0xFB, 0x7E, 0x68, 0xC8, 0x63,
    0x0E, 0xC7, 0xB2, 0x52, 0x15, 0x39, 0x86, 0xD0, 0x4E, 0x1F, 0xB7, 0x34, 0xD6, 0xFB, 0x81, 0x71,
    0x79, 0x02, 0xC0, 0x04, 0x2F, 0xCA, 0x30, 0xE3, 0x36, 0xD9, 0x78, 0x1C, 0x4F, 0x86, 0xD6, 0x8D,
    0xD6, 0x6E, 0x09, 0x4F, 0xF4, 0x0B, 0x59, 0x6C, 0x61, 0x25, 0x8F, 0x6F, 0x4A, 0x53, 0x09, 0xFC,
    0xF8, 0xE4, 0x21, 0x75, 0x0B, 0xE8, 0x75, 0xC7, 0x10, 0x1D, 0xDF, 0xB0, 0x10, 0xD9, 0xEC, 0x83,
    0x5E, 0xBF, 0x41, 0x8E, 0xFE, 0x32, 0x16, 0x01, 0xA2, 0xAA, 0x3A, 0x9D, 0x2E, 0x95, 0x4C, 0xD0,
    0x10, 0x36, 0xD2, 0xF7, 0x1D, 0x22, 0x79, 0x5F, 0xBA, 0x5D, 0xBA, 0x14, 0x28, 0x54, 0x90, 0x73,
    0x4D, 0x97, 0x81, 0x6C, 0x8E, 0xE0, 0xA9, 0x1C, 0x22, 0xD2, 0xF5, 0x78, 0x7E, 0x1E, 0x74, 0x10,
    0x05, 0xF1, 0x51, 0xE8, 0x26, 0x88, 0x3A, 0xC4, 0xDA, 0xFA, 0xE9, 0x0A, 0xEC, 0x3C, 0xDF, 0x7B,
    0x1D, 0x49, 0x32, 0xAF, 0xBF, 0x0B, 0x38, 0x3B, 0x2E, 0x84, 0x89, 0xC5, 0x8F, 0x85, 0x14, 0xA0,
    0xD7, 0x6E, 0x71, 0x80, 0x2E, 0x7B, 0xCC, 0x13, 0x07, 0xE7, 0x8B, 0x4F, 0x65, 0x70, 0x52, 0xA1,
    0xEB, 0x83, 0x49, 0xCF, 0x3B, 0x00, 0x0C, 0x64, 0x28, 0x65, 0x28, 0x93, 0x1E, 0x87, 0x47, 0x93,
    0x13, 0x8D, 0x8F, 0xBD, 0x95, 0x29, 0x8C, 0xAC, 0x85, 0xAF, 0xAB, 0x4E, 0x6C, 0x42, 0x12, 0xFB,
    0xA6, 0xBF, 0x35, 0xD9, 0xA0, 0x21, 0x56, 0x5B, 0xF4, 0x3E, 0x6E, 0x96, 0x0D, 0x3E, 0x8D, 0x98,
    0x38, 0x24, 0x69, 0x3B, 0xC4, 0x9B, 0x7E, 0x89, 0xFC, 0xA5, 0x42, 0x7D, 0x3D, 0x27, 0xC5, 0xA0,
    0x8B, 0x04, 0xCC, 0x43, 0x3F, 0x62, 0x24, 0x79, 0x45, 0x2C, 0x59, 0x37, 0xAF, 0x92, 0x46, 0x0B,
    0xD1, 0x66, 0xA0, 0xA0, 0x26, 0x97, 0x0C, 0x3B, 0x96, 0xCE, 0x59, 0xC5, 0xC4, 0x75, 0x03, 0x11,
    0xD5, 0xB6, 0x9E, 0xED, 0xB8, 0xE4, 0x56, 0x9E, 0xFA, 0x4C, 0x5D, 0x8A, 0x40, 0x4E, 0x70, 0x7D,
    0x2C, 0xFA, 0x79, 0x51, 0x28, 0x99, 0x0B, 0x4E, 0xE0, 0xB3, 0xA4, 0xA7, 0x14, 0xE5, 0x82, 0xFB,
    0xF4, 0xA9, 0x8C, 0xB4, 0x1B, 0x88, 0xEC, 0x63, 0x10, 0xAF, 0x42, 0x00, 0x76, 0xE6, 0x21, 0x67,
    0x06, 0x37, 0xDB, 0xF1, 0xF6, 0x20, 0xD9, 0xB4, 0xB3, 0x0D, 0x2C, 0x69, 0xF5, 0x6B, 0x1A, 0x24,
    0x02, 0xAE, 0xE4, 0xC3, 0xFF, 0x58, 0x32, 0x61, 0x65, 0x6F, 0x66, 0x41, 0x7C, 0xD6, 0x0A, 0xB7,
    0xCC, 0x82, 0xA7, 0xD8, 0xFB, 0xEC, 0x9B, 0x94, 0x80, 0x8D, 0x0C, 0x02, 0xDD, 0x57, 0x74, 0xF8,
    0x03, 0x1E, 0x44, 0x91, 0x90, 0x0B, 0x0B, 0x18, 0xBA, 0x56, 0x85, 0x76, 0x5F, 0x98, 0x9F, 0xDB,
    0x7D, 0xE1, 0x6B, 0xF2, 0xFE, 0x55, 0xAB, 0x2B, 0x01, 0xD1, 0x3E, 0xC7, 0xEE, 0x3B, 0x33, 0xB3,
    0x09, 0xBC, 0xD0, 0x66, 0x3A, 0x90, 0xCD, 0x75, 0x6C, 0x23, 0x98, 0xAB, 0xC7, 0x68, 0xF4, 0xED,
    0xDF, 0xDA, 0x25, 0x66, 0x7C, 0x59, 0x1E, 0x5E, 0x65, 0xD8, 0x5D, 0xB4, 0x59, 0xEF, 0xBD, 0xC4,
    0xCC, 0xBB, 0xEF, 0xFF, 0xB3, 0x97, 0x9A, 0x3D, 0x93, 0xEC, 0xDF, 0xA9, 0x20, 0xFE, 0xD2, 0xEF,
    0x95, 0x01, 0x36, 0xA5, 0x1D, 0x63, 0xDE, 0xC4, 0x5A, 0x71, 0x1B, 0x42, 0xA2, 0x46, 0x12, 0x91,
    0xA9, 0x68, 0x20, 0xC0, 0x82, 0x05, 0x51, 0xF5, 0x10, 0xF0, 0x4E, 0x35, 0xDA, 0x4B, 0x1A, 0xCD,
    0x14, 0x14, 0x85, 0xD3, 0x77, 0x8D, 0x4F, 0xF1, 0x9E, 0xA5, 0x02, 0xA3, 0x11, 0xD5, 0xEF, 0x60,
    0x08, 0x84, 0x12, 0x90, 0x9D, 0xB9, 0x8C, 0x48, 0x7D, 0x5D, 0xD1, 0xE9, 0x28, 0xAD, 0xC5, 0x36,
    0x09, 0x40, 0xD0, 0x66, 0xF8, 0x23, 0x79, 0x7C, 0xA3, 0xD7, 0x88, 0x4B, 0xAF, 0x90, 0x4F, 0xBD,
    0x82, 0xAF, 0xBA, 0x33, 0x53, 0x51, 0x4E, 0x6C, 0xA7, 0xBD, 0x2E, 0x2D, 0xE8, 0x97, 0xB0, 0x8B,
    0x20, 0xA3, 0x01, 0x67, 0x5C, 0xA6, 0x8D, 0x1B, 0xD8, 0xB8, 0x11, 0x0E, 0xF2, 0xAA, 0x3B, 0x35,
    0x2F, 0x57, 0xB9, 0xBA, 0x50, 0x4B, 0x44, 0xB0, 0xD5, 0xA7, 0x54, 0xEB, 0x8F, 0xD0, 0xC4, 0x92,
    0x54, 0xA4, 0x31, 0x4F, 0x7F, 0x55, 0x02, 0xDE, 0x7A, 0x88, 0x38, 0x09, 0xF6, 0x6A, 0xE5, 0xAC,
    0x02, 0x1D, 0xF0, 0x13, 0x78, 0x5A, 0x20, 0xAA, 0x37, 0x23, 0xF6, 0x1F, 0x75, 0xB9, 0xAF, 0xF2,
    0xDB, 0xEA, 0x39, 0x8F, 0x9B, 0x3F, 0xA6, 0x65, 0x16, 0x6F, 0x8C, 0x24, 0x31, 0x0B, 0x92, 0xD1,
    0x4C, 0xB5, 0x44, 0x1D, 0x1B, 0xC7, 0x5E, 0xAF, 0xD3, 0xD1, 0xCC, 0xBD, 0x48, 0x61, 0x39, 0xAD,
    0xD9, 0x18, 0xAE, 0x4F, 0xCC, 0x82, 0x1D, 0x5C, 0x57, 0x04, 0x73, 0x62, 0xB3, 0x59, 0x99, 0x11,
    0x23, 0x28, 0x7D, 0x2C, 0x7F, 0x8B, 0x59, 0x88, 0x5B, 0x09, 0x4B, 0x8B, 0x70, 0x2C, 0xA4, 0xDE,
    0x4E, 0xFC, 0x90, 0x95, 0x83, 0xE0, 0x47, 0x08, 0x49, 0xA5, 0x88, 0x7B, 0xEE, 0x8A, 0x4E, 0x0C,
    0x4B, 0xC6, 0xB5, 0x9A, 0x93, 0x25, 0xB1, 0x52, 0x18, 0x1E, 0xC6, 0x97, 0x6B, 0x5E, 0xA1, 0x11,
    0x74, 0x6E, 0x91, 0x08, 0x86, 0xEE, 0x60, 0x79, 0x2B, 0x12, 0xE0, 0x16, 0x3A, 0x87, 0x48, 0xEB,
    0x0B, 0xD0, 0xA2, 0x3D, 0x2B, 0xEA, 0x7C, 0x64, 0x7E, 0xE7, 0x09, 0xF6, 0xDB, 0xB5, 0x4B, 0xFD,
    0xF2, 0xC2, 0xC6, 0x55, 0x2F, 0x64, 0xDA, 0x07, 0x61, 0xD5, 0x72, 0x77, 0x07, 0x8E, 0x0B, 0xFC,
    0x8D, 0x60, 0x0A, 0x93, 0xBF, 0x98, 0x82, 0x95, 0xD2, 0xAF, 0xB9, 0x4E, 0x93, 0xE5, 0xF4, 0xFE,
    0x24, 0xA5, 0x6B, 0x93, 0x21, 0x94, 0x60, 0x05, 0xAF, 0x62, 0x93, 0x75, 0x81, 0xD0, 0xD5, 0x58,
    0xD5, 0xAE, 0x65, 0x88, 0x53, 0xF5, 0xAA, 0x09, 0xAE, 0x52, 0xD7, 0xFF, 0x19, 0xCD, 0xAD, 0x7C,
    0x67, 0xAB, 0x9B, 0x8F, 0xDF, 0xD8, 0xEF, 0xF9, 0x55, 0x9A, 0x44, 0xBB, 0xDE, 0xEA, 0x6B, 0xAF,
    0x5F, 0x0C, 0xE2, 0x69, 0x3D, 0x51, 0x2F, 0xF2, 0x64, 0x8C, 0x88, 0xA9, 0x09, 0x14, 0x78, 0x16,
    0x6B, 0xA8, 0x28, 0xAC, 0x03, 0x7D, 0x99, 0x04, 0x54, 0x8C, 0xB5, 0xB2, 0x72, 0xE5, 0xC9, 0x10,
    0x78, 0x10, 0xF8, 0xA0, 0x96, 0xBA, 0x23, 0xC6, 0xA8, 0xD4, 0xCF, 0x3D, 0x94, 0x79, 0x1F, 0xA6,
    0x4F, 0xE9, 0xC3, 0x3B, 0x33, 0x7D, 0xE3, 0xA5, 0xD9, 0x68, 0x7C, 0xBE, 0x10, 0xEF, 0xF4, 0x4C,
    0xFA, 0x99, 0xDE, 0x2E, 0x86, 0x8E, 0x36, 0x0A, 0x99, 0x13, 0xD3, 0xE9, 0x3A, 0xF2, 0x6E, 0x60,
    0x4D, 0xB5, 0x88, 0x93, 0xD0, 0xF1, 0x59, 0xAB, 0x7E, 0x58, 0x1A, 0x3B, 0x8A, 0x15, 0x5C, 0xE5,
    0x61, 0x17, 0x5E, 0xAB, 0x34, 0xC6, 0x08, 0x43, 0x2B, 0xE2, 0xEA, 0xC7, 0x76, 0x64, 0xDB, 0x36,
    0xE7, 0x9A, 0x76, 0x05, 0xDA, 0x0C, 0x6D, 0x95, 0x6B, 0x2B, 0x48, 0x50, 0x91, 0x86, 0x54, 0x70,
    0xB0, 0xE9, 0xE4, 0xBA, 0x0C, 0x46, 0xBC, 0x57, 0x11, 0x20, 0xF1, 0xF6, 0xAC, 0x6E, 0xB7, 0x23,
    0xF3, 0xF6, 0xAE, 0x7D, 0xA1, 0xD0, 0xD6, 0x31, 0xC4, 0xE5, 0x89, 0x2C, 0xF8, 0x75, 0x27, 0xDE,
    0xCD, 0x25, 0x0F, 0xB5, 0x20, 0x43, 0xAE, 0x89, 0x23, 0x8A, 0x13, 0x03, 0xBC, 0xE7, 0x02, 0x0C,
    0x41, 0xFD, 0xC8, 0x83, 0xD7, 0x24, 0xA7, 0xE1, 0xE0, 0x64, 0x63, 0xE7, 0x76, 0x08, 0xA2, 0x0F,
    0x69, 0x9C, 0x36, 0x82, 0x26, 0xC7, 0x7C, 0xD1, 0x1D, 0x65, 0x48, 0x85, 0x78, 0xF8, 0x15, 0xCC,
    0xAD, 0x75, 0x67, 0xD0, 0x1B, 0x8E, 0xC5, 0x64, 0xCD, 0x9B, 0x1B, 0x73, 0xB7, 0x55, 0x24, 0x11,
    0xC4, 0x2C, 0xC6, 0xAD, 0x2A, 0xF4, 0xE8, 0xC3, 0x48, 0x58, 0x04, 0x21, 0x79, 0x8F, 0x91, 0x53,
    0xA7, 0xB7, 0x76, 0xE9, 0x74, 0x17, 0x51, 0x19, 0xF6, 0x34, 0x39, 0xD6, 0x2D, 0x64, 0x13, 0xD7,
    0xB4, 0x9B, 0x53, 0xBF, 0xA8, 0x6F, 0x53, 0x7E, 0xB7, 0x67, 0x37, 0xCB, 0x60, 0xF9, 0x10, 0xEC,
    0x7C, 0xF2, 0x56, 0x1A, 0x45, 0x68, 0x32, 0xAD, 0x08, 0x4B, 0xDA, 0xE8, 0xAE, 0x4D, 0xF0, 0x67,
    0xEF, 0xA3, 0x62, 0x03, 0x65, 0xC1, 0x6A, 0x30, 0x96, 0xC2, 0x4A, 0x4C, 0x18, 0x6A, 0x0E, 0xE5,
    0xB0, 0x41, 0x12, 0x30, 0x63, 0xAB, 0xBF, 0x78, 0x43, 0x2B, 0xA4, 0xDA, 0x9C, 0xAE, 0x57, 0x17,
    0x79, 0xB9, 0x1E, 0x28, 0x57, 0x3D, 0x65, 0xE8, 0xE5, 0xAA, 0x3B, 0x2D, 0xD7, 0x2D, 0x2A, 0xC2,
    0xA4, 0x5D, 0xAA, 0x37, 0x94, 0xF1, 0x40, 0xF7, 0x2C, 0xA5, 0xF8, 0x89, 0x5A, 0x6D, 0xD3, 0xFC,
    0xC7, 0x81, 0xB4, 0x97, 0x11, 0x36, 0x80, 0xE7, 0xEE, 0x27, 0x40, 0x33, 0xFC, 0x4D, 0xCD, 0xD9,
    0x86, 0x16, 0x91, 0xEB, 0x1F, 0x4D, 0xDA, 0x32, 0xBF, 0x93, 0x15, 0x21, 0x56, 0xAC, 0xFA, 0x2A,
    0x2D, 0x59, 0x02, 0x76, 0x5C, 0x1E, 0x8E, 0x66, 0xA9, 0x34, 0x8E, 0x75, 0x5A, 0xED, 0xDE, 0x63,
    0xF9, 0x4D, 0xA5, 0x4D, 0x35, 0x8F, 0x60, 0xFD, 0x06, 0x8F, 0x59, 0xCE, 0x8C, 0xC1, 0x40, 0x49,
    0xE0, 0xAB, 0x3F, 0xDC, 0x40, 0xD1, 0x05, 0xEC, 0xE1, 0xDC, 0x22, 0x39, 0xD1, 0x97, 0xBD, 0xC3,
    0x32, 0xC1, 0x89, 0x01, 0x25, 0xE5, 0x7D, 0xEA, 0x17, 0x35, 0xB7, 0x3C, 0xF9, 0x5F, 0xF5, 0x31,
    0x95, 0x07, 0xF7, 0xBD, 0x5D, 0xF9, 0xD3, 0xD7, 0xFD, 0xA1, 0xFF, 0xEE, 0xB7, 0x4A, 0x0E, 0xEB,
    0xF7, 0xAB, 0x80, 0x8A, 0x4C, 0xA6, 0x18, 0x49, 0x69, 0x61, 0x0E, 0xFB, 0xCB, 0x34, 0x74, 0x92,
    0xE9, 0x52, 0x31, 0x42, 0xD9, 0xDC, 0x72, 0x23, 0x47, 0xE4, 0xAD, 0xCC, 0x67, 0x72, 0xFD, 0x38,
    0x15, 0x2A, 0x3C, 0xC9, 0x09, 0x32, 0x28, 0x55, 0xE9, 0xE9, 0x5A, 0x61, 0xAE, 0x03, 0xB2, 0x46,
    0x37, 0x39, 0xD6, 0x4D, 0x81, 0x75, 0x23, 0x50, 0x6A, 0xCF, 0xE9, 0x89, 0x03, 0x5F, 0xC7, 0x29,
    0x96, 0xFA, 0x00, 0xF6, 0x4C, 0xAD, 0x3D, 0x7B, 0x27, 0x79, 0x22, 0xFE, 0xEE, 0x3B, 0x7D, 0x9C,
    0x3F, 0xF9, 0xAA, 0x9F, 0x34, 0xF8, 0xA6, 0xEF, 0x97, 0xF8, 0xA2, 0x8A, 0xDF, 0x33, 0xF2, 0xDD,
    0x7B, 0x0A, 0x1A, 0x4C, 0x47, 0x8C, 0xFD, 0xBE, 0xC4, 0xF0, 0xF4, 0xA5, 0xAA, 0xE3, 0x37, 0x00,
    0x9C, 0xFC, 0x02, 0x88, 0x43, 0xB7, 0xDC, 0xAF, 0xA9, 0xF8, 0x77, 0x6F, 0x08, 0x6C, 0x25, 0xCC,
    0x40, 0x4B, 0x07, 0xA6, 0x30, 0xAB, 0xE0, 0xA7, 0xE8, 0x66, 0x2B, 0x8A, 0x46, 0xD5, 0x7B, 0x3A,
    0x2E, 0xBA, 0x82, 0xAF, 0xE2, 0x23, 0x8E, 0x03, 0x58, 0x71, 0xAF, 0x70, 0x45, 0xD5, 0xEB, 0x96,
    0x2B, 0x29, 0xF6, 0x2E, 0x9C, 0x34, 0xA0, 0xBC, 0x4D, 0xF9, 0xF5, 0xFD, 0x2B, 0xCA, 0x33, 0xED,
    0xA6, 0x1B, 0xBF, 0xA2, 0xC6, 0xC5, 0x8A, 0x1A, 0xFC, 0x8A, 0xEA, 0xFD, 0x8A, 0xEA, 0xFC, 0x8A,
    0xD2, 0x4E, 0xF3, 0xDC, 0xD3, 0x52, 0xA2, 0x36, 0x40, 0x42, 0x64, 0x72, 0xED, 0x57, 0x54, 0x09,
    0x22, 0x22, 0x5C, 0x42, 0x98, 0x88, 0xBD, 0x92, 0x65, 0x89, 0x68, 0xE6, 0x39, 0x31, 0x62, 0x7B,
    0x50, 0x6C, 0xBE, 0xBD, 0xBB, 0x7E, 0xEB, 0x3A, 0x02, 0x3A, 0x80, 0xE0, 0xC4, 0x31, 0xA8, 0xB8,
    0x8E, 0xDA, 0xED, 0x3A, 0x0A, 0x6D, 0x1D, 0xB5, 0x58, 0x47, 0xE5, 0x6C, 0x1D, 0x21, 0xC6, 0x7D,
    0x53, 0xCE, 0x5D, 0x47, 0xBA, 0x82, 0xB0, 0x8E, 0xFA, 0xD9, 0x3A, 0x92, 0x7C, 0xBB, 0x8E, 0xC2,
    0xAA, 0x26, 0x21, 0x5A, 0x64, 0xD5, 0x94, 0x9D, 0x04, 0xC9, 0xE3, 0x9B, 0x7A, 0x71, 0xD4, 0xE8,
    0x55, 0x3A, 0x61, 0x45, 0x64, 0xB8, 0x1C, 0xD6, 0x5F, 0x0B, 0x1C, 0x6E, 0xEE, 0x7A, 0xE6, 0xAB,
    0x72, 0xD9, 0x90, 0x2F, 0x16, 0xAD, 0xE0, 0xE6, 0xA0, 0x6F, 0xDF, 0xA8, 0x64, 0x82, 0x16, 0x95,
    0x7B, 0x76, 0x42, 0x4F, 0xA6, 0x18, 0x1A, 0xF0, 0xC1, 0xB6, 0x42, 0xBC, 0xF4, 0x5E, 0x29, 0x06,
    0x7F, 0xFA, 0xB0, 0x7F, 0xC8, 0x45, 0x6A, 0x19, 0x43, 0x5E, 0xB1, 0x8E, 0xA5, 0x4D, 0xC3, 0xCA,
    0x8A, 0x84, 0xD3, 0x73, 0x45, 0xB0, 0x7A, 0xF0, 0xC6, 0x23, 0x0B, 0x09, 0xB8, 0x92, 0x0E, 0x54,
    0x97, 0x31, 0xBE, 0x78, 0xC4, 0x50, 0xA0, 0x60, 0xDB, 0xC3, 0x23, 0x54, 0x60, 0x4B, 0xCB, 0x6C,
    0x5C, 0xE1, 0x73, 0xDD, 0x10, 0x35, 0x2F, 0x05, 0x57, 0x88, 0xE0, 0x08, 0x2E, 0x00, 0x37, 0xC5,
    0x2F, 0x1B, 0x28, 0x3F, 0x68, 0x21, 0x91, 0x0A, 0x06, 0x29, 0xFC, 0xAA, 0x07, 0xC2, 0x8D, 0xFE,
    0xBE, 0x39, 0x4A, 0xA4, 0xE3, 0xF4, 0xAC, 0x7A, 0xC8, 0xDC, 0x13, 0x55, 0x73, 0x5A, 0xC5, 0xFC,
    0x1E, 0x7E, 0x4E, 0x83, 0xAF, 0x59, 0x0B, 0x56, 0x12, 0x96, 0xC9, 0xAF, 0xE1, 0xCF, 0xDB, 0xD2,
    0xA3, 0xAF, 0xCC, 0x9F, 0x67, 0x1C, 0x2F, 0x50, 0x8C, 0x18, 0x18, 0xFE, 0x9B, 0x6B, 0x37, 0xB0,
    0xB2, 0xCD, 0x60, 0x8A, 0xA1, 0xF0, 0xAD, 0x96, 0x35, 0x81, 0xAC, 0xD0, 0x17, 0xD3, 0x4A, 0x96,
    0x35, 0x81, 0x4C, 0xF9, 0x98, 0xFE, 0xBC, 0xDC, 0xFC, 0x79, 0xB5, 0xF9, 0xF3, 0xEA, 0xA5, 0x65,
    0x2A, 0x67, 0x6A, 0xAF, 0xBA, 0x33, 0xCA, 0x95, 0x85, 0x1D, 0x0A, 0x23, 0x34, 0xE5, 0x66, 0x03,
    0xC8, 0x7B, 0x8F, 0x6C, 0x94, 0x82, 0x15, 0x93, 0x2A, 0x0A, 0xD6, 0xA6, 0x51, 0x4D, 0xBB, 0x84,
    0xDD, 0xE3, 0x71, 0xEF, 0x2B, 0x88, 0x37, 0x5E, 0x43, 0x0F, 0x11, 0x45, 0xCE, 0x9E, 0x21, 0x9E,
    0x8A, 0xB4, 0x43, 0x18, 0x23, 0xA6, 0x40, 0xB3, 0x57, 0x28, 0x88, 0x11, 0xE2, 0x39, 0xF5, 0x23,
    0x22, 0xF8, 0x11, 0x13, 0x0F, 0x65, 0x3A, 0xF5, 0xB2, 0x6F, 0x9F, 0x01, 0xFF, 0xDA, 0xC9, 0xFB,
    0x42, 0xDA, 0xED, 0xCA, 0x95, 0xD0, 0x09, 0x4B, 0xEC, 0x8F, 0x4D, 0x06, 0x19, 0x39, 0x1B, 0xA0,
    0x71, 0x3A, 0x9C, 0xDC, 0x64, 0x19, 0x38, 0xF2, 0xD6, 0xB0, 0xBF, 0xA1, 0x09, 0x3E, 0x76, 0xC5,
    0x79, 0x81, 0xDB, 0xDB, 0x76, 0x4E, 0x5C, 0xDD, 0x4E, 0x8A, 0xDD, 0xAC, 0xD8, 0x4D, 0x8B, 0xDD,
    0xBC, 0xB0, 0x89, 0xC1, 0x75, 0x48, 0x6D, 0x36, 0x35, 0x6C, 0x6E, 0xCC, 0x27, 0x87, 0xCD, 0x8E,
    0xF9, 0xF4, 0x30, 0x9A, 0x86, 0xF9, 0x04, 0xB1, 0x19, 0x32, 0x9F, 0x22, 0x36, 0x47, 0x66, 0x93,
    0x64, 0x37, 0x4B, 0x66, 0xD3, 0xC4, 0x67, 0x35, 0xF4, 0x19, 0xE9, 0xA6, 0x3B, 0x8C, 0xF0, 0xE3,
    0x9B, 0x1D, 0x87, 0x58, 0x63, 0xD2, 0x8D, 0xF6, 0x41, 0x4B, 0x32, 0xE6, 0x75, 0x43, 0x92, 0xC1,
    0x55, 0x69, 0xD5, 0x9E, 0xE0, 0xA1, 0x85, 0xC4, 0xCF, 0xB3, 0x91, 0x66, 0xFE, 0x42, 0x6E, 0x83,
    0x3C, 0x93, 0x1C, 0x6D, 0x1B, 0x6E, 0x1B, 0x6F, 0x8E, 0xF4, 0x81, 0x97, 0x4C, 0xDA, 0xA0, 0x65,
    0xD8, 0x21, 0x58, 0x68, 0x45, 0x62, 0x78, 0xC8, 0x50, 0x65, 0xA6, 0x80, 0x66, 0x5F, 0x0C, 0xC1,
    0xFC, 0xDB, 0xE7, 0xA5, 0x46, 0xAC, 0xD8, 0x88, 0xA9, 0x1C, 0x1D, 0xFC, 0xA6, 0x57, 0x57, 0x18,
    0xBD, 0x92, 0x6A, 0x4D, 0x67, 0xD0, 0xAC, 0x74, 0x14, 0xD5, 0x44, 0x2E, 0x98, 0x19, 0x9F, 0x58,
    0x3D, 0x59, 0xBA, 0xCE, 0x88, 0xCD, 0x82, 0x45, 0xD9, 0x53, 0xA5, 0x0F, 0x7A, 0x36, 0x8B, 0xC9,
    0xBD, 0x6E, 0x35, 0xEB, 0x7D, 0x9D, 0x86, 0xD2, 0x8A, 0x49, 0x51, 0x25, 0xD6, 0x11, 0xE5, 0xDE,
    0x4D, 0xE5, 0xF7, 0xB4, 0x50, 0x85, 0x5E, 0x8A, 0x58, 0x4A, 0x3F, 0x9A, 0x41, 0xB2, 0xAB, 0x26,
    0xA2, 0x64, 0xF9, 0x2C, 0x14, 0x9A, 0x73, 0x53, 0x5F, 0x56, 0x4A, 0x74, 0x86, 0x62, 0xE2, 0xE4,
    0xE6, 0x35, 0xC9, 0xAA, 0xF1, 0xB0, 0xAE, 0x10, 0x55, 0x1E, 0x06, 0x54, 0xFF, 0x76, 0x0B, 0xB4,
    0xB7, 0xAB, 0x38, 0x2E, 0x4A, 0x74, 0x69, 0x70, 0xB0, 0x4D, 0xFE, 0xA1, 0x3C, 0xBE, 0x86, 0x09,
    0x26, 0xAD, 0x79, 0xDA, 0xCC, 0xD9, 0x66, 0x8C, 0x53, 0x90, 0x74, 0xE8, 0xAB, 0x2C, 0x8D, 0x7A,
    0x0A, 0xF6, 0x05, 0x09, 0xB1, 0x48, 0xD6, 0x08, 0xB7, 0x87, 0x10, 0x15, 0xC8, 0x14, 0x78, 0x37,
    0x98, 0x7B, 0xDF, 0x7C, 0xFC, 0x46, 0xEC, 0x60, 0xFC, 0x28, 0xC6, 0x31, 0x5A, 0xE0, 0xD6, 0xE6,
    0x06, 0x32, 0xE5, 0x2C, 0x6B, 0xEE, 0xE3, 0x7B, 0x0F, 0x73, 0x5E, 0xDA, 0x32, 0xEC, 0x4E, 0xCC,
    0xE7, 0xC8, 0x55, 0xD6, 0x98, 0x85, 0x74, 0x93, 0x70, 0xB6, 0x71, 0x76, 0x70, 0x6E, 0x31, 0x45,
    0xC3, 0x9B, 0x5B, 0xF0, 0x92, 0x5E, 0x9F, 0xB3, 0xEA, 0xB0, 0xEC, 0x10, 0x26, 0x2B, 0x68, 0x63,
    0xF4, 0x7A, 0xF0, 0x03, 0x70, 0x93, 0x26, 0x53, 0x0C, 0xFC, 0x44, 0xA6, 0x44, 0x36, 0xDE, 0x35,
    0x0E, 0x50, 0x5E, 0x47, 0xFE, 0x72, 0xE9, 0x40, 0x5B, 0x18, 0x22, 0x5F, 0xB9, 0x18, 0xC9, 0x75,
    0x5A, 0x0C, 0xA4, 0x11, 0xA9, 0x54, 0xA6, 0x13, 0x25, 0x90, 0x7B, 0x2A, 0x07, 0xFE, 0x3B, 0xBE,
    0x50, 0xCF, 0xC5, 0x16, 0xFF, 0xFD, 0x3B, 0xF4, 0x73, 0x01, 0xA6, 0x04, 0x78, 0xCC, 0x86, 0xE7,
    0x3E, 0x11, 0x7B, 0x27, 0xD8, 0xFF, 0x30, 0x60, 0xEF, 0xFF, 0x18, 0xA9, 0x02, 0x34, 0x46, 0x0D,
    0xAD, 0x68, 0x44, 0xAC, 0xB5, 0xCE, 0x9B, 0xEB, 0x25, 0x2D, 0x7C, 0xE4, 0x76, 0x21, 0x61, 0xA4,
    0x92, 0x56, 0x11, 0x67, 0x47, 0x7D, 0x8A, 0x74, 0x2C, 0xD7, 0x6B, 0x42, 0x12, 0x12, 0x90, 0xC6,
    0xA2, 0x73, 0x3D, 0xDA, 0x8E, 0x6D, 0x8A, 0xD6, 0xF5, 0xDA, 0xEA, 0xFF, 0xB2, 0xBE, 0x6A, 0xDC,
    0x90, 0x9E, 0x28, 0x74, 0x5F, 0xF7, 0xF0, 0x48, 0x1E, 0xC0, 0x8C, 0x16, 0x39, 0xF9, 0x37, 0xC1,
    0x45, 0xF9, 0xBF, 0x9C, 0x65, 0x47, 0xED, 0x5E, 0x0C, 0x4A, 0x3A, 0xA2, 0xAB, 0x8B, 0x25, 0x06,
    0x65, 0x75, 0xD7, 0x6F, 0xB2, 0xFB, 0x2B, 0x2B, 0xFF, 0x1A, 0xE0, 0x93, 0x75, 0x8E, 0x9B, 0x5F,
    0x92, 0x03, 0x7C, 0x52, 0xED, 0xA8, 0x87, 0x0B, 0xE1, 0x7C, 0x92, 0x0F, 0xE7, 0xC7, 0xAA, 0x2B,
    0x21, 0xD2, 0x9A, 0xA2, 0x99, 0x89, 0x7F, 0x54, 0xF0, 0xC2, 0xEE, 0x31, 0x45, 0xC3, 0x3E, 0xB8,
    0xC9, 0xB8, 0x85, 0x9B, 0xB4, 0xC9, 0x26, 0x38, 0xF0, 0xEE, 0xE7, 0x71, 0x1F, 0xDC, 0xC4, 0xF9,
    0x7B, 0xEC, 0x1A, 0xC1, 0x30, 0x2D, 0x06, 0x77, 0x8F, 0x9C, 0x4A, 0xA4, 0x9A, 0x8C, 0x5A, 0x3B,
    0x18, 0xC3, 0x91, 0x21, 0x3B, 0xFA, 0x4A, 0xC2, 0x37, 0x47, 0xAB, 0xD5, 0x5E, 0x95, 0x56, 0x3A,
    0xAD, 0xA5, 0x68, 0xD2, 0xC7, 0x37, 0xE4, 0x8D, 0xA2, 0xCE, 0x4A, 0xB0, 0x69, 0xB8, 0x00, 0xE2,
    0x0A, 0x44, 0x79, 0x9B, 0x15, 0xD4, 0x2E, 0x68, 0x5F, 0x1F, 0x9C, 0xE9, 0x6B, 0x67, 0x86, 0xAC,
    0xAD, 0xC0, 0x7D, 0x51, 0x84, 0x45, 0x2A, 0x0B, 0xC5, 0xFE, 0x28, 0x42, 0x38, 0x2F, 0x9D, 0x46,
    0xC1, 0x4C, 0xAC, 0x79, 0x35, 0xB2, 0xB5, 0x17, 0xDD, 0x29, 0xD1, 0x52, 0x34, 0x26, 0xC8, 0x40,
    0x30, 0xF0, 0x12, 0xD5, 0x89, 0xA8, 0x85, 0xF1, 0x47, 0xF2, 0x0B, 0x91, 0x7F, 0x0F, 0x3A, 0xB7,
    0x47, 0xDF, 0x90, 0xFF, 0x9E, 0x28, 0xB9, 0xD7, 0x06, 0x0C, 0x87, 0x39, 0x09, 0x0F, 0xC1, 0x0D,
    0xD7, 0xAD, 0xA5, 0x01, 0x4A, 0xAC, 0x99, 0xF1, 0xCE, 0xB2, 0x34, 0x01, 0x79, 0x67, 0xC9, 0x93,
    0x60, 0xBC, 0xB3, 0x13, 0xAF, 0x70, 0xC6, 0xAA, 0x38, 0xCD, 0x78, 0x67, 0xA9, 0x30, 0x70, 0x39,
    0x27, 0xA0, 0xA5, 0x32, 0xBC, 0xE8, 0xFF, 0x55, 0x06, 0xEE, 0x70, 0x99, 0xF8, 0x2D, 0x4E, 0x41,
    0x95, 0xE6, 0x4D, 0x58, 0x46, 0x70, 0xE3, 0x76, 0x01, 0x67, 0xCE, 0x8B, 0x7A, 0x9E, 0x40, 0x6B,
    0x17, 0x2B, 0xF6, 0x1B, 0x2E, 0x88, 0x85, 0x0C, 0x9A, 0x50, 0x51, 0x48, 0x9F, 0xCA, 0x43, 0xAD,
    0x3B, 0x87, 0xDA, 0x54, 0x1B, 0xD6, 0xC1, 0xA0, 0xBB, 0x3C, 0x6A, 0x71, 0x70, 0x24, 0x9E, 0xD7,
    0x80, 0x75, 0xE7, 0xEE, 0xC0, 0x04, 0xB1, 0xBA, 0x73, 0xBC, 0x06, 0xC6, 0x0D, 0xEC, 0x97, 0xB4,
    0xC4, 0xD9, 0xEF, 0x38, 0x74, 0xC7, 0x18, 0x56, 0xBB, 0x9D, 0xB4, 0xCF, 0x32, 0xE4, 0x8B, 0xA2,
    0x79, 0x2C, 0x64, 0xB0, 0xAB, 0x5A, 0x98, 0x6B, 0xA2, 0x3F, 0x8A, 0x39, 0x5C, 0x34, 0xF2, 0xCB,
    0x90, 0x86, 0xA8, 0x2B, 0xB5, 0xCD, 0xCA, 0x80, 0xA9, 0x1F, 0x48, 0xFC, 0xD0, 0xF6, 0x0A, 0x2E,
    0xA3, 0xC7, 0x58, 0x43, 0x83, 0xB6, 0xDA, 0x85, 0xAE, 0x8F, 0x5A, 0x6D, 0x93, 0x5A, 0x5B, 0xFD,
    0xBC, 0x6C, 0xB8, 0x83, 0x64, 0x5D, 0x82, 0xA5, 0x08, 0x2A, 0xAC, 0x4F, 0x5F, 0x47, 0x2D, 0x0A,
    0xF7, 0x34, 0x22, 0x65, 0xB4, 0x15, 0xE2, 0x2F, 0x16, 0x7E, 0x69, 0x83, 0x4F, 0xAA, 0xC3, 0x93,
    0x53, 0x1D, 0x7E, 0x8B, 0xBD, 0x39, 0xEB, 0xF0, 0x03, 0xC4, 0x98, 0x60, 0xBA, 0xF4, 0x3C, 0x10,
    0xBA, 0xCF, 0x50, 0x87, 0x1F, 0xDC, 0x9C, 0xAE, 0xCD, 0x42, 0xEB, 0xF2, 0x0C, 0x1D, 0xCE, 0x2B,
    0xFE, 0x5A, 0x8F, 0x20, 0xC8, 0x09, 0x9B, 0x48, 0x48, 0x0A, 0x92, 0x3C, 0x28, 0x72, 0x32, 0x11,
    0xF0, 0x36, 0x59, 0xAF, 0x98, 0xA4, 0xDC, 0xA0, 0x57, 0xD7, 0x02, 0x8A, 0x35, 0x1D, 0x08, 0xDE,
    0x37, 0xE4, 0xC3, 0x1E, 0x92, 0xE8, 0x72, 0x62, 0x30, 0xE6, 0xF5, 0xF8, 0xE8, 0x64, 0x32, 0x3E,
    0x03, 0x32, 0xCE, 0x92, 0x46, 0x82, 0x3C, 0x42, 0xF7, 0xAD, 0xB0, 0x30, 0xAD, 0x8B, 0x0D, 0x0F,
    0x9E, 0x75, 0xCF, 0xCB, 0x6C, 0xD2, 0xF0, 0x07, 0xB9, 0x92, 0xF0, 0x3C, 0x61, 0x17, 0xB0, 0x2E,
    0x5F, 0xAF, 0xAC, 0xD3, 0xA8, 0x87, 0x4B, 0x39, 0x7E, 0x3C, 0xEF, 0xE3, 0x19, 0xAF, 0xA3, 0xC9,
    0x16, 0x9C, 0xBC, 0xEB, 0x29, 0x10, 0x6C, 0x51, 0x47, 0x12, 0x64, 0x3F, 0x43, 0x1A, 0x39, 0xD6,
    0x24, 0xDC, 0xB7, 0x7F, 0x8D, 0xFC, 0x94, 0x9F, 0xB7, 0x5B, 0xDC, 0x86, 0x13, 0xDB, 0xEA, 0x6D,
    0xEE, 0x5B, 0xE6, 0x2C, 0x39, 0x33, 0x4A, 0xA5, 0x54, 0xC0, 0xE5, 0x02, 0xB7, 0x77, 0x87, 0x2D,
    0x1F, 0xBE, 0x93, 0x8B, 0x43, 0x50, 0x4C, 0x39, 0x19, 0xB3, 0xAB, 0xDA, 0xB2, 0xA3, 0x12, 0xDA,
    0x56, 0x74, 0x6E, 0xCF, 0x8E, 0xD3, 0x49, 0xBD, 0xF8, 0x11, 0xBA, 0xC4, 0xEF, 0xF3, 0xBD, 0x47,
    0x3D, 0xB1, 0x9C, 0x7F, 0x61, 0x55, 0x3E, 0x87, 0x0A, 0xA7, 0x55, 0xB1, 0xB9, 0xD1, 0xEB, 0x4D,
    0x27, 0x2B, 0xDD, 0xB8, 0x06, 0xA8, 0x20, 0x0B, 0x8A, 0x81, 0x41, 0xB6, 0x2B, 0x0A, 0x33, 0xD0,
    0x4A, 0xC4, 0xA8, 0x08, 0x80, 0x84, 0xCE, 0xE0, 0x82, 0xFA, 0x97, 0x73, 0x1A, 0x71, 0x96, 0x24,
    0xC2, 0x83, 0x29, 0x11, 0x9E, 0x4D, 0xD4, 0xB8, 0x3B, 0x25, 0x13, 0x35, 0x7E, 0x33, 0xEF, 0x0C,
    0x99, 0x55, 0xCB, 0xDA, 0x15, 0xCB, 0xA2, 0xE6, 0xF3, 0x29, 0xA9, 0x59, 0xD1, 0xAC, 0x49, 0xB5,
    0xCE, 0x3A, 0x8D, 0x57, 0x19, 0xD3, 0xAC, 0x3A, 0x0F, 0x35, 0xFE, 0xDD, 0xF8, 0x01, 0xAC, 0x8B,
    0xA8, 0x61, 0xF9, 0xD7, 0xC8, 0x00, 0xC7, 0x47, 0x27, 0x9F, 0x69, 0x7C, 0x62, 0x39, 0x27, 0x57,
    0x65, 0xB3, 0xD5, 0xC6, 0x73, 0xB4, 0xE1, 0x1C, 0x0D, 0xB7, 0x18, 0x14, 0x51, 0xA7, 0xD4, 0x83,
    0xEA, 0xE7, 0xF2, 0x00, 0xAC, 0xB4, 0xAF, 0xCA, 0x3B, 0xA0, 0x88, 0xD3, 0x4C, 0xA7, 0x6C, 0x0C,
    0x2E, 0x47, 0xF2, 0x8A, 0x26, 0x54, 0x7D, 0x2D, 0x92, 0xE0, 0x87, 0x6E, 0xE0, 0x2B, 0xC0, 0x81,
    0xA9, 0xB2, 0xE3, 0x17, 0x57, 0x44, 0x73, 0x93, 0x22, 0x6E, 0xC4, 0x27, 0xAA, 0xD4, 0x2D, 0x8E,
    0x95, 0x8F, 0x6A, 0xFA, 0xED, 0xA4, 0xC6, 0xF7, 0xDE, 0xA1, 0x5C, 0xFD, 0x02, 0x52, 0x7E, 0xF4,
    0x13, 0x79, 0x0F, 0x54, 0x41, 0x6A, 0x9C, 0x02, 0xFD, 0xA4, 0xF2, 0x50, 0x8B, 0x32, 0x3C, 0xAA,
    0x4F, 0x23, 0x94, 0xD2, 0xF2, 0x34, 0x9A, 0xAC, 0x38, 0x05, 0x53, 0x3A, 0xC0, 0x3C, 0xB2, 0x99,
    0x64, 0x73, 0x89, 0xB3, 0xA9, 0xD2, 0xE4, 0x69, 0x11, 0x8A, 0xE9, 0xA6, 0x3C, 0xD6, 0xBC, 0x63,
    0x5E, 0xFB, 0x18, 0x46, 0x9E, 0xFC, 0xDD, 0x0D, 0x82, 0x97, 0x3A, 0x0A, 0xBE, 0xFA, 0x84, 0xAF,
    0xD6, 0xA1, 0xAC, 0x28, 0xE0, 0x1A, 0x36, 0x27, 0x67, 0x0A, 0x28, 0x8F, 0x87, 0x74, 0xC8, 0x47,
    0xE4, 0xC9, 0x79, 0xF5, 0x63, 0x1F, 0x7B, 0xC9, 0x64, 0xD7, 0x39, 0x6E, 0xC6, 0x57, 0x2D, 0x8E,
    0x42, 0x1A, 0xA2, 0x79, 0xAE, 0x70, 0x42, 0x11, 0x53, 0x44, 0x2D, 0xC5, 0x29, 0xF8, 0x47, 0xBC,
    0x15, 0x15, 0xDC, 0x35, 0x82, 0x3D, 0xFB, 0x26, 0x2E, 0x68, 0x11, 0xAE, 0xF2, 0x91, 0x95, 0x59,
    0xDA, 0xD5, 0x10, 0xDA, 0x72, 0x53, 0x42, 0xCF, 0x26, 0xDC, 0xD2, 0x40, 0x78, 0x29, 0x3A, 0x90,
    0x60, 0x4C, 0xF9, 0x93, 0xDC, 0x9D, 0xDD, 0x88, 0x7B, 0xB4, 0xE3, 0x57, 0xB1, 0x67, 0x10, 0xB5,
    0x36, 0xC0, 0x0B, 0x33, 0x58, 0x44, 0xC4, 0x76, 0xA4, 0x35, 0xDA, 0x78, 0x87, 0xB6, 0xCC, 0xAB,
    0x9A, 0xA6, 0x0A, 0x5A, 0x1A, 0x29, 0xCF, 0xA3, 0x8E, 0x66, 0xC7, 0x3A, 0x9A, 0x61, 0xC7, 0xF4,
    0xA6, 0x55, 0xCB, 0x3A, 0x9A, 0xEB, 0x46, 0x65, 0x2C, 0xAF, 0xD6, 0xAC, 0xA3, 0xF9, 0xF3, 0xFF,
    0x2C, 0xC3, 0xB9, 0x75, 0x34, 0x1B, 0xC8, 0x20, 0x31, 0x64, 0xA8, 0x37, 0x60, 0xBF, 0xE2, 0x47,
    0xF2, 0x65, 0x2F, 0x2F, 0x7B, 0x79, 0x89, 0x43, 0x6B, 0x63, 0xCB, 0x84, 0xD0, 0x65, 0x1D, 0xCD,
    0x67, 0x22, 0x40, 0x7F, 0x09, 0x89, 0xFA, 0x2F, 0x81, 0x00, 0xFD, 0x12, 0xBC, 0x25, 0xB7, 0xB7,
    0x04, 0xE8, 0x11, 0xDA, 0xA0, 0x22, 0xCD, 0x50, 0x27, 0xAD, 0xB6, 0xB8, 0x89, 0xFF, 0x0F, 0x63,
    0x57, 0xC8, 0xB5, 0xFD, 0x08, 0x9B, 0x0B, 0xDD, 0xBD, 0xC3, 0x62, 0x3A, 0x31, 0x8C, 0xB3, 0xBF,
    0xC4, 0x5D, 0xB8, 0x28, 0x7F, 0x7C, 0xBF, 0x3A, 0xD1, 0xCE, 0x7A, 0x24, 0x4C, 0xBC, 0xE2, 0xAB,
    0x0C, 0x2B, 0xE9, 0x59, 0x1B, 0x7C, 0xE0, 0x86, 0x30, 0x42, 0x20, 0xE5, 0x0F, 0x22, 0xF5, 0x0B,
    0x86, 0xCE, 0x0F, 0x67, 0xC2, 0x6A, 0x94, 0x41, 0x20, 0xEB, 0xCB, 0xD0, 0x19, 0x1C, 0x6D, 0x78,
    0xB1, 0xF0, 0xDC, 0x17, 0x99, 0x56, 0xC2, 0xAB, 0x2B, 0xAB, 0xC9, 0x2D, 0x22, 0x05, 0x6C, 0xCF,
    0x05, 0xEA, 0x0D, 0x31, 0x56, 0xAD, 0xAE, 0x82, 0xE2, 0xEF, 0x74, 0x6D, 0x56, 0x1F, 0xBC, 0x0E,
    0x6C, 0x4B, 0xA8, 0xED, 0x88, 0xB2, 0xDB, 0x3D, 0x1C, 0x19, 0x1D, 0xDC, 0x17, 0x24, 0x55, 0x9F,
    0x61, 0x12, 0x4F, 0xD3, 0xF6, 0x25, 0x67, 0x30, 0x89, 0x66, 0xEF, 0x7F, 0x01, 0xAD, 0xB8, 0x41,
    0xFD, 0x59, 0xC8, 0x65, 0x63, 0xB5, 0x3E, 0x0A, 0x2B, 0x1A, 0x9C, 0x4D, 0x37, 0x84, 0x14, 0x6C,
    0x64, 0x37, 0x22, 0xA1, 0x08, 0x73, 0xE7, 0x3B, 0x4B, 0x07, 0xFC, 0x3D, 0xAD, 0x18, 0x06, 0x7A,
    0x02, 0x7A, 0xB2, 0x8A, 0x57, 0xA4, 0x41, 0x29, 0xE4, 0x57, 0x19, 0x87, 0x2C, 0x1E, 0xC8, 0xFB,
    0x47, 0xAC, 0xF2, 0x85, 0xE9, 0x85, 0xAA, 0xC5, 0xB9, 0xD9, 0x23, 0xA7, 0x64, 0xB0, 0x90, 0xB9,
    0x97, 0xE5, 0x9C, 0x80, 0x9D, 0x9B, 0xF4, 0x9F, 0xE2, 0x82, 0xC8, 0x75, 0x2A, 0x53, 0x9E, 0xC2,
    0x7D, 0xB2, 0xE3, 0x23, 0x9B, 0x2C, 0x7F, 0x04, 0xF2, 0x10, 0xB2, 0x42, 0x4C, 0x72, 0xD2, 0x40,
    0x4E, 0xDA, 0x27, 0xD3, 0x41, 0x50, 0x34, 0xB1, 0xB8, 0x52, 0x09, 0xBF, 0x2A, 0x45, 0x64, 0x6C,
    0x64, 0xAD, 0x71, 0x68, 0xF9, 0xA6, 0xA6, 0x81, 0x16, 0x8F, 0x94, 0x5F, 0x38, 0xB5, 0x9A, 0x95,
    0x93, 0x1D, 0xAB, 0xB3, 0x96, 0x23, 0x88, 0x35, 0xBC, 0xAA, 0x75, 0xA5, 0xA7, 0x35, 0xC3, 0xF5,
    0xA4, 0x1C, 0x07, 0xF5, 0x44, 0xF0, 0x1B, 0xEC, 0xD5, 0xE0, 0xE3, 0xF7, 0xEA, 0x0B, 0xE7, 0xF5,
    0xAA, 0x5C, 0x3D, 0xB2, 0x5E, 0x2D, 0x67, 0x9B, 0x43, 0x68, 0xC9, 0x6F, 0xCE, 0xB2, 0xC5, 0x7B,
    0x2F, 0x5B, 0x2F, 0x1B, 0x2F, 0x6B, 0x2F, 0x4B, 0x2F, 0xF3, 0x6D, 0xE9, 0xD2, 0xDF, 0xE4, 0xA8,
    0x24, 0xDE, 0xEC, 0xC6, 0x90, 0xF0, 0x8B, 0x46, 0xB4, 0x3D, 0x5A, 0x26, 0xBF, 0xB1, 0x6D, 0x0D,
    0xB0, 0x88, 0xCD, 0x08, 0x5B, 0x11, 0x7C, 0xF2, 0xDC, 0x86, 0xCE, 0x70, 0x49, 0xD3, 0xC9, 0xB8,
    0x20, 0x24, 0xE6, 0x3E, 0xCF, 0x9D, 0x36, 0x39, 0x0B, 0x45, 0x5B, 0x96, 0xA4, 0x99, 0xFD, 0xE0,
    0x9E, 0x5E, 0x72, 0xA2, 0x0B, 0x39, 0xB5, 0x97, 0x4F, 0x9C, 0x07, 0x8D, 0xE9, 0xAE, 0x5C, 0xD7,
    0xA6, 0x17, 0x75, 0x5C, 0x6E, 0xF5, 0xD6, 0x99, 0x8A, 0xF3, 0xCE, 0x9E, 0x54, 0x66, 0x99, 0xD8,
    0x7F, 0x19, 0xEC, 0x7D, 0x22, 0x7A, 0x72, 0xC1, 0x39, 0x1D, 0x33, 0x5D, 0xF2, 0x89, 0x00, 0x0D,
    0x62, 0x78, 0xA4, 0xBC, 0x53, 0x28, 0x98, 0xDE, 0x61, 0x72, 0x71, 0xB2, 0xA8, 0xEE, 0x4B, 0x12,
    0xAE, 0x60, 0x8C, 0x78, 0xDB, 0x1F, 0x15, 0x32, 0x38, 0x43, 0x34, 0xC1, 0xC6, 0xA8, 0xB5, 0x58,
    0xB7, 0xD6, 0x26, 0x54, 0xED, 0xC6, 0xA8, 0xB7, 0xC9, 0x54, 0x0C, 0x70, 0x5C, 0xD1, 0x0D, 0x7A,
    0x52, 0x50, 0x27, 0x16, 0xAB, 0xDD, 0xE1, 0x82, 0xCC, 0x6F, 0x2C, 0xEF, 0x49, 0x2B, 0xBD, 0x9F,
    0xE1, 0x5F, 0x37, 0x5C, 0x16, 0x19, 0xEC, 0x9D, 0xF7, 0xB5, 0x8D, 0xAC, 0x7B, 0xCA, 0xBB, 0x13,
    0x9D, 0x99, 0xDC, 0x56, 0x58, 0xA0, 0x87, 0x8B, 0x83, 0x34, 0x92, 0xBC, 0x45, 0x24, 0x62, 0xF1,
    0x78, 0xA6, 0x07, 0xE2, 0xF0, 0x02, 0xFC, 0x82, 0x15, 0xEA, 0x2F, 0x4A, 0x8B, 0x0B, 0x29, 0xCB,
    0x18, 0x96, 0xF0, 0xFC, 0x54, 0xC8, 0x4F, 0x27, 0x20, 0xE1, 0xA2, 0x9C, 0x19, 0xB8, 0x92, 0x03,
    0x87, 0x61, 0x6B, 0x96, 0x83, 0x56, 0xB4, 0xD9, 0x72, 0xC0, 0x38, 0x6D, 0xF7, 0x0F, 0xD6, 0xE7,
    0xB1, 0xF4, 0xDE, 0x3E, 0x70, 0x4E, 0xBA, 0x00, 0xE7, 0x8C, 0x01, 0x77, 0xD5, 0xCE, 0x83, 0x73,
    0x1A, 0xC8, 0x26, 0x29, 0xE9, 0xCB, 0xCB, 0xBC, 0x6D, 0x7B, 0x4C, 0xF9, 0x17, 0x06, 0x25, 0xC0,
    0x28, 0x03, 0x43, 0xEE, 0x53, 0xD4, 0x37, 0x90, 0xB6, 0x50, 0x71, 0xA7, 0x32, 0xD0, 0x26, 0x51,
    0x9B, 0x4D, 0x60, 0x16, 0x81, 0x49, 0x03, 0x6E, 0x1A, 0x72, 0xD3, 0x1B, 0x07, 0x58, 0xC0, 0x2A,
    0x09, 0xCE, 0x61, 0x24, 0xD4, 0xCE, 0xB1, 0x64, 0xCE, 0xBE, 0x91, 0xF9, 0xFD, 0x94, 0xB6, 0x88,
    0x87, 0x70, 0xAA, 0xAC, 0x31, 0xF3, 0x0C, 0xC4, 0x89, 0xA8, 0x98, 0x4A, 0xC2, 0x38, 0x7F, 0x35,
    0x48, 0xE7, 0xCA, 0x12, 0xA4, 0xF3, 0x2E, 0xC3, 0x62, 0x27, 0x68, 0x01, 0xE5, 0xCE, 0x11, 0xEF,
    0xD1, 0x2F, 0xB3, 0xF2, 0x61, 0x50, 0xD0, 0xD2, 0x4B, 0xC8, 0xDF, 0x62, 0xAB, 0xC6, 0x1D, 0xDA,
    0x85, 0x11, 0x13, 0xDE, 0x45, 0x34, 0xA9, 0x55, 0xB3, 0x3F, 0x41, 0xA0, 0x2E, 0x05, 0x9B, 0x4F,
    0xB2, 0x01, 0xE5, 0x0F, 0x5F, 0xBB, 0x98, 0x18, 0xC7, 0x22, 0xB1, 0x18, 0xA5, 0xDE, 0xE6, 0x8F,
    0xDE, 0xBF, 0x09, 0x4E, 0xA5, 0xC4, 0x63, 0x24, 0x93, 0xDC, 0x87, 0x1A, 0xCD, 0x30, 0xF2, 0xF2,
    0xB2, 0xB7, 0xFF, 0x6E, 0xD1, 0x8A, 0x07, 0x1C, 0x58, 0x65, 0xEF, 0xB3, 0x18, 0x3A, 0xCA, 0x75,
    0x17, 0x72, 0x93, 0xF7, 0x1C, 0xA6, 0x71, 0xED, 0x91, 0x56, 0x25, 0x65, 0x6A, 0x0C, 0x70, 0x3E,
    0x56, 0x72, 0xDB, 0x1B, 0xC2, 0xA3, 0xBF, 0x62, 0xF7, 0x90, 0x7F, 0x1C, 0xB1, 0x36, 0xF8, 0xAD,
    0xB4, 0xE1, 0x35, 0x4A, 0xDD, 0x48, 0x90, 0x7A, 0x08, 0x5C, 0x03, 0xDE, 0x02, 0x00, 0xD5, 0x16,
    0xE9, 0x0A, 0x8B, 0x94, 0xA0, 0xF1, 0xB4, 0xAB, 0x23, 0xEA, 0x4E, 0x1F, 0x92, 0xDB, 0x3D, 0xAD,
    0xA4, 0xAC, 0xBC, 0xA5, 0xF0, 0x7F, 0x54, 0xF0, 0xA0, 0x0A, 0x37, 0x47, 0x2A, 0xD6, 0xCC, 0xDE,
    0x8E, 0xB9, 0x7D, 0x25, 0x39, 0x16, 0x57, 0x7A, 0xAA, 0x9C, 0xE0, 0x25, 0x76, 0xC3, 0x31, 0xBF,
    0x7E, 0xE0, 0x49, 0x44, 0x6E, 0x76, 0x03, 0xF3, 0x62, 0xF6, 0xF9, 0x8E, 0xF8, 0x6A, 0x82, 0xBA,
    0x02, 0xC7, 0x2E, 0x57, 0x01, 0x62, 0x9A, 0x07, 0x25, 0x2E, 0x4D, 0x52, 0x23, 0x46, 0x29, 0x79,
    0xD6, 0x18, 0xED, 0xB4, 0x05, 0xB5, 0x2D, 0x9A, 0x3D, 0xCC, 0x3D, 0x35, 0x31, 0x45, 0xDA, 0xCC,
    0x99, 0x40, 0xFE, 0x59, 0x7E, 0x3E, 0xB4, 0x61, 0x3A, 0x03, 0x6D, 0xE8, 0xCE, 0x40, 0x1B, 0xDA,
    0x67, 0x81, 0x36, 0xE8, 0x73, 0x1A, 0xDA, 0xA0, 0x44, 0x7E, 0xBF, 0x12, 0xDA, 0x60, 0x85, 0xDD,
    0xE7, 0x88, 0x86, 0x67, 0x80, 0x36, 0xE0, 0x05, 0x75, 0x3D, 0x73, 0x9D, 0x0B, 0x73, 0xB3, 0xF1,
    0x98, 0xE2, 0xAF, 0xCE, 0x31, 0xAC, 0x10, 0x76, 0x4C, 0x3A, 0x51, 0xB1, 0x09, 0x6D, 0x44, 0xBB,
    0x5A, 0x23, 0xC4, 0xE7, 0x36, 0x62, 0xD0, 0xCD, 0x6A, 0x35, 0x8C, 0x03, 0x21, 0x0E, 0x1E, 0xE1,
    0x40, 0x80, 0x03, 0x80, 0x0D, 0x8C, 0x7C, 0x6F, 0x8B, 0xEB, 0x85, 0xE6, 0xEE, 0x44, 0xAF, 0x94,
    0x11, 0x5A, 0x46, 0xBB, 0x77, 0x75, 0x94, 0x78, 0x63, 0x9B, 0x76, 0x25, 0xAB, 0xD2, 0x8D, 0xB1,
    0xD0, 0x5B, 0xAA, 0x0E, 0x79, 0xD5, 0x76, 0x5C, 0x70, 0x1C, 0x24, 0x46, 0xB7, 0xE0, 0x47, 0x65,
    0x25, 0xCA, 0xA4, 0x05, 0x46, 0x42, 0x0B, 0x0B, 0x1B, 0xB2, 0xB4, 0x42, 0xC8, 0xE9, 0xF3, 0x0D,
    0x69, 0xF9, 0x04, 0x53, 0xD4, 0xE6, 0x90, 0x96, 0xE2, 0x2C, 0xA4, 0xA5, 0x61, 0x17, 0xD5, 0x1E,
    0xD2, 0xE2, 0xBB, 0x87, 0x9D, 0x83, 0x4D, 0x8D, 0xE3, 0x6E, 0x40, 0x07, 0x8E, 0x3C, 0xF7, 0xF0,
    0xFD, 0x90, 0x16, 0x22, 0x1C, 0x28, 0x84, 0xF8, 0x86, 0x89, 0xF0, 0x86, 0x73, 0xD7, 0x7B, 0x3B,
    0xB7, 0xF0, 0xB3, 0x1A, 0xA2, 0xC8, 0xE7, 0x5F, 0xF5, 0x97, 0xC1, 0x67, 0xDD, 0x73, 0xE5, 0x86,
    0xD9, 0x6E, 0x66, 0x0E, 0xBB, 0x7B, 0x14, 0xC7, 0x14, 0x03, 0x45, 0x4F, 0xA1, 0x59, 0x77, 0x1F,
    0xDF, 0x73, 0x95, 0xCF, 0x3C, 0x57, 0xAC, 0x1E, 0x8F, 0x72, 0x71, 0x44, 0xE8, 0xA9, 0x95, 0x01,
    0x9A, 0xD1, 0xEA, 0xEE, 0xD3, 0x3C, 0x57, 0x55, 0x6F, 0x08, 0x00, 0x00, 0x14, 0xD1, 0x96, 0x46,
    0xC2, 0x27, 0xBB, 0xFB, 0xCC, 0xAA, 0xE7, 0xC0, 0xA1, 0x6D, 0xD1, 0x36, 0x3B, 0x9F, 0x5B, 0xBA,
    0xBD, 0x11, 0x65, 0xD0, 0x08, 0x37, 0x02, 0x85, 0x95, 0x46, 0x56, 0x2A, 0xCC, 0xA5, 0x0D, 0xBF,
    0xCB, 0xBB, 0x27, 0x27, 0xF5, 0x75, 0x56, 0xAA, 0x6D, 0xF4, 0x24, 0x84, 0x99, 0x32, 0x48, 0x13,
    0xDC, 0xD6, 0xF7, 0x0A, 0x95, 0x04, 0x79, 0x04, 0xE5, 0x71, 0x27, 0xED, 0xAA, 0x97, 0x8E, 0x6C,
    0xC8, 0xFA, 0x8F, 0xFE, 0xFD, 0x55, 0x17, 0xBF, 0x07, 0xB2, 0x9D, 0xA6, 0xEA, 0x12, 0x38, 0xE0,
    0xE3, 0xA6, 0xE8, 0x32, 0xD2, 0x08, 0xD5, 0x45, 0x77, 0x67, 0x4D, 0xCD, 0xF5, 0x23, 0x29, 0x85,
    0x4A, 0xF7, 0x78, 0xC0, 0xE9, 0x9C, 0xE6, 0xEE, 0xA3, 0x2E, 0xA6, 0x8D, 0xE4, 0x7C, 0x41, 0x77,
    0xA7, 0x1E, 0xAB, 0x44, 0xC8, 0xB7, 0xA2, 0x5B, 0x1C, 0x6E, 0x13, 0xA9, 0xD0, 0x1C, 0x79, 0x5B,
    0x05, 0x16, 0xBB, 0xAF, 0x8E, 0xAD, 0x0B, 0xF8, 0x6A, 0xD2, 0x1F, 0xCA, 0x74, 0x4D, 0xA1, 0x10,
    0x49, 0x8B, 0x28, 0x8D, 0xD2, 0xB1, 0xD7, 0x4E, 0xE4, 0xAC, 0x37, 0xDA, 0x66, 0xBD, 0xF5, 0x9F,
    0xCD, 0xFD, 0xE5, 0xD2, 0xE6, 0x1C, 0x99, 0x2D, 0x02, 0x1B, 0x82, 0x90, 0x3E, 0xA7, 0x86, 0xE8,
    0x05, 0x80, 0xFF, 0x8E, 0x84, 0x91, 0x05, 0xDC, 0x24, 0x9C, 0x2A, 0xFA, 0xCB, 0x18, 0xBA, 0x54,
    0x9A, 0xD5, 0x07, 0xA2, 0xC4, 0x05, 0x55, 0x0B, 0x0E, 0xE5, 0xE0, 0x72, 0xD5, 0x26, 0x3F, 0x55,
    0xE5, 0x56, 0xD1, 0x65, 0xDF, 0x52, 0x65, 0x28, 0x3A, 0x87, 0xCF, 0xEC, 0x5D, 0x37, 0x26, 0x1B,
    0xED, 0x66, 0xF7, 0xCB, 0x3E, 0x1D, 0xB5, 0x6F, 0x9F, 0xF4, 0x4F, 0x36, 0x22, 0x9D, 0x85, 0x77,
    0x9C, 0xA4, 0xCE, 0x00, 0x02, 0x7D, 0x31, 0xCD, 0x53, 0x98, 0x6A, 0x6F, 0xB9, 0x20, 0x45, 0xF6,
    0xA9, 0xCE, 0xB2, 0x3E, 0x28, 0x36, 0x7F, 0x26, 0xA3, 0x1A, 0x69, 0x4E, 0x06, 0x46, 0xF1, 0x32,
    0xE9, 0x5D, 0xA9, 0xB7, 0xC9, 0x48, 0xBA, 0x45, 0x7A, 0xFB, 0xBE, 0x8D, 0x6C, 0xA2, 0xF0, 0x13,
    0xCE, 0x02, 0x3C, 0xCC, 0x44, 0xFD, 0x94, 0xDD, 0x99, 0x69, 0x1D, 0xFE, 0x0B, 0x6F, 0x8A, 0x5D,
    0xF2, 0x01, 0xF9, 0x1E, 0x72, 0xC3, 0x4D, 0x3B, 0x12, 0x03, 0x5C, 0xF9, 0x19, 0xF1, 0x8F, 0xAF,
    0x3E, 0x8D, 0xD1, 0x6E, 0x4B, 0x46, 0x44, 0x29, 0x94, 0x2B, 0x2F, 0xD7, 0x8F, 0x28, 0x93, 0x77,
    0x37, 0x90, 0xE9, 0xB7, 0x28, 0x31, 0x80, 0x3A, 0x3F, 0x13, 0x81, 0x1C, 0x28, 0x57, 0x5D, 0x0C,
    0x19, 0xB5, 0x94, 0x49, 0x4D, 0xAB, 0x34, 0x2D, 0x29, 0x9D, 0xB7, 0x56, 0xEF, 0x5D, 0x53, 0xD0,
    0x22, 0xDD, 0xBE, 0x73, 0x6C, 0x5B, 0xCB, 0xCE, 0x4B, 0xE0, 0x69, 0xC6, 0x30, 0xB1, 0x2A, 0x0F,
    0x8E, 0x53, 0xEC, 0x5C, 0xC8, 0x06, 0x9B, 0x28, 0x2F, 0xCA, 0x55, 0xED, 0x22, 0x5D, 0x07, 0x00,
    0x36, 0x0B, 0x65, 0xBE, 0x05, 0x57, 0x46, 0x08, 0xD0, 0x24, 0x08, 0xD8, 0x5C, 0xD6, 0x8F, 0x7A,
    0x65, 0x60, 0xB0, 0x92, 0xE5, 0xA6, 0xCE, 0x16, 0xFF, 0x26, 0x53, 0xE6, 0x37, 0xB0, 0x1D, 0x03,
    0x94, 0x7E, 0x53, 0xEF, 0x6E, 0x88, 0x6A, 0xD1, 0x2F, 0x79, 0xBA, 0xF2, 0x3F, 0xCB, 0xAB, 0xEE,
    0x12, 0x88, 0x87, 0x1D, 0x2F, 0x26, 0xD1, 0x05, 0x9A, 0x0D, 0x8D, 0xD6, 0x12, 0xA5, 0x35, 0x1E,
    0x5B, 0xE9, 0x6F, 0xA5, 0x6E, 0x7C, 0x31, 0x45, 0xE5, 0xC6, 0x58, 0xB1, 0x81, 0xAD, 0x66, 0xB8,
    0xF1, 0xEE, 0xEE, 0x09, 0x12, 0x93, 0x21, 0x1A, 0x29, 0xE3, 0x53, 0x32, 0x6A, 0x6D, 0x1D, 0xFF,
    0x36, 0x8D, 0xE8, 0xAA, 0xD7, 0x7D, 0x2C, 0x1A, 0xF5, 0x52, 0x1F, 0x8F, 0x11, 0xDB, 0xD1, 0x7A,
    0xCB, 0x9E, 0x4F, 0xD9, 0x58, 0x1A, 0xA6, 0x72, 0xA9, 0xAE, 0x3E, 0x7A, 0x02, 0xDA, 0x9D, 0x38,
    0x1A, 0x0F, 0x24, 0xF7, 0xBE, 0xA2, 0xE4, 0x7B, 0x62, 0x70, 0xDB, 0x2C, 0x11, 0x3B, 0x9F, 0x6F,
    0xAB, 0xCA, 0x11, 0x1B, 0x68, 0x78, 0x63, 0x8E, 0xF0, 0x4E, 0xC9, 0x4A, 0xBA, 0xFC, 0x5D, 0x9C,
    0x2E, 0xA6, 0x3A, 0xAD, 0xDE, 0xF6, 0x6D, 0xA8, 0x9A, 0x56, 0x27, 0x76, 0x8A, 0x56, 0x5E, 0x8D,
    0xCC, 0x66, 0xC7, 0xC8, 0x98, 0xEA, 0xE8, 0x87, 0x32, 0x9F, 0x94, 0xA7, 0x83, 0x3F, 0x61, 0x5C,
    0x94, 0x07, 0x88, 0x5D, 0x0B, 0x92, 0x06, 0x6A, 0x84, 0x21, 0x65, 0xF8, 0x87, 0xF4, 0xF3, 0x80,
    0x6D, 0xD6, 0x18, 0x50, 0xD8, 0x40, 0xA5, 0x8E, 0x69, 0x58, 0xC8, 0xB5, 0xEB, 0x28, 0xE3, 0xDB,
    0x79, 0x03, 0x17, 0x67, 0x17, 0x55, 0x56, 0x46, 0x46, 0xA1, 0x40, 0x44, 0x9D, 0xD4, 0x6A, 0xBA,
    0x21, 0xEA, 0x45, 0x2D, 0xBA, 0x50, 0x34, 0x3B, 0x13, 0xB6, 0x62, 0x2C, 0xAC, 0xB4, 0x1A, 0x4F,
    0x34, 0x40, 0x92, 0x4D, 0x32, 0xF1, 0xAE, 0x9F, 0x5A, 0x61, 0x91, 0x27, 0x52, 0x7D, 0xAA, 0x08,
    0x76, 0x0A, 0x07, 0x4F, 0x1D, 0xBC, 0x1C, 0xBE, 0x80, 0x03, 0x48, 0x29, 0xAC, 0xD2, 0x17, 0x3E,
    0x52, 0xFF, 0xAA, 0xEB, 0xA3, 0xEF, 0xAB, 0x87, 0xD5, 0x8D, 0x69, 0xAC, 0x3E, 0xD6, 0x54, 0x36,
    0x6B, 0xD6, 0xF0, 0xD2, 0x0E, 0xDB, 0x80, 0xDB, 0xD1, 0xC8, 0xBF, 0xBC, 0xE5, 0xF4, 0x07, 0x44,
    0x77, 0xBD, 0x4C, 0x83, 0xF7, 0x96, 0x0A, 0x59, 0xD1, 0x98, 0x61, 0x5F, 0xF9, 0x91, 0xFE, 0xC3,
    0xBB, 0xC1, 0xE2, 0x39, 0x9B, 0xAA, 0xBB, 0xB9, 0x56, 0xB4, 0x4C, 0xD5, 0x6D, 0x58, 0xD6, 0xC4,
    0x52, 0x75, 0x21, 0x92, 0x7A, 0x0F, 0x92, 0x8B, 0x37, 0x08, 0xDE, 0x1F, 0x70, 0x27, 0xA6, 0xD8,
    0x97, 0xD0, 0x7C, 0x16, 0xB9, 0x77, 0x9B, 0xA7, 0xCE, 0x88, 0x77, 0x08, 0x19, 0x24, 0x02, 0x36,
    0xE6, 0xF1, 0xB5, 0x23, 0xCC, 0x18, 0x2C, 0x42, 0x0A, 0xE3, 0xDB, 0xFB, 0x92, 0xFE, 0x89, 0x97,
    0xF4, 0xDB, 0x8F, 0x83, 0xF5, 0xB4, 0xEA, 0x70, 0xDF, 0x06, 0xD0, 0xE1, 0xEC, 0x37, 0x5F, 0x5C,
    0x22, 0xF0, 0xC6, 0x50, 0xCA, 0x6C, 0x84, 0x2B, 0x3C, 0x9E, 0x40, 0xB4, 0x8F, 0x8A, 0xD4, 0x2B,
    0xA9, 0x95, 0x6A, 0x98, 0x6E, 0xA1, 0x42, 0xA6, 0xFC, 0x0C, 0x02, 0x6F, 0x08, 0x56, 0x88, 0x68,
    0xE7, 0xA9, 0xE4, 0x05, 0x73, 0x23, 0x42, 0xFD, 0xC3, 0x48, 0x95, 0xB0, 0xCB, 0x26, 0x23, 0x26,
    0x16, 0x40, 0x29, 0xEE, 0xC2, 0x0C, 0x18, 0x98, 0x2D, 0xD8, 0x6C, 0x3D, 0xFD, 0xA9, 0xEF, 0x9B,
    0x85, 0xC8, 0x97, 0xE2, 0xB0, 0x22, 0x65, 0xA0, 0x07, 0xC4, 0xFC, 0x87, 0x23, 0x61, 0xE6, 0x2A,
    0xCD, 0x7E, 0x16, 0x49, 0xF6, 0xEC, 0x10, 0x28, 0x24, 0x46, 0x58, 0x34, 0x59, 0x14, 0x55, 0x78,
    0x66, 0x2F, 0x5E, 0xD5, 0xF1, 0x19, 0xA9, 0x60, 0xA3, 0x64, 0x08, 0xC2, 0x5E, 0x7A, 0x57, 0xDD,
    0x75, 0x75, 0x72, 0x43, 0xCA, 0x75, 0xA3, 0x57, 0x61, 0xCC, 0x86, 0x25, 0x04, 0xF1, 0x80, 0x50,
    0xFD, 0x3E, 0x60, 0x0E, 0x75, 0x83, 0x9A, 0xDE, 0xD2, 0xBA, 0x5E, 0xD3, 0x4E, 0xB5, 0xB0, 0x82,
    0x56, 0xED, 0xD1, 0xE5, 0xA2, 0xD0, 0xD7, 0xB4, 0x0F, 0x8A, 0x93, 0xAA, 0x21, 0x79, 0x26, 0x63,
    0x14, 0x41, 0x52, 0x02, 0x72, 0xE3, 0xDA, 0xAC, 0x83, 0x70, 0x10, 0x0D, 0xFE, 0x2D, 0x2D, 0x69,
    0x21, 0xED, 0x79, 0x3E, 0xCB, 0x9D, 0x9C, 0xEA, 0xA7, 0xE3, 0x53, 0xF1, 0xD9, 0xAE, 0x71, 0xAD,
    0x7E, 0x72, 0x19, 0x2C, 0x9F, 0xBF, 0xC7, 0x11, 0xE1, 0xE3, 0x66, 0x14, 0x3D, 0x55, 0x5D, 0xD4,
    0xA6, 0x03, 0xC4, 0x63, 0x7A, 0xB9, 0xFB, 0xF5, 0x3B, 0xA7, 0x28, 0x7D, 0x7E, 0x17, 0xF0, 0xF8,
    0xE4, 0x03, 0x1E, 0xB6, 0x6E, 0x76, 0x4B, 0x67, 0xB7, 0x7A, 0x76, 0x0B, 0x68, 0xCF, 0x1A, 0xFA,
    0x6D, 0x09, 0x73, 0x70, 0x99, 0x59, 0x2F, 0xB1, 0x87, 0xD8, 0x3B, 0xFB, 0x7B, 0xE6, 0xA2, 0xFC,
    0x6F, 0xEC, 0x01, 0x40, 0x21, 0xFD, 0x39, 0x3D, 0x48, 0xB0, 0xB7, 0x80, 0xD2, 0x6D, 0xC0, 0xCE,
    0x53, 0x9F, 0x66, 0x01, 0xEA, 0x67, 0x29, 0xE2, 0x70, 0xD4, 0xFE, 0x6C, 0x9B, 0x7D, 0xFE, 0xE5,
    0x23, 0x3F, 0x2F, 0xCA, 0x59, 0xE5, 0x8B, 0x6E, 0xDE, 0x46, 0xB5, 0xB6, 0x69, 0xA3, 0xF3, 0xC8,
    0xC1, 0x55, 0xE7, 0x90, 0x15, 0xC2, 0xA2, 0x5D, 0xA9, 0xBC, 0x51, 0x8D, 0x56, 0x5F, 0xEA, 0x08,
    0xAE, 0xEC, 0xB8, 0x89, 0xDA, 0x20, 0xEB, 0xF4, 0xAE, 0xD9, 0xA5, 0xBD, 0x36, 0x7A, 0x3A, 0x3F,
    0x85, 0x44, 0xDD, 0x6A, 0xFB, 0xE6, 0xCA, 0x36, 0xDB, 0x44, 0x9A, 0x21, 0x69, 0xD5, 0xBA, 0x45,
    0xAB, 0x75, 0xFB, 0xCA, 0x2E, 0x4C, 0x98, 0x8A, 0x11, 0x33, 0xD7, 0xFF, 0xE2, 0x00, 0xAF, 0x6D,
    0x65, 0xD7, 0x0E, 0xB4, 0x29, 0xB4, 0x81, 0xB3, 0x09, 0x13, 0xBC, 0x7A, 0xA8, 0x55, 0x0A, 0x45,
    0x5A, 0x86, 0x4D, 0x70, 0xE4, 0xD3, 0xDF, 0xC2, 0x76, 0xC4, 0x60, 0x77, 0x41, 0x0A, 0x84, 0x68,
    0x06, 0x80, 0xDA, 0x15, 0x20, 0xB5, 0xBF, 0xE6, 0x1D, 0xF5, 0xC5, 0x8E, 0x38, 0x99, 0x2F, 0xEF,
    0x90, 0x19, 0x58, 0xA1, 0xDF, 0xFE, 0x93, 0x4D, 0x98, 0x53, 0x49, 0xF5, 0x34, 0x3B, 0xD8, 0x66,
    0x68, 0x2D, 0xB5, 0x1E, 0x09, 0x83, 0x8A, 0x09, 0xF2, 0xA6, 0x72, 0x26, 0xD7, 0x09, 0x93, 0xD1,
    0xFF, 0xF4, 0x08, 0x03, 0xC2, 0x0A, 0xDD, 0x31, 0x5A, 0x90, 0x08, 0xA1, 0x6D, 0x31, 0x9A, 0xB9,
    0x7F, 0xC3, 0xCB, 0x08, 0x2A, 0xD8, 0x1B, 0xDE, 0xDB, 0xBD, 0x61, 0xD2, 0xEC, 0x22, 0x0B, 0x32,
    0xA1, 0xF5, 0xA5, 0x4B, 0x38, 0x89, 0x2D, 0xD9, 0x92, 0xF0, 0x3C, 0xCE, 0x84, 0x33, 0x6D, 0x10,
    0xE6, 0x30, 0xEF, 0x49, 0xF7, 0x5A, 0x07, 0x29, 0x27, 0xD4, 0x00, 0x8E, 0x87, 0x16, 0x7E, 0xEB,
    0xD2, 0x9C, 0xD6, 0xAC, 0xF1, 0xC0, 0xC0, 0x05, 0x15, 0xAE, 0x21, 0x53, 0xF6, 0x3C, 0xC0, 0x1A,
    0xE9, 0x3F, 0xC0, 0xCB, 0xEB, 0x3F, 0xC0, 0xF6, 0x12, 0xDF, 0xEB, 0x36, 0xFC, 0xC7, 0x7C, 0xB5,
    0xA6, 0x98, 0xAF, 0x76, 0xB0, 0x14, 0x69, 0xEF, 0x54, 0x48, 0xCC, 0xB1, 0xE0, 0xCC, 0xB9, 0x30,
    0x79, 0xAF, 0xF2, 0xFA, 0x97, 0x9C, 0x3C, 0x4D, 0xFA, 0xD7, 0xDE, 0xC7, 0x50, 0xBC, 0x4A, 0xE5,
    0xFE, 0xE8, 0x1D, 0x0E, 0xDF, 0xEB, 0xBC, 0xD3, 0xE1, 0xA8, 0xF6, 0xC4, 0x67, 0x62, 0xCE, 0x87,
    0xC1, 0x94, 0xD6, 0x3B, 0x21, 0xE8, 0xC4, 0xA4, 0x17, 0x91, 0xCE, 0x88, 0x65, 0x34, 0xE1, 0xD0,
    0xC2, 0x1D, 0xEA, 0x04, 0xD7, 0x7F, 0x30, 0xFF, 0x30, 0x07, 0xAD, 0x53, 0x74, 0x6C, 0x69, 0x8B,
    0xF1, 0xF9, 0x8D, 0x92, 0x8E, 0xF5, 0x20, 0x1D, 0x6B, 0x94, 0x74, 0x0C, 0x33, 0x06, 0x34, 0xCE,
    0x84, 0x6D, 0x86, 0x96, 0x71, 0xB6, 0xF2, 0xCA, 0x44, 0x85, 0x85, 0xD3, 0x17, 0xCF, 0xEF, 0x06,
    0xF7, 0x6D, 0x05, 0xC2, 0xAF, 0x24, 0x14, 0x76, 0x59, 0x1E, 0xAC, 0xD9, 0x83, 0xBB, 0xCE, 0xFA,
    0xD4, 0x0D, 0x37, 0x3D, 0x05, 0x70, 0x15, 0x20, 0x93, 0x9D, 0x82, 0x8E, 0x03, 0xFE, 0xDE, 0xFE,
    0xE7, 0xFC, 0x22, 0x2F, 0xF4, 0xF5, 0x8F, 0xA7, 0x8A, 0xBC, 0xE0, 0xB6, 0xC6, 0x6A, 0x53, 0x3D,
    0x76, 0x9A, 0x59, 0x91, 0x17, 0x08, 0x74, 0x78, 0x35, 0xB8, 0x51, 0x45, 0x5F, 0xA8, 0xD0, 0x22,
    0x2F, 0x2A, 0xAC, 0xC8, 0x8B, 0x8A, 0xD5, 0xB6, 0xC8, 0x8B, 0x8A, 0xE8, 0x54, 0x91, 0x97, 0xF4,
    0x19, 0x8A, 0xBC, 0x70, 0x5C, 0x38, 0xA7, 0xB5, 0x5D, 0x6B, 0xBB, 0x59, 0x09, 0x26, 0xF7, 0x53,
    0x76, 0xAE, 0xBD, 0xA5, 0x61, 0xEA, 0x5D, 0x69, 0x18, 0x99, 0x95, 0x86, 0x19, 0xB5, 0x75, 0x23,
    0x92, 0xDF, 0x06, 0xBC, 0x6F, 0xEF, 0xF7, 0xFF, 0x84, 0xAD, 0x5E, 0xDC, 0x67, 0xA5, 0x61, 0x7A,
    0x96, 0x86, 0x09, 0xCF, 0x29, 0x0D, 0xF3, 0xBC, 0x3B, 0x5C, 0xF4, 0xD9, 0x55, 0xD5, 0x79, 0x42,
    0xD4, 0xFD, 0x49, 0x76, 0xF8, 0xB3, 0x77, 0xDD, 0xE6, 0xDA, 0x6B, 0xAC, 0xAA, 0xC3, 0xF6, 0xD7,
    0xEA, 0xBA, 0x4F, 0xD7, 0x54, 0x3F, 0xDB, 0xF3, 0x9F, 0x83, 0xA9, 0xFE, 0xBC, 0xC7, 0x8B, 0x06,
    0x30, 0xEE, 0x9D, 0x28, 0x2A, 0xEE, 0x3A, 0x15, 0x35, 0xFE, 0x2D, 0xD3, 0x42, 0xDA, 0x7B, 0x1F,
    0x92, 0x28, 0x79, 0x00, 0x20, 0x6C, 0xE4, 0x36, 0x80, 0x11, 0x83, 0x5C, 0x1F, 0xDE, 0x7E, 0x1B,
    0x86, 0x45, 0x6B, 0x8B, 0x17, 0x7A, 0x76, 0xB5, 0xC8, 0x44, 0xED, 0x05, 0x46, 0xDD, 0x44, 0xA9,
    0x9C, 0xF6, 0x37, 0x55, 0x2C, 0x2B, 0xCC, 0xA4, 0xB2, 0xF0, 0x19, 0x45, 0x35, 0xCC, 0xEE, 0x94,
    0x2E, 0x2A, 0x47, 0xE7, 0xAE, 0xEB, 0x78, 0x03, 0x1F, 0xF0, 0x07, 0x53, 0x58, 0x80, 0x5B, 0x30,
    0xD2, 0x91, 0xFC, 0x70, 0x7B, 0x7B, 0x72, 0xED, 0xEE, 0xEA, 0x9D, 0x75, 0xEC, 0x8E, 0xBD, 0x57,
    0xEF, 0xB5, 0xBC, 0x29, 0xA5, 0x1A, 0xCF, 0x8D, 0x19, 0xCF, 0x95, 0x1A, 0xCF, 0xBB, 0xF4, 0xCC,
    0x0A, 0xC6, 0xA4, 0x6F, 0x0E, 0xAE, 0xD9, 0xB1, 0xAA, 0x93, 0xF7, 0x8B, 0x20, 0xE8, 0xD2, 0x21,
    0x15, 0x3D, 0x18, 0x24, 0xD7, 0x42, 0x7E, 0x0F, 0x2B, 0x00, 0x5C, 0x72, 0x2B, 0xFE, 0x92, 0x08,
    0x41, 0x34, 0xE8, 0x04, 0x86, 0x0F, 0x9F, 0x72, 0xA8, 0x09, 0x22, 0x4C, 0x1A, 0x57, 0x96, 0xFE,
    0x48, 0x1E, 0x6B, 0x2E, 0x59, 0x2C, 0xB5, 0x25, 0x77, 0xAF, 0x07, 0x5C, 0x2C, 0x63, 0xC4, 0xFE,
    0x2D, 0x97, 0xCC, 0x31, 0x97, 0xAC, 0x82, 0x2F, 0xDE, 0x72, 0xC9, 0x7A, 0xF4, 0x27, 0x20, 0x34,
    0xA9, 0x24, 0xCC, 0xBB, 0x72, 0x1E, 0xB5, 0xC5, 0xC1, 0x19, 0x69, 0xA1, 0x10, 0xBB, 0x6F, 0xA8,
    0xF0, 0x9A, 0x62, 0x16, 0x9E, 0x7E, 0x81, 0xE1, 0x01, 0x27, 0x3D, 0x45, 0x4B, 0xE1, 0x73, 0x60,
    0x67, 0x69, 0x9A, 0xFC, 0x71, 0xFE, 0x9A, 0x44, 0x0C, 0x11, 0xC5, 0x99, 0x87, 0x41, 0x82, 0x95,
    0x7E, 0x0B, 0x4A, 0xD4, 0x85, 0x15, 0x30, 0x16, 0x64, 0x2C, 0xE1, 0xA4, 0x98, 0x4C, 0x60, 0x86,
    0x6D, 0x78, 0x57, 0x19, 0xC9, 0xBC, 0x35, 0xB0, 0x18, 0x27, 0xBB, 0x1F, 0x71, 0x28, 0x69, 0xF1,
    0x85, 0xC2, 0x72, 0x47, 0x55, 0xE7, 0x88, 0xC5, 0x38, 0x66, 0x9D, 0xA3, 0x01, 0xE2, 0x83, 0x6E,
    0x86, 0xDA, 0x4F, 0x4F, 0x25, 0x1B, 0xC7, 0x23, 0x44, 0xD4, 0xCF, 0xE1, 0x46, 0xCE, 0x77, 0xC5,
    0x9C, 0x10, 0x17, 0x77, 0xEF, 0x7F, 0x4A, 0xF4, 0x89, 0x13, 0x9F, 0x30, 0x75, 0x77, 0x7E, 0x1F,
    0xE7, 0x8C, 0xE3, 0xA2, 0xC3, 0xBF, 0x2D, 0x17, 0xDD, 0xE7, 0x71, 0xDC, 0xF9, 0x81, 0xDC, 0x63,
    0x1A, 0x7A, 0x96, 0x5A, 0x08, 0xD7, 0xD0, 0xE7, 0x54, 0xFE, 0xD6, 0xCC, 0x02, 0xAB, 0xFB, 0x55,
    0xBD, 0xC3, 0x98, 0x36, 0xFE, 0x93, 0xF5, 0x90, 0x78, 0x36, 0xD3, 0x12, 0x7D, 0x75, 0xFB, 0x73,
    0x3A, 0x0B, 0x82, 0xB4, 0x2F, 0x78, 0x8F, 0x6E, 0xD8, 0xB3, 0xF2, 0xF5, 0x89, 0x90, 0x71, 0x76,
    0x6A, 0xD4, 0xF9, 0xEA, 0xC0, 0x25, 0xC3, 0xE1, 0x7B, 0x67, 0x85, 0x4D, 0x0B, 0x9B, 0x17, 0x36,
    0x31, 0x6C, 0x4A, 0x98, 0xB4, 0xB9, 0x61, 0x93, 0xC3, 0x66, 0x87, 0x4D, 0x0F, 0x9B, 0x1F, 0x36,
    0x41, 0x6C, 0x86, 0xD8, 0x14, 0xB1, 0x39, 0x62, 0x93, 0xC4, 0x66, 0x89, 0x4D, 0x13, 0x9B, 0x27,
    0x36, 0x51, 0x30, 0x53, 0x28, 0xA3, 0x05, 0x8A, 0xDF, 0xD5, 0x94, 0x42, 0x81, 0xB1, 0xB7, 0xF9,
    0x62, 0x13, 0xC6, 0x66, 0x8C, 0x4D, 0x19, 0xDB, 0x39, 0x6C, 0xEB, 0x20, 0xFA, 0x1C, 0x12, 0x9B,
    0x07, 0x40, 0x04, 0xFB, 0x76, 0x8F, 0xE7, 0x90, 0x4A, 0x15, 0x30, 0x95, 0x8A, 0x07, 0x30, 0x81,
    0x45, 0x26, 0xF9, 0xFB, 0x4C, 0xA5, 0x6A, 0x0F, 0xA5, 0x3F, 0x37, 0x95, 0xEA, 0x2E, 0xA4, 0x8F,
    0xB4, 0x5A, 0x04, 0x89, 0x03, 0xB1, 0x90, 0x25, 0x64, 0x44, 0x49, 0x23, 0x80, 0xC5, 0x41, 0xCF,
    0xA6, 0x52, 0xED, 0x42, 0xB1, 0x13, 0x6D, 0x4E, 0xE8, 0x9B, 0xFD, 0x16, 0xE7, 0x33, 0x25, 0x60,
    0xF9, 0x4A, 0xA9, 0xCE, 0x83, 0xFA, 0x00, 0x29, 0xB2, 0x04, 0xAC, 0xB5, 0x4C, 0xFA, 0x51, 0x7F,
    0x72, 0x97, 0x9F, 0xE4, 0xDB, 0x66, 0x5E, 0xDE, 0xB6, 0xB4, 0x7C, 0x60, 0x1F, 0xE2, 0x4F, 0x87,
    0x67, 0xA1, 0xC7, 0xA5, 0x30, 0x12, 0xE1, 0xFD, 0x1C, 0xCC, 0x34, 0xB1, 0x28, 0x3E, 0x39, 0x12,
    0x61, 0x2B, 0x51, 0x6A, 0xE5, 0xB0, 0x92, 0xFA, 0x3C, 0x51, 0x52, 0xE4, 0x96, 0x96, 0xE2, 0xE3,
    0x29, 0x35, 0xDA, 0x52, 0x03, 0xB0, 0x15, 0x40, 0x74, 0x2E, 0x07, 0xA2, 0x88, 0xF6, 0x36, 0x5E,
    0xED, 0x65, 0x7B, 0x25, 0x43, 0x66, 0x9D, 0x01, 0x4C, 0xB2, 0x6D, 0xD9, 0xC9, 0x68, 0xEB, 0x25,
    0xB7, 0xBA, 0x95, 0xE3, 0x47, 0x87, 0xF0, 0xE3, 0x2F, 0xCF, 0xF8, 0xA3, 0x98, 0x95, 0x82, 0x76,
    0x3D, 0x90, 0x3B, 0x8A, 0xDB, 0x16, 0x99, 0xA3, 0xE6, 0x45, 0xE3, 0xE6, 0x21, 0xFD, 0x98, 0x18,
    0x08, 0x16, 0x19, 0x88, 0xB7, 0xEA, 0xB0, 0x55, 0xA3, 0xD6, 0xFE, 0xEC, 0xDE, 0xC7, 0xE6, 0xAE,
    0x00, 0xC2, 0x64, 0x6A, 0x19, 0x1C, 0xA0, 0x5E, 0x9C, 0xAE, 0x4A, 0xF8, 0x6F, 0xEC, 0x6B, 0x9C,
    0x25, 0x1D, 0x43, 0xB5, 0x21, 0x2E, 0x06, 0xA8, 0x7E, 0xD0, 0x6C, 0xA8, 0xA5, 0x3B, 0xAD, 0x32,
    0x1E, 0xC1, 0xBA, 0xC9, 0x1B, 0x06, 0x38, 0x40, 0x89, 0x8C, 0x0E, 0xFB, 0x6F, 0x32, 0x50, 0x65,
    0x10, 0xC3, 0x0D, 0x54, 0x13, 0xE1, 0x0F, 0x67, 0x08, 0x03, 0x3F, 0x9C, 0x11, 0x0C, 0xE9, 0xA0,
    0x06, 0x31, 0x55, 0x7A, 0x4C, 0x5E, 0x91, 0xD6, 0x54, 0x4E, 0xCF, 0x74, 0x32, 0xFE, 0x4D, 0x30,
    0xD7, 0x6F, 0xA0, 0x92, 0x6A, 0xD3, 0xD4, 0xD0, 0x13, 0x2D, 0x1F, 0xCA, 0xE6, 0xA6, 0xDC, 0x87,
    0x5F, 0xD6, 0xA9, 0xCB, 0x58, 0xE3, 0x78, 0x50, 0xA7, 0xBB, 0x58, 0xE5, 0x8C, 0xEC, 0x38, 0x48,
    0xC9, 0xBD, 0xF3, 0xDC, 0x64, 0x00, 0x49, 0xA7, 0xD0, 0xDE, 0x87, 0x43, 0x8B, 0xC6, 0x31, 0xA5,
    0xBA, 0xB9, 0x28, 0x35, 0x92, 0x3B, 0x0D, 0x08, 0x4B, 0x17, 0xB7, 0xCA, 0x5C, 0x65, 0x19, 0x51,
    0xB2, 0xEC, 0x73, 0x24, 0xAC, 0x3C, 0xCD, 0x0C, 0x69, 0xD2, 0xBF, 0x4F, 0xD7, 0xA5, 0x23, 0xDE,
    0xB7, 0x1A, 0x7C, 0xF5, 0xE4, 0x31, 0x1D, 0x29, 0xCD, 0x61, 0xE4, 0x28, 0x07, 0x37, 0x10, 0xB5,
    0x41, 0x0C, 0x87, 0x74, 0x6E, 0x7C, 0x31, 0x96, 0x37, 0xD5, 0x4B, 0x34, 0x20, 0x71, 0x4D, 0x61,
    0x97, 0xFF, 0x5C, 0xEE, 0x06, 0x87, 0x53, 0xFE, 0x99, 0xA6, 0x17, 0xDF, 0x91, 0xAD, 0xCC, 0x33,
    0x91, 0xFF, 0x41, 0xEA, 0xAD, 0x80, 0x92, 0xC2, 0x2A, 0x65, 0x7D, 0xB2, 0x7C, 0xE4, 0xBC, 0x93,
    0x8E, 0x96, 0x81, 0x1C, 0xA0, 0xE9, 0x7D, 0xFE, 0x59, 0x18, 0x21, 0xF9, 0xBF, 0xD1, 0xA6, 0x64,
    0xAA, 0xDA, 0xE7, 0x84, 0x2D, 0xE2, 0xB1, 0x67, 0x89, 0x10, 0x2F, 0xA7, 0x05, 0xC3, 0xDF, 0x2D,
    0x2F, 0x8F, 0x29, 0x80, 0x3F, 0xC3, 0x17, 0x78, 0xD9, 0x1A, 0x7B, 0xE0, 0xD3, 0x58, 0x22, 0xF2,
    0x4F, 0x98, 0x25, 0xA2, 0xD9, 0xB1, 0x44, 0x44, 0x68, 0xE3, 0x1D, 0x63, 0xC4, 0x85, 0x2C, 0x5F,
    0xFE, 0x35, 0xED, 0x73, 0x19, 0xB7, 0xFE, 0x9E, 0x1F, 0x37, 0x3F, 0xD3, 0xD9, 0x0D, 0xD7, 0x0A,
    0x2C, 0x9F, 0xD0, 0x1B, 0x32, 0x2B, 0xCA, 0x73, 0xC6, 0xED, 0x03, 0x76, 0x5F, 0xF2, 0x1E, 0xA5,
    0xCB, 0xCF, 0x8C, 0xDB, 0xF4, 0xEC, 0x2C, 0x1F, 0xE7, 0xF7, 0xBF, 0xB3, 0xFE, 0x5F, 0xC9, 0x3B,
    0x03, 0x48, 0x75, 0x51, 0xD6, 0x83, 0x45, 0xF7, 0xE5, 0x8D, 0x9C, 0x78, 0x37, 0xB6, 0xDC, 0xFC,
    0xAD, 0xC3, 0x04, 0x4B, 0x05, 0x2C, 0x0B, 0xC9, 0x3B, 0xE8, 0x7F, 0xEC, 0xE1, 0xD3, 0xF9, 0x2C,
    0x1D, 0xFF, 0x0F, 0xED, 0x9A, 0x01, 0xA4, 0x25, 0x59, 0x7A, 0xC7, 0x7F, 0x55, 0x35, 0xFD, 0x2A,
    0xBA, 0x42, 0x2D, 0x66, 0xD0, 0x33, 0x92, 0x0A, 0x82, 0xCE, 0x62, 0x2E, 0x2C, 0x60, 0xA7, 0xAB,
    0xD6, 0x84, 0xC1, 0x62, 0x83, 0xB4, 0x00, 0x66, 0x42, 0xB0, 0x03, 0x1E, 0x04, 0xB0, 0x3D, 0x55,
    0xC9, 0x62, 0x11, 0x32, 0x0F, 0x01, 0x60, 0x1B, 0x83, 0xCC, 0x40, 0x43, 0x00, 0xDD, 0x5D, 0x15,
    0x11, 0x23, 0x16, 0xB9, 0x44, 0x44, 0x04, 0x5B, 0x23, 0x83, 0xC8, 0x62, 0x4A, 0xD4, 0x24, 0xB5,
    0x99, 0xAA, 0xFA, 0xB2, 0xF5, 0x7D, 0x9F, 0x72, 0x66, 0xDE, 0xEB, 0x01, 0xB1, 0x73, 0xFB, 0xF5,
    0xFB, 0xDC, 0x3E, 0xFF, 0x7B, 0xA7, 0xDE, 0xDC, 0x5B, 0xDF, 0xF9, 0xFD, 0xCF, 0x39, 0xE7, 0xD4,
    0x39, 0x00, 0xE5, 0x84, 0x46, 0x3D, 0x9B, 0x8A, 0x69, 0xEC, 0x9A, 0x7E, 0x66, 0x9A, 0xFF, 0xE3,
    0xA2, 0x5A, 0xFC, 0xC0, 0xB4, 0xCC, 0x57, 0xD5, 0x27, 0xB9, 0xA8, 0x4E, 0xA6, 0xC9, 0x90, 0xA9,
    0xA6, 0xBD, 0x69, 0xDE, 0xA5, 0x52, 0x01, 0x87, 0x2A, 0x95, 0x06, 0x28, 0x49, 0x54, 0xD7, 0xFB,
    0x7F, 0x24, 0x1D, 0x44, 0x22, 0xB2, 0x69, 0xE2, 0x9A, 0xF5, 0xC4, 0x9B, 0xE6, 0x1D, 0xB1, 0x1C,
    0xE1, 0x50, 0x11, 0x49, 0x0F, 0x35, 0xA6, 0x2B, 0x20, 0x03, 0xF1, 0x0A, 0x91, 0x8C, 0x9C, 0x4B,
    0xCF, 0x23, 0x59, 0xAB, 0x56, 0x06, 0x44, 0xA4, 0x12, 0x57, 0x2E, 0x45, 0x3A, 0x9A, 0x16, 0x8B,
    0x69, 0xF9, 0x55, 0x9D, 0x4D, 0xB3, 0xDE, 0xF4, 0x7C, 0x7D, 0xEB, 0x48, 0xA2, 0x37, 0x55, 0xC8,
    0x23, 0xE9, 0xA8, 0xC7, 0x44, 0x3A, 0xE4, 0x98, 0x48, 0xA3, 0xAF, 0x2A, 0x13, 0x52, 0x21, 0x5F,
    0xC9, 0x84, 0x62, 0x21, 0x17, 0xCA, 0x79, 0xFB, 0x58, 0x4E, 0xE4, 0x0B, 0xF5, 0x48, 0x31, 0x6F,
    0x65, 0x39, 0x53, 0x0F, 0x5E, 0xB6, 0x13, 0xF5, 0x10, 0xC9, 0x48, 0x39, 0x26, 0xED, 0x76, 0x29,
    0x2F, 0x27, 0x0A, 0x79, 0x52, 0xAE, 0x63, 0x26, 0xE3, 0x41, 0xFA, 0x48, 0x9A, 0x6C, 0x25, 0x0C,
    0x22, 0xBD, 0x41, 0xAF, 0x4C, 0xA9, 0x82, 0x52, 0x29, 0x39, 0x3C, 0xE2, 0x0F, 0x4C, 0x0B, 0x31,
    0x2D, 0xA5, 0x51, 0xFD, 0xEE, 0xA1, 0x53, 0xFD, 0x56, 0x61, 0xCA, 0xA1, 0x31, 0x6D, 0x4D, 0xD2,
    0xC9, 0xD5, 0x2F, 0x67, 0xAE, 0x11, 0x61, 0x5C, 0x5B, 0x97, 0xBC, 0xAB, 0x77, 0x23, 0x47, 0xAD,
    0xD0, 0x61, 0x2B, 0xDF, 0xDA, 0xCA, 0x28, 0xD9, 0x4A, 0x52, 0x2D, 0xAD, 0x06, 0x2D, 0x0F, 0x75,
    0x51, 0x34, 0xB0, 0xC7, 0xC9, 0xB8, 0xE5, 0xAF, 0x4D, 0x12, 0xE7, 0x94, 0x1D, 0xB5, 0x5E, 0xD7,
    0xC2, 0xDD, 0xF0, 0xB2, 0xAA, 0x94, 0x9D, 0xFD, 0x51, 0x6E, 0x97, 0x8F, 0x89, 0x26, 0x74, 0x07,
    0xDC, 0x3E, 0x2F, 0x06, 0x75, 0xF8, 0x36, 0xB0, 0x43, 0xD5, 0x4A, 0x48, 0xE4, 0xFB, 0x8D, 0xBA,
    0xE0, 0x1F, 0x34, 0x83, 0x9F, 0xF6, 0x00, 0x4B, 0x3A, 0xAA, 0x0D, 0xA2, 0x19, 0x38, 0xAB, 0xB8,
    0x0B, 0x57, 0xA2, 0x77, 0xF6, 0x0E, 0xDF, 0xE9, 0x1B, 0x7E, 0x8C, 0x3F, 0x66, 0x00, 0x77, 0x80,
    0x5B, 0xC0, 0x3D, 0xE0, 0x26, 0x70, 0x17, 0xB8, 0x0D, 0xDC, 0x07, 0x6E, 0x04, 0x77, 0x82, 0x5B,
    0xC1, 0xBD, 0xE0, 0x66, 0xC0, 0xDC, 0xC0, 0x6E, 0x87, 0xC8, 0x69, 0xB1, 0xB8, 0x96, 0xB7, 0xFE,
    0xD0, 0x38, 0xBD, 0x2D, 0xAA, 0x51, 0x2D, 0x95, 0xEA, 0x6A, 0xDE, 0x4E, 0xC7, 0xCC, 0x9C, 0xDE,
    0xEC, 0xFD, 0x09, 0x2F, 0x8E, 0x1F, 0x9E, 0xDA, 0x3D, 0xDA, 0x1D, 0xFF, 0xD9, 0x7D, 0x20, 0xFD,
    0x99, 0xFE, 0xEE, 0xB9, 0x74, 0x40, 0xFB, 0x83, 0x01, 0xE2, 0x39, 0x99, 0x20, 0x3F, 0xF2, 0x04,
    0x8B, 0x53, 0x6B, 0xFF, 0x87, 0xA3, 0x69, 0x3B, 0x98, 0xFE, 0xB1, 0x6B, 0xAC, 0x7A, 0xF6, 0x61,
    0xAE, 0xA0, 0x0B, 0xF9, 0x2D, 0xE3, 0x27, 0xBF, 0x6F, 0x63, 0x8B, 0xF1, 0xCF, 0x06, 0xEF, 0xE9,
    0xAA, 0x68, 0x7C, 0x71, 0xB8, 0xEF, 0xA3, 0xFD, 0x41, 0xB3, 0xBB, 0xFB, 0x18, 0x00, 0x2D, 0xE3,
    0x11, 0x52, 0xED, 0x10, 0x72, 0xF9, 0x19, 0x50, 0xFE, 0xBC, 0x07, 0xD6, 0x74, 0x84, 0x74, 0x8C,
    0x66, 0xB8, 0xDD, 0xF0, 0xC3, 0x13, 0xF3, 0xC0, 0x1D, 0x5E, 0x52, 0x6D, 0xFB, 0xD7, 0x8D, 0x8D,
    0x28, 0x84, 0xE4, 0x13, 0x99, 0xF4, 0x73, 0x53, 0xF4, 0x84, 0xE1, 0x6C, 0x28, 0xC5, 0x54, 0x6A,
    0x1B, 0x1B, 0xE6, 0x17, 0x7A, 0x6C, 0x38, 0xAB, 0x22, 0xCD, 0x2D, 0x6F, 0x40, 0x44, 0x20, 0x1A,
    0xEB, 0x15, 0xA2, 0x8B, 0x6C, 0x04, 0x8F, 0xC4, 0x27, 0x60, 0xDD, 0x65, 0x67, 0xD8, 0x28, 0x71,
    0x62, 0xCE, 0xC8, 0x9C, 0xF0, 0xC1, 0x4C, 0x4F, 0x2D, 0x4A, 0x3A, 0x12, 0xEB, 0x34, 0xD2, 0xC9,
    0x7A, 0xFF, 0xE2, 0x18, 0x6B, 0x8E, 0xAF, 0xC2, 0x9F, 0xBC, 0x38, 0xC4, 0x2F, 0x45, 0xBC, 0x40,
    0x58, 0x6B, 0xB9, 0x54, 0xAE, 0x10, 0x6A, 0x32, 0xB9, 0x4A, 0xC7, 0xEE, 0x06, 0x19, 0x00, 0x79,
    0x6B, 0x84, 0x64, 0x8E, 0x66, 0x9D, 0x86, 0x3D, 0x60, 0x8F, 0x53, 0x5C, 0x59, 0x58, 0xA5, 0x7F,
    0xCD, 0xCA, 0x82, 0x6C, 0x30, 0x2D, 0x3A, 0xD3, 0xD2, 0x04, 0xFB, 0x83, 0xE8, 0xE2, 0xE2, 0xA1,
    0x0D, 0x34, 0x36, 0xD4, 0x20, 0x6D, 0xA7, 0xDA, 0x7A, 0xBD, 0x15, 0x13, 0x2F, 0xDC, 0x9C, 0x62,
    0xB7, 0x87, 0xB7, 0xAC, 0x06, 0xE0, 0x0D, 0x80, 0x77, 0xDE, 0xF9, 0x5D, 0x1D, 0x64, 0x26, 0xA0,
    0x7E, 0x34, 0x00, 0xA5, 0x3A, 0x27, 0x5B, 0x38, 0xC9, 0x99, 0x45, 0x59, 0x7D, 0x19, 0x7E, 0xE6,
    0x1A, 0x0F, 0x4E, 0xFF, 0x0F, 0x8C, 0xFE, 0x98, 0x38, 0x7D, 0xB9, 0xA1, 0xAF, 0x5F, 0xB0, 0xCF,
    0x2E, 0xBC, 0x62, 0x26, 0xA5, 0xFF, 0xB2, 0xD2, 0x8F, 0x94, 0xBE, 0x9C, 0x3E, 0xFD, 0xC8, 0x84,
    0xC4, 0x69, 0xC6, 0xB9, 0x29, 0xC5, 0x57, 0xFA, 0x80, 0xE3, 0x43, 0xD5, 0x21, 0xB9, 0xE9, 0x03,
    0xC4, 0x15, 0x68, 0xB7, 0x22, 0x52, 0xC2, 0xFC, 0xD8, 0x2C, 0xA1, 0xE5, 0x3D, 0x80, 0x0F, 0xFE,
    0xF4, 0xEE, 0x57, 0x7A, 0x82, 0xC3, 0x49, 0x7B, 0xE1, 0xAC, 0xBA, 0xA5, 0x5A, 0x8E, 0x85, 0xB3,
    0x5D, 0x54, 0xC7, 0x56, 0xE1, 0x44, 0x0F, 0xCD, 0xEE, 0x80, 0x7B, 0x82, 0x9B, 0x71, 0xE1, 0xB2,
    0x27, 0xA2, 0x8B, 0x08, 0x28, 0xE6, 0xAC, 0x81, 0x52, 0x04, 0x78, 0x70, 0x58, 0x37, 0x37, 0xA4,
    0x13, 0x78, 0xBC, 0xC3, 0x73, 0x35, 0x46, 0xC4, 0x8D, 0xCD, 0x17, 0x93, 0x9E, 0x51, 0x3F, 0x4F,
    0xB6, 0x9A, 0x8C, 0x44, 0x8E, 0x37, 0xC4, 0x2F, 0x45, 0x36, 0x9A, 0x1E, 0x9E, 0xF1, 0x04, 0x3A,
    0xEF, 0x4D, 0x47, 0x9D, 0x30, 0x2C, 0xD1, 0xAC, 0x35, 0x68, 0x2E, 0x38, 0x02, 0xD9, 0x7A, 0x8A,
    0x2E, 0x08, 0x22, 0x9B, 0x3C, 0x3D, 0x4F, 0xCE, 0x53, 0xF3, 0xE1, 0xB0, 0x10, 0x11, 0x19, 0x38,
    0x98, 0x20, 0xBF, 0xBC, 0x5F, 0xF7, 0x50, 0x8F, 0xE4, 0x47, 0x68, 0x07, 0xB2, 0xA3, 0xD6, 0x6B,
    0xD6, 0xB9, 0x58, 0x6D, 0xA3, 0x10, 0x54, 0x6C, 0x95, 0x2A, 0x2E, 0xFF, 0xF9, 0x51, 0x03, 0xA9,
    0x23, 0x33, 0x31, 0xFC, 0xBB, 0xAC, 0xE1, 0x73, 0xFF, 0x83, 0x49, 0x39, 0xEF, 0xF2, 0x00, 0xEA,
    0x09, 0xEC, 0xB9, 0x5B, 0x34, 0xEB, 0xAF, 0x26, 0x13, 0xB1, 0x7C, 0x7E, 0xFF, 0x7C, 0xA4, 0xB5,
    0xDB, 0x14, 0x93, 0x30, 0x6C, 0x74, 0x0C, 0xEE, 0x25, 0x15, 0x97, 0x26, 0x5C, 0x45, 0xBC, 0xB6,
    0x56, 0xC4, 0x22, 0x3D, 0xC5, 0x2A, 0x23, 0x75, 0x5F, 0xCE, 0x91, 0x34, 0x87, 0x39, 0x11, 0x0E,
    0x73, 0xB6, 0x50, 0x8E, 0xF9, 0x4C, 0x3B, 0x1C, 0xE6, 0x54, 0xBA, 0x72, 0x15, 0xA1, 0x94, 0xED,
    0xCF, 0x64, 0xAD, 0xA8, 0x47, 0xD8, 0x10, 0x60, 0xEF, 0xCA, 0x91, 0x88, 0x72, 0x26, 0xAD, 0x8A,
    0x95, 0x03, 0x99, 0xFC, 0x62, 0x25, 0x12, 0x99, 0xE0, 0x35, 0x69, 0x08, 0xA2, 0xAD, 0xFC, 0x96,
    0x52, 0xB3, 0x73, 0xB3, 0xDF, 0x28, 0xD1, 0x87, 0x5E, 0x33, 0x8D, 0x91, 0xD0, 0x1A, 0xFD, 0x6D,
    0x33, 0xDC, 0x4B, 0xF9, 0xD1, 0x2E, 0x76, 0x2A, 0x75, 0x98, 0x45, 0xD2, 0x87, 0x12, 0xB9, 0xA9,
    0x9F, 0x7F, 0x9A, 0xD1, 0x07, 0x9A, 0x82, 0x6F, 0x97, 0xF8, 0x5E, 0x49, 0xD1, 0xE1, 0xBB, 0x24,
    0x2D, 0x60, 0x0F, 0x80, 0x3B, 0x2B, 0x2C, 0xBE, 0x21, 0xB0, 0x87, 0xE3, 0x59, 0x03, 0x88, 0x3E,
    0x9A, 0x88, 0x45, 0xF4, 0xEE, 0xBE, 0x90, 0x15, 0xC8, 0x1A, 0x1D, 0x83, 0x6F, 0x7B, 0x13, 0xDB,
    0xE3, 0x9A, 0x70, 0xDA, 0x8D, 0x7D, 0x1B, 0x62, 0x19, 0x0E, 0x90, 0xC9, 0xBA, 0x40, 0xFE, 0x99,
    0xCC, 0x70, 0x88, 0x64, 0x80, 0x3B, 0x28, 0xBC, 0xAF, 0x12, 0x32, 0x44, 0xC6, 0x48, 0x21, 0xA1,
    0x94, 0x50, 0x4C, 0x28, 0x27, 0x14, 0x14, 0x4A, 0x0A, 0x45, 0x65, 0xAC, 0x0C, 0x96, 0x31, 0x32,
    0x5C, 0xF6, 0xDE, 0x80, 0x19, 0x31, 0x14, 0x99, 0x31, 0x73, 0x68, 0x21, 0xB5, 0x6F, 0xBB, 0xB6,
    0x26, 0xF1, 0x64, 0xB5, 0xF7, 0x13, 0xAD, 0xD3, 0x4C, 0xFE, 0xDE, 0x2A, 0xE7, 0xE7, 0x83, 0xEA,
    0x9A, 0xD8, 0xE5, 0x11, 0xAD, 0xAD, 0xB3, 0x86, 0x3B, 0xCF, 0x06, 0xB9, 0x93, 0x74, 0x94, 0x3B,
    0x4B, 0x87, 0xB9, 0xD3, 0x74, 0x75, 0x9E, 0x0E, 0xD4, 0x89, 0x06, 0x48, 0x9D, 0xE9, 0x0E, 0xD5,
    0xA9, 0x3A, 0xCF, 0x50, 0x57, 0x42, 0xB2, 0x86, 0xD6, 0xA0, 0x86, 0x70, 0x9D, 0xEE, 0x8E, 0xD7,
    0xF9, 0x3A, 0x60, 0x9C, 0x30, 0x5F, 0x46, 0xFC, 0xAE, 0x6F, 0x5E, 0xF8, 0xA2, 0x29, 0x93, 0xBC,
    0x82, 0x42, 0xFE, 0x0A, 0xA8, 0xCF, 0xBB, 0xED, 0x52, 0x36, 0x40, 0xD6, 0xC7, 0x13, 0xDC, 0xAE,
    0xF8, 0xE1, 0x49, 0xF1, 0xAE, 0x09, 0xD7, 0xCB, 0xF9, 0xDF, 0xDE, 0xAF, 0x80, 0xE4, 0x5F, 0xAC,
    0x7A, 0xDF, 0xB6, 0x5A, 0xAF, 0xFF, 0x42, 0x7B, 0x9D, 0x25, 0x9E, 0x75, 0x5E, 0xC2, 0x7B, 0xD7,
    0xB1, 0xB5, 0x2E, 0x80, 0x65, 0x76, 0x88, 0xEE, 0x43, 0xF6, 0xBE, 0xE8, 0x86, 0x53, 0x07, 0x52,
    0xF4, 0x24, 0x53, 0xA2, 0x69, 0xB8, 0x5D, 0xBE, 0xA1, 0x0E, 0x35, 0x1B, 0x55, 0x8A, 0x59, 0xE5,
    0x37, 0xBE, 0xAB, 0xC2, 0x8F, 0x80, 0xE8, 0xA3, 0x37, 0x07, 0x6D, 0x06, 0x1F, 0x37, 0x0A, 0xE2,
    0x13, 0xE5, 0xF6, 0x93, 0x11, 0x88, 0xE7, 0x68, 0xE7, 0x76, 0xCD, 0xBA, 0xD7, 0xEC, 0xE8, 0x46,
    0x07, 0xBE, 0x33, 0xF9, 0xF4, 0x33, 0x6C, 0x86, 0x1C, 0xE4, 0x2F, 0x75, 0x35, 0xD2, 0x41, 0xBC,
    0x68, 0x33, 0x1C, 0x4E, 0xB1, 0x19, 0xEA, 0x03, 0xFC, 0x0A, 0xB6, 0xEF, 0xED, 0x80, 0xDA, 0xA6,
    0xE0, 0x53, 0x2D, 0x00, 0x0F, 0x83, 0x45, 0x96, 0x4F, 0x8D, 0x20, 0x93, 0x2E, 0xE8, 0x86, 0x45,
    0x7B, 0xE1, 0x64, 0x62, 0xF1, 0x3E, 0xF8, 0x1A, 0xA1, 0xB6, 0xDA, 0xD1, 0x0A, 0xCD, 0xF1, 0xED,
    0x8D, 0xF8, 0xF3, 0x76, 0x86, 0xB8, 0xD9, 0x90, 0x7A, 0x64, 0x62, 0x79, 0x36, 0x0E, 0x9C, 0x68,
    0x39, 0xE1, 0x7E, 0x17, 0xCC, 0xC3, 0xB1, 0x49, 0xA6, 0xD7, 0x28, 0xFE, 0x6B, 0xB6, 0x59, 0xEC,
    0xAA, 0x1D, 0xAE, 0x76, 0xCB, 0xD1, 0x43, 0x6E, 0x13, 0xC6, 0x8B, 0xB7, 0x1A, 0x49, 0x45, 0x47,
    0xD4, 0x0E, 0x6A, 0x39, 0x12, 0x49, 0x36, 0x90, 0x4E, 0xF1, 0x44, 0xDE, 0xF1, 0x18, 0x8B, 0x93,
    0x5B, 0xB5, 0x44, 0x1F, 0xDA, 0x92, 0xC5, 0x6F, 0xFC, 0xF5, 0xFC, 0x68, 0x8B, 0x15, 0x5F, 0xAA,
    0xD4, 0x95, 0xA5, 0x67, 0xAB, 0x93, 0xE4, 0x68, 0x0B, 0x94, 0x9D, 0xEE, 0xC4, 0x41, 0x4D, 0x26,
    0x0B, 0x5A, 0xB5, 0x4A, 0x15, 0xC4, 0x0B, 0xE5, 0xA9, 0x34, 0x8D, 0x65, 0xE2, 0xBF, 0xEE, 0x55,
    0x95, 0x49, 0x65, 0xE8, 0xAC, 0x28, 0x56, 0x67, 0xC7, 0x61, 0x76, 0x60, 0x56, 0xD8, 0x17, 0x8F,
    0x80, 0x8C, 0x70, 0x2E, 0x72, 0xB1, 0xB1, 0x3A, 0x62, 0x16, 0xB8, 0x7D, 0x41, 0x3B, 0x23, 0x2B,
    0x83, 0x50, 0x3D, 0x85, 0x85, 0x74, 0xA2, 0x68, 0x38, 0xC0, 0xEB, 0x58, 0xB4, 0x72, 0x6C, 0xA5,
    0x7B, 0x24, 0x5D, 0xAA, 0x2B, 0xF5, 0x54, 0xC8, 0x84, 0x5C, 0x17, 0xEB, 0xF9, 0x42, 0x31, 0x73,
    0x98, 0x29, 0x67, 0xCA, 0x89, 0x7A, 0xDC, 0x5E, 0xED, 0x48, 0x3B, 0xFD, 0x4E, 0x2D, 0x63, 0x29,
    0xC7, 0x6C, 0xFD, 0x26, 0x32, 0x8D, 0xAE, 0xCA, 0x34, 0x34, 0xA3, 0x7D, 0xA7, 0x91, 0xCB, 0xC4,
    0x4D, 0x68, 0x65, 0x26, 0xB6, 0xD7, 0x94, 0xAB, 0x42, 0x32, 0x05, 0x9D, 0xCF, 0x42, 0x26, 0x33,
    0xB7, 0x65, 0xB6, 0x1F, 0x2B, 0x47, 0xF3, 0x53, 0x3B, 0x58, 0x1A, 0xD2, 0x83, 0x7A, 0xB7, 0xD3,
    0x3C, 0x12, 0xFD, 0xD7, 0x68, 0x12, 0xDB, 0xBF, 0x4C, 0xFF, 0xFD, 0x39, 0xA9, 0x48, 0x95, 0xC8,
    0x02, 0x6D, 0x8F, 0x07, 0x45, 0x6F, 0x5F, 0xD9, 0x4E, 0x96, 0x82, 0x6D, 0x7F, 0x46, 0xED, 0x5A,
    0x99, 0x57, 0x94, 0xDF, 0xDA, 0xAE, 0xDA, 0x6C, 0x32, 0x69, 0x28, 0x96, 0xAD, 0xC2, 0xD4, 0xC9,
    0x32, 0xE8, 0x2F, 0xB7, 0x83, 0xD6, 0x5B, 0x3B, 0x6A, 0xA5, 0xD5, 0x53, 0x2E, 0x6C, 0x52, 0xAC,
    0x2A, 0xDA, 0x9E, 0xDB, 0x49, 0x2B, 0xAA, 0x1D, 0xEB, 0x4D, 0x64, 0xAC, 0x27, 0x05, 0xD0, 0x4E,
    0x8A, 0xA0, 0x9D, 0x14, 0x42, 0x3B, 0x2A, 0x81, 0x76, 0xD2, 0xEA, 0xAF, 0x27, 0xFC, 0x69, 0x8C,
    0xA3, 0xD6, 0xEE, 0x52, 0x34, 0xD9, 0x54, 0x9A, 0xED, 0xB7, 0x22, 0x59, 0x5B, 0x05, 0x6B, 0x0F,
    0xD5, 0xCE, 0xE4, 0x97, 0xF0, 0xF5, 0x3D, 0x40, 0x76, 0x65, 0x0F, 0x70, 0xBE, 0x25, 0x9B, 0xDA,
    0x12, 0x62, 0x6D, 0xE7, 0x2D, 0xA3, 0x7C, 0x25, 0xDE, 0x8C, 0x47, 0xBA, 0x55, 0x59, 0x95, 0xCB,
    0x56, 0xA1, 0xC5, 0x42, 0xE2, 0x3D, 0x78, 0xB3, 0xB5, 0xDF, 0x5F, 0x95, 0x93, 0xDE, 0xEA, 0x48,
    0x26, 0xDA, 0x41, 0x6A, 0x59, 0x2C, 0xD4, 0xA3, 0x9A, 0x73, 0xD4, 0xD7, 0x84, 0xF4, 0x1C, 0xE6,
    0x8D, 0x4C, 0x2E, 0x8F, 0x56, 0x88, 0xAD, 0x5A, 0x0F, 0x6B, 0x45, 0x10, 0x06, 0x63, 0xEF, 0xE9,
    0x65, 0xC2, 0x5D, 0x65, 0x50, 0x82, 0x67, 0x15, 0x1B, 0x06, 0xA5, 0xD3, 0x85, 0xCF, 0x2A, 0x4C,
    0x6C, 0xC1, 0x83, 0xAF, 0xFC, 0xE2, 0x15, 0x95, 0x21, 0x7C, 0x56, 0x11, 0x5F, 0x60, 0xF1, 0xFC,
    0x93, 0x7E, 0xD7, 0x68, 0xDA, 0xA2, 0xAC, 0xDF, 0xCA, 0x2C, 0x38, 0xA4, 0x98, 0xF5, 0x7B, 0x4D,
    0x44, 0x8A, 0x3A, 0x1A, 0xF6, 0xD2, 0xE3, 0x54, 0x0C, 0xD0, 0x9A, 0x44, 0xB3, 0x96, 0x1F, 0x25,
    0x3E, 0x6E, 0xBF, 0xAF, 0xA0, 0x0F, 0xF2, 0xAF, 0xF6, 0x47, 0xEF, 0x0F, 0xE0, 0xE7, 0xAE, 0xE0,
    0xEA, 0x15, 0xC3, 0x65, 0xB4, 0xCE, 0xD6, 0xE1, 0xEE, 0x74, 0x1D, 0x2F, 0xCE, 0x17, 0x07, 0x8C,
    0x13, 0xC6, 0x11, 0xE3, 0x8C, 0x71, 0xC8, 0x38, 0x65, 0x1C, 0x33, 0xCE, 0x19, 0x07, 0x8D, 0x93,
    0xC6, 0x51, 0xE3, 0xAC, 0x71, 0xD8, 0x38, 0x6D, 0xC7, 0x8D, 0xF3, 0xC6, 0x81, 0xE3, 0xC4, 0x71,
    0xE4, 0x3B, 0x73, 0x87, 0xEE, 0xF1, 0x6A, 0x15, 0xD4, 0x5A, 0x34, 0x01, 0xB1, 0x7C, 0x7C, 0xD4,
    0x2A, 0xFB, 0x67, 0xAD, 0xB1, 0x7F, 0x1B, 0xF4, 0x7A, 0xEC, 0x13, 0xD7, 0xA7, 0x66, 0xFB, 0x3B,
    0x70, 0x25, 0x7A, 0x63, 0xEF, 0xF0, 0x9D, 0xBE, 0xE3, 0x77, 0xFE, 0x98, 0x01, 0x30, 0x07, 0x60,
    0x16, 0xC0, 0x3C, 0x80, 0x99, 0x00, 0x73, 0x81, 0xDB, 0xC0, 0x7D, 0xE0, 0x46, 0x70, 0x27, 0xB8,
    0x15, 0xDC, 0x0B, 0x6E, 0x06, 0x73, 0x43, 0x60, 0x87, 0xA7, 0x68, 0x94, 0x04, 0xA7, 0xEF, 0xEC,
    0xF8, 0x9D, 0x9F, 0xBF, 0xF3, 0x03, 0x78, 0xE6, 0x04, 0x33, 0xC2, 0x63, 0xC2, 0xB8, 0x26, 0xED,
    0xBB, 0x0C, 0x0E, 0x67, 0x67, 0xDD, 0xFD, 0x0A, 0xE2, 0x7F, 0xD7, 0xF4, 0xDF, 0xD6, 0xB6, 0x5E,
    0x7E, 0x3C, 0x42, 0xA4, 0x9B, 0x01, 0xE9, 0x40, 0x8D, 0xC5, 0x89, 0xB5, 0xEC, 0xAC, 0x57, 0x39,
    0x4C, 0x04, 0xE7, 0xE9, 0x30, 0x89, 0xFC, 0x8C, 0xED, 0x11, 0xFC, 0x4C, 0x1D, 0xE5, 0x67, 0xEA,
    0x75, 0xC9, 0x06, 0x35, 0x6E, 0xEC, 0x78, 0x9F, 0x5C, 0x2B, 0xAE, 0xDB, 0xBB, 0x4F, 0x01, 0xF2,
    0x19, 0xE0, 0x37, 0xDF, 0x00, 0x40, 0xCB, 0x68, 0x82, 0x44, 0xFE, 0xEE, 0x08, 0x99, 0xFC, 0x53,
    0x85, 0xAF, 0x40, 0xDB, 0x64, 0xD2, 0x66, 0xBC, 0xC2, 0xD9, 0x05, 0xBF, 0x77, 0x5A, 0x8C, 0x6D,
    0xF9, 0x48, 0x39, 0xE5, 0x15, 0x20, 0xD2, 0x2A, 0xD9, 0x7A, 0xC1, 0x4E, 0xC8, 0x59, 0x87, 0x1E,
    0x8E, 0xDB, 0x87, 0x17, 0xA7, 0x09, 0xEB, 0xDE, 0x6E, 0x05, 0xC5, 0x92, 0x76, 0x7A, 0xA9, 0x81,
    0xE9, 0x5C, 0x80, 0x87, 0x67, 0x13, 0x1E, 0xBE, 0x62, 0xCC, 0xF4, 0xFF, 0x3B, 0x7C, 0xA6, 0xC0,
    0xDF, 0x74, 0xE0, 0xD6, 0x6D, 0x9F, 0x16, 0xF0, 0xC4, 0x30, 0xE6, 0x86, 0xB1, 0xB4, 0xC5, 0xAF,
    0x7C, 0x5F, 0x5B, 0xEC, 0x1C, 0x9F, 0x00, 0xCD, 0xD3, 0x99, 0x5A, 0xEF, 0x68, 0x7B, 0xF5, 0xBD,
    0xA2, 0xFD, 0xF1, 0xA4, 0x97, 0x17, 0x48, 0x7B, 0xEE, 0xB1, 0xC7, 0xF3, 0x35, 0x15, 0x27, 0x13,
    0x53, 0xAD, 0x3F, 0x8D, 0x7A, 0x30, 0x45, 0x1A, 0xD3, 0x44, 0xAF, 0x98, 0x1F, 0xAE, 0x88, 0x9A,
    0xFD, 0xEF, 0xCD, 0x16, 0x91, 0x74, 0x6E, 0x0C, 0xE9, 0xDC, 0x1A, 0x6D, 0xE3, 0xE6, 0x28, 0x2B,
    0xB3, 0x47, 0x77, 0x0F, 0x33, 0x48, 0x3F, 0x61, 0x16, 0xF9, 0xE2, 0x68, 0x08, 0xCC, 0x48, 0x15,
    0x38, 0x5E, 0x7B, 0xE3, 0x56, 0x01, 0x37, 0x0B, 0xB8, 0x5D, 0xC0, 0x0D, 0x03, 0x6E, 0x19, 0xBB,
    0x1C, 0xF9, 0x1B, 0xB5, 0x22, 0x6E, 0x1C, 0x30, 0xEB, 0x84, 0xDF, 0xEE, 0xF6, 0x01, 0x37, 0x10,
    0x6E, 0x21, 0x33, 0x81, 0xF9, 0xC0, 0x6D, 0x64, 0x46, 0xEA, 0x21, 0xB4, 0x92, 0xFD, 0x42, 0xD0,
    0x9E, 0xFC, 0xF9, 0xCF, 0x18, 0xEC, 0xB5, 0x46, 0x0B, 0xB7, 0xF4, 0x80, 0x08, 0x07, 0xFB, 0xBF,
    0xCB, 0xC1, 0x45, 0xAD, 0xF2, 0x2B, 0x49, 0x45, 0xFA, 0xBC, 0x57, 0xB3, 0xE4, 0x9D, 0xBA, 0x25,
    0xAF, 0xD4, 0x2E, 0x0F, 0xCC, 0x2F, 0xFD, 0xAF, 0x73, 0xE6, 0x96, 0xAF, 0x38, 0x79, 0x31, 0x25,
    0x92, 0x06, 0xA7, 0xDD, 0x11, 0x9E, 0x65, 0xB0, 0x55, 0x59, 0x18, 0x37, 0xAE, 0x08, 0xCC, 0xA0,
    0x49, 0x03, 0xAD, 0xAF, 0x66, 0x87, 0x70, 0x8B, 0x22, 0x9A, 0xD5, 0x15, 0xDC, 0x3D, 0x7D, 0x57,
    0x84, 0xCB, 0x76, 0x9F, 0x00, 0x04, 0xC7, 0x0C, 0x7C, 0xF1, 0x1E, 0x2E, 0xDF, 0x83, 0xCE, 0xA2,
    0x6C, 0x4C, 0xE3, 0xDD, 0x55, 0x03, 0xFE, 0x66, 0xB7, 0xD0, 0x05, 0x37, 0xDD, 0xC8, 0xBB, 0x04,
    0x0F, 0x77, 0x73, 0xBB, 0xEE, 0xCF, 0x01, 0x48, 0x55, 0xF6, 0x59, 0x78, 0xE7, 0x9D, 0x8A, 0xCA,
    0x40, 0x64, 0x52, 0x1C, 0x4F, 0xDE, 0x45, 0x61, 0xB4, 0xD5, 0xAB, 0xDE, 0x54, 0xFA, 0x7B, 0x6E,
    0xAB, 0x75, 0x06, 0x74, 0xF3, 0x7F, 0xB2, 0x44, 0xED, 0xC9, 0xBF, 0x36, 0x91, 0x86, 0x4B, 0x71,
    0xE3, 0x99, 0x2B, 0x8E, 0x8F, 0x24, 0xE1, 0xF1, 0x11, 0xF2, 0xA6, 0x9D, 0x6F, 0x55, 0xDC, 0xA6,
    0xE8, 0x4F, 0xBF, 0x93, 0xB9, 0xC1, 0xFA, 0xAC, 0xA8, 0x1B, 0x53, 0xA4, 0x37, 0xF5, 0x86, 0x01,
    0x91, 0x1C, 0x83, 0x6D, 0x16, 0x0F, 0x1B, 0x57, 0xE0, 0xB9, 0x41, 0xBE, 0x47, 0x3A, 0x85, 0x9B,
    0x68, 0xE5, 0x1A, 0x4E, 0x4D, 0x6D, 0xD8, 0x2C, 0x45, 0x86, 0x5C, 0x64, 0xD7, 0x48, 0x16, 0xA8,
    0x8F, 0xC6, 0xA9, 0xC4, 0xF4, 0x9E, 0xEF, 0x89, 0x3C, 0x70, 0x5A, 0x8F, 0x1D, 0xD6, 0x1C, 0x6A,
    0x03, 0xCE, 0x2E, 0x1A, 0xD1, 0x5C, 0xE2, 0xC1, 0x58, 0x25, 0xBB, 0x9A, 0x4F, 0xD2, 0xDE, 0x6C,
    0x92, 0x1E, 0xED, 0x66, 0xB2, 0xCE, 0x28, 0xE7, 0x9B, 0x6E, 0xD8, 0x1B, 0xD3, 0xC2, 0x6D, 0x50,
    0x62, 0x9F, 0xDF, 0x73, 0x37, 0xA8, 0x19, 0x84, 0xD4, 0xBC, 0xF0, 0xBF, 0x8A, 0x2C, 0xF6, 0x23,
    0xA4, 0xBC, 0x26, 0x9F, 0x72, 0x55, 0x78, 0xD7, 0x6F, 0xB6, 0xC4, 0x5D, 0xE9, 0x5F, 0xEC, 0x53,
    0x7B, 0xDF, 0x5E, 0x8A, 0xA4, 0x6B, 0xA5, 0x8B, 0x75, 0x93, 0x29, 0xF1, 0x7D, 0xA6, 0xC6, 0x56,
    0x40, 0xA9, 0x1E, 0x0D, 0xB5, 0x57, 0x6E, 0xAF, 0x15, 0xDF, 0x79, 0xB2, 0xCD, 0x27, 0x7D, 0x95,
    0xFA, 0xAA, 0x27, 0x25, 0x36, 0x51, 0x8E, 0x91, 0x8C, 0x7A, 0xC8, 0x74, 0xA4, 0x1D, 0xF3, 0x7A,
    0xA0, 0x5E, 0x1F, 0xD7, 0xBA, 0x29, 0xA5, 0xFB, 0x52, 0x5D, 0x29, 0xC7, 0x6C, 0xB9, 0x74, 0x5C,
    0x35, 0x9E, 0x71, 0xB3, 0x43, 0xA1, 0x65, 0xBE, 0x06, 0x50, 0x39, 0x7B, 0x68, 0x5A, 0x2E, 0xA6,
    0xAD, 0x98, 0xFE, 0x4D, 0x5D, 0xA9, 0x7E, 0xAB, 0x0C, 0x3B, 0x80, 0x7D, 0x84, 0x23, 0xEF, 0x5D,
    0x2B, 0x57, 0xDC, 0xE5, 0xAE, 0x5C, 0x6F, 0x5F, 0xD8, 0xBC, 0x2B, 0xF3, 0xED, 0x81, 0xE3, 0x56,
    0x6A, 0x8D, 0xBC, 0x94, 0xF5, 0xEC, 0x13, 0x2D, 0xAD, 0xC2, 0x78, 0xB2, 0x09, 0xB9, 0x96, 0x3D,
    0x7B, 0x9C, 0x86, 0x4F, 0xCC, 0x18, 0x81, 0x83, 0x69, 0xF7, 0xDE, 0xCC, 0xC9, 0xBA, 0x53, 0xAC,
    0x06, 0x2F, 0xC7, 0xEC, 0x9A, 0x38, 0x66, 0x79, 0x33, 0x78, 0x63, 0xC0, 0x11, 0x9C, 0xF8, 0xE2,
    0xC8, 0xA3, 0xC9, 0x99, 0xA7, 0xBD, 0x41, 0x7F, 0x2A, 0x95, 0xD1, 0x96, 0x4F, 0x77, 0xEC, 0x3B,
    0xF7, 0x1D, 0xFC, 0x4E, 0xDE, 0x91, 0xEF, 0x6F, 0x7A, 0xD8, 0xE1, 0xEF, 0xF4, 0x77, 0xFC, 0x3B,
    0xFF, 0xDD, 0x00, 0xBB, 0x03, 0x76, 0x0B, 0xB8, 0x07, 0x02, 0x13, 0xB8, 0x0B, 0x02, 0x1B, 0xB8,
    0x0F, 0x42, 0x23, 0xD8, 0xF8, 0x41, 0xB8, 0x42, 0x3B, 0x4C, 0xA6, 0xF5, 0xD1, 0x54, 0x4C, 0x92,
    0x09, 0x5E, 0xB1, 0xE3, 0xFB, 0xB4, 0x8D, 0x5F, 0xEA, 0x70, 0x35, 0x27, 0x88, 0x7B, 0xA1, 0x6C,
    0xCC, 0x0D, 0x25, 0xE6, 0x87, 0x37, 0x50, 0x47, 0x7C, 0x6F, 0x44, 0x3D, 0xF1, 0xD3, 0xC6, 0x5C,
    0xF1, 0x29, 0xEE, 0x0B, 0xDC, 0x19, 0xB8, 0x37, 0x70, 0x77, 0xE0, 0xFE, 0xC0, 0x1D, 0x82, 0x7B,
    0x04, 0x77, 0x09, 0xEE, 0x13, 0xDC, 0x29, 0xB8, 0x57, 0xC0, 0xDC, 0x02, 0xE6, 0x17, 0x30, 0xC7,
    0x04, 0xC3, 0x00, 0xFA, 0xD9, 0x9D, 0x62, 0xCA, 0x9E, 0x97, 0x4F, 0x7B, 0x7D, 0x92, 0x1C, 0xC6,
    0x8D, 0x67, 0x14, 0x92, 0x69, 0x26, 0x61, 0x53, 0x0B, 0xEA, 0xEF, 0xD0, 0x99, 0x66, 0x83, 0x79,
    0x26, 0xBA, 0x78, 0xBE, 0x3D, 0x63, 0xA3, 0x4C, 0x38, 0xCC, 0xD0, 0x0A, 0xF8, 0x40, 0x03, 0xE1,
    0x48, 0xE3, 0x43, 0x4D, 0x38, 0xD6, 0x90, 0x8F, 0xA6, 0xC6, 0x21, 0x1C, 0x76, 0xB8, 0x7D, 0x63,
    0x27, 0x1B, 0x8C, 0xF6, 0xE1, 0xC8, 0x07, 0xA4, 0x7D, 0x48, 0xF2, 0x41, 0x29, 0x5C, 0xFF, 0xDB,
    0xD8, 0xEE, 0x43, 0x93, 0x65, 0x73, 0x67, 0xD3, 0xFE, 0x39, 0xB7, 0x59, 0x78, 0x76, 0x5D, 0xD5,
    0x8E, 0xAF, 0x2B, 0xBD, 0x75, 0xC1, 0xD7, 0xB1, 0x66, 0x97, 0x42, 0xD7, 0x0E, 0x5C, 0x79, 0x94,
    0x9D, 0x1B, 0x53, 0xED, 0x51, 0x36, 0x67, 0x15, 0x10, 0x89, 0x6D, 0x42, 0xF9, 0x52, 0x96, 0xEC,
    0x17, 0xB2, 0x58, 0x43, 0x94, 0x89, 0x57, 0xD0, 0xD5, 0xEC, 0x73, 0x6F, 0x9E, 0x1B, 0xE8, 0x97,
    0xA2, 0x35, 0xB1, 0x34, 0x82, 0x87, 0x61, 0x96, 0x4F, 0xB8, 0x59, 0xE3, 0xF1, 0x8A, 0xC9, 0xF5,
    0xE8, 0x48, 0x82, 0x04, 0x0D, 0x9C, 0x6A, 0xEE, 0x99, 0x67, 0xFE, 0x39, 0x5E, 0xB0, 0xF0, 0x7E,
    0xB7, 0x1D, 0x54, 0x0E, 0x26, 0xF9, 0xE4, 0x0B, 0xB1, 0xB0, 0x42, 0xAF, 0x38, 0x2F, 0x52, 0x8B,
    0x74, 0xB5, 0x4C, 0xAD, 0x48, 0x53, 0xCB, 0x98, 0x49, 0x4F, 0x22, 0x55, 0x22, 0x47, 0xE2, 0x99,
    0x4D, 0x92, 0x51, 0x6D, 0x96, 0xF5, 0x6A, 0xBB, 0xBC, 0x53, 0x29, 0x35, 0x2F, 0x9E, 0x68, 0xDA,
    0x91, 0x66, 0x3D, 0x27, 0x83, 0xFA, 0x46, 0x3D, 0x52, 0x2C, 0x6A, 0x8C, 0x7C, 0xBD, 0x67, 0x37,
    0xFC, 0xD8, 0xF2, 0x18, 0x0C, 0xE0, 0xD1, 0xC9, 0x06, 0x38, 0x53, 0x13, 0x4F, 0x2D, 0x17, 0x02,
    0x39, 0xA8, 0xBC, 0x2A, 0xF2, 0x1F, 0xFA, 0x41, 0xB4, 0xD2, 0x4D, 0xDC, 0x73, 0x4A, 0x45, 0x25,
    0x5D, 0x55, 0x22, 0x09, 0x1F, 0x38, 0x9B, 0x81, 0x09, 0x23, 0x96, 0x99, 0x78, 0x22, 0x91, 0x79,
    0xE3, 0x1A, 0xCB, 0xA2, 0x8C, 0x0F, 0xAB, 0x1F, 0x5A, 0x24, 0x5A, 0x55, 0x58, 0xED, 0x9E, 0x16,
    0xBB, 0x43, 0x5B, 0x1B, 0x46, 0x93, 0xEE, 0x02, 0x6E, 0xF9, 0x46, 0x72, 0xD4, 0xE6, 0x22, 0xBD,
    0xA6, 0x2D, 0x43, 0x51, 0x29, 0x88, 0xD2, 0x76, 0xCF, 0x34, 0xED, 0xF2, 0xF3, 0x49, 0xE5, 0x7F,
    0x86, 0x60, 0xAB, 0xBC, 0x90, 0x26, 0xC8, 0x30, 0x9B, 0x4D, 0xC6, 0x70, 0x8D, 0x5B, 0x76, 0x96,
    0x49, 0xF8, 0x17, 0x6A, 0xA4, 0x7B, 0x8F, 0x44, 0xDB, 0xA1, 0x2C, 0xF6, 0x85, 0x17, 0xD7, 0x01,
    0x63, 0x18, 0x3E, 0x30, 0xDA, 0xEF, 0x44, 0x26, 0x48, 0xAF, 0x52, 0x37, 0xFF, 0x0F, 0xFC, 0x54,
    0xE2, 0x41, 0x57, 0xFE, 0x89, 0xF1, 0xCB, 0x3A, 0xC3, 0xF8, 0x25, 0x7E, 0x3F, 0x52, 0x0E, 0x83,
    0xF1, 0xFB, 0xEF, 0x67, 0xF3, 0xCB, 0x9F, 0xCD, 0x0F, 0x49, 0xB5, 0xF3, 0x9D, 0x73, 0xD1, 0xAF,
    0x2C, 0x44, 0xF9, 0x15, 0xAB, 0xF2, 0xCB, 0x46, 0x5E, 0x53, 0x7E, 0x5A, 0x35, 0x8D, 0x8A, 0x8C,
    0x9E, 0xA0, 0xCA, 0x27, 0x0A, 0x99, 0xCA, 0x04, 0x77, 0xF9, 0x18, 0xBA, 0x5B, 0xE1, 0xC0, 0x1B,
    0x26, 0x2F, 0x5F, 0x9F, 0xA6, 0x4D, 0x36, 0xA9, 0x94, 0xA2, 0xF2, 0x9E, 0x7D, 0xD1, 0x77, 0x3C,
    0xED, 0x32, 0x3C, 0x31, 0x97, 0x4E, 0xDE, 0xD0, 0xC3, 0xF9, 0xFA, 0xAD, 0x6B, 0xDC, 0xDE, 0x2D,
    0x2C, 0xF3, 0x87, 0xFA, 0x9F, 0xBF, 0x37, 0x28, 0xF2, 0x2F, 0x7A, 0x60, 0x6D, 0xA5, 0x83, 0x68,
    0x28, 0x44, 0xF7, 0x9A, 0xF7, 0x91, 0xE2, 0xBA, 0x75, 0xFE, 0xE1, 0x06, 0xD2, 0xBE, 0x7D, 0x94,
    0xDB, 0xE6, 0x51, 0x61, 0x5B, 0x47, 0xF7, 0xEC, 0xF9, 0xF8, 0x5D, 0xCE, 0x9B, 0xEB, 0x3E, 0x06,
    0xFC, 0x1F, 0xBD, 0x99, 0x47, 0x90, 0xE5, 0x4A, 0x56, 0x86, 0x3F, 0x49, 0xC3, 0x53, 0x0C, 0x62,
    0x42, 0x78, 0x0F, 0x9A, 0x25, 0x3C, 0xA7, 0x25, 0xB6, 0x2B, 0x13, 0xEF, 0xA1, 0xB7, 0x78, 0xBB,
    0xC1, 0xB3, 0xC3, 0x76, 0x4B, 0x78, 0xEF, 0xF7, 0x81, 0x77, 0x35, 0x0B, 0xBC, 0xEF, 0xEE, 0xD4,
    0xF8, 0xAD, 0xF0, 0xCB, 0x27, 0xBC, 0xA7, 0x73, 0x40, 0x2F, 0x22, 0x7B, 0x5E, 0x4A, 0x07, 0x9D,
    0x94, 0x6E, 0xC7, 0x2D, 0xDA, 0xE0, 0x6A, 0xE6, 0x94, 0xEE, 0x97, 0x79, 0x53, 0xA9, 0xFF, 0xB8,
    0xEB, 0xEB, 0xA6, 0x7F, 0x9A, 0xBD, 0x3B, 0xF6, 0x63, 0x8B, 0xA1, 0xAE, 0x29, 0x22, 0xD9, 0xAC,
    0xAC, 0x85, 0x8F, 0xFD, 0x8F, 0xE1, 0xDD, 0xBD, 0xC5, 0x73, 0x0D, 0x07, 0x30, 0xC1, 0x37, 0xC1,
    0x87, 0xE0, 0xC4, 0x8A, 0xF4, 0xFE, 0x43, 0xF1, 0xDF, 0x84, 0x9F, 0xF0, 0x5C, 0x9B, 0x87, 0x7C,
    0xA0, 0xB2, 0xBC, 0x00, 0x9D, 0xF4, 0x4E, 0x86, 0xE7, 0x8B, 0xA1, 0xFA, 0x84, 0x21, 0x7F, 0xE3,
    0x40, 0x71, 0x3D, 0x87, 0x91, 0x68, 0x24, 0x74, 0x32, 0x3B, 0xF1, 0xE7, 0xF3, 0xAF, 0xBA, 0xBC,
    0xBC, 0xFC, 0x15, 0x27, 0x22, 0x8B, 0x28, 0x9E, 0xBD, 0xDC, 0x0C, 0xA3, 0x73, 0xBA, 0x44, 0x5D,
    0x49, 0xF6, 0xCB, 0x46, 0x0E, 0x8B, 0x9D, 0x1C, 0x16, 0x9E, 0x7E, 0xF6, 0x82, 0x8B, 0x77, 0xF2,
    0xD1, 0x6A, 0x00, 0x46, 0xA1, 0x91, 0xFD, 0x3C, 0x6A, 0x9A, 0xE2, 0x4F, 0x6B, 0x8A, 0x5E, 0x36,
    0x9B, 0xC8, 0x2C, 0x1D, 0xF9, 0x4A, 0x3D, 0xD2, 0xF6, 0x18, 0xE8, 0x7A, 0xDC, 0x84, 0x78, 0xDC,
    0x8C, 0xF1, 0x34, 0x23, 0x59, 0xA0, 0x14, 0x2A, 0xB1, 0xA5, 0xF4, 0x85, 0x58, 0x04, 0x3A, 0xB8,
    0x4B, 0x1E, 0x68, 0x27, 0x6E, 0xC3, 0x4D, 0xC8, 0x22, 0x85, 0x50, 0xA6, 0x3D, 0xB9, 0xF4, 0x38,
    0xFB, 0xE8, 0x9E, 0x3C, 0xD4, 0x4B, 0xBB, 0x98, 0x68, 0x82, 0x19, 0x0C, 0x86, 0xC6, 0xD6, 0x53,
    0x3E, 0xF3, 0x5A, 0x32, 0x9B, 0x43, 0x97, 0xE2, 0x28, 0x16, 0xEA, 0x31, 0xC5, 0x62, 0x2C, 0x86,
    0x4E, 0xE3, 0x71, 0x16, 0x37, 0xC9, 0x88, 0xF8, 0x14, 0xD5, 0x06, 0xE3, 0x3B, 0x8D, 0xAC, 0x19,
    0xC8, 0x42, 0xAE, 0xD1, 0xA5, 0xF8, 0x3E, 0x43, 0x03, 0xF8, 0x41, 0xB1, 0x85, 0x7C, 0x82, 0x80,
    0xEC, 0x71, 0xDE, 0xD3, 0x28, 0x22, 0x79, 0xC8, 0x67, 0xDA, 0xA9, 0x1D, 0xB9, 0xAD, 0x4B, 0x37,
    0xF9, 0x31, 0x60, 0xC9, 0x22, 0xBA, 0x79, 0xC3, 0xF7, 0x6A, 0x6A, 0x6F, 0x95, 0x3E, 0x93, 0x37,
    0x68, 0xF4, 0xBD, 0x3B, 0xBC, 0xDF, 0xE6, 0x2E, 0x59, 0xCC, 0x02, 0xCD, 0xD4, 0x4E, 0x18, 0xDB,
    0x59, 0xDE, 0x5D, 0x73, 0x29, 0xE7, 0x3C, 0x36, 0xB1, 0x5A, 0x4D, 0x6C, 0xD6, 0x2E, 0x9A, 0xC5,
    0x79, 0x13, 0x5C, 0x6F, 0xC6, 0x7B, 0x18, 0x6E, 0xD1, 0x6E, 0xAC, 0xFB, 0x7A, 0xAA, 0xE6, 0xC2,
    0x67, 0x81, 0x2F, 0xE1, 0xBD, 0xA1, 0x1B, 0xD9, 0x30, 0x28, 0x7A, 0x05, 0x27, 0xDC, 0x52, 0xDC,
    0x81, 0x57, 0xF3, 0x7B, 0x59, 0xDF, 0xAC, 0x22, 0x43, 0x2B, 0x1B, 0xCC, 0x86, 0xFE, 0xC3, 0x3F,
    0xDE, 0x7F, 0xA0, 0xA5, 0xF0, 0x40, 0x3D, 0x03, 0x4D, 0x00, 0x8C, 0xA2, 0xF5, 0x3A, 0x9B, 0x14,
    0xA3, 0x62, 0x50, 0xF4, 0x0A, 0xAB, 0x00, 0xB8, 0x7D, 0xAE, 0x7E, 0x20, 0x28, 0x66, 0x85, 0x3F,
    0x21, 0x9B, 0x80, 0x7C, 0xD4, 0x59, 0x0F, 0x3A, 0x48, 0xE2, 0x9A, 0xB8, 0x24, 0xC6, 0xC4, 0x19,
    0x78, 0xF6, 0xA6, 0xFF, 0x7C, 0x8B, 0x06, 0xB7, 0x13, 0xBA, 0x7F, 0xFE, 0x67, 0x81, 0x9B, 0xE5,
    0xF8, 0x2E, 0x40, 0x3D, 0x71, 0x0A, 0x0E, 0x93, 0xD8, 0x0E, 0xCA, 0xDA, 0x26, 0x2A, 0x78, 0x4D,
    0xE2, 0x87, 0x24, 0xDE, 0x48, 0xBC, 0xA7, 0xC8, 0x45, 0x59, 0x24, 0xE6, 0x0F, 0xDD, 0xF2, 0xE2,
    0x8F, 0xFB, 0xAF, 0xEE, 0x1F, 0xE3, 0xF0, 0xDD, 0x8B, 0x31, 0x03, 0xAA, 0x31, 0x09, 0x27, 0x36,
    0x89, 0x26, 0xF1, 0xD9, 0x5E, 0xE9, 0x7E, 0xAC, 0x94, 0x50, 0xCB, 0xD2, 0xCA, 0x6A, 0x44, 0x4E,
    0xC7, 0x6A, 0x74, 0x25, 0xD6, 0xE2, 0x33, 0xE9, 0x2D, 0xF0, 0x7B, 0x80, 0xEB, 0xC1, 0x05, 0x70,
    0xDA, 0x7F, 0x09, 0x38, 0x59, 0x71, 0x32, 0xE1, 0x56, 0x70, 0x33, 0x38, 0x0B, 0xBF, 0x05, 0xEC,
    0x8E, 0x3A, 0xEF, 0x66, 0x99, 0x9D, 0x6F, 0x87, 0x66, 0xC4, 0xD1, 0xF9, 0x5C, 0x06, 0x37, 0x17,
    0x32, 0x88, 0xC2, 0xF9, 0x42, 0xFA, 0x76, 0x60, 0xA5, 0x9A, 0x68, 0x7A, 0x8C, 0x35, 0x33, 0x9D,
    0x47, 0x06, 0x13, 0x70, 0x3E, 0x93, 0xD1, 0xCC, 0xC7, 0xE8, 0xD3, 0xB3, 0x4D, 0x55, 0xDA, 0x9E,
    0x8E, 0x6A, 0x32, 0x31, 0xFD, 0x85, 0x7A, 0x72, 0x32, 0x88, 0x0C, 0x1E, 0xAE, 0xF7, 0x10, 0xE9,
    0x45, 0x06, 0x8A, 0x6B, 0x3E, 0x3A, 0x19, 0x1F, 0x7B, 0x5C, 0x4F, 0xD0, 0x37, 0xD9, 0xD5, 0xBE,
    0x01, 0xCE, 0x8F, 0x6B, 0xD3, 0xFF, 0xE9, 0x43, 0x1F, 0xAE, 0x1C, 0xD7, 0xA8, 0x4F, 0xB9, 0x1E,
    0xCF, 0x64, 0xF6, 0xB8, 0xAB, 0x01, 0xB5, 0x4C, 0xEE, 0x7B, 0x1A, 0x8B, 0x5A, 0xB1, 0x94, 0x81,
    0x0B, 0x92, 0x55, 0xA1, 0x08, 0x44, 0x92, 0xD5, 0xBE, 0x88, 0xD9, 0x4C, 0xB2, 0x76, 0x2A, 0x42,
    0x31, 0x91, 0xCC, 0x8C, 0x65, 0xA8, 0x87, 0x63, 0x3E, 0x54, 0x73, 0x6B, 0x4F, 0xF3, 0xDA, 0x1F,
    0x32, 0x74, 0x43, 0x3D, 0xC5, 0x6A, 0x85, 0x36, 0x60, 0x86, 0xF6, 0x0D, 0xB3, 0x93, 0x21, 0x13,
    0xD9, 0xE6, 0xDD, 0xA7, 0xFC, 0xD5, 0x52, 0x4F, 0x65, 0xD8, 0x56, 0xFF, 0x68, 0xAD, 0xDF, 0x1A,
    0x6A, 0x5F, 0xFB, 0x76, 0xA8, 0x65, 0x6E, 0x6B, 0x5F, 0x79, 0x33, 0x34, 0x63, 0x26, 0xFD, 0xED,
    0x76, 0xAA, 0xE6, 0x6E, 0x68, 0x26, 0x20, 0xAA, 0x0F, 0x67, 0x75, 0x9E, 0x7B, 0xF5, 0x21, 0xB4,
    0x23, 0x94, 0x63, 0xD7, 0xA7, 0xF9, 0x00, 0xF5, 0xE0, 0xFA, 0xFA, 0x6D, 0x2B, 0x66, 0x00, 0xC3,
    0xB6, 0xF7, 0x8F, 0xB6, 0x79, 0x0F, 0xB7, 0xB6, 0xB9, 0x79, 0xC3, 0xBA, 0x11, 0x82, 0xCE, 0xBF,
    0x7D, 0x65, 0x45, 0xEB, 0xD1, 0xF5, 0xC2, 0x9A, 0x47, 0xA8, 0x46, 0xCC, 0x1B, 0x22, 0x52, 0xCE,
    0xD0, 0xF4, 0x34, 0xE2, 0x31, 0x32, 0x82, 0x81, 0x7C, 0xB5, 0x54, 0x0B, 0xE7, 0x35, 0x7C, 0xA4,
    0x8E, 0x7B, 0x2D, 0xAB, 0x53, 0x2D, 0x93, 0x15, 0xF1, 0xA8, 0xE7, 0x61, 0xD5, 0x7C, 0xAA, 0xE9,
    0x23, 0x75, 0x3D, 0x6A, 0x5B, 0x1E, 0xB5, 0x7D, 0xB4, 0xBE, 0x57, 0x6B, 0xFC, 0x68, 0x9D, 0xD5,
    0xB4, 0x4E, 0xA7, 0x5A, 0xD3, 0x4D, 0x57, 0xEA, 0x5D, 0xC8, 0x72, 0xD4, 0xBC, 0x49, 0x35, 0xAF,
    0xBD, 0xE3, 0xBC, 0xEE, 0xDB, 0x39, 0x7B, 0x5E, 0x7B, 0x67, 0x4D, 0xAF, 0xF5, 0x6F, 0x8E, 0xFA,
    0x6B, 0xC7, 0xCE, 0x7A, 0xF0, 0x97, 0x5A, 0xD7, 0xB3, 0x3E, 0xFC, 0xF1, 0x42, 0xD7, 0x9F, 0xF5,
    0xE2, 0x8D, 0x11, 0x67, 0xCF, 0xFA, 0xA1, 0xF7, 0x39, 0xEB, 0xC9, 0x77, 0x46, 0x84, 0xB3, 0xBE,
    0x7C, 0x4A, 0xCC, 0x16, 0xCE, 0x7A, 0x53, 0xC4, 0x22, 0x9E, 0xF7, 0x67, 0x2B, 0xE5, 0x7C, 0xDE,
    0xA3, 0x7C, 0x4B, 0xE3, 0x4A, 0x9F, 0x44, 0xEC, 0x95, 0x5E, 0x35, 0x01, 0x0A, 0xE9, 0x0B, 0xA1,
    0x5C, 0xA9, 0x22, 0x75, 0xA0, 0xF6, 0x34, 0x13, 0xCD, 0x70, 0x7C, 0xD2, 0xB8, 0xD0, 0x0D, 0xDF,
    0x2E, 0x63, 0x21, 0xB9, 0x0C, 0xE5, 0x5A, 0x08, 0x55, 0x2C, 0x56, 0xEA, 0x50, 0x46, 0x6A, 0x5F,
    0x06, 0x9A, 0x49, 0xDB, 0x39, 0xD4, 0x13, 0x6D, 0x5F, 0x0F, 0x18, 0x75, 0x77, 0x41, 0x7B, 0x5C,
    0x26, 0x3E, 0x5D, 0x28, 0xA3, 0x5E, 0x9A, 0xC9, 0xA0, 0x17, 0xE7, 0x62, 0xF5, 0xF2, 0x7C, 0x4D,
    0x02, 0x45, 0x4C, 0x12, 0x45, 0x48, 0x22, 0xA5, 0x4F, 0x32, 0xD5, 0xA4, 0x42, 0xAA, 0xA7, 0x52,
    0x75, 0x8F, 0x09, 0x26, 0x34, 0xA1, 0x0E, 0x55, 0x2C, 0xB7, 0x2C, 0xF3, 0x98, 0x45, 0x22, 0x77,
    0x4C, 0x68, 0xF5, 0x45, 0x38, 0x36, 0xDB, 0x6D, 0x3B, 0xB7, 0x6C, 0xEA, 0x4B, 0xB9, 0xDD, 0x8A,
    0xAD, 0x4E, 0x79, 0x4C, 0x1F, 0x1D, 0xEE, 0x11, 0xB9, 0xCD, 0x1D, 0x2E, 0x74, 0x6F, 0xBD, 0xA2,
    0xDB, 0xAB, 0x15, 0xBD, 0xA2, 0x14, 0xF4, 0xA2, 0x3D, 0xA5, 0x25, 0x17, 0xF4, 0xD2, 0x4C, 0xD0,
    0xAB, 0x11, 0x54, 0x00, 0x47, 0xD2, 0x30, 0x24, 0x19, 0x83, 0x2A, 0xD1, 0x40, 0xE3, 0xC1, 0xCC,
    0x60, 0x22, 0xB8, 0x08, 0xCB, 0x4A, 0x1E, 0x3B, 0x8A, 0xD9, 0xF4, 0x95, 0xDF, 0x12, 0x19, 0xEB,
    0xA9, 0x1D, 0x4A, 0x6F, 0x6C, 0x11, 0xC8, 0x7E, 0x9A, 0x32, 0x55, 0xD4, 0xD9, 0x3C, 0x55, 0xD9,
    0x78, 0xBA, 0x09, 0x37, 0xD0, 0x8D, 0x98, 0x49, 0x2B, 0x5E, 0x79, 0x8A, 0x99, 0x2C, 0xAA, 0x3E,
    0x5F, 0x01, 0x77, 0xA1, 0x03, 0x63, 0x31, 0x03, 0xED, 0x44, 0x33, 0x53, 0xA7, 0xE6, 0xB4, 0xB3,
    0x5E, 0x23, 0x36, 0x5F, 0x28, 0x3D, 0xA9, 0xDC, 0xA7, 0x37, 0xE2, 0x0F, 0xA1, 0x14, 0x8A, 0x61,
    0xF3, 0x2F, 0xB6, 0xF6, 0xED, 0xB4, 0x0D, 0x66, 0xAC, 0x42, 0x29, 0x08, 0xF9, 0x9A, 0xA5, 0x47,
    0x4A, 0xD7, 0xAB, 0x33, 0xED, 0x6F, 0x37, 0x40, 0x19, 0x33, 0x01, 0x32, 0x29, 0x23, 0xB4, 0x43,
    0xF7, 0x92, 0xD7, 0xB7, 0xCC, 0x46, 0xFA, 0xCE, 0x3B, 0x5F, 0xAC, 0x74, 0xB3, 0xF3, 0xA5, 0x6C,
    0x43, 0x5A, 0x34, 0xFA, 0xF0, 0x7F, 0x69, 0x6A, 0x46, 0x90, 0x32, 0x80, 0x96, 0x69, 0x05, 0x6A,
    0xAF, 0xB2, 0x98, 0x41, 0x65, 0x11, 0xA8, 0x02, 0x45, 0xCC, 0x97, 0x7C, 0xD1, 0xF6, 0x0A, 0xCE,
    0x9A, 0xA1, 0x12, 0xDB, 0x8E, 0xC6, 0x6E, 0x43, 0xE5, 0x5F, 0x43, 0x29, 0xE4, 0x03, 0x29, 0x5B,
    0xA8, 0xA5, 0x90, 0x91, 0x66, 0xE3, 0x40, 0xB3, 0x2A, 0xDB, 0x58, 0x8A, 0x4D, 0x04, 0x13, 0x2A,
    0xA5, 0xAF, 0x16, 0x65, 0x1D, 0x37, 0x4E, 0xCA, 0x6E, 0xA8, 0xE7, 0x44, 0x0F, 0xAE, 0x6F, 0x94,
    0xA4, 0xC8, 0xB4, 0xCC, 0xAC, 0xB4, 0x1B, 0x23, 0xAD, 0x55, 0x1A, 0x20, 0x28, 0x33, 0xCF, 0x0D,
    0xAE, 0x58, 0xE5, 0xB3, 0x85, 0x93, 0xAB, 0x58, 0x8B, 0x3D, 0x31, 0xB9, 0xAD, 0xA6, 0x3C, 0x02,
    0xBF, 0x2A, 0x7F, 0x43, 0x2D, 0x22, 0xBD, 0x91, 0x5F, 0x15, 0x6F, 0x3C, 0x2E, 0xB4, 0x7F, 0x21,
    0x26, 0x3E, 0xF3, 0x83, 0x6B, 0x1B, 0xA9, 0x16, 0x45, 0x54, 0x04, 0x13, 0xA8, 0x7C, 0xE7, 0xA9,
    0xDE, 0x26, 0x23, 0x95, 0x88, 0xDD, 0x10, 0xA0, 0x96, 0x7E, 0xC3, 0xCC, 0x86, 0xE1, 0x21, 0x7A,
    0x1E, 0x31, 0x2D, 0x23, 0x32, 0x42, 0x2E, 0xD3, 0x81, 0x4C, 0x06, 0xC0, 0x59, 0x78, 0xF6, 0xF4,
    0x8D, 0x25, 0x28, 0xE6, 0x80, 0x5A, 0xCB, 0x2D, 0xD4, 0xEE, 0xD0, 0xF6, 0x29, 0x1D, 0xEA, 0x07,
    0x90, 0xB9, 0x9E, 0x5C, 0xD6, 0x4B, 0x59, 0x54, 0x54, 0x44, 0x46, 0x74, 0x51, 0x7E, 0x9E, 0x64,
    0x9F, 0x77, 0x79, 0x13, 0xE0, 0xEB, 0x35, 0x25, 0xA8, 0x64, 0xB3, 0x08, 0xEE, 0x1F, 0xE1, 0xF3,
    0xC5, 0x16, 0x0F, 0xD2, 0xB9, 0x31, 0x05, 0x49, 0x79, 0xBC, 0x70, 0x66, 0x01, 0xA8, 0x01, 0x5E,
    0x54, 0x7C, 0xAC, 0xE2, 0xF7, 0x14, 0x33, 0x90, 0x7B, 0xA0, 0x18, 0x81, 0x2A, 0x65, 0x66, 0x81,
    0x16, 0xD8, 0x8B, 0x7D, 0xE7, 0xE1, 0xB6, 0xFD, 0x31, 0x03, 0x54, 0x2B, 0x50, 0x7F, 0x31, 0xD0,
    0x6A, 0x19, 0x6E, 0x94, 0x03, 0xDC, 0x29, 0x26, 0x98, 0x33, 0xAF, 0x6A, 0xB3, 0xAA, 0x7D, 0x9B,
    0xAA, 0xDD, 0x50, 0xB5, 0x96, 0x56, 0x55, 0x6F, 0x1C, 0xFA, 0xBC, 0x3B, 0x87, 0xB5, 0x03, 0xC9,
    0xC6, 0x63, 0x92, 0x7B, 0x63, 0x51, 0x2B, 0xA3, 0xC1, 0xA6, 0x89, 0x5C, 0x94, 0x23, 0x6A, 0xDD,
    0xE2, 0x26, 0xF6, 0x25, 0x49, 0x93, 0x46, 0xE4, 0x9F, 0x7E, 0x1A, 0xA0, 0x4E, 0xF5, 0xD1, 0xC9,
    0xFC, 0xBB, 0x0B, 0x6A, 0x95, 0x7D, 0x59, 0x0E, 0xC5, 0xB9, 0xDB, 0x27, 0xC5, 0xDC, 0x90, 0xAC,
    0x9C, 0x5F, 0x8D, 0xDA, 0xBD, 0x67, 0x66, 0x8A, 0x40, 0x6E, 0x1D, 0xBC, 0x5B, 0x11, 0x29, 0x87,
    0x7B, 0xD0, 0x16, 0x33, 0xB5, 0xD7, 0xE7, 0xEE, 0x1B, 0x3D, 0x4D, 0xBC, 0x53, 0x59, 0xF7, 0xD7,
    0xD3, 0xF3, 0xF9, 0xFA, 0x5B, 0xAE, 0xAF, 0x5E, 0x79, 0xEB, 0x42, 0x2B, 0x32, 0x20, 0xB2, 0x3E,
    0xFB, 0xAB, 0x22, 0xAF, 0xBF, 0x74, 0x22, 0x46, 0xC4, 0x66, 0x22, 0x01, 0xF3, 0xF2, 0xFD, 0x09,
    0xF9, 0x41, 0xD7, 0xBF, 0x58, 0xFC, 0xC5, 0x4A, 0xA8, 0xDB, 0x40, 0xF9, 0x47, 0x82, 0x6D, 0xAB,
    0x48, 0x35, 0xDE, 0x02, 0x93, 0x7B, 0xEA, 0xF1, 0xC3, 0xA0, 0x63, 0xA4, 0x19, 0x01, 0x07, 0x60,
    0x81, 0x4C, 0x93, 0x59, 0x5B, 0x59, 0x8C, 0xC4, 0xED, 0xE8, 0xD2, 0xF7, 0xE4, 0xBD, 0x7B, 0xCA,
    0xBD, 0x93, 0xAD, 0x55, 0xDE, 0x56, 0x10, 0xF7, 0x8C, 0x94, 0xD5, 0xC4, 0xC3, 0x2D, 0xC6, 0xA6,
    0xC4, 0x14, 0xD9, 0xBE, 0xC5, 0x2B, 0xAB, 0x51, 0xD9, 0xF4, 0x4A, 0xA3, 0x60, 0x51, 0xE4, 0xE1,
    0x11, 0x17, 0xBD, 0xB2, 0xFB, 0xAF, 0x2E, 0xCA, 0xC7, 0xBB, 0x00, 0x44, 0x3C, 0x99, 0x22, 0x97,
    0x19, 0x0A, 0x19, 0x14, 0x3D, 0x94, 0x62, 0x15, 0x40, 0xA5, 0xA8, 0x13, 0x56, 0xA0, 0x59, 0x80,
    0x36, 0x9E, 0x60, 0x12, 0x02, 0xD0, 0xCD, 0x80, 0x93, 0x08, 0x5A, 0x4C, 0xE4, 0xED, 0x3F, 0x0F,
    0xFB, 0xD3, 0x67, 0x84, 0x3C, 0x09, 0x27, 0x9C, 0xBB, 0x78, 0x44, 0xBD, 0x5E, 0x1E, 0xBA, 0x10,
    0xC0, 0xC8, 0xAA, 0x58, 0x38, 0xAC, 0x10, 0x19, 0x29, 0x45, 0x25, 0xAA, 0x43, 0x47, 0x61, 0x9F,
    0x26, 0xF6, 0xA4, 0x50, 0xBB, 0x53, 0xE2, 0x8A, 0xEC, 0x52, 0x26, 0x40, 0xC6, 0xE3, 0xE9, 0x9E,
    0x1F, 0xEA, 0x8F, 0x84, 0xAA, 0x50, 0xF5, 0xF3, 0x6A, 0x24, 0x61, 0xB7, 0xC1, 0xA5, 0xC4, 0x65,
    0xE6, 0xB0, 0xE7, 0xE4, 0xC7, 0xA0, 0xDD, 0x50, 0x88, 0x2C, 0x3B, 0x6A, 0xF9, 0x55, 0xB1, 0x8D,
    0x38, 0xB1, 0x26, 0x16, 0x32, 0x98, 0x58, 0x6E, 0x98, 0x73, 0x19, 0xD3, 0x17, 0x23, 0xE3, 0x33,
    0x99, 0xBA, 0x0D, 0x63, 0x3B, 0x6D, 0x33, 0xB3, 0x61, 0x7C, 0x66, 0xDC, 0x50, 0x8E, 0xF9, 0x79,
    0x19, 0xCF, 0x33, 0x3F, 0xF2, 0x3D, 0x4F, 0xF0, 0x78, 0xED, 0x1A, 0xA1, 0x5D, 0x39, 0xE0, 0x26,
    0xC5, 0xA8, 0xE0, 0x84, 0x7B, 0x0F, 0x71, 0x57, 0x71, 0x47, 0xF1, 0xDE, 0x07, 0x1E, 0x6B, 0x79,
    0x38, 0x70, 0xE6, 0x35, 0xCD, 0x9A, 0x73, 0x9C, 0x97, 0xBF, 0x0C, 0x8A, 0xF9, 0x54, 0x8D, 0x46,
    0xC8, 0xB5, 0x0C, 0xCD, 0xBA, 0x57, 0xA2, 0x5D, 0x48, 0x25, 0x68, 0x23, 0xA9, 0x0A, 0x26, 0x60,
    0x8E, 0x6F, 0x7D, 0x26, 0x55, 0xC0, 0x53, 0x4D, 0x7A, 0x7F, 0x22, 0x65, 0xDF, 0x8D, 0xA4, 0x02,
    0x74, 0xC3, 0xDE, 0x0B, 0xD7, 0xEF, 0x4D, 0x70, 0x16, 0x70, 0x1E, 0x49, 0xCB, 0x3D, 0x2B, 0xD0,
    0x05, 0x58, 0x20, 0xED, 0x89, 0x3A, 0x42, 0x16, 0xF6, 0x84, 0xB3, 0x79, 0x4F, 0x37, 0xF7, 0x8F,
    0xCF, 0xB1, 0x9A, 0xF6, 0xBC, 0x4C, 0x3C, 0x8D, 0x7B, 0x62, 0x5D, 0xDC, 0x73, 0x33, 0x61, 0xCF,
    0xAC, 0x99, 0x48, 0x1B, 0x3E, 0x48, 0x26, 0xDD, 0x90, 0x89, 0xAC, 0xD0, 0xAC, 0x95, 0xDC, 0x4F,
    0xEF, 0xA1, 0xCD, 0xAA, 0x4D, 0x68, 0x63, 0x1B, 0x11, 0x8F, 0x09, 0xED, 0x9C, 0x46, 0xDF, 0xF8,
    0x7D, 0x2C, 0xF7, 0x71, 0x02, 0x64, 0x42, 0x73, 0xCA, 0x64, 0xA4, 0x3B, 0xDA, 0xEB, 0xFA, 0xDD,
    0x99, 0x3B, 0x72, 0x11, 0x28, 0x65, 0x04, 0xF5, 0xBF, 0x00, 0x11, 0xCC, 0x78, 0x8C, 0x16, 0x08,
    0x60, 0x80, 0xCC, 0xC3, 0x05, 0x8F, 0x5A, 0xE5, 0xC9, 0x8E, 0xE7, 0x6E, 0x29, 0x36, 0xE5, 0x54,
    0x1D, 0x63, 0x9D, 0xC6, 0x40, 0x25, 0xA4, 0xDC, 0xF3, 0x08, 0x7C, 0x94, 0x25, 0xFB, 0x8A, 0xF4,
    0x66, 0xD7, 0x3D, 0x84, 0x51, 0xB4, 0x1B, 0xE6, 0x6A, 0x83, 0xC7, 0xAD, 0x3F, 0xE9, 0x4F, 0x2F,
    0x2F, 0xD5, 0x78, 0xE5, 0xCD, 0xB5, 0xE9, 0x4F, 0xAF, 0x78, 0x86, 0x13, 0x6E, 0x2B, 0xEE, 0x2A,
    0xE2, 0x09, 0xA9, 0x23, 0xF9, 0x0C, 0x14, 0x5E, 0xF1, 0x24, 0xB9, 0x77, 0xB5, 0xC8, 0x66, 0x53,
    0x62, 0xA4, 0x7C, 0xF0, 0xF5, 0xB2, 0x92, 0xCF, 0x8D, 0x08, 0x99, 0xD2, 0x26, 0xF6, 0x4F, 0xA0,
    0x4D, 0x44, 0xB9, 0x26, 0xC6, 0xC4, 0x49, 0x69, 0x51, 0xC2, 0xF5, 0xD3, 0x42, 0x39, 0x37, 0x23,
    0xC8, 0xE6, 0xEB, 0xE0, 0xC9, 0x9C, 0x88, 0xF4, 0xA5, 0x28, 0x1B, 0x89, 0xD5, 0x84, 0xD9, 0x38,
    0x1C, 0xEC, 0x9E, 0x40, 0x73, 0xC6, 0x46, 0xD6, 0x5F, 0x7D, 0x99, 0x5D, 0x61, 0x57, 0xEB, 0x36,
    0xFC, 0x18, 0xCA, 0x40, 0x16, 0x2B, 0x59, 0x60, 0xA3, 0xEC, 0xB4, 0x89, 0xFD, 0x13, 0x68, 0x13,
    0x79, 0xBF, 0xF5, 0x57, 0x65, 0x39, 0x14, 0x76, 0x35, 0xF8, 0x28, 0xC0, 0x76, 0x3D, 0xC5, 0xD8,
    0x41, 0xE5, 0x6F, 0x43, 0x1D, 0x6F, 0xE5, 0x7D, 0x2E, 0xDF, 0xF6, 0xF5, 0x03, 0xED, 0x2B, 0x32,
    0x7C, 0xE0, 0xEB, 0x44, 0x46, 0xA3, 0x1A, 0xED, 0x2C, 0x33, 0xCD, 0xC7, 0xFF, 0xB5, 0xD8, 0x57,
    0x15, 0x93, 0x58, 0xCA, 0xE9, 0x02, 0x6A, 0xFF, 0xC1, 0x8A, 0xD3, 0x87, 0x06, 0x67, 0x73, 0x19,
    0x8A, 0xD3, 0xC1, 0x3D, 0x9E, 0x62, 0xA5, 0xA7, 0x8D, 0x98, 0x88, 0x0B, 0x88, 0x47, 0x2C, 0x77,
    0xE1, 0xDB, 0xE0, 0x02, 0x9A, 0x51, 0xCF, 0x72, 0x13, 0xF8, 0xFA, 0x14, 0x66, 0x23, 0xB2, 0x02,
    0xB2, 0xBE, 0x4E, 0x26, 0xCA, 0x15, 0x9A, 0x48, 0x3D, 0x41, 0x26, 0x98, 0x1E, 0x36, 0x24, 0x57,
    0xF5, 0xC0, 0x3B, 0xCE, 0x0E, 0x0F, 0x87, 0xBF, 0xDA, 0x27, 0xEF, 0x47, 0x2C, 0x47, 0x64, 0xA7,
    0x38, 0x8F, 0xA8, 0xC1, 0x26, 0xEA, 0x52, 0x99, 0x58, 0x0F, 0x11, 0x68, 0x7D, 0xCC, 0xA0, 0x09,
    0x73, 0x0B, 0xF9, 0xFA, 0xEF, 0x62, 0xA1, 0xDD, 0xFB, 0xBC, 0x5E, 0x5A, 0xBA, 0x57, 0xA4, 0x07,
    0xF3, 0x9D, 0x2F, 0xCD, 0xF0, 0x91, 0xD5, 0x5B, 0x05, 0xA8, 0x5F, 0xBF, 0x00, 0xCD, 0xF0, 0x7B,
    0x40, 0x3B, 0xBC, 0x16, 0xF8, 0xA0, 0xB3, 0x4C, 0xBF, 0x05, 0xC8, 0x6C, 0x67, 0x49, 0x5D, 0x3C,
    0xDA, 0x48, 0x1D, 0xBF, 0x2D, 0xEF, 0xC9, 0xE5, 0x9B, 0xBA, 0x81, 0xD4, 0x49, 0xF4, 0x33, 0xD1,
    0x80, 0x91, 0xE4, 0xEF, 0xE5, 0xFB, 0x33, 0xA9, 0x9B, 0x40, 0x6A, 0x27, 0xD5, 0x94, 0x2E, 0x9B,
    0x3E, 0x38, 0x11, 0xD8, 0x1B, 0xD0, 0x8E, 0x4D, 0xEF, 0x7C, 0x6B, 0xC5, 0x1B, 0x64, 0x53, 0x76,
    0xFE, 0x2E, 0xAD, 0xA6, 0x91, 0x05, 0xC8, 0x67, 0x28, 0xBC, 0x2A, 0x40, 0x35, 0xEE, 0x0D, 0xA8,
    0x7B, 0x68, 0x2D, 0x18, 0x52, 0x2F, 0xB9, 0x05, 0xC4, 0xFD, 0x96, 0x9D, 0xB6, 0xFB, 0xAE, 0x2F,
    0x47, 0x19, 0xEB, 0xD7, 0xCB, 0xA4, 0xB7, 0xA6, 0x97, 0xB1, 0xA5, 0xEB, 0xF3, 0x95, 0xDC, 0x57,
    0x32, 0xE6, 0xBE, 0xB9, 0x3F, 0x17, 0xDE, 0xE4, 0x6B, 0x39, 0x19, 0xBA, 0xFB, 0xE3, 0x05, 0x8D,
    0xF4, 0xB7, 0xC8, 0x17, 0x80, 0xCF, 0xFB, 0x15, 0xBB, 0xD7, 0x58, 0x52, 0x61, 0x65, 0xB3, 0x11,
    0xCC, 0x83, 0x6D, 0x29, 0x90, 0xAD, 0xA0, 0x28, 0x53, 0x06, 0x2D, 0x4D, 0xDA, 0x5B, 0xF5, 0xEF,
    0x8F, 0x5A, 0x6E, 0xC9, 0x22, 0x60, 0xE3, 0xAB, 0xC8, 0xA7, 0x78, 0x83, 0x6A, 0x0E, 0xCE, 0x16,
    0xF1, 0xC1, 0x0A, 0xEE, 0x0F, 0xB5, 0x22, 0x5A, 0xA1, 0x7F, 0x96, 0x5F, 0xF5, 0x46, 0x44, 0xBC,
    0xB9, 0x2F, 0xCE, 0xA7, 0x35, 0xDC, 0x2B, 0x33, 0x45, 0x7C, 0x79, 0xDD, 0xAF, 0xC8, 0xA7, 0x70,
    0x63, 0x57, 0x49, 0x7A, 0xA9, 0xE8, 0x57, 0x3F, 0x88, 0x28, 0x5A, 0x45, 0x3A, 0xA1, 0xD5, 0x3D,
    0x56, 0xCF, 0x11, 0x8E, 0x13, 0xE7, 0xF6, 0x54, 0xA9, 0x5C, 0x5E, 0x2F, 0xA3, 0xF3, 0xDD, 0x5C,
    0xC8, 0x77, 0xC8, 0x20, 0x93, 0xF3, 0x85, 0x14, 0x42, 0xFA, 0xF6, 0xBF, 0x14, 0x6B, 0x26, 0x56,
    0x06, 0xFD, 0xFE, 0x9E, 0x0B, 0x62, 0xEB, 0xB9, 0x0C, 0xC5, 0x92, 0xAD, 0xD4, 0xBE, 0xF2, 0xFA,
    0x8D, 0x7E, 0xFF, 0xFA, 0x3F, 0x17, 0xE1, 0xF8, 0x01, 0xA0, 0xF0, 0xC7, 0x4F, 0x00, 0xE5, 0x74,
    0xFC, 0x08, 0x50, 0x0E, 0x40, 0x35, 0xA3, 0xD6, 0x44, 0x25, 0xED, 0x72, 0x0C, 0xE7, 0x8B, 0x69,
    0xCB, 0x61, 0xCD, 0x04, 0x79, 0x48, 0xC9, 0xD4, 0x42, 0x77, 0x65, 0x30, 0x33, 0xD4, 0xEB, 0x69,
    0xCB, 0x15, 0xFB, 0x1F, 0x3B, 0x7A, 0xC4, 0x43, 0x3C, 0x1F, 0x4C, 0x78, 0xD4, 0xC3, 0xFF, 0x3E,
    0x87, 0xC7, 0xA4, 0xB2, 0x3E, 0x35, 0x95, 0x66, 0x32, 0xA1, 0xDB, 0xFE, 0xCC, 0xAC, 0x0B, 0x4F,
    0xB3, 0xF3, 0x9D, 0xFF, 0xD7, 0xB8, 0xD4, 0xAE, 0xA3, 0xE0, 0x6A, 0xFF, 0xE7, 0x2E, 0x18, 0x6E,
    0xB1, 0x20, 0xC3, 0xAD, 0x5C, 0x94, 0x85, 0x1C, 0xF3, 0x7D, 0x9D, 0x8D, 0x3C, 0x86, 0x97, 0x97,
    0xEE, 0xF2, 0x12, 0x51, 0x3B, 0xF8, 0xA4, 0x9D, 0x4F, 0xD7, 0x6F, 0x7B, 0xE7, 0x65, 0xFB, 0x73,
    0xBE, 0xED, 0x39, 0xEC, 0x91, 0xB5, 0x47, 0x56, 0xEB, 0xD1, 0xCC, 0x26, 0x6C, 0x7F, 0x73, 0x3D,
    0x9E, 0xCF, 0x01, 0xAE, 0xDE, 0x3F, 0xBB, 0xF7, 0xD8, 0x1F, 0xEC, 0xAF, 0xFF, 0x27, 0xF6, 0x6F,
    0xE0, 0xCA, 0x71, 0x8D, 0xFA, 0xCF, 0x5E, 0xF6, 0x46, 0x86, 0x46, 0x6C, 0x2D, 0x94, 0x0B, 0x45,
    0x04, 0x7F, 0xAD, 0x07, 0xEA, 0x05, 0x4F, 0x1E, 0x54, 0xBF, 0x16, 0x1A, 0xB1, 0x46, 0x86, 0x67,
    0xDF, 0xDE, 0x5F, 0x97, 0x7E, 0x36, 0xAB, 0xF2, 0x87, 0x56, 0xFA, 0x5F, 0xFC, 0xA6, 0xB6, 0xE5,
    0x72, 0x9D, 0xF1, 0x77, 0xE9, 0x78, 0xC7, 0xF5, 0xF7, 0x3F, 0x01, 0x85, 0x95, 0x81, 0xA6, 0x26,
    0xC9, 0x15, 0xC7, 0x7F, 0xDD, 0xB5, 0xB9, 0x8D, 0x46, 0x2D, 0x82, 0x95, 0x41, 0x43, 0x80, 0x65,
    0x0A, 0x06, 0xC1, 0xEC, 0x56, 0x93, 0x17, 0xD8, 0xD7, 0x08, 0x18, 0x08, 0x82, 0x1B, 0x55, 0xBB,
    0x21, 0x00, 0x19, 0xE4, 0x01, 0x82, 0x5D, 0x04, 0x6C, 0x00, 0xC8, 0x64, 0xBB, 0x24, 0x80, 0x40,
    0x11, 0x02, 0xA0, 0x31, 0x20, 0xB3, 0x71, 0x2B, 0xD2, 0x6C, 0xCF, 0x9D, 0xEA, 0x3E, 0xA9, 0xE3,
    0xFB, 0xE2, 0x5E, 0xBB, 0x1B, 0xF9, 0x4E, 0xFD, 0x4A, 0x75, 0x75, 0x55, 0xF5, 0xB9, 0xE7, 0x9E,
    0xFF, 0x29, 0xBA, 0xCF, 0xC1, 0xC9, 0xCC, 0x39, 0x25, 0xB3, 0xDB, 0x3C, 0x16, 0xBB, 0xDA, 0x62,
    0xCB, 0x94, 0xED, 0xEA, 0x92, 0x5D, 0x7D, 0x9A, 0xB2, 0x8F, 0x2E, 0xF9, 0xD9, 0xA7, 0x30, 0xFB,
    0xE8, 0xE7, 0x05, 0x3F, 0x9F, 0xB8, 0xCF, 0x2A, 0xF6, 0x6E, 0xA5, 0x3F, 0x67, 0xFA, 0xDD, 0xD4,
    0x7E, 0x03, 0x08, 0xDB, 0x8B, 0xB6, 0xD7, 0xAE, 0x53, 0x6E, 0x3B, 0x92, 0x8F, 0x61, 0x6E, 0xF6,
    0xF5, 0xB4, 0xC2, 0x94, 0x21, 0x24, 0x90, 0x84, 0x69, 0xD8, 0x10, 0xF9, 0x28, 0xCC, 0x6C, 0x0B,
    0x66, 0x15, 0xC6, 0x78, 0xF2, 0x94, 0x93, 0x20, 0x52, 0x96, 0x06, 0xA6, 0x82, 0xD9, 0xE1, 0xCB,
    0x73, 0x46, 0x24, 0x36, 0x72, 0x27, 0x92, 0x8C, 0xD2, 0x6C, 0x88, 0xDD, 0x3C, 0x02, 0x76, 0x79,
    0xCD, 0xF4, 0xE6, 0x04, 0x04, 0x08, 0x73, 0x23, 0xDE, 0x12, 0xE6, 0xCA, 0x82, 0x70, 0xE2, 0xDF,
    0xEC, 0x8C, 0x12, 0xA1, 0xFB, 0x02, 0xBC, 0xA4, 0xEE, 0xB0, 0x79, 0x28, 0x36, 0xD9, 0xFC, 0x03,
    0x5C, 0x02, 0xFF, 0xEB, 0x97, 0x04, 0xA9, 0x2C, 0x9F, 0x9E, 0x08, 0x8B, 0xC2, 0xA9, 0x20, 0x7C,
    0xD5, 0x1D, 0x04, 0xB3, 0xE3, 0xEE, 0x56, 0x86, 0x73, 0xC6, 0x8A, 0x94, 0x49, 0x64, 0x75, 0x22,
    0xF9, 0x39, 0x36, 0xFE, 0x04, 0xC7, 0xFB, 0xFC, 0x12, 0xD8, 0xC1, 0x14, 0x18, 0x33, 0x4C, 0x11,
    0x3C, 0xF0, 0x0A, 0xBA, 0xEB, 0xB4, 0x4D, 0xE0, 0x22, 0xD0, 0xFD, 0x1E, 0xBC, 0x64, 0xCE, 0xB1,
    0x98, 0x6A, 0xB6, 0x0B, 0x43, 0x31, 0x62, 0x33, 0x72, 0x42, 0x38, 0xE9, 0xDF, 0x49, 0x9C, 0xF2,
    0xA2, 0x11, 0x5F, 0x3D, 0x93, 0xD2, 0xC6, 0x3E, 0x4D, 0xF7, 0x27, 0xBD, 0xBC, 0x86, 0x9B, 0xDF,
    0xC2, 0x22, 0x98, 0x63, 0x4A, 0x63, 0xB1, 0xD9, 0xAE, 0x1A, 0x6B, 0x5B, 0x14, 0x5B, 0xC2, 0x3A,
    0xC8, 0xDD, 0xCA, 0xCF, 0x5C, 0x06, 0x9F, 0x20, 0xC4, 0xF7, 0x58, 0x78, 0xCE, 0xC1, 0x73, 0xB3,
    0xE3, 0xBF, 0xCC, 0x8C, 0x27, 0x30, 0x7D, 0x97, 0x45, 0x24, 0x2B, 0x4C, 0xF3, 0xF7, 0xBE, 0x0F,
    0x22, 0x59, 0x81, 0xC7, 0xE3, 0x87, 0xDF, 0x77, 0xE6, 0x6F, 0x19, 0x37, 0x7C, 0x42, 0x30, 0x95,
    0xB1, 0x30, 0xAD, 0xB8, 0xA4, 0x13, 0x61, 0x66, 0x69, 0x0D, 0x04, 0x16, 0x6D, 0x3A, 0xE3, 0x5B,
    0x4B, 0xD8, 0xCC, 0x50, 0xD0, 0xB0, 0xFD, 0x18, 0x80, 0x67, 0xE0, 0x61, 0x4A, 0xBA, 0x7F, 0xD8,
    0x30, 0x3B, 0xA6, 0x7E, 0xBB, 0x0D, 0xBB, 0x7E, 0xC8, 0x16, 0x5C, 0xBE, 0x7C, 0xAE, 0xAF, 0xFA,
    0x14, 0x66, 0x3E, 0x87, 0xA9, 0xBA, 0xFC, 0xE4, 0xB8, 0x2B, 0x46, 0x46, 0x8D, 0xF4, 0x36, 0xEC,
    0x63, 0x69, 0x51, 0x6B, 0x76, 0x89, 0x9B, 0x66, 0xA9, 0x9A, 0x4F, 0xD3, 0xE9, 0xE3, 0xB8, 0xF3,
    0xE4, 0x2D, 0x2C, 0xCB, 0x6C, 0xAA, 0x46, 0xD7, 0xA6, 0xB6, 0x2A, 0xBB, 0xB6, 0xEA, 0xAA, 0x01,
    0xCD, 0xFF, 0xB4, 0xA0, 0x84, 0xB8, 0xA0, 0x76, 0x12, 0xBA, 0x8A, 0xFF, 0xE9, 0xC6, 0x74, 0x97,
    0x19, 0x4E, 0x80, 0x83, 0xB1, 0x12, 0xAA, 0xF9, 0xA6, 0x9A, 0xBF, 0xEC, 0xEA, 0xF8, 0x58, 0xB4,
    0xD9, 0xD6, 0x56, 0x95, 0x81, 0x4B, 0x5C, 0x43, 0x11, 0x3F, 0x94, 0xB7, 0x5E, 0x0E, 0x06, 0x89,
    0xF8, 0xBB, 0x82, 0x0C, 0x3B, 0x87, 0xA9, 0xBC, 0x6A, 0xFC, 0xB0, 0x6D, 0xD4, 0x3D, 0xBA, 0x96,
    0x00, 0xFD, 0x7E, 0x49, 0x30, 0xCF, 0x27, 0xDD, 0xCE, 0x3A, 0xE6, 0x5E, 0x13, 0x31, 0x7B, 0x91,
    0xA4, 0x30, 0x9D, 0x20, 0x4B, 0x36, 0xD5, 0x16, 0xB3, 0xD9, 0xD2, 0x15, 0xDD, 0xAB, 0xC2, 0x0B,
    0x91, 0x0F, 0x77, 0x08, 0x8D, 0x4E, 0x66, 0xF0, 0x49, 0xB9, 0x6D, 0x1C, 0x0D, 0x61, 0x21, 0xBC,
    0x39, 0x18, 0xE5, 0x25, 0xA8, 0x9B, 0xB8, 0xC6, 0xB2, 0xD2, 0x49, 0x66, 0xB8, 0x4B, 0x4C, 0x2E,
    0xF1, 0xDC, 0x27, 0x8A, 0x8F, 0x26, 0x87, 0xD9, 0xAA, 0xFC, 0x45, 0x6A, 0x63, 0x87, 0x13, 0xBA,
    0x03, 0xFA, 0x86, 0x93, 0x48, 0x90, 0xD4, 0x28, 0x88, 0x22, 0x6B, 0xD7, 0xAC, 0xCF, 0x64, 0x93,
    0xC0, 0x44, 0x18, 0x64, 0xC7, 0xFE, 0x43, 0xE6, 0x8E, 0x90, 0xC0, 0x37, 0x5C, 0x7A, 0x8A, 0x4F,
    0x9E, 0x4B, 0x59, 0x71, 0xEF, 0x2A, 0x37, 0xEA, 0xC7, 0xCD, 0x35, 0x1E, 0x47, 0x13, 0xC7, 0x3E,
    0xE4, 0xB1, 0x74, 0x1A, 0x3A, 0xA6, 0xBF, 0xFF, 0x0E, 0x2F, 0x27, 0x7E, 0x5D, 0x66, 0x1F, 0x9B,
    0xB5, 0xFE, 0x52, 0x92, 0x5A, 0xAF, 0xFB, 0x3F, 0x3D, 0xB0, 0x6F, 0x36, 0x7A, 0x89, 0x3C, 0x8E,
    0x4D, 0x13, 0xEB, 0xFC, 0x73, 0x3E, 0xE6, 0x13, 0x54, 0x95, 0xDB, 0x55, 0xAC, 0xE9, 0x41, 0xAC,
    0x7F, 0x82, 0xEE, 0xB1, 0x86, 0xD3, 0x65, 0x9A, 0x27, 0xFF, 0x8D, 0xE9, 0x58, 0x86, 0x7D, 0xB8,
    0x50, 0xED, 0x6A, 0xC4, 0xC5, 0x4E, 0x2A, 0x2C, 0x07, 0xE3, 0x37, 0x12, 0x5D, 0x5C, 0x52, 0xC0,
    0xE7, 0x05, 0xD7, 0xF0, 0x49, 0xFD, 0x71, 0x2D, 0xA6, 0x37, 0x92, 0xC1, 0xED, 0xF4, 0xB2, 0x30,
    0x6E, 0x93, 0xA6, 0x53, 0x6A, 0x7D, 0x76, 0x4A, 0xD2, 0xF4, 0xF3, 0xD9, 0xDE, 0x4B, 0xEA, 0x4F,
    0x9F, 0xC0, 0x47, 0x58, 0x80, 0x93, 0x67, 0x5D, 0xE5, 0xD5, 0x50, 0x08, 0x4B, 0x62, 0x7A, 0xFB,
    0x7F, 0x04, 0xEB, 0xBE, 0x5F, 0xB0, 0xF0, 0x68, 0x0D, 0x20, 0x22, 0x49, 0xE1, 0x5B, 0xBF, 0x87,
    0xF9, 0xF7, 0xE8, 0x2A, 0x2A, 0xDA, 0xC8, 0x89, 0xD1, 0x21, 0x76, 0xBD, 0xCA, 0xCA, 0xC7, 0x07,
    0xDD, 0x6A, 0x9B, 0xF5, 0xD1, 0x47, 0x7C, 0xBA, 0xCA, 0xB3, 0xDF, 0xE1, 0x17, 0x00, 0xBC, 0xAF,
    0xDA, 0xC7, 0xCF, 0xFA, 0xC2, 0x16, 0x15, 0xB4, 0xD9, 0xFF, 0xA7, 0x68, 0x2F, 0x55, 0x21, 0xC4,
    0x07, 0xDD, 0x46, 0x76, 0x00, 0x70, 0xF7, 0x6B, 0x7F, 0x2E, 0x79, 0x2C, 0x2E, 0xA9, 0x4C, 0x7D,
    0xBC, 0x5C, 0x3F, 0x0B, 0x61, 0x16, 0x16, 0x44, 0xAD, 0x17, 0x96, 0xE1, 0x24, 0x7C, 0x2D, 0x7F,
    0x98, 0x56, 0xFF, 0x12, 0xB7, 0x77, 0xE7, 0x39, 0xAE, 0xCB, 0x94, 0x16, 0x3F, 0x9F, 0x61, 0xD8,
    0x45, 0xB2, 0x7C, 0xC1, 0x09, 0x02, 0x61, 0x7E, 0xE6, 0xDE, 0x95, 0x1B, 0x99, 0xD1, 0x7F, 0xC9,
    0x29, 0xD8, 0xE2, 0xA3, 0xAA, 0x5F, 0xFB, 0x65, 0x76, 0x49, 0xF0, 0x4A, 0x3C, 0xF5, 0x13, 0xB4,
    0xBE, 0xAF, 0x9A, 0x85, 0x5A, 0xFB, 0x31, 0xC2, 0xD2, 0xCB, 0xFC, 0x16, 0xFF, 0xAB, 0x8C, 0xFB,
    0xEB, 0x8C, 0xFD, 0x27, 0xD8, 0x1D, 0x95, 0x37, 0xB6, 0xC2, 0xC7, 0x07, 0x14, 0xC1, 0x64, 0x99,
    0x5D, 0x0C, 0x6B, 0xC0, 0x17, 0x55, 0x91, 0x51, 0x69, 0xB1, 0x00, 0x3E, 0x2A, 0xFC, 0x68, 0x89,
    0xBD, 0x48, 0xB4, 0x5B, 0xC0, 0x69, 0x2D, 0x99, 0x2F, 0xD5, 0xC3, 0xDF, 0x65, 0xC6, 0x03, 0x46,
    0xB9, 0xC0, 0x09, 0x1C, 0xD0, 0x55, 0xE8, 0xEB, 0x8B, 0x64, 0xEE, 0x5B, 0x15, 0x3B, 0xAD, 0xA6,
    0x5F, 0x19, 0xF7, 0x87, 0x0A, 0x66, 0x35, 0x91, 0x92, 0xD7, 0xBF, 0xE2, 0x62, 0xD1, 0x1F, 0x61,
    0x1E, 0xB7, 0x47, 0xE7, 0x3C, 0xA8, 0xB4, 0xBA, 0xC3, 0x54, 0x57, 0xCD, 0x6E, 0xD3, 0xB0, 0x3D,
    0x65, 0x2C, 0x1B, 0xF6, 0xDF, 0x2B, 0x56, 0x4A, 0x63, 0x63, 0xFA, 0x5B, 0xC5, 0xFD, 0xF9, 0xB8,
    0x46, 0x61, 0x69, 0xD2, 0x9A, 0x8A, 0xAB, 0xBA, 0xDE, 0x6C, 0xC3, 0x36, 0x3E, 0xBE, 0xD7, 0x55,
    0x72, 0x2C, 0x6A, 0xBB, 0xCB, 0x5A, 0x65, 0x43, 0x7C, 0x52, 0xE5, 0x5F, 0xB2, 0x1A, 0xF9, 0xCD,
    0xBB, 0x69, 0x35, 0xE7, 0xA8, 0x32, 0xA9, 0xE3, 0x66, 0xF3, 0xB0, 0xEB, 0xED, 0x34, 0xB6, 0xBD,
    0x2E, 0xE9, 0xC8, 0x27, 0x1D, 0xF9, 0xA8, 0x27, 0x85, 0x59, 0x4F, 0x0B, 0x51, 0x9F, 0x7D, 0x6D,
    0xC4, 0x69, 0xD5, 0xD3, 0xD0, 0xA2, 0x8D, 0x11, 0x2D, 0xFA, 0x87, 0x76, 0x75, 0xD4, 0x1B, 0xC0,
    0x16, 0xD4, 0x0B, 0xD4, 0x11, 0xD4, 0x17, 0xF4, 0x10, 0x5C, 0xD2, 0x2E, 0x4D, 0x82, 0xD6, 0x70,
    0xEC, 0x31, 0xAD, 0x63, 0xFD, 0xE3, 0xCE, 0xF9, 0x59, 0xED, 0xA4, 0xAB, 0xFD, 0xD1, 0x1D, 0xA6,
    0xF6, 0xD5, 0xEC, 0x7D, 0x1D, 0x36, 0xA3, 0x1A, 0x2E, 0xEA, 0x8E, 0x2D, 0x2E, 0xD9, 0x53, 0x98,
    0xEE, 0x36, 0xDC, 0x55, 0x7F, 0x4A, 0x78, 0x0D, 0xCB, 0x8E, 0x76, 0xE6, 0xFE, 0xB4, 0x39, 0xD8,
    0xFC, 0x91, 0xDD, 0x18, 0x64, 0xEE, 0x64, 0x65, 0xDA, 0x3F, 0xE8, 0xEB, 0x2D, 0xF5, 0xAB, 0x6E,
    0x6F, 0xB9, 0x31, 0xCA, 0xCC, 0x07, 0x70, 0xCB, 0xCD, 0x4E, 0x90, 0xFC, 0xE2, 0x3E, 0x5E, 0xAB,
    0xFC, 0xB5, 0xD0, 0x3F, 0x68, 0xA7, 0x35, 0x7F, 0x87, 0xDD, 0xF8, 0x0F, 0x9D, 0x98, 0x01, 0xA4,
    0x26, 0x59, 0x76, 0xC7, 0x4F, 0x55, 0xED, 0x76, 0xAD, 0x2E, 0x72, 0x07, 0x1B, 0x49, 0x76, 0xD6,
    0x14, 0x00, 0x66, 0x77, 0x0B, 0x60, 0xD1, 0xFB, 0xAA, 0x7A, 0x61, 0x48, 0xC4, 0x40, 0x7A, 0x03,
    0x01, 0x40, 0x6C, 0xF0, 0x16, 0xC1, 0x60, 0x76, 0xAA, 0x32, 0x8B, 0xC5, 0x92, 0x79, 0x21, 0x0B,
    0x60, 0x07, 0x83, 0xE9, 0x6F, 0xF0, 0x82, 0xC6, 0x44, 0xBA, 0xE7, 0xD6, 0xF6, 0xC3, 0x60, 0x91,
    0xEA, 0x1D, 0x2C, 0x06, 0x5B, 0x3B, 0x33, 0x48, 0x3A, 0x78, 0x77, 0x66, 0x6B, 0xA5, 0xDE, 0xEB,
    0xAA, 0xFA, 0xA7, 0xFE, 0xE7, 0xD4, 0xFB, 0x4A, 0x8F, 0x08, 0x72, 0x75, 0x9F, 0xDF, 0xFF, 0xFB,
    0xBE, 0xFB, 0xBE, 0x7B, 0xCE, 0xBD, 0xE7, 0x9E, 0x7B, 0xEB, 0x13, 0x29, 0x70, 0x26, 0x22, 0x29,
    0x30, 0x0A, 0x5F, 0xF8, 0x69, 0x05, 0xFA, 0x6C, 0x45, 0x8C, 0x26, 0x1D, 0xF8, 0x91, 0xC4, 0x95,
    0x88, 0x9B, 0x85, 0x2D, 0x9F, 0x14, 0xC5, 0x98, 0x02, 0x18, 0xCA, 0x81, 0x08, 0x65, 0x90, 0x3A,
    0x24, 0x8A, 0x5E, 0xE1, 0xBB, 0xA4, 0x2F, 0x07, 0x41, 0xA7, 0x7F, 0x80, 0x56, 0xC4, 0xE1, 0x2E,
    0xC1, 0xEE, 0x98, 0x44, 0x3C, 0x74, 0xC0, 0x5B, 0xEF, 0xE1, 0xE9, 0x3B, 0x22, 0x92, 0x40, 0x64,
    0x47, 0xBA, 0x28, 0xB2, 0x59, 0x5C, 0xA3, 0x03, 0x17, 0x1C, 0x7F, 0x92, 0x92, 0x3D, 0x00, 0x18,
    0xB4, 0x53, 0xFC, 0xA4, 0x27, 0x92, 0x8B, 0x8E, 0xC8, 0x7E, 0xD2, 0x12, 0x2E, 0xAB, 0x56, 0x7B,
    0xCB, 0xA3, 0x59, 0xE1, 0x75, 0xA0, 0x0C, 0xB3, 0x5F, 0x44, 0xCA, 0xE5, 0xFD, 0x1A, 0x22, 0x18,
    0xC2, 0xBF, 0x41, 0x62, 0x3C, 0xE9, 0x7F, 0x0F, 0x49, 0x71, 0xF1, 0xEB, 0x4F, 0x27, 0x71, 0x48,
    0x2F, 0x2E, 0xFA, 0x15, 0xD9, 0x2B, 0xAD, 0x48, 0x31, 0x3B, 0x57, 0x89, 0x94, 0xD3, 0x77, 0x9C,
    0x10, 0x77, 0xBE, 0xA3, 0x78, 0xFD, 0x0E, 0x31, 0x3E, 0x78, 0x4D, 0x11, 0x06, 0x62, 0xF9, 0x5D,
    0x20, 0xF0, 0xB8, 0x53, 0x5C, 0xB4, 0x52, 0x49, 0x8E, 0x57, 0x9A, 0xB8, 0x15, 0x87, 0xB7, 0xC4,
    0xB5, 0xF4, 0x36, 0xF2, 0x95, 0x08, 0x00, 0x4E, 0x62, 0x0D, 0xD0, 0xE9, 0x61, 0x61, 0xE4, 0x51,
    0x08, 0x16, 0x07, 0xF1, 0x7C, 0x1C, 0x6C, 0xA7, 0xBA, 0x3A, 0x99, 0xCE, 0x99, 0xF8, 0xC5, 0x83,
    0x53, 0xD8, 0x38, 0x54, 0x92, 0xCF, 0x92, 0xAE, 0xA8, 0x47, 0x9D, 0x35, 0x04, 0x49, 0xA6, 0x55,
    0xB5, 0x12, 0x55, 0xEC, 0xA1, 0xD3, 0x00, 0x5B, 0x31, 0x38, 0x64, 0x03, 0x23, 0x42, 0x39, 0x49,
    0x39, 0x25, 0xFC, 0xB2, 0x7A, 0x8A, 0xF1, 0x13, 0x22, 0x41, 0xD2, 0x8B, 0x1F, 0x93, 0x59, 0x84,
    0x98, 0x14, 0xA9, 0x21, 0x1B, 0xE9, 0xED, 0xE4, 0x34, 0xCC, 0x0D, 0x4B, 0x1E, 0x12, 0xC6, 0xF7,
    0x8B, 0xE0, 0x2A, 0xFA, 0xF5, 0x3B, 0xCF, 0x44, 0x01, 0xA6, 0x3D, 0xB0, 0xD8, 0x2F, 0x36, 0x3C,
    0x80, 0x46, 0x72, 0xA2, 0x12, 0xF1, 0x57, 0x3F, 0x00, 0xFB, 0x0C, 0x52, 0x13, 0x41, 0x4A, 0x8E,
    0x11, 0xE4, 0x44, 0xF3, 0x4D, 0x7E, 0x4C, 0x68, 0xF0, 0x11, 0x5A, 0x22, 0x36, 0x24, 0x68, 0x9E,
    0xC3, 0xD3, 0xFB, 0x96, 0xAD, 0xF4, 0x37, 0x23, 0x2C, 0x4E, 0x62, 0x51, 0xE4, 0xF3, 0xCD, 0xE0,
    0x3B, 0x6E, 0xFB, 0xE5, 0x20, 0xF4, 0x9E, 0x21, 0x70, 0x70, 0x05, 0x14, 0x05, 0x96, 0xB7, 0xCD,
    0x77, 0xBE, 0xF4, 0x1A, 0x02, 0x9B, 0x06, 0xE1, 0xF4, 0x65, 0xBD, 0x60, 0xA0, 0x5B, 0xA5, 0xCE,
    0x75, 0xAE, 0xD6, 0x0D, 0x4C, 0x53, 0xD7, 0x31, 0x4B, 0xE9, 0x91, 0xD9, 0x85, 0x36, 0x59, 0x68,
    0x00, 0x0C, 0x6A, 0x83, 0xC4, 0xEF, 0xE1, 0xF0, 0xF6, 0x96, 0xDD, 0xB7, 0x56, 0x7D, 0xA6, 0x7E,
    0x75, 0xB4, 0x0C, 0x52, 0x27, 0x5D, 0xB2, 0x81, 0x36, 0xEF, 0x68, 0x4F, 0xEE, 0xD1, 0x02, 0x9F,
    0xA5, 0x6D, 0x0A, 0x76, 0x2D, 0x69, 0xAB, 0xF2, 0xE7, 0xA7, 0x18, 0xE5, 0xEB, 0x22, 0xFE, 0x4C,
    0xAC, 0x71, 0xD6, 0xB4, 0x8D, 0x1B, 0xE3, 0x60, 0x94, 0xB4, 0x33, 0x8A, 0x63, 0x36, 0x23, 0xBC,
    0x38, 0x17, 0xA7, 0x03, 0x05, 0x50, 0x63, 0x91, 0x97, 0xF1, 0x29, 0xD8, 0x24, 0xC2, 0xE5, 0x2B,
    0x58, 0x98, 0x50, 0x98, 0x13, 0x8C, 0x19, 0xAA, 0x08, 0x63, 0x82, 0xB0, 0x8A, 0x18, 0x21, 0x41,
    0x97, 0x41, 0x56, 0x9B, 0xA2, 0x75, 0x14, 0x6D, 0x8A, 0xCA, 0x2D, 0x5C, 0x8E, 0x0C, 0x9C, 0x71,
    0xBE, 0x04, 0xE7, 0xDC, 0x5E, 0x16, 0x93, 0xD8, 0xCB, 0x72, 0x15, 0x0B, 0x6D, 0x39, 0xF2, 0xA5,
    0x37, 0x31, 0x45, 0x4C, 0xBD, 0x61, 0xED, 0x96, 0x60, 0xA4, 0x28, 0xA7, 0x8C, 0x62, 0x7C, 0xA1,
    0x1C, 0x73, 0xAC, 0x2F, 0x31, 0xD6, 0x43, 0xC9, 0x0E, 0xE8, 0x7D, 0x78, 0xE8, 0x03, 0x67, 0x74,
    0x0F, 0x2E, 0x39, 0x06, 0xD7, 0x1A, 0x59, 0x1F, 0xAC, 0xFD, 0xD9, 0x46, 0xE1, 0xD7, 0x08, 0x27,
    0xB7, 0xC0, 0x64, 0x42, 0x98, 0x24, 0x9A, 0xBC, 0xBA, 0x7B, 0x7A, 0x15, 0x95, 0x64, 0xFC, 0x0E,
    0x26, 0xA8, 0xA3, 0xB8, 0x46, 0xAB, 0x22, 0x1A, 0xD0, 0x4B, 0xDE, 0x70, 0x22, 0x7D, 0x90, 0xBC,
    0x92, 0x08, 0xD6, 0x24, 0x3E, 0x8A, 0xF3, 0xEB, 0x73, 0x1C, 0xFC, 0x7D, 0xCE, 0xB1, 0x83, 0xBC,
    0x21, 0x72, 0xEB, 0xFC, 0xE9, 0x39, 0x9E, 0xE2, 0x5D, 0xC9, 0xA0, 0x6D, 0xDA, 0x05, 0xBF, 0x02,
    0x41, 0x4B, 0x6B, 0x25, 0xF5, 0xD5, 0x40, 0xC1, 0x5D, 0x44, 0x51, 0xD2, 0xDB, 0xC0, 0xE5, 0x16,
    0x71, 0x14, 0x5C, 0xCE, 0x4C, 0xF3, 0xEF, 0xA1, 0x70, 0xD2, 0x57, 0x31, 0x6F, 0x1B, 0xE1, 0x94,
    0x6F, 0x53, 0x78, 0x76, 0xF4, 0xAB, 0x00, 0xDF, 0x29, 0x1B, 0x4B, 0xD2, 0x85, 0xA4, 0x80, 0xCD,
    0x55, 0x3D, 0x9F, 0xA2, 0xA2, 0x28, 0xA7, 0x14, 0xAD, 0xBE, 0x33, 0xC6, 0xE8, 0x55, 0x0C, 0x5B,
    0xE2, 0xFB, 0x4D, 0xD0, 0x62, 0x17, 0x8E, 0x31, 0xF7, 0x11, 0x42, 0xCE, 0xA1, 0xBB, 0x18, 0xBD,
    0x96, 0xDD, 0x76, 0xFD, 0x07, 0x15, 0x0E, 0x3F, 0x85, 0x66, 0x40, 0x0D, 0xBF, 0x8A, 0x94, 0x83,
    0x7A, 0xCC, 0x1A, 0xF3, 0x59, 0x36, 0xD1, 0x8D, 0xC3, 0x3F, 0x8B, 0x1B, 0x29, 0x44, 0x54, 0xE4,
    0x8B, 0xAC, 0x66, 0x60, 0x59, 0xA5, 0x08, 0xF4, 0x8B, 0x33, 0x71, 0x23, 0xCA, 0xA3, 0xE8, 0x59,
    0x77, 0xEC, 0x9D, 0x97, 0x81, 0x77, 0x44, 0x8A, 0xE5, 0xFD, 0x12, 0x18, 0xF8, 0x65, 0x63, 0xAD,
    0x22, 0xC6, 0x99, 0xE4, 0x1C, 0x4B, 0xB4, 0x15, 0x5A, 0x55, 0xAD, 0x61, 0x0D, 0xBB, 0x31, 0xE9,
    0x07, 0x0B, 0x9C, 0x32, 0x24, 0xE8, 0x4D, 0x22, 0xC4, 0xCF, 0x4B, 0xF6, 0x8F, 0xD0, 0xAF, 0x92,
    0x27, 0x20, 0x03, 0x4E, 0xD0, 0xE5, 0x8B, 0x9F, 0x25, 0xD6, 0x90, 0xCB, 0x90, 0x2D, 0x16, 0x74,
    0xE5, 0xBB, 0x64, 0x66, 0xD8, 0xE5, 0x2C, 0x68, 0x93, 0x41, 0x52, 0xFC, 0x17, 0x7A, 0x41, 0x6F,
    0x85, 0x68, 0xD9, 0x1C, 0x77, 0xEA, 0x4D, 0x8D, 0x86, 0x92, 0x71, 0x17, 0xE0, 0x4C, 0x2C, 0x0E,
    0xEC, 0xA6, 0x75, 0x3B, 0x83, 0xA6, 0x55, 0x2B, 0x85, 0x2D, 0x4E, 0x8E, 0x9E, 0x65, 0x99, 0x32,
    0x42, 0x50, 0xD9, 0xC5, 0x3C, 0x51, 0xA5, 0x1E, 0x23, 0x84, 0x2C, 0x70, 0x36, 0x74, 0xD9, 0xDC,
    0x40, 0x89, 0x55, 0x8E, 0x3C, 0x0E, 0xBB, 0x18, 0xA3, 0x94, 0x4B, 0x86, 0x08, 0x8D, 0x07, 0x42,
    0x8E, 0xC7, 0x1C, 0x1D, 0xAB, 0x8C, 0x7D, 0xCB, 0x83, 0x3D, 0x05, 0x26, 0xE6, 0x75, 0xC9, 0x9D,
    0x8D, 0x91, 0xE5, 0xA5, 0xC6, 0x20, 0x7E, 0xD1, 0xA9, 0x8E, 0x89, 0x49, 0xA4, 0x5E, 0xE5, 0x64,
    0x92, 0xE7, 0xC8, 0x40, 0xA9, 0xAE, 0xA4, 0x41, 0xB8, 0xA5, 0x93, 0x55, 0x66, 0x9D, 0xAE, 0x5E,
    0x8A, 0x81, 0xDF, 0x47, 0xE9, 0x56, 0x59, 0x54, 0x5A, 0x70, 0x73, 0x3F, 0x32, 0x9B, 0xFF, 0xF8,
    0x74, 0xB9, 0x57, 0xD7, 0xF3, 0xBD, 0x0F, 0xFE, 0x4A, 0x4A, 0x6C, 0x6D, 0xDE, 0xE5, 0xC4, 0x79,
    0x88, 0xC6, 0x7C, 0xD2, 0x7D, 0xEC, 0x90, 0x84, 0x7C, 0x4E, 0x7B, 0x95, 0x59, 0xEF, 0x66, 0xD7,
    0xAA, 0x74, 0xAD, 0x5B, 0xF2, 0x46, 0x27, 0x35, 0x6F, 0xDC, 0x52, 0x88, 0xCA, 0x52, 0x1C, 0x4E,
    0x4C, 0xBE, 0x21, 0x19, 0x1E, 0x51, 0xA6, 0x98, 0xF8, 0xDF, 0xE4, 0x48, 0xD7, 0x4C, 0x06, 0x3A,
    0x4C, 0xC9, 0x65, 0x4F, 0xD0, 0x99, 0x6C, 0x25, 0xD9, 0x4F, 0x94, 0x04, 0x95, 0x49, 0xA6, 0x13,
    0x95, 0x07, 0x96, 0x2A, 0x46, 0xB5, 0x12, 0x03, 0x79, 0x7D, 0xF0, 0x13, 0xD9, 0x49, 0x0A, 0x63,
    0xBC, 0x31, 0xC2, 0xF7, 0x37, 0xBE, 0x69, 0x34, 0xE2, 0x97, 0xFF, 0x4F, 0xB6, 0x12, 0x1B, 0xE9,
    0xCE, 0xFF, 0xCA, 0x6C, 0x26, 0x9F, 0x1E, 0x30, 0x91, 0x00, 0x7A, 0xE3, 0xA2, 0x41, 0x38, 0x4C,
    0x3B, 0xB8, 0xD1, 0x0D, 0x83, 0x9D, 0x93, 0xE8, 0x8E, 0xB8, 0x75, 0xC0, 0x35, 0x27, 0xD6, 0x72,
    0xF6, 0x1B, 0xFF, 0xC4, 0xF7, 0x62, 0x80, 0xC8, 0x57, 0xB4, 0xFC, 0xDB, 0x8C, 0x40, 0x67, 0x73,
    0xD4, 0xA4, 0xAC, 0x93, 0xE0, 0x3F, 0x56, 0x73, 0xB7, 0x22, 0x9F, 0x14, 0x56, 0xDE, 0xB7, 0xE2,
    0x6E, 0x15, 0x9D, 0xE0, 0xFB, 0x3C, 0xD3, 0x6B, 0x03, 0x46, 0x9E, 0xB5, 0x11, 0x98, 0x50, 0x43,
    0xE2, 0x89, 0xC9, 0x95, 0xE3, 0x0B, 0x92, 0xE3, 0x11, 0x4B, 0x60, 0x86, 0xA1, 0x40, 0x2F, 0x11,
    0x9A, 0x6C, 0x91, 0x2F, 0xB5, 0x6F, 0x1C, 0x0E, 0x87, 0x77, 0x6D, 0x77, 0x4F, 0x37, 0x60, 0x3B,
    0x5D, 0x2A, 0x0D, 0x88, 0x99, 0xB9, 0x70, 0x00, 0x74, 0xE5, 0xC4, 0x19, 0xCC, 0x27, 0x3D, 0x90,
    0x07, 0x5E, 0x14, 0xFF, 0xA8, 0x91, 0x62, 0x3C, 0x1E, 0xF8, 0x0E, 0x40, 0xB3, 0xD9, 0xDB, 0xB8,
    0x3E, 0x70, 0xF7, 0x75, 0xC7, 0x1B, 0x46, 0x09, 0x84, 0x1B, 0xFB, 0x32, 0x9E, 0xBE, 0x6D, 0x09,
    0x42, 0x5B, 0xED, 0x16, 0xCD, 0xB1, 0x3F, 0xFF, 0xF6, 0xBB, 0x22, 0x18, 0xA2, 0x91, 0x7F, 0x76,
    0x1E, 0x98, 0x93, 0xFA, 0x89, 0xBF, 0x12, 0x9D, 0xC9, 0xB1, 0xC4, 0x4C, 0x8F, 0x87, 0x92, 0x3E,
    0x6B, 0x65, 0x6C, 0xB4, 0x3A, 0x64, 0x93, 0x5D, 0x79, 0x5C, 0x6F, 0xC5, 0xB6, 0xAC, 0xC8, 0x3E,
    0x9A, 0xF4, 0x6B, 0xFB, 0x2C, 0xE8, 0x20, 0x5D, 0x61, 0xC3, 0xB7, 0xB3, 0x28, 0x3F, 0x9C, 0xEC,
    0xDA, 0x70, 0x89, 0xC3, 0x7D, 0xC9, 0xB6, 0x4D, 0xE5, 0x8E, 0x3B, 0x0A, 0x0E, 0x8D, 0x90, 0x19,
    0x5A, 0x72, 0x49, 0x35, 0xB8, 0x7C, 0xB6, 0x4D, 0x50, 0x4C, 0x31, 0xEC, 0xFE, 0x26, 0x18, 0x8D,
    0x7E, 0xB2, 0x34, 0xA9, 0x17, 0x3B, 0x05, 0x4A, 0x08, 0xE3, 0x91, 0x1C, 0xAD, 0x9C, 0x02, 0x67,
    0x0E, 0xA3, 0x78, 0xA0, 0x4B, 0x56, 0x02, 0x68, 0xD9, 0xD7, 0xC6, 0xEB, 0x15, 0x2C, 0x90, 0x3C,
    0xEF, 0xDA, 0xA2, 0xCD, 0x50, 0xE5, 0x2D, 0xF7, 0xA6, 0xB8, 0x0D, 0xCD, 0xF7, 0x58, 0xED, 0x5D,
    0xF5, 0x75, 0x29, 0xE6, 0xE8, 0xAB, 0x3A, 0xE0, 0xA9, 0x10, 0x58, 0x0C, 0x1D, 0x51, 0x6F, 0xBB,
    0x76, 0x20, 0x3C, 0xC2, 0xDF, 0x8A, 0x24, 0x33, 0x9E, 0x4D, 0x2B, 0xFE, 0x61, 0xBB, 0x44, 0xE2,
    0x4A, 0xBB, 0xD8, 0x9C, 0x7B, 0x45, 0x0E, 0x85, 0xFB, 0xA9, 0x46, 0xFC, 0x95, 0x0C, 0xD5, 0x73,
    0xD7, 0x5C, 0xDA, 0x5B, 0xC0, 0x7F, 0xD8, 0x92, 0x4F, 0x3B, 0xBE, 0xD4, 0xF2, 0xEA, 0x28, 0xEB,
    0xA3, 0x8A, 0xE7, 0xA3, 0xCC, 0xC6, 0x1B, 0xF5, 0x77, 0x40, 0x65, 0xEA, 0x45, 0x00, 0x83, 0xC9,
    0xF2, 0x0C, 0x17, 0x8B, 0xC9, 0xBF, 0x8F, 0x51, 0xA9, 0x2F, 0x56, 0x4B, 0xEA, 0xCE, 0x64, 0xB6,
    0x48, 0x19, 0x4C, 0xF2, 0xE1, 0x65, 0x30, 0x99, 0x4F, 0x92, 0x8F, 0x26, 0x79, 0x4D, 0x9A, 0x4C,
    0x96, 0xE3, 0x2E, 0x07, 0x76, 0x37, 0xBF, 0xC2, 0x51, 0xFA, 0x5D, 0xA2, 0xDF, 0x65, 0xC7, 0xEF,
    0xDB, 0xA5, 0xFC, 0xB0, 0xB2, 0x9B, 0x73, 0x31, 0x65, 0x18, 0x2C, 0x57, 0x4B, 0x26, 0xA2, 0x25,
    0x6F, 0x39, 0xF8, 0x0B, 0x58, 0x36, 0xFB, 0x80, 0xBB, 0xA8, 0xB2, 0x67, 0x10, 0xC1, 0x13, 0x9E,
    0x1C, 0x5C, 0x99, 0x18, 0x8F, 0x29, 0x1F, 0x65, 0xAC, 0xF0, 0xC9, 0x2A, 0xAB, 0x87, 0x19, 0x1A,
    0xE6, 0xD0, 0x5D, 0xC8, 0xC3, 0x1C, 0xD7, 0x18, 0x52, 0x5C, 0xB0, 0x96, 0x7F, 0x08, 0xB4, 0x76,
    0x94, 0x5C, 0x49, 0x7D, 0x25, 0x6E, 0xB9, 0x89, 0xDF, 0xC2, 0xB0, 0x96, 0xEF, 0xD2, 0xF6, 0xE1,
    0x16, 0xDF, 0x2E, 0xC3, 0xBE, 0x04, 0xBB, 0x44, 0x77, 0x94, 0x87, 0xC6, 0x58, 0x5C, 0xD1, 0x82,
    0x83, 0x24, 0xF0, 0x9D, 0x48, 0x36, 0xB9, 0xC0, 0x4B, 0x05, 0x37, 0x4B, 0x3E, 0xEC, 0xB6, 0xB0,
    0x77, 0x46, 0x47, 0x3B, 0xB9, 0x9E, 0xFE, 0xE4, 0x2D, 0x17, 0xA0, 0x68, 0xB9, 0x22, 0xA5, 0x96,
    0x0D, 0xAF, 0x0B, 0x45, 0xEF, 0x78, 0x74, 0x4A, 0x24, 0xE0, 0xF6, 0x55, 0x9B, 0xB7, 0xAC, 0x9C,
    0x65, 0x07, 0x56, 0xB2, 0x2F, 0x98, 0xAD, 0x37, 0xD7, 0xBE, 0xFF, 0x46, 0x95, 0xFE, 0x1E, 0x17,
    0x68, 0xDD, 0x13, 0xDC, 0x45, 0x97, 0xB7, 0x1F, 0x08, 0xFA, 0xB2, 0xBA, 0xC3, 0xA5, 0x91, 0x17,
    0x2C, 0x00, 0x0D, 0xAE, 0xD0, 0xB5, 0x86, 0xD9, 0x8A, 0xB7, 0x1B, 0xB4, 0xBC, 0xD1, 0xD4, 0xD7,
    0xD0, 0x4B, 0x38, 0x74, 0xDC, 0xCF, 0x44, 0x72, 0xBB, 0xB1, 0xF1, 0x2D, 0x8C, 0x37, 0x17, 0x17,
    0xD2, 0x8F, 0x9A, 0xF0, 0x3F, 0xC4, 0xF2, 0x1E, 0xAE, 0x2B, 0xF1, 0x60, 0x6B, 0x44, 0x01, 0xBD,
    0x98, 0xA9, 0xAF, 0x31, 0x3A, 0x32, 0x02, 0x1B, 0x57, 0xCF, 0x18, 0xAD, 0xBB, 0xF2, 0x1C, 0xFF,
    0x69, 0x8F, 0x88, 0x9C, 0xB2, 0x0C, 0x55, 0x8D, 0xFD, 0x62, 0xA8, 0x3C, 0x5B, 0x99, 0xF3, 0x86,
    0xC6, 0xF1, 0x17, 0x11, 0xE5, 0x6C, 0x2C, 0xA7, 0xE7, 0x59, 0x8F, 0x46, 0x3F, 0x18, 0x61, 0x3C,
    0x05, 0xDE, 0x26, 0x3D, 0x10, 0x48, 0x28, 0xAD, 0x3D, 0x50, 0xFB, 0x55, 0xED, 0x18, 0x83, 0xC1,
    0x4A, 0x71, 0x6D, 0xBE, 0xBF, 0x09, 0x74, 0x92, 0x2D, 0xC9, 0xAF, 0x59, 0xFA, 0xC6, 0xA4, 0x5D,
    0xE1, 0x43, 0xDA, 0xFA, 0x10, 0xA1, 0x4D, 0xDB, 0x9A, 0x87, 0x4E, 0xD6, 0x9C, 0xE8, 0x93, 0x44,
    0x25, 0x5A, 0x4C, 0xCC, 0xB5, 0xDC, 0x3C, 0x7A, 0xC9, 0xF0, 0x6D, 0x2B, 0x1F, 0x27, 0x87, 0xC3,
    0x3B, 0xBC, 0x75, 0x00, 0xE3, 0x0A, 0xDE, 0x0C, 0x57, 0xBC, 0x5F, 0x2F, 0xB2, 0xE2, 0x41, 0x39,
    0x11, 0xA1, 0x1C, 0x19, 0x41, 0xD0, 0x73, 0x29, 0xE2, 0x7D, 0xBE, 0x98, 0xE3, 0x1E, 0x81, 0x57,
    0x8F, 0x6E, 0x45, 0x8A, 0x8B, 0x5F, 0xEA, 0xF1, 0x83, 0xDF, 0xA0, 0xB3, 0xC5, 0x68, 0x84, 0x93,
    0xC8, 0x29, 0xA2, 0x0F, 0x0A, 0x1A, 0xDB, 0xA8, 0xC6, 0x7A, 0x32, 0xC2, 0x18, 0x6F, 0x4C, 0x2F,
    0x8D, 0xEE, 0xDF, 0x67, 0x65, 0xFE, 0xAA, 0xB1, 0x74, 0x8B, 0xF2, 0xA1, 0x83, 0x72, 0x34, 0x26,
    0x21, 0x23, 0xA1, 0x2D, 0x1C, 0x79, 0xAF, 0xBE, 0xF7, 0xD7, 0xF8, 0x79, 0x25, 0x52, 0xEA, 0xB6,
    0x8D, 0x0F, 0x38, 0xBC, 0x87, 0xA7, 0x4D, 0x02, 0x6D, 0xED, 0x0D, 0x25, 0xEB, 0xED, 0x34, 0x72,
    0xED, 0x4A, 0xFA, 0x6E, 0xB9, 0x21, 0xB5, 0x18, 0x17, 0x3B, 0x60, 0xE2, 0x85, 0xAF, 0x07, 0x7D,
    0x7A, 0x38, 0xC7, 0x52, 0x79, 0x1B, 0xAA, 0xC2, 0x46, 0xD6, 0xCB, 0x2B, 0x0D, 0x0A, 0x68, 0x19,
    0xCB, 0x82, 0x20, 0x1C, 0xD9, 0x8D, 0xFA, 0x30, 0x9B, 0xB2, 0x20, 0x4F, 0x0A, 0x79, 0x5F, 0xB2,
    0xF9, 0x66, 0x9F, 0x3B, 0x73, 0xD7, 0xD0, 0xDF, 0x3E, 0x1C, 0x80, 0xEB, 0x33, 0x2D, 0xBE, 0xED,
    0x7A, 0x70, 0x7B, 0xE0, 0xD0, 0x94, 0xE6, 0xA9, 0xA1, 0x11, 0xBF, 0x9D, 0xB8, 0xDB, 0x99, 0xD6,
    0x11, 0x29, 0xAC, 0x5A, 0x6E, 0x13, 0xC7, 0xB1, 0x0C, 0xAE, 0xD2, 0x37, 0xEB, 0x8A, 0x45, 0xF5,
    0x16, 0x18, 0xC3, 0xF5, 0xFE, 0x03, 0x83, 0x39, 0xAD, 0x2D, 0xEA, 0x15, 0x71, 0xF7, 0xFC, 0x6F,
    0x25, 0xA3, 0xE5, 0x26, 0x38, 0xC4, 0xCF, 0xDE, 0x5A, 0x91, 0x2F, 0xEE, 0x2F, 0xF4, 0xB7, 0x12,
    0x67, 0xBF, 0x95, 0xB8, 0x44, 0x2F, 0xF5, 0x2F, 0x25, 0x9F, 0x71, 0xAB, 0x30, 0xA3, 0x1C, 0xE4,
    0x7B, 0x76, 0x88, 0xDC, 0xB1, 0x7D, 0x41, 0x94, 0xB3, 0xBC, 0x66, 0x2B, 0xFE, 0xC0, 0x10, 0x74,
    0x8B, 0x6E, 0x88, 0x0C, 0x71, 0x6F, 0xE8, 0xB4, 0x4B, 0xA2, 0x57, 0x8A, 0x0D, 0x73, 0xDA, 0xC4,
    0xFC, 0xCE, 0xAC, 0xC9, 0x78, 0x8F, 0xFA, 0x6D, 0x55, 0xEB, 0x9E, 0x38, 0x9F, 0xF7, 0xDF, 0x1B,
    0x62, 0x6F, 0x97, 0x38, 0xFA, 0x20, 0x42, 0x1F, 0xEC, 0xFC, 0x40, 0xC7, 0xD2, 0x15, 0xE9, 0x1A,
    0x4F, 0x31, 0x91, 0x4F, 0x7A, 0x0B, 0x29, 0xC6, 0x04, 0x15, 0xB3, 0x31, 0x05, 0x63, 0x65, 0xDB,
    0xC0, 0xBB, 0xCD, 0x39, 0xEE, 0x8B, 0xF8, 0x5E, 0x4F, 0x09, 0xF4, 0x6E, 0x22, 0xBA, 0x5C, 0xD1,
    0x16, 0xA3, 0x9E, 0x10, 0xA5, 0x9E, 0x0E, 0x0D, 0x91, 0xA0, 0xAA, 0x83, 0xC2, 0x07, 0x5D, 0x0E,
    0xDF, 0x2B, 0xD0, 0x99, 0x0F, 0xAD, 0xFA, 0x60, 0xD8, 0x7C, 0x88, 0xD1, 0x18, 0x5A, 0xBA, 0x12,
    0x43, 0xCF, 0x16, 0x01, 0x2A, 0x96, 0x74, 0x2B, 0xD6, 0x99, 0x6E, 0x7A, 0xF0, 0xA3, 0x14, 0x97,
    0xE8, 0xB9, 0xA4, 0xB8, 0x79, 0x86, 0xA9, 0x7B, 0x0A, 0xDF, 0x4B, 0xD1, 0xAB, 0xE5, 0x79, 0x64,
    0x85, 0xCF, 0xD2, 0x70, 0xBF, 0x23, 0x14, 0x9A, 0x2B, 0x6E, 0x2B, 0xFD, 0xD0, 0xC9, 0x06, 0x7B,
    0xE5, 0xFA, 0x41, 0x84, 0x45, 0xB4, 0x97, 0x0D, 0x29, 0xD9, 0x6F, 0x3E, 0xFE, 0x08, 0x52, 0x02,
    0x9F, 0x40, 0x5E, 0x1B, 0x3E, 0xFF, 0x62, 0x91, 0x07, 0xE1, 0xF3, 0x4F, 0x27, 0xF9, 0xD7, 0xCF,
    0x3F, 0xF9, 0x78, 0x94, 0x37, 0x3E, 0xF9, 0x08, 0xEB, 0x68, 0xCF, 0x2E, 0xC1, 0x85, 0x00, 0x63,
    0xFF, 0xF8, 0xB2, 0x11, 0x49, 0x7F, 0xF5, 0x56, 0x25, 0x92, 0xFD, 0xEC, 0x55, 0x66, 0xD5, 0x9F,
    0xDF, 0x16, 0x1D, 0x0A, 0x18, 0xCC, 0xC6, 0x87, 0xB5, 0xB1, 0xD2, 0xF1, 0x53, 0xEA, 0x33, 0xCD,
    0xF8, 0x4E, 0x6D, 0x9B, 0x77, 0x75, 0x28, 0xDA, 0xA2, 0xF2, 0xC1, 0xB5, 0x25, 0x67, 0xBB, 0x39,
    0xA1, 0xAD, 0x5E, 0x8F, 0xD0, 0xE5, 0x37, 0xB7, 0xC5, 0x64, 0xB3, 0xFB, 0x8D, 0x32, 0x35, 0x8F,
    0xD5, 0x3A, 0xB3, 0x0B, 0x6D, 0x3E, 0xEF, 0x27, 0x67, 0xA1, 0xB6, 0xA4, 0xBD, 0xAD, 0x15, 0x3B,
    0x87, 0x55, 0x28, 0xDA, 0x58, 0x77, 0x54, 0xA2, 0x36, 0xFA, 0x01, 0xAE, 0xEE, 0x55, 0x56, 0xA8,
    0xED, 0x0F, 0xAC, 0x98, 0xDF, 0x3E, 0x78, 0xDC, 0xD7, 0x6D, 0x3A, 0x53, 0x2F, 0xEF, 0x1E, 0x0B,
    0x17, 0xD8, 0xD3, 0xAE, 0x86, 0xA7, 0x7A, 0xE5, 0xD7, 0xD9, 0xF4, 0xCB, 0x19, 0xAD, 0x0D, 0xBB,
    0xA8, 0x05, 0x6D, 0xAE, 0x2E, 0x3B, 0x0D, 0x22, 0x43, 0x67, 0xCF, 0x54, 0xC7, 0x2F, 0x88, 0x60,
    0x5F, 0x69, 0x7F, 0x60, 0x9D, 0xD4, 0x3A, 0xA0, 0x37, 0xA7, 0xF7, 0xA5, 0xED, 0x85, 0xBA, 0xBB,
    0xA5, 0xB9, 0xE8, 0x69, 0x3F, 0xE6, 0xC8, 0x1A, 0x5E, 0x84, 0xD1, 0x06, 0xFB, 0xE6, 0x2A, 0x11,
    0x4F, 0x12, 0x3F, 0x43, 0x3D, 0x48, 0xFC, 0x0A, 0x96, 0xEA, 0x66, 0xE0, 0x7A, 0x16, 0x5E, 0x4E,
    0xA6, 0x04, 0x55, 0x76, 0x39, 0x26, 0x68, 0xBE, 0x96, 0x0F, 0xE2, 0x5B, 0x1E, 0xB6, 0x65, 0xCB,
    0xA4, 0xDA, 0x6C, 0xA3, 0x39, 0x56, 0x89, 0xEF, 0xC4, 0xEB, 0xA3, 0xCC, 0x24, 0xA7, 0xB8, 0xF6,
    0x83, 0x56, 0x84, 0x96, 0xF6, 0x8A, 0x73, 0x58, 0xE9, 0x80, 0x1D, 0x1D, 0x3F, 0xA7, 0x6B, 0xAF,
    0xC7, 0x8C, 0xE8, 0x51, 0x74, 0x0D, 0xEB, 0x09, 0xA9, 0xF7, 0x02, 0xD6, 0x31, 0xA7, 0xF3, 0x4E,
    0x92, 0x56, 0xD2, 0x9E, 0x36, 0xE9, 0x24, 0x6D, 0x68, 0xB3, 0xBF, 0xF9, 0x56, 0xDA, 0x8A, 0x5B,
    0x1E, 0xB9, 0x46, 0x1C, 0x96, 0x52, 0xA4, 0xF8, 0x2D, 0x4F, 0x82, 0x0F, 0x9C, 0x5B, 0x3B, 0xCE,
    0x5F, 0xB9, 0x7D, 0xB3, 0xB0, 0x27, 0xBA, 0xB5, 0xFF, 0xF4, 0x44, 0xE4, 0x47, 0xAC, 0xEE, 0x2C,
    0x1E, 0x65, 0xF7, 0x62, 0xD0, 0x45, 0xED, 0x75, 0xC6, 0xEC, 0xD7, 0x71, 0x9D, 0xA5, 0xCF, 0x44,
    0xDB, 0xA0, 0x36, 0x32, 0xC4, 0x41, 0x91, 0x6C, 0xE8, 0xB7, 0xDB, 0x2E, 0xE9, 0xB9, 0xCC, 0xDC,
    0x6C, 0x97, 0x68, 0xD6, 0xE1, 0xDC, 0x63, 0xDE, 0xD9, 0x83, 0x6B, 0xD0, 0x0B, 0x5A, 0x57, 0xF1,
    0x11, 0xAC, 0xC9, 0xAB, 0x32, 0x24, 0xA8, 0x0A, 0x21, 0xA4, 0x5C, 0x91, 0x2E, 0x72, 0xB2, 0x76,
    0xCB, 0x66, 0xF9, 0xB1, 0xD4, 0xAC, 0x15, 0xAF, 0x8B, 0x27, 0x1E, 0x5A, 0xC9, 0x98, 0xAC, 0x64,
    0x8C, 0xC2, 0x92, 0x11, 0x0D, 0xD1, 0x8A, 0x10, 0x07, 0x56, 0x8E, 0x90, 0x04, 0xAD, 0x1C, 0x49,
    0x9F, 0xB0, 0x64, 0x28, 0xD0, 0xA5, 0x5D, 0xBA, 0x68, 0x1C, 0x4B, 0xB5, 0x5F, 0x38, 0x70, 0x65,
    0x0F, 0x19, 0x21, 0x43, 0x45, 0xE8, 0x76, 0xC0, 0x86, 0x9E, 0x88, 0xD0, 0x11, 0x31, 0x5A, 0x62,
    0xFD, 0xCF, 0x9E, 0x3C, 0x81, 0x20, 0x44, 0xA9, 0x81, 0x7D, 0x1F, 0x83, 0xA5, 0x7D, 0x27, 0x09,
    0x34, 0xD8, 0x78, 0xAD, 0x74, 0xBA, 0x84, 0xFB, 0x8F, 0xBE, 0x56, 0x0E, 0xC5, 0x7C, 0xB0, 0x1F,
    0x7D, 0xEF, 0x1F, 0x9F, 0x84, 0x39, 0xB8, 0x02, 0x8A, 0x97, 0xED, 0x47, 0xDF, 0x12, 0xFA, 0xB2,
    0x56, 0xB0, 0x7D, 0xF3, 0x47, 0xB4, 0xDF, 0xFA, 0x17, 0xDA, 0xEF, 0xF6, 0xBB, 0xD5, 0x2A, 0x6D,
    0x59, 0xED, 0xED, 0x77, 0xDD, 0x2F, 0x30, 0x49, 0xB6, 0x7C, 0xFA, 0x8B, 0x49, 0xF2, 0xE9, 0xA3,
    0x57, 0x47, 0x29, 0xFF, 0xF0, 0xA1, 0x0B, 0xE2, 0x3F, 0xFF, 0xF0, 0x76, 0x25, 0xF8, 0xE4, 0x57,
    0xCC, 0xE9, 0x8B, 0x7F, 0x64, 0xA2, 0x5D, 0xFC, 0x25, 0x03, 0x79, 0xF3, 0x6B, 0xFF, 0xD7, 0x73,
    0x65, 0xB3, 0xFF, 0xEC, 0x8D, 0x7E, 0xBF, 0x2A, 0x5B, 0x54, 0xF6, 0xB1, 0x9C, 0x5E, 0x6D, 0xF7,
    0x45, 0xB5, 0x03, 0x7D, 0x47, 0x30, 0xCB, 0x8F, 0x5F, 0x72, 0x7A, 0x8C, 0xE4, 0x7A, 0x8A, 0xBC,
    0x44, 0x7B, 0xE7, 0xDB, 0x37, 0x53, 0x91, 0xEB, 0xCC, 0x45, 0xF8, 0x03, 0xBB, 0xFA, 0xBE, 0x1C,
    0xB7, 0x53, 0x81, 0xD9, 0x71, 0x63, 0x99, 0x22, 0xFA, 0x1C, 0x5D, 0x8C, 0xC2, 0x04, 0x09, 0xB4,
    0xE8, 0x24, 0xC5, 0x39, 0xC4, 0x6A, 0x26, 0xED, 0xCC, 0xF3, 0x28, 0x45, 0xA5, 0x45, 0xBD, 0x65,
    0xB9, 0x42, 0xC7, 0x3B, 0xBE, 0xEF, 0xE8, 0x33, 0x6D, 0x30, 0xCB, 0xF7, 0xEB, 0x9E, 0x7D, 0x7C,
    0xC7, 0x08, 0xB8, 0x87, 0xE4, 0x4F, 0xF0, 0x14, 0x93, 0xD4, 0xEA, 0xB3, 0xB7, 0x4C, 0x49, 0x9E,
    0x68, 0x3D, 0x79, 0xDC, 0xD1, 0x5E, 0xD0, 0xC6, 0x77, 0x1B, 0x91, 0xFF, 0x01, 0xB3, 0xFF, 0xFF,
    0xC7, 0xFE, 0xFF, 0x8F, 0xFA, 0xFF, 0x5F, 0xEA, 0xFF, 0x7F, 0x00, 0x00, 0xAD, 0x95, 0x31, 0x6E,
    0xF3, 0x46, 0x10, 0x85, 0x97, 0x62, 0x62, 0x15, 0x2A, 0xD8, 0x1A, 0x76, 0xA1, 0x26, 0x95, 0x1B,
    0xDE, 0x20, 0xE4, 0x8D, 0x7C, 0x04, 0xF3, 0x08, 0x3E, 0x82, 0xCB, 0x00, 0x2E, 0x72, 0x04, 0xEA,
    0x08, 0x3A, 0x02, 0x0B, 0x57, 0x69, 0xBC, 0x85, 0x02, 0x30, 0x32, 0xC9, 0x97, 0x9D, 0x37, 0xFB,
    0x40, 0x82, 0xF5, 0x4F, 0x2C, 0xC0, 0x37, 0x30, 0x24, 0xCF, 0x7C, 0xDF, 0x8E, 0x1D, 0xD2, 0xF3,
    0x8C, 0xF6, 0x19, 0xEF, 0x29, 0x14, 0xC0, 0xBF, 0xC0, 0x98, 0xD2, 0x11, 0x3D, 0xF0, 0x3D, 0xA5,
    0x54, 0xCD, 0x27, 0x2C, 0x47, 0x4B, 0xF5, 0x54, 0x62, 0x2A, 0xED, 0xA7, 0xCD, 0x2D, 0x34, 0x63,
    0xD1, 0xA6, 0xD4, 0xC7, 0xF0, 0x76, 0x0B, 0xF6, 0x20, 0xA6, 0xC2, 0xC2, 0x13, 0x00, 0xFF, 0x92,
    0x9E, 0xC9, 0x7E, 0xFC, 0x89, 0x7F, 0x7A, 0xDC, 0x3F, 0x52, 0x3A, 0xE0, 0x92, 0x4E, 0x0A, 0xA1,
    0xDC, 0xA4, 0xAE, 0xF4, 0x74, 0x44, 0x9B, 0x0A, 0x4B, 0x27, 0x58, 0x61, 0xA9, 0x82, 0x15, 0x9E,
    0xEC, 0x30, 0x2D, 0xE9, 0x30, 0x9D, 0x67, 0xA5, 0x7A, 0x4A, 0x05, 0x53, 0x33, 0x59, 0xC1, 0x34,
    0x5A, 0xA1, 0x34, 0x32, 0xBD, 0xDD, 0x94, 0xF6, 0xCD, 0x33, 0x0D, 0x56, 0x90, 0xC5, 0xD5, 0x0A,
    0xA6, 0x8B, 0x15, 0xBB, 0xE6, 0xBB, 0x74, 0xBC, 0xE5, 0x54, 0x78, 0xA3, 0x73, 0x38, 0xE5, 0x56,
    0xD4, 0xC0, 0x0B, 0x62, 0x3A, 0x96, 0x1A, 0x74, 0xE9, 0x30, 0x7D, 0xD9, 0xEF, 0xD7, 0xF3, 0x80,
    0xA5, 0x0D, 0xCE, 0x6A, 0xE0, 0xF7, 0xFE, 0x60, 0xF4, 0x51, 0xE1, 0xCC, 0xD9, 0x22, 0x89, 0x77,
    0xD6, 0x7C, 0x0C, 0x6A, 0xD8, 0x3F, 0x0D, 0x7E, 0x8E, 0xA4, 0xAF, 0xE4, 0xFC, 0x89, 0x8B, 0x1A,
    0x25, 0xE3, 0x74, 0xD4, 0x2E, 0xF9, 0xA6, 0x43, 0xBA, 0xE9, 0x88, 0xAD, 0xC8, 0x8A, 0x2B, 0xA9,
    0xA6, 0xA3, 0x41, 0x44, 0x54, 0x3C, 0x45, 0x53, 0x2C, 0x49, 0xB2, 0x99, 0xFE, 0x60, 0x5B, 0x0D,
    0x26, 0x52, 0x3C, 0x63, 0x20, 0xC3, 0xE3, 0xD2, 0x1A, 0xC1, 0xE0, 0xFC, 0xFC, 0xED, 0xE8, 0xC8,
    0x2E, 0x64, 0x72, 0xE2, 0x96, 0xA9, 0xF1, 0x4D, 0x60, 0x4E, 0x6C, 0xC3, 0xEB, 0xEB, 0x35, 0xF3,
    0x5A, 0x32, 0xAF, 0x79, 0xC7, 0x6B, 0xCA, 0xBC, 0x26, 0xF2, 0xF2, 0x06, 0x61, 0xAA, 0xC9, 0x2B,
    0xF6, 0x91, 0x9F, 0x8E, 0x88, 0xE4, 0xF5, 0x8E, 0xC1, 0x1B, 0xB3, 0x77, 0x49, 0xD5, 0x6C, 0x90,
    0xBD, 0xF2, 0x3E, 0x5E, 0xC8, 0x8B, 0x3D, 0x57, 0xBC, 0x95, 0x1B, 0x6E, 0x0B, 0xDF, 0xBC, 0x85,
    0xF0, 0x5F, 0x4F, 0x7E, 0x8D, 0xDD, 0x45, 0x72, 0x12, 0x37, 0xBE, 0xC9, 0x6B, 0xCA, 0xBC, 0xE6,
    0x47, 0xB6, 0x55, 0x67, 0x5E, 0x15, 0x22, 0x79, 0x1D, 0xF0, 0x0B, 0x79, 0x71, 0xB7, 0xF3, 0x15,
    0x2B, 0x80, 0x9B, 0xCD, 0xAD, 0xED, 0xFE, 0x81, 0xD6, 0x1B, 0x6D, 0xAF, 0xFD, 0x9E, 0x1D, 0x57,
    0x43, 0xAF, 0x7F, 0x76, 0xDB, 0x25, 0xD9, 0x6E, 0xC9, 0x13, 0xFC, 0x71, 0x94, 0x7C, 0x86, 0x7C,
    0xFB, 0xEE, 0x9F, 0xB8, 0xB2, 0xF3, 0x82, 0xC7, 0xF7, 0x9C, 0x47, 0x8B, 0x9E, 0x8E, 0x36, 0x3D,
    0x1D, 0xAD, 0xBA, 0xB8, 0xB2, 0x0A, 0x8A, 0xA2, 0xAC, 0x0B, 0xCA, 0x75, 0xB7, 0xA3, 0x7D, 0x77,
    0xCC, 0x13, 0xAB, 0x4C, 0xDA, 0x2B, 0xC5, 0x46, 0xDC, 0x59, 0x69, 0x1E, 0xD1, 0xEF, 0x57, 0x01,
    0x88, 0x72, 0x60, 0x15, 0x35, 0x68, 0xF1, 0x35, 0x8F, 0x64, 0x70, 0x82, 0xED, 0xEE, 0x6F, 0x97,
    0xDF, 0x5B, 0x91, 0x98, 0x8D, 0x9B, 0x8D, 0x9E, 0x7A, 0xDC, 0x19, 0x1A, 0x5F, 0xC3, 0xAA, 0x08,
    0x61, 0x75, 0xB4, 0x84, 0x55, 0xD2, 0x1C, 0x64, 0x89, 0xA3, 0x48, 0x13, 0xB3, 0xE6, 0x9A, 0x56,
    0x51, 0x34, 0xE9, 0xA6, 0x22, 0x15, 0x52, 0x15, 0x17, 0x40, 0xAE, 0x3E, 0x10, 0x35, 0x1C, 0x17,
    0x40, 0xB6, 0x94, 0x3B, 0x2D, 0x84, 0xFB, 0xE2, 0x52, 0x48, 0x98, 0x43, 0xA8, 0xA0, 0xE5, 0x50,
    0xA6, 0x48, 0x5A, 0x62, 0x29, 0x69, 0xCC, 0xB2, 0x46, 0x97, 0x2E, 0x8A, 0x32, 0x25, 0x8B, 0x36,
    0x37, 0x59, 0xE6, 0xEA, 0xCD, 0x88, 0xF5, 0xF2, 0xA8, 0x11, 0xC3, 0x99, 0xCB, 0x2F, 0x79, 0xB7,
    0xB0, 0xDA, 0xEB, 0x82, 0xF4, 0xED, 0xFD, 0x49, 0xE0, 0xDE, 0xA0, 0x14, 0xEE, 0x1C, 0x4A, 0xE2,
    0xCE, 0xE2, 0x4E, 0x23, 0xA9, 0xFC, 0xE7, 0x01, 0xC0, 0xD5, 0xBF, 0xFB, 0xC7, 0x3F, 0x57, 0x81,
    0x2E, 0xD6, 0x3F, 0xA7, 0x1C, 0x69, 0xD4, 0x78, 0xB7, 0x75, 0x36, 0x0E, 0xF6, 0x00, 0x8C, 0x9C,
    0xAA, 0x41, 0x1E, 0xE9, 0x25, 0x99, 0xCA, 0x33, 0x5C, 0x57, 0x47, 0x0C, 0xE9, 0x6C, 0x47, 0xD2,
    0x3F, 0x50, 0x89, 0x90, 0x14, 0x19, 0x91, 0x8E, 0x8D, 0x17, 0x49, 0x91, 0x11, 0x35, 0xC8, 0xC0,
    0x06, 0x05, 0xBF, 0x9E, 0x0B, 0x27, 0x7F, 0xC6, 0xDF, 0x2D, 0xC3, 0x49, 0xFC, 0x0B, 0xBC, 0xB3,
    0x53, 0xD1, 0x5E, 0x51, 0x07, 0x71, 0xCE, 0x90, 0x37, 0x84, 0x85, 0xD7, 0xC3, 0x16, 0xEC, 0xFA,
    0x3C, 0x88, 0x6A, 0x0F, 0x0C, 0xFE, 0x95, 0x77, 0x4C, 0x59, 0x57, 0xED, 0x1B, 0x91, 0xDC, 0x33,
    0x34, 0x83, 0xC2, 0x35, 0x54, 0x93, 0x07, 0x76, 0x5F, 0xF4, 0x18, 0x7E, 0x07, 0xD2, 0x70, 0x40,
    0xAC, 0x2C, 0xE0, 0x8E, 0xF8, 0x84, 0xFB, 0x5F, 0x87, 0x24, 0xF4, 0x66, 0x93, 0x94, 0x08, 0xE7,
    0x98, 0x43, 0xC5, 0x3B, 0x54, 0xA2, 0xFD, 0x8D, 0x23, 0x95, 0xFA, 0x0F, 0x51, 0xD8, 0xB4, 0xE4,
    0xDC, 0x63, 0xF0, 0xD9, 0xCE, 0x98, 0xC2, 0xD1, 0xC2, 0x01, 0x02, 0x5E, 0xA3, 0x3D, 0x21, 0x0F,
    0x6F, 0x9C, 0x4F, 0x5D, 0x81, 0x8B, 0x8D, 0xDD, 0x5C, 0x82, 0x87, 0xB7, 0x14, 0x3A, 0x86, 0x58,
    0xC2, 0x5C, 0xB4, 0x0D, 0x7A, 0x93, 0xF2, 0x7D, 0xA9, 0x4C, 0x79, 0x89, 0x25, 0xB5, 0x6C, 0x7F,
    0xB4, 0xFB, 0x21, 0xFC, 0x0F, 0x62, 0x40, 0x06, 0x26, 0x00, 0x1A, 0xE6, 0xD8, 0x36, 0x40, 0x20,
    0x08, 0xA2, 0xE8, 0x00, 0x01, 0x81, 0x03, 0x4A, 0xA0, 0x14, 0xC8, 0x1C, 0xBA, 0x24, 0x4A, 0xC3,
    0x25, 0x50, 0x82, 0x33, 0xA7, 0x0E, 0x2E, 0x3C, 0x18, 0xFF, 0xD1, 0x8A, 0x45, 0x48, 0x5F, 0xAB,
    0x77, 0xFB, 0xC6, 0xAD, 0x9A, 0xC9, 0x7B, 0xC5, 0xE2, 0xAB, 0xE2, 0x70, 0x53, 0x66, 0xB0, 0x0B,
    0xCD, 0x76, 0xA1, 0xF5, 0x47, 0x07, 0x08, 0xC2, 0xB2, 0x85, 0xDC, 0xE2, 0x0B, 0xE9, 0x83, 0x75,
    0x82, 0xD6, 0x67, 0x34, 0x08, 0xE2, 0x5F, 0x6B, 0x6B, 0xB9, 0x62, 0x36, 0xB7, 0x72, 0xE5, 0xD1,
    0xE9, 0x7D, 0x25, 0xBA, 0xEC, 0x6B, 0x23, 0xDA, 0xC4, 0x9F, 0xB8, 0x58, 0xFF, 0x2D, 0x04, 0xC4,
    0xDF, 0x13, 0x91, 0x07, 0xC2, 0xF9, 0x23, 0x5E, 0xA0, 0x2F, 0x88, 0x14, 0x04, 0x91, 0x82, 0x42,
    0x40, 0xCF, 0x1C, 0x02, 0xEA, 0x43, 0x08, 0x88, 0x80, 0x80, 0xFA, 0x18, 0x12, 0xF4, 0x19, 0x12,
    0x54, 0x04, 0x54, 0x04, 0x04, 0xA9, 0xE9, 0x6F, 0xFC, 0xCF, 0x00, 0x25, 0xD8, 0x00,
};

static const EpdGlyph notoserif_18_bolditalicGlyphs[] = {
    { 0, 0, 0, 0, 0, 0, 0 }, // U+0000
    { 0, 0, 156, 0, 0, 0, 0 }, // U+000D
    { 0, 0, 156, 0, 0, 0, 0 }, // U+0020
    { 13, 27, 237, 2, 27, 88, 0 }, // !
    { 16, 11, 305, 5, 27, 44, 88 }, // "
    { 21, 27, 335, 1, 27, 142, 132 }, // #
    { 21, 33, 335, 0, 29, 174, 274 }, // $
    { 31, 27, 538, 2, 27, 210, 448 }, // %
    { 29, 27, 481, 1, 27, 196, 658 }, // &
    { 8, 11, 174, 5, 27, 22, 854 }, // '
    { 17, 36, 240, 1, 30, 153, 876 }, // (
    { 17, 36, 240, -2, 30, 153, 1029 }, // )
    { 17, 16, 371, 5, 29, 68, 1182 }, // *
    { 17, 17, 335, 2, 23, 73, 1250 }, // +
    { 9, 12, 182, -1, 6, 27, 1323 }, // ,
    { 11, 4, 186, 0, 12, 11, 1350 }, // -
    { 7, 6, 182, 1, 6, 11, 1361 }, // .
    { 20, 34, 173, -4, 29, 170, 1372 }, // /
    { 20, 28, 335, 1, 27, 140, 1542 }, // 0
    { 18, 27, 310, 0, 27, 122, 1682 }, // 1
    { 22, 28, 335, -1, 28, 154, 1804 }, // 2
    { 22, 29, 335, -1, 28, 160, 1958 }, // 3
    { 21, 27, 335, 0, 27, 142, 2118 }, // 4
    { 22, 28, 335, 0, 27, 154, 2260 }, // 5
    { 22, 29, 335, 1, 28, 160, 2414 }, // 6
    { 22, 27, 335, 2, 27, 149, 2574 }, // 7
    { 22, 29, 335, 0, 28, 160, 2723 }, // 8
    { 20, 28, 335, 1, 27, 140, 2883 }, // 9
    { 11, 21, 215, 1, 21, 58, 3023 }, // :
    { 13, 27, 215, -1, 21, 88, 3081 }, // ;
    { 17, 20, 335, 2, 24, 85, 3169 }, // <
    { 17, 10, 335, 2, 19, 43, 3254 }, // =
    { 17, 20, 335, 2, 24, 85, 3297 }, // >
    { 18, 27, 321, 3, 27, 122, 3382 }, // ?
    { 32, 32, 553, 1, 27, 256, 3504 }, // @
    { 29, 27, 452, -2, 27, 196, 3760 }, // A
    { 27, 27, 403, -1, 27, 183, 3956 }, // B
    { 25, 27, 401, 2, 27, 169, 4139 }, // C
    { 30, 27, 461, -1, 27, 203, 4308 }, // D
    { 27, 27, 380, -1, 27, 183, 4511 }, // E
    { 27, 27, 373, -1, 27, 183, 4694 }, // F
    { 27, 27, 478, 2, 27, 183, 4877 }, // G
    { 35, 27, 491, -1, 27, 237, 5060 }, // H
    { 19, 27, 241, -1, 27, 129, 5297 }, // I
    { 24, 36, 241, -6, 27, 216, 5426 }, // J
    { 32, 27, 445, -1, 27, 216, 5642 }, // K
    { 25, 27, 392, -1, 27, 169, 5858 }, // L
    { 40, 27, 571, -1, 27, 270, 6027 }, // M
    { 34, 27, 473, -1, 27, 230, 6297 }, // N
    { 27, 27, 475, 2, 27, 183, 6527 }, // O
    { 27, 27, 398, -1, 27, 183, 6710 }, // P
    { 27, 36, 472, 2, 27, 243, 6893 }, // Q
    { 27, 27, 424, -1, 27, 183, 7136 }, // R
    { 23, 27, 352, 0, 27, 156, 7319 }, // S
    { 26, 27, 392, 2, 27, 176, 7475 }, // T
    { 29, 27, 448, 3, 27, 196, 7651 }, // U
    { 27, 27, 419, 3, 27, 183, 7847 }, // V
    { 41, 27, 640, 3, 27, 277, 8030 }, // W
    { 32, 27, 439, -2, 27, 216, 8307 }, // X
    { 27, 27, 416, 3, 27, 183, 8523 }, // Y
    { 28, 27, 400, -1, 27, 189, 8706 }, // Z
    { 19, 35, 248, 0, 29, 167, 8895 }, // [
    { 5, 34, 173, 4, 29, 43, 9062 }, // <backslash>
    { 18, 35, 248, -2, 29, 158, 9105 }, // ]
    { 19, 18, 335, 1, 28, 86, 9263 }, // ^
    { 19, 3, 275, -4, -2, 15, 9349 }, // _
    { 9, 6, 200, 5, 29, 14, 9364 }, // `
    { 23, 21, 399, 1, 21, 121, 9378 }, // a
    { 22, 29, 374, 0, 29, 160, 9499 }, // b
    { 19, 21, 317, 1, 21, 100, 9659 }, // c
    { 24, 29, 399, 1, 29, 174, 9759 }, // d
    { 19, 21, 321, 1, 21, 100, 9933 }, // e
    { 28, 38, 242, -6, 29, 266, 10033 }, // f
    { 27, 32, 348, -3, 23, 216, 10299 }, // g
    { 24, 29, 394, 0, 29, 174, 10515 }, // h
    { 11, 29, 212, 2, 29, 80, 10689 }, // i
    { 19, 38, 203, -6, 29, 181, 10769 }, // j
    { 24, 29, 358, 0, 29, 174, 10950 }, // k
    { 12, 29, 212, 1, 29, 87, 11124 }, // l
    { 35, 21, 581, 1, 21, 184, 11211 }, // m
    { 24, 21, 403, 1, 21, 126, 11395 }, // n
    { 21, 21, 371, 1, 21, 111, 11521 }, // o
    { 24, 30, 374, -2, 21, 180, 11632 }, // p
    { 22, 30, 379, 1, 21, 165, 11812 }, // q
    { 20, 21, 331, 1, 21, 105, 11977 }, // r
    { 19, 21, 308, 0, 21, 100, 12082 }, // s
    { 14, 26, 250, 2, 26, 91, 12182 }, // t
    { 23, 21, 404, 2, 21, 121, 12273 }, // u
    { 21, 22, 352, 0, 21, 116, 12394 }, // v
    { 31, 22, 525, 1, 21, 171, 12510 }, // w
    { 24, 21, 362, -1, 21, 126, 12681 }, // x
    { 28, 30, 352, -7, 21, 210, 12807 }, // y
    { 20, 21, 335, 0, 21, 105, 13017 }, // z
    { 19, 35, 265, 1, 29, 167, 13122 }, // {
    { 3, 38, 335, 9, 29, 29, 13289 }, // |
    { 20, 35, 265, -3, 29, 175, 13318 }, // }
    { 19, 7, 335, 1, 17, 34, 13493 }, // ~
    { 0, 0, 156, 0, 0, 0, 0 }, // U+00A0
    { 12, 28, 237, 0, 21, 84, 0 }, // U+00A1
    { 20, 27, 335, 2, 27, 135, 84 }, // U+00A2
    { 23, 27, 335, -1, 27, 156, 219 }, // U+00A3
    { 17, 18, 335, 3, 23, 77, 375 }, // U+00A4
    { 24, 27, 335, 1, 27, 162, 452 }, // U+00A5
    { 3, 38, 335, 9, 29, 29, 614 }, // U+00A6
    { 21, 35, 326, 0, 29, 184, 643 }, // U+00A7
    { 14, 5, 346, 6, 29, 18, 827 }, // U+00A8
    { 28, 29, 507, 2, 29, 203, 845 }, // U+00A9
    { 16, 13, 259, 2, 27, 52, 1048 }, // U+00AA
    { 18, 16, 332, 2, 19, 72, 1100 }, // U+00AB
    { 17, 10, 335, 2, 15, 43, 1172 }, // U+00AC
    { 11, 4, 186, 0, 12, 11, 1215 }, // U+00AD
    { 28, 29, 507, 2, 29, 203, 1226 }, // U+00AE
    { 19, 3, 275, 3, 32, 15, 1429 }, // U+00AF
    { 13, 12, 240, 4, 28, 39, 1444 }, // U+00B0
    { 17, 22, 335, 2, 22, 94, 1483 }, // U+00B1
    { 15, 17, 240, 2, 31, 64, 1577 }, // U+00B2
    { 15, 17, 240, 2, 31, 64, 1641 }, // U+00B3
    { 11, 6, 195, 4, 29, 17, 1705 }, // U+00B4
    { 26, 30, 406, -1, 21, 195, 1722 }, // U+00B5
    { 21, 34, 376, 2, 29, 179, 1917 }, // U+00B6
    { 7, 6, 182, 3, 17, 11, 2096 }, // U+00B7
    { 11, 10, 200, 0, 1, 28, 2107 }, // U+00B8
    { 12, 16, 240, 3, 30, 48, 2135 }, // U+00B9
    { 15, 13, 244, 2, 27, 49, 2183 }, // U+00BA
    { 19, 16, 332, 0, 19, 76, 2232 }, // U+00BB
    { 30, 28, 529, 2, 28, 210, 2308 }, // U+00BC
    { 30, 28, 529, 2, 28, 210, 2518 }, // U+00BD
    { 31, 28, 529, 1, 28, 217, 2728 }, // U+00BE
    { 17, 28, 321, 0, 21, 119, 2945 }, // U+00BF
    { 29, 36, 452, -2, 36, 261, 3064 }, // U+00C0
    { 29, 36, 452, -2, 36, 261, 3325 }, // U+00C1
    { 29, 36, 452, -2, 36, 261, 3586 }, // U+00C2
    { 29, 37, 452, -2, 37, 269, 3847 }, // U+00C3
    { 29, 35, 452, -2, 35, 254, 4116 }, // U+00C4
    { 29, 34, 452, -2, 34, 247, 4370 }, // U+00C5
    { 41, 27, 596, -2, 27, 277, 4617 }, // U+00C6
    { 25, 36, 401, 2, 27, 225, 4894 }, // U+00C7
    { 27, 36, 380, -1, 36, 243, 5119 }, // U+00C8
    { 27, 36, 380, -1, 36, 243, 5362 }, // U+00C9
    { 27, 36, 380, -1, 36, 243, 5605 }, // U+00CA
    { 27, 35, 380, -1, 35, 237, 5848 }, // U+00CB
    { 19, 36, 241, -1, 36, 171, 6085 }, // U+00CC
    { 21, 36, 241, -1, 36, 189, 6256 }, // U+00CD
    { 20, 36, 241, -1, 36, 180, 6445 }, // U+00CE
    { 20, 35, 241, -1, 35, 175, 6625 }, // U+00CF
    { 30, 27, 461, -1, 27, 203, 6800 }, // U+00D0
    { 34, 37, 473, -1, 37, 315, 7003 }, // U+00D1
    { 27, 36, 475, 2, 36, 243, 7318 }, // U+00D2
    { 27, 36, 475, 2, 36, 243, 7561 }, // U+00D3
    { 27, 36, 475, 2, 36, 243, 7804 }, // U+00D4
    { 27, 37, 475, 2, 37, 250, 8047 }, // U+00D5
    { 27, 36, 475, 2, 36, 243, 8297 }, // U+00D6
    { 15, 16, 335, 3, 22, 60, 8540 }, // U+00D7
    { 27, 30, 475, 2, 29, 203, 8600 }, // U+00D8
    { 29, 36, 448, 3, 36, 261, 8803 }, // U+00D9
    { 29, 36, 448, 3, 36, 261, 9064 }, // U+00DA
    { 29, 36, 448, 3, 36, 261, 9325 }, // U+00DB
    { 29, 36, 448, 3, 36, 261, 9586 }, // U+00DC
    { 27, 36, 416, 3, 36, 243, 9847 }, // U+00DD
    { 25, 27, 383, -1, 27, 169, 10090 }, // U+00DE
    { 31, 38, 417, -6, 29, 295, 10259 }, // U+00DF
    { 23, 29, 399, 1, 29, 167, 10554 }, // U+00E0
    { 23, 29, 399, 1, 29, 167, 10721 }, // U+00E1
    { 23, 29, 399, 1, 29, 167, 10888 }, // U+00E2
    { 23, 30, 399, 1, 30, 173, 11055 }, // U+00E3
    { 23, 29, 399, 1, 29, 167, 11228 }, // U+00E4
    { 23, 32, 399, 1, 32, 184, 11395 }, // U+00E5
    { 32, 21, 528, 1, 21, 168, 11579 }, // U+00E6
    { 19, 30, 317, 1, 21, 143, 11747 }, // U+00E7
    { 19, 29, 321, 1, 29, 138, 11890 }, // U+00E8
    { 21, 29, 321, 1, 29, 153, 12028 }, // U+00E9
    { 20, 29, 321, 1, 29, 145, 12181 }, // U+00EA
    { 19, 29, 321, 1, 29, 138, 12326 }, // U+00EB
    { 11, 29, 212, 2, 29, 80, 12464 }, // U+00EC
    { 15, 29, 212, 2, 29, 109, 12544 }, // U+00ED
    { 14, 29, 212, 1, 29, 102, 12653 }, // U+00EE
    { 14, 29, 212, 1, 29, 102, 12755 }, // U+00EF
    { 21, 30, 369, 1, 30, 158, 12857 }, // U+00F0
    { 24, 30, 403, 1, 30, 180, 13015 }, // U+00F1
    { 21, 29, 371, 1, 29, 153, 13195 }, // U+00F2
    { 22, 29, 371, 1, 29, 160, 13348 }, // U+00F3
    { 21, 29, 371, 1, 29, 153, 13508 }, // U+00F4
    { 22, 30, 371, 1, 30, 165, 13661 }, // U+00F5
    { 21, 29, 371, 1, 29, 153, 13826 }, // U+00F6
    { 17, 19, 335, 2, 23, 81, 13979 }, // U+00F7
    { 23, 25, 371, 0, 23, 144, 14060 }, // U+00F8
    { 23, 29, 404, 2, 29, 167, 14204 }, // U+00F9
    { 23, 29, 404, 2, 29, 167, 14371 }, // U+00FA
    { 23, 29, 404, 2, 29, 167, 14538 }, // U+00FB
    { 23, 29, 404, 2, 29, 167, 14705 }, // U+00FC
    { 28, 38, 352, -7, 29, 266, 14872 }, // U+00FD
    { 24, 38, 374, -2, 29, 228, 15138 }, // U+00FE
    { 28, 38, 352, -7, 29, 266, 15366 }, // U+00FF
    { 29, 33, 452, -2, 33, 240, 0 }, // U+0100
    { 23, 27, 399, 1, 27, 156, 240 }, // U+0101
    { 29, 36, 452, -2, 36, 261, 396 }, // U+0102
    { 23, 29, 399, 1, 29, 167, 657 }, // U+0103
    { 29, 36, 452, -2, 27, 261, 824 }, // U+0104
    { 23, 30, 399, 1, 21, 173, 1085 }, // U+0105
    { 26, 36, 401, 2, 36, 234, 1258 }, // U+0106
    { 22, 29, 317, 1, 29, 160, 1492 }, // U+0107
    { 25, 36, 401, 2, 36, 225, 1652 }, // U+0108
    { 20, 29, 317, 1, 29, 145, 1877 }, // U+0109
    { 25, 37, 401, 2, 37, 232, 2022 }, // U+010A
    { 19, 29, 317, 1, 29, 138, 2254 }, // U+010B
    { 25, 36, 401, 2, 36, 225, 2392 }, // U+010C
    { 21, 29, 317, 1, 29, 153, 2617 }, // U+010D
    { 30, 36, 461, -1, 36, 270, 2770 }, // U+010E
    { 32, 29, 399, 1, 29, 232, 3040 }, // U+010F
    { 30, 27, 461, -1, 27, 203, 3272 }, // U+0110
    { 26, 29, 398, 1, 29, 189, 3475 }, // U+0111
    { 27, 33, 380, -1, 33, 223, 3664 }, // U+0112
    { 19, 27, 321, 1, 27, 129, 3887 }, // U+0113
    { 27, 36, 380, -1, 36, 243, 4016 }, // U+0114
    { 20, 29, 321, 1, 29, 145, 4259 }, // U+0115
    { 27, 36, 380, -1, 36, 243, 4404 }, // U+0116
    { 19, 29, 321, 1, 29, 138, 4647 }, // U+0117
    { 27, 36, 380, -1, 27, 243, 4785 }, // U+0118
    { 19, 29, 321, 1, 21, 138, 5028 }, // U+0119
    { 27, 36, 380, -1, 36, 243, 5166 }, // U+011A
    { 21, 29, 321, 1, 29, 153, 5409 }, // U+011B
    { 27, 36, 478, 2, 36, 243, 5562 }, // U+011C
    { 27, 39, 348, -3, 30, 264, 5805 }, // U+011D
    { 27, 36, 478, 2, 36, 243, 6069 }, // U+011E
    { 27, 38, 348, -3, 29, 257, 6312 }, // U+011F
    { 27, 37, 478, 2, 37, 250, 6569 }, // U+0120
    { 27, 39, 348, -3, 30, 264, 6819 }, // U+0121
    { 27, 35, 478, 2, 27, 237, 7083 }, // U+0122
    { 27, 39, 348, -3, 30, 264, 7320 }, // U+0123
    { 35, 36, 491, -1, 36, 315, 7584 }, // U+0124
    { 24, 38, 394, 0, 38, 228, 7899 }, // U+0125
    { 35, 27, 491, -1, 27, 237, 8127 }, // U+0126
    { 24, 29, 394, 0, 29, 174, 8364 }, // U+0127
    { 21, 37, 241, -1, 37, 195, 8538 }, // U+0128
    { 16, 30, 212, 0, 30, 120, 8733 }, // U+0129
    { 19, 33, 241, -1, 33, 157, 8853 }, // U+012A
    { 12, 27, 212, 2, 27, 81, 9010 }, // U+012B
    { 20, 36, 241, -1, 36, 180, 9091 }, // U+012C
    { 14, 29, 212, 2, 29, 102, 9271 }, // U+012D
    { 19, 36, 241, -1, 27, 171, 9373 }, // U+012E
    { 13, 38, 212, 0, 29, 124, 9544 }, // U+012F
    { 19, 36, 241, -1, 36, 171, 9668 }, // U+0130
    { 11, 21, 212, 2, 21, 58, 9839 }, // U+0131
    { 34, 36, 481, -1, 27, 306, 9897 }, // U+0132
    { 24, 38, 415, 2, 29, 228, 10203 }, // U+0133
    { 25, 45, 241, -6, 36, 282, 10431 }, // U+0134
    { 21, 38, 203, -6, 29, 200, 10713 }, // U+0135
    { 32, 36, 445, -1, 27, 288, 10913 }, // U+0136
    { 24, 38, 358, 0, 29, 228, 11201 }, // U+0137
    { 24, 21, 358, 0, 21, 126, 11429 }, // U+0138
    { 25, 36, 392, -1, 36, 225, 11555 }, // U+0139
    { 18, 38, 212, 1, 38, 171, 11780 }, // U+013A
    { 25, 36, 392, -1, 27, 225, 11951 }, // U+013B
    { 14, 37, 212, -1, 29, 130, 12176 }, // U+013C
    { 27, 27, 392, -1, 27, 183, 12306 }, // U+013D
    { 20, 29, 212, 1, 29, 145, 12489 }, // U+013E
    { 25, 27, 392, -1, 27, 169, 12634 }, // U+013F
    { 18, 29, 278, 1, 29, 131, 12803 }, // U+0140
    { 25, 27, 392, -1, 27, 169, 12934 }, // U+0141
    { 15, 29, 212, -1, 29, 109, 13103 }, // U+0142
    { 34, 36, 473, -1, 36, 306, 13212 }, // U+0143
    { 24, 29, 403, 1, 29, 174, 13518 }, // U+0144
    { 34, 36, 473, -1, 27, 306, 13692 }, // U+0145
    { 24, 29, 403, 1, 21, 174, 13998 }, // U+0146
    { 34, 36, 473, -1, 36, 306, 14172 }, // U+0147
    { 24, 29, 403, 1, 29, 174, 14478 }, // U+0148
    { 33, 27, 527, 0, 27, 223, 14652 }, // U+0149
    { 34, 36, 458, -1, 27, 306, 14875 }, // U+014A
    { 22, 30, 391, 1, 21, 165, 15181 }, // U+014B
    { 27, 33, 475, 2, 33, 223, 15346 }, // U+014C
    { 21, 27, 371, 1, 27, 142, 15569 }, // U+014D
    { 27, 36, 475, 2, 36, 243, 15711 }, // U+014E
    { 21, 29, 371, 1, 29, 153, 15954 }, // U+014F
    { 28, 36, 475, 2, 36, 252, 16107 }, // U+0150
    { 24, 29, 371, 1, 29, 174, 16359 }, // U+0151
    { 37, 27, 595, 2, 27, 250, 16533 }, // U+0152
    { 33, 21, 541, 1, 21, 174, 16783 }, // U+0153
    { 27, 36, 424, -1, 36, 243, 16957 }, // U+0154
    { 20, 29, 331, 1, 29, 145, 17200 }, // U+0155
    { 27, 36, 424, -1, 27, 243, 17345 }, // U+0156
    { 22, 30, 331, -1, 21, 165, 17588 }, // U+0157
    { 27, 36, 424, -1, 36, 243, 17753 }, // U+0158
    { 20, 29, 331, 1, 29, 145, 17996 }, // U+0159
    { 24, 36, 352, 0, 36, 216, 18141 }, // U+015A
    { 21, 29, 308, 0, 29, 153, 18357 }, // U+015B
    { 23, 36, 352, 0, 36, 207, 18510 }, // U+015C
    { 19, 29, 308, 0, 29, 138, 18717 }, // U+015D
    { 23, 36, 352, 0, 27, 207, 18855 }, // U+015E
    { 19, 30, 308, 0, 21, 143, 19062 }, // U+015F
    { 23, 36, 352, 0, 36, 207, 19205 }, // U+0160
    { 21, 29, 308, 0, 29, 153, 19412 }, // U+0161
    { 26, 37, 392, 2, 27, 241, 19565 }, // U+0162
    { 16, 35, 250, 0, 26, 140, 19806 }, // U+0163
    { 26, 36, 392, 2, 36, 234, 19946 }, // U+0164
    { 19, 29, 250, 2, 29, 138, 20180 }, // U+0165
    { 26, 27, 392, 2, 27, 176, 20318 }, // U+0166
    { 15, 26, 250, 1, 26, 98, 20494 }, // U+0167
    { 29, 37, 448, 3, 37, 269, 20592 }, // U+0168
    { 23, 30, 404, 2, 30, 173, 20861 }, // U+0169
    { 29, 33, 448, 3, 33, 240, 21034 }, // U+016A
    { 23, 27, 404, 2, 27, 156, 21274 }, // U+016B
    { 29, 36, 448, 3, 36, 261, 21430 }, // U+016C
    { 23, 29, 404, 2, 29, 167, 21691 }, // U+016D
    { 29, 38, 448, 3, 38, 276, 21858 }, // U+016E
    { 23, 32, 404, 2, 32, 184, 22134 }, // U+016F
    { 29, 36, 448, 3, 36, 261, 22318 }, // U+0170
    { 24, 29, 404, 2, 29, 174, 22579 }, // U+0171
    { 29, 36, 448, 3, 27, 261, 22753 }, // U+0172
    { 23, 30, 404, 2, 21, 173, 23014 }, // U+0173
    { 41, 36, 640, 3, 36, 369, 23187 }, // U+0174
    { 31, 30, 525, 1, 29, 233, 23556 }, // U+0175
    { 27, 36, 416, 3, 36, 243, 23789 }, // U+0176
    { 28, 38, 352, -7, 29, 266, 24032 }, // U+0177
    { 27, 35, 416, 3, 35, 237, 24298 }, // U+0178
    { 28, 36, 400, -1, 36, 252, 24535 }, // U+0179
    { 21, 29, 335, 0, 29, 153, 24787 }, // U+017A
    { 28, 36, 400, -1, 36, 252, 24940 }, // U+017B
    { 20, 29, 335, 0, 29, 145, 25192 }, // U+017C
    { 28, 36, 400, -1, 36, 252, 25337 }, // U+017D
    { 21, 29, 335, 0, 29, 153, 25589 }, // U+017E
    { 28, 38, 242, -6, 29, 266, 25742 }, // U+017F
    { 33, 29, 506, 2, 29, 240, 0 }, // U+01A0
    { 27, 25, 402, 1, 25, 169, 240 }, // U+01A1
    { 33, 29, 512, 3, 29, 240, 409 }, // U+01AF
    { 30, 25, 467, 2, 25, 188, 649 }, // U+01B0
    { 57, 36, 860, -1, 36, 513, 837 }, // U+01C4
    { 50, 29, 796, -1, 29, 363, 1350 }, // U+01C5
    { 44, 29, 734, 1, 29, 319, 1713 }, // U+01C6
    { 44, 36, 633, -1, 27, 396, 2032 }, // U+01C7
    { 38, 38, 595, -1, 29, 361, 2428 }, // U+01C8
    { 25, 38, 415, 1, 29, 238, 2789 }, // U+01C9
    { 49, 36, 713, -1, 27, 441, 3027 }, // U+01CA
    { 43, 38, 676, -1, 29, 409, 3468 }, // U+01CB
    { 37, 38, 606, 1, 29, 352, 3877 }, // U+01CC
    { 29, 36, 452, -2, 36, 261, 4229 }, // U+01CD
    { 23, 29, 399, 1, 29, 167, 4490 }, // U+01CE
    { 21, 36, 241, -1, 36, 189, 4657 }, // U+01CF
    { 14, 29, 212, 2, 29, 102, 4846 }, // U+01D0
    { 27, 36, 475, 2, 36, 243, 4948 }, // U+01D1
    { 22, 29, 371, 1, 29, 160, 5191 }, // U+01D2
    { 29, 36, 448, 3, 36, 261, 5351 }, // U+01D3
    { 23, 29, 404, 2, 29, 167, 5612 }, // U+01D4
    { 29, 39, 448, 3, 39, 283, 5779 }, // U+01D5
    { 23, 33, 404, 2, 33, 190, 6062 }, // U+01D6
    { 29, 41, 448, 3, 41, 298, 6252 }, // U+01D7
    { 23, 34, 404, 2, 34, 196, 6550 }, // U+01D8
    { 29, 41, 448, 3, 41, 298, 6746 }, // U+01D9
    { 23, 35, 404, 2, 35, 202, 7044 }, // U+01DA
    { 29, 41, 448, 3, 41, 298, 7246 }, // U+01DB
    { 23, 34, 404, 2, 34, 196, 7544 }, // U+01DC
    { 19, 21, 337, 1, 21, 100, 7740 }, // U+01DD
    { 29, 39, 452, -2, 39, 283, 7840 }, // U+01DE
    { 23, 33, 399, 1, 33, 190, 8123 }, // U+01DF
    { 29, 39, 452, -2, 39, 283, 8313 }, // U+01E0
    { 23, 33, 399, 1, 33, 190, 8596 }, // U+01E1
    { 41, 33, 596, -2, 33, 339, 8786 }, // U+01E2
    { 32, 27, 528, 1, 27, 216, 9125 }, // U+01E3
    { 27, 27, 478, 2, 27, 183, 9341 }, // U+01E4
    { 27, 32, 348, -3, 23, 216, 9524 }, // U+01E5
    { 27, 36, 478, 2, 36, 243, 9740 }, // U+01E6
    { 27, 39, 348, -3, 30, 264, 9983 }, // U+01E7
    { 32, 36, 445, -1, 36, 288, 10247 }, // U+01E8
    { 24, 37, 358, 0, 37, 222, 10535 }, // U+01E9
    { 27, 36, 475, 2, 27, 243, 10757 }, // U+01EA
    { 21, 30, 371, 1, 21, 158, 11000 }, // U+01EB
    { 27, 42, 475, 2, 33, 284, 11158 }, // U+01EC
    { 21, 36, 371, 1, 27, 189, 11442 }, // U+01ED
    { 24, 36, 364, 0, 36, 216, 11631 }, // U+01EE
    { 23, 38, 335, -2, 29, 219, 11847 }, // U+01EF
    { 23, 38, 203, -6, 29, 219, 12066 }, // U+01F0
    { 57, 27, 860, -1, 27, 385, 12285 }, // U+01F1
    { 50, 27, 796, -1, 27, 338, 12670 }, // U+01F2
    { 44, 29, 734, 1, 29, 319, 13008 }, // U+01F3
    { 27, 36, 478, 2, 36, 243, 13327 }, // U+01F4
    { 27, 39, 348, -3, 30, 264, 13570 }, // U+01F5
    { 45, 27, 683, -1, 27, 304, 13834 }, // U+01F6
    { 32, 36, 449, -3, 27, 288, 14138 }, // U+01F7
    { 34, 36, 473, -1, 36, 306, 14426 }, // U+01F8
    { 24, 29, 403, 1, 29, 174, 14732 }, // U+01F9
    { 29, 38, 452, -2, 38, 276, 14906 }, // U+01FA
    { 24, 39, 399, 1, 39, 234, 15182 }, // U+01FB
    { 41, 36, 596, -2, 36, 369, 15416 }, // U+01FC
    { 32, 29, 528, 1, 29, 232, 15785 }, // U+01FD
    { 27, 37, 475, 2, 36, 250, 16017 }, // U+01FE
    { 23, 32, 371, 0, 30, 184, 16267 }, // U+01FF
    { 29, 36, 452, -2, 36, 261, 16451 }, // U+0200
    { 23, 29, 399, 1, 29, 167, 16712 }, // U+0201
    { 29, 35, 452, -2, 35, 254, 16879 }, // U+0202
    { 23, 29, 399, 1, 29, 167, 17133 }, // U+0203
    { 27, 36, 380, -1, 36, 243, 17300 }, // U+0204
    { 19, 29, 321, 1, 29, 138, 17543 }, // U+0205
    { 27, 35, 380, -1, 35, 237, 17681 }, // U+0206
    { 20, 29, 321, 1, 29, 145, 17918 }, // U+0207
    { 19, 36, 241, -1, 36, 171, 18063 }, // U+0208
    { 17, 29, 212, -3, 29, 124, 18234 }, // U+0209
    { 20, 36, 241, -1, 36, 180, 18358 }, // U+020A
    { 14, 29, 212, 2, 29, 102, 18538 }, // U+020B
    { 27, 37, 475, 2, 37, 250, 18640 }, // U+020C
    { 21, 29, 371, 1, 29, 153, 18890 }, // U+020D
    { 27, 36, 475, 2, 36, 243, 19043 }, // U+020E
    { 21, 29, 371, 1, 29, 153, 19286 }, // U+020F
    { 27, 36, 424, -1, 36, 243, 19439 }, // U+0210
    { 20, 29, 331, 1, 29, 145, 19682 }, // U+0211
    { 27, 35, 424, -1, 35, 237, 19827 }, // U+0212
    { 20, 29, 331, 1, 29, 145, 20064 }, // U+0213
    { 29, 37, 448, 3, 37, 269, 20209 }, // U+0214
    { 23, 29, 404, 2, 29, 167, 20478 }, // U+0215
    { 29, 36, 448, 3, 36, 261, 20645 }, // U+0216
    { 23, 29, 404, 2, 29, 167, 20906 }, // U+0217
    { 23, 35, 352, 0, 27, 202, 21073 }, // U+0218
    { 19, 29, 308, 0, 21, 138, 21275 }, // U+0219
    { 26, 36, 392, 2, 27, 234, 21413 }, // U+021A
    { 15, 34, 250, 1, 26, 128, 21647 }, // U+021B
    { 26, 35, 368, -2, 27, 228, 21775 }, // U+021C
    { 22, 31, 305, -4, 21, 171, 22003 }, // U+021D
    { 35, 36, 491, -1, 36, 315, 22174 }, // U+021E
    { 24, 37, 394, 0, 37, 222, 22489 }, // U+021F
    { 9, 6, 0, -18, 29, 14, 0 }, // U+0300
    { 11, 6, 0, -12, 29, 17, 14 }, // U+0301
    { 15, 6, 0, -5, 29, 23, 31 }, // U+0302
    { 16, 6, 0, -18, 29, 24, 54 }, // U+0303
    { 12, 3, 0, -3, 26, 9, 78 }, // U+0304
    { 12, 3, 0, -2, 32, 9, 87 }, // U+0305
    { 13, 6, 0, -3, 29, 20, 96 }, // U+0306
    { 7, 6, 0, 0, 30, 11, 116 }, // U+0307
    { 14, 5, 0, -4, 29, 18, 127 }, // U+0308
    { 10, 10, 0, -14, 33, 25, 145 }, // U+0309
    { 10, 9, 0, -2, 32, 23, 170 }, // U+030A
    { 17, 6, 0, -5, 29, 26, 193 }, // U+030B
    { 15, 6, 0, -3, 29, 23, 219 }, // U+030C
    { 5, 7, 0, 1, 30, 9, 242 }, // U+030D
    { 11, 7, 0, -2, 30, 20, 251 }, // U+030E
    { 16, 6, 0, -17, 29, 24, 271 }, // U+030F
    { 13, 10, 0, -3, 34, 33, 295 }, // U+0310
    { 12, 6, 0, -3, 29, 18, 328 }, // U+0311
    { 10, 12, 0, -2, 28, 30, 346 }, // U+0312
    { 10, 12, 0, -3, 28, 30, 376 }, // U+0313
    { 7, 12, 0, -1, 27, 21, 406 }, // U+0314
    { 10, 12, 0, -3, 28, 30, 427 }, // U+0315
    { 10, 6, 0, -8, -3, 15, 457 }, // U+0316
    { 11, 6, 0, -9, -3, 17, 472 }, // U+0317
    { 7, 8, 0, -5, -1, 14, 489 }, // U+0318
    { 8, 8, 0, -6, -1, 16, 503 }, // U+0319
    { 12, 10, 224, 3, 29, 30, 519 }, // U+031A
    { 9, 9, 0, -3, 30, 21, 549 }, // U+031B
    { 7, 9, 0, -6, 0, 16, 570 }, // U+031C
    { 8, 6, 0, -7, -2, 12, 586 }, // U+031D
    { 8, 7, 0, -6, -1, 14, 598 }, // U+031E
    { 9, 8, 0, -7, -1, 18, 612 }, // U+031F
    { 10, 3, 0, -8, -3, 8, 630 }, // U+0320
    { 10, 10, 0, -10, 2, 25, 638 }, // U+0321
    { 8, 9, 0, -4, 1, 18, 663 }, // U+0322
    { 8, 5, 0, -18, -3, 10, 681 }, // U+0323
    { 15, 5, 0, -10, -2, 19, 691 }, // U+0324
    { 10, 9, 0, -8, -1, 23, 710 }, // U+0325
    { 8, 6, 0, -7, -2, 12, 733 }, // U+0326
    { 10, 10, 0, -7, 1, 25, 745 }, // U+0327
    { 10, 9, 0, -8, 0, 23, 770 }, // U+0328
    { 5, 7, 0, -5, -1, 9, 793 }, // U+0329
    { 15, 7, 0, -10, -2, 27, 802 }, // U+032A
    { 14, 5, 0, -9, -2, 18, 829 }, // U+032B
    { 14, 6, 0, -9, -2, 21, 847 }, // U+032C
    { 14, 6, 0, -10, -2, 21, 868 }, // U+032D
    { 13, 6, 0, -9, -2, 20, 889 }, // U+032E
    { 12, 6, 0, -9, -2, 18, 909 }, // U+032F
    { 16, 6, 0, -11, -2, 24, 927 }, // U+0330
    { 13, 3, 0, -9, -3, 10, 951 }, // U+0331
    { 17, 3, 0, -19, -4, 13, 961 }, // U+0332
    { 19, 7, 0, -20, -1, 34, 974 }, // U+0333
    { 16, 6, 0, -8, 14, 24, 1008 }, // U+0334
    { 16, 3, 0, -8, 13, 12, 1032 }, // U+0335
    { 26, 3, 0, -13, 13, 20, 1044 }, // U+0336
    { 16, 10, 0, -8, 16, 40, 1064 }, // U+0337
    { 23, 34, 0, -11, 30, 196, 1104 }, // U+0338
    { 6, 9, 0, -5, 0, 14, 1300 }, // U+0339
    { 15, 6, 0, -10, -3, 23, 1314 }, // U+033A
    { 16, 7, 0, -11, -2, 28, 1337 }, // U+033B
    { 13, 5, 0, -9, -2, 17, 1365 }, // U+033C
    { 8, 7, 0, -1, 29, 14, 1382 }, // U+033D
    { 7, 12, 0, 0, 34, 21, 1396 }, // U+033E
    { 18, 7, 0, -4, 36, 32, 1417 }, // U+033F
    { 9, 6, 0, -3, 29, 14, 1449 }, // U+0340
    { 11, 6, 0, -1, 29, 17, 1463 }, // U+0341
    { 16, 6, 0, -5, 29, 24, 1480 }, // U+0342
    { 7, 8, 0, 1, 31, 14, 1504 }, // U+0343
    { 17, 8, 0, -5, 30, 34, 1518 }, // U+0344
    { 8, 7, 0, -2, -2, 14, 1552 }, // U+0345
    { 15, 7, 0, -4, 30, 27, 1566 }, // U+0346
    { 18, 7, 0, -11, -1, 32, 1593 }, // U+0347
    { 11, 7, 0, -8, -1, 20, 1625 }, // U+0348
    { 8, 7, 0, -5, -3, 14, 1645 }, // U+0349
    { 17, 10, 0, -5, 31, 43, 1659 }, // U+034A
    { 17, 16, 0, -5, 38, 68, 1702 }, // U+034B
    { 16, 13, 0, -5, 36, 52, 1770 }, // U+034C
    { 12, 8, 0, -9, -1, 24, 1822 }, // U+034D
    { 8, 9, 0, -7, 0, 18, 1846 }, // U+034E
    { 28, 28, 0, -14, 28, 196, 1864 }, // U+034F
    { 7, 8, 0, -1, 30, 14, 2060 }, // U+0350
    { 6, 9, 0, 0, 32, 14, 2074 }, // U+0351
    { 13, 10, 0, -3, 33, 33, 2088 }, // U+0352
    { 9, 9, 0, -7, -1, 21, 2121 }, // U+0353
    { 9, 8, 0, -7, -1, 18, 2142 }, // U+0354
    { 9, 8, 0, -7, -1, 18, 2160 }, // U+0355
    { 15, 8, 0, -10, -1, 30, 2178 }, // U+0356
    { 7, 9, 0, -1, 32, 16, 2208 }, // U+0357
    { 8, 6, 0, 5, 30, 12, 2224 }, // U+0358
    { 10, 10, 0, -5, 0, 25, 2236 }, // U+0359
    { 14, 8, 0, -10, -1, 28, 2261 }, // U+035A
    { 8, 8, 0, -1, 31, 16, 2289 }, // U+035B
    { 29, 7, 0, -17, -1, 51, 2305 }, // U+035C
    { 30, 7, 0, -11, 30, 53, 2356 }, // U+035D
    { 24, 3, 0, -9, 26, 18, 2409 }, // U+035E
    { 24, 3, 0, -15, -3, 18, 2427 }, // U+035F
    { 33, 6, 0, -13, 29, 50, 2445 }, // U+0360
    { 32, 7, 0, -13, 33, 56, 2495 }, // U+0361
    { 23, 8, 0, -15, -1, 46, 2551 }, // U+0362
    { 11, 9, 0, -2, 33, 25, 2597 }, // U+0363
    { 10, 9, 0, -1, 33, 23, 2622 }, // U+0364
    { 6, 13, 0, 1, 36, 20, 2645 }, // U+0365
    { 10, 9, 0, -1, 33, 23, 2665 }, // U+0366
    { 12, 8, 0, -2, 32, 24, 2688 }, // U+0367
    { 10, 9, 0, -1, 33, 23, 2712 }, // U+0368
    { 11, 12, 0, -2, 36, 33, 2735 }, // U+0369
    { 11, 13, 0, -2, 36, 36, 2768 }, // U+036A
    { 16, 9, 0, -4, 33, 36, 2804 }, // U+036B
    { 10, 9, 0, -1, 32, 23, 2840 }, // U+036C
    { 7, 12, 0, 1, 35, 21, 2863 }, // U+036D
    { 11, 9, 0, -2, 32, 25, 2884 }, // U+036E
    { 11, 8, 0, -2, 32, 22, 2909 }, // U+036F
    { 28, 36, 392, -2, 36, 252, 0 }, // U+0400
    { 28, 35, 392, -2, 35, 245, 252 }, // U+0401
    { 28, 27, 494, 2, 27, 189, 497 }, // U+0402
    { 27, 36, 355, -2, 36, 243, 686 }, // U+0403
    { 25, 27, 395, 1, 27, 169, 929 }, // U+0404
    { 23, 27, 352, -1, 27, 156, 1098 }, // U+0405
    { 20, 27, 240, -2, 27, 135, 1254 }, // U+0406
    { 21, 35, 240, -2, 35, 184, 1389 }, // U+0407
    { 23, 36, 237, -5, 27, 207, 1573 }, // U+0408
    { 37, 27, 584, -2, 27, 250, 1780 }, // U+0409
    { 40, 27, 620, -2, 27, 270, 2030 }, // U+040A
    { 29, 27, 533, 2, 27, 196, 2300 }, // U+040B
    { 32, 36, 438, -2, 36, 288, 2496 }, // U+040C
    { 36, 36, 491, -2, 36, 324, 2784 }, // U+040D
    { 27, 37, 420, 3, 37, 250, 3108 }, // U+040E
    { 35, 34, 483, -2, 27, 298, 3358 }, // U+040F
    { 30, 27, 449, -3, 27, 203, 3656 }, // U+0410
    { 27, 27, 383, -2, 27, 183, 3859 }, // U+0411
    { 27, 27, 405, -2, 27, 183, 4042 }, // U+0412
    { 27, 27, 355, -2, 27, 183, 4225 }, // U+0413
    { 36, 35, 462, -4, 27, 315, 4408 }, // U+0414
    { 28, 27, 392, -2, 27, 189, 4723 }, // U+0415
    { 45, 27, 621, -3, 27, 304, 4912 }, // U+0416
    { 24, 27, 373, -1, 27, 162, 5216 }, // U+0417
    { 36, 27, 495, -2, 27, 243, 5378 }, // U+0418
    { 36, 37, 495, -2, 37, 333, 5621 }, // U+0419
    { 32, 27, 438, -2, 27, 216, 5954 }, // U+041A
    { 33, 27, 449, -2, 27, 223, 6170 }, // U+041B
    { 41, 27, 581, -2, 27, 277, 6393 }, // U+041C
    { 35, 27, 489, -2, 27, 237, 6670 }, // U+041D
    { 28, 27, 460, 1, 27, 189, 6907 }, // U+041E
    { 35, 27, 483, -2, 27, 237, 7096 }, // U+041F
    { 27, 27, 383, -2, 27, 183, 7333 }, // U+0420
    { 25, 27, 395, 1, 27, 169, 7516 }, // U+0421
    { 26, 27, 397, 2, 27, 176, 7685 }, // U+0422
    { 27, 27, 420, 3, 27, 183, 7861 }, // U+0423
    { 33, 29, 566, 2, 28, 240, 8044 }, // U+0424
    { 32, 27, 439, -2, 27, 216, 8284 }, // U+0425
    { 35, 35, 486, -2, 27, 307, 8500 }, // U+0426
    { 29, 27, 470, 3, 27, 196, 8807 }, // U+0427
    { 48, 27, 684, -2, 27, 324, 9003 }, // U+0428
    { 48, 35, 687, -2, 27, 420, 9327 }, // U+0429
    { 25, 27, 443, 2, 27, 169, 9747 }, // U+042A
    { 41, 27, 586, -2, 27, 277, 9916 }, // U+042B
    { 25, 27, 383, -2, 27, 169, 10193 }, // U+042C
    { 25, 27, 395, -1, 27, 169, 10362 }, // U+042D
    { 42, 27, 647, -2, 27, 284, 10531 }, // U+042E
    { 32, 27, 424, -3, 27, 216, 10815 }, // U+042F
    { 23, 21, 375, 0, 21, 121, 11031 }, // U+0430
    { 23, 30, 365, 1, 30, 173, 11152 }, // U+0431
    { 21, 21, 342, 0, 21, 111, 11325 }, // U+0432
    { 18, 21, 288, 0, 21, 95, 11436 }, // U+0433
    { 22, 30, 360, 0, 30, 165, 11531 }, // U+0434
    { 20, 21, 319, 0, 21, 105, 11696 }, // U+0435
    { 40, 21, 615, -1, 21, 210, 11801 }, // U+0436
    { 18, 21, 307, 0, 21, 95, 12011 }, // U+0437
    { 23, 21, 388, 1, 21, 121, 12106 }, // U+0438
    { 23, 31, 388, 1, 31, 179, 12227 }, // U+0439
    { 23, 21, 368, 1, 21, 121, 12406 }, // U+043A
    { 25, 21, 369, -2, 21, 132, 12527 }, // U+043B
    { 34, 21, 519, -2, 21, 179, 12659 }, // U+043C
    { 23, 21, 389, 1, 21, 121, 12838 }, // U+043D
    { 22, 21, 360, 0, 21, 116, 12959 }, // U+043E
    { 24, 21, 390, 1, 21, 126, 13075 }, // U+043F
    { 24, 30, 373, -1, 21, 180, 13201 }, // U+0440
    { 20, 21, 312, 0, 21, 105, 13381 }, // U+0441
    { 35, 21, 569, 1, 21, 184, 13486 }, // U+0442
    { 23, 30, 348, -1, 21, 173, 13670 }, // U+0443
    { 31, 39, 499, 0, 30, 303, 13843 }, // U+0444
    { 25, 21, 357, -2, 21, 132, 14146 }, // U+0445
    { 23, 30, 390, 1, 21, 173, 14278 }, // U+0446
    { 22, 21, 368, 1, 21, 116, 14451 }, // U+0447
    { 35, 21, 571, 1, 21, 184, 14567 }, // U+0448
    { 35, 30, 573, 1, 21, 263, 14751 }, // U+0449
    { 20, 21, 354, 1, 21, 105, 15014 }, // U+044A
    { 31, 21, 516, 1, 21, 163, 15119 }, // U+044B
    { 20, 21, 347, 1, 21, 105, 15282 }, // U+044C
    { 19, 21, 315, 0, 21, 100, 15387 }, // U+044D
    { 31, 21, 518, 1, 21, 163, 15487 }, // U+044E
    { 24, 21, 377, -1, 21, 126, 15650 }, // U+044F
    { 20, 30, 319, 0, 30, 150, 15776 }, // U+0450
    { 20, 30, 319, 0, 30, 150, 15926 }, // U+0451
    { 21, 39, 372, 1, 30, 205, 16076 }, // U+0452
    { 20, 30, 288, 0, 30, 150, 16281 }, // U+0453
    { 20, 21, 312, 0, 21, 105, 16431 }, // U+0454
    { 18, 21, 288, -1, 21, 95, 16536 }, // U+0455
    { 12, 30, 197, 1, 30, 90, 16631 }, // U+0456
    { 14, 30, 197, 1, 30, 105, 16721 }, // U+0457
    { 18, 39, 189, -5, 30, 176, 16826 }, // U+0458
    { 33, 21, 512, -2, 21, 174, 17002 }, // U+0459
    { 31, 21, 533, 1, 21, 163, 17176 }, // U+045A
    { 24, 30, 390, 1, 30, 180, 17339 }, // U+045B
    { 23, 30, 368, 1, 30, 173, 17519 }, // U+045C
    { 23, 30, 388, 1, 30, 173, 17692 }, // U+045D
    { 23, 40, 348, -1, 31, 230, 17865 }, // U+045E
    { 23, 30, 388, 1, 21, 173, 18095 }, // U+045F
    { 37, 27, 614, 2, 27, 250, 18268 }, // U+0460
    { 31, 21, 493, 0, 21, 163, 18518 }, // U+0461
    { 25, 27, 427, 0, 27, 169, 18681 }, // U+0462
    { 32, 21, 536, 1, 21, 168, 18850 }, // U+0463
    { 42, 27, 619, -1, 27, 284, 19018 }, // U+0464
    { 31, 21, 503, 1, 21, 163, 19302 }, // U+0465
    { 31, 27, 476, -2, 27, 210, 19465 }, // U+0466
    { 27, 21, 388, -3, 21, 142, 19675 }, // U+0467
    { 44, 27, 698, -1, 27, 297, 19817 }, // U+0468
    { 34, 21, 572, 1, 21, 179, 20114 }, // U+0469
    { 35, 27, 539, -2, 27, 237, 20293 }, // U+046A
    { 31, 21, 470, -3, 21, 163, 20530 }, // U+046B
    { 48, 27, 770, -1, 27, 324, 20693 }, // U+046C
    { 38, 21, 650, 1, 21, 200, 21017 }, // U+046D
    { 24, 42, 364, -1, 33, 252, 21217 }, // U+046E
    { 21, 34, 309, -2, 26, 179, 21469 }, // U+046F
    { 36, 27, 586, 4, 27, 243, 21648 }, // U+0470
    { 26, 39, 433, 2, 30, 254, 21891 }, // U+0471
    { 27, 27, 475, 2, 27, 183, 22145 }, // U+0472
    { 21, 21, 371, 1, 21, 111, 22328 }, // U+0473
    { 29, 27, 446, 3, 27, 196, 22439 }, // U+0474
    { 26, 21, 378, 0, 21, 137, 22635 }, // U+0475
    { 29, 36, 446, 3, 36, 261, 22772 }, // U+0476
    { 26, 30, 378, 0, 30, 195, 23033 }, // U+0477
    { 47, 36, 782, 2, 27, 423, 23228 }, // U+0478
    { 41, 30, 671, 1, 21, 308, 23651 }, // U+0479
    { 29, 32, 499, 2, 30, 232, 23959 }, // U+047A
    { 22, 25, 389, 1, 23, 138, 24191 }, // U+047B
    { 40, 41, 686, 2, 41, 410, 24329 }, // U+047C
    { 34, 36, 578, 1, 36, 306, 24739 }, // U+047D
    { 37, 35, 614, 2, 35, 324, 25045 }, // U+047E
    { 31, 27, 493, 0, 27, 210, 25369 }, // U+047F
    { 25, 38, 401, 2, 27, 238, 25579 }, // U+0480
    { 19, 30, 317, 1, 21, 143, 25817 }, // U+0481
    { 20, 26, 365, 1, 25, 130, 25960 }, // U+0482
    { 16, 7, 0, -6, 29, 28, 26090 }, // U+0483
    { 15, 6, 0, -5, 30, 23, 26118 }, // U+0484
    { 5, 7, 0, 1, 30, 9, 26141 }, // U+0485
    { 6, 7, 0, 0, 30, 11, 26150 }, // U+0486
    { 17, 5, 0, -4, 34, 22, 26161 }, // U+0487
    { 48, 43, 0, -24, 32, 516, 26183 }, // U+0488
    { 46, 46, 0, -23, 34, 529, 26699 }, // U+0489
    { 35, 45, 503, -1, 37, 394, 27228 }, // U+048A
    { 23, 39, 404, 2, 31, 225, 27622 }, // U+048B
    { 24, 29, 398, -1, 29, 174, 27847 }, // U+048C
    { 20, 25, 357, 1, 25, 125, 28021 }, // U+048D
    { 27, 27, 398, -1, 27, 183, 28146 }, // U+048E
    { 24, 30, 374, -2, 21, 180, 28329 }, // U+048F
    { 26, 33, 325, -1, 33, 215, 28509 }, // U+0490
    { 19, 26, 289, 1, 26, 124, 28724 }, // U+0491
    { 27, 27, 355, -1, 27, 183, 28848 }, // U+0492
    { 20, 21, 305, 0, 21, 105, 29031 }, // U+0493
    { 27, 36, 431, -1, 27, 243, 29136 }, // U+0494
    { 20, 30, 359, 1, 21, 150, 29379 }, // U+0495
    { 45, 35, 637, -3, 27, 394, 29529 }, // U+0496
    { 45, 30, 706, 0, 21, 338, 29923 }, // U+0497
    { 23, 36, 368, 0, 27, 207, 30261 }, // U+0498
    { 19, 29, 312, 0, 21, 138, 30468 }, // U+0499
    { 31, 35, 454, -1, 27, 272, 30606 }, // U+049A
    { 24, 30, 363, 0, 21, 180, 30878 }, // U+049B
    { 33, 27, 467, -1, 27, 223, 31058 }, // U+049C
    { 26, 21, 395, 0, 21, 137, 31281 }, // U+049D
    { 31, 27, 446, -1, 27, 210, 31418 }, // U+049E
    { 24, 30, 363, 0, 30, 180, 31628 }, // U+049F
    { 33, 27, 512, 2, 27, 223, 31808 }, // U+04A0
    { 29, 21, 442, 0, 21, 153, 32031 }, // U+04A1
    { 35, 35, 491, -1, 27, 307, 32184 }, // U+04A2
    { 25, 30, 410, 1, 21, 188, 32491 }, // U+04A3
    { 40, 27, 560, -1, 27, 270, 32679 }, // U+04A4
    { 31, 21, 491, 1, 21, 163, 32949 }, // U+04A5
    { 41, 36, 676, -1, 27, 369, 33112 }, // U+04A6
    { 31, 30, 549, 1, 21, 233, 33481 }, // U+04A7
    { 29, 28, 505, 2, 27, 203, 33714 }, // U+04A8
    { 24, 22, 410, 1, 21, 132, 33917 }, // U+04A9
    { 25, 35, 401, 2, 27, 219, 34049 }, // U+04AA
    { 19, 29, 317, 1, 21, 138, 34268 }, // U+04AB
    { 26, 35, 392, 2, 27, 228, 34406 }, // U+04AC
    { 35, 29, 581, 1, 21, 254, 34634 }, // U+04AD
    { 27, 27, 416, 3, 27, 183, 34888 }, // U+04AE
    { 21, 30, 352, 0, 21, 158, 35071 }, // U+04AF
    { 27, 27, 416, 3, 27, 183, 35229 }, // U+04B0
    { 21, 30, 352, 0, 21, 158, 35412 }, // U+04B1
    { 32, 35, 451, -2, 27, 280, 35570 }, // U+04B2
    { 24, 30, 362, -1, 21, 180, 35850 }, // U+04B3
    { 38, 35, 590, 2, 27, 333, 36030 }, // U+04B4
    { 30, 30, 479, 0, 21, 225, 36363 }, // U+04B5
    { 28, 35, 453, 3, 27, 245, 36588 }, // U+04B6
    { 23, 30, 392, 1, 21, 173, 36833 }, // U+04B7
    { 29, 27, 470, 3, 27, 196, 37006 }, // U+04B8
    { 22, 21, 368, 1, 21, 116, 37202 }, // U+04B9
    { 28, 27, 467, -1, 27, 189, 37318 }, // U+04BA
    { 24, 30, 394, 0, 30, 180, 37507 }, // U+04BB
    { 30, 27, 493, 1, 27, 203, 37687 }, // U+04BC
    { 24, 21, 400, 1, 21, 126, 37890 }, // U+04BD
    { 30, 35, 493, 1, 27, 263, 38016 }, // U+04BE
    { 24, 29, 400, 1, 21, 174, 38279 }, // U+04BF
    { 19, 27, 241, -1, 27, 129, 38453 }, // U+04C0
    { 45, 37, 621, -3, 37, 417, 38582 }, // U+04C1
    { 40, 31, 615, -1, 31, 310, 38999 }, // U+04C2
    { 31, 36, 437, -1, 27, 279, 39309 }, // U+04C3
    { 24, 30, 370, 0, 21, 180, 39588 }, // U+04C4
    { 32, 35, 444, -2, 27, 280, 39768 }, // U+04C5
    { 26, 29, 410, 0, 21, 189, 40048 }, // U+04C6
    { 35, 36, 491, -1, 27, 315, 40237 }, // U+04C7
    { 23, 30, 400, 1, 21, 173, 40552 }, // U+04C8
    { 35, 35, 503, -1, 27, 307, 40725 }, // U+04C9
    { 25, 29, 410, 1, 21, 182, 41032 }, // U+04CA
    { 28, 35, 453, 3, 27, 245, 41214 }, // U+04CB
    { 22, 29, 392, 1, 21, 160, 41459 }, // U+04CC
    { 40, 35, 583, -1, 27, 350, 41619 }, // U+04CD
    { 35, 29, 568, 0, 21, 254, 41969 }, // U+04CE
    { 19, 27, 241, -1, 27, 129, 42223 }, // U+04CF
    { 29, 37, 452, -2, 37, 269, 42352 }, // U+04D0
    { 23, 31, 399, 1, 31, 179, 42621 }, // U+04D1
    { 29, 35, 452, -2, 35, 254, 42800 }, // U+04D2
    { 23, 30, 399, 1, 30, 173, 43054 }, // U+04D3
    { 41, 27, 596, -2, 27, 277, 43227 }, // U+04D4
    { 32, 21, 528, 1, 21, 168, 43504 }, // U+04D5
    { 27, 37, 380, -1, 37, 250, 43672 }, // U+04D6
    { 19, 31, 321, 1, 31, 148, 43922 }, // U+04D7
    { 25, 27, 421, 1, 27, 169, 44070 }, // U+04D8
    { 19, 21, 337, 1, 21, 100, 44239 }, // U+04D9
    { 25, 36, 421, 1, 36, 225, 44339 }, // U+04DA
    { 19, 30, 337, 1, 30, 143, 44564 }, // U+04DB
    { 45, 35, 621, -3, 35, 394, 44707 }, // U+04DC
    { 40, 30, 615, -1, 30, 300, 45101 }, // U+04DD
    { 24, 36, 373, -1, 36, 216, 45401 }, // U+04DE
    { 19, 30, 307, 0, 30, 143, 45617 }, // U+04DF
    { 24, 27, 364, 0, 27, 162, 45760 }, // U+04E0
    { 23, 30, 335, -2, 21, 173, 45922 }, // U+04E1
    { 36, 33, 495, -2, 33, 297, 46095 }, // U+04E2
    { 23, 27, 404, 2, 27, 156, 46392 }, // U+04E3
    { 36, 35, 495, -2, 35, 315, 46548 }, // U+04E4
    { 23, 30, 404, 2, 30, 173, 46863 }, // U+04E5
    { 27, 36, 475, 2, 36, 243, 47036 }, // U+04E6
    { 21, 30, 371, 1, 30, 158, 47279 }, // U+04E7
    { 27, 27, 475, 2, 27, 183, 47437 }, // U+04E8
    { 21, 21, 371, 1, 21, 111, 47620 }, // U+04E9
    { 27, 36, 475, 2, 36, 243, 47731 }, // U+04EA
    { 21, 30, 371, 1, 30, 158, 47974 }, // U+04EB
    { 25, 36, 395, -1, 36, 225, 48132 }, // U+04EC
    { 19, 30, 315, 0, 30, 143, 48357 }, // U+04ED
    { 27, 33, 420, 3, 33, 223, 48500 }, // U+04EE
    { 28, 36, 352, -7, 27, 252, 48723 }, // U+04EF
    { 27, 36, 420, 3, 36, 243, 48975 }, // U+04F0
    { 28, 38, 352, -7, 29, 266, 49218 }, // U+04F1
    { 27, 36, 420, 3, 36, 243, 49484 }, // U+04F2
    { 30, 39, 352, -7, 30, 293, 49727 }, // U+04F3
    { 29, 35, 470, 3, 35, 254, 50020 }, // U+04F4
    { 22, 30, 368, 1, 30, 165, 50274 }, // U+04F5
    { 27, 35, 355, -1, 27, 237, 50439 }, // U+04F6
    { 21, 30, 305, -1, 21, 158, 50676 }, // U+04F7
    { 41, 35, 586, -2, 35, 359, 50834 }, // U+04F8
    { 31, 30, 516, 1, 30, 233, 51193 }, // U+04F9
    { 27, 34, 355, -1, 27, 230, 51426 }, // U+04FA
    { 20, 28, 305, 0, 21, 140, 51656 }, // U+04FB
    { 32, 34, 445, -2, 27, 272, 51796 }, // U+04FC
    { 24, 28, 362, -1, 21, 168, 52068 }, // U+04FD
    { 32, 27, 439, -2, 27, 216, 52236 }, // U+04FE
    { 24, 21, 362, -1, 21, 126, 52452 }, // U+04FF
    { 29, 35, 452, -2, 27, 254, 0 }, // U+1EA0
    { 23, 29, 399, 1, 21, 167, 254 }, // U+1EA1
    { 29, 39, 452, -2, 39, 283, 421 }, // U+1EA2
    { 23, 33, 399, 1, 33, 190, 704 }, // U+1EA3
    { 32, 38, 452, -2, 38, 304, 894 }, // U+1EA4
    { 25, 32, 399, 1, 32, 200, 1198 }, // U+1EA5
    { 29, 38, 452, -2, 38, 276, 1398 }, // U+1EA6
    { 23, 32, 399, 1, 32, 184, 1674 }, // U+1EA7
    { 31, 39, 452, -2, 39, 303, 1858 }, // U+1EA8
    { 23, 34, 399, 1, 34, 196, 2161 }, // U+1EA9
    { 29, 41, 452, -2, 41, 298, 2357 }, // U+1EAA
    { 23, 35, 399, 1, 35, 202, 2655 }, // U+1EAB
    { 29, 44, 452, -2, 36, 319, 2857 }, // U+1EAC
    { 23, 37, 399, 1, 29, 213, 3176 }, // U+1EAD
    { 29, 39, 452, -2, 39, 283, 3389 }, // U+1EAE
    { 23, 33, 399, 1, 33, 190, 3672 }, // U+1EAF
    { 29, 39, 452, -2, 39, 283, 3862 }, // U+1EB0
    { 23, 33, 399, 1, 33, 190, 4145 }, // U+1EB1
    { 29, 40, 452, -2, 40, 290, 4335 }, // U+1EB2
    { 23, 34, 399, 1, 34, 196, 4625 }, // U+1EB3
    { 29, 41, 452, -2, 41, 298, 4821 }, // U+1EB4
    { 23, 35, 399, 1, 35, 202, 5119 }, // U+1EB5
    { 29, 43, 452, -2, 36, 312, 5321 }, // U+1EB6
    { 23, 36, 399, 1, 29, 207, 5633 }, // U+1EB7
    { 27, 34, 380, -1, 27, 230, 5840 }, // U+1EB8
    { 19, 28, 321, 1, 21, 133, 6070 }, // U+1EB9
    { 27, 39, 380, -1, 39, 264, 6203 }, // U+1EBA
    { 19, 33, 321, 1, 33, 157, 6467 }, // U+1EBB
    { 27, 37, 380, -1, 37, 250, 6624 }, // U+1EBC
    { 21, 30, 321, 1, 30, 158, 6874 }, // U+1EBD
    { 29, 38, 380, -1, 38, 276, 7032 }, // U+1EBE
    { 24, 32, 321, 1, 32, 192, 7308 }, // U+1EBF
    { 27, 38, 380, -1, 38, 257, 7500 }, // U+1EC0
    { 20, 32, 321, 1, 32, 160, 7757 }, // U+1EC1
    { 28, 39, 380, -1, 39, 273, 7917 }, // U+1EC2
    { 23, 34, 321, 1, 34, 196, 8190 }, // U+1EC3
    { 27, 41, 380, -1, 41, 277, 8386 }, // U+1EC4
    { 21, 35, 321, 1, 35, 184, 8663 }, // U+1EC5
    { 27, 43, 380, -1, 36, 291, 8847 }, // U+1EC6
    { 20, 36, 321, 1, 29, 180, 9138 }, // U+1EC7
    { 19, 39, 241, -1, 39, 186, 9318 }, // U+1EC8
    { 12, 33, 212, 2, 33, 99, 9504 }, // U+1EC9
    { 19, 34, 241, -1, 27, 162, 9603 }, // U+1ECA
    { 13, 36, 212, 0, 29, 117, 9765 }, // U+1ECB
    { 27, 34, 475, 2, 27, 230, 9882 }, // U+1ECC
    { 21, 28, 371, 1, 21, 147, 10112 }, // U+1ECD
    { 27, 39, 475, 2, 39, 264, 10259 }, // U+1ECE
    { 21, 33, 371, 1, 33, 174, 10523 }, // U+1ECF
    { 29, 38, 475, 2, 38, 276, 10697 }, // U+1ED0
    { 25, 32, 371, 1, 32, 200, 10973 }, // U+1ED1
    { 27, 38, 475, 2, 38, 257, 11173 }, // U+1ED2
    { 21, 32, 371, 1, 32, 168, 11430 }, // U+1ED3
    { 27, 40, 475, 2, 40, 270, 11598 }, // U+1ED4
    { 24, 34, 371, 1, 34, 204, 11868 }, // U+1ED5
    { 27, 41, 475, 2, 41, 277, 12072 }, // U+1ED6
    { 22, 35, 371, 1, 35, 193, 12349 }, // U+1ED7
    { 27, 43, 475, 2, 36, 291, 12542 }, // U+1ED8
    { 21, 36, 371, 1, 29, 189, 12833 }, // U+1ED9
    { 33, 36, 506, 2, 36, 297, 13022 }, // U+1EDA
    { 27, 30, 402, 1, 30, 203, 13319 }, // U+1EDB
    { 33, 36, 506, 2, 36, 297, 13522 }, // U+1EDC
    { 27, 30, 402, 1, 30, 203, 13819 }, // U+1EDD
    { 33, 39, 506, 2, 39, 322, 14022 }, // U+1EDE
    { 27, 33, 402, 1, 33, 223, 14344 }, // U+1EDF
    { 33, 37, 506, 2, 37, 306, 14567 }, // U+1EE0
    { 27, 30, 402, 1, 30, 203, 14873 }, // U+1EE1
    { 33, 36, 506, 2, 29, 297, 15076 }, // U+1EE2
    { 27, 32, 402, 1, 25, 216, 15373 }, // U+1EE3
    { 29, 34, 448, 3, 27, 247, 15589 }, // U+1EE4
    { 23, 28, 404, 2, 21, 161, 15836 }, // U+1EE5
    { 29, 39, 448, 3, 39, 283, 15997 }, // U+1EE6
    { 23, 33, 404, 2, 33, 190, 16280 }, // U+1EE7
    { 33, 36, 512, 3, 36, 297, 16470 }, // U+1EE8
    { 30, 30, 467, 2, 30, 225, 16767 }, // U+1EE9
    { 33, 36, 512, 3, 36, 297, 16992 }, // U+1EEA
    { 30, 30, 467, 2, 30, 225, 17289 }, // U+1EEB
    { 33, 39, 512, 3, 39, 322, 17514 }, // U+1EEC
    { 30, 33, 467, 2, 33, 248, 17836 }, // U+1EED
    { 33, 37, 512, 3, 37, 306, 18084 }, // U+1EEE
    { 30, 30, 467, 2, 30, 225, 18390 }, // U+1EEF
    { 33, 36, 512, 3, 29, 297, 18615 }, // U+1EF0
    { 30, 32, 467, 2, 25, 240, 18912 }, // U+1EF1
    { 27, 36, 416, 3, 36, 243, 19152 }, // U+1EF2
    { 28, 38, 352, -7, 29, 266, 19395 }, // U+1EF3
    { 27, 34, 416, 3, 27, 230, 19661 }, // U+1EF4
    { 28, 30, 352, -7, 21, 210, 19891 }, // U+1EF5
    { 27, 39, 416, 3, 39, 264, 20101 }, // U+1EF6
    { 28, 41, 352, -7, 32, 287, 20365 }, // U+1EF7
    { 27, 37, 416, 3, 37, 250, 20652 }, // U+1EF8
    { 28, 39, 352, -7, 30, 273, 20902 }, // U+1EF9
    { 0, 0, 300, 0, 0, 0, 0 }, // U+2000
    { 0, 0, 600, 0, 0, 0, 0 }, // U+2001
    { 0, 0, 300, 0, 0, 0, 0 }, // U+2002
    { 0, 0, 600, 0, 0, 0, 0 }, // U+2003
    { 0, 0, 200, 0, 0, 0, 0 }, // U+2004
    { 0, 0, 150, 0, 0, 0, 0 }, // U+2005
    { 0, 0, 100, 0, 0, 0, 0 }, // U+2006
    { 0, 0, 335, 0, 0, 0, 0 }, // U+2007
    { 0, 0, 182, 0, 0, 0, 0 }, // U+2008
    { 0, 0, 100, 0, 0, 0, 0 }, // U+2009
    { 0, 0, 60, 0, 0, 0, 0 }, // U+200A
    { 0, 0, 0, 0, 0, 0, 0 }, // U+200B
    { 2, 30, 0, -1, 25, 15, 0 }, // U+200C
    { 10, 32, 0, -5, 27, 80, 15 }, // U+200D
    { 9, 33, 0, -1, 28, 75, 95 }, // U+200E
    { 9, 33, 0, -8, 28, 75, 170 }, // U+200F
    { 11, 4, 186, 0, 12, 11, 245 }, // U+2010
    { 11, 4, 186, 0, 12, 11, 256 }, // U+2011
    { 20, 3, 335, 1, 15, 15, 267 }, // U+2012
    { 21, 3, 300, -1, 12, 16, 282 }, // U+2013
    { 40, 3, 600, -1, 12, 30, 298 }, // U+2014
    { 40, 3, 600, -1, 12, 30, 328 }, // U+2015
    { 12, 38, 335, 5, 29, 114, 358 }, // U+2016
    { 20, 7, 247, -4, -1, 35, 472 }, // U+2017
    { 9, 12, 168, 4, 28, 27, 507 }, // U+2018
    { 9, 12, 168, 3, 27, 27, 534 }, // U+2019
    { 9, 12, 168, -1, 6, 27, 561 }, // U+201A
    { 8, 12, 168, 4, 27, 24, 588 }, // U+201B
    { 17, 12, 293, 4, 28, 51, 612 }, // U+201C
    { 17, 12, 293, 3, 27, 51, 663 }, // U+201D
    { 17, 12, 293, -1, 6, 51, 714 }, // U+201E
    { 16, 12, 293, 4, 27, 48, 765 }, // U+201F
    { 18, 34, 287, 2, 29, 153, 813 }, // U+2020
    { 21, 34, 287, -1, 29, 179, 966 }, // U+2021
    { 12, 12, 240, 2, 20, 36, 1145 }, // U+2022
    { 13, 13, 300, 5, 20, 43, 1181 }, // U+2023
    { 7, 6, 182, 3, 17, 11, 1224 }, // U+2024
    { 18, 6, 353, 3, 17, 27, 1235 }, // U+2025
    { 30, 6, 549, 1, 6, 45, 1262 }, // U+2026
    { 8, 6, 182, 2, 14, 12, 1307 }, // U+2027
    { 0, 0, 360, 0, 0, 0, 1319 }, // U+2028
    { 0, 0, 360, 0, 0, 0, 1319 }, // U+2029
    { 9, 29, 0, -1, 24, 66, 1319 }, // U+202A
    { 9, 29, 0, -8, 24, 66, 1385 }, // U+202B
    { 10, 32, 0, -5, 26, 80, 1451 }, // U+202C
    { 10, 32, 0, -5, 27, 80, 1531 }, // U+202D
    { 10, 32, 0, -5, 27, 80, 1611 }, // U+202E
    { 0, 0, 100, 0, 0, 0, 1691 }, // U+202F
    { 46, 27, 781, 2, 27, 311, 1691 }, // U+2030
    { 61, 27, 1023, 2, 27, 412, 2002 }, // U+2031
    { 9, 11, 174, 4, 27, 25, 2414 }, // U+2032
    { 18, 11, 311, 4, 27, 50, 2439 }, // U+2033
    { 27, 11, 448, 4, 27, 75, 2489 }, // U+2034
    { 8, 11, 174, 5, 27, 22, 2564 }, // U+2035
    { 16, 11, 311, 5, 27, 44, 2586 }, // U+2036
    { 25, 11, 448, 5, 27, 69, 2630 }, // U+2037
    { 15, 11, 264, -1, 2, 42, 2699 }, // U+2038
    { 11, 16, 212, 2, 19, 44, 2741 }, // U+2039
    { 11, 16, 212, 0, 19, 44, 2785 }, // U+203A
    { 27, 27, 491, 2, 27, 183, 2829 }, // U+203B
    { 22, 27, 377, 2, 27, 149, 3012 }, // U+203C
    { 20, 27, 347, 3, 27, 135, 3161 }, // U+203D
    { 19, 3, 275, 3, 32, 15, 3296 }, // U+203E
    { 29, 7, 0, -26, -1, 51, 3311 }, // U+203F
    { 31, 7, 0, -24, 33, 55, 3362 }, // U+2040
    { 18, 27, 270, -2, 27, 122, 3417 }, // U+2041
    { 36, 31, 600, 0, 30, 279, 3539 }, // U+2042
    { 12, 6, 217, 1, 17, 18, 3818 }, // U+2043
    { 23, 27, 37, -10, 27, 156, 3836 }, // U+2044
    { 19, 35, 248, 0, 29, 167, 3992 }, // U+2045
    { 18, 35, 248, -2, 29, 158, 4159 }, // U+2046
    { 38, 27, 639, 3, 27, 257, 4317 }, // U+2047
    { 29, 27, 506, 3, 27, 196, 4574 }, // U+2048
    { 31, 27, 505, 2, 27, 210, 4770 }, // U+2049
    { 19, 29, 366, 1, 22, 138, 4980 }, // U+204A
    { 21, 34, 376, 4, 29, 179, 5118 }, // U+204B
    { 21, 14, 370, 1, 21, 74, 5297 }, // U+204C
    { 21, 14, 370, 1, 21, 74, 5371 }, // U+204D
    { 18, 16, 301, 1, 21, 72, 5445 }, // U+204E
    { 10, 27, 215, 2, 21, 68, 5517 }, // U+204F
    { 26, 27, 462, 2, 27, 176, 5585 }, // U+2050
    { 21, 33, 301, -1, 30, 174, 5761 }, // U+2051
    { 14, 27, 263, 2, 27, 95, 5935 }, // U+2052
    { 19, 7, 335, 1, 17, 34, 6030 }, // U+2053
    { 30, 8, 0, -11, 0, 60, 6064 }, // U+2054
    { 18, 17, 324, 1, 22, 77, 6124 }, // U+2055
    { 20, 21, 378, 1, 21, 105, 6201 }, // U+2056
    { 35, 11, 584, 4, 27, 97, 6306 }, // U+2057
    { 25, 21, 458, 2, 21, 132, 6403 }, // U+2058
    { 25, 21, 458, 2, 21, 132, 6535 }, // U+2059
    { 7, 27, 182, 2, 27, 48, 6667 }, // U+205A
    { 25, 27, 458, 2, 27, 169, 6715 }, // U+205B
    { 21, 21, 418, 3, 21, 111, 6884 }, // U+205C
    { 7, 27, 182, 3, 27, 48, 6995 }, // U+205D
    { 7, 27, 182, 2, 27, 48, 7043 }, // U+205E
    { 0, 0, 133, 0, 0, 0, 7091 }, // U+205F
    { 0, 0, 360, 0, 0, 0, 7091 }, // U+2060
    { 0, 0, 360, 0, 0, 0, 7091 }, // U+2061
    { 0, 0, 360, 0, 0, 0, 7091 }, // U+2062
    { 0, 0, 360, 0, 0, 0, 7091 }, // U+2063
    { 0, 0, 360, 0, 0, 0, 7091 }, // U+2064
    { 0, 0, 360, 0, 0, 0, 7091 }, // U+2066
    { 0, 0, 360, 0, 0, 0, 7091 }, // U+2067
    { 0, 0, 360, 0, 0, 0, 7091 }, // U+2068
    { 0, 0, 360, 0, 0, 0, 7091 }, // U+2069
    { 10, 32, 0, -5, 27, 80, 7091 }, // U+206A
    { 10, 32, 0, -5, 27, 80, 7171 }, // U+206B
    { 10, 32, 0, -5, 27, 80, 7251 }, // U+206C
    { 10, 32, 0, -5, 27, 80, 7331 }, // U+206D
    { 10, 32, 0, -5, 27, 80, 7411 }, // U+206E
    { 10, 32, 0, -5, 27, 80, 7491 }, // U+206F
    { 14, 17, 240, 3, 31, 60, 0 }, // U+2070
    { 8, 17, 138, 3, 28, 34, 60 }, // U+2071
    { 15, 16, 240, 2, 30, 60, 94 }, // U+2074
    { 14, 16, 240, 3, 30, 56, 154 }, // U+2075
    { 14, 17, 240, 4, 31, 60, 210 }, // U+2076
    { 14, 16, 240, 4, 30, 56, 270 }, // U+2077
    { 15, 17, 240, 2, 31, 64, 326 }, // U+2078
    { 14, 17, 240, 3, 31, 60, 390 }, // U+2079
    { 14, 13, 240, 3, 28, 46, 450 }, // U+207A
    { 14, 3, 240, 3, 23, 11, 496 }, // U+207B
    { 14, 8, 240, 3, 26, 28, 507 }, // U+207C
    { 12, 23, 150, 4, 34, 69, 535 }, // U+207D
    { 12, 23, 150, -1, 34, 69, 604 }, // U+207E
    { 16, 12, 262, 2, 23, 48, 673 }, // U+207F
    { 14, 17, 240, 0, 13, 60, 721 }, // U+2080
    { 12, 17, 240, -1, 13, 51, 781 }, // U+2081
    { 15, 17, 240, -2, 13, 64, 832 }, // U+2082
    { 15, 17, 240, -1, 13, 64, 896 }, // U+2083
    { 15, 17, 240, -2, 13, 64, 960 }, // U+2084
    { 15, 17, 240, -1, 13, 64, 1024 }, // U+2085
    { 14, 17, 240, 0, 13, 60, 1088 }, // U+2086
    { 14, 17, 240, 1, 13, 60, 1148 }, // U+2087
    { 15, 17, 240, -1, 13, 64, 1208 }, // U+2088
    { 14, 17, 240, 0, 13, 60, 1272 }, // U+2089
    { 14, 13, 240, 0, 10, 46, 1332 }, // U+208A
    { 14, 3, 240, 0, 6, 11, 1378 }, // U+208B
    { 14, 9, 240, 0, 9, 32, 1389 }, // U+208C
    { 12, 24, 150, 1, 16, 72, 1421 }, // U+208D
    { 11, 24, 150, -4, 16, 66, 1493 }, // U+208E
    { 15, 13, 259, -1, 9, 49, 1559 }, // U+2090
    { 12, 13, 209, -1, 9, 39, 1608 }, // U+2091
    { 14, 13, 241, -1, 9, 46, 1647 }, // U+2092
    { 16, 13, 236, -3, 9, 52, 1693 }, // U+2093
    { 13, 13, 219, -2, 9, 43, 1745 }, // U+2094
    { 16, 18, 256, -2, 14, 72, 1788 }, // U+2095
    { 16, 18, 233, -2, 14, 72, 1860 }, // U+2096
    { 8, 18, 138, -1, 14, 36, 1932 }, // U+2097
    { 24, 13, 378, -2, 9, 78, 1968 }, // U+2098
    { 17, 13, 262, -2, 9, 56, 2046 }, // U+2099
    { 16, 18, 243, -3, 9, 72, 2102 }, // U+209A
    { 12, 13, 200, -2, 9, 39, 2174 }, // U+209B
    { 10, 16, 163, -1, 12, 40, 2213 }, // U+209C
    { 27, 27, 462, 1, 27, 183, 0 }, // U+20A0
    { 25, 32, 401, 1, 29, 200, 183 }, // U+20A1
    { 25, 27, 401, 2, 27, 169, 383 }, // U+20A2
    { 25, 27, 335, -1, 27, 169, 552 }, // U+20A3
    { 23, 27, 335, -1, 27, 156, 721 }, // U+20A4
    { 35, 31, 581, 1, 26, 272, 877 }, // U+20A5
    { 34, 27, 473, -1, 27, 230, 1149 }, // U+20A6
    { 36, 27, 551, -2, 27, 243, 1379 }, // U+20A7
    { 44, 27, 697, -1, 27, 297, 1622 }, // U+20A8
    { 43, 27, 640, 1, 27, 291, 1919 }, // U+20A9
    { 29, 23, 535, 3, 23, 167, 2210 }, // U+20AA
    { 26, 34, 398, 1, 29, 221, 2377 }, // U+20AB
    { 23, 27, 335, 0, 27, 156, 2598 }, // U+20AC
    { 32, 27, 445, -1, 27, 216, 2754 }, // U+20AD
    { 26, 27, 392, 2, 27, 176, 2970 }, // U+20AE
    { 41, 40, 664, -1, 32, 410, 3146 }, // U+20AF
    { 23, 36, 382, -2, 27, 207, 3556 }, // U+20B0
    { 29, 27, 406, -1, 27, 196, 3763 }, // U+20B1
    { 27, 31, 478, 2, 29, 210, 3959 }, // U+20B2
    { 31, 27, 452, -2, 27, 210, 4169 }, // U+20B3
    { 26, 27, 369, -1, 27, 176, 4379 }, // U+20B4
    { 25, 31, 401, 2, 29, 194, 4555 }, // U+20B5
    { 25, 27, 358, 0, 27, 169, 4749 }, // U+20B6
    { 23, 32, 335, 0, 27, 184, 4918 }, // U+20B7
    { 23, 27, 335, 1, 27, 156, 5102 }, // U+20B8
    { 21, 27, 335, 2, 27, 142, 5258 }, // U+20B9
    { 21, 27, 335, -1, 27, 142, 5400 }, // U+20BA
    { 22, 27, 392, 3, 27, 149, 5542 }, // U+20BB
    { 26, 26, 472, 1, 26, 169, 5691 }, // U+20BC
    { 26, 27, 354, -1, 27, 176, 5860 }, // U+20BD
    { 23, 31, 335, 0, 31, 179, 6036 }, // U+20BE
    { 24, 35, 335, -2, 31, 210, 6215 }, // U+20BF
    { 11, 4, 186, 0, 12, 11, 0 }, // U+2212
    { 40, 38, 437, -6, 29, 380, 0 }, // U+FB00
    { 32, 38, 412, -6, 29, 304, 380 }, // U+FB01
    { 32, 38, 426, -6, 29, 304, 684 }, // U+FB02
    { 44, 38, 607, -6, 29, 418, 988 }, // U+FB03
    { 45, 38, 622, -6, 29, 428, 1406 }, // U+FB04
    { 35, 38, 454, -6, 29, 333, 1834 }, // U+FB05
    { 36, 29, 559, 0, 29, 261, 2167 }, // U+FB06
    { 35, 36, 600, 1, 29, 315, 0 }, // U+FFFD
};

static const EpdUnicodeInterval notoserif_18_bolditalicIntervals[] = {
    { 0x0, 0x0, 0x0 },
    { 0xD, 0xD, 0x1 },
    { 0x20, 0x7E, 0x2 },
    { 0xA0, 0x17F, 0x61 },
    { 0x1A0, 0x1A1, 0x141 },
    { 0x1AF, 0x1B0, 0x143 },
    { 0x1C4, 0x21F, 0x145 },
    { 0x300, 0x36F, 0x1A1 },
    { 0x400, 0x4FF, 0x211 },
    { 0x1EA0, 0x1EF9, 0x311 },
    { 0x2000, 0x2064, 0x36B },
    { 0x2066, 0x2071, 0x3D0 },
    { 0x2074, 0x208E, 0x3DC },
    { 0x2090, 0x209C, 0x3F7 },
    { 0x20A0, 0x20BF, 0x404 },
    { 0x2212, 0x2212, 0x424 },
    { 0xFB00, 0xFB06, 0x425 },
    { 0xFFFD, 0xFFFD, 0x42C },
};

static const EpdFontGroup notoserif_18_bolditalicGroups[] = {
    { 0, 5656, 14325, 97, 0 },
    { 5656, 4711, 16643, 96, 97 },
    { 10367, 6153, 27475, 128, 193 },
    { 16520, 6037, 23950, 96, 321 },
    { 22557, 1812, 3210, 112, 417 },
    { 24369, 17202, 54872, 256, 529 },
    { 41571, 3551, 22504, 90, 785 },
    { 45122, 2953, 8347, 111, 875 },
    { 48075, 1265, 2416, 42, 986 },
    { 49340, 3105, 6808, 32, 1028 },
    { 52445, 15, 12, 1, 1060 },
    { 52460, 809, 2465, 7, 1061 },
    { 53269, 153, 324, 1, 1068 },
};

static const uint16_t notoserif_18_bolditalicKernLeftCodepoints[] = {
    0x0022, 0x0026, 0x0027, 0x0028, 0x002A, 0x002C, 0x002D, 0x002E, 0x0041, 0x0042, 0x0043, 0x0044,
    0x0045, 0x0046, 0x0047, 0x004A, 0x004B, 0x004C, 0x004E, 0x004F, 0x0050, 0x0051, 0x0052, 0x0053,
    0x0054, 0x0055, 0x0056, 0x0057, 0x0058, 0x0059, 0x005B, 0x005F, 0x0061, 0x0062, 0x0063, 0x0065,
    0x0066, 0x0068, 0x006B, 0x006D, 0x006E, 0x006F, 0x0070, 0x0071, 0x0072, 0x0073, 0x0076, 0x0077,
    0x0079, 0x007A, 0x007B, 0x00A1, 0x00AB, 0x00BF, 0x00C0, 0x00C1, 0x00C2, 0x00C3, 0x00C4, 0x00C5,
    0x00C6, 0x00C7, 0x00C8, 0x00C9, 0x00CA, 0x00CB, 0x00D0, 0x00D1, 0x00D2, 0x00D3, 0x00D4, 0x00D5,
    0x00D6, 0x00D8, 0x00D9, 0x00DA, 0x00DB, 0x00DC, 0x00DD, 0x00DE, 0x00DF, 0x00E0, 0x00E1, 0x00E2,
    0x00E3, 0x00E4, 0x00E5, 0x00E6, 0x00E7, 0x00E8, 0x00E9, 0x00EA, 0x00EB, 0x00F0, 0x00F1, 0x00F2,
    0x00F3, 0x00F4, 0x00F5, 0x00F6, 0x00F8, 0x00F9, 0x00FA, 0x00FB, 0x00FC, 0x00FD, 0x00FE, 0x00FF,
    0x0100, 0x0101, 0x0102, 0x0103, 0x0104, 0x0105, 0x0106, 0x0107, 0x0108, 0x0109, 0x010A, 0x010B,
    0x010C, 0x010D, 0x010E, 0x010F, 0x0110, 0x0112, 0x0113, 0x0114, 0x0115, 0x0116, 0x0117, 0x0118,
    0x0119, 0x011A, 0x011B, 0x011C, 0x011E, 0x0120, 0x0122, 0x0125, 0x0127, 0x0132, 0x0134, 0x0136,
    0x0137, 0x0138, 0x0139, 0x013B, 0x013D, 0x013E, 0x0141, 0x0143, 0x0144, 0x0145, 0x0146, 0x0147,
    0x0148, 0x0149, 0x014A, 0x014B, 0x014C, 0x014D, 0x014E, 0x014F, 0x0150, 0x0151, 0x0152, 0x0153,
    0x0154, 0x0155, 0x0156, 0x0157, 0x0158, 0x0159, 0x015A, 0x015B, 0x015C, 0x015D, 0x015E, 0x015F,
    0x0160, 0x0161, 0x0162, 0x0164, 0x0166, 0x0168, 0x0169, 0x016A, 0x016B, 0x016C, 0x016D, 0x016E,
    0x016F, 0x0170, 0x0171, 0x0172, 0x0173, 0x0174, 0x0175, 0x0176, 0x0177, 0x0178, 0x017A, 0x017C,
    0x017E, 0x01A0, 0x01A1, 0x01AF, 0x01B0, 0x01FA, 0x01FB, 0x01FC, 0x01FD, 0x01FE, 0x01FF, 0x0218,
    0x0219, 0x021A, 0x0400, 0x0401, 0x0402, 0x0403, 0x0404, 0x0405, 0x0406, 0x0407, 0x0408, 0x0409,
    0x040A, 0x040B, 0x040C, 0x040D, 0x040E, 0x040F, 0x0410, 0x0411, 0x0412, 0x0413, 0x0414, 0x0415,
    0x0416, 0x0417, 0x0418, 0x0419, 0x041A, 0x041B, 0x041C, 0x041D, 0x041E, 0x041F, 0x0420, 0x0421,
    0x0422, 0x0423, 0x0424, 0x0425, 0x0426, 0x0427, 0x0428, 0x0429, 0x042A, 0x042B, 0x042C, 0x042D,
    0x042E, 0x042F, 0x0430, 0x0431, 0x0432, 0x0433, 0x0434, 0x0435, 0x0436, 0x0437, 0x0438, 0x0439,
    0x043A, 0x043B, 0x043C, 0x043D, 0x043E, 0x043F, 0x0440, 0x0441, 0x0442, 0x0443, 0x0444, 0x0445,
    0x0446, 0x0447, 0x0448, 0x0449, 0x044A, 0x044B, 0x044C, 0x044D, 0x044E, 0x044F, 0x0450, 0x0451,
    0x0452, 0x0453, 0x0454, 0x0455, 0x0456, 0x0457, 0x0458, 0x0459, 0x045A, 0x045B, 0x045C, 0x045D,
    0x045E, 0x045F, 0x0460, 0x0461, 0x0462, 0x0464, 0x0465, 0x0466, 0x0468, 0x046A, 0x046C, 0x046E,
    0x046F, 0x0470, 0x0471, 0x0472, 0x0473, 0x0474, 0x0475, 0x0476, 0x0477, 0x0478, 0x0479, 0x047A,
    0x047B, 0x047C, 0x047D, 0x047E, 0x047F, 0x0480, 0x0481, 0x048A, 0x048B, 0x048C, 0x048E, 0x048F,
    0x0490, 0x0491, 0x0492, 0x0493, 0x0494, 0x0496, 0x0497, 0x0498, 0x0499, 0x049A, 0x049B, 0x049C,
    0x049D, 0x049E, 0x049F, 0x04A0, 0x04A1, 0x04A2, 0x04A3, 0x04A4, 0x04A6, 0x04AA, 0x04AB, 0x04AC,
    0x04AD, 0x04AE, 0x04AF, 0x04B0, 0x04B1, 0x04B2, 0x04B3, 0x04B4, 0x04B5, 0x04B6, 0x04B7, 0x04B8,
    0x04B9, 0x04BA, 0x04BB, 0x04BC, 0x04BD, 0x04BE, 0x04BF, 0x04C1, 0x04C2, 0x04C3, 0x04C5, 0x04C6,
    0x04C7, 0x04C9, 0x04CA, 0x04CC, 0x04CD, 0x04CE, 0x04D0, 0x04D1, 0x04D2, 0x04D3, 0x04D4, 0x04D5,
    0x04D6, 0x04D7, 0x04D8, 0x04D9, 0x04DA, 0x04DB, 0x04DC, 0x04DD, 0x04DE, 0x04DF, 0x04E0, 0x04E1,
    0x04E2, 0x04E3, 0x04E4, 0x04E5, 0x04E6, 0x04E7, 0x04E8, 0x04E9, 0x04EA, 0x04EB, 0x04EC, 0x04ED,
    0x04EE, 0x04EF, 0x04F0, 0x04F1, 0x04F2, 0x04F3, 0x04F4, 0x04F5, 0x04F6, 0x04F7, 0x04F8, 0x04F9,
    0x04FA, 0x04FB, 0x04FC, 0x04FD, 0x04FE, 0x04FF, 0x1EA0, 0x1EA1, 0x1EA2, 0x1EA3, 0x1EA4, 0x1EA5,
    0x1EA6, 0x1EA7, 0x1EA8, 0x1EA9, 0x1EAA, 0x1EAB, 0x1EAC, 0x1EAD, 0x1EAE, 0x1EAF, 0x1EB0, 0x1EB1,
    0x1EB2, 0x1EB3, 0x1EB4, 0x1EB5, 0x1EB6, 0x1EB7, 0x1EB8, 0x1EB9, 0x1EBA, 0x1EBB, 0x1EBC, 0x1EBD,
    0x1EBE, 0x1EBF, 0x1EC0, 0x1EC1, 0x1EC2, 0x1EC3, 0x1EC4, 0x1EC5, 0x1EC6, 0x1EC7, 0x1ECC, 0x1ECD,
    0x1ECE, 0x1ECF, 0x1ED0, 0x1ED1, 0x1ED2, 0x1ED3, 0x1ED4, 0x1ED5, 0x1ED6, 0x1ED7, 0x1ED8, 0x1ED9,
    0x1EDA, 0x1EDB, 0x1EDC, 0x1EDD, 0x1EDE, 0x1EDF, 0x1EE0, 0x1EE1, 0x1EE2, 0x1EE3, 0x1EE4, 0x1EE5,
    0x1EE6, 0x1EE7, 0x1EE8, 0x1EE9, 0x1EEA, 0x1EEB, 0x1EEC, 0x1EED, 0x1EEE, 0x1EEF, 0x1EF0, 0x1EF1,
    0x1EF2, 0x1EF3, 0x1EF4, 0x1EF5, 0x1EF6, 0x1EF7, 0x1EF8, 0x1EF9, 0x2013, 0x2014, 0x2015, 0x2018,
    0x2019, 0x201A, 0x201C, 0x201D, 0x201E, 0x2039, 0x207D, 0x208D, 0x2090, 0x2092, 0xFB00,
};

static const uint8_t notoserif_18_bolditalicKernLeftClassIds[] = {
      1,   2,   1,   3,   4,   5,   6,   5,   7,   8,   9,  10,  11,  12,  13,  14,
     15,  16,  17,  10,  18,  10,  19,  20,  21,  22,  23,  24,  25,  26,   3,  27,
     28,  29,  30,  30,  31,  28,  32,  28,  28,  29,  29,  33,  34,  35,  36,  37,
     38,  39,   3,  40,  41,  42,  43,  43,  43,  43,  43,  43,  11,   9,  11,  11,
     11,  11,  10,  17,  10,  10,  10,  10,  10,  10,  22,  22,  22,  22,  26,  10,
     35,  28,  28,  28,  28,  28,  28,  30,  30,  30,  30,  30,  30,  29,  28,  29,
     29,  29,  29,  29,  29,  28,  28,  28,  28,  38,  29,  38,   7,  28,  43,  28,
     43,  28,   9,  30,   9,  30,   9,  30,   9,  30,  10,  44,  10,  11,  30,  11,
     30,  11,  30,  11,  30,  11,  30,  13,  13,  13,  13,  28,  28,  14,  14,  15,
     32,  32,  16,  16,  45,  44,  16,  17,  28,  17,  28,  17,  28,  28,  14,  28,
     10,  29,  10,  29,  10,  29,  11,  30,  19,  34,  19,  34,  19,  34,  20,  35,
     20,  35,  20,  35,  20,  35,  21,  21,  21,  22,  28,  22,  28,  22,  28,  22,
     28,  22,  28,  22,  28,  24,  37,  26,  38,  26,  39,  39,  39,  46,  47,  48,
     49,   7,  28,  11,  30,  10,  29,  20,  35,  21,  50,  50,  51,  52,  53,  54,
     55,  55,  56,  57,  57,  58,  59,  55,  60,  55,  61,  62,  63,  52,  64,  50,
     59,  63,  55,  55,  59,  55,  55,  55,  65,  55,  66,  53,  52,  60,  67,  68,
     64,  55,  55,  64,  57,  55,  57,  65,  65,  55,  69,  70,  71,  72,  73,  74,
     75,  71,  69,  69,  76,  69,  69,  69,  77,  78,  77,  79,  78,  80,  77,  76,
     81,  69,  69,  81,  82,  69,  82,  77,  77,  69,  74,  74,  83,  72,  79,  84,
     69,  85,  86,  82,  82,  78,  76,  69,  80,  69,  65,  87,  57,  53,  72,  61,
     61,  88,  88,  63,  72,  89,  90,  65,  71,  60,  90,  60,  90,  91,  80,  65,
     71,  65,  71,  65,  87,  53,  72,  64,  81,  57,  66,  71,  92,  93,  92,  93,
     58,  59,  79,  63,  72,  59,  79,  59,  79,  59,  79,  59,  79,  64,  81,  92,
     58,  53,  72,  92,  81,  89,  90,  89,  90,  68,  76,  64,  81,  64,  81,  55,
     69,  58,  82,  94,  74,  94,  74,  59,  79,  58,  64,  81,  56,  64,  81,  81,
     64,  81,  61,  81,  61,  81,  50,  74,  50,  74,  65,  71,  65,  71,  59,  79,
     63,  71,  63,  95,  55,  81,  55,  81,  65,  71,  65,  71,  65,  71,  65,  77,
     60,  80,  60,  80,  60,  80,  55,  69,  92,  93,  55,  69,  92,  93,  68,  76,
     68,  96,  43,  28,  43,  28,  43,  28,  43,  28,  43,  28,  43,  28,  43,  28,
     43,  28,  43,  28,  43,  28,  43,  28,  43,  28,  11,  30,  11,  30,  11,  30,
     11,  30,  11,  30,  11,  30,  11,  30,  11,  30,  10,  29,  10,  29,  10,  29,
     10,  29,  10,  29,  10,  29,  10,  97,  46,  47,  46,  47,  46,  47,  46,  47,
     46,  47,  22,  28,  22,  28,  48,  49,  48,  49,  48,  49,  48,  49,  48,  49,
     26,  38,  26,  38,  26,  38,  26,  38,   6,   6,   6,  98,  99,   5,  98,  99,
      5,  41, 100, 101, 102, 103,  31,
};

static const uint16_t notoserif_18_bolditalicKernRightCodepoints[] = {
    0x0022, 0x0026, 0x0027, 0x0029, 0x002A, 0x002C, 0x002D, 0x002E, 0x003A, 0x003B, 0x003F, 0x0041,
    0x0042, 0x0043, 0x0044, 0x0045, 0x0046, 0x0047, 0x0048, 0x0049, 0x004A, 0x004B, 0x004C, 0x004D,
    0x004E, 0x004F, 0x0050, 0x0051, 0x0052, 0x0053, 0x0054, 0x0055, 0x0056, 0x0057, 0x0058, 0x0059,
    0x005A, 0x005C, 0x005D, 0x005F, 0x0061, 0x0062, 0x0063, 0x0064, 0x0065, 0x0067, 0x0068, 0x0069,
    0x006B, 0x006C, 0x006D, 0x006E, 0x006F, 0x0070, 0x0071, 0x0072, 0x0073, 0x0074, 0x0075, 0x0076,
    0x0077, 0x0078, 0x0079, 0x007A, 0x007D, 0x00A9, 0x00AE, 0x00BB, 0x00C0, 0x00C1, 0x00C2, 0x00C3,
    0x00C4, 0x00C5, 0x00C6, 0x00C7, 0x00C8, 0x00C9, 0x00CA, 0x00CB, 0x00CC, 0x00CD, 0x00CE, 0x00CF,
    0x00D0, 0x00D1, 0x00D2, 0x00D3, 0x00D4, 0x00D5, 0x00D6, 0x00D8, 0x00D9, 0x00DA, 0x00DB, 0x00DC,
    0x00DD, 0x00DE, 0x00E0, 0x00E1, 0x00E2, 0x00E3, 0x00E4, 0x00E5, 0x00E6, 0x00E7, 0x00E8, 0x00E9,
    0x00EA, 0x00EB, 0x00EC, 0x00ED, 0x00EE, 0x00EF, 0x00F0, 0x00F1, 0x00F2, 0x00F3, 0x00F4, 0x00F5,
    0x00F6, 0x00F8, 0x00F9, 0x00FA, 0x00FB, 0x00FC, 0x00FD, 0x00FE, 0x00FF, 0x0100, 0x0101, 0x0102,
    0x0103, 0x0104, 0x0105, 0x0106, 0x0107, 0x0108, 0x0109, 0x010A, 0x010B, 0x010C, 0x010D, 0x010E,
    0x010F, 0x0110, 0x0111, 0x0112, 0x0113, 0x0114, 0x0115, 0x0116, 0x0117, 0x0118, 0x0119, 0x011A,
    0x011B, 0x011C, 0x011D, 0x011E, 0x011F, 0x0120, 0x0121, 0x0122, 0x0123, 0x0124, 0x0125, 0x0126,
    0x0127, 0x0128, 0x0129, 0x012A, 0x012B, 0x012C, 0x012D, 0x012E, 0x012F, 0x0130, 0x0132, 0x0133,
    0x0134, 0x0136, 0x0137, 0x0138, 0x0139, 0x013A, 0x013B, 0x013C, 0x013D, 0x013E, 0x013F, 0x0140,
    0x0141, 0x0142, 0x0143, 0x0144, 0x0145, 0x0146, 0x0147, 0x0148, 0x0149, 0x014A, 0x014B, 0x014C,
    0x014D, 0x014E, 0x014F, 0x0150, 0x0151, 0x0152, 0x0153, 0x0154, 0x0155, 0x0156, 0x0157, 0x0158,
    0x0159, 0x015A, 0x015B, 0x015C, 0x015D, 0x015E, 0x015F, 0x0160, 0x0161, 0x0163, 0x0165, 0x0167,
    0x0168, 0x0169, 0x016A, 0x016B, 0x016C, 0x016D, 0x016E, 0x016F, 0x0170, 0x0171, 0x0172, 0x0173,
    0x0174, 0x0175, 0x0176, 0x0177, 0x0178, 0x0179, 0x017A, 0x017B, 0x017C, 0x017D, 0x017E, 0x01A0,
    0x01A1, 0x01AF, 0x01B0, 0x01FA, 0x01FB, 0x01FC, 0x01FD, 0x01FE, 0x01FF, 0x0218, 0x0219, 0x021B,
    0x021E, 0x0400, 0x0401, 0x0402, 0x0403, 0x0404, 0x0405, 0x0406, 0x0407, 0x0408, 0x0409, 0x040A,
    0x040B, 0x040C, 0x040D, 0x040E, 0x040F, 0x0410, 0x0411, 0x0412, 0x0413, 0x0414, 0x0415, 0x0416,
    0x0417, 0x0418, 0x0419, 0x041A, 0x041B, 0x041C, 0x041D, 0x041E, 0x041F, 0x0420, 0x0421, 0x0422,
    0x0423, 0x0424, 0x0425, 0x0426, 0x0427, 0x0428, 0x0429, 0x042A, 0x042B, 0x042C, 0x042D, 0x042E,
    0x042F, 0x0430, 0x0431, 0x0432, 0x0433, 0x0434, 0x0435, 0x0436, 0x0437, 0x0438, 0x0439, 0x043A,
    0x043B, 0x043C, 0x043D, 0x043E, 0x043F, 0x0440, 0x0441, 0x0442, 0x0443, 0x0444, 0x0445, 0x0446,
    0x0447, 0x0448, 0x0449, 0x044A, 0x044B, 0x044C, 0x044D, 0x044E, 0x044F, 0x0450, 0x0451, 0x0452,
    0x0453, 0x0454, 0x0455, 0x0456, 0x0457, 0x0458, 0x0459, 0x045A, 0x045B, 0x045C, 0x045D, 0x045E,
    0x045F, 0x0460, 0x0461, 0x0466, 0x046A, 0x046E, 0x0470, 0x0471, 0x0472, 0x0473, 0x0474, 0x0475,
    0x0476, 0x0477, 0x0478, 0x0479, 0x047A, 0x047B, 0x047C, 0x047D, 0x047E, 0x047F, 0x0480, 0x0481,
    0x048B, 0x048F, 0x0496, 0x0497, 0x0498, 0x0499, 0x049F, 0x04A0, 0x04A1, 0x04A8, 0x04A9, 0x04AA,
    0x04AB, 0x04AC, 0x04AE, 0x04AF, 0x04B0, 0x04B1, 0x04B2, 0x04B3, 0x04B4, 0x04B5, 0x04B6, 0x04B7,
    0x04B8, 0x04B9, 0x04C1, 0x04C2, 0x04C5, 0x04C6, 0x04CB, 0x04CC, 0x04CE, 0x04D0, 0x04D1, 0x04D2,
    0x04D3, 0x04D4, 0x04D5, 0x04D7, 0x04D9, 0x04DB, 0x04DC, 0x04DD, 0x04DE, 0x04DF, 0x04E0, 0x04E2,
    0x04E3, 0x04E4, 0x04E5, 0x04E6, 0x04E7, 0x04E8, 0x04E9, 0x04EA, 0x04EB, 0x04EC, 0x04ED, 0x04EE,
    0x04EF, 0x04F0, 0x04F1, 0x04F2, 0x04F3, 0x04F4, 0x04F5, 0x04F8, 0x04F9, 0x04FC, 0x04FD, 0x04FE,
    0x1EA0, 0x1EA1, 0x1EA2, 0x1EA3, 0x1EA4, 0x1EA5, 0x1EA6, 0x1EA7, 0x1EA8, 0x1EA9, 0x1EAA, 0x1EAB,
    0x1EAC, 0x1EAD, 0x1EAE, 0x1EAF, 0x1EB0, 0x1EB1, 0x1EB2, 0x1EB3, 0x1EB4, 0x1EB5, 0x1EB6, 0x1EB7,
    0x1EB8, 0x1EB9, 0x1EBA, 0x1EBB, 0x1EBC, 0x1EBD, 0x1EBE, 0x1EBF, 0x1EC0, 0x1EC1, 0x1EC2, 0x1EC3,
    0x1EC4, 0x1EC5, 0x1EC6, 0x1EC7, 0x1EC9, 0x1ECB, 0x1ECC, 0x1ECD, 0x1ECE, 0x1ECF, 0x1ED0, 0x1ED1,
    0x1ED2, 0x1ED3, 0x1ED4, 0x1ED5, 0x1ED6, 0x1ED7, 0x1ED8, 0x1ED9, 0x1EDA, 0x1EDB, 0x1EDC, 0x1EDD,
    0x1EDE, 0x1EDF, 0x1EE0, 0x1EE1, 0x1EE2, 0x1EE3, 0x1EE4, 0x1EE5, 0x1EE6, 0x1EE7, 0x1EE8, 0x1EE9,
    0x1EEA, 0x1EEB, 0x1EEC, 0x1EED, 0x1EEE, 0x1EEF, 0x1EF0, 0x1EF1, 0x1EF2, 0x1EF3, 0x1EF4, 0x1EF5,
    0x1EF6, 0x1EF7, 0x1EF8, 0x1EF9, 0x2013, 0x2014, 0x2015, 0x2018, 0x2019, 0x201A, 0x201C, 0x201D,
    0x201E, 0x2026, 0x203A, 0x207E, 0x208E,
};

static const uint8_t notoserif_18_bolditalicKernRightClassIds[] = {
      1,   2,   1,   3,   4,   5,   6,   7,   8,   8,   9,  10,  11,  12,  11,  11,
     11,  12,  11,  11,  11,  11,  11,  11,  11,  12,  11,  12,  11,  13,  14,  15,
     16,  17,  18,  19,  20,  21,   3,  22,  23,  24,  25,  25,  25,  26,  24,  27,
     24,  28,  29,  29,  25,  29,  25,  29,  30,  31,  32,  33,  34,  35,  36,  37,
      3,  38,  38,  39,  10,  10,  10,  10,  10,  10,  40,  12,  11,  11,  11,  11,
     11,  11,  11,  11,  11,  11,  12,  12,  12,  12,  12,  12,  15,  15,  15,  15,
     19,  11,  23,  23,  23,  23,  23,  23,  23,  25,  25,  25,  25,  25,  27,  27,
     27,  27,  25,  29,  25,  25,  25,  25,  25,  25,  32,  32,  32,  32,  36,  24,
     36,  10,  23,  10,  23,  10,  23,  12,  25,  12,  25,  12,  25,  12,  25,  11,
     25,  11,  25,  11,  25,  11,  25,  11,  25,  11,  25,  11,  25,  12,  25,  12,
     25,  12,  25,  12,  25,  11,  24,  11,  24,  11,  27,  11,  27,  11,  27,  11,
     27,  11,  11,  27,  11,  11,  24,  29,  11,  28,  11,  28,  11,  28,  11,  28,
     11,  28,  11,  29,  11,  29,  11,  29,  41,  11,  29,  12,  25,  12,  25,  12,
     25,  12,  25,  11,  29,  11,  29,  11,  29,  13,  30,  13,  30,  13,  30,  13,
     30,  31,  31,  31,  15,  32,  15,  32,  15,  32,  15,  32,  15,  32,  15,  32,
     17,  34,  19,  36,  19,  20,  37,  20,  37,  20,  37,  12,  25,  15,  32,  10,
     23,  40,  23,  12,  25,  13,  30,  31,  11,  42,  42,  43,  42,  44,  45,  42,
     42,  46,  47,  42,  43,  42,  42,  48,  42,  49,  42,  42,  42,  50,  42,  51,
     52,  42,  42,  42,  47,  42,  42,  44,  42,  42,  44,  43,  48,  53,  54,  42,
     55,  42,  42,  43,  42,  42,  52,  42,  56,  57,  58,  57,  59,  60,  57,  61,
     62,  63,  63,  64,  65,  65,  64,  57,  64,  66,  57,  64,  67,  57,  68,  63,
     69,  63,  63,  70,  63,  63,  61,  64,  71,  57,  57,  72,  59,  57,  73,  74,
     75,  76,  65,  64,  72,  64,  63,  67,  63,  77,  78,  49,  79,  52,  80,  63,
     77,  81,  80,  82,  80,  82,  77,  81,  77,  81,  77,  81,  77,  78,  77,  81,
     63,  66,  51,  61,  52,  61,  72,  83,  70,  77,  81,  77,  81,  83,  80,  82,
     80,  82,  54,  68,  83,  70,  55,  69,  55,  69,  51,  61,  50,  65,  55,  69,
     84,  49,  81,  49,  81,  85,  81,  81,  81,  81,  51,  61,  52,  61,  52,  42,
     63,  42,  63,  77,  81,  77,  81,  77,  81,  52,  61,  48,  67,  48,  67,  48,
     67,  55,  69,  42,  63,  54,  68,  54,  10,  23,  10,  23,  10,  23,  10,  23,
     10,  23,  10,  23,  10,  23,  10,  23,  10,  23,  10,  23,  10,  23,  10,  23,
     11,  25,  11,  25,  11,  25,  11,  25,  11,  25,  11,  25,  11,  25,  11,  25,
     86,  86,  12,  25,  12,  25,  12,  25,  12,  25,  12,  25,  12,  25,  12,  25,
     12,  25,  12,  25,  12,  25,  12,  25,  12,  25,  15,  32,  15,  32,  15,  32,
     15,  32,  15,  32,  15,  32,  15,  32,  19,  36,  19,  36,  19,  36,  19,  36,
      6,   6,   6,  87,   4,  88,  87,   4,  88,  88,  39,  89,  90,
};

static const uint16_t notoserif_18_bolditalicKernRowOffsets[] = {
        0,     8,    13,    23,    35,    56,    63,    81,    92,    93,   104,   107,   116,   121,   125,   132,
      141,   145,   151,   161,   170,   181,   187,   198,   210,   217,   231,   245,   252,   257,   260,   265,
      267,   269,   280,   284,   290,   296,   300,   305,   309,   314,   319,   337,   352,   355,   371,   382,
      401,   405,   412,   433,   459,   463,   472,   474,   482,   503,   534,   556,   587,   614,   636,   657,
      673,   693,   713,   739,   757,   773,   792,   807,   818,   830,   835,   845,   858,   877,   896,   905,
      925,   951,   966,   972,   979,   996,   999,  1000,  1003,  1005,  1006,  1009,  1018,  1026,  1030,  1032,
     1033,  1034,  1051,  1075,  1076,  1077,  1079,  1080,
};

static const uint8_t notoserif_18_bolditalicKernSparseCols[] = {
      9,  25,  26,  39,  48,  49,  64,  84,  13,  14,  15,  16,  18,  43,  45,  46,
     47,  49,  52,  64,  68,  74,  75,   1,   4,   6,   9,  39,  47,  48,  49,  64,
     80,  84,  87,  11,  13,  14,  15,  16,  18,  32,  33,  35,  42,  43,  46,  47,
     49,  52,  54,  66,  68,  69,  76,  82,  42,  47,  48,  49,  53,  54,  67,   0,
      1,   3,  11,  13,  14,  15,  16,  18,  24,  25,  31,  32,  33,  35,  37,  40,
     86,   3,   9,  13,  15,  16,  17,  18,  19,  33,  35,  39,   1,   0,   4,   6,
      9,  13,  15,  16,  17,  18,  39,  87,  15,  16,  18,   1,   4,   6,   9,  22,
     24,  25,  39,  87,  13,  15,  16,  18,  39,   4,   6,   9,  87,   1,  11,  24,
     25,  31,  33,  35,   0,   3,  13,  14,  15,  16,  18,  32,  86,   1,   4,   6,
     87,   1,   4,   6,   9,  39,  87,   1,   3,  11,  13,  14,  15,  16,  18,  33,
     35,   9,  13,  15,  16,  17,  18,  33,  35,  39,   1,   4,   6,   9,  11,  22,
     24,  25,  39,  40,  87,   1,   4,   6,   9,  39,  87,   1,   4,   6,   9,  11,
     22,  24,  25,  29,  39,  87,   1,   4,   6,   9,  11,  22,  24,  25,  29,  34,
     39,  87,  11,  12,  24,  25,  33,  35,  37,   1,   4,   6,   9,  11,  12,  22,
     24,  25,  29,  34,  36,  39,  87,  42,  43,  45,  47,  49,  52,  54,  56,  57,
     59,  66,  68,  69,  75,   0,  13,  15,  16,  18,  35,  86,  13,  15,  16,  18,
     35,  15,  16,  18,   0,   2,   3,  20,  86,  24,  25,  16,  18,   3,   4,   6,
     15,  16,  17,  18,  22,  24,  25,  87,   0,  15,  16,  18,   4,   6,  15,  16,
     18,  87,   4,   6,  15,  16,  18,  87,   4,   6,  16,  87,   3,  15,  16,  18,
     86,  13,  14,  15,  18,  42,  47,  48,  52,  54,  13,  14,  15,  16,  18,   0,
      1,   3,  11,  13,  14,  15,  16,  18,  24,  25,  31,  32,  33,  35,  37,  40,
     86,   0,   2,   3,   8,  10,  13,  14,  15,  16,  17,  18,  19,  23,  27,  86,
      3,  13,  15,   4,   6,   9,  13,  15,  16,  18,  22,  24,  25,  29,  30,  33,
     34,  35,  87,   3,   4,   6,  26,  28,  30,  31,  33,  35,  85,  87,   4,   6,
      9,  11,  14,  15,  18,  22,  23,  24,  25,  28,  29,  30,  31,  33,  35,  36,
     87,   3,  26,  28,  85,  42,  47,  52,  64,  69,  70,  83,   0,   2,   3,   7,
     21,  42,  45,  47,  48,  49,  50,  52,  53,  54,  55,  64,  66,  67,  68,  82,
     86,   3,   4,   5,   6,   7,  21,  38,  43,  44,  46,  48,  49,  52,  55,  56,
     58,  59,  62,  64,  66,  68,  70,  72,  73,  74,  87,  47,  52,  64,  67,  42,
     47,  48,  49,  52,  53,  54,  78,  82,  52,  64,  46,  48,  49,  52,  62,  64,
     73,  74,   0,   2,   3,   7,  21,  42,  45,  47,  48,  49,  50,  52,  53,  54,
     55,  64,  66,  67,  68,  82,  86,   0,   2,   3,   5,   7,  38,  42,  43,  44,
     45,  47,  51,  52,  54,  56,  58,  59,  61,  62,  64,  66,  68,  73,  74,  75,
     76,  77,  79,  81,  82,  86,   5,  38,  43,  44,  46,  49,  51,  52,  54,  56,
     57,  59,  62,  66,  68,  69,  73,  74,  76,  80,  83,  86,   2,   3,   4,   5,
      6,   7,  20,  21,  38,  43,  44,  46,  48,  49,  52,  55,  56,  58,  59,  60,
     61,  62,  63,  64,  67,  70,  72,  73,  74,  80,  87,   0,   3,   5,  38,  42,
     43,  44,  47,  49,  51,  52,  54,  56,  57,  59,  62,  64,  66,  68,  69,  72,
     73,  74,  76,  82,  83,  86,   3,   7,  21,  42,  44,  45,  47,  48,  49,  50,
     52,  53,  54,  55,  64,  65,  66,  67,  68,  69,  70,  86,   3,   7,  21,  42,
     44,  47,  48,  49,  50,  52,  53,  54,  64,  67,  69,  70,  78,  82,  83,  84,
     86,   2,  21,  43,  45,  52,  56,  58,  59,  61,  62,  64,  69,  70,  73,  74,
     75,   2,   4,   6,   7,  21,  42,  45,  46,  47,  48,  49,  50,  53,  54,  55,
     64,  67,  78,  82,  87,   2,   4,   6,   7,  21,  38,  46,  47,  48,  49,  50,
     51,  53,  54,  55,  64,  66,  67,  70,  87,   2,   3,   4,   6,   7,  21,  38,
     41,  42,  44,  45,  46,  47,  48,  49,  50,  51,  53,  54,  55,  64,  67,  70,
     78,  86,  87,   5,  38,  43,  44,  52,  54,  56,  58,  59,  62,  64,  66,  68,
     69,  73,  74,  76,  83,  41,  42,  46,  47,  48,  49,  50,  53,  54,  55,  60,
     64,  67,  68,  69,  70,   4,   6,  21,  42,  47,  48,  50,  53,  54,  60,  61,
     64,  66,  67,  68,  69,  70,  75,  87,   3,   4,   6,  42,  47,  54,  62,  64,
     66,  67,  68,  73,  74,  82,  87,   3,   4,   6,  42,  47,  54,  64,  67,  70,
     82,  87,   4,   6,  21,  47,  48,  50,  53,  54,  64,  67,  70,  87,  42,  47,
     54,  64,  67,  42,  47,  54,  55,  56,  59,  64,  66,  67,  80,   5,  42,  43,
     46,  47,  49,  51,  52,  54,  56,  57,  58,  59,   4,   6,  21,  42,  47,  48,
     50,  53,  54,  60,  61,  64,  66,  67,  68,  69,  70,  75,  87,   3,  41,  42,
     46,  47,  48,  49,  50,  53,  54,  55,  60,  61,  64,  66,  67,  68,  70,  86,
     42,  47,  54,  55,  56,  59,  64,  67,  80,   2,   4,   6,  21,  42,  46,  47,
     48,  49,  50,  51,  53,  54,  58,  60,  61,  64,  67,  70,  87,   2,   3,  21,
     38,  41,  42,  45,  46,  47,  48,  49,  50,  52,  53,  54,  55,  60,  61,  64,
     67,  68,  69,  70,  72,  75,  86,   0,   3,  42,  46,  47,  52,  54,  62,  66,
     68,  69,  70,  73,  74,  86,  42,  47,  54,  64,  68,  86,   4,   6,  42,  47,
     54,  67,  87,  41,  42,  46,  47,  48,  49,  50,  53,  54,  55,  60,  64,  67,
     68,  69,  70,  71,  54,  64,  70,  64,  54,  69,  83,  49,  64,  64,   4,   6,
     87,   4,   6,  43,  48,  49,  64,  76,  80,  87,   3,   4,   6,  48,  49,  64,
     80,  87,  47,  49,  64,  78,   3,  86,  80,  35,   9,  26,  35,  39,  46,  48,
     49,  62,  64,  66,  68,  71,  73,  74,  75,  80,  84,   9,  22,  24,  25,  29,
     39,  46,  47,  48,  49,  56,  59,  62,  63,  64,  65,  66,  68,  69,  71,  73,
     74,  75,  84,  88,  89,   0,  35,  35,
};

static const int8_t notoserif_18_bolditalicKernSparseValues[] = {
     -48,  -24,   12,  -72,  -48,  -48,  -36,  -72,  -24,   -6,  -30,  -24,  -27,  -12,   18,  -12,
      12,    6,  -12,  -12,   -6,   18,   24,  -12,  -72,  -72,  -30,  -48,  -12,  -30,  -42,  -30,
     -30,  -48,  -72,  -12,  -42,   -6,  -54,  -48,  -42,  -30,  -12,  -12,  -36,  -12,    6,  -12,
      12,  -18,  -78,  -12,  -42,  -42,  -12,  -42,  -24,  -12,   -6,   -6,   -6,  -24,  -12,  -48,
     -12,  -42,  -12,  -36,  -12,  -48,  -42,  -42,  -12,  -12,  -12,  -36,  -18,  -30,  -30,  -30,
     -54,  -12,  -12,  -12,  -24,  -18,  -12,  -24,  -12,   -6,  -12,  -18,  -12,  -18,  -12,  -24,
     -12,  -12,  -12,  -12,  -12,  -18,  -30,  -12,  -12,  -12,  -12,  -24,  -48,  -48,  -42,  -24,
     -24,  -24,  -66,  -48,  -12,  -12,  -12,  -12,  -12,  -12,  -12,  -12,  -12,  -12,  -12,  -12,
     -12,  -12,  -18,  -18,  -36,  -48,  -42,  -12,  -48,  -30,  -36,  -18,  -54,  -12,  -12,  -12,
     -12,  -12,  -72,  -72,  -30,  -48,  -72,  -12,  -12,  -12,  -12,   -6,  -18,  -18,  -18,  -12,
     -12,  -12,  -12,  -12,  -12,  -12,  -12,   -6,  -12,  -12,  -12,  -54,  -54,  -36,  -12,  -18,
     -18,  -18,  -48,   30,  -54,  -12,  -12,  -12,  -12,  -12,  -12,  -18,  -66,  -66,  -48,  -12,
     -36,  -36,  -36,  -24,  -78,  -66,  -18,  -54,  -54,  -36,  -12,  -30,  -36,  -36,  -18,  -12,
     -78,  -54,  -12,   -6,   -6,   -6,  -18,  -30,  -24,  -18,  -48,  -48,  -42,  -18,  -12,  -36,
     -42,  -42,  -36,   -6,   -6,  -54,  -48,  -24,  -12,   36,  -18,   30,  -24,  -66,  -12,  -12,
     -12,   24,  -48,  -12,   36,  -24,  -12,  -30,  -24,  -30,  -12,  -24,  -18,  -36,  -36,  -42,
     -12,  -30,  -30,  -42,   48,   54,   48,   60,   36,  -12,  -12,  -24,  -12,   18, -126, -126,
     -18,  -24,  -30,  -18,  -12,  -12,  -12, -126,  -12,  -18,  -18,  -30,  -30,  -42,  -18,  -12,
     -18,  -42,  -42,  -42,  -12,  -12,  -18,  -42,  -54,  -54,  -12,  -54,  -12,  -24,  -18,  -18,
     -12,  -12,   -6,  -30,  -36,  -30,  -24,  -12,   -6,  -24,  -18,   -6,  -30,  -30,  -30,  -48,
     -12,  -42,  -12,  -36,  -12,  -48,  -42,  -42,  -12,  -12,  -12,  -30,  -18,  -30,  -30,  -30,
     -54,   18,   42,   24,   18,   30,   42,   42,   54,   42,   42,   60,   48,   54,   54,   18,
     -18,  -18,  -30,  -18,  -18,  -24,   12,   12,   12,   12,  -12,  -12,  -12,  -12,  -12,  -12,
     -12,  -12,  -18,   12,   -6,   -6,    6,   12,   18,   12,   18,   18,    6,   -6,  -18,  -18,
     -36,  -12,    6,   18,   18,  -30,    6,  -36,  -36,  -18,  -36,  -12,  -18,  -12,  -12,  -18,
     -18,   12,    6,   12,    6,  -12,  -12,   -9,  -12,  -12,  -12,  -12, -102,  -12,  -48,   -6,
      -6,  -48,   -9, -108,   -6,   -6,   -6,  -12,  -12,  -36,   -6,   -9,   -6,   -6,  -18,  -42,
     -90,   18,  -36,  -24,  -36,  -18,  -24,  -30,  -12,   -6,  -18,  -36,  -24,  -15,   -9,  -18,
      -6,  -18,   12,  -36,   24,    6,  -18,   -9,   12,   12,  -36,   -6,   -6,   -6,   -6,   -6,
      -6,   -6,   -6,  -15,   -6,  -18,  -12,  -12,   -6,  -12,  -12,  -12,   -9,  -12,   18,  -12,
      18,   18,  -60,  -12,  -30,   -6,   -6,  -48,   -9,  -54,   -6,   -6,   -6,  -12,  -12,  -36,
      -6,   -9,   -6,   -6,  -18,  -24,  -54,  -72,  -24,  -42,  -12,  -12,  -30,  -54,  -36,  -24,
     -18,  -84,  -24,  -48,  -78,  -12,   -6,  -12,   -6,  -12,  -12,  -24,  -30,  -12,  -12,  -12,
      -6,  -12,  -30,  -18,  -42,  -60,  -12,  -18,  -18,   -6,    6,   12,   -6,  -30,  -12,  -12,
      -6,  -12,   -6,   -6,  -18,  -18,   -6,    3,   -6,  -12,  -18,  -12,    6,   24,  -66,  -12,
     -66,  -12,   12,  -48,  -24,  -30,   -6,  -36,  -84,  -48,  -36,  -24,  -30,  -18,  -48,  -24,
      -6,   -6,  -12,  -72,   -6,  -12,  -24,   -6,   18,  -24,  -66,  -48,  -42,   -6,  -12,  -36,
     -18,   -6,  -48,    9,   -6,  -30,  -72,  -18,  -12,  -18,  -12,   -6,  -36,  -42,  -24,   -6,
     -12,  -12,  -12,  -36,  -24,  -54,   -6,  -12,   -6,  -15,   -6,  -18,  -18,   -6,  -12,   -6,
     -12,   -6,  -24,   -6,  -12,   -6,   -9,  -15,  -12,   -6,  -12,  -12,   -6,  -12,   -6,  -21,
      -6,  -30,   -6,   -9,   -9,   -6,   -6,  -30,  -12,   -6,  -12,   -6,  -12,  -12,  -12,  -18,
     -12,    6,   18,   -6,   12,  -12,   -9,   -6,   -9,   -6,   -6,   -6,   -6,   -6,   -6,    6,
      12,  -12,  -12,  -12,  -12,  -12,  -12,   -9,   -9,  -45,  -12,  -21,  -12,  -12,   -6,   -6,
     -24,   -6,  -12,  -12,  -12,  -12,  -72,  -72,  -12,  -24,   -6,  -30,  -12,  -30,  -42,  -24,
      -9,  -24,  -15,   -6,  -30,   18,   -6,   -6,  -72,  -12,   -6,  -18,  -18,  -18,  -24,   -6,
      -6,  -24,  -12,  -12,  -18,  -54,  -18,  -30,  -24,  -12,  -24,  -18,  -18,  -24,  -12,   -3,
     -12,  -18,  -18,  -12,  -12,  -12,   -6,  -24,  -12,   -9,   -6,   -9,   -3,   -6,   -6,   -9,
     -24,   -3,   12,  -12,  -18,   15,  -12,   30,  -24,   27,   30,   36,   24,  -30,   30,    6,
      18,    9,   -6,   -9,    3,  -12,  -12,  -12,  -24,  -60,  -12,   -6,   -9,  -21,   -6,   -6,
     -12,   -9,  -21,   -9,   -3,   -6,   -6,  -12,   -6,   -6,   -6,  -18,  -36,  -30,   -9,   -9,
      -6,   -9,   -9,   -9,   -9,  -12,   -6,   12,  -12,  -12,   -6,  -24,  -12,  -18,   -6,   -6,
     -12,  -12,  -12,  -12,  -12,  -30,  -12,   -6,   -6,   -9,  -18,   -9,   -9,  -12,   -6,  -24,
     -12,   -6,   -6,   -6,  -24,   -9,    3,   -6,   -6,   -6,   12,   -3,  -12,  -18,   -9,   -6,
       6,  -30,   12,   -6,   -6,  -30,  -12,   -3,   -6,  -12,  -12,  -12,  -12,  -24,  -42,  -12,
      -6,   -9,  -21,   -6,   -6,  -12,   -9,  -21,   -9,   -3,   -6,   -6,  -12,   18,   24,  -24,
      30,  -18,   30,   33,   36,   27,  -36,   30,   15,    3,   21,   -6,    9,  -12,    9,  -18,
      -6,  -24,   -9,    3,   -6,   -6,   -6,   -3,  -12,   -6,  -12,  -12,  -12,   -6,   -9,  -18,
     -12,  -12,   -6,  -12,   -6,  -18,   -6,  -12,   -6,  -42,  -21,   -6,  -12,   24,  -12,   48,
       9,   24,  -12,   36,   33,   -9,   36,   36,   42,   -6,   36,  -30,   39,   15,    6,   24,
      15,   -6,   -9,   12,   12,   18,  -12,  -42,  -36,  -42,    6,  -42,   -6,  -66,   -6,  -21,
     -27,  -30,   -6,   -6,   -6,  -36,  -12,  -60,  -33,  -18,   -6,  -12,  -12,  -12,  -12,  -36,
     -30,   -9,  -12,   15,  -15,   30,  -18,   27,   30,   36,   24,  -31,   30,    6,   18,    9,
      -6,   -9,    3,    6,  -12,  -30,  -12,  -24,  -12,  -18,  -18,  -36,  -42,  -42,  -54,  -54,
     -54,  -42,  -42,  -12,  -36,  -36,  -36,  -12,  -12,  -42,   18,  -42,  -42,  -36,  -24,  -36,
     -24,  -42,  -12,  -30,  -24,  -12,  -12,  -12,  -12,  -12,  -42,    6,   12,  -84,  -18,  -42,
     -36,   12,  -18,   42,   24,   18,   24,   24,   18,  -24,  -84,  -54,   -6,   -6,   -6,  -30,
     -84,  -24,   12,  -42,  -36,   -6,   -6,   24,   24,  -12,   24,   30,   36,   30,   30,   24,
      24,   12,  -84,   42,   48,  -18,   -9,   -9,
};

static const EpdLigaturePair notoserif_18_bolditalicLigaturePairs[] = {
    { 0x00660066, 0xFB00 }, // f f -> U+FB00
    { 0x00660069, 0xFB01 }, // f i -> U+FB01
    { 0x0066006C, 0xFB02 }, // f l -> U+FB02
    { 0xFB000069, 0xFB03 }, // U+FB00 i -> U+FB03
    { 0xFB00006C, 0xFB04 }, // U+FB00 l -> U+FB04
};

static const EpdFontData notoserif_18_bolditalic = {
    notoserif_18_bolditalicBitmaps,
    notoserif_18_bolditalicGlyphs,
    notoserif_18_bolditalicIntervals,
    18,
    51,
    41,
    -11,
    true,
    notoserif_18_bolditalicGroups,
    13,
    nullptr,
    nullptr,  // kernLeftClasses: built-in fonts use the split arrays below
    nullptr,  // kernRightClasses
    notoserif_18_bolditalicKernLeftCodepoints,
    notoserif_18_bolditalicKernLeftClassIds,
    notoserif_18_bolditalicKernRightCodepoints,
    notoserif_18_bolditalicKernRightClassIds,
    nullptr,  // kernMatrix: built-in fonts use the sparse form below
    notoserif_18_bolditalicKernRowOffsets,
    notoserif_18_bolditalicKernSparseCols,
    notoserif_18_bolditalicKernSparseValues,
    551,
    557,
    103,
    90,
    notoserif_18_bolditalicLigaturePairs,
    5,
};
