/**
 * generated by fontconvert.py
 * name: notoserif_16_regular
 * size: 16
 * mode: 2-bit  compressed: true
 * Command used: fontconvert.py notoserif_16_regular 16 ../builtinFonts/source/NotoSerif/NotoSerif-Regular.ttf --2bit --compress --pnum --zopfli
 */
#pragma once
#include "EpdFontData.h"

static const uint8_t notoserif_16_regularBitmaps[35596] = {
    0xAD, 0x98, 0x01, 0xE4, 0x25, 0x49, 0x7A, 0xC0, 0x7F, 0xDD, 0xE5, 0xA6, 0x49, 0x27, 0x5B, 0x87,
    0xC3, 0x31, 0xB9, 0x7F, 0x1F, 0x0E, 0x27, 0xB9, 0x99, 0x86, 0xC3, 0xE2, 0x65, 0xAA, 0xDD, 0x21,
    0x40, 0x36, 0x08, 0x08, 0x24, 0x00, 0x39, 0x98, 0xE0, 0xF0, 0x97, 0xCC, 0x4E, 0xB7, 0x04, 0x07,
    0xD8, 0x43, 0x02, 0x04, 0x87, 0xC3, 0xED, 0x7F, 0xF0, 0x3F, 0x4C, 0x58, 0xDC, 0xBC, 0xAE, 0xCB,
    0xE1, 0x70, 0xD8, 0x4E, 0x0E, 0x87, 0x60, 0x5B, 0xB2, 0x48, 0x46, 0xD8, 0x4A, 0xB6, 0x65, 0x7B,
    0x77, 0xBA, 0xFB, 0x4B, 0x7D, 0xF5, 0xDA, 0x33, 0x3B, 0xB7, 0x33, 0xBB, 0x93, 0xDB, 0x7E, 0xF5,
    0xFD, 0xAA, 0xBB, 0xDF, 0xD7, 0x5F, 0x7D, 0x55, 0xDF, 0xAB, 0xAF, 0xAA, 0x9F, 0x7B, 0xF6, 0x00,
    0x5E, 0x17, 0x79, 0xDD, 0x7D, 0x7B, 0x76, 0xDF, 0x9A, 0x5D, 0x3E, 0xD5, 0x59, 0x2C, 0xA1, 0x22,
    0x5C, 0x10, 0x5E, 0x21, 0x60, 0x39, 0x10, 0x71, 0x4F, 0x71, 0x09, 0x17, 0x3C, 0x84, 0xDB, 0x04,
    0xB8, 0xA5, 0x38, 0x44, 0x38, 0x11, 0xF1, 0x09, 0x5C, 0xE6, 0x03, 0x3C, 0x34, 0x1E, 0x42, 0x42,
    0xD1, 0x91, 0x85, 0x32, 0x62, 0x2C, 0x1B, 0x1E, 0x7C, 0x74, 0xFD, 0x18, 0x89, 0x07, 0xC6, 0x5F,
    0x40, 0xE1, 0x6F, 0x45, 0x74, 0x11, 0x65, 0x93, 0x9A, 0x48, 0xB8, 0x3C, 0x41, 0x79, 0x92, 0xEA,
    0x8F, 0xC9, 0x45, 0xB0, 0xEF, 0xD4, 0xBE, 0x7E, 0xA3, 0x1C, 0xDC, 0x6B, 0x66, 0x74, 0xD6, 0x78,
    0xF7, 0x5A, 0x86, 0x7B, 0x03, 0xAA, 0xF7, 0xA0, 0x14, 0xC8, 0x65, 0x04, 0xB7, 0x82, 0x95, 0x0E,
    0x5B, 0x0F, 0xD8, 0x32, 0xBC, 0x6A, 0x4D, 0x58, 0x76, 0xD9, 0x6C, 0x11, 0xDA, 0xD7, 0xAA, 0xA1,
    0x16, 0x69, 0x6E, 0xC8, 0xBB, 0x60, 0x39, 0x0B, 0x37, 0x20, 0xDF, 0xC0, 0xAA, 0xB9, 0x81, 0xDB,
    0xE0, 0x4C, 0xE0, 0x00, 0xF7, 0xF3, 0x49, 0x7D, 0x79, 0x94, 0xCD, 0x04, 0x58, 0xB3, 0x25, 0x1B,
    0x53, 0xA5, 0x7D, 0x5B, 0x58, 0x8A, 0x2E, 0x5D, 0x59, 0x52, 0x75, 0x91, 0xBD, 0xA9, 0x9A, 0x87,
    0x4A, 0x7C, 0x6B, 0xA6, 0x4B, 0xF7, 0x87, 0x63, 0x2C, 0xE1, 0x98, 0x4F, 0x56, 0x7E, 0x3A, 0xAE,
    0xD9, 0x9C, 0xBD, 0x69, 0xFC, 0x92, 0x2D, 0xDA, 0xE7, 0x54, 0x59, 0x35, 0x01, 0x17, 0xA4, 0xAB,
    0xC3, 0xA9, 0xBA, 0x8C, 0xD5, 0x0C, 0x81, 0x47, 0xF9, 0x44, 0x36, 0x26, 0x47, 0x8C, 0x8F, 0x6E,
    0x79, 0x8A, 0x8E, 0x1B, 0x1B, 0xDC, 0x94, 0x06, 0x10, 0x09, 0x90, 0x2F, 0x66, 0x06, 0x33, 0xB1,
    0x44, 0x86, 0xA7, 0x38, 0xA9, 0xA9, 0x7C, 0x36, 0x13, 0xB0, 0xDA, 0x11, 0x68, 0xFB, 0x06, 0x70,
    0x13, 0x12, 0x32, 0x09, 0xC8, 0x68, 0x3F, 0xD0, 0xD6, 0x9D, 0x17, 0x26, 0xDA, 0x58, 0x07, 0x36,
    0x6C, 0x18, 0x59, 0x31, 0xEB, 0xC0, 0x02, 0xE2, 0x59, 0xC1, 0x79, 0x8E, 0x60, 0x47, 0x5A, 0xA8,
    0x67, 0xEA, 0x21, 0x9B, 0x37, 0x4A, 0xE9, 0x87, 0x76, 0xA6, 0xFF, 0x90, 0x7A, 0x71, 0x4D, 0xFC,
    0x50, 0x53, 0x53, 0x71, 0xC1, 0x2B, 0x00, 0xE4, 0x0D, 0x75, 0xC3, 0xA2, 0xDE, 0x94, 0x03, 0xB6,
    0xD3, 0x2B, 0x07, 0x2D, 0x6A, 0xEB, 0x11, 0xAC, 0xEC, 0x65, 0x39, 0x9F, 0xA7, 0xFB, 0x47, 0xB8,
    0x0F, 0x0E, 0xD5, 0xAF, 0x3A, 0x4A, 0xAF, 0x16, 0x58, 0xA0, 0x46, 0x7B, 0x0F, 0xC0, 0xB0, 0xDF,
    0xD8, 0xBF, 0xCD, 0xA6, 0x74, 0xFD, 0x28, 0x3D, 0xD9, 0x82, 0x7B, 0x7E, 0x69, 0x55, 0x47, 0x35,
    0x17, 0xB2, 0x79, 0xF7, 0xAD, 0x6A, 0xF8, 0x09, 0x8C, 0x00, 0xA8, 0xA3, 0xD8, 0x86, 0xAF, 0xD9,
    0xA6, 0xBB, 0x53, 0x16, 0x63, 0xFB, 0xAB, 0x3A, 0x14, 0xB2, 0x35, 0xD4, 0x03, 0x5A, 0xB7, 0xFF,
    0x5A, 0x07, 0xBD, 0xAF, 0xDF, 0xAB, 0xDE, 0x49, 0x9F, 0x4F, 0x14, 0x11, 0x09, 0x57, 0xD7, 0x57,
    0x3F, 0x78, 0xDE, 0xF7, 0x55, 0xE7, 0x46, 0x17, 0x6C, 0xC8, 0x43, 0x3E, 0x18, 0x5F, 0xF1, 0x16,
    0x00, 0x88, 0xF8, 0x58, 0x74, 0x3A, 0x92, 0x0D, 0xE4, 0x1E, 0x93, 0xC2, 0x5E, 0x36, 0x58, 0xB4,
    0x5C, 0xC0, 0x2D, 0x38, 0xA4, 0x72, 0x09, 0x0F, 0x21, 0x68, 0xC9, 0x46, 0xF2, 0x41, 0x75, 0x4D,
    0x47, 0xF1, 0x42, 0x5D, 0x6E, 0xAE, 0x40, 0x2F, 0x1E, 0x33, 0x17, 0x81, 0x22, 0x64, 0x33, 0x56,
    0xC3, 0x5D, 0x69, 0x9C, 0xEB, 0x8E, 0x16, 0x97, 0xD0, 0xE0, 0x12, 0x9A, 0x17, 0xE2, 0xA4, 0x5C,
    0x2B, 0x92, 0x81, 0x64, 0x2A, 0x19, 0xCD, 0xD5, 0xBC, 0x36, 0xB4, 0x37, 0xA9, 0x71, 0x2A, 0xA3,
    0xB4, 0x13, 0x37, 0x3E, 0x98, 0x70, 0xBF, 0x8C, 0xF2, 0xED, 0x09, 0xCC, 0x6F, 0x20, 0xC5, 0xCC,
    0x17, 0xEE, 0x6E, 0x7F, 0x62, 0x45, 0xE6, 0x4C, 0xDE, 0xA5, 0x92, 0x0D, 0xD7, 0x39, 0xDF, 0x63,
    0x87, 0x47, 0xD8, 0xF1, 0x75, 0xCA, 0xF1, 0xCB, 0x51, 0x50, 0xB7, 0xB0, 0x1E, 0x8D, 0x36, 0x0E,
    0x34, 0xE4, 0x99, 0xDA, 0xD0, 0xDB, 0x1D, 0xDC, 0x06, 0x0D, 0x40, 0x1E, 0xA0, 0xF0, 0x7C, 0xB3,
    0x82, 0xEF, 0x1E, 0x60, 0x12, 0x91, 0xB3, 0x9C, 0xEC, 0x4B, 0xE3, 0xBA, 0xDA, 0xB7, 0xD8, 0xF1,
    0x48, 0x19, 0x5E, 0xA7, 0x08, 0x5F, 0x8E, 0xC2, 0xA9, 0x0D, 0x0F, 0xAE, 0x21, 0x5B, 0x40, 0x46,
    0xE8, 0xA5, 0x81, 0x76, 0x80, 0x32, 0x80, 0x99, 0x21, 0x5F, 0x54, 0xBE, 0x1A, 0xCF, 0x27, 0xCC,
    0x34, 0x53, 0x86, 0x23, 0xF5, 0xE0, 0x44, 0x48, 0xD9, 0x88, 0x62, 0x04, 0x6C, 0x00, 0x6A, 0xC5,
    0x5F, 0x2B, 0xDE, 0x8F, 0xC8, 0x7F, 0xA5, 0x6E, 0x7D, 0x2F, 0xC2, 0x6A, 0x53, 0xB7, 0x15, 0x07,
    0xC5, 0x14, 0x91, 0x8D, 0x11, 0xC6, 0x47, 0x94, 0x4D, 0xC4, 0x05, 0x11, 0x07, 0x45, 0x2F, 0x22,
    0x21, 0x01, 0xBD, 0x7C, 0x1A, 0xEA, 0x50, 0x76, 0x77, 0x6B, 0x30, 0x22, 0xDE, 0x9E, 0x64, 0x50,
    0x79, 0x85, 0x7C, 0xF8, 0x0A, 0xA8, 0x34, 0x51, 0xF8, 0xC6, 0x53, 0x72, 0x27, 0xFA, 0xA8, 0xBE,
    0x7E, 0x89, 0xD6, 0x83, 0x4D, 0x56, 0x9F, 0x0D, 0xC8, 0x77, 0x29, 0xC2, 0x9C, 0xC6, 0xA6, 0xF5,
    0x4E, 0x36, 0x6E, 0xC8, 0x08, 0x37, 0x37, 0x90, 0xEB, 0xC1, 0x4C, 0x26, 0xD8, 0x21, 0x9F, 0xAA,
    0x2E, 0x0B, 0x6E, 0x8F, 0x42, 0x0B, 0x1C, 0x81, 0xED, 0xE6, 0x7F, 0xB0, 0xF5, 0xD2, 0xC9, 0x50,
    0x8D, 0x42, 0x11, 0x56, 0xCC, 0xBC, 0x92, 0x2F, 0x1B, 0xD9, 0x72, 0x8C, 0xD2, 0x46, 0x71, 0xE4,
    0x73, 0xDD, 0x98, 0xC9, 0x7A, 0x13, 0x4A, 0xB5, 0x24, 0xD2, 0x50, 0xCF, 0xEA, 0x93, 0xEC, 0xB2,
    0x1D, 0xE0, 0xDE, 0xAB, 0xB0, 0x7C, 0x13, 0xA6, 0x2F, 0xA6, 0x68, 0x9A, 0x11, 0x0A, 0x8D, 0x81,
    0x4F, 0x81, 0x3E, 0xC7, 0xFF, 0xCE, 0xE9, 0x37, 0xC0, 0x02, 0xD9, 0xCC, 0x49, 0x35, 0x9C, 0x54,
    0xAD, 0x3F, 0x49, 0xBD, 0xAB, 0x02, 0xD4, 0x1B, 0x64, 0xDB, 0xB5, 0xA7, 0x08, 0x26, 0x60, 0x7D,
    0x36, 0x53, 0x79, 0x16, 0xAA, 0xEE, 0x0C, 0xBD, 0xB4, 0x21, 0x9F, 0x28, 0x96, 0x62, 0x20, 0x93,
    0x6B, 0xA0, 0x5D, 0x00, 0x27, 0x1D, 0xF9, 0xD4, 0x06, 0xEC, 0x50, 0x2E, 0xD4, 0x5D, 0xB6, 0xE2,
    0x1A, 0x7A, 0x1C, 0xB8, 0xA7, 0xD1, 0x70, 0xFF, 0x64, 0xA5, 0x4C, 0x71, 0x15, 0xE9, 0xE0, 0xC6,
    0xDF, 0x01, 0x77, 0x27, 0xB4, 0xB3, 0x65, 0xA8, 0x86, 0xCA, 0x17, 0xC1, 0x75, 0x66, 0x72, 0x69,
    0x50, 0x50, 0x59, 0x55, 0x54, 0x5C, 0xC3, 0xE6, 0x7C, 0xBE, 0xD9, 0xF1, 0xE6, 0x5A, 0xC8, 0xBA,
    0xD2, 0x8F, 0xEB, 0xDE, 0xC3, 0xB4, 0x14, 0xEC, 0x3D, 0x1C, 0x7F, 0x1B, 0xEB, 0xAB, 0xC6, 0x35,
    0x56, 0x56, 0x72, 0x19, 0x48, 0xB9, 0xE6, 0x7C, 0xE8, 0x55, 0x31, 0xD8, 0x60, 0x43, 0x31, 0xF0,
    0xEC, 0xB1, 0x27, 0xAD, 0x32, 0x64, 0x81, 0xA7, 0x93, 0xD6, 0x97, 0x4E, 0xA3, 0x58, 0xA9, 0xDB,
    0x0D, 0x76, 0x82, 0xBE, 0xA1, 0xD4, 0xAA, 0x83, 0x0D, 0xA8, 0x47, 0xC8, 0x57, 0x3D, 0x19, 0xF6,
    0x13, 0x37, 0x40, 0x31, 0x01, 0x97, 0xB0, 0x27, 0xCB, 0xAB, 0x98, 0x2C, 0x9F, 0x39, 0xF4, 0x9E,
    0x7E, 0xD7, 0x01, 0x33, 0x27, 0x7B, 0xE5, 0xF9, 0x64, 0x42, 0x1B, 0x4A, 0xED, 0x26, 0x5B, 0xED,
    0x90, 0x6C, 0xD7, 0x7B, 0x35, 0xC2, 0xC6, 0x39, 0xB5, 0x73, 0x43, 0xBE, 0x8F, 0x7B, 0xB2, 0xD0,
    0x37, 0x8E, 0x8D, 0xAA, 0x5B, 0xB1, 0xFE, 0xD6, 0x39, 0xDA, 0x95, 0x46, 0xFC, 0x34, 0x81, 0xD9,
    0xC0, 0xCC, 0xC9, 0x0E, 0x77, 0x80, 0xC3, 0x53, 0xF2, 0x75, 0x9E, 0x1A, 0x2A, 0x40, 0x54, 0xF6,
    0x73, 0xB2, 0x7E, 0x03, 0x68, 0x37, 0x09, 0x60, 0x36, 0xB2, 0x47, 0x50, 0x8D, 0x51, 0x3A, 0xDA,
    0x06, 0xCC, 0x90, 0xAD, 0x40, 0x16, 0xCC, 0x44, 0xFF, 0xCF, 0xCD, 0x54, 0x8E, 0xC5, 0x26, 0xCD,
    0xA5, 0xF5, 0xB5, 0x77, 0x1C, 0xEA, 0xAE, 0x25, 0x56, 0x8E, 0x55, 0xAB, 0x36, 0x5B, 0xB8, 0xC3,
    0xE1, 0x68, 0x66, 0x5E, 0xE7, 0xB0, 0x9A, 0x89, 0x9F, 0x70, 0xB9, 0xA6, 0xB5, 0x7D, 0xAF, 0xC2,
    0x62, 0x34, 0xCB, 0x86, 0x78, 0x95, 0xCF, 0x66, 0x58, 0xF3, 0xA5, 0xBC, 0x57, 0x76, 0x2B, 0xB2,
    0xD6, 0x1B, 0x47, 0xAA, 0xB1, 0x98, 0x70, 0x00, 0xE0, 0x3A, 0x65, 0xEA, 0xE2, 0x3E, 0xFB, 0xF9,
    0xF3, 0x34, 0x44, 0xC5, 0x08, 0xFD, 0xBB, 0x69, 0x0C, 0x4B, 0x91, 0x09, 0xE0, 0x4F, 0xDF, 0x54,
    0x62, 0x7D, 0xE2, 0xA0, 0xAC, 0x83, 0xD2, 0x25, 0xFE, 0xD5, 0xA4, 0xFC, 0xC7, 0x45, 0x19, 0x94,
    0xD9, 0xB8, 0xA1, 0x5D, 0x6B, 0x95, 0xDE, 0xA9, 0xA5, 0x4E, 0xDB, 0xB3, 0x8D, 0x36, 0x67, 0x93,
    0x89, 0xDB, 0x94, 0x23, 0xB8, 0xAB, 0xEB, 0x00, 0x6D, 0x6A, 0xE7, 0x21, 0xF9, 0x02, 0x81, 0x6C,
    0x21, 0x4B, 0x61, 0x32, 0x03, 0xF4, 0x18, 0x0F, 0x6D, 0x53, 0x0E, 0x91, 0x5D, 0xBF, 0x51, 0xCA,
    0x2C, 0x82, 0x95, 0x45, 0x24, 0xC6, 0xEE, 0xEE, 0x47, 0xD7, 0x0B, 0x26, 0xD0, 0x2A, 0xEA, 0x2E,
    0xCD, 0xC3, 0x5F, 0x47, 0xA5, 0x70, 0x8D, 0x09, 0xD9, 0x8A, 0x11, 0x09, 0x98, 0xED, 0x7A, 0x3D,
    0x3F, 0x51, 0x0E, 0x11, 0x69, 0x0E, 0x9B, 0x4F, 0x40, 0xA9, 0xB9, 0xB4, 0xF6, 0x77, 0xB7, 0x6B,
    0x41, 0x44, 0x73, 0xF2, 0x0D, 0x99, 0xA1, 0x7D, 0x22, 0x4D, 0xB6, 0xE0, 0x7C, 0x31, 0x62, 0x07,
    0xEB, 0x29, 0x87, 0xBA, 0xA1, 0x6C, 0x1C, 0xC0, 0x7D, 0xC5, 0x51, 0xB1, 0x7E, 0x1C, 0xCB, 0xC7,
    0x2F, 0x8F, 0x67, 0x65, 0xA7, 0xA8, 0x9B, 0x7D, 0x90, 0x9B, 0x72, 0x24, 0x1B, 0xF2, 0x95, 0xD2,
    0xA7, 0x86, 0xD2, 0x5A, 0x90, 0x1A, 0x8F, 0x1D, 0x7E, 0x20, 0x4D, 0x72, 0x7D, 0x54, 0x9A, 0x49,
    0xC9, 0x92, 0x78, 0x4C, 0x74, 0x27, 0x36, 0xCA, 0xD4, 0x3F, 0xED, 0xFE, 0x99, 0x76, 0xE7, 0x33,
    0xF7, 0x77, 0x4D, 0xD7, 0x24, 0x9E, 0xAD, 0x91, 0x2D, 0xCA, 0x62, 0xA2, 0x48, 0x2D, 0xEA, 0x28,
    0x34, 0xBB, 0x27, 0x2E, 0x56, 0xE3, 0xCD, 0xED, 0xEA, 0x7A, 0x54, 0xA5, 0x91, 0x85, 0x4C, 0xC1,
    0x19, 0xF0, 0x89, 0x10, 0xD9, 0x40, 0xAE, 0xDE, 0x4C, 0x97, 0xCF, 0xC5, 0xD7, 0x15, 0x07, 0xC5,
    0x3D, 0xC5, 0x12, 0x1B, 0x7A, 0xB0, 0x68, 0x93, 0x4B, 0x14, 0xF1, 0x77, 0x3F, 0xBA, 0xEA, 0xCF,
    0xE1, 0x35, 0x67, 0xE4, 0x0A, 0xF8, 0x44, 0x6C, 0x57, 0x3F, 0xD4, 0xE0, 0xCF, 0xE9, 0xF2, 0xD3,
    0x30, 0x01, 0xC5, 0x0C, 0xF4, 0xF2, 0x03, 0x10, 0x09, 0xE7, 0x99, 0x5C, 0x6F, 0x32, 0xC2, 0x46,
    0x99, 0x0C, 0xE5, 0x4B, 0x0A, 0xD8, 0x92, 0x62, 0x37, 0xE2, 0x00, 0x68, 0x39, 0x07, 0x97, 0xF5,
    0xF9, 0x6C, 0xC5, 0x47, 0x3A, 0xF1, 0x47, 0xC8, 0x57, 0x5A, 0xD0, 0x1F, 0x14, 0xC9, 0x5A, 0x07,
    0xBB, 0x65, 0x8A, 0xA0, 0xCC, 0x74, 0xD9, 0xD3, 0xD6, 0xFB, 0x25, 0x79, 0xD2, 0xA8, 0x53, 0x56,
    0xA4, 0x97, 0xB1, 0x94, 0xAD, 0x48, 0x99, 0xC9, 0x4C, 0xE7, 0x28, 0x7F, 0x36, 0xA6, 0xA1, 0x8C,
    0x03, 0x73, 0xD5, 0xBF, 0xCC, 0x53, 0xA9, 0x95, 0x53, 0x8B, 0xA7, 0xD6, 0x4F, 0x9E, 0x44, 0xC6,
    0xCB, 0x62, 0xDE, 0x7F, 0x93, 0x2F, 0x57, 0x26, 0x1D, 0xED, 0xF8, 0xF8, 0xC9, 0x54, 0xB4, 0x49,
    0xDB, 0x9D, 0x76, 0x9B, 0x9F, 0x43, 0x69, 0x61, 0xD5, 0x48, 0xB5, 0x81, 0xE3, 0x3E, 0x6E, 0x3E,
    0x79, 0xAE, 0xBD, 0xC8, 0x96, 0xB3, 0xC3, 0x14, 0x5E, 0x59, 0xA1, 0xBC, 0xA7, 0xCC, 0x26, 0x65,
    0x31, 0x28, 0x6D, 0xA7, 0x74, 0x8D, 0x52, 0x7C, 0xE4, 0x07, 0x32, 0x46, 0xCA, 0x1B, 0xAA, 0xB3,
    0x9A, 0xD3, 0xFB, 0x95, 0xA4, 0x67, 0xA5, 0x53, 0xBA, 0x41, 0x59, 0x05, 0xA5, 0x3D, 0x0D, 0xCB,
    0x8A, 0xB6, 0x28, 0x5D, 0x6C, 0x9D, 0x7E, 0x12, 0x09, 0xDC, 0x4C, 0x44, 0x6F, 0xE8, 0x77, 0x6A,
    0x44, 0x11, 0x3E, 0x07, 0xFC, 0x58, 0x11, 0x3E, 0x06, 0x13, 0xE2, 0xC4, 0xB9, 0x0E, 0x29, 0x58,
    0xB2, 0x01, 0x4E, 0x47, 0x02, 0x68, 0xA5, 0x2B, 0xA4, 0x81, 0x7E, 0xC4, 0x88, 0x07, 0x19, 0x30,
    0xEF, 0x78, 0xB2, 0x28, 0xE6, 0xED, 0x91, 0xFC, 0xED, 0x58, 0xFF, 0x22, 0x60, 0xDE, 0x88, 0xF5,
    0xCF, 0x26, 0x8A, 0xD7, 0xB4, 0x9E, 0xB1, 0x36, 0xD6, 0x3F, 0x5D, 0x78, 0x45, 0x6B, 0xBF, 0xF2,
    0x95, 0x54, 0x6F, 0x1C, 0x52, 0xDD, 0xF2, 0x6A, 0xAA, 0x5D, 0xF3, 0x30, 0xD5, 0xB5, 0x0F, 0xA9,
    0xAE, 0x7E, 0x3A, 0xA6, 0xDA, 0xFE, 0xDB, 0x90, 0xEA, 0xF2, 0x7D, 0x9F, 0x6A, 0xF3, 0xA4, 0x3B,
    0xD5, 0xD2, 0xA4, 0x3A, 0x13, 0xEC, 0x40, 0x31, 0xB0, 0x51, 0x8D, 0xF4, 0x2B, 0x8F, 0x10, 0xE9,
    0x64, 0xE3, 0x1E, 0x22, 0x5E, 0x02, 0x46, 0x96, 0x7E, 0x21, 0x97, 0xB9, 0xD8, 0xA0, 0x6A, 0x8C,
    0x80, 0x55, 0xFF, 0x95, 0xEF, 0x8D, 0xCA, 0xB7, 0x83, 0xF2, 0x67, 0x8B, 0xF2, 0x9F, 0x56, 0xA5,
    0x97, 0x44, 0xE7, 0x95, 0xF5, 0xA0, 0xB4, 0x41, 0x59, 0x2C, 0xCA, 0x7C, 0x55, 0x22, 0x89, 0xED,
    0xDB, 0xCA, 0xFA, 0x1D, 0xA5, 0x15, 0x65, 0x91, 0x98, 0x8B, 0x7A, 0x85, 0xD0, 0x6F, 0xD0, 0x22,
    0x02, 0x35, 0xFB, 0x86, 0x3D, 0xE5, 0x6B, 0x4D, 0xDD, 0xA3, 0x96, 0x7C, 0xA2, 0xF2, 0xB0, 0xE0,
    0x1A, 0xB8, 0x8F, 0x03, 0x5C, 0xAC, 0xA1, 0x6E, 0x1E, 0x81, 0x6E, 0x38, 0x94, 0xFE, 0xC4, 0x65,
    0x3F, 0x7F, 0x96, 0x47, 0x65, 0x77, 0x7A, 0xEA, 0x64, 0xA1, 0x56, 0x6B, 0x7B, 0x7E, 0x48, 0xAD,
    0x68, 0x8B, 0x76, 0x3C, 0xB5, 0xBE, 0x7B, 0x22, 0x22, 0x1D, 0xFD, 0xD6, 0xCF, 0x14, 0x01, 0x61,
    0x5F, 0x01, 0x4F, 0x09, 0xC2, 0x3E, 0x0F, 0x55, 0xA7, 0x7A, 0x9C, 0x56, 0xCA, 0xAD, 0x9F, 0x30,
    0xB2, 0x35, 0x2F, 0x95, 0x27, 0x9F, 0x1D, 0x07, 0x8D, 0xA0, 0x7A, 0x78, 0xCE, 0x93, 0xCF, 0x8E,
    0xC3, 0x51, 0xB9, 0x8F, 0xC3, 0xB3, 0xA3, 0x61, 0x3F, 0x76, 0xE7, 0x34, 0x62, 0x27, 0xFD, 0x16,
    0x70, 0xB8, 0xC4, 0xAA, 0x83, 0x47, 0xD8, 0x61, 0x9F, 0xCB, 0x45, 0x00, 0xF9, 0xFB, 0xDE, 0x43,
    0x2D, 0x2B, 0x40, 0xEB, 0x95, 0x75, 0x62, 0x35, 0x28, 0xED, 0x78, 0xDE, 0xF4, 0x60, 0x56, 0x25,
    0xC9, 0x69, 0x6E, 0xCE, 0xA4, 0x7D, 0x85, 0x0E, 0xDC, 0x82, 0x9A, 0xEA, 0x39, 0x6D, 0x14, 0x94,
    0x95, 0x57, 0xDA, 0xE7, 0xB0, 0xEA, 0x94, 0x8E, 0xC8, 0x6C, 0x89, 0x14, 0x19, 0xD1, 0x41, 0xF4,
    0x7A, 0xC7, 0x06, 0x65, 0x31, 0x29, 0xCD, 0xA2, 0xCC, 0x36, 0x25, 0x7D, 0xA3, 0x74, 0x5E, 0x3D,
    0xAF, 0x47, 0x1D, 0x4C, 0x9B, 0x32, 0xA1, 0x91, 0x46, 0x24, 0xD0, 0x77, 0xDC, 0x5D, 0x4F, 0xEF,
    0x64, 0x63, 0x19, 0x2A, 0xDD, 0xE6, 0x37, 0x79, 0x70, 0x64, 0xDF, 0x77, 0x0D, 0xB8, 0x0E, 0xEA,
    0x01, 0x7D, 0x84, 0x42, 0x3A, 0x90, 0x19, 0x2A, 0xE9, 0xC8, 0xB4, 0xED, 0x4A, 0x5B, 0x4B, 0x5B,
    0xFD, 0xDF, 0x85, 0xE5, 0xF5, 0x28, 0xF7, 0xA3, 0xB4, 0xE4, 0xB3, 0xF3, 0x65, 0xB0, 0x9B, 0x74,
    0x59, 0xAF, 0x6D, 0x89, 0x6C, 0xFD, 0x63, 0x79, 0xB0, 0x3D, 0xC2, 0x71, 0xE7, 0xAD, 0x88, 0xDB,
    0x0F, 0x23, 0x2E, 0xBE, 0x1B, 0xF1, 0x3B, 0x44, 0xF0, 0x39, 0xA0, 0x55, 0xF4, 0x0D, 0xD4, 0xEA,
    0xA2, 0x93, 0x05, 0x91, 0xA0, 0xF3, 0x57, 0x46, 0x9D, 0xBF, 0x73, 0x9A, 0xBF, 0x13, 0x58, 0x4C,
    0xF8, 0x5C, 0x39, 0x71, 0x66, 0x3E, 0xC3, 0x6D, 0x58, 0xE1, 0x00, 0x7D, 0x97, 0x4D, 0x50, 0x6D,
    0xFD, 0x00, 0x59, 0xFF, 0x21, 0xE8, 0x10, 0xEB, 0x12, 0xD6, 0x95, 0x32, 0x96, 0x33, 0xDC, 0xA7,
    0x98, 0x54, 0xD3, 0xCC, 0x70, 0x8F, 0x7C, 0x81, 0x87, 0x10, 0x19, 0x60, 0x23, 0x8B, 0xEC, 0xC9,
    0x07, 0x70, 0x18, 0x1F, 0xD9, 0x15, 0x91, 0xB5, 0x2F, 0x1B, 0xB0, 0xDE, 0x12, 0x39, 0x5C, 0x00,
    0x45, 0xB8, 0x05, 0x98, 0x70, 0x50, 0x4E, 0x97, 0x68, 0x30, 0x1E, 0x02, 0x2C, 0x41, 0xB9, 0x8E,
    0xCA, 0x76, 0x50, 0x3A, 0xAF, 0xAC, 0x3B, 0x65, 0xD5, 0x24, 0x7F, 0x58, 0x38, 0xB9, 0xC4, 0xC2,
    0xC9, 0xAB, 0x6C, 0x55, 0xC7, 0xCC, 0x44, 0xBE, 0xED, 0xBE, 0x19, 0xD9, 0xDD, 0x33, 0xD2, 0xF0,
    0x16, 0xD9, 0x42, 0xD1, 0x77, 0x4C, 0xB0, 0x52, 0xFE, 0x99, 0x4F, 0xDE, 0x6A, 0x9A, 0xCE, 0x46,
    0x68, 0xA9, 0xEC, 0x90, 0x7C, 0x6E, 0x6E, 0x97, 0xE3, 0xC9, 0xED, 0x43, 0x11, 0x4E, 0x9E, 0x1F,
    0xCC, 0x54, 0x76, 0x50, 0xF9, 0xCB, 0x7C, 0xB6, 0x8D, 0xFA, 0xFF, 0x30, 0x5B, 0x2C, 0x50, 0x8E,
    0x81, 0xE5, 0xD4, 0x97, 0xC0, 0x9A, 0xBA, 0xF3, 0xDF, 0x23, 0xC7, 0xD4, 0xA3, 0xFF, 0x1D, 0x68,
    0xF5, 0x24, 0xFF, 0xC8, 0xE3, 0x52, 0xEF, 0xC4, 0x53, 0x4F, 0x00, 0xD2, 0x50, 0x05, 0x80, 0x1E,
    0x6C, 0x3A, 0x69, 0xD5, 0x28, 0xB8, 0xB4, 0xFE, 0xD6, 0x32, 0x46, 0xE6, 0xA2, 0x0E, 0xD3, 0xA7,
    0xF1, 0x74, 0xDE, 0x0C, 0x50, 0x0D, 0xEA, 0x86, 0x0D, 0x15, 0x60, 0xE6, 0x64, 0x7C, 0x4D, 0x23,
    0x26, 0xE3, 0xAF, 0xCD, 0xE5, 0xA0, 0x74, 0x93, 0xF2, 0x83, 0x05, 0xC8, 0xC7, 0x0D, 0x28, 0x7C,
    0xAF, 0xFE, 0xA7, 0x01, 0xBD, 0x8D, 0x1D, 0xE1, 0x1E, 0x65, 0x80, 0x09, 0x73, 0x5A, 0xEB, 0x37,
    0x5A, 0x69, 0xA2, 0x03, 0x91, 0x4E, 0x82, 0x88, 0x4F, 0xAB, 0x60, 0x57, 0x4B, 0x67, 0x17, 0x58,
    0x54, 0x8D, 0x94, 0x51, 0x19, 0x41, 0xF6, 0x17, 0x90, 0xA2, 0x03, 0xB7, 0x47, 0xF6, 0x16, 0x50,
    0xEE, 0x31, 0x0D, 0x40, 0xF6, 0xE1, 0x08, 0x20, 0x1E, 0x54, 0x55, 0xE9, 0xF8, 0x0C, 0x6C, 0x94,
    0x6D, 0x07, 0x94, 0xB2, 0x01, 0x56, 0x84, 0xFD, 0x6F, 0xF3, 0xC7, 0x57, 0xE2, 0xEF, 0x40, 0xDF,
    0x1C, 0x60, 0xD3, 0x48, 0x2F, 0xBC, 0x4A, 0x31, 0x9F, 0xFF, 0x0C, 0x1A, 0xD8, 0x9F, 0x14, 0x20,
    0xDF, 0x40, 0x35, 0xA0, 0x9C, 0x80, 0x6A, 0x84, 0xD4, 0x7B, 0xFA, 0x5D, 0x03, 0xB3, 0x42, 0x7A,
    0xDC, 0xDB, 0x40, 0xE6, 0xEB, 0x91, 0xDC, 0xB7, 0x1E, 0xE3, 0xE5, 0xF1, 0xD5, 0xB5, 0x17, 0x6D,
    0x52, 0x56, 0xF9, 0xCF, 0x8D, 0x95, 0xE5, 0x25, 0x3E, 0x2B, 0x82, 0xAC, 0x57, 0x6F, 0x06, 0x78,
    0x08, 0x97, 0x70, 0x48, 0xE5, 0x16, 0x5C, 0x80, 0x4D, 0xA5, 0x6C, 0x30, 0x5D, 0x5A, 0x34, 0x3D,
    0xD9, 0x08, 0x01, 0x5E, 0xAC, 0x5D, 0xA8, 0x76, 0x7A, 0x60, 0x70, 0xC2, 0xEF, 0x0B, 0xB4, 0xE0,
    0x3E, 0xA7, 0xD2, 0xE3, 0x84, 0xDF, 0xBB, 0x42, 0xBD, 0xC1, 0x8C, 0x50, 0x04, 0xB0, 0x6F, 0xC1,
    0x85, 0xFA, 0x72, 0x0B, 0x2E, 0x2D, 0x4C, 0x65, 0x93, 0x85, 0xC2, 0xE7, 0x83, 0x19, 0x8C, 0xCF,
    0x42, 0xD9, 0x31, 0x59, 0xB8, 0xBC, 0x0D, 0x87, 0x03, 0xDC, 0xBE, 0x8A, 0x87, 0xC4, 0xE3, 0x2F,
    0x70, 0x4D, 0xE5, 0x8B, 0x21, 0x0B, 0xBC, 0x9A, 0xEB, 0x1F, 0x81, 0x9B, 0xE0, 0x7C, 0xDD, 0xB9,
    0xC6, 0xFA, 0x2A, 0x0A, 0xEC, 0xF2, 0x9D, 0x6B, 0x6F, 0x35, 0xA6, 0x83, 0xF5, 0x3D, 0xD6, 0xAF,
    0x67, 0xA9, 0xA2, 0xD4, 0x43, 0xCB, 0x83, 0xB1, 0x7E, 0xEF, 0xE7, 0x6B, 0x11, 0x3F, 0x12, 0x80,
    0x5E, 0x51, 0x3C, 0x7F, 0x6B, 0xD7, 0xBE, 0x8B, 0xF9, 0x9F, 0x27, 0x1B, 0xE6, 0x09, 0xAE, 0x33,
    0x0B, 0xD6, 0x2B, 0x06, 0x33, 0x53, 0x8E, 0x69, 0xFD, 0x3B, 0x21, 0x60, 0x76, 0x9C, 0xEF, 0x9D,
    0x54, 0x92, 0xB2, 0x7A, 0x50, 0x48, 0xE3, 0xBA, 0xFE, 0xFD, 0x68, 0x4A, 0xC6, 0x68, 0x54, 0x5F,
    0xFB, 0x8B, 0x4D, 0xD0, 0xBF, 0x94, 0xB4, 0x13, 0x2D, 0xA5, 0x3F, 0xF2, 0x05, 0x56, 0x48, 0xB2,
    0x9C, 0xE4, 0x7C, 0x7D, 0x04, 0x5A, 0xC0, 0x35, 0x74, 0xD5, 0x60, 0xA2, 0xB9, 0xBE, 0xA1, 0x9D,
    0x01, 0xB7, 0x00, 0xB5, 0x22, 0x57, 0x64, 0x0A, 0x9E, 0x46, 0xD6, 0x0F, 0x0B, 0xE5, 0xB6, 0x2E,
    0x54, 0xDE, 0x2E, 0xB8, 0xA6, 0x58, 0x68, 0x31, 0x0B, 0x47, 0x7D, 0x62, 0x25, 0xDB, 0xB1, 0xC0,
    0x8E, 0xF3, 0x3D, 0x55, 0xD9, 0x95, 0x9D, 0xA2, 0xF6, 0xAF, 0xAC, 0x94, 0xDB, 0x2C, 0x63, 0x34,
    0x2A, 0x81, 0xBD, 0x13, 0xD6, 0xC7, 0x4E, 0x50, 0x0E, 0xF7, 0x29, 0xC2, 0x23, 0x4C, 0x58, 0xA3,
    0xC8, 0xD5, 0x83, 0x20, 0x22, 0xE1, 0xD9, 0x4E, 0x38, 0x95, 0x86, 0xEF, 0x6B, 0x76, 0x34, 0xA2,
    0x4B, 0xEE, 0x0C, 0xE5, 0xD6, 0xD0, 0xF6, 0x43, 0xB6, 0x14, 0x43, 0x3E, 0x99, 0xCE, 0xA4, 0xA5,
    0xFB, 0x24, 0x22, 0x0B, 0x0F, 0xB6, 0x1F, 0xE9, 0xF9, 0xCB, 0xC9, 0x04, 0xC5, 0x7C, 0xDA, 0x2C,
    0x9D, 0xB6, 0xFD, 0x53, 0xDB, 0x45, 0x67, 0x25, 0xFA, 0x5A, 0xFD, 0x4D, 0xE3, 0x9A, 0x72, 0xC0,
    0x51, 0x84, 0x67, 0x51, 0x37, 0xE5, 0x88, 0x1D, 0x6A, 0x8F, 0x11, 0x81, 0xFC, 0xF1, 0x0F, 0xA1,
    0x6C, 0x00, 0x8B, 0xA2, 0x51, 0xE8, 0xAE, 0x25, 0xBD, 0xDE, 0x16, 0x22, 0x2B, 0xAE, 0xC9, 0x84,
    0x23, 0xB4, 0xAC, 0x67, 0x6C, 0xB0, 0xD2, 0x36, 0xF9, 0x7C, 0x7A, 0x87, 0xCD, 0xE5, 0x43, 0xF8,
    0x6C, 0xBF, 0xB7, 0x51, 0x7F, 0x6F, 0x2B, 0xE6, 0xC9, 0x3E, 0xEC, 0x9D, 0x99, 0xA9, 0xBC, 0x99,
    0x12, 0xD2, 0xC6, 0xF1, 0xD3, 0xA1, 0x7A, 0xBA, 0xB9, 0x19, 0x7A, 0xE9, 0xEC, 0xAA, 0x8B, 0xED,
    0x96, 0x8F, 0x98, 0xA0, 0x25, 0x1B, 0x39, 0x1F, 0x7D, 0xA0, 0x0D, 0x14, 0x2F, 0xF1, 0xD2, 0xD8,
    0x89, 0x78, 0x5E, 0x47, 0x90, 0x48, 0x00, 0x2A, 0xB1, 0x42, 0x4F, 0x8B, 0x7B, 0xE1, 0xA7, 0xA5,
    0xE5, 0xC8, 0x9A, 0x2F, 0x6D, 0x38, 0x36, 0x9F, 0x69, 0x24, 0x8C, 0x04, 0x13, 0x72, 0x05, 0x47,
    0x22, 0xE6, 0x88, 0xD4, 0x8B, 0xD2, 0x47, 0xD4, 0x44, 0x1C, 0x75, 0x7D, 0x94, 0x88, 0x27, 0xE2,
    0x31, 0x6B, 0x35, 0x60, 0xA6, 0x32, 0xCD, 0xC2, 0x65, 0xDF, 0x56, 0x4F, 0x88, 0x3A, 0xEE, 0x7C,
    0x2F, 0x43, 0xB5, 0x88, 0x0C, 0x37, 0x16, 0x09, 0xF4, 0xCF, 0xEF, 0xF4, 0x4B, 0x8D, 0x44, 0x1F,
    0x67, 0xF2, 0x0D, 0x69, 0x68, 0xE3, 0xB4, 0xAE, 0xFB, 0x91, 0x22, 0x06, 0xED, 0x61, 0x31, 0xA5,
    0xB8, 0x8D, 0xF9, 0x8C, 0x86, 0x6E, 0xC8, 0x16, 0x52, 0xF4, 0x4E, 0xB5, 0xF5, 0xA8, 0x6F, 0xFF,
    0xCF, 0x7A, 0x7F, 0x3E, 0xC5, 0x96, 0x95, 0x14, 0x5E, 0x64, 0x48, 0x11, 0x46, 0xC6, 0x94, 0x59,
    0x62, 0x8E, 0x59, 0x29, 0x3E, 0xE7, 0x9F, 0x0F, 0xED, 0xAC, 0x33, 0xBD, 0xA9, 0xBC, 0x1D, 0x1C,
    0x26, 0xE8, 0xC6, 0xF6, 0x48, 0xB6, 0xAC, 0x90, 0x64, 0x39, 0xC9, 0xF9, 0x5A, 0xBF, 0x53, 0x1D,
    0x7D, 0x0D, 0xB2, 0x83, 0x1D, 0xE2, 0xB3, 0x9D, 0xDA, 0x90, 0xA0, 0x1E, 0x6A, 0x42, 0x2D, 0x7E,
    0xD3, 0x84, 0x6A, 0xA4, 0x89, 0xD6, 0x3F, 0xD0, 0xDC, 0xAC, 0x46, 0x3F, 0xED, 0x95, 0xA9, 0x03,
    0x11, 0x0F, 0xC4, 0xA0, 0x85, 0x72, 0x5B, 0xFA, 0xB1, 0xD2, 0x7E, 0x45, 0x13, 0x2B, 0x2D, 0xF9,
    0x82, 0xBA, 0xCC, 0x0A, 0x3B, 0x96, 0x33, 0xD6, 0x33, 0x54, 0x25, 0x29, 0x9F, 0xB3, 0xE1, 0xA2,
    0xD9, 0x70, 0x4F, 0xB1, 0xC0, 0x27, 0x61, 0x05, 0xB2, 0x0D, 0xB8, 0x96, 0x11, 0x44, 0x82, 0xF8,
    0xBE, 0xEB, 0x7F, 0x29, 0xA1, 0x7C, 0x5C, 0x84, 0x62, 0x31, 0xB1, 0xEB, 0x19, 0x7B, 0xC6, 0x7B,
    0xA1, 0x14, 0x01, 0xCA, 0xE9, 0x9C, 0xD1, 0xD2, 0xFF, 0xE9, 0xB5, 0xCC, 0xB4, 0xC9, 0xBD, 0x43,
    0x94, 0x57, 0xD9, 0xF6, 0x8D, 0x88, 0x9B, 0xA1, 0x94, 0x01, 0x7A, 0x3D, 0xD9, 0x00, 0xE1, 0xAB,
    0x38, 0x42, 0x14, 0x7D, 0x62, 0x65, 0xA3, 0x7D, 0x6F, 0xA6, 0x94, 0x0E, 0x7E, 0x0C, 0x81, 0x3C,
    0x50, 0x06, 0xB5, 0x7B, 0xFD, 0xD1, 0x0F, 0x3E, 0xEB, 0x54, 0x98, 0xC9, 0xE4, 0x21, 0x77, 0x27,
    0x09, 0x46, 0x7C, 0x1F, 0x72, 0xF1, 0x9A, 0x40, 0xFD, 0xF9, 0xCD, 0xF7, 0xD3, 0x71, 0xFE, 0x69,
    0x52, 0xFB, 0x5C, 0xE7, 0x69, 0xB6, 0x22, 0x03, 0xFD, 0x7B, 0x6F, 0x6F, 0xDC, 0x5C, 0x4B, 0x11,
    0x41, 0x16, 0xD9, 0xE8, 0x67, 0xAB, 0x4F, 0x94, 0x23, 0x65, 0x57, 0x04, 0x4A, 0xCC, 0xC4, 0x2B,
    0xE4, 0x33, 0xB7, 0x60, 0xE1, 0x00, 0x2B, 0x97, 0xD0, 0x6B, 0x57, 0x1C, 0x63, 0xC4, 0xB7, 0x06,
    0xA8, 0x7E, 0xE6, 0xC1, 0xFE, 0xBC, 0x83, 0xF2, 0x1D, 0xA0, 0xD8, 0x00, 0xB3, 0xEE, 0x0B, 0xA5,
    0x48, 0x67, 0xA9, 0xA2, 0xDB, 0xD2, 0xD4, 0x4D, 0x15, 0x2F, 0x02, 0xCE, 0x33, 0x53, 0xA4, 0x3A,
    0xCD, 0xF3, 0x7E, 0x20, 0x68, 0x1B, 0xEF, 0x87, 0x6C, 0xD4, 0xC8, 0xFF, 0x7B, 0x30, 0x1E, 0x96,
    0xFC, 0x5F, 0x26, 0xAD, 0x57, 0xE3, 0x97, 0xA2, 0x83, 0xFB, 0xA6, 0x5B, 0xCA, 0x06, 0x5C, 0xD9,
    0x3C, 0xB2, 0x80, 0x7B, 0x8D, 0x3B, 0x17, 0x40, 0xFD, 0x47, 0xB8, 0x5B, 0x40, 0xF5, 0x0F, 0xD4,
    0xF7, 0x00, 0xFB, 0x5F, 0x54, 0x6F, 0x01, 0xE5, 0x8C, 0x9D, 0x00, 0xED, 0xC6, 0xFE, 0x4B, 0x2D,
    0xD4, 0x63, 0xF9, 0x85, 0x84, 0x5A, 0xBE, 0x27, 0x63, 0xBE, 0xF0, 0x08, 0x56, 0x26, 0x70, 0xD9,
    0x08, 0xD5, 0xDF, 0xFA, 0xBD, 0x07, 0x66, 0x01, 0xB2, 0x84, 0xD4, 0x97, 0xB4, 0xF7, 0xB6, 0x03,
    0x7C, 0xA3, 0x08, 0x70, 0xA9, 0xDD, 0x0A, 0x6C, 0x6A, 0xB1, 0xEF, 0xDA, 0xAD, 0x94, 0xB9, 0x17,
    0x2B, 0x8B, 0x13, 0xDF, 0x6E, 0x11, 0x6E, 0xD5, 0xB4, 0xA8, 0xE6, 0x8D, 0x67, 0x55, 0x6C, 0x94,
    0x0D, 0x2D, 0x16, 0x5C, 0x73, 0x01, 0x95, 0xBF, 0x05, 0x76, 0x38, 0x40, 0x39, 0x5E, 0xAA, 0x63,
    0x0F, 0x21, 0x9F, 0x02, 0xFB, 0x9E, 0x7B, 0xF3, 0x40, 0xAB, 0x70, 0x0D, 0x50, 0x03, 0xDC, 0x56,
    0xFC, 0x81, 0xE2, 0x9E, 0xE2, 0xFC, 0x7F, 0x5A, 0x35, 0x40, 0x29, 0xEA, 0xDE, 0x0C, 0x38, 0x91,
    0xE0, 0x1E, 0x5F, 0x87, 0x03, 0x95, 0x7F, 0x15, 0xD7, 0x7D, 0x0D, 0x39, 0xF5, 0xC3, 0xCC, 0x60,
    0x83, 0xB6, 0x0C, 0xAE, 0x03, 0x81, 0x7C, 0x4D, 0xB7, 0xBF, 0x68, 0x03, 0x7F, 0x59, 0x0F, 0xFC,
    0xD8, 0x75, 0x59, 0x10, 0x91, 0x24, 0x94, 0x0B, 0x6E, 0xA6, 0x87, 0x35, 0x95, 0xE5, 0xD7, 0x8B,
    0x9A, 0x2D, 0x27, 0xA4, 0xD3, 0xE8, 0x15, 0xB3, 0x5E, 0xF2, 0x89, 0x65, 0x85, 0x0D, 0xDA, 0x86,
    0x7A, 0xE1, 0xC6, 0x8F, 0xC2, 0xA7, 0x1D, 0xBA, 0x51, 0x99, 0xD0, 0x11, 0x7E, 0x81, 0xC1, 0x63,
    0xEA, 0x45, 0xB1, 0x50, 0xCD, 0x6A, 0x79, 0x7B, 0x91, 0x93, 0x66, 0xA6, 0x0F, 0x7C, 0xA7, 0x21,
    0xFB, 0x21, 0xBF, 0x65, 0x85, 0x8B, 0xAA, 0xF4, 0xB7, 0x0E, 0x79, 0x38, 0x1C, 0xE8, 0xA7, 0x03,
    0xD5, 0xF0, 0x7F, 0xCD, 0x9A, 0x01, 0xA4, 0x26, 0x59, 0x7A, 0xF7, 0x7F, 0x55, 0xE7, 0x9B, 0xAE,
    0xF9, 0xA6, 0x64, 0xCE, 0x60, 0x22, 0x63, 0x26, 0xDB, 0x15, 0x0C, 0x56, 0x74, 0x77, 0x2D, 0x82,
    0x15, 0xEF, 0x9D, 0x53, 0xBB, 0xC1, 0x22, 0xB0, 0x00, 0x84, 0x24, 0x80, 0xEC, 0x06, 0xBD, 0x18,
    0x74, 0x92, 0xEE, 0xAE, 0x62, 0x49, 0x00, 0x9A, 0x00, 0xC0, 0x60, 0xB1, 0x7B, 0x9B, 0xCC, 0xE0,
    0x86, 0x8E, 0xF4, 0xBD, 0x75, 0xB2, 0x83, 0x60, 0xB1, 0x95, 0x6C, 0x80, 0x60, 0x2B, 0xD2, 0x21,
    0xB2, 0xA4, 0xCF, 0x48, 0x31, 0x35, 0xD3, 0xA7, 0xEA, 0x49, 0x3D, 0x55, 0xAF, 0xDB, 0xEF, 0xF4,
    0xF4, 0x4C, 0x9B, 0xEC, 0xB5, 0xD3, 0xA7, 0xCF, 0xF3, 0x7B, 0xEA, 0x3D, 0x75, 0xCE, 0xF3, 0xFC,
    0xCF, 0x79, 0xD5, 0xA9, 0xB7, 0xAA, 0xEF, 0x2D, 0x91, 0x5B, 0xE0, 0x9E, 0x2C, 0x18, 0xCF, 0x6A,
    0xBF, 0xF1, 0x2F, 0x24, 0x22, 0x55, 0xFE, 0xE1, 0xC3, 0xBE, 0x78, 0xFF, 0x27, 0xC1, 0x99, 0xF7,
    0x43, 0x6D, 0xDE, 0xEF, 0xCE, 0x8C, 0x67, 0xDA, 0x5B, 0x54, 0x7F, 0x60, 0x7A, 0xCE, 0xA9, 0x7D,
    0xDF, 0x7F, 0xCF, 0xFE, 0xFB, 0x3F, 0x04, 0x23, 0xD2, 0x71, 0x7D, 0xD6, 0x78, 0x8F, 0xAD, 0x9C,
    0xAB, 0x44, 0xDA, 0x3E, 0x1B, 0xCC, 0x60, 0xBB, 0x64, 0xB0, 0x1E, 0xB5, 0x3B, 0x8B, 0xB1, 0x5A,
    0x07, 0x79, 0x0F, 0x59, 0x00, 0x11, 0xE1, 0xEE, 0x7C, 0x4C, 0x3A, 0x42, 0x12, 0x0F, 0x6C, 0x84,
    0x34, 0x6C, 0xE1, 0xAC, 0xDC, 0xC9, 0x9C, 0x88, 0x9C, 0xFD, 0x81, 0xC4, 0x6F, 0x53, 0xF6, 0x00,
    0xBF, 0x09, 0x5F, 0x73, 0xC5, 0x30, 0x5A, 0x91, 0x60, 0xFA, 0xDC, 0x67, 0x4D, 0xDA, 0x59, 0x08,
    0x87, 0xA6, 0x6D, 0x7A, 0xCE, 0x8A, 0xF4, 0xDA, 0x77, 0x19, 0xF3, 0x3B, 0x00, 0x22, 0xDF, 0x90,
    0xB1, 0x95, 0x44, 0x06, 0x1B, 0x70, 0x4D, 0x16, 0x28, 0x31, 0x03, 0x6F, 0x91, 0x46, 0x76, 0x10,
    0xB9, 0x07, 0x67, 0x04, 0x70, 0x49, 0x0F, 0xE5, 0xF7, 0x55, 0xC2, 0xFB, 0x0D, 0xE4, 0xFF, 0x0A,
    0x98, 0xFF, 0x06, 0xA3, 0xAA, 0x53, 0x95, 0x0D, 0x91, 0xED, 0x68, 0x6D, 0x83, 0xC8, 0x1E, 0x89,
    0x22, 0x9D, 0x80, 0x56, 0x7A, 0x10, 0x09, 0x84, 0xC3, 0x02, 0x00, 0x4F, 0xB4, 0xB5, 0x0F, 0xC8,
    0x1F, 0xCD, 0x14, 0xB8, 0xEA, 0x88, 0xA2, 0xD9, 0x61, 0xAB, 0x1D, 0xFF, 0x9F, 0x23, 0xC0, 0x55,
    0x50, 0x0C, 0x50, 0x4A, 0xC5, 0x9F, 0xC9, 0x40, 0x28, 0x85, 0x90, 0x88, 0x1F, 0x29, 0xFA, 0x33,
    0x4C, 0xA8, 0xBB, 0x24, 0x94, 0x33, 0x21, 0x93, 0x7F, 0xEB, 0x69, 0xC5, 0x93, 0x4B, 0x05, 0x6D,
    0x03, 0x85, 0x87, 0xCC, 0x5F, 0xC1, 0xF8, 0xDD, 0x62, 0x47, 0x64, 0x8D, 0xAB, 0x0A, 0xEC, 0xA3,
    0x89, 0x54, 0x7A, 0xEE, 0xA5, 0x7D, 0x34, 0x61, 0xA9, 0xF7, 0xD2, 0x0E, 0xAE, 0xCF, 0x15, 0x90,
    0x4B, 0x3B, 0x02, 0x67, 0x15, 0x75, 0x45, 0x3A, 0x40, 0xD6, 0x93, 0xFB, 0x97, 0x7E, 0xC4, 0x48,
    0x81, 0x88, 0xDF, 0x71, 0x94, 0x0D, 0x79, 0x5F, 0xB0, 0xB3, 0xDE, 0xF4, 0x96, 0x93, 0xB2, 0x49,
    0xAA, 0xBC, 0x0A, 0xAA, 0x31, 0x6B, 0x82, 0x03, 0x8C, 0x7F, 0xBA, 0xDB, 0xBA, 0x2C, 0x03, 0x20,
    0x6F, 0x76, 0xB6, 0xE3, 0x8F, 0xED, 0x12, 0x6C, 0xBC, 0xD4, 0x17, 0x14, 0x89, 0x48, 0xB3, 0x23,
    0xF7, 0xAF, 0xFF, 0x80, 0x71, 0x9F, 0x76, 0x2F, 0xE2, 0x5C, 0xD2, 0x26, 0x30, 0x9F, 0x79, 0x2B,
    0xF7, 0x47, 0xA6, 0x7F, 0xCD, 0x04, 0x4C, 0xC8, 0x25, 0xD4, 0xBF, 0xA7, 0x53, 0xD0, 0x9A, 0x85,
    0x5B, 0x45, 0x28, 0xFA, 0xC8, 0xDB, 0x59, 0x43, 0xB0, 0x98, 0xEE, 0x08, 0xEB, 0x23, 0xE5, 0x37,
    0x07, 0xDA, 0x3C, 0x30, 0xDB, 0x5E, 0xBD, 0x7E, 0x5E, 0xDB, 0xF5, 0xBC, 0xF6, 0xD3, 0xFE, 0xDF,
    0x3D, 0x3E, 0xFE, 0x61, 0x2B, 0x12, 0x81, 0xDD, 0xE7, 0x98, 0x88, 0x5F, 0xEA, 0xE7, 0x2F, 0x16,
    0x30, 0x52, 0x58, 0x99, 0xD9, 0x71, 0x94, 0x44, 0xEB, 0x0B, 0x76, 0x2C, 0xE2, 0x2C, 0x27, 0xEA,
    0xF2, 0x2A, 0xA8, 0xCB, 0x9A, 0xC5, 0xD9, 0xCE, 0xF8, 0xC0, 0xDC, 0x56, 0xEA, 0x24, 0xA2, 0x2E,
    0x1E, 0x6D, 0xAE, 0xD4, 0xC5, 0x62, 0x19, 0xBE, 0x2C, 0x16, 0x31, 0x0F, 0x96, 0xA3, 0x5C, 0xBE,
    0x3F, 0x17, 0x1A, 0xFA, 0xC7, 0xA2, 0x8B, 0x05, 0xCF, 0x58, 0xAC, 0xE3, 0xA5, 0xC8, 0x52, 0xB2,
    0x89, 0x52, 0xFC, 0x4D, 0xD3, 0x0F, 0x49, 0x08, 0x68, 0x5D, 0x0E, 0x96, 0x8F, 0x4B, 0x63, 0x36,
    0x81, 0xE5, 0xA9, 0x76, 0xFC, 0xEE, 0xF1, 0x3B, 0x22, 0x12, 0x3E, 0xEB, 0xFC, 0x41, 0xD1, 0x4C,
    0x6B, 0xDF, 0x37, 0x66, 0x4E, 0x0B, 0x3F, 0x98, 0x10, 0x4C, 0x40, 0xEB, 0xBA, 0x20, 0xB6, 0xE2,
    0x2A, 0x9C, 0x90, 0xFA, 0x57, 0x5E, 0xE6, 0x6B, 0x5F, 0xE7, 0x7B, 0x22, 0x61, 0xA9, 0xF9, 0xCC,
    0x2D, 0xBB, 0xEF, 0xFC, 0x8A, 0x09, 0x64, 0x1D, 0x65, 0x65, 0x27, 0x28, 0xBD, 0x4E, 0xC9, 0x84,
    0xF7, 0x4C, 0x18, 0xB2, 0x7E, 0x09, 0x58, 0x7C, 0x44, 0xF2, 0x03, 0xDD, 0x51, 0x8A, 0xEA, 0x48,
    0x57, 0x11, 0x13, 0xFE, 0x4F, 0xC8, 0x02, 0xD3, 0x86, 0x3C, 0x20, 0xD8, 0x05, 0x95, 0x1B, 0x90,
    0x47, 0x1F, 0xCC, 0x7C, 0x20, 0x4D, 0x4B, 0x00, 0x36, 0x0C, 0x8A, 0x51, 0x31, 0x2B, 0xA4, 0x01,
    0x5A, 0x45, 0x09, 0x90, 0x8A, 0xC8, 0x68, 0xE5, 0xE3, 0xF6, 0x8E, 0x93, 0x70, 0xC4, 0x82, 0x1D,
    0xF5, 0x53, 0xE0, 0xCE, 0x51, 0x28, 0x32, 0x05, 0xBF, 0xAE, 0xE0, 0x97, 0x45, 0x12, 0xDE, 0x82,
    0x32, 0xB8, 0x07, 0xB8, 0xE0, 0x46, 0xDD, 0xEF, 0x4D, 0x43, 0x76, 0x87, 0x6C, 0x82, 0x16, 0x1C,
    0xD4, 0xFC, 0xC5, 0x4C, 0xFD, 0x00, 0x6E, 0x92, 0x46, 0xAE, 0x47, 0x6E, 0x44, 0xF8, 0xEC, 0x9A,
    0x4C, 0xAA, 0xF4, 0xD2, 0x4C, 0xF9, 0xAD, 0xEE, 0x56, 0x12, 0x22, 0x63, 0x24, 0xEE, 0x2B, 0xE3,
    0xAD, 0x64, 0x28, 0xBF, 0xD5, 0x67, 0x73, 0x75, 0x92, 0x55, 0xEC, 0x8C, 0xA7, 0x48, 0x02, 0xD6,
    0x47, 0xB2, 0xFE, 0x36, 0x66, 0x74, 0x4D, 0x1A, 0x4B, 0xAF, 0x5E, 0x3F, 0x6B, 0xBB, 0x9E, 0xD7,
    0x7E, 0xDA, 0x9F, 0x57, 0x21, 0xA9, 0xE0, 0x3E, 0x64, 0x0D, 0x6F, 0x44, 0xB0, 0x70, 0x1A, 0xE1,
    0x32, 0x10, 0x61, 0xB7, 0xB9, 0x1B, 0x9B, 0x0B, 0xAB, 0x4B, 0xFA, 0xD5, 0x19, 0xAF, 0x4E, 0x87,
    0xA9, 0xB3, 0x38, 0x75, 0x97, 0x69, 0xD5, 0xED, 0x12, 0x81, 0x89, 0x7B, 0x46, 0x54, 0x79, 0xB0,
    0x0E, 0x48, 0xFB, 0xAB, 0xEA, 0x8C, 0xBF, 0xA1, 0x4E, 0x77, 0x26, 0xC0, 0x9A, 0x8F, 0xDB, 0xFF,
    0x84, 0xAB, 0x46, 0x64, 0xCB, 0xE6, 0x80, 0x93, 0xCD, 0x05, 0x70, 0x15, 0x69, 0x87, 0x91, 0xC0,
    0xBE, 0xDC, 0x04, 0x0B, 0x59, 0x84, 0xAB, 0x70, 0xB6, 0x0D, 0x79, 0x25, 0xC2, 0xC9, 0xA1, 0xC0,
    0xB4, 0x3B, 0x14, 0x98, 0x57, 0x9B, 0xC0, 0xE4, 0x47, 0xEA, 0xAE, 0x16, 0xD2, 0xA9, 0x40, 0x97,
    0x07, 0x26, 0x86, 0x9D, 0x09, 0x4E, 0x3E, 0x08, 0x57, 0x4C, 0x00, 0xD3, 0xA1, 0x2E, 0xF3, 0x64,
    0x3D, 0xD8, 0x8A, 0xDC, 0x43, 0xB1, 0x1E, 0x71, 0xB4, 0x56, 0x4D, 0x1F, 0x80, 0x81, 0xD4, 0x5F,
    0x21, 0x09, 0xE4, 0xEC, 0x74, 0x58, 0x79, 0xBC, 0xAE, 0x83, 0x93, 0xF8, 0xC6, 0x0C, 0x97, 0xA0,
    0x95, 0x0E, 0x0B, 0x73, 0x16, 0xF8, 0x0A, 0x9C, 0x2E, 0x6E, 0x07, 0xFF, 0x2F, 0xEB, 0x79, 0x1B,
    0xB0, 0x9E, 0x00, 0xE9, 0xB4, 0xEA, 0x4C, 0xE7, 0x6A, 0xD5, 0x69, 0xFB, 0x55, 0xA7, 0x09, 0x16,
    0x58, 0xAE, 0xB9, 0xAB, 0x49, 0x24, 0x98, 0xB0, 0x33, 0x91, 0x31, 0x0F, 0x27, 0x79, 0xA4, 0x6D,
    0x7D, 0xF8, 0x4A, 0xA4, 0xF8, 0x28, 0xED, 0xBE, 0x1E, 0xB7, 0x8D, 0x5B, 0x5D, 0xFE, 0x8D, 0x4E,
    0x9D, 0x35, 0x8D, 0xBA, 0xAB, 0xF6, 0x17, 0xF3, 0x3B, 0xB0, 0xB3, 0x22, 0x01, 0x4E, 0x20, 0x02,
    0x41, 0x9D, 0xEA, 0x4C, 0xE2, 0x3A, 0x3D, 0x2B, 0x9E, 0x7D, 0x29, 0x2A, 0x70, 0x5E, 0x6D, 0x3D,
    0x3E, 0x2F, 0x2F, 0x01, 0xF6, 0xC0, 0x4A, 0x48, 0x66, 0xC8, 0x03, 0x94, 0x1E, 0x6A, 0xE0, 0x0C,
    0x98, 0xCE, 0x2D, 0xF7, 0xA7, 0xD8, 0xAE, 0x5E, 0xAC, 0x68, 0x6A, 0x9F, 0x89, 0xC0, 0xEB, 0x77,
    0x20, 0x7D, 0x07, 0xC0, 0x8C, 0x4A, 0xE2, 0xCA, 0xB7, 0x56, 0xAE, 0xB3, 0x25, 0x39, 0x48, 0x69,
    0xFD, 0xCA, 0x4E, 0x59, 0x06, 0xA5, 0x5B, 0xF9, 0xE7, 0x83, 0xF2, 0x6F, 0xA3, 0x32, 0x28, 0x93,
    0x7E, 0x46, 0xA7, 0x53, 0x2B, 0xBD, 0xAB, 0x20, 0x6F, 0x5C, 0x03, 0xB6, 0x2A, 0xFC, 0xC2, 0x35,
    0xC4, 0x35, 0xF2, 0x1E, 0xDC, 0xF1, 0xBB, 0x01, 0x6A, 0x91, 0x61, 0xDD, 0xE4, 0x22, 0x04, 0x92,
    0x48, 0xD2, 0xC3, 0x8C, 0xE9, 0xA0, 0xC5, 0xE8, 0x6C, 0xAA, 0xBC, 0x5B, 0xD8, 0xB4, 0x33, 0xB9,
    0x8C, 0x22, 0x58, 0x89, 0xC0, 0x6F, 0x03, 0xD0, 0x3E, 0x96, 0x9E, 0x06, 0x65, 0xD6, 0x28, 0x5F,
    0xE0, 0xF9, 0x55, 0xFE, 0x52, 0x03, 0x50, 0xF6, 0x4A, 0x37, 0x28, 0xC7, 0xFB, 0x40, 0xDA, 0x15,
    0x4A, 0xD2, 0xE7, 0x57, 0x39, 0x00, 0x66, 0x4E, 0x3C, 0xE4, 0xF2, 0xCF, 0x0B, 0x5F, 0xCE, 0xA5,
    0x81, 0x17, 0x93, 0xB3, 0xE7, 0x56, 0x73, 0xDA, 0x5F, 0x03, 0x4C, 0x70, 0xE7, 0xD4, 0x96, 0x27,
    0x4A, 0x7E, 0xA0, 0xB9, 0x38, 0xD0, 0xFC, 0xBB, 0xE3, 0x81, 0xE6, 0x09, 0x48, 0xC2, 0x19, 0x90,
    0x1E, 0x68, 0xCE, 0x9A, 0xF2, 0xD3, 0x9A, 0xC3, 0x27, 0x35, 0xDF, 0x3B, 0xD0, 0x1C, 0xCE, 0x35,
    0x2B, 0xF7, 0x9A, 0x5B, 0x7F, 0xA8, 0x19, 0x8A, 0x07, 0x00, 0xF5, 0xA4, 0x0C, 0x97, 0x57, 0x5A,
    0xE5, 0xB0, 0x2A, 0x77, 0x51, 0x69, 0xC3, 0x63, 0x96, 0x83, 0xF2, 0x28, 0x2A, 0x6F, 0xAC, 0x3C,
    0xD9, 0xC6, 0xD6, 0x40, 0xD2, 0x3B, 0xC0, 0x74, 0xAE, 0x51, 0xCD, 0xA5, 0x87, 0xBC, 0xB1, 0x9B,
    0xDA, 0x1E, 0x0A, 0xF6, 0x6A, 0x87, 0x85, 0x22, 0x23, 0xDC, 0x53, 0x9D, 0x0C, 0x30, 0xAD, 0x6A,
    0xCF, 0x48, 0x7B, 0x70, 0xAB, 0x5A, 0x57, 0xE5, 0x7A, 0xFC, 0x84, 0xDA, 0x4C, 0x96, 0xE2, 0xE1,
    0x52, 0x3B, 0x1F, 0xB7, 0x7E, 0x13, 0x92, 0xA9, 0x3F, 0xD9, 0x6F, 0xF2, 0x21, 0x92, 0x7A, 0x48,
    0xBB, 0x48, 0xE2, 0x61, 0xDB, 0x0A, 0xC1, 0xB2, 0xF9, 0xCB, 0x7B, 0xBF, 0xDB, 0xFB, 0x1B, 0x7B,
    0x1F, 0x10, 0x0D, 0x9F, 0x74, 0xCC, 0xC7, 0x3F, 0x54, 0xED, 0x5B, 0x7B, 0xFE, 0x5F, 0x77, 0x57,
    0x6F, 0xD7, 0xB3, 0x70, 0x15, 0x56, 0xBF, 0xDB, 0xFB, 0x61, 0xF5, 0xDF, 0x4B, 0xFA, 0xD5, 0xBF,
    0xB7, 0xDF, 0x57, 0x43, 0xDE, 0x91, 0x46, 0xD2, 0xD0, 0xCE, 0xD4, 0xF3, 0xF2, 0xE5, 0x88, 0xD0,
    0x8A, 0x48, 0xE0, 0x92, 0x8C, 0x50, 0x3F, 0x92, 0x2A, 0x89, 0x38, 0x9F, 0xF5, 0xD8, 0xCE, 0x7A,
    0xF2, 0xAE, 0xAC, 0xC8, 0x2B, 0x07, 0x70, 0x5B, 0x71, 0xA6, 0x98, 0x3E, 0x89, 0xF8, 0xC9, 0x8F,
    0x67, 0xE7, 0x9D, 0x9D, 0xA2, 0xAC, 0x00, 0xEB, 0x41, 0x57, 0x2D, 0xE9, 0x52, 0xDD, 0x85, 0xD7,
    0x44, 0x4B, 0xCA, 0x07, 0xEB, 0x3C, 0x81, 0xB6, 0x01, 0x6C, 0x00, 0xCC, 0x39, 0xF2, 0x05, 0xB9,
    0x74, 0x70, 0xE9, 0xEF, 0x80, 0xD7, 0x2B, 0xA0, 0xF0, 0x40, 0x16, 0x80, 0x64, 0x00, 0xD8, 0x1D,
    0x6E, 0x72, 0x4E, 0x44, 0xFA, 0x37, 0x96, 0x49, 0xF5, 0x49, 0xC4, 0xF4, 0x44, 0x12, 0x05, 0x8F,
    0xC1, 0x53, 0x21, 0x32, 0x83, 0x1C, 0xAF, 0x37, 0x5E, 0x3E, 0x13, 0x5F, 0x55, 0xEC, 0x14, 0x37,
    0x15, 0x71, 0x49, 0x74, 0x37, 0x6A, 0xCA, 0x08, 0xC9, 0x0F, 0x00, 0x33, 0x00, 0xB6, 0x03, 0x8A,
    0x8A, 0xBD, 0xB4, 0x6F, 0x7F, 0xE9, 0xD2, 0xBE, 0x03, 0x20, 0x15, 0xA4, 0xE2, 0x21, 0xFB, 0x59,
    0x80, 0x82, 0x7B, 0xF0, 0x2A, 0xAF, 0x7D, 0xC9, 0xD2, 0xAE, 0xA9, 0x0C, 0x47, 0xDC, 0xE3, 0x1A,
    0x27, 0x00, 0x7C, 0xB9, 0xAA, 0x5E, 0x87, 0xD2, 0xA3, 0x17, 0x49, 0x80, 0x1B, 0xF0, 0xE2, 0x26,
    0x26, 0x96, 0x32, 0x26, 0x33, 0x4C, 0x10, 0xBF, 0x60, 0x9D, 0x48, 0x66, 0x96, 0xE1, 0x4B, 0x10,
    0x5E, 0xBA, 0x83, 0xEB, 0xA8, 0x41, 0x37, 0x64, 0xD2, 0x6A, 0x53, 0x1C, 0x5A, 0xE9, 0xB3, 0x11,
    0x33, 0x60, 0xC2, 0x17, 0xAC, 0x03, 0xD9, 0xC8, 0x32, 0x5C, 0x24, 0xF0, 0x27, 0x24, 0x82, 0x91,
    0xC6, 0xFE, 0x55, 0x77, 0x2D, 0x19, 0xDE, 0xE4, 0xB5, 0x0B, 0x54, 0x7E, 0x2F, 0x6F, 0xA2, 0xF5,
    0x4B, 0x5D, 0x0E, 0x60, 0x93, 0xED, 0x5B, 0x69, 0x4C, 0xC4, 0xA8, 0xF2, 0x2F, 0x56, 0x75, 0x48,
    0x64, 0x19, 0xBE, 0x3E, 0x0E, 0xCB, 0x03, 0xB8, 0xFE, 0xF1, 0x5D, 0xA9, 0x30, 0x81, 0xB2, 0xDF,
    0xE6, 0xA5, 0x24, 0xAE, 0x3C, 0x5B, 0xE9, 0x36, 0x56, 0xCA, 0xB2, 0x51, 0x16, 0x7E, 0xA5, 0x46,
    0xC0, 0xFA, 0xE5, 0x45, 0xCA, 0xC2, 0xC3, 0xF6, 0xF3, 0x9E, 0x3A, 0x4A, 0xF9, 0x38, 0x5A, 0x12,
    0x95, 0xD9, 0xB0, 0xCF, 0x78, 0x7D, 0x7E, 0x57, 0x2A, 0x36, 0x25, 0xFB, 0x92, 0xCE, 0xBC, 0x03,
    0xB9, 0xBE, 0x11, 0xD1, 0xBB, 0xBB, 0x87, 0x17, 0x69, 0xD9, 0x17, 0x09, 0x18, 0x89, 0x6D, 0x24,
    0x95, 0x31, 0x9B, 0xA1, 0xA8, 0x8C, 0x80, 0xC5, 0x88, 0x57, 0x3E, 0xEC, 0x95, 0x3F, 0x0D, 0xCA,
    0xF7, 0xA3, 0xF2, 0xC7, 0x93, 0xD2, 0xCB, 0x4A, 0xE7, 0x95, 0x65, 0xA7, 0xB4, 0x41, 0x69, 0xA2,
    0x32, 0x9D, 0x94, 0xC8, 0xCA, 0xFA, 0xA7, 0xCA, 0xF2, 0xE7, 0x4A, 0x2B, 0xCA, 0x6C, 0x65, 0x2A,
    0x64, 0x1D, 0x08, 0xED, 0x0C, 0x35, 0x22, 0x50, 0x42, 0xD1, 0x01, 0xE4, 0x41, 0x99, 0x8E, 0x4A,
    0xEE, 0xAF, 0x2C, 0x56, 0xA6, 0x9C, 0x97, 0x6D, 0xCB, 0x5D, 0x77, 0x5F, 0xDD, 0x88, 0x7B, 0xAD,
    0xE9, 0x40, 0xE1, 0x21, 0xE2, 0x2A, 0xB8, 0x8D, 0x03, 0xDC, 0xE2, 0xA1, 0xAC, 0x4E, 0x81, 0xA2,
    0x99, 0x94, 0x7E, 0x63, 0x3C, 0x38, 0x3E, 0xE4, 0x99, 0xB2, 0xD9, 0x46, 0x6D, 0x11, 0xCA, 0x35,
    0x9A, 0xD5, 0xC8, 0x5B, 0x16, 0xCD, 0x68, 0xFB, 0x7D, 0xF6, 0xBD, 0x12, 0x6D, 0x03, 0xCC, 0x08,
    0x68, 0x2F, 0xF6, 0xBB, 0x27, 0x47, 0x0A, 0x7E, 0xEB, 0x39, 0x56, 0x5E, 0x37, 0x4A, 0xF1, 0x40,
    0xFA, 0x28, 0x00, 0xD9, 0x3F, 0x8D, 0x40, 0xB1, 0x4A, 0x7F, 0x95, 0x17, 0x9E, 0x5F, 0xE5, 0x00,
    0x94, 0x83, 0xA9, 0xA0, 0x96, 0xDF, 0x5F, 0x18, 0x6A, 0x01, 0xEE, 0x64, 0xE3, 0x73, 0xAB, 0x39,
    0x6F, 0xEE, 0x01, 0xD6, 0xC7, 0x73, 0xE6, 0x95, 0xB6, 0x00, 0xCF, 0xAB, 0xE6, 0x57, 0xA0, 0xBA,
    0x49, 0x12, 0x1C, 0x59, 0x67, 0x7D, 0x51, 0x99, 0x70, 0x0B, 0xA6, 0x01, 0xCA, 0x8E, 0x55, 0x54,
    0x1D, 0x48, 0x86, 0xFB, 0x64, 0x5D, 0x49, 0x51, 0xE5, 0xFE, 0x16, 0x69, 0x78, 0x13, 0xEE, 0xB0,
    0x2F, 0xBB, 0x35, 0xCE, 0xC9, 0x1A, 0x33, 0x90, 0x8E, 0x94, 0x41, 0x73, 0xD9, 0xA8, 0x79, 0xCB,
    0x49, 0x35, 0x1C, 0xD5, 0x38, 0xB8, 0xAF, 0x33, 0x4A, 0x86, 0xB2, 0x39, 0xC5, 0xF4, 0x3A, 0xA3,
    0xCC, 0xAB, 0x72, 0x5B, 0xE9, 0x8C, 0x4A, 0xEC, 0xC2, 0x23, 0xB4, 0xE5, 0xDE, 0xCA, 0xB0, 0xF0,
    0xD4, 0x74, 0x14, 0xCD, 0x59, 0xE6, 0x29, 0xAB, 0xDA, 0x56, 0x38, 0xDC, 0x1F, 0xEA, 0x8C, 0x8A,
    0x08, 0x11, 0x3B, 0xE8, 0x8C, 0xCC, 0x84, 0xED, 0x48, 0xE5, 0x91, 0x80, 0xF9, 0x4B, 0x9D, 0x91,
    0x05, 0x00, 0x13, 0x95, 0xC9, 0xAC, 0xA4, 0x5E, 0x69, 0x1B, 0xA5, 0xE9, 0x38, 0xFC, 0xD1, 0x83,
    0x48, 0xD0, 0x7D, 0x52, 0x7A, 0xDD, 0x27, 0xC7, 0x75, 0x9F, 0x1C, 0xC0, 0x62, 0xC2, 0x85, 0x72,
    0x78, 0xCC, 0x74, 0x84, 0x6B, 0x30, 0xC1, 0x0E, 0xDA, 0x26, 0x19, 0xA0, 0x98, 0xDB, 0x0E, 0x92,
    0xF6, 0x23, 0x00, 0x5C, 0xA3, 0xAC, 0x9F, 0x7C, 0x5A, 0x36, 0x5E, 0xF9, 0x02, 0xCF, 0xAF, 0xF2,
    0x6C, 0x50, 0xDA, 0xA8, 0x74, 0x67, 0xCA, 0xD3, 0x62, 0x95, 0x9F, 0xF9, 0x85, 0x15, 0xD5, 0xF3,
    0xAA, 0x3C, 0xED, 0xF3, 0x06, 0x4C, 0xB0, 0x7E, 0x4F, 0x6D, 0xA9, 0x00, 0x9E, 0xE3, 0xD5, 0xE6,
    0x3B, 0x8A, 0x64, 0x52, 0xEA, 0x08, 0xC8, 0x3B, 0x65, 0xA1, 0xE0, 0xD5, 0x03, 0xE5, 0xDE, 0xAD,
    0x3F, 0x84, 0x4A, 0x69, 0x6C, 0x84, 0x88, 0x59, 0xB8, 0xEE, 0x06, 0xF4, 0x20, 0xFB, 0x07, 0xF2,
    0xAC, 0x01, 0xE7, 0x2D, 0x60, 0xBB, 0xAB, 0x40, 0x1E, 0x76, 0x6B, 0xE0, 0x00, 0x24, 0x1F, 0xF5,
    0x00, 0xE2, 0x41, 0xBB, 0x2A, 0x1D, 0x3C, 0x9B, 0xD5, 0xF9, 0x3D, 0x28, 0x97, 0x19, 0xB0, 0x22,
    0x20, 0x12, 0xA0, 0x95, 0x1E, 0xB2, 0x71, 0xCD, 0xA0, 0x08, 0x8A, 0xF9, 0xB8, 0xC2, 0x88, 0x8C,
    0x98, 0x90, 0xC8, 0x02, 0x5C, 0xB5, 0xA0, 0xF0, 0x0B, 0xEC, 0x53, 0x50, 0x28, 0xD6, 0x2E, 0x33,
    0x66, 0x6E, 0x07, 0x8C, 0xCC, 0xD5, 0x3E, 0xD4, 0x80, 0x86, 0x3F, 0xFC, 0xEF, 0x29, 0xB8, 0x24,
    0x77, 0xC0, 0x3D, 0x8A, 0x30, 0x53, 0x93, 0x46, 0x4A, 0xFD, 0x0E, 0x8B, 0x66, 0xC1, 0x3E, 0x68,
    0x1B, 0x52, 0xF1, 0x7F, 0x1A, 0x8A, 0xB9, 0x31, 0xC1, 0x35, 0x2C, 0xE0, 0x1C, 0x95, 0xA2, 0x5B,
    0x50, 0x4C, 0x0B, 0x8C, 0x2C, 0x5D, 0xA8, 0xC3, 0x82, 0x7C, 0x5C, 0x90, 0x46, 0x13, 0xDE, 0x64,
    0xC1, 0x3D, 0xC5, 0x7D, 0x62, 0x16, 0x4E, 0xD3, 0xB1, 0x0D, 0xEE, 0x61, 0x90, 0x90, 0x89, 0x26,
    0x22, 0x89, 0xC0, 0x2D, 0xA0, 0x00, 0x4C, 0x03, 0xFB, 0x92, 0xCA, 0x03, 0x8A, 0x59, 0x70, 0xBE,
    0x6C, 0x5C, 0x65, 0x7D, 0xB1, 0x18, 0xEC, 0xED, 0xBB, 0xEF, 0x7A, 0xAB, 0xDF, 0x60, 0xB7, 0xA8,
    0xC3, 0xFA, 0xE9, 0xDC, 0x8A, 0xC5, 0xCA, 0xAE, 0xE6, 0x6E, 0x5F, 0x3E, 0xFC, 0xC7, 0x29, 0x5B,
    0xFE, 0x41, 0x0B, 0x44, 0x48, 0x03, 0x64, 0x3A, 0x9C, 0x4F, 0xE6, 0x10, 0xCD, 0xE1, 0x96, 0x1C,
    0x85, 0x2F, 0x97, 0x1C, 0x09, 0x8F, 0xF3, 0xA4, 0x22, 0xBE, 0xFC, 0x8F, 0x3F, 0xF2, 0x35, 0xD6,
    0xCF, 0xFB, 0x1C, 0xF1, 0x20, 0x87, 0xDB, 0xE7, 0xA0, 0xF0, 0xE0, 0x7A, 0x98, 0x07, 0xD2, 0x70,
    0x93, 0xAC, 0x29, 0xB8, 0xF8, 0x79, 0x40, 0x36, 0x25, 0x4B, 0xFF, 0xBF, 0xF6, 0x97, 0x73, 0x69,
    0x5E, 0x4B, 0xE6, 0x0B, 0xCF, 0xA1, 0x6F, 0x96, 0x4C, 0x70, 0xAB, 0xA5, 0xDD, 0x35, 0x80, 0x0B,
    0xCE, 0x61, 0x96, 0xA6, 0x1E, 0xEA, 0x09, 0xC2, 0x65, 0x08, 0x76, 0xF3, 0xFA, 0xB9, 0xE8, 0x2F,
    0x28, 0xD7, 0xDF, 0x6F, 0xB9, 0x66, 0x33, 0x2D, 0x71, 0x2E, 0x49, 0x43, 0x31, 0xCF, 0xF5, 0xC3,
    0x51, 0xA3, 0x45, 0x66, 0x96, 0x80, 0x01, 0xC7, 0x12, 0xB3, 0xA7, 0x6C, 0xC0, 0x76, 0x14, 0x7E,
    0x73, 0x1A, 0xFC, 0xE3, 0xE3, 0x56, 0xE3, 0xCB, 0x96, 0xA2, 0x03, 0x5A, 0x56, 0x37, 0x9D, 0xBB,
    0x7E, 0x75, 0x45, 0x58, 0x5D, 0x39, 0x62, 0xA8, 0x39, 0x99, 0x29, 0x28, 0x1F, 0xF6, 0xEE, 0xD1,
    0x44, 0x36, 0x73, 0x49, 0x7A, 0x68, 0x1F, 0x2C, 0x87, 0x42, 0xE1, 0x4B, 0xAF, 0xB3, 0xA8, 0xB1,
    0xCD, 0x19, 0x2F, 0x30, 0xC1, 0x6A, 0x71, 0xB3, 0xF3, 0xCF, 0x67, 0x40, 0x0D, 0xB8, 0x8A, 0xA6,
    0xE8, 0x8C, 0xCF, 0xA4, 0xAD, 0xA8, 0x47, 0x78, 0x19, 0xB0, 0x01, 0xD2, 0x08, 0xEC, 0x4D, 0x8F,
    0x65, 0x80, 0xBF, 0x69, 0x30, 0xE3, 0xBE, 0xD9, 0x01, 0xB6, 0x82, 0xD4, 0x73, 0x5E, 0xF6, 0x1A,
    0xAC, 0x2F, 0xBC, 0x23, 0xEF, 0x6E, 0x93, 0x85, 0x53, 0x4C, 0x98, 0x16, 0x93, 0xE3, 0xBB, 0x41,
    0x44, 0xC2, 0x93, 0x1A, 0xDC, 0xA6, 0xE1, 0x8E, 0xED, 0xD2, 0xCE, 0x48, 0xDB, 0x70, 0x7D, 0xDC,
    0x2B, 0x9B, 0x20, 0x1D, 0x20, 0xEB, 0xC0, 0x72, 0xF1, 0x39, 0x4A, 0x0F, 0xF5, 0xFE, 0x2A, 0xEA,
    0x6F, 0x92, 0x37, 0xF6, 0xC2, 0x73, 0xE4, 0xCD, 0x35, 0xAC, 0x77, 0x6A, 0xCB, 0xF1, 0x55, 0xE0,
    0xE2, 0xE7, 0xE1, 0x1A, 0xAC, 0xC7, 0x04, 0x18, 0xE0, 0x0A, 0x5B, 0x29, 0xA3, 0xD6, 0xE4, 0x0B,
    0x3C, 0xBD, 0xF7, 0x4E, 0x02, 0x85, 0xC7, 0xC1, 0x7D, 0x92, 0xF0, 0x78, 0x6F, 0x6C, 0x83, 0xD6,
    0xEC, 0x0B, 0xBC, 0x65, 0x68, 0x44, 0x7C, 0x3A, 0x61, 0x04, 0xFB, 0xF3, 0xEA, 0x9A, 0xF1, 0x6F,
    0xF3, 0xCE, 0x2F, 0xA3, 0xEA, 0x93, 0x7F, 0x3E, 0xB0, 0x2F, 0x6E, 0x0D, 0x95, 0x3E, 0x3B, 0x9A,
    0x76, 0x48, 0xA7, 0x7D, 0xA8, 0x04, 0x30, 0x7D, 0xEA, 0xD3, 0xB9, 0x68, 0x28, 0x26, 0xC8, 0x47,
    0xB8, 0x7D, 0x06, 0xA1, 0xAC, 0xA8, 0xAC, 0xD7, 0xB3, 0xB4, 0x8F, 0x42, 0x36, 0xCB, 0x50, 0xF8,
    0x7C, 0x74, 0x98, 0x78, 0x9B, 0x34, 0x9E, 0x92, 0xC4, 0x09, 0x56, 0x8B, 0x70, 0x7E, 0x7C, 0x46,
    0x32, 0xD6, 0xA4, 0x83, 0xC3, 0x84, 0xA5, 0x7F, 0xB7, 0x8C, 0xDB, 0xAE, 0x21, 0x00, 0xCA, 0x3E,
    0x87, 0x7A, 0xBE, 0x0C, 0xA1, 0x8E, 0x70, 0x27, 0x1F, 0x78, 0x5C, 0xA4, 0xAF, 0x1F, 0xD0, 0xFE,
    0x8F, 0x5E, 0xBF, 0x8F, 0xA8, 0x31, 0x11, 0xD7, 0x98, 0x91, 0xC2, 0x9B, 0x41, 0xB1, 0xDD, 0x0E,
    0x9F, 0x0D, 0xED, 0x97, 0x8D, 0xD8, 0xAE, 0x95, 0xC6, 0x4E, 0x22, 0xDE, 0xCE, 0x9F, 0x77, 0x81,
    0xAA, 0x38, 0x15, 0x59, 0x78, 0xDB, 0xA9, 0xE8, 0x9A, 0x74, 0x3C, 0x3B, 0x9C, 0xDC, 0xA7, 0x27,
    0x18, 0xB5, 0x8F, 0xDE, 0xE1, 0x6D, 0x67, 0x75, 0x82, 0xCD, 0x36, 0x41, 0x57, 0xC1, 0x19, 0x30,
    0x82, 0xE9, 0x21, 0xAB, 0x2E, 0x3E, 0x47, 0xD1, 0x81, 0x0B, 0x70, 0x3A, 0x92, 0x84, 0x23, 0x8C,
    0xB7, 0x17, 0x9F, 0x03, 0x30, 0x53, 0xE2, 0x73, 0xF9, 0x99, 0xD7, 0xFF, 0x9C, 0x79, 0x31, 0x99,
    0x2F, 0x3C, 0xC7, 0x53, 0x6E, 0x73, 0x17, 0x3F, 0x8F, 0xBC, 0x39, 0xBF, 0x63, 0xE9, 0xF1, 0x61,
    0xD1, 0x8D, 0x44, 0xFF, 0x6E, 0x82, 0x83, 0xF2, 0x94, 0xFE, 0x6F, 0x02, 0x27, 0xB4, 0x63, 0x58,
    0x62, 0xFA, 0xA2, 0xCB, 0x3B, 0x57, 0xE5, 0xA1, 0xA6, 0x58, 0xF4, 0x1C, 0xC5, 0x89, 0xF7, 0x16,
    0xEB, 0x63, 0x34, 0x3E, 0xC6, 0xAC, 0x8A, 0xD3, 0xCB, 0xC4, 0xE9, 0xCA, 0xA2, 0xE7, 0xC6, 0xA2,
    0x27, 0x2C, 0x7A, 0xBA, 0x55, 0x4F, 0x6F, 0x17, 0x3D, 0x97, 0x17, 0x3D, 0x3B, 0x80, 0xFA, 0xF1,
    0x9B, 0xF8, 0x1E, 0x60, 0x50, 0x5C, 0xE1, 0x50, 0x5A, 0x30, 0xB2, 0xFD, 0xE0, 0xCB, 0x02, 0xA5,
    0x3F, 0xFF, 0xA1, 0xF9, 0x4C, 0x1C, 0x5C, 0x27, 0xA5, 0x4F, 0x47, 0x9C, 0x4F, 0x26, 0xA4, 0xA3,
    0x7D, 0xF8, 0xD3, 0x99, 0x37, 0xA6, 0x5C, 0xC0, 0x0C, 0x40, 0xDE, 0x03, 0x45, 0x03, 0x1C, 0x01,
    0xBC, 0xF7, 0xAB, 0x4A, 0x2E, 0x40, 0x2A, 0x15, 0x64, 0xBF, 0xF0, 0x60, 0xBF, 0x19, 0x74, 0xE2,
    0x37, 0x7E, 0x35, 0xC9, 0x3F, 0xF7, 0x7D, 0xF9, 0x3E, 0x79, 0x7A, 0x51, 0xC9, 0xD9, 0x27, 0xFF,
    0x89, 0x26, 0xCF, 0x04, 0x92, 0x09, 0xF6, 0x6B, 0xDF, 0x01, 0x16, 0xE0, 0xAB, 0x1C, 0x14, 0x27,
    0xBE, 0x9E, 0x17, 0xB8, 0xC9, 0x44, 0xDD, 0x8C, 0x17, 0x78, 0x26, 0xC5, 0x4C, 0x5E, 0x51, 0x63,
    0xC1, 0x55, 0x97, 0xA1, 0xF0, 0x57, 0xC1, 0x76, 0x3B, 0xC8, 0xFB, 0x1B, 0x60, 0xC2, 0x09, 0xA4,
    0x43, 0x60, 0xFF, 0x24, 0x34, 0x7B, 0xA0, 0x56, 0xB8, 0x0A, 0x28, 0x01, 0xAE, 0x29, 0x8E, 0x14,
    0x37, 0x15, 0xE7, 0x4F, 0x35, 0x45, 0x07, 0xB9, 0x54, 0x60, 0x47, 0x40, 0x02, 0xD0, 0x2A, 0x32,
    0x85, 0x79, 0x2A, 0xCA, 0x07, 0x98, 0x0F, 0x1E, 0xCD, 0x98, 0x0F, 0x75, 0x63, 0x8E, 0x58, 0xAF,
    0xE8, 0xCC, 0x48, 0xDE, 0x9B, 0x81, 0x2C, 0x6C, 0x08, 0x98, 0x0D, 0x07, 0x6D, 0xDA, 0x65, 0xEB,
    0x3C, 0xE9, 0x30, 0xA9, 0x96, 0x00, 0x1F, 0x6A, 0xA8, 0x50, 0x3F, 0x78, 0x6A, 0xB6, 0xC3, 0x27,
    0xA5, 0x06, 0x44, 0x3C, 0xAC, 0xBF, 0x1D, 0xB0, 0xDE, 0x6D, 0xF8, 0xF4, 0xCF, 0x07, 0xD0, 0x45,
    0x9C, 0x9D, 0x34, 0xE5, 0xF9, 0x4A, 0xA6, 0x9E, 0xB8, 0xAD, 0xA4, 0xA9, 0xA8, 0xC9, 0xC1, 0x55,
    0x2F, 0x43, 0xE1, 0x7F, 0x0D, 0x6C, 0x77, 0x05, 0xF2, 0xF0, 0x75, 0xCD, 0xF9, 0x36, 0xA4, 0xE3,
    0x7B, 0x90, 0xC4, 0x67, 0xAF, 0xE4, 0xFD, 0xCF, 0x59, 0xC9, 0xFF, 0x05, 0xCD, 0x9B, 0x31, 0xAC,
    0xDD, 0xC8, 0x79, 0xEF, 0x7F, 0xE4, 0x60, 0x45, 0xEF, 0x12, 0x4F, 0xB3, 0xC5, 0xE2, 0x15, 0x5E,
    0x5B, 0x74, 0xE1, 0xC2, 0xCF, 0xB0, 0x2E, 0x1B, 0x17, 0x5B, 0x1C, 0x69, 0xF8, 0x90, 0x3E, 0xDE,
    0x26, 0x75, 0x5C, 0x26, 0x09, 0x12, 0xB9, 0x70, 0x21, 0x04, 0x92, 0xC8, 0x38, 0x45, 0x8A, 0x14,
    0x51, 0x8F, 0x14, 0x0B, 0x64, 0x0B, 0xEF, 0x55, 0x21, 0x15, 0x0A, 0x20, 0x24, 0xD2, 0xE5, 0xC0,
    0x29, 0xB6, 0x48, 0xB1, 0x44, 0x9C, 0x2E, 0x85, 0x19, 0x7B, 0x8B, 0x40, 0x09, 0xA0, 0x71, 0x4C,
    0x78, 0xB9, 0xAB, 0x21, 0xBF, 0x9C, 0x0F, 0xE7, 0x9C, 0x4B, 0x5F, 0xDC, 0xEB, 0x95, 0x24, 0x9F,
    0x5D, 0xDD, 0xC1, 0xE1, 0x8F, 0xBA, 0x3C, 0x33, 0xF3, 0x7D, 0xFF, 0xFF, 0x0C, 0x0F, 0xCF, 0xF0,
    0x50, 0xA4, 0x87, 0x87, 0x0D, 0x18, 0x11, 0xCF, 0xC9, 0x62, 0x3D, 0xCA, 0x4E, 0x59, 0x06, 0xA5,
    0x53, 0xF2, 0x17, 0x83, 0xF2, 0x1F, 0xA2, 0x32, 0x28, 0x93, 0xFE, 0x08, 0x30, 0x5D, 0xAD, 0xF4,
    0xAE, 0x82, 0xBC, 0x29, 0x1B, 0xB0, 0x95, 0x76, 0x61, 0xD1, 0x2E, 0x0E, 0xC8, 0x7B, 0x70, 0x87,
    0x77, 0x03, 0xD4, 0x22, 0x03, 0x3C, 0x80, 0x08, 0x03, 0x3C, 0x24, 0x09, 0x70, 0x0B, 0xA3, 0x15,
    0x30, 0x1D, 0x94, 0x95, 0x56, 0x2E, 0x9B, 0x76, 0xE6, 0x0D, 0x19, 0x45, 0xB0, 0x12, 0xDF, 0x38,
    0x3C, 0xC4, 0x8A, 0x00, 0x4B, 0x49, 0xE5, 0x63, 0x8A, 0x59, 0x70, 0xBE, 0x6C, 0xDC, 0x3A, 0x58,
    0xA1, 0x01, 0xD9, 0x6E, 0x7F, 0x72, 0xD7, 0x5B, 0x11, 0xEF, 0x3A, 0xEB, 0x5B, 0xAC, 0x9F, 0x8E,
    0xB7, 0x62, 0xBD, 0x95, 0x5D, 0xCD, 0x9D, 0xBE, 0x7C, 0xF2, 0xE1, 0x94, 0x4D, 0x66, 0xC2, 0x34,
    0x39, 0x90, 0x76, 0x07, 0x00, 0x12, 0x95, 0x5F, 0xBD, 0xCD, 0xCB, 0xFB, 0x31, 0x73, 0xB6, 0x1F,
    0xC5, 0xE7, 0xFA, 0x91, 0x46, 0x08, 0x24, 0x11, 0xF5, 0x63, 0x46, 0x9D, 0x68, 0x31, 0x1E, 0xEA,
    0x2A, 0xEF, 0xD6, 0x54, 0x3F, 0xF2, 0x9D, 0x1F, 0xA6, 0xB2, 0x18, 0x6F, 0x37, 0x49, 0xCF, 0x11,
    0xCA, 0x7E, 0xEF, 0xBE, 0xFC, 0x8E, 0x9A, 0xDD, 0x29, 0xCD, 0xF6, 0xA4, 0x66, 0xEE, 0xB3, 0x68,
    0xEE, 0x77, 0x9A, 0x6B, 0x54, 0xB3, 0x3B, 0x43, 0x33, 0x40, 0xA1, 0xE0, 0xA1, 0x22, 0x19, 0x94,
    0xE6, 0x37, 0x19, 0x95, 0x89, 0x04, 0x80, 0x6B, 0xFD, 0xCB, 0xF9, 0x60, 0xB7, 0x3E, 0xFC, 0x53,
    0x5F, 0xCA, 0x87, 0x73, 0x36, 0x1B, 0x81, 0x42, 0x63, 0x6E, 0x22, 0x9A, 0xDD, 0x16, 0x35, 0xD2,
    0x08, 0xE5, 0x80, 0xCA, 0xD0, 0xA3, 0x3B, 0xAF, 0x8A, 0x0A, 0x58, 0x01, 0xBC, 0xA9, 0x00, 0xB8,
    0xA0, 0x55, 0xEB, 0xA7, 0x52, 0x25, 0x11, 0xE7, 0xB3, 0x1E, 0xBB, 0x0E, 0x4C, 0xDE, 0x95, 0x15,
    0x79, 0xE5, 0x00, 0x6E, 0x29, 0x8E, 0x14, 0xD3, 0x49, 0xC4, 0x93, 0x7F, 0x1E, 0x1D, 0x57, 0x76,
    0x8A, 0xB2, 0x62, 0xA3, 0x49, 0x4F, 0x9A, 0xA4, 0x4B, 0x27, 0x72, 0x8F, 0x06, 0xE2, 0xC2, 0x5A,
    0x3E, 0xD4, 0x40, 0x84, 0x34, 0x40, 0xA6, 0xCA, 0x59, 0x4A, 0xFB, 0x31, 0xD9, 0x2C, 0x14, 0x5D,
    0xA1, 0xF6, 0xF8, 0x9A, 0xDC, 0x1F, 0x91, 0x57, 0x13, 0xA0, 0x5B, 0xDC, 0x6E, 0xBB, 0xBF, 0x35,
    0x70, 0x0D, 0xB8, 0x8A, 0xA6, 0xE8, 0x8C, 0xCF, 0xA4, 0xAD, 0xA8, 0x47, 0xA0, 0x05, 0x10, 0x0F,
    0xE6, 0x69, 0x07, 0xF9, 0x4F, 0x02, 0x14, 0xDC, 0x80, 0xB7, 0xF8, 0xCA, 0xAB, 0x95, 0xBF, 0x99,
    0x71, 0x01, 0x8E, 0x22, 0xC9, 0x70, 0x15, 0xE3, 0xF3, 0xB3, 0xE4, 0xFB, 0x45, 0xFE, 0x6B, 0xBC,
    0xB8, 0xFC, 0x03, 0x00, 0x77, 0x8C, 0x4B, 0x2C, 0xE5, 0x15, 0xCB, 0xCF, 0x9B, 0xE3, 0xF9, 0x4E,
    0xD6, 0x00, 0xEC, 0x5F, 0xFE, 0x8A, 0x15, 0x14, 0x49, 0x80, 0xFC, 0xDF, 0x3B, 0x30, 0xD2, 0x00,
    0x02, 0xF0, 0x07, 0xAF, 0x58, 0x7E, 0xD6, 0xE4, 0x24, 0xE1, 0x00, 0x1E, 0x45, 0x70, 0x01, 0x8A,
    0x7E, 0xFF, 0x93, 0xFF, 0x4D, 0xDE, 0x02, 0xAE, 0x30, 0x00, 0xF6, 0xAF, 0x7B, 0x20, 0x93, 0x06,
    0x48, 0x05, 0x80, 0x0F, 0xD8, 0x15, 0x11, 0x1D, 0x91, 0x6B, 0x9F, 0xDD, 0x91, 0x0A, 0x13, 0x28,
    0x7B, 0xA5, 0x19, 0x94, 0x44, 0x25, 0x47, 0x4A, 0xDC, 0x86, 0x95, 0xB2, 0x6C, 0x94, 0x85, 0x5F,
    0x68, 0x17, 0xB2, 0x1C, 0xD7, 0x9A, 0x4B, 0x2B, 0xB7, 0xF4, 0x96, 0x44, 0x65, 0x36, 0x90, 0x69,
    0x44, 0xAE, 0xCD, 0x77, 0xA5, 0xDA, 0x66, 0x02, 0x2E, 0x16, 0x0D, 0x94, 0xB1, 0x00, 0xD2, 0x78,
    0x00, 0x24, 0x71, 0x05, 0x10, 0xBF, 0x8B, 0x92, 0x2D, 0x93, 0xB6, 0x8B, 0x90, 0xCF, 0x53, 0xD4,
    0x68, 0x36, 0x6A, 0x9C, 0x2C, 0x42, 0x8D, 0x89, 0x1A, 0x27, 0x8D, 0x30, 0x91, 0x1C, 0x73, 0x79,
    0x9D, 0x3C, 0xAE, 0x35, 0x77, 0xAD, 0x9C, 0x92, 0xD2, 0x5F, 0x9C, 0xB4, 0xE7, 0x51, 0x7A, 0x8D,
    0x22, 0x61, 0x0F, 0x2E, 0x89, 0x08, 0xD6, 0xDF, 0x99, 0x0F, 0x5F, 0xC2, 0x25, 0x73, 0xA6, 0x4B,
    0x40, 0xA9, 0x20, 0xC2, 0x1B, 0x87, 0xF2, 0x1E, 0x56, 0x24, 0x00, 0x11, 0x05, 0x49, 0xDB, 0x47,
    0xF2, 0x39, 0x46, 0xD4, 0x1C, 0xED, 0x3D, 0x52, 0xAB, 0xD4, 0x23, 0xED, 0x78, 0x82, 0x2D, 0xE2,
    0x0E, 0xCB, 0x31, 0xAD, 0xB2, 0xAD, 0xEC, 0x30, 0x7A, 0x0D, 0xBE, 0x38, 0x6B, 0x57, 0x6D, 0xBF,
    0x76, 0xA3, 0x0D, 0x7C, 0xFB, 0xF0, 0xC7, 0xE0, 0x24, 0xB2, 0x14, 0x27, 0x22, 0xFD, 0xDB, 0xF3,
    0xE1, 0xDD, 0x5E, 0xB3, 0xEE, 0x35, 0xBE, 0x82, 0x05, 0x9C, 0x09, 0x91, 0x19, 0xE4, 0xF0, 0x83,
    0xE5, 0xD8, 0x59, 0xF8, 0x96, 0x62, 0xA5, 0xB8, 0xA1, 0x88, 0xEB, 0x40, 0x77, 0xA2, 0x86, 0x3C,
    0xE3, 0x0B, 0xD8, 0x72, 0x12, 0x59, 0x5F, 0x78, 0x47, 0xDE, 0xDD, 0x22, 0x0B, 0x8F, 0x30, 0x61,
    0x5A, 0x6F, 0x72, 0x78, 0x27, 0x88, 0x48, 0x38, 0x79, 0x12, 0x81, 0xD3, 0xAD, 0xE2, 0xB6, 0xED,
    0x4C, 0x67, 0xA4, 0x6D, 0xB8, 0x36, 0x6A, 0xC4, 0x7B, 0x70, 0x90, 0xF4, 0x60, 0xC5, 0x43, 0xF2,
    0x01, 0xE7, 0x40, 0xB1, 0xA9, 0x72, 0x4C, 0x73, 0xEA, 0x2B, 0xD6, 0xB3, 0x95, 0x8B, 0x3C, 0x43,
    0x79, 0xBA, 0x53, 0x7E, 0xFA, 0xE2, 0x71, 0xF9, 0x3C, 0x28, 0x3F, 0x71, 0xDD, 0xC8, 0xAB, 0xFD,
    0x8D, 0xF9, 0xA2, 0xFC, 0xD5, 0x69, 0x83, 0x4B, 0x00, 0x0F, 0x81, 0x34, 0x00, 0x66, 0xC1, 0x08,
    0xA4, 0x12, 0x80, 0xBA, 0x7F, 0x59, 0x9D, 0xE5, 0xA2, 0xD3, 0x73, 0x6D, 0x86, 0x24, 0x40, 0xD6,
    0x2D, 0x7E, 0xDA, 0x0E, 0x72, 0xF1, 0x24, 0xD2, 0xF0, 0x4D, 0xDE, 0x82, 0x03, 0x06, 0xB0, 0x1F,
    0xF6, 0x60, 0xC4, 0x43, 0x22, 0x00, 0x7F, 0xFC, 0x8A, 0xA7, 0x40, 0x56, 0xE5, 0xA4, 0xFD, 0x15,
    0x98, 0x46, 0x70, 0x01, 0xCA, 0x6E, 0xFF, 0x93, 0x9F, 0xD2, 0x03, 0xD4, 0x41, 0x39, 0x0F, 0x40,
    0x1A, 0x1E, 0x02, 0xB9, 0x2F, 0x80, 0xD7, 0x49, 0xD8, 0x95, 0xA4, 0x9D, 0x81, 0x72, 0x96, 0x1E,
    0x66, 0xF2, 0x11, 0x13, 0x48, 0xA3, 0xFA, 0x49, 0x54, 0xCB, 0xE9, 0x71, 0x00, 0xD4, 0xB0, 0x8D,
    0x08, 0xD3, 0x6F, 0x67, 0x2D, 0x7E, 0x4D, 0x27, 0xFE, 0x08, 0xD2, 0x89, 0x1A, 0x92, 0x88, 0x03,
    0xED, 0xAD, 0x81, 0x5D, 0xCF, 0x59, 0x50, 0x26, 0x33, 0x49, 0xD4, 0xE8, 0x6D, 0x44, 0x33, 0xA9,
    0xC0, 0xF6, 0x40, 0x39, 0x00, 0x2E, 0x02, 0x0F, 0x6E, 0x02, 0xBD, 0x85, 0xA4, 0x4A, 0xAB, 0x9D,
    0x49, 0x43, 0xDD, 0x64, 0xB3, 0xC8, 0xDA, 0xA4, 0xE2, 0x47, 0x95, 0xAE, 0x67, 0x70, 0xDA, 0xE1,
    0x49, 0x6C, 0x16, 0xBB, 0xB6, 0x2B, 0x3D, 0x46, 0x04, 0xD2, 0xC7, 0xEF, 0x43, 0x5E, 0x01, 0x16,
    0x45, 0xA5, 0x10, 0xB9, 0xAD, 0xEF, 0x8E, 0x64, 0x22, 0x13, 0xAE, 0x4A, 0x84, 0x23, 0xA8, 0x99,
    0x8E, 0x31, 0xC3, 0x44, 0x5D, 0xA5, 0xE3, 0xC6, 0xA3, 0x54, 0x3E, 0x45, 0x93, 0x49, 0x00, 0xE3,
    0x37, 0x8B, 0xDB, 0x4B, 0x00, 0x73, 0x84, 0xE5, 0x83, 0xEC, 0x4C, 0x7B, 0xA7, 0x3D, 0xD8, 0xEB,
    0xD4, 0x5E, 0xCA, 0x97, 0xB5, 0x37, 0x21, 0x81, 0xB4, 0xC9, 0x20, 0xE9, 0x35, 0xED, 0x36, 0x2E,
    0x2B, 0xF2, 0x65, 0x0E, 0xD6, 0x55, 0x36, 0xCB, 0x93, 0x57, 0x67, 0x2F, 0x79, 0xA3, 0xB4, 0x7E,
    0xE1, 0xC9, 0xEF, 0xD8, 0x5F, 0xF0, 0xEC, 0xAD, 0x5F, 0xD6, 0x5E, 0x34, 0x71, 0xAD, 0xA3, 0x38,
    0x9D, 0xF5, 0x79, 0x99, 0xBD, 0xE7, 0xEB, 0x94, 0x3F, 0x59, 0x0A, 0xAF, 0xD4, 0x76, 0xE0, 0x14,
    0x5C, 0x51, 0x70, 0x7D, 0xE1, 0x00, 0x9A, 0x32, 0x64, 0x0A, 0xDB, 0x9F, 0x33, 0x7B, 0xB9, 0x70,
    0x5B, 0x69, 0x83, 0xD2, 0x45, 0xE5, 0xC3, 0xAB, 0x40, 0x1A, 0x6C, 0xB3, 0x66, 0x95, 0x34, 0x00,
    0x80, 0x48, 0xB0, 0x22, 0xAD, 0xF4, 0xB9, 0xCC, 0xD9, 0x08, 0x65, 0x67, 0x86, 0x65, 0x35, 0xF2,
    0x5C, 0x94, 0x75, 0xF1, 0x66, 0x3E, 0x3C, 0x6C, 0x5F, 0xA0, 0xD5, 0x26, 0xCA, 0x26, 0xE2, 0x26,
    0xFA, 0x26, 0x13, 0xF8, 0x23, 0x20, 0x11, 0xC0, 0x48, 0xA3, 0x57, 0xCE, 0x0E, 0x0E, 0x92, 0xC0,
    0xE6, 0x6A, 0x0A, 0x20, 0x01, 0x68, 0x8F, 0xBD, 0x37, 0x67, 0xA2, 0xEE, 0x31, 0xFF, 0xF3, 0x74,
    0xC2, 0x3C, 0xDD, 0x2C, 0x49, 0x5C, 0x63, 0x46, 0x95, 0x35, 0x6C, 0xA0, 0x69, 0x3C, 0x13, 0x5A,
    0x4F, 0x53, 0xB4, 0x5D, 0x2B, 0x8D, 0x9D, 0x44, 0xBC, 0x9D, 0x4F, 0xF8, 0x15, 0xC1, 0x9D, 0xE1,
    0x97, 0x88, 0x96, 0x3B, 0xEA, 0xC8, 0xE3, 0x2F, 0xDA, 0xAF, 0xB3, 0xCC, 0x10, 0x11, 0x58, 0x87,
    0xFF, 0xC2, 0xCD, 0x00, 0xCA, 0xFE, 0xF5, 0x7A, 0xFE, 0x7A, 0x68, 0xE3, 0xED, 0xBC, 0x07, 0x9C,
    0xC4, 0x52, 0xC6, 0x64, 0x86, 0x09, 0xE2, 0x0B, 0xBE, 0x26, 0x92, 0x99, 0x75, 0x73, 0x27, 0x11,
    0xA0, 0x18, 0xF2, 0xCA, 0xCD, 0x45, 0xF5, 0xC3, 0x52, 0xF8, 0xBE, 0x2A, 0xDF, 0x96, 0x5C, 0x36,
    0x1B, 0x35, 0xE0, 0x5E, 0x64, 0xAB, 0xA0, 0x6E, 0xC8, 0x65, 0xC4, 0x4A, 0xE4, 0xF0, 0xF0, 0x3D,
    0xB5, 0x6F, 0x77, 0x1A, 0xB4, 0xD2, 0x67, 0xE3, 0x66, 0x31, 0xFA, 0x82, 0xAF, 0x81, 0x6C, 0x64,
    0xDD, 0x5C, 0x24, 0xAC, 0x5F, 0xEB, 0x6E, 0x01, 0xA0, 0x8C, 0xFA, 0x4A, 0x5E, 0x40, 0x79, 0xEF,
    0x24, 0x84, 0x24, 0x3C, 0xC8, 0x7A, 0x27, 0xFE, 0xC2, 0x07, 0xEC, 0x37, 0xB7, 0xEF, 0x53, 0x0D,
    0x89, 0x7F, 0x94, 0x35, 0x4E, 0xB8, 0xF0, 0x3E, 0xB0, 0x24, 0x99, 0x3E, 0x3B, 0x4F, 0xAD, 0x90,
    0x4E, 0xDB, 0x24, 0xF7, 0x95, 0x52, 0x32, 0x90, 0x7B, 0xCA, 0x0A, 0x07, 0xFA, 0x6A, 0x28, 0xD7,
    0xC2, 0xA5, 0x49, 0xFB, 0x6D, 0xE5, 0xA4, 0xE7, 0xB8, 0x48, 0xA0, 0x0D, 0x64, 0x2F, 0x10, 0xA2,
    0x11, 0xF1, 0xC9, 0x7D, 0x0D, 0x51, 0x54, 0xB8, 0xCD, 0xCB, 0x53, 0x08, 0x17, 0x66, 0x4E, 0x86,
    0xD8, 0xA7, 0xCF, 0xED, 0x4B, 0xE5, 0x29, 0xF2, 0xAB, 0x35, 0x5B, 0xF9, 0xB9, 0x48, 0x93, 0x8D,
    0xE4, 0x83, 0xBE, 0xAB, 0x9D, 0x7C, 0xD1, 0xAF, 0x41, 0xA9, 0xAA, 0x83, 0xE6, 0xBF, 0xA6, 0x48,
    0x58, 0x13, 0xD8, 0x30, 0x5B, 0x48, 0xDE, 0x2F, 0xDF, 0x86, 0x5C, 0x03, 0xE4, 0x33, 0x80, 0xED,
    0x51, 0x3F, 0x0F, 0xB4, 0x85, 0xDB, 0x20, 0xE9, 0x4F, 0xDF, 0x29, 0x6D, 0x43, 0x2E, 0xD4, 0x21,
    0x13, 0xED, 0xAD, 0x46, 0xEB, 0xBD, 0x0C, 0x06, 0x9C, 0xE6, 0xEB, 0xD4, 0x38, 0x87, 0x88, 0x77,
    0x00, 0x27, 0x41, 0xAD, 0x38, 0x02, 0x92, 0x78, 0xFC, 0x5D, 0xBE, 0x81, 0xAF, 0x02, 0xB5, 0x07,
    0xE9, 0x31, 0xFF, 0x31, 0x90, 0x37, 0x37, 0x79, 0x9D, 0x0B, 0x00, 0x58, 0x11, 0x72, 0x99, 0xA1,
    0x6E, 0xC0, 0x55, 0xE0, 0xF8, 0xE2, 0xB6, 0x1A, 0x98, 0x20, 0x8D, 0x50, 0x07, 0x38, 0xAA, 0xC0,
    0x44, 0x75, 0xB3, 0xB8, 0x5B, 0x5D, 0xC9, 0x7C, 0x4F, 0x0F, 0x00, 0xEE, 0xD9, 0x9F, 0x21, 0xCF,
    0x3A, 0x67, 0x47, 0x75, 0xBB, 0xED, 0x98, 0xB7, 0x17, 0x7B, 0xAF, 0x97, 0x0F, 0xD1, 0x8F, 0xF2,
    0x24, 0x2E, 0x53, 0x3D, 0xF3, 0xCA, 0x02, 0xE5, 0x0D, 0x65, 0x32, 0x28, 0xB3, 0x4E, 0x69, 0x1B,
    0xA5, 0xAB, 0x94, 0xE2, 0xC1, 0x7C, 0x22, 0x3D, 0x18, 0xF9, 0x5B, 0xAD, 0x33, 0x99, 0x08, 0x66,
    0x48, 0x04, 0x6D, 0x2B, 0x8D, 0xD2, 0x75, 0xCA, 0x22, 0x28, 0xED, 0xE6, 0x84, 0x9A, 0xD0, 0x88,
    0xD2, 0xAC, 0xA3, 0xD3, 0x0E, 0x22, 0x81, 0xB7, 0x87, 0xB3, 0x7E, 0x82, 0x2B, 0x1A, 0x65, 0xC9,
    0xF2, 0xAD, 0x6B, 0xF5, 0xBC, 0xD7, 0x7C, 0xA3, 0x13, 0x37, 0x55, 0x70, 0xC4, 0x1A, 0xE3, 0x1A,
    0x69, 0xBF, 0x46, 0xAE, 0xE2, 0x4A, 0xD6, 0x38, 0x02, 0xF3, 0x4B, 0x01, 0xF3, 0x54, 0x3C, 0x66,
    0x2A, 0x3A, 0xCC, 0x90, 0x07, 0x6D, 0x1B, 0x55, 0xF3, 0xA4, 0xA9, 0x0A, 0x3A, 0xBB, 0x7C, 0x2B,
    0x5D, 0x11, 0x45, 0xBA, 0x0B, 0x11, 0x96, 0xB2, 0xDC, 0xCF, 0x7E, 0xA8, 0x18, 0x14, 0x3D, 0x88,
    0x06, 0x6F, 0x35, 0xB8, 0x9A, 0xBD, 0xD7, 0xE0, 0x17, 0xDE, 0x03, 0x6C, 0x0F, 0xB8, 0x66, 0x17,
    0x7B, 0x00, 0x92, 0x8A, 0xE5, 0x83, 0x0B, 0xD4, 0x57, 0x6D, 0x0B, 0x66, 0x50, 0x84, 0x3D, 0xE0,
    0x9E, 0x22, 0x9C, 0x80, 0x09, 0xD7, 0x3E, 0x3B, 0xBC, 0x1B, 0x44, 0x34, 0xE8, 0x1B, 0x15, 0x65,
    0xA3, 0x19, 0x8D, 0xA4, 0x1D, 0x69, 0xF5, 0xEC, 0x4F, 0xE9, 0x17, 0xFA, 0x48, 0x7C, 0x65, 0xBA,
    0x58, 0xCA, 0xAC, 0x88, 0x40, 0x32, 0x1C, 0xDF, 0x52, 0xF2, 0x7B, 0x55, 0x09, 0x00, 0x7A, 0xB0,
    0x27, 0xF3, 0xE4, 0x0D, 0x76, 0x73, 0xA6, 0xEA, 0xA9, 0x52, 0x68, 0xBD, 0x03, 0xAD, 0xFF, 0x1D,
    0xAD, 0xF2, 0xDD, 0xDF, 0x45, 0xF5, 0x9B, 0xCF, 0x21, 0x5D, 0xC2, 0xCD, 0x36, 0x3C, 0xCC, 0xC2,
    0x7D, 0x13, 0x82, 0x09, 0xFE, 0xCB, 0x1C, 0xBD, 0xE5, 0xEA, 0xA1, 0xE0, 0xD2, 0x59, 0xF5, 0xDE,
    0x5D, 0x23, 0x09, 0x3B, 0xA4, 0x0A, 0xA3, 0xC8, 0x54, 0x42, 0xBB, 0x93, 0x00, 0x6D, 0x80, 0x2C,
    0x80, 0x79, 0xAE, 0x4D, 0x23, 0xBB, 0xED, 0x76, 0xE9, 0xEC, 0x3A, 0x03, 0xAA, 0x42, 0x95, 0x21,
    0xE2, 0x79, 0x7E, 0x6D, 0xAF, 0x2B, 0x6E, 0xEA, 0x39, 0x3F, 0x80, 0x91, 0x0A, 0xCC, 0x08, 0x14,
    0x01, 0x68, 0x15, 0xBF, 0x38, 0xD1, 0x22, 0x9C, 0x40, 0x72, 0x7A, 0x78, 0x9E, 0x35, 0xED, 0x7E,
    0xED, 0x8D, 0x34, 0x66, 0x22, 0x0F, 0xD4, 0x81, 0xBF, 0xFF, 0xDC, 0x69, 0xF7, 0xD5, 0x6A, 0x59,
    0x60, 0x47, 0x45, 0x1A, 0x96, 0xDB, 0x1C, 0xAF, 0xB1, 0x2B, 0x12, 0x30, 0x12, 0xDB, 0x48, 0x2A,
    0x63, 0x36, 0x43, 0x51, 0x19, 0x01, 0x8B, 0x11, 0xAF, 0x7C, 0xD2, 0x2B, 0x3F, 0x0A, 0xCA, 0x7F,
    0x8E, 0xCA, 0x9F, 0x4C, 0x4A, 0x2F, 0x28, 0x9D, 0x57, 0x96, 0x9D, 0xD2, 0x06, 0x65, 0x16, 0x95,
    0xE9, 0xA4, 0x44, 0x94, 0xD4, 0x1F, 0x29, 0xCB, 0x9F, 0x29, 0xAD, 0x28, 0x33, 0x25, 0xA9, 0x90,
    0x75, 0x20, 0xB4, 0x33, 0xD4, 0x88, 0x40, 0xC9, 0xD6, 0xC2, 0xBC, 0x07, 0x6C, 0x03, 0x5C, 0x05,
    0xF8, 0x21, 0x2C, 0x45, 0xFA, 0xFA, 0x63, 0xDA, 0x5F, 0x3D, 0x9D, 0xC8, 0xF6, 0xBC, 0xE4, 0x39,
    0x6F, 0x66, 0x9C, 0x2C, 0x79, 0x50, 0xDA, 0x0E, 0x65, 0xA3, 0x2C, 0x14, 0x5C, 0xFE, 0x42, 0x3D,
    0x81, 0xA5, 0xD4, 0x8A, 0x47, 0x8A, 0x87, 0x8A, 0xA0, 0xE8, 0x81, 0xA4, 0x4A, 0x1A, 0x48, 0xFA,
    0xBC, 0xD1, 0xB7, 0xDC, 0x72, 0x5B, 0xC2, 0x0E, 0xCB, 0xED, 0x8A, 0x73, 0x39, 0xDB, 0x2E, 0xB3,
    0x02, 0xFB, 0x97, 0x01, 0xCC, 0x7F, 0x75, 0x90, 0x48, 0x03, 0xC8, 0x97, 0x33, 0xDB, 0x8A, 0x06,
    0x00, 0xD7, 0x6F, 0x76, 0x41, 0x89, 0x0D, 0x2C, 0x27, 0x2B, 0x49, 0xA7, 0x5C, 0x5B, 0x32, 0xE7,
    0xEA, 0x56, 0x3E, 0xBB, 0xB6, 0xE3, 0x01, 0x6D, 0x9F, 0x05, 0xA0, 0xF6, 0x66, 0x04, 0x5C, 0x95,
    0x44, 0xDD, 0xB1, 0xDD, 0xF1, 0x52, 0xBB, 0x7A, 0xB3, 0x6B, 0x2B, 0x26, 0xC8, 0x65, 0x44, 0x3A,
    0xAC, 0x44, 0xA4, 0x7F, 0xBE, 0x41, 0x1B, 0x58, 0x06, 0x6D, 0x56, 0x7A, 0xA9, 0x96, 0x41, 0x2B,
    0x7A, 0xA5, 0x1D, 0x94, 0x26, 0x2A, 0x93, 0x59, 0x89, 0x7C, 0x4F, 0xE9, 0x3E, 0x52, 0x16, 0x4F,
    0x94, 0xB9, 0x28, 0x8D, 0x92, 0x64, 0x33, 0x68, 0x2D, 0xED, 0x0C, 0x0E, 0x11, 0x28, 0x00, 0xB0,
    0xA7, 0x58, 0x28, 0x38, 0x50, 0x70, 0x53, 0x91, 0x8D, 0xCA, 0xBC, 0xDB, 0xF7, 0x08, 0x7A, 0x1D,
    0x41, 0xAF, 0x23, 0xE8, 0x01, 0x05, 0xC5, 0x31, 0xCA, 0x06, 0x70, 0x15, 0xD0, 0x02, 0x79, 0x54,
    0xF4, 0xE0, 0x24, 0x82, 0xFE, 0x24, 0xCC, 0xC9, 0xB2, 0x7D, 0xCE, 0xE7, 0xA9, 0x54, 0xA4, 0x13,
    0x79, 0xAF, 0xAF, 0x54, 0xB3, 0x82, 0xA8, 0xDD, 0x70, 0x0B, 0x07, 0x38, 0x6E, 0x01, 0x65, 0xF5,
    0x08, 0x28, 0x9A, 0x49, 0xE9, 0x37, 0x8C, 0x28, 0xA7, 0x53, 0x3C, 0x52, 0x36, 0x9B, 0x56, 0x9B,
    0x1E, 0x4A, 0xED, 0x0D, 0xAB, 0x3D, 0x6F, 0xA2, 0x68, 0x44, 0xDB, 0x6F, 0xA3, 0x6F, 0x32, 0xD1,
    0x07, 0x0A, 0x4F, 0x3D, 0x4E, 0x58, 0x8F, 0x64, 0xB3, 0x54, 0x85, 0xB7, 0x9D, 0xC3, 0x84, 0x9A,
    0x74, 0x3C, 0x22, 0x89, 0x13, 0xE8, 0x16, 0xE3, 0x76, 0xDB, 0xFD, 0xAD, 0xEF, 0x69, 0x1D, 0xFD,
    0xA5, 0xDE, 0x76, 0xB6, 0x5B, 0xB7, 0x6D, 0xB4, 0x0F, 0x5E, 0xE3, 0x2D, 0xC0, 0xF2, 0x1D, 0x20,
    0xAF, 0xAE, 0xA3, 0x97, 0xCD, 0x00, 0xD0, 0x36, 0xE7, 0xDB, 0x15, 0xD3, 0x64, 0x9B, 0xE7, 0xF5,
    0xFA, 0x4B, 0xCB, 0x8F, 0xC9, 0xFB, 0x76, 0x87, 0xD9, 0x06, 0x30, 0x51, 0x45, 0x66, 0xBD, 0x8A,
    0xB4, 0xCD, 0x43, 0xE0, 0x4A, 0x12, 0xCE, 0xB7, 0x3B, 0xB8, 0xBF, 0x1A, 0xA9, 0xF3, 0x40, 0xB4,
    0x3E, 0x0D, 0x0E, 0xE3, 0xAF, 0xEF, 0xDB, 0x1D, 0x8D, 0xB4, 0x2E, 0x33, 0x1A, 0xF7, 0xF1, 0x9D,
    0x99, 0x54, 0x4F, 0x43, 0x6E, 0x91, 0xF7, 0xBA, 0x3F, 0xA0, 0xF0, 0xBA, 0xBF, 0x84, 0xAB, 0x74,
    0xFF, 0x3A, 0x0E, 0xDD, 0xC3, 0xAD, 0xED, 0xFE, 0xD1, 0x76, 0x3F, 0xB1, 0xEC, 0x1F, 0x1F, 0x36,
    0x44, 0xB0, 0x22, 0x9E, 0x78, 0xC6, 0xFB, 0x4B, 0xBB, 0xA5, 0x9F, 0x5D, 0xBF, 0xA5, 0xC6, 0xC1,
    0x54, 0x56, 0xE3, 0x92, 0x35, 0x9B, 0x3C, 0xF2, 0x66, 0x93, 0x97, 0x6D, 0xA8, 0x1F, 0xCB, 0xE3,
    0x43, 0x69, 0x36, 0x79, 0xAB, 0x86, 0x81, 0xFA, 0x63, 0xB5, 0xC2, 0xCC, 0xC2, 0xDA, 0x8D, 0x9F,
    0xF9, 0xD2, 0xAF, 0x45, 0x0A, 0x79, 0x57, 0x93, 0xCE, 0x64, 0xE1, 0x08, 0x5D, 0x22, 0x86, 0x09,
    0xB6, 0x3B, 0xFD, 0xA1, 0x3A, 0x82, 0x88, 0xE8, 0x6E, 0x02, 0xA6, 0x13, 0xBB, 0x23, 0x92, 0x19,
    0xA8, 0x49, 0x05, 0xD0, 0xCE, 0x2A, 0xFD, 0x89, 0xD6, 0xFE, 0xAC, 0x4B, 0xD5, 0xB7, 0xDF, 0x93,
    0x56, 0xAD, 0xE3, 0xDA, 0xB8, 0xFC, 0x5E, 0xE0, 0x41, 0x6B, 0x2E, 0x4F, 0x61, 0x06, 0x4E, 0x2C,
    0x35, 0x35, 0xD8, 0x6D, 0x68, 0xE7, 0x36, 0x42, 0x16, 0x68, 0xC1, 0x04, 0xCA, 0x46, 0x59, 0x78,
    0xA5, 0x3D, 0x9B, 0x14, 0x8D, 0xD2, 0xB1, 0x66, 0x12, 0xC1, 0x88, 0xF4, 0x60, 0xE6, 0xD6, 0xEB,
    0x11, 0x1B, 0x94, 0xD9, 0xA0, 0x34, 0x51, 0x99, 0xCC, 0x4A, 0xDA, 0x4A, 0xE9, 0x3C, 0x66, 0xA0,
    0xEC, 0xD1, 0x0F, 0xD7, 0x11, 0xBD, 0x4D, 0x25, 0x95, 0x48, 0xA0, 0x6D, 0x60, 0x42, 0xDF, 0x24,
    0xEB, 0xC0, 0x56, 0xB0, 0x62, 0xC9, 0xD5, 0xB7, 0x4D, 0xFB, 0x53, 0x09, 0xF9, 0xE3, 0x2C, 0x64,
    0xD1, 0x74, 0x66, 0x4C, 0xB4, 0xEA, 0x33, 0x57, 0x04, 0x59, 0x80, 0x7C, 0x80, 0x56, 0xDE, 0x43,
    0xA3, 0x9C, 0x3B, 0xCD, 0x27, 0xCA, 0x91, 0x82, 0xA8, 0x60, 0x5C, 0xC6, 0x2C, 0xED, 0xF6, 0xE8,
    0x00, 0x00, 0x6C, 0x8F, 0xEF, 0x9E, 0x76, 0xA8, 0xE0, 0x22, 0x40, 0xC3, 0xBB, 0xC0, 0x03, 0xD3,
    0x01, 0xCE, 0x36, 0x80, 0x15, 0x80, 0x6C, 0x52, 0x26, 0xEF, 0x9F, 0xDB, 0xB9, 0xF3, 0x75, 0xBE,
    0x43, 0xDE, 0x0C, 0x98, 0x4F, 0x7A, 0x10, 0x8F, 0xB6, 0xD8, 0xF7, 0xDC, 0x01, 0x57, 0xC1, 0x11,
    0xCB, 0x63, 0xBA, 0xCD, 0xB2, 0xB6, 0xBA, 0x36, 0xA9, 0x16, 0x6F, 0xFB, 0x3C, 0x14, 0x8D, 0x19,
    0x5C, 0x95, 0x06, 0x47, 0x72, 0x5B, 0x5B, 0xB8, 0x06, 0x4A, 0x75, 0x7A, 0x84, 0x4C, 0x1A, 0x90,
    0x11, 0x0A, 0x69, 0x48, 0x54, 0x7B, 0xB1, 0x7B, 0x44, 0x39, 0x7E, 0x0D, 0xE2, 0x4D, 0x88, 0xB7,
    0x60, 0xF3, 0xB9, 0xE8, 0xF3, 0x60, 0x67, 0x69, 0x92, 0x76, 0xDC, 0x9E, 0x17, 0x3D, 0xD8, 0x06,
    0x0E, 0x80, 0x77, 0x60, 0xB9, 0x44, 0xDC, 0xA6, 0x94, 0x91, 0x9A, 0xC8, 0xC4, 0x8A, 0x89, 0x77,
    0x98, 0x81, 0xB6, 0x01, 0x37, 0x42, 0x2E, 0x1D, 0x68, 0x1F, 0xF9, 0x0C, 0x08, 0xDF, 0xC0, 0x11,
    0x70, 0x68, 0x8B, 0x89, 0x99, 0xFA, 0xC9, 0x48, 0x2E, 0x0D, 0xE4, 0x61, 0x93, 0x64, 0xF9, 0x10,
    0x6E, 0x94, 0x10, 0xF2, 0x26, 0xA9, 0x92, 0xEA, 0x4B, 0xD1, 0xA7, 0x1D, 0x89, 0x27, 0xFD, 0xA4,
    0x27, 0xEB, 0x06, 0x0A, 0x56, 0xFB, 0xD7, 0x77, 0x96, 0x86, 0x6A, 0x8F, 0x1A, 0xFE, 0x0F, 0x60,
    0x7B, 0x30, 0xA3, 0x56, 0xDD, 0x6C, 0xE9, 0x08, 0x6D, 0x80, 0x3F, 0x6F, 0xF6, 0xA7, 0xE3, 0x3D,
    0x60, 0x66, 0x93, 0x74, 0xE1, 0x37, 0x5B, 0xD9, 0x90, 0x0B, 0x5C, 0xF8, 0x4F, 0x48, 0x3A, 0xD3,
    0x30, 0x16, 0x70, 0xF5, 0x26, 0x14, 0x23, 0xD8, 0x00, 0xC9, 0xBB, 0x00, 0x70, 0xED, 0xD3, 0xDF,
    0xF4, 0x20, 0x6C, 0xC7, 0xB1, 0xDB, 0x97, 0x07, 0x97, 0xB9, 0xAE, 0x0B, 0x2C, 0xCC, 0x27, 0x1D,
    0x48, 0x03, 0xED, 0xE7, 0xCD, 0xD3, 0xEF, 0xBE, 0x90, 0x7E, 0xB7, 0xD5, 0xDF, 0x8A, 0xC8, 0xDC,
    0x3E, 0x96, 0x3B, 0xF3, 0x23, 0x1C, 0x57, 0x1F, 0xE0, 0x38, 0xB8, 0x8F, 0xE3, 0xD2, 0x0F, 0x71,
    0x3A, 0x06, 0x0E, 0xF6, 0x80, 0x7A, 0x87, 0xFF, 0x2B, 0xFF, 0xB6, 0xFB, 0x4A, 0xFF, 0x2D, 0x80,
    0xAB, 0x15, 0x50, 0xF4, 0x27, 0x6E, 0x0E, 0x65, 0x01, 0x8C, 0x74, 0x90, 0x4A, 0x05, 0xF7, 0x20,
    0x90, 0x06, 0xDE, 0x0E, 0x88, 0x84, 0xBB, 0x9F, 0xBD, 0xF7, 0xBC, 0xB7, 0xDC, 0x46, 0x12, 0x19,
    0xA8, 0x07, 0xBE, 0x06, 0xA5, 0x27, 0xEF, 0xB7, 0x6F, 0x64, 0x7D, 0x2A, 0x3E, 0xF9, 0x47, 0x78,
    0x8B, 0xB7, 0xC0, 0x56, 0xF7, 0x21, 0xFB, 0x69, 0xAF, 0xD1, 0x3C, 0xD0, 0x56, 0xC0, 0xFF, 0x03,
    0x80, 0x2F, 0xD3, 0x1C, 0x8D, 0xAB, 0xE3, 0xB9, 0x35, 0xC7, 0x01, 0x57, 0x80, 0x1B, 0x70, 0x4F,
    0x1D, 0xE8, 0xD5, 0x02, 0xF2, 0x80, 0x9A, 0xC0, 0xDA, 0x05, 0x55, 0xF2, 0xE2, 0xDB, 0x08, 0x89,
    0xDC, 0x87, 0x6B, 0x03, 0xB2, 0x2E, 0xE3, 0x5A, 0xD9, 0x9D, 0x71, 0x20, 0xF2, 0x20, 0x10, 0x79,
    0xA7, 0xDF, 0xE1, 0x9B, 0x10, 0xE1, 0x2C, 0xBC, 0x71, 0x67, 0x3E, 0x6C, 0xAC, 0x88, 0x78, 0x88,
    0xF0, 0x0C, 0x24, 0x8A, 0x74, 0x42, 0xAD, 0xEC, 0xD1, 0xDC, 0x97, 0x01, 0xCD, 0xCF, 0x1A, 0xD0,
    0x3F, 0xFD, 0xEC, 0xF6, 0xBA, 0xE6, 0x6F, 0x1F, 0xD0, 0xFB, 0x9A, 0x3A, 0x00, 0x98, 0x99, 0x1F,
    0x80, 0x95, 0x3E, 0xC0, 0xC5, 0x4C, 0x3A, 0xF8, 0xCA, 0x72, 0xA1, 0x12, 0x09, 0xBA, 0xF0, 0x96,
    0x5E, 0x17, 0xDE, 0x23, 0xBA, 0xF0, 0x1E, 0xC0, 0x62, 0xC2, 0x5E, 0x39, 0x2C, 0x4C, 0x47, 0x38,
    0x80, 0x09, 0x56, 0xD0, 0x36, 0xC9, 0x00, 0xC5, 0xDC, 0x76, 0x90, 0xB4, 0x9F, 0xB2, 0x2D, 0x65,
    0x7F, 0x11, 0xDA, 0xE9, 0x32, 0x84, 0x3A, 0xC2, 0xED, 0x3C, 0xB0, 0x14, 0xCD, 0xD8, 0xEB, 0x4F,
    0x25, 0x3E, 0x0B, 0x94, 0x5E, 0x2F, 0xEF, 0x0A, 0xFB, 0x6C, 0x2C, 0xCB, 0xF1, 0xD2, 0xA7, 0x23,
    0xCE, 0x27, 0x13, 0xD2, 0xD1, 0x3E, 0xF9, 0x68, 0xE6, 0xED, 0x29, 0x17, 0x36, 0x0B, 0x53, 0x5D,
    0xA2, 0x02, 0xC0, 0x79, 0x35, 0xE9, 0xD4, 0x83, 0xDF, 0xFB, 0xB7, 0x86, 0xAD, 0x35, 0x1F, 0xAE,
    0xAD, 0x99, 0x8D, 0x1C, 0x3F, 0x2D, 0x68, 0x80, 0x34, 0xBC, 0x01, 0x20, 0xCB, 0xD3, 0x82, 0xE7,
    0xD9, 0xAC, 0x15, 0x3F, 0x38, 0xF5, 0x08, 0x79, 0x3A, 0xF3, 0x25, 0xCC, 0x28, 0x2B, 0xBB, 0x75,
    0x91, 0x8B, 0xCA, 0xFB, 0x07, 0xCA, 0x60, 0x17, 0x6E, 0x8E, 0xE8, 0xBB, 0x5A, 0xF3, 0xDC, 0x5A,
    0xA8, 0x76, 0x61, 0x9F, 0x78, 0xB8, 0xAC, 0x16, 0xAE, 0x08, 0x9B, 0x7F, 0xE9, 0xB1, 0x67, 0x9B,
    0x69, 0x9F, 0x1F, 0x67, 0xCF, 0xC1, 0x7F, 0xD9, 0x9E, 0x9E, 0xD8, 0x7E, 0x02, 0xDC, 0x8F, 0x46,
    0xE0, 0x28, 0x0B, 0x90, 0x8C, 0xB6, 0x01, 0xD3, 0x1D, 0x9C, 0xF3, 0x39, 0x98, 0xC4, 0xD2, 0xA3,
    0x5F, 0xFE, 0xC8, 0xBB, 0x47, 0x50, 0xFC, 0xFF, 0x01, 0xAE, 0x18, 0xFF, 0xA5, 0x7C, 0xAA, 0x9D,
    0x3B, 0x33, 0xC8, 0xBD, 0xD2, 0x29, 0x78, 0xA4, 0x60, 0x5A, 0x48, 0xAB, 0xC0, 0x89, 0x52, 0x9F,
    0x61, 0x92, 0x90, 0xAB, 0x33, 0xF9, 0x3E, 0x9D, 0x99, 0xD4, 0x99, 0x19, 0xF8, 0x33, 0x20, 0x0D,
    0x40, 0xDE, 0x01, 0xD6, 0x1F, 0xA3, 0x07, 0x72, 0xE9, 0x21, 0xD1, 0xC4, 0xE1, 0xC7, 0x0A, 0x20,
    0x15, 0x25, 0x90, 0x49, 0x05, 0x00, 0xF6, 0x6F, 0x3C, 0xB0, 0xDC, 0x47, 0x83, 0x6F, 0xF0, 0xE6,
    0xC9, 0xD9, 0xE8, 0x89, 0x58, 0x09, 0xAD, 0x34, 0x44, 0xED, 0x35, 0x1F, 0x49, 0x26, 0xB8, 0xA5,
    0x7E, 0xA5, 0x33, 0xAC, 0x30, 0x23, 0x46, 0xE0, 0x06, 0x69, 0xC4, 0x48, 0xC5, 0x03, 0x92, 0x48,
    0xD6, 0x36, 0x0C, 0x30, 0x91, 0xFF, 0xA1, 0x27, 0xC0, 0x8C, 0xB5, 0x3E, 0xE9, 0xA1, 0xA6, 0xD0,
    0x27, 0xE5, 0xC1, 0x55, 0x07, 0x79, 0x6F, 0x3C, 0xB8, 0x66, 0x95, 0x85, 0xCC, 0x43, 0xE9, 0x57,
    0x66, 0xC8, 0x1B, 0x28, 0xFC, 0xF5, 0x74, 0xB4, 0x15, 0xD8, 0xEE, 0x7E, 0x12, 0x2D, 0x90, 0xF7,
    0x81, 0x78, 0x09, 0xC8, 0x42, 0x40, 0x2F, 0xAE, 0x98, 0x5F, 0xF6, 0x1C, 0xAD, 0x00, 0xF3, 0xEB,
    0x8E, 0x7A, 0x05, 0xA4, 0x9F, 0x79, 0xDC, 0x75, 0x20, 0x11, 0x4F, 0x39, 0x00, 0x48, 0x45, 0x11,
    0x00, 0x5A, 0xB0, 0x01, 0xA0, 0xD6, 0x4E, 0x01, 0x70, 0x5E, 0x09, 0x1B, 0x8F, 0x48, 0x3E, 0x0B,
    0x00, 0x98, 0xEE, 0x21, 0x00, 0x39, 0x97, 0x38, 0x5D, 0x44, 0x1A, 0x4B, 0x21, 0xBE, 0x95, 0xAA,
    0xAC, 0x0A, 0x69, 0x6C, 0xD0, 0x7E, 0x46, 0x32, 0xDD, 0x13, 0x30, 0x83, 0xF6, 0x17, 0x48, 0x47,
    0x7E, 0x15, 0x92, 0x5E, 0x9D, 0xF8, 0x45, 0x50, 0x91, 0x31, 0xFD, 0xD7, 0x41, 0xF7, 0x93, 0xF1,
    0x31, 0x6B, 0xE0, 0x96, 0x69, 0x62, 0x5E, 0x81, 0xCB, 0xAB, 0x47, 0x16, 0x70, 0xDF, 0xE3, 0xAA,
    0x06, 0x2C, 0x7F, 0x1F, 0xA7, 0xF2, 0x8A, 0xBF, 0xA3, 0xBC, 0x01, 0xD8, 0xFF, 0xA6, 0x78, 0x00,
    0xE4, 0x23, 0x76, 0x00, 0x0D, 0x94, 0x07, 0xD8, 0x7C, 0xC9, 0x05, 0xF8, 0xB6, 0x82, 0xDA, 0x2B,
    0xA5, 0x07, 0xD2, 0x9F, 0x0F, 0x40, 0xD6, 0x68, 0xEB, 0xD7, 0x78, 0x8D, 0x65, 0x24, 0x9D, 0xE6,
    0xDD, 0x94, 0xD2, 0xD8, 0x08, 0x11, 0x13, 0x61, 0x20, 0x9D, 0xA0, 0x07, 0xD9, 0xFE, 0x7F, 0x6C,
    0xCD, 0xCD, 0x79, 0x8B, 0xDA, 0xA4, 0x79, 0xE4, 0x61, 0x05, 0x98, 0x21, 0x00, 0xC9, 0xA7, 0x3D,
    0x80, 0x78, 0xD0, 0xAA, 0x4A, 0xC7, 0x73, 0xB0, 0x52, 0xD6, 0x0D, 0x90, 0xCB, 0x0C, 0x58, 0x11,
    0x00, 0xD7, 0x6C, 0x3B, 0x4B, 0x3F, 0x09, 0x90, 0xF9, 0x07, 0x70, 0x91, 0xAF, 0xB3, 0x14, 0x27,
    0xBE, 0x9E, 0xD7, 0x70, 0x93, 0x89, 0x98, 0x3E, 0x5D, 0xC3, 0x33, 0x29, 0x66, 0xF2, 0x8A, 0x1A,
    0xAB, 0x9D, 0x5F, 0x82, 0xC2, 0x5F, 0xD6, 0x7C, 0x57, 0x90, 0xF7, 0xD7, 0xD5, 0x9B, 0xFB, 0x90,
    0x0E, 0x61, 0x97, 0xF1, 0xEC, 0x51, 0x87, 0x76, 0xA9, 0x94, 0x00, 0x07, 0x8A, 0x2B, 0x8A, 0x1B,
    0x27, 0x1E, 0x69, 0x2E, 0x3A, 0xC8, 0xA5, 0x02, 0x3B, 0x02, 0xE4, 0x8D, 0x56, 0xB4, 0xDE, 0x1D,
    0x33, 0x6F, 0xD4, 0x16, 0xE0, 0x4C, 0x63, 0x47, 0xD4, 0xD8, 0x11, 0x35, 0x36, 0x42, 0x0F, 0xF3,
    0xC6, 0x58, 0xD4, 0x58, 0xD7, 0x9C, 0x36, 0xF6, 0xDE, 0xFE, 0x8D, 0xD5, 0xAB, 0x31, 0x85, 0xDF,
    0xD5, 0x7B, 0x08, 0x24, 0x41, 0x51, 0x1D, 0x1B, 0xAB, 0x49, 0x3F, 0x3E, 0x14, 0x7F, 0x15, 0xDA,
    0x6A, 0x05, 0x33, 0x2B, 0x4C, 0xE4, 0x1D, 0xB2, 0x11, 0xB0, 0x01, 0x28, 0xBB, 0x5D, 0xE7, 0x02,
    0xA4, 0x33, 0x68, 0x0D, 0xC8, 0x07, 0xA0, 0xE8, 0x77, 0x67, 0x50, 0xBB, 0xAB, 0x61, 0x26, 0xD0,
    0xE6, 0x78, 0x1B, 0x48, 0x7C, 0xD9, 0x93, 0xFA, 0xDA, 0x63, 0xBC, 0x3C, 0x3E, 0xBC, 0xEB, 0x45,
    0x43, 0x6E, 0xC4, 0x4D, 0x90, 0x0E, 0x90, 0x79, 0xB8, 0x08, 0x2C, 0x39, 0x05, 0xF7, 0xF8, 0x6E,
    0x58, 0x51, 0xF8, 0x77, 0x70, 0xCD, 0x37, 0x11, 0x48, 0x22, 0xEA, 0x26, 0x36, 0xA8, 0x20, 0x35,
    0x10, 0x04, 0xD2, 0x49, 0x0F, 0xF3, 0xA6, 0x0D, 0xFC, 0xA0, 0xEC, 0xB8, 0xE7, 0x9A, 0xE4, 0xF8,
    0xBF, 0xE7, 0xC0, 0x7D, 0x80, 0x78, 0x0C, 0xFD, 0x13, 0xCE, 0x52, 0x2E, 0xD5, 0x8A, 0xF4, 0x58,
    0x79, 0x7E, 0xFC, 0x6C, 0x82, 0xEB, 0x80, 0xD6, 0x2F, 0xCA, 0x21, 0x8B, 0x80, 0x1D, 0x80, 0x32,
    0x2C, 0xCA, 0x21, 0x59, 0x94, 0x47, 0x92, 0xCF, 0x51, 0x9E, 0x57, 0x67, 0xFD, 0xBF, 0xB3, 0x45,
    0xF9, 0x61, 0x1B, 0x56, 0xB8, 0xB5, 0xF2, 0xB6, 0xF9, 0x46, 0x22, 0x1B, 0xAB, 0x35, 0x23, 0x4D,
    0x48, 0xA3, 0xB5, 0x5B, 0xE5, 0x11, 0xB2, 0x8D, 0xF2, 0x7B, 0xA5, 0x27, 0xD4, 0xBF, 0xA9, 0xFC,
    0x5D, 0xBE, 0x0F, 0xAB, 0xB4, 0x87, 0xE2, 0x7B, 0x1A, 0xE6, 0x38, 0x37, 0xDE, 0x7F, 0xC5, 0x03,
    0x6F, 0x7C, 0xD6, 0x30, 0x94, 0x70, 0xEB, 0x21, 0x94, 0x03, 0xD8, 0x7E, 0xFF, 0x03, 0x9F, 0xCF,
    0x15, 0x75, 0xDB, 0x11, 0xF3, 0x2E, 0x1D, 0x8D, 0x5F, 0xEE, 0x58, 0xFE, 0x0E, 0xDB, 0xA0, 0xCA,
    0x96, 0x3B, 0x9A, 0xFF, 0x0B, 0xED, 0x9B, 0x31, 0x8C, 0xDE, 0xC8, 0x75, 0xC7, 0x7F, 0xE4, 0xD8,
    0x62, 0x70, 0x84, 0x4D, 0x17, 0x57, 0x18, 0xBE, 0x40, 0x74, 0x71, 0x45, 0x60, 0xF8, 0x96, 0x29,
    0xAF, 0x58, 0x69, 0x18, 0x5C, 0x91, 0x32, 0xEE, 0x8B, 0x20, 0x65, 0xE0, 0x46, 0x57, 0xB8, 0x38,
    0x04, 0x92, 0x48, 0xBB, 0x48, 0x4A, 0xAB, 0x6F, 0xA2, 0xE2, 0x0A, 0xDF, 0xAA, 0x90, 0x8A, 0x0D,
    0x20, 0x20, 0xDA, 0xE5, 0xD8, 0x57, 0xA4, 0x3C, 0x22, 0xE9, 0x61, 0x22, 0x50, 0x11, 0xA8, 0xD1,
    0x38, 0x26, 0x60, 0xDE, 0x69, 0xC8, 0xC9, 0xBE, 0x99, 0xC9, 0xF7, 0xED, 0x9E, 0x74, 0x8A, 0x14,
    0x6F, 0x2E, 0x72, 0x90, 0x77, 0xDF, 0xFC, 0xDF, 0x13, 0xF7, 0xE3, 0x70, 0xDE, 0x9F, 0x1C, 0xCE,
    0x7B, 0x6F, 0xBE, 0x43, 0xE4, 0x84, 0x2B, 0xFE, 0x31, 0x9E, 0xEE, 0x99, 0x6F, 0x87, 0x7C, 0xA5,
    0x9C, 0xAE, 0x97, 0x13, 0xF9, 0x72, 0x58, 0x19, 0xD8, 0xAC, 0x6E, 0xA1, 0x6B, 0x35, 0xA0, 0xDB,
    0xDB, 0x40, 0xD3, 0x9F, 0x00, 0x75, 0xBF, 0x0A, 0x9A, 0x88, 0x2E, 0xDA, 0xCF, 0xE1, 0xA9, 0x60,
    0x1F, 0xCE, 0x8A, 0x3D, 0x9C, 0x69, 0xB8, 0x8D, 0xF4, 0xEC, 0x90, 0xAB, 0xCC, 0xE4, 0x2B, 0xD5,
    0x48, 0xB8, 0x3A, 0x61, 0x24, 0x22, 0xD9, 0x0C, 0x28, 0x17, 0xE1, 0xC6, 0x82, 0x2B, 0x36, 0xDF,
    0xCF, 0xB5, 0xA9, 0xFE, 0x75, 0xD2, 0x28, 0xDF, 0x76, 0xE4, 0x8E, 0x53, 0x32, 0xC7, 0x0A, 0x09,
    0x5C, 0x82, 0xFD, 0xB1, 0xF4, 0x95, 0x8E, 0x7C, 0x41, 0xB7, 0xCA, 0x52, 0x8D, 0xD5, 0x88, 0x74,
    0x05, 0xDD, 0x42, 0x94, 0xBA, 0xF5, 0xDE, 0x2A, 0xAF, 0xCD, 0xE0, 0xA7, 0xDC, 0x37, 0xA6, 0x58,
    0xA0, 0x2E, 0x8D, 0x9A, 0xA1, 0xAA, 0xE4, 0x24, 0xAA, 0x5B, 0x04, 0x35, 0x45, 0xC5, 0x65, 0xA9,
    0xF9, 0xBC, 0xCA, 0x17, 0x38, 0x00, 0x56, 0x38, 0x04, 0x86, 0x3E, 0x50, 0x50, 0x6F, 0xC3, 0x08,
    0x64, 0xC3, 0xE7, 0x44, 0x29, 0x46, 0xC1, 0xCA, 0x46, 0x94, 0x81, 0x7F, 0x6A, 0x07, 0x9B, 0xFB,
    0x5F, 0x4D, 0x85, 0xA5, 0xF9, 0xD4, 0x28, 0x4B, 0xFD, 0x14, 0x71, 0xF5, 0x71, 0x40, 0xF3, 0x5F,
    0x63, 0x7D, 0x86, 0x73, 0xC2, 0xC6, 0x04, 0xAE, 0x0C, 0xD9, 0x8A, 0x1F, 0x61, 0x78, 0xFA, 0xD9,
    0x0A, 0xEF, 0xAC, 0xE5, 0x4A, 0x92, 0x1F, 0xF1, 0x57, 0x24, 0x39, 0xCC, 0x27, 0x92, 0xD4, 0x7F,
    0x61, 0x48, 0x52, 0x7A, 0x92, 0xA0, 0x56, 0x76, 0xF2, 0x31, 0xE7, 0xC5, 0x7B, 0xB9, 0xD1, 0xFA,
    0x4C, 0x99, 0x1B, 0x5F, 0xDC, 0xF3, 0x2D, 0xFA, 0xC9, 0xD1, 0x20, 0x83, 0x6F, 0x26, 0xAE, 0xC3,
    0x20, 0xBC, 0xAB, 0x99, 0x43, 0xB2, 0x2D, 0xD0, 0xE5, 0x38, 0x44, 0xB9, 0x60, 0x9E, 0xF2, 0x3E,
    0xC5, 0x12, 0x4C, 0x1D, 0xA9, 0x08, 0x66, 0x0B, 0xCD, 0x18, 0xCC, 0xA6, 0x87, 0xAE, 0x17, 0x53,
    0x9C, 0xC2, 0x93, 0x4C, 0xF2, 0x2D, 0x9A, 0xE2, 0xB6, 0xDB, 0x99, 0xD5, 0xBC, 0xFB, 0x42, 0x3D,
    0xED, 0x4C, 0x6D, 0x48, 0x9D, 0x31, 0xB4, 0xA4, 0x4B, 0xE0, 0x49, 0x66, 0x74, 0x2D, 0x0E, 0xA7,
    0x58, 0x40, 0x86, 0x9E, 0x39, 0xAA, 0x33, 0x14, 0x53, 0x98, 0x1C, 0xC9, 0x93, 0x43, 0x9D, 0x41,
    0x99, 0x1B, 0xDB, 0x7D, 0xDF, 0xE2, 0xC5, 0xCD, 0xE8, 0xBC, 0x17, 0xE7, 0x13, 0x4F, 0x63, 0xD1,
    0xC7, 0x83, 0x2C, 0x9A, 0x48, 0x08, 0xDA, 0x11, 0x4F, 0xA7, 0xB6, 0xC4, 0x3E, 0x79, 0xEB, 0x4E,
    0x62, 0x83, 0xDD, 0xD5, 0x93, 0x85, 0x16, 0x36, 0x6D, 0x1C, 0xA7, 0x7E, 0x72, 0xDF, 0xC6, 0xC1,
    0x1F, 0x52, 0x9B, 0xE8, 0xD1, 0xFB, 0xE8, 0x3E, 0x5A, 0xEF, 0xE2, 0x93, 0xEF, 0x64, 0x6E, 0x47,
    0xC8, 0x92, 0x3C, 0x8F, 0x84, 0x46, 0x3A, 0x76, 0x7C, 0xEA, 0x7E, 0xCF, 0x40, 0xB4, 0xC8, 0xD7,
    0x34, 0x02, 0x39, 0xF5, 0x3B, 0x3B, 0xF7, 0x3F, 0xDC, 0x79, 0xFF, 0x20, 0x8E, 0x5E, 0x1B, 0xEC,
    0x7F, 0xFA, 0x7E, 0xCF, 0xEE, 0x5C, 0xB7, 0xD1, 0x41, 0x53, 0xF4, 0xD0, 0x38, 0x98, 0x6B, 0x20,
    0x77, 0x70, 0xEB, 0x11, 0x48, 0x5F, 0x34, 0x33, 0x80, 0x83, 0xCA, 0x26, 0x03, 0xF6, 0x46, 0x36,
    0x8C, 0x2E, 0x78, 0x5C, 0x6E, 0xAB, 0x43, 0x1C, 0xAE, 0x4D, 0xE5, 0x10, 0x7F, 0x35, 0xCA, 0x21,
    0xEE, 0x76, 0x62, 0x88, 0xB7, 0xA7, 0xD2, 0xB3, 0xB4, 0x35, 0xF4, 0xAC, 0x96, 0x64, 0x54, 0x16,
    0x07, 0x72, 0x2D, 0x83, 0x0B, 0x47, 0xBA, 0x3E, 0xFD, 0xC9, 0x13, 0x8D, 0xDC, 0x11, 0x4F, 0x2F,
    0x16, 0xBE, 0xDF, 0xA1, 0xA2, 0x93, 0xBA, 0x2D, 0x9C, 0x9C, 0x64, 0x9B, 0xE9, 0xBD, 0x95, 0xAE,
    0xCF, 0x6C, 0xE9, 0x17, 0x3F, 0x89, 0x5F, 0xD9, 0x70, 0xC7, 0x5B, 0x31, 0xA2, 0x8F, 0xDE, 0x0D,
    0x7E, 0x82, 0xC6, 0x2F, 0xC5, 0x02, 0xE1, 0x71, 0x9E, 0x01, 0x56, 0x54, 0x74, 0xEB, 0x6B, 0xD1,
    0x1F, 0x26, 0xFD, 0x20, 0x69, 0x7B, 0x51, 0xE7, 0xA2, 0x6F, 0x7C, 0x71, 0x74, 0x5F, 0xB4, 0x3F,
    0x13, 0xD1, 0x51, 0xBE, 0x42, 0x67, 0x49, 0x47, 0x67, 0xA0, 0xB4, 0xF1, 0x70, 0x7A, 0xA2, 0xF3,
    0xCF, 0x21, 0x1A, 0x63, 0xA0, 0x41, 0xD9, 0xC1, 0x4F, 0xA2, 0x8A, 0x25, 0x1C, 0x4C, 0xA7, 0x29,
    0xFB, 0x9C, 0x1A, 0x6C, 0x50, 0x5D, 0x54, 0x65, 0x54, 0x45, 0x54, 0xEA, 0x35, 0xD5, 0x87, 0x51,
    0x3D, 0x88, 0xCA, 0x9E, 0x57, 0xF9, 0x19, 0x04, 0x87, 0x95, 0x0D, 0xFE, 0x5E, 0x1C, 0x49, 0x71,
    0x41, 0x95, 0x93, 0x20, 0xD5, 0x28, 0x48, 0x63, 0x04, 0x73, 0x4F, 0x50, 0x0B, 0xDE, 0x72, 0xC0,
    0x60, 0xD1, 0x14, 0x02, 0xCA, 0x72, 0x55, 0x80, 0x0B, 0x50, 0x7A, 0xF1, 0x5D, 0x80, 0x4E, 0x40,
    0xFF, 0x77, 0x60, 0x96, 0x6B, 0x2C, 0x68, 0x06, 0xDF, 0x6B, 0xBC, 0x37, 0x1A, 0xE0, 0x4B, 0xD0,
    0x09, 0x9C, 0xC6, 0x3B, 0x94, 0xE6, 0x90, 0xEE, 0xF1, 0x16, 0xE5, 0x9D, 0x3C, 0x8C, 0x8E, 0xDC,
    0x2F, 0xF2, 0x34, 0x6E, 0x50, 0xB7, 0xF2, 0xA2, 0xF5, 0x50, 0x21, 0xC3, 0xF2, 0x46, 0x0C, 0x8D,
    0x7A, 0x3A, 0x25, 0xE3, 0x33, 0x9B, 0x8C, 0x4F, 0x5D, 0x32, 0x7E, 0xB5, 0x26, 0xC3, 0x78, 0x92,
    0xA1, 0x4D, 0x32, 0x9A, 0x31, 0x19, 0x95, 0x4D, 0x46, 0xE1, 0x92, 0x91, 0xAF, 0xC9, 0xC0, 0x27,
    0x83, 0xEE, 0xB3, 0x64, 0x34, 0xBF, 0x4E, 0x46, 0xE5, 0x93, 0x51, 0x24, 0x83, 0x3C, 0x18, 0xC5,
    0x08, 0xC1, 0x18, 0x36, 0xE8, 0x40, 0x7C, 0x87, 0x46, 0x8C, 0x28, 0x7B, 0xA3, 0x7B, 0xCE, 0x38,
    0xE5, 0xE2, 0x83, 0x2B, 0x0C, 0xA6, 0x47, 0x75, 0x4A, 0xC6, 0x46, 0x12, 0x1E, 0x46, 0x9E, 0x48,
    0x34, 0xE1, 0x12, 0x4B, 0xC7, 0x89, 0x24, 0xE1, 0x28, 0xEA, 0xA7, 0xA3, 0xE8, 0xC4, 0x90, 0x76,
    0x91, 0xA0, 0xC6, 0x45, 0x7E, 0x72, 0x17, 0xE9, 0xC9, 0x5C, 0x62, 0xC7, 0x25, 0x72, 0x9C, 0x70,
    0x13, 0xB5, 0x5A, 0xA2, 0xCE, 0xD7, 0xA8, 0xF1, 0x49, 0x77, 0x3F, 0x17, 0x2D, 0xB4, 0x44, 0x5D,
    0xF9, 0xA8, 0x8B, 0xA4, 0x73, 0xD1, 0x89, 0x12, 0x97, 0x18, 0x71, 0x91, 0x90, 0x17, 0x4F, 0xD2,
    0xBD, 0xCE, 0x97, 0x97, 0x4E, 0xDA, 0xEC, 0x73, 0x12, 0x0D, 0x51, 0xB9, 0x0B, 0xEA, 0x98, 0x17,
    0x89, 0x9F, 0xBA, 0xC7, 0x34, 0x6E, 0xF8, 0xED, 0xB3, 0x95, 0xDA, 0x15, 0xCF, 0xE8, 0xC4, 0x7B,
    0x87, 0xEE, 0x33, 0xA7, 0x16, 0x6A, 0x83, 0x53, 0x73, 0x52, 0x54, 0xA2, 0xEC, 0xEB, 0xAA, 0x78,
    0x5E, 0xB1, 0x50, 0x8D, 0xB8, 0xC1, 0xF7, 0xD5, 0x26, 0xFE, 0x1A, 0x51, 0x17, 0x16, 0x84, 0x0B,
    0x2A, 0xB9, 0x9A, 0x3C, 0x4D, 0x8E, 0x0E, 0xD1, 0xCF, 0x0D, 0xB2, 0x36, 0x6B, 0x21, 0x9B, 0x2A,
    0x80, 0x47, 0xB7, 0x04, 0xF5, 0x22, 0x58, 0x5B, 0xC1, 0x2B, 0x3D, 0x3B, 0xA9, 0xCC, 0x7E, 0xF2,
    0x37, 0x56, 0x50, 0x07, 0xFC, 0x9B, 0x59, 0xF0, 0x1F, 0x9C, 0xA0, 0x15, 0xCC, 0xA6, 0x0D, 0x50,
    0x63, 0x27, 0x68, 0x74, 0x0B, 0x65, 0xAF, 0x7B, 0xA8, 0xDA, 0xDA, 0x40, 0x15, 0xBA, 0x38, 0xA0,
    0x9C, 0x40, 0xCB, 0x8B, 0x96, 0xCE, 0xFB, 0x59, 0x68, 0xCD, 0x1D, 0x84, 0xD5, 0x33, 0x9B, 0x60,
    0x43, 0x8D, 0x30, 0xA0, 0x0C, 0x74, 0x6D, 0x39, 0x42, 0xD7, 0x0F, 0x1B, 0xB2, 0xBA, 0x78, 0x2A,
    0xEF, 0x8A, 0xBE, 0x22, 0xB7, 0xD7, 0x60, 0x5D, 0x40, 0xA7, 0x08, 0x27, 0x49, 0x36, 0x3C, 0xA6,
    0xDA, 0x3C, 0xDA, 0x34, 0xBD, 0xEE, 0x2B, 0xA3, 0xDB, 0xCA, 0x54, 0x32, 0x7E, 0x69, 0x3F, 0xBE,
    0x6F, 0x2A, 0x79, 0x65, 0x8C, 0x95, 0x19, 0xA8, 0xCC, 0xBA, 0x6B, 0x12, 0xAA, 0x37, 0x63, 0xC7,
    0xBD, 0xA9, 0x79, 0xFA, 0x4F, 0x6B, 0x71, 0xF6, 0xDF, 0xBB, 0x7C, 0xF7, 0x80, 0xB9, 0xFA, 0xBB,
    0x49, 0xF9, 0x3E, 0xF3, 0xF0, 0xD7, 0x00, 0xDA, 0xBB, 0xC6, 0x2F, 0xD9, 0x06, 0x2B, 0xB8, 0xD7,
    0xFC, 0xAC, 0x64, 0x9B, 0x2C, 0x81, 0xDA, 0xBB, 0xF7, 0xB1, 0xB5, 0x32, 0xE5, 0xAF, 0x7B, 0xE5,
    0xC9, 0x56, 0xA2, 0x34, 0x4E, 0x3E, 0xD9, 0x6B, 0x74, 0x35, 0x69, 0x6F, 0x79, 0x8F, 0xAB, 0x40,
    0xD5, 0x3F, 0x02, 0xD4, 0x6F, 0x2D, 0x90, 0xF9, 0x71, 0x7F, 0xA3, 0x7F, 0x40, 0x92, 0x94, 0x56,
    0xC4, 0x14, 0x23, 0x24, 0x38, 0x29, 0xF5, 0x10, 0xF2, 0x1C, 0x3A, 0xA4, 0x24, 0x31, 0x3D, 0x89,
    0xA9, 0xCA, 0xE5, 0x27, 0x38, 0xD3, 0x85, 0x04, 0x47, 0x99, 0x92, 0xCC, 0x5E, 0x87, 0x13, 0x07,
    0xDA, 0xA6, 0xC7, 0x2B, 0x49, 0xB7, 0x48, 0x86, 0xD2, 0xD6, 0xA6, 0x1A, 0x35, 0xCA, 0x4A, 0xF2,
    0x22, 0x59, 0xCC, 0x0A, 0xA1, 0xB9, 0xD4, 0xD6, 0xD4, 0xE4, 0x6F, 0xF2, 0x1D, 0xC9, 0x6F, 0x24,
    0xBD, 0x91, 0xEC, 0x46, 0xFA, 0x40, 0x8D, 0xB9, 0x01, 0x96, 0xAA, 0x07, 0x3A, 0x0D, 0x50, 0x3B,
    0xC1, 0x72, 0x11, 0xCC, 0xEF, 0x92, 0x24, 0xA4, 0x3F, 0x4E, 0xB2, 0x9F, 0x18, 0xA4, 0xD4, 0x6D,
    0x4C, 0x49, 0x94, 0xBD, 0x54, 0x9C, 0xF7, 0x98, 0x72, 0x1D, 0x49, 0x75, 0x52, 0xA6, 0x93, 0x12,
    0x9D, 0x98, 0xE7, 0x1C, 0x72, 0x0C, 0xF5, 0x07, 0x13, 0x14, 0xBF, 0x36, 0xA4, 0xB5, 0x76, 0xE5,
    0x9C, 0xC8, 0x88, 0x8D, 0xA4, 0x3D, 0x46, 0xB2, 0x9E, 0x90, 0xF4, 0x08, 0x54, 0x2F, 0x87, 0xF4,
    0xBD, 0x39, 0x42, 0x63, 0x42, 0xA6, 0x13, 0x12, 0x1D, 0xC9, 0x73, 0x36, 0x49, 0x73, 0x3C, 0xCA,
    0x7B, 0xB9, 0xE6, 0xD1, 0x51, 0x4F, 0x92, 0x7C, 0x2A, 0x7B, 0x50, 0xB6, 0x32, 0x09, 0xE5, 0x48,
    0x8B, 0xC8, 0x1B, 0x4B, 0xE1, 0x0F, 0x8E, 0xEE, 0x82, 0xF6, 0x96, 0x73, 0x72, 0x90, 0x4F, 0xA0,
    0x95, 0x8D, 0x20, 0xFF, 0x7C, 0x9E, 0x51, 0x75, 0x39, 0x8C, 0x3E, 0xDD, 0x31, 0x5A, 0x79, 0xE0,
    0xAD, 0x1E, 0x40, 0x07, 0xBC, 0x2D, 0xC0, 0x22, 0xA0, 0x26, 0xC1, 0xBC, 0xFD, 0x2A, 0x8E, 0xFB,
    0x37, 0x95, 0x5D, 0x0A, 0x4B, 0x9A, 0xB4, 0x75, 0x0F, 0x5C, 0x07, 0xF8, 0xC9, 0x2B, 0x52, 0x9C,
    0x5F, 0x3E, 0xC5, 0xE4, 0x6D, 0xD6, 0x43, 0x3E, 0x07, 0xCA, 0x4E, 0x3A, 0x00, 0xED, 0xF6, 0x85,
    0x02, 0xF8, 0x83, 0xA3, 0xF8, 0x66, 0x78, 0x07, 0xFC, 0xF9, 0x08, 0xA5, 0x17, 0xD7, 0x36, 0x80,
    0x5F, 0x7C, 0xBD, 0x4F, 0xB1, 0x3F, 0x4F, 0x71, 0x76, 0x97, 0x94, 0xA1, 0x0A, 0xC5, 0x01, 0x9B,
    0x80, 0xA5, 0x11, 0xCC, 0xFA, 0x3F, 0x38, 0x8A, 0x75, 0x9F, 0xC2, 0x9B, 0x58, 0x54, 0xCA, 0x2C,
    0xC0, 0x47, 0xFF, 0x7B, 0x14, 0xE7, 0x7E, 0xA2, 0x7E, 0xB6, 0x72, 0x8D, 0xAE, 0xFD, 0xD3, 0x30,
    0xB0, 0x72, 0x8C, 0x53, 0x4D, 0xED, 0x5A, 0x48, 0xAC, 0x8F, 0xEE, 0xD9, 0x15, 0x15, 0xDA, 0x29,
    0xC5, 0xA4, 0xA9, 0x4C, 0xD3, 0x37, 0x6D, 0xE9, 0x37, 0xB2, 0x61, 0x4A, 0x2F, 0xEF, 0xF4, 0x22,
    0x17, 0x79, 0xC5, 0x17, 0x79, 0x35, 0xED, 0x67, 0x4C, 0x33, 0xEF, 0x63, 0xC2, 0xDB, 0x4E, 0xF0,
    0x78, 0x15, 0xB4, 0x5B, 0x60, 0x6A, 0x88, 0x91, 0x5E, 0x0B, 0xCA, 0x08, 0x8D, 0x45, 0xDF, 0x98,
    0x10, 0xE9, 0x8D, 0x50, 0x85, 0x8E, 0x0E, 0x28, 0x6D, 0x88, 0xF4, 0xE6, 0x10, 0xE9, 0x2D, 0x70,
    0x4C, 0xE6, 0xC0, 0xC2, 0x4A, 0x36, 0xC1, 0x6D, 0xD4, 0x98, 0xD2, 0x1C, 0x9A, 0xB6, 0x14, 0xDB,
    0x9C, 0x8F, 0xF4, 0xCE, 0x9C, 0x10, 0x17, 0xCE, 0x0D, 0xFE, 0x00, 0x65, 0x75, 0x68, 0xF9, 0x78,
    0xB0, 0x3F, 0xEE, 0x1F, 0x53, 0xA7, 0xA8, 0x4F, 0x22, 0xBE, 0xFA, 0xAC, 0xF1, 0xDA, 0x51, 0x9F,
    0x5A, 0x5F, 0xB0, 0xF0, 0x21, 0x74, 0x49, 0x3F, 0x7B, 0x2C, 0xBF, 0x2A, 0x32, 0x9E, 0x5E, 0x1A,
    0x19, 0x9F, 0x3E, 0x17, 0x19, 0x37, 0xBB, 0xC8, 0xB8, 0xFE, 0xCA, 0xC8, 0x38, 0xF1, 0xE5, 0x9E,
    0xE7, 0x8B, 0xC0, 0xD7, 0x85, 0xC8, 0xF8, 0xAD, 0x33, 0xBE, 0x2A, 0xEF, 0xB9, 0x30, 0xF8, 0x44,
    0x03, 0x65, 0x7B, 0xF9, 0x7C, 0x81, 0x4F, 0xEB, 0xEB, 0x91, 0x2C, 0xB6, 0xCF, 0x4B, 0x99, 0x2A,
    0x7C, 0x57, 0x86, 0xED, 0x68, 0x30, 0xC0, 0x4D, 0x47, 0x21, 0x7A, 0x76, 0xC1, 0x8B, 0x6C, 0x72,
    0xE4, 0x46, 0x28, 0x71, 0x64, 0x06, 0x8A, 0xDE, 0x45, 0x5E, 0x89, 0xFA, 0x20, 0xE9, 0xC3, 0xA4,
    0x1F, 0x26, 0x6D, 0xF1, 0xDE, 0x41, 0x3E, 0xB2, 0x1D, 0xFD, 0x42, 0x4E, 0x8F, 0xC7, 0xCB, 0x27,
    0xF7, 0x44, 0x0B, 0x09, 0x41, 0x5F, 0x83, 0xA0, 0x6F, 0x26, 0x3D, 0x07, 0xFD, 0x61, 0x36, 0x05,
    0xFD, 0x40, 0x8D, 0x91, 0xDF, 0x72, 0x24, 0x77, 0xE4, 0x76, 0xD8, 0x18, 0xB6, 0x33, 0xFA, 0xBD,
    0x4F, 0x15, 0xA0, 0xF4, 0x24, 0x3C, 0x3F, 0x8D, 0xCE, 0x53, 0x79, 0xC5, 0xF7, 0xD4, 0xDB, 0xD6,
    0x3D, 0x5D, 0x84, 0x50, 0xC7, 0x86, 0x6E, 0x2B, 0x8B, 0xE6, 0x8C, 0xD6, 0x89, 0x70, 0x93, 0x47,
    0x6A, 0x13, 0x95, 0xF0, 0xFB, 0xC5, 0xD1, 0x20, 0x14, 0xFB, 0xC8, 0xF2, 0x08, 0x0C, 0x04, 0xB5,
    0xEE, 0xD4, 0x14, 0x54, 0x6D, 0x83, 0x6A, 0x16, 0x14, 0x1D, 0xC7, 0x1B, 0x35, 0xCD, 0xD3, 0x49,
    0x3F, 0x5B, 0x29, 0x36, 0xAE, 0xF8, 0x09, 0xB2, 0x61, 0x03, 0x9A, 0x4D, 0xEC, 0x8D, 0x32, 0x14,
    0x30, 0x73, 0x97, 0x42, 0xEF, 0xA6, 0x85, 0x09, 0x7D, 0xAE, 0x18, 0x70, 0x1A, 0x70, 0xFD, 0x6A,
    0xEC, 0xBC, 0x09, 0xD8, 0x9F, 0x22, 0xFD, 0x74, 0x80, 0x43, 0x07, 0x02, 0x9A, 0x3E, 0xBF, 0xB7,
    0xF5, 0xB1, 0xE7, 0x22, 0x3E, 0x92, 0x5B, 0x2C, 0x52, 0x6E, 0x83, 0x0B, 0x23, 0x69, 0x61, 0x98,
    0xBB, 0xBE, 0xD8, 0xBC, 0x37, 0xB5, 0xA9, 0x7F, 0xD6, 0x6A, 0x99, 0xD3, 0xB1, 0x28, 0x74, 0x01,
    0x64, 0xB2, 0x4F, 0x54, 0x63, 0x63, 0xE2, 0xF4, 0xCE, 0x9F, 0x7C, 0x9C, 0xA6, 0x55, 0x85, 0x40,
    0x2B, 0xE0, 0xFD, 0x1D, 0xF9, 0xEB, 0x42, 0xE1, 0xFD, 0x1A, 0xCB, 0xAE, 0xA7, 0xD0, 0xB1, 0xE2,
    0xBD, 0x5D, 0x39, 0xF2, 0x77, 0x37, 0x38, 0xA1, 0x6B, 0xF3, 0x25, 0x12, 0x90, 0xFB, 0xCF, 0xC3,
    0xC9, 0x65, 0x0B, 0x6A, 0xBA, 0x0E, 0x64, 0x8B, 0x03, 0x18, 0xAC, 0xA0, 0x9E, 0x04, 0xBF, 0xD9,
    0x12, 0xE5, 0x7F, 0x8A, 0x3B, 0xED, 0x8D, 0x70, 0xB7, 0xD2, 0x21, 0xEC, 0x68, 0x42, 0x6F, 0xBD,
    0xE0, 0xCB, 0xB9, 0xCB, 0xFB, 0xA2, 0x05, 0x5B, 0x03, 0x37, 0x1F, 0x01, 0x7A, 0x49, 0xB9, 0xB8,
    0x54, 0xBC, 0xA3, 0xFC, 0x5E, 0xF4, 0xB6, 0x2F, 0xA7, 0x37, 0xDB, 0xD1, 0x4B, 0x82, 0x0D, 0xD6,
    0xE7, 0xE8, 0xFD, 0x26, 0x99, 0xD0, 0x3B, 0x56, 0x81, 0xDE, 0x5B, 0x00, 0xDD, 0xF9, 0xAA, 0xC1,
    0x9D, 0x73, 0xE9, 0x40, 0xE5, 0x65, 0x3F, 0xA9, 0xF4, 0xA6, 0x58, 0xC4, 0x59, 0x35, 0xA3, 0xAC,
    0x7C, 0x0A, 0x23, 0x58, 0x23, 0x78, 0x53, 0x30, 0x9B, 0x05, 0x8B, 0x51, 0xB0, 0xEA, 0x05, 0x75,
    0x2B, 0xE8, 0x0D, 0xA8, 0xDF, 0x85, 0xAA, 0xA9, 0xFF, 0xB9, 0x7C, 0x67, 0x55, 0x0E, 0xD4, 0x9C,
    0xF9, 0x70, 0xAE, 0xEF, 0x05, 0xF5, 0x28, 0x58, 0x5B, 0xC1, 0x6A, 0x09, 0x57, 0x59, 0x91, 0x2B,
    0xFA, 0x7E, 0xF0, 0x13, 0xC3, 0xEC, 0xBD, 0xE5, 0x9D, 0x99, 0x1F, 0xF1, 0x36, 0xDC, 0xC2, 0x92,
    0x42, 0xAA, 0xA7, 0xD2, 0xB9, 0x3F, 0x5F, 0xFC, 0xF2, 0x16, 0x18, 0x04, 0x0A, 0x01, 0xF5, 0x42,
    0x50, 0x52, 0x28, 0xCD, 0x05, 0x38, 0xE5, 0x0C, 0x96, 0x33, 0xC8, 0xA7, 0x33, 0x28, 0xC5, 0xAB,
    0x86, 0xB0, 0x20, 0xA3, 0x7E, 0xE3, 0x41, 0x3D, 0xF3, 0x06, 0xB5, 0xCA, 0x16, 0xC2, 0x5C, 0x5A,
    0x39, 0xD7, 0x89, 0xB3, 0xAB, 0x8C, 0xD1, 0xCB, 0x10, 0x65, 0xBF, 0x6D, 0xAC, 0x9D, 0xF7, 0xE3,
    0x15, 0xF7, 0xA6, 0xE5, 0xE7, 0x70, 0x70, 0x2E, 0x4B, 0xB1, 0xCF, 0xE1, 0x22, 0x98, 0xF9, 0x19,
    0xE0, 0x7B, 0x77, 0x2F, 0x31, 0x67, 0xAF, 0xDA, 0x98, 0x4C, 0xB8, 0x73, 0x6D, 0x03, 0x3A, 0x07,
    0x6F, 0x7D, 0x0C, 0xDA, 0xBB, 0x90, 0xDC, 0xFD, 0x82, 0x8B, 0xF2, 0xC6, 0xF1, 0xF7, 0xDE, 0xAB,
    0xF0, 0x67, 0x03, 0x7F, 0x77, 0x62, 0xD0, 0x71, 0x71, 0x9D, 0xB9, 0x44, 0x4E, 0xCB, 0x97, 0x70,
    0x7A, 0xE5, 0x63, 0x38, 0xE6, 0x01, 0x5C, 0x2F, 0x46, 0xA8, 0xFE, 0xBE, 0x87, 0xC2, 0xA7, 0x30,
    0x7F, 0x2F, 0xB2, 0x5E, 0xED, 0xC0, 0x51, 0x81, 0xE5, 0x5B, 0xE4, 0x23, 0xB1, 0xF3, 0xE8, 0xEC,
    0x43, 0x20, 0x9F, 0x52, 0xDC, 0x41, 0xF3, 0x09, 0xA0, 0xFD, 0x04, 0x14, 0x2B, 0xC0, 0x90, 0x32,
    0x60, 0x21, 0x35, 0xC0, 0x37, 0x04, 0xAE, 0x09, 0x74, 0xD0, 0xF4, 0x5D, 0x8B, 0x46, 0x8F, 0xD9,
    0x4A, 0xE5, 0x87, 0x39, 0xBE, 0x15, 0x8B, 0xBE, 0x24, 0xB7, 0xB7, 0x5E, 0x58, 0xEC, 0x93, 0xAD,
    0xAF, 0xD4, 0xC6, 0x43, 0xCA, 0xFE, 0x7D, 0x6A, 0xDE, 0xE5, 0x10, 0x98, 0xE3, 0x38, 0x4A, 0x03,
    0x75, 0x0C, 0x03, 0x18, 0x1E, 0x83, 0xEC, 0xC0, 0xD1, 0x4C, 0x29, 0xA0, 0x5E, 0x20, 0x73, 0xB1,
    0x91, 0x74, 0xBE, 0x1C, 0xA3, 0x66, 0x47, 0x69, 0x37, 0x1A, 0xA3, 0x9F, 0xC5, 0x55, 0xF6, 0x18,
    0x7B, 0xBD, 0x30, 0xD5, 0xFD, 0xB6, 0xD8, 0xF6, 0xAC, 0xE8, 0x7D, 0xBD, 0xEE, 0xF5, 0x3F, 0xE1,
    0xC4, 0x7C, 0x91, 0x71, 0x0C, 0x23, 0x5B, 0xDA, 0x0B, 0xFE, 0xFF, 0xBD, 0xE0, 0x64, 0x8A, 0x44,
    0x1A, 0x44, 0xE2, 0x49, 0x22, 0xB1, 0x27, 0xE0, 0xFF, 0xD6, 0x0E, 0x70, 0x94, 0x26, 0x19, 0xFB,
    0x47, 0x2C, 0xBB, 0xB8, 0xDF, 0xFB, 0x07, 0xB9, 0x03, 0x0C, 0xFC, 0x18, 0x91, 0x6D, 0xBF, 0x25,
    0x51, 0xC4, 0x24, 0xB3, 0xDF, 0xBF, 0x24, 0xE1, 0x4D, 0x8D, 0xCA, 0x40, 0x0B, 0x9C, 0x92, 0x38,
    0x8F, 0x7B, 0xB1, 0x3D, 0xF0, 0x16, 0x6F, 0x4A, 0x54, 0x16, 0x63, 0x2D, 0x0F, 0x84, 0x70, 0x6B,
    0x4B, 0x3B, 0x7C, 0xCD, 0x98, 0x76, 0x7F, 0x6A, 0x43, 0x9A, 0xDD, 0xAF, 0x6F, 0x6C, 0x47, 0x47,
    0x83, 0x39, 0x4B, 0xEE, 0x54, 0x9A, 0x9E, 0x36, 0xFE, 0xA9, 0x5C, 0x89, 0x86, 0x9A, 0x49, 0x86,
    0x7D, 0x4D, 0x63, 0x86, 0x6A, 0x2C, 0x2C, 0x85, 0x83, 0xC2, 0x56, 0x23, 0x43, 0x70, 0xC7, 0xF7,
    0xE2, 0x0E, 0xDC, 0x10, 0xBF, 0xA6, 0x77, 0xB6, 0x96, 0xE1, 0x37, 0xB2, 0x1A, 0x14, 0xBF, 0x93,
    0x85, 0x41, 0x79, 0x08, 0xCF, 0x1F, 0xBA, 0x55, 0x0B, 0xD4, 0x7D, 0x74, 0x50, 0xB0, 0x4A, 0x73,
    0x7C, 0x8F, 0x4D, 0xC4, 0x3E, 0xCE, 0x5A, 0xC1, 0x0E, 0xC1, 0x55, 0x30, 0xCE, 0xFA, 0xF8, 0xA9,
    0x46, 0x41, 0xDD, 0xC6, 0xF0, 0xEC, 0x0C, 0x4B, 0x2B, 0x38, 0x84, 0x12, 0xCA, 0x12, 0x78, 0x68,
    0x23, 0x2D, 0x2F, 0xC6, 0x19, 0x08, 0x8E, 0x10, 0xBC, 0x00, 0xEF, 0xCF, 0xAF, 0xF2, 0x6E, 0xFF,
    0xC0, 0xC6, 0xFB, 0x4C, 0x6E, 0xB8, 0x20, 0xDE, 0xA2, 0xD2, 0xCE, 0x74, 0xDA, 0x96, 0x16, 0x4F,
    0xAB, 0xB4, 0xD9, 0x1A, 0x77, 0xA3, 0xE3, 0x46, 0x6B, 0xDC, 0x66, 0x8D, 0x9B, 0xAC, 0xCA, 0xF8,
    0x80, 0xDA, 0x08, 0x36, 0xA3, 0x60, 0x65, 0x05, 0x0B, 0x27, 0x98, 0xAF, 0x82, 0xF8, 0x80, 0xDD,
    0x67, 0x71, 0xA7, 0x59, 0xB0, 0xF2, 0x82, 0x45, 0xC0, 0xDC, 0xA7, 0xDD, 0xE5, 0xB8, 0x91, 0x9A,
    0xB6, 0x51, 0xAB, 0x91, 0x14, 0x06, 0x67, 0x4B, 0xCA, 0xA0, 0xA1, 0x7A, 0x6E, 0xDB, 0x33, 0x6C,
    0x7A, 0x86, 0x2D, 0xCF, 0xB0, 0xE1, 0xA9, 0x96, 0x7D, 0x85, 0xEB, 0x55, 0xCA, 0x61, 0x55, 0xFC,
    0x5E, 0xD8, 0xD8, 0x94, 0x6D, 0xCD, 0x35, 0x6E, 0x6A, 0xC2, 0xF7, 0xDA, 0xC8, 0xD8, 0x3E, 0x82,
    0x1A, 0x05, 0x33, 0xF6, 0x49, 0x86, 0x8E, 0x25, 0xA9, 0x03, 0x41, 0x5B, 0xED, 0xF1, 0xE1, 0xC1,
    0xBE, 0x6C, 0x55, 0xD9, 0x7D, 0x6A, 0xF2, 0xDE, 0x22, 0xF8, 0x7E, 0x3C, 0xEB, 0x44, 0xD0, 0x76,
    0x40, 0x3E, 0x69, 0x10, 0xF6, 0x7A, 0x28, 0x4C, 0x48, 0xD3, 0x5B, 0x71, 0xBE, 0xA6, 0xB4, 0xD0,
    0x84, 0xE2, 0x95, 0x96, 0x19, 0xC9, 0xC3, 0x7D, 0xF1, 0x2A, 0x8F, 0x8F, 0xD2, 0x08, 0xFA, 0x05,
    0x65, 0x2B, 0x39, 0x0A, 0x27, 0x10, 0xF2, 0x1A, 0x03, 0xDF, 0x4C, 0x83, 0xD6, 0x2E, 0x0E, 0xD8,
    0x56, 0xB1, 0x89, 0xAD, 0x9D, 0xFC, 0xED, 0x12, 0xCA, 0x32, 0xFF, 0x18, 0xCB, 0x32, 0x9B, 0x5A,
    0x61, 0xF7, 0xD6, 0x85, 0x0D, 0x48, 0x77, 0x71, 0xBF, 0xDF, 0xB0, 0xAF, 0x06, 0xFD, 0x11, 0xE7,
    0xA5, 0xF8, 0x72, 0xB9, 0xE6, 0x5A, 0x2A, 0xD7, 0x1C, 0x3B, 0x94, 0x68, 0x1B, 0xCB, 0x35, 0xF9,
    0x18, 0xCB, 0x35, 0xEA, 0x4B, 0xE5, 0x9A, 0xAB, 0x5F, 0x2A, 0xD7, 0x7C, 0x74, 0xB1, 0x5C, 0x93,
    0xBD, 0xBC, 0x5C, 0xC3, 0x7B, 0x10, 0xF4, 0xE1, 0x2B, 0x97, 0x6B, 0xBA, 0x54, 0xAE, 0x19, 0xD2,
    0x5A, 0xA3, 0x0D, 0x22, 0xC3, 0xF9, 0x45, 0x32, 0xB7, 0xD1, 0xB7, 0xFE, 0x4D, 0x2B, 0xDE, 0xC4,
    0x62, 0x3E, 0xCA, 0x09, 0x16, 0x76, 0x5F, 0x4F, 0x6C, 0x12, 0x79, 0xE7, 0xE5, 0x30, 0xE4, 0x15,
    0xC7, 0x21, 0xC7, 0xB0, 0xC8, 0xEB, 0xDF, 0x22, 0xEB, 0x89, 0x93, 0x73, 0x9A, 0x95, 0xA6, 0xE5,
    0x5A, 0x87, 0x86, 0x47, 0x92, 0xE1, 0x64, 0x73, 0xD3, 0x9F, 0xA0, 0x26, 0xC9, 0x70, 0xE4, 0xA9,
    0x5E, 0x43, 0xA1, 0xD1, 0xD1, 0x50, 0x9D, 0xE1, 0x35, 0xE4, 0xC8, 0xC3, 0x80, 0xF6, 0x0C, 0x4F,
    0xD4, 0x48, 0xDD, 0x9F, 0x16, 0x86, 0xA6, 0xED, 0xAA, 0x10, 0x85, 0xFF, 0x25, 0xDC, 0xA6, 0x76,
    0xE0, 0xA8, 0x66, 0xF2, 0x19, 0x15, 0xFC, 0xCB, 0xFD, 0x33, 0x0F, 0xEA, 0x6F, 0xFD, 0x63, 0xA8,
    0xD8, 0xCB, 0x00, 0x59, 0x0A, 0x21, 0x0B, 0x03, 0xDF, 0x06, 0x48, 0x4E, 0x0C, 0x8B, 0x2D, 0x36,
    0x3F, 0xD6, 0x63, 0x39, 0xEA, 0xB6, 0xB4, 0x1D, 0xF5, 0x72, 0xCA, 0x35, 0xB7, 0xF2, 0xE0, 0xAC,
    0x4D, 0xCE, 0x29, 0xE3, 0x5C, 0xD1, 0xBA, 0xF5, 0xDB, 0xB8, 0xF5, 0x87, 0xB8, 0xD3, 0x8F, 0x32,
    0xD7, 0xD9, 0x7C, 0xD1, 0x63, 0xC8, 0x61, 0xA6, 0x6A, 0xF3, 0xFD, 0xD5, 0x6E, 0x11, 0xFF, 0x61,
    0x0D, 0xFC, 0xE8, 0x62, 0x02, 0xAA, 0x9F, 0xCE, 0xC8, 0xD5, 0x1E, 0x01, 0x99, 0xBD, 0x4A, 0x94,
    0x37, 0xF4, 0x37, 0x0B, 0xBA, 0xB0, 0x50, 0xFF, 0x6C, 0x86, 0x62, 0x74, 0x90, 0xDB, 0xEB, 0xC2,
    0x4D, 0xD5, 0xB2, 0x97, 0xB0, 0xE2, 0x29, 0x3F, 0x18, 0x2A, 0x2B, 0x37, 0x76, 0x0A, 0xEB, 0xD2,
    0x19, 0x28, 0xB3, 0xAB, 0x3F, 0x7C, 0xEF, 0x9E, 0x45, 0x79, 0x6F, 0xA9, 0x66, 0x95, 0x76, 0x1E,
    0x74, 0xBB, 0x87, 0x42, 0xA0, 0x94, 0xD7, 0xEF, 0x0F, 0x16, 0xCA, 0x67, 0xBF, 0xF1, 0x6D, 0xE6,
    0xFF, 0xCC, 0xB7, 0x31, 0xC1, 0x04, 0xEF, 0x80, 0x7C, 0xBA, 0x1A, 0x1C, 0x2D, 0x2F, 0x9F, 0x30,
    0xF6, 0x84, 0xBD, 0x47, 0x35, 0xC1, 0xF5, 0x0B, 0x84, 0xA9, 0x2F, 0x11, 0x66, 0xCE, 0x11, 0x26,
    0xF6, 0x05, 0xC2, 0xC2, 0x90, 0xBD, 0x23, 0x1F, 0x6F, 0xA3, 0xFA, 0x8A, 0x9C, 0xB7, 0x2E, 0xBD,
    0x7C, 0x5D, 0x4E, 0xA7, 0xA0, 0x66, 0xF1, 0xC0, 0xC9, 0xD9, 0xD7, 0xD4, 0x04, 0x15, 0x16, 0xCE,
    0xA7, 0x98, 0x12, 0x84, 0x1C, 0xDD, 0x9F, 0x24, 0x5C, 0x98, 0x70, 0x64, 0x02, 0xEC, 0x81, 0x17,
    0x82, 0xF7, 0x1B, 0xF8, 0xA3, 0x4F, 0xC0, 0xC1, 0x57, 0xC2, 0x9F, 0x08, 0x1C, 0x0A, 0xDC, 0x14,
    0x70, 0x67, 0x17, 0xBA, 0xE7, 0xE4, 0x92, 0xAE, 0x2B, 0x2D, 0xCD, 0x07, 0xB3, 0xCC, 0xD6, 0x58,
    0xCB, 0x3C, 0x3E, 0x57, 0xBE, 0x6F, 0x3E, 0x27, 0xF3, 0x92, 0x1D, 0x16, 0xB6, 0x32, 0xF9, 0x5C,
    0xF7, 0x99, 0x6B, 0x5A, 0x9C, 0x96, 0xF6, 0xE4, 0x48, 0x3A, 0x70, 0x1A, 0xD0, 0x6D, 0x6C, 0x4D,
    0x9F, 0xC8, 0x19, 0x79, 0x57, 0xCD, 0x1C, 0xE3, 0x9F, 0x4E, 0xBC, 0xB3, 0x41, 0xF6, 0x09, 0x50,
    0x79, 0x93, 0xB6, 0xB7, 0x0E, 0x79, 0xF0, 0x06, 0x78, 0xBE, 0xBB, 0xF1, 0xD3, 0x41, 0xBA, 0xF1,
    0x57, 0x88, 0x12, 0x93, 0xF8, 0x62, 0xF3, 0x54, 0x46, 0xF2, 0x9B, 0x72, 0xBC, 0x4D, 0x61, 0x4F,
    0xD2, 0x2E, 0x98, 0x3F, 0x0A, 0x79, 0x95, 0x75, 0xC0, 0x9A, 0xDA, 0x29, 0x90, 0x98, 0xB8, 0x53,
    0x8D, 0xF9, 0xA8, 0xFC, 0xD0, 0x73, 0x63, 0xE1, 0xB4, 0x1A, 0xD1, 0x32, 0xBD, 0x7E, 0xB9, 0xA0,
    0xC6, 0x5B, 0xA9, 0xEA, 0x0A, 0xA4, 0x5A, 0x7F, 0x88, 0x42, 0xEB, 0x49, 0x28, 0x13, 0xEA, 0x7E,
    0xCF, 0x36, 0x42, 0x1D, 0x23, 0x5B, 0xE9, 0x5B, 0x7F, 0x10, 0xAF, 0x5B, 0x8C, 0x8F, 0xC8, 0x6C,
    0x03, 0x1F, 0x9D, 0xBB, 0xB3, 0x83, 0x95, 0x96, 0xEA, 0x13, 0xAF, 0xD3, 0xE6, 0x18, 0xF2, 0x0F,
    0x21, 0x7A, 0x36, 0x57, 0x3E, 0x41, 0x7B, 0xF3, 0xB0, 0x98, 0x6C, 0x66, 0x77, 0xD5, 0xD8, 0xC1,
    0x4F, 0x45, 0x2C, 0x8F, 0xDA, 0xD7, 0xFC, 0xCC, 0xD2, 0xF7, 0xE0, 0x27, 0xC9, 0x33, 0x17, 0xB4,
    0x67, 0x51, 0xC6, 0x66, 0xE6, 0xFC, 0xEF, 0x96, 0x72, 0x47, 0xF6, 0x2A, 0x25, 0x8F, 0x35, 0xFD,
    0x6E, 0x49, 0xCD, 0xBA, 0x87, 0xCC, 0x09, 0x39, 0xDC, 0x16, 0x17, 0xA8, 0xDB, 0x05, 0x28, 0xCC,
    0xB5, 0x37, 0xBB, 0xAE, 0x37, 0x54, 0x23, 0xE1, 0x1E, 0x9A, 0x05, 0x35, 0xDD, 0x04, 0x5B, 0x5F,
    0x7E, 0xBD, 0x8E, 0xA1, 0x07, 0xD4, 0x33, 0x0B, 0x94, 0xED, 0x47, 0xC0, 0xB7, 0xF9, 0x21, 0xF0,
    0x0D, 0xBE, 0xF1, 0xA6, 0xF2, 0x72, 0x61, 0xDE, 0x9A, 0x8A, 0xBC, 0xBD, 0x72, 0xE9, 0xBC, 0xE8,
    0x72, 0x06, 0x9A, 0x9F, 0x39, 0xA0, 0x34, 0xE2, 0x51, 0x3E, 0x35, 0x00, 0xC7, 0x5F, 0x0E, 0xEE,
    0xBC, 0x24, 0xD2, 0x0C, 0x21, 0x8F, 0x97, 0x22, 0x5B, 0xAC, 0x22, 0xF5, 0x82, 0xF5, 0xCB, 0xFF,
    0x47, 0x90, 0x5E, 0x50, 0x73, 0x86, 0x21, 0xA0, 0xF1, 0x7E, 0x02, 0xB5, 0x0D, 0x71, 0xBB, 0xDC,
    0x0A, 0x16, 0xB3, 0xA0, 0x72, 0x82, 0xD9, 0x26, 0xC8, 0xD0, 0x0A, 0x6A, 0x13, 0x8A, 0x3E, 0x13,
    0x92, 0xCF, 0x84, 0x19, 0xA3, 0x7C, 0xEB, 0xBD, 0x65, 0xE8, 0xB5, 0x24, 0x45, 0xBF, 0x74, 0x14,
    0xE3, 0x2D, 0x32, 0x5B, 0xC3, 0x47, 0xFB, 0x11, 0x6B, 0xDB, 0x4C, 0xCD, 0xEC, 0x5D, 0xFE, 0xC5,
    0x4F, 0x5D, 0xE6, 0x99, 0xD9, 0x68, 0x59, 0x01, 0xF7, 0xD2, 0x16, 0x0B, 0x96, 0x2B, 0x34, 0xFE,
    0xDF, 0xD0, 0x3E, 0x55, 0x72, 0x41, 0x7B, 0xC1, 0x87, 0xA1, 0x7F, 0x99, 0xA5, 0x97, 0xCF, 0xCB,
    0x12, 0x78, 0x19, 0x03, 0x2F, 0x7D, 0xE0, 0x65, 0x14, 0x2C, 0xAC, 0xA0, 0x5A, 0xD8, 0x65, 0xD1,
    0xA9, 0x7F, 0xDD, 0xA7, 0x62, 0x98, 0xF0, 0x32, 0x5F, 0xE0, 0x45, 0xD8, 0x62, 0x93, 0xA4, 0xE2,
    0x2A, 0x8A, 0x72, 0x3F, 0xCE, 0x71, 0xE8, 0x87, 0x7F, 0x79, 0x6A, 0x8B, 0x27, 0xC2, 0x74, 0x3E,
    0x85, 0x5E, 0xE7, 0x57, 0x7B, 0x19, 0x16, 0x33, 0x0C, 0xFE, 0x6E, 0xCC, 0xC1, 0xBB, 0x0F, 0x96,
    0xDD, 0xC3, 0x5E, 0xC4, 0x4D, 0xC1, 0xB9, 0x6A, 0x81, 0x9B, 0xCA, 0xBC, 0xD1, 0x3F, 0x5F, 0xAB,
    0xA6, 0x40, 0xA1, 0x06, 0x96, 0xBA, 0x87, 0x6B, 0x85, 0x81, 0x2A, 0xB3, 0x5F, 0xCF, 0x2F, 0x00,
    0x29, 0x17, 0x00, 0x3D, 0xEC, 0x67, 0xD7, 0x94, 0xBF, 0xD1, 0x84, 0xBD, 0x38, 0x9C, 0x79, 0x9B,
    0xEF, 0x7C, 0x3D, 0xBF, 0x3E, 0xBB, 0x11, 0x7F, 0x3C, 0x52, 0x4D, 0xA5, 0x95, 0x9A, 0x94, 0x6E,
    0x73, 0xAB, 0xC9, 0xEE, 0x84, 0x18, 0xAC, 0x8F, 0xB5, 0xB8, 0x6A, 0x81, 0xC2, 0xF7, 0xE0, 0x85,
    0x2D, 0xDF, 0x93, 0xF9, 0x09, 0xEA, 0x19, 0x54, 0x98, 0xCD, 0x7F, 0x0C, 0xEE, 0x16, 0xB8, 0xDB,
    0x10, 0xDF, 0x7E, 0xA6, 0xB4, 0x92, 0xFD, 0x64, 0xC3, 0xC2, 0x4E, 0x8A, 0xB4, 0xAD, 0x51, 0xF5,
    0x50, 0x01, 0xDF, 0x82, 0x2B, 0xFE, 0x0E, 0x8D, 0x5F, 0xE8, 0x70, 0xAC, 0x1C, 0xB2, 0xF2, 0x3E,
    0x5B, 0x5A, 0x43, 0xF4, 0x02, 0xA5, 0x1F, 0x61, 0x10, 0x63, 0x03, 0x3C, 0xDF, 0x47, 0x63, 0xD1,
    0xC8, 0x19, 0x2B, 0x1B, 0x92, 0xFB, 0x96, 0xBE, 0x67, 0x27, 0x1D, 0x70, 0x92, 0xB6, 0x73, 0x2C,
    0x30, 0x11, 0xF2, 0xEB, 0x6D, 0x78, 0xE2, 0xEF, 0x6D, 0x27, 0x68, 0xAE, 0x3F, 0x44, 0x73, 0x70,
    0x8C, 0xE6, 0xEA, 0x4F, 0xD0, 0x32, 0x06, 0x0D, 0x97, 0x00, 0x9D, 0xC0, 0xD0, 0x12, 0xDC, 0x49,
    0x1B, 0x7D, 0x17, 0x87, 0xC5, 0x2D, 0x81, 0x47, 0xA4, 0x91, 0x31, 0x01, 0x0F, 0xC4, 0xCE, 0x2D,
    0xA5, 0xC5, 0x7B, 0x7B, 0xFF, 0x8B, 0xBB, 0xAF, 0x1A, 0xD7, 0x2C, 0x64, 0xFE, 0x98, 0x1B, 0x33,
    0x51, 0x34, 0x5C, 0x87, 0x9B, 0xC1, 0x6F, 0x2B, 0xCF, 0x94, 0x24, 0x19, 0x63, 0x67, 0x8A, 0xD9,
    0x93, 0xBB, 0x2D, 0xAD, 0x4D, 0xDF, 0x05, 0x47, 0x68, 0xB9, 0x50, 0x6A, 0xA1, 0xEB, 0x29, 0x1D,
    0xF8, 0xA1, 0xE5, 0x8E, 0xFC, 0x3B, 0xDB, 0xED, 0xAE, 0xA5, 0xA6, 0x93, 0x3E, 0x05, 0x56, 0x50,
    0x2E, 0x9D, 0x67, 0x28, 0xE2, 0xAF, 0xB5, 0xBA, 0x15, 0x4E, 0x5B, 0x80, 0x78, 0x37, 0xF5, 0xD3,
    0x85, 0x13, 0xB6, 0x70, 0x87, 0x66, 0x74, 0xB8, 0x63, 0x84, 0x76, 0x1A, 0xBB, 0x97, 0x45, 0xD8,
    0x8F, 0x14, 0xFF, 0xEC, 0x52, 0xD7, 0x31, 0xC6, 0xBF, 0xD8, 0x1A, 0x13, 0xE3, 0xFF, 0x0D, 0x71,
    0x35, 0xAC, 0x4B, 0x1B, 0xF8, 0x3B, 0xF0, 0x38, 0x56, 0xD4, 0xE2, 0x0F, 0x71, 0x1A, 0x80, 0xDB,
    0x27, 0x10, 0x9F, 0xC5, 0xD0, 0xF9, 0x05, 0x89, 0xD5, 0xE5, 0x58, 0x5A, 0x8E, 0x75, 0xE5, 0x54,
    0x73, 0xB5, 0x50, 0xBD, 0x12, 0xC6, 0xE2, 0x71, 0xAC, 0x25, 0xBF, 0xC6, 0x59, 0xE1, 0x2A, 0xF1,
    0x8A, 0xF1, 0xEA, 0x71, 0x24, 0xBC, 0xCD, 0xDB, 0x50, 0x73, 0x0C, 0xE5, 0xA7, 0x13, 0x28, 0x6F,
    0x20, 0xF3, 0x2D, 0xE0, 0x5F, 0x67, 0x27, 0xBF, 0x9B, 0x50, 0xFF, 0xFE, 0x6C, 0x45, 0x5D, 0x72,
    0xF9, 0xF2, 0x3F, 0x00, 0x8D, 0x94, 0x01, 0x84, 0x1C, 0xD7, 0x1F, 0xC7, 0x3F, 0x3B, 0x93, 0xEC,
    0x5C, 0xEE, 0xED, 0xDD, 0x0B, 0x82, 0xFC, 0xFF, 0xD9, 0xBD, 0xF9, 0x23, 0x58, 0x71, 0x97, 0x59,
    0x1C, 0x16, 0x73, 0x99, 0xF1, 0x0F, 0x00, 0x75, 0x0A, 0x28, 0xE4, 0x28, 0x10, 0xB4, 0x41, 0x70,
    0xF4, 0xEE, 0x66, 0x04, 0xA8, 0xD2, 0x6C, 0x01, 0x80, 0xD5, 0x06, 0xB1, 0x70, 0xA7, 0x0D, 0x16,
    0x49, 0xE7, 0x15, 0x00, 0x74, 0x80, 0x42, 0x31, 0xDA, 0x83, 0x6A, 0x35, 0x8F, 0x0E, 0x9D, 0x24,
    0xB3, 0xFB, 0x3A, 0x73, 0xD3, 0xCD, 0x5D, 0x4F, 0xAF, 0xFA, 0xFD, 0xBE, 0xF9, 0xFD, 0xDE, 0x6F,
    0xE7, 0xFB, 0xDE, 0xFB, 0xBD, 0xDF, 0xBC, 0x7D, 0xB7, 0x08, 0x62, 0x99, 0xDA, 0x9A, 0x9C, 0x75,
    0x9E, 0x5A, 0xA5, 0xAD, 0x85, 0x72, 0xF1, 0xE1, 0x09, 0xD6, 0x0C, 0xC7, 0x20, 0x1F, 0xAB, 0x3B,
    0x76, 0xFA, 0x90, 0x23, 0x37, 0x6B, 0x47, 0xF3, 0x7B, 0x3A, 0x98, 0x8D, 0x9C, 0x7C, 0x32, 0x19,
    0x1B, 0xA3, 0x27, 0xB5, 0xAB, 0xFC, 0x76, 0x2B, 0xD4, 0xB6, 0x7A, 0xE6, 0xC4, 0x41, 0x82, 0x28,
    0x98, 0x96, 0xE5, 0xEE, 0xD4, 0xCA, 0xAA, 0xA9, 0xAA, 0x36, 0xB5, 0xD2, 0xFF, 0x8E, 0x4C, 0x91,
    0xED, 0xE1, 0xB7, 0x4A, 0x99, 0x09, 0x04, 0x6E, 0x1E, 0xCD, 0xB4, 0xAC, 0x19, 0xCD, 0xDC, 0xDC,
    0xC9, 0xA3, 0x50, 0x66, 0x73, 0xBC, 0x47, 0x05, 0x5B, 0x76, 0x46, 0x2E, 0x43, 0xB6, 0xF9, 0x9F,
    0xDF, 0xD2, 0xAE, 0x50, 0xF2, 0x65, 0x68, 0xCF, 0xB1, 0x4A, 0xF4, 0x09, 0xFC, 0x05, 0x03, 0x5B,
    0xE3, 0x7E, 0x53, 0xE0, 0xA4, 0x2F, 0xB0, 0xB4, 0x07, 0xBB, 0x22, 0xB6, 0x32, 0x6C, 0x5D, 0xB7,
    0x77, 0xB3, 0x50, 0x5B, 0xA7, 0xE9, 0xB4, 0x9F, 0x10, 0x18, 0xA6, 0x22, 0xCE, 0x2C, 0x05, 0x56,
    0x26, 0x43, 0x9F, 0x5D, 0x0A, 0x0C, 0x46, 0x25, 0xCA, 0x0B, 0xDD, 0x38, 0xC8, 0x02, 0x2D, 0xB5,
    0xA5, 0xAD, 0xD4, 0x56, 0x2E, 0x53, 0xC0, 0x0B, 0x13, 0x65, 0x94, 0xA1, 0x60, 0x17, 0x1F, 0x19,
    0x5A, 0x19, 0xFC, 0x9D, 0xEE, 0x16, 0x9E, 0xAA, 0xAB, 0x47, 0x51, 0x57, 0xCF, 0x2E, 0x1C, 0x2D,
    0x95, 0xC7, 0x10, 0x34, 0xFA, 0xBE, 0x4E, 0x34, 0x15, 0x6B, 0xF3, 0x3A, 0x36, 0xAA, 0xF6, 0x93,
    0x89, 0x31, 0xC8, 0x53, 0x3A, 0xA9, 0xD4, 0xE2, 0x64, 0x46, 0x11, 0x1F, 0x70, 0x15, 0x37, 0xD2,
    0x5A, 0x47, 0x6E, 0xF3, 0xF6, 0x70, 0x5C, 0x95, 0xB8, 0x7A, 0x9A, 0xA8, 0x4D, 0x6D, 0x8D, 0x3E,
    0x1C, 0xD7, 0x7E, 0xF2, 0xD4, 0x94, 0xE8, 0x86, 0x2D, 0x6D, 0x32, 0xA3, 0xA2, 0x50, 0xD3, 0x30,
    0x27, 0xD1, 0x91, 0x76, 0xD3, 0xF3, 0xDF, 0x61, 0x39, 0x8E, 0xF2, 0x7C, 0xAF, 0x2E, 0x5F, 0x52,
    0xB8, 0xA9, 0xAB, 0xDC, 0xD0, 0x63, 0x8B, 0x21, 0x76, 0x8C, 0x33, 0xC2, 0x99, 0x41, 0x02, 0x01,
    0x44, 0x7C, 0x34, 0x27, 0x3A, 0xC6, 0x51, 0x1E, 0x07, 0xCC, 0x2A, 0x56, 0xE1, 0x2F, 0x37, 0x0A,
    0x5D, 0x63, 0x52, 0x6F, 0xC1, 0x14, 0x78, 0x1A, 0x59, 0xB5, 0x41, 0xA7, 0x33, 0x58, 0xEF, 0xDE,
    0x31, 0x53, 0xF9, 0xA3, 0xDE, 0x66, 0xBB, 0x5A, 0x25, 0x90, 0xB1, 0x34, 0xF5, 0x6C, 0x76, 0x49,
    0xEB, 0x49, 0x6D, 0xE5, 0x1C, 0xF7, 0x5E, 0xB8, 0xE5, 0x28, 0xDD, 0x3A, 0x7F, 0x54, 0xCE, 0x7E,
    0x9B, 0x8B, 0xCF, 0xD7, 0xC2, 0x43, 0x83, 0x45, 0x7C, 0x76, 0x44, 0x93, 0xD7, 0xA4, 0x46, 0x6C,
    0x6A, 0x28, 0x00, 0xAE, 0xD3, 0x9A, 0x21, 0x34, 0x49, 0xE8, 0x14, 0x78, 0x8A, 0x2D, 0xB8, 0x0A,
    0x0D, 0x6C, 0x05, 0x22, 0x06, 0x09, 0xB8, 0xC0, 0x06, 0xE0, 0x03, 0x53, 0x40, 0x43, 0x4B, 0x83,
    0x9D, 0xFE, 0x55, 0xB6, 0x06, 0x6C, 0x9D, 0x93, 0x65, 0xFF, 0x2C, 0x7B, 0x46, 0xB3, 0xE4, 0xF1,
    0x6C, 0x4D, 0xAE, 0xCD, 0x8E, 0x9B, 0xB2, 0xE5, 0xB8, 0x66, 0x62, 0x1A, 0xBC, 0x9E, 0x1C, 0x36,
    0x3F, 0x56, 0x9D, 0x2A, 0x6C, 0x7F, 0x36, 0x76, 0xDF, 0x14, 0xC3, 0x8D, 0xF5, 0x41, 0xB7, 0x73,
    0xF5, 0xD2, 0x25, 0xE8, 0xF7, 0x6F, 0x3F, 0x17, 0x5A, 0x64, 0xDE, 0xB4, 0xDF, 0x07, 0x97, 0x17,
    0x68, 0x72, 0x9E, 0x73, 0x07, 0x59, 0xF1, 0x80, 0x29, 0x17, 0xD5, 0xE7, 0xA2, 0xD3, 0x79, 0xB6,
    0x6E, 0x1B, 0x04, 0xB8, 0x08, 0x56, 0x19, 0x42, 0x03, 0x37, 0x04, 0x4F, 0x31, 0x0D, 0x3E, 0x89,
    0xCB, 0x40, 0xAA, 0x72, 0x4B, 0xAA, 0xA9, 0x2F, 0x62, 0x6E, 0x42, 0x59, 0x71, 0x86, 0x51, 0x41,
    0x78, 0xEE, 0x1C, 0x5C, 0x94, 0x82, 0xF6, 0x17, 0xBC, 0x3F, 0x4E, 0x34, 0x0D, 0x47, 0x00, 0x02,
    0xF7, 0xD7, 0x93, 0x34, 0xA2, 0xD9, 0xE8, 0x4D, 0x4E, 0x06, 0x80, 0x07, 0x04, 0xC0, 0x6D, 0x68,
    0x8F, 0xAC, 0xD0, 0x9B, 0x39, 0xE1, 0xD0, 0x7B, 0xC9, 0x83, 0x76, 0xC1, 0xF9, 0xF7, 0xF5, 0x26,
    0x66, 0x52, 0x7B, 0xB3, 0xB0, 0x3D, 0x06, 0xCE, 0xEE, 0xA9, 0xAA, 0xDA, 0xBA, 0x20, 0x31, 0x2A,
    0x32, 0xAA, 0x2B, 0xA8, 0x42, 0x10, 0xA1, 0x97, 0x7D, 0x98, 0x49, 0xD5, 0x70, 0x32, 0xBA, 0x35,
    0x5E, 0x9E, 0x98, 0x34, 0xD0, 0xB2, 0xC9, 0x59, 0x2E, 0xAC, 0x15, 0x22, 0xC7, 0x7C, 0xF5, 0x29,
    0xCB, 0x5C, 0xD9, 0xB9, 0xB2, 0x03, 0xAB, 0x70, 0x04, 0x55, 0xE7, 0x4A, 0xDD, 0xA9, 0xC2, 0x3F,
    0x95, 0x23, 0x68, 0x4B, 0x9D, 0x81, 0x58, 0x8C, 0xAD, 0x35, 0xB2, 0xD1, 0xD4, 0xE2, 0xC5, 0xD8,
    0x6D, 0xBE, 0x7C, 0x87, 0xCB, 0x9A, 0xF7, 0x3F, 0x46, 0x9E, 0x5D, 0xEB, 0x75, 0x9D, 0xC3, 0x61,
    0x93, 0x83, 0xA2, 0xC0, 0xCB, 0x1C, 0xED, 0x65, 0xAF, 0x50, 0xF4, 0xF6, 0xB5, 0xD6, 0xFB, 0xBD,
    0xB7, 0x7F, 0x0E, 0x6D, 0xAB, 0xEA, 0x4E, 0x6B, 0x2E, 0x37, 0x2B, 0x03, 0x7C, 0xDF, 0x2B, 0x44,
    0x26, 0xF5, 0xD6, 0xDE, 0xB5, 0x6B, 0x0C, 0x2C, 0x9D, 0xC4, 0x33, 0x92, 0xB8, 0xAD, 0x19, 0x9C,
    0x9D, 0x28, 0x65, 0x87, 0xFF, 0x70, 0x40, 0x80, 0x9B, 0x07, 0xD8, 0x45, 0x12, 0xBA, 0xF9, 0xEF,
    0xEA, 0xA0, 0xF5, 0x43, 0xBA, 0x63, 0x2B, 0x9D, 0x9F, 0x9C, 0xC7, 0xBC, 0xBE, 0x24, 0xD0, 0x74,
    0xBF, 0x08, 0xBD, 0xC3, 0xD8, 0x2A, 0xA8, 0xEC, 0xF5, 0xCF, 0x43, 0x34, 0xCB, 0x8F, 0xC6, 0x91,
    0x29, 0xF3, 0xFD, 0x35, 0xED, 0x4B, 0xED, 0xAF, 0x7E, 0x6D, 0x5E, 0xB8, 0xDF, 0xE5, 0xAB, 0xF4,
    0xF0, 0x9E, 0x06, 0x25, 0x9B, 0x1C, 0x3D, 0x04, 0x68, 0xA5, 0x1B, 0x00, 0x4E, 0x2C, 0x62, 0xE0,
    0x36, 0xAD, 0x57, 0xD0, 0xCE, 0xC1, 0x33, 0x87, 0x26, 0x86, 0x56, 0x62, 0x8E, 0xE1, 0xDF, 0x2B,
    0x27, 0x35, 0x4C, 0x8D, 0xD3, 0x9E, 0x65, 0x7E, 0x02, 0x32, 0xF7, 0x67, 0xF3, 0x0A, 0x5B, 0xF9,
    0xB4, 0xCD, 0x3C, 0x09, 0x8F, 0xA8, 0x7C, 0x01, 0xBC, 0x37, 0xD9, 0x06, 0xDC, 0x4A, 0x17, 0xD2,
    0x9A, 0x87, 0xDC, 0xC8, 0x11, 0x23, 0xE0, 0x03, 0x7A, 0x00, 0x4E, 0xB8, 0x09, 0xD0, 0x52, 0x00,
    0x21, 0xC0, 0x91, 0xA9, 0x50, 0x9E, 0x18, 0xEA, 0x10, 0x20, 0x14, 0x79, 0xA7, 0x4B, 0xC7, 0x2D,
    0x37, 0x3B, 0x83, 0xAE, 0xFB, 0x58, 0x64, 0xFD, 0xDD, 0x81, 0x1F, 0x94, 0x03, 0xFA, 0xD7, 0x44,
    0xD6, 0x61, 0x09, 0xD8, 0xA3, 0x12, 0xD4, 0xAC, 0x7C, 0x52, 0xE9, 0xFB, 0xAB, 0x03, 0x67, 0x60,
    0x0F, 0x9C, 0xFE, 0xAA, 0x28, 0xF6, 0x3C, 0xBA, 0x0E, 0x1D, 0xBB, 0x69, 0xAC, 0x08, 0x9C, 0xDF,
    0x52, 0x91, 0x0F, 0xBB, 0x03, 0x6A, 0xF6, 0x97, 0x44, 0xCE, 0x1E, 0x74, 0xA1, 0x83, 0xFC, 0x9E,
    0xE1, 0x3A, 0x83, 0x2E, 0x83, 0x4E, 0x65, 0xEB, 0xBE, 0xFC, 0x36, 0x7C, 0xDE, 0xBC, 0x84, 0x95,
    0x92, 0x55, 0x71, 0x3A, 0x53, 0xD7, 0x26, 0xB9, 0xAB, 0xF6, 0xCB, 0x28, 0xEC, 0x89, 0xFF, 0xAB,
    0xEA, 0x87, 0xB7, 0x4F, 0xB7, 0x7A, 0xA2, 0xBB, 0xA9, 0xDE, 0xCF, 0x7B, 0xC3, 0x45, 0x5A, 0x51,
    0x0C, 0x4B, 0x74, 0x08, 0x54, 0x87, 0x86, 0x2B, 0x38, 0xF1, 0xDC, 0x8D, 0xFD, 0x65, 0xD6, 0x97,
    0x58, 0x59, 0x42, 0xDC, 0xC4, 0x7E, 0x80, 0x9D, 0xD2, 0x8A, 0x49, 0x22, 0x7A, 0xD7, 0x71, 0x76,
    0xB0, 0x52, 0x2E, 0x6F, 0xD2, 0xED, 0x31, 0x8F, 0xE2, 0x3F, 0x00, 0xDC, 0x98, 0x47, 0x94, 0xE5,
    0x4A, 0x52, 0x86, 0x7F, 0x49, 0xF3, 0x5A, 0x87, 0xD6, 0x42, 0x78, 0x4F, 0x8B, 0xED, 0xB8, 0x16,
    0x3B, 0x5C, 0x75, 0x2B, 0xF1, 0xDB, 0xB7, 0xDF, 0xBC, 0x3D, 0xEE, 0xE2, 0x6D, 0x1D, 0x24, 0xEC,
    0xFA, 0xED, 0x57, 0x78, 0x53, 0xB5, 0xA8, 0x87, 0x77, 0xDD, 0x57, 0xC2, 0x7B, 0x10, 0x66, 0x4F,
    0xE2, 0x3D, 0x88, 0x33, 0x17, 0x46, 0x5D, 0x23, 0x65, 0x10, 0x7F, 0x64, 0x95, 0x98, 0xAA, 0x69,
    0x53, 0x6D, 0xC6, 0xDE, 0x2A, 0x7D, 0x91, 0x72, 0x99, 0xA1, 0xC8, 0xCC, 0xC8, 0xC8, 0xC0, 0x67,
    0x3A, 0x00, 0xD5, 0xA8, 0xC8, 0x27, 0x05, 0x66, 0xE2, 0x1E, 0xF1, 0x1A, 0xE2, 0xAF, 0x11, 0x11,
    0xFF, 0x59, 0x44, 0xB2, 0x22, 0xF3, 0x58, 0x91, 0x10, 0xD8, 0x00, 0x3C, 0x16, 0x22, 0x41, 0x71,
    0xF2, 0x33, 0x76, 0xFA, 0x44, 0x1C, 0x6D, 0x38, 0x56, 0x24, 0x0B, 0x1B, 0x5A, 0x1A, 0x02, 0x95,
    0x5E, 0x42, 0xE3, 0xD6, 0x88, 0x78, 0x0A, 0xBC, 0xB4, 0x56, 0x2B, 0xB5, 0xFA, 0xE9, 0x17, 0xD5,
    0x4A, 0x08, 0xC8, 0x69, 0x38, 0x5D, 0x30, 0x27, 0x0B, 0x1E, 0x60, 0x52, 0x1E, 0x5D, 0xE1, 0xEB,
    0xCA, 0x4F, 0x06, 0x94, 0xB8, 0xCE, 0x5D, 0x50, 0xCA, 0x79, 0xEF, 0xA1, 0x6A, 0xE7, 0xB3, 0x5D,
    0x5F, 0x8D, 0x7B, 0x63, 0x6F, 0x6C, 0x37, 0xDA, 0x95, 0xED, 0xEE, 0x82, 0x74, 0x45, 0x36, 0xE3,
    0x4C, 0x7E, 0x78, 0xE7, 0x21, 0x32, 0xED, 0x01, 0xDC, 0x7E, 0x53, 0x51, 0x0F, 0x8A, 0x06, 0x00,
    0x16, 0xB6, 0xE3, 0x09, 0x87, 0xF8, 0xA3, 0xCA, 0xDD, 0x8E, 0xC8, 0x0E, 0xA8, 0x88, 0x82, 0xC8,
    0x37, 0x24, 0x50, 0xE0, 0xA5, 0xC1, 0xEF, 0x01, 0x75, 0x03, 0x55, 0x03, 0x70, 0x4B, 0x66, 0xA0,
    0xFD, 0x57, 0x71, 0xC9, 0x8C, 0x66, 0xC8, 0x3D, 0xCA, 0xB1, 0x1C, 0x50, 0x8C, 0xB5, 0x43, 0xEE,
    0x4C, 0xD9, 0xEF, 0x21, 0xF6, 0xD7, 0x7B, 0x48, 0x06, 0xC8, 0xC9, 0x49, 0x17, 0x4F, 0xC3, 0xF6,
    0x48, 0x4B, 0x34, 0x44, 0xED, 0x14, 0x5A, 0x15, 0x5C, 0x31, 0x21, 0x19, 0xD3, 0x05, 0xC5, 0x60,
    0x0D, 0x69, 0x93, 0x7F, 0x0F, 0xEC, 0x82, 0x4B, 0xC3, 0x99, 0x2F, 0x7D, 0x36, 0x57, 0x43, 0xB2,
    0x34, 0x0E, 0x3C, 0x7E, 0xB8, 0xE9, 0xA0, 0x6A, 0x00, 0xF5, 0x04, 0x94, 0x01, 0xC8, 0xC4, 0x03,
    0xBD, 0x00, 0x85, 0x15, 0x66, 0x2D, 0xAC, 0x40, 0xCA, 0x06, 0xE5, 0xD3, 0x81, 0xFE, 0x1E, 0xD0,
    0xAA, 0x82, 0xFB, 0x16, 0x58, 0x9B, 0x21, 0x9D, 0xCB, 0xF3, 0x7E, 0x4C, 0xFA, 0x47, 0xFC, 0x38,
    0xFD, 0xC8, 0x7C, 0xE1, 0x47, 0xBF, 0xC0, 0x7F, 0xBE, 0xD0, 0x46, 0x5A, 0xC9, 0x83, 0x62, 0x58,
    0xCB, 0x51, 0xFF, 0x8F, 0xF3, 0xE1, 0xB2, 0xA7, 0xC6, 0x33, 0xE9, 0xF2, 0xF9, 0x45, 0x6B, 0xE6,
    0xC8, 0xE8, 0xB4, 0x92, 0x52, 0xE4, 0xB6, 0x9C, 0xA3, 0x1D, 0xD0, 0xB8, 0x57, 0xF1, 0x6F, 0xB6,
    0xB7, 0x21, 0xB8, 0x9B, 0xB0, 0x77, 0x40, 0x9C, 0x05, 0xC0, 0x1B, 0x2A, 0xFF, 0x4A, 0x65, 0x3E,
    0xC4, 0x7E, 0xCA, 0x06, 0xAC, 0xCF, 0x29, 0xE5, 0xC4, 0x45, 0x29, 0x21, 0x5E, 0xA7, 0xDA, 0x26,
    0x8B, 0xC9, 0xA4, 0x7D, 0x19, 0x65, 0x3A, 0xA3, 0xE8, 0x6C, 0xB6, 0x6C, 0xB2, 0x74, 0x51, 0x56,
    0xE0, 0xFD, 0x05, 0xF7, 0x29, 0xB3, 0x39, 0x59, 0x29, 0xF3, 0xA9, 0x5D, 0x28, 0xAB, 0xB1, 0x9D,
    0x90, 0xCB, 0x89, 0xB8, 0xBA, 0xA3, 0xDF, 0xF8, 0x7B, 0xF6, 0x60, 0x23, 0x8B, 0x8D, 0xD5, 0x77,
    0xCA, 0x3F, 0x83, 0x5D, 0x02, 0x71, 0x71, 0x14, 0xB7, 0x78, 0x01, 0x19, 0x4E, 0x4E, 0xE4, 0xE4,
    0x75, 0x64, 0xC2, 0x5F, 0xB8, 0xB8, 0xBE, 0x1B, 0xA3, 0xCC, 0xA7, 0x28, 0xB3, 0x39, 0xCA, 0x74,
    0x89, 0x32, 0x79, 0x82, 0x4C, 0xE7, 0x28, 0xB3, 0xC9, 0xF4, 0x42, 0xE9, 0xA9, 0x27, 0xF5, 0x37,
    0xBD, 0x4D, 0x7F, 0x33, 0x7F, 0xF4, 0x42, 0x17, 0x6E, 0x28, 0xFA, 0x9E, 0xEB, 0xE2, 0xC2, 0x15,
    0x41, 0x05, 0x1E, 0x23, 0xDE, 0x19, 0x9C, 0x0A, 0x7A, 0x51, 0x8A, 0x37, 0xAB, 0xD9, 0xEE, 0x65,
    0x8B, 0x89, 0x24, 0x0A, 0xAC, 0x37, 0x12, 0xA9, 0x1E, 0x21, 0x4E, 0xFF, 0x68, 0x61, 0x70, 0xF6,
    0xE3, 0x1D, 0xD8, 0xE6, 0x6F, 0x32, 0x93, 0x99, 0x27, 0x8B, 0x8E, 0xFC, 0x38, 0x82, 0x3F, 0x3E,
    0x5F, 0xCA, 0xA0, 0x2F, 0x17, 0xD2, 0xE5, 0x0B, 0xD2, 0x38, 0xB9, 0xA6, 0xD8, 0xF7, 0x64, 0x09,
    0xF2, 0xC8, 0x78, 0x20, 0x53, 0x4F, 0x16, 0x1D, 0x59, 0x41, 0x29, 0xD6, 0x83, 0xA1, 0x1F, 0xEC,
    0xCA, 0x44, 0x16, 0x33, 0x99, 0xAD, 0x24, 0xC4, 0xD8, 0x0E, 0x64, 0xED, 0xC9, 0x32, 0x4E, 0x9C,
    0x85, 0xFD, 0x9F, 0x88, 0xA3, 0xEA, 0xBD, 0xA7, 0xE6, 0x9F, 0x75, 0x40, 0xFA, 0xE3, 0x00, 0xA8,
    0xC7, 0xA6, 0x3E, 0x6A, 0x63, 0xDE, 0x99, 0x70, 0x57, 0x34, 0x17, 0x7D, 0x57, 0x67, 0x1C, 0xFB,
    0xAB, 0xB1, 0x5E, 0xAF, 0x06, 0xB2, 0x36, 0xB6, 0x64, 0x22, 0x64, 0xF6, 0x5F, 0x64, 0xF9, 0x06,
    0x79, 0xAF, 0x22, 0x0F, 0x64, 0xEA, 0xC9, 0xA2, 0x23, 0xEF, 0x82, 0x3C, 0x26, 0xFF, 0x67, 0x22,
    0xDF, 0x37, 0x90, 0x02, 0x72, 0x35, 0x1E, 0xB0, 0x31, 0xB6, 0x18, 0x5B, 0x8F, 0x9A, 0x20, 0x71,
    0x89, 0xA3, 0x77, 0x2C, 0x3C, 0x50, 0xF9, 0xD2, 0x9C, 0x5D, 0x3F, 0x02, 0x49, 0x1F, 0x70, 0xE5,
    0x27, 0x32, 0x94, 0x32, 0xF5, 0xD2, 0xDD, 0x16, 0x5F, 0xCC, 0x74, 0xC6, 0x99, 0xF2, 0xD8, 0x3E,
    0xFA, 0x57, 0xAC, 0x4F, 0x27, 0x40, 0x6C, 0x31, 0x69, 0x5D, 0x3A, 0xD2, 0x79, 0x66, 0x03, 0x83,
    0x85, 0x82, 0xF5, 0x4F, 0x25, 0x8D, 0x71, 0xB8, 0xA3, 0xCC, 0x96, 0x23, 0x65, 0xB2, 0x7E, 0x81,
    0x12, 0xE1, 0x17, 0xC8, 0x76, 0x22, 0x9B, 0x91, 0xAC, 0x07, 0xB2, 0xEC, 0x8C, 0xD8, 0xDC, 0xBE,
    0x2C, 0xC6, 0xF8, 0x60, 0xF7, 0x18, 0x4B, 0x9A, 0xDD, 0xD0, 0xB8, 0x0F, 0x21, 0xBB, 0x4A, 0x67,
    0x72, 0xFF, 0xF7, 0x62, 0x3F, 0xA0, 0x59, 0x4C, 0xE7, 0x89, 0x2C, 0x3C, 0x99, 0x8F, 0x64, 0x36,
    0x6C, 0x44, 0xE2, 0xC8, 0xD2, 0xCA, 0x55, 0xFC, 0xDE, 0xF8, 0x49, 0xC6, 0xEF, 0x3A, 0x90, 0xBF,
    0xB8, 0x90, 0x13, 0x99, 0xF8, 0x3D, 0x5F, 0x1D, 0x5B, 0x72, 0x68, 0x1C, 0xA7, 0x42, 0xDD, 0xD1,
    0x30, 0x15, 0x6D, 0x8B, 0x72, 0x04, 0xEE, 0x5A, 0x63, 0x8D, 0x2D, 0xA2, 0xAD, 0xC8, 0x01, 0x38,
    0x58, 0xA7, 0x4C, 0x36, 0x2B, 0xBD, 0xF9, 0xB8, 0x11, 0xE8, 0x4D, 0x83, 0x16, 0xC5, 0xA8, 0xEC,
    0xFA, 0x73, 0xDC, 0x96, 0x59, 0x04, 0x65, 0x0C, 0x52, 0xDC, 0x8E, 0xE0, 0x68, 0x23, 0x0A, 0x22,
    0x27, 0x32, 0x02, 0xB8, 0x8E, 0xF0, 0x33, 0x8E, 0x53, 0x88, 0x4B, 0x4F, 0xD2, 0xF3, 0x11, 0x1B,
    0x61, 0xA5, 0xE7, 0xBB, 0x13, 0xDF, 0xDD, 0x50, 0x10, 0xA5, 0x27, 0x06, 0x45, 0xAB, 0x36, 0x3B,
    0x0D, 0xA0, 0x0F, 0x21, 0xDE, 0x84, 0xB6, 0x6B, 0x3E, 0xDB, 0x6A, 0xA9, 0xAD, 0x16, 0xC3, 0x78,
    0x05, 0x56, 0x3D, 0xAD, 0x9E, 0xAC, 0x6C, 0x77, 0xA2, 0x0F, 0x0D, 0xB8, 0xBC, 0x51, 0x78, 0x9B,
    0xFE, 0xC4, 0xE1, 0x2A, 0x36, 0x0D, 0xAA, 0xA1, 0x0A, 0xE6, 0x12, 0xE5, 0xEF, 0x3F, 0x7C, 0x11,
    0x4E, 0x74, 0xC4, 0x3B, 0x53, 0x22, 0x1F, 0xD0, 0x02, 0xD9, 0xD3, 0xD9, 0x91, 0x79, 0xA4, 0x23,
    0x0B, 0x63, 0x89, 0xEB, 0xBC, 0x63, 0x7C, 0xB7, 0xF1, 0xC8, 0x78, 0x6C, 0x3C, 0x18, 0x27, 0x32,
    0xF3, 0xE4, 0xE9, 0xBF, 0xEA, 0xDA, 0xF3, 0xD3, 0x62, 0x9A, 0x88, 0xE3, 0x5A, 0x66, 0x2B, 0xEB,
    0xB2, 0x90, 0xC7, 0x07, 0xF2, 0x68, 0x22, 0xDF, 0x15, 0xF9, 0x3A, 0xF9, 0xB6, 0x0F, 0x57, 0x50,
    0x5F, 0xCA, 0xD0, 0x18, 0x0B, 0xE9, 0x74, 0xE9, 0x55, 0xE2, 0x21, 0x12, 0xB1, 0xB5, 0xA1, 0x06,
    0x4C, 0x17, 0x5B, 0xDD, 0x69, 0x4E, 0x8E, 0xF2, 0xD5, 0x5C, 0x46, 0x32, 0x69, 0xE1, 0x2E, 0x00,
    0x3C, 0xC0, 0x1A, 0xF7, 0x01, 0xF7, 0xB5, 0x60, 0x5F, 0x54, 0xBA, 0x95, 0xCE, 0x09, 0xFA, 0xC6,
    0xCA, 0x97, 0x80, 0x42, 0x44, 0xEC, 0x4A, 0x75, 0x2E, 0x67, 0x71, 0x32, 0x0E, 0x6B, 0x36, 0xB3,
    0xD0, 0xEB, 0xC3, 0xD4, 0x32, 0x09, 0x58, 0x21, 0xE6, 0xBB, 0xB4, 0xD0, 0x76, 0x40, 0x71, 0xD0,
    0x42, 0x3D, 0x02, 0x15, 0xDB, 0xE2, 0x9C, 0x6F, 0x2C, 0x08, 0x99, 0x01, 0x71, 0x54, 0x6C, 0x45,
    0x2A, 0x48, 0xEC, 0xBF, 0x5E, 0xA0, 0xCA, 0xA3, 0xF7, 0x8D, 0x47, 0x23, 0x0B, 0xD7, 0x8B, 0x3E,
    0x38, 0x14, 0xE1, 0x8C, 0x4B, 0x4B, 0xB2, 0xF0, 0xD5, 0x40, 0xA7, 0xD6, 0x5F, 0xF4, 0x2F, 0x22,
    0xF6, 0xC4, 0xC2, 0x56, 0x27, 0xE0, 0x76, 0xCF, 0x69, 0xAF, 0x13, 0x86, 0x7D, 0x66, 0xBA, 0x6D,
    0x9E, 0xD0, 0x3C, 0x66, 0x35, 0xBC, 0x46, 0x34, 0x3C, 0x6D, 0x9D, 0xDE, 0x60, 0x38, 0x87, 0xC6,
    0x53, 0x3B, 0x36, 0x94, 0xB0, 0xC9, 0x8F, 0xB8, 0xD5, 0x27, 0x1F, 0xD9, 0x83, 0x74, 0x0F, 0xCA,
    0x03, 0xCD, 0x98, 0xC5, 0xCE, 0xF8, 0xCC, 0x1F, 0xFF, 0x48, 0x5D, 0x31, 0x3F, 0xE2, 0x62, 0x0F,
    0xE1, 0xCF, 0x62, 0xEB, 0x7F, 0xA0, 0x06, 0x4D, 0x87, 0x4C, 0xE9, 0x5E, 0x8A, 0xB9, 0x51, 0x55,
    0xDE, 0x58, 0x3A, 0xB2, 0x02, 0x79, 0x9F, 0x4C, 0x56, 0xB2, 0xB5, 0x95, 0xB7, 0x9D, 0xA0, 0xF6,
    0xA9, 0x3B, 0x98, 0x7D, 0x00, 0xD4, 0xB4, 0x90, 0xCA, 0x26, 0x74, 0xB9, 0x74, 0x40, 0x6B, 0x5D,
    0x03, 0xFC, 0xFA, 0x84, 0xEC, 0xAF, 0x47, 0xE0, 0xBD, 0x2A, 0xFF, 0xCC, 0x23, 0xF9, 0x27, 0x95,
    0x7F, 0xA4, 0xC7, 0xEF, 0xE9, 0xF1, 0x5B, 0x87, 0x0B, 0xB9, 0xA0, 0xF8, 0x2A, 0x95, 0xBF, 0xB1,
    0xA0, 0xCC, 0x55, 0x0E, 0x01, 0x77, 0x4C, 0xF6, 0x78, 0xB7, 0xC9, 0xD6, 0x1D, 0x99, 0x6C, 0xBA,
    0xEF, 0x30, 0x59, 0x0F, 0xBF, 0x60, 0xB2, 0x1A, 0x27, 0x93, 0xE5, 0xDF, 0x78, 0x93, 0xC5, 0x7B,
    0x06, 0x4A, 0xF6, 0x70, 0x94, 0xE2, 0x4C, 0x26, 0x02, 0x95, 0xF9, 0x88, 0xC0, 0x69, 0x7C, 0xF6,
    0x08, 0x0F, 0xD1, 0x87, 0x4E, 0x02, 0x8E, 0x21, 0x32, 0x3C, 0x71, 0xBC, 0xDD, 0x9C, 0xA2, 0xBF,
    0x81, 0x51, 0x7E, 0x7F, 0xF3, 0xB7, 0x9E, 0x3C, 0x47, 0x6C, 0x93, 0x6A, 0xFB, 0x55, 0xDB, 0xD3,
    0x78, 0xFD, 0x67, 0x81, 0x01, 0xC0, 0xCA, 0xDE, 0x40, 0x8B, 0x06, 0xD0, 0xA3, 0x25, 0xBB, 0xBD,
    0xB2, 0xEE, 0x02, 0x39, 0xAC, 0xCA, 0xEA, 0x31, 0x8C, 0x77, 0xE3, 0x93, 0xF6, 0x96, 0x6B, 0xC8,
    0x8B, 0xDA, 0x62, 0xCD, 0xB1, 0x95, 0xD8, 0x62, 0x6C, 0x3D, 0x6A, 0x22, 0xF6, 0xDB, 0x11, 0xFF,
    0x10, 0xA3, 0xA0, 0x0F, 0x65, 0xDC, 0x15, 0x23, 0xBD, 0xAB, 0xF3, 0x31, 0x46, 0x11, 0xB3, 0xCD,
    0x1C, 0xA2, 0xE9, 0xB6, 0x80, 0x64, 0x7C, 0x0C, 0x78, 0xA3, 0xEE, 0x14, 0x0D, 0xE7, 0xA6, 0xC5,
    0x13, 0x1E, 0x59, 0xF8, 0x89, 0x57, 0x98, 0xAF, 0x28, 0x5C, 0x73, 0xD5, 0x8B, 0x07, 0x62, 0x7D,
    0x0C, 0x1E, 0x9B, 0xAF, 0xE8, 0x2E, 0x43, 0xC4, 0xC7, 0xE5, 0x2B, 0x7A, 0x11, 0x09, 0xBD, 0x6E,
    0x20, 0xC3, 0x03, 0xB4, 0xB8, 0xFF, 0x2B, 0x8A, 0xBB, 0xBF, 0xA0, 0xB8, 0x63, 0x80, 0x02, 0xAF,
    0x0A, 0xBD, 0x83, 0xAD, 0x5C, 0x5C, 0xB5, 0x6E, 0x1C, 0xFF, 0x2B, 0x5B, 0x97, 0x3D, 0x3B, 0xFE,
    0x5F, 0x5E, 0x24, 0xFE, 0xEF, 0x0F, 0x9B, 0x81, 0x80, 0x93, 0x93, 0x1F, 0xA6, 0x88, 0xBD, 0x81,
    0x62, 0x21, 0xAD, 0xAB, 0xD8, 0x37, 0x32, 0xF3, 0xF1, 0x7F, 0x0B, 0x32, 0xD8, 0x4E, 0x3A, 0xBF,
    0xE8, 0xFD, 0x35, 0x8E, 0x8E, 0x16, 0x2D, 0x2C, 0xA2, 0xDC, 0x53, 0xD4, 0xDD, 0x1A, 0x63, 0xC9,
    0xAB, 0x22, 0xD8, 0xBD, 0xA1, 0x8F, 0x63, 0xAA, 0x31, 0x11, 0x97, 0x9C, 0xBD, 0x2D, 0x59, 0xE9,
    0x82, 0x34, 0xA8, 0x03, 0xF7, 0xE0, 0xF8, 0xB3, 0xBD, 0xF1, 0xD7, 0x04, 0x06, 0x4C, 0x66, 0x99,
    0x38, 0x58, 0x36, 0x05, 0x1B, 0x5B, 0x36, 0x6A, 0xF1, 0x85, 0x74, 0x89, 0x00, 0x33, 0xCD, 0x4B,
    0x63, 0x6D, 0x66, 0xEA, 0x68, 0xA6, 0xCA, 0xDE, 0x3E, 0x52, 0xA6, 0xAB, 0x99, 0x46, 0x3C, 0xD9,
    0x0E, 0x64, 0x1D, 0x19, 0x8D, 0x75, 0x20, 0xDF, 0xBB, 0xF0, 0x49, 0x1F, 0x2C, 0x9E, 0xE9, 0x69,
    0x68, 0xD7, 0x0C, 0xDC, 0x12, 0x50, 0xA9, 0x63, 0x8E, 0x1F, 0xD8, 0xB2, 0x91, 0x29, 0x03, 0x33,
    0x5D, 0xAA, 0x40, 0x2B, 0x4E, 0x95, 0xF9, 0x08, 0xD8, 0x3E, 0x39, 0xDB, 0x3E, 0xFD, 0xAB, 0xD8,
    0x0F, 0x00, 0x12, 0x23, 0x1A, 0x63, 0x6D, 0x2C, 0x3F, 0x80, 0xAF, 0xC5, 0x74, 0x4C, 0x4C, 0xC6,
    0x50, 0x73, 0xB1, 0xDA, 0x5A, 0xDC, 0x88, 0x33, 0x99, 0xAE, 0x24, 0xA4, 0xBB, 0x25, 0x5A, 0xB0,
    0xC6, 0x0B, 0x99, 0x5B, 0xF0, 0x77, 0x13, 0x8A, 0x43, 0x9C, 0x18, 0x36, 0x33, 0x84, 0xB3, 0xE2,
    0xB7, 0xC4, 0x62, 0x82, 0x9D, 0x7C, 0x69, 0x1F, 0x18, 0x16, 0xE4, 0x33, 0xCA, 0x2D, 0xD1, 0x36,
    0x7D, 0x14, 0x14, 0xB4, 0x2F, 0x4E, 0xC3, 0xC9, 0xD9, 0x0A, 0xB9, 0xF8, 0x0D, 0x1F, 0x53, 0xDF,
    0x75, 0xDE, 0x6D, 0xDF, 0x85, 0xF8, 0x6B, 0x2F, 0x0B, 0xE5, 0x65, 0x21, 0xBF, 0x2C, 0x64, 0x97,
    0x85, 0xF4, 0x03, 0x0A, 0x70, 0x31, 0xFD, 0x25, 0xC2, 0x99, 0x3E, 0xDB, 0x44, 0xE7, 0xFE, 0xF2,
    0x2A, 0x7F, 0xD8, 0x88, 0xC7, 0x50, 0x17, 0x2B, 0x65, 0x38, 0x5D, 0xED, 0x4A, 0xDB, 0x91, 0xE5,
    0x40, 0x16, 0xDE, 0x38, 0x91, 0xF9, 0x25, 0xB7, 0x2B, 0xA5, 0x37, 0x0E, 0x64, 0xEB, 0x50, 0x59,
    0x0D, 0x5C, 0xFA, 0x14, 0x13, 0xE2, 0x4C, 0x46, 0x9C, 0xCA, 0x97, 0x73, 0x19, 0x8D, 0xBB, 0xB9,
    0xA0, 0x62, 0x2A, 0xA8, 0x19, 0x05, 0x55, 0x33, 0x51, 0x0E, 0x51, 0x78, 0x13, 0xC5, 0x64, 0x22,
    0xDF, 0xC4, 0x76, 0x91, 0x8F, 0x6C, 0x2F, 0xE4, 0xD4, 0x51, 0x57, 0x69, 0xAD, 0x4C, 0x55, 0xA2,
    0x96, 0x31, 0x6E, 0xBE, 0xF0, 0x88, 0xF9, 0x72, 0xC3, 0x3D, 0x34, 0x75, 0x32, 0x8D, 0x4C, 0x1F,
    0x45, 0x79, 0xD3, 0x2C, 0x83, 0x33, 0x03, 0x99, 0x7D, 0xD0, 0x07, 0x70, 0xAF, 0xE5, 0xB7, 0xBD,
    0x56, 0x83, 0xA6, 0x43, 0xED, 0x0A, 0x17, 0xBB, 0xBE, 0x1C, 0x15, 0x85, 0x27, 0x26, 0x80, 0x56,
    0xBF, 0x75, 0x72, 0x66, 0x36, 0xB5, 0xD3, 0x0D, 0x85, 0xC1, 0xDB, 0x1B, 0xAF, 0x81, 0x1F, 0x0A,
    0x54, 0x1D, 0xF7, 0x5A, 0x1C, 0x4B, 0x0F, 0xD1, 0xF8, 0x74, 0xE6, 0x5E, 0x6B, 0x04, 0xD3, 0xFE,
    0xD6, 0x2F, 0xBB, 0x98, 0xE2, 0xCC, 0xD9, 0x7A, 0xBE, 0xA0, 0x1A, 0x55, 0x01, 0xAA, 0x07, 0x34,
    0x94, 0x2B, 0x2C, 0xFD, 0xA0, 0x17, 0x4D, 0xED, 0x6C, 0x66, 0xFD, 0x2A, 0x0F, 0xB0, 0xAF, 0x62,
    0xAB, 0xD9, 0x85, 0xD4, 0xAB, 0xE1, 0x2C, 0x4A, 0x11, 0x93, 0xBC, 0xFE, 0x18, 0x39, 0x69, 0x29,
    0xCA, 0xAD, 0x9E, 0xF4, 0xA2, 0x5E, 0x5C, 0xB4, 0x83, 0x87, 0xB1, 0x5D, 0x34, 0x40, 0x43, 0xBD,
    0x4A, 0xEA, 0xA5, 0x7A, 0x6A, 0x13, 0x7E, 0xD3, 0x1B, 0xD8, 0xB1, 0x98, 0xDB, 0x48, 0xAF, 0x3D,
    0x95, 0x8B, 0xA3, 0xA5, 0x07, 0x19, 0x8C, 0xEB, 0x46, 0xBB, 0xB2, 0xDD, 0x8D, 0x4F, 0x56, 0x23,
    0x99, 0x87, 0x53, 0x25, 0x7A, 0x21, 0x03, 0xAF, 0x64, 0x0B, 0x99, 0xCF, 0x64, 0x39, 0x91, 0xF5,
    0x48, 0xB6, 0x1D, 0x29, 0x50, 0x66, 0x2B, 0x15, 0xAB, 0x67, 0xAA, 0xD5, 0x8C, 0x54, 0x2A, 0x95,
    0x99, 0x5B, 0xF4, 0xBE, 0x43, 0x33, 0x94, 0x23, 0x9A, 0xAE, 0xF0, 0xA8, 0xDC, 0xD6, 0x3D, 0x86,
    0xCF, 0x54, 0x13, 0x15, 0xD4, 0xBA, 0x19, 0xF5, 0xB4, 0x87, 0x22, 0x10, 0x6B, 0x44, 0xC1, 0xD3,
    0x72, 0x42, 0x8B, 0x2F, 0x9E, 0x50, 0xFF, 0xDB, 0xDF, 0x05, 0xDC, 0x0A, 0x5F, 0x2A, 0xB6, 0xA8,
    0x10, 0x5F, 0x0F, 0x24, 0x3D, 0x97, 0x06, 0x99, 0x91, 0x72, 0xE8, 0x14, 0x8F, 0x5C, 0x8C, 0x44,
    0x62, 0x32, 0xE1, 0xE8, 0xD6, 0x8F, 0x03, 0xDF, 0xD2, 0xCB, 0x80, 0x9F, 0xF7, 0xF9, 0x01, 0xBF,
    0xDE, 0x25, 0x0B, 0x04, 0xD8, 0x13, 0x2D, 0x02, 0x8D, 0xB9, 0x2A, 0xDC, 0x35, 0xEC, 0x15, 0x68,
    0x2D, 0x4C, 0xE7, 0xC3, 0x75, 0x87, 0x95, 0xB1, 0x88, 0xB6, 0x41, 0x73, 0x9B, 0xAD, 0x19, 0x3D,
    0xEC, 0xB4, 0x7F, 0xF3, 0x83, 0x65, 0xFB, 0xD7, 0xFF, 0x3F, 0x92, 0x85, 0xFD, 0xCA, 0x1D, 0x23,
    0xFB, 0x3F, 0x9E, 0xA3, 0xD7, 0xA3, 0x8D, 0x87, 0x95, 0xD7, 0x37, 0xC2, 0xD9, 0x2C, 0x22, 0x9D,
    0x1E, 0x7E, 0x77, 0x7E, 0xE6, 0x8B, 0x29, 0xF5, 0xF9, 0x94, 0xE8, 0x01, 0x1E, 0x34, 0x06, 0x9E,
    0x75, 0x14, 0xEC, 0x3C, 0xF9, 0x61, 0xEB, 0x7F, 0x6D, 0x4F, 0x96, 0x64, 0x7F, 0x22, 0x7F, 0x8F,
    0x23, 0xB4, 0x8E, 0xC0, 0x75, 0x7C, 0xC1, 0x86, 0x6F, 0x21, 0x7E, 0x81, 0x78, 0x8B, 0x98, 0x08,
    0xAF, 0x48, 0x47, 0x45, 0x36, 0xC4, 0xAC, 0x53, 0x4C, 0x3A, 0x2D, 0xDC, 0xC4, 0x58, 0xB2, 0xC9,
    0x60, 0x09, 0xA7, 0x23, 0xC3, 0x74, 0x99, 0x6D, 0x7A, 0x1B, 0x76, 0x33, 0x32, 0xED, 0xE7, 0x72,
    0x30, 0x97, 0x32, 0x35, 0xC8, 0xE6, 0xBD, 0xBE, 0xC5, 0xD4, 0x90, 0x9C, 0x9C, 0x2E, 0xAC, 0x66,
    0x05, 0xC0, 0x23, 0x5C, 0x24, 0x42, 0x9A, 0x18, 0x15, 0x7E, 0x5E, 0xE9, 0x93, 0x29, 0xE3, 0x14,
    0xDC, 0xAD, 0x60, 0x0E, 0xE9, 0xB7, 0x64, 0xEA, 0xE7, 0x5A, 0xBE, 0x4F, 0x7C, 0xE1, 0xD3, 0x95,
    0xC9, 0xA3, 0x29, 0x59, 0x70, 0x00, 0x7E, 0x25, 0x59, 0xB8, 0x2D, 0xBF, 0xA7, 0xF6, 0x64, 0xDC,
    0x95, 0x2C, 0x16, 0x9F, 0xFE, 0xC6, 0xF2, 0xEE, 0x98, 0x10, 0x62, 0xBD, 0xE5, 0xBF, 0x85, 0xDE,
    0x01, 0xF5, 0xF7, 0x2E, 0xDC, 0x10, 0xB5, 0xFA, 0x88, 0x07, 0x42, 0xB2, 0xE4, 0x4C, 0xAC, 0xEA,
    0x7B, 0x8B, 0xEA, 0x95, 0x2C, 0x96, 0xFD, 0xD1, 0xAA, 0x7B, 0xD7, 0x8F, 0xB5, 0x74, 0xCD, 0x21,
    0xA0, 0x91, 0xA1, 0x98, 0x19, 0xAA, 0x37, 0xFF, 0x1A, 0x2C, 0xB1, 0xB3, 0xA0, 0x1E, 0xBE, 0x03,
    0x5A, 0x8B, 0x4A, 0xDB, 0x40, 0xAB, 0x22, 0xA9, 0x78, 0x24, 0x27, 0x2B, 0xEC, 0xDC, 0xEE, 0x95,
    0xE3, 0x37, 0xE8, 0x31, 0x6B, 0x99, 0x41, 0x6A, 0xAB, 0xEF, 0x16, 0x96, 0x24, 0xFD, 0x5E, 0x91,
    0x5E, 0x5C, 0x1F, 0x72, 0xBD, 0xE5, 0xB7, 0x84, 0x28, 0xD1, 0x2A, 0x12, 0x51, 0xE4, 0x7F, 0xA6,
    0xA8, 0x78, 0xE3, 0x57, 0x14, 0xFF, 0xEB, 0x15, 0xD2, 0x29, 0x02, 0x14, 0x33, 0xC1, 0xD7, 0xAC,
    0x02, 0xAB, 0xCA, 0x2A, 0xC5, 0x27, 0xEB, 0x1F, 0x1E, 0x70, 0x37, 0x1F, 0x68, 0xC4, 0xF6, 0xDF,
    0x56, 0xB0, 0xC9, 0x2B, 0x39, 0xFF, 0x2F, 0x11, 0xE9, 0x03, 0x5E, 0x59, 0xE3, 0xAC, 0xCA, 0x2A,
    0x15, 0xF9, 0x7E, 0x86, 0x17, 0x5F, 0x2A, 0x5E, 0x6F, 0x58, 0x10, 0x7E, 0x50, 0xA4, 0x5E, 0x91,
    0x77, 0x8A, 0x12, 0x8A, 0x23, 0x85, 0xAC, 0x8A, 0xD0, 0xF3, 0xB4, 0x19, 0x78, 0xC3, 0x2B, 0x6C,
    0x4D, 0x8C, 0x61, 0x6D, 0x80, 0x56, 0xD0, 0x77, 0x67, 0xE2, 0x9A, 0x83, 0x48, 0x97, 0xCF, 0x71,
    0xEC, 0xB6, 0x9A, 0x97, 0x47, 0x89, 0xA6, 0x23, 0xDC, 0x33, 0x70, 0x87, 0xB8, 0x4B, 0xDC, 0x23,
    0x8E, 0x15, 0xE9, 0xA2, 0x10, 0x2E, 0x3B, 0xE2, 0x53, 0x99, 0x5B, 0x97, 0xCB, 0x22, 0xF4, 0x9F,
    0x32, 0xF4, 0x81, 0xA2, 0xCB, 0x05, 0xF4, 0x4F, 0x99, 0x38, 0x34, 0x31, 0xBB, 0xF1, 0xEB, 0x07,
    0x4B, 0x6E, 0xBC, 0x47, 0xC5, 0x9F, 0x4D, 0xC9, 0xDF, 0x59, 0x3A, 0xC3, 0xB2, 0x1A, 0xBF, 0x35,
    0x9B, 0xF8, 0xCD, 0xA5, 0xF8, 0x32, 0x15, 0xC3, 0x5A, 0x66, 0x14, 0xFD, 0x5D, 0x13, 0xED, 0xB1,
    0x89, 0x66, 0x36, 0x51, 0xD9, 0x92, 0x36, 0x96, 0x13, 0xBF, 0xEA, 0x51, 0x31, 0xEE, 0xA4, 0x93,
    0xA0, 0xCF, 0xCA, 0x20, 0x3A, 0x8A, 0xA5, 0x57, 0xDB, 0xB1, 0x2F, 0xEA, 0x98, 0x14, 0x7F, 0x2C,
    0x2E, 0x92, 0x0F, 0xFD, 0xE3, 0xEF, 0x12, 0x56, 0x81, 0x55, 0x65, 0x95, 0x72, 0xB2, 0xC0, 0x66,
    0x8D, 0xF5, 0x55, 0xED, 0xB0, 0x44, 0x57, 0xB5, 0x7F, 0xAA, 0x5F, 0xB3, 0x1B, 0xFD, 0xE6, 0xD7,
    0x9A, 0x0E, 0x4B, 0xAC, 0xC0, 0xAA, 0xC2, 0xCE, 0xD6, 0x40, 0x91, 0xB0, 0x53, 0x5D, 0xE6, 0xDC,
    0x1A, 0x7F, 0x09, 0x6C, 0x3A, 0x3F, 0xA2, 0xCE, 0x41, 0x26, 0xAE, 0x0D, 0xFF, 0x7D, 0x2E, 0x5D,
    0xFE, 0x3E, 0x8E, 0x47, 0x7A, 0x78, 0x1B, 0x10, 0xF4, 0xAB, 0x33, 0x41, 0x47, 0x99, 0x5C, 0x07,
    0x6F, 0x18, 0x66, 0x7B, 0x38, 0xBE, 0x26, 0xAE, 0xD2, 0x71, 0x7B, 0xCE, 0x7D, 0xC4, 0x6E, 0x7E,
    0xE6, 0xFE, 0xBF, 0x03, 0x44, 0x46, 0xD8, 0x07, 0xE6, 0xA1, 0x1F, 0x4A, 0xED, 0xAC, 0xC6, 0xE5,
    0x13, 0x33, 0xEC, 0x7B, 0x24, 0x34, 0x0B, 0xD6, 0x6B, 0x47, 0xB8, 0xD8, 0xE4, 0xC7, 0x0C, 0x0D,
    0x3E, 0xB7, 0x1C, 0xB1, 0xB9, 0xA9, 0x9E, 0x8E, 0xBB, 0x3F, 0x0D, 0x7D, 0xF7, 0x80, 0x49, 0xC2,
    0x5F, 0xE0, 0x04, 0x78, 0x4B, 0x55, 0xEB, 0xBE, 0x41, 0xE1, 0xAC, 0xE9, 0x1B, 0x23, 0x5F, 0xDE,
    0x5F, 0xC5, 0x46, 0x86, 0x26, 0xD4, 0xD2, 0xD5, 0x2B, 0x3F, 0xD6, 0xA7, 0x8A, 0x21, 0xA6, 0xCA,
    0xF7, 0x31, 0xD1, 0x5C, 0x52, 0x9B, 0x3B, 0xF4, 0x3E, 0xEF, 0xA6, 0xFB, 0x39, 0x62, 0x98, 0xF0,
    0x1D, 0x8C, 0x1D, 0xDE, 0x02, 0xD2, 0x79, 0x02, 0x92, 0x95, 0x1F, 0x2A, 0x83, 0xA2, 0xED, 0xCC,
    0x55, 0x5D, 0x6E, 0xCC, 0xEE, 0x10, 0xEF, 0x22, 0x8E, 0x08, 0x6B, 0xDC, 0xB2, 0xB7, 0x23, 0xD1,
    0xF1, 0x55, 0x5E, 0x2F, 0xC5, 0x29, 0x6F, 0x1B, 0xD1, 0x1A, 0x9B, 0xC7, 0xF3, 0xB3, 0x24, 0x00,
    0x89, 0xF4, 0xE2, 0x19, 0x50, 0x7E, 0xD9, 0xA2, 0x4A, 0x71, 0x88, 0x35, 0x96, 0x9B, 0x6A, 0xC9,
    0x6E, 0xAF, 0xAC, 0x87, 0x55, 0x59, 0x5D, 0x61, 0x88, 0xB4, 0xBB, 0xBD, 0x3D, 0xA9, 0x87, 0xE3,
    0x56, 0x9D, 0x8B, 0x6F, 0x71, 0x68, 0xBE, 0x74, 0x41, 0x2A, 0xFD, 0x7F, 0x79, 0xA0, 0x92, 0x10,
    0x5B, 0x7C, 0x1A, 0xDB, 0xCE, 0x74, 0x9E, 0x4D, 0xFF, 0x05, 0x68, 0xE4, 0x8F, 0x64, 0xAA, 0xE5,
    0x87, 0x84, 0x26, 0x7C, 0xC8, 0x1E, 0xFD, 0xBF, 0xEA, 0xBE, 0xC6, 0xC5, 0x72, 0x2B, 0xCB, 0xEF,
    0x48, 0xEA, 0x69, 0xC1, 0x28, 0xD3, 0x6A, 0xC0, 0x6C, 0x4C, 0xDA, 0x6E, 0x0D, 0xB0, 0x80, 0x99,
    0xED, 0xB6, 0x02, 0x4C, 0x42, 0x67, 0x79, 0x55, 0x52, 0x8F, 0x21, 0x01, 0x06, 0x70, 0xF3, 0x1D,
    0x02, 0xC9, 0x1A, 0x08, 0x90, 0xDD, 0x01, 0xCA, 0x80, 0x03, 0x1D, 0xB6, 0xDD, 0x92, 0xC7, 0x80,
    0x81, 0x00, 0x69, 0x20, 0x7F, 0x40, 0x13, 0x9C, 0x60, 0x57, 0x25, 0xBC, 0x5E, 0x52, 0x10, 0x43,
    0xDA, 0x25, 0x79, 0x16, 0x62, 0x20, 0xC0, 0x2A, 0xB3, 0x84, 0xE5, 0x73, 0xAD, 0x2C, 0x15, 0x76,
    0xE8, 0x06, 0x2C, 0xDB, 0x1A, 0x5B, 0x55, 0x2D, 0xE9, 0xE6, 0xFE, 0x7E, 0x57, 0x52, 0xBF, 0x57,
    0xF5, 0xEA, 0x55, 0xB9, 0xA7, 0xFC, 0x11, 0x35, 0x3A, 0xE7, 0xF6, 0x93, 0x4A, 0xF7, 0xE8, 0xE8,
    0x7E, 0x9C, 0x7B, 0xBE, 0x2E, 0x24, 0x1C, 0x0B, 0x8F, 0xFB, 0x73, 0x98, 0x02, 0x3E, 0x01, 0xFB,
    0x69, 0xAD, 0x23, 0x40, 0x0D, 0xCE, 0x1C, 0x92, 0x83, 0x5F, 0x08, 0x55, 0x96, 0x72, 0xDB, 0xD8,
    0xE3, 0x7A, 0xE8, 0x89, 0xB3, 0x74, 0xAB, 0xD7, 0x0F, 0xCF, 0x14, 0x2D, 0x6F, 0xAF, 0xA8, 0x36,
    0xEB, 0x6D, 0xD5, 0x78, 0x18, 0x6A, 0xF4, 0xAD, 0x51, 0xFC, 0x8C, 0xC0, 0x03, 0xD8, 0x3A, 0xDC,
    0xCE, 0x7E, 0xC3, 0x79, 0x76, 0xB2, 0x46, 0x3F, 0x04, 0x98, 0x11, 0x4C, 0x9F, 0xEC, 0x05, 0x80,
    0x0B, 0x99, 0xFA, 0x95, 0xEE, 0x9C, 0x7A, 0x26, 0x38, 0x38, 0x65, 0x40, 0x69, 0x35, 0xB0, 0x7A,
    0x08, 0xB9, 0x09, 0x96, 0x4F, 0x17, 0xFF, 0x23, 0x66, 0x2B, 0x59, 0x06, 0xB4, 0x85, 0xD8, 0xEA,
    0x00, 0x5F, 0xBF, 0x57, 0xEA, 0x1D, 0xBC, 0x60, 0x8E, 0xF1, 0xBD, 0xDE, 0xA2, 0x8B, 0x4A, 0x92,
    0x7A, 0x18, 0xE0, 0x49, 0xED, 0x37, 0x8E, 0x31, 0xE2, 0x3C, 0x9A, 0xF7, 0xF1, 0xD3, 0x95, 0xEC,
    0xAB, 0xAA, 0x06, 0x3D, 0xBD, 0x0B, 0xF5, 0x07, 0x48, 0xC9, 0x62, 0x8F, 0x0B, 0xAC, 0x04, 0xE0,
    0x9B, 0xC2, 0xDE, 0x80, 0xF5, 0x67, 0x51, 0x58, 0x82, 0x2E, 0xAF, 0x40, 0xC3, 0x01, 0xFB, 0x03,
    0x76, 0x07, 0xEC, 0x1C, 0xC1, 0x36, 0xF0, 0xB8, 0xF4, 0x14, 0xE9, 0xE7, 0x9A, 0xC9, 0x98, 0x06,
    0xA5, 0x42, 0xFB, 0x2A, 0x27, 0x20, 0x06, 0x1C, 0xBE, 0xAB, 0x01, 0x2A, 0xF1, 0x0B, 0xAF, 0x1A,
    0xA7, 0x60, 0x9B, 0x42, 0xFE, 0x04, 0x6C, 0xFC, 0xE6, 0xD6, 0x56, 0x72, 0x98, 0x15, 0x0E, 0xA4,
    0x1D, 0xDC, 0xAF, 0xF0, 0xC1, 0x52, 0xC9, 0xF8, 0xBD, 0xC4, 0x7C, 0x2E, 0x50, 0xBF, 0x1A, 0xF5,
    0xEF, 0x13, 0x29, 0x55, 0xF1, 0x47, 0xBB, 0x25, 0x92, 0xDE, 0xA0, 0xCC, 0xA0, 0x64, 0x09, 0xED,
    0x69, 0xA4, 0x2B, 0xED, 0xA0, 0x74, 0xEF, 0xE7, 0x75, 0x06, 0x79, 0x15, 0x67, 0x8E, 0xDA, 0x51,
    0xB5, 0x4B, 0x23, 0xC8, 0xF2, 0x89, 0x8A, 0x50, 0x0B, 0xAA, 0xC0, 0xF3, 0x8F, 0x88, 0xBF, 0x7B,
    0x4E, 0x6D, 0x41, 0xFC, 0xAD, 0xF1, 0x28, 0x17, 0x6B, 0xD8, 0xC7, 0x1D, 0x4C, 0x74, 0x31, 0xE4,
    0xA8, 0x37, 0xC8, 0x12, 0xAF, 0x1C, 0x85, 0x5C, 0x0B, 0xB2, 0xED, 0xF6, 0x7C, 0x14, 0x78, 0xAB,
    0xCB, 0xFA, 0xDA, 0xAE, 0xF8, 0x79, 0x43, 0x0D, 0x60, 0xA2, 0x25, 0xA0, 0x56, 0x3C, 0x2E, 0xA9,
    0xE3, 0x2B, 0x7D, 0x8C, 0x85, 0xA3, 0x9A, 0x57, 0x5C, 0xA7, 0x70, 0xDD, 0xE6, 0x17, 0xD4, 0x23,
    0x05, 0x39, 0x97, 0x37, 0x61, 0x4A, 0x2D, 0x72, 0xA4, 0x51, 0xAE, 0x51, 0x6C, 0xA6, 0x5E, 0xA2,
    0x3E, 0x23, 0x32, 0x3F, 0x4E, 0xB7, 0x98, 0x3F, 0xE0, 0x9F, 0x9B, 0x87, 0xDD, 0x1D, 0x1F, 0x9D,
    0xF5, 0x16, 0x2A, 0x1A, 0xAA, 0x95, 0x50, 0x41, 0xE6, 0xD8, 0x51, 0xB1, 0x8B, 0x8B, 0x7E, 0x09,
    0x50, 0x10, 0x8C, 0xFF, 0xF5, 0x2A, 0xFA, 0xDD, 0xD0, 0xE1, 0x4F, 0x69, 0x10, 0x3E, 0xD6, 0x20,
    0xBA, 0xD9, 0x52, 0x3E, 0x15, 0x1B, 0x17, 0xDC, 0x46, 0x03, 0x23, 0x99, 0xE6, 0xA1, 0xBA, 0x07,
    0xA9, 0xB4, 0xB4, 0xDE, 0x35, 0xE3, 0x32, 0xE7, 0xA1, 0x20, 0x1E, 0x9A, 0xD8, 0x2D, 0x19, 0x8F,
    0xF3, 0x92, 0xBC, 0x9D, 0x22, 0xA4, 0x72, 0x00, 0xA7, 0x53, 0x04, 0x82, 0xE3, 0x7C, 0xEA, 0x90,
    0xA9, 0x0E, 0xAE, 0x26, 0xE7, 0x00, 0xEE, 0x34, 0xFD, 0xB1, 0x7F, 0x68, 0x6D, 0xCF, 0x34, 0x25,
    0x6E, 0x95, 0xE2, 0xFC, 0x56, 0x37, 0x08, 0xE7, 0x09, 0xBE, 0x5C, 0x0B, 0xDD, 0x6F, 0x8B, 0x6F,
    0xD1, 0x7C, 0x6D, 0xE9, 0xA3, 0xD5, 0x60, 0xAE, 0xD2, 0x00, 0x6D, 0xF5, 0xE8, 0xC8, 0x47, 0x30,
    0x4E, 0x8F, 0xE4, 0xED, 0xC5, 0x76, 0x54, 0x15, 0xFC, 0x31, 0x67, 0x05, 0xD2, 0xE3, 0x15, 0x50,
    0xCF, 0x72, 0x1C, 0x1E, 0x8F, 0xF3, 0x5A, 0xAF, 0x4D, 0xB2, 0x48, 0x3E, 0xC9, 0x22, 0xC5, 0xDE,
    0x82, 0xFC, 0x81, 0x7B, 0xD4, 0xF6, 0xFD, 0xE3, 0xB2, 0x08, 0x98, 0x5A, 0xF0, 0xC3, 0xE5, 0x60,
    0x2A, 0x16, 0x25, 0xE1, 0x23, 0x74, 0x05, 0x88, 0x7C, 0x81, 0x3E, 0x7F, 0x44, 0xB3, 0x77, 0x06,
    0x75, 0x7E, 0x3F, 0xBA, 0x3E, 0x76, 0x22, 0xAE, 0xE2, 0x3C, 0xF9, 0x63, 0xF1, 0xF3, 0x8A, 0x1D,
    0xC8, 0x4F, 0x3B, 0x89, 0xD8, 0xF9, 0xD0, 0x09, 0xAD, 0x41, 0x01, 0x87, 0xC2, 0x74, 0x64, 0xB5,
    0x6C, 0xD5, 0xE2, 0x7E, 0x3D, 0xE7, 0xC4, 0xFC, 0x8E, 0xBB, 0xEC, 0xF6, 0xF8, 0xEC, 0x8F, 0x2A,
    0xE8, 0x5E, 0xD0, 0x69, 0xC8, 0x23, 0xE8, 0xBC, 0xCE, 0xEA, 0xE4, 0x0C, 0xFF, 0xAC, 0x16, 0x43,
    0xCF, 0x96, 0xE6, 0xA8, 0x63, 0xA6, 0x56, 0x2B, 0xC1, 0xCA, 0x18, 0x0A, 0xE9, 0x24, 0x36, 0x48,
    0xD6, 0xA0, 0xED, 0x5B, 0x44, 0xAA, 0x27, 0x82, 0x74, 0x71, 0xD5, 0x18, 0xD9, 0x5E, 0xD6, 0xC8,
    0x2F, 0x64, 0xC3, 0xA0, 0x3B, 0x44, 0x56, 0xCB, 0x6B, 0xAA, 0x96, 0x4C, 0xA2, 0x5C, 0x95, 0x17,
    0xD5, 0xB6, 0xD2, 0xB5, 0xF8, 0xC6, 0x6F, 0xE5, 0x15, 0xAC, 0x86, 0x30, 0xAB, 0x36, 0x14, 0x47,
    0x93, 0x5C, 0xCC, 0x9C, 0x77, 0x0A, 0x52, 0xFA, 0x38, 0x10, 0x07, 0xB3, 0x62, 0x96, 0xF3, 0x47,
    0xBF, 0x22, 0x72, 0x06, 0x54, 0x2F, 0x22, 0xB7, 0xC2, 0xA3, 0xF5, 0x2D, 0x99, 0x56, 0x8E, 0xE8,
    0x3F, 0x40, 0xB5, 0xEA, 0xE0, 0x3B, 0xE8, 0x70, 0x05, 0x3A, 0xDC, 0x01, 0x3A, 0x5C, 0x2F, 0x62,
    0xDF, 0x1F, 0x55, 0x70, 0x7E, 0x3E, 0x0A, 0xA1, 0xFC, 0x92, 0x95, 0x2C, 0x1C, 0xDF, 0xDC, 0xB2,
    0x72, 0x70, 0x7D, 0xCF, 0xC7, 0x8E, 0x6D, 0xB3, 0xDE, 0x0F, 0x00, 0x5E, 0x94, 0x85, 0xE3, 0x1B,
    0x5C, 0xAF, 0x07, 0xB2, 0x41, 0x23, 0x2D, 0xED, 0xEE, 0xD0, 0x85, 0x75, 0x82, 0x1E, 0xBB, 0xE4,
    0xE6, 0x9E, 0x27, 0xC7, 0x24, 0xFE, 0xD6, 0xF8, 0xDB, 0x4E, 0x12, 0x7F, 0x3C, 0x49, 0xFC, 0xF9,
    0x53, 0x89, 0xBF, 0x12, 0xB1, 0x6B, 0x0D, 0xAC, 0x7E, 0xAD, 0xC4, 0x3F, 0x23, 0xDB, 0xD7, 0x48,
    0xFC, 0x5C, 0x9C, 0x61, 0x99, 0xB6, 0x24, 0x54, 0x3E, 0x13, 0x70, 0x01, 0xB8, 0x78, 0x34, 0x6E,
    0xB2, 0xB6, 0x8A, 0x47, 0x5B, 0xE9, 0x9B, 0xA4, 0x65, 0x11, 0xC0, 0x54, 0xDD, 0x89, 0x5B, 0x07,
    0x0A, 0x02, 0xB8, 0xDF, 0xFE, 0x03, 0x95, 0x0A, 0x8B, 0x51, 0x2E, 0x59, 0x0C, 0xB5, 0x1B, 0x54,
    0x86, 0x12, 0x89, 0x5F, 0x51, 0x05, 0x8C, 0xA6, 0x14, 0x14, 0x1A, 0xBB, 0xD4, 0xAD, 0x6F, 0x0A,
    0xD8, 0x5E, 0x69, 0x06, 0xC3, 0xDA, 0x0A, 0x8C, 0xD9, 0xB3, 0xC6, 0xAB, 0x76, 0x12, 0x36, 0xF8,
    0xCE, 0xBD, 0xFC, 0x21, 0x35, 0x47, 0x99, 0xFC, 0xEB, 0xD6, 0x78, 0x54, 0x55, 0x9D, 0x5D, 0x62,
    0xDA, 0x2D, 0x7A, 0x27, 0xD7, 0xF8, 0xED, 0x3C, 0x83, 0xB7, 0x67, 0xF8, 0x71, 0x9C, 0xF8, 0x68,
    0x2A, 0xFF, 0x53, 0xA2, 0x7F, 0xA1, 0xB1, 0xFF, 0xD7, 0x12, 0x3D, 0x04, 0x6E, 0x8D, 0xCD, 0xCE,
    0x6B, 0x8C, 0x05, 0xCF, 0x25, 0x01, 0xF4, 0x70, 0xF5, 0x29, 0x20, 0x54, 0xE2, 0xC7, 0xBF, 0xA8,
    0x20, 0x9A, 0xE5, 0x1A, 0xE0, 0xAB, 0x69, 0xC0, 0x2F, 0xB8, 0x07, 0x63, 0x2B, 0xF5, 0xD6, 0x44,
    0x71, 0x24, 0xBA, 0xA2, 0x20, 0x0D, 0x52, 0xAA, 0xB0, 0x83, 0xDC, 0xA7, 0x36, 0x1A, 0xC8, 0x2B,
    0x93, 0xE2, 0x3A, 0xBE, 0xE7, 0x7F, 0xAD, 0x66, 0x40, 0x7F, 0x59, 0xED, 0x8A, 0xD8, 0x5F, 0xFE,
    0x8A, 0x9F, 0x56, 0xBD, 0xF5, 0x04, 0xDF, 0x55, 0x09, 0x19, 0x99, 0x49, 0x6F, 0x58, 0xA9, 0x89,
    0x73, 0x28, 0x94, 0xDA, 0x59, 0x9F, 0x82, 0x70, 0xE3, 0x27, 0x55, 0x4C, 0xF0, 0x4F, 0xE6, 0x87,
    0xEF, 0x8B, 0x64, 0xD4, 0x8A, 0xE9, 0xF6, 0xFA, 0xB2, 0xC8, 0x03, 0xBF, 0xB8, 0x24, 0x72, 0xD9,
    0x2F, 0x2E, 0x3C, 0xBD, 0x53, 0xF5, 0x80, 0x87, 0x59, 0x25, 0x94, 0x37, 0x01, 0x65, 0x8F, 0x30,
    0x21, 0x8C, 0xE2, 0x63, 0x70, 0xBC, 0x27, 0xC0, 0xFD, 0x76, 0x76, 0x38, 0xA7, 0x40, 0xD9, 0xC7,
    0x2B, 0xC7, 0x9A, 0x55, 0x60, 0xA7, 0x7F, 0x0F, 0x4D, 0xAE, 0x5D, 0x6F, 0x44, 0xD8, 0x87, 0x11,
    0xC1, 0x78, 0x06, 0xAC, 0x74, 0x2D, 0x74, 0x61, 0xDE, 0x9D, 0xC3, 0xA1, 0x50, 0x0D, 0xEE, 0xDE,
    0x90, 0x02, 0xE9, 0x63, 0xB3, 0xD3, 0xC2, 0x71, 0xBF, 0x12, 0x65, 0x8C, 0x2F, 0x89, 0x46, 0xA1,
    0x48, 0xA4, 0xD1, 0xA6, 0xC8, 0x4B, 0x54, 0xA5, 0xB3, 0x9E, 0x76, 0x11, 0x59, 0x44, 0xFA, 0x79,
    0xDB, 0x14, 0x5D, 0xC1, 0x37, 0xF3, 0xE3, 0x31, 0x24, 0xDD, 0x12, 0xDA, 0x33, 0x28, 0x22, 0x82,
    0x48, 0x61, 0x91, 0x48, 0xF1, 0x60, 0x78, 0xD3, 0x55, 0x82, 0x24, 0xB5, 0xD3, 0xD0, 0xEF, 0x47,
    0xDD, 0x53, 0x2A, 0x47, 0xEF, 0xC7, 0x20, 0xF9, 0xA8, 0xE7, 0x74, 0x20, 0x49, 0x6C, 0x4C, 0xDC,
    0x31, 0x8D, 0xD3, 0xA1, 0x51, 0x87, 0x08, 0x50, 0xBD, 0x80, 0x68, 0x8B, 0x01, 0x4F, 0xFA, 0xED,
    0xFB, 0x0B, 0xD7, 0x1A, 0x22, 0xBB, 0x39, 0x42, 0xA0, 0x15, 0x73, 0x3A, 0x70, 0x63, 0x54, 0x74,
    0xB8, 0x87, 0x65, 0x82, 0x95, 0xED, 0x1F, 0x71, 0x62, 0x8D, 0x4A, 0xC2, 0x0A, 0xF0, 0xBF, 0x35,
    0x80, 0x9F, 0x73, 0x2D, 0x5C, 0xE1, 0xCD, 0xEC, 0xA2, 0xE7, 0x72, 0x26, 0xA3, 0x3F, 0x74, 0x94,
    0x8E, 0x56, 0x6A, 0x9F, 0x7A, 0x94, 0x90, 0x0B, 0xF3, 0x8D, 0xE8, 0xE7, 0x95, 0xC8, 0x9D, 0xE8,
    0x95, 0x46, 0xB7, 0x31, 0x2C, 0xD8, 0xA5, 0x8E, 0x6E, 0xEA, 0xCA, 0x2B, 0x28, 0x01, 0x9C, 0x12,
    0x03, 0x9E, 0x93, 0x63, 0x69, 0xEF, 0x69, 0x18, 0xE6, 0x3E, 0x60, 0x91, 0x35, 0xD1, 0xCF, 0xB2,
    0x46, 0xB5, 0x91, 0x5E, 0x45, 0x8B, 0x4D, 0x26, 0x2A, 0xD4, 0x81, 0x8A, 0x7C, 0xD4, 0x73, 0x09,
    0xE3, 0xF5, 0x75, 0xAC, 0x95, 0xE0, 0x31, 0x24, 0x6F, 0xE0, 0x1D, 0xD9, 0x5C, 0x9E, 0x1C, 0x76,
    0x62, 0xFF, 0x55, 0x95, 0x41, 0x45, 0x17, 0xC5, 0xEE, 0x3B, 0x55, 0x98, 0x6B, 0x9F, 0x23, 0xBF,
    0xF0, 0xDD, 0xCA, 0x2F, 0x43, 0x0D, 0xEA, 0xEC, 0xE3, 0x2A, 0xEC, 0x95, 0xBE, 0x4A, 0x66, 0x49,
    0x34, 0x9A, 0xF3, 0x93, 0x78, 0x50, 0xB3, 0xA8, 0x74, 0x9C, 0x04, 0x73, 0x53, 0xB0, 0x3F, 0x29,
    0x58, 0xA0, 0x47, 0x13, 0x0B, 0xEE, 0x9F, 0x0F, 0x05, 0x0F, 0xAF, 0x85, 0x82, 0x6F, 0xB7, 0xA6,
    0x70, 0x55, 0x3A, 0x53, 0xD8, 0x90, 0x1E, 0x64, 0xF3, 0x30, 0xA1, 0x01, 0xBD, 0xCA, 0x62, 0x5E,
    0xAA, 0xBB, 0x30, 0x37, 0x42, 0x54, 0x17, 0xB0, 0x60, 0x97, 0x9D, 0xB1, 0x03, 0x3A, 0x45, 0x37,
    0x18, 0x0A, 0xF3, 0x4E, 0x43, 0x7A, 0xB0, 0x76, 0x66, 0xE2, 0xF2, 0xA5, 0xB3, 0x58, 0x08, 0xA5,
    0x93, 0x1E, 0xA4, 0x46, 0xF4, 0x5D, 0x9C, 0xAB, 0xFF, 0xA0, 0xCA, 0xCE, 0x53, 0x85, 0x52, 0x5F,
    0xA8, 0xAA, 0xF3, 0x55, 0x89, 0xF6, 0xD3, 0x52, 0x5D, 0xE4, 0x74, 0x14, 0x27, 0x3C, 0x25, 0x7C,
    0x42, 0x44, 0x74, 0x35, 0x4C, 0x81, 0x66, 0x3E, 0xAB, 0xBE, 0xED, 0x17, 0x40, 0x58, 0xEC, 0x91,
    0x58, 0x5D, 0xE9, 0xE1, 0xCE, 0xE3, 0x27, 0x54, 0xA2, 0xBD, 0xF3, 0x19, 0x90, 0xE7, 0x56, 0xBD,
    0x46, 0x9A, 0x83, 0x99, 0x46, 0x2F, 0x1A, 0xE3, 0xE0, 0x4C, 0x23, 0xDD, 0xBF, 0xEE, 0x68, 0x54,
    0xCC, 0xBF, 0x54, 0xFA, 0x5A, 0xA3, 0xBE, 0xD2, 0x48, 0xB5, 0x53, 0x54, 0x82, 0x41, 0x89, 0x88,
    0x55, 0x53, 0x8C, 0xA6, 0x43, 0x60, 0xC1, 0xD6, 0xA5, 0x2B, 0x0B, 0x8D, 0x22, 0x83, 0x03, 0xBE,
    0x92, 0x06, 0x28, 0x79, 0xBB, 0x02, 0x0A, 0x3F, 0xC9, 0x9F, 0x6A, 0x98, 0x6C, 0x06, 0x6A, 0x89,
    0xFF, 0x84, 0x4E, 0x75, 0xE1, 0x47, 0xAD, 0xCF, 0x91, 0xB9, 0xF5, 0x2A, 0x6A, 0xEE, 0x69, 0x9E,
    0xA2, 0xF6, 0xCF, 0x48, 0x73, 0x54, 0xE0, 0x5B, 0x9D, 0x59, 0x29, 0x0D, 0xBD, 0x33, 0x13, 0xAF,
    0xB2, 0xB1, 0x72, 0xDC, 0x2A, 0x75, 0xE7, 0x8A, 0xF6, 0xE9, 0x25, 0xE1, 0x19, 0x3A, 0x05, 0x11,
    0x46, 0x99, 0x18, 0xE5, 0x30, 0x48, 0x33, 0x96, 0xB5, 0x02, 0xC2, 0x3D, 0xED, 0x43, 0x7B, 0x91,
    0x40, 0x2C, 0xEC, 0xA1, 0xCA, 0x07, 0x73, 0x24, 0x7A, 0x07, 0x4D, 0x7F, 0x0F, 0xA2, 0xB8, 0x74,
    0xFA, 0xED, 0x05, 0x76, 0x83, 0x30, 0x76, 0x1A, 0xB7, 0x0A, 0x72, 0x47, 0xB3, 0xD1, 0xCF, 0xBD,
    0x4A, 0xFF, 0x2B, 0xC3, 0x22, 0xEC, 0x9C, 0x26, 0x8B, 0x33, 0x65, 0x75, 0xA3, 0x43, 0x53, 0x8E,
    0xA6, 0x36, 0x94, 0xDC, 0x96, 0x92, 0x7E, 0x90, 0x1A, 0x07, 0x40, 0xB6, 0x44, 0xBE, 0x0E, 0x54,
    0x3B, 0x2C, 0x25, 0x31, 0x38, 0x67, 0xDC, 0x21, 0xDD, 0xD2, 0x94, 0x7C, 0xFD, 0x7C, 0x53, 0x72,
    0x9A, 0x48, 0x4C, 0xC9, 0xEA, 0x86, 0xC1, 0x8A, 0xD1, 0x4B, 0x53, 0xA3, 0x2B, 0x4D, 0xAB, 0x53,
    0x9F, 0x3E, 0x31, 0x4D, 0xD3, 0xEE, 0xFC, 0x42, 0xB1, 0xE4, 0x34, 0x7E, 0x91, 0xB0, 0xE4, 0xD6,
    0x7E, 0x11, 0xC5, 0xC6, 0x1A, 0xED, 0x17, 0x6C, 0x95, 0xA8, 0xA2, 0x08, 0x4C, 0xA9, 0xC0, 0x3F,
    0xB6, 0x39, 0x6A, 0x43, 0x51, 0x8A, 0x74, 0x09, 0xCB, 0xFD, 0x16, 0x1E, 0xDF, 0x30, 0x1E, 0xA2,
    0xFD, 0xD9, 0x50, 0x75, 0xC5, 0x4A, 0x7D, 0x05, 0x25, 0xBD, 0x24, 0xB9, 0x82, 0x7B, 0x81, 0x82,
    0xE9, 0xF1, 0xED, 0xC3, 0xED, 0xED, 0x61, 0xCD, 0x6A, 0x1B, 0x5D, 0x81, 0x78, 0x85, 0x91, 0x5F,
    0x03, 0xD6, 0x1B, 0x14, 0x77, 0x85, 0xF5, 0x7F, 0xD6, 0x10, 0x3B, 0xA4, 0xDB, 0x0C, 0xAE, 0x1C,
    0x6B, 0x55, 0x86, 0xFB, 0xED, 0xCA, 0xE8, 0x1A, 0x9C, 0x32, 0x71, 0x1A, 0x8D, 0xDD, 0x22, 0x31,
    0x4B, 0xF7, 0x3C, 0xE1, 0x77, 0x0E, 0xD2, 0x04, 0x66, 0xC1, 0x3A, 0x8A, 0x33, 0x8C, 0xF9, 0xBF,
    0x55, 0xB6, 0x2A, 0xC3, 0x52, 0x7D, 0xD9, 0xB8, 0xAA, 0xF6, 0x6A, 0x07, 0x51, 0x10, 0x75, 0x74,
    0x5F, 0xDE, 0x04, 0x33, 0x4B, 0xEA, 0xB3, 0xC2, 0xC3, 0x2C, 0x4F, 0x62, 0xAF, 0x42, 0xA0, 0x10,
    0x96, 0xD6, 0x08, 0xC2, 0x7B, 0x8E, 0x6B, 0x3A, 0x7B, 0xEC, 0xD3, 0x25, 0xBF, 0x81, 0xD2, 0x57,
    0xB6, 0x15, 0xF4, 0x81, 0xE4, 0xF5, 0xB4, 0xCA, 0xE2, 0xC9, 0x65, 0x6C, 0x6F, 0x7E, 0xBF, 0xD2,
    0x58, 0x99, 0x2A, 0x42, 0x75, 0x40, 0xFF, 0xAA, 0x51, 0x5D, 0xAC, 0xE4, 0x4A, 0x1B, 0x3D, 0x52,
    0x0A, 0xDE, 0xC8, 0x83, 0xB4, 0x75, 0xC1, 0x8F, 0x83, 0xD4, 0x29, 0xF6, 0x52, 0xEB, 0x4B, 0xF8,
    0xEF, 0xA7, 0x70, 0x52, 0x91, 0xE8, 0x7F, 0x2B, 0x2C, 0xCF, 0xD2, 0xBB, 0x12, 0xE6, 0xD7, 0x97,
    0x6C, 0x4A, 0x7B, 0x62, 0xAB, 0xEA, 0x98, 0x4D, 0x89, 0x27, 0xCB, 0x51, 0x2A, 0xBF, 0xA7, 0x6B,
    0x51, 0xFB, 0x92, 0xFC, 0x7B, 0x91, 0x56, 0xC6, 0x73, 0xAB, 0x4C, 0x76, 0x54, 0x7D, 0x85, 0xCD,
    0x56, 0x1E, 0x98, 0xE5, 0x95, 0xAF, 0xAA, 0xA8, 0xDD, 0xAA, 0x3D, 0x75, 0x3F, 0x82, 0xEA, 0x1E,
    0x62, 0xD4, 0x34, 0xB3, 0x9C, 0x8E, 0x9A, 0x05, 0x24, 0x36, 0x5D, 0xA6, 0xC5, 0x02, 0xCA, 0x44,
    0x7A, 0x8D, 0x3A, 0x08, 0x97, 0x9D, 0x4B, 0x7B, 0xAE, 0xCA, 0x4A, 0x98, 0x5D, 0xD5, 0xA1, 0x08,
    0x39, 0x71, 0x22, 0xB2, 0x14, 0x11, 0xDD, 0x6E, 0x8C, 0x47, 0x1A, 0x27, 0x95, 0xB3, 0x41, 0xA5,
    0xBF, 0xED, 0x9B, 0x32, 0xD7, 0x50, 0x89, 0xAB, 0x61, 0x12, 0x3B, 0x1A, 0x06, 0x29, 0xA0, 0x97,
    0x03, 0xBA, 0x84, 0xCE, 0x49, 0x90, 0x77, 0xBA, 0xFA, 0x9D, 0xF4, 0xFD, 0x30, 0x21, 0xE4, 0x97,
    0xC4, 0xD2, 0x70, 0x26, 0x92, 0x39, 0x1F, 0xA1, 0xB5, 0x3C, 0xF9, 0x34, 0xA7, 0x02, 0x74, 0xAC,
    0xF1, 0xEC, 0x70, 0x85, 0x83, 0x67, 0x21, 0x16, 0x22, 0x13, 0xD0, 0xC5, 0xD1, 0x7B, 0x37, 0x09,
    0x23, 0x3A, 0xC2, 0x85, 0xB1, 0x71, 0xDB, 0xEC, 0xFE, 0xDE, 0x2D, 0x81, 0x36, 0xA2, 0x93, 0x30,
    0x57, 0x71, 0x72, 0xA8, 0xF2, 0x4E, 0x3F, 0x68, 0x6B, 0xBD, 0x83, 0x27, 0x43, 0x21, 0xEF, 0x72,
    0x6C, 0x6D, 0xE9, 0xE0, 0x59, 0xAF, 0x70, 0xF0, 0x94, 0xA4, 0x11, 0x57, 0x6B, 0x68, 0x02, 0xDD,
    0x1B, 0xA0, 0xA9, 0x4A, 0xC4, 0x6A, 0xF4, 0x93, 0xDA, 0x4E, 0x9F, 0x7D, 0x2F, 0x9D, 0x9A, 0x3F,
    0xEE, 0x3A, 0xAB, 0xEF, 0x10, 0x35, 0xD7, 0x8B, 0xB4, 0x88, 0xF4, 0x43, 0x18, 0x1A, 0xBE, 0x3F,
    0xE2, 0x88, 0xA0, 0xDD, 0xC1, 0x33, 0x30, 0x7A, 0xD9, 0x0D, 0x64, 0x4A, 0xBF, 0x43, 0x9F, 0xD8,
    0x7C, 0xC1, 0xD1, 0xF0, 0x0E, 0x7D, 0xB0, 0x76, 0x87, 0x08, 0x15, 0x13, 0x49, 0x20, 0x3D, 0x6C,
    0xC5, 0x34, 0x16, 0x83, 0x54, 0xC2, 0xD4, 0x63, 0x13, 0xF6, 0x29, 0x60, 0x12, 0x96, 0x57, 0x29,
    0x35, 0x5F, 0x13, 0xB3, 0x86, 0x43, 0x07, 0xBC, 0x41, 0xA5, 0xFB, 0x2E, 0x1B, 0x49, 0x05, 0xB8,
    0x57, 0x02, 0x26, 0x46, 0x26, 0x59, 0xF0, 0x99, 0x0B, 0x18, 0x85, 0xA8, 0x2B, 0xCD, 0x0E, 0xC5,
    0xFF, 0x2F, 0x7E, 0x29, 0x57, 0x2F, 0x78, 0x95, 0xCC, 0x20, 0xDA, 0xDD, 0x40, 0x27, 0x26, 0x3D,
    0x15, 0xB8, 0x42, 0x1B, 0x2F, 0x88, 0xB1, 0x41, 0x05, 0x49, 0x79, 0x27, 0x85, 0x34, 0x0F, 0x12,
    0xFE, 0x42, 0x03, 0xEF, 0xAF, 0x41, 0x46, 0x37, 0xEA, 0xFC, 0x29, 0x2F, 0x25, 0x5C, 0x98, 0x86,
    0x3F, 0x43, 0xD9, 0xCB, 0x5B, 0x4A, 0xF5, 0x60, 0xB8, 0xEC, 0xE2, 0x2D, 0x16, 0x8E, 0xEF, 0x1B,
    0x4F, 0xBC, 0x02, 0x62, 0x08, 0x26, 0x29, 0x69, 0xD0, 0xDE, 0xA8, 0x64, 0xF1, 0x17, 0xB4, 0x36,
    0xDF, 0x28, 0xDB, 0xA0, 0x6B, 0xE5, 0x01, 0x41, 0x9B, 0x78, 0x54, 0x59, 0xE0, 0xA2, 0x91, 0x01,
    0xCC, 0xA2, 0x1B, 0xF3, 0x1A, 0x9B, 0x31, 0xAA, 0x66, 0x09, 0x8F, 0x80, 0x06, 0xB9, 0xCD, 0x04,
    0xED, 0xAF, 0x8F, 0x13, 0x34, 0x52, 0x69, 0xBD, 0x46, 0x3C, 0x36, 0xFF, 0xCE, 0x48, 0x45, 0x28,
    0x61, 0x4D, 0x15, 0xB3, 0x04, 0x13, 0xA5, 0x98, 0x52, 0x6F, 0x64, 0x30, 0x0E, 0x4E, 0x33, 0xE9,
    0x59, 0x8A, 0xE2, 0x99, 0xF0, 0x29, 0x54, 0x1E, 0x27, 0x78, 0x32, 0x35, 0x5C, 0x91, 0x98, 0x7E,
    0x52, 0x0E, 0x14, 0x38, 0x9F, 0x17, 0x03, 0x55, 0xF6, 0x57, 0xF9, 0x48, 0xE9, 0x93, 0x74, 0x14,
    0xDE, 0x55, 0x3C, 0xBE, 0x51, 0x32, 0xBD, 0xE5, 0xA6, 0x8C, 0xC7, 0x6C, 0x2A, 0x3D, 0x9C, 0x4A,
    0x35, 0xE1, 0xA4, 0x56, 0x18, 0x63, 0xC7, 0x96, 0x0D, 0x05, 0x72, 0x45, 0x4D, 0x3F, 0xED, 0x0B,
    0x3B, 0xAA, 0x4F, 0xAF, 0x52, 0xDD, 0x5B, 0xFF, 0x2D, 0x1D, 0x4B, 0xD1, 0x65, 0x15, 0x9E, 0x8B,
    0xBE, 0x98, 0x40, 0x3D, 0x61, 0x3A, 0xA6, 0x54, 0x8C, 0xC7, 0x0D, 0x73, 0x5D, 0x40, 0x97, 0xF5,
    0x73, 0xBB, 0x10, 0xF4, 0x5F, 0xDD, 0x5B, 0x73, 0x16, 0xDC, 0xCA, 0x4D, 0x59, 0x70, 0x6A, 0x2F,
    0x66, 0x81, 0x2E, 0x11, 0xB8, 0x59, 0xBA, 0xAB, 0x43, 0x38, 0xEF, 0xDE, 0x86, 0xF0, 0x81, 0x12,
    0xCD, 0x84, 0x55, 0x60, 0x69, 0x6C, 0x62, 0x07, 0xFD, 0x4A, 0xA8, 0xD6, 0x45, 0x01, 0x84, 0x2D,
    0xD0, 0xEF, 0x8D, 0xE4, 0x53, 0x52, 0x1A, 0x5B, 0xDE, 0xF8, 0x15, 0x97, 0x46, 0x7A, 0x71, 0x1B,
    0x83, 0xAD, 0xAC, 0x24, 0x16, 0xA7, 0x37, 0x38, 0x4C, 0xA7, 0x46, 0xEC, 0x29, 0xEA, 0x85, 0xE9,
    0xB5, 0xDD, 0x84, 0xBF, 0x84, 0x4A, 0x1C, 0xF4, 0x05, 0xEC, 0x27, 0x66, 0xE2, 0x4B, 0x04, 0x64,
    0x65, 0x80, 0x65, 0x4F, 0x8D, 0x4D, 0xC7, 0x7E, 0x72, 0x1C, 0xF2, 0x6A, 0xB5, 0xC7, 0x7B, 0x78,
    0x7F, 0x11, 0x01, 0xE6, 0xE6, 0x39, 0xE6, 0x99, 0x1E, 0x9F, 0x8F, 0xBA, 0x1A, 0xD6, 0x5B, 0x90,
    0x86, 0xA9, 0x3B, 0x91, 0x36, 0x0C, 0xA5, 0x26, 0x22, 0xDC, 0x02, 0x61, 0x1E, 0x33, 0x12, 0xFC,
    0xBA, 0x52, 0x26, 0x26, 0x3A, 0xE1, 0x68, 0xCC, 0x81, 0x19, 0x55, 0x74, 0xCB, 0x80, 0xBF, 0xF1,
    0x2A, 0xEF, 0x83, 0x9A, 0x22, 0xE6, 0xDF, 0xBA, 0x78, 0x0A, 0x9F, 0x67, 0x7A, 0x0E, 0xEB, 0x10,
    0xF7, 0x40, 0x78, 0xBC, 0x3C, 0xDF, 0x27, 0xBE, 0x61, 0xA9, 0x02, 0xF8, 0xC7, 0xE1, 0xC5, 0x74,
    0xEC, 0x25, 0x3C, 0xFC, 0x01, 0x7B, 0x06, 0xC9, 0xF5, 0x01, 0xBF, 0x26, 0x0B, 0x07, 0x3E, 0x61,
    0x00, 0xB2, 0x7B, 0x15, 0xAB, 0x79, 0x21, 0x6E, 0xA1, 0x1D, 0x5E, 0x6C, 0xAC, 0x76, 0xFD, 0xB7,
    0x6A, 0x69, 0xE1, 0x27, 0x27, 0x0F, 0xE4, 0xAE, 0xF9, 0x54, 0x1A, 0x26, 0x06, 0x73, 0x16, 0x1A,
    0x03, 0x0D, 0x80, 0xBB, 0xA1, 0xAB, 0x9E, 0x15, 0x0F, 0x7F, 0x97, 0x8F, 0xCF, 0x19, 0x9F, 0x3B,
    0xD6, 0xA3, 0xB9, 0xF0, 0x3C, 0xD8, 0xEE, 0xE7, 0x98, 0xF6, 0x68, 0xF2, 0x50, 0x58, 0xA9, 0xDB,
    0x6A, 0xFE, 0xB7, 0x0C, 0x50, 0x0D, 0xE1, 0xCF, 0x3C, 0x8E, 0x29, 0xE2, 0x93, 0x19, 0x2F, 0xE9,
    0x7B, 0x44, 0x9E, 0xF3, 0xFF, 0x71, 0xCA, 0x3A, 0xC8, 0x2D, 0x42, 0x27, 0x9D, 0x54, 0x58, 0xF2,
    0x2F, 0x65, 0xE9, 0x40, 0x24, 0xB3, 0xD7, 0x89, 0xF7, 0xB8, 0xB9, 0x9B, 0xA5, 0xE1, 0xCD, 0x76,
    0x17, 0xB3, 0x5E, 0xFB, 0xC0, 0xA9, 0xEE, 0xCA, 0xBD, 0xCB, 0x4E, 0xBD, 0xC7, 0xC1, 0xAA, 0x03,
    0x6C, 0x01, 0xAD, 0x15, 0xB0, 0xE7, 0x55, 0x73, 0xA7, 0x09, 0xF4, 0xD6, 0x9D, 0x23, 0x86, 0xA4,
    0x0F, 0xC1, 0x58, 0xF7, 0xCE, 0x3E, 0x4B, 0x25, 0xDB, 0x47, 0x67, 0x61, 0x84, 0x0C, 0xE9, 0x7A,
    0x74, 0xF8, 0x21, 0x29, 0x8B, 0xEF, 0xBF, 0x20, 0xC7, 0x0E, 0x8F, 0xB2, 0xBE, 0x57, 0x44, 0x8C,
    0x24, 0x0B, 0xEA, 0xFF, 0xA4, 0xC4, 0xE2, 0x1A, 0x5F, 0xC5, 0xA2, 0x8B, 0xED, 0xA0, 0xD6, 0x22,
    0x4E, 0x52, 0x8D, 0x83, 0x02, 0xC5, 0x16, 0xDD, 0x2F, 0x04, 0x36, 0xEA, 0xAD, 0x86, 0xEA, 0xAD,
    0x4A, 0x20, 0xCB, 0x4B, 0x48, 0x0C, 0x2D, 0x94, 0x55, 0x69, 0x72, 0xF5, 0x3A, 0xDD, 0x66, 0x5E,
    0x89, 0x2F, 0x5A, 0xA7, 0xC0, 0xE8, 0xFD, 0xEB, 0x96, 0x92, 0x92, 0xF3, 0x51, 0x87, 0x69, 0x26,
    0x73, 0xE3, 0xDE, 0x47, 0x97, 0xF3, 0x45, 0x81, 0x6F, 0xD1, 0x3F, 0x97, 0x6C, 0x06, 0xFC, 0x50,
    0x92, 0xDB, 0xA6, 0xD9, 0x44, 0x95, 0xD1, 0x16, 0x45, 0x25, 0x3B, 0x9A, 0xAE, 0x18, 0x38, 0x37,
    0xDD, 0xDB, 0x2C, 0x9B, 0x65, 0x6F, 0xBE, 0x83, 0xAB, 0x3F, 0xFD, 0xA1, 0x85, 0x8B, 0x97, 0x45,
    0x62, 0x59, 0x3E, 0x82, 0xD2, 0x82, 0xAA, 0xEB, 0x0F, 0xA8, 0xF1, 0xAA, 0x34, 0xD8, 0x13, 0xAB,
    0xD2, 0x80, 0x8E, 0x64, 0xB0, 0xFE, 0x03, 0xC5, 0x61, 0xAA, 0x7F, 0x0C, 0x52, 0x3F, 0xB7, 0x4A,
    0xB4, 0xCC, 0xC2, 0x2E, 0xC4, 0x2B, 0x7C, 0x0C, 0x5E, 0x6E, 0x19, 0x60, 0xE8, 0x72, 0xAA, 0xB0,
    0xF2, 0xC0, 0xF9, 0x7F, 0xD8, 0x5C, 0x42, 0xEC, 0xF8, 0x9F, 0xB5, 0x98, 0x13, 0xDB, 0xB2, 0x05,
    0xAD, 0x7D, 0xBE, 0x07, 0x5A, 0xB2, 0x94, 0xE3, 0x47, 0x12, 0x47, 0xD4, 0x6C, 0xCA, 0xE6, 0x52,
    0x10, 0x47, 0x2B, 0xE1, 0x14, 0xC4, 0xE1, 0x32, 0xE9, 0xC4, 0xF9, 0x05, 0x71, 0x98, 0x78, 0x77,
    0x54, 0xF4, 0x00, 0x55, 0x52, 0xFD, 0xB7, 0x02, 0xF0, 0xCE, 0xA0, 0x19, 0xF4, 0x71, 0xF6, 0xF6,
    0x36, 0x5A, 0x8D, 0xB8, 0x87, 0x4A, 0x82, 0x1C, 0xCE, 0x0C, 0x58, 0xC5, 0xF8, 0xE9, 0x9E, 0xFC,
    0x40, 0x4E, 0x75, 0x32, 0x89, 0x8D, 0x66, 0xC6, 0xED, 0xFF, 0xB3, 0x48, 0x06, 0x93, 0xC5, 0x29,
    0xA7, 0xEE, 0x35, 0x00, 0x9B, 0x83, 0x76, 0xF5, 0x92, 0x20, 0xC2, 0xF2, 0x6F, 0x60, 0x6A, 0x52,
    0xA5, 0x31, 0x00, 0x19, 0xCA, 0x24, 0xC2, 0xE4, 0xF6, 0x30, 0x28, 0x9E, 0x93, 0xC6, 0xCE, 0xA3,
    0x9F, 0x55, 0x22, 0xE1, 0xDF, 0x52, 0x03, 0x9C, 0x8F, 0xE3, 0x73, 0x04, 0x62, 0x3E, 0xCC, 0x52,
    0x23, 0x52, 0x38, 0x95, 0x85, 0xB9, 0x60, 0xD1, 0x8E, 0x4D, 0x27, 0x3F, 0x89, 0xFE, 0x64, 0x1B,
    0x2A, 0xC5, 0x96, 0xAD, 0x42, 0x2E, 0xDE, 0x13, 0x0B, 0x4A, 0x81, 0xC6, 0x97, 0x3E, 0x76, 0xE5,
    0x4E, 0x57, 0xEF, 0x86, 0xD6, 0x9B, 0x92, 0x49, 0x20, 0x57, 0xA5, 0x91, 0x58, 0x2C, 0x9A, 0xB5,
    0x0B, 0x99, 0x79, 0x2A, 0xFF, 0xA9, 0x6C, 0xE5, 0x62, 0x08, 0x1A, 0x8F, 0xA4, 0x9F, 0x8A, 0xF5,
    0x34, 0xBD, 0x48, 0x89, 0x7E, 0x7F, 0xE2, 0xE1, 0x35, 0x13, 0x8C, 0x94, 0x8C, 0x70, 0xF7, 0x4A,
    0x3C, 0x42, 0xF3, 0xE7, 0x68, 0x65, 0xE7, 0x7A, 0x04, 0xDD, 0x80, 0x5B, 0x49, 0x14, 0x69, 0xD5,
    0x58, 0x6A, 0x37, 0x37, 0xE4, 0x7B, 0x69, 0x39, 0xB0, 0xAA, 0xB4, 0xD3, 0x73, 0xA8, 0xEE, 0x3C,
    0x5E, 0x73, 0x89, 0xD5, 0xCA, 0x60, 0xD2, 0xBA, 0x8A, 0xD5, 0x56, 0x39, 0x96, 0x9C, 0xE2, 0xB8,
    0x34, 0xE3, 0xE5, 0xB2, 0xEC, 0x78, 0x7F, 0x89, 0xDA, 0x0D, 0x33, 0x61, 0x71, 0x81, 0xF2, 0xFA,
    0x78, 0x93, 0xD7, 0x52, 0x3D, 0x3E, 0xB4, 0x3F, 0xDB, 0x28, 0x2F, 0x27, 0x3F, 0x9B, 0x66, 0x12,
    0x9C, 0x62, 0x80, 0xCB, 0xF2, 0xF5, 0x8E, 0x7B, 0x13, 0x56, 0xFB, 0xA6, 0xD4, 0x33, 0x9A, 0x11,
    0x87, 0xAA, 0x2F, 0x0E, 0xA5, 0xAD, 0x16, 0xD3, 0x10, 0x8F, 0x7F, 0x2A, 0xCF, 0x7A, 0x5C, 0x9E,
    0xFA, 0xD7, 0x1D, 0x00, 0x8E, 0xFB, 0x14, 0x3F, 0xD4, 0x38, 0x66, 0x70, 0x6A, 0x18, 0x65, 0x47,
    0x97, 0x16, 0x01, 0xF9, 0x7D, 0xCA, 0xC0, 0x6E, 0x3E, 0xF2, 0xCA, 0x99, 0x4A, 0xB2, 0x3C, 0xBF,
    0x8B, 0x04, 0x00, 0x8B, 0x73, 0xBC, 0x9D, 0x93, 0xF5, 0x5E, 0x61, 0x06, 0x17, 0xC6, 0x28, 0x41,
    0x49, 0x46, 0x3E, 0xFF, 0x9E, 0xEE, 0x4A, 0xCB, 0xD1, 0xB5, 0x62, 0xE2, 0x80, 0xA8, 0xD8, 0x0C,
    0x0B, 0xA3, 0xD5, 0xC8, 0x89, 0x02, 0x83, 0x22, 0x83, 0x14, 0x91, 0xF3, 0x29, 0x91, 0xFF, 0x2A,
    0xD1, 0xA6, 0x4F, 0xF4, 0x01, 0x91, 0x5D, 0x12, 0x79, 0x39, 0x51, 0x20, 0x44, 0x77, 0x88, 0x7E,
    0x5B, 0x11, 0x3D, 0xC9, 0x89, 0x94, 0x10, 0x75, 0x53, 0x45, 0x13, 0x1A, 0x89, 0x30, 0x24, 0xA5,
    0x86, 0xC0, 0x7C, 0x31, 0x99, 0xC6, 0xD0, 0xE8, 0xFC, 0xA5, 0x77, 0xDF, 0x58, 0x12, 0xAE, 0x1F,
    0xCA, 0x59, 0xBD, 0x5B, 0xE7, 0xE7, 0xE7, 0xDD, 0xCA, 0x47, 0xF1, 0xA1, 0x6C, 0xD6, 0x93, 0x69,
    0x70, 0x36, 0x81, 0x0F, 0xA6, 0x26, 0x5B, 0x9D, 0x68, 0xB0, 0x18, 0x6D, 0xAA, 0xEB, 0x6D, 0x1A,
    0x29, 0xBC, 0x2C, 0xA9, 0xE7, 0xCD, 0x00, 0xC2, 0x13, 0x43, 0x1E, 0x73, 0x5E, 0x75, 0x71, 0x9F,
    0x8E, 0xC7, 0x68, 0x19, 0x13, 0xF1, 0x2D, 0xDA, 0x52, 0x50, 0xDB, 0x1C, 0x94, 0x82, 0x82, 0x53,
    0x83, 0x33, 0xAF, 0x81, 0xDC, 0x97, 0x71, 0xD5, 0xA7, 0x86, 0xA6, 0xC7, 0x5B, 0xC2, 0xC7, 0xB6,
    0xDF, 0xA5, 0x2E, 0x1A, 0xE0, 0x47, 0x67, 0x09, 0xCE, 0x54, 0xD5, 0xD6, 0xBE, 0xCC, 0x3F, 0x87,
    0x5D, 0xE4, 0x09, 0xAA, 0xEC, 0xE8, 0xC7, 0x66, 0x3E, 0x99, 0x57, 0x02, 0xD0, 0xCF, 0xF6, 0x18,
    0xE0, 0x85, 0xE6, 0xA2, 0xBE, 0xA5, 0xF5, 0x5E, 0x2D, 0x9C, 0xCE, 0xF9, 0x24, 0x77, 0x94, 0xA5,
    0x52, 0xE7, 0xAB, 0x47, 0x3D, 0x54, 0x21, 0x83, 0x8A, 0x7D, 0xCC, 0x8E, 0x61, 0x9D, 0xE0, 0x1E,
    0x6A, 0x9A, 0xEB, 0x45, 0xD3, 0x48, 0x79, 0x46, 0x0C, 0x9A, 0xD5, 0x7A, 0x56, 0xDC, 0x7B, 0x5E,
    0xA7, 0xDB, 0xF0, 0x9D, 0xC7, 0x08, 0xC8, 0x94, 0x73, 0x2C, 0xC7, 0x09, 0x37, 0x87, 0xF2, 0x58,
    0x7F, 0x87, 0xD4, 0xFD, 0x1D, 0x9F, 0x0B, 0xC2, 0xF3, 0x2B, 0x70, 0x27, 0x66, 0x1C, 0x2A, 0xB4,
    0xA9, 0x13, 0xB0, 0x01, 0x44, 0x56, 0x81, 0xB1, 0x15, 0xF3, 0xBF, 0x67, 0x02, 0x94, 0x90, 0x42,
    0xF5, 0x1E, 0x75, 0x7B, 0x46, 0x7E, 0xD4, 0x0D, 0x16, 0x21, 0x11, 0xF8, 0x36, 0xE3, 0x79, 0xDF,
    0xD0, 0x88, 0x67, 0x93, 0xBE, 0x53, 0xE9, 0x37, 0xC9, 0x4D, 0xFA, 0xED, 0x33, 0x27, 0x37, 0x59,
    0xEE, 0x62, 0xCC, 0x70, 0xC2, 0xBF, 0xA5, 0x31, 0xDB, 0x1B, 0x93, 0x8C, 0x2C, 0xF8, 0x17, 0x4B,
    0x47, 0x80, 0x4A, 0x3B, 0xD4, 0xDA, 0xA1, 0x5A, 0x4E, 0xF1, 0xC3, 0xBB, 0xBD, 0x26, 0x4E, 0x03,
    0xAD, 0xB6, 0x89, 0x51, 0xA2, 0x57, 0x84, 0x28, 0x0C, 0x47, 0xDA, 0xCE, 0xC0, 0xF7, 0x44, 0xCF,
    0xA4, 0x6B, 0x1C, 0x5F, 0xE7, 0x29, 0xB8, 0xBF, 0x48, 0xD0, 0xE1, 0xBB, 0xA4, 0x0A, 0xA3, 0xB3,
    0x49, 0xF9, 0xD5, 0x03, 0x24, 0x53, 0x9F, 0x0A, 0x73, 0x0C, 0x42, 0x08, 0xD6, 0x83, 0x5A, 0xB0,
    0x3A, 0xEE, 0x9F, 0xF4, 0x86, 0x44, 0x31, 0x35, 0x02, 0xF2, 0x21, 0x28, 0x8B, 0x1E, 0xC3, 0x30,
    0x05, 0x87, 0xB5, 0x12, 0x2D, 0xD6, 0xEE, 0x24, 0x6A, 0xD1, 0x7E, 0x7D, 0x25, 0x9B, 0x01, 0x06,
    0xE1, 0xEB, 0xA1, 0xBC, 0xE0, 0xE2, 0xC9, 0x6F, 0xFC, 0x88, 0x13, 0x4A, 0x2D, 0xA5, 0x99, 0xE8,
    0x6B, 0xCA, 0xF2, 0x42, 0x27, 0x65, 0x2E, 0x40, 0x35, 0x45, 0xC0, 0x72, 0xCD, 0xA9, 0x2F, 0x99,
    0x29, 0xDD, 0xA9, 0xCD, 0xA2, 0xC6, 0x7D, 0xA5, 0xBE, 0xC1, 0x82, 0xF7, 0xB8, 0x3F, 0x60, 0x21,
    0x53, 0xA6, 0x7B, 0x58, 0x26, 0x72, 0xD6, 0x04, 0x03, 0x99, 0xD0, 0xAA, 0x9A, 0xCE, 0x17, 0x22,
    0x3E, 0xAA, 0xE8, 0x48, 0xB9, 0x49, 0x86, 0xC0, 0x17, 0xA4, 0xE5, 0x6D, 0x18, 0x79, 0xC4, 0xC2,
    0xCB, 0x83, 0xF2, 0x21, 0x24, 0xB1, 0x91, 0xA4, 0xA6, 0x25, 0x4B, 0xDD, 0x53, 0x29, 0x3B, 0x60,
    0x56, 0x8D, 0xB3, 0xE4, 0x58, 0x70, 0xC6, 0x82, 0x35, 0x16, 0x64, 0x4D, 0xE1, 0x56, 0x50, 0x3A,
    0xAA, 0x81, 0x03, 0x41, 0x63, 0xAB, 0x7D, 0x4F, 0xA5, 0x1B, 0x2F, 0x4A, 0x16, 0x07, 0x3F, 0x4F,
    0x9F, 0x77, 0xA1, 0x30, 0x72, 0x44, 0xEC, 0x34, 0x11, 0xAA, 0xD9, 0x8A, 0xC4, 0x48, 0x3C, 0xAF,
    0x27, 0x66, 0x8A, 0x7E, 0x3E, 0xF1, 0xC7, 0x57, 0xC5, 0xEF, 0x6E, 0xAF, 0xE6, 0x7C, 0x2D, 0x7D,
    0x5F, 0x4F, 0x0D, 0x6E, 0x62, 0x64, 0x74, 0x0D, 0xA3, 0x9C, 0x0A, 0x28, 0xC8, 0xEA, 0xF4, 0xFC,
    0x31, 0xC6, 0x93, 0x2C, 0x76, 0x91, 0x3B, 0x4D, 0xD7, 0x6B, 0xAB, 0xFB, 0x59, 0xAA, 0xE9, 0xD0,
    0xFF, 0x9B, 0x5E, 0x62, 0xF9, 0x1D, 0x4E, 0xC3, 0xB7, 0x04, 0x56, 0x29, 0x17, 0xC1, 0x63, 0x34,
    0xB3, 0x47, 0x31, 0xB4, 0xF9, 0x22, 0x99, 0x84, 0x10, 0x3D, 0x2E, 0x2E, 0x2E, 0x70, 0xBA, 0x31,
    0x74, 0x39, 0x28, 0x06, 0x89, 0xFA, 0x27, 0x73, 0xBC, 0x01, 0x3F, 0x06, 0xF9, 0x3F, 0xE6, 0x1A,
    0x21, 0xD8, 0xC0, 0x7F, 0xEF, 0xE2, 0xEB, 0x24, 0xC2, 0x77, 0xD1, 0xF7, 0x05, 0xCC, 0x35, 0x62,
    0x82, 0xA1, 0xC9, 0x14, 0x72, 0x68, 0xB6, 0xE4, 0x3B, 0xE2, 0xA3, 0x0A, 0xFB, 0x1E, 0x56, 0x42,
    0x25, 0x5D, 0xC6, 0xB0, 0xDA, 0x83, 0xCE, 0xEA, 0x25, 0x50, 0x27, 0x11, 0xC9, 0xB1, 0x77, 0x6A,
    0xAC, 0x3D, 0x58, 0x36, 0xD5, 0xFA, 0xC5, 0xDF, 0xD7, 0x67, 0xBD, 0x10, 0x23, 0x13, 0x3D, 0xEE,
    0xCD, 0x94, 0x7E, 0x7D, 0x90, 0x86, 0x9C, 0x69, 0xF8, 0x33, 0xF6, 0xD9, 0x3F, 0x36, 0xD3, 0x41,
    0xC6, 0xE0, 0x36, 0x05, 0xA7, 0x22, 0xFF, 0xE7, 0x68, 0x53, 0xD7, 0xD9, 0xF3, 0x6F, 0x0B, 0x7B,
    0x1A, 0x20, 0x68, 0x85, 0x86, 0x1F, 0xD0, 0x4D, 0x01, 0x7D, 0x01, 0xBC, 0x0E, 0xD8, 0xF7, 0xC6,
    0x89, 0x8A, 0xF7, 0x04, 0x35, 0xEF, 0x6C, 0x01, 0xAD, 0xFE, 0x58, 0xBA, 0x8E, 0xA8, 0x00, 0x34,
    0x9F, 0xD1, 0x6B, 0xD0, 0x3C, 0x9D, 0x0E, 0xB5, 0x5B, 0x6A, 0x1F, 0x94, 0x84, 0xC6, 0x6A, 0x41,
    0x28, 0x06, 0xDE, 0x21, 0x9C, 0x1D, 0x83, 0xCF, 0x29, 0x95, 0x7B, 0xB5, 0x6E, 0xD3, 0x9B, 0xAD,
    0xDB, 0x48, 0x39, 0x73, 0x6A, 0x3B, 0xBF, 0xAC, 0xA9, 0x8B, 0x05, 0xBD, 0x4C, 0x83, 0x6B, 0x00,
    0x0F, 0x34, 0x30, 0x26, 0x30, 0x45, 0x89, 0x8B, 0x9E, 0x4E, 0x93, 0x1B, 0x93, 0xD5, 0x91, 0x3E,
    0xE3, 0x2B, 0xA6, 0x1F, 0x15, 0x1E, 0x2A, 0x95, 0x3F, 0x95, 0x3A, 0x25, 0x04, 0xF0, 0x57, 0x80,
    0x1F, 0x90, 0xD8, 0x82, 0x84, 0x57, 0xE8, 0x63, 0xBF, 0xE6, 0xE0, 0x25, 0x85, 0x86, 0xAC, 0x57,
    0x6E, 0x00, 0x56, 0x0F, 0x08, 0x4B, 0xC0, 0xCF, 0x73, 0xC0, 0xAF, 0x62, 0x40, 0xB5, 0xC8, 0xB6,
    0x8A, 0xBF, 0xB7, 0x80, 0x9F, 0xF5, 0xBC, 0x5F, 0x11, 0x46, 0x39, 0x60, 0xB8, 0xCC, 0xB0, 0x63,
    0x59, 0x4E, 0x6A, 0x7A, 0x3B, 0xB4, 0x18, 0xA1, 0x7A, 0x0E, 0x4F, 0x73, 0xF8, 0x23, 0xCC, 0x98,
    0xB1, 0x69, 0xD7, 0x5D, 0x59, 0x7B, 0x2F, 0x66, 0xA4, 0x24, 0x57, 0xF8, 0xB9, 0xBE, 0x58, 0xAE,
    0x7D, 0xE9, 0x73, 0x31, 0xA2, 0x19, 0x4F, 0x76, 0xFB, 0x94, 0xBE, 0x0D, 0xF9, 0x09, 0x4D, 0x26,
    0xD5, 0x53, 0xCE, 0x6D, 0x0B, 0x0D, 0xEA, 0xDC, 0x9A, 0x4C, 0xFA, 0xB4, 0xC9, 0x04, 0x86, 0x03,
    0xF5, 0x62, 0x93, 0x29, 0xF8, 0x15, 0xAA, 0xA8, 0xA3, 0xE1, 0x8B, 0xD0, 0x22, 0x14, 0x42, 0x63,
    0x03, 0xFB, 0x09, 0xA6, 0x4C, 0xFE, 0x42, 0x68, 0xB7, 0x80, 0xBE, 0x02, 0xDC, 0x08, 0x01, 0x1F,
    0xFC, 0x48, 0x43, 0xAB, 0xA0, 0x4A, 0x3C, 0x05, 0xF4, 0x04, 0xF0, 0x1A, 0xA0, 0x52, 0x31, 0x20,
    0xB5, 0xAD, 0x9D, 0x5B, 0x03, 0x5A, 0x2D, 0xA0, 0xF4, 0x84, 0x09, 0x21, 0x07, 0x5C, 0x8C, 0xB6,
    0xBF, 0x50, 0x85, 0xD7, 0x4B, 0xA6, 0x2A, 0x2B, 0x8B, 0x23, 0xA5, 0x30, 0x26, 0x47, 0xDB, 0x70,
    0x56, 0xCE, 0xA1, 0x41, 0x77, 0xDF, 0xD1, 0x2B, 0xF3, 0x4E, 0x2E, 0x61, 0xD5, 0xDA, 0xA1, 0x99,
    0x00, 0xFD, 0xD4, 0xA0, 0x07, 0x06, 0x15, 0x44, 0x76, 0x4E, 0xE4, 0xC4, 0x44, 0x66, 0xCA, 0x50,
    0x7B, 0xF1, 0x94, 0x2B, 0x81, 0xB3, 0x29, 0x91, 0xD5, 0x11, 0x49, 0x66, 0x50, 0x14, 0x13, 0x85,
    0x39, 0x91, 0x5F, 0x12, 0x79, 0x15, 0x91, 0xD3, 0x08, 0xA8, 0xB4, 0x7B, 0x04, 0xAE, 0x96, 0xA2,
    0x4A, 0xC9, 0x14, 0xD8, 0x9A, 0xB1, 0x1F, 0xED, 0xED, 0xA0, 0x23, 0xED, 0x3A, 0xE8, 0x49, 0xAF,
    0xB1, 0x2B, 0x09, 0xFB, 0x92, 0xE9, 0x4C, 0xA6, 0x37, 0x99, 0xEE, 0x64, 0xFA, 0x93, 0xE9, 0x50,
    0xA6, 0x47, 0xB1, 0x4B, 0x2D, 0x7C, 0xC2, 0x29, 0x49, 0x0F, 0xBB, 0x95, 0x85, 0x7E, 0x75, 0x60,
    0xE9, 0x5A, 0x2E, 0x76, 0xDF, 0xBB, 0xDC, 0x31, 0x54, 0x6F, 0x1E, 0x4B, 0xA7, 0xE0, 0x11, 0xBA,
    0x84, 0x0E, 0x21, 0xC8, 0x67, 0xA4, 0x7F, 0x6A, 0x32, 0x8A, 0x9E, 0x9E, 0x54, 0xD4, 0xF8, 0x80,
    0xE8, 0xE0, 0xFA, 0x53, 0xDD, 0x6F, 0xF9, 0x34, 0x3C, 0xB9, 0x1F, 0x7D, 0xFD, 0x8F, 0x2A, 0x67,
    0x4F, 0x80, 0x56, 0x6C, 0xDE, 0xA2, 0xE7, 0x2B, 0x3D, 0xEA, 0xF9, 0x7E, 0xF9, 0xA6, 0x79, 0xD9,
    0x97, 0x0D, 0xBA, 0x6A, 0xD0, 0x8B, 0x06, 0xC9, 0x5A, 0x44, 0xD6, 0x8A, 0xE1, 0xAD, 0xF9, 0xF1,
    0x19, 0x90, 0x61, 0xF2, 0xB8, 0x60, 0x1E, 0xD8, 0xCC, 0xF7, 0x52, 0x29, 0x5F, 0x72, 0x4E, 0xFE,
    0xD5, 0x5E, 0xCA, 0xD7, 0x77, 0x97, 0x90, 0xC8, 0x11, 0x44, 0x2E, 0x92, 0x8D, 0xE3, 0x8F, 0xEB,
    0x91, 0x61, 0xA6, 0x98, 0xEF, 0x24, 0x03, 0x3B, 0xD5, 0x18, 0xF1, 0x83, 0xF5, 0x85, 0xDA, 0x9F,
    0x32, 0x8D, 0x9E, 0x77, 0x01, 0x8F, 0x66, 0x41, 0xF7, 0x25, 0x53, 0x18, 0x46, 0x2D, 0xFA, 0xFA,
    0x8E, 0x37, 0xF7, 0x63, 0x21, 0x19, 0x0B, 0x51, 0x3C, 0x14, 0xC2, 0x74, 0x2C, 0xE4, 0x2C, 0x8C,
    0x8D, 0x96, 0x51, 0x13, 0x26, 0xA1, 0x87, 0x2E, 0x98, 0xFC, 0x1E, 0xEC, 0xE4, 0x93, 0xE9, 0x87,
    0x47, 0x34, 0x66, 0x01, 0x8D, 0x80, 0x65, 0xD3, 0x88, 0x06, 0x63, 0xE6, 0x63, 0xDE, 0xC0, 0x21,
    0x8C, 0x61, 0xE2, 0x39, 0xB0, 0x31, 0xC8, 0xAB, 0xC1, 0xA7, 0xA6, 0xDF, 0xD6, 0x4D, 0x70, 0xD0,
    0x88, 0x1B, 0xBF, 0x95, 0xD3, 0xD1, 0xA3, 0x7B, 0x44, 0x4A, 0xC5, 0xFC, 0x71, 0xD4, 0x12, 0x34,
    0x44, 0x56, 0x4B, 0x24, 0xBD, 0x41, 0x19, 0xA6, 0x92, 0x52, 0x12, 0xFD, 0x69, 0xB2, 0x3E, 0x4D,
    0x14, 0xC6, 0xEF, 0x3C, 0x11, 0x1E, 0x03, 0xCA, 0x08, 0x49, 0xB7, 0x55, 0x08, 0xAD, 0x0A, 0xA5,
    0x59, 0xFD, 0xD4, 0x46, 0xB2, 0x53, 0xF3, 0x02, 0x28, 0xEC, 0x28, 0x1D, 0x51, 0x65, 0x5C, 0xD3,
    0xF8, 0x78, 0xD9, 0xF8, 0x1D, 0x83, 0x65, 0x70, 0x45, 0x8E, 0x62, 0x5B, 0xD5, 0x12, 0xD1, 0xB2,
    0x95, 0xC0, 0x5E, 0x05, 0x17, 0xD7, 0x98, 0x11, 0x73, 0x30, 0xC6, 0x00, 0xE6, 0x14, 0x2C, 0x97,
    0x60, 0x4F, 0x68, 0xE2, 0xE8, 0x4C, 0x4C, 0x5D, 0x24, 0x11, 0x5C, 0xE9, 0xE2, 0x20, 0xCF, 0x04,
    0xD1, 0x03, 0xC8, 0xFB, 0xE4, 0x3D, 0x61, 0x80, 0xA4, 0xAA, 0xA0, 0x35, 0x51, 0xF9, 0x65, 0x4D,
    0xC9, 0xA7, 0x87, 0x15, 0xAD, 0x72, 0x05, 0xC2, 0x37, 0xC4, 0x81, 0x56, 0x19, 0x1C, 0xE2, 0x27,
    0xC1, 0x33, 0xB1, 0xB8, 0xEF, 0x7B, 0xE9, 0x61, 0x6C, 0xEC, 0x9C, 0x4A, 0x53, 0x00, 0xEB, 0xC7,
    0x53, 0xD0, 0xBB, 0x55, 0x98, 0xEF, 0x21, 0x06, 0x26, 0x72, 0xF4, 0x2D, 0xDA, 0xCC, 0x02, 0x67,
    0xF7, 0x0C, 0x09, 0x74, 0xB2, 0xEA, 0xB2, 0x6E, 0xB8, 0xA8, 0x0C, 0xEF, 0x75, 0x42, 0x52, 0xA5,
    0x3C, 0xD4, 0x97, 0x9E, 0x59, 0x1F, 0x3F, 0x0A, 0xAE, 0xA4, 0x19, 0xD1, 0x5F, 0x76, 0x61, 0xAB,
    0x78, 0x8B, 0xF1, 0x6C, 0xA3, 0xD3, 0xC3, 0xF5, 0x49, 0xA3, 0xC6, 0x41, 0xC9, 0x01, 0xF0, 0x34,
    0xB0, 0x38, 0x43, 0xFE, 0x2B, 0x7A, 0xC5, 0xAC, 0x50, 0xC5, 0x5F, 0x38, 0x51, 0x15, 0x9F, 0x99,
    0xEA, 0x21, 0x16, 0xE7, 0x41, 0x7D, 0x25, 0x77, 0x95, 0x1A, 0x0C, 0xA3, 0x58, 0xA7, 0x83, 0x79,
    0x95, 0x39, 0xAD, 0xCA, 0xF8, 0x4F, 0xFE, 0x30, 0x16, 0x76, 0x64, 0xB5, 0xAD, 0xB6, 0xDB, 0x06,
    0x81, 0x0A, 0x95, 0x06, 0x33, 0x80, 0x6B, 0xA5, 0x06, 0x2F, 0xF0, 0xD9, 0xE7, 0x04, 0xB8, 0x12,
    0xF9, 0x85, 0xFA, 0x0D, 0x03, 0x88, 0xA6, 0x9C, 0x82, 0xAB, 0x22, 0x06, 0x09, 0x9E, 0x23, 0x69,
    0x79, 0xBF, 0xD3, 0xCF, 0x73, 0x2C, 0xD3, 0xF2, 0x0A, 0xA0, 0xC4, 0x44, 0x8A, 0x8E, 0x11, 0x3F,
    0x53, 0x5E, 0x4C, 0xA8, 0xFC, 0x55, 0x35, 0x59, 0x48, 0x00, 0x64, 0x15, 0xB8, 0x85, 0x81, 0x2E,
    0x42, 0xF8, 0x9E, 0x4E, 0x02, 0x99, 0x42, 0x29, 0x6C, 0x92, 0x0E, 0xD7, 0x62, 0x19, 0x57, 0x09,
    0x65, 0x52, 0x9B, 0xC6, 0xE0, 0x6C, 0x34, 0xB8, 0x47, 0x5C, 0xE7, 0x73, 0x67, 0xAC, 0x72, 0x97,
    0x82, 0x93, 0xE9, 0x5F, 0x39, 0x60, 0x92, 0x9A, 0x76, 0x71, 0x56, 0xC8, 0x5C, 0x31, 0x18, 0xEF,
    0x45, 0x38, 0xAB, 0xEA, 0x13, 0x71, 0x9B, 0x92, 0x35, 0x7E, 0x25, 0x5E, 0xEE, 0x69, 0x90, 0x1A,
    0xC5, 0x50, 0x23, 0x70, 0x0C, 0x42, 0x6B, 0xEA, 0xC0, 0xB9, 0x1E, 0x8B, 0x8C, 0x44, 0x1E, 0xE0,
    0x41, 0x30, 0x95, 0xFC, 0xB2, 0x40, 0xD0, 0x28, 0x16, 0x33, 0x7F, 0x95, 0x62, 0x51, 0x4C, 0x29,
    0x51, 0x34, 0xE0, 0x50, 0x70, 0x16, 0xFD, 0xC8, 0x7D, 0xA6, 0x92, 0x3A, 0x91, 0x23, 0xB8, 0x8B,
    0x1C, 0xB1, 0x8F, 0x70, 0x24, 0x28, 0xAE, 0x1E, 0xE1, 0x88, 0xDD, 0x90, 0x23, 0x7D, 0x31, 0xBE,
    0xE1, 0xD2, 0x3B, 0x27, 0x9C, 0xA8, 0x7F, 0x92, 0x3D, 0x4A, 0xD7, 0xC4, 0xC8, 0xAE, 0xE5, 0x48,
    0xBC, 0xC4, 0x91, 0x6B, 0x13, 0x47, 0xDE, 0x98, 0x38, 0x52, 0x22, 0xBB, 0xC2, 0x11, 0x8E, 0xA0,
    0x79, 0x2C, 0x73, 0x44, 0xA9, 0x96, 0xDA, 0xC9, 0xF5, 0x1C, 0x39, 0x9A, 0x60, 0xCB, 0x62, 0x82,
    0x2D, 0xBB, 0x5A, 0xCE, 0x43, 0xE6, 0x55, 0x57, 0x4F, 0x4F, 0xB0, 0x15, 0xAC, 0x4D, 0xB0, 0x25,
    0xA7, 0x25, 0xD8, 0xFA, 0x0D, 0x13, 0x6C, 0xB5, 0x0B, 0x39, 0xC9, 0x0C, 0x7C, 0x78, 0xD2, 0x42,
    0x2F, 0x52, 0x1F, 0xAB, 0x9A, 0x49, 0x2A, 0xEC, 0x16, 0xC6, 0xEE, 0x1E, 0x7A, 0xE2, 0xC8, 0xAA,
    0xC8, 0x98, 0xB1, 0x95, 0x74, 0xD3, 0xAB, 0x93, 0x3B, 0x59, 0x3A, 0xC6, 0x17, 0xA3, 0x47, 0xDD,
    0xC6, 0x95, 0x4A, 0xB2, 0x31, 0xBE, 0xF8, 0xA2, 0x3A, 0xC8, 0x94, 0x67, 0xE4, 0xBF, 0x6C, 0xFD,
    0x42, 0x2F, 0x53, 0x88, 0xD6, 0x55, 0x08, 0x40, 0xFF, 0xA5, 0x3A, 0xD4, 0x21, 0xE8, 0x7E, 0x1A,
    0x15, 0x0C, 0x42, 0x0F, 0x72, 0x8D, 0x1C, 0x8D, 0x5E, 0x37, 0x88, 0x7D, 0xF7, 0xDB, 0x44, 0x1E,
    0x24, 0xB5, 0x52, 0x14, 0x8F, 0x45, 0x1F, 0x40, 0x09, 0x0D, 0xF2, 0x97, 0xFC, 0x1B, 0x5C, 0x83,
    0x9C, 0x01, 0x61, 0x28, 0x4D, 0x54, 0xD5, 0xCF, 0x0F, 0xDB, 0x50, 0xDD, 0xAB, 0xFD, 0x62, 0x66,
    0x77, 0x08, 0x99, 0xBD, 0xA6, 0x79, 0x55, 0x1A, 0x14, 0xFB, 0xC5, 0x05, 0x8D, 0x30, 0x2D, 0xFC,
    0x2E, 0x28, 0xD0, 0xA8, 0x43, 0xFC, 0xC2, 0xF6, 0x8E, 0xBA, 0xE7, 0x90, 0xDA, 0xCA, 0x10, 0x66,
    0x90, 0x6D, 0x90, 0xAC, 0x43, 0xB7, 0xCE, 0x21, 0xAB, 0x59, 0x2B, 0xC6, 0xC1, 0xD2, 0x55, 0x9C,
    0x42, 0x33, 0xBA, 0x1E, 0x3D, 0x6B, 0x56, 0x33, 0x2A, 0xB0, 0x8F, 0x37, 0xDC, 0x6B, 0x84, 0x2F,
    0x10, 0xFE, 0x1D, 0xC2, 0x0B, 0xF4, 0xE2, 0xDD, 0x52, 0xBA, 0xF5, 0x9C, 0x12, 0xF2, 0xA3, 0xAF,
    0xE6, 0x76, 0x67, 0x33, 0xD8, 0xF7, 0x8F, 0xB4, 0x14, 0x73, 0xEF, 0xE4, 0x38, 0xF2, 0x43, 0x8C,
    0x02, 0x6A, 0xA2, 0x2D, 0x58, 0xA7, 0xA7, 0x38, 0x33, 0xDB, 0xEC, 0x14, 0xD0, 0xC9, 0x27, 0xD8,
    0x00, 0xDA, 0x1D, 0xA0, 0xA8, 0xB7, 0xFF, 0xC7, 0xD1, 0x64, 0x70, 0x4E, 0xBE, 0x0E, 0x5A, 0xF1,
    0x2A, 0xB6, 0x21, 0x63, 0x5A, 0xAF, 0xB3, 0xA5, 0x9D, 0x14, 0xFF, 0x34, 0x1B, 0x41, 0xAB, 0x81,
    0xD5, 0xCF, 0x12, 0x30, 0x43, 0xE5, 0x72, 0xA5, 0xD7, 0x1C, 0x91, 0x59, 0x30, 0x81, 0xE5, 0xA0,
    0x7A, 0x57, 0xF5, 0x6C, 0x54, 0x54, 0x6B, 0x8F, 0xB3, 0xB5, 0x53, 0x9F, 0x05, 0xFE, 0xE0, 0x7D,
    0x0D, 0x0F, 0x4C, 0x56, 0x9F, 0xC2, 0xC5, 0x3C, 0xB1, 0x9C, 0xAA, 0x29, 0x39, 0x13, 0x34, 0xBC,
    0x35, 0x7C, 0x36, 0x3C, 0x3F, 0x53, 0x8C, 0xCE, 0xD6, 0xFE, 0xB1, 0x78, 0xC0, 0xE6, 0xD9, 0xE2,
    0x01, 0x9B, 0x23, 0xF1, 0x80, 0x56, 0xD6, 0x88, 0x09, 0x38, 0xA2, 0x08, 0x1A, 0xB3, 0xAF, 0xB5,
    0x93, 0x53, 0x76, 0x6B, 0x5C, 0x2A, 0xF6, 0xC4, 0x78, 0xB7, 0xCA, 0x5D, 0xBF, 0x00, 0xEA, 0xFC,
    0x9C, 0xE9, 0x4C, 0x02, 0xA0, 0x38, 0x33, 0x28, 0x52, 0x38, 0x62, 0x6B, 0xAE, 0x73, 0x63, 0x6F,
    0x0F, 0xCD, 0x70, 0x42, 0xFE, 0x80, 0x8A, 0xC5, 0x1E, 0xED, 0x12, 0x91, 0x95, 0x17, 0x34, 0x56,
    0xA6, 0x77, 0x24, 0xFB, 0x7F, 0xB7, 0x35, 0xF3, 0xA1, 0xB1, 0x59, 0x1F, 0x8C, 0x92, 0xBC, 0x85,
    0xA8, 0x04, 0x38, 0xFD, 0x5F, 0x40, 0x68, 0xD7, 0x1E, 0x76, 0x19, 0xE9, 0xC2, 0x54, 0xDA, 0x3E,
    0x8A, 0xA5, 0x4B, 0xB2, 0x47, 0xDB, 0x1D, 0x52, 0x5E, 0x1B, 0xF5, 0x06, 0xC1, 0x94, 0xD7, 0x99,
    0xF5, 0xF3, 0x1D, 0x9E, 0xA7, 0x91, 0x55, 0x44, 0xC1, 0x9F, 0x06, 0x61, 0xE2, 0xDF, 0x15, 0x07,
    0xCA, 0x55, 0x1C, 0xE8, 0xCD, 0xC8, 0x90, 0x14, 0x1C, 0x32, 0x02, 0xD3, 0x56, 0x2D, 0xA5, 0x8C,
    0xC4, 0xD0, 0x2C, 0x2A, 0xE2, 0xBD, 0x62, 0x31, 0xDB, 0x81, 0x73, 0x04, 0x9D, 0x17, 0xCB, 0x50,
    0xDB, 0x4B, 0xE2, 0x74, 0x10, 0x03, 0x48, 0x4D, 0xA8, 0xC6, 0xC0, 0x1D, 0x9B, 0xB4, 0xAD, 0x96,
    0x36, 0xCF, 0x6B, 0xB3, 0x16, 0xEA, 0x75, 0x6B, 0xE1, 0xD1, 0x4A, 0x4B, 0x2C, 0xBD, 0x6D, 0x0A,
    0x14, 0x57, 0x78, 0x58, 0xEF, 0xCB, 0xE2, 0x71, 0xA6, 0x74, 0xE7, 0x3E, 0xD3, 0x9D, 0xA7, 0x47,
    0xD3, 0x9D, 0xCF, 0xC6, 0x74, 0xE7, 0x6F, 0x8C, 0xE9, 0xCE, 0xCB, 0x21, 0xDD, 0xB9, 0x61, 0xAA,
    0x97, 0xD3, 0xAD, 0xCB, 0x38, 0xA0, 0x19, 0x36, 0x1F, 0xAA, 0x39, 0xEF, 0x89, 0x72, 0xAA, 0xFE,
    0xD0, 0xC1, 0x3B, 0x92, 0xC8, 0x74, 0xE7, 0xFD, 0x98, 0xEE, 0x9C, 0x52, 0x4F, 0x6D, 0xD4, 0x80,
    0x10, 0x7B, 0x3A, 0x80, 0x21, 0xDD, 0x79, 0x3D, 0xA6, 0x3B, 0x6F, 0xD7, 0xA5, 0x3B, 0xC7, 0xFA,
    0xE1, 0xD6, 0x02, 0x2B, 0x3A, 0x8B, 0x28, 0x81, 0xD2, 0xC3, 0x58, 0xC1, 0x8E, 0x1C, 0xAA, 0x0D,
    0xD4, 0x5F, 0x22, 0x75, 0xD7, 0x15, 0x48, 0x45, 0x2E, 0x52, 0x77, 0xED, 0x99, 0xD4, 0x5D, 0x48,
    0x39, 0x6B, 0xB5, 0xF8, 0x7A, 0x2F, 0x5B, 0xF4, 0x57, 0xF3, 0x6F, 0xB6, 0xD4, 0xFC, 0xFF, 0xAF,
    0x96, 0xAE, 0xD0, 0x4A, 0xA9, 0x21, 0x0E, 0x28, 0x65, 0x1C, 0x10, 0xDB, 0xF7, 0x5B, 0x8C, 0x03,
    0xCA, 0x4C, 0x0E, 0x20, 0x13, 0x00, 0xE4, 0x98, 0xC8, 0x1F, 0xBF, 0x36, 0xA9, 0xBB, 0xCA, 0x2B,
    0x48, 0xDD, 0xA5, 0xE2, 0x40, 0x15, 0x5E, 0x43, 0xFD, 0x6F, 0xFC, 0x54, 0xFF, 0xFB, 0x4F, 0x98,
    0x4D, 0xDC, 0x5E, 0x63, 0x32, 0xF0, 0x16, 0xF4, 0xBF, 0x9B, 0x80, 0x4A, 0x1D, 0x10, 0x1A, 0x45,
    0x49, 0x52, 0x99, 0xC6, 0x01, 0x68, 0x2D, 0xA5, 0xC9, 0x4B, 0x01, 0xC3, 0x7C, 0x82, 0x9C, 0x26,
    0x01, 0xB7, 0x94, 0x71, 0xEF, 0xAF, 0xC6, 0xA4, 0xAF, 0xE3, 0x8A, 0xE5, 0x79, 0x0D, 0xE9, 0xA2,
    0xB5, 0x37, 0x6D, 0x02, 0x15, 0xBB, 0xF8, 0x73, 0xAA, 0x3C, 0x2E, 0xA2, 0x5E, 0x8C, 0x90, 0x30,
    0x1C, 0xDC, 0x1D, 0x0D, 0x07, 0x4E, 0xFE, 0xE3, 0x45, 0xC3, 0xC1, 0x0C, 0x60, 0x77, 0x65, 0x7E,
    0xC5, 0x72, 0xB4, 0x85, 0x43, 0xC3, 0xC1, 0x54, 0x49, 0xDC, 0x85, 0x2A, 0xB6, 0xA0, 0x80, 0x5F,
    0x90, 0xBC, 0x01, 0xF4, 0xB5, 0xAB, 0xE2, 0x54, 0x54, 0x42, 0x48, 0x04, 0x01, 0x31, 0x38, 0xEC,
    0x87, 0x88, 0x64, 0x85, 0x43, 0x86, 0xA4, 0xE4, 0x43, 0x56, 0x72, 0x13, 0xBB, 0x7A, 0x5E, 0xC8,
    0x35, 0xC8, 0x4B, 0x17, 0x91, 0x1F, 0x13, 0x05, 0x42, 0xB4, 0x49, 0x64, 0x75, 0x44, 0x26, 0x51,
    0xB9, 0x98, 0x4C, 0xE5, 0xB1, 0x49, 0x55, 0x9E, 0xAE, 0xF0, 0x23, 0xD9, 0x34, 0x68, 0x63, 0xC9,
    0x43, 0xBB, 0x31, 0xE8, 0xBE, 0x7C, 0x73, 0xC9, 0xC5, 0x68, 0x48, 0x9D, 0x0C, 0x66, 0xD3, 0x10,
    0x65, 0x97, 0xE3, 0xB0, 0x68, 0xA7, 0xDF, 0xBD, 0x76, 0x99, 0x5A, 0xBA, 0x55, 0xED, 0xD2, 0x40,
    0x91, 0x97, 0x44, 0x32, 0x3A, 0x38, 0x4D, 0xED, 0x32, 0x3A, 0xCC, 0xE0, 0x87, 0x38, 0xB4, 0x4B,
    0xA5, 0x4A, 0xEA, 0x2E, 0xEF, 0x9D, 0x49, 0xC7, 0x4C, 0xB5, 0x28, 0x68, 0x3E, 0x5D, 0xC7, 0x0C,
    0x08, 0xFB, 0x6F, 0x8D, 0x5A, 0x56, 0x88, 0x41, 0x95, 0xC8, 0xF3, 0x9C, 0xB4, 0x36, 0x30, 0x91,
    0xD1, 0xA3, 0x14, 0x7D, 0xA6, 0xA7, 0x8E, 0x70, 0x7F, 0x95, 0x1F, 0x54, 0x54, 0xAC, 0x5E, 0x95,
    0x7C, 0x37, 0x9A, 0xE6, 0x25, 0x3F, 0x28, 0x67, 0x8D, 0x1F, 0xD4, 0xE6, 0x11, 0x3F, 0x28, 0x06,
    0xE4, 0xCF, 0x11, 0x90, 0x7F, 0x3E, 0x69, 0xE3, 0xE6, 0x53, 0xDA, 0xB8, 0xC9, 0xC9, 0xE9, 0xFA,
    0x72, 0x66, 0x80, 0xC9, 0x2F, 0xCF, 0xAE, 0x26, 0xE9, 0xFC, 0xCA, 0x77, 0xBA, 0xA8, 0xB9, 0x32,
    0x2D, 0x6A, 0xA6, 0x48, 0xE5, 0xF8, 0x29, 0xAF, 0x36, 0x8E, 0xAF, 0xC8, 0xD1, 0x1E, 0x7E, 0x85,
    0x45, 0xCD, 0x5B, 0xE7, 0xB8, 0xA8, 0xC9, 0x0E, 0x39, 0xE4, 0x8E, 0xB2, 0xB1, 0xE9, 0xD8, 0xC7,
    0x81, 0x15, 0x8B, 0xEA, 0x49, 0xAE, 0xD9, 0x42, 0x21, 0xE9, 0x53, 0x97, 0x01, 0x25, 0x95, 0xD9,
    0x42, 0xE1, 0xD3, 0x42, 0xB4, 0x57, 0x92, 0x58, 0x9F, 0x14, 0xDC, 0x42, 0xC1, 0xFE, 0x8B, 0xC2,
    0x6C, 0xA1, 0xF0, 0xEF, 0x34, 0xD6, 0xF1, 0xC6, 0xEE, 0xAB, 0xC0, 0x0D, 0x94, 0x03, 0xDC, 0x42,
    0xE1, 0x12, 0x70, 0xDE, 0xC9, 0x8B, 0xC4, 0x7B, 0x32, 0x23, 0x4E, 0xE4, 0x06, 0x71, 0x14, 0xEF,
    0x12, 0x87, 0x79, 0x45, 0xEC, 0xE7, 0xA5, 0xC1, 0x7F, 0x53, 0x10, 0xBB, 0x5F, 0xE4, 0xC4, 0xCE,
    0x93, 0xD4, 0x60, 0x15, 0x13, 0x5B, 0x4A, 0x34, 0x76, 0x0B, 0xE6, 0x53, 0x1D, 0xB7, 0x50, 0xB8,
    0x37, 0x6C, 0xA1, 0x50, 0x2C, 0xE7, 0xAF, 0x72, 0x07, 0xEC, 0xA7, 0xCB, 0xCE, 0x8A, 0xA1, 0x2C,
    0xB5, 0x58, 0xFD, 0x88, 0x21, 0xC1, 0xE2, 0xFC, 0xA4, 0x04, 0x8B, 0x7F, 0x7A, 0xCE, 0x09, 0x16,
    0xE7, 0x0B, 0x09, 0x16, 0xD7, 0x74, 0xAD, 0x11, 0xBD, 0xBC, 0x34, 0x35, 0xDC, 0x39, 0x37, 0x61,
    0x11, 0xFC, 0xC6, 0xE4, 0xA5, 0xB9, 0x8F, 0x15, 0x46, 0xA8, 0xA1, 0xCD, 0xEE, 0xA5, 0x5B, 0x13,
    0xE0, 0xA2, 0xDF, 0xAC, 0x5F, 0x2C, 0x68, 0xA8, 0x08, 0xFF, 0xB0, 0x39, 0xBA, 0x67, 0x54, 0xC5,
    0x48, 0x84, 0x85, 0x3D, 0xA3, 0xC6, 0xA0, 0x7B, 0x46, 0x84, 0x0E, 0x7B, 0x46, 0x31, 0x40, 0x9A,
    0xB9, 0xB0, 0x68, 0xC8, 0x95, 0xDD, 0x85, 0x3D, 0xA3, 0x2A, 0x1A, 0x92, 0x8F, 0xED, 0x19, 0x35,
    0x5F, 0xD8, 0x33, 0xCA, 0xD5, 0x24, 0x83, 0x60, 0xBF, 0x0C, 0x31, 0x74, 0x2C, 0x91, 0x6A, 0xAB,
    0x06, 0x81, 0x9D, 0x71, 0x04, 0x4D, 0xB9, 0x6E, 0x37, 0x01, 0xDA, 0x0C, 0x2B, 0x34, 0xA7, 0xAD,
    0x54, 0x19, 0xFE, 0xDF, 0x3F, 0x2A, 0x93, 0x18, 0xD1, 0x39, 0x7E, 0xD9, 0x0D, 0x27, 0x4C, 0xCC,
    0x89, 0xFC, 0x69, 0x15, 0x3E, 0xFE, 0xB8, 0x73, 0x7B, 0xA7, 0x17, 0xBB, 0x0A, 0x87, 0x68, 0x8A,
    0x11, 0x5A, 0xD5, 0xD8, 0x7A, 0xD6, 0xF0, 0x25, 0x24, 0xDC, 0x68, 0x00, 0x6F, 0x1B, 0xBE, 0x10,
    0x1E, 0xE7, 0x4B, 0x8E, 0x59, 0xC0, 0x5B, 0xE0, 0xCB, 0x55, 0xF1, 0x8E, 0xF0, 0xE5, 0x03, 0xF2,
    0x45, 0x17, 0x0C, 0x5F, 0x7A, 0xCE, 0xC8, 0x09, 0x3D, 0x9B, 0xA3, 0x15, 0x7C, 0x59, 0x97, 0xFA,
    0xCA, 0x56, 0x35, 0xF8, 0x22, 0x03, 0x5F, 0xF2, 0x81, 0x2F, 0xE6, 0xFC, 0x67, 0xF3, 0xC2, 0x53,
    0xAA, 0x88, 0x0A, 0xBF, 0xC8, 0x10, 0x13, 0xA4, 0xCF, 0x8E, 0x67, 0xA0, 0xCB, 0x61, 0xA1, 0xF9,
    0x52, 0x6A, 0xBE, 0x1C, 0x90, 0x2F, 0x14, 0x73, 0x15, 0xC4, 0xBD, 0x4C, 0xDB, 0xB4, 0x34, 0x96,
    0x7F, 0xD4, 0x9A, 0x6E, 0xF6, 0x67, 0x2D, 0xBF, 0x98, 0xF5, 0x7F, 0xE0, 0x9C, 0x27, 0x1C, 0x00,
    0x2C, 0x8D, 0xDD, 0xB7, 0x5A, 0xD3, 0x90, 0x2D, 0x83, 0xAF, 0x0E, 0x78, 0x36, 0xE0, 0xDB, 0x03,
    0x46, 0x86, 0xB4, 0x16, 0x3C, 0xB2, 0xFA, 0xED, 0xF7, 0xC0, 0x25, 0xF3, 0xBB, 0xF7, 0x68, 0x87,
    0xD8, 0xC7, 0x55, 0x0E, 0xF8, 0x16, 0xF1, 0x6C, 0xC0, 0xBB, 0xC4, 0xAF, 0x5B, 0x15, 0xF1, 0x03,
    0xA7, 0x20, 0xAE, 0xBC, 0x02, 0xBC, 0xB3, 0xAB, 0xEC, 0x10, 0x96, 0xC9, 0x79, 0xA5, 0x14, 0xBD,
    0xBF, 0xE0, 0xD7, 0x74, 0x51, 0xA5, 0x60, 0x45, 0xB2, 0xD3, 0x80, 0x1B, 0x2D, 0xB3, 0xE4, 0xFA,
    0xB0, 0x67, 0x69, 0x9E, 0x54, 0xBA, 0x3C, 0xC5, 0x93, 0xF8, 0x08, 0xB4, 0xD3, 0xCC, 0x39, 0xD4,
    0x13, 0x93, 0xA7, 0x70, 0xE4, 0x60, 0x11, 0xF5, 0x9A, 0x44, 0xFD, 0xE8, 0x06, 0xE0, 0x57, 0x44,
    0x01, 0x50, 0xCF, 0x81, 0x43, 0x12, 0xF9, 0x37, 0xBD, 0x04, 0x12, 0x3E, 0x2E, 0xA3, 0x47, 0x9D,
    0xB8, 0xBD, 0x31, 0xA9, 0xCD, 0x64, 0x63, 0x70, 0x6D, 0xC8, 0x6E, 0xF6, 0x58, 0x18, 0xC2, 0x71,
    0x60, 0x3B, 0x5E, 0xDA, 0x28, 0x76, 0x7B, 0x5E, 0x42, 0xA5, 0x77, 0x64, 0x93, 0xAB, 0xFB, 0xEB,
    0x76, 0xBA, 0x52, 0x67, 0xD8, 0xE9, 0xEA, 0xA5, 0xA5, 0x9D, 0xAE, 0xA4, 0xBD, 0x82, 0x8C, 0x67,
    0xA8, 0x72, 0x6D, 0x7F, 0x92, 0x84, 0x96, 0x27, 0xA6, 0x7A, 0x81, 0xB0, 0x8D, 0x9C, 0x82, 0x7B,
    0xE2, 0x54, 0x90, 0xDB, 0x95, 0x52, 0x3C, 0x57, 0xA4, 0x4C, 0x03, 0x1B, 0x5F, 0xF3, 0x0B, 0xBB,
    0x74, 0xFA, 0x79, 0xCA, 0x74, 0xAC, 0x5B, 0xF0, 0x04, 0x43, 0xAB, 0xF6, 0xF7, 0x2F, 0xF6, 0xF2,
    0xE2, 0xA0, 0xC5, 0x0F, 0x8A, 0x51, 0xB1, 0xE1, 0x10, 0x70, 0xEA, 0x6E, 0x9E, 0x6A, 0xDA, 0x07,
    0xA3, 0x94, 0xA6, 0x14, 0xEB, 0x72, 0x00, 0xBB, 0xED, 0x71, 0xCB, 0x1E, 0x6E, 0x4E, 0x34, 0xA8,
    0x22, 0xE8, 0x05, 0xC2, 0x94, 0xA1, 0x39, 0xF4, 0x36, 0xC6, 0xD2, 0x44, 0xED, 0xD4, 0xD4, 0x54,
    0x70, 0x45, 0x10, 0x3C, 0xEE, 0xE4, 0x86, 0x44, 0x31, 0x32, 0x86, 0x3D, 0x4D, 0xC9, 0xE7, 0xE0,
    0xAC, 0xF5, 0xA3, 0x87, 0x77, 0x70, 0x70, 0x56, 0xBD, 0x3E, 0x33, 0x71, 0xCB, 0x48, 0x90, 0x6B,
    0x20, 0x4C, 0x3D, 0x88, 0x69, 0x19, 0x92, 0x84, 0x38, 0xE8, 0x6F, 0x6E, 0x45, 0x60, 0xFE, 0x3B,
    0x1D, 0xDF, 0xD9, 0xDB, 0x79, 0x39, 0x44, 0xCA, 0x84, 0xA7, 0xAB, 0xCB, 0x0B, 0xC7, 0xF9, 0xBD,
    0xB9, 0xC8, 0xC6, 0xA8, 0x45, 0x4E, 0x9C, 0xFA, 0x48, 0x61, 0x63, 0x29, 0x5E, 0x77, 0x49, 0x9D,
    0x90, 0xA8, 0xDA, 0xA8, 0x13, 0x42, 0x55, 0x9E, 0xA0, 0x4E, 0x88, 0x47, 0x75, 0x42, 0xBE, 0xA8,
    0x4E, 0xD8, 0x30, 0xEE, 0xEA, 0x9D, 0x3E, 0x39, 0xE5, 0x75, 0xA6, 0x8E, 0x40, 0x9E, 0xAA, 0x13,
    0xFC, 0x74, 0x59, 0x9D, 0xF0, 0x88, 0xEA, 0x04, 0x86, 0xF6, 0x7B, 0xA4, 0x4C, 0xE9, 0x9B, 0x07,
    0x3B, 0x4D, 0x67, 0x4D, 0xEA, 0x04, 0xC5, 0xED, 0x60, 0x06, 0x75, 0x42, 0x58, 0x4A, 0x07, 0x20,
    0x11, 0x6B, 0x5F, 0x50, 0x27, 0x38, 0x3D, 0xBD, 0x79, 0xA8, 0x4E, 0xD0, 0xC4, 0x43, 0x9D, 0x50,
    0x88, 0x7E, 0x1D, 0xAA, 0x13, 0xF8, 0xE5, 0xD9, 0x0A, 0x26, 0x64, 0x7E, 0x5C, 0x7D, 0xA8, 0x36,
    0x34, 0x99, 0xC0, 0x83, 0xD3, 0x33, 0x81, 0xDF, 0x9C, 0x32, 0x81, 0x03, 0x2D, 0x67, 0x02, 0x37,
    0xEA, 0x84, 0x44, 0xDF, 0x82, 0x25, 0xEE, 0xBA, 0x4C, 0xE0, 0x01, 0x33, 0x81, 0xC7, 0x21, 0x32,
    0x81, 0xCB, 0x0C, 0x84, 0x7D, 0x08, 0x22, 0x09, 0x66, 0x4B, 0x74, 0x7E, 0xDD, 0xAD, 0xE0, 0xEA,
    0x73, 0xDA, 0x0A, 0xCE, 0x8F, 0x1F, 0xD2, 0x2D, 0x00, 0xA7, 0x1F, 0xDF, 0x91, 0xC5, 0xE3, 0x4C,
    0xB9, 0xCB, 0x77, 0x4E, 0xCF, 0x5D, 0x8E, 0xB6, 0x31, 0x81, 0x16, 0x8D, 0xAB, 0x82, 0xFB, 0x7E,
    0x31, 0x5A, 0xDA, 0x4D, 0x23, 0x1B, 0x57, 0xB9, 0x9C, 0xC8, 0xC3, 0x77, 0x39, 0x08, 0x17, 0x27,
    0xBF, 0xDB, 0x85, 0x55, 0xAE, 0xA7, 0x85, 0xB5, 0xF8, 0x6E, 0x11, 0xD7, 0x1D, 0x3C, 0x8B, 0x99,
    0xF8, 0xE9, 0x0D, 0x09, 0xE5, 0xF7, 0xB9, 0x38, 0xA9, 0x65, 0xDC, 0x32, 0x50, 0x82, 0x41, 0xDC,
    0x57, 0xFB, 0x30, 0x84, 0xE3, 0xF3, 0xE2, 0x42, 0x65, 0x3C, 0x60, 0xED, 0x23, 0xE1, 0x71, 0x76,
    0x83, 0x00, 0x04, 0x84, 0x55, 0xF6, 0xBA, 0x62, 0xF0, 0x86, 0x53, 0x09, 0x43, 0xF4, 0x4C, 0xB4,
    0x1E, 0x8E, 0xEF, 0xED, 0x26, 0xAF, 0x5C, 0xFA, 0xFC, 0x04, 0x53, 0xFA, 0xB7, 0x91, 0xA7, 0xCE,
    0xAE, 0xA8, 0x91, 0xD3, 0xAF, 0x31, 0x42, 0x0B, 0xBF, 0x7C, 0xAF, 0x39, 0x14, 0x4A, 0x6D, 0x32,
    0xA8, 0x1A, 0x10, 0x8C, 0xCA, 0xDB, 0x6F, 0x23, 0x17, 0x3E, 0xFB, 0xE2, 0xF2, 0x16, 0x6D, 0x47,
    0x7B, 0xA4, 0xAC, 0xDE, 0x05, 0xAE, 0x66, 0xE7, 0x6B, 0xD9, 0x0D, 0xEF, 0x2E, 0xEE, 0x02, 0x17,
    0xAF, 0xDD, 0x05, 0xEE, 0x1C, 0x92, 0x84, 0xAC, 0x93, 0x73, 0x97, 0x12, 0x88, 0x30, 0x11, 0x01,
    0x66, 0x53, 0x86, 0x49, 0x63, 0x7E, 0xED, 0xA6, 0x73, 0x7D, 0x02, 0x91, 0x67, 0x4D, 0x8C, 0xC2,
    0x77, 0x53, 0xDB, 0xD0, 0xBD, 0x28, 0x1C, 0xE7, 0xF6, 0xCE, 0xC7, 0xDF, 0x6B, 0x4A, 0x8C, 0xC2,
    0xF7, 0x82, 0x41, 0x42, 0xD7, 0x7B, 0xFA, 0x7B, 0x9D, 0xFE, 0xBD, 0xBF, 0x77, 0xEF, 0x8E, 0xA5,
    0x18, 0x96, 0x60, 0x38, 0x97, 0x17, 0x61, 0xE7, 0xC8, 0x97, 0x19, 0xA6, 0x80, 0x0F, 0xFD, 0x62,
    0x00, 0x33, 0x37, 0x97, 0xE9, 0x78, 0x96, 0x7D, 0x7C, 0x7E, 0x78, 0x1E, 0xFB, 0xF8, 0xAC, 0x9B,
    0x28, 0x17, 0x13, 0x4E, 0xB7, 0xCF, 0x9E, 0x70, 0x7A, 0xF0, 0xA1, 0xD1, 0xF4, 0x6E, 0xAF, 0xDC,
    0x73, 0xBB, 0x5F, 0xDE, 0x73, 0x6F, 0xC6, 0xE9, 0xE9, 0xF6, 0xD1, 0x3D, 0xF7, 0xEC, 0x6F, 0x61,
    0xCF, 0x3D, 0xD2, 0xB9, 0x4C, 0xE6, 0xB4, 0xCB, 0xC0, 0xC1, 0x98, 0x73, 0xD4, 0xCE, 0xC7, 0xB4,
    0x95, 0x2E, 0x98, 0xEA, 0xA1, 0xA5, 0x5D, 0xA2, 0x97, 0x2E, 0x58, 0x7E, 0x0D, 0xCC, 0x40, 0xF4,
    0x40, 0xF5, 0xFA, 0xE8, 0x83, 0xD4, 0x96, 0xA0, 0x2A, 0x07, 0x51, 0x00, 0x54, 0xCE, 0x05, 0x93,
    0xC6, 0x65, 0x63, 0x29, 0xE7, 0xA8, 0x5D, 0x51, 0xA8, 0x37, 0x9B, 0x0A, 0x98, 0x50, 0x12, 0x8A,
    0xE0, 0x8C, 0xAF, 0x19, 0x21, 0x04, 0xF1, 0xB5, 0x9C, 0x5C, 0xBD, 0x7B, 0x61, 0x26, 0x56, 0x79,
    0xFA, 0xEE, 0x85, 0xD7, 0xD6, 0xED, 0x5E, 0x1E, 0x9C, 0x95, 0x93, 0xA4, 0x99, 0xC4, 0x12, 0x8C,
    0x04, 0xAF, 0x65, 0xAC, 0xB3, 0xC8, 0xD8, 0xE4, 0x28, 0x63, 0x99, 0xCC, 0x75, 0x62, 0x2C, 0x33,
    0x7E, 0xAE, 0x62, 0x6C, 0x78, 0x02, 0x63, 0x9D, 0x15, 0x8C, 0x95, 0xEC, 0x15, 0x5C, 0xEA, 0xFC,
    0x12, 0x4F, 0x04, 0xE1, 0x6E, 0xB1, 0xC9, 0xE1, 0x6A, 0x79, 0x7A, 0xFC, 0x1E, 0x6E, 0x0E, 0x19,
    0x81, 0xF2, 0x3D, 0x4D, 0xB8, 0xC5, 0x2C, 0x04, 0xE5, 0x26, 0xA4, 0xBE, 0xDD, 0x55, 0xB9, 0x72,
    0x0F, 0xD6, 0xEC, 0x8E, 0x11, 0x9F, 0xB4, 0x3B, 0x06, 0xD9, 0x7B, 0xF0, 0x3B, 0xB2, 0xF7, 0x6C,
    0x82, 0x52, 0x40, 0x07, 0x78, 0x4F, 0x1D, 0x40, 0x6C, 0xC9, 0xBE, 0xF5, 0xCD, 0x0E, 0x33, 0x10,
    0xA4, 0x6B, 0x07, 0xF9, 0xAA, 0x3F, 0x83, 0xA0, 0x94, 0xC1, 0xE2, 0xB0, 0xA5, 0x6E, 0x9E, 0xFF,
    0xBE, 0x12, 0xA3, 0x72, 0x26, 0x9B, 0xB6, 0x21, 0xB7, 0x01, 0x2C, 0x82, 0xE2, 0xBC, 0xBD, 0x63,
    0xCD, 0xCE, 0xA7, 0x67, 0xF3, 0x8E, 0xC5, 0x92, 0xA3, 0xF9, 0x03, 0xB5, 0xDD, 0x58, 0x1D, 0x57,
    0xCD, 0xB7, 0xF5, 0x79, 0x43, 0x9F, 0x97, 0xF1, 0xB8, 0xD3, 0x4E, 0xAB, 0x47, 0x65, 0xFB, 0xAC,
    0x8B, 0x3D, 0x86, 0x95, 0xCC, 0x96, 0x4F, 0x54, 0x32, 0xF6, 0xBB, 0xE0, 0xA3, 0x76, 0x44, 0xAB,
    0x3A, 0xA3, 0xFC, 0x7F, 0xB3, 0x27, 0x20, 0x32, 0x48, 0xE4, 0xEC, 0xEF, 0x7E, 0xF1, 0x14, 0x31,
    0x15, 0xC6, 0xEA, 0x63, 0xDA, 0xA7, 0x22, 0xFE, 0x2E, 0xF6, 0xA9, 0xC8, 0xBE, 0xD5, 0x58, 0xE8,
    0x2D, 0xF5, 0x1E, 0xBD, 0xB3, 0x8F, 0x37, 0xB8, 0xCB, 0x1F, 0x8C, 0xFE, 0xA9, 0x34, 0x01, 0x5C,
    0x49, 0xCF, 0x2F, 0x5C, 0x5A, 0xA4, 0x5A, 0xF6, 0x4C, 0x67, 0xC6, 0x7F, 0x78, 0xBC, 0xC6, 0xE7,
    0xE9, 0x61, 0x5B, 0x9E, 0xE4, 0x61, 0x2B, 0x0B, 0x1E, 0xB6, 0xC5, 0x82, 0x87, 0x6D, 0xB3, 0x62,
    0x0B, 0x5B, 0xC1, 0x71, 0x0C, 0xDE, 0x24, 0x64, 0x9D, 0xF4, 0xF6, 0x06, 0xE9, 0xF0, 0xB0, 0xAD,
    0x46, 0x0F, 0xDB, 0x37, 0x45, 0x7A, 0xD9, 0xE5, 0x0E, 0x3E, 0x93, 0x87, 0xAD, 0xAC, 0xF5, 0xB0,
    0xAD, 0x26, 0x0F, 0x5B, 0xA8, 0x5D, 0x25, 0x81, 0x87, 0x2D, 0x77, 0xF0, 0x59, 0xF9, 0x71, 0xD0,
    0x79, 0xA3, 0x66, 0xFC, 0x38, 0xDE, 0x3D, 0xB2, 0xAD, 0x98, 0xD8, 0x46, 0xD3, 0x38, 0x59, 0x1B,
    0xA5, 0x4E, 0x41, 0xB6, 0xA5, 0xD3, 0x1C, 0xD8, 0x6C, 0xD0, 0xBB, 0xE2, 0x36, 0x89, 0xAF, 0xC6,
    0x94, 0x67, 0xB4, 0x27, 0x8B, 0xBD, 0xAD, 0x3D, 0x4C, 0xC7, 0xC7, 0xCA, 0x7F, 0x27, 0xA5, 0x9F,
    0x3D, 0xCD, 0xAC, 0xEC, 0xC7, 0x67, 0x64, 0x1B, 0xB6, 0x33, 0x6A, 0xB0, 0x9D, 0xD1, 0xBE, 0xDD,
    0x61, 0xFA, 0xDC, 0xA3, 0xBB, 0xB1, 0x4C, 0xEE, 0xC6, 0x9F, 0x88, 0xD8, 0x3B, 0x6A, 0xFB, 0xBE,
    0x63, 0xFC, 0x58, 0x59, 0x43, 0x86, 0x2F, 0x0B, 0x66, 0xBC, 0xB8, 0x8A, 0x19, 0xE3, 0x76, 0x46,
    0xFF, 0x0F, 0xD5, 0xDA, 0x55, 0xB0, 0xDC, 0x58, 0x7A, 0xC0, 0xF1, 0x9F, 0x5A, 0x3B, 0xD6, 0xEE,
    0xAA, 0x32, 0x0A, 0x67, 0xD1, 0x0A, 0xC3, 0x82, 0x3B, 0x8C, 0xD7, 0x96, 0xC2, 0xCC, 0xEF, 0x15,
    0x66, 0xE6, 0x05, 0xEF, 0xB4, 0xC2, 0xAF, 0x0B, 0xEF, 0x61, 0x5C, 0x66, 0xB4, 0xDD, 0x0A, 0x73,
    0xD2, 0xE1, 0xC7, 0xD5, 0xC2, 0xBB, 0xB5, 0x55, 0x9D, 0xAA, 0x76, 0x46, 0xDD, 0x27, 0xF7, 0x54,
    0x2B, 0x56, 0x75, 0x99, 0x77, 0xAE, 0x3D, 0xD7, 0xBA, 0xAD, 0xFF, 0x25, 0xD1, 0xF9, 0xEB, 0x3B,
    0xE7, 0xFB, 0x4E, 0xAB, 0xC9, 0x5B, 0x28, 0x56, 0x50, 0x76, 0x30, 0xEF, 0xE1, 0xC2, 0x1A, 0x7E,
    0x61, 0x80, 0x7E, 0xCF, 0x2B, 0x98, 0xAD, 0x16, 0x48, 0xDB, 0xAA, 0x26, 0x6B, 0xE6, 0x0D, 0x79,
    0x5D, 0xB6, 0x14, 0xF1, 0x10, 0xCE, 0xCA, 0x3B, 0xAA, 0x57, 0xBF, 0xA1, 0xA7, 0x0A, 0x61, 0xCD,
    0x5B, 0xCD, 0x06, 0x7A, 0xC9, 0x20, 0xE9, 0xD8, 0x99, 0xAD, 0x58, 0x4A, 0x5B, 0x16, 0xF2, 0x15,
    0x8B, 0x66, 0xB9, 0x93, 0x87, 0x4D, 0x08, 0x8A, 0x30, 0x38, 0x58, 0xF2, 0x06, 0x8A, 0x76, 0x62,
    0xD6, 0x30, 0x0B, 0x1F, 0x54, 0xEE, 0x82, 0xAA, 0x9D, 0x37, 0x55, 0x5D, 0xB4, 0xE5, 0xF1, 0xCA,
    0xB8, 0xFE, 0xE8, 0x1B, 0xDA, 0x22, 0x84, 0xB6, 0x5A, 0x15, 0xED, 0x52, 0xD1, 0x6E, 0xAF, 0xAF,
    0x65, 0xBB, 0x35, 0x5F, 0x2D, 0xBC, 0xA6, 0x9B, 0x5F, 0xFD, 0x9B, 0x6D, 0x76, 0xFC, 0x75, 0x70,
    0x9A, 0x71, 0x77, 0x79, 0x8D, 0x67, 0xBD, 0x1C, 0x96, 0x1B, 0xE8, 0x2E, 0x82, 0x23, 0x48, 0x36,
    0x90, 0xAF, 0x44, 0x82, 0x33, 0xA6, 0xA5, 0x18, 0x4D, 0x4E, 0x0E, 0xAB, 0x48, 0x2F, 0xD9, 0xC0,
    0xDB, 0x26, 0x93, 0x49, 0xB7, 0x43, 0x3A, 0x99, 0x94, 0x37, 0x55, 0x43, 0x31, 0x99, 0x74, 0x4E,
    0x71, 0xDD, 0xE4, 0x62, 0x34, 0x99, 0x1E, 0x9A, 0x4C, 0x27, 0x93, 0x75, 0x1E, 0x7F, 0x6E, 0x0F,
    0x4C, 0x3E, 0xAF, 0x21, 0xAC, 0x59, 0x5D, 0xC2, 0x11, 0x36, 0x14, 0x3D, 0x45, 0x4D, 0x81, 0x47,
    0xE0, 0x89, 0xDA, 0x7C, 0xCF, 0x68, 0x33, 0xDD, 0x42, 0x05, 0x2E, 0xA1, 0xFC, 0xD7, 0x0E, 0xD5,
    0x87, 0x6A, 0x0C, 0x97, 0x30, 0xEB, 0xCE, 0x46, 0x9A, 0xDD, 0x85, 0xAF, 0xF5, 0x87, 0xE5, 0x2B,
    0xBF, 0xC1, 0xD7, 0xEC, 0xB6, 0xBE, 0x6E, 0x8C, 0xBC, 0x0A, 0x83, 0xF2, 0xCF, 0x3B, 0xD5, 0xFB,
    0x6B, 0xDB, 0xB5, 0x59, 0x77, 0x5E, 0x56, 0xE7, 0x80, 0x93, 0x8B, 0xBC, 0xB4, 0x07, 0x1B, 0xF0,
    0xC2, 0x72, 0x85, 0x47, 0xAA, 0xDE, 0xE4, 0xAA, 0x3C, 0xDD, 0xAE, 0x2E, 0x40, 0x59, 0x23, 0xFD,
    0xB3, 0x01, 0xAF, 0xDA, 0xA1, 0x78, 0x6F, 0xCD, 0xB9, 0xB8, 0xE3, 0xCF, 0x7B, 0x23, 0xD3, 0x32,
    0xDF, 0xD5, 0x92, 0x70, 0xB5, 0x97, 0x0E, 0xB3, 0x8D, 0x74, 0x6D, 0x90, 0x44, 0x70, 0x1D, 0x67,
    0x5E, 0x3D, 0x10, 0xC2, 0x20, 0xDD, 0x1A, 0xE4, 0xBD, 0x41, 0xB1, 0x9A, 0x90, 0x44, 0xCC, 0xB6,
    0xB2, 0xFE, 0xE9, 0x57, 0xCC, 0x76, 0xC3, 0x62, 0x65, 0xB1, 0x3A, 0x06, 0x79, 0x07, 0x67, 0x87,
    0xA9, 0x8F, 0x7A, 0x2B, 0xCA, 0x7F, 0x6F, 0xAF, 0x2B, 0xDA, 0x5C, 0x12, 0x85, 0x94, 0x48, 0x24,
    0x27, 0xA4, 0x74, 0x7E, 0xD7, 0x4A, 0x4D, 0x4A, 0x59, 0x88, 0x4A, 0xAB, 0x9B, 0x28, 0xA5, 0xEC,
    0x38, 0xB7, 0xC1, 0x11, 0xDE, 0xAA, 0xFC, 0x8B, 0x56, 0xF5, 0x3E, 0xB6, 0x9B, 0xFB, 0x14, 0x86,
    0xE9, 0x8E, 0xEF, 0x4F, 0x6A, 0x66, 0xE1, 0x6B, 0x1B, 0xD2, 0xAB, 0x01, 0x59, 0x72, 0x19, 0x80,
    0x72, 0xE5, 0xD0, 0xE2, 0x6C, 0x75, 0xCA, 0x03, 0xD3, 0x77, 0xCF, 0xEA, 0x34, 0x7C, 0x63, 0x9D,
    0x5F, 0x0D, 0x8A, 0x64, 0x00, 0xCA, 0xA8, 0xBC, 0x73, 0x3F, 0x3B, 0x34, 0x67, 0x9A, 0x29, 0x81,
    0x56, 0x6B, 0xD8, 0xDC, 0xBC, 0x2B, 0x3F, 0x84, 0x09, 0x57, 0x11, 0x0D, 0xF6, 0x5C, 0x5E, 0x4B,
    0xFA, 0x8B, 0xB2, 0xA6, 0x00, 0x3C, 0x88, 0x64, 0xEC, 0x87, 0xC1, 0x00, 0xB3, 0x9E, 0x28, 0x03,
    0xC9, 0x57, 0x3F, 0x32, 0xF5, 0xEB, 0xB0, 0x85, 0xC5, 0x1A, 0x12, 0xA7, 0x36, 0x3A, 0x0D, 0xCC,
    0x3A, 0xB2, 0x5A, 0xDA, 0x14, 0xD2, 0xF6, 0xAC, 0xD9, 0xFF, 0x5C, 0x22, 0x6C, 0x98, 0xAF, 0x4E,
    0xDE, 0x69, 0xF2, 0x3B, 0x93, 0x3A, 0xE7, 0x41, 0x01, 0xC9, 0x97, 0x3F, 0x74, 0xEE, 0x92, 0x35,
    0x2E, 0xA2, 0xF0, 0x60, 0xDC, 0x79, 0x56, 0x0D, 0x55, 0x07, 0x1F, 0xD9, 0x83, 0x8E, 0x31, 0x28,
    0xD3, 0x5F, 0xCF, 0x31, 0x5B, 0x9D, 0x83, 0x30, 0xB8, 0x5E, 0x34, 0xBA, 0xC1, 0x60, 0xB9, 0x37,
    0xD8, 0x4D, 0x06, 0x5F, 0xBA, 0x86, 0x37, 0xDD, 0xD2, 0xA0, 0xEB, 0x06, 0x45, 0x83, 0xE5, 0x87,
    0x61, 0x50, 0x71, 0x83, 0x41, 0xB1, 0x41, 0x55, 0x37, 0x36, 0xA6, 0x27, 0x6F, 0x8E, 0x9B, 0x11,
    0x4D, 0x3E, 0x6A, 0xB6, 0x3A, 0x62, 0x77, 0xBF, 0x4C, 0x8E, 0x59, 0xE6, 0x37, 0xA7, 0x2C, 0x63,
    0xCA, 0x32, 0x49, 0xBD, 0x8F, 0xC5, 0xB3, 0x37, 0x9A, 0x3C, 0xAD, 0xB1, 0xE8, 0xFB, 0xF7, 0x59,
    0x26, 0xBB, 0x1A, 0xE4, 0x63, 0xC2, 0x4C, 0x9B, 0x07, 0x60, 0x32, 0x6D, 0x72, 0xCC, 0xBA, 0xDB,
    0x46, 0xDD, 0xED, 0xF3, 0xCB, 0x8B, 0x9E, 0x68, 0x7E, 0x79, 0xA7, 0xC9, 0x55, 0x7F, 0x22, 0xF9,
    0x65, 0x74, 0x57, 0xEC, 0xBB, 0xD3, 0x6E, 0x60, 0xDE, 0x9D, 0xB0, 0xBB, 0xF4, 0x56, 0xF9, 0x25,
    0x36, 0x2A, 0x74, 0xCF, 0xDE, 0xBD, 0xFA, 0x0D, 0x5D, 0x32, 0x48, 0x3B, 0x83, 0x24, 0xC2, 0x04,
    0x37, 0x45, 0x08, 0x3B, 0xC2, 0xAB, 0xFF, 0x94, 0x81, 0x5B, 0xE2, 0x33, 0x23, 0x8E, 0x22, 0x2E,
    0x46, 0x0C, 0xC7, 0x27, 0x7A, 0xCD, 0x10, 0x4F, 0x79, 0xE0, 0xE5, 0x9D, 0x87, 0xFB, 0xBD, 0x08,
    0xCB, 0x0F, 0xCA, 0x76, 0x41, 0xD1, 0x96, 0x6D, 0x25, 0x5F, 0x3D, 0x26, 0xEB, 0x2F, 0x4B, 0xFB,
    0xAD, 0xB4, 0x0F, 0xAF, 0x7E, 0x4D, 0x1F, 0x42, 0xE8, 0x07, 0x6C, 0xC7, 0xF5, 0x0A, 0x2A, 0x54,
    0xB5, 0x97, 0x17, 0xAB, 0xD9, 0x2A, 0x0D, 0xCB, 0xC6, 0x4F, 0x6D, 0x4C, 0xAD, 0xAE, 0x0F, 0x5A,
    0xCD, 0xAB, 0x91, 0x86, 0x15, 0xE9, 0x97, 0xF7, 0x48, 0x22, 0xB2, 0x0E, 0x17, 0x6A, 0x1C, 0x11,
    0x2F, 0x1E, 0x3C, 0x79, 0x8A, 0xEE, 0x72, 0x06, 0xFB, 0xC4, 0x64, 0xA5, 0x87, 0xB2, 0x94, 0xEB,
    0x8C, 0x2A, 0x7C, 0x2B, 0x3F, 0xBD, 0xD8, 0xF2, 0xDD, 0xD9, 0xFA, 0xB6, 0x16, 0x92, 0x07, 0x11,
    0x28, 0xD9, 0x36, 0x69, 0x8B, 0xF0, 0xAB, 0xED, 0x73, 0x8A, 0x50, 0x3F, 0x23, 0xD9, 0x02, 0x4E,
    0x36, 0x4C, 0x06, 0xA4, 0x3D, 0x21, 0x6F, 0xCC, 0xC2, 0x5F, 0x91, 0xFD, 0x7B, 0x47, 0xE9, 0x9D,
    0x7C, 0xAC, 0x67, 0x3C, 0xC9, 0x91, 0xC0, 0x05, 0x6C, 0xCC, 0xFF, 0xAC, 0xB3, 0x78, 0x7F, 0xED,
    0xDA, 0x5A, 0xDA, 0x9D, 0x97, 0xD7, 0xF9, 0x89, 0xBB, 0x28, 0x1B, 0x64, 0x2D, 0x92, 0x3E, 0xE0,
    0x93, 0x43, 0x4B, 0xF6, 0xDF, 0xA7, 0xC6, 0xC5, 0x63, 0x50, 0x42, 0xF6, 0xE7, 0x03, 0x7E, 0x73,
    0x87, 0xE2, 0xB7, 0x6B, 0x2E, 0xA4, 0x2B, 0xDE, 0x7A, 0x38, 0xF7, 0xCE, 0x77, 0x35, 0x8B, 0xAB,
    0x3D, 0x43, 0xBC, 0xCC, 0xDE, 0x65, 0x59, 0xB7, 0x1F, 0xA8, 0x2B, 0x45, 0x44, 0xF1, 0xBF, 0xAF,
    0x5E, 0x2A, 0x42, 0x88, 0xE6, 0x50, 0xAC, 0x8C, 0xC8, 0x3B, 0xA4, 0x7D, 0xC4, 0xDA, 0xD3, 0xD8,
    0x7A, 0x21, 0xD5, 0xE3, 0x1B, 0xCE, 0x84, 0x06, 0xAA, 0xC8, 0x97, 0x76, 0xD0, 0xE3, 0xCC, 0x8A,
    0x50, 0x30, 0x0B, 0x6D, 0x0C, 0x9E, 0x9E, 0xB3, 0x2E, 0xC2, 0x53, 0x26, 0x61, 0x7D, 0x14, 0xD6,
    0x27, 0x83, 0x59, 0x6F, 0xE0, 0x10, 0x4F, 0x48, 0xD8, 0x33, 0x46, 0x61, 0x23, 0x2E, 0x4D, 0xC2,
    0x28, 0x3A, 0xCE, 0x4E, 0x33, 0xEB, 0xF9, 0x5F, 0xB4, 0x16, 0x1F, 0xE2, 0xDA, 0xE6, 0x24, 0x83,
    0xE8, 0xBB, 0x8B, 0xEE, 0xFF, 0x83, 0xE8, 0x1A, 0x49, 0xFD, 0x34, 0x8A, 0xED, 0x0B, 0x39, 0xB7,
    0x1C, 0xF8, 0xE2, 0xAC, 0x07, 0x08, 0x44, 0x45, 0xA7, 0xA8, 0x7F, 0x4D, 0x05, 0x4D, 0xFE, 0x86,
    0xE0, 0xD1, 0x64, 0x00, 0xE6, 0x2D, 0x8B, 0xCE, 0xFD, 0xEC, 0x6B, 0xFC, 0xF0, 0xA4, 0xA4, 0x21,
    0xFB, 0x9B, 0xA8, 0xC4, 0x66, 0x52, 0x72, 0x3A, 0xF3, 0xF3, 0xF4, 0x9E, 0xC2, 0x6E, 0x6D, 0x76,
    0x30, 0x23, 0xBE, 0xFF, 0xB9, 0xFB, 0xCC, 0x9F, 0x98, 0x87, 0xFA, 0x05, 0x79, 0x2B, 0x6B, 0xFD,
    0x54, 0x9D, 0x5C, 0x93, 0xF4, 0xFC, 0x0E, 0x84, 0xD0, 0x2F, 0x43, 0x97, 0x6D, 0xA4, 0x6B, 0x69,
    0x7F, 0x8F, 0xAF, 0xB5, 0x6C, 0xE3, 0x78, 0xF7, 0xD8, 0x4B, 0x37, 0xAA, 0xA5, 0x4F, 0x2D, 0x28,
    0x25, 0x5B, 0xE9, 0xCA, 0xAC, 0xA5, 0x86, 0x65, 0x1F, 0x5F, 0xD9, 0x3D, 0x1C, 0xB0, 0x09, 0xA1,
    0x3D, 0xA9, 0x0B, 0x03, 0x66, 0xDD, 0xF8, 0xAF, 0xA4, 0x3B, 0xF8, 0x19, 0x8C, 0x17, 0xB9, 0xB8,
    0xF7, 0x8B, 0xBC, 0xF1, 0xE0, 0xCE, 0x84, 0x0F, 0x62, 0xF1, 0x78, 0xA8, 0xCD, 0xB6, 0xF2, 0x2E,
    0xBE, 0x92, 0x8D, 0xA2, 0xE5, 0xB2, 0xAA, 0xA6, 0x52, 0x61, 0x5E, 0x3F, 0x86, 0xB2, 0xB9, 0x1C,
    0xD9, 0x6E, 0x51, 0x8C, 0x1C, 0xA6, 0x9F, 0x0F, 0x78, 0x05, 0x65, 0xBB, 0xDF, 0x6B, 0x7F, 0x84,
    0x79, 0x4D, 0xB5, 0x3F, 0xF2, 0xFE, 0x2C, 0xE3, 0x19, 0xC5, 0xB3, 0x8F, 0x57, 0x72, 0xB8, 0x9C,
    0x03, 0x95, 0x89, 0x67, 0x61, 0xB1, 0x89, 0xE1, 0x57, 0x97, 0x6D, 0xB1, 0xAA, 0xA4, 0xFD, 0xC2,
    0x6C, 0x73, 0x45, 0x32, 0x6C, 0x89, 0xEB, 0x30, 0x8C, 0xEB, 0x76, 0x5C, 0xE3, 0xFF, 0xE2, 0x36,
    0x55, 0x9D, 0xF6, 0xC5, 0xAA, 0x58, 0x1D, 0xEF, 0xDB, 0xC4, 0x63, 0xDC, 0xB4, 0x60, 0xCE, 0x1A,
    0xBC, 0xBA, 0x46, 0x1A, 0x3A, 0xC6, 0xE2, 0x91, 0x48, 0x59, 0xA4, 0xAA, 0x81, 0x23, 0x13, 0x71,
    0x73, 0x93, 0xB3, 0xB5, 0xB2, 0x65, 0x10, 0x4D, 0x3E, 0xA6, 0x42, 0xE5, 0x31, 0xD1, 0xC6, 0x65,
    0xD1, 0xCC, 0x76, 0xF4, 0x19, 0x39, 0x4C, 0x3F, 0x1F, 0xF0, 0x4A, 0x64, 0xB3, 0xDF, 0x6B, 0x7F,
    0x84, 0x79, 0x3C, 0x9A, 0xA2, 0x65, 0x18, 0xCF, 0x32, 0xDB, 0x2A, 0x0E, 0x4D, 0x8A, 0xF3, 0xA6,
    0xE5, 0x86, 0xDF, 0xB9, 0x88, 0x23, 0x5C, 0x22, 0xEF, 0xC9, 0x6B, 0x72, 0x24, 0x38, 0x61, 0x9B,
    0x9F, 0x05, 0x06, 0x3C, 0x6F, 0xD6, 0x23, 0xFC, 0x4D, 0xC3, 0xEC, 0xF1, 0x0E, 0xD9, 0xBF, 0xAE,
    0x51, 0x3A, 0x8F, 0x8F, 0xF5, 0xC8, 0xA9, 0xB5, 0x46, 0x05, 0x97, 0x28, 0xFF, 0xB5, 0x1F, 0x9F,
    0xEF, 0x5C, 0xDE, 0x90, 0xF4, 0xE7, 0x8D, 0xB3, 0x53, 0x4C, 0xEA, 0x44, 0x77, 0xA2, 0x3C, 0xD1,
    0x9E, 0xA8, 0x46, 0x74, 0x64, 0xCB, 0x88, 0xE1, 0x3A, 0xA6, 0xBF, 0xC5, 0x4D, 0xF6, 0x1B, 0x47,
    0x91, 0xA2, 0x49, 0x51, 0xE5, 0xFE, 0xA0, 0x4F, 0x37, 0xCD, 0x1F, 0x67, 0xDD, 0xF3, 0xE0, 0xAD,
    0xA1, 0xF5, 0x90, 0xC9, 0xAC, 0xA0, 0x68, 0x90, 0xFE, 0xEB, 0x16, 0xDF, 0x19, 0x90, 0xBF, 0xB7,
    0xA1, 0x4C, 0x57, 0x7C, 0xF1, 0x61, 0x21, 0x97, 0x85, 0xD8, 0xF8, 0xAB, 0x6B, 0xD1, 0x5D, 0x54,
    0x59, 0xC9, 0x7A, 0xF3, 0x26, 0xEF, 0xF6, 0x7A, 0x8B, 0x11, 0xAD, 0x11, 0xD3, 0xDF, 0xE2, 0x26,
    0x6D, 0x16, 0x37, 0x4E, 0xD7, 0x2A, 0xB6, 0xB6, 0xF1, 0x50, 0x1B, 0xB2, 0xA9, 0x90, 0xE3, 0xA5,
    0x53, 0x57, 0x96, 0x74, 0x58, 0x16, 0x48, 0xC2, 0x9F, 0x21, 0xFB, 0x40, 0x8F, 0xA2, 0x7E, 0xA7,
    0xA8, 0xF4, 0xA9, 0xA7, 0x55, 0xE9, 0x58, 0xEA, 0x0D, 0x38, 0xC2, 0x8B, 0x94, 0xFF, 0xBE, 0x8A,
    0x41, 0x1A, 0x63, 0x34, 0x86, 0xE8, 0x14, 0xA1, 0x27, 0xD8, 0xB3, 0x93, 0x97, 0x9F, 0x41, 0xB1,
    0x2B, 0x70, 0x6E, 0xB9, 0xC3, 0xD1, 0x99, 0x0D, 0x3C, 0x0F, 0xEC, 0x03, 0x33, 0x3C, 0x44, 0x81,
    0x19, 0xAB, 0xC1, 0x59, 0xF8, 0xDA, 0x3A, 0xBD, 0x1A, 0xA6, 0xE7, 0x41, 0xE5, 0x8A, 0xAA, 0x77,
    0x5F, 0x4D, 0xAA, 0x6A, 0x58, 0xB6, 0x48, 0x62, 0x57, 0x96, 0xBE, 0x6F, 0x8D, 0xA2, 0x3E, 0x8F,
    0x67, 0x4C, 0xC6, 0x1E, 0xCA, 0xBC, 0x5C, 0xB4, 0xCC, 0x7B, 0x5E, 0xB6, 0x61, 0x7D, 0x5E, 0xDA,
    0x16, 0xC0, 0x03, 0xC9, 0xD9, 0xFE, 0x04, 0xD2, 0x61, 0xCA, 0xD3, 0x45, 0x0B, 0x73, 0xF0, 0x22,
    0x07, 0xCB, 0x65, 0xB1, 0x55, 0x41, 0x6C, 0xE1, 0x32, 0xB6, 0xB6, 0xBB, 0x10, 0x63, 0x65, 0x73,
    0x54, 0xB4, 0xEC, 0xFA, 0xE8, 0x77, 0xB1, 0x8F, 0xA7, 0xE8, 0xD7, 0xBC, 0x39, 0xF9, 0x88, 0x5C,
    0x39, 0xF4, 0xFB, 0xAC, 0x1A, 0x0B, 0xD8, 0x22, 0xE9, 0x91, 0xB6, 0x78, 0x44, 0xB2, 0x1E, 0x1B,
    0x16, 0xF1, 0x53, 0x1B, 0x43, 0x94, 0xB1, 0x3E, 0x36, 0xF9, 0xFE, 0xAE, 0x92, 0x86, 0x7A, 0x61,
    0x36, 0x3C, 0xF1, 0x94, 0xE3, 0x59, 0x0D, 0x14, 0x1D, 0xA4, 0x6B, 0x30, 0x80, 0x0B, 0x20, 0x3F,
    0xE5, 0x06, 0x93, 0x3F, 0x40, 0x32, 0xC0, 0x15, 0x28, 0x31, 0x46, 0x46, 0xF3, 0x60, 0x0C, 0x1E,
    0xD6, 0x8D, 0xBF, 0x3C, 0x25, 0x1B, 0xB3, 0x48, 0x55, 0x0B, 0xE7, 0xC1, 0x11, 0xF8, 0xD8, 0xD3,
    0xE5, 0x71, 0xAA, 0x1B, 0x2D, 0x37, 0xC6, 0xCA, 0xD1, 0x11, 0x5C, 0x42, 0xDE, 0x47, 0xD4, 0x11,
    0x92, 0xB5, 0xE4, 0x41, 0x18, 0x05, 0xF3, 0x75, 0x1A, 0x35, 0x84, 0x6F, 0xAC, 0xE9, 0x17, 0x01,
    0x2F, 0xCF, 0x36, 0xA7, 0xBD, 0x3F, 0x23, 0xDD, 0x26, 0x2B, 0x79, 0xF8, 0xF7, 0xD6, 0xA3, 0x79,
    0x68, 0x3D, 0xD5, 0x95, 0x07, 0x15, 0x88, 0xA7, 0x56, 0xC9, 0x9D, 0x52, 0x08, 0x0F, 0x50, 0xD1,
    0x94, 0x49, 0x14, 0xAD, 0x11, 0x59, 0x43, 0x08, 0x7D, 0x1A, 0x86, 0x65, 0xE8, 0x66, 0x61, 0x93,
    0x6D, 0x28, 0xEB, 0x74, 0x4D, 0x21, 0xED, 0x4F, 0x94, 0xEB, 0x89, 0xB3, 0x0D, 0xE7, 0xD8, 0x72,
    0xC4, 0xB2, 0x89, 0x12, 0xCA, 0xDD, 0x72, 0x45, 0xB2, 0xBC, 0xC6, 0x9D, 0x1E, 0x31, 0xE5, 0x35,
    0xA1, 0xCF, 0x43, 0xBB, 0xEC, 0xB3, 0xD0, 0xC6, 0x42, 0xB8, 0x4D, 0x7B, 0x65, 0x44, 0x71, 0x47,
    0xC4, 0xED, 0xD6, 0x7B, 0xCC, 0xDB, 0xA8, 0xAB, 0x4D, 0xB6, 0xC2, 0xCA, 0xF2, 0xEA, 0xBF, 0xEC,
    0x3C, 0x7B, 0x9B, 0x87, 0x3B, 0xBC, 0x51, 0xE4, 0xE9, 0xBF, 0x03, 0xD5, 0x16, 0x3E, 0xBF, 0x04,
    0x7B, 0x3E, 0x06, 0xE9, 0x07, 0x45, 0xB6, 0x30, 0x6B, 0x80, 0x53, 0x68, 0x78, 0x7A, 0x5C, 0x94,
    0x7D, 0x45, 0x0F, 0x11, 0x59, 0x87, 0xAA, 0xC1, 0x11, 0x23, 0x80, 0xE8, 0x7B, 0x16, 0x7D, 0x27,
    0xD1, 0xF7, 0xA4, 0xFA, 0x2E, 0xB1, 0xDE, 0xA3, 0xDC, 0xFB, 0xB6, 0xB5, 0x8C, 0xBE, 0xFF, 0xE1,
    0xD8, 0xF7, 0x2E, 0x0B, 0xC6, 0x62, 0x80, 0xAA, 0x06, 0xDB, 0xA9, 0x63, 0x90, 0xAE, 0x40, 0x5E,
    0x3B, 0x5C, 0xCA, 0x3A, 0x3A, 0x0D, 0x55, 0x1B, 0xA5, 0x86, 0x79, 0x9B, 0x45, 0xAB, 0x79, 0x3C,
    0x8B, 0xA2, 0xA8, 0xA3, 0x8F, 0xE2, 0x65, 0x7B, 0x2D, 0xDD, 0x68, 0xE7, 0xA4, 0xBE, 0xAD, 0x4D,
    0xDF, 0x46, 0xCD, 0xA3, 0xE7, 0x51, 0xF4, 0x68, 0x7A, 0x0A, 0xE6, 0xE4, 0x0F, 0x6E, 0x5E, 0xA5,
    0x5D, 0x04, 0xDF, 0x26, 0x5B, 0x41, 0xD1, 0xEF, 0x19, 0x9B, 0xF5, 0x17, 0xFD, 0xF2, 0xD8, 0xF7,
    0x9F, 0x77, 0x31, 0xB6, 0xFF, 0x22, 0x4A, 0x2C, 0xAF, 0x8A, 0x2A, 0x3F, 0x28, 0xB2, 0xBD, 0x33,
    0xCB, 0x63, 0xAE, 0x47, 0xCE, 0x5B, 0x7B, 0xEF, 0xFB, 0x40, 0x8F, 0x91, 0xBE, 0x15, 0x43, 0x7D,
    0xCB, 0xEC, 0x0F, 0x40, 0xBA, 0x05, 0x02, 0x30, 0xAF, 0x41, 0xDE, 0x82, 0xA4, 0x7B, 0x78, 0xDD,
    0x3F, 0x0F, 0x54, 0xCD, 0xA4, 0x3E, 0xED, 0xC1, 0x5B, 0xC1, 0xC7, 0x3E, 0x99, 0xEE, 0xE3, 0x48,
    0x32, 0x0D, 0x25, 0xBE, 0x78, 0x0E, 0x14, 0x4C, 0x65, 0x68, 0xBA, 0x01, 0x69, 0x3B, 0x7D, 0x43,
    0xBD, 0xBF, 0x05, 0xD9, 0xC3, 0x11, 0xFE, 0xAF, 0x36, 0x8E, 0x35, 0xD7, 0x07, 0x1B, 0x91, 0xB2,
    0xEE, 0xC6, 0xB7, 0x17, 0xF3, 0xE9, 0x76, 0xC8, 0xFB, 0x38, 0xE8, 0xC4, 0xDB, 0x91, 0xEC, 0x6F,
    0x47, 0x19, 0x6F, 0x87, 0xE2, 0x1E, 0x6F, 0x47, 0xE4, 0x7A, 0x64, 0x39, 0xDE, 0x0E, 0xFB, 0x31,
    0x28, 0x0E, 0x42, 0x5B, 0x71, 0x14, 0xDA, 0x02, 0x48, 0x77, 0xDE, 0x88, 0x22, 0xBC, 0xAF, 0xC7,
    0xA3, 0x59, 0x58, 0xE1, 0xA9, 0x96, 0xF5, 0x43, 0xDB, 0x07, 0x80, 0x79, 0xF7, 0x28, 0x96, 0xDB,
    0x17, 0xA2, 0x5F, 0x0C, 0x78, 0x79, 0xDE, 0x3F, 0x79, 0xD1, 0x3F, 0x49, 0xCC, 0xF7, 0x12, 0xB3,
    0x51, 0xE2, 0xFC, 0x34, 0x4B, 0x3C, 0x2C, 0x4A, 0x28, 0xDA, 0xE9, 0xDB, 0x94, 0xA4, 0x1C, 0x6A,
    0x8D, 0x4D, 0x8C, 0x5A, 0xB3, 0x07, 0xA5, 0xF5, 0xB0, 0x7C, 0x31, 0x4C, 0xF4, 0x22, 0x38, 0xD3,
    0x10, 0x55, 0x4C, 0x69, 0xD6, 0xC5, 0xA9, 0x26, 0x35, 0x33, 0x95, 0x2D, 0x6D, 0x15, 0xDA, 0x65,
    0x68, 0xE6, 0xA1, 0x29, 0x06, 0x06, 0xE9, 0x40, 0xAC, 0x76, 0xE9, 0x08, 0xE3, 0x07, 0xAA, 0xB2,
    0x86, 0xAA, 0x2D, 0x50, 0xAC, 0x5E, 0x88, 0xBC, 0x3F, 0x12, 0xE5, 0xF6, 0x48, 0xAE, 0x75, 0x10,
    0x5A, 0xE2, 0xA6, 0x50, 0xB9, 0x0B, 0xD6, 0xB0, 0x68, 0x90, 0x87, 0x1D, 0x8A, 0x10, 0x22, 0x57,
    0xC8, 0x7A, 0x24, 0x1B, 0x38, 0x7F, 0xC3, 0x54, 0xBD, 0x0A, 0xED, 0x62, 0x77, 0x8C, 0x6A, 0x9B,
    0x0E, 0xD2, 0x6E, 0x76, 0x8C, 0xD6, 0x36, 0x62, 0x27, 0xAF, 0x2D, 0x14, 0x54, 0xF5, 0x59, 0xCA,
    0xF6, 0x85, 0xF1, 0x78, 0x47, 0xE4, 0xDD, 0x8B, 0xA2, 0x8D, 0xB7, 0x32, 0x5B, 0xF7, 0xE3, 0x15,
    0xDB, 0xB5, 0x58, 0x44, 0x54, 0x35, 0xE6, 0x70, 0x6E, 0x3C, 0xE5, 0xA8, 0x6B, 0x3D, 0x4A, 0x54,
    0xAE, 0xC8, 0x43, 0x4D, 0xB1, 0x39, 0x8D, 0xD2, 0xEE, 0x34, 0x11, 0x99, 0xAC, 0x35, 0xD1, 0x9A,
    0x6C, 0xB4, 0x36, 0xC8, 0x6E, 0x61, 0xAD, 0x3D, 0xB0, 0x96, 0xDE, 0xB5, 0xB5, 0xBC, 0x61, 0x1D,
    0xE3, 0xB9, 0x3F, 0x46, 0xB9, 0xCA, 0x9A, 0xC9, 0x1A, 0x3F, 0x5A, 0x23, 0x09, 0x5D, 0xE4, 0x9F,
    0xDD, 0x98, 0x26, 0x6A, 0x78, 0x01, 0x78, 0xC6, 0xE9, 0x0D, 0xD0, 0x64, 0xD9, 0x90, 0x3E, 0xDE,
    0x33, 0xAB, 0x7B, 0x24, 0x63, 0x7C, 0x70, 0xE1, 0xFA, 0xF5, 0x3F, 0x05, 0x4C, 0xD2, 0x17, 0x07,
    0xD2, 0x23, 0xB6, 0x87, 0xD2, 0xE7, 0xCD, 0x6D, 0xA5, 0x87, 0xDB, 0x4A, 0xBF, 0x74, 0x9B, 0x50,
    0x9D, 0x26, 0xEE, 0x2D, 0xF1, 0xF3, 0x48, 0x7C, 0x44, 0x11, 0x6A, 0xA6, 0xCF, 0x24, 0x9D, 0xD2,
    0x70, 0xCE, 0x37, 0x69, 0xAD, 0x0C, 0x5F, 0x5B, 0x3B, 0x2A, 0x03, 0x9F, 0x3A, 0xDB, 0x9C, 0xAA,
    0x31, 0xE0, 0xFF, 0x00, 0xA5, 0x98, 0x01, 0x84, 0x25, 0xD9, 0xD5, 0xC7, 0x7F, 0xF5, 0xEE, 0xF7,
    0x4D, 0xC5, 0x56, 0xEC, 0x5D, 0xC0, 0xB2, 0xDB, 0xFD, 0x60, 0x11, 0x93, 0x99, 0xAE, 0xC6, 0x60,
    0xAD, 0xEA, 0xBE, 0x15, 0x83, 0x05, 0x64, 0x01, 0x11, 0x10, 0x00, 0x59, 0x76, 0x82, 0x45, 0x63,
    0xDE, 0xBC, 0x5A, 0x83, 0x00, 0x2C, 0x16, 0x08, 0x0C, 0x16, 0xD9, 0x16, 0xE9, 0xC1, 0xA2, 0xC9,
    0xCC, 0xBE, 0xBB, 0xBB, 0x64, 0x01, 0xA9, 0x80, 0x20, 0x22, 0x85, 0x24, 0xB1, 0x0B, 0x73, 0x51,
    0xEC, 0x9B, 0xD9, 0x7A, 0xEF, 0xE4, 0x1E, 0x55, 0x5E, 0xCD, 0x4B, 0x77, 0x6C, 0x4F, 0xF7, 0xA9,
    0xFB, 0xFF, 0xD7, 0xB9, 0xE7, 0x9C, 0x7B, 0xCE, 0xA9, 0xE3, 0xBD, 0x79, 0x53, 0xBD, 0xFF, 0xBF,
    0x04, 0x6E, 0xBD, 0xB4, 0x73, 0x23, 0x7D, 0x38, 0xA9, 0xD3, 0x76, 0xE7, 0x6F, 0x6F, 0xFC, 0x11,
    0x7F, 0xC1, 0xAB, 0x84, 0x00, 0x05, 0xD7, 0x3F, 0xC3, 0x09, 0xFB, 0x37, 0xD8, 0x7F, 0xC8, 0x7E,
    0xC5, 0x3E, 0x97, 0x5F, 0x60, 0xAA, 0x97, 0x39, 0x3C, 0x76, 0xB2, 0x63, 0xD2, 0xDB, 0xC9, 0x6D,
    0xCC, 0x05, 0x2F, 0x10, 0xF1, 0x71, 0x6D, 0x94, 0xE3, 0x28, 0x12, 0x45, 0xEF, 0x95, 0xC8, 0x60,
    0x51, 0x79, 0x20, 0x83, 0x84, 0xB3, 0x96, 0x50, 0x5C, 0xF5, 0x1A, 0xD2, 0x05, 0x06, 0x19, 0xF7,
    0x93, 0xC6, 0x96, 0x05, 0x47, 0x2C, 0x11, 0xC4, 0x2F, 0x7C, 0x5E, 0x4E, 0x2B, 0xD7, 0xB8, 0x60,
    0xC3, 0x24, 0x4C, 0x6A, 0xE3, 0xA7, 0x9C, 0x02, 0xE7, 0xD9, 0xF2, 0x72, 0xE1, 0xC5, 0x0B, 0x4B,
    0x8E, 0x28, 0xB0, 0xE5, 0xA4, 0x41, 0x25, 0x09, 0x99, 0xAD, 0x66, 0x05, 0xE1, 0x28, 0xA9, 0x97,
    0xA6, 0x11, 0xD3, 0xC9, 0x97, 0xB2, 0xF8, 0x42, 0xF2, 0xF2, 0xF1, 0xB4, 0xBA, 0x87, 0x6B, 0xA4,
    0x72, 0x41, 0xBC, 0x0D, 0xCE, 0x4F, 0x42, 0xE6, 0x27, 0x75, 0x56, 0x1A, 0x6F, 0x99, 0xF2, 0x88,
    0x53, 0x53, 0xA3, 0x72, 0xD1, 0xB8, 0x98, 0x32, 0x26, 0x8E, 0xE9, 0x63, 0x91, 0x58, 0x2A, 0x16,
    0x2C, 0x08, 0xB1, 0x78, 0x6C, 0x01, 0x60, 0x0E, 0xDC, 0x03, 0x0E, 0x06, 0x14, 0x23, 0x9E, 0xCD,
    0xDE, 0xF5, 0x3A, 0xFD, 0x8F, 0x8A, 0x6B, 0x15, 0x07, 0x43, 0xEC, 0x62, 0xB8, 0x2B, 0x0E, 0xB7,
    0xCE, 0x5D, 0x0C, 0xAF, 0x02, 0x6E, 0x40, 0x0E, 0xEC, 0x01, 0x3B, 0xF0, 0xD1, 0xCE, 0xFF, 0x57,
    0x5A, 0xEB, 0xD9, 0x7B, 0xEF, 0x7A, 0xF6, 0x06, 0xFF, 0xBC, 0x04, 0xD7, 0xFB, 0xF9, 0xE1, 0x88,
    0xDE, 0xDF, 0xFB, 0x14, 0x1F, 0xEE, 0x26, 0x7A, 0xD6, 0xAF, 0x7F, 0x7F, 0xE2, 0xD9, 0x51, 0xFF,
    0x00, 0x37, 0xE0, 0x3A, 0x64, 0x4B, 0x9C, 0xB0, 0x90, 0x18, 0xE8, 0x37, 0x2B, 0x6E, 0x9D, 0xA8,
    0xAB, 0x82, 0x25, 0x48, 0x85, 0x2C, 0x11, 0x8D, 0x09, 0x22, 0xA5, 0xB4, 0xAC, 0x4B, 0x1A, 0x54,
    0x66, 0x22, 0xB3, 0x19, 0x69, 0x2D, 0xD8, 0xA0, 0x50, 0x5D, 0xC1, 0x4C, 0x77, 0x48, 0xCF, 0xBD,
    0x45, 0x63, 0xAF, 0x1F, 0xE3, 0xA4, 0xDC, 0x87, 0xAB, 0xAF, 0x5F, 0x1E, 0x2F, 0x04, 0xF3, 0x22,
    0x97, 0x6C, 0xC9, 0x45, 0x8F, 0x39, 0xE1, 0xAD, 0xE3, 0xB1, 0x6C, 0xD4, 0x9D, 0x80, 0xBF, 0xFC,
    0x9A, 0xCB, 0xF5, 0x93, 0x3E, 0xF7, 0xF5, 0x93, 0xB9, 0xE0, 0x2F, 0x76, 0x4D, 0xD6, 0x60, 0x51,
    0x61, 0xFA, 0xA4, 0x66, 0xAF, 0x57, 0x9D, 0x09, 0x14, 0xBD, 0x7A, 0x6F, 0xD2, 0x72, 0xD4, 0xAB,
    0x8F, 0x93, 0x25, 0xA1, 0x57, 0x57, 0x49, 0x97, 0x34, 0x1B, 0xD5, 0xF8, 0x5E, 0xED, 0xE8, 0xD2,
    0x6A, 0x63, 0xB5, 0x6C, 0xD4, 0xDD, 0x74, 0x0D, 0x8B, 0x5A, 0x33, 0x14, 0xF9, 0x6F, 0xEA, 0xF4,
    0x5F, 0x2D, 0x73, 0xD3, 0x1E, 0x1D, 0x9A, 0x60, 0xFD, 0x23, 0xDC, 0xDB, 0x4D, 0x78, 0x3C, 0x69,
    0xF5, 0x1B, 0x66, 0xE5, 0xF3, 0xA6, 0x4B, 0x96, 0x79, 0xE9, 0x48, 0x3E, 0x31, 0xBE, 0x4B, 0x3A,
    0x17, 0x55, 0x48, 0xAB, 0x98, 0xDB, 0xA1, 0xAA, 0x65, 0xA3, 0xEE, 0xB2, 0x09, 0x28, 0x46, 0xF5,
    0x88, 0x55, 0x9F, 0x01, 0x02, 0x9F, 0xF5, 0x79, 0x49, 0x1A, 0x9C, 0x56, 0xEB, 0xC0, 0xF8, 0xF8,
    0xA8, 0xDE, 0x7C, 0xD7, 0x6A, 0x5A, 0xAE, 0x69, 0x67, 0x15, 0xE3, 0x1C, 0xB6, 0x46, 0xB1, 0x35,
    0x8D, 0x33, 0x03, 0xD9, 0x9E, 0xC9, 0xF6, 0x58, 0xB6, 0x27, 0xB3, 0x3D, 0x9C, 0x71, 0x3E, 0x67,
    0x47, 0x94, 0xB7, 0x8C, 0x53, 0x4A, 0x9E, 0x3E, 0x66, 0x1C, 0x94, 0x09, 0x39, 0xE3, 0xAC, 0xD2,
    0x66, 0x5A, 0x8D, 0xE3, 0xCA, 0x6A, 0xEB, 0xC7, 0x89, 0xD9, 0xB8, 0x1B, 0x87, 0x66, 0xBD, 0xEE,
    0x2C, 0xCF, 0xEF, 0x76, 0x79, 0x3E, 0xB2, 0xD8, 0xDA, 0x1D, 0x31, 0xE6, 0x84, 0xC0, 0x58, 0x6F,
    0x1C, 0xA3, 0x09, 0xEE, 0xF9, 0x49, 0xAE, 0x57, 0xCF, 0x0F, 0x33, 0x6F, 0xD0, 0x4C, 0xD3, 0x2A,
    0x67, 0x8F, 0x03, 0x0A, 0x6E, 0xC5, 0xFD, 0x3A, 0x9E, 0x9A, 0x56, 0x5D, 0x9E, 0xB4, 0x7B, 0x49,
    0x38, 0x98, 0x34, 0x85, 0xF1, 0xB7, 0x4C, 0x15, 0xED, 0xA9, 0xE6, 0xCB, 0xEA, 0xE8, 0xB3, 0x3E,
    0x7A, 0x6D, 0x15, 0xFD, 0x96, 0x18, 0x31, 0x25, 0xC6, 0xDC, 0x24, 0x46, 0xDD, 0xC0, 0x95, 0xFA,
    0x23, 0x60, 0x7D, 0xEA, 0x8D, 0x9F, 0xD4, 0x34, 0xEE, 0xF6, 0x32, 0xFF, 0xC9, 0x52, 0xCF, 0xF8,
    0x47, 0xA9, 0x3F, 0x88, 0x71, 0x93, 0x7A, 0x97, 0xC6, 0xAA, 0xDD, 0x47, 0x8F, 0x56, 0xEF, 0x32,
    0xAF, 0xDE, 0x5A, 0xFD, 0x4D, 0x8C, 0x48, 0x1A, 0x8D, 0x09, 0x31, 0x8A, 0x87, 0xBC, 0x02, 0x47,
    0xD0, 0x91, 0xAC, 0x31, 0x7F, 0xC7, 0x7C, 0x55, 0x65, 0xB7, 0xBD, 0x9D, 0x34, 0x37, 0x09, 0x05,
    0x9F, 0x46, 0x57, 0x30, 0x75, 0x6C, 0xA7, 0x5C, 0xB0, 0x66, 0x41, 0x5E, 0x5A, 0x6F, 0x6A, 0x02,
    0x47, 0x9F, 0x52, 0x30, 0x25, 0xF6, 0xD1, 0x98, 0xE5, 0xA4, 0x33, 0xCB, 0xB4, 0x89, 0x95, 0xD0,
    0x23, 0x90, 0x55, 0xE8, 0x93, 0x7A, 0x6E, 0xCD, 0x94, 0x5B, 0x5B, 0x66, 0x95, 0xA9, 0x4D, 0x0D,
    0xB6, 0xA4, 0x85, 0x03, 0x5D, 0x49, 0xAB, 0xDB, 0xB4, 0x06, 0x53, 0x4F, 0x4B, 0xA0, 0x9D, 0xC1,
    0x29, 0x87, 0x2D, 0xA7, 0x1D, 0xB6, 0xA6, 0xEB, 0xB9, 0xB7, 0x40, 0x7B, 0x80, 0x46, 0xDA, 0x12,
    0xA6, 0xA5, 0xA6, 0x9A, 0x41, 0x4B, 0xA2, 0xD9, 0xD0, 0x24, 0xB6, 0x9C, 0x6A, 0x95, 0xBA, 0xAF,
    0xD8, 0x57, 0xEF, 0x3B, 0x71, 0x74, 0x2F, 0xBA, 0x60, 0x90, 0x19, 0x33, 0x41, 0xE2, 0x8A, 0xCA,
    0x44, 0xFE, 0x41, 0xBE, 0x96, 0x6A, 0x51, 0x65, 0xCD, 0x1A, 0xD3, 0x76, 0x24, 0xDD, 0x5D, 0xFB,
    0x79, 0xF7, 0x7F, 0x11, 0x28, 0xEC, 0x17, 0x4B, 0xEC, 0x97, 0x01, 0xFB, 0xA7, 0x1A, 0xFB, 0x04,
    0xEC, 0x32, 0xA2, 0xDA, 0xC2, 0x96, 0xE8, 0x53, 0x3B, 0x8F, 0x42, 0xF5, 0xE1, 0xBF, 0x1F, 0xF2,
    0x3E, 0x40, 0x52, 0xDF, 0x04, 0x48, 0x2B, 0x7D, 0x02, 0xF6, 0x48, 0x9E, 0xC2, 0xB5, 0x16, 0x72,
    0x39, 0x91, 0x0A, 0x92, 0x45, 0x6C, 0x06, 0xF8, 0xF9, 0xF1, 0x3B, 0x9A, 0x48, 0x44, 0x4A, 0x92,
    0x75, 0xC9, 0x6B, 0x2D, 0xD9, 0x87, 0xC0, 0x7B, 0xEC, 0x00, 0xA4, 0xE5, 0x2D, 0x80, 0xC4, 0x03,
    0x01, 0x26, 0x3A, 0x6C, 0x0F, 0x59, 0x09, 0x16, 0xD0, 0x12, 0x05, 0x70, 0x3A, 0xB8, 0x9B, 0xC1,
    0xAD, 0xBD, 0x7A, 0xC8, 0x1B, 0x28, 0x42, 0x74, 0x47, 0x7F, 0x28, 0xA2, 0x7B, 0x2F, 0xBA, 0x6D,
    0x74, 0x67, 0x95, 0x8D, 0xDA, 0x5E, 0xB4, 0x14, 0x10, 0x4E, 0xFB, 0x04, 0x99, 0x07, 0xC6, 0xFB,
    0xAB, 0x69, 0xF5, 0x0B, 0x00, 0x77, 0xFF, 0xED, 0x00, 0x90, 0x7F, 0x7B, 0xA7, 0x45, 0x65, 0xF1,
    0x14, 0x54, 0x74, 0x8B, 0xDA, 0x17, 0xCD, 0xF3, 0x71, 0xAF, 0xA7, 0xD5, 0x03, 0xFA, 0x47, 0x1F,
    0xF3, 0x29, 0xEB, 0x05, 0x03, 0x48, 0x15, 0x15, 0x3B, 0xA6, 0x7A, 0xA0, 0x27, 0xF4, 0xB4, 0x42,
    0xB3, 0x29, 0xB8, 0xB3, 0x44, 0x2B, 0x68, 0xB5, 0x24, 0x42, 0xAB, 0xE7, 0xDF, 0xCE, 0x43, 0x7E,
    0xFF, 0xD7, 0xC1, 0xDD, 0x7E, 0x3B, 0xFC, 0x20, 0x76, 0x17, 0x3B, 0x7C, 0x87, 0x54, 0xF3, 0x8D,
    0x10, 0xF1, 0xCF, 0x2F, 0x48, 0x02, 0x98, 0xBA, 0xAF, 0x67, 0x4B, 0x98, 0x02, 0x07, 0xC0, 0x5D,
    0xA0, 0xBD, 0xAA, 0x1B, 0x59, 0xC9, 0xD7, 0x6B, 0x56, 0x74, 0xE7, 0x5C, 0xD2, 0xC9, 0x6F, 0xCF,
    0xB3, 0xAF, 0x90, 0x78, 0xEE, 0xF8, 0x13, 0x27, 0xFC, 0x58, 0x60, 0x0E, 0xEE, 0x7B, 0x96, 0x13,
    0xAE, 0x2F, 0xBE, 0x3F, 0x8C, 0x05, 0x1A, 0x79, 0xCC, 0x35, 0xF9, 0x90, 0x34, 0xC2, 0x7D, 0xD7,
    0xA1, 0x58, 0x94, 0x0E, 0x89, 0x58, 0x33, 0xAD, 0x14, 0x2B, 0xAC, 0xEF, 0x22, 0x6E, 0x46, 0xDC,
    0x8D, 0x60, 0x83, 0xE9, 0x80, 0x7C, 0x80, 0x2B, 0x7B, 0xAC, 0x41, 0x61, 0x96, 0x3D, 0xF2, 0xBA,
    0xC7, 0x21, 0x3D, 0x0A, 0xCE, 0xC7, 0x8F, 0x7A, 0x9C, 0x91, 0xD9, 0x00, 0xD9, 0xC2, 0xC6, 0xAE,
    0xFD, 0xBB, 0xBE, 0x7B, 0xB4, 0xF7, 0xBE, 0x73, 0x87, 0xF6, 0xED, 0xB8, 0x81, 0x32, 0x03, 0x4F,
    0x95, 0xC9, 0x2B, 0xE5, 0x39, 0x91, 0x93, 0x95, 0x72, 0xD6, 0x2A, 0xBB, 0x4A, 0xB9, 0xE0, 0x7C,
    0x3E, 0xB7, 0xAF, 0x69, 0x89, 0x80, 0xF3, 0x3D, 0xF7, 0x16, 0xC7, 0x6B, 0xEB, 0x12, 0x87, 0x3C,
    0x09, 0xB8, 0xC9, 0x8A, 0x0E, 0x67, 0x96, 0xDC, 0x8B, 0xAC, 0x55, 0x1C, 0x0F, 0x51, 0x26, 0x62,
    0xD3, 0x05, 0x9F, 0x29, 0x27, 0x9D, 0x72, 0xAA, 0x51, 0xE4, 0xB5, 0xF2, 0x1A, 0xE5, 0x70, 0x96,
    0xCF, 0x6F, 0x27, 0x69, 0x41, 0x30, 0xDD, 0xC0, 0x83, 0xE5, 0x63, 0xF8, 0x99, 0x88, 0x74, 0x8B,
    0x88, 0xD7, 0xE4, 0xEB, 0xE5, 0xF8, 0x59, 0x9D, 0x44, 0x98, 0x26, 0xA2, 0x46, 0xB1, 0xF9, 0x76,
    0xD8, 0x6A, 0xFC, 0xFC, 0x2A, 0xF6, 0x80, 0x43, 0xC6, 0xCF, 0xF2, 0x23, 0x60, 0x48, 0x43, 0x00,
    0x1E, 0x20, 0x22, 0x4B, 0xEE, 0x7C, 0x23, 0x52, 0x1A, 0x3F, 0x17, 0xBF, 0xA1, 0xFA, 0x1C, 0x1A,
    0xBD, 0x1A, 0xBC, 0xC2, 0xF8, 0xD9, 0x3B, 0x91, 0x8E, 0xB8, 0x3C, 0xDD, 0x85, 0x54, 0x69, 0xE1,
    0xE7, 0x35, 0xE2, 0xE7, 0x0D, 0xA9, 0x88, 0xF8, 0x5C, 0xBE, 0x59, 0x97, 0xB1, 0x56, 0xCB, 0x42,
    0x7C, 0x40, 0xCE, 0x52, 0xEF, 0x70, 0x1A, 0x32, 0x15, 0x91, 0x6A, 0x32, 0xBC, 0x0B, 0xB6, 0xFA,
    0x30, 0x6B, 0x8C, 0x17, 0x29, 0x95, 0x2A, 0x25, 0x7F, 0x0E, 0x55, 0x69, 0x24, 0x16, 0x22, 0x2B,
    0xF4, 0x3D, 0x6E, 0x33, 0xBB, 0x37, 0x6C, 0x59, 0x1D, 0x66, 0x69, 0x33, 0xFF, 0x4B, 0x1E, 0x52,
    0x59, 0x97, 0xE4, 0x35, 0x7A, 0x9F, 0xFF, 0x35, 0x0F, 0x6A, 0x57, 0xBF, 0xC6, 0x69, 0xFC, 0x0C,
    0x41, 0x22, 0x9F, 0x95, 0xFE, 0xB5, 0x6E, 0x4D, 0xCB, 0xAF, 0xC6, 0xD7, 0xBA, 0x89, 0x3C, 0x55,
    0xD7, 0x33, 0xA9, 0x49, 0x9E, 0x32, 0x59, 0x92, 0xD5, 0xE0, 0x98, 0x02, 0x59, 0x55, 0x00, 0xA6,
    0x7E, 0x05, 0xA0, 0xE4, 0xCA, 0xD2, 0x67, 0xEB, 0x33, 0xF7, 0x55, 0x26, 0x5A, 0x11, 0x9C, 0x56,
    0xEF, 0x3B, 0xB9, 0xCC, 0x13, 0xC3, 0xE5, 0xCE, 0x65, 0xD5, 0xFB, 0xD6, 0x07, 0xEB, 0x9B, 0xEC,
    0x83, 0x1A, 0xE3, 0x31, 0x15, 0x69, 0x89, 0x85, 0x97, 0x61, 0x07, 0x0A, 0x78, 0x13, 0xDE, 0x87,
    0x00, 0x0D, 0xC9, 0x7F, 0x85, 0x64, 0xD5, 0x8E, 0xF5, 0x45, 0x5C, 0x59, 0x95, 0x7C, 0xCC, 0x4B,
    0x56, 0xD8, 0x9D, 0x66, 0xFE, 0x66, 0x31, 0x09, 0x45, 0xC1, 0xA2, 0x2D, 0x98, 0xD6, 0x2F, 0xF0,
    0x0B, 0x6B, 0x3D, 0x49, 0xF6, 0x01, 0x36, 0xBB, 0xEF, 0xA7, 0x5F, 0xFD, 0xB4, 0x36, 0xFF, 0xBE,
    0x03, 0x7F, 0x38, 0xE5, 0xEB, 0x3B, 0xFF, 0xFC, 0x9D, 0x7E, 0xD9, 0xF4, 0xAE, 0x7B, 0xB5, 0xAB,
    0x5F, 0xE3, 0x34, 0x5E, 0xCF, 0x41, 0xD2, 0x82, 0xE9, 0x7A, 0xA8, 0x3E, 0xCA, 0x6C, 0xEB, 0xDF,
    0xB7, 0x2D, 0x39, 0x73, 0xCE, 0xFE, 0xB9, 0x73, 0xF7, 0x83, 0xFD, 0x62, 0xE9, 0xD2, 0x30, 0xBD,
    0x1F, 0x87, 0x55, 0xE7, 0xA6, 0x99, 0x59, 0xBF, 0x67, 0xEA, 0x47, 0xB6, 0x3C, 0x48, 0xFD, 0xA7,
    0x96, 0x22, 0x2D, 0xC3, 0x2E, 0xB7, 0x32, 0x9A, 0xD7, 0x87, 0x52, 0x7A, 0x56, 0x69, 0xAC, 0xBC,
    0x5D, 0x3E, 0xAD, 0x05, 0x6C, 0x10, 0x25, 0xDD, 0xD6, 0x6C, 0xCB, 0xD9, 0x2C, 0x17, 0x39, 0x76,
    0xD9, 0xE2, 0x33, 0x91, 0x33, 0x63, 0x50, 0xDB, 0x05, 0xD2, 0xBD, 0xF8, 0xA3, 0x5D, 0xA0, 0xE5,
    0x53, 0x42, 0x56, 0x75, 0x04, 0xEB, 0x95, 0xBC, 0x6E, 0x2B, 0x08, 0xC0, 0x36, 0x1D, 0x1F, 0x3F,
    0x1B, 0xFE, 0xA8, 0x74, 0xD6, 0x7B, 0x7E, 0x96, 0xF1, 0x49, 0xB7, 0x35, 0xC5, 0x60, 0xDB, 0xBA,
    0x89, 0x9C, 0x1C, 0x1B, 0xF4, 0x3A, 0x39, 0x7E, 0x91, 0xD7, 0xEF, 0xB7, 0x4E, 0xF6, 0x8D, 0x5E,
    0x6F, 0x9D, 0xB8, 0x0B, 0xBF, 0x2D, 0x3B, 0x21, 0x5F, 0x61, 0x3B, 0xD2, 0x16, 0xD3, 0x90, 0x78,
    0xB8, 0xE2, 0x02, 0x2A, 0xF4, 0x1B, 0x1A, 0xC8, 0x5A, 0x6C, 0xA7, 0xF9, 0x9D, 0x5C, 0x35, 0x67,
    0xE2, 0x49, 0x03, 0x3B, 0x37, 0x79, 0xD3, 0xF2, 0x72, 0xA1, 0xC9, 0xAF, 0xD8, 0xA7, 0x70, 0xC2,
    0x8B, 0x0F, 0xF9, 0x3F, 0x95, 0x93, 0x01, 0x87, 0x24, 0x47, 0x14, 0xC7, 0x7F, 0xDD, 0x45, 0x8A,
    0x14, 0x57, 0x8B, 0x00, 0x27, 0xA9, 0xE0, 0x10, 0xDC, 0x5E, 0x1F, 0x0E, 0x87, 0x9D, 0xED, 0x22,
    0x58, 0x04, 0x97, 0x6F, 0x92, 0x45, 0x30, 0xDC, 0xCE, 0x4E, 0x7F, 0x83, 0x0B, 0x90, 0xAF, 0x11,
    0x2C, 0x0E, 0x33, 0xD9, 0x47, 0x00, 0x41, 0x4A, 0x82, 0x00, 0xD2, 0x08, 0x00, 0x29, 0x49, 0xA3,
    0x23, 0x3D, 0x5D, 0xA9, 0x4E, 0x67, 0xD7, 0x4C, 0x32, 0xC9, 0xB9, 0x79, 0xFF, 0x6A, 0xEA, 0xBD,
    0xFF, 0x78, 0x4F, 0xF7, 0xEF, 0x95, 0x23, 0xF6, 0x42, 0xCE, 0xCB, 0xB8, 0x2A, 0xBA, 0x0D, 0xFD,
    0xC0, 0xB0, 0xAF, 0x9C, 0xC9, 0xF9, 0x5C, 0xCD, 0x9E, 0xC9, 0x99, 0xE3, 0x5D, 0xE0, 0x16, 0x87,
    0x3D, 0x08, 0xD7, 0xA4, 0x88, 0x15, 0x2A, 0x61, 0x2D, 0xFC, 0x22, 0xE5, 0x77, 0xA2, 0x5F, 0x88,
    0xB5, 0xF2, 0xD8, 0xCA, 0xD2, 0x4A, 0x4A, 0x69, 0xAA, 0xCE, 0x72, 0x81, 0x34, 0xD4, 0x49, 0xB2,
    0x9E, 0x97, 0xF2, 0x8C, 0xE6, 0x19, 0x64, 0xBD, 0x1C, 0x79, 0xE4, 0x04, 0xDD, 0xA2, 0x62, 0xD6,
    0x57, 0x2A, 0x76, 0xBA, 0xDD, 0xBA, 0xC6, 0xED, 0x28, 0x92, 0xB7, 0x9F, 0x84, 0x27, 0x2A, 0x2C,
    0x94, 0x6C, 0x60, 0x80, 0x71, 0x64, 0xB4, 0x32, 0xA8, 0x76, 0x50, 0x71, 0xA3, 0xE2, 0x4A, 0xC5,
    0x73, 0xD5, 0xBA, 0x17, 0xD3, 0x90, 0x29, 0xC5, 0xAC, 0x96, 0x36, 0x14, 0xC1, 0x2B, 0x41, 0x7B,
    0x2C, 0x3C, 0x80, 0x53, 0x38, 0x83, 0x25, 0x44, 0x8A, 0x16, 0x15, 0x98, 0x8A, 0x23, 0xF5, 0x45,
    0xD8, 0x14, 0x71, 0x20, 0x8E, 0x45, 0x5C, 0x7F, 0x19, 0xAA, 0xE4, 0x75, 0x92, 0xEA, 0xB3, 0xB8,
    0x55, 0xFD, 0x50, 0xCC, 0x2F, 0xA1, 0xAB, 0x3F, 0x6E, 0x4D, 0xCE, 0xF7, 0x54, 0xCE, 0x5F, 0x19,
    0x19, 0x74, 0xB8, 0x6F, 0x7D, 0xAD, 0xA3, 0x4B, 0x11, 0x95, 0xD5, 0x9E, 0x68, 0xB9, 0x34, 0xCD,
    0xB2, 0xC2, 0x75, 0x10, 0xB9, 0x57, 0x4A, 0xC3, 0xDE, 0x75, 0x2F, 0xC9, 0xFC, 0xBC, 0xFB, 0xED,
    0x5D, 0x97, 0x2A, 0x5A, 0xA9, 0x38, 0x67, 0xCB, 0x86, 0x61, 0x2F, 0x36, 0xAC, 0xA8, 0xA9, 0xBC,
    0x09, 0x45, 0xC7, 0x23, 0xB8, 0xA1, 0xC6, 0x8A, 0x8A, 0x65, 0x57, 0xF4, 0xF4, 0xFB, 0xD6, 0xA2,
    0x2F, 0x3B, 0x15, 0x75, 0x70, 0xCD, 0x8A, 0x4F, 0x49, 0x55, 0x8B, 0x0B, 0x3D, 0xD6, 0x9F, 0x61,
    0x39, 0x7E, 0x9C, 0x5F, 0x90, 0x62, 0x3D, 0xBD, 0x45, 0x77, 0x11, 0x66, 0x28, 0x06, 0xFA, 0xA3,
    0x44, 0x64, 0x43, 0xB6, 0x71, 0x45, 0x39, 0xB0, 0x1E, 0xF8, 0x68, 0x80, 0xE3, 0xA2, 0xD8, 0x51,
    0xA7, 0xE8, 0x46, 0xB6, 0x36, 0xE4, 0x81, 0x2E, 0x55, 0x24, 0x4B, 0x07, 0x26, 0x16, 0x60, 0x49,
    0x19, 0x30, 0x3C, 0x7D, 0xCE, 0xE5, 0xFC, 0xE9, 0xDC, 0xE8, 0x77, 0xA6, 0xCD, 0xCE, 0x13, 0x15,
    0x71, 0x8D, 0xDD, 0x41, 0xD5, 0x60, 0x26, 0x2E, 0x3E, 0x54, 0x31, 0xAA, 0xD8, 0xEB, 0x30, 0x71,
    0xF1, 0x3B, 0x58, 0xA1, 0x16, 0x6E, 0xA5, 0xF8, 0x49, 0xD4, 0xAB, 0x09, 0xB7, 0xD3, 0xFF, 0xC7,
    0xAD, 0xC8, 0xB8, 0xF9, 0xA3, 0xAC, 0xF5, 0x77, 0xAC, 0x95, 0x13, 0x6B, 0x19, 0xB4, 0x70, 0x55,
    0xB0, 0x39, 0x04, 0x6D, 0x38, 0x0A, 0x5A, 0xD1, 0x4A, 0x29, 0xDC, 0x83, 0xF6, 0xC1, 0x1E, 0x65,
    0x91, 0x32, 0x4C, 0x15, 0x33, 0xFA, 0x5A, 0xFF, 0x4D, 0xD9, 0xD7, 0x45, 0x5B, 0xFF, 0x28, 0x36,
    0x79, 0x93, 0xDA, 0x6B, 0xD3, 0xCD, 0x88, 0x0D, 0xF4, 0xB5, 0x8A, 0x26, 0x27, 0x7B, 0xCE, 0x9D,
    0xDF, 0xE8, 0xDC, 0x31, 0xCC, 0x1D, 0x0F, 0xF9, 0x0A, 0x97, 0x46, 0x26, 0xBE, 0xFA, 0x23, 0x34,
    0xBD, 0x05, 0x5F, 0xEF, 0x15, 0x9D, 0x09, 0xCE, 0xD7, 0xAC, 0x0E, 0xE9, 0xCA, 0xB1, 0xE5, 0x9A,
    0x1A, 0x27, 0x3A, 0xF2, 0x9A, 0xCC, 0xCD, 0x0A, 0xD7, 0x98, 0x76, 0xE6, 0xEB, 0xC0, 0xD8, 0x67,
    0xBE, 0xA2, 0x6A, 0x27, 0x4A, 0x97, 0xC0, 0xC3, 0x1D, 0xE7, 0xA6, 0x79, 0xAC, 0x04, 0x25, 0x26,
    0xC9, 0x4A, 0x49, 0xA7, 0x24, 0x66, 0x19, 0x79, 0xFD, 0x30, 0xB8, 0xEF, 0x3B, 0xD3, 0xB3, 0xB0,
    0x7E, 0xA9, 0xA7, 0x64, 0x4A, 0x32, 0x8F, 0xD9, 0xC1, 0x12, 0xFF, 0x44, 0x7B, 0xBD, 0x43, 0x8F,
    0x2C, 0xB4, 0x2C, 0xCB, 0xB6, 0x23, 0xC6, 0x3B, 0x75, 0xC4, 0x9C, 0x39, 0xD5, 0x92, 0xAB, 0xEB,
    0xDF, 0x12, 0x56, 0x6E, 0x50, 0x21, 0xC0, 0xAF, 0x0D, 0xAC, 0x81, 0x0A, 0x78, 0xD9, 0xC0, 0x37,
    0x01, 0xE5, 0x3B, 0x1C, 0x5B, 0xD2, 0x0F, 0xA9, 0x71, 0x3D, 0x9F, 0x3B, 0xD0, 0x1E, 0x25, 0xCC,
    0x0D, 0xD5, 0xA4, 0x1B, 0xD3, 0x2C, 0x1C, 0xA6, 0x27, 0x01, 0x0E, 0xB0, 0x77, 0xA7, 0x0A, 0xD8,
    0x2F, 0xDE, 0xB0, 0x1F, 0xCD, 0xBC, 0x1F, 0xFF, 0xFA, 0xAF, 0x1A, 0xB1, 0x74, 0xD8, 0x52, 0xB0,
    0x1A, 0xEC, 0xFB, 0x60, 0xD7, 0x60, 0x5F, 0x35, 0xB9, 0x16, 0xB0, 0xC5, 0x04, 0x72, 0x1E, 0x2C,
    0x56, 0xBE, 0x16, 0x2D, 0xEA, 0x68, 0xE8, 0xB6, 0x1E, 0x6E, 0xAB, 0xF6, 0xD6, 0xBB, 0xF0, 0x87,
    0x0E, 0xD6, 0xAF, 0x8A, 0x38, 0x35, 0xFD, 0xEF, 0xC7, 0x34, 0x4E, 0x37, 0xCD, 0x33, 0xBE, 0xCD,
    0x72, 0xD7, 0xDF, 0xF6, 0xE8, 0x9F, 0x1D, 0xAA, 0x35, 0x8D, 0x0A, 0xFF, 0x18, 0x66, 0xBA, 0x4F,
    0xF9, 0x2E, 0xD7, 0xB3, 0x4F, 0x09, 0xF7, 0x47, 0x07, 0xA8, 0x67, 0x98, 0x30, 0x03, 0x8B, 0x8A,
    0xB3, 0x07, 0x2C, 0xA0, 0x0A, 0xBC, 0xF3, 0xD7, 0x8A, 0x9E, 0x68, 0x79, 0xAA, 0xE4, 0xCC, 0x36,
    0x66, 0x87, 0x42, 0xE3, 0xB8, 0x1D, 0x2C, 0x87, 0x61, 0x9A, 0x72, 0xF8, 0x13, 0x9D, 0xD6, 0x01,
    0xA4, 0x25, 0xC9, 0xB9, 0xC0, 0xF1, 0x7F, 0x77, 0xAD, 0xDB, 0xDE, 0xB4, 0x9D, 0x7A, 0x78, 0xCF,
    0x5B, 0xC6, 0xDC, 0x7E, 0x78, 0x78, 0x9E, 0x79, 0xDB, 0x8B, 0xC5, 0xE0, 0xEC, 0x54, 0xB3, 0xBC,
    0x07, 0xD8, 0x85, 0x80, 0x04, 0x01, 0xB0, 0xC1, 0xC0, 0xC5, 0x8A, 0xCD, 0xED, 0xCE, 0x06, 0x10,
    0xEC, 0x08, 0x00, 0x18, 0x2C, 0x66, 0xCE, 0xE0, 0x4E, 0xD8, 0xB0, 0x21, 0xF7, 0x74, 0x25, 0x17,
    0xB0, 0x98, 0x5E, 0x11, 0x01, 0x76, 0x3A, 0x2C, 0x62, 0x83, 0x5B, 0xC9, 0x34, 0xDB, 0x73, 0xA7,
    0xBA, 0xBF, 0x74, 0xD5, 0x3D, 0xF7, 0xEC, 0x9D, 0xEC, 0x4E, 0xB2, 0x52, 0xD4, 0xEF, 0xAB, 0xAE,
    0xAA, 0xAE, 0xAA, 0x53, 0x7D, 0xBA, 0x15, 0xF5, 0x08, 0x6A, 0x16, 0xD0, 0x5D, 0x59, 0x61, 0x2A,
    0x0D, 0x35, 0xC0, 0x26, 0x30, 0x45, 0xAE, 0xAC, 0xD7, 0x1F, 0x7A, 0x2D, 0x32, 0x4E, 0x89, 0xE7,
    0xE3, 0x09, 0xCF, 0xCD, 0x4D, 0xA0, 0x5E, 0xC0, 0x54, 0x0B, 0xBA, 0x5B, 0x50, 0x22, 0x62, 0x79,
    0x47, 0xD6, 0x0D, 0x78, 0x78, 0x9E, 0x97, 0x03, 0xFB, 0x24, 0x13, 0x87, 0x68, 0x91, 0x19, 0x6E,
    0xDE, 0x04, 0x0E, 0x0E, 0x80, 0x87, 0x0F, 0x61, 0x4F, 0x46, 0xA8, 0x45, 0x2A, 0xF5, 0xB4, 0x17,
    0xAB, 0x3F, 0xFD, 0xF4, 0x71, 0x57, 0xBE, 0xFF, 0x9B, 0x4F, 0x3A, 0x93, 0x9E, 0x7C, 0x52, 0x1D,
    0xAA, 0x93, 0x86, 0x63, 0xF5, 0x93, 0x86, 0x29, 0xFB, 0xFF, 0x8A, 0x29, 0xCF, 0xC1, 0xE7, 0x1A,
    0x26, 0x7D, 0x75, 0xE1, 0xEA, 0xC2, 0xE6, 0xFA, 0x75, 0xA8, 0x6F, 0xDC, 0x00, 0x13, 0x28, 0xFC,
    0x4D, 0x9A, 0x7C, 0xBC, 0x99, 0x76, 0xE9, 0x74, 0x50, 0x58, 0x5A, 0x99, 0xE1, 0xE7, 0x67, 0x77,
    0xC0, 0xF5, 0x40, 0xBF, 0x90, 0x7C, 0xDA, 0x71, 0x31, 0xEF, 0x33, 0xA9, 0x12, 0x8F, 0xB1, 0x59,
    0x8F, 0xEE, 0xB4, 0x25, 0x0F, 0x7B, 0xB1, 0x57, 0x19, 0x80, 0x43, 0x76, 0xBB, 0x51, 0x8C, 0x75,
    0x33, 0xE9, 0xA7, 0xD2, 0x4D, 0x48, 0xDE, 0x79, 0xE6, 0xBD, 0x6A, 0x62, 0x82, 0xC8, 0x26, 0x70,
    0x88, 0x07, 0x13, 0x28, 0xE3, 0xBE, 0x58, 0x4F, 0x95, 0x3B, 0x9F, 0x2C, 0xCB, 0xF0, 0xB9, 0x8D,
    0x3F, 0x90, 0x3D, 0xF9, 0x1C, 0x59, 0xD2, 0xED, 0xB3, 0xB5, 0x28, 0x47, 0xB9, 0x64, 0xBD, 0xCD,
    0xF9, 0x92, 0xF9, 0x5A, 0x9E, 0xD7, 0x77, 0x95, 0x88, 0xBB, 0x5C, 0xF7, 0x60, 0xBE, 0x87, 0x88,
    0x67, 0x57, 0x37, 0x40, 0x36, 0x42, 0x2B, 0x77, 0x11, 0x71, 0x50, 0xCE, 0x55, 0x22, 0x6D, 0x9F,
    0x0D, 0x6A, 0xD0, 0x5D, 0x32, 0x68, 0x4B, 0xC8, 0x77, 0x96, 0x4C, 0xCC, 0x1D, 0xE4, 0x0E, 0x8E,
    0xCE, 0xD6, 0x88, 0x08, 0xE9, 0x08, 0xA9, 0x0F, 0xE3, 0xC6, 0x6B, 0x12, 0x0F, 0x49, 0xA8, 0x73,
    0xA0, 0x2C, 0x89, 0x96, 0x3B, 0x99, 0x11, 0x91, 0xCD, 0x77, 0xC5, 0xBF, 0x4D, 0xD9, 0x03, 0x64,
    0x55, 0x10, 0xF2, 0x28, 0x5C, 0x8D, 0xC2, 0x0D, 0xA0, 0xED, 0xEB, 0xCF, 0x6F, 0x49, 0x45, 0xFD,
    0xE4, 0xD9, 0x5C, 0xB7, 0x3D, 0xD9, 0x33, 0xEA, 0x21, 0x1B, 0x50, 0x1E, 0xD3, 0xA7, 0x23, 0x6A,
    0xA4, 0xE8, 0x12, 0x1F, 0xD6, 0x5D, 0xD8, 0x18, 0xD1, 0x96, 0x25, 0xBA, 0x5D, 0x2C, 0xB6, 0xD1,
    0x6C, 0x63, 0xBD, 0x8D, 0xED, 0x36, 0xCA, 0x79, 0x4C, 0x4F, 0x63, 0x1C, 0xD4, 0xA3, 0x10, 0xB3,
    0x31, 0x7B, 0xAB, 0x63, 0xA2, 0x95, 0x0F, 0xF4, 0x84, 0x74, 0x22, 0x9F, 0xE9, 0x19, 0xE9, 0xE3,
    0xAA, 0x00, 0x58, 0x45, 0xE1, 0x20, 0x0A, 0x6F, 0x47, 0x8D, 0xC7, 0x08, 0xE5, 0x4C, 0x29, 0x24,
    0x42, 0x32, 0x80, 0x34, 0xB8, 0x45, 0x1B, 0xED, 0x82, 0xCF, 0x5C, 0xF0, 0xC9, 0x10, 0xFC, 0xB3,
    0x5F, 0x94, 0x90, 0xEC, 0xFA, 0x4C, 0xD6, 0x67, 0x0D, 0xCE, 0x54, 0x0E, 0x5C, 0x69, 0xBF, 0xAA,
    0x3F, 0x3A, 0x0B, 0xF5, 0x6A, 0x08, 0xF5, 0xA9, 0x0F, 0x32, 0x47, 0xDB, 0xA8, 0x89, 0x16, 0x2E,
    0x4C, 0xA7, 0x1D, 0xA5, 0x34, 0x99, 0xC3, 0x48, 0xA3, 0xC2, 0x08, 0x73, 0x05, 0xB4, 0xB3, 0xF4,
    0x40, 0xE6, 0x94, 0x07, 0x94, 0x63, 0x8A, 0x81, 0x3A, 0x06, 0xCC, 0x37, 0x86, 0xC4, 0xC6, 0x90,
    0xC6, 0xB0, 0x51, 0x21, 0x24, 0xBE, 0x08, 0xE1, 0x9A, 0x13, 0xB1, 0x4A, 0xA4, 0x39, 0x3A, 0x6B,
    0xD4, 0xFC, 0x21, 0x3A, 0x76, 0xF9, 0x56, 0xA1, 0x43, 0x0D, 0x90, 0xF7, 0xDC, 0x9E, 0xDF, 0x26,
    0x7B, 0xDA, 0x88, 0x38, 0x12, 0xB1, 0x71, 0x9D, 0x71, 0xA1, 0xED, 0x48, 0x5C, 0x69, 0x32, 0xB3,
    0x5D, 0x47, 0x45, 0x8C, 0x65, 0x03, 0xDB, 0xE7, 0x19, 0xA3, 0xB6, 0xD7, 0xE6, 0x2A, 0x5E, 0xB7,
    0xA7, 0x7D, 0x88, 0xBF, 0xF6, 0xCA, 0x85, 0x7E, 0x6F, 0x0E, 0x84, 0x78, 0xA8, 0x06, 0x96, 0xFA,
    0x74, 0x54, 0x23, 0x28, 0x91, 0x2E, 0x9D, 0x41, 0xCD, 0x6D, 0x83, 0xF4, 0x28, 0x57, 0x5A, 0xCA,
    0x79, 0x89, 0xBA, 0x27, 0x95, 0x4E, 0xB9, 0xDC, 0x41, 0x39, 0x28, 0x17, 0x7B, 0xFB, 0xE5, 0x3E,
    0x4F, 0xC5, 0x12, 0x91, 0xD4, 0x2E, 0x71, 0xA0, 0x7D, 0xB3, 0x4F, 0x7C, 0x36, 0x62, 0x4E, 0x9C,
    0x1A, 0x5A, 0xE9, 0xCB, 0xA7, 0xD2, 0x76, 0x22, 0x2E, 0xF3, 0xE5, 0x8C, 0x11, 0x87, 0x41, 0x89,
    0x2F, 0xA5, 0xC7, 0x90, 0xCA, 0x18, 0x66, 0xAB, 0x2B, 0x8A, 0x86, 0x09, 0xDA, 0x06, 0x0D, 0x33,
    0x88, 0xA5, 0x80, 0x36, 0x16, 0x5E, 0x85, 0x9A, 0xE4, 0xB4, 0xE3, 0x0D, 0x30, 0x55, 0xFA, 0x7B,
    0xC7, 0x0A, 0x4C, 0xA3, 0x4E, 0x1C, 0xEF, 0x42, 0x61, 0xD5, 0xC9, 0xC0, 0x47, 0xA0, 0x6D, 0xF6,
    0xFE, 0x88, 0xA3, 0x95, 0xF3, 0x34, 0xBF, 0x73, 0x74, 0x76, 0xB4, 0x9E, 0x1F, 0x9C, 0xDD, 0x27,
    0x73, 0x57, 0x39, 0x4E, 0x3B, 0x50, 0xC3, 0x75, 0x0E, 0x95, 0x85, 0x74, 0xBC, 0x81, 0xC9, 0x1A,
    0x48, 0xFC, 0x0A, 0x93, 0x57, 0x80, 0xBF, 0x49, 0xF9, 0x16, 0xC0, 0x74, 0x40, 0xF1, 0x01, 0xC0,
    0xE6, 0x21, 0xFA, 0x33, 0x80, 0xDA, 0x91, 0x4F, 0x00, 0xA6, 0x23, 0xF3, 0x00, 0xA5, 0x45, 0xC5,
    0x42, 0x78, 0xCE, 0x03, 0xAC, 0xD7, 0xF7, 0x49, 0xEF, 0x8A, 0x48, 0xAF, 0x9C, 0x27, 0xF3, 0x41,
    0xE6, 0x68, 0x1D, 0x35, 0x3B, 0x95, 0xFB, 0x36, 0x72, 0xD9, 0x2C, 0x9A, 0xF7, 0xC1, 0xC2, 0x7A,
    0x75, 0xB6, 0x96, 0xCA, 0x2B, 0x91, 0x11, 0x30, 0x1E, 0x28, 0x03, 0x2C, 0x5C, 0x59, 0xCB, 0x5D,
    0xB4, 0x88, 0x8B, 0x97, 0x91, 0xA4, 0xED, 0x3D, 0xF9, 0xEC, 0x3D, 0x85, 0xD5, 0x1E, 0x53, 0x29,
    0x4F, 0x4D, 0xEA, 0xD9, 0x90, 0x78, 0x26, 0xD8, 0xE2, 0x77, 0x4C, 0x3B, 0x62, 0x97, 0xD8, 0xD9,
    0xA0, 0x26, 0x0A, 0x7B, 0x75, 0x0E, 0x43, 0xB5, 0x7D, 0xD2, 0x76, 0xAD, 0x63, 0x97, 0xFE, 0x67,
    0xBD, 0x5E, 0x37, 0x46, 0x44, 0x2C, 0xB4, 0x23, 0x64, 0x22, 0x15, 0x65, 0x63, 0x2C, 0x86, 0xC2,
    0x72, 0x8C, 0x6E, 0xF0, 0xBC, 0x44, 0x32, 0x02, 0x69, 0x40, 0x0D, 0xC0, 0x0F, 0xE6, 0x75, 0x43,
    0x1B, 0xEE, 0x8A, 0x97, 0xCA, 0x11, 0xEB, 0x08, 0x75, 0x90, 0x0E, 0x17, 0x9D, 0x13, 0x0F, 0x10,
    0xD9, 0x04, 0x4C, 0x45, 0x83, 0xEE, 0x94, 0x45, 0x49, 0xDB, 0xC0, 0xED, 0xA7, 0x18, 0xF1, 0x4A,
    0x5C, 0x29, 0x63, 0x2A, 0xF1, 0x95, 0xA8, 0x61, 0x02, 0x1F, 0x37, 0xC0, 0x05, 0x95, 0x0D, 0xEA,
    0x2A, 0x78, 0x8B, 0xE0, 0x18, 0x54, 0x2E, 0xA8, 0x2D, 0xC8, 0x92, 0x26, 0xD6, 0x22, 0xF3, 0x3D,
    0x90, 0x2F, 0x27, 0x16, 0x7F, 0x2C, 0xC0, 0x4C, 0x98, 0xC3, 0x63, 0xBA, 0x60, 0xE1, 0x82, 0xB9,
    0x0F, 0xAA, 0x19, 0x26, 0x90, 0x2A, 0xCE, 0xD8, 0x2D, 0xB3, 0x53, 0x4E, 0x46, 0x3C, 0x7B, 0x53,
    0x2B, 0x22, 0x73, 0xFB, 0x85, 0x3C, 0x98, 0x8F, 0x31, 0xDC, 0xFA, 0x78, 0xE1, 0xD5, 0x8F, 0x16,
    0xF6, 0x0F, 0x16, 0x5E, 0x66, 0x81, 0x85, 0xBD, 0x40, 0x1D, 0x18, 0x20, 0x11, 0xA0, 0x58, 0x48,
    0xA6, 0xFA, 0x0A, 0x49, 0x67, 0x5A, 0xC0, 0xF4, 0xDB, 0x86, 0x32, 0x34, 0x3C, 0x35, 0x0B, 0xCD,
    0x02, 0x44, 0xEA, 0x40, 0x5B, 0x41, 0x98, 0x9A, 0x30, 0x33, 0x40, 0x15, 0x05, 0x75, 0x51, 0xD8,
    0x8F, 0x02, 0xEF, 0x45, 0xD9, 0x13, 0xE9, 0x00, 0xF8, 0xA5, 0xFA, 0xC3, 0x31, 0x00, 0x68, 0x5B,
    0xC6, 0xDE, 0x14, 0x4D, 0x6E, 0x01, 0x28, 0x2B, 0xD5, 0x03, 0x60, 0x50, 0x0E, 0x80, 0x43, 0xE2,
    0x23, 0x81, 0x63, 0xE2, 0x83, 0x8C, 0x9B, 0xEB, 0xB7, 0x05, 0x3C, 0x10, 0xEA, 0x63, 0x4D, 0xE8,
    0x19, 0x0B, 0xE1, 0xDE, 0x5D, 0x21, 0x1D, 0xF7, 0xEE, 0x82, 0xEA, 0x51, 0x43, 0x3D, 0x43, 0xD6,
    0xA1, 0x9C, 0x2F, 0x2A, 0x72, 0x4B, 0xFE, 0x17, 0x17, 0xB4, 0xE8, 0xDF, 0xF6, 0xCA, 0xEA, 0xD3,
    0x86, 0xF2, 0x64, 0x29, 0xBC, 0xBE, 0xB4, 0xD6, 0x59, 0x9F, 0xD9, 0xD7, 0xF6, 0xFB, 0xD4, 0xE7,
    0x2E, 0xAF, 0x5E, 0x5F, 0xD5, 0xAD, 0xD3, 0xE3, 0x3E, 0x45, 0x9F, 0xCF, 0x95, 0xFE, 0x64, 0x60,
    0xBB, 0x6C, 0xD8, 0x2E, 0x3B, 0x08, 0x18, 0xFE, 0xB6, 0x70, 0x18, 0x05, 0xA6, 0x28, 0x70, 0x2F,
    0x9A, 0x8F, 0x80, 0x91, 0xD0, 0x23, 0x6F, 0xE0, 0x58, 0x59, 0xF0, 0x81, 0xE9, 0x12, 0x0D, 0xCC,
    0x59, 0x05, 0x6D, 0x0E, 0xD4, 0x57, 0x01, 0xF3, 0x3D, 0xA0, 0x1C, 0x01, 0xED, 0x80, 0xBC, 0x83,
    0x7F, 0xCD, 0x16, 0x1E, 0x2A, 0x07, 0x83, 0x1E, 0x48, 0xFD, 0xBE, 0x47, 0x6D, 0x56, 0x13, 0x79,
    0xE9, 0x36, 0x5C, 0xD7, 0x5D, 0xCD, 0x2A, 0xB7, 0xA6, 0x3A, 0x50, 0x98, 0x06, 0x28, 0x2D, 0x50,
    0x58, 0x92, 0x66, 0x21, 0xB3, 0xE7, 0x34, 0x64, 0xBD, 0x01, 0x35, 0x4F, 0x40, 0xDD, 0x63, 0x44,
    0xEE, 0x50, 0xCA, 0xD1, 0x14, 0xDF, 0xC5, 0x86, 0xF0, 0x1E, 0x2F, 0xE4, 0x7D, 0xFC, 0xC8, 0xAD,
    0x65, 0x7D, 0xF4, 0x14, 0x8F, 0x72, 0xB1, 0x14, 0xEB, 0xF0, 0xE8, 0xEE, 0xA2, 0x5F, 0x0B, 0xD2,
    0x8E, 0x0B, 0xD2, 0x80, 0x87, 0x6F, 0x66, 0x02, 0x92, 0x19, 0x28, 0xE5, 0x8F, 0xBB, 0x3F, 0x92,
    0x66, 0x67, 0xD2, 0x9E, 0x37, 0x4A, 0x0F, 0xB3, 0xCE, 0x47, 0x94, 0xD3, 0xA9, 0x47, 0x5B, 0x8D,
    0xA7, 0xAC, 0x34, 0x3D, 0x26, 0xF6, 0xAC, 0xA3, 0x9B, 0xE8, 0xF4, 0x62, 0x8D, 0xD8, 0x73, 0x97,
    0x9E, 0xE9, 0x14, 0xEE, 0x4A, 0x3C, 0x86, 0x38, 0x5A, 0x13, 0x8C, 0x23, 0x93, 0xB9, 0x60, 0x32,
    0x87, 0x56, 0x4A, 0x69, 0x7D, 0x5C, 0x49, 0xF5, 0xFC, 0xDA, 0xD8, 0x8B, 0xEA, 0x2E, 0x58, 0xF4,
    0xC1, 0xD2, 0x05, 0xCD, 0x10, 0xFC, 0xE1, 0x18, 0xFC, 0x85, 0x0F, 0xBA, 0x09, 0x48, 0xFA, 0x0D,
    0xA0, 0xBA, 0x3A, 0x68, 0x4D, 0x85, 0x84, 0xE4, 0xD7, 0x47, 0xEB, 0xA3, 0x2F, 0xEE, 0xA1, 0xE3,
    0x40, 0xFF, 0x4B, 0xEE, 0x58, 0xB7, 0xEB, 0xA3, 0xB3, 0x7B, 0xE7, 0xAD, 0x7C, 0x44, 0xEA, 0x21,
    0xFE, 0x99, 0x93, 0x1E, 0x66, 0x52, 0x0B, 0x2D, 0x6A, 0xB1, 0x26, 0x0F, 0x36, 0xED, 0x4C, 0x2E,
    0xA3, 0x08, 0x5A, 0x3C, 0xB7, 0x67, 0x50, 0xD2, 0xF6, 0x68, 0x17, 0x37, 0x8A, 0xE3, 0x40, 0x4D,
    0x52, 0x5D, 0x7E, 0x75, 0x59, 0xAF, 0x1F, 0x48, 0x13, 0x8F, 0x2F, 0x24, 0xAD, 0x83, 0x42, 0x1A,
    0xD6, 0x22, 0xEB, 0xF3, 0x3A, 0x3D, 0x02, 0x65, 0x07, 0x98, 0x26, 0x50, 0xF1, 0x72, 0xA0, 0xA0,
    0xAC, 0x28, 0x29, 0x2C, 0x86, 0xDC, 0x25, 0x33, 0x89, 0x9C, 0x8E, 0x70, 0x4D, 0xEE, 0x00, 0x2B,
    0x22, 0x97, 0x8E, 0xF8, 0x89, 0x5F, 0x85, 0xA3, 0xF6, 0x2A, 0x1C, 0xB5, 0x57, 0xE1, 0xA8, 0xBD,
    0xCA, 0x2B, 0xC3, 0x0A, 0x0E, 0x03, 0x9B, 0xC0, 0xF4, 0x3C, 0xFE, 0xF9, 0xCB, 0xCD, 0xAE, 0xB3,
    0x09, 0x94, 0xD5, 0xC2, 0x32, 0x14, 0x55, 0xDE, 0xAF, 0xC2, 0x51, 0x7B, 0x75, 0xF9, 0xA8, 0x7D,
    0x69, 0x05, 0xBC, 0x02, 0xCA, 0x69, 0xFB, 0x62, 0x64, 0x49, 0xEE, 0xC1, 0x7C, 0x74, 0x76, 0x37,
    0x5E, 0xFE, 0x53, 0x74, 0x17, 0xE4, 0x6E, 0x41, 0xC5, 0x83, 0x7B, 0xEB, 0xB8, 0x26, 0x0D, 0x84,
    0x7D, 0x51, 0x63, 0x32, 0x93, 0xF7, 0xD4, 0x68, 0x8B, 0x09, 0xFC, 0x77, 0x00, 0x74, 0x0F, 0xE4,
    0x03, 0xA0, 0x66, 0x20, 0x89, 0x8B, 0x37, 0x52, 0x41, 0x26, 0x0E, 0xB8, 0x3D, 0x01, 0xA9, 0x00,
    0xD4, 0xE7, 0xAF, 0xEB, 0x95, 0x2B, 0xAF, 0x14, 0xD6, 0x9C, 0xB6, 0x85, 0x7D, 0xED, 0xC9, 0xA3,
    0xA2, 0x59, 0x30, 0xDC, 0x78, 0xF2, 0xE8, 0x98, 0xFC, 0xCB, 0xC7, 0x03, 0x88, 0x54, 0xF0, 0xE4,
    0x11, 0x5B, 0x7E, 0xF6, 0x7F, 0x20, 0x4B, 0x5A, 0x2F, 0x89, 0x6D, 0x0A, 0xE5, 0x50, 0x37, 0x2A,
    0xA7, 0xDD, 0xB2, 0xE4, 0x5E, 0xB9, 0x2C, 0xE4, 0x4A, 0xB9, 0x04, 0xE5, 0xF8, 0x87, 0x39, 0x73,
    0x71, 0xCD, 0x49, 0x2B, 0x77, 0x12, 0x91, 0xDE, 0x88, 0x48, 0x13, 0x21, 0x99, 0x01, 0xEA, 0x0A,
    0x76, 0x5F, 0x97, 0xD8, 0xF0, 0xEF, 0xDF, 0xA9, 0x7F, 0x57, 0x81, 0xB1, 0x2C, 0x54, 0x40, 0x0B,
    0xFC, 0x87, 0x07, 0x23, 0x1D, 0x94, 0x9F, 0x03, 0xDA, 0xED, 0x76, 0xC2, 0xC3, 0x76, 0xA4, 0x4B,
    0x3F, 0xBC, 0xBB, 0xE8, 0x93, 0xCD, 0x15, 0x24, 0x6D, 0x18, 0x39, 0xBE, 0x91, 0xE3, 0x45, 0xE7,
    0x29, 0xE0, 0x23, 0x7B, 0x0D, 0x4C, 0x6D, 0x05, 0x61, 0x3F, 0xB3, 0x19, 0x68, 0x7D, 0xDA, 0xD0,
    0x4F, 0x61, 0x2C, 0x19, 0x20, 0x9D, 0x81, 0xDA, 0x53, 0x33, 0x78, 0xDA, 0xDD, 0x17, 0x2D, 0x0B,
    0xA8, 0x2D, 0xF1, 0x72, 0x42, 0x57, 0xC9, 0xCC, 0x2D, 0xCA, 0xF0, 0x1C, 0xE3, 0x87, 0xB0, 0xE8,
    0x89, 0xF7, 0xC2, 0xF0, 0x06, 0xE0, 0xF6, 0x03, 0x7A, 0xEF, 0x3E, 0x1F, 0xEB, 0xB8, 0x1B, 0x5D,
    0x3A, 0x5E, 0x39, 0x82, 0x37, 0xD0, 0xB0, 0x1F, 0xD0, 0x5B, 0xFE, 0xED, 0x3F, 0xAF, 0xA2, 0xDF,
    0x7B, 0xF7, 0x3A, 0x5A, 0xA6, 0x15, 0xFA, 0xD1, 0xE3, 0x81, 0x52, 0xE5, 0x96, 0x16, 0x48, 0x4E,
    0x81, 0xF4, 0xA7, 0x15, 0x84, 0x59, 0x5F, 0x42, 0x75, 0xAC, 0x48, 0x46, 0x3C, 0xD4, 0xA7, 0x03,
    0xE4, 0xD2, 0xC0, 0x7F, 0x01, 0xAC, 0xBE, 0x4E, 0x21, 0x23, 0x89, 0x6C, 0xA4, 0xC9, 0xDC, 0xAA,
    0xE8, 0xB5, 0x5D, 0x65, 0x83, 0xA9, 0x56, 0xA9, 0x37, 0xAC, 0xF0, 0x87, 0x0B, 0xD3, 0x66, 0x61,
    0x33, 0x2D, 0xD4, 0x5F, 0xE1, 0x17, 0xCC, 0xDF, 0x27, 0x3E, 0xD4, 0x78, 0xD0, 0x8F, 0xA7, 0xFC,
    0x78, 0xC4, 0x8F, 0xE7, 0xFB, 0x85, 0xC2, 0x2E, 0xE8, 0x40, 0xB1, 0xA3, 0x0C, 0xAD, 0x35, 0xCA,
    0xED, 0x79, 0x44, 0xA4, 0xE7, 0xC1, 0x7C, 0x9F, 0x70, 0xDB, 0x96, 0x07, 0xF1, 0x60, 0x23, 0x7E,
    0x57, 0x17, 0x18, 0x80, 0x6C, 0x04, 0x5A, 0xB9, 0x0B, 0x22, 0xB1, 0xF2, 0xC4, 0x5E, 0xE6, 0x9A,
    0xF4, 0x20, 0x7F, 0x9A, 0xC9, 0x9E, 0x9C, 0x3C, 0xB6, 0xFA, 0xE4, 0xE4, 0xC4, 0x99, 0x37, 0x4F,
    0xEC, 0x58, 0x2F, 0xAD, 0x7E, 0xB3, 0xF0, 0xAB, 0x69, 0xE1, 0xBD, 0xC0, 0x81, 0x07, 0x98, 0x76,
    0x6C, 0x02, 0x75, 0xC0, 0x04, 0x74, 0x03, 0x64, 0x1D, 0x6C, 0x0F, 0x12, 0x3F, 0x02, 0xE2, 0x17,
    0xE0, 0x2B, 0xF8, 0x97, 0x57, 0x00, 0xBD, 0x82, 0x5A, 0x66, 0xB8, 0x76, 0xD6, 0xF6, 0x28, 0xA7,
    0x86, 0x85, 0xC4, 0x2F, 0xF0, 0x22, 0xD2, 0xD0, 0x25, 0xEF, 0x51, 0x22, 0x15, 0x6A, 0x6E, 0xFB,
    0xDD, 0x1D, 0x9B, 0x80, 0x79, 0x11, 0x35, 0xB1, 0x5F, 0x31, 0x1F, 0x0D, 0xD4, 0x22, 0x0D, 0x71,
    0xF2, 0x48, 0x5C, 0x4B, 0x38, 0x5C, 0x66, 0xB3, 0x58, 0x6D, 0x0B, 0x67, 0x2A, 0xED, 0x6A, 0xF2,
    0x7E, 0x43, 0x52, 0x4D, 0x40, 0xC8, 0x7E, 0x9B, 0x2F, 0xAE, 0x37, 0x40, 0x0D, 0x98, 0x8A, 0xEF,
    0xEB, 0x2E, 0x75, 0x4A, 0xDA, 0x2E, 0x7E, 0x49, 0x76, 0x1F, 0x80, 0xF8, 0x6D, 0xB7, 0x7F, 0x05,
    0xFB, 0xFF, 0xFF, 0xFF, 0x1F, 0x10, 0x5E, 0xB5, 0x6A, 0xD5, 0x0A, 0x00, 0xC5, 0xD3, 0x01, 0x86,
    0x1C, 0x41, 0x14, 0xC6, 0xF1, 0xFF, 0x74, 0xC7, 0x0C, 0x19, 0xF4, 0x01, 0x16, 0xBD, 0x37, 0x98,
    0x0B, 0x84, 0x9A, 0xF3, 0xE4, 0x12, 0xD3, 0x72, 0x92, 0xC5, 0x62, 0x4D, 0x90, 0x0B, 0x44, 0xAA,
    0xC8, 0x05, 0x46, 0x72, 0x81, 0x11, 0x40, 0x20, 0x25, 0x69, 0x94, 0xDD, 0x9A, 0xFE, 0xF2, 0x9E,
    0x92, 0x65, 0x03, 0x90, 0x5D, 0x29, 0xFC, 0x3E, 0x4A, 0x4F, 0x79, 0xEF, 0x3D, 0xC3, 0x46, 0xD3,
    0xD5, 0x02, 0x41, 0x39, 0xC6, 0x44, 0xED, 0x7F, 0x96, 0x21, 0xAD, 0x4A, 0xF7, 0x35, 0xAF, 0xE9,
    0x67, 0xFA, 0xCC, 0x63, 0x64, 0x3C, 0xE4, 0xA7, 0xF0, 0x7E, 0x39, 0xEA, 0xFE, 0x96, 0x76, 0xF9,
    0xCC, 0x31, 0xB3, 0xB1, 0xD8, 0x14, 0xB6, 0x33, 0x44, 0x9D, 0xA3, 0x6E, 0x90, 0xB2, 0x94, 0x81,
    0xB7, 0xB7, 0xC6, 0x28, 0xED, 0xE1, 0xB0, 0x8F, 0x09, 0x2A, 0xBB, 0x44, 0x57, 0x18, 0xF6, 0xFE,
    0x4B, 0xF8, 0x63, 0x76, 0x65, 0x27, 0x79, 0xB1, 0x1F, 0x92, 0xDF, 0x0C, 0xCF, 0xE2, 0xCC, 0x70,
    0xF2, 0xF2, 0xC6, 0xB3, 0x57, 0x27, 0x4D, 0x52, 0x96, 0x12, 0x6B, 0x87, 0xF0, 0xE0, 0x2E, 0x84,
    0xC4, 0xAA, 0x32, 0xB6, 0xEF, 0x1F, 0xCD, 0xAE, 0x54, 0x07, 0xAF, 0xEA, 0xCE, 0x7C, 0xF1, 0xAA,
    0x80, 0xD5, 0xF1, 0x16, 0xB6, 0x9A, 0x46, 0x09, 0x42, 0x3C, 0xFB, 0xE0, 0xA8, 0xDB, 0x5C, 0x09,
    0xB6, 0xEB, 0xCD, 0x97, 0x99, 0x71, 0xDF, 0xB6, 0xFC, 0x8A, 0x96, 0x18, 0x2D, 0xD5, 0x4E, 0xF2,
    0x19, 0xDE, 0x1F, 0x63, 0x6A, 0xF7, 0xC3, 0x8B, 0x65, 0xDB, 0xFE, 0x98, 0xDA, 0xFA, 0x77, 0xA7,
    0xA8, 0x6F, 0xD2, 0x3B, 0x2D, 0xD2, 0x2F, 0xE9, 0xB3, 0xE4, 0x7D, 0xF8, 0xA0, 0xBD, 0x0F, 0x1F,
    0xB5, 0xF7, 0x71, 0xE1, 0x90, 0xBC, 0x8F, 0xC2, 0x2E, 0xB5, 0xFA, 0x47, 0xCF, 0x27, 0xEF, 0xCA,
    0x4F, 0x1D, 0x5A, 0x1F, 0x77, 0xC3, 0xFF, 0xEF, 0x63, 0xAD, 0x09, 0x08, 0x3F, 0x8A, 0x79, 0xE1,
    0x13, 0xAC, 0x2A, 0x01, 0x9B, 0xFF, 0x13, 0xA3, 0x99, 0x7B, 0xC9, 0xDE, 0xED, 0xE2, 0xF7, 0xA9,
    0xCF, 0x7E, 0xFF, 0xAF, 0xFA, 0x3F, 0xC5, 0xDD, 0xF8, 0xC0, 0x88, 0xBA, 0x19, 0x94, 0xA4, 0xDC,
    0x29, 0xC1, 0xD5, 0x02, 0x20, 0x9D, 0xA1, 0xAF, 0x5D, 0x31, 0x33, 0xF5, 0x2F, 0xE7, 0xAE, 0xB2,
    0x56, 0x19, 0xA4, 0xDD, 0x43, 0x7D, 0xAD, 0xE3, 0x81, 0x8F, 0x54, 0x2E, 0xBC, 0x71, 0xB9, 0x36,
    0x17, 0x30, 0xE3, 0xE4, 0x86, 0xE2, 0x6E, 0x75, 0x32, 0x89, 0xC5, 0xDD, 0x2E, 0x2E, 0x32, 0xAF,
    0x09, 0x66, 0x36, 0x2F, 0x14, 0x0E, 0xE6, 0x85, 0x85, 0xE8, 0x83, 0x21, 0xC8, 0x96, 0x6D, 0x1F,
    0xFF, 0x06, 0x24, 0x8E, 0xC1, 0xAD, 0x03, 0x21, 0x0C, 0x05, 0xCD, 0xFE, 0x03, 0x47, 0x4A, 0x70,
    0x09, 0x94, 0xB0, 0xBF, 0x93, 0x74, 0x12, 0xD2, 0x59, 0x5C, 0x02, 0x25, 0x50, 0x82, 0x0F, 0x39,
    0xEC, 0x81, 0xEC, 0x8B, 0x1F, 0x80, 0xD0, 0x08, 0x8D, 0x46, 0xB6, 0x88, 0x24, 0xD9, 0x27, 0xDB,
    0xA6, 0xFA, 0x66, 0x9B, 0x0B, 0x09, 0xD8, 0x1A, 0xB0, 0xA5, 0x01, 0x27, 0x9F, 0x72, 0x4C, 0xEA,
    0xEB, 0x78, 0x9D, 0xD4, 0x5E, 0x86, 0x1A, 0xEB, 0x12, 0x37, 0xEA, 0xFB, 0xE1, 0x65, 0xB2, 0x86,
    0x17, 0xB0, 0xC6, 0x28, 0x30, 0x0D, 0x5A, 0x85, 0x9F, 0xC1, 0xFF, 0x37, 0xA6, 0x02, 0xD7, 0x1F,
    0xF0, 0xC9, 0xF1, 0x2A, 0xD0, 0x53, 0xFC, 0x5B, 0x28, 0x69, 0xE4, 0x77, 0x8D, 0x0B, 0xB5, 0xC6,
    0x87, 0x8E, 0x79, 0x6C, 0xD7, 0x7A, 0x5D, 0x27, 0xA9, 0x7D, 0x2F, 0x9C, 0x47, 0x35, 0x32, 0xDD,
    0xF8, 0x0D, 0xE6, 0x7E, 0xB8, 0x7F, 0x10, 0xFE, 0x83, 0xF9, 0x17, 0x00,
};

static const EpdGlyph notoserif_16_regularGlyphs[] = {
    { 0, 0, 0, 0, 0, 0, 0 }, // U+0000
    { 0, 0, 139, 0, 0, 0, 0 }, // U+000D
    { 0, 0, 139, 0, 0, 0, 0 }, // U+0020
    { 4, 24, 177, 3, 24, 24, 0 }, // !
    { 11, 8, 218, 1, 24, 22, 24 }, // "
    { 17, 24, 298, 1, 24, 102, 46 }, // #
    { 15, 28, 298, 2, 25, 105, 148 }, // $
    { 27, 24, 478, 1, 24, 162, 253 }, // %
    { 23, 24, 396, 1, 24, 138, 415 }, // &
    { 5, 8, 117, 1, 24, 10, 553 }, // '
    { 9, 31, 185, 2, 26, 70, 563 }, // (
    { 9, 31, 185, 1, 26, 70, 633 }, // )
    { 15, 13, 267, 1, 25, 49, 703 }, // *
    { 14, 14, 298, 2, 19, 49, 752 }, // +
    { 6, 10, 133, 0, 4, 15, 801 }, // ,
    { 9, 3, 165, 1, 11, 7, 816 }, // -
    { 4, 4, 133, 2, 4, 4, 823 }, // .
    { 10, 29, 154, 0, 25, 73, 827 }, // /
    { 17, 24, 309, 1, 24, 102, 900 }, // 0
    { 15, 24, 245, 0, 24, 90, 1002 }, // 1
    { 15, 24, 264, 1, 24, 90, 1092 }, // 2
    { 15, 24, 272, 1, 24, 90, 1182 }, // 3
    { 18, 24, 294, 0, 24, 108, 1272 }, // 4
    { 15, 24, 272, 1, 24, 90, 1380 }, // 5
    { 15, 24, 293, 2, 24, 90, 1470 }, // 6
    { 16, 25, 274, 0, 24, 100, 1560 }, // 7
    { 17, 25, 297, 1, 24, 107, 1660 }, // 8
    { 16, 24, 293, 1, 24, 96, 1767 }, // 9
    { 4, 18, 153, 3, 18, 18, 1863 }, // :
    { 6, 23, 153, 1, 18, 35, 1881 }, // ;
    { 15, 17, 298, 2, 20, 64, 1916 }, // <
    { 14, 8, 298, 2, 16, 28, 1980 }, // =
    { 15, 17, 298, 2, 20, 64, 2008 }, // >
    { 14, 24, 253, 1, 24, 84, 2072 }, // ?
    { 27, 29, 491, 2, 24, 196, 2156 }, // @
    { 23, 24, 376, 0, 24, 138, 2352 }, // A
    { 19, 24, 349, 1, 24, 114, 2490 }, // B
    { 18, 24, 327, 2, 24, 108, 2604 }, // C
    { 21, 24, 388, 1, 24, 126, 2712 }, // D
    { 19, 24, 332, 0, 24, 114, 2838 }, // E
    { 17, 24, 315, 1, 24, 102, 2952 }, // F
    { 22, 24, 381, 2, 24, 132, 3054 }, // G
    { 24, 24, 423, 1, 24, 144, 3186 }, // H
    { 10, 24, 196, 1, 24, 60, 3330 }, // I
    { 12, 32, 190, -1, 24, 96, 3390 }, // J
    { 23, 24, 373, 1, 24, 138, 3486 }, // K
    { 18, 24, 332, 1, 24, 108, 3624 }, // L
    { 29, 24, 500, 1, 24, 174, 3732 }, // M
    { 23, 24, 407, 1, 24, 138, 3906 }, // N
    { 21, 24, 396, 2, 24, 126, 4044 }, // O
    { 18, 24, 322, 1, 24, 108, 4170 }, // P
    { 21, 32, 396, 2, 24, 168, 4278 }, // Q
    { 21, 24, 350, 1, 24, 126, 4446 }, // R
    { 16, 24, 290, 1, 24, 96, 4572 }, // S
    { 20, 24, 327, 0, 24, 120, 4668 }, // T
    { 23, 24, 382, 1, 24, 138, 4788 }, // U
    { 22, 24, 360, 0, 24, 132, 4926 }, // V
    { 34, 24, 558, 1, 24, 204, 5058 }, // W
    { 22, 24, 352, 0, 24, 132, 5262 }, // X
    { 21, 24, 333, 0, 24, 126, 5394 }, // Y
    { 17, 24, 316, 1, 24, 102, 5520 }, // Z
    { 8, 30, 192, 3, 25, 60, 5622 }, // [
    { 10, 29, 154, 0, 25, 73, 5682 }, // <backslash>
    { 9, 30, 192, 0, 25, 68, 5755 }, // ]
    { 16, 15, 298, 1, 24, 60, 5823 }, // ^
    { 16, 2, 245, 0, -3, 8, 5883 }, // _
    { 7, 6, 146, 1, 26, 11, 5891 }, // `
    { 16, 18, 300, 2, 18, 72, 5902 }, // a
    { 18, 25, 327, 1, 25, 113, 5974 }, // b
    { 13, 18, 262, 2, 18, 59, 6087 }, // c
    { 18, 25, 327, 2, 25, 113, 6146 }, // d
    { 15, 18, 285, 2, 18, 68, 6259 }, // e
    { 14, 25, 197, 1, 25, 88, 6327 }, // f
    { 17, 26, 287, 1, 18, 111, 6415 }, // g
    { 20, 25, 339, 1, 25, 125, 6526 }, // h
    { 9, 25, 171, 1, 25, 57, 6651 }, // i
    { 8, 33, 160, -1, 25, 66, 6708 }, // j
    { 20, 25, 312, 1, 25, 125, 6774 }, // k
    { 9, 25, 165, 1, 25, 57, 6899 }, // l
    { 30, 18, 504, 1, 18, 135, 6956 }, // m
    { 20, 18, 344, 1, 18, 90, 7091 }, // n
    { 16, 18, 308, 2, 18, 72, 7181 }, // o
    { 18, 26, 327, 1, 18, 117, 7253 }, // p
    { 18, 26, 327, 2, 18, 117, 7370 }, // q
    { 14, 18, 251, 1, 18, 63, 7487 }, // r
    { 13, 18, 240, 1, 18, 59, 7550 }, // s
    { 11, 22, 188, 1, 22, 61, 7609 }, // t
    { 20, 18, 339, 1, 18, 90, 7670 }, // u
    { 20, 18, 309, 1, 18, 90, 7760 }, // v
    { 29, 18, 460, 0, 18, 131, 7850 }, // w
    { 19, 18, 308, 0, 18, 86, 7981 }, // x
    { 20, 26, 301, -1, 18, 130, 8067 }, // y
    { 14, 18, 272, 1, 18, 63, 8197 }, // z
    { 11, 30, 228, 2, 25, 83, 8260 }, // {
    { 2, 33, 298, 8, 25, 17, 8343 }, // |
    { 11, 30, 228, 1, 25, 83, 8360 }, // }
    { 16, 6, 298, 1, 15, 24, 8443 }, // ~
    { 0, 0, 139, 0, 0, 0, 0 }, // U+00A0
    { 4, 23, 177, 3, 18, 23, 0 }, // U+00A1
    { 14, 24, 298, 3, 24, 84, 23 }, // U+00A2
    { 16, 24, 298, 2, 24, 96, 107 }, // U+00A3
    { 16, 16, 298, 1, 20, 64, 203 }, // U+00A4
    { 19, 24, 298, 0, 24, 114, 267 }, // U+00A5
    { 2, 33, 298, 8, 25, 17, 381 }, // U+00A6
    { 14, 29, 290, 3, 25, 102, 398 }, // U+00A7
    { 10, 4, 308, 5, 25, 10, 500 }, // U+00A8
    { 25, 24, 451, 2, 24, 150, 510 }, // U+00A9
    { 11, 12, 204, 1, 25, 33, 660 }, // U+00AA
    { 13, 13, 274, 2, 16, 43, 693 }, // U+00AB
    { 15, 9, 298, 2, 13, 34, 736 }, // U+00AC
    { 9, 3, 165, 1, 11, 7, 770 }, // U+00AD
    { 25, 24, 451, 2, 24, 150, 777 }, // U+00AE
    { 16, 2, 245, 0, 27, 8, 927 }, // U+00AF
    { 11, 10, 213, 2, 24, 28, 935 }, // U+00B0
    { 14, 19, 298, 2, 19, 67, 963 }, // U+00B1
    { 10, 15, 213, 1, 28, 38, 1030 }, // U+00B2
    { 10, 15, 213, 1, 28, 38, 1068 }, // U+00B3
    { 7, 6, 146, 1, 26, 11, 1106 }, // U+00B4
    { 17, 26, 328, 3, 18, 111, 1117 }, // U+00B5
    { 19, 29, 329, 1, 25, 138, 1228 }, // U+00B6
    { 4, 4, 133, 2, 13, 4, 1366 }, // U+00B7
    { 9, 8, 178, 1, 0, 18, 1370 }, // U+00B8
    { 10, 15, 213, 1, 28, 38, 1388 }, // U+00B9
    { 11, 11, 212, 1, 24, 31, 1426 }, // U+00BA
    { 13, 13, 274, 2, 16, 43, 1457 }, // U+00BB
    { 27, 25, 448, 0, 24, 169, 1500 }, // U+00BC
    { 27, 23, 448, 0, 23, 156, 1669 }, // U+00BD
    { 26, 25, 448, 1, 24, 163, 1825 }, // U+00BE
    { 14, 24, 253, 1, 18, 84, 1988 }, // U+00BF
    { 23, 31, 376, 0, 31, 179, 2072 }, // U+00C0
    { 23, 31, 376, 0, 31, 179, 2251 }, // U+00C1
    { 23, 31, 376, 0, 31, 179, 2430 }, // U+00C2
    { 23, 30, 376, 0, 30, 173, 2609 }, // U+00C3
    { 23, 30, 376, 0, 30, 173, 2782 }, // U+00C4
    { 23, 29, 376, 0, 29, 167, 2955 }, // U+00C5
    { 30, 24, 507, 0, 24, 180, 3122 }, // U+00C6
    { 18, 32, 327, 2, 24, 144, 3302 }, // U+00C7
    { 19, 31, 332, 0, 31, 148, 3446 }, // U+00C8
    { 19, 31, 332, 0, 31, 148, 3594 }, // U+00C9
    { 19, 31, 332, 0, 31, 148, 3742 }, // U+00CA
    { 19, 30, 332, 0, 30, 143, 3890 }, // U+00CB
    { 11, 31, 196, 0, 31, 86, 4033 }, // U+00CC
    { 10, 31, 196, 1, 31, 78, 4119 }, // U+00CD
    { 12, 31, 196, 0, 31, 93, 4197 }, // U+00CE
    { 10, 30, 196, 1, 30, 75, 4290 }, // U+00CF
    { 21, 24, 388, 1, 24, 126, 4365 }, // U+00D0
    { 23, 30, 407, 1, 30, 173, 4491 }, // U+00D1
    { 21, 31, 396, 2, 31, 163, 4664 }, // U+00D2
    { 21, 31, 396, 2, 31, 163, 4827 }, // U+00D3
    { 21, 31, 396, 2, 31, 163, 4990 }, // U+00D4
    { 21, 30, 396, 2, 30, 158, 5153 }, // U+00D5
    { 21, 30, 396, 2, 30, 158, 5311 }, // U+00D6
    { 15, 15, 298, 2, 19, 57, 5469 }, // U+00D7
    { 21, 26, 396, 2, 25, 137, 5526 }, // U+00D8
    { 23, 31, 382, 1, 31, 179, 5663 }, // U+00D9
    { 23, 31, 382, 1, 31, 179, 5842 }, // U+00DA
    { 23, 31, 382, 1, 31, 179, 6021 }, // U+00DB
    { 23, 30, 382, 1, 30, 173, 6200 }, // U+00DC
    { 21, 31, 333, 0, 31, 163, 6373 }, // U+00DD
    { 18, 24, 322, 1, 24, 108, 6536 }, // U+00DE
    { 20, 25, 345, 1, 25, 125, 6644 }, // U+00DF
    { 16, 25, 300, 2, 25, 100, 6769 }, // U+00E0
    { 16, 25, 300, 2, 25, 100, 6869 }, // U+00E1
    { 16, 25, 300, 2, 25, 100, 6969 }, // U+00E2
    { 16, 25, 300, 2, 25, 100, 7069 }, // U+00E3
    { 16, 25, 300, 2, 25, 100, 7169 }, // U+00E4
    { 16, 27, 300, 2, 27, 108, 7269 }, // U+00E5
    { 25, 18, 448, 2, 18, 113, 7377 }, // U+00E6
    { 13, 26, 262, 2, 18, 85, 7490 }, // U+00E7
    { 15, 25, 285, 2, 25, 94, 7575 }, // U+00E8
    { 15, 25, 285, 2, 25, 94, 7669 }, // U+00E9
    { 15, 25, 285, 2, 25, 94, 7763 }, // U+00EA
    { 15, 25, 285, 2, 25, 94, 7857 }, // U+00EB
    { 10, 25, 171, 0, 25, 63, 7951 }, // U+00EC
    { 10, 25, 171, 1, 25, 63, 8014 }, // U+00ED
    { 10, 25, 171, 0, 25, 63, 8077 }, // U+00EE
    { 10, 25, 171, 1, 25, 63, 8140 }, // U+00EF
    { 16, 26, 308, 2, 26, 104, 8203 }, // U+00F0
    { 20, 25, 344, 1, 25, 125, 8307 }, // U+00F1
    { 16, 25, 308, 2, 25, 100, 8432 }, // U+00F2
    { 16, 25, 308, 2, 25, 100, 8532 }, // U+00F3
    { 16, 25, 308, 2, 25, 100, 8632 }, // U+00F4
    { 16, 25, 308, 2, 25, 100, 8732 }, // U+00F5
    { 16, 25, 308, 2, 25, 100, 8832 }, // U+00F6
    { 14, 16, 298, 2, 20, 56, 8932 }, // U+00F7
    { 16, 21, 308, 2, 20, 84, 8988 }, // U+00F8
    { 20, 25, 339, 1, 25, 125, 9072 }, // U+00F9
    { 20, 25, 339, 1, 25, 125, 9197 }, // U+00FA
    { 20, 25, 339, 1, 25, 125, 9322 }, // U+00FB
    { 20, 25, 339, 1, 25, 125, 9447 }, // U+00FC
    { 20, 33, 301, -1, 25, 165, 9572 }, // U+00FD
    { 18, 33, 327, 1, 25, 149, 9737 }, // U+00FE
    { 20, 33, 301, -1, 25, 165, 9886 }, // U+00FF
    { 23, 28, 376, 0, 28, 161, 0 }, // U+0100
    { 16, 23, 300, 2, 23, 92, 161 }, // U+0101
    { 23, 30, 376, 0, 30, 173, 253 }, // U+0102
    { 16, 25, 300, 2, 25, 100, 426 }, // U+0103
    { 23, 32, 376, 0, 24, 184, 526 }, // U+0104
    { 16, 26, 300, 2, 18, 104, 710 }, // U+0105
    { 18, 31, 327, 2, 31, 140, 814 }, // U+0106
    { 13, 25, 262, 2, 25, 82, 954 }, // U+0107
    { 18, 31, 327, 2, 31, 140, 1036 }, // U+0108
    { 13, 25, 262, 2, 25, 82, 1176 }, // U+0109
    { 18, 31, 327, 2, 31, 140, 1258 }, // U+010A
    { 13, 25, 262, 2, 25, 82, 1398 }, // U+010B
    { 18, 31, 327, 2, 31, 140, 1480 }, // U+010C
    { 13, 25, 262, 2, 25, 82, 1620 }, // U+010D
    { 21, 31, 388, 1, 31, 163, 1702 }, // U+010E
    { 21, 25, 327, 2, 25, 132, 1865 }, // U+010F
    { 21, 24, 388, 1, 24, 126, 1997 }, // U+0110
    { 18, 25, 327, 2, 25, 113, 2123 }, // U+0111
    { 19, 28, 332, 0, 28, 133, 2236 }, // U+0112
    { 15, 23, 285, 2, 23, 87, 2369 }, // U+0113
    { 19, 30, 332, 0, 30, 143, 2456 }, // U+0114
    { 15, 25, 285, 2, 25, 94, 2599 }, // U+0115
    { 19, 30, 332, 0, 30, 143, 2693 }, // U+0116
    { 15, 25, 285, 2, 25, 94, 2836 }, // U+0117
    { 19, 32, 332, 0, 24, 152, 2930 }, // U+0118
    { 15, 25, 285, 2, 18, 94, 3082 }, // U+0119
    { 19, 31, 332, 0, 31, 148, 3176 }, // U+011A
    { 15, 25, 285, 2, 25, 94, 3324 }, // U+011B
    { 22, 31, 381, 2, 31, 171, 3418 }, // U+011C
    { 17, 33, 287, 1, 25, 141, 3589 }, // U+011D
    { 22, 31, 381, 2, 31, 171, 3730 }, // U+011E
    { 17, 33, 287, 1, 25, 141, 3901 }, // U+011F
    { 22, 31, 381, 2, 31, 171, 4042 }, // U+0120
    { 17, 33, 287, 1, 25, 141, 4213 }, // U+0121
    { 22, 31, 381, 2, 24, 171, 4354 }, // U+0122
    { 17, 33, 287, 1, 25, 141, 4525 }, // U+0123
    { 24, 31, 423, 1, 31, 186, 4666 }, // U+0124
    { 20, 32, 339, 1, 32, 160, 4852 }, // U+0125
    { 24, 24, 423, 1, 24, 144, 5012 }, // U+0126
    { 20, 25, 339, 1, 25, 125, 5156 }, // U+0127
    { 12, 30, 196, 1, 30, 90, 5281 }, // U+0128
    { 13, 25, 171, -1, 25, 82, 5371 }, // U+0129
    { 10, 28, 196, 1, 28, 70, 5453 }, // U+012A
    { 10, 22, 171, 0, 22, 55, 5523 }, // U+012B
    { 10, 30, 196, 1, 30, 75, 5578 }, // U+012C
    { 10, 25, 171, 1, 25, 63, 5653 }, // U+012D
    { 10, 32, 196, 1, 24, 80, 5716 }, // U+012E
    { 9, 33, 171, 1, 25, 75, 5796 }, // U+012F
    { 10, 30, 196, 1, 30, 75, 5871 }, // U+0130
    { 9, 18, 171, 1, 18, 41, 5946 }, // U+0131
    { 21, 32, 371, 1, 24, 168, 5987 }, // U+0132
    { 17, 33, 331, 1, 25, 141, 6155 }, // U+0133
    { 13, 39, 190, -1, 31, 127, 6296 }, // U+0134
    { 10, 33, 160, 0, 25, 83, 6423 }, // U+0135
    { 23, 31, 373, 1, 24, 179, 6506 }, // U+0136
    { 20, 32, 312, 1, 25, 160, 6685 }, // U+0137
    { 20, 18, 312, 1, 18, 90, 6845 }, // U+0138
    { 18, 31, 332, 1, 31, 140, 6935 }, // U+0139
    { 10, 32, 165, 1, 32, 80, 7075 }, // U+013A
    { 18, 31, 332, 1, 24, 140, 7155 }, // U+013B
    { 9, 32, 165, 1, 25, 72, 7295 }, // U+013C
    { 18, 24, 332, 1, 24, 108, 7367 }, // U+013D
    { 12, 25, 165, 1, 25, 75, 7475 }, // U+013E
    { 18, 24, 332, 1, 24, 108, 7550 }, // U+013F
    { 13, 25, 197, 1, 25, 82, 7658 }, // U+0140
    { 18, 24, 332, 1, 24, 108, 7740 }, // U+0141
    { 9, 25, 173, 1, 25, 57, 7848 }, // U+0142
    { 23, 31, 407, 1, 31, 179, 7905 }, // U+0143
    { 20, 25, 344, 1, 25, 125, 8084 }, // U+0144
    { 23, 31, 407, 1, 24, 179, 8209 }, // U+0145
    { 20, 25, 344, 1, 18, 125, 8388 }, // U+0146
    { 23, 31, 407, 1, 31, 179, 8513 }, // U+0147
    { 20, 25, 344, 1, 25, 125, 8692 }, // U+0148
    { 26, 24, 416, 0, 24, 156, 8817 }, // U+0149
    { 23, 32, 407, 1, 24, 184, 8973 }, // U+014A
    { 17, 26, 339, 1, 18, 111, 9157 }, // U+014B
    { 21, 28, 396, 2, 28, 147, 9268 }, // U+014C
    { 16, 23, 308, 2, 23, 92, 9415 }, // U+014D
    { 21, 31, 396, 2, 31, 163, 9507 }, // U+014E
    { 16, 25, 308, 2, 25, 100, 9670 }, // U+014F
    { 21, 31, 396, 2, 31, 163, 9770 }, // U+0150
    { 16, 25, 308, 2, 25, 100, 9933 }, // U+0151
    { 29, 24, 511, 2, 24, 174, 10033 }, // U+0152
    { 27, 18, 483, 2, 18, 122, 10207 }, // U+0153
    { 21, 31, 350, 1, 31, 163, 10329 }, // U+0154
    { 14, 25, 251, 1, 25, 88, 10492 }, // U+0155
    { 21, 31, 350, 1, 24, 163, 10580 }, // U+0156
    { 14, 25, 251, 1, 18, 88, 10743 }, // U+0157
    { 21, 31, 350, 1, 31, 163, 10831 }, // U+0158
    { 14, 25, 251, 1, 25, 88, 10994 }, // U+0159
    { 16, 31, 290, 1, 31, 124, 11082 }, // U+015A
    { 13, 25, 240, 1, 25, 82, 11206 }, // U+015B
    { 16, 31, 290, 1, 31, 124, 11288 }, // U+015C
    { 13, 25, 240, 1, 25, 82, 11412 }, // U+015D
    { 16, 32, 290, 1, 24, 128, 11494 }, // U+015E
    { 13, 26, 240, 1, 18, 85, 11622 }, // U+015F
    { 16, 31, 290, 1, 31, 124, 11707 }, // U+0160
    { 13, 25, 240, 1, 25, 82, 11831 }, // U+0161
    { 20, 32, 327, 0, 24, 160, 11913 }, // U+0162
    { 11, 30, 188, 1, 22, 83, 12073 }, // U+0163
    { 20, 31, 327, 0, 31, 155, 12156 }, // U+0164
    { 13, 25, 188, 1, 25, 82, 12311 }, // U+0165
    { 19, 24, 327, 1, 24, 114, 12393 }, // U+0166
    { 11, 22, 188, 1, 22, 61, 12507 }, // U+0167
    { 23, 30, 382, 1, 30, 173, 12568 }, // U+0168
    { 20, 25, 339, 1, 25, 125, 12741 }, // U+0169
    { 23, 28, 382, 1, 28, 161, 12866 }, // U+016A
    { 20, 23, 339, 1, 23, 115, 13027 }, // U+016B
    { 23, 31, 382, 1, 31, 179, 13142 }, // U+016C
    { 20, 25, 339, 1, 25, 125, 13321 }, // U+016D
    { 23, 33, 382, 1, 33, 190, 13446 }, // U+016E
    { 20, 27, 339, 1, 27, 135, 13636 }, // U+016F
    { 23, 31, 382, 1, 31, 179, 13771 }, // U+0170
    { 20, 25, 339, 1, 25, 125, 13950 }, // U+0171
    { 23, 32, 387, 1, 24, 184, 14075 }, // U+0172
    { 20, 26, 339, 1, 18, 130, 14259 }, // U+0173
    { 34, 31, 558, 1, 31, 264, 14389 }, // U+0174
    { 29, 25, 460, 0, 25, 182, 14653 }, // U+0175
    { 21, 31, 333, 0, 31, 163, 14835 }, // U+0176
    { 20, 33, 301, -1, 25, 165, 14998 }, // U+0177
    { 21, 30, 333, 0, 30, 158, 15163 }, // U+0178
    { 17, 31, 316, 1, 31, 132, 15321 }, // U+0179
    { 14, 25, 272, 1, 25, 88, 15453 }, // U+017A
    { 17, 30, 316, 1, 30, 128, 15541 }, // U+017B
    { 14, 25, 272, 1, 25, 88, 15669 }, // U+017C
    { 17, 31, 316, 1, 31, 132, 15757 }, // U+017D
    { 14, 25, 272, 1, 25, 88, 15889 }, // U+017E
    { 14, 25, 189, 1, 25, 88, 15977 }, // U+017F
    { 24, 25, 415, 2, 25, 150, 0 }, // U+01A0
    { 19, 21, 324, 2, 21, 100, 150 }, // U+01A1
    { 25, 25, 415, 1, 25, 157, 250 }, // U+01AF
    { 22, 21, 360, 1, 21, 116, 407 }, // U+01B0
    { 41, 31, 703, 1, 31, 318, 523 }, // U+01C4
    { 38, 25, 660, 1, 25, 238, 841 }, // U+01C5
    { 34, 25, 600, 2, 25, 213, 1079 }, // U+01C6
    { 31, 32, 523, 1, 24, 248, 1292 }, // U+01C7
    { 26, 33, 492, 1, 25, 215, 1540 }, // U+01C8
    { 17, 33, 325, 1, 25, 141, 1755 }, // U+01C9
    { 35, 32, 597, 1, 24, 280, 1896 }, // U+01CA
    { 31, 33, 567, 1, 25, 256, 2176 }, // U+01CB
    { 27, 33, 504, 1, 25, 223, 2432 }, // U+01CC
    { 23, 31, 376, 0, 31, 179, 2655 }, // U+01CD
    { 16, 25, 300, 2, 25, 100, 2834 }, // U+01CE
    { 12, 31, 196, 0, 31, 93, 2934 }, // U+01CF
    { 11, 25, 171, 0, 25, 69, 3027 }, // U+01D0
    { 21, 31, 396, 2, 31, 163, 3096 }, // U+01D1
    { 16, 25, 308, 2, 25, 100, 3259 }, // U+01D2
    { 23, 31, 382, 1, 31, 179, 3359 }, // U+01D3
    { 20, 25, 339, 1, 25, 125, 3538 }, // U+01D4
    { 23, 33, 382, 1, 33, 190, 3663 }, // U+01D5
    { 20, 28, 339, 1, 28, 140, 3853 }, // U+01D6
    { 23, 35, 382, 1, 35, 202, 3993 }, // U+01D7
    { 20, 29, 339, 1, 29, 145, 4195 }, // U+01D8
    { 23, 35, 382, 1, 35, 202, 4340 }, // U+01D9
    { 20, 29, 339, 1, 29, 145, 4542 }, // U+01DA
    { 23, 35, 382, 1, 35, 202, 4687 }, // U+01DB
    { 20, 29, 339, 1, 29, 145, 4889 }, // U+01DC
    { 15, 18, 285, 2, 18, 68, 5034 }, // U+01DD
    { 23, 33, 376, 0, 33, 190, 5102 }, // U+01DE
    { 16, 28, 300, 2, 28, 112, 5292 }, // U+01DF
    { 23, 32, 376, 0, 32, 184, 5404 }, // U+01E0
    { 16, 28, 300, 2, 28, 112, 5588 }, // U+01E1
    { 30, 28, 507, 0, 28, 210, 5700 }, // U+01E2
    { 25, 23, 448, 2, 23, 144, 5910 }, // U+01E3
    { 21, 24, 381, 2, 24, 126, 6054 }, // U+01E4
    { 18, 26, 287, 1, 18, 117, 6180 }, // U+01E5
    { 22, 31, 381, 2, 31, 171, 6297 }, // U+01E6
    { 17, 33, 287, 1, 25, 141, 6468 }, // U+01E7
    { 23, 31, 373, 1, 31, 179, 6609 }, // U+01E8
    { 20, 32, 312, 1, 32, 160, 6788 }, // U+01E9
    { 21, 32, 396, 2, 24, 168, 6948 }, // U+01EA
    { 16, 26, 308, 2, 18, 104, 7116 }, // U+01EB
    { 21, 36, 396, 2, 28, 189, 7220 }, // U+01EC
    { 16, 31, 308, 2, 23, 124, 7409 }, // U+01ED
    { 17, 31, 322, 1, 31, 132, 7533 }, // U+01EE
    { 15, 33, 292, 1, 25, 124, 7665 }, // U+01EF
    { 11, 33, 160, 0, 25, 91, 7789 }, // U+01F0
    { 41, 24, 703, 1, 24, 246, 7880 }, // U+01F1
    { 38, 24, 660, 1, 24, 228, 8126 }, // U+01F2
    { 34, 25, 600, 2, 25, 213, 8354 }, // U+01F3
    { 22, 32, 381, 2, 32, 176, 8567 }, // U+01F4
    { 17, 33, 287, 1, 25, 141, 8743 }, // U+01F5
    { 34, 24, 567, 1, 24, 204, 8884 }, // U+01F6
    { 21, 32, 370, 1, 24, 168, 9088 }, // U+01F7
    { 23, 31, 407, 1, 31, 179, 9256 }, // U+01F8
    { 20, 25, 344, 1, 25, 125, 9435 }, // U+01F9
    { 23, 32, 376, 0, 32, 184, 9560 }, // U+01FA
    { 16, 32, 300, 2, 32, 128, 9744 }, // U+01FB
    { 30, 31, 507, 0, 31, 233, 9872 }, // U+01FC
    { 25, 25, 448, 2, 25, 157, 10105 }, // U+01FD
    { 21, 33, 396, 2, 32, 174, 10262 }, // U+01FE
    { 16, 27, 308, 2, 26, 108, 10436 }, // U+01FF
    { 23, 31, 376, 0, 31, 179, 10544 }, // U+0200
    { 17, 25, 300, 1, 25, 107, 10723 }, // U+0201
    { 23, 30, 376, 0, 30, 173, 10830 }, // U+0202
    { 16, 25, 300, 2, 25, 100, 11003 }, // U+0203
    { 19, 31, 332, 0, 31, 148, 11103 }, // U+0204
    { 16, 25, 285, 1, 25, 100, 11251 }, // U+0205
    { 19, 30, 332, 0, 30, 143, 11351 }, // U+0206
    { 15, 25, 285, 2, 25, 94, 11494 }, // U+0207
    { 13, 31, 196, -2, 31, 101, 11588 }, // U+0208
    { 13, 25, 171, -3, 25, 82, 11689 }, // U+0209
    { 10, 30, 196, 1, 30, 75, 11771 }, // U+020A
    { 10, 24, 171, 1, 24, 60, 11846 }, // U+020B
    { 21, 31, 396, 2, 31, 163, 11906 }, // U+020C
    { 16, 25, 308, 2, 25, 100, 12069 }, // U+020D
    { 21, 30, 396, 2, 30, 158, 12169 }, // U+020E
    { 16, 25, 308, 2, 25, 100, 12327 }, // U+020F
    { 21, 31, 350, 1, 31, 163, 12427 }, // U+0210
    { 15, 25, 251, 0, 25, 94, 12590 }, // U+0211
    { 21, 30, 350, 1, 30, 158, 12684 }, // U+0212
    { 14, 24, 251, 1, 24, 84, 12842 }, // U+0213
    { 23, 31, 382, 1, 31, 179, 12926 }, // U+0214
    { 20, 25, 339, 1, 25, 125, 13105 }, // U+0215
    { 23, 30, 382, 1, 30, 173, 13230 }, // U+0216
    { 20, 25, 339, 1, 25, 125, 13403 }, // U+0217
    { 16, 31, 290, 1, 24, 124, 13528 }, // U+0218
    { 13, 25, 240, 1, 18, 82, 13652 }, // U+0219
    { 20, 31, 327, 0, 24, 155, 13734 }, // U+021A
    { 11, 29, 188, 1, 22, 80, 13889 }, // U+021B
    { 16, 30, 323, 2, 24, 120, 13969 }, // U+021C
    { 14, 26, 263, 2, 18, 91, 14089 }, // U+021D
    { 24, 31, 423, 1, 31, 186, 14180 }, // U+021E
    { 20, 32, 339, 1, 32, 160, 14366 }, // U+021F
    { 8, 6, 0, -15, 26, 12, 0 }, // U+0300
    { 8, 6, 0, -11, 26, 12, 12 }, // U+0301
    { 11, 6, 0, -15, 26, 17, 24 }, // U+0302
    { 12, 4, 0, -16, 24, 12, 41 }, // U+0303
    { 10, 2, 0, -5, 22, 5, 53 }, // U+0304
    { 14, 2, 0, -7, 27, 7, 58 }, // U+0305
    { 9, 5, 0, -5, 25, 12, 65 }, // U+0306
    { 4, 4, 0, -2, 25, 4, 77 }, // U+0307
    { 10, 4, 0, -5, 25, 10, 81 }, // U+0308
    { 8, 8, 0, -13, 27, 16, 91 }, // U+0309
    { 8, 7, 0, -4, 27, 14, 107 }, // U+030A
    { 13, 5, 0, -5, 25, 17, 121 }, // U+030B
    { 11, 6, 0, -15, 26, 17, 138 }, // U+030C
    { 2, 5, 0, -1, 25, 3, 155 }, // U+030D
    { 7, 5, 0, -3, 25, 9, 158 }, // U+030E
    { 13, 5, 0, -18, 25, 17, 167 }, // U+030F
    { 9, 8, 0, -5, 28, 18, 184 }, // U+0310
    { 9, 4, 0, -5, 24, 9, 202 }, // U+0311
    { 6, 10, 0, -3, 24, 15, 211 }, // U+0312
    { 6, 10, 0, -3, 24, 15, 226 }, // U+0313
    { 6, 10, 0, -3, 24, 15, 241 }, // U+0314
    { 6, 10, 0, -3, 24, 15, 256 }, // U+0315
    { 8, 6, 0, -4, -2, 12, 271 }, // U+0316
    { 8, 6, 0, -4, -2, 12, 283 }, // U+0317
    { 6, 6, 0, -3, -1, 9, 295 }, // U+0318
    { 5, 6, 0, -2, -1, 8, 304 }, // U+0319
    { 8, 8, 185, 1, 25, 16, 312 }, // U+031A
    { 6, 8, 0, -3, 25, 12, 328 }, // U+031B
    { 4, 7, 0, -2, -1, 7, 340 }, // U+031C
    { 6, 5, 0, -3, -2, 8, 347 }, // U+031D
    { 6, 6, 0, -3, -1, 9, 355 }, // U+031E
    { 6, 6, 0, -3, -2, 9, 364 }, // U+031F
    { 7, 2, 0, -3, -3, 4, 373 }, // U+0320
    { 6, 8, 0, -6, 2, 12, 377 }, // U+0321
    { 6, 8, 0, 0, 2, 12, 389 }, // U+0322
    { 4, 4, 0, -12, -2, 4, 401 }, // U+0323
    { 10, 4, 0, -5, -2, 10, 405 }, // U+0324
    { 7, 7, 0, -4, -1, 13, 415 }, // U+0325
    { 6, 5, 0, -3, -2, 8, 428 }, // U+0326
    { 9, 8, 0, -4, 0, 18, 436 }, // U+0327
    { 7, 8, 0, -3, 0, 14, 454 }, // U+0328
    { 2, 5, 0, -1, -2, 3, 468 }, // U+0329
    { 12, 5, 0, -6, -2, 15, 471 }, // U+032A
    { 11, 4, 0, -6, -2, 11, 486 }, // U+032B
    { 10, 6, 0, -5, -1, 15, 497 }, // U+032C
    { 10, 6, 0, -5, -1, 15, 512 }, // U+032D
    { 9, 5, 0, -5, -2, 12, 527 }, // U+032E
    { 9, 4, 0, -5, -3, 9, 539 }, // U+032F
    { 12, 4, 0, -6, -2, 12, 548 }, // U+0330
    { 10, 2, 0, -5, -3, 5, 560 }, // U+0331
    { 14, 2, 0, -7, -3, 7, 565 }, // U+0332
    { 14, 6, 0, -7, -1, 21, 572 }, // U+0333
    { 12, 4, 0, -6, 11, 12, 593 }, // U+0334
    { 12, 2, 0, -6, 10, 6, 605 }, // U+0335
    { 21, 2, 0, -10, 10, 11, 611 }, // U+0336
    { 12, 9, 0, -6, 14, 27, 622 }, // U+0337
    { 14, 29, 0, -7, 26, 102, 649 }, // U+0338
    { 4, 7, 0, -2, -1, 7, 751 }, // U+0339
    { 12, 5, 0, -6, -2, 15, 758 }, // U+033A
    { 12, 6, 0, -6, -2, 18, 773 }, // U+033B
    { 11, 5, 0, -6, -2, 14, 791 }, // U+033C
    { 8, 8, 0, -4, 26, 16, 805 }, // U+033D
    { 5, 10, 0, -2, 29, 13, 821 }, // U+033E
    { 14, 6, 0, -7, 31, 21, 834 }, // U+033F
    { 8, 6, 0, -5, 26, 12, 855 }, // U+0340
    { 8, 6, 0, -3, 26, 12, 867 }, // U+0341
    { 12, 4, 0, -6, 24, 12, 879 }, // U+0342
    { 5, 7, 0, -3, 26, 9, 891 }, // U+0343
    { 13, 8, 0, -5, 27, 26, 900 }, // U+0344
    { 6, 5, 0, 2, -3, 8, 926 }, // U+0345
    { 12, 5, 0, -6, 25, 15, 934 }, // U+0346
    { 14, 6, 0, -7, -1, 21, 949 }, // U+0347
    { 7, 5, 0, -3, -2, 9, 970 }, // U+0348
    { 6, 6, 0, -3, -2, 9, 979 }, // U+0349
    { 12, 8, 0, -6, 26, 24, 988 }, // U+034A
    { 13, 11, 0, -6, 30, 36, 1012 }, // U+034B
    { 12, 9, 0, -6, 28, 27, 1048 }, // U+034C
    { 10, 6, 0, -5, -1, 15, 1075 }, // U+034D
    { 7, 8, 0, -3, 0, 14, 1090 }, // U+034E
    { 24, 24, 0, -12, 24, 144, 1104 }, // U+034F
    { 6, 7, 0, -3, 26, 11, 1248 }, // U+0350
    { 4, 7, 0, -2, 27, 7, 1259 }, // U+0351
    { 9, 8, 0, -5, 28, 18, 1266 }, // U+0352
    { 8, 7, 0, -4, -1, 14, 1284 }, // U+0353
    { 6, 7, 0, -3, -1, 11, 1298 }, // U+0354
    { 6, 7, 0, -3, -1, 11, 1309 }, // U+0355
    { 14, 7, 0, -7, -1, 25, 1320 }, // U+0356
    { 4, 7, 0, -2, 27, 7, 1345 }, // U+0357
    { 4, 4, 0, 4, 25, 4, 1352 }, // U+0358
    { 10, 7, 0, -5, -1, 18, 1356 }, // U+0359
    { 12, 7, 0, -6, -1, 21, 1374 }, // U+035A
    { 8, 6, 0, -4, 26, 12, 1395 }, // U+035B
    { 26, 6, 0, -13, -1, 39, 1407 }, // U+035C
    { 26, 6, 0, -13, 26, 39, 1446 }, // U+035D
    { 20, 2, 0, -10, 22, 10, 1485 }, // U+035E
    { 20, 2, 0, -10, -3, 10, 1495 }, // U+035F
    { 26, 4, 0, -13, 24, 26, 1505 }, // U+0360
    { 26, 6, 0, -13, 27, 39, 1531 }, // U+0361
    { 20, 6, 0, -10, -1, 30, 1570 }, // U+0362
    { 8, 7, 0, -4, 27, 14, 1600 }, // U+0363
    { 7, 7, 0, -4, 27, 13, 1614 }, // U+0364
    { 5, 10, 0, -2, 30, 13, 1627 }, // U+0365
    { 8, 7, 0, -4, 27, 14, 1640 }, // U+0366
    { 10, 7, 0, -5, 27, 18, 1654 }, // U+0367
    { 7, 7, 0, -3, 27, 13, 1672 }, // U+0368
    { 9, 10, 0, -4, 30, 23, 1685 }, // U+0369
    { 10, 10, 0, -5, 30, 25, 1708 }, // U+036A
    { 15, 7, 0, -7, 27, 27, 1733 }, // U+036B
    { 7, 7, 0, -3, 27, 13, 1760 }, // U+036C
    { 6, 10, 0, -3, 30, 15, 1773 }, // U+036D
    { 9, 8, 0, -4, 28, 18, 1788 }, // U+036E
    { 9, 7, 0, -4, 27, 16, 1806 }, // U+036F
    { 19, 31, 335, 0, 31, 148, 0 }, // U+0400
    { 19, 30, 335, 0, 30, 143, 148 }, // U+0401
    { 24, 24, 422, 1, 24, 144, 291 }, // U+0402
    { 17, 31, 301, 1, 31, 132, 435 }, // U+0403
    { 18, 24, 327, 2, 24, 108, 567 }, // U+0404
    { 16, 24, 293, 1, 24, 96, 675 }, // U+0405
    { 10, 24, 198, 1, 24, 60, 771 }, // U+0406
    { 10, 30, 198, 1, 30, 75, 831 }, // U+0407
    { 12, 32, 193, -1, 24, 96, 906 }, // U+0408
    { 31, 24, 514, 0, 24, 186, 1002 }, // U+0409
    { 31, 24, 543, 1, 24, 186, 1188 }, // U+040A
    { 27, 24, 454, 1, 24, 162, 1374 }, // U+040B
    { 23, 31, 375, 1, 31, 179, 1536 }, // U+040C
    { 24, 31, 430, 1, 31, 186, 1715 }, // U+040D
    { 22, 31, 347, 0, 31, 171, 1901 }, // U+040E
    { 24, 31, 420, 1, 24, 186, 2072 }, // U+040F
    { 23, 24, 376, 0, 24, 138, 2258 }, // U+0410
    { 18, 24, 336, 1, 24, 108, 2396 }, // U+0411
    { 19, 24, 349, 1, 24, 114, 2504 }, // U+0412
    { 17, 24, 301, 1, 24, 102, 2618 }, // U+0413
    { 23, 31, 396, 1, 24, 179, 2720 }, // U+0414
    { 19, 24, 335, 0, 24, 114, 2899 }, // U+0415
    { 35, 24, 523, -1, 24, 210, 3013 }, // U+0416
    { 17, 24, 317, 1, 24, 102, 3223 }, // U+0417
    { 24, 24, 430, 1, 24, 144, 3325 }, // U+0418
    { 24, 30, 430, 1, 30, 180, 3469 }, // U+0419
    { 23, 24, 375, 1, 24, 138, 3649 }, // U+041A
    { 24, 24, 390, 0, 24, 144, 3787 }, // U+041B
    { 29, 24, 509, 1, 24, 174, 3931 }, // U+041C
    { 24, 24, 425, 1, 24, 144, 4105 }, // U+041D
    { 21, 24, 395, 2, 24, 126, 4249 }, // U+041E
    { 24, 24, 420, 1, 24, 144, 4375 }, // U+041F
    { 18, 24, 325, 1, 24, 108, 4519 }, // U+0420
    { 18, 24, 327, 2, 24, 108, 4627 }, // U+0421
    { 20, 24, 332, 0, 24, 120, 4735 }, // U+0422
    { 22, 24, 347, 0, 24, 132, 4855 }, // U+0423
    { 25, 25, 458, 2, 24, 157, 4987 }, // U+0424
    { 22, 24, 354, 0, 24, 132, 5144 }, // U+0425
    { 24, 31, 420, 1, 24, 186, 5276 }, // U+0426
    { 23, 24, 404, 1, 24, 138, 5462 }, // U+0427
    { 33, 24, 572, 1, 24, 198, 5600 }, // U+0428
    { 33, 31, 572, 1, 24, 256, 5798 }, // U+0429
    { 22, 24, 383, 1, 24, 132, 6054 }, // U+042A
    { 28, 24, 488, 1, 24, 168, 6186 }, // U+042B
    { 18, 24, 331, 1, 24, 108, 6354 }, // U+042C
    { 18, 24, 334, 1, 24, 108, 6462 }, // U+042D
    { 31, 24, 544, 1, 24, 186, 6570 }, // U+042E
    { 22, 24, 351, -1, 24, 132, 6756 }, // U+042F
    { 17, 18, 304, 1, 18, 77, 6888 }, // U+0430
    { 17, 26, 311, 2, 26, 111, 6965 }, // U+0431
    { 16, 18, 295, 1, 18, 72, 7076 }, // U+0432
    { 14, 18, 253, 1, 18, 63, 7148 }, // U+0433
    { 19, 25, 329, 1, 18, 119, 7211 }, // U+0434
    { 15, 18, 285, 1, 18, 68, 7330 }, // U+0435
    { 27, 18, 427, 0, 18, 122, 7398 }, // U+0436
    { 14, 18, 253, 1, 18, 63, 7520 }, // U+0437
    { 20, 18, 360, 1, 18, 90, 7583 }, // U+0438
    { 20, 25, 360, 1, 25, 125, 7673 }, // U+0439
    { 19, 18, 316, 1, 18, 86, 7798 }, // U+043A
    { 19, 18, 327, 1, 18, 86, 7884 }, // U+043B
    { 25, 18, 440, 1, 18, 113, 7970 }, // U+043C
    { 20, 18, 357, 1, 18, 90, 8083 }, // U+043D
    { 17, 18, 308, 1, 18, 77, 8173 }, // U+043E
    { 20, 18, 352, 1, 18, 90, 8250 }, // U+043F
    { 19, 26, 339, 1, 18, 124, 8340 }, // U+0440
    { 14, 18, 262, 1, 18, 63, 8464 }, // U+0441
    { 17, 18, 283, 0, 18, 77, 8527 }, // U+0442
    { 20, 26, 304, -1, 18, 130, 8604 }, // U+0443
    { 21, 33, 386, 1, 25, 174, 8734 }, // U+0444
    { 19, 18, 308, 0, 18, 86, 8908 }, // U+0445
    { 19, 25, 352, 1, 18, 119, 8994 }, // U+0446
    { 20, 18, 337, 0, 18, 90, 9113 }, // U+0447
    { 29, 18, 502, 1, 18, 131, 9203 }, // U+0448
    { 29, 25, 502, 1, 18, 182, 9334 }, // U+0449
    { 19, 18, 331, 1, 18, 86, 9516 }, // U+044A
    { 25, 18, 437, 1, 18, 113, 9602 }, // U+044B
    { 16, 18, 286, 1, 18, 72, 9715 }, // U+044C
    { 14, 18, 264, 1, 18, 63, 9787 }, // U+044D
    { 25, 18, 441, 1, 18, 113, 9850 }, // U+044E
    { 18, 18, 304, 1, 18, 81, 9963 }, // U+044F
    { 15, 26, 285, 1, 26, 98, 10044 }, // U+0450
    { 15, 25, 285, 1, 25, 94, 10142 }, // U+0451
    { 17, 33, 322, 1, 25, 141, 10236 }, // U+0452
    { 14, 26, 253, 1, 26, 91, 10377 }, // U+0453
    { 14, 18, 262, 1, 18, 63, 10468 }, // U+0454
    { 13, 18, 241, 1, 18, 59, 10531 }, // U+0455
    { 9, 25, 183, 1, 25, 57, 10590 }, // U+0456
    { 10, 25, 183, 1, 25, 63, 10647 }, // U+0457
    { 8, 33, 173, 0, 25, 66, 10710 }, // U+0458
    { 26, 18, 420, 1, 18, 117, 10776 }, // U+0459
    { 27, 18, 453, 1, 18, 122, 10893 }, // U+045A
    { 20, 25, 352, 1, 25, 125, 11015 }, // U+045B
    { 19, 26, 316, 1, 26, 124, 11140 }, // U+045C
    { 20, 26, 360, 1, 26, 130, 11264 }, // U+045D
    { 20, 33, 304, -1, 25, 165, 11394 }, // U+045E
    { 20, 24, 352, 1, 18, 120, 11559 }, // U+045F
    { 32, 24, 524, 0, 24, 192, 11679 }, // U+0460
    { 26, 18, 434, 0, 18, 117, 11871 }, // U+0461
    { 21, 24, 355, 0, 24, 126, 11988 }, // U+0462
    { 18, 25, 317, 1, 25, 113, 12114 }, // U+0463
    { 28, 24, 486, 1, 24, 168, 12227 }, // U+0464
    { 25, 18, 423, 1, 18, 113, 12395 }, // U+0465
    { 24, 24, 368, 0, 24, 144, 12508 }, // U+0466
    { 20, 18, 314, 1, 18, 90, 12652 }, // U+0467
    { 34, 24, 559, 1, 24, 204, 12742 }, // U+0468
    { 27, 18, 443, 1, 18, 122, 12946 }, // U+0469
    { 27, 24, 420, 0, 24, 162, 13068 }, // U+046A
    { 24, 18, 374, 0, 18, 108, 13230 }, // U+046B
    { 37, 24, 606, 1, 24, 222, 13338 }, // U+046C
    { 31, 18, 503, 1, 18, 140, 13560 }, // U+046D
    { 16, 36, 322, 2, 28, 144, 13700 }, // U+046E
    { 15, 30, 261, 1, 22, 113, 13844 }, // U+046F
    { 28, 24, 442, 0, 24, 168, 13957 }, // U+0470
    { 21, 33, 370, 1, 25, 174, 14125 }, // U+0471
    { 21, 24, 396, 2, 24, 126, 14299 }, // U+0472
    { 16, 18, 308, 2, 18, 72, 14425 }, // U+0473
    { 24, 24, 370, 0, 24, 144, 14497 }, // U+0474
    { 20, 18, 312, 1, 18, 90, 14641 }, // U+0475
    { 24, 31, 370, 0, 31, 186, 14731 }, // U+0476
    { 20, 25, 312, 1, 25, 125, 14917 }, // U+0477
    { 39, 32, 655, 2, 24, 312, 15042 }, // U+0478
    { 33, 26, 556, 2, 18, 215, 15354 }, // U+0479
    { 22, 27, 417, 2, 25, 149, 15569 }, // U+047A
    { 18, 21, 340, 2, 19, 95, 15718 }, // U+047B
    { 29, 34, 524, 2, 34, 247, 15813 }, // U+047C
    { 23, 29, 421, 2, 29, 167, 16060 }, // U+047D
    { 31, 29, 524, 0, 29, 225, 16227 }, // U+047E
    { 26, 24, 434, -1, 24, 156, 16452 }, // U+047F
    { 18, 32, 327, 2, 24, 144, 16608 }, // U+0480
    { 13, 26, 262, 2, 18, 85, 16752 }, // U+0481
    { 18, 22, 325, 1, 21, 99, 16837 }, // U+0482
    { 12, 6, 0, -6, 24, 18, 16936 }, // U+0483
    { 13, 4, 0, -6, 24, 13, 16954 }, // U+0484
    { 4, 6, 0, -2, 26, 6, 16967 }, // U+0485
    { 5, 6, 0, -2, 26, 8, 16973 }, // U+0486
    { 14, 4, 0, -7, 29, 14, 16981 }, // U+0487
    { 41, 37, 0, -20, 27, 380, 16995 }, // U+0488
    { 39, 39, 0, -20, 28, 381, 17375 }, // U+0489
    { 25, 37, 431, 1, 30, 232, 17756 }, // U+048A
    { 20, 32, 360, 1, 25, 160, 17988 }, // U+048B
    { 18, 25, 322, 1, 25, 113, 18148 }, // U+048C
    { 18, 21, 317, 1, 21, 95, 18261 }, // U+048D
    { 18, 24, 322, 1, 24, 108, 18356 }, // U+048E
    { 18, 26, 327, 1, 18, 117, 18464 }, // U+048F
    { 16, 28, 290, 1, 28, 112, 18581 }, // U+0490
    { 13, 22, 237, 1, 22, 72, 18693 }, // U+0491
    { 17, 24, 299, 1, 24, 102, 18765 }, // U+0492
    { 14, 18, 244, 1, 18, 63, 18867 }, // U+0493
    { 20, 32, 351, 1, 24, 160, 18930 }, // U+0494
    { 17, 26, 293, 1, 18, 111, 19090 }, // U+0495
    { 34, 31, 552, 0, 24, 264, 19201 }, // U+0496
    { 30, 25, 491, 0, 18, 188, 19465 }, // U+0497
    { 17, 31, 322, 1, 24, 132, 19653 }, // U+0498
    { 14, 25, 261, 1, 18, 88, 19785 }, // U+0499
    { 23, 31, 395, 1, 24, 179, 19873 }, // U+049A
    { 20, 25, 342, 1, 18, 125, 20052 }, // U+049B
    { 23, 24, 389, 1, 24, 138, 20177 }, // U+049C
    { 21, 18, 344, 1, 18, 95, 20315 }, // U+049D
    { 22, 24, 373, 1, 24, 132, 20410 }, // U+049E
    { 21, 25, 328, 0, 25, 132, 20542 }, // U+049F
    { 27, 24, 419, 0, 24, 162, 20674 }, // U+04A0
    { 24, 18, 378, 0, 18, 108, 20836 }, // U+04A1
    { 24, 31, 423, 1, 24, 186, 20944 }, // U+04A2
    { 21, 25, 367, 1, 18, 132, 21130 }, // U+04A3
    { 28, 24, 468, 1, 24, 168, 21262 }, // U+04A4
    { 25, 18, 416, 1, 18, 113, 21430 }, // U+04A5
    { 33, 32, 562, 1, 24, 264, 21543 }, // U+04A6
    { 28, 26, 473, 1, 18, 182, 21807 }, // U+04A7
    { 22, 25, 395, 2, 24, 138, 21989 }, // U+04A8
    { 18, 19, 332, 2, 18, 86, 22127 }, // U+04A9
    { 18, 31, 327, 2, 24, 140, 22213 }, // U+04AA
    { 13, 25, 262, 2, 18, 82, 22353 }, // U+04AB
    { 19, 31, 327, 1, 24, 148, 22435 }, // U+04AC
    { 17, 25, 292, 1, 18, 107, 22583 }, // U+04AD
    { 21, 24, 333, 0, 24, 126, 22690 }, // U+04AE
    { 20, 26, 309, 1, 18, 130, 22816 }, // U+04AF
    { 21, 24, 333, 0, 24, 126, 22946 }, // U+04B0
    { 19, 26, 309, 1, 18, 124, 23072 }, // U+04B1
    { 23, 31, 378, 0, 24, 179, 23196 }, // U+04B2
    { 20, 25, 326, 0, 18, 125, 23375 }, // U+04B3
    { 28, 31, 476, 0, 24, 217, 23500 }, // U+04B4
    { 26, 25, 435, 1, 18, 163, 23717 }, // U+04B5
    { 23, 31, 403, 1, 24, 179, 23880 }, // U+04B6
    { 20, 25, 341, 0, 18, 125, 24059 }, // U+04B7
    { 23, 24, 404, 1, 24, 138, 24184 }, // U+04B8
    { 20, 18, 337, 0, 18, 90, 24322 }, // U+04B9
    { 23, 24, 403, 1, 24, 138, 24412 }, // U+04BA
    { 20, 25, 339, 1, 25, 125, 24550 }, // U+04BB
    { 25, 24, 431, 1, 24, 150, 24675 }, // U+04BC
    { 20, 18, 341, 1, 18, 90, 24825 }, // U+04BD
    { 25, 31, 431, 1, 24, 194, 24915 }, // U+04BE
    { 20, 25, 341, 1, 18, 125, 25109 }, // U+04BF
    { 10, 24, 196, 1, 24, 60, 25234 }, // U+04C0
    { 35, 30, 523, -1, 30, 263, 25294 }, // U+04C1
    { 27, 25, 427, 0, 25, 169, 25557 }, // U+04C2
    { 21, 32, 370, 1, 24, 168, 25726 }, // U+04C3
    { 19, 26, 326, 1, 18, 124, 25894 }, // U+04C4
    { 25, 31, 389, 0, 24, 194, 26018 }, // U+04C5
    { 20, 25, 327, 1, 18, 125, 26212 }, // U+04C6
    { 24, 32, 418, 1, 24, 192, 26337 }, // U+04C7
    { 22, 26, 362, 1, 18, 143, 26529 }, // U+04C8
    { 25, 31, 423, 1, 24, 194, 26672 }, // U+04C9
    { 20, 25, 357, 1, 18, 125, 26866 }, // U+04CA
    { 24, 31, 403, 1, 24, 186, 26991 }, // U+04CB
    { 20, 25, 341, 0, 18, 125, 27177 }, // U+04CC
    { 30, 31, 500, 1, 24, 233, 27302 }, // U+04CD
    { 26, 25, 440, 1, 18, 163, 27535 }, // U+04CE
    { 10, 24, 196, 1, 24, 60, 27698 }, // U+04CF
    { 23, 30, 376, 0, 30, 173, 27758 }, // U+04D0
    { 16, 25, 300, 2, 25, 100, 27931 }, // U+04D1
    { 23, 30, 376, 0, 30, 173, 28031 }, // U+04D2
    { 16, 25, 300, 2, 25, 100, 28204 }, // U+04D3
    { 30, 24, 507, 0, 24, 180, 28304 }, // U+04D4
    { 25, 18, 448, 2, 18, 113, 28484 }, // U+04D5
    { 19, 30, 332, 0, 30, 143, 28597 }, // U+04D6
    { 15, 25, 285, 2, 25, 94, 28740 }, // U+04D7
    { 19, 24, 368, 2, 24, 114, 28834 }, // U+04D8
    { 15, 18, 285, 2, 18, 68, 28948 }, // U+04D9
    { 19, 30, 368, 2, 30, 143, 29016 }, // U+04DA
    { 15, 25, 285, 2, 25, 94, 29159 }, // U+04DB
    { 35, 30, 523, -1, 30, 263, 29253 }, // U+04DC
    { 27, 25, 427, 0, 25, 169, 29516 }, // U+04DD
    { 17, 30, 317, 1, 30, 128, 29685 }, // U+04DE
    { 14, 25, 253, 1, 25, 88, 29813 }, // U+04DF
    { 17, 24, 322, 1, 24, 102, 29901 }, // U+04E0
    { 15, 26, 292, 1, 18, 98, 30003 }, // U+04E1
    { 24, 28, 430, 1, 28, 168, 30101 }, // U+04E2
    { 20, 22, 360, 1, 22, 110, 30269 }, // U+04E3
    { 24, 30, 430, 1, 30, 180, 30379 }, // U+04E4
    { 20, 25, 360, 1, 25, 125, 30559 }, // U+04E5
    { 21, 30, 396, 2, 30, 158, 30684 }, // U+04E6
    { 16, 25, 308, 2, 25, 100, 30842 }, // U+04E7
    { 21, 24, 396, 2, 24, 126, 30942 }, // U+04E8
    { 16, 18, 308, 2, 18, 72, 31068 }, // U+04E9
    { 21, 30, 396, 2, 30, 158, 31140 }, // U+04EA
    { 16, 25, 308, 2, 25, 100, 31298 }, // U+04EB
    { 18, 30, 334, 1, 30, 135, 31398 }, // U+04EC
    { 14, 25, 264, 1, 25, 88, 31533 }, // U+04ED
    { 22, 28, 347, 0, 28, 154, 31621 }, // U+04EE
    { 20, 30, 301, -1, 22, 150, 31775 }, // U+04EF
    { 22, 30, 347, 0, 30, 165, 31925 }, // U+04F0
    { 20, 33, 301, -1, 25, 165, 32090 }, // U+04F1
    { 22, 31, 347, 0, 31, 171, 32255 }, // U+04F2
    { 20, 33, 301, -1, 25, 165, 32426 }, // U+04F3
    { 24, 30, 404, 1, 30, 180, 32591 }, // U+04F4
    { 20, 25, 337, 0, 25, 125, 32771 }, // U+04F5
    { 18, 31, 299, 0, 24, 140, 32896 }, // U+04F6
    { 15, 25, 244, 0, 18, 94, 33036 }, // U+04F7
    { 28, 30, 488, 1, 30, 210, 33130 }, // U+04F8
    { 25, 25, 437, 1, 25, 157, 33340 }, // U+04F9
    { 17, 31, 299, 1, 24, 132, 33497 }, // U+04FA
    { 14, 25, 244, 1, 18, 88, 33629 }, // U+04FB
    { 22, 31, 352, 0, 24, 171, 33717 }, // U+04FC
    { 19, 25, 308, 0, 18, 119, 33888 }, // U+04FD
    { 22, 24, 352, 0, 24, 132, 34007 }, // U+04FE
    { 19, 18, 308, 0, 18, 86, 34139 }, // U+04FF
    { 23, 30, 376, 0, 24, 173, 0 }, // U+1EA0
    { 16, 24, 300, 2, 18, 96, 173 }, // U+1EA1
    { 23, 33, 376, 0, 33, 190, 269 }, // U+1EA2
    { 16, 28, 300, 2, 28, 112, 459 }, // U+1EA3
    { 23, 32, 376, 0, 32, 184, 571 }, // U+1EA4
    { 16, 27, 300, 2, 27, 108, 755 }, // U+1EA5
    { 23, 32, 376, 0, 32, 184, 863 }, // U+1EA6
    { 18, 27, 300, 0, 27, 122, 1047 }, // U+1EA7
    { 23, 34, 376, 0, 34, 196, 1169 }, // U+1EA8
    { 16, 29, 300, 2, 29, 116, 1365 }, // U+1EA9
    { 23, 35, 376, 0, 35, 202, 1481 }, // U+1EAA
    { 16, 30, 300, 2, 30, 120, 1683 }, // U+1EAB
    { 23, 37, 376, 0, 31, 213, 1803 }, // U+1EAC
    { 16, 31, 300, 2, 25, 124, 2016 }, // U+1EAD
    { 23, 34, 376, 0, 34, 196, 2140 }, // U+1EAE
    { 16, 28, 300, 2, 28, 112, 2336 }, // U+1EAF
    { 23, 34, 376, 0, 34, 196, 2448 }, // U+1EB0
    { 16, 28, 300, 2, 28, 112, 2644 }, // U+1EB1
    { 23, 35, 376, 0, 35, 202, 2756 }, // U+1EB2
    { 16, 30, 300, 2, 30, 120, 2958 }, // U+1EB3
    { 23, 35, 376, 0, 35, 202, 3078 }, // U+1EB4
    { 16, 30, 300, 2, 30, 120, 3280 }, // U+1EB5
    { 23, 36, 376, 0, 30, 207, 3400 }, // U+1EB6
    { 16, 31, 300, 2, 25, 124, 3607 }, // U+1EB7
    { 19, 30, 332, 0, 24, 143, 3731 }, // U+1EB8
    { 15, 24, 285, 2, 18, 90, 3874 }, // U+1EB9
    { 19, 33, 332, 0, 33, 157, 3964 }, // U+1EBA
    { 15, 28, 285, 2, 28, 105, 4121 }, // U+1EBB
    { 19, 30, 332, 0, 30, 143, 4226 }, // U+1EBC
    { 15, 25, 285, 2, 25, 94, 4369 }, // U+1EBD
    { 20, 32, 332, 0, 32, 160, 4463 }, // U+1EBE
    { 16, 27, 285, 2, 27, 108, 4623 }, // U+1EBF
    { 19, 32, 332, 0, 32, 152, 4731 }, // U+1EC0
    { 17, 27, 285, 0, 27, 115, 4883 }, // U+1EC1
    { 19, 34, 332, 0, 34, 162, 4998 }, // U+1EC2
    { 15, 29, 285, 2, 29, 109, 5160 }, // U+1EC3
    { 19, 35, 332, 0, 35, 167, 5269 }, // U+1EC4
    { 15, 30, 285, 2, 30, 113, 5436 }, // U+1EC5
    { 19, 37, 332, 0, 31, 176, 5549 }, // U+1EC6
    { 15, 31, 285, 2, 25, 117, 5725 }, // U+1EC7
    { 10, 33, 196, 1, 33, 83, 5842 }, // U+1EC8
    { 9, 27, 171, 1, 27, 61, 5925 }, // U+1EC9
    { 10, 30, 196, 1, 24, 75, 5986 }, // U+1ECA
    { 9, 31, 171, 1, 25, 70, 6061 }, // U+1ECB
    { 22, 30, 396, 2, 24, 165, 6131 }, // U+1ECC
    { 16, 24, 308, 2, 18, 96, 6296 }, // U+1ECD
    { 21, 33, 396, 2, 33, 174, 6392 }, // U+1ECE
    { 16, 28, 308, 2, 28, 112, 6566 }, // U+1ECF
    { 21, 33, 396, 2, 33, 174, 6678 }, // U+1ED0
    { 17, 27, 308, 2, 27, 115, 6852 }, // U+1ED1
    { 21, 33, 396, 2, 33, 174, 6967 }, // U+1ED2
    { 18, 27, 308, 0, 27, 122, 7141 }, // U+1ED3
    { 21, 34, 396, 2, 34, 179, 7263 }, // U+1ED4
    { 16, 29, 308, 2, 29, 116, 7442 }, // U+1ED5
    { 21, 35, 396, 2, 35, 184, 7558 }, // U+1ED6
    { 16, 30, 308, 2, 30, 120, 7742 }, // U+1ED7
    { 22, 37, 396, 2, 31, 204, 7862 }, // U+1ED8
    { 16, 31, 308, 2, 25, 124, 8066 }, // U+1ED9
    { 24, 32, 415, 2, 32, 192, 8190 }, // U+1EDA
    { 19, 26, 324, 2, 26, 124, 8382 }, // U+1EDB
    { 24, 32, 415, 2, 32, 192, 8506 }, // U+1EDC
    { 19, 26, 324, 2, 26, 124, 8698 }, // U+1EDD
    { 24, 33, 415, 2, 33, 198, 8822 }, // U+1EDE
    { 19, 28, 324, 2, 28, 133, 9020 }, // U+1EDF
    { 24, 31, 415, 2, 31, 186, 9153 }, // U+1EE0
    { 19, 25, 324, 2, 25, 119, 9339 }, // U+1EE1
    { 24, 31, 415, 2, 25, 186, 9458 }, // U+1EE2
    { 19, 27, 324, 2, 21, 129, 9644 }, // U+1EE3
    { 23, 30, 382, 1, 24, 173, 9773 }, // U+1EE4
    { 20, 24, 339, 1, 18, 120, 9946 }, // U+1EE5
    { 23, 33, 382, 1, 33, 190, 10066 }, // U+1EE6
    { 20, 28, 339, 1, 28, 140, 10256 }, // U+1EE7
    { 25, 32, 415, 1, 32, 200, 10396 }, // U+1EE8
    { 22, 26, 360, 1, 26, 143, 10596 }, // U+1EE9
    { 25, 32, 415, 1, 32, 200, 10739 }, // U+1EEA
    { 22, 26, 360, 1, 26, 143, 10939 }, // U+1EEB
    { 25, 33, 415, 1, 33, 207, 11082 }, // U+1EEC
    { 22, 28, 360, 1, 28, 154, 11289 }, // U+1EED
    { 25, 31, 415, 1, 31, 194, 11443 }, // U+1EEE
    { 22, 25, 360, 1, 25, 138, 11637 }, // U+1EEF
    { 25, 31, 415, 1, 25, 194, 11775 }, // U+1EF0
    { 22, 27, 360, 1, 21, 149, 11969 }, // U+1EF1
    { 21, 31, 333, 0, 31, 163, 12118 }, // U+1EF2
    { 20, 33, 301, -1, 25, 165, 12281 }, // U+1EF3
    { 21, 30, 333, 0, 24, 158, 12446 }, // U+1EF4
    { 20, 26, 301, -1, 18, 130, 12604 }, // U+1EF5
    { 21, 33, 333, 0, 33, 174, 12734 }, // U+1EF6
    { 20, 35, 301, -1, 27, 175, 12908 }, // U+1EF7
    { 21, 30, 333, 0, 30, 158, 13083 }, // U+1EF8
    { 20, 33, 301, -1, 25, 165, 13241 }, // U+1EF9
    { 0, 0, 267, 0, 0, 0, 0 }, // U+2000
    { 0, 0, 533, 0, 0, 0, 0 }, // U+2001
    { 0, 0, 267, 0, 0, 0, 0 }, // U+2002
    { 0, 0, 533, 0, 0, 0, 0 }, // U+2003
    { 0, 0, 178, 0, 0, 0, 0 }, // U+2004
    { 0, 0, 133, 0, 0, 0, 0 }, // U+2005
    { 0, 0, 89, 0, 0, 0, 0 }, // U+2006
    { 0, 0, 298, 0, 0, 0, 0 }, // U+2007
    { 0, 0, 133, 0, 0, 0, 0 }, // U+2008
    { 0, 0, 89, 0, 0, 0, 0 }, // U+2009
    { 0, 0, 53, 0, 0, 0, 0 }, // U+200A
    { 0, 0, 0, 0, 0, 0, 0 }, // U+200B
    { 2, 25, 0, -1, 21, 13, 0 }, // U+200C
    { 8, 28, 0, -4, 24, 56, 13 }, // U+200D
    { 9, 28, 0, -1, 24, 63, 69 }, // U+200E
    { 8, 28, 0, -7, 24, 56, 132 }, // U+200F
    { 9, 3, 165, 1, 11, 7, 188 }, // U+2010
    { 9, 3, 165, 1, 11, 7, 195 }, // U+2011
    { 16, 2, 298, 1, 13, 8, 202 }, // U+2012
    { 17, 2, 267, 0, 10, 9, 210 }, // U+2013
    { 34, 2, 533, 0, 10, 17, 219 }, // U+2014
    { 34, 2, 533, 0, 10, 17, 236 }, // U+2015
    { 7, 33, 298, 6, 25, 58, 253 }, // U+2016
    { 14, 6, 219, 0, -1, 21, 311 }, // U+2017
    { 6, 10, 133, 2, 24, 15, 332 }, // U+2018
    { 6, 10, 133, 0, 24, 15, 347 }, // U+2019
    { 6, 10, 133, 0, 4, 15, 362 }, // U+201A
    { 6, 10, 133, 2, 24, 15, 377 }, // U+201B
    { 12, 10, 240, 2, 24, 30, 392 }, // U+201C
    { 13, 10, 240, 0, 24, 33, 422 }, // U+201D
    { 13, 10, 240, 0, 4, 33, 455 }, // U+201E
    { 12, 10, 240, 2, 24, 30, 488 }, // U+201F
    { 13, 29, 239, 1, 25, 95, 518 }, // U+2020
    { 13, 29, 239, 1, 25, 95, 613 }, // U+2021
    { 9, 10, 193, 2, 17, 23, 708 }, // U+2022
    { 11, 11, 267, 3, 17, 31, 731 }, // U+2023
    { 4, 4, 133, 2, 13, 4, 762 }, // U+2024
    { 14, 4, 286, 2, 13, 14, 766 }, // U+2025
    { 24, 4, 458, 3, 4, 24, 780 }, // U+2026
    { 4, 4, 133, 2, 11, 4, 804 }, // U+2027
    { 0, 0, 320, 0, 0, 0, 808 }, // U+2028
    { 0, 0, 320, 0, 0, 0, 808 }, // U+2029
    { 9, 25, 0, -1, 21, 57, 808 }, // U+202A
    { 8, 25, 0, -7, 21, 50, 865 }, // U+202B
    { 8, 27, 0, -4, 23, 54, 915 }, // U+202C
    { 9, 27, 0, -5, 23, 61, 969 }, // U+202D
    { 8, 27, 0, -4, 23, 54, 1030 }, // U+202E
    { 0, 0, 89, 0, 0, 0, 1084 }, // U+202F
    { 41, 24, 688, 1, 24, 246, 1084 }, // U+2030
    { 54, 24, 899, 1, 24, 324, 1330 }, // U+2031
    { 6, 8, 100, 0, 24, 12, 1654 }, // U+2032
    { 12, 8, 201, 0, 24, 24, 1666 }, // U+2033
    { 19, 8, 301, 0, 24, 38, 1690 }, // U+2034
    { 6, 8, 100, 0, 24, 12, 1728 }, // U+2035
    { 12, 8, 201, 0, 24, 24, 1740 }, // U+2036
    { 19, 8, 301, 0, 24, 38, 1764 }, // U+2037
    { 11, 10, 213, 1, 2, 28, 1802 }, // U+2038
    { 7, 13, 178, 2, 16, 23, 1830 }, // U+2039
    { 7, 13, 178, 2, 16, 23, 1853 }, // U+203A
    { 24, 24, 437, 2, 24, 144, 1876 }, // U+203B
    { 12, 24, 298, 3, 24, 72, 2020 }, // U+203C
    { 15, 24, 288, 1, 24, 90, 2092 }, // U+203D
    { 16, 2, 245, 0, 27, 8, 2182 }, // U+203E
    { 26, 6, 0, -13, -1, 39, 2190 }, // U+203F
    { 26, 6, 0, -13, 27, 39, 2229 }, // U+2040
    { 15, 24, 240, 0, 24, 90, 2268 }, // U+2041
    { 31, 25, 533, 1, 25, 194, 2358 }, // U+2042
    { 9, 5, 193, 2, 14, 12, 2552 }, // U+2043
    { 15, 24, 33, -6, 24, 90, 2564 }, // U+2044
    { 8, 30, 192, 3, 25, 60, 2654 }, // U+2045
    { 9, 30, 192, 0, 25, 68, 2714 }, // U+2046
    { 30, 24, 509, 1, 24, 180, 2782 }, // U+2047
    { 21, 24, 410, 1, 24, 126, 2962 }, // U+2048
    { 21, 24, 405, 3, 24, 126, 3088 }, // U+2049
    { 15, 25, 298, 2, 19, 94, 3214 }, // U+204A
    { 18, 29, 329, 1, 25, 131, 3308 }, // U+204B
    { 17, 12, 318, 1, 18, 51, 3439 }, // U+204C
    { 17, 12, 318, 1, 18, 51, 3490 }, // U+204D
    { 15, 13, 267, 1, 18, 49, 3541 }, // U+204E
    { 6, 23, 153, 2, 18, 35, 3590 }, // U+204F
    { 22, 24, 389, 1, 24, 132, 3625 }, // U+2050
    { 15, 27, 267, 1, 25, 102, 3757 }, // U+2051
    { 11, 24, 175, 0, 24, 66, 3859 }, // U+2052
    { 16, 6, 298, 1, 15, 24, 3925 }, // U+2053
    { 26, 6, 0, -13, -1, 39, 3949 }, // U+2054
    { 15, 15, 288, 2, 19, 57, 3988 }, // U+2055
    { 15, 18, 327, 3, 18, 68, 4045 }, // U+2056
    { 23, 8, 369, 0, 24, 46, 4113 }, // U+2057
    { 18, 18, 378, 3, 18, 81, 4159 }, // U+2058
    { 18, 18, 378, 3, 18, 81, 4240 }, // U+2059
    { 4, 24, 153, 3, 24, 24, 4321 }, // U+205A
    { 18, 24, 378, 3, 24, 108, 4345 }, // U+205B
    { 18, 18, 372, 3, 18, 81, 4453 }, // U+205C
    { 4, 24, 153, 3, 24, 24, 4534 }, // U+205D
    { 4, 24, 153, 3, 24, 24, 4558 }, // U+205E
    { 0, 0, 118, 0, 0, 0, 4582 }, // U+205F
    { 0, 0, 320, 0, 0, 0, 4582 }, // U+2060
    { 0, 0, 320, 0, 0, 0, 4582 }, // U+2061
    { 0, 0, 320, 0, 0, 0, 4582 }, // U+2062
    { 0, 0, 320, 0, 0, 0, 4582 }, // U+2063
    { 0, 0, 320, 0, 0, 0, 4582 }, // U+2064
    { 0, 0, 0, 0, 0, 0, 4582 }, // U+2066
    { 0, 0, 0, 0, 0, 0, 4582 }, // U+2067
    { 0, 0, 0, 0, 0, 0, 4582 }, // U+2068
    { 0, 0, 0, 0, 0, 0, 4582 }, // U+2069
    { 8, 27, 0, -4, 23, 54, 4582 }, // U+206A
    { 8, 27, 0, -5, 23, 54, 4636 }, // U+206B
    { 9, 27, 0, -4, 23, 61, 4690 }, // U+206C
    { 9, 28, 0, -4, 24, 63, 4751 }, // U+206D
    { 9, 28, 0, -4, 24, 63, 4814 }, // U+206E
    { 8, 27, 0, -4, 23, 54, 4877 }, // U+206F
    { 11, 15, 213, 1, 28, 42, 0 }, // U+2070
    { 7, 15, 111, 0, 25, 27, 42 }, // U+2071
    { 12, 15, 213, 1, 28, 45, 69 }, // U+2074
    { 10, 15, 213, 1, 28, 38, 114 }, // U+2075
    { 10, 15, 213, 2, 28, 38, 152 }, // U+2076
    { 10, 15, 213, 2, 28, 38, 190 }, // U+2077
    { 11, 15, 213, 1, 28, 42, 228 }, // U+2078
    { 10, 15, 213, 1, 28, 38, 270 }, // U+2079
    { 11, 11, 210, 1, 25, 31, 308 }, // U+207A
    { 11, 2, 210, 1, 21, 6, 339 }, // U+207B
    { 11, 7, 210, 1, 23, 20, 345 }, // U+207C
    { 7, 21, 133, 2, 31, 37, 365 }, // U+207D
    { 7, 21, 133, -1, 31, 37, 402 }, // U+207E
    { 13, 11, 223, 1, 21, 36, 439 }, // U+207F
    { 11, 14, 213, 1, 11, 39, 475 }, // U+2080
    { 10, 14, 213, 1, 11, 35, 514 }, // U+2081
    { 10, 14, 213, 1, 11, 35, 549 }, // U+2082
    { 10, 14, 213, 1, 11, 35, 584 }, // U+2083
    { 12, 14, 213, 1, 11, 42, 619 }, // U+2084
    { 10, 14, 213, 1, 11, 35, 661 }, // U+2085
    { 10, 14, 213, 2, 11, 35, 696 }, // U+2086
    { 10, 14, 213, 2, 11, 35, 731 }, // U+2087
    { 11, 14, 213, 1, 11, 39, 766 }, // U+2088
    { 10, 14, 213, 1, 11, 35, 805 }, // U+2089
    { 11, 11, 210, 1, 9, 31, 840 }, // U+208A
    { 11, 2, 210, 1, 4, 6, 871 }, // U+208B
    { 11, 7, 210, 1, 6, 20, 877 }, // U+208C
    { 7, 21, 133, 2, 14, 37, 897 }, // U+208D
    { 7, 21, 133, -1, 14, 37, 934 }, // U+208E
    { 11, 11, 195, 1, 8, 31, 971 }, // U+2090
    { 10, 11, 186, 1, 8, 28, 1002 }, // U+2091
    { 11, 11, 200, 1, 8, 31, 1030 }, // U+2092
    { 13, 11, 201, 0, 8, 36, 1061 }, // U+2093
    { 10, 11, 186, 1, 8, 28, 1097 }, // U+2094
    { 13, 15, 220, 0, 12, 49, 1125 }, // U+2095
    { 13, 15, 203, 0, 12, 49, 1174 }, // U+2096
    { 8, 15, 108, -1, 12, 30, 1223 }, // U+2097
    { 20, 11, 327, 1, 8, 55, 1253 }, // U+2098
    { 13, 11, 223, 1, 8, 36, 1308 }, // U+2099
    { 13, 17, 213, -1, 8, 56, 1344 }, // U+209A
    { 9, 11, 156, 0, 8, 25, 1400 }, // U+209B
    { 8, 14, 122, 0, 11, 28, 1425 }, // U+209C
    { 20, 24, 353, 1, 24, 120, 0 }, // U+20A0
    { 18, 27, 327, 2, 25, 122, 120 }, // U+20A1
    { 18, 24, 327, 2, 24, 108, 242 }, // U+20A2
    { 16, 24, 298, 1, 24, 96, 350 }, // U+20A3
    { 16, 24, 298, 2, 24, 96, 446 }, // U+20A4
    { 30, 26, 504, 1, 22, 195, 542 }, // U+20A5
    { 21, 24, 354, 1, 24, 126, 737 }, // U+20A6
    { 25, 24, 437, 1, 24, 150, 863 }, // U+20A7
    { 31, 24, 544, 1, 24, 186, 1013 }, // U+20A8
    { 36, 24, 558, 0, 24, 216, 1199 }, // U+20A9
    { 23, 20, 476, 4, 20, 115, 1415 }, // U+20AA
    { 18, 29, 327, 2, 25, 131, 1530 }, // U+20AB
    { 18, 24, 298, 1, 24, 108, 1661 }, // U+20AC
    { 24, 24, 373, 1, 24, 144, 1769 }, // U+20AD
    { 20, 24, 298, 0, 24, 120, 1913 }, // U+20AE
    { 33, 34, 533, 0, 27, 281, 2033 }, // U+20AF
    { 17, 32, 298, -1, 24, 136, 2314 }, // U+20B0
    { 20, 24, 322, 1, 24, 120, 2450 }, // U+20B1
    { 22, 29, 381, 2, 26, 160, 2570 }, // U+20B2
    { 23, 24, 376, 0, 24, 138, 2730 }, // U+20B3
    { 17, 24, 290, 1, 24, 102, 2868 }, // U+20B4
    { 18, 29, 327, 2, 26, 131, 2970 }, // U+20B5
    { 18, 24, 316, 1, 24, 108, 3101 }, // U+20B6
    { 17, 27, 298, 0, 24, 115, 3209 }, // U+20B7
    { 16, 24, 298, 1, 24, 96, 3324 }, // U+20B8
    { 17, 24, 298, 1, 24, 102, 3420 }, // U+20B9
    { 18, 24, 298, 1, 24, 108, 3522 }, // U+20BA
    { 20, 24, 348, 1, 24, 120, 3630 }, // U+20BB
    { 20, 23, 419, 3, 23, 115, 3750 }, // U+20BC
    { 17, 24, 315, 1, 24, 102, 3865 }, // U+20BD
    { 19, 25, 358, 2, 25, 119, 3967 }, // U+20BE
    { 17, 29, 298, 1, 26, 124, 4086 }, // U+20BF
    { 14, 22, 262, 1, 18, 77, 4210 }, // U+20C0
    { 15, 3, 309, 2, 13, 12, 0 }, // U+2212
    { 25, 25, 378, 1, 25, 157, 0 }, // U+FB00
    { 21, 26, 354, 1, 26, 137, 157 }, // U+FB01
    { 21, 25, 353, 1, 25, 132, 294 }, // U+FB02
    { 32, 26, 534, 1, 26, 208, 426 }, // U+FB03
    { 32, 25, 534, 1, 25, 200, 634 }, // U+FB04
    { 21, 25, 356, 1, 25, 132, 834 }, // U+FB05
    { 24, 25, 421, 1, 25, 150, 966 }, // U+FB06
    { 32, 31, 533, 1, 26, 248, 0 }, // U+FFFD
};

static const EpdUnicodeInterval notoserif_16_regularIntervals[] = {
    { 0x0, 0x0, 0x0 },
    { 0xD, 0xD, 0x1 },
    { 0x20, 0x7E, 0x2 },
    { 0xA0, 0x17F, 0x61 },
    { 0x1A0, 0x1A1, 0x141 },
    { 0x1AF, 0x1B0, 0x143 },
    { 0x1C4, 0x21F, 0x145 },
    { 0x300, 0x36F, 0x1A1 },
    { 0x400, 0x4FF, 0x211 },
    { 0x1EA0, 0x1EF9, 0x311 },
    { 0x2000, 0x2064, 0x36B },
    { 0x2066, 0x2071, 0x3D0 },
    { 0x2074, 0x208E, 0x3DC },
    { 0x2090, 0x209C, 0x3F7 },
    { 0x20A0, 0x20C0, 0x404 },
    { 0x2212, 0x2212, 0x425 },
    { 0xFB00, 0xFB06, 0x426 },
    { 0xFFFD, 0xFFFD, 0x42D },
};

static const EpdFontGroup notoserif_16_regularGroups[] = {
    { 0, 3747, 9254, 97, 0 },
    { 3747, 3305, 10750, 96, 97 },
    { 7052, 4105, 17492, 128, 193 },
    { 11157, 4191, 15441, 96, 321 },
    { 15348, 1127, 2062, 112, 417 },
    { 16475, 11287, 36383, 256, 529 },
    { 27762, 2562, 14214, 90, 785 },
    { 30324, 1808, 5449, 111, 875 },
    { 32132, 777, 1651, 42, 986 },
    { 32909, 2163, 4617, 33, 1028 },
    { 35072, 12, 12, 1, 1061 },
    { 35084, 374, 1189, 7, 1062 },
    { 35458, 138, 248, 1, 1069 },
};

static const uint16_t notoserif_16_regularKernLeftCodepoints[] = {
    0x0022, 0x0026, 0x0027, 0x002A, 0x002C, 0x002E, 0x0040, 0x0041, 0x0042, 0x0044, 0x0045, 0x0046,
    0x0047, 0x004B, 0x004C, 0x004E, 0x004F, 0x0050, 0x0051, 0x0052, 0x0053, 0x0054, 0x0055, 0x0056,
    0x0057, 0x0058, 0x0059, 0x0061, 0x0062, 0x0065, 0x0066, 0x0067, 0x0068, 0x006B, 0x006D, 0x006E,
    0x006F, 0x0070, 0x0072, 0x0073, 0x0076, 0x0077, 0x0079, 0x00A1, 0x00BF, 0x00C0, 0x00C1, 0x00C2,
    0x00C3, 0x00C4, 0x00C5, 0x00C6, 0x00C8, 0x00C9, 0x00CA, 0x00CB, 0x00D0, 0x00D1, 0x00D2, 0x00D3,
    0x00D4, 0x00D5, 0x00D6, 0x00D8, 0x00D9, 0x00DA, 0x00DB, 0x00DC, 0x00DD, 0x00DE, 0x00DF, 0x00E0,
    0x00E1, 0x00E2, 0x00E3, 0x00E4, 0x00E5, 0x00E6, 0x00E8, 0x00E9, 0x00EA, 0x00EB, 0x00F0, 0x00F1,
    0x00F2, 0x00F3, 0x00F4, 0x00F5, 0x00F6, 0x00F8, 0x00FD, 0x00FE, 0x00FF, 0x0100, 0x0102, 0x0104,
    0x010E, 0x010F, 0x0110, 0x0112, 0x0113, 0x0114, 0x0115, 0x0116, 0x0117, 0x0118, 0x0119, 0x011A,
    0x011B, 0x011C, 0x011E, 0x0120, 0x0122, 0x0125, 0x0127, 0x0129, 0x0136, 0x0137, 0x0138, 0x0139,
    0x013B, 0x013E, 0x0141, 0x0143, 0x0144, 0x0145, 0x0146, 0x0147, 0x0148, 0x0149, 0x014B, 0x014C,
    0x014D, 0x014E, 0x014F, 0x0150, 0x0151, 0x0152, 0x0153, 0x0154, 0x0155, 0x0156, 0x0157, 0x0158,
    0x0159, 0x015A, 0x015B, 0x015C, 0x015D, 0x015E, 0x015F, 0x0160, 0x0161, 0x0162, 0x0164, 0x0165,
    0x0166, 0x0168, 0x016A, 0x016C, 0x016E, 0x0170, 0x0172, 0x0174, 0x0175, 0x0176, 0x0177, 0x0178,
    0x01A0, 0x01A1, 0x01AF, 0x01B0, 0x01FA, 0x01FC, 0x01FD, 0x01FE, 0x01FF, 0x0218, 0x0219, 0x021A,
    0x0402, 0x0409, 0x040A, 0x040E, 0x0423, 0x042A, 0x042C, 0x0431, 0x043E, 0x0440, 0x0444, 0x044D,
    0x044E, 0x0457, 0x0460, 0x0462, 0x0465, 0x0466, 0x0468, 0x046A, 0x046C, 0x046E, 0x046F, 0x0472,
    0x0473, 0x0474, 0x0476, 0x0478, 0x0479, 0x047A, 0x047B, 0x047C, 0x047D, 0x047E, 0x0481, 0x048C,
    0x048D, 0x048E, 0x048F, 0x0490, 0x0491, 0x0493, 0x0494, 0x0496, 0x0497, 0x0498, 0x0499, 0x049A,
    0x049B, 0x049C, 0x049D, 0x049E, 0x049F, 0x04A0, 0x04A1, 0x04A3, 0x04A4, 0x04A5, 0x04A6, 0x04A8,
    0x04AB, 0x04AC, 0x04AD, 0x04B2, 0x04B3, 0x04B5, 0x04B7, 0x04BA, 0x04BC, 0x04BD, 0x04BE, 0x04BF,
    0x04C3, 0x04C6, 0x04D0, 0x04D1, 0x04D2, 0x04D3, 0x04D4, 0x04D5, 0x04D6, 0x04D7, 0x04D8, 0x04D9,
    0x04DA, 0x04DB, 0x04E0, 0x04E6, 0x04E7, 0x04E8, 0x04E9, 0x04EA, 0x04EB, 0x04ED, 0x04EE, 0x04EF,
    0x04F0, 0x04F1, 0x04F2, 0x04F3, 0x04F6, 0x04F7, 0x04FB, 0x04FC, 0x04FD, 0x04FE, 0x04FF, 0x1EA0,
    0x1EA1, 0x1EA2, 0x1EA3, 0x1EA4, 0x1EA5, 0x1EA6, 0x1EA7, 0x1EA8, 0x1EA9, 0x1EAA, 0x1EAB, 0x1EAC,
    0x1EAD, 0x1EAE, 0x1EAF, 0x1EB0, 0x1EB1, 0x1EB2, 0x1EB3, 0x1EB4, 0x1EB5, 0x1EB6, 0x1EB7, 0x1EB8,
    0x1EB9, 0x1EBA, 0x1EBB, 0x1EBC, 0x1EBD, 0x1EBE, 0x1EBF, 0x1EC0, 0x1EC1, 0x1EC2, 0x1EC3, 0x1EC4,
    0x1EC5, 0x1EC6, 0x1EC7, 0x1ECC, 0x1ECD, 0x1ECE, 0x1ECF, 0x1ED0, 0x1ED1, 0x1ED2, 0x1ED3, 0x1ED4,
    0x1ED5, 0x1ED6, 0x1ED7, 0x1ED8, 0x1ED9, 0x1EDA, 0x1EDB, 0x1EDC, 0x1EDD, 0x1EDE, 0x1EDF, 0x1EE0,
    0x1EE1, 0x1EE2, 0x1EE3, 0x1EE4, 0x1EE6, 0x1EE8, 0x1EE9, 0x1EEA, 0x1EEB, 0x1EEC, 0x1EED, 0x1EEE,
    0x1EEF, 0x1EF0, 0x1EF1, 0x1EF2, 0x1EF3, 0x1EF4, 0x1EF5, 0x1EF6, 0x1EF7, 0x1EF8, 0x1EF9, 0x2018,
    0x2019, 0x201A, 0x201C, 0x201D, 0x201E, 0x2026, 0x207D, 0x208D, 0xFB00,
};

static const uint8_t notoserif_16_regularKernLeftClassIds[] = {
      1,   2,   1,   3,   4,   4,   5,   6,   7,   8,   9,  10,  11,  12,  13,  14,
      8,   3,   8,  15,  16,  17,  18,  19,  20,  21,  22,  23,  24,  25,  26,  27,
     23,  28,  23,  23,  24,  24,  29,  30,  31,  32,  33,  34,  35,  36,  36,  36,
     36,  36,  36,   9,   9,   9,   9,   9,   8,  14,   8,   8,   8,   8,   8,   8,
     18,  18,  18,  18,  22,   8,  24,  23,  23,  23,  23,  23,  23,  25,  25,  25,
     25,  25,  24,  23,  24,  24,  24,  24,  24,  24,  33,  24,  33,   6,  36,  36,
      8,  37,   8,   9,  25,   9,  25,   9,  25,   9,  25,   9,  25,  11,  11,  11,
     11,  23,  23,  38,  12,  28,  28,  13,  13,  37,  13,  14,  23,  14,  23,  14,
     23,  23,  23,   8,  24,   8,  24,   8,  24,   9,  25,  15,  29,  15,  29,  15,
     29,  16,  30,  16,  30,  16,  30,  16,  30,  17,  17,  39,  17,  18,  18,  18,
     18,  18,  18,  20,  32,  22,  33,  22,  40,  41,  42,  43,   6,   9,  25,   8,
     24,  16,  30,  17,  44,  45,  45,  46,  46,  45,  45,  47,  48,  48,  49,  49,
     49,  50,  51,  52,  53,  54,  54,  55,  55,  56,  24,  51,  48,  57,  57,  33,
     58,  51,  48,  51,  24,  51,  53,  52,  24,  59,  48,  60,  61,  61,  62,  55,
     63,  56,  48,  55,  63,  55,  63,  55,  63,  55,  63,  64,  60,  61,  62,  51,
     53,  60,  61,  65,  63,  64,  64,  62,  51,  48,  51,  48,  62,  64,  54,  23,
     54,  23,  66,  48,  66,  48,  51,  48,  51,  48,  56,  51,  48,  51,  48,  51,
     48,  48,  46,  58,  46,  58,  46,  58,  60,  61,  61,  65,  63,  65,  63,  36,
     23,  36,  23,  36,  23,  36,  23,  36,  23,  36,  23,  36,  23,  36,  23,  36,
     23,  36,  23,  36,  23,  36,  23,   9,  25,   9,  25,   9,  25,   9,  25,   9,
     25,   9,  25,   9,  25,   9,  25,   8,  24,   8,  24,   8,  24,   8,  24,   8,
     24,   8,  24,   8,  24,  40,  41,  40,  41,  40,  41,  40,  41,  40,  41,  18,
     18,  42,  43,  42,  43,  42,  43,  42,  43,  42,  43,  22,  33,  22,  33,  22,
     33,  22,  33,  67,  68,   4,  67,  68,   4,   4,  69,  70,  26,
};

static const uint16_t notoserif_16_regularKernRightCodepoints[] = {
    0x0021, 0x0022, 0x0026, 0x0027, 0x0029, 0x002A, 0x002C, 0x002E, 0x003A, 0x003B, 0x003F, 0x0040,
    0x0041, 0x0042, 0x0043, 0x0044, 0x0045, 0x0046, 0x0047, 0x0048, 0x0049, 0x004A, 0x004B, 0x004C,
    0x004D, 0x004E, 0x004F, 0x0050, 0x0051, 0x0052, 0x0053, 0x0054, 0x0055, 0x0056, 0x0057, 0x0058,
    0x0059, 0x005A, 0x005D, 0x0061, 0x0062, 0x0063, 0x0064, 0x0065, 0x0067, 0x0068, 0x0069, 0x006B,
    0x006C, 0x006D, 0x006E, 0x006F, 0x0070, 0x0071, 0x0072, 0x0073, 0x0074, 0x0075, 0x0076, 0x0077,
    0x0078, 0x0079, 0x007A, 0x007D, 0x00AB, 0x00B7, 0x00BB, 0x00C0, 0x00C1, 0x00C2, 0x00C3, 0x00C4,
    0x00C5, 0x00C6, 0x00C7, 0x00C8, 0x00C9, 0x00CA, 0x00CB, 0x00CC, 0x00CD, 0x00CE, 0x00CF, 0x00D0,
    0x00D1, 0x00D2, 0x00D3, 0x00D4, 0x00D5, 0x00D6, 0x00D8, 0x00D9, 0x00DA, 0x00DB, 0x00DC, 0x00DD,
    0x00DE, 0x00E0, 0x00E1, 0x00E2, 0x00E3, 0x00E4, 0x00E5, 0x00E6, 0x00E7, 0x00E8, 0x00E9, 0x00EA,
    0x00EB, 0x00EC, 0x00ED, 0x00EE, 0x00EF, 0x00F0, 0x00F1, 0x00F2, 0x00F3, 0x00F4, 0x00F5, 0x00F6,
    0x00F8, 0x00F9, 0x00FA, 0x00FB, 0x00FC, 0x00FD, 0x00FE, 0x00FF, 0x0100, 0x0101, 0x0102, 0x0103,
    0x0104, 0x0105, 0x0106, 0x0107, 0x0108, 0x0109, 0x010A, 0x010B, 0x010C, 0x010D, 0x010E, 0x010F,
    0x0110, 0x0111, 0x0112, 0x0113, 0x0114, 0x0115, 0x0116, 0x0117, 0x0118, 0x0119, 0x011A, 0x011B,
    0x011C, 0x011D, 0x011E, 0x011F, 0x0120, 0x0121, 0x0122, 0x0123, 0x0124, 0x0125, 0x0126, 0x0127,
    0x0128, 0x0129, 0x012A, 0x012B, 0x012C, 0x012D, 0x012E, 0x012F, 0x0130, 0x0132, 0x0133, 0x0134,
    0x0136, 0x0137, 0x0138, 0x0139, 0x013A, 0x013B, 0x013C, 0x013D, 0x013E, 0x013F, 0x0140, 0x0141,
    0x0142, 0x0143, 0x0144, 0x0145, 0x0146, 0x0147, 0x0148, 0x014A, 0x014B, 0x014C, 0x014D, 0x014E,
    0x014F, 0x0150, 0x0151, 0x0152, 0x0153, 0x0154, 0x0155, 0x0156, 0x0157, 0x0158, 0x015A, 0x015B,
    0x015C, 0x015D, 0x015E, 0x015F, 0x0160, 0x0161, 0x0162, 0x0163, 0x0164, 0x0165, 0x0166, 0x0167,
    0x0168, 0x0169, 0x016A, 0x016B, 0x016C, 0x016D, 0x016E, 0x016F, 0x0170, 0x0171, 0x0172, 0x0173,
    0x0174, 0x0175, 0x0176, 0x0177, 0x0178, 0x0179, 0x017A, 0x017B, 0x017C, 0x017D, 0x017E, 0x01A0,
    0x01A1, 0x01AF, 0x01B0, 0x01FA, 0x01FB, 0x01FC, 0x01FD, 0x01FE, 0x01FF, 0x0218, 0x0219, 0x021A,
    0x021B, 0x0402, 0x040B, 0x040E, 0x0416, 0x0422, 0x0423, 0x0425, 0x0427, 0x042A, 0x042F, 0x0431,
    0x0436, 0x0443, 0x0445, 0x0447, 0x0451, 0x0456, 0x0457, 0x045E, 0x0460, 0x0462, 0x0466, 0x046A,
    0x046E, 0x0472, 0x0473, 0x0478, 0x0479, 0x047A, 0x047B, 0x047C, 0x047D, 0x047E, 0x0480, 0x0481,
    0x0496, 0x0498, 0x0499, 0x04A0, 0x04A1, 0x04A8, 0x04A9, 0x04AA, 0x04AB, 0x04AC, 0x04AD, 0x04B2,
    0x04B4, 0x04B5, 0x04B6, 0x04B7, 0x04B8, 0x04B9, 0x04C1, 0x04C2, 0x04CB, 0x04CC, 0x04D0, 0x04D2,
    0x04D4, 0x04D5, 0x04D7, 0x04D8, 0x04D9, 0x04DA, 0x04DC, 0x04DD, 0x04E0, 0x04E1, 0x04E6, 0x04E7,
    0x04E8, 0x04E9, 0x04EA, 0x04EB, 0x04EE, 0x04EF, 0x04F0, 0x04F1, 0x04F2, 0x04F3, 0x04F4, 0x04F5,
    0x04FC, 0x04FE, 0x1EA0, 0x1EA1, 0x1EA2, 0x1EA3, 0x1EA4, 0x1EA5, 0x1EA6, 0x1EA7, 0x1EA8, 0x1EA9,
    0x1EAA, 0x1EAB, 0x1EAC, 0x1EAD, 0x1EAE, 0x1EAF, 0x1EB0, 0x1EB1, 0x1EB2, 0x1EB3, 0x1EB4, 0x1EB5,
    0x1EB6, 0x1EB7, 0x1EB8, 0x1EB9, 0x1EBA, 0x1EBB, 0x1EBC, 0x1EBD, 0x1EBE, 0x1EBF, 0x1EC0, 0x1EC1,
    0x1EC2, 0x1EC3, 0x1EC4, 0x1EC5, 0x1EC6, 0x1EC7, 0x1EC9, 0x1ECB, 0x1ECC, 0x1ECD, 0x1ECE, 0x1ECF,
    0x1ED0, 0x1ED1, 0x1ED2, 0x1ED3, 0x1ED4, 0x1ED5, 0x1ED6, 0x1ED7, 0x1ED8, 0x1ED9, 0x1EDA, 0x1EDB,
    0x1EDC, 0x1EDD, 0x1EDE, 0x1EDF, 0x1EE0, 0x1EE1, 0x1EE2, 0x1EE3, 0x1EE4, 0x1EE5, 0x1EE6, 0x1EE7,
    0x1EE8, 0x1EE9, 0x1EEA, 0x1EEB, 0x1EEC, 0x1EED, 0x1EEE, 0x1EEF, 0x1EF0, 0x1EF1, 0x1EF2, 0x1EF3,
    0x1EF4, 0x1EF5, 0x1EF6, 0x1EF7, 0x1EF8, 0x1EF9, 0x2018, 0x2019, 0x201A, 0x201C, 0x201D, 0x201E,
    0x2026, 0x2039, 0x203A, 0x207E, 0x208E,
};

static const uint8_t notoserif_16_regularKernRightClassIds[] = {
      1,   2,   3,   2,   4,   5,   6,   7,   8,   8,   9,  10,  11,  12,  13,  12,
     12,  12,  13,  12,  12,  14,  12,  12,  12,  12,  13,  12,  13,  12,  15,  16,
     17,  18,  19,  20,  21,  22,   4,  23,  24,  25,  25,  25,  26,  24,  27,  24,
     24,  27,  27,  25,  27,  25,  27,  28,  29,  30,  31,  32,  33,  34,  35,   4,
     36,  37,  36,  11,  11,  11,  11,  11,  11,  38,  13,  12,  12,  12,  12,  12,
     12,  12,  12,  12,  12,  13,  13,  13,  13,  13,  13,  17,  17,  17,  17,  21,
     12,  23,  23,  23,  23,  23,  23,  23,  25,  25,  25,  25,  25,  39,  27,  39,
     39,  25,  27,  25,  25,  25,  25,  25,  25,  30,  30,  30,  30,  34,  24,  34,
     11,  23,  11,  23,  11,  23,  13,  25,  13,  25,  13,  25,  13,  25,  12,  25,
     12,  25,  12,  25,  12,  25,  12,  25,  12,  25,  12,  25,  13,  25,  13,  25,
     13,  25,  13,  25,  12,  24,  12,  24,  12,  40,  12,  39,  12,  39,  12,  27,
     12,  12,  27,  14,  12,  24,  27,  12,  24,  12,  24,  12,  24,  12,  24,  12,
     24,  12,  27,  12,  27,  12,  27,  12,  27,  13,  25,  13,  25,  13,  25,  13,
     25,  12,  27,  12,  27,  12,  15,  28,  15,  28,  15,  28,  15,  28,  16,  29,
     16,  29,  16,  29,  17,  30,  17,  30,  17,  30,  17,  30,  17,  30,  17,  30,
     19,  32,  21,  34,  21,  22,  35,  22,  35,  22,  35,  13,  25,  17,  30,  11,
     23,  38,  23,  13,  25,  15,  28,  16,  29,  41,  41,  42,  41,  41,  42,  41,
     43,  41,  44,  45,  46,  47,  46,  48,  49,  50,  51,  47,  52,  16,  53,  54,
     55,  52,  56,  52,  56,  52,  56,  52,  25,  52,  52,  56,  54,  55,  57,  58,
     59,  52,  56,  52,  56,  58,  59,  54,  58,  59,  60,  61,  43,  48,  41,  46,
     60,  61,  53,  53,  38,  62,  56,  52,  62,  52,  41,  46,  55,  35,  52,  56,
     52,  56,  52,  56,  42,  63,  42,  63,  42,  63,  43,  48,  54,  54,  11,  23,
     11,  23,  11,  23,  11,  23,  11,  23,  11,  23,  11,  23,  11,  23,  11,  23,
     11,  23,  11,  23,  11,  23,  12,  25,  12,  25,  12,  25,  12,  25,  12,  25,
     12,  25,  12,  25,  12,  25,  27,  27,  13,  25,  13,  25,  13,  25,  13,  25,
     13,  25,  13,  25,  13,  25,  13,  25,  13,  25,  13,  25,  13,  25,  13,  25,
     17,  30,  17,  30,  17,  30,  17,  30,  17,  30,  17,  30,  17,  30,  21,  34,
     21,  34,  21,  34,  21,  34,  64,   5,   7,  64,   5,   7,   7,  36,  36,  65,
     66,
};

static const uint16_t notoserif_16_regularKernRowOffsets[] = {
        0,     5,    10,    16,    32,    34,    50,    64,    77,    80,    89,    95,   101,   113,   114,   125,
      137,   148,   153,   165,   176,   180,   194,   199,   205,   208,   213,   214,   216,   220,   222,   225,
      228,   231,   234,   239,   255,   271,   272,   276,   295,   304,   320,   326,   335,   336,   339,   344,
      347,   351,   353,   360,   366,   367,   385,   399,   408,   422,   424,   428,   442,   446,   453,   457,
      458,   469,   470,   473,   480,   481,   482,
};

static const uint8_t notoserif_16_regularKernSparseCols[] = {
     10,  24,  25,  37,  52,   8,  15,  17,  18,  20,   2,   5,   6,  10,  37,  52,
      8,  12,  15,  16,  17,  18,  20,  30,  31,  33,  51,  57,  58,  59,  60,  62,
     10,  20,   1,   4,   8,  12,  15,  16,  17,  18,  20,  24,  25,  29,  30,  31,
     33,  63,   4,   8,  10,  15,  17,  18,  19,  20,  21,  31,  33,  37,  52,  57,
      5,   6,   8,  10,  15,  17,  18,  19,  20,  37,  52,  53,  57,  17,  18,  20,
      2,   5,   6,   9,  10,  22,  24,  25,  37,   8,  15,  17,  18,  20,  37,  12,
     24,  25,  29,  31,  33,   1,   4,   8,  15,  17,  18,  20,  30,  31,  33,  36,
     63,  35,   4,   8,  12,  15,  16,  17,  18,  20,  30,  31,  33,   8,  10,  15,
     17,  18,  19,  20,  31,  33,  37,  52,  57,   2,   5,   6,   9,  10,  12,  22,
     24,  25,  27,  37,   5,   6,   9,  10,  37,   2,   5,   6,   9,  10,  12,  22,
     24,  25,  27,  37,  52,   5,   6,   9,  10,  12,  22,  24,  25,  27,  34,  37,
     12,  14,  31,  33,   2,   5,   6,   9,  10,  12,  14,  22,  24,  25,  27,  34,
     37,  52,   1,  33,  59,  60,  62,  17,  18,  20,  33,  59,  62,  17,  18,  20,
      1,   3,   4,  38,  39,  18,  24,  25,   4,   5,   6,  22,  20,  59,   5,   6,
     10,   5,   6,  10,   5,   6,  10,  17,  18,  20,   8,  15,  17,  18,  20,   1,
      4,   8,  12,  15,  16,  17,  18,  20,  24,  25,  29,  30,  31,  33,  63,   0,
      1,   3,   4,   8,  11,  13,  15,  16,  17,  18,  19,  20,  21,  23,  63,  39,
      1,   3,   8,  23,   5,   6,   7,   8,  10,  15,  17,  18,  20,  22,  24,  25,
     26,  27,  28,  30,  31,  32,  33,   4,   5,   6,  26,  28,  29,  30,  31,  33,
      5,   6,   7,  10,  12,  22,  24,  25,  26,  27,  28,  29,  30,  31,  33,  34,
      4,   5,   6,  26,  28,  30,   1,   8,  15,  42,  45,  46,  47,  57,  63,  57,
     48,  49,  50,  40,  41,  57,  59,  60,  57,  59,  60,  42,  57,  59,  60,  42,
     63,   5,   6,  37,  52,  53,  57,  59,   1,   4,  57,  59,  60,  63,  59,   1,
      4,   8,  12,  15,  17,  20,  24,  25,  29,  31,  33,  51,  57,  58,  59,  60,
     63,  12,  24,  25,  29,  31,  33,  44,  51,  54,  55,  58,  59,  60,  62,   5,
      6,  31,  33,  37,  52,  53,  58,  59,   5,   6,  12,  22,  24,  25,  27,  37,
     51,  52,  54,  55,  56,  61,   5,   6,   5,   6,  37,  52,   5,   6,  12,  22,
     24,  25,  27,  37,  43,  51,  52,  55,  56,  61,   4,   5,   6,  52,   1,   4,
      8,  15,  57,  59,  62,  24,  25,  55,  61,   3,  12,  24,  25,  29,  31,  33,
     51,  54,  58,  59,  62,  58,  10,  37,  52,  10,  12,  22,  24,  25,  27,  39,
     64,  65,
};

static const int8_t notoserif_16_regularKernSparseValues[] = {
     -43,  -11,  -32,  -64,  -43,  -16,  -16,  -21,  -21,  -16,   -5,  -64,  -64,  -27,  -43,  -27,
     -48,  -11,  -48,  -11,  -59,  -48,  -43,  -37,  -32,  -27,  -11,  -48,  -37,  -43,  -27,  -27,
     -16,   -5,  -43,  -37,  -32,  -11,  -32,  -11,  -43,  -37,  -37,  -11,  -11,  -11,  -32,  -16,
     -27,  -37,  -11,  -11,  -11,  -11,  -21,  -16,  -11,  -21,  -11,   -5,  -11,  -16,  -11,  -11,
     -11,  -11,  -11,  -11,  -11,  -11,  -11,  -11,  -16,  -27,  -11,  -11,  -11,  -11,  -11,  -11,
     -11,  -64,  -64,  -21,  -37,  -21,  -21,  -21,  -59,  -11,  -11,  -11,  -11,  -11,  -11,  -11,
     -11,  -11,  -11,  -16,  -16,  -32,  -43,  -37,  -37,  -27,  -27,  -32,  -11,   -5,  -16,  -11,
     -43,   -5,  -11,  -11,  -11,  -11,   -5,  -16,  -16,  -16,   -5,   -5,  -11,  -11,  -11,  -11,
     -11,  -11,  -11,  -11,   -5,  -11,  -11,  -11,  -11,   -5,  -48,  -48,  -16,  -32,  -11,  -16,
     -27,  -27,   -3,  -43,  -11,  -11,   -5,  -11,  -21,  -16,  -59,  -59,  -27,  -43,  -11,  -32,
     -32,  -32,  -21,  -69,  -43,  -48,  -48,  -27,  -37,  -11,  -37,  -32,  -32,  -27,  -16,  -69,
     -11,   -5,  -16,  -27,   -5,  -43,  -43,  -21,  -37,  -16,  -11,  -32,  -37,  -37,  -32,  -11,
     -48,  -37,  -21,  -11,  -16,  -11,  -11,  -32,  -32,  -37,  -11,  -16,  -11,  -32,  -32,  -32,
      43,   48,   43,   21,   21,  -11,  -11,  -11,   16,  -69,  -69,  -11,  -32,  -11,  -27,  -37,
     -32,  -37,  -37,  -16,  -48,  -48,  -27,  -16,  -11,  -16,  -11,  -11,  -27,  -27,  -27,  -43,
     -37,  -32,  -11,  -32,  -11,  -43,  -37,  -37,  -11,  -11,  -11,  -27,  -16,  -27,  -37,   11,
      27,   43,   21,   59,   27,   32,   27,   37,   43,   37,   37,   53,   21,   48,    5,   32,
      11,   27,   11,   21,  -11,  -11,   -5,   11,  -21,   11,   11,   11,   11,  -11,  -11,  -11,
      -5,  -11,   -5,  -11,  -11,  -11,  -11,   11,  -11,  -11,   11,   16,   11,   16,   16,   16,
     -11,  -11,   -5,  -32,  -11,  -27,  -27,  -27,  -16,  -32,   -5,  -16,  -11,  -11,  -11,  -16,
      11,   -5,   -5,   11,   16,   16,  -21,   -5,   -5,  -21,   -5,  -21,  -16,  -16,  -27,  -16,
     -29,  -16,    1,  -11,   -5,  -16,  -16,   -5,  -16,  -16,   -5,  -16,  -16,  -16,   -5,   -5,
      -5,  -11,  -11,  -27,  -11,  -11,  -11,  -11,  -16,  -27,  -16,  -16,  -11,  -16,  -16,  -43,
     -37,  -32,  -11,  -32,  -43,  -37,  -11,  -11,  -11,  -16,  -27,  -11,  -32,  -21,  -48,  -21,
     -37,  -11,  -11,  -11,  -11,  -16,  -16,  -11,  -11,  -11,  -11,  -16,  -11,  -11,  -11,  -11,
     -11,   -5,  -11,  -16,  -11,  -11,  -11,  -21,  -53,  -53,  -11,  -32,  -32,  -32,  -21,  -69,
     -11,  -53,  -11,  -21,  -16,  -21,  -48,  -48,  -64,  -64,  -43,  -27,  -48,  -48,  -11,  -16,
     -16,  -16,   -5,  -43,  -11,  -11,  -32,  -16,  -16,  -16,   16,  -37,  -37,  -16,  -32,  -37,
     -37,  -37,  -37,  -37,  -16,  -11,  -11,  -11,  -11,   11,  -11,  -11,  -11,  -11,  -16,  -27,
     -11,  -11,  -21,  -11,  -16,  -11,  -37,  -75,  -37,  -53,  -11,  -16,  -21,  -21,  -27,    5,
      27,   27,
};

static const EpdLigaturePair notoserif_16_regularLigaturePairs[] = {
    { 0x00660066, 0xFB00 }, // f f -> U+FB00
    { 0x00660069, 0xFB01 }, // f i -> U+FB01
    { 0x0066006C, 0xFB02 }, // f l -> U+FB02
    { 0xFB000069, 0xFB03 }, // U+FB00 i -> U+FB03
    { 0xFB00006C, 0xFB04 }, // U+FB00 l -> U+FB04
};

static const EpdFontData notoserif_16_regular = {
    notoserif_16_regularBitmaps,
    notoserif_16_regularGlyphs,
    notoserif_16_regularIntervals,
    18,
    45,
    36,
    -10,
    true,
    notoserif_16_regularGroups,
    13,
    nullptr,
    nullptr,  // kernLeftClasses: built-in fonts use the split arrays below
    nullptr,  // kernRightClasses
    notoserif_16_regularKernLeftCodepoints,
    notoserif_16_regularKernLeftClassIds,
    notoserif_16_regularKernRightCodepoints,
    notoserif_16_regularKernRightClassIds,
    nullptr,  // kernMatrix: built-in fonts use the sparse form below
    notoserif_16_regularKernRowOffsets,
    notoserif_16_regularKernSparseCols,
    notoserif_16_regularKernSparseValues,
    381,
    449,
    70,
    66,
    notoserif_16_regularLigaturePairs,
    5,
};
