/**
 * generated by fontconvert.py
 * name: notosans_12_bolditalic
 * size: 12
 * mode: 2-bit  compressed: true
 * Command used: fontconvert.py notosans_12_bolditalic 12 ../builtinFonts/source/NotoSans/NotoSans-BoldItalic.ttf --2bit --compress --pnum --zopfli
 */
#pragma once
#include "EpdFontData.h"

static const uint8_t notosans_12_bolditalicBitmaps[27689] = {
    0x95, 0x58, 0x2F, 0x90, 0xE7, 0xB6, 0xF5, 0xFF, 0x7C, 0xAD, 0x99, 0xF3, 0xCC, 0xCF, 0x33, 0xD1,
    0x8F, 0x76, 0x6E, 0x3A, 0x2E, 0x2C, 0x13, 0x29, 0x08, 0x5A, 0x29, 0x09, 0x38, 0x10, 0x10, 0x8E,
    0x12, 0x50, 0xD6, 0xCE, 0x84, 0x14, 0x14, 0xE4, 0x56, 0x4E, 0x0A, 0x0A, 0x02, 0x72, 0xC5, 0x05,
    0xA5, 0x65, 0x09, 0x08, 0x28, 0xB8, 0x5D, 0xA9, 0x17, 0x10, 0x50, 0x50, 0x27, 0x01, 0x85, 0xE7,
    0x34, 0x41, 0x2D, 0x58, 0x5D, 0xCE, 0xED, 0xE9, 0xE6, 0x64, 0xBF, 0xBE, 0x27, 0xFB, 0x76, 0xBF,
    0xDD, 0xEC, 0x5D, 0x27, 0x92, 0xDE, 0xFB, 0x7A, 0x65, 0xFB, 0xFD, 0xFF, 0x63, 0xED, 0x81, 0x9A,
    0xB5, 0x59, 0x54, 0xE1, 0x99, 0xDB, 0xB9, 0x4B, 0xDD, 0xA4, 0x47, 0x1D, 0x75, 0x04, 0x0F, 0x83,
    0x30, 0x84, 0xE1, 0x14, 0xE6, 0xA3, 0xC9, 0xEA, 0xC8, 0xEB, 0xA4, 0x1F, 0xEE, 0xF6, 0xEE, 0x3D,
    0x03, 0xA8, 0x29, 0x03, 0xED, 0x17, 0x33, 0xD0, 0x3D, 0x48, 0x80, 0xFE, 0x8D, 0xA0, 0x37, 0x46,
    0x68, 0x22, 0xDA, 0xD0, 0xFF, 0x85, 0x8F, 0xFF, 0x01, 0xF0, 0xE3, 0xC0, 0x7D, 0x03, 0x78, 0xA2,
    0x72, 0x84, 0x9A, 0x74, 0xFF, 0xFB, 0x44, 0x3E, 0x63, 0x04, 0xFC, 0x8A, 0xE1, 0x13, 0xA0, 0x27,
    0x07, 0xA2, 0x51, 0x11, 0xC5, 0xF6, 0xE9, 0x17, 0xAE, 0xFD, 0x2E, 0xA2, 0x7D, 0x16, 0xA1, 0x28,
    0xE2, 0x40, 0x19, 0xB0, 0x04, 0x74, 0xE4, 0xA0, 0xFD, 0x80, 0x57, 0xEC, 0xF0, 0xEB, 0x1F, 0x07,
    0xE7, 0x89, 0xE0, 0x69, 0xC1, 0x6D, 0x9A, 0x80, 0x57, 0x77, 0x52, 0xEF, 0x00, 0xCD, 0x82, 0x76,
    0xE2, 0x67, 0x75, 0xEC, 0x29, 0x1A, 0xD8, 0x8F, 0xE2, 0x5D, 0x78, 0x1D, 0x33, 0x4E, 0x85, 0xE5,
    0x59, 0xFF, 0x61, 0xC4, 0xB9, 0x7D, 0xFB, 0xAD, 0xC9, 0xD3, 0x89, 0x2F, 0xB6, 0x94, 0x75, 0xD1,
    0x7F, 0xFF, 0x57, 0x39, 0x43, 0xFB, 0xCD, 0x7C, 0x26, 0x52, 0x9D, 0xC1, 0xAA, 0x54, 0x70, 0xC6,
    0xE8, 0x90, 0xD5, 0xE3, 0x59, 0xA5, 0x86, 0x26, 0x1D, 0x11, 0x1C, 0x6E, 0xAD, 0x00, 0x0C, 0x8D,
    0xA2, 0x60, 0x02, 0x82, 0x66, 0xB4, 0x76, 0x8C, 0xCE, 0xB5, 0xEC, 0xD9, 0x01, 0xB0, 0x0B, 0x70,
    0xA0, 0xD4, 0xC7, 0x96, 0x66, 0x1B, 0xFB, 0x27, 0xC5, 0x3B, 0xFB, 0xE7, 0x75, 0x85, 0x1D, 0xA8,
    0xC0, 0x46, 0x3B, 0xC3, 0x8E, 0x3E, 0xC1, 0x10, 0xCD, 0xD0, 0xD5, 0x36, 0xF4, 0x3B, 0x82, 0x19,
    0x2C, 0x2C, 0x4E, 0x70, 0x17, 0xEF, 0x01, 0x6D, 0x42, 0x1F, 0x61, 0x1D, 0x56, 0x1C, 0x0A, 0xD4,
    0x2C, 0x1B, 0x4C, 0x5F, 0x47, 0xD9, 0x36, 0x83, 0xDC, 0x91, 0x85, 0x7D, 0xD5, 0x3F, 0x65, 0xBF,
    0x8F, 0xF2, 0x4C, 0x37, 0xD6, 0x5D, 0xE3, 0xF6, 0xBF, 0xF5, 0x28, 0xAB, 0x9B, 0xF6, 0xA5, 0xA7,
    0x7D, 0x47, 0x68, 0x55, 0x2E, 0x1E, 0x97, 0x8C, 0xBA, 0x49, 0xB6, 0x3D, 0x80, 0x1F, 0x31, 0xF4,
    0x43, 0x25, 0xF3, 0xAA, 0x01, 0xC2, 0x79, 0xF5, 0x29, 0x0E, 0x0C, 0x8A, 0x7E, 0x01, 0x7D, 0xE1,
    0xC4, 0xB0, 0xE8, 0x99, 0xDB, 0xA1, 0x1D, 0x51, 0xC7, 0xC9, 0x7F, 0x43, 0x20, 0x72, 0xCF, 0xE1,
    0xFA, 0x3D, 0x01, 0x8E, 0xC0, 0xA4, 0xD9, 0xB0, 0xA2, 0xBB, 0xD8, 0xCD, 0x17, 0x5F, 0x24, 0x06,
    0xC9, 0x9D, 0xA2, 0x1A, 0x41, 0x64, 0x15, 0x79, 0x44, 0x48, 0x04, 0x00, 0x0B, 0xD0, 0x14, 0x40,
    0x1D, 0xDF, 0x1A, 0x00, 0x7F, 0x74, 0x4B, 0xA2, 0xEB, 0xE8, 0x56, 0x1D, 0x7D, 0x06, 0xAA, 0xDC,
    0xE4, 0xBA, 0xEC, 0xA3, 0x4E, 0x36, 0x9A, 0xD1, 0x44, 0x1B, 0x19, 0x06, 0x1B, 0xD9, 0x41, 0x31,
    0x38, 0x3B, 0x04, 0x78, 0x17, 0x20, 0x93, 0x10, 0x9A, 0x05, 0xFE, 0xB7, 0x05, 0x96, 0xE6, 0xEA,
    0xEF, 0x76, 0xC5, 0x36, 0xBA, 0x04, 0x2F, 0xF1, 0xD0, 0xD3, 0x18, 0x28, 0xDA, 0x77, 0xE3, 0x4F,
    0x99, 0x0D, 0x2F, 0xEF, 0x44, 0x42, 0x02, 0x56, 0x91, 0xE5, 0xB0, 0x88, 0x34, 0x8A, 0x57, 0x46,
    0x3B, 0xA3, 0x8E, 0x96, 0x86, 0x1A, 0x35, 0xE2, 0xF8, 0xB3, 0x2E, 0xE3, 0x27, 0x7C, 0x5B, 0xEE,
    0xD7, 0x07, 0x24, 0x90, 0x6C, 0x04, 0xC8, 0xA1, 0x5D, 0x80, 0x3E, 0x01, 0x3E, 0xA2, 0x59, 0x01,
    0x7E, 0x12, 0x86, 0x98, 0xD5, 0x06, 0x9B, 0x4E, 0xB7, 0x57, 0xF1, 0xC4, 0x08, 0xA2, 0x84, 0x4F,
    0xE5, 0xDD, 0x8E, 0x41, 0x7E, 0xCD, 0x08, 0x4B, 0x0E, 0x36, 0x03, 0x5E, 0x44, 0x0E, 0xE2, 0xC2,
    0x28, 0x20, 0xF4, 0x7F, 0x76, 0xA0, 0xC1, 0x12, 0xC1, 0x52, 0xE1, 0xAC, 0xB9, 0x87, 0x6D, 0xE8,
    0x19, 0x30, 0x12, 0xCD, 0x89, 0x89, 0x4E, 0x68, 0x69, 0x84, 0x7E, 0x18, 0x61, 0xFF, 0xC0, 0x79,
    0x62, 0x62, 0x53, 0xEC, 0xD0, 0x26, 0xEB, 0xFA, 0xE8, 0x61, 0x89, 0xD2, 0x0E, 0x93, 0xE8, 0x28,
    0x51, 0x83, 0x46, 0xE0, 0x8F, 0xA8, 0xA6, 0x12, 0xFD, 0x02, 0x83, 0xB0, 0x3E, 0xBA, 0xAD, 0x28,
    0x33, 0x90, 0x80, 0xB8, 0xAB, 0xCA, 0xB2, 0xC3, 0xC0, 0x32, 0xB9, 0x4D, 0xA6, 0x7C, 0x25, 0x93,
    0x8C, 0x5B, 0xD5, 0x5E, 0xC3, 0x81, 0xC8, 0xB5, 0xCB, 0xAE, 0x9D, 0xBC, 0xF1, 0xFB, 0x09, 0x3E,
    0x14, 0x04, 0x5A, 0x40, 0x0F, 0x56, 0x10, 0xD6, 0x7D, 0x2E, 0x58, 0x99, 0x59, 0xB8, 0x53, 0xAA,
    0x18, 0xC7, 0x5E, 0xEB, 0x88, 0x66, 0x4D, 0x94, 0x04, 0x36, 0xBE, 0x7E, 0x00, 0xA8, 0x96, 0x0A,
    0xA8, 0xB2, 0x99, 0xA0, 0x9F, 0xB6, 0x5B, 0xC1, 0xD5, 0x5B, 0x6A, 0x01, 0xDA, 0xBC, 0xF3, 0xDD,
    0x6F, 0xA1, 0x5F, 0x00, 0xA2, 0xA1, 0x91, 0x4A, 0x55, 0xF4, 0xD4, 0xCE, 0x15, 0xF8, 0xDA, 0x44,
    0xC9, 0x0C, 0x84, 0x19, 0x2D, 0x15, 0x98, 0xAF, 0x09, 0x76, 0xF0, 0x2E, 0x30, 0xAE, 0x30, 0x84,
    0xAA, 0x63, 0x5F, 0xD3, 0x7D, 0xD7, 0xF1, 0xDD, 0x99, 0xAF, 0x17, 0x91, 0x8D, 0x79, 0x04, 0x57,
    0x63, 0x51, 0x40, 0x66, 0xF4, 0x83, 0xFD, 0x82, 0x9C, 0x21, 0x72, 0x9A, 0x02, 0x9A, 0xBC, 0x02,
    0x87, 0x5D, 0xD6, 0x5E, 0xCC, 0x3C, 0x31, 0x38, 0xF8, 0x8C, 0x3A, 0x9A, 0xB9, 0x2D, 0x5D, 0x56,
    0x09, 0x47, 0xE3, 0x32, 0x93, 0x8C, 0x83, 0x8F, 0x12, 0x08, 0x16, 0x37, 0x0E, 0x95, 0x25, 0x7A,
    0xB4, 0x64, 0xBE, 0x3C, 0x5B, 0x9F, 0x3A, 0x38, 0xA0, 0x77, 0x60, 0xD7, 0xA0, 0x5B, 0x81, 0x30,
    0x6D, 0x3F, 0x23, 0x03, 0x4B, 0x6F, 0x24, 0xD9, 0x48, 0xB2, 0x8C, 0x50, 0x9F, 0x41, 0xC7, 0x20,
    0xE3, 0x5A, 0xD2, 0xDF, 0xB0, 0x27, 0x9B, 0x7F, 0xDA, 0x03, 0xD3, 0x67, 0xA1, 0x23, 0x11, 0x5A,
    0x2F, 0x36, 0x7E, 0x66, 0xAD, 0x11, 0xE8, 0x97, 0xED, 0x19, 0x79, 0xD6, 0x41, 0xD8, 0xDC, 0x33,
    0x34, 0xF7, 0x54, 0x5E, 0x79, 0xBD, 0x48, 0x5C, 0x35, 0x45, 0x32, 0xC3, 0x4F, 0xFC, 0x8A, 0x2A,
    0x68, 0x93, 0x94, 0xBD, 0x6D, 0xF4, 0x83, 0xF8, 0xCA, 0x56, 0x65, 0x70, 0x08, 0x4F, 0x65, 0x8B,
    0xA8, 0x8A, 0x7E, 0x7B, 0x16, 0x6D, 0x51, 0x6A, 0x89, 0x38, 0xE5, 0x27, 0x43, 0xB6, 0xB0, 0x8A,
    0x8A, 0xC1, 0x89, 0x9E, 0x18, 0xDF, 0xEF, 0x87, 0xCC, 0xD8, 0x1E, 0x66, 0x8B, 0x62, 0x55, 0x3A,
    0x41, 0x39, 0x51, 0xE9, 0x8C, 0xAF, 0xF5, 0xA3, 0xCC, 0x8D, 0x6D, 0xA5, 0x84, 0xBB, 0xDD, 0x4C,
    0xCF, 0x8D, 0x69, 0xA2, 0xE0, 0xEE, 0xE9, 0xE1, 0x53, 0x51, 0x80, 0x66, 0xD9, 0xDA, 0xFC, 0xDB,
    0xCB, 0xB5, 0xA4, 0x21, 0xBC, 0xA0, 0xB5, 0x88, 0x03, 0x19, 0xA9, 0xA7, 0x8C, 0xBA, 0xC4, 0x88,
    0x19, 0x0A, 0x81, 0x45, 0x92, 0x80, 0x51, 0x70, 0x8C, 0x88, 0x56, 0x34, 0x82, 0x14, 0x11, 0x89,
    0x5B, 0x82, 0x38, 0x26, 0x08, 0x9F, 0x50, 0xAB, 0x8C, 0x18, 0x73, 0x80, 0x70, 0x22, 0x2A, 0x87,
    0x45, 0x2D, 0x4D, 0xD9, 0xA6, 0x92, 0x00, 0x20, 0x9A, 0x5A, 0x79, 0x8F, 0x28, 0xEA, 0xD4, 0x4F,
    0x7A, 0xD2, 0x49, 0xA0, 0x1F, 0x75, 0x32, 0xD1, 0x4E, 0x7B, 0x09, 0x81, 0xA5, 0x6F, 0x25, 0xBD,
    0xEE, 0xC1, 0x32, 0x0D, 0x22, 0x7E, 0xCF, 0x7D, 0xA2, 0x33, 0xD0, 0xD7, 0x02, 0x72, 0x95, 0x20,
    0x5E, 0xCA, 0xEE, 0x0E, 0xFE, 0x79, 0xE2, 0xA6, 0x56, 0xCC, 0x09, 0xE1, 0x83, 0x90, 0x19, 0x56,
    0x27, 0x72, 0x27, 0x41, 0x85, 0x75, 0x6C, 0x59, 0x03, 0xA6, 0xCA, 0x08, 0x24, 0xF1, 0x1A, 0xC4,
    0xE4, 0x41, 0x8A, 0x5C, 0x55, 0x88, 0xA0, 0x37, 0xD4, 0x2C, 0xD0, 0x13, 0xDF, 0x67, 0xE1, 0x32,
    0x4C, 0xF4, 0x09, 0x22, 0x1E, 0xA3, 0x15, 0x8C, 0xC4, 0x86, 0xA1, 0x6A, 0x99, 0x04, 0x0E, 0x7B,
    0x79, 0x17, 0x50, 0x02, 0x44, 0x6E, 0xD7, 0x54, 0xE8, 0x6D, 0x20, 0x01, 0x39, 0xEE, 0x45, 0x82,
    0xCA, 0x25, 0xBC, 0x94, 0x4E, 0x06, 0x2E, 0xE9, 0x08, 0x5C, 0xA7, 0x23, 0x30, 0x6C, 0x80, 0x86,
    0xCD, 0x66, 0x88, 0x40, 0xB4, 0x28, 0x72, 0xBF, 0xEC, 0xCA, 0x75, 0x8B, 0x51, 0xF1, 0x8E, 0x4A,
    0x70, 0x94, 0x83, 0x6B, 0x67, 0x3F, 0x74, 0xC9, 0x4A, 0xB3, 0x61, 0x3F, 0x48, 0x00, 0xB6, 0xA2,
    0x9E, 0x84, 0x63, 0xF5, 0x29, 0x09, 0x8F, 0x95, 0x99, 0xB0, 0x48, 0x36, 0x36, 0x8C, 0x06, 0x16,
    0xCA, 0x3B, 0x55, 0x11, 0x6D, 0x16, 0xAE, 0x82, 0xAD, 0xD0, 0x22, 0xB7, 0x9E, 0xF8, 0xFE, 0x6E,
    0x31, 0x46, 0x26, 0xAA, 0x0C, 0x1B, 0xDB, 0x19, 0x96, 0xF9, 0x30, 0x12, 0xD1, 0x89, 0x0E, 0xB4,
    0x22, 0x88, 0x3D, 0xF9, 0xDE, 0xDE, 0x96, 0x8E, 0x3A, 0x53, 0x6D, 0x4B, 0xB2, 0x84, 0x00, 0xC1,
    0x4B, 0x4A, 0xBA, 0xDD, 0xCF, 0x00, 0x68, 0x87, 0x5A, 0x6C, 0xAE, 0x19, 0x49, 0xFA, 0xAA, 0x40,
    0xC2, 0x0B, 0x8D, 0xE4, 0x25, 0x81, 0x01, 0x5A, 0x19, 0x0A, 0xC3, 0x88, 0x6D, 0x04, 0x79, 0x82,
    0x40, 0x0E, 0xAB, 0x12, 0x19, 0xBA, 0xCC, 0xA4, 0xFB, 0xC4, 0xC8, 0x47, 0x66, 0x40, 0x80, 0x7A,
    0x26, 0xC5, 0x96, 0x32, 0xD0, 0x09, 0xD2, 0x54, 0x18, 0x7D, 0xB7, 0x08, 0x1B, 0x12, 0x3E, 0x24,
    0x8C, 0xBC, 0xE4, 0x75, 0xD5, 0x4A, 0x9A, 0x9C, 0xEB, 0x27, 0xDC, 0xA4, 0xD7, 0xDE, 0x71, 0xA5,
    0xA2, 0x6D, 0x6B, 0x12, 0x39, 0xC5, 0x1E, 0x54, 0xEA, 0xCA, 0x52, 0xC6, 0x7C, 0x12, 0xF1, 0x48,
    0xF0, 0x81, 0x26, 0x5E, 0x8A, 0xC6, 0x46, 0x92, 0x27, 0x36, 0xCF, 0x26, 0x7D, 0x11, 0xD5, 0x93,
    0xA9, 0xFF, 0x38, 0xAA, 0xC7, 0xC9, 0xDA, 0xA1, 0x7D, 0x9C, 0x4E, 0xAD, 0xEB, 0x1E, 0xA7, 0xE2,
    0xA1, 0xBF, 0x79, 0x94, 0x03, 0xF4, 0x57, 0x8F, 0xD3, 0x39, 0xF4, 0x67, 0x4F, 0xA6, 0x15, 0xFD,
    0x03, 0x8A, 0x0B, 0xCC, 0x07, 0xF4, 0x7E, 0x81, 0xFD, 0x80, 0x1A, 0xC6, 0xAF, 0xAF, 0xE2, 0x9A,
    0x43, 0x51, 0x33, 0x10, 0xE2, 0xA1, 0x80, 0xA9, 0x32, 0x9A, 0x54, 0x3E, 0x50, 0x52, 0x73, 0x43,
    0xA9, 0x4D, 0xEA, 0x49, 0xEE, 0x92, 0xFA, 0x77, 0xE9, 0x26, 0xF5, 0x48, 0x1A, 0x49, 0x5A, 0xF4,
    0xD8, 0xA5, 0xD0, 0x47, 0x3D, 0x79, 0x13, 0xF5, 0x68, 0xDF, 0x1D, 0x74, 0xB4, 0xE4, 0xFA, 0xD8,
    0x13, 0x78, 0x43, 0xFA, 0x89, 0x20, 0xD7, 0xAD, 0xF0, 0x50, 0x4B, 0x6D, 0x8F, 0x5B, 0xCF, 0x3D,
    0x10, 0x2D, 0x50, 0x6B, 0x43, 0xD0, 0x19, 0x24, 0x21, 0x19, 0x9C, 0x19, 0x21, 0x5F, 0x35, 0x8C,
    0xFC, 0x80, 0xE0, 0xBC, 0x63, 0x14, 0x1C, 0x88, 0x7F, 0x0E, 0xAB, 0x04, 0x98, 0x04, 0x5D, 0x57,
    0x60, 0x27, 0x93, 0xB6, 0xEA, 0xD8, 0x12, 0x49, 0x14, 0x7C, 0x0B, 0x46, 0xE4, 0xF6, 0x7C, 0xC9,
    0x9C, 0xCE, 0x52, 0x5D, 0x96, 0x46, 0x6A, 0x0D, 0xFF, 0xAA, 0xAC, 0x4A, 0x3B, 0xF7, 0xB9, 0xDB,
    0x9A, 0x29, 0xCB, 0xF5, 0xF4, 0xE6, 0x7C, 0x71, 0xF8, 0xE1, 0x12, 0xE2, 0x7F, 0x4A, 0x28, 0xC2,
    0x15, 0x46, 0xFC, 0x04, 0x0F, 0x72, 0xD8, 0x6A, 0x12, 0xCC, 0xB4, 0xD5, 0x21, 0xA2, 0x89, 0x61,
    0x96, 0x10, 0x63, 0x59, 0xA5, 0x2A, 0xF2, 0x6C, 0xB3, 0xCA, 0xFD, 0xDC, 0xF2, 0xBD, 0xAE, 0xB6,
    0xD3, 0x02, 0xFD, 0x68, 0xAD, 0x91, 0xD5, 0x8F, 0x97, 0x6D, 0x97, 0xB1, 0x99, 0x6A, 0x12, 0xDD,
    0x66, 0x3A, 0x41, 0xA2, 0x81, 0xA2, 0x5A, 0x6E, 0x39, 0x09, 0xFC, 0x0A, 0xB5, 0xEA, 0x48, 0x84,
    0x4F, 0x5B, 0x49, 0xD7, 0xB2, 0xB1, 0x88, 0x2C, 0x0C, 0x0B, 0x3E, 0xE5, 0x07, 0x02, 0xE5, 0xDA,
    0x9A, 0x85, 0x84, 0x27, 0x8A, 0x81, 0x68, 0x20, 0x22, 0x77, 0x73, 0x62, 0x5D, 0x4B, 0xAE, 0xE3,
    0xC4, 0x3A, 0xB2, 0xA8, 0xDA, 0x8B, 0x42, 0x40, 0x9B, 0x41, 0x97, 0x65, 0xF4, 0xA8, 0x28, 0xEC,
    0xF5, 0x60, 0xBC, 0xAC, 0x07, 0xB1, 0xDB, 0x8B, 0x82, 0x1F, 0xB4, 0x20, 0x49, 0x97, 0xD1, 0x47,
    0x18, 0x11, 0x45, 0xD3, 0x82, 0x4D, 0x89, 0xC0, 0xB4, 0x03, 0xD3, 0x92, 0x72, 0xE4, 0x25, 0xBF,
    0xF8, 0x25, 0x2F, 0xC9, 0x8A, 0x15, 0xF6, 0xB5, 0x02, 0xFB, 0x06, 0x13, 0xBC, 0x93, 0x60, 0xDF,
    0x9A, 0xEA, 0xB7, 0xA0, 0x09, 0x03, 0x03, 0xA4, 0x41, 0xA3, 0x2F, 0x0C, 0x79, 0x93, 0x38, 0xA0,
    0x67, 0xB6, 0x92, 0xE4, 0x42, 0xCB, 0x73, 0x04, 0x07, 0x50, 0x34, 0x51, 0xB0, 0x1D, 0x42, 0x43,
    0xD1, 0xBB, 0xA0, 0x9E, 0xC5, 0x80, 0xD0, 0xFD, 0x73, 0x5C, 0xE0, 0xF5, 0x5F, 0xBE, 0x2C, 0xF0,
    0xFD, 0x87, 0x5F, 0x65, 0x78, 0xFB, 0xE6, 0xDF, 0x12, 0xBC, 0xEF, 0x1E, 0x4E, 0xF0, 0x67, 0xDD,
    0xC3, 0x08, 0x5F, 0xBA, 0x0B, 0xC6, 0x73, 0x47, 0x0E, 0x3E, 0xB5, 0x04, 0xF8, 0xA9, 0x5D, 0x20,
    0xAA, 0x15, 0xEC, 0x3F, 0x52, 0x55, 0x59, 0x6B, 0x3B, 0x82, 0x79, 0x0D, 0xEC, 0x4E, 0x02, 0xDA,
    0x27, 0xD5, 0x41, 0x73, 0xFD, 0x32, 0x11, 0x24, 0xB6, 0x13, 0xA4, 0x05, 0x99, 0x0B, 0xF1, 0xDA,
    0x47, 0x09, 0xA0, 0x2E, 0x41, 0x2D, 0x6D, 0x46, 0x97, 0xA5, 0x94, 0xA6, 0x1A, 0x67, 0xEC, 0xC3,
    0x00, 0x9D, 0x3C, 0x47, 0x25, 0xDB, 0x80, 0xE3, 0x81, 0x60, 0x1E, 0x2C, 0xE8, 0x59, 0x42, 0x7D,
    0x91, 0xA0, 0x69, 0x44, 0x47, 0x03, 0x5A, 0x12, 0x97, 0xBF, 0xD8, 0x6F, 0x02, 0x20, 0x5A, 0x19,
    0x96, 0x03, 0xD1, 0xFE, 0x5D, 0x69, 0xC5, 0xD6, 0x11, 0x87, 0xFD, 0x65, 0x9D, 0xB7, 0xAF, 0x6D,
    0x2F, 0x5B, 0x0E, 0x6A, 0xBD, 0xDA, 0x92, 0x06, 0xE8, 0x89, 0x86, 0x20, 0x8E, 0xB2, 0x05, 0x36,
    0x4B, 0xA4, 0x9D, 0x03, 0x67, 0xC0, 0x02, 0x6C, 0xDF, 0x3D, 0x19, 0xCD, 0x0C, 0x95, 0x64, 0xB5,
    0xA9, 0x9E, 0xE9, 0xE4, 0x64, 0x78, 0x75, 0x38, 0x34, 0x97, 0xAF, 0xCE, 0xE0, 0x61, 0xB7, 0xE9,
    0xCC, 0xD0, 0x0F, 0x7D, 0xD4, 0x32, 0xC7, 0x6E, 0xEC, 0xA6, 0x36, 0x29, 0x99, 0x73, 0x33, 0x37,
    0x79, 0x7F, 0x3A, 0x3C, 0x27, 0xDA, 0x5E, 0x27, 0x7A, 0x75, 0xDC, 0xF4, 0x10, 0x79, 0x44, 0x98,
    0x5D, 0x9E, 0xCB, 0x57, 0xEB, 0xB8, 0x07, 0x34, 0x49, 0x0C, 0xB3, 0x2B, 0x55, 0x80, 0xD3, 0xBB,
    0x40, 0x39, 0x61, 0xA1, 0x2D, 0xD3, 0x35, 0x4C, 0xB2, 0x77, 0xC6, 0xE9, 0xE1, 0x14, 0x5D, 0xDC,
    0x4B, 0xF2, 0x20, 0x05, 0x8F, 0x39, 0x87, 0x37, 0x47, 0x45, 0x0F, 0xA3, 0xD4, 0x15, 0x93, 0xA8,
    0x7E, 0x04, 0xF3, 0x74, 0x01, 0x1E, 0x84, 0xC0, 0xB0, 0x82, 0x9A, 0x05, 0x74, 0x67, 0x41, 0x90,
    0xDE, 0xBE, 0x16, 0x74, 0x5F, 0xE7, 0xAB, 0xD6, 0xB5, 0xE2, 0xE8, 0x4C, 0x72, 0xCE, 0x4D, 0x85,
    0xA2, 0x92, 0xBE, 0xBB, 0xF4, 0x53, 0x37, 0xEB, 0x54, 0xE7, 0xA8, 0x27, 0x3D, 0xF6, 0x63, 0x1F,
    0x0D, 0x4F, 0x1B, 0xED, 0xB4, 0x1F, 0x3E, 0x42, 0xC1, 0x5D, 0x23, 0x31, 0x32, 0x2B, 0x2A, 0x9A,
    0xB2, 0x49, 0xFF, 0x6F, 0xE3, 0x65, 0xEB, 0xDC, 0x57, 0x78, 0xFF, 0x9E, 0xA7, 0xD1, 0x30, 0xC9,
    0xD5, 0xD5, 0xA3, 0xA6, 0x18, 0xEB, 0x38, 0x02, 0xC2, 0x5B, 0xAC, 0xC1, 0xC5, 0x73, 0x0D, 0xE2,
    0x8D, 0x1A, 0x1C, 0xAE, 0x69, 0x30, 0xE5, 0xCB, 0xA3, 0x80, 0x26, 0x82, 0x99, 0xA5, 0x2C, 0x7A,
    0xE7, 0x5F, 0x23, 0x84, 0x1A, 0x4A, 0x99, 0x61, 0xA8, 0x0A, 0x06, 0xF7, 0x0E, 0x7C, 0x3D, 0x90,
    0xA6, 0xAD, 0xB8, 0xA2, 0xCF, 0x5B, 0x45, 0xA4, 0xF9, 0xF2, 0x28, 0xD3, 0xD1, 0x08, 0x4F, 0x11,
    0x81, 0x41, 0xBF, 0xA4, 0x5B, 0xDB, 0x6B, 0x8D, 0xFF, 0xE8, 0x84, 0x11, 0x32, 0x43, 0x62, 0x10,
    0x16, 0xE6, 0xCB, 0x19, 0xF4, 0x24, 0x29, 0xA2, 0xD4, 0x15, 0x2B, 0x5F, 0x93, 0x13, 0xCF, 0xD1,
    0xC4, 0x7E, 0x3B, 0x40, 0xD7, 0xFA, 0x19, 0xDC, 0x7E, 0x5C, 0xA9, 0x3A, 0xA8, 0xBC, 0x5E, 0x9E,
    0xC8, 0xDF, 0xA9, 0x75, 0x31, 0x31, 0x8C, 0xB5, 0x72, 0xDC, 0xEC, 0xAD, 0xE0, 0x76, 0x6F, 0x4D,
    0xED, 0xAA, 0x53, 0x97, 0xAB, 0xAF, 0xA6, 0xCD, 0x5F, 0xFD, 0x28, 0xDC, 0x84, 0xD3, 0x7E, 0x3C,
    0x72, 0xD6, 0x79, 0x78, 0x21, 0x74, 0xBA, 0x7B, 0x46, 0x12, 0x04, 0x50, 0xDF, 0xEF, 0xFF, 0xD3,
    0x51, 0xFF, 0xE7, 0x55, 0x03, 0x59, 0x94, 0x96, 0x37, 0x41, 0x3B, 0xD4, 0x97, 0x6F, 0xF8, 0xDC,
    0x49, 0x2F, 0xFF, 0xDC, 0x11, 0x38, 0x32, 0x60, 0xB3, 0x02, 0xB6, 0x30, 0x64, 0x86, 0xF1, 0x45,
    0x8A, 0xB6, 0x45, 0xB1, 0x72, 0x2A, 0x4B, 0xA5, 0x26, 0x74, 0x8F, 0x0B, 0x34, 0x25, 0x86, 0xA9,
    0xFE, 0xF6, 0xE2, 0xDC, 0xAF, 0x0A, 0xEC, 0x67, 0x0C, 0xEF, 0xAF, 0xB0, 0x8E, 0xE0, 0xE1, 0x87,
    0xA3, 0x0F, 0x1D, 0x59, 0x2F, 0xFF, 0xD0, 0x39, 0xFE, 0xF0, 0x53, 0x29, 0xBC, 0xB6, 0x42, 0x3D,
    0xA6, 0xCF, 0xC5, 0xBA, 0x3C, 0x62, 0xBB, 0xE8, 0x62, 0xC6, 0x2E, 0x6F, 0xA7, 0x02, 0xC6, 0x51,
    0xAE, 0x24, 0x03, 0xC5, 0xC2, 0xFD, 0x58, 0x3B, 0x21, 0x83, 0x77, 0x72, 0x15, 0x20, 0x57, 0x8C,
    0x19, 0x08, 0x9E, 0x61, 0x15, 0x9A, 0x8E, 0x29, 0xFE, 0x70, 0x6F, 0xF9, 0x09, 0x8A, 0xCA, 0x16,
    0xE5, 0x53, 0xD8, 0xA2, 0x7C, 0xFF, 0xB7, 0x0B, 0x55, 0x10, 0x1E, 0x8C, 0xDF, 0x58, 0xE0, 0x29,
    0xC3, 0xD0, 0x84, 0x5B, 0x92, 0x68, 0xC5, 0x0C, 0x58, 0x28, 0xD5, 0xCE, 0x4E, 0x77, 0x6A, 0x67,
    0xAF, 0x73, 0x56, 0x59, 0xCD, 0xED, 0xDC, 0xA6, 0x8E, 0x27, 0x73, 0xCF, 0x76, 0x94, 0xCC, 0xEB,
    0x2F, 0x08, 0xFD, 0xE7, 0xF9, 0xD8, 0x57, 0x97, 0x7E, 0x12, 0xB8, 0xA1, 0xCE, 0xB8, 0x9B, 0xB3,
    0xB4, 0x5C, 0x65, 0xE9, 0x37, 0xF9, 0xC6, 0x84, 0x17, 0x93, 0xAB, 0xF9, 0x4C, 0x3D, 0x29, 0xAC,
    0x59, 0xBB, 0xA2, 0xCB, 0xCF, 0xBD, 0x31, 0xDE, 0x14, 0x76, 0x61, 0x6A, 0xA5, 0xBA, 0x94, 0x7E,
    0xFA, 0x79, 0x3F, 0x49, 0x85, 0x6C, 0xC9, 0x81, 0x26, 0xF4, 0x89, 0x89, 0xDE, 0xEB, 0x53, 0xA0,
    0x29, 0xB0, 0x50, 0x5B, 0xAD, 0xCF, 0xC2, 0xB0, 0x97, 0x9D, 0x91, 0x28, 0xDE, 0x18, 0xC7, 0x81,
    0xF1, 0x02, 0xBB, 0x48, 0x1D, 0x10, 0x17, 0x5C, 0x99, 0x5F, 0xA6, 0x1D, 0xB6, 0x29, 0x66, 0x7E,
    0xFE, 0x5F, 0xAD, 0x15, 0xE1, 0xCE, 0x0A, 0x4F, 0xFC, 0x56, 0x29, 0xF5, 0x08, 0x2A, 0x8D, 0x5B,
    0x5C, 0x20, 0xCA, 0x7B, 0x39, 0x8C, 0xA8, 0xC2, 0x6D, 0x7F, 0xE6, 0xB6, 0x9F, 0x60, 0xDF, 0x66,
    0x96, 0x3E, 0xDE, 0xD8, 0xF6, 0x6B, 0x30, 0xF8, 0x86, 0x2D, 0xE5, 0x15, 0xA9, 0xE2, 0x5B, 0x6A,
    0x67, 0xAF, 0x2F, 0xBA, 0x64, 0xF5, 0xC7, 0x7A, 0xB4, 0xC6, 0xB0, 0x00, 0xD6, 0x30, 0xFF, 0xBB,
    0xC6, 0xC3, 0xDE, 0x37, 0xE7, 0xB0, 0xD9, 0x14, 0xD8, 0x64, 0xF2, 0xF6, 0x51, 0x67, 0x47, 0x29,
    0xB8, 0xC4, 0xB3, 0xBA, 0x1C, 0xF6, 0xC3, 0xCC, 0xE8, 0xAF, 0x09, 0xE8, 0xB7, 0xBE, 0x0D, 0xA0,
    0x5B, 0x18, 0xE9, 0xDA, 0xF8, 0x6B, 0xED, 0x20, 0xE0, 0xB0, 0x4A, 0x5C, 0x17, 0x2B, 0xD5, 0x4D,
    0xCC, 0x31, 0xF6, 0x93, 0x24, 0x04, 0x31, 0x92, 0xEC, 0x28, 0x92, 0xC2, 0x45, 0xF2, 0x77, 0xD1,
    0x89, 0x91, 0x64, 0xED, 0x2A, 0x61, 0x70, 0xEE, 0x1D, 0xA3, 0x20, 0xB9, 0x2F, 0x44, 0x6D, 0x11,
    0x34, 0x0B, 0x9A, 0x04, 0x45, 0x41, 0xC3, 0x1E, 0x22, 0x4D, 0x65, 0x56, 0x04, 0x25, 0x41, 0x8E,
    0xD1, 0x81, 0x28, 0x36, 0x44, 0x83, 0x22, 0x72, 0x2C, 0x84, 0xD4, 0x8A, 0xAB, 0x7F, 0xDB, 0x85,
    0x6B, 0x5B, 0x54, 0x18, 0xB2, 0x14, 0xEB, 0x9A, 0xFC, 0x6D, 0x11, 0x25, 0x58, 0x94, 0xE3, 0x56,
    0x1A, 0xE4, 0x8E, 0x91, 0x2F, 0x37, 0xD8, 0x24, 0xA9, 0x2C, 0x7D, 0x9D, 0x17, 0x5F, 0x6F, 0x6B,
    0x81, 0xAA, 0xE9, 0xCE, 0xE3, 0xBD, 0x17, 0x0D, 0x29, 0x64, 0x3E, 0x22, 0xD4, 0x70, 0x3B, 0xEE,
    0xD8, 0xB2, 0x46, 0xE1, 0xDA, 0x66, 0x51, 0x93, 0x1C, 0x96, 0xFD, 0xF3, 0x41, 0xCD, 0xC2, 0xCC,
    0x27, 0xF8, 0x11, 0xA7, 0x0E, 0xFB, 0x30, 0x4F, 0x9B, 0xCB, 0xFF, 0xD1, 0xDC, 0xBB, 0xBD, 0x42,
    0xC6, 0x7F, 0x00, 0xBD, 0x99, 0x31, 0x8C, 0x26, 0xB7, 0x75, 0xC7, 0x7F, 0x33, 0x74, 0x76, 0x0C,
    0xB3, 0xA0, 0x0A, 0x17, 0x86, 0x93, 0x68, 0x52, 0xA4, 0x49, 0x00, 0x1F, 0x5B, 0x05, 0xB8, 0x5B,
    0xCE, 0x45, 0xC5, 0x15, 0x6A, 0xD3, 0x27, 0x45, 0xAA, 0x34, 0x6E, 0x54, 0xA8, 0xD0, 0x1D, 0x29,
    0xA8, 0x48, 0xE9, 0xEB, 0x1B, 0xA7, 0x70, 0x8F, 0x2D, 0x53, 0xEC, 0xED, 0x10, 0x72, 0xE1, 0x00,
    0x2A, 0x34, 0x91, 0x8A, 0x14, 0x29, 0x34, 0x8A, 0xD4, 0xB9, 0x10, 0x63, 0xCD, 0x45, 0x54, 0x8E,
    0x33, 0x2F, 0x24, 0xBE, 0x9C, 0x36, 0x5A, 0x58, 0x40, 0x8C, 0xBD, 0xBB, 0x8F, 0xFC, 0xFF, 0x39,
    0x33, 0x1C, 0xFE, 0xDF, 0x7B, 0xBB, 0xC4, 0x7B, 0xDF, 0x72, 0xB9, 0xEC, 0x8E, 0xFE, 0x20, 0x03,
    0xA8, 0xA4, 0xD2, 0x90, 0xF4, 0x6A, 0x16, 0xB3, 0x8C, 0xD1, 0x46, 0x17, 0x7D, 0x98, 0x27, 0x99,
    0xD0, 0x11, 0x1D, 0x98, 0xB7, 0x41, 0x8A, 0x91, 0x6C, 0xD7, 0xD7, 0x5C, 0x64, 0x9E, 0x10, 0x5A,
    0x3F, 0x1A, 0x23, 0xF7, 0x83, 0x97, 0x68, 0x25, 0xAA, 0x63, 0x52, 0x0B, 0x2A, 0x02, 0x36, 0x43,
    0x27, 0x02, 0x4A, 0x76, 0xD0, 0xDB, 0x4F, 0xC0, 0x24, 0x60, 0x5C, 0x9E, 0x93, 0x8D, 0x6D, 0x52,
    0x02, 0x83, 0x34, 0x33, 0x22, 0x80, 0x9F, 0x80, 0x19, 0xE0, 0x00, 0x54, 0x06, 0xAC, 0xC8, 0x8A,
    0x13, 0x59, 0x1A, 0x45, 0x7E, 0xC8, 0x8F, 0xCF, 0xAF, 0x1E, 0x7A, 0x39, 0x46, 0xC9, 0xE3, 0x7B,
    0xD9, 0x72, 0x59, 0x7B, 0xBD, 0xA8, 0xB7, 0x4E, 0xF6, 0xF3, 0xF9, 0x49, 0x7D, 0x61, 0x8C, 0xC3,
    0x56, 0xE3, 0x58, 0xCD, 0x6A, 0xA3, 0x5E, 0xFD, 0x34, 0xA4, 0x03, 0xF5, 0xBB, 0x82, 0x7A, 0xB6,
    0xD1, 0xCB, 0x4A, 0x27, 0x11, 0x27, 0xA5, 0x22, 0xD3, 0x1D, 0xD0, 0xED, 0x30, 0x4B, 0x42, 0x2A,
    0x9A, 0x4D, 0xB5, 0xC1, 0x90, 0xE0, 0xDD, 0x6F, 0x3F, 0xC0, 0x77, 0x6E, 0xC7, 0x0C, 0x22, 0x53,
    0x2F, 0x82, 0xCA, 0x3F, 0xA2, 0x2D, 0xE8, 0x77, 0x40, 0x56, 0x94, 0x64, 0xF4, 0xC7, 0x05, 0x13,
    0xF7, 0x8A, 0x3A, 0x3E, 0xCD, 0x28, 0x59, 0xC1, 0x57, 0xE8, 0x44, 0x53, 0xDE, 0xC6, 0x66, 0x2C,
    0x62, 0xF7, 0x93, 0xB0, 0x65, 0x77, 0x5C, 0x9E, 0xC3, 0xD9, 0x31, 0x81, 0x97, 0x8D, 0x3E, 0x77,
    0x57, 0xE8, 0x80, 0x99, 0x5E, 0xEF, 0xE4, 0xCD, 0x78, 0x57, 0xCB, 0x7B, 0xEB, 0x3B, 0x16, 0xD2,
    0xC5, 0x3D, 0x78, 0xFB, 0xE2, 0x2E, 0xBC, 0x93, 0xDE, 0x85, 0x37, 0x2E, 0x1A, 0xB5, 0xDB, 0xB7,
    0xDF, 0xBE, 0x07, 0x17, 0x77, 0xC7, 0xFB, 0x53, 0xBA, 0xA3, 0xE5, 0xFD, 0xC5, 0xBC, 0x77, 0x65,
    0x82, 0xDA, 0x98, 0x61, 0x96, 0x0C, 0x5A, 0x02, 0xFD, 0x37, 0xAB, 0x91, 0x65, 0x7C, 0x2B, 0xBA,
    0x21, 0x9E, 0xEB, 0x78, 0xCF, 0x84, 0xF3, 0x71, 0x72, 0x82, 0xF9, 0x08, 0x5E, 0xEB, 0xE0, 0xE1,
    0xB0, 0x20, 0x26, 0xA9, 0xE2, 0xA2, 0xD9, 0x64, 0xB2, 0x1F, 0xEF, 0xB8, 0x5F, 0x17, 0xEC, 0x07,
    0x05, 0xB3, 0x1E, 0xE8, 0x34, 0x33, 0x24, 0x4F, 0x3F, 0xFD, 0x39, 0xD0, 0x74, 0x65, 0x7A, 0x0E,
    0x30, 0x37, 0xF0, 0x23, 0xC0, 0xED, 0xBE, 0xF8, 0xF2, 0x7B, 0xA3, 0x32, 0xDF, 0xA8, 0x78, 0xD7,
    0xB4, 0xA8, 0xCC, 0x10, 0xD3, 0x85, 0x51, 0xF1, 0xED, 0x8B, 0x7A, 0xF5, 0x4E, 0x32, 0x32, 0xBD,
    0x71, 0x61, 0x76, 0x2A, 0x8D, 0x35, 0x2A, 0xA3, 0xC3, 0xC5, 0xDD, 0x3A, 0x9B, 0xEE, 0x98, 0xFE,
    0xF3, 0xC5, 0x04, 0x6E, 0x46, 0x05, 0xE0, 0x44, 0x9C, 0x1C, 0x5E, 0x76, 0xC0, 0x64, 0x9C, 0x50,
    0xC6, 0x69, 0x33, 0xA1, 0xF6, 0x27, 0x76, 0x72, 0x07, 0x7A, 0x83, 0x73, 0x6E, 0xE0, 0x46, 0x04,
    0x37, 0xE6, 0x6E, 0x46, 0xD8, 0xCB, 0xA4, 0x65, 0xE9, 0xF5, 0x8A, 0x5E, 0x30, 0x11, 0x4F, 0x57,
    0xA8, 0x77, 0x56, 0x82, 0x6F, 0xBD, 0xBD, 0x30, 0xC8, 0xD2, 0x0D, 0xED, 0x85, 0x7A, 0xAD, 0x0E,
    0x18, 0x03, 0x26, 0xFE, 0xD9, 0x18, 0x9C, 0x60, 0x33, 0x6A, 0x6F, 0xDB, 0xD2, 0x81, 0x70, 0x9C,
    0x5A, 0xB7, 0x77, 0x7B, 0x5F, 0xFA, 0xA2, 0x5A, 0xCB, 0xB5, 0x6D, 0x6A, 0xD3, 0x5B, 0x7D, 0x2B,
    0xE9, 0x34, 0x26, 0x93, 0xFD, 0x6A, 0x44, 0x96, 0x51, 0x7E, 0x1B, 0xC7, 0x2F, 0x7F, 0x11, 0x6D,
    0x04, 0xD7, 0x10, 0xC0, 0x4F, 0x30, 0x73, 0x42, 0x27, 0xB2, 0xEA, 0x8A, 0xB1, 0xC2, 0xC9, 0x67,
    0xDF, 0x0B, 0x5B, 0x61, 0x2A, 0xFA, 0x0A, 0xBA, 0xFF, 0x27, 0x80, 0xEA, 0x7F, 0xF4, 0xD1, 0x4D,
    0x3A, 0x98, 0xB5, 0xA5, 0x89, 0x39, 0xF9, 0xC0, 0xD5, 0xB0, 0xDB, 0xE2, 0xCB, 0x5F, 0xE5, 0x2E,
    0xF7, 0x5B, 0x7B, 0x3A, 0xAC, 0xB5, 0x65, 0x7B, 0x3C, 0xB4, 0x97, 0x36, 0xDB, 0x7C, 0x5E, 0x9E,
    0xF8, 0x3C, 0x3E, 0x26, 0xFC, 0x00, 0xBD, 0x5C, 0xEF, 0x1F, 0x95, 0x5D, 0xE8, 0x8B, 0x8B, 0xAA,
    0xC2, 0x24, 0xC1, 0x7D, 0x52, 0x98, 0xDF, 0xDA, 0x78, 0x34, 0x2C, 0xFC, 0xB0, 0x6B, 0x81, 0x31,
    0x2C, 0xBD, 0x60, 0xC2, 0x78, 0xE0, 0x70, 0x3B, 0x4F, 0xF8, 0xD3, 0xCB, 0x2E, 0x43, 0x51, 0xA9,
    0x92, 0x89, 0x74, 0xD9, 0xDE, 0xAF, 0x36, 0x1F, 0x0D, 0x59, 0xA5, 0x62, 0x36, 0xF5, 0x55, 0x72,
    0x1B, 0x7A, 0x79, 0x96, 0x18, 0xDF, 0xFF, 0x2A, 0xE1, 0xF4, 0x6F, 0x56, 0x8A, 0x91, 0xD2, 0x6F,
    0xA3, 0xE4, 0x61, 0xC5, 0x44, 0x13, 0x2B, 0xD1, 0x94, 0x69, 0xD2, 0x81, 0xA6, 0x4D, 0x13, 0xBF,
    0x84, 0x3F, 0xB9, 0xEC, 0x36, 0x9A, 0xFC, 0xCA, 0x49, 0xBF, 0x19, 0x78, 0x2B, 0x53, 0x2D, 0x38,
    0xA1, 0x9A, 0xB8, 0xE3, 0x51, 0x4D, 0x17, 0xF4, 0xC2, 0x39, 0x8C, 0xA1, 0xB9, 0xE3, 0x9A, 0x1A,
    0x05, 0x0B, 0xFD, 0x86, 0xEC, 0x0C, 0x6B, 0x2F, 0x05, 0x13, 0x55, 0x65, 0x00, 0x86, 0xB6, 0xDA,
    0x48, 0xD4, 0xCB, 0x1F, 0x99, 0x38, 0x06, 0xC6, 0xE0, 0x50, 0x07, 0x97, 0x0C, 0x7B, 0xB3, 0xE8,
    0x9A, 0x41, 0x6B, 0xE2, 0xF1, 0xD8, 0xDB, 0x37, 0x77, 0xD9, 0x1F, 0xE9, 0xE2, 0xBF, 0x28, 0x63,
    0x41, 0xA5, 0x87, 0x19, 0xBD, 0x3C, 0xCD, 0x35, 0x9E, 0xFF, 0xD8, 0x70, 0x83, 0x1C, 0x14, 0x2D,
    0x7B, 0xBF, 0xA1, 0xD6, 0x61, 0xA5, 0xF6, 0x7A, 0x39, 0x64, 0x74, 0xA6, 0x69, 0x00, 0x60, 0x16,
    0xC6, 0x88, 0x0F, 0x2D, 0xBE, 0x82, 0x5B, 0xF0, 0x13, 0x33, 0xCC, 0xF7, 0x57, 0x2F, 0xC9, 0x49,
    0xD2, 0xC7, 0x04, 0xCF, 0x33, 0xAF, 0x59, 0x01, 0x95, 0x00, 0x32, 0x70, 0x9A, 0xD8, 0x00, 0x97,
    0x01, 0xDF, 0xE8, 0x28, 0xD0, 0xED, 0x95, 0xD4, 0x37, 0x95, 0x74, 0x2A, 0x6D, 0x55, 0x25, 0x1B,
    0x77, 0x70, 0xA1, 0xD2, 0x3C, 0x55, 0x12, 0x39, 0xE8, 0x1B, 0x29, 0x11, 0x41, 0x27, 0xE6, 0x26,
    0x3E, 0x63, 0x63, 0x25, 0x17, 0xF0, 0x00, 0x3F, 0x0D, 0x80, 0x6F, 0xB4, 0x03, 0x6A, 0x03, 0xFA,
    0xF0, 0xF2, 0xED, 0x0E, 0x3B, 0x30, 0x0A, 0xE0, 0x6D, 0xA0, 0xCB, 0x3A, 0xBE, 0x74, 0x93, 0xE3,
    0xB4, 0x82, 0x7F, 0x56, 0x49, 0x24, 0x42, 0xF2, 0x2F, 0x3F, 0x4A, 0x00, 0xAC, 0x09, 0xE0, 0x6C,
    0x84, 0x9A, 0xD0, 0x01, 0x5E, 0xBE, 0xDD, 0x3E, 0x03, 0xE6, 0x68, 0x64, 0xBE, 0xA5, 0x1D, 0xE8,
    0xB7, 0x57, 0x60, 0x5C, 0x44, 0x22, 0xA8, 0xD3, 0x60, 0x44, 0x24, 0xC0, 0xF8, 0xEF, 0x09, 0xC0,
    0x7D, 0xD8, 0x06, 0x66, 0xD3, 0x86, 0xEE, 0x38, 0xED, 0xF5, 0x32, 0x4A, 0xB3, 0x99, 0xDB, 0x80,
    0x49, 0xB6, 0x0D, 0x6E, 0x71, 0x01, 0xF0, 0x6D, 0x31, 0x88, 0xC8, 0x74, 0x12, 0x06, 0x86, 0xC2,
    0x0C, 0x98, 0x84, 0x48, 0xC2, 0xAE, 0xB4, 0xC1, 0xC5, 0x96, 0x68, 0xE1, 0x4C, 0x1E, 0xE3, 0xA4,
    0xD4, 0x9B, 0xAC, 0x64, 0xBA, 0x30, 0x19, 0xC6, 0x04, 0x76, 0x01, 0x17, 0xC1, 0x3F, 0xCF, 0xCE,
    0x27, 0x9C, 0xEE, 0x23, 0xB8, 0xED, 0x8F, 0x19, 0x45, 0x18, 0x2A, 0x98, 0xDB, 0x22, 0x4E, 0x0B,
    0xF4, 0x42, 0x43, 0x27, 0x11, 0x0E, 0x60, 0xD8, 0xA0, 0x2F, 0x40, 0xC5, 0x75, 0x21, 0xDA, 0x9A,
    0x0F, 0x0D, 0xDD, 0x7E, 0x9A, 0x6E, 0x50, 0x0D, 0x22, 0x53, 0xD3, 0xD4, 0x15, 0x26, 0x71, 0xC2,
    0x0A, 0xE3, 0x02, 0x36, 0xD2, 0x5C, 0xFD, 0x16, 0x70, 0xF6, 0x4F, 0xA7, 0x59, 0x17, 0xE0, 0x0A,
    0xF8, 0xD5, 0x8B, 0xD5, 0xEF, 0x24, 0xA0, 0x24, 0x62, 0xFE, 0x6D, 0xC5, 0x75, 0xDB, 0x8B, 0xF5,
    0x1D, 0xD0, 0xBF, 0x5E, 0xAB, 0x76, 0x6A, 0x23, 0xF0, 0x62, 0x7D, 0xB7, 0x11, 0xB3, 0x30, 0x24,
    0x4E, 0x7E, 0x8B, 0x74, 0x72, 0x30, 0xE7, 0xF6, 0xDC, 0xD5, 0x1E, 0xF0, 0x53, 0xEB, 0x33, 0x08,
    0x1C, 0x74, 0x3B, 0x7D, 0x69, 0x5D, 0x15, 0xAC, 0xE0, 0x65, 0x9A, 0x65, 0x82, 0xBF, 0xAC, 0x98,
    0xA7, 0x36, 0x8B, 0x4A, 0x70, 0x36, 0xC1, 0x49, 0x8D, 0x26, 0xD7, 0xF4, 0xB8, 0x59, 0xC7, 0x1B,
    0x66, 0x40, 0x80, 0x03, 0x6E, 0x06, 0x61, 0x85, 0xA6, 0x4E, 0x93, 0x47, 0xB7, 0x07, 0x4D, 0xC7,
    0x4D, 0x7D, 0x36, 0xF1, 0x85, 0x6A, 0xC3, 0x29, 0x7F, 0xB4, 0x74, 0x79, 0x6F, 0x04, 0x78, 0xB1,
    0xBE, 0xCF, 0x47, 0x25, 0x91, 0xD4, 0xA8, 0xD0, 0xED, 0xC3, 0x41, 0x5F, 0x3A, 0xA9, 0x84, 0xB4,
    0xB7, 0x67, 0x54, 0xAE, 0xE4, 0x64, 0x11, 0xBC, 0xC4, 0x13, 0x61, 0x52, 0xBF, 0x63, 0x56, 0x55,
    0x18, 0x17, 0x93, 0xB1, 0xD1, 0x27, 0x9C, 0x48, 0xAC, 0x74, 0x50, 0xE9, 0x31, 0xC0, 0xEB, 0xF7,
    0x57, 0x98, 0x9F, 0x2D, 0xF0, 0x4C, 0x22, 0xDD, 0xFA, 0x08, 0x00, 0x98, 0x63, 0x57, 0x90, 0xD8,
    0x2C, 0xAC, 0x2A, 0x77, 0x92, 0xD4, 0xD6, 0x4B, 0x1A, 0x92, 0xFA, 0x3A, 0xEB, 0xA4, 0xFE, 0xAB,
    0xE8, 0x55, 0xFD, 0x67, 0x31, 0xEB, 0x90, 0x76, 0xB3, 0xE8, 0x34, 0x8F, 0xD1, 0xAC, 0xDE, 0x46,
    0xB3, 0xB8, 0x9F, 0x07, 0x13, 0x9D, 0x4C, 0x63, 0x1C, 0x85, 0xFA, 0x40, 0x70, 0xA1, 0xD1, 0xA4,
    0x0F, 0x3C, 0x6A, 0x3F, 0x45, 0x0A, 0x07, 0x80, 0x03, 0x30, 0x81, 0xEB, 0x0F, 0x67, 0x12, 0xC0,
    0xC9, 0x46, 0x27, 0xB2, 0xA3, 0x8E, 0x5E, 0x30, 0x19, 0x61, 0x4C, 0xCC, 0x93, 0x6D, 0xD5, 0xD9,
    0xC5, 0x4A, 0x3E, 0xD4, 0x5B, 0x3F, 0x55, 0x9A, 0x27, 0xA4, 0x0E, 0x5D, 0x95, 0x9F, 0xAA, 0xBC,
    0x8B, 0xBA, 0xE0, 0x56, 0x9B, 0x18, 0x45, 0x16, 0x06, 0x91, 0x09, 0xE6, 0x2F, 0x00, 0x54, 0x01,
    0xF4, 0x06, 0x98, 0x05, 0x70, 0x13, 0xF0, 0x17, 0xAF, 0xC0, 0xAE, 0x5F, 0xA1, 0x93, 0x04, 0xC3,
    0xD3, 0x0C, 0x63, 0x78, 0xF2, 0x8A, 0xE2, 0xFD, 0x67, 0x03, 0x4A, 0x66, 0xD0, 0xB2, 0x83, 0xE9,
    0xB7, 0x97, 0x6F, 0x12, 0xA0, 0x4B, 0x97, 0xA0, 0x9E, 0x16, 0xE8, 0x53, 0x7E, 0x45, 0xA1, 0xF2,
    0x3A, 0x77, 0x5D, 0x38, 0xCC, 0xE7, 0x45, 0x49, 0x42, 0x22, 0x12, 0x94, 0xAC, 0xE6, 0xEB, 0xEC,
    0xE2, 0x31, 0x72, 0xEF, 0x07, 0xFC, 0x00, 0xE8, 0x9A, 0x0B, 0xBF, 0x9C, 0x70, 0x22, 0xCD, 0x85,
    0x03, 0x75, 0x28, 0x41, 0x6F, 0x83, 0x30, 0xAE, 0x46, 0x26, 0x1B, 0x5D, 0x73, 0xE1, 0xD2, 0x4D,
    0xEE, 0xBD, 0xAD, 0xFA, 0xF1, 0x60, 0xF5, 0x78, 0x13, 0x05, 0xEF, 0x38, 0xF0, 0xA5, 0xDF, 0x71,
    0xDB, 0x50, 0x70, 0xE9, 0xB9, 0x0B, 0xAE, 0xB9, 0xF0, 0xB0, 0xB9, 0xF0, 0x63, 0xBE, 0xDD, 0x61,
    0x5D, 0x23, 0xAE, 0x00, 0x2C, 0xD7, 0x9F, 0x36, 0xE9, 0xA7, 0x4A, 0x33, 0x43, 0x46, 0x18, 0x36,
    0x04, 0x9D, 0x38, 0x30, 0x2D, 0xFB, 0x9A, 0xB5, 0x2F, 0x8C, 0x4B, 0x4B, 0x89, 0x8B, 0xCA, 0xB8,
    0x38, 0x6C, 0x95, 0x74, 0xA5, 0xA0, 0x13, 0x3E, 0x98, 0x46, 0x76, 0xC1, 0x2D, 0x3E, 0x62, 0x9B,
    0x5D, 0x23, 0x3B, 0x74, 0xB2, 0x02, 0xE8, 0x0C, 0x98, 0x04, 0xD8, 0x08, 0x3C, 0x02, 0xF8, 0xFB,
    0x57, 0x60, 0x57, 0x22, 0xF4, 0xED, 0x52, 0x7F, 0x9E, 0xC0, 0x4D, 0xF9, 0x15, 0xC5, 0x0B, 0xA0,
    0x3E, 0xDB, 0x60, 0xF8, 0xAA, 0xD1, 0xC7, 0xE9, 0x15, 0xD9, 0xFD, 0x07, 0xE8, 0x77, 0x50, 0x1B,
    0x98, 0x05, 0x7E, 0x0A, 0x00, 0x33, 0x26, 0xF9, 0xC9, 0x2E, 0x2E, 0xF8, 0xE0, 0xA2, 0x60, 0x3F,
    0xD8, 0x19, 0x3F, 0xC9, 0x98, 0x2F, 0x13, 0x46, 0x16, 0xB4, 0x04, 0x06, 0x01, 0xD5, 0x96, 0x96,
    0x8A, 0x4C, 0x73, 0x0B, 0x7D, 0x5D, 0x58, 0x1B, 0xBE, 0x5B, 0x0F, 0x4E, 0x5F, 0xE6, 0x62, 0xC5,
    0xAA, 0xCA, 0x98, 0x54, 0x6E, 0x7F, 0xDE, 0xEA, 0xA4, 0x93, 0xA9, 0xCD, 0xAE, 0x46, 0x24, 0x56,
    0x30, 0xCA, 0x17, 0xDF, 0x29, 0x2D, 0x0D, 0x70, 0x26, 0x0B, 0x58, 0x29, 0x30, 0xCB, 0x01, 0xF2,
    0xD7, 0x42, 0xB7, 0x23, 0xAD, 0x6A, 0x1C, 0xA8, 0xA2, 0x0B, 0x2A, 0xFB, 0xC4, 0xB0, 0xC9, 0x84,
    0x7E, 0x7A, 0x34, 0x57, 0x5A, 0xA4, 0x69, 0x5E, 0x31, 0xEB, 0xB8, 0x31, 0x2E, 0x43, 0xC1, 0xB6,
    0xEC, 0xEF, 0xFE, 0x65, 0xA8, 0xF4, 0x91, 0x64, 0xDC, 0x2F, 0x24, 0xE1, 0x1F, 0xC8, 0xC4, 0x0C,
    0x20, 0x40, 0x7F, 0x00, 0xAE, 0x34, 0xCA, 0x8D, 0x16, 0x1A, 0x47, 0x18, 0x2B, 0xF4, 0x0A, 0x7D,
    0x02, 0x80, 0xF9, 0xAD, 0x45, 0xC9, 0xA7, 0xCD, 0xE1, 0x68, 0x93, 0x84, 0x76, 0x44, 0x56, 0xDB,
    0x34, 0xE3, 0x11, 0x66, 0x84, 0x03, 0xE9, 0x77, 0xE4, 0xC1, 0xCE, 0x2C, 0x05, 0x77, 0x14, 0xF4,
    0x67, 0x19, 0x98, 0x03, 0xDD, 0x01, 0x6A, 0x03, 0x1D, 0x6F, 0xA7, 0x65, 0x0A, 0xD8, 0x03, 0xAE,
    0x5C, 0x95, 0x33, 0xE1, 0x56, 0x5A, 0x77, 0xEE, 0x2F, 0xAD, 0x68, 0x22, 0x12, 0x5B, 0xC9, 0xBC,
    0x95, 0xD6, 0xBD, 0xB1, 0xF9, 0x34, 0xF1, 0xD0, 0x02, 0xDC, 0x4E, 0x6B, 0x48, 0x30, 0x16, 0xF8,
    0xD9, 0xCF, 0x1A, 0x4E, 0xD7, 0x67, 0xEB, 0x6D, 0x34, 0xDB, 0xBA, 0x5F, 0x6E, 0xD4, 0x95, 0xB2,
    0x63, 0x44, 0x44, 0xB0, 0xAB, 0xA4, 0x99, 0xBA, 0x3E, 0xFA, 0x96, 0xAE, 0xEF, 0xB7, 0xD5, 0x6D,
    0x85, 0x54, 0x5E, 0x11, 0xE4, 0x6F, 0x40, 0x7A, 0x81, 0xAA, 0x25, 0xD3, 0xDF, 0x31, 0x8B, 0x48,
    0xC2, 0xED, 0x95, 0xAB, 0xE2, 0xEF, 0xE4, 0x31, 0xF8, 0x4D, 0x9D, 0x0E, 0x45, 0xD3, 0x6B, 0x2E,
    0x5E, 0x7F, 0x37, 0x3C, 0xF5, 0x39, 0x3C, 0xF6, 0xB2, 0x58, 0x59, 0x86, 0x63, 0x52, 0x2B, 0x43,
    0x86, 0xD2, 0xBA, 0xCD, 0xD8, 0x95, 0xEB, 0xFD, 0xB5, 0x5C, 0xEF, 0xAF, 0x9F, 0x6F, 0xF4, 0x27,
    0xFF, 0xB0, 0x5B, 0x4B, 0xE2, 0xFF, 0xEB, 0x97, 0x1C, 0x88, 0xE4, 0x8A, 0x80, 0x00, 0x73, 0xF5,
    0xC6, 0xCB, 0x86, 0x95, 0x74, 0xAA, 0x46, 0xC8, 0x44, 0xBF, 0xC3, 0x90, 0x40, 0x87, 0xDB, 0x69,
    0x99, 0x02, 0x6E, 0x87, 0xDD, 0xA1, 0xD2, 0x18, 0x6E, 0xA5, 0xF5, 0xD0, 0x36, 0x1D, 0xB8, 0x3C,
    0x07, 0xB8, 0x95, 0x5F, 0x3A, 0xA9, 0xDC, 0x15, 0x1E, 0xC2, 0xE9, 0xAC, 0xAC, 0x25, 0x11, 0x93,
    0xDA, 0x11, 0xEF, 0xB8, 0xD8, 0xE8, 0xA2, 0x0B, 0xAE, 0x55, 0x5B, 0x93, 0x70, 0x91, 0x2B, 0xBA,
    0x5F, 0x41, 0x7B, 0x95, 0xD6, 0x33, 0xC3, 0x86, 0x4E, 0x98, 0xDA, 0xD7, 0xD6, 0xC7, 0xE5, 0xFA,
    0x4B, 0xBD, 0x9B, 0xF0, 0x13, 0x9D, 0x4C, 0x83, 0xC4, 0xF1, 0xC3, 0xF5, 0x51, 0x9F, 0xFE, 0xA0,
    0x85, 0xFA, 0xFD, 0xA5, 0xAE, 0x32, 0xFF, 0xB8, 0xC0, 0x1F, 0x66, 0x11, 0x00, 0x15, 0x1E, 0xA3,
    0xBF, 0x4E, 0x0C, 0xB2, 0xA0, 0x04, 0xAC, 0x04, 0x5E, 0x1F, 0x23, 0x98, 0x88, 0xFF, 0x68, 0x69,
    0x59, 0x53, 0x57, 0x98, 0xCD, 0xAF, 0x76, 0xB1, 0x8B, 0x8B, 0x15, 0xC1, 0xB6, 0x60, 0x2B, 0x7C,
    0x70, 0xFF, 0x2A, 0x8C, 0xB2, 0xA3, 0x25, 0xD3, 0x49, 0x80, 0xB3, 0xE5, 0x0D, 0xC6, 0x23, 0xE3,
    0x24, 0x71, 0xB7, 0xE9, 0x80, 0x4A, 0xF3, 0xA4, 0xBE, 0x92, 0xA8, 0xAA, 0xCE, 0x70, 0x98, 0xA4,
    0xB3, 0x49, 0xB5, 0xAD, 0x15, 0x4B, 0xFB, 0xE1, 0xB5, 0x1F, 0x5F, 0x55, 0x6C, 0x2D, 0xD4, 0x36,
    0xB9, 0xC9, 0xE3, 0x99, 0xC1, 0x07, 0x9A, 0xCF, 0x98, 0x05, 0xD4, 0x0A, 0x00, 0x7E, 0x45, 0x49,
    0x39, 0xFD, 0xF2, 0xD6, 0xF9, 0xF4, 0xCB, 0x9B, 0x5C, 0x98, 0xF1, 0x93, 0x34, 0x30, 0x23, 0x54,
    0x7E, 0x73, 0xC7, 0x4B, 0xC6, 0xCA, 0xDA, 0xCE, 0x7E, 0x6F, 0x6E, 0xD0, 0xDB, 0x69, 0xDD, 0xD8,
    0xA0, 0xB7, 0xD2, 0xBA, 0xD3, 0x2F, 0xC8, 0x6F, 0x63, 0xF7, 0x4C, 0x42, 0xBF, 0x5C, 0xDD, 0xCE,
    0xAF, 0x77, 0x6F, 0x6E, 0xF6, 0xDB, 0xF8, 0x05, 0xF8, 0x13, 0xB8, 0x73, 0xF3, 0xA0, 0x9D, 0x9B,
    0xF3, 0x00, 0x30, 0xFE, 0x77, 0x44, 0x64, 0x51, 0x22, 0x51, 0x67, 0x17, 0xCD, 0x2A, 0xCB, 0xF8,
    0x81, 0xAC, 0xF6, 0xC3, 0x4F, 0x17, 0xF7, 0xE9, 0xDF, 0x2E, 0x6E, 0xB7, 0xD1, 0x65, 0xD7, 0x92,
    0xE6, 0x64, 0xE4, 0xC0, 0x4A, 0xE6, 0x7C, 0x7E, 0xCC, 0x4F, 0xBE, 0xA7, 0xD8, 0xB5, 0x3D, 0x72,
    0xBD, 0x3F, 0x5A, 0x73, 0xE1, 0xD4, 0x5A, 0x0C, 0x33, 0x33, 0xC2, 0xDC, 0x1F, 0xCC, 0x0F, 0x0E,
    0xBC, 0xEC, 0xB8, 0x52, 0x30, 0x6B, 0x01, 0x7C, 0x80, 0x53, 0xB1, 0xE3, 0x2C, 0xDC, 0x4E, 0x4B,
    0x5F, 0x17, 0xBB, 0x7E, 0x33, 0xF1, 0x56, 0x5A, 0xAD, 0x40, 0xCD, 0xD7, 0x05, 0xEA, 0x56, 0x5A,
    0x98, 0x0D, 0xB0, 0x11, 0xF0, 0x5C, 0x9F, 0xA2, 0xD0, 0x17, 0xA4, 0x52, 0xB7, 0xD3, 0x15, 0x55,
    0xA0, 0x0C, 0x1B, 0xEC, 0x26, 0x55, 0x1A, 0x17, 0x38, 0x5C, 0x84, 0x2B, 0x3F, 0x55, 0x9A, 0x81,
    0x47, 0x3B, 0xE0, 0x4A, 0xA3, 0xAD, 0xD1, 0xDA, 0x28, 0x36, 0x0A, 0xC0, 0x0C, 0xF4, 0x07, 0x30,
    0x97, 0x46, 0xA9, 0xD1, 0x04, 0xBF, 0xE7, 0x4F, 0x70, 0x60, 0xB6, 0x81, 0x43, 0x12, 0x22, 0x5B,
    0x27, 0x0F, 0x72, 0xBF, 0xAB, 0xFF, 0xF3, 0x3F, 0x85, 0x21, 0x0F, 0x49, 0x9F, 0xF2, 0x65, 0x76,
    0x8B, 0x11, 0x89, 0xE6, 0x4B, 0x61, 0xFC, 0x4D, 0xE6, 0xFB, 0xFE, 0xA3, 0xC0, 0xF0, 0x41, 0x02,
    0xF3, 0x49, 0xE2, 0xFA, 0xA4, 0xE5, 0x95, 0x05, 0xF8, 0x3F, 0xBD, 0x9A, 0x31, 0xB0, 0xDD, 0x36,
    0x76, 0x86, 0x7F, 0x12, 0x63, 0x71, 0x26, 0x2C, 0xB0, 0x45, 0x9A, 0x9D, 0x4C, 0xC2, 0x36, 0xCD,
    0x06, 0xFD, 0xCC, 0x5A, 0xA0, 0x27, 0xC5, 0x16, 0x2E, 0x76, 0x8B, 0x6C, 0x95, 0x62, 0x5D, 0x28,
    0x5D, 0x26, 0xEE, 0x67, 0x2C, 0x81, 0xAE, 0x52, 0xA4, 0xB0, 0xFA, 0x26, 0x4D, 0x8A, 0xA4, 0x4A,
    0x8A, 0x14, 0x5B, 0x48, 0x02, 0xB2, 0x29, 0xDD, 0x70, 0xD7, 0x99, 0xD9, 0xD2, 0xCC, 0xAC, 0xBB,
    0x14, 0x82, 0x65, 0x3A, 0xA6, 0xC7, 0x24, 0x4F, 0xCE, 0xFF, 0x40, 0xBF, 0x7B, 0xFD, 0xF2, 0xF4,
    0x46, 0xF2, 0x7B, 0x32, 0x2E, 0xCF, 0x91, 0xC4, 0xCB, 0x7B, 0xF0, 0x9D, 0x03, 0xE0, 0xDC, 0x03,
    0x5C, 0xA1, 0x34, 0x2F, 0x03, 0x55, 0x0F, 0x04, 0x55, 0xA5, 0x75, 0x33, 0xDF, 0x58, 0x54, 0x05,
    0xAA, 0x7D, 0x05, 0xAA, 0x4D, 0x95, 0xF9, 0x5A, 0x55, 0x9B, 0x55, 0xD9, 0x49, 0x95, 0x4B, 0x1B,
    0xE0, 0x07, 0x55, 0xB1, 0x57, 0x25, 0xB2, 0xA3, 0xA6, 0x32, 0x22, 0xA2, 0x8F, 0x21, 0xC2, 0x4E,
    0xAA, 0x5C, 0x52, 0xE5, 0x07, 0x04, 0xB0, 0x21, 0x08, 0x10, 0x0F, 0x61, 0x8B, 0xEF, 0x8E, 0x46,
    0x3E, 0x4D, 0x56, 0x24, 0xB9, 0x2C, 0x83, 0x4F, 0x61, 0xD0, 0x57, 0x1F, 0x11, 0x20, 0x88, 0x2A,
    0x3B, 0xA4, 0xDE, 0x20, 0x3F, 0xDB, 0x10, 0x65, 0x85, 0x57, 0x9A, 0xF6, 0xBF, 0x89, 0xF5, 0xA0,
    0x1A, 0x80, 0x0F, 0xDA, 0x74, 0xF8, 0xE0, 0x76, 0x00, 0xD5, 0x63, 0xFC, 0x10, 0x3E, 0x2C, 0xDA,
    0x6B, 0x94, 0x01, 0x5E, 0x80, 0x6E, 0xB9, 0xA5, 0x1F, 0x6F, 0x8E, 0xB4, 0xA2, 0xE5, 0x66, 0x54,
    0x65, 0x13, 0xD5, 0x7F, 0x51, 0xB1, 0x0F, 0xB3, 0x7C, 0x7F, 0x5E, 0x33, 0x02, 0x5D, 0x0F, 0x78,
    0xA8, 0xFC, 0x42, 0x65, 0x22, 0x20, 0x3B, 0x5A, 0x00, 0x9B, 0x41, 0x02, 0x04, 0x8E, 0x0F, 0xC0,
    0x76, 0x4F, 0x1E, 0xC3, 0xCB, 0x5A, 0x89, 0x2C, 0x46, 0xFA, 0x7F, 0x63, 0xFF, 0x1D, 0x9F, 0x1A,
    0x01, 0xCF, 0x27, 0x07, 0x95, 0x1E, 0x88, 0x45, 0xCA, 0xBF, 0x39, 0xA6, 0xB9, 0x41, 0x27, 0x82,
    0x46, 0x05, 0x71, 0x01, 0xAA, 0x9D, 0xD8, 0x76, 0x84, 0x03, 0x5B, 0x98, 0x8D, 0xAC, 0x56, 0x16,
    0x97, 0x7F, 0xE4, 0x13, 0x2D, 0x44, 0x40, 0x70, 0x5C, 0xF1, 0xC3, 0xC7, 0x41, 0x46, 0x27, 0x63,
    0xB3, 0xF7, 0x80, 0x24, 0xD4, 0x32, 0xA1, 0xFD, 0x43, 0x86, 0xEF, 0x57, 0x00, 0x77, 0x0B, 0xE6,
    0xB2, 0xFE, 0x51, 0x2F, 0x6B, 0x3B, 0xFA, 0xD7, 0x04, 0x73, 0xA0, 0xD9, 0x62, 0xFE, 0x3E, 0xEE,
    0x1C, 0xAC, 0x4D, 0xE8, 0x26, 0x7E, 0xCC, 0x0E, 0xAF, 0x07, 0x66, 0xD3, 0x23, 0x34, 0x2F, 0x16,
    0x46, 0x0D, 0x90, 0xE1, 0xAE, 0xC1, 0x4C, 0xEE, 0x86, 0x6A, 0x7D, 0x56, 0x20, 0x39, 0x7D, 0x0A,
    0x1D, 0x14, 0x0F, 0xCA, 0x07, 0x05, 0xA4, 0xBD, 0x62, 0x0B, 0x80, 0x9C, 0x84, 0x9C, 0x50, 0x50,
    0x38, 0x15, 0xA2, 0xC2, 0x4C, 0xAE, 0x47, 0xBD, 0x6C, 0x00, 0x64, 0xA6, 0x9D, 0x11, 0xA5, 0x45,
    0xBE, 0x2B, 0x92, 0xA9, 0x56, 0x54, 0x5B, 0xB3, 0xA3, 0x56, 0x74, 0x55, 0x10, 0x98, 0x15, 0x11,
    0x66, 0x51, 0xD5, 0xCC, 0xE0, 0xF2, 0x51, 0x65, 0x8B, 0xAA, 0x37, 0xD8, 0x49, 0xDF, 0xEF, 0x46,
    0xAB, 0x28, 0x29, 0x64, 0x78, 0x91, 0xA4, 0x6A, 0x87, 0x2A, 0xE6, 0x17, 0x98, 0x79, 0x07, 0x9A,
    0xCC, 0xE5, 0xF9, 0x62, 0x06, 0xEC, 0x17, 0x63, 0x59, 0x02, 0xF1, 0xE7, 0x23, 0x8C, 0x3C, 0x4F,
    0xE0, 0xA2, 0x52, 0x37, 0x54, 0x71, 0x59, 0x81, 0xEB, 0x0A, 0x5C, 0x58, 0x10, 0x44, 0xAA, 0x5D,
    0x55, 0xB5, 0x81, 0x8B, 0x0B, 0x5C, 0x5D, 0x80, 0xDF, 0x69, 0x6D, 0x5A, 0x5E, 0x1D, 0xDC, 0xCB,
    0x28, 0x08, 0x92, 0x8A, 0x7A, 0x25, 0x70, 0x3A, 0x5B, 0xFD, 0xF5, 0xD7, 0x1C, 0x08, 0xB4, 0xBC,
    0x6D, 0xB9, 0x96, 0x47, 0xC4, 0x5F, 0xA5, 0x46, 0xB1, 0x95, 0x7A, 0xF0, 0x53, 0xEC, 0x95, 0xB9,
    0x8F, 0x7D, 0x20, 0x31, 0x59, 0x89, 0xAA, 0xA4, 0x6B, 0x49, 0x03, 0xDB, 0x8A, 0x36, 0x1F, 0x29,
    0xAF, 0x95, 0x0C, 0x2B, 0x13, 0xA5, 0x84, 0x5C, 0x66, 0x82, 0x53, 0xE8, 0x5D, 0xBD, 0x16, 0x31,
    0x14, 0x91, 0xBE, 0x74, 0x4B, 0x54, 0x14, 0x99, 0xD8, 0x3B, 0x94, 0x95, 0x80, 0xEB, 0xA5, 0x1C,
    0xB6, 0x8A, 0x10, 0x93, 0xED, 0xFD, 0x19, 0xB5, 0x6C, 0x8C, 0x2C, 0xDC, 0x1C, 0x2E, 0x18, 0xC3,
    0x3B, 0x82, 0x28, 0xCA, 0x27, 0x8B, 0xCA, 0x50, 0xE6, 0x47, 0xFF, 0x1E, 0x82, 0x62, 0x38, 0xC9,
    0xB8, 0x27, 0x03, 0xF0, 0x47, 0x78, 0x00, 0xFB, 0xCE, 0x0C, 0x2B, 0x19, 0x8D, 0x24, 0xE0, 0x6F,
    0x70, 0xE7, 0xAC, 0xB3, 0x1D, 0x20, 0xE4, 0xDD, 0x99, 0xCD, 0x6F, 0xC7, 0x8B, 0x47, 0x67, 0xB3,
    0xFD, 0xA9, 0x0A, 0xEE, 0x96, 0xD7, 0x4C, 0x40, 0x3B, 0x97, 0x87, 0x9A, 0xE9, 0x76, 0xAC, 0x77,
    0xC5, 0xD4, 0x70, 0x1A, 0x1E, 0x39, 0xD0, 0xF7, 0x2A, 0xE5, 0xC1, 0xEF, 0xC7, 0x45, 0x5B, 0x00,
    0x3E, 0x50, 0x59, 0x0F, 0x21, 0xAB, 0x57, 0xE9, 0x86, 0x15, 0xED, 0xEF, 0x33, 0x8C, 0x24, 0xD4,
    0xD2, 0xDF, 0x69, 0x5C, 0x97, 0x76, 0xC4, 0x33, 0x85, 0xF7, 0xDB, 0x1D, 0xCC, 0x01, 0x06, 0x40,
    0x94, 0xF3, 0xCB, 0x15, 0x36, 0x3D, 0xC4, 0xD1, 0x50, 0xCB, 0x67, 0x70, 0x22, 0x10, 0xD9, 0x8C,
    0xF4, 0x7F, 0xDB, 0xAE, 0x57, 0xF3, 0xAF, 0xAC, 0xA1, 0x97, 0x35, 0xF6, 0xB2, 0xC4, 0xBE, 0x99,
    0xC3, 0xD0, 0x66, 0x9F, 0x6C, 0xF6, 0x93, 0x9D, 0x3A, 0x91, 0x51, 0x7D, 0x49, 0x88, 0x5F, 0xD3,
    0x31, 0xC0, 0x8A, 0xB2, 0x7E, 0x94, 0xB0, 0x1D, 0x93, 0xC0, 0xFD, 0x6E, 0x86, 0x7C, 0x95, 0x8D,
    0x48, 0x6E, 0x57, 0xFD, 0x44, 0xEE, 0x26, 0x7D, 0x8D, 0x2E, 0x75, 0xC9, 0x27, 0xA7, 0xE2, 0x07,
    0x9F, 0x62, 0xEF, 0x7F, 0x2B, 0x3D, 0x11, 0xAC, 0x8A, 0x59, 0x76, 0x00, 0x25, 0x68, 0xEF, 0x35,
    0xCC, 0x0F, 0x59, 0x65, 0x2C, 0x95, 0x98, 0x49, 0x7F, 0x01, 0x33, 0x3D, 0x64, 0x52, 0xA7, 0x2F,
    0xC0, 0x8F, 0xFB, 0x3B, 0xF5, 0x81, 0xED, 0x7E, 0x9D, 0x99, 0x06, 0xD1, 0x49, 0x42, 0xB3, 0xE1,
    0x8D, 0xF8, 0x81, 0x6E, 0x20, 0x59, 0x91, 0xAE, 0xBF, 0xF3, 0xB1, 0x00, 0x27, 0xDC, 0x56, 0xA4,
    0x5A, 0xDE, 0x8C, 0x0F, 0x77, 0xC6, 0x5A, 0x5A, 0x99, 0xFC, 0x7D, 0x49, 0x55, 0x44, 0xC6, 0xFD,
    0x92, 0xAB, 0x2A, 0x2E, 0x9A, 0xF9, 0x1A, 0x1F, 0xDC, 0x2B, 0xF9, 0xD0, 0xDC, 0x38, 0x0E, 0x2E,
    0xA3, 0x54, 0x0C, 0xF5, 0xB2, 0x02, 0x47, 0xB1, 0x05, 0x94, 0xBA, 0x57, 0xB8, 0x28, 0x77, 0x05,
    0xAB, 0x36, 0x75, 0xA9, 0x56, 0x35, 0xA8, 0x91, 0xD0, 0x9B, 0x0B, 0x25, 0x34, 0x2E, 0x65, 0x25,
    0xEF, 0xB0, 0x5C, 0xE8, 0x76, 0xD2, 0xF7, 0x8F, 0xAF, 0x4B, 0x55, 0x2E, 0x99, 0x05, 0x3E, 0x35,
    0x33, 0xBC, 0x3A, 0xAF, 0x8A, 0x6B, 0x3D, 0x8C, 0xA8, 0x24, 0xB3, 0x12, 0x42, 0x37, 0x3C, 0xC1,
    0xD1, 0x4E, 0x35, 0xC9, 0xCE, 0x42, 0x9D, 0x5E, 0x93, 0x38, 0xF6, 0xE6, 0x1B, 0x49, 0x46, 0x64,
    0x6A, 0x76, 0x9B, 0xDB, 0xC5, 0x66, 0x7D, 0x4D, 0x2A, 0xA3, 0x55, 0xB7, 0xE9, 0x38, 0x9D, 0xA6,
    0xDB, 0xFA, 0xEA, 0x7D, 0x1F, 0x10, 0x68, 0x28, 0xA2, 0x2B, 0xF4, 0x6F, 0xC9, 0x2F, 0xC3, 0x67,
    0x9D, 0x88, 0xAC, 0x8E, 0x8A, 0xF4, 0xC3, 0x4D, 0xF4, 0x54, 0x37, 0xD2, 0x1F, 0x94, 0x56, 0x36,
    0x95, 0x15, 0xF7, 0xF6, 0xBF, 0x2A, 0x89, 0x6D, 0x89, 0x20, 0x69, 0xA3, 0xA4, 0xED, 0xD6, 0x4D,
    0x4A, 0x4A, 0xCA, 0xE9, 0x46, 0xCA, 0x3F, 0x7B, 0x67, 0x42, 0xFC, 0x66, 0x84, 0x7E, 0xAE, 0x9A,
    0x1E, 0x81, 0x0D, 0x22, 0xA8, 0x64, 0xE7, 0x90, 0x1C, 0x13, 0x82, 0x52, 0x2A, 0x40, 0xCA, 0xD5,
    0x28, 0x9D, 0x27, 0x56, 0x27, 0x65, 0xB7, 0x19, 0x55, 0xEE, 0x8D, 0x3F, 0xED, 0xF6, 0xC5, 0x4B,
    0xFE, 0x29, 0xD3, 0x2A, 0xDF, 0xE6, 0xB5, 0x40, 0x9D, 0x51, 0x57, 0xAC, 0x5E, 0x13, 0xAF, 0x6E,
    0x64, 0x27, 0x5E, 0xAF, 0x81, 0x53, 0x8F, 0x1D, 0xB0, 0x79, 0xE9, 0x0F, 0x4B, 0x77, 0x0A, 0x05,
    0xB0, 0xA6, 0xB1, 0x32, 0x76, 0xF2, 0x9A, 0x50, 0xEF, 0xD5, 0x3D, 0x9E, 0xB4, 0x89, 0x96, 0xE0,
    0x36, 0xE0, 0xAD, 0x5F, 0xDC, 0x35, 0x58, 0x57, 0xCD, 0x9D, 0x64, 0x65, 0xAB, 0x77, 0xBC, 0x1E,
    0x9B, 0x08, 0x11, 0xE2, 0x72, 0x7A, 0x23, 0xF4, 0xA7, 0x7D, 0xC0, 0xCE, 0x8E, 0xEB, 0x95, 0x17,
    0xA7, 0x94, 0xB0, 0x4F, 0xED, 0xB2, 0x9A, 0xD1, 0x24, 0xD8, 0x01, 0xDD, 0x63, 0xD8, 0x99, 0xBD,
    0x30, 0x23, 0xFA, 0xC4, 0xCB, 0x11, 0x08, 0x72, 0xFE, 0xF1, 0x03, 0xE6, 0x2A, 0xCF, 0x48, 0x1E,
    0x3B, 0x30, 0x51, 0x3C, 0x01, 0x36, 0xED, 0x33, 0xC1, 0x0D, 0x40, 0xAD, 0x16, 0x17, 0x5E, 0x26,
    0x83, 0xED, 0x7B, 0x42, 0x9A, 0x55, 0x5F, 0x4B, 0x33, 0xB7, 0xF9, 0xDB, 0xA9, 0x7C, 0x64, 0x98,
    0x3E, 0xF4, 0x10, 0x31, 0xAB, 0xDA, 0x64, 0xE5, 0xBC, 0x18, 0xDA, 0xE5, 0x3A, 0x49, 0xC7, 0x3A,
    0x51, 0xD3, 0x76, 0x52, 0xC5, 0x2A, 0x98, 0x09, 0x51, 0xD8, 0xEF, 0xAE, 0xEF, 0x57, 0x97, 0x39,
    0x44, 0x55, 0x64, 0x6F, 0xC2, 0xFE, 0x84, 0x3D, 0x2A, 0x9F, 0xBC, 0xB3, 0x95, 0xE0, 0x03, 0xED,
    0x02, 0x34, 0x92, 0xA9, 0x46, 0x55, 0x3B, 0x8E, 0xF6, 0x48, 0x5D, 0x95, 0xAA, 0xEC, 0xA2, 0x9F,
    0x96, 0x3C, 0xA9, 0x94, 0xB3, 0x59, 0x9B, 0xD9, 0x2C, 0x6D, 0x6E, 0x66, 0x9B, 0x95, 0x97, 0x99,
    0x91, 0x29, 0x22, 0xD9, 0xC9, 0xA5, 0x6E, 0x64, 0x6E, 0x64, 0x66, 0x0C, 0xBD, 0x1F, 0x22, 0x7C,
    0x1F, 0x15, 0xE0, 0x6C, 0x5E, 0xB0, 0xC3, 0xB8, 0xA8, 0x64, 0x95, 0x1B, 0x2A, 0x85, 0xF3, 0x39,
    0x75, 0x75, 0x5E, 0x19, 0x0A, 0x99, 0x67, 0xA0, 0xA5, 0x5C, 0x57, 0xDA, 0x9C, 0xA6, 0x67, 0x75,
    0x14, 0xE1, 0xB2, 0xAA, 0x8C, 0x28, 0xAD, 0x92, 0x9E, 0xD5, 0x34, 0xBA, 0x8F, 0x27, 0x3C, 0xAA,
    0x33, 0x80, 0x6B, 0x6C, 0xE7, 0x1B, 0x6D, 0x53, 0xCE, 0x31, 0x39, 0x9D, 0xFD, 0xAA, 0xB2, 0xA8,
    0xB0, 0x9F, 0xC8, 0x27, 0x05, 0xD2, 0x63, 0x37, 0x1C, 0xF7, 0x76, 0xD1, 0x2E, 0xBA, 0xAC, 0x2A,
    0x24, 0xED, 0x48, 0xA0, 0x79, 0x6C, 0x63, 0xD4, 0x17, 0xA0, 0xA5, 0xB2, 0x44, 0xB4, 0x2F, 0x36,
    0x76, 0x27, 0xEC, 0x4F, 0xD8, 0x61, 0xE0, 0x6C, 0xBD, 0x98, 0x49, 0x6E, 0x84, 0xEF, 0xBB, 0x09,
    0x67, 0xCD, 0xF7, 0xAA, 0x82, 0x0A, 0x56, 0x7A, 0x35, 0xBF, 0x34, 0xBD, 0x37, 0x3A, 0xBF, 0x6C,
    0x36, 0x0B, 0xB3, 0xAC, 0xA0, 0xFD, 0x62, 0x85, 0xBD, 0xDC, 0xFC, 0x64, 0x74, 0xAC, 0xDE, 0x3E,
    0x59, 0xE1, 0xFF, 0x53, 0xE5, 0xC3, 0x5D, 0xCD, 0x0A, 0x02, 0xB4, 0xE7, 0xF3, 0xAF, 0x0C, 0xDA,
    0x99, 0x4B, 0x01, 0x6E, 0xBE, 0xB5, 0x37, 0xAB, 0xBD, 0xFC, 0x3A, 0xF6, 0xFE, 0x85, 0x95, 0x42,
    0x89, 0xAF, 0x4D, 0xC0, 0x8F, 0xC1, 0x76, 0x63, 0xFA, 0x38, 0x1F, 0x8E, 0x9B, 0xAB, 0xD8, 0x05,
    0xA8, 0xFE, 0x19, 0xCD, 0xC2, 0xB7, 0x7D, 0x8F, 0x3F, 0x07, 0xDB, 0xD9, 0xBA, 0x2B, 0x4B, 0xEF,
    0x6A, 0xB6, 0xC9, 0x57, 0xB3, 0x4D, 0x59, 0xAF, 0x57, 0x17, 0xEC, 0xCD, 0x1F, 0x94, 0x55, 0x2F,
    0x12, 0x94, 0xA6, 0x1F, 0x61, 0x4A, 0x60, 0xE6, 0xB9, 0x31, 0x0F, 0x5C, 0x9F, 0xFD, 0xBA, 0x91,
    0x17, 0x5B, 0xF9, 0x74, 0xCF, 0x42, 0x85, 0xA6, 0x63, 0x93, 0x21, 0xED, 0x84, 0xDD, 0xEA, 0xF2,
    0x76, 0xDF, 0x3F, 0x4A, 0xB1, 0x4B, 0x10, 0x37, 0x60, 0xF7, 0x8A, 0xF1, 0x44, 0xE5, 0x35, 0xEC,
    0x5C, 0xC9, 0xFB, 0x37, 0x8F, 0x9C, 0x43, 0xA9, 0xC6, 0x62, 0x6F, 0xF3, 0xFD, 0x9B, 0x98, 0x6E,
    0x18, 0xA7, 0xA7, 0xED, 0xE7, 0xBB, 0xD5, 0x2B, 0xAF, 0xD7, 0x8D, 0xD3, 0x35, 0x54, 0x84, 0xFA,
    0x11, 0x20, 0x59, 0x65, 0x41, 0xC5, 0x29, 0x79, 0x2C, 0xCD, 0x4E, 0xA5, 0x39, 0x77, 0x50, 0xE4,
    0x90, 0x1D, 0xC7, 0xD8, 0x44, 0x32, 0xE0, 0x92, 0x61, 0x87, 0xE1, 0x1E, 0x6A, 0x70, 0x1B, 0xED,
    0x85, 0x0C, 0x57, 0x86, 0x27, 0xC1, 0x91, 0x81, 0x17, 0xCA, 0x21, 0x11, 0x04, 0xC5, 0xF3, 0xB2,
    0x2B, 0x7D, 0xAB, 0x47, 0x69, 0x31, 0x55, 0x2B, 0x24, 0xD5, 0xAA, 0x26, 0xB3, 0x54, 0x92, 0xCD,
    0x5C, 0x4B, 0x6E, 0xB2, 0xF9, 0x4A, 0x73, 0xA8, 0xF9, 0xDF, 0xB5, 0x9D, 0xCC, 0xE7, 0xEA, 0x59,
    0x93, 0x37, 0x3B, 0x6A, 0xA0, 0x98, 0x47, 0x83, 0x4B, 0x76, 0xF4, 0xEF, 0x0F, 0x36, 0x79, 0xE9,
    0xBB, 0xD4, 0x09, 0xF4, 0x86, 0x68, 0x5F, 0x54, 0x7D, 0xBB, 0x23, 0xC0, 0x6C, 0xE0, 0xD8, 0x14,
    0xCF, 0x9F, 0x1D, 0x2B, 0x1F, 0x30, 0x1A, 0x69, 0xF3, 0xC5, 0xEB, 0x97, 0x71, 0x6F, 0x90, 0xF2,
    0xD4, 0x38, 0xF4, 0x8C, 0x1C, 0xE0, 0x55, 0xF0, 0xF6, 0x2D, 0x78, 0x5F, 0x96, 0x97, 0x80, 0x95,
    0xD1, 0xF7, 0xEE, 0x38, 0x4F, 0x87, 0x5D, 0xDE, 0xF8, 0x30, 0x38, 0x35, 0x6C, 0x3F, 0x2E, 0x87,
    0x33, 0x46, 0x6E, 0x35, 0x0C, 0x66, 0x46, 0x99, 0x98, 0xB0, 0xE3, 0x65, 0xAC, 0x7E, 0xFE, 0xF7,
    0x0B, 0xEE, 0x77, 0xFF, 0x28, 0x80, 0x13, 0x55, 0x7E, 0x8E, 0x3D, 0xFC, 0x18, 0x54, 0xA5, 0xC0,
    0x59, 0xCB, 0xD1, 0x83, 0x1C, 0xA7, 0x72, 0xFB, 0xC5, 0xF2, 0x51, 0xA2, 0x6A, 0xBD, 0x48, 0x5A,
    0x17, 0xF9, 0xC5, 0x70, 0x79, 0x0D, 0xC5, 0xFF, 0x05, 0x32, 0x9A, 0xF9, 0xE4, 0x7F, 0x7D, 0xF8,
    0x6F, 0x27, 0x43, 0xD7, 0x9B, 0xBC, 0xDB, 0xD4, 0xE6, 0x40, 0xFF, 0xFD, 0xFB, 0xEA, 0xBF, 0x7B,
    0xAE, 0xFE, 0x77, 0xF4, 0xDF, 0x0A, 0xDC, 0xD0, 0xD2, 0x7F, 0xC3, 0x84, 0xAE, 0xAE, 0x33, 0x7B,
    0xA0, 0x7C, 0xC1, 0xA0, 0xB9, 0x5A, 0x44, 0xDC, 0x62, 0x6C, 0x8F, 0x74, 0x52, 0x6F, 0x40, 0x58,
    0x55, 0x66, 0x9C, 0xBE, 0x8A, 0x8C, 0xAC, 0x54, 0x0B, 0xD5, 0x0C, 0x36, 0x94, 0x33, 0x07, 0x2F,
    0x33, 0x2A, 0x91, 0x0D, 0x66, 0xAF, 0x85, 0xE3, 0x2E, 0xE8, 0x32, 0x62, 0xEF, 0x46, 0xF0, 0xE4,
    0x42, 0x95, 0xDA, 0x88, 0x7D, 0xE8, 0x55, 0xC5, 0x1E, 0xA2, 0x7F, 0x54, 0x3B, 0xC2, 0x85, 0x1F,
    0xA9, 0x5D, 0xE1, 0x27, 0x97, 0xC1, 0xDD, 0x22, 0x1A, 0x11, 0xA6, 0xFF, 0xCF, 0x70, 0x3A, 0xC8,
    0x93, 0xB3, 0x83, 0xBC, 0x30, 0x11, 0xA2, 0x1C, 0x8A, 0x1C, 0x87, 0x8D, 0x2C, 0x76, 0x4A, 0xA1,
    0x43, 0x89, 0x10, 0xA8, 0xFE, 0xCB, 0x0D, 0x41, 0x39, 0x9D, 0x4C, 0xB8, 0xB7, 0xF7, 0x80, 0x49,
    0x6F, 0xAB, 0x9A, 0x9E, 0x1C, 0xF8, 0x90, 0x09, 0xFC, 0xFE, 0xFB, 0x41, 0x7C, 0x28, 0x07, 0x7C,
    0x3D, 0x42, 0x39, 0xE0, 0xBB, 0x95, 0x1F, 0x70, 0x3A, 0xD9, 0x11, 0x38, 0x39, 0x57, 0x4F, 0x8F,
    0xE8, 0x0C, 0xDE, 0xBC, 0x1F, 0xCD, 0x97, 0x1B, 0xEC, 0x27, 0x33, 0xBC, 0x1D, 0xF1, 0x6B, 0x77,
    0x1B, 0x1F, 0x48, 0x29, 0xA2, 0x96, 0x54, 0xE7, 0x4A, 0xA8, 0x0D, 0x17, 0x0E, 0xDA, 0xA5, 0x5E,
    0xA1, 0xA8, 0x46, 0xB5, 0x1B, 0xA9, 0x3D, 0xA7, 0xAF, 0x5A, 0x6C, 0x84, 0xF6, 0x5A, 0xA1, 0xB6,
    0x19, 0xD4, 0x13, 0xA8, 0x47, 0x3E, 0xD3, 0x51, 0x4F, 0xEA, 0x18, 0xA1, 0x95, 0xA7, 0xA1, 0x06,
    0xA2, 0xC8, 0xA2, 0x7A, 0x74, 0x33, 0x8C, 0x7C, 0x29, 0x3B, 0x39, 0x85, 0xA4, 0x52, 0x0E, 0xD3,
    0x12, 0xCB, 0xFB, 0xF0, 0x21, 0x29, 0x83, 0xEC, 0xE4, 0x94, 0x05, 0x52, 0x8E, 0xD5, 0x2A, 0x01,
    0x10, 0x7F, 0x26, 0xC3, 0x1F, 0x23, 0x10, 0x16, 0x4E, 0x3E, 0x55, 0xDD, 0x68, 0x40, 0x1F, 0x03,
    0xA8, 0xFF, 0xA9, 0xD4, 0xBE, 0x17, 0x3D, 0x03, 0x78, 0x70, 0xFA, 0xCD, 0x40, 0x64, 0x52, 0x99,
    0x59, 0x6F, 0xD6, 0x9B, 0xD1, 0x34, 0x60, 0xF4, 0xD5, 0x2C, 0x66, 0xE9, 0xE6, 0x8B, 0x3D, 0xB3,
    0x48, 0x6F, 0x19, 0xB3, 0xCF, 0x95, 0x67, 0x12, 0xB5, 0x10, 0xFB, 0x52, 0xB2, 0x7B, 0xD5, 0x6E,
    0x2A, 0x9B, 0x6F, 0x29, 0xDF, 0x65, 0x4D, 0x06, 0xEC, 0x00, 0x36, 0x33, 0x3F, 0x85, 0xF9, 0x6A,
    0x65, 0xBC, 0x95, 0x82, 0xB1, 0x3A, 0x2B, 0x10, 0xC6, 0x6B, 0xAA, 0xE3, 0xCB, 0x02, 0x61, 0x07,
    0x44, 0x46, 0x95, 0xFC, 0x5D, 0x26, 0xB3, 0x90, 0xAB, 0x59, 0xBA, 0xAC, 0x4C, 0xA3, 0x3D, 0xE3,
    0xEA, 0x94, 0xCB, 0x8D, 0xA1, 0x30, 0x25, 0x37, 0x16, 0xA6, 0xA3, 0x05, 0x95, 0x67, 0x25, 0xED,
    0x57, 0xBC, 0xBB, 0xB9, 0x1E, 0x9B, 0x1C, 0x3B, 0xD4, 0x81, 0x65, 0x38, 0xCC, 0x7A, 0xC8, 0x7C,
    0xA5, 0x98, 0x99, 0x4E, 0xAC, 0xD7, 0x9D, 0x05, 0x3D, 0x51, 0x41, 0x9B, 0xF4, 0xAF, 0xE6, 0xC5,
    0x82, 0xF2, 0xF3, 0x11, 0x24, 0x7D, 0xF7, 0x07, 0x99, 0x89, 0x6A, 0x06, 0x7D, 0x01, 0x9D, 0x29,
    0x59, 0x96, 0xAE, 0x80, 0x31, 0x06, 0x83, 0x0C, 0x46, 0x19, 0x74, 0x87, 0xFE, 0x5C, 0xD6, 0xF3,
    0xB1, 0x87, 0x86, 0xFA, 0x54, 0xCF, 0x4F, 0xA0, 0x67, 0xA8, 0x66, 0x9B, 0xB0, 0x85, 0x52, 0xA3,
    0xB8, 0x7C, 0xBB, 0x70, 0xC3, 0x4D, 0xBC, 0x53, 0x0A, 0xB2, 0xE5, 0xF4, 0x8B, 0xF2, 0x9F, 0x28,
    0x7D, 0x94, 0xB1, 0x16, 0x49, 0x66, 0xBB, 0xD7, 0x33, 0x2C, 0x17, 0xC2, 0x30, 0x29, 0x6B, 0x45,
    0xBF, 0x02, 0x3B, 0xE1, 0x8D, 0x0D, 0xA8, 0x4A, 0x41, 0xF7, 0xEF, 0xFA, 0x00, 0xA7, 0x65, 0x90,
    0x89, 0x26, 0xCA, 0x7D, 0xB3, 0xD0, 0xA5, 0xD3, 0x71, 0x62, 0x9C, 0xD0, 0x70, 0xE8, 0x54, 0xBA,
    0xE9, 0x81, 0x4A, 0xF9, 0xE2, 0x6D, 0x84, 0x01, 0xE3, 0x73, 0x65, 0x27, 0xF5, 0x98, 0x49, 0x40,
    0x26, 0x95, 0x04, 0xB7, 0xE1, 0xCA, 0x39, 0xAE, 0x99, 0x00, 0xDC, 0x2D, 0x2B, 0x63, 0x19, 0x17,
    0xD4, 0xCB, 0xC6, 0xF3, 0xB6, 0x5B, 0xB0, 0xDE, 0x1D, 0x53, 0x95, 0x8F, 0x2A, 0x91, 0xF3, 0xED,
    0x59, 0x79, 0xDC, 0xCE, 0x20, 0x97, 0x62, 0x59, 0xBD, 0xA6, 0x07, 0xCA, 0x64, 0x17, 0x12, 0xA9,
    0x51, 0xFA, 0x60, 0x73, 0x6F, 0x73, 0x8C, 0x93, 0xB2, 0xBC, 0xBF, 0xC1, 0x8C, 0xEC, 0x18, 0xFC,
    0x8A, 0x87, 0x5F, 0xCA, 0x21, 0x68, 0x3D, 0xA3, 0xFB, 0x68, 0x64, 0x2C, 0x39, 0x59, 0xEE, 0x3A,
    0x8E, 0xFC, 0xBD, 0x13, 0xA7, 0xDF, 0x3B, 0x6F, 0x15, 0xC7, 0x4E, 0x24, 0x3B, 0x91, 0xC9, 0x8B,
    0x8C, 0xF0, 0xA7, 0x09, 0xFC, 0x4A, 0x1B, 0xFE, 0xB3, 0xD2, 0xDD, 0xA4, 0xF2, 0x67, 0xCD, 0x29,
    0x4E, 0xAC, 0x59, 0x65, 0x44, 0x69, 0x2B, 0x6F, 0x99, 0x19, 0x9D, 0x4C, 0xEA, 0xBE, 0x48, 0xBA,
    0x7A, 0x9E, 0x34, 0xB0, 0xBB, 0xD8, 0x23, 0x6C, 0xF0, 0x1B, 0xBA, 0x05, 0xB6, 0xE7, 0x03, 0xDC,
    0xB1, 0x65, 0x90, 0xF6, 0x7A, 0xA7, 0x83, 0x48, 0x8A, 0x22, 0x83, 0x88, 0xF4, 0x2F, 0x01, 0x3D,
    0xC1, 0x5E, 0x3D, 0x99, 0x38, 0xDB, 0xF8, 0x1C, 0xCB, 0x15, 0x78, 0xB0, 0x02, 0xCB, 0x8C, 0x9A,
    0xCF, 0xCA, 0x84, 0x20, 0x23, 0x03, 0xC5, 0xE7, 0x5F, 0xB6, 0xC0, 0x89, 0x46, 0x6C, 0x72, 0x13,
    0xFC, 0xE6, 0x80, 0x32, 0xE1, 0x9C, 0x36, 0x59, 0x37, 0x72, 0xC2, 0x73, 0x4E, 0x62, 0x43, 0x23,
    0x8B, 0x93, 0xD9, 0x4B, 0x2E, 0xBB, 0x52, 0x2F, 0x29, 0xD0, 0xEB, 0xE1, 0x88, 0xA1, 0x5E, 0xD2,
    0x77, 0xD2, 0x73, 0x9E, 0xD5, 0x9F, 0xFD, 0x29, 0xC1, 0x9F, 0x02, 0x36, 0xAE, 0xC0, 0x4F, 0x9A,
    0x63, 0x6E, 0x98, 0xE3, 0xE8, 0x3A, 0x72, 0xC8, 0xE4, 0xF2, 0x27, 0xEA, 0xF3, 0xA3, 0xEB, 0x72,
    0xEE, 0x3B, 0x5E, 0x9E, 0xFB, 0xA6, 0xF6, 0x38, 0xFC, 0x0D, 0x83, 0xA5, 0x72, 0x23, 0x8B, 0xDC,
    0x04, 0x57, 0x12, 0xE9, 0x86, 0x32, 0x5B, 0x2F, 0x4F, 0x72, 0xE5, 0x74, 0x92, 0x7B, 0x7E, 0xFA,
    0x5B, 0x5E, 0x7E, 0x28, 0x2F, 0x56, 0x03, 0x11, 0x11, 0x82, 0x58, 0xEF, 0xFA, 0x6D, 0xBA, 0x23,
    0xC8, 0x06, 0xBF, 0xAE, 0xCA, 0xB0, 0x82, 0xED, 0x28, 0x5A, 0xDB, 0x43, 0xBD, 0x71, 0x7C, 0xB6,
    0x20, 0xBD, 0x0A, 0x10, 0xE5, 0x76, 0xF8, 0xB6, 0xFF, 0x00, 0x68, 0xD3, 0x72, 0xF8, 0x50, 0xCB,
    0x08, 0xE0, 0x97, 0xF8, 0x41, 0x7C, 0xF8, 0xF5, 0xD9, 0x7F, 0x20, 0x6A, 0x97, 0x5B, 0x0E, 0xC3,
    0xDF, 0x81, 0xA6, 0x13, 0x50, 0x7F, 0x32, 0xAA, 0xFA, 0xCD, 0x78, 0xFC, 0x13, 0x11, 0x6C, 0x6F,
    0xDC, 0xA3, 0x72, 0x28, 0xCC, 0x09, 0xFC, 0x93, 0x22, 0xFC, 0xFB, 0xBD, 0xE9, 0x96, 0x5E, 0xF9,
    0x8F, 0x26, 0x60, 0xF7, 0x03, 0xEA, 0xF9, 0x29, 0xD0, 0xFC, 0x47, 0xFE, 0x61, 0x7C, 0x31, 0x8B,
    0x5A, 0xF9, 0xC3, 0x02, 0xF7, 0xEE, 0x84, 0x0F, 0x6C, 0x7F, 0x1B, 0x1F, 0x5E, 0x99, 0x32, 0x5D,
    0xA1, 0xB4, 0xDF, 0xA1, 0xFC, 0x6D, 0xFC, 0xFF, 0x94, 0xF7, 0xBF, 0x73, 0x64, 0x59, 0x53, 0x55,
    0xA2, 0x0A, 0xF1, 0x16, 0xBC, 0x30, 0x53, 0x29, 0x57, 0xDD, 0xF1, 0x5F, 0xBB, 0x1C, 0x57, 0xF5,
    0x84, 0x92, 0x28, 0x4B, 0x79, 0x85, 0x6A, 0x63, 0xD6, 0x30, 0xD9, 0xF5, 0x28, 0x2D, 0xA2, 0x53,
    0xF4, 0x48, 0xF6, 0x1C, 0x11, 0x92, 0x9D, 0x22, 0x44, 0xFB, 0xA4, 0xF6, 0x43, 0xAC, 0x25, 0x69,
    0x9F, 0xE6, 0x9B, 0xA4, 0xFD, 0xB6, 0xFF, 0x33, 0x6E, 0x08, 0xF6, 0xE3, 0xDF, 0xAD, 0x08, 0xDD,
    0x3F, 0x7C, 0xB2, 0x20, 0xF8, 0x77, 0x7F, 0xAF, 0x6E, 0x86, 0xF6, 0xD3, 0x09, 0xE1, 0x69, 0xFB,
    0x69, 0x42, 0x58, 0xDB, 0xE7, 0xAA, 0xE7, 0x96, 0x8B, 0x3C, 0x37, 0x02, 0x84, 0xA9, 0xD9, 0xC0,
    0xF0, 0xB0, 0x77, 0xC4, 0x91, 0x9E, 0x66, 0xA0, 0x79, 0x31, 0x03, 0x6E, 0x58, 0x0B, 0x44, 0x80,
    0x60, 0x0F, 0xB5, 0x54, 0x5B, 0x30, 0x62, 0xD6, 0xD0, 0x48, 0x33, 0x07, 0xFB, 0xBC, 0xCD, 0xDE,
    0xFE, 0xAB, 0x1D, 0xBD, 0x73, 0x1A, 0x03, 0xEF, 0x34, 0x04, 0x0F, 0x5D, 0x80, 0x7F, 0xE2, 0x9E,
    0xC1, 0x2F, 0x6E, 0x85, 0xCF, 0x6E, 0x29, 0xBB, 0x25, 0x3F, 0xBA, 0xA9, 0xEC, 0xED, 0x02, 0x2B,
    0x83, 0x67, 0x68, 0x26, 0x77, 0xB8, 0x67, 0x73, 0xE8, 0x59, 0x43, 0xB3, 0x9E, 0x16, 0xB8, 0xDF,
    0x6C, 0xE8, 0x14, 0xDD, 0x3E, 0xCF, 0xB0, 0x32, 0xA2, 0x95, 0x01, 0xC4, 0x34, 0xDB, 0xCB, 0xBF,
    0xBB, 0x28, 0x80, 0x0C, 0x80, 0x91, 0x04, 0x58, 0xF5, 0x19, 0x9E, 0x23, 0x77, 0x1C, 0x9B, 0x8B,
    0x2A, 0x1E, 0x3C, 0xAC, 0x34, 0xB0, 0xF2, 0xD3, 0x9B, 0xCD, 0xAA, 0xBA, 0x11, 0xD8, 0x2F, 0x4E,
    0xA8, 0x42, 0xAF, 0x2A, 0xB2, 0xEC, 0xD9, 0xCA, 0x40, 0xA8, 0x9A, 0xA9, 0x26, 0xAA, 0x44, 0x35,
    0x10, 0x16, 0xE5, 0x1C, 0x1D, 0x71, 0xA5, 0xCA, 0x54, 0x3D, 0x8E, 0xF6, 0xE4, 0x6D, 0x40, 0x1D,
    0xC3, 0xF2, 0x10, 0x6C, 0x77, 0xEB, 0x5C, 0x75, 0xBE, 0xA1, 0xEA, 0x2F, 0x37, 0x54, 0x22, 0xBB,
    0xCA, 0x56, 0x89, 0x1C, 0x75, 0x1A, 0x81, 0x63, 0x42, 0x75, 0x18, 0xB5, 0x4B, 0x99, 0x65, 0x81,
    0xB7, 0x7A, 0x98, 0xFD, 0x74, 0xCB, 0x8B, 0xA4, 0x20, 0x32, 0x44, 0x91, 0xBE, 0xF8, 0x28, 0x2C,
    0x57, 0x54, 0x4A, 0x45, 0xAE, 0x36, 0x53, 0xAD, 0xEF, 0x1B, 0xBE, 0x5F, 0xED, 0x05, 0x90, 0x50,
    0x7E, 0x04, 0xE2, 0x95, 0x5B, 0xB2, 0x50, 0x10, 0x64, 0x06, 0xE0, 0x0E, 0x7B, 0x61, 0x38, 0x8E,
    0xD2, 0xEE, 0x96, 0xB5, 0x5A, 0x4E, 0x15, 0x42, 0x3D, 0xE3, 0x66, 0xD6, 0x74, 0x0D, 0xEB, 0x7A,
    0x62, 0x6D, 0x53, 0xE0, 0x66, 0x6A, 0x3D, 0x26, 0x3D, 0x24, 0x9D, 0xC1, 0x92, 0x16, 0x05, 0x97,
    0xBC, 0x05, 0x98, 0xC4, 0x44, 0x2E, 0xCC, 0x24, 0x2C, 0x88, 0xC4, 0x26, 0x37, 0x08, 0x7E, 0x7E,
    0x9F, 0xEC, 0x20, 0x3C, 0x4A, 0xA4, 0x1F, 0x9A, 0x0C, 0xFF, 0xAB, 0x04, 0x2B, 0x40, 0xBB, 0xDE,
    0x0E, 0x1F, 0x4E, 0x95, 0xCC, 0xA8, 0x25, 0xBF, 0xBC, 0xB0, 0x1B, 0x55, 0x12, 0xE0, 0x5E, 0x52,
    0xCC, 0x92, 0x76, 0x3B, 0xD5, 0x88, 0x8D, 0x0A, 0x4D, 0xCB, 0x04, 0x10, 0xF7, 0xFF, 0x00, 0x4C,
    0x93, 0x41, 0xAE, 0xE5, 0x34, 0x10, 0x45, 0x6F, 0x62, 0xA9, 0x33, 0xC8, 0xC0, 0x4B, 0xC8, 0x12,
    0xB2, 0x04, 0x47, 0x62, 0xC0, 0xB0, 0x97, 0xC2, 0x12, 0x92, 0x25, 0xB0, 0x20, 0x5A, 0xF6, 0x9C,
    0x49, 0x96, 0xE0, 0x41, 0x4B, 0x30, 0xC3, 0x40, 0x04, 0x46, 0x72, 0x5C, 0xDC, 0xAA, 0xBC, 0xD7,
    0xBF, 0x4B, 0x9D, 0x63, 0xFF, 0xA4, 0x54, 0x75, 0x9E, 0xCB, 0x0D, 0x46, 0x48, 0xF8, 0x24, 0xC7,
    0xBE, 0x21, 0x48, 0x15, 0x0C, 0x22, 0xD2, 0xE0, 0xFA, 0x28, 0x05, 0x73, 0x85, 0x6C, 0x58, 0x0A,
    0xF8, 0x71, 0x3D, 0x49, 0xE6, 0x1A, 0x0F, 0x25, 0xFF, 0x45, 0x28, 0x45, 0x39, 0x74, 0xA5, 0xBB,
    0xB5, 0xDE, 0xDC, 0xC8, 0xBC, 0x16, 0x60, 0x11, 0x39, 0x81, 0x49, 0x04, 0x8C, 0xF8, 0x15, 0x16,
    0x6B, 0x22, 0xB4, 0x52, 0x0E, 0x9B, 0x93, 0xBB, 0xC3, 0x8B, 0x54, 0xAC, 0x39, 0x1E, 0x7C, 0x6B,
    0x85, 0xD9, 0x20, 0x5A, 0x65, 0x03, 0xF7, 0x84, 0xB0, 0xC0, 0x0F, 0x37, 0x9B, 0x30, 0x17, 0xAB,
    0x64, 0xE0, 0x53, 0xDF, 0x60, 0xE1, 0x8B, 0x6B, 0xD8, 0x3F, 0x67, 0x57, 0x11, 0xD7, 0xA4, 0x94,
    0x63, 0xBA, 0x20, 0x1D, 0x73, 0x81, 0x7C, 0xE5, 0xF7, 0xE1, 0x66, 0x56, 0x1E, 0x1B, 0x8D, 0x4E,
    0x47, 0x32, 0xEB, 0x61, 0x55, 0x93, 0xE9, 0x22, 0x0F, 0xE6, 0xB2, 0x9D, 0x2F, 0xBA, 0x5F, 0x4E,
    0xF2, 0xDC, 0x93, 0x76, 0x12, 0x76, 0xF1, 0xC2, 0x02, 0x18, 0xE4, 0x84, 0xC5, 0x78, 0x13, 0xAE,
    0xF9, 0xE2, 0x7F, 0xBB, 0x7C, 0x5E, 0x24, 0x2F, 0xE7, 0x2A, 0xC7, 0x9A, 0xD6, 0xDF, 0x59, 0x33,
    0x24, 0x16, 0x08, 0x07, 0x61, 0xBF, 0x25, 0xD2, 0xDB, 0xE4, 0xC7, 0x4E, 0xFC, 0xA8, 0xD0, 0x62,
    0xA1, 0x35, 0x55, 0x22, 0x2C, 0xE6, 0xB4, 0xC3, 0xC2, 0xFD, 0x55, 0x5F, 0x3D, 0x24, 0xE3, 0x09,
    0x49, 0xF8, 0x88, 0xD8, 0x37, 0x08, 0x0B, 0x10, 0xE5, 0xBD, 0x69, 0x03, 0x1F, 0x0C, 0xF7, 0xC4,
    0xE2, 0xCB, 0x85, 0x91, 0x7F, 0xEB, 0x00, 0xB8, 0xD1, 0xC6, 0x92, 0xA8, 0x4A, 0x87, 0x91, 0x7B,
    0x3D, 0x1B, 0x4C, 0x37, 0xA0, 0xC7, 0x03, 0x7F, 0xC1, 0x4E, 0x48, 0x73, 0xE1, 0x75, 0x13, 0x93,
    0x6E, 0xC6, 0x5B, 0x0B, 0xD0, 0xCE, 0x35, 0x0E, 0x54, 0xCF, 0xCC, 0x57, 0x5F, 0x6D, 0x72, 0x7B,
    0xD1, 0xB1, 0x22, 0x88, 0xA4, 0x5D, 0xE4, 0xE0, 0xA6, 0x23, 0x8A, 0x6C, 0xDC, 0xFC, 0xFC, 0x6C,
    0x2C, 0xBE, 0x4C, 0xC5, 0x4C, 0xC3, 0x4F, 0x87, 0x89, 0x2E, 0x62, 0x9E, 0xF0, 0x6F, 0x4D, 0x98,
    0x25, 0xBD, 0x93, 0x4A, 0x8E, 0x2C, 0xA5, 0x8E, 0x8E, 0x05, 0x4C, 0x71, 0xE8, 0x8F, 0xE1, 0x54,
    0x4D, 0x50, 0xE5, 0xBC, 0x89, 0x26, 0xD3, 0x43, 0xDC, 0xCC, 0x8E, 0x69, 0x26, 0xC7, 0x34, 0x73,
    0x63, 0x8E, 0xA9, 0x05, 0xA9, 0x66, 0x66, 0x2B, 0xC5, 0x76, 0xB9, 0xF4, 0x68, 0xAF, 0x75, 0x60,
    0xE2, 0x54, 0xFC, 0xAF, 0x19, 0xAC, 0x3B, 0xC9, 0x61, 0x77, 0xE7, 0xF9, 0xAD, 0x04, 0xE2, 0xE7,
    0x73, 0x97, 0xEC, 0xE4, 0x8F, 0x14, 0x25, 0x7B, 0x16, 0x12, 0x39, 0xD7, 0x22, 0x09, 0xF1, 0xE0,
    0xCD, 0x3C, 0x06, 0xC1, 0xCE, 0xA1, 0xAA, 0x29, 0x76, 0x13, 0xE2, 0x26, 0x9C, 0x5C, 0x3A, 0x33,
    0x20, 0x83, 0x9D, 0x9B, 0xB8, 0x9B, 0x19, 0x88, 0xD2, 0xBC, 0x2A, 0xF4, 0xB6, 0xC8, 0x8D, 0xF9,
    0xAA, 0x2B, 0x17, 0x44, 0x15, 0x86, 0xA8, 0x2E, 0x28, 0x1F, 0xD2, 0x70, 0x93, 0xC7, 0xD8, 0xF4,
    0xEE, 0x29, 0x23, 0xCB, 0x93, 0x3A, 0x29, 0x88, 0x1E, 0x02, 0xEC, 0x16, 0x33, 0x8D, 0xFD, 0x98,
    0x40, 0x3A, 0x32, 0x2B, 0x59, 0x89, 0x69, 0x6B, 0xD2, 0xB4, 0x20, 0x8D, 0x69, 0xA4, 0x57, 0x56,
    0x26, 0xD8, 0xE0, 0x94, 0x7B, 0x22, 0x82, 0x1C, 0xCA, 0x0E, 0xE5, 0x85, 0xEF, 0x62, 0x39, 0x10,
    0xD5, 0x04, 0x62, 0xEC, 0x74, 0xDB, 0xD8, 0x8E, 0xA1, 0x3E, 0xF2, 0xA2, 0x23, 0x3B, 0xDB, 0xA9,
    0x09, 0xDB, 0xF1, 0xE5, 0xFC, 0x98, 0x90, 0xF5, 0xCD, 0xAC, 0x9F, 0xD8, 0x94, 0x9F, 0x68, 0xE5,
    0x1F, 0x9F, 0xAC, 0xE4, 0x4B, 0x5A, 0x91, 0x76, 0x8B, 0x4C, 0xC2, 0x18, 0xD5, 0x6A, 0x11, 0x28,
    0xAD, 0xA7, 0x57, 0xB7, 0x88, 0x5F, 0x20, 0x1C, 0x6E, 0x1F, 0x6F, 0xB6, 0xAB, 0x7C, 0xD8, 0xD0,
    0x5D, 0xAE, 0x4D, 0x97, 0xAB, 0x1C, 0xDC, 0xE5, 0xCB, 0x5C, 0x7C, 0xF6, 0x65, 0x39, 0xF9, 0x24,
    0x9F, 0xD7, 0xB4, 0x9C, 0x21, 0xAD, 0x29, 0xE8, 0x9C, 0xB6, 0x70, 0x44, 0x9E, 0xA6, 0x3E, 0x02,
    0xB5, 0x56, 0x67, 0xD8, 0xB1, 0x56, 0x3E, 0xE5, 0xE9, 0x1A, 0xD3, 0xD0, 0x78, 0x93, 0xF4, 0x02,
    0xEA, 0x15, 0xCC, 0xAE, 0xF2, 0x3E, 0x49, 0x71, 0xEC, 0x30, 0x4A, 0x99, 0xD8, 0xC4, 0xFD, 0xCB,
    0x5E, 0x73, 0x71, 0xFF, 0xB4, 0x99, 0xAD, 0xDC, 0x9F, 0x8D, 0x1D, 0xF9, 0xE1, 0xF6, 0xA7, 0xCF,
    0x73, 0x89, 0x4B, 0x5A, 0xB8, 0xD9, 0x57, 0xB6, 0xF5, 0x27, 0x2F, 0x7A, 0x48, 0x3E, 0x05, 0x61,
    0x73, 0x7E, 0x10, 0xF6, 0xE6, 0x6B, 0x41, 0xE4, 0xDF, 0xBA, 0x20, 0x6C, 0x73, 0x07, 0x5F, 0xC3,
    0xDD, 0x34, 0xD2, 0x60, 0x73, 0x8D, 0xA9, 0x29, 0x9D, 0x5C, 0xCF, 0x92, 0x6D, 0xE9, 0x1B, 0xBE,
    0x8F, 0xE1, 0x32, 0x5D, 0xD7, 0x4C, 0xD7, 0x3D, 0xBA, 0x63, 0x31, 0x5D, 0xC0, 0x74, 0x7D, 0x31,
    0x5D, 0x9F, 0x1F, 0xDD, 0xD3, 0x74, 0x97, 0xD3, 0x74, 0xD7, 0x64, 0xBA, 0x21, 0x99, 0x2E, 0x85,
    0x54, 0x77, 0xDF, 0x7C, 0x5A, 0x65, 0xDB, 0x61, 0xBA, 0x11, 0xA6, 0x2B, 0x30, 0xDD, 0x6E, 0xBA,
    0xC3, 0x6D, 0xBA, 0xA3, 0x09, 0xE2, 0xB5, 0xB8, 0x67, 0x99, 0x4D, 0x97, 0x02, 0xCF, 0x72, 0x42,
    0x43, 0x5E, 0xD6, 0xF5, 0x23, 0xD1, 0xA8, 0xFE, 0x16, 0xAE, 0xC4, 0x8D, 0x07, 0xFA, 0xB7, 0x24,
    0xEA, 0x8A, 0x64, 0x9F, 0xA7, 0xEE, 0x8B, 0x3F, 0xE7, 0xFA, 0x8C, 0x52, 0x07, 0x49, 0x72, 0x94,
    0xEA, 0xCE, 0x93, 0xA4, 0xBA, 0x1E, 0x24, 0x87, 0x8A, 0x40, 0xF1, 0x48, 0xBD, 0xB0, 0x51, 0x92,
    0xDA, 0x9D, 0x72, 0xF1, 0x7D, 0x4F, 0x3F, 0x5A, 0x4D, 0xD6, 0x5C, 0x2E, 0x63, 0xFE, 0x66, 0xF5,
    0xC5, 0xD1, 0x34, 0x2C, 0xE9, 0x75, 0xD9, 0xBC, 0xE6, 0x5A, 0x2C, 0x9A, 0x19, 0x2A, 0xB1, 0x2B,
    0x7A, 0xD3, 0xDB, 0x42, 0xB8, 0xFF, 0x88, 0xB9, 0x10, 0x3E, 0x13, 0x6B, 0xB2, 0xFF, 0xA7, 0x44,
    0xDC, 0x08, 0x91, 0x8E, 0x51, 0xE1, 0x44, 0x84, 0x69, 0x88, 0x4C, 0xB3, 0x43, 0x84, 0x3A, 0x52,
    0x0D, 0x6D, 0xCA, 0xF8, 0xBF, 0x39, 0xEB, 0x88, 0x92, 0x1C, 0x29, 0xA2, 0x52, 0x09, 0x56, 0xEF,
    0xAD, 0x0E, 0xC2, 0x7B, 0x48, 0xBC, 0x07, 0xE1, 0xED, 0xCC, 0x48, 0x73, 0xC2, 0x7B, 0xCE, 0x78,
    0x6F, 0xEF, 0x6F, 0x8D, 0x6A, 0xE1, 0x86, 0xED, 0xFB, 0x01, 0xEF, 0x4E, 0x78, 0x4F, 0xEF, 0x48,
    0x78, 0x0F, 0xC2, 0x7B, 0xD0, 0xBA, 0xBB, 0x76, 0x11, 0x6F, 0xB5, 0x4C, 0x55, 0x05, 0xFF, 0xFF,
    0xAC, 0xEC, 0xD1, 0x18, 0x6C, 0x9B, 0x21, 0xA7, 0x33, 0x35, 0xAD, 0x2E, 0xA5, 0x22, 0x22, 0xC3,
    0xFC, 0xF8, 0x75, 0x25, 0xFE, 0x5B, 0xE0, 0xB4, 0x99, 0x3C, 0x39, 0x9A, 0x67, 0x75, 0x89, 0xFD,
    0xA5, 0x65, 0x66, 0x29, 0x06, 0x53, 0x4E, 0xC1, 0x3F, 0x7A, 0xAA, 0x52, 0x09, 0x0D, 0x6F, 0xF4,
    0xC9, 0xA7, 0xAD, 0x99, 0x3E, 0x98, 0x3B, 0xA2, 0xEC, 0x1A, 0x3C, 0xBB, 0x8B, 0xBD, 0xCA, 0xC2,
    0xEF, 0x15, 0x44, 0x37, 0xD6, 0xEA, 0x8D, 0x7C, 0x5A, 0x11, 0x55, 0x72, 0x2E, 0x55, 0x90, 0x35,
    0x1B, 0x7E, 0x26, 0xB8, 0xBF, 0x6C, 0xA4, 0xA9, 0xBA, 0x67, 0x2C, 0xA3, 0x28, 0xDF, 0x98, 0xC5,
    0xC9, 0x55, 0xFE, 0xDD, 0x21, 0xB5, 0x36, 0x31, 0x6F, 0x44, 0xFD, 0x4C, 0x0C, 0xE4, 0x6C, 0x50,
    0xDE, 0xED, 0xF9, 0xE3, 0x3A, 0xBE, 0x44, 0xA5, 0x0D, 0xD6, 0xD7, 0x0B, 0xD2, 0xAE, 0xC4, 0xE7,
    0xFF, 0x46, 0x71, 0xE4, 0x06, 0xCD, 0xBC, 0x4C, 0x11, 0x52, 0x30, 0xE9, 0x8C, 0x04, 0x14, 0x6B,
    0xE1, 0x09, 0x5A, 0xC1, 0x88, 0x26, 0x9A, 0x4A, 0x60, 0x42, 0x58, 0xA2, 0x5E, 0xE2, 0xD7, 0xBA,
    0xC2, 0xD2, 0xA8, 0xD2, 0x13, 0x47, 0x08, 0x46, 0x08, 0x45, 0x08, 0x44, 0x08, 0x43, 0xA4, 0x2A,
    0x2D, 0x42, 0x10, 0x53, 0xD6, 0x45, 0xA7, 0x20, 0x43, 0xB9, 0xD6, 0xE9, 0x69, 0xD4, 0xC8, 0x87,
    0x2C, 0x2F, 0x66, 0xC4, 0x11, 0x15, 0x93, 0x40, 0x48, 0x03, 0xC6, 0x29, 0xE3, 0x1A, 0x01, 0x04,
    0xF1, 0x83, 0xE0, 0x83, 0xD0, 0x43, 0xDE, 0x9E, 0x82, 0x22, 0xD7, 0x4D, 0x21, 0xF2, 0x28, 0x74,
    0x18, 0x34, 0x84, 0x4F, 0xF6, 0x74, 0x2A, 0xE5, 0x62, 0x1D, 0xF5, 0xC6, 0xE3, 0x09, 0xC1, 0x09,
    0xA1, 0x89, 0xA2, 0x4B, 0x26, 0xA1, 0x08, 0x0A, 0x3D, 0x7A, 0x24, 0x51, 0x2F, 0x73, 0x2E, 0x50,
    0x54, 0x30, 0x42, 0x28, 0x42, 0x20, 0x22, 0xD6, 0x7B, 0xE8, 0x1C, 0x75, 0x71, 0x96, 0x73, 0xD0,
    0xFB, 0xE9, 0xF5, 0xF4, 0x79, 0xFE, 0x53, 0x32, 0xD3, 0x3F, 0xEA, 0xD2, 0x48, 0x03, 0x62, 0x08,
    0x42, 0x88, 0xDA, 0xD6, 0x02, 0x10, 0x72, 0xCD, 0x05, 0x14, 0xA7, 0xF6, 0x41, 0xEA, 0x9F, 0x0D,
    0x70, 0xDC, 0xEB, 0x46, 0xE8, 0xF5, 0xF3, 0xE1, 0x68, 0xB4, 0xE1, 0x28, 0x0C, 0x7F, 0x9C, 0x21,
    0x95, 0x13, 0x0E, 0x5E, 0x82, 0x53, 0x3A, 0x5E, 0xEC, 0x4F, 0xBB, 0x28, 0xFE, 0x04, 0x85, 0x9F,
    0xB8, 0x47, 0xC7, 0xF7, 0x60, 0xA6, 0x5F, 0xA7, 0x8A, 0xBF, 0xC0, 0x92, 0x7E, 0xA3, 0x3F, 0x22,
    0x15, 0xEF, 0x46, 0x77, 0xC6, 0x64, 0x28, 0x6D, 0x9D, 0xEE, 0xB8, 0x43, 0x5E, 0x81, 0x8A, 0x97,
    0xBB, 0xFD, 0xA9, 0x18, 0x57, 0x77, 0xC5, 0xA6, 0xC3, 0x6E, 0x08, 0xA4, 0xB2, 0xBD, 0x28, 0xA7,
    0x78, 0x97, 0x78, 0x27, 0x72, 0x59, 0x1B, 0x65, 0xC6, 0xD7, 0x84, 0x53, 0x8C, 0x0E, 0xE0, 0x14,
    0x43, 0x86, 0xD6, 0x72, 0x25, 0x17, 0xB7, 0xE7, 0xA8, 0xBF, 0x18, 0x79, 0x8A, 0x47, 0xE9, 0xA8,
    0xAD, 0xF7, 0xA4, 0xA4, 0xC7, 0xDD, 0xE1, 0xCC, 0x49, 0x9E, 0x2A, 0xF6, 0x7D, 0x92, 0x31, 0xF2,
    0x53, 0x6A, 0x1B, 0xF5, 0x3B, 0x31, 0x41, 0x06, 0x8F, 0xF2, 0xAD, 0xD6, 0x66, 0xCC, 0xF7, 0x66,
    0x4B, 0xC8, 0x54, 0x29, 0x21, 0x3D, 0x0D, 0xCF, 0x6C, 0xD3, 0x50, 0xAA, 0x52, 0xEF, 0xAC, 0xF7,
    0x21, 0x34, 0x1B, 0x45, 0xCE, 0x0D, 0x8A, 0xA5, 0x62, 0xE9, 0xB0, 0xAB, 0xD5, 0x85, 0x42, 0x38,
    0x1C, 0xFE, 0x15, 0xC5, 0xBF, 0xAE, 0x5E, 0xD5, 0xBF, 0xA9, 0x5E, 0xDA, 0x38, 0xEC, 0x1C, 0xC6,
    0xA2, 0x17, 0x1E, 0xE0, 0xD2, 0x47, 0x47, 0xA1, 0x1D, 0xDF, 0xCF, 0x39, 0x17, 0x80, 0xEF, 0x4F,
    0xBA, 0x7D, 0x6A, 0x17, 0x46, 0x6E, 0xFD, 0xFC, 0x32, 0x3B, 0x4C, 0x8A, 0x67, 0x0C, 0x6A, 0x5D,
    0x58, 0xA5, 0x58, 0x67, 0xDC, 0x1F, 0x06, 0xC9, 0xF5, 0x43, 0x5D, 0x9A, 0x9C, 0x97, 0x78, 0x93,
    0xF7, 0x0A, 0x01, 0x67, 0x54, 0x79, 0xD2, 0x25, 0x1F, 0x0A, 0x5E, 0x4A, 0x00, 0x22, 0x9A, 0x86,
    0x0F, 0x53, 0x6B, 0xAB, 0xFC, 0xC6, 0x1E, 0x43, 0x36, 0xF2, 0x5B, 0x35, 0x5B, 0x45, 0xCF, 0x0B,
    0x7B, 0x0B, 0x0B, 0x5E, 0xAF, 0x07, 0xB4, 0x6E, 0xB4, 0x12, 0x36, 0x05, 0xB5, 0xDF, 0x3F, 0x46,
    0x50, 0xDC, 0xD6, 0x94, 0x4B, 0xF5, 0xD3, 0x86, 0x86, 0x8D, 0x78, 0x5B, 0xB3, 0x3E, 0x9F, 0xA4,
    0xF2, 0x54, 0xD8, 0xB0, 0xF6, 0x58, 0xED, 0xC5, 0x11, 0x1B, 0x36, 0xEE, 0xF2, 0x34, 0xAB, 0x5E,
    0x86, 0xBB, 0x7A, 0xD9, 0x1A, 0x2B, 0x0C, 0x72, 0x93, 0xED, 0x50, 0xAA, 0xEB, 0x19, 0x7A, 0x6C,
    0x4F, 0x13, 0xAB, 0x5E, 0x47, 0x3A, 0xC0, 0x41, 0xBB, 0xA2, 0x63, 0x40, 0x34, 0xAB, 0x7A, 0x69,
    0x2B, 0x84, 0xC1, 0xD4, 0x54, 0xE9, 0xD8, 0x9C, 0x34, 0xAB, 0xDF, 0x66, 0x1B, 0x20, 0xBE, 0xA1,
    0xEC, 0x5D, 0xCF, 0x62, 0x9F, 0xD2, 0x4A, 0xCD, 0x2D, 0x78, 0xE0, 0xE7, 0x88, 0xFD, 0x9B, 0x89,
    0x14, 0x87, 0x6C, 0x2A, 0x05, 0xF7, 0x7D, 0x50, 0xBA, 0x56, 0x60, 0x5F, 0x70, 0xDF, 0xAA, 0xE2,
    0xB4, 0xA9, 0xF2, 0xA7, 0xEB, 0xC6, 0xE3, 0x9D, 0x06, 0xCF, 0x63, 0x8F, 0x0F, 0x64, 0x64, 0x02,
    0x06, 0xCC, 0x2E, 0x72, 0xD4, 0x3B, 0xED, 0x4B, 0x08, 0x37, 0x43, 0x2C, 0xF3, 0x78, 0x93, 0xD4,
    0x12, 0x5B, 0x6D, 0x35, 0x04, 0x7F, 0x53, 0x44, 0xC9, 0x29, 0x3A, 0x65, 0x0F, 0x2D, 0x0B, 0xA5,
    0x87, 0x61, 0xB0, 0x34, 0xD0, 0x21, 0xA2, 0x12, 0x51, 0xCD, 0xDC, 0x43, 0x15, 0x22, 0x48, 0xD9,
    0x07, 0xC4, 0x02, 0x29, 0xA4, 0x46, 0x74, 0x02, 0x15, 0xC3, 0xBD, 0xB7, 0x83, 0x90, 0x15, 0x9B,
    0x6F, 0x8D, 0xB9, 0x6E, 0x2B, 0xE9, 0x46, 0xED, 0xCF, 0xD1, 0x0D, 0x48, 0xE6, 0x67, 0xD0, 0xCF,
    0xBC, 0x7E, 0xC9, 0x44, 0x25, 0x3C, 0x96, 0x7B, 0x59, 0xBA, 0xDA, 0xD3, 0xAD, 0xD8, 0x28, 0x8A,
    0x90, 0xBF, 0x16, 0xD3, 0x3A, 0x80, 0xDF, 0x3A, 0xE8, 0xD6, 0x50, 0x6C, 0x23, 0x0A, 0xDE, 0x24,
    0x1B, 0xC4, 0x53, 0x36, 0xE1, 0x79, 0x37, 0x60, 0xA9, 0x49, 0x0C, 0x30, 0xD9, 0x9F, 0x26, 0x21,
    0x40, 0x5A, 0x25, 0xE3, 0x92, 0xCB, 0xE7, 0x6E, 0x12, 0x63, 0x62, 0xEC, 0x21, 0x4D, 0xCD, 0x35,
    0xC9, 0x19, 0xE1, 0x3F, 0x26, 0xD7, 0xCA, 0xF5, 0xC2, 0x7F, 0x82, 0x7F, 0x36, 0xCC, 0xC1, 0xDF,
    0x79, 0xC8, 0x33, 0x56, 0xFE, 0x4F, 0x57, 0xC9, 0x04, 0xD0, 0x3F, 0x31, 0x61, 0x23, 0x4A, 0xFF,
    0x4A, 0xB0, 0x36, 0x60, 0xF6, 0xBA, 0x3A, 0xC8, 0x5C, 0xFC, 0x02, 0x51, 0xF5, 0x4D, 0xCC, 0xAB,
    0xD8, 0x7E, 0xB0, 0x55, 0xAA, 0x97, 0xFB, 0x82, 0x91, 0xCB, 0x3D, 0x18, 0x39, 0xBE, 0xF5, 0x7C,
    0x18, 0xA9, 0xA4, 0xB6, 0xCB, 0x65, 0xDA, 0x5B, 0x4C, 0x01, 0x56, 0xFD, 0x2B, 0x40, 0x59, 0xFE,
    0x4B, 0x40, 0xB9, 0x60, 0x49, 0x63, 0x88, 0x33, 0xBE, 0x31, 0x73, 0x56, 0x37, 0x4C, 0x0D, 0xEE,
    0xC8, 0x65, 0xE2, 0x12, 0x6E, 0x5E, 0x2C, 0x05, 0x39, 0x1A, 0xF9, 0x7A, 0x48, 0x0A, 0x07, 0xAD,
    0x34, 0x6F, 0x5C, 0x2D, 0x0C, 0x93, 0x40, 0xB0, 0x18, 0x72, 0x85, 0x51, 0x33, 0x78, 0x30, 0xCD,
    0x46, 0xA6, 0x35, 0xB5, 0x68, 0x89, 0x12, 0x9D, 0x68, 0x2B, 0xB1, 0x14, 0xB5, 0xA9, 0x7C, 0x32,
    0xF2, 0x42, 0xE6, 0x78, 0x72, 0x4C, 0x66, 0xC7, 0xA2, 0x12, 0x86, 0xBA, 0xBB, 0xED, 0x5C, 0x68,
    0xFF, 0xB0, 0xF7, 0xA4, 0xBD, 0xF5, 0x5C, 0x53, 0xA9, 0xD3, 0xCE, 0xFC, 0xAF, 0xE2, 0x3E, 0x6A,
    0xE8, 0x7C, 0xA7, 0xBD, 0xFD, 0x35, 0xF9, 0x7F, 0xC6, 0xF6, 0xE3, 0x16, 0x56, 0x89, 0x39, 0xC2,
    0xE3, 0x77, 0xE7, 0x47, 0x8A, 0x18, 0x06, 0x41, 0x8A, 0x4E, 0x49, 0xA3, 0x59, 0xA4, 0x11, 0xFA,
    0x28, 0xA2, 0xD2, 0xD4, 0x73, 0x68, 0x9A, 0x39, 0x67, 0xCF, 0x90, 0x99, 0xB7, 0x64, 0x9A, 0xF3,
    0x96, 0x8C, 0x44, 0x60, 0xB9, 0xC2, 0x9C, 0xBC, 0xF6, 0x81, 0xD3, 0x0B, 0x94, 0x5E, 0x60, 0xF4,
    0x02, 0xA1, 0x17, 0xF8, 0xBC, 0x40, 0xE7, 0x05, 0x36, 0x2F, 0x90, 0x79, 0x81, 0xCB, 0x0B, 0x54,
    0x5E, 0x60, 0xF2, 0x02, 0x91, 0x17, 0x78, 0xBC, 0x40, 0xE3, 0x05, 0x16, 0x2F, 0x90, 0x78, 0x81,
    0xC3, 0x0B, 0x14, 0x9E, 0xE4, 0xE1, 0xA0, 0x3C, 0xBA, 0xAA, 0xB9, 0xB8, 0xA8, 0xCC, 0x9D, 0xA7,
    0x4A, 0xBC, 0x38, 0x99, 0xBF, 0xF0, 0x91, 0x23, 0x64, 0xEE, 0x48, 0xDC, 0x50, 0x35, 0x81, 0xC7,
    0x12, 0x06, 0x7A, 0x08, 0xDF, 0x7B, 0x6E, 0xB1, 0x7B, 0xD3, 0xD9, 0xC5, 0xCE, 0x97, 0x0B, 0x56,
    0x8B, 0x66, 0x5B, 0xF0, 0x58, 0x2A, 0x7C, 0xB1, 0xCB, 0xCF, 0x2E, 0x76, 0x2C, 0xDB, 0xF4, 0x12,
    0x25, 0xF8, 0xFE, 0x70, 0x8A, 0x44, 0xE3, 0x19, 0x41, 0xF3, 0x14, 0xDC, 0x46, 0x02, 0xC6, 0x6B,
    0xFA, 0x27, 0x3F, 0xCE, 0x68, 0x5F, 0x78, 0x0B, 0xC9, 0x50, 0x8D, 0x47, 0x54, 0xC6, 0xA4, 0xB2,
    0x21, 0x0D, 0x09, 0x15, 0xC5, 0x43, 0x8A, 0x31, 0x93, 0x57, 0xE1, 0x02, 0x14, 0x8E, 0x83, 0x77,
    0xB8, 0xA4, 0xA3, 0x78, 0x75, 0xC7, 0x52, 0x88, 0x27, 0x3B, 0xEE, 0x6B, 0x26, 0xBE, 0xA0, 0x90,
    0x82, 0x4F, 0xA3, 0xC3, 0xBF, 0xD5, 0x74, 0xD2, 0xA4, 0xFF, 0x6B, 0x68, 0xDE, 0x16, 0x9D, 0xC4,
    0x92, 0x50, 0x12, 0x49, 0x02, 0x51, 0x8E, 0x8A, 0x84, 0x1C, 0x44, 0x49, 0x49, 0x48, 0xB8, 0x11,
    0xC6, 0x6F, 0x3A, 0x0A, 0x51, 0xA9, 0x44, 0x79, 0x84, 0xE5, 0xA6, 0x40, 0x73, 0x4A, 0xA5, 0x52,
    0x4B, 0x48, 0x72, 0x0A, 0xB8, 0x70, 0x57, 0x1F, 0x4A, 0x69, 0x58, 0xE6, 0x2B, 0x0D, 0x72, 0x6A,
    0x62, 0xD4, 0xC4, 0xA7, 0x89, 0x4D, 0x13, 0x97, 0x26, 0x26, 0x4D, 0x3C, 0x9A, 0x58, 0x34, 0x71,
    0x68, 0x62, 0xD0, 0xC4, 0x9F, 0x89, 0x3D, 0x13, 0xD5, 0x27, 0xE6, 0x0C, 0x37, 0x3C, 0x6B, 0x26,
    0xCE, 0x4C, 0x8C, 0x99, 0x5C, 0x54, 0x4E, 0x1B, 0x33, 0x70, 0xAE, 0xD8, 0xE3, 0xBE, 0xC8, 0x7C,
    0x25, 0x66, 0x62, 0xBD, 0xC8, 0x79, 0xB1, 0xD1, 0xC0, 0xEC, 0x42, 0xB3, 0xA1, 0x23, 0xF5, 0xCD,
    0x46, 0x45, 0x8E, 0xAB, 0xF6, 0x1A, 0x14, 0x7D, 0xD0, 0xE5, 0x23, 0x41, 0x07, 0xC7, 0x8D, 0x8F,
    0x1F, 0xC3, 0x72, 0xEC, 0xE1, 0xFC, 0xC4, 0x6E, 0xA0, 0x75, 0x1B, 0x2E, 0x9B, 0x89, 0xEE, 0x8A,
    0x25, 0x65, 0x7D, 0xCE, 0x6F, 0x5C, 0x51, 0xFD, 0x15, 0x0D, 0x21, 0x9E, 0x79, 0xED, 0x21, 0x4E,
    0x00, 0xCD, 0x22, 0x98, 0xED, 0x7C, 0xD0, 0x7C, 0xE9, 0x0E, 0x9F, 0xF0, 0x75, 0x7C, 0xC7, 0xBF,
    0xB7, 0x98, 0xF0, 0xC2, 0x63, 0x7E, 0x16, 0x44, 0xA8, 0xFD, 0xBE, 0x88, 0x2D, 0x8E, 0x37, 0x6C,
    0x73, 0xCD, 0x8C, 0x5D, 0x0C, 0xDB, 0x5E, 0x5A, 0x45, 0xFF, 0x37, 0x18, 0xDA, 0x42, 0xE2, 0x0F,
    0x69, 0x28, 0x5F, 0x1E, 0x2A, 0x86, 0x66, 0xD1, 0x0A, 0x65, 0x54, 0xD8, 0x33, 0xDA, 0x1B, 0xB7,
    0x26, 0x6A, 0x78, 0x7F, 0xC5, 0x28, 0x8A, 0x62, 0x9D, 0xE1, 0x26, 0x31, 0xE4, 0xA9, 0xD4, 0x22,
    0xD7, 0xE7, 0x46, 0xBE, 0x94, 0xA8, 0x61, 0x17, 0x3E, 0x74, 0xD5, 0x88, 0xD7, 0x3F, 0xAD, 0x87,
    0x14, 0x79, 0x6B, 0x68, 0xE6, 0xC8, 0x9A, 0x92, 0xF5, 0x2E, 0x47, 0xA8, 0x5B, 0x0E, 0x81, 0x5D,
    0x2B, 0x69, 0x88, 0x2B, 0x88, 0x1A, 0xEE, 0x10, 0x85, 0x81, 0xBD, 0xF6, 0x18, 0x8F, 0xF8, 0x03,
    0xDB, 0x5B, 0x7F, 0x27, 0xB0, 0xC6, 0x51, 0x5B, 0x9B, 0x4D, 0x24, 0x69, 0xAD, 0x73, 0xDF, 0xB0,
    0xBE, 0xF8, 0xE1, 0x5F, 0xBA, 0xF2, 0x2F, 0x2F, 0xED, 0xCA, 0x35, 0x5E, 0x3D, 0x95, 0x74, 0x81,
    0x8A, 0x19, 0xB4, 0xB0, 0x29, 0x3A, 0xD1, 0xEC, 0x44, 0x77, 0x91, 0xBD, 0xAE, 0x23, 0x5F, 0x73,
    0xD3, 0x44, 0x36, 0x98, 0x66, 0xFC, 0xF2, 0xF1, 0xC3, 0x6E, 0xFB, 0x72, 0x38, 0x87, 0xE0, 0xC1,
    0x80, 0x6D, 0xC7, 0x63, 0xFB, 0xF4, 0x54, 0x01, 0xF7, 0xC2, 0xAA, 0x6D, 0x27, 0x7B, 0x35, 0x11,
    0xCF, 0xF3, 0xE3, 0x23, 0x69, 0xCC, 0xF5, 0x7D, 0xAA, 0xB1, 0x30, 0x2D, 0xA3, 0x31, 0x5B, 0xEE,
    0x47, 0x8F, 0xC5, 0x0A, 0xD1, 0xBC, 0xAA, 0x3D, 0xA7, 0xE0, 0xC2, 0x5E, 0x36, 0xD2, 0xDB, 0x39,
    0xCF, 0xA5, 0x8A, 0x59, 0xD7, 0x53, 0xCA, 0x86, 0x99, 0x5F, 0x08, 0xE2, 0x60, 0xEF, 0x30, 0x8B,
    0x9F, 0x02, 0x7B, 0x80, 0x95, 0x4B, 0xAE, 0x01, 0x9A, 0x1D, 0xBE, 0x1C, 0x69, 0xBC, 0x75, 0x84,
    0x86, 0x6B, 0x8F, 0x29, 0x47, 0xBA, 0xE5, 0x36, 0x1E, 0xA0, 0xB4, 0xD9, 0xA4, 0xFA, 0x60, 0x14,
    0x01, 0x51, 0xC0, 0x5A, 0x5F, 0xD8, 0xE0, 0x21, 0x31, 0xCB, 0x72, 0x1A, 0xBA, 0x83, 0x93, 0x23,
    0x9C, 0xFE, 0xF9, 0x07, 0x29, 0xAB, 0x86, 0x9B, 0x88, 0xBD, 0x84, 0x81, 0x17, 0x83, 0xDB, 0x97,
    0xBC, 0xF9, 0x6F, 0x86, 0xF4, 0xBA, 0x71, 0x31, 0x4C, 0x5B, 0x47, 0x33, 0x8B, 0x89, 0xAA, 0x26,
    0xCF, 0x9A, 0xCF, 0xBF, 0x31, 0xE7, 0xE3, 0xEC, 0xC3, 0x28, 0x36, 0x7E, 0x48, 0x64, 0x19, 0xD9,
    0xF8, 0xC6, 0xAA, 0x0D, 0x22, 0xB6, 0x58, 0xBA, 0x67, 0xB5, 0xD9, 0x37, 0x3B, 0x6D, 0x32, 0xFB,
    0x70, 0xE0, 0xE5, 0xCF, 0xA5, 0xE6, 0x3B, 0xA9, 0x27, 0x18, 0x65, 0x1E, 0x35, 0xAF, 0xB2, 0x96,
    0x8E, 0x79, 0x80, 0x5F, 0x12, 0x10, 0x5C, 0x67, 0xD6, 0x39, 0x1B, 0x8A, 0x78, 0xF8, 0xEF, 0xBE,
    0x24, 0x68, 0x84, 0x7F, 0x1D, 0x33, 0xF6, 0x3B, 0x5B, 0xF1, 0xB5, 0x47, 0xF2, 0x25, 0x81, 0x9B,
    0xB9, 0x62, 0x34, 0x5C, 0xBE, 0xBF, 0x2F, 0x09, 0x34, 0x04, 0xE8, 0x62, 0x9B, 0xB6, 0x5D, 0x5C,
    0xDA, 0x61, 0xD3, 0x4B, 0xAA, 0x07, 0x1F, 0xB6, 0x22, 0xC1, 0x4F, 0xD5, 0xB3, 0xE0, 0x6E, 0x3C,
    0xE6, 0xD5, 0xBE, 0x94, 0x59, 0xD7, 0x78, 0xB6, 0x00, 0x22, 0xCB, 0xC1, 0xF4, 0xBE, 0x9D, 0x6E,
    0x16, 0xFA, 0x8F, 0x1E, 0x73, 0x24, 0x3F, 0xB0, 0x58, 0x27, 0x00, 0x78, 0x44, 0x77, 0xE9, 0x44,
    0xE0, 0x05, 0x69, 0x7A, 0xC2, 0xAE, 0x9C, 0xEF, 0xBB, 0x71, 0x23, 0x5A, 0xC0, 0x75, 0x4D, 0x25,
    0x5A, 0x54, 0x78, 0xA5, 0xE8, 0x01, 0x80, 0x06, 0xC4, 0x3F, 0xBE, 0x4A, 0x82, 0xC9, 0x7D, 0xF0,
    0x27, 0xE3, 0xD5, 0xC9, 0xCD, 0x2B, 0x08, 0x99, 0x02, 0x60, 0x4C, 0xF4, 0x12, 0xFE, 0x74, 0x17,
    0xF2, 0x12, 0xB2, 0x15, 0x40, 0x5E, 0x22, 0x21, 0xB2, 0x76, 0x17, 0xC1, 0x7E, 0x87, 0x83, 0x14,
    0xEC, 0x8C, 0x11, 0x7D, 0xB0, 0xC7, 0x03, 0x8D, 0x28, 0x09, 0x23, 0x88, 0x28, 0x43, 0x42, 0x48,
    0x4A, 0x79, 0x26, 0x71, 0x74, 0x17, 0xE8, 0xE3, 0xB6, 0x51, 0x13, 0x89, 0x68, 0x3A, 0xC5, 0x5F,
    0x4B, 0xC2, 0x80, 0xFC, 0x69, 0xED, 0x51, 0xF0, 0xD7, 0x4C, 0x32, 0x11, 0xB2, 0x4C, 0xB4, 0x08,
    0x05, 0x6D, 0x3F, 0x94, 0xBC, 0x86, 0x48, 0xEA, 0xC4, 0xD8, 0xBF, 0xDA, 0x48, 0x4C, 0x33, 0x11,
    0x5E, 0xBC, 0xF8, 0xB0, 0x15, 0x91, 0xA5, 0x43, 0x45, 0x9B, 0xB2, 0x76, 0x5F, 0x8A, 0xDC, 0x7D,
    0xC3, 0x24, 0xD5, 0x2D, 0x0C, 0xD8, 0x7A, 0x7D, 0x49, 0x45, 0xC8, 0xA4, 0xA9, 0x8A, 0x50, 0xE9,
    0x85, 0x2A, 0xCA, 0x39, 0x6F, 0x50, 0x02, 0x9F, 0xEC, 0x3E, 0x9F, 0x7A, 0xA2, 0xA0, 0xB6, 0x5E,
    0x5B, 0x84, 0x91, 0x4C, 0x98, 0x34, 0x48, 0xB7, 0xC5, 0x78, 0x4D, 0x9F, 0xB2, 0x21, 0x5C, 0xB9,
    0xFE, 0x55, 0xAE, 0x67, 0x58, 0xA7, 0xD8, 0xD5, 0x7A, 0xC6, 0x76, 0x36, 0xEC, 0xB8, 0xA1, 0xB1,
    0xBE, 0xB1, 0xB6, 0x08, 0x94, 0x6A, 0xEA, 0x9D, 0x7C, 0x49, 0xFE, 0xC5, 0x99, 0x0D, 0x50, 0xBD,
    0x2F, 0x05, 0xB2, 0x66, 0x9E, 0x34, 0xCF, 0xBD, 0xF3, 0xFC, 0x3B, 0x27, 0x16, 0x66, 0xE4, 0x42,
    0x18, 0x22, 0x19, 0xC8, 0x57, 0xE0, 0xF1, 0x13, 0x9E, 0xD4, 0x89, 0x47, 0x96, 0xC9, 0xDA, 0x3A,
    0xC8, 0x70, 0xC1, 0x14, 0xDC, 0x60, 0x85, 0xB5, 0xD6, 0x0A, 0x00, 0x0D, 0xE7, 0xFF, 0xBA, 0x25,
    0x87, 0x3E, 0x75, 0x8B, 0xE4, 0x5C, 0xFA, 0xA6, 0xCC, 0x55, 0x40, 0xBE, 0xB7, 0x82, 0x61, 0x43,
    0xC7, 0x54, 0xB7, 0xF4, 0x0D, 0x66, 0x38, 0xF2, 0x83, 0x42, 0xD4, 0x37, 0x58, 0x60, 0xF9, 0x66,
    0x5D, 0x96, 0x45, 0x22, 0x36, 0x68, 0x66, 0xDE, 0x62, 0x07, 0x8C, 0x3D, 0xEF, 0x6E, 0x6B, 0xFE,
    0x87, 0x8D, 0x04, 0x93, 0xD9, 0xFD, 0x31, 0xC3, 0x81, 0xF5, 0xB0, 0xFC, 0x10, 0xDD, 0x9F, 0xBC,
    0x4C, 0xB2, 0x55, 0xB3, 0xE8, 0x64, 0x5B, 0x3A, 0x46, 0x09, 0xC7, 0xBC, 0x0D, 0x63, 0xCF, 0xCD,
    0xE8, 0x19, 0xFC, 0x2D, 0xDB, 0x40, 0x12, 0xF8, 0x18, 0xF6, 0xAE, 0xF1, 0xD4, 0x57, 0xF6, 0x4E,
    0x6D, 0x80, 0xC5, 0xE3, 0xD5, 0xA9, 0x48, 0xB5, 0x4E, 0x34, 0x92, 0x86, 0x47, 0x54, 0x46, 0x5D,
    0x80, 0x47, 0xD5, 0x5B, 0xB6, 0x0B, 0x35, 0x98, 0x72, 0x6E, 0x2D, 0x66, 0x6A, 0x71, 0x05, 0x1C,
    0x66, 0xCE, 0x8D, 0x25, 0x09, 0x1E, 0xDE, 0x06, 0x0F, 0x97, 0x73, 0x2B, 0xA7, 0x88, 0xFE, 0x44,
    0x67, 0x15, 0x33, 0x7A, 0xEC, 0xDF, 0xD1, 0x9F, 0xE8, 0xFD, 0x4E, 0xFF, 0xF7, 0xBD, 0xDF, 0x3F,
    0x00, 0x95, 0x92, 0x01, 0xA4, 0x1C, 0xC7, 0x1F, 0xC7, 0x3F, 0xBB, 0x2B, 0xB9, 0x24, 0xFB, 0x4F,
    0xE6, 0xFF, 0xE7, 0x5F, 0x4D, 0xE5, 0x25, 0x1B, 0x04, 0xC1, 0xCB, 0x5B, 0x38, 0x5C, 0xF5, 0xEE,
    0x66, 0x00, 0x28, 0x04, 0x05, 0xA5, 0xF2, 0x10, 0x14, 0x78, 0x57, 0xBD, 0x52, 0x75, 0x77, 0xBB,
    0x00, 0x40, 0x1E, 0x00, 0xE0, 0x81, 0x02, 0x74, 0xD5, 0xD1, 0x47, 0xDF, 0xCB, 0x0E, 0x05, 0x40,
    0x47, 0x83, 0x00, 0x3A, 0x34, 0x50, 0x90, 0xA9, 0x6E, 0x65, 0x71, 0x77, 0xD3, 0xD9, 0x77, 0xE7,
    0x69, 0x5A, 0xD0, 0x31, 0x33, 0x3B, 0x3B, 0xDF, 0xDF, 0xEF, 0xF7, 0x9D, 0xF9, 0xCE, 0x57, 0x96,
    0xB9, 0x16, 0x26, 0x71, 0xBD, 0x56, 0x58, 0x59, 0x9E, 0x83, 0xD7, 0x89, 0x37, 0xE2, 0x85, 0x93,
    0x51, 0x0B, 0x64, 0xC6, 0x49, 0xEF, 0x6A, 0x6F, 0x9A, 0x23, 0x05, 0xE4, 0x5E, 0x4B, 0x5F, 0x86,
    0x0E, 0x14, 0xBE, 0xAD, 0x7D, 0xE3, 0x7D, 0x33, 0x4A, 0xAC, 0xF4, 0x26, 0xF3, 0x65, 0x6F, 0xCD,
    0x98, 0x5A, 0x79, 0xE6, 0x00, 0xB3, 0x9C, 0xB5, 0xE4, 0x6C, 0x0C, 0x14, 0xBA, 0x70, 0x81, 0x22,
    0x10, 0x8C, 0x48, 0x4B, 0xE9, 0x4E, 0x97, 0xCB, 0x69, 0xE1, 0x32, 0x93, 0xB4, 0x1B, 0xF1, 0x4B,
    0x9B, 0x7F, 0x68, 0x66, 0x99, 0x1A, 0xC7, 0x4D, 0xFE, 0xCC, 0x08, 0xAF, 0x42, 0x95, 0x8C, 0x1C,
    0xC9, 0x98, 0x11, 0x33, 0xCE, 0x18, 0xE7, 0x8C, 0xC6, 0xCC, 0x46, 0x9C, 0xCD, 0x90, 0x4F, 0x74,
    0xF6, 0xCC, 0xA4, 0x3F, 0xD8, 0xC4, 0x38, 0x20, 0xB6, 0x24, 0x8E, 0xDF, 0x5F, 0x96, 0x6D, 0x46,
    0xB1, 0x21, 0x6B, 0x00, 0xE2, 0xB0, 0xE8, 0x0E, 0xA9, 0xE7, 0x3D, 0xF3, 0x20, 0x2A, 0xA3, 0x36,
    0x71, 0xA9, 0x15, 0x26, 0xD7, 0xB2, 0x4C, 0xDA, 0x9E, 0x13, 0x36, 0xD3, 0xB9, 0x92, 0xAC, 0xD7,
    0xEB, 0xF3, 0xF9, 0xE8, 0xAF, 0x3B, 0x1E, 0xA9, 0x32, 0xDD, 0xD3, 0xC9, 0x2A, 0x75, 0x99, 0x1E,
    0x83, 0x95, 0xA6, 0xD0, 0xB1, 0x8E, 0xD4, 0x10, 0xA9, 0x0B, 0x3D, 0xE1, 0x31, 0xC5, 0xBA, 0x5E,
    0xB3, 0xC7, 0x3E, 0x43, 0x06, 0x4C, 0xB9, 0x1F, 0xAF, 0x93, 0x55, 0xAF, 0x91, 0xB6, 0x28, 0x9F,
    0xD2, 0x23, 0xEF, 0xB6, 0x19, 0x71, 0x17, 0x88, 0x75, 0xA2, 0xF3, 0x46, 0x3A, 0xE9, 0x0A, 0x27,
    0xB8, 0xC5, 0x35, 0x62, 0x52, 0x0A, 0x5B, 0xDB, 0x6E, 0x9D, 0xB7, 0xB2, 0xE1, 0x53, 0x56, 0xAC,
    0xC2, 0xF9, 0xBA, 0x28, 0x2B, 0x95, 0x44, 0xB2, 0xE0, 0x39, 0xB5, 0x2D, 0x6C, 0x66, 0x73, 0x15,
    0x38, 0x4B, 0x09, 0x90, 0x8B, 0x52, 0x86, 0x03, 0x09, 0x95, 0x9A, 0xBC, 0x1D, 0x86, 0x26, 0xDB,
    0x8B, 0x1B, 0x05, 0x74, 0x46, 0x5A, 0x06, 0x21, 0x83, 0xBC, 0xB5, 0xAD, 0xCB, 0x54, 0xE7, 0xCC,
    0x99, 0x53, 0x98, 0x3C, 0xAC, 0xF2, 0x4B, 0x09, 0x5B, 0xA4, 0xB7, 0x85, 0xB7, 0x55, 0x64, 0xAA,
    0x48, 0xBB, 0x58, 0x1F, 0x1E, 0x1E, 0x56, 0xCE, 0xCA, 0xBA, 0x04, 0x16, 0x41, 0xF9, 0x27, 0x5A,
    0x78, 0xD2, 0x35, 0xF8, 0x32, 0xF1, 0x5A, 0xBC, 0x74, 0x32, 0x7A, 0xEB, 0x5D, 0xFF, 0x29, 0x2B,
    0xD0, 0x7B, 0x35, 0xCB, 0x7C, 0x2B, 0xBD, 0x1B, 0x66, 0x06, 0x90, 0x3B, 0x73, 0xA8, 0xC2, 0x6F,
    0x6A, 0xBF, 0x11, 0xDE, 0x23, 0xFC, 0x06, 0x80, 0xDC, 0xAF, 0x90, 0x61, 0x00, 0xBD, 0xE6, 0xAD,
    0xA4, 0xC2, 0xAF, 0xB6, 0x46, 0xDA, 0xC5, 0x79, 0xBF, 0x92, 0x97, 0x13, 0x40, 0xAA, 0x29, 0x74,
    0xE2, 0xC9, 0x1B, 0x64, 0xC9, 0x1E, 0xBB, 0xF6, 0x14, 0x68, 0x21, 0x76, 0x90, 0x98, 0x2E, 0x0A,
    0x04, 0x30, 0x06, 0x66, 0x5B, 0x28, 0xFA, 0x77, 0xD0, 0xC3, 0xB1, 0x10, 0xF3, 0xE5, 0xFF, 0x79,
    0xDC, 0xC7, 0x4E, 0xB1, 0xB5, 0x37, 0x75, 0x77, 0x1F, 0xDB, 0xC7, 0x4C, 0xD0, 0x93, 0x48, 0x87,
    0x5F, 0x40, 0xFC, 0x6C, 0xFA, 0xCB, 0x2A, 0xC8, 0x07, 0x8F, 0x9C, 0xD0, 0x59, 0xF9, 0x95, 0xF9,
    0xAF, 0x8A, 0x6D, 0xAA, 0x04, 0xA9, 0x4A, 0xCA, 0x9E, 0x1A, 0x41, 0x77, 0xD5, 0xD0, 0x81, 0xC2,
    0x37, 0x75, 0xE8, 0x5B, 0x5F, 0x99, 0xB4, 0xCD, 0xAC, 0x54, 0xE7, 0x5B, 0x15, 0x86, 0x97, 0x2A,
    0x2C, 0xA8, 0x95, 0x50, 0x19, 0xD7, 0x38, 0x10, 0x6F, 0x4C, 0x9D, 0xFF, 0x68, 0xE6, 0x52, 0x94,
    0x9C, 0x43, 0x67, 0x4A, 0xA9, 0x33, 0x9D, 0xF9, 0x4D, 0xEE, 0xD7, 0x03, 0xF6, 0x06, 0xEC, 0x4F,
    0x19, 0x5E, 0x94, 0x6F, 0x81, 0x50, 0xDB, 0x7B, 0x37, 0x1A, 0xCF, 0x46, 0x67, 0xA3, 0xD5, 0x4C,
    0x5A, 0x69, 0x22, 0xDD, 0xD9, 0x8E, 0x07, 0x88, 0xC6, 0x4A, 0xAF, 0x3F, 0x7B, 0xAD, 0x22, 0x05,
    0x23, 0x58, 0xC0, 0x10, 0x20, 0xB5, 0x55, 0xEE, 0x4D, 0x3F, 0x53, 0x91, 0x23, 0x69, 0x08, 0x73,
    0xAF, 0xA9, 0x84, 0x37, 0x7B, 0x99, 0x4A, 0x8F, 0x4D, 0xEE, 0x75, 0x7F, 0x01, 0x90, 0x5C, 0x25,
    0xBB, 0x78, 0xCE, 0x1B, 0x37, 0x01, 0xE0, 0x1E, 0x85, 0xDA, 0x9A, 0xDE, 0x27, 0x2B, 0xE1, 0x2C,
    0x50, 0x19, 0x60, 0x62, 0x38, 0x61, 0xC2, 0xF5, 0xAB, 0xC0, 0x21, 0xC7, 0x00, 0xF0, 0x53, 0xC9,
    0xED, 0xC9, 0x05, 0xFA, 0x02, 0xFE, 0xB3, 0x5D, 0xC5, 0x61, 0x0F, 0x60, 0x17, 0x67, 0xAE, 0x7F,
    0x4D, 0x07, 0xEC, 0xA6, 0x8B, 0xA2, 0xEF, 0x44, 0x1F, 0x5D, 0x51, 0x86, 0x05, 0x82, 0xE7, 0x18,
    0x6E, 0x8C, 0x4F, 0x97, 0xB3, 0xFD, 0x9D, 0xF5, 0x84, 0xD7, 0x07, 0x89, 0x19, 0xFE, 0x61, 0xA2,
    0x15, 0x34, 0xC0, 0xE7, 0xAA, 0x50, 0x92, 0xEF, 0xCB, 0xFF, 0x11, 0xAB, 0x82, 0x53, 0x8E, 0xC2,
    0xB7, 0x4F, 0x5E, 0xF6, 0x74, 0x5E, 0xF6, 0x31, 0x37, 0x58, 0x08, 0x25, 0x9E, 0x94, 0x8B, 0xF7,
    0xB5, 0x99, 0x98, 0xDB, 0xE4, 0x08, 0x04, 0x63, 0xBE, 0x0C, 0xC3, 0xE3, 0x99, 0x93, 0xF2, 0xC1,
    0xF1, 0x91, 0xC9, 0xCA, 0xF7, 0x4A, 0xC8, 0xBF, 0x29, 0x27, 0xEE, 0xE4, 0xA4, 0x9A, 0x4C, 0x5C,
    0x95, 0xBF, 0xD6, 0xC0, 0x7D, 0x2A, 0x7C, 0xF9, 0xAE, 0x8A, 0x59, 0x41, 0xD4, 0x16, 0xC7, 0x1C,
    0xB9, 0xCE, 0x9D, 0x65, 0xCF, 0xFB, 0x35, 0x1C, 0xF9, 0x63, 0xC6, 0xC0, 0x79, 0xFE, 0x8A, 0x3B,
    0x8D, 0x08, 0x80, 0x89, 0xBD, 0xDF, 0xC0, 0x1D, 0x7F, 0x02, 0x80, 0xF4, 0xDE, 0x85, 0x61, 0x8B,
    0x80, 0xFC, 0xED, 0xDF, 0x02, 0x40, 0xEC, 0x7F, 0x55, 0x19, 0x5D, 0xEA, 0x86, 0xAD, 0xDB, 0xE7,
    0x7C, 0xBC, 0x03, 0xE1, 0xAA, 0x7F, 0x05, 0xB5, 0xF7, 0x2A, 0xF0, 0x79, 0x9B, 0x35, 0x81, 0x45,
    0x02, 0xAB, 0xA7, 0xC0, 0x43, 0x2E, 0x5B, 0x45, 0x97, 0xBA, 0xA6, 0xE8, 0xE6, 0xDD, 0x0E, 0x80,
    0x42, 0x2C, 0x87, 0xCB, 0x41, 0x35, 0x75, 0x5F, 0xD8, 0xB1, 0x89, 0x1E, 0x8B, 0x6A, 0x58, 0x49,
    0x33, 0x60, 0x6C, 0xAE, 0xA8, 0x1E, 0x20, 0xB8, 0xC5, 0x5D, 0xBA, 0x07, 0x4D, 0xCD, 0xB0, 0xEA,
    0x4F, 0xA6, 0xD5, 0xD4, 0xE6, 0xE5, 0x7E, 0x7F, 0x38, 0x1D, 0x54, 0x7D, 0x37, 0x0D, 0x39, 0x90,
    0xE9, 0x01, 0x15, 0xAE, 0xE3, 0x50, 0xEC, 0x33, 0x10, 0xA7, 0xC3, 0x65, 0x3F, 0x54, 0xEC, 0xD0,
    0x9B, 0xDC, 0xE5, 0xC0, 0x8E, 0xAA, 0x8E, 0xA1, 0xB2, 0x87, 0xC7, 0xF7, 0xDE, 0xD8, 0x47, 0x33,
    0x37, 0x9C, 0xDA, 0x41, 0x65, 0xA6, 0xBF, 0xE9, 0x03, 0x3D, 0x62, 0xC0, 0x94, 0x0A, 0x02, 0x91,
    0xD4, 0x5B, 0xE7, 0x04, 0x7A, 0x9C, 0xFD, 0x56, 0x7F, 0xA7, 0x16, 0x1D, 0xF1, 0x27, 0x49, 0x13,
    0xDB, 0xD4, 0x3D, 0x9A, 0xFE, 0x09, 0xBC, 0x99, 0x2F, 0xF4, 0xDD, 0x46, 0x76, 0xC7, 0x47, 0x4F,
    0x3D, 0xD6, 0x39, 0x11, 0xD0, 0xC2, 0x6D, 0x03, 0xB4, 0xA0, 0xB8, 0xE2, 0x64, 0x47, 0xDB, 0x00,
    0x83, 0x00, 0x2F, 0x28, 0x6F, 0x41, 0xC1, 0x32, 0x97, 0x9F, 0xB3, 0x3B, 0x8A, 0x0D, 0x16, 0x2C,
    0x70, 0x40, 0x79, 0x02, 0x4A, 0x8A, 0x4C, 0x0B, 0x5A, 0x4B, 0xCE, 0x0F, 0x18, 0x04, 0x58, 0x9B,
    0x80, 0x82, 0x82, 0xA8, 0xB5, 0x7B, 0x0A, 0x02, 0x3C, 0xB6, 0x95, 0x44, 0x8E, 0x25, 0xDD, 0x7E,
    0x3F, 0x67, 0xE4, 0xF3, 0x62, 0xFF, 0x9C, 0xF4, 0xC4, 0xEB, 0xF4, 0xFD, 0xDE, 0xFD, 0xCA, 0xB2,
    0x34, 0x33, 0xF7, 0xFF, 0xBD, 0x33, 0xCF, 0x15, 0xB3, 0x73, 0xA7, 0xD5, 0x39, 0x07, 0xFD, 0x52,
    0xA4, 0x8F, 0x59, 0x3C, 0x68, 0xCA, 0xB6, 0xF4, 0x38, 0x87, 0x16, 0xE7, 0x0A, 0xB3, 0x56, 0xE4,
    0x4A, 0x51, 0x15, 0x9D, 0xAB, 0x26, 0xE7, 0xEA, 0xD1, 0xB9, 0x06, 0x1A, 0x9C, 0xF3, 0xB6, 0x3A,
    0x28, 0x98, 0x5E, 0x2E, 0x6F, 0x0E, 0xAE, 0xFA, 0x74, 0x74, 0xF5, 0xFD, 0xD1, 0x55, 0x57, 0x3B,
    0xA6, 0x7E, 0x8B, 0xF3, 0x8B, 0x6C, 0xEA, 0xCD, 0x46, 0x33, 0x1B, 0x9C, 0x69, 0xDE, 0x3D, 0x51,
    0xC6, 0x9C, 0xB6, 0xB7, 0xB9, 0x9E, 0x8B, 0x62, 0xB1, 0x94, 0x4B, 0x31, 0xE7, 0x4B, 0x19, 0xF3,
    0xA5, 0xD2, 0x5D, 0x35, 0x55, 0xB1, 0xFE, 0xDC, 0x62, 0x73, 0x61, 0x43, 0x73, 0xC1, 0xA0, 0x2B,
    0xFF, 0x94, 0x56, 0xF2, 0xE2, 0xF1, 0x8E, 0xEE, 0x75, 0xCB, 0xA7, 0xBF, 0xCC, 0x27, 0x04, 0x9F,
    0x10, 0xAA, 0x2B, 0xE1, 0x11, 0x9A, 0x44, 0x23, 0xBC, 0x1E, 0x7C, 0x42, 0x9D, 0xA8, 0x65, 0x7A,
    0x9B, 0x60, 0x3A, 0x33, 0x5B, 0xF2, 0xDD, 0xFD, 0x43, 0xA5, 0x71, 0xF5, 0x74, 0x96, 0x27, 0x1C,
    0xD4, 0xEB, 0x5D, 0x28, 0xB4, 0xC7, 0xF8, 0xE9, 0x8A, 0xAB, 0xCD, 0xD0, 0x89, 0x1E, 0x3C, 0x73,
    0xEE, 0xDD, 0xBD, 0x15, 0x4F, 0xE3, 0x49, 0xF2, 0xE6, 0x6B, 0xD6, 0xB2, 0x3E, 0x54, 0xC0, 0x93,
    0xB5, 0x2E, 0xB3, 0x49, 0x83, 0xC5, 0x58, 0xC5, 0x7F, 0x88, 0xE1, 0x2C, 0x29, 0xE3, 0xEF, 0x73,
    0xCD, 0x6D, 0x8B, 0x68, 0x62, 0x0A, 0x87, 0xAE, 0xF4, 0xDD, 0x79, 0x26, 0x79, 0xF4, 0x54, 0xD2,
    0x14, 0xFA, 0xCE, 0x88, 0x53, 0xE9, 0x3B, 0x49, 0x0E, 0xD8, 0xF3, 0x7C, 0x91, 0x03, 0x96, 0xE6,
    0x78, 0xFA, 0x76, 0x39, 0x7D, 0x3D, 0x67, 0x8F, 0xA3, 0xE3, 0xF3, 0xFA, 0x79, 0xF2, 0xF9, 0xF2,
    0x3C, 0x7C, 0xCF, 0xF3, 0x5C, 0xD2, 0x51, 0x40, 0x6E, 0x97, 0xE8, 0x30, 0xE3, 0xD9, 0x2D, 0xBE,
    0x5F, 0xDD, 0x4C, 0x13, 0x34, 0xAB, 0x75, 0xCE, 0x6B, 0x88, 0x7F, 0xE8, 0x30, 0xBB, 0xE4, 0x44,
    0x1B, 0x36, 0xA7, 0x0B, 0xAC, 0x16, 0x91, 0x21, 0x1A, 0xCB, 0x28, 0x0D, 0xD5, 0x40, 0x8C, 0xD5,
    0x68, 0xA0, 0xAB, 0x87, 0xC6, 0x66, 0xD8, 0xF1, 0xB6, 0xC1, 0x8D, 0xBF, 0x61, 0x18, 0x2D, 0xB4,
    0xBA, 0x04, 0xD7, 0x27, 0x11, 0x8D, 0xCB, 0x26, 0xD8, 0x61, 0x68, 0x97, 0x6A, 0x6D, 0xC1, 0x98,
    0xCE, 0x26, 0x2D, 0x38, 0x39, 0x93, 0xAB, 0x25, 0xBD, 0x22, 0x52, 0xC2, 0x5D, 0x93, 0x21, 0x46,
    0x68, 0x11, 0xA4, 0x77, 0x8C, 0xB4, 0x03, 0xB1, 0xA8, 0x96, 0x03, 0x6D, 0x28, 0x41, 0x71, 0x98,
    0xAF, 0x95, 0x18, 0x94, 0x97, 0xCE, 0xF5, 0x58, 0xCC, 0xE5, 0xDC, 0x0C, 0xE5, 0x5C, 0x45, 0x61,
    0x6C, 0xA2, 0x1F, 0x2A, 0xBD, 0xE9, 0x3B, 0xA1, 0x58, 0xAB, 0xED, 0xE1, 0x8F, 0xF4, 0x7D, 0x61,
    0x2C, 0xE6, 0x0A, 0x9A, 0xCA, 0x58, 0x8F, 0xCC, 0x5B, 0x4D, 0xCD, 0x80, 0x26, 0xDC, 0x3F, 0x8B,
    0xC4, 0x22, 0x7A, 0x12, 0x54, 0x83, 0xE0, 0xCF, 0x45, 0x7C, 0x92, 0x2C, 0x86, 0x57, 0xEE, 0x27,
    0xEC, 0x2C, 0x57, 0x3B, 0x89, 0x4F, 0x89, 0xE1, 0x07, 0x19, 0x45, 0xFF, 0x2F, 0xC9, 0x91, 0x47,
    0xE3, 0x4B, 0xA0, 0x7A, 0xBC, 0x09, 0x26, 0xC3, 0x3C, 0xC0, 0x10, 0x3A, 0x94, 0x8B, 0xFD, 0x81,
    0xAE, 0x9E, 0xA4, 0x11, 0x4D, 0x80, 0x76, 0xF5, 0x69, 0xBA, 0x17, 0x4B, 0x16, 0xB0, 0xC2, 0x47,
    0x8A, 0x8B, 0x52, 0x76, 0x3F, 0x39, 0x05, 0xCC, 0x98, 0xAD, 0xB9, 0x0D, 0xA7, 0xB5, 0x94, 0xC7,
    0x2F, 0xF5, 0xA3, 0x2E, 0x9F, 0x7D, 0xE8, 0x8A, 0x78, 0xC7, 0xB7, 0x45, 0x5C, 0x83, 0x2B, 0x1F,
    0xCC, 0xBD, 0xAB, 0xFE, 0x27, 0xEE, 0xAE, 0xFA, 0x62, 0xD8, 0x14, 0x2C, 0xDD, 0xEA, 0x1A, 0xCB,
    0x94, 0x22, 0xB6, 0x93, 0x60, 0xC9, 0x17, 0x4D, 0x26, 0x8F, 0x0C, 0x23, 0xB2, 0xBD, 0xD3, 0xFE,
    0x46, 0x1C, 0xDD, 0x85, 0x4B, 0x8B, 0xA8, 0xE9, 0x9C, 0x91, 0xF0, 0x0E, 0xB1, 0x58, 0xCC, 0x12,
    0x55, 0x83, 0x4C, 0x02, 0x9E, 0x10, 0x55, 0xFF, 0xCE, 0x90, 0xD7, 0x6D, 0xA8, 0x6A, 0xC7, 0xB0,
    0x3D, 0xEE, 0x1A, 0x50, 0xB7, 0x5F, 0x91, 0x60, 0x16, 0xD4, 0x51, 0xD0, 0x20, 0x41, 0xDF, 0x89,
    0xCC, 0x09, 0x78, 0x18, 0xA6, 0xA4, 0xC4, 0x66, 0x48, 0x9A, 0xC4, 0x29, 0xF0, 0x89, 0xF6, 0xB4,
    0x0A, 0x08, 0x4B, 0xC7, 0x6A, 0x04, 0xDF, 0x2E, 0xFF, 0xD6, 0xA3, 0x32, 0xEA, 0x51, 0x15, 0x81,
    0x49, 0xCF, 0xEB, 0x49, 0xCF, 0x1B, 0xF9, 0x83, 0xA6, 0x80, 0x43, 0xB3, 0x03, 0xB0, 0x7F, 0x8A,
    0x9E, 0x04, 0x30, 0x85, 0x97, 0xC1, 0xCC, 0x22, 0xF0, 0x40, 0x00, 0x6C, 0xC5, 0x2B, 0x04, 0xF9,
    0x22, 0x90, 0xDA, 0xB0, 0x8F, 0xA0, 0x19, 0x70, 0x78, 0xA0, 0x6F, 0x25, 0x8D, 0xC9, 0x8E, 0x27,
    0x40, 0x5E, 0x63, 0x68, 0xA3, 0x27, 0xC8, 0x7A, 0x58, 0x0F, 0x2C, 0x11, 0x78, 0x65, 0x16, 0x45,
    0xE8, 0x52, 0x7C, 0x2A, 0x18, 0x48, 0xDD, 0x72, 0xE6, 0xA1, 0x8A, 0x7E, 0x52, 0x90, 0x29, 0xCC,
    0x44, 0x43, 0x33, 0x36, 0x43, 0x18, 0xBC, 0x9E, 0x79, 0x4D, 0x1E, 0xE0, 0xBA, 0xB7, 0xEE, 0x98,
    0x6B, 0xCD, 0x36, 0x14, 0x9D, 0xFE, 0xF2, 0xB5, 0x58, 0x70, 0xDB, 0x94, 0xFE, 0x99, 0xA7, 0x9E,
    0x48, 0xD5, 0x50, 0x72, 0xD9, 0x66, 0xD2, 0x3C, 0xC7, 0x5C, 0x0F, 0xDF, 0x5E, 0x7A, 0x96, 0xCB,
    0x18, 0xF7, 0x26, 0xBE, 0x40, 0xEC, 0x9B, 0x12, 0xD2, 0x11, 0x59, 0xBB, 0x70, 0xCB, 0x84, 0xD9,
    0x7A, 0x62, 0xA1, 0x35, 0x2D, 0x83, 0xF0, 0xD4, 0x15, 0x96, 0x61, 0x31, 0xC5, 0x96, 0xD0, 0xCB,
    0x50, 0xF8, 0x41, 0x15, 0x91, 0x82, 0x32, 0x76, 0x20, 0xCA, 0xAD, 0x07, 0x22, 0xB4, 0x01, 0xE1,
    0x01, 0x27, 0xED, 0x50, 0xE2, 0xDB, 0x2D, 0x8C, 0x9A, 0x1A, 0xA5, 0x69, 0xB5, 0x6A, 0xF4, 0x23,
    0x19, 0x6F, 0x90, 0x5F, 0x2A, 0x91, 0xDC, 0x35, 0x26, 0xF3, 0x37, 0x57, 0xE6, 0xF6, 0xB7, 0x66,
    0xE4, 0x0A, 0xD7, 0x47, 0x44, 0x45, 0x78, 0x18, 0x30, 0xE1, 0x29, 0x5D, 0xCA, 0x75, 0xC3, 0xAD,
    0xEA, 0xC7, 0xAB, 0x67, 0x81, 0xCF, 0xB8, 0x38, 0xBB, 0xB9, 0xD6, 0x93, 0xDE, 0xA0, 0x94, 0xAA,
    0xF2, 0xE4, 0x33, 0x79, 0x7E, 0x2E, 0x62, 0xA9, 0x50, 0x53, 0x6E, 0x81, 0xDD, 0xDB, 0xCF, 0xE0,
    0x76, 0xC8, 0x91, 0xA2, 0xAD, 0xE1, 0xF5, 0x20, 0xAD, 0x84, 0x76, 0x65, 0xFA, 0xCC, 0xD0, 0x29,
    0x9A, 0xC6, 0x0A, 0xCC, 0x1B, 0xBA, 0xBF, 0xCB, 0xAC, 0x15, 0x1B, 0x62, 0x85, 0x20, 0xFE, 0xF0,
    0xA7, 0xCC, 0x04, 0xD9, 0xC7, 0xEF, 0xB4, 0x4E, 0x33, 0xB4, 0x07, 0x23, 0x61, 0x76, 0x7C, 0x7E,
    0xE2, 0x0C, 0xF4, 0x53, 0xA6, 0x53, 0x0A, 0x5F, 0x2A, 0x7B, 0x40, 0x2A, 0x79, 0x25, 0x20, 0x47,
    0xA0, 0x0A, 0x53, 0x87, 0x87, 0x86, 0x21, 0x8C, 0x6B, 0xFD, 0x11, 0xD5, 0xBD, 0x86, 0x4B, 0xDE,
    0x1E, 0x7F, 0x24, 0xE9, 0x09, 0x34, 0x7A, 0x77, 0xF8, 0x9F, 0xD8, 0xC4, 0x01, 0x6D, 0x74, 0x21,
    0x82, 0x36, 0x09, 0x33, 0x3D, 0xB1, 0x31, 0xA7, 0x09, 0x99, 0x0A, 0xA9, 0xE4, 0xF9, 0x54, 0x3D,
    0x1A, 0xF2, 0x6F, 0xA6, 0xFA, 0x76, 0x97, 0x3F, 0x9D, 0xBC, 0xB4, 0xF2, 0x34, 0xFE, 0xCE, 0xB7,
    0xE5, 0x03, 0x94, 0x53, 0x7D, 0xFE, 0x78, 0xE9, 0x85, 0x4F, 0xA5, 0x9E, 0xFA, 0xE2, 0x9B, 0x69,
    0x13, 0xDA, 0x20, 0x05, 0xDD, 0xB0, 0x0F, 0xA4, 0x9C, 0xBF, 0x36, 0x54, 0x74, 0xDA, 0xA5, 0xA3,
    0xA0, 0xF0, 0x9F, 0xD1, 0x8F, 0xF8, 0x24, 0x5D, 0x62, 0x83, 0x21, 0xDB, 0x04, 0xBC, 0xD2, 0x89,
    0xB1, 0x40, 0x5E, 0xEE, 0x71, 0x2C, 0x03, 0x76, 0x57, 0x0A, 0xC8, 0x94, 0x9B, 0x44, 0x3C, 0xAD,
    0x1A, 0x98, 0x6B, 0x62, 0xD9, 0x48, 0x50, 0xCC, 0x44, 0xA1, 0xA0, 0x2B, 0xE3, 0xA1, 0x9F, 0x2B,
    0xB8, 0x77, 0x30, 0x3C, 0x4F, 0x7A, 0xCD, 0xB7, 0x93, 0xC6, 0xCE, 0xAC, 0x37, 0x49, 0x4C, 0x72,
    0x5C, 0xEB, 0x81, 0xD0, 0xE9, 0x56, 0x2A, 0xE9, 0xB1, 0x91, 0x09, 0xB2, 0x9D, 0x6C, 0x0D, 0x23,
    0x85, 0x18, 0x99, 0xEA, 0x48, 0x47, 0x36, 0xC2, 0x01, 0x4D, 0x0B, 0x2D, 0x07, 0x15, 0xF8, 0x0C,
    0x64, 0xF7, 0x8E, 0x82, 0xFF, 0xDD, 0xEC, 0x8E, 0x46, 0x8B, 0x48, 0x76, 0x87, 0x5D, 0x4A, 0xFD,
    0x91, 0xDD, 0xC7, 0x83, 0xDD, 0x23, 0xBB, 0x0F, 0x95, 0xA0, 0xAB, 0xE0, 0x99, 0xF0, 0xB6, 0x5D,
    0x64, 0x93, 0x48, 0x95, 0xA1, 0x24, 0x43, 0xA6, 0xBF, 0x45, 0x79, 0x72, 0xAE, 0x67, 0xF1, 0x30,
    0x49, 0x09, 0x5D, 0x65, 0xCB, 0x91, 0x0D, 0x44, 0xC3, 0xE5, 0xD6, 0xEA, 0x07, 0xDB, 0x4F, 0x51,
    0x48, 0xEF, 0xFD, 0x9F, 0xED, 0x67, 0x90, 0x78, 0xA4, 0x09, 0x89, 0x89, 0x6E, 0x1C, 0x44, 0x52,
    0xBC, 0x94, 0xA9, 0x5E, 0xD7, 0xAB, 0x41, 0x29, 0x53, 0xFD, 0x94, 0x95, 0x56, 0x5A, 0x06, 0x4B,
    0xF0, 0x9D, 0xD4, 0x92, 0x19, 0xD1, 0x20, 0x94, 0xCA, 0x97, 0xE6, 0x13, 0xD3, 0xD8, 0xA6, 0x33,
    0xC2, 0x40, 0x66, 0x96, 0xD1, 0x1D, 0xA8, 0x6C, 0xAF, 0x6B, 0xEF, 0x08, 0xCF, 0x5D, 0x22, 0xF9,
    0x79, 0x7B, 0x57, 0xEF, 0xD3, 0x97, 0x11, 0x4E, 0xB8, 0xCE, 0x75, 0x0A, 0x0E, 0xE2, 0x81, 0x30,
    0x82, 0x87, 0xAD, 0x02, 0xD2, 0x6C, 0x4A, 0xB2, 0x7D, 0xA7, 0x70, 0x25, 0x7A, 0xBF, 0x41, 0x11,
    0x16, 0x81, 0xF1, 0x68, 0x33, 0x72, 0xA0, 0x32, 0xAC, 0xF3, 0x88, 0xB6, 0xF5, 0x16, 0xC9, 0xA0,
    0xD4, 0xEC, 0x9B, 0xB4, 0x55, 0x2E, 0xF8, 0x42, 0x14, 0xC8, 0xDD, 0xF7, 0x1F, 0xDD, 0x2F, 0x6C,
    0x44, 0xC1, 0x4B, 0x1E, 0x35, 0xA6, 0x00, 0xA0, 0x55, 0xA0, 0x56, 0x02, 0x41, 0x00, 0xD7, 0x06,
    0xEC, 0x22, 0x8D, 0x4D, 0x66, 0xE3, 0xC3, 0x30, 0x08, 0x5F, 0x64, 0x20, 0x4E, 0x88, 0x0F, 0xAA,
    0xD7, 0x1C, 0x7B, 0x51, 0x50, 0xB6, 0xA1, 0xF4, 0x36, 0xD2, 0xC5, 0x15, 0xB3, 0xEF, 0xEF, 0xD7,
    0xD1, 0x63, 0x4A, 0x71, 0xE2, 0x5C, 0x0F, 0xB8, 0xD7, 0x33, 0xEE, 0xF5, 0x78, 0x77, 0xA6, 0xCB,
    0x91, 0x6A, 0xB8, 0xA7, 0x88, 0x72, 0x5F, 0xCC, 0xDC, 0x4B, 0x18, 0xEE, 0x25, 0x0E, 0x55, 0x55,
    0x17, 0xDD, 0xCF, 0x92, 0x8B, 0x7B, 0xB1, 0x48, 0xEB, 0x2A, 0xCD, 0xE8, 0x3E, 0x09, 0x66, 0x53,
    0xBA, 0x8C, 0xE9, 0x42, 0x6D, 0x4A, 0x49, 0xCD, 0x52, 0x5A, 0x63, 0x35, 0x12, 0xDB, 0x79, 0xD9,
    0xFD, 0xBC, 0x2C, 0xF7, 0xBA, 0x70, 0xCF, 0xEA, 0x2C, 0x5B, 0x9E, 0x97, 0x2D, 0xBE, 0xB3, 0x2C,
    0xF7, 0x5C, 0x58, 0x96, 0x8E, 0xB9, 0x3A, 0x96, 0xB5, 0x74, 0x51, 0x7E, 0xE0, 0x22, 0xF9, 0xD1,
    0xA7, 0x2E, 0x67, 0xB5, 0xE6, 0xC7, 0x65, 0x01, 0xF9, 0x04, 0x53, 0x7A, 0x21, 0x78, 0x52, 0xF4,
    0xBC, 0xAC, 0x3D, 0x7B, 0x86, 0xAF, 0x0D, 0xA9, 0x69, 0xAF, 0x23, 0x5B, 0x80, 0x32, 0xB2, 0x05,
    0xD0, 0xDF, 0xD4, 0xC4, 0x5A, 0xCF, 0x44, 0x6D, 0x83, 0x23, 0x1A, 0x3E, 0x0E, 0x8A, 0xA7, 0x5D,
    0x38, 0x31, 0x43, 0x4D, 0x1A, 0x94, 0xF1, 0x73, 0x70, 0x00, 0xBD, 0x66, 0x7B, 0x28, 0x8D, 0x10,
    0xC1, 0xA1, 0x2D, 0x89, 0xDF, 0x56, 0x86, 0x1D, 0xCD, 0xD1, 0x5B, 0x91, 0xFC, 0xEA, 0x69, 0x97,
    0x6C, 0xCD, 0x1F, 0xE9, 0x49, 0xC2, 0x27, 0x2B, 0x22, 0xBD, 0x07, 0x6E, 0x64, 0x5C, 0x9B, 0x60,
    0xDD, 0x5E, 0xBF, 0x2B, 0x83, 0x98, 0xFD, 0xA5, 0xAE, 0x2F, 0xA6, 0x9E, 0x8D, 0xCE, 0xEF, 0xE8,
    0xFA, 0xBA, 0x73, 0xD7, 0xB7, 0x20, 0x5F, 0x77, 0xC2, 0x6E, 0x74, 0x05, 0xE4, 0x08, 0x74, 0x03,
    0xB1, 0x3B, 0x35, 0x83, 0xCE, 0x79, 0x43, 0xDC, 0x21, 0x81, 0xBA, 0x82, 0x2E, 0x30, 0x87, 0x1E,
    0x37, 0x44, 0x91, 0x29, 0x9F, 0xA5, 0xBD, 0x16, 0x21, 0xB6, 0x93, 0xCF, 0xC5, 0x58, 0xAE, 0x3F,
    0xF1, 0x56, 0x92, 0xD3, 0xD9, 0x49, 0x71, 0x59, 0x9A, 0x91, 0x80, 0x11, 0x73, 0xA9, 0x70, 0xE0,
    0x97, 0x24, 0x4C, 0x5D, 0xA4, 0x05, 0xDC, 0xB3, 0x9A, 0x94, 0xAC, 0x37, 0x02, 0xB8, 0x23, 0x78,
    0x06, 0xF9, 0x3E, 0x09, 0xB9, 0x91, 0xBE, 0x09, 0x6D, 0x86, 0x24, 0xED, 0xE1, 0x4F, 0x64, 0x7B,
    0x12, 0xC1, 0xA4, 0x29, 0x05, 0x15, 0x9E, 0xA7, 0x37, 0x53, 0x2D, 0x06, 0x3A, 0x81, 0xDE, 0xF3,
    0x0A, 0x19, 0x12, 0xA7, 0x24, 0x04, 0x4A, 0xD2, 0x78, 0x4D, 0x1D, 0xF7, 0x52, 0xB0, 0x43, 0xBF,
    0x2A, 0x79, 0xF2, 0xBA, 0x15, 0x67, 0x9B, 0x09, 0xD5, 0x09, 0x91, 0x9B, 0xCF, 0x63, 0x66, 0xCF,
    0x23, 0x73, 0x57, 0xB3, 0x47, 0x83, 0x23, 0x15, 0xDB, 0x43, 0x1D, 0x7F, 0xAA, 0xDA, 0x9D, 0xC2,
    0xEA, 0x2E, 0x92, 0x9B, 0x16, 0xB8, 0xA3, 0x34, 0xF0, 0x5B, 0x58, 0x52, 0x17, 0xD3, 0x0F, 0xAE,
    0x41, 0x3E, 0xFC, 0xE7, 0x1F, 0x95, 0x50, 0x52, 0xD6, 0x6D, 0xEE, 0x69, 0xF2, 0x7E, 0xC3, 0x43,
    0x5D, 0x3F, 0x8A, 0x34, 0x5E, 0x9E, 0x20, 0xD2, 0x95, 0x3F, 0x22, 0x14, 0x7B, 0x9B, 0x1C, 0x5D,
    0x22, 0x5D, 0xD9, 0x8F, 0xED, 0x83, 0x6C, 0x8A, 0xDA, 0xAA, 0xB9, 0x19, 0xB0, 0x64, 0x43, 0x16,
    0x91, 0x7F, 0x62, 0x4B, 0xDF, 0x12, 0xDA, 0x44, 0x79, 0xDF, 0x22, 0x64, 0x89, 0xFA, 0xFB, 0xC9,
    0xD1, 0x43, 0xE5, 0x69, 0x0F, 0x21, 0x8E, 0x7A, 0x52, 0x04, 0x0A, 0x70, 0x99, 0x9E, 0x97, 0x36,
    0x32, 0xAD, 0xD4, 0x03, 0xFD, 0xA5, 0x58, 0x95, 0xE4, 0xA2, 0x13, 0x5D, 0xDE, 0x6D, 0xFC, 0x79,
    0x17, 0x61, 0xDC, 0x30, 0x24, 0xCE, 0x45, 0xFD, 0x1F, 0xA4, 0x8B, 0x2F, 0xA3, 0xD4, 0x1C, 0xEB,
    0xE8, 0xA3, 0x17, 0x27, 0x1E, 0xEA, 0x1A, 0x59, 0x0B, 0x6D, 0x87, 0x0E, 0x5D, 0x34, 0xA6, 0xFC,
    0x47, 0x5D, 0x67, 0x78, 0xE2, 0xDD, 0xE1, 0x67, 0xD5, 0x7C, 0xBC, 0x7D, 0x17, 0xDE, 0x2D, 0xF5,
    0xC7, 0x7B, 0x97, 0xFA, 0xCD, 0xF1, 0xE7, 0xAE, 0xA1, 0x22, 0xC0, 0xBB, 0x78, 0xC8, 0xA5, 0x22,
    0x77, 0x5D, 0xAA, 0x6B, 0xFB, 0x13, 0x1A, 0x1C, 0xF6, 0xD2, 0x5A, 0x45, 0xD2, 0x56, 0xC3, 0xCA,
    0x1F, 0x57, 0x0F, 0x57, 0x64, 0xD1, 0x74, 0x41, 0x49, 0xE9, 0xD2, 0x5C, 0xCC, 0xBD, 0x2E, 0xFE,
    0xF7, 0x91, 0x8B, 0x95, 0x78, 0x55, 0xB3, 0x57, 0x93, 0xA7, 0xF5, 0x53, 0xD4, 0x2A, 0x88, 0x3E,
    0xAC, 0xC6, 0x62, 0x95, 0xCB, 0x8E, 0x5A, 0x4C, 0xAE, 0x90, 0x11, 0x4B, 0xFB, 0xC9, 0xD6, 0x9C,
    0x2E, 0x8A, 0x0E, 0x5A, 0xEE, 0xFA, 0xEB, 0x62, 0xED, 0x6D, 0xEE, 0x6D, 0xBA, 0xBE, 0x2B, 0xE9,
    0x56, 0x63, 0x35, 0x2A, 0x82, 0x0E, 0xEB, 0x23, 0xE9, 0x51, 0xAD, 0xCE, 0x96, 0x53, 0x95, 0xB0,
    0x42, 0x0D, 0x1A, 0x32, 0xAD, 0xEC, 0x12, 0x57, 0x9D, 0x59, 0x5D, 0xE9, 0xDC, 0x5A, 0xE3, 0x03,
    0xE2, 0x4B, 0x7A, 0x38, 0x3E, 0x6F, 0x3A, 0x1F, 0xBB, 0x31, 0x15, 0x85, 0x98, 0x0A, 0x82, 0xEC,
    0xFC, 0x04, 0x3D, 0x2F, 0x22, 0x65, 0x43, 0x51, 0xF3, 0xA9, 0x7C, 0xEB, 0xDE, 0xE2, 0xFC, 0x4D,
    0x3A, 0x39, 0xBA, 0x24, 0x4B, 0x5D, 0x93, 0x9C, 0x05, 0x47, 0x11, 0x49, 0xAB, 0x74, 0x42, 0x22,
    0x5A, 0xBC, 0x2D, 0x5F, 0xB2, 0xB5, 0x98, 0x4F, 0x2B, 0x59, 0x3E, 0x1D, 0x45, 0xF4, 0x51, 0xA4,
    0x94, 0x7A, 0xC7, 0x35, 0x28, 0xBF, 0x5E, 0x05, 0x7E, 0x29, 0x54, 0xAD, 0x66, 0x19, 0xC0, 0x04,
    0x1F, 0x58, 0xAC, 0x1E, 0xDD, 0x7C, 0x1E, 0xAB, 0x2F, 0x7E, 0xFF, 0xE5, 0x54, 0xDF, 0xBF, 0x75,
    0x7F, 0x6C, 0xEE, 0x7F, 0x74, 0x6B, 0xF0, 0xB7, 0x4C, 0xC1, 0x7A, 0x6D, 0x97, 0x40, 0xD5, 0x2A,
    0x4F, 0xA8, 0x16, 0xB9, 0xA5, 0x32, 0x10, 0x5C, 0xCF, 0xF9, 0x71, 0xD8, 0x51, 0xBE, 0xD8, 0x39,
    0x9A, 0x41, 0x64, 0xCF, 0x14, 0x4B, 0x43, 0x20, 0x92, 0xA0, 0x83, 0xEB, 0x1D, 0x8D, 0xB9, 0xEC,
    0x25, 0xCF, 0x41, 0x5F, 0xCA, 0x0B, 0x03, 0xDE, 0xC6, 0xA8, 0xB3, 0xC7, 0xD5, 0x12, 0xAC, 0x3C,
    0x3C, 0x2E, 0x8F, 0xEA, 0x62, 0x9E, 0xDA, 0x50, 0x68, 0x8D, 0x52, 0xEE, 0x52, 0x2E, 0xAC, 0x29,
    0x9A, 0x2E, 0x69, 0xFC, 0xE8, 0x38, 0xFA, 0xB4, 0xAB, 0x5C, 0x95, 0x9B, 0x36, 0x8B, 0x64, 0xBD,
    0xCC, 0x54, 0x85, 0x94, 0x70, 0x85, 0x4A, 0x09, 0xBA, 0xCE, 0x48, 0x51, 0x2C, 0xE4, 0xFE, 0x6A,
    0x6D, 0x62, 0x05, 0xEF, 0x8F, 0xA4, 0x1E, 0x69, 0xFB, 0xFB, 0x8E, 0xCD, 0x5C, 0xF3, 0x2C, 0xB3,
    0xBD, 0xB0, 0xAD, 0x9A, 0xFF, 0xAC, 0x9E, 0xCE, 0xE7, 0x6D, 0xBE, 0x75, 0xE0, 0xF0, 0x8B, 0xC6,
    0x34, 0x4F, 0x54, 0xC0, 0x89, 0xE3, 0x4C, 0x05, 0xF0, 0x1B, 0xFB, 0xD4, 0xBA, 0xE3, 0x00, 0x6A,
    0xAD, 0xD7, 0x17, 0x87, 0x4D, 0xE4, 0x6F, 0xE1, 0x84, 0xE4, 0xF0, 0x8F, 0xEC, 0xE8, 0xCB, 0x23,
    0xBD, 0x13, 0x11, 0xFD, 0x22, 0x73, 0x41, 0xB8, 0x23, 0x4B, 0x3A, 0xFC, 0xEB, 0x55, 0xE6, 0xD1,
    0x23, 0xBB, 0x1E, 0xCC, 0x2D, 0x28, 0xA3, 0x80, 0x60, 0xEE, 0xEB, 0x41, 0xE0, 0x61, 0x39, 0x10,
    0x2D, 0x77, 0x80, 0x15, 0x58, 0x80, 0x17, 0x1D, 0x1D, 0x2C, 0x27, 0xA9, 0xB2, 0xD4, 0xD6, 0x01,
    0xB3, 0x80, 0x06, 0xF5, 0xEC, 0xCE, 0x00, 0x6F, 0x33, 0x29, 0x82, 0x26, 0x65, 0x60, 0x10, 0xD7,
    0x27, 0x0B, 0x2A, 0x71, 0x2D, 0x3D, 0x19, 0x74, 0xAF, 0x24, 0xCC, 0xA6, 0x70, 0xBC, 0xBB, 0x0A,
    0x6E, 0xAC, 0xC0, 0x22, 0xD1, 0x2E, 0x16, 0xC9, 0xF3, 0xE0, 0x2B, 0xA9, 0x34, 0x6D, 0x24, 0x30,
    0x66, 0xBF, 0xB7, 0xC7, 0xEC, 0xF5, 0xE5, 0xD9, 0x13, 0x18, 0x7C, 0x19, 0x85, 0x2F, 0xBC, 0xCF,
    0x46, 0xFF, 0x23, 0x52, 0x6C, 0x6A, 0xEC, 0x9C, 0x60, 0x65, 0x18, 0xE0, 0x37, 0x81, 0xED, 0xB4,
    0x03, 0xE4, 0xC0, 0x45, 0x83, 0xEB, 0x28, 0xE1, 0x70, 0xA6, 0x1F, 0x11, 0x8F, 0x3B, 0xF2, 0x0C,
    0x7E, 0x35, 0xF2, 0xD8, 0xF9, 0xBC, 0x42, 0x6F, 0xBD, 0x3C, 0x16, 0x6F, 0xC6, 0x2A, 0x0A, 0xBB,
    0x8B, 0x14, 0x7A, 0xCD, 0x2E, 0x0F, 0xFD, 0xEF, 0xF5, 0x95, 0xB6, 0x9C, 0x9E, 0x86, 0x91, 0x95,
    0x48, 0xD6, 0x15, 0x25, 0xCF, 0xC6, 0xBA, 0x47, 0x56, 0x17, 0x42, 0x3B, 0x9C, 0xC8, 0x4B, 0xE4,
    0x29, 0xA7, 0x4D, 0x12, 0x53, 0xAE, 0xAC, 0xDC, 0xAB, 0x15, 0x8E, 0x6C, 0x91, 0xF1, 0xFA, 0x67,
    0xB3, 0x93, 0xA7, 0x7C, 0xF6, 0xB6, 0xE6, 0xB4, 0x4E, 0x73, 0x2E, 0xD6, 0x51, 0xF5, 0xF0, 0x00,
    0xA4, 0xE4, 0xD3, 0x03, 0x6E, 0x47, 0xCD, 0x22, 0x39, 0xF3, 0x77, 0xBA, 0x11, 0x2A, 0x46, 0x66,
    0x38, 0xB5, 0xCD, 0x29, 0x5B, 0x11, 0x3D, 0xE5, 0xAC, 0x7B, 0xE2, 0x6A, 0x50, 0x4C, 0x20, 0x38,
    0xDE, 0xC8, 0x56, 0x5B, 0x36, 0x56, 0xEA, 0x79, 0xB1, 0xDF, 0xAE, 0x34, 0x66, 0xA9, 0x15, 0x32,
    0x73, 0xFD, 0xAD, 0x95, 0xF2, 0xFC, 0xF0, 0xBE, 0x4C, 0x14, 0xAE, 0xC9, 0x61, 0x4C, 0x22, 0xD9,
    0x4E, 0xDE, 0x50, 0x58, 0x28, 0x62, 0xFC, 0xF0, 0xDA, 0x13, 0x25, 0xE9, 0x81, 0xFA, 0xA7, 0xE1,
    0x48, 0x9C, 0x24, 0x1F, 0x53, 0x4D, 0xA4, 0xAE, 0x9C, 0x6C, 0xA4, 0x51, 0xA9, 0xD8, 0xA3, 0xCD,
    0x34, 0xEC, 0x0A, 0x6C, 0xE3, 0x5B, 0xD8, 0xCA, 0x64, 0xE5, 0xFC, 0xEB, 0x26, 0x06, 0x1B, 0x83,
    0xB5, 0x0D, 0x0F, 0x95, 0x4D, 0x94, 0x16, 0x8D, 0x7C, 0x6B, 0x4A, 0x60, 0xE1, 0x86, 0x98, 0x55,
    0x6C, 0x55, 0xB6, 0x01, 0xEA, 0x56, 0x6B, 0x53, 0x7E, 0x68, 0x3E, 0x51, 0x9A, 0xF0, 0x82, 0xC5,
    0x7F, 0xB0, 0x29, 0xE1, 0x75, 0x66, 0x93, 0x3C, 0xC7, 0xE4, 0x00, 0xE5, 0x33, 0xEA, 0xED, 0x46,
    0xA1, 0x73, 0x06, 0x69, 0x4E, 0x72, 0xAE, 0x44, 0x74, 0xE9, 0xD8, 0x10, 0x52, 0x5D, 0xBD, 0x36,
    0x9D, 0x24, 0x5D, 0xB1, 0x12, 0xED, 0xE2, 0x7A, 0xC4, 0x3D, 0xD9, 0x96, 0x4D, 0x12, 0x92, 0x58,
    0x9C, 0x45, 0xEE, 0x8D, 0x6B, 0xA9, 0xFB, 0xAB, 0x4A, 0xC6, 0x6B, 0x3A, 0xF7, 0xCB, 0x9A, 0x59,
    0xFE, 0xB4, 0xB9, 0x8E, 0x1D, 0x06, 0xF7, 0xB5, 0xA8, 0xD8, 0xFF, 0xE6, 0x70, 0x67, 0xB5, 0x75,
    0xCF, 0xCF, 0x59, 0xB7, 0x9A, 0x2B, 0xB2, 0x2E, 0xE7, 0x8D, 0xC3, 0xAB, 0xB1, 0x41, 0x5C, 0xF5,
    0xE7, 0xAD, 0x0A, 0x41, 0x49, 0x6E, 0x11, 0xC5, 0x23, 0xB3, 0xFC, 0x85, 0x20, 0x88, 0xB6, 0xB4,
    0xB3, 0x3B, 0xA5, 0x6C, 0xF3, 0xA6, 0xFD, 0x4C, 0xCA, 0xC4, 0xB9, 0x32, 0xF1, 0x42, 0x26, 0x6E,
    0x6C, 0xF4, 0x36, 0xF0, 0xBD, 0x94, 0x89, 0xB3, 0x5E, 0xAE, 0xB1, 0x6A, 0x5C, 0x3D, 0xFE, 0x42,
    0x39, 0xA7, 0x5A, 0x34, 0x6F, 0x9B, 0xD1, 0x54, 0x46, 0x79, 0xD8, 0x87, 0x55, 0x94, 0x6D, 0xA5,
    0xB0, 0xEB, 0xB2, 0xEB, 0x6F, 0xE1, 0x9E, 0xEF, 0xBF, 0x1E, 0xFB, 0x8A, 0xFC, 0xF8, 0xB5, 0xE6,
    0x07, 0x7E, 0xB0, 0x81, 0xDF, 0xFC, 0x5E, 0x57, 0x3C, 0x1A, 0x8A, 0x2F, 0x86, 0xFC, 0xD3, 0xF6,
    0x95, 0x81, 0xD5, 0xE5, 0x81, 0xDD, 0x79, 0xA0, 0x96, 0x3C, 0x6B, 0x2C, 0xAD, 0xCA, 0xF0, 0x97,
    0xC3, 0x00, 0x7A, 0xE9, 0x28, 0xF2, 0xF2, 0xE1, 0xC3, 0xAB, 0x8A, 0x0F, 0xAB, 0x68, 0x16, 0x49,
    0x51, 0x14, 0x52, 0xA1, 0x0C, 0x2E, 0xF4, 0x06, 0x86, 0x1C, 0xEC, 0x59, 0xC4, 0x51, 0xCD, 0x64,
    0x94, 0x92, 0x28, 0x5F, 0x85, 0xA3, 0x22, 0x77, 0x62, 0x93, 0x0A, 0x16, 0x33, 0xBE, 0xDB, 0x47,
    0x9E, 0xF6, 0xEC, 0x99, 0xDC, 0x1D, 0x8E, 0x63, 0xC4, 0x22, 0x4C, 0xE9, 0x1D, 0x21, 0x1D, 0x06,
    0x4C, 0xC2, 0x9A, 0xEA, 0xDA, 0xD1, 0xC3, 0x4D, 0xA0, 0xAD, 0xC4, 0xED, 0x97, 0x3B, 0xBB, 0x1E,
    0xF2, 0x66, 0xC2, 0x2E, 0x7C, 0xB0, 0x0B, 0x61, 0x25, 0x28, 0x8E, 0x67, 0xD7, 0x73, 0x6C, 0x74,
    0xD9, 0x0B, 0xB7, 0x1F, 0xF6, 0xC2, 0xEA, 0xB5, 0x5E, 0xD8, 0x1F, 0x5E, 0x78, 0xE5, 0x63, 0xAA,
    0x5D, 0x52, 0xCE, 0xCA, 0x49, 0x24, 0x9A, 0x7D, 0xF3, 0x6E, 0xCB, 0x23, 0x96, 0xA8, 0x98, 0xA4,
    0xE0, 0xF8, 0xA7, 0x74, 0x7C, 0x62, 0xAD, 0xFD, 0x0D, 0x93, 0xAD, 0x82, 0xCF, 0x30, 0xB3, 0xD6,
    0x4D, 0x6D, 0x35, 0x9F, 0xFF, 0x87, 0x1A, 0xFF, 0xE6, 0x9C, 0xFF, 0x5C, 0xF3, 0x2D, 0x84, 0xAF,
    0x08, 0xCB, 0x47, 0x26, 0xF4, 0x03, 0x87, 0x18, 0xC2, 0x89, 0x5E, 0xAF, 0x1E, 0x7B, 0x47, 0x6D,
    0xA2, 0x73, 0xF1, 0x42, 0xFE, 0x4F, 0xB3, 0xD1, 0xCB, 0x9C, 0x4C, 0xDA, 0xB4, 0xDC, 0x7E, 0xA5,
    0x59, 0x4B, 0xF6, 0x67, 0x7D, 0x65, 0x57, 0x17, 0xD7, 0x37, 0xFD, 0xB5, 0x28, 0x71, 0xA8, 0xF3,
    0x61, 0x57, 0x08, 0x6B, 0x3D, 0x6A, 0x90, 0x5F, 0x1A, 0x1A, 0xC6, 0x99, 0x5A, 0x5F, 0x47, 0x3C,
    0x8D, 0xFA, 0x9B, 0xFA, 0xA2, 0x5D, 0xA8, 0xAC, 0x8D, 0x7D, 0xA4, 0xA4, 0xA0, 0x59, 0x39, 0xDB,
    0x34, 0x31, 0xE4, 0xDF, 0xB3, 0x4A, 0x78, 0xCD, 0x6A, 0xCD, 0xF3, 0xB7, 0x46, 0xB0, 0xF5, 0xA8,
    0xAA, 0xD9, 0x69, 0x17, 0xEA, 0xD5, 0xA3, 0xF6, 0xB9, 0x89, 0x42, 0x79, 0xEC, 0x39, 0x6A, 0xFC,
    0xD1, 0x4E, 0x07, 0xD1, 0x2B, 0xBF, 0xB6, 0xB8, 0x63, 0xDF, 0x4D, 0xBF, 0x76, 0x68, 0x8D, 0xBF,
    0xFE, 0xF8, 0x85, 0x44, 0x5C, 0x28, 0x1F, 0xD1, 0xA1, 0x3A, 0xB5, 0xA8, 0x63, 0xDA, 0xB5, 0x16,
    0x9B, 0xB8, 0x28, 0x17, 0x81, 0x5C, 0xF5, 0xEB, 0x0F, 0x05, 0xB6, 0x1E, 0xF5, 0x4E, 0xBA, 0x61,
    0xB8, 0xA1, 0xF7, 0x5D, 0xAA, 0x7A, 0xBE, 0x79, 0x95, 0xAF, 0x39, 0x70, 0x82, 0x45, 0x28, 0xD8,
    0x43, 0xDA, 0x3E, 0xA9, 0x9D, 0x3D, 0xF7, 0xAC, 0x8A, 0xAA, 0xB3, 0x44, 0xC5, 0xE4, 0x8C, 0x6F,
    0x28, 0xD3, 0xA5, 0x43, 0x6C, 0x56, 0x21, 0x46, 0x40, 0xF8, 0xC3, 0x87, 0x23, 0x7E, 0x2F, 0x2B,
    0x80, 0xAA, 0x90, 0x24, 0x0B, 0xCC, 0xDD, 0x0C, 0x9C, 0x30, 0xAA, 0x1A, 0x20, 0x61, 0x57, 0x82,
    0x2D, 0xE7, 0x8C, 0x78, 0x1A, 0x05, 0xDD, 0x88, 0x08, 0x9B, 0x15, 0x12, 0xE3, 0xCF, 0x4A, 0x59,
    0x32, 0x6D, 0xC1, 0x00, 0x07, 0xA8, 0x68, 0x6D, 0x4C, 0x82, 0x8E, 0x06, 0xCB, 0xE4, 0x28, 0x3D,
    0x59, 0xD6, 0x9B, 0x82, 0xB9, 0xDC, 0xDB, 0x97, 0x1A, 0x32, 0xA0, 0xDF, 0x04, 0xDB, 0x1D, 0xB8,
    0x15, 0xE4, 0x92, 0x0B, 0xFE, 0xF4, 0x06, 0xE0, 0x81, 0x10, 0xB4, 0xC8, 0x1E, 0x7C, 0x9B, 0xAD,
    0xC1, 0xAB, 0x1A, 0xDF, 0x69, 0xBA, 0x32, 0x6E, 0xB4, 0xC3, 0x5B, 0x3D, 0x34, 0x77, 0xD7, 0x7A,
    0x50, 0x0F, 0x89, 0x9F, 0xCB, 0x15, 0x32, 0x11, 0xC7, 0x7B, 0xE5, 0x73, 0x65, 0xEE, 0x7F, 0x9F,
    0xB4, 0xD5, 0x96, 0x71, 0xBF, 0x4C, 0xBF, 0x8D, 0xD1, 0x8F, 0xEC, 0xCF, 0xE7, 0xF2, 0xE9, 0xD7,
    0x4B, 0xF5, 0xE0, 0xC9, 0xDA, 0x5C, 0x3C, 0x5E, 0xB5, 0x43, 0x94, 0x54, 0xAE, 0xDC, 0xB0, 0x69,
    0x05, 0xCA, 0xF0, 0xEA, 0x4A, 0x08, 0x14, 0xE4, 0x0D, 0xC2, 0x6C, 0xF3, 0x8E, 0x1E, 0x46, 0x68,
    0x48, 0x5A, 0x18, 0x58, 0x82, 0x9D, 0xAC, 0x7C, 0xFB, 0x76, 0x27, 0x1D, 0xFA, 0xEB, 0xEA, 0xB5,
    0x76, 0xAF, 0x0C, 0x73, 0xB1, 0x06, 0x71, 0x75, 0x6F, 0xE9, 0xAB, 0xC1, 0xDF, 0x8F, 0x77, 0xAA,
    0x51, 0x7E, 0xBA, 0x09, 0x03, 0x1D, 0x2F, 0x6E, 0x37, 0x2A, 0x1C, 0x6C, 0xCA, 0xC5, 0xCF, 0x54,
    0xC4, 0xFC, 0x39, 0xC7, 0x5A, 0x4F, 0xD9, 0x9A, 0x3C, 0x88, 0xA8, 0x6F, 0x06, 0x96, 0x7A, 0xD8,
    0xF7, 0xA5, 0xB9, 0xB1, 0x6D, 0xAB, 0x7F, 0xEF, 0xAB, 0x65, 0xF5, 0xD7, 0x9E, 0x08, 0xEA, 0xCF,
    0xE7, 0x2D, 0xF8, 0x8B, 0x28, 0x4E, 0x59, 0x3B, 0xE9, 0x1D, 0x65, 0xED, 0xE8, 0x8D, 0xE3, 0x5D,
    0x9A, 0x28, 0xB4, 0xE9, 0x07, 0x61, 0x6F, 0x82, 0xCC, 0x50, 0x6F, 0xC5, 0xEB, 0x28, 0x53, 0x0E,
    0xDC, 0x5F, 0xBF, 0x4F, 0x72, 0xF0, 0x9F, 0xD2, 0x73, 0x49, 0x7E, 0xC9, 0x06, 0x16, 0x73, 0xB8,
    0x1A, 0xF1, 0x09, 0x0E, 0xD7, 0x46, 0x13, 0xCA, 0x7A, 0x04, 0x2E, 0xC7, 0xCB, 0x80, 0x02, 0x8C,
    0x85, 0xEA, 0x1B, 0x8B, 0xE6, 0xBB, 0x27, 0xBF, 0x52, 0x05, 0xC3, 0x4A, 0x82, 0xDE, 0xA2, 0x16,
    0x12, 0xE4, 0x4F, 0xBE, 0x55, 0x11, 0x7B, 0xF0, 0x95, 0x9C, 0xEB, 0xE2, 0xF1, 0x22, 0xE5, 0x3F,
    0x56, 0x32, 0x78, 0x9F, 0x4C, 0xD0, 0x17, 0xC6, 0x3C, 0x56, 0x1A, 0x97, 0x9D, 0x3B, 0x97, 0xB1,
    0xB9, 0xDA, 0xD0, 0x30, 0xDE, 0xCA, 0x76, 0xB4, 0x19, 0x89, 0xA5, 0xD0, 0x77, 0xA8, 0x9A, 0xD5,
    0xD2, 0x4E, 0x08, 0x19, 0x09, 0x12, 0x69, 0xFB, 0xA3, 0xFF, 0x88, 0xB8, 0xAC, 0x54, 0x21, 0x9F,
    0xDD, 0x9A, 0x0B, 0x31, 0xAB, 0xDF, 0xBF, 0x2E, 0xB4, 0x96, 0x36, 0x0F, 0x37, 0x17, 0x27, 0xB1,
    0xB8, 0xF8, 0x5B, 0x31, 0xBC, 0xB7, 0x28, 0xA0, 0xC7, 0x3E, 0x5F, 0x91, 0x50, 0xB3, 0xE4, 0xB3,
    0xB0, 0xCB, 0x63, 0x63, 0x9C, 0xFA, 0x57, 0x77, 0x55, 0xD7, 0xA7, 0xE2, 0x22, 0xD5, 0x9D, 0xE1,
    0x5C, 0x83, 0xC8, 0xEC, 0x77, 0xB7, 0x5D, 0x33, 0xDE, 0x7C, 0xB2, 0x68, 0x8A, 0xAB, 0x4F, 0xE6,
    0x55, 0xF9, 0xE1, 0x73, 0xB0, 0xBE, 0x88, 0x62, 0xCF, 0x5F, 0x15, 0xBA, 0x62, 0xF8, 0x9D, 0xCB,
    0xFF, 0x4B, 0x3C, 0x4A, 0xA9, 0x64, 0xE3, 0xEB, 0x1A, 0x48, 0x70, 0xFD, 0x9B, 0x44, 0xFA, 0x19,
    0xE7, 0xEF, 0x10, 0xB5, 0xF5, 0x5D, 0x4D, 0xA5, 0xA9, 0x3D, 0x01, 0x81, 0x01, 0x6A, 0x4A, 0xF4,
    0x9C, 0xA8, 0x92, 0xE2, 0x7A, 0x3A, 0xE5, 0x01, 0xAE, 0x7A, 0xE5, 0x85, 0x74, 0x86, 0x26, 0xB2,
    0xD9, 0x05, 0x7A, 0x59, 0x11, 0x1F, 0xF7, 0x8E, 0x53, 0xE0, 0xDE, 0x93, 0x30, 0x5A, 0xEB, 0x5D,
    0x11, 0x4A, 0x0F, 0xB7, 0x67, 0xF7, 0x33, 0x99, 0x8A, 0xCC, 0xFA, 0x4E, 0x2F, 0xF6, 0x31, 0x90,
    0x11, 0xC3, 0x23, 0x91, 0xCD, 0x55, 0x7C, 0x0D, 0xC4, 0x53, 0x63, 0x1F, 0xA7, 0x5E, 0xCE, 0x89,
    0x4C, 0x2C, 0x91, 0x0D, 0x44, 0x7C, 0xD8, 0x8E, 0xF5, 0x42, 0xF2, 0xA5, 0x3C, 0xB5, 0xDD, 0x15,
    0xC3, 0xC1, 0x71, 0xF6, 0xD8, 0x67, 0x2B, 0x59, 0xF4, 0x24, 0x6C, 0x55, 0x59, 0x84, 0x9B, 0x7C,
    0xC2, 0xFF, 0x8A, 0x72, 0xAE, 0x76, 0xB7, 0xA1, 0x91, 0x3A, 0xB4, 0x87, 0xC4, 0xA8, 0x30, 0xF5,
    0x1F, 0x07, 0xC2, 0x04, 0x38, 0x82, 0x35, 0xF8, 0xFA, 0x2D, 0x1C, 0x59, 0x24, 0x06, 0x4E, 0x06,
    0x7A, 0x1A, 0x83, 0x9D, 0xCE, 0x7F, 0x2B, 0x23, 0x1B, 0xC4, 0xE8, 0x6F, 0x00, 0x37, 0x95, 0x0E,
    0x65, 0xD2, 0x5A, 0x06, 0x9D, 0xC5, 0x57, 0x11, 0x55, 0xBE, 0xFF, 0xF0, 0xD8, 0x70, 0xEA, 0x0D,
    0x26, 0xA2, 0x12, 0xE1, 0xDE, 0x5E, 0x9E, 0xBD, 0x4D, 0xB3, 0x0B, 0x44, 0xA9, 0x6F, 0xF0, 0xEC,
    0x2B, 0x19, 0x96, 0xEF, 0x27, 0xE5, 0x2C, 0xFA, 0x89, 0x7A, 0xD2, 0x4B, 0xB4, 0x5B, 0xE7, 0x53,
    0xF9, 0x04, 0x3D, 0xD6, 0x10, 0xBC, 0xF8, 0xB9, 0xA9, 0xFB, 0xBE, 0x9F, 0x9B, 0x02, 0xC7, 0x8F,
    0x2B, 0x8A, 0x90, 0xD2, 0x29, 0x62, 0x9E, 0x09, 0xBA, 0x5E, 0x6F, 0x98, 0x68, 0xA7, 0x48, 0x32,
    0xD5, 0x7B, 0xA4, 0xFF, 0xE4, 0x11, 0x57, 0xC4, 0x6F, 0xAF, 0xE1, 0xBD, 0x46, 0xF6, 0x1A, 0x19,
    0x34, 0x32, 0xD0, 0xEE, 0x50, 0xB4, 0xDC, 0x8E, 0x9A, 0x55, 0x9E, 0x70, 0x41, 0x0A, 0xD4, 0xA4,
    0x8D, 0xED, 0xE0, 0x9A, 0xBE, 0x13, 0x51, 0x9E, 0xC8, 0xA1, 0xA2, 0x25, 0xF5, 0x7A, 0x18, 0x4E,
    0xA3, 0xA6, 0xE0, 0x6C, 0x0A, 0xE4, 0xAF, 0x7C, 0xD5, 0xB8, 0x59, 0xE3, 0x22, 0x51, 0xE0, 0x9A,
    0x30, 0xBC, 0x76, 0x5C, 0x73, 0x7F, 0x52, 0x34, 0x2B, 0x72, 0xFF, 0x53, 0x3A, 0x89, 0xFF, 0x82,
    0x8E, 0xDE, 0x1A, 0x4F, 0xA1, 0xD1, 0xB3, 0x6B, 0x83, 0xE6, 0x57, 0x58, 0xDF, 0xC5, 0x1D, 0xDE,
    0x9C, 0x4F, 0x2C, 0x27, 0x4C, 0xC6, 0xD3, 0x07, 0xFB, 0x71, 0xC5, 0x84, 0x5C, 0x65, 0x45, 0x55,
    0xF3, 0xD3, 0x26, 0xCB, 0x84, 0xAB, 0xFF, 0xDB, 0xCC, 0x75, 0xB5, 0xD9, 0x8D, 0x1C, 0xD7, 0x02,
    0xB0, 0xF2, 0xB5, 0x85, 0x4F, 0x82, 0x73, 0xB6, 0xE1, 0x9C, 0x4D, 0x38, 0x67, 0xB2, 0xA1, 0x9C,
    0xB3, 0xF4, 0xAC, 0x47, 0xE7, 0x9C, 0x6D, 0xCA, 0x7D, 0x9D, 0xB3, 0xCD, 0x3F, 0xE0, 0x1C, 0x5F,
    0x14, 0xDE, 0x94, 0xD5, 0x70, 0xCE, 0x26, 0x36, 0x3C, 0x39, 0x0D, 0x9C, 0xB3, 0x89, 0x5D, 0x42,
    0x5E, 0x70, 0x89, 0x46, 0xA9, 0x4F, 0x55, 0x5F, 0x0C, 0xEE, 0xDC, 0x61, 0xE6, 0x8E, 0x16, 0x1F,
    0xBB, 0x9A, 0xE4, 0x0C, 0x80, 0xEA, 0x46, 0xA3, 0x2B, 0x9C, 0x53, 0x18, 0x24, 0xC5, 0x6C, 0x9F,
    0x33, 0xE4, 0xBD, 0x69, 0xD0, 0x23, 0x9F, 0x1C, 0xA6, 0x7E, 0x84, 0x5B, 0x49, 0xEE, 0xD9, 0x23,
    0xD2, 0x4C, 0xC4, 0xE9, 0xE4, 0x04, 0x49, 0x4C, 0x26, 0x3C, 0xDD, 0xCC, 0x27, 0x7E, 0x52, 0x3C,
    0x71, 0x1E, 0xC9, 0x20, 0xD5, 0xCC, 0xF1, 0x31, 0x73, 0xA7, 0x4F, 0xDA, 0x35, 0xFA, 0xB0, 0x61,
    0x2B, 0x71, 0xB0, 0x76, 0x89, 0xD7, 0x3E, 0x9C, 0xA9, 0xAA, 0xF5, 0xB1, 0x6F, 0xB5, 0x9F, 0x21,
    0x6D, 0x87, 0x98, 0x0F, 0xA1, 0xE6, 0x88, 0x28, 0x97, 0x81, 0x16, 0x56, 0x9D, 0x7B, 0x36, 0xD6,
    0x76, 0x63, 0x9F, 0x85, 0xD5, 0x5D, 0x9B, 0x1F, 0x9E, 0xF0, 0x22, 0xDA, 0x7A, 0x32, 0x5B, 0x46,
    0xE7, 0x64, 0xF1, 0x79, 0x2F, 0x4B, 0xE7, 0x3D, 0x93, 0xAC, 0x1E, 0xA7, 0xFB, 0x82, 0xED, 0x65,
    0x0D, 0xD9, 0x16, 0xCB, 0x48, 0xDD, 0x37, 0x5D, 0xE8, 0xD0, 0x6B, 0x0D, 0x73, 0xF0, 0xA8, 0x5D,
    0x27, 0xDD, 0x5C, 0x43, 0x9E, 0x17, 0xF5, 0x6A, 0x22, 0x21, 0x59, 0x61, 0x2A, 0x95, 0x5D, 0xE2,
    0xDF, 0xC0, 0xDB, 0xB2, 0xD7, 0x84, 0x88, 0x64, 0xCF, 0x91, 0x33, 0x20, 0x99, 0x35, 0xB3, 0x08,
    0xBB, 0x0D, 0x82, 0x6B, 0xD3, 0xA4, 0x4C, 0xE6, 0xDF, 0x8F, 0x3C, 0xE6, 0x08, 0x31, 0x12, 0x83,
    0x7E, 0x80, 0x8B, 0x96, 0x78, 0x1F, 0xF2, 0x2D, 0x66, 0x04, 0x13, 0xA6, 0x0C, 0x14, 0x21, 0x4A,
    0xFD, 0xF7, 0x9B, 0x5B, 0x0B, 0x6B, 0x59, 0x03, 0x3A, 0x8F, 0x4D, 0x10, 0x74, 0xD3, 0xB8, 0x37,
    0x01, 0x93, 0x60, 0x78, 0xD7, 0xEA, 0xDC, 0x7E, 0x0D, 0x2D, 0x87, 0xC4, 0x9C, 0x94, 0x5D, 0x99,
    0x71, 0xC9, 0xE7, 0x7E, 0x33, 0x2D, 0x8C, 0xC8, 0x42, 0xE4, 0x27, 0x88, 0xFC, 0x34, 0xDA, 0x1D,
    0x1F, 0xE7, 0x71, 0x01, 0xC7, 0x19, 0xF7, 0x19, 0x42, 0xBE, 0x71, 0x33, 0x3D, 0x90, 0x08, 0xF8,
    0x40, 0xA9, 0xA4, 0x8E, 0x93, 0xD9, 0x34, 0x2B, 0xB9, 0x0D, 0xD2, 0xDB, 0xFA, 0xE9, 0xBF, 0x9A,
    0x06, 0x09, 0xB8, 0xCE, 0xD6, 0x88, 0x67, 0x6C, 0x8D, 0xEC, 0x1B, 0xA6, 0xA1, 0xEC, 0x4D, 0x67,
    0x1B, 0xDB, 0x94, 0xD1, 0xFE, 0x5F, 0x67, 0x4F, 0x48, 0xDA, 0x4B, 0x56, 0x6A, 0xBB, 0x23, 0xF4,
    0xF4, 0x48, 0x92, 0x3F, 0x04, 0x3A, 0x25, 0x86, 0x4D, 0x09, 0x44, 0x86, 0x9F, 0x3E, 0x8D, 0xE2,
    0xE1, 0x5A, 0xDB, 0x66, 0xDC, 0xC1, 0xC6, 0x37, 0x8C, 0xCD, 0x33, 0xF5, 0xB8, 0xF9, 0x6C, 0x29,
    0x08, 0x47, 0xAF, 0x23, 0xCF, 0x34, 0x27, 0x3E, 0xFC, 0x49, 0x27, 0x4E, 0xA6, 0x6C, 0xE2, 0xE7,
    0xF8, 0x62, 0xB0, 0xB0, 0x49, 0x86, 0xB1, 0x8F, 0x8F, 0x1B, 0x4F, 0x8A, 0x3D, 0x43, 0xB6, 0x41,
    0xFE, 0xE3, 0x1F, 0xAC, 0xC9, 0x52, 0x67, 0xEB, 0x5E, 0x63, 0xB3, 0x13, 0x39, 0x43, 0x3E, 0xE3,
    0xF3, 0x70, 0xFF, 0x07, 0x48, 0x8F, 0x27, 0xC3, 0xF9, 0x3E, 0x84, 0xCC, 0xF3, 0x11, 0xBA, 0xC0,
    0xCC, 0x9D, 0x88, 0x6E, 0x63, 0xB3, 0x68, 0x02, 0x99, 0x3F, 0x20, 0x21, 0x62, 0x8E, 0xC5, 0xE5,
    0xD6, 0xD9, 0xA2, 0x7E, 0x1F, 0x03, 0xB7, 0x63, 0x26, 0xA1, 0x7F, 0xD5, 0x7F, 0xB0, 0x69, 0x62,
    0xCC, 0xCD, 0xF1, 0x0F, 0x90, 0x6D, 0x0B, 0x07, 0x9E, 0x72, 0x60, 0x05, 0x27, 0x09, 0x96, 0x44,
    0x1F, 0x18, 0xDA, 0xE7, 0x13, 0x5D, 0x0A, 0x2B, 0xD7, 0x83, 0xBB, 0xD8, 0xC5, 0x90, 0x3C, 0x68,
    0x52, 0xE4, 0xDB, 0xEF, 0x0A, 0x3F, 0xB2, 0x17, 0x61, 0xF6, 0x75, 0x4B, 0xC8, 0x8E, 0x5A, 0xCA,
    0x7F, 0xB8, 0x91, 0x35, 0xFC, 0x41, 0xCB, 0x4A, 0xEF, 0x0C, 0xF7, 0x8E, 0x5B, 0xDD, 0x88, 0x13,
    0xB7, 0x0D, 0x7F, 0x77, 0xDC, 0xCD, 0xCF, 0xE9, 0xAA, 0xA0, 0xCD, 0xBB, 0xE8, 0x3C, 0xE5, 0x74,
    0x81, 0x4C, 0x5D, 0xD4, 0xE7, 0x24, 0x1F, 0xB4, 0xB9, 0x06, 0x07, 0xC1, 0xF0, 0x78, 0xE1, 0x03,
    0xF0, 0xCF, 0xAA, 0xDE, 0x2D, 0x34, 0xED, 0xDB, 0xB7, 0x68, 0x5F, 0x7F, 0xF0, 0xDE, 0x1A, 0x89,
    0x66, 0x92, 0x31, 0xE0, 0x9E, 0xD2, 0x6D, 0x4B, 0xF4, 0xAB, 0x5F, 0x42, 0xB7, 0x3A, 0xD4, 0x94,
    0xBF, 0x47, 0x23, 0xC7, 0x94, 0x9B, 0x2F, 0xF8, 0x78, 0x2C, 0xF0, 0xBA, 0xA1, 0x5B, 0x1D, 0xDF,
    0xA2, 0xAF, 0xC9, 0x0D, 0xEF, 0x77, 0x6B, 0xBD, 0x9F, 0x49, 0xAB, 0x17, 0x5D, 0x77, 0x86, 0x4F,
    0xD2, 0xEE, 0xBB, 0xE8, 0xFB, 0x28, 0x91, 0xFF, 0xC2, 0x45, 0xCE, 0xA9, 0xC7, 0x55, 0x60, 0x22,
    0x31, 0xAB, 0x37, 0x3C, 0x5E, 0x09, 0xF1, 0x34, 0xBD, 0xDF, 0x66, 0x28, 0xA5, 0x9B, 0x77, 0xFF,
    0x7B, 0xB3, 0x23, 0x09, 0xED, 0x2D, 0x3A, 0x9C, 0x41, 0xD6, 0x58, 0xB8, 0x7F, 0xFA, 0x2F, 0xE1,
    0xC6, 0x9F, 0xA7, 0x9A, 0x3D, 0x43, 0x3B, 0x39, 0xE2, 0x10, 0xBF, 0x4D, 0x09, 0x10, 0x9B, 0x3E,
    0x88, 0xBC, 0x23, 0xA0, 0xF9, 0x94, 0xC8, 0x46, 0xF9, 0xAD, 0x98, 0x49, 0x9D, 0xD4, 0x62, 0x42,
    0xE8, 0x31, 0x92, 0x27, 0x3B, 0x24, 0x13, 0xF1, 0x90, 0x4E, 0x19, 0xF7, 0xE9, 0x98, 0x07, 0xE4,
    0x71, 0x28, 0xFE, 0xB6, 0xCB, 0x06, 0xF3, 0x8B, 0xED, 0xA6, 0x77, 0x45, 0x93, 0x3F, 0xEA, 0xCB,
    0xA6, 0xF8, 0xE7, 0x70, 0x95, 0xE2, 0x08, 0x84, 0x80, 0x2B, 0x8D, 0xA9, 0x4B, 0xAE, 0x0D, 0x4C,
    0xA6, 0x7D, 0xAD, 0x99, 0xC8, 0x79, 0x33, 0x10, 0x4F, 0xA6, 0x23, 0x1E, 0x76, 0x7E, 0x58, 0x71,
    0x1C, 0xE3, 0x4B, 0xC6, 0x3C, 0xE4, 0x37, 0x92, 0x5F, 0xCD, 0x86, 0xAC, 0x97, 0x10, 0x31, 0x26,
    0x65, 0x71, 0xEC, 0x83, 0x24, 0x95, 0x02, 0x33, 0x7B, 0xC9, 0x12, 0x26, 0x00, 0x15, 0x4E, 0x42,
    0x7D, 0xEE, 0x8D, 0xE7, 0x70, 0x06, 0xB7, 0x9A, 0xED, 0xA8, 0xF0, 0xFE, 0x2D, 0x98, 0xF4, 0x3A,
    0x41, 0xA3, 0x49, 0x93, 0x81, 0xD2, 0x7D, 0x88, 0x3A, 0x86, 0xCA, 0x36, 0xB4, 0xAA, 0xD5, 0xFB,
    0x9A, 0xBD, 0x50, 0xD9, 0xF0, 0x25, 0x4A, 0x7E, 0x37, 0xBE, 0x65, 0x1F, 0xE5, 0x5F, 0x69, 0xB8,
    0xB7, 0xDC, 0xE7, 0x08, 0x02, 0x30, 0xA8, 0x98, 0x24, 0xBB, 0xD2, 0x19, 0x9E, 0x0C, 0xCF, 0xF6,
    0x59, 0xEC, 0x68, 0x76, 0xCF, 0x9A, 0x2D, 0xFE, 0xD9, 0x6F, 0x16, 0x5C, 0x5F, 0x00, 0x1D, 0x25,
    0x35, 0x62, 0x73, 0xC5, 0xDF, 0x3E, 0xD4, 0x67, 0xE3, 0xF5, 0x69, 0x33, 0xB8, 0x31, 0x07, 0xCF,
    0x17, 0x7A, 0xC0, 0x4C, 0x75, 0x79, 0x7D, 0x2A, 0x19, 0x71, 0xAA, 0xB6, 0x11, 0x18, 0x1A, 0x12,
    0xDE, 0x8C, 0xA9, 0x8F, 0xA4, 0x1F, 0x70, 0x14, 0x86, 0x00, 0x0B, 0xF5, 0x3F, 0xDB, 0xE7, 0x57,
    0xC3, 0x75, 0xAE, 0x71, 0x1B, 0x81, 0x21, 0x2A, 0xFF, 0x84, 0xEB, 0xF0, 0x94, 0xC2, 0xFC, 0x25,
    0x87, 0xC0, 0x10, 0x25, 0x6B, 0x5A, 0xE4, 0x70, 0x3A, 0x69, 0xF2, 0x30, 0xB7, 0x57, 0x1C, 0xE6,
    0xF6, 0x16, 0x3D, 0xD1, 0xC0, 0xA6, 0xD5, 0xFF, 0x55, 0xCD, 0x91, 0x82, 0xD3, 0x36, 0x1F, 0x12,
    0x2F, 0x4F, 0xBB, 0x46, 0xDC, 0x35, 0x4F, 0xEA, 0x93, 0x9C, 0xD0, 0xC7, 0x20, 0xFA, 0x90, 0xD6,
    0xDD, 0x5C, 0x1F, 0x98, 0x29, 0x25, 0x61, 0x6D, 0xD7, 0xE3, 0xAA, 0x34, 0xEB, 0x1D, 0x5A, 0x7B,
    0x48, 0x06, 0x6D, 0x6E, 0x83, 0xE3, 0xAF, 0x2E, 0xC7, 0x56, 0x40, 0xC4, 0xAE, 0x42, 0x7A, 0x4F,
    0xF8, 0xD9, 0x55, 0xB3, 0x19, 0x0D, 0xDA, 0x76, 0x33, 0x98, 0x7A, 0x77, 0xE5, 0xAA, 0x4B, 0x08,
    0xE9, 0x48, 0xC0, 0xE7, 0x5E, 0x20, 0x00, 0xFC, 0xFD, 0xD4, 0x79, 0xE1, 0x36, 0x42, 0x08, 0x9E,
    0xAA, 0xDF, 0x03, 0xDB, 0x0D, 0x49, 0x10, 0x16, 0x18, 0xC7, 0xAE, 0x32, 0xA6, 0x0F, 0x6C, 0x26,
    0x59, 0xCF, 0x05, 0xF4, 0x9F, 0xC5, 0xDC, 0x45, 0xAF, 0x09, 0x70, 0x24, 0x98, 0x0B, 0xCF, 0x12,
    0x02, 0x88, 0xCD, 0x26, 0x5C, 0xDC, 0xE1, 0xDA, 0xD9, 0xC0, 0x55, 0x8B, 0x61, 0xCC, 0x56, 0x5C,
    0x8E, 0x19, 0xE7, 0x21, 0x66, 0x0C, 0x32, 0xD3, 0x2E, 0x7F, 0xFC, 0x09, 0x74, 0xE5, 0x3F, 0x8F,
    0x72, 0xCD, 0x3F, 0x11, 0x18, 0x9B, 0x37, 0xC8, 0xB2, 0x64, 0x5E, 0xBC, 0x59, 0x20, 0x99, 0x95,
    0xA7, 0x12, 0x23, 0x9E, 0x90, 0xA5, 0x41, 0x77, 0xC8, 0x6A, 0xC1, 0x98, 0x96, 0x20, 0x0C, 0x23,
    0xDB, 0x8C, 0x64, 0xC1, 0x69, 0x53, 0x2C, 0x7D, 0xC3, 0xCD, 0x8C, 0xB7, 0x03, 0x30, 0x1C, 0x4C,
    0xE0, 0x83, 0xBE, 0x6A, 0x14, 0x52, 0xDF, 0x2A, 0x88, 0x5E, 0x6B, 0x07, 0x25, 0xFE, 0xFB, 0x09,
    0x56, 0x2C, 0xDD, 0x42, 0x97, 0x97, 0x28, 0x96, 0x1E, 0x74, 0x61, 0xC5, 0xD2, 0x67, 0x32, 0x01,
    0x4B, 0xCF, 0xA3, 0x0F, 0x1C, 0x5D, 0x60, 0xED, 0xD2, 0xB5, 0x4A, 0x58, 0xE4, 0x7A, 0xDC, 0x35,
    0x13, 0xF5, 0x37, 0xD3, 0x63, 0x26, 0xEA, 0xC7, 0xF1, 0x25, 0xF5, 0x63, 0x2B, 0x6D, 0x1B, 0x8E,
    0x6D, 0xA4, 0x3B, 0x40, 0xF5, 0xE9, 0x5D, 0x72, 0x91, 0x0B, 0x88, 0x9C, 0x8B, 0x09, 0x51, 0x04,
    0x39, 0x78, 0x0C, 0x2C, 0x27, 0x66, 0x60, 0xB0, 0x48, 0x6A, 0xA2, 0xEA, 0x82, 0xB0, 0x4D, 0x38,
    0x1B, 0x4C, 0xDD, 0xEB, 0x13, 0xEE, 0x85, 0x55, 0x03, 0x51, 0x3C, 0x3E, 0x06, 0xF1, 0xCF, 0x53,
    0x10, 0x48, 0x07, 0x08, 0x21, 0xB4, 0x6A, 0x58, 0xBC, 0x65, 0x61, 0xB4, 0xC1, 0xFF, 0xA9, 0xF6,
    0xB9, 0x5D, 0x99, 0x88, 0x11, 0x0F, 0x0A, 0x97, 0x07, 0xE7, 0xA4, 0xE8, 0x33, 0xAC, 0xDC, 0x81,
    0xEB, 0xFC, 0xB1, 0x19, 0x17, 0x45, 0x92, 0x39, 0xB4, 0x8E, 0xCA, 0xA3, 0x9E, 0x2A, 0x24, 0x99,
    0xFF, 0x60, 0x22, 0x13, 0x90, 0x77, 0x53, 0x73, 0x6F, 0x05, 0x27, 0xC9, 0xE3, 0x1B, 0x53, 0x34,
    0x91, 0x62, 0x88, 0x84, 0xA0, 0x69, 0x23, 0x95, 0xF5, 0x3C, 0x1C, 0x14, 0x33, 0xC2, 0xCB, 0xEC,
    0xD7, 0xEA, 0x3F, 0xE1, 0x17, 0xF5, 0x31, 0xED, 0x57, 0x47, 0x88, 0x09, 0x63, 0x80, 0xFA, 0x0F,
    0x33, 0x08, 0x2A, 0x28, 0xDE, 0xF8, 0x0B, 0xA5, 0xB2, 0xB6, 0xCA, 0x7D, 0xCC, 0xA4, 0x62, 0xA1,
    0xEC, 0x36, 0x57, 0xB9, 0x09, 0x3B, 0x5D, 0xD0, 0xD0, 0x53, 0xF1, 0xDF, 0x23, 0x95, 0x57, 0x7A,
    0xE1, 0xB8, 0x98, 0xA3, 0x2E, 0xB4, 0x9E, 0xCC, 0x9B, 0x47, 0xB2, 0x76, 0x22, 0xF7, 0x95, 0x33,
    0xA6, 0x71, 0x35, 0xA1, 0x05, 0x3F, 0xEC, 0x83, 0xF8, 0x0B, 0x8C, 0xEC, 0x08, 0x13, 0x6A, 0x0E,
    0x35, 0x82, 0x58, 0x69, 0xF4, 0x8F, 0xC7, 0x13, 0xEA, 0x64, 0x42, 0xA1, 0x91, 0x69, 0xA1, 0x56,
    0xB7, 0xB2, 0x2F, 0xB8, 0xEC, 0x14, 0x02, 0xA1, 0xD7, 0xEA, 0x5C, 0x4E, 0xFB, 0x73, 0x99, 0xDF,
    0x70, 0x2E, 0xE7, 0xF8, 0x5E, 0xBB, 0xAD, 0x65, 0x30, 0x67, 0x98, 0x10, 0xAD, 0x83, 0xEB, 0x37,
    0xE7, 0x00, 0x27, 0xCB, 0x7E, 0xAD, 0xE5, 0xEC, 0x35, 0xC5, 0x4B, 0x9B, 0xEB, 0x41, 0xE4, 0xA2,
    0xE0, 0x63, 0x91, 0x07, 0x0C, 0x51, 0x07, 0x55, 0x8F, 0x79, 0xC0, 0x55, 0x07, 0x2D, 0x31, 0x37,
    0x42, 0xD2, 0xC3, 0x3E, 0xC2, 0x3F, 0x0A, 0xB6, 0xD1, 0x4B, 0x46, 0x22, 0xFB, 0x7A, 0xA8, 0x0F,
    0xD7, 0x94, 0x99, 0x54, 0x24, 0xDE, 0xD5, 0x94, 0xE0, 0x6E, 0xE1, 0x96, 0x2D, 0x65, 0x30, 0xCC,
    0x4A, 0xE6, 0x46, 0x6A, 0x4F, 0x69, 0xFF, 0x08, 0x96, 0xE0, 0x27, 0xAC, 0x28, 0xB8, 0x10, 0xB5,
    0xF2, 0x70, 0x23, 0x05, 0x97, 0x77, 0x14, 0xDC, 0x24, 0x52, 0x70, 0x8B, 0x36, 0x5B, 0xF3, 0x70,
    0xC3, 0xC4, 0x70, 0x8F, 0xC4, 0x6E, 0x87, 0x3C, 0xF2, 0x09, 0x50, 0x1D, 0x22, 0x66, 0x64, 0x76,
    0xAC, 0xD6, 0x0C, 0x85, 0x2A, 0xE0, 0xBC, 0x81, 0xF1, 0xC6, 0x8C, 0xD6, 0x85, 0xB6, 0x46, 0x03,
    0xE0, 0x20, 0x78, 0x53, 0xDB, 0xC9, 0xD6, 0x6E, 0xDF, 0xAC, 0x21, 0x33, 0x15, 0xAB, 0x16, 0xB8,
    0x85, 0xFE, 0xC8, 0xFE, 0x61, 0x4E, 0xD6, 0x44, 0x7B, 0xC8, 0x9A, 0x30, 0x08, 0xD2, 0x40, 0x54,
    0x87, 0xA1, 0xE3, 0xD0, 0x81, 0xE8, 0x48, 0x74, 0x28, 0x3A, 0x16, 0x1D, 0x8C, 0x52, 0x56, 0x95,
    0x51, 0x4C, 0x46, 0x29, 0xD7, 0x02, 0xE8, 0x8A, 0x18, 0x33, 0x16, 0xE5, 0x09, 0xDA, 0x13, 0x94,
    0x87, 0x88, 0x1C, 0xB1, 0xB2, 0x41, 0x7E, 0x02, 0x22, 0x92, 0xB6, 0x85, 0x97, 0x81, 0x00, 0xB7,
    0xB6, 0xCA, 0xBC, 0x97, 0xC7, 0x13, 0x25, 0x8A, 0x86, 0x54, 0xD7, 0x83, 0xD2, 0x21, 0x90, 0x3E,
    0xC1, 0xFA, 0xE4, 0xB9, 0xCE, 0xFB, 0x04, 0xB3, 0xD3, 0x83, 0xF6, 0x8D, 0x48, 0x32, 0x9F, 0x82,
    0x1C, 0x53, 0x0F, 0xD3, 0x94, 0xCC, 0x55, 0xB3, 0xE9, 0x41, 0xA1, 0xCD, 0x21, 0xB7, 0x05, 0x64,
    0x2D, 0x1C, 0xC1, 0x65, 0xFB, 0xC6, 0x93, 0xA6, 0xBA, 0xEA, 0xA3, 0xE1, 0x84, 0xAC, 0x35, 0xBE,
    0xDC, 0x23, 0x92, 0x63, 0x51, 0xE4, 0x91, 0x48, 0x0E, 0x8F, 0x0D, 0x68, 0xBF, 0xD8, 0x41, 0x1E,
    0xC2, 0x53, 0x01, 0x3E, 0x6E, 0x7E, 0xC4, 0xE3, 0xA9, 0xCC, 0xF0, 0xDB, 0x66, 0x09, 0xC2, 0x2C,
    0x44, 0xDC, 0x84, 0xF4, 0x6E, 0x12, 0x3D, 0x71, 0x0F, 0x81, 0xCD, 0xDF, 0xEF, 0xD2, 0x63, 0x18,
    0x2B, 0x63, 0x60, 0x12, 0xD7, 0x8D, 0xF9, 0x40, 0x65, 0x6F, 0x3D, 0x55, 0x2D, 0x33, 0x92, 0x7E,
    0x86, 0x42, 0x86, 0xD5, 0x20, 0xAD, 0x62, 0x83, 0xE8, 0x45, 0xCC, 0x41, 0x3C, 0xEA, 0xC3, 0x0F,
    0xC2, 0x9B, 0x61, 0x1E, 0xD2, 0xBC, 0x49, 0x83, 0xA7, 0x08, 0x2F, 0xF0, 0x4A, 0xDC, 0xF6, 0x34,
    0x47, 0xD6, 0xC9, 0x4A, 0xA8, 0xFE, 0xF1, 0xDD, 0x64, 0xC2, 0x2E, 0x63, 0x5F, 0xC1, 0x8D, 0x2B,
    0x2F, 0x37, 0x5C, 0xBD, 0x22, 0xB6, 0x6F, 0xDD, 0xBA, 0xD7, 0x2B, 0x9E, 0x81, 0xF2, 0x8F, 0xCD,
    0x0C, 0xDD, 0xAA, 0x1A, 0x7B, 0xFA, 0x1E, 0x59, 0x7A, 0x3F, 0xF2, 0x3B, 0x24, 0x4B, 0x47, 0xD2,
    0x9A, 0x19, 0x3E, 0x6E, 0x45, 0x96, 0x1E, 0x35, 0x36, 0xCF, 0xDA, 0xD0, 0x40, 0xE4, 0x46, 0x6B,
    0x70, 0xC2, 0xAD, 0x22, 0xBF, 0x1F, 0xBE, 0x64, 0xB9, 0xAD, 0xB8, 0xDD, 0xCC, 0x35, 0xFC, 0xFE,
    0x8B, 0xC0, 0x5E, 0xCB, 0x49, 0xFE, 0x74, 0x07, 0x04, 0xEC, 0x3B, 0x29, 0x96, 0x03, 0xF7, 0x18,
    0xD3, 0x5F, 0xF1, 0x21, 0x30, 0x8B, 0xF3, 0xB3, 0x3E, 0x78, 0xB3, 0xC0, 0x89, 0xFE, 0x42, 0xCC,
    0x25, 0x66, 0xC4, 0x17, 0x53, 0xD5, 0xE6, 0xA3, 0x16, 0xDF, 0x04, 0xD9, 0x84, 0x76, 0x4C, 0xF5,
    0x68, 0xD7, 0x54, 0x0F, 0x48, 0x34, 0xDB, 0x63, 0x09, 0xD8, 0x1E, 0x1E, 0x4C, 0xB5, 0xCA, 0xC8,
    0x16, 0x0D, 0x64, 0x29, 0xB2, 0x82, 0x94, 0xA8, 0x1D, 0xF9, 0x03, 0xD0, 0xAB, 0x90, 0x4B, 0x60,
    0xAA, 0x7E, 0xDF, 0x07, 0xA3, 0x30, 0x52, 0x71, 0xA5, 0x57, 0x6F, 0x87, 0xB7, 0x62, 0x68, 0x33,
    0x7F, 0x03, 0xEF, 0xB4, 0xD3, 0xE6, 0xC8, 0x48, 0x2E, 0x0B, 0xF7, 0x3C, 0xCC, 0xF4, 0x35, 0x54,
    0x59, 0xCD, 0x1A, 0x96, 0x31, 0xD3, 0x57, 0x8C, 0x74, 0x50, 0x40, 0x63, 0x56, 0xDE, 0x64, 0xDE,
    0x0B, 0x65, 0x3F, 0x05, 0x3D, 0x58, 0xEC, 0x78, 0xD1, 0x0B, 0xC0, 0xA5, 0x7B, 0x26, 0x79, 0x99,
    0xB8, 0x79, 0xE1, 0x9D, 0x0F, 0x18, 0x4C, 0x07, 0xD1, 0x44, 0x2C, 0xA9, 0x82, 0x30, 0x10, 0xEA,
    0x81, 0xCF, 0x3B, 0x81, 0xEA, 0x18, 0x50, 0xD3, 0x50, 0x9C, 0xB1, 0x09, 0x73, 0x99, 0xF5, 0xA6,
    0xC9, 0x06, 0x5B, 0x67, 0x03, 0x53, 0xF6, 0x5E, 0x4F, 0x69, 0xB0, 0x1F, 0xE9, 0x75, 0x40, 0x1C,
    0x9D, 0xE0, 0x4B, 0xA4, 0x74, 0xD7, 0xE3, 0xFA, 0x50, 0x1E, 0xF7, 0x9E, 0x33, 0xB2, 0xC4, 0xE3,
    0x42, 0x41, 0x6F, 0x80, 0x57, 0x20, 0xBD, 0x7D, 0x4C, 0x41, 0x1F, 0x20, 0x3A, 0x09, 0xA2, 0xF7,
    0x28, 0xE8, 0x2C, 0x14, 0xF4, 0x6E, 0xA1, 0xA0, 0x0F, 0xA0, 0xA0, 0x73, 0x57, 0xF6, 0x41, 0x98,
    0x26, 0xE1, 0xF6, 0xB4, 0x6D, 0x1A, 0x82, 0x52, 0x9F, 0xF9, 0x04, 0x36, 0x0B, 0xF9, 0x14, 0xD8,
    0x15, 0x03, 0xFF, 0xC3, 0x6B, 0xFE, 0xB4, 0x1A, 0x64, 0x52, 0x12, 0xC6, 0xAC, 0xC1, 0x30, 0xF0,
    0x64, 0x5A, 0x3B, 0xBA, 0xAD, 0x59, 0xF6, 0xE7, 0x75, 0x40, 0x60, 0x99, 0x7F, 0xB6, 0x77, 0xCC,
    0xAF, 0xE8, 0x99, 0xB9, 0xE8, 0xF6, 0x8A, 0x3F, 0xAA, 0x83, 0xE2, 0x8F, 0xBD, 0x6A, 0x0A, 0x5C,
    0x49, 0x2D, 0x4F, 0xE4, 0xBE, 0x33, 0xEC, 0x44, 0x10, 0x4D, 0x05, 0x71, 0xA8, 0xB9, 0x5B, 0xA5,
    0x51, 0x2D, 0xFF, 0xFF, 0xE4, 0xF8, 0x2A, 0x9A, 0x72, 0x86, 0x86, 0x95, 0xDD, 0x89, 0x61, 0x69,
    0xD1, 0x99, 0xB6, 0xE8, 0x1D, 0x42, 0xAC, 0x29, 0xE7, 0x5F, 0x1C, 0x53, 0x4C, 0xD2, 0x1E, 0xBE,
    0xAC, 0x2E, 0x11, 0x2C, 0x44, 0xD5, 0xAC, 0x89, 0xF3, 0x40, 0x2A, 0xC3, 0x99, 0x82, 0x77, 0x82,
    0x3C, 0x6F, 0xF1, 0xCA, 0x0A, 0x13, 0x3A, 0x9F, 0xED, 0x89, 0x77, 0x8F, 0x27, 0x69, 0x09, 0x9F,
    0xFA, 0xD2, 0xAE, 0x79, 0x03, 0xD8, 0x52, 0x39, 0x99, 0xB5, 0xF6, 0x34, 0x57, 0x82, 0x8F, 0xBD,
    0x3E, 0xE2, 0x85, 0x89, 0xA7, 0x09, 0x38, 0xB2, 0x0D, 0xAD, 0x56, 0xEC, 0xC5, 0xEA, 0xA8, 0xB5,
    0x76, 0x8D, 0x76, 0x7A, 0x1A, 0xD5, 0x73, 0x10, 0x3D, 0x5F, 0x12, 0xF4, 0x2C, 0x82, 0x9E, 0xCF,
    0x0C, 0x7A, 0xFE, 0xB2, 0xDB, 0xE9, 0xD9, 0x88, 0x9E, 0x5F, 0x11, 0xF4, 0xFC, 0x2E, 0x47, 0xF4,
    0x16, 0x46, 0x5B, 0xF6, 0x89, 0x7D, 0x36, 0x03, 0x13, 0x7F, 0x45, 0xD0, 0xE9, 0xAB, 0x66, 0xE2,
    0x77, 0x7A, 0x72, 0x71, 0x99, 0x96, 0x70, 0xAB, 0x82, 0x5E, 0x49, 0x60, 0x1F, 0x27, 0x3F, 0xAB,
    0xC3, 0x39, 0xA8, 0x15, 0xD8, 0x6D, 0x59, 0xDE, 0xA1, 0x4C, 0x75, 0xDC, 0x60, 0x9E, 0xAF, 0x65,
    0x1E, 0x8F, 0x14, 0x4F, 0x14, 0x36, 0xED, 0x50, 0xE7, 0xA2, 0x3F, 0x79, 0x1D, 0x0D, 0x17, 0x5D,
    0x0D, 0x1E, 0x86, 0xD4, 0x0E, 0xCE, 0x45, 0x9F, 0x8F, 0xFA, 0x1C, 0x95, 0x8B, 0x71, 0xC8, 0x26,
    0x30, 0x60, 0x13, 0xE0, 0x42, 0xE0, 0xEB, 0x2C, 0xA9, 0x69, 0x00, 0x5E, 0xA9, 0xAF, 0x5E, 0x32,
    0x26, 0xDE, 0xA0, 0xAA, 0x28, 0x80, 0x04, 0x1F, 0x37, 0x19, 0x00, 0xA5, 0x55, 0x10, 0x6D, 0xCE,
    0xFC, 0x1F, 0x6B, 0x20, 0xC9, 0x34, 0x3B, 0x51, 0xF5, 0x69, 0xAD, 0xC0, 0x67, 0x06, 0x41, 0xF6,
    0xDA, 0x1A, 0xA5, 0x99, 0x3F, 0xCB, 0xB4, 0xFC, 0x2E, 0xBB, 0xE5, 0x77, 0x73, 0x3A, 0x3B, 0xE6,
    0xA9, 0x12, 0xC6, 0xDA, 0x13, 0x6A, 0x1E, 0x99, 0x5E, 0x49, 0x2E, 0x72, 0xB3, 0x72, 0xAE, 0xEF,
    0x83, 0x46, 0xF2, 0xEA, 0x0E, 0x1F, 0x75, 0xA8, 0x91, 0xA9, 0x0F, 0xDF, 0x85, 0x99, 0x6E, 0x5F,
    0xD5, 0x99, 0x3E, 0x98, 0xDC, 0x7F, 0xED, 0x54, 0xDD, 0xEE, 0xBF, 0x07, 0xA1, 0x3D, 0x7D, 0x0B,
    0x9D, 0x11, 0x4D, 0xB9, 0x71, 0x5D, 0xEF, 0xBD, 0x98, 0xB8, 0x25, 0x8D, 0xA9, 0x39, 0x96, 0x8A,
    0xC9, 0x22, 0xCA, 0x82, 0x46, 0x5F, 0x97, 0x5E, 0x82, 0x26, 0x5E, 0x8D, 0x85, 0x55, 0x04, 0xA6,
    0x84, 0xD6, 0xEB, 0xE3, 0xFD, 0x5D, 0xD6, 0x48, 0xE9, 0xA5, 0x8F, 0xD1, 0x14, 0xDB, 0x7B, 0xD0,
    0x61, 0xD2, 0x70, 0xB8, 0x8E, 0xF6, 0x8F, 0x33, 0xA0, 0x93, 0x93, 0x83, 0xE3, 0xC1, 0xC9, 0x89,
    0xE0, 0xB1, 0x0D, 0x22, 0xFC, 0x7F, 0x76, 0xED, 0x38, 0x78, 0xF4, 0x44, 0x79, 0x04, 0x4E, 0x7B,
    0xCC, 0xD8, 0xB8, 0xE7, 0xA5, 0xA7, 0xD3, 0x49, 0xF7, 0x3E, 0xBA, 0x86, 0x45, 0xAF, 0x66, 0x2D,
    0xC1, 0xB9, 0x78, 0xA8, 0x0A, 0x48, 0x65, 0x07, 0x11, 0xA4, 0xA7, 0xE2, 0xFA, 0x2E, 0xEA, 0x99,
    0x31, 0x8E, 0x5A, 0xB2, 0x6A, 0x3B, 0x22, 0x68, 0x5D, 0x36, 0x76, 0x55, 0x68, 0x96, 0x24, 0x9A,
    0x09, 0xC9, 0x60, 0xC9, 0xE2, 0x93, 0x19, 0x14, 0xD2, 0x4F, 0x21, 0x64, 0xF6, 0x33, 0xF0, 0xB6,
    0x60, 0x1F, 0x09, 0x8C, 0x64, 0x6C, 0x84, 0x8D, 0x54, 0x68, 0x50, 0xA5, 0x24, 0x3A, 0x59, 0x53,
    0x8E, 0x62, 0xEC, 0x2C, 0x45, 0x3D, 0xC9, 0xFC, 0x5A, 0x37, 0x26, 0x3C, 0x61, 0xBD, 0x0E, 0x6E,
    0x9B, 0xF1, 0x92, 0x8B, 0xC4, 0xBD, 0x75, 0xD9, 0xCB, 0x0A, 0x90, 0x81, 0x08, 0x51, 0x72, 0xD6,
    0x78, 0x8E, 0xCC, 0x83, 0x53, 0x10, 0x3F, 0x12, 0x04, 0x10, 0xFC, 0x85, 0x2C, 0x8A, 0x00, 0x0F,
    0xFA, 0xC0, 0xFB, 0xC5, 0x5A, 0x70, 0x7D, 0xC1, 0xB5, 0x6B, 0x4A, 0xE0, 0x64, 0x12, 0x63, 0xD3,
    0xB4, 0xC4, 0xD8, 0xC3, 0x52, 0x72, 0x76, 0xE9, 0xF4, 0xF8, 0xC9, 0x63, 0x82, 0xA3, 0x15, 0xB3,
    0x74, 0xE3, 0xF8, 0xA9, 0x3B, 0x19, 0x3F, 0x69, 0x09, 0x63, 0x10, 0x0A, 0x83, 0x74, 0xCA, 0xA2,
    0x42, 0x8E, 0x49, 0x21, 0xB0, 0x14, 0x23, 0x80, 0xBB, 0x40, 0x77, 0x16, 0x44, 0x2D, 0x64, 0xF4,
    0x65, 0x37, 0x4D, 0x32, 0x2F, 0x4F, 0x25, 0x93, 0x47, 0x51, 0xDF, 0xBF, 0x38, 0xF0, 0xDA, 0x2B,
    0x97, 0x38, 0xB0, 0x35, 0x75, 0xA1, 0xC6, 0xB9, 0x5E, 0xFB, 0x46, 0x71, 0xD5, 0xDD, 0xC9, 0x10,
    0x1E, 0x41, 0xB6, 0x23, 0xC6, 0x81, 0x1A, 0xFF, 0xA9, 0xDD, 0x6C, 0x77, 0x29, 0xC9, 0x3B, 0xB0,
    0xCB, 0xCD, 0x81, 0x5D, 0xB6, 0xB3, 0xB2, 0x85, 0xD8, 0x9F, 0xEA, 0x5E, 0xDF, 0x9E, 0x5D, 0x1E,
    0x34, 0xE5, 0x82, 0x45, 0x2D, 0xAD, 0xD3, 0xDD, 0xF2, 0x44, 0x32, 0x85, 0xDC, 0x52, 0x5D, 0x0B,
    0x29, 0xD5, 0xB5, 0xDD, 0x52, 0x5D, 0x9B, 0x1E, 0x57, 0xD7, 0x36, 0xD9, 0xD5, 0xDE, 0x98, 0x6D,
    0xAC, 0xAE, 0xBD, 0x2A, 0xD5, 0xB5, 0xFF, 0xBC, 0xAB, 0xAE, 0x0D, 0x69, 0xFD, 0x50, 0x5D, 0x3B,
    0x53, 0xF9, 0xFB, 0xDC, 0x78, 0xA9, 0xAE, 0x0D, 0x09, 0xEC, 0x1F, 0xE1, 0x94, 0x87, 0xC0, 0x15,
    0x0C, 0xB7, 0x37, 0x09, 0x12, 0x53, 0x8B, 0x0B, 0x1E, 0x13, 0xB8, 0xEE, 0x18, 0x34, 0xCE, 0x26,
    0xBC, 0x8E, 0xA5, 0x90, 0x3E, 0x8C, 0x48, 0x0B, 0x34, 0x75, 0xCB, 0x03, 0xE5, 0xFC, 0xC3, 0x90,
    0x57, 0xFE, 0xE0, 0xF1, 0x9E, 0x8A, 0xA3, 0x3F, 0x81, 0xBC, 0x7C, 0xF9, 0x6F, 0x3B, 0x2A, 0x2F,
    0x1F, 0xFD, 0x62, 0x4B, 0xD5, 0x65, 0x0E, 0xC3, 0xA8, 0x7E, 0x76, 0x06, 0xB0, 0xF6, 0x92, 0xA9,
    0x62, 0x32, 0xF9, 0x68, 0x66, 0xB2, 0x61, 0xCA, 0xA7, 0xE3, 0x0C, 0x5D, 0x36, 0xAC, 0x98, 0x1A,
    0xAD, 0x46, 0x01, 0x77, 0x6B, 0x2E, 0xD4, 0x5A, 0xBC, 0x07, 0xB3, 0x68, 0xB9, 0x01, 0x0A, 0x4B,
    0xEB, 0xA3, 0x1C, 0xF6, 0xBE, 0x7E, 0x30, 0x2F, 0x5F, 0x3F, 0xB8, 0x16, 0x44, 0x7E, 0xE2, 0xEB,
    0x07, 0xDB, 0x20, 0x5C, 0xED, 0x6F, 0xFA, 0xF5, 0x03, 0x27, 0x8A, 0x85, 0xDB, 0x86, 0xFA, 0x1A,
    0x5F, 0x34, 0x62, 0x9E, 0xCA, 0xD5, 0x3D, 0xDD, 0x4B, 0xDA, 0x8C, 0x8F, 0xA4, 0x58, 0xAC, 0xEA,
    0x1D, 0xAA, 0x4B, 0xB6, 0x40, 0xAE, 0xDD, 0xC2, 0x58, 0x9C, 0x89, 0xC1, 0x78, 0x7F, 0x41, 0xE4,
    0x2C, 0x06, 0x8D, 0xF2, 0x7F, 0x84, 0x6A, 0x55, 0x81, 0x20, 0xB8, 0x6A, 0x40, 0x99, 0xAE, 0xCF,
    0x64, 0x08, 0xE7, 0xCB, 0x30, 0x71, 0xA6, 0xA6, 0x8B, 0xE7, 0xEE, 0x83, 0xFA, 0xA9, 0x7A, 0xDA,
    0x99, 0x76, 0xCA, 0x14, 0xA3, 0x32, 0xD0, 0xA6, 0xA0, 0xFC, 0xCF, 0x4A, 0xE7, 0x0A, 0x74, 0x89,
    0x10, 0x44, 0x91, 0x68, 0x62, 0xE8, 0x3F, 0xA2, 0xC3, 0xD6, 0x8E, 0xCE, 0xB4, 0xEA, 0xA3, 0x2F,
    0x66, 0xBA, 0xD6, 0x0B, 0x2B, 0xCB, 0x01, 0x5D, 0xA1, 0xE9, 0xF9, 0xAA, 0x95, 0x0E, 0xD1, 0x09,
    0x77, 0xD0, 0xFA, 0x57, 0x06, 0x0A, 0x7A, 0xB3, 0x97, 0x3B, 0x23, 0xDA, 0xE4, 0xCE, 0x22, 0x71,
    0xA7, 0xB1, 0xE0, 0xB3, 0xA1, 0x3B, 0xF4, 0xE5, 0x20, 0xBB, 0x20, 0xF9, 0xB5, 0xB1, 0x7E, 0x23,
    0x8C, 0x84, 0xEB, 0x4F, 0x22, 0xC7, 0x72, 0x39, 0x0F, 0x99, 0xFF, 0xE3, 0x63, 0x7C, 0x49, 0x3F,
    0x0F, 0x82, 0xAF, 0x83, 0xC0, 0x98, 0xAD, 0xBF, 0x0D, 0xE2, 0x0E, 0x3F, 0x7B, 0xB1, 0x6C, 0x07,
    0xFB, 0x1F, 0x65, 0x38, 0x44, 0x28, 0x78, 0x5A, 0x9A, 0xAC, 0xDB, 0x77, 0x17, 0xED, 0xC1, 0x02,
    0xFA, 0x56, 0x6C, 0x13, 0x5E, 0x19, 0x3D, 0x82, 0xA8, 0x5B, 0xB2, 0xCF, 0x82, 0xDE, 0x9E, 0x18,
    0xB7, 0x9E, 0x35, 0xD8, 0x77, 0xF5, 0x07, 0x4B, 0x01, 0x7B, 0xC5, 0xBD, 0xE6, 0x4F, 0x90, 0x56,
    0xD6, 0xF2, 0xF0, 0x91, 0x2E, 0xC1, 0x29, 0x88, 0x7E, 0x1A, 0xDA, 0xC7, 0x32, 0x48, 0x9A, 0x73,
    0xD0, 0xCB, 0x97, 0x63, 0x36, 0x81, 0x6D, 0x62, 0xB6, 0xC5, 0x88, 0x44, 0xA1, 0x69, 0x5C, 0x5B,
    0x09, 0x51, 0xC2, 0x8B, 0xBB, 0x99, 0x38, 0x20, 0x64, 0x33, 0x61, 0x1C, 0x09, 0x59, 0x49, 0x82,
    0x83, 0xCC, 0xB5, 0x89, 0xF5, 0xBE, 0xA6, 0xC5, 0x76, 0xC7, 0x21, 0xF1, 0xE2, 0xC9, 0x44, 0x46,
    0x11, 0xD2, 0x13, 0x94, 0x75, 0x03, 0x6D, 0x1E, 0x1B, 0x29, 0x7B, 0xB0, 0x27, 0x3D, 0xEE, 0x9B,
    0x4E, 0x74, 0xA1, 0xA8, 0x51, 0x44, 0x80, 0x15, 0x1B, 0x8F, 0xBB, 0xD7, 0x93, 0xF4, 0x2A, 0xBA,
    0xF4, 0xC1, 0x6C, 0x3F, 0xF7, 0x54, 0x73, 0x2C, 0x93, 0x5E, 0x79, 0xFD, 0xEF, 0x9D, 0xD0, 0xA5,
    0xDD, 0xF0, 0x7E, 0xF0, 0x28, 0x8B, 0x9F, 0x6C, 0xA9, 0xFC, 0x8B, 0x8E, 0x8A, 0x17, 0x34, 0xA4,
    0xC7, 0xFD, 0xFB, 0x90, 0xC7, 0x1B, 0x2A, 0x70, 0x45, 0x03, 0x84, 0xBD, 0xCC, 0xBC, 0xA4, 0xD9,
    0x0A, 0x61, 0x4A, 0xCC, 0x94, 0x44, 0x1F, 0x24, 0x95, 0x90, 0xA7, 0x0D, 0x0D, 0xB1, 0x85, 0xBE,
    0x62, 0x01, 0x44, 0xC1, 0x0B, 0x18, 0x5A, 0x27, 0x8B, 0x2B, 0x26, 0x42, 0x60, 0x69, 0x07, 0x0D,
    0x77, 0x18, 0x19, 0x5D, 0x55, 0xCB, 0x74, 0xA1, 0xCD, 0xF8, 0x9D, 0xA8, 0x4B, 0xB5, 0xE4, 0x77,
    0xBE, 0x84, 0x04, 0xEB, 0x25, 0x13, 0x21, 0x9D, 0x25, 0xA1, 0x22, 0xD7, 0xC1, 0xEF, 0xB8, 0x5A,
    0xA2, 0xD2, 0x3C, 0xFE, 0xD3, 0x08, 0x25, 0x95, 0xE8, 0x23, 0xE3, 0xB5, 0xD0, 0x56, 0x9E, 0xEC,
    0x97, 0x84, 0x31, 0x6A, 0x95, 0xE3, 0x20, 0x2C, 0xC9, 0x98, 0x13, 0x52, 0x7F, 0x6C, 0x7A, 0xD2,
    0x3F, 0x24, 0x62, 0xB9, 0x16, 0xED, 0x1C, 0xDF, 0x18, 0x4D, 0xDF, 0x9E, 0x40, 0xD3, 0x53, 0xA0,
    0xE9, 0x20, 0x92, 0x7B, 0x10, 0xE7, 0xD5, 0x86, 0x10, 0x2A, 0x88, 0x13, 0x10, 0xA2, 0x69, 0xB8,
    0x78, 0x36, 0xDF, 0x40, 0xB9, 0x10, 0x8D, 0x90, 0xBE, 0x86, 0xF7, 0xA6, 0x7E, 0xDA, 0xC3, 0xFB,
    0x7B, 0x74, 0x3A, 0x78, 0x69, 0x4E, 0xE7, 0x5F, 0x32, 0x52, 0xB9, 0xC8, 0x39, 0x1E, 0x7C, 0xEE,
    0xA3, 0x5E, 0x7F, 0xEE, 0x23, 0x5B, 0x3E, 0xF7, 0x51, 0x1D, 0xF2, 0x2F, 0x2F, 0xC6, 0xB5, 0xFC,
    0xB6, 0x45, 0xFD, 0x7D, 0x4E, 0x26, 0xD8, 0x50, 0x0D, 0xD4, 0x8E, 0xE5, 0xA5, 0x68, 0xA7, 0x73,
    0x32, 0x9F, 0x82, 0x2C, 0x51, 0xD9, 0xCB, 0xF1, 0x3C, 0x89, 0x36, 0xBF, 0xBF, 0x8E, 0x6B, 0x9F,
    0x44, 0x55, 0xDF, 0x75, 0x81, 0x68, 0x72, 0x61, 0x42, 0xCF, 0x53, 0x3C, 0xEE, 0x5E, 0xFD, 0x32,
    0x0F, 0x9A, 0x04, 0x26, 0xE8, 0xB9, 0x7C, 0x31, 0xDF, 0xF7, 0xED, 0xBB, 0x03, 0xC3, 0xC5, 0x74,
    0xF4, 0xC9, 0xA0, 0x8C, 0xA9, 0x3B, 0x28, 0xED, 0x8B, 0xE8, 0xA7, 0x8A, 0xEE, 0x49, 0xFF, 0xD8,
    0x58, 0xBC, 0x5B, 0x17, 0x45, 0x84, 0xC7, 0xE3, 0x07, 0x30, 0xC0, 0xF5, 0x0B, 0x02, 0x33, 0xE0,
    0xF7, 0x6E, 0x84, 0x37, 0x32, 0x08, 0x18, 0x89, 0x1F, 0xF2, 0xB8, 0x16, 0x2E, 0x68, 0xF6, 0x72,
    0xDB, 0x1A, 0x35, 0xB8, 0x25, 0x8A, 0x9E, 0x20, 0x7A, 0x88, 0x5A, 0xB2, 0x22, 0x0F, 0xE1, 0xBE,
    0x0F, 0x63, 0x7E, 0x7F, 0xA4, 0x3B, 0x9B, 0xEF, 0xAA, 0x61, 0x89, 0xEA, 0x2D, 0xF3, 0x3F, 0xD0,
    0x5B, 0x9E, 0xD9, 0x78, 0xD1, 0x81, 0x5E, 0xE5, 0x81, 0x27, 0xF6, 0x70, 0x6B, 0xCF, 0x6A, 0xD0,
    0x7A, 0xDF, 0xC9, 0x92, 0xDE, 0xB7, 0xF8, 0xD1, 0xB3, 0x7C, 0xC8, 0x08, 0x59, 0x4C, 0xD9, 0x68,
    0xC0, 0x72, 0x9F, 0x3F, 0x1D, 0x83, 0xA0, 0xC4, 0x5B, 0xDD, 0x0F, 0xF4, 0xB8, 0xEB, 0x3A, 0xE7,
    0x7B, 0xFA, 0x32, 0x5C, 0xAC, 0x32, 0x36, 0x51, 0x3D, 0x3A, 0x49, 0x4A, 0x3A, 0x24, 0x3A, 0x9D,
    0x7E, 0x1D, 0x34, 0xAF, 0xCF, 0xD5, 0x4E, 0xF1, 0x1A, 0x27, 0x6A, 0xD4, 0xE2, 0xC2, 0x15, 0x62,
    0x3C, 0xBE, 0x96, 0xDA, 0xD2, 0xFA, 0x38, 0xD3, 0xAF, 0xBC, 0xC0, 0xAE, 0xE9, 0xFC, 0xD3, 0xDB,
    0x3E, 0x9F, 0x96, 0xE3, 0x3E, 0x15, 0x50, 0xDF, 0x35, 0xCB, 0xEB, 0xBF, 0xF0, 0x30, 0xB6, 0xF1,
    0xA1, 0x9C, 0x5E, 0x4A, 0x6A, 0xDA, 0x3B, 0x64, 0x7F, 0x71, 0xBB, 0xA0, 0xA1, 0x0B, 0x15, 0x0D,
    0xF8, 0x20, 0xC7, 0x4A, 0x80, 0xEE, 0x3E, 0x22, 0x6B, 0xF3, 0xAF, 0xDE, 0x0C, 0x59, 0xB3, 0x72,
    0x5E, 0x1D, 0x84, 0x20, 0xE0, 0x83, 0xE6, 0x34, 0x61, 0xD6, 0x10, 0x42, 0xC3, 0x11, 0x3D, 0xEA,
    0x76, 0xA8, 0xB9, 0x06, 0x18, 0x41, 0x14, 0x10, 0x95, 0x8F, 0x85, 0x57, 0xC9, 0x6C, 0x5F, 0x87,
    0xCA, 0x3B, 0x3C, 0x6C, 0x50, 0xA4, 0xDA, 0xD2, 0x6B, 0xD6, 0x65, 0x4D, 0x00, 0xE2, 0x01, 0xA2,
    0xD3, 0x1D, 0x05, 0x3B, 0xD3, 0x89, 0x0F, 0x57, 0xD5, 0x94, 0xCB, 0xD8, 0xAE, 0xCA, 0xD8, 0x7A,
    0xE5, 0x21, 0x40, 0xD4, 0x49, 0x10, 0x3A, 0x65, 0x64, 0x2E, 0x77, 0x44, 0xA0, 0x6C, 0x27, 0x73,
    0x3E, 0x20, 0x13, 0x0C, 0x43, 0x87, 0x44, 0x5F, 0x0F, 0xF3, 0xDE, 0x24, 0xF3, 0x9E, 0xF6, 0x3F,
    0x39, 0xE2, 0x8C, 0x7E, 0xD1, 0xBE, 0x86, 0xE3, 0x30, 0x68, 0x96, 0x17, 0x42, 0x1D, 0x75, 0x62,
    0x47, 0xD0, 0x7E, 0x4B, 0x28, 0x0B, 0xA7, 0xAA, 0x2D, 0x3B, 0x7A, 0x1F, 0xC5, 0xD9, 0x01, 0xA4,
    0x35, 0x67, 0x7A, 0x07, 0xF0, 0xDF, 0x9C, 0xE1, 0x3B, 0xEC, 0xD0, 0x01, 0x55, 0xDD, 0xD5, 0x9C,
    0x02, 0xB4, 0x9A, 0x0C, 0xC0, 0xE2, 0x4B, 0x66, 0x6A, 0xB1, 0x08, 0x36, 0x00, 0x40, 0x8B, 0x82,
    0x42, 0xA0, 0xD8, 0x92, 0xDC, 0x99, 0xEE, 0x16, 0x00, 0x05, 0x60, 0xA1, 0x28, 0x0A, 0xA5, 0x48,
    0x2B, 0xB8, 0xF7, 0x9B, 0xD1, 0xAA, 0x00, 0x4C, 0x15, 0x8B, 0xA2, 0x13, 0x52, 0x2D, 0x8B, 0x8C,
    0x3A, 0x5B, 0x53, 0x3B, 0x73, 0xDE, 0xDE, 0x77, 0x5E, 0x7B, 0x88, 0x4F, 0x1A, 0xDD, 0x7B, 0xBF,
    0x7B, 0x9D, 0x33, 0x7F, 0x37, 0x27, 0xCE, 0xDC, 0xE7, 0xF7, 0x3E, 0xE3, 0x79, 0xB8, 0x1F, 0xA7,
    0x33, 0xEA, 0x05, 0x6D, 0x8C, 0xCB, 0x4A, 0xB6, 0xAD, 0xE4, 0xFF, 0xB3, 0x52, 0xCC, 0x2B, 0xE5,
    0xB4, 0x52, 0x0D, 0x1B, 0x75, 0xB7, 0xD1, 0x37, 0x1B, 0x21, 0x5C, 0x1C, 0x62, 0xE4, 0x21, 0x04,
    0xC5, 0xAC, 0x57, 0x4E, 0x7A, 0xD5, 0xA0, 0x57, 0x77, 0x5A, 0x40, 0x31, 0xE2, 0x34, 0xA5, 0xA0,
    0x1C, 0xD0, 0xBF, 0x3F, 0xE6, 0xE1, 0xDF, 0x86, 0x32, 0x84, 0xA1, 0x9A, 0x43, 0x57, 0x0F, 0x6D,
    0x77, 0xFF, 0x6A, 0x7A, 0xAD, 0xA0, 0x17, 0x5C, 0x84, 0xC3, 0x26, 0x7C, 0x7F, 0xD3, 0x87, 0x55,
    0x7D, 0x59, 0x15, 0x9F, 0x2F, 0x20, 0x9F, 0x28, 0xCE, 0x94, 0x33, 0xC7, 0x09, 0x8E, 0x4B, 0x8C,
    0x0B, 0xD4, 0x70, 0x83, 0x7C, 0x89, 0x31, 0x02, 0x6F, 0x58, 0x58, 0x2C, 0x94, 0x1B, 0x3E, 0xC6,
    0x2D, 0xF9, 0x99, 0xE3, 0x80, 0x87, 0x41, 0x5F, 0x74, 0x70, 0x6A, 0x38, 0xAE, 0xEF, 0xA2, 0xBC,
    0x7C, 0x80, 0xBA, 0x82, 0xA5, 0xEC, 0x70, 0xB5, 0x25, 0x5C, 0xD2, 0x25, 0x5E, 0xF2, 0x25, 0x60,
    0x12, 0x26, 0x62, 0x32, 0x26, 0x64, 0x52, 0x26, 0x66, 0x72, 0x26, 0x68, 0x92, 0x26, 0x6A, 0xB2,
    0xBA, 0x62, 0xBF, 0xD5, 0xA0, 0x8E, 0xE6, 0x5B, 0xAA, 0xF5, 0x03, 0x6E, 0xDE, 0x23, 0x3B, 0x97,
    0x5C, 0xC1, 0xA2, 0x58, 0x24, 0x8B, 0x66, 0x11, 0x2D, 0xAA, 0x45, 0xF6, 0xEE, 0xDE, 0xE1, 0xBB,
    0x7C, 0xA7, 0xEF, 0xF6, 0x1D, 0x9F, 0xF4, 0xBB, 0xDA, 0xF1, 0xB3, 0x95, 0xEC, 0x0F, 0x2E, 0x49,
    0x9D, 0xD0, 0x6F, 0xB6, 0x9D, 0x15, 0xCA, 0xF7, 0x17, 0xD9, 0x87, 0x6B, 0x84, 0x45, 0xD7, 0x83,
    0xDB, 0x78, 0x07, 0x1F, 0xC2, 0x5B, 0x1C, 0xD7, 0x4F, 0x39, 0x6D, 0x1F, 0x5C, 0x45, 0xCD, 0x1B,
    0x16, 0x61, 0xC5, 0xDF, 0xE0, 0x6D, 0xE5, 0x72, 0x56, 0xAD, 0x8D, 0x57, 0x51, 0x76, 0x7A, 0xA0,
    0xAC, 0xF8, 0xE7, 0x91, 0x3A, 0x0C, 0x7C, 0xB7, 0x45, 0xB1, 0xA2, 0x7A, 0x85, 0xE5, 0x94, 0x50,
    0x6F, 0x5A, 0x76, 0xFA, 0xD1, 0xA0, 0x0E, 0x9D, 0xBF, 0xBD, 0xA1, 0x5C, 0xA8, 0xEF, 0x64, 0x4B,
    0x05, 0x0F, 0x94, 0x1D, 0x37, 0x9C, 0x02, 0xDA, 0xAA, 0x93, 0x2D, 0xC5, 0x00, 0x9E, 0x63, 0x4E,
    0x96, 0x2B, 0xD5, 0x85, 0x57, 0xB5, 0xFC, 0x5C, 0x0E, 0x3C, 0xF6, 0xEC, 0xF4, 0x9B, 0xF0, 0x2E,
    0x7E, 0xFB, 0xE7, 0x1D, 0xEF, 0xFE, 0x64, 0xA0, 0x0E, 0x28, 0x16, 0x4F, 0xD2, 0x45, 0xBF, 0x83,
    0x5B, 0xB2, 0x89, 0xBF, 0x7B, 0xBF, 0xD3, 0x06, 0x4E, 0xCB, 0x37, 0x77, 0xB1, 0xF9, 0x26, 0xED,
    0x8B, 0x06, 0xF9, 0x18, 0x65, 0x9F, 0x77, 0xBC, 0xFC, 0x4E, 0x92, 0x51, 0x3E, 0x91, 0x2C, 0x16,
    0x70, 0x1C, 0xC8, 0x07, 0x3E, 0xF9, 0x49, 0x92, 0x55, 0x8F, 0x21, 0xCB, 0xCE, 0xF0, 0x11, 0x7C,
    0x8A, 0x3F, 0xFD, 0xE9, 0x2E, 0x6B, 0x9E, 0x4E, 0x76, 0x98, 0xC9, 0x3E, 0xC1, 0xCC, 0xDF, 0xFF,
    0xEB, 0x23, 0xCA, 0x8A, 0x71, 0xA2, 0xDA, 0x67, 0x4A, 0xD5, 0x00, 0x7E, 0x98, 0xEF, 0xBC, 0x8E,
    0x72, 0x7B, 0x1A, 0x5E, 0xB9, 0x0F, 0x96, 0xC1, 0x9F, 0xDC, 0x70, 0x3E, 0x0E, 0xDA, 0xD0, 0x38,
    0x6D, 0x8F, 0x30, 0x58, 0xFE, 0x28, 0xEB, 0xF8, 0xA8, 0x48, 0x1E, 0xAA, 0x0B, 0xB2, 0xBF, 0xF0,
    0x6C, 0xD3, 0x05, 0xE2, 0x74, 0xEB, 0x43, 0xA7, 0x0E, 0x7C, 0x67, 0xF1, 0xE8, 0x13, 0xA6, 0x0F,
    0x67, 0x21, 0xCC, 0xF1, 0xCA, 0x36, 0x0E, 0x6B, 0xBA, 0xF2, 0x78, 0x85, 0xD0, 0x1C, 0x63, 0xD1,
    0x21, 0x28, 0x67, 0xE9, 0x9A, 0x38, 0x8D, 0x51, 0x49, 0x1D, 0xD6, 0xEB, 0x85, 0x34, 0x26, 0x2E,
    0x64, 0x1B, 0x16, 0x7C, 0x78, 0x76, 0x08, 0x9B, 0x32, 0x04, 0xD5, 0xB9, 0x6D, 0xEE, 0xEB, 0x6C,
    0xDA, 0xDF, 0x0F, 0xFA, 0x70, 0x11, 0xC2, 0x22, 0x84, 0x4E, 0x40, 0xDF, 0xFC, 0xA1, 0x36, 0x9C,
    0x55, 0x61, 0xF6, 0x22, 0x74, 0x20, 0x9F, 0x53, 0x9D, 0xF1, 0xDA, 0xEB, 0x74, 0x21, 0x0B, 0x03,
    0xE5, 0xC0, 0xA9, 0xE3, 0x82, 0x4F, 0xF0, 0xC8, 0x86, 0xF2, 0x4C, 0xB9, 0xE2, 0x0E, 0x2B, 0xC7,
    0x58, 0xC8, 0x80, 0x07, 0x78, 0x0E, 0xD3, 0xEF, 0x29, 0x2F, 0xB7, 0xAA, 0x70, 0xF6, 0xB2, 0x18,
    0x1F, 0xB5, 0xE6, 0x77, 0x0E, 0x83, 0xF0, 0xB3, 0xE1, 0x10, 0x42, 0x93, 0x0F, 0x77, 0x0F, 0xAB,
    0x93, 0xEC, 0x2F, 0x91, 0x4F, 0x84, 0x1F, 0x74, 0xF2, 0xF0, 0x4F, 0x94, 0x3F, 0x1D, 0xA9, 0x0E,
    0x33, 0xD7, 0xB2, 0x63, 0xCD, 0x29, 0xB2, 0x4D, 0x2A, 0x3B, 0x45, 0xBE, 0x4A, 0xD5, 0x8B, 0xE5,
    0xC7, 0xFA, 0x53, 0xF1, 0x52, 0x4C, 0x92, 0x21, 0x22, 0x92, 0xC2, 0x35, 0xE0, 0xDB, 0x0D, 0x6A,
    0xCA, 0xF3, 0x42, 0xBD, 0x7E, 0xC0, 0xDD, 0xC7, 0x1C, 0xE6, 0x13, 0x57, 0xD7, 0x0E, 0xDB, 0x65,
    0x3B, 0x4D, 0xB4, 0x89, 0xB8, 0x5D, 0xB7, 0xF3, 0x76, 0x9F, 0x40, 0x12, 0xEE, 0xC4, 0xDD, 0x98,
    0x90, 0x51, 0x97, 0xCD, 0xA1, 0xF1, 0x1B, 0x61, 0x88, 0xBA, 0x88, 0x7B, 0xCC, 0x8E, 0xD4, 0x28,
    0xCB, 0xB3, 0xAC, 0x5D, 0x23, 0x20, 0xD6, 0xFF, 0xD0, 0xAE, 0x9C, 0x1A, 0xC4, 0xFD, 0x28, 0x1F,
    0x08, 0x6F, 0x91, 0x87, 0x3F, 0xA7, 0xFC, 0x6C, 0xA0, 0x7E, 0x8A, 0xD6, 0x64, 0x0B, 0x6E, 0xF1,
    0x52, 0x79, 0x9E, 0xD5, 0x6B, 0x63, 0x8B, 0xB2, 0xEA, 0x61, 0xB2, 0xC3, 0xF9, 0xBB, 0x8A, 0x70,
    0x56, 0x16, 0xA3, 0x2C, 0x96, 0xF6, 0xE5, 0xA0, 0xFA, 0xDE, 0x04, 0x8F, 0xD9, 0x11, 0xD5, 0x8F,
    0x3B, 0x6D, 0x68, 0xCC, 0x77, 0x9C, 0xCE, 0xB4, 0xAB, 0xC3, 0xF9, 0x3D, 0x78, 0x58, 0xFD, 0x59,
    0xE8, 0xE4, 0xFB, 0x53, 0x34, 0xA9, 0xB3, 0x33, 0x6F, 0x78, 0x9E, 0x96, 0x2B, 0xF5, 0xC6, 0x56,
    0xCB, 0xE7, 0x53, 0xC7, 0x23, 0xCF, 0xD8, 0x62, 0x51, 0x6C, 0xDC, 0x70, 0x27, 0x3F, 0xCB, 0x07,
    0x08, 0x21, 0x0B, 0x17, 0xFD, 0xA2, 0x1A, 0xD4, 0xC3, 0xBE, 0xB2, 0x9A, 0xF8, 0xEE, 0x09, 0x5C,
    0x64, 0x5B, 0x04, 0x1E, 0xD6, 0x48, 0xAC, 0x42, 0x3C, 0xE7, 0x3E, 0x34, 0x02, 0xF1, 0x60, 0x06,
    0xA7, 0xC1, 0x2B, 0x3E, 0x81, 0x7C, 0xDD, 0xDF, 0x8B, 0xE3, 0x59, 0x31, 0x2B, 0xE7, 0xA8, 0x2F,
    0xA7, 0xE8, 0xBF, 0xDE, 0xBB, 0x8E, 0xF7, 0xFE, 0x55, 0x7F, 0x29, 0xC5, 0xE8, 0x34, 0xC5, 0x77,
    0xDA, 0x12, 0xFB, 0x77, 0x07, 0x55, 0x03, 0xE1, 0x2B, 0xDF, 0xDD, 0x2B, 0x79, 0xAD, 0x98, 0x31,
    0x16, 0x83, 0x8A, 0x76, 0xFF, 0x9D, 0xEF, 0x91, 0xCE, 0xAB, 0x0E, 0x67, 0x59, 0x08, 0x9B, 0xFC,
    0x72, 0x08, 0xCA, 0x45, 0x70, 0x9A, 0xF5, 0x4D, 0x35, 0x8A, 0xA7, 0x7E, 0x1F, 0x6D, 0xA7, 0x6F,
    0x62, 0x8D, 0x4D, 0x1F, 0xFD, 0x7D, 0x93, 0x5D, 0xB4, 0x4D, 0xBE, 0xA9, 0x87, 0x62, 0x55, 0x4F,
    0xD5, 0xEC, 0x14, 0xC2, 0xE8, 0x18, 0x42, 0x43, 0xFF, 0x05, 0x40, 0x0D, 0x7D, 0x43, 0x8A, 0x1B,
    0x68, 0x27, 0x79, 0x58, 0x53, 0x57, 0xA7, 0x3E, 0x75, 0xB5, 0xA9, 0xBB, 0x5E, 0xDB, 0x84, 0xFD,
    0xEA, 0x05, 0x41, 0xFF, 0xBD, 0x4D, 0x1B, 0x16, 0x55, 0x98, 0xBC, 0xB8, 0x34, 0xE0, 0x30, 0x73,
    0x5C, 0x52, 0x57, 0xF3, 0x09, 0x40, 0x3D, 0xA2, 0x9D, 0xA5, 0xB6, 0xA7, 0x7E, 0x57, 0x1D, 0xBB,
    0x90, 0x37, 0xCE, 0xBC, 0xEE, 0xD5, 0x5B, 0xAE, 0x7B, 0xB5, 0xE3, 0x81, 0xDA, 0x95, 0xFA, 0x1F,
    0x27, 0xC2, 0xBF, 0x37, 0xF2, 0xFF, 0x9E, 0x29, 0x87, 0x4F, 0xE1, 0x09, 0x50, 0xDF, 0xB8, 0xAF,
    0xA2, 0x6B, 0x87, 0xED, 0xB2, 0x9D, 0x26, 0xDA, 0x44, 0x9C, 0xA8, 0x13, 0x52, 0xF4, 0x76, 0xE0,
    0x2E, 0xDC, 0x89, 0xBB, 0x31, 0x21, 0x2D, 0xF0, 0x51, 0x3D, 0xF0, 0xEB, 0x61, 0x22, 0xFF, 0xAF,
    0xA7, 0x53, 0x7E, 0xCD, 0x32, 0x7B, 0x50, 0xCB, 0xB2, 0x98, 0xC5, 0x0C, 0x33, 0xED, 0x67, 0x23,
    0xE1, 0x73, 0x12, 0xAB, 0x7B, 0x0A, 0xD6, 0x6B, 0x1B, 0xED, 0x1C, 0x37, 0x5A, 0xE2, 0x55, 0x0F,
    0xE4, 0xDD, 0xFD, 0x1A, 0x87, 0xB0, 0x92, 0xFF, 0xE8, 0x8C, 0x76, 0xE0, 0xF0, 0x8B, 0x99, 0x62,
    0x5C, 0x9E, 0x46, 0x56, 0xFD, 0x78, 0xB8, 0xEE, 0xBA, 0xF2, 0x97, 0xBB, 0xAE, 0x82, 0x07, 0xCA,
    0xDA, 0x89, 0x2C, 0xCC, 0x1C, 0x7F, 0xBE, 0x70, 0xEA, 0xEE, 0x00, 0x3C, 0xCF, 0x88, 0x7C, 0x7D,
    0x19, 0x3E, 0xF2, 0xD8, 0x3C, 0xFC, 0x15, 0xE9, 0xBF, 0x39, 0x8D, 0x50, 0x37, 0xF0, 0x15, 0xB8,
    0x7A, 0x88, 0xF8, 0xB6, 0x51, 0x87, 0x25, 0x44, 0x7E, 0x58, 0x77, 0xFF, 0xAC, 0x58, 0x84, 0xC6,
    0x69, 0xD6, 0x36, 0xF6, 0x23, 0x50, 0x0F, 0x7B, 0x5E, 0x97, 0x99, 0x98, 0x21, 0x66, 0x76, 0x91,
    0x0E, 0x22, 0x9D, 0x44, 0x3A, 0x8A, 0x74, 0x16, 0xF1, 0x30, 0xB8, 0x9E, 0xC6, 0x1F, 0x37, 0x08,
    0xC8, 0x57, 0x14, 0x13, 0xBE, 0xD5, 0x54, 0x03, 0xFB, 0xDD, 0xA7, 0xBA, 0xC9, 0xC3, 0x76, 0x51,
    0x86, 0xC8, 0x9B, 0xFA, 0xEE, 0x57, 0x19, 0x38, 0x87, 0x15, 0x6C, 0xA0, 0x05, 0xA7, 0xE6, 0x19,
    0xCD, 0x6D, 0x87, 0x9D, 0x58, 0x8E, 0xC8, 0xA7, 0x6F, 0x5F, 0x3F, 0x88, 0xF7, 0x9D, 0x5A, 0xF7,
    0xE6, 0x2D, 0x9A, 0xE7, 0xAB, 0xB9, 0xFB, 0x1A, 0xF3, 0x25, 0x9A, 0xD7, 0xD7, 0xCC, 0x57, 0xD9,
    0xB8, 0xE7, 0x0C, 0xF9, 0x9E, 0xC7, 0x3D, 0xAB, 0x0E, 0xDE, 0x79, 0xD6, 0xCE, 0x43, 0x79, 0x8E,
    0xB1, 0xC2, 0x2D, 0xAC, 0xA9, 0x42, 0x8A, 0xEE, 0xF4, 0xD5, 0x67, 0x20, 0x3C, 0xF0, 0x19, 0xF8,
    0xE2, 0xB7, 0x50, 0x84, 0x3B, 0x94, 0xFD, 0x8A, 0xB7, 0x8E, 0xD3, 0x33, 0xEA, 0xDF, 0x39, 0x8C,
    0x84, 0x9F, 0x0D, 0xB2, 0x5F, 0x84, 0x4E, 0x3E, 0xBC, 0x7A, 0xC4, 0x47, 0xFE, 0xF9, 0xDA, 0xA9,
    0x02, 0x6D, 0x77, 0x9D, 0x6F, 0xDE, 0x03, 0x3C, 0xBA, 0x4F, 0xB6, 0x20, 0x5F, 0x53, 0x70, 0x38,
    0xEF, 0x3F, 0xC5, 0x6A, 0x57, 0xBD, 0xE3, 0x22, 0x38, 0x9E, 0x05, 0xC5, 0xEC, 0xA2, 0x9C, 0xB3,
    0x4D, 0x39, 0x1D, 0x56, 0xA7, 0x31, 0x5F, 0x55, 0x63, 0xBE, 0xA8, 0x87, 0xE3, 0x39, 0xB2, 0xEE,
    0xA3, 0x2B, 0x66, 0x6D, 0x57, 0xC6, 0xA8, 0x46, 0xF5, 0xD8, 0x0E, 0xAA, 0x10, 0x1A, 0x65, 0xD8,
    0xC8, 0xC2, 0x04, 0x70, 0x8B, 0xEC, 0x82, 0xC3, 0x06, 0x0B, 0xCA, 0xB9, 0x9C, 0xCA, 0xE9, 0x34,
    0x9E, 0xC6, 0x6A, 0x48, 0xAF, 0xBA, 0x4B, 0xAF, 0x38, 0xAC, 0x7B, 0x7D, 0xB4, 0x1C, 0x2E, 0xFA,
    0xEF, 0x5F, 0xB4, 0x61, 0x53, 0xAF, 0xAB, 0x72, 0x5A, 0xBF, 0xEE, 0xEF, 0xE3, 0xD0, 0x77, 0x31,
    0x26, 0xE9, 0x43, 0xC5, 0x88, 0xBA, 0xC1, 0x4B, 0x78, 0xF3, 0xCC, 0x62, 0xA1, 0xB8, 0xE0, 0x06,
    0x77, 0xE4, 0x67, 0xF2, 0x81, 0x07, 0x69, 0xD3, 0xFA, 0x89, 0xD2, 0xAF, 0xAE, 0x9F, 0x0D, 0x40,
    0xFA, 0xFF, 0xD1, 0xF6, 0x83, 0x29, 0x5F, 0xF4, 0xD5, 0x10, 0x33, 0x74, 0x91, 0x77, 0x89, 0xBE,
    0xF0, 0x45, 0x02, 0x26, 0x61, 0x22, 0xAA, 0x86, 0x94, 0xF9, 0x22, 0x51, 0x13, 0x53, 0xDB, 0x94,
    0x73, 0xFC, 0xF9, 0x34, 0x4A, 0xD2, 0x44, 0x4D, 0x56, 0x59, 0x18, 0xC1, 0xEF, 0x36, 0x08, 0x38,
    0x5C, 0x47, 0xCF, 0x8B, 0xE6, 0xB0, 0x21, 0x5F, 0xEF, 0xAD, 0xFF, 0x71, 0xBE, 0xC7, 0x86, 0x7B,
    0x6F, 0x15, 0xBA, 0x7B, 0xEC, 0x7F, 0xBA, 0xF7, 0x0E, 0x22, 0x57, 0x14, 0x8B, 0xE4, 0xDD, 0xBC,
    0xA3, 0x77, 0xB5, 0x3E, 0x6C, 0x76, 0x77, 0x82, 0xCB, 0x63, 0xC8, 0x92, 0xF3, 0x06, 0x54, 0xCF,
    0x69, 0xAE, 0xAF, 0x9B, 0xE7, 0x38, 0xE1, 0x30, 0xFB, 0xEB, 0xDD, 0x7F, 0x35, 0xCF, 0xD1, 0x3C,
    0x46, 0xB3, 0x7B, 0xF3, 0x28, 0xF6, 0x38, 0x9A, 0x9B, 0xAF, 0x31, 0x6F, 0xAF, 0x9B, 0xAF, 0x0F,
    0xF2, 0x9E, 0x13, 0x1C, 0xF7, 0x2C, 0x52, 0x09, 0x1D, 0xBC, 0x7C, 0xD6, 0xCE, 0x43, 0xB1, 0xC4,
    0xB8, 0x5C, 0x1B, 0x73, 0x87, 0xFC, 0x1C, 0x63, 0x78, 0xDC, 0x67, 0xE0, 0x30, 0xBD, 0x8D, 0xF2,
    0x72, 0x8B, 0x53, 0xBF, 0xE0, 0xED, 0x62, 0x7A, 0x46, 0xFD, 0x3B, 0xD9, 0x48, 0xFF, 0xCB, 0xF5,
    0x73, 0x18, 0x5F, 0x3D, 0x22, 0xF7, 0xF9, 0xDA, 0xE9, 0x0E, 0x04, 0xC8, 0x2E, 0xE0, 0x16, 0xF0,
    0xE8, 0xBE, 0xEB, 0xBE, 0xE1, 0xB8, 0x20, 0x9F, 0xA1, 0x6F, 0x62, 0xA5, 0x94, 0x03, 0xF9, 0x08,
    0x7A, 0xE5, 0xDC, 0x36, 0xD5, 0x58, 0x77, 0x6D, 0x57, 0x0F, 0x41, 0xF5, 0x0F, 0x9B, 0xD3, 0xBF,
    0x2C, 0xCA, 0x2F, 0x67, 0x65, 0x18, 0x15, 0xA1, 0x73, 0x0C, 0xE4, 0x5B, 0xBA, 0x5D, 0xE4, 0x47,
    0x7C, 0x71, 0xFD, 0x8B, 0x5A, 0xBA, 0xE4, 0x0B, 0x0E, 0x2B, 0x6C, 0x50, 0x43, 0xFA, 0x28, 0xDC,
    0x47, 0xB6, 0xC9, 0xD6, 0x7C, 0x65, 0x8D, 0xDF, 0xDE, 0xCA, 0x99, 0xED, 0x34, 0x72, 0xA9, 0x07,
    0x5E, 0xB5, 0x0D, 0xAF, 0x7A, 0xDC, 0x6C, 0x22, 0x25, 0xC6, 0x39, 0xC6, 0x14, 0x63, 0x90, 0xCA,
    0xD6, 0x23, 0xAA, 0xF5, 0x6B, 0x8C, 0x39, 0x91, 0x1E, 0x11, 0x81, 0x53, 0x43, 0x3D, 0xA4, 0xAB,
    0xFA, 0xFF, 0xD4, 0x7F, 0xD3, 0xA3, 0xFD, 0x3F, 0xEB, 0x0F, 0x55, 0xE3, 0x70, 0x69, 0x3B, 0xFD,
    0x1A, 0x63, 0xAE, 0x53, 0xFD, 0x54, 0x53, 0xFA, 0xC2, 0x61, 0xE1, 0x30, 0x53, 0x8E, 0x94, 0x78,
    0x54, 0x5B, 0x68, 0x10, 0x06, 0x14, 0x31, 0xCA, 0x18, 0x37, 0xF0, 0xC3, 0x27, 0x6C, 0x95, 0x8F,
    0xF3, 0x2E, 0x0B, 0x5F, 0x76, 0x79, 0x08, 0x8E, 0x7F, 0xB6, 0x3E, 0x2E, 0x31, 0xFE, 0xCB, 0x4F,
    0x1A, 0x63, 0x55, 0x38, 0xF3, 0xB2, 0x18, 0x9F, 0x0E, 0xF6, 0xBF, 0xAD, 0x96, 0x3F, 0x8C, 0x24,
    0x47, 0xF5, 0xC7, 0x3F, 0xDD, 0xF5, 0xFB, 0xB9, 0x8D, 0x5B, 0xBA, 0xDA, 0xD4, 0xB2, 0xB9, 0x4E,
    0x4F, 0x04, 0x2E, 0x07, 0x04, 0x87, 0x74, 0xDE, 0x2A, 0x6E, 0x91, 0x2C, 0xE4, 0xE0, 0xF2, 0xC8,
    0x09, 0x09, 0x22, 0x38, 0x87, 0x17, 0xB0, 0xD3, 0x0D, 0x17, 0x3A, 0xE0, 0xF2, 0x84, 0x93, 0x48,
    0x2C, 0x39, 0x80, 0xC0, 0x81, 0x83, 0x9D, 0xED, 0xC2, 0x1B, 0x38, 0x20, 0xA0, 0x2D, 0x67, 0x08,
    0x89, 0x06, 0x83, 0x90, 0x9C, 0x5C, 0x01, 0x8D, 0xDC, 0x40, 0xF5, 0x3C, 0xAA, 0x6E, 0x66, 0x34,
    0x77, 0x6B, 0xCE, 0x7B, 0x81, 0xDF, 0xAB, 0xEF, 0xAB, 0xEA, 0xF7, 0xF7, 0xDB, 0xAD, 0xED, 0xDE,
    0x01, 0xE5, 0x18, 0xFA, 0xF0, 0x70, 0xF8, 0x85, 0x7B, 0xC8, 0x57, 0x29, 0x40, 0xC5, 0xAB, 0xD8,
    0xF9, 0xD5, 0x1B, 0xD5, 0x0D, 0xBE, 0x5A, 0x8F, 0xC0, 0x2E, 0x6D, 0x6C, 0xE3, 0x61, 0x07, 0x23,
    0xE2, 0xED, 0x0E, 0x80, 0x95, 0xC5, 0x4A, 0x6C, 0x25, 0x02, 0xE4, 0xCB, 0x24, 0x4B, 0xB6, 0xD9,
    0x99, 0xE4, 0x99, 0xFE, 0x33, 0x35, 0x7C, 0x5D, 0xCB, 0xC8, 0x62, 0x24, 0x02, 0xAD, 0xCC, 0x69,
    0x95, 0xA1, 0x0A, 0x7A, 0x68, 0xBC, 0xED, 0x5A, 0xEA, 0xA0, 0xC7, 0xC6, 0x9B, 0xCE, 0xB2, 0x46,
    0xCD, 0xC9, 0x3F, 0x6A, 0x6F, 0x9C, 0x65, 0xAF, 0x86, 0x86, 0x32, 0xAC, 0xAA, 0x31, 0xEA, 0x4F,
    0x62, 0x73, 0x31, 0xD9, 0x77, 0x43, 0xAB, 0xC7, 0x3A, 0x6C, 0xF4, 0x1F, 0xD3, 0xE5, 0x6C, 0xEE,
    0x07, 0x5B, 0x0F, 0xA7, 0xDA, 0xAB, 0xB9, 0xA7, 0x0A, 0x1B, 0x92, 0x1B, 0xFD, 0xD1, 0x84, 0x39,
    0x09, 0xA4, 0x08, 0xAD, 0x1E, 0x6C, 0x5A, 0x75, 0x5E, 0xA6, 0x1A, 0x9B, 0x93, 0x11, 0xEB, 0xB0,
    0x70, 0x0C, 0x6F, 0xC0, 0x8F, 0xB1, 0x99, 0xD2, 0xF4, 0xC3, 0x7F, 0x3D, 0x24, 0x50, 0x04, 0xCA,
    0x80, 0x1A, 0xA9, 0x46, 0x52, 0xAD, 0xF6, 0x79, 0x35, 0x1E, 0xD3, 0x61, 0x3B, 0x50, 0x73, 0x42,
    0xD8, 0x61, 0xA0, 0x7C, 0xFF, 0xF3, 0x4E, 0x89, 0xF8, 0x4A, 0xA4, 0x43, 0x77, 0xD0, 0x24, 0x98,
    0x0C, 0xC8, 0x30, 0xB2, 0x60, 0x25, 0xF2, 0xAD, 0xF5, 0x7B, 0x70, 0x06, 0x44, 0x28, 0x12, 0xCA,
    0x19, 0xEA, 0x60, 0xA2, 0xDD, 0xB4, 0x49, 0xED, 0xC6, 0xC4, 0x3A, 0xC0, 0x8B, 0x34, 0x34, 0xDE,
    0x04, 0x1B, 0xED, 0xD2, 0x0E, 0xE7, 0x3C, 0x04, 0xB4, 0xB7, 0x83, 0xF5, 0xC6, 0x19, 0xD6, 0xFD,
    0x4F, 0x44, 0x6E, 0x6F, 0x56, 0x44, 0x43, 0xAC, 0xC6, 0xFE, 0xFE, 0xA2, 0x27, 0x39, 0x59, 0x74,
    0x58, 0x15, 0x73, 0x3D, 0x34, 0xDD, 0x36, 0xAF, 0x9F, 0x1E, 0x72, 0x95, 0x1E, 0xD1, 0xCE, 0xDC,
    0xB8, 0x52, 0x8F, 0x24, 0xEC, 0xF5, 0x25, 0xBE, 0x4A, 0xFF, 0x1F, 0x09, 0x9E, 0xAC, 0xCF, 0x93,
    0xC9, 0xEB, 0x59, 0xAF, 0xCE, 0x2C, 0x17, 0xAA, 0x11, 0xA8, 0xC5, 0x69, 0x0F, 0x34, 0xE2, 0x0D,
    0x80, 0xFD, 0x99, 0x3F, 0x05, 0x68, 0xB5, 0x9F, 0x01, 0x56, 0xFA, 0x22, 0x00, 0xAC, 0x9B, 0x77,
    0x3D, 0xC0, 0xB9, 0x7D, 0xFB, 0xCE, 0x58, 0xCE, 0xB4, 0x72, 0xDC, 0xC6, 0x46, 0xB0, 0x31, 0x6E,
    0x16, 0xDB, 0x3B, 0xFD, 0xA7, 0x7F, 0xC6, 0x75, 0xDB, 0x74, 0x54, 0x9F, 0x4D, 0xEB, 0x75, 0xDA,
    0x53, 0xDD, 0x3A, 0x1A, 0x87, 0x55, 0x21, 0x46, 0x0B, 0xEB, 0xED, 0x5E, 0xCC, 0xEA, 0x1F, 0xD3,
    0xB2, 0x46, 0x85, 0x52, 0xC6, 0x7E, 0x46, 0x7B, 0x7A, 0x67, 0x06, 0xF6, 0x7C, 0x0E, 0x8C, 0x0E,
    0x9C, 0x0E, 0xAC, 0x0E, 0xBC, 0x0E, 0xCC, 0x0E, 0xDC, 0x0E, 0xEC, 0xFA, 0x3D, 0x3F, 0x25, 0x7E,
    0xC7, 0xF0, 0xCE, 0xA3, 0x61, 0xC7, 0xF1, 0xE7, 0x1F, 0x8F, 0x3B, 0x96, 0xBF, 0x7C, 0x73, 0xDC,
    0xF1, 0x6C, 0xEB, 0x61, 0xC7, 0xD4, 0x6A, 0xCF, 0x7A, 0x7F, 0xDA, 0xB1, 0xB5, 0x77, 0xDD, 0x8E,
    0xAF, 0xD9, 0xEC, 0x19, 0xD7, 0x33, 0x2C, 0xE5, 0xAC, 0xC2, 0xE3, 0xBF, 0x0E, 0x6E, 0xC0, 0xD2,
    0xF8, 0x72, 0xB6, 0xAE, 0x0A, 0xE7, 0x68, 0x1F, 0x31, 0xB7, 0x03, 0xC7, 0xD5, 0x90, 0xFD, 0x1F,
    0xC5, 0x14, 0x38, 0x09, 0x29, 0xA2, 0x87, 0x14, 0x6A, 0xBA, 0x14, 0xB3, 0x39, 0x78, 0x86, 0x75,
    0x8D, 0xAF, 0x07, 0x35, 0x96, 0x81, 0x99, 0x1F, 0xD8, 0xFB, 0x13, 0xFA, 0xD7, 0x33, 0xF5, 0x10,
    0x51, 0xE1, 0x98, 0x62, 0x32, 0x30, 0x6B, 0x97, 0xFC, 0x6D, 0x0E, 0x18, 0x97, 0x22, 0xDA, 0xA7,
    0x50, 0x35, 0xA4, 0x98, 0x0A, 0x29, 0xF8, 0xDD, 0xC0, 0xB7, 0xE1, 0x43, 0x8A, 0x88, 0xFA, 0x3D,
    0xF5, 0x37, 0xB9, 0x7E, 0x8D, 0x5B, 0xD7, 0xF8, 0x40, 0xC3, 0x11, 0x9C, 0x82, 0xA0, 0x22, 0x7A,
    0xC2, 0x0C, 0x58, 0x8F, 0xF1, 0xE8, 0x91, 0x3A, 0x50, 0x05, 0x4A, 0x07, 0x5D, 0x3D, 0xE4, 0xD7,
    0x5D, 0xCD, 0x65, 0x54, 0x51, 0x07, 0x3B, 0xF4, 0x6E, 0xC5, 0x8B, 0x14, 0x18, 0x8E, 0xA8, 0xBA,
    0xD6, 0x7D, 0x88, 0x0E, 0xED, 0xC9, 0x42, 0xB5, 0x98, 0x66, 0x02, 0xE9, 0x5A, 0x0F, 0xE6, 0xEF,
    0x1B, 0x30, 0x95, 0x4C, 0xC7, 0xD8, 0x4E, 0x7C, 0xEB, 0xB6, 0xD6, 0x94, 0x92, 0x58, 0x53, 0x7F,
    0x11, 0x01, 0xE3, 0x05, 0xE8, 0xB1, 0x1D, 0x65, 0xDC, 0x0E, 0x35, 0x6A, 0x46, 0xA7, 0xBC, 0x85,
    0xCA, 0xB5, 0xEE, 0x26, 0x60, 0x80, 0x42, 0xAA, 0xB9, 0xDC, 0xD4, 0x53, 0xB9, 0xE8, 0xA0, 0xE2,
    0x63, 0x8C, 0x6A, 0x6E, 0x86, 0x6A, 0x32, 0xBE, 0x0E, 0x09, 0xA3, 0xED, 0xF4, 0x60, 0x9D, 0xF6,
    0x36, 0x57, 0xB3, 0x17, 0x43, 0xA4, 0xFF, 0xE9, 0x86, 0xF4, 0xB2, 0x92, 0x5E, 0x53, 0x5E, 0x10,
    0xD7, 0xCB, 0xD0, 0x4A, 0xB0, 0x7F, 0x9D, 0xEA, 0x4F, 0x83, 0xFE, 0x38, 0xE8, 0x3F, 0x8C, 0x5A,
    0xBA, 0x66, 0xA1, 0x09, 0x18, 0x8F, 0x71, 0x6C, 0xE5, 0x18, 0xC4, 0x21, 0x70, 0xBA, 0xFF, 0x36,
    0x5B, 0xD9, 0xB4, 0xB2, 0x1C, 0x81, 0x7B, 0x9D, 0xC2, 0xDF, 0xA4, 0x72, 0xD7, 0x79, 0x8D, 0x5A,
    0x66, 0x8A, 0xBE, 0x83, 0xBB, 0x0F, 0x50, 0xE9, 0xAC, 0xBB, 0xD7, 0xB8, 0x45, 0xC5, 0x3B, 0xA8,
    0xCE, 0x51, 0x00, 0xCA, 0x83, 0x06, 0xAE, 0x43, 0x8A, 0xC0, 0x07, 0x50, 0x8C, 0x5B, 0x77, 0xED,
    0xA0, 0x01, 0x2C, 0xD0, 0x03, 0x5F, 0x38, 0xD4, 0x45, 0x47, 0x75, 0xDF, 0xA3, 0x53, 0xFC, 0x8D,
    0xD2, 0x73, 0x10, 0xAA, 0xF1, 0xA9, 0xFD, 0xC5, 0x6A, 0x1B, 0xDD, 0xFF, 0x69, 0x1B, 0xF9, 0xBC,
    0x03, 0x78, 0x41, 0x64, 0xEB, 0x68, 0xB7, 0x7B, 0x21, 0xDE, 0x01, 0x54, 0x5F, 0x6C, 0xEB, 0xF4,
    0x67, 0x81, 0x9C, 0x76, 0xFB, 0xA3, 0xF9, 0x65, 0x07, 0xF5, 0x50, 0x0C, 0x4D, 0x07, 0xB5, 0x07,
    0xE3, 0xB8, 0xAE, 0x3B, 0x6E, 0x1A, 0x30, 0x8F, 0x1C, 0xFD, 0xF9, 0xF6, 0x5F, 0x59, 0x2B, 0x02,
    0xBD, 0xF8, 0x22, 0xEF, 0xF2, 0xBB, 0x4E, 0xC9, 0x8F, 0x50, 0xFF, 0xF1, 0xE8, 0x94, 0xA3, 0x3F,
    0x1B, 0xF3, 0xBB, 0x47, 0x75, 0x11, 0x68, 0xEA, 0x81, 0xA2, 0x9C, 0x28, 0xAA, 0x81, 0x83, 0xD8,
    0xC5, 0xC6, 0x36, 0x02, 0xC6, 0x01, 0x2B, 0x80, 0x08, 0xA8, 0x40, 0x1E, 0x0E, 0xE4, 0xE9, 0xD8,
    0xBD, 0xBF, 0x9C, 0xF6, 0xB7, 0xA8, 0x3D, 0x60, 0x00, 0x4E, 0x01, 0xE6, 0x67, 0x14, 0x61, 0x23,
    0x76, 0xA6, 0x9D, 0x39, 0x87, 0x35, 0x2C, 0x10, 0x29, 0x22, 0xE5, 0x9C, 0x7B, 0x29, 0xF1, 0x4A,
    0xBA, 0x4A, 0x5C, 0xFD, 0xA5, 0xFF, 0x27, 0xC6, 0xED, 0x4B, 0x27, 0x80, 0xDD, 0xA9, 0x0F, 0x79,
    0x4A, 0x95, 0xD6, 0x93, 0x05, 0xFB, 0x26, 0x02, 0x16, 0x5A, 0x38, 0xDF, 0x0E, 0xDA, 0xCE, 0x3A,
    0x94, 0x02, 0x85, 0x3C, 0x48, 0x99, 0x46, 0xA6, 0x56, 0x86, 0x46, 0x62, 0x2B, 0xE1, 0xDA, 0xED,
    0xF8, 0x9D, 0x7A, 0xCA, 0x79, 0xD5, 0x44, 0x19, 0xA9, 0x03, 0xF5, 0x8C, 0x19, 0x69, 0xC7, 0x42,
    0xBA, 0x42, 0x5C, 0xB5, 0xA0, 0x22, 0x3A, 0x8F, 0xA5, 0xF1, 0x79, 0xAC, 0x71, 0x3C, 0x29, 0x4D,
    0xC7, 0x0A, 0xAC, 0x47, 0x1C, 0xD9, 0x92, 0x13, 0xD6, 0x50, 0xCA, 0x83, 0x7A, 0x4A, 0xA3, 0x74,
    0x48, 0x93, 0x74, 0x1E, 0xD4, 0x8C, 0x14, 0xB1, 0x19, 0x28, 0xA3, 0xF1, 0xD4, 0xB3, 0xF5, 0xB4,
    0xA3, 0xCD, 0x33, 0xAC, 0x53, 0x91, 0x36, 0x4F, 0x68, 0xF3, 0x80, 0xF3, 0xA7, 0xBA, 0x17, 0x33,
    0xD6, 0xAB, 0x25, 0x9B, 0x88, 0x71, 0xE5, 0x44, 0x21, 0x85, 0x0C, 0xE5, 0xA6, 0x91, 0xB9, 0x5C,
    0xB4, 0x44, 0x15, 0xAF, 0xDD, 0x5E, 0x52, 0x8C, 0x45, 0xCD, 0x94, 0xB1, 0x9A, 0xA8, 0xE7, 0x3A,
    0x60, 0x43, 0x3D, 0x22, 0x9D, 0x1E, 0x32, 0x7D, 0x5F, 0x85, 0x64, 0x92, 0xE3, 0x20, 0x26, 0x39,
    0xE8, 0x3B, 0x3B, 0x6C, 0xCD, 0x8A, 0xA6, 0xA3, 0x15, 0xE9, 0x76, 0x70, 0xD0, 0x02, 0x0B, 0x14,
    0x11, 0x54, 0x80, 0x5C, 0xDD, 0x78, 0xB0, 0x1D, 0xF4, 0xDB, 0x50, 0x9E, 0x5A, 0x05, 0x68, 0x65,
    0x4E, 0x90, 0x8C, 0xEE, 0x5E, 0x2B, 0x7E, 0x87, 0xE1, 0x12, 0xB2, 0x2F, 0xC7, 0xB9, 0xD7, 0xCE,
    0xDC, 0xBB, 0xC7, 0x73, 0x01, 0xA0, 0x14, 0xF1, 0x4D, 0x82, 0x95, 0x0B, 0xDF, 0x26, 0xF4, 0x97,
    0x90, 0x7D, 0x39, 0x66, 0x52, 0x4E, 0x95, 0x00, 0x60, 0x65, 0x4E, 0x10, 0x77, 0xCB, 0x8A, 0x4F,
    0x18, 0x12, 0xC6, 0x4B, 0xC8, 0xBE, 0x54, 0x27, 0x9D, 0x95, 0x05, 0x00, 0x5E, 0x72, 0xA0, 0x7D,
    0x42, 0xC7, 0x1B, 0x0D, 0xD8, 0x47, 0x90, 0x9F, 0x45, 0x91, 0x50, 0xCA, 0xFB, 0xD4, 0xD2, 0x61,
    0x7E, 0xE3, 0xD1, 0x6F, 0x8E, 0x14, 0x6A, 0x84, 0x02, 0xCA, 0x49, 0xC5, 0x2A, 0xAA, 0xC0, 0x53,
    0x62, 0x9D, 0x25, 0xAB, 0xC1, 0x00, 0xFD, 0x00, 0x95, 0x44, 0x68, 0x5C, 0x03, 0xF9, 0xFB, 0xC4,
    0xAF, 0x28, 0x3B, 0xBE, 0x3E, 0x39, 0x02, 0x47, 0xFE, 0xF8, 0x6D, 0xBB, 0xE7, 0xCF, 0x1F, 0xB5,
    0xCC, 0x50, 0xF4, 0x0F, 0xD8, 0xC9, 0x0A, 0x38, 0x85, 0xEE, 0x8C, 0x62, 0x3E, 0xA3, 0x94, 0x7F,
    0xBF, 0xC7, 0x5D, 0x89, 0x54, 0x09, 0x4D, 0xFC, 0x3F, 0xFA, 0x15, 0xAC, 0x2D, 0xDC, 0x30, 0x1D,
    0xBC, 0x0C, 0xDF, 0x78, 0xE2, 0x59, 0x68, 0x87, 0x7D, 0x04, 0x66, 0xFB, 0x2C, 0x12, 0xDE, 0x77,
    0xFF, 0xEB, 0x59, 0xAC, 0xCA, 0x49, 0x4E, 0x82, 0xBC, 0x35, 0xAC, 0xB4, 0xA7, 0xE9, 0xB0, 0xE4,
    0xB5, 0x86, 0x48, 0x31, 0xA3, 0x02, 0x6A, 0xFF, 0xE2, 0x36, 0x27, 0xA3, 0xAD, 0xA7, 0x55, 0x3D,
    0xAD, 0xD5, 0x58, 0xCA, 0x9F, 0xE1, 0x96, 0x16, 0xF9, 0x4B, 0x11, 0xAD, 0x24, 0x99, 0x56, 0x89,
    0x98, 0x8C, 0x1F, 0xC2, 0x2B, 0x1B, 0xC7, 0x2B, 0x23, 0x85, 0x2C, 0x54, 0x43, 0xE3, 0xAE, 0x51,
    0xFA, 0x9B, 0x30, 0xE4, 0xBB, 0x45, 0x3B, 0x5E, 0xD0, 0xDF, 0x47, 0xFF, 0xF6, 0xAE, 0xAB, 0x64,
    0x43, 0x21, 0x13, 0x7D, 0xAA, 0xCA, 0xC8, 0x67, 0x25, 0x11, 0xFD, 0xA8, 0x47, 0xDF, 0x79, 0x9B,
    0x52, 0x7F, 0x8F, 0x9C, 0x0F, 0x91, 0x72, 0x93, 0x17, 0x91, 0xBD, 0x58, 0xE8, 0x5D, 0x5E, 0x96,
    0x83, 0x3C, 0x95, 0xB9, 0xD8, 0x3B, 0x9F, 0x4E, 0xE5, 0x7C, 0x6E, 0xDE, 0x1D, 0xAB, 0xBF, 0xC5,
    0xB6, 0xF1, 0xFA, 0x22, 0x44, 0x8B, 0x79, 0xEB, 0x93, 0xE9, 0x94, 0x63, 0x7D, 0x7F, 0x9C, 0x81,
    0x08, 0x29, 0x7D, 0x6F, 0x88, 0x5C, 0x16, 0x0B, 0xE5, 0xD4, 0x3B, 0x54, 0x7C, 0x6C, 0x1E, 0x5F,
    0x72, 0x59, 0x2E, 0x77, 0xB9, 0xBA, 0x2C, 0x02, 0xC5, 0x66, 0x6F, 0x38, 0x03, 0xE0, 0x99, 0xC3,
    0xAB, 0x98, 0xCD, 0xB6, 0x8B, 0xA5, 0x77, 0xBD, 0xB3, 0xCF, 0xC8, 0xDF, 0xC5, 0xEA, 0x01, 0x74,
    0xC8, 0xC8, 0xE7, 0xCB, 0x3D, 0x53, 0xB7, 0x72, 0xC9, 0xC8, 0x67, 0x2E, 0xC9, 0x97, 0x6B, 0x2D,
    0xA8, 0x60, 0xD5, 0x58, 0x4F, 0xB6, 0x9E, 0x1E, 0x1B, 0x35, 0xA6, 0x4B, 0xB0, 0x70, 0x30, 0xAD,
    0x24, 0x39, 0x98, 0x43, 0x20, 0xD5, 0x56, 0xB9, 0x56, 0x4F, 0xD9, 0x5C, 0xAE, 0x35, 0xB4, 0x5D,
    0xDB, 0x19, 0xB6, 0x62, 0x5C, 0xEB, 0x5B, 0x6F, 0x9E, 0xBC, 0xA1, 0xAE, 0xEF, 0x6C, 0xF2, 0x5B,
    0x6F, 0xBD, 0x71, 0xFB, 0x1D, 0xBE, 0x7C, 0xDA, 0xFF, 0x00, 0x7F, 0xAE, 0x1F, 0xF7, 0xAF, 0x67,
    0xBD, 0x3A, 0xB3, 0x1F, 0x53, 0xE7, 0x4E, 0xA7, 0xF3, 0x55, 0x0A, 0x9A, 0x26, 0x31, 0x69, 0x87,
    0xBB, 0x0F, 0xAE, 0xEA, 0xDA, 0xB8, 0x77, 0x86, 0x77, 0x86, 0xC6, 0x5D, 0xD5, 0x73, 0xC3, 0xF3,
    0xDE, 0xD1, 0x7F, 0x01, 0x45, 0x94, 0x21, 0x8C, 0x24, 0x45, 0x14, 0x86, 0xBF, 0xEE, 0x26, 0x34,
    0x49, 0x25, 0x3C, 0x3C, 0xA2, 0x10, 0x48, 0xD8, 0xF2, 0xC9, 0xCD, 0x54, 0x25, 0xEB, 0x73, 0x5E,
    0x9D, 0x17, 0x04, 0xBB, 0x62, 0x6F, 0xBB, 0x92, 0x13, 0x48, 0x10, 0xF8, 0x35, 0x78, 0xCC, 0x89,
    0x25, 0xD9, 0xD9, 0x2E, 0x6E, 0x25, 0xE2, 0x2A, 0x39, 0x1F, 0x4A, 0x9C, 0xA7, 0x93, 0x1B, 0xD1,
    0x09, 0x33, 0xF3, 0xA8, 0x4A, 0x0B, 0x52, 0x7F, 0x7A, 0x5E, 0xFF, 0x69, 0xF1, 0xFE, 0xF7, 0xBD,
    0x9A, 0xEE, 0x0F, 0x8C, 0x06, 0xAB, 0xD1, 0xBF, 0x4C, 0x5E, 0xD2, 0x9D, 0xA4, 0x83, 0x4D, 0x07,
    0x17, 0x0F, 0x9E, 0xE9, 0x82, 0x3F, 0x21, 0x85, 0xBE, 0xF4, 0x19, 0xC6, 0x64, 0x92, 0x44, 0x09,
    0x16, 0x8B, 0x63, 0xCF, 0x0E, 0x24, 0xE3, 0x33, 0x73, 0xEA, 0x35, 0x8D, 0x7F, 0x47, 0x79, 0x15,
    0xF6, 0x8E, 0x49, 0xF3, 0xAC, 0x99, 0x3B, 0x78, 0xCD, 0xA0, 0x65, 0xD0, 0x3C, 0x46, 0xE4, 0x57,
    0x44, 0x31, 0x73, 0xAD, 0x12, 0x12, 0xBF, 0x72, 0xC1, 0x5F, 0x70, 0x47, 0xBA, 0x39, 0x19, 0x8D,
    0x36, 0xB2, 0x87, 0xBB, 0x33, 0xB3, 0x72, 0xB0, 0xE1, 0xD1, 0x86, 0x5B, 0x87, 0x3F, 0x63, 0x8E,
    0x58, 0xCD, 0x4E, 0x33, 0x92, 0xF0, 0x81, 0x3B, 0x38, 0xD1, 0x1F, 0x19, 0x97, 0x66, 0xB8, 0x88,
    0x07, 0x9E, 0xC2, 0xA0, 0xD9, 0x7C, 0x28, 0x55, 0xA3, 0xA6, 0x5E, 0x5B, 0x1C, 0xF7, 0xAA, 0x66,
    0x69, 0x72, 0x1A, 0xCD, 0x99, 0xCF, 0xCF, 0x58, 0xC5, 0x4B, 0xDC, 0xD5, 0x80, 0x36, 0xF9, 0x6A,
    0xDE, 0x07, 0x1C, 0x1C, 0x98, 0x57, 0xE6, 0x48, 0x97, 0x9B, 0xBC, 0x56, 0xB5, 0x62, 0xD3, 0xD4,
    0x5E, 0xD1, 0xB3, 0x9E, 0xA1, 0x3D, 0xBB, 0x32, 0x46, 0xE1, 0x8A, 0x17, 0xDC, 0xF0, 0x96, 0x23,
    0x4B, 0x3B, 0xB5, 0xBA, 0xA9, 0x4E, 0x9F, 0xBA, 0xB2, 0x19, 0xED, 0x74, 0x4B, 0x5F, 0x86, 0x34,
    0x26, 0xE1, 0x7B, 0x6E, 0x30, 0x3F, 0x06, 0xD1, 0x24, 0xCF, 0x59, 0xAE, 0x93, 0x1D, 0xD3, 0x95,
    0x49, 0xFB, 0xD6, 0x49, 0xB8, 0x15, 0xFA, 0x0B, 0xA2, 0xD1, 0x69, 0xAA, 0xC3, 0x9F, 0xA4, 0xF5,
    0xF6, 0xE4, 0xE3, 0xA4, 0x2D, 0xBB, 0x7C, 0x04, 0x4F, 0xAF, 0x58, 0xC5, 0x3D, 0xF1, 0xC5, 0x01,
    0x4E, 0x4D, 0xDD, 0xDA, 0x26, 0x30, 0x2C, 0x74, 0x73, 0x1C, 0xB5, 0x74, 0xB5, 0x6A, 0xE3, 0xC8,
    0x4C, 0xA1, 0x6F, 0xB0, 0xF0, 0x9A, 0xAA, 0x7A, 0x8D, 0x83, 0x16, 0xC6, 0xD2, 0x69, 0xEC, 0x2F,
    0x20, 0x6D, 0xF2, 0xDF, 0xD8, 0xE8, 0x15, 0xB7, 0x82, 0x59, 0x70, 0x85, 0x39, 0x57, 0x70, 0xE6,
    0x7D, 0xB2, 0xCD, 0x5F, 0x26, 0x2D, 0x78, 0xD8, 0x63, 0x34, 0x89, 0x46, 0x01, 0xFB, 0x1B, 0xEE,
    0xC2, 0x67, 0x13, 0x38, 0x82, 0x47, 0xCF, 0x4C, 0x05, 0xE6, 0x34, 0x6A, 0xB2, 0x01, 0xFF, 0x84,
    0xD7, 0x70, 0x27, 0xF1, 0x75, 0x95, 0xAD, 0x40, 0x37, 0x5E, 0xC5, 0xEA, 0xC6, 0x0B, 0x9E, 0xE8,
    0x4E, 0xAD, 0x55, 0x93, 0xB1, 0xCD, 0x60, 0xCB, 0x6B, 0x5F, 0x26, 0xFB, 0x73, 0xE3, 0xE2, 0x2E,
    0x1C, 0x5C, 0x38, 0xB9, 0x30, 0xB7, 0xAE, 0x36, 0x4C, 0xC1, 0x4B, 0x9D, 0x4F, 0x8B, 0x20, 0xFF,
    0x44, 0x5C, 0x60, 0x62, 0x3E, 0x31, 0xFD, 0xC2, 0x10, 0x87, 0xD8, 0x30, 0xD4, 0xDF, 0x56, 0x9D,
    0xF4, 0x3C, 0x9F, 0xE7, 0x0B, 0xB4, 0x67, 0xB7, 0x0C, 0xA9, 0x2D, 0xE6, 0x8E, 0x06, 0xE7, 0x81,
    0xB7, 0xF5, 0x6C, 0x60, 0xBE, 0x6B, 0x24, 0x37, 0x2C, 0xC7, 0x8D, 0x59, 0x57, 0x86, 0xBC, 0xA1,
    0xF9, 0x96, 0xF1, 0x53, 0x6A, 0x9B, 0x2F, 0xF1, 0x56, 0xEA, 0xD6, 0xF1, 0xD8, 0x76, 0x1E, 0xF7,
    0x03, 0x7D, 0xEB, 0x84, 0xBD, 0x0D, 0xF5, 0x75, 0xFE, 0xC8, 0x23, 0xF8, 0x13, 0x76, 0x65, 0xDC,
    0x7C, 0x09, 0xED, 0xFB, 0xAA, 0xB6, 0xA5, 0xD8, 0x8A, 0xA3, 0xAC, 0xDD, 0xA7, 0x05, 0x4D, 0xCC,
    0xA0, 0x0C, 0x8A, 0x79, 0x1F, 0xDD, 0x98, 0xCC, 0xDA, 0x32, 0xE2, 0xF8, 0x5A, 0x99, 0x94, 0x75,
    0x87, 0x56, 0x27, 0xD3, 0x2F, 0x0C, 0x85, 0x21, 0x53, 0x6F, 0x8D, 0xD1, 0x2C, 0x1F, 0x8A, 0xBC,
    0xC9, 0x76, 0xD8, 0xD6, 0xA3, 0xED, 0xC6, 0xFF, 0x1F, 0xBC, 0x5B, 0xCC, 0x5F, 0x49, 0x7E, 0x47,
    0x4E, 0xD8, 0x13, 0x6E, 0xCF, 0xDE, 0xB2, 0x93, 0xD8, 0x2F, 0x43, 0xCB, 0x91, 0xB6, 0x2B, 0x29,
    0x58, 0xAE, 0xD8, 0x31, 0xDE, 0xFF, 0x54, 0xCC, 0xBF, 0x97, 0xA3, 0x3C, 0x2F, 0x47, 0xB9, 0xCE,
    0x47, 0x3B, 0xFE, 0xB9, 0x58, 0xF3, 0x6E, 0xB9, 0x32, 0x6F, 0xCA, 0xAE, 0x1A, 0x5F, 0x4E, 0x58,
    0x8D, 0x4E, 0xE2, 0x5E, 0xE2, 0x8B, 0x9A, 0xC2, 0xF2, 0xE0, 0x58, 0xF7, 0x0C, 0xF7, 0x71, 0xD4,
    0x6C, 0x9E, 0x8B, 0x5C, 0x17, 0x19, 0xB2, 0x35, 0xC9, 0x69, 0xD8, 0x1D, 0xD8, 0xC1, 0x2D, 0x4D,
    0x0F, 0x60, 0x56, 0x7B, 0x76, 0x48, 0xEE, 0x57, 0x1E, 0xE7, 0x75, 0x2A, 0x43, 0xB4, 0xEB, 0x74,
    0xDC, 0xFE, 0x08, 0x6E, 0x99, 0x92, 0x4B, 0xFF, 0x01, 0x4D, 0x96, 0x01, 0xC4, 0x26, 0xC7, 0xFD,
    0xC7, 0x3F, 0xCF, 0x6E, 0x72, 0xFB, 0x67, 0xC9, 0xFC, 0x51, 0x44, 0xDA, 0x66, 0x02, 0x80, 0x5E,
    0x06, 0x82, 0xD2, 0x4B, 0x66, 0x2F, 0x47, 0x8B, 0xD0, 0x37, 0xA0, 0x00, 0x2D, 0x00, 0x4A, 0x20,
    0x08, 0xCD, 0x65, 0x37, 0x39, 0x5A, 0x84, 0xE6, 0x14, 0x00, 0x02, 0x05, 0xA8, 0x06, 0x10, 0x5C,
    0xEC, 0x24, 0x2F, 0x5E, 0x9C, 0xBA, 0x4D, 0x83, 0x00, 0x6E, 0xDB, 0x0B, 0x41, 0xE8, 0xCD, 0xDD,
    0x6D, 0x9A, 0xBD, 0x64, 0x76, 0xBF, 0x9D, 0xDD, 0xE7, 0xBD, 0x4B, 0x1E, 0xFB, 0xF9, 0xFC, 0x78,
    0x3C, 0x3B, 0xFB, 0xFC, 0x66, 0xBE, 0xCF, 0xCC, 0x43, 0x3B, 0x51, 0x6A, 0xC6, 0x68, 0xC2, 0x8E,
    0xFF, 0x8F, 0x0F, 0xE0, 0x5F, 0xD1, 0xD8, 0xD6, 0x1A, 0x7A, 0xA3, 0xD0, 0x9B, 0x40, 0xFB, 0x7E,
    0xC0, 0x4B, 0x8D, 0x93, 0xA8, 0x32, 0x78, 0xA0, 0x05, 0xFA, 0x35, 0xB3, 0x80, 0x12, 0x60, 0x7E,
    0x0A, 0xCF, 0x5E, 0xE2, 0x82, 0x12, 0x4E, 0x0B, 0x52, 0x2A, 0x75, 0x6F, 0xAA, 0xD7, 0x7F, 0x07,
    0xF3, 0xDF, 0xD3, 0xE0, 0xEE, 0x9C, 0x35, 0xFE, 0xEC, 0x04, 0x7F, 0xF3, 0x29, 0xFC, 0x9F, 0x2F,
    0xE2, 0xFF, 0x76, 0x09, 0x7F, 0xE3, 0x0D, 0xFC, 0xFC, 0x01, 0x6E, 0xFA, 0x06, 0x73, 0x3E, 0x76,
    0xA9, 0x87, 0x54, 0xEF, 0x42, 0x6D, 0x80, 0x42, 0x23, 0x4E, 0x09, 0x29, 0x15, 0x6A, 0x5E, 0xAF,
    0x12, 0x98, 0x08, 0x76, 0x04, 0xF7, 0xF1, 0xBD, 0xE8, 0x3F, 0xF9, 0x66, 0xF4, 0xA7, 0x1A, 0xFC,
    0xB5, 0x19, 0x7F, 0x2D, 0xE2, 0xCF, 0x32, 0x37, 0xB7, 0x5B, 0xBE, 0x7C, 0x3C, 0x1E, 0xFD, 0x43,
    0x68, 0x35, 0x67, 0x26, 0x7A, 0x45, 0x04, 0xAC, 0x70, 0x58, 0x32, 0x09, 0x0A, 0xA9, 0x2B, 0xA5,
    0x66, 0xA3, 0x9A, 0xA0, 0x8E, 0x60, 0x32, 0xBD, 0x02, 0x52, 0x87, 0x1D, 0xC0, 0x05, 0xF0, 0x19,
    0x78, 0x6D, 0xDE, 0xEF, 0x80, 0x4A, 0x0B, 0x98, 0xE9, 0xE9, 0xAC, 0x11, 0xF6, 0x4F, 0x95, 0xD2,
    0xB0, 0xE9, 0xD1, 0x87, 0x7D, 0x07, 0xB5, 0xD4, 0x61, 0xA4, 0x06, 0xC4, 0xF1, 0xA1, 0x54, 0x13,
    0xE0, 0xA4, 0x11, 0x2F, 0x0D, 0x9B, 0x02, 0x00, 0xD3, 0xA6, 0x72, 0xDC, 0x5C, 0x05, 0xCA, 0xD8,
    0x9B, 0x95, 0xF2, 0x81, 0xA4, 0x50, 0x6A, 0x73, 0xB5, 0xDA, 0xC5, 0x0D, 0xF5, 0x6C, 0x26, 0x3B,
    0x98, 0x68, 0xA2, 0x0D, 0x99, 0xC1, 0x05, 0x33, 0xBA, 0xE0, 0x83, 0x1D, 0x7C, 0xF0, 0x9D, 0x0B,
    0xEA, 0xDA, 0xC6, 0x7F, 0x92, 0x8D, 0xBF, 0xA6, 0xA6, 0xC7, 0x9F, 0x08, 0xD1, 0x5A, 0xB1, 0xC2,
    0x8B, 0x00, 0xDC, 0xD8, 0x74, 0x88, 0x9B, 0x11, 0x09, 0x35, 0xF3, 0x41, 0x97, 0xA7, 0x42, 0x2F,
    0xC7, 0x42, 0xEF, 0xC4, 0xF2, 0xAB, 0x6B, 0xD1, 0x4A, 0xC9, 0x65, 0xEA, 0x9B, 0x37, 0x43, 0x7D,
    0x76, 0x2B, 0xB4, 0x52, 0xDC, 0xB0, 0x57, 0x6E, 0x37, 0xAE, 0xBC, 0x8B, 0x2F, 0x95, 0x59, 0x79,
    0x29, 0x73, 0xB5, 0x5C, 0xA0, 0xCF, 0x80, 0x14, 0x76, 0x8F, 0x40, 0xB2, 0x11, 0x0E, 0xA9, 0x8E,
    0x1F, 0x52, 0x64, 0xCF, 0x94, 0xB3, 0xB9, 0x3F, 0x51, 0x4E, 0xED, 0x97, 0xDF, 0x76, 0x95, 0x74,
    0x57, 0xA1, 0x96, 0xBC, 0xBA, 0x5A, 0x5F, 0x98, 0x81, 0xEF, 0xAF, 0x80, 0xDD, 0x2F, 0xB7, 0x5F,
    0xBE, 0xC3, 0xAD, 0xF8, 0x06, 0xBB, 0xBB, 0x5A, 0x40, 0x33, 0x80, 0xD4, 0xC0, 0x41, 0x0A, 0x50,
    0x24, 0x3F, 0x40, 0x99, 0xEC, 0xD0, 0x5F, 0x2F, 0x67, 0xFB, 0xB9, 0xA6, 0x6A, 0x72, 0xB7, 0x15,
    0xAB, 0xD8, 0xDF, 0x1A, 0x5E, 0xAD, 0xA5, 0x93, 0x01, 0xA3, 0xC5, 0x4C, 0xD9, 0xB1, 0x5A, 0xB1,
    0x9F, 0x4D, 0x07, 0x75, 0xEE, 0x74, 0xC6, 0x05, 0x77, 0x9A, 0xB0, 0xC1, 0xBF, 0x93, 0xAE, 0xBB,
    0xE0, 0x2F, 0xA7, 0x5E, 0xA1, 0xBD, 0xBC, 0xF4, 0xA2, 0x67, 0xCD, 0x8B, 0x5D, 0x0E, 0xAE, 0xBB,
    0x5A, 0x0D, 0xBE, 0xBB, 0x51, 0x0D, 0x6D, 0x37, 0x57, 0x43, 0xFF, 0xF6, 0x54, 0x05, 0x5D, 0x89,
    0xD5, 0xC7, 0xDF, 0x5D, 0x19, 0xEB, 0xD3, 0xBB, 0xAF, 0x0C, 0xF5, 0xE9, 0xAD, 0x93, 0xE0, 0xB5,
    0x4F, 0x50, 0x96, 0xB9, 0x6D, 0x3C, 0xE6, 0xEF, 0xE6, 0x2A, 0xE6, 0x23, 0x73, 0x03, 0x93, 0xCC,
    0x8C, 0x99, 0xED, 0x84, 0x99, 0x6C, 0xC4, 0x44, 0x3B, 0x62, 0x06, 0x1B, 0xA0, 0xD5, 0x50, 0x8F,
    0xF4, 0x9A, 0xEB, 0x01, 0x69, 0x31, 0x81, 0xC4, 0x6A, 0xC2, 0x21, 0x2D, 0xAD, 0xED, 0x8A, 0x39,
    0xB5, 0xAE, 0x2B, 0xA6, 0xF4, 0x96, 0x6F, 0xCA, 0x7B, 0xF3, 0x47, 0x9E, 0xF2, 0x7E, 0x7E, 0x8B,
    0xEA, 0x41, 0x7E, 0x8B, 0xFA, 0xCE, 0xBD, 0xF4, 0x11, 0xE6, 0xB3, 0xFB, 0xF3, 0x82, 0x39, 0xBB,
    0x33, 0x25, 0xCC, 0xCD, 0xB1, 0x98, 0xB1, 0xEF, 0x0D, 0x75, 0xC4, 0x9D, 0xEC, 0xD9, 0xCA, 0xEE,
    0xF0, 0x56, 0x0F, 0x79, 0x14, 0xBC, 0xDF, 0xAC, 0xCD, 0x3E, 0x61, 0x7B, 0xE6, 0xA1, 0x9C, 0xCE,
    0xC3, 0xE8, 0x3E, 0x8F, 0x1C, 0xF4, 0x5D, 0xA4, 0x94, 0x46, 0xCC, 0xEC, 0x06, 0xB6, 0x64, 0xE1,
    0x86, 0x7D, 0x15, 0xB2, 0xB6, 0x68, 0x65, 0xB5, 0x0D, 0xFE, 0x53, 0x81, 0x93, 0xC0, 0xA8, 0x85,
    0x22, 0xBD, 0xC4, 0x0F, 0x5E, 0xBD, 0xA6, 0x4D, 0x11, 0x72, 0x19, 0xA9, 0x94, 0x70, 0x9A, 0x68,
    0x87, 0xDF, 0xA1, 0xE3, 0x97, 0xB0, 0x5A, 0x70, 0x4A, 0x54, 0x33, 0xD4, 0x13, 0x78, 0x45, 0x5A,
    0x8D, 0xD4, 0x91, 0x9D, 0x2A, 0x5D, 0xA0, 0x94, 0x38, 0x64, 0x70, 0x0F, 0xA1, 0x47, 0x0D, 0x2A,
    0x56, 0x58, 0xAB, 0xC4, 0x61, 0x31, 0x91, 0x22, 0xB9, 0x21, 0xAB, 0xED, 0x28, 0x93, 0xA0, 0xFC,
    0x36, 0x81, 0x97, 0x46, 0x5A, 0x69, 0xD8, 0x9E, 0xD0, 0x60, 0xEE, 0x27, 0x30, 0xFF, 0x5A, 0xC0,
    0x0E, 0x02, 0x17, 0x04, 0x3E, 0xF4, 0x0D, 0xBE, 0x6B, 0x3B, 0x7C, 0xE3, 0x03, 0xD5, 0x16, 0x6F,
    0x69, 0x36, 0xD2, 0x84, 0x89, 0x60, 0x1E, 0x64, 0xD4, 0x60, 0x13, 0xB8, 0x01, 0xDA, 0x40, 0xA9,
    0xFF, 0x60, 0x94, 0x78, 0xB2, 0x1D, 0xA0, 0x87, 0x52, 0xE0, 0x56, 0xB8, 0xB8, 0x1C, 0xBB, 0x29,
    0x12, 0xFC, 0x58, 0x23, 0x40, 0xAB, 0x15, 0x78, 0xF4, 0x6B, 0xFE, 0xD1, 0xD6, 0x3E, 0x14, 0xC9,
    0x44, 0xA0, 0x4C, 0xD5, 0xBC, 0x95, 0xB9, 0xDC, 0xCB, 0x54, 0x26, 0xA0, 0x8A, 0x7B, 0xA9, 0x63,
    0x4E, 0xEC, 0x8C, 0xC9, 0xA5, 0x5F, 0x31, 0x63, 0xFD, 0xF5, 0xE2, 0xB1, 0x83, 0x79, 0x30, 0xD9,
    0xC6, 0x06, 0xFF, 0x59, 0xB4, 0x8D, 0xFB, 0x44, 0x7F, 0x8A, 0xAE, 0xF1, 0x5A, 0xEB, 0xA9, 0xC5,
    0x6B, 0xAA, 0xB5, 0xD0, 0xAE, 0x8D, 0xB9, 0x3B, 0x02, 0x98, 0xB0, 0x19, 0x7B, 0x2C, 0xAE, 0x3B,
    0x96, 0x66, 0x33, 0x9E, 0x1F, 0x94, 0x6A, 0x06, 0xBC, 0x80, 0x5E, 0x1D, 0xC8, 0x76, 0x1C, 0x96,
    0x5D, 0x6E, 0x93, 0x27, 0xEB, 0x2D, 0x60, 0x4D, 0x80, 0x26, 0xA0, 0x1F, 0xE0, 0xB9, 0x36, 0xC0,
    0xEB, 0x9B, 0x66, 0x0D, 0x94, 0xCA, 0xAA, 0x75, 0x6B, 0xC4, 0x3A, 0x13, 0x79, 0xF1, 0x27, 0x59,
    0xF0, 0xBD, 0xDC, 0x08, 0xA5, 0x86, 0x4D, 0x1D, 0x14, 0x0B, 0xA0, 0x85, 0x83, 0xD4, 0x15, 0x52,
    0xC8, 0xAD, 0x8E, 0x56, 0x4A, 0x99, 0xB9, 0x8A, 0x66, 0xF0, 0xD2, 0x94, 0x89, 0xE6, 0x53, 0x35,
    0x56, 0x2B, 0x4E, 0x73, 0xA6, 0xC3, 0x77, 0xE0, 0x9B, 0xF3, 0x33, 0x06, 0x10, 0x00, 0xCF, 0x02,
    0x85, 0xE6, 0xF3, 0xFC, 0x49, 0x0B, 0xA5, 0x6E, 0xFC, 0x0C, 0x93, 0x3E, 0x04, 0x1B, 0x27, 0xF0,
    0x43, 0xCC, 0x0A, 0x59, 0xED, 0xDB, 0x4A, 0xB4, 0x2F, 0x67, 0xF5, 0x57, 0x76, 0x9D, 0xCE, 0xB4,
    0xBF, 0x3A, 0x9B, 0x68, 0xCF, 0xDE, 0x8D, 0xF8, 0xBB, 0xEF, 0x45, 0xAC, 0xB4, 0x25, 0x54, 0x03,
    0xF4, 0x6B, 0x03, 0xCF, 0x03, 0x3C, 0xBD, 0x09, 0x17, 0x01, 0xBF, 0xA9, 0xDF, 0xA4, 0xAC, 0x62,
    0x53, 0xF9, 0xCD, 0x04, 0xF5, 0x83, 0x89, 0x52, 0xD2, 0x58, 0x65, 0x0D, 0xF8, 0x97, 0x67, 0x8C,
    0xA4, 0x6E, 0x57, 0x99, 0x0E, 0x89, 0x6A, 0xCA, 0x32, 0x31, 0xCB, 0x8E, 0x87, 0x05, 0x1F, 0x58,
    0x68, 0xBB, 0x2C, 0xDC, 0x3E, 0x15, 0x01, 0x69, 0xE4, 0xAF, 0xE6, 0x3C, 0xF2, 0x66, 0xF4, 0xD2,
    0x9C, 0x99, 0xD0, 0x4A, 0x95, 0x4B, 0x2F, 0xC5, 0xCC, 0xE8, 0x03, 0xC7, 0xA9, 0x18, 0x9E, 0xC1,
    0x69, 0xC5, 0x64, 0x0E, 0xFA, 0x02, 0xB0, 0x50, 0xED, 0x81, 0x4F, 0x07, 0x69, 0x2E, 0xD7, 0xAB,
    0x1F, 0x98, 0xF9, 0x0D, 0x6C, 0xFC, 0x10, 0x37, 0x4C, 0xFB, 0x14, 0xF8, 0xB7, 0x63, 0x9E, 0x80,
    0x31, 0x33, 0xD0, 0x5E, 0xD9, 0x08, 0xB9, 0xF9, 0x80, 0xFF, 0xEA, 0x8F, 0x58, 0x89, 0x3A, 0x73,
    0xD0, 0x02, 0x96, 0x63, 0xEF, 0x9E, 0x09, 0xDE, 0x2A, 0x22, 0x2C, 0x65, 0x64, 0x6F, 0xCE, 0x65,
    0x05, 0xAF, 0xE3, 0xC2, 0x05, 0xAA, 0xC9, 0x05, 0xEA, 0xE8, 0x77, 0x75, 0x98, 0xB1, 0x6D, 0xB2,
    0x7A, 0xB0, 0x43, 0x96, 0x0B, 0x7A, 0x02, 0x1F, 0x94, 0xF0, 0x5D, 0x9F, 0xD5, 0xB8, 0x19, 0xB8,
    0xA0, 0xEB, 0xE0, 0x1F, 0x6F, 0x0B, 0xBA, 0x7C, 0x9D, 0xC3, 0x02, 0xE7, 0x12, 0x80, 0x06, 0xA0,
    0x9D, 0x01, 0xBB, 0x02, 0xA5, 0x00, 0xFA, 0xC6, 0xD9, 0xE7, 0x7D, 0xF3, 0x07, 0xDD, 0xCD, 0xBA,
    0xF9, 0x5E, 0x8F, 0xBF, 0x7D, 0xB2, 0xB2, 0xE5, 0x06, 0xB3, 0xA5, 0xD7, 0x3C, 0x7B, 0x11, 0xEC,
    0xF3, 0x2F, 0x66, 0x49, 0xD1, 0x49, 0xA3, 0x97, 0x06, 0xCE, 0x5F, 0xAD, 0xD4, 0xF5, 0x52, 0x23,
    0x89, 0x1F, 0x1E, 0xF8, 0xC5, 0x46, 0x82, 0x72, 0x63, 0x86, 0xFD, 0xC0, 0xDF, 0x88, 0x50, 0x49,
    0xA1, 0xCE, 0xE0, 0x02, 0x98, 0xC8, 0x93, 0xBF, 0xFD, 0x1A, 0x2B, 0xED, 0x15, 0x37, 0xE2, 0x15,
    0xF0, 0x2B, 0xF8, 0x21, 0x13, 0xC0, 0x0E, 0x60, 0xE2, 0x71, 0x8C, 0x32, 0x3D, 0xCA, 0x3A, 0xDF,
    0x87, 0x76, 0x7D, 0x06, 0xB4, 0x72, 0x41, 0x5F, 0xE0, 0x12, 0xFC, 0x22, 0xFD, 0x9E, 0x52, 0x09,
    0xA7, 0xEB, 0x7B, 0xAC, 0xDE, 0x8F, 0x66, 0x30, 0xA3, 0x1D, 0xCC, 0xB0, 0x1D, 0xDE, 0xB9, 0xDF,
    0x33, 0xE1, 0x94, 0xF0, 0x1A, 0xF7, 0xE7, 0xD4, 0x91, 0xFD, 0xBE, 0x4B, 0x97, 0xE0, 0xCD, 0x4C,
    0x2B, 0x45, 0x7F, 0xDC, 0xB3, 0x56, 0x22, 0x8E, 0xD8, 0x98, 0xC3, 0x9D, 0x7F, 0x3C, 0x75, 0x90,
    0x2E, 0x16, 0xEB, 0x77, 0xA9, 0x8C, 0x7F, 0x19, 0x4D, 0x04, 0x3F, 0x3F, 0xC1, 0x13, 0x5A, 0xA0,
    0x4D, 0x60, 0x67, 0xE0, 0x90, 0x80, 0x62, 0xD3, 0xF9, 0xFE, 0x73, 0xAE, 0x0B, 0x52, 0xC7, 0x31,
    0x77, 0xD2, 0x52, 0xAC, 0xE6, 0x9F, 0xEB, 0xB6, 0xCE, 0xAA, 0xA3, 0x0B, 0xBD, 0xD9, 0x35, 0xFA,
    0x6E, 0x35, 0x83, 0x6F, 0x56, 0x1B, 0xB6, 0x6D, 0x22, 0x50, 0x24, 0xBF, 0xAB, 0xA3, 0x9C, 0xB1,
    0x1A, 0xCE, 0xBF, 0xF2, 0x92, 0xF3, 0x26, 0xDA, 0x26, 0x83, 0xE8, 0x0F, 0x2B, 0x6B, 0x95, 0x8C,
    0x34, 0x67, 0x46, 0xAB, 0xF5, 0xF1, 0x8C, 0x7B, 0xC5, 0xCC, 0x78, 0x0C, 0xFE, 0xC6, 0x08, 0x50,
    0x3C, 0x09, 0xD4, 0x4F, 0x3D, 0xD2, 0x6B, 0x6A, 0xF6, 0xE5, 0xC0, 0x6D, 0x6A, 0xD3, 0x4B, 0x1D,
    0x7A, 0xF3, 0x05, 0x8A, 0xF5, 0xE7, 0xAF, 0x53, 0xA6, 0x17, 0x3E, 0xC8, 0x7A, 0xEE, 0x55, 0xAA,
    0x19, 0xA8, 0xA6, 0xC7, 0x6D, 0x3D, 0xEE, 0x12, 0x6D, 0xF2, 0x23, 0x7B, 0x73, 0x9B, 0xE2, 0x51,
    0x1C, 0x7E, 0x09, 0xE5, 0xBB, 0x99, 0x13, 0xE8, 0x05, 0xE7, 0xBF, 0xC5, 0x43, 0x72, 0x71, 0xDB,
    0xAA, 0x8B, 0xD9, 0x8C, 0xE5, 0xEC, 0xC3, 0xFE, 0x5F, 0x50, 0x33, 0xB5, 0xD6, 0x2D, 0xE0, 0x8D,
    0x19, 0xDA, 0xCE, 0x0C, 0xBE, 0xB3, 0xA1, 0x6D, 0xDC, 0xC7, 0xC2, 0x6B, 0xCD, 0xCC, 0x99, 0xEB,
    0xFB, 0x50, 0xD5, 0xAF, 0xE1, 0xC2, 0xFF, 0xC1, 0xFF, 0x00, 0x63, 0x60, 0xB0, 0xFF, 0x5B, 0xFF,
    0xA7, 0xFE, 0x0F, 0x00, 0xC5, 0x93, 0x01, 0xA6, 0xDE, 0x40, 0x14, 0x85, 0xCF, 0x9F, 0x20, 0x18,
    0xCC, 0x12, 0xA6, 0x3B, 0xC8, 0x0E, 0x9A, 0xAC, 0xAC, 0xC9, 0x12, 0xDE, 0x8E, 0x26, 0xAF, 0xDD,
    0x40, 0xDA, 0x15, 0x64, 0x09, 0x83, 0x41, 0x30, 0x99, 0xDB, 0x73, 0x6F, 0x32, 0xBC, 0x2A, 0x55,
    0xA8, 0xC2, 0xC7, 0x88, 0x6B, 0xBE, 0x93, 0x73, 0x07, 0x08, 0xA7, 0x2B, 0x40, 0x3C, 0x27, 0x52,
    0xB2, 0x14, 0x74, 0x17, 0x2A, 0xD0, 0x9F, 0xAF, 0x02, 0x38, 0x11, 0x39, 0xB0, 0x90, 0x3B, 0xA2,
    0xD1, 0xA7, 0x21, 0x03, 0xFE, 0x18, 0x12, 0xB9, 0x3B, 0x32, 0xEC, 0x9E, 0x1C, 0x37, 0x7F, 0x00,
    0xD3, 0x16, 0x76, 0x72, 0x1D, 0x37, 0x72, 0x56, 0x2E, 0x3C, 0x01, 0x91, 0x27, 0x40, 0xB0, 0x90,
    0x95, 0x27, 0xBC, 0x2E, 0x08, 0xD0, 0x97, 0xAE, 0xB6, 0xBB, 0x63, 0x9A, 0x32, 0xB9, 0x4E, 0x3B,
    0xA0, 0x56, 0x13, 0x19, 0x4B, 0x9C, 0xCD, 0x0A, 0x6A, 0xF5, 0x45, 0x07, 0x00, 0xB5, 0xFA, 0x7E,
    0x81, 0x56, 0x5F, 0x75, 0x4C, 0xBE, 0x91, 0x3E, 0xF5, 0x27, 0xD9, 0xDC, 0xC8, 0x60, 0x6E, 0xB4,
    0x22, 0xA7, 0xDB, 0x6D, 0xA5, 0x5B, 0xB3, 0x22, 0xCD, 0x8A, 0x14, 0x33, 0xA4, 0x87, 0x59, 0xA1,
    0x5D, 0x12, 0x4F, 0x63, 0x32, 0xAE, 0x84, 0x59, 0x2D, 0xB3, 0x59, 0x41, 0xAD, 0xC8, 0xEE, 0x89,
    0x81, 0xFA, 0x27, 0x2B, 0xF2, 0xDF, 0x5A, 0xB9, 0x32, 0xE2, 0xFE, 0x8F, 0xCB, 0x7A, 0xB7, 0x48,
    0x4F, 0xEB, 0xF1, 0x73, 0x6B, 0xF2, 0xE9, 0xD2, 0x0C, 0x45, 0x4D, 0xAD, 0xCF, 0x1F, 0x66, 0x39,
    0xE4, 0xBE, 0x98, 0xE1, 0x6D, 0x4A, 0xC7, 0xDE, 0x5C, 0xF5, 0xCB, 0xDD, 0xAC, 0x33, 0x5F, 0x6B,
    0xDA, 0xDA, 0x35, 0x73, 0xDA, 0xFA, 0xFD, 0x6E, 0x38, 0x98, 0xB7, 0xA5, 0xB0, 0x96, 0x35, 0x81,
    0xF5, 0xDC, 0x9A, 0x6E, 0x5D, 0xB7, 0xB6, 0x5B, 0xDF, 0xAD, 0xF1, 0x96, 0x43, 0x43, 0x5B, 0x8E,
    0xF9, 0xC9, 0x81, 0x3B, 0x47, 0x7C, 0x72, 0xC8, 0x93, 0xA3, 0xFE, 0x65, 0x8E, 0xF3, 0x3F, 0xE4,
    0x70, 0xF2, 0x06, 0xD5, 0x2B, 0x1C, 0x12, 0xA9, 0x1C, 0xA9, 0xCC, 0x40, 0xFF, 0xAE, 0x00, 0x43,
    0x1E, 0x24, 0xC3, 0xA5, 0x49, 0x12, 0xBC, 0xF1, 0xE3, 0x66, 0x84, 0xED, 0xF7, 0xB7, 0x14, 0x3E,
    0x6E, 0xC6, 0xBB, 0x6D, 0x86, 0xA8, 0xD5, 0x48, 0x5E, 0x70, 0xF5, 0xD9, 0x8F, 0xCE, 0x6C, 0x06,
    0xA3, 0x64, 0xE3, 0x61, 0x9C, 0x7F, 0xB5, 0xBA, 0x48, 0xB3, 0xEA, 0x2E, 0x1D, 0xEC, 0xF2, 0xCB,
    0x9E, 0x7F, 0x27, 0x14, 0x2B, 0xA3, 0x64, 0x2F, 0x27, 0xAD, 0xFC, 0xF1, 0x89, 0x56, 0xE1, 0xC0,
    0x40, 0xC1, 0x93, 0xBE, 0x18, 0x64, 0x56, 0xAB, 0x78, 0x28, 0x43, 0x52, 0x37, 0x97, 0x68, 0xF5,
    0x16, 0xD2, 0xF8, 0x8E, 0x28, 0xC7, 0x28, 0xE4, 0x16, 0x04, 0xE3, 0x85, 0xA1, 0xE2, 0x27, 0x62,
    0x80, 0x02, 0x76, 0x07, 0x40, 0x05, 0x72, 0x6C, 0x84, 0x40, 0x08, 0x85, 0x61, 0xF0, 0x83, 0x84,
    0x80, 0x1E, 0xA4, 0x04, 0x4A, 0xF0, 0xC6, 0x86, 0xEC, 0xE0, 0xC0, 0xC6, 0x64, 0xEC, 0x80, 0x12,
    0x48, 0xCD, 0x2E, 0x20, 0x20, 0xC1, 0xDF, 0x79, 0xC9, 0x06, 0x6B, 0xA6, 0x6E, 0x96, 0x09, 0x38,
    0x6D, 0xEB, 0x6F, 0x3B, 0xE0, 0x46, 0xE8, 0x70, 0xE2, 0x27, 0x4E, 0xCF, 0xD7, 0x26, 0x48, 0x1F,
    0x1D, 0x49, 0x7A, 0xA8, 0x17, 0xED, 0xA0, 0xD9, 0x34, 0x93, 0x56, 0xD6, 0x55, 0x34, 0xA2, 0x46,
    0x53, 0xF5, 0x92, 0x7E, 0xD0, 0xA4, 0x05, 0xF9, 0x6A, 0x03, 0x62, 0xBF, 0x57, 0xF0, 0xE3, 0x04,
    0x78, 0x2F, 0x33, 0x0F, 0x33, 0x56, 0xD3, 0x01, 0x7F,
};

static const EpdGlyph notosans_12_bolditalicGlyphs[] = {
    { 0, 0, 0, 0, 0, 0, 0 }, // U+0000
    { 0, 0, 104, 0, 0, 0, 0 }, // U+000D
    { 0, 0, 104, 0, 0, 0, 0 }, // U+0020
    { 8, 18, 115, 0, 18, 36, 0 }, // !
    { 10, 6, 181, 2, 18, 15, 36 }, // "
    { 17, 18, 258, 0, 18, 77, 51 }, // #
    { 14, 21, 220, 0, 19, 74, 128 }, // $
    { 20, 18, 342, 1, 18, 90, 202 }, // %
    { 18, 18, 283, 0, 18, 81, 292 }, // &
    { 5, 6, 102, 2, 18, 8, 373 }, // '
    { 11, 22, 136, 0, 18, 61, 381 }, // (
    { 10, 22, 136, -2, 18, 55, 442 }, // )
    { 13, 13, 218, 2, 19, 43, 497 }, // *
    { 13, 12, 229, 1, 15, 39, 540 }, // +
    { 7, 6, 115, -2, 3, 11, 579 }, // ,
    { 8, 4, 129, 0, 9, 8, 590 }, // -
    { 5, 4, 115, 0, 4, 5, 598 }, // .
    { 15, 18, 170, -2, 18, 68, 603 }, // /
    { 13, 20, 237, 1, 19, 65, 671 }, // 0
    { 11, 18, 189, 1, 18, 50, 736 }, // 1
    { 15, 19, 220, -1, 19, 72, 786 }, // 2
    { 15, 19, 220, -1, 19, 72, 858 }, // 3
    { 15, 19, 220, -1, 19, 72, 930 }, // 4
    { 15, 19, 220, -1, 18, 72, 1002 }, // 5
    { 13, 20, 228, 1, 19, 65, 1074 }, // 6
    { 15, 18, 203, 0, 18, 68, 1139 }, // 7
    { 14, 18, 222, 0, 18, 63, 1207 }, // 8
    { 13, 20, 222, 1, 19, 65, 1270 }, // 9
    { 7, 14, 115, 0, 14, 25, 1335 }, // :
    { 9, 17, 115, -2, 14, 39, 1360 }, // ;
    { 13, 14, 229, 1, 16, 46, 1399 }, // <
    { 13, 9, 229, 1, 14, 30, 1445 }, // =
    { 13, 14, 229, 1, 16, 46, 1475 }, // >
    { 12, 18, 184, 1, 18, 54, 1521 }, // ?
    { 21, 20, 342, 1, 18, 105, 1575 }, // @
    { 17, 18, 251, -2, 18, 77, 1680 }, // A
    { 16, 18, 248, 0, 18, 72, 1757 }, // B
    { 16, 18, 245, 1, 18, 72, 1829 }, // C
    { 17, 18, 271, 0, 18, 77, 1901 }, // D
    { 15, 18, 217, 0, 18, 68, 1978 }, // E
    { 15, 18, 213, 0, 18, 68, 2046 }, // F
    { 16, 18, 276, 1, 18, 72, 2114 }, // G
    { 18, 18, 280, 0, 18, 81, 2186 }, // H
    { 12, 18, 153, -1, 18, 54, 2267 }, // I
    { 13, 24, 134, -4, 18, 78, 2321 }, // J
    { 18, 18, 245, 0, 18, 81, 2399 }, // K
    { 12, 18, 207, 0, 18, 54, 2480 }, // L
    { 23, 18, 352, 0, 18, 104, 2534 }, // M
    { 20, 18, 303, 0, 18, 90, 2638 }, // N
    { 17, 18, 292, 1, 18, 77, 2728 }, // O
    { 16, 18, 244, 0, 18, 72, 2805 }, // P
    { 17, 22, 292, 1, 18, 94, 2877 }, // Q
    { 15, 18, 248, 0, 18, 68, 2971 }, // R
    { 14, 18, 212, 0, 18, 63, 3039 }, // S
    { 14, 18, 213, 2, 18, 63, 3102 }, // T
    { 17, 18, 277, 1, 18, 77, 3165 }, // U
    { 15, 18, 236, 2, 18, 68, 3242 }, // V
    { 23, 18, 358, 2, 18, 104, 3310 }, // W
    { 20, 18, 244, -2, 18, 90, 3414 }, // X
    { 15, 18, 226, 2, 18, 68, 3504 }, // Y
    { 16, 18, 214, -1, 18, 72, 3572 }, // Z
    { 11, 24, 132, -1, 18, 66, 3644 }, // [
    { 7, 18, 170, 2, 18, 32, 3710 }, // <backslash>
    { 11, 24, 132, -2, 18, 66, 3742 }, // ]
    { 14, 12, 220, 0, 18, 42, 3808 }, // ^
    { 12, 2, 160, -3, -2, 6, 3850 }, // _
    { 6, 4, 130, 3, 19, 6, 3856 }, // `
    { 14, 14, 237, 1, 14, 49, 3862 }, // a
    { 14, 19, 238, 0, 19, 67, 3911 }, // b
    { 12, 14, 194, 1, 14, 42, 3978 }, // c
    { 15, 19, 238, 1, 19, 72, 4020 }, // d
    { 13, 14, 223, 1, 14, 46, 4092 }, // e
    { 16, 25, 150, -3, 19, 100, 4138 }, // f
    { 15, 20, 238, 0, 14, 75, 4238 }, // g
    { 14, 19, 242, 0, 19, 67, 4313 }, // h
    { 9, 19, 120, 0, 19, 43, 4380 }, // i
    { 13, 25, 120, -4, 19, 82, 4423 }, // j
    { 16, 19, 227, 0, 19, 76, 4505 }, // k
    { 9, 19, 120, 0, 19, 43, 4581 }, // l
    { 22, 14, 362, 0, 14, 77, 4624 }, // m
    { 14, 14, 242, 0, 14, 49, 4701 }, // n
    { 13, 14, 234, 1, 14, 46, 4750 }, // o
    { 15, 20, 238, -1, 14, 75, 4796 }, // p
    { 14, 20, 238, 1, 14, 70, 4871 }, // q
    { 12, 14, 169, 0, 14, 42, 4941 }, // r
    { 12, 14, 190, 0, 14, 42, 4983 }, // s
    { 10, 17, 164, 1, 17, 43, 5025 }, // t
    { 14, 14, 242, 1, 14, 49, 5068 }, // u
    { 14, 14, 205, 1, 14, 49, 5117 }, // v
    { 20, 14, 315, 1, 14, 70, 5166 }, // w
    { 17, 14, 214, -2, 14, 60, 5236 }, // x
    { 17, 20, 208, -2, 14, 85, 5296 }, // y
    { 13, 14, 188, -1, 14, 46, 5381 }, // z
    { 12, 23, 142, -1, 18, 69, 5427 }, // {
    { 4, 25, 220, 5, 19, 25, 5496 }, // |
    { 11, 23, 142, -2, 18, 64, 5521 }, // }
    { 13, 6, 229, 1, 12, 20, 5585 }, // ~
    { 0, 0, 104, 0, 0, 0, 0 }, // U+00A0
    { 8, 18, 114, -1, 14, 36, 0 }, // U+00A1
    { 12, 18, 220, 2, 18, 54, 36 }, // U+00A2
    { 17, 18, 220, -1, 18, 77, 90 }, // U+00A3
    { 12, 12, 220, 1, 15, 36, 167 }, // U+00A4
    { 15, 18, 220, 1, 18, 68, 203 }, // U+00A5
    { 4, 25, 220, 5, 19, 25, 271 }, // U+00A6
    { 13, 19, 194, 0, 19, 62, 296 }, // U+00A7
    { 9, 4, 222, 5, 20, 9, 358 }, // U+00A8
    { 19, 19, 333, 1, 19, 91, 367 }, // U+00A9
    { 10, 9, 152, 1, 18, 23, 458 }, // U+00AA
    { 15, 12, 226, 0, 13, 45, 481 }, // U+00AB
    { 13, 9, 229, 1, 12, 30, 526 }, // U+00AC
    { 8, 4, 129, 0, 9, 8, 556 }, // U+00AD
    { 19, 19, 333, 1, 19, 91, 564 }, // U+00AE
    { 12, 4, 171, 2, 23, 12, 655 }, // U+00AF
    { 9, 9, 170, 1, 19, 21, 667 }, // U+00B0
    { 13, 16, 229, 1, 16, 52, 688 }, // U+00B1
    { 10, 11, 152, 1, 22, 28, 740 }, // U+00B2
    { 10, 11, 152, 1, 22, 28, 768 }, // U+00B3
    { 8, 4, 129, 2, 19, 8, 796 }, // U+00B4
    { 16, 20, 244, -1, 14, 80, 804 }, // U+00B5
    { 14, 24, 262, 1, 19, 84, 884 }, // U+00B6
    { 6, 4, 115, 1, 11, 6, 968 }, // U+00B7
    { 7, 6, 82, -3, 0, 11, 974 }, // U+00B8
    { 8, 11, 152, 2, 22, 22, 985 }, // U+00B9
    { 8, 9, 147, 2, 18, 18, 1007 }, // U+00BA
    { 14, 12, 225, 0, 13, 42, 1025 }, // U+00BB
    { 19, 18, 334, 1, 18, 86, 1067 }, // U+00BC
    { 21, 18, 356, 1, 18, 95, 1153 }, // U+00BD
    { 20, 19, 345, 1, 19, 95, 1248 }, // U+00BE
    { 11, 19, 186, -1, 14, 53, 1343 }, // U+00BF
    { 17, 23, 251, -2, 23, 98, 1396 }, // U+00C0
    { 18, 24, 251, -2, 24, 108, 1494 }, // U+00C1
    { 18, 23, 251, -2, 23, 104, 1602 }, // U+00C2
    { 18, 23, 251, -2, 23, 104, 1706 }, // U+00C3
    { 17, 24, 251, -2, 24, 102, 1810 }, // U+00C4
    { 17, 25, 251, -2, 25, 107, 1912 }, // U+00C5
    { 26, 18, 358, -2, 18, 117, 2019 }, // U+00C6
    { 16, 24, 245, 1, 18, 96, 2136 }, // U+00C7
    { 15, 23, 217, 0, 23, 87, 2232 }, // U+00C8
    { 15, 24, 217, 0, 24, 90, 2319 }, // U+00C9
    { 15, 23, 217, 0, 23, 87, 2409 }, // U+00CA
    { 15, 24, 217, 0, 24, 90, 2496 }, // U+00CB
    { 12, 23, 153, -1, 23, 69, 2586 }, // U+00CC
    { 14, 24, 153, -1, 24, 84, 2655 }, // U+00CD
    { 14, 23, 153, -1, 23, 81, 2739 }, // U+00CE
    { 13, 24, 153, -1, 24, 78, 2820 }, // U+00CF
    { 17, 18, 271, 0, 18, 77, 2898 }, // U+00D0
    { 20, 23, 303, 0, 23, 115, 2975 }, // U+00D1
    { 17, 24, 292, 1, 24, 102, 3090 }, // U+00D2
    { 17, 24, 292, 1, 24, 102, 3192 }, // U+00D3
    { 17, 24, 292, 1, 24, 102, 3294 }, // U+00D4
    { 17, 23, 292, 1, 23, 98, 3396 }, // U+00D5
    { 17, 24, 292, 1, 24, 102, 3494 }, // U+00D6
    { 12, 12, 229, 1, 15, 36, 3596 }, // U+00D7
    { 17, 20, 292, 1, 19, 85, 3632 }, // U+00D8
    { 17, 24, 277, 1, 24, 102, 3717 }, // U+00D9
    { 17, 24, 277, 1, 24, 102, 3819 }, // U+00DA
    { 17, 24, 277, 1, 24, 102, 3921 }, // U+00DB
    { 17, 24, 277, 1, 24, 102, 4023 }, // U+00DC
    { 15, 24, 226, 2, 24, 90, 4125 }, // U+00DD
    { 15, 18, 240, 0, 18, 68, 4215 }, // U+00DE
    { 20, 25, 264, -4, 19, 125, 4283 }, // U+00DF
    { 14, 19, 237, 1, 19, 67, 4408 }, // U+00E0
    { 14, 19, 237, 1, 19, 67, 4475 }, // U+00E1
    { 14, 19, 237, 1, 19, 67, 4542 }, // U+00E2
    { 14, 19, 237, 1, 19, 67, 4609 }, // U+00E3
    { 14, 19, 237, 1, 19, 67, 4676 }, // U+00E4
    { 14, 21, 237, 1, 21, 74, 4743 }, // U+00E5
    { 21, 14, 349, 1, 14, 74, 4817 }, // U+00E6
    { 12, 20, 194, 1, 14, 60, 4891 }, // U+00E7
    { 13, 19, 223, 1, 19, 62, 4951 }, // U+00E8
    { 13, 19, 223, 1, 19, 62, 5013 }, // U+00E9
    { 13, 19, 223, 1, 19, 62, 5075 }, // U+00EA
    { 13, 19, 223, 1, 19, 62, 5137 }, // U+00EB
    { 8, 19, 120, 0, 19, 38, 5199 }, // U+00EC
    { 11, 19, 120, 0, 19, 53, 5237 }, // U+00ED
    { 11, 19, 120, 0, 19, 53, 5290 }, // U+00EE
    { 10, 19, 120, 0, 19, 48, 5343 }, // U+00EF
    { 15, 21, 231, 0, 21, 79, 5391 }, // U+00F0
    { 15, 19, 242, 0, 19, 72, 5470 }, // U+00F1
    { 13, 19, 236, 1, 19, 62, 5542 }, // U+00F2
    { 13, 19, 236, 1, 19, 62, 5604 }, // U+00F3
    { 13, 19, 236, 1, 19, 62, 5666 }, // U+00F4
    { 14, 19, 236, 1, 19, 67, 5728 }, // U+00F5
    { 13, 19, 236, 1, 19, 62, 5795 }, // U+00F6
    { 13, 12, 229, 1, 15, 39, 5857 }, // U+00F7
    { 14, 16, 234, 0, 15, 56, 5896 }, // U+00F8
    { 14, 19, 242, 1, 19, 67, 5952 }, // U+00F9
    { 14, 19, 242, 1, 19, 67, 6019 }, // U+00FA
    { 14, 19, 242, 1, 19, 67, 6086 }, // U+00FB
    { 14, 19, 242, 1, 19, 67, 6153 }, // U+00FC
    { 17, 25, 208, -2, 19, 107, 6220 }, // U+00FD
    { 15, 25, 238, -1, 19, 94, 6327 }, // U+00FE
    { 17, 25, 208, -2, 19, 107, 6421 }, // U+00FF
    { 17, 23, 251, -2, 23, 98, 0 }, // U+0100
    { 14, 19, 237, 1, 19, 67, 98 }, // U+0101
    { 18, 24, 251, -2, 24, 108, 165 }, // U+0102
    { 14, 20, 237, 1, 20, 70, 273 }, // U+0103
    { 17, 24, 251, -2, 18, 102, 343 }, // U+0104
    { 14, 20, 237, 1, 14, 70, 445 }, // U+0105
    { 16, 24, 245, 1, 24, 96, 515 }, // U+0106
    { 12, 19, 194, 1, 19, 57, 611 }, // U+0107
    { 16, 24, 245, 1, 24, 96, 668 }, // U+0108
    { 12, 19, 194, 1, 19, 57, 764 }, // U+0109
    { 16, 24, 245, 1, 24, 96, 821 }, // U+010A
    { 12, 19, 194, 1, 19, 57, 917 }, // U+010B
    { 16, 24, 245, 1, 24, 96, 974 }, // U+010C
    { 13, 19, 194, 1, 19, 62, 1070 }, // U+010D
    { 17, 23, 271, 0, 23, 98, 1132 }, // U+010E
    { 20, 19, 272, 1, 19, 95, 1230 }, // U+010F
    { 17, 18, 271, 0, 18, 77, 1325 }, // U+0110
    { 16, 19, 238, 1, 19, 76, 1402 }, // U+0111
    { 15, 23, 217, 0, 23, 87, 1478 }, // U+0112
    { 13, 19, 223, 1, 19, 62, 1565 }, // U+0113
    { 15, 24, 217, 0, 24, 90, 1627 }, // U+0114
    { 13, 20, 223, 1, 20, 65, 1717 }, // U+0115
    { 15, 24, 217, 0, 24, 90, 1782 }, // U+0116
    { 13, 19, 223, 1, 19, 62, 1872 }, // U+0117
    { 15, 24, 217, 0, 18, 90, 1934 }, // U+0118
    { 13, 20, 223, 1, 14, 65, 2024 }, // U+0119
    { 16, 23, 217, 0, 23, 92, 2089 }, // U+011A
    { 14, 19, 223, 1, 19, 67, 2181 }, // U+011B
    { 16, 24, 276, 1, 24, 96, 2248 }, // U+011C
    { 15, 25, 238, 0, 19, 94, 2344 }, // U+011D
    { 16, 24, 276, 1, 24, 96, 2438 }, // U+011E
    { 15, 26, 238, 0, 20, 98, 2534 }, // U+011F
    { 16, 24, 276, 1, 24, 96, 2632 }, // U+0120
    { 15, 25, 238, 0, 19, 94, 2728 }, // U+0121
    { 16, 24, 276, 1, 18, 96, 2822 }, // U+0122
    { 15, 25, 238, 0, 19, 94, 2918 }, // U+0123
    { 18, 23, 280, 0, 23, 104, 3012 }, // U+0124
    { 14, 25, 242, 0, 25, 88, 3116 }, // U+0125
    { 20, 18, 280, 0, 18, 90, 3204 }, // U+0126
    { 14, 19, 242, 0, 19, 67, 3294 }, // U+0127
    { 14, 23, 153, -1, 23, 81, 3361 }, // U+0128
    { 12, 19, 120, 0, 19, 57, 3442 }, // U+0129
    { 13, 23, 153, -1, 23, 75, 3499 }, // U+012A
    { 10, 19, 120, 0, 19, 48, 3574 }, // U+012B
    { 14, 24, 153, -1, 24, 84, 3622 }, // U+012C
    { 11, 20, 120, 0, 20, 55, 3706 }, // U+012D
    { 12, 24, 153, -1, 18, 72, 3761 }, // U+012E
    { 10, 25, 120, -1, 19, 63, 3833 }, // U+012F
    { 12, 24, 153, -1, 24, 72, 3896 }, // U+0130
    { 8, 14, 120, 0, 14, 28, 3968 }, // U+0131
    { 20, 24, 286, -1, 18, 120, 3996 }, // U+0132
    { 16, 25, 239, 0, 19, 100, 4116 }, // U+0133
    { 16, 30, 134, -4, 24, 120, 4216 }, // U+0134
    { 15, 25, 120, -4, 19, 94, 4336 }, // U+0135
    { 18, 24, 251, 0, 18, 108, 4430 }, // U+0136
    { 16, 25, 227, 0, 19, 100, 4538 }, // U+0137
    { 16, 14, 227, 0, 14, 56, 4638 }, // U+0138
    { 13, 24, 207, 0, 24, 78, 4694 }, // U+0139
    { 12, 25, 120, 0, 25, 75, 4772 }, // U+013A
    { 12, 24, 207, 0, 18, 72, 4847 }, // U+013B
    { 10, 25, 120, -1, 19, 63, 4919 }, // U+013C
    { 15, 18, 207, 0, 18, 68, 4982 }, // U+013D
    { 14, 19, 152, 0, 19, 67, 5050 }, // U+013E
    { 13, 18, 207, 0, 18, 59, 5117 }, // U+013F
    { 12, 19, 176, 0, 19, 57, 5176 }, // U+0140
    { 13, 18, 207, -1, 18, 59, 5233 }, // U+0141
    { 9, 19, 131, 0, 19, 43, 5292 }, // U+0142
    { 20, 24, 303, 0, 24, 120, 5335 }, // U+0143
    { 15, 19, 242, 0, 19, 72, 5455 }, // U+0144
    { 20, 24, 303, 0, 18, 120, 5527 }, // U+0145
    { 14, 20, 242, 0, 14, 70, 5647 }, // U+0146
    { 20, 23, 303, 0, 23, 115, 5717 }, // U+0147
    { 16, 19, 242, 0, 19, 76, 5832 }, // U+0148
    { 17, 18, 282, 0, 18, 77, 5908 }, // U+0149
    { 19, 23, 302, 0, 18, 110, 5985 }, // U+014A
    { 14, 20, 242, 0, 14, 70, 6095 }, // U+014B
    { 17, 23, 292, 1, 23, 98, 6165 }, // U+014C
    { 13, 19, 236, 1, 19, 62, 6263 }, // U+014D
    { 17, 24, 292, 1, 24, 102, 6325 }, // U+014E
    { 13, 20, 236, 1, 20, 65, 6427 }, // U+014F
    { 19, 24, 292, 1, 24, 114, 6492 }, // U+0150
    { 16, 19, 236, 1, 19, 76, 6606 }, // U+0151
    { 23, 18, 360, 1, 18, 104, 6682 }, // U+0152
    { 21, 14, 353, 1, 14, 74, 6786 }, // U+0153
    { 16, 24, 248, 0, 24, 96, 6860 }, // U+0154
    { 13, 19, 169, 0, 19, 62, 6956 }, // U+0155
    { 15, 24, 248, 0, 18, 90, 7018 }, // U+0156
    { 13, 20, 169, -1, 14, 65, 7108 }, // U+0157
    { 17, 23, 248, 0, 23, 98, 7173 }, // U+0158
    { 14, 19, 169, 0, 19, 67, 7271 }, // U+0159
    { 14, 24, 212, 0, 24, 84, 7338 }, // U+015A
    { 13, 19, 190, 0, 19, 62, 7422 }, // U+015B
    { 14, 24, 212, 0, 24, 84, 7484 }, // U+015C
    { 13, 19, 190, 0, 19, 62, 7568 }, // U+015D
    { 14, 24, 212, 0, 18, 84, 7630 }, // U+015E
    { 12, 20, 190, 0, 14, 60, 7714 }, // U+015F
    { 15, 24, 212, 0, 24, 90, 7774 }, // U+0160
    { 13, 19, 190, 0, 19, 62, 7864 }, // U+0161
    { 15, 25, 213, 1, 18, 94, 7926 }, // U+0162
    { 10, 23, 164, 1, 17, 58, 8020 }, // U+0163
    { 14, 23, 213, 2, 23, 81, 8078 }, // U+0164
    { 13, 19, 164, 1, 19, 62, 8159 }, // U+0165
    { 15, 18, 213, 1, 18, 68, 8221 }, // U+0166
    { 11, 17, 164, 0, 17, 47, 8289 }, // U+0167
    { 17, 23, 277, 1, 23, 98, 8336 }, // U+0168
    { 14, 19, 242, 1, 19, 67, 8434 }, // U+0169
    { 17, 23, 277, 1, 23, 98, 8501 }, // U+016A
    { 14, 19, 242, 1, 19, 67, 8599 }, // U+016B
    { 17, 24, 277, 1, 24, 102, 8666 }, // U+016C
    { 14, 20, 242, 1, 20, 70, 8768 }, // U+016D
    { 17, 26, 277, 1, 26, 111, 8838 }, // U+016E
    { 14, 21, 242, 1, 21, 74, 8949 }, // U+016F
    { 18, 24, 277, 1, 24, 108, 9023 }, // U+0170
    { 16, 19, 242, 1, 19, 76, 9131 }, // U+0171
    { 17, 24, 277, 1, 18, 102, 9207 }, // U+0172
    { 14, 20, 242, 1, 14, 70, 9309 }, // U+0173
    { 23, 23, 362, 2, 23, 133, 9379 }, // U+0174
    { 20, 19, 315, 1, 19, 95, 9512 }, // U+0175
    { 15, 23, 226, 2, 23, 87, 9607 }, // U+0176
    { 17, 25, 208, -2, 19, 107, 9694 }, // U+0177
    { 15, 24, 226, 2, 24, 90, 9801 }, // U+0178
    { 16, 24, 214, -1, 24, 96, 9891 }, // U+0179
    { 14, 19, 188, -1, 19, 67, 9987 }, // U+017A
    { 16, 24, 214, -1, 24, 96, 10054 }, // U+017B
    { 13, 19, 188, -1, 19, 62, 10150 }, // U+017C
    { 17, 23, 214, -1, 23, 98, 10212 }, // U+017D
    { 15, 19, 188, -1, 19, 72, 10310 }, // U+017E
    { 15, 25, 143, -3, 19, 94, 10382 }, // U+017F
    { 21, 19, 309, 1, 19, 100, 0 }, // U+01A0
    { 18, 16, 257, 1, 16, 72, 100 }, // U+01A1
    { 23, 19, 310, 1, 19, 110, 172 }, // U+01AF
    { 20, 16, 284, 1, 16, 80, 282 }, // U+01B0
    { 33, 23, 485, 0, 23, 190, 362 }, // U+01C4
    { 31, 19, 453, 0, 19, 148, 552 }, // U+01C5
    { 28, 19, 420, 1, 19, 133, 700 }, // U+01C6
    { 22, 24, 340, 0, 18, 132, 833 }, // U+01C7
    { 22, 25, 326, 0, 19, 138, 965 }, // U+01C8
    { 16, 25, 239, 0, 19, 100, 1103 }, // U+01C9
    { 28, 24, 434, 0, 18, 168, 1203 }, // U+01CA
    { 27, 25, 421, 0, 19, 169, 1371 }, // U+01CB
    { 24, 25, 360, 0, 19, 150, 1540 }, // U+01CC
    { 19, 23, 251, -2, 23, 110, 1690 }, // U+01CD
    { 14, 19, 237, 1, 19, 67, 1800 }, // U+01CE
    { 15, 23, 153, -1, 23, 87, 1867 }, // U+01CF
    { 12, 19, 120, 0, 19, 57, 1954 }, // U+01D0
    { 17, 24, 292, 1, 24, 102, 2011 }, // U+01D1
    { 14, 19, 236, 1, 19, 67, 2113 }, // U+01D2
    { 17, 24, 277, 1, 24, 102, 2180 }, // U+01D3
    { 14, 19, 242, 1, 19, 67, 2282 }, // U+01D4
    { 17, 26, 277, 1, 26, 111, 2349 }, // U+01D5
    { 14, 23, 242, 1, 23, 81, 2460 }, // U+01D6
    { 17, 27, 277, 1, 27, 115, 2541 }, // U+01D7
    { 14, 23, 242, 1, 23, 81, 2656 }, // U+01D8
    { 17, 27, 277, 1, 27, 115, 2737 }, // U+01D9
    { 15, 23, 242, 1, 23, 87, 2852 }, // U+01DA
    { 17, 27, 277, 1, 27, 115, 2939 }, // U+01DB
    { 14, 24, 242, 1, 24, 84, 3054 }, // U+01DC
    { 13, 14, 223, 0, 14, 46, 3138 }, // U+01DD
    { 18, 26, 251, -2, 26, 117, 3184 }, // U+01DE
    { 14, 23, 237, 1, 23, 81, 3301 }, // U+01DF
    { 18, 26, 251, -2, 26, 117, 3382 }, // U+01E0
    { 14, 23, 237, 1, 23, 81, 3499 }, // U+01E1
    { 26, 23, 358, -2, 23, 150, 3580 }, // U+01E2
    { 21, 19, 349, 1, 19, 100, 3730 }, // U+01E3
    { 16, 18, 276, 1, 18, 72, 3830 }, // U+01E4
    { 15, 20, 238, 0, 14, 75, 3902 }, // U+01E5
    { 17, 24, 276, 1, 24, 102, 3977 }, // U+01E6
    { 15, 25, 238, 0, 19, 94, 4079 }, // U+01E7
    { 18, 23, 251, 0, 23, 104, 4173 }, // U+01E8
    { 16, 25, 227, 0, 25, 100, 4277 }, // U+01E9
    { 17, 24, 292, 1, 18, 102, 4377 }, // U+01EA
    { 13, 20, 236, 1, 14, 65, 4479 }, // U+01EB
    { 17, 29, 292, 1, 23, 124, 4544 }, // U+01EC
    { 13, 25, 236, 1, 19, 82, 4668 }, // U+01ED
    { 16, 24, 222, -1, 24, 96, 4750 }, // U+01EE
    { 16, 25, 219, -2, 19, 100, 4846 }, // U+01EF
    { 16, 25, 120, -4, 19, 100, 4946 }, // U+01F0
    { 32, 18, 485, 0, 18, 144, 5046 }, // U+01F1
    { 29, 18, 459, 0, 18, 131, 5190 }, // U+01F2
    { 26, 19, 426, 1, 19, 124, 5321 }, // U+01F3
    { 16, 24, 276, 1, 24, 96, 5445 }, // U+01F4
    { 15, 25, 238, 0, 19, 94, 5541 }, // U+01F5
    { 25, 18, 403, 0, 18, 113, 5635 }, // U+01F6
    { 18, 24, 258, -1, 18, 108, 5748 }, // U+01F7
    { 20, 23, 303, 0, 23, 115, 5856 }, // U+01F8
    { 14, 19, 242, 0, 19, 67, 5971 }, // U+01F9
    { 19, 24, 251, -2, 24, 114, 6038 }, // U+01FA
    { 15, 25, 237, 1, 25, 94, 6152 }, // U+01FB
    { 26, 24, 358, -2, 24, 156, 6246 }, // U+01FC
    { 21, 19, 349, 1, 19, 100, 6402 }, // U+01FD
    { 17, 25, 292, 1, 24, 107, 6502 }, // U+01FE
    { 15, 21, 234, 0, 20, 79, 6609 }, // U+01FF
    { 17, 23, 251, -2, 23, 98, 6688 }, // U+0200
    { 14, 19, 237, 1, 19, 67, 6786 }, // U+0201
    { 18, 24, 251, -2, 24, 108, 6853 }, // U+0202
    { 14, 20, 237, 1, 20, 70, 6961 }, // U+0203
    { 15, 23, 217, 0, 23, 87, 7031 }, // U+0204
    { 13, 19, 223, 1, 19, 62, 7118 }, // U+0205
    { 15, 24, 217, 0, 24, 90, 7180 }, // U+0206
    { 13, 20, 223, 1, 20, 65, 7270 }, // U+0207
    { 12, 23, 153, -1, 23, 69, 7335 }, // U+0208
    { 10, 19, 120, -1, 19, 48, 7404 }, // U+0209
    { 13, 24, 153, -1, 24, 78, 7452 }, // U+020A
    { 11, 19, 120, 0, 19, 53, 7530 }, // U+020B
    { 17, 24, 292, 1, 24, 102, 7583 }, // U+020C
    { 13, 19, 236, 1, 19, 62, 7685 }, // U+020D
    { 17, 25, 292, 1, 25, 107, 7747 }, // U+020E
    { 13, 20, 236, 1, 20, 65, 7854 }, // U+020F
    { 15, 23, 248, 0, 23, 87, 7919 }, // U+0210
    { 12, 19, 169, 0, 19, 57, 8006 }, // U+0211
    { 15, 24, 248, 0, 24, 90, 8063 }, // U+0212
    { 13, 20, 169, 0, 20, 65, 8153 }, // U+0213
    { 17, 24, 277, 1, 24, 102, 8218 }, // U+0214
    { 14, 19, 242, 1, 19, 67, 8320 }, // U+0215
    { 17, 25, 277, 1, 25, 107, 8387 }, // U+0216
    { 14, 19, 242, 1, 19, 67, 8494 }, // U+0217
    { 14, 24, 212, 0, 18, 84, 8561 }, // U+0218
    { 12, 20, 190, 0, 14, 60, 8645 }, // U+0219
    { 15, 24, 213, 1, 18, 90, 8705 }, // U+021A
    { 10, 22, 164, 1, 16, 55, 8795 }, // U+021B
    { 18, 23, 252, -2, 18, 104, 8850 }, // U+021C
    { 15, 21, 202, -2, 14, 79, 8954 }, // U+021D
    { 18, 23, 280, 0, 23, 104, 9033 }, // U+021E
    { 14, 25, 242, 0, 25, 88, 9137 }, // U+021F
    { 6, 4, 0, -11, 19, 6, 0 }, // U+0300
    { 8, 4, 0, -6, 19, 8, 6 }, // U+0301
    { 11, 4, 0, -4, 19, 11, 14 }, // U+0302
    { 11, 5, 0, -11, 20, 14, 25 }, // U+0303
    { 9, 4, 0, -3, 19, 9, 39 }, // U+0304
    { 11, 4, 0, -3, 23, 11, 48 }, // U+0305
    { 10, 4, 0, -3, 19, 10, 59 }, // U+0306
    { 5, 4, 0, 0, 19, 5, 69 }, // U+0307
    { 9, 4, 0, -2, 20, 9, 74 }, // U+0308
    { 6, 7, 0, -8, 22, 11, 83 }, // U+0309
    { 7, 6, 0, -1, 21, 11, 94 }, // U+030A
    { 12, 4, 0, -3, 19, 12, 105 }, // U+030B
    { 11, 4, 0, -3, 19, 11, 117 }, // U+030C
    { 5, 7, 0, 0, 19, 9, 128 }, // U+030D
    { 9, 4, 0, -2, 19, 9, 137 }, // U+030E
    { 11, 4, 0, -12, 19, 11, 146 }, // U+030F
    { 9, 7, 0, -2, 22, 16, 157 }, // U+0310
    { 10, 6, 0, -3, 21, 15, 173 }, // U+0311
    { 7, 6, 0, -2, 18, 11, 188 }, // U+0312
    { 7, 6, 0, -2, 18, 11, 199 }, // U+0313
    { 4, 6, 0, 0, 18, 6, 210 }, // U+0314
    { 7, 6, 0, -2, 18, 11, 216 }, // U+0315
    { 6, 4, 0, -5, -1, 6, 227 }, // U+0316
    { 8, 4, 0, -6, -1, 8, 233 }, // U+0317
    { 6, 5, 0, -5, -1, 8, 241 }, // U+0318
    { 6, 5, 0, -5, -1, 8, 249 }, // U+0319
    { 8, 8, 126, 2, 20, 16, 257 }, // U+031A
    { 8, 6, 0, -2, 19, 12, 273 }, // U+031B
    { 5, 7, 0, -2, 0, 9, 285 }, // U+031C
    { 7, 4, 0, -6, -1, 7, 294 }, // U+031D
    { 6, 5, 0, -5, -1, 8, 301 }, // U+031E
    { 6, 6, 0, -5, 0, 9, 309 }, // U+031F
    { 7, 2, 0, -6, -2, 4, 318 }, // U+0320
    { 8, 8, 0, -6, 2, 16, 322 }, // U+0321
    { 6, 7, 0, -3, 1, 11, 338 }, // U+0322
    { 5, 4, 0, -12, -1, 5, 349 }, // U+0323
    { 9, 4, 0, -7, -1, 9, 354 }, // U+0324
    { 7, 6, 0, -6, 0, 11, 363 }, // U+0325
    { 6, 4, 0, 1, -2, 6, 374 }, // U+0326
    { 7, 6, 0, -5, 0, 11, 380 }, // U+0327
    { 6, 6, 0, -5, 0, 9, 391 }, // U+0328
    { 5, 7, 0, -4, -1, 9, 400 }, // U+0329
    { 10, 5, 0, -7, -1, 13, 409 }, // U+032A
    { 10, 4, 0, -7, -1, 10, 422 }, // U+032B
    { 11, 4, 0, -7, -1, 11, 432 }, // U+032C
    { 11, 4, 0, -8, -1, 11, 443 }, // U+032D
    { 10, 4, 0, -7, -1, 10, 454 }, // U+032E
    { 10, 6, 0, -7, 0, 15, 464 }, // U+032F
    { 12, 5, 0, -8, 0, 15, 479 }, // U+0330
    { 9, 4, 0, -7, 0, 9, 494 }, // U+0331
    { 12, 2, 0, -8, -2, 6, 503 }, // U+0332
    { 13, 5, 0, -9, -1, 17, 509 }, // U+0333
    { 12, 5, 0, -6, 10, 15, 526 }, // U+0334
    { 11, 4, 0, -6, 9, 11, 541 }, // U+0335
    { 20, 4, 0, -10, 10, 20, 552 }, // U+0336
    { 10, 8, 0, -5, 11, 20, 572 }, // U+0337
    { 16, 21, 0, -8, 20, 84, 592 }, // U+0338
    { 4, 6, 0, -2, 0, 6, 676 }, // U+0339
    { 10, 5, 0, -7, 0, 13, 682 }, // U+033A
    { 10, 6, 0, -7, 0, 15, 695 }, // U+033B
    { 10, 3, 0, -7, -2, 8, 710 }, // U+033C
    { 7, 6, 0, -1, 20, 11, 718 }, // U+033D
    { 6, 8, 0, -1, 22, 12, 729 }, // U+033E
    { 12, 5, 0, -3, 24, 15, 741 }, // U+033F
    { 6, 4, 0, -2, 19, 6, 756 }, // U+0340
    { 7, 4, 0, 0, 19, 7, 762 }, // U+0341
    { 12, 5, 0, 3, 20, 15, 769 }, // U+0342
    { 5, 5, 0, 0, 20, 7, 784 }, // U+0343
    { 14, 4, 0, -4, 19, 14, 791 }, // U+0344
    { 6, 4, 0, -4, -2, 6, 805 }, // U+0345
    { 12, 5, 0, -4, 20, 15, 811 }, // U+0346
    { 12, 5, 0, -8, -1, 15, 826 }, // U+0347
    { 8, 4, 0, -6, -1, 8, 841 }, // U+0348
    { 6, 5, 0, -5, -1, 8, 849 }, // U+0349
    { 10, 5, 0, -3, 19, 13, 857 }, // U+034A
    { 11, 10, 0, -3, 24, 28, 870 }, // U+034B
    { 11, 6, 0, -3, 21, 17, 898 }, // U+034C
    { 10, 6, 0, -7, 0, 15, 915 }, // U+034D
    { 5, 6, 0, -4, 0, 8, 930 }, // U+034E
    { 18, 19, 0, -9, 18, 86, 938 }, // U+034F
    { 5, 5, 0, 0, 20, 7, 1024 }, // U+0350
    { 4, 7, 0, 3, 21, 7, 1031 }, // U+0351
    { 10, 7, 0, -3, 22, 18, 1038 }, // U+0352
    { 5, 6, 0, -4, 0, 8, 1056 }, // U+0353
    { 5, 5, 0, -4, -1, 7, 1064 }, // U+0354
    { 5, 5, 0, -4, -1, 7, 1071 }, // U+0355
    { 10, 5, 0, -6, -1, 13, 1078 }, // U+0356
    { 5, 6, 0, 2, 21, 8, 1091 }, // U+0357
    { 5, 4, 0, 0, 19, 5, 1099 }, // U+0358
    { 6, 6, 0, -5, -1, 9, 1104 }, // U+0359
    { 10, 6, 0, -7, -1, 15, 1113 }, // U+035A
    { 5, 5, 0, 0, 20, 7, 1128 }, // U+035B
    { 20, 5, 0, -11, -1, 25, 1135 }, // U+035C
    { 20, 5, 0, -8, 20, 25, 1160 }, // U+035D
    { 14, 4, 0, -5, 19, 14, 1185 }, // U+035E
    { 14, 4, 0, -9, 0, 14, 1199 }, // U+035F
    { 21, 5, 0, -8, 20, 27, 1213 }, // U+0360
    { 20, 7, 0, -7, 23, 35, 1240 }, // U+0361
    { 21, 6, 0, -13, 0, 32, 1275 }, // U+0362
    { 7, 6, 0, -1, 22, 11, 1307 }, // U+0363
    { 7, 7, 0, -1, 22, 13, 1318 }, // U+0364
    { 5, 7, 0, 0, 23, 9, 1331 }, // U+0365
    { 7, 6, 0, -1, 22, 11, 1340 }, // U+0366
    { 7, 7, 0, -1, 22, 13, 1351 }, // U+0367
    { 6, 6, 0, 0, 22, 9, 1364 }, // U+0368
    { 8, 8, 0, -1, 24, 16, 1373 }, // U+0369
    { 7, 8, 0, -1, 23, 14, 1389 }, // U+036A
    { 10, 5, 0, -3, 21, 13, 1403 }, // U+036B
    { 6, 5, 0, 0, 21, 8, 1416 }, // U+036C
    { 5, 8, 0, 0, 24, 10, 1424 }, // U+036D
    { 6, 5, 0, 0, 21, 8, 1434 }, // U+036E
    { 8, 5, 0, -2, 21, 10, 1442 }, // U+036F
    { 15, 23, 212, 0, 23, 87, 0 }, // U+0400
    { 15, 24, 212, 0, 24, 90, 87 }, // U+0401
    { 15, 18, 284, 2, 18, 68, 177 }, // U+0402
    { 15, 24, 201, 0, 24, 90, 245 }, // U+0403
    { 16, 18, 242, 1, 18, 72, 335 }, // U+0404
    { 14, 18, 212, 0, 18, 63, 407 }, // U+0405
    { 9, 18, 123, 0, 18, 41, 470 }, // U+0406
    { 11, 24, 124, 0, 24, 66, 511 }, // U+0407
    { 14, 23, 128, -5, 18, 81, 577 }, // U+0408
    { 25, 18, 387, -1, 18, 113, 658 }, // U+0409
    { 23, 18, 374, 0, 18, 104, 771 }, // U+040A
    { 15, 18, 291, 2, 18, 68, 875 }, // U+040B
    { 18, 24, 251, 0, 24, 108, 943 }, // U+040C
    { 18, 23, 280, 0, 23, 104, 1051 }, // U+040D
    { 18, 24, 236, 0, 24, 108, 1155 }, // U+040E
    { 18, 22, 270, 0, 18, 99, 1263 }, // U+040F
    { 17, 18, 251, -2, 18, 77, 1362 }, // U+0410
    { 15, 18, 236, 0, 18, 68, 1439 }, // U+0411
    { 16, 18, 246, 0, 18, 72, 1507 }, // U+0412
    { 15, 18, 201, 0, 18, 68, 1579 }, // U+0413
    { 21, 23, 289, -3, 18, 121, 1647 }, // U+0414
    { 15, 18, 212, 0, 18, 68, 1768 }, // U+0415
    { 27, 18, 362, -2, 18, 122, 1836 }, // U+0416
    { 15, 18, 228, 0, 18, 68, 1958 }, // U+0417
    { 18, 18, 280, 0, 18, 81, 2026 }, // U+0418
    { 18, 24, 280, 0, 24, 108, 2107 }, // U+0419
    { 18, 18, 251, 0, 18, 81, 2215 }, // U+041A
    { 19, 18, 279, -1, 18, 86, 2296 }, // U+041B
    { 23, 18, 348, 0, 18, 104, 2382 }, // U+041C
    { 18, 18, 274, 0, 18, 81, 2486 }, // U+041D
    { 17, 18, 287, 1, 18, 77, 2567 }, // U+041E
    { 18, 18, 270, 0, 18, 81, 2644 }, // U+041F
    { 16, 18, 236, 0, 18, 72, 2725 }, // U+0420
    { 16, 18, 238, 1, 18, 72, 2797 }, // U+0421
    { 14, 18, 209, 2, 18, 63, 2869 }, // U+0422
    { 18, 18, 238, 0, 18, 81, 2932 }, // U+0423
    { 21, 18, 352, 1, 18, 95, 3013 }, // U+0424
    { 20, 18, 243, -2, 18, 90, 3108 }, // U+0425
    { 18, 23, 279, 0, 18, 104, 3198 }, // U+0426
    { 15, 18, 264, 2, 18, 68, 3302 }, // U+0427
    { 25, 18, 394, 0, 18, 113, 3370 }, // U+0428
    { 25, 23, 398, 0, 18, 144, 3483 }, // U+0429
    { 15, 18, 280, 2, 18, 68, 3627 }, // U+042A
    { 23, 18, 351, 0, 18, 104, 3695 }, // U+042B
    { 15, 18, 238, 0, 18, 68, 3799 }, // U+042C
    { 16, 18, 244, 0, 18, 72, 3867 }, // U+042D
    { 25, 18, 395, 0, 18, 113, 3939 }, // U+042E
    { 18, 18, 247, -2, 18, 81, 4052 }, // U+042F
    { 15, 14, 232, 0, 14, 53, 4133 }, // U+0430
    { 14, 20, 226, 1, 20, 70, 4186 }, // U+0431
    { 14, 14, 221, 0, 14, 49, 4256 }, // U+0432
    { 13, 14, 185, -1, 14, 46, 4305 }, // U+0433
    { 14, 19, 230, 0, 19, 67, 4351 }, // U+0434
    { 13, 14, 209, 0, 14, 46, 4418 }, // U+0435
    { 26, 14, 382, -1, 14, 91, 4464 }, // U+0436
    { 12, 14, 199, 0, 14, 42, 4555 }, // U+0437
    { 14, 14, 238, 1, 14, 49, 4597 }, // U+0438
    { 14, 20, 237, 1, 20, 70, 4646 }, // U+0439
    { 16, 14, 224, 0, 14, 56, 4716 }, // U+043A
    { 16, 14, 243, -1, 14, 56, 4772 }, // U+043B
    { 19, 14, 309, 0, 14, 67, 4828 }, // U+043C
    { 15, 14, 235, 0, 14, 53, 4895 }, // U+043D
    { 14, 14, 228, 0, 14, 49, 4948 }, // U+043E
    { 14, 14, 238, 0, 14, 49, 4997 }, // U+043F
    { 16, 20, 242, -1, 14, 80, 5046 }, // U+0440
    { 12, 14, 188, 0, 14, 42, 5126 }, // U+0441
    { 22, 14, 358, 0, 14, 77, 5168 }, // U+0442
    { 17, 20, 213, -2, 14, 85, 5245 }, // U+0443
    { 18, 26, 297, 0, 20, 117, 5330 }, // U+0444
    { 17, 14, 208, -2, 14, 60, 5447 }, // U+0445
    { 14, 17, 245, 1, 14, 60, 5507 }, // U+0446
    { 14, 14, 232, 1, 14, 49, 5567 }, // U+0447
    { 22, 14, 358, 1, 14, 77, 5616 }, // U+0448
    { 22, 17, 365, 1, 14, 94, 5693 }, // U+0449
    { 15, 14, 250, 0, 14, 53, 5787 }, // U+044A
    { 20, 14, 320, 0, 14, 70, 5840 }, // U+044B
    { 13, 14, 220, 0, 14, 46, 5910 }, // U+044C
    { 12, 14, 190, 0, 14, 42, 5956 }, // U+044D
    { 20, 14, 322, 0, 14, 70, 5998 }, // U+044E
    { 16, 14, 220, -2, 14, 56, 6068 }, // U+044F
    { 13, 19, 209, 0, 19, 62, 6124 }, // U+0450
    { 13, 19, 209, 0, 19, 62, 6186 }, // U+0451
    { 14, 25, 239, 0, 19, 88, 6248 }, // U+0452
    { 14, 20, 185, -1, 20, 70, 6336 }, // U+0453
    { 12, 14, 188, 0, 14, 42, 6406 }, // U+0454
    { 12, 14, 182, 0, 14, 42, 6448 }, // U+0455
    { 9, 19, 116, 0, 19, 43, 6490 }, // U+0456
    { 10, 19, 114, 0, 19, 48, 6533 }, // U+0457
    { 13, 25, 115, -4, 19, 82, 6581 }, // U+0458
    { 22, 14, 343, -1, 14, 77, 6663 }, // U+0459
    { 21, 14, 335, 0, 14, 74, 6740 }, // U+045A
    { 14, 19, 239, 0, 19, 67, 6814 }, // U+045B
    { 16, 20, 222, 0, 20, 80, 6881 }, // U+045C
    { 14, 19, 237, 1, 19, 67, 6961 }, // U+045D
    { 17, 26, 213, -2, 20, 111, 7028 }, // U+045E
    { 14, 19, 238, 1, 14, 67, 7139 }, // U+045F
    { 23, 18, 354, 2, 18, 104, 7206 }, // U+0460
    { 21, 14, 323, 1, 14, 74, 7310 }, // U+0461
    { 14, 18, 251, 1, 18, 63, 7384 }, // U+0462
    { 20, 14, 344, 0, 14, 70, 7447 }, // U+0463
    { 24, 18, 355, 0, 18, 108, 7517 }, // U+0464
    { 19, 14, 300, 0, 14, 67, 7625 }, // U+0465
    { 18, 18, 268, -2, 18, 81, 7692 }, // U+0466
    { 16, 14, 232, -2, 14, 56, 7773 }, // U+0467
    { 22, 18, 370, 0, 18, 99, 7829 }, // U+0468
    { 20, 14, 334, 0, 14, 70, 7928 }, // U+0469
    { 21, 18, 292, -2, 18, 95, 7998 }, // U+046A
    { 17, 14, 232, -2, 14, 60, 8093 }, // U+046B
    { 26, 18, 394, 0, 18, 117, 8153 }, // U+046C
    { 22, 14, 331, 0, 14, 77, 8270 }, // U+046D
    { 16, 28, 238, -1, 22, 112, 8347 }, // U+046E
    { 15, 23, 210, -2, 17, 87, 8459 }, // U+046F
    { 21, 18, 331, 2, 18, 95, 8546 }, // U+0470
    { 19, 25, 323, 1, 19, 119, 8641 }, // U+0471
    { 17, 18, 292, 1, 18, 77, 8760 }, // U+0472
    { 13, 14, 234, 1, 14, 46, 8837 }, // U+0473
    { 16, 18, 260, 2, 18, 72, 8883 }, // U+0474
    { 14, 14, 218, 1, 14, 49, 8955 }, // U+0475
    { 16, 23, 260, 2, 23, 92, 9004 }, // U+0476
    { 14, 19, 218, 1, 19, 67, 9096 }, // U+0477
    { 32, 24, 500, 1, 18, 192, 9163 }, // U+0478
    { 28, 20, 442, 1, 14, 140, 9355 }, // U+0479
    { 18, 21, 303, 1, 19, 95, 9495 }, // U+047A
    { 14, 16, 253, 1, 15, 56, 9590 }, // U+047B
    { 24, 27, 405, 1, 27, 162, 9646 }, // U+047C
    { 20, 23, 346, 1, 23, 115, 9808 }, // U+047D
    { 23, 23, 354, 2, 23, 133, 9923 }, // U+047E
    { 21, 19, 325, 1, 19, 100, 10056 }, // U+047F
    { 16, 24, 245, 1, 18, 96, 10156 }, // U+0480
    { 12, 20, 194, 1, 14, 60, 10252 }, // U+0481
    { 13, 17, 244, 1, 16, 56, 10312 }, // U+0482
    { 10, 5, 0, -10, 18, 13, 10368 }, // U+0483
    { 10, 4, 0, -10, 19, 10, 10381 }, // U+0484
    { 5, 5, 0, -7, 20, 7, 10391 }, // U+0485
    { 5, 6, 0, -7, 20, 8, 10398 }, // U+0486
    { 11, 4, 0, -3, 23, 11, 10406 }, // U+0487
    { 30, 27, 0, -15, 20, 203, 10417 }, // U+0488
    { 28, 28, 0, -14, 21, 196, 10620 }, // U+0489
    { 20, 29, 328, 0, 24, 145, 10816 }, // U+048A
    { 15, 25, 252, 1, 20, 94, 10961 }, // U+048B
    { 14, 18, 235, 0, 18, 63, 11055 }, // U+048C
    { 12, 20, 227, 1, 20, 60, 11118 }, // U+048D
    { 16, 18, 244, 0, 18, 72, 11178 }, // U+048E
    { 15, 20, 238, -1, 14, 75, 11250 }, // U+048F
    { 16, 22, 204, 0, 22, 88, 11325 }, // U+0490
    { 14, 18, 184, 0, 18, 63, 11413 }, // U+0491
    { 15, 18, 202, 0, 18, 68, 11476 }, // U+0492
    { 14, 14, 185, -1, 14, 49, 11544 }, // U+0493
    { 15, 24, 266, 0, 18, 90, 11593 }, // U+0494
    { 13, 20, 229, 0, 14, 65, 11683 }, // U+0495
    { 26, 23, 368, -2, 18, 150, 11748 }, // U+0496
    { 26, 20, 384, -1, 14, 130, 11898 }, // U+0497
    { 15, 24, 228, 0, 18, 90, 12028 }, // U+0498
    { 12, 20, 199, 0, 14, 60, 12118 }, // U+0499
    { 18, 23, 275, 0, 18, 104, 12178 }, // U+049A
    { 16, 19, 245, 0, 14, 76, 12282 }, // U+049B
    { 18, 18, 251, 0, 18, 81, 12358 }, // U+049C
    { 15, 14, 235, 1, 14, 53, 12439 }, // U+049D
    { 18, 18, 245, 0, 18, 81, 12492 }, // U+049E
    { 16, 19, 231, 0, 19, 76, 12573 }, // U+049F
    { 18, 18, 280, 2, 18, 81, 12649 }, // U+04A0
    { 18, 14, 259, 0, 14, 63, 12730 }, // U+04A1
    { 18, 23, 306, 0, 18, 104, 12793 }, // U+04A2
    { 16, 19, 268, 0, 14, 76, 12897 }, // U+04A3
    { 22, 18, 308, 0, 18, 99, 12973 }, // U+04A4
    { 20, 14, 284, 0, 14, 70, 13072 }, // U+04A5
    { 24, 24, 413, 0, 18, 144, 13142 }, // U+04A6
    { 20, 20, 346, 0, 14, 100, 13286 }, // U+04A7
    { 17, 19, 292, 1, 18, 81, 13386 }, // U+04A8
    { 14, 15, 245, 1, 14, 53, 13467 }, // U+04A9
    { 16, 24, 245, 1, 18, 96, 13520 }, // U+04AA
    { 12, 20, 194, 1, 14, 60, 13616 }, // U+04AB
    { 14, 23, 212, 2, 18, 81, 13676 }, // U+04AC
    { 23, 19, 370, 0, 14, 110, 13757 }, // U+04AD
    { 15, 18, 226, 2, 18, 68, 13867 }, // U+04AE
    { 14, 20, 205, 1, 14, 70, 13935 }, // U+04AF
    { 17, 18, 226, 0, 18, 77, 14005 }, // U+04B0
    { 16, 20, 205, -1, 14, 80, 14082 }, // U+04B1
    { 20, 23, 276, -2, 18, 115, 14162 }, // U+04B2
    { 16, 19, 239, -1, 14, 76, 14277 }, // U+04B3
    { 19, 24, 335, 2, 18, 114, 14353 }, // U+04B4
    { 16, 19, 273, 1, 14, 76, 14467 }, // U+04B5
    { 16, 23, 299, 2, 18, 92, 14543 }, // U+04B6
    { 13, 19, 256, 2, 14, 62, 14635 }, // U+04B7
    { 15, 18, 271, 2, 18, 68, 14697 }, // U+04B8
    { 13, 14, 242, 2, 14, 46, 14765 }, // U+04B9
    { 16, 18, 271, 0, 18, 72, 14811 }, // U+04BA
    { 14, 19, 242, 0, 19, 67, 14883 }, // U+04BB
    { 20, 18, 312, 0, 18, 90, 14950 }, // U+04BC
    { 16, 14, 264, 0, 14, 56, 15040 }, // U+04BD
    { 20, 23, 312, 0, 18, 115, 15096 }, // U+04BE
    { 16, 19, 264, 0, 14, 76, 15211 }, // U+04BF
    { 12, 18, 153, -1, 18, 54, 15287 }, // U+04C0
    { 27, 24, 362, -2, 24, 162, 15341 }, // U+04C1
    { 26, 20, 382, -1, 20, 130, 15503 }, // U+04C2
    { 18, 24, 277, 0, 18, 108, 15633 }, // U+04C3
    { 16, 20, 248, 0, 14, 80, 15741 }, // U+04C4
    { 20, 23, 304, -1, 18, 115, 15821 }, // U+04C5
    { 17, 19, 264, -1, 14, 81, 15936 }, // U+04C6
    { 18, 24, 280, 0, 18, 108, 16017 }, // U+04C7
    { 15, 20, 247, 0, 14, 75, 16125 }, // U+04C8
    { 19, 23, 306, 0, 18, 110, 16200 }, // U+04C9
    { 16, 19, 270, 0, 14, 76, 16310 }, // U+04CA
    { 15, 23, 269, 2, 18, 87, 16386 }, // U+04CB
    { 13, 19, 238, 2, 14, 62, 16473 }, // U+04CC
    { 23, 23, 378, 0, 18, 133, 16535 }, // U+04CD
    { 21, 19, 335, 0, 14, 100, 16668 }, // U+04CE
    { 12, 18, 153, -1, 18, 54, 16768 }, // U+04CF
    { 18, 24, 251, -2, 24, 108, 16822 }, // U+04D0
    { 14, 20, 237, 1, 20, 70, 16930 }, // U+04D1
    { 17, 23, 251, -2, 23, 98, 17000 }, // U+04D2
    { 14, 19, 237, 1, 19, 67, 17098 }, // U+04D3
    { 26, 18, 358, -2, 18, 117, 17165 }, // U+04D4
    { 21, 14, 349, 1, 14, 74, 17282 }, // U+04D5
    { 16, 24, 217, 0, 24, 96, 17356 }, // U+04D6
    { 14, 20, 223, 1, 20, 70, 17452 }, // U+04D7
    { 16, 18, 264, 0, 18, 72, 17522 }, // U+04D8
    { 13, 14, 223, 0, 14, 46, 17594 }, // U+04D9
    { 16, 23, 264, 0, 23, 92, 17640 }, // U+04DA
    { 13, 19, 223, 0, 19, 62, 17732 }, // U+04DB
    { 27, 23, 362, -2, 23, 156, 17794 }, // U+04DC
    { 26, 19, 382, -1, 19, 124, 17950 }, // U+04DD
    { 15, 23, 228, 0, 23, 87, 18074 }, // U+04DE
    { 13, 19, 199, 0, 19, 62, 18161 }, // U+04DF
    { 16, 18, 222, -1, 18, 72, 18223 }, // U+04E0
    { 16, 20, 219, -2, 14, 80, 18295 }, // U+04E1
    { 18, 22, 280, 0, 22, 99, 18375 }, // U+04E2
    { 14, 18, 242, 1, 18, 63, 18474 }, // U+04E3
    { 18, 23, 280, 0, 23, 104, 18537 }, // U+04E4
    { 14, 19, 242, 1, 19, 67, 18641 }, // U+04E5
    { 17, 23, 292, 1, 23, 98, 18708 }, // U+04E6
    { 13, 19, 236, 1, 19, 62, 18806 }, // U+04E7
    { 17, 18, 292, 1, 18, 77, 18868 }, // U+04E8
    { 13, 14, 236, 1, 14, 46, 18945 }, // U+04E9
    { 17, 23, 292, 1, 23, 98, 18991 }, // U+04EA
    { 13, 19, 236, 1, 19, 62, 19089 }, // U+04EB
    { 16, 23, 244, 0, 23, 92, 19151 }, // U+04EC
    { 12, 19, 190, 0, 19, 57, 19243 }, // U+04ED
    { 18, 22, 236, 0, 22, 99, 19300 }, // U+04EE
    { 17, 24, 208, -2, 18, 102, 19399 }, // U+04EF
    { 18, 23, 236, 0, 23, 104, 19501 }, // U+04F0
    { 17, 25, 208, -2, 19, 107, 19605 }, // U+04F1
    { 18, 24, 236, 0, 24, 108, 19712 }, // U+04F2
    { 18, 25, 208, -2, 19, 113, 19820 }, // U+04F3
    { 15, 23, 262, 2, 23, 87, 19933 }, // U+04F4
    { 14, 19, 231, 1, 19, 67, 20020 }, // U+04F5
    { 15, 23, 201, 0, 18, 87, 20087 }, // U+04F6
    { 13, 19, 185, 0, 14, 62, 20174 }, // U+04F7
    { 23, 23, 351, 0, 23, 133, 20236 }, // U+04F8
    { 20, 19, 322, 0, 19, 95, 20369 }, // U+04F9
    { 15, 24, 202, 0, 18, 90, 20464 }, // U+04FA
    { 14, 20, 185, -1, 14, 70, 20554 }, // U+04FB
    { 20, 24, 276, -2, 18, 120, 20624 }, // U+04FC
    { 17, 20, 240, -2, 14, 85, 20744 }, // U+04FD
    { 20, 18, 244, -2, 18, 90, 20829 }, // U+04FE
    { 17, 14, 212, -2, 14, 60, 20919 }, // U+04FF
    { 17, 23, 251, -2, 18, 98, 0 }, // U+1EA0
    { 14, 19, 237, 1, 14, 67, 98 }, // U+1EA1
    { 17, 25, 251, -2, 25, 107, 165 }, // U+1EA2
    { 14, 22, 237, 1, 22, 77, 272 }, // U+1EA3
    { 22, 25, 251, -2, 25, 138, 349 }, // U+1EA4
    { 17, 21, 237, 1, 21, 90, 487 }, // U+1EA5
    { 17, 24, 251, -2, 24, 102, 577 }, // U+1EA6
    { 14, 20, 237, 1, 20, 70, 679 }, // U+1EA7
    { 20, 26, 251, -2, 26, 130, 749 }, // U+1EA8
    { 16, 22, 237, 1, 22, 88, 879 }, // U+1EA9
    { 18, 26, 251, -2, 26, 117, 967 }, // U+1EAA
    { 14, 22, 237, 1, 22, 77, 1084 }, // U+1EAB
    { 18, 28, 251, -2, 23, 126, 1161 }, // U+1EAC
    { 14, 24, 237, 1, 19, 84, 1287 }, // U+1EAD
    { 18, 26, 251, -2, 26, 117, 1371 }, // U+1EAE
    { 14, 22, 237, 1, 22, 77, 1488 }, // U+1EAF
    { 18, 26, 251, -2, 26, 117, 1565 }, // U+1EB0
    { 14, 22, 237, 1, 22, 77, 1682 }, // U+1EB1
    { 18, 26, 251, -2, 26, 117, 1759 }, // U+1EB2
    { 14, 22, 237, 1, 22, 77, 1876 }, // U+1EB3
    { 18, 27, 251, -2, 27, 122, 1953 }, // U+1EB4
    { 14, 22, 237, 1, 22, 77, 2075 }, // U+1EB5
    { 18, 29, 251, -2, 24, 131, 2152 }, // U+1EB6
    { 14, 25, 237, 1, 20, 88, 2283 }, // U+1EB7
    { 15, 23, 217, 0, 18, 87, 2371 }, // U+1EB8
    { 13, 19, 223, 1, 14, 62, 2458 }, // U+1EB9
    { 15, 25, 217, 0, 25, 94, 2520 }, // U+1EBA
    { 13, 22, 223, 1, 22, 72, 2614 }, // U+1EBB
    { 16, 23, 217, 0, 23, 92, 2686 }, // U+1EBC
    { 14, 19, 223, 1, 19, 67, 2778 }, // U+1EBD
    { 19, 25, 217, 0, 25, 119, 2845 }, // U+1EBE
    { 17, 21, 223, 1, 21, 90, 2964 }, // U+1EBF
    { 15, 24, 217, 0, 24, 90, 3054 }, // U+1EC0
    { 13, 20, 223, 1, 20, 65, 3144 }, // U+1EC1
    { 18, 26, 217, 0, 26, 117, 3209 }, // U+1EC2
    { 16, 22, 223, 1, 22, 88, 3326 }, // U+1EC3
    { 15, 26, 217, 0, 26, 98, 3414 }, // U+1EC4
    { 13, 22, 223, 1, 22, 72, 3512 }, // U+1EC5
    { 15, 28, 217, 0, 23, 105, 3584 }, // U+1EC6
    { 13, 24, 223, 1, 19, 78, 3689 }, // U+1EC7
    { 12, 25, 153, -1, 25, 75, 3767 }, // U+1EC8
    { 10, 21, 120, 0, 21, 53, 3842 }, // U+1EC9
    { 12, 23, 153, -1, 18, 69, 3895 }, // U+1ECA
    { 10, 24, 120, -1, 19, 60, 3964 }, // U+1ECB
    { 17, 23, 292, 1, 18, 98, 4024 }, // U+1ECC
    { 13, 19, 236, 1, 14, 62, 4122 }, // U+1ECD
    { 17, 26, 292, 1, 26, 111, 4184 }, // U+1ECE
    { 13, 22, 236, 1, 22, 72, 4295 }, // U+1ECF
    { 20, 25, 292, 1, 25, 125, 4367 }, // U+1ED0
    { 17, 21, 236, 1, 21, 90, 4492 }, // U+1ED1
    { 17, 25, 292, 1, 25, 107, 4582 }, // U+1ED2
    { 13, 20, 236, 1, 20, 65, 4689 }, // U+1ED3
    { 19, 27, 292, 1, 27, 129, 4754 }, // U+1ED4
    { 16, 22, 236, 1, 22, 88, 4883 }, // U+1ED5
    { 17, 26, 292, 1, 26, 111, 4971 }, // U+1ED6
    { 13, 22, 236, 1, 22, 72, 5082 }, // U+1ED7
    { 17, 29, 292, 1, 24, 124, 5154 }, // U+1ED8
    { 13, 24, 236, 1, 19, 78, 5278 }, // U+1ED9
    { 21, 25, 309, 1, 25, 132, 5356 }, // U+1EDA
    { 18, 20, 261, 1, 20, 90, 5488 }, // U+1EDB
    { 21, 24, 309, 1, 24, 126, 5578 }, // U+1EDC
    { 18, 20, 261, 1, 20, 90, 5704 }, // U+1EDD
    { 21, 27, 309, 1, 27, 142, 5794 }, // U+1EDE
    { 18, 22, 261, 1, 22, 99, 5936 }, // U+1EDF
    { 21, 24, 309, 1, 24, 126, 6035 }, // U+1EE0
    { 18, 19, 261, 1, 19, 86, 6161 }, // U+1EE1
    { 21, 24, 309, 1, 19, 126, 6247 }, // U+1EE2
    { 18, 21, 261, 1, 16, 95, 6373 }, // U+1EE3
    { 17, 23, 277, 1, 18, 98, 6468 }, // U+1EE4
    { 14, 19, 242, 1, 14, 67, 6566 }, // U+1EE5
    { 17, 26, 277, 1, 26, 111, 6633 }, // U+1EE6
    { 14, 22, 242, 1, 22, 77, 6744 }, // U+1EE7
    { 23, 25, 310, 1, 25, 144, 6821 }, // U+1EE8
    { 20, 20, 284, 1, 20, 100, 6965 }, // U+1EE9
    { 23, 24, 310, 1, 24, 138, 7065 }, // U+1EEA
    { 20, 20, 284, 1, 20, 100, 7203 }, // U+1EEB
    { 23, 27, 310, 1, 27, 156, 7303 }, // U+1EEC
    { 20, 22, 284, 1, 22, 110, 7459 }, // U+1EED
    { 23, 24, 310, 1, 24, 138, 7569 }, // U+1EEE
    { 20, 19, 284, 1, 19, 95, 7707 }, // U+1EEF
    { 23, 24, 310, 1, 19, 138, 7802 }, // U+1EF0
    { 20, 21, 284, 1, 16, 105, 7940 }, // U+1EF1
    { 15, 23, 226, 2, 23, 87, 8045 }, // U+1EF2
    { 17, 25, 208, -2, 19, 107, 8132 }, // U+1EF3
    { 15, 23, 226, 2, 18, 87, 8239 }, // U+1EF4
    { 17, 20, 208, -2, 14, 85, 8326 }, // U+1EF5
    { 15, 25, 226, 2, 25, 94, 8411 }, // U+1EF6
    { 17, 27, 208, -2, 21, 115, 8505 }, // U+1EF7
    { 15, 23, 226, 2, 23, 87, 8620 }, // U+1EF8
    { 17, 25, 208, -2, 19, 107, 8707 }, // U+1EF9
    { 0, 0, 200, 0, 0, 0, 0 }, // U+2000
    { 0, 0, 400, 0, 0, 0, 0 }, // U+2001
    { 0, 0, 200, 0, 0, 0, 0 }, // U+2002
    { 0, 0, 400, 0, 0, 0, 0 }, // U+2003
    { 0, 0, 133, 0, 0, 0, 0 }, // U+2004
    { 0, 0, 100, 0, 0, 0, 0 }, // U+2005
    { 0, 0, 67, 0, 0, 0, 0 }, // U+2006
    { 0, 0, 220, 0, 0, 0, 0 }, // U+2007
    { 0, 0, 115, 0, 0, 0, 0 }, // U+2008
    { 0, 0, 66, 0, 0, 0, 0 }, // U+2009
    { 0, 0, 40, 0, 0, 0, 0 }, // U+200A
    { 0, 0, 0, 0, 0, 0, 0 }, // U+200B
    { 0, 0, 0, 0, 0, 0, 0 }, // U+200C
    { 0, 0, 0, 0, 0, 0, 0 }, // U+200D
    { 7, 22, 0, -1, 18, 39, 0 }, // U+200E
    { 7, 22, 0, -6, 18, 39, 39 }, // U+200F
    { 8, 4, 129, 0, 9, 8, 78 }, // U+2010
    { 8, 4, 129, 0, 9, 8, 86 }, // U+2011
    { 14, 4, 220, 0, 11, 14, 94 }, // U+2012
    { 12, 4, 192, 0, 9, 12, 108 }, // U+2013
    { 24, 4, 384, 0, 9, 24, 120 }, // U+2014
    { 24, 4, 384, 0, 9, 24, 144 }, // U+2015
    { 10, 25, 220, 2, 19, 63, 168 }, // U+2016
    { 12, 5, 160, -3, -1, 15, 231 }, // U+2017
    { 7, 6, 87, 1, 18, 11, 246 }, // U+2018
    { 7, 6, 87, 1, 18, 11, 257 }, // U+2019
    { 7, 6, 112, -2, 3, 11, 268 }, // U+201A
    { 5, 6, 86, 2, 18, 8, 279 }, // U+201B
    { 12, 6, 173, 1, 18, 18, 287 }, // U+201C
    { 12, 6, 173, 1, 18, 18, 305 }, // U+201D
    { 13, 6, 199, -2, 3, 20, 323 }, // U+201E
    { 10, 6, 173, 2, 18, 15, 343 }, // U+201F
    { 11, 19, 206, 2, 19, 53, 358 }, // U+2020
    { 14, 19, 206, 0, 19, 67, 411 }, // U+2021
    { 8, 8, 150, 1, 13, 16, 478 }, // U+2022
    { 8, 11, 141, 1, 15, 22, 494 }, // U+2023
    { 6, 4, 200, 2, 4, 6, 516 }, // U+2024
    { 12, 4, 230, 0, 4, 12, 522 }, // U+2025
    { 19, 4, 333, 0, 4, 19, 534 }, // U+2026
    { 6, 4, 129, 1, 9, 6, 553 }, // U+2027
    { 0, 0, 240, 0, 0, 0, 559 }, // U+2028
    { 0, 0, 240, 0, 0, 0, 559 }, // U+2029
    { 7, 19, 0, -1, 15, 34, 559 }, // U+202A
    { 7, 19, 0, -6, 15, 34, 593 }, // U+202B
    { 6, 21, 0, -3, 17, 32, 627 }, // U+202C
    { 6, 21, 0, -3, 17, 32, 659 }, // U+202D
    { 6, 21, 0, -3, 17, 32, 691 }, // U+202E
    { 0, 0, 66, 0, 0, 0, 723 }, // U+202F
    { 29, 18, 487, 1, 18, 131, 723 }, // U+2030
    { 38, 18, 632, 1, 18, 171, 854 }, // U+2031
    { 8, 7, 113, 1, 18, 14, 1025 }, // U+2032
    { 14, 6, 205, 1, 18, 21, 1039 }, // U+2033
    { 20, 6, 297, 1, 18, 30, 1060 }, // U+2034
    { 7, 7, 113, 1, 18, 13, 1090 }, // U+2035
    { 13, 6, 205, 1, 18, 20, 1103 }, // U+2036
    { 19, 6, 297, 1, 18, 29, 1123 }, // U+2037
    { 9, 8, 141, -2, 2, 18, 1152 }, // U+2038
    { 9, 12, 130, 0, 13, 27, 1170 }, // U+2039
    { 8, 12, 130, 0, 13, 24, 1197 }, // U+203A
    { 21, 18, 338, 0, 18, 95, 1221 }, // U+203B
    { 15, 18, 224, 0, 18, 68, 1316 }, // U+203C
    { 11, 18, 184, 2, 18, 50, 1384 }, // U+203D
    { 12, 4, 200, 2, 23, 12, 1434 }, // U+203E
    { 14, 6, 214, -2, 0, 21, 1446 }, // U+203F
    { 13, 6, 214, 2, 20, 20, 1467 }, // U+2040
    { 14, 16, 154, -3, 10, 56, 1487 }, // U+2041
    { 29, 24, 461, -1, 20, 174, 1543 }, // U+2042
    { 8, 4, 130, 0, 9, 8, 1717 }, // U+2043
    { 17, 18, 50, -7, 18, 77, 1725 }, // U+2044
    { 11, 24, 132, -1, 18, 66, 1802 }, // U+2045
    { 11, 24, 132, -2, 18, 66, 1868 }, // U+2046
    { 23, 18, 362, 1, 18, 104, 1934 }, // U+2047
    { 19, 18, 301, 1, 18, 86, 2038 }, // U+2048
    { 20, 18, 298, 0, 18, 90, 2124 }, // U+2049
    { 13, 14, 213, 1, 14, 46, 2214 }, // U+204A
    { 14, 24, 249, 2, 19, 84, 2260 }, // U+204B
    { 14, 13, 256, 1, 14, 46, 2344 }, // U+204C
    { 14, 13, 256, 1, 14, 46, 2390 }, // U+204D
    { 13, 13, 217, -1, 7, 43, 2436 }, // U+204E
    { 7, 17, 114, 0, 14, 30, 2479 }, // U+204F
    { 17, 26, 214, -2, 20, 111, 2509 }, // U+2050
    { 16, 26, 217, -1, 20, 104, 2620 }, // U+2051
    { 11, 18, 169, 0, 18, 50, 2724 }, // U+2052
    { 24, 5, 400, 1, 10, 30, 2774 }, // U+2053
    { 14, 6, 214, -3, 0, 21, 2804 }, // U+2054
    { 14, 13, 230, 0, 13, 46, 2825 }, // U+2055
    { 12, 18, 224, 1, 18, 54, 2871 }, // U+2056
    { 23, 6, 354, 1, 18, 35, 2925 }, // U+2057
    { 19, 18, 340, 1, 18, 86, 2960 }, // U+2058
    { 19, 18, 341, 1, 18, 86, 3046 }, // U+2059
    { 5, 18, 110, 1, 18, 23, 3132 }, // U+205A
    { 16, 19, 286, 1, 19, 76, 3155 }, // U+205B
    { 20, 19, 331, 0, 19, 95, 3231 }, // U+205C
    { 5, 19, 112, 1, 19, 24, 3326 }, // U+205D
    { 5, 18, 114, 1, 18, 23, 3350 }, // U+205E
    { 0, 0, 89, 0, 0, 0, 3373 }, // U+205F
    { 0, 0, 240, 0, 0, 0, 3373 }, // U+2060
    { 0, 0, 240, 0, 0, 0, 3373 }, // U+2061
    { 0, 0, 240, 0, 0, 0, 3373 }, // U+2062
    { 0, 0, 240, 0, 0, 0, 3373 }, // U+2063
    { 0, 0, 240, 0, 0, 0, 3373 }, // U+2064
    { 0, 0, 240, 0, 0, 0, 3373 }, // U+2066
    { 0, 0, 240, 0, 0, 0, 3373 }, // U+2067
    { 0, 0, 240, 0, 0, 0, 3373 }, // U+2068
    { 0, 0, 240, 0, 0, 0, 3373 }, // U+2069
    { 6, 21, 0, -3, 17, 32, 3373 }, // U+206A
    { 6, 21, 0, -3, 17, 32, 3405 }, // U+206B
    { 6, 21, 0, -3, 18, 32, 3437 }, // U+206C
    { 6, 21, 0, -3, 18, 32, 3469 }, // U+206D
    { 6, 21, 0, -3, 18, 32, 3501 }, // U+206E
    { 6, 21, 0, -3, 17, 32, 3533 }, // U+206F
    { 9, 12, 152, 2, 23, 27, 0 }, // U+2070
    { 6, 12, 98, 1, 19, 18, 27 }, // U+2071
    { 10, 11, 152, 1, 22, 28, 45 }, // U+2074
    { 10, 11, 152, 1, 22, 28, 73 }, // U+2075
    { 9, 11, 152, 2, 22, 25, 101 }, // U+2076
    { 10, 11, 152, 2, 22, 28, 126 }, // U+2077
    { 10, 12, 152, 1, 23, 30, 154 }, // U+2078
    { 9, 11, 152, 2, 22, 25, 184 }, // U+2079
    { 9, 7, 150, 2, 19, 16, 209 }, // U+207A
    { 9, 2, 150, 2, 16, 5, 225 }, // U+207B
    { 8, 5, 161, 3, 18, 10, 230 }, // U+207C
    { 6, 14, 89, 3, 23, 21, 240 }, // U+207D
    { 7, 14, 89, 0, 23, 25, 261 }, // U+207E
    { 10, 9, 157, 1, 16, 23, 286 }, // U+207F
    { 10, 10, 152, -1, 7, 25, 309 }, // U+2080
    { 9, 10, 152, -1, 7, 23, 334 }, // U+2081
    { 10, 10, 152, -2, 7, 25, 357 }, // U+2082
    { 10, 10, 152, -2, 7, 25, 382 }, // U+2083
    { 10, 10, 152, -2, 7, 25, 407 }, // U+2084
    { 10, 10, 152, -1, 7, 25, 432 }, // U+2085
    { 10, 10, 152, -1, 7, 25, 457 }, // U+2086
    { 10, 10, 152, -1, 7, 25, 482 }, // U+2087
    { 9, 10, 152, -1, 7, 23, 507 }, // U+2088
    { 9, 10, 152, -1, 7, 23, 530 }, // U+2089
    { 8, 7, 150, 0, 6, 14, 553 }, // U+208A
    { 8, 2, 150, 0, 3, 4, 567 }, // U+208B
    { 8, 5, 161, 0, 5, 10, 571 }, // U+208C
    { 7, 14, 89, 0, 9, 25, 581 }, // U+208D
    { 7, 14, 89, -3, 9, 25, 606 }, // U+208E
    { 10, 8, 154, -1, 6, 20, 631 }, // U+2090
    { 9, 8, 142, -1, 6, 18, 651 }, // U+2091
    { 9, 8, 154, -1, 6, 18, 669 }, // U+2092
    { 12, 8, 139, -3, 6, 24, 687 }, // U+2093
    { 9, 8, 142, -1, 6, 18, 711 }, // U+2094
    { 10, 11, 178, -1, 9, 28, 729 }, // U+2095
    { 11, 11, 157, -1, 9, 31, 757 }, // U+2096
    { 6, 11, 102, -1, 9, 17, 788 }, // U+2097
    { 15, 8, 256, -1, 6, 30, 805 }, // U+2098
    { 9, 8, 157, -1, 6, 18, 835 }, // U+2099
    { 10, 12, 155, -2, 6, 30, 853 }, // U+209A
    { 8, 8, 134, -1, 6, 16, 883 }, // U+209B
    { 7, 9, 106, -1, 7, 16, 899 }, // U+209C
    { 14, 18, 229, 1, 18, 63, 0 }, // U+20A0
    { 16, 21, 221, 0, 19, 84, 63 }, // U+20A1
    { 16, 18, 229, 0, 18, 72, 147 }, // U+20A2
    { 15, 18, 220, 0, 18, 68, 219 }, // U+20A3
    { 17, 18, 220, -1, 18, 77, 287 }, // U+20A4
    { 22, 20, 362, 0, 17, 110, 364 }, // U+20A5
    { 16, 18, 232, 0, 18, 72, 474 }, // U+20A6
    { 22, 18, 342, 0, 18, 99, 546 }, // U+20A7
    { 23, 18, 358, 0, 18, 104, 645 }, // U+20A8
    { 20, 18, 291, 0, 18, 90, 749 }, // U+20A9
    { 22, 18, 346, 0, 18, 99, 839 }, // U+20AA
    { 17, 23, 238, 0, 19, 98, 938 }, // U+20AB
    { 16, 18, 220, 0, 18, 72, 1036 }, // U+20AC
    { 17, 18, 229, 0, 18, 77, 1108 }, // U+20AD
    { 16, 18, 212, 0, 18, 72, 1185 }, // U+20AE
    { 25, 24, 404, 0, 18, 150, 1257 }, // U+20AF
    { 17, 24, 236, -2, 18, 102, 1407 }, // U+20B0
    { 16, 18, 229, 0, 18, 72, 1509 }, // U+20B1
    { 17, 21, 276, 1, 19, 90, 1581 }, // U+20B2
    { 18, 18, 240, -2, 18, 81, 1671 }, // U+20B3
    { 15, 18, 228, 0, 18, 68, 1752 }, // U+20B4
    { 16, 21, 245, 1, 19, 84, 1820 }, // U+20B5
    { 18, 17, 270, 0, 17, 77, 1904 }, // U+20B6
    { 19, 20, 274, -1, 18, 95, 1981 }, // U+20B7
    { 14, 18, 212, 1, 18, 63, 2076 }, // U+20B8
    { 14, 18, 220, 1, 18, 63, 2139 }, // U+20B9
    { 14, 18, 220, 0, 18, 63, 2202 }, // U+20BA
    { 16, 18, 257, 1, 18, 72, 2265 }, // U+20BB
    { 20, 18, 326, -1, 18, 90, 2337 }, // U+20BC
    { 16, 18, 233, -1, 18, 72, 2427 }, // U+20BD
    { 18, 21, 245, -1, 21, 95, 2499 }, // U+20BE
    { 14, 24, 220, 0, 21, 84, 2594 }, // U+20BF
    { 8, 4, 129, 0, 9, 8, 0 }, // U+2212
    { 24, 25, 285, -3, 19, 150, 0 }, // U+FB00
    { 21, 25, 268, -3, 19, 132, 150 }, // U+FB01
    { 21, 25, 268, -3, 19, 132, 282 }, // U+FB02
    { 29, 25, 400, -3, 19, 182, 414 }, // U+FB03
    { 29, 25, 400, -3, 19, 182, 596 }, // U+FB04
    { 23, 25, 303, -3, 19, 144, 778 }, // U+FB05
    { 23, 19, 353, 0, 19, 110, 922 }, // U+FB06
    { 23, 24, 400, 1, 20, 138, 0 }, // U+FFFD
};

static const EpdUnicodeInterval notosans_12_bolditalicIntervals[] = {
    { 0x0, 0x0, 0x0 },
    { 0xD, 0xD, 0x1 },
    { 0x20, 0x7E, 0x2 },
    { 0xA0, 0x17F, 0x61 },
    { 0x1A0, 0x1A1, 0x141 },
    { 0x1AF, 0x1B0, 0x143 },
    { 0x1C4, 0x21F, 0x145 },
    { 0x300, 0x36F, 0x1A1 },
    { 0x400, 0x4FF, 0x211 },
    { 0x1EA0, 0x1EF9, 0x311 },
    { 0x2000, 0x2064, 0x36B },
    { 0x2066, 0x2071, 0x3D0 },
    { 0x2074, 0x208E, 0x3DC },
    { 0x2090, 0x209C, 0x3F7 },
    { 0x20A0, 0x20BF, 0x404 },
    { 0x2212, 0x2212, 0x424 },
    { 0xFB00, 0xFB06, 0x425 },
    { 0xFFFD, 0xFFFD, 0x42C },
};

static const EpdFontGroup notosans_12_bolditalicGroups[] = {
    { 0, 2835, 6189, 97, 0 },
    { 2835, 2455, 7318, 96, 97 },
    { 5290, 3285, 11463, 128, 193 },
    { 8575, 3314, 10143, 96, 321 },
    { 11889, 1029, 1668, 112, 417 },
    { 12918, 8294, 22674, 256, 529 },
    { 21212, 1951, 9784, 90, 785 },
    { 23163, 1705, 3980, 111, 875 },
    { 24868, 693, 1099, 42, 986 },
    { 25561, 1617, 2892, 32, 1028 },
    { 27178, 10, 8, 1, 1060 },
    { 27188, 395, 1114, 7, 1061 },
    { 27583, 106, 144, 1, 1068 },
};

static const uint16_t notosans_12_bolditalicKernLeftCodepoints[] = {
    0x0020, 0x0022, 0x0026, 0x0027, 0x0028, 0x002C, 0x002D, 0x002E, 0x0041, 0x0042, 0x0043, 0x0044,
    0x0045, 0x0046, 0x004B, 0x004C, 0x004F, 0x0050, 0x0051, 0x0052, 0x0054, 0x0055, 0x0056, 0x0057,
    0x0058, 0x0059, 0x005A, 0x005B, 0x005F, 0x0061, 0x0062, 0x0063, 0x0065, 0x0066, 0x006B, 0x006F,
    0x0070, 0x0072, 0x0074, 0x0076, 0x0077, 0x0078, 0x0079, 0x007B, 0x00A1, 0x00AB, 0x00BB, 0x00BF,
    0x00C0, 0x00C1, 0x00C2, 0x00C3, 0x00C4, 0x00C5, 0x00C6, 0x00C7, 0x00C8, 0x00C9, 0x00CA, 0x00CB,
    0x00D0, 0x00D2, 0x00D3, 0x00D4, 0x00D5, 0x00D6, 0x00D8, 0x00D9, 0x00DA, 0x00DB, 0x00DC, 0x00DD,
    0x00DE, 0x00E0, 0x00E1, 0x00E2, 0x00E3, 0x00E4, 0x00E5, 0x00E6, 0x00E8, 0x00E9, 0x00EA, 0x00EB,
    0x00EF, 0x00F0, 0x00F2, 0x00F3, 0x00F4, 0x00F5, 0x00F6, 0x00F8, 0x00FD, 0x00FE, 0x00FF, 0x0100,
    0x0101, 0x0102, 0x0103, 0x0104, 0x0105, 0x0106, 0x0108, 0x010A, 0x010C, 0x010E, 0x010F, 0x0110,
    0x0112, 0x0113, 0x0114, 0x0115, 0x0116, 0x0117, 0x0118, 0x0119, 0x011A, 0x011B, 0x0129, 0x012B,
    0x012E, 0x0136, 0x0137, 0x0138, 0x0139, 0x013B, 0x013D, 0x013E, 0x013F, 0x0141, 0x014C, 0x014D,
    0x014E, 0x014F, 0x0150, 0x0151, 0x0152, 0x0153, 0x0155, 0x0157, 0x0159, 0x0162, 0x0163, 0x0164,
    0x0165, 0x0166, 0x0167, 0x0168, 0x016A, 0x016C, 0x016E, 0x0170, 0x0172, 0x0174, 0x0175, 0x0176,
    0x0177, 0x0178, 0x0179, 0x017B, 0x017D, 0x01A0, 0x01A1, 0x01AF, 0x01B0, 0x01D0, 0x01FA, 0x01FB,
    0x01FC, 0x01FD, 0x01FE, 0x01FF, 0x020B, 0x021A, 0x021B, 0x0402, 0x0403, 0x0404, 0x0405, 0x0408,
    0x0409, 0x040A, 0x040B, 0x040C, 0x040E, 0x0410, 0x0411, 0x0412, 0x0413, 0x0414, 0x0416, 0x0417,
    0x041A, 0x041E, 0x0420, 0x0421, 0x0422, 0x0423, 0x0424, 0x0425, 0x0426, 0x0429, 0x042A, 0x042C,
    0x042D, 0x042E, 0x0430, 0x0431, 0x0432, 0x0433, 0x0434, 0x0435, 0x0436, 0x0437, 0x0438, 0x0439,
    0x043A, 0x043B, 0x043C, 0x043D, 0x043E, 0x043F, 0x0440, 0x0441, 0x0442, 0x0443, 0x0444, 0x0445,
    0x0446, 0x0447, 0x0448, 0x0449, 0x044A, 0x044B, 0x044C, 0x044D, 0x044E, 0x044F, 0x0450, 0x0451,
    0x0452, 0x0453, 0x0454, 0x0455, 0x0457, 0x0458, 0x0459, 0x045A, 0x045B, 0x045C, 0x045D, 0x045E,
    0x045F, 0x0460, 0x0461, 0x0462, 0x0463, 0x0464, 0x0466, 0x0467, 0x0468, 0x0469, 0x046E, 0x046F,
    0x0472, 0x0473, 0x0474, 0x0475, 0x0476, 0x0477, 0x0478, 0x0479, 0x047A, 0x047B, 0x047C, 0x047D,
    0x047E, 0x047F, 0x0480, 0x048A, 0x048B, 0x048C, 0x048D, 0x048E, 0x048F, 0x0490, 0x0491, 0x0492,
    0x0493, 0x0495, 0x0496, 0x0497, 0x0498, 0x0499, 0x049A, 0x049B, 0x049C, 0x049D, 0x049E, 0x049F,
    0x04A0, 0x04A1, 0x04A2, 0x04A3, 0x04A4, 0x04A5, 0x04A7, 0x04A9, 0x04AA, 0x04AC, 0x04AD, 0x04AE,
    0x04AF, 0x04B0, 0x04B1, 0x04B2, 0x04B3, 0x04B4, 0x04B5, 0x04B6, 0x04B7, 0x04BB, 0x04BC, 0x04BD,
    0x04BE, 0x04BF, 0x04C1, 0x04C2, 0x04C4, 0x04C5, 0x04C6, 0x04C9, 0x04CA, 0x04CD, 0x04CE, 0x04D0,
    0x04D1, 0x04D2, 0x04D3, 0x04D5, 0x04D7, 0x04D8, 0x04D9, 0x04DA, 0x04DB, 0x04DC, 0x04DD, 0x04DE,
    0x04DF, 0x04E6, 0x04E7, 0x04E8, 0x04E9, 0x04EA, 0x04EB, 0x04EC, 0x04ED, 0x04EE, 0x04EF, 0x04F0,
    0x04F1, 0x04F2, 0x04F3, 0x04F5, 0x04F6, 0x04F7, 0x04F9, 0x04FA, 0x04FB, 0x04FC, 0x04FD, 0x04FE,
    0x04FF, 0x1EA0, 0x1EA1, 0x1EA2, 0x1EA3, 0x1EA4, 0x1EA5, 0x1EA6, 0x1EA7, 0x1EA8, 0x1EA9, 0x1EAA,
    0x1EAB, 0x1EAC, 0x1EAD, 0x1EAE, 0x1EAF, 0x1EB0, 0x1EB1, 0x1EB2, 0x1EB3, 0x1EB4, 0x1EB5, 0x1EB6,
    0x1EB7, 0x1EB8, 0x1EB9, 0x1EBA, 0x1EBB, 0x1EBC, 0x1EBD, 0x1EBE, 0x1EBF, 0x1EC0, 0x1EC1, 0x1EC2,
    0x1EC3, 0x1EC4, 0x1EC5, 0x1EC6, 0x1EC7, 0x1ECC, 0x1ECD, 0x1ECE, 0x1ECF, 0x1ED0, 0x1ED1, 0x1ED2,
    0x1ED3, 0x1ED4, 0x1ED5, 0x1ED6, 0x1ED7, 0x1ED8, 0x1ED9, 0x1EDA, 0x1EDB, 0x1EDC, 0x1EDD, 0x1EDE,
    0x1EDF, 0x1EE0, 0x1EE1, 0x1EE2, 0x1EE3, 0x1EE4, 0x1EE6, 0x1EE8, 0x1EE9, 0x1EEA, 0x1EEB, 0x1EEC,
    0x1EED, 0x1EEE, 0x1EEF, 0x1EF0, 0x1EF1, 0x1EF2, 0x1EF3, 0x1EF4, 0x1EF5, 0x1EF6, 0x1EF7, 0x1EF8,
    0x1EF9, 0x2013, 0x2014, 0x2015, 0x2018, 0x2019, 0x201A, 0x201C, 0x201D, 0x201E, 0x2039, 0x203A,
    0x207D, 0x208D, 0xFB00,
};

static const uint8_t notosans_12_bolditalicKernLeftClassIds[] = {
      1,   2,   3,   2,   4,   5,   6,   5,   7,   8,   9,  10,  11,  12,  13,  14,
     10,  15,  10,  16,  17,  18,  19,  19,  13,  20,  21,   4,  22,  23,  24,  25,
     24,  26,  27,  24,  24,  28,  29,  30,  30,  27,  30,   4,  31,  32,  33,  34,
      7,   7,   7,   7,   7,   7,  11,   9,  11,  11,  11,  11,  10,  10,  10,  10,
     10,  10,  10,  18,  18,  18,  18,  20,  15,  23,  23,  23,  23,  23,  23,  24,
     24,  24,  24,  24,  35,  24,  24,  24,  24,  24,  24,  24,  30,  24,  30,   7,
     23,   7,  23,   7,  23,   9,   9,   9,   9,  10,  36,  10,  11,  24,  11,  24,
     11,  24,  11,  24,  11,  24,  37,  35,  38,  13,  27,  27,  14,  14,  14,  36,
     14,  14,  10,  24,  10,  24,  10,  24,  11,  24,  28,  28,  28,  17,  29,  17,
     39,  17,  29,  18,  18,  18,  18,  18,  18,  19,  30,  20,  30,  20,  21,  21,
     21,  40,  41,  42,  43,  35,   7,  23,  11,  24,  10,  24,  35,  17,  29,  44,
     45,  46,  47,  48,  44,  44,  49,  50,  51,  52,  53,  54,  45,  55,  50,  54,
     50,  56,  57,  46,  45,  51,  58,  50,  55,  55,  44,  44,  56,  56,  59,  60,
     61,  62,  63,  62,  64,  61,  59,  59,  65,  59,  59,  59,  66,  67,  66,  64,
     67,  68,  66,  65,  69,  59,  59,  69,  70,  59,  70,  66,  66,  59,  62,  62,
     71,  62,  64,  72,  73,  74,  70,  70,  67,  65,  59,  75,  59,  51,  76,  77,
     70,  46,  52,  78,  52,  78,  54,  61,  56,  66,  51,  76,  51,  76,  68,  68,
     56,  66,  56,  66,  51,  76,  46,  55,  63,  77,  70,  57,  66,  79,  80,  81,
     82,  83,  84,  85,  54,  61,  84,  85,  50,  64,  50,  64,  50,  64,  55,  63,
     81,  80,  83,  66,  46,  79,  63,  86,  87,  86,  87,  84,  85,  55,  63,  55,
     63,  83,  88,  62,  88,  62,  50,  64,  64,  55,  63,  55,  63,  55,  63,  52,
     23,  52,  23,  62,  62,  56,  66,  56,  66,  50,  64,  54,  61,  56,  66,  56,
     66,  56,  66,  56,  66,  51,  68,  51,  68,  51,  68,  59,  79,  80,  59,  81,
     82,  84,  85,  50,  85,   7,  23,   7,  23,   7,  23,   7,  23,   7,  23,   7,
     23,   7,  23,   7,  23,   7,  23,   7,  23,   7,  23,   7,  23,  11,  24,  11,
     24,  11,  24,  11,  24,  11,  24,  11,  24,  11,  24,  11,  24,  10,  24,  10,
     24,  10,  24,  10,  24,  10,  24,  10,  24,  10,  24,  40,  41,  40,  41,  40,
     41,  40,  41,  40,  41,  18,  18,  42,  43,  42,  43,  42,  43,  42,  43,  42,
     43,  20,  30,  20,  30,  20,  30,  20,  30,   6,   6,   6,   2,   2,   5,   2,
      2,   5,  32,  33,  89,  90,  26,
};

static const uint16_t notosans_12_bolditalicKernRightCodepoints[] = {
    0x0021, 0x0022, 0x0026, 0x0027, 0x0029, 0x002C, 0x002D, 0x002E, 0x003A, 0x003B, 0x003F, 0x0041,
    0x0043, 0x0047, 0x0049, 0x004A, 0x004F, 0x0051, 0x0053, 0x0054, 0x0055, 0x0056, 0x0057, 0x0058,
    0x0059, 0x005A, 0x005D, 0x0061, 0x0063, 0x0064, 0x0065, 0x0066, 0x0067, 0x006A, 0x006D, 0x006E,
    0x006F, 0x0070, 0x0071, 0x0072, 0x0073, 0x0074, 0x0075, 0x0076, 0x0077, 0x0079, 0x007A, 0x007D,
    0x00AB, 0x00BB, 0x00C0, 0x00C1, 0x00C2, 0x00C3, 0x00C4, 0x00C5, 0x00C6, 0x00C7, 0x00D2, 0x00D3,
    0x00D4, 0x00D5, 0x00D6, 0x00D8, 0x00D9, 0x00DA, 0x00DB, 0x00DC, 0x00DD, 0x00DF, 0x00E0, 0x00E1,
    0x00E2, 0x00E3, 0x00E4, 0x00E5, 0x00E6, 0x00E7, 0x00E8, 0x00E9, 0x00EA, 0x00EB, 0x00F1, 0x00F2,
    0x00F3, 0x00F4, 0x00F5, 0x00F6, 0x00F8, 0x00F9, 0x00FA, 0x00FB, 0x00FC, 0x00FD, 0x00FF, 0x0100,
    0x0101, 0x0102, 0x0103, 0x0104, 0x0105, 0x0106, 0x0107, 0x0108, 0x0109, 0x010A, 0x010B, 0x010C,
    0x010D, 0x010F, 0x0111, 0x0113, 0x0115, 0x0117, 0x0119, 0x011B, 0x011C, 0x011D, 0x011E, 0x011F,
    0x0120, 0x0121, 0x0122, 0x0123, 0x0127, 0x0129, 0x0135, 0x0138, 0x0144, 0x0146, 0x0148, 0x014B,
    0x014C, 0x014D, 0x014E, 0x014F, 0x0150, 0x0151, 0x0152, 0x0153, 0x0155, 0x0157, 0x015B, 0x015D,
    0x015F, 0x0161, 0x0162, 0x0163, 0x0164, 0x0165, 0x0166, 0x0167, 0x0168, 0x0169, 0x016A, 0x016B,
    0x016C, 0x016D, 0x016E, 0x016F, 0x0170, 0x0171, 0x0172, 0x0173, 0x0174, 0x0175, 0x0176, 0x0177,
    0x0178, 0x0179, 0x017A, 0x017B, 0x017C, 0x017D, 0x017E, 0x01A0, 0x01A1, 0x01AF, 0x01B0, 0x01FA,
    0x01FB, 0x01FC, 0x01FD, 0x01FE, 0x01FF, 0x0219, 0x021A, 0x021B, 0x0402, 0x0404, 0x0405, 0x0408,
    0x0409, 0x040B, 0x040E, 0x0410, 0x0414, 0x0416, 0x0417, 0x041B, 0x041E, 0x0421, 0x0422, 0x0423,
    0x0424, 0x0425, 0x0427, 0x042A, 0x042D, 0x042F, 0x0430, 0x0431, 0x0432, 0x0433, 0x0434, 0x0435,
    0x0436, 0x0437, 0x0438, 0x0439, 0x043A, 0x043B, 0x043C, 0x043D, 0x043E, 0x043F, 0x0440, 0x0441,
    0x0442, 0x0443, 0x0444, 0x0445, 0x0446, 0x0447, 0x0448, 0x0449, 0x044A, 0x044B, 0x044C, 0x044D,
    0x044E, 0x044F, 0x0450, 0x0451, 0x0452, 0x0453, 0x0454, 0x0455, 0x0457, 0x0458, 0x0459, 0x045A,
    0x045B, 0x045C, 0x045D, 0x045E, 0x045F, 0x0460, 0x0461, 0x0462, 0x0465, 0x0466, 0x0467, 0x0469,
    0x046D, 0x046E, 0x046F, 0x0470, 0x0471, 0x0472, 0x0473, 0x0474, 0x0475, 0x0476, 0x0477, 0x0478,
    0x0479, 0x047A, 0x047B, 0x047C, 0x047D, 0x047E, 0x047F, 0x0480, 0x0481, 0x048B, 0x048C, 0x048D,
    0x048F, 0x0491, 0x0492, 0x0495, 0x0496, 0x0497, 0x0498, 0x0499, 0x049B, 0x049D, 0x049E, 0x049F,
    0x04A0, 0x04A1, 0x04A3, 0x04A5, 0x04A7, 0x04A8, 0x04A9, 0x04AA, 0x04AB, 0x04AC, 0x04AD, 0x04AE,
    0x04AF, 0x04B0, 0x04B1, 0x04B2, 0x04B3, 0x04B4, 0x04B5, 0x04B6, 0x04B7, 0x04B8, 0x04B9, 0x04BB,
    0x04BC, 0x04BD, 0x04BE, 0x04BF, 0x04C1, 0x04C2, 0x04C4, 0x04C5, 0x04C6, 0x04C8, 0x04CA, 0x04CB,
    0x04CC, 0x04CE, 0x04D0, 0x04D1, 0x04D2, 0x04D3, 0x04D4, 0x04D5, 0x04D7, 0x04D8, 0x04D9, 0x04DA,
    0x04DB, 0x04DC, 0x04DD, 0x04DE, 0x04DF, 0x04E3, 0x04E5, 0x04E6, 0x04E7, 0x04E8, 0x04E9, 0x04EA,
    0x04EB, 0x04EC, 0x04ED, 0x04EE, 0x04EF, 0x04F0, 0x04F1, 0x04F2, 0x04F3, 0x04F4, 0x04F5, 0x04F7,
    0x04F9, 0x04FA, 0x04FC, 0x04FD, 0x04FE, 0x04FF, 0x1EA0, 0x1EA1, 0x1EA2, 0x1EA3, 0x1EA4, 0x1EA5,
    0x1EA6, 0x1EA7, 0x1EA8, 0x1EA9, 0x1EAA, 0x1EAB, 0x1EAC, 0x1EAD, 0x1EAE, 0x1EAF, 0x1EB0, 0x1EB1,
    0x1EB2, 0x1EB3, 0x1EB4, 0x1EB5, 0x1EB6, 0x1EB7, 0x1EB9, 0x1EBB, 0x1EBD, 0x1EBF, 0x1EC1, 0x1EC3,
    0x1EC5, 0x1EC7, 0x1ECC, 0x1ECD, 0x1ECE, 0x1ECF, 0x1ED0, 0x1ED1, 0x1ED2, 0x1ED3, 0x1ED4, 0x1ED5,
    0x1ED6, 0x1ED7, 0x1ED8, 0x1ED9, 0x1EDA, 0x1EDB, 0x1EDC, 0x1EDD, 0x1EDE, 0x1EDF, 0x1EE0, 0x1EE1,
    0x1EE2, 0x1EE3, 0x1EE4, 0x1EE5, 0x1EE6, 0x1EE7, 0x1EE8, 0x1EE9, 0x1EEA, 0x1EEB, 0x1EEC, 0x1EED,
    0x1EEE, 0x1EEF, 0x1EF0, 0x1EF1, 0x1EF2, 0x1EF3, 0x1EF4, 0x1EF5, 0x1EF6, 0x1EF7, 0x1EF8, 0x1EF9,
    0x2013, 0x2014, 0x2015, 0x2018, 0x2019, 0x201A, 0x201C, 0x201D, 0x201E, 0x2026, 0x2039, 0x203A,
    0x207E, 0x208E, 0xFB00,
};

static const uint8_t notosans_12_bolditalicKernRightClassIds[] = {
      1,   2,   3,   2,   4,   5,   6,   5,   7,   7,   8,   9,  10,  10,  11,  12,
     10,  10,  13,  14,  15,  16,  16,  17,  18,  19,   4,  20,  21,  21,  21,  22,
     23,  24,  25,  25,  21,  25,  21,  25,  26,  27,  25,  28,  28,  28,  29,   4,
     30,  31,   9,   9,   9,   9,   9,   9,  32,  10,  10,  10,  10,  10,  10,  10,
     15,  15,  15,  15,  18,  24,  21,  20,  20,  20,  20,  20,  20,  21,  21,  21,
     21,  21,  25,  21,  21,  21,  21,  21,  21,  25,  25,  25,  25,  28,  28,   9,
     20,   9,  20,   9,  20,  10,  21,  10,  21,  10,  21,  10,  21,  21,  21,  21,
     21,  21,  21,  21,  10,  23,  10,  23,  10,  23,  10,  23,  33,  34,  24,  25,
     25,  25,  25,  25,  10,  21,  10,  21,  10,  21,  10,  21,  25,  25,  26,  26,
     26,  26,  14,  27,  14,  27,  14,  27,  15,  25,  15,  25,  15,  25,  15,  25,
     15,  25,  15,  25,  16,  28,  18,  28,  18,  19,  29,  19,  29,  19,  29,  10,
     21,  15,  25,   9,  20,  32,  20,  10,  21,  26,  14,  27,  35,  36,  37,  38,
     39,  35,  40,  41,  42,  43,  44,  39,  36,  36,  35,  40,  45,  43,  46,  35,
     44,  47,  48,  49,  48,  50,  51,  48,  52,  50,  53,  53,  54,  55,  54,  54,
     48,  54,  54,  48,  54,  56,  48,  57,  53,  58,  53,  53,  59,  53,  53,  52,
     54,  60,  48,  48,  61,  50,  48,  62,  63,  64,  55,  54,  61,  54,  53,  65,
     53,  66,  67,  68,  69,  41,  70,  69,  69,  44,  50,  46,  69,  71,  72,  66,
     67,  66,  67,  71,  72,  71,  72,  71,  72,  66,  67,  71,  72,  69,  68,  61,
     69,  69,  68,  69,  43,  50,  44,  50,  69,  69,  68,  61,  73,  59,  69,  69,
     69,  71,  72,  71,  72,  35,  69,  74,  75,  74,  75,  43,  52,  73,  59,  46,
     58,  46,  58,  69,  76,  77,  76,  77,  43,  52,  69,  78,  70,  69,  69,  46,
     58,  69,  41,  79,  41,  79,  41,  79,  72,  80,  50,  80,  50,  43,  52,  44,
     50,  69,  69,  71,  72,  71,  72,  71,  72,  44,  52,  40,  56,  40,  56,  40,
     56,  46,  58,  69,  53,  68,  43,  52,  43,  52,   9,  20,   9,  20,   9,  20,
      9,  20,   9,  20,   9,  20,   9,  20,   9,  20,   9,  20,   9,  20,   9,  20,
      9,  20,  21,  21,  21,  21,  21,  21,  21,  21,  10,  21,  10,  21,  10,  21,
     10,  21,  10,  21,  10,  21,  10,  21,  10,  21,  10,  21,  10,  21,  10,  21,
     10,  21,  15,  25,  15,  25,  15,  25,  15,  25,  15,  25,  15,  25,  15,  25,
     18,  28,  18,  28,  18,  28,  18,  28,   6,   6,   6,  81,   2,   5,  81,   2,
      5,   5,  30,  31,  82,  83,  22,
};

static const uint16_t notosans_12_bolditalicKernRowOffsets[] = {
        0,     2,    32,    35,    50,    65,    78,    84,    85,    88,    96,    97,   100,   102,   109,   115,
      116,   132,   134,   146,   160,   163,   164,   165,   168,   169,   171,   172,   177,   179,   182,   185,
      192,   200,   204,   205,   211,   213,   214,   219,   226,   232,   246,   254,   270,   299,   309,   314,
      316,   323,   342,   371,   395,   409,   423,   439,   452,   468,   487,   488,   504,   514,   522,   527,
      535,   545,   561,   570,   582,   600,   619,   628,   633,   641,   643,   655,   657,   664,   676,   700,
      704,   722,   726,   734,   741,   743,   758,   760,   763,   764,   765,
};

static const uint8_t notosans_12_bolditalicKernSparseCols[] = {
     70,  71,   8,  13,  15,  17,  19,  20,  22,  24,  25,  33,  34,  36,  38,  39,
     40,  41,  42,  43,  45,  49,  54,  55,  60,  62,  64,  68,  69,  71,  77,  78,
     13,  15,  17,  11,  21,  23,  34,  37,  38,  41,  42,  43,  44,  55,  60,  62,
     63,  64,   9,  13,  14,  15,  17,  34,  44,  45,  57,  58,  65,  70,  72,  73,
     75,  13,  34,  39,  41,  42,  45,  54,  55,  56,  57,  58,  64,  72,   1,   9,
     11,  13,  15,  17,   4,   2,   9,  29,   4,   8,  13,  15,  16,  17,  18,  36,
     11,   4,   7,   8,   9,  29,   1,   9,  13,  14,  15,  17,  29,   2,   4,   8,
     16,  18,  29,  29,   2,   4,   5,   7,   8,   9,  13,  19,  20,  22,  24,  25,
     27,  28,  29,  30,   4,   8,   2,   4,   7,   8,   9,  19,  20,  22,  24,  25,
     29,  30,   2,   4,   7,   8,   9,  19,  20,  22,  24,  25,  28,  29,  30,  31,
      2,   9,  29,  11,   1,   1,  27,  28,   1,   1,   3,  20,   1,   4,  19,  20,
     22,   1,   3,   1,   4,   7,  11,  13,  17,  13,  15,  17,  34,  39,  45,  72,
     13,  15,  17,  34,  39,  42,  45,  72,  11,  13,  15,  17,   3,   0,   1,   3,
      7,  32,  80,   3,  33,  11,   0,   1,   3,   7,  80,   7,  12,  13,  15,  16,
     17,  20,   1,  21,  25,  26,  27,  80,   1,   4,   7,   8,  10,  12,  13,  15,
     16,  17,  19,  20,  24,  80,   1,   4,   7,  21,  25,  26,  27,  80,   1,   3,
      4,  34,  35,  39,  42,  44,  45,  46,  51,  55,  57,  58,  64,  80,   3,   4,
      5,   6,  30,  34,  35,  38,  40,  41,  43,  44,  46,  47,  49,  50,  51,  52,
     53,  54,  55,  56,  57,  58,  59,  60,  61,  62,  64,  29,  35,  37,  44,  45,
     47,  50,  57,  70,  75,   4,  44,  45,  57,  80,  37,  63,   1,  34,  39,  45,
     57,  58,  80,   3,   4,   5,  29,  35,  37,  41,  44,  45,  47,  50,  52,  55,
     57,  58,  62,  64,  70,  75,   4,   5,   6,  29,  30,  35,  38,  40,  41,  44,
     46,  47,  48,  49,  50,  52,  53,  54,  57,  59,  60,  61,  62,  69,  70,  71,
     75,  76,  77,   1,  34,  35,  37,  38,  39,  44,  45,  47,  48,  50,  52,  54,
     55,  57,  58,  64,  65,  67,  72,  73,  75,  79,  80,   1,  35,  40,  42,  44,
     45,  51,  55,  56,  57,  58,  64,  75,  80,   4,  34,  36,  39,  40,  42,  43,
     44,  45,  46,  51,  57,  65,  73,   3,  34,  35,  37,  38,  40,  41,  42,  44,
     45,  54,  55,  57,  58,  63,  64,   4,  34,  39,  40,  42,  43,  45,  46,  57,
     65,  69,  72,  73,   4,   5,  29,  34,  38,  39,  40,  41,  42,  43,  46,  47,
     50,  54,  69,  77,   3,   4,   6,  34,  36,  38,  39,  40,  41,  42,  43,  45,
     46,  54,  65,  69,  72,  73,  77,  34,   1,   4,  34,  39,  42,  45,  49,  51,
     55,  56,  57,  58,  59,  61,  64,  80,   4,  34,  45,  49,  51,  55,  57,  58,
     59,  64,   1,  34,  45,  47,  50,  55,  57,  64,   1,   4,  34,  42,  56,  34,
     45,  47,  50,  54,  57,  71,  76,   4,   5,  34,  45,  47,  48,  50,  52,  57,
     80,   1,   4,  34,  39,  42,  45,  49,  51,  55,  56,  57,  58,  59,  61,  64,
     80,   1,  34,  42,  45,  55,  57,  58,  64,  80,   4,   5,  34,  38,  40,  42,
     47,  50,  54,  59,  69,  80,   1,   3,  34,  37,  38,  40,  41,  42,  44,  45,
     52,  54,  55,  57,  58,  63,  64,  80,   1,  34,  35,  38,  39,  41,  45,  48,
     51,  52,  55,  56,  57,  58,  64,  66,  74,  76,  80,   1,  34,  37,  55,  57,
     58,  63,  64,  80,  34,  39,  47,  50,  57,   1,   3,  34,  39,  42,  60,  62,
     80,  37,  63,   4,   5,  34,  38,  40,  42,  47,  50,  54,  59,  69,  80,   4,
     69,   1,  34,  45,  58,  65,  72,  73,   1,  55,  57,  58,  59,  64,  66,  68,
     71,  74,  76,  78,   4,   5,  29,  30,  34,  40,  44,  49,  51,  55,  57,  58,
     59,  61,  64,  66,  68,  69,  70,  71,  74,  75,  76,  77,   4,   5,  69,  71,
      4,   5,  34,  40,  44,  49,  51,  57,  60,  61,  68,  69,  70,  71,  72,  75,
     76,  77,   4,  66,  69,  71,   1,  55,  57,  58,  64,  66,  74,  76,  37,  44,
     57,  58,  70,  75,  76,  57,  71,   4,  40,  44,  49,  57,  59,  60,  68,  69,
     70,  71,  76,  77,  78,  79,   4,  69,  34,  65,  73,  81,  82,
};

static const int8_t notosans_12_bolditalicKernSparseValues[] = {
      -8,   -8,  -28,    8,    8,    4,  -16,  -24,  -12,  -12,  -12,   26,    8,   12,  -20,   12,
     -28,  -24,   12,   16,    8,    4,  -12,    8,   16,   16,    8,   -4,  -28,  -24,  -24,   -8,
     -24,  -16,  -24,   36,   16,   16,   12,   44,   -4,   16,    8,   12,   -8,   12,   16,   12,
      36,   12,  -20,  -28,   -8,  -24,  -24,  -24,  -16,  -32,  -24,  -20,  -24,  -20,  -28,  -24,
     -24,  -16,  -16,   -8,   -4,   -8,  -20,   -4,   -4,   -4,   -8,   -8,   -4,  -16,  -28,   -8,
      30,  -20,   -4,  -12,   -8,   -4,   -8,   -8,  -16,   -8,  -12,   -4,   -8,   -4,   -4,   -4,
      24,  -24,    8,   -8,   -8,   -8,  -32,   -8,  -16,   -4,   -8,  -16,  -16,   -8,  -52,  -20,
      -8,   -4,   -4,   -4,   -8,  -24,  -16,    8,  -20,   -8,    4,  -32,  -28,  -28,  -20,  -24,
      -8,  -16,  -24,  -16,   -8,   -4,   -4,  -20,    8,   -4,   -4,   -8,   -8,   -4,   -4,   -4,
     -16,   -8,  -12,  -24,    8,  -12,   -8,  -20,  -20,   -8,  -12,  -16,   -8,  -16,  -16,   -8,
      -8,   -4,   -4,   43,   -4,   -4,   -8,   -4,    8,   24,   16,   -8,   16,  -46,   -8,   -8,
      -4,    8,    8,   16,  -16,    8,   24,   -8,   -4,  -16,   -8,  -16,  -16,   -4,   -8,  -12,
     -24,  -16,  -16,  -24,   -8,   -8,  -24,  -16,   40,  -20,   -4,  -12,   16,   24,   30,   35,
      32,   28,   14,   16,   46,   20,   15,   23,   31,   15,    7,   12,    8,   12,   16,   12,
      24,    8,    8,   16,    8,   16,   20,   24,    8,  -16,   20,   -8,   12,    8,   28,   32,
      24,   32,   -8,    4,   -4,    8,    8,   -4,    8,   20,    8,   20,   20,   20,  -32,   -4,
      -8,  -28,   -4,   -8,   -4,   -4,  -32,   -4,   -4,  -12,  -12,  -24,  -12,  -28,   12,  -24,
     -16,   -8,  -16,    4,   -8,  -24,  -20,  -24,    4,  -14,   -4,  -28,   -8,  -38,   -7,  -12,
     -12,  -28,   -6,   -8,  -15,   -6,  -12,   20,  -12,    8,  -11,   -8,   -4,    8,   -8,   -4,
      -4,   -4,   -8,   -8,   -8,   -4,   -4,   -8,   -6,   -4,   20,   12,  -32,  -28,   -8,  -32,
     -12,  -20,  -20,    8,   -4,  -12,   -8,  -10,    8,    4,  -16,   -8,   -4,   -8,   -4,   -4,
     -12,   -4,    4,   -4,   -8,  -20,  -32,   -8,   -8,  -16,   -8,   -8,  -30,  -30,  -28,  -12,
     -12,  -12,   -8,   -4,  -19,   -4,   -8,  -22,   -8,   -4,   22,   -8,    8,  -16,   -4,   -8,
      -8,  -12,  -20,  -28,  -24,  -16,   12,    8,  -10,  -16,  -36,   -4,   -4,   -4,   -4,    6,
     -12,  -24,  -24,  -12,  -16,   -8,  -20,  -24,  -20,   -8,  -28,   -8,   -4,   -4,   -4,   -4,
      -8,   -4,  -12,   -4,  -12,  -16,  -12,   -8,   -8,   -8,   -8,   -4,   -4,   -4,   -4,   -4,
      -4,   -8,   -4,   -4,   -4,   -4,   -4,   16,   -4,   -4,   48,   12,    6,   12,    4,   -4,
     -12,   16,   12,  -16,   -8,   40,   12,  -16,  -16,  -16,   -8,  -10,   -4,   -8,   -4,   -4,
      -4,   -4,   -4,   -4,  -52,   -4,   -4,   -8,  -20,  -12,  -20,  -20,  -12,   -4,   -4,   -4,
      -4,  -16,  -20,  -24,   -8,  -16,   -4,  -20,   -4,   -8,  -22,   -8,   -6,  -16,   -8,   -8,
     -12,   -8,   -4,   -4,   -8,  -12,   -8,  -12,   -4,   -8,  -42,  -12,   -4,  -12,   -4,   -8,
     -16,   -8,   -8,   -8,   -4,   -4,  -16,   -8,   -8,  -24,   -4,   -4,   -4,  -12,   -8,   -4,
       2,  -12,   -4,  -20,   -4,   -4,   -4,   -8,   -4,   -8,   -4,   -8,   -8,   -4,   -4,  -16,
      -4,   -8,   -8,    4,   -8,   -8,   -8,   -4,   -8,   -7,   -4,   -8,   -4,   -8,   -6,   -4,
       4,   -4,   -8,  -28,  -12,   -4,  -12,   -4,   -8,  -16,   -8,   -8,   -8,   -4,   -4,  -16,
      -8,  -12,  -16,   -4,   -8,  -20,   -8,   -8,  -20,  -16,  -16,   -4,   -6,  -12,   -4,   -4,
     -10,  -10,  -20,   -4,   -8,    8,   -8,   16,  -20,   52,   16,    8,   16,    8,   -8,  -16,
      -4,    8,    4,   -8,   -8,   30,    4,  -12,  -24,  -36,  -12,    6,   -5,    2,  -48,   -4,
      -6,   -4,  -24,   -2,  -28,  -28,  -24,   -8,  -12,   -8,  -36,  -12,  -36,   34,  -16,   -8,
      -8,   10,  -16,  -16,  -12,   -8,   -4,   -4,   -8,   16,   12,   10,    8,    4,   15,    4,
      16,   32,   12,  -16,   -4,  -11,  -12,   -4,   -4,  -10,  -10,  -20,   -4,   -8,    8,  -16,
      -8,  -16,  -16,  -24,   -8,  -12,  -20,  -12,  -28,  -12,  -12,  -20,   12,  -12,   -8,   -4,
      -8,   -8,   -8,   -8,  -24,  -16,  -24,  -16,    4,  -20,  -16,   -8,   -8,  -16,  -20,  -16,
     -12,  -24,  -16,   -8,  -20,  -24,   -8,  -28,  -16,  -20,  -28,  -20,  -20,   -8,  -12,   -4,
     -20,   -8,    8,  -24,  -12,   -8,   -8,  -20,    8,  -12,  -12,  -20,   -8,  -16,    8,   -8,
     -12,  -16,  -12,   20,  -12,   -8,  -28,   -8,  -32,  -20,   -8,   -8,   -8,   -8,   88,  -12,
     -16,   -8,   -8,  -12,   -8,   -4,   -4,  -24,  -24,  -12,  -16,  -16,   -8,    8,  -12,  -20,
      -8,  -20,  -16,  -16,  -16,   -4,  -16,   -4,   -8,   -4,   -4,   13,   15,
};

static const EpdLigaturePair notosans_12_bolditalicLigaturePairs[] = {
    { 0x00660066, 0xFB00 }, // f f -> U+FB00
    { 0x00660069, 0xFB01 }, // f i -> U+FB01
    { 0x0066006C, 0xFB02 }, // f l -> U+FB02
    { 0xFB000069, 0xFB03 }, // U+FB00 i -> U+FB03
    { 0xFB00006C, 0xFB04 }, // U+FB00 l -> U+FB04
};

static const EpdFontData notosans_12_bolditalic = {
    notosans_12_bolditalicBitmaps,
    notosans_12_bolditalicGlyphs,
    notosans_12_bolditalicIntervals,
    18,
    34,
    27,
    -8,
    true,
    notosans_12_bolditalicGroups,
    13,
    nullptr,
    nullptr,  // kernLeftClasses: built-in fonts use the split arrays below
    nullptr,  // kernRightClasses
    notosans_12_bolditalicKernLeftCodepoints,
    notosans_12_bolditalicKernLeftClassIds,
    notosans_12_bolditalicKernRightCodepoints,
    notosans_12_bolditalicKernRightClassIds,
    nullptr,  // kernMatrix: built-in fonts use the sparse form below
    notosans_12_bolditalicKernRowOffsets,
    notosans_12_bolditalicKernSparseCols,
    notosans_12_bolditalicKernSparseValues,
    471,
    471,
    90,
    83,
    notosans_12_bolditalicLigaturePairs,
    5,
};
