/**
 * generated by fontconvert.py
 * name: notoserif_18_bold
 * size: 18
 * mode: 2-bit  compressed: true
 * Command used: fontconvert.py notoserif_18_bold 18 ../builtinFonts/source/NotoSerif/NotoSerif-Bold.ttf --2bit --compress --pnum --zopfli
 */
#pragma once
#include "EpdFontData.h"

static const uint8_t notoserif_18_boldBitmaps[43897] = {
    0xBD, 0x99, 0x3F, 0x8C, 0xE6, 0xC6, 0x79, 0xC6, 0x1F, 0x92, 0xB9, 0xA3, 0x63, 0x02, 0x19, 0x17,
    0x96, 0x53, 0x2C, 0x10, 0xA6, 0x4E, 0x00, 0x4F, 0x0F, 0x58, 0x37, 0x74, 0x1A, 0x15, 0x29, 0xB4,
    0x85, 0xD7, 0x02, 0xAC, 0xE2, 0x1A, 0x77, 0x2E, 0xB6, 0x07, 0x72, 0x22, 0x01, 0x17, 0x29, 0xBD,
    0x85, 0x94, 0x14, 0x2E, 0xD2, 0xA4, 0x08, 0xDC, 0xA8, 0x49, 0x11, 0x20, 0x77, 0xE2, 0xC8, 0x2E,
    0x54, 0x8A, 0xB0, 0xA3, 0xB4, 0x47, 0xC8, 0xBA, 0x04, 0x41, 0x0A, 0x8D, 0x7D, 0x73, 0x31, 0xCF,
    0x1E, 0xF2, 0xC9, 0xBC, 0x2F, 0xBF, 0x6F, 0x77, 0xA5, 0x3B, 0x45, 0xAB, 0xE8, 0x6C, 0x7E, 0xE4,
    0xEF, 0x99, 0x5D, 0xCE, 0xBC, 0xF3, 0xCE, 0xF0, 0x9D, 0x3F, 0xDF, 0x47, 0x97, 0xF2, 0x67, 0x91,
    0x8F, 0x8D, 0x36, 0xB6, 0x41, 0x3E, 0x46, 0x3E, 0xB3, 0x7C, 0x9A, 0xA9, 0x99, 0xEA, 0xA9, 0xF6,
    0x00, 0xD0, 0xCC, 0x76, 0x91, 0xDC, 0x76, 0x69, 0xE6, 0x3E, 0xBA, 0xA5, 0x0F, 0x2E, 0xBA, 0x20,
    0x1F, 0x1B, 0xDC, 0x6C, 0x83, 0x9D, 0xDB, 0xB9, 0x9D, 0xF2, 0xE5, 0xCD, 0x64, 0xF4, 0x92, 0x4F,
    0xE3, 0x51, 0x05, 0x93, 0x31, 0x9B, 0x01, 0xF5, 0xD4, 0x76, 0x68, 0xBC, 0xC5, 0x0E, 0xE3, 0x5D,
    0xC6, 0x70, 0x07, 0x8E, 0x64, 0x52, 0xFC, 0xC5, 0xF8, 0x93, 0xED, 0x9F, 0xE0, 0x90, 0x80, 0x3B,
    0x58, 0x80, 0x37, 0x04, 0xF7, 0x8A, 0x08, 0xDC, 0x2F, 0x03, 0x90, 0xAA, 0x03, 0x48, 0x32, 0x28,
    0x5E, 0x7B, 0x72, 0xF7, 0x83, 0xD3, 0x43, 0x15, 0xCF, 0xD6, 0x63, 0x2E, 0xEB, 0x01, 0xC2, 0x27,
    0x60, 0x39, 0xA3, 0x20, 0x13, 0x9A, 0xF8, 0x98, 0x68, 0xA7, 0x40, 0x58, 0x1F, 0x46, 0x38, 0x1F,
    0xEE, 0xC1, 0x4D, 0xE1, 0x6B, 0x70, 0x31, 0x00, 0x76, 0xCB, 0x68, 0x99, 0xD1, 0x70, 0x03, 0x4A,
    0x72, 0x06, 0x7A, 0x26, 0xA0, 0x26, 0x01, 0x90, 0x1D, 0xF0, 0x98, 0xFE, 0x9B, 0x08, 0xF4, 0xEF,
    0x20, 0x38, 0xCF, 0x23, 0x86, 0x71, 0x08, 0x3D, 0xDC, 0xFC, 0xAB, 0x0D, 0x2D, 0xB9, 0x48, 0xD9,
    0x0B, 0xE0, 0x56, 0x7C, 0xD6, 0x17, 0x41, 0x21, 0x37, 0xEF, 0x03, 0x86, 0x0B, 0x90, 0x4F, 0xFB,
    0x1F, 0x1B, 0xA4, 0xC9, 0xCE, 0x8F, 0xA8, 0x66, 0x60, 0xEC, 0xFA, 0xA1, 0xF1, 0x00, 0xE1, 0xBC,
    0x19, 0x76, 0xB5, 0xD8, 0xD5, 0x1D, 0xF4, 0xC1, 0x41, 0xD3, 0xAE, 0x3F, 0x8D, 0x27, 0x4F, 0xA5,
    0xDC, 0x0F, 0xC3, 0xC8, 0x21, 0xDB, 0xA9, 0x7F, 0xCE, 0xF3, 0x39, 0xDB, 0x35, 0x3F, 0x4B, 0x26,
    0x18, 0x2E, 0xED, 0x2B, 0xB1, 0x8E, 0xB9, 0x5E, 0xD7, 0x84, 0x6A, 0x01, 0x70, 0xCF, 0x84, 0x4A,
    0x8A, 0xA6, 0x5D, 0x8B, 0xB8, 0x6B, 0x15, 0x76, 0xAD, 0xA7, 0x5D, 0x8D, 0xDF, 0xF3, 0xB7, 0x43,
    0x9D, 0xCB, 0x03, 0x0E, 0x55, 0x2E, 0x21, 0xCF, 0xAA, 0xDC, 0xCE, 0x27, 0x20, 0x01, 0x23, 0x07,
    0x14, 0x0B, 0x90, 0xEB, 0x47, 0x31, 0x8A, 0x6D, 0xB4, 0xDA, 0x53, 0x70, 0x4F, 0xC7, 0x09, 0xC0,
    0x38, 0xB7, 0x01, 0x00, 0xBD, 0xF9, 0xA4, 0xCC, 0x72, 0x6F, 0x6A, 0x25, 0x4B, 0x1F, 0xAC, 0x14,
    0xB0, 0x8B, 0xB4, 0x0A, 0x66, 0x9B, 0x2A, 0x26, 0xB4, 0x54, 0x21, 0x43, 0xC5, 0x37, 0x1B, 0xF6,
    0xA9, 0x4A, 0xB0, 0xA9, 0xDD, 0xEA, 0x05, 0x6E, 0x69, 0xF8, 0xB7, 0x11, 0x63, 0x28, 0xF9, 0x30,
    0x80, 0x01, 0xE4, 0x2C, 0xE2, 0xE8, 0x45, 0xCC, 0x2E, 0x35, 0x67, 0x8C, 0x01, 0x05, 0x17, 0xF4,
    0x0B, 0x2A, 0x6E, 0x70, 0x1B, 0x0C, 0x39, 0x18, 0x3E, 0x1A, 0x5F, 0xE5, 0xD3, 0x92, 0x4C, 0x15,
    0x89, 0x13, 0x5E, 0x80, 0xEC, 0x63, 0x2F, 0x11, 0x2E, 0xF1, 0x2D, 0xB1, 0xED, 0x8D, 0x7E, 0x20,
    0xC7, 0x37, 0x51, 0xAC, 0x30, 0x0B, 0xDC, 0x0C, 0xFA, 0x8A, 0xA8, 0x37, 0x98, 0x84, 0x36, 0xC1,
    0x2D, 0x70, 0x11, 0x7D, 0x90, 0x6A, 0xF8, 0xBC, 0x73, 0xD4, 0xB3, 0x0F, 0x92, 0xCD, 0x2D, 0x52,
    0xC4, 0xAC, 0x52, 0xBC, 0x64, 0x87, 0xD1, 0xC3, 0x06, 0x34, 0x09, 0xD8, 0x80, 0x3F, 0x83, 0x1E,
    0xFF, 0x02, 0xF4, 0x1D, 0xEC, 0x2C, 0xFF, 0xAE, 0x88, 0x82, 0x03, 0xC6, 0xE9, 0x50, 0xDE, 0x6A,
    0xF9, 0xDD, 0x84, 0xD9, 0xF4, 0xE4, 0xB5, 0x73, 0xD3, 0x73, 0x95, 0x0C, 0x76, 0xF7, 0x2C, 0xA0,
    0x17, 0x87, 0x0B, 0x76, 0xD5, 0xA6, 0xEE, 0x4F, 0x18, 0x81, 0x7F, 0x86, 0x1E, 0x4D, 0xCC, 0xA8,
    0x03, 0xF0, 0x95, 0x2A, 0x7C, 0x05, 0xB6, 0x92, 0x91, 0xF0, 0xF3, 0x0F, 0x89, 0xFE, 0xB7, 0x1F,
    0xB3, 0xBB, 0x4D, 0x7E, 0x04, 0xD8, 0x15, 0xA8, 0x25, 0xD5, 0xFF, 0xF6, 0x21, 0x3B, 0xF7, 0x8B,
    0x0F, 0x29, 0xF9, 0x5E, 0xD6, 0x12, 0x5A, 0xF6, 0x60, 0xA5, 0x0A, 0x9F, 0x87, 0xB3, 0xD7, 0x9E,
    0x9C, 0x75, 0x24, 0xE9, 0x15, 0x37, 0x28, 0xD1, 0x4C, 0x2E, 0xB8, 0xC5, 0xA5, 0x36, 0xD5, 0x4B,
    0x11, 0xCB, 0x50, 0x4F, 0x76, 0x78, 0x80, 0x53, 0x90, 0xE1, 0xF2, 0xB4, 0xC3, 0x38, 0x33, 0x30,
    0x8C, 0xB3, 0x1D, 0x74, 0x1C, 0x45, 0x14, 0x01, 0x65, 0x90, 0x31, 0x54, 0x4D, 0xA8, 0x3D, 0x1A,
    0x0F, 0x33, 0xC8, 0xD9, 0x76, 0xB0, 0x80, 0x93, 0x99, 0x06, 0xF7, 0x74, 0xEC, 0x25, 0x29, 0x51,
    0x44, 0xCD, 0xAE, 0x25, 0xEA, 0x49, 0xB3, 0xFB, 0xCF, 0xCC, 0xFE, 0x7D, 0x1C, 0x0E, 0x2B, 0x11,
    0x4F, 0x0D, 0xB0, 0xBB, 0x09, 0x26, 0x55, 0x44, 0xBB, 0x94, 0xEC, 0x5C, 0x2C, 0xE8, 0x5D, 0x00,
    0x7D, 0x9F, 0x31, 0x8D, 0x19, 0xB3, 0x86, 0xC1, 0x4D, 0xA1, 0x25, 0xB4, 0xAC, 0x5A, 0x51, 0x7B,
    0x56, 0x2C, 0x6B, 0x1D, 0xF5, 0xD6, 0xAC, 0x52, 0x6F, 0xDC, 0x3D, 0x40, 0xF1, 0x1D, 0x00, 0xE8,
    0x27, 0xA0, 0x64, 0x46, 0x2B, 0x18, 0x33, 0x4E, 0xD6, 0x0C, 0x17, 0x05, 0x53, 0xC6, 0x57, 0x91,
    0x81, 0x17, 0x88, 0x42, 0x50, 0x32, 0xA0, 0x22, 0x19, 0x15, 0xD0, 0xA3, 0xE7, 0x80, 0x9A, 0x5C,
    0x60, 0x57, 0x43, 0xB8, 0x50, 0xB1, 0xEB, 0xE7, 0x92, 0x7E, 0x9C, 0x32, 0x7A, 0x2F, 0x8D, 0xF1,
    0x39, 0x55, 0x74, 0x19, 0x40, 0xC5, 0x41, 0x00, 0xA0, 0x59, 0x01, 0x89, 0x4F, 0x48, 0xC8, 0x02,
    0xA3, 0x17, 0xF3, 0x00, 0xEA, 0x94, 0xA1, 0x73, 0x47, 0xEF, 0xA1, 0xA3, 0x44, 0xE6, 0xA2, 0x22,
    0x98, 0x19, 0x55, 0x70, 0x03, 0xDA, 0x30, 0x92, 0x0C, 0xFC, 0x24, 0xA0, 0x87, 0xCC, 0x4A, 0x8D,
    0xFA, 0xB2, 0xB4, 0x44, 0x1F, 0x6A, 0x76, 0xE3, 0x54, 0x89, 0x1B, 0x19, 0x4E, 0xD0, 0x08, 0xC4,
    0x83, 0x0E, 0xA8, 0x29, 0x1E, 0x24, 0xA9, 0x69, 0x96, 0xB2, 0x10, 0xCC, 0xF2, 0xE7, 0x06, 0xB9,
    0x3B, 0x1C, 0xFA, 0x18, 0x9C, 0x05, 0x41, 0xF1, 0x2D, 0xC1, 0x03, 0xF9, 0xDF, 0x26, 0x7D, 0xC2,
    0xAE, 0xA2, 0x1F, 0xE7, 0x96, 0x9D, 0x23, 0x57, 0x34, 0x94, 0xBC, 0xDF, 0xFB, 0x47, 0xE0, 0x68,
    0x5E, 0x60, 0x05, 0x4E, 0xF0, 0xAF, 0x19, 0xC5, 0x6F, 0x32, 0xAA, 0xFF, 0xCC, 0x68, 0xDE, 0xCB,
    0x30, 0xAF, 0x64, 0x58, 0xC9, 0x7C, 0x4F, 0xB0, 0x64, 0x94, 0x21, 0xA3, 0x9A, 0x33, 0x8C, 0xCF,
    0x68, 0xBB, 0x0C, 0x87, 0x8C, 0x77, 0xCE, 0x5E, 0xE7, 0x5B, 0xBC, 0x3C, 0xB4, 0x8E, 0xEB, 0x68,
    0xA4, 0x59, 0x2D, 0x3D, 0x6A, 0x72, 0x53, 0x34, 0x24, 0xBB, 0x2B, 0x18, 0xC5, 0x80, 0x76, 0x30,
    0x1D, 0x8C, 0xA0, 0xE9, 0x32, 0x00, 0xA3, 0x33, 0xB8, 0xA2, 0x50, 0x1B, 0x1C, 0x60, 0xC9, 0x05,
    0x7F, 0x72, 0xDA, 0xF3, 0xAA, 0x37, 0x3C, 0x50, 0x5C, 0xEB, 0x92, 0x1D, 0x5F, 0x11, 0xDC, 0x93,
    0x1B, 0xEF, 0x48, 0x96, 0x51, 0x32, 0xF7, 0x53, 0xCB, 0xDD, 0x40, 0x4D, 0x4E, 0xDA, 0x25, 0x87,
    0xA3, 0xE0, 0xAA, 0xF6, 0x3D, 0xFA, 0xA9, 0x0F, 0x05, 0x3B, 0x1B, 0x64, 0xA2, 0x0A, 0x4D, 0x82,
    0x99, 0x4D, 0xC6, 0xD0, 0x2E, 0x00, 0x6C, 0xCC, 0x70, 0x8A, 0x70, 0xAB, 0x83, 0xFB, 0x1F, 0xAE,
    0x70, 0x64, 0xB6, 0xBC, 0x7D, 0x9B, 0x73, 0x1F, 0xE1, 0x42, 0x1F, 0x60, 0x17, 0x17, 0xD0, 0xA6,
    0x1D, 0xF1, 0x88, 0x76, 0xC9, 0x30, 0x09, 0x76, 0x69, 0x56, 0x8D, 0x48, 0xB8, 0xB9, 0xE0, 0xBB,
    0x52, 0x25, 0x09, 0x34, 0x1A, 0xBA, 0x2F, 0x41, 0xED, 0x2D, 0x82, 0x28, 0x08, 0x3B, 0x3A, 0xD8,
    0xE9, 0x0E, 0xE0, 0xFC, 0xCB, 0x40, 0x3F, 0xC8, 0xE3, 0xEE, 0x90, 0x01, 0xA0, 0xDC, 0x32, 0x74,
    0xFD, 0x6C, 0xC4, 0x43, 0x13, 0x8F, 0x81, 0xEA, 0x66, 0x81, 0x3F, 0x44, 0xB1, 0x16, 0xD0, 0x50,
    0xAE, 0xB6, 0x63, 0x3C, 0x1B, 0x41, 0x2B, 0x05, 0xEC, 0x65, 0x81, 0x71, 0x12, 0x0C, 0x38, 0x1C,
    0x0D, 0x17, 0x60, 0x24, 0x87, 0x92, 0xC3, 0x38, 0xD7, 0x1B, 0x6C, 0x94, 0x79, 0x7D, 0x91, 0x2E,
    0x49, 0x3B, 0x64, 0x39, 0x32, 0x44, 0x1B, 0x1B, 0x0E, 0x36, 0x54, 0x0C, 0xB9, 0x34, 0xA5, 0x3B,
    0xAD, 0xB4, 0xC8, 0x90, 0x6A, 0x60, 0xAA, 0x58, 0x33, 0x9A, 0x84, 0x31, 0xD9, 0x08, 0xBB, 0xB9,
    0x00, 0xC3, 0x8C, 0x46, 0x50, 0x6B, 0x6A, 0xB3, 0x11, 0x66, 0xD5, 0xD5, 0x4C, 0x86, 0x48, 0x28,
    0xA4, 0x63, 0x71, 0xC2, 0x05, 0xFB, 0x71, 0xB2, 0x75, 0x00, 0x19, 0x51, 0xF1, 0xED, 0x35, 0xE7,
    0x2C, 0x65, 0xAE, 0xD3, 0xB9, 0x09, 0xE3, 0xA4, 0x2B, 0x8C, 0x2C, 0x4E, 0xE1, 0x12, 0x51, 0xE1,
    0xA2, 0x20, 0xA1, 0x8F, 0xED, 0x56, 0x32, 0x36, 0x24, 0x63, 0x49, 0xBA, 0x88, 0x93, 0x8F, 0x74,
    0x8C, 0x5F, 0xA1, 0xD7, 0x0E, 0xF0, 0xB5, 0x6E, 0x09, 0xBA, 0x82, 0x5D, 0xEB, 0x25, 0x08, 0x62,
    0x9B, 0xF6, 0x21, 0x54, 0x90, 0x1D, 0x70, 0x4B, 0x2E, 0xF4, 0x13, 0x67, 0x06, 0xCE, 0xFD, 0x74,
    0x0B, 0xCF, 0x1E, 0xD7, 0x97, 0x83, 0xA2, 0x6B, 0xA3, 0x2C, 0x1F, 0x6E, 0x69, 0xA3, 0x44, 0xF1,
    0xF5, 0x43, 0xAC, 0xB5, 0xC1, 0xE9, 0x7D, 0x93, 0xCA, 0xA5, 0x88, 0xB2, 0xA5, 0xEC, 0x8F, 0x0B,
    0xA3, 0x1E, 0xCD, 0x20, 0xAE, 0x65, 0xD4, 0x52, 0xBB, 0x5D, 0x80, 0x92, 0x83, 0x26, 0xF6, 0xA8,
    0x6F, 0x57, 0xDD, 0xD8, 0xE0, 0x10, 0x13, 0xBD, 0x2E, 0xA6, 0x1B, 0x8E, 0xFF, 0x6C, 0x24, 0x29,
    0x19, 0x25, 0xA7, 0x26, 0x3B, 0x75, 0x30, 0xA3, 0x14, 0x00, 0x67, 0xF9, 0xB8, 0xBE, 0x22, 0x3E,
    0xF7, 0x78, 0x36, 0x9F, 0x36, 0x25, 0x08, 0xAE, 0x2A, 0x33, 0xEB, 0x55, 0x65, 0x09, 0xBB, 0xA7,
    0xEA, 0xEA, 0x61, 0x72, 0x03, 0x87, 0x83, 0x47, 0x7D, 0x38, 0x34, 0xC8, 0xC5, 0x6B, 0x0D, 0x82,
    0x56, 0x2F, 0x46, 0x30, 0xE1, 0x78, 0x14, 0xE3, 0xD6, 0xC1, 0x90, 0x01, 0x6E, 0x3B, 0x5F, 0xD1,
    0xC7, 0x86, 0xE8, 0x43, 0xC5, 0xC1, 0xCD, 0x32, 0x77, 0x0A, 0x80, 0x2B, 0xA8, 0xD5, 0x7D, 0x86,
    0x4B, 0xE2, 0x97, 0x56, 0x34, 0x1C, 0x66, 0xF5, 0x66, 0x3E, 0xA2, 0x9E, 0xF0, 0xCC, 0xA1, 0x37,
    0xD4, 0x0F, 0x97, 0x8E, 0xB0, 0x97, 0xC5, 0x80, 0x1F, 0xF0, 0x23, 0xCD, 0x46, 0x6A, 0xBB, 0xC6,
    0xDF, 0x7E, 0x77, 0x5C, 0x64, 0x40, 0x75, 0xDA, 0xE1, 0xFB, 0xF2, 0x30, 0xC8, 0x09, 0xB4, 0xBE,
    0x58, 0x71, 0xB2, 0xFD, 0xB1, 0xEC, 0x59, 0x0B, 0x72, 0xAB, 0x42, 0x13, 0x9A, 0xB5, 0x5A, 0xCB,
    0x68, 0x7C, 0x1B, 0xAB, 0x54, 0x2C, 0x56, 0xFC, 0x4F, 0x48, 0x0E, 0xA3, 0x17, 0xED, 0x41, 0x5F,
    0x2F, 0x48, 0xEF, 0x94, 0xEC, 0x9A, 0x88, 0xF4, 0xA0, 0x62, 0x67, 0x22, 0x96, 0x54, 0x11, 0x26,
    0x14, 0x71, 0xD7, 0x32, 0x88, 0xB6, 0xA1, 0x52, 0xB5, 0xA1, 0x9E, 0x92, 0x2C, 0xF7, 0xC1, 0xF8,
    0x04, 0xBE, 0xFB, 0x78, 0x71, 0x78, 0x80, 0x9E, 0xEF, 0x72, 0xC5, 0x1B, 0xD2, 0xD1, 0xFD, 0x0C,
    0x77, 0x19, 0x93, 0xBB, 0x9A, 0x69, 0xD7, 0x3A, 0x08, 0xBF, 0x86, 0x52, 0x9F, 0x59, 0xD8, 0x87,
    0xBE, 0x9D, 0x81, 0x96, 0x6F, 0xFD, 0x80, 0x1D, 0x50, 0x1C, 0x97, 0xD3, 0xDB, 0x7C, 0x2A, 0x82,
    0x82, 0x5E, 0xA4, 0xE4, 0x2C, 0x52, 0x31, 0xA8, 0x99, 0x5D, 0x0C, 0x17, 0x91, 0xF6, 0xED, 0x24,
    0x62, 0x35, 0xD4, 0xE0, 0xCC, 0x26, 0xF2, 0x46, 0x43, 0x11, 0x19, 0xD5, 0x22, 0x95, 0xCE, 0xDA,
    0xCB, 0xBE, 0xF2, 0x86, 0x82, 0x93, 0xFA, 0x22, 0x46, 0x9B, 0x49, 0x1F, 0x97, 0xF9, 0xE0, 0x6C,
    0x8C, 0xE2, 0x07, 0xC5, 0xA8, 0x23, 0x99, 0xB2, 0xEC, 0xF1, 0xFB, 0x8E, 0x54, 0xA5, 0x21, 0xD2,
    0x10, 0x45, 0xD2, 0xC7, 0x5D, 0x2E, 0xFA, 0xE8, 0x6B, 0x95, 0xE9, 0x7C, 0x3B, 0xC5, 0x5D, 0x3E,
    0x25, 0x03, 0x48, 0x1E, 0x64, 0x24, 0xB7, 0x0E, 0xA3, 0x9A, 0x2A, 0xF9, 0xE4, 0x9C, 0x1D, 0x18,
    0xC4, 0x03, 0x4A, 0xCD, 0xC2, 0xE7, 0x9F, 0xEA, 0x1E, 0x83, 0x04, 0x56, 0x2E, 0xB5, 0x01, 0x6A,
    0x50, 0x28, 0xE9, 0x70, 0x7B, 0xB7, 0x30, 0x06, 0xA1, 0x8B, 0xCA, 0x45, 0x99, 0x9E, 0xCF, 0x3E,
    0x0A, 0xA5, 0xEA, 0x27, 0xAF, 0xD3, 0x8F, 0x6A, 0x47, 0x78, 0x01, 0xE0, 0x5C, 0xD8, 0xA8, 0xE5,
    0xFE, 0xE9, 0x5D, 0xFA, 0x42, 0xCE, 0xA9, 0xA6, 0x3C, 0x19, 0x93, 0x80, 0xDE, 0xDB, 0x4C, 0xD7,
    0xC9, 0x88, 0xF9, 0xBA, 0x0E, 0x20, 0x60, 0x54, 0xF2, 0xC6, 0x1C, 0x95, 0x7D, 0x14, 0xBA, 0x45,
    0x68, 0x93, 0x50, 0x1F, 0xD4, 0x24, 0xE3, 0xA4, 0x9E, 0x4A, 0x46, 0xF4, 0xBA, 0x2A, 0xED, 0x1B,
    0x97, 0x75, 0xF7, 0xED, 0xE8, 0xE7, 0xEE, 0x34, 0xB4, 0x05, 0x33, 0xB4, 0x51, 0x8B, 0x4A, 0xBB,
    0xA9, 0x34, 0xEC, 0x44, 0x2A, 0x7A, 0x91, 0x72, 0x97, 0xBD, 0x1B, 0x01, 0xCE, 0xBB, 0x84, 0x1B,
    0xCB, 0x7C, 0x55, 0x5C, 0x8D, 0x5D, 0x99, 0xAE, 0xF7, 0x8A, 0x0C, 0x21, 0x62, 0x93, 0x0A, 0xE3,
    0xFE, 0x7C, 0xFD, 0xC1, 0xCF, 0xEB, 0x5E, 0x73, 0xDE, 0x99, 0x33, 0x9C, 0x9D, 0xAB, 0xDD, 0x46,
    0x59, 0x2B, 0xAB, 0x9D, 0xD3, 0x67, 0xF6, 0x5D, 0x2E, 0xF5, 0x9D, 0x4C, 0x32, 0xED, 0xBC, 0x79,
    0xBF, 0x47, 0xE5, 0x72, 0xC5, 0x72, 0x11, 0x1F, 0x5E, 0x5F, 0xD4, 0x9F, 0x03, 0x05, 0xF4, 0x3B,
    0x6B, 0xE6, 0x21, 0xA0, 0x9B, 0xC2, 0x56, 0x69, 0x94, 0x8D, 0xB2, 0x56, 0x02, 0x9F, 0xC9, 0x5C,
    0xF6, 0x34, 0x93, 0x5C, 0x2E, 0xE9, 0x81, 0x2F, 0x4A, 0x19, 0x43, 0xA7, 0x57, 0xF1, 0x2E, 0x04,
    0xFE, 0x52, 0x67, 0x82, 0x9A, 0xE4, 0x0C, 0xB8, 0xED, 0xBB, 0xDA, 0x09, 0x13, 0xDC, 0xAA, 0xD3,
    0xFB, 0xFE, 0x65, 0x10, 0x8D, 0xAC, 0xE0, 0x90, 0x5E, 0xD5, 0x08, 0xD3, 0x70, 0xBB, 0x8A, 0x3D,
    0xF0, 0x33, 0xE4, 0xD6, 0xD9, 0xD9, 0xA9, 0x3E, 0x4E, 0x86, 0x2B, 0xC1, 0x48, 0x2D, 0xA7, 0x0B,
    0xB8, 0x8A, 0x5B, 0x54, 0x6C, 0x52, 0x31, 0x9B, 0x4A, 0xCD, 0x4E, 0xA4, 0xE0, 0x2C, 0x82, 0x7E,
    0x7B, 0x6B, 0xCC, 0xD2, 0x90, 0x3A, 0x61, 0x9F, 0xF3, 0xBF, 0xB4, 0x09, 0xFE, 0xFA, 0x95, 0x9B,
    0xD7, 0xC9, 0x25, 0x8D, 0xFD, 0x32, 0x97, 0x74, 0xF7, 0x6B, 0xAA, 0x24, 0xAF, 0xEB, 0x0B, 0xBB,
    0x26, 0xBD, 0x8E, 0xFE, 0x8A, 0xF1, 0xE7, 0x5D, 0xC7, 0xB6, 0xBC, 0xE8, 0xEB, 0x7A, 0x9D, 0x86,
    0x4C, 0x72, 0xDD, 0x22, 0xDF, 0x94, 0x87, 0x0E, 0x97, 0xFE, 0x30, 0xD7, 0x3E, 0xC3, 0xE8, 0xCA,
    0x73, 0xCE, 0x01, 0x5C, 0x01, 0x19, 0xD4, 0x24, 0x7F, 0xA6, 0xAE, 0xA9, 0xBC, 0xCE, 0x27, 0xDF,
    0x1E, 0x37, 0xED, 0x04, 0x17, 0xA0, 0x32, 0xA8, 0x8C, 0x10, 0x29, 0x93, 0x4A, 0x1D, 0x54, 0x5A,
    0xAF, 0xD2, 0x43, 0xE4, 0xDD, 0xA4, 0xF2, 0xDE, 0x2E, 0x0F, 0xA9, 0x42, 0x0E, 0xBB, 0x68, 0xCE,
    0x0F, 0xB9, 0x97, 0x63, 0x54, 0x19, 0x93, 0x8A, 0xDB, 0x54, 0x5A, 0x76, 0x22, 0x86, 0x5E, 0xA4,
    0xE6, 0xAC, 0xF5, 0x31, 0x8A, 0x80, 0x09, 0xD9, 0xB3, 0xAE, 0xE7, 0x85, 0xD8, 0xB2, 0x0C, 0x22,
    0xE5, 0x2E, 0x80, 0x52, 0x3B, 0x19, 0x9A, 0xFB, 0xF7, 0xC8, 0x53, 0x65, 0x10, 0x16, 0xCA, 0x52,
    0x59, 0x29, 0xEB, 0x20, 0x73, 0xCE, 0x79, 0xA0, 0x1C, 0x97, 0xD4, 0x56, 0x1E, 0x12, 0x35, 0x19,
    0xEE, 0x52, 0xC6, 0x37, 0xB7, 0x6C, 0x8A, 0x80, 0xD1, 0xB9, 0x98, 0x1D, 0x5A, 0x49, 0xFC, 0x86,
    0x03, 0xBE, 0x29, 0x89, 0xC7, 0xF4, 0x78, 0x79, 0x4F, 0x4C, 0xF8, 0x1B, 0x49, 0xFC, 0x2A, 0xE3,
    0xBE, 0x24, 0x42, 0x46, 0xD4, 0xC4, 0x18, 0x8B, 0xA0, 0x89, 0x3E, 0x95, 0x7B, 0xC2, 0xA5, 0x6A,
    0xD6, 0x84, 0xDD, 0x6A, 0xAF, 0x09, 0xC3, 0xE6, 0x98, 0x78, 0x75, 0xD0, 0x44, 0xC3, 0x7F, 0xE8,
    0x34, 0x51, 0xF1, 0x63, 0x1C, 0x12, 0xDB, 0x9E, 0x28, 0xB8, 0xEE, 0x09, 0x30, 0x1D, 0x12, 0xE3,
    0x72, 0x48, 0xF4, 0x51, 0x13, 0x11, 0x2E, 0x48, 0xE2, 0xEE, 0xD6, 0xD9, 0xF9, 0x76, 0x6E, 0x05,
    0xE9, 0xDB, 0xC9, 0x68, 0x03, 0xBD, 0xF1, 0x7B, 0x62, 0x40, 0x56, 0x72, 0x12, 0xB9, 0x2B, 0xD3,
    0x12, 0x1F, 0x55, 0xD4, 0x75, 0xB7, 0xA2, 0x44, 0xBC, 0xB4, 0xF8, 0x20, 0x5E, 0xE4, 0x31, 0x67,
    0x91, 0x5F, 0x33, 0x88, 0x04, 0x26, 0x15, 0xB7, 0xA9, 0xB4, 0xEC, 0x44, 0x1A, 0x7A, 0x91, 0x8A,
    0xB3, 0x48, 0xC1, 0x28, 0x82, 0x31, 0xA9, 0xB8, 0x4D, 0xC5, 0xB0, 0x17, 0xA9, 0x49, 0x91, 0x72,
    0x17, 0x1C, 0xA4, 0xDF, 0xC5, 0xEE, 0x62, 0x98, 0x9B, 0x20, 0x53, 0x3C, 0xA8, 0x6B, 0xA3, 0x0A,
    0x08, 0xE0, 0xED, 0x4D, 0xF7, 0x9E, 0xA4, 0xEE, 0x7C, 0x9F, 0xBE, 0xCE, 0x61, 0x5F, 0x33, 0x67,
    0x34, 0xD4, 0xAD, 0xB6, 0x49, 0x90, 0xCB, 0x8A, 0x6C, 0xF2, 0x0F, 0xD4, 0x44, 0xAF, 0x31, 0xDD,
    0x8D, 0x41, 0x64, 0xA0, 0x8A, 0xBF, 0xB9, 0x1C, 0xCA, 0x1D, 0xAC, 0xEC, 0x36, 0x8F, 0x35, 0x98,
    0x55, 0xEB, 0xDB, 0x6B, 0x3F, 0xFA, 0xA2, 0x9E, 0x75, 0x07, 0x3F, 0xD5, 0xEB, 0x6E, 0xDF, 0x52,
    0x75, 0x42, 0x2E, 0xB8, 0xCB, 0x0F, 0x46, 0xEE, 0x43, 0xC9, 0xEB, 0x48, 0x9A, 0x2A, 0x2D, 0xA9,
    0x0C, 0xCF, 0xA7, 0xDE, 0x2D, 0x34, 0x7F, 0xC5, 0x21, 0xD3, 0xF2, 0xDA, 0x22, 0x38, 0xC8, 0x3C,
    0xDD, 0x7D, 0xD9, 0xE5, 0xEF, 0x99, 0xEE, 0xED, 0x8E, 0x4D, 0xAA, 0xB5, 0x81, 0xDA, 0xDC, 0xF6,
    0xAA, 0x7B, 0x97, 0xCB, 0xEE, 0xAD, 0xBF, 0x7C, 0xF7, 0x86, 0xEB, 0xDD, 0x2B, 0xA6, 0x9B, 0x4D,
    0xEA, 0x82, 0xD9, 0x57, 0x41, 0xBB, 0x48, 0x2E, 0x48, 0x36, 0xC6, 0x5A, 0x9A, 0x60, 0xC9, 0x0D,
    0xC7, 0x77, 0x07, 0x80, 0x61, 0x77, 0x4D, 0x1A, 0x0E, 0x22, 0x9A, 0x51, 0xB7, 0xCD, 0x22, 0x05,
    0xA3, 0x08, 0x7A, 0x5E, 0xEC, 0x59, 0x83, 0x48, 0x31, 0x06, 0x50, 0x77, 0x51, 0x2A, 0x1B, 0xE4,
    0xF9, 0x9C, 0x73, 0x82, 0x76, 0x78, 0x10, 0xC1, 0xB8, 0xA8, 0xB8, 0xF4, 0x7F, 0xC8, 0xA2, 0xD2,
    0x47, 0x95, 0xBD, 0x5C, 0x7D, 0x58, 0x30, 0x57, 0xA8, 0x44, 0x91, 0x0F, 0x78, 0x98, 0x5B, 0x57,
    0x15, 0x4B, 0x15, 0xC3, 0x41, 0xA4, 0xA1, 0x17, 0xA9, 0x18, 0x3E, 0x35, 0xC5, 0xAA, 0x69, 0xEA,
    0x44, 0xEA, 0x38, 0x91, 0x52, 0x22, 0x88, 0x88, 0xF7, 0xB7, 0x65, 0x1B, 0x30, 0x92, 0xA8, 0xF8,
    0x63, 0x7A, 0x93, 0xC0, 0xD0, 0x06, 0xB8, 0xE0, 0x02, 0xEC, 0x2C, 0xF0, 0x2E, 0xE2, 0x8F, 0x0E,
    0xDF, 0xF7, 0xF6, 0xC8, 0x8C, 0x40, 0x43, 0x1D, 0x3E, 0x5C, 0xB4, 0xAC, 0xFE, 0x3D, 0x49, 0x32,
    0x00, 0xB5, 0xFC, 0x13, 0x63, 0xBA, 0xDD, 0xC1, 0x26, 0xDB, 0xC1, 0xA4, 0x7E, 0x10, 0x78, 0x98,
    0xA5, 0x9F, 0xD1, 0x46, 0x17, 0xD1, 0xCF, 0x2D, 0xFF, 0x8E, 0x43, 0x4D, 0xAE, 0xFB, 0xFE, 0x99,
    0x72, 0x6C, 0x07, 0xBE, 0xD5, 0xAF, 0xAF, 0x6D, 0xAB, 0x54, 0xB9, 0x25, 0xE1, 0x1B, 0xCB, 0x15,
    0xEF, 0x9C, 0x0A, 0xBF, 0x0E, 0x21, 0x7E, 0x3F, 0xEC, 0x85, 0xDF, 0x20, 0x4F, 0x01, 0x47, 0x86,
    0x03, 0x49, 0x7A, 0xC7, 0x74, 0x10, 0xE9, 0xCB, 0x3F, 0xE5, 0x9B, 0x1A, 0x1B, 0xAB, 0x76, 0x30,
    0xD2, 0x1F, 0x4E, 0x4A, 0x15, 0xDD, 0xF9, 0x17, 0x0B, 0x0E, 0xF3, 0xB7, 0xC4, 0x59, 0xA3, 0x13,
    0xE1, 0x5B, 0xA3, 0x07, 0x6A, 0x8D, 0xC6, 0xBD, 0x77, 0x41, 0x12, 0x8E, 0xE1, 0x20, 0x77, 0xF9,
    0x28, 0xB7, 0xEF, 0xF4, 0xBA, 0xCD, 0x45, 0xF7, 0x87, 0x45, 0x54, 0x63, 0x65, 0x00, 0x46, 0xDD,
    0xF4, 0xA3, 0x5F, 0x50, 0x4F, 0xDA, 0x31, 0x8D, 0x8C, 0x9A, 0x04, 0x33, 0x00, 0xED, 0x86, 0xB6,
    0xD3, 0xA9, 0xD6, 0xE9, 0x68, 0xE9, 0xEE, 0xE8, 0x68, 0x19, 0xEE, 0x41, 0xC3, 0x31, 0xE9, 0xC0,
    0x9A, 0x16, 0x1D, 0x34, 0x1F, 0xEA, 0xA8, 0xE1, 0xE3, 0x20, 0x32, 0x3E, 0x9E, 0x45, 0xDC, 0xEF,
    0xBC, 0x0A, 0x55, 0x2C, 0x07, 0x11, 0x43, 0x5C, 0x93, 0x66, 0x53, 0xA9, 0x12, 0xA0, 0x3D, 0x8F,
    0x04, 0x43, 0x6A, 0xCC, 0x6A, 0xEA, 0x9C, 0x6B, 0x57, 0x6E, 0xB8, 0x35, 0x3E, 0xD9, 0xC3, 0x1D,
    0x70, 0xBE, 0x3C, 0xA4, 0xEC, 0x50, 0x30, 0x88, 0x3F, 0x70, 0xDD, 0xF1, 0x35, 0x93, 0xD3, 0xEE,
    0x31, 0x9C, 0xD0, 0xEB, 0x03, 0x6E, 0x39, 0xE3, 0x81, 0xB6, 0xCB, 0x32, 0x20, 0x01, 0x6E, 0x85,
    0xEB, 0x23, 0x92, 0xB6, 0xEE, 0x8E, 0x5B, 0x8A, 0x45, 0x7D, 0x79, 0x60, 0x53, 0x19, 0x25, 0xD5,
    0xA5, 0x76, 0xAD, 0x82, 0xCE, 0x0D, 0xC9, 0x6C, 0x55, 0xD0, 0xAD, 0x51, 0x6C, 0x58, 0xCF, 0x92,
    0xFA, 0x69, 0xA8, 0xF9, 0xD7, 0x93, 0x34, 0xFB, 0x17, 0xA1, 0xE2, 0x8F, 0xBC, 0xB4, 0xFC, 0x97,
    0x73, 0xC9, 0xF7, 0xA5, 0x85, 0xFC, 0xCD, 0x54, 0xF0, 0x61, 0x27, 0xED, 0xA7, 0x07, 0x79, 0xFC,
    0x0D, 0x7E, 0xD4, 0x94, 0x63, 0x87, 0x7E, 0xDB, 0x3B, 0x42, 0xDD, 0xD0, 0x59, 0x54, 0xFB, 0x1A,
    0x38, 0xAE, 0x11, 0xD8, 0x69, 0x16, 0xC9, 0x4F, 0xDF, 0x32, 0x1C, 0xE4, 0x84, 0x5B, 0x57, 0xCB,
    0xF8, 0x49, 0x28, 0x56, 0x6D, 0x59, 0xB9, 0x5C, 0x5B, 0x0B, 0x07, 0xA3, 0x91, 0x30, 0x59, 0x9D,
    0xDE, 0xA3, 0x3C, 0x27, 0x30, 0xED, 0x51, 0xCE, 0xB0, 0x57, 0x3F, 0x89, 0x18, 0x7A, 0x91, 0xE6,
    0x38, 0x1D, 0xC6, 0xFD, 0x9E, 0xE6, 0x7C, 0x30, 0x8A, 0x7B, 0xC5, 0x62, 0x29, 0x56, 0x82, 0x66,
    0x35, 0xBE, 0x92, 0xAC, 0xB6, 0x2B, 0xA8, 0xAF, 0x19, 0x31, 0x26, 0x14, 0xD2, 0x8D, 0x1B, 0xEA,
    0xA4, 0x13, 0xC5, 0x39, 0xBB, 0x62, 0xE4, 0x47, 0x94, 0xF5, 0x89, 0xE9, 0x52, 0xE8, 0xC9, 0x70,
    0x10, 0x79, 0x88, 0xAF, 0xF3, 0xA2, 0x96, 0x90, 0xDB, 0x50, 0x8A, 0xA4, 0xEB, 0xD1, 0x5C, 0x85,
    0xAB, 0xC8, 0xDB, 0x34, 0xF2, 0x0C, 0x61, 0xF7, 0x58, 0xBB, 0xB3, 0xCF, 0xCC, 0xF7, 0x35, 0xC8,
    0xC2, 0xA2, 0x0D, 0xFB, 0x75, 0xD8, 0xA3, 0x6B, 0x12, 0xB1, 0xF4, 0x9F, 0x98, 0xD9, 0x71, 0x63,
    0x91, 0x02, 0xB7, 0x46, 0x3E, 0xD2, 0x3F, 0xC8, 0x4B, 0x71, 0x1A, 0x7F, 0x07, 0x3E, 0x3A, 0xBB,
    0xCB, 0xC1, 0x75, 0xB0, 0x84, 0xDB, 0xA3, 0x47, 0xFB, 0xE0, 0x8E, 0x78, 0x93, 0xA9, 0xBD, 0x83,
    0x46, 0x7D, 0x68, 0xD5, 0xA2, 0x23, 0x20, 0x59, 0x84, 0x5C, 0x00, 0x6D, 0xAF, 0x3E, 0x1C, 0xE8,
    0x93, 0x52, 0x97, 0xF5, 0xC1, 0xAC, 0x42, 0xA6, 0x43, 0x96, 0x32, 0x88, 0x2D, 0xDD, 0x27, 0x65,
    0x8A, 0xAD, 0x5A, 0x76, 0x50, 0x30, 0x61, 0x5C, 0xCF, 0xCE, 0xC6, 0x4F, 0x6D, 0x4A, 0x17, 0x39,
    0xB7, 0x53, 0x06, 0xBC, 0xF8, 0x73, 0xC1, 0x6E, 0x3F, 0x7F, 0x17, 0x4D, 0xFA, 0xB2, 0xED, 0x9E,
    0xBE, 0x78, 0x73, 0x80, 0x05, 0x5A, 0x40, 0x5F, 0x50, 0xC8, 0xD3, 0xAA, 0x3D, 0xAA, 0x49, 0xA6,
    0x8F, 0x52, 0xDC, 0xD7, 0x59, 0x65, 0x01, 0x9E, 0x53, 0x46, 0x0B, 0x18, 0xAF, 0x65, 0xB4, 0x40,
    0x75, 0xBD, 0xC0, 0xF7, 0x47, 0xA6, 0x7C, 0x7E, 0x83, 0x49, 0xE2, 0xDA, 0xBD, 0xE8, 0x53, 0x8C,
    0xCB, 0xF9, 0x92, 0xFC, 0x72, 0xF1, 0xE7, 0x80, 0xD6, 0xA9, 0x41, 0x2C, 0xD1, 0x78, 0x7C, 0xE7,
    0xF5, 0x50, 0xA2, 0x4E, 0x06, 0xB4, 0xD5, 0x79, 0x50, 0x42, 0xF2, 0x9E, 0xF8, 0x97, 0x90, 0x90,
    0xF5, 0x01, 0x2A, 0x7D, 0xDC, 0x33, 0xAC, 0xB4, 0xA2, 0x1D, 0xB4, 0x41, 0xB6, 0x43, 0x3D, 0x3B,
    0x19, 0x2C, 0x67, 0xF9, 0x38, 0xD5, 0x67, 0xA3, 0xE8, 0x17, 0xB4, 0x2B, 0x6A, 0x02, 0x1C, 0x60,
    0x27, 0xD4, 0xF2, 0xD5, 0x1E, 0x28, 0xC9, 0x88, 0x96, 0xDC, 0xE0, 0x52, 0x23, 0xFB, 0x98, 0x6A,
    0x7F, 0x5D, 0xE0, 0x1B, 0x01, 0x70, 0x89, 0x5B, 0xAF, 0xC9, 0xC2, 0x2E, 0x43, 0x5F, 0xE0, 0x56,
    0xD9, 0x02, 0xC5, 0x0C, 0x86, 0x4F, 0xA1, 0x96, 0x1B, 0x2D, 0x27, 0xC7, 0x95, 0x59, 0x03, 0xD7,
    0x92, 0x5D, 0x4E, 0x6B, 0x40, 0xEE, 0x3C, 0x57, 0xD6, 0x9F, 0xBD, 0xD1, 0x3B, 0x13, 0xBE, 0xC7,
    0x98, 0xF9, 0x31, 0xD7, 0xCC, 0xA5, 0x61, 0x66, 0xD0, 0x2D, 0xE4, 0x54, 0xEA, 0x76, 0xB2, 0x38,
    0x6E, 0x3F, 0x6F, 0xB8, 0x09, 0x55, 0xEE, 0xA5, 0xD4, 0x82, 0xFE, 0x59, 0x33, 0xD6, 0x32, 0x61,
    0xBC, 0x71, 0x4E, 0x70, 0x6B, 0x99, 0x20, 0xEE, 0x5E, 0x00, 0xC5, 0x19, 0x80, 0x5E, 0x3D, 0xE0,
    0x06, 0xB3, 0x55, 0x84, 0xD5, 0x9F, 0x74, 0x17, 0xB0, 0xEB, 0x23, 0x88, 0x31, 0x1C, 0x7E, 0x3A,
    0xFA, 0x1C, 0x8C, 0x82, 0x5C, 0xA2, 0xD0, 0x1D, 0x57, 0xA7, 0x2B, 0x58, 0xC3, 0x7F, 0x27, 0x0A,
    0x32, 0x01, 0x27, 0x52, 0x1B, 0x0C, 0xD3, 0x25, 0x6F, 0x2B, 0xE1, 0x9E, 0xCB, 0x5B, 0xA7, 0x99,
    0x05, 0xD7, 0xCC, 0x9A, 0x1C, 0x13, 0xE4, 0xF5, 0x89, 0x06, 0x95, 0x30, 0xA2, 0x4F, 0x52, 0xA1,
    0x3B, 0x92, 0x37, 0xE6, 0xA8, 0xEC, 0xD5, 0x82, 0x5B, 0x30, 0xEA, 0x76, 0x99, 0x2B, 0x0C, 0x7F,
    0xFC, 0x90, 0x17, 0x15, 0xF9, 0x2A, 0x03, 0xCE, 0x97, 0x86, 0xE1, 0xD8, 0x37, 0x33, 0x4A, 0x7D,
    0x8D, 0xB9, 0xD5, 0x44, 0x9B, 0x4A, 0x7D, 0xE3, 0xC3, 0xA9, 0x0F, 0xE0, 0x3C, 0x66, 0x04, 0x2A,
    0x9E, 0x9C, 0x65, 0x90, 0x07, 0x7C, 0xBA, 0x5B, 0x04, 0x2E, 0x02, 0x9D, 0x4D, 0xA8, 0xBC, 0x21,
    0x1A, 0x5F, 0xF3, 0x91, 0xBE, 0xAA, 0xDA, 0xA4, 0x6F, 0x66, 0xA0, 0xE4, 0x53, 0xC0, 0x52, 0x56,
    0xAD, 0xA7, 0xF4, 0xE0, 0x24, 0xCB, 0xAD, 0xB7, 0xC8, 0x00, 0xAA, 0x4B, 0x88, 0xF5, 0x1D, 0xAF,
    0xF1, 0x83, 0x53, 0xFD, 0xDF, 0x8B, 0xC0, 0x24, 0xD1, 0xFA, 0xF4, 0xF4, 0xCA, 0xBC, 0x84, 0x46,
    0x31, 0x8A, 0x47, 0xFF, 0x2D, 0xDE, 0x90, 0xBD, 0xAF, 0x58, 0xD1, 0xF8, 0x7A, 0x2D, 0xF8, 0x2A,
    0x9A, 0x04, 0x0E, 0x30, 0x99, 0xFE, 0x39, 0x6C, 0x56, 0xB9, 0x5B, 0x6F, 0x25, 0xA5, 0x5D, 0x3F,
    0xDE, 0x74, 0x61, 0x5E, 0x0E, 0x8B, 0x32, 0xCA, 0xE5, 0xEA, 0x05, 0x80, 0x89, 0x4A, 0x72, 0xEB,
    0xD0, 0x90, 0x7B, 0x20, 0x52, 0x1E, 0x3D, 0xB9, 0xA1, 0xCD, 0x24, 0xDC, 0x04, 0x43, 0xB0, 0x43,
    0x95, 0x89, 0x03, 0xEB, 0x15, 0xE3, 0x80, 0x36, 0xC1, 0x3D, 0xFD, 0x1E, 0x83, 0x58, 0xE0, 0x00,
    0x59, 0x0E, 0x81, 0x2F, 0x36, 0x04, 0xBB, 0xCB, 0x21, 0xF8, 0x50, 0x87, 0xE0, 0x36, 0xEA, 0x10,
    0x34, 0xEC, 0x2A, 0x4E, 0xB5, 0x7E, 0x97, 0xAB, 0x94, 0x5F, 0xF2, 0xAC, 0x95, 0xB9, 0x93, 0x2B,
    0x46, 0x72, 0xAB, 0x98, 0x76, 0xE2, 0x1D, 0x94, 0x47, 0xFB, 0x25, 0xBB, 0xFC, 0xE7, 0x7E, 0x90,
    0x9E, 0x92, 0xDF, 0xD7, 0x37, 0xAF, 0x42, 0xED, 0x53, 0x0F, 0xD8, 0x01, 0xE3, 0xE1, 0xD5, 0x82,
    0x24, 0x8E, 0xEF, 0x5F, 0x2C, 0x43, 0x3E, 0x4F, 0x5E, 0xC0, 0x62, 0x35, 0x97, 0x9C, 0xB4, 0x45,
    0xBA, 0x6E, 0x0D, 0x5F, 0xAC, 0xDB, 0x77, 0x3A, 0x86, 0x4B, 0xB6, 0xBC, 0x90, 0x56, 0x24, 0xE8,
    0xA4, 0x2C, 0x6C, 0xBD, 0xB0, 0xD7, 0x7D, 0xE0, 0x2A, 0x7C, 0x2F, 0x09, 0xDF, 0xA7, 0x90, 0xEC,
    0x94, 0x92, 0xE7, 0x97, 0x9C, 0x25, 0x0F, 0xA3, 0xE4, 0x1F, 0x93, 0xD0, 0x6D, 0x42, 0xCB, 0xAE,
    0xA6, 0x37, 0xDA, 0x2D, 0x35, 0x17, 0x92, 0x05, 0x53, 0x26, 0x4E, 0xD2, 0x17, 0xEF, 0xDE, 0x9B,
    0x75, 0x3B, 0xF0, 0x52, 0x87, 0xB3, 0x0E, 0xE4, 0x2B, 0x32, 0x9B, 0x47, 0x90, 0x77, 0xB9, 0x59,
    0xAE, 0x38, 0xE7, 0x36, 0xCA, 0x89, 0x9A, 0xC1, 0x5C, 0x05, 0xD8, 0x21, 0xC6, 0x5E, 0x54, 0x98,
    0xDD, 0x30, 0x0E, 0xF5, 0xC1, 0xC5, 0x4A, 0x4F, 0x32, 0x55, 0x5C, 0xF3, 0x79, 0x99, 0x00, 0x8E,
    0x4D, 0x50, 0xFF, 0xC5, 0xF9, 0xDF, 0xFB, 0xB8, 0x58, 0x8E, 0xE3, 0x62, 0xDD, 0x89, 0x22, 0xBB,
    0x80, 0x9E, 0x0B, 0x4A, 0x92, 0x5D, 0xC3, 0x82, 0x93, 0x0C, 0xF7, 0xE0, 0x16, 0xD8, 0xD4, 0x07,
    0xB4, 0x69, 0xCC, 0x58, 0x19, 0x60, 0xB6, 0x4B, 0xF0, 0x93, 0xD8, 0x46, 0x41, 0x2F, 0xF9, 0x5C,
    0x84, 0x4D, 0x56, 0x26, 0x7D, 0xB3, 0x62, 0x0C, 0x15, 0xFF, 0x9E, 0x1E, 0x23, 0xB7, 0xCB, 0x2D,
    0xF9, 0x19, 0x30, 0xB2, 0x61, 0xCC, 0xDC, 0x1F, 0xD7, 0xD2, 0x48, 0xF8, 0x04, 0x75, 0x73, 0x2A,
    0x84, 0xCF, 0x2E, 0xC3, 0x37, 0xE4, 0xAC, 0x16, 0xA6, 0x4A, 0x06, 0x8D, 0x3F, 0x2E, 0xF0, 0xDB,
    0x39, 0x75, 0xD6, 0x49, 0x99, 0x3F, 0xE5, 0xC5, 0xE7, 0xFC, 0x22, 0x54, 0x0B, 0x65, 0x92, 0xCE,
    0x24, 0x79, 0xA4, 0x2C, 0x95, 0x19, 0x05, 0xB7, 0x86, 0xA1, 0x26, 0x7F, 0xC4, 0x20, 0x4B, 0x25,
    0x2F, 0x9C, 0x2C, 0x6B, 0x2F, 0x7C, 0xA9, 0x2C, 0x98, 0x64, 0xA9, 0x54, 0x9F, 0xA9, 0xBF, 0x8D,
    0xC7, 0x1B, 0x7D, 0xED, 0x5F, 0xF7, 0x2F, 0xFC, 0x17, 0xD7, 0xBF, 0xF0, 0x6B, 0x9F, 0x93, 0x15,
    0x67, 0xD2, 0x30, 0x9C, 0xF3, 0x9C, 0xB1, 0xE6, 0x3B, 0xB2, 0xDD, 0x0A, 0x4E, 0xF6, 0xE4, 0x56,
    0xF6, 0x30, 0x2F, 0x7D, 0xF1, 0xF5, 0x4C, 0xFB, 0x4A, 0xBA, 0xAA, 0x03, 0x49, 0xBF, 0x03, 0xB7,
    0xBE, 0x03, 0x8C, 0x12, 0xBA, 0x8C, 0x26, 0xB4, 0xC9, 0xFA, 0x26, 0x39, 0x5F, 0x2D, 0x6E, 0xAA,
    0x2E, 0x5C, 0x14, 0x8F, 0x3A, 0xB4, 0x5C, 0x60, 0xC8, 0xA1, 0x24, 0x67, 0xDD, 0x15, 0x95, 0x4C,
    0x80, 0x4D, 0xDF, 0x42, 0x9D, 0x12, 0xAA, 0xB4, 0xA1, 0x5A, 0xD8, 0x35, 0x71, 0x7C, 0x34, 0xCE,
    0x56, 0xF3, 0x2D, 0xC0, 0x57, 0x3B, 0xC0, 0x7A, 0xC0, 0x79, 0xE8, 0xDA, 0x77, 0xA8, 0x50, 0xAE,
    0xBC, 0x44, 0xFF, 0xBF, 0xDF, 0x8A, 0x94, 0x9C, 0x51, 0x30, 0x63, 0xCC, 0xD7, 0xC9, 0xD6, 0x8D,
    0xF4, 0x97, 0xA7, 0x95, 0xF3, 0x05, 0x4F, 0x0A, 0x25, 0x27, 0x43, 0x5F, 0x30, 0x5A, 0x6D, 0xC0,
    0xC6, 0x27, 0x70, 0xFC, 0x15, 0x37, 0x34, 0x5B, 0xC7, 0x8D, 0x4C, 0x86, 0x61, 0xE7, 0x39, 0xFF,
    0xED, 0x36, 0x2F, 0x1A, 0x5D, 0xAB, 0xAA, 0xCC, 0xFB, 0x99, 0xC3, 0xE1, 0x37, 0x93, 0x08, 0x70,
    0x2A, 0x03, 0x24, 0xE4, 0x03, 0x64, 0x9C, 0x4D, 0x80, 0x8B, 0x8D, 0x87, 0x0C, 0xBC, 0x4C, 0x9B,
    0x4C, 0x07, 0x98, 0xD5, 0x22, 0x73, 0x73, 0x1A, 0xD8, 0x2F, 0x6B, 0x90, 0xDF, 0x57, 0xA6, 0xAB,
    0x1F, 0x02, 0x19, 0x8E, 0xEC, 0xB9, 0xE1, 0x1E, 0x48, 0x2F, 0x89, 0x4D, 0x12, 0x2D, 0x23, 0x88,
    0xF3, 0xAD, 0xD3, 0x55, 0x13, 0x95, 0x3C, 0x2A, 0x9D, 0x8F, 0x02, 0x8A, 0xBD, 0x51, 0xB3, 0x78,
    0xD2, 0xD0, 0xD7, 0x13, 0x30, 0xCE, 0x86, 0x93, 0xF8, 0xD0, 0xEB, 0xCC, 0x3B, 0x00, 0x2E, 0x58,
    0x17, 0xDA, 0x4E, 0x7C, 0xBB, 0xE3, 0xA2, 0x38, 0x63, 0x97, 0x97, 0xDB, 0xE5, 0x8E, 0x78, 0x95,
    0xEE, 0x9B, 0xF4, 0xB2, 0x26, 0x16, 0xB3, 0x8A, 0x57, 0xCD, 0x1A, 0x9B, 0x2D, 0xA9, 0xAB, 0xA1,
    0x52, 0xDF, 0x74, 0x57, 0x1D, 0x34, 0x31, 0x95, 0x9A, 0x28, 0x74, 0xCF, 0xA6, 0x0E, 0x0F, 0xA0,
    0xD7, 0x44, 0x87, 0x51, 0xDA, 0x4D, 0xBE, 0xC7, 0xB4, 0xF3, 0x84, 0xDB, 0x5F, 0xF1, 0x23, 0x70,
    0xC1, 0xA8, 0x43, 0x63, 0x05, 0x5A, 0x16, 0x11, 0x68, 0xF8, 0xC3, 0x59, 0xAC, 0x7D, 0x2C, 0x25,
    0x79, 0xED, 0x5B, 0xAA, 0xDD, 0xD3, 0x1C, 0x32, 0x7F, 0x27, 0x15, 0xE8, 0x5B, 0x0C, 0x18, 0xEF,
    0x24, 0x32, 0x3B, 0xB3, 0x01, 0x6F, 0xA0, 0x61, 0x57, 0xAC, 0xA8, 0x39, 0x9D, 0xF0, 0x22, 0x87,
    0xFD, 0xC8, 0x40, 0x72, 0xA7, 0x23, 0x6B, 0x2E, 0x3B, 0x4F, 0xF8, 0xB4, 0x10, 0xC7, 0x67, 0xB8,
    0xAE, 0x10, 0x6A, 0xEF, 0xDE, 0xD3, 0x4D, 0xEA, 0x7D, 0x79, 0x40, 0x58, 0xE4, 0x01, 0x21, 0x02,
    0xED, 0x5A, 0x4A, 0x2D, 0x9B, 0x74, 0x63, 0xC3, 0x4A, 0xEA, 0xE5, 0x2B, 0x1E, 0x28, 0xF9, 0xFE,
    0x20, 0x8D, 0x7D, 0x5F, 0x1B, 0xF8, 0xB1, 0xB0, 0xDF, 0xAE, 0xC6, 0xB9, 0x55, 0xB6, 0x51, 0x68,
    0x82, 0xB0, 0x51, 0x9A, 0x49, 0x68, 0xBD, 0xD0, 0x0D, 0x42, 0x0A, 0x6A, 0x29, 0x7A, 0x6B, 0x4C,
    0x92, 0x83, 0xB3, 0xF0, 0xA9, 0xE6, 0x23, 0x39, 0xEF, 0x78, 0xF4, 0x1A, 0xBD, 0xDB, 0x7F, 0x00,
    0x6B, 0x37, 0xBC, 0xBC, 0x57, 0x33, 0x8A, 0x7D, 0x6A, 0x7F, 0x79, 0xC8, 0x4D, 0x29, 0x7E, 0xF4,
    0xA1, 0xD7, 0x9B, 0x61, 0xBF, 0x19, 0x6A, 0x76, 0x45, 0x30, 0x44, 0x19, 0x64, 0xE7, 0x1D, 0xFA,
    0xED, 0x27, 0x6F, 0x5F, 0xDB, 0xA6, 0x03, 0x63, 0x42, 0xAD, 0x53, 0xDA, 0x9B, 0xB0, 0x37, 0x7D,
    0xA3, 0xB8, 0xA8, 0x07, 0xA5, 0x0E, 0xCD, 0x0E, 0xE3, 0x0A, 0x9C, 0x70, 0xDA, 0xEB, 0x74, 0xCB,
    0xCD, 0xDF, 0x2A, 0xB6, 0xBA, 0xF4, 0x24, 0x14, 0x4C, 0x32, 0x39, 0xA5, 0x1B, 0x1D, 0x5C, 0x00,
    0xB2, 0xC3, 0xEB, 0xF4, 0x28, 0xB4, 0xD6, 0x59, 0x6A, 0xFE, 0xFC, 0x4B, 0xFA, 0xCC, 0xAD, 0x1A,
    0xC2, 0x90, 0x88, 0x6D, 0x79, 0x71, 0x78, 0xAF, 0x79, 0xA3, 0x4B, 0xC2, 0x45, 0x57, 0xB2, 0xC3,
    0xFB, 0x4F, 0x59, 0x9B, 0xEB, 0x15, 0x55, 0x68, 0x65, 0xCC, 0xB9, 0xF3, 0xB9, 0x9A, 0x1F, 0x54,
    0xA9, 0x99, 0x12, 0xF8, 0xB6, 0x4F, 0xB0, 0xEC, 0x92, 0xDC, 0xFF, 0x5F, 0xDD, 0x5A, 0x31, 0xB0,
    0xDD, 0xC6, 0x75, 0x3D, 0x00, 0x22, 0x62, 0x22, 0x64, 0x66, 0x5D, 0xC4, 0xF1, 0x44, 0xCC, 0x18,
    0x2E, 0x63, 0xC7, 0x31, 0xDA, 0xCC, 0xE4, 0x8B, 0xBB, 0xA3, 0x14, 0x2E, 0x52, 0x98, 0x05, 0xBF,
    0x5D, 0xB0, 0x60, 0x9B, 0x71, 0x8A, 0x9F, 0x32, 0x05, 0x45, 0x60, 0x9C, 0x32, 0x45, 0x7E, 0x11,
    0xD9, 0x85, 0x8B, 0xA8, 0xD0, 0xA4, 0x50, 0xA3, 0xC6, 0x85, 0x0A, 0x92, 0xD8, 0xC8, 0x85, 0x4B,
    0x23, 0x99, 0xD8, 0x2E, 0x52, 0x18, 0x85, 0x94, 0x22, 0x45, 0xB8, 0xB6, 0xC1, 0x31, 0x28, 0x2D,
    0x70, 0x82, 0x7B, 0x81, 0xF7, 0xFE, 0x7B, 0x24, 0x49, 0x73, 0x14, 0x4B, 0xB4, 0xB8, 0x0F, 0x38,
    0x67, 0xDF, 0x62, 0xF7, 0xE2, 0x9C, 0xBB, 0x0F, 0xFB, 0xF1, 0xF0, 0x7E, 0xD1, 0x57, 0xA3, 0x8D,
    0x36, 0x56, 0x63, 0xD1, 0x43, 0x4B, 0xEE, 0xF3, 0xAE, 0x90, 0x57, 0x6F, 0x7A, 0x13, 0xD6, 0x57,
    0x19, 0xCA, 0xA1, 0x92, 0xD7, 0x68, 0xB5, 0xB7, 0x8D, 0xC0, 0x09, 0x70, 0x00, 0x97, 0x39, 0x20,
    0x21, 0xE9, 0x0A, 0xDE, 0xA5, 0x2F, 0xA7, 0x93, 0xB6, 0xB3, 0xE3, 0x49, 0xDD, 0xD5, 0xC3, 0x89,
    0xF5, 0x6D, 0x38, 0xB9, 0x02, 0x86, 0x13, 0x3C, 0x19, 0x5A, 0x81, 0xA5, 0x33, 0xB0, 0x0C, 0x43,
    0x53, 0x4D, 0x27, 0x99, 0x37, 0xBC, 0x5D, 0xF9, 0x8C, 0x24, 0x50, 0x73, 0x04, 0x92, 0x3B, 0x0E,
    0x0F, 0x9F, 0xF7, 0x92, 0x1C, 0x68, 0xC9, 0x26, 0xE5, 0x4F, 0xD9, 0xE7, 0x44, 0x1B, 0xCC, 0x04,
    0x1B, 0x4C, 0x84, 0xED, 0x17, 0xF8, 0x9A, 0x5B, 0x00, 0x28, 0x26, 0x71, 0x36, 0x03, 0xC8, 0x08,
    0x80, 0x64, 0x5C, 0xE1, 0x94, 0x1F, 0x5C, 0x03, 0x6A, 0xF1, 0x6E, 0xC3, 0x31, 0x48, 0x5B, 0xED,
    0x01, 0xB4, 0x00, 0x92, 0x07, 0x57, 0xF1, 0x07, 0x19, 0x67, 0x77, 0xB3, 0x94, 0x71, 0x56, 0xE1,
    0x8D, 0x96, 0xC3, 0x5F, 0x20, 0x65, 0x83, 0x7D, 0x79, 0x59, 0xB6, 0xEA, 0x1F, 0x27, 0xDB, 0x48,
    0x3F, 0x64, 0xF3, 0x8D, 0x88, 0x6C, 0x48, 0x22, 0x8A, 0x1E, 0x77, 0x60, 0x3C, 0xAE, 0x08, 0xD8,
    0x3D, 0x5C, 0x59, 0x0F, 0x68, 0x97, 0x5C, 0x3A, 0xCB, 0x30, 0xB7, 0x04, 0xA8, 0x1A, 0x0D, 0xA5,
    0xA5, 0x66, 0x34, 0xF4, 0x2B, 0x56, 0x7C, 0xFF, 0x12, 0x5D, 0x4E, 0x8F, 0xDB, 0xC8, 0x16, 0x7C,
    0x17, 0xC9, 0x82, 0x01, 0x60, 0x9F, 0x04, 0xC9, 0x63, 0xD6, 0x49, 0x0E, 0x73, 0x0F, 0x54, 0xD1,
    0x38, 0xC0, 0x4C, 0x25, 0x80, 0x82, 0x57, 0xD4, 0xFC, 0x4D, 0x00, 0x29, 0x47, 0xA9, 0x92, 0x71,
    0xC3, 0xE4, 0x94, 0xF7, 0xAF, 0x01, 0x60, 0xC0, 0x5A, 0x3F, 0x3A, 0xAA, 0xED, 0x17, 0x38, 0x00,
    0xF8, 0x02, 0xE7, 0xAB, 0x80, 0x25, 0xC3, 0x86, 0xF1, 0xB8, 0x60, 0x2D, 0x8F, 0x34, 0x9F, 0x4D,
    0x40, 0x4A, 0x76, 0x28, 0xA6, 0x3A, 0xA0, 0x0C, 0xC5, 0x00, 0xEB, 0xB3, 0x51, 0x40, 0x6B, 0x3D,
    0x6C, 0x97, 0x6C, 0xF9, 0x2F, 0x27, 0x00, 0x86, 0x1D, 0x50, 0x72, 0x02, 0x6E, 0xB5, 0xEC, 0x10,
    0x0B, 0x8E, 0x88, 0x68, 0x67, 0x4C, 0x30, 0x74, 0x74, 0x29, 0x7D, 0xDB, 0xA3, 0xF5, 0x76, 0x82,
    0xF5, 0x86, 0xDD, 0x12, 0x83, 0x93, 0x75, 0xA8, 0x39, 0x03, 0x85, 0x6A, 0x6D, 0x05, 0xCA, 0x51,
    0xDC, 0x47, 0x18, 0x24, 0x11, 0x15, 0x10, 0x61, 0x9D, 0x80, 0x4F, 0x46, 0x54, 0x7D, 0x16, 0x60,
    0xA6, 0xB3, 0x1E, 0x39, 0xD9, 0x00, 0xED, 0x08, 0x58, 0x58, 0xD0, 0x5F, 0xBC, 0xE4, 0x3D, 0x70,
    0x99, 0xE7, 0x50, 0x03, 0x74, 0x40, 0x35, 0x7F, 0xB3, 0xED, 0x01, 0x36, 0xB8, 0x14, 0x25, 0x34,
    0x50, 0xA3, 0x08, 0x97, 0xD8, 0x99, 0xC6, 0xF8, 0x8A, 0x31, 0xEF, 0x2A, 0xC7, 0xEF, 0x4E, 0x69,
    0xB0, 0xE9, 0x88, 0x3B, 0x08, 0xB7, 0xB2, 0x80, 0x9B, 0x78, 0xF7, 0x76, 0xD1, 0x01, 0xB8, 0x19,
    0x8D, 0x07, 0x70, 0xF2, 0x74, 0xEA, 0x84, 0x6E, 0x17, 0xBD, 0x0C, 0x90, 0xE1, 0x2F, 0xE1, 0x5D,
    0x9B, 0x46, 0x7C, 0x11, 0xC3, 0x16, 0xDA, 0x78, 0xCB, 0x31, 0xEF, 0xE4, 0xB4, 0x8D, 0x69, 0x56,
    0x11, 0x9B, 0xA4, 0x4D, 0xE0, 0x5E, 0xAE, 0x8A, 0xD7, 0x92, 0xF3, 0x7D, 0x54, 0xFF, 0x2D, 0x09,
    0x23, 0x2E, 0x37, 0x04, 0x40, 0x14, 0x24, 0xEA, 0x0F, 0x88, 0xFD, 0x2B, 0x21, 0x6A, 0xB6, 0xE7,
    0xE5, 0x68, 0x03, 0x2A, 0x5C, 0xC1, 0x5D, 0xC4, 0x24, 0x66, 0x63, 0x3E, 0xCA, 0x62, 0x50, 0xF5,
    0xB6, 0x6F, 0x3D, 0xFF, 0x8D, 0x0D, 0xBF, 0x43, 0x27, 0x2C, 0xEF, 0xA5, 0x5D, 0x8E, 0x4B, 0x3F,
    0xE9, 0x2F, 0xE3, 0x3E, 0x7F, 0x7A, 0x7A, 0xEA, 0x5A, 0x92, 0x5E, 0x01, 0x80, 0xF9, 0xCD, 0xF0,
    0xB2, 0x23, 0xC3, 0x7E, 0x7B, 0x38, 0xED, 0x1F, 0xAA, 0x2B, 0x3A, 0xE4, 0x11, 0xD9, 0xB8, 0xA6,
    0xFD, 0xE7, 0x9C, 0x5D, 0xD9, 0x98, 0x6F, 0x90, 0xC3, 0x92, 0x76, 0xD4, 0xC9, 0x94, 0x86, 0x57,
    0x61, 0x51, 0x23, 0xDC, 0xD4, 0xB9, 0x7C, 0xF7, 0x5D, 0xA5, 0x9B, 0x83, 0xD2, 0x49, 0x58, 0x60,
    0x52, 0xE2, 0xB0, 0x92, 0x57, 0x32, 0x1D, 0x4E, 0x06, 0xD8, 0x22, 0xE0, 0x64, 0x19, 0x90, 0x0D,
    0xB8, 0xB9, 0x0C, 0x4F, 0x22, 0xDE, 0x95, 0x60, 0x77, 0x31, 0x54, 0xA8, 0x9D, 0x7D, 0x2D, 0x2C,
    0x27, 0x0A, 0xE5, 0xAF, 0x3B, 0x9D, 0xC9, 0xB2, 0xD9, 0x44, 0xA8, 0xA4, 0x27, 0xA4, 0xFD, 0x74,
    0x29, 0x57, 0x49, 0x32, 0x28, 0xA4, 0x6C, 0x0C, 0x83, 0xFD, 0x59, 0xBC, 0x8B, 0xBB, 0x11, 0x76,
    0xBF, 0x2D, 0x6F, 0x97, 0x46, 0xA3, 0x1D, 0x90, 0x05, 0xE0, 0xE9, 0x40, 0x92, 0x5E, 0xE1, 0xF4,
    0x5B, 0xF7, 0x4F, 0xDD, 0x33, 0x8C, 0xD8, 0x17, 0x55, 0xE4, 0x2E, 0x02, 0x00, 0x28, 0xD8, 0xD8,
    0xEF, 0x0F, 0x6D, 0x16, 0xEF, 0x66, 0xF1, 0x6B, 0x99, 0xE6, 0x36, 0x0F, 0x30, 0x1D, 0x2A, 0x87,
    0x3B, 0x48, 0x03, 0x8C, 0x37, 0x57, 0x60, 0xB8, 0x2B, 0x3A, 0xA4, 0x5B, 0xF4, 0xB6, 0x6E, 0x6E,
    0x31, 0xBF, 0x82, 0x19, 0xB2, 0x86, 0x0D, 0x09, 0x1B, 0x5C, 0x1F, 0x91, 0xCC, 0x00, 0xBF, 0x04,
    0x0E, 0x60, 0x4C, 0xA6, 0xFA, 0xFA, 0x70, 0x79, 0x76, 0x10, 0x67, 0x3E, 0x27, 0xCC, 0x88, 0xAA,
    0xC3, 0x2D, 0x80, 0xE1, 0x93, 0xDB, 0x12, 0xC1, 0x21, 0x13, 0x9C, 0x0A, 0xD1, 0x41, 0xDA, 0xD9,
    0x7D, 0xC8, 0x58, 0xD2, 0x8F, 0x75, 0x9F, 0xD2, 0x47, 0x48, 0x39, 0xC4, 0x59, 0x91, 0x4E, 0xF1,
    0x7D, 0xC1, 0x76, 0x14, 0xB4, 0x41, 0xB0, 0xEC, 0x04, 0x13, 0xCD, 0x98, 0x51, 0xAC, 0xC8, 0x6F,
    0x8D, 0xB0, 0x64, 0x16, 0x50, 0x3F, 0x15, 0xED, 0x01, 0x56, 0x8A, 0x46, 0x31, 0x55, 0x04, 0xEC,
    0x27, 0x8C, 0xCC, 0x46, 0xA0, 0x62, 0x46, 0xBF, 0xE1, 0x4B, 0xA7, 0xC9, 0xA9, 0xAB, 0x9A, 0xB6,
    0x67, 0x60, 0x68, 0xFB, 0xAA, 0xC9, 0x3C, 0x8A, 0xFF, 0x84, 0x21, 0xD0, 0x36, 0xB0, 0x7E, 0xD9,
    0xBE, 0xCB, 0x86, 0xD4, 0x05, 0xB4, 0x46, 0x46, 0x54, 0xC4, 0xEB, 0xC4, 0xE7, 0x08, 0x3C, 0x79,
    0xFB, 0x23, 0xFE, 0xC4, 0x92, 0xD8, 0xFE, 0xCA, 0x94, 0x1F, 0xB4, 0xCE, 0x36, 0xA5, 0x6F, 0x9D,
    0xE9, 0x09, 0x13, 0x0E, 0x77, 0x69, 0xB3, 0xBE, 0xF2, 0xE6, 0x7E, 0x8B, 0xA4, 0x7D, 0x1F, 0x57,
    0x70, 0x07, 0xA8, 0x1A, 0x0B, 0x98, 0xAE, 0xF2, 0x28, 0x06, 0x13, 0x90, 0xC5, 0x62, 0x44, 0xCA,
    0x6C, 0x06, 0xF8, 0x1E, 0x1D, 0x5A, 0xCF, 0x46, 0x6B, 0xDA, 0xA6, 0x47, 0xB5, 0x9F, 0x8E, 0xD0,
    0xB1, 0x1A, 0x05, 0x5F, 0x01, 0xF0, 0xC7, 0x50, 0x49, 0x78, 0x15, 0xC8, 0x85, 0x6F, 0x03, 0xB7,
    0x84, 0x07, 0xE0, 0x26, 0x81, 0x34, 0x40, 0xAD, 0x64, 0xFD, 0xDA, 0xAF, 0xF0, 0x2B, 0x9B, 0x66,
    0xE5, 0x0A, 0x2B, 0x5F, 0x51, 0xD6, 0xE1, 0xCA, 0x23, 0xBE, 0x2D, 0x9C, 0x86, 0x84, 0xC2, 0x59,
    0xC8, 0x94, 0x8B, 0xAE, 0x20, 0xFE, 0x8C, 0xFF, 0x63, 0xFC, 0x17, 0x09, 0x4B, 0x56, 0xEE, 0x84,
    0x00, 0x60, 0x31, 0x28, 0xDF, 0x49, 0x7A, 0xE5, 0x98, 0x79, 0xE1, 0x74, 0x34, 0x4E, 0x38, 0x0B,
    0xD5, 0x29, 0xAF, 0x01, 0x45, 0x6F, 0xC9, 0x08, 0x18, 0xBF, 0x72, 0xD5, 0x00, 0xD4, 0xE1, 0x2B,
    0xDF, 0x05, 0x8C, 0xB4, 0x4F, 0x2B, 0xB7, 0x00, 0x5E, 0xDF, 0xEE, 0x65, 0xA4, 0xB7, 0xF8, 0x19,
    0x80, 0xDB, 0x94, 0x88, 0xC0, 0x97, 0xC4, 0x4F, 0xB7, 0xF9, 0xF1, 0x9B, 0x1F, 0xB7, 0xB2, 0xC5,
    0xCA, 0x77, 0x36, 0x8E, 0x2B, 0xA7, 0xC3, 0xE5, 0x07, 0xAB, 0x1F, 0xD2, 0x8B, 0x9F, 0x7F, 0x9F,
    0xAA, 0x1E, 0x44, 0xF9, 0x5E, 0x34, 0x61, 0xF1, 0x65, 0x5F, 0x1B, 0x4D, 0xB0, 0x64, 0x8D, 0x1F,
    0x98, 0x80, 0x55, 0x48, 0x0F, 0x24, 0x11, 0x28, 0x3D, 0x90, 0x0D, 0x80, 0x75, 0x40, 0x1E, 0xD6,
    0xC8, 0xA6, 0x43, 0x32, 0x40, 0x8F, 0xE5, 0x1D, 0xF4, 0x58, 0xE5, 0xBE, 0x0A, 0xD4, 0x92, 0xC8,
    0x13, 0x19, 0x9E, 0xDE, 0x3F, 0xBD, 0x8D, 0x34, 0x22, 0x23, 0x17, 0x18, 0x94, 0x93, 0xF6, 0x1C,
    0xB8, 0x26, 0x16, 0xC7, 0xD5, 0xD7, 0x7B, 0x33, 0xD2, 0x51, 0x46, 0x53, 0x7D, 0x59, 0x11, 0xD6,
    0x03, 0x97, 0xC0, 0xD5, 0x57, 0x32, 0xA1, 0x6C, 0x00, 0xE4, 0xA3, 0xFA, 0x4A, 0x78, 0x8E, 0x5B,
    0xCA, 0xFD, 0xEA, 0xEB, 0xFA, 0x94, 0x8C, 0xD0, 0x06, 0x19, 0x8E, 0xCF, 0x61, 0xE1, 0x2C, 0xE2,
    0x07, 0x60, 0xD1, 0x15, 0x11, 0x53, 0x3E, 0x1B, 0x5F, 0x46, 0xB4, 0x1C, 0x2B, 0xF7, 0x97, 0x11,
    0x15, 0x3B, 0x8B, 0x5F, 0x45, 0x24, 0xD7, 0x70, 0x27, 0xFD, 0x61, 0x5C, 0xE7, 0xEB, 0x1F, 0x84,
    0x93, 0xC1, 0x64, 0xC2, 0x59, 0xF8, 0xAA, 0x72, 0xDE, 0xFD, 0xBD, 0xB2, 0xF1, 0x24, 0x03, 0x50,
    0xBA, 0x95, 0x2D, 0xA0, 0xED, 0xAF, 0x2A, 0x8B, 0x59, 0x90, 0x1E, 0x18, 0x94, 0xD5, 0x0C, 0x8A,
    0x19, 0x62, 0x71, 0x07, 0x85, 0x80, 0x1C, 0x78, 0xB8, 0x68, 0x02, 0x55, 0xBF, 0x1E, 0xCD, 0x04,
    0xAA, 0x05, 0x52, 0x76, 0xDB, 0xA8, 0x2A, 0x02, 0xA8, 0xA5, 0xBD, 0x15, 0x7B, 0x3C, 0x80, 0x74,
    0x12, 0x60, 0xD3, 0x86, 0x8C, 0xDE, 0x0E, 0x39, 0xBD, 0x99, 0x6F, 0xD0, 0xA5, 0xE4, 0x04, 0x54,
    0x3C, 0x07, 0xD2, 0xB7, 0x1D, 0xB0, 0x45, 0xD3, 0x08, 0x4A, 0x65, 0x54, 0xCA, 0x26, 0x25, 0xB4,
    0x2B, 0xBD, 0xEC, 0x1E, 0x23, 0x8F, 0x7E, 0x1D, 0xDF, 0xEB, 0x00, 0xEA, 0xF8, 0x5C, 0x49, 0x26,
    0x50, 0x83, 0xBD, 0x13, 0x85, 0xAA, 0x52, 0xA3, 0x59, 0x33, 0x0B, 0xDD, 0x52, 0xE9, 0x88, 0x39,
    0x9D, 0x50, 0xC6, 0x46, 0x0C, 0xA6, 0xF4, 0x92, 0xDD, 0x44, 0xD4, 0xE4, 0x01, 0x12, 0xB4, 0xE8,
    0x54, 0x94, 0xF9, 0xC9, 0x69, 0x3B, 0x00, 0x25, 0x29, 0x41, 0x2D, 0xC9, 0xA8, 0x79, 0x96, 0xA0,
    0x7A, 0x59, 0x00, 0x93, 0xE6, 0x23, 0x89, 0x40, 0x4E, 0x27, 0xC9, 0xCA, 0xE8, 0x73, 0xA5, 0xEE,
    0x6C, 0xBE, 0x8A, 0x1B, 0x7C, 0x40, 0x06, 0x90, 0xDC, 0x48, 0xD4, 0xBF, 0xDD, 0xAC, 0xB2, 0x95,
    0x8A, 0x79, 0x35, 0x3F, 0x2A, 0xD9, 0xEE, 0xD0, 0xFB, 0x5B, 0x78, 0xD1, 0xBC, 0x1F, 0x4D, 0xFC,
    0xA6, 0xBA, 0xFC, 0x75, 0x14, 0xB2, 0x8D, 0xEA, 0x9C, 0x61, 0x9D, 0x5A, 0xBF, 0xE4, 0x5E, 0x30,
    0xEF, 0x6B, 0xA9, 0xFA, 0xF4, 0x1C, 0x00, 0xA7, 0xBC, 0x13, 0x27, 0xBC, 0x27, 0x22, 0x3E, 0xA4,
    0x48, 0xCA, 0x7A, 0x4B, 0xB1, 0xD7, 0x48, 0xA0, 0x17, 0xCA, 0xBB, 0x85, 0x2A, 0xE3, 0x0F, 0xF9,
    0x28, 0xC9, 0xB1, 0x27, 0x96, 0x9D, 0xE9, 0xEE, 0x51, 0xD3, 0xC5, 0x3D, 0x35, 0x6D, 0xFE, 0x25,
    0xAA, 0xF7, 0x6F, 0xC4, 0x47, 0x4D, 0xDF, 0xC9, 0x0E, 0x4C, 0x27, 0x47, 0xA6, 0xB3, 0xCD, 0x74,
    0xFF, 0x18, 0xD3, 0xD5, 0xDE, 0x74, 0x35, 0x01, 0xED, 0x66, 0x5A, 0x49, 0x4C, 0x17, 0x74, 0xA9,
    0x7A, 0xF7, 0xB9, 0xD0, 0x13, 0x4D, 0xE3, 0x0F, 0xA1, 0xE2, 0xB7, 0xEB, 0x9C, 0xBD, 0x90, 0xF9,
    0x4E, 0x50, 0xC2, 0x11, 0x69, 0xA3, 0xA4, 0xF1, 0x88, 0xBA, 0xC3, 0x71, 0x6D, 0x50, 0x9B, 0x67,
    0xC3, 0x3A, 0xC5, 0xE3, 0xEA, 0x36, 0x0A, 0xBD, 0x6E, 0x26, 0xA1, 0xB8, 0x9B, 0x69, 0xA1, 0x74,
    0x50, 0xD3, 0x59, 0xD0, 0x68, 0x79, 0x58, 0x57, 0xEE, 0x2E, 0x61, 0xAF, 0x6E, 0x19, 0x56, 0xB7,
    0x03, 0x60, 0xB7, 0x99, 0x06, 0x6C, 0x94, 0x29, 0x56, 0xD3, 0x93, 0x1C, 0x56, 0xB7, 0x86, 0x90,
    0x29, 0x2E, 0xD8, 0xE4, 0x4A, 0x5E, 0xDC, 0x9E, 0x3D, 0xEA, 0x36, 0xA1, 0x94, 0xF1, 0xA0, 0x82,
    0x92, 0xD3, 0xE9, 0x75, 0xA9, 0x54, 0x36, 0x6A, 0x10, 0x5C, 0xB1, 0x11, 0x89, 0x54, 0x6E, 0xCB,
    0xB9, 0xA4, 0x32, 0x4A, 0x65, 0x00, 0xD2, 0x20, 0x15, 0xB1, 0xDD, 0x6F, 0x95, 0xC2, 0x6F, 0x95,
    0xD2, 0x6D, 0x15, 0x0B, 0x3B, 0x9D, 0x9E, 0x8A, 0x61, 0x15, 0x2D, 0x5E, 0xB7, 0x4A, 0x32, 0xA8,
    0x78, 0xF1, 0xBB, 0x55, 0x72, 0x92, 0x5A, 0x31, 0xBB, 0x4A, 0xF5, 0xC6, 0x69, 0xAD, 0x95, 0xCD,
    0x29, 0x70, 0x67, 0xAD, 0x54, 0x88, 0x6B, 0xC5, 0xA6, 0xC3, 0x56, 0xC9, 0xB7, 0x4A, 0x7B, 0x36,
    0xB9, 0x4B, 0x8B, 0x8B, 0x6F, 0x92, 0xF4, 0x25, 0xA5, 0xEC, 0x2B, 0xC0, 0x19, 0xCF, 0x81, 0x82,
    0x9C, 0x81, 0xFA, 0xC1, 0x19, 0x7D, 0x42, 0x9F, 0xB2, 0xCB, 0x09, 0xB0, 0x93, 0x99, 0xA9, 0x7D,
    0x25, 0xC1, 0x9C, 0x1D, 0xE4, 0xB3, 0x50, 0xEB, 0x04, 0xB6, 0x8A, 0x7C, 0x66, 0x6C, 0x15, 0xEB,
    0x41, 0xD0, 0x8E, 0xEA, 0x63, 0xB5, 0x35, 0x03, 0xE8, 0x72, 0x36, 0xC8, 0xBB, 0x94, 0x03, 0x6A,
    0x8F, 0x9A, 0x64, 0x23, 0x7A, 0x26, 0x6C, 0xDA, 0x90, 0x7B, 0xCD, 0xE4, 0xA8, 0x48, 0xA7, 0xA1,
    0xB4, 0xC9, 0x5E, 0xE0, 0xBF, 0xB2, 0x01, 0xC0, 0x59, 0xCF, 0xF6, 0x3E, 0x80, 0x57, 0xDE, 0xD2,
    0xAC, 0x4F, 0x82, 0x39, 0x0F, 0xD6, 0x1E, 0xDB, 0x6B, 0x9C, 0xE1, 0x71, 0x7F, 0x9B, 0x5A, 0x92,
    0xEC, 0x57, 0x4C, 0x79, 0xFF, 0xF4, 0xAC, 0x17, 0x03, 0x85, 0x62, 0xAE, 0x98, 0xAD, 0xD8, 0x3D,
    0xD1, 0xEA, 0x32, 0xEA, 0x1A, 0xA0, 0xD3, 0xA5, 0xF8, 0xEC, 0x69, 0x1A, 0x14, 0xC7, 0x0B, 0x4C,
    0x47, 0xD1, 0x70, 0x7D, 0x54, 0x3D, 0x1B, 0x02, 0xF8, 0xB6, 0x8A, 0xD6, 0x71, 0xA9, 0x5A, 0xCA,
    0xA8, 0xB9, 0x5C, 0xF3, 0xDA, 0x09, 0x7E, 0x19, 0x9F, 0x3D, 0x5F, 0x5F, 0x91, 0xA9, 0x86, 0x3A,
    0x4C, 0x74, 0xF2, 0xF3, 0x89, 0x62, 0xAB, 0x97, 0xF9, 0xB5, 0x4D, 0xD1, 0x8B, 0xAD, 0xE4, 0xCD,
    0xCF, 0x9A, 0xAF, 0x2C, 0x18, 0x0F, 0x98, 0x68, 0xC3, 0x31, 0x6A, 0xBB, 0x96, 0xCF, 0x98, 0xA3,
    0xAF, 0xBC, 0xB9, 0x5E, 0xBD, 0xC5, 0x04, 0xA4, 0xD4, 0x6B, 0x71, 0xFB, 0x2A, 0x73, 0x8E, 0x5D,
    0xB1, 0x64, 0x90, 0x5D, 0x1F, 0x73, 0x32, 0xE0, 0xB7, 0xBD, 0x4B, 0xDC, 0xDD, 0x39, 0x90, 0xBE,
    0xDD, 0xA0, 0x60, 0xA3, 0xD7, 0xBA, 0x1D, 0x80, 0xD6, 0x23, 0x99, 0x8E, 0xE4, 0x80, 0xA4, 0x97,
    0xFD, 0x06, 0x1F, 0xB8, 0x8C, 0x1E, 0xBF, 0xED, 0x5D, 0xE2, 0xEE, 0xCE, 0xA1, 0x1F, 0x64, 0x91,
    0xC5, 0x88, 0xFC, 0x01, 0x61, 0xFA, 0xBA, 0xB1, 0xCE, 0xF4, 0xF2, 0xE1, 0x7D, 0x1E, 0xF9, 0x79,
    0xFC, 0x93, 0xD8, 0xE7, 0x93, 0x9B, 0x96, 0xE4, 0x39, 0x20, 0x34, 0x03, 0x29, 0xEF, 0x5F, 0x67,
    0xAF, 0x82, 0xEB, 0x51, 0xA9, 0x9C, 0x95, 0x72, 0x3A, 0x21, 0x19, 0xAD, 0x89, 0x54, 0x4A, 0xD8,
    0x09, 0x81, 0xFD, 0x4A, 0xE1, 0xF3, 0xF2, 0x9C, 0x5D, 0x3D, 0xC6, 0x0B, 0x92, 0xED, 0x61, 0xEA,
    0x0F, 0x86, 0x6B, 0x30, 0x0D, 0x7D, 0x70, 0x22, 0x43, 0x08, 0x55, 0x51, 0xA9, 0x1D, 0x44, 0xD9,
    0xDF, 0xD2, 0xEF, 0x74, 0x6E, 0xAA, 0xF7, 0xA5, 0xEA, 0xD2, 0x06, 0x00, 0x63, 0xDE, 0x01, 0x19,
    0xF9, 0xCE, 0xC5, 0xCD, 0x6F, 0xBE, 0xDE, 0xFC, 0x5E, 0x7A, 0xCC, 0xCD, 0xAF, 0x1C, 0x37, 0x24,
    0xD9, 0x09, 0xDD, 0x60, 0xC0, 0x4B, 0xED, 0x07, 0x19, 0x23, 0x50, 0xB9, 0x8C, 0xF3, 0x42, 0x12,
    0x6B, 0x23, 0x2F, 0xF4, 0x2B, 0xF6, 0x42, 0xBF, 0xE4, 0x20, 0x14, 0x18, 0x95, 0xEC, 0xAC, 0x54,
    0xD2, 0x09, 0x15, 0xF4, 0x42, 0x19, 0x83, 0x10, 0x38, 0x2A, 0xD5, 0x93, 0x52, 0x45, 0x25, 0xC3,
    0x77, 0x84, 0x72, 0x52, 0x28, 0x5D, 0x09, 0x1B, 0xD9, 0x95, 0xCA, 0x95, 0x0A, 0xE2, 0xC6, 0x7C,
    0x15, 0x19, 0x41, 0x06, 0x60, 0xA3, 0x56, 0x8F, 0x1F, 0xFC, 0xF9, 0x4D, 0xE8, 0x85, 0x60, 0x83,
    0x52, 0x31, 0x2A, 0x25, 0x11, 0x4F, 0x2C, 0xEF, 0xCC, 0x0D, 0x24, 0x8A, 0xF8, 0x45, 0xFB, 0xE0,
    0x3A, 0x9B, 0x75, 0x2A, 0x7A, 0x14, 0xD4, 0xCB, 0xD6, 0x44, 0xC8, 0x5E, 0x09, 0xCD, 0xD2, 0x80,
    0x9C, 0xA8, 0x17, 0xCA, 0xE8, 0xDA, 0x20, 0xD4, 0x50, 0xC9, 0x3F, 0x3B, 0x6D, 0xE3, 0xB6, 0x28,
    0x5B, 0xCC, 0xED, 0x0C, 0x66, 0xD2, 0xF3, 0x6D, 0x67, 0xDF, 0xB4, 0xA8, 0x32, 0xB7, 0xE9, 0x54,
    0xD5, 0x6A, 0x17, 0xD5, 0xAC, 0x64, 0x47, 0x25, 0xF6, 0x82, 0x29, 0xF5, 0xD8, 0x36, 0xD1, 0xA6,
    0x7B, 0x41, 0xBD, 0x97, 0xD3, 0x6A, 0x9D, 0x4A, 0xA4, 0x17, 0xEB, 0x53, 0xD9, 0x03, 0x28, 0x82,
    0x9A, 0x2F, 0x3D, 0xA6, 0x17, 0xD3, 0xFB, 0x5A, 0x92, 0x19, 0xAF, 0x88, 0x5B, 0xF6, 0x56, 0xAD,
    0xCC, 0x33, 0x00, 0xFB, 0x8E, 0xF6, 0xBC, 0x92, 0x72, 0x00, 0xF0, 0xA7, 0xA8, 0xBA, 0x17, 0xCB,
    0x7B, 0x16, 0xB2, 0x00, 0xE9, 0x6D, 0xE2, 0x23, 0x24, 0xC7, 0x9E, 0x71, 0xC2, 0x3F, 0xDC, 0x99,
    0x6E, 0x2F, 0x4C, 0x4F, 0x47, 0xA6, 0xC7, 0x23, 0xD3, 0xC3, 0xC7, 0x34, 0x3D, 0x1C, 0x99, 0x1E,
    0x9F, 0x6E, 0xBA, 0x7D, 0xF2, 0x84, 0xFF, 0x1E, 0x0C, 0xF0, 0xE7, 0xB0, 0x1E, 0x2D, 0x4C, 0x9F,
    0x46, 0x64, 0x63, 0x11, 0x80, 0xB9, 0xF2, 0x80, 0xA5, 0x83, 0x46, 0x43, 0x31, 0xEE, 0xD6, 0x84,
    0xB6, 0x6E, 0x90, 0x4C, 0xA6, 0x47, 0x3E, 0x64, 0x23, 0xCA, 0x2E, 0x99, 0x51, 0x39, 0xD4, 0xF8,
    0x7D, 0xE0, 0x4F, 0xB0, 0x2F, 0x69, 0xAF, 0x94, 0x75, 0x00, 0xCE, 0xF8, 0x3D, 0x0F, 0x18, 0x92,
    0x8D, 0xA8, 0x38, 0xD3, 0xFC, 0x34, 0x09, 0x83, 0x48, 0x06, 0x47, 0xD1, 0x9A, 0x52, 0xF3, 0x93,
    0x71, 0x16, 0xC9, 0xC5, 0xCF, 0x88, 0x3A, 0xA0, 0xFC, 0x91, 0x7E, 0x28, 0xEC, 0x5F, 0x69, 0x7E,
    0x6E, 0xAD, 0xE6, 0xA3, 0x52, 0x32, 0x2A, 0x65, 0x41, 0xA9, 0xE8, 0x95, 0x8C, 0x57, 0xAA, 0x9C,
    0x7E, 0x28, 0xEC, 0x9A, 0x9F, 0x49, 0xF3, 0x73, 0x3F, 0x6A, 0x7E, 0x38, 0x68, 0x7E, 0xD8, 0xAF,
    0xF9, 0xF1, 0x72, 0xB2, 0x8C, 0xDD, 0x9A, 0x9F, 0x59, 0xF3, 0xD3, 0x92, 0xE2, 0xF5, 0x7E, 0x2B,
    0xF9, 0x49, 0x03, 0xA4, 0x48, 0x1F, 0x65, 0x86, 0xC3, 0x55, 0xB1, 0x98, 0x94, 0xC0, 0x95, 0xAA,
    0x06, 0x8F, 0x2F, 0x24, 0xBD, 0x65, 0xDC, 0x48, 0xEE, 0x0E, 0xBE, 0xC0, 0x7F, 0xD6, 0x90, 0x22,
    0xCE, 0x03, 0xF1, 0xD3, 0xA3, 0x74, 0xA5, 0x84, 0x1D, 0x92, 0x51, 0x0D, 0x65, 0x03, 0xD0, 0x8E,
    0x90, 0x49, 0xAF, 0xF8, 0x46, 0xEB, 0x81, 0x9C, 0x9C, 0xB1, 0xFF, 0x2E, 0x2A, 0xEF, 0x9D, 0x90,
    0x59, 0xED, 0xDA, 0x41, 0xA9, 0xEE, 0x0E, 0xBC, 0x67, 0x23, 0x5E, 0x4C, 0xEF, 0x3A, 0x44, 0x5A,
    0x7B, 0x21, 0x43, 0xF5, 0x6E, 0xFF, 0x23, 0x0A, 0xB5, 0xA8, 0xA5, 0xC7, 0x88, 0xB2, 0x79, 0x21,
    0xBD, 0x5B, 0x58, 0x21, 0x7A, 0xFA, 0x47, 0x48, 0x8E, 0xBD, 0x88, 0xA6, 0xF7, 0xBF, 0x71, 0x14,
    0x3C, 0xFC, 0x6D, 0xC3, 0x06, 0xA5, 0xB6, 0x11, 0x4C, 0x26, 0x28, 0x9D, 0x3F, 0xD6, 0x3B, 0x19,
    0x36, 0x3A, 0xE3, 0xE4, 0xAE, 0xF3, 0x3C, 0x67, 0x40, 0x3A, 0x23, 0x15, 0x8A, 0x87, 0x22, 0xF4,
    0x5E, 0x34, 0xA2, 0xF0, 0xBA, 0xB2, 0x9A, 0x06, 0x30, 0x44, 0x05, 0x91, 0xD4, 0x5C, 0x59, 0x17,
    0x9D, 0xDB, 0x00, 0x12, 0x86, 0x51, 0x83, 0xFF, 0x32, 0x08, 0xD9, 0x8F, 0x3A, 0xA1, 0x8A, 0x5E,
    0xC8, 0xD0, 0xAD, 0x84, 0x67, 0x26, 0x19, 0xF0, 0x52, 0xCB, 0x0F, 0xF4, 0x0D, 0xB9, 0x27, 0x51,
    0xBD, 0xC3, 0x1B, 0xBC, 0xEF, 0xA0, 0x59, 0x14, 0xFC, 0xC9, 0x55, 0x41, 0xF2, 0x5C, 0x51, 0xB3,
    0x5B, 0x52, 0x70, 0xDD, 0x12, 0x76, 0x0B, 0x82, 0xBD, 0x62, 0x78, 0x02, 0xCA, 0xD1, 0x64, 0x1B,
    0xE2, 0x16, 0xAC, 0x66, 0x8D, 0x36, 0x28, 0x3A, 0x39, 0xCB, 0xC5, 0x19, 0x15, 0xE5, 0xA3, 0x73,
    0xAC, 0x0A, 0xB8, 0xCC, 0xF7, 0x01, 0xA4, 0x24, 0x35, 0x5B, 0xDF, 0x65, 0xAF, 0x29, 0xB4, 0x03,
    0x50, 0x0F, 0xBB, 0x6F, 0x33, 0x66, 0x5A, 0x69, 0xDE, 0x91, 0x65, 0x48, 0x49, 0xA1, 0x92, 0x6F,
    0xE3, 0xF3, 0x0C, 0x3A, 0x9D, 0x0C, 0xAD, 0x57, 0xE2, 0x31, 0xF5, 0x2B, 0x4D, 0x4A, 0x35, 0x1B,
    0x21, 0xCB, 0x41, 0xC8, 0x50, 0x43, 0x27, 0xA4, 0x10, 0x2A, 0x36, 0x42, 0xB9, 0x9A, 0xFC, 0xBB,
    0x54, 0xE8, 0x17, 0x03, 0x84, 0x7E, 0x39, 0x42, 0xDF, 0x45, 0xD0, 0x25, 0x0C, 0x4C, 0x89, 0x5A,
    0x82, 0x45, 0xB4, 0x0C, 0x05, 0xCF, 0x51, 0xB0, 0xD9, 0x2D, 0x2E, 0x75, 0xD8, 0x3D, 0xCA, 0x4A,
    0xA6, 0xA3, 0x27, 0x59, 0x2F, 0x9D, 0xAA, 0xD5, 0x01, 0x25, 0x39, 0xC3, 0xC6, 0x82, 0xCE, 0x0E,
    0x19, 0x9B, 0x4A, 0x12, 0x5A, 0x08, 0x00, 0x7B, 0x78, 0xE9, 0x5B, 0xF4, 0x92, 0x17, 0x5F, 0x0A,
    0xD8, 0x49, 0x6F, 0x11, 0x16, 0x60, 0x78, 0x08, 0x72, 0x39, 0x50, 0xB2, 0xB3, 0x9C, 0xB8, 0x70,
    0xE0, 0x94, 0xD2, 0x89, 0x2F, 0x73, 0xF1, 0xF3, 0xA0, 0xA6, 0xC0, 0x6D, 0xCB, 0x7A, 0x7A, 0xFE,
    0x88, 0x20, 0xB3, 0x0A, 0x32, 0x9B, 0x20, 0x2B, 0x91, 0x8D, 0x00, 0xAE, 0x1E, 0xA9, 0x4A, 0x5A,
    0xD2, 0x9B, 0x8F, 0x29, 0x28, 0x27, 0x44, 0x94, 0x07, 0xEC, 0xBD, 0x00, 0x30, 0x1F, 0x91, 0x45,
    0xCC, 0xA2, 0xE7, 0x95, 0xE7, 0x93, 0xA1, 0x75, 0x09, 0xB8, 0xD4, 0xA4, 0x1C, 0x8C, 0xCF, 0xC9,
    0xB6, 0x31, 0x1F, 0x91, 0x30, 0xBE, 0x9D, 0xF0, 0xB2, 0x2B, 0x86, 0xE7, 0xA2, 0x2A, 0xEA, 0x72,
    0x97, 0xF1, 0x00, 0xB4, 0x4D, 0xCA, 0xA7, 0x2F, 0xA8, 0x9D, 0x80, 0x6B, 0xBB, 0x5B, 0x86, 0x92,
    0x1D, 0x70, 0x25, 0x0D, 0xC0, 0x09, 0x16, 0x78, 0x35, 0x59, 0xA0, 0xFA, 0x7E, 0xBF, 0xCD, 0x6A,
    0x3A, 0x7F, 0x5A, 0xFA, 0xE2, 0xA1, 0x3E, 0x39, 0x5B, 0x72, 0x0D, 0x48, 0xC8, 0xAE, 0x66, 0x8F,
    0x82, 0xFC, 0x88, 0x8C, 0x28, 0xA7, 0x82, 0xB1, 0x20, 0xCA, 0x31, 0x93, 0x00, 0x8D, 0x19, 0x32,
    0xF6, 0x09, 0x7D, 0xBE, 0x70, 0x07, 0x71, 0xB2, 0x2E, 0x63, 0x3B, 0x16, 0x21, 0xF2, 0x7B, 0x4C,
    0x4A, 0x2D, 0xA1, 0xDC, 0x58, 0x15, 0x01, 0x10, 0x51, 0xC2, 0x0C, 0x17, 0xDC, 0x6D, 0xDC, 0x23,
    0x71, 0x22, 0x30, 0x20, 0xF3, 0x6D, 0x30, 0x8C, 0x30, 0x8B, 0x93, 0xFA, 0x06, 0xDF, 0x68, 0x5D,
    0xC9, 0x29, 0x23, 0x27, 0xA4, 0x3C, 0x47, 0xB5, 0xEC, 0x48, 0x4E, 0x01, 0xD4, 0xEB, 0x42, 0x39,
    0xC3, 0xCC, 0x19, 0x51, 0xC5, 0x44, 0xEF, 0xF9, 0xE9, 0xEA, 0x01, 0x44, 0x1B, 0xB6, 0x27, 0x98,
    0xBF, 0x01, 0x5A, 0x81, 0x7A, 0x80, 0xAE, 0x99, 0x99, 0x2B, 0x67, 0x18, 0x57, 0xF0, 0xA7, 0x44,
    0x42, 0x46, 0xE0, 0xB2, 0x9E, 0x2D, 0x40, 0xA6, 0x46, 0x40, 0xE5, 0x96, 0xBA, 0x3A, 0xED, 0xE0,
    0xCB, 0x6D, 0x0F, 0x58, 0xF1, 0x53, 0x3D, 0x00, 0x36, 0x63, 0x3D, 0x80, 0x4A, 0xA2, 0xE6, 0xDB,
    0x6D, 0x11, 0xB0, 0xBF, 0x42, 0x77, 0xEA, 0x7B, 0xA4, 0x62, 0xAA, 0x98, 0x73, 0xA2, 0x8C, 0x29,
    0xBD, 0x1D, 0xC0, 0xAE, 0x0E, 0x60, 0xDF, 0x2E, 0x10, 0xA8, 0x70, 0xFF, 0x74, 0x01, 0x72, 0x83,
    0x87, 0x85, 0x0B, 0xD8, 0x01, 0x70, 0x55, 0x44, 0xE6, 0x0D, 0x51, 0xF8, 0x9C, 0x1F, 0xB4, 0x0D,
    0xC8, 0x59, 0xD4, 0x8B, 0x0E, 0xC3, 0xDD, 0x17, 0x78, 0xAB, 0xA3, 0x1B, 0x20, 0x8D, 0xBA, 0x88,
    0x3D, 0x1F, 0x41, 0x0F, 0x2D, 0x62, 0x6D, 0x3E, 0x22, 0xDD, 0x2F, 0x62, 0xCF, 0x43, 0xD0, 0xD3,
    0x96, 0x8B, 0x4F, 0x48, 0xD0, 0xB8, 0x0A, 0x4A, 0x3A, 0x43, 0xE4, 0x9D, 0x08, 0xF2, 0x17, 0x82,
    0xDA, 0x61, 0x7B, 0xB6, 0x3E, 0x03, 0x09, 0x1D, 0x50, 0xF9, 0xC3, 0xD9, 0x82, 0x65, 0xD0, 0xFD,
    0x32, 0x03, 0x92, 0x8F, 0xF9, 0x6C, 0x38, 0xD1, 0xF1, 0xB3, 0xB3, 0xA4, 0x97, 0x1D, 0x05, 0xDD,
    0xFE, 0xD9, 0x39, 0x1B, 0xA4, 0x13, 0x90, 0xBE, 0x89, 0x7D, 0x21, 0xBD, 0xEE, 0x67, 0xF4, 0xC8,
    0x3F, 0xE6, 0x33, 0xE0, 0x5C, 0xC7, 0x3F, 0x00, 0x49, 0xDD, 0xF5, 0xBA, 0x63, 0x44, 0x36, 0x13,
    0x26, 0xD4, 0x4D, 0xD5, 0x1C, 0x3F, 0x1F, 0x37, 0x8C, 0xBA, 0x5F, 0x62, 0x04, 0xEA, 0x08, 0xD8,
    0x8F, 0xB1, 0xD7, 0x32, 0x9E, 0xE7, 0x86, 0x0C, 0xE6, 0xC9, 0xCF, 0xC1, 0x3F, 0xD9, 0xDC, 0x6A,
    0x99, 0x50, 0x00, 0xEC, 0x5B, 0xE0, 0x8C, 0x92, 0x5C, 0xE9, 0x9C, 0x73, 0x94, 0xAB, 0x60, 0xD6,
    0x47, 0x48, 0x0E, 0x5F, 0x82, 0x76, 0xAE, 0x7B, 0x5C, 0x9E, 0xEB, 0x90, 0x90, 0x1C, 0x0B, 0x7E,
    0x8F, 0xB1, 0x9C, 0xD0, 0x4E, 0x76, 0x84, 0x9D, 0xEA, 0x01, 0xE5, 0xDC, 0x86, 0x05, 0x18, 0x60,
    0x78, 0x0C, 0xF3, 0x1E, 0x26, 0xE9, 0x12, 0xF5, 0xF6, 0x4F, 0x86, 0x0D, 0x12, 0x20, 0xE4, 0x4B,
    0x28, 0x9F, 0x1C, 0x2C, 0x0C, 0x5A, 0xF2, 0x11, 0x7F, 0x03, 0x94, 0x6C, 0x24, 0x5F, 0xFC, 0x68,
    0x04, 0xDA, 0x56, 0xA4, 0xC5, 0x5C, 0xFA, 0xBC, 0x85, 0xD6, 0x61, 0x5F, 0x4E, 0x1D, 0xC8, 0xAF,
    0x73, 0x00, 0x79, 0x83, 0x13, 0xCE, 0x38, 0xB7, 0x44, 0x26, 0x89, 0x75, 0x19, 0xBB, 0x9C, 0x4D,
    0x46, 0x9F, 0x29, 0xFE, 0x3F, 0xB7, 0x5C, 0xF1, 0x8C, 0x63, 0xC6, 0x81, 0x9C, 0x33, 0x4E, 0x2B,
    0xE6, 0xF4, 0x40, 0xC2, 0x7E, 0xBB, 0xA6, 0x51, 0x44, 0x00, 0xE0, 0x43, 0xAB, 0xAB, 0x03, 0x6A,
    0x8E, 0x48, 0x49, 0xBA, 0x82, 0x09, 0xBB, 0x32, 0xC2, 0x06, 0x3B, 0xA2, 0x8A, 0xB5, 0xE4, 0x45,
    0x92, 0x33, 0x1D, 0x25, 0xEC, 0x91, 0x4C, 0xB6, 0x02, 0xD2, 0x79, 0xB2, 0x92, 0xC4, 0x2A, 0xC2,
    0x8E, 0x46, 0x92, 0x98, 0x49, 0x12, 0xD1, 0x72, 0x06, 0x0A, 0xD5, 0x91, 0xD1, 0x4B, 0x75, 0xF7,
    0xBD, 0xC8, 0xF6, 0x3B, 0x41, 0x6F, 0x3D, 0x1F, 0x41, 0xAA, 0xC7, 0x48, 0xAD, 0xBA, 0x37, 0x00,
    0xED, 0x6B, 0x13, 0x92, 0x88, 0x5A, 0xD6, 0x8F, 0x97, 0xDD, 0xF3, 0x10, 0xA4, 0xC5, 0x76, 0x69,
    0x93, 0x30, 0xE6, 0x9D, 0xFE, 0x50, 0x92, 0x7F, 0x44, 0x36, 0x85, 0xAF, 0x89, 0x4B, 0xAE, 0x18,
    0x9F, 0x4B, 0x9A, 0x9E, 0xBE, 0xE6, 0x3F, 0x07, 0x41, 0x79, 0x07, 0xC0, 0x84, 0x23, 0x90, 0xB6,
    0x47, 0xCB, 0xD1, 0x7F, 0xAC, 0x2F, 0xC5, 0xE1, 0xB8, 0x3C, 0x35, 0xD4, 0x9B, 0x8B, 0xAD, 0xD7,
    0x02, 0x6A, 0xB2, 0x13, 0x5B, 0xDE, 0xCC, 0x09, 0xFB, 0x32, 0xA2, 0x15, 0x5B, 0x1C, 0xEB, 0x90,
    0x32, 0x8A, 0xB8, 0x89, 0xC1, 0xFC, 0x7C, 0x66, 0x28, 0xBF, 0xB1, 0x80, 0x15, 0x33, 0xB7, 0x05,
    0xC6, 0x05, 0x7E, 0x15, 0x16, 0x5B, 0xBF, 0xEE, 0x16, 0x5B, 0x6C, 0x16, 0x5B, 0x14, 0x5B, 0xF3,
    0x91, 0x2D, 0xBD, 0x2B, 0x2B, 0xFE, 0x8B, 0x3D, 0x4A, 0x15, 0xC7, 0x41, 0xB0, 0x8A, 0x82, 0xC5,
    0x2C, 0x98, 0xD0, 0x69, 0x93, 0x17, 0x4C, 0xCF, 0x71, 0x54, 0x5A, 0xFA, 0xFD, 0x56, 0xE9, 0x96,
    0xFD, 0xF6, 0xB6, 0x9C, 0x3E, 0x65, 0x67, 0xE8, 0x13, 0x0E, 0x15, 0x3D, 0xC8, 0x99, 0xF7, 0x61,
    0xF9, 0x0B, 0x91, 0x3C, 0xBB, 0x05, 0x81, 0x56, 0xF5, 0x6E, 0x97, 0xB7, 0xDB, 0xAF, 0x33, 0x65,
    0xB7, 0x2E, 0x34, 0xBF, 0x5B, 0x6A, 0xEB, 0x55, 0x6C, 0x14, 0xB1, 0x33, 0x45, 0xEC, 0x60, 0x1B,
    0x49, 0xAD, 0xD9, 0xFE, 0x57, 0xE2, 0x77, 0x49, 0xAD, 0xF1, 0xC6, 0x43, 0xAE, 0xA1, 0x70, 0x8C,
    0xDA, 0xAE, 0xE5, 0x69, 0x6A, 0xCF, 0x3E, 0xED, 0xDC, 0xC2, 0x8E, 0xD8, 0xDD, 0xB8, 0x25, 0x6C,
    0xF6, 0xFF, 0xD1, 0x6B, 0x82, 0xE0, 0x2B, 0x0E, 0x47, 0xC5, 0x92, 0x39, 0xC7, 0x15, 0x2F, 0xF3,
    0x41, 0xC2, 0x3E, 0x63, 0x0F, 0xEB, 0x12, 0x41, 0x80, 0x01, 0xAF, 0x6B, 0xAC, 0xDB, 0x1A, 0x77,
    0xD4, 0x2B, 0x62, 0x00, 0xCA, 0x29, 0x95, 0x0C, 0xCC, 0x59, 0x0F, 0x14, 0xCC, 0x3A, 0x20, 0xE3,
    0xD7, 0x3D, 0x90, 0xF2, 0xC7, 0x0D, 0x90, 0xF0, 0xC7, 0x00, 0xC0, 0x7B, 0x82, 0xF5, 0x2C, 0x68,
    0xA3, 0x60, 0xA5, 0x58, 0x0E, 0x17, 0x7A, 0x0A, 0x45, 0xD3, 0x5D, 0x5C, 0x59, 0xB6, 0x11, 0xA4,
    0x40, 0x3E, 0xEB, 0x33, 0x2E, 0x19, 0x64, 0xD8, 0x0B, 0x3E, 0xD8, 0x32, 0xBC, 0xC7, 0x33, 0xC5,
    0xEC, 0xC9, 0x78, 0x2A, 0xF8, 0x23, 0x0E, 0x0B, 0xDE, 0xE3, 0xB4, 0xE0, 0x58, 0xD0, 0x65, 0x0C,
    0x9A, 0xCF, 0x2E, 0x11, 0xF4, 0x60, 0x7F, 0x80, 0xE1, 0x99, 0xB1, 0xD7, 0x08, 0x5D, 0xC6, 0x3E,
    0xA5, 0xD7, 0x98, 0x4D, 0xC6, 0xF9, 0x8C, 0xC8, 0xF8, 0x63, 0xC6, 0x05, 0xDF, 0x63, 0xF7, 0x34,
    0x6D, 0x62, 0x71, 0x73, 0x21, 0xC6, 0x48, 0x6E, 0xB8, 0xFF, 0xA9, 0xCA, 0x44, 0x13, 0x8F, 0x51,
    0xDB, 0x1F, 0x2D, 0x2D, 0xE7, 0x9C, 0xE3, 0x8A, 0x15, 0x1F, 0x24, 0xAD, 0x68, 0x83, 0x75, 0x8A,
    0x90, 0xD9, 0x7C, 0x55, 0x67, 0xF3, 0xA6, 0xAE, 0x14, 0xA3, 0x4E, 0x88, 0xDE, 0xB2, 0xCB, 0x3C,
    0x96, 0x3A, 0x8F, 0x86, 0x99, 0x17, 0x41, 0x7F, 0xED, 0x45, 0xDC, 0x3F, 0x39, 0x20, 0xDD, 0xE6,
    0xF1, 0x7F, 0x15, 0x27, 0xC1, 0x3A, 0x1E, 0xFC, 0x27, 0xDC, 0xC1, 0x3C, 0x9A, 0x5E, 0xB0, 0x5C,
    0x67, 0x50, 0xB1, 0x76, 0x00, 0x12, 0xEE, 0x7F, 0x60, 0xB9, 0x44, 0x19, 0x54, 0xB1, 0x13, 0x14,
    0xBB, 0xF8, 0x3F, 0xDD, 0x7C, 0x3F, 0xAC, 0xDD, 0xC6, 0x95, 0xFE, 0x47, 0xF2, 0x27, 0x11, 0x09,
    0x0B, 0x36, 0x76, 0x02, 0xDB, 0x05, 0xDB, 0x5F, 0xB2, 0x01, 0xD8, 0x03, 0xB6, 0x86, 0xC6, 0x16,
    0x29, 0x52, 0x44, 0x85, 0x6F, 0x0C, 0xAC, 0x0A, 0x35, 0xC6, 0xC2, 0x9B, 0x2D, 0x6E, 0x0F, 0x24,
    0x26, 0x77, 0x7B, 0x20, 0xAF, 0x48, 0x36, 0x85, 0x8B, 0x35, 0x10, 0x17, 0x89, 0x9A, 0xF4, 0x80,
    0xA4, 0x61, 0xE2, 0x22, 0xC5, 0x16, 0x26, 0xB0, 0xD0, 0xB6, 0xE6, 0x26, 0x31, 0x76, 0x17, 0x29,
    0x3C, 0xC9, 0x52, 0x1B, 0xBE, 0xF5, 0x90, 0xDF, 0xBE, 0x73, 0xE6, 0xBE, 0xCB, 0x7B, 0x9F, 0xAE,
    0xA4, 0x17, 0x49, 0x4F, 0xFF, 0x06, 0x6F, 0xBE, 0x8F, 0x12, 0x2F, 0x87, 0xE7, 0x7C, 0x67, 0x66,
    0x38, 0x33, 0x9C, 0x7B, 0x81, 0xD5, 0xEA, 0x1D, 0x00, 0x20, 0xFD, 0x42, 0x67, 0x52, 0xC4, 0x56,
    0x28, 0x66, 0x27, 0x94, 0xB0, 0x17, 0x4A, 0xE9, 0x84, 0x72, 0x0E, 0x42, 0xC5, 0xDA, 0x0B, 0x95,
    0x85, 0x92, 0xC9, 0x67, 0xA1, 0x1F, 0x66, 0x14, 0xF2, 0xA9, 0xD2, 0x98, 0xB0, 0x01, 0x62, 0x17,
    0x4B, 0x69, 0x89, 0x8B, 0xA4, 0xB4, 0xB4, 0x83, 0x94, 0x96, 0xB5, 0x90, 0xD2, 0xF2, 0x3B, 0x2B,
    0x3B, 0x00, 0x05, 0xC9, 0x11, 0x30, 0x54, 0x63, 0xDE, 0x02, 0xCA, 0x09, 0xB8, 0x09, 0x14, 0x33,
    0xE0, 0xE5, 0x8E, 0x88, 0x06, 0xA1, 0x2A, 0x76, 0x40, 0xC6, 0x36, 0x55, 0xEA, 0xD6, 0xD3, 0x55,
    0x5C, 0xE7, 0x31, 0xE9, 0x40, 0x49, 0x4A, 0xC1, 0x3D, 0xD2, 0xDF, 0xE3, 0xDA, 0xA5, 0x95, 0x78,
    0xC4, 0x41, 0x6E, 0x37, 0xC3, 0xF8, 0x8C, 0x95, 0x19, 0x12, 0x36, 0xA5, 0x4B, 0xD8, 0x66, 0x02,
    0xC0, 0x16, 0x2E, 0xBD, 0xCB, 0x36, 0x26, 0xD9, 0x16, 0x02, 0x66, 0x4A, 0xD8, 0xDA, 0xE1, 0x04,
    0xE8, 0xCE, 0x40, 0x2A, 0x27, 0x0A, 0x76, 0x86, 0x13, 0x4F, 0xD8, 0x71, 0x8A, 0x59, 0xD9, 0x09,
    0x78, 0x0F, 0x5F, 0x51, 0x2D, 0x50, 0x0A, 0xD9, 0xEA, 0xB6, 0x90, 0xA1, 0xDF, 0xD1, 0x30, 0x16,
    0x7D, 0x34, 0x3D, 0x3C, 0x04, 0x6E, 0x2F, 0x04, 0xA3, 0x50, 0xF1, 0xCB, 0x07, 0x86, 0xA0, 0x5A,
    0x42, 0x30, 0xEC, 0x85, 0xA0, 0x0F, 0x21, 0xE8, 0x60, 0xEF, 0x17, 0x02, 0x13, 0x42, 0x70, 0x4B,
    0x6E, 0xB5, 0x0D, 0x81, 0x17, 0xD1, 0xAB, 0x78, 0x10, 0x33, 0xDA, 0x74, 0x10, 0xA3, 0xBA, 0xF5,
    0x7C, 0x20, 0x04, 0x49, 0x0F, 0x8F, 0x78, 0x8C, 0x47, 0x80, 0x62, 0x70, 0x2D, 0x77, 0xCD, 0x66,
    0x1C, 0x0C, 0x46, 0x2E, 0xC1, 0x28, 0xB7, 0xC1, 0x30, 0xA2, 0x6A, 0x29, 0x90, 0xBA, 0x27, 0x16,
    0x8C, 0x47, 0x57, 0xF3, 0x83, 0x3D, 0x35, 0x7D, 0x50, 0x73, 0xDC, 0x53, 0xD3, 0x9D, 0xAA, 0xC9,
    0x87, 0xA8, 0x79, 0x3B, 0xA8, 0x39, 0x6D, 0xD5, 0x4C, 0x59, 0x89, 0x46, 0xE2, 0xAB, 0xD2, 0x61,
    0x35, 0xA1, 0x56, 0x55, 0x82, 0x72, 0x91, 0x98, 0x3F, 0x28, 0x65, 0x4E, 0x29, 0xDF, 0xD0, 0xE6,
    0x3F, 0x83, 0x33, 0x49, 0x20, 0xD8, 0xE1, 0xC2, 0xAB, 0xBD, 0xDF, 0x57, 0x3A, 0x1E, 0x44, 0x4B,
    0x51, 0xDB, 0x88, 0xCD, 0xC4, 0x16, 0x1A, 0xB1, 0x47, 0x6E, 0x64, 0x04, 0x2E, 0xDF, 0x90, 0xD3,
    0x85, 0xAA, 0x6C, 0x46, 0x41, 0xDB, 0x8B, 0x8B, 0x2A, 0x74, 0x1A, 0x5A, 0x49, 0x8F, 0x83, 0x69,
    0xCD, 0x23, 0x71, 0x94, 0x33, 0x50, 0x1F, 0x5F, 0x67, 0x1B, 0xC9, 0x5F, 0x97, 0x12, 0xB0, 0x5D,
    0xEE, 0x81, 0xBA, 0x2D, 0x45, 0xF5, 0xCA, 0x0C, 0xC0, 0x2B, 0xA8, 0x55, 0x1F, 0xAB, 0xC8, 0x73,
    0xA3, 0x55, 0xAC, 0x87, 0xC5, 0xBC, 0x32, 0xD8, 0x24, 0x06, 0x77, 0x29, 0x1B, 0xA4, 0x5D, 0xCC,
    0x01, 0x75, 0x8B, 0x9A, 0x64, 0x23, 0xF6, 0x4C, 0xA7, 0xB6, 0x85, 0x4F, 0x95, 0x72, 0x59, 0x2D,
    0x3E, 0x88, 0x4F, 0x89, 0xFC, 0xEB, 0xB2, 0x9C, 0xD4, 0x14, 0xAD, 0xE4, 0x24, 0x07, 0x24, 0xE2,
    0x47, 0x3E, 0x27, 0x44, 0xE9, 0x63, 0x56, 0x66, 0x04, 0xAB, 0x7A, 0x00, 0xC5, 0x82, 0x51, 0x8D,
    0x79, 0x08, 0x58, 0x17, 0x0C, 0x8D, 0x60, 0x3C, 0x92, 0xAA, 0x98, 0x51, 0x54, 0x19, 0xFF, 0x8D,
    0x88, 0xB4, 0xF2, 0xBD, 0xA1, 0x06, 0x19, 0xAF, 0x4E, 0xCD, 0xAA, 0xB0, 0x9A, 0xE3, 0x4D, 0x27,
    0x0A, 0x67, 0x4E, 0x94, 0x8A, 0xFC, 0x8B, 0x29, 0xB4, 0xB6, 0xCE, 0x82, 0x2D, 0x50, 0x7F, 0xD1,
    0x03, 0x73, 0x3A, 0x20, 0x19, 0x22, 0x8F, 0xCB, 0x0D, 0xBE, 0xF1, 0x6C, 0x84, 0x8E, 0xD5, 0x85,
    0xD0, 0xD9, 0xE5, 0x5C, 0x30, 0x9D, 0x11, 0xCE, 0xBE, 0x98, 0x42, 0xAB, 0xE1, 0xEA, 0x55, 0xCE,
    0x00, 0xEA, 0x52, 0x38, 0x71, 0x58, 0xE8, 0x4C, 0x84, 0x4E, 0xA4, 0xB3, 0x89, 0x59, 0xD5, 0x2E,
    0x16, 0xA1, 0xA3, 0x27, 0x26, 0x74, 0xA8, 0xB3, 0x45, 0x97, 0x0E, 0x40, 0x36, 0x16, 0x3D, 0x90,
    0xCC, 0xB6, 0x05, 0x40, 0xAA, 0x9B, 0x93, 0xA0, 0xF1, 0xF7, 0x0A, 0xFD, 0xD1, 0x22, 0xF4, 0xB5,
    0x7B, 0x85, 0x36, 0x2A, 0xF4, 0x15, 0x88, 0xD0, 0x78, 0x3A, 0x42, 0x57, 0xBB, 0x42, 0xA7, 0x3D,
    0x3E, 0x40, 0xEC, 0x63, 0x0F, 0xD8, 0xEF, 0xBA, 0x4D, 0x57, 0x99, 0xB3, 0x92, 0xFE, 0xF2, 0x8C,
    0xD0, 0x3D, 0x12, 0xB9, 0x2E, 0x9F, 0xD3, 0x6D, 0x8D, 0x8E, 0x42, 0x8D, 0xAE, 0xAC, 0x03, 0xC5,
    0x98, 0xF1, 0x9C, 0x42, 0x63, 0x2B, 0x74, 0x7E, 0x56, 0x68, 0x69, 0x4A, 0xAF, 0x87, 0x67, 0x8E,
    0x95, 0x7B, 0xCF, 0x89, 0x57, 0xEF, 0xFE, 0xD9, 0x09, 0x95, 0xEC, 0x84, 0x72, 0x36, 0x42, 0x97,
    0x7F, 0x81, 0xB3, 0xC9, 0x92, 0x3C, 0x0A, 0x34, 0x03, 0x31, 0xEF, 0x5E, 0x63, 0xAF, 0x37, 0xAF,
    0x47, 0xA5, 0x62, 0x56, 0xCA, 0x58, 0x09, 0x25, 0x6C, 0x85, 0xE2, 0x40, 0x11, 0x3B, 0x21, 0xB0,
    0x0F, 0xE4, 0xCE, 0x4D, 0xFD, 0x72, 0xB9, 0x16, 0xB6, 0x14, 0x9D, 0x86, 0x1B, 0xE5, 0x84, 0x50,
    0xE9, 0x95, 0x38, 0x88, 0x65, 0x6B, 0xB6, 0xC1, 0xCE, 0xAD, 0xD5, 0xE2, 0x98, 0xCF, 0xBC, 0x52,
    0x3E, 0x00, 0x97, 0x4F, 0xC8, 0xA9, 0x58, 0x45, 0xAB, 0x54, 0x56, 0x4A, 0x57, 0xB6, 0x75, 0xED,
    0xD2, 0x55, 0xA1, 0x88, 0x93, 0x50, 0x4A, 0x5A, 0xA9, 0xA3, 0x73, 0x4C, 0xAF, 0xE7, 0x95, 0x06,
    0xD4, 0x5E, 0x95, 0x37, 0x0B, 0xF1, 0x2F, 0x25, 0x1B, 0xA8, 0x0E, 0x85, 0x99, 0x11, 0xD6, 0x6B,
    0x2D, 0xA3, 0x0E, 0x2E, 0x3E, 0xFC, 0x8C, 0x47, 0x48, 0xC8, 0xEF, 0x8A, 0x18, 0xEB, 0x31, 0xA3,
    0x3B, 0x6F, 0x1C, 0xD2, 0x73, 0xC5, 0xE1, 0x55, 0xDE, 0x7D, 0xE7, 0x84, 0x0C, 0xE9, 0x17, 0x7A,
    0x02, 0x71, 0xB0, 0x1A, 0x87, 0xBF, 0x3F, 0x10, 0x87, 0x82, 0x7E, 0x8B, 0x97, 0x15, 0xA1, 0x42,
    0xAF, 0xEA, 0xE9, 0xAA, 0x78, 0x4A, 0x17, 0xF0, 0x34, 0x0E, 0x8A, 0xF5, 0xEF, 0xA5, 0x56, 0x73,
    0x36, 0x5E, 0x34, 0xB1, 0x1E, 0xA5, 0x8F, 0xE8, 0x45, 0x2D, 0xFA, 0x8D, 0x74, 0xD6, 0x09, 0x8A,
    0xA8, 0x0F, 0x43, 0xAB, 0x58, 0xEB, 0xE7, 0x83, 0xDE, 0xA1, 0xB4, 0xA0, 0x76, 0x42, 0xE6, 0x2A,
    0xA6, 0x68, 0x7D, 0x69, 0xB5, 0xAA, 0x24, 0x0C, 0x6C, 0x03, 0xDE, 0xD3, 0x20, 0xD8, 0x07, 0x3C,
    0x71, 0x76, 0xB5, 0x56, 0x8D, 0x32, 0xC5, 0x54, 0x31, 0x09, 0x18, 0x34, 0xC7, 0x21, 0xBC, 0x1B,
    0x66, 0x38, 0xF4, 0x01, 0xCF, 0xDF, 0x37, 0x0D, 0x8A, 0xE3, 0x82, 0xF1, 0x28, 0x36, 0x5C, 0x1B,
    0xD5, 0x9E, 0x0D, 0x1E, 0x9C, 0x40, 0xED, 0x77, 0x3C, 0x31, 0x39, 0x21, 0x93, 0x8E, 0xA7, 0xF0,
    0x31, 0x5B, 0x33, 0x80, 0x5D, 0xED, 0xC0, 0xDE, 0x4A, 0xE0, 0xA9, 0x70, 0x77, 0x75, 0x02, 0xE4,
    0x06, 0xCE, 0xF6, 0x39, 0x02, 0xD2, 0xC7, 0x56, 0xA5, 0x47, 0xDC, 0xE6, 0x44, 0xD6, 0xA6, 0xFC,
    0xDC, 0x36, 0xD0, 0xB8, 0xBF, 0xC1, 0x1E, 0xB8, 0x8C, 0xE8, 0x08, 0xC8, 0xDB, 0xC4, 0x01, 0x59,
    0x9F, 0x4B, 0x0F, 0x1F, 0xC4, 0x24, 0xAB, 0x30, 0xBA, 0x0A, 0xE9, 0x05, 0x93, 0x37, 0x71, 0xB8,
    0x89, 0x78, 0x3A, 0x3C, 0x39, 0xBA, 0x58, 0xA1, 0x93, 0x36, 0x9F, 0x91, 0xDF, 0x23, 0xB4, 0xC8,
    0xB3, 0x15, 0xD4, 0xF8, 0x05, 0xCB, 0x01, 0x7A, 0xF6, 0x45, 0x93, 0xF8, 0xE0, 0x68, 0x25, 0x9B,
    0x74, 0xB4, 0x72, 0x71, 0x12, 0x47, 0xF7, 0x97, 0xF8, 0x05, 0x90, 0x0C, 0xC0, 0x2D, 0x81, 0xD4,
    0x09, 0xE6, 0x9D, 0x60, 0xD9, 0x0A, 0x9A, 0x80, 0xE1, 0x7F, 0xB4, 0xD8, 0x5C, 0x31, 0x66, 0x7F,
    0x81, 0x3D, 0xC2, 0x8C, 0xAC, 0x4D, 0x54, 0x45, 0x4B, 0x02, 0x19, 0xB7, 0xD3, 0x4A, 0x1D, 0x86,
    0x48, 0x30, 0x13, 0xBF, 0x85, 0x30, 0xAF, 0x99, 0xE4, 0xEC, 0xA4, 0x8F, 0x61, 0xE0, 0x35, 0xE0,
    0x63, 0xB9, 0x42, 0xD7, 0x8A, 0x5C, 0xD9, 0x01, 0xC9, 0x64, 0x2B, 0x00, 0xD4, 0xB6, 0x56, 0x7B,
    0xC1, 0xD7, 0x3F, 0x7E, 0xD1, 0xEA, 0x76, 0xDA, 0xE3, 0x36, 0x62, 0x2F, 0x6E, 0xDB, 0xEB, 0xCB,
    0x00, 0x51, 0x47, 0x5F, 0x17, 0xDD, 0x7D, 0x1C, 0xEE, 0xA7, 0xC3, 0x24, 0x4C, 0xA7, 0x61, 0x42,
    0x86, 0xBD, 0x10, 0xBF, 0x33, 0x68, 0x74, 0x22, 0x1F, 0xBA, 0x90, 0x1A, 0xF7, 0x4B, 0x7F, 0xC5,
    0x63, 0xE8, 0x60, 0x49, 0x2E, 0x34, 0xF3, 0xF7, 0x54, 0xB2, 0x0E, 0x66, 0x42, 0xC2, 0x0A, 0xF9,
    0xA4, 0xE3, 0xE6, 0xCC, 0xA3, 0xF0, 0x90, 0x18, 0x98, 0x11, 0xCB, 0xF0, 0x3A, 0x58, 0x09, 0xF0,
    0x30, 0xC9, 0xA3, 0xF8, 0xAA, 0x0E, 0x33, 0xE8, 0x16, 0x82, 0xA5, 0x5E, 0x67, 0x64, 0x14, 0xA0,
    0x64, 0x46, 0xA5, 0xD2, 0x2B, 0xE5, 0xB3, 0x52, 0xCA, 0x4A, 0x28, 0x62, 0x2F, 0x84, 0x7A, 0xFE,
    0x89, 0xF5, 0xE2, 0x2C, 0xF9, 0x7B, 0x1D, 0xAC, 0xFF, 0x97, 0xF8, 0x47, 0xA8, 0x00, 0x0D, 0x80,
    0x52, 0x1D, 0xAF, 0xBF, 0x3D, 0x48, 0xF5, 0x14, 0xB7, 0x13, 0x07, 0x83, 0x25, 0x26, 0x91, 0x95,
    0xCF, 0xFC, 0x81, 0x2D, 0x48, 0xD6, 0x6D, 0xC2, 0x84, 0x79, 0x9B, 0x4E, 0x11, 0xBF, 0x2B, 0xDE,
    0xB1, 0x41, 0x7E, 0x82, 0xED, 0x01, 0xCC, 0x26, 0x39, 0x9B, 0xCE, 0x31, 0x81, 0x98, 0x1F, 0xCE,
    0x5A, 0x4F, 0x47, 0x0D, 0xB1, 0xAE, 0x46, 0xED, 0x34, 0xDB, 0x41, 0x91, 0x9C, 0x2B, 0x35, 0x54,
    0xE7, 0x62, 0x14, 0x1F, 0x24, 0x5C, 0x05, 0x49, 0x4A, 0x43, 0xCE, 0x09, 0x56, 0x62, 0x3B, 0xB1,
    0xC1, 0x74, 0x82, 0x6D, 0x44, 0x61, 0x73, 0xFC, 0x37, 0x41, 0x28, 0x36, 0x88, 0xAC, 0x7A, 0x9A,
    0xF4, 0x78, 0x53, 0x48, 0x9E, 0x5B, 0xE2, 0x5A, 0xAC, 0x37, 0x61, 0x10, 0x59, 0xAB, 0x9F, 0xF6,
    0xB5, 0xE7, 0x88, 0xAF, 0xDB, 0x8D, 0x6F, 0xB9, 0x89, 0xAF, 0x97, 0x10, 0x23, 0xEB, 0x35, 0xBE,
    0xC0, 0xF3, 0x14, 0x5F, 0xF1, 0xF9, 0x07, 0x3A, 0xF5, 0xF1, 0x5B, 0xC7, 0x49, 0xB7, 0x75, 0x5B,
    0xBC, 0x3E, 0x1C, 0xDF, 0x59, 0xE3, 0x3B, 0x3F, 0x4A, 0x7C, 0x7F, 0xBA, 0xC4, 0xD7, 0x3C, 0x95,
    0xF8, 0xEA, 0x1D, 0x16, 0x6F, 0x72, 0xEE, 0x52, 0x3A, 0x63, 0xF9, 0xC8, 0xCB, 0xD7, 0x7E, 0x71,
    0x7B, 0x59, 0x86, 0x4F, 0xD8, 0x6E, 0x31, 0x62, 0xA3, 0x67, 0x77, 0xE3, 0x0B, 0x8D, 0xEF, 0x97,
    0x2F, 0x5C, 0xFB, 0xDD, 0x09, 0x50, 0x17, 0x02, 0x34, 0x86, 0x00, 0xF9, 0x43, 0x01, 0x1A, 0x54,
    0xCC, 0xB8, 0x3A, 0x1C, 0xA0, 0xF3, 0xC7, 0x49, 0xAE, 0xB3, 0xF3, 0xE3, 0x07, 0xE8, 0x60, 0x4A,
    0x27, 0xA5, 0xCC, 0xEF, 0x2D, 0x80, 0xF7, 0x4A, 0x45, 0xAB, 0x54, 0x2A, 0x22, 0x6D, 0xF5, 0x94,
    0x62, 0xD9, 0x08, 0x9A, 0x4A, 0xD0, 0x0A, 0x80, 0x78, 0x09, 0xFA, 0x67, 0xE0, 0xFB, 0x95, 0x52,
    0xCC, 0x4E, 0x39, 0xA5, 0x53, 0x2E, 0xFE, 0xEC, 0x95, 0xEB, 0x66, 0x16, 0x8A, 0xA6, 0xA0, 0x40,
    0xF4, 0x11, 0x2E, 0x57, 0xB8, 0x27, 0x91, 0x6C, 0x77, 0xF3, 0x75, 0x1E, 0x57, 0x92, 0xA5, 0x41,
    0x3C, 0x5E, 0xBE, 0xB3, 0x7A, 0x57, 0x59, 0xD2, 0x0E, 0x3F, 0xB1, 0xDC, 0x69, 0x3E, 0xB5, 0xF7,
    0xAC, 0x1F, 0x9B, 0x31, 0x9E, 0xF1, 0x82, 0xA4, 0xE8, 0x34, 0xDB, 0x06, 0xC8, 0x86, 0xA2, 0x0B,
    0xE3, 0xC3, 0x30, 0x56, 0x5C, 0x74, 0x68, 0xB7, 0xB8, 0x56, 0x4C, 0x15, 0x93, 0x43, 0xB8, 0x92,
    0x30, 0xFD, 0x46, 0xE3, 0xF8, 0x19, 0xA5, 0xC3, 0x9B, 0x2D, 0x4F, 0xD0, 0xE5, 0xAC, 0x12, 0xCA,
    0x52, 0x5F, 0xC2, 0x36, 0x51, 0x7C, 0xCC, 0xBF, 0x54, 0x71, 0xCD, 0xE3, 0x84, 0x03, 0x39, 0x27,
    0xF4, 0x01, 0xCF, 0x7A, 0x7B, 0x8D, 0x53, 0x75, 0x8D, 0xC7, 0xBA, 0xB8, 0xB2, 0x9B, 0x57, 0xBC,
    0xBB, 0x3A, 0xC9, 0x15, 0x43, 0x6A, 0x4F, 0x59, 0xCE, 0x1D, 0xCE, 0xF2, 0x79, 0x61, 0x49, 0x3B,
    0xFC, 0x84, 0x72, 0xB4, 0xC9, 0xC1, 0xDE, 0xE9, 0x9E, 0xA8, 0xED, 0x46, 0xE1, 0xFA, 0x8E, 0xE6,
    0xEF, 0xF2, 0xCE, 0xDE, 0xE8, 0xFA, 0x6C, 0x44, 0x7E, 0x65, 0xFB, 0x13, 0xFC, 0x17, 0xFA, 0x13,
    0xFC, 0x82, 0x12, 0x8B, 0xB1, 0x90, 0x58, 0x38, 0x8D, 0x45, 0xF7, 0xD8, 0x81, 0xE8, 0x36, 0x51,
    0xD0, 0xE1, 0xB8, 0x86, 0x5B, 0x50, 0x5B, 0xDD, 0x88, 0x9F, 0x97, 0x7C, 0xDB, 0x1B, 0x7E, 0x39,
    0x5A, 0x4B, 0x37, 0x66, 0xEC, 0x3E, 0x82, 0xDD, 0xB6, 0x34, 0x43, 0x3A, 0xC9, 0x5F, 0xE7, 0x7C,
    0x55, 0x14, 0x78, 0xD2, 0x59, 0xCA, 0x3D, 0xBD, 0x87, 0xF6, 0x06, 0x13, 0xFE, 0x7F, 0xCE, 0xF6,
    0x66, 0x79, 0x62, 0x8F, 0xB1, 0x74, 0x3F, 0x48, 0xD9, 0xBF, 0xBF, 0x63, 0x4F, 0x4E, 0xAF, 0x59,
    0x97, 0xD3, 0x74, 0x15, 0xF1, 0x11, 0x72, 0x2D, 0xD7, 0xF3, 0x28, 0x27, 0x9D, 0xE4, 0x57, 0x57,
    0x2B, 0xF1, 0x53, 0xF3, 0xD9, 0x7E, 0x65, 0xE9, 0x4B, 0x9E, 0x6C, 0xDE, 0x6F, 0xF3, 0x9E, 0xF4,
    0x61, 0x7F, 0x43, 0xA8, 0x3E, 0x94, 0x70, 0xB5, 0xE9, 0xF9, 0xDB, 0x99, 0x86, 0x97, 0x9A, 0xDE,
    0xC3, 0x6B, 0xF0, 0x30, 0xB0, 0xD5, 0x0C, 0xA3, 0x6A, 0x0D, 0xCB, 0x1B, 0xFB, 0x67, 0xE0, 0xDD,
    0x80, 0x72, 0x84, 0xF9, 0x20, 0x9A, 0x0C, 0x7D, 0x4E, 0x17, 0x4C, 0x59, 0xDC, 0xFC, 0x0B, 0x2B,
    0xF2, 0xD6, 0xCD, 0xA7, 0xE9, 0x02, 0xB2, 0x16, 0x3A, 0x15, 0x9C, 0x80, 0x58, 0x1A, 0xAF, 0x64,
    0x39, 0xE6, 0x09, 0x48, 0x2E, 0x47, 0xE0, 0xB6, 0xA8, 0x1C, 0xEC, 0x8C, 0x59, 0xE1, 0x36, 0x9E,
    0x48, 0x34, 0x51, 0x56, 0x91, 0x47, 0x32, 0x20, 0x73, 0xC8, 0x1D, 0xF2, 0x93, 0x03, 0xFA, 0x84,
    0x1E, 0x76, 0x94, 0x5B, 0x88, 0x9A, 0xA7, 0x16, 0x47, 0x6C, 0xC4, 0x8A, 0x67, 0x16, 0xE8, 0xC7,
    0xF3, 0x54, 0xD2, 0x27, 0x0B, 0x9D, 0x14, 0xFC, 0xF6, 0x9A, 0x77, 0xE5, 0x1E, 0xA1, 0x38, 0x24,
    0xCF, 0x09, 0x05, 0x29, 0xD5, 0xE3, 0x85, 0x00, 0x60, 0x4B, 0x8D, 0x50, 0x1A, 0x28, 0x63, 0xB5,
    0x33, 0x2F, 0x31, 0x93, 0xE0, 0xD7, 0x38, 0x08, 0x95, 0x6C, 0x95, 0xFE, 0x13, 0x1A, 0xB6, 0xB2,
    0x91, 0x60, 0xDA, 0x3E, 0xBC, 0x6A, 0x08, 0x28, 0x15, 0xC9, 0x76, 0xE1, 0xEC, 0x7E, 0x58, 0xDB,
    0x92, 0x2E, 0xE0, 0x9A, 0xED, 0x1B, 0xBA, 0xB1, 0x21, 0x0A, 0x57, 0x3D, 0x39, 0x4C, 0x15, 0x4F,
    0x02, 0x04, 0xB9, 0x17, 0xB7, 0x08, 0x60, 0x1F, 0xC3, 0x0E, 0x88, 0x4E, 0x07, 0x73, 0xED, 0xD6,
    0xF7, 0x35, 0xF5, 0xE4, 0x28, 0x38, 0x57, 0x08, 0xC3, 0xE8, 0x19, 0x20, 0xAB, 0x68, 0xAA, 0xDB,
    0x64, 0xC8, 0x5D, 0xDE, 0x25, 0xE3, 0x57, 0x81, 0xF7, 0x97, 0xDE, 0x9D, 0x5E, 0xF2, 0x25, 0xF2,
    0xC7, 0x2A, 0x96, 0xF1, 0x4F, 0x27, 0x87, 0xF7, 0x49, 0xBA, 0x38, 0xB8, 0x66, 0xA3, 0x6D, 0x9A,
    0x47, 0x61, 0x1E, 0x11, 0x71, 0x44, 0x3A, 0xCF, 0xC8, 0xFB, 0xBA, 0x32, 0x55, 0xD1, 0xFD, 0x1D,
    0xE2, 0xA3, 0x27, 0xFA, 0x34, 0x3A, 0x98, 0xC7, 0x90, 0xEB, 0x61, 0x33, 0xEE, 0xE8, 0x51, 0x48,
    0xED, 0x98, 0x01, 0x7B, 0x04, 0x84, 0x46, 0xD2, 0x6E, 0xE8, 0x1A, 0xEF, 0xBE, 0x6D, 0x67, 0x6D,
    0xDF, 0xC6, 0x41, 0xA9, 0x51, 0xB2, 0x10, 0x8A, 0xBD, 0x52, 0xEA, 0x94, 0x8A, 0x56, 0xA9, 0x0E,
    0xE3, 0x0E, 0xAF, 0xF4, 0x9B, 0x40, 0x9F, 0x51, 0x89, 0x6C, 0x02, 0xB5, 0x42, 0xBF, 0x65, 0xB8,
    0x8E, 0x83, 0x92, 0xF5, 0x4A, 0x66, 0x56, 0x2A, 0x58, 0x09, 0xE5, 0x6C, 0x85, 0x52, 0xF6, 0x42,
    0x31, 0x07, 0x21, 0xD0, 0xE3, 0xC4, 0xB2, 0xAA, 0xE6, 0x11, 0x4F, 0xEB, 0xAB, 0x9C, 0x74, 0xB8,
    0x4F, 0xA2, 0x62, 0x34, 0x2B, 0xC5, 0x5E, 0x29, 0x19, 0x95, 0x52, 0xA7, 0x94, 0x75, 0x7F, 0xE9,
    0x48, 0x37, 0xA0, 0xA1, 0xDB, 0x62, 0xC1, 0x23, 0x69, 0xCB, 0x1E, 0xBA, 0x8D, 0x28, 0x28, 0x22,
    0x58, 0xAB, 0x1E, 0x53, 0x90, 0x43, 0xF0, 0x53, 0x0A, 0x92, 0x95, 0xA0, 0x3A, 0xF8, 0x3B, 0xF6,
    0xF2, 0x19, 0x0E, 0x41, 0x88, 0xA0, 0x83, 0x60, 0xC9, 0x2A, 0x15, 0x15, 0xA4, 0x33, 0x4B, 0x39,
    0x92, 0x8C, 0xE8, 0x49, 0xE2, 0x0D, 0x8F, 0x03, 0x29, 0xF3, 0x82, 0xF9, 0xA8, 0xE8, 0x96, 0xD9,
    0x5F, 0x59, 0x09, 0x5E, 0x01, 0x40, 0xB5, 0x36, 0xE0, 0x5A, 0x6D, 0x4E, 0xCF, 0x67, 0xF3, 0x2C,
    0x48, 0x62, 0x6B, 0xF3, 0x7F, 0xE8, 0x3C, 0xE3, 0xD7, 0xD4, 0xAB, 0x38, 0x0A, 0xDA, 0x29, 0x68,
    0x22, 0xBA, 0x15, 0x6A, 0x73, 0xCE, 0x81, 0x64, 0x12, 0x6C, 0x96, 0x08, 0x7F, 0x5F, 0xE7, 0x15,
    0x1C, 0x76, 0x5A, 0xF4, 0x62, 0x72, 0xD9, 0x0A, 0x7E, 0xE3, 0xD0, 0x4C, 0xEC, 0x14, 0xA5, 0x8F,
    0x0C, 0xFA, 0x5F, 0x20, 0x5E, 0x55, 0x74, 0x82, 0x91, 0x62, 0xAC, 0x98, 0x28, 0xA6, 0x2E, 0xE5,
    0x9D, 0xD5, 0xDA, 0x51, 0xD2, 0x06, 0x11, 0xDD, 0x68, 0xB4, 0x6F, 0xD2, 0x99, 0xFC, 0x00, 0xD4,
    0x2D, 0x30, 0xCB, 0xD4, 0x72, 0xDB, 0xAB, 0x6A, 0x5E, 0xCB, 0xF5, 0xAA, 0xDE, 0x93, 0xCF, 0x52,
    0xAE, 0xF6, 0xA8, 0xA4, 0xE4, 0x17, 0x41, 0xB5, 0x03, 0xC9, 0x38, 0xC5, 0x4E, 0xB0, 0x6E, 0x96,
    0xC6, 0xEB, 0x05, 0xA2, 0xE1, 0x5C, 0xC3, 0x9E, 0x47, 0x1B, 0x0E, 0x9D, 0xA6, 0x88, 0x88, 0x67,
    0x24, 0x3A, 0x34, 0x4A, 0x7B, 0x64, 0xAD, 0x6A, 0x68, 0x3A, 0x45, 0x7D, 0x46, 0xD7, 0x55, 0xE8,
    0x02, 0x05, 0xBD, 0xE2, 0xF0, 0x8C, 0x95, 0x24, 0x5B, 0xDB, 0x88, 0x30, 0x52, 0xC3, 0x66, 0xA4,
    0xD2, 0xFD, 0x26, 0xFC, 0x64, 0x10, 0xE8, 0xB5, 0xCC, 0x0B, 0x84, 0x54, 0x40, 0x6A, 0x1E, 0x48,
    0x2A, 0x3C, 0x7E, 0x93, 0xBD, 0x2D, 0x18, 0xDF, 0xB3, 0x50, 0x10, 0xB3, 0xD2, 0xB3, 0x07, 0xAF,
    0x5A, 0x64, 0x5A, 0x30, 0x55, 0xCC, 0x55, 0xB2, 0xFA, 0xAC, 0x64, 0x80, 0xC2, 0x5A, 0x20, 0x7D,
    0x14, 0xDF, 0x4B, 0xB1, 0xCF, 0xF6, 0x7B, 0x3B, 0x41, 0xEB, 0x5E, 0x4F, 0x3C, 0x15, 0xC9, 0xBE,
    0x25, 0xF8, 0x6B, 0x2F, 0xF8, 0xC5, 0x20, 0xC8, 0x4A, 0x70, 0xDC, 0x7E, 0x26, 0x55, 0x34, 0x8A,
    0x56, 0xF1, 0x67, 0x8F, 0x51, 0xCB, 0xCE, 0xD1, 0xF2, 0x7E, 0x95, 0xF0, 0xB3, 0x84, 0x4C, 0x38,
    0xEA, 0x72, 0x4F, 0x5B, 0xB3, 0xB5, 0x6C, 0x7F, 0xF6, 0xD0, 0x96, 0x77, 0xA3, 0xD9, 0x1D, 0xE0,
    0xCE, 0x58, 0x9E, 0x09, 0x30, 0x9D, 0x52, 0xAD, 0x88, 0xF7, 0x70, 0x36, 0x51, 0xBA, 0x5D, 0x92,
    0xEC, 0x84, 0xAE, 0xCB, 0xE2, 0x2B, 0x3F, 0x4F, 0xA8, 0xDB, 0x03, 0x13, 0x4E, 0x27, 0x24, 0xC2,
    0x6C, 0xA8, 0x15, 0xFA, 0x6F, 0xF6, 0x42, 0x7F, 0xA2, 0x13, 0x72, 0xF4, 0x4A, 0x66, 0x56, 0x2A,
    0x58, 0x09, 0x65, 0x6C, 0x85, 0x12, 0xF6, 0x42, 0x11, 0x07, 0x21, 0x58, 0xAF, 0x64, 0x66, 0xA5,
    0x9C, 0xB5, 0x50, 0x4A, 0x0A, 0xC5, 0x81, 0xB0, 0xA1, 0x3A, 0x50, 0x19, 0x28, 0x27, 0xAE, 0xCF,
    0xB2, 0x33, 0x07, 0xFA, 0xB4, 0x08, 0x04, 0xEE, 0x2C, 0xC4, 0xB9, 0xED, 0xBA, 0x7B, 0x3A, 0x2D,
    0xAB, 0xB7, 0xAF, 0x63, 0x27, 0xAD, 0x2A, 0x90, 0xDF, 0xE6, 0x00, 0x71, 0x73, 0xC2, 0xFA, 0xC2,
    0x17, 0xD7, 0xC6, 0xD3, 0xC5, 0xB5, 0x29, 0xE0, 0x0B, 0x2E, 0xF5, 0xE1, 0x64, 0x2B, 0x25, 0x2A,
    0x62, 0x52, 0x8C, 0xBC, 0x52, 0xEC, 0x94, 0x92, 0xEE, 0x39, 0xD1, 0x1F, 0x07, 0x52, 0x3E, 0x28,
    0x3A, 0xC1, 0xB2, 0x13, 0x34, 0x8D, 0xA2, 0x00, 0x7E, 0xA0, 0xF8, 0x71, 0x58, 0xE0, 0xB6, 0x28,
    0x85, 0x4C, 0x3B, 0xEB, 0x25, 0xBA, 0x1A, 0x2E, 0xF6, 0x0B, 0x45, 0xEC, 0xC3, 0xD2, 0x79, 0xF3,
    0x72, 0xB5, 0xAF, 0xB2, 0x89, 0x47, 0x91, 0x47, 0xB7, 0x4B, 0x4D, 0x3A, 0xA2, 0x20, 0x55, 0x9F,
    0xDD, 0xFD, 0x0E, 0xCF, 0x49, 0x7C, 0xF3, 0x6E, 0x19, 0x04, 0x29, 0x8F, 0x1B, 0xF6, 0x81, 0xF3,
    0x0D, 0x8B, 0x4B, 0x58, 0x9D, 0xF0, 0x1F, 0xC5, 0xDE, 0x1E, 0xE9, 0xBF, 0x8B, 0xC5, 0x23, 0xCA,
    0x56, 0x6C, 0x9E, 0x70, 0x1B, 0x29, 0x5D, 0x39, 0x43, 0x04, 0xE9, 0x72, 0x86, 0x0E, 0xFF, 0x42,
    0x39, 0x15, 0xAE, 0x80, 0x35, 0x87, 0x9C, 0xBF, 0x97, 0x58, 0xF9, 0x9C, 0xE3, 0x29, 0x3F, 0x72,
    0x15, 0xFA, 0x23, 0x07, 0x21, 0x67, 0x1F, 0x5E, 0x85, 0xC0, 0x41, 0xA9, 0xF6, 0x4A, 0x25, 0x77,
    0xAB, 0x50, 0x42, 0x0A, 0x45, 0x81, 0x60, 0x03, 0x99, 0x40, 0x79, 0xA0, 0x34, 0x54, 0xA1, 0x78,
    0x5B, 0x77, 0x94, 0xB4, 0x19, 0x3D, 0x98, 0x6E, 0x2B, 0x46, 0x93, 0xD2, 0x66, 0x5E, 0x56, 0xBB,
    0x40, 0xCD, 0x7D, 0xEB, 0x55, 0x7A, 0x81, 0xF5, 0x6A, 0x38, 0x41, 0xD2, 0x07, 0xDC, 0x1F, 0x33,
    0x34, 0x5B, 0x4C, 0x59, 0x6D, 0x97, 0x8F, 0x8A, 0x59, 0x3C, 0xB0, 0x5E, 0xFF, 0xBB, 0x17, 0x3C,
    0xD6, 0x57, 0x80, 0xAB, 0xAB, 0xFA, 0x71, 0xBA, 0x85, 0x0E, 0xA7, 0x5F, 0xCE, 0x52, 0x64, 0x41,
    0x4A, 0x11, 0xF6, 0xF8, 0x1A, 0x9B, 0xB0, 0xBF, 0xB5, 0x47, 0x26, 0x71, 0x1D, 0xA4, 0xEA, 0x4A,
    0x2E, 0x85, 0x66, 0x98, 0x41, 0xF5, 0xAE, 0x75, 0xD0, 0x52, 0x59, 0x27, 0xD4, 0x50, 0xA9, 0x3D,
    0x3F, 0x6D, 0xAE, 0xDB, 0x94, 0x12, 0xCA, 0x3C, 0xBD, 0x43, 0x3E, 0xE9, 0xFD, 0x36, 0x77, 0x0F,
    0xB6, 0x04, 0xCB, 0xAA, 0x60, 0x67, 0xB0, 0xBA, 0x02, 0x1E, 0xB4, 0xBD, 0xB3, 0x02, 0xEA, 0x50,
    0x8D, 0x59, 0x65, 0x8C, 0xD8, 0x15, 0x1E, 0xC6, 0x99, 0x11, 0xA5, 0xAF, 0x1D, 0x0A, 0x6F, 0x4F,
    0x60, 0xA2, 0x43, 0x3E, 0x6F, 0x81, 0xFB, 0x30, 0x5B, 0x81, 0x5A, 0x3E, 0x67, 0x06, 0x94, 0xBE,
    0xF4, 0x30, 0x63, 0x3E, 0xC1, 0xBA, 0x84, 0x3F, 0xD5, 0x8D, 0xBD, 0x33, 0x90, 0x89, 0x6D, 0x49,
    0x8F, 0x9B, 0x61, 0x5B, 0x89, 0xD7, 0xEA, 0x94, 0x1E, 0xDE, 0x56, 0xF2, 0x52, 0x86, 0x60, 0x40,
    0x09, 0xDC, 0x92, 0x96, 0x64, 0xE8, 0xE5, 0xE4, 0xA0, 0x83, 0xA1, 0x67, 0x16, 0x0C, 0xB1, 0xB8,
    0xEE, 0x00, 0xD4, 0xBD, 0x0A, 0xCF, 0x7F, 0x08, 0xEF, 0x49, 0xC3, 0xE6, 0xBA, 0x31, 0x73, 0x12,
    0x8B, 0xBE, 0x68, 0x5F, 0xCA, 0x60, 0xA4, 0x73, 0xEE, 0x91, 0xFB, 0x62, 0x40, 0xE1, 0x4C, 0x07,
    0xD3, 0xDA, 0x0A, 0x36, 0x9A, 0x10, 0xF9, 0x64, 0x78, 0x36, 0xC1, 0x58, 0x53, 0x52, 0x2F, 0x76,
    0xEA, 0x81, 0xDA, 0x2D, 0x9B, 0x11, 0xC5, 0x0F, 0xDD, 0x8F, 0x98, 0x12, 0x61, 0x4B, 0xA2, 0xF8,
    0xA9, 0xBB, 0x12, 0x4B, 0xAF, 0x07, 0xF1, 0x91, 0x19, 0xF5, 0x00, 0xA2, 0xEE, 0xB2, 0x93, 0x4F,
    0x0F, 0xB8, 0x77, 0x40, 0xFA, 0xFD, 0x03, 0xDD, 0xB9, 0xC8, 0xC3, 0x1F, 0xDE, 0x2B, 0xA7, 0x0E,
    0x07, 0x2A, 0xAD, 0x1E, 0xBC, 0xB2, 0xB9, 0x3B, 0x7C, 0x7E, 0x7A, 0x90, 0x72, 0x73, 0x10, 0xB3,
    0x51, 0xC3, 0xFC, 0xC6, 0x8B, 0x6B, 0x1E, 0x39, 0x35, 0xF9, 0x53, 0x4F, 0xBD, 0xEE, 0x58, 0x7C,
    0xF5, 0xAA, 0x68, 0x3C, 0xC4, 0x9C, 0x55, 0xE6, 0x82, 0x6C, 0x73, 0x46, 0x64, 0x5F, 0x3B, 0x11,
    0x9B, 0x6D, 0x39, 0x8A, 0xDE, 0xAC, 0x0A, 0x95, 0x9C, 0xC8, 0x27, 0x91, 0x94, 0x41, 0xEE, 0x85,
    0x57, 0xD7, 0xA9, 0x4C, 0xEE, 0x33, 0x80, 0x53, 0xB6, 0x1B, 0x0E, 0xE5, 0xA8, 0x1F, 0x25, 0x1B,
    0x71, 0x43, 0x7B, 0x9E, 0x37, 0x25, 0x2C, 0xEC, 0xE1, 0x25, 0x32, 0x9C, 0xAF, 0x0D, 0x38, 0xC1,
    0x8C, 0x5A, 0x9B, 0x3F, 0x82, 0x9D, 0x75, 0x24, 0xF5, 0x73, 0x41, 0xD8, 0x71, 0x19, 0x4D, 0x4A,
    0x2D, 0xDC, 0x19, 0xB6, 0x98, 0x0E, 0x07, 0x97, 0xF7, 0x54, 0x71, 0x1E, 0x05, 0x9A, 0x65, 0xF2,
    0x7B, 0x67, 0xCD, 0x0E, 0x89, 0xBE, 0x77, 0x10, 0x92, 0x42, 0x85, 0x8C, 0x7F, 0x00, 0x8D, 0x4A,
    0xF5, 0xA0, 0x14, 0xAE, 0x0B, 0x2B, 0x6D, 0xE4, 0x04, 0xA5, 0x41, 0xE8, 0x0E, 0x37, 0xCB, 0xCC,
    0x93, 0x52, 0x49, 0xA5, 0x9C, 0x8D, 0x50, 0xC6, 0x56, 0x28, 0xA1, 0xDB, 0x5F, 0x6D, 0x56, 0xAA,
    0xA9, 0xD3, 0x72, 0xC3, 0x8E, 0x1A, 0x09, 0x27, 0x14, 0x49, 0x1D, 0x28, 0xA6, 0x4D, 0xE8, 0xC1,
    0x0E, 0x88, 0x45, 0x0E, 0xED, 0xBC, 0x77, 0x77, 0x95, 0xBC, 0x0A, 0x32, 0x61, 0x4F, 0xE6, 0x74,
    0x6B, 0x16, 0x1C, 0x52, 0xD6, 0x1C, 0x12, 0x8E, 0xC6, 0x25, 0x74, 0x65, 0x97, 0xB0, 0x7B, 0xF5,
    0x31, 0xD6, 0x5E, 0x2A, 0x88, 0x35, 0x0A, 0x87, 0xD4, 0x6C, 0xF7, 0xD4, 0x1C, 0x16, 0xE1, 0xCE,
    0x25, 0xAA, 0x0D, 0x72, 0x48, 0x4C, 0xA4, 0xB0, 0x4A, 0xD5, 0x1C, 0x21, 0xF4, 0x48, 0x6B, 0xF7,
    0x42, 0x76, 0xBE, 0x8F, 0x9A, 0x87, 0x53, 0x3E, 0x05, 0xF2, 0x4A, 0x85, 0x53, 0x2A, 0x3B, 0x25,
    0xD3, 0x28, 0x7D, 0x80, 0x90, 0x56, 0x7B, 0x4A, 0xAF, 0x45, 0xE9, 0xDB, 0x76, 0x48, 0xE8, 0x44,
    0xE9, 0xFE, 0x89, 0x2A, 0x7D, 0x36, 0xB1, 0x12, 0x38, 0x1D, 0x0C, 0xC6, 0x3E, 0x3C, 0xCE, 0x81,
    0x54, 0x0D, 0x7D, 0x2F, 0x6C, 0xAA, 0xA9, 0xAB, 0xD4, 0x89, 0xF1, 0xBD, 0x9A, 0x9F, 0x1D, 0xEB,
    0x45, 0x09, 0xE7, 0xD0, 0x6E, 0x7C, 0x98, 0x85, 0x7D, 0xF4, 0x72, 0xB5, 0x91, 0xD4, 0xA1, 0x46,
    0x34, 0x89, 0x22, 0xF6, 0x47, 0xC3, 0xE6, 0x6B, 0x72, 0x52, 0x20, 0xE2, 0x1B, 0x00, 0x9E, 0x45,
    0xE4, 0xA4, 0x3A, 0x87, 0x91, 0x70, 0x4A, 0xAD, 0x59, 0x1A, 0x93, 0xD3, 0xEA, 0x74, 0x0B, 0xBB,
    0xE9, 0xB2, 0xEC, 0x2B, 0xB3, 0x64, 0x95, 0xF0, 0x43, 0x76, 0xB9, 0x87, 0x75, 0x85, 0x93, 0xC7,
    0x9D, 0x43, 0xD9, 0x9F, 0x40, 0xA1, 0x0F, 0x5B, 0x18, 0x2D, 0x83, 0xD5, 0x66, 0x00, 0x93, 0x51,
    0x9F, 0xFA, 0x1C, 0xF5, 0x5A, 0xFD, 0x77, 0x27, 0x87, 0x3A, 0xD7, 0x18, 0x01, 0x58, 0x7F, 0xB9,
    0x42, 0xE9, 0x4D, 0x83, 0xDC, 0xD7, 0x0A, 0x2D, 0xF2, 0xB1, 0xEE, 0x51, 0x0C, 0x66, 0x40, 0xDD,
    0x17, 0xFC, 0x27, 0x36, 0xA9, 0xC6, 0x66, 0xBD, 0xFD, 0xD2, 0x72, 0xED, 0x00, 0x89, 0xC4, 0x04,
    0x64, 0x6E, 0xE9, 0x63, 0x2E, 0xBD, 0x03, 0x58, 0x09, 0x27, 0x5D, 0xEE, 0xCA, 0xB1, 0x6C, 0x33,
    0x6F, 0xDA, 0xD4, 0x9B, 0x2E, 0x19, 0xCD, 0x90, 0xF4, 0x86, 0x15, 0x0A, 0x8E, 0xC8, 0xC9, 0x26,
    0x26, 0x7B, 0xD4, 0xBA, 0x77, 0x43, 0xBF, 0x24, 0xF7, 0x2D, 0xA4, 0xFE, 0x26, 0x12, 0x3F, 0x21,
    0x19, 0x89, 0x6C, 0xB0, 0x9F, 0xDB, 0xBE, 0x24, 0x9B, 0xCB, 0x62, 0x64, 0xAC, 0x32, 0x86, 0x70,
    0x39, 0xA0, 0xFC, 0x44, 0x42, 0x88, 0xDB, 0x88, 0x7C, 0x58, 0x4C, 0x38, 0xA8, 0x13, 0x44, 0xA7,
    0x36, 0xF7, 0xE0, 0xBE, 0x4E, 0x65, 0x6B, 0x06, 0xFC, 0xBF, 0x47, 0xD5, 0xA9, 0xAC, 0xCE, 0xA9,
    0x53, 0x39, 0x86, 0xEF, 0xBB, 0x4A, 0xC0, 0xC6, 0xB2, 0xCB, 0xBB, 0x74, 0xF8, 0x8A, 0xB4, 0xBD,
    0x45, 0xA7, 0x2E, 0x25, 0x87, 0xDC, 0x15, 0x3E, 0xE8, 0x94, 0x8C, 0xA6, 0x4B, 0x8E, 0x24, 0x86,
    0x0F, 0xD2, 0xE9, 0x4D, 0xA4, 0xDE, 0x23, 0xF1, 0xB3, 0xE8, 0x54, 0x2D, 0x3A, 0xC5, 0x1C, 0xCF,
    0xBA, 0x7E, 0xA0, 0x8A, 0x3C, 0x1D, 0xD7, 0xA1, 0x3D, 0xE3, 0xBC, 0x7D, 0x6B, 0xAE, 0x3D, 0x65,
    0x7E, 0x0A, 0x5F, 0xB1, 0xFD, 0xE6, 0x6B, 0x09, 0xF9, 0x74, 0x81, 0x5A, 0xE4, 0x61, 0xF9, 0x52,
    0x6F, 0x12, 0x11, 0x40, 0xC8, 0xD1, 0x87, 0xB3, 0x5E, 0x2E, 0x96, 0x85, 0xEA, 0x63, 0x61, 0x01,
    0xF3, 0x8F, 0x1E, 0x28, 0xFE, 0xA0, 0x6A, 0x84, 0x71, 0xAC, 0x5C, 0xD5, 0x3C, 0x7F, 0xED, 0x2F,
    0xAF, 0xE2, 0x31, 0x75, 0xB9, 0x8B, 0xA7, 0xBA, 0x85, 0x65, 0xB8, 0xDF, 0xEB, 0x1F, 0x5D, 0x68,
    0xFB, 0xA3, 0xA4, 0x79, 0x83, 0x3F, 0xA9, 0xA7, 0x77, 0xE7, 0x49, 0x6E, 0x3B, 0x7B, 0xC1, 0x0F,
    0xC6, 0x05, 0xAF, 0x5C, 0x15, 0x7C, 0x05, 0x82, 0xB8, 0x48, 0xB4, 0x93, 0x1C, 0x92, 0x6E, 0x83,
    0x1A, 0x6E, 0xC1, 0x23, 0x45, 0x2F, 0x18, 0x53, 0x10, 0x3B, 0xF8, 0xD3, 0x59, 0x90, 0xA1, 0x84,
    0x1E, 0xC0, 0x57, 0xAB, 0xF0, 0xBA, 0xD7, 0xB4, 0xD0, 0x2D, 0xC3, 0x9B, 0x8E, 0x59, 0xF2, 0xBB,
    0xBC, 0xF3, 0xC8, 0x3B, 0x8A, 0x62, 0xBA, 0x4A, 0x86, 0xC8, 0x3A, 0x5C, 0x7D, 0x63, 0xAE, 0x90,
    0xB4, 0xBA, 0x98, 0x11, 0x56, 0x3B, 0x6A, 0xBD, 0xA1, 0xE6, 0xBF, 0x65, 0x03, 0xCB, 0x30, 0x29,
    0x78, 0x0D, 0xD1, 0x91, 0x58, 0x93, 0xF6, 0x40, 0x36, 0x88, 0x55, 0xF1, 0x64, 0xD5, 0xDE, 0x69,
    0xF1, 0x5B, 0x03, 0xBD, 0xA4, 0xE7, 0x2A, 0x32, 0xB5, 0xE0, 0xD7, 0xC8, 0xAB, 0x67, 0x22, 0x03,
    0x71, 0x3A, 0xE2, 0x66, 0x2C, 0x72, 0x29, 0x1E, 0xA5, 0x03, 0x97, 0xD3, 0x9F, 0x04, 0xD5, 0x91,
    0x0A, 0x2C, 0x4F, 0x45, 0x51, 0x5E, 0x65, 0x7C, 0x7C, 0x88, 0xD9, 0xCB, 0xAD, 0x05, 0xAD, 0x80,
    0xC4, 0xC2, 0x52, 0xD2, 0x06, 0xEF, 0xD4, 0xD3, 0xF7, 0x68, 0xC5, 0x01, 0x73, 0x4B, 0xB0, 0xB8,
    0xB9, 0x60, 0xFE, 0x10, 0x87, 0xA9, 0xD6, 0x06, 0x5C, 0xD5, 0xD3, 0xAA, 0x7A, 0x44, 0xE1, 0x2E,
    0x59, 0xBE, 0x13, 0xB6, 0x06, 0x9D, 0xE2, 0x37, 0x45, 0x4D, 0x00, 0x0C, 0x95, 0x38, 0xE3, 0xEE,
    0x46, 0xB7, 0x55, 0x95, 0x13, 0x38, 0x9B, 0x49, 0x56, 0x92, 0xE5, 0xF8, 0x50, 0xCE, 0x58, 0x61,
    0x33, 0xCA, 0xEA, 0x55, 0x90, 0x72, 0x5E, 0x1E, 0x9C, 0x65, 0xAF, 0x5B, 0x7E, 0x38, 0xA5, 0x9D,
    0xDC, 0x91, 0x5F, 0x88, 0x7E, 0xFF, 0x4B, 0x1D, 0x96, 0x74, 0x46, 0x23, 0xD7, 0xA4, 0xE3, 0xA1,
    0x0D, 0x11, 0x86, 0x7E, 0x43, 0x32, 0xE2, 0xFA, 0x3A, 0x7F, 0xAC, 0x0F, 0xE9, 0x29, 0xA8, 0xEF,
    0x9F, 0x1E, 0xC5, 0x4A, 0xA1, 0x53, 0x0F, 0x33, 0xED, 0x64, 0xD0, 0x69, 0x60, 0xA6, 0xAB, 0xF3,
    0x3F, 0xB1, 0x5A, 0xCD, 0x38, 0x03, 0xA1, 0x17, 0x0D, 0x29, 0x6C, 0xC7, 0x05, 0x64, 0x43, 0x2E,
    0x60, 0xF8, 0xA5, 0x07, 0x6A, 0xCB, 0x01, 0xB8, 0xA9, 0x0B, 0x90, 0xEF, 0xC3, 0x36, 0xD8, 0x4D,
    0x96, 0xED, 0xF6, 0xAF, 0xD4, 0xBF, 0xE4, 0xC9, 0xFD, 0xA5, 0x3A, 0xBB, 0xC9, 0xD9, 0x46, 0x1C,
    0x4A, 0xAD, 0x59, 0x33, 0xEF, 0xC2, 0xF0, 0x8F, 0x9C, 0x91, 0xCD, 0x95, 0x18, 0x2F, 0x3B, 0x79,
    0x43, 0xC7, 0xB7, 0x90, 0xA4, 0x97, 0x2B, 0x34, 0x87, 0xBF, 0xA9, 0xFF, 0x5C, 0x05, 0x62, 0x40,
    0x01, 0x88, 0x5B, 0x46, 0xA8, 0x7E, 0x7B, 0xDA, 0xFB, 0x15, 0x31, 0x27, 0x14, 0xB3, 0x79, 0x29,
    0xA3, 0x93, 0x37, 0xE1, 0xAB, 0xFF, 0xC5, 0xF6, 0xAB, 0xFF, 0xD1, 0xF2, 0xD5, 0xFF, 0xE7, 0x2F,
    0x52, 0xF1, 0x8C, 0x10, 0x94, 0x4E, 0xA8, 0xFC, 0xD0, 0x09, 0xBD, 0x05, 0xA5, 0x37, 0x03, 0x5D,
    0x89, 0x95, 0x0A, 0xF6, 0x3B, 0x1B, 0x5B, 0xF1, 0xCE, 0x4B, 0x16, 0x37, 0x5C, 0xAA, 0x04, 0xEB,
    0x61, 0xFB, 0xA5, 0xEC, 0xA4, 0x2F, 0x05, 0xDB, 0x5C, 0xB0, 0x2B, 0x00, 0xC4, 0xC7, 0xB7, 0x97,
    0x11, 0x52, 0xD9, 0xDF, 0x13, 0xC9, 0x9A, 0xAD, 0xE0, 0x33, 0x8A, 0x24, 0xBF, 0xE3, 0xC3, 0xC2,
    0xF0, 0x28, 0x01, 0x1D, 0xCB, 0x5E, 0x8D, 0x34, 0x8D, 0x4E, 0x97, 0xD5, 0xD3, 0x29, 0x1A, 0x5F,
    0xCA, 0x36, 0xB7, 0x79, 0x03, 0xC0, 0x5F, 0x53, 0x62, 0x97, 0xEA, 0x16, 0xFD, 0x3C, 0x7C, 0x83,
    0x5E, 0xFA, 0xC8, 0xD6, 0x3C, 0x4F, 0x6D, 0xEE, 0xC5, 0x95, 0xBA, 0xDB, 0x59, 0xC2, 0x8B, 0xBD,
    0x52, 0x3A, 0x28, 0xE5, 0x6E, 0x8F, 0x46, 0xA5, 0x94, 0x7A, 0x32, 0x0E, 0x84, 0x57, 0x2B, 0x55,
    0x9E, 0x6C, 0x05, 0x55, 0xF6, 0x75, 0x50, 0xEC, 0xC2, 0x94, 0xFF, 0x52, 0x95, 0xFF, 0xAD, 0x2A,
    0xFF, 0xB6, 0x7A, 0x91, 0xF5, 0xCB, 0x36, 0xA5, 0x49, 0x20, 0xF1, 0x3B, 0x38, 0x0B, 0xC6, 0xA1,
    0xBB, 0xB6, 0x8A, 0x5F, 0xFD, 0x45, 0xF0, 0x36, 0xD0, 0xB2, 0xA1, 0x1F, 0x61, 0x8A, 0x1E, 0x92,
    0xF9, 0xAC, 0x47, 0x48, 0x73, 0x32, 0x6C, 0x5F, 0xFE, 0x4F, 0x9B, 0xA3, 0x23, 0xBC, 0xF6, 0x80,
    0x46, 0x87, 0xD3, 0x17, 0x0B, 0x6D, 0xA4, 0x47, 0x6B, 0x4E, 0x55, 0x3C, 0xE3, 0x92, 0xBD, 0x1B,
    0x16, 0xEF, 0x00, 0xD3, 0xC6, 0x9B, 0xA3, 0xB2, 0x89, 0xE8, 0xB4, 0x03, 0x36, 0x9B, 0xDF, 0x21,
    0x6A, 0x61, 0x34, 0x5C, 0x39, 0x3B, 0x71, 0xAA, 0xF6, 0xDA, 0x4B, 0xDF, 0x0A, 0x5F, 0x5B, 0xA5,
    0x83, 0x07, 0xCC, 0x04, 0x53, 0x0F, 0x72, 0x54, 0xCC, 0xB8, 0x62, 0x46, 0x89, 0x73, 0x4E, 0xDC,
    0x2A, 0x7D, 0x3C, 0xC8, 0x51, 0xE5, 0x8B, 0x49, 0x9F, 0x58, 0x6C, 0x7C, 0x3E, 0xCB, 0x51, 0xC2,
    0x5F, 0x0D, 0x19, 0xD3, 0x5E, 0xF7, 0xAD, 0xB9, 0x94, 0xDF, 0xD1, 0x51, 0xEF, 0xBF, 0xBA, 0x84,
    0x3F, 0xD2, 0xA7, 0xD9, 0xEF, 0xFA, 0x98, 0x9F, 0x8A, 0xEF, 0xFC, 0x73, 0x17, 0xF1, 0x33, 0x15,
    0x4B, 0xE5, 0x56, 0x69, 0x37, 0x53, 0xB6, 0xB0, 0x32, 0x51, 0xAB, 0xA2, 0x25, 0xD5, 0x0C, 0xD5,
    0x6C, 0xFB, 0xB3, 0x62, 0xE1, 0x55, 0x17, 0x04, 0xB7, 0x35, 0x26, 0x61, 0x73, 0xAA, 0x72, 0xA7,
    0x8C, 0xF2, 0x0B, 0xA7, 0x8C, 0xFA, 0xAF, 0xBD, 0x72, 0xE4, 0x61, 0xC3, 0xC1, 0x47, 0x78, 0xBD,
    0xC2, 0x81, 0x54, 0x73, 0xC6, 0x0F, 0x41, 0xB6, 0x72, 0x30, 0xCB, 0x41, 0xC1, 0x01, 0xC4, 0x5A,
    0xB7, 0xC8, 0xC7, 0x94, 0x2A, 0x1E, 0x87, 0x77, 0xF9, 0x0E, 0x51, 0xA8, 0x3C, 0x3D, 0xC0, 0x2E,
    0x63, 0x9B, 0x76, 0x80, 0xED, 0x73, 0x76, 0xFA, 0x8D, 0x1F, 0x97, 0xD3, 0xE5, 0x0D, 0x60, 0x5C,
    0x69, 0x5C, 0x51, 0x01, 0x66, 0xB8, 0x62, 0x86, 0x52, 0x9F, 0xE5, 0x6F, 0x15, 0xE3, 0x15, 0x35,
    0xFE, 0x66, 0xEE, 0xDF, 0xD2, 0x83, 0x31, 0x9F, 0x6E, 0x8A, 0xE9, 0xD3, 0x90, 0xCD, 0xDA, 0x11,
    0xD3, 0x25, 0x1C, 0xD4, 0xAB, 0x5E, 0x62, 0x29, 0x07, 0x5D, 0x2C, 0x07, 0x72, 0x57, 0x04, 0x0F,
    0xD9, 0x80, 0xAD, 0x1E, 0x54, 0xB0, 0xED, 0x52, 0xD5, 0x24, 0x30, 0x42, 0x65, 0x38, 0x5B, 0x6B,
    0x0D, 0x8B, 0xE6, 0x64, 0x04, 0xC4, 0x7E, 0x11, 0xF3, 0x72, 0x83, 0xD7, 0x0E, 0x7F, 0x1D, 0xD6,
    0x6D, 0x48, 0xEA, 0xD2, 0x35, 0x1E, 0xA5, 0x74, 0x88, 0x67, 0xC4, 0x42, 0x7E, 0xB7, 0x91, 0x27,
    0x4E, 0x2B, 0x8A, 0xF8, 0x5A, 0xCE, 0x10, 0x4F, 0x73, 0xA2, 0x0C, 0xCF, 0xF8, 0x2B, 0xC1, 0xDE,
    0x9B, 0x6A, 0xAD, 0xD3, 0xF0, 0xF0, 0x4F, 0x4E, 0xC8, 0x7C, 0xD9, 0x2D, 0x96, 0xA9, 0x9D, 0x4A,
    0x38, 0x37, 0x55, 0x61, 0x52, 0xF7, 0xB9, 0xFE, 0x83, 0x5C, 0x28, 0x54, 0x8D, 0x4D, 0xA5, 0xA1,
    0xAD, 0xA4, 0x5D, 0x16, 0xFA, 0x7B, 0x8F, 0xA9, 0x83, 0x44, 0xFB, 0x63, 0xEC, 0x26, 0x43, 0xA6,
    0x1C, 0x03, 0xBE, 0xC1, 0xE3, 0x48, 0x64, 0xEE, 0x61, 0xAA, 0x48, 0x50, 0xFD, 0xFC, 0x21, 0x60,
    0x1D, 0x64, 0xEE, 0x32, 0x62, 0xD4, 0xE2, 0x07, 0xA0, 0x98, 0x62, 0x07, 0xE4, 0xB3, 0x04, 0x3D,
    0x63, 0xA2, 0x0B, 0xCC, 0xDF, 0xD6, 0xC9, 0xF0, 0xA7, 0x8D, 0x38, 0xFB, 0xA9, 0xDE, 0xFD, 0x8B,
    0xC5, 0x12, 0xE3, 0x17, 0xDB, 0x8A, 0x9D, 0x8D, 0x5C, 0xD9, 0xBD, 0x3F, 0x3A, 0xB3, 0xEC, 0x85,
    0x4E, 0x67, 0xF5, 0xD2, 0xAB, 0x77, 0xBD, 0xE0, 0x31, 0x34, 0x79, 0x78, 0x95, 0x36, 0xE1, 0x3D,
    0x14, 0xCE, 0x69, 0x3A, 0x77, 0x60, 0xA3, 0x10, 0x58, 0x84, 0xC0, 0x46, 0x7B, 0x81, 0x4D, 0x0F,
    0x04, 0xB6, 0x3D, 0x14, 0xD8, 0xFF, 0xB9, 0xE8, 0xC0, 0xE2, 0xC6, 0xD1, 0x76, 0xB5, 0x33, 0xD1,
    0xCF, 0xE5, 0xA1, 0x3F, 0x70, 0x8B, 0x6C, 0xEF, 0x03, 0x67, 0xC3, 0x4B, 0xB6, 0x1B, 0xFC, 0x7C,
    0x75, 0x9D, 0x8D, 0xA9, 0x50, 0x52, 0x42, 0x6B, 0x26, 0x41, 0xEB, 0x71, 0x45, 0x7C, 0x38, 0xC1,
    0x44, 0x25, 0xCE, 0xD4, 0xF2, 0x82, 0x95, 0x5E, 0x0D, 0xC8, 0x47, 0x04, 0x39, 0x02, 0x41, 0x25,
    0xA4, 0x6A, 0x42, 0xCE, 0x46, 0x1D, 0x5D, 0x7E, 0x73, 0x91, 0x7E, 0xF3, 0x91, 0xD8, 0x49, 0x59,
    0xBA, 0x6F, 0x29, 0x6C, 0x62, 0x42, 0xEA, 0xCC, 0x2C, 0x21, 0xB7, 0xD3, 0x6A, 0x65, 0xCF, 0x6C,
    0x8D, 0xCF, 0x58, 0xED, 0xBE, 0x59, 0xB4, 0x8D, 0x4E, 0x99, 0x4F, 0x60, 0x6F, 0x1D, 0xAA, 0x24,
    0xD9, 0x07, 0xF8, 0xFC, 0x5D, 0xB6, 0x46, 0x2E, 0xBB, 0x22, 0xDD, 0xF1, 0x5B, 0xA1, 0x6E, 0x59,
    0xB9, 0x96, 0xDA, 0xDF, 0xB6, 0xA1, 0x4C, 0xD5, 0x34, 0x9C, 0xAC, 0xF5, 0xA4, 0x0B, 0x27, 0x5D,
    0xCA, 0x2A, 0x72, 0x39, 0x11, 0xBB, 0xD2, 0x23, 0x71, 0xF5, 0x7C, 0xE3, 0x97, 0x6A, 0x4C, 0x80,
    0xFB, 0xFF, 0x28, 0x56, 0x31, 0x0A, 0x86, 0xB3, 0x78, 0xB8, 0xD0, 0x0D, 0x0A, 0xC2, 0x54, 0x30,
    0x73, 0x10, 0x5A, 0x90, 0x03, 0xCC, 0x9E, 0xD0, 0x41, 0x45, 0x73, 0x40, 0xC5, 0xED, 0x0E, 0xA5,
    0x5C, 0x3F, 0x58, 0x2E, 0x11, 0x09, 0x1F, 0x89, 0x38, 0xAA, 0xD0, 0x4E, 0x85, 0xEE, 0x54, 0xE8,
    0x56, 0x84, 0xA6, 0x0A, 0xCD, 0xD5, 0xAA, 0x3E, 0x23, 0xF4, 0xED, 0x30, 0x63, 0xDC, 0x5F, 0xBC,
    0x6A, 0x20, 0x27, 0x1E, 0x20, 0x74, 0x95, 0xB1, 0x32, 0xE2, 0xCA, 0x95, 0x8D, 0xD0, 0xA3, 0x56,
    0xFA, 0xAD, 0xD0, 0xCD, 0xA9, 0xD0, 0x62, 0x7D, 0x3D, 0x6E, 0x85, 0xEE, 0x22, 0x97, 0xB2, 0x55,
    0xA1, 0x13, 0x57, 0x4E, 0x48, 0xEF, 0x11, 0xFA, 0x1B, 0xF2, 0xFC, 0x81, 0x69, 0x44, 0xD1, 0xBC,
    0x37, 0x62, 0xD3, 0xC4, 0xE5, 0xDD, 0xA0, 0x46, 0x14, 0xDF, 0x3C, 0x7A, 0xD1, 0x6A, 0x74, 0x3C,
    0xA0, 0xAC, 0x30, 0x63, 0x06, 0xCC, 0x6F, 0xC6, 0xCD, 0x5C, 0x3D, 0xD5, 0x49, 0xEC, 0x8D, 0xEA,
    0x99, 0xD4, 0xE8, 0x88, 0xA3, 0x08, 0xC0, 0x0A, 0xF5, 0xB1, 0x3E, 0x35, 0xEB, 0x36, 0x92, 0xC8,
    0xC6, 0x6C, 0x5F, 0xD1, 0x02, 0x2E, 0x14, 0x3A, 0xDD, 0xE5, 0x7F, 0x15, 0x6A, 0x8A, 0xC2, 0xFF,
    0x01, 0xED, 0x7C, 0x3F, 0xAC, 0xE6, 0x66, 0x95, 0xFE, 0x63, 0xFB, 0x37, 0x63, 0x29, 0x5F, 0x61,
    0x0A, 0x12, 0x04, 0x23, 0xFD, 0x5C, 0x87, 0x2D, 0xDC, 0x6C, 0xB3, 0x52, 0xC8, 0x6B, 0x96, 0x62,
    0x4B, 0x6E, 0x91, 0x8F, 0x48, 0x4C, 0x31, 0x5B, 0x6C, 0x81, 0x68, 0xBE, 0x76, 0x0B, 0x12, 0x9B,
    0x7A, 0x9B, 0xD1, 0x8A, 0x40, 0x41, 0x33, 0x45, 0x56, 0x82, 0x34, 0xE9, 0xA5, 0x64, 0x6C, 0x44,
    0x41, 0x89, 0x59, 0x69, 0x44, 0xB1, 0x05, 0x66, 0x97, 0x68, 0xB5, 0xA2, 0xC0, 0x0B, 0x1E, 0xE1,
    0x0B, 0xAF, 0xFD, 0x6C, 0xCE, 0x79, 0x8F, 0xFD, 0xDD, 0x3F, 0x73, 0x93, 0x09, 0xB9, 0x99, 0x24,
    0x13, 0x8E, 0xC6, 0xE7, 0x79, 0x1C, 0xFB, 0xF3, 0x9F, 0x73, 0xFC, 0xFE, 0x39, 0xE7, 0x3D, 0x37,
    0x50, 0x71, 0x65, 0x40, 0x76, 0xC0, 0x9B, 0xAC, 0xC1, 0x1E, 0x39, 0x39, 0x83, 0x03, 0x9A, 0xD3,
    0xDB, 0xAC, 0x5D, 0x1F, 0xB3, 0x05, 0xFB, 0xAC, 0xDB, 0x11, 0x70, 0x53, 0xD6, 0x66, 0x33, 0x90,
    0xCD, 0xAE, 0x2C, 0x3C, 0x90, 0xD1, 0xC3, 0x4D, 0x40, 0xCA, 0x0E, 0xD5, 0x08, 0x24, 0x2C, 0xD1,
    0x0C, 0x82, 0x35, 0xA8, 0xD8, 0x7E, 0x60, 0xB4, 0xDF, 0xEB, 0xF5, 0x52, 0x96, 0x76, 0x7D, 0x40,
    0xEF, 0xB7, 0xC8, 0xBD, 0x81, 0xDC, 0x03, 0xFA, 0x3C, 0x23, 0x10, 0x9E, 0x0F, 0xD0, 0xE7, 0x2D,
    0x01, 0x79, 0xFE, 0x09, 0x22, 0x6F, 0x2E, 0x25, 0x82, 0x44, 0x4A, 0xF2, 0x41, 0xB4, 0x9B, 0x10,
    0xED, 0xE5, 0x6A, 0x15, 0xC7, 0xCC, 0x27, 0x24, 0x23, 0x9F, 0x31, 0x62, 0x3B, 0x15, 0x1E, 0xEE,
    0xD7, 0x83, 0x9B, 0x50, 0xB0, 0xAB, 0x06, 0xE4, 0x2C, 0x9B, 0x01, 0x99, 0xDA, 0x22, 0x5B, 0xCE,
    0x68, 0x5E, 0xD2, 0x0B, 0x1A, 0xD5, 0xF2, 0xAB, 0x19, 0x6E, 0x94, 0xCB, 0x17, 0x6A, 0x9A, 0x6C,
    0x96, 0x43, 0x09, 0x7F, 0xC0, 0x16, 0x68, 0xB8, 0x40, 0x1E, 0xBC, 0x87, 0xC9, 0xCE, 0x58, 0x31,
    0x92, 0x6C, 0x9D, 0x77, 0x3E, 0x60, 0xE1, 0x6F, 0xF3, 0x61, 0xF9, 0x9C, 0xDF, 0x79, 0xB1, 0x08,
    0x7C, 0x3C, 0x19, 0x8E, 0x01, 0xD3, 0x5E, 0x71, 0xAE, 0x6A, 0x45, 0x4E, 0x08, 0xFB, 0x65, 0x40,
    0x8F, 0x6B, 0xC7, 0xD8, 0x30, 0x62, 0x07, 0x88, 0x79, 0x39, 0x20, 0x1E, 0xC5, 0xEA, 0x13, 0x76,
    0x62, 0xD7, 0x82, 0xAF, 0x35, 0x2D, 0xC4, 0x55, 0x24, 0x44, 0x0E, 0xC7, 0xD7, 0xC4, 0x4B, 0x01,
    0x62, 0x2A, 0xA8, 0x7B, 0x0D, 0x1B, 0xB6, 0xE4, 0x4F, 0xD8, 0x2A, 0xB6, 0x55, 0x5D, 0xB0, 0x3D,
    0xB0, 0x75, 0x65, 0xC2, 0x36, 0x7D, 0x17, 0xE5, 0xFE, 0x09, 0x5B, 0x1F, 0xF0, 0x77, 0x43, 0xC0,
    0xA5, 0x0C, 0xD8, 0xE2, 0xC3, 0xE0, 0x4E, 0x30, 0x66, 0x9F, 0x09, 0x46, 0x3C, 0xAD, 0x04, 0x41,
    0xFE, 0x89, 0xF2, 0x5E, 0x8E, 0xFF, 0x1B, 0xBC, 0xB5, 0x94, 0x8A, 0x26, 0xD1, 0x5D, 0x7C, 0x69,
    0xDB, 0x89, 0x3D, 0x1A, 0x6C, 0xD2, 0xC4, 0x1E, 0x9B, 0xB8, 0x5F, 0x0D, 0xD8, 0x24, 0x63, 0x87,
    0x4D, 0x52, 0xD6, 0xD8, 0x24, 0x7A, 0x03, 0xEF, 0x21, 0x0D, 0xC9, 0xBB, 0xF2, 0xAC, 0x24, 0xBD,
    0xEC, 0x2C, 0xEB, 0x4E, 0xCC, 0x87, 0xB7, 0xD9, 0x23, 0x59, 0xF6, 0x7B, 0x4E, 0xE2, 0x8B, 0x6A,
    0x42, 0x32, 0x22, 0xE6, 0x20, 0x3B, 0xF9, 0x82, 0x44, 0x4C, 0xD5, 0xC9, 0xCE, 0x8E, 0x65, 0x32,
    0x40, 0x5E, 0x92, 0xC1, 0x7C, 0xD2, 0xC2, 0x83, 0xFF, 0x74, 0xC7, 0x2D, 0xBA, 0xA3, 0x8E, 0x45,
    0xE3, 0x75, 0x47, 0x1B, 0x54, 0xC4, 0xD1, 0x76, 0xB4, 0x45, 0xF6, 0xC7, 0x1D, 0xB1, 0xDC, 0xB6,
    0x93, 0xB1, 0x3C, 0xEE, 0x38, 0xE2, 0xB8, 0x53, 0xCD, 0x67, 0x76, 0x38, 0x61, 0xBB, 0x74, 0x2C,
    0x68, 0x37, 0xD5, 0xBE, 0x63, 0x7D, 0x1C, 0xA8, 0x2F, 0xEC, 0x41, 0x51, 0x10, 0x28, 0x64, 0x47,
    0xBB, 0x81, 0x05, 0x70, 0xD6, 0xE4, 0x40, 0x6F, 0x3B, 0x85, 0x0F, 0x8F, 0x59, 0xC9, 0x0E, 0x47,
    0x7B, 0x4C, 0xB5, 0x4E, 0x8B, 0x1D, 0x1F, 0xEC, 0x6F, 0xD3, 0xEC, 0x96, 0x51, 0x24, 0x58, 0xD4,
    0x76, 0x60, 0x32, 0x23, 0xDB, 0xFC, 0xE3, 0x4A, 0x57, 0xDB, 0x49, 0xC8, 0x7F, 0xBD, 0xC0, 0x7E,
    0x8D, 0x94, 0x1E, 0x66, 0x74, 0x7D, 0x7C, 0xB3, 0xB9, 0x76, 0x9C, 0x66, 0x72, 0x15, 0xB3, 0xF8,
    0xC6, 0xF5, 0x3B, 0x63, 0xF0, 0x51, 0x6C, 0xDC, 0xDE, 0x7C, 0x77, 0xBA, 0xE7, 0x60, 0x26, 0xC9,
    0xDA, 0x98, 0x9D, 0xD9, 0x2A, 0xAB, 0x53, 0xB6, 0x2B, 0x2F, 0x33, 0x1E, 0x6D, 0x58, 0xCC, 0x47,
    0xEE, 0xBC, 0xE2, 0xC5, 0x4D, 0x2E, 0x63, 0xD7, 0x94, 0x7B, 0x6F, 0x56, 0xCE, 0x78, 0x34, 0x72,
    0xBE, 0x6C, 0xCF, 0xA6, 0x97, 0x31, 0x13, 0x0B, 0xBC, 0x60, 0x16, 0x8E, 0xD8, 0xE3, 0x3B, 0x66,
    0x60, 0x39, 0xED, 0x2D, 0xB3, 0xAF, 0xBC, 0x9A, 0x37, 0xF3, 0xE6, 0xDC, 0xBF, 0xBC, 0x7E, 0x95,
    0x8E, 0xA4, 0xF2, 0xBB, 0x81, 0xDB, 0xD8, 0x90, 0xB5, 0xF0, 0x08, 0x34, 0x19, 0x53, 0x71, 0xFA,
    0x4D, 0x7A, 0x44, 0x73, 0x21, 0xF6, 0xD6, 0x7B, 0x37, 0x2C, 0x57, 0x5A, 0x2C, 0x58, 0xE9, 0x33,
    0x3F, 0xDA, 0xA8, 0xCA, 0x8D, 0x93, 0x95, 0x46, 0x9C, 0x9D, 0x57, 0xAF, 0xD4, 0x29, 0xD9, 0x18,
    0xCD, 0x97, 0x98, 0x1E, 0x0B, 0x72, 0xCA, 0x6F, 0xE8, 0xE1, 0xE1, 0xB4, 0x1F, 0xAE, 0x3C, 0x26,
    0xE9, 0xA2, 0x9A, 0x41, 0x0E, 0x8C, 0xE0, 0x60, 0xD4, 0x5A, 0x87, 0xD2, 0x94, 0xB5, 0x51, 0x35,
    0x93, 0x51, 0x37, 0x6F, 0xB4, 0x9A, 0x8C, 0x2A, 0x18, 0x55, 0x4B, 0x2B, 0x95, 0x0B, 0x44, 0x65,
    0xA3, 0x34, 0x23, 0xD2, 0xB6, 0x92, 0x1B, 0x8B, 0xB7, 0xD2, 0x56, 0x1F, 0x47, 0x2E, 0x90, 0xB5,
    0xC5, 0x12, 0x87, 0x81, 0x35, 0x6F, 0x33, 0xF2, 0xE7, 0xFC, 0x57, 0x92, 0xD2, 0x1B, 0x31, 0xE3,
    0x1F, 0x94, 0xE2, 0x30, 0xEE, 0x8C, 0xCA, 0xA6, 0x96, 0x1C, 0x8E, 0xEC, 0x0E, 0x4F, 0x4B, 0xE0,
    0x0B, 0x5C, 0x4E, 0xD4, 0xB1, 0x10, 0x7F, 0xAC, 0x6C, 0xF8, 0xA4, 0xB0, 0xCF, 0x6D, 0x6C, 0xBC,
    0xCC, 0xA2, 0x8D, 0xC5, 0x1B, 0x4B, 0x94, 0xA5, 0x7C, 0xB0, 0x3F, 0x28, 0xA3, 0xC8, 0x05, 0x66,
    0xF2, 0x9E, 0x2C, 0x62, 0x6F, 0x4C, 0xEF, 0xA9, 0xB2, 0x63, 0x6D, 0x07, 0x9B, 0x65, 0x3B, 0x38,
    0xAE, 0x6C, 0x29, 0xB1, 0xCA, 0x7D, 0xC3, 0x98, 0x35, 0x69, 0xC3, 0xC3, 0x46, 0x82, 0xDD, 0x63,
    0x96, 0x76, 0xE1, 0xFB, 0xDB, 0x1D, 0x2E, 0x92, 0x86, 0xED, 0x05, 0x72, 0x58, 0x49, 0xBA, 0x92,
    0xE4, 0x7A, 0xC8, 0x3F, 0xAE, 0x64, 0xBC, 0x48, 0xA2, 0x95, 0xC4, 0x2B, 0x49, 0x85, 0xA8, 0x85,
    0x85, 0x50, 0xE4, 0x1C, 0x81, 0xCA, 0xA3, 0x48, 0xAD, 0xA8, 0x9D, 0x83, 0x19, 0x34, 0xE0, 0xD6,
    0xDD, 0x45, 0x8D, 0x5F, 0xCF, 0xED, 0x8D, 0xFC, 0x09, 0xA0, 0x74, 0xDE, 0xB5, 0xE8, 0xA6, 0x3F,
    0x68, 0x5F, 0x96, 0xAA, 0xD6, 0xE9, 0x5D, 0x97, 0xE8, 0x51, 0xD1, 0xC0, 0xA6, 0x0B, 0x0E, 0x9B,
    0xBE, 0xA5, 0x3A, 0x52, 0x8D, 0xEB, 0xD3, 0xA9, 0xEA, 0x03, 0x4F, 0xA1, 0xAD, 0x6A, 0xD3, 0x00,
    0xCE, 0xEB, 0x1E, 0xB0, 0xE1, 0x30, 0x36, 0xDF, 0xD5, 0xEA, 0x4A, 0x3D, 0x38, 0x89, 0x5E, 0x4A,
    0x90, 0x35, 0x32, 0x32, 0x23, 0x3D, 0xD9, 0xAD, 0xF4, 0x0E, 0x07, 0xDC, 0xE0, 0x3B, 0x37, 0xC8,
    0xEF, 0x25, 0x3A, 0x48, 0x95, 0xD2, 0x8F, 0x24, 0x9C, 0x01, 0xA7, 0xFD, 0x59, 0x42, 0x9E, 0xA1,
    0xED, 0x4A, 0xFF, 0xC0, 0x7E, 0xA5, 0xBF, 0xE7, 0xB0, 0xD2, 0x81, 0x7E, 0xA3, 0x6E, 0xD9, 0x68,
    0xCE, 0x72, 0xA5, 0x3B, 0xB6, 0x2B, 0x4D, 0xD8, 0xAF, 0x34, 0xE2, 0xB8, 0x52, 0x34, 0x7E, 0xA3,
    0x6E, 0xD9, 0x68, 0xC6, 0x6A, 0xA5, 0x29, 0xB9, 0xD2, 0xF8, 0x48, 0x71, 0x86, 0x56, 0x47, 0x5A,
    0x1C, 0x69, 0x16, 0xE8, 0x9D, 0xE5, 0x04, 0x49, 0xA0, 0xD4, 0xB1, 0x66, 0xA3, 0x08, 0xD4, 0xE4,
    0xFD, 0x69, 0x35, 0xE1, 0x72, 0xFB, 0x8E, 0xD9, 0x2B, 0xAA, 0x03, 0xEA, 0xED, 0xF8, 0x8C, 0x8D,
    0xDE, 0xC5, 0x26, 0xC5, 0x76, 0x42, 0xD3, 0x9B, 0x7F, 0xD4, 0xCB, 0x9D, 0x31, 0xF3, 0x0E, 0x9A,
    0x6E, 0x75, 0x4E, 0x51, 0xAF, 0xBE, 0x81, 0xB9, 0x46, 0xD9, 0x1F, 0xD5, 0x33, 0xF2, 0x35, 0xFE,
    0x9E, 0xBD, 0xB1, 0x81, 0x23, 0x1C, 0x6E, 0x09, 0xAB, 0xC4, 0x2D, 0x91, 0xB0, 0x42, 0xBD, 0x22,
    0x2C, 0x63, 0x69, 0x2C, 0x65, 0x6B, 0x2C, 0x66, 0x6F, 0x0C, 0x1C, 0x57, 0x56, 0xF9, 0x95, 0x15,
    0x34, 0x26, 0xEE, 0x30, 0x96, 0x90, 0xC6, 0xE2, 0x8D, 0xE1, 0xC8, 0xDC, 0xC6, 0xF2, 0x8D, 0x65,
    0xCA, 0xD4, 0x0F, 0xCA, 0xCC, 0x0D, 0xC6, 0x40, 0xBC, 0x5F, 0x17, 0xDA, 0x2B, 0xD8, 0x37, 0x6F,
    0x56, 0x6F, 0x2F, 0xCD, 0x56, 0x0F, 0x84, 0x09, 0x37, 0x47, 0x2D, 0xE5, 0x25, 0xD3, 0x37, 0xFD,
    0xC5, 0x1B, 0x6C, 0xA4, 0xE9, 0x2E, 0x9E, 0xAC, 0xB2, 0x2F, 0x45, 0x93, 0xFF, 0x20, 0x06, 0xE6,
    0x40, 0xDE, 0xE1, 0x2C, 0xE4, 0xC0, 0xA5, 0xA1, 0x1A, 0x9C, 0x62, 0xDD, 0x48, 0x48, 0x17, 0xC6,
    0x6A, 0xED, 0xD8, 0x36, 0xD2, 0x7E, 0xA4, 0x24, 0x5D, 0xC9, 0x81, 0x53, 0xC2, 0x51, 0xCD, 0xBA,
    0x24, 0x5C, 0xCE, 0x92, 0x2B, 0x5F, 0x99, 0xFD, 0x05, 0xD3, 0x6E, 0x96, 0xDD, 0x0C, 0x7B, 0xE0,
    0x45, 0xB3, 0xAA, 0x55, 0x5F, 0xC7, 0x4D, 0x81, 0x19, 0x4E, 0xC0, 0xD5, 0x8B, 0x76, 0xBB, 0x7F,
    0xF4, 0x02, 0xBB, 0x70, 0xFD, 0xC4, 0x2E, 0xFA, 0x46, 0x89, 0x4B, 0x12, 0xB1, 0x3D, 0xD3, 0x7C,
    0x92, 0xF0, 0x83, 0x34, 0x40, 0x16, 0xEE, 0x94, 0xBF, 0xE9, 0x05, 0x8A, 0x7C, 0x16, 0x70, 0xD9,
    0x22, 0xF0, 0xEA, 0x8E, 0x02, 0x3E, 0x65, 0x29, 0xA0, 0x43, 0x40, 0x3C, 0xE9, 0x53, 0x27, 0x83,
    0xBE, 0x45, 0x3A, 0xE8, 0x5B, 0xED, 0x3A, 0x8D, 0xD4, 0xB3, 0x07, 0xFB, 0x66, 0xD4, 0x98, 0x9B,
    0xD3, 0x36, 0xF5, 0x73, 0x80, 0x5C, 0xF4, 0x7E, 0xF8, 0x36, 0x67, 0x1D, 0x37, 0x22, 0xAF, 0xE3,
    0x48, 0x3C, 0x69, 0x77, 0x9F, 0x2A, 0x74, 0x87, 0xE5, 0x04, 0x77, 0x78, 0x4A, 0x1B, 0xED, 0x03,
    0xEC, 0x06, 0x54, 0x88, 0x67, 0x89, 0xA6, 0x9A, 0xAF, 0xEB, 0x37, 0xDF, 0x5A, 0x94, 0x71, 0xF3,
    0xC7, 0x30, 0xB9, 0xB1, 0x97, 0x77, 0xE3, 0x88, 0x8C, 0x5C, 0x50, 0xF8, 0x1D, 0x4B, 0x37, 0x26,
    0xAC, 0x9D, 0x8E, 0x22, 0xA2, 0x52, 0x51, 0x80, 0xA8, 0x1B, 0x2F, 0xB3, 0x8D, 0x49, 0xB6, 0xB9,
    0x28, 0x37, 0x27, 0x6C, 0x1B, 0x1D, 0x00, 0x87, 0x0B, 0x2A, 0x95, 0x03, 0x39, 0x3B, 0xC7, 0x99,
    0xEF, 0xE2, 0xC0, 0x39, 0x66, 0xC9, 0xF9, 0x79, 0x44, 0xF7, 0x5C, 0x99, 0xF5, 0x59, 0x5F, 0xD5,
    0xE9, 0x9F, 0x88, 0x98, 0x36, 0x11, 0xFC, 0xF2, 0xB1, 0xEF, 0x71, 0xE4, 0x20, 0x9B, 0x4C, 0xCF,
    0xF4, 0xD8, 0x35, 0x6F, 0x72, 0xDD, 0xF5, 0x1E, 0xAF, 0x22, 0x1D, 0x8A, 0xB6, 0x68, 0x77, 0x0F,
    0x09, 0xED, 0xC8, 0x38, 0x02, 0xDF, 0x3E, 0x3E, 0x4B, 0x46, 0xAF, 0xDB, 0x4D, 0x39, 0x56, 0x89,
    0x3F, 0xFE, 0x82, 0xAD, 0x92, 0xDF, 0xF3, 0x6E, 0x46, 0x0E, 0xB2, 0x21, 0x6F, 0xC5, 0x91, 0xD8,
    0x8D, 0xE2, 0x3A, 0xC4, 0x73, 0xAE, 0x1F, 0x16, 0xC5, 0xC6, 0x16, 0xF6, 0xA9, 0xD3, 0xAF, 0x94,
    0x37, 0x97, 0x5A, 0xCE, 0xD0, 0xEF, 0x23, 0xA4, 0x96, 0x2C, 0x73, 0xB3, 0x26, 0x72, 0x32, 0x0F,
    0xD9, 0x2C, 0xCD, 0xE3, 0x34, 0xFB, 0xB3, 0x26, 0x95, 0x2C, 0x27, 0x44, 0x85, 0xF6, 0xF1, 0xC1,
    0x7E, 0x67, 0x57, 0xB1, 0x6B, 0xDA, 0x1D, 0x34, 0x8F, 0xE5, 0xED, 0xEE, 0xF6, 0x2C, 0x5B, 0x12,
    0x49, 0x9E, 0x73, 0x4B, 0x21, 0x25, 0xA3, 0xF4, 0x58, 0x0B, 0x16, 0xC0, 0xFD, 0x4C, 0x83, 0x84,
    0x41, 0x27, 0x74, 0x40, 0xB4, 0x35, 0xBD, 0x48, 0x7A, 0xB1, 0x8A, 0x13, 0x62, 0x92, 0xE5, 0x8E,
    0x11, 0xBB, 0xDC, 0xC3, 0x69, 0x36, 0xC9, 0x4B, 0x5A, 0xC8, 0x37, 0x92, 0x1B, 0xD2, 0x64, 0xD1,
    0xA6, 0x78, 0x5E, 0x2D, 0x8D, 0x28, 0xCD, 0x21, 0x69, 0x0A, 0x49, 0x33, 0x48, 0x9A, 0x40, 0x0A,
    0xF9, 0xA3, 0x86, 0x8B, 0x65, 0x8F, 0xA2, 0x09, 0xB9, 0x98, 0xB3, 0x41, 0xA5, 0xE6, 0xFF, 0xF7,
    0x79, 0x6B, 0xD7, 0x5B, 0x63, 0xD7, 0xC6, 0xFA, 0x48, 0xD1, 0x56, 0x40, 0x6F, 0x20, 0xD3, 0xDB,
    0x2F, 0xF0, 0x7B, 0xDA, 0x99, 0xCC, 0x96, 0xEF, 0x79, 0x72, 0x10, 0x2B, 0xE8, 0xC3, 0x46, 0x21,
    0xCA, 0x4A, 0x46, 0x4B, 0x2A, 0x6D, 0x39, 0xA5, 0x94, 0x5C, 0xB4, 0xA7, 0xD4, 0xB1, 0xBE, 0x42,
    0x2A, 0x87, 0xBA, 0xA2, 0x95, 0xAF, 0x91, 0xDA, 0xC9, 0xA9, 0xAF, 0x38, 0x8A, 0xFE, 0xF2, 0xBD,
    0x8B, 0x39, 0x94, 0x76, 0xFB, 0x57, 0xE8, 0xBF, 0xE4, 0xFA, 0xFE, 0xA5, 0x94, 0xB8, 0x3D, 0x63,
    0x1B, 0x71, 0x2C, 0xD8, 0x82, 0x5C, 0xF8, 0xD0, 0x52, 0x47, 0x96, 0x38, 0x72, 0x24, 0xB0, 0xC1,
    0xB3, 0xFB, 0x3D, 0x8E, 0xF2, 0x0A, 0x5E, 0x11, 0x20, 0x78, 0x11, 0xF4, 0xD8, 0x53, 0xE9, 0xBE,
    0x8C, 0x6C, 0x57, 0x7D, 0x63, 0xBF, 0x2F, 0x61, 0x92, 0x97, 0x59, 0x0B, 0xB8, 0xD6, 0x0D, 0xE7,
    0xB5, 0xFE, 0x77, 0x93, 0xAB, 0xDD, 0x7A, 0x78, 0xC2, 0x6E, 0xDD, 0x9A, 0x57, 0xC2, 0x52, 0x20,
    0x9D, 0x21, 0x92, 0x0D, 0x67, 0xE7, 0x37, 0xCF, 0x9B, 0x93, 0x9D, 0xB9, 0xB5, 0xBD, 0x00, 0x7A,
    0xEC, 0xB1, 0x9D, 0xFC, 0x9C, 0x39, 0xF9, 0x95, 0x60, 0xFB, 0x17, 0x9E, 0x1C, 0xC4, 0x0A, 0xE1,
    0x8D, 0xFF, 0x59, 0x9D, 0x0C, 0x75, 0xB2, 0x45, 0x04, 0xFF, 0x76, 0xD1, 0xC9, 0xDA, 0x0C, 0x5F,
    0x57, 0x2F, 0x0D, 0xDB, 0x54, 0x24, 0xD1, 0xC3, 0xD9, 0x68, 0xF6, 0xF9, 0xD4, 0x39, 0xDC, 0xE3,
    0x45, 0x6D, 0xC7, 0x5F, 0xF5, 0x02, 0xF9, 0x7F, 0x8F, 0x38, 0xA6, 0xF2, 0xD5, 0x4E, 0x3A, 0x1A,
    0x7C, 0x56, 0x5B, 0xF5, 0x17, 0x71, 0xF3, 0x5D, 0xC8, 0xDB, 0x42, 0x8E, 0x3C, 0xBC, 0xDC, 0x29,
    0x6F, 0x93, 0x93, 0xC7, 0x6F, 0xED, 0x1F, 0xB3, 0xC3, 0x63, 0xCB, 0x79, 0x34, 0xAD, 0x42, 0xD1,
    0x2B, 0xA4, 0xA3, 0x02, 0x7C, 0x80, 0x2F, 0x7E, 0x66, 0x5B, 0xF8, 0xB7, 0x6B, 0xE1, 0xAE, 0x57,
    0x67, 0x8E, 0x6A, 0x9A, 0x60, 0x93, 0x05, 0x9F, 0xD2, 0x16, 0xFE, 0xEC, 0x4B, 0x40, 0x6C, 0xB9,
    0x82, 0x09, 0xAE, 0xCE, 0x17, 0x7C, 0x45, 0x22, 0x96, 0xBF, 0x55, 0xEB, 0x58, 0x7F, 0xCF, 0x5E,
    0xD4, 0x70, 0x54, 0x24, 0x57, 0xF5, 0x70, 0xCF, 0x81, 0x03, 0xD8, 0x8B, 0xEA, 0x9A, 0x01, 0x6C,
    0xDD, 0x18, 0xB1, 0x2E, 0x7C, 0x42, 0x64, 0x3C, 0xCC, 0x21, 0x62, 0x41, 0xB1, 0x94, 0xC7, 0x99,
    0x80, 0x23, 0x37, 0xD8, 0xC4, 0x59, 0x0F, 0xD2, 0xF2, 0x32, 0xD8, 0x31, 0x95, 0x2B, 0x83, 0x3E,
    0x1B, 0x9A, 0xFA, 0x73, 0x41, 0xDF, 0xA8, 0xB0, 0x06, 0x7D, 0x0A, 0x16, 0xF4, 0xBD, 0xB2, 0x05,
    0x7D, 0x38, 0x06, 0x7D, 0x63, 0x72, 0x36, 0xE8, 0xEB, 0xD7, 0xA0, 0x8F, 0x21, 0xE8, 0xE3, 0xA5,
    0xA0, 0xEF, 0xC5, 0xB0, 0x3E, 0xF1, 0x76, 0x58, 0xA5, 0x0D, 0xB9, 0xF4, 0x68, 0x0A, 0x41, 0xDF,
    0x18, 0x82, 0xBE, 0xF1, 0xEA, 0xA0, 0x0F, 0x7A, 0x0D, 0x55, 0xFB, 0xFD, 0x4B, 0xDB, 0xFC, 0xC8,
    0x03, 0x4C, 0x78, 0x54, 0xF6, 0xDF, 0x80, 0x4B, 0x81, 0x60, 0x4E, 0x2E, 0x70, 0x5B, 0x20, 0xA8,
    0x31, 0xE0, 0x4E, 0x14, 0x70, 0x4D, 0x81, 0x60, 0x33, 0xBF, 0xA7, 0xD7, 0x36, 0xB9, 0x7F, 0x0C,
    0xF4, 0xED, 0xDE, 0xB6, 0xA7, 0xC7, 0x2E, 0xCB, 0x76, 0x66, 0x17, 0xDC, 0xD5, 0x0B, 0x64, 0xE6,
    0xB5, 0x26, 0x0C, 0x98, 0x55, 0x70, 0x57, 0xA1, 0xF0, 0x6A, 0x36, 0x0B, 0xBC, 0x9D, 0x05, 0x77,
    0xA9, 0xF3, 0xA2, 0x0B, 0x5E, 0x8B, 0x05, 0x2C, 0x54, 0xCF, 0x7A, 0xF0, 0x18, 0xAA, 0x17, 0xE7,
    0xBC, 0x56, 0x05, 0xAF, 0x35, 0xC1, 0x6B, 0x12, 0x12, 0x6D, 0xA1, 0x7A, 0xE2, 0x83, 0xD7, 0xFC,
    0xE6, 0xB5, 0xDB, 0x97, 0xBC, 0xF6, 0xC6, 0x1B, 0x3F, 0xC2, 0xD1, 0x75, 0x97, 0xE4, 0x64, 0x9D,
    0x1A, 0x65, 0x54, 0xA5, 0xBB, 0x7A, 0xE0, 0xC9, 0xBB, 0xEE, 0x38, 0xDD, 0xB4, 0xD9, 0xA7, 0x91,
    0x2B, 0x5A, 0x92, 0xC8, 0x74, 0x86, 0x20, 0xE7, 0xBC, 0xBF, 0x2D, 0xA4, 0x90, 0xC5, 0x1F, 0x21,
    0x2F, 0x3A, 0x8F, 0x48, 0xC8, 0x5B, 0xCE, 0x03, 0x42, 0x26, 0x21, 0x23, 0x10, 0x0F, 0x42, 0xC4,
    0xA9, 0xBD, 0x91, 0x5D, 0x6B, 0x24, 0x2F, 0x8D, 0x38, 0xB8, 0x59, 0xBF, 0xA6, 0x57, 0xD4, 0x17,
    0xE2, 0x49, 0x23, 0xD1, 0x88, 0x70, 0x4E, 0x32, 0x18, 0x49, 0x69, 0xE6, 0xCD, 0x56, 0x52, 0xBC,
    0xB6, 0xB7, 0x6F, 0x02, 0x76, 0xCE, 0xDB, 0x81, 0x14, 0x58, 0x83, 0xF8, 0x78, 0x34, 0x92, 0x1A,
    0x69, 0x0E, 0x73, 0x79, 0x93, 0xF3, 0xFE, 0x1B, 0xAB, 0x1D, 0x79, 0x24, 0x66, 0x1D, 0xB3, 0xC9,
    0x95, 0xB6, 0x51, 0xAF, 0x45, 0x2F, 0xA9, 0x5D, 0xBA, 0x4A, 0x83, 0x77, 0xFE, 0x99, 0xF4, 0xC8,
    0xE7, 0x1D, 0xE5, 0x4B, 0xCC, 0xA7, 0x44, 0x1C, 0x51, 0x67, 0x63, 0xC2, 0x3E, 0x0A, 0x69, 0x98,
    0x0E, 0xEC, 0x82, 0x17, 0xD9, 0xAF, 0x28, 0x0E, 0x7D, 0xB0, 0xE7, 0x10, 0x53, 0x65, 0xC8, 0x0D,
    0xD5, 0xB3, 0x00, 0x9A, 0x31, 0x20, 0x87, 0x23, 0x76, 0x86, 0x3D, 0xA2, 0x52, 0x1C, 0x3D, 0x20,
    0x69, 0x9B, 0x21, 0xAC, 0x33, 0xBA, 0xB9, 0xBA, 0xC3, 0xD7, 0x9A, 0x32, 0xE7, 0x9C, 0x90, 0xD2,
    0xD5, 0xDE, 0x45, 0xA1, 0x23, 0xD5, 0xDF, 0xF0, 0xD4, 0x2C, 0xD8, 0x03, 0x6E, 0xF9, 0x06, 0x27,
    0xED, 0xCB, 0x35, 0x01, 0x5F, 0x22, 0xF3, 0xFA, 0xE1, 0xEF, 0x26, 0xE4, 0x5E, 0xBB, 0x39, 0x37,
    0x41, 0xA4, 0x1A, 0x15, 0x9A, 0x41, 0x81, 0x57, 0x80, 0x23, 0xDB, 0x23, 0x3C, 0x47, 0x96, 0x72,
    0xAC, 0xF2, 0xFA, 0x3B, 0xE7, 0xE5, 0x2A, 0xFB, 0x6A, 0x2E, 0xDD, 0xA4, 0xA3, 0x7D, 0xE1, 0x15,
    0xB2, 0x45, 0x8F, 0xA5, 0x2C, 0x05, 0x22, 0xF6, 0x02, 0xA8, 0x96, 0xD7, 0x1A, 0xAD, 0x6A, 0x21,
    0x7F, 0xA3, 0xA3, 0xEC, 0xFF, 0x00, 0xE6, 0xD6, 0x68, 0x9F, 0x12, 0x70, 0xFC, 0x1D, 0xCB, 0x88,
    0x5C, 0x2A, 0x24, 0x4C, 0x96, 0xFF, 0x8F, 0x74, 0x8E, 0xC2, 0x0B, 0xB0, 0x56, 0xDD, 0x3E, 0x42,
    0xEF, 0xE4, 0x1C, 0x39, 0x9F, 0x58, 0x9B, 0xA8, 0xD3, 0x0E, 0x66, 0x96, 0x3E, 0x36, 0x09, 0x93,
    0xD8, 0xE1, 0x38, 0x33, 0xCF, 0x48, 0xB1, 0x86, 0x1A, 0x2B, 0x21, 0xD5, 0x56, 0xEA, 0x5E, 0xD5,
    0x55, 0x87, 0x9D, 0x07, 0x4B, 0x7D, 0x5F, 0x04, 0xFD, 0xEC, 0x9D, 0xD3, 0xB2, 0xA9, 0xE1, 0x06,
    0xB8, 0x53, 0x5D, 0x15, 0xD6, 0x2B, 0x44, 0x8D, 0xDA, 0x3E, 0x1D, 0x50, 0x94, 0x5A, 0x27, 0xB1,
    0xA8, 0xC5, 0xBE, 0xE6, 0x43, 0x6D, 0xC4, 0x28, 0x90, 0xB3, 0xD7, 0xDB, 0xAF, 0xDD, 0x5F, 0x8D,
    0x8B, 0x72, 0xD9, 0x77, 0x1E, 0x10, 0xDF, 0xCD, 0xC1, 0x77, 0x73, 0xF0, 0x9D, 0x0F, 0xBE, 0xEB,
    0x3E, 0x90, 0xEF, 0xE4, 0x7B, 0x3F, 0xB1, 0xD4, 0xCB, 0x11, 0xD0, 0xF0, 0xE8, 0x3B, 0x05, 0x37,
    0x29, 0x14, 0x5E, 0xE1, 0xF1, 0x7D, 0x97, 0x0E, 0xA8, 0x80, 0x68, 0x96, 0xCE, 0x14, 0xD5, 0xBF,
    0xC8, 0x23, 0x15, 0xEC, 0xB6, 0x45, 0x49, 0x75, 0xC8, 0x96, 0x3B, 0x8A, 0x1A, 0x39, 0xFA, 0x5B,
    0x9D, 0x97, 0xB0, 0x6A, 0xC5, 0x5F, 0x59, 0x2B, 0xFE, 0xFD, 0x3A, 0x76, 0xEF, 0xE3, 0x5F, 0x39,
    0x9A, 0x2E, 0x31, 0x81, 0x98, 0x3F, 0x14, 0x2B, 0x37, 0xDA, 0x5B, 0x55, 0x3A, 0x1A, 0x08, 0x43,
    0x7A, 0xC1, 0xBF, 0xA5, 0x3E, 0xE8, 0xA8, 0xFE, 0xF5, 0xEA, 0xDF, 0x45, 0xFD, 0x4B, 0x38, 0xAD,
    0x13, 0xD0, 0x0F, 0x06, 0x84, 0xE9, 0x74, 0x46, 0x53, 0x8B, 0x85, 0xDD, 0xE9, 0x37, 0x83, 0xA1,
    0x58, 0x8B, 0x7F, 0xE5, 0x4D, 0xE3, 0xBB, 0x3A, 0x05, 0x4E, 0xA6, 0x30, 0xB0, 0x31, 0x99, 0x04,
    0xAA, 0x50, 0xFB, 0x92, 0x07, 0xC7, 0x5A, 0x35, 0x44, 0xFC, 0xE3, 0x47, 0xCD, 0x80, 0x7F, 0x4A,
    0xB6, 0x06, 0xB7, 0xF9, 0xF0, 0xAB, 0xCD, 0xA2, 0x8B, 0xAC, 0x6E, 0x80, 0x42, 0xAD, 0xD0, 0x40,
    0x20, 0xB6, 0xD1, 0x68, 0x50, 0xC8, 0x5B, 0x85, 0x0A, 0x02, 0x3F, 0xF1, 0x0A, 0x3F, 0x0B, 0xF0,
    0x2B, 0x2A, 0x90, 0x75, 0x80, 0x56, 0xE0, 0x3F, 0xD7, 0xBC, 0xE0, 0xA8, 0xD0, 0x78, 0x05, 0xB7,
    0x28, 0xE4, 0x2C, 0x05, 0x32, 0xB6, 0x02, 0x29, 0x7B, 0x81, 0x98, 0xA3, 0x00, 0xE8, 0x21, 0xB5,
    0x58, 0x15, 0xEF, 0x6A, 0x13, 0xE6, 0x20, 0x10, 0x73, 0x90, 0x17, 0xFF, 0x27, 0x09, 0x79, 0xA4,
    0x11, 0xED, 0xC6, 0xBC, 0x07, 0xE2, 0x45, 0x83, 0x05, 0x9B, 0x1B, 0xCC, 0xA2, 0xBF, 0xF4, 0xFA,
    0xF1, 0x65, 0xDB, 0x4D, 0x1F, 0x54, 0xA7, 0xAA, 0x93, 0xAB, 0xB5, 0xE3, 0xB0, 0xE9, 0x9C, 0x77,
    0x65, 0x22, 0xEB, 0xA1, 0x63, 0xA3, 0x99, 0x40, 0x2C, 0xA0, 0x06, 0x98, 0xC3, 0xFB, 0x8B, 0xFE,
    0x39, 0x45, 0x93, 0xA5, 0x6A, 0x39, 0xE7, 0xBF, 0xD8, 0xCB, 0x39, 0x1C, 0xED, 0xCD, 0xF5, 0xC5,
    0x45, 0x17, 0x2C, 0x53, 0x7D, 0xED, 0x03, 0x4F, 0x53, 0x4E, 0x24, 0x23, 0x8D, 0x47, 0x70, 0xCB,
    0x7F, 0x9A, 0xF3, 0xB5, 0xDB, 0x27, 0x8F, 0xA2, 0x55, 0xA8, 0x4A, 0x05, 0xE2, 0x1C, 0xD4, 0x0A,
    0x15, 0xDB, 0x33, 0xDF, 0x2A, 0x5E, 0x7A, 0xF2, 0xB9, 0xDC, 0xD8, 0xAF, 0x7D, 0x70, 0xDE, 0x01,
    0x70, 0xED, 0xA6, 0x7A, 0x7D, 0xB0, 0x61, 0x9D, 0xC2, 0x3F, 0xAB, 0x8F, 0xB6, 0x3F, 0x81, 0x3A,
    0x78, 0xD8, 0xE0, 0x0A, 0xF9, 0x0C, 0x3B, 0x50, 0x23, 0x88, 0x4B, 0xB3, 0xD2, 0x27, 0x9F, 0xA5,
    0xFF, 0x20, 0x9E, 0x95, 0x49, 0x8C, 0xBC, 0x69, 0x55, 0x86, 0xC2, 0x33, 0xB9, 0x46, 0xE8, 0xD0,
    0x86, 0xAB, 0x93, 0xF9, 0x3A, 0x1D, 0xBC, 0xA4, 0x47, 0x64, 0x9D, 0xFE, 0xAB, 0xE1, 0x80, 0xAC,
    0x84, 0x07, 0x6E, 0x68, 0x28, 0x0F, 0xBD, 0x09, 0xE0, 0x8E, 0x49, 0x8C, 0x84, 0xA7, 0xAA, 0xE5,
    0x06, 0xD1, 0x37, 0x39, 0xE9, 0xE1, 0x25, 0x5C, 0x7C, 0x5B, 0xA7, 0x14, 0x9F, 0xDE, 0x2A, 0xB5,
    0xBF, 0x51, 0xCD, 0x5A, 0xBF, 0x8E, 0x56, 0x06, 0x42, 0xEA, 0xA0, 0xD1, 0x88, 0x29, 0xE0, 0xF8,
    0x7D, 0x2D, 0x12, 0xD3, 0xCE, 0xF7, 0xC0, 0xDF, 0xE8, 0x10, 0x54, 0x00, 0x0B, 0x66, 0x59, 0x3B,
    0x99, 0xE4, 0xA2, 0xFD, 0xC5, 0xB5, 0x93, 0xED, 0x4D, 0x86, 0xF3, 0xAA, 0xCB, 0xA4, 0x4E, 0x24,
    0x2B, 0x71, 0x1F, 0x99, 0xD8, 0xF2, 0x19, 0xA4, 0x83, 0xBD, 0x41, 0x58, 0x14, 0x5D, 0x60, 0x43,
    0xDC, 0x6E, 0xD1, 0x9A, 0xBE, 0x19, 0xB8, 0xD1, 0x68, 0xB7, 0x7F, 0x0C, 0xD3, 0x2B, 0x39, 0xEE,
    0xFC, 0x05, 0x15, 0x89, 0x2A, 0xA4, 0xB6, 0xB8, 0x2A, 0x51, 0x8D, 0x95, 0x54, 0x1D, 0x57, 0x5D,
    0xC4, 0xD6, 0x9D, 0xDE, 0x22, 0x76, 0x14, 0x33, 0x34, 0x4B, 0x89, 0x6D, 0xA5, 0x6D, 0x3C, 0xBB,
    0xD2, 0x76, 0xEF, 0xDA, 0x56, 0xDA, 0xAE, 0xDE, 0xA6, 0xB0, 0x55, 0xA3, 0x55, 0xF0, 0xF5, 0xC8,
    0x59, 0xA3, 0x59, 0x80, 0xE6, 0xEE, 0x47, 0x5C, 0x18, 0xFA, 0xD7, 0xC2, 0x50, 0xDB, 0x51, 0xB1,
    0xB3, 0x54, 0xCC, 0xB8, 0x2A, 0x66, 0x5B, 0x95, 0xBF, 0x16, 0x80, 0x5E, 0x55, 0x00, 0xAA, 0x72,
    0x8E, 0xDE, 0xE4, 0xE3, 0x97, 0x04, 0x7D, 0x86, 0x0B, 0x40, 0xED, 0xE5, 0x8F, 0xD1, 0xCC, 0x9A,
    0xD3, 0xD3, 0x9D, 0xDD, 0xA4, 0x90, 0x77, 0x30, 0xF9, 0x90, 0xA1, 0x53, 0xFF, 0x89, 0x0A, 0x9D,
    0xAC, 0xBC, 0xD0, 0x9E, 0xA9, 0xEA, 0x45, 0x6B, 0x8B, 0x4A, 0x66, 0xA1, 0x69, 0xFF, 0x14, 0x84,
    0x4E, 0x5B, 0x91, 0xEF, 0x39, 0x2A, 0x91, 0x86, 0x6C, 0x16, 0x05, 0xC8, 0x76, 0xFD, 0x94, 0xEB,
    0x0D, 0xCF, 0xD1, 0x07, 0xFB, 0x97, 0xD9, 0xBE, 0xCC, 0xD3, 0x72, 0x3D, 0x97, 0x03, 0xAE, 0x85,
    0xDA, 0x4C, 0x4F, 0x69, 0xC4, 0x2E, 0x62, 0xB7, 0xF6, 0x4B, 0x02, 0xFA, 0xB6, 0x6E, 0x39, 0x30,
    0xD8, 0xC1, 0xC6, 0x5E, 0xA5, 0x38, 0x2C, 0xA5, 0x7E, 0x55, 0xD5, 0xA9, 0x40, 0x4A, 0x76, 0xB8,
    0xC3, 0xFC, 0x1D, 0x4E, 0x48, 0x78, 0x1F, 0xB9, 0x7C, 0xC9, 0x13, 0x32, 0xEA, 0x14, 0x29, 0x15,
    0x90, 0x9B, 0x94, 0x89, 0xDE, 0xA0, 0xB6, 0x87, 0x78, 0x14, 0xD4, 0x47, 0xD0, 0x3C, 0xA7, 0xDE,
    0x16, 0x02, 0x99, 0xC1, 0xA2, 0x60, 0x5D, 0x9F, 0x9B, 0x14, 0x9A, 0x41, 0x20, 0x5E, 0x83, 0x44,
    0x08, 0x14, 0x5E, 0xC3, 0x2F, 0xF6, 0x02, 0xBF, 0x23, 0x04, 0xD8, 0x2B, 0x9C, 0x9A, 0xDD, 0xDF,
    0x0F, 0xD2, 0x00, 0x87, 0xF0, 0x03, 0x92, 0x1B, 0xE8, 0x8A, 0xE2, 0xDD, 0xB3, 0x4D, 0xCF, 0x1A,
    0x69, 0xE6, 0x15, 0x62, 0x2A, 0xC0, 0xD5, 0x0A, 0x37, 0x4B, 0x5C, 0x10, 0x2B, 0x81, 0xB4, 0x35,
    0x0D, 0x2B, 0x7E, 0xB4, 0xCA, 0x47, 0x2B, 0x7B, 0x4C, 0x48, 0x83, 0x56, 0x40, 0xCB, 0x50, 0xAD,
    0x04, 0xD5, 0xCA, 0x4F, 0xAD, 0xF4, 0xD4, 0xCA, 0x4E, 0xAD, 0xE4, 0xD4, 0xCA, 0x4D, 0xAD, 0xD4,
    0xD4, 0xCA, 0x4C, 0x05, 0xDC, 0xA2, 0x90, 0xB1, 0x12, 0x48, 0x49, 0x81, 0x38, 0x00, 0x0C, 0xAA,
    0x00, 0x45, 0x80, 0x8C, 0x56, 0x42, 0x6A, 0xE5, 0xA3, 0x0A, 0xA0, 0xF6, 0x01, 0xC7, 0xD2, 0xE3,
    0x60, 0xA4, 0x62, 0x10, 0x9D, 0x06, 0x2B, 0x7C, 0xEB, 0x5C, 0x09, 0xA1, 0xD5, 0x0F, 0x86, 0xE2,
    0xC1, 0x50, 0x39, 0x18, 0xCA, 0x06, 0x43, 0xCD, 0xA0, 0xFA, 0xBE, 0xBE, 0x86, 0x65, 0x24, 0xD5,
    0xA1, 0x12, 0x50, 0xAB, 0xFF, 0xE6, 0xA0, 0x8F, 0xAB, 0xBF, 0x09, 0xCF, 0xFA, 0xC8, 0x75, 0x0A,
    0x0D, 0x54, 0x5E, 0x57, 0x1D, 0x59, 0xC9, 0x00, 0xF5, 0x58, 0xF6, 0xCB, 0x41, 0x01, 0x8F, 0x80,
    0xF4, 0xB7, 0xDD, 0xE5, 0x0F, 0xC6, 0xD6, 0x9C, 0xB3, 0xD0, 0x47, 0xE7, 0x87, 0x51, 0xC0, 0xAD,
    0xEB, 0x39, 0x0A, 0x6F, 0x67, 0xCB, 0x99, 0x95, 0x81, 0x49, 0x6D, 0x98, 0x84, 0x84, 0x6A, 0x3A,
    0xE8, 0xB0, 0xB5, 0xEB, 0x23, 0x5D, 0x19, 0x78, 0x67, 0x4F, 0x75, 0x05, 0x39, 0x1E, 0x97, 0x04,
    0xC2, 0xD0, 0xB7, 0x00, 0xF9, 0xB6, 0x90, 0x13, 0x2B, 0xD4, 0xC9, 0xA4, 0x73, 0x3C, 0x59, 0x0B,
    0x38, 0x5C, 0x5C, 0x0B, 0xB0, 0x80, 0xA1, 0xF0, 0xD6, 0x67, 0x47, 0xDC, 0x32, 0x8C, 0x22, 0xF1,
    0x02, 0x84, 0x59, 0x5C, 0xF1, 0xC3, 0x1E, 0xF8, 0x4A, 0x34, 0xC8, 0x8A, 0xE3, 0x00, 0xBC, 0x18,
    0x0F, 0x76, 0x40, 0x4F, 0xD9, 0x56, 0x75, 0x22, 0x86, 0x50, 0x62, 0xD1, 0xDC, 0x72, 0x99, 0x7B,
    0xC9, 0x2A, 0x4F, 0x09, 0xDB, 0x9B, 0xD3, 0x87, 0x5E, 0x1A, 0xF0, 0x17, 0x97, 0x06, 0x00, 0x6B,
    0x69, 0x50, 0xF3, 0x1C, 0xBF, 0xBC, 0xCD, 0x95, 0xC7, 0x35, 0xE0, 0x2D, 0x1E, 0x95, 0x04, 0x90,
    0xC9, 0x5F, 0x97, 0x0F, 0x80, 0x66, 0x3A, 0xF7, 0x87, 0x18, 0x09, 0xCB, 0x73, 0xE6, 0x2B, 0xCC,
    0xAE, 0xCF, 0x7F, 0xA8, 0xE5, 0x84, 0xF1, 0xE3, 0x5E, 0x4E, 0x40, 0xB1, 0x9C, 0xED, 0x8B, 0xC3,
    0xCB, 0xC6, 0xD6, 0xA4, 0xAD, 0x7F, 0xEE, 0x70, 0x4E, 0x62, 0x33, 0x48, 0xA7, 0xFD, 0xFC, 0x0F,
    0x5A, 0xD8, 0x4C, 0x00, 0xCD, 0xE9, 0x41, 0xB3, 0x32, 0x75, 0x14, 0x46, 0x30, 0x70, 0x12, 0x73,
    0xC5, 0xF4, 0x61, 0xEC, 0xD1, 0xAC, 0xCC, 0xEE, 0x97, 0x84, 0x64, 0x1B, 0x7E, 0x46, 0x9D, 0x61,
    0x7E, 0x4D, 0xB3, 0x32, 0xAF, 0x86, 0x94, 0x8B, 0x57, 0x88, 0x26, 0x85, 0x64, 0x50, 0xD8, 0xF5,
    0x0A, 0x59, 0xAB, 0x50, 0x94, 0x9A, 0x95, 0x71, 0x21, 0x2B, 0xA3, 0x93, 0x3F, 0xF7, 0xD0, 0x6B,
    0x56, 0x86, 0xA3, 0x66, 0x65, 0xD8, 0x87, 0xAC, 0x4C, 0x2B, 0x37, 0x13, 0xAB, 0x34, 0xBD, 0x04,
    0xBF, 0x9A, 0x95, 0x69, 0xC2, 0xB7, 0xFB, 0x50, 0x62, 0x61, 0xC4, 0x03, 0x82, 0xA8, 0x09, 0xB5,
    0x6F, 0xC9, 0xFD, 0x9A, 0xCD, 0xE0, 0xB1, 0x7F, 0xC3, 0x09, 0xA2, 0xFD, 0xDF, 0x0F, 0xA8, 0xF8,
    0xE7, 0x2E, 0x0E, 0x0B, 0x1E, 0x11, 0xFB, 0xDC, 0xA3, 0x91, 0x3C, 0x0B, 0xA7, 0x6A, 0x88, 0xE9,
    0x25, 0x5B, 0x32, 0x73, 0xC8, 0x7E, 0xB5, 0x70, 0xC8, 0xBF, 0xBE, 0x70, 0x70, 0x19, 0x39, 0xBC,
    0x25, 0x6A, 0xCA, 0xC8, 0x3F, 0x0C, 0xD9, 0xD2, 0xFC, 0xB1, 0xCB, 0x96, 0x8A, 0x75, 0x3E, 0x3B,
    0x4A, 0x9E, 0x65, 0x39, 0x97, 0x67, 0x49, 0xC8, 0x05, 0xBB, 0xFF, 0x90, 0xC0, 0x58, 0x6D, 0xDF,
    0xFC, 0x42, 0x2C, 0x0A, 0x37, 0x68, 0x0E, 0x36, 0x9B, 0xB4, 0xB1, 0x26, 0x3E, 0x2C, 0x6E, 0x2C,
    0xB1, 0x17, 0x70, 0xE5, 0xDB, 0x30, 0x79, 0x9A, 0x0A, 0xA6, 0xF9, 0x53, 0x8A, 0x17, 0x64, 0xB4,
    0x1F, 0xAA, 0x16, 0xE9, 0x94, 0x0F, 0x88, 0xBC, 0x34, 0xDB, 0x17, 0x23, 0xFF, 0x71, 0x14, 0x4C,
    0xCB, 0xAD, 0xEA, 0x33, 0xAB, 0xD8, 0x8E, 0x5E, 0xA0, 0x29, 0xEF, 0x0B, 0x78, 0x38, 0x81, 0x1F,
    0xE1, 0x4B, 0x1F, 0xB1, 0x17, 0xC6, 0x73, 0x5E, 0xE8, 0x1F, 0xC3, 0x0B, 0x5B, 0x05, 0x03, 0x6D,
    0xE0, 0xFB, 0x00, 0x5E, 0xC0, 0x4E, 0x9E, 0xA4, 0x92, 0x7B, 0x91, 0x83, 0x14, 0xB0, 0x6B, 0xE6,
    0xE5, 0x2D, 0x44, 0x27, 0xF8, 0xFC, 0x93, 0xAF, 0x56, 0xE0, 0xBC, 0xF3, 0x85, 0xA6, 0x61, 0x33,
    0xAF, 0x4B, 0x6F, 0x8B, 0x66, 0x1F, 0xA9, 0xFD, 0x93, 0x53, 0xBB, 0xEC, 0xBA, 0x2B, 0xFE, 0xE6,
    0x98, 0x7D, 0xD0, 0x31, 0x1F, 0xEE, 0x0F, 0xBD, 0x66, 0x34, 0x54, 0xA7, 0xAA, 0x93, 0xA0, 0x3B,
    0xD1, 0xC0, 0xA3, 0xF4, 0xC3, 0x90, 0x7F, 0xA5, 0xDF, 0xF4, 0x00, 0x3C, 0x8E, 0x1E, 0x55, 0x4F,
    0x47, 0x1D, 0x4F, 0xF2, 0x0C, 0xB7, 0x27, 0x7D, 0x1E, 0xD3, 0x6E, 0x60, 0x8B, 0x7C, 0x74, 0x1D,
    0x52, 0x2F, 0x5F, 0xFA, 0x22, 0x5E, 0xA9, 0xC4, 0x51, 0x79, 0x5D, 0x1D, 0x67, 0x84, 0xE2, 0xDD,
    0x49, 0xDF, 0xA7, 0x8C, 0xF9, 0x5D, 0x9D, 0xB2, 0x37, 0x43, 0x26, 0x49, 0x01, 0x09, 0xC8, 0xF4,
    0x8F, 0xFD, 0xBD, 0x53, 0x35, 0xEF, 0x2B, 0xEF, 0x48, 0x9A, 0xDA, 0xF2, 0x84, 0x85, 0xA8, 0x5C,
    0x54, 0x36, 0x03, 0x9F, 0xDB, 0x11, 0x10, 0x83, 0xC7, 0x43, 0xC4, 0xD3, 0x43, 0x0F, 0x47, 0xD6,
    0xB8, 0x49, 0x1D, 0xD3, 0x45, 0x81, 0x16, 0x00, 0x48, 0xEF, 0xD8, 0xE7, 0x3D, 0x90, 0xD5, 0xC9,
    0x00, 0x3C, 0x83, 0xF8, 0xDE, 0xA7, 0xCC, 0xC4, 0x8F, 0xFC, 0x96, 0x87, 0xF3, 0xDF, 0x72, 0xB4,
    0xD7, 0x53, 0x7A, 0xC4, 0xE4, 0x8C, 0xDD, 0x92, 0x12, 0xB9, 0x8F, 0xD9, 0xBA, 0x11, 0xEC, 0x2A,
    0xE9, 0xF3, 0x9A, 0x01, 0x1C, 0xA8, 0x4A, 0x6B, 0xA3, 0x48, 0x53, 0xC7, 0x02, 0xAA, 0x46, 0x54,
    0x25, 0xCA, 0x8D, 0x40, 0x29, 0xA3, 0x5E, 0x2B, 0x83, 0x52, 0x9B, 0xF2, 0x9D, 0xA6, 0x86, 0xA6,
    0x96, 0x6E, 0xB1, 0x47, 0xF5, 0x0B, 0x96, 0x28, 0xC4, 0xF1, 0xD9, 0xE8, 0x7A, 0x24, 0x3E, 0x1B,
    0x80, 0x25, 0xD1, 0x46, 0x3B, 0x3F, 0xB2, 0xB4, 0x2E, 0x28, 0x29, 0xAB, 0xD3, 0xC6, 0xF4, 0x44,
    0x94, 0xDE, 0x6D, 0xBB, 0xB9, 0x7D, 0xA7, 0xBA, 0x68, 0x9E, 0x8B, 0x11, 0xE5, 0x3B, 0x6D, 0xA2,
    0xF9, 0xF8, 0x9D, 0x9A, 0x38, 0x0E, 0xA6, 0x6E, 0x89, 0x8A, 0x44, 0xE1, 0xC3, 0xAA, 0x28, 0x5C,
    0x6F, 0x29, 0x75, 0x9D, 0x5E, 0x55, 0xAC, 0xF1, 0xE0, 0xA0, 0xDD, 0x71, 0x53, 0x2E, 0xDA, 0x11,
    0x1F, 0x7B, 0xE1, 0x63, 0x22, 0xE2, 0x8E, 0x65, 0x01, 0xAE, 0x79, 0x53, 0xF3, 0xD8, 0x3D, 0xE4,
    0x59, 0x32, 0x8E, 0x8E, 0xFE, 0x7E, 0xB4, 0x4C, 0x70, 0x27, 0x78, 0x16, 0x2A, 0x7A, 0xF8, 0x83,
    0xD6, 0xFE, 0x75, 0x1A, 0x8C, 0x88, 0x24, 0xCC, 0x66, 0x68, 0x77, 0x47, 0x81, 0xAA, 0xD5, 0xF1,
    0x20, 0xEF, 0x9D, 0x2E, 0xB8, 0x8E, 0x59, 0x1F, 0x4A, 0xA5, 0xC6, 0xA7, 0x71, 0xD5, 0x4C, 0x67,
    0x40, 0x6E, 0x68, 0x3A, 0x64, 0x63, 0x31, 0xC8, 0xDC, 0x67, 0xB4, 0x99, 0x8F, 0x2B, 0xEF, 0x7F,
    0x1C, 0x0B, 0x60, 0x5B, 0x59, 0xBC, 0x63, 0x2B, 0xD0, 0x84, 0xA5, 0xAC, 0x39, 0x1D, 0xA1, 0xB3,
    0xC9, 0x49, 0x23, 0x1C, 0xBC, 0x15, 0x0A, 0x09, 0xBE, 0xF5, 0x34, 0x39, 0xC3, 0x66, 0x40, 0x39,
    0x47, 0x9B, 0xFD, 0xDC, 0x97, 0xC9, 0xDD, 0x04, 0x07, 0x9C, 0xE0, 0xC6, 0xC7, 0xE1, 0x8C, 0x4C,
    0x83, 0x4B, 0x19, 0x32, 0x67, 0x7D, 0xBA, 0x94, 0xEA, 0x92, 0x92, 0xB5, 0xAE, 0xB3, 0x6A, 0x03,
    0xD9, 0xF5, 0xBB, 0xE1, 0xEA, 0x6A, 0x65, 0xDE, 0x0D, 0xB0, 0x48, 0x47, 0xF7, 0xE0, 0x10, 0xF2,
    0x78, 0x91, 0x25, 0xF9, 0x9A, 0x49, 0xC1, 0xF9, 0xF7, 0x80, 0x49, 0xA1, 0x1A, 0x15, 0xC2, 0xEF,
    0x52, 0xED, 0x1A, 0xC8, 0x19, 0x0A, 0xA3, 0xC0, 0x03, 0x5A, 0x75, 0xC6, 0xAC, 0x50, 0x50, 0x21,
    0x63, 0x2D, 0xB0, 0x5B, 0x13, 0x79, 0xC3, 0xF9, 0x22, 0x0D, 0x85, 0x8A, 0xDA, 0xC7, 0x38, 0x76,
    0x1A, 0x76, 0x70, 0x10, 0x88, 0x9A, 0xA1, 0xF9, 0x05, 0x5B, 0x6B, 0x19, 0xD3, 0xD6, 0x32, 0x28,
    0x2D, 0xA3, 0x28, 0x8F, 0xD5, 0xB4, 0x7B, 0x90, 0x09, 0x7B, 0x32, 0xE3, 0x70, 0xE0, 0x81, 0x63,
    0xCA, 0xFB, 0x32, 0xE1, 0x1A, 0x9C, 0x04, 0x89, 0x45, 0x97, 0xB0, 0x7B, 0xF6, 0x2F, 0x18, 0x14,
    0x52, 0x51, 0x87, 0x73, 0x23, 0xC3, 0x36, 0x63, 0x00, 0x69, 0x39, 0x59, 0x33, 0x7F, 0x0F, 0x20,
    0xAB, 0xA3, 0x01, 0x32, 0x6D, 0xC0, 0xBD, 0x8F, 0xDE, 0x0B, 0x7D, 0xF0, 0x42, 0x7D, 0xD6, 0x0B,
    0x43, 0xF0, 0xC2, 0x14, 0xBC, 0xE0, 0x15, 0x8A, 0xC5, 0xBC, 0x50, 0x9E, 0xF3, 0x42, 0xFF, 0x28,
    0x2F, 0x2C, 0x8F, 0xF6, 0xC2, 0xA5, 0x49, 0x45, 0xA4, 0x93, 0x8A, 0x17, 0x74, 0x52, 0x71, 0x85,
    0x17, 0x8A, 0xCD, 0x0B, 0x63, 0x2E, 0x5E, 0xC8, 0xC4, 0x0B, 0x37, 0xAE, 0xCB, 0x0B, 0x4D, 0x27,
    0x1A, 0x6E, 0xA8, 0x3A, 0x40, 0xBF, 0x0D, 0x5D, 0x64, 0xD8, 0x8D, 0x6A, 0x6B, 0x8B, 0x19, 0xEB,
    0xA7, 0xF2, 0x2F, 0x36, 0x32, 0xEF, 0x06, 0xE9, 0x9F, 0xB3, 0x51, 0x3B, 0x03, 0xED, 0x60, 0xBF,
    0xBB, 0x68, 0x57, 0x50, 0xE9, 0x1A, 0x4B, 0xDE, 0x7E, 0xA2, 0xFE, 0x8C, 0x2E, 0x7A, 0x54, 0x40,
    0x59, 0x85, 0x78, 0x7E, 0x86, 0x13, 0xF0, 0xC8, 0x01, 0xED, 0x5F, 0x9F, 0x2A, 0x4F, 0x1D, 0xA3,
    0x8B, 0x72, 0x8B, 0x2E, 0x86, 0x4C, 0xA2, 0x8B, 0x56, 0xA2, 0x8B, 0x1B, 0x65, 0x74, 0xF2, 0x49,
    0xF2, 0xD4, 0x4D, 0x59, 0xDD, 0x6A, 0x48, 0x24, 0xFC, 0x21, 0xDB, 0xCC, 0x83, 0x43, 0x3E, 0xC8,
    0xA0, 0x36, 0xA0, 0xE8, 0x45, 0x49, 0x80, 0xF0, 0xFF, 0x2C, 0xC0, 0x62, 0x69, 0x63, 0xE4, 0x8E,
    0x3A, 0xB6, 0x5B, 0xC0, 0xA6, 0xFB, 0x9D, 0x4D, 0x18, 0x52, 0x8D, 0xB0, 0x1A, 0x7F, 0xB3, 0x94,
    0xE1, 0xAD, 0x44, 0xE6, 0xAB, 0x5A, 0x54, 0x8B, 0x6C, 0xAA, 0x7A, 0x09, 0x04, 0x47, 0x54, 0x7D,
    0xCE, 0xEF, 0xEB, 0x82, 0xF0, 0x6C, 0x56, 0xBB, 0x20, 0x89, 0x17, 0x35, 0xAD, 0x4B, 0x7A, 0xA1,
    0x9F, 0x6D, 0x45, 0x95, 0x12, 0x96, 0xBF, 0x24, 0xF7, 0xEA, 0x52, 0x72, 0xCC, 0x86, 0xDC, 0x17,
    0xED, 0xCE, 0xBB, 0x36, 0x99, 0x5C, 0x97, 0xDC, 0x75, 0x3A, 0x80, 0x97, 0x1A, 0x4B, 0x66, 0x64,
    0x1D, 0x53, 0xA2, 0x11, 0x8E, 0x9A, 0xA4, 0x43, 0xE1, 0x5F, 0x40, 0xEA, 0x3D, 0x12, 0xBF, 0x20,
    0x99, 0x58, 0xEE, 0xC6, 0xE6, 0x9D, 0xA6, 0x2F, 0xF4, 0xBC, 0x09, 0xE7, 0x24, 0x17, 0xF7, 0x76,
    0xA1, 0x00, 0xC8, 0x49, 0xC6, 0x42, 0xBF, 0x58, 0x50, 0x64, 0x31, 0xFD, 0x5A, 0x35, 0xBF, 0xBC,
    0xCC, 0x62, 0x9B, 0xC5, 0x8B, 0x7E, 0x75, 0x3A, 0xEA, 0x17, 0x4F, 0x44, 0x7F, 0x1E, 0xA2, 0xF1,
    0xD1, 0xE8, 0x4A, 0xF4, 0x73, 0xE4, 0x09, 0xE0, 0xC8, 0xC1, 0xF4, 0xA3, 0x24, 0x1B, 0x44, 0xE7,
    0xFD, 0xB1, 0x46, 0xCB, 0xD5, 0xAA, 0x21, 0xF2, 0x1D, 0x51, 0xCF, 0x94, 0xE1, 0x5D, 0x9B, 0x56,
    0xFA, 0xDE, 0x2D, 0xB6, 0x78, 0x99, 0x0F, 0xFE, 0xE2, 0xD8, 0x22, 0x66, 0x8F, 0x48, 0xEC, 0xDF,
    0xB0, 0xC7, 0xAD, 0xA5, 0xBC, 0xDA, 0xBE, 0x65, 0xB0, 0xEF, 0x5B, 0xBA, 0x0E, 0x7E, 0x4F, 0x07,
    0x35, 0xE4, 0xBC, 0xCD, 0xCE, 0x49, 0xC8, 0x5B, 0x0D, 0xA8, 0xE4, 0xD3, 0x71, 0x93, 0x93, 0x45,
    0xE8, 0x5C, 0x0A, 0x87, 0xA3, 0xF2, 0x5D, 0xB5, 0xC6, 0xA2, 0xEC, 0xAD, 0xEE, 0xA9, 0x9A, 0x81,
    0x22, 0x58, 0x62, 0x01, 0x9E, 0x0F, 0x69, 0xA9, 0x6A, 0x5C, 0x2D, 0xA6, 0x53, 0xA9, 0x6C, 0x11,
    0xC5, 0x4D, 0xC9, 0x6E, 0xBE, 0x6C, 0x2B, 0x21, 0x56, 0xDD, 0xA2, 0x46, 0x40, 0x41, 0x20, 0xA6,
    0xB4, 0x77, 0xD6, 0x70, 0x42, 0xDC, 0x29, 0x80, 0xBF, 0x83, 0xC8, 0xB3, 0x27, 0xDA, 0xF2, 0x6B,
    0x14, 0x62, 0xF6, 0xAA, 0x73, 0x1E, 0x92, 0xFC, 0x04, 0xCB, 0x8C, 0xA0, 0x5C, 0xBD, 0x12, 0x75,
    0xC3, 0xEE, 0xB3, 0xDD, 0xA2, 0x19, 0xEC, 0x69, 0x9B, 0x05, 0x80, 0xD8, 0x07, 0xBD, 0x1E, 0xD0,
    0xF3, 0xC2, 0xE2, 0x0F, 0xEB, 0xF3, 0x23, 0x62, 0xAD, 0x07, 0xEC, 0x94, 0x62, 0xB6, 0xEC, 0x7D,
    0x1A, 0x1A, 0x9D, 0x95, 0x6E, 0x51, 0x1E, 0x4D, 0x36, 0x93, 0xE8, 0x1E, 0x6E, 0x96, 0x82, 0xB3,
    0x79, 0xBB, 0xAA, 0x17, 0x6C, 0xFF, 0x57, 0x0A, 0xBD, 0xD5, 0x70, 0x7E, 0x09, 0xE5, 0x8D, 0xF2,
    0x8A, 0x61, 0x73, 0xDB, 0x2C, 0xDA, 0xBC, 0x8E, 0x88, 0x53, 0x97, 0xB0, 0x15, 0x45, 0xCE, 0xE0,
    0xB5, 0x6D, 0x9D, 0x6E, 0xEB, 0xF3, 0x5E, 0x7C, 0x0F, 0x7C, 0x51, 0x13, 0xE0, 0xB9, 0x96, 0x28,
    0xEF, 0x46, 0xF9, 0x16, 0xE3, 0xB9, 0x11, 0x0B, 0x70, 0x09, 0x6D, 0xEC, 0x43, 0x14, 0x04, 0xEF,
    0x4B, 0x29, 0xF0, 0xE5, 0xA8, 0xF5, 0xCD, 0x33, 0x92, 0x8F, 0x7C, 0x81, 0xF3, 0x74, 0x5D, 0xE0,
    0xF4, 0x41, 0xFF, 0x1F, 0x9D, 0x96, 0x01, 0x84, 0x25, 0xC9, 0x19, 0xC7, 0x7F, 0xFD, 0xFA, 0x36,
    0x9D, 0xBD, 0x46, 0x2F, 0xF6, 0x22, 0x71, 0x13, 0x15, 0x1C, 0x82, 0x3B, 0x0D, 0x87, 0xC5, 0x9B,
    0xAD, 0x0E, 0x00, 0x30, 0xD8, 0x67, 0x71, 0xB8, 0xE0, 0x10, 0x12, 0x16, 0x60, 0xB1, 0x6F, 0xBA,
    0xE2, 0x00, 0x60, 0x91, 0x0B, 0x80, 0xE0, 0x80, 0x20, 0x00, 0x87, 0x37, 0xD3, 0x95, 0x5D, 0x00,
    0xA4, 0xD9, 0x65, 0x11, 0x5C, 0x23, 0x27, 0x58, 0xA4, 0xCE, 0xD5, 0x50, 0xBB, 0xEA, 0xBD, 0x2F,
    0x55, 0x79, 0x6F, 0xDF, 0xCC, 0x66, 0x67, 0x06, 0xF7, 0xFF, 0xBE, 0xAF, 0xBE, 0xAF, 0xBE, 0xFA,
    0xBF, 0xAA, 0x32, 0x55, 0x5F, 0xF5, 0xE8, 0x88, 0xDA, 0x50, 0x0A, 0x88, 0xA5, 0x9D, 0x28, 0x1D,
    0xE2, 0x0A, 0x19, 0x4B, 0xE9, 0xEA, 0x88, 0x9A, 0xD0, 0x1D, 0x0C, 0x8E, 0x42, 0x42, 0x62, 0xAD,
    0x69, 0x9C, 0xD0, 0xDA, 0xD6, 0x1E, 0x53, 0x4D, 0xD5, 0x2B, 0x7E, 0xA7, 0x64, 0x8C, 0x5A, 0x24,
    0x0C, 0x22, 0x2E, 0xA6, 0xCE, 0xD7, 0xC5, 0xD0, 0x2D, 0x16, 0xF7, 0x44, 0x62, 0xD2, 0x45, 0xC2,
    0x91, 0x24, 0x38, 0xC9, 0x4D, 0xA0, 0x8D, 0xE8, 0xFE, 0x37, 0x6B, 0x2D, 0xB1, 0x11, 0x37, 0x13,
    0xD3, 0x9A, 0x61, 0x12, 0x27, 0x6E, 0x18, 0x5B, 0xA3, 0xD1, 0x88, 0x3D, 0x97, 0xDC, 0x2F, 0x8E,
    0x68, 0x37, 0xF4, 0x62, 0x1E, 0x2A, 0x7B, 0xAB, 0xB1, 0x28, 0x4B, 0xCF, 0x2C, 0x30, 0x73, 0x59,
    0xD3, 0xA8, 0x5A, 0xD3, 0x4B, 0x17, 0x6A, 0xEB, 0x4A, 0xEB, 0x2B, 0x7B, 0xFA, 0xC0, 0x68, 0xA1,
    0x0E, 0x94, 0x9B, 0x26, 0xD6, 0xB1, 0x75, 0x8D, 0xD3, 0xA3, 0xB6, 0x43, 0x97, 0x16, 0x25, 0x96,
    0x1E, 0x4D, 0xE5, 0x94, 0x6D, 0x6D, 0xED, 0x87, 0xAE, 0x94, 0x0D, 0x48, 0x84, 0xDE, 0x11, 0x77,
    0x68, 0xEC, 0xBB, 0x3A, 0x3C, 0x91, 0x4E, 0x4F, 0x62, 0x1B, 0xAF, 0xC7, 0x32, 0x36, 0x8E, 0x4D,
    0x19, 0xD0, 0x44, 0x4E, 0x99, 0x89, 0x2D, 0xC5, 0xA6, 0x36, 0xC5, 0x01, 0x75, 0xC2, 0x5D, 0xFD,
    0xE7, 0xA8, 0xC4, 0xCF, 0xC4, 0x24, 0x4D, 0x81, 0x96, 0x38, 0x70, 0x1A, 0xD1, 0x5F, 0xF0, 0x0B,
    0x6E, 0x17, 0xA1, 0x9E, 0x5A, 0x0E, 0x39, 0x41, 0x3A, 0x19, 0x65, 0x12, 0xD7, 0x4F, 0xCA, 0x34,
    0xA3, 0x76, 0x3A, 0xE8, 0xA8, 0x62, 0x15, 0x0A, 0x3F, 0x73, 0xD5, 0xD8, 0x9A, 0x13, 0x8E, 0x50,
    0xA6, 0x4F, 0x0C, 0x99, 0x12, 0xB3, 0x3B, 0xE1, 0x90, 0x96, 0x7A, 0x2A, 0x02, 0xB7, 0xAF, 0xE2,
    0x0F, 0x9E, 0x36, 0x52, 0x6F, 0x28, 0xA4, 0x43, 0xDB, 0xCC, 0x96, 0xA9, 0x14, 0x93, 0x32, 0xCA,
    0xE7, 0xC4, 0x29, 0xE0, 0x70, 0x1F, 0xB8, 0x21, 0x49, 0x8E, 0x92, 0x72, 0xD6, 0xC9, 0x24, 0x53,
    0x8E, 0xF2, 0x59, 0x89, 0x4B, 0x4A, 0x79, 0x89, 0xA6, 0x55, 0xBD, 0x0E, 0x6D, 0x2C, 0xC3, 0xCC,
    0x57, 0xAE, 0x37, 0x0F, 0x29, 0xF2, 0x0E, 0x4D, 0xC0, 0xE1, 0x39, 0x45, 0x9B, 0xBA, 0x2B, 0x6D,
    0x96, 0xFB, 0xCF, 0x25, 0x4A, 0x5C, 0xDC, 0xCB, 0x6D, 0xEA, 0xEF, 0x25, 0xF7, 0xEF, 0x3F, 0xCF,
    0xD1, 0x62, 0x21, 0x09, 0xE8, 0x37, 0xD2, 0x6D, 0x64, 0x2D, 0xA1, 0x9D, 0x1C, 0x5B, 0xF1, 0xC4,
    0xF7, 0xFA, 0xB5, 0x5E, 0xD7, 0x61, 0x7F, 0x41, 0xA6, 0x4B, 0x2F, 0xC8, 0x75, 0x57, 0xA0, 0x75,
    0xF9, 0xE8, 0x7B, 0x4E, 0x08, 0x94, 0x96, 0xFA, 0x39, 0x8D, 0xC0, 0x60, 0xD0, 0x36, 0xE9, 0x57,
    0x62, 0x44, 0x18, 0x3C, 0x33, 0x8F, 0x1A, 0xD1, 0x1D, 0x03, 0x08, 0x48, 0x0A, 0xBE, 0x33, 0x5A,
    0x6C, 0x2D, 0x26, 0x6E, 0xB1, 0xBB, 0xC4, 0x2E, 0x5B, 0xA4, 0x72, 0x8E, 0x22, 0x19, 0xEE, 0x31,
    0x3C, 0x7E, 0xFC, 0xD1, 0x0D, 0x37, 0x6F, 0x5E, 0x6D, 0x1E, 0x0C, 0xFF, 0x59, 0xB7, 0x5F, 0x86,
    0x53, 0xEA, 0x49, 0x9B, 0xD6, 0xE6, 0x2A, 0x29, 0x25, 0x52, 0x88, 0x07, 0x71, 0x64, 0xCB, 0x71,
    0xCE, 0xE5, 0xB1, 0xCC, 0xC9, 0xDC, 0x77, 0x2B, 0x22, 0xA9, 0x12, 0x77, 0xF1, 0xDA, 0x5C, 0x55,
    0x65, 0x22, 0x71, 0xA7, 0x97, 0x60, 0x91, 0x00, 0x90, 0xBD, 0xEC, 0x70, 0x75, 0xB9, 0xE6, 0x7A,
    0x95, 0x98, 0x2D, 0xC5, 0x09, 0x72, 0x01, 0xC0, 0xAF, 0x60, 0xE6, 0x41, 0x05, 0x90, 0x91, 0x7A,
    0x03, 0xFD, 0x44, 0x25, 0x1D, 0x6D, 0x00, 0x65, 0xE0, 0x26, 0x7B, 0x7C, 0x03, 0x04, 0x28, 0x1C,
    0x94, 0x0E, 0xAA, 0x11, 0x6A, 0x0B, 0x8D, 0x01, 0xD5, 0x81, 0x06, 0x96, 0xC0, 0x6A, 0x47, 0xF3,
    0x5B, 0x5A, 0x39, 0xED, 0x68, 0xF6, 0x9C, 0x76, 0x77, 0x47, 0x8B, 0x57, 0xD3, 0xDA, 0x1D, 0xED,
    0x04, 0xF8, 0x03, 0x5B, 0x74, 0x04, 0x36, 0xB4, 0x34, 0x49, 0x7A, 0xD6, 0x78, 0x1C, 0xB8, 0x6C,
    0x9E, 0x99, 0xDB, 0x2C, 0x3E, 0x73, 0x22, 0xF2, 0x96, 0xBD, 0x19, 0x3F, 0x5B, 0x2C, 0xF6, 0xB9,
    0x1B, 0x1C, 0xE9, 0x17, 0xB1, 0x97, 0x8D, 0x3F, 0x56, 0xE9, 0x80, 0x8F, 0x7E, 0x7E, 0x03, 0xEE,
    0x1C, 0x2C, 0x97, 0xCA, 0xD7, 0x93, 0xF2, 0xCB, 0xE5, 0x9D, 0x03, 0x28, 0xBA, 0xD6, 0x9C, 0x12,
    0x93, 0x1C, 0xD3, 0x76, 0x8D, 0x2D, 0x6D, 0x65, 0xFB, 0xEE, 0x1B, 0xAE, 0x3B, 0x83, 0xC1, 0xA3,
    0x73, 0x8D, 0x32, 0x13, 0xE8, 0xF7, 0x35, 0x6A, 0xAB, 0x0D, 0x4D, 0x40, 0x8F, 0x9C, 0xC2, 0x55,
    0xE7, 0xA4, 0x8C, 0x9E, 0xB4, 0x53, 0xAE, 0x98, 0xCA, 0x51, 0x77, 0xB7, 0xA1, 0xFE, 0x17, 0x34,
    0x91, 0xA5, 0x3A, 0xF3, 0xA2, 0x7E, 0x88, 0xA2, 0x9E, 0x46, 0x69, 0xBF, 0x8C, 0xCB, 0xB6, 0xF0,
    0x7C, 0xC2, 0x79, 0xAD, 0xF8, 0x21, 0xB4, 0xD3, 0x75, 0xB7, 0xF8, 0xBA, 0x1D, 0x5F, 0xFA, 0x24,
    0x6E, 0x8B, 0x9B, 0xAD, 0x7C, 0x0D, 0x1D, 0xE0, 0xA9, 0x5F, 0xBB, 0x79, 0x2B, 0x6E, 0xD5, 0x8B,
    0xF8, 0x90, 0x02, 0xA7, 0xC5, 0x70, 0x08, 0xFC, 0x14, 0xA8, 0x27, 0xD0, 0x21, 0x59, 0xCC, 0x7E,
    0xDB, 0x87, 0xF9, 0x4C, 0x1E, 0xAF, 0x54, 0xE2, 0x6B, 0x11, 0xB7, 0xFC, 0x89, 0x98, 0x47, 0x5C,
    0xCA, 0xBD, 0xF2, 0x8F, 0x02, 0x5C, 0x37, 0x56, 0x62, 0x9B, 0x45, 0x2E, 0xA7, 0x56, 0x42, 0xCD,
    0x34, 0xC3, 0x90, 0x31, 0x1B, 0x6B, 0xDF, 0xAE, 0x4B, 0xF7, 0x46, 0x16, 0x47, 0x37, 0x16, 0x7C,
    0x70, 0x4F, 0xA6, 0x46, 0xD0, 0x71, 0xE7, 0x1C, 0x19, 0xF3, 0x73, 0xE7, 0x92, 0xFB, 0x4B, 0x8A,
    0x1C, 0xBF, 0xA6, 0x8C, 0x08, 0x50, 0x5A, 0x1A, 0xA0, 0xC8, 0x0A, 0x73, 0xC0, 0xE1, 0x92, 0x4B,
    0x8D, 0xBB, 0x05, 0xDC, 0xCA, 0x6C, 0xB8, 0xB3, 0x75, 0xF3, 0x7D, 0x32, 0x3B, 0xE6, 0xBB, 0x1F,
    0xEC, 0xDC, 0x6E, 0xB2, 0xFD, 0x9C, 0xF3, 0x5B, 0xDF, 0x83, 0x63, 0xEE, 0xB2, 0xF1, 0x9E, 0xEB,
    0xF6, 0x7B, 0x39, 0xFB, 0xDF, 0x76, 0x1F, 0xBD, 0xBD, 0xDD, 0x91, 0x7C, 0x81, 0xAA, 0x58, 0x45,
    0x3D, 0xBE, 0x62, 0xBC, 0xE4, 0x79, 0x9E, 0x89, 0x69, 0xB6, 0x6F, 0x4B, 0x97, 0xDF, 0x16, 0x7F,
    0x5B, 0x21, 0xDD, 0xC5, 0x4F, 0x18, 0x7C, 0x7A, 0xE1, 0x8E, 0x7F, 0x7A, 0x00, 0x1C, 0xB0, 0x52,
    0x4E, 0x3A, 0xE9, 0x94, 0x2B, 0x56, 0x1C, 0xFC, 0xFF, 0x22, 0x23, 0xEF, 0xB3, 0x46, 0x75, 0xFD,
    0x94, 0x16, 0x08, 0xDA, 0xD6, 0x61, 0x18, 0xFB, 0xF1, 0xCC, 0x85, 0xC2, 0xF9, 0xB1, 0x1C, 0x1F,
    0xBD, 0x5B, 0x8D, 0x17, 0x3F, 0xF9, 0x38, 0x3E, 0xFA, 0xDE, 0x1C, 0xFF, 0x75, 0xFC, 0x70, 0xD3,
    0x25, 0x4D, 0x41, 0xEA, 0xE2, 0x50, 0x4F, 0x02, 0xBD, 0x48, 0xB7, 0x1E, 0x3E, 0x37, 0x6E, 0x5E,
    0xDA, 0x6C, 0x39, 0x4E, 0xB9, 0x3C, 0xC6, 0x4D, 0x3E, 0xE1, 0xF0, 0x9E, 0x5E, 0xF7, 0x91, 0x39,
    0x0F, 0xF9, 0xED, 0x5D, 0x32, 0x6A, 0xDB, 0x18, 0x80, 0x96, 0x6A, 0x02, 0x38, 0xA1, 0xD8, 0x74,
    0xF0, 0xA1, 0x07, 0xBD, 0xF9, 0xEA, 0xF7, 0x62, 0xA1, 0x12, 0x91, 0x35, 0xA4, 0xA4, 0xE4, 0xA1,
    0x1F, 0xFB, 0xBB, 0xC5, 0xFE, 0x1F, 0x1B, 0x71, 0xDB, 0xF6, 0xDD, 0x0C, 0x7D, 0x66, 0xF2, 0xA8,
    0x14, 0xC9, 0x41, 0x6C, 0x24, 0x07, 0x95, 0x57, 0x63, 0x31, 0xE4, 0x71, 0x0D, 0x39, 0xB0, 0x87,
    0xE4, 0xE0, 0x15, 0xF0, 0x33, 0x91, 0x3F, 0x01, 0x33, 0x49, 0x30, 0xD0, 0x66, 0x1F, 0x28, 0xE4,
    0x3B, 0xF8, 0x4C, 0xBA, 0x2A, 0x53, 0xE8, 0xC7, 0xC6, 0x02, 0x54, 0x6E, 0xBB, 0x77, 0x22, 0x7B,
    0x94, 0x2C, 0x12, 0xEE, 0xDB, 0x0B, 0xBB, 0x98, 0xC8, 0x79, 0x03, 0x30, 0x63, 0x0B, 0x15, 0x38,
    0x3C, 0xE6, 0x63, 0x0D, 0x9A, 0x56, 0x88, 0x9A, 0xAC, 0x3D, 0xFA, 0x81, 0xAD, 0xFD, 0xE1, 0x72,
    0xA5, 0x73, 0x19, 0x45, 0x56, 0xDC, 0x7D, 0xBF, 0x0E, 0xB5, 0x69, 0x6C, 0x01, 0xF4, 0xB6, 0xD9,
    0x8B, 0xB2, 0xBD, 0xAF, 0xD3, 0x24, 0x2D, 0xAB, 0xC6, 0xEC, 0x5F, 0x84, 0x14, 0xA7, 0x4C, 0xCA,
    0xEB, 0x7F, 0xB8, 0xE6, 0xE9, 0xDB, 0xFA, 0xC2, 0x95, 0xAF, 0xD7, 0x75, 0x38, 0x3E, 0x5C, 0x7D,
    0x1C, 0xC9, 0xB2, 0xE2, 0xF8, 0x66, 0xA2, 0xF6, 0x96, 0x66, 0xA7, 0xEA, 0x5B, 0xBB, 0x6C, 0x2F,
    0x3E, 0x31, 0xB9, 0xAB, 0x5E, 0xF8, 0x3D, 0x25, 0xEB, 0xB7, 0x36, 0x4D, 0x75, 0x71, 0x66, 0xF5,
    0xD4, 0xF5, 0x3F, 0xC4, 0xFE, 0x6F, 0xFF, 0xF4, 0x34, 0xCF, 0x7C, 0x24, 0xA5, 0x56, 0x97, 0x34,
    0x27, 0x24, 0xD6, 0xD0, 0xE9, 0xCF, 0x4D, 0xF3, 0xD2, 0x36, 0x7F, 0x3F, 0x9F, 0x51, 0x59, 0xFA,
    0xC0, 0xCC, 0xD4, 0xB6, 0xF7, 0x8D, 0x3D, 0x97, 0x2A, 0xC0, 0xF0, 0xCC, 0xB7, 0xDD, 0xD8, 0xFC,
    0xD1, 0xD6, 0x4F, 0x4C, 0xF5, 0x8C, 0xF2, 0xDF, 0xCC, 0xD6, 0x10, 0xE1, 0x0B, 0x86, 0x97, 0x5E,
    0x3D, 0xB5, 0xE5, 0x4B, 0x8A, 0x48, 0xB1, 0xA1, 0x52, 0xDD, 0x2F, 0xEB, 0x49, 0x1E, 0x84, 0xFF,
    0x02, 0xEC, 0x99, 0x3F, 0x90, 0xE5, 0xD8, 0x55, 0xC6, 0x8F, 0xF4, 0xEC, 0x79, 0x55, 0x56, 0x70,
    0xC9, 0xA8, 0xA2, 0x03, 0xA5, 0x50, 0x04, 0xCA, 0xAB, 0xA8, 0x95, 0x96, 0x2D, 0x43, 0x68, 0x27,
    0x0B, 0x01, 0x01, 0x09, 0x19, 0x41, 0xE7, 0x55, 0xBB, 0x23, 0x41, 0x4A, 0xE0, 0x21, 0x80, 0xD8,
    0x81, 0x23, 0x92, 0x25, 0xAF, 0xB1, 0x25, 0xDB, 0x81, 0x03, 0x07, 0xAB, 0x2A, 0xB3, 0xB1, 0x15,
    0x74, 0x82, 0x13, 0x0B, 0x56, 0x53, 0xD6, 0x2E, 0x57, 0xFA, 0xD0, 0xF7, 0x1D, 0xF5, 0x7B, 0xAF,
    0xA7, 0x7B, 0x3C, 0xBD, 0x9E, 0x31, 0x6B, 0x1B, 0xAB, 0x34, 0xDF, 0xEF, 0xF4, 0x93, 0xEE, 0xFF,
    0x7B, 0x8F, 0xEE, 0xB9, 0x63, 0x65, 0xB4, 0xED, 0x0A, 0xA0, 0x1E, 0x50, 0x11, 0xE8, 0xA8, 0xC5,
    0x40, 0x3D, 0x4E, 0x54, 0xFB, 0x3B, 0xBB, 0x73, 0xB5, 0x00, 0x30, 0xB8, 0xA6, 0xF8, 0xFC, 0xDF,
    0xDA, 0xC1, 0x30, 0x5A, 0x26, 0x3D, 0x4A, 0x0F, 0x17, 0x6A, 0xF6, 0x6A, 0x05, 0xA2, 0xAB, 0xFF,
    0xF2, 0x18, 0x9D, 0x5F, 0xD6, 0x74, 0x66, 0x1D, 0x3E, 0x9A, 0x55, 0x9F, 0x5D, 0x43, 0x17, 0x3A,
    0xB3, 0x72, 0x2C, 0xC7, 0xBB, 0xAA, 0xDF, 0x1F, 0xB8, 0x94, 0xAA, 0x73, 0x55, 0x8B, 0x3A, 0xE6,
    0x1C, 0xA4, 0xD9, 0x85, 0x1E, 0xBB, 0xD7, 0xB7, 0x68, 0x76, 0x7D, 0x74, 0x8B, 0x92, 0xF9, 0xAC,
    0xA9, 0xF4, 0xF0, 0x40, 0x8B, 0x28, 0x58, 0xCD, 0x4E, 0xAC, 0x30, 0x26, 0x1B, 0x23, 0x13, 0x3C,
    0xDD, 0xBB, 0xE2, 0x9D, 0x33, 0xBF, 0x43, 0xFE, 0xC9, 0xA9, 0xA0, 0x07, 0xD9, 0xAE, 0x15, 0x09,
    0x60, 0xDC, 0x19, 0xC9, 0xC5, 0x6A, 0xF8, 0x7B, 0x01, 0x95, 0x78, 0x44, 0x23, 0x1E, 0xD0, 0x3D,
    0x92, 0x8D, 0x78, 0xF4, 0xF4, 0x9A, 0x5F, 0x29, 0x16, 0x2B, 0xA2, 0x59, 0x09, 0x8C, 0x18, 0x9D,
    0x2A, 0x3F, 0x45, 0x6F, 0x9E, 0x22, 0x5B, 0xCD, 0x2C, 0x9F, 0x37, 0x29, 0xFB, 0x4D, 0xDA, 0x7B,
    0x53, 0x0F, 0xA7, 0x2B, 0xC3, 0x27, 0x7F, 0x05, 0x16, 0x57, 0x53, 0xCA, 0x93, 0x14, 0x94, 0xAF,
    0x52, 0xEC, 0x2D, 0x4A, 0x8E, 0x49, 0x85, 0x77, 0x2E, 0x66, 0xD7, 0x78, 0x66, 0x96, 0x69, 0x20,
    0xEA, 0x17, 0x57, 0xE8, 0x12, 0x34, 0x86, 0xFE, 0xB8, 0x9A, 0xB5, 0x7D, 0x60, 0x23, 0xBB, 0x62,
    0xDE, 0xB4, 0x2A, 0xB5, 0x7E, 0xEA, 0x91, 0xDA, 0x7E, 0xC1, 0xE9, 0xDF, 0x7A, 0x5A, 0xA9, 0x2F,
    0xD3, 0xE2, 0xB4, 0x58, 0x93, 0x9E, 0x43, 0x72, 0xEC, 0x53, 0xCC, 0x56, 0x77, 0x56, 0x03, 0x68,
    0x58, 0x9F, 0xE5, 0x5C, 0xB7, 0x1B, 0xCD, 0xEA, 0xEA, 0xB0, 0xFE, 0x05, 0xBA, 0xB0, 0xBD, 0x35,
    0xE6, 0xA3, 0x2F, 0x82, 0x62, 0xD8, 0x24, 0x6F, 0x4A, 0xF5, 0x33, 0x13, 0x14, 0x68, 0xD8, 0xC4,
    0x59, 0x2D, 0xEA, 0xED, 0x00, 0x44, 0x4F, 0xAB, 0xBF, 0x69, 0x8E, 0x7C, 0xC4, 0xF7, 0x11, 0x55,
    0x99, 0xBC, 0xB1, 0x3C, 0x96, 0x8D, 0x85, 0x58, 0x77, 0x16, 0xE6, 0xBA, 0xB7, 0x9C, 0x39, 0x97,
    0x43, 0xB1, 0x7E, 0x1D, 0xCD, 0x11, 0x58, 0xBC, 0x1A, 0xD0, 0x95, 0x63, 0x3A, 0xA0, 0x7B, 0x93,
    0x3B, 0xC7, 0x04, 0x5D, 0xA5, 0x45, 0xFC, 0x10, 0xBA, 0x69, 0xDB, 0x7E, 0xBD, 0xFD, 0x82, 0x02,
    0x10, 0xF9, 0xCF, 0xB8, 0x46, 0xCA, 0x68, 0xFF, 0x67, 0xFF, 0xEA, 0x59, 0x33, 0x25, 0xC1, 0x60,
    0x57, 0x68, 0xAC, 0xE5, 0x94, 0x7A, 0x76, 0xDB, 0xC2, 0xF1, 0xD2, 0x38, 0x6E, 0x6E, 0x6A, 0x91,
    0xDF, 0x1E, 0x95, 0xF2, 0x4D, 0x0C, 0x60, 0xB8, 0x35, 0xD6, 0xFD, 0xD1, 0x11, 0x9D, 0x1D, 0xF5,
    0x0E, 0x06, 0x37, 0x58, 0x2F, 0x37, 0xCA, 0xD9, 0x32, 0x1A, 0xBC, 0xC3, 0xF0, 0xB2, 0x51, 0xF4,
    0x54, 0xDE, 0x9D, 0x74, 0x4E, 0x20, 0xA3, 0x9E, 0x80, 0xC6, 0xF3, 0x01, 0xD8, 0xDA, 0x04, 0xBD,
    0x56, 0x50, 0xBC, 0x42, 0xD5, 0x46, 0xFB, 0x23, 0x80, 0x3E, 0x62, 0xB0, 0x1C, 0xE0, 0xE4, 0xD1,
    0x38, 0xC3, 0xCE, 0x46, 0x86, 0xC9, 0x0A, 0x3C, 0xF3, 0x45, 0x19, 0x60, 0x6F, 0xC1, 0xD0, 0x35,
    0xDF, 0x1A, 0x68, 0xFC, 0x51, 0x82, 0xD1, 0x0D, 0x2B, 0xE3, 0x6E, 0x14, 0xCB, 0x6E, 0x84, 0xF5,
    0xD6, 0xC0, 0xEB, 0x8D, 0x7C, 0xBD, 0x4D, 0x1E, 0x77, 0xA3, 0x9C, 0xBD, 0x15, 0x4F, 0x30, 0xEC,
    0xED, 0x42, 0xB5, 0x1B, 0x37, 0x06, 0xF7, 0xC1, 0x67, 0x56, 0x18, 0x9F, 0xC4, 0xDD, 0xC9, 0x6F,
    0x9C, 0xC9, 0x0F, 0xCE, 0x94, 0x93, 0xFF, 0xE3, 0xD7, 0x39, 0x79, 0x11, 0xC0, 0xB0, 0x73, 0x26,
    0x17, 0x6B, 0xA3, 0xBF, 0x57, 0xAE, 0xCE, 0x1C, 0xCE, 0xF0, 0x06, 0x4C, 0xB1, 0x6C, 0xEC, 0xE5,
    0xDC, 0x03, 0x70, 0x22, 0xC7, 0xCE, 0x78, 0x85, 0x45, 0x28, 0x27, 0xA1, 0xEE, 0x05, 0x54, 0xD4,
    0x34, 0x9A, 0xF0, 0xCC, 0x5E, 0xBE, 0xBC, 0x7F, 0xBA, 0x1D, 0xEC, 0xBF, 0x7A, 0x31, 0xB9, 0xFC,
    0xC1, 0xD1, 0x08, 0xAB, 0x11, 0x69, 0x14, 0x8E, 0xA3, 0x10, 0x3A, 0xA1, 0xAC, 0x84, 0xD5, 0x88,
    0x1F, 0x40, 0x00, 0x2A, 0x47, 0xE7, 0x3F, 0x0E, 0x44, 0x87, 0x51, 0x68, 0xA3, 0x50, 0x2E, 0x42,
    0x0E, 0x21, 0xA0, 0x51, 0xD6, 0xE8, 0x88, 0x03, 0x06, 0x22, 0xC1, 0x44, 0xB0, 0x3B, 0x59, 0xB3,
    0x12, 0x15, 0xC0, 0x14, 0x23, 0x91, 0xB4, 0xA3, 0x1E, 0xF2, 0xC2, 0x20, 0x94, 0xA3, 0x10, 0xF6,
    0xD6, 0x2E, 0x82, 0xD5, 0x8E, 0xAF, 0x3D, 0xD4, 0x76, 0xFE, 0x13, 0xE4, 0xE1, 0x4C, 0x5E, 0x4E,
    0x35, 0xB8, 0x8F, 0xA3, 0x23, 0x38, 0x4A, 0x07, 0x84, 0xC3, 0xA7, 0x42, 0xF6, 0x13, 0xA1, 0x78,
    0x4F, 0xF8, 0xAE, 0xD2, 0x7D, 0x7F, 0x16, 0x7E, 0x34, 0x08, 0x3F, 0xED, 0x04, 0x98, 0x10, 0x1D,
    0xA3, 0xA3, 0x77, 0x74, 0xF7, 0xB1, 0xD7, 0xEC, 0x6E, 0x75, 0xCD, 0x9E, 0x73, 0x2F, 0x62, 0x07,
    0xFA, 0x82, 0x0D, 0xAB, 0xB5, 0x1B, 0x52, 0xFC, 0x2B, 0x9A, 0xBD, 0x69, 0xDB, 0x75, 0x85, 0x1B,
    0x7B, 0xF8, 0x82, 0x06, 0x7D, 0xDC, 0x91, 0xE3, 0x33, 0x6E, 0x28, 0x58, 0x97, 0x74, 0xB1, 0x94,
    0x88, 0x66, 0x5C, 0xBC, 0x13, 0x7D, 0x08, 0x5D, 0x13, 0xE7, 0x72, 0xE8, 0x8D, 0x53, 0x39, 0xEF,
    0x38, 0xE7, 0xAA, 0xC2, 0x07, 0xBE, 0xF4, 0x7D, 0xC6, 0xF7, 0x7C, 0x49, 0x44, 0xA2, 0x7E, 0x31,
    0x13, 0x25, 0x26, 0x22, 0xC7, 0x48, 0x04, 0xF4, 0x04, 0xDB, 0xA4, 0x14, 0x15, 0x61, 0x90, 0x9A,
    0x52, 0x7F, 0xC5, 0xA7, 0x69, 0xC0, 0x2C, 0xDC, 0x49, 0x96, 0xA1, 0xF1, 0x31, 0x7D, 0xFC, 0xC0,
    0x7D, 0xF9, 0xC8, 0xF0, 0xC9, 0xFB, 0x7F, 0x8D, 0x01, 0x77, 0x2E, 0xB6, 0x65, 0x50, 0x5B, 0xBC,
    0x49, 0x06, 0xBB, 0xD3, 0x13, 0x8E, 0x0F, 0x2F, 0x91, 0xA0, 0x23, 0x38, 0x47, 0x04, 0x25, 0xCF,
    0xF6, 0xFE, 0xD9, 0x3B, 0xB9, 0x9E, 0x89, 0xA2, 0x88, 0xC4, 0x3B, 0xF9, 0xA2, 0xD4, 0x01, 0x44,
    0xCC, 0x84, 0x59, 0x5B, 0xCD, 0x74, 0xF2, 0xBD, 0xD7, 0x98, 0x12, 0xC7, 0x21, 0x61, 0x6E, 0x59,
    0x2F, 0xAF, 0x16, 0x3E, 0x79, 0x9F, 0xB9, 0xE5, 0xEE, 0xC8, 0x4A, 0x77, 0x94, 0xA5, 0x59, 0xB1,
    0xA8, 0x5E, 0xF9, 0x6A, 0xB6, 0xB0, 0x44, 0x4B, 0xA2, 0x66, 0x40, 0x3A, 0x9B, 0x96, 0x85, 0xD0,
    0xB3, 0x4C, 0x4D, 0xD3, 0xD1, 0x00, 0xEC, 0x68, 0x69, 0x55, 0xAE, 0xDC, 0x79, 0xA3, 0x92, 0x5F,
    0x94, 0xE6, 0x17, 0x1A, 0xA4, 0x5F, 0x7D, 0x78, 0xDF, 0xBF, 0x56, 0xE7, 0x7D, 0xFF, 0x35, 0xA8,
    0x07, 0x34, 0x9B, 0xA6, 0x50, 0xBD, 0x31, 0x48, 0x1F, 0xBE, 0xF5, 0x54, 0x8D, 0x55, 0xAA, 0x64,
    0xCB, 0x61, 0xB5, 0xBF, 0x07, 0x30, 0x59, 0xCB, 0x9C, 0xA9, 0x78, 0x26, 0x65, 0x0D, 0x5F, 0x5C,
    0xEF, 0xB9, 0x4D, 0xD4, 0x7A, 0xA6, 0x96, 0xF1, 0x9E, 0xCE, 0x7A, 0xAA, 0x77, 0x54, 0x87, 0x2B,
    0x54, 0xA6, 0x3C, 0xA9, 0x6A, 0x63, 0x82, 0xF1, 0xFC, 0x7E, 0xBE, 0x50, 0xC3, 0x2A, 0xC5, 0x3D,
    0x5D, 0xA9, 0xC5, 0xA2, 0x3C, 0x63, 0x8A, 0xF1, 0x09, 0xC6, 0x1A, 0x00, 0x1A, 0xD6, 0xEA, 0xE6,
    0x37, 0x66, 0x6B, 0x0E, 0x5E, 0xF1, 0x16, 0xD9, 0x8B, 0xF7, 0x6B, 0x54, 0xFB, 0x5E, 0xE7, 0x51,
    0x18, 0x2E, 0x71, 0xDC, 0xD1, 0x0B, 0x59, 0x77, 0x89, 0xB0, 0xA3, 0x11, 0xF2, 0x4A, 0x28, 0x4C,
    0x28, 0x1D, 0x4F, 0x1D, 0xCF, 0x1D, 0x51, 0x48, 0x27, 0xE1, 0x38, 0x0A, 0xD0, 0x15, 0x77, 0x68,
    0xE9, 0xE4, 0x11, 0x26, 0x97, 0xB9, 0x10, 0x69, 0x8C, 0x84, 0xC5, 0xF9, 0x12, 0xCF, 0x27, 0xE1,
    0x83, 0x51, 0xF8, 0xB3, 0xDF, 0xFC, 0x78, 0xBC, 0x44, 0x54, 0xDC, 0x87, 0xF1, 0x6C, 0x1D, 0xD1,
    0x73, 0xBB, 0x90, 0xA3, 0xB2, 0x3D, 0xDC, 0xE6, 0xB2, 0xE6, 0x44, 0xA5, 0x5A, 0xE6, 0x53, 0xB3,
    0x31, 0x3B, 0x28, 0x5B, 0xF9, 0x9C, 0x85, 0x93, 0xD6, 0xDD, 0x37, 0x97, 0x8A, 0x2A, 0x91, 0x37,
    0x18, 0x43, 0x4F, 0x2B, 0xF4, 0x18, 0x8B, 0x4E, 0xBF, 0x4D, 0x18, 0x5B, 0xFD, 0x56, 0x6A, 0x95,
    0x2B, 0x85, 0x6A, 0xE2, 0xD5, 0xC6, 0xA8, 0xDD, 0x4F, 0x82, 0x01, 0xA3, 0xF6, 0x3F, 0xFA, 0xF2,
    0xE7, 0xBE, 0x51, 0x61, 0x7E, 0x68, 0xCC, 0x27, 0x3E, 0x3F, 0xF6, 0x56, 0xAC, 0x5A, 0x98, 0x1A,
    0x33, 0xD6, 0x80, 0x73, 0xAE, 0x55, 0xAD, 0x10, 0x4D, 0x18, 0x7D, 0x4B, 0x32, 0xA8, 0xCE, 0xB0,
    0x1C, 0x9D, 0xB7, 0xAD, 0x07, 0xAA, 0x52, 0x8D, 0x8D, 0x98, 0x8D, 0x16, 0x37, 0x0A, 0xD7, 0xF8,
    0x4F, 0x66, 0x0F, 0xF4, 0x56, 0xAF, 0xEF, 0x62, 0x36, 0x4C, 0x0C, 0xC5, 0xC0, 0xAD, 0xAF, 0xB5,
    0xBE, 0x61, 0xA4, 0xAA, 0x51, 0x2B, 0x35, 0x5F, 0xCE, 0xDB, 0x26, 0xF4, 0x74, 0x65, 0x9F, 0x19,
    0x55, 0xEE, 0x39, 0x51, 0xA8, 0x28, 0xD7, 0x27, 0x97, 0xA7, 0x27, 0x8D, 0xB7, 0xCA, 0xB5, 0x90,
    0xB6, 0x52, 0x54, 0x7C, 0x8A, 0xCE, 0x32, 0x58, 0x3B, 0x30, 0x55, 0xB9, 0xBE, 0xDB, 0xCE, 0x96,
    0xA9, 0x3E, 0x76, 0x8D, 0x9B, 0xDF, 0x81, 0x5D, 0x47, 0x68, 0xB4, 0xEB, 0x08, 0xA3, 0x76, 0x1D,
    0x05, 0x81, 0xAA, 0xDE, 0x70, 0x1B, 0xC1, 0xE7, 0x58, 0x4C, 0xD7, 0xEF, 0xD6, 0x8E, 0xEB, 0xB7,
    0x7A, 0xAB, 0x7C, 0xD7, 0x79, 0x2B, 0xC0, 0xBD, 0x8D, 0x46, 0xDF, 0x16, 0x8E, 0x77, 0x90, 0x39,
    0xC2, 0x70, 0x89, 0xBC, 0x17, 0xCA, 0x8E, 0x48, 0x20, 0x00, 0x8D, 0xC3, 0x04, 0x06, 0xE5, 0x2B,
    0x43, 0xD6, 0x00, 0xC4, 0x62, 0x10, 0xE4, 0x34, 0x53, 0xB9, 0x36, 0xF5, 0x2E, 0xC6, 0x0C, 0xA0,
    0xB1, 0xDA, 0x81, 0x46, 0x86, 0x48, 0xA3, 0xB1, 0x40, 0xE3, 0x17, 0xE8, 0x2C, 0xAF, 0x37, 0xE3,
    0x53, 0xF4, 0x56, 0x94, 0x9B, 0xF1, 0xDF, 0x18, 0xEC, 0x1D, 0x1A, 0xFF, 0x85, 0xD1, 0x3E, 0xA4,
    0x31, 0x62, 0xB2, 0xE7, 0x32, 0xDA, 0xD9, 0x66, 0x19, 0x75, 0x4C, 0x26, 0x19, 0xE5, 0x72, 0x18,
    0x65, 0x14, 0x38, 0x0C, 0x32, 0x72, 0x1C, 0x7B, 0x19, 0x01, 0xDF, 0xEA, 0x64, 0x64, 0xF8, 0xB8,
    0x91, 0xC1, 0xF2, 0xEF, 0x1A, 0x29, 0x56, 0x37, 0x0C, 0xF1, 0x65, 0xA3, 0x9E, 0x76, 0xA3, 0x1C,
    0x69, 0x64, 0x33, 0x43, 0xF2, 0x76, 0x35, 0x0E, 0x55, 0x1F, 0xD8, 0x40, 0xCE, 0x15, 0x19, 0xBF,
    0x96, 0x2D, 0x2E, 0x2F, 0xC7, 0x1B, 0xE4, 0xF2, 0x18, 0x2F, 0xD1, 0xE2, 0x99, 0x1C, 0x81, 0x3C,
    0x41, 0xFB, 0xE2, 0x0A, 0x8D, 0xB6, 0xBB, 0xED, 0xA0, 0x60, 0xB5, 0x9C, 0x15, 0xA3, 0xE5, 0xD1,
    0x8A, 0x28, 0x2F, 0x5C, 0xEA, 0x80, 0x8C, 0xDD, 0xC3, 0x30, 0xA4, 0xD5, 0xE4, 0x6F, 0x20, 0x74,
    0x8F, 0x47, 0x3B, 0xCA, 0x39, 0xEF, 0xB9, 0xEC, 0x79, 0xEE, 0x25, 0x84, 0x45, 0xE5, 0x79, 0xE9,
    0x7B, 0x5D, 0x58, 0xB3, 0x3F, 0x44, 0x73, 0xAA, 0xA7, 0xB5, 0xFC, 0x03, 0x77, 0xAE, 0x7D, 0x0B,
    0xFF, 0xA5, 0x87, 0x13, 0x8F, 0xF7, 0x51, 0x6B, 0x25, 0x63, 0xB2, 0x23, 0x7E, 0x86, 0xD5, 0xC3,
    0x90, 0x66, 0x53, 0xBF, 0x13, 0x6F, 0x0B, 0xC6, 0x87, 0x55, 0x4F, 0x53, 0x7F, 0x59, 0xA9, 0x0A,
    0xE6, 0x00, 0x3A, 0x17, 0xE5, 0xCC, 0x77, 0xEC, 0xF1, 0x2A, 0x5F, 0xA4, 0x2E, 0x1D, 0x77, 0x7D,
    0xE9, 0x80, 0xF7, 0xB3, 0xF3, 0x01, 0x2F, 0x2E, 0x0E, 0x78, 0xA9, 0x1A, 0xC0, 0x3F, 0xD0, 0x9C,
    0x38, 0x1D, 0xF0, 0x3E, 0x5A, 0xF7, 0x03, 0xDE, 0xF9, 0xE2, 0x80, 0x77, 0xB9, 0x3C, 0xE0, 0xED,
    0x7E, 0xC9, 0x01, 0xAF, 0xF7, 0xE2, 0xAE, 0x55, 0x19, 0x9F, 0xAC, 0x5A, 0xBE, 0xAE, 0x4F, 0xE7,
    0x0B, 0xF5, 0xBC, 0x7F, 0xED, 0x9A, 0xB0, 0xE7, 0xB5, 0xC1, 0x71, 0xBD, 0x17, 0xBC, 0x2F, 0x1E,
    0xBC, 0x4F, 0x0A, 0xDE, 0x89, 0x68, 0x86, 0xF8, 0x70, 0xF0, 0x1E, 0x14, 0xBC, 0x37, 0x77, 0x82,
    0xF7, 0xE1, 0xE9, 0x5B, 0x0B, 0xDE, 0xF3, 0xD7, 0x05, 0xEF, 0xFA, 0x15, 0xE3, 0x25, 0x75, 0x12,
    0xEB, 0xAD, 0xBD, 0xE4, 0x13, 0x28, 0x32, 0xB3, 0x96, 0xE4, 0x34, 0xEC, 0x75, 0x72, 0x1A, 0xE0,
    0x3B, 0xC5, 0x22, 0x92, 0xE5, 0x5C, 0xCE, 0x64, 0x11, 0xDB, 0x89, 0xCC, 0x57, 0x8C, 0x64, 0xC0,
    0x23, 0xB9, 0xEE, 0xE9, 0x96, 0x4D, 0x74, 0x17, 0x0B, 0x59, 0xCF, 0x81, 0x63, 0xAF, 0xD3, 0xCA,
    0x9B, 0x32, 0xD2, 0x81, 0xD5, 0x80, 0x26, 0xC9, 0x93, 0x16, 0x58, 0x9F, 0x5D, 0xD6, 0xB7, 0x5E,
    0x1F, 0x68, 0x57, 0xE9, 0xDF, 0xDF, 0x1D, 0x47, 0x2C, 0xF6, 0x04, 0x8D, 0x21, 0x2A, 0x86, 0x2E,
    0x17, 0x45, 0x2B, 0x05, 0xEC, 0x30, 0x32, 0x41, 0x13, 0x3A, 0xC5, 0xD0, 0x1C, 0x96, 0x14, 0xA3,
    0x8F, 0x47, 0xF4, 0xF1, 0xF0, 0x4C, 0x4B, 0x0C, 0x9E, 0x77, 0x47, 0x64, 0xB7, 0x7F, 0x4D, 0xFE,
    0x2C, 0x12, 0xDF, 0x55, 0x3D, 0x92, 0xB9, 0xD0, 0x96, 0x62, 0xD4, 0xAB, 0xA1, 0xD7, 0x71, 0x41,
    0xC1, 0xC0, 0x57, 0x47, 0x61, 0xED, 0xA9, 0x02, 0x87, 0xA8, 0x0A, 0xE4, 0x2B, 0xCB, 0xE8, 0x81,
    0xFE, 0x00, 0xC4, 0x1D, 0xBF, 0x2D, 0x27, 0x2C, 0x47, 0x07, 0xEE, 0x5C, 0xC6, 0x2B, 0x75, 0x58,
    0xEB, 0x28, 0x1D, 0x85, 0x23, 0x77, 0x84, 0x3B, 0xC8, 0xF6, 0xB3, 0xE2, 0x1D, 0x19, 0x6E, 0xEC,
    0xEA, 0x4D, 0x3C, 0x7F, 0x4F, 0xA4, 0x18, 0x09, 0xC3, 0x62, 0x57, 0x70, 0x67, 0xB3, 0x21, 0x77,
    0x24, 0xED, 0xFA, 0xDE, 0x7E, 0xB4, 0xF3, 0x05, 0xC1, 0x9A, 0xE9, 0x0F, 0x40, 0xD0, 0xF5, 0xB1,
    0x0F, 0x5C, 0x77, 0x61, 0x66, 0x3A, 0xE6, 0xA8, 0x08, 0x6D, 0x51, 0xA3, 0xF0, 0xFF, 0xC2, 0xEC,
    0xED, 0x23, 0xEC, 0xD7, 0xE7, 0x8D, 0xA0, 0xAB, 0xFB, 0x7D, 0x47, 0xDD, 0x33, 0x3F, 0xBA, 0xEC,
    0x9D, 0x93, 0x69, 0xFB, 0x95, 0x9C, 0x4D, 0x2B, 0xCF, 0x66, 0x7E, 0x36, 0xC3, 0x83, 0x66, 0xF6,
    0xA0, 0x79, 0xEC, 0x5A, 0x0F, 0x86, 0x6F, 0xF1, 0x33, 0xCC, 0xFA, 0x86, 0x60, 0xA4, 0x0B, 0x73,
    0x3C, 0xBF, 0x03, 0x7B, 0x05, 0xB0, 0x56, 0x02, 0x26, 0x62, 0xBC, 0x5E, 0x05, 0x85, 0xE7, 0x3A,
    0xF1, 0x23, 0x12, 0x0C, 0x04, 0xEF, 0xD7, 0x20, 0x41, 0x7F, 0x91, 0xEE, 0x88, 0xCA, 0x12, 0xCF,
    0xD3, 0x0F, 0x0B, 0xAD, 0x56, 0x79, 0x00, 0x3A, 0x39, 0xF8, 0x93, 0x41, 0x3F, 0x61, 0x09, 0x50,
    0x69, 0x65, 0xAA, 0x4B, 0x7F, 0x45, 0x03, 0x9F, 0xBB, 0xA1, 0xF2, 0x64, 0x7C, 0xBF, 0x5E, 0xF7,
    0x77, 0x8E, 0xA8, 0xDC, 0x48, 0xD1, 0xB9, 0x91, 0x60, 0x70, 0xC3, 0x30, 0x3E, 0xC2, 0x18, 0x6E,
    0x53, 0xF5, 0x6E, 0x6C, 0xB7, 0x1B, 0x99, 0x72, 0xCE, 0xB6, 0xB2, 0x16, 0xB6, 0x02, 0x00, 0x46,
    0x35, 0x90, 0xED, 0x3D, 0xB5, 0xD4, 0x5C, 0xD5, 0x58, 0xA6, 0x7A, 0xAC, 0xAA, 0x51, 0xDE, 0x22,
    0x6F, 0x8E, 0xB7, 0x45, 0x0D, 0x79, 0xDC, 0x7E, 0x54, 0x75, 0xF6, 0x0A, 0x7B, 0x6D, 0x99, 0xCF,
    0xA2, 0x39, 0x3B, 0x1A, 0x7C, 0x12, 0xFC, 0x29, 0x6E, 0xBC, 0x94, 0xC6, 0x72, 0xFC, 0x73, 0xEB,
    0x5F, 0xF6, 0x68, 0x25, 0x37, 0xC1, 0x56, 0xD0, 0x03, 0x57, 0xC7, 0xD1, 0x52, 0x74, 0xE7, 0xE9,
    0x8C, 0x5E, 0x3A, 0x48, 0xF9, 0x0C, 0xAE, 0xBF, 0x74, 0x5F, 0x99, 0x60, 0x90, 0xF6, 0x59, 0xC7,
    0xDC, 0x4A, 0xBA, 0xF8, 0xA6, 0x1E, 0x58, 0x4A, 0x3D, 0x5A, 0x58, 0x18, 0x5B, 0x14, 0xDB, 0x8D,
    0x77, 0xC1, 0x1F, 0x01, 0x6D, 0x29, 0x07, 0xEF, 0xBD, 0xCD, 0xFA, 0xB6, 0x5B, 0x7A, 0xA2, 0xBE,
    0x2C, 0xD7, 0xAF, 0x63, 0xD8, 0x07, 0x88, 0x29, 0xBD, 0x5F, 0x98, 0x93, 0xF7, 0xD3, 0x06, 0x5A,
    0x01, 0x66, 0xBE, 0x1F, 0xE7, 0xD7, 0xDA, 0x7B, 0xAE, 0x58, 0x54, 0x13, 0x8D, 0xA3, 0x5A, 0xB2,
    0x5B, 0xEA, 0x39, 0xE0, 0xBE, 0xA5, 0xA7, 0xAF, 0xB6, 0x8A, 0xB3, 0xB5, 0xDC, 0xE6, 0x97, 0x9F,
    0xCA, 0x08, 0xA7, 0x72, 0xB3, 0x53, 0x5D, 0x0E, 0x3A, 0xEE, 0xD2, 0xAC, 0x3A, 0xD5, 0xD9, 0x5A,
    0xB5, 0x83, 0x7E, 0x34, 0xDF, 0xDA, 0xD6, 0xDB, 0x1E, 0x71, 0xAE, 0x26, 0x6B, 0x1B, 0x29, 0xED,
    0x9C, 0xAE, 0xF5, 0x47, 0x06, 0xA1, 0xC4, 0xBF, 0x60, 0x36, 0x3F, 0x72, 0x57, 0x17, 0x43, 0x63,
    0x45, 0x1C, 0x5E, 0x09, 0xBD, 0x79, 0xB9, 0x82, 0xCB, 0x45, 0xC8, 0x00, 0x22, 0x75, 0x1C, 0x30,
    0xF8, 0x8F, 0x1D, 0x11, 0x50, 0x11, 0x05, 0x2E, 0x13, 0xB4, 0x51, 0xF0, 0xD2, 0x0F, 0x9E, 0x59,
    0x86, 0x9E, 0x28, 0xD0, 0x3C, 0xC1, 0x62, 0x58, 0xB5, 0x99, 0xC3, 0x8D, 0x60, 0x1F, 0xE1, 0x19,
    0x4B, 0x89, 0x56, 0x2C, 0x39, 0xAC, 0x9C, 0xB8, 0x34, 0x47, 0x76, 0x16, 0xC5, 0xBE, 0x49, 0xB1,
    0x5B, 0x49, 0xD8, 0xC0, 0x40, 0x29, 0x17, 0x46, 0xA8, 0x93, 0xA2, 0xD5, 0x97, 0x24, 0xE3, 0x41,
    0x4F, 0x8E, 0xAE, 0xC4, 0x82, 0x9B, 0x1C, 0x23, 0x96, 0x14, 0x4D, 0xBB, 0xE8, 0xFC, 0xD9, 0xCC,
    0xFE, 0x26, 0x5A, 0xAA, 0xE2, 0x80, 0xD9, 0x00, 0x1F, 0xD4, 0x26, 0x00, 0xDF, 0xF1, 0xA3, 0xCB,
    0xB2, 0xA7, 0xE8, 0xFF, 0x7B, 0x18, 0xD2, 0x3C, 0x2F, 0x80, 0xE6, 0x39, 0xFE, 0x1C, 0xC3, 0xBA,
    0x58, 0x3D, 0x61, 0xB6, 0x22, 0x72, 0x34, 0x16, 0xFD, 0x4F, 0x03, 0x05, 0x2F, 0x49, 0x4B, 0xA9,
    0x29, 0x25, 0x5F, 0x29, 0xF9, 0x72, 0xCE, 0x5D, 0x75, 0xD8, 0x32, 0x18, 0x0F, 0x5B, 0x56, 0xBD,
    0xB5, 0x40, 0xA5, 0x19, 0x7B, 0x19, 0x61, 0x66, 0xF8, 0xA4, 0xD5, 0xA8, 0xE7, 0xA0, 0x86, 0x7B,
    0x9A, 0xEB, 0x69, 0xAD, 0xE8, 0x11, 0x95, 0x54, 0xB3, 0xFD, 0x7A, 0xD9, 0x3D, 0xCF, 0x29, 0xCE,
    0xBC, 0x7F, 0x1F, 0x51, 0x1D, 0xB7, 0x37, 0xA1, 0xB2, 0x66, 0x69, 0x23, 0x1D, 0x24, 0x5B, 0xD9,
    0xD7, 0x3A, 0xE2, 0x3B, 0x49, 0x7A, 0x12, 0xAB, 0x28, 0xF6, 0x85, 0x24, 0x3B, 0x2D, 0x53, 0x49,
    0x90, 0x1F, 0x74, 0xB5, 0xE2, 0x13, 0xEE, 0xAC, 0x83, 0x16, 0xCB, 0x1D, 0x6D, 0xCE, 0x9A, 0x4B,
    0x8B, 0xEA, 0xAC, 0xA5, 0x9D, 0xF5, 0x7B, 0xD2, 0x85, 0x9A, 0x44, 0x6A, 0x2A, 0x3D, 0x4E, 0xD4,
    0x30, 0x52, 0xA1, 0xB2, 0x76, 0xAD, 0xCC, 0x72, 0x85, 0x63, 0xC7, 0x71, 0xDE, 0x34, 0x1D, 0xE5,
    0x7D, 0xA4, 0xB6, 0x6B, 0x4F, 0xFD, 0x77, 0xBB, 0xE2, 0x82, 0x82, 0x42, 0xC0, 0xBF, 0x44, 0x13,
    0xA2, 0xA1, 0x2F, 0x66, 0x6B, 0xC7, 0x72, 0xB2, 0x7A, 0xAA, 0x47, 0x2B, 0x67, 0xB9, 0x43, 0x48,
    0x00, 0xEC, 0xC2, 0x3C, 0x24, 0x2D, 0x45, 0x41, 0x36, 0xE3, 0xED, 0x6F, 0x16, 0x8B, 0x25, 0x3C,
    0xA2, 0xCF, 0x34, 0xCB, 0xF6, 0x71, 0x7F, 0xA2, 0xA9, 0x3F, 0x02, 0x9F, 0x02, 0x67, 0xE3, 0x88,
    0xA6, 0x40, 0xC3, 0x48, 0xBB, 0xAD, 0x02, 0xAC, 0x6E, 0xCC, 0x8A, 0x2E, 0x40, 0xE1, 0x60, 0x18,
    0x02, 0x12, 0xD6, 0xFC, 0x30, 0x05, 0x1C, 0x54, 0xE1, 0x25, 0xC0, 0xB7, 0x01, 0xF8, 0x06, 0x72,
    0x77, 0xC4, 0xC0, 0x69, 0x17, 0xAB, 0xBA, 0x64, 0xF8, 0x16, 0xE4, 0x86, 0x02, 0x02, 0x02, 0xE7,
    0x76, 0xB1, 0x06, 0x64, 0xD0, 0x07, 0x32, 0xE0, 0x80, 0xC6, 0xAC, 0x9D, 0x03, 0xE8, 0x1C, 0x12,
    0x8E, 0x8E, 0x2F, 0xD9, 0x7E, 0x33, 0xDA, 0xD9, 0x72, 0x74, 0x05, 0x9A, 0x72, 0xB5, 0x16, 0xA6,
    0xB0, 0xB8, 0x6B, 0x67, 0x1A, 0x29, 0xBA, 0xB4, 0x5D, 0x2B, 0x2B, 0x58, 0x48, 0x3B, 0xD4, 0xD1,
    0x50, 0xE5, 0xAB, 0xC1, 0x02, 0xEC, 0x29, 0x65, 0xFF, 0x8F, 0x80, 0x9C, 0x25, 0xD7, 0xF4, 0x08,
    0xA8, 0x28, 0xAC, 0xDA, 0xF5, 0xA2, 0x6A, 0xA9, 0x92, 0xCD, 0x57, 0x36, 0xE9, 0x3E, 0xA0, 0x2C,
    0xFC, 0x13, 0x96, 0xA1, 0x6A, 0xFF, 0xA3, 0x5E, 0x99, 0xF3, 0x64, 0xA9, 0xAF, 0x8B, 0x58, 0x02,
    0xAE, 0x19, 0x86, 0xED, 0x7E, 0x70, 0x6E, 0x67, 0xD2, 0x42, 0xDA, 0x52, 0x7F, 0xF0, 0x0B, 0xEA,
    0x8F, 0x7F, 0x42, 0xFD, 0xF9, 0x7B, 0xD4, 0x55, 0x6F, 0xCE, 0xD2, 0x87, 0x33, 0xF1, 0xFC, 0x2F,
    0x4B, 0xB4, 0xA4, 0x4A, 0x38, 0x73, 0x3A, 0x46, 0xFE, 0x65, 0x77, 0x88, 0x9B, 0x0E, 0xD9, 0xA6,
    0xC5, 0x94, 0xEB, 0x34, 0x8C, 0x6D, 0x4A, 0xD8, 0x17, 0x97, 0xD7, 0x97, 0x5B, 0x67, 0xE9, 0xE8,
    0xAA, 0xA7, 0xF2, 0x09, 0xB3, 0xFC, 0xC3, 0x40, 0x2D, 0x1A, 0xEA, 0x53, 0xE3, 0xFE, 0x21, 0x52,
    0x7F, 0x24, 0xC5, 0x2A, 0x05, 0xF5, 0xC7, 0xDA, 0xCE, 0xFE, 0x10, 0x3D, 0xDF, 0xF1, 0x0F, 0x04,
    0x94, 0x43, 0x1D, 0xA9, 0xE5, 0x4A, 0x0D, 0xA8, 0x94, 0x7F, 0x0F, 0xC4, 0x83, 0x9F, 0x29, 0x5F,
    0x47, 0x9F, 0x7A, 0x52, 0x2E, 0xF3, 0xBF, 0x45, 0x65, 0x81, 0x73, 0xF8, 0x35, 0x9A, 0xDF, 0xD3,
    0xA2, 0xA1, 0x96, 0xD2, 0xBA, 0xDA, 0x34, 0xD5, 0xFC, 0x82, 0xEB, 0x2A, 0x8D, 0x56, 0x73, 0xBD,
    0x1C, 0x80, 0xB1, 0xE8, 0xA9, 0x7E, 0x4E, 0x40, 0x72, 0x11, 0xB1, 0xFD, 0xD1, 0x0C, 0x68, 0x0E,
    0x1B, 0x13, 0xC0, 0x0F, 0xB8, 0xC9, 0xFF, 0x81, 0x1D, 0x7F, 0x0A, 0x1E, 0x6D, 0x57, 0xE1, 0xE3,
    0x8D, 0x9F, 0xA2, 0x0B, 0xDF, 0x00, 0x0F, 0xB6, 0xFB, 0x22, 0x6C, 0x1C, 0x31, 0xBC, 0x23, 0xB6,
    0xE3, 0x73, 0xB1, 0x9E, 0x67, 0xB1, 0x5C, 0x26, 0xB1, 0xC0, 0x28, 0x06, 0xF4, 0x62, 0x86, 0x4E,
    0x3C, 0xA2, 0x11, 0x0F, 0xAA, 0x67, 0x36, 0xA7, 0x2B, 0xEB, 0x08, 0x58, 0xF4, 0xFA, 0x39, 0x1F,
    0x37, 0x43, 0xEE, 0xDF, 0xC0, 0x49, 0x1F, 0x7D, 0x3F, 0x30, 0xAB, 0xE5, 0x9A, 0x5B, 0xF5, 0xC7,
    0x3F, 0xA2, 0xD7, 0x47, 0xA9, 0xD0, 0xC9, 0xCF, 0x64, 0x79, 0xE4, 0x77, 0x6B, 0x6D, 0x5F, 0xF5,
    0x69, 0x93, 0xE8, 0x29, 0x65, 0x51, 0x0A, 0xA5, 0x55, 0x2E, 0x47, 0xFC, 0x83, 0xFC, 0xFD, 0x6A,
    0x2A, 0xE3, 0xA5, 0x73, 0x5F, 0x3F, 0xF6, 0x7D, 0xF3, 0xFB, 0xD1, 0x0B, 0x81, 0x11, 0x08, 0x10,
    0xB0, 0x58, 0x86, 0x6B, 0x35, 0x37, 0xEA, 0xE8, 0x76, 0xF4, 0x05, 0x95, 0x72, 0x23, 0xD6, 0x9F,
    0x36, 0xCC, 0x8F, 0x53, 0x7F, 0xDF, 0xD3, 0x7A, 0x3E, 0xB3, 0xF2, 0xFC, 0xB9, 0xF2, 0xFF, 0x18,
    0x8A, 0x32, 0xD0, 0x3F, 0xF2, 0x30, 0x77, 0xD8, 0xF4, 0x32, 0x1C, 0xB0, 0x2B, 0xDC, 0xC8, 0x8F,
    0xEB, 0xEB, 0xD3, 0xE9, 0xEB, 0x53, 0xCE, 0x94, 0xC9, 0x5A, 0x9E, 0xC7, 0x3F, 0xD5, 0x47, 0xE6,
    0x35, 0xA2, 0xC3, 0xDA, 0x3A, 0x9A, 0x35, 0x3C, 0x95, 0xEA, 0x73, 0x54, 0x79, 0x7F, 0x04, 0xB4,
    0x7B, 0x5A, 0x59, 0xC6, 0xE5, 0xD0, 0x2C, 0x5C, 0xD6, 0xF3, 0x26, 0xF9, 0xB4, 0x49, 0x90, 0x7C,
    0x7B, 0x93, 0xAF, 0x79, 0x25, 0x7F, 0xF5, 0x0F, 0xBF, 0x4B, 0x0D, 0x1C, 0x10, 0x5D, 0xAF, 0x30,
    0x59, 0xDD, 0xA7, 0xDC, 0x99, 0x57, 0xC9, 0xA6, 0xA5, 0xEA, 0xFB, 0x8E, 0x3E, 0x97, 0x1F, 0x2A,
    0x54, 0xA3, 0x6B, 0x8D, 0x36, 0xF3, 0x03, 0x92, 0x8E, 0x66, 0xFE, 0xA9, 0x3B, 0xE2, 0xBD, 0x9E,
    0x79, 0xFF, 0x53, 0x67, 0x96, 0xE0, 0x7F, 0xDB, 0xFB, 0x7A, 0x20, 0xCB, 0xAD, 0x2B, 0xBD, 0x0B,
    0x80, 0x6A, 0x58, 0x8B, 0xF2, 0x42, 0xE5, 0x52, 0x20, 0x6B, 0xEC, 0x85, 0x02, 0x07, 0x5A, 0xDB,
    0x4B, 0x24, 0xEB, 0xC8, 0xC3, 0x06, 0x28, 0x96, 0xAD, 0x72, 0x31, 0xA0, 0x82, 0xA5, 0x1D, 0x38,
    0x58, 0x05, 0x9B, 0xD9, 0x55, 0x9D, 0x57, 0x0D, 0x07, 0x58, 0x31, 0x70, 0xC8, 0xB1, 0xBD, 0xB9,
    0x1C, 0x28, 0x71, 0x62, 0x29, 0x50, 0xC0, 0x72, 0xF5, 0x0C, 0x30, 0x9C, 0xAA, 0x9D, 0x40, 0x01,
    0x21, 0x71, 0x55, 0x0E, 0x14, 0x10, 0xB6, 0xC6, 0xC5, 0x70, 0xB0, 0x16, 0x28, 0xA2, 0x49, 0x00,
    0xC7, 0xEF, 0x7C, 0xDF, 0xC5, 0xBB, 0x0F, 0xF3, 0xBA, 0x9F, 0x5E, 0xCF, 0x0C, 0x47, 0xA4, 0xCB,
    0xE0, 0xCC, 0xF9, 0x3E, 0xCE, 0xFB, 0xBB, 0xFF, 0x3F, 0xE7, 0x9E, 0x73, 0xEE, 0xFB, 0x30, 0xC7,
    0x7A, 0x9C, 0xE3, 0x78, 0x01, 0x5B, 0xE8, 0xD9, 0xA9, 0x0E, 0x13, 0xC8, 0xB8, 0x57, 0x19, 0x75,
    0x2A, 0x03, 0xFA, 0x06, 0x34, 0x6E, 0x2F, 0x9D, 0xE6, 0x8B, 0x1A, 0xCB, 0x93, 0x09, 0x72, 0x74,
    0xBB, 0x92, 0xA2, 0x5C, 0x8F, 0xE4, 0xF5, 0x0E, 0x44, 0xC7, 0x2A, 0x93, 0x4E, 0xA8, 0x67, 0x2D,
    0xA0, 0xDE, 0xF4, 0xE5, 0x23, 0xF9, 0x95, 0x94, 0x91, 0xE8, 0x20, 0xDA, 0x26, 0x28, 0xEE, 0x3E,
    0x1B, 0xB1, 0x55, 0x28, 0x7A, 0xAC, 0xE9, 0xAA, 0x0E, 0x1B, 0x02, 0x01, 0xC8, 0x21, 0xA8, 0x14,
    0x92, 0xD9, 0x7E, 0xCE, 0x7E, 0x8B, 0xFD, 0xCE, 0x48, 0xB4, 0xE5, 0xB5, 0xF6, 0xF7, 0xEC, 0xAF,
    0x33, 0x2D, 0xD7, 0xD2, 0x84, 0xA1, 0xFE, 0x58, 0x79, 0x0B, 0x64, 0xA2, 0x2D, 0x9B, 0x32, 0xD4,
    0xD5, 0x74, 0x83, 0xE5, 0xBD, 0x36, 0x32, 0x4F, 0xAB, 0x6C, 0xA2, 0xD2, 0xF5, 0x75, 0x54, 0xD3,
    0x87, 0x6A, 0x14, 0x25, 0xA8, 0x14, 0x96, 0x6C, 0x31, 0x81, 0x73, 0xD2, 0x87, 0x0E, 0xF5, 0x7F,
    0x61, 0xD7, 0x50, 0xEA, 0x26, 0xA5, 0x80, 0x5D, 0xF7, 0x68, 0x12, 0xC1, 0x19, 0x38, 0x96, 0xB8,
    0xA9, 0xF4, 0xD4, 0x9C, 0x50, 0x1E, 0x18, 0x2D, 0x9F, 0xFB, 0x9F, 0x10, 0x52, 0x76, 0x9E, 0x1D,
    0xDD, 0x67, 0x01, 0x99, 0x41, 0x26, 0x90, 0xB1, 0x93, 0xD8, 0xC2, 0x6C, 0xFF, 0x24, 0xD2, 0x26,
    0xD7, 0x49, 0x27, 0xC6, 0x93, 0xDA, 0xC8, 0x05, 0x95, 0x9A, 0xDC, 0xCC, 0x7D, 0x74, 0x70, 0xF4,
    0x48, 0xEC, 0xE8, 0x31, 0x52, 0xEA, 0x1F, 0x5D, 0x46, 0x76, 0x96, 0x60, 0xF6, 0xD7, 0xF5, 0xA4,
    0x9D, 0xAC, 0x4D, 0x36, 0xFE, 0x9E, 0x49, 0x48, 0x32, 0x19, 0xB1, 0x4F, 0xE7, 0xC8, 0x97, 0x25,
    0xF1, 0xE3, 0x25, 0x89, 0x37, 0x7C, 0x92, 0x85, 0x84, 0x0B, 0xF1, 0x17, 0xE2, 0x2D, 0xC4, 0xEC,
    0x93, 0x9F, 0x54, 0x68, 0x64, 0x56, 0xFE, 0x1B, 0xAD, 0xD4, 0x73, 0x54, 0x30, 0xE5, 0xBB, 0x3B,
    0xF2, 0x2F, 0x76, 0xAB, 0xDF, 0xED, 0x00, 0x3B, 0xB7, 0x32, 0x4B, 0x6C, 0x79, 0x5D, 0x2E, 0x53,
    0xDD, 0xD4, 0xDC, 0xAF, 0x98, 0x87, 0x56, 0xE5, 0xAC, 0xC2, 0x36, 0x1F, 0x22, 0x7A, 0x3F, 0xD5,
    0xF4, 0xF8, 0xA5, 0x63, 0x11, 0xC9, 0xB1, 0xD8, 0x29, 0x6A, 0x92, 0x88, 0xC9, 0x4C, 0x8C, 0xE5,
    0x30, 0xC2, 0x6C, 0x3D, 0xD2, 0x04, 0x26, 0x76, 0x4F, 0xCA, 0x74, 0xCD, 0x2E, 0x7D, 0x2A, 0x90,
    0xC2, 0xC3, 0x53, 0x10, 0x12, 0xC3, 0x94, 0x30, 0x19, 0x4C, 0x43, 0x2C, 0xFB, 0x22, 0x9D, 0x50,
    0x24, 0xF8, 0x39, 0xFC, 0x96, 0xAF, 0xD6, 0x4A, 0x29, 0xB6, 0x6A, 0xAD, 0x1A, 0x24, 0xE6, 0xF1,
    0x64, 0xC4, 0x44, 0xBA, 0xB5, 0x09, 0x69, 0x5A, 0x52, 0xEE, 0xFC, 0x54, 0x25, 0x56, 0xAC, 0x7F,
    0xBE, 0xFC, 0xC6, 0x46, 0xE4, 0xE7, 0xAA, 0xCD, 0x99, 0x60, 0x8E, 0xA8, 0x33, 0x53, 0xD5, 0x54,
    0x9D, 0x7E, 0xB3, 0xAA, 0xBA, 0x06, 0xF6, 0xDC, 0x33, 0x6C, 0x71, 0xB0, 0x26, 0xD4, 0x7C, 0x25,
    0x13, 0x37, 0xF8, 0xAA, 0xFE, 0x50, 0xD4, 0xD1, 0xBC, 0x56, 0x6C, 0x3C, 0x6C, 0x10, 0xA4, 0x81,
    0x1A, 0xE9, 0x81, 0xD4, 0x0E, 0xB1, 0xD8, 0x5E, 0xE3, 0x83, 0xCB, 0xB0, 0x75, 0x9F, 0xBF, 0xCF,
    0xEF, 0xE3, 0xF7, 0x97, 0xF6, 0xF7, 0xB6, 0xBF, 0x2F, 0x3A, 0xC6, 0x4B, 0xB7, 0xA4, 0x4F, 0x5B,
    0x03, 0xFF, 0x17, 0xC5, 0xF9, 0x71, 0x31, 0xEB, 0x46, 0x15, 0x27, 0x7E, 0xE6, 0x52, 0x49, 0xFD,
    0x27, 0x4E, 0x17, 0x17, 0xFB, 0xBC, 0x04, 0x32, 0x1B, 0xE1, 0x34, 0xD2, 0xAB, 0x84, 0x1E, 0x75,
    0xAB, 0x3B, 0xDD, 0x7E, 0x2A, 0x15, 0x58, 0x6F, 0x70, 0x91, 0x7C, 0x47, 0x25, 0x6D, 0x74, 0xA5,
    0xB3, 0xFB, 0x69, 0x13, 0x8D, 0x1C, 0x8F, 0x97, 0xB9, 0xFA, 0x24, 0x37, 0xEE, 0x79, 0x61, 0x9B,
    0x77, 0x33, 0x1A, 0x4D, 0x78, 0x20, 0x4E, 0xF0, 0xDF, 0xF8, 0xBC, 0xF8, 0x04, 0xA1, 0x05, 0x5A,
    0x99, 0xEC, 0x4D, 0x15, 0xBB, 0xB6, 0x92, 0xEB, 0x31, 0xE4, 0x7E, 0xD5, 0x62, 0xBF, 0x37, 0x9A,
    0x65, 0x09, 0x3B, 0x24, 0xDA, 0x75, 0x5A, 0x2C, 0x6A, 0x1B, 0x4E, 0x87, 0xCF, 0xEE, 0xA8, 0xC4,
    0x39, 0x95, 0xF2, 0xAA, 0xF9, 0x8C, 0x66, 0x80, 0x34, 0x09, 0x8C, 0x59, 0xC1, 0xAC, 0xEB, 0x4E,
    0x25, 0xF6, 0xD8, 0x27, 0xFF, 0x95, 0x6E, 0x19, 0xD6, 0xBA, 0x50, 0xAD, 0x26, 0x3D, 0x2C, 0x2B,
    0x06, 0x7D, 0x71, 0xE5, 0x8C, 0xF1, 0xA2, 0x14, 0x5B, 0x6E, 0xC9, 0x9E, 0xAF, 0x96, 0xEC, 0x15,
    0x96, 0xEC, 0x65, 0xD5, 0x99, 0xAF, 0xEF, 0x2E, 0xCF, 0x45, 0x4A, 0x88, 0xCB, 0x97, 0xEC, 0x83,
    0x31, 0xF5, 0xB2, 0x64, 0x4F, 0xB1, 0x64, 0x2F, 0xDD, 0x92, 0xDD, 0xA4, 0x73, 0xEE, 0xAB, 0x0E,
    0xAD, 0x3F, 0x1B, 0xD2, 0x26, 0x1A, 0xB3, 0x3A, 0xD0, 0xBF, 0x2D, 0x3C, 0x46, 0xA1, 0x8E, 0xE9,
    0x4D, 0xCC, 0x71, 0xAF, 0x35, 0x05, 0xEC, 0x55, 0x06, 0x2D, 0xC3, 0x7F, 0x6A, 0xA2, 0x71, 0x84,
    0x8D, 0x6E, 0x30, 0x88, 0x09, 0xFB, 0xEA, 0xD1, 0x59, 0xAB, 0x2A, 0x4D, 0x0C, 0x42, 0xF7, 0x8C,
    0xBF, 0xA8, 0x0B, 0x37, 0xC4, 0xDC, 0x5B, 0xAD, 0x7D, 0x71, 0x8C, 0x77, 0xED, 0x6D, 0xD8, 0xD6,
    0xFB, 0xAD, 0xFA, 0xC1, 0x4C, 0xEF, 0xB7, 0x0D, 0xC9, 0xCC, 0xF8, 0xBC, 0xBE, 0xD9, 0xA4, 0xB0,
    0x35, 0x82, 0x62, 0x59, 0x49, 0xEA, 0x96, 0xEC, 0xA9, 0xE8, 0xC6, 0x5C, 0x5B, 0xCC, 0xB3, 0xFD,
    0xF1, 0xEC, 0x06, 0xAF, 0x4E, 0xA0, 0x65, 0x90, 0x72, 0x51, 0xA9, 0x6D, 0xD1, 0xAA, 0x30, 0xA9,
    0xB8, 0x3C, 0x12, 0xA1, 0x2D, 0x4A, 0x14, 0x67, 0xE0, 0xA8, 0x6B, 0x3D, 0x45, 0x5D, 0x4F, 0xA7,
    0x25, 0xBD, 0xD7, 0x32, 0x60, 0x67, 0x8A, 0x1C, 0xE8, 0x8B, 0x01, 0xCA, 0x82, 0xB3, 0xC1, 0xFB,
    0x65, 0x84, 0x2B, 0x1A, 0x14, 0xE0, 0xFA, 0x7D, 0x6C, 0x2D, 0xAD, 0xB1, 0x3B, 0xFC, 0x2D, 0x72,
    0xBD, 0x7C, 0xCD, 0x99, 0x1C, 0x48, 0xD3, 0x27, 0xE0, 0x33, 0xCC, 0xE8, 0xF8, 0x7D, 0xCC, 0xAF,
    0x58, 0xC3, 0xB7, 0xC4, 0x79, 0xB5, 0xBF, 0xA2, 0x8C, 0xAE, 0x31, 0x6A, 0xD5, 0x18, 0xB5, 0x1E,
    0x62, 0xD4, 0xFA, 0x70, 0x67, 0xD4, 0xEA, 0x9E, 0xE3, 0xA8, 0x85, 0x6D, 0x46, 0x8B, 0xF1, 0x6A,
    0xA6, 0x34, 0xC6, 0xFC, 0xE3, 0x1F, 0x39, 0x63, 0x28, 0x69, 0x90, 0x16, 0xA5, 0xD1, 0xA0, 0x32,
    0x69, 0x54, 0xFE, 0x7D, 0xB3, 0x7E, 0x7E, 0xBF, 0xFA, 0x38, 0xF3, 0xCD, 0x1F, 0x39, 0x93, 0xEC,
    0x50, 0x54, 0x7A, 0x52, 0xBA, 0x93, 0x67, 0x6E, 0x92, 0xCD, 0x7F, 0x31, 0x5F, 0x20, 0x0D, 0xA6,
    0xF1, 0x3B, 0xA8, 0x00, 0x3A, 0x23, 0x1B, 0x39, 0x78, 0x2A, 0xA7, 0x10, 0x05, 0x21, 0xA3, 0xB5,
    0x29, 0xDB, 0x7B, 0xF6, 0x14, 0x0D, 0x69, 0xE3, 0xD3, 0x0D, 0x46, 0xA5, 0x51, 0xF9, 0x32, 0x46,
    0xD8, 0x57, 0xA0, 0x2B, 0xB8, 0xA5, 0xBB, 0x56, 0x2A, 0x1A, 0x0C, 0xCE, 0xB3, 0x7C, 0x74, 0x6E,
    0x2A, 0x1A, 0x1E, 0x42, 0xD1, 0xF0, 0xB3, 0xCB, 0x15, 0x0D, 0xE9, 0x9E, 0xA2, 0x21, 0xB4, 0x8A,
    0x06, 0xC8, 0xC6, 0x1D, 0xCF, 0x27, 0xBF, 0x53, 0xD1, 0xF0, 0x22, 0x77, 0xB6, 0x91, 0xCA, 0x76,
    0xBD, 0xB3, 0xA5, 0xE6, 0x3A, 0xA5, 0x85, 0x59, 0xE7, 0x64, 0xE4, 0x94, 0x26, 0x94, 0x55, 0xA9,
    0x7E, 0x05, 0xDE, 0x6C, 0x22, 0x3A, 0x5F, 0x86, 0x7A, 0xB8, 0x36, 0x98, 0x58, 0x59, 0xF3, 0xC7,
    0x32, 0xC2, 0x22, 0x4D, 0x97, 0x33, 0xB3, 0xBE, 0x64, 0x52, 0xBC, 0x09, 0xB6, 0xE6, 0x70, 0xCC,
    0xF7, 0xA5, 0x51, 0x16, 0xC1, 0x5D, 0x48, 0x99, 0xBE, 0xE4, 0x58, 0xD5, 0xAB, 0x3D, 0xB3, 0xBE,
    0xA9, 0x18, 0xB4, 0x17, 0x79, 0x3A, 0x81, 0x8D, 0x30, 0x88, 0xA0, 0x0F, 0x42, 0x56, 0x62, 0x25,
    0x24, 0x93, 0xC9, 0x72, 0x5D, 0x0E, 0xA9, 0x7A, 0xA1, 0xC0, 0x9A, 0x28, 0x10, 0x31, 0xB3, 0xB2,
    0x31, 0xFA, 0x95, 0x98, 0x11, 0xF5, 0x13, 0x3F, 0x94, 0xEF, 0x0C, 0x68, 0xF4, 0xC9, 0xDB, 0xF2,
    0x76, 0x87, 0xE3, 0x88, 0x2C, 0x90, 0xF7, 0x1B, 0x65, 0x72, 0xDB, 0x97, 0x0F, 0x39, 0xDE, 0x8C,
    0x9E, 0x58, 0xFF, 0x83, 0xC1, 0xA0, 0x77, 0xF3, 0xB4, 0x72, 0x24, 0x6B, 0x0D, 0xCC, 0x20, 0x90,
    0xAC, 0xAA, 0x5B, 0xEC, 0x36, 0x8A, 0xDA, 0x98, 0x93, 0xC9, 0x44, 0x93, 0x31, 0x43, 0xA1, 0x83,
    0x8D, 0x09, 0xE6, 0x7F, 0x2E, 0xCD, 0x06, 0x7D, 0xC1, 0xC4, 0x91, 0x9B, 0x02, 0x7E, 0x4C, 0xB5,
    0x1E, 0x54, 0x0D, 0xC4, 0x74, 0x54, 0xEF, 0xD1, 0x0C, 0xE7, 0xD9, 0xAA, 0xEF, 0x8A, 0x67, 0xC5,
    0xB7, 0x70, 0x96, 0xDE, 0x9B, 0x73, 0x1D, 0x44, 0x92, 0xC1, 0x68, 0x87, 0xD6, 0x41, 0xBF, 0x37,
    0x38, 0xAD, 0xF4, 0xF5, 0x40, 0xF6, 0xFE, 0x67, 0xB3, 0xB6, 0x28, 0x79, 0xF0, 0x6B, 0x9C, 0xF5,
    0xC8, 0xAF, 0x1E, 0x48, 0x8C, 0xB3, 0x94, 0xEF, 0xC8, 0x6D, 0xD8, 0xC9, 0x79, 0xD6, 0xCB, 0x9D,
    0x89, 0x4D, 0x7B, 0x1E, 0xC0, 0x27, 0xAD, 0xD6, 0x18, 0xD7, 0x27, 0x04, 0x9A, 0x8E, 0xEE, 0x29,
    0x7B, 0x2A, 0x9E, 0x02, 0x5A, 0xB8, 0xA7, 0x63, 0x49, 0x89, 0x8D, 0x67, 0xBC, 0xC0, 0xBE, 0x92,
    0x48, 0xE4, 0x0E, 0x61, 0x31, 0xA2, 0xCF, 0x77, 0xAC, 0xB4, 0x3C, 0x69, 0x6C, 0xE5, 0x1E, 0x80,
    0x56, 0x41, 0xCB, 0xD5, 0x1A, 0x9C, 0x45, 0x38, 0x96, 0xE4, 0xB9, 0x24, 0x60, 0xCE, 0x8F, 0x9A,
    0x20, 0xAC, 0x3C, 0x6E, 0xE2, 0x38, 0x20, 0x91, 0x27, 0xC8, 0x11, 0x87, 0xA9, 0x62, 0x8D, 0x7C,
    0x0F, 0xF6, 0xA6, 0x3C, 0xD9, 0xBC, 0x73, 0x76, 0x87, 0xA9, 0x73, 0xC9, 0x82, 0xD6, 0xA3, 0x31,
    0x90, 0x42, 0xA4, 0xD7, 0x03, 0x5E, 0x5F, 0x9A, 0x33, 0xBA, 0x56, 0xAB, 0x1E, 0x5A, 0x89, 0xDA,
    0x25, 0x80, 0x14, 0xEA, 0x1E, 0x6A, 0x8B, 0xC4, 0x7F, 0x04, 0xD2, 0x30, 0x55, 0xFE, 0x92, 0xBC,
    0xE0, 0x49, 0x82, 0xA7, 0x73, 0xC4, 0xBD, 0x74, 0x19, 0xF1, 0x1D, 0x69, 0x48, 0x68, 0x72, 0xC1,
    0xEA, 0x20, 0x41, 0xF3, 0xF6, 0x94, 0xC0, 0xCF, 0x40, 0x89, 0x5A, 0x45, 0x64, 0x4A, 0x22, 0x69,
    0xFC, 0x59, 0x5B, 0x8E, 0xC7, 0xCD, 0x89, 0xA6, 0x5E, 0xA4, 0x05, 0xF1, 0x2A, 0xEC, 0xCC, 0x75,
    0xFF, 0x01, 0xAC, 0x44, 0xCA, 0x44, 0x57, 0x4E, 0x3F, 0x97, 0x96, 0x76, 0x0D, 0x19, 0x15, 0x9B,
    0xC4, 0x74, 0x32, 0xA9, 0xB5, 0xAE, 0xF8, 0xA3, 0x9C, 0x68, 0x8C, 0x43, 0xE4, 0xC6, 0xE1, 0xDE,
    0xEB, 0x44, 0x7C, 0x0F, 0x51, 0xD3, 0xF8, 0x2D, 0x6B, 0xCB, 0xD1, 0xA1, 0x25, 0x35, 0x51, 0x97,
    0xE8, 0x92, 0x49, 0x30, 0x07, 0x6A, 0x05, 0xE4, 0x36, 0x7D, 0x18, 0x88, 0xDB, 0x95, 0xBB, 0xB9,
    0x27, 0x3D, 0x30, 0x90, 0x11, 0x18, 0x3E, 0x26, 0x46, 0xBF, 0x9A, 0x80, 0xF1, 0x43, 0x01, 0x26,
    0xAF, 0x11, 0x33, 0xEB, 0x5E, 0x7A, 0xDB, 0xDA, 0xBB, 0x9C, 0xB3, 0xAE, 0xCC, 0xF4, 0x26, 0x0A,
    0x94, 0xF6, 0x11, 0xC8, 0x08, 0xBE, 0x38, 0xFC, 0x35, 0x4F, 0x5E, 0xA3, 0x07, 0x92, 0x28, 0xC6,
    0x6F, 0xDB, 0x03, 0xD8, 0xD7, 0x24, 0x16, 0x83, 0xD2, 0x0D, 0x15, 0x6F, 0x07, 0x3C, 0x86, 0x1D,
    0xD9, 0x22, 0xCC, 0x10, 0xE0, 0xD8, 0x42, 0xBD, 0x4A, 0xD1, 0x51, 0x80, 0x9D, 0x49, 0xC6, 0x40,
    0xD4, 0x4B, 0x4B, 0x24, 0x90, 0x58, 0xA4, 0x5E, 0x70, 0xEB, 0xA5, 0x9E, 0xCE, 0x80, 0x4C, 0x00,
    0x15, 0xD3, 0xFA, 0x29, 0x0D, 0x74, 0x3E, 0x66, 0xDD, 0x77, 0x48, 0x60, 0xD8, 0x56, 0x3D, 0xA6,
    0x28, 0x6C, 0xA7, 0x63, 0x4E, 0xA9, 0x29, 0xD7, 0x64, 0x59, 0xF6, 0x33, 0x51, 0xB3, 0x87, 0xEC,
    0x81, 0x0E, 0x8C, 0xE3, 0x06, 0x6A, 0xE3, 0xF5, 0xD9, 0x7D, 0x4D, 0x50, 0x97, 0xD5, 0x9A, 0x9E,
    0x36, 0xD3, 0x63, 0x88, 0x68, 0x03, 0xC5, 0x60, 0x52, 0x7D, 0x6D, 0x36, 0xA2, 0xEF, 0x94, 0x7A,
    0x01, 0x24, 0x0B, 0xB5, 0x44, 0x9A, 0xC9, 0x76, 0xF4, 0x29, 0x64, 0xA7, 0x93, 0x96, 0x96, 0x7A,
    0x9F, 0xA9, 0x04, 0xF5, 0x7F, 0x2B, 0x0D, 0x29, 0xCE, 0xE0, 0x2C, 0x0D, 0x5B, 0xE9, 0x2C, 0x8D,
    0xEB, 0xAA, 0x27, 0xA5, 0x81, 0x00, 0x69, 0x9A, 0xA7, 0xA0, 0xBF, 0x7C, 0xF3, 0xCD, 0xE2, 0xCD,
    0xB3, 0x59, 0xA9, 0x7D, 0x1C, 0xE5, 0x30, 0x65, 0xBC, 0x41, 0x1E, 0x48, 0x09, 0xEA, 0x77, 0x1B,
    0x5A, 0x83, 0x06, 0xED, 0xF6, 0xD0, 0x26, 0x6A, 0x54, 0x2F, 0x02, 0x1A, 0xD7, 0xA2, 0x99, 0x55,
    0x9A, 0xE4, 0x34, 0xBB, 0xC0, 0x78, 0x8E, 0xB6, 0xA8, 0xF4, 0x74, 0x43, 0x53, 0xD2, 0xBB, 0x06,
    0x2D, 0x5D, 0xE9, 0xA4, 0x14, 0xFA, 0x94, 0x50, 0xF4, 0x0D, 0xDA, 0x1A, 0x25, 0x93, 0x5A, 0x8B,
    0x66, 0x5C, 0xD1, 0x91, 0xAB, 0x48, 0x25, 0x3E, 0x36, 0x07, 0xF8, 0x61, 0x9B, 0xD7, 0x48, 0x06,
    0x92, 0xF8, 0xC7, 0x23, 0x49, 0xF2, 0xE7, 0x13, 0x49, 0x16, 0x0B, 0xC9, 0xED, 0xC8, 0x66, 0xEB,
    0x3C, 0x40, 0xA6, 0xF0, 0xD4, 0x0B, 0x69, 0x0D, 0x3C, 0xBB, 0x46, 0xF6, 0xA7, 0xF0, 0x83, 0x91,
    0x39, 0x88, 0x1F, 0x8C, 0x4C, 0x7F, 0xF2, 0xDA, 0x48, 0x7D, 0x53, 0x1A, 0x8C, 0x4C, 0xFB, 0x69,
    0x30, 0x46, 0xA2, 0xE4, 0x5E, 0x30, 0x86, 0xDA, 0x9B, 0xDF, 0x93, 0xD7, 0xA8, 0x8D, 0x7B, 0x5F,
    0x36, 0x9F, 0x92, 0x71, 0x4B, 0x4C, 0x6C, 0x7F, 0xCB, 0x11, 0x6C, 0xE0, 0xB3, 0xDC, 0x46, 0xC9,
    0xB1, 0xFE, 0xEB, 0x86, 0x2E, 0x90, 0xF4, 0xD2, 0xE1, 0x4A, 0x34, 0xB2, 0x36, 0xEC, 0x26, 0x29,
    0x8D, 0xED, 0xDA, 0x06, 0x8F, 0xB4, 0x23, 0x49, 0xF1, 0xDB, 0xDE, 0x12, 0x21, 0x49, 0x45, 0xAC,
    0xA5, 0x18, 0x47, 0x75, 0xAC, 0x86, 0x69, 0x69, 0x20, 0xB6, 0x03, 0xE9, 0x29, 0x88, 0x8F, 0xC6,
    0x30, 0x6A, 0x97, 0x69, 0xB8, 0x3A, 0xC0, 0xD8, 0xA6, 0xA7, 0x26, 0x50, 0xA2, 0x88, 0x12, 0x2A,
    0x9E, 0x36, 0x84, 0x35, 0xB7, 0x21, 0x31, 0x54, 0x5A, 0x81, 0x20, 0x4D, 0x42, 0xDB, 0xFF, 0x06,
    0x9D, 0x6D, 0xF4, 0x64, 0x90, 0x96, 0xAA, 0xB0, 0xC1, 0x64, 0xCC, 0xE8, 0x16, 0x13, 0xD9, 0x70,
    0xC3, 0x8C, 0xDF, 0xE5, 0x52, 0xC1, 0x1F, 0xE8, 0x5D, 0x11, 0xB5, 0xCC, 0x35, 0x8D, 0x3A, 0x63,
    0x29, 0x38, 0xC6, 0xC8, 0xA4, 0x70, 0xC2, 0x89, 0x8E, 0x56, 0xCB, 0x50, 0x66, 0xC8, 0x43, 0xFD,
    0xBE, 0xAA, 0x95, 0xF7, 0x14, 0x85, 0x4D, 0xD0, 0x43, 0x3B, 0x41, 0x84, 0x22, 0xDB, 0xF8, 0x8C,
    0x68, 0xAF, 0x8D, 0x84, 0xCD, 0x2E, 0x99, 0x7C, 0xD1, 0xD3, 0x68, 0x19, 0x62, 0x91, 0x50, 0x5A,
    0xB9, 0xB3, 0x41, 0xAF, 0xC2, 0xE0, 0xBC, 0x8C, 0xA3, 0x3B, 0x1C, 0x5D, 0x10, 0xDA, 0x94, 0x98,
    0xCD, 0x1B, 0x6B, 0x86, 0xA4, 0x26, 0xA7, 0x69, 0x0D, 0x38, 0xF2, 0x35, 0x59, 0x1E, 0x49, 0xE9,
    0x0F, 0x96, 0xEB, 0xD6, 0xAA, 0x03, 0x47, 0xD5, 0xC6, 0xF5, 0xC2, 0x8B, 0x21, 0xCB, 0x17, 0x9E,
    0x4E, 0x5A, 0x14, 0xE4, 0xB1, 0xAD, 0x2B, 0xFB, 0xF4, 0x3B, 0x5C, 0x8C, 0x4D, 0x03, 0xF2, 0x0E,
    0xEE, 0x23, 0xBF, 0x4C, 0x1B, 0xF2, 0xCC, 0xBE, 0xC7, 0xFC, 0x66, 0x3D, 0x78, 0x2C, 0xAE, 0xF7,
    0x25, 0xDA, 0xD1, 0x36, 0x82, 0x33, 0x97, 0xEB, 0x7F, 0x58, 0x76, 0x45, 0xB2, 0x4C, 0x6D, 0x8B,
    0x45, 0x94, 0x11, 0xE5, 0xBE, 0xDD, 0xD9, 0x35, 0x1E, 0x56, 0x78, 0x30, 0xC6, 0x2F, 0x75, 0xD3,
    0x51, 0xCC, 0xCA, 0x27, 0xA3, 0xFC, 0xC6, 0xAC, 0x35, 0x6E, 0x93, 0xE9, 0x28, 0xFA, 0x67, 0x35,
    0x18, 0x7F, 0x36, 0xCB, 0x8F, 0x86, 0x4B, 0x1F, 0x15, 0x5D, 0x74, 0x2D, 0x49, 0xCF, 0x4A, 0x52,
    0x4F, 0xDA, 0x79, 0x29, 0x8C, 0xEA, 0x93, 0x81, 0x94, 0xAE, 0x07, 0xAE, 0x28, 0xEE, 0x38, 0xCA,
    0x2F, 0xF3, 0xE4, 0x03, 0x4D, 0x08, 0x1B, 0xE7, 0xDB, 0x12, 0x89, 0xA5, 0xFA, 0x5F, 0xAE, 0x34,
    0x02, 0x2D, 0x95, 0xC6, 0x53, 0x20, 0x9E, 0xF5, 0x5F, 0x42, 0xBB, 0x47, 0xF1, 0x2D, 0x2D, 0x3F,
    0x96, 0x5A, 0x7A, 0xCD, 0x9F, 0xE6, 0xE0, 0x67, 0xD2, 0xC2, 0x8A, 0xA7, 0xDC, 0xD0, 0x39, 0xDF,
    0xD0, 0x13, 0x54, 0xAD, 0x6A, 0x53, 0x8C, 0x4E, 0xEB, 0x0F, 0x90, 0x8D, 0x25, 0xBE, 0xD5, 0x19,
    0x22, 0x58, 0x88, 0x34, 0xE9, 0xFC, 0xAA, 0xF4, 0xF0, 0x09, 0x29, 0x3A, 0x93, 0xCC, 0x34, 0x6B,
    0x6B, 0x37, 0x22, 0x6A, 0x77, 0x6D, 0x7D, 0x26, 0x76, 0x72, 0x6A, 0x2C, 0xD5, 0x7B, 0xBF, 0x80,
    0xF6, 0x09, 0xA3, 0xFC, 0x89, 0x74, 0xD4, 0xE6, 0xD9, 0x69, 0x2A, 0x96, 0x7D, 0x91, 0x60, 0xFE,
    0x99, 0x78, 0x68, 0xF8, 0x95, 0x1F, 0x4B, 0x07, 0x95, 0x5A, 0xA4, 0x46, 0x79, 0x69, 0xCF, 0xED,
    0x2A, 0x44, 0x34, 0x6C, 0x44, 0x35, 0xA7, 0xEA, 0xB1, 0x18, 0xF3, 0x90, 0x7F, 0xCE, 0x31, 0xD6,
    0xFC, 0xA9, 0xE1, 0xD6, 0xC5, 0x1F, 0x8C, 0x3F, 0xE8, 0xAC, 0x38, 0xA5, 0x1B, 0x91, 0xE9, 0x6B,
    0x4A, 0xA0, 0x16, 0x8B, 0x67, 0xDD, 0x4D, 0x74, 0xE9, 0x6C, 0xB2, 0x56, 0x1D, 0x97, 0x1B, 0x1D,
    0xA7, 0x6B, 0x97, 0x0D, 0x9D, 0x46, 0x3C, 0xCD, 0x41, 0x21, 0xB9, 0x8A, 0xD6, 0x7E, 0x78, 0x51,
    0xFD, 0xD7, 0xBB, 0x82, 0xEE, 0xD6, 0x92, 0x9B, 0x7F, 0x27, 0x13, 0x6D, 0x81, 0x32, 0xF5, 0x95,
    0x86, 0x2F, 0xB7, 0x18, 0x08, 0xEF, 0x1E, 0xCE, 0x0E, 0xCA, 0xEA, 0xE7, 0x95, 0xEE, 0x98, 0x44,
    0xEA, 0x13, 0xB9, 0x83, 0x61, 0xEF, 0xAB, 0x86, 0x5E, 0x11, 0xB1, 0x8C, 0x5B, 0x92, 0x48, 0x5D,
    0x48, 0x13, 0xD3, 0x3E, 0x14, 0x06, 0x24, 0xCF, 0x48, 0x7C, 0x92, 0xD9, 0x78, 0xFA, 0xB5, 0xA8,
    0x24, 0x41, 0xBE, 0x47, 0xAD, 0xA7, 0x98, 0x83, 0x62, 0x3A, 0xC5, 0x72, 0x82, 0xA0, 0x15, 0x9C,
    0x26, 0x69, 0x4D, 0xCA, 0x35, 0x13, 0xEA, 0xE6, 0xFA, 0xA4, 0x90, 0x06, 0xA8, 0xED, 0x7A, 0x4D,
    0xCC, 0xB7, 0x21, 0x6F, 0x5E, 0x47, 0x8A, 0x98, 0x9B, 0x41, 0xAB, 0x32, 0x1A, 0x92, 0x8D, 0x8C,
    0xC7, 0x40, 0xFF, 0x65, 0x52, 0x69, 0x66, 0xC8, 0x0A, 0x32, 0x3B, 0x42, 0x9E, 0x42, 0xBE, 0x15,
    0x48, 0x7E, 0xD3, 0x9C, 0xFB, 0x52, 0xDE, 0x34, 0x6A, 0x5E, 0x71, 0x13, 0xBE, 0xA4, 0x37, 0x93,
    0xC6, 0xA4, 0x28, 0x82, 0xD0, 0x79, 0xAF, 0x31, 0x0D, 0xD7, 0x97, 0x3F, 0x9E, 0x4B, 0x63, 0x4F,
    0x3E, 0xE8, 0x17, 0xE9, 0x3C, 0x36, 0x67, 0xEC, 0xD4, 0xE2, 0xD1, 0xE8, 0xDF, 0x94, 0x4A, 0x88,
    0xAC, 0x37, 0xB4, 0x7A, 0x5E, 0x7B, 0x6C, 0xBE, 0x09, 0x5D, 0xCF, 0x67, 0xD2, 0x28, 0x88, 0x4C,
    0xE1, 0x06, 0x66, 0x18, 0xFB, 0x4A, 0xE7, 0x11, 0xCC, 0x8D, 0xFF, 0xEC, 0x3C, 0x36, 0x01, 0x07,
    0x3D, 0x36, 0x43, 0xD1, 0x09, 0x07, 0x73, 0x34, 0xCC, 0x80, 0xE6, 0x1F, 0x4B, 0x8E, 0x74, 0x0E,
    0x4C, 0x75, 0xBE, 0x38, 0xC3, 0xD0, 0x0A, 0xE5, 0x55, 0x69, 0x62, 0xED, 0x32, 0x30, 0xC4, 0x86,
    0xB9, 0x0F, 0x0C, 0x7F, 0x54, 0xCC, 0xF2, 0x49, 0x1F, 0x0B, 0x9F, 0xA1, 0x10, 0x3D, 0xB4, 0x7D,
    0x67, 0x6D, 0x20, 0x94, 0xA8, 0x81, 0x50, 0x3A, 0xA6, 0xA3, 0xB3, 0x7D, 0xFD, 0x01, 0x4F, 0x2D,
    0x68, 0xAD, 0x2D, 0x20, 0x03, 0x20, 0x9B, 0x13, 0xFE, 0x2A, 0xA7, 0x02, 0xCC, 0xE5, 0xC1, 0xF0,
    0x27, 0x9E, 0x34, 0x50, 0xB0, 0x48, 0x0B, 0x87, 0x3B, 0xFD, 0xE6, 0x1A, 0x27, 0x22, 0xDA, 0x8B,
    0x34, 0x51, 0xEC, 0xB5, 0x19, 0xC7, 0xA0, 0xDB, 0xEC, 0xC8, 0x77, 0xB9, 0xBE, 0x18, 0xD9, 0x71,
    0x39, 0xEE, 0xFE, 0x65, 0x8F, 0x19, 0xFA, 0x3D, 0x9A, 0x9D, 0x3F, 0xA0, 0x8D, 0xC3, 0x47, 0x8D,
    0x42, 0xF5, 0x49, 0xAD, 0x50, 0x58, 0xC5, 0x98, 0xE4, 0x0A, 0xA9, 0x5D, 0xFE, 0xAF, 0x62, 0x41,
    0x45, 0x23, 0x20, 0x50, 0xD0, 0x54, 0xFB, 0x93, 0xCA, 0x58, 0x34, 0xE9, 0x09, 0x52, 0x9E, 0xFD,
    0x2B, 0x4D, 0xF8, 0x5B, 0xD0, 0x61, 0x30, 0xDE, 0xC2, 0xA0, 0x0A, 0x43, 0xAF, 0xD7, 0xD4, 0xFA,
    0x88, 0xCA, 0x10, 0xB4, 0x58, 0xAD, 0x34, 0x9A, 0xD4, 0x10, 0x0B, 0xA8, 0x08, 0xA3, 0xC9, 0x1B,
    0x98, 0x35, 0xDE, 0x41, 0x32, 0x3F, 0x44, 0x2A, 0xB1, 0xA6, 0xB7, 0xAE, 0xB4, 0xBB, 0x4E, 0x8C,
    0x83, 0xA6, 0xF6, 0x7F, 0x22, 0xB9, 0x69, 0x57, 0x61, 0x73, 0x3C, 0xA4, 0x1D, 0x12, 0x16, 0x51,
    0x37, 0xE9, 0x8F, 0x34, 0x75, 0xB9, 0x6B, 0x2E, 0x7F, 0xBE, 0xD4, 0x25, 0x1F, 0xCE, 0x31, 0xFC,
    0xD7, 0xBF, 0x0B, 0x67, 0xE8, 0xFB, 0xA2, 0x9F, 0x69, 0x8A, 0x5C, 0xB5, 0x99, 0x89, 0x6E, 0x22,
    0x86, 0xB0, 0x35, 0xEE, 0xF9, 0x3D, 0xD7, 0xD4, 0xDA, 0x40, 0x34, 0x11, 0xE9, 0x17, 0x5E, 0xF5,
    0xC9, 0x0C, 0x82, 0x3E, 0xCB, 0xED, 0x25, 0x8B, 0xCF, 0x54, 0x0D, 0x39, 0xDC, 0x77, 0x3B, 0xF2,
    0x54, 0xF9, 0x90, 0x89, 0x84, 0x32, 0xEA, 0xF7, 0xA6, 0x23, 0x79, 0xD1, 0x6B, 0x22, 0xE1, 0x6F,
    0xD5, 0x56, 0x1D, 0x4C, 0xA7, 0x70, 0x8E, 0x20, 0xCA, 0x85, 0x76, 0x56, 0xE4, 0x0A, 0x05, 0x39,
    0x86, 0xFE, 0xBB, 0x96, 0x6B, 0x32, 0xC7, 0x85, 0xA7, 0xA3, 0x37, 0x2C, 0x3C, 0x9E, 0xFC, 0xDE,
    0x72, 0xDA, 0x62, 0xF1, 0xFB, 0x4D, 0x28, 0x41, 0x6B, 0xF8, 0xBB, 0x26, 0x90, 0xD7, 0x6B, 0xC3,
    0xF4, 0x18, 0x5F, 0xDE, 0xAF, 0x15, 0xF1, 0xFF, 0xF2, 0x7E, 0x8E, 0xCA, 0xD3, 0xF4, 0x57, 0x8F,
    0x5D, 0xBE, 0x0A, 0x78, 0x3E, 0x30, 0xBF, 0xD9, 0xE4, 0xCA, 0x21, 0x19, 0x5D, 0xF9, 0xC4, 0x3B,
    0xE5, 0xC6, 0x16, 0xCD, 0x27, 0xEA, 0x1C, 0x8F, 0x5B, 0xC7, 0xD3, 0xDA, 0xF1, 0xAC, 0x74, 0x5C,
    0x1C, 0x0D, 0xE6, 0x2D, 0xF5, 0xCE, 0x46, 0xF7, 0x2D, 0xD2, 0x3A, 0xFE, 0x29, 0x00, 0xD6, 0x0F,
    0xD2, 0xF2, 0xA8, 0x6E, 0xB6, 0x34, 0x94, 0xEF, 0x48, 0x5D, 0xCC, 0x79, 0x32, 0x19, 0x6B, 0x30,
    0xB9, 0x84, 0x15, 0x1C, 0xE2, 0x0D, 0x6D, 0x0D, 0x46, 0xBA, 0x78, 0xD2, 0xBE, 0x82, 0x91, 0x2F,
    0x14, 0xC6, 0x64, 0x45, 0x10, 0x3E, 0x93, 0x94, 0xA0, 0xE2, 0x4B, 0x99, 0x19, 0x52, 0x4F, 0xEA,
    0x85, 0x1A, 0x69, 0xDE, 0x5A, 0x68, 0xD5, 0x9E, 0x2F, 0x34, 0xEB, 0x30, 0x4F, 0x63, 0x7A, 0xF8,
    0xB8, 0xD7, 0x82, 0xD2, 0x02, 0x4F, 0x3E, 0xED, 0x0C, 0x7F, 0x8D, 0x89, 0xC7, 0xE8, 0x0A, 0x0F,
    0x0B, 0xA6, 0x8C, 0xEB, 0x92, 0x10, 0x23, 0x2D, 0x96, 0x72, 0x1C, 0x6F, 0xE9, 0x63, 0x4C, 0x7F,
    0x23, 0x71, 0x45, 0xE1, 0x4A, 0xC5, 0x1F, 0x5D, 0x59, 0x39, 0xEA, 0x4A, 0xDF, 0x19, 0xB8, 0xB8,
    0xF6, 0x89, 0xA5, 0x1E, 0x90, 0xF1, 0xF4, 0xB6, 0xF4, 0x8E, 0x65, 0xB6, 0xD7, 0x0A, 0x00, 0xE1,
    0x5A, 0xB0, 0xCC, 0x28, 0xB1, 0x34, 0x84, 0x5A, 0xE9, 0x13, 0x29, 0xF4, 0x74, 0xFC, 0x2F, 0xC7,
    0x48, 0xB0, 0x06, 0xDB, 0x7A, 0xCE, 0x34, 0x19, 0xA0, 0x2B, 0x06, 0xAC, 0x2A, 0x79, 0x42, 0xDA,
    0x57, 0xB4, 0x04, 0x10, 0xC0, 0x78, 0x04, 0xD8, 0x0F, 0xD8, 0x8F, 0xDB, 0x2F, 0xB3, 0x5F, 0x9D,
    0x4C, 0x0A, 0x8D, 0xDD, 0x4D, 0x6F, 0x12, 0x31, 0x45, 0x62, 0x3C, 0xF9, 0x4C, 0x93, 0x84, 0x04,
    0x76, 0xDB, 0xE4, 0x32, 0xF1, 0xCC, 0x8A, 0xCB, 0x58, 0x06, 0x29, 0x9C, 0xE9, 0xE1, 0xDB, 0x23,
    0x88, 0xB3, 0x52, 0xE8, 0x30, 0x49, 0x97, 0xA9, 0xC1, 0x44, 0xB3, 0x75, 0x9C, 0xC2, 0x7E, 0x26,
    0xE7, 0x8E, 0x0E, 0xB2, 0xBE, 0x4A, 0x56, 0x78, 0x0F, 0x25, 0x3F, 0xCB, 0x7D, 0x5F, 0x8C, 0xEF,
    0xC4, 0xF7, 0xE3, 0xB7, 0x1A, 0xAD, 0x80, 0x89, 0x69, 0x70, 0xE9, 0x31, 0xE1, 0xEC, 0x4E, 0x44,
    0x2F, 0xDC, 0xF9, 0x48, 0x4F, 0x26, 0x5B, 0x36, 0x9E, 0x58, 0xE6, 0x75, 0x5F, 0xBD, 0xD1, 0xEF,
    0xF5, 0x9F, 0xAC, 0xDE, 0xF7, 0x4D, 0x0C, 0xB7, 0xAF, 0x46, 0x0B, 0x31, 0x6F, 0x6D, 0xD9, 0xD7,
    0xCC, 0xFA, 0x81, 0xEE, 0x0D, 0x16, 0x35, 0xD0, 0xC6, 0x25, 0x34, 0x7E, 0xF9, 0x4F, 0xBA, 0x43,
    0x39, 0xEB, 0x35, 0x99, 0xD2, 0x14, 0x9D, 0x76, 0x1A, 0xD5, 0x90, 0x57, 0xD8, 0x94, 0x0F, 0x26,
    0xAB, 0xB3, 0x9A, 0xF9, 0xCE, 0xF2, 0x44, 0x37, 0x6C, 0x45, 0xAF, 0x5F, 0x9C, 0x7B, 0x5C, 0xDF,
    0xD0, 0x61, 0xCC, 0x32, 0x23, 0xAD, 0x2C, 0xAC, 0x7B, 0x16, 0x56, 0xD9, 0x82, 0x90, 0xB6, 0x20,
    0xF3, 0x71, 0x8C, 0x6F, 0xFE, 0x60, 0xAB, 0x7B, 0x8C, 0x95, 0x95, 0xD0, 0x8C, 0x96, 0xA8, 0x0B,
    0xC9, 0x6D, 0x4C, 0xA2, 0x40, 0xDA, 0xD0, 0x06, 0xA9, 0xA4, 0x61, 0x18, 0x9D, 0xA2, 0xA4, 0x4C,
    0xB1, 0x9C, 0xF6, 0x74, 0xCB, 0x68, 0xD7, 0xD3, 0xF7, 0xF2, 0x65, 0xC0, 0xEF, 0x81, 0x38, 0xB1,
    0x5F, 0xC8, 0x08, 0x92, 0x7E, 0xC7, 0x92, 0x53, 0x93, 0x92, 0xBC, 0x12, 0xFE, 0x80, 0x84, 0xC7,
    0x33, 0x20, 0xFB, 0x36, 0x66, 0x8D, 0x25, 0x51, 0x69, 0xC9, 0x37, 0xCC, 0x15, 0xCF, 0x0D, 0x8D,
    0xD2, 0xA6, 0x1D, 0x01, 0xD6, 0x11, 0x1A, 0x9C, 0x77, 0xFE, 0xF3, 0x3E, 0xE9, 0x75, 0x6B, 0x37,
    0x86, 0x43, 0xDA, 0x62, 0x55, 0x1A, 0xF4, 0x49, 0x8D, 0x96, 0x1B, 0x74, 0x71, 0x8D, 0xC6, 0xAB,
    0xCE, 0x10, 0x01, 0xD7, 0xA6, 0x76, 0x75, 0x4A, 0x52, 0x1F, 0x43, 0x2A, 0x12, 0xF8, 0xB7, 0x78,
    0xA5, 0x5D, 0x9D, 0x06, 0xD8, 0xDC, 0x73, 0x28, 0x8D, 0x67, 0x2D, 0xD1, 0x6C, 0x42, 0x84, 0x05,
    0x91, 0xB9, 0xB2, 0x31, 0x2E, 0x86, 0x44, 0x53, 0xA8, 0x01, 0x66, 0x3D, 0x2C, 0x51, 0xA9, 0x7E,
    0x51, 0xA4, 0xDA, 0x92, 0x2C, 0xF1, 0xDB, 0x57, 0xC8, 0xFE, 0xAE, 0xA9, 0xFF, 0x01, 0xD9, 0x4B,
    0x26, 0x7F, 0xC9, 0x5C, 0xFE, 0x78, 0x92, 0x73, 0xF7, 0xCE, 0x08, 0xA0, 0x13, 0x26, 0x44, 0xE9,
    0xB4, 0x32, 0x23, 0xC9, 0xFF, 0x19, 0x8E, 0xB6, 0x78, 0xDE, 0x33, 0xB2, 0x9E, 0x6B, 0x1E, 0x6D,
    0x95, 0xDA, 0x27, 0x78, 0xB4, 0xA5, 0x2C, 0xDE, 0xB2, 0x08, 0x87, 0x5C, 0xCA, 0xF4, 0x4D, 0x98,
    0x7F, 0xF1, 0x12, 0x4E, 0xF2, 0xB5, 0x2D, 0x81, 0xD1, 0xE1, 0x51, 0x06, 0x53, 0x19, 0xBA, 0xC6,
    0x0E, 0x66, 0x02, 0x0B, 0x64, 0xF4, 0x46, 0x4C, 0x85, 0x91, 0x8C, 0x3E, 0x96, 0x77, 0x43, 0xFC,
    0xFE, 0x14, 0x70, 0x08, 0x4B, 0xDF, 0x98, 0xA3, 0x16, 0x2C, 0x8B, 0x24, 0x86, 0x92, 0x65, 0xBC,
    0x1D, 0x4A, 0x8A, 0x61, 0x67, 0x1A, 0x03, 0x29, 0x6C, 0x98, 0xC7, 0x40, 0x26, 0x30, 0x7C, 0xA1,
    0xB5, 0xE5, 0xF5, 0x85, 0x87, 0x94, 0x8B, 0xE6, 0x9F, 0xC9, 0xAA, 0xC9, 0x72, 0x23, 0xB9, 0x2B,
    0x52, 0x57, 0xA0, 0xB1, 0xDF, 0xDE, 0x34, 0xD8, 0xA5, 0xD6, 0x97, 0xB4, 0xA2, 0x13, 0x74, 0x58,
    0x4F, 0x0F, 0xC0, 0xC2, 0x19, 0x07, 0x60, 0xB5, 0x3D, 0x00, 0x6B, 0x7D, 0x2D, 0x2C, 0x53, 0x74,
    0x9E, 0x94, 0xAB, 0x03, 0x30, 0x2D, 0xC1, 0x53, 0x74, 0xF3, 0x56, 0x71, 0x72, 0x07, 0x60, 0x1D,
    0x0F, 0xC0, 0xD2, 0x7E, 0x39, 0x00, 0xF3, 0x3A, 0x1C, 0x80, 0x8D, 0x3C, 0x00, 0x93, 0x89, 0x07,
    0x60, 0x1F, 0xCD, 0xCB, 0x01, 0x58, 0x82, 0x19, 0x2D, 0xB0, 0x07, 0x60, 0x3E, 0x32, 0x8A, 0xC0,
    0x12, 0x8A, 0x3D, 0xB5, 0xF2, 0x69, 0x8B, 0x8C, 0xAD, 0x42, 0xA3, 0xF4, 0x09, 0x42, 0xA3, 0x04,
    0xD0, 0xFD, 0x19, 0x6C, 0x6B, 0x54, 0x7F, 0xB4, 0x91, 0x15, 0x76, 0x4A, 0x7F, 0x61, 0x0E, 0x44,
    0xC0, 0x3E, 0x20, 0xAB, 0xAB, 0x02, 0xA4, 0xB8, 0x70, 0xF5, 0xD6, 0xB6, 0x49, 0xAB, 0x62, 0x83,
    0x15, 0x95, 0x87, 0x90, 0x5E, 0x75, 0xF4, 0xA9, 0x56, 0xF8, 0x84, 0xB7, 0x00, 0x6C, 0xCB, 0x3C,
    0x81, 0xEE, 0xE1, 0x75, 0xD1, 0x13, 0x02, 0xED, 0x53, 0xBE, 0xE4, 0x45, 0xEF, 0xA1, 0xBB, 0x0E,
    0xC7, 0xFB, 0x0A, 0x6C, 0xE3, 0x6B, 0x27, 0x92, 0x7F, 0xDF, 0x44, 0x74, 0xDD, 0xC5, 0x28, 0xA6,
    0xC2, 0x5C, 0x4B, 0xF0, 0xF1, 0x91, 0x64, 0x1C, 0xBE, 0x36, 0x26, 0x2C, 0x93, 0xD2, 0xC4, 0x7D,
    0xA6, 0x99, 0xB8, 0xB7, 0xA8, 0x82, 0xA2, 0x69, 0x09, 0xC1, 0x19, 0x3F, 0x1E, 0x8C, 0x49, 0xDE,
    0x9B, 0x5F, 0x32, 0x99, 0xB9, 0x99, 0x20, 0x0C, 0x4C, 0x3B, 0xDA, 0x30, 0xDE, 0xAC, 0xD7, 0x64,
    0x60, 0xDA, 0x8C, 0xC9, 0x34, 0xC1, 0xB7, 0x55, 0xED, 0x36, 0x9A, 0x9F, 0x18, 0x74, 0x15, 0x2A,
    0x96, 0xEF, 0xEC, 0xF4, 0xEE, 0x9C, 0x3F, 0x1D, 0x77, 0x15, 0x87, 0xE3, 0x46, 0x1B, 0xF5, 0x2D,
    0xDB, 0x74, 0x3D, 0x91, 0x92, 0x47, 0x44, 0xF0, 0x0C, 0xD5, 0xC0, 0xEE, 0xFD, 0xA9, 0x11, 0x33,
    0x99, 0xCE, 0xBC, 0x62, 0xE2, 0xDC, 0xCB, 0xDF, 0x32, 0x95, 0x9E, 0xD6, 0x9A, 0x3F, 0x31, 0xBD,
    0xC9, 0x4D, 0x08, 0xDB, 0x2A, 0x28, 0x06, 0xE7, 0x7B, 0x5E, 0x25, 0xE7, 0xE6, 0x44, 0xF6, 0xF7,
    0x53, 0x2D, 0x11, 0x59, 0x1A, 0x80, 0x1C, 0x8B, 0xDD, 0xDC, 0x18, 0x9B, 0x3F, 0xDA, 0xF2, 0xAF,
    0x6C, 0xFE, 0x3B, 0xF8, 0xC4, 0x33, 0x20, 0x85, 0x5A, 0x0D, 0xD5, 0x4F, 0x2F, 0xBA, 0x77, 0x39,
    0xDE, 0xF7, 0xBA, 0x1B, 0xE9, 0x8C, 0x72, 0xAF, 0xF1, 0x1B, 0x63, 0x72, 0x9D, 0x21, 0x15, 0x72,
    0xF3, 0x79, 0x3C, 0xF1, 0xEC, 0x08, 0x93, 0xC3, 0x74, 0xFD, 0x94, 0x56, 0x0F, 0x9A, 0xAE, 0x16,
    0xC9, 0xD1, 0x07, 0xE4, 0x73, 0x7E, 0xA2, 0x6B, 0x96, 0xCF, 0xF7, 0xCC, 0xF7, 0x8E, 0x29, 0x1F,
    0x6F, 0xA7, 0x1E, 0x43, 0x19, 0x5D, 0xFE, 0xF3, 0x57, 0x1C, 0x37, 0x7F, 0xB8, 0x53, 0x30, 0xE5,
    0x96, 0x26, 0xEE, 0xAB, 0xD3, 0x9D, 0xDD, 0x88, 0xA3, 0xB7, 0x1D, 0xBD, 0x47, 0xF0, 0x4B, 0x63,
    0x26, 0xD2, 0xB0, 0xE6, 0x49, 0x09, 0xDB, 0x33, 0xE8, 0xBB, 0x1A, 0x5C, 0x76, 0xBB, 0xF9, 0xE5,
    0xAB, 0x1C, 0x6D, 0x66, 0x37, 0xA6, 0x14, 0xF9, 0x76, 0xBD, 0x9E, 0x21, 0x07, 0xC8, 0xC0, 0x3F,
    0x34, 0xCF, 0xF6, 0xE4, 0x04, 0x2D, 0xB7, 0xED, 0x52, 0x7E, 0x36, 0x22, 0x96, 0x4A, 0x9F, 0x6C,
    0xA9, 0x98, 0x8A, 0x4C, 0xBB, 0xC5, 0x89, 0xA5, 0x20, 0xCF, 0xE9, 0xF9, 0x53, 0xB7, 0xD8, 0x64,
    0x36, 0x71, 0xA6, 0x39, 0xB9, 0xDA, 0xA2, 0xF6, 0x76, 0x5B, 0xDA, 0xC5, 0x23, 0xAC, 0xD0, 0x74,
    0x76, 0x7C, 0x59, 0xFF, 0x29, 0xDF, 0xC6, 0xD0, 0x28, 0x68, 0xCD, 0x62, 0x2B, 0xC0, 0xAF, 0x49,
    0x77, 0x54, 0x24, 0xA3, 0xA3, 0xC3, 0x96, 0x79, 0xBD, 0xA3, 0x9D, 0x25, 0x5F, 0xDF, 0xFC, 0x67,
    0x50, 0x27, 0x19, 0xCA, 0x7F, 0x32, 0x05, 0x07, 0xEA, 0x57, 0x45, 0x11, 0x1A, 0x87, 0xC3, 0xF1,
    0xA2, 0xED, 0xBB, 0x56, 0x7F, 0x6D, 0x58, 0x20, 0x8C, 0xF7, 0x57, 0xFD, 0x0D, 0x2D, 0xC6, 0x16,
    0x33, 0x8B, 0x42, 0x0C, 0x7E, 0x43, 0x8C, 0x3E, 0x20, 0xA6, 0xAF, 0x11, 0xEF, 0x06, 0xC0, 0xFB,
    0x03, 0xF1, 0x61, 0x4B, 0xFC, 0xB0, 0x26, 0x8A, 0x21, 0x8E, 0x16, 0x3B, 0x8B, 0xCD, 0xC1, 0xB4,
    0x30, 0xBD, 0x1F, 0x2F, 0xE9, 0xAF, 0x17, 0x5C, 0x77, 0x8D, 0x34, 0x5F, 0xF7, 0x84, 0x62, 0xDD,
    0x07, 0x6C, 0x07, 0x70, 0xAD, 0x7F, 0x83, 0x74, 0xBB, 0xA5, 0xDF, 0xED, 0xE2, 0x78, 0x4B, 0xCF,
    0xDB, 0xC5, 0xF5, 0x96, 0xFA, 0x76, 0xA7, 0x5B, 0xD9, 0xB7, 0x5E, 0x5B, 0x80, 0x76, 0x55, 0x07,
    0x42, 0x4A, 0x03, 0x52, 0x42, 0x05, 0x50, 0x33, 0x36, 0x43, 0x3B, 0x36, 0x03, 0x43, 0x36, 0x85,
    0x39, 0x00, 0x0C, 0x80, 0x03, 0x61, 0x8C, 0xF0, 0x7B, 0xFF, 0xDB, 0xFE, 0x7A, 0x4E, 0x58, 0x05,
    0x49, 0x3A, 0x5D, 0x6D, 0x9A, 0xCE, 0x77, 0x5B, 0x9E, 0x3F, 0x00, 0x02, 0x42, 0xD4, 0x3F, 0x77,
    0x3B, 0x97, 0xB5, 0xB5, 0xCB, 0x64, 0xED, 0x77, 0xAE, 0x19, 0xCC, 0xAE, 0xA1, 0xD9, 0x4E, 0xB4,
    0x0E, 0x26, 0x30, 0xE7, 0x5F, 0x48, 0xAB, 0x9C, 0xDC, 0x49, 0x19, 0x4C, 0x28, 0xBF, 0x2C, 0x84,
    0x7B, 0xFD, 0x72, 0xC9, 0xCB, 0xE1, 0x5C, 0xBF, 0x97, 0xEB, 0xAB, 0x0F, 0x7F, 0x41, 0xF3, 0x46,
    0x7C, 0x4A, 0x76, 0x42, 0xF8, 0xD9, 0xD0, 0xA1, 0xB5, 0x4A, 0x9F, 0xBD, 0xA6, 0xBB, 0x76, 0x08,
    0xBF, 0x4A, 0x3C, 0x68, 0xC5, 0xF5, 0xB8, 0x34, 0xB1, 0x9E, 0xAA, 0xC3, 0xB3, 0x78, 0xAA, 0xE6,
    0x2A, 0x7F, 0x01, 0x33, 0x9C, 0x5F, 0xFC, 0x1F, 0x78, 0xAA, 0x0A, 0xCC, 0x30, 0x33, 0xFD, 0x4E,
    0x59, 0x79, 0xAA, 0x22, 0xB5, 0x1E, 0x5B, 0xDA, 0x39, 0xE4, 0xCD, 0x4B, 0x7D, 0xCD, 0x6C, 0x9A,
    0x17, 0xE9, 0xCE, 0x39, 0x6E, 0xB1, 0x15, 0x2F, 0x02, 0x07, 0xBE, 0x3B, 0xAE, 0x0C, 0x1A, 0xEF,
    0xF1, 0xCF, 0xF0, 0x25, 0x2F, 0x42, 0xA0, 0x6C, 0x51, 0xA8, 0x10, 0xB6, 0xD3, 0xA5, 0x18, 0x7D,
    0xF8, 0xB7, 0x12, 0xFB, 0xC4, 0x9B, 0x84, 0xE9, 0x67, 0x9E, 0xF2, 0x2F, 0x8A, 0x64, 0x67, 0xF0,
    0x16, 0x29, 0x29, 0x11, 0x52, 0xBC, 0xC4, 0xD0, 0x0C, 0x99, 0x40, 0xC6, 0x56, 0x3E, 0xFF, 0x0E,
    0x7D, 0x5C, 0x13, 0x73, 0xEE, 0x10, 0x9B, 0x7C, 0x17, 0xDA, 0x8E, 0xE2, 0xAD, 0x88, 0x54, 0x84,
    0x2A, 0xFC, 0x3B, 0xAE, 0x28, 0x9D, 0x87, 0xC3, 0x71, 0x41, 0xCD, 0x9D, 0xC0, 0x07, 0x09, 0xE1,
    0xA6, 0x90, 0x2B, 0x5B, 0x5E, 0x84, 0x88, 0x10, 0x12, 0x02, 0x82, 0x31, 0x87, 0x41, 0xCB, 0x75,
    0xD7, 0xE6, 0xF0, 0x06, 0xBB, 0x9D, 0x67, 0xE7, 0x29, 0x67, 0x0F, 0xA0, 0x10, 0x0B, 0x00, 0x86,
    0xD6, 0xD8, 0x8E, 0x5F, 0x31, 0xEE, 0xF7, 0x0A, 0x5A, 0x3A, 0x5B, 0x28, 0x0D, 0x8F, 0x2D, 0x08,
    0xC6, 0xA4, 0x5C, 0x57, 0x54, 0xD4, 0xC3, 0x4B, 0x89, 0xB3, 0x3A, 0x38, 0x86, 0xA9, 0x53, 0x2B,
    0xD6, 0x5F, 0xF6, 0x7C, 0xCF, 0xDB, 0x46, 0x3A, 0xAD, 0xAD, 0x4C, 0xA4, 0x66, 0x8E, 0x63, 0xC8,
    0x08, 0x32, 0xAC, 0x2F, 0x1F, 0xE7, 0x66, 0x48, 0xCC, 0x52, 0x4D, 0x35, 0xB8, 0x40, 0x2F, 0xCC,
    0x4A, 0xE8, 0xC2, 0xBA, 0x1C, 0xE9, 0x54, 0x53, 0x9A, 0x93, 0x5C, 0xF3, 0x91, 0xE5, 0x9A, 0x8D,
    0xA2, 0x8E, 0x67, 0x95, 0xC9, 0xA8, 0x1B, 0xE4, 0xA2, 0x77, 0x7B, 0xCF, 0x0B, 0x98, 0xAE, 0xC3,
    0xAB, 0x3F, 0x6D, 0x13, 0xC9, 0xC1, 0x64, 0x48, 0xA5, 0x31, 0x67, 0x33, 0xAC, 0xEA, 0xC3, 0x4E,
    0xF3, 0x1E, 0x35, 0xFD, 0x57, 0xCD, 0xA0, 0x2C, 0xCE, 0xBF, 0x65, 0xCC, 0x5D, 0x65, 0x2F, 0x63,
    0x4E, 0x57, 0x76, 0x93, 0xAB, 0xDF, 0x0D, 0xFB, 0x29, 0x3D, 0x1D, 0x36, 0xCC, 0x9A, 0x44, 0xC7,
    0x63, 0xC0, 0x00, 0x97, 0x7D, 0x3C, 0x5A, 0xBD, 0xD4, 0xBD, 0x78, 0xC4, 0x47, 0x6D, 0x38, 0x4A,
    0x65, 0x29, 0x07, 0x67, 0xEC, 0xE7, 0xDF, 0x18, 0xCF, 0xA8, 0xCF, 0xD4, 0x4F, 0x08, 0x36, 0xCD,
    0xFA, 0x2D, 0xD6, 0x58, 0x2C, 0x1E, 0x61, 0x7D, 0x17, 0xC3, 0x95, 0x8A, 0x16, 0x53, 0x50, 0x2A,
    0x20, 0xFA, 0x90, 0xB2, 0x0C, 0x2E, 0x2F, 0x48, 0xE9, 0xA4, 0x5F, 0x82, 0xD4, 0x8B, 0x81, 0x29,
    0xF8, 0x08, 0xFD, 0x9D, 0xD4, 0x9A, 0x37, 0x5F, 0x1E, 0x55, 0x4B, 0x7E, 0xA5, 0xB2, 0x65, 0x90,
    0x88, 0x53, 0x60, 0x03, 0x90, 0xA4, 0x4B, 0x96, 0xF2, 0xE9, 0x96, 0x25, 0x5B, 0x16, 0x5F, 0xC6,
    0xA2, 0xC1, 0x54, 0x32, 0xEA, 0x35, 0x56, 0xA2, 0xC4, 0xC3, 0x10, 0x9C, 0xA8, 0x87, 0xC2, 0x78,
    0x1A, 0xA9, 0x1E, 0x22, 0x6E, 0x86, 0xBF, 0x83, 0x68, 0x11, 0x69, 0xFE, 0x7D, 0x18, 0xFF, 0x71,
    0x97, 0x70, 0x6B, 0x43, 0xA8, 0x44, 0x08, 0x84, 0x7B, 0x80, 0xF8, 0x81, 0x44, 0x0D, 0x97, 0x94,
    0xB2, 0x75, 0xD0, 0x16, 0x58, 0x97, 0xA8, 0xB9, 0x08, 0xAE, 0x24, 0x93, 0xD7, 0xD8, 0x0E, 0xE2,
    0x0D, 0x68, 0x8E, 0x69, 0x0A, 0x85, 0x58, 0x6B, 0xFA, 0xCD, 0xC5, 0xB8, 0x58, 0x40, 0x4D, 0x5A,
    0xAA, 0x81, 0x68, 0x86, 0x6F, 0x68, 0x53, 0x6A, 0x22, 0x69, 0x2A, 0xA4, 0xD0, 0x17, 0xA9, 0x1E,
    0x31, 0xCD, 0xDB, 0x22, 0xA8, 0xF6, 0x0A, 0x20, 0x71, 0x59, 0x3D, 0x86, 0xDC, 0x90, 0x4F, 0x73,
    0xE3, 0xD9, 0x08, 0x47, 0x77, 0x0A, 0x1C, 0x45, 0xC7, 0x92, 0x27, 0xF0, 0xAA, 0x4D, 0xD0, 0xDE,
    0xED, 0x5A, 0xE7, 0x6B, 0x1B, 0xE9, 0xBC, 0xC0, 0x92, 0x79, 0x09, 0x18, 0x9F, 0xCA, 0x9C, 0xAB,
    0x44, 0x7B, 0x39, 0x91, 0xC1, 0x1D, 0x13, 0xC6, 0xEB, 0x10, 0xF2, 0x71, 0xA9, 0x32, 0xAB, 0x55,
    0x16, 0x94, 0x8D, 0xBE, 0x5A, 0x74, 0xDA, 0x0C, 0xB2, 0x41, 0xBF, 0x33, 0x91, 0x57, 0xB1, 0x14,
    0x60, 0x08, 0x79, 0x2A, 0xC8, 0xE9, 0x44, 0x14, 0xEF, 0x5C, 0x24, 0x18, 0x8C, 0x4E, 0xBE, 0x3E,
    0x3A, 0x83, 0xD1, 0xEA, 0x0E, 0xF5, 0x4A, 0xB4, 0x11, 0x48, 0x2E, 0x12, 0x31, 0x59, 0xAB, 0x1E,
    0x91, 0xF0, 0x17, 0xC2, 0x2A, 0x2A, 0x0F, 0x58, 0x1D, 0xFA, 0xC6, 0x81, 0xA7, 0x9B, 0xCE, 0x96,
    0x04, 0x99, 0xF3, 0x90, 0x4A, 0x15, 0x02, 0x91, 0xAB, 0xD0, 0xE5, 0x4B, 0xD5, 0x9F, 0xD9, 0xF0,
    0x37, 0x27, 0xC8, 0x72, 0xD8, 0x2E, 0xEB, 0x41, 0x8F, 0xDD, 0x62, 0x11, 0x9E, 0xE0, 0xEB, 0xA8,
    0x1B, 0xE1, 0xC3, 0x08, 0x0F, 0x80, 0x48, 0xFF, 0x3C, 0x32, 0x29, 0x87, 0xBB, 0x22, 0x04, 0x8C,
    0xBE, 0x9D, 0xEB, 0x15, 0x82, 0x0E, 0x10, 0xD5, 0x4B, 0xB1, 0x31, 0x45, 0x80, 0xBB, 0x80, 0xF7,
    0x06, 0x80, 0xCC, 0x04, 0x69, 0x14, 0xFE, 0x5A, 0xF8, 0x39, 0x59, 0x05, 0x52, 0x4F, 0x05, 0x10,
    0x4B, 0xBE, 0x0A, 0xA4, 0xDE, 0xEC, 0x0E, 0xD2, 0xD2, 0x03, 0x8A, 0xD1, 0x5E, 0x8D, 0x95, 0x33,
    0x92, 0x57, 0xC7, 0x54, 0x77, 0xEC, 0x57, 0x84, 0x90, 0xE0, 0x13, 0x3C, 0x82, 0xB9, 0x1C, 0x04,
    0xDD, 0x4B, 0xA5, 0xF4, 0x18, 0x13, 0x07, 0xCD, 0x55, 0x83, 0x30, 0x16, 0xF9, 0xF7, 0xD5, 0xA4,
    0x11, 0x49, 0xBB, 0x05, 0x89, 0xAC, 0x3F, 0x44, 0x46, 0xA4, 0x85, 0x9C, 0xE9, 0x5E, 0x53, 0x1A,
    0x7A, 0xC7, 0xBA, 0x03, 0x18, 0xA4, 0x96, 0x13, 0x4B, 0x3A, 0xDB, 0xCC, 0x25, 0xD2, 0x87, 0x70,
    0x55, 0xF1, 0x69, 0xBC, 0x59, 0x50, 0xC7, 0x0A, 0xE9, 0x41, 0xDA, 0xE5, 0xFC, 0xAD, 0xAB, 0x0C,
    0x43, 0x30, 0x45, 0x9E, 0xB5, 0x0A, 0xBE, 0xF4, 0x11, 0x82, 0xDA, 0xF5, 0x98, 0xB4, 0xEE, 0x77,
    0x0A, 0x19, 0xC3, 0x9D, 0x21, 0xB5, 0xEF, 0x9B, 0x01, 0xE0, 0x75, 0x80, 0xA0, 0x01, 0x44, 0x35,
    0x20, 0x31, 0x80, 0xF3, 0xF5, 0xEC, 0xD8, 0x1B, 0xAE, 0xEC, 0x00, 0x99, 0x00, 0x62, 0xC9, 0x15,
    0x22, 0xA9, 0x15, 0x02, 0x69, 0x14, 0xB6, 0x95, 0x32, 0xD8, 0x4A, 0x01, 0x64, 0x02, 0x48, 0xA4,
    0xD4, 0x94, 0x45, 0xF2, 0x88, 0xE9, 0x9C, 0x14, 0x4C, 0x3A, 0x21, 0xCE, 0xFD, 0x64, 0x84, 0x83,
    0x43, 0x22, 0x3A, 0x4E, 0xE4, 0x5A, 0xC3, 0x63, 0xAA, 0x10, 0x74, 0x7F, 0xB8, 0x9B, 0xC0, 0x12,
    0x50, 0x18, 0xC0, 0x08, 0x90, 0x0B, 0x82, 0xF0, 0x2D, 0xD2, 0x01, 0x2A, 0x9B, 0xDC, 0x09, 0x90,
    0x0A, 0xE0, 0x89, 0x98, 0xFC, 0x18, 0x9C, 0x7B, 0x4F, 0xF8, 0xEB, 0x85, 0xD4, 0x0A, 0x91, 0x82,
    0x36, 0x1E, 0x36, 0xA5, 0x55, 0x93, 0xBF, 0x1D, 0xE2, 0x1F, 0xB9, 0x9A, 0xBA, 0x6F, 0x9B, 0x7C,
    0xFB, 0x54, 0x4D, 0xFE, 0xE1, 0x11, 0x4D, 0x3E, 0xBA, 0x3C, 0x46, 0xAD, 0x2D, 0xDD, 0xC9, 0x5D,
    0x21, 0xE0, 0x9A, 0x7C, 0xD5, 0x1D, 0xE9, 0x03, 0xD7, 0x51, 0xEE, 0xFE, 0x7B, 0xCA, 0x6D, 0x0B,
    0x77, 0x07, 0xFD, 0xB6, 0xC1, 0x27, 0xE5, 0x1D, 0xE6, 0x68, 0x23, 0xDF, 0x82, 0x1C, 0x90, 0x01,
    0x7C, 0x76, 0x89, 0xE8, 0xC8, 0x2C, 0x41, 0x19, 0xB0, 0xDB, 0xE0, 0x8B, 0xC1, 0x35, 0xF8, 0xC4,
    0x35, 0xF8, 0x47, 0xA1, 0x34, 0x22, 0x13, 0x1A, 0xFC, 0x64, 0xCE, 0xC6, 0x0A, 0x49, 0x29, 0x6A,
    0x60, 0x20, 0x5D, 0xA5, 0x91, 0x06, 0x23, 0xE9, 0x10, 0x6E, 0x34, 0xF9, 0x41, 0x77, 0xAE, 0x98,
    0x99, 0x12, 0xB8, 0x49, 0xC3, 0xBB, 0x8A, 0x88, 0x3B, 0x2E, 0x9D, 0x6F, 0x95, 0xE6, 0x41, 0x4B,
    0x8C, 0x6B, 0x62, 0x9A, 0x13, 0xA9, 0x10, 0x40, 0x6B, 0x26, 0xF6, 0xC0, 0xBF, 0x5D, 0xDC, 0xA6,
    0x32, 0x21, 0xC6, 0x92, 0x03, 0x59, 0x5A, 0xCE, 0x45, 0xDC, 0x5F, 0x74, 0xD0, 0xD2, 0x13, 0xF7,
    0x6F, 0x8D, 0xCB, 0x57, 0xB7, 0xBE, 0x05, 0x32, 0x02, 0xCD, 0x19, 0xF6, 0x2A, 0xBA, 0x16, 0x02,
    0x66, 0x62, 0x24, 0x47, 0x5B, 0x83, 0x59, 0x84, 0xD7, 0x9F, 0x02, 0x83, 0xE6, 0x1B, 0xC0, 0xA8,
    0xE4, 0xED, 0x31, 0x89, 0x61, 0x7A, 0x5E, 0x31, 0x4C, 0x67, 0x4F, 0x94, 0x61, 0x9D, 0x0F, 0xBD,
    0x2C, 0xC1, 0x1E, 0x31, 0x12, 0xB3, 0x91, 0x98, 0xCE, 0x4B, 0x7E, 0x88, 0x2E, 0x3F, 0x2D, 0x4C,
    0x85, 0x3D, 0xED, 0x2F, 0x30, 0x4D, 0x95, 0x12, 0x18, 0x61, 0x8F, 0x51, 0xEF, 0xFE, 0xBD, 0xE1,
    0x54, 0x46, 0xCF, 0xE9, 0xAF, 0x3E, 0xBB, 0xF8, 0x7C, 0xFF, 0x46, 0x36, 0xBD, 0x4F, 0xE6, 0xC3,
    0xAE, 0x34, 0x2C, 0x26, 0x16, 0x63, 0x8B, 0x91, 0xC5, 0xD0, 0x62, 0xB0, 0x87, 0xBB, 0x9E, 0x74,
    0x18, 0xA6, 0x87, 0xE3, 0xB6, 0xCA, 0x22, 0x4E, 0x1E, 0xF1, 0x7E, 0xF4, 0x3A, 0x7E, 0xFF, 0xEE,
    0x2F, 0x52, 0x75, 0x7C, 0x30, 0x3A, 0xCC, 0x4A, 0xDA, 0x5C, 0x4B, 0xBB, 0x25, 0xAC, 0x47, 0x3A,
    0xAA, 0x63, 0x40, 0x59, 0x48, 0x70, 0x35, 0xF1, 0x72, 0x4B, 0x8C, 0x39, 0x48, 0xF4, 0x71, 0xC4,
    0xBD, 0xF4, 0xFC, 0xC9, 0x52, 0xBB, 0xDB, 0xEA, 0x75, 0xC4, 0x39, 0x00, 0x13, 0x51, 0x88, 0x5D,
    0x62, 0x35, 0x1A, 0xB1, 0xC5, 0xE8, 0x09, 0x3C, 0xB9, 0x43, 0x34, 0xC6, 0xA1, 0xC8, 0x1A, 0x6B,
    0x73, 0x4D, 0xF4, 0x14, 0x59, 0x89, 0xCE, 0x51, 0xDA, 0x21, 0x1E, 0xB3, 0xCB, 0x42, 0xDE, 0x59,
    0x61, 0x5C, 0x4E, 0x3F, 0x2F, 0x46, 0x2D, 0x1A, 0x98, 0xEB, 0xD4, 0xA9, 0x2C, 0x8C, 0x7F, 0x6C,
    0x5E, 0x16, 0x56, 0x0C, 0x2E, 0xFA, 0xF4, 0xC2, 0x92, 0x69, 0xCB, 0xE6, 0x85, 0xC5, 0x72, 0x19,
    0xD3, 0x39, 0x53, 0x6D, 0xE2, 0xE2, 0x25, 0x4C, 0xFB, 0x2E, 0xC3, 0x00, 0xE5, 0xFC, 0x87, 0x9D,
    0xE3, 0xAB, 0xEE, 0xFE, 0x52, 0x32, 0x98, 0x93, 0x82, 0xC1, 0x1E, 0x02, 0x0C, 0xF1, 0x45, 0xC0,
    0xAA, 0x8B, 0x1B, 0x33, 0x08, 0x16, 0xB5, 0x20, 0xD4, 0xD9, 0xAE, 0x8A, 0x19, 0x24, 0xC1, 0x64,
    0xE6, 0xFC, 0xD7, 0x9E, 0x86, 0xC8, 0xBC, 0x10, 0x69, 0x49, 0xEC, 0x7E, 0x7A, 0xBB, 0xA5, 0xDE,
    0xEE, 0xAA, 0xDD, 0xC6, 0xFA, 0x8A, 0x90, 0xA9, 0x89, 0x5D, 0x50, 0xDA, 0xB1, 0x65, 0x97, 0x18,
    0x3C, 0x3B, 0xA4, 0x54, 0xC0, 0x9E, 0x5B, 0x09, 0xB7, 0xDD, 0x86, 0x3B, 0x6F, 0x92, 0x86, 0xE5,
    0x66, 0xF7, 0xDF, 0xC8, 0x2D, 0x3F, 0xCD, 0x5D, 0xB8, 0x06, 0xC5, 0x1E, 0x14, 0xD4, 0xF2, 0x81,
    0x1B, 0xE1, 0xFC, 0xDF, 0xEF, 0x9C, 0x47, 0xE9, 0x17, 0x9F, 0x0D, 0xD6, 0xF6, 0x4E, 0x72, 0x2D,
    0xFB, 0x64, 0xA8, 0x1A, 0x93, 0x0D, 0xB8, 0x27, 0x19, 0x1E, 0xA7, 0x6D, 0x32, 0xAA, 0xF9, 0xA2,
    0x34, 0x31, 0x03, 0x07, 0xE8, 0x6F, 0xDB, 0xB0, 0x61, 0x47, 0x63, 0xD5, 0xFB, 0xD2, 0x24, 0xB3,
    0xD1, 0x23, 0xE4, 0x56, 0x9D, 0x21, 0x46, 0xCE, 0x57, 0xA9, 0x7E, 0x75, 0x36, 0xE0, 0xF8, 0x6F,
    0xE4, 0x65, 0xD9, 0xA9, 0x48, 0x43, 0xBB, 0x72, 0xC9, 0x35, 0xBD, 0xDF, 0x15, 0xEE, 0x6D, 0x44,
    0xE6, 0xEF, 0xE6, 0xBA, 0x43, 0x7A, 0x8C, 0x17, 0x18, 0xF3, 0x93, 0xBB, 0x38, 0x93, 0xCA, 0xA8,
    0x79, 0x7A, 0xF4, 0x75, 0x7D, 0xA3, 0x6D, 0x4D, 0xC5, 0x60, 0xB2, 0x21, 0x14, 0x35, 0x5A, 0x4E,
    0x26, 0x69, 0x35, 0x34, 0x4A, 0xD1, 0x49, 0xB7, 0xC1, 0x41, 0x3A, 0xFD, 0xF1, 0x7D, 0x59, 0xE1,
    0xD5, 0xA2, 0x2F, 0xFA, 0x6C, 0x93, 0xA8, 0x0D, 0xEB, 0x92, 0x31, 0x19, 0xA5, 0x8D, 0xE6, 0x08,
    0x77, 0xA2, 0xFF, 0x0F, 0x99, 0x19, 0x5E, 0xFC, 0x5F, 0x9A, 0x13, 0xF9, 0xD4, 0xDE, 0xDC, 0x39,
    0x5D, 0x7A, 0x51, 0x8A, 0xF7, 0x02, 0x2E, 0x4A, 0x71, 0x76, 0x00, 0xDB, 0x9B, 0xB0, 0xFB, 0xBD,
    0x8B, 0x52, 0x0A, 0x4D, 0x1B, 0x5D, 0xA3, 0xEC, 0x81, 0xB6, 0x67, 0xAF, 0xD1, 0x73, 0xF2, 0xEF,
    0x41, 0x32, 0x5D, 0xA9, 0xBE, 0x13, 0x16, 0x00, 0x5C, 0x0A, 0x7F, 0x57, 0x2D, 0x00, 0x7C, 0xB5,
    0x00, 0xF0, 0x24, 0xD7, 0xE6, 0xA0, 0x29, 0xBF, 0x96, 0x05, 0x80, 0x07, 0x8B, 0x98, 0x5C, 0x43,
    0x8F, 0xE4, 0x5A, 0x8D, 0xF8, 0x66, 0xFE, 0x86, 0x3D, 0x98, 0x70, 0x51, 0x77, 0xB2, 0xDA, 0x8A,
    0x97, 0xAA, 0x9A, 0x7B, 0x70, 0xDD, 0x19, 0xEC, 0xDD, 0xF4, 0xE2, 0xD9, 0x3B, 0x5E, 0x20, 0x4F,
    0x07, 0x27, 0x5F, 0x7E, 0x61, 0x37, 0xBD, 0x08, 0x6F, 0x7A, 0x19, 0x21, 0xF7, 0xF7, 0x6B, 0xEB,
    0x5D, 0xDB, 0xFE, 0xDE, 0x0D, 0x59, 0x81, 0x98, 0x03, 0xB9, 0x3F, 0xEB, 0x00, 0x7B, 0x5B, 0xC5,
    0xE9, 0xA0, 0xE2, 0x47, 0x1B, 0xF1, 0xC7, 0xCF, 0x7A, 0x1B, 0x24, 0x85, 0xFE, 0xA3, 0x2B, 0x63,
    0x64, 0xE0, 0x12, 0x71, 0xBA, 0x77, 0x55, 0xCD, 0x40, 0x77, 0xB5, 0x16, 0x57, 0xD5, 0x28, 0x40,
    0xC9, 0x83, 0x26, 0x54, 0x0D, 0x26, 0x6C, 0x51, 0x10, 0x31, 0xEF, 0x05, 0x8C, 0x4B, 0x5A, 0xF8,
    0xF2, 0x06, 0x99, 0x53, 0x9A, 0x5F, 0x9C, 0xA3, 0x98, 0xBA, 0x81, 0x6B, 0xD5, 0x4E, 0xA1, 0xF8,
    0xAC, 0x31, 0xEE, 0x5C, 0x1D, 0x66, 0x17, 0xF8, 0xE0, 0xF5, 0xA0, 0x90, 0xC6, 0xAE, 0x75, 0xB6,
    0x00, 0x45, 0xE5, 0x48, 0x99, 0xA8, 0xBB, 0x7F, 0x83, 0xDD, 0x4C, 0x09, 0x89, 0xC1, 0xEE, 0xD4,
    0x60, 0xE3, 0x80, 0x7E, 0x77, 0x8E, 0x66, 0x39, 0x22, 0x07, 0xAA, 0x03, 0x52, 0xCB, 0x20, 0x9D,
    0xCF, 0x18, 0x18, 0x12, 0x0E, 0x2B, 0x61, 0x8D, 0xC0, 0x90, 0x2A, 0x11, 0x18, 0xD2, 0x83, 0x39,
    0xB6, 0x11, 0x81, 0xE4, 0x48, 0x3A, 0x5D, 0xBF, 0xC5, 0x50, 0x1D, 0x08, 0x79, 0xCD, 0x02, 0x0F,
    0x58, 0xE0, 0xD1, 0xD5, 0x05, 0x5E, 0x9F, 0x53, 0xA9, 0xB9, 0x2E, 0xF0, 0xF6, 0xAA, 0x02, 0x2F,
    0xB8, 0x0D, 0x05, 0xBC, 0x88, 0x02, 0xEF, 0x6D, 0x81, 0x0F, 0xDB, 0x02, 0x9F, 0xFC, 0xDD, 0x02,
    0xC7, 0x7D, 0x8E, 0xAF, 0xA3, 0xC0, 0xDF, 0x41, 0xA0, 0xC7, 0xF7, 0x73, 0x84, 0xC9, 0x70, 0x05,
    0x5E, 0x4D, 0xDB, 0x62, 0xD7, 0x7E, 0x43, 0x79, 0x7C, 0x81, 0x23, 0x26, 0x7C, 0x26, 0x9D, 0x85,
    0x90, 0x97, 0x31, 0xE1, 0xFA, 0x25, 0xA6, 0x2C, 0xE8, 0x58, 0xB6, 0x0D, 0x06, 0x9E, 0xB4, 0x84,
    0x6D, 0xDB, 0x6D, 0x46, 0x8A, 0xE2, 0xCE, 0xEA, 0x13, 0x8E, 0xC1, 0x62, 0x0B, 0xB5, 0x5C, 0xF4,
    0x84, 0x2E, 0x86, 0x67, 0xBC, 0xBC, 0xD6, 0x2B, 0xDC, 0xAD, 0x90, 0x90, 0x81, 0xB7, 0x6B, 0x76,
    0x09, 0x12, 0xD4, 0xE0, 0xAD, 0x5A, 0x54, 0xAA, 0xED, 0xA7, 0xF6, 0x6F, 0x32, 0xA6, 0x62, 0x3A,
    0x8A, 0xD9, 0x24, 0xB3, 0xA6, 0xBD, 0x11, 0x4C, 0x81, 0xA3, 0x05, 0xCE, 0xD6, 0x04, 0x63, 0xE1,
    0x9C, 0x70, 0x8B, 0x70, 0xF3, 0x52, 0x40, 0x6C, 0xCD, 0x8E, 0x32, 0x94, 0x0B, 0x9F, 0xD7, 0xFA,
    0xE2, 0x8E, 0x7D, 0x0F, 0x3E, 0x5A, 0x01, 0xB2, 0xFB, 0x3A, 0x72, 0xFB, 0xD8, 0x59, 0x5B, 0xCB,
    0xF0, 0x64, 0x84, 0x4D, 0x38, 0x53, 0x47, 0xBF, 0x80, 0x72, 0x1C, 0xC1, 0xC4, 0x4F, 0xED, 0x8D,
    0xAE, 0x89, 0x68, 0x5B, 0x8D, 0xA5, 0xDC, 0x8F, 0xB0, 0xB9, 0x63, 0xD8, 0xBC, 0x1F, 0xE9, 0x72,
    0x5F, 0x9E, 0x56, 0xCB, 0xE6, 0xC5, 0x91, 0x3B, 0xD2, 0xE9, 0x11, 0x42, 0x7B, 0x6F, 0x59, 0xBD,
    0xAB, 0x73, 0x41, 0xA0, 0xE4, 0x7C, 0x8F, 0x20, 0x22, 0x16, 0x36, 0x2F, 0x4A, 0xCC, 0x17, 0x88,
    0xF8, 0x20, 0xDA, 0x51, 0x84, 0x8F, 0x23, 0x7C, 0xFC, 0x03, 0x5A, 0xF1, 0x74, 0x21, 0xC9, 0x01,
    0x3D, 0xB9, 0x8B, 0x6B, 0x48, 0x9C, 0x63, 0x49, 0xDA, 0x33, 0x69, 0xC6, 0x58, 0x42, 0x75, 0xCD,
    0xDB, 0x60, 0xA0, 0x38, 0x58, 0xFC, 0x51, 0x2C, 0xFE, 0x9D, 0x0D, 0x9A, 0xE7, 0xFD, 0x37, 0xB1,
    0x58, 0x00, 0xEF, 0x04, 0x82, 0x67, 0x5C, 0xD0, 0x6E, 0xBC, 0x89, 0xCE, 0x21, 0xE0, 0x58, 0x3C,
    0xC7, 0x98, 0x23, 0x62, 0x01, 0x91, 0x7F, 0xA5, 0x71, 0xC7, 0x73, 0xD7, 0x85, 0x46, 0xC1, 0x97,
    0x56, 0xC1, 0xC8, 0x80, 0x54, 0x57, 0xAC, 0x97, 0x94, 0xE0, 0x57, 0xF3, 0x1B, 0x76, 0x38, 0xBC,
    0x2E, 0x9C, 0x49, 0xE3, 0x7C, 0x14, 0x09, 0x6E, 0x43, 0x6F, 0x8A, 0xA3, 0x2F, 0xBC, 0x8A, 0xD7,
    0x96, 0x27, 0xDC, 0x40, 0x98, 0xF0, 0xFA, 0xF7, 0x6F, 0xB5, 0x67, 0x1B, 0xF0, 0xEC, 0x76, 0xBD,
    0x92, 0x0F, 0x14, 0x92, 0x8B, 0xC3, 0x47, 0xA4, 0x8D, 0x02, 0xCF, 0xE9, 0xD7, 0x81, 0x5F, 0x94,
    0x10, 0x32, 0x42, 0x42, 0x88, 0x0F, 0x41, 0xF9, 0x0C, 0x77, 0x77, 0x7D, 0x9B, 0x70, 0x73, 0x17,
    0x1A, 0x05, 0x5F, 0x3A, 0x05, 0x23, 0xD3, 0xCD, 0x03, 0x77, 0x77, 0xE1, 0x2D, 0x87, 0xE1, 0xDB,
    0xBF, 0xF3, 0xEE, 0xAE, 0xE3, 0x23, 0xF1, 0x3E, 0x78, 0xB0, 0x96, 0xBE, 0xFC, 0xE6, 0x81, 0x3D,
    0xC5, 0x75, 0x91, 0x78, 0x7F, 0x8D, 0x55, 0xDB, 0x83, 0x95, 0x3C, 0x10, 0x89, 0x77, 0x1D, 0x76,
    0xE7, 0xD1, 0x75, 0x2F, 0x24, 0x7B, 0xAF, 0xBA, 0xB0, 0xF9, 0x68, 0x08, 0xFD, 0x06, 0x7A, 0xAF,
    0xB2, 0x5A, 0xFA, 0x09, 0x90, 0xCC, 0x80, 0x58, 0x9E, 0x1A, 0x78, 0x0E, 0xD3, 0xAC, 0x6B, 0xFA,
    0xF8, 0xB8, 0x3B, 0x87, 0x03, 0x49, 0x3E, 0xFF, 0x90, 0x6C, 0xAB, 0x93, 0xEF, 0x16, 0x9E, 0x59,
    0x23, 0x25, 0xCE, 0x04, 0x2F, 0xEC, 0x1A, 0xC8, 0xF6, 0xE5, 0x3B, 0xD8, 0x82, 0xC5, 0x13, 0x95,
    0x18, 0xD9, 0xC0, 0xF9, 0xAD, 0xE8, 0xB8, 0x59, 0x67, 0x74, 0x85, 0x6F, 0x7A, 0xDC, 0xC2, 0x56,
    0xBC, 0xA3, 0xAA, 0x15, 0x3B, 0x17, 0x2C, 0x58, 0x7D, 0x40, 0xCC, 0x04, 0x4F, 0x77, 0x62, 0x71,
    0xA9, 0xA9, 0x3D, 0xF4, 0xA5, 0x59, 0x9B, 0x91, 0x4A, 0x47, 0xAC, 0x7A, 0x00, 0x57, 0x3C, 0x25,
    0xCF, 0x2E, 0x23, 0x5E, 0xFF, 0xE4, 0x55, 0x35, 0xA3, 0xC7, 0x88, 0x35, 0xC4, 0x1F, 0x16, 0x1D,
    0x89, 0x53, 0x0E, 0x24, 0x22, 0x2D, 0xDD, 0x97, 0x46, 0xF3, 0x15, 0x0F, 0x3B, 0xFB, 0x22, 0x50,
    0x9F, 0x34, 0x23, 0x58, 0x8C, 0x96, 0xC2, 0x70, 0x07, 0xF2, 0x0E, 0x80, 0xE9, 0xAD, 0x23, 0xC2,
    0xE5, 0x63, 0x5E, 0x24, 0xB9, 0x33, 0x22, 0xA5, 0x6A, 0xD6, 0x60, 0x80, 0x4D, 0xE8, 0x82, 0x5F,
    0x31, 0x31, 0x76, 0x4F, 0x8F, 0xE4, 0x33, 0x49, 0x3C, 0x7E, 0x65, 0x51, 0xD7, 0xC8, 0xF3, 0xCF,
    0x91, 0xBB, 0x68, 0xA6, 0x6E, 0x28, 0x1D, 0xB9, 0xB7, 0x47, 0xC0, 0x86, 0x1C, 0xEB, 0x4A, 0x14,
    0x2F, 0x8B, 0x3C, 0x7B, 0x95, 0x45, 0x2E, 0x9F, 0x7B, 0x91, 0x4B, 0x4F, 0x2C, 0x76, 0x8A, 0x1C,
    0x3E, 0x9C, 0x5A, 0xE4, 0x3C, 0x2F, 0xB3, 0xEB, 0x55, 0x64, 0x0F, 0xD9, 0xCC, 0xF9, 0x4D, 0x83,
    0xFD, 0x64, 0xBB, 0x76, 0x83, 0x4A, 0x4A, 0x62, 0x9C, 0x5B, 0x34, 0x97, 0x22, 0xAB, 0x2C, 0x66,
    0x43, 0xCC, 0xE8, 0x71, 0x26, 0x8D, 0x56, 0x99, 0xAF, 0x07, 0x6B, 0x46, 0x02, 0x51, 0x45, 0x91,
    0x84, 0x62, 0x5C, 0xCD, 0x55, 0x3F, 0xDC, 0xAD, 0xB9, 0x93, 0xA3, 0x6A, 0xAE, 0x56, 0x23, 0xF2,
    0x60, 0xA9, 0xB2, 0x0B, 0xAF, 0x62, 0xA5, 0x4C, 0xCE, 0x8D, 0xD2, 0x17, 0x29, 0x59, 0x06, 0xBB,
    0x0E, 0x7C, 0x51, 0x0B, 0x08, 0x1B, 0x40, 0x60, 0xA1, 0x5E, 0x83, 0xD3, 0xE1, 0xC2, 0x52, 0xE6,
    0x73, 0x3A, 0x0A, 0x58, 0x7E, 0x63, 0x65, 0x12, 0x5F, 0x98, 0xB8, 0x21, 0x93, 0xDC, 0x26, 0x19,
    0x7E, 0x62, 0x64, 0x19, 0xDF, 0xEE, 0xFA, 0xFC, 0xE1, 0x67, 0xF7, 0x36, 0xFF, 0xFF, 0x7F, 0x9B,
    0xBF, 0x5A, 0x74, 0x7B, 0xB9, 0x3D, 0x64, 0x0F, 0x7A, 0x90, 0xB8, 0x0B, 0x46, 0x92, 0x3E, 0x24,
    0x89, 0xA6, 0x64, 0x00, 0x09, 0x6C, 0x06, 0x0C, 0x03, 0x41, 0xEF, 0x3F, 0x97, 0xDE, 0x62, 0x54,
    0x5F, 0x79, 0x8B, 0x51, 0xB4, 0xBD, 0xC5, 0x68, 0xB8, 0xC6, 0x2D, 0x46, 0xE1, 0xD3, 0xDD, 0x62,
    0xD4, 0xEE, 0xDD, 0x62, 0x94, 0x3F, 0x71, 0x8B, 0x91, 0x35, 0x98, 0xD8, 0x3F, 0x3D, 0x2E, 0x5E,
    0x03, 0x8C, 0x38, 0x61, 0xF1, 0xD7, 0x06, 0x13, 0xCD, 0xEA, 0x02, 0x7A, 0x03, 0xB8, 0x07, 0xF8,
    0xEB, 0x61, 0x1D, 0x1F, 0x6F, 0xB6, 0xB6, 0x6A, 0xF5, 0x65, 0xB6, 0x6A, 0xF3, 0x53, 0xD9, 0xAA,
    0xD5, 0x16, 0xAE, 0xB6, 0x55, 0xCB, 0x0D, 0xFD, 0x9A, 0x68, 0xAB, 0xD6, 0x5E, 0x69, 0xAB, 0xA6,
    0x3C, 0x69, 0x55, 0x6A, 0xB8, 0xF5, 0xDE, 0x97, 0x51, 0x57, 0x9F, 0xCD, 0x80, 0x93, 0x71, 0xB5,
    0x9B, 0x48, 0x9F, 0xB4, 0x9B, 0x78, 0xD0, 0x5A, 0x5B, 0x03, 0xC8, 0x61, 0x23, 0xFF, 0x86, 0x36,
    0xB9, 0xE1, 0xBE, 0xED, 0x70, 0x35, 0x20, 0xAF, 0x94, 0x63, 0x2C, 0xED, 0x46, 0x8A, 0x8C, 0x94,
    0x6E, 0xF7, 0x4F, 0xC5, 0xA3, 0x5F, 0x22, 0xAA, 0x00, 0x7A, 0x62, 0xD6, 0xE8, 0x9C, 0x9C, 0xC1,
    0x18, 0x2F, 0x9D, 0xD2, 0x79, 0x3B, 0xFB, 0x54, 0x9F, 0x1A, 0xF3, 0xE5, 0xBA, 0x73, 0xFF, 0xCF,
    0x78, 0xE7, 0xFE, 0x9C, 0xB6, 0x0A, 0x93, 0x53, 0x02, 0xEC, 0x99, 0x7B, 0xF7, 0xBB, 0xBE, 0xED,
    0x31, 0x21, 0x6D, 0x01, 0xDF, 0xE4, 0xC6, 0x6C, 0xA4, 0xC4, 0x8D, 0x4A, 0xE5, 0xE7, 0x7A, 0xA3,
    0x52, 0x2A, 0x7F, 0xA5, 0x87, 0x00, 0x32, 0xA6, 0x8D, 0x4A, 0xE7, 0x0B, 0xE1, 0xF7, 0x4E, 0x35,
    0x1D, 0x42, 0xC6, 0xAD, 0x8B, 0x7A, 0x9B, 0xD6, 0x48, 0x6D, 0x7E, 0xD9, 0xF9, 0xB4, 0xFE, 0xFD,
    0x62, 0x9F, 0x4B, 0xAF, 0x26, 0x25, 0x20, 0x3B, 0x99, 0x43, 0xB7, 0x56, 0x52, 0xCC, 0xE1, 0xE0,
    0xC2, 0x11, 0x28, 0x47, 0xBF, 0x53, 0x7D, 0x7E, 0x4A, 0x2F, 0x05, 0x1B, 0xAE, 0xFD, 0xE2, 0x44,
    0x1A, 0xB3, 0x1C, 0x37, 0x6C, 0x63, 0xC9, 0x68, 0xC1, 0xA2, 0x68, 0x00, 0x09, 0x1D, 0x87, 0xD9,
    0x6F, 0x8E, 0x03, 0x91, 0x5D, 0xA8, 0xCD, 0xB5, 0x20, 0x91, 0x56, 0x41, 0xEB, 0xD5, 0x81, 0x3E,
    0x6B, 0x80, 0x6D, 0x14, 0x3A, 0xA2, 0x89, 0x5B, 0x2C, 0xD4, 0x62, 0xED, 0x90, 0x98, 0x18, 0xEC,
    0x16, 0x6B, 0x60, 0x96, 0x4A, 0xB3, 0x77, 0x92, 0x9F, 0xA0, 0xC6, 0xBF, 0x6C, 0x16, 0x09, 0x1F,
    0x2F, 0x2D, 0xB7, 0xB1, 0xE8, 0x2C, 0x10, 0x56, 0x6B, 0xBF, 0x2C, 0x5F, 0x5B, 0x85, 0x56, 0x16,
    0x67, 0x82, 0x3F, 0x11, 0x83, 0xF1, 0x48, 0x2F, 0x94, 0x03, 0xE0, 0x72, 0x7D, 0xE0, 0x9D, 0xD7,
    0xF7, 0x42, 0xC9, 0x56, 0xCE, 0x68, 0x77, 0x57, 0xE3, 0x11, 0x21, 0x18, 0x00, 0xE1, 0xB2, 0x3C,
    0x30, 0x2F, 0x54, 0x97, 0xF3, 0x18, 0xB1, 0x2A, 0x2E, 0xF4, 0xB5, 0xA7, 0x3F, 0x75, 0xD0, 0x74,
    0xEE, 0xC0, 0x6C, 0xC7, 0x59, 0x42, 0x77, 0x78, 0xDD, 0x6B, 0xE1, 0x09, 0x8B, 0x12, 0xD8, 0x0B,
    0x1C, 0x7D, 0x85, 0x10, 0x34, 0x38, 0x54, 0xE0, 0x50, 0x7F, 0xB3, 0x55, 0xDF, 0x40, 0x1E, 0xE5,
    0x61, 0x61, 0xCD, 0x87, 0x76, 0x7C, 0xA4, 0xC6, 0x2B, 0xE4, 0x80, 0xD4, 0x72, 0xB9, 0x06, 0x12,
    0x6E, 0x48, 0xA4, 0xE3, 0x4E, 0x8C, 0xD1, 0x45, 0x94, 0x74, 0x4A, 0x72, 0x93, 0x28, 0xF9, 0x44,
    0x4A, 0xF3, 0xB2, 0x12, 0xF5, 0x16, 0xBB, 0x29, 0x1D, 0x2E, 0xBE, 0x33, 0xB7, 0x94, 0xFC, 0xED,
    0x46, 0xBC, 0xAB, 0xA4, 0xDB, 0x88, 0x1E, 0xA4, 0xEA, 0xBD, 0x0E, 0xA4, 0x18, 0xFD, 0x16, 0x24,
    0x1B, 0x83, 0x06, 0x24, 0x9D, 0xC3, 0x1A, 0x24, 0x96, 0x68, 0x21, 0x6F, 0xE4, 0x20, 0xA1, 0xFC,
    0xD0, 0x80, 0x04, 0xF2, 0x78, 0x21, 0x33, 0x89, 0x27, 0x23, 0x89, 0xD9, 0x92, 0x6A, 0xB0, 0xA4,
    0xE8, 0x2D, 0xC9, 0x3A, 0x25, 0x37, 0x26, 0x93, 0xB6, 0xBE, 0x4C, 0xDF, 0xD3, 0x91, 0x85, 0x8A,
    0x76, 0x5D, 0x7C, 0xC5, 0x1C, 0x81, 0xDC, 0xBC, 0xE4, 0xEA, 0xD5, 0x4E, 0xA4, 0x6E, 0x82, 0xE2,
    0x1C, 0xB5, 0xDE, 0xCA, 0xB9, 0x7B, 0xBE, 0xB0, 0x28, 0xC4, 0x36, 0xC1, 0x5E, 0x1A, 0x38, 0xBA,
    0x4B, 0x03, 0xA7, 0xBD, 0x4B, 0x03, 0x03, 0x5E, 0x1A, 0x58, 0x46, 0xCB, 0xA5, 0x81, 0xEF, 0x88,
    0x16, 0xD9, 0x72, 0x69, 0x60, 0x77, 0x0A, 0xAC, 0xFA, 0x5B, 0xC0, 0x62, 0x18, 0x57, 0x97, 0x06,
    0x26, 0xDB, 0x4B, 0x03, 0xDB, 0x83, 0x97, 0x06, 0x7A, 0x62, 0xCE, 0xE4, 0xAF, 0x44, 0xCC, 0x14,
    0x20, 0xC3, 0xE6, 0x5C, 0xD1, 0x39, 0x26, 0xBA, 0x6C, 0xBB, 0x5C, 0x87, 0x40, 0xE4, 0x99, 0xD8,
    0x10, 0xD3, 0x7A, 0xC9, 0xF9, 0x8B, 0xDD, 0xCF, 0xD1, 0x43, 0x92, 0x0E, 0x92, 0xF4, 0x8F, 0x74,
    0xEE, 0x91, 0x22, 0x72, 0xC8, 0x39, 0x72, 0x5F, 0xAD, 0x09, 0xD7, 0x77, 0x34, 0x62, 0x00, 0xB5,
    0x29, 0xA9, 0x5D, 0x46, 0xA6, 0x80, 0xDB, 0xF1, 0x84, 0xF1, 0x8C, 0xC3, 0x00, 0x5D, 0x07, 0xBC,
    0x81, 0x7E, 0x03, 0xBD, 0x0D, 0x28, 0xEB, 0x2B, 0x84, 0x2D, 0xE6, 0xB7, 0x98, 0xE6, 0x40, 0xF1,
    0x2F, 0xDF, 0xA4, 0x7D, 0x39, 0x1A, 0x54, 0x46, 0xCD, 0xF7, 0x6D, 0x5A, 0x56, 0xDF, 0xA5, 0x05,
    0xFA, 0x88, 0xB1, 0xC5, 0x1B, 0x0C, 0x96, 0xE9, 0x58, 0x0A, 0x97, 0x5A, 0xDA, 0x34, 0x29, 0xD1,
    0x6C, 0xDB, 0x63, 0x42, 0x0B, 0xEA, 0x6B, 0xAC, 0xD5, 0x31, 0x99, 0xB8, 0xF7, 0x84, 0xA1, 0xEB,
    0x51, 0x7F, 0x97, 0x06, 0xAE, 0xDF, 0xBF, 0xFC, 0xB8, 0x4C, 0x75, 0x09, 0x7D, 0xF2, 0x93, 0xF5,
    0xBD, 0xC7, 0xD5, 0xF6, 0xDE, 0x63, 0x55, 0x93, 0xC2, 0xE6, 0x47, 0xAE, 0xBA, 0xFC, 0x18, 0xA1,
    0x0E, 0xB2, 0xF9, 0xBF, 0x4B, 0x1F, 0xC3, 0xC5, 0x1D, 0xC6, 0x8C, 0xC6, 0x5E, 0xC1, 0x21, 0x0F,
    0x64, 0x1F, 0xF0, 0xDA, 0x55, 0x8F, 0xD4, 0x3B, 0x8A, 0x96, 0x80, 0x75, 0x10, 0x12, 0xA2, 0xC7,
    0x83, 0x42, 0xFC, 0xC3, 0x51, 0x21, 0x79, 0x03, 0x90, 0xD1, 0xE8, 0xE5, 0x34, 0x12, 0xD4, 0x48,
    0x00, 0xA0, 0x0B, 0x87, 0x37, 0xF8, 0xAC, 0x0A, 0x4F, 0x1A, 0x05, 0x54, 0x45, 0xD4, 0x9A, 0xCA,
    0x55, 0x45, 0xC2, 0xAA, 0x48, 0x59, 0x15, 0x19, 0xAB, 0xA2, 0x60, 0x55, 0xCC, 0x1C, 0xE6, 0x47,
    0x54, 0x85, 0x3F, 0x1A, 0xE8, 0xD6, 0x01, 0x97, 0x57, 0xC5, 0xD1, 0xD7, 0xF4, 0x9C, 0x2D, 0xB5,
    0x90, 0xCC, 0x89, 0x98, 0x74, 0xD4, 0x1E, 0xA9, 0x45, 0xEC, 0xFF, 0xF4, 0x79, 0xD7, 0x82, 0x2F,
    0xC2, 0x0C, 0x7A, 0x0B, 0x31, 0x49, 0x35, 0x9A, 0x68, 0xB0, 0x2D, 0xDA, 0x57, 0xF2, 0x8A, 0xEE,
    0x2C, 0x94, 0xE0, 0xC6, 0x24, 0x7D, 0x73, 0xAF, 0xA4, 0x37, 0x18, 0x7B, 0xAD, 0xF6, 0xC6, 0x92,
    0xB8, 0xB6, 0x24, 0xC9, 0x2D, 0xC9, 0x8C, 0x25, 0x6F, 0x2D, 0x71, 0x3D, 0x46, 0x4B, 0xBC, 0x9E,
    0x2F, 0x2D, 0xBB, 0x1D, 0xDA, 0xEB, 0x80, 0xC4, 0x0B, 0x49, 0x73, 0xFB, 0xD2, 0xA9, 0xB1, 0xE4,
    0x1C, 0x04, 0x6D, 0x84, 0xC4, 0xEF, 0x2D, 0x09, 0x2D, 0xA9, 0x12, 0x1D, 0x2A, 0xA7, 0x37, 0xFF,
    0xB5, 0x16, 0x4D, 0x2A, 0x7C, 0x48, 0x74, 0x28, 0xCB, 0xD5, 0x5F, 0x2B, 0x14, 0xF9, 0xAD, 0xE6,
    0x37, 0x9E, 0x13, 0xD1, 0xA6, 0x9E, 0x8C, 0x21, 0x7C, 0xAE, 0x62, 0xD5, 0xE6, 0x7A, 0x52, 0x9F,
    0x6C, 0x90, 0x21, 0x09, 0xD7, 0x26, 0x7B, 0x5E, 0xC5, 0xFA, 0x8C, 0x85, 0x88, 0x92, 0xC7, 0xC6,
    0x71, 0x89, 0x43, 0xEB, 0xB0, 0xB1, 0xD8, 0x02, 0xB5, 0x8D, 0xFA, 0xA8, 0x8B, 0xC1, 0x84, 0x75,
    0x31, 0xA4, 0x32, 0x9B, 0xB4, 0xCE, 0x18, 0x37, 0x34, 0x8F, 0xE1, 0xEC, 0x32, 0x21, 0x56, 0x15,
    0x6C, 0x5C, 0xBC, 0xFC, 0x2B, 0x38, 0x1C, 0xD1, 0x91, 0x33, 0x6B, 0x92, 0xCE, 0xC0, 0xB4, 0x0A,
    0x25, 0x53, 0xDB, 0x2B, 0x1C, 0xF6, 0x1F, 0x1E, 0x80, 0x52, 0xFA, 0xF2, 0xF1, 0x9B, 0x67, 0x58,
    0x60, 0x47, 0x90, 0x21, 0x64, 0xE0, 0xE4, 0x41, 0xEB, 0x21, 0xE7, 0xFA, 0x77, 0xB4, 0xB5, 0x51,
    0x0F, 0x39, 0x38, 0xE9, 0x0F, 0x9A, 0x86, 0x7F, 0x3B, 0x20, 0x3D, 0x56, 0x5E, 0x6F, 0x38, 0xD2,
    0x9A, 0xF2, 0xE8, 0x29, 0xFB, 0xBA, 0x98, 0x18, 0x17, 0x4C, 0xAA, 0x4D, 0x59, 0xA6, 0x5D, 0xB5,
    0xDA, 0x88, 0x0E, 0x42, 0x44, 0xAC, 0xB8, 0xD2, 0xA2, 0x48, 0x9B, 0x70, 0xAD, 0x41, 0x73, 0xEA,
    0x58, 0xCA, 0x14, 0x57, 0xF4, 0xE7, 0x46, 0x0B, 0x1C, 0xA5, 0xCD, 0xC1, 0xDF, 0x87, 0x3A, 0x21,
    0x46, 0x32, 0xB3, 0x47, 0xA6, 0x9A, 0xCD, 0x2B, 0xE8, 0xDA, 0x5F, 0xD3, 0x97, 0x6A, 0x17, 0x57,
    0xA3, 0xEA, 0x9C, 0xE1, 0x53, 0x36, 0x40, 0x8E, 0x94, 0xA2, 0xCF, 0x22, 0xB5, 0xCA, 0x76, 0xE5,
    0x50, 0x41, 0x16, 0x1B, 0xA9, 0xA6, 0x62, 0x08, 0xFC, 0x05, 0xAD, 0x48, 0x0A, 0x15, 0x49, 0x3C,
    0x19, 0xA8, 0x62, 0x4D, 0x34, 0xAB, 0x51, 0x5A, 0x31, 0xF0, 0xF8, 0x80, 0x1A, 0x6E, 0xAA, 0xBC,
    0x22, 0xB8, 0xC6, 0x09, 0x2E, 0x9E, 0xD0, 0xD0, 0xA3, 0x3A, 0xD2, 0xFC, 0x23, 0xA6, 0xCD, 0xB3,
    0xAD, 0xCC, 0x89, 0x55, 0xA1, 0x50, 0xB4, 0xC2, 0x72, 0xF3, 0xB4, 0x18, 0x7D, 0xA9, 0xE1, 0x90,
    0x15, 0xCF, 0x89, 0x36, 0x3B, 0xE9, 0x71, 0xA5, 0x13, 0xFA, 0x2B, 0x46, 0x59, 0xA9, 0x57, 0x12,
    0xFF, 0x7E, 0xE5, 0xF3, 0xC5, 0x2F, 0xC0, 0x40, 0xB5, 0xA4, 0xF1, 0x18, 0x8F, 0x4E, 0xE0, 0xDF,
    0xF6, 0xFB, 0xD0, 0x13, 0x05, 0x9D, 0x8A, 0xB9, 0xA5, 0x05, 0xFD, 0x2D, 0x13, 0x3C, 0xDF, 0x82,
    0x86, 0x6E, 0xA4, 0x56, 0x64, 0xDF, 0xBE, 0x92, 0xE1, 0x7D, 0x2F, 0x4C, 0xB5, 0x3C, 0x1E, 0xAB,
    0x5A, 0xEE, 0x7E, 0x97, 0x6A, 0xB9, 0xA0, 0x6A, 0xB9, 0xF9, 0xFC, 0x55, 0xCB, 0x66, 0x51, 0x2D,
    0x3F, 0x72, 0xAA, 0xE5, 0xA5, 0x72, 0x51, 0xD5, 0x57, 0x10, 0xBC, 0xE7, 0xD0, 0xF3, 0xE5, 0xBE,
    0x17, 0xFF, 0x29, 0xFB, 0xF2, 0x99, 0xC6, 0x8D, 0x8E, 0x71, 0xDE, 0x5B, 0xCC, 0xEA, 0x9C, 0x28,
    0xBD, 0x1E, 0xF3, 0x22, 0x54, 0xA9, 0xA9, 0xB0, 0x6D, 0x4E, 0x21, 0x35, 0xC9, 0xB3, 0x33, 0xC8,
    0xCE, 0xB6, 0x17, 0x51, 0x85, 0x72, 0x61, 0x54, 0x4A, 0xB9, 0xB8, 0x4C, 0x5A, 0xF7, 0x49, 0x13,
    0xAD, 0x1D, 0x24, 0x29, 0x53, 0xC8, 0x0A, 0x52, 0x72, 0x7D, 0x15, 0x0B, 0x78, 0x1B, 0xCF, 0x2E,
    0x9B, 0x5F, 0xAD, 0x06, 0x13, 0x2D, 0x0E, 0x92, 0x8F, 0x8E, 0xEF, 0xCB, 0xBE, 0xF6, 0xE5, 0x14,
    0x0D, 0xE2, 0x51, 0x31, 0xEA, 0xF9, 0xCD, 0x6C, 0xB0, 0xA9, 0x29, 0x76, 0x63, 0x85, 0x8F, 0x36,
    0xCA, 0x56, 0x25, 0xB9, 0x8A, 0x16, 0x36, 0xC2, 0x48, 0x2A, 0x8D, 0xA9, 0x5F, 0x82, 0xE6, 0x59,
    0xC5, 0x84, 0x23, 0x32, 0xCD, 0x43, 0xF5, 0x37, 0x85, 0x75, 0x8C, 0xF4, 0x65, 0xCE, 0xB9, 0x5C,
    0xD9, 0x93, 0xBD, 0x6E, 0x7B, 0x62, 0xF5, 0xB3, 0x37, 0x19, 0xCE, 0xE9, 0x46, 0x3D, 0x57, 0xB2,
    0x3D, 0xAA, 0x66, 0x0F, 0xDB, 0xBA, 0x52, 0x06, 0x32, 0x41, 0x4A, 0xEB, 0xEE, 0x66, 0x4A, 0xE5,
    0x92, 0x22, 0x4B, 0x72, 0x95, 0x15, 0xA4, 0x94, 0x90, 0xAA, 0xAB, 0xCF, 0xA5, 0x41, 0xCE, 0x3A,
    0x5D, 0xA1, 0x66, 0xF3, 0xBF, 0x90, 0x9E, 0xB1, 0x22, 0x59, 0x64, 0x48, 0x4F, 0xB7, 0x16, 0x4D,
    0x5C, 0xAB, 0xFE, 0x35, 0x37, 0xF7, 0x4C, 0xAC, 0xCA, 0x96, 0x3F, 0xC0, 0xAE, 0x0D, 0x29, 0xA3,
    0x62, 0x09, 0x09, 0x1A, 0x70, 0x98, 0x5A, 0x72, 0xF3, 0x6E, 0x4E, 0xA0, 0xAD, 0x0F, 0xDD, 0x18,
    0x58, 0x0D, 0x1C, 0xBD, 0xD7, 0xC2, 0x53, 0x91, 0xE6, 0x3A, 0x58, 0xE7, 0x7A, 0x4E, 0xAC, 0x63,
    0x8F, 0x5E, 0xB5, 0x5D, 0x67, 0x17, 0x37, 0x44, 0xD3, 0x35, 0x70, 0x9C, 0xA5, 0x43, 0xD1, 0x0A,
    0x0E, 0x07, 0xA7, 0xB1, 0x60, 0x43, 0xD3, 0x5C, 0xA9, 0x6F, 0x0A, 0x09, 0x31, 0x21, 0x23, 0x08,
    0x40, 0xF7, 0xC9, 0x36, 0x22, 0x8D, 0x0D, 0x48, 0x63, 0xE3, 0xD1, 0xD8, 0x70, 0x34, 0x36, 0x1A,
    0x8D, 0x06, 0xA3, 0x01, 0x88, 0x01, 0x8C, 0x84, 0x8E, 0xD0, 0x5C, 0xA9, 0xED, 0xB2, 0x29, 0x5B,
    0x27, 0xD7, 0x9E, 0x5C, 0x39, 0xF9, 0x45, 0xBA, 0xDE, 0x8C, 0x83, 0x01, 0x47, 0x86, 0x3D, 0xC0,
    0x6B, 0xFF, 0x2F, 0x56, 0x08, 0xDC, 0xFD, 0xE2, 0x31, 0xEB, 0xD6, 0x12, 0xFF, 0x8E, 0xE7, 0x8B,
    0x54, 0x45, 0x1C, 0xDB, 0x30, 0xCE, 0xAD, 0xE1, 0x88, 0x29, 0x6C, 0x3F, 0xF8, 0xFB, 0xC5, 0x6E,
    0xF0, 0x77, 0xFA, 0xCB, 0x30, 0x18, 0xFB, 0x12, 0x9A, 0xDD, 0x06, 0x6A, 0xB7, 0x61, 0xDB, 0x2B,
    0xEA, 0x18, 0xEC, 0x16, 0xE8, 0x78, 0xA8, 0xFA, 0xE3, 0x83, 0xBF, 0xD7, 0x9A, 0x16, 0xA4, 0x6C,
    0x2F, 0xF8, 0xFB, 0xB1, 0x7B, 0x66, 0x1B, 0x24, 0x7E, 0x36, 0x08, 0x8D, 0x8C, 0xD0, 0xC3, 0x08,
    0x87, 0x8C, 0xD0, 0xC4, 0x08, 0x81, 0x8C, 0xE0, 0xC7, 0x2A, 0xE4, 0x32, 0xC1, 0x20, 0xF1, 0xFD,
    0x7E, 0x90, 0xF8, 0x70, 0x15, 0x24, 0xFE, 0xAA, 0x50, 0xFA, 0xF9, 0xE5, 0xA1, 0xF4, 0xA3, 0x55,
    0x28, 0x7D, 0x84, 0x2B, 0x5D, 0x95, 0x26, 0x1E, 0xC2, 0xEF, 0x2E, 0xCD, 0xF0, 0xD9, 0x4B, 0xD3,
    0x95, 0x92, 0x2A, 0xBF, 0x2E, 0x0B, 0xA5, 0xEF, 0x4A, 0xC9, 0x3D, 0xF8, 0xDF, 0xFD, 0x50, 0xFA,
    0xC9, 0x81, 0x52, 0x7A, 0xBE, 0x4D, 0xD6, 0x16, 0x72, 0xF9, 0x85, 0x2F, 0xE4, 0xE3, 0x9B, 0xEC,
    0x8B, 0xAB, 0x8C, 0xA7, 0xDD, 0xD2, 0xFD, 0x13, 0xD4, 0x23, 0xD6, 0x10, 0x89, 0xFC, 0xC7, 0x0A,
    0x3A, 0x1A, 0x4D, 0x64, 0xCF, 0x40, 0xA9, 0xD8, 0x6C, 0x59, 0x6B, 0x2A, 0xE3, 0x41, 0x1A, 0x69,
    0x20, 0x5B, 0x48, 0x7D, 0x4D, 0x28, 0x0F, 0x2A, 0x0F, 0x3C, 0x69, 0x21, 0x9B, 0x48, 0xEB, 0x98,
    0xD1, 0x32, 0xCA, 0xA2, 0x46, 0x7D, 0xB6, 0x08, 0xCE, 0xDA, 0x6B, 0x35, 0xEB, 0xCD, 0x2F, 0x2D,
    0xE2, 0x64, 0x60, 0x89, 0xDA, 0x72, 0xB0, 0xC6, 0xB8, 0xED, 0xC4, 0xA5, 0x03, 0xF8, 0xCE, 0x1D,
    0xEA, 0x8F, 0x54, 0xA1, 0x5F, 0x2E, 0x77, 0xA8, 0x17, 0x97, 0xDD, 0xA1, 0x9E, 0x09, 0xC5, 0xF5,
    0xEF, 0x50, 0xE7, 0x44, 0xB1, 0x0F, 0xFB, 0xCF, 0x9E, 0x1B, 0xC7, 0x85, 0xA6, 0x04, 0xBB, 0x9F,
    0xC9, 0xF8, 0x0A, 0xBA, 0xAF, 0x1D, 0xA0, 0x56, 0x2F, 0xE8, 0x63, 0xA0, 0xBA, 0x8B, 0x86, 0x11,
    0x66, 0x78, 0x0F, 0x52, 0x92, 0xD3, 0xE6, 0x83, 0xFE, 0x1B, 0xB7, 0x59, 0x9C, 0xD6, 0x25, 0x8B,
    0x7B, 0xEA, 0x99, 0x2B, 0xCD, 0x45, 0x5B, 0xDD, 0x38, 0x4D, 0x36, 0x06, 0x2C, 0x7D, 0x64, 0xE7,
    0xDC, 0xED, 0x25, 0x7F, 0xE4, 0xFB, 0x07, 0x42, 0x67, 0x3F, 0x46, 0xC8, 0xDD, 0x81, 0xE2, 0xE1,
    0xE5, 0x0C, 0x7C, 0x12, 0x47, 0xCA, 0x50, 0x0F, 0xE7, 0x5A, 0x5F, 0x70, 0x2D, 0x32, 0x5C, 0xF1,
    0x21, 0xB1, 0xF7, 0x7F, 0x0B, 0xAB, 0xC5, 0x73, 0x98, 0xE8, 0xC1, 0x97, 0xD0, 0xEB, 0xF5, 0x77,
    0x7C, 0x5C, 0x39, 0xC2, 0xE0, 0x08, 0xFF, 0xA1, 0xD1, 0x94, 0xFE, 0x4C, 0x53, 0x0C, 0x7F, 0x1A,
    0xEB, 0xD8, 0x51, 0x70, 0xAD, 0x38, 0xED, 0xB8, 0xB3, 0x51, 0xD2, 0x70, 0x6E, 0xCF, 0x1A, 0x80,
    0xC7, 0x2C, 0x55, 0x8E, 0x94, 0x6F, 0x03, 0xEE, 0xC7, 0xD2, 0xBA, 0x20, 0xFB, 0xEC, 0x9F, 0xE8,
    0xAB, 0x7B, 0x80, 0xD7, 0x0E, 0x3E, 0xFB, 0x4E, 0x39, 0x27, 0xB6, 0x36, 0x47, 0x57, 0x9B, 0xBD,
    0xF1, 0x3A, 0x57, 0x9B, 0x93, 0xAB, 0x4D, 0x94, 0x6E, 0x9C, 0x1B, 0xD8, 0x2A, 0x51, 0xB5, 0xFD,
    0x0A, 0x6B, 0xF3, 0x1C, 0xE9, 0xBE, 0xBC, 0x36, 0xEB, 0x95, 0xBD, 0x64, 0xBE, 0x6B, 0x22, 0x3E,
    0x41, 0xB2, 0x36, 0x53, 0xE9, 0x09, 0xF6, 0xD3, 0xF5, 0x6E, 0x6D, 0x5E, 0x38, 0xED, 0x82, 0xD5,
    0x36, 0x38, 0x79, 0xA5, 0xD6, 0xA1, 0x92, 0x29, 0x92, 0x8E, 0x32, 0x91, 0xD6, 0xA3, 0x95, 0xD0,
    0x6D, 0xC3, 0x48, 0x21, 0xAA, 0x49, 0x3F, 0xC7, 0x10, 0x30, 0x40, 0xCF, 0x83, 0xCB, 0x01, 0xEC,
    0xF5, 0x15, 0x9A, 0x61, 0x44, 0x60, 0x8A, 0x67, 0x5A, 0x9B, 0x32, 0xD3, 0x31, 0x72, 0xF0, 0xDF,
    0x76, 0xBC, 0x48, 0x90, 0xF2, 0x6A, 0xD8, 0x51, 0x12, 0x75, 0xCE, 0x08, 0x25, 0xA9, 0xC1, 0x21,
    0x79, 0xFE, 0x5D, 0xB9, 0xAB, 0x03, 0xA2, 0xD1, 0x38, 0xEF, 0xCE, 0x46, 0xA5, 0xE6, 0x11, 0x2F,
    0xE0, 0x3B, 0x62, 0xDE, 0x4F, 0x92, 0x36, 0x82, 0x2F, 0x67, 0x20, 0xF3, 0x19, 0xD3, 0x91, 0x3F,
    0x44, 0xF5, 0x91, 0xF5, 0x3B, 0xB1, 0xB7, 0xF6, 0x70, 0xBA, 0x52, 0x18, 0x91, 0xE8, 0x80, 0xBD,
    0x35, 0x64, 0x6F, 0x8D, 0x57, 0xBD, 0x35, 0xBD, 0xBA, 0xB7, 0x7E, 0xCC, 0xFA, 0x95, 0xDE, 0x75,
    0xBB, 0xC3, 0xBD, 0xF5, 0xDE, 0x7E, 0x6F, 0x8D, 0x77, 0x3E, 0x86, 0xDF, 0xDB, 0x3D, 0xFE, 0xCF,
    0x5A, 0x18, 0xEE, 0xBF, 0x87, 0x63, 0xDC, 0x60, 0xD2, 0x17, 0x22, 0x9D, 0xE2, 0x7A, 0xED, 0x1E,
    0x71, 0x83, 0x42, 0x5C, 0xF5, 0xDF, 0x50, 0x06, 0x4A, 0x5C, 0xE3, 0xD1, 0xE0, 0x02, 0x8F, 0xB5,
    0x7B, 0x56, 0xD1, 0x41, 0x0F, 0x3F, 0x58, 0xC7, 0xAC, 0x7E, 0xEB, 0x98, 0x35, 0x6B, 0xCF, 0x0D,
    0xE1, 0x98, 0x15, 0xC0, 0x31, 0xCB, 0x97, 0x77, 0x9C, 0x27, 0x1C, 0xFB, 0x6F, 0x35, 0x3F, 0xE9,
    0x8E, 0x9A, 0xF4, 0xEB, 0xDB, 0x7E, 0x35, 0x59, 0xAE, 0xAE, 0x33, 0x77, 0xF4, 0x1C, 0xCC, 0xE8,
    0xBF, 0x83, 0xEB, 0xBF, 0xA8, 0xDF, 0xA7, 0x3D, 0x4E, 0xBA, 0xBE, 0x5B, 0xC1, 0x41, 0x58, 0x87,
    0x5B, 0x99, 0xCC, 0x01, 0xB7, 0x02, 0x13, 0x5C, 0x13, 0xF6, 0xDD, 0x0A, 0xAE, 0xDB, 0x71, 0x0F,
    0xBB, 0x21, 0x1C, 0xFE, 0xC3, 0xD0, 0x94, 0x46, 0x2E, 0x6E, 0xEC, 0xB8, 0x21, 0x7C, 0x74, 0xD8,
    0x84, 0x60, 0xED, 0x86, 0x50, 0xA1, 0x00, 0x28, 0xF5, 0x58, 0x80, 0xFA, 0xC8, 0x04, 0x32, 0x86,
    0x8C, 0x20, 0x43, 0x48, 0x2F, 0x57, 0x69, 0xCC, 0xE7, 0x27, 0x39, 0x61, 0x33, 0xF8, 0x39, 0xE5,
    0x06, 0x21, 0x13, 0xC8, 0x18, 0x32, 0x84, 0x0C, 0x2E, 0x95, 0x2E, 0x88, 0xA1, 0x46, 0xD7, 0x5B,
    0x87, 0x2E, 0x0C, 0x18, 0xBF, 0xF0, 0x39, 0xF9, 0xE2, 0xFA, 0xB2, 0x1D, 0xE6, 0xB2, 0xAB, 0x44,
    0xEA, 0xBA, 0x81, 0x6D, 0xFA, 0x57, 0x91, 0xEC, 0x98, 0xE9, 0x0C, 0x6B, 0xCC, 0x2D, 0xC1, 0x2A,
    0xD2, 0x13, 0xDA, 0x85, 0xA2, 0xEB, 0x3E, 0x2D, 0x91, 0x4F, 0x17, 0x22, 0x3D, 0xC9, 0xFD, 0x62,
    0x06, 0x41, 0x00, 0x04, 0x12, 0x5F, 0x6A, 0x12, 0x4F, 0x5A, 0x12, 0x23, 0xDD, 0x11, 0xA4, 0x5D,
    0x3E, 0xD5, 0x90, 0x04, 0xCB, 0xF7, 0x44, 0xF8, 0xE6, 0x68, 0xF3, 0x5B, 0x93, 0xE6, 0x82, 0x27,
    0x78, 0xCC, 0xE0, 0x9C, 0x2B, 0x71, 0x9B, 0x12, 0xEE, 0x51, 0xF6, 0xF1, 0xF0, 0xA6, 0xC5, 0x56,
    0xD6, 0xB8, 0x60, 0x24, 0x2D, 0x7A, 0xEC, 0x52, 0xA7, 0xC7, 0x23, 0x0A, 0x19, 0xD8, 0x01, 0xEB,
    0x62, 0x24, 0x26, 0x33, 0x31, 0x96, 0xC3, 0x98, 0x4E, 0xC8, 0xF0, 0xFD, 0x4A, 0x3B, 0xF9, 0x8E,
    0x7F, 0xDF, 0x6C, 0x80, 0x5F, 0xB4, 0xD0, 0xA0, 0x1F, 0xE7, 0xAB, 0xB0, 0x52, 0xFA, 0xCA, 0x9E,
    0x0C, 0x5B, 0x9D, 0xF0, 0xE2, 0x86, 0x0B, 0x1F, 0xC8, 0x9C, 0xF3, 0xDB, 0x95, 0xA1, 0x44, 0xD9,
    0x15, 0x9F, 0x31, 0x94, 0xE8, 0xC7, 0xEE, 0xCD, 0x48, 0xF2, 0x5A, 0x84, 0x1A, 0x70, 0x20, 0x29,
    0x91, 0x1A, 0x15, 0x56, 0x5B, 0x4A, 0x4F, 0xE1, 0x16, 0x40, 0x83, 0xCA, 0x08, 0x0E, 0xC3, 0x7C,
    0x91, 0xCB, 0x83, 0x74, 0x5E, 0xD6, 0x7D, 0x69, 0xBE, 0xE3, 0x30, 0xDC, 0x5A, 0x87, 0x61, 0x7B,
    0x96, 0xD2, 0x7C, 0x0E, 0x0E, 0xC3, 0xD6, 0x71, 0xB9, 0x3A, 0xE4, 0x30, 0x6C, 0x0E, 0x00, 0xAE,
    0xB2, 0xC7, 0xA2, 0x67, 0xC7, 0xCB, 0xA5, 0x2A, 0x33, 0xBD, 0xD0, 0x73, 0xA0, 0x44, 0xAC, 0xA8,
    0x46, 0x7F, 0x69, 0xC6, 0x42, 0x77, 0x74, 0xCB, 0xFA, 0x87, 0x58, 0xD0, 0x3F, 0x2E, 0x51, 0x6F,
    0x3B, 0x8B, 0x80, 0xD9, 0xE5, 0x74, 0x96, 0x66, 0xB9, 0x1C, 0x3A, 0x82, 0x51, 0x41, 0xC2, 0x4B,
    0x6E, 0x50, 0x8A, 0xB3, 0x09, 0x31, 0x4C, 0x6C, 0xAA, 0xA6, 0x42, 0xEF, 0xA5, 0x3C, 0xE4, 0x1E,
    0xFC, 0xB5, 0x7B, 0xA0, 0x13, 0x24, 0x77, 0x36, 0xA8, 0x9B, 0x44, 0x3A, 0xC0, 0xCA, 0xA7, 0xDB,
    0x9B, 0x38, 0x3A, 0xC1, 0x06, 0x07, 0xCD, 0x4E, 0x63, 0x7B, 0xD6, 0xD0, 0x78, 0xA7, 0x39, 0xF2,
    0xCD, 0xA5, 0xDB, 0xC4, 0x25, 0xAA, 0x74, 0x4C, 0x78, 0x6B, 0x1B, 0xE2, 0xB8, 0x05, 0x13, 0x2F,
    0x0B, 0xEF, 0x51, 0xE1, 0x5E, 0x85, 0x85, 0xCB, 0x98, 0x09, 0xAA, 0x08, 0xAD, 0x38, 0x6E, 0xA0,
    0x47, 0x4F, 0x4B, 0x6C, 0x11, 0x0A, 0xAE, 0x7B, 0x27, 0xA4, 0x35, 0x18, 0x91, 0x00, 0xCD, 0x78,
    0x81, 0x2A, 0xA2, 0xE5, 0x15, 0x00, 0x85, 0x6C, 0xE5, 0x52, 0xD4, 0x83, 0xA9, 0x90, 0x70, 0x2D,
    0x2E, 0xEC, 0xA3, 0x22, 0x79, 0xBB, 0x35, 0x88, 0xA8, 0xCE, 0x71, 0xDB, 0x5A, 0x6E, 0x52, 0x2E,
    0x57, 0xDB, 0x55, 0x4A, 0x7D, 0x35, 0xB1, 0x33, 0x61, 0x53, 0x0C, 0x5A, 0xD4, 0xB8, 0xA3, 0x14,
    0x6D, 0xD9, 0x15, 0x75, 0xBF, 0x5B, 0xD4, 0xFF, 0x17, 0xE5, 0x9B, 0x3F, 0x90, 0xDE, 0xC6, 0x79,
    0xC6, 0x1F, 0x00, 0xE1, 0x41, 0x16, 0x26, 0xB3, 0x2A, 0xE8, 0xC4, 0xA1, 0x32, 0x03, 0x17, 0x2E,
    0x64, 0x35, 0xE8, 0x67, 0x6C, 0x62, 0xE3, 0x14, 0x2A, 0xC3, 0x42, 0x37, 0x29, 0x58, 0xB0, 0x71,
    0xA1, 0xA4, 0x08, 0xDB, 0x14, 0xA4, 0x00, 0xBB, 0x49, 0x7B, 0x45, 0x32, 0x29, 0xC5, 0x82, 0x8D,
    0xD9, 0x28, 0x65, 0x8A, 0x23, 0x01, 0x39, 0x65, 0x0A, 0x41, 0x93, 0xC9, 0xA4, 0x48, 0x11, 0xD8,
    0x8E, 0x6A, 0x6E, 0x22, 0x30, 0xC2, 0x89, 0x00, 0xDE, 0xE4, 0x7D, 0xF6, 0xFB, 0xBE, 0xBD, 0x8F,
    0x1F, 0x4F, 0x39, 0x4A, 0xC7, 0x13, 0x8F, 0xB7, 0x73, 0xF7, 0x3C, 0x73, 0xC0, 0xF7, 0x67, 0x77,
    0x7F, 0xFB, 0x2E, 0xDE, 0x5D, 0xE0, 0x00, 0x48, 0x0B, 0x00, 0x91, 0xF4, 0x6A, 0x89, 0x38, 0x04,
    0xCB, 0x1E, 0x8F, 0x6A, 0xE6, 0xA3, 0x49, 0x2D, 0xFF, 0xB3, 0x59, 0xAD, 0x30, 0x8B, 0xDA, 0xF5,
    0x54, 0xD4, 0x1E, 0x26, 0x62, 0x01, 0x4C, 0x89, 0xD4, 0x40, 0x34, 0xC6, 0xD2, 0x02, 0xB1, 0x8B,
    0xA4, 0x03, 0x12, 0x07, 0xE9, 0x81, 0xB4, 0x43, 0xE3, 0x00, 0xF3, 0xAF, 0xFB, 0xCD, 0x00, 0xE4,
    0x22, 0x32, 0x02, 0x85, 0x88, 0x4C, 0x40, 0x09, 0xE4, 0x33, 0xF0, 0x21, 0x60, 0x04, 0x98, 0xBD,
    0x4D, 0x40, 0x2A, 0x36, 0x1E, 0xB5, 0x1A, 0x6D, 0x42, 0xEB, 0x6E, 0x2F, 0x37, 0x70, 0x4B, 0x8E,
    0x44, 0x1C, 0x44, 0x0B, 0x0D, 0xCF, 0x96, 0x47, 0xD4, 0x58, 0xAB, 0xC2, 0x37, 0x07, 0xD3, 0x83,
    0xE1, 0x25, 0x57, 0xF6, 0xF5, 0x80, 0x0C, 0x5A, 0x9B, 0x05, 0xE5, 0x94, 0x89, 0x2D, 0x87, 0x44,
    0xEA, 0xC2, 0x25, 0xD2, 0x66, 0x2A, 0xC0, 0x46, 0xAE, 0xFC, 0xB9, 0xB4, 0xB1, 0x88, 0xB4, 0xB9,
    0x4A, 0xB9, 0x24, 0xD2, 0x36, 0xE3, 0xFF, 0x89, 0xB8, 0x67, 0x24, 0xD5, 0x13, 0x46, 0xBA, 0x52,
    0x66, 0x19, 0x72, 0x71, 0x32, 0xC7, 0x62, 0x65, 0x46, 0x28, 0xDA, 0x26, 0x64, 0x0B, 0xD8, 0x4E,
    0x8A, 0xFF, 0xD3, 0x9F, 0x40, 0xE4, 0xEB, 0x98, 0xC9, 0xA0, 0x66, 0xFE, 0x6D, 0x52, 0x4B, 0x41,
    0xC3, 0xCA, 0xE2, 0x81, 0x56, 0x74, 0xB4, 0x92, 0x8A, 0xC2, 0xDB, 0xF7, 0x71, 0xBC, 0xAC, 0xDA,
    0xBD, 0xC5, 0x35, 0x5D, 0x7D, 0xF4, 0x16, 0xD7, 0xC2, 0x73, 0x2D, 0x3D, 0xD7, 0x0F, 0xB3, 0x13,
    0xB9, 0x26, 0x5B, 0x5C, 0xB3, 0x1D, 0xAE, 0x0A, 0x74, 0x8B, 0xEB, 0xA3, 0x0D, 0xD7, 0x4C, 0x10,
    0x6D, 0x71, 0x4D, 0x03, 0xD7, 0x9B, 0x3B, 0x5C, 0xD9, 0x27, 0xA5, 0x7E, 0xD7, 0xF5, 0x5B, 0x0E,
    0xF8, 0x51, 0xE2, 0x00, 0x50, 0xF2, 0x0E, 0x88, 0x96, 0x4D, 0x77, 0x8C, 0x2A, 0xDF, 0x96, 0xE8,
    0xAC, 0x44, 0x87, 0x93, 0x88, 0x0E, 0xF9, 0x33, 0x44, 0x1B, 0x4F, 0xF4, 0x1A, 0x15, 0x55, 0x80,
    0x13, 0xCB, 0x27, 0x8E, 0x7D, 0xFC, 0x45, 0x0B, 0xC0, 0x3C, 0x65, 0xE5, 0xCA, 0x4F, 0x16, 0xB5,
    0x05, 0xA5, 0x05, 0x70, 0x1F, 0x7B, 0x6A, 0xDB, 0x25, 0x7A, 0x3E, 0x29, 0x9A, 0x91, 0x51, 0x2D,
    0xFF, 0xD8, 0x93, 0xCA, 0x9F, 0x43, 0x6A, 0x4A, 0x03, 0x29, 0xC4, 0x5B, 0xA4, 0xD2, 0x93, 0x48,
    0x8D, 0x2F, 0x4E, 0xEA, 0xC4, 0x08, 0xFC, 0x0B, 0x95, 0xD9, 0x0F, 0xE2, 0x4C, 0xDE, 0xEB, 0x90,
    0xCB, 0xA7, 0x16, 0xE5, 0x63, 0x07, 0x48, 0x3A, 0x22, 0x99, 0xB0, 0x20, 0x3E, 0xC0, 0xB5, 0xF3,
    0x27, 0x25, 0x33, 0x7E, 0x05, 0x96, 0xC6, 0x5B, 0x61, 0x69, 0xD9, 0x27, 0xD2, 0x01, 0x88, 0x7F,
    0x27, 0x0E, 0x97, 0x85, 0x14, 0x29, 0xA1, 0xA2, 0xE6, 0xB5, 0x6A, 0xCA, 0x5E, 0x88, 0xBE, 0x14,
    0xC7, 0x3E, 0x98, 0x36, 0x5D, 0x20, 0x28, 0x6B, 0x76, 0x40, 0xBD, 0x69, 0xF7, 0xBE, 0x05, 0xD0,
    0xC8, 0x0C, 0xA4, 0x22, 0x52, 0xC3, 0x48, 0x2C, 0x1D, 0xCC, 0xAC, 0x95, 0xCE, 0x26, 0x88, 0x43,
    0x4C, 0x05, 0x36, 0xAA, 0xEF, 0x52, 0x6D, 0xB4, 0x02, 0xA9, 0xA8, 0x1A, 0xB1, 0xE2, 0x50, 0xCC,
    0x7A, 0xB6, 0x9C, 0x76, 0x35, 0xE2, 0x59, 0x9D, 0xA3, 0x8C, 0x48, 0x35, 0x23, 0x95, 0xA9, 0x14,
    0x8B, 0xA6, 0x53, 0x55, 0x6E, 0xCE, 0x57, 0x7F, 0xA2, 0xBD, 0xF1, 0x13, 0x1A, 0x68, 0x0F, 0x7E,
    0x31, 0x90, 0xC8, 0x6F, 0x15, 0x50, 0xF6, 0x74, 0xB0, 0xCA, 0xE0, 0xB3, 0xD9, 0xB3, 0xAF, 0xD4,
    0x46, 0x98, 0xFA, 0x35, 0x0B, 0xBD, 0xBC, 0x07, 0xB4, 0xF3, 0x80, 0x1F, 0xDD, 0x01, 0x80, 0x3B,
    0xD8, 0x7B, 0x90, 0x68, 0x37, 0xFF, 0x53, 0x8B, 0xF2, 0x3F, 0x1C, 0x20, 0xC9, 0x84, 0x64, 0x44,
    0x63, 0xA3, 0x1B, 0xB8, 0x62, 0xCF, 0x2B, 0xFE, 0x8E, 0x34, 0xFE, 0x44, 0x67, 0x4A, 0x01, 0xDE,
    0x3C, 0x88, 0x2C, 0x80, 0x6A, 0x4E, 0x5B, 0x00, 0x1C, 0x3C, 0x88, 0x86, 0x4A, 0x00, 0x44, 0xF7,
    0xD2, 0x71, 0x97, 0xC5, 0x0A, 0x82, 0xF9, 0xD2, 0x07, 0x65, 0x7D, 0xBE, 0x41, 0x39, 0x9C, 0x2F,
    0xC3, 0x77, 0xED, 0x15, 0x44, 0x32, 0xE4, 0x48, 0xF4, 0xAF, 0xF4, 0x37, 0x32, 0x63, 0xAF, 0x7E,
    0xDB, 0xC1, 0x97, 0x4C, 0x6B, 0x66, 0xA4, 0xC5, 0x9A, 0xE6, 0xA8, 0x34, 0x1F, 0x9D, 0x66, 0x36,
    0x2D, 0x5F, 0xCA, 0x6C, 0x0A, 0x3C, 0xB0, 0xBE, 0xAF, 0xDB, 0xD0, 0xC9, 0x01, 0xD5, 0x7C, 0x6A,
    0x54, 0x2B, 0xD2, 0xFD, 0x16, 0xAA, 0xC1, 0xA3, 0x1A, 0x3D, 0xAA, 0xC9, 0xA3, 0x9A, 0x89, 0x8A,
    0xC4, 0x14, 0x15, 0x8D, 0xA9, 0x49, 0x3C, 0x26, 0x1E, 0x55, 0xAC, 0x96, 0xBA, 0x88, 0xA8, 0x7A,
    0x88, 0x47, 0xA5, 0xB6, 0x83, 0xAA, 0x9C, 0x81, 0x06, 0xC8, 0x17, 0xA2, 0x32, 0x44, 0xA5, 0xBD,
    0x1C, 0x93, 0x58, 0x9B, 0xD2, 0x4E, 0x97, 0x6B, 0xC6, 0x23, 0x2D, 0x5B, 0x68, 0x46, 0x82, 0xF1,
    0x60, 0x78, 0x49, 0x1A, 0x20, 0xAE, 0x2F, 0x89, 0x31, 0x2F, 0x89, 0xF7, 0x08, 0xF1, 0x15, 0x4E,
    0x47, 0x11, 0xDD, 0xA7, 0x25, 0x03, 0x2D, 0xEB, 0x68, 0x86, 0xFA, 0xCE, 0xD5, 0xEF, 0xA9, 0xDD,
    0x45, 0x41, 0x4C, 0xF6, 0x11, 0xA1, 0xC9, 0x14, 0xF2, 0x57, 0x66, 0xB3, 0xAF, 0xD7, 0x84, 0xFB,
    0x66, 0xCD, 0x61, 0xAE, 0xD5, 0x01, 0x80, 0x41, 0xBF, 0xDB, 0x0E, 0x48, 0xC6, 0xD4, 0x21, 0x12,
    0xFD, 0xF6, 0x46, 0x2B, 0xF4, 0x76, 0xE8, 0xE3, 0xF3, 0x4F, 0x78, 0x7C, 0x25, 0x01, 0xD3, 0x1F,
    0x5F, 0x2E, 0xE0, 0xD0, 0x53, 0x7B, 0xE3, 0xF2, 0x51, 0x63, 0xE2, 0x53, 0x6D, 0xD2, 0x9E, 0x84,
    0x0B, 0x98, 0x1B, 0xAF, 0x1A, 0x35, 0x2C, 0x40, 0x98, 0x19, 0xA3, 0xBF, 0xA1, 0x21, 0xF5, 0x96,
    0x5B, 0xD5, 0xAB, 0x3F, 0xF9, 0x3D, 0xC2, 0xBB, 0x7A, 0xDD, 0xC3, 0x7B, 0xC8, 0x53, 0x32, 0x7A,
    0x16, 0x7D, 0x58, 0x01, 0x9E, 0x04, 0xAF, 0x7B, 0xB1, 0x49, 0x37, 0xC0, 0x43, 0x80, 0xA7, 0xAD,
    0x22, 0x3C, 0xB5, 0x00, 0x4F, 0xBE, 0x06, 0x5E, 0xE1, 0xE1, 0xED, 0x4E, 0xBA, 0xA3, 0x9F, 0x74,
    0x69, 0x27, 0xC0, 0xD3, 0x93, 0xC4, 0x8E, 0x37, 0xF2, 0xCD, 0x42, 0x57, 0x69, 0x3B, 0xF7, 0x8F,
    0x48, 0x86, 0x68, 0x40, 0xB4, 0xDC, 0x74, 0x6B, 0x82, 0xCB, 0xB9, 0x12, 0x9C, 0xB6, 0x97, 0x84,
    0xD1, 0x0D, 0x1F, 0x77, 0xB3, 0xA9, 0xC1, 0xE6, 0x2B, 0xB4, 0xEB, 0x85, 0x30, 0xEE, 0xE2, 0x11,
    0xA1, 0xFC, 0x00, 0x8C, 0xC2, 0xEB, 0xBE, 0x35, 0x45, 0xFD, 0xC8, 0x93, 0x98, 0x48, 0xE9, 0x6B,
    0x41, 0x76, 0x27, 0xAC, 0xE8, 0xCF, 0x22, 0x0A, 0x1D, 0x90, 0xF5, 0xFF, 0xEF, 0x8A, 0xBE, 0x79,
    0x36, 0x0A, 0x13, 0xA9, 0x63, 0x5A, 0x9B, 0x4E, 0x27, 0xAF, 0xE8, 0x7D, 0x7B, 0xA4, 0x1B, 0x91,
    0x28, 0x91, 0xE4, 0x89, 0x38, 0xC4, 0x07, 0x45, 0x0D, 0x96, 0xC4, 0xC1, 0x21, 0x19, 0x62, 0x87,
    0x68, 0xCE, 0x3A, 0xA5, 0x59, 0x03, 0xC5, 0x02, 0x76, 0xEA, 0x77, 0x13, 0x8F, 0x1F, 0x78, 0x46,
    0x8B, 0x67, 0xD4, 0x78, 0x46, 0xA5, 0x4C, 0x21, 0x68, 0xB8, 0xA3, 0x74, 0x62, 0xF9, 0x76, 0x9B,
    0x6A, 0x87, 0x5B, 0x9B, 0x2F, 0xC3, 0xD6, 0xA6, 0x5A, 0x7F, 0xDA, 0x4D, 0xB5, 0xBB, 0x1E, 0xD5,
    0xB4, 0x36, 0xC6, 0xDC, 0xE0, 0x37, 0xD5, 0x86, 0xB3, 0xDE, 0x54, 0x23, 0xC4, 0x49, 0x87, 0xD5,
    0x08, 0x88, 0x36, 0xB4, 0xD2, 0xDA, 0x66, 0x27, 0x84, 0xA4, 0x51, 0x88, 0xC5, 0x76, 0xB6, 0x4A,
    0x92, 0xA9, 0x3B, 0xA3, 0x44, 0xA7, 0x39, 0x75, 0xA2, 0xD3, 0x68, 0xD3, 0x7B, 0xAF, 0xB1, 0x3C,
    0xD9, 0xBF, 0xCD, 0x1C, 0x32, 0xA3, 0xA6, 0xD4, 0xC4, 0x6B, 0xA7, 0x0A, 0x3C, 0x4F, 0x9F, 0xEC,
    0xBF, 0x0F, 0xB0, 0xF7, 0xA9, 0xFE, 0xF8, 0x69, 0x74, 0xA0, 0x8E, 0x41, 0xE3, 0x51, 0xEB, 0x70,
    0x73, 0x64, 0x7D, 0x56, 0x8A, 0xAD, 0x92, 0xF5, 0xAA, 0x05, 0x8F, 0x96, 0x93, 0xD7, 0x70, 0x84,
    0x67, 0xA3, 0x7D, 0x28, 0x80, 0x5E, 0x3B, 0x7B, 0x46, 0xB6, 0xA4, 0x82, 0x7C, 0x8A, 0xA5, 0x2D,
    0x07, 0x48, 0x57, 0xE9, 0xAC, 0xDD, 0x68, 0xC4, 0x0B, 0xE5, 0xC9, 0xBE, 0x38, 0xD2, 0xA7, 0xB0,
    0x6A, 0x94, 0x46, 0xA5, 0x52, 0x29, 0x07, 0xC0, 0x16, 0x13, 0xE2, 0xD6, 0x08, 0xB2, 0x36, 0x95,
    0xCF, 0x9B, 0x1A, 0x4A, 0x10, 0x6F, 0x4B, 0xBF, 0x33, 0x56, 0x38, 0x28, 0x36, 0x14, 0xFD, 0x9F,
    0x78, 0x14, 0x6A, 0xE8, 0x67, 0xC6, 0xA3, 0xAA, 0x05, 0x70, 0xCF, 0xA8, 0xC2, 0x2B, 0xD7, 0x0D,
    0xC9, 0x0C, 0x55, 0x17, 0x34, 0xCC, 0x01, 0x17, 0x80, 0x54, 0xD8, 0xB9, 0x2C, 0x75, 0xE7, 0xF2,
    0x07, 0xDB, 0x3B, 0x97, 0x08, 0x3B, 0x97, 0x14, 0x7C, 0x47, 0xAC, 0xE2, 0x19, 0xEF, 0x70, 0x51,
    0x72, 0xA8, 0x95, 0xFD, 0x6A, 0x04, 0xAA, 0x46, 0x1C, 0x70, 0x87, 0x79, 0xC4, 0x07, 0x68, 0x2C,
    0x58, 0x5E, 0xB1, 0x7E, 0x8F, 0xA8, 0x09, 0xFB, 0xFD, 0xD6, 0x73, 0x22, 0xA4, 0xAA, 0xF7, 0xEA,
    0x48, 0x46, 0x53, 0x27, 0x22, 0x8D, 0xCD, 0x9E, 0x8A, 0xC0, 0xB4, 0xCD, 0x8C, 0x37, 0x6D, 0x36,
    0xBC, 0xDC, 0xDE, 0x4E, 0x4E, 0xEC, 0xED, 0xBD, 0x03, 0x55, 0xD3, 0xAD, 0xB7, 0x1F, 0x9B, 0xE1,
    0xA7, 0x40, 0x24, 0xD3, 0x00, 0x24, 0x8B, 0xE8, 0x29, 0x57, 0xD5, 0x40, 0x59, 0x9B, 0x1E, 0xF8,
    0x31, 0xA2, 0x7B, 0x08, 0xE5, 0xA2, 0xCC, 0x4D, 0x61, 0x07, 0x78, 0x40, 0xAA, 0x3B, 0xC0, 0x66,
    0xB3, 0x03, 0xDC, 0x24, 0x23, 0xE2, 0x31, 0xEC, 0x00, 0x9F, 0x3B, 0x83, 0x6B, 0x96, 0x3D, 0xDF,
    0x86, 0x15, 0x6C, 0xEC, 0x9A, 0x01, 0xC0, 0x5F, 0xCB, 0x84, 0xD7, 0x84, 0xC1, 0x33, 0x4B, 0x9C,
    0xF4, 0x33, 0xE9, 0x10, 0x7D, 0x21, 0x8E, 0xDB, 0xBA, 0xDA, 0xF8, 0x05, 0x68, 0x50, 0xD4, 0xC7,
    0xF7, 0x74, 0xF7, 0x2D, 0x17, 0x0F, 0x6C, 0x9E, 0x8D, 0xE5, 0x17, 0xD2, 0xA6, 0x82, 0xC6, 0x99,
    0x19, 0xE5, 0x90, 0x4F, 0x28, 0xC7, 0x62, 0x42, 0x39, 0x95, 0x94, 0x79, 0xBF, 0x9A, 0x98, 0x06,
    0x7A, 0x99, 0x00, 0x50, 0x0A, 0x95, 0x5C, 0xC5, 0xCC, 0xC0, 0x5B, 0x99, 0x00, 0x7A, 0x45, 0xD6,
    0x4C, 0xE5, 0xE8, 0x76, 0x8F, 0x52, 0xA4, 0xC6, 0x9E, 0x1F, 0x22, 0xF1, 0xA4, 0x9A, 0x0A, 0x43,
    0xC2, 0xA8, 0x42, 0xF5, 0xDD, 0x7B, 0x77, 0x01, 0xC8, 0xF8, 0x0F, 0x40, 0xBC, 0xCC, 0x6F, 0x01,
    0x99, 0x6B, 0x88, 0x2B, 0x6F, 0x81, 0xEB, 0x48, 0xFA, 0xAF, 0x25, 0x51, 0xB1, 0xDF, 0xCD, 0x0E,
    0x8F, 0xF4, 0x14, 0x24, 0x46, 0xAF, 0xA7, 0x26, 0x11, 0x0D, 0x54, 0xCF, 0xE0, 0xEB, 0xE6, 0xA1,
    0xA2, 0x5D, 0x0F, 0xCC, 0x1F, 0xAA, 0xC0, 0x21, 0x7E, 0x90, 0x6A, 0x48, 0xFC, 0x33, 0x50, 0x3C,
    0xEE, 0x37, 0x21, 0x31, 0xEB, 0x85, 0xED, 0xFB, 0x2F, 0x2D, 0x24, 0xA2, 0x55, 0x48, 0x2C, 0x30,
    0x3B, 0xD3, 0x52, 0x74, 0x1F, 0x37, 0x00, 0x23, 0xBA, 0x67, 0x5E, 0x32, 0x59, 0xBB, 0x9B, 0x4B,
    0x07, 0x7C, 0x10, 0x89, 0x0D, 0x9D, 0x3D, 0xA8, 0xFA, 0x20, 0x99, 0x19, 0x24, 0x7D, 0xD9, 0x02,
    0x45, 0x9D, 0x5D, 0xD0, 0x89, 0xEA, 0x9A, 0xBD, 0x02, 0xC8, 0x98, 0x6B, 0x1F, 0x0B, 0x12, 0xDD,
    0x6B, 0x8D, 0xC3, 0x5E, 0x6B, 0xBA, 0xBD, 0xD7, 0xBA, 0x82, 0xF4, 0xE8, 0xE4, 0x79, 0xCB, 0x9C,
    0xE1, 0xBC, 0xB5, 0x3C, 0xEF, 0xDA, 0x71, 0xED, 0x80, 0x61, 0xBD, 0x83, 0xC1, 0x9D, 0x88, 0xE1,
    0xB5, 0xCC, 0x65, 0x63, 0x05, 0x93, 0x89, 0xB6, 0x99, 0x17, 0x94, 0x3F, 0xE5, 0xFE, 0x69, 0x00,
    0xF3, 0xAA, 0xA6, 0xBB, 0x91, 0xD4, 0xC8, 0x64, 0xE0, 0x6D, 0x7C, 0x7F, 0x0F, 0x7F, 0xF2, 0x5B,
    0xA9, 0x65, 0x07, 0x94, 0xE0, 0xEF, 0x3A, 0xFE, 0x45, 0xA4, 0xD5, 0xDF, 0x5B, 0x72, 0x64, 0xF5,
    0x53, 0xCE, 0xFA, 0x57, 0x3F, 0x77, 0xFD, 0x1D, 0xE9, 0x62, 0x73, 0xE9, 0x8A, 0x5B, 0xEE, 0x8F,
    0x13, 0x87, 0xC4, 0x21, 0xEF, 0xB0, 0x00, 0x53, 0xC8, 0x48, 0xF9, 0xBA, 0xF6, 0xB6, 0xB4, 0xA9,
    0xB4, 0xC9, 0xE9, 0x7E, 0x52, 0x7D, 0xFD, 0x91, 0xB0, 0x9C, 0x67, 0x5B, 0x02, 0x08, 0x76, 0xFC,
    0xE6, 0x35, 0x84, 0xF0, 0x88, 0xC7, 0x63, 0xA9, 0x7D, 0x1D, 0x75, 0x1C, 0x3D, 0x3A, 0x9B, 0x26,
    0x82, 0xE5, 0x79, 0x1F, 0xFE, 0xF1, 0xA2, 0xF4, 0x73, 0x86, 0x0D, 0x9A, 0xA3, 0x9B, 0x52, 0x73,
    0x4B, 0x4F, 0x7A, 0x64, 0xC2, 0x81, 0x65, 0x26, 0xE8, 0x6F, 0xA1, 0xB6, 0xE8, 0x01, 0xA4, 0xC2,
    0x18, 0x4F, 0xC4, 0x36, 0x4E, 0xAD, 0x16, 0x5A, 0x7B, 0x7A, 0x5B, 0xBD, 0x6F, 0xF5, 0x29, 0xFE,
    0x33, 0xD7, 0xDF, 0x60, 0x66, 0x7E, 0x9F, 0xFF, 0xF6, 0x75, 0x5D, 0x58, 0x33, 0xBB, 0xAA, 0x27,
    0x6B, 0x6D, 0x81, 0x6F, 0x7C, 0x83, 0x83, 0x37, 0x87, 0x2B, 0x19, 0x39, 0xAF, 0xDA, 0x4C, 0x22,
    0xE9, 0x34, 0x81, 0x70, 0xE5, 0x88, 0x62, 0xAA, 0x1C, 0xF2, 0xA9, 0x71, 0xC8, 0x67, 0x71, 0x30,
    0xCB, 0x46, 0x64, 0x5B, 0x96, 0x46, 0x45, 0x5F, 0x3C, 0x97, 0x03, 0x8A, 0x49, 0x93, 0x8F, 0xD1,
    0xCC, 0x68, 0x5C, 0x22, 0x7F, 0x2F, 0x2D, 0x1A, 0x59, 0x80, 0xEC, 0xF4, 0xD1, 0x17, 0x96, 0x8D,
    0xE5, 0x42, 0x6B, 0xC4, 0xAA, 0x8D, 0x3E, 0x11, 0xFC, 0xA1, 0xA1, 0x61, 0x65, 0x25, 0xCF, 0x25,
    0x0B, 0x68, 0xEE, 0xB8, 0xC5, 0x61, 0x7E, 0xBD, 0xE0, 0x78, 0xF7, 0x54, 0x8D, 0x74, 0x40, 0xFE,
    0x91, 0x03, 0x7E, 0x3F, 0xAC, 0x4C, 0x4D, 0xB7, 0xEE, 0xB3, 0xC3, 0x8D, 0x9C, 0x1A, 0xAC, 0x39,
    0x23, 0xB0, 0x27, 0xDC, 0x6F, 0x2A, 0xE6, 0xDC, 0x72, 0x72, 0x7F, 0x5F, 0xCF, 0x2F, 0x85, 0x1E,
    0x4B, 0x87, 0x74, 0x50, 0x0C, 0x2D, 0x66, 0x9C, 0x54, 0x2E, 0x78, 0x20, 0xBE, 0x4B, 0x6D, 0xA8,
    0xDC, 0x56, 0xFD, 0xB5, 0x53, 0x78, 0xBF, 0xE3, 0x55, 0x70, 0xD0, 0x53, 0x3F, 0x9B, 0x81, 0x68,
    0x42, 0x05, 0x44, 0x07, 0xD8, 0xB3, 0x5B, 0xCC, 0x08, 0xCD, 0x53, 0x03, 0xB1, 0x81, 0xDC, 0x40,
    0x70, 0x20, 0x39, 0x10, 0x1D, 0x88, 0x08, 0x41, 0x65, 0x47, 0x17, 0x34, 0x54, 0x22, 0x04, 0x19,
    0x82, 0x10, 0x41, 0x8A, 0xF0, 0x18, 0x3D, 0x47, 0x0F, 0xD2, 0xAF, 0x78, 0x91, 0x3A, 0x5A, 0x34,
    0xD0, 0x70, 0xA7, 0x58, 0xD4, 0xBE, 0x57, 0x89, 0xBD, 0x34, 0x24, 0x57, 0xCF, 0xDC, 0x58, 0xB0,
    0x8D, 0xAA, 0x69, 0x27, 0x0E, 0xC0, 0x17, 0xCA, 0x07, 0xD9, 0xD3, 0x19, 0x40, 0xD1, 0x35, 0x1A,
    0x66, 0xDC, 0x1F, 0xFA, 0xB9, 0xC2, 0x5C, 0x97, 0xFD, 0x1B, 0x6C, 0xF7, 0xE2, 0xD3, 0xBA, 0x4E,
    0xBF, 0xA9, 0x1A, 0x90, 0x8A, 0x7E, 0xB9, 0x66, 0x8C, 0xA2, 0x18, 0x59, 0x2D, 0xD6, 0x51, 0xB5,
    0x0E, 0x2A, 0xED, 0x8E, 0xD6, 0x05, 0x95, 0xEF, 0xB2, 0x66, 0x46, 0x26, 0xFA, 0x63, 0x16, 0x7D,
    0xBB, 0xB6, 0x4D, 0x3E, 0x17, 0x07, 0x14, 0xC2, 0xFB, 0x03, 0x32, 0x82, 0xE5, 0xB6, 0xA5, 0x49,
    0x4F, 0xFB, 0xCC, 0xD1, 0xE0, 0x2D, 0xE9, 0x7D, 0x84, 0xD6, 0x1C, 0x72, 0x86, 0xAF, 0x6B, 0x5A,
    0x3D, 0x31, 0xE5, 0x0E, 0x40, 0xE6, 0xD2, 0xC9, 0x37, 0x7D, 0x79, 0xDD, 0x22, 0xD4, 0x6C, 0x1E,
    0xBD, 0xF9, 0xC1, 0xEA, 0xD1, 0x9B, 0xF8, 0xC1, 0x2F, 0x1D, 0x32, 0xF9, 0x97, 0xD6, 0x47, 0x68,
    0xF5, 0xB3, 0x99, 0xF1, 0x19, 0x1E, 0xBD, 0x39, 0xF7, 0x09, 0xF5, 0x57, 0xB8, 0xEA, 0x6F, 0x0D,
    0xFE, 0x14, 0xD0, 0x77, 0x93, 0xC5, 0x7B, 0x32, 0x00, 0xB8, 0x86, 0xDB, 0x1D, 0x42, 0x29, 0x16,
    0xDA, 0x26, 0x36, 0xDB, 0xAD, 0xD8, 0x9C, 0x5E, 0x34, 0x36, 0x9B, 0xC0, 0x70, 0xDE, 0x62, 0x38,
    0xBE, 0x04, 0x86, 0xE3, 0x37, 0x64, 0x78, 0xAD, 0x8E, 0x2C, 0x9A, 0xD9, 0xB4, 0x84, 0x91, 0xF4,
    0x8D, 0x20, 0xAE, 0xB3, 0x11, 0x2C, 0x3E, 0x9B, 0x30, 0xFA, 0xE6, 0xE2, 0xDF, 0x95, 0x66, 0xB4,
    0xA2, 0xC9, 0xC9, 0xF6, 0xFC, 0x69, 0x86, 0x9C, 0x2B, 0x17, 0xEB, 0x51, 0x29, 0xA3, 0x48, 0x8C,
    0x53, 0x54, 0x63, 0x32, 0xEA, 0xA9, 0x1E, 0x0F, 0x71, 0x42, 0xB9, 0x94, 0x99, 0x29, 0xB3, 0xC1,
    0x8C, 0x29, 0xCF, 0xF1, 0x90, 0xD4, 0xA5, 0xE3, 0x9B, 0x16, 0x78, 0x65, 0x93, 0xD7, 0x10, 0x91,
    0x0C, 0x99, 0x30, 0xFF, 0xFA, 0xC5, 0x30, 0x89, 0xD3, 0x60, 0x3A, 0xEC, 0x94, 0xD2, 0x7A, 0xD7,
    0x76, 0x7F, 0x2C, 0xB5, 0xBE, 0x35, 0x17, 0x99, 0x21, 0xCE, 0x73, 0x2F, 0x7B, 0xDF, 0xD9, 0xA6,
    0x63, 0xDF, 0x8F, 0xA6, 0x25, 0x8A, 0xB9, 0xB4, 0x24, 0x23, 0xD3, 0x2A, 0x4E, 0xBB, 0x35, 0x7D,
    0xAC, 0x30, 0x62, 0x45, 0xF5, 0x45, 0x7D, 0xF3, 0xFE, 0x8A, 0x03, 0xC0, 0xAE, 0xE7, 0x81, 0xF5,
    0x48, 0xE0, 0x50, 0xC8, 0x27, 0xAC, 0xC7, 0xC2, 0x66, 0x30, 0xF8, 0xD1, 0xE0, 0x87, 0xED, 0x88,
    0xE3, 0xE3, 0x21, 0x7A, 0xA0, 0x9E, 0x90, 0xB9, 0x99, 0x54, 0x0B, 0xA7, 0x5A, 0xB5, 0xAA, 0x0B,
    0x22, 0x0B, 0xDC, 0x47, 0xEE, 0x56, 0x5D, 0x18, 0xED, 0x33, 0xF1, 0x91, 0xC1, 0x4C, 0x89, 0x88,
    0x44, 0x93, 0x91, 0x48, 0xDA, 0x51, 0x41, 0xFD, 0x86, 0xA8, 0xA5, 0x53, 0x7C, 0x62, 0x5F, 0x5E,
    0x56, 0x84, 0x5C, 0xC2, 0x43, 0x7D, 0xE1, 0xB1, 0x0C, 0x00, 0xA5, 0xF3, 0x9E, 0x8D, 0xDE, 0xA3,
    0xE9, 0x32, 0x32, 0x8D, 0x3D, 0x51, 0xDF, 0x29, 0xE2, 0xC2, 0x26, 0x50, 0x3A, 0xAB, 0x42, 0xC8,
    0xF4, 0xDA, 0xAB, 0xC5, 0x94, 0x8B, 0xCC, 0xB0, 0xCA, 0xF4, 0xCB, 0xCC, 0xB0, 0xCE, 0x0C, 0x0B,
    0x4D, 0xD0, 0x03, 0xC8, 0x78, 0xA1, 0x21, 0x71, 0xDB, 0x1E, 0x1D, 0x5C, 0x06, 0xD6, 0xD8, 0xA3,
    0x71, 0x31, 0xCA, 0xD5, 0xE8, 0x7A, 0x39, 0x0A, 0xAF, 0x79, 0x17, 0x9E, 0x3B, 0x38, 0x24, 0xF7,
    0xC3, 0x57, 0x89, 0x7B, 0x28, 0xD1, 0x82, 0x6B, 0xF0, 0x47, 0x4B, 0xF8, 0x6C, 0x9D, 0x60, 0xCB,
    0x8F, 0x65, 0x56, 0xBF, 0xBE, 0x4A, 0xA3, 0xDF, 0x41, 0xD1, 0x5D, 0xCA, 0x79, 0x9A, 0xA5, 0xEC,
    0x62, 0x8B, 0x48, 0xC6, 0xAC, 0x06, 0x6F, 0xCC, 0x22, 0x7D, 0x2A, 0x02, 0x64, 0x6D, 0x33, 0x45,
    0x76, 0xCF, 0x66, 0xFD, 0xAB, 0xC7, 0xF6, 0xB2, 0xB0, 0xD9, 0x49, 0xAB, 0x42, 0x0A, 0x05, 0x23,
    0xC1, 0xC3, 0xF1, 0xF0, 0x3A, 0x30, 0x32, 0xF1, 0x4A, 0x46, 0x66, 0xC8, 0xB1, 0x98, 0x55, 0xB1,
    0x0B, 0x37, 0xEA, 0x8F, 0xF0, 0x2C, 0x9F, 0x2C, 0x92, 0x69, 0x65, 0xBA, 0xB5, 0xFC, 0x87, 0xF2,
    0xB7, 0x89, 0x52, 0x9F, 0xFD, 0x8B, 0xA7, 0xF3, 0xB3, 0xD8, 0x5B, 0x24, 0x1D, 0x22, 0x7F, 0x5F,
    0x32, 0x19, 0x80, 0x66, 0x44, 0xC6, 0x55, 0xF9, 0xDF, 0x35, 0xAD, 0x12, 0x17, 0x52, 0xB8, 0x2D,
    0x07, 0xC0, 0x37, 0x7D, 0x52, 0xAB, 0x91, 0x76, 0xF3, 0x53, 0xF0, 0x27, 0x39, 0xBB, 0x9F, 0x54,
    0xDA, 0x58, 0x3A, 0x23, 0x6D, 0x24, 0x43, 0x21, 0x2D, 0x44, 0x9E, 0xCA, 0x13, 0x94, 0xF2, 0x5B,
    0x59, 0x90, 0x2D, 0x7F, 0x22, 0xCB, 0x0B, 0xDF, 0x00, 0x02, 0xDE, 0xA7, 0x1A, 0xDF, 0x84, 0xD2,
    0x73, 0xBE, 0x9E, 0x39, 0xB5, 0x37, 0xB6, 0xB7, 0x6B, 0xF3, 0x8E, 0x26, 0x96, 0x76, 0x88, 0xE3,
    0xF6, 0x96, 0x37, 0x5C, 0x7C, 0xEC, 0x55, 0x4F, 0xA2, 0x33, 0x80, 0xE4, 0x89, 0x00, 0x88, 0xDA,
    0x12, 0x5A, 0xA8, 0xD1, 0xAC, 0x6A, 0x7A, 0x6A, 0x1B, 0x34, 0x94, 0x46, 0x9B, 0xDD, 0xAA, 0x92,
    0x7E, 0xFE, 0x92, 0x07, 0xC0, 0xC2, 0x01, 0xF0, 0x5F, 0x1C, 0x00, 0x96, 0x0D, 0x49, 0x57, 0x80,
    0xCC, 0x4C, 0x43, 0x39, 0x78, 0xAF, 0x3A, 0xEF, 0xE2, 0x2D, 0x19, 0xBD, 0xEF, 0x0E, 0x18, 0xA0,
    0x18, 0x48, 0x6F, 0x2A, 0x27, 0xEF, 0xC5, 0x74, 0x53, 0x9E, 0xD8, 0x3F, 0x98, 0xB2, 0xC9, 0xF7,
    0x6B, 0x3C, 0xAE, 0x7C, 0xF0, 0x9E, 0xF6, 0xF4, 0xB9, 0xAA, 0xE9, 0x32, 0x82, 0x3E, 0xDB, 0x35,
    0x87, 0x33, 0xF7, 0xD8, 0x3B, 0xC9, 0x62, 0x04, 0xD1, 0xC6, 0x03, 0x36, 0x6C, 0x57, 0x70, 0x49,
    0x57, 0xE0, 0xF1, 0xF6, 0x74, 0xBC, 0x7B, 0xDF, 0xBB, 0xB8, 0xAD, 0xA5, 0x42, 0x22, 0x34, 0x98,
    0xD1, 0x7B, 0xD1, 0xF9, 0xD8, 0xF8, 0x23, 0x20, 0x5E, 0x77, 0x99, 0xD4, 0x6B, 0x6F, 0xA4, 0x15,
    0xF9, 0x44, 0x5A, 0x7A, 0x5B, 0xD5, 0x05, 0xEF, 0x78, 0x95, 0xD6, 0x33, 0x2A, 0xE1, 0x71, 0x4D,
    0xDE, 0x1F, 0x3B, 0xEF, 0x8B, 0xF5, 0xDE, 0xE2, 0xDB, 0x78, 0xA6, 0x1E, 0x4B, 0x6F, 0xD4, 0x23,
    0x39, 0xAA, 0xD4, 0x21, 0xF2, 0x95, 0x0C, 0xC0, 0x6A, 0x2C, 0x60, 0x33, 0x1A, 0x92, 0x75, 0xB3,
    0xC5, 0x6D, 0x2F, 0x7A, 0xB3, 0xD9, 0x3B, 0x64, 0xE5, 0x45, 0x7D, 0x19, 0xC7, 0xC3, 0x5F, 0xDE,
    0x03, 0x4B, 0x35, 0x7A, 0xCF, 0x27, 0xEF, 0xA9, 0x78, 0x87, 0xD4, 0xDE, 0xF3, 0xD5, 0x78, 0x88,
    0x0F, 0x2E, 0xF4, 0x78, 0xF0, 0x8D, 0x08, 0x33, 0x3E, 0xA7, 0xFC, 0x30, 0xE7, 0x87, 0x49, 0x1F,
    0xDE, 0xC3, 0x36, 0x48, 0x63, 0xBD, 0x1F, 0x62, 0xDB, 0x7F, 0x7E, 0x39, 0xE6, 0x8D, 0xCA, 0x1B,
    0xAF, 0x0C, 0x9B, 0x6B, 0x43, 0xB8, 0x3A, 0x00, 0x2B, 0x8F, 0x66, 0xEF, 0xA6, 0x0F, 0x8B, 0xD3,
    0xB7, 0xBC, 0x47, 0x04, 0xE0, 0x53, 0xD6, 0x30, 0x6E, 0x2A, 0xF9, 0xB5, 0xB4, 0x74, 0x3F, 0x6E,
    0x8A, 0xD5, 0xB8, 0x49, 0xC2, 0xB8, 0x39, 0xFC, 0x2E, 0xC6, 0x8D, 0x3B, 0x3E, 0x6E, 0x42, 0x29,
    0xFA, 0xF8, 0x40, 0x5D, 0xE6, 0xB4, 0x63, 0x7F, 0xC8, 0x63, 0x66, 0x7F, 0x5F, 0x09, 0x07, 0x54,
    0xDA, 0x95, 0xC2, 0x7E, 0xAA, 0xD3, 0xF1, 0x32, 0xCE, 0x27, 0xDB, 0x4F, 0x01, 0x03, 0x46, 0xE9,
    0xB1, 0x3F, 0x9F, 0x4E, 0xEA, 0x55, 0x23, 0x03, 0xA3, 0x27, 0x95, 0x1E, 0xEF, 0xF3, 0x79, 0xE0,
    0xFA, 0x62, 0xCF, 0x27, 0x97, 0x8A, 0xEB, 0xCE, 0x82, 0x00, 0xF1, 0x06, 0x5A, 0x1B, 0x7C, 0x73,
    0x3C, 0xBC, 0x2E, 0x4C, 0xBD, 0xB8, 0x18, 0xBC, 0xBF, 0x24, 0x6F, 0xBF, 0xB8, 0xC0, 0xEE, 0xF2,
    0x62, 0x87, 0xFD, 0xE8, 0xBD, 0x9C, 0xB6, 0x9D, 0xC7, 0xC3, 0xEB, 0xA2, 0x07, 0x35, 0x4D, 0x9C,
    0x1A, 0xAA, 0x21, 0x5C, 0x75, 0xC3, 0xCE, 0x5D, 0xE5, 0x6D, 0x0F, 0xA1, 0x1C, 0x7F, 0x96, 0xCB,
    0xAD, 0xEC, 0xB6, 0xCC, 0xF6, 0xA6, 0x1C, 0xA4, 0xCA, 0x70, 0x41, 0xAC, 0x36, 0x1D, 0x4F, 0xF2,
    0x13, 0xC7, 0x6A, 0x64, 0x2D, 0xB7, 0xFC, 0x4D, 0x0D, 0x18, 0x41, 0x41, 0xB8, 0xF5, 0x75, 0xF6,
    0x7B, 0x77, 0xE8, 0xEB, 0xC2, 0x3A, 0xCA, 0x7F, 0x3B, 0xB5, 0xF2, 0x69, 0xA7, 0x56, 0x78, 0x8E,
    0x46, 0xAC, 0x37, 0x9C, 0xDA, 0x2C, 0x80, 0x2B, 0x8D, 0x7C, 0xCE, 0x3F, 0x44, 0x82, 0xE5, 0x0B,
    0x7C, 0x7E, 0x1E, 0xD2, 0xCE, 0xA2, 0xE7, 0x21, 0xDF, 0x0B, 0x1F, 0x60, 0xAB, 0x94, 0x22, 0xA9,
    0x8C, 0x5E, 0xDF, 0x96, 0xA3, 0x48, 0x7A, 0x4D, 0xE6, 0x4A, 0x1B, 0xA9, 0xB2, 0x9D, 0x77, 0x81,
    0xC6, 0xE1, 0x90, 0x49, 0xDD, 0xC8, 0xED, 0x8A, 0x01, 0xC8, 0xE7, 0xD8, 0x01, 0x66, 0x49, 0x7A,
    0x20, 0x93, 0xA4, 0xD3, 0x76, 0xBE, 0x47, 0xC4, 0x9F, 0xD6, 0x40, 0x24, 0x9F, 0xB2, 0xAD, 0x8F,
    0x55, 0xAB, 0x25, 0x90, 0x2A, 0xA8, 0xF9, 0xA0, 0x6A, 0x1C, 0x89, 0x51, 0x4D, 0x17, 0x9E, 0xF1,
    0x2E, 0xC9, 0x4E, 0x54, 0xD2, 0x85, 0xAD, 0x9C, 0xD8, 0xBA, 0x5E, 0xF5, 0xE8, 0xE2, 0x03, 0xFA,
    0x86, 0xF7, 0xC2, 0x1A, 0x99, 0x8C, 0x38, 0xAF, 0x85, 0xFC, 0xE7, 0x9E, 0x74, 0xA9, 0xB4, 0x10,
    0x4E, 0x05, 0x33, 0x49, 0x6B, 0xAB, 0xFB, 0x68, 0x54, 0x5C, 0xDA, 0xE6, 0x8A, 0x5A, 0x8E, 0x69,
    0xAF, 0xFD, 0xAE, 0xCD, 0x37, 0xB3, 0x69, 0xF5, 0x43, 0x73, 0xAB, 0x8D, 0x2F, 0xD8, 0xF6, 0x0F,
    0xA1, 0xD0, 0x1E, 0xB2, 0xE5, 0x84, 0xD3, 0x8C, 0x21, 0x64, 0x4A, 0x17, 0x86, 0x4F, 0xD1, 0xF1,
    0x48, 0xCB, 0xB3, 0xBF, 0xE4, 0xAC, 0xA6, 0xD5, 0x8B, 0x17, 0x23, 0x80, 0x99, 0x8C, 0x60, 0x4F,
    0x86, 0x6C, 0x41, 0x21, 0x5D, 0x3C, 0xA2, 0x50, 0x50, 0x24, 0x68, 0x49, 0x5C, 0x7C, 0x6F, 0x7E,
    0xE4, 0x10, 0xB6, 0x8A, 0xB1, 0xB2, 0xAC, 0xA3, 0x55, 0x96, 0x76, 0x07, 0xC7, 0xED, 0xEA, 0x59,
    0x86, 0xA5, 0xF5, 0xD4, 0xDB, 0xE7, 0x51, 0xFF, 0x1F, 0x4F, 0x5D, 0x5E, 0x1A, 0xF5, 0x2B, 0x76,
    0xD3, 0xBB, 0x91, 0x2C, 0xAA, 0x3D, 0x67, 0x20, 0x5B, 0x86, 0x09, 0xDC, 0x87, 0x68, 0xD6, 0x06,
    0x0D, 0x65, 0x9B, 0xFF, 0xB0, 0xE2, 0xDF, 0x90, 0xFF, 0xC3, 0xC0, 0x1F, 0xE4, 0x1F, 0x39, 0x45,
    0xE8, 0xF9, 0x27, 0xE4, 0x9F, 0x06, 0xFE, 0x62, 0xC8, 0x3F, 0x67, 0x2F, 0xFC, 0xD5, 0x69, 0xF9,
    0xE7, 0xBB, 0x21, 0x1A, 0x66, 0xD3, 0x6C, 0x02, 0x94, 0x3F, 0xA0, 0xFC, 0x81, 0x0D, 0x7F, 0x84,
    0xFF, 0xEB, 0xD1, 0xEF, 0x19, 0x14, 0x84, 0xDF, 0x42, 0x46, 0xC6, 0x3D, 0x64, 0xFF, 0xFF, 0x3D,
    0xC0, 0x9B, 0x36, 0x73, 0xAF, 0xD5, 0x44, 0x1C, 0x52, 0xB4, 0x1F, 0x33, 0x41, 0x7B, 0xA8, 0x5F,
    0xF2, 0xD5, 0xC4, 0x5B, 0x0B, 0x23, 0x70, 0x37, 0x11, 0xA7, 0x93, 0x71, 0x55, 0x5F, 0xF8, 0xE9,
    0xF8, 0x7F, 0x01, 0xBD, 0x58, 0x31, 0x8C, 0xE5, 0xD4, 0xD5, 0xFE, 0x6C, 0xB3, 0x18, 0xFD, 0x2E,
    0x2E, 0x05, 0x20, 0xA4, 0x95, 0xF0, 0xDF, 0x06, 0x25, 0x5C, 0xCA, 0x14, 0xCB, 0xDA, 0x88, 0x82,
    0x32, 0x53, 0x30, 0x69, 0x52, 0xD0, 0x2B, 0x91, 0xA6, 0x8D, 0x22, 0x16, 0x5B, 0xDA, 0x5E, 0xDA,
    0x82, 0xA4, 0xDE, 0x22, 0x69, 0xA2, 0x44, 0x9B, 0x92, 0x62, 0x07, 0x5F, 0x92, 0x5E, 0xB2, 0xA0,
    0x48, 0x91, 0x82, 0x9B, 0xB0, 0x04, 0x45, 0x14, 0xDC, 0x24, 0x26, 0xF2, 0x6C, 0x6C, 0x9F, 0x9C,
    0x73, 0xDE, 0x7D, 0xE3, 0x19, 0x67, 0xB4, 0x0C, 0xD2, 0x23, 0x67, 0xEE, 0xFB, 0xCE, 0x7D, 0xF7,
    0x7C, 0xF7, 0x3B, 0xC7, 0xE7, 0xEA, 0x3D, 0x8F, 0x5F, 0x78, 0x92, 0x01, 0xF8, 0x7E, 0xE6, 0x5E,
    0x32, 0x75, 0x7E, 0x8A, 0x74, 0x40, 0x36, 0xC1, 0x10, 0x6E, 0xFD, 0xD3, 0xFD, 0x7F, 0xA8, 0x11,
    0x70, 0x80, 0xC1, 0xF6, 0x3B, 0xE0, 0x16, 0x60, 0x40, 0xE4, 0x42, 0x89, 0x70, 0x0B, 0x21, 0x1C,
    0x46, 0xFB, 0x3E, 0xD4, 0x3C, 0x32, 0x07, 0x03, 0x54, 0x24, 0xF2, 0xB9, 0x0B, 0xF0, 0x01, 0x07,
    0xCA, 0x40, 0x14, 0xAE, 0x1C, 0xC7, 0x6C, 0x47, 0x44, 0xFA, 0x26, 0xBE, 0x7D, 0x4B, 0x66, 0x93,
    0xC2, 0xB1, 0x58, 0xA4, 0x44, 0x0B, 0xEB, 0xEC, 0xC9, 0xD1, 0x29, 0xFB, 0x5F, 0x0F, 0x8A, 0x26,
    0x25, 0x81, 0x4D, 0x3C, 0x45, 0xC3, 0x73, 0xC9, 0x58, 0x78, 0x8B, 0xD7, 0x70, 0x0A, 0xAA, 0xA9,
    0x27, 0x4F, 0xA1, 0xF1, 0x65, 0x6B, 0xFA, 0x2A, 0x54, 0x63, 0x35, 0xD9, 0x29, 0x1F, 0x93, 0x21,
    0x0D, 0x79, 0x6F, 0xDB, 0x53, 0x1C, 0x61, 0xBF, 0x5E, 0x6E, 0xD6, 0xCB, 0xB6, 0xE1, 0x9D, 0xE4,
    0x59, 0xA1, 0x3E, 0x65, 0x35, 0x8B, 0xC2, 0x27, 0x23, 0x9E, 0x93, 0xBF, 0x64, 0x94, 0x1C, 0x92,
    0x45, 0xF2, 0x48, 0x26, 0xC9, 0x25, 0xD9, 0x24, 0x9F, 0x64, 0x94, 0x9C, 0x92, 0x55, 0xF2, 0x4A,
    0x06, 0xC9, 0x21, 0x59, 0x24, 0xBF, 0x54, 0x20, 0xB9, 0x24, 0x9B, 0xE4, 0x93, 0x8C, 0x0D, 0xE7,
    0x94, 0xAC, 0x47, 0xD8, 0xF2, 0xCB, 0xAF, 0xE1, 0x4B, 0x0E, 0xC9, 0x25, 0x39, 0x25, 0xB7, 0xD4,
    0x20, 0xB5, 0x48, 0x5C, 0x6A, 0xB3, 0xB5, 0xAD, 0x0B, 0x2F, 0xB5, 0xC7, 0xEA, 0xCB, 0x00, 0x98,
    0xFD, 0xCB, 0x03, 0x05, 0xBF, 0xF2, 0x9E, 0x5F, 0x0E, 0xEF, 0x65, 0xEE, 0x45, 0xFA, 0xF7, 0x97,
    0x13, 0x11, 0xE9, 0xEB, 0xB3, 0xDC, 0xFD, 0x44, 0xE3, 0xC2, 0xB5, 0xC3, 0xFA, 0xDA, 0x6A, 0xEC,
    0x75, 0x8A, 0xFE, 0x5C, 0x4B, 0x5F, 0xD9, 0xD5, 0x2F, 0xA4, 0xF5, 0x05, 0x8D, 0xFD, 0x3E, 0x87,
    0xBF, 0xBD, 0xF1, 0xE1, 0x6F, 0xF6, 0xB9, 0xE9, 0x8B, 0x2F, 0xA6, 0xA3, 0xBC, 0x7F, 0x4E, 0xE2,
    0xC2, 0x8D, 0x79, 0x85, 0x7B, 0x59, 0x4B, 0xF2, 0x08, 0x67, 0xAD, 0x4B, 0x39, 0x67, 0x6F, 0x7E,
    0xF8, 0xF0, 0xA2, 0x56, 0x9D, 0xBB, 0xA7, 0x78, 0x5D, 0xB8, 0x6B, 0xED, 0xFF, 0x77, 0x1F, 0x4F,
    0x2F, 0xB5, 0x25, 0xDF, 0xD0, 0xD0, 0xD1, 0xA8, 0xF4, 0x38, 0xF8, 0x2D, 0x2F, 0x72, 0x88, 0x09,
    0x35, 0x30, 0x00, 0x54, 0x83, 0x06, 0x10, 0xD5, 0x44, 0x03, 0xD1, 0x4C, 0xE4, 0x69, 0x01, 0x79,
    0x2C, 0x80, 0x87, 0x98, 0x6D, 0x3B, 0x3D, 0x86, 0xCE, 0xDB, 0xD6, 0xB6, 0xF8, 0x00, 0x9D, 0x4F,
    0xA9, 0xA5, 0x90, 0x91, 0x53, 0xD0, 0xB7, 0x1A, 0x50, 0x48, 0x47, 0x5D, 0x28, 0x16, 0x0D, 0x1A,
    0x8A, 0x2E, 0x2E, 0x46, 0xCA, 0x45, 0x4D, 0x4E, 0x1D, 0x80, 0x03, 0x8E, 0xFB, 0x00, 0x91, 0x43,
    0x76, 0xD0, 0x91, 0xB6, 0xAC, 0x79, 0xE5, 0x38, 0x88, 0x7C, 0xD2, 0xA2, 0xA2, 0xFE, 0x55, 0x60,
    0x33, 0x78, 0xF1, 0x50, 0x4D, 0x69, 0x88, 0xD3, 0x38, 0xE0, 0xD2, 0x90, 0xC5, 0x03, 0xE9, 0x27,
    0x74, 0x0F, 0x78, 0x08, 0x35, 0x43, 0x23, 0xC0, 0x43, 0xCC, 0xFE, 0x75, 0x41, 0x1A, 0xA0, 0x56,
    0xB9, 0x0E, 0x99, 0x87, 0x5A, 0x57, 0x37, 0x6D, 0xE1, 0xA0, 0x46, 0x1C, 0x31, 0xED, 0x3A, 0xB7,
    0x58, 0xE7, 0xD5, 0x85, 0xF9, 0xE9, 0x85, 0xF9, 0xB4, 0xCE, 0x7F, 0x3F, 0xDC, 0x3C, 0x03, 0x4E,
    0x1E, 0x89, 0xE6, 0xDD, 0xD0, 0x51, 0x9B, 0xD2, 0x22, 0xB9, 0xF2, 0x8F, 0xE6, 0xB2, 0x2F, 0x86,
    0xA6, 0xE6, 0x1A, 0xCC, 0x1F, 0xC6, 0x22, 0x18, 0x6F, 0x1D, 0xD7, 0x56, 0xBE, 0x39, 0xE4, 0x43,
    0xD9, 0x97, 0x3D, 0xD7, 0x5C, 0x15, 0x21, 0x1B, 0x79, 0x55, 0xAA, 0xBA, 0x63, 0x42, 0x36, 0x71,
    0x25, 0x52, 0xED, 0xB4, 0xCE, 0x93, 0x61, 0x9D, 0x67, 0x61, 0x9D, 0xE7, 0xFD, 0x3A, 0x37, 0x6E,
    0xD5, 0x29, 0xDB, 0x3C, 0xEA, 0x03, 0x15, 0x32, 0x56, 0x32, 0xA1, 0x72, 0xC0, 0xBB, 0x48, 0x97,
    0x93, 0xBE, 0x38, 0xEB, 0x6A, 0x60, 0x02, 0x62, 0x9D, 0x48, 0x46, 0x20, 0xD6, 0xBF, 0xF6, 0x70,
    0xDB, 0xC7, 0x6D, 0x2F, 0xB7, 0xFD, 0xDC, 0xF6, 0x74, 0xDB, 0xD7, 0x4D, 0x6F, 0xB7, 0xFD, 0xDD,
    0xF6, 0x78, 0xDB, 0xE7, 0x6D, 0xAF, 0xED, 0xB8, 0xE9, 0x37, 0xD5, 0x17, 0x7B, 0x9E, 0x8F, 0x9B,
    0xBE, 0x87, 0x6D, 0xEF, 0xB7, 0xFD, 0xDF, 0x9E, 0xC1, 0xF6, 0x1C, 0xB6, 0x67, 0xB1, 0x3D, 0x8F,
    0xED, 0x99, 0x6C, 0xCE, 0xA5, 0xCF, 0x2F, 0x9F, 0x8D, 0x2F, 0x36, 0xE7, 0x73, 0xF9, 0x8C, 0xF2,
    0xB9, 0xD9, 0x9C, 0x13, 0xD5, 0xEB, 0x59, 0xAD, 0xD7, 0x6F, 0xA8, 0x36, 0x04, 0x33, 0xA3, 0x9C,
    0x50, 0x0E, 0xB0, 0x1E, 0xAC, 0x51, 0xB5, 0xA8, 0xC0, 0xA1, 0x37, 0xA8, 0x37, 0x24, 0x5F, 0x7E,
    0x73, 0x46, 0x75, 0x39, 0xE5, 0xC4, 0x94, 0x7C, 0x66, 0x52, 0x31, 0x42, 0x8A, 0x63, 0xA2, 0xE1,
    0x0D, 0x5C, 0xE2, 0x8E, 0x4C, 0x83, 0xD2, 0x29, 0xE8, 0x06, 0xEA, 0x65, 0x4B, 0x42, 0x4E, 0x36,
    0x25, 0x54, 0xCB, 0xB6, 0x74, 0xD1, 0x8D, 0xD9, 0xA4, 0x5B, 0xB3, 0x51, 0x37, 0x67, 0x2C, 0xC4,
    0xD9, 0x67, 0x98, 0x05, 0xF9, 0x82, 0x8C, 0x90, 0x10, 0xC0, 0xA3, 0xA9, 0x61, 0xDB, 0x6A, 0x32,
    0xC4, 0xC1, 0x9C, 0x0B, 0x5D, 0x32, 0x6A, 0xF3, 0x25, 0xA1, 0x96, 0x29, 0xE4, 0x98, 0xD4, 0x38,
    0x3D, 0x60, 0x26, 0x96, 0x3D, 0x53, 0x0B, 0x2F, 0x64, 0xAE, 0x40, 0xE8, 0xAF, 0x53, 0xAF, 0x1B,
    0xC8, 0xEB, 0x96, 0xC6, 0xEB, 0xA6, 0x2A, 0xE8, 0xB6, 0x32, 0x80, 0xB4, 0x12, 0xDD, 0x9A, 0x0D,
    0xBA, 0x39, 0xE5, 0x72, 0x7A, 0xA0, 0x09, 0x40, 0x37, 0x00, 0x34, 0x22, 0x9D, 0x27, 0x64, 0xC3,
    0x82, 0x22, 0x34, 0x30, 0x7D, 0xD5, 0x5A, 0x57, 0xBA, 0xAA, 0x36, 0xBE, 0x43, 0x1E, 0x60, 0x81,
    0x0F, 0x90, 0x4C, 0xC8, 0x47, 0x48, 0x2B, 0x3C, 0xC8, 0x81, 0x5A, 0x41, 0x9E, 0x9B, 0x20, 0xEB,
    0x1C, 0x65, 0x0E, 0x2C, 0x6E, 0x33, 0xB4, 0x2C, 0x81, 0x42, 0xFF, 0x35, 0x4E, 0x09, 0xC2, 0xEB,
    0x1C, 0x63, 0x4A, 0xB2, 0xC2, 0xEB, 0x46, 0x2E, 0x41, 0x98, 0x00, 0x57, 0x02, 0x7C, 0x17, 0xC5,
    0x82, 0xCC, 0x75, 0x90, 0x03, 0xF2, 0x55, 0x6F, 0xA4, 0x70, 0x33, 0x14, 0x4B, 0x42, 0xC8, 0xE6,
    0x74, 0xCC, 0xE5, 0x64, 0xEB, 0xDD, 0x3D, 0xB8, 0x47, 0xD3, 0x02, 0xD2, 0x5F, 0xD9, 0xBD, 0x14,
    0xA3, 0xE4, 0xEB, 0x1E, 0x78, 0xEB, 0xC8, 0x97, 0x54, 0x37, 0x81, 0x42, 0x3E, 0xA3, 0x63, 0x57,
    0x2C, 0xEC, 0xBA, 0xDD, 0xA2, 0x6D, 0x9B, 0x07, 0xBD, 0x75, 0x48, 0x16, 0x4E, 0x0F, 0x2E, 0x38,
    0x9D, 0x01, 0x94, 0x5E, 0x64, 0x45, 0xD0, 0xF6, 0x1C, 0x82, 0xD4, 0xC6, 0x21, 0x09, 0x1A, 0xD9,
    0x4E, 0x35, 0x37, 0x4E, 0xBA, 0xD7, 0xEC, 0x2A, 0xDB, 0xD5, 0xD9, 0xC6, 0xAA, 0xE5, 0x04, 0x22,
    0x8C, 0x0A, 0x85, 0xC2, 0x02, 0x3B, 0x28, 0xE4, 0x0B, 0x4A, 0xAE, 0x85, 0x21, 0x53, 0x98, 0x60,
    0x56, 0xF0, 0x0A, 0xA9, 0xC2, 0x88, 0xA2, 0x4F, 0x22, 0xE4, 0x7D, 0xC2, 0x35, 0x38, 0x0C, 0x58,
    0x4D, 0xCF, 0xCB, 0x8A, 0xF2, 0x9A, 0x52, 0xDF, 0x6A, 0x20, 0x79, 0x40, 0xF7, 0x50, 0x12, 0x51,
    0xDD, 0xD0, 0x2F, 0xC8, 0xD3, 0xC8, 0x45, 0x50, 0x40, 0x39, 0x37, 0x9F, 0x93, 0x59, 0x92, 0xBB,
    0xC4, 0xEC, 0x8C, 0x67, 0xC8, 0x96, 0x92, 0x61, 0xB6, 0x13, 0x43, 0x35, 0xF0, 0x89, 0x53, 0x8F,
    0xDD, 0x07, 0x85, 0x1E, 0x31, 0xF0, 0x04, 0x98, 0x04, 0xC6, 0x08, 0x5B, 0xD3, 0xAB, 0x2E, 0x84,
    0x67, 0x48, 0x41, 0xDF, 0xC6, 0xC0, 0xE6, 0xBF, 0x7B, 0x3D, 0x5C, 0x14, 0xF1, 0x1B, 0xCD, 0x22,
    0xF7, 0xE2, 0x4F, 0x39, 0x4D, 0x0D, 0xDC, 0x1C, 0x80, 0x6A, 0xF9, 0xF9, 0x8F, 0xC9, 0x01, 0x39,
    0x11, 0xCD, 0x00, 0x2F, 0x92, 0x84, 0x80, 0x17, 0x88, 0xDE, 0x13, 0x4D, 0x62, 0x6B, 0x01, 0x2B,
    0x7E, 0x44, 0x42, 0x9F, 0x01, 0x3F, 0xA2, 0x3A, 0x3F, 0x13, 0x4E, 0xD3, 0x1B, 0x27, 0x3E, 0xD7,
    0x3C, 0xB1, 0xEE, 0x57, 0x64, 0x72, 0x4B, 0xE0, 0x7D, 0x81, 0x20, 0x22, 0x02, 0x59, 0xAF, 0x95,
    0x48, 0xC5, 0xB5, 0xD6, 0xC2, 0xF6, 0x9A, 0xC0, 0x43, 0x81, 0xE1, 0x9C, 0x26, 0x50, 0x8C, 0x42,
    0x93, 0x80, 0xBD, 0x2D, 0xB4, 0x52, 0x68, 0x72, 0x0D, 0x43, 0xEE, 0x98, 0x96, 0x79, 0x56, 0x4B,
    0x82, 0xA8, 0x0D, 0xA2, 0xF6, 0x10, 0x96, 0x49, 0xA2, 0x66, 0x45, 0x4D, 0xF5, 0xB1, 0x08, 0x5C,
    0x98, 0xA4, 0x98, 0x13, 0x0D, 0xE4, 0xFD, 0xC3, 0xA2, 0x85, 0x24, 0x18, 0xDF, 0x69, 0x9C, 0x4E,
    0xE8, 0x67, 0xE4, 0x65, 0x92, 0x74, 0xF1, 0xEA, 0x91, 0x53, 0x8B, 0x4B, 0x2B, 0x66, 0x89, 0x9C,
    0x62, 0x78, 0xA7, 0x72, 0x4A, 0x71, 0xA2, 0x13, 0x95, 0x63, 0xAE, 0x19, 0x3B, 0x0A, 0x16, 0x08,
    0x29, 0x0F, 0x00, 0xAC, 0xC3, 0x33, 0x59, 0x78, 0x06, 0x47, 0x65, 0xFB, 0xAC, 0xCD, 0xC2, 0x6B,
    0x18, 0xCB, 0xD7, 0x43, 0xF5, 0xF1, 0x9F, 0x29, 0x21, 0x53, 0x8C, 0xCD, 0xE3, 0x3F, 0xD1, 0x1B,
    0xF4, 0x49, 0x33, 0xDD, 0x24, 0x3A, 0xC3, 0x09, 0xD1, 0x3D, 0xD8, 0x05, 0x48, 0x68, 0xC0, 0xF9,
    0xCA, 0x39, 0xE7, 0x7C, 0xD7, 0x2B, 0xA2, 0x33, 0xB0, 0xCE, 0x53, 0xA2, 0x5C, 0xB3, 0xF2, 0x79,
    0x2E, 0xC9, 0x0E, 0xC9, 0x4E, 0x14, 0x36, 0x43, 0xD6, 0xC1, 0xF6, 0xEE, 0xFE, 0xAC, 0x92, 0x71,
    0xDF, 0xF1, 0xDC, 0x33, 0xE8, 0x69, 0x96, 0xED, 0x61, 0x68, 0xF1, 0xAC, 0xDB, 0xFD, 0x59, 0xDF,
    0x3E, 0x3F, 0x6B, 0xA2, 0x51, 0xC6, 0x72, 0x44, 0x01, 0xD7, 0x19, 0x91, 0xFF, 0xD5, 0xF5, 0xF8,
    0x63, 0xE4, 0xF3, 0xE7, 0xA0, 0xA3, 0x89, 0xC7, 0x0B, 0x34, 0xA1, 0x99, 0x50, 0x7D, 0xFD, 0xD8,
    0xF1, 0x9F, 0xBF, 0x1E, 0x19, 0xB4, 0xE7, 0x1F, 0xBF, 0x95, 0x74, 0x4B, 0x8D, 0xA7, 0xE9, 0x0C,
    0x30, 0xD2, 0xE6, 0x86, 0xC8, 0xA3, 0x5A, 0x4E, 0x66, 0xD0, 0x19, 0x8B, 0x35, 0x43, 0x41, 0x29,
    0x79, 0x43, 0x68, 0x42, 0x46, 0x77, 0xC9, 0xE5, 0x54, 0x57, 0x3E, 0xA3, 0x0F, 0xE5, 0xBE, 0xD2,
    0x16, 0x3C, 0x73, 0xB6, 0x65, 0x00, 0x36, 0x90, 0x53, 0x2B, 0x50, 0x03, 0x05, 0x43, 0xFC, 0xB8,
    0x2F, 0x0C, 0x76, 0x62, 0xA8, 0x04, 0xBA, 0x00, 0x24, 0xE4, 0x23, 0xB7, 0x94, 0xA0, 0x19, 0x25,
    0xA8, 0x27, 0x20, 0x60, 0xDB, 0x4B, 0xB3, 0xBC, 0x07, 0xF3, 0x6A, 0x7C, 0x9D, 0xAD, 0x3B, 0xEC,
    0x28, 0x79, 0xFC, 0x3E, 0x23, 0x85, 0x8B, 0xB3, 0x35, 0xBA, 0xEE, 0xE0, 0x6E, 0x48, 0x50, 0x5A,
    0xC1, 0x8E, 0xFB, 0x30, 0x81, 0xBC, 0x34, 0x41, 0x5C, 0xD0, 0x3B, 0xA4, 0x5C, 0xBE, 0xEB, 0xFA,
    0x9B, 0x3B, 0x07, 0xB0, 0x6B, 0xDC, 0x05, 0xD7, 0x8A, 0x2B, 0x08, 0x15, 0x3B, 0xB3, 0xA8, 0xAB,
    0x46, 0x54, 0x2D, 0x12, 0xEA, 0xC5, 0x15, 0x0B, 0xD4, 0x05, 0xC0, 0xD6, 0x9A, 0x59, 0x5C, 0xAF,
    0x57, 0x96, 0x8B, 0xC3, 0xC6, 0x94, 0xD2, 0x6A, 0xB5, 0x9D, 0xD7, 0xF2, 0x29, 0x44, 0x17, 0x17,
    0x23, 0x85, 0xD7, 0x4E, 0xE8, 0x1E, 0x87, 0x32, 0xA2, 0x45, 0x6F, 0x29, 0x7F, 0x24, 0x57, 0x8D,
    0x76, 0x01, 0x79, 0x76, 0x72, 0x9A, 0x76, 0x28, 0x27, 0xF0, 0x7C, 0xC8, 0xD9, 0x4D, 0x65, 0x00,
    0xCE, 0xDD, 0x28, 0x8E, 0x29, 0x46, 0x1C, 0x05, 0x71, 0x29, 0xF5, 0xC6, 0xEB, 0x09, 0x8A, 0x63,
    0x79, 0x76, 0xBC, 0x26, 0xD5, 0xA6, 0x33, 0xC4, 0x25, 0x13, 0x90, 0xB3, 0x1B, 0xD9, 0x39, 0x60,
    0xBC, 0xA2, 0xF6, 0x74, 0xD4, 0x4E, 0x17, 0xCB, 0x4E, 0x81, 0xCE, 0x5D, 0x5C, 0x8C, 0x94, 0x5F,
    0x01, 0x37, 0xEE, 0x13, 0x5B, 0x58, 0xA1, 0x13, 0x68, 0x18, 0x7C, 0xC9, 0xD0, 0xA7, 0xF4, 0xF8,
    0x07, 0xEE, 0xD2, 0x87, 0xD8, 0xD6, 0x52, 0x39, 0x2E, 0x7D, 0x9C, 0x4F, 0x05, 0xA6, 0x4B, 0x1F,
    0xEC, 0x74, 0xD0, 0x4F, 0xF7, 0xE5, 0x8F, 0x78, 0x1F, 0x95, 0xAE, 0x94, 0xFB, 0x0E, 0x20, 0xC9,
    0xBD, 0xE2, 0x8C, 0x6C, 0x7E, 0x9B, 0x08, 0x98, 0x0C, 0x51, 0xAB, 0xE8, 0x9E, 0x84, 0x91, 0x53,
    0x2B, 0x42, 0x70, 0x56, 0x1C, 0x04, 0x1D, 0xBE, 0x45, 0xCC, 0x26, 0x39, 0xA8, 0x8E, 0x73, 0xED,
    0xF1, 0xF9, 0xB7, 0x6E, 0x1C, 0x03, 0x09, 0xB1, 0x19, 0x81, 0x8A, 0x82, 0xE9, 0x1B, 0x06, 0xD7,
    0x09, 0xD0, 0x16, 0xF6, 0x01, 0xA5, 0x54, 0xF4, 0xD5, 0xDB, 0x5E, 0xB7, 0xA9, 0x80, 0xF4, 0xA2,
    0x6D, 0x18, 0x42, 0xC2, 0xDA, 0x93, 0x5E, 0x98, 0xC0, 0x22, 0x40, 0x57, 0xC0, 0xA2, 0x94, 0x94,
    0x9B, 0x37, 0xE9, 0x51, 0xAA, 0x00, 0x76, 0xFF, 0x3F, 0x05, 0xEC, 0x6E, 0x2D, 0x36, 0x0B, 0x77,
    0x50, 0x7D, 0xF4, 0x17, 0x42, 0xF3, 0xF8, 0x4B, 0xAA, 0x9F, 0x26, 0x7A, 0x04, 0xD8, 0x99, 0x19,
    0x3C, 0xE3, 0xB5, 0x4F, 0xA8, 0xAE, 0x3E, 0xE6, 0xA8, 0xDE, 0x7E, 0x74, 0x87, 0xEE, 0x55, 0x95,
    0x1B, 0x68, 0xF4, 0xB7, 0x31, 0xF2, 0x4D, 0x7F, 0x03, 0x1B, 0xE3, 0x68, 0xD5, 0x77, 0x1A, 0x25,
    0xB7, 0xE0, 0x0E, 0x6E, 0xEB, 0xE3, 0x00, 0x7E, 0x2A, 0xB1, 0x13, 0xFA, 0xA5, 0x68, 0x68, 0x3D,
    0x9C, 0xE4, 0x87, 0xDD, 0x80, 0x74, 0x01, 0xF2, 0x45, 0x75, 0xD1, 0xB4, 0xA5, 0x03, 0x50, 0xF6,
    0x55, 0x1D, 0x6B, 0xFD, 0xD6, 0x2C, 0x66, 0x88, 0xF9, 0x62, 0xF6, 0x58, 0x4B, 0xAC, 0x2C, 0xD6,
    0x19, 0xAB, 0x3E, 0x60, 0xFF, 0xC4, 0x0E, 0xA9, 0x67, 0x5B, 0xE3, 0x3A, 0x6F, 0x5A, 0x0A, 0x16,
    0x14, 0x2A, 0x74, 0xFE, 0x36, 0xAF, 0x3D, 0x04, 0x30, 0x01, 0x09, 0x13, 0xD2, 0x00, 0x64, 0xFA,
    0xDC, 0xB6, 0xBB, 0xC7, 0x9A, 0x76, 0xF7, 0x85, 0x6E, 0xE3, 0x4D, 0xF6, 0x0E, 0x00, 0xA1, 0x8F,
    0x4A, 0x57, 0x6A, 0xE6, 0x6D, 0x9B, 0xF7, 0xAC, 0xEA, 0x28, 0xA8, 0x32, 0xAB, 0x56, 0xE0, 0xB5,
    0x99, 0xC3, 0x25, 0xB5, 0x59, 0xA8, 0x4E, 0x7C, 0xE6, 0x4F, 0xB3, 0xA9, 0xE8, 0x27, 0xD0, 0x03,
    0x37, 0xC1, 0x52, 0x3D, 0x81, 0xE3, 0x6C, 0xC7, 0x47, 0x10, 0xEB, 0x88, 0x3C, 0x80, 0x92, 0xD8,
    0x6A, 0xA0, 0x7B, 0x84, 0xA4, 0xF3, 0xC8, 0xF4, 0xBB, 0x61, 0x82, 0xE9, 0xF5, 0xCB, 0x43, 0xAB,
    0x90, 0x9A, 0x5E, 0x54, 0x9F, 0xD6, 0x9A, 0x3F, 0xC9, 0xC2, 0xB3, 0x28, 0xEE, 0x86, 0xF7, 0x51,
    0x7E, 0xFC, 0xF7, 0x19, 0xC5, 0x3F, 0x3E, 0x1D, 0x91, 0x2C, 0x5F, 0x7A, 0xA0, 0xA1, 0x9A, 0xF3,
    0x2D, 0x9D, 0x23, 0x36, 0xA7, 0x33, 0x54, 0x04, 0x89, 0xF6, 0x28, 0xFE, 0xF5, 0xF9, 0x88, 0xF2,
    0x53, 0xD9, 0x21, 0x7B, 0x55, 0x45, 0xF4, 0xC4, 0x6E, 0x08, 0x34, 0x7D, 0xBC, 0x05, 0x82, 0x42,
    0x9C, 0xC9, 0x9A, 0x44, 0x57, 0xB3, 0xED, 0xFE, 0x0E, 0x45, 0x2B, 0xD3, 0x6B, 0xE0, 0x7A, 0xAC,
    0xF8, 0xA8, 0x59, 0xCD, 0xF1, 0x61, 0xB3, 0x9A, 0xE2, 0xE3, 0x66, 0x35, 0xC4, 0x07, 0xCE, 0x26,
    0xC4, 0x47, 0xCE, 0xA6, 0x8F, 0x0F, 0x9D, 0x5D, 0x1B, 0x1F, 0x3B, 0x69, 0xFF, 0xE0, 0xB9, 0xEC,
    0x1F, 0x3D, 0xA7, 0x78, 0x3B, 0x8A, 0xF7, 0x4E, 0x54, 0xD3, 0x8A, 0xBA, 0xA2, 0xD1, 0xB5, 0xAA,
    0x74, 0x94, 0x3A, 0x8A, 0x45, 0x4A, 0x32, 0xB4, 0xC3, 0xDD, 0xCA, 0x2E, 0x8A, 0xD5, 0xAE, 0xA5,
    0x7C, 0x7D, 0xCD, 0xEB, 0xD7, 0x79, 0xCD, 0x6A, 0x37, 0xBF, 0x63, 0xE2, 0x89, 0x76, 0x99, 0xF9,
    0xCD, 0x2A, 0xF9, 0xA6, 0x55, 0xE1, 0xC9, 0x76, 0x8D, 0xEC, 0x4D, 0x5D, 0x25, 0x33, 0xB9, 0x2A,
    0xA3, 0x15, 0x1A, 0x54, 0x09, 0xD3, 0x2A, 0x60, 0x03, 0xC7, 0xC7, 0xCD, 0xF1, 0x31, 0x9D, 0xDB,
    0x7F, 0x53, 0x9E, 0xA0, 0x77, 0x55, 0x03, 0xAF, 0x5A, 0xDB, 0xFE, 0x0C, 0x4D, 0x9B, 0xF9, 0xCA,
    0xBE, 0xF4, 0xFE, 0xD2, 0xAE, 0x2B, 0x7F, 0xAB, 0x95, 0xC5, 0xC3, 0xFC, 0x3E, 0x8C, 0x8A, 0xDA,
    0x57, 0xD3, 0xED, 0xE0, 0xC5, 0x43, 0xFD, 0xC0, 0xFA, 0xF2, 0xAF, 0x59, 0xCD, 0x59, 0xAA, 0x0D,
    0xA1, 0x98, 0x91, 0x4D, 0xFA, 0x8D, 0x18, 0x0E, 0x36, 0xC4, 0x3C, 0x92, 0x80, 0x6C, 0x44, 0x3E,
    0xC3, 0x10, 0x38, 0x17, 0x67, 0x7C, 0xF9, 0x71, 0x7B, 0x30, 0xFD, 0x80, 0x7C, 0xC2, 0x4B, 0xA6,
    0x7E, 0x27, 0x73, 0xDF, 0x2B, 0xDA, 0xE2, 0xB7, 0x48, 0x0F, 0x77, 0x09, 0xE4, 0xF0, 0xAD, 0x9E,
    0xEF, 0x7F, 0x00, 0x9D, 0x94, 0x31, 0x8C, 0x1C, 0x35, 0x14, 0x86, 0xBF, 0x19, 0x87, 0xDB, 0x62,
    0x0A, 0x53, 0xD1, 0x24, 0xD2, 0xD0, 0x2B, 0xD2, 0x50, 0x52, 0x5C, 0xCE, 0x23, 0xD2, 0xA3, 0x2B,
    0x38, 0x51, 0xA4, 0x48, 0x5F, 0x2D, 0x05, 0x45, 0x8A, 0x20, 0x4F, 0x48, 0x2F, 0x5D, 0x4F, 0x4B,
    0x8B, 0xD2, 0x46, 0x22, 0x3A, 0x8F, 0xA0, 0x97, 0x16, 0x90, 0x48, 0x91, 0x82, 0x29, 0x92, 0xBB,
    0x22, 0x12, 0x32, 0x30, 0xC0, 0xAC, 0xB0, 0xFD, 0xF0, 0xEE, 0x72, 0xA7, 0x2C, 0xB9, 0x5B, 0x22,
    0xFC, 0xFC, 0x3F, 0xD9, 0xFB, 0xDE, 0xAC, 0x9E, 0xAD, 0xF7, 0x19, 0xA0, 0x94, 0x05, 0xFA, 0x34,
    0x60, 0xBA, 0x13, 0x6C, 0x36, 0x87, 0x69, 0x25, 0xEF, 0x2E, 0xD3, 0x2A, 0x96, 0x73, 0xF2, 0x2A,
    0xE6, 0x6F, 0x26, 0x0A, 0x39, 0xA6, 0x1A, 0xD0, 0x9E, 0x6A, 0xC1, 0x66, 0x38, 0x4F, 0xE3, 0xD1,
    0x57, 0xCC, 0x26, 0xE2, 0x04, 0x54, 0x80, 0x2A, 0xAB, 0xCE, 0x32, 0x59, 0xBF, 0x05, 0xCA, 0x1F,
    0x02, 0xB3, 0x87, 0x01, 0x9D, 0x63, 0x37, 0xB3, 0xEE, 0x65, 0x89, 0x88, 0x3F, 0xFA, 0x38, 0x1E,
    0x92, 0xD7, 0x6B, 0xDD, 0x4D, 0x2D, 0x22, 0x7D, 0x2D, 0xA1, 0x59, 0xCF, 0x7D, 0x6E, 0xEE, 0x73,
    0x6D, 0x1F, 0x8C, 0x2C, 0x6E, 0xDD, 0x09, 0x94, 0x09, 0x04, 0xE4, 0x3E, 0x12, 0x48, 0xA9, 0x0C,
    0xF6, 0x8B, 0xB1, 0x92, 0x0E, 0xC0, 0x8D, 0xB3, 0xD3, 0x58, 0x77, 0xD1, 0xF0, 0xA5, 0x05, 0x07,
    0xE2, 0x06, 0x79, 0x1A, 0x84, 0x24, 0x88, 0x20, 0x0E, 0xB1, 0x6D, 0xCA, 0x07, 0xD3, 0x67, 0x63,
    0x21, 0x9D, 0x9C, 0x0F, 0xCF, 0x2D, 0xCF, 0x93, 0x96, 0x89, 0xD2, 0xA3, 0x06, 0xAA, 0x1E, 0xDD,
    0x63, 0x5A, 0x2C, 0x24, 0x8A, 0x80, 0x9A, 0xA8, 0x3C, 0x00, 0x85, 0x4C, 0xE8, 0x17, 0x42, 0xD3,
    0x9B, 0xCE, 0x9C, 0x6B, 0x14, 0xB4, 0x4C, 0x28, 0x19, 0x99, 0x49, 0xC2, 0x3C, 0x95, 0xD6, 0xE1,
    0x7A, 0xC1, 0xAC, 0xE5, 0x30, 0x6D, 0x73, 0x9A, 0xD8, 0x93, 0x01, 0xC8, 0x29, 0x5D, 0xF3, 0xD4,
    0xBB, 0x22, 0x08, 0x71, 0x53, 0x9A, 0xFD, 0x5C, 0x9A, 0x24, 0xC5, 0xA1, 0x80, 0x40, 0x82, 0xF8,
    0x69, 0x19, 0xEE, 0xAB, 0xD1, 0xCC, 0x17, 0x55, 0x02, 0xC3, 0x6B, 0x12, 0x91, 0x7E, 0x25, 0x0C,
    0xBB, 0xE3, 0x6C, 0xAF, 0x2F, 0xC6, 0xF6, 0xEF, 0x15, 0x56, 0x4D, 0x7A, 0xC8, 0x87, 0x6A, 0x2D,
    0x0E, 0x79, 0xC5, 0x5C, 0x36, 0xD3, 0x35, 0xBD, 0xF6, 0x2A, 0x60, 0x99, 0xC1, 0x40, 0x62, 0xBD,
    0x9F, 0xCA, 0x50, 0x44, 0xD2, 0x96, 0xC5, 0x22, 0x94, 0x41, 0x8D, 0x7A, 0x58, 0xB5, 0xCF, 0x02,
    0xF9, 0x3E, 0x31, 0x4F, 0xB6, 0xD7, 0x63, 0x3D, 0x68, 0xAF, 0xB3, 0x2E, 0xB7, 0xF9, 0x52, 0x4F,
    0x92, 0x74, 0xCC, 0xCD, 0xB6, 0x6E, 0xBA, 0xA6, 0x8B, 0x98, 0xF3, 0x46, 0xCD, 0xBA, 0xAA, 0x51,
    0xB3, 0xB2, 0xD9, 0x75, 0xBE, 0x3E, 0xDB, 0x34, 0x2B, 0x96, 0x52, 0xA8, 0x85, 0x13, 0xE1, 0x7D,
    0x81, 0x9D, 0xF3, 0x1D, 0x79, 0x61, 0x44, 0x2A, 0xE9, 0xCC, 0x4F, 0xDE, 0xA9, 0xC9, 0xA9, 0x70,
    0xA0, 0xC2, 0x35, 0x15, 0x50, 0x23, 0x95, 0x5F, 0xB7, 0x01, 0xE4, 0x9D, 0x7F, 0x4B, 0x77, 0xFA,
    0x33, 0x6A, 0x39, 0x1F, 0x7B, 0x72, 0x6C, 0x5E, 0x4E, 0xEE, 0x41, 0x74, 0x24, 0x4B, 0x2A, 0x48,
    0x94, 0x81, 0xCA, 0x17, 0xD2, 0x71, 0x67, 0x82, 0x04, 0xF2, 0x2E, 0x32, 0x22, 0xA1, 0x88, 0xF6,
    0xD1, 0x78, 0x3D, 0xB5, 0xAF, 0x21, 0xF1, 0x75, 0xA0, 0xC8, 0x58, 0xA8, 0x6F, 0x03, 0xD5, 0xED,
    0x0D, 0x16, 0xFB, 0x59, 0x8F, 0xDF, 0x18, 0x8B, 0x1B, 0xFB, 0xB0, 0x21, 0xE3, 0x60, 0x07, 0x19,
    0x6E, 0x50, 0x7F, 0x06, 0xDD, 0x47, 0xD3, 0x06, 0xC3, 0xA1, 0x03, 0xB9, 0x8C, 0x0C, 0xD3, 0xA6,
    0xE6, 0x72, 0x32, 0xEE, 0x1F, 0x33, 0x51, 0x78, 0x94, 0x67, 0xB6, 0x40, 0xF7, 0x34, 0x1D, 0x06,
    0x1C, 0x44, 0xCA, 0x73, 0x38, 0x0A, 0xF7, 0x9C, 0xEA, 0x8F, 0x44, 0xDD, 0xDB, 0xF6, 0x02, 0x8C,
    0xC1, 0xB5, 0x75, 0x8A, 0x54, 0xE2, 0x29, 0x65, 0x42, 0x8B, 0x60, 0x1F, 0x48, 0x97, 0xFD, 0x05,
    0x1C, 0x39, 0x3B, 0xC3, 0x11, 0xD7, 0x70, 0x94, 0xD2, 0xD6, 0x2F, 0xBD, 0xF9, 0x20, 0x38, 0xE2,
    0x56, 0x69, 0x0F, 0xA5, 0x4E, 0xC2, 0xE1, 0x06, 0x8E, 0xF0, 0x5E, 0x11, 0xEE, 0x29, 0xFF, 0x7F,
    0xE1, 0xD8, 0x6E, 0xFE, 0xFF, 0x84, 0xA3, 0xA0, 0x26, 0xCE, 0x46, 0xBD, 0x58, 0xC1, 0xE1, 0x2E,
    0x83, 0x23, 0x1F, 0x57, 0x0F, 0xB3, 0x09, 0xC7, 0x75, 0x68, 0x19, 0x71, 0xD4, 0x8B, 0x6A, 0x27,
    0x1E, 0x55, 0x46, 0xED, 0x84, 0x01, 0x98, 0xC9, 0x31, 0xE6, 0xD9, 0x84, 0x29, 0x03, 0x7B, 0x59,
    0x94, 0x91, 0x4A, 0x22, 0xF6, 0xC7, 0x88, 0x94, 0xAF, 0x48, 0x45, 0xEC, 0x57, 0xD2, 0xD6, 0x83,
    0xF4, 0xA5, 0x74, 0xDB, 0xD7, 0x94, 0x24, 0x8F, 0xA3, 0x8F, 0x04, 0x1C, 0x98, 0xEE, 0x46, 0xBD,
    0x7C, 0x52, 0xCA, 0x50, 0xCA, 0x82, 0xFA, 0x34, 0xB0, 0x29, 0xDB, 0x5E, 0xC1, 0x90, 0x6D, 0x57,
    0x5E, 0xE7, 0xBC, 0x55, 0xBE, 0x11, 0x09, 0xB5, 0xCC, 0x47, 0x95, 0x74, 0x87, 0x7C, 0x08, 0x66,
    0x82, 0x7A, 0x00, 0xED, 0x37, 0x6D, 0x7B, 0x2F, 0xC1, 0x60, 0x3B, 0xD5, 0x9B, 0xA1, 0x79, 0xEE,
    0xA2, 0x9D, 0x44, 0x2A, 0x69, 0x0F, 0xE6, 0xFE, 0x13, 0x15, 0x28, 0x22, 0xA4, 0x3C, 0x45, 0x92,
    0x1C, 0x25, 0x21, 0xB9, 0x22, 0xE6, 0x32, 0xEB, 0x67, 0x7E, 0x4F, 0x5A, 0x13, 0xD8, 0xFC, 0x05,
    0xEA, 0x5F, 0x6E, 0x72, 0x1D, 0x4A, 0x1E, 0x79, 0x54, 0xBE, 0x68, 0x54, 0x50, 0xD3, 0x85, 0x0B,
    0x57, 0xBB, 0x3A, 0xA9, 0x84, 0x11, 0x25, 0xAD, 0x78, 0xB0, 0x59, 0x7A, 0x4B, 0xE2, 0xB5, 0x77,
    0x83, 0xF6, 0x07, 0x79, 0xFD, 0x18, 0xFD, 0xEB, 0x80, 0x3E, 0xCB, 0x92, 0x11, 0xFD, 0x57, 0x40,
    0xFF, 0x22, 0xE4, 0x78, 0xA7, 0xBD, 0x59, 0xD8, 0x65, 0x3D, 0x49, 0xDA, 0x0B, 0xE2, 0xAD, 0xD7,
    0x3B, 0xCC, 0x2E, 0x45, 0xCC, 0xE8, 0xBE, 0x93, 0xB6, 0x96, 0x47, 0x62, 0x17, 0xB9, 0xDC, 0xA0,
    0x87, 0x55, 0x31, 0xDA, 0xBF, 0xB9, 0xAF, 0xD3, 0xED, 0xA4, 0x97, 0x46, 0x1E, 0x8A, 0x4E, 0xAB,
    0xE7, 0xD1, 0x26, 0xB7, 0x7A, 0x1E, 0x17, 0xDA, 0xEB, 0x9D, 0x4F, 0xA4, 0xFD, 0xE7, 0x89, 0x94,
    0x6F, 0x22, 0xF6, 0x67, 0xD7, 0xAD, 0xBE, 0xD9, 0x91, 0x3F, 0xAC, 0xE3, 0x29, 0xE7, 0x9D, 0xC5,
    0xAD, 0x9B, 0x69, 0x46, 0x10, 0x81, 0xA3, 0x23, 0xA8, 0x12, 0x66, 0xDE, 0x87, 0x59, 0x1F, 0x54,
    0x2B, 0x1D, 0x2E, 0xD2, 0x48, 0x57, 0xCA, 0xF0, 0x76, 0xED, 0x47, 0xE5, 0x27, 0x35, 0x9C, 0xCC,
    0xFB, 0x3A, 0xC1, 0x31, 0xA5, 0xA7, 0xF2, 0x88, 0xF4, 0x77, 0x7F, 0x6F, 0xB5, 0xE7, 0xAA, 0x59,
    0x2D, 0xBB, 0x42, 0xBA, 0xBF, 0x01, 0xAD, 0x97, 0x3D, 0x8C, 0xDD, 0xC6, 0x7E, 0xC5, 0x0F, 0x2F,
    0x63, 0x31, 0x01, 0x83, 0xCC, 0x2B, 0x9E, 0x84, 0x00, 0x0A, 0x1E, 0x53, 0x07, 0x79, 0x62, 0x93,
    0x72, 0xAD, 0xA1, 0x93, 0xC2, 0x45, 0x8A, 0x6C, 0xB1, 0xD7, 0x2E, 0xB6, 0xD8, 0x36, 0xDD, 0x6D,
    0x5C, 0xB8, 0x90, 0x4C, 0x06, 0x29, 0x52, 0xA4, 0xB0, 0x10, 0x40, 0x70, 0x91, 0x22, 0xAE, 0x9D,
    0x36, 0x85, 0x81, 0xC8, 0x1E, 0xCA, 0x5B, 0xBA, 0x08, 0x0D, 0x63, 0xAD, 0x22, 0x85, 0x88, 0x44,
    0x8A, 0x9D, 0xCA, 0xE3, 0x98, 0x72, 0xB8, 0xF2, 0x90, 0x27, 0xF3, 0xFF, 0x93, 0xFB, 0xA1, 0x0F,
    0xC3, 0x76, 0xE0, 0x01, 0xF1, 0x3B, 0x67, 0xEF, 0xCC, 0x70, 0xFE, 0x33, 0x9C, 0x9D, 0x0F, 0x5C,
    0xE7, 0x23, 0x00, 0x09, 0xC9, 0x28, 0x19, 0xDF, 0x63, 0x05, 0x14, 0x13, 0x44, 0xEC, 0x88, 0x8F,
    0x01, 0xD4, 0x03, 0x24, 0x39, 0xAF, 0x42, 0xFF, 0xCA, 0x76, 0xBB, 0xAD, 0xE8, 0x0B, 0x92, 0xED,
    0xB9, 0x80, 0xAD, 0x69, 0x9D, 0x48, 0xD6, 0xD6, 0x83, 0x8A, 0x1D, 0xA3, 0x24, 0x95, 0xBC, 0xAC,
    0x05, 0x72, 0xDE, 0x11, 0x91, 0x86, 0x38, 0x03, 0xE5, 0x22, 0xB8, 0xCA, 0x93, 0x83, 0x28, 0x52,
    0xE4, 0x65, 0x92, 0x78, 0x95, 0xCD, 0x22, 0x69, 0x14, 0x69, 0xEF, 0x42, 0x92, 0x5E, 0x82, 0xDB,
    0x74, 0x92, 0x9F, 0x7E, 0x26, 0xDC, 0x71, 0x58, 0x72, 0x01, 0xC7, 0xAF, 0x63, 0x1D, 0x7E, 0xFA,
    0x17, 0xF4, 0x39, 0x4D, 0x46, 0x5F, 0x04, 0x93, 0x3B, 0x6F, 0xC7, 0xDF, 0x98, 0x5D, 0x57, 0x0F,
    0xBF, 0x35, 0x65, 0xE5, 0xFC, 0xAB, 0x05, 0x40, 0xBF, 0x77, 0x43, 0x78, 0xEB, 0x55, 0xE1, 0x87,
    0x7B, 0xC2, 0x7F, 0x51, 0xFA, 0xB7, 0x95, 0x1F, 0x02, 0xEE, 0x1B, 0x69, 0xAA, 0xFE, 0x4E, 0x9A,
    0xB2, 0xBC, 0xEF, 0xF1, 0xAB, 0x82, 0x9F, 0xF4, 0xF0, 0x86, 0xC7, 0x5D, 0xEA, 0x53, 0xFE, 0x6F,
    0xBB, 0xEB, 0xE1, 0x48, 0xB6, 0x28, 0xB4, 0x6B, 0x66, 0xC7, 0x3B, 0xC0, 0x6F, 0x4C, 0x05, 0xE0,
    0xB7, 0x26, 0x02, 0x7B, 0x85, 0xF2, 0x86, 0x10, 0x9A, 0x9B, 0x6B, 0xC9, 0xFA, 0xF4, 0x90, 0x6D,
    0x22, 0x4F, 0x97, 0x49, 0xD8, 0x9D, 0x09, 0x80, 0x6D, 0x4B, 0x21, 0xAC, 0x8E, 0x7E, 0xED, 0x85,
    0x4E, 0x49, 0xCF, 0xCF, 0x58, 0x45, 0x7E, 0xA9, 0xE3, 0x3F, 0xD7, 0x1D, 0xBD, 0x19, 0x8D, 0xD0,
    0x9B, 0x4A, 0x08, 0x2C, 0x74, 0xCA, 0x7A, 0x10, 0xDA, 0x51, 0x58, 0x86, 0xC8, 0xCA, 0xD0, 0xF8,
    0x24, 0xB6, 0xF5, 0x6F, 0x3E, 0xEB, 0x36, 0xA4, 0xAF, 0x5B, 0x8D, 0xBC, 0x92, 0xC8, 0x27, 0x69,
    0x87, 0x77, 0x40, 0x92, 0x41, 0x91, 0xF1, 0xE4, 0x30, 0xA4, 0x6C, 0x71, 0x81, 0x7B, 0x82, 0x5B,
    0x02, 0xBC, 0x1C, 0x64, 0xB3, 0xE2, 0x64, 0xFB, 0x7C, 0x2E, 0x49, 0xBF, 0xE0, 0x4D, 0x9E, 0xEC,
    0x3F, 0x9F, 0x7B, 0xC8, 0x27, 0x95, 0xE4, 0xB6, 0x0B, 0x70, 0x85, 0xA3, 0x04, 0xC4, 0x66, 0xC3,
    0x07, 0xEC, 0x33, 0x4A, 0xA7, 0x26, 0x58, 0x6F, 0x02, 0x6C, 0x17, 0x71, 0xB3, 0x8A, 0x00, 0xF2,
    0x29, 0x22, 0x9B, 0x23, 0x52, 0x46, 0x48, 0xDC, 0x0B, 0xB6, 0x3A, 0xC1, 0x5C, 0x07, 0x6C, 0xDD,
    0xE3, 0x83, 0x4B, 0x19, 0xA8, 0x5B, 0x44, 0x34, 0x11, 0x04, 0x90, 0x8C, 0x15, 0x7E, 0x3F, 0xE3,
    0x5C, 0xDD, 0x2A, 0x25, 0xDB, 0x2A, 0xAA, 0x1D, 0xFD, 0x9F, 0x21, 0x71, 0x0D, 0xCE, 0xD3, 0x95,
    0x6A, 0x35, 0xE6, 0xCC, 0x94, 0xAB, 0xE2, 0xE6, 0x22, 0x57, 0xAB, 0x5B, 0x5B, 0x80, 0x7C, 0x9D,
    0x23, 0x39, 0x80, 0x3C, 0x22, 0xC9, 0x09, 0x3B, 0xCE, 0x4E, 0x1E, 0x64, 0xF4, 0x46, 0x9E, 0x2A,
    0x65, 0x97, 0xC9, 0xD3, 0xA4, 0x6C, 0xF5, 0x11, 0xF3, 0x4B, 0x3D, 0xD9, 0x99, 0x31, 0x97, 0x8D,
    0xFE, 0x5E, 0xAA, 0xD9, 0x71, 0xB0, 0x1C, 0x52, 0x0E, 0x64, 0xA8, 0x39, 0xA5, 0x9C, 0xA2, 0xA1,
    0x1A, 0x00, 0x03, 0x96, 0xB4, 0xF1, 0xAB, 0x49, 0xFB, 0xD5, 0x64, 0xDD, 0xB3, 0x43, 0x61, 0xD9,
    0x23, 0x25, 0x5B, 0xCB, 0x41, 0xF5, 0x1A, 0x03, 0x92, 0x9D, 0x7E, 0x45, 0xC0, 0xE8, 0x07, 0x6F,
    0x56, 0xED, 0x54, 0x67, 0x7A, 0xD5, 0xC0, 0x71, 0x51, 0x3B, 0x89, 0x6E, 0xA7, 0x1D, 0xB7, 0x47,
    0x27, 0x15, 0x97, 0xD4, 0x9E, 0x29, 0x02, 0xE8, 0xB5, 0x1C, 0xEA, 0x10, 0xF5, 0xF9, 0xFC, 0xED,
    0xB4, 0x3D, 0xE4, 0xC3, 0x93, 0x0A, 0x01, 0x1B, 0x3E, 0xD4, 0x72, 0x20, 0x17, 0xAD, 0x57, 0x2D,
    0x57, 0x35, 0xAB, 0x66, 0xAB, 0x6E, 0xA2, 0x5E, 0xE3, 0x01, 0x10, 0xD5, 0x52, 0x2A, 0xAC, 0x5A,
    0x6A, 0x3B, 0x4F, 0x01, 0x88, 0x52, 0xFA, 0xBE, 0xE3, 0x17, 0x2E, 0x44, 0xD5, 0x91, 0x5C, 0x34,
    0x63, 0xA5, 0x9A, 0xB2, 0x59, 0xB5, 0x7D, 0x5E, 0xFF, 0x7A, 0xD5, 0x7B, 0x6B, 0xB9, 0xB0, 0xD4,
    0x4B, 0x55, 0xCD, 0x5C, 0x4C, 0x07, 0x51, 0xEB, 0x40, 0x86, 0x54, 0xDA, 0x59, 0x74, 0x86, 0x91,
    0xFC, 0x93, 0x6A, 0xD1, 0x16, 0x3F, 0x5F, 0x27, 0xE4, 0xF4, 0xD2, 0xD1, 0x4A, 0xC7, 0x30, 0xE5,
    0xAC, 0x8A, 0x7A, 0x8A, 0x3A, 0x57, 0x38, 0xEB, 0xD9, 0xA0, 0xEE, 0x90, 0x27, 0x6E, 0x02, 0x2E,
    0xF5, 0x6E, 0xED, 0x5F, 0xB3, 0x3A, 0x79, 0x69, 0xB2, 0x3D, 0x73, 0x25, 0x87, 0xC5, 0x25, 0xE4,
    0xB4, 0xB8, 0x34, 0x64, 0x54, 0xD7, 0xE4, 0x3E, 0xA1, 0xD6, 0x85, 0xF1, 0x98, 0xE5, 0x7D, 0x13,
    0xCC, 0x80, 0x31, 0x8D, 0x6D, 0x0C, 0x12, 0xD8, 0xB2, 0x3E, 0x20, 0x67, 0xA7, 0xAE, 0x45, 0xC6,
    0x39, 0xBA, 0x4F, 0xD8, 0x61, 0x43, 0x76, 0xA9, 0xEE, 0x27, 0xA8, 0x39, 0x46, 0x17, 0x6B, 0x20,
    0xD7, 0x36, 0x6C, 0x00, 0x50, 0xCB, 0xFB, 0xCA, 0x19, 0xD2, 0xB1, 0x25, 0x52, 0x03, 0x6D, 0x2D,
    0x67, 0x63, 0x81, 0x25, 0x82, 0xCE, 0x36, 0xDA, 0xEE, 0x86, 0xDE, 0x76, 0x9B, 0x29, 0xAE, 0x28,
    0xE0, 0x5C, 0x9C, 0xEE, 0x46, 0x92, 0xB0, 0xFC, 0x7B, 0xB2, 0x17, 0x77, 0x85, 0x8D, 0x9B, 0x21,
    0x01, 0x24, 0x33, 0x4C, 0x54, 0x4A, 0x15, 0x71, 0x3B, 0x4E, 0x55, 0x4A, 0xBC, 0xE2, 0x9E, 0xA4,
    0xF4, 0x48, 0x59, 0xC1, 0xCA, 0xCB, 0x20, 0xC3, 0x51, 0x36, 0x49, 0x74, 0xB9, 0xCC, 0x97, 0x0A,
    0x1C, 0x60, 0xC4, 0x01, 0x6E, 0x84, 0xA9, 0x3B, 0xD4, 0x40, 0x1D, 0x50, 0x58, 0x2F, 0x3B, 0xA7,
    0x0D, 0xB0, 0x85, 0x47, 0x88, 0x6E, 0xC2, 0x4D, 0x33, 0x44, 0xB7, 0xDD, 0xCD, 0xDB, 0xDB, 0x47,
    0xA7, 0x71, 0xCA, 0xF2, 0x25, 0x09, 0x39, 0xAB, 0x21, 0x9D, 0x52, 0x0F, 0xA4, 0xBC, 0xEF, 0xD3,
    0x39, 0xEB, 0x21, 0x03, 0xE3, 0x37, 0xCC, 0x3B, 0x60, 0xC3, 0xCF, 0xFB, 0x84, 0x7F, 0xA5, 0xBB,
    0xE8, 0x7F, 0x76, 0xE0, 0xBB, 0xD1, 0x21, 0x6E, 0x3C, 0x70, 0x0F, 0x1B, 0x00, 0xEE, 0xFB, 0x16,
    0xF5, 0xD7, 0xBA, 0x5B, 0x48, 0xC4, 0x14, 0x27, 0xB4, 0xB3, 0xB8, 0x92, 0x40, 0x39, 0x89, 0x2B,
    0x66, 0xA0, 0x08, 0xE2, 0xE4, 0x5B, 0x18, 0x75, 0x42, 0x33, 0x02, 0x71, 0x6B, 0xDF, 0x47, 0xA2,
    0xC1, 0x35, 0xA9, 0x90, 0x3E, 0x4A, 0x1B, 0xCB, 0xAB, 0xE4, 0x93, 0x4A, 0x3A, 0x2F, 0xC2, 0x4B,
    0xC2, 0xE3, 0x9F, 0x2B, 0xF7, 0xB7, 0x2A, 0x2D, 0xCE, 0x64, 0x56, 0xC9, 0x26, 0x15, 0x13, 0xA2,
    0x9C, 0x6C, 0xDD, 0x10, 0x85, 0x64, 0xAF, 0x32, 0x4B, 0xF8, 0x0C, 0xE7, 0xBC, 0xA2, 0x84, 0x8D,
    0x4C, 0xB6, 0xF5, 0x24, 0x9B, 0x09, 0xE9, 0x57, 0xEA, 0xEF, 0x2B, 0xEB, 0x47, 0x91, 0x29, 0xE7,
    0x48, 0xC3, 0x7F, 0x74, 0x01, 0x65, 0x48, 0x18, 0x60, 0x47, 0x44, 0xD6, 0x83, 0x7C, 0x34, 0xE7,
    0x85, 0xF4, 0xB0, 0x3F, 0x46, 0xA7, 0xAC, 0xA5, 0xBC, 0xBC, 0x61, 0x7D, 0x9B, 0xBE, 0xF9, 0x21,
    0xEF, 0xA4, 0xA4, 0x61, 0xCC, 0x1B, 0xF3, 0xC8, 0x4B, 0x49, 0x8E, 0x4D, 0xDB, 0x65, 0x9E, 0xAD,
    0x04, 0x76, 0x73, 0x85, 0x8C, 0xF4, 0x28, 0x4F, 0x5D, 0x80, 0xEB, 0xF4, 0xAC, 0x64, 0xA6, 0x0D,
    0xAB, 0x3C, 0xA4, 0x44, 0x2E, 0xFB, 0x1D, 0x90, 0x0B, 0x8E, 0x18, 0xBF, 0x0C, 0xC9, 0x71, 0x81,
    0x21, 0xA0, 0xB8, 0xD8, 0x2B, 0xA5, 0x48, 0xB5, 0x14, 0xCE, 0x04, 0x29, 0x2B, 0x41, 0x03, 0x24,
    0x6C, 0xF1, 0x3B, 0x60, 0x87, 0x3F, 0x95, 0xBE, 0xDE, 0x43, 0xC1, 0xC3, 0x51, 0xDA, 0xED, 0x35,
    0x02, 0x4B, 0x7A, 0xD2, 0xAF, 0x72, 0x8D, 0xD3, 0xBE, 0x9C, 0x4D, 0xE8, 0x75, 0x52, 0x88, 0xF4,
    0x2A, 0xB6, 0x51, 0xF9, 0x18, 0x22, 0x9B, 0x51, 0x25, 0xEF, 0x55, 0xCA, 0x56, 0xC5, 0xE9, 0x79,
    0xEE, 0x3B, 0xDE, 0xDD, 0x56, 0x8E, 0x92, 0xFA, 0x55, 0xB0, 0xAE, 0x33, 0x1C, 0x5D, 0x10, 0xF1,
    0x76, 0x56, 0x29, 0xA8, 0x62, 0xD8, 0x8A, 0x64, 0xEC, 0x44, 0x52, 0x7A, 0x11, 0x70, 0x54, 0x71,
    0x93, 0x8A, 0x65, 0x25, 0x91, 0x15, 0x7C, 0x24, 0x71, 0xE6, 0x0C, 0x22, 0x70, 0x81, 0x92, 0xE6,
    0x95, 0x77, 0xEB, 0xE9, 0xCD, 0x39, 0xC8, 0xC7, 0x59, 0xF8, 0xCE, 0x78, 0xC1, 0x9B, 0xFB, 0xC2,
    0x5F, 0x23, 0xF2, 0x16, 0x22, 0x39, 0x29, 0x7B, 0xE1, 0x1C, 0x91, 0x9C, 0x4D, 0xAB, 0x3F, 0x8A,
    0xD6, 0xCD, 0x33, 0x30, 0x5A, 0x09, 0xA1, 0xB2, 0xAC, 0x00, 0xD4, 0x92, 0x9B, 0x51, 0xE8, 0x84,
    0xC9, 0x6C, 0xC5, 0x77, 0x4A, 0x2C, 0xAC, 0x85, 0xD7, 0xC8, 0x7D, 0x40, 0xA2, 0x5B, 0xF9, 0x6C,
    0xBA, 0x71, 0xEE, 0xA6, 0x55, 0x91, 0x8E, 0x67, 0xCE, 0xF8, 0xD5, 0xEC, 0xD6, 0x15, 0x7A, 0x3D,
    0xE6, 0x4A, 0xAA, 0xFF, 0x81, 0x7F, 0xB9, 0x54, 0x79, 0x2B, 0xE5, 0x86, 0x4B, 0x76, 0x36, 0x83,
    0xAD, 0x3A, 0x13, 0xE0, 0xFA, 0x33, 0x57, 0x7B, 0x75, 0xE5, 0xB8, 0x9E, 0x1E, 0x45, 0xEC, 0xB8,
    0x38, 0xBF, 0x06, 0x8B, 0xFA, 0xCC, 0x49, 0xC5, 0xD5, 0xF1, 0xC2, 0x75, 0xE7, 0xAE, 0x5D, 0x5D,
    0x22, 0x6E, 0xC4, 0x01, 0xB0, 0x61, 0x23, 0xA7, 0x4A, 0x76, 0x3A, 0xC7, 0x9C, 0xAF, 0x39, 0xAA,
    0xA3, 0x97, 0x18, 0x53, 0x02, 0xFC, 0x0F, 0xA6, 0xBC, 0xCE, 0x19, 0x1B, 0x1E, 0xCF, 0x29, 0x6B,
    0xCA, 0xCF, 0xAF, 0x47, 0x37, 0xEF, 0x02, 0x72, 0xE6, 0xD1, 0x85, 0x7C, 0x96, 0xE3, 0x28, 0xB3,
    0x69, 0xAE, 0xF9, 0x5F, 0xF4, 0x86, 0xFF, 0x14, 0x6A, 0xFE, 0x1D, 0xD9, 0x14, 0xA4, 0x2F, 0x46,
    0x59, 0x52, 0xCB, 0xA7, 0xEB, 0x38, 0xAC, 0x1D, 0x59, 0x7B, 0xB0, 0xA6, 0xFA, 0xDC, 0xB9, 0x73,
    0xC7, 0xFE, 0xDC, 0x75, 0xC2, 0x35, 0xEE, 0xD5, 0x7D, 0x50, 0x9D, 0x0D, 0x8C, 0x74, 0x82, 0x15,
    0x90, 0xCF, 0x4E, 0x76, 0xCB, 0xA1, 0xE8, 0x81, 0xD2, 0xEB, 0x41, 0xF9, 0x45, 0x6A, 0xAE, 0x1D,
    0xCB, 0x0E, 0x31, 0x62, 0xDB, 0xCA, 0xF2, 0x59, 0x57, 0xB2, 0x7C, 0x3A, 0xE8, 0xEE, 0x14, 0x99,
    0x71, 0x8C, 0xD4, 0xB9, 0xFB, 0xBB, 0x1B, 0x69, 0xFA, 0x0F, 0x20, 0xDE, 0x56, 0xC2, 0xFA, 0xBE,
    0xE4, 0xF2, 0x4B, 0x06, 0x69, 0x55, 0x37, 0x3B, 0x3E, 0x24, 0xCC, 0x97, 0xB1, 0xBB, 0x4D, 0xF1,
    0x09, 0x65, 0x77, 0xAB, 0x42, 0xAC, 0xE6, 0xF0, 0x96, 0xF6, 0xE0, 0x57, 0x52, 0x79, 0xED, 0xE1,
    0x3B, 0xDA, 0xE3, 0x59, 0x98, 0x10, 0xB6, 0x8F, 0xAC, 0xEA, 0x0E, 0x88, 0x63, 0xD6, 0x00, 0x96,
    0xB3, 0xAE, 0x83, 0x7D, 0x74, 0x9C, 0x2B, 0x21, 0x47, 0x5C, 0xE3, 0x13, 0xC7, 0xE5, 0x7F, 0xAA,
    0xB9, 0xCA, 0x27, 0x6F, 0xF2, 0xB1, 0xA3, 0xA4, 0x85, 0xA0, 0x3F, 0x7F, 0x2E, 0xFF, 0x1E, 0x4B,
    0xBE, 0xC1, 0x13, 0xD0, 0xA7, 0x6C, 0x22, 0x65, 0x9B, 0x95, 0xB7, 0x29, 0x1B, 0x40, 0x0E, 0xE6,
    0x91, 0x1E, 0x3F, 0x8D, 0xD7, 0x38, 0x1F, 0x48, 0x7C, 0x0C, 0x2B, 0x25, 0x79, 0xBC, 0x28, 0xD7,
    0x79, 0xAA, 0x03, 0x48, 0xCA, 0x28, 0xCF, 0x4F, 0xA5, 0x28, 0x3B, 0x6F, 0x65, 0xCA, 0x54, 0x5E,
    0x0E, 0x0F, 0x33, 0x7C, 0x1E, 0x64, 0xCF, 0xF2, 0x59, 0x0F, 0x3B, 0x6A, 0xBD, 0x7A, 0x50, 0x71,
    0x5E, 0x85, 0x3F, 0x20, 0xA7, 0x7A, 0x55, 0x85, 0xBC, 0xFB, 0x42, 0xBC, 0x9B, 0xB5, 0x9E, 0xD5,
    0xA5, 0x5F, 0xC4, 0x8E, 0x2A, 0x65, 0x50, 0x31, 0xB3, 0x4A, 0xC6, 0x4A, 0x24, 0x61, 0x2F, 0x82,
    0x7A, 0x96, 0x35, 0x1A, 0x39, 0xA9, 0x37, 0xE6, 0x1D, 0xFF, 0xFB, 0x25, 0x3D, 0x7A, 0x5F, 0x99,
    0x52, 0x25, 0x5F, 0xC4, 0xB0, 0x5A, 0xA4, 0x15, 0x29, 0x17, 0xB9, 0xE9, 0x3A, 0x91, 0x5B, 0xB6,
    0x17, 0xB9, 0x67, 0xBD, 0xC8, 0x58, 0x0E, 0x91, 0xC9, 0x50, 0xE8, 0xFC, 0xF4, 0xBA, 0xFE, 0x6A,
    0x0A, 0xAB, 0xC4, 0xE3, 0xF1, 0x21, 0xB7, 0x07, 0x30, 0xAD, 0x2E, 0xEE, 0x45, 0x23, 0x5F, 0x6A,
    0x5B, 0xDF, 0x8D, 0x17, 0xA9, 0x83, 0x67, 0x4B, 0xE2, 0x23, 0xED, 0x3F, 0x82, 0x0E, 0x51, 0x22,
    0xF1, 0x0F, 0xBA, 0xD2, 0x48, 0xC7, 0x44, 0x26, 0xEC, 0xE6, 0xFD, 0x57, 0xC8, 0x3B, 0xA4, 0x37,
    0xA4, 0x5F, 0x05, 0x57, 0xB4, 0x77, 0x35, 0xD9, 0x20, 0xE1, 0xA9, 0xF3, 0xB2, 0x83, 0x98, 0x10,
    0x89, 0x74, 0xC2, 0x66, 0x16, 0x83, 0xDB, 0x4A, 0x20, 0x53, 0x1A, 0x82, 0x92, 0xFC, 0xC2, 0xED,
    0x1B, 0xE4, 0xE9, 0x3E, 0x72, 0xB2, 0x8F, 0xA1, 0x91, 0x27, 0xFB, 0x97, 0x73, 0x73, 0x0E, 0x5A,
    0xA5, 0x11, 0xCE, 0xC0, 0xDB, 0x30, 0x12, 0xA2, 0x92, 0x55, 0x2E, 0x6C, 0xB2, 0x49, 0x56, 0x18,
    0xD9, 0x04, 0x09, 0xB8, 0xC7, 0x6E, 0x06, 0x0A, 0x4A, 0xBD, 0xC4, 0xCD, 0xD5, 0xC5, 0x60, 0xAF,
    0x7C, 0xFE, 0x32, 0xFD, 0x94, 0x7A, 0x99, 0xFE, 0x46, 0x2F, 0xD3, 0x5E, 0x2F, 0xD3, 0xBE, 0x6E,
    0xF5, 0xD3, 0x56, 0x76, 0x80, 0xFF, 0x35, 0x6A, 0x9D, 0x1E, 0x4E, 0xC9, 0x9F, 0x4C, 0x27, 0x5C,
    0xA7, 0x9D, 0x1D, 0x85, 0xF2, 0x4E, 0xE9, 0x45, 0xA4, 0x5C, 0xE2, 0xF4, 0x32, 0x3D, 0xC4, 0xB6,
    0x50, 0xAF, 0xE7, 0x5B, 0x4E, 0x6B, 0x6C, 0xCF, 0xC5, 0xFC, 0x3E, 0x60, 0x98, 0xB2, 0xFD, 0x11,
    0x52, 0x52, 0xBB, 0xF0, 0x88, 0xF1, 0x1B, 0x57, 0x6B, 0xEE, 0x2F, 0xC6, 0xCD, 0xCA, 0x3E, 0x12,
    0x64, 0x1F, 0xE9, 0x94, 0xD7, 0xD9, 0xE0, 0x0A, 0xBF, 0x5A, 0x6E, 0xDE, 0x29, 0xDF, 0xA3, 0x4C,
    0x46, 0x37, 0x14, 0x1E, 0x76, 0xB0, 0x1E, 0xA5, 0x8F, 0x28, 0x3A, 0x3B, 0xE0, 0xF7, 0x96, 0xCD,
    0xA1, 0xD4, 0xE9, 0xC8, 0x41, 0x3A, 0x16, 0x6D, 0x4A, 0xB1, 0x8E, 0x94, 0x1F, 0xD9, 0x22, 0x21,
    0x3D, 0xB0, 0x7C, 0x7B, 0x37, 0x4A, 0xF9, 0x70, 0xE3, 0xC6, 0x8D, 0x3C, 0x38, 0xF2, 0x6F, 0xC3,
    0xB7, 0x0F, 0x1E, 0x1C, 0x87, 0x6F, 0x8F, 0x8F, 0x8F, 0xC7, 0x88, 0x4F, 0xFD, 0xBF, 0x1E, 0x1F,
    0x7F, 0xDD, 0xDB, 0xCF, 0x1F, 0xC8, 0x3E, 0xA0, 0xDB, 0x86, 0x6C, 0x33, 0xC7, 0x9F, 0xB7, 0x11,
    0xC7, 0x2B, 0x92, 0xD7, 0x5E, 0xAB, 0x40, 0x92, 0x41, 0xB1, 0x8D, 0xE9, 0x00, 0x92, 0xD4, 0x5D,
    0x64, 0x30, 0xE5, 0xFD, 0x10, 0xE4, 0xF2, 0x25, 0xB8, 0x35, 0x46, 0xEC, 0x29, 0x10, 0x81, 0xFF,
    0x2F, 0x8E, 0xF8, 0x04, 0x20, 0xB9, 0xC0, 0x46, 0xF8, 0x3A, 0x62, 0xB8, 0xBA, 0xE3, 0xDD, 0xFD,
    0xA5, 0x88, 0x8C, 0x28, 0x12, 0x7A, 0xFC, 0xC9, 0x07, 0x7C, 0xFA, 0xBE, 0xE6, 0xAA, 0xD3, 0xDF,
    0x90, 0x4A, 0x6E, 0xCE, 0x76, 0x39, 0xA8, 0xD7, 0x0C, 0x62, 0x9A, 0xF5, 0x1C, 0x52, 0xB0, 0xD2,
    0xB5, 0x62, 0x2D, 0xB6, 0xD1, 0x31, 0xE3, 0x72, 0xF7, 0x89, 0xB0, 0xC4, 0x9A, 0x9D, 0x71, 0x90,
    0x6C, 0xEA, 0xE8, 0x5F, 0x3A, 0x05, 0x1E, 0x72, 0xAA, 0xD6, 0x25, 0x78, 0xC5, 0x1F, 0x46, 0x7C,
    0x33, 0x45, 0x70, 0x14, 0x54, 0xD8, 0x48, 0x46, 0x4D, 0x7F, 0x1B, 0x33, 0xBF, 0x0F, 0xE8, 0xC8,
    0x0E, 0xE0, 0xA9, 0x04, 0xE5, 0xAF, 0xF4, 0x94, 0x8F, 0x3D, 0xCA, 0xFA, 0x5F, 0xC5, 0x3F, 0x29,
    0x6F, 0x71, 0x02, 0x7B, 0x8E, 0x9B, 0x82, 0x8F, 0x12, 0xFA, 0x64, 0x8C, 0xAD, 0xED, 0x3C, 0x49,
    0x36, 0x94, 0xD7, 0xE7, 0xA7, 0xD0, 0x20, 0x9B, 0xC8, 0x8F, 0x77, 0x6D, 0xE4, 0x90, 0xF6, 0xC2,
    0xCD, 0x77, 0xEE, 0x11, 0xE6, 0x7F, 0x26, 0x09, 0x17, 0xC1, 0xD6, 0x0A, 0xBB, 0x82, 0xA7, 0x28,
    0xFA, 0x64, 0xEB, 0x91, 0x7A, 0xC0, 0x23, 0x51, 0xCA, 0xF3, 0x3F, 0x7F, 0x2E, 0xFC, 0xFE, 0xD3,
    0xBF, 0xE9, 0x01, 0xF2, 0xB8, 0x05, 0x66, 0xB2, 0x41, 0x3A, 0x7C, 0x28, 0xCB, 0x81, 0xFF, 0xE3,
    0xB7, 0xD6, 0x5D, 0x3F, 0x09, 0x83, 0xFE, 0x4B, 0x8D, 0x48, 0x1A, 0xE0, 0x23, 0xA4, 0x32, 0xAC,
    0x4D, 0xD1, 0x49, 0x14, 0x8C, 0xDE, 0x28, 0x33, 0x12, 0xBA, 0x69, 0x44, 0x98, 0x16, 0x2F, 0x63,
    0x72, 0x74, 0xA2, 0x43, 0xC9, 0x01, 0x09, 0xC9, 0x19, 0x19, 0xDF, 0xFD, 0x77, 0x59, 0xFB, 0x4C,
    0xCB, 0xB6, 0x1C, 0x4C, 0x5B, 0xF7, 0xD6, 0x9B, 0xD6, 0xFA, 0xBA, 0x37, 0xF1, 0xEF, 0xBA, 0x33,
    0x6D, 0x31, 0xBA, 0x56, 0xC8, 0x48, 0x13, 0x7E, 0x01, 0x92, 0x5F, 0x61, 0xFD, 0x77, 0xFF, 0x82,
    0x5E, 0x2F, 0xBD, 0x11, 0xC5, 0x14, 0x61, 0xF8, 0x12, 0xCC, 0x02, 0xC9, 0x2D, 0xA5, 0x9C, 0x1B,
    0x74, 0x4C, 0x49, 0x4E, 0x88, 0xAB, 0xC5, 0xE5, 0x39, 0x4B, 0x46, 0x0A, 0x24, 0xA3, 0x7A, 0x71,
    0x46, 0x3F, 0xAE, 0x2E, 0x15, 0x01, 0xF6, 0xF6, 0xF0, 0x0C, 0xD7, 0x95, 0xB7, 0x5C, 0x66, 0x50,
    0xB0, 0xAC, 0xD2, 0x79, 0x6F, 0x4F, 0xD6, 0xD6, 0xBD, 0xBD, 0xD2, 0x97, 0x7E, 0x6F, 0xCF, 0x8C,
    0x36, 0x32, 0x0F, 0x75, 0xB7, 0xB7, 0x97, 0x05, 0x17, 0x99, 0x06, 0xB6, 0x91, 0x83, 0xF2, 0x8E,
    0xBE, 0x16, 0x97, 0xE9, 0x16, 0x76, 0x42, 0xDB, 0x0B, 0x4B, 0x2F, 0x34, 0xCA, 0x6C, 0x14, 0x6E,
    0x26, 0x21, 0x9C, 0x80, 0x92, 0xFC, 0x8B, 0x84, 0x31, 0xC0, 0x05, 0x48, 0x36, 0x82, 0x11, 0xC5,
    0xB4, 0x23, 0x4C, 0xC8, 0x58, 0x19, 0x19, 0x9D, 0x97, 0xA0, 0x89, 0x90, 0xDC, 0x7C, 0x86, 0x99,
    0x76, 0xA3, 0xCE, 0x15, 0xC1, 0xA8, 0xD5, 0x22, 0x12, 0x29, 0x07, 0x76, 0x02, 0xFF, 0x43, 0xE8,
    0x4D, 0xD8, 0xC8, 0x47, 0x3A, 0x62, 0xA3, 0x43, 0x1F, 0x71, 0x47, 0x63, 0xB9, 0x8C, 0x64, 0x5B,
    0x01, 0x35, 0x65, 0x67, 0x23, 0x1B, 0x43, 0xA9, 0x21, 0x6F, 0x96, 0xFB, 0x63, 0x27, 0x17, 0xD0,
    0xD6, 0x79, 0xDC, 0x06, 0x3D, 0xF0, 0x23, 0x70, 0x02, 0x3B, 0x0A, 0x02, 0x92, 0xCE, 0xCC, 0xC8,
    0xBB, 0x8C, 0x8F, 0x5D, 0x9B, 0x90, 0x33, 0x70, 0x9D, 0x3D, 0x9E, 0x4B, 0x96, 0x64, 0x7B, 0x81,
    0xFF, 0x03, 0xFB, 0x0F, 0x04, 0x07, 0x10, 0x04, 0x00, 0xCD, 0x93, 0x81, 0x66, 0x1C, 0x41, 0x1C,
    0xC6, 0xBF, 0xDB, 0x4D, 0x72, 0x34, 0x58, 0x50, 0x00, 0xF3, 0x08, 0xFB, 0x08, 0xB3, 0x85, 0x02,
    0xB8, 0x72, 0x51, 0x1A, 0xE4, 0x11, 0xEE, 0x05, 0xCA, 0xDE, 0x23, 0x5C, 0xE9, 0xFB, 0xCC, 0x52,
    0x14, 0x90, 0x83, 0x06, 0xC0, 0x22, 0x0F, 0x30, 0x74, 0x8F, 0x09, 0xB3, 0xFB, 0xF5, 0x3E, 0x7F,
    0x77, 0x2B, 0x41, 0x81, 0x44, 0x0E, 0x7E, 0x1F, 0x37, 0x3B, 0xE3, 0xF7, 0xCD, 0xFC, 0xB1, 0x08,
    0x09, 0x35, 0xB7, 0x70, 0xE4, 0x27, 0x32, 0xA2, 0x7D, 0xE2, 0x6F, 0xB6, 0x03, 0xD8, 0xB7, 0xF7,
    0x63, 0x15, 0x17, 0xEC, 0xBC, 0xCB, 0x1F, 0xB6, 0x05, 0x3B, 0xF8, 0x0C, 0x94, 0x2F, 0x48, 0x92,
    0xE4, 0x74, 0xE6, 0x57, 0xFE, 0xF9, 0x16, 0xC6, 0xF5, 0xBC, 0xEE, 0xCD, 0xB8, 0x47, 0x7B, 0xE4,
    0x86, 0x4F, 0x9F, 0xC9, 0x9F, 0x20, 0x79, 0x4F, 0xE6, 0x33, 0xA1, 0x7F, 0x00, 0x2C, 0x49, 0xEE,
    0x01, 0x3F, 0xDD, 0x32, 0x02, 0x21, 0x2E, 0x04, 0xEE, 0xC1, 0x1E, 0x52, 0x0C, 0x0D, 0x04, 0x00,
    0xA5, 0x81, 0x24, 0x99, 0x61, 0x90, 0xDD, 0x4D, 0x9B, 0xED, 0xD0, 0xD7, 0x85, 0xE9, 0x98, 0xCD,
    0xCE, 0x24, 0x22, 0x0D, 0x52, 0x61, 0x96, 0x0A, 0x85, 0x7A, 0xBA, 0x13, 0x42, 0x2C, 0x04, 0xA9,
    0x64, 0xC8, 0xA1, 0x35, 0xCC, 0x7B, 0x92, 0x8C, 0x67, 0x48, 0x65, 0xE5, 0xDF, 0x56, 0xE5, 0xCA,
    0x54, 0x2A, 0x53, 0x11, 0xF4, 0xFA, 0x70, 0xC5, 0xA9, 0x01, 0x1C, 0xD9, 0x04, 0x72, 0x80, 0x5E,
    0xE0, 0x2F, 0x3E, 0x48, 0x46, 0x6F, 0x70, 0xD2, 0xC7, 0xF6, 0x0A, 0x51, 0x27, 0x29, 0xA1, 0xCE,
    0x70, 0xBB, 0xF3, 0xCD, 0x63, 0x4E, 0xE0, 0xE9, 0x37, 0x27, 0xBB, 0xB3, 0xF1, 0xE6, 0x8E, 0xA7,
    0x75, 0xD5, 0xBB, 0x48, 0xD6, 0x8A, 0xA3, 0xDD, 0x31, 0xBF, 0x04, 0x3E, 0xDA, 0xFD, 0xFE, 0x25,
    0xF3, 0x9C, 0xD4, 0x10, 0xAE, 0x49, 0x5A, 0x43, 0x54, 0xB2, 0x19, 0x7D, 0x50, 0x62, 0xEF, 0x8F,
    0x0D, 0x79, 0x9E, 0x1A, 0x72, 0x44, 0xF1, 0xDF, 0x73, 0xAD, 0x94, 0xFC, 0x2C, 0x59, 0x43, 0xEB,
    0xEA, 0x1D, 0x37, 0x74, 0x45, 0xFE, 0xB0, 0x86, 0x2A, 0xEB, 0x65, 0x4E, 0x1A, 0x87, 0x1D, 0xA0,
    0x92, 0x46, 0x68, 0x1C, 0x6E, 0xD9, 0x3D, 0x9B, 0xEC, 0xA8, 0x72, 0x84, 0x82, 0x82, 0x8E, 0x28,
    0x0C, 0x15, 0x99, 0x67, 0x5C, 0xF2, 0xB0, 0x2E, 0x6D, 0xC9, 0x6B, 0x21, 0x0C, 0x90, 0x56, 0xC8,
    0x17, 0x47, 0xA7, 0x95, 0x97, 0x06, 0xA3, 0x33, 0x14, 0x7C, 0x04, 0xB0, 0xD1, 0x2C, 0x00, 0x4B,
    0x93, 0x41, 0x35, 0x6E, 0xD8, 0xC9, 0xAA, 0x2F, 0xA4, 0x03, 0xDF, 0xE1, 0x05, 0x17, 0xE2, 0x65,
    0xBB, 0x5F, 0x8A, 0x81, 0xD1, 0x93, 0x71, 0x49, 0x26, 0xB1, 0x8A, 0x2E, 0x7F, 0xE4, 0x61, 0x55,
    0x77, 0xCB, 0xAC, 0xF5, 0xBE, 0x2B, 0x07, 0x88, 0xFB, 0x62, 0x0B, 0x71, 0x00, 0xC4, 0x9A, 0x0D,
    0x44, 0xC7, 0x24, 0xAA, 0xCA, 0xC6, 0x7A, 0x63, 0x2F, 0xA2, 0xE6, 0x00, 0x71, 0xC1, 0x24, 0x5E,
    0xC0, 0x65, 0xF1, 0x3B, 0x6C, 0xDF, 0x11, 0xA5, 0x88, 0x09, 0x65, 0x12, 0xD9, 0x5C, 0x0F, 0x08,
    0x09, 0xED, 0x21, 0xF4, 0x68, 0x99, 0x6A, 0x72, 0x8B, 0x9A, 0xA9, 0x60, 0x92, 0xDA, 0xEE, 0x1F,
    0x62, 0x40, 0x06, 0x26, 0x00, 0x1A, 0xE6, 0xD8, 0x36, 0x40, 0x20, 0x08, 0xA2, 0xE8, 0x00, 0x01,
    0x81, 0x03, 0x4A, 0xA0, 0x14, 0xC8, 0x1C, 0xBA, 0x24, 0x4A, 0xC3, 0x25, 0x50, 0x82, 0x33, 0xA7,
    0x0E, 0x2E, 0x3C, 0x18, 0xFF, 0xD1, 0x8A, 0x45, 0x48, 0x5F, 0xAB, 0x77, 0xFB, 0xC6, 0xAD, 0x9A,
    0xC9, 0x7B, 0xC5, 0xE2, 0xAB, 0xE2, 0x70, 0x53, 0x66, 0xB0, 0x0B, 0xCD, 0x76, 0xA1, 0xF5, 0x47,
    0x07, 0x08, 0xC2, 0xB2, 0x85, 0xDC, 0xE2, 0x0B, 0xE9, 0x83, 0x75, 0x82, 0xD6, 0x67, 0x34, 0x08,
    0xE2, 0x5F, 0x6B, 0x6B, 0xB9, 0x62, 0x36, 0xB7, 0x72, 0xE5, 0xD1, 0xE9, 0x7D, 0x25, 0xBA, 0xEC,
    0x6B, 0x23, 0xDA, 0xC4, 0x9F, 0xB8, 0x58, 0xFF, 0x2D, 0x04, 0xC4, 0xDF, 0x13, 0x91, 0x07, 0xC2,
    0xF9, 0x23, 0x5E, 0xA0, 0x2F, 0x88, 0x14, 0x04, 0x91, 0x82, 0x42, 0x40, 0xCF, 0x1C, 0x02, 0xEA,
    0x43, 0x08, 0x88, 0x80, 0x80, 0xFA, 0x18, 0x12, 0xF4, 0x19, 0x12, 0x54, 0x04, 0x54, 0x04, 0x04,
    0xA9, 0xE9, 0x6F, 0xFC, 0xCF, 0x00, 0x25, 0xD8, 0x00,
};

static const EpdGlyph notoserif_18_boldGlyphs[] = {
    { 0, 0, 0, 0, 0, 0, 0 }, // U+0000
    { 0, 0, 156, 0, 0, 0, 0 }, // U+000D
    { 0, 0, 156, 0, 0, 0, 0 }, // U+0020
    { 7, 27, 229, 3, 27, 48, 0 }, // !
    { 15, 11, 305, 2, 27, 42, 48 }, // "
    { 19, 27, 339, 1, 27, 129, 90 }, // #
    { 17, 32, 339, 2, 29, 136, 219 }, // $
    { 31, 27, 544, 1, 27, 210, 355 }, // %
    { 28, 27, 481, 2, 27, 189, 565 }, // &
    { 7, 11, 174, 2, 27, 20, 754 }, // '
    { 12, 36, 241, 2, 30, 108, 774 }, // (
    { 12, 36, 241, 1, 30, 108, 882 }, // )
    { 17, 15, 301, 1, 29, 64, 990 }, // *
    { 17, 17, 339, 2, 22, 73, 1054 }, // +
    { 7, 12, 176, 1, 6, 21, 1127 }, // ,
    { 10, 4, 186, 1, 12, 10, 1148 }, // -
    { 6, 6, 176, 2, 6, 9, 1158 }, // .
    { 11, 34, 173, 0, 29, 94, 1167 }, // /
    { 18, 29, 349, 2, 28, 131, 1261 }, // 0
    { 19, 27, 304, 0, 27, 129, 1392 }, // 1
    { 19, 28, 319, 1, 28, 133, 1521 }, // 2
    { 18, 29, 323, 1, 28, 131, 1654 }, // 3
    { 20, 27, 334, 0, 27, 135, 1785 }, // 4
    { 18, 28, 318, 1, 27, 126, 1920 }, // 5
    { 19, 29, 336, 1, 28, 138, 2046 }, // 6
    { 19, 27, 325, 1, 27, 129, 2184 }, // 7
    { 20, 29, 347, 1, 28, 145, 2313 }, // 8
    { 19, 28, 336, 1, 27, 133, 2458 }, // 9
    { 6, 22, 182, 3, 22, 33, 2591 }, // :
    { 7, 28, 182, 2, 22, 49, 2624 }, // ;
    { 17, 21, 339, 2, 24, 90, 2673 }, // <
    { 17, 11, 339, 2, 19, 47, 2763 }, // =
    { 17, 21, 339, 2, 24, 90, 2810 }, // >
    { 17, 27, 330, 1, 27, 115, 2900 }, // ?
    { 31, 32, 553, 2, 27, 248, 3015 }, // @
    { 28, 27, 452, 1, 27, 189, 3263 }, // A
    { 23, 27, 403, 1, 27, 156, 3452 }, // B
    { 22, 27, 401, 2, 27, 149, 3608 }, // C
    { 26, 27, 460, 1, 27, 176, 3757 }, // D
    { 23, 27, 392, 1, 27, 156, 3933 }, // E
    { 21, 27, 373, 1, 27, 142, 4089 }, // F
    { 26, 27, 462, 2, 27, 176, 4231 }, // G
    { 29, 27, 491, 1, 27, 196, 4407 }, // H
    { 13, 27, 241, 1, 27, 88, 4603 }, // I
    { 15, 36, 238, -1, 27, 135, 4691 }, // J
    { 27, 27, 440, 1, 27, 183, 4826 }, // K
    { 22, 27, 392, 1, 27, 149, 5009 }, // L
    { 34, 27, 571, 1, 27, 230, 5158 }, // M
    { 28, 27, 473, 1, 27, 189, 5388 }, // N
    { 25, 27, 472, 2, 27, 169, 5577 }, // O
    { 22, 27, 383, 1, 27, 149, 5746 }, // P
    { 25, 36, 472, 2, 27, 225, 5895 }, // Q
    { 27, 27, 427, 1, 27, 183, 6120 }, // R
    { 19, 27, 347, 1, 27, 129, 6303 }, // S
    { 24, 27, 392, 1, 27, 162, 6432 }, // T
    { 27, 27, 448, 1, 27, 183, 6594 }, // U
    { 26, 27, 419, 0, 27, 176, 6777 }, // V
    { 40, 27, 640, 0, 27, 270, 6953 }, // W
    { 27, 27, 440, 1, 27, 183, 7223 }, // X
    { 26, 27, 416, 0, 27, 176, 7406 }, // Y
    { 22, 27, 400, 2, 27, 149, 7582 }, // Z
    { 11, 35, 249, 4, 29, 97, 7731 }, // [
    { 11, 34, 173, 0, 29, 94, 7828 }, // <backslash>
    { 11, 35, 249, 1, 29, 97, 7922 }, // ]
    { 19, 18, 335, 1, 28, 86, 8019 }, // ^
    { 18, 3, 275, 0, -2, 14, 8105 }, // _
    { 11, 6, 200, 1, 29, 17, 8119 }, // `
    { 20, 22, 360, 2, 22, 110, 8136 }, // a
    { 22, 29, 389, 1, 29, 160, 8246 }, // b
    { 17, 22, 316, 2, 22, 94, 8406 }, // c
    { 23, 29, 389, 2, 29, 167, 8500 }, // d
    { 18, 22, 343, 2, 22, 99, 8667 }, // e
    { 17, 29, 244, 1, 29, 124, 8766 }, // f
    { 21, 31, 336, 1, 22, 163, 8890 }, // g
    { 23, 29, 400, 1, 29, 167, 9053 }, // h
    { 12, 29, 211, 1, 29, 87, 9220 }, // i
    { 10, 38, 207, -1, 29, 95, 9307 }, // j
    { 23, 29, 382, 1, 29, 167, 9402 }, // k
    { 12, 29, 211, 1, 29, 87, 9569 }, // l
    { 36, 22, 592, 1, 22, 198, 9656 }, // m
    { 24, 22, 400, 1, 22, 132, 9854 }, // n
    { 20, 22, 368, 2, 22, 110, 9986 }, // o
    { 22, 31, 387, 1, 22, 171, 10096 }, // p
    { 22, 31, 389, 2, 22, 171, 10267 }, // q
    { 19, 22, 314, 1, 22, 105, 10438 }, // r
    { 15, 22, 289, 1, 22, 83, 10543 }, // s
    { 14, 26, 243, 1, 26, 91, 10626 }, // t
    { 24, 21, 400, 1, 21, 126, 10717 }, // u
    { 22, 21, 364, 1, 21, 116, 10843 }, // v
    { 33, 21, 514, -1, 21, 174, 10959 }, // w
    { 24, 21, 388, 0, 21, 126, 11133 }, // x
    { 23, 30, 347, -1, 21, 173, 11259 }, // y
    { 18, 21, 317, 1, 21, 95, 11432 }, // z
    { 15, 35, 265, 1, 29, 132, 11527 }, // {
    { 3, 38, 339, 9, 29, 29, 11659 }, // |
    { 14, 35, 265, 1, 29, 123, 11688 }, // }
    { 18, 7, 339, 2, 17, 32, 11811 }, // ~
    { 0, 0, 156, 0, 0, 0, 0 }, // U+00A0
    { 8, 28, 229, 3, 21, 56, 0 }, // U+00A1
    { 18, 27, 339, 2, 27, 122, 56 }, // U+00A2
    { 19, 28, 335, 1, 27, 133, 178 }, // U+00A3
    { 17, 18, 339, 2, 23, 77, 311 }, // U+00A4
    { 21, 27, 339, 0, 27, 142, 388 }, // U+00A5
    { 3, 38, 339, 9, 29, 29, 530 }, // U+00A6
    { 17, 34, 326, 2, 29, 145, 559 }, // U+00A7
    { 13, 5, 346, 5, 29, 17, 704 }, // U+00A8
    { 28, 28, 507, 2, 28, 196, 721 }, // U+00A9
    { 14, 13, 252, 1, 27, 46, 917 }, // U+00AA
    { 16, 15, 332, 2, 18, 60, 963 }, // U+00AB
    { 17, 11, 339, 2, 16, 47, 1023 }, // U+00AC
    { 10, 4, 186, 1, 12, 10, 1070 }, // U+00AD
    { 28, 28, 507, 2, 28, 196, 1080 }, // U+00AE
    { 18, 3, 275, 0, 32, 14, 1276 }, // U+00AF
    { 12, 12, 240, 1, 28, 36, 1290 }, // U+00B0
    { 17, 22, 339, 2, 22, 94, 1326 }, // U+00B1
    { 12, 17, 240, 1, 31, 51, 1420 }, // U+00B2
    { 12, 17, 240, 1, 31, 51, 1471 }, // U+00B3
    { 11, 6, 200, 1, 29, 17, 1522 }, // U+00B4
    { 21, 30, 399, 3, 21, 158, 1539 }, // U+00B5
    { 21, 34, 376, 1, 29, 179, 1697 }, // U+00B6
    { 6, 6, 176, 2, 17, 9, 1876 }, // U+00B7
    { 9, 9, 200, 2, 0, 21, 1885 }, // U+00B8
    { 12, 16, 240, 1, 30, 48, 1906 }, // U+00B9
    { 14, 13, 262, 1, 27, 46, 1954 }, // U+00BA
    { 17, 15, 332, 2, 18, 64, 2000 }, // U+00BB
    { 31, 28, 504, 0, 28, 217, 2064 }, // U+00BC
    { 31, 27, 504, 0, 27, 210, 2281 }, // U+00BD
    { 30, 28, 504, 1, 28, 210, 2491 }, // U+00BE
    { 17, 28, 330, 2, 21, 119, 2701 }, // U+00BF
    { 28, 36, 452, 1, 36, 252, 2820 }, // U+00C0
    { 28, 36, 452, 1, 36, 252, 3072 }, // U+00C1
    { 28, 36, 452, 1, 36, 252, 3324 }, // U+00C2
    { 28, 36, 452, 1, 36, 252, 3576 }, // U+00C3
    { 28, 35, 452, 1, 35, 245, 3828 }, // U+00C4
    { 28, 34, 452, 1, 34, 238, 4073 }, // U+00C5
    { 36, 27, 596, 0, 27, 243, 4311 }, // U+00C6
    { 22, 36, 401, 2, 27, 198, 4554 }, // U+00C7
    { 23, 36, 392, 1, 36, 207, 4752 }, // U+00C8
    { 23, 36, 392, 1, 36, 207, 4959 }, // U+00C9
    { 23, 36, 392, 1, 36, 207, 5166 }, // U+00CA
    { 23, 35, 392, 1, 35, 202, 5373 }, // U+00CB
    { 14, 36, 241, 0, 36, 126, 5575 }, // U+00CC
    { 14, 36, 241, 1, 36, 126, 5701 }, // U+00CD
    { 15, 36, 241, 0, 36, 135, 5827 }, // U+00CE
    { 13, 35, 241, 1, 35, 114, 5962 }, // U+00CF
    { 26, 27, 460, 1, 27, 176, 6076 }, // U+00D0
    { 28, 36, 473, 1, 36, 252, 6252 }, // U+00D1
    { 25, 36, 472, 2, 36, 225, 6504 }, // U+00D2
    { 25, 36, 472, 2, 36, 225, 6729 }, // U+00D3
    { 25, 36, 472, 2, 36, 225, 6954 }, // U+00D4
    { 25, 36, 472, 2, 36, 225, 7179 }, // U+00D5
    { 25, 35, 472, 2, 35, 219, 7404 }, // U+00D6
    { 17, 17, 339, 2, 22, 73, 7623 }, // U+00D7
    { 25, 30, 472, 2, 29, 188, 7696 }, // U+00D8
    { 27, 36, 448, 1, 36, 243, 7884 }, // U+00D9
    { 27, 36, 448, 1, 36, 243, 8127 }, // U+00DA
    { 27, 36, 448, 1, 36, 243, 8370 }, // U+00DB
    { 27, 35, 448, 1, 35, 237, 8613 }, // U+00DC
    { 26, 36, 416, 0, 36, 234, 8850 }, // U+00DD
    { 22, 27, 383, 1, 27, 149, 9084 }, // U+00DE
    { 25, 29, 424, 0, 29, 182, 9233 }, // U+00DF
    { 20, 29, 360, 2, 29, 145, 9415 }, // U+00E0
    { 20, 29, 360, 2, 29, 145, 9560 }, // U+00E1
    { 20, 29, 360, 2, 29, 145, 9705 }, // U+00E2
    { 20, 30, 360, 2, 30, 150, 9850 }, // U+00E3
    { 20, 29, 360, 2, 29, 145, 10000 }, // U+00E4
    { 20, 32, 360, 2, 32, 160, 10145 }, // U+00E5
    { 30, 22, 525, 2, 22, 165, 10305 }, // U+00E6
    { 17, 31, 316, 2, 22, 132, 10470 }, // U+00E7
    { 18, 29, 343, 2, 29, 131, 10602 }, // U+00E8
    { 18, 29, 343, 2, 29, 131, 10733 }, // U+00E9
    { 18, 29, 343, 2, 29, 131, 10864 }, // U+00EA
    { 18, 29, 343, 2, 29, 131, 10995 }, // U+00EB
    { 13, 29, 211, 0, 29, 95, 11126 }, // U+00EC
    { 13, 29, 211, 1, 29, 95, 11221 }, // U+00ED
    { 15, 29, 211, -1, 29, 109, 11316 }, // U+00EE
    { 13, 29, 211, 0, 29, 95, 11425 }, // U+00EF
    { 20, 30, 368, 2, 30, 150, 11520 }, // U+00F0
    { 24, 30, 400, 1, 30, 180, 11670 }, // U+00F1
    { 20, 29, 368, 2, 29, 145, 11850 }, // U+00F2
    { 20, 29, 368, 2, 29, 145, 11995 }, // U+00F3
    { 20, 29, 368, 2, 29, 145, 12140 }, // U+00F4
    { 20, 30, 368, 2, 30, 150, 12285 }, // U+00F5
    { 20, 29, 368, 2, 29, 145, 12435 }, // U+00F6
    { 17, 20, 339, 2, 24, 85, 12580 }, // U+00F7
    { 20, 24, 368, 2, 23, 120, 12665 }, // U+00F8
    { 24, 29, 400, 1, 29, 174, 12785 }, // U+00F9
    { 24, 29, 400, 1, 29, 174, 12959 }, // U+00FA
    { 24, 29, 400, 1, 29, 174, 13133 }, // U+00FB
    { 24, 29, 400, 1, 29, 174, 13307 }, // U+00FC
    { 23, 38, 347, -1, 29, 219, 13481 }, // U+00FD
    { 22, 38, 387, 1, 29, 209, 13700 }, // U+00FE
    { 23, 38, 347, 0, 29, 219, 13909 }, // U+00FF
    { 28, 32, 452, 1, 32, 224, 0 }, // U+0100
    { 20, 27, 360, 2, 27, 135, 224 }, // U+0101
    { 28, 36, 452, 1, 36, 252, 359 }, // U+0102
    { 20, 29, 360, 2, 29, 145, 611 }, // U+0103
    { 28, 36, 452, 1, 27, 252, 756 }, // U+0104
    { 20, 31, 360, 2, 22, 155, 1008 }, // U+0105
    { 22, 36, 401, 2, 36, 198, 1163 }, // U+0106
    { 17, 29, 316, 2, 29, 124, 1361 }, // U+0107
    { 22, 36, 401, 2, 36, 198, 1485 }, // U+0108
    { 17, 29, 316, 2, 29, 124, 1683 }, // U+0109
    { 22, 36, 401, 2, 36, 198, 1807 }, // U+010A
    { 17, 29, 316, 2, 29, 124, 2005 }, // U+010B
    { 22, 36, 401, 2, 36, 198, 2129 }, // U+010C
    { 17, 29, 316, 2, 29, 124, 2327 }, // U+010D
    { 26, 36, 460, 1, 36, 234, 2451 }, // U+010E
    { 27, 29, 389, 2, 29, 196, 2685 }, // U+010F
    { 26, 27, 460, 1, 27, 176, 2881 }, // U+0110
    { 22, 29, 389, 2, 29, 160, 3057 }, // U+0111
    { 23, 32, 392, 1, 32, 184, 3217 }, // U+0112
    { 18, 27, 343, 2, 27, 122, 3401 }, // U+0113
    { 23, 36, 392, 1, 36, 207, 3523 }, // U+0114
    { 18, 29, 343, 2, 29, 131, 3730 }, // U+0115
    { 23, 35, 392, 1, 35, 202, 3861 }, // U+0116
    { 18, 29, 343, 2, 29, 131, 4063 }, // U+0117
    { 23, 36, 392, 1, 27, 207, 4194 }, // U+0118
    { 18, 31, 343, 2, 22, 140, 4401 }, // U+0119
    { 23, 36, 392, 1, 36, 207, 4541 }, // U+011A
    { 18, 29, 343, 2, 29, 131, 4748 }, // U+011B
    { 26, 36, 462, 2, 36, 234, 4879 }, // U+011C
    { 21, 38, 336, 1, 29, 200, 5113 }, // U+011D
    { 26, 36, 462, 2, 36, 234, 5313 }, // U+011E
    { 21, 38, 336, 1, 29, 200, 5547 }, // U+011F
    { 26, 36, 462, 2, 36, 234, 5747 }, // U+0120
    { 21, 38, 336, 1, 29, 200, 5981 }, // U+0121
    { 26, 36, 462, 2, 27, 234, 6181 }, // U+0122
    { 21, 38, 336, 1, 29, 200, 6415 }, // U+0123
    { 29, 36, 491, 1, 36, 261, 6615 }, // U+0124
    { 23, 37, 400, 1, 37, 213, 6876 }, // U+0125
    { 29, 27, 491, 1, 27, 196, 7089 }, // U+0126
    { 24, 29, 400, 1, 29, 174, 7285 }, // U+0127
    { 15, 36, 241, 1, 36, 135, 7459 }, // U+0128
    { 15, 30, 211, -1, 30, 113, 7594 }, // U+0129
    { 13, 32, 241, 1, 32, 104, 7707 }, // U+012A
    { 12, 26, 211, 1, 26, 78, 7811 }, // U+012B
    { 13, 36, 241, 1, 36, 117, 7889 }, // U+012C
    { 12, 29, 211, 1, 29, 87, 8006 }, // U+012D
    { 13, 36, 241, 1, 27, 117, 8093 }, // U+012E
    { 12, 38, 211, 1, 29, 114, 8210 }, // U+012F
    { 13, 36, 241, 1, 36, 117, 8324 }, // U+0130
    { 12, 21, 211, 1, 21, 63, 8441 }, // U+0131
    { 28, 36, 479, 1, 27, 252, 8504 }, // U+0132
    { 22, 38, 419, 1, 29, 209, 8756 }, // U+0133
    { 16, 45, 238, -1, 36, 180, 8965 }, // U+0134
    { 14, 38, 207, -1, 29, 133, 9145 }, // U+0135
    { 27, 36, 440, 1, 27, 243, 9278 }, // U+0136
    { 23, 38, 382, 1, 29, 219, 9521 }, // U+0137
    { 23, 21, 382, 1, 21, 121, 9740 }, // U+0138
    { 22, 36, 392, 1, 36, 198, 9861 }, // U+0139
    { 14, 37, 211, 1, 37, 130, 10059 }, // U+013A
    { 22, 36, 392, 1, 27, 198, 10189 }, // U+013B
    { 12, 38, 211, 1, 29, 114, 10387 }, // U+013C
    { 22, 27, 392, 1, 27, 149, 10501 }, // U+013D
    { 17, 29, 211, 1, 29, 124, 10650 }, // U+013E
    { 22, 27, 392, 1, 27, 149, 10774 }, // U+013F
    { 18, 29, 281, 1, 29, 131, 10923 }, // U+0140
    { 22, 27, 392, 1, 27, 149, 11054 }, // U+0141
    { 12, 29, 211, 1, 29, 87, 11203 }, // U+0142
    { 28, 36, 473, 1, 36, 252, 11290 }, // U+0143
    { 24, 29, 400, 1, 29, 174, 11542 }, // U+0144
    { 28, 36, 473, 1, 27, 252, 11716 }, // U+0145
    { 24, 31, 400, 1, 22, 186, 11968 }, // U+0146
    { 28, 36, 473, 1, 36, 252, 12154 }, // U+0147
    { 24, 29, 400, 1, 29, 174, 12406 }, // U+0148
    { 31, 27, 513, 0, 27, 210, 12580 }, // U+0149
    { 28, 36, 473, 1, 27, 252, 12790 }, // U+014A
    { 21, 31, 400, 1, 22, 163, 13042 }, // U+014B
    { 25, 33, 472, 2, 33, 207, 13205 }, // U+014C
    { 20, 27, 368, 2, 27, 135, 13412 }, // U+014D
    { 25, 36, 472, 2, 36, 225, 13547 }, // U+014E
    { 20, 29, 368, 2, 29, 145, 13772 }, // U+014F
    { 25, 36, 472, 2, 36, 225, 13917 }, // U+0150
    { 20, 29, 368, 2, 29, 145, 14142 }, // U+0151
    { 35, 27, 611, 2, 27, 237, 14287 }, // U+0152
    { 32, 22, 562, 2, 22, 176, 14524 }, // U+0153
    { 27, 36, 427, 1, 36, 243, 14700 }, // U+0154
    { 19, 29, 314, 1, 29, 138, 14943 }, // U+0155
    { 27, 36, 427, 1, 27, 243, 15081 }, // U+0156
    { 19, 31, 314, 1, 22, 148, 15324 }, // U+0157
    { 27, 36, 427, 1, 36, 243, 15472 }, // U+0158
    { 19, 29, 314, 1, 29, 138, 15715 }, // U+0159
    { 19, 36, 347, 1, 36, 171, 15853 }, // U+015A
    { 15, 29, 289, 1, 29, 109, 16024 }, // U+015B
    { 19, 36, 347, 1, 36, 171, 16133 }, // U+015C
    { 15, 29, 289, 1, 29, 109, 16304 }, // U+015D
    { 19, 36, 347, 1, 27, 171, 16413 }, // U+015E
    { 15, 31, 289, 1, 22, 117, 16584 }, // U+015F
    { 19, 36, 347, 1, 36, 171, 16701 }, // U+0160
    { 15, 29, 289, 1, 29, 109, 16872 }, // U+0161
    { 24, 36, 392, 1, 27, 216, 16981 }, // U+0162
    { 14, 35, 243, 1, 26, 123, 17197 }, // U+0163
    { 24, 36, 392, 1, 36, 216, 17320 }, // U+0164
    { 17, 29, 243, 1, 29, 124, 17536 }, // U+0165
    { 24, 27, 392, 0, 27, 162, 17660 }, // U+0166
    { 14, 26, 243, 1, 26, 91, 17822 }, // U+0167
    { 27, 36, 448, 1, 36, 243, 17913 }, // U+0168
    { 24, 30, 400, 1, 30, 180, 18156 }, // U+0169
    { 27, 33, 448, 1, 33, 223, 18336 }, // U+016A
    { 24, 27, 400, 1, 27, 162, 18559 }, // U+016B
    { 27, 36, 448, 1, 36, 243, 18721 }, // U+016C
    { 24, 29, 400, 1, 29, 174, 18964 }, // U+016D
    { 27, 38, 448, 1, 38, 257, 19138 }, // U+016E
    { 24, 32, 400, 1, 32, 192, 19395 }, // U+016F
    { 27, 36, 448, 1, 36, 243, 19587 }, // U+0170
    { 24, 29, 400, 1, 29, 174, 19830 }, // U+0171
    { 27, 36, 454, 1, 27, 243, 20004 }, // U+0172
    { 24, 30, 400, 1, 21, 180, 20247 }, // U+0173
    { 40, 36, 640, 0, 36, 360, 20427 }, // U+0174
    { 33, 29, 514, -1, 29, 240, 20787 }, // U+0175
    { 26, 36, 416, 0, 36, 234, 21027 }, // U+0176
    { 23, 38, 347, -1, 29, 219, 21261 }, // U+0177
    { 26, 35, 416, 0, 35, 228, 21480 }, // U+0178
    { 22, 36, 400, 2, 36, 198, 21708 }, // U+0179
    { 18, 29, 317, 1, 29, 131, 21906 }, // U+017A
    { 22, 36, 400, 2, 36, 198, 22037 }, // U+017B
    { 18, 29, 317, 1, 29, 131, 22235 }, // U+017C
    { 22, 36, 400, 2, 36, 198, 22366 }, // U+017D
    { 18, 29, 317, 1, 29, 131, 22564 }, // U+017E
    { 17, 29, 235, 1, 29, 124, 22695 }, // U+017F
    { 30, 29, 506, 2, 29, 218, 0 }, // U+01A0
    { 23, 25, 402, 2, 25, 144, 218 }, // U+01A1
    { 31, 29, 512, 1, 29, 225, 362 }, // U+01AF
    { 29, 25, 467, 1, 25, 182, 587 }, // U+01B0
    { 52, 36, 860, 1, 36, 468, 769 }, // U+01C4
    { 47, 29, 778, 1, 29, 341, 1237 }, // U+01C5
    { 41, 29, 707, 2, 29, 298, 1578 }, // U+01C6
    { 38, 36, 613, 1, 27, 342, 1876 }, // U+01C7
    { 33, 38, 600, 1, 29, 314, 2218 }, // U+01C8
    { 22, 38, 419, 1, 29, 209, 2532 }, // U+01C9
    { 43, 36, 694, 1, 27, 387, 2741 }, // U+01CA
    { 38, 38, 680, 1, 29, 361, 3128 }, // U+01CB
    { 34, 38, 607, 1, 29, 323, 3489 }, // U+01CC
    { 28, 36, 452, 1, 36, 252, 3812 }, // U+01CD
    { 20, 29, 360, 2, 29, 145, 4064 }, // U+01CE
    { 15, 36, 241, 0, 36, 135, 4209 }, // U+01CF
    { 14, 29, 211, -1, 29, 102, 4344 }, // U+01D0
    { 25, 36, 472, 2, 36, 225, 4446 }, // U+01D1
    { 20, 29, 368, 2, 29, 145, 4671 }, // U+01D2
    { 27, 36, 448, 1, 36, 243, 4816 }, // U+01D3
    { 24, 29, 400, 1, 29, 174, 5059 }, // U+01D4
    { 27, 39, 448, 1, 39, 264, 5233 }, // U+01D5
    { 24, 33, 400, 1, 33, 198, 5497 }, // U+01D6
    { 27, 41, 448, 1, 41, 277, 5695 }, // U+01D7
    { 24, 35, 400, 1, 35, 210, 5972 }, // U+01D8
    { 27, 41, 448, 1, 41, 277, 6182 }, // U+01D9
    { 24, 35, 400, 1, 35, 210, 6459 }, // U+01DA
    { 27, 41, 448, 1, 41, 277, 6669 }, // U+01DB
    { 24, 35, 400, 1, 35, 210, 6946 }, // U+01DC
    { 18, 22, 343, 2, 22, 99, 7156 }, // U+01DD
    { 28, 39, 452, 1, 39, 273, 7255 }, // U+01DE
    { 20, 33, 360, 2, 33, 165, 7528 }, // U+01DF
    { 28, 39, 452, 1, 39, 273, 7693 }, // U+01E0
    { 20, 34, 360, 2, 34, 170, 7966 }, // U+01E1
    { 36, 32, 596, 0, 32, 288, 8136 }, // U+01E2
    { 30, 27, 525, 2, 27, 203, 8424 }, // U+01E3
    { 25, 27, 462, 2, 27, 169, 8627 }, // U+01E4
    { 21, 32, 336, 1, 23, 168, 8796 }, // U+01E5
    { 26, 36, 462, 2, 36, 234, 8964 }, // U+01E6
    { 21, 38, 336, 1, 29, 200, 9198 }, // U+01E7
    { 27, 36, 440, 1, 36, 243, 9398 }, // U+01E8
    { 23, 37, 382, 1, 37, 213, 9641 }, // U+01E9
    { 25, 36, 472, 2, 27, 225, 9854 }, // U+01EA
    { 20, 31, 368, 2, 22, 155, 10079 }, // U+01EB
    { 25, 42, 472, 2, 33, 263, 10234 }, // U+01EC
    { 20, 36, 368, 2, 27, 180, 10497 }, // U+01ED
    { 21, 36, 370, 1, 36, 189, 10677 }, // U+01EE
    { 19, 38, 335, 0, 29, 181, 10866 }, // U+01EF
    { 14, 38, 207, -1, 29, 133, 11047 }, // U+01F0
    { 52, 27, 860, 1, 27, 351, 11180 }, // U+01F1
    { 47, 27, 778, 1, 27, 318, 11531 }, // U+01F2
    { 41, 29, 707, 2, 29, 298, 11849 }, // U+01F3
    { 26, 36, 462, 2, 36, 234, 12147 }, // U+01F4
    { 21, 38, 336, 1, 29, 200, 12381 }, // U+01F5
    { 41, 27, 686, 1, 27, 277, 12581 }, // U+01F6
    { 25, 36, 438, 1, 27, 225, 12858 }, // U+01F7
    { 28, 36, 473, 1, 36, 252, 13083 }, // U+01F8
    { 24, 29, 400, 1, 29, 174, 13335 }, // U+01F9
    { 28, 37, 452, 1, 37, 259, 13509 }, // U+01FA
    { 20, 37, 360, 2, 37, 185, 13768 }, // U+01FB
    { 36, 36, 596, 0, 36, 324, 13953 }, // U+01FC
    { 30, 29, 525, 2, 29, 218, 14277 }, // U+01FD
    { 25, 37, 472, 2, 36, 232, 14495 }, // U+01FE
    { 20, 30, 368, 2, 29, 150, 14727 }, // U+01FF
    { 28, 36, 452, 1, 36, 252, 14877 }, // U+0200
    { 20, 29, 360, 2, 29, 145, 15129 }, // U+0201
    { 28, 35, 452, 1, 35, 245, 15274 }, // U+0202
    { 20, 29, 360, 2, 29, 145, 15519 }, // U+0203
    { 23, 36, 392, 1, 36, 207, 15664 }, // U+0204
    { 19, 29, 343, 1, 29, 138, 15871 }, // U+0205
    { 23, 35, 392, 1, 35, 202, 16009 }, // U+0206
    { 18, 29, 343, 2, 29, 131, 16211 }, // U+0207
    { 17, 36, 241, -3, 36, 153, 16342 }, // U+0208
    { 17, 29, 211, -4, 29, 124, 16495 }, // U+0209
    { 13, 35, 241, 1, 35, 114, 16619 }, // U+020A
    { 12, 29, 211, 1, 29, 87, 16733 }, // U+020B
    { 25, 36, 472, 2, 36, 225, 16820 }, // U+020C
    { 20, 29, 368, 2, 29, 145, 17045 }, // U+020D
    { 25, 36, 472, 2, 36, 225, 17190 }, // U+020E
    { 20, 29, 368, 2, 29, 145, 17415 }, // U+020F
    { 27, 36, 425, 1, 36, 243, 17560 }, // U+0210
    { 19, 29, 314, 1, 29, 138, 17803 }, // U+0211
    { 27, 35, 425, 1, 35, 237, 17941 }, // U+0212
    { 19, 29, 314, 1, 29, 138, 18178 }, // U+0213
    { 27, 36, 448, 1, 36, 243, 18316 }, // U+0214
    { 24, 29, 400, 1, 29, 174, 18559 }, // U+0215
    { 27, 36, 448, 1, 36, 243, 18733 }, // U+0216
    { 24, 29, 400, 1, 29, 174, 18976 }, // U+0217
    { 19, 36, 347, 1, 27, 171, 19150 }, // U+0218
    { 15, 31, 289, 1, 22, 117, 19321 }, // U+0219
    { 24, 36, 392, 1, 27, 216, 19438 }, // U+021A
    { 14, 34, 243, 1, 25, 119, 19654 }, // U+021B
    { 20, 34, 370, 2, 27, 170, 19773 }, // U+021C
    { 17, 32, 324, 2, 22, 136, 19943 }, // U+021D
    { 29, 36, 491, 1, 36, 261, 20079 }, // U+021E
    { 23, 37, 400, 1, 37, 213, 20340 }, // U+021F
    { 11, 6, 0, -18, 29, 17, 0 }, // U+0300
    { 11, 6, 0, -13, 29, 17, 17 }, // U+0301
    { 14, 6, 0, -18, 29, 21, 34 }, // U+0302
    { 15, 6, 0, -19, 29, 23, 55 }, // U+0303
    { 11, 3, 0, -5, 26, 9, 78 }, // U+0304
    { 18, 3, 0, -9, 32, 14, 87 }, // U+0305
    { 12, 6, 0, -6, 29, 18, 101 }, // U+0306
    { 6, 6, 0, -3, 30, 9, 119 }, // U+0307
    { 13, 5, 0, -6, 29, 17, 128 }, // U+0308
    { 9, 10, 0, -16, 32, 23, 145 }, // U+0309
    { 9, 9, 0, -4, 32, 21, 168 }, // U+030A
    { 15, 6, 0, -7, 29, 23, 189 }, // U+030B
    { 14, 6, 0, -19, 29, 21, 212 }, // U+030C
    { 3, 7, 0, -1, 29, 6, 233 }, // U+030D
    { 9, 7, 0, -4, 29, 16, 239 }, // U+030E
    { 16, 6, 0, -21, 29, 24, 255 }, // U+030F
    { 12, 10, 0, -6, 33, 30, 279 }, // U+0310
    { 12, 6, 0, -6, 29, 18, 309 }, // U+0311
    { 7, 12, 0, -3, 28, 21, 327 }, // U+0312
    { 7, 12, 0, -4, 27, 21, 348 }, // U+0313
    { 7, 12, 0, -3, 27, 21, 369 }, // U+0314
    { 7, 12, 0, -4, 27, 21, 390 }, // U+0315
    { 10, 6, 0, -5, -3, 15, 411 }, // U+0316
    { 10, 6, 0, -5, -3, 15, 426 }, // U+0317
    { 6, 7, 0, -3, -1, 11, 441 }, // U+0318
    { 6, 7, 0, -3, -1, 11, 452 }, // U+0319
    { 10, 10, 222, 1, 29, 25, 463 }, // U+031A
    { 7, 9, 0, -4, 29, 16, 488 }, // U+031B
    { 5, 9, 0, -2, 0, 12, 504 }, // U+031C
    { 7, 6, 0, -3, -2, 11, 516 }, // U+031D
    { 7, 7, 0, -3, -1, 13, 527 }, // U+031E
    { 7, 7, 0, -3, -2, 13, 540 }, // U+031F
    { 8, 3, 0, -4, -3, 6, 553 }, // U+0320
    { 8, 9, 0, -4, 1, 18, 559 }, // U+0321
    { 8, 9, 0, -4, 1, 18, 577 }, // U+0322
    { 6, 6, 0, -14, -2, 9, 595 }, // U+0323
    { 13, 5, 0, -6, -2, 17, 604 }, // U+0324
    { 9, 9, 0, -4, 0, 21, 621 }, // U+0325
    { 6, 6, 0, -3, -2, 9, 642 }, // U+0326
    { 9, 9, 0, -4, 0, 21, 651 }, // U+0327
    { 9, 9, 0, -4, 0, 21, 672 }, // U+0328
    { 3, 7, 0, -1, -1, 6, 693 }, // U+0329
    { 14, 7, 0, -7, -2, 25, 699 }, // U+032A
    { 12, 5, 0, -6, -2, 15, 724 }, // U+032B
    { 14, 6, 0, -7, -2, 21, 739 }, // U+032C
    { 14, 6, 0, -7, -2, 21, 760 }, // U+032D
    { 12, 6, 0, -6, -2, 18, 781 }, // U+032E
    { 12, 6, 0, -6, -3, 18, 799 }, // U+032F
    { 15, 6, 0, -7, -2, 23, 817 }, // U+0330
    { 11, 3, 0, -5, -4, 9, 840 }, // U+0331
    { 16, 3, 0, -8, -4, 12, 849 }, // U+0332
    { 16, 7, 0, -8, -1, 28, 861 }, // U+0333
    { 15, 6, 0, -7, 14, 23, 889 }, // U+0334
    { 15, 3, 0, -7, 13, 12, 912 }, // U+0335
    { 24, 3, 0, -12, 13, 18, 924 }, // U+0336
    { 16, 10, 0, -8, 16, 40, 942 }, // U+0337
    { 16, 34, 0, -8, 30, 136, 982 }, // U+0338
    { 5, 9, 0, -2, 0, 12, 1118 }, // U+0339
    { 14, 6, 0, -7, -3, 21, 1130 }, // U+033A
    { 14, 7, 0, -7, -2, 25, 1151 }, // U+033B
    { 12, 6, 0, -6, -1, 18, 1176 }, // U+033C
    { 8, 9, 0, -4, 30, 18, 1194 }, // U+033D
    { 5, 12, 0, -2, 34, 15, 1212 }, // U+033E
    { 16, 7, 0, -8, 36, 28, 1227 }, // U+033F
    { 10, 6, 0, -6, 29, 15, 1255 }, // U+0340
    { 10, 6, 0, -4, 29, 15, 1270 }, // U+0341
    { 15, 6, 0, -7, 29, 23, 1285 }, // U+0342
    { 6, 8, 0, -3, 31, 12, 1308 }, // U+0343
    { 15, 8, 0, -7, 30, 30, 1320 }, // U+0344
    { 7, 7, 0, 3, -2, 13, 1350 }, // U+0345
    { 14, 7, 0, -7, 30, 25, 1363 }, // U+0346
    { 16, 7, 0, -8, -1, 28, 1388 }, // U+0347
    { 9, 7, 0, -4, -2, 16, 1416 }, // U+0348
    { 7, 7, 0, -3, -3, 13, 1432 }, // U+0349
    { 15, 9, 0, -7, 31, 34, 1445 }, // U+034A
    { 15, 16, 0, -8, 38, 60, 1479 }, // U+034B
    { 15, 13, 0, -7, 35, 49, 1539 }, // U+034C
    { 12, 8, 0, -6, -1, 24, 1588 }, // U+034D
    { 8, 9, 0, -4, 0, 18, 1612 }, // U+034E
    { 27, 28, 0, -13, 28, 189, 1630 }, // U+034F
    { 7, 8, 0, -3, 30, 14, 1819 }, // U+0350
    { 5, 9, 0, -2, 32, 12, 1833 }, // U+0351
    { 12, 11, 0, -6, 33, 33, 1845 }, // U+0352
    { 8, 9, 0, -4, -1, 18, 1878 }, // U+0353
    { 7, 8, 0, -3, -1, 14, 1896 }, // U+0354
    { 7, 8, 0, -3, -1, 14, 1910 }, // U+0355
    { 15, 8, 0, -7, -1, 30, 1924 }, // U+0356
    { 5, 9, 0, -2, 32, 12, 1954 }, // U+0357
    { 6, 6, 0, 3, 30, 9, 1966 }, // U+0358
    { 10, 8, 0, -5, -1, 20, 1975 }, // U+0359
    { 13, 8, 0, -6, -1, 26, 1995 }, // U+035A
    { 8, 8, 0, -4, 30, 16, 2021 }, // U+035B
    { 30, 7, 0, -15, -1, 53, 2037 }, // U+035C
    { 30, 7, 0, -15, 30, 53, 2090 }, // U+035D
    { 22, 3, 0, -11, 27, 17, 2143 }, // U+035E
    { 22, 3, 0, -11, -2, 17, 2160 }, // U+035F
    { 32, 6, 0, -16, 30, 48, 2177 }, // U+0360
    { 32, 7, 0, -16, 31, 56, 2225 }, // U+0361
    { 23, 8, 0, -11, -1, 46, 2281 }, // U+0362
    { 9, 9, 0, -4, 33, 21, 2327 }, // U+0363
    { 8, 9, 0, -4, 33, 18, 2348 }, // U+0364
    { 7, 12, 0, -3, 36, 21, 2366 }, // U+0365
    { 9, 9, 0, -4, 33, 21, 2387 }, // U+0366
    { 12, 8, 0, -6, 32, 24, 2408 }, // U+0367
    { 8, 9, 0, -3, 33, 18, 2432 }, // U+0368
    { 11, 12, 0, -4, 36, 33, 2450 }, // U+0369
    { 12, 12, 0, -5, 36, 36, 2483 }, // U+036A
    { 17, 8, 0, -8, 32, 34, 2519 }, // U+036B
    { 9, 8, 0, -4, 32, 18, 2553 }, // U+036C
    { 7, 11, 0, -3, 34, 20, 2571 }, // U+036D
    { 11, 9, 0, -5, 32, 25, 2591 }, // U+036E
    { 11, 8, 0, -5, 32, 22, 2616 }, // U+036F
    { 23, 36, 392, 1, 36, 207, 0 }, // U+0400
    { 23, 35, 392, 1, 35, 202, 207 }, // U+0401
    { 29, 27, 494, 1, 27, 196, 409 }, // U+0402
    { 20, 36, 358, 1, 36, 180, 605 }, // U+0403
    { 22, 27, 395, 2, 27, 149, 785 }, // U+0404
    { 19, 27, 349, 1, 27, 129, 934 }, // U+0405
    { 12, 27, 236, 1, 27, 81, 1063 }, // U+0406
    { 12, 35, 236, 1, 35, 105, 1144 }, // U+0407
    { 15, 36, 237, -1, 27, 135, 1249 }, // U+0408
    { 35, 27, 584, 0, 27, 237, 1384 }, // U+0409
    { 36, 27, 620, 1, 27, 243, 1621 }, // U+040A
    { 32, 27, 533, 1, 27, 216, 1864 }, // U+040B
    { 26, 36, 438, 1, 36, 234, 2080 }, // U+040C
    { 28, 36, 494, 1, 36, 252, 2314 }, // U+040D
    { 26, 36, 420, 0, 36, 234, 2566 }, // U+040E
    { 28, 34, 482, 1, 27, 238, 2800 }, // U+040F
    { 28, 27, 449, 0, 27, 189, 3038 }, // U+0410
    { 22, 27, 383, 1, 27, 149, 3227 }, // U+0411
    { 24, 27, 416, 1, 27, 162, 3376 }, // U+0412
    { 20, 27, 358, 1, 27, 135, 3538 }, // U+0413
    { 27, 35, 451, 1, 27, 237, 3673 }, // U+0414
    { 23, 27, 392, 1, 27, 156, 3910 }, // U+0415
    { 40, 27, 621, 0, 27, 270, 4066 }, // U+0416
    { 21, 27, 373, 1, 27, 142, 4336 }, // U+0417
    { 28, 27, 494, 1, 27, 189, 4478 }, // U+0418
    { 28, 36, 494, 1, 36, 252, 4667 }, // U+0419
    { 26, 27, 438, 1, 27, 176, 4919 }, // U+041A
    { 27, 27, 450, 0, 27, 183, 5095 }, // U+041B
    { 34, 27, 581, 1, 27, 230, 5278 }, // U+041C
    { 28, 27, 488, 1, 27, 189, 5508 }, // U+041D
    { 25, 27, 463, 2, 27, 169, 5697 }, // U+041E
    { 28, 27, 482, 1, 27, 189, 5866 }, // U+041F
    { 22, 27, 383, 1, 27, 149, 6055 }, // U+0420
    { 22, 27, 395, 2, 27, 149, 6204 }, // U+0421
    { 24, 27, 403, 1, 27, 162, 6353 }, // U+0422
    { 26, 27, 420, 0, 27, 176, 6515 }, // U+0423
    { 32, 29, 566, 1, 28, 232, 6691 }, // U+0424
    { 27, 27, 439, 1, 27, 183, 6923 }, // U+0425
    { 28, 35, 484, 1, 27, 245, 7106 }, // U+0426
    { 28, 27, 471, 1, 27, 189, 7351 }, // U+0427
    { 41, 27, 684, 1, 27, 277, 7540 }, // U+0428
    { 41, 35, 687, 1, 27, 359, 7817 }, // U+0429
    { 26, 27, 443, 0, 27, 176, 8176 }, // U+042A
    { 34, 27, 591, 1, 27, 230, 8352 }, // U+042B
    { 22, 27, 383, 1, 27, 149, 8582 }, // U+042C
    { 22, 27, 395, 1, 27, 149, 8731 }, // U+042D
    { 38, 27, 647, 1, 27, 257, 8880 }, // U+042E
    { 25, 27, 420, 0, 27, 169, 9137 }, // U+042F
    { 20, 21, 356, 1, 21, 105, 9306 }, // U+0430
    { 20, 30, 363, 1, 30, 150, 9411 }, // U+0431
    { 21, 21, 363, 1, 21, 111, 9561 }, // U+0432
    { 18, 21, 302, 1, 21, 95, 9672 }, // U+0433
    { 22, 28, 375, 1, 21, 154, 9767 }, // U+0434
    { 19, 21, 338, 1, 21, 100, 9921 }, // U+0435
    { 34, 21, 530, 0, 21, 179, 10021 }, // U+0436
    { 17, 21, 304, 1, 21, 90, 10200 }, // U+0437
    { 24, 21, 407, 1, 21, 126, 10290 }, // U+0438
    { 24, 30, 407, 1, 30, 180, 10416 }, // U+0439
    { 23, 21, 372, 1, 21, 121, 10596 }, // U+043A
    { 22, 21, 375, 0, 21, 116, 10717 }, // U+043B
    { 30, 21, 511, 1, 21, 158, 10833 }, // U+043C
    { 24, 21, 404, 1, 21, 126, 10991 }, // U+043D
    { 20, 21, 364, 1, 21, 105, 11117 }, // U+043E
    { 24, 21, 398, 1, 21, 126, 11222 }, // U+043F
    { 22, 30, 388, 1, 21, 165, 11348 }, // U+0440
    { 18, 21, 314, 1, 21, 95, 11513 }, // U+0441
    { 20, 21, 334, 1, 21, 105, 11608 }, // U+0442
    { 23, 30, 363, -1, 21, 173, 11713 }, // U+0443
    { 28, 39, 486, 1, 30, 273, 11886 }, // U+0444
    { 24, 21, 389, 1, 21, 126, 12159 }, // U+0445
    { 24, 28, 401, 1, 21, 168, 12285 }, // U+0446
    { 23, 21, 396, 1, 21, 121, 12453 }, // U+0447
    { 35, 21, 569, 1, 21, 184, 12574 }, // U+0448
    { 35, 28, 572, 1, 21, 245, 12758 }, // U+0449
    { 24, 21, 398, 0, 21, 126, 13003 }, // U+044A
    { 31, 21, 526, 1, 21, 163, 13129 }, // U+044B
    { 20, 21, 343, 1, 21, 105, 13292 }, // U+044C
    { 17, 21, 314, 1, 21, 90, 13397 }, // U+044D
    { 30, 21, 517, 1, 21, 158, 13487 }, // U+044E
    { 22, 21, 366, 0, 21, 116, 13645 }, // U+044F
    { 19, 30, 338, 1, 30, 143, 13761 }, // U+0450
    { 19, 29, 338, 1, 29, 138, 13904 }, // U+0451
    { 21, 38, 379, 1, 29, 200, 14042 }, // U+0452
    { 18, 30, 302, 1, 30, 135, 14242 }, // U+0453
    { 18, 21, 314, 1, 21, 95, 14377 }, // U+0454
    { 15, 21, 288, 1, 21, 79, 14472 }, // U+0455
    { 12, 30, 211, 1, 30, 90, 14551 }, // U+0456
    { 12, 30, 211, 1, 30, 90, 14641 }, // U+0457
    { 10, 39, 199, -1, 30, 98, 14731 }, // U+0458
    { 30, 21, 501, 0, 21, 158, 14829 }, // U+0459
    { 32, 21, 530, 1, 21, 168, 14987 }, // U+045A
    { 24, 30, 396, 1, 30, 180, 15155 }, // U+045B
    { 23, 30, 376, 1, 30, 173, 15335 }, // U+045C
    { 24, 30, 407, 1, 30, 180, 15508 }, // U+045D
    { 23, 39, 363, -1, 30, 225, 15688 }, // U+045E
    { 24, 28, 398, 1, 21, 168, 15913 }, // U+045F
    { 38, 27, 617, -1, 27, 257, 16081 }, // U+0460
    { 32, 21, 539, 0, 21, 168, 16338 }, // U+0461
    { 26, 27, 430, 0, 27, 176, 16506 }, // U+0462
    { 21, 30, 362, 1, 30, 158, 16682 }, // U+0463
    { 36, 27, 619, 1, 27, 243, 16840 }, // U+0464
    { 30, 21, 514, 1, 21, 158, 17083 }, // U+0465
    { 29, 27, 476, 1, 27, 196, 17241 }, // U+0466
    { 25, 21, 400, 0, 21, 132, 17437 }, // U+0467
    { 43, 27, 701, 1, 27, 291, 17569 }, // U+0468
    { 35, 21, 575, 1, 21, 184, 17860 }, // U+0469
    { 35, 27, 552, 0, 27, 237, 18044 }, // U+046A
    { 30, 21, 478, 0, 21, 158, 18281 }, // U+046B
    { 48, 27, 780, 1, 27, 324, 18439 }, // U+046C
    { 41, 21, 657, 1, 21, 216, 18763 }, // U+046D
    { 20, 42, 370, 2, 33, 210, 18979 }, // U+046E
    { 17, 34, 317, 1, 25, 145, 19189 }, // U+046F
    { 35, 27, 586, 1, 27, 237, 19334 }, // U+0470
    { 24, 39, 425, 1, 30, 234, 19571 }, // U+0471
    { 25, 27, 472, 2, 27, 169, 19805 }, // U+0472
    { 20, 21, 373, 2, 21, 105, 19974 }, // U+0473
    { 28, 27, 446, 0, 27, 189, 20079 }, // U+0474
    { 24, 21, 384, 0, 21, 126, 20268 }, // U+0475
    { 28, 36, 446, 0, 36, 252, 20394 }, // U+0476
    { 24, 29, 385, 0, 29, 174, 20646 }, // U+0477
    { 47, 36, 782, 2, 27, 423, 20820 }, // U+0478
    { 41, 30, 675, 2, 21, 308, 21243 }, // U+0479
    { 27, 32, 496, 2, 30, 216, 21551 }, // U+047A
    { 21, 25, 386, 2, 23, 132, 21767 }, // U+047B
    { 38, 41, 674, 2, 41, 390, 21899 }, // U+047C
    { 33, 36, 578, 2, 36, 297, 22289 }, // U+047D
    { 37, 34, 617, 0, 34, 315, 22586 }, // U+047E
    { 32, 27, 539, 0, 27, 216, 22901 }, // U+047F
    { 22, 37, 401, 2, 27, 204, 23117 }, // U+0480
    { 17, 30, 316, 2, 21, 128, 23321 }, // U+0481
    { 20, 26, 365, 1, 25, 130, 23449 }, // U+0482
    { 14, 7, 0, -7, 29, 25, 23579 }, // U+0483
    { 15, 6, 0, -7, 30, 23, 23604 }, // U+0484
    { 5, 7, 0, -2, 30, 9, 23627 }, // U+0485
    { 5, 7, 0, -2, 30, 9, 23636 }, // U+0486
    { 16, 5, 0, -8, 34, 20, 23645 }, // U+0487
    { 47, 43, 0, -23, 32, 506, 23665 }, // U+0488
    { 44, 46, 0, -22, 34, 506, 24171 }, // U+0489
    { 30, 44, 495, 1, 36, 330, 24677 }, // U+048A
    { 25, 38, 407, 1, 30, 238, 25007 }, // U+048B
    { 22, 29, 383, 1, 29, 160, 25245 }, // U+048C
    { 21, 25, 362, 1, 25, 132, 25405 }, // U+048D
    { 22, 27, 383, 1, 27, 149, 25537 }, // U+048E
    { 22, 30, 387, 1, 21, 165, 25686 }, // U+048F
    { 19, 33, 329, 1, 33, 157, 25851 }, // U+0490
    { 16, 26, 275, 1, 26, 104, 26008 }, // U+0491
    { 21, 27, 355, 1, 27, 142, 26112 }, // U+0492
    { 18, 21, 305, 1, 21, 95, 26254 }, // U+0493
    { 25, 36, 431, 1, 27, 225, 26349 }, // U+0494
    { 21, 30, 369, 1, 21, 158, 26574 }, // U+0495
    { 40, 35, 649, 0, 27, 350, 26732 }, // U+0496
    { 36, 29, 575, 0, 21, 261, 27082 }, // U+0497
    { 21, 35, 370, 1, 27, 184, 27343 }, // U+0498
    { 17, 30, 317, 1, 21, 128, 27527 }, // U+0499
    { 27, 35, 454, 1, 27, 237, 27655 }, // U+049A
    { 24, 29, 398, 1, 21, 174, 27892 }, // U+049B
    { 28, 27, 453, 1, 27, 189, 28066 }, // U+049C
    { 25, 21, 403, 1, 21, 132, 28255 }, // U+049D
    { 26, 27, 432, 1, 27, 176, 28387 }, // U+049E
    { 23, 30, 385, 1, 30, 173, 28563 }, // U+049F
    { 31, 27, 498, 0, 27, 210, 28736 }, // U+04A0
    { 29, 21, 461, 1, 21, 153, 28946 }, // U+04A1
    { 29, 35, 491, 1, 27, 254, 29099 }, // U+04A2
    { 24, 29, 415, 1, 21, 174, 29353 }, // U+04A3
    { 34, 27, 557, 1, 27, 230, 29527 }, // U+04A4
    { 30, 21, 491, 1, 21, 158, 29757 }, // U+04A5
    { 40, 36, 676, 1, 27, 360, 29915 }, // U+04A6
    { 33, 30, 560, 1, 21, 248, 30275 }, // U+04A7
    { 29, 28, 509, 2, 27, 203, 30523 }, // U+04A8
    { 24, 22, 429, 2, 21, 132, 30726 }, // U+04A9
    { 22, 35, 401, 2, 27, 193, 30858 }, // U+04AA
    { 17, 29, 316, 2, 21, 124, 31051 }, // U+04AB
    { 24, 35, 392, 1, 27, 210, 31175 }, // U+04AC
    { 20, 29, 340, 1, 21, 145, 31385 }, // U+04AD
    { 26, 27, 416, 0, 27, 176, 31530 }, // U+04AE
    { 23, 30, 364, 0, 21, 173, 31706 }, // U+04AF
    { 26, 27, 416, 0, 27, 176, 31879 }, // U+04B0
    { 23, 30, 364, 0, 21, 173, 32055 }, // U+04B1
    { 28, 35, 452, 1, 27, 245, 32228 }, // U+04B2
    { 24, 29, 388, 1, 21, 174, 32473 }, // U+04B3
    { 36, 35, 595, 0, 27, 315, 32647 }, // U+04B4
    { 31, 29, 521, 1, 21, 225, 32962 }, // U+04B5
    { 28, 35, 468, 1, 27, 245, 33187 }, // U+04B6
    { 25, 29, 409, 1, 21, 182, 33432 }, // U+04B7
    { 28, 27, 469, 1, 27, 189, 33614 }, // U+04B8
    { 23, 21, 396, 1, 21, 121, 33803 }, // U+04B9
    { 28, 27, 468, 1, 27, 189, 33924 }, // U+04BA
    { 23, 30, 400, 1, 30, 173, 34113 }, // U+04BB
    { 30, 27, 514, 1, 27, 203, 34286 }, // U+04BC
    { 25, 21, 423, 1, 21, 132, 34489 }, // U+04BD
    { 30, 36, 514, 1, 27, 270, 34621 }, // U+04BE
    { 25, 29, 422, 1, 21, 182, 34891 }, // U+04BF
    { 13, 27, 241, 1, 27, 88, 35073 }, // U+04C0
    { 40, 36, 621, 0, 36, 360, 35161 }, // U+04C1
    { 34, 30, 530, 0, 30, 255, 35521 }, // U+04C2
    { 25, 36, 437, 1, 27, 225, 35776 }, // U+04C3
    { 23, 30, 396, 1, 21, 173, 36001 }, // U+04C4
    { 28, 35, 451, 0, 27, 245, 36174 }, // U+04C5
    { 24, 29, 375, 0, 21, 174, 36419 }, // U+04C6
    { 29, 36, 492, 1, 27, 261, 36593 }, // U+04C7
    { 25, 30, 415, 1, 21, 188, 36854 }, // U+04C8
    { 30, 35, 491, 1, 27, 263, 37042 }, // U+04C9
    { 25, 29, 404, 1, 21, 182, 37305 }, // U+04CA
    { 28, 35, 468, 1, 27, 245, 37487 }, // U+04CB
    { 24, 29, 409, 1, 21, 174, 37732 }, // U+04CC
    { 35, 35, 581, 1, 27, 307, 37906 }, // U+04CD
    { 32, 29, 511, 1, 21, 232, 38213 }, // U+04CE
    { 13, 27, 241, 1, 27, 88, 38445 }, // U+04CF
    { 28, 36, 452, 1, 36, 252, 38533 }, // U+04D0
    { 20, 30, 360, 2, 30, 150, 38785 }, // U+04D1
    { 28, 35, 452, 1, 35, 245, 38935 }, // U+04D2
    { 20, 29, 360, 2, 29, 145, 39180 }, // U+04D3
    { 36, 27, 596, 0, 27, 243, 39325 }, // U+04D4
    { 30, 21, 525, 2, 21, 158, 39568 }, // U+04D5
    { 23, 36, 392, 1, 36, 207, 39726 }, // U+04D6
    { 18, 30, 343, 2, 30, 135, 39933 }, // U+04D7
    { 23, 27, 436, 2, 27, 156, 40068 }, // U+04D8
    { 18, 21, 343, 2, 21, 95, 40224 }, // U+04D9
    { 23, 36, 436, 2, 36, 207, 40319 }, // U+04DA
    { 18, 29, 343, 2, 29, 131, 40526 }, // U+04DB
    { 40, 35, 621, 0, 35, 350, 40657 }, // U+04DC
    { 34, 29, 530, 0, 29, 247, 41007 }, // U+04DD
    { 21, 36, 376, 1, 36, 189, 41254 }, // U+04DE
    { 17, 29, 304, 1, 29, 124, 41443 }, // U+04DF
    { 21, 27, 370, 1, 27, 142, 41567 }, // U+04E0
    { 19, 30, 335, 0, 21, 143, 41709 }, // U+04E1
    { 28, 33, 494, 1, 33, 231, 41852 }, // U+04E2
    { 24, 26, 407, 1, 26, 156, 42083 }, // U+04E3
    { 28, 35, 494, 1, 35, 245, 42239 }, // U+04E4
    { 24, 29, 407, 1, 29, 174, 42484 }, // U+04E5
    { 25, 36, 472, 2, 36, 225, 42658 }, // U+04E6
    { 20, 29, 368, 2, 29, 145, 42883 }, // U+04E7
    { 25, 27, 472, 2, 27, 169, 43028 }, // U+04E8
    { 20, 21, 368, 2, 21, 105, 43197 }, // U+04E9
    { 25, 36, 472, 2, 36, 225, 43302 }, // U+04EA
    { 20, 29, 368, 2, 29, 145, 43527 }, // U+04EB
    { 22, 36, 395, 1, 36, 198, 43672 }, // U+04EC
    { 17, 29, 314, 1, 29, 124, 43870 }, // U+04ED
    { 26, 33, 420, 0, 33, 215, 43994 }, // U+04EE
    { 23, 35, 347, -1, 26, 202, 44209 }, // U+04EF
    { 26, 36, 420, 0, 36, 234, 44411 }, // U+04F0
    { 22, 38, 347, 0, 29, 209, 44645 }, // U+04F1
    { 26, 36, 420, 0, 36, 234, 44854 }, // U+04F2
    { 23, 38, 347, -1, 29, 219, 45088 }, // U+04F3
    { 28, 35, 469, 1, 35, 245, 45307 }, // U+04F4
    { 23, 29, 396, 1, 29, 167, 45552 }, // U+04F5
    { 21, 35, 355, 1, 27, 184, 45719 }, // U+04F6
    { 18, 29, 305, 1, 21, 131, 45903 }, // U+04F7
    { 34, 35, 591, 1, 35, 298, 46034 }, // U+04F8
    { 31, 29, 526, 1, 29, 225, 46332 }, // U+04F9
    { 21, 35, 355, 1, 27, 184, 46557 }, // U+04FA
    { 18, 29, 305, 1, 21, 131, 46741 }, // U+04FB
    { 27, 35, 440, 1, 27, 237, 46872 }, // U+04FC
    { 24, 29, 388, 0, 21, 174, 47109 }, // U+04FD
    { 27, 27, 439, 1, 27, 183, 47283 }, // U+04FE
    { 24, 21, 388, 0, 21, 126, 47466 }, // U+04FF
    { 28, 35, 452, 1, 27, 245, 0 }, // U+1EA0
    { 20, 30, 360, 2, 22, 150, 245 }, // U+1EA1
    { 28, 38, 452, 1, 38, 266, 395 }, // U+1EA2
    { 20, 32, 360, 2, 32, 160, 661 }, // U+1EA3
    { 28, 38, 452, 1, 38, 266, 821 }, // U+1EA4
    { 20, 32, 360, 2, 32, 160, 1087 }, // U+1EA5
    { 28, 38, 452, 1, 38, 266, 1247 }, // U+1EA6
    { 21, 32, 360, 1, 32, 168, 1513 }, // U+1EA7
    { 28, 39, 452, 1, 39, 273, 1681 }, // U+1EA8
    { 20, 33, 360, 2, 33, 165, 1954 }, // U+1EA9
    { 28, 41, 452, 1, 41, 287, 2119 }, // U+1EAA
    { 20, 35, 360, 2, 35, 175, 2406 }, // U+1EAB
    { 28, 44, 452, 1, 36, 308, 2581 }, // U+1EAC
    { 20, 37, 360, 2, 29, 185, 2889 }, // U+1EAD
    { 28, 39, 452, 1, 39, 273, 3074 }, // U+1EAE
    { 20, 33, 360, 2, 33, 165, 3347 }, // U+1EAF
    { 28, 39, 452, 1, 39, 273, 3512 }, // U+1EB0
    { 20, 33, 360, 2, 33, 165, 3785 }, // U+1EB1
    { 28, 40, 452, 1, 40, 280, 3950 }, // U+1EB2
    { 20, 34, 360, 2, 34, 170, 4230 }, // U+1EB3
    { 28, 41, 452, 1, 41, 287, 4400 }, // U+1EB4
    { 20, 35, 360, 2, 35, 175, 4687 }, // U+1EB5
    { 28, 44, 452, 1, 36, 308, 4862 }, // U+1EB6
    { 20, 37, 360, 2, 29, 185, 5170 }, // U+1EB7
    { 23, 35, 392, 1, 27, 202, 5355 }, // U+1EB8
    { 18, 30, 343, 2, 22, 135, 5557 }, // U+1EB9
    { 23, 38, 392, 1, 38, 219, 5692 }, // U+1EBA
    { 18, 32, 343, 2, 32, 144, 5911 }, // U+1EBB
    { 23, 36, 392, 1, 36, 207, 6055 }, // U+1EBC
    { 18, 30, 343, 2, 30, 135, 6262 }, // U+1EBD
    { 23, 38, 392, 1, 38, 219, 6397 }, // U+1EBE
    { 20, 32, 343, 2, 32, 160, 6616 }, // U+1EBF
    { 23, 38, 392, 1, 38, 219, 6776 }, // U+1EC0
    { 19, 32, 343, 1, 32, 152, 6995 }, // U+1EC1
    { 23, 39, 392, 1, 39, 225, 7147 }, // U+1EC2
    { 19, 33, 343, 2, 33, 157, 7372 }, // U+1EC3
    { 23, 41, 392, 1, 41, 236, 7529 }, // U+1EC4
    { 18, 35, 343, 2, 35, 158, 7765 }, // U+1EC5
    { 23, 44, 392, 1, 36, 253, 7923 }, // U+1EC6
    { 18, 37, 343, 2, 29, 167, 8176 }, // U+1EC7
    { 13, 38, 241, 1, 38, 124, 8343 }, // U+1EC8
    { 12, 32, 211, 1, 32, 96, 8467 }, // U+1EC9
    { 13, 35, 241, 1, 27, 114, 8563 }, // U+1ECA
    { 12, 37, 211, 1, 29, 111, 8677 }, // U+1ECB
    { 25, 35, 472, 2, 27, 219, 8788 }, // U+1ECC
    { 20, 30, 368, 2, 22, 150, 9007 }, // U+1ECD
    { 25, 39, 472, 2, 39, 244, 9157 }, // U+1ECE
    { 20, 32, 368, 2, 32, 160, 9401 }, // U+1ECF
    { 25, 38, 472, 2, 38, 238, 9561 }, // U+1ED0
    { 21, 32, 368, 2, 32, 168, 9799 }, // U+1ED1
    { 25, 38, 472, 2, 38, 238, 9967 }, // U+1ED2
    { 21, 32, 368, 1, 32, 168, 10205 }, // U+1ED3
    { 25, 40, 472, 2, 40, 250, 10373 }, // U+1ED4
    { 20, 33, 368, 2, 33, 165, 10623 }, // U+1ED5
    { 25, 41, 472, 2, 41, 257, 10788 }, // U+1ED6
    { 20, 35, 368, 2, 35, 175, 11045 }, // U+1ED7
    { 25, 44, 472, 2, 36, 275, 11220 }, // U+1ED8
    { 20, 37, 368, 2, 29, 185, 11495 }, // U+1ED9
    { 30, 36, 506, 2, 36, 270, 11680 }, // U+1EDA
    { 23, 30, 402, 2, 30, 173, 11950 }, // U+1EDB
    { 30, 36, 506, 2, 36, 270, 12123 }, // U+1EDC
    { 23, 30, 402, 2, 30, 173, 12393 }, // U+1EDD
    { 30, 39, 506, 2, 39, 293, 12566 }, // U+1EDE
    { 23, 32, 402, 2, 32, 184, 12859 }, // U+1EDF
    { 30, 37, 506, 2, 37, 278, 13043 }, // U+1EE0
    { 23, 30, 402, 2, 30, 173, 13321 }, // U+1EE1
    { 30, 37, 506, 2, 29, 278, 13494 }, // U+1EE2
    { 23, 33, 402, 2, 25, 190, 13772 }, // U+1EE3
    { 27, 35, 448, 1, 27, 237, 13962 }, // U+1EE4
    { 24, 29, 400, 1, 21, 174, 14199 }, // U+1EE5
    { 27, 39, 448, 1, 39, 264, 14373 }, // U+1EE6
    { 24, 32, 400, 1, 32, 192, 14637 }, // U+1EE7
    { 31, 36, 512, 1, 36, 279, 14829 }, // U+1EE8
    { 29, 30, 467, 1, 30, 218, 15108 }, // U+1EE9
    { 31, 36, 512, 1, 36, 279, 15326 }, // U+1EEA
    { 29, 30, 467, 1, 30, 218, 15605 }, // U+1EEB
    { 31, 39, 512, 1, 39, 303, 15823 }, // U+1EEC
    { 29, 32, 467, 1, 32, 232, 16126 }, // U+1EED
    { 31, 37, 512, 1, 37, 287, 16358 }, // U+1EEE
    { 29, 30, 467, 1, 30, 218, 16645 }, // U+1EEF
    { 31, 37, 512, 1, 29, 287, 16863 }, // U+1EF0
    { 29, 33, 467, 1, 25, 240, 17150 }, // U+1EF1
    { 26, 36, 416, 0, 36, 234, 17390 }, // U+1EF2
    { 23, 38, 347, -1, 29, 219, 17624 }, // U+1EF3
    { 26, 35, 416, 0, 27, 228, 17843 }, // U+1EF4
    { 22, 30, 347, 0, 21, 165, 18071 }, // U+1EF5
    { 26, 38, 416, 0, 38, 247, 18236 }, // U+1EF6
    { 22, 41, 347, 0, 32, 226, 18483 }, // U+1EF7
    { 26, 36, 416, 0, 36, 234, 18709 }, // U+1EF8
    { 23, 39, 347, -1, 30, 225, 18943 }, // U+1EF9
    { 0, 0, 300, 0, 0, 0, 0 }, // U+2000
    { 0, 0, 600, 0, 0, 0, 0 }, // U+2001
    { 0, 0, 300, 0, 0, 0, 0 }, // U+2002
    { 0, 0, 600, 0, 0, 0, 0 }, // U+2003
    { 0, 0, 200, 0, 0, 0, 0 }, // U+2004
    { 0, 0, 150, 0, 0, 0, 0 }, // U+2005
    { 0, 0, 100, 0, 0, 0, 0 }, // U+2006
    { 0, 0, 339, 0, 0, 0, 0 }, // U+2007
    { 0, 0, 176, 0, 0, 0, 0 }, // U+2008
    { 0, 0, 100, 0, 0, 0, 0 }, // U+2009
    { 0, 0, 60, 0, 0, 0, 0 }, // U+200A
    { 0, 0, 0, 0, 0, 0, 0 }, // U+200B
    { 2, 29, 0, -1, 24, 15, 0 }, // U+200C
    { 10, 32, 0, -5, 27, 80, 15 }, // U+200D
    { 10, 32, 0, -1, 27, 80, 95 }, // U+200E
    { 10, 32, 0, -9, 27, 80, 175 }, // U+200F
    { 10, 4, 186, 1, 12, 10, 255 }, // U+2010
    { 10, 4, 186, 1, 12, 10, 265 }, // U+2011
    { 18, 3, 339, 2, 16, 14, 275 }, // U+2012
    { 19, 3, 300, 0, 12, 15, 289 }, // U+2013
    { 38, 3, 600, 0, 12, 29, 304 }, // U+2014
    { 38, 3, 600, 0, 12, 29, 333 }, // U+2015
    { 10, 38, 335, 6, 29, 95, 362 }, // U+2016
    { 16, 7, 247, 0, -1, 28, 457 }, // U+2017
    { 7, 12, 168, 2, 28, 21, 485 }, // U+2018
    { 7, 12, 168, 1, 27, 21, 506 }, // U+2019
    { 7, 12, 176, 1, 6, 21, 527 }, // U+201A
    { 7, 12, 168, 2, 27, 21, 548 }, // U+201B
    { 15, 12, 293, 2, 28, 45, 569 }, // U+201C
    { 15, 12, 293, 1, 27, 45, 614 }, // U+201D
    { 15, 12, 293, 1, 6, 45, 659 }, // U+201E
    { 15, 12, 293, 2, 27, 45, 704 }, // U+201F
    { 15, 34, 287, 1, 29, 128, 749 }, // U+2020
    { 15, 34, 287, 1, 29, 128, 877 }, // U+2021
    { 11, 12, 240, 2, 20, 33, 1005 }, // U+2022
    { 12, 13, 300, 4, 20, 39, 1038 }, // U+2023
    { 6, 6, 176, 2, 17, 9, 1077 }, // U+2024
    { 17, 6, 346, 2, 17, 26, 1086 }, // U+2025
    { 28, 6, 548, 3, 6, 42, 1112 }, // U+2026
    { 6, 6, 176, 2, 14, 9, 1154 }, // U+2027
    { 0, 0, 360, 0, 0, 0, 1163 }, // U+2028
    { 0, 0, 360, 0, 0, 0, 1163 }, // U+2029
    { 9, 28, 0, -1, 23, 63, 1163 }, // U+202A
    { 9, 28, 0, -8, 23, 63, 1226 }, // U+202B
    { 9, 32, 0, -4, 26, 72, 1289 }, // U+202C
    { 10, 32, 0, -5, 27, 80, 1361 }, // U+202D
    { 9, 32, 0, -5, 27, 72, 1441 }, // U+202E
    { 0, 0, 100, 0, 0, 0, 1513 }, // U+202F
    { 46, 27, 786, 1, 27, 311, 1513 }, // U+2030
    { 62, 27, 1038, 1, 27, 419, 1824 }, // U+2031
    { 9, 9, 151, 0, 27, 21, 2243 }, // U+2032
    { 18, 9, 295, 0, 27, 41, 2264 }, // U+2033
    { 27, 9, 439, 0, 27, 61, 2305 }, // U+2034
    { 9, 9, 151, 0, 27, 21, 2366 }, // U+2035
    { 18, 9, 295, 0, 27, 41, 2387 }, // U+2036
    { 27, 9, 439, 0, 27, 61, 2428 }, // U+2037
    { 15, 11, 264, 1, 2, 42, 2489 }, // U+2038
    { 9, 15, 212, 2, 18, 34, 2531 }, // U+2039
    { 9, 15, 212, 2, 18, 34, 2565 }, // U+203A
    { 27, 27, 491, 2, 27, 183, 2599 }, // U+203B
    { 17, 27, 377, 3, 27, 115, 2782 }, // U+203C
    { 20, 27, 370, 1, 27, 135, 2897 }, // U+203D
    { 18, 3, 275, 0, 32, 14, 3032 }, // U+203E
    { 30, 7, 0, -15, -1, 53, 3046 }, // U+203F
    { 32, 7, 0, -16, 31, 56, 3099 }, // U+2040
    { 17, 27, 270, 0, 27, 115, 3155 }, // U+2041
    { 36, 29, 600, 1, 29, 261, 3270 }, // U+2042
    { 10, 6, 217, 2, 17, 15, 3531 }, // U+2043
    { 17, 27, 37, -7, 27, 115, 3546 }, // U+2044
    { 11, 35, 249, 4, 29, 97, 3661 }, // U+2045
    { 11, 35, 249, 1, 29, 97, 3758 }, // U+2046
    { 37, 27, 640, 1, 27, 250, 3855 }, // U+2047
    { 26, 27, 506, 1, 27, 176, 4105 }, // U+2048
    { 27, 27, 509, 3, 27, 183, 4281 }, // U+2049
    { 18, 29, 366, 2, 22, 131, 4464 }, // U+204A
    { 21, 34, 376, 1, 29, 179, 4595 }, // U+204B
    { 20, 14, 370, 1, 21, 70, 4774 }, // U+204C
    { 20, 14, 370, 1, 21, 70, 4844 }, // U+204D
    { 17, 15, 301, 1, 21, 64, 4914 }, // U+204E
    { 7, 28, 182, 3, 22, 49, 4978 }, // U+204F
    { 27, 27, 462, 1, 27, 183, 5027 }, // U+2050
    { 17, 31, 301, 1, 29, 132, 5210 }, // U+2051
    { 14, 27, 242, 1, 27, 95, 5342 }, // U+2052
    { 18, 7, 335, 2, 17, 32, 5437 }, // U+2053
    { 30, 8, 0, -15, 0, 60, 5469 }, // U+2054
    { 17, 17, 324, 2, 22, 73, 5529 }, // U+2055
    { 18, 22, 378, 3, 22, 99, 5602 }, // U+2056
    { 36, 9, 582, 0, 27, 81, 5701 }, // U+2057
    { 24, 21, 459, 3, 21, 126, 5782 }, // U+2058
    { 24, 21, 459, 3, 21, 126, 5908 }, // U+2059
    { 6, 27, 182, 3, 27, 41, 6034 }, // U+205A
    { 24, 27, 459, 3, 27, 162, 6075 }, // U+205B
    { 20, 21, 418, 3, 21, 105, 6237 }, // U+205C
    { 6, 27, 182, 3, 27, 41, 6342 }, // U+205D
    { 6, 27, 182, 3, 27, 41, 6383 }, // U+205E
    { 0, 0, 133, 0, 0, 0, 6424 }, // U+205F
    { 0, 0, 360, 0, 0, 0, 6424 }, // U+2060
    { 0, 0, 360, 0, 0, 0, 6424 }, // U+2061
    { 0, 0, 360, 0, 0, 0, 6424 }, // U+2062
    { 0, 0, 360, 0, 0, 0, 6424 }, // U+2063
    { 0, 0, 360, 0, 0, 0, 6424 }, // U+2064
    { 0, 0, 0, 0, 0, 0, 6424 }, // U+2066
    { 0, 0, 0, 0, 0, 0, 6424 }, // U+2067
    { 0, 0, 0, 0, 0, 0, 6424 }, // U+2068
    { 0, 0, 0, 0, 0, 0, 6424 }, // U+2069
    { 9, 32, 0, -4, 27, 72, 6424 }, // U+206A
    { 9, 32, 0, -5, 27, 72, 6496 }, // U+206B
    { 10, 32, 0, -5, 27, 80, 6568 }, // U+206C
    { 10, 32, 0, -5, 27, 80, 6648 }, // U+206D
    { 10, 32, 0, -5, 27, 80, 6728 }, // U+206E
    { 9, 32, 0, -4, 27, 72, 6808 }, // U+206F
    { 13, 17, 240, 1, 31, 56, 0 }, // U+2070
    { 9, 17, 137, 0, 28, 39, 56 }, // U+2071
    { 14, 16, 240, 1, 30, 56, 95 }, // U+2074
    { 12, 16, 240, 1, 30, 48, 151 }, // U+2075
    { 12, 17, 240, 2, 31, 51, 199 }, // U+2076
    { 12, 16, 240, 1, 30, 48, 250 }, // U+2077
    { 13, 17, 240, 1, 31, 56, 298 }, // U+2078
    { 12, 17, 240, 2, 31, 51, 354 }, // U+2079
    { 13, 13, 240, 1, 28, 43, 405 }, // U+207A
    { 13, 3, 240, 1, 23, 10, 448 }, // U+207B
    { 13, 8, 240, 1, 26, 26, 458 }, // U+207C
    { 8, 23, 150, 2, 34, 46, 484 }, // U+207D
    { 8, 23, 150, -1, 34, 46, 530 }, // U+207E
    { 16, 12, 260, 1, 23, 48, 576 }, // U+207F
    { 13, 17, 240, 1, 13, 56, 624 }, // U+2080
    { 12, 17, 240, 1, 13, 51, 680 }, // U+2081
    { 12, 17, 240, 1, 13, 51, 731 }, // U+2082
    { 12, 17, 240, 1, 13, 51, 782 }, // U+2083
    { 14, 17, 240, 1, 13, 60, 833 }, // U+2084
    { 12, 17, 240, 1, 13, 51, 893 }, // U+2085
    { 12, 17, 240, 2, 13, 51, 944 }, // U+2086
    { 12, 17, 240, 1, 13, 51, 995 }, // U+2087
    { 13, 17, 240, 1, 13, 56, 1046 }, // U+2088
    { 12, 17, 240, 2, 13, 51, 1102 }, // U+2089
    { 13, 13, 240, 1, 10, 43, 1153 }, // U+208A
    { 13, 3, 240, 1, 6, 10, 1196 }, // U+208B
    { 13, 8, 240, 1, 8, 26, 1206 }, // U+208C
    { 8, 24, 150, 2, 16, 48, 1232 }, // U+208D
    { 8, 24, 150, -1, 16, 48, 1280 }, // U+208E
    { 13, 13, 234, 1, 9, 43, 1328 }, // U+2090
    { 12, 13, 223, 1, 9, 39, 1371 }, // U+2091
    { 13, 13, 239, 1, 9, 43, 1410 }, // U+2092
    { 16, 13, 252, 0, 9, 52, 1453 }, // U+2093
    { 12, 13, 223, 1, 9, 39, 1505 }, // U+2094
    { 17, 18, 260, 0, 14, 77, 1544 }, // U+2095
    { 15, 18, 248, 1, 14, 68, 1621 }, // U+2096
    { 8, 18, 137, 1, 14, 36, 1689 }, // U+2097
    { 24, 13, 385, 0, 9, 78, 1725 }, // U+2098
    { 16, 13, 260, 1, 9, 52, 1803 }, // U+2099
    { 14, 19, 251, 1, 9, 67, 1855 }, // U+209A
    { 10, 13, 187, 1, 9, 33, 1922 }, // U+209B
    { 9, 16, 158, 1, 12, 36, 1955 }, // U+209C
    { 26, 27, 462, 1, 27, 176, 0 }, // U+20A0
    { 22, 31, 401, 2, 29, 171, 176 }, // U+20A1
    { 22, 27, 401, 2, 27, 149, 347 }, // U+20A2
    { 19, 27, 339, 1, 27, 129, 496 }, // U+20A3
    { 19, 28, 339, 1, 27, 133, 625 }, // U+20A4
    { 36, 31, 592, 1, 26, 279, 758 }, // U+20A5
    { 29, 27, 473, 1, 27, 196, 1037 }, // U+20A6
    { 32, 27, 540, 1, 27, 216, 1233 }, // U+20A7
    { 40, 27, 692, 1, 27, 270, 1449 }, // U+20A8
    { 40, 27, 640, 0, 27, 270, 1719 }, // U+20A9
    { 28, 23, 535, 3, 23, 161, 1989 }, // U+20AA
    { 22, 34, 389, 2, 29, 187, 2150 }, // U+20AB
    { 20, 27, 335, 1, 27, 135, 2337 }, // U+20AC
    { 28, 27, 440, 0, 27, 189, 2472 }, // U+20AD
    { 24, 27, 392, 1, 27, 162, 2661 }, // U+20AE
    { 40, 40, 664, 1, 32, 400, 2823 }, // U+20AF
    { 22, 36, 382, 0, 27, 198, 3223 }, // U+20B0
    { 24, 27, 383, 0, 27, 162, 3421 }, // U+20B1
    { 26, 33, 462, 2, 30, 215, 3583 }, // U+20B2
    { 27, 27, 452, 1, 27, 183, 3798 }, // U+20B3
    { 22, 27, 347, 0, 27, 149, 3981 }, // U+20B4
    { 22, 33, 401, 2, 30, 182, 4130 }, // U+20B5
    { 22, 27, 356, 1, 27, 149, 4312 }, // U+20B6
    { 19, 32, 339, 1, 27, 152, 4461 }, // U+20B7
    { 19, 27, 339, 1, 27, 129, 4613 }, // U+20B8
    { 19, 27, 335, 1, 27, 129, 4742 }, // U+20B9
    { 20, 27, 339, 1, 27, 135, 4871 }, // U+20BA
    { 22, 27, 392, 1, 27, 149, 5006 }, // U+20BB
    { 23, 26, 472, 3, 26, 150, 5155 }, // U+20BC
    { 20, 27, 354, 1, 27, 135, 5305 }, // U+20BD
    { 23, 29, 420, 2, 29, 167, 5440 }, // U+20BE
    { 18, 33, 339, 1, 30, 149, 5607 }, // U+20BF
    { 18, 28, 316, 1, 22, 126, 5756 }, // U+20C0
    { 17, 3, 344, 2, 15, 13, 0 }, // U+2212
    { 31, 29, 457, 1, 29, 225, 0 }, // U+FB00
    { 26, 29, 431, 1, 29, 189, 225 }, // U+FB01
    { 26, 29, 431, 1, 29, 189, 414 }, // U+FB02
    { 39, 29, 644, 1, 29, 283, 603 }, // U+FB03
    { 39, 29, 644, 1, 29, 283, 886 }, // U+FB04
    { 27, 29, 452, 1, 29, 196, 1169 }, // U+FB05
    { 31, 29, 521, 1, 29, 225, 1365 }, // U+FB06
    { 35, 36, 600, 1, 29, 315, 0 }, // U+FFFD
};

static const EpdUnicodeInterval notoserif_18_boldIntervals[] = {
    { 0x0, 0x0, 0x0 },
    { 0xD, 0xD, 0x1 },
    { 0x20, 0x7E, 0x2 },
    { 0xA0, 0x17F, 0x61 },
    { 0x1A0, 0x1A1, 0x141 },
    { 0x1AF, 0x1B0, 0x143 },
    { 0x1C4, 0x21F, 0x145 },
    { 0x300, 0x36F, 0x1A1 },
    { 0x400, 0x4FF, 0x211 },
    { 0x1EA0, 0x1EF9, 0x311 },
    { 0x2000, 0x2064, 0x36B },
    { 0x2066, 0x2071, 0x3D0 },
    { 0x2074, 0x208E, 0x3DC },
    { 0x2090, 0x209C, 0x3F7 },
    { 0x20A0, 0x20C0, 0x404 },
    { 0x2212, 0x2212, 0x425 },
    { 0xFB00, 0xFB06, 0x426 },
    { 0xFFFD, 0xFFFD, 0x42D },
};

static const EpdFontGroup notoserif_18_boldGroups[] = {
    { 0, 4620, 12649, 97, 0 },
    { 4620, 4087, 14977, 96, 97 },
    { 8707, 5278, 24201, 128, 193 },
    { 13985, 5187, 21550, 96, 321 },
    { 19172, 1341, 2892, 112, 417 },
    { 20513, 13368, 49911, 256, 529 },
    { 33881, 3562, 20098, 90, 785 },
    { 37443, 2352, 7617, 111, 875 },
    { 39795, 947, 2163, 42, 986 },
    { 40742, 2540, 6131, 33, 1028 },
    { 43282, 7, 15, 1, 1061 },
    { 43289, 455, 1653, 7, 1062 },
    { 43744, 153, 324, 1, 1069 },
};

static const uint16_t notoserif_18_boldKernLeftCodepoints[] = {
    0x0022, 0x0026, 0x0027, 0x002A, 0x002C, 0x002E, 0x0040, 0x0041, 0x0042, 0x0044, 0x0045, 0x0046,
    0x0047, 0x004B, 0x004C, 0x004E, 0x004F, 0x0050, 0x0051, 0x0052, 0x0053, 0x0054, 0x0055, 0x0056,
    0x0057, 0x0058, 0x0059, 0x0061, 0x0062, 0x0065, 0x0066, 0x0067, 0x0068, 0x006B, 0x006D, 0x006E,
    0x006F, 0x0070, 0x0072, 0x0073, 0x0076, 0x0077, 0x0079, 0x00A1, 0x00BF, 0x00C0, 0x00C1, 0x00C2,
    0x00C3, 0x00C4, 0x00C5, 0x00C6, 0x00C8, 0x00C9, 0x00CA, 0x00CB, 0x00D0, 0x00D1, 0x00D2, 0x00D3,
    0x00D4, 0x00D5, 0x00D6, 0x00D8, 0x00D9, 0x00DA, 0x00DB, 0x00DC, 0x00DD, 0x00DE, 0x00DF, 0x00E0,
    0x00E1, 0x00E2, 0x00E3, 0x00E4, 0x00E5, 0x00E6, 0x00E8, 0x00E9, 0x00EA, 0x00EB, 0x00F0, 0x00F1,
    0x00F2, 0x00F3, 0x00F4, 0x00F5, 0x00F6, 0x00F8, 0x00FD, 0x00FE, 0x00FF, 0x0100, 0x0102, 0x0104,
    0x010E, 0x010F, 0x0110, 0x0112, 0x0113, 0x0114, 0x0115, 0x0116, 0x0117, 0x0118, 0x0119, 0x011A,
    0x011B, 0x011C, 0x011E, 0x0120, 0x0122, 0x0125, 0x0127, 0x0129, 0x0136, 0x0137, 0x0138, 0x0139,
    0x013B, 0x013E, 0x0141, 0x0143, 0x0144, 0x0145, 0x0146, 0x0147, 0x0148, 0x0149, 0x014B, 0x014C,
    0x014D, 0x014E, 0x014F, 0x0150, 0x0151, 0x0152, 0x0153, 0x0154, 0x0155, 0x0156, 0x0157, 0x0158,
    0x0159, 0x015A, 0x015B, 0x015C, 0x015D, 0x015E, 0x015F, 0x0160, 0x0161, 0x0162, 0x0164, 0x0165,
    0x0166, 0x0168, 0x016A, 0x016C, 0x016E, 0x0170, 0x0172, 0x0174, 0x0175, 0x0176, 0x0177, 0x0178,
    0x01A0, 0x01A1, 0x01AF, 0x01B0, 0x01FA, 0x01FC, 0x01FD, 0x01FE, 0x01FF, 0x0218, 0x0219, 0x021A,
    0x0402, 0x0409, 0x040A, 0x040E, 0x0423, 0x042A, 0x042C, 0x0431, 0x043E, 0x0440, 0x0444, 0x044D,
    0x044E, 0x0457, 0x0460, 0x0462, 0x0465, 0x0466, 0x0468, 0x046A, 0x046C, 0x046E, 0x046F, 0x0472,
    0x0473, 0x0474, 0x0476, 0x0478, 0x0479, 0x047A, 0x047B, 0x047C, 0x047D, 0x047E, 0x0481, 0x048C,
    0x048D, 0x048E, 0x048F, 0x0490, 0x0491, 0x0493, 0x0494, 0x0496, 0x0497, 0x0498, 0x0499, 0x049A,
    0x049B, 0x049C, 0x049D, 0x049E, 0x049F, 0x04A0, 0x04A1, 0x04A3, 0x04A4, 0x04A5, 0x04A6, 0x04A8,
    0x04AB, 0x04AC, 0x04AD, 0x04B2, 0x04B3, 0x04B5, 0x04B7, 0x04BA, 0x04BC, 0x04BD, 0x04BE, 0x04BF,
    0x04C3, 0x04C6, 0x04D0, 0x04D1, 0x04D2, 0x04D3, 0x04D4, 0x04D5, 0x04D6, 0x04D7, 0x04D8, 0x04D9,
    0x04DA, 0x04DB, 0x04E0, 0x04E6, 0x04E7, 0x04E8, 0x04E9, 0x04EA, 0x04EB, 0x04ED, 0x04EE, 0x04EF,
    0x04F0, 0x04F1, 0x04F2, 0x04F3, 0x04F6, 0x04F7, 0x04FB, 0x04FC, 0x04FD, 0x04FE, 0x04FF, 0x1EA0,
    0x1EA1, 0x1EA2, 0x1EA3, 0x1EA4, 0x1EA5, 0x1EA6, 0x1EA7, 0x1EA8, 0x1EA9, 0x1EAA, 0x1EAB, 0x1EAC,
    0x1EAD, 0x1EAE, 0x1EAF, 0x1EB0, 0x1EB1, 0x1EB2, 0x1EB3, 0x1EB4, 0x1EB5, 0x1EB6, 0x1EB7, 0x1EB8,
    0x1EB9, 0x1EBA, 0x1EBB, 0x1EBC, 0x1EBD, 0x1EBE, 0x1EBF, 0x1EC0, 0x1EC1, 0x1EC2, 0x1EC3, 0x1EC4,
    0x1EC5, 0x1EC6, 0x1EC7, 0x1ECC, 0x1ECD, 0x1ECE, 0x1ECF, 0x1ED0, 0x1ED1, 0x1ED2, 0x1ED3, 0x1ED4,
    0x1ED5, 0x1ED6, 0x1ED7, 0x1ED8, 0x1ED9, 0x1EDA, 0x1EDB, 0x1EDC, 0x1EDD, 0x1EDE, 0x1EDF, 0x1EE0,
    0x1EE1, 0x1EE2, 0x1EE3, 0x1EE4, 0x1EE6, 0x1EE8, 0x1EE9, 0x1EEA, 0x1EEB, 0x1EEC, 0x1EED, 0x1EEE,
    0x1EEF, 0x1EF0, 0x1EF1, 0x1EF2, 0x1EF3, 0x1EF4, 0x1EF5, 0x1EF6, 0x1EF7, 0x1EF8, 0x1EF9, 0x2018,
    0x2019, 0x201A, 0x201C, 0x201D, 0x201E, 0x2026, 0x207D, 0x208D, 0xFB00,
};

static const uint8_t notoserif_18_boldKernLeftClassIds[] = {
      1,   2,   1,   3,   4,   4,   5,   6,   7,   8,   9,  10,  11,  12,  13,  14,
      8,   3,   8,  15,  16,  17,  18,  19,  20,  21,  22,  23,  24,  25,  26,  27,
     23,  28,  23,  23,  24,  24,  29,  30,  31,  32,  33,  34,  35,  36,  36,  36,
     36,  36,  36,   9,   9,   9,   9,   9,   8,  14,   8,   8,   8,   8,   8,   8,
     18,  18,  18,  18,  22,   8,  24,  23,  23,  23,  23,  23,  23,  25,  25,  25,
     25,  25,  24,  23,  24,  24,  24,  24,  24,  24,  33,  24,  33,   6,  36,  36,
      8,  37,   8,   9,  25,   9,  25,   9,  25,   9,  25,   9,  25,  11,  11,  11,
     11,  23,  23,  38,  12,  28,  28,  13,  13,  37,  13,  14,  23,  14,  23,  14,
     23,  23,  23,   8,  24,   8,  24,   8,  24,   9,  25,  15,  29,  15,  29,  15,
     29,  16,  30,  16,  30,  16,  30,  16,  30,  17,  17,  39,  17,  18,  18,  18,
     18,  18,  18,  20,  32,  22,  33,  22,  40,  41,  42,  43,   6,   9,  25,   8,
     24,  16,  30,  17,  44,  45,  45,  46,  46,  45,  45,  47,  48,  48,  49,  49,
     49,  50,  51,  52,  53,  54,  54,  55,  55,  56,  24,  51,  48,  57,  57,  33,
     58,  51,  48,  51,  24,  51,  53,  52,  24,  59,  48,  60,  61,  61,  62,  55,
     63,  56,  48,  55,  63,  55,  63,  55,  63,  55,  63,  64,  60,  61,  62,  51,
     53,  60,  61,  65,  63,  64,  64,  62,  51,  48,  51,  48,  62,  64,  54,  23,
     54,  23,  66,  48,  66,  48,  51,  48,  51,  48,  56,  51,  48,  51,  48,  51,
     48,  48,  46,  58,  46,  58,  46,  58,  60,  61,  61,  65,  63,  65,  63,  36,
     23,  36,  23,  36,  23,  36,  23,  36,  23,  36,  23,  36,  23,  36,  23,  36,
     23,  36,  23,  36,  23,  36,  23,   9,  25,   9,  25,   9,  25,   9,  25,   9,
     25,   9,  25,   9,  25,   9,  25,   8,  24,   8,  24,   8,  24,   8,  24,   8,
     24,   8,  24,   8,  24,  40,  41,  40,  41,  40,  41,  40,  41,  40,  41,  18,
     18,  42,  43,  42,  43,  42,  43,  42,  43,  42,  43,  22,  33,  22,  33,  22,
     33,  22,  33,  67,  68,   4,  67,  68,   4,   4,  69,  70,  26,
};

static const uint16_t notoserif_18_boldKernRightCodepoints[] = {
    0x0021, 0x0022, 0x0026, 0x0027, 0x0029, 0x002A, 0x002C, 0x002E, 0x003A, 0x003B, 0x003F, 0x0040,
    0x0041, 0x0042, 0x0043, 0x0044, 0x0045, 0x0046, 0x0047, 0x0048, 0x0049, 0x004A, 0x004B, 0x004C,
    0x004D, 0x004E, 0x004F, 0x0050, 0x0051, 0x0052, 0x0053, 0x0054, 0x0055, 0x0056, 0x0057, 0x0058,
    0x0059, 0x005A, 0x005D, 0x0061, 0x0062, 0x0063, 0x0064, 0x0065, 0x0067, 0x0068, 0x0069, 0x006B,
    0x006C, 0x006D, 0x006E, 0x006F, 0x0070, 0x0071, 0x0072, 0x0073, 0x0074, 0x0075, 0x0076, 0x0077,
    0x0078, 0x0079, 0x007A, 0x007D, 0x00AB, 0x00B7, 0x00BB, 0x00C0, 0x00C1, 0x00C2, 0x00C3, 0x00C4,
    0x00C5, 0x00C6, 0x00C7, 0x00C8, 0x00C9, 0x00CA, 0x00CB, 0x00CC, 0x00CD, 0x00CE, 0x00CF, 0x00D0,
    0x00D1, 0x00D2, 0x00D3, 0x00D4, 0x00D5, 0x00D6, 0x00D8, 0x00D9, 0x00DA, 0x00DB, 0x00DC, 0x00DD,
    0x00DE, 0x00E0, 0x00E1, 0x00E2, 0x00E3, 0x00E4, 0x00E5, 0x00E6, 0x00E7, 0x00E8, 0x00E9, 0x00EA,
    0x00EB, 0x00EC, 0x00ED, 0x00EE, 0x00EF, 0x00F0, 0x00F1, 0x00F2, 0x00F3, 0x00F4, 0x00F5, 0x00F6,
    0x00F8, 0x00F9, 0x00FA, 0x00FB, 0x00FC, 0x00FD, 0x00FE, 0x00FF, 0x0100, 0x0101, 0x0102, 0x0103,
    0x0104, 0x0105, 0x0106, 0x0107, 0x0108, 0x0109, 0x010A, 0x010B, 0x010C, 0x010D, 0x010E, 0x010F,
    0x0110, 0x0111, 0x0112, 0x0113, 0x0114, 0x0115, 0x0116, 0x0117, 0x0118, 0x0119, 0x011A, 0x011B,
    0x011C, 0x011D, 0x011E, 0x011F, 0x0120, 0x0121, 0x0122, 0x0123, 0x0124, 0x0125, 0x0126, 0x0127,
    0x0128, 0x0129, 0x012A, 0x012B, 0x012C, 0x012D, 0x012E, 0x012F, 0x0130, 0x0132, 0x0133, 0x0134,
    0x0136, 0x0137, 0x0138, 0x0139, 0x013A, 0x013B, 0x013C, 0x013D, 0x013E, 0x013F, 0x0140, 0x0141,
    0x0142, 0x0143, 0x0144, 0x0145, 0x0146, 0x0147, 0x0148, 0x014A, 0x014B, 0x014C, 0x014D, 0x014E,
    0x014F, 0x0150, 0x0151, 0x0152, 0x0153, 0x0154, 0x0155, 0x0156, 0x0157, 0x0158, 0x015A, 0x015B,
    0x015C, 0x015D, 0x015E, 0x015F, 0x0160, 0x0161, 0x0162, 0x0163, 0x0164, 0x0165, 0x0166, 0x0167,
    0x0168, 0x0169, 0x016A, 0x016B, 0x016C, 0x016D, 0x016E, 0x016F, 0x0170, 0x0171, 0x0172, 0x0173,
    0x0174, 0x0175, 0x0176, 0x0177, 0x0178, 0x0179, 0x017A, 0x017B, 0x017C, 0x017D, 0x017E, 0x01A0,
    0x01A1, 0x01AF, 0x01B0, 0x01FA, 0x01FB, 0x01FC, 0x01FD, 0x01FE, 0x01FF, 0x0218, 0x0219, 0x021A,
    0x021B, 0x0402, 0x040B, 0x040E, 0x0416, 0x0422, 0x0423, 0x0425, 0x0427, 0x042A, 0x042F, 0x0431,
    0x0436, 0x0443, 0x0445, 0x0447, 0x0451, 0x0456, 0x0457, 0x045E, 0x0460, 0x0462, 0x0466, 0x046A,
    0x046E, 0x0472, 0x0473, 0x0478, 0x0479, 0x047A, 0x047B, 0x047C, 0x047D, 0x047E, 0x0480, 0x0481,
    0x0496, 0x0498, 0x0499, 0x04A0, 0x04A1, 0x04A8, 0x04A9, 0x04AA, 0x04AB, 0x04AC, 0x04AD, 0x04B2,
    0x04B4, 0x04B5, 0x04B6, 0x04B7, 0x04B8, 0x04B9, 0x04C1, 0x04C2, 0x04CB, 0x04CC, 0x04D0, 0x04D2,
    0x04D4, 0x04D5, 0x04D7, 0x04D8, 0x04D9, 0x04DA, 0x04DC, 0x04DD, 0x04E0, 0x04E1, 0x04E6, 0x04E7,
    0x04E8, 0x04E9, 0x04EA, 0x04EB, 0x04EE, 0x04EF, 0x04F0, 0x04F1, 0x04F2, 0x04F3, 0x04F4, 0x04F5,
    0x04FC, 0x04FE, 0x1EA0, 0x1EA1, 0x1EA2, 0x1EA3, 0x1EA4, 0x1EA5, 0x1EA6, 0x1EA7, 0x1EA8, 0x1EA9,
    0x1EAA, 0x1EAB, 0x1EAC, 0x1EAD, 0x1EAE, 0x1EAF, 0x1EB0, 0x1EB1, 0x1EB2, 0x1EB3, 0x1EB4, 0x1EB5,
    0x1EB6, 0x1EB7, 0x1EB8, 0x1EB9, 0x1EBA, 0x1EBB, 0x1EBC, 0x1EBD, 0x1EBE, 0x1EBF, 0x1EC0, 0x1EC1,
    0x1EC2, 0x1EC3, 0x1EC4, 0x1EC5, 0x1EC6, 0x1EC7, 0x1EC9, 0x1ECB, 0x1ECC, 0x1ECD, 0x1ECE, 0x1ECF,
    0x1ED0, 0x1ED1, 0x1ED2, 0x1ED3, 0x1ED4, 0x1ED5, 0x1ED6, 0x1ED7, 0x1ED8, 0x1ED9, 0x1EDA, 0x1EDB,
    0x1EDC, 0x1EDD, 0x1EDE, 0x1EDF, 0x1EE0, 0x1EE1, 0x1EE2, 0x1EE3, 0x1EE4, 0x1EE5, 0x1EE6, 0x1EE7,
    0x1EE8, 0x1EE9, 0x1EEA, 0x1EEB, 0x1EEC, 0x1EED, 0x1EEE, 0x1EEF, 0x1EF0, 0x1EF1, 0x1EF2, 0x1EF3,
    0x1EF4, 0x1EF5, 0x1EF6, 0x1EF7, 0x1EF8, 0x1EF9, 0x2018, 0x2019, 0x201A, 0x201C, 0x201D, 0x201E,
    0x2026, 0x2039, 0x203A, 0x207E, 0x208E,
};

static const uint8_t notoserif_18_boldKernRightClassIds[] = {
      1,   2,   3,   2,   4,   5,   6,   7,   8,   8,   9,  10,  11,  12,  13,  12,
     12,  12,  13,  12,  12,  14,  12,  12,  12,  12,  13,  12,  13,  12,  15,  16,
     17,  18,  19,  20,  21,  22,   4,  23,  24,  25,  25,  25,  26,  24,  27,  24,
     24,  27,  27,  25,  27,  25,  27,  28,  29,  30,  31,  32,  33,  34,  35,   4,
     36,  37,  36,  11,  11,  11,  11,  11,  11,  38,  13,  12,  12,  12,  12,  12,
     12,  12,  12,  12,  12,  13,  13,  13,  13,  13,  13,  17,  17,  17,  17,  21,
     12,  23,  23,  23,  23,  23,  23,  23,  25,  25,  25,  25,  25,  39,  27,  39,
     39,  25,  27,  25,  25,  25,  25,  25,  25,  30,  30,  30,  30,  34,  24,  34,
     11,  23,  11,  23,  11,  23,  13,  25,  13,  25,  13,  25,  13,  25,  12,  25,
     12,  25,  12,  25,  12,  25,  12,  25,  12,  25,  12,  25,  13,  25,  13,  25,
     13,  25,  13,  25,  12,  24,  12,  24,  12,  40,  12,  39,  12,  39,  12,  27,
     12,  12,  27,  14,  12,  24,  27,  12,  24,  12,  24,  12,  24,  12,  24,  12,
     24,  12,  27,  12,  27,  12,  27,  12,  27,  13,  25,  13,  25,  13,  25,  13,
     25,  12,  27,  12,  27,  12,  15,  28,  15,  28,  15,  28,  15,  28,  16,  29,
     16,  29,  16,  29,  17,  30,  17,  30,  17,  30,  17,  30,  17,  30,  17,  30,
     19,  32,  21,  34,  21,  22,  35,  22,  35,  22,  35,  13,  25,  17,  30,  11,
     23,  38,  23,  13,  25,  15,  28,  16,  29,  41,  41,  42,  41,  41,  42,  41,
     43,  41,  44,  45,  46,  47,  46,  48,  49,  50,  51,  47,  52,  16,  53,  54,
     55,  52,  56,  52,  56,  52,  56,  52,  25,  52,  52,  56,  54,  55,  57,  58,
     59,  52,  56,  52,  56,  58,  59,  54,  58,  59,  60,  61,  43,  48,  41,  46,
     60,  61,  53,  53,  38,  62,  56,  52,  62,  52,  41,  46,  55,  35,  52,  56,
     52,  56,  52,  56,  42,  63,  42,  63,  42,  63,  43,  48,  54,  54,  11,  23,
     11,  23,  11,  23,  11,  23,  11,  23,  11,  23,  11,  23,  11,  23,  11,  23,
     11,  23,  11,  23,  11,  23,  12,  25,  12,  25,  12,  25,  12,  25,  12,  25,
     12,  25,  12,  25,  12,  25,  27,  27,  13,  25,  13,  25,  13,  25,  13,  25,
     13,  25,  13,  25,  13,  25,  13,  25,  13,  25,  13,  25,  13,  25,  13,  25,
     17,  30,  17,  30,  17,  30,  17,  30,  17,  30,  17,  30,  17,  30,  21,  34,
     21,  34,  21,  34,  21,  34,  64,   5,   7,  64,   5,   7,   7,  36,  36,  65,
     66,
};

static const uint16_t notoserif_18_boldKernRowOffsets[] = {
        0,     5,    10,    16,    32,    34,    50,    64,    77,    80,    89,    95,   101,   113,   114,   125,
      137,   148,   153,   165,   176,   180,   194,   199,   205,   208,   213,   214,   216,   220,   222,   225,
      228,   231,   234,   239,   255,   271,   272,   278,   297,   306,   322,   328,   338,   339,   342,   349,
      352,   356,   358,   365,   371,   372,   390,   404,   413,   427,   429,   433,   447,   451,   458,   462,
      463,   474,   475,   478,   485,   486,   487,
};

static const uint8_t notoserif_18_boldKernSparseCols[] = {
     10,  24,  25,  37,  52,   8,  15,  17,  18,  20,   2,   5,   6,  10,  37,  52,
      8,  12,  15,  16,  17,  18,  20,  30,  31,  33,  51,  57,  58,  59,  60,  62,
     10,  20,   1,   4,   8,  12,  15,  16,  17,  18,  20,  24,  25,  29,  30,  31,
     33,  63,   4,   8,  10,  15,  17,  18,  19,  20,  21,  31,  33,  37,  52,  57,
      5,   6,   8,  10,  15,  17,  18,  19,  20,  37,  52,  53,  57,  17,  18,  20,
      2,   5,   6,   9,  10,  22,  24,  25,  37,   8,  15,  17,  18,  20,  37,  12,
     24,  25,  29,  31,  33,   1,   4,   8,  15,  17,  18,  20,  30,  31,  33,  36,
     63,  35,   4,   8,  12,  15,  16,  17,  18,  20,  30,  31,  33,   8,  10,  15,
     17,  18,  19,  20,  31,  33,  37,  52,  57,   2,   5,   6,   9,  10,  12,  22,
     24,  25,  27,  37,   5,   6,   9,  10,  37,   2,   5,   6,   9,  10,  12,  22,
     24,  25,  27,  37,  52,   5,   6,   9,  10,  12,  22,  24,  25,  27,  34,  37,
     12,  14,  31,  33,   2,   5,   6,   9,  10,  12,  14,  22,  24,  25,  27,  34,
     37,  52,   1,  33,  59,  60,  62,  17,  18,  20,  33,  59,  62,  17,  18,  20,
      1,   3,   4,  38,  39,  18,  24,  25,   4,   5,   6,  22,  20,  59,   5,   6,
     10,   5,   6,  10,   5,   6,  10,  17,  18,  20,   8,  15,  17,  18,  20,   1,
      4,   8,  12,  15,  16,  17,  18,  20,  24,  25,  29,  30,  31,  33,  63,   0,
      1,   3,   4,   8,  11,  13,  15,  16,  17,  18,  19,  20,  21,  23,  63,  39,
      0,   1,   3,   8,  23,  63,   5,   6,   7,   8,  10,  15,  17,  18,  20,  22,
     24,  25,  26,  27,  28,  30,  31,  32,  33,   4,   5,   6,  26,  28,  29,  30,
     31,  33,   5,   6,   7,  10,  12,  22,  24,  25,  26,  27,  28,  29,  30,  31,
     33,  34,   4,   5,   6,  26,  28,  30,   1,   8,  15,  41,  42,  45,  46,  47,
     57,  63,  57,  48,  49,  50,   8,  15,  40,  41,  57,  59,  60,  57,  59,  60,
     42,  57,  59,  60,  42,  63,   5,   6,  37,  52,  53,  57,  59,   1,   4,  57,
     59,  60,  63,  59,   1,   4,   8,  12,  15,  17,  20,  24,  25,  29,  31,  33,
     51,  57,  58,  59,  60,  63,  12,  24,  25,  29,  31,  33,  44,  51,  54,  55,
     58,  59,  60,  62,   5,   6,  31,  33,  37,  52,  53,  58,  59,   5,   6,  12,
     22,  24,  25,  27,  37,  51,  52,  54,  55,  56,  61,   5,   6,   5,   6,  37,
     52,   5,   6,  12,  22,  24,  25,  27,  37,  43,  51,  52,  55,  56,  61,   4,
      5,   6,  52,   1,   4,   8,  15,  57,  59,  62,  24,  25,  55,  61,   3,  12,
     24,  25,  29,  31,  33,  51,  54,  58,  59,  62,  58,  10,  37,  52,  10,  12,
     22,  24,  25,  27,  39,  64,  65,
};

static const int8_t notoserif_18_boldKernSparseValues[] = {
     -48,  -12,  -36,  -72,  -48,  -18,  -18,  -24,  -24,  -18,   -6,  -72,  -72,  -30,  -48,  -30,
     -54,  -12,  -54,  -12,  -66,  -54,  -48,  -42,  -36,  -30,  -12,  -54,  -42,  -48,  -30,  -30,
     -18,   -6,  -48,  -42,  -36,  -12,  -36,  -12,  -48,  -42,  -42,  -12,  -12,  -12,  -36,  -18,
     -30,  -42,  -12,  -12,  -12,  -12,  -24,  -18,  -12,  -24,  -12,   -6,  -12,  -18,  -12,  -12,
     -12,  -12,  -12,  -12,  -12,  -12,  -12,  -12,  -18,  -30,  -12,  -12,  -12,  -12,  -12,  -12,
     -12,  -72,  -72,  -24,  -42,  -24,  -24,  -24,  -66,  -12,  -12,  -12,  -12,  -12,  -12,  -12,
     -12,  -12,  -12,  -18,  -18,  -36,  -48,  -42,  -42,  -30,  -30,  -36,  -12,   -6,  -18,  -12,
     -48,   -6,  -12,  -12,  -12,  -12,   -6,  -18,  -18,  -18,   -6,   -6,  -12,  -12,  -12,  -12,
     -12,  -12,  -12,  -12,   -6,  -12,  -12,  -12,  -12,   -6,  -54,  -54,  -18,  -36,  -12,  -18,
     -23,  -23,   -3,  -48,  -12,  -12,   -6,  -12,  -24,  -18,  -66,  -66,  -30,  -48,  -12,  -36,
     -36,  -36,  -24,  -78,  -48,  -54,  -54,  -30,  -42,  -12,  -38,  -36,  -36,  -30,  -18,  -78,
     -12,   -6,  -18,  -30,   -6,  -48,  -48,  -24,  -42,  -18,  -12,  -36,  -42,  -42,  -36,  -12,
     -54,  -42,  -24,  -12,  -18,  -12,  -12,  -36,  -36,  -42,  -12,  -18,  -12,  -36,  -36,  -36,
      48,   54,   48,   24,   24,  -12,  -12,  -12,   18,  -85,  -85,  -12,  -36,  -12,  -30,  -42,
     -36,  -42,  -42,  -18,  -54,  -54,  -30,  -18,  -12,  -18,  -12,  -12,  -30,  -30,  -30,  -48,
     -42,  -36,  -12,  -36,  -12,  -48,  -42,  -42,  -12,  -12,  -12,  -30,  -18,  -30,  -42,   37,
      47,   76,   24,   77,   30,   36,   30,   42,   48,   42,   42,   60,   24,   54,   16,   36,
      14,   26,   51,   22,   25,    4,  -12,  -12,   -6,   12,  -24,   12,   12,   12,   12,  -12,
     -12,  -12,   -6,  -12,   -6,  -12,  -12,  -12,  -12,   12,  -12,  -12,   12,   18,   12,   18,
      18,   18,  -12,  -12,   -6,  -36,  -12,  -30,  -30,  -30,  -18,  -36,   -6,  -18,  -12,  -12,
     -12,  -18,   12,   -6,   -6,   12,   18,   18,  -34,   -2,   -2,  -31,  -24,   -6,  -24,  -18,
     -18,  -13,  -18,  -33,  -11,    1,  -10,  -10,  -12,   -6,  -18,  -18,   -6,  -18,  -18,   -6,
     -18,  -18,  -18,   -6,   -6,   -2,  -12,  -12,  -30,  -12,  -12,  -12,  -12,  -18,  -30,  -18,
     -18,  -12,  -18,  -18,  -48,  -42,  -36,  -12,  -36,  -48,  -42,  -12,  -12,  -12,  -18,  -30,
     -12,  -36,  -24,  -54,  -24,  -42,  -12,  -12,  -12,  -12,  -18,  -18,  -12,  -12,  -12,  -12,
     -18,  -12,  -12,  -12,  -12,  -12,   -6,  -12,  -18,  -12,  -12,  -12,  -24,  -60,  -60,  -12,
     -36,  -36,  -36,  -24,  -78,  -12,  -60,  -12,  -24,  -18,  -24,  -54,  -54,  -72,  -72,  -48,
     -30,  -54,  -54,  -12,  -18,  -18,  -18,   -6,  -48,  -12,  -12,  -36,  -18,  -18,  -18,   18,
     -42,  -42,  -18,  -36,  -42,  -42,  -42,  -42,  -42,  -18,  -12,  -12,  -12,  -12,   12,  -12,
     -12,  -12,  -12,  -18,  -30,  -12,  -12,  -24,  -12,  -18,  -12,  -42,  -84,  -42,  -60,  -12,
     -18,  -24,  -24,  -30,    6,   47,   47,
};

static const EpdLigaturePair notoserif_18_boldLigaturePairs[] = {
    { 0x00660066, 0xFB00 }, // f f -> U+FB00
    { 0x00660069, 0xFB01 }, // f i -> U+FB01
    { 0x0066006C, 0xFB02 }, // f l -> U+FB02
    { 0xFB000069, 0xFB03 }, // U+FB00 i -> U+FB03
    { 0xFB00006C, 0xFB04 }, // U+FB00 l -> U+FB04
};

static const EpdFontData notoserif_18_bold = {
    notoserif_18_boldBitmaps,
    notoserif_18_boldGlyphs,
    notoserif_18_boldIntervals,
    18,
    51,
    41,
    -11,
    true,
    notoserif_18_boldGroups,
    13,
    nullptr,
    nullptr,  // kernLeftClasses: built-in fonts use the split arrays below
    nullptr,  // kernRightClasses
    notoserif_18_boldKernLeftCodepoints,
    notoserif_18_boldKernLeftClassIds,
    notoserif_18_boldKernRightCodepoints,
    notoserif_18_boldKernRightClassIds,
    nullptr,  // kernMatrix: built-in fonts use the sparse form below
    notoserif_18_boldKernRowOffsets,
    notoserif_18_boldKernSparseCols,
    notoserif_18_boldKernSparseValues,
    381,
    449,
    70,
    66,
    notoserif_18_boldLigaturePairs,
    5,
};
