/**
 * generated by fontconvert.py
 * name: notoserif_12_regular
 * size: 12
 * mode: 2-bit  compressed: true
 * Command used: fontconvert.py notoserif_12_regular 12 ../builtinFonts/source/NotoSerif/NotoSerif-Regular.ttf --2bit --compress --pnum --zopfli
 */
#pragma once
#include "EpdFontData.h"

static const uint8_t notoserif_12_regularBitmaps[25770] = {
    0x9D, 0x96, 0x01, 0x84, 0x65, 0xD9, 0x76, 0xFE, 0x7F, 0xE7, 0xEC, 0xFF, 0x7F, 0xCE, 0x93, 0xF3,
    0xAA, 0xF6, 0x20, 0xC9, 0x43, 0x57, 0xF5, 0x09, 0x06, 0x83, 0x9A, 0x3A, 0x85, 0x7A, 0xDC, 0xC8,
    0x3D, 0xF7, 0xEE, 0x79, 0x83, 0x21, 0x21, 0xAF, 0x30, 0x35, 0x83, 0x46, 0x01, 0x42, 0x84, 0x7B,
    0x45, 0xBF, 0x98, 0x70, 0xAB, 0xEE, 0x11, 0x08, 0x40, 0xC3, 0x7B, 0x83, 0xF7, 0x30, 0x00, 0x40,
    0x2E, 0x66, 0xA8, 0x70, 0xAB, 0x6B, 0x27, 0x0F, 0x41, 0xE0, 0xBC, 0x98, 0x4E, 0x20, 0xD8, 0xA1,
    0xDB, 0x0B, 0x30, 0x3B, 0xB1, 0x3B, 0x39, 0xE5, 0x9D, 0xBA, 0x3B, 0x6B, 0xF7, 0x4C, 0xF7, 0xD4,
    0xB4, 0x9A, 0x74, 0xCB, 0xDD, 0xEB, 0xFB, 0x9C, 0xBD, 0xCF, 0x5A, 0xDF, 0x59, 0x7B, 0xD9, 0xEB,
    0xDC, 0xB3, 0xB8, 0xF9, 0x83, 0xF3, 0xE1, 0x7C, 0x3D, 0x59, 0xEC, 0x2F, 0xDE, 0x19, 0xED, 0x8E,
    0x76, 0x0E, 0xBF, 0xCF, 0x7C, 0x07, 0xE6, 0x7B, 0xB0, 0x1A, 0x81, 0x3B, 0x64, 0x1A, 0xA3, 0xFD,
    0xDD, 0x47, 0x9F, 0x9B, 0xDC, 0xAE, 0xC8, 0xED, 0xA7, 0xA8, 0xD6, 0x09, 0x3A, 0xD4, 0xBB, 0x1D,
    0x31, 0x46, 0xEE, 0x7D, 0xF8, 0x88, 0x52, 0xB5, 0x6C, 0x0B, 0xB6, 0x94, 0x61, 0xAB, 0x80, 0x1D,
    0x01, 0x07, 0xC9, 0xF2, 0xD8, 0xEA, 0x3F, 0xF7, 0x93, 0x83, 0xD0, 0x1C, 0x7C, 0x36, 0x39, 0xA0,
    0x3E, 0x40, 0x7B, 0x8A, 0x6B, 0xB8, 0xB4, 0xFC, 0x81, 0xE7, 0x60, 0x38, 0x3C, 0x58, 0x7F, 0x7C,
    0xB0, 0x58, 0x1C, 0xF4, 0x93, 0xBF, 0xF0, 0x3A, 0xB6, 0xCC, 0xBF, 0x0E, 0xE4, 0x4D, 0xCA, 0xC0,
    0x2E, 0x4C, 0x4E, 0x19, 0xC3, 0xBA, 0xE2, 0x3E, 0xF4, 0xDA, 0x78, 0x08, 0x5A, 0x1E, 0x2D, 0xFC,
    0x9E, 0x4D, 0x2B, 0xEF, 0x1B, 0x38, 0xAF, 0xB4, 0x0E, 0x34, 0xFB, 0xBB, 0xE2, 0x5C, 0xF5, 0x63,
    0x71, 0x86, 0xFB, 0xBD, 0x06, 0x7C, 0xD0, 0x86, 0xAC, 0x4B, 0xAC, 0x6C, 0xE2, 0xC2, 0xA4, 0x75,
    0xCD, 0xA2, 0x82, 0xDD, 0x24, 0xCE, 0x98, 0x32, 0x90, 0x5D, 0x3A, 0x28, 0x9E, 0x0C, 0xA0, 0xDB,
    0x53, 0x21, 0xD3, 0xA4, 0xAB, 0x31, 0x14, 0xF6, 0x63, 0x50, 0xBF, 0xEA, 0x20, 0xBB, 0x26, 0x5A,
    0x1D, 0xB9, 0x36, 0x93, 0xCA, 0x7A, 0xD6, 0x85, 0x73, 0xF4, 0x59, 0xDF, 0x11, 0x58, 0x5A, 0xA1,
    0xAA, 0xE5, 0x9C, 0xB2, 0x43, 0x52, 0x08, 0xD4, 0x3F, 0x0D, 0x0F, 0x8D, 0x6C, 0x7E, 0xEA, 0xD6,
    0x8B, 0xC5, 0x68, 0x74, 0x98, 0x12, 0xCA, 0xBB, 0xD2, 0xDC, 0xA5, 0x61, 0xC1, 0x39, 0xBD, 0x8C,
    0xF0, 0xF5, 0xE8, 0x65, 0xBE, 0x66, 0x4C, 0x43, 0x45, 0xD9, 0xE6, 0x8E, 0xFB, 0x60, 0xF0, 0x34,
    0x68, 0x0A, 0xAB, 0xBA, 0xDC, 0x65, 0x1E, 0x4F, 0xB8, 0x31, 0x7C, 0xE6, 0x73, 0xA7, 0xBA, 0xA2,
    0xD5, 0x8C, 0x71, 0x00, 0x1E, 0x56, 0xDC, 0x5F, 0xAD, 0x1E, 0xFE, 0x89, 0x2F, 0x36, 0x46, 0x4C,
    0x2E, 0x64, 0xCA, 0x0A, 0xFC, 0xCB, 0x16, 0xE3, 0x70, 0xFC, 0xF4, 0x83, 0x9B, 0x2B, 0xB5, 0x99,
    0xDA, 0xDA, 0x16, 0xB6, 0x90, 0x04, 0xEF, 0x03, 0x20, 0x2E, 0x1F, 0xC8, 0xC9, 0x60, 0x87, 0x3D,
    0x46, 0x1C, 0x32, 0x67, 0x85, 0xA3, 0xCB, 0x6C, 0x6E, 0x55, 0xAB, 0x4C, 0x41, 0xC9, 0x36, 0x5B,
    0x72, 0xFB, 0x6D, 0x0E, 0x39, 0x60, 0x8E, 0xE3, 0x08, 0x20, 0x8B, 0x6D, 0xF9, 0xCF, 0xBE, 0xE2,
    0x7C, 0x9F, 0x71, 0x43, 0xB3, 0x60, 0xB2, 0xA0, 0x5E, 0xDF, 0xB0, 0x45, 0xB2, 0x89, 0xDC, 0x9A,
    0x30, 0x16, 0xB7, 0xF2, 0xEF, 0xBD, 0x94, 0x09, 0x60, 0x1F, 0x36, 0x94, 0x0F, 0x39, 0x9B, 0xF0,
    0xD6, 0x04, 0x5E, 0x69, 0x97, 0xD4, 0x71, 0x00, 0xCA, 0x0D, 0x67, 0x65, 0xD7, 0xE7, 0x3E, 0x64,
    0x7E, 0x9E, 0x79, 0xC4, 0x72, 0x87, 0xB2, 0x94, 0x86, 0xBB, 0x30, 0x02, 0x4F, 0x9A, 0xF1, 0xFF,
    0xF6, 0xD8, 0x99, 0x33, 0x96, 0xDD, 0x8B, 0x01, 0x65, 0x34, 0x93, 0xC2, 0xAD, 0xB3, 0x70, 0x4E,
    0xFF, 0x16, 0x3D, 0xC9, 0xCF, 0x51, 0x19, 0xB5, 0x81, 0x3B, 0x8E, 0xAC, 0x87, 0x35, 0x2C, 0xC4,
    0x3E, 0x65, 0xED, 0xE9, 0x2F, 0x0A, 0x57, 0x47, 0x03, 0x40, 0x00, 0x25, 0x28, 0x05, 0x5B, 0x82,
    0x91, 0x60, 0x25, 0xE8, 0x02, 0xAA, 0x0D, 0x94, 0x04, 0x76, 0x05, 0x23, 0xC1, 0xE7, 0xC7, 0x57,
    0x26, 0xC6, 0x68, 0x21, 0xF0, 0x02, 0xF9, 0x00, 0xD3, 0x68, 0xCB, 0xD8, 0xEB, 0xD8, 0x6F, 0xB1,
    0xB7, 0xC5, 0xF7, 0xBE, 0x0F, 0x62, 0x3B, 0x70, 0x37, 0xB6, 0x77, 0xEF, 0x79, 0x18, 0xE0, 0xF4,
    0xC5, 0x6E, 0xDF, 0xE2, 0x74, 0xCC, 0x30, 0x79, 0x3F, 0xB5, 0x08, 0x00, 0x70, 0xE9, 0x54, 0x77,
    0xAE, 0xCD, 0xB8, 0xE2, 0xB0, 0x81, 0x31, 0x2C, 0x60, 0x7D, 0xD9, 0x5E, 0xFE, 0x55, 0x58, 0xB3,
    0x5E, 0x93, 0x2A, 0x7F, 0xA3, 0xCE, 0xEB, 0xF2, 0x57, 0x3E, 0x8B, 0x16, 0x52, 0x3F, 0x93, 0x70,
    0xC8, 0x5D, 0x0E, 0x68, 0xF8, 0xBD, 0x14, 0xCB, 0x39, 0xE0, 0x21, 0x13, 0xE4, 0x1D, 0x28, 0x0B,
    0x45, 0x0B, 0xDA, 0x08, 0x80, 0x7D, 0xA0, 0x01, 0x16, 0xDF, 0xB8, 0x42, 0x6A, 0xEE, 0xEA, 0x5D,
    0xDF, 0x70, 0xBE, 0x60, 0x2C, 0x76, 0xCA, 0x62, 0x4A, 0xD0, 0xBF, 0xB6, 0x79, 0xA4, 0xF8, 0xD2,
    0xED, 0xE7, 0xFD, 0x9A, 0xD3, 0x9E, 0xFD, 0xC0, 0x5D, 0xE1, 0x35, 0xE3, 0x69, 0x16, 0x8A, 0xF8,
    0x00, 0x00, 0x8A, 0x0D, 0xD5, 0x3D, 0xDB, 0x28, 0xBF, 0xCE, 0x7C, 0x4F, 0xDF, 0x33, 0x7C, 0x65,
    0xEB, 0x6C, 0x98, 0xDE, 0x1B, 0xCA, 0x61, 0x80, 0x3E, 0x59, 0xE6, 0xC9, 0xFD, 0x81, 0xEA, 0x46,
    0x55, 0x5B, 0x5F, 0x83, 0x21, 0x1D, 0x4A, 0x00, 0x48, 0x97, 0xFB, 0xD3, 0x7D, 0x00, 0xE0, 0x9D,
    0x69, 0x5D, 0xBC, 0xB1, 0x33, 0x07, 0x80, 0x8F, 0x29, 0xD2, 0xA1, 0xCE, 0x53, 0x57, 0x32, 0xC0,
    0x05, 0x94, 0x1D, 0xD9, 0x40, 0x9A, 0xCB, 0x2A, 0x6F, 0x01, 0x40, 0xEA, 0x84, 0xE3, 0x0F, 0x80,
    0x97, 0xA6, 0x0E, 0xCE, 0x52, 0x48, 0x8A, 0x4C, 0x21, 0x59, 0x40, 0x3D, 0x13, 0xEC, 0xBF, 0x16,
    0xEC, 0x00, 0xA8, 0xAE, 0x59, 0xDE, 0x6B, 0x07, 0xE5, 0xFA, 0xCC, 0xBF, 0xF9, 0x2C, 0x53, 0x94,
    0xA3, 0xB4, 0xD4, 0xD0, 0x83, 0x7D, 0x6E, 0x00, 0xA4, 0x43, 0xE9, 0x13, 0x93, 0x5D, 0x5E, 0x41,
    0xF5, 0x64, 0xD6, 0x72, 0x81, 0x34, 0xB2, 0x97, 0x7C, 0x4B, 0xBB, 0xFC, 0xC5, 0x9E, 0xFE, 0xD1,
    0xD3, 0x61, 0x7B, 0x5F, 0xDE, 0x38, 0xBA, 0xD1, 0xED, 0x67, 0x7A, 0x51, 0xB1, 0xD2, 0xE7, 0x35,
    0x5E, 0xF7, 0x13, 0xA1, 0xD0, 0xE0, 0xB7, 0x43, 0x93, 0xB9, 0xBD, 0xB0, 0xAF, 0xDC, 0xB8, 0xAF,
    0xFE, 0xF0, 0x33, 0xBF, 0x2E, 0xFA, 0xA9, 0x6D, 0x30, 0x50, 0x03, 0x68, 0xCB, 0x1B, 0xA8, 0xAB,
    0xEC, 0x02, 0x66, 0xCF, 0x0B, 0x0D, 0x01, 0xC8, 0x7B, 0x40, 0x0D, 0x40, 0x71, 0x0A, 0x94, 0x53,
    0x60, 0xBB, 0x06, 0x76, 0x74, 0x0B, 0x23, 0x09, 0xE4, 0x7E, 0xD1, 0xC1, 0x4A, 0x39, 0x70, 0xCA,
    0x93, 0xC5, 0x18, 0x50, 0x96, 0x01, 0x65, 0x58, 0x53, 0xC2, 0x04, 0x0D, 0x53, 0x66, 0x47, 0xD9,
    0xE5, 0x83, 0xE8, 0x55, 0xF4, 0x97, 0xB1, 0xE7, 0xCE, 0x93, 0x99, 0x51, 0x5D, 0x7A, 0x4B, 0xDD,
    0x1C, 0x69, 0x2E, 0x7D, 0x14, 0x25, 0xF8, 0xC9, 0xBD, 0x36, 0xBD, 0xC1, 0x54, 0x87, 0x17, 0x84,
    0x6F, 0x90, 0xFB, 0xEA, 0xC9, 0x89, 0xBD, 0x8C, 0xD7, 0x30, 0xBB, 0x42, 0x3D, 0x9D, 0xB5, 0xDA,
    0x94, 0x76, 0x1F, 0x65, 0xC7, 0x64, 0xAC, 0x81, 0x1E, 0x08, 0x2F, 0xA1, 0x07, 0xD6, 0xC0, 0x18,
    0xD8, 0x07, 0x74, 0x9B, 0x59, 0x89, 0x35, 0x2C, 0x7B, 0x92, 0x56, 0x4A, 0xA8, 0x43, 0x75, 0x59,
    0x10, 0x62, 0x91, 0x68, 0x92, 0xA8, 0x4A, 0xA4, 0x49, 0x64, 0x6E, 0xA1, 0x17, 0x2E, 0x93, 0xE7,
    0x61, 0x22, 0x50, 0x25, 0xA9, 0x24, 0xCA, 0x32, 0x46, 0x77, 0xE7, 0xC9, 0x47, 0x69, 0x17, 0xCF,
    0x71, 0x24, 0xE0, 0x05, 0xE2, 0x46, 0x76, 0xFA, 0x41, 0xBA, 0xBE, 0x89, 0x37, 0x05, 0x07, 0x82,
    0x79, 0xD9, 0x65, 0x5E, 0x34, 0x7C, 0x8C, 0xB1, 0x3D, 0x79, 0x74, 0xD2, 0x4A, 0x7D, 0x04, 0xB9,
    0x00, 0xBE, 0x85, 0x38, 0x50, 0x3C, 0x3A, 0x4A, 0xD7, 0xB7, 0xE2, 0xE4, 0x29, 0xC4, 0x08, 0xD4,
    0x1B, 0x93, 0x5F, 0x9D, 0x38, 0xDD, 0xE6, 0x7E, 0x1F, 0xDC, 0xF8, 0x46, 0x6B, 0x86, 0xE7, 0x10,
    0xA7, 0x40, 0xD1, 0xA7, 0x16, 0x5A, 0x0B, 0xC6, 0x82, 0x7D, 0x81, 0x54, 0xCC, 0xE7, 0x57, 0x1F,
    0x79, 0x66, 0x1B, 0x13, 0x07, 0x15, 0xFD, 0xC9, 0xE3, 0xEC, 0xF2, 0x48, 0xD4, 0x27, 0x08, 0x35,
    0xB7, 0x53, 0x8C, 0xD7, 0x92, 0xD8, 0xF1, 0xE9, 0x77, 0xBB, 0x94, 0x89, 0x9E, 0x49, 0x3D, 0x13,
    0x8D, 0xC3, 0xC9, 0xE3, 0xD2, 0x16, 0xDF, 0x31, 0x4A, 0x7B, 0xF2, 0x38, 0x0E, 0xD3, 0xF8, 0x83,
    0xAB, 0xCC, 0xBF, 0x6A, 0xE4, 0x3E, 0x9D, 0x9E, 0x59, 0x7B, 0x45, 0x1C, 0x74, 0x94, 0x47, 0x14,
    0x92, 0x8A, 0x55, 0x4E, 0xA8, 0x68, 0x85, 0xEE, 0x22, 0x34, 0x4A, 0xE4, 0x84, 0x7E, 0x69, 0x85,
    0xFE, 0xB1, 0x13, 0xFA, 0xD2, 0x0B, 0xFD, 0xC7, 0x20, 0x64, 0x1F, 0x26, 0x9A, 0x1A, 0xA1, 0xCA,
    0x0A, 0x95, 0x5E, 0x48, 0x0D, 0x22, 0x45, 0x94, 0x12, 0x50, 0x5B, 0xA1, 0x34, 0xA3, 0x4C, 0xD1,
    0xAF, 0x07, 0x23, 0x70, 0x5F, 0x21, 0x73, 0x5A, 0xF2, 0x89, 0x31, 0xBA, 0xE8, 0x21, 0xFA, 0x59,
    0x20, 0x8F, 0x47, 0xBA, 0x47, 0x0D, 0xE8, 0x35, 0xC5, 0x1A, 0xDD, 0x50, 0x2E, 0xD0, 0x53, 0xB6,
    0x84, 0x2B, 0x76, 0x84, 0x75, 0xFB, 0xB6, 0x70, 0x69, 0x0F, 0x85, 0x8B, 0x6E, 0x2E, 0xAC, 0xDC,
    0xA7, 0xC2, 0xB9, 0xEF, 0x84, 0x79, 0x6A, 0x13, 0xFF, 0xA6, 0x4D, 0xBC, 0x34, 0x89, 0xA7, 0x2C,
    0x98, 0x3D, 0x98, 0x64, 0xF1, 0x28, 0xFA, 0xDD, 0x54, 0x61, 0xAB, 0xA2, 0x9D, 0xB9, 0xEC, 0xA1,
    0xD1, 0x9E, 0x31, 0xBA, 0x4F, 0x74, 0x9A, 0x68, 0x9A, 0x48, 0xB7, 0x42, 0xA5, 0x15, 0x52, 0x5E,
    0x28, 0x0B, 0x42, 0xAC, 0x13, 0x4D, 0x12, 0xD5, 0x49, 0x52, 0x0F, 0x42, 0x45, 0xA2, 0x7C, 0x10,
    0x6D, 0x06, 0xA2, 0x67, 0x01, 0xB3, 0x1E, 0x25, 0x7D, 0x9D, 0x5A, 0x63, 0x02, 0x12, 0xCE, 0xF9,
    0x1A, 0x16, 0x3D, 0x8C, 0x03, 0x34, 0x37, 0x91, 0xD6, 0xD2, 0xBD, 0xE4, 0x93, 0x7C, 0x53, 0x4C,
    0xEA, 0xC7, 0xA4, 0x11, 0xE3, 0x63, 0x4E, 0x1E, 0x3D, 0xA4, 0xB0, 0xDA, 0x48, 0xD5, 0xDB, 0x97,
    0xCE, 0x40, 0xFB, 0xD5, 0xFA, 0x19, 0x45, 0x0C, 0x14, 0xDD, 0xB7, 0x2B, 0x5C, 0x0A, 0x4E, 0x9E,
    0x40, 0x8C, 0x90, 0xB4, 0x92, 0x66, 0xD2, 0xDE, 0x7F, 0x8D, 0x7C, 0xCE, 0xE1, 0xD9, 0x77, 0x6D,
    0x03, 0xA1, 0x22, 0x77, 0x65, 0x77, 0xC7, 0x66, 0xF1, 0x1A, 0x0A, 0x07, 0x2A, 0xC1, 0x43, 0xD6,
    0x03, 0x0F, 0x0D, 0xDC, 0x71, 0x2F, 0xE5, 0x79, 0x33, 0x47, 0x41, 0x5A, 0x3B, 0xA5, 0x88, 0x9E,
    0xE2, 0x5F, 0x04, 0x7F, 0xD7, 0x8B, 0xDF, 0xB5, 0x60, 0x29, 0xA8, 0xD3, 0x1E, 0x3A, 0x39, 0x92,
    0x7D, 0x1C, 0xB2, 0xEB, 0xEC, 0xB2, 0x2B, 0x1F, 0x0D, 0x35, 0xE9, 0x1F, 0xB7, 0xE1, 0xCD, 0x09,
    0xD4, 0x06, 0x9D, 0x0E, 0x83, 0x61, 0xE6, 0x53, 0x8D, 0x39, 0x83, 0x7A, 0x44, 0xB5, 0xA0, 0x3A,
    0xA5, 0xA9, 0x7F, 0xD6, 0x17, 0xB1, 0x8D, 0x31, 0xFA, 0xA7, 0xB3, 0x0F, 0xBD, 0xAB, 0x58, 0x75,
    0x15, 0x73, 0x53, 0xF1, 0x26, 0x15, 0xBC, 0x2E, 0xB2, 0xE5, 0x17, 0xA8, 0x38, 0x90, 0xDA, 0x4E,
    0xDA, 0x4A, 0xCE, 0x43, 0x61, 0x19, 0xF3, 0x7F, 0x24, 0xD5, 0x25, 0xF2, 0x04, 0xD8, 0xDC, 0x73,
    0x70, 0x67, 0x03, 0xCF, 0x94, 0x67, 0x49, 0x59, 0x27, 0x97, 0xD2, 0x32, 0x4A, 0x7E, 0xF3, 0xE4,
    0xB7, 0x22, 0xF3, 0x38, 0xE8, 0x33, 0x0B, 0x43, 0x2E, 0xB4, 0x50, 0x06, 0x26, 0x05, 0x50, 0x6B,
    0xA0, 0xDA, 0x02, 0xF4, 0x2F, 0x80, 0xF2, 0xDF, 0x81, 0x22, 0x40, 0x8A, 0x83, 0xDC, 0x25, 0x65,
    0xCE, 0x53, 0xC3, 0x3C, 0x26, 0x9D, 0x3F, 0x6D, 0x19, 0xD0, 0xA2, 0x9F, 0x5D, 0xB3, 0x4D, 0xD1,
    0xE5, 0x1B, 0x76, 0x51, 0x4E, 0xFD, 0x0D, 0x7B, 0xE4, 0x5E, 0xFD, 0xD8, 0x8C, 0xC8, 0x42, 0xA1,
    0xDB, 0x43, 0xE8, 0xCB, 0xD2, 0xCE, 0x61, 0xD8, 0x2E, 0xEC, 0x0A, 0x16, 0xBB, 0xAA, 0x73, 0xD0,
    0xEC, 0xE5, 0xFF, 0xD6, 0xC1, 0x74, 0x94, 0xFD, 0xA7, 0x85, 0xFA, 0x90, 0xFF, 0xB6, 0x50, 0xAD,
    0xF8, 0x8D, 0x01, 0xED, 0xB9, 0x04, 0x4A, 0xC7, 0x14, 0x44, 0x9B, 0x09, 0x4C, 0x63, 0x11, 0xCD,
    0x9D, 0x6B, 0x79, 0x5A, 0xDE, 0xE3, 0x61, 0xC8, 0x3A, 0x98, 0xA8, 0x16, 0xEA, 0x1F, 0x03, 0xFA,
    0x5F, 0x9F, 0xE7, 0x9B, 0x7B, 0xBE, 0x3E, 0x30, 0xEA, 0x02, 0xD8, 0x9E, 0x02, 0x7B, 0xBA, 0x85,
    0xFB, 0x65, 0x07, 0x4E, 0x79, 0x94, 0x95, 0xDB, 0xD5, 0xE3, 0x37, 0xA2, 0x59, 0x0E, 0x3A, 0xDA,
    0x28, 0xB4, 0xFC, 0xE2, 0x8D, 0x6B, 0x6D, 0xF1, 0x45, 0x47, 0xA7, 0xBC, 0x6A, 0x25, 0x75, 0x58,
    0x6F, 0xA5, 0x34, 0xA1, 0x3E, 0x00, 0xED, 0x78, 0xD5, 0x8B, 0x3E, 0x0A, 0xAE, 0x8E, 0x2F, 0x71,
    0x0C, 0x74, 0x59, 0x8F, 0x51, 0x1E, 0x44, 0x10, 0x9D, 0x92, 0x04, 0x26, 0xC0, 0x1A, 0xB2, 0x00,
    0xEA, 0x6B, 0x39, 0x6D, 0x32, 0x53, 0xA3, 0x6C, 0x23, 0xB3, 0x8B, 0xE3, 0x13, 0x2B, 0x1A, 0x36,
    0xBA, 0x6B, 0xD3, 0x13, 0x5E, 0x63, 0x0C, 0x44, 0x77, 0x6C, 0x1C, 0x2B, 0xE6, 0x1C, 0x32, 0x62,
    0x8F, 0x1D, 0xB6, 0xD8, 0xA6, 0xA4, 0x40, 0x19, 0xD5, 0xE6, 0x36, 0xB3, 0x74, 0xDC, 0x74, 0xF8,
    0xDE, 0x34, 0xFC, 0x20, 0xF0, 0x5A, 0x23, 0x0F, 0xD3, 0xF0, 0x3B, 0x47, 0xFC, 0x36, 0x8C, 0xE1,
    0x14, 0xBE, 0x24, 0xFB, 0x07, 0xD4, 0x2F, 0x5B, 0xF5, 0xAE, 0x2D, 0x71, 0x5B, 0xAC, 0xF6, 0x18,
    0x89, 0xE4, 0x9C, 0x2D, 0x48, 0x9B, 0x3F, 0x3E, 0x3E, 0x1E, 0x68, 0xD0, 0xE4, 0x6D, 0xB1, 0x31,
    0xF5, 0xCF, 0xBB, 0x49, 0xEE, 0xDF, 0xC9, 0x3C, 0xCF, 0xAC, 0x8C, 0x7E, 0xFA, 0xA1, 0x1F, 0x32,
    0xDF, 0x67, 0x3E, 0xE4, 0xBE, 0x57, 0xFE, 0xEC, 0xCF, 0xFA, 0xCA, 0x6D, 0xA2, 0x81, 0x99, 0x40,
    0xDF, 0xC4, 0x1F, 0xF5, 0xE8, 0xBF, 0x5D, 0xA2, 0x3B, 0xDD, 0xEA, 0xD4, 0xD4, 0xAD, 0xB2, 0xE9,
    0x75, 0x72, 0x13, 0x69, 0x2D, 0xDD, 0x4B, 0x3E, 0xB3, 0xBF, 0x5C, 0x12, 0xCB, 0x9E, 0x7C, 0x63,
    0xAA, 0x9F, 0xBB, 0xF4, 0x95, 0x9A, 0xBB, 0x1E, 0xC2, 0x0D, 0xEB, 0x61, 0x01, 0x0D, 0x07, 0xD5,
    0xCF, 0x5C, 0xEA, 0xF0, 0xE2, 0x1A, 0xB2, 0x0B, 0xA0, 0x79, 0x0E, 0x59, 0x6A, 0xA8, 0x3F, 0xB9,
    0xA0, 0xE1, 0x9A, 0x35, 0xA7, 0xF4, 0x34, 0x84, 0x97, 0xD0, 0x0B, 0xD2, 0x3D, 0xF1, 0x11, 0xDF,
    0xA5, 0x29, 0xAE, 0x6B, 0x97, 0x3F, 0xFB, 0x36, 0x1E, 0xE7, 0x6E, 0x21, 0x9B, 0x23, 0x04, 0x42,
    0x8C, 0xE1, 0xEA, 0xF8, 0x28, 0xC0, 0xF9, 0x4B, 0x4F, 0x5D, 0xBA, 0xFC, 0xBF, 0x82, 0xB2, 0xAE,
    0xB0, 0x88, 0xC5, 0xC8, 0xBD, 0x47, 0x72, 0xF1, 0x9D, 0x56, 0xDA, 0x74, 0xB4, 0x62, 0x94, 0x8D,
    0xCD, 0x8C, 0xFE, 0xE4, 0xD7, 0xA6, 0xCE, 0x3C, 0x93, 0x1B, 0x09, 0xED, 0xE3, 0xD1, 0xEF, 0x39,
    0x54, 0x6C, 0x29, 0x0D, 0xEC, 0x02, 0x77, 0x01, 0x1D, 0x7B, 0xCA, 0xB8, 0xE1, 0x94, 0x29, 0x3D,
    0x15, 0x81, 0x9A, 0x94, 0xFA, 0xD9, 0x87, 0x69, 0xFD, 0x01, 0xB7, 0x17, 0x3D, 0xA0, 0x3F, 0x7F,
    0x88, 0xB6, 0x35, 0x52, 0x76, 0xF3, 0xBF, 0x8E, 0x56, 0x8A, 0xDE, 0xE9, 0x2E, 0x06, 0x1D, 0x4A,
    0x89, 0x2E, 0x01, 0x88, 0x66, 0x76, 0xAB, 0xEF, 0xEC, 0x8B, 0x38, 0xE4, 0x4E, 0xF9, 0xDC, 0x01,
    0xD4, 0xBE, 0xF0, 0xF9, 0x2B, 0xBE, 0x1F, 0xAA, 0xF6, 0xE2, 0xF6, 0x1C, 0xDF, 0x8B, 0x56, 0xBF,
    0xBB, 0x11, 0xD5, 0x80, 0xFE, 0x51, 0x87, 0x7E, 0xDF, 0xA0, 0xFF, 0x18, 0xF4, 0x52, 0xF0, 0x65,
    0x8B, 0xFE, 0xEB, 0x4E, 0xD6, 0xBD, 0xF8, 0xF6, 0x82, 0x33, 0x66, 0xDD, 0xF4, 0x41, 0xF4, 0xA5,
    0x8F, 0xF6, 0x24, 0xFD, 0x43, 0xBC, 0xE2, 0x0B, 0x27, 0x96, 0x7D, 0xE5, 0x99, 0xFD, 0xE4, 0xE1,
    0x4F, 0x86, 0x54, 0x05, 0x3B, 0x21, 0xED, 0xB3, 0x26, 0xED, 0xA2, 0x7A, 0x3D, 0x16, 0xFF, 0x8A,
    0x54, 0x99, 0xEA, 0x41, 0xEC, 0x75, 0xA8, 0x7C, 0x2C, 0x83, 0x28, 0xBE, 0x66, 0x55, 0xCD, 0x37,
    0x55, 0xCD, 0xA3, 0xA9, 0x3E, 0x71, 0x0D, 0x61, 0xCD, 0xA2, 0x67, 0x1C, 0x68, 0x5E, 0x98, 0x4C,
    0x17, 0x2C, 0xE4, 0x96, 0x38, 0x88, 0x9B, 0x64, 0x8D, 0x34, 0xC0, 0x6B, 0x37, 0xCB, 0xB3, 0xC6,
    0x4A, 0x0D, 0x66, 0xB8, 0x09, 0xC9, 0x1A, 0x62, 0x0F, 0xE9, 0x48, 0xD7, 0x9F, 0x5C, 0x9A, 0x86,
    0xCD, 0x6B, 0xB6, 0xC1, 0x29, 0xA9, 0x75, 0xE0, 0x25, 0xFC, 0xFF, 0x68, 0xD0, 0xD1, 0xC5, 0xCA,
    0xCD, 0x7E, 0x18, 0x74, 0xF7, 0x99, 0xB6, 0xE8, 0x96, 0x64, 0xE6, 0xDB, 0xD6, 0x32, 0xFB, 0x82,
    0x38, 0x50, 0x6E, 0x38, 0x9B, 0xB5, 0x7D, 0x69, 0x43, 0x61, 0x06, 0x58, 0xB6, 0x54, 0x3D, 0xB2,
    0x43, 0x2A, 0x2B, 0xDF, 0xE6, 0x5E, 0x75, 0x41, 0xDE, 0x91, 0xB3, 0xB6, 0xBA, 0x42, 0x99, 0xC2,
    0x54, 0x26, 0xC6, 0x93, 0x9F, 0xDE, 0x56, 0xC3, 0xF2, 0x49, 0x1E, 0xA7, 0xDD, 0xB4, 0xBB, 0x23,
    0x43, 0xBD, 0x6A, 0xB8, 0xA2, 0xCB, 0x7D, 0xE9, 0xB8, 0xFA, 0xD3, 0xC0, 0xF4, 0x9F, 0x36, 0xD1,
    0x4F, 0xFB, 0xA5, 0xC4, 0x55, 0x46, 0xB5, 0x52, 0x39, 0x4A, 0x5B, 0x52, 0xD8, 0x2D, 0x94, 0xDB,
    0x21, 0xF7, 0x23, 0xF0, 0x07, 0xD0, 0xAF, 0x60, 0xDD, 0xC1, 0xC4, 0xC2, 0xB4, 0x85, 0xDA, 0x30,
    0x1D, 0x94, 0x9D, 0xF6, 0xD5, 0xE3, 0x42, 0x62, 0xE5, 0x3C, 0x39, 0xD5, 0x4A, 0xD5, 0xBD, 0x4A,
    0x71, 0xA1, 0x90, 0xC8, 0xBD, 0xF3, 0xDF, 0x02, 0x7F, 0xB8, 0xD8, 0x82, 0x30, 0x6F, 0x76, 0xE0,
    0x7C, 0x35, 0x79, 0x1B, 0x16, 0x5D, 0x75, 0x08, 0x8D, 0xD5, 0x73, 0x98, 0x5A, 0xED, 0xA1, 0x32,
    0x85, 0x03, 0x8D, 0xB2, 0xA2, 0x59, 0x87, 0x2A, 0xC8, 0x1E, 0x7C, 0x09, 0xFD, 0x16, 0x9C, 0x49,
    0x44, 0xED, 0x41, 0x3B, 0x81, 0x87, 0x1F, 0x0E, 0xB0, 0x3A, 0x23, 0xB3, 0x29, 0xDB, 0xD2, 0x56,
    0x5D, 0x15, 0x96, 0x7E, 0x3A, 0xC8, 0x1E, 0xFC, 0xB2, 0xAB, 0x3A, 0xA9, 0x84, 0x29, 0xDB, 0x94,
    0xFF, 0x36, 0xAA, 0xDB, 0x25, 0xF3, 0x7B, 0x10, 0x46, 0x70, 0x3E, 0x87, 0xC5, 0x0A, 0x1A, 0x07,
    0x95, 0x05, 0x2D, 0x28, 0x0D, 0x68, 0x60, 0x1B, 0x68, 0x80, 0x35, 0xDC, 0xF1, 0x90, 0xB6, 0x97,
    0x3E, 0x79, 0x3E, 0x72, 0x5D, 0x69, 0xDB, 0xCA, 0x30, 0x81, 0x35, 0x04, 0x72, 0x2F, 0xBA, 0x68,
    0x43, 0xCD, 0xC1, 0x98, 0xF9, 0xC5, 0x87, 0x5E, 0xDC, 0x58, 0xB6, 0xD9, 0x15, 0xCA, 0xA1, 0x3A,
    0x5E, 0x36, 0x4B, 0xD5, 0x72, 0x0D, 0xB3, 0x56, 0x02, 0x6F, 0x73, 0x70, 0xE4, 0x01, 0x2E, 0x5B,
    0x32, 0xFC, 0x77, 0xFD, 0x36, 0x70, 0x62, 0x29, 0xBA, 0xDB, 0xE3, 0xB3, 0x9E, 0x94, 0xB0, 0x64,
    0xE0, 0x51, 0xB7, 0xF9, 0x68, 0x4B, 0x84, 0x23, 0x00, 0xAA, 0x6E, 0xFB, 0xF7, 0x3F, 0xDB, 0x9A,
    0xEF, 0xEF, 0xAD, 0x8A, 0x00, 0xFC, 0x0F, 0xBD, 0x98, 0x31, 0x6C, 0x1D, 0xC9, 0x79, 0xC7, 0x7F,
    0xBB, 0x73, 0x77, 0x1B, 0x7B, 0xA5, 0x37, 0x04, 0x72, 0x86, 0x0E, 0x10, 0x99, 0xBD, 0xC2, 0x05,
    0x13, 0x3C, 0x72, 0x9F, 0x01, 0x16, 0xAF, 0xD8, 0xE5, 0xAE, 0x7D, 0xC5, 0x15, 0x6E, 0x58, 0x88,
    0x77, 0x85, 0x10, 0xB3, 0x0F, 0x8C, 0x90, 0x46, 0x14, 0x43, 0x01, 0x1E, 0xF5, 0xD6, 0x48, 0xE1,
    0x56, 0x55, 0x54, 0x5C, 0x71, 0xD7, 0x37, 0x7E, 0x80, 0x85, 0x84, 0x8E, 0x9F, 0xA5, 0x39, 0x5F,
    0x91, 0x76, 0x94, 0xB3, 0x7C, 0x65, 0xD6, 0xC0, 0xA9, 0x72, 0x00, 0x4F, 0x80, 0x11, 0xB0, 0x44,
    0x96, 0x6F, 0x32, 0x03, 0x8A, 0xC4, 0x13, 0x21, 0xC5, 0xA2, 0x2D, 0x68, 0xE6, 0xFB, 0xFE, 0x6F,
    0xE6, 0x9B, 0xF9, 0xFE, 0xFF, 0x99, 0xF7, 0x76, 0xB0, 0x43, 0x1E, 0xF5, 0x47, 0x30, 0x59, 0x2E,
    0x8C, 0xE0, 0x80, 0xC4, 0x35, 0xF9, 0x3F, 0xD8, 0xE2, 0x3B, 0xF6, 0x68, 0xD4, 0x76, 0x23, 0xEC,
    0x99, 0xF9, 0xF6, 0x7C, 0x44, 0x31, 0x7A, 0x37, 0xFF, 0xD1, 0xFD, 0xC4, 0xB5, 0x1C, 0xC0, 0x28,
    0x58, 0xE4, 0xB4, 0xFC, 0x6D, 0x97, 0x33, 0xD9, 0x66, 0x5C, 0xC2, 0x36, 0xE4, 0x90, 0xD5, 0x38,
    0xA7, 0x6E, 0x3E, 0xAE, 0x85, 0x42, 0x68, 0x82, 0x29, 0x52, 0xC8, 0x8E, 0x93, 0x87, 0x6E, 0x71,
    0x37, 0xED, 0x76, 0x58, 0xF9, 0xD7, 0xC5, 0xAD, 0xEA, 0x66, 0x5B, 0xD0, 0x8E, 0x38, 0x18, 0x31,
    0xF2, 0x38, 0xA6, 0xDD, 0x4C, 0xF4, 0x2F, 0xDD, 0xFD, 0xCF, 0xF8, 0x36, 0x50, 0xF5, 0x59, 0x97,
    0xD9, 0xA4, 0x4D, 0x74, 0xAC, 0x44, 0x2B, 0x88, 0xCC, 0x3B, 0x70, 0x74, 0x05, 0x8A, 0x75, 0xD8,
    0x1C, 0x81, 0xFC, 0x0C, 0xE1, 0x1C, 0xD1, 0xCD, 0xC7, 0x90, 0xA8, 0xE5, 0xF6, 0xA9, 0xEF, 0x3D,
    0x05, 0xE7, 0x30, 0xE7, 0x05, 0x60, 0xA9, 0x1B, 0x2F, 0x90, 0x9F, 0x34, 0x9B, 0x42, 0x95, 0xB1,
    0xDA, 0x86, 0x0A, 0x32, 0xED, 0x55, 0x99, 0xB9, 0xDA, 0xE4, 0xDA, 0x0A, 0xF3, 0xAB, 0xC8, 0x54,
    0x8D, 0x91, 0x5D, 0x1B, 0x39, 0x45, 0xA6, 0x10, 0xED, 0x5B, 0x98, 0x02, 0x53, 0xD2, 0xE6, 0x1F,
    0xAA, 0xD4, 0x01, 0xCC, 0x86, 0xB6, 0x9C, 0x0D, 0x01, 0x20, 0x71, 0x77, 0xE1, 0xCE, 0xEE, 0xAF,
    0x88, 0x35, 0x49, 0x9D, 0xF2, 0xF0, 0x91, 0xBE, 0x9A, 0x3C, 0x36, 0x07, 0xEB, 0x92, 0xD9, 0xD6,
    0xD6, 0x26, 0xAC, 0x8F, 0xB6, 0x61, 0x75, 0x54, 0xC2, 0x95, 0x53, 0x08, 0xDD, 0x30, 0xF0, 0xDE,
    0x7A, 0xC6, 0xCA, 0xD6, 0x95, 0x54, 0xCF, 0x0E, 0xD2, 0xD8, 0x69, 0x2D, 0x14, 0x49, 0xC3, 0x2F,
    0xB8, 0x03, 0xA9, 0x6B, 0x01, 0x20, 0x6B, 0x29, 0x0A, 0xD6, 0x87, 0x30, 0x24, 0xEF, 0xB9, 0x3F,
    0xA4, 0x1D, 0x62, 0x0A, 0xAA, 0x4F, 0x89, 0x95, 0x4E, 0x3E, 0x50, 0x99, 0xAC, 0xCB, 0x9C, 0xFE,
    0x30, 0x98, 0x6F, 0xF8, 0xAE, 0x0F, 0xFA, 0x21, 0xC0, 0xB9, 0x7E, 0x77, 0x77, 0x02, 0xC5, 0x92,
    0xAD, 0x80, 0x8F, 0xDE, 0x78, 0xE1, 0xD2, 0x2B, 0xF7, 0x13, 0x7D, 0xF5, 0xFA, 0x6F, 0xFD, 0xD2,
    0x13, 0x65, 0xB7, 0xB6, 0x3C, 0xAC, 0x8F, 0x92, 0x5F, 0x9B, 0xD5, 0x51, 0xE2, 0xEA, 0x2B, 0xA3,
    0xE4, 0xBF, 0x02, 0x7C, 0xA1, 0x56, 0xB7, 0x92, 0x5F, 0xB7, 0xEF, 0xAD, 0xA7, 0x7E, 0xCA, 0x95,
    0xCA, 0x3E, 0x38, 0x48, 0xBF, 0xB5, 0xF3, 0xAD, 0x17, 0x2E, 0x1D, 0x70, 0xCE, 0xED, 0xEE, 0xEE,
    0x42, 0x66, 0x0E, 0x27, 0x66, 0x60, 0xA4, 0x19, 0xDC, 0xDE, 0xC8, 0x2D, 0x60, 0x9E, 0xB3, 0xB0,
    0xD0, 0xA7, 0x37, 0x9E, 0x0B, 0x02, 0xB0, 0xBB, 0x7B, 0xC3, 0x0F, 0xE5, 0xAD, 0x99, 0xB4, 0x05,
    0x05, 0x13, 0x66, 0x91, 0x4A, 0x59, 0x4F, 0xFF, 0xFD, 0x67, 0xCE, 0xE5, 0x7A, 0x76, 0xBB, 0x2D,
    0x76, 0x42, 0xD4, 0x64, 0x9A, 0x12, 0xD9, 0x4A, 0xB3, 0x91, 0x7F, 0x2D, 0x9B, 0x4D, 0xC6, 0xB4,
    0xD8, 0x57, 0xAC, 0x5D, 0x64, 0xE9, 0x45, 0x87, 0xFB, 0xC1, 0x9C, 0xDF, 0x77, 0x39, 0x2D, 0x10,
    0xDC, 0x00, 0x1D, 0x70, 0x02, 0x4C, 0x80, 0xD4, 0x39, 0x53, 0xB9, 0xBD, 0xBB, 0x95, 0x93, 0x4C,
    0x2F, 0x78, 0x88, 0x65, 0xDE, 0xE3, 0x9F, 0x49, 0x90, 0xAF, 0xE8, 0xB9, 0xAC, 0x23, 0x27, 0x0D,
    0x37, 0xDE, 0xDE, 0x09, 0xC7, 0x92, 0xF7, 0xC8, 0xEB, 0x44, 0x09, 0x9D, 0x28, 0x57, 0xBF, 0x0B,
    0x4D, 0xA2, 0xF6, 0xD5, 0xCF, 0x95, 0x78, 0xAE, 0x4E, 0x4F, 0x32, 0x7B, 0x6B, 0x75, 0x36, 0x68,
    0xD3, 0x50, 0x67, 0x83, 0xAD, 0xB5, 0xCC, 0x8E, 0x57, 0x59, 0x93, 0xC8, 0x0F, 0x55, 0xF2, 0x45,
    0x2B, 0xFE, 0xC7, 0x7A, 0xF3, 0x0D, 0xDF, 0xF5, 0x41, 0x3F, 0x44, 0xC3, 0x37, 0x48, 0x35, 0x43,
    0x7E, 0xA9, 0x19, 0xF3, 0x97, 0x9A, 0x19, 0x42, 0xD3, 0x7A, 0x88, 0x94, 0x07, 0xD1, 0xE0, 0x25,
    0xF1, 0x20, 0x63, 0x23, 0xF4, 0x9A, 0x30, 0xA2, 0x2D, 0xA4, 0x99, 0x9E, 0xDC, 0xDA, 0x30, 0x30,
    0xFB, 0x8E, 0x01, 0xFD, 0xC8, 0x10, 0x7F, 0xFE, 0xB9, 0x41, 0x7C, 0xE0, 0x1C, 0x69, 0xF4, 0xD1,
    0x53, 0x06, 0xBC, 0x63, 0x59, 0x45, 0x9E, 0xC4, 0x81, 0x39, 0x0F, 0xCC, 0x3F, 0x5F, 0x62, 0x8E,
    0xCF, 0x99, 0x53, 0x3C, 0x0C, 0xF2, 0x4E, 0xE8, 0xE1, 0xC9, 0x1D, 0xD1, 0x8E, 0x8F, 0xF2, 0xE9,
    0xC9, 0x8C, 0x0C, 0x5A, 0x36, 0x89, 0x15, 0x05, 0xA2, 0xC1, 0x90, 0x22, 0x14, 0x03, 0x06, 0x31,
    0x43, 0x0E, 0x3F, 0x66, 0x8C, 0x73, 0x00, 0xE4, 0x96, 0x75, 0x4E, 0xE6, 0x8C, 0xE9, 0x4A, 0x66,
    0xAC, 0x14, 0xB4, 0x70, 0x3F, 0x56, 0xA4, 0x81, 0x3E, 0x9A, 0x27, 0x40, 0x2E, 0xA1, 0xCE, 0xD6,
    0x52, 0xA5, 0xF2, 0x42, 0x2A, 0x73, 0x78, 0xAB, 0x52, 0x53, 0x6B, 0xFE, 0x4D, 0x11, 0xE9, 0xFF,
    0x50, 0xC4, 0x5F, 0x7C, 0xA8, 0x10, 0x3F, 0x4D, 0x14, 0xA9, 0x74, 0x3D, 0x83, 0xB7, 0x6F, 0xFE,
    0x86, 0x21, 0xD7, 0x35, 0x63, 0x2A, 0xCB, 0x11, 0xF4, 0x04, 0x04, 0x80, 0x51, 0x30, 0x0E, 0x88,
    0x0D, 0xB2, 0x61, 0x1B, 0xE6, 0xD0, 0x81, 0xA5, 0xB6, 0x98, 0xA3, 0xC8, 0x6C, 0x27, 0x6D, 0xEA,
    0x1A, 0x80, 0x0A, 0x08, 0x73, 0x40, 0x28, 0x80, 0x19, 0xCF, 0x15, 0x0B, 0xC4, 0x1D, 0x20, 0x7A,
    0x20, 0x39, 0x04, 0xD2, 0x0A, 0x18, 0xE4, 0xC0, 0x6A, 0xC8, 0x1B, 0x4B, 0x05, 0xB7, 0x12, 0x0D,
    0x33, 0xD1, 0x42, 0x2B, 0x0C, 0x91, 0x73, 0x36, 0xD0, 0xF5, 0x88, 0x9A, 0x39, 0x29, 0x6C, 0x23,
    0xA1, 0x62, 0x7F, 0x27, 0x7A, 0x78, 0xD7, 0x19, 0xE1, 0xCC, 0x33, 0xCD, 0x4D, 0x80, 0xDB, 0x00,
    0xED, 0x1B, 0xD2, 0x0D, 0xA4, 0x24, 0x3D, 0x20, 0x33, 0x60, 0x2C, 0x9A, 0x37, 0xA3, 0x0B, 0x40,
    0xA5, 0x3F, 0x83, 0x1F, 0x2F, 0x14, 0xEC, 0xE4, 0xF5, 0x9B, 0xD1, 0x1D, 0xA6, 0x40, 0x29, 0x6B,
    0x42, 0x6B, 0xB9, 0xC4, 0x06, 0x10, 0xE7, 0xDF, 0x46, 0x1A, 0x24, 0x07, 0xDB, 0xC0, 0x5A, 0x05,
    0x0C, 0xB3, 0xFA, 0x99, 0xE4, 0x41, 0xAA, 0xC0, 0x9C, 0x49, 0xC6, 0xA7, 0x92, 0x51, 0x47, 0x52,
    0xD3, 0x93, 0xC2, 0x9D, 0x17, 0x6F, 0x35, 0xEE, 0x80, 0xC1, 0x0F, 0x80, 0x2B, 0x49, 0x00, 0x11,
    0xBA, 0xE9, 0x99, 0x5A, 0xD0, 0x45, 0x9C, 0xEB, 0xCA, 0x2A, 0xE8, 0xE6, 0x04, 0xDD, 0xF3, 0xAD,
    0xA6, 0x2F, 0xD8, 0x6A, 0xD4, 0x23, 0x1A, 0xE6, 0xCB, 0xBA, 0x77, 0xCF, 0x75, 0x71, 0x2E, 0xE0,
    0xDF, 0x3F, 0xFD, 0xC8, 0xC0, 0x5F, 0x1B, 0x66, 0xF0, 0x23, 0xC3, 0x01, 0xFC, 0xCE, 0xF0, 0x3E,
    0xD1, 0xE7, 0x06, 0x10, 0x3F, 0x09, 0x98, 0x44, 0x01, 0x07, 0x9E, 0x14, 0x56, 0xA3, 0xA7, 0xBB,
    0x30, 0x0E, 0x11, 0x1E, 0xBA, 0x80, 0x4F, 0x42, 0x7E, 0xAC, 0x42, 0x44, 0xD4, 0x1E, 0xD7, 0x53,
    0x3C, 0x8E, 0xF3, 0x5A, 0x18, 0x8E, 0x9C, 0xA9, 0x9C, 0xEB, 0xD8, 0x3F, 0x46, 0x3C, 0xDD, 0x6F,
    0x64, 0x9D, 0xAA, 0x4D, 0x84, 0x2A, 0x88, 0x98, 0x03, 0x1D, 0x60, 0x2F, 0x78, 0x07, 0xCC, 0x81,
    0x02, 0xD8, 0x04, 0x64, 0x13, 0x29, 0x9F, 0x5B, 0x33, 0xED, 0x20, 0xC5, 0x7B, 0x0B, 0xD1, 0xB3,
    0xD9, 0xB1, 0x81, 0xA9, 0x86, 0xB7, 0x80, 0x1E, 0x28, 0x01, 0x09, 0x2C, 0x3D, 0xA6, 0x53, 0xE7,
    0xDA, 0xEB, 0x4F, 0x3E, 0x6E, 0x85, 0xE6, 0xCC, 0x77, 0xBC, 0x73, 0xEE, 0x6E, 0x81, 0x78, 0x72,
    0x23, 0xB4, 0x97, 0x7D, 0xC5, 0xFB, 0xC8, 0xFB, 0x41, 0xAA, 0x23, 0xE3, 0x39, 0x0C, 0xCC, 0x21,
    0x32, 0x20, 0x14, 0xA4, 0xBC, 0x7E, 0x7E, 0xA9, 0x20, 0x37, 0x50, 0x1C, 0x41, 0xBB, 0xF6, 0xFA,
    0xF9, 0x67, 0x63, 0xB0, 0x13, 0xFC, 0xE7, 0x0B, 0xB8, 0xA3, 0x33, 0xEE, 0xBB, 0xCF, 0x73, 0x9F,
    0xBC, 0x12, 0x77, 0x85, 0x6C, 0x84, 0x62, 0x06, 0x50, 0xB9, 0x6B, 0xC7, 0xB1, 0x89, 0x5E, 0x52,
    0x63, 0x73, 0xED, 0xB8, 0x72, 0x1C, 0x61, 0x62, 0x95, 0x00, 0xE0, 0xFA, 0xBD, 0xAF, 0x53, 0x95,
    0xBC, 0xA4, 0xA6, 0x6A, 0xEF, 0x6B, 0xD7, 0xC7, 0x86, 0xA4, 0x43, 0x6E, 0x30, 0x4E, 0x80, 0x53,
    0x15, 0xAE, 0x1D, 0x13, 0x1B, 0xA2, 0x57, 0xB0, 0xD8, 0xF8, 0xC9, 0x21, 0xE5, 0xFE, 0xB8, 0x9B,
    0xCC, 0xC6, 0xCF, 0x54, 0x6D, 0xA2, 0x5E, 0x5E, 0xF7, 0xAC, 0xEB, 0x9D, 0xEB, 0xD8, 0x7B, 0x3C,
    0xAD, 0x7D, 0x5F, 0x27, 0x2A, 0x32, 0x89, 0xA2, 0xF3, 0x3E, 0xF1, 0x5E, 0x78, 0x2F, 0x9D, 0x53,
    0xA5, 0xBF, 0xF5, 0x96, 0xA1, 0x1D, 0x62, 0xCF, 0xC6, 0xBA, 0x30, 0x37, 0xF5, 0x39, 0x21, 0x37,
    0x70, 0x00, 0x40, 0xAE, 0x15, 0xFC, 0xF8, 0x7F, 0x15, 0xEC, 0x4C, 0x59, 0x2A, 0x4E, 0x09, 0xA7,
    0xF6, 0xDB, 0xE8, 0x41, 0x2D, 0x0D, 0x05, 0xB2, 0x67, 0x88, 0x3C, 0x0C, 0x50, 0x05, 0x90, 0x8D,
    0x87, 0x54, 0x7B, 0x10, 0xC6, 0x43, 0xD4, 0x79, 0x60, 0x1E, 0xA0, 0x0A, 0x90, 0xFD, 0x10, 0x19,
    0x72, 0x24, 0x22, 0x40, 0xDC, 0xFB, 0x13, 0x4E, 0x8F, 0x33, 0x4C, 0xA0, 0x07, 0xB6, 0x01, 0x09,
    0xC4, 0x8A, 0xF3, 0xB2, 0xDF, 0x21, 0x9E, 0xEC, 0xD7, 0xB2, 0x16, 0x7A, 0x1B, 0x4C, 0x01, 0x47,
    0x73, 0x98, 0x74, 0x50, 0x58, 0x28, 0x97, 0x3D, 0xC4, 0xC2, 0x58, 0x98, 0x13, 0xE6, 0x86, 0x9C,
    0x70, 0x1A, 0x03, 0x07, 0xCC, 0x01, 0x0B, 0x42, 0x43, 0xCA, 0xEB, 0xE7, 0x97, 0x1A, 0x32, 0x03,
    0xC5, 0x6D, 0x68, 0xD7, 0x5E, 0x3F, 0xFF, 0x0A, 0x44, 0x0B, 0x81, 0xF8, 0xF4, 0x0F, 0x88, 0xA8,
    0x7F, 0xFD, 0xFC, 0xB3, 0x21, 0xD8, 0xF2, 0xF4, 0x13, 0x5E, 0x3F, 0x3F, 0x14, 0x14, 0x7F, 0x85,
    0x4D, 0xFE, 0x59, 0x47, 0xBF, 0xAF, 0x39, 0x84, 0x07, 0xC4, 0x5F, 0x35, 0xE9, 0x77, 0xDB, 0x0D,
    0x6E, 0x6F, 0xB1, 0x0E, 0x00, 0x33, 0xF6, 0x8F, 0xB5, 0xD7, 0x53, 0xB2, 0x4E, 0xDB, 0x4D, 0xA4,
    0x2D, 0x18, 0x7A, 0xBD, 0xB1, 0xD7, 0x9B, 0x15, 0x36, 0xD2, 0xA5, 0x15, 0xAA, 0xB4, 0x89, 0xD7,
    0x1B, 0x78, 0xBD, 0xA1, 0xD7, 0xDB, 0x62, 0x32, 0x99, 0x79, 0x3D, 0x8D, 0xC9, 0x94, 0xD0, 0xA9,
    0xD7, 0xFB, 0xE6, 0xB4, 0x63, 0x15, 0x20, 0x07, 0x48, 0x1B, 0x20, 0xBE, 0x78, 0x01, 0x02, 0xD7,
    0x0B, 0xE7, 0x0F, 0xAC, 0x7F, 0x96, 0xC3, 0x79, 0xE0, 0x4F, 0x04, 0xA1, 0x03, 0x18, 0x2C, 0x2C,
    0x6E, 0xB6, 0x70, 0x7D, 0x71, 0x2E, 0x5C, 0x02, 0x58, 0x82, 0xF8, 0x9B, 0xD1, 0x5D, 0xBA, 0x65,
    0xC8, 0x0C, 0x58, 0x15, 0xCD, 0x9B, 0xD1, 0x1D, 0xA4, 0x40, 0x26, 0xEB, 0x67, 0x2D, 0xE0, 0xCD,
    0xE8, 0x52, 0x01, 0x73, 0xC0, 0x40, 0xDC, 0x2C, 0x29, 0x4A, 0x37, 0xFD, 0xCD, 0x3B, 0x27, 0x52,
    0x61, 0x12, 0x8D, 0x16, 0x46, 0x34, 0x91, 0x4D, 0x60, 0x7E, 0x15, 0xCA, 0x21, 0xE4, 0x23, 0x90,
    0x2D, 0x24, 0xEA, 0xA2, 0x2F, 0xFF, 0x79, 0x1E, 0x8C, 0xBD, 0x27, 0x90, 0x86, 0xB0, 0xB3, 0x24,
    0x8F, 0x1F, 0xF8, 0x61, 0xE9, 0xF7, 0x71, 0xF1, 0x1D, 0x90, 0x36, 0xA7, 0xF1, 0x3B, 0xA7, 0xF3,
    0x34, 0xA4, 0xE7, 0x34, 0x40, 0x7E, 0x02, 0x27, 0x7B, 0x4D, 0x6C, 0x84, 0x16, 0x6D, 0x1C, 0xDE,
    0x60, 0xA6, 0xD2, 0xFB, 0xE6, 0xDA, 0xA3, 0xE3, 0x1D, 0xF1, 0x65, 0x8B, 0xF8, 0x52, 0x7B, 0x37,
    0x88, 0x47, 0x27, 0x08, 0x3D, 0xD5, 0x42, 0xA7, 0x56, 0x68, 0x7A, 0xF1, 0x88, 0x52, 0x7C, 0x59,
    0x97, 0xE2, 0xAB, 0xA6, 0xB8, 0xFE, 0xE5, 0x93, 0x6E, 0xAA, 0x1F, 0xEA, 0x54, 0x11, 0xB7, 0x30,
    0x83, 0x77, 0x01, 0x92, 0x45, 0x9D, 0x7F, 0xA2, 0xB7, 0x63, 0xB3, 0x71, 0xF6, 0x02, 0x49, 0x9D,
    0xA9, 0x3E, 0x32, 0x7D, 0x64, 0xBA, 0xC8, 0xD8, 0xD8, 0x74, 0xC2, 0xDC, 0xF9, 0x61, 0x97, 0xB5,
    0x0B, 0x52, 0x85, 0x84, 0x02, 0xDE, 0x7F, 0x69, 0xE2, 0xF6, 0x77, 0xCD, 0xDC, 0x67, 0x5D, 0x48,
    0xEC, 0x89, 0x17, 0x24, 0x3F, 0xAD, 0xBF, 0x41, 0x73, 0x29, 0xC5, 0x08, 0x64, 0x7B, 0x50, 0x3E,
    0x68, 0xBF, 0x9D, 0x29, 0xE0, 0x52, 0xB9, 0xA9, 0x68, 0xE4, 0x87, 0xCA, 0xE3, 0x65, 0x13, 0x01,
    0x16, 0x88, 0x7B, 0x8D, 0x40, 0x89, 0xEF, 0xA9, 0xC8, 0xC1, 0x39, 0xC3, 0x3D, 0xBD, 0x1D, 0x99,
    0x0D, 0x0C, 0x04, 0x0B, 0x0C, 0xBB, 0xA6, 0xC7, 0x74, 0x84, 0x2D, 0x07, 0x86, 0xBF, 0xED, 0x32,
    0xF3, 0x20, 0x71, 0xDF, 0x5B, 0x90, 0xDF, 0xFB, 0xC3, 0x4D, 0xB5, 0x1D, 0xF5, 0x71, 0xBB, 0x81,
    0x17, 0x81, 0x0E, 0x0B, 0x16, 0x9B, 0x3A, 0xE7, 0x6C, 0xB5, 0x7B, 0xBC, 0xBB, 0xD3, 0x63, 0xA1,
    0xA3, 0x03, 0x4B, 0x0F, 0x5D, 0x7C, 0xC2, 0xE8, 0xCE, 0x5E, 0xF6, 0x2F, 0x6D, 0xD6, 0xC5, 0xAE,
    0x8E, 0x17, 0x75, 0xF6, 0x49, 0x5B, 0xC6, 0xE1, 0x0B, 0x0D, 0x53, 0x96, 0xAC, 0x83, 0x09, 0x94,
    0x8C, 0xFC, 0x5C, 0x3F, 0x93, 0x03, 0xB8, 0x03, 0xB2, 0x0E, 0x96, 0x21, 0x4E, 0xA0, 0xE6, 0xC2,
    0xCF, 0x1C, 0x2F, 0xC8, 0x6E, 0xAA, 0x22, 0x6E, 0x27, 0x81, 0xCD, 0x5A, 0xAC, 0x73, 0xD6, 0xAF,
    0xC1, 0xC2, 0xD1, 0x05, 0x36, 0xD9, 0x90, 0xC1, 0x18, 0x76, 0x2E, 0x99, 0xD8, 0x05, 0xE9, 0xF4,
    0xFB, 0xFC, 0x45, 0x54, 0x5F, 0x2A, 0x71, 0x20, 0x9A, 0x2C, 0x51, 0x1E, 0xE1, 0x55, 0x15, 0x65,
    0x48, 0xAC, 0x2B, 0xD2, 0x26, 0xD2, 0xAC, 0x40, 0x6E, 0xAE, 0x99, 0xF8, 0x65, 0xD7, 0xAF, 0x39,
    0xE1, 0xF8, 0x02, 0x0F, 0xD5, 0x9E, 0x4A, 0x5F, 0x72, 0xE9, 0x12, 0x46, 0x1E, 0x6D, 0xAC, 0xAD,
    0x44, 0xFF, 0x3F, 0xD7, 0x6C, 0x6C, 0xC3, 0x95, 0x8A, 0xC0, 0x95, 0xBD, 0x94, 0xEB, 0x2D, 0x56,
    0xA4, 0x36, 0x91, 0x6B, 0x98, 0x22, 0xBE, 0x52, 0x71, 0xDC, 0x82, 0x79, 0xC7, 0x75, 0xD9, 0xC7,
    0x7D, 0x41, 0x3F, 0xE7, 0xB0, 0xA3, 0xB4, 0x67, 0xD6, 0x51, 0xCC, 0x99, 0x94, 0xD8, 0xEC, 0x5E,
    0xEB, 0x7F, 0xF3, 0xD3, 0xD7, 0xF4, 0x37, 0x11, 0x9F, 0xFE, 0x37, 0x71, 0x6C, 0x39, 0x2B, 0x2E,
    0xB5, 0xEC, 0xFF, 0xE3, 0x03, 0xA4, 0xCA, 0x91, 0x8D, 0xAC, 0xFF, 0x48, 0x6D, 0xF6, 0xB5, 0xD4,
    0xCE, 0x4A, 0xFB, 0xEC, 0x39, 0xB8, 0x05, 0xEF, 0x01, 0xC4, 0xAE, 0xF6, 0x3A, 0x5E, 0xCD, 0x6B,
    0x7A, 0x65, 0xFB, 0xFC, 0x42, 0x26, 0xE7, 0x0B, 0x71, 0x35, 0x89, 0x42, 0xD6, 0x6C, 0xC0, 0xFB,
    0x97, 0x4C, 0xEC, 0x89, 0xC2, 0x71, 0x6F, 0xC2, 0x71, 0xBF, 0x54, 0x22, 0x48, 0x73, 0xB0, 0xF6,
    0xA0, 0x7D, 0x37, 0x6B, 0xE0, 0x72, 0xA2, 0x69, 0xAC, 0xE4, 0x07, 0xDA, 0xE3, 0x65, 0x13, 0x99,
    0x81, 0x25, 0x20, 0x00, 0x67, 0xFF, 0x4F, 0xBC, 0x01, 0x00, 0x4B, 0xA3, 0xC3, 0x78, 0x71, 0x2B,
    0xBB, 0x67, 0x7C, 0xE2, 0x24, 0xEE, 0xBB, 0xA4, 0xB0, 0x57, 0x4B, 0x3B, 0x2C, 0xED, 0xA8, 0xB4,
    0x6D, 0x79, 0xAC, 0x8A, 0x87, 0xF5, 0xA4, 0x22, 0x70, 0xFE, 0x8D, 0xAB, 0x0F, 0x80, 0x39, 0xB0,
    0x09, 0x24, 0x35, 0x10, 0x1C, 0x2A, 0x5D, 0xE9, 0xEB, 0xBE, 0x8A, 0x3F, 0x56, 0xDB, 0x44, 0xC7,
    0x26, 0x6D, 0x39, 0xFE, 0x3B, 0x4B, 0xF5, 0x9F, 0x0B, 0x38, 0x04, 0x2C, 0xC4, 0x1A, 0x22, 0xFE,
    0x3C, 0xAE, 0xA4, 0x05, 0x69, 0xA1, 0x18, 0xC2, 0xCA, 0xDB, 0x7F, 0x1E, 0xD7, 0x78, 0x00, 0x93,
    0x8C, 0xF0, 0x09, 0xFC, 0xE9, 0x5C, 0xF9, 0xEF, 0x16, 0xD0, 0x41, 0xDC, 0x42, 0x52, 0xC3, 0x5B,
    0x00, 0xE0, 0x4C, 0x65, 0xA6, 0x3A, 0xD3, 0xB2, 0x49, 0xEB, 0xB4, 0x49, 0x49, 0xD4, 0x00, 0xA1,
    0xD7, 0x88, 0xCC, 0x10, 0xEC, 0x18, 0x8E, 0x0E, 0x60, 0x32, 0x83, 0xB2, 0x85, 0x4C, 0x81, 0x54,
    0x90, 0xD6, 0x20, 0x81, 0x01, 0x50, 0x02, 0x73, 0xB8, 0x6E, 0xA0, 0x6A, 0xC0, 0xD5, 0xB0, 0x1F,
    0x86, 0x97, 0xFD, 0xFB, 0x1D, 0xF2, 0x9F, 0xA6, 0x48, 0xAF, 0x22, 0x55, 0xA2, 0x64, 0x23, 0x54,
    0xB8, 0x75, 0x3E, 0xE7, 0x21, 0x16, 0xC6, 0xC2, 0x9C, 0x5F, 0x4C, 0x4F, 0x73, 0x2E, 0xF0, 0xEC,
    0x6B, 0x70, 0x1D, 0x2F, 0xBC, 0x05, 0x3B, 0x93, 0x77, 0x53, 0x9D, 0xB6, 0x81, 0x27, 0x55, 0xC2,
    0x33, 0xA6, 0x88, 0x76, 0x40, 0x64, 0xAE, 0x42, 0x37, 0x84, 0xF9, 0x18, 0xCA, 0x03, 0xD8, 0x9C,
    0x41, 0xA6, 0x41, 0x2A, 0x48, 0x96, 0xF6, 0xB2, 0xF9, 0x6C, 0x1F, 0xF6, 0x74, 0x1F, 0xFF, 0x07,
    0xBD, 0x9A, 0x01, 0x84, 0x25, 0xD9, 0x7A, 0xC7, 0x7F, 0x55, 0x67, 0x5E, 0x8E, 0x9D, 0x7A, 0xD3,
    0x67, 0xF0, 0x9E, 0x84, 0x99, 0x99, 0x0A, 0x82, 0x11, 0x3D, 0x53, 0x83, 0x49, 0xDC, 0x70, 0xEF,
    0xAD, 0xF3, 0xDE, 0x22, 0x24, 0x24, 0x8D, 0xED, 0x59, 0x0C, 0xE9, 0x00, 0x21, 0x12, 0x77, 0x30,
    0x61, 0xC2, 0xED, 0xBE, 0x95, 0xC0, 0xE2, 0x21, 0x03, 0xBB, 0x8B, 0x87, 0x0C, 0x16, 0x21, 0x48,
    0x63, 0xC2, 0x3C, 0x7A, 0xA6, 0xCF, 0x7B, 0x8B, 0x0D, 0x1B, 0x52, 0xB2, 0x3B, 0x1E, 0x08, 0xB5,
    0x49, 0x8F, 0x45, 0xC4, 0x3B, 0xFB, 0xD4, 0x24, 0x35, 0xB6, 0xFA, 0x9E, 0x9C, 0x33, 0x57, 0xF5,
    0xED, 0xB9, 0x3B, 0xBD, 0x73, 0x7B, 0xBB, 0xDF, 0x9E, 0xAA, 0xFF, 0x5F, 0xF7, 0x3D, 0xA7, 0xBE,
    0xFA, 0x7D, 0x5F, 0x9D, 0xBA, 0x75, 0xBA, 0x34, 0x00, 0xE4, 0x0E, 0xF8, 0xFE, 0x3A, 0x5D, 0xAB,
    0x81, 0xB8, 0x01, 0x44, 0x0B, 0xC8, 0x4D, 0x20, 0xC9, 0x81, 0x73, 0x19, 0x70, 0x31, 0x2D, 0xA0,
    0xA7, 0x0C, 0xDC, 0x49, 0x4A, 0xD8, 0x16, 0x15, 0x54, 0xC2, 0x12, 0x39, 0x57, 0x23, 0x4C, 0xDC,
    0x22, 0x34, 0x2D, 0x09, 0x3C, 0x46, 0xC1, 0x2E, 0xA3, 0xB5, 0xC8, 0xDD, 0x73, 0x56, 0x38, 0x0B,
    0x28, 0x67, 0xBE, 0xB3, 0xAE, 0x01, 0x39, 0xD5, 0xD9, 0x8F, 0xCB, 0x61, 0x6C, 0xAF, 0x46, 0x96,
    0x17, 0x7B, 0xE2, 0x6C, 0x7E, 0xD3, 0xB6, 0x91, 0x6D, 0x22, 0x5B, 0xC7, 0xB6, 0x11, 0x76, 0xEB,
    0x2F, 0x9A, 0xB4, 0x9A, 0x72, 0x3E, 0x02, 0x7A, 0x02, 0xB8, 0x7A, 0x16, 0x48, 0x1A, 0x00, 0x4E,
    0x83, 0xB6, 0x88, 0x0E, 0xD3, 0xAE, 0xC0, 0xE4, 0x10, 0xED, 0x4A, 0x64, 0x92, 0x37, 0x0B, 0xE1,
    0x00, 0x80, 0xA4, 0x03, 0xBE, 0xF4, 0x5A, 0xE0, 0x23, 0x91, 0x56, 0x96, 0x28, 0xE0, 0x21, 0xA4,
    0x2D, 0x14, 0xE4, 0x01, 0x69, 0xF7, 0xA0, 0x80, 0x97, 0x00, 0x1E, 0x00, 0x91, 0xED, 0x8C, 0xE9,
    0x3D, 0x60, 0x62, 0x8E, 0x51, 0x52, 0x51, 0x90, 0xC2, 0x00, 0x86, 0x90, 0x7D, 0x40, 0x52, 0xC3,
    0x23, 0xA0, 0x86, 0xB8, 0x04, 0xC9, 0xBC, 0x8D, 0x9E, 0x23, 0x9E, 0x8D, 0x0A, 0xA5, 0x13, 0x73,
    0x0D, 0x61, 0xFA, 0x44, 0xEC, 0x00, 0x0D, 0x50, 0x2F, 0xA8, 0x01, 0x76, 0x80, 0x3E, 0x70, 0x0D,
    0x50, 0x45, 0x64, 0xFC, 0xB1, 0x9A, 0x49, 0x03, 0xCA, 0x90, 0x41, 0x0F, 0xD6, 0x00, 0xE2, 0xA9,
    0x4E, 0x7F, 0x5C, 0x0E, 0x84, 0xDD, 0xF1, 0x54, 0x71, 0x59, 0xC3, 0xC1, 0xDE, 0xC0, 0x18, 0x06,
    0xFC, 0x66, 0xFA, 0x9E, 0x8D, 0x5D, 0x41, 0x52, 0x42, 0x6A, 0xA1, 0x7F, 0x17, 0xAA, 0x73, 0xA7,
    0x0F, 0xD6, 0x12, 0x3B, 0xE4, 0x3B, 0xC5, 0x1B, 0x14, 0x1D, 0x58, 0xF5, 0x02, 0xAC, 0x6A, 0xE0,
    0x55, 0x60, 0xD7, 0xD3, 0xF7, 0xAA, 0xD8, 0x69, 0x44, 0x01, 0xD2, 0x80, 0x28, 0x00, 0x4E, 0x1F,
    0xAC, 0x07, 0x63, 0x82, 0xC3, 0xB1, 0xC0, 0xA2, 0xF2, 0x22, 0x3C, 0xB8, 0x0B, 0x43, 0x0B, 0x69,
    0x09, 0x67, 0x8B, 0x05, 0x30, 0x19, 0xC0, 0x74, 0x1F, 0x96, 0x05, 0xD3, 0xAA, 0x88, 0x0F, 0xC0,
    0x56, 0xFC, 0x8F, 0xFF, 0xA6, 0xA3, 0x7D, 0xF8, 0x87, 0x63, 0x5E, 0xCA, 0xED, 0x15, 0xA0, 0xDF,
    0x07, 0x94, 0x05, 0x92, 0x8A, 0x43, 0x6D, 0xD7, 0xED, 0xC3, 0x85, 0xA7, 0xA3, 0x12, 0x51, 0x46,
    0xB5, 0x37, 0xC6, 0xC1, 0x86, 0xC1, 0xD2, 0x60, 0x8A, 0x60, 0xFA, 0x15, 0x76, 0x30, 0x64, 0xD8,
    0x1D, 0x16, 0xD5, 0xA4, 0x3E, 0xD4, 0x2C, 0x28, 0x72, 0xFF, 0x1A, 0xD1, 0xA3, 0x55, 0x18, 0xF4,
    0xBC, 0xAE, 0x7B, 0x21, 0xF7, 0x07, 0x64, 0xEF, 0x3F, 0x62, 0xC0, 0x3E, 0x3B, 0x6C, 0xD2, 0x30,
    0xA0, 0x5E, 0x50, 0xE3, 0xE5, 0xFB, 0xC2, 0x18, 0x3F, 0x76, 0xA2, 0xE5, 0x7E, 0x56, 0x39, 0xD7,
    0xB0, 0xF1, 0xC4, 0xFF, 0x6C, 0x64, 0x29, 0x4D, 0x64, 0xA5, 0xA1, 0xF1, 0x1A, 0x7B, 0xF5, 0xBD,
    0x06, 0xCE, 0x99, 0xC1, 0xAD, 0x27, 0x7A, 0x20, 0x0D, 0x41, 0xFD, 0x59, 0x1F, 0x4D, 0x18, 0x9B,
    0xF8, 0x63, 0xC2, 0xB1, 0x21, 0x06, 0x62, 0x1F, 0xCF, 0x04, 0xB9, 0xB3, 0x7C, 0x7F, 0x6B, 0xAD,
    0x63, 0x4A, 0x97, 0x66, 0x9A, 0x06, 0xA6, 0x35, 0xCF, 0x64, 0x01, 0x70, 0x2D, 0xAC, 0xBF, 0x05,
    0xC0, 0xC4, 0xB9, 0xEA, 0xC2, 0xD3, 0xB7, 0x2B, 0x5F, 0x06, 0x2F, 0x82, 0xEE, 0x79, 0x71, 0x20,
    0xB7, 0x8F, 0x78, 0xFA, 0x56, 0xF7, 0x7B, 0xA7, 0xF3, 0x5E, 0xD7, 0xBD, 0x6E, 0x27, 0x65, 0x64,
    0x27, 0xEE, 0xE5, 0xAF, 0xEB, 0x78, 0x4A, 0x7A, 0xCB, 0xF4, 0xE3, 0x6A, 0x1C, 0xD9, 0x86, 0xBA,
    0xA6, 0x76, 0xAE, 0x7E, 0xBE, 0xBE, 0x56, 0xC3, 0xC3, 0x6E, 0xFA, 0xA9, 0xD9, 0x7D, 0xA1, 0xCF,
    0x40, 0x37, 0x05, 0xB3, 0x0A, 0x60, 0x81, 0x8A, 0x4E, 0x6B, 0x2F, 0x53, 0x4D, 0x97, 0xA2, 0x3A,
    0x17, 0x99, 0x44, 0x76, 0x5F, 0xCB, 0x87, 0xC0, 0xEE, 0xBE, 0x16, 0x6C, 0x7E, 0xC3, 0x9E, 0x3A,
    0xD4, 0xC2, 0xCD, 0xFA, 0xFA, 0x6A, 0x75, 0x37, 0xEB, 0xA9, 0x01, 0x70, 0x16, 0x18, 0x1F, 0xBA,
    0x7D, 0x1F, 0xDF, 0x87, 0xAC, 0x5A, 0xFA, 0xBA, 0x15, 0xAC, 0xC2, 0x43, 0xA8, 0xA1, 0x85, 0xBC,
    0x04, 0x28, 0x57, 0xE1, 0xEE, 0x83, 0x10, 0x06, 0x94, 0x39, 0xFD, 0x2B, 0x19, 0x17, 0xF2, 0xEF,
    0x88, 0x5A, 0xF8, 0x60, 0xB9, 0x2B, 0xD9, 0x15, 0x0D, 0x69, 0x41, 0xD5, 0x70, 0xB5, 0x0F, 0x77,
    0x12, 0x0E, 0x5A, 0x36, 0xD5, 0xF1, 0xF3, 0x8D, 0x4A, 0x15, 0xB1, 0xBD, 0x06, 0x55, 0x1F, 0x18,
    0x03, 0x0F, 0x81, 0xBA, 0x93, 0x1F, 0x54, 0x23, 0x9B, 0x86, 0xC8, 0xEE, 0x78, 0xF5, 0xBD, 0xAE,
    0x79, 0xA9, 0x22, 0xB2, 0xF1, 0xF3, 0xB7, 0x2D, 0xA3, 0xA9, 0x06, 0x60, 0x13, 0x70, 0x10, 0xFF,
    0xBC, 0x40, 0x52, 0x32, 0x23, 0x1C, 0x69, 0xF5, 0xFE, 0xE7, 0x3A, 0x8B, 0x2C, 0xC3, 0x43, 0xB7,
    0xE5, 0x35, 0x2C, 0xEA, 0xCD, 0x0A, 0xE1, 0x0A, 0x12, 0x0D, 0x97, 0x80, 0xCB, 0x80, 0x72, 0x0D,
    0x89, 0x9B, 0xB2, 0x49, 0x4E, 0x43, 0x4A, 0x4D, 0x46, 0xC3, 0x80, 0xAD, 0x9B, 0xE1, 0xF3, 0x7B,
    0x70, 0x3E, 0x82, 0x1B, 0x09, 0x5C, 0xBD, 0x0C, 0x49, 0xB3, 0x90, 0xC7, 0xAD, 0x13, 0xE7, 0x71,
    0x16, 0x83, 0xFC, 0x61, 0x41, 0xEC, 0x00, 0xE8, 0x72, 0x60, 0x9E, 0x83, 0x3D, 0x79, 0x0E, 0x54,
    0x10, 0x59, 0xA0, 0x02, 0x38, 0xFD, 0x6B, 0xD1, 0x03, 0xC6, 0xCC, 0xEF, 0xAD, 0xD3, 0xBF, 0x0E,
    0x1D, 0x6B, 0xA9, 0x0A, 0xF1, 0xE2, 0xFC, 0x7D, 0x28, 0x16, 0x59, 0x3B, 0xDE, 0x06, 0xD9, 0x7C,
    0x95, 0xF5, 0xE6, 0x8C, 0xB5, 0x6B, 0xA2, 0xF2, 0x32, 0x20, 0x35, 0x24, 0xCC, 0xB4, 0x02, 0x5C,
    0x05, 0xFA, 0xBF, 0xA2, 0x1C, 0xE6, 0xEB, 0x4D, 0x95, 0x02, 0xAB, 0x2F, 0x2D, 0x4B, 0x5C, 0x2B,
    0x9C, 0xDD, 0xD8, 0x8B, 0x76, 0xD7, 0xA4, 0x61, 0x88, 0xB7, 0xC1, 0xAB, 0xCD, 0xB9, 0x7D, 0xE4,
    0x93, 0xF5, 0xCD, 0xA3, 0x87, 0x24, 0xC1, 0x5E, 0x84, 0x7A, 0x11, 0x94, 0xB3, 0x40, 0x56, 0xC0,
    0x56, 0x09, 0xD5, 0x36, 0x91, 0xFE, 0x1E, 0x00, 0x4E, 0xC3, 0xC8, 0x4B, 0x1D, 0xD6, 0x1F, 0xD6,
    0xA8, 0x7F, 0x7E, 0x8C, 0x32, 0x19, 0xAA, 0x50, 0xFA, 0x6B, 0xB7, 0x42, 0x15, 0xA3, 0x52, 0x95,
    0xAE, 0x56, 0xF5, 0x9C, 0x7E, 0x8E, 0xE1, 0x7C, 0xB3, 0xB7, 0x9E, 0xAC, 0x6F, 0xAD, 0x9D, 0x84,
    0xFE, 0x30, 0xA5, 0x73, 0x86, 0x8D, 0x77, 0xB5, 0xA7, 0x6C, 0x50, 0x7F, 0x3D, 0x41, 0x95, 0x9E,
    0xC1, 0x24, 0x46, 0x15, 0xD2, 0x28, 0x7D, 0x84, 0x7C, 0xDF, 0xA8, 0x94, 0x7B, 0xAE, 0x91, 0xED,
    0x19, 0xC8, 0xFF, 0xC6, 0xFC, 0xEF, 0x97, 0xC5, 0xBD, 0x09, 0x00, 0x90, 0x3B, 0x7E, 0xFD, 0x39,
    0xB1, 0x25, 0x5A, 0x62, 0x8F, 0x6D, 0x18, 0x9C, 0x3B, 0x42, 0x9C, 0xBF, 0xD5, 0x9F, 0x7F, 0x49,
    0xF1, 0x08, 0x00, 0xC8, 0x7C, 0x97, 0x25, 0x5E, 0xE2, 0x58, 0x70, 0xED, 0xFA, 0x5B, 0xC1, 0x37,
    0xF6, 0x12, 0x23, 0x8F, 0xD8, 0x12, 0xB3, 0xB1, 0xE7, 0xDA, 0x6E, 0x6C, 0x5E, 0x5E, 0x28, 0xC5,
    0x57, 0xB7, 0xEA, 0xC2, 0xB3, 0xDC, 0xE9, 0x33, 0xD5, 0xC5, 0x07, 0xBD, 0xAC, 0x82, 0xE5, 0x62,
    0x9A, 0x8B, 0xDB, 0x77, 0x73, 0x0B, 0xB0, 0x6B, 0x36, 0x4C, 0x72, 0xC4, 0xA8, 0x65, 0x22, 0x89,
    0x22, 0x65, 0xC0, 0x90, 0xEC, 0x83, 0xA4, 0x4E, 0x50, 0x3A, 0x01, 0xC0, 0xE9, 0xD1, 0x2B, 0xE7,
    0xCA, 0xE8, 0x53, 0xD7, 0xCA, 0xE2, 0xF2, 0xEC, 0x88, 0xFB, 0x89, 0x15, 0x85, 0x34, 0xA2, 0x80,
    0x65, 0xB9, 0xBF, 0x9E, 0x36, 0x77, 0x1B, 0x7B, 0x17, 0x9E, 0x25, 0x46, 0x54, 0x3E, 0x6A, 0x79,
    0x1C, 0x25, 0x5E, 0x1B, 0x7B, 0xA2, 0xF4, 0xF9, 0x94, 0xD0, 0x49, 0x1A, 0x50, 0x05, 0xD1, 0x04,
    0x44, 0x4D, 0x42, 0x42, 0xC8, 0x22, 0x21, 0xA1, 0x6B, 0x4E, 0x87, 0x4C, 0xBB, 0x5C, 0x5F, 0x7B,
    0xA7, 0xE8, 0xD1, 0xA7, 0x4A, 0xBB, 0xF6, 0xF0, 0xBD, 0x96, 0x02, 0x19, 0x44, 0x3B, 0x20, 0x2A,
    0x62, 0x8B, 0x6C, 0x50, 0x57, 0xE9, 0xC9, 0x97, 0xE6, 0x66, 0x64, 0x8F, 0xBD, 0xC7, 0x7E, 0xAF,
    0x10, 0x25, 0xA3, 0x82, 0xE7, 0xA0, 0xCA, 0xCC, 0xDE, 0xE9, 0xEB, 0x33, 0xDD, 0x3C, 0x3A, 0x7A,
    0x0B, 0xF5, 0x1C, 0xD1, 0xE0, 0x39, 0x1D, 0x1B, 0x7B, 0x72, 0x1F, 0x69, 0x44, 0xE5, 0x4D, 0x16,
    0xDE, 0x2E, 0xE3, 0xAD, 0x17, 0xAC, 0x02, 0xF9, 0xA1, 0x01, 0xF9, 0x71, 0x09, 0xF2, 0x17, 0x16,
    0xE4, 0x17, 0x6D, 0xE8, 0x78, 0x1C, 0x2C, 0xD7, 0xDE, 0x52, 0xE3, 0x2D, 0xB1, 0x21, 0x40, 0xEB,
    0x43, 0xE1, 0x7C, 0xF2, 0x64, 0x86, 0x79, 0x13, 0x65, 0x30, 0x03, 0x48, 0x0D, 0x9C, 0x3D, 0xEA,
    0x1B, 0xE9, 0x4D, 0x67, 0xD4, 0x0F, 0xA6, 0x5A, 0xE9, 0x1A, 0xF5, 0xC3, 0x12, 0xF5, 0xFB, 0x1A,
    0xF5, 0x47, 0xA0, 0x26, 0x5E, 0xBF, 0x28, 0x50, 0xEF, 0x94, 0xFE, 0x73, 0x8B, 0xD2, 0x8D, 0xD7,
    0x16, 0xA3, 0x32, 0xBF, 0xE7, 0x6C, 0x62, 0xE9, 0x9A, 0x02, 0x2E, 0x01, 0xAB, 0xC0, 0x6F, 0x81,
    0xF3, 0xF1, 0x46, 0x3F, 0x70, 0xC7, 0x8F, 0xD7, 0x07, 0x1E, 0x40, 0x54, 0x82, 0xD0, 0x87, 0xBF,
    0xB7, 0x09, 0xF9, 0x91, 0x18, 0x90, 0xCB, 0x49, 0x7B, 0x55, 0x33, 0x45, 0x95, 0x32, 0xA2, 0x72,
    0xCE, 0x55, 0x9E, 0xAD, 0x8E, 0x2A, 0x51, 0x44, 0x80, 0x33, 0x1B, 0x61, 0x76, 0xBF, 0xE6, 0x8E,
    0x38, 0xB5, 0x33, 0x77, 0x4D, 0xE9, 0x79, 0xB5, 0xAE, 0x2C, 0x4B, 0x01, 0xE0, 0x7F, 0xD6, 0x8A,
    0x73, 0x84, 0xF9, 0xBD, 0xB1, 0xA7, 0x48, 0xCC, 0x25, 0xA4, 0xF9, 0x8D, 0x6F, 0x4C, 0xE4, 0x3E,
    0x32, 0x1B, 0x1F, 0x69, 0xF9, 0x31, 0xF2, 0x5F, 0x91, 0xE6, 0xF5, 0x7B, 0x62, 0x08, 0x53, 0xAC,
    0x7D, 0xCD, 0xC5, 0x48, 0x98, 0x3D, 0x12, 0x92, 0xD7, 0x03, 0xF8, 0x80, 0x47, 0x9D, 0xEE, 0x67,
    0x46, 0x7E, 0x58, 0x7A, 0x3F, 0x1E, 0xC0, 0x4F, 0x0D, 0xF2, 0xE3, 0x02, 0xD9, 0xCC, 0xFA, 0x26,
    0x5E, 0x9F, 0xCF, 0xFB, 0xAB, 0x4E, 0x73, 0x80, 0x85, 0xDA, 0xFF, 0x8B, 0x6C, 0x92, 0x72, 0x62,
    0xFE, 0x71, 0xA1, 0xF6, 0x19, 0x40, 0x1F, 0x60, 0x1B, 0x88, 0x0C, 0x87, 0x9A, 0x33, 0xC2, 0x99,
    0x51, 0x15, 0x3D, 0xD6, 0xCA, 0xD2, 0x47, 0x35, 0xC1, 0x36, 0x83, 0xE5, 0xC1, 0x54, 0xE1, 0x2D,
    0x31, 0xDE, 0x84, 0xF5, 0x16, 0xD5, 0xDE, 0xD8, 0x09, 0x36, 0x0C, 0x96, 0x8D, 0x51, 0xA8, 0x16,
    0x85, 0x0C, 0x16, 0xB7, 0x8C, 0xEE, 0xD1, 0xE2, 0x2C, 0x63, 0xA0, 0x81, 0xB8, 0x02, 0xA9, 0xE1,
    0x0D, 0x00, 0x70, 0x49, 0xCD, 0xE8, 0xAF, 0x96, 0x5C, 0x39, 0xE8, 0xF9, 0xCA, 0xE1, 0x57, 0x48,
    0x39, 0x6F, 0x91, 0x65, 0x06, 0x4C, 0x6C, 0x00, 0xA1, 0xBF, 0x39, 0x2F, 0x5D, 0x53, 0x85, 0x17,
    0xB0, 0x02, 0x5C, 0x0C, 0x12, 0x1A, 0xD4, 0xE5, 0x6E, 0x89, 0x17, 0xD7, 0xDF, 0xD2, 0xB5, 0x28,
    0xAF, 0xC0, 0x5D, 0x0B, 0x99, 0x81, 0xB3, 0xFA, 0x44, 0xD7, 0x22, 0xD3, 0x40, 0x6E, 0x80, 0x34,
    0x98, 0x28, 0x80, 0x24, 0x7F, 0x67, 0x9F, 0xCD, 0xF4, 0x7F, 0x46, 0xC5, 0x9A, 0xB4, 0x89, 0x41,
    0x96, 0xA2, 0x44, 0x9A, 0x65, 0xAC, 0x22, 0xDD, 0x13, 0x35, 0x79, 0x2B, 0xF6, 0x17, 0xF3, 0x6F,
    0x5F, 0x95, 0x7F, 0x79, 0x90, 0x7F, 0xE3, 0x8D, 0x47, 0xC1, 0xF2, 0x60, 0xE9, 0x0E, 0x8A, 0xA4,
    0x45, 0x21, 0x82, 0x45, 0xF3, 0xFC, 0xFB, 0xC0, 0xA2, 0xDD, 0xED, 0x2E, 0xB8, 0x2C, 0xC9, 0x7F,
    0xB6, 0xCF, 0x85, 0xFF, 0x18, 0x15, 0xC2, 0x06, 0x1E, 0x51, 0x7E, 0xED, 0xE6, 0xFB, 0x2F, 0xD4,
    0xA2, 0x9C, 0xEC, 0x8B, 0x12, 0x0E, 0x64, 0x20, 0xF1, 0xCA, 0x34, 0xFC, 0x84, 0xC5, 0x17, 0x39,
    0x00, 0x8C, 0x1A, 0xC4, 0xD3, 0xB0, 0x12, 0x10, 0xE5, 0x10, 0x6C, 0x1F, 0x1E, 0xEE, 0xC0, 0xB8,
    0x81, 0x7E, 0x0D, 0x83, 0xC3, 0x0A, 0x9F, 0x85, 0xBE, 0x30, 0x26, 0x8C, 0x0D, 0xC7, 0x84, 0xB7,
    0x76, 0x21, 0xC6, 0x4B, 0x2F, 0x73, 0x9C, 0x4E, 0xDF, 0xAF, 0x06, 0xD4, 0x3B, 0x21, 0x8E, 0x0F,
    0x33, 0x38, 0xD8, 0xFD, 0xAF, 0x63, 0xC6, 0xBE, 0xCB, 0x0F, 0x38, 0xFA, 0x65, 0xCE, 0xA9, 0x51,
    0xAD, 0x30, 0x7F, 0xC7, 0x7E, 0x3C, 0xB0, 0xF4, 0x47, 0x86, 0xA1, 0xD2, 0x3C, 0x1C, 0x40, 0x75,
    0xE7, 0xD4, 0xC1, 0xA8, 0xDB, 0xF8, 0x33, 0xEB, 0xD7, 0x21, 0x2B, 0xF2, 0x98, 0x60, 0x23, 0xE7,
    0x9C, 0x11, 0xCF, 0x6E, 0x3D, 0xB9, 0xF5, 0xE2, 0x71, 0x10, 0x9B, 0x6B, 0x48, 0x13, 0x99, 0xBE,
    0x77, 0xF4, 0x4E, 0x70, 0x9A, 0xE0, 0xD4, 0x9D, 0xBB, 0xFD, 0xE0, 0x4F, 0xDE, 0xA2, 0x3E, 0xD4,
    0x3B, 0x1B, 0x19, 0x8E, 0x82, 0x10, 0x81, 0x3F, 0x0D, 0xD1, 0xB8, 0x1F, 0x22, 0xDF, 0xAC, 0x08,
    0x67, 0xA9, 0xE2, 0xA9, 0xDE, 0xBD, 0x97, 0xBE, 0xFF, 0xC9, 0xD3, 0x66, 0x80, 0xD3, 0x3E, 0x97,
    0x09, 0xD7, 0x1A, 0x86, 0x64, 0x1E, 0x8B, 0xB4, 0x26, 0x77, 0xAE, 0x66, 0xB8, 0xBE, 0x1E, 0x7E,
    0x25, 0x74, 0x30, 0x66, 0x02, 0x03, 0x5C, 0xF1, 0x46, 0xFA, 0xFE, 0x7F, 0x3D, 0x1D, 0x7B, 0xDE,
    0xDD, 0x0A, 0x61, 0x41, 0x96, 0xA0, 0x80, 0x8B, 0x1C, 0x34, 0xE7, 0xF6, 0xD8, 0x78, 0xF2, 0xB8,
    0x7B, 0xAC, 0xBD, 0xF4, 0x6C, 0x9E, 0x7D, 0xB6, 0x89, 0x74, 0x16, 0xF9, 0x73, 0xAF, 0x9F, 0x06,
    0xEA, 0x7D, 0xAF, 0x89, 0x57, 0x56, 0xF8, 0x7E, 0xBF, 0xEE, 0x95, 0x8D, 0x6B, 0xA3, 0x7D, 0xB2,
    0x82, 0x01, 0x3C, 0x80, 0x02, 0xC0, 0xA5, 0xD5, 0xE8, 0x77, 0x6A, 0x55, 0x3E, 0x50, 0x06, 0x55,
    0x10, 0x76, 0xFD, 0xF2, 0x5E, 0x30, 0xFA, 0x14, 0xD7, 0x9E, 0x1E, 0xC0, 0xE2, 0x12, 0xE4, 0x1C,
    0x70, 0xF1, 0x18, 0x24, 0xF3, 0xC3, 0x53, 0xB8, 0x04, 0x57, 0x20, 0x2E, 0xEE, 0xC0, 0x7F, 0x96,
    0x30, 0x29, 0x20, 0x3F, 0xFD, 0xA2, 0xF5, 0xA4, 0x56, 0xD7, 0x90, 0x0D, 0xD1, 0x7D, 0x38, 0x16,
    0xAA, 0xB0, 0x48, 0x83, 0x0A, 0x94, 0x00, 0x10, 0xED, 0x96, 0xC9, 0x93, 0x36, 0x63, 0x30, 0xA4,
    0x3F, 0xE0, 0xFC, 0x10, 0x32, 0x8D, 0xAA, 0x79, 0x31, 0x59, 0x2D, 0x71, 0x0B, 0x5B, 0x90, 0xF5,
    0x48, 0xC7, 0xA4, 0x9B, 0x0C, 0xB2, 0xF7, 0x1A, 0xE9, 0x0A, 0x72, 0xCD, 0x26, 0x58, 0x22, 0x0D,
    0x90, 0x4C, 0xD9, 0x1A, 0x15, 0x4D, 0x62, 0x6A, 0xA9, 0xDB, 0x90, 0x35, 0x69, 0x13, 0x22, 0x90,
    0x9A, 0xF3, 0xA2, 0xB4, 0xA2, 0xAC, 0xA5, 0x79, 0x34, 0x2A, 0xD2, 0xE7, 0x90, 0x87, 0x6E, 0x7E,
    0x59, 0x8A, 0xE2, 0xF6, 0x49, 0x00, 0xE2, 0x1A, 0xD1, 0xA2, 0x14, 0xDF, 0x8B, 0x8A, 0x63, 0x01,
    0x1C, 0x3A, 0xDD, 0xEA, 0x00, 0x96, 0xCD, 0xF7, 0x06, 0xE4, 0x9A, 0xC4, 0x20, 0x43, 0x89, 0x23,
    0x07, 0xE7, 0x8F, 0x71, 0xD2, 0x58, 0xE3, 0x81, 0xD9, 0x81, 0x31, 0xB4, 0x28, 0x4B, 0x04, 0x42,
    0xDF, 0x8E, 0x3E, 0xAB, 0xF8, 0xD2, 0x84, 0xC8, 0xBF, 0xBD, 0x50, 0x8A, 0x2B, 0xAF, 0x65, 0xDB,
    0xEA, 0xD8, 0x56, 0xC3, 0x64, 0x40, 0x74, 0x93, 0x61, 0x79, 0x2A, 0xE7, 0x9C, 0x7D, 0x36, 0xBA,
    0x69, 0xAB, 0x94, 0xED, 0x32, 0xE5, 0xB6, 0x4E, 0x39, 0x4F, 0x0A, 0x4B, 0x2B, 0x2F, 0x10, 0xAE,
    0x85, 0x73, 0x80, 0x32, 0x10, 0x5B, 0x88, 0xBC, 0x84, 0xD7, 0xAE, 0x81, 0x33, 0x20, 0xB4, 0xD4,
    0xA9, 0x76, 0x6E, 0xE3, 0xDD, 0x57, 0x3D, 0xFC, 0x93, 0xA7, 0xB1, 0xA3, 0x64, 0x9F, 0x8C, 0x94,
    0x61, 0xD2, 0xA2, 0x63, 0xD3, 0x83, 0x2F, 0x2A, 0xC8, 0x0D, 0x64, 0x74, 0xED, 0xC4, 0xAC, 0xD1,
    0xE4, 0xD3, 0x19, 0xAB, 0x28, 0x11, 0x26, 0x92, 0x88, 0x3F, 0x20, 0xD5, 0x38, 0xC7, 0xC6, 0xBB,
    0x28, 0x7D, 0xF4, 0x5E, 0x90, 0x3C, 0x25, 0x76, 0xEC, 0x3A, 0xD7, 0xFC, 0x64, 0xE3, 0xDD, 0x66,
    0x5B, 0xE9, 0xDE, 0x7D, 0xA5, 0xAF, 0x84, 0xCE, 0xC3, 0x52, 0xCE, 0x3F, 0x3F, 0x5F, 0xBC, 0x20,
    0xD2, 0x7C, 0x55, 0xC5, 0x01, 0xC0, 0x62, 0x41, 0xDC, 0x54, 0x15, 0x0B, 0x05, 0x01, 0x20, 0x2B,
    0x0D, 0xFC, 0xAE, 0x33, 0xB0, 0x96, 0xB3, 0xF0, 0xAE, 0xCE, 0x2F, 0xC0, 0xFD, 0x6A, 0x46, 0x1A,
    0xFA, 0x7C, 0x43, 0x13, 0x65, 0x30, 0x4B, 0x0D, 0xD3, 0x5B, 0x15, 0x5C, 0x98, 0x02, 0x00, 0xBB,
    0x6F, 0x6A, 0xFE, 0xDB, 0x11, 0x15, 0x8F, 0xE8, 0x5A, 0x5E, 0xE6, 0xE5, 0x05, 0xBF, 0x89, 0xD7,
    0x6D, 0x95, 0x2C, 0x63, 0x9B, 0x54, 0x3C, 0xFF, 0xF3, 0x9A, 0xFC, 0xDF, 0xA7, 0x00, 0xA0, 0x9C,
    0x01, 0xBF, 0xB0, 0xF8, 0xF6, 0x52, 0xE8, 0x96, 0x48, 0xDF, 0x08, 0xFD, 0xCF, 0x6A, 0x26, 0x9F,
    0xBC, 0xF4, 0x4F, 0x05, 0x2B, 0x40, 0xD2, 0xF0, 0xED, 0xF0, 0x5F, 0x57, 0x70, 0xE5, 0x1A, 0xA8,
    0xF6, 0x04, 0xE5, 0xFF, 0xCB, 0x9A, 0xAC, 0x9A, 0x02, 0x80, 0x68, 0x80, 0x95, 0x3F, 0x01, 0xBE,
    0x2B, 0x80, 0x73, 0x09, 0x20, 0xDB, 0x6F, 0x71, 0x42, 0xA9, 0x0A, 0x7E, 0xEF, 0x2E, 0x5C, 0xFF,
    0x2E, 0xDC, 0x58, 0x85, 0xD4, 0x9E, 0x7C, 0x62, 0x89, 0x2F, 0x6A, 0x48, 0x3E, 0xAC, 0x40, 0x25,
    0x05, 0xAC, 0xAE, 0x7C, 0x4B, 0xF9, 0x24, 0x1F, 0x95, 0x28, 0x55, 0x30, 0xB8, 0x0C, 0x77, 0x7A,
    0x27, 0xCA, 0xE1, 0xD4, 0x28, 0x7B, 0x2C, 0x52, 0x46, 0x15, 0x84, 0x6E, 0x50, 0xFA, 0xC0, 0x0C,
    0x20, 0xA6, 0x27, 0x2D, 0x3C, 0x89, 0x86, 0xAB, 0xC0, 0x98, 0x99, 0xF2, 0xFB, 0x90, 0x56, 0x40,
    0x0B, 0x40, 0x3C, 0x05, 0x40, 0xFE, 0x48, 0x03, 0xAC, 0x44, 0x86, 0x85, 0xE6, 0x5A, 0x1E, 0xE2,
    0xEC, 0x68, 0x8F, 0xF0, 0x77, 0x94, 0x32, 0xB4, 0x28, 0x12, 0x13, 0xED, 0xB3, 0x82, 0x2C, 0xFD,
    0xE1, 0x97, 0x10, 0x95, 0xF8, 0x27, 0x56, 0x89, 0xAD, 0xF8, 0x63, 0xDD, 0x23, 0xAA, 0xA5, 0x2A,
    0x6E, 0x40, 0x93, 0x24, 0xE6, 0x36, 0xB4, 0x2B, 0xD2, 0x6C, 0xC3, 0xF8, 0x92, 0x28, 0x2B, 0x18,
    0xAC, 0xC6, 0x9F, 0x95, 0x90, 0xF7, 0xA2, 0x5F, 0x1A, 0xC8, 0x6E, 0xF0, 0x7F, 0x06, 0xD2, 0x6D,
    0xBE, 0xD4, 0xA0, 0x2C, 0xBB, 0x40, 0x52, 0x91, 0x03, 0xB2, 0x64, 0xC8, 0xEC, 0x57, 0x20, 0xAD,
    0x01, 0x7A, 0xAB, 0x00, 0x6B, 0xDF, 0xA1, 0xAB, 0x4A, 0x2B, 0x4C, 0xDE, 0xA4, 0x7B, 0xD2, 0x57,
    0x46, 0x9A, 0xA4, 0x12, 0x85, 0x28, 0x95, 0x15, 0x88, 0xEA, 0x62, 0x2D, 0x89, 0xED, 0xEA, 0xC3,
    0xB3, 0x60, 0x6F, 0x8C, 0xCF, 0x41, 0x7D, 0x7B, 0x70, 0x11, 0x1E, 0x6E, 0x0F, 0xAF, 0xC0, 0xB8,
    0x4C, 0x6F, 0xC0, 0xC0, 0xA8, 0xDB, 0x90, 0x1B, 0x65, 0x21, 0xD5, 0xB2, 0x02, 0x85, 0x30, 0x20,
    0x4B, 0x02, 0x0A, 0xFD, 0x31, 0x6C, 0xAF, 0x1C, 0xAA, 0x83, 0x72, 0x93, 0x4F, 0x7F, 0x6D, 0x5F,
    0x19, 0xAC, 0x2C, 0x29, 0x85, 0x15, 0x85, 0x4F, 0x15, 0x76, 0xCE, 0x85, 0xB4, 0x20, 0xBB, 0x0E,
    0xAA, 0x3A, 0xFA, 0xF5, 0xD5, 0xC6, 0x33, 0x70, 0x0E, 0x94, 0x81, 0xBC, 0x82, 0xED, 0x07, 0xA0,
    0xCF, 0x00, 0xE0, 0x6C, 0x6E, 0x27, 0x65, 0x5A, 0xAA, 0x22, 0xD1, 0x49, 0x91, 0x20, 0xCD, 0x0A,
    0xA2, 0xBC, 0x44, 0x64, 0x57, 0xA1, 0xEE, 0xC1, 0xC3, 0xDB, 0x30, 0xDE, 0x86, 0x41, 0x05, 0xA9,
    0x99, 0xC5, 0x48, 0xF4, 0xFC, 0x8D, 0xC2, 0x00, 0xD8, 0x81, 0x0B, 0x16, 0xF2, 0x02, 0xE8, 0xAD,
    0xC0, 0x38, 0x85, 0xDE, 0x92, 0xFC, 0xC3, 0xE5, 0xF9, 0x67, 0xF5, 0x99, 0x4D, 0x2A, 0x6E, 0xBC,
    0xF4, 0xB8, 0xE7, 0xF9, 0xFA, 0x2E, 0x15, 0x2D, 0x65, 0xD4, 0xA0, 0x0F, 0xFE, 0x0A, 0x29, 0x20,
    0x03, 0x86, 0x33, 0xC6, 0xA8, 0x06, 0x31, 0x3B, 0x0D, 0x4A, 0x47, 0x3A, 0x43, 0x98, 0x01, 0xD2,
    0x3C, 0x5A, 0xDF, 0x30, 0x3E, 0x86, 0x41, 0x75, 0x7F, 0x5D, 0x68, 0x80, 0xB0, 0x88, 0x78, 0xBB,
    0x2A, 0x13, 0x53, 0xA4, 0x9A, 0x21, 0xEC, 0x40, 0x4D, 0x3C, 0x5B, 0x12, 0x6B, 0x32, 0xAE, 0xF7,
    0xB9, 0xFD, 0xE8, 0xA6, 0xF5, 0xC3, 0x58, 0x01, 0x52, 0x60, 0x05, 0x60, 0x11, 0x6C, 0x82, 0x65,
    0x87, 0x8A, 0xC3, 0x60, 0x06, 0x32, 0x3D, 0x07, 0x6B, 0x60, 0xCE, 0x3C, 0x03, 0x1B, 0x7A, 0x75,
    0x60, 0x0B, 0xFF, 0x12, 0x30, 0x07, 0x0B, 0x1C, 0xB0, 0x09, 0x4D, 0x00, 0x13, 0x25, 0xCA, 0x90,
    0x72, 0x7D, 0xC8, 0xED, 0xC7, 0xEB, 0x01, 0x4C, 0xEA, 0xFB, 0xC4, 0x9F, 0x18, 0x70, 0x1A, 0xB6,
    0x4E, 0xBF, 0x62, 0x97, 0x62, 0x23, 0xFF, 0x9E, 0xB8, 0x85, 0xB7, 0x8E, 0x59, 0xB1, 0x49, 0x15,
    0x3F, 0xAB, 0x45, 0xF9, 0x40, 0x9A, 0xA5, 0x5F, 0x9C, 0x3E, 0xC5, 0x39, 0xFE, 0x1F, 0xCD, 0x99,
    0x01, 0xA4, 0x25, 0x59, 0x7A, 0xC7, 0x7F, 0x55, 0x67, 0x67, 0x8A, 0xAD, 0x99, 0x77, 0x1A, 0x59,
    0xD9, 0x78, 0xFD, 0xA6, 0x16, 0x30, 0x89, 0xD7, 0xAF, 0x06, 0x1D, 0x6E, 0xB8, 0x75, 0xEF, 0xD9,
    0x19, 0x0C, 0x96, 0x6C, 0x63, 0x5E, 0x0F, 0x5A, 0xE6, 0x05, 0x48, 0x24, 0x91, 0xDB, 0xA1, 0xC3,
    0xA0, 0x5E, 0xBF, 0xCA, 0x2C, 0x02, 0xF0, 0x20, 0xD3, 0x18, 0x62, 0x10, 0x20, 0xF0, 0xD0, 0xC3,
    0x0B, 0xB7, 0xBB, 0xCF, 0x64, 0xB0, 0x58, 0xA1, 0x36, 0x3B, 0x93, 0x45, 0x84, 0x9A, 0xA4, 0x3B,
    0xC1, 0x62, 0x4E, 0xE2, 0x34, 0xF5, 0x92, 0xBA, 0xF7, 0xE4, 0x9C, 0xAA, 0xBD, 0x37, 0xEF, 0x6D,
    0xBA, 0xE7, 0x4D, 0x4F, 0xDE, 0xCE, 0xE4, 0xDC, 0xF3, 0xFD, 0xFF, 0xB7, 0xAA, 0x4E, 0x9D, 0xFB,
    0xFD, 0xCF, 0x3D, 0xB7, 0xBE, 0xEF, 0x9C, 0x0B, 0xC4, 0x9A, 0xD9, 0x89, 0xA8, 0xC5, 0xA3, 0xD9,
    0x3B, 0xB5, 0x54, 0xE2, 0x3F, 0xF4, 0x0E, 0x38, 0xC6, 0x30, 0x67, 0x0E, 0x25, 0x2D, 0x14, 0xD8,
    0x27, 0x40, 0x0B, 0xE3, 0xBE, 0x89, 0x27, 0x8E, 0x99, 0x80, 0xC1, 0x77, 0x50, 0x23, 0x1E, 0xCF,
    0x14, 0xCC, 0x5A, 0x00, 0x14, 0x44, 0x26, 0x58, 0xEC, 0x2A, 0x93, 0xDD, 0x31, 0x75, 0x81, 0xAB,
    0x4A, 0x6E, 0xD3, 0xF6, 0xFD, 0x9C, 0xB5, 0x96, 0x31, 0x25, 0x65, 0x7F, 0x94, 0xDD, 0x69, 0x88,
    0x9D, 0x02, 0xE0, 0xC8, 0x75, 0x49, 0x67, 0xF7, 0x1E, 0x46, 0xF3, 0x5B, 0x89, 0x66, 0x7C, 0xD3,
    0xC3, 0xA4, 0xF6, 0x50, 0x10, 0x0E, 0xBF, 0x30, 0x88, 0x3A, 0x80, 0xC1, 0xC2, 0xF2, 0x46, 0x03,
    0x9B, 0x4B, 0x00, 0x22, 0x05, 0x88, 0xBA, 0x87, 0xA9, 0x7F, 0xD5, 0x9B, 0xF5, 0xE6, 0x8F, 0xB5,
    0xA8, 0xC5, 0xCF, 0xF0, 0x60, 0x03, 0xD4, 0x9F, 0x03, 0x4D, 0x52, 0x13, 0x9B, 0xB4, 0x81, 0x93,
    0x3F, 0x38, 0x81, 0xE9, 0x3F, 0x3B, 0x00, 0xD8, 0x8A, 0x2B, 0x00, 0xD2, 0xEF, 0x03, 0x80, 0x58,
    0x00, 0x40, 0xD4, 0xF2, 0x8B, 0xE5, 0x81, 0x5B, 0x20, 0x9C, 0xEB, 0xB2, 0x47, 0x33, 0xFF, 0x45,
    0x5C, 0xEF, 0x44, 0x1D, 0x59, 0x51, 0x09, 0x2B, 0x6A, 0x4A, 0xA1, 0x92, 0xC6, 0xF3, 0x24, 0x46,
    0x6A, 0xCF, 0x19, 0x64, 0xCA, 0xB3, 0x84, 0x29, 0x81, 0x15, 0xF7, 0x18, 0xB8, 0x1D, 0x38, 0x36,
    0x03, 0x27, 0x75, 0xCF, 0x48, 0x4D, 0x7F, 0x5F, 0x46, 0xE0, 0x09, 0x13, 0x9E, 0x0B, 0xFD, 0x32,
    0x47, 0x7A, 0xB6, 0x58, 0x64, 0xEA, 0x25, 0xC7, 0x86, 0xE9, 0xCF, 0xFD, 0x70, 0x00, 0xDC, 0x4A,
    0x09, 0xC7, 0xBC, 0x34, 0x66, 0xD3, 0xFB, 0x45, 0x6A, 0x09, 0x7E, 0x11, 0x1F, 0xD2, 0xDF, 0xCF,
    0xD0, 0x9F, 0x6F, 0xDF, 0xFB, 0x25, 0x3E, 0xD9, 0xAB, 0x3C, 0x4B, 0xA1, 0x72, 0x02, 0xBF, 0xCA,
    0xFE, 0x93, 0xFD, 0x12, 0x4F, 0xF1, 0xAB, 0x80, 0xC1, 0x2F, 0x74, 0xF8, 0x9C, 0xC8, 0x44, 0xBA,
    0x1F, 0x8F, 0xC7, 0x37, 0xF4, 0xCF, 0xFD, 0xD2, 0x24, 0x0B, 0xAE, 0xA6, 0x10, 0xDD, 0x0B, 0x5E,
    0x41, 0x41, 0x6A, 0x7B, 0x8A, 0xDF, 0xEF, 0x09, 0x7C, 0x8B, 0x22, 0xB4, 0xCC, 0xEF, 0xDC, 0x0B,
    0x0E, 0x15, 0x2C, 0x82, 0x3F, 0x73, 0xF6, 0x63, 0xF6, 0x69, 0x29, 0xF0, 0x60, 0xC3, 0x0D, 0xA6,
    0x27, 0x51, 0xF7, 0x24, 0xAB, 0xFE, 0x5A, 0x46, 0x4F, 0x05, 0x6A, 0xCE, 0x3D, 0x8E, 0xD1, 0x13,
    0x16, 0x91, 0x89, 0x75, 0xFE, 0xB3, 0x83, 0xD7, 0xFE, 0xF3, 0xAF, 0x75, 0xB2, 0xC8, 0xFF, 0xC5,
    0x77, 0xED, 0x3A, 0x70, 0xDD, 0xDE, 0x43, 0x98, 0x7D, 0x9C, 0x6A, 0x90, 0x55, 0x12, 0x50, 0x7D,
    0x09, 0xBC, 0xD4, 0xE3, 0xFB, 0x3D, 0x36, 0x2B, 0x94, 0x3A, 0xF6, 0xE8, 0x9C, 0xF3, 0x08, 0x70,
    0x1A, 0x33, 0x00, 0x72, 0x80, 0x68, 0x0E, 0x90, 0x34, 0x00, 0x6C, 0x07, 0xA7, 0x8A, 0xE0, 0xD3,
    0x76, 0xAA, 0x81, 0x64, 0x00, 0xC4, 0xC2, 0x43, 0x74, 0xCF, 0x03, 0xC5, 0xE7, 0x81, 0x0A, 0x50,
    0xAF, 0x20, 0xAA, 0x8B, 0x30, 0xD7, 0x0A, 0xEF, 0x43, 0x5D, 0x00, 0xAC, 0x81, 0x31, 0xC0, 0x1C,
    0x88, 0x2D, 0x90, 0x56, 0x4E, 0xA7, 0xEC, 0xE9, 0xE0, 0x7A, 0x4A, 0xA2, 0x61, 0x30, 0xE7, 0x8F,
    0x67, 0xDE, 0xE4, 0xB9, 0x96, 0x7A, 0xDB, 0x7B, 0xE8, 0xE5, 0x76, 0x52, 0xC1, 0xCA, 0x32, 0x20,
    0x1F, 0x24, 0x8A, 0x06, 0xA7, 0x85, 0xFB, 0xC8, 0x99, 0x59, 0x13, 0xDD, 0xFF, 0xEE, 0xC1, 0xA1,
    0x34, 0x8C, 0xC9, 0x90, 0xED, 0x40, 0xFB, 0x03, 0x4D, 0x07, 0x92, 0x55, 0x4F, 0xA9, 0xEE, 0x49,
    0x98, 0x9E, 0x22, 0xDB, 0x13, 0xF3, 0x81, 0x26, 0x03, 0xE5, 0x65, 0x4F, 0xB2, 0xEB, 0x29, 0x19,
    0x28, 0x0E, 0x34, 0x3B, 0x24, 0x90, 0x33, 0x84, 0x26, 0x00, 0x2B, 0xCA, 0x01, 0x60, 0x02, 0x00,
    0xFB, 0x00, 0x3C, 0xDF, 0x02, 0x90, 0x1D, 0x02, 0xC0, 0x28, 0x78, 0xAB, 0xCB, 0xE0, 0xAC, 0x1A,
    0xF5, 0xBE, 0x22, 0xBB, 0x1E, 0x0B, 0xC6, 0x69, 0x27, 0x73, 0xC6, 0x51, 0xD7, 0xFB, 0x59, 0xCA,
    0xA4, 0x0E, 0x28, 0x4C, 0x40, 0xDA, 0x1E, 0xE7, 0x3D, 0x4E, 0x7B, 0xCC, 0xCA, 0x80, 0xB2, 0x0B,
    0x28, 0x7A, 0x8C, 0x3D, 0xF6, 0xDE, 0x95, 0xBD, 0x73, 0x25, 0x00, 0x03, 0xCE, 0x01, 0x38, 0x06,
    0xC0, 0xB2, 0x9E, 0x19, 0xB9, 0x02, 0x10, 0x15, 0x40, 0xA2, 0xD7, 0xEF, 0xD7, 0x65, 0xFA, 0xB7,
    0x0B, 0xA6, 0x7A, 0xF3, 0x9F, 0x66, 0x55, 0xA6, 0x85, 0x49, 0x75, 0xA2, 0x45, 0x23, 0x6A, 0x8F,
    0xF5, 0x33, 0x60, 0x93, 0xE8, 0x4D, 0x2B, 0x6C, 0xA2, 0x0F, 0x16, 0xFD, 0x84, 0x03, 0x4E, 0x63,
    0x5A, 0xB1, 0x9E, 0xC0, 0x07, 0x00, 0xB4, 0xB0, 0x1D, 0x6B, 0x90, 0xDF, 0x5F, 0x3D, 0x17, 0xA3,
    0x8E, 0x33, 0xC5, 0x02, 0x71, 0x0B, 0x41, 0x38, 0x24, 0xFB, 0x40, 0x3A, 0x05, 0x36, 0x72, 0xE0,
    0xB2, 0xAC, 0x60, 0x24, 0x35, 0xDC, 0x4A, 0x6A, 0x38, 0x12, 0x0D, 0x34, 0xC2, 0x10, 0x39, 0x67,
    0x11, 0x9A, 0x0E, 0xA1, 0x98, 0x93, 0xC2, 0x04, 0x09, 0x53, 0x66, 0xD7, 0xA2, 0x07, 0x87, 0xCE,
    0x08, 0x67, 0x36, 0x62, 0x2D, 0x7E, 0x04, 0x0B, 0xF8, 0x7D, 0x80, 0x64, 0xA9, 0xF2, 0xF7, 0xEA,
    0x69, 0x6C, 0x26, 0x91, 0xD9, 0x8A, 0x0C, 0x91, 0x49, 0x9D, 0x99, 0x5E, 0x37, 0x5D, 0x64, 0xDA,
    0xC8, 0xD8, 0xD8, 0xB4, 0xC2, 0xDC, 0xFE, 0xA3, 0x36, 0x6B, 0x96, 0xA3, 0x04, 0xB9, 0x45, 0xD2,
    0x12, 0x9B, 0xD5, 0xD0, 0x39, 0x7E, 0xF5, 0x24, 0x1C, 0x46, 0xE7, 0x57, 0x62, 0x13, 0x1A, 0x4F,
    0x1D, 0xA3, 0x14, 0x59, 0x92, 0x58, 0xA2, 0x6B, 0x00, 0xB9, 0x3F, 0x1F, 0xAE, 0x9E, 0x7F, 0x23,
    0xCD, 0x16, 0x8C, 0xDF, 0x86, 0xCC, 0x80, 0xD4, 0xAC, 0xCB, 0xAC, 0xC5, 0x07, 0x6F, 0x15, 0x1E,
    0xAC, 0x13, 0x30, 0x21, 0x18, 0xCF, 0xA1, 0x6C, 0x61, 0x6C, 0xA1, 0x38, 0x6D, 0xE1, 0x5C, 0xB8,
    0x16, 0xDA, 0x84, 0xB6, 0xE1, 0x9E, 0x10, 0xAD, 0x43, 0x1F, 0xDF, 0x8C, 0xFC, 0xC8, 0x28, 0x96,
    0xC3, 0xC8, 0x84, 0xD0, 0xEB, 0x23, 0x70, 0x81, 0x9D, 0x53, 0xB6, 0xA1, 0xA7, 0x62, 0x5D, 0xFD,
    0x61, 0x49, 0x59, 0x60, 0x7D, 0x03, 0xDF, 0x8C, 0xCB, 0xA2, 0x02, 0x29, 0x57, 0x5F, 0x56, 0xDC,
    0x72, 0xAA, 0xB8, 0x4E, 0x38, 0xED, 0x23, 0xF7, 0x7D, 0x75, 0x36, 0x18, 0x5F, 0x40, 0xE4, 0xBE,
    0xB5, 0x05, 0x57, 0x8E, 0x41, 0x36, 0x10, 0x29, 0x00, 0x42, 0xF8, 0xDE, 0xF4, 0x2F, 0x71, 0xDE,
    0xAB, 0x49, 0xEA, 0x10, 0xB3, 0x7D, 0xC8, 0xB6, 0x4C, 0xFF, 0x7E, 0x09, 0x00, 0x99, 0x53, 0xF0,
    0xDC, 0x2E, 0x00, 0xC0, 0x46, 0x0A, 0x64, 0x52, 0x85, 0x77, 0x5F, 0x91, 0x24, 0x80, 0x83, 0x05,
    0x7C, 0xEB, 0x0D, 0x00, 0x18, 0x6D, 0x43, 0x59, 0x04, 0xFE, 0x92, 0xF2, 0xFE, 0x70, 0x90, 0x87,
    0x54, 0xC0, 0x0E, 0xC0, 0x08, 0xE0, 0xFD, 0xAF, 0x49, 0xDE, 0xCB, 0x40, 0x09, 0x18, 0x88, 0x6A,
    0x6F, 0x17, 0x28, 0xF1, 0xB2, 0x50, 0x90, 0xBE, 0xB5, 0x9A, 0x85, 0x91, 0xFD, 0x7A, 0x24, 0x5E,
    0x7B, 0x0E, 0x46, 0x63, 0x90, 0x06, 0x92, 0xFA, 0x62, 0xBF, 0xC5, 0x4C, 0x01, 0xA9, 0x06, 0xE2,
    0x1A, 0xE0, 0x08, 0xD8, 0x10, 0x15, 0x64, 0x89, 0xEE, 0xDF, 0x7D, 0x35, 0x12, 0x5F, 0x06, 0x0A,
    0x40, 0x02, 0x89, 0x02, 0xD4, 0x85, 0x49, 0x4C, 0x97, 0x14, 0x37, 0xF4, 0xEF, 0xC6, 0x06, 0x2C,
    0x1C, 0x43, 0x09, 0xA5, 0x73, 0xDD, 0xC9, 0xEE, 0xBC, 0xE5, 0xF8, 0x98, 0xBB, 0x65, 0x64, 0xF2,
    0x1B, 0xF5, 0xF3, 0x4B, 0xCE, 0xFE, 0x62, 0x9F, 0xFE, 0x55, 0x83, 0x01, 0x22, 0xBB, 0x0E, 0x25,
    0x25, 0x90, 0x4E, 0x56, 0xA1, 0x64, 0x4B, 0x2A, 0x18, 0x4B, 0x0D, 0xA3, 0x54, 0x33, 0x84, 0x12,
    0xB3, 0x0A, 0x25, 0x71, 0x1D, 0xB5, 0x43, 0x3C, 0x49, 0x14, 0xF7, 0x90, 0x70, 0xC0, 0xEC, 0x70,
    0x15, 0x4A, 0x00, 0xE9, 0xF4, 0x73, 0xBB, 0x0A, 0x48, 0x45, 0x25, 0x5F, 0xD7, 0x1E, 0xD7, 0x31,
    0x65, 0x12, 0x9B, 0x2B, 0x91, 0xE1, 0x73, 0x63, 0xCA, 0x3A, 0x8E, 0xC0, 0xB7, 0x76, 0x59, 0x95,
    0x06, 0x88, 0xCC, 0xEA, 0x1D, 0xAC, 0x0E, 0xE3, 0x5E, 0x43, 0xBB, 0xD2, 0xB0, 0x51, 0x00, 0x2F,
    0xE6, 0xC0, 0x76, 0xA6, 0x60, 0x24, 0x2B, 0xB8, 0xD9, 0x6B, 0x48, 0x6A, 0xA8, 0x07, 0x0D, 0x06,
    0x51, 0xC5, 0x2D, 0x42, 0xD1, 0x91, 0xC2, 0x82, 0x0D, 0x78, 0x10, 0xC2, 0xA1, 0xFB, 0xDF, 0x1A,
    0x18, 0x41, 0x19, 0xF0, 0xD9, 0x35, 0xAC, 0x54, 0xF4, 0x32, 0xCE, 0x16, 0x17, 0x9C, 0xE0, 0x8F,
    0x1F, 0x5F, 0xF7, 0xF8, 0x5B, 0x06, 0x8F, 0x7F, 0x62, 0x38, 0x82, 0x4F, 0x0D, 0xDF, 0x21, 0xFA,
    0xD0, 0x00, 0xE2, 0xCF, 0x02, 0x26, 0x51, 0xC0, 0x0D, 0xEF, 0x34, 0x6C, 0x47, 0x8F, 0x77, 0x61,
    0xD4, 0x9F, 0x79, 0xE0, 0x02, 0x3E, 0x0A, 0xF7, 0xC7, 0x3A, 0x9C, 0x11, 0xCA, 0xE3, 0xCB, 0x29,
    0x1E, 0x47, 0xB9, 0x12, 0x86, 0x63, 0xEF, 0x9A, 0x73, 0x2D, 0x30, 0xC8, 0x81, 0x5E, 0xD0, 0xBA,
    0x24, 0xEE, 0xD5, 0x25, 0xF9, 0x9D, 0xCF, 0x6E, 0xE8, 0x49, 0xD4, 0xC5, 0xCD, 0x15, 0xBC, 0x0A,
    0x68, 0xB1, 0x60, 0xB1, 0xA9, 0xF7, 0xD0, 0x4E, 0x77, 0x4F, 0x76, 0xAF, 0x75, 0x58, 0x68, 0x69,
    0xC1, 0xD2, 0x41, 0x1B, 0x2F, 0x78, 0xE5, 0xF6, 0x5E, 0xF6, 0x6E, 0x93, 0xB5, 0x21, 0xCC, 0xE5,
    0x4B, 0x15, 0x9F, 0xEC, 0x35, 0xB2, 0x8A, 0xCD, 0x0E, 0x34, 0x63, 0xA0, 0x04, 0x8E, 0x01, 0xBB,
    0xB6, 0xA9, 0xB3, 0x24, 0x27, 0x2D, 0xB1, 0x99, 0x13, 0x99, 0x31, 0xCE, 0xED, 0x70, 0xFD, 0xB1,
    0xAC, 0x22, 0x13, 0x9F, 0x78, 0x09, 0x33, 0xDF, 0xC7, 0x72, 0xA6, 0xE4, 0x9D, 0x7F, 0x53, 0x79,
    0x64, 0x98, 0x9C, 0x5A, 0xFD, 0xEE, 0x60, 0x90, 0xAF, 0x35, 0x08, 0x57, 0x91, 0x2A, 0xD8, 0x02,
    0x5E, 0xEA, 0x05, 0xB5, 0xA4, 0x6E, 0xC9, 0x3E, 0x39, 0xED, 0xD4, 0x69, 0xFB, 0xAD, 0x99, 0x6A,
    0x29, 0xB8, 0x7D, 0xDD, 0x92, 0xBA, 0x0A, 0x6E, 0xA5, 0x70, 0xE5, 0x0A, 0xC8, 0x63, 0x48, 0x0C,
    0xC4, 0x87, 0x00, 0x70, 0xD6, 0xDF, 0xFA, 0xC9, 0xFE, 0xE6, 0x4B, 0x4B, 0xD2, 0xB6, 0x44, 0x83,
    0xBF, 0xDE, 0x76, 0xBC, 0x0D, 0xFE, 0xBE, 0xD9, 0xFB, 0x0B, 0x90, 0x44, 0x35, 0xF1, 0x0F, 0x2B,
    0x70, 0xEB, 0xB4, 0x97, 0x2F, 0xAF, 0x63, 0x4A, 0x4B, 0x86, 0x25, 0x67, 0xD0, 0x11, 0xCE, 0x1F,
    0xC2, 0xD5, 0x74, 0x35, 0xAB, 0xD3, 0x16, 0x10, 0xE6, 0xEC, 0x13, 0x5B, 0x3A, 0xF6, 0x1E, 0x26,
    0x0B, 0x42, 0x86, 0xEA, 0x21, 0xA9, 0x3C, 0xBC, 0x84, 0x87, 0x51, 0x80, 0xC6, 0xC3, 0x47, 0xDA,
    0xC3, 0x8F, 0x6A, 0x0F, 0x9F, 0x19, 0x0F, 0xFF, 0xDE, 0x85, 0x0B, 0xF7, 0x03, 0x4C, 0x95, 0x87,
    0x4C, 0x7B, 0x48, 0x8D, 0x07, 0xD1, 0xF9, 0xAE, 0x70, 0xCA, 0x75, 0xE4, 0x3A, 0xE2, 0x12, 0xF1,
    0x87, 0x35, 0xFC, 0x57, 0x05, 0x53, 0xE0, 0xDB, 0x00, 0xE0, 0x14, 0xCC, 0xBC, 0xC9, 0xD3, 0xF6,
    0x9A, 0xD3, 0xF2, 0xBB, 0x4B, 0x25, 0x95, 0x45, 0xBE, 0x5A, 0x23, 0x5F, 0x57, 0xC8, 0xDF, 0x06,
    0x79, 0x00, 0xF2, 0xB3, 0x0A, 0xF9, 0xE7, 0xB5, 0x3F, 0x6F, 0x90, 0xAA, 0xF5, 0x76, 0x9B, 0x59,
    0x3D, 0x3D, 0x74, 0x26, 0x35, 0x17, 0x95, 0xA3, 0x91, 0x54, 0x90, 0x01, 0x05, 0x83, 0x4D, 0x01,
    0xD9, 0xF2, 0x8C, 0x09, 0xDB, 0x11, 0xA2, 0x26, 0xD1, 0xA1, 0x8A, 0x86, 0xC8, 0x9D, 0x1A, 0x65,
    0xD8, 0x7D, 0xE3, 0xC2, 0x53, 0x4B, 0x12, 0xF5, 0x04, 0xB7, 0x0D, 0x00, 0xEB, 0x27, 0xD0, 0xFF,
    0x5D, 0x42, 0xA2, 0x8E, 0xE2, 0x9F, 0x68, 0x9C, 0x62, 0xB2, 0x7E, 0x28, 0xB9, 0xA9, 0x5B, 0x5C,
    0xE5, 0xEE, 0x77, 0xE2, 0x9A, 0x14, 0xB6, 0xC1, 0x10, 0xBB, 0x8A, 0xEB, 0x16, 0xF6, 0x61, 0x02,
    0x19, 0x64, 0x47, 0xE4, 0x96, 0x49, 0x47, 0x79, 0x70, 0xDD, 0xA6, 0xAE, 0x0A, 0x99, 0xF0, 0x3F,
    0x2A, 0x96, 0xF0, 0xC6, 0xD0, 0x49, 0xE7, 0xEB, 0x08, 0xF3, 0x8A, 0xD0, 0xA4, 0x8A, 0x2D, 0x18,
    0x0D, 0xFD, 0x28, 0x6E, 0x18, 0x68, 0xA1, 0x84, 0x62, 0x55, 0xC7, 0x47, 0xCC, 0x5B, 0xEC, 0xFD,
    0x1B, 0xF5, 0xE6, 0x92, 0xA3, 0xAD, 0xE2, 0xAE, 0x6C, 0x22, 0x05, 0xD3, 0x73, 0xA2, 0x61, 0xA2,
    0x53, 0x3D, 0xA3, 0xFD, 0x7F, 0xB7, 0x15, 0x14, 0x18, 0x18, 0xB6, 0x80, 0x80, 0xE0, 0x0F, 0xF0,
    0xB5, 0x6E, 0x01, 0x01, 0x44, 0xF7, 0x00, 0xA0, 0x60, 0x4D, 0x5F, 0xDD, 0x16, 0x10, 0xFC, 0x1A,
    0xB0, 0x0F, 0x58, 0x88, 0x35, 0x44, 0xAC, 0xCB, 0x39, 0x71, 0xE2, 0x99, 0x9E, 0xBB, 0x0C, 0x3B,
    0x45, 0xB0, 0x05, 0x5C, 0xFD, 0xE5, 0x3C, 0x77, 0x43, 0xA2, 0x68, 0xC0, 0xA7, 0x8A, 0x0F, 0xAE,
    0x41, 0xA2, 0x99, 0xD0, 0x53, 0x71, 0x1E, 0x39, 0xB7, 0x90, 0x4E, 0x27, 0x9F, 0xEC, 0xEE, 0x3F,
    0xB7, 0x54, 0xFD, 0xC9, 0x92, 0xA7, 0xD1, 0x84, 0x39, 0xA9, 0x26, 0xA7, 0xF5, 0x1F, 0x84, 0x7C,
    0xD7, 0xE0, 0xBA, 0xFE, 0x87, 0xE8, 0xDE, 0x71, 0x6A, 0xEF, 0x2F, 0xDF, 0x34, 0xA9, 0xA5, 0x4D,
    0x1A, 0xCA, 0x70, 0xCB, 0x59, 0xEB, 0xCF, 0xCD, 0xBD, 0xD9, 0x44, 0x47, 0x26, 0xEC, 0x37, 0x0C,
    0x7B, 0x47, 0x13, 0x92, 0x0F, 0x2D, 0xC9, 0x67, 0x15, 0x49, 0xDB, 0x3B, 0xB5, 0xB6, 0x54, 0x07,
    0x39, 0xE0, 0x3A, 0x20, 0x5F, 0xEF, 0x3D, 0x08, 0x0D, 0xF0, 0x3E, 0xA7, 0x4A, 0xBF, 0x57, 0xD3,
    0x6F, 0xD5, 0x48, 0xC3, 0x18, 0xD9, 0x06, 0xD8, 0x0F, 0x30, 0x0D, 0x20, 0x2B, 0x0F, 0xA9, 0xF6,
    0x20, 0x8C, 0x87, 0xC8, 0x7A, 0x60, 0x1E, 0x60, 0x12, 0x20, 0x2F, 0x3D, 0xC8, 0xCE, 0x43, 0x12,
    0x20, 0xEE, 0x86, 0x9D, 0x23, 0x67, 0x28, 0xF1, 0x0C, 0x05, 0x90, 0xB2, 0x5E, 0x9C, 0xBA, 0xD4,
    0x32, 0xFB, 0xD3, 0xFB, 0x48, 0x9D, 0x23, 0x2B, 0xA9, 0xCE, 0x79, 0x55, 0xB3, 0x5A, 0xD6, 0xCE,
    0x4A, 0x0B, 0xCF, 0xAB, 0x95, 0x92, 0xBB, 0x00, 0xD5, 0x2A, 0x11, 0xDC, 0x78, 0x0B, 0x78, 0x41,
    0x04, 0x48, 0x80, 0xF4, 0xDE, 0xEA, 0x82, 0xE8, 0x80, 0x74, 0x1F, 0xD8, 0x98, 0x02, 0x5B, 0x99,
    0x82, 0x6D, 0x59, 0xAD, 0xB3, 0xDC, 0xFA, 0x74, 0x96, 0xAB, 0xA3, 0x16, 0x51, 0x31, 0x27, 0x85,
    0xDB, 0x48, 0x98, 0x9E, 0xCD, 0x72, 0x49, 0x34, 0x12, 0x46, 0x70, 0x89, 0xC8, 0x21, 0xDE, 0xA9,
    0x04, 0x5A, 0x44, 0x5A, 0xFC, 0xB4, 0xE2, 0xFE, 0x2A, 0x5B, 0xBC, 0x53, 0x4F, 0x22, 0x73, 0x05,
    0x43, 0x5F, 0x43, 0xB6, 0xB8, 0x6B, 0x3A, 0x4C, 0x8B, 0xB1, 0x51, 0x9F, 0x2D, 0xFE, 0x4E, 0x9B,
    0x99, 0xFB, 0xEB, 0xB8, 0x9E, 0x6A, 0x00, 0x09, 0xC0, 0xCB, 0x9F, 0x97, 0x33, 0xFE, 0xBA, 0xE1,
    0xA8, 0xCF, 0x19, 0x6F, 0x9E, 0x93, 0x33, 0x5E, 0xFE, 0x72, 0x39, 0xA3, 0xD4, 0x40, 0xB6, 0x5E,
    0x18, 0x5F, 0xBB, 0xD8, 0x9C, 0x91, 0x39, 0x60, 0x41, 0xD4, 0x90, 0xB2, 0x2A, 0x47, 0xCC, 0x4E,
    0xC2, 0x1F, 0x2E, 0x61, 0xFF, 0xB3, 0xD9, 0x41, 0xDA, 0x31, 0xDB, 0xC7, 0x73, 0x46, 0x65, 0xCB,
    0xD1, 0xD8, 0x46, 0x75, 0x61, 0x85, 0x2E, 0x6C, 0x42, 0x61, 0x37, 0x28, 0xDA, 0x6D, 0xC6, 0xF3,
    0xAB, 0x94, 0xE5, 0x11, 0xC7, 0x93, 0x1A, 0x93, 0x69, 0x51, 0xA7, 0x3E, 0xB0, 0x7E, 0xF3, 0xA0,
    0xE5, 0x32, 0x40, 0xA4, 0x90, 0x8A, 0x2B, 0x70, 0x0B, 0x00, 0xBE, 0x1D, 0x2F, 0x6F, 0x65, 0x77,
    0x4C, 0x81, 0x2D, 0xE3, 0xAE, 0x4D, 0xC6, 0xF6, 0xC5, 0xC2, 0x6E, 0x17, 0xF6, 0x95, 0xC2, 0x36,
    0xC5, 0x89, 0x1E, 0x3F, 0x50, 0xE5, 0xB4, 0x0F, 0xA3, 0xBF, 0xE1, 0xD4, 0x4D, 0x10, 0x9F, 0x5A,
    0xC0, 0xCC, 0x81, 0xF1, 0x0E, 0xB0, 0x95, 0x7E, 0x35, 0x1B, 0x71, 0x45, 0x06, 0x52, 0x2A, 0x92,
    0x1F, 0x68, 0xA2, 0xBA, 0x06, 0x20, 0x72, 0x87, 0xA4, 0xFF, 0x6A, 0x91, 0x7A, 0x8E, 0xAC, 0x4A,
    0x12, 0x55, 0x02, 0x25, 0xB1, 0xEB, 0x90, 0x9F, 0xCC, 0x99, 0x52, 0x32, 0xF1, 0x56, 0x30, 0xF7,
    0xDC, 0x91, 0xBD, 0x37, 0x21, 0x69, 0xA7, 0x15, 0xB0, 0xCA, 0x1A, 0x77, 0xDE, 0x02, 0xC6, 0x02,
    0xB8, 0x74, 0xBE, 0x86, 0x17, 0x7B, 0x0D, 0xD9, 0x4A, 0xC3, 0xCD, 0xB4, 0x86, 0xF7, 0x93, 0x06,
    0xEA, 0xB5, 0x86, 0x2A, 0xEE, 0x10, 0xD0, 0x91, 0xC2, 0xF2, 0x17, 0x57, 0x4F, 0xF1, 0x92, 0xF4,
    0xBD, 0x6A, 0x23, 0xD6, 0xDF, 0x40, 0x3D, 0xD3, 0xA2, 0x49, 0x7E, 0x4F, 0x93, 0x7C, 0x54, 0x13,
    0xD7, 0x06, 0x8E, 0x46, 0xAC, 0xCA, 0x81, 0x73, 0xCD, 0xE6, 0xA3, 0x37, 0x43, 0x90, 0x5F, 0xD9,
    0x35, 0x6F, 0xAC, 0xCD, 0x2D, 0x11, 0x8F, 0xDE, 0x58, 0x1D, 0xAF, 0xEC, 0x92, 0xB7, 0x57, 0xBC,
    0x79, 0x01, 0x91, 0xF1, 0x7D, 0x98, 0xF1, 0x84, 0x5C, 0x92, 0xBE, 0x5E, 0xC5, 0x1F, 0x6A, 0x80,
    0x07, 0x55, 0xF2, 0x0F, 0x46, 0x72, 0x9C, 0x51, 0x4E, 0x28, 0x0A, 0x0A, 0x9F, 0x15, 0x4D, 0x76,
    0xDF, 0x28, 0x60, 0x07, 0x32, 0x90, 0xEA, 0x85, 0xE4, 0xD1, 0x31, 0x0F, 0x6A, 0x00, 0xF2, 0x06,
    0x3E, 0x78, 0x1B, 0xEA, 0xCB, 0xA0, 0xBE, 0x71, 0xA1, 0x8E, 0x0D, 0x23, 0xF6, 0xE2, 0x6A, 0xC4,
    0xFC, 0x61, 0x76, 0x43, 0x8F, 0xE3, 0xA6, 0x8C, 0x4C, 0x8B, 0xB5, 0x58, 0xE7, 0xAC, 0xFF, 0x55,
    0xAD, 0xD7, 0xFE, 0x05, 0xAF, 0xC8, 0x77, 0x43, 0xC2, 0x37, 0xC9, 0x90, 0x69, 0xE5, 0x53, 0xFC,
    0xA8, 0x6E, 0x00, 0x40, 0x38, 0x13, 0x1D, 0x1C, 0x92, 0x43, 0xC6, 0xF9, 0x35, 0xC7, 0x37, 0x0E,
    0xD3, 0x2E, 0x27, 0x93, 0x2A, 0xFD, 0x81, 0x1E, 0xE6, 0x5C, 0xEC, 0xFC, 0x79, 0xC8, 0xCF, 0xBF,
    0x11, 0xF2, 0xE6, 0x6F, 0xDE, 0x6E, 0x2E, 0x87, 0x01, 0x09, 0xFF, 0xFE, 0xA4, 0x3A, 0x79, 0xCA,
    0x2B, 0xF5, 0xDB, 0x2E, 0xAE, 0xCB, 0x9B, 0x0F, 0x8E, 0xF5, 0x65, 0x80, 0x07, 0x7A, 0x4F, 0xA7,
    0x4F, 0x69, 0x95, 0xFA, 0x49, 0x20, 0x7E, 0x6C, 0xC0, 0x1C, 0xC3, 0x68, 0xFB, 0xC2, 0x33, 0xEF,
    0x79, 0x49, 0xB1, 0x83, 0x4C, 0x11, 0xEF, 0xE8, 0x67, 0x4A, 0xB0, 0x9F, 0x30, 0x11, 0x2E, 0xD4,
    0xB1, 0x30, 0x11, 0xEE, 0x54, 0x1B, 0x51, 0x98, 0x08, 0xCF, 0xE4, 0xD8, 0x7E, 0x01, 0xB9, 0x24,
    0x4C, 0xEE, 0x61, 0xD9, 0xB6, 0x8E, 0x19, 0x0F, 0xD9, 0xFB, 0xE4, 0x3E, 0x43, 0x72, 0x90, 0x9E,
    0x19, 0xE9, 0xE1, 0xDC, 0x3E, 0x89, 0x33, 0x24, 0x3F, 0xF5, 0xF6, 0x61, 0x4B, 0xA2, 0x17, 0xDE,
    0x0E, 0xBC, 0xE5, 0x95, 0xBF, 0x5E, 0xFB, 0xB5, 0x65, 0xEB, 0xBA, 0x68, 0x31, 0x4C, 0x90, 0xC4,
    0x4F, 0x10, 0x6D, 0x80, 0xE9, 0x0F, 0xDB, 0xCD, 0xBF, 0xDB, 0x17, 0xF6, 0x8A, 0x30, 0x88, 0xA6,
    0xAF, 0xF5, 0xD9, 0xDA, 0xB0, 0xF9, 0x98, 0xA9, 0x83, 0xE1, 0x87, 0x46, 0xFC, 0xA8, 0x41, 0x54,
    0x37, 0x89, 0xB8, 0x74, 0x9E, 0x63, 0xE1, 0x83, 0x19, 0x1C, 0x6B, 0x4E, 0x39, 0xD6, 0x3D, 0xD1,
    0xB1, 0x30, 0x62, 0x37, 0xAA, 0x17, 0x56, 0x3F, 0x1D, 0x97, 0x35, 0xB3, 0xDF, 0xB4, 0xB2, 0xB6,
    0x52, 0x23, 0xAB, 0xBE, 0xAA, 0xB3, 0xB5, 0x62, 0xF6, 0x31, 0xAE, 0x03, 0xD3, 0x02, 0x6F, 0x17,
    0xC0, 0x76, 0x06, 0xC8, 0x44, 0x7D, 0x25, 0xFB, 0x84, 0xFD, 0xDC, 0xFE, 0xD4, 0x80, 0xB9, 0x1B,
    0xE6, 0xF6, 0x05, 0xEC, 0xCF, 0xC7, 0x81, 0xFD, 0x20, 0x80, 0x1F, 0x06, 0x00, 0xF5, 0xCB, 0xD6,
    0x40, 0xDE, 0xC0, 0xBD, 0xB7, 0xC1, 0xBC, 0x00, 0xF0, 0x25, 0x35, 0xFC, 0x9E, 0xE5, 0xE0, 0x27,
    0xCB, 0xE8, 0x41, 0x9D, 0x7E, 0xD2, 0xE5, 0x14, 0x13, 0xC6, 0x05, 0x97, 0x26, 0x90, 0x2B, 0xA4,
    0x0D, 0x73, 0x9F, 0x99, 0x21, 0xEE, 0xE0, 0x36, 0xE4, 0x23, 0xB2, 0x92, 0x6C, 0x9F, 0x22, 0x7F,
    0xB7, 0x4D, 0x5C, 0x05, 0x00, 0xEC, 0xC0, 0x18, 0x46, 0x70, 0x93, 0x74, 0xC9, 0xED, 0x59, 0xD5,
    0xA6, 0xDA, 0x26, 0xAA, 0x83, 0x83, 0x8A, 0xAC, 0xED, 0x3B, 0xC9, 0xF4, 0x25, 0x51, 0x1B, 0x51,
    0xDB, 0x44, 0xDF, 0x9B, 0x55, 0xD9, 0x09, 0x00, 0x10, 0x37, 0xC4, 0x1A, 0x51, 0x21, 0x86, 0xCC,
    0xEA, 0xF1, 0xEC, 0xBA, 0x69, 0x32, 0x8E, 0xEA, 0x8C, 0x9B, 0x2A, 0xE3, 0x12, 0x19, 0x7C, 0x51,
    0x8B, 0x0E, 0x3E, 0x46, 0xB8, 0x8E, 0x75, 0xC9, 0x80, 0x2B, 0xC0, 0x18, 0xB8, 0x0A, 0x11, 0x42,
    0x65, 0xCA, 0xB9, 0xBD, 0xBF, 0x78, 0x52, 0x42, 0x9B, 0x3E, 0x8A, 0x1D, 0x40, 0x58, 0xD9, 0xC5,
    0x5A, 0x54, 0xA9, 0xAB, 0xA6, 0xEF, 0xDA, 0x8E, 0x79, 0x4B, 0x71, 0x97, 0x82, 0x50, 0x4B, 0x22,
    0xCB, 0xA6, 0xF6, 0x7A, 0xE2, 0x57, 0x0D, 0xCC, 0x61, 0x0C, 0x05, 0xEB, 0xAB, 0xB4, 0x08, 0x43,
    0xA6, 0xA3, 0x05, 0x07, 0x35, 0x7F, 0x05, 0x9B, 0x0B, 0x6E, 0xEF, 0x55, 0x5D, 0xA2, 0x5B, 0x51,
    0x7B, 0xFD, 0x08, 0x8D, 0x54, 0xEC, 0x23, 0x3E, 0x83, 0x44, 0x07, 0xF5, 0xEB, 0x3F, 0xD2, 0x44,
    0xD3, 0x2F, 0x42, 0x54, 0xD4, 0x67, 0xEA, 0x0F, 0x81, 0xED, 0xF3, 0xFE, 0xBA, 0x32, 0xFD, 0xBA,
    0xA8, 0x5F, 0xC1, 0x78, 0x28, 0x9E, 0x0C, 0xCE, 0x2D, 0x08, 0xEB, 0xA0, 0xA7, 0x37, 0x49, 0x03,
    0xF4, 0x5D, 0xF5, 0x9D, 0xA2, 0x7E, 0x05, 0xCC, 0x2D, 0x98, 0x34, 0x90, 0x69, 0x78, 0xFE, 0x73,
    0xF6, 0x9C, 0xBE, 0x67, 0x91, 0x1F, 0x7C, 0xC1, 0x55, 0x43, 0xF5, 0x3F, 0xAB, 0x86, 0xFF, 0x06,
    0x85, 0x92, 0x01, 0x84, 0x1C, 0x67, 0x14, 0xC7, 0x7F, 0x37, 0x93, 0x76, 0xD3, 0xCC, 0xDC, 0xCE,
    0x21, 0xDB, 0x84, 0xEC, 0x65, 0x16, 0x85, 0xB2, 0xC9, 0x7E, 0x74, 0x8F, 0xBB, 0x98, 0xB9, 0xF9,
    0xDA, 0xA0, 0x00, 0x87, 0x4C, 0x41, 0x03, 0x28, 0x10, 0xBD, 0xC5, 0x62, 0x71, 0x77, 0xF7, 0xD1,
    0x00, 0xD0, 0x00, 0x00, 0x0E, 0x9A, 0x00, 0x4C, 0x49, 0x69, 0xC8, 0x25, 0x4F, 0x8A, 0x02, 0x4C,
    0x15, 0x05, 0x64, 0xB4, 0x69, 0x02, 0xE8, 0x88, 0x29, 0x39, 0x2E, 0x99, 0x7E, 0xBB, 0xB3, 0xDC,
    0xBA, 0x6B, 0xF5, 0xFF, 0xC6, 0xFB, 0x9E, 0xFF, 0x7B, 0xEF, 0x3F, 0xDE, 0xFB, 0xBE, 0xC7, 0x5C,
    0xC7, 0xD3, 0x8E, 0x78, 0x12, 0xE8, 0x98, 0x11, 0x9E, 0x84, 0x65, 0x34, 0x39, 0x58, 0x05, 0x12,
    0x23, 0x0F, 0x6A, 0x23, 0x4F, 0x01, 0xA0, 0x3E, 0x4E, 0x6F, 0x01, 0x75, 0x5D, 0xA6, 0xE9, 0x96,
    0x3E, 0x97, 0x77, 0x1F, 0x4E, 0x06, 0x05, 0x64, 0x55, 0x96, 0xF5, 0xAB, 0x38, 0xEB, 0x43, 0x22,
    0x5F, 0x95, 0x94, 0x9E, 0xB4, 0xF9, 0x00, 0x08, 0x8A, 0x8D, 0x89, 0xF2, 0x87, 0xFD, 0xB0, 0x84,
    0xE0, 0xE7, 0x3C, 0x0C, 0x4C, 0x74, 0x95, 0x6C, 0x9D, 0xA2, 0x1B, 0x4D, 0x42, 0x5B, 0xA5, 0x16,
    0xF0, 0x66, 0x87, 0xF8, 0x3A, 0x81, 0xA7, 0xDD, 0xCF, 0xC4, 0x35, 0x2D, 0xB9, 0x79, 0xB7, 0xF0,
    0x1F, 0xAE, 0x4F, 0xE5, 0x61, 0x50, 0xFC, 0x30, 0x31, 0xE7, 0xF1, 0xD6, 0x47, 0xE5, 0xBB, 0x7A,
    0x6F, 0xA0, 0x13, 0x19, 0x48, 0x4B, 0x5A, 0xFA, 0x2A, 0x63, 0x60, 0xAF, 0x7E, 0x57, 0x8D, 0x63,
    0x8F, 0xD3, 0xFC, 0x26, 0x21, 0x2D, 0xB3, 0x94, 0x4F, 0xC7, 0xBA, 0x66, 0x19, 0xF7, 0xE9, 0x25,
    0x57, 0x91, 0xE8, 0x35, 0x14, 0x50, 0x97, 0x9D, 0x11, 0x6A, 0x66, 0xBD, 0x7E, 0xBC, 0xEA, 0x8F,
    0xEF, 0x11, 0xAC, 0xAB, 0x61, 0xC8, 0x79, 0x7C, 0x6B, 0xB5, 0xA4, 0x1A, 0xEB, 0x6F, 0x6B, 0x7F,
    0xCE, 0x34, 0x31, 0x4D, 0x46, 0xA6, 0xE6, 0x48, 0x62, 0x06, 0x73, 0x8D, 0x21, 0x49, 0x1E, 0xC8,
    0xC2, 0x26, 0x42, 0xD9, 0xC8, 0x94, 0x1A, 0x66, 0x61, 0x0E, 0x71, 0x34, 0xCE, 0xE0, 0x32, 0x03,
    0xDD, 0x12, 0x37, 0x6F, 0x49, 0xAD, 0xCF, 0x71, 0x81, 0x1D, 0x2A, 0x6B, 0x87, 0x5B, 0x83, 0x42,
    0x59, 0x00, 0x49, 0x5D, 0x6E, 0xA4, 0xA5, 0x42, 0xF5, 0x50, 0xDF, 0x38, 0xBF, 0x7D, 0xFE, 0xE4,
    0x2D, 0x64, 0xCB, 0xF1, 0x4E, 0x50, 0xB6, 0xF2, 0x56, 0x1E, 0x94, 0xF1, 0x4E, 0xD6, 0x6E, 0xB6,
    0xBE, 0xB8, 0x96, 0xFF, 0xBC, 0x25, 0x7B, 0xFE, 0x7B, 0x70, 0xAA, 0xDE, 0xF2, 0x92, 0xA6, 0x7A,
    0x16, 0x59, 0xA4, 0x16, 0x00, 0x8E, 0x21, 0x34, 0x1C, 0xE3, 0xE5, 0x6C, 0xC2, 0x0A, 0x40, 0x0F,
    0xC6, 0x90, 0x41, 0xC1, 0x92, 0xE0, 0x1A, 0x5A, 0x1A, 0x0F, 0xDA, 0xD0, 0x85, 0x08, 0x86, 0x0B,
    0x49, 0xFB, 0xCD, 0x93, 0xAC, 0x42, 0x1F, 0x3E, 0x02, 0x80, 0xAC, 0xEF, 0xF7, 0x1F, 0xA2, 0x50,
    0xF6, 0x8B, 0xD3, 0xD2, 0xCE, 0x0C, 0x58, 0xBF, 0x96, 0x8E, 0x2C, 0x63, 0x83, 0x4E, 0xAA, 0x21,
    0xD9, 0xBD, 0xFF, 0x4A, 0x7E, 0xD2, 0x9F, 0xAE, 0xE8, 0x1B, 0x12, 0xEA, 0xD0, 0xAC, 0x09, 0x5C,
    0xFC, 0xB1, 0x2C, 0x27, 0x51, 0x54, 0x9E, 0x1D, 0x29, 0x21, 0xD0, 0xAE, 0x50, 0x04, 0x12, 0x12,
    0x91, 0x71, 0x6A, 0xC4, 0x28, 0x5E, 0xF6, 0x7B, 0x6C, 0x41, 0x45, 0xF6, 0x5A, 0xFE, 0xFE, 0x23,
    0xFF, 0xFE, 0x99, 0xA0, 0xA9, 0xAA, 0xA3, 0xDD, 0x53, 0x5B, 0x3F, 0x2B, 0xAD, 0xE6, 0xA0, 0xBE,
    0xE4, 0x3A, 0x28, 0x92, 0x62, 0xAA, 0xFB, 0xAC, 0xC6, 0x05, 0xC0, 0x11, 0xDC, 0x7C, 0xEA, 0x13,
    0x47, 0x3F, 0xF8, 0x15, 0x79, 0x72, 0xC2, 0x00, 0x89, 0x36, 0x0F, 0x7E, 0x17, 0x79, 0xCA, 0xD9,
    0x9D, 0xFB, 0x3E, 0x49, 0xCD, 0xEA, 0x6D, 0x00, 0x87, 0xD0, 0x84, 0xF7, 0x02, 0x3D, 0x35, 0x9A,
    0xDA, 0xDA, 0x3D, 0x5E, 0x23, 0x5D, 0xFA, 0x52, 0x01, 0xBE, 0x72, 0x3F, 0xC1, 0x07, 0x00, 0x65,
    0x0D, 0xC1, 0xA7, 0x49, 0xCC, 0x9C, 0xE0, 0x36, 0xD1, 0x2C, 0x71, 0x52, 0x37, 0x6B, 0x3B, 0xA9,
    0x9B, 0x89, 0x76, 0xAC, 0xE8, 0xAD, 0x9C, 0x5D, 0x02, 0xB3, 0x4B, 0xCE, 0xFC, 0xC9, 0xC3, 0xA0,
    0x78, 0x34, 0x29, 0xBA, 0x37, 0xEF, 0xB6, 0xC4, 0x35, 0x3D, 0x73, 0x43, 0x02, 0x06, 0x46, 0x09,
    0x38, 0x7A, 0x9B, 0x37, 0x6C, 0xDB, 0xF3, 0xA4, 0x29, 0xF7, 0xD8, 0x0B, 0x74, 0xF8, 0xAD, 0x39,
    0xBC, 0x26, 0xF9, 0xB0, 0x98, 0xDF, 0xA8, 0x7D, 0xFA, 0x8E, 0xD9, 0x7C, 0xEC, 0x15, 0x9B, 0x8F,
    0x1D, 0x03, 0x84, 0xCF, 0xF3, 0x8D, 0x47, 0x23, 0xA5, 0x86, 0xC3, 0xF1, 0x28, 0xFC, 0xAB, 0x00,
    0x2E, 0x32, 0x24, 0x91, 0x0F, 0x65, 0x49, 0x03, 0x30, 0x04, 0xBA, 0x6D, 0x20, 0x73, 0x5F, 0x70,
    0xC5, 0xB0, 0x5D, 0x1F, 0xD1, 0xE0, 0x7F, 0xB3, 0xF5, 0xEC, 0x6E, 0xD2, 0x5B, 0xA7, 0x63, 0xBC,
    0xFA, 0x1E, 0xCB, 0xD7, 0xBE, 0x78, 0xA7, 0xEF, 0x8C, 0x6C, 0x5C, 0x72, 0x82, 0x2B, 0xF5, 0x0B,
    0x9C, 0xA3, 0x74, 0xDB, 0xCC, 0x34, 0x67, 0xEA, 0x2C, 0xE0, 0xC0, 0xCA, 0x54, 0x56, 0xE6, 0x00,
    0x00, 0xF6, 0xCD, 0x77, 0x82, 0xEC, 0xCB, 0x9F, 0x72, 0x58, 0x00, 0x24, 0xDC, 0x37, 0x22, 0xB5,
    0xBC, 0x34, 0xFB, 0x30, 0xEF, 0x8D, 0xAC, 0xF7, 0xAD, 0x75, 0x49, 0xE8, 0x00, 0x09, 0x2F, 0x8D,
    0x58, 0xFC, 0x22, 0xFB, 0x1A, 0x20, 0x8A, 0xBA, 0x5D, 0xDF, 0x62, 0xB9, 0x1B, 0x3C, 0x6F, 0x34,
    0x5E, 0x69, 0x41, 0x28, 0x74, 0x93, 0x77, 0x65, 0x49, 0x62, 0x79, 0x29, 0x4D, 0xCF, 0x5E, 0xC9,
    0x4A, 0xA3, 0xD9, 0xAE, 0xDA, 0x77, 0x7C, 0x8B, 0xAE, 0x9F, 0x04, 0x9D, 0x73, 0x40, 0xFC, 0xBA,
    0xBA, 0xFA, 0xB5, 0xA5, 0x1A, 0xD2, 0xB2, 0x41, 0xE7, 0x3D, 0xCB, 0xDF, 0xC8, 0x57, 0x0F, 0x16,
    0xFE, 0xAF, 0xDE, 0x8E, 0x95, 0xDA, 0xF8, 0x18, 0x8E, 0xAB, 0xF1, 0x68, 0xB8, 0x75, 0xD9, 0x2C,
    0x6B, 0x0F, 0x80, 0xC3, 0x72, 0x3D, 0xBF, 0xC0, 0xFB, 0xBA, 0x97, 0x1F, 0x55, 0x2B, 0x5B, 0xFF,
    0x00, 0xC5, 0xBC, 0x01, 0x88, 0x25, 0x47, 0x7A, 0xD8, 0xFF, 0xEB, 0xAE, 0xD3, 0xB6, 0xAD, 0xD6,
    0x4E, 0x09, 0x10, 0xFF, 0x33, 0x9E, 0x5D, 0xB5, 0x00, 0x01, 0xF2, 0x9F, 0xD1, 0xF4, 0x02, 0x9B,
    0x30, 0x8E, 0xE7, 0xBD, 0xD7, 0xA7, 0x03, 0x1B, 0x38, 0x88, 0x37, 0x90, 0x3B, 0x01, 0xEB, 0x58,
    0x02, 0x0C, 0x04, 0x70, 0xF2, 0xC6, 0xC9, 0x3A, 0x6C, 0xF0, 0x9B, 0x79, 0x2D, 0x09, 0x6C, 0xE0,
    0x88, 0xBD, 0x07, 0xDC, 0x1D, 0x60, 0x80, 0x85, 0x24, 0x24, 0x00, 0xE0, 0x01, 0x16, 0xD8, 0x83,
    0xDE, 0x9D, 0x92, 0x16, 0x2C, 0x20, 0x26, 0x6E, 0x9F, 0x7C, 0x18, 0x70, 0x12, 0xD7, 0x9D, 0x56,
    0x1C, 0xE0, 0xC4, 0x57, 0xF6, 0xB5, 0x48, 0x8F, 0xAF, 0xE7, 0x55, 0xEA, 0xEB, 0xF7, 0xDE, 0xEC,
    0x9B, 0x9D, 0x59, 0x69, 0x22, 0x49, 0x97, 0x7E, 0xFD, 0xFD, 0xAA, 0xDF, 0x7B, 0x55, 0x5F, 0x7D,
    0x55, 0xDD, 0x5D, 0xF5, 0x75, 0x77, 0x55, 0xD3, 0x01, 0x03, 0x40, 0x03, 0x71, 0xC9, 0x72, 0x99,
    0x7A, 0x6F, 0xD3, 0x0F, 0x5E, 0xB5, 0xCA, 0xB2, 0x94, 0x6B, 0x41, 0x38, 0x16, 0x3F, 0x93, 0xF0,
    0x71, 0x79, 0x21, 0xC8, 0x95, 0x20, 0x3B, 0xE9, 0x07, 0x5F, 0x73, 0x41, 0x87, 0xE3, 0xCE, 0xCB,
    0xD0, 0x0E, 0x61, 0x7F, 0xE3, 0x0C, 0xDD, 0xD1, 0xA7, 0xD2, 0xED, 0xBD, 0x6F, 0x68, 0xF2, 0xA8,
    0xC1, 0xE6, 0x5C, 0xA5, 0x16, 0x94, 0x39, 0x2F, 0x40, 0x0E, 0x4B, 0x8C, 0x0F, 0x03, 0xFE, 0x7C,
    0x5C, 0x92, 0x93, 0xD4, 0x01, 0xCA, 0x06, 0xC4, 0xEE, 0x04, 0x94, 0x15, 0xD4, 0x4C, 0x6F, 0x65,
    0xA5, 0xF2, 0xDD, 0x2E, 0x44, 0x0D, 0xF2, 0x03, 0x69, 0x01, 0x97, 0x39, 0x5E, 0xBC, 0xF7, 0x65,
    0xF6, 0xBD, 0xD7, 0xCA, 0xD4, 0xA8, 0x85, 0xC4, 0x45, 0x6A, 0xE0, 0xBC, 0x92, 0x3D, 0x14, 0x1D,
    0x40, 0xB0, 0x4A, 0x7D, 0x30, 0x2E, 0x75, 0x48, 0xBD, 0x89, 0x2A, 0xB7, 0x89, 0xA8, 0x80, 0x76,
    0x21, 0xDE, 0x3B, 0x09, 0x8F, 0xA5, 0x5A, 0xEC, 0xA4, 0x4D, 0x28, 0x74, 0x19, 0x19, 0xF5, 0xE1,
    0x6B, 0x05, 0xD3, 0x96, 0xC4, 0x17, 0xA3, 0x57, 0x6D, 0x85, 0x6B, 0x65, 0xA5, 0x83, 0xFB, 0x30,
    0xB2, 0xA4, 0x33, 0xA2, 0x83, 0x9A, 0xD4, 0x11, 0xC9, 0xCF, 0xB7, 0xA9, 0x1C, 0x55, 0x43, 0xB3,
    0xF7, 0xAA, 0x4D, 0x67, 0x85, 0xEF, 0xB2, 0x87, 0xA9, 0x79, 0xF2, 0x27, 0x7B, 0xE8, 0xBB, 0x3B,
    0x37, 0xDB, 0x6A, 0x7F, 0x0B, 0xE0, 0x3C, 0xB1, 0x47, 0x3E, 0x39, 0x8C, 0xDD, 0xC7, 0x7F, 0x94,
    0x55, 0xF5, 0x6B, 0xE5, 0x21, 0xCA, 0x7B, 0x6F, 0x60, 0xF7, 0xAB, 0x47, 0xC0, 0x36, 0xED, 0x47,
    0xD2, 0xCF, 0x0A, 0xD9, 0xFE, 0xA2, 0x13, 0xD2, 0xF5, 0x9C, 0x70, 0x33, 0x70, 0xC0, 0xDD, 0xC0,
    0x21, 0x8D, 0x6C, 0xC7, 0x4E, 0x7E, 0x9F, 0xDA, 0xC0, 0x76, 0x6A, 0xA2, 0x10, 0x7F, 0x84, 0xF6,
    0x52, 0x5A, 0xED, 0x4D, 0xA8, 0xF9, 0x28, 0xA8, 0x49, 0x0D, 0x15, 0x1F, 0x47, 0x1F, 0x96, 0x42,
    0xB6, 0x13, 0x27, 0xA4, 0xEA, 0x39, 0xE8, 0x39, 0x5C, 0xE1, 0xFC, 0x97, 0x2A, 0x68, 0xEE, 0xFE,
    0x3F, 0x27, 0xB9, 0xF8, 0xF2, 0x7C, 0x47, 0xE4, 0xD1, 0xF1, 0x11, 0x99, 0x9A, 0x00, 0x55, 0x0B,
    0xEC, 0x99, 0x98, 0xDE, 0x52, 0x8D, 0xF2, 0x9D, 0xF2, 0x30, 0x04, 0xA8, 0x80, 0xC8, 0x02, 0xAA,
    0x64, 0x65, 0x91, 0xDC, 0x43, 0x11, 0x93, 0x43, 0x52, 0xA3, 0xEA, 0x80, 0xB4, 0x08, 0xB8, 0x4C,
    0xC0, 0x4D, 0x81, 0x0D, 0x78, 0x50, 0x06, 0x78, 0x13, 0xF0, 0xAE, 0x0B, 0x78, 0xA7, 0x0D, 0x30,
    0x47, 0x82, 0x91, 0x20, 0x33, 0x92, 0xCC, 0x05, 0xA8, 0x36, 0xA8, 0xC2, 0x87, 0x8A, 0x23, 0x17,
    0xFB, 0x00, 0x5D, 0x00, 0xCA, 0x00, 0xEC, 0x9F, 0xCC, 0x57, 0x79, 0x17, 0x22, 0x4F, 0x6F, 0xF5,
    0x25, 0x59, 0xE2, 0x20, 0x20, 0xF2, 0x01, 0xC9, 0x58, 0xCC, 0x90, 0xDF, 0xB6, 0x04, 0x36, 0x17,
    0x33, 0x02, 0xFE, 0x2B, 0x01, 0x9D, 0xC0, 0x09, 0xCC, 0x12, 0xBD, 0xAA, 0x5E, 0x29, 0xCF, 0x45,
    0x05, 0x13, 0x55, 0xB3, 0x97, 0xD6, 0x64, 0xBE, 0x58, 0x2D, 0xE9, 0xF8, 0x61, 0x74, 0xA8, 0x0D,
    0x3B, 0x49, 0xCD, 0x6D, 0xE5, 0x30, 0x71, 0x13, 0x95, 0xB4, 0xAA, 0xA0, 0x4A, 0x60, 0xF8, 0xB3,
    0x90, 0x3F, 0x03, 0xFA, 0x9F, 0x43, 0xDA, 0x80, 0x72, 0x10, 0xD7, 0x41, 0x0C, 0xA4, 0x25, 0xB1,
    0x87, 0xA8, 0x3D, 0xB6, 0x3C, 0x3A, 0x90, 0x3D, 0x3D, 0xE4, 0x53, 0x43, 0x1B, 0x46, 0xF8, 0xB0,
    0x38, 0x92, 0x23, 0xE6, 0x79, 0x80, 0x3B, 0x81, 0xA8, 0x01, 0xE2, 0x16, 0x50, 0x1D, 0x90, 0xEC,
    0x02, 0x7A, 0x04, 0xAC, 0xE5, 0xC0, 0x86, 0x2E, 0x61, 0x5B, 0x1B, 0xB8, 0x91, 0xD4, 0xB0, 0xAF,
    0x2C, 0x58, 0xE5, 0x88, 0xBC, 0x6F, 0x50, 0xDF, 0xFB, 0x6A, 0x87, 0x94, 0x90, 0x14, 0xC9, 0x0D,
    0x46, 0xE4, 0x85, 0x54, 0x96, 0x53, 0xDE, 0x1D, 0x78, 0x6F, 0xD2, 0x0F, 0xAE, 0x1B, 0x65, 0xE3,
    0x20, 0x91, 0x39, 0xD9, 0x98, 0x1E, 0x86, 0x70, 0x5C, 0x2A, 0x9B, 0xD4, 0xCA, 0xCA, 0x27, 0x76,
    0x8F, 0x44, 0x3E, 0x49, 0x9D, 0xD8, 0x71, 0x31, 0xF5, 0x2D, 0x07, 0x41, 0xD2, 0x0F, 0xC6, 0x85,
    0xB2, 0x69, 0xD0, 0xA1, 0x16, 0xF1, 0x25, 0x4C, 0xC2, 0xF7, 0xAC, 0x50, 0xFE, 0x08, 0x65, 0xD7,
    0xCD, 0x3C, 0x2D, 0x4D, 0x90, 0x76, 0x21, 0x8D, 0xFC, 0x96, 0xD8, 0xF5, 0x7A, 0xEA, 0x67, 0x9F,
    0x59, 0x33, 0xA9, 0xFB, 0x66, 0xE2, 0xDE, 0x57, 0xEF, 0xC1, 0x36, 0xD5, 0x02, 0x5B, 0x27, 0x71,
    0x43, 0xB0, 0x23, 0xD8, 0x17, 0x38, 0x81, 0x0D, 0x88, 0x4C, 0x80, 0x12, 0x24, 0x45, 0x80, 0x26,
    0x60, 0x53, 0xE0, 0x45, 0x69, 0x7F, 0xF0, 0x3B, 0x50, 0xA6, 0x86, 0xC8, 0x18, 0xC0, 0x94, 0x40,
    0xF9, 0x59, 0xF5, 0x7B, 0xA3, 0x6E, 0xE4, 0x95, 0x67, 0xBD, 0x49, 0x0E, 0xA3, 0x43, 0x22, 0x17,
    0x3B, 0x2C, 0xDC, 0x89, 0x9D, 0x92, 0xBD, 0x1C, 0xBB, 0x14, 0xD0, 0xB1, 0xBB, 0x04, 0x24, 0xAF,
    0xB8, 0xAB, 0x40, 0xF4, 0x8E, 0x73, 0x40, 0xEC, 0xBD, 0x04, 0xC9, 0x77, 0xFF, 0xB6, 0x03, 0xF4,
    0x9B, 0xEE, 0x1E, 0x90, 0xC7, 0x6E, 0x04, 0xEC, 0xC6, 0x2E, 0x33, 0xD0, 0x85, 0xE4, 0x35, 0x7D,
    0x7B, 0xEA, 0x48, 0x6C, 0xD8, 0x90, 0x33, 0x35, 0x39, 0xC4, 0x17, 0x33, 0x46, 0x3E, 0x6C, 0xA7,
    0xBE, 0x9C, 0x7E, 0xAD, 0xED, 0x98, 0xB4, 0x0C, 0x5F, 0x64, 0x08, 0x03, 0xA8, 0x88, 0x2D, 0xBE,
    0xE4, 0x42, 0x03, 0xBB, 0x30, 0x82, 0x7C, 0x87, 0xBC, 0x61, 0xD4, 0xB1, 0x3B, 0xFD, 0x5A, 0x13,
    0x92, 0x7C, 0xCE, 0x67, 0x73, 0x7F, 0x3A, 0xF7, 0xE7, 0x33, 0x99, 0x2F, 0x7E, 0x2A, 0xAD, 0xC8,
    0xE7, 0xD7, 0x2E, 0xCE, 0x7B, 0xB0, 0xDD, 0xC5, 0xA1, 0x79, 0x7E, 0xDC, 0x14, 0xDC, 0x15, 0x34,
    0x01, 0xB1, 0x0B, 0x98, 0x5A, 0x81, 0x09, 0xFD, 0x93, 0x74, 0x58, 0xC6, 0x3B, 0xF0, 0x6E, 0xDC,
    0x10, 0xF9, 0x42, 0x77, 0xC4, 0x33, 0xF4, 0x04, 0xB5, 0x87, 0x1E, 0x92, 0x0C, 0xD1, 0x21, 0x4E,
    0x60, 0x56, 0x5C, 0x0C, 0xD4, 0xE5, 0x46, 0x60, 0xA8, 0x96, 0xC0, 0xA4, 0xBE, 0x1A, 0xA8, 0xEC,
    0x7E, 0x60, 0xEC, 0x6C, 0x20, 0x1F, 0x1A, 0xE1, 0xAC, 0xE7, 0x41, 0x21, 0x1C, 0x31, 0x64, 0x5C,
    0x0E, 0x43, 0xAB, 0xE7, 0xDD, 0x65, 0xE5, 0xDD, 0xB9, 0x5B, 0x41, 0xEF, 0x67, 0xE7, 0x69, 0x05,
    0x7B, 0x55, 0xBD, 0xD2, 0xB9, 0x87, 0xF3, 0x5A, 0xA9, 0x0B, 0x65, 0x87, 0xD0, 0x4C, 0xA0, 0xAA,
    0x60, 0xD2, 0xC2, 0x60, 0x21, 0x43, 0x91, 0xE5, 0x77, 0xF9, 0x4F, 0xE2, 0x48, 0x5C, 0x49, 0x23,
    0x69, 0x19, 0xB7, 0xF3, 0x26, 0x35, 0xFB, 0xDE, 0x57, 0xA7, 0xE7, 0x6F, 0xA7, 0xCF, 0x69, 0xA1,
    0xF7, 0x96, 0xEC, 0x7B, 0xF7, 0x64, 0x17, 0x07, 0xDD, 0xBA, 0x3C, 0xE9, 0xD5, 0xC8, 0x77, 0xF1,
    0xCE, 0xF6, 0x48, 0x7D, 0xF3, 0xF1, 0xBE, 0xDC, 0x87, 0xC7, 0xBE, 0x9C, 0x59, 0xF5, 0xE5, 0xCE,
    0x92, 0x0A, 0xD8, 0x06, 0x36, 0x81, 0x85, 0x2F, 0x57, 0x32, 0x3D, 0x44, 0x0A, 0xDA, 0xE4, 0x91,
    0xAB, 0x73, 0x76, 0x44, 0x7A, 0xBF, 0x21, 0x87, 0x73, 0xCB, 0xF4, 0x16, 0xCA, 0x77, 0xF3, 0x1E,
    0xD2, 0xF6, 0x3D, 0xA4, 0x4B, 0x6A, 0xAC, 0x72, 0xB1, 0xE9, 0x9B, 0x9D, 0x56, 0x1A, 0xC2, 0x14,
    0x86, 0x17, 0x21, 0xBF, 0xF4, 0xB1, 0x3D, 0x24, 0xDA, 0x1B, 0x88, 0x8E, 0x80, 0x03, 0xFF, 0x90,
    0xE4, 0x61, 0x3B, 0x2E, 0x72, 0xDA, 0xC4, 0x0E, 0x68, 0xA3, 0xA6, 0xA2, 0xA5, 0x0D, 0x2B, 0xD5,
    0x23, 0xF4, 0xBF, 0x4D, 0x02, 0x9A, 0x11, 0xAD, 0xB2, 0x69, 0xDD, 0xE6, 0x65, 0x74, 0xE0, 0x97,
    0x05, 0xBF, 0x70, 0xB4, 0x50, 0x3A, 0xF2, 0x89, 0x2F, 0xD6, 0x0F, 0x83, 0xEA, 0xB8, 0xC1, 0x41,
    0x17, 0x49, 0xBB, 0xA0, 0x4A, 0xC8, 0x35, 0xA0, 0xFF, 0x27, 0x90, 0x34, 0x88, 0x65, 0xCB, 0x0E,
    0x33, 0xB9, 0x07, 0xAC, 0x8D, 0x80, 0x6D, 0x5D, 0xC2, 0x7E, 0x5A, 0x23, 0x25, 0x43, 0x99, 0xA8,
    0x25, 0xAB, 0x2F, 0xCC, 0x8A, 0x69, 0x1B, 0x54, 0x7F, 0x0E, 0xBD, 0xFA, 0x70, 0x7E, 0x08, 0x2E,
    0xAD, 0xA1, 0xC7, 0xBE, 0x60, 0x47, 0x70, 0xA5, 0x77, 0x2F, 0x7B, 0xEF, 0xB2, 0x77, 0x07, 0xCF,
    0x42, 0x22, 0x50, 0x75, 0x40, 0xDC, 0x44, 0x1D, 0x1C, 0xCC, 0x02, 0xA0, 0x7A, 0x02, 0x82, 0x2A,
    0xE8, 0x0B, 0x33, 0xF2, 0xBD, 0xEE, 0xF5, 0x26, 0x54, 0x9D, 0xF4, 0xC8, 0xB4, 0x9F, 0x67, 0xA0,
    0x25, 0xE8, 0xF0, 0xB2, 0xFC, 0x3F, 0xCA, 0xBD, 0x5D, 0xE6, 0x0E, 0x80, 0x9E, 0x07, 0x6A, 0x1E,
    0xC4, 0xF3, 0x20, 0x9A, 0x07, 0x18, 0xEF, 0x1D, 0x87, 0xD3, 0x02, 0x3B, 0x84, 0x3A, 0x88, 0x09,
    0xC2, 0x52, 0x46, 0xBE, 0x64, 0x78, 0xA1, 0x61, 0xC8, 0x6E, 0x10, 0xF9, 0xE4, 0x2B, 0x22, 0x9F,
    0x09, 0x7B, 0x17, 0x9A, 0xC4, 0x4B, 0xAF, 0x47, 0x5F, 0x4E, 0xFA, 0x62, 0x42, 0xFB, 0x64, 0xFA,
    0x46, 0x68, 0xA6, 0x3D, 0x53, 0x23, 0x4C, 0x6A, 0xA1, 0x9A, 0xD3, 0x3E, 0xDA, 0x4E, 0x8C, 0x50,
    0x97, 0x2D, 0xD9, 0xDB, 0xD3, 0xA0, 0xD9, 0xFB, 0x87, 0xFD, 0x2E, 0x95, 0x76, 0xE3, 0x09, 0x8E,
    0x8F, 0x6F, 0x7A, 0xDD, 0xA2, 0x59, 0xF4, 0x8A, 0x26, 0xD1, 0x29, 0xA1, 0xE8, 0x13, 0x6D, 0xFA,
    0xED, 0xA9, 0x68, 0x22, 0xF5, 0x25, 0xA1, 0xCF, 0xA6, 0x63, 0x40, 0x4B, 0xC6, 0x8B, 0xE8, 0x02,
    0x74, 0x79, 0xAC, 0xCD, 0xFB, 0xC7, 0xB4, 0xEB, 0x72, 0x07, 0x4D, 0xC3, 0x26, 0x1D, 0x13, 0xA6,
    0xBF, 0xEC, 0x48, 0x7D, 0x81, 0xEF, 0x38, 0x68, 0xA4, 0x83, 0xFC, 0x60, 0xDC, 0xB7, 0x83, 0x92,
    0xCB, 0x90, 0x38, 0xE4, 0x39, 0x01, 0x97, 0x9A, 0x0A, 0x5A, 0x29, 0x27, 0xD5, 0x82, 0x7E, 0xBE,
    0x7D, 0x9A, 0x12, 0x73, 0x91, 0x6A, 0xA1, 0x41, 0x17, 0x49, 0xA8, 0x55, 0x15, 0x34, 0xFB, 0x8E,
    0x69, 0x03, 0xEB, 0xDE, 0x73, 0xF0, 0xAD, 0x26, 0x6A, 0xC4, 0x6F, 0x59, 0x71, 0x42, 0xC3, 0xB6,
    0xFC, 0xC6, 0xBD, 0x20, 0x99, 0x77, 0xE8, 0x77, 0x1C, 0xF9, 0x2B, 0x8E, 0xBD, 0xD8, 0x89, 0xAB,
    0x13, 0xB7, 0xB1, 0x4B, 0x42, 0x9C, 0xAC, 0x4E, 0xC2, 0xEE, 0x96, 0xB6, 0xA3, 0x24, 0xFF, 0xB6,
    0x63, 0x14, 0x35, 0x3C, 0x4F, 0x03, 0xB4, 0xBD, 0x24, 0xBE, 0x65, 0x74, 0xAD, 0xA5, 0xA2, 0x3D,
    0xFE, 0x74, 0x71, 0xCB, 0xDE, 0xAF, 0xDF, 0x23, 0x6B, 0xA6, 0xC0, 0x45, 0x7E, 0xBE, 0x8B, 0x7D,
    0xAB, 0x0F, 0x8B, 0x4D, 0xD8, 0x82, 0xDF, 0x3A, 0x28, 0xFF, 0xD3, 0xB7, 0x9A, 0xFF, 0xC5, 0xA4,
    0x63, 0xD0, 0x92, 0xAF, 0xAE, 0x15, 0xF9, 0x84, 0xC1, 0x90, 0x89, 0xFE, 0x56, 0x13, 0xCB, 0x75,
    0xDD, 0xAD, 0xF1, 0xEF, 0x36, 0xBA, 0xAC, 0x16, 0xEB, 0x1B, 0x4E, 0xFB, 0x52, 0xBF, 0x11, 0x7E,
    0x99, 0xE8, 0x72, 0xD8, 0xAF, 0x83, 0xF1, 0x1B, 0xAD, 0xF7, 0xB5, 0xF7, 0x6D, 0xD8, 0xD0, 0xE5,
    0x4D, 0x5D, 0x6E, 0xE9, 0xF2, 0x45, 0x5D, 0x72, 0x7A, 0x1D, 0xD7, 0xF4, 0x07, 0x9D, 0x77, 0x17,
    0x4C, 0x7E, 0x0B, 0x93, 0xB3, 0x94, 0x48, 0xA4, 0xCC, 0x89, 0x45, 0x8A, 0x1C, 0x15, 0x24, 0x21,
    0xE7, 0xE9, 0x20, 0xCF, 0x07, 0x91, 0x96, 0xA8, 0x25, 0x72, 0x0E, 0x9C, 0x85, 0x9D, 0x20, 0x57,
    0xEA, 0x20, 0xF1, 0xAC, 0xC8, 0x5E, 0xB5, 0x83, 0xC8, 0x4D, 0x68, 0xEF, 0x52, 0xB5, 0x54, 0xDE,
    0x77, 0x2D, 0xB4, 0x50, 0xC1, 0x04, 0x86, 0xBC, 0xA8, 0xBF, 0xE1, 0xA4, 0x24, 0xEF, 0xFA, 0x07,
    0x9E, 0xF1, 0x97, 0x66, 0x5F, 0x3A, 0x24, 0xA5, 0xC2, 0xA2, 0x4C, 0xA5, 0x4A, 0xB0, 0x55, 0x0A,
    0xDC, 0xA8, 0x36, 0x80, 0xA9, 0x3F, 0x02, 0xDA, 0x6A, 0x04, 0x91, 0x0B, 0x05, 0x46, 0x85, 0x7F,
    0x0D, 0x69, 0x88, 0x69, 0x09, 0xE5, 0x8F, 0x1B, 0xA6, 0xA1, 0x95, 0x3A, 0xA2, 0x4B, 0xBC, 0xC9,
    0x8B, 0x6C, 0xC6, 0xBD, 0xD7, 0x8C, 0x53, 0xF5, 0xEB, 0xCA, 0xA2, 0x6A, 0x74, 0x91, 0x1C, 0xC1,
    0xBA, 0x24, 0x23, 0x76, 0xFB, 0xB1, 0x6B, 0x94, 0x0D, 0x11, 0x42, 0x34, 0xEF, 0x0E, 0xBA, 0x71,
    0x9D, 0xFF, 0xB9, 0x2E, 0x97, 0x9F, 0x51, 0x90, 0x1F, 0x95, 0xFA, 0xAD, 0x3F, 0x28, 0xF5, 0xEF,
    0x87, 0xEF, 0x77, 0x83, 0xD8, 0x47, 0xFF, 0x4A, 0x5C, 0x49, 0x13, 0xDB, 0x6D, 0x94, 0xBB, 0x47,
    0xE4, 0x5B, 0x96, 0x8B, 0x6F, 0xFC, 0xFF, 0xB5, 0x2E, 0x49, 0x13, 0xC4, 0x8C, 0xEB, 0xBD, 0x22,
    0xEC, 0x20, 0x74, 0x69, 0xD1, 0x6F, 0x1A, 0xF4, 0xEF, 0x81, 0xF6, 0x05, 0xFA, 0xEB, 0x61, 0xFB,
    0x2D, 0x4B, 0xD8, 0xC1, 0xE8, 0xB2, 0x0B, 0xB2, 0x47, 0x48, 0x57, 0xFA, 0x26, 0xB5, 0xB2, 0xBF,
    0xE2, 0xD5, 0xFD, 0xB5, 0x22, 0xD1, 0x42, 0xE2, 0x72, 0xBE, 0xCF, 0x32, 0x72, 0x66, 0x4C, 0x6F,
    0xDD, 0x8D, 0xBD, 0x1B, 0x39, 0xD2, 0xA3, 0xCC, 0xA1, 0x1B, 0xD5, 0x92, 0x5B, 0x55, 0xF1, 0x4B,
    0x56, 0xED, 0xF1, 0xAF, 0xAD, 0x1A, 0xF1, 0x63, 0xAB, 0xB2, 0x2F, 0xBD, 0x67, 0x95, 0x7E, 0xE7,
    0x81, 0x55, 0xE9, 0x7B, 0x5F, 0xB6, 0x4A, 0xFD, 0xB5, 0xB2, 0x2A, 0x9E, 0x05, 0xD0, 0x29, 0x9B,
    0xDD, 0x6A, 0xD7, 0x9B, 0x91, 0xBB, 0x31, 0x3A, 0x0A, 0xB5, 0xD0, 0x06, 0x4B, 0x6A, 0x5D, 0x3E,
    0xF6, 0xF1, 0x5E, 0x78, 0xEA, 0x23, 0x71, 0x25, 0x4D, 0x1C, 0xFE, 0xFE, 0x96, 0x1B, 0x30, 0x99,
    0x30, 0xA8, 0x18, 0x9E, 0x3C, 0xC6, 0x87, 0xFD, 0x31, 0x5E, 0x85, 0x08, 0x72, 0x64, 0xC8, 0xA1,
    0x5B, 0xEA, 0xFA, 0x2C, 0x6D, 0x4F, 0xCC, 0xA1, 0xF1, 0xAD, 0xFF, 0xCA, 0x11, 0xE3, 0x7F, 0x3B,
    0x2E, 0x74, 0x9D, 0x18, 0x69, 0xC4, 0x75, 0x19, 0xBB, 0xD3, 0xA2, 0x5C, 0xFF, 0x9F, 0xC4, 0xF9,
    0x4E, 0x88, 0xFB, 0xF5, 0x43, 0x74, 0xC9, 0x09, 0x19, 0xD7, 0xE0, 0x5B, 0x08, 0xA6, 0x64, 0xDF,
    0x76, 0x83, 0xA8, 0x99, 0xE0, 0x5A, 0x58, 0x5D, 0xBB, 0xC5, 0xB1, 0xFC, 0x5C, 0xF6, 0xCD, 0xFD,
    0x10, 0xED, 0xC0, 0xFB, 0xBB, 0xC3, 0x6C, 0x7F, 0x98, 0xDC, 0x1E, 0xAA, 0x6B, 0xC3, 0x98, 0x21,
    0xA7, 0xD7, 0xE0, 0x0A, 0x28, 0x6F, 0x0F, 0xDA, 0xBC, 0xCD, 0x6D, 0x6A, 0x83, 0x0D, 0x26, 0xA9,
    0x95, 0x5C, 0xE0, 0x12, 0xBB, 0x35, 0x68, 0x2E, 0x82, 0x1C, 0xF2, 0x93, 0x2D, 0x18, 0x5E, 0x81,
    0x6C, 0x1F, 0x74, 0x0D, 0xA9, 0x01, 0x25, 0x52, 0x40, 0x02, 0xAC, 0x01, 0x13, 0xD0, 0x0D, 0x24,
    0x96, 0xF9, 0xE2, 0x0D, 0x64, 0xA7, 0x1B, 0xF2, 0xE8, 0x20, 0xB8, 0x02, 0x7F, 0xF9, 0x97, 0x76,
    0x33, 0x35, 0xED, 0x24, 0x35, 0xBB, 0x55, 0x6A, 0x86, 0x6D, 0x6A, 0xF2, 0x55, 0x91, 0xDF, 0xC2,
    0x7F, 0x83, 0x51, 0x88, 0xA3, 0x43, 0xDC, 0xC8, 0xCF, 0x8A, 0xB3, 0x1D, 0xCC, 0x8E, 0x51, 0x97,
    0x37, 0xEB, 0x4D, 0x5A, 0xC7, 0x2E, 0x85, 0xF6, 0x22, 0xEC, 0x6D, 0x41, 0xEE, 0x40, 0xDB, 0x20,
    0x0E, 0x06, 0x1D, 0xEC, 0xEF, 0x41, 0x9D, 0xA1, 0xE4, 0x7E, 0x5C, 0xBD, 0xDE, 0x4C, 0xDD, 0xA8,
    0xF3, 0xCD, 0xFC, 0x5C, 0x3B, 0xF7, 0xFE, 0x0C, 0xE2, 0xBD, 0xEF, 0x56, 0x5C, 0xD4, 0x0D, 0xE0,
    0x12, 0xF0, 0x8C, 0x6F, 0xFC, 0xD9, 0x47, 0x9F, 0xF8, 0xC9, 0x36, 0x2B, 0x63, 0xFF, 0xA3, 0x33,
    0xF7, 0xA6, 0xFF, 0xD0, 0xFF, 0x9D, 0xB7, 0xE3, 0x7A, 0x5A, 0x1E, 0x14, 0xBA, 0xCC, 0x19, 0xF2,
    0xC9, 0x38, 0x0E, 0x1C, 0x15, 0x5E, 0x16, 0xDB, 0xEB, 0x74, 0xBD, 0xCE, 0x6B, 0x9F, 0x4E, 0xA7,
    0xD0, 0x2F, 0xBD, 0x3B, 0xE2, 0x9E, 0xCC, 0xB9, 0xCF, 0xB1, 0x87, 0xC7, 0x95, 0x03, 0x6F, 0xF9,
    0xCE, 0xA8, 0x60, 0x7F, 0x48, 0x2F, 0xAF, 0x9F, 0xF0, 0x32, 0x12, 0xC7, 0x30, 0x6A, 0x18, 0xD2,
    0x8A, 0xC8, 0x76, 0x74, 0x3F, 0x71, 0xCA, 0xFB, 0xC2, 0xB7, 0x91, 0x54, 0x1B, 0xE3, 0xBA, 0x6F,
    0xF7, 0x1F, 0x87, 0xB7, 0x01, 0x6F, 0x74, 0xF2, 0x75, 0x57, 0x30, 0x5C, 0x42, 0xBE, 0x8E, 0xDF,
    0x08, 0x3B, 0xCF, 0xFB, 0x3F, 0xF3, 0xAD, 0x6F, 0x83, 0x82, 0x93, 0x5D, 0x88, 0xB7, 0x7D, 0xBA,
    0xDD, 0x65, 0xDF, 0xB3, 0x1B, 0x62, 0x7B, 0x5F, 0x67, 0x47, 0xF3, 0x76, 0xD8, 0xBE, 0x1E, 0x39,
    0x68, 0xA0, 0x51, 0xBE, 0x85, 0xB6, 0xDF, 0x76, 0xFB, 0x91, 0x6B, 0x54, 0x7D, 0xEF, 0xB5, 0x32,
    0x3B, 0xC4, 0xBB, 0x80, 0x71, 0x7D, 0x14, 0xAE, 0xCF, 0xDE, 0x0C, 0xF1, 0xF5, 0x5B, 0x75, 0xE4,
    0xF4, 0xEF, 0x19, 0x1A, 0xFD, 0x75, 0x81, 0x37, 0xB4, 0xB2, 0xD5, 0xF6, 0xBF, 0xCD, 0x21, 0x51,
    0x24, 0x72, 0x3D, 0x16, 0x1D, 0xDE, 0xAD, 0x1F, 0x42, 0xA8, 0x18, 0xF5, 0x70, 0x54, 0x68, 0x23,
    0x75, 0x3A, 0x17, 0xD9, 0x4E, 0xEC, 0x90, 0xC8, 0xCF, 0xA0, 0x0A, 0x61, 0x33, 0x44, 0x85, 0xEF,
    0xE2, 0x15, 0xE4, 0xE1, 0x28, 0xB8, 0xA7, 0xBC, 0x4D, 0x0C, 0xB1, 0x85, 0x3B, 0xB0, 0xC1, 0x7C,
    0x39, 0x7F, 0xFF, 0x95, 0xBE, 0x52, 0x87, 0x06, 0x3A, 0x8D, 0xCD, 0xB9, 0x13, 0xFE, 0x9C, 0xEE,
    0x1B, 0x0B, 0x00, 0x61, 0xBE, 0x38, 0x40, 0xBD, 0x37, 0x12, 0xCE, 0xE5, 0xEB, 0x2D, 0xFA, 0x3F,
    0x4E, 0xE9, 0x1B, 0xBF, 0xDE, 0xD1, 0xFA, 0x68, 0x19, 0xD7, 0xA9, 0xF1, 0xDD, 0x49, 0xF7, 0x2A,
    0x48, 0x01, 0x53, 0xA0, 0x85, 0xA7, 0x0B, 0x72, 0xD8, 0x86, 0x7D, 0x28, 0x00, 0xCE, 0xEF, 0x16,
    0x48, 0xF3, 0xF7, 0xEA, 0xBC, 0xF9, 0xB3, 0xF3, 0x82, 0xF8, 0x23, 0xA1, 0xAC, 0xCB, 0xAA, 0xC8,
    0xBE, 0xD9, 0x57, 0xC5, 0x11, 0x7B, 0xAF, 0x95, 0xAD, 0x32, 0xAD, 0x2A, 0x3A, 0x98, 0x96, 0x64,
    0x2D, 0xB1, 0x2F, 0xC8, 0xCD, 0xB3, 0x89, 0x75, 0xCA, 0x36, 0x49, 0xBF, 0xBB, 0x8F, 0x48, 0x82,
    0xCD, 0x49, 0x09, 0x70, 0x60, 0xB2, 0x8F, 0xBC, 0xE5, 0x7F, 0xE7, 0xE6, 0xC7, 0xC5, 0x8A, 0x6B,
    0x65, 0xE3, 0x1A, 0x00, 0xA4, 0x49, 0x55, 0x4F, 0xFE, 0xD4, 0xAA, 0x16, 0xA7, 0xF2, 0x5E, 0xEF,
    0xEA, 0x10, 0x9B, 0xD1, 0x35, 0x30, 0x43, 0x4E, 0x63, 0xE4, 0xCB, 0xC8, 0x04, 0x77, 0x3D, 0x80,
    0x2E, 0x2E, 0x87, 0x54, 0xAA, 0x08, 0xC8, 0x08, 0x5F, 0x67, 0xD1, 0xFD, 0x0B, 0xEE, 0x6E, 0xEF,
    0xA8, 0x3B, 0xEF, 0x08, 0xE7, 0xFD, 0xAD, 0xFE, 0x04, 0x3E, 0x05, 0x69, 0x1B, 0xC2, 0x56, 0xD4,
    0x05, 0xB0, 0x2B, 0x18, 0x1E, 0x63, 0x37, 0x24, 0x7B, 0xAA, 0x0D, 0x0A, 0x7C, 0xFD, 0xF8, 0x71,
    0xB0, 0x38, 0x16, 0x3E, 0xE9, 0x71, 0x10, 0x6A, 0x24, 0xED, 0xE0, 0x36, 0xC4, 0x0E, 0x94, 0x01,
    0x0D, 0x7C, 0x01, 0x00, 0x3E, 0xA9, 0xAB, 0x21, 0xEA, 0x16, 0x0F, 0x3F, 0x60, 0x0D, 0x88, 0x00,
    0xF8, 0xC4, 0xEE, 0x13, 0xCF, 0x3D, 0x05, 0xAD, 0x2E, 0xE8, 0xF2, 0x82, 0x7C, 0xC6, 0x72, 0x19,
    0x1D, 0x65, 0x5D, 0xD6, 0x24, 0x4D, 0x62, 0xA3, 0x5A, 0x6E, 0x13, 0x44, 0x4D, 0x7F, 0x9B, 0x00,
    0xAA, 0x14, 0x06, 0x17, 0x61, 0xF3, 0x12, 0xE8, 0x97, 0x82, 0xDC, 0x80, 0xC4, 0x81, 0xB2, 0x10,
    0xD7, 0x10, 0x2D, 0xBA, 0xC6, 0x14, 0xD8, 0x84, 0xA4, 0x03, 0xE5, 0xC0, 0x37, 0x0B, 0x27, 0xE5,
    0xFC, 0x5D, 0x4E, 0x2D, 0x6E, 0x07, 0x99, 0x01, 0xBD, 0xD0, 0x97, 0x00, 0x11, 0xA4, 0x75, 0xD4,
    0x72, 0xC4, 0xC8, 0xD1, 0x71, 0x40, 0xD8, 0xAE, 0xC8, 0x0B, 0x3A, 0xF6, 0xD0, 0x25, 0xBB, 0x8C,
    0x24, 0x18, 0x92, 0xA3, 0x8B, 0x80, 0xAC, 0xD0, 0x04, 0x64, 0x65, 0x06, 0xA1, 0x52, 0xCC, 0x26,
    0x68, 0xF3, 0x3B, 0x66, 0x00, 0xA9, 0x79, 0xBF, 0xDE, 0x86, 0xC4, 0x3C, 0xB0, 0x77, 0x40, 0x7D,
    0xF7, 0x4D, 0xE7, 0x40, 0xBD, 0x1F, 0xFF, 0x9D, 0x81, 0xF8, 0xEF, 0xA3, 0xFF, 0x5D, 0x42, 0xD4,
    0xE1, 0x01, 0x3A, 0x8E, 0x00, 0x1A, 0xEE, 0x42, 0x5E, 0x4C, 0x98, 0xAC, 0x07, 0x05, 0x9B, 0xCA,
    0x6E, 0xA2, 0x23, 0xA7, 0xD1, 0x34, 0xBA, 0x58, 0xE3, 0x6E, 0x5A, 0x5E, 0x66, 0x92, 0x98, 0x0D,
    0x06, 0xBA, 0xDE, 0x62, 0x73, 0xCD, 0xEE, 0x90, 0xFD, 0x82, 0xB3, 0xE8, 0x9D, 0xA0, 0x53, 0x5B,
    0x5F, 0x90, 0xD6, 0xF7, 0x25, 0xC7, 0x9B, 0x68, 0x6F, 0x88, 0x44, 0x69, 0x05, 0xDE, 0x1F, 0xD1,
    0x54, 0x2F, 0x53, 0x57, 0x17, 0x29, 0xAA, 0x2F, 0x40, 0x05, 0x04, 0x57, 0x81, 0x6A, 0xDD, 0x52,
    0xD1, 0x04, 0x79, 0xFC, 0xD3, 0x44, 0xDD, 0xBA, 0x95, 0x47, 0x58, 0x4F, 0xF6, 0x36, 0xE6, 0xE2,
    0xFD, 0x19, 0xBF, 0xFB, 0x36, 0x84, 0x63, 0xB9, 0xB5, 0x75, 0xE2, 0xB6, 0x56, 0x66, 0xC6, 0x48,
    0x95, 0xFB, 0x8E, 0xEC, 0x48, 0x7C, 0x8C, 0xC3, 0xB1, 0xDC, 0xA3, 0x9F, 0xFF, 0x5B, 0x28, 0x21,
    0x11, 0xA9, 0xC9, 0x21, 0x70, 0xF8, 0x88, 0x72, 0x7E, 0x2D, 0xB7, 0x57, 0xB9, 0x88, 0x99, 0x01,
    0xA2, 0x5F, 0xA8, 0xEA, 0x48, 0x6E, 0x89, 0x1C, 0x5E, 0x2F, 0x7D, 0x47, 0x7E, 0x88, 0xEF, 0xA4,
    0x55, 0x7B, 0xA8, 0xBF, 0xED, 0x24, 0x4D, 0x93, 0x9A, 0x01, 0x61, 0x6B, 0x22, 0x51, 0xAB, 0xB9,
    0xE6, 0xA2, 0xDF, 0x92, 0xDF, 0x96, 0x18, 0xCC, 0x55, 0x3F, 0x97, 0x3D, 0x4C, 0xFF, 0x6C, 0xDF,
    0x77, 0x91, 0x2F, 0x89, 0x1C, 0xA0, 0x1A, 0x41, 0x0B, 0xA4, 0x13, 0x60, 0x6D, 0x00, 0x5C, 0xCA,
    0x81, 0x8D, 0xAC, 0x80, 0xAB, 0x62, 0xC0, 0xD4, 0x1B, 0x78, 0xFF, 0x87, 0x35, 0xBC, 0xF7, 0xBE,
    0x23, 0x7E, 0xF0, 0x7D, 0x87, 0x7A, 0xCB, 0xB6, 0x24, 0xCA, 0x56, 0x68, 0x65, 0x77, 0x59, 0x93,
    0x2E, 0x69, 0xFA, 0x65, 0x3B, 0x2D, 0xFC, 0x83, 0x1F, 0xF8, 0x1A, 0x6D, 0x20, 0xAB, 0xE1, 0x1F,
    0x39, 0xF8, 0xAD, 0x20, 0xB7, 0x5B, 0xA8, 0x27, 0x44, 0xFE, 0x08, 0xF5, 0x47, 0x39, 0x49, 0xAE,
    0x8B, 0x34, 0xD7, 0xE5, 0xC5, 0x3C, 0xEC, 0xF7, 0x5C, 0xD9, 0xBD, 0x3C, 0x69, 0x7C, 0xAE, 0x3B,
    0xDF, 0x89, 0x4D, 0x52, 0x89, 0xAA, 0x11, 0x73, 0xC5, 0x2E, 0x09, 0xD2, 0x89, 0x04, 0x62, 0x9B,
    0x04, 0x62, 0x5D, 0x08, 0xC4, 0xBE, 0x10, 0x88, 0x85, 0x52, 0x62, 0x6F, 0x48, 0x8D, 0x58, 0x29,
    0x41, 0xB0, 0x33, 0x04, 0x62, 0x69, 0x08, 0xC4, 0xD6, 0x10, 0x88, 0xB5, 0x21, 0x58, 0x13, 0x7B,
    0xFB, 0x40, 0x6E, 0x5E, 0xCE, 0x6D, 0xEE, 0x7A, 0xAB, 0x43, 0xAD, 0xCA, 0xB5, 0xBB, 0xEA, 0x23,
    0x4F, 0x24, 0xCE, 0x20, 0xE0, 0x52, 0x16, 0xF0, 0x92, 0xEE, 0xF3, 0x28, 0x53, 0xF3, 0xEF, 0x7F,
    0x68, 0x52, 0xF3, 0xDE, 0xFB, 0x75, 0xFA, 0xF6, 0x83, 0x1F, 0xB8, 0xF4, 0xC1, 0x97, 0xBF, 0xEF,
    0xD2, 0x77, 0x95, 0x6D, 0xB3, 0xBF, 0x7A, 0xEB, 0xFB, 0x47, 0xDE, 0x3F, 0x78, 0xDF, 0x2B, 0x31,
    0x25, 0x6E, 0x48, 0x4B, 0x5A, 0x34, 0xEC, 0xB2, 0x0D, 0x39, 0x77, 0x40, 0xBF, 0x61, 0x21, 0x79,
    0xCF, 0x40, 0xEC, 0x81, 0xDC, 0xB7, 0x70, 0x54, 0xED, 0x11, 0xB9, 0x2A, 0x27, 0x96, 0xEB, 0xC2,
    0x60, 0xA1, 0x36, 0x89, 0xA9, 0xE4, 0xD8, 0xA9, 0x92, 0x5A, 0x97, 0x95, 0x72, 0x79, 0x31, 0x8B,
    0xDB, 0xA3, 0xD4, 0x9B, 0x83, 0xA0, 0xB9, 0x23, 0x6E, 0xB8, 0x09, 0x77, 0x71, 0x30, 0xEC, 0x5B,
    0xC7, 0xAF, 0x14, 0x90, 0xFC, 0x0D, 0x30, 0xF5, 0x96, 0xA8, 0x69, 0x5B, 0x82, 0x39, 0x13, 0x54,
    0xDD, 0x0E, 0x48, 0x4C, 0xBB, 0x89, 0x2E, 0xDB, 0x8C, 0xEC, 0x4B, 0x9D, 0x2E, 0xEF, 0xA7, 0x3E,
    0xB1, 0xBE, 0xEB, 0x2D, 0x0C, 0xE5, 0x6C, 0x90, 0x7C, 0x7A, 0x2B, 0x43, 0x20, 0x76, 0x86, 0x60,
    0xC4, 0x1D, 0x09, 0xC4, 0xD6, 0x10, 0x88, 0xB5, 0x21, 0x50, 0x9E, 0x79, 0x1D, 0x4B, 0xD5, 0x88,
    0xCD, 0x21, 0x10, 0xAB, 0x43, 0x20, 0x26, 0x97, 0x21, 0xA8, 0x83, 0xE5, 0xBD, 0xD9, 0x02, 0x1D,
    0xAC, 0xB7, 0xD2, 0x55, 0x05, 0xFB, 0x43, 0x1D, 0x47, 0xB3, 0x57, 0x5A, 0x7F, 0xD4, 0x97, 0xC1,
    0x77, 0xDE, 0xCB, 0x13, 0x84, 0x23, 0xA4, 0x5A, 0x87, 0x7D, 0x9E, 0xBA, 0x94, 0x2C, 0x93, 0xEF,
    0x5A, 0xD1, 0xFA, 0x93, 0xF9, 0xDE, 0x14, 0xDB, 0xEE, 0x0F, 0x77, 0x03, 0xBB, 0xA1, 0xC4, 0x6C,
    0x86, 0xBA, 0x48, 0xDF, 0x76, 0xC3, 0xB4, 0x4C, 0x1F, 0xB8, 0x61, 0x62, 0xB2, 0x77, 0xEB, 0x83,
    0x2F, 0x5B, 0xFF, 0xA7, 0x6F, 0xFA, 0xB7, 0x5B, 0x20, 0x8D, 0x1A, 0xF5, 0x17, 0x05, 0x33, 0x2E,
    0xF8, 0x62, 0xF4, 0x87, 0x4D, 0x45, 0xD5, 0x30, 0x70, 0x0C, 0x9F, 0x65, 0x00, 0x13, 0x68, 0x49,
    0xEA, 0xC4, 0x17, 0xD1, 0xAB, 0x8F, 0x9E, 0xD5, 0xF4, 0xEB, 0x48, 0xBE, 0x5E, 0x68, 0xD7, 0x7D,
    0xB9, 0x0B, 0xAD, 0xAC, 0xF7, 0xAA, 0xD4, 0xE7, 0x47, 0x1A, 0x58, 0x53, 0xB5, 0xFA, 0xFD, 0x22,
    0x6E, 0x49, 0x67, 0x8C, 0x52, 0x33, 0x51, 0xF5, 0xC6, 0xFC, 0x72, 0x3C, 0x2D, 0xD5, 0xCA, 0xE5,
    0xB8, 0xAC, 0xCA, 0x46, 0x63, 0x33, 0x3A, 0xA4, 0x83, 0x16, 0xBA, 0xD4, 0x8D, 0x7C, 0x03, 0x57,
    0x80, 0x91, 0xF5, 0xEE, 0xC0, 0xAC, 0xDB, 0xBC, 0xBE, 0x5F, 0xC8, 0xA5, 0x5C, 0xC5, 0x47, 0x53,
    0x2E, 0xED, 0x5A, 0xA2, 0x46, 0xBF, 0xD1, 0xC0, 0x7D, 0xFD, 0x7B, 0x16, 0x32, 0xEF, 0x0B, 0x40,
    0x97, 0x9C, 0xC9, 0x71, 0x2D, 0xF4, 0x9D, 0xF0, 0x45, 0x60, 0xFB, 0x94, 0x4C, 0xED, 0xF6, 0xF6,
    0xBA, 0xDD, 0x1E, 0x2A, 0xBB, 0xBD, 0x16, 0x24, 0x0D, 0x92, 0x04, 0x51, 0x2B, 0x72, 0x21, 0xC8,
    0xD3, 0xCA, 0x6D, 0x3F, 0x13, 0x35, 0xDB, 0x2F, 0x71, 0x7F, 0xD7, 0xB1, 0xEE, 0x0B, 0x49, 0x7B,
    0xA6, 0x8C, 0xDB, 0xC5, 0xA3, 0x88, 0xD8, 0x0E, 0xC0, 0x6D, 0xC3, 0xCD, 0xBB, 0xB0, 0xDD, 0xC2,
    0x60, 0x36, 0x2B, 0x06, 0xED, 0x05, 0x7F, 0x7F, 0xF9, 0x28, 0xA2, 0x5B, 0x3C, 0x8A, 0x18, 0xC0,
    0xDD, 0x4D, 0x70, 0xF2, 0x28, 0xA2, 0x1F, 0x6C, 0x31, 0xEE, 0x5D, 0xAB, 0xEC, 0x6B, 0x41, 0x43,
    0x3B, 0x61, 0xD2, 0x32, 0xF8, 0x49, 0x3D, 0x38, 0xBA, 0xB9, 0xD7, 0xEA, 0x90, 0x76, 0x10, 0xD6,
    0x89, 0x24, 0x6A, 0xC3, 0x95, 0x6B, 0x88, 0xE6, 0x3B, 0xC4, 0x39, 0x60, 0x54, 0x6B, 0xC3, 0x8D,
    0xB0, 0x8D, 0xD4, 0x39, 0x35, 0xCA, 0x45, 0x86, 0xC8, 0xC5, 0x06, 0x5A, 0x55, 0x42, 0xA7, 0x0A,
    0x98, 0x24, 0xC0, 0x70, 0x0D, 0xC8, 0x2F, 0x02, 0xD9, 0x25, 0x40, 0xFF, 0x26, 0x90, 0x36, 0x40,
    0xE2, 0x8E, 0x6F, 0x84, 0x5B, 0xF0, 0x2E, 0x6A, 0xA7, 0xB7, 0x92, 0x5F, 0xCB, 0x8A, 0x35, 0x74,
    0x79, 0x89, 0xD4, 0x6C, 0xA0, 0xEA, 0x2D, 0x94, 0xBD, 0x4A, 0xEC, 0x76, 0xA0, 0xB9, 0x0D, 0x6D,
    0x0D, 0xF7, 0x0C, 0x0C, 0x83, 0x8C, 0x0A, 0xC8, 0x21, 0x72, 0x2D, 0x50, 0x6D, 0x03, 0x2F, 0x3F,
    0x0F, 0xA4, 0x49, 0xC1, 0xA3, 0xE5, 0xF3, 0xB3, 0x57, 0x4B, 0x6B, 0xF7, 0x96, 0x21, 0x7E, 0xDB,
    0xC1, 0xFE, 0x0D, 0xE6, 0xCB, 0x27, 0x2F, 0x07, 0x07, 0x0F, 0x01, 0x48, 0x3E, 0xD8, 0x03, 0x40,
    0x93, 0x96, 0x00, 0x43, 0x54, 0x0D, 0x30, 0x21, 0xFE, 0xB1, 0xB7, 0x07, 0xB6, 0x22, 0x72, 0x07,
    0x45, 0x5E, 0xB6, 0xD0, 0x8C, 0xD0, 0x48, 0x98, 0x73, 0x51, 0xC2, 0x56, 0x17, 0x1B, 0x7D, 0x98,
    0x9A, 0x2D, 0x09, 0x1B, 0x55, 0x5F, 0xED, 0xC3, 0xD8, 0xEE, 0x23, 0xE9, 0x22, 0x67, 0x45, 0x8F,
    0xA3, 0x31, 0x73, 0xBD, 0x7B, 0x06, 0x5D, 0xA4, 0xA5, 0xD8, 0x20, 0xF9, 0x1E, 0xDB, 0xA1, 0x99,
    0x2F, 0x97, 0x17, 0xE1, 0xC6, 0x22, 0xBC, 0xD9, 0x93, 0xC8, 0x09, 0xE1, 0x7A, 0x2D, 0x84, 0x19,
    0x10, 0xFB, 0xAF, 0xF8, 0x37, 0xE5, 0x06, 0xC7, 0xF7, 0x67, 0xDC, 0x67, 0x40, 0x5B, 0xB1, 0xCD,
    0x84, 0xC9, 0x2E, 0x62, 0xC3, 0x60, 0xC8, 0xBE, 0x04, 0x19, 0x96, 0x96, 0xA1, 0x2E, 0x6A, 0x09,
    0xD2, 0x77, 0x8C, 0xFC, 0xA8, 0x1E, 0x94, 0x7D, 0xF0, 0x7E, 0x21, 0x09, 0xA2, 0x9F, 0x20, 0xC9,
    0x45, 0x69, 0x38, 0xE6, 0xB8, 0x27, 0xAA, 0x0B, 0xB6, 0x4F, 0x18, 0xB0, 0xBF, 0x6A, 0x86, 0x32,
    0x42, 0xC6, 0x85, 0x30, 0x3E, 0x14, 0x2A, 0x0B, 0xAC, 0xB7, 0x10, 0x79, 0x5F, 0x92, 0xBE, 0xF7,
    0x03, 0x47, 0x06, 0x15, 0x03, 0x18, 0x32, 0x81, 0x9C, 0x0A, 0x32, 0x5A, 0xD0, 0x85, 0xA0, 0x3C,
    0x89, 0x42, 0xFE, 0x9D, 0xC7, 0x1B, 0xC0, 0x60, 0x9E, 0x56, 0xB4, 0xCC, 0xF5, 0xB1, 0xDE, 0x2C,
    0xF3, 0xD8, 0x84, 0xE8, 0xE0, 0x16, 0xDA, 0xB7, 0x8C, 0x36, 0xF7, 0xD8, 0x25, 0x0B, 0x69, 0x45,
    0x49, 0x6A, 0x1E, 0x17, 0xF9, 0x5D, 0xFE, 0xCF, 0xFF, 0xA5, 0x3C, 0x79, 0x6B, 0x25, 0x9D, 0xA4,
    0x5F, 0x2E, 0x91, 0xBF, 0x05, 0xA8, 0x5F, 0xF6, 0x00, 0x69, 0xD1, 0xB3, 0x14, 0xC6, 0x85, 0x30,
    0x11, 0xF0, 0x33, 0x8F, 0xA2, 0x1F, 0x94, 0xB9, 0x25, 0xFD, 0xB6, 0x3B, 0xDA, 0xE5, 0xF9, 0xC8,
    0x39, 0xCD, 0x80, 0x5B, 0xAF, 0xA7, 0xE5, 0x04, 0x48, 0x4C, 0x05, 0x28, 0xD3, 0x0A, 0xEB, 0x15,
    0xDA, 0x15, 0xD6, 0x73, 0x56, 0x7D, 0xFC, 0x79, 0xAA, 0x01, 0x4F, 0xA1, 0xCB, 0x5C, 0xDC, 0x4D,
    0xD2, 0xEF, 0x1D, 0x7C, 0x70, 0x4F, 0x8C, 0x9A, 0x5A, 0xE6, 0x4B, 0x5E, 0x02, 0xBF, 0xFD, 0x1D,
    0xE0, 0xF6, 0x75, 0x23, 0x49, 0x97, 0x03, 0x76, 0x30, 0xA7, 0x46, 0xED, 0x24, 0x6D, 0xDA, 0x92,
    0x5F, 0x1F, 0xBE, 0xC6, 0xB6, 0xDA, 0x4E, 0xCB, 0x2A, 0xFA, 0x99, 0xC4, 0xB4, 0x92, 0xE6, 0x18,
    0xF6, 0x18, 0x75, 0x8F, 0x6A, 0x6E, 0x40, 0xAD, 0xC3, 0x35, 0xE2, 0xE1, 0x98, 0x64, 0x96, 0xB5,
    0x2C, 0x17, 0xEF, 0x1D, 0xB0, 0x73, 0xBB, 0x06, 0x9E, 0xA5, 0x60, 0xBE, 0xA4, 0x75, 0xDC, 0x44,
    0xAD, 0x78, 0xD1, 0xD1, 0x2C, 0x6A, 0xE9, 0x18, 0x05, 0xD9, 0x25, 0x0F, 0x32, 0x24, 0x0F, 0x32,
    0x22, 0x0F, 0x92, 0x15, 0x9B, 0x64, 0xE4, 0xE5, 0x00, 0x5D, 0x8C, 0xCC, 0x36, 0xBA, 0xFC, 0x9D,
    0xC0, 0xD4, 0xFC, 0x45, 0x7D, 0x87, 0xE4, 0xED, 0x07, 0xB5, 0x43, 0xBD, 0xF7, 0xD6, 0xF7, 0x6B,
    0xF1, 0x9C, 0x7F, 0x6C, 0x7A, 0xC7, 0xB9, 0x20, 0xEA, 0x98, 0x01, 0xA2, 0x14, 0x1A, 0x1A, 0xD0,
    0xDE, 0x43, 0xF2, 0xF4, 0x45, 0x96, 0xCB, 0xB1, 0x23, 0xBD, 0x7D, 0xEC, 0x48, 0x67, 0xBD, 0x23,
    0xCD, 0xD2, 0x91, 0x96, 0x13, 0x7F, 0x5B, 0x9B, 0xE0, 0x48, 0x67, 0xF5, 0x3E, 0xD9, 0x3F, 0xB4,
    0x16, 0xFD, 0x5B, 0x3F, 0x5E, 0x3A, 0xD2, 0xE6, 0x9E, 0x14, 0xF8, 0xC6, 0xCA, 0x33, 0xD6, 0xE4,
    0xDC, 0xCF, 0x58, 0x07, 0x40, 0x0E, 0xE8, 0x92, 0x90, 0xF6, 0x9F, 0xC2, 0xF8, 0x8C, 0x98, 0x51,
    0xB7, 0x78, 0xCE, 0x49, 0xDF, 0xBC, 0x7F, 0x5B, 0x6E, 0x25, 0x54, 0xD8, 0x16, 0x1E, 0x5B, 0x27,
    0x30, 0x84, 0xEC, 0x9B, 0x45, 0xEC, 0xCF, 0xBA, 0x76, 0x07, 0xE0, 0xE2, 0x3C, 0x57, 0x7B, 0x13,
    0x8E, 0x1C, 0x64, 0x96, 0xB9, 0x43, 0x78, 0x50, 0xA0, 0x93, 0xF2, 0xE6, 0xCB, 0x30, 0xAD, 0x20,
    0x69, 0x20, 0x9A, 0x81, 0xFA, 0xAB, 0x9A, 0xF4, 0x0D, 0x83, 0x06, 0x7E, 0x96, 0x47, 0x8B, 0x32,
    0xDE, 0x9B, 0x0F, 0xBF, 0xCA, 0xB5, 0xC5, 0x11, 0x8C, 0xFF, 0x6E, 0x79, 0x84, 0x01, 0xEE, 0x36,
    0x76, 0x9B, 0xBB, 0x93, 0x0D, 0x07, 0xBD, 0xD3, 0xF9, 0x0F, 0x0E, 0xEA, 0xD7, 0x53, 0xCB, 0x89,
    0x25, 0xAF, 0x85, 0xF0, 0x70, 0x47, 0x08, 0xE5, 0x73, 0xAC, 0x2C, 0xC1, 0x12, 0xD2, 0x86, 0xF8,
    0x1B, 0x06, 0x7E, 0xE1, 0x32, 0x31, 0xB7, 0xE0, 0x85, 0x9F, 0xE5, 0xBC, 0x8B, 0x28, 0x17, 0xDE,
    0xB9, 0x01, 0xF0, 0x1F, 0x6E, 0x94, 0x3F, 0xB7, 0xC8, 0xE2, 0xBC, 0xCB, 0x32, 0xFF, 0xEF, 0x1A,
    0x78, 0xF9, 0x12, 0xAA, 0xA8, 0xE1, 0xEA, 0xD3, 0x4F, 0xCC, 0x4A, 0x32, 0x59, 0x96, 0xE3, 0x45,
    0x60, 0xE5, 0x0C, 0x5A, 0xF6, 0x5F, 0x69, 0x4F, 0xD0, 0x3D, 0x5F, 0x24, 0x03, 0x60, 0x9B, 0x4D,
    0x78, 0x1D, 0x21, 0x49, 0xB3, 0xB8, 0x35, 0xB3, 0x78, 0x3A, 0x36, 0x00, 0x54, 0xC1, 0x79, 0x96,
    0xBF, 0x2F, 0x84, 0x87, 0x4C, 0x1D, 0x80, 0xAF, 0x2F, 0xF4, 0xE1, 0xBA, 0xE3, 0x3C, 0xCB, 0x17,
    0x80, 0xA8, 0x84, 0x0D, 0x20, 0xAD, 0xC5, 0x96, 0xB9, 0x0D, 0x1A, 0xA2, 0x96, 0xB4, 0x4C, 0x4A,
    0x28, 0x90, 0x4B, 0xAE, 0x85, 0xFD, 0x25, 0xC0, 0xDA, 0x99, 0x7D, 0xCA, 0x17, 0xA2, 0x02, 0xB6,
    0x55, 0x0D, 0x43, 0x51, 0x95, 0xFA, 0xF2, 0xE3, 0x87, 0xCF, 0x4C, 0x8F, 0x87, 0xCF, 0xBC, 0x16,
    0xF0, 0x7C, 0x16, 0xB0, 0x25, 0xB0, 0x01, 0x0F, 0xCA, 0x80, 0x3F, 0x25, 0xA0, 0x13, 0x38, 0x81,
    0x11, 0x9C, 0x18, 0x3E, 0xD3, 0x02, 0x5C, 0x15, 0xEC, 0x1C, 0x77, 0x27, 0x16, 0x88, 0x6A, 0x80,
    0x92, 0xBB, 0x1A, 0xBA, 0xBC, 0x60, 0xBA, 0x7A, 0x47, 0x61, 0xE4, 0xD7, 0x9B, 0xF4, 0x43, 0x65,
    0x97, 0x1F, 0x1D, 0xE4, 0x97, 0x82, 0xBC, 0x6F, 0xD5, 0xFB, 0x6F, 0x59, 0xF5, 0x37, 0xE1, 0xB7,
    0xF6, 0xD1, 0xBF, 0x12, 0x57, 0xD2, 0x00, 0x17, 0x16, 0xA5, 0xBF, 0xBC, 0xE2, 0xBC, 0xFD, 0xC6,
    0x85, 0xF2, 0xF1, 0x2B, 0x5D, 0x23, 0xE1, 0x69, 0x91, 0x87, 0xA2, 0x6F, 0xDF, 0x67, 0x3E, 0x68,
    0xE3, 0xF1, 0x8F, 0x2E, 0xB2, 0xB7, 0xF7, 0xF0, 0x21, 0x8E, 0xE8, 0xFB, 0xB4, 0x57, 0xCE, 0xA2,
    0x27, 0x93, 0xBC, 0xCE, 0x1A, 0x38, 0xF2, 0xCE, 0x1F, 0x84, 0xEF, 0x3F, 0x92, 0x96, 0x6B, 0xA1,
    0xE7, 0x62, 0x90, 0xA7, 0xCE, 0x1C, 0x38, 0xE2, 0xBF, 0xD2, 0xCA, 0x83, 0x93, 0xC5, 0xDD, 0xA6,
    0x24, 0x68, 0x52, 0xF5, 0x42, 0xEC, 0x5C, 0x64, 0xFB, 0xCB, 0xB5, 0x7E, 0xFB, 0x5D, 0xA3, 0xEB,
    0x83, 0x52, 0x7F, 0x67, 0x8A, 0xFE, 0xFA, 0x11, 0xBA, 0x4C, 0x82, 0xC4, 0xA7, 0x1E, 0x9C, 0x40,
    0x0C, 0x49, 0xBF, 0x6A, 0xEF, 0x7D, 0x66, 0x48, 0xCF, 0xBB, 0x8A, 0x4D, 0xDE, 0x03, 0x2F, 0xC0,
    0x3E, 0x38, 0xEF, 0x5D, 0x76, 0x9E, 0x24, 0x1D, 0xDE, 0x7B, 0xB3, 0x6E, 0xBF, 0xB8, 0x3A, 0xF4,
    0xB0, 0x08, 0xC2, 0x52, 0xC2, 0xDF, 0x12, 0x3E, 0x51, 0xB2, 0x46, 0xE2, 0x88, 0xB4, 0x99, 0xB9,
    0x1B, 0x0E, 0xD1, 0x70, 0xF1, 0x3A, 0xD7, 0xEF, 0xFD, 0x13, 0x73, 0x2C, 0xB2, 0xBE, 0xEA, 0xD5,
    0x42, 0xA2, 0x27, 0x1D, 0x0A, 0x66, 0xFE, 0xFC, 0x3C, 0x76, 0x21, 0x4E, 0x93, 0x1A, 0x44, 0xDA,
    0xA0, 0xA5, 0xF5, 0x9E, 0x06, 0x44, 0x22, 0xA7, 0x24, 0x8E, 0xC4, 0xFC, 0x70, 0x0C, 0x07, 0x0D,
    0xDE, 0x37, 0x8C, 0xDF, 0x68, 0xD0, 0xE5, 0x8D, 0x20, 0x57, 0x83, 0x30, 0x17, 0x7F, 0x0B, 0xFD,
    0xBB, 0x6D, 0xD8, 0x1E, 0x04, 0xC9, 0x83, 0xE8, 0x42, 0x44, 0xEE, 0xEE, 0xFB, 0xAE, 0x8F, 0x51,
    0x88, 0xC4, 0x65, 0xD6, 0x77, 0xD2, 0xEA, 0x83, 0x16, 0x0E, 0x6A, 0xD9, 0xBD, 0xBE, 0xCC, 0x8B,
    0x4C, 0x86, 0x51, 0x78, 0xF3, 0xCC, 0x06, 0x6D, 0xFC, 0x4E, 0x49, 0x4A, 0x9B, 0x00, 0xAA, 0x68,
    0xD7, 0x80, 0xC8, 0xB4, 0x97, 0x00, 0xEA, 0xF6, 0x2A, 0xC0, 0xD5, 0xF6, 0x36, 0x10, 0x79, 0xDF,
    0x81, 0x0C, 0xBC, 0x99, 0x02, 0xDA, 0xB4, 0x59, 0x01, 0x79, 0xD1, 0xA6, 0x06, 0x46, 0xB4, 0x4A,
    0xBC, 0x63, 0xDA, 0xD8, 0x41, 0x47, 0x4B, 0x43, 0xDC, 0xD0, 0x52, 0xB1, 0x6E, 0x43, 0x46, 0xA3,
    0x6B, 0xA3, 0x32, 0x64, 0x9B, 0x3A, 0x00, 0x58, 0x04, 0x3B, 0x3D, 0xB9, 0x72, 0x32, 0x18, 0x15,
    0xBE, 0xC9, 0xCA, 0xDF, 0xAE, 0xC7, 0xF5, 0xBF, 0x31, 0x2F, 0x5C, 0xD1, 0xA5, 0x29, 0xD9, 0xD0,
    0x6F, 0x96, 0xB0, 0xA6, 0xDF, 0x02, 0xD4, 0xAF, 0xFE, 0x3B, 0x96, 0x57, 0x75, 0x7B, 0xBF, 0xFA,
    0x87, 0x35, 0x74, 0x72, 0xCF, 0x52, 0xAE, 0xFC, 0x1A, 0x54, 0x60, 0x45, 0x5A, 0x4B, 0xA5, 0x8C,
    0xCB, 0x71, 0x9D, 0xDD, 0x9A, 0xE1, 0x9B, 0xC4, 0xAD, 0xE4, 0xBA, 0xB3, 0xC2, 0x2B, 0x73, 0xC6,
    0xDE, 0x92, 0x7D, 0xE3, 0x3E, 0x43, 0x32, 0xB6, 0xD1, 0xC5, 0x25, 0x96, 0xD5, 0x97, 0x43, 0xD4,
    0x12, 0xF9, 0x3A, 0x84, 0xF7, 0x00, 0x29, 0xB2, 0x36, 0x10, 0x8E, 0x8A, 0x20, 0x93, 0x85, 0x73,
    0x38, 0xFA, 0xC6, 0x3D, 0x12, 0x6F, 0x61, 0x6D, 0xD1, 0x13, 0x28, 0x13, 0xC2, 0xC5, 0x55, 0x02,
    0xB0, 0x3E, 0x63, 0xEF, 0x35, 0x73, 0x57, 0xD5, 0x3B, 0x8B, 0x07, 0xD2, 0xA5, 0x5E, 0x5E, 0x01,
    0x3F, 0x1B, 0x3B, 0xB7, 0x7C, 0x20, 0x9D, 0xCF, 0xC0, 0xC2, 0x16, 0x6C, 0xCB, 0xAA, 0x1A, 0x00,
    0xDF, 0x71, 0x5F, 0xEE, 0xAA, 0x48, 0xA3, 0xF9, 0xCC, 0x53, 0x01, 0xCF, 0x11, 0x70, 0x45, 0x70,
    0x4B, 0x50, 0x06, 0x3C, 0x20, 0xC0, 0xD7, 0x01, 0x7F, 0xDC, 0xC0, 0xE2, 0xD6, 0xD5, 0x50, 0x90,
    0x09, 0x74, 0x19, 0x90, 0x98, 0x00, 0xE5, 0x82, 0x2A, 0x8E, 0x98, 0x0F, 0xA5, 0x06, 0x25, 0x88,
    0x04, 0xAC, 0xC0, 0x77, 0x49, 0x68, 0xBF, 0x2F, 0xDF, 0x08, 0xD9, 0xBC, 0x90, 0x9A, 0x9A, 0xF4,
    0x6D, 0x43, 0xFA, 0x6E, 0x9F, 0x45, 0x08, 0xDD, 0xC2, 0x33, 0x9E, 0xF4, 0x79, 0x48, 0xA3, 0x93,
    0x3D, 0x4C, 0x6B, 0xDF, 0x45, 0x1D, 0xB0, 0xBD, 0x7C, 0x42, 0xB7, 0x14, 0xDF, 0x31, 0x0D, 0x79,
    0x46, 0x7F, 0x21, 0xE7, 0x46, 0xDC, 0xB7, 0x3F, 0xA1, 0xA5, 0xBF, 0x24, 0xB8, 0x2A, 0xD8, 0x11,
    0xCC, 0x47, 0x9B, 0xC8, 0xD6, 0x3D, 0xC1, 0x48, 0x90, 0x95, 0x01, 0xDA, 0x88, 0xE5, 0xB6, 0xB7,
    0x3C, 0x20, 0x6A, 0xC5, 0xFC, 0xFB, 0x85, 0x98, 0x2F, 0x56, 0xB6, 0xC1, 0xCA, 0x49, 0x6A, 0xAE,
    0x5E, 0x4A, 0xFF, 0xE4, 0x36, 0xE9, 0x9F, 0x98, 0x90, 0xA2, 0x20, 0xF5, 0x96, 0xF4, 0x7F, 0xB4,
    0xE1, 0x7B, 0x17, 0x44, 0x6E, 0xB5, 0x8C, 0x8A, 0x60, 0xA5, 0x09, 0x56, 0x36, 0xBE, 0x8B, 0x67,
    0x62, 0x69, 0x50, 0x93, 0xFC, 0x0B, 0xA9, 0xD0, 0x67, 0xF0, 0xDD, 0x8B, 0x84, 0xAD, 0x17, 0x96,
    0x75, 0xF9, 0xF6, 0x13, 0x2B, 0x74, 0x20, 0xC8, 0x8F, 0x2B, 0x34, 0xED, 0x2B, 0xD4, 0x06, 0x55,
    0xB1, 0xDC, 0x51, 0xE4, 0xE0, 0xAC, 0x87, 0xB0, 0x2B, 0x0D, 0xBA, 0x8C, 0xDE, 0x5F, 0xAD, 0xD3,
    0xF2, 0x8C, 0x3A, 0xAD, 0xC4, 0xDA, 0x20, 0x79, 0xA8, 0x53, 0x6D, 0x83, 0xB5, 0xDD, 0xC8, 0x37,
    0x71, 0xB3, 0x95, 0xDF, 0xBA, 0x38, 0x79, 0x21, 0xE7, 0xEA, 0xB3, 0xE4, 0xDC, 0x26, 0xC0, 0x04,
    0xC4, 0x65, 0x80, 0x22, 0xE0, 0xA2, 0xC0, 0xCB, 0xD7, 0x75, 0x1B, 0x10, 0x37, 0x01, 0x74, 0x82,
    0x7B, 0x82, 0x91, 0x20, 0x2F, 0x02, 0xB4, 0x21, 0x5C, 0xE5, 0x36, 0xB1, 0x6F, 0xA2, 0xA3, 0x03,
    0x6F, 0xF3, 0xF2, 0xCE, 0xA8, 0xF8, 0xA1, 0x79, 0x7D, 0x18, 0xBF, 0x51, 0x30, 0x4C, 0x80, 0xE1,
    0x45, 0xC1, 0x8B, 0xC0, 0x68, 0x26, 0x5B, 0xE3, 0x32, 0x20, 0x35, 0x01, 0xCA, 0x05, 0xC4, 0x4D,
    0x00, 0x9D, 0x3C, 0xC5, 0x9E, 0x16, 0x89, 0xB7, 0x59, 0xFD, 0x39, 0x8E, 0xD8, 0x84, 0xF8, 0xF1,
    0xC1, 0x6D, 0x3D, 0x7C, 0x97, 0x7B, 0x19, 0x43, 0x2B, 0x0D, 0xE9, 0x09, 0xF1, 0x5E, 0xC2, 0x53,
    0x12, 0xE2, 0xB6, 0x92, 0x06, 0xC8, 0x80, 0x04, 0x50, 0x4B, 0x91, 0x9C, 0x7C, 0x19, 0x32, 0xBD,
    0xBF, 0x5E, 0x4A, 0xFE, 0x6A, 0x85, 0x11, 0x42, 0x4E, 0x52, 0x8A, 0xD1, 0x6F, 0x9F, 0x8F, 0x7D,
    0x71, 0xE8, 0xCB, 0x13, 0x38, 0xF2, 0xE1, 0x88, 0xFD, 0xA2, 0xBB, 0x29, 0x56, 0x6D, 0x09, 0x5E,
    0x14, 0x30, 0x87, 0xF7, 0xFD, 0xD6, 0xD9, 0x08, 0xC9, 0x0E, 0x7B, 0x05, 0x78, 0xEF, 0x17, 0xC7,
    0xD8, 0xFD, 0x62, 0x31, 0x45, 0xE4, 0xBC, 0xC1, 0xC1, 0x62, 0xC6, 0xC9, 0xBA, 0xED, 0x03, 0xBA,
    0x79, 0x30, 0x9C, 0x07, 0xF9, 0x3C, 0xC8, 0x8A, 0x3E, 0xD0, 0x8B, 0xA0, 0xEC, 0x87, 0x12, 0xF6,
    0x3D, 0x8A, 0x37, 0xBA, 0x00, 0x60, 0x11, 0x64, 0x82, 0xAD, 0xE5, 0x3C, 0x90, 0x0A, 0x60, 0xF4,
    0x35, 0x07, 0xCC, 0x87, 0x72, 0x85, 0x45, 0xCC, 0x4C, 0x1F, 0xD2, 0x9F, 0x2C, 0x4F, 0xA0, 0xB7,
    0xC2, 0x3F, 0xEB, 0x84, 0x26, 0xEF, 0xA9, 0x8B, 0x9E, 0xC7, 0xCF, 0xF8, 0xB2, 0x26, 0x35, 0x52,
    0x74, 0x49, 0x01, 0x0B, 0x96, 0x10, 0xF5, 0xF6, 0xA8, 0x3A, 0x03, 0xE2, 0x0F, 0x27, 0x00, 0x07,
    0x16, 0xC6, 0x0D, 0xA8, 0x0F, 0x7E, 0x63, 0x61, 0xE6, 0x90, 0xDC, 0xB0, 0xCD, 0x87, 0x8E, 0x4A,
    0xD9, 0x8A, 0x56, 0x99, 0x09, 0xAD, 0x74, 0x87, 0x73, 0xA4, 0x66, 0xB8, 0x80, 0x7C, 0xAD, 0x54,
    0x3D, 0x61, 0x5B, 0xE2, 0x6D, 0xC6, 0xAE, 0x41, 0x17, 0xDE, 0xA1, 0x1E, 0x1E, 0x18, 0x18, 0xFB,
    0x77, 0x0A, 0x88, 0x3C, 0x80, 0x84, 0x05, 0xFA, 0x9B, 0x05, 0x43, 0x60, 0x12, 0x77, 0x54, 0xFA,
    0x35, 0xDA, 0xCD, 0xB4, 0x6C, 0x87, 0xA9, 0x59, 0x4A, 0x35, 0xD2, 0x66, 0x92, 0xE9, 0x62, 0xA8,
    0xFF, 0x08, 0xFD, 0x87, 0x1D, 0x91, 0xF7, 0x35, 0x2C, 0xA7, 0x5A, 0x9D, 0x6F, 0x78, 0x6E, 0x77,
    0xF2, 0xD2, 0xB1, 0x90, 0xE1, 0x22, 0x6A, 0x76, 0x50, 0x30, 0x6D, 0x41, 0x95, 0x0B, 0xCF, 0xD7,
    0x85, 0xD0, 0x42, 0x66, 0x00, 0x88, 0x7D, 0xFF, 0x04, 0x3A, 0x76, 0x55, 0x64, 0xCF, 0x1C, 0xAE,
    0x32, 0x62, 0x27, 0xFB, 0x6B, 0x1B, 0xA2, 0xB1, 0x05, 0x97, 0x41, 0xF7, 0xEB, 0x11, 0x80, 0xF7,
    0xBE, 0x6D, 0xF4, 0x1B, 0xAD, 0xD5, 0xE5, 0x56, 0x1D, 0xA4, 0xD0, 0xE5, 0xB3, 0xE8, 0x92, 0x73,
    0xCB, 0xB8, 0x26, 0xF6, 0x4B, 0xAB, 0x37, 0x56, 0xFB, 0x02, 0xD1, 0x5D, 0x36, 0xC3, 0xB4, 0xAC,
    0x87, 0xAA, 0x34, 0x41, 0x18, 0xC2, 0x47, 0x89, 0x9C, 0x37, 0x89, 0x77, 0x10, 0x05, 0x61, 0x07,
    0xB8, 0x72, 0x2C, 0x72, 0x30, 0x4E, 0xEB, 0xE8, 0x68, 0x3E, 0xA4, 0x58, 0x9E, 0x15, 0xAA, 0x32,
    0x6A, 0x12, 0xE8, 0x2E, 0xC2, 0x60, 0x03, 0xF2, 0x1D, 0xD0, 0xF6, 0x63, 0x27, 0x74, 0x78, 0x97,
    0xB7, 0xD3, 0x3A, 0xAD, 0xB5, 0x51, 0x65, 0x90, 0x22, 0xA9, 0x53, 0x94, 0x5D, 0x43, 0xE6, 0x41,
    0x44, 0xCD, 0x06, 0x88, 0xFB, 0x53, 0xED, 0xC0, 0xB6, 0x85, 0x61, 0x0D, 0x99, 0x79, 0x62, 0xB9,
    0xF1, 0xDD, 0x49, 0xBB, 0x0C, 0x2B, 0x76, 0xAD, 0xC1, 0xEE, 0x06, 0x8C, 0xAE, 0x9E, 0xB0, 0x4B,
    0x79, 0x6F, 0x3E, 0x9D, 0x5D, 0x6E, 0x6E, 0x57, 0x3E, 0xB7, 0x4B, 0xF9, 0xD9, 0x99, 0x76, 0xCD,
    0xA7, 0x7E, 0x1C, 0x46, 0x2D, 0x71, 0x8B, 0x85, 0x2E, 0xEE, 0x5B, 0xF4, 0x02, 0xF2, 0x7F, 0x0C,
    0xE8, 0xFF, 0x06, 0x24, 0xCD, 0xB2, 0xC1, 0x8D, 0x5A, 0x40, 0x1D, 0x0F, 0x70, 0xDE, 0xD0, 0x05,
    0x84, 0x7E, 0x0B, 0xAC, 0xB2, 0x28, 0x13, 0x35, 0x64, 0x75, 0x7C, 0xC4, 0x54, 0x5A, 0x04, 0x20,
    0x15, 0xC4, 0x8F, 0x3B, 0x12, 0xA3, 0xEE, 0xC0, 0xAD, 0x37, 0xF9, 0xAD, 0xD8, 0x5D, 0x86, 0x66,
    0x0B, 0x26, 0xFB, 0x4B, 0x33, 0x83, 0x2C, 0x1E, 0x6D, 0xED, 0xB7, 0x20, 0x9E, 0x69, 0x99, 0x91,
    0x05, 0x77, 0x6F, 0xEA, 0x7C, 0x07, 0x4C, 0x4E, 0xF9, 0x10, 0xDE, 0xBF, 0xE6, 0x4D, 0x33, 0xCC,
    0x7E, 0xF9, 0x08, 0x3B, 0x4C, 0x8A, 0x96, 0x7A, 0xA8, 0x02, 0x8B, 0x61, 0x44, 0x0B, 0x43, 0x3E,
    0x25, 0xA3, 0xFB, 0x70, 0x44, 0xE2, 0xC3, 0xB2, 0xD2, 0xC4, 0xC4, 0x3D, 0xA3, 0x9E, 0x2C, 0x78,
    0xE0, 0x67, 0x23, 0xFF, 0x9D, 0xE1, 0xF3, 0xEB, 0xCD, 0xFE, 0xF0, 0x69, 0x99, 0xDB, 0x70, 0x41,
    0x59, 0x86, 0x9C, 0x0B, 0x21, 0x17, 0xD5, 0x28, 0xC9, 0xE4, 0xB8, 0xF1, 0x4C, 0x04, 0xEA, 0x11,
    0xCE, 0x31, 0x76, 0xBB, 0x47, 0x52, 0x07, 0xA8, 0x26, 0xE9, 0xE0, 0xE0, 0xB0, 0x3A, 0xCF, 0xD8,
    0xED, 0x27, 0xEF, 0xA7, 0x99, 0x5C, 0x20, 0xAF, 0x37, 0x67, 0x0D, 0x98, 0x88, 0x5D, 0x66, 0x39,
    0x78, 0xFF, 0xB1, 0x2B, 0xA4, 0xF5, 0x06, 0x46, 0x67, 0x77, 0xA6, 0x4F, 0x36, 0xFF, 0x9A, 0xC0,
    0x2D, 0x90, 0xD4, 0x01, 0xAA, 0xF9, 0xDB, 0x6E, 0x71, 0x49, 0xF1, 0xF3, 0x4D, 0x05, 0xB8, 0x93,
    0xB8, 0xB6, 0x6A, 0xBE, 0x6F, 0x1F, 0x1B, 0xEF, 0xF5, 0x46, 0x90, 0xB7, 0x82, 0x3C, 0xD0, 0x65,
    0xFA, 0x43, 0x19, 0xEF, 0xE5, 0x4B, 0xBE, 0xA8, 0x4B, 0x54, 0x90, 0x78, 0x65, 0xBC, 0x57, 0xC7,
    0xFC, 0xA4, 0x22, 0x35, 0x4F, 0xC2, 0x1F, 0xFB, 0x92, 0xF4, 0xE8, 0x57, 0x1C, 0x69, 0x4D, 0xCB,
    0x47, 0x57, 0x7C, 0x5F, 0xB8, 0xBE, 0x98, 0x67, 0x0D, 0xDB, 0x38, 0x39, 0x7C, 0x67, 0x0F, 0x6D,
    0xB2, 0x20, 0xBA, 0xF8, 0xF8, 0x91, 0x8B, 0xBA, 0xF6, 0xAD, 0x6E, 0x61, 0x1C, 0x24, 0xFE, 0x70,
    0x5C, 0xA0, 0xCB, 0xC4, 0x90, 0xCD, 0x0F, 0x9D, 0xC8, 0xDD, 0xDC, 0x85, 0xA6, 0x9D, 0x04, 0x74,
    0x15, 0xB4, 0xB9, 0xB4, 0xD3, 0x54, 0x00, 0x93, 0x63, 0x0C, 0x04, 0x43, 0x41, 0xC6, 0xBC, 0x6C,
    0xB7, 0x89, 0x0F, 0xD7, 0x0D, 0xE4, 0x87, 0x90, 0xCC, 0x60, 0xF3, 0xBA, 0x61, 0x12, 0xBB, 0xBB,
    0x4D, 0xE4, 0x0E, 0x1D, 0x4D, 0x90, 0x76, 0x14, 0x14, 0xC5, 0x0E, 0xA2, 0x85, 0xD0, 0xF4, 0xEA,
    0xAE, 0x90, 0x7F, 0xCD, 0xCA, 0xB3, 0x40, 0xC8, 0xE7, 0x16, 0x2D, 0x7A, 0x6C, 0x2D, 0x16, 0x6D,
    0x12, 0xBB, 0xE7, 0x06, 0x44, 0xAE, 0x9D, 0x9C, 0xD3, 0xAC, 0x91, 0x20, 0x2B, 0xB9, 0x46, 0xFA,
    0xF0, 0x42, 0x4D, 0xBF, 0xB7, 0x98, 0x36, 0x80, 0x36, 0x8B, 0xCE, 0x1C, 0xC5, 0x0A, 0xCE, 0x65,
    0x6F, 0x03, 0xB4, 0x3C, 0xCB, 0x5E, 0xB4, 0x4F, 0xEE, 0xEB, 0x3E, 0x0D, 0xED, 0xA9, 0xCE, 0xE2,
    0x3C, 0xF3, 0x85, 0xE9, 0x47, 0xA4, 0x00, 0x93, 0xD4, 0x00, 0xEC, 0xE9, 0x3E, 0xC8, 0x67, 0x3C,
    0xBE, 0xAC, 0xCE, 0xA3, 0x3B, 0x22, 0x5E, 0x99, 0x47, 0x67, 0x56, 0xE7, 0xD1, 0x5D, 0x06, 0x92,
    0x37, 0xDD, 0x4D, 0x20, 0xFE, 0xAE, 0x73, 0x80, 0xF2, 0xBE, 0x59, 0x99, 0x47, 0xF7, 0x8E, 0xBB,
    0x0F, 0x8C, 0x62, 0x37, 0x2A, 0x60, 0xEF, 0x78, 0x1E, 0x9D, 0xB6, 0xA8, 0x7E, 0x3C, 0x3A, 0xE9,
    0x59, 0xF3, 0xE8, 0x48, 0x71, 0x80, 0x7E, 0xB3, 0x57, 0xE5, 0x2D, 0x27, 0x16, 0xFF, 0x60, 0x65,
    0x2C, 0x75, 0x51, 0x51, 0x13, 0xCF, 0xC7, 0x52, 0xBB, 0x4A, 0x03, 0x5B, 0xD5, 0x06, 0x30, 0xF2,
    0x47, 0x40, 0xD7, 0x8F, 0xA5, 0x6E, 0xAA, 0xAC, 0x44, 0x85, 0x7F, 0x0D, 0x49, 0x5D, 0x25, 0x16,
    0x6D, 0x1E, 0x8D, 0xA5, 0x3E, 0x52, 0x32, 0x96, 0x5A, 0xAE, 0x96, 0x82, 0x03, 0xFD, 0xEB, 0xE1,
    0x5A, 0xE9, 0x0B, 0xA9, 0x79, 0x51, 0x2E, 0x3D, 0x83, 0xDC, 0x0A, 0x62, 0x48, 0x1F, 0x14, 0xA4,
    0xFE, 0x50, 0x9E, 0x3A, 0x94, 0xF3, 0xEB, 0x9B, 0xA8, 0x95, 0xD3, 0x24, 0xC8, 0x6E, 0x90, 0x41,
    0x90, 0x61, 0x66, 0x19, 0xFA, 0x8E, 0x01, 0xF4, 0x32, 0x89, 0x2C, 0x6D, 0x5F, 0x6B, 0x47, 0x99,
    0x21, 0x97, 0x2B, 0xD1, 0xD4, 0x66, 0x0F, 0x7F, 0x31, 0xA4, 0xDD, 0xB9, 0x36, 0xD7, 0x59, 0x92,
    0xFE, 0x97, 0xC5, 0x5D, 0x93, 0x7A, 0xBA, 0xBC, 0x6B, 0x52, 0x2F, 0xEF, 0x9C, 0x64, 0xA1, 0x5A,
    0x7C, 0xA8, 0x28, 0x10, 0x51, 0x96, 0x7D, 0x55, 0x13, 0x52, 0x73, 0x34, 0x86, 0xBC, 0xE1, 0x73,
    0x9B, 0x07, 0x57, 0x03, 0x1C, 0xB7, 0x9E, 0xAA, 0x14, 0x14, 0x40, 0x8A, 0xF6, 0xC1, 0x20, 0x93,
    0xD7, 0x9C, 0x7F, 0x20, 0x76, 0x7D, 0x77, 0xEE, 0x26, 0x5D, 0x05, 0xF6, 0x81, 0xC5, 0x8C, 0x27,
    0x65, 0x3E, 0xFB, 0xCB, 0xA9, 0x80, 0x45, 0xFD, 0xCF, 0x31, 0x81, 0x92, 0xB6, 0x7F, 0xAC, 0x48,
    0x74, 0x74, 0xBD, 0x86, 0xE9, 0x0C, 0xE4, 0xFA, 0xA8, 0x90, 0x8B, 0xAA, 0xD5, 0x0B, 0x8F, 0x73,
    0x5F, 0x9B, 0x04, 0xCC, 0xF7, 0x09, 0x4B, 0xCC, 0x27, 0xA9, 0x8A, 0x13, 0xC4, 0xD1, 0x6B, 0x8B,
    0x66, 0xE4, 0xF3, 0xB8, 0x54, 0xBC, 0x76, 0xC6, 0x7D, 0x61, 0x27, 0xB0, 0xCC, 0xAB, 0x94, 0xA8,
    0x1C, 0x75, 0xF9, 0xF2, 0x1E, 0xF0, 0xC9, 0x8F, 0xF7, 0xC2, 0x53, 0x1F, 0x89, 0x2B, 0x69, 0x80,
    0x0B, 0xC0, 0xC5, 0x95, 0x7B, 0xC0, 0x13, 0xE0, 0x37, 0x16, 0xDD, 0xDC, 0x53, 0x33, 0x3E, 0xBB,
    0x5E, 0x1A, 0xD0, 0x7E, 0xE1, 0x1D, 0xB1, 0xC6, 0x22, 0x5B, 0x9E, 0x59, 0xE0, 0x93, 0xF7, 0xD2,
    0x83, 0x45, 0xD5, 0x5C, 0x39, 0x21, 0xDE, 0x11, 0xF5, 0x73, 0x3A, 0xE3, 0x59, 0xA1, 0x5B, 0x54,
    0x87, 0x9E, 0x90, 0x54, 0xE8, 0x01, 0x4F, 0x07, 0x8E, 0xB8, 0x18, 0x98, 0x71, 0x29, 0x50, 0x97,
    0x2F, 0x05, 0xA6, 0xE6, 0x6A, 0x60, 0x62, 0x76, 0x02, 0x95, 0xBD, 0x1D, 0x18, 0xBB, 0x3A, 0x90,
    0x0F, 0x8D, 0xF0, 0x27, 0xA5, 0x70, 0x5A, 0x08, 0x47, 0x54, 0xFD, 0x9C, 0xCE, 0xD9, 0xB5, 0x7E,
    0x4E, 0x67, 0xB3, 0xF2, 0xE8, 0xD7, 0xB2, 0xDC, 0x2B, 0x28, 0x23, 0x4C, 0x7A, 0x5E, 0x28, 0xA6,
    0x8E, 0xD4, 0x7F, 0x9A, 0x39, 0x09, 0x53, 0x77, 0x63, 0xE4, 0x8F, 0xAB, 0x6D, 0x43, 0xB0, 0x2D,
    0xD8, 0x12, 0xDC, 0x11, 0xBC, 0x7E, 0xAE, 0x7E, 0x40, 0xBA, 0x01, 0xE9, 0x04, 0xFA, 0x2E, 0xE0,
    0x74, 0x07, 0xE0, 0x80, 0xF8, 0x78, 0xC0, 0x57, 0x32, 0x01, 0xD2, 0x81, 0xE4, 0xBA, 0x09, 0x5C,
    0xCA, 0x24, 0x43, 0x5D, 0xC0, 0x55, 0x49, 0xBB, 0xBF, 0x74, 0x99, 0xA3, 0xF9, 0x68, 0xD3, 0x90,
    0x4E, 0x15, 0xB4, 0x24, 0x50, 0xB1, 0x06, 0x03, 0xF2, 0xA2, 0x9F, 0xF8, 0x9A, 0xFA, 0x7A, 0x33,
    0xB6, 0x23, 0xE5, 0x16, 0x6E, 0x05, 0xA4, 0xB3, 0x22, 0xBF, 0x5E, 0x0F, 0x95, 0x7B, 0x3E, 0x76,
    0xF4, 0x6B, 0xEA, 0xDD, 0xE8, 0x15, 0x57, 0xC5, 0xAE, 0x9D, 0xAF, 0xCA, 0xED, 0xFE, 0x5A, 0x9B,
    0xD9, 0x19, 0x2F, 0xA7, 0x05, 0x0C, 0x75, 0x09, 0x1B, 0x29, 0xAB, 0x4B, 0xE4, 0x96, 0x66, 0xAA,
    0x0E, 0x48, 0x77, 0x81, 0xB5, 0x21, 0x70, 0x79, 0x31, 0x38, 0x4D, 0x6C, 0x35, 0xBD, 0x67, 0x7F,
    0x6A, 0x72, 0xBF, 0x89, 0x5A, 0xB1, 0xB5, 0x23, 0x85, 0x5D, 0x34, 0x8C, 0x18, 0x17, 0x1C, 0xCC,
    0x27, 0xF7, 0xA7, 0xBF, 0x52, 0x86, 0xB1, 0xA2, 0xA9, 0x2A, 0x3F, 0xDA, 0xD6, 0x6E, 0xD5, 0xD6,
    0x7F, 0xD6, 0xDB, 0x8A, 0x97, 0x9A, 0x60, 0xD3, 0x5D, 0x70, 0xBD, 0xFF, 0xBF, 0x0F, 0xFF, 0xCA,
    0xB1, 0x03, 0x3F, 0x70, 0x3C, 0x2B, 0xF3, 0xCD, 0x01, 0xF5, 0xA6, 0x30, 0x89, 0x85, 0x6B, 0xB1,
    0xF7, 0xB0, 0xD1, 0x6F, 0x6F, 0xF5, 0x3C, 0xF0, 0x42, 0x2B, 0xDB, 0xB1, 0x11, 0xAA, 0x22, 0xF0,
    0xA5, 0x94, 0xC0, 0xAD, 0xBC, 0x50, 0x8E, 0xBB, 0xDE, 0x89, 0x93, 0x90, 0xF8, 0x57, 0x66, 0xE4,
    0xDF, 0xF6, 0xD7, 0xCD, 0x30, 0x3A, 0x8A, 0xDD, 0xF3, 0x74, 0x91, 0x83, 0x96, 0x46, 0xD0, 0xA6,
    0x3E, 0x44, 0x91, 0xB9, 0x59, 0x74, 0x04, 0xB4, 0x73, 0x74, 0x01, 0xF1, 0x8C, 0x2B, 0x7B, 0xD7,
    0xB3, 0x6F, 0xDA, 0xAC, 0x8D, 0x7D, 0xC1, 0xB5, 0xE7, 0x50, 0x36, 0x47, 0x35, 0x53, 0x38, 0x68,
    0x4F, 0xBC, 0x30, 0x66, 0xDD, 0x26, 0xCB, 0x09, 0xF9, 0xB7, 0x4F, 0x4F, 0xCA, 0xF7, 0x12, 0x3E,
    0x2E, 0xCF, 0x06, 0xB9, 0x22, 0x92, 0xDA, 0xA8, 0x9F, 0x94, 0xFF, 0x54, 0x54, 0x0C, 0x63, 0x37,
    0xFA, 0x15, 0x77, 0xFC, 0x00, 0x2D, 0xE4, 0x9F, 0x5D, 0x37, 0x83, 0xD8, 0x4D, 0x22, 0xD7, 0xD2,
    0xB4, 0xB4, 0xC1, 0xD2, 0xC3, 0xAF, 0x8A, 0xA9, 0x77, 0x17, 0x0F, 0x7D, 0x9F, 0x9D, 0x8F, 0x1F,
    0xEF, 0xEF, 0x59, 0xFF, 0x93, 0xFB, 0xBC, 0x88, 0x2E, 0x41, 0xD5, 0x10, 0xDB, 0x15, 0x27, 0xAE,
    0x91, 0x22, 0xB6, 0x20, 0xD2, 0x88, 0x54, 0x44, 0x6E, 0x82, 0xB2, 0x03, 0x12, 0x71, 0x4B, 0xCB,
    0xF4, 0x83, 0x5D, 0x38, 0xB0, 0xA4, 0x33, 0x06, 0xD7, 0xCD, 0xEB, 0xB1, 0x63, 0x5E, 0x39, 0x54,
    0x2C, 0x06, 0xAD, 0x57, 0x2D, 0x77, 0x2B, 0x9A, 0x60, 0x49, 0xFE, 0x6A, 0x98, 0xD1, 0x0A, 0x76,
    0x9F, 0xD8, 0xB5, 0x44, 0xF6, 0x0E, 0xAB, 0xCB, 0x67, 0x65, 0xC9, 0xF3, 0x49, 0x99, 0xA7, 0x66,
    0xED, 0xD1, 0x81, 0xC5, 0x2F, 0x5E, 0x37, 0xD7, 0xCE, 0x63, 0xD8, 0xFC, 0x2C, 0x58, 0x9C, 0x07,
    0xB0, 0x91, 0x9E, 0xE9, 0xB6, 0xBD, 0xB5, 0x74, 0xDB, 0x56, 0x5F, 0x7F, 0x10, 0xCF, 0xDD, 0xB6,
    0x64, 0xEE, 0xB6, 0x5D, 0x9C, 0xBF, 0xFE, 0x60, 0x0B, 0x88, 0xDF, 0x71, 0xFB, 0x12, 0x2C, 0xDD,
    0x36, 0xB7, 0x78, 0xFD, 0xC1, 0x10, 0xC8, 0x63, 0x97, 0x17, 0xB0, 0x1B, 0x3B, 0x3D, 0x77, 0xDB,
    0x12, 0xBB, 0xFA, 0xFA, 0x83, 0x68, 0xE1, 0xB6, 0x1D, 0xF4, 0x6E, 0x5B, 0x99, 0x1B, 0x92, 0x37,
    0x6B, 0x20, 0x7D, 0x60, 0xFB, 0x23, 0xDC, 0x3C, 0xC1, 0x6D, 0x8B, 0x4E, 0xB9, 0x6D, 0x6B, 0xBD,
    0xDB, 0xB6, 0x0D, 0x4C, 0x17, 0x6E, 0xDB, 0xB4, 0x77, 0xDB, 0xF2, 0xE2, 0x71, 0xB7, 0x4D, 0xF5,
    0x6E, 0x1B, 0x73, 0xB7, 0x6D, 0x5A, 0x84, 0x4C, 0x92, 0xD0, 0x5C, 0x4A, 0xB6, 0x8B, 0xE5, 0x93,
    0xBD, 0x82, 0xE1, 0xF9, 0xB4, 0xC8, 0x75, 0xB9, 0xB6, 0xAC, 0xD0, 0xC7, 0x67, 0xD6, 0xA5, 0x85,
    0x7A, 0xC2, 0xCC, 0xBA, 0x91, 0xF7, 0xC1, 0xD3, 0xBC, 0xCA, 0x9D, 0x17, 0xE2, 0x9A, 0x14, 0xB6,
    0xC1, 0x11, 0x2F, 0xF2, 0xAA, 0x60, 0x08, 0x39, 0xE4, 0xFB, 0x92, 0xDD, 0x30, 0x58, 0x35, 0xCF,
    0x6E, 0xE4, 0xBB, 0xB0, 0x6E, 0xE1, 0xAE, 0x28, 0x43, 0x5A, 0x70, 0x19, 0xB6, 0xE6, 0x09, 0x0B,
    0xD6, 0xDD, 0xF2, 0x0E, 0xD6, 0x80, 0x85, 0xFD, 0x83, 0x7D, 0x29, 0x4E, 0x73, 0xFF, 0x7A, 0xBD,
    0xBE, 0x6C, 0xA8, 0xB5, 0x37, 0x3F, 0x9D, 0xF7, 0xC1, 0xCC, 0xD5, 0x03, 0x9F, 0x72, 0x28, 0x7C,
    0xA8, 0x61, 0x08, 0x75, 0x0C, 0x6B, 0x29, 0x3F, 0x15, 0xD3, 0x23, 0x7B, 0x93, 0xD8, 0x55, 0x60,
    0xB7, 0x56, 0xCC, 0x9F, 0x7E, 0x32, 0xF3, 0xF7, 0x37, 0xA0, 0x1D, 0x22, 0xAF, 0xD5, 0x3A, 0xB1,
    0x8C, 0xDB, 0xD5, 0xD7, 0x2D, 0xB8, 0x6D, 0xB8, 0xFB, 0x71, 0xAF, 0x5B, 0xD8, 0x5E, 0x19, 0xE3,
    0x18, 0xD2, 0x16, 0xA2, 0xE3, 0xE4, 0xF4, 0x9A, 0xE5, 0x98, 0x98, 0xE5, 0x90, 0xC7, 0x7E, 0x1D,
    0xCA, 0x7A, 0x6A, 0xC8, 0xE3, 0xCA, 0x20, 0xCB, 0x55, 0x03, 0xB6, 0x97, 0x19, 0x7A, 0xEF, 0x67,
    0x4F, 0x36, 0x20, 0xB6, 0xEA, 0xE1, 0x99, 0x83, 0x2C, 0xC3, 0x2A, 0x09, 0xCF, 0xCC, 0xF1, 0xC9,
    0x55, 0xF1, 0xE9, 0x2D, 0x39, 0x5D, 0x15, 0xE7, 0x37, 0x4C, 0xBD, 0x62, 0x48, 0xDE, 0xB2, 0xA8,
    0x57, 0x6A, 0x56, 0x96, 0x8F, 0x9D, 0xB4, 0x1D, 0x9D, 0x6F, 0xD2, 0xB6, 0x34, 0xBE, 0x43, 0x5D,
    0x1E, 0x37, 0xBA, 0xA7, 0x67, 0x7D, 0x25, 0x4F, 0x98, 0xF5, 0x05, 0xC0, 0xC8, 0x0B, 0x39, 0xF5,
    0x3E, 0xA5, 0x9A, 0x9D, 0xC4, 0x2E, 0xDF, 0xA7, 0x14, 0x1B, 0xBA, 0xE5, 0xFB, 0x94, 0xD6, 0x16,
    0xEF, 0x53, 0xFA, 0xCD, 0x95, 0xB7, 0x45, 0xD8, 0x20, 0x06, 0x92, 0x92, 0xD8, 0x03, 0x1D, 0x9C,
    0x3E, 0x3F, 0x47, 0x6D, 0x5E, 0x67, 0x56, 0x97, 0x89, 0x78, 0x7B, 0x85, 0xAA, 0x35, 0xCA, 0x3E,
    0x4F, 0xE4, 0x5E, 0x86, 0x66, 0x1B, 0xAA, 0x9B, 0xB0, 0xBD, 0x0F, 0x2F, 0x3B, 0xC8, 0x6A, 0xD0,
    0xCB, 0x72, 0x17, 0xA0, 0x81, 0x4D, 0x60, 0x02, 0x5F, 0x6C, 0x60, 0x54, 0x02, 0x5B, 0x6B, 0x50,
    0xE5, 0x70, 0xF3, 0xF9, 0xD3, 0xF6, 0xD7, 0xC1, 0x7E, 0xD3, 0x3B, 0x80, 0x56, 0x59, 0x4C, 0xEC,
    0xE2, 0x33, 0xDE, 0x07, 0xF5, 0x9F, 0x21, 0x75, 0xA0, 0x44, 0x6A, 0x88, 0xE7, 0x79, 0x29, 0x0F,
    0x51, 0x0B, 0x67, 0xBD, 0xA7, 0xCE, 0xBB, 0xDC, 0xE5, 0xB5, 0x3C, 0xDC, 0xEE, 0x47, 0x1A, 0xA0,
    0xEA, 0xA7, 0x51, 0xF6, 0x22, 0x91, 0xBB, 0x04, 0xED, 0x4B, 0x50, 0x5D, 0x81, 0xC1, 0x0E, 0x6C,
    0xDE, 0x5E, 0xDC, 0xAA, 0x0E, 0x92, 0x14, 0x90, 0x02, 0x6B, 0xC0, 0xCB, 0x8B, 0x32, 0xB8, 0x45,
    0x19, 0xD2, 0x77, 0x6B, 0x71, 0xF0, 0xFB, 0x21, 0xB8, 0x57, 0xAF, 0xB2, 0x58, 0x3E, 0xC3, 0x37,
    0x76, 0x7C, 0xDD, 0xB0, 0x99, 0x15, 0x72, 0x2C, 0x62, 0x6F, 0xAC, 0xEE, 0x8B, 0x50, 0x8E, 0x2C,
    0x94, 0x23, 0x2D, 0xD2, 0x32, 0x25, 0x31, 0x6B, 0x28, 0x7B, 0x99, 0xC8, 0x6D, 0x40, 0xB3, 0x05,
    0x77, 0x77, 0xE6, 0xF7, 0x8B, 0x07, 0x76, 0x59, 0x8E, 0xC5, 0x7E, 0x58, 0x29, 0x47, 0xB5, 0x52,
    0x8E, 0x27, 0xB5, 0xA1, 0x9F, 0xDF, 0xBB, 0x30, 0xCE, 0x6E, 0x43, 0x3F, 0xD9, 0xA4, 0xD4, 0x69,
    0x3F, 0x64, 0x65, 0x7D, 0x75, 0xC8, 0x4A, 0x19, 0x84, 0xF3, 0xCA, 0x7A, 0x03, 0x53, 0x0F, 0xE4,
    0x40, 0x7A, 0xF2, 0xA6, 0xEC, 0xD4, 0x77, 0xEB, 0x76, 0xA2, 0xEC, 0x86, 0xB2, 0x97, 0x94, 0xE5,
    0xAC, 0x55, 0xD2, 0x4B, 0xF2, 0x0C, 0x12, 0x50, 0xCB, 0x35, 0xAE, 0xEF, 0x1C, 0x0F, 0x3B, 0x8D,
    0xCD, 0x3E, 0x27, 0x96, 0x9F, 0xE6, 0x3B, 0x2A, 0xC4, 0x2F, 0x84, 0x5C, 0xD4, 0x89, 0x6F, 0xB8,
    0x62, 0x44, 0xF3, 0x59, 0x4C, 0x67, 0x3D, 0xF8, 0x94, 0x03, 0x86, 0xD6, 0x3F, 0x84, 0x03, 0x0F,
    0xA8, 0x85, 0xA4, 0xC0, 0x0C, 0xA8, 0xCE, 0x3F, 0x88, 0xC8, 0x2F, 0x2B, 0x3D, 0x25, 0x9E, 0x11,
    0xB5, 0x8C, 0xBC, 0x5A, 0xBE, 0x91, 0xA6, 0x65, 0x7F, 0xF1, 0x46, 0x9A, 0x91, 0x2A, 0x21, 0xFF,
    0x0A, 0xA0, 0xFF, 0x3B, 0x90, 0xB4, 0xCB, 0x8B, 0xD1, 0xA8, 0x03, 0xD4, 0xFD, 0xE3, 0x17, 0xB7,
    0x2D, 0xDF, 0xD9, 0xB6, 0x78, 0x23, 0x0D, 0x2D, 0x59, 0x1D, 0xCF, 0x8A, 0x69, 0x97, 0x7A, 0x03,
    0x70, 0x8C, 0x58, 0x30, 0x2D, 0x81, 0x11, 0xA3, 0xEE, 0xA0, 0x59, 0x6F, 0xB2, 0x5B, 0xF3, 0x69,
    0xE8, 0x1B, 0x30, 0xD9, 0x81, 0xBC, 0x6F, 0x08, 0x57, 0x1E, 0xD8, 0x54, 0x60, 0x46, 0xA8, 0x50,
    0x89, 0x59, 0x9D, 0x3D, 0x5C, 0x3C, 0xB0, 0x79, 0x66, 0x21, 0x1B, 0x90, 0xB6, 0x90, 0xD8, 0xC7,
    0x5E, 0xA8, 0xB3, 0xFA, 0xBC, 0x69, 0x6D, 0xF5, 0x79, 0x93, 0xF6, 0x92, 0x3E, 0xEE, 0x1E, 0x7B,
    0xDE, 0x54, 0xC2, 0x4E, 0x5A, 0x43, 0xDD, 0x9B, 0x1F, 0xAF, 0xBE, 0x50, 0x27, 0xF8, 0xF1, 0x6E,
    0xBD, 0xD1, 0xB5, 0xB2, 0x8B, 0xC9, 0xE7, 0xBB, 0x2F, 0xC1, 0x68, 0x5F, 0x34, 0x19, 0xB2, 0x06,
    0xFE, 0xFF, 0x16, 0x76, 0xEE, 0x81, 0xC9, 0xC5, 0x4A, 0x13, 0xAC, 0xEC, 0x27, 0x9F, 0xFF, 0x1F,
    0xC5, 0xD9, 0x01, 0x84, 0x25, 0x79, 0x7E, 0xC0, 0xF1, 0x4F, 0xD5, 0xFF, 0x4C, 0xED, 0x6D, 0x65,
    0xBB, 0x06, 0x11, 0xC7, 0xEC, 0xEC, 0x3B, 0x2C, 0x36, 0xCC, 0xCC, 0x5B, 0x4C, 0xA2, 0x97, 0xF7,
    0xBA, 0x2B, 0x59, 0xB2, 0x38, 0xDC, 0x8A, 0xDB, 0x04, 0xCB, 0xCD, 0x02, 0x88, 0xCD, 0x4D, 0x63,
    0xB1, 0x78, 0xBB, 0x53, 0x49, 0x10, 0x80, 0x81, 0xBB, 0xC5, 0xE1, 0x06, 0x00, 0x44, 0x93, 0x45,
    0x73, 0x6F, 0x77, 0x2B, 0x00, 0x01, 0xB5, 0x71, 0x07, 0x82, 0x54, 0x62, 0x37, 0x87, 0x93, 0xDD,
    0x12, 0xB5, 0xBC, 0xB1, 0x6F, 0xBA, 0x52, 0xB5, 0xFD, 0xFA, 0xE5, 0x25, 0x3D, 0x63, 0xA7, 0x5B,
    0x77, 0x9F, 0xEA, 0xDF, 0xDF, 0x7B, 0xF5, 0xFE, 0xF5, 0xDE, 0xF7, 0xFB, 0xFF, 0xFF, 0x7E, 0xBF,
    0xF7, 0x4A, 0xD3, 0x20, 0x6E, 0x11, 0x16, 0x48, 0x66, 0x48, 0xA7, 0x78, 0x6E, 0x8C, 0xE7, 0xB3,
    0x9C, 0xED, 0xAC, 0xE0, 0x76, 0x52, 0xB2, 0x1F, 0x2A, 0xEA, 0xD0, 0x88, 0xBA, 0xAE, 0x11, 0x97,
    0x16, 0x42, 0x6E, 0x2E, 0x65, 0x2A, 0x63, 0xD7, 0xDD, 0xD7, 0xA3, 0x4F, 0xEE, 0x77, 0x4D, 0xE8,
    0x1A, 0x00, 0xA8, 0x11, 0x35, 0x50, 0x93, 0x1C, 0xE6, 0xE3, 0x9F, 0x57, 0x3B, 0x71, 0x73, 0x33,
    0x6A, 0x7C, 0xF3, 0x97, 0x76, 0xCD, 0xEE, 0x5F, 0x34, 0xCB, 0xA8, 0x59, 0x44, 0x4D, 0x1B, 0x37,
    0x8B, 0xD0, 0xBC, 0xFF, 0xF6, 0x62, 0x54, 0x1F, 0xC2, 0x3E, 0xAD, 0x61, 0x04, 0xC9, 0x02, 0x5B,
    0x3F, 0x86, 0x0C, 0x3E, 0x82, 0x1A, 0x2A, 0x70, 0xFC, 0x39, 0xF1, 0x02, 0x61, 0x89, 0xE4, 0x3D,
    0x64, 0x3B, 0xC7, 0x42, 0x37, 0x46, 0xDF, 0x08, 0x95, 0xBC, 0x93, 0x7E, 0x23, 0x54, 0xAF, 0x85,
    0x5A, 0xA1, 0x8C, 0xD6, 0x42, 0xDE, 0x3B, 0x29, 0x24, 0x7E, 0x24, 0xDC, 0x21, 0xE3, 0x3D, 0xF6,
    0x79, 0x8B, 0xA7, 0xF4, 0xF9, 0xEB, 0x95, 0xCF, 0x2D, 0x3C, 0x78, 0x77, 0x60, 0xAB, 0xC9, 0xFE,
    0x01, 0x37, 0x92, 0x02, 0x00, 0xB4, 0x27, 0xF1, 0xD3, 0x5D, 0x6C, 0x1D, 0xED, 0x47, 0x71, 0x8C,
    0x9F, 0x54, 0x27, 0xF1, 0x2D, 0xD7, 0xF8, 0x3B, 0x27, 0xF1, 0x47, 0x98, 0xB0, 0xDC, 0x13, 0x7F,
    0x41, 0xF2, 0x5A, 0xE1, 0x19, 0xB9, 0x95, 0x82, 0xDE, 0x41, 0x2F, 0x61, 0xB0, 0xB0, 0x8A, 0x5E,
    0x44, 0x6F, 0xA2, 0x57, 0xD1, 0xBB, 0xE8, 0x65, 0xF4, 0x36, 0xFA, 0xED, 0x31, 0xF8, 0xA4, 0x05,
    0xE2, 0xF2, 0x01, 0xFE, 0x71, 0xE9, 0x92, 0x85, 0x5A, 0x4C, 0xB0, 0xB5, 0x8B, 0x5F, 0x16, 0xA2,
    0x4F, 0x6B, 0x91, 0xAB, 0x20, 0xEA, 0xEE, 0x4B, 0xFF, 0xB3, 0x95, 0x15, 0x73, 0x69, 0x3E, 0xC3,
    0x51, 0xC4, 0xDD, 0x52, 0xF6, 0xEB, 0xB9, 0x5D, 0x33, 0x3B, 0x66, 0xA6, 0xE6, 0x76, 0x2C, 0x8D,
    0x7E, 0xBE, 0x23, 0x59, 0xEC, 0x16, 0x80, 0x81, 0x42, 0xB4, 0x07, 0x7B, 0xC4, 0x5F, 0x95, 0x24,
    0x4B, 0xBC, 0x90, 0xE1, 0xC5, 0xE8, 0xD4, 0x6A, 0xE9, 0x63, 0xD4, 0xA2, 0x41, 0xCD, 0x52, 0xCA,
    0xC7, 0x32, 0xEE, 0x0D, 0x6A, 0xDD, 0x3A, 0xD5, 0xC4, 0xAD, 0xE8, 0x6D, 0x5E, 0xB2, 0x7C, 0x10,
    0x7F, 0x31, 0xEC, 0xD6, 0xB0, 0x59, 0xA7, 0xAA, 0x9E, 0xB4, 0x28, 0x19, 0x77, 0x05, 0x2F, 0xDF,
    0x82, 0x07, 0xC7, 0xA0, 0xD9, 0x8F, 0xF1, 0x52, 0xB8, 0x9C, 0x6D, 0x0A, 0x55, 0x95, 0x75, 0xE5,
    0xEF, 0x5D, 0xCB, 0x61, 0xE9, 0x8C, 0x2E, 0x51, 0xB3, 0x86, 0x7F, 0xE1, 0x24, 0xFC, 0xE5, 0x37,
    0x31, 0x0B, 0xF1, 0xA1, 0xE4, 0x07, 0xF9, 0x77, 0xA3, 0xC2, 0xD9, 0x7B, 0xDA, 0x18, 0x26, 0x50,
    0x1B, 0xAC, 0x72, 0x46, 0x1D, 0x92, 0x85, 0x4B, 0xD9, 0x1C, 0x19, 0xD7, 0xB9, 0x2D, 0x8B, 0xCB,
    0xA4, 0xCB, 0xA3, 0x43, 0x40, 0x7A, 0xEC, 0x73, 0xFD, 0x5B, 0x7D, 0x32, 0x48, 0x4A, 0xA8, 0x7E,
    0x27, 0x0E, 0x49, 0x29, 0xAA, 0xD9, 0x3B, 0xBB, 0x03, 0x10, 0x5A, 0xC4, 0x6F, 0x1B, 0x68, 0x60,
    0x1F, 0x2F, 0xFE, 0x79, 0xCE, 0xF5, 0x14, 0xE9, 0xA3, 0x93, 0x36, 0xD1, 0x72, 0x6D, 0xF3, 0xFE,
    0xDA, 0x66, 0x94, 0xAF, 0x6C, 0x26, 0x83, 0xCD, 0xED, 0xFF, 0xB5, 0x89, 0x57, 0x36, 0xF1, 0xDA,
    0x26, 0x71, 0xD2, 0x06, 0x5A, 0xDE, 0x1E, 0x20, 0xEC, 0xD9, 0x8A, 0xCA, 0xF4, 0xB5, 0x22, 0x3E,
    0x83, 0xD3, 0xAA, 0xFA, 0xCB, 0xE3, 0xEA, 0xB7, 0xDA, 0x9C, 0xB5, 0xCE, 0x25, 0x55, 0xFF, 0xFD,
    0xAC, 0x2B, 0x9F, 0x4B, 0x73, 0xCE, 0xEE, 0xE2, 0x6A, 0x84, 0xED, 0x80, 0x9B, 0xCF, 0x22, 0x5D,
    0x38, 0x45, 0xF5, 0x8F, 0xD6, 0xD5, 0x9F, 0x9E, 0xAC, 0xFE, 0x22, 0x5A, 0xAC, 0xDB, 0xF0, 0x47,
    0xB6, 0x8E, 0xDB, 0xF0, 0xB7, 0x54, 0xFF, 0x60, 0xF2, 0x6A, 0x11, 0xBA, 0xD3, 0x9B, 0x6C, 0x54,
    0xFF, 0xBD, 0xAE, 0xAB, 0xAF, 0x7D, 0xFE, 0x97, 0x75, 0xA8, 0xA2, 0x3E, 0x0C, 0xF1, 0x7A, 0x1F,
    0xD6, 0xD1, 0x1D, 0x0A, 0x9F, 0xFF, 0x48, 0xA8, 0x6C, 0xC6, 0xD5, 0x3E, 0x5E, 0xEE, 0x63, 0x2F,
    0xAD, 0xA2, 0xE6, 0x5E, 0xB7, 0x41, 0x99, 0x22, 0xCB, 0x49, 0x89, 0x0F, 0x8D, 0xDE, 0x2C, 0x27,
    0x71, 0x3D, 0xEB, 0x11, 0xB4, 0xAD, 0xB6, 0xEB, 0xDA, 0x87, 0x6F, 0xBC, 0xDE, 0x72, 0xC0, 0x8C,
    0xA9, 0x97, 0x47, 0x3F, 0xAB, 0xE3, 0x2E, 0xDF, 0x24, 0x02, 0xA3, 0x9A, 0x57, 0xDE, 0xC5, 0x84,
    0xB8, 0x25, 0x14, 0x84, 0x1C, 0x36, 0x88, 0x3D, 0x81, 0xB8, 0x7B, 0x3A, 0xE2, 0x93, 0xBF, 0xA4,
    0xEE, 0xF3, 0x54, 0xD4, 0xDF, 0x1F, 0xFD, 0xAC, 0x5A, 0x51, 0xEB, 0x82, 0xF8, 0x5F, 0xBF, 0x10,
    0xFF, 0xC9, 0x12, 0x36, 0x08, 0xDF, 0xDC, 0x5C, 0xD3, 0xFB, 0xFF, 0x97, 0xF0, 0xD1, 0x53, 0x11,
    0x46, 0x64, 0xF5, 0x83, 0x57, 0x0E, 0xAB, 0xEF, 0x8F, 0x0B, 0x38, 0xE5, 0x8A, 0x36, 0xAE, 0xFC,
    0x69, 0x69, 0xF4, 0x1B, 0xA6, 0x2D, 0xF5, 0x0D, 0x78, 0xFC, 0x0A, 0x9E, 0x79, 0xCF, 0x6F, 0xB2,
    0x6D, 0x51, 0x87, 0xFF, 0x92, 0x26, 0xF9, 0x77, 0xE4, 0xA7, 0x42, 0xBC, 0x89, 0xEC, 0x4A, 0x2E,
    0xFC, 0xA2, 0x5E, 0x21, 0x5E, 0x3F, 0x77, 0xC4, 0x09, 0xB6, 0x10, 0x7E, 0x58, 0xB0, 0x53, 0xB1,
    0xFF, 0x21, 0x3D, 0x29, 0x18, 0xD7, 0xA2, 0xAF, 0xE6, 0x42, 0x79, 0x4B, 0x52, 0x8E, 0x64, 0x45,
    0x96, 0x7F, 0x73, 0x74, 0x5D, 0x9E, 0xFD, 0xF4, 0x8D, 0xA3, 0x2C, 0x2E, 0x48, 0x4A, 0x42, 0x15,
    0x44, 0x0F, 0x7F, 0xC2, 0xB8, 0x05, 0x8C, 0x73, 0xFE, 0xA0, 0x24, 0x2A, 0x65, 0xFF, 0xCC, 0xB8,
    0xE6, 0x9D, 0x77, 0x29, 0x9E, 0x39, 0xE6, 0x2F, 0x7B, 0xFE, 0x32, 0x54, 0x51, 0x1F, 0x86, 0x28,
    0x9E, 0x92, 0x7F, 0xAF, 0x8F, 0xFD, 0xCD, 0xB2, 0x8A, 0x5A, 0xD1, 0xD0, 0x89, 0x2D, 0xDF, 0x0A,
    0x5F, 0xEA, 0x4B, 0xFE, 0x78, 0xA1, 0xF3, 0xD1, 0x07, 0xF5, 0x54, 0x33, 0x73, 0x70, 0x60, 0xDE,
    0x9A, 0x75, 0xDD, 0xF2, 0xE1, 0x1B, 0x3F, 0x5A, 0x2F, 0xF4, 0x8E, 0x17, 0xB3, 0x9F, 0x36, 0x71,
    0x57, 0x98, 0x3E, 0x4B, 0xF7, 0x88, 0x7F, 0x3A, 0xE0, 0x4A, 0xCE, 0xA8, 0x66, 0xF2, 0x21, 0xF5,
    0xF3, 0xE7, 0xBE, 0xE0, 0xC9, 0xFD, 0x32, 0xEB, 0xCA, 0xEF, 0x8D, 0xC0, 0xC2, 0xD9, 0x32, 0x43,
    0x56, 0x30, 0xAA, 0xD8, 0x3E, 0x99, 0xB8, 0x17, 0xD5, 0xAC, 0x06, 0xD8, 0x47, 0xD2, 0x1F, 0x78,
    0x26, 0xCA, 0x9D, 0xBD, 0x77, 0x8D, 0xEA, 0xBE, 0x6D, 0x4D, 0xE2, 0x36, 0x14, 0x21, 0xA7, 0x5B,
    0xDE, 0xF9, 0x2C, 0x2D, 0x93, 0x27, 0x1C, 0x69, 0x79, 0xE7, 0xB3, 0x6E, 0xC9, 0xB8, 0xFA, 0xA3,
    0x46, 0x13, 0xAA, 0x44, 0x84, 0x4F, 0xCA, 0x51, 0x99, 0x3E, 0x61, 0xEE, 0xD3, 0xBD, 0x1F, 0xA1,
    0x48, 0xCA, 0x50, 0xA4, 0xB2, 0x3C, 0x05, 0x5D, 0x7E, 0x37, 0xCF, 0x4E, 0x1E, 0xC5, 0xDD, 0x5F,
    0x1D, 0xCD, 0x5F, 0xCD, 0xBC, 0xBB, 0x10, 0xBE, 0xBA, 0x5B, 0x64, 0x79, 0x5C, 0xEF, 0xD0, 0x4E,
    0x98, 0xCD, 0x99, 0x2C, 0x98, 0xB6, 0x47, 0xB1, 0xB3, 0x8A, 0xE9, 0x70, 0x6E, 0x78, 0x6D, 0x98,
    0x73, 0x8B, 0x76, 0xB8, 0x66, 0xB8, 0x76, 0x78, 0x0F, 0x10, 0x8E, 0x2B, 0xA7, 0x10, 0x77, 0x47,
    0x99, 0xDA, 0xCE, 0xCD, 0x16, 0x26, 0xAD, 0xE9, 0xFA, 0xAF, 0x7F, 0x3A, 0x33, 0x9B, 0x6A, 0xFB,
    0x09, 0xAB, 0xB5, 0xDC, 0x66, 0x66, 0x18, 0x61, 0xDC, 0x70, 0x7B, 0xF6, 0xD8, 0xEF, 0x01, 0x03,
    0xED, 0xE7, 0x83, 0x57, 0xA8, 0x76, 0x68, 0x26, 0x1C, 0xCC, 0x99, 0x2D, 0x98, 0x0C, 0x84, 0x9B,
    0x31, 0x9C, 0x1B, 0x5E, 0x1B, 0xE6, 0x0C, 0x73, 0x87, 0x6B, 0x7A, 0xDA, 0x7C, 0x45, 0x1B, 0x75,
    0xE2, 0x0F, 0x0A, 0xA1, 0x34, 0xCE, 0x6D, 0x73, 0x1B, 0xA7, 0xA3, 0x7E, 0x0B, 0xB5, 0x2B, 0x7F,
    0x57, 0xCA, 0xFE, 0x7D, 0x55, 0x5B, 0xD7, 0xE1, 0x9C, 0x49, 0x37, 0x6E, 0x9E, 0xBF, 0x24, 0x79,
    0xB5, 0x30, 0x94, 0xD6, 0x8A, 0x56, 0x4F, 0x63, 0xAA, 0xD5, 0x03, 0xEB, 0x11, 0xB5, 0xA6, 0x9B,
    0x31, 0x9C, 0xD3, 0x73, 0x0F, 0xCF, 0x86, 0xB9, 0xC3, 0x35, 0xBE, 0x87, 0x17, 0x90, 0xFC, 0x59,
    0x21, 0xFA, 0x61, 0x7D, 0x61, 0xEC, 0x07, 0x98, 0xE0, 0xD9, 0x5D, 0xFC, 0xB2, 0x14, 0x55, 0xEB,
    0xFB, 0x64, 0x3E, 0xA9, 0x24, 0x9F, 0x2F, 0x64, 0xF9, 0xD4, 0xD8, 0xC8, 0x8E, 0xCC, 0x54, 0x96,
    0x6F, 0xC6, 0x70, 0x6E, 0x64, 0x34, 0x3C, 0x1B, 0xE6, 0x0E, 0xD7, 0x9C, 0x6C, 0xC4, 0x57, 0x5E,
    0xCB, 0x65, 0xBF, 0x66, 0xDA, 0xF0, 0xE1, 0x36, 0xC5, 0x33, 0xE7, 0xEA, 0xF0, 0xFF, 0x6F, 0x88,
    0xBF, 0x94, 0xAC, 0x9A, 0xF1, 0x69, 0x92, 0x65, 0x7A, 0x85, 0xEE, 0x11, 0xE5, 0xD0, 0x8C, 0x0B,
    0xB2, 0x8B, 0x5B, 0xF4, 0x50, 0xDD, 0xDF, 0xBC, 0xEB, 0x3D, 0x23, 0x70, 0x5A, 0x92, 0x35, 0x4C,
    0xDE, 0xDD, 0x84, 0xBC, 0xB0, 0x6E, 0x61, 0x2E, 0x3A, 0x14, 0xFE, 0xBE, 0xF8, 0xAE, 0x82, 0x33,
    0x37, 0x8F, 0x39, 0xB4, 0x08, 0x15, 0x52, 0x00, 0xC4, 0xA5, 0xBB, 0x0F, 0x43, 0xD5, 0x2F, 0xF0,
    0xDF, 0x56, 0x59, 0x1E, 0xFE, 0xBB, 0xBC, 0x45, 0x67, 0xC2, 0xDC, 0xB0, 0x90, 0x06, 0x58, 0xED,
    0xC9, 0xC1, 0x82, 0xC9, 0xD1, 0x94, 0x61, 0xB1, 0xED, 0xD0, 0x18, 0x96, 0xDB, 0xB0, 0xDE, 0x8E,
    0x5C, 0x92, 0x8A, 0xAC, 0xE0, 0x05, 0xDC, 0x96, 0x13, 0x35, 0x43, 0xC4, 0x5D, 0xD1, 0x8C, 0x3E,
    0x68, 0xAA, 0xA9, 0xAE, 0x98, 0x79, 0xDF, 0xC2, 0xF4, 0xA9, 0xCA, 0xD3, 0x12, 0x76, 0x20, 0x5B,
    0xB1, 0x5F, 0x8A, 0x47, 0x5A, 0x12, 0xD7, 0xD8, 0xC7, 0x8D, 0x73, 0xF0, 0x00, 0xA3, 0x1A, 0xAF,
    0x1C, 0xC0, 0x04, 0xD1, 0x7A, 0x7B, 0x42, 0x8E, 0xE8, 0x42, 0x8D, 0x20, 0xEA, 0x0C, 0x8D, 0x9E,
    0x50, 0x32, 0xCE, 0xD9, 0xC6, 0x6D, 0xF5, 0x86, 0x59, 0x7D, 0x6A, 0xB3, 0xAB, 0x88, 0x0E, 0x03,
    0xE1, 0x17, 0x5F, 0x12, 0xA2, 0xE5, 0x25, 0x65, 0x1A, 0xB2, 0x66, 0xCF, 0xF5, 0x8F, 0x1B, 0xBF,
    0x3F, 0x2A, 0xCF, 0x63, 0x87, 0x2E, 0x1A, 0x97, 0x50, 0x20, 0x29, 0x8F, 0x1F, 0x39, 0xA7, 0xC4,
    0xDA, 0xC6, 0x0C, 0xDB, 0x74, 0x87, 0xA1, 0x2B, 0xEF, 0xB4, 0xD1, 0xC7, 0x79, 0x52, 0x9A, 0x38,
    0xE3, 0x10, 0xAA, 0x61, 0x68, 0xB4, 0x1C, 0xBE, 0x59, 0x73, 0xED, 0xF0, 0xF1, 0xB7, 0xE0, 0xBB,
    0xD5, 0x6E, 0x75, 0xAD, 0x3F, 0xC2, 0xB7, 0x1D, 0x75, 0x52, 0xC5, 0x4D, 0x5A, 0x7B, 0xF8, 0x57,
    0xAD, 0xDD, 0x7F, 0x39, 0x04, 0x71, 0x49, 0xA8, 0x36, 0x6A, 0x3A, 0x59, 0xE2, 0xD9, 0x3B, 0x4F,
    0xFE, 0xBF, 0x82, 0x6E, 0x39, 0xD8, 0x7D, 0x76, 0x51, 0x76, 0x69, 0xCB, 0xF5, 0x19, 0x26, 0x44,
    0x2D, 0x71, 0x41, 0x94, 0xE3, 0xD8, 0x74, 0x74, 0x06, 0xD3, 0x31, 0xCC, 0xA0, 0xB1, 0x21, 0x0B,
    0xFB, 0xDD, 0x32, 0x59, 0xB6, 0xBD, 0xCF, 0xFC, 0x9D, 0x01, 0x6C, 0xAF, 0x1F, 0x76, 0xAA, 0x7E,
    0x98, 0x9E, 0x87, 0xCF, 0x14, 0x0E, 0x10, 0xD5, 0x08, 0x79, 0x94, 0xAF, 0xBB, 0x4D, 0x35, 0xD8,
    0x0C, 0x1B, 0xF7, 0x69, 0xD9, 0x13, 0xFF, 0x56, 0x3F, 0xB4, 0x06, 0xFA, 0x27, 0x0F, 0x83, 0x97,
    0x41, 0x4C, 0x6F, 0xF6, 0x90, 0xDD, 0xFF, 0xE8, 0x18, 0x43, 0x9A, 0x23, 0x94, 0xF0, 0xE0, 0x92,
    0xDC, 0xE6, 0xB0, 0x03, 0x29, 0xC4, 0xE5, 0x05, 0xB8, 0x3D, 0x36, 0x23, 0x7F, 0x02, 0x2D, 0x54,
    0x90, 0x0F, 0x96, 0xE1, 0xA2, 0x2C, 0xD7, 0x29, 0x39, 0xE4, 0xE4, 0xE6, 0x57, 0x46, 0x5C, 0x20,
    0xCA, 0x43, 0x79, 0xEC, 0xFB, 0xE9, 0x90, 0x9A, 0xE7, 0xE1, 0x3B, 0xAE, 0x4A, 0xFE, 0xF8, 0xEB,
    0x92, 0xD7, 0x77, 0x2F, 0x2B, 0x4F, 0xE1, 0x93, 0x57, 0x73, 0x7E, 0xDB, 0x11, 0x15, 0x1F, 0x5D,
    0xC4, 0x5E, 0x0E, 0x0A, 0x87, 0xC3, 0x46, 0xB5, 0x17, 0xA2, 0x70, 0xB2, 0x31, 0xE2, 0x62, 0x3C,
    0x88, 0x8F, 0xB6, 0xFD, 0xF8, 0xD1, 0x47, 0x18, 0x23, 0xCD, 0x37, 0x9B, 0x8B, 0x6E, 0x99, 0x75,
    0xF7, 0x7E, 0x75, 0xE5, 0x51, 0x56, 0x6A, 0x92, 0x4A, 0x15, 0x9A, 0x50, 0x44, 0x6D, 0xC2, 0xFC,
    0x39, 0xA6, 0x37, 0x18, 0xBF, 0x4C, 0x56, 0x93, 0x94, 0x8F, 0x8F, 0x3B, 0x5F, 0xD1, 0x75, 0xB4,
    0x98, 0x61, 0x0B, 0x11, 0xD0, 0x35, 0xBB, 0xCD, 0xBD, 0x6A, 0x54, 0x65, 0x45, 0x9A, 0xA7, 0x45,
    0x2A, 0x29, 0xB7, 0x84, 0xEA, 0xBA, 0xA8, 0xB9, 0x41, 0xBB, 0xCD, 0xC1, 0x1E, 0xB3, 0x7D, 0xA6,
    0x35, 0xA3, 0x92, 0xAC, 0x3C, 0xE2, 0xCB, 0xB0, 0x85, 0x29, 0xE6, 0x5C, 0x6B, 0xD8, 0x2D, 0xCE,
    0x91, 0x95, 0x13, 0xBF, 0xA6, 0x7B, 0xD6, 0x45, 0xCF, 0x5A, 0x67, 0x45, 0x52, 0xA6, 0x65, 0x9A,
    0x87, 0x2A, 0x13, 0xD7, 0x5B, 0xA2, 0xE6, 0x26, 0x8B, 0x09, 0xB3, 0x6D, 0xA6, 0xFB, 0xDC, 0x6A,
    0xC8, 0x2A, 0xD2, 0x92, 0xE4, 0x98, 0x37, 0xE5, 0x56, 0x96, 0x9B, 0xA7, 0xAE, 0xB5, 0x47, 0xAC,
    0x60, 0xD4, 0xF0, 0x87, 0x1B, 0xDF, 0x13, 0xA1, 0x20, 0x2E, 0xBE, 0x7D, 0xDD, 0x77, 0x4E, 0xE9,
    0xB2, 0xF9, 0x39, 0x71, 0x43, 0xC8, 0x89, 0x81, 0x7B, 0x8B, 0xF1, 0x62, 0x54, 0xA7, 0x75, 0x5A,
    0x86, 0x21, 0xA7, 0xF2, 0xB8, 0x4E, 0x44, 0x4D, 0x46, 0xFB, 0x1C, 0xB3, 0xE7, 0x99, 0xBE, 0xC4,
    0xAD, 0xDB, 0x64, 0x7B, 0xAB, 0xCF, 0xAB, 0x08, 0x47, 0x6B, 0x22, 0x45, 0x86, 0x29, 0x57, 0x16,
    0x8C, 0xEF, 0xE3, 0x3B, 0xB8, 0xF7, 0x37, 0xA5, 0xDF, 0x7C, 0x9D, 0x2B, 0x3E, 0x3E, 0xFF, 0x3C,
    0xBA, 0x8A, 0xC3, 0x44, 0xF8, 0xB7, 0x2F, 0xC4, 0xD1, 0x12, 0x17, 0x93, 0x4B, 0xFF, 0x03, 0x95,
    0x96, 0x01, 0x84, 0x24, 0xD9, 0x19, 0xC7, 0x7F, 0x55, 0x95, 0x6C, 0x91, 0x9A, 0x99, 0x37, 0xC8,
    0xDA, 0x65, 0xA7, 0xBB, 0x01, 0x8E, 0xF4, 0x4C, 0x77, 0xA2, 0x4F, 0x3A, 0x54, 0x6D, 0xBF, 0xDB,
    0xC5, 0x21, 0xC8, 0x84, 0x8C, 0x84, 0x15, 0x09, 0x10, 0xC0, 0x36, 0x9A, 0x0C, 0x6A, 0x67, 0x8A,
    0x00, 0xC0, 0x82, 0x00, 0x08, 0x04, 0x80, 0xC6, 0x60, 0xD8, 0xB5, 0xFD, 0xCE, 0x88, 0xC3, 0x21,
    0x05, 0xB7, 0x41, 0xA0, 0xB0, 0x87, 0x20, 0xF2, 0x22, 0x85, 0x5E, 0xD7, 0x33, 0x2F, 0x5F, 0x57,
    0x77, 0xE9, 0x36, 0xB3, 0x3B, 0x3D, 0xF7, 0xBE, 0xFF, 0xF7, 0xBE, 0xEF, 0xFD, 0xEB, 0x7B, 0xDF,
    0xFB, 0xD3, 0xA5, 0xFA, 0xED, 0x76, 0x6F, 0x0E, 0xE8, 0x76, 0xF7, 0xF2, 0x48, 0x2B, 0xF3, 0xD3,
    0x61, 0xC0, 0xED, 0x06, 0x21, 0x9E, 0x71, 0xC5, 0x5B, 0xF3, 0x25, 0x66, 0x83, 0x69, 0x60, 0x8B,
    0x1E, 0x13, 0xFB, 0xE9, 0x70, 0xAB, 0xCB, 0x26, 0x03, 0xDC, 0xEC, 0xE8, 0x57, 0xF5, 0x8C, 0x73,
    0xEE, 0xE8, 0xE8, 0x88, 0x45, 0x66, 0x24, 0xD5, 0xC0, 0x72, 0xB9, 0x64, 0x3E, 0x4A, 0xFE, 0xCF,
    0x7C, 0x57, 0x03, 0x9C, 0x1C, 0x2C, 0x27, 0xD7, 0x09, 0x51, 0x7F, 0x68, 0xAF, 0xDC, 0x49, 0x47,
    0x0F, 0x4C, 0xC7, 0x84, 0x26, 0xD4, 0x4D, 0x46, 0xC0, 0xF5, 0xF5, 0x89, 0xBB, 0x2A, 0x47, 0x49,
    0x04, 0x10, 0x3E, 0x31, 0xED, 0x1D, 0x86, 0x7B, 0xD8, 0x98, 0xAB, 0x41, 0xE6, 0x06, 0xE6, 0xA4,
    0x95, 0x75, 0x7E, 0x9E, 0x0F, 0xFE, 0x6E, 0x3B, 0x5F, 0xD9, 0xF0, 0x0B, 0x1B, 0x7E, 0x96, 0x37,
    0xC3, 0x6C, 0xD4, 0x00, 0xF8, 0x18, 0x2F, 0x5B, 0x64, 0xA3, 0x6C, 0x2F, 0x13, 0x84, 0xD9, 0x57,
    0x5A, 0xDA, 0x02, 0x7E, 0x8E, 0xB7, 0x80, 0x01, 0xC3, 0xE1, 0x17, 0xDA, 0x39, 0xF3, 0xF2, 0x6F,
    0x99, 0x30, 0x7E, 0x51, 0xA1, 0x7E, 0x2A, 0xE0, 0x83, 0xD0, 0x52, 0xB6, 0x6C, 0x82, 0xE1, 0xAF,
    0x6F, 0x33, 0xE9, 0xA0, 0x73, 0x3D, 0xDF, 0x6B, 0x21, 0x5F, 0x55, 0x0A, 0xB3, 0xA8, 0xFC, 0xE6,
    0xAD, 0xB9, 0xFA, 0x8F, 0xC1, 0xC0, 0x7C, 0x57, 0x45, 0xBE, 0xA4, 0x53, 0x4C, 0xA6, 0x6E, 0x36,
    0xB7, 0xC9, 0xB4, 0x53, 0x40, 0xCE, 0x25, 0x2E, 0x77, 0x97, 0x6E, 0xEA, 0xB2, 0x29, 0x19, 0xE7,
    0xB3, 0xF3, 0x73, 0xBF, 0x98, 0x05, 0x56, 0x66, 0x41, 0x94, 0x49, 0xAA, 0x4C, 0x95, 0xC9, 0x23,
    0x18, 0x4C, 0x3F, 0x3D, 0xBC, 0xD3, 0xFB, 0x80, 0xB3, 0xF7, 0x87, 0x6C, 0x2E, 0x95, 0xBA, 0xDA,
    0x02, 0x6E, 0x33, 0x0F, 0x70, 0xE5, 0xD7, 0x87, 0x06, 0x23, 0xF1, 0xC1, 0xE1, 0x6D, 0xB5, 0x3E,
    0x30, 0x59, 0x9E, 0x3F, 0xB1, 0x0F, 0xF4, 0xED, 0xB5, 0x51, 0x49, 0x03, 0xE0, 0xF1, 0x0B, 0x62,
    0x80, 0xD7, 0x2D, 0x46, 0x00, 0x53, 0xA5, 0x2D, 0x40, 0xA9, 0x3E, 0xCB, 0x17, 0xF1, 0xA9, 0x59,
    0xF0, 0x9F, 0x6B, 0x80, 0xF3, 0x96, 0x8A, 0x4A, 0xEF, 0x8A, 0xE4, 0x71, 0x23, 0x49, 0xC2, 0x2F,
    0x4D, 0x6B, 0x1A, 0xA7, 0x2D, 0xF5, 0x24, 0x87, 0xD1, 0x54, 0x29, 0xDF, 0x82, 0x2D, 0xD5, 0xEF,
    0x3C, 0x8B, 0x97, 0x2F, 0x62, 0x60, 0x16, 0x31, 0xD4, 0x8B, 0xE7, 0x0A, 0xA9, 0x7F, 0x9A, 0xD3,
    0x90, 0xA3, 0xC3, 0x7F, 0x1A, 0x62, 0xAA, 0x7E, 0xB5, 0x9E, 0x95, 0xA2, 0x95, 0xA6, 0x95, 0xAA,
    0x95, 0xAE, 0x95, 0xB2, 0x95, 0xB6, 0x95, 0xBA, 0x56, 0x51, 0xEB, 0x4B, 0xD3, 0x5A, 0x61, 0xB9,
    0x5F, 0x6B, 0xB4, 0x9D, 0xA5, 0xCA, 0xFF, 0xDA, 0x96, 0xE8, 0xAC, 0xB3, 0xC0, 0xD4, 0x59, 0xA8,
    0x97, 0x75, 0xB5, 0xDA, 0x32, 0xA9, 0xF5, 0xBE, 0x78, 0x4D, 0xCC, 0xF2, 0x8C, 0x0E, 0x07, 0xC4,
    0xF4, 0xE9, 0x31, 0xA4, 0xA3, 0xB2, 0x03, 0xA5, 0x63, 0x45, 0xBF, 0x41, 0xAF, 0xCD, 0xF0, 0x13,
    0x61, 0xFE, 0x94, 0x1F, 0xA8, 0xCF, 0x4D, 0xAC, 0xC2, 0xAC, 0xDF, 0x88, 0x84, 0xDD, 0x11, 0x7A,
    0x9B, 0x94, 0x84, 0x26, 0x8A, 0x88, 0x80, 0xB4, 0x43, 0xA2, 0x68, 0x46, 0x5A, 0x85, 0x3A, 0x0A,
    0xB2, 0xC0, 0x33, 0xA9, 0x34, 0x4A, 0x54, 0x68, 0x9A, 0xD1, 0x53, 0xA3, 0xC2, 0x27, 0x46, 0xD8,
    0x5C, 0xE8, 0xC2, 0xCF, 0x02, 0x13, 0x15, 0xDB, 0xC3, 0x76, 0xBF, 0xDF, 0x1E, 0xEF, 0xF8, 0x26,
    0xD4, 0x2D, 0x12, 0x66, 0x62, 0x09, 0x73, 0xC1, 0xBE, 0xE9, 0xD3, 0x40, 0xE9, 0xD0, 0x04, 0x36,
    0xB0, 0xA1, 0x51, 0xBA, 0x41, 0x1F, 0x28, 0xE0, 0xCC, 0xB3, 0xBE, 0xD9, 0xA7, 0x88, 0x74, 0xA4,
    0x89, 0xF1, 0x0A, 0x2C, 0x1C, 0x07, 0x06, 0x9A, 0x0A, 0xC6, 0xC1, 0xD4, 0xCF, 0x4B, 0xCF, 0x06,
    0x45, 0x95, 0xA1, 0x76, 0x80, 0x38, 0xCC, 0xC0, 0x4A, 0xA5, 0x54, 0x1D, 0xA3, 0xA0, 0x41, 0x4C,
    0x11, 0xEA, 0x91, 0x67, 0x3D, 0x03, 0x05, 0xA4, 0x4A, 0xDF, 0x01, 0xF5, 0xCF, 0x12, 0x65, 0x33,
    0x65, 0x64, 0x8E, 0x9C, 0x1E, 0xFC, 0xD9, 0xA6, 0xBC, 0xEE, 0xA7, 0x09, 0x4B, 0xA4, 0xA4, 0x25,
    0xA7, 0x39, 0x27, 0x70, 0x5C, 0x63, 0xB9, 0x0D, 0x66, 0xD5, 0xBC, 0xFE, 0x71, 0xA5, 0x07, 0xEC,
    0xED, 0x80, 0x28, 0x7F, 0xC7, 0xA3, 0x8C, 0xE7, 0xEE, 0x3D, 0x6B, 0xE3, 0x91, 0x7B, 0x87, 0xFF,
    0xFE, 0xE8, 0x79, 0x56, 0x95, 0x54, 0xC5, 0x50, 0x6F, 0x1C, 0x43, 0x8E, 0x6F, 0x08, 0x34, 0x11,
    0x6C, 0x43, 0x1B, 0xFA, 0xF0, 0x1A, 0xFE, 0x8D, 0xFF, 0x15, 0xC1, 0x53, 0x1D, 0xF9, 0x66, 0xDB,
    0xCB, 0xDB, 0xD8, 0x1E, 0xA3, 0x31, 0x31, 0x84, 0x19, 0xE0, 0x85, 0x1A, 0x08, 0x2F, 0x22, 0xE0,
    0xDE, 0xB7, 0x6F, 0x34, 0xD0, 0xCA, 0x01, 0xFF, 0xDB, 0x37, 0x15, 0xAF, 0x34, 0x78, 0x81, 0x07,
    0x50, 0x55, 0x1E, 0xCB, 0x97, 0x03, 0x46, 0x02, 0x76, 0x7B, 0xBB, 0xBB, 0xC3, 0xDD, 0x17, 0xDD,
    0x32, 0xFD, 0x71, 0xD9, 0x79, 0x55, 0x08, 0xBC, 0x4B, 0x04, 0x9D, 0x57, 0xEF, 0x9E, 0xBF, 0x7A,
    0x17, 0x77, 0xCF, 0x8E, 0xBB, 0xE3, 0xDD, 0x11, 0x02, 0x8E, 0xE1, 0x0C, 0x37, 0x5B, 0x18, 0xC4,
    0x20, 0xA4, 0xC5, 0xCB, 0x09, 0x0C, 0xA1, 0x46, 0x41, 0x63, 0x03, 0xED, 0x8A, 0x4B, 0x3D, 0xA5,
    0xBC, 0x66, 0x2E, 0x7F, 0xAF, 0xAF, 0x73, 0x33, 0xA9, 0x3D, 0xD2, 0x83, 0xF2, 0x41, 0xC9, 0x0D,
    0x1B, 0x94, 0xDF, 0xBF, 0xC1, 0xF9, 0xC2, 0xDE, 0x3F, 0x6C, 0x5D, 0xF2, 0xE8, 0x92, 0xD3, 0x67,
    0x99, 0x60, 0x16, 0x14, 0x82, 0xA9, 0x67, 0x05, 0xBB, 0x15, 0xF0, 0x2B, 0x04, 0x85, 0x80, 0xC8,
    0x08, 0xE8, 0x20, 0x60, 0x5A, 0xC1, 0xDC, 0xC0, 0x6A, 0x2C, 0x3F, 0xE1, 0x81, 0x15, 0x2C, 0x73,
    0x39, 0x2B, 0x39, 0x7D, 0x66, 0x12, 0x39, 0x24, 0x91, 0x23, 0x92, 0x5D, 0x71, 0x7C, 0x71, 0x59,
    0x13, 0x99, 0x84, 0x0E, 0x09, 0xA5, 0xB8, 0x59, 0xF3, 0x55, 0xB7, 0x83, 0xC0, 0x32, 0x98, 0xC7,
    0xF4, 0x9E, 0xCB, 0xD2, 0xD6, 0x5B, 0x9B, 0x0E, 0x48, 0xD3, 0xC7, 0x24, 0xE9, 0xF7, 0xC4, 0xA9,
    0x3C, 0x15, 0x9F, 0xA6, 0xD2, 0x30, 0x45, 0xE9, 0x94, 0x2D, 0x6A, 0xAF, 0xC7, 0xB9, 0xD8, 0x4C,
    0x4C, 0x22, 0x2F, 0xF9, 0xA1, 0x73, 0xB3, 0x53, 0x77, 0x0E, 0x7D, 0x18, 0xC1, 0x18, 0x2C, 0x14,
    0x02, 0xBC, 0xC5, 0x6B, 0x25, 0xC8, 0x08, 0x05, 0x9A, 0x08, 0x14, 0xEC, 0x40, 0x03, 0x60, 0xE2,
    0x9C, 0x6E, 0xFD, 0xC3, 0xE5, 0xC1, 0x85, 0x2B, 0xC4, 0xED, 0x35, 0x9F, 0xF3, 0x26, 0xB8, 0xF8,
    0x17, 0xC1, 0x45, 0x76, 0x27, 0x8F, 0x2E, 0x72, 0x26, 0x17, 0x33, 0xEE, 0x7B, 0x87, 0xB4, 0x9C,
    0x33, 0xA7, 0x97, 0x27, 0x7A, 0x32, 0x8B, 0x71, 0xD7, 0xFC, 0x74, 0x96, 0xD0, 0x91, 0xE7, 0xC8,
    0x25, 0xE3, 0x36, 0x0D, 0x91, 0x68, 0x90, 0xE7, 0xD9, 0xFD, 0xA3, 0x43, 0xB0, 0x30, 0x66, 0x34,
    0x1E, 0xBF, 0xF9, 0x83, 0x0D, 0xAF, 0xB4, 0x40, 0x12, 0x59, 0x0A, 0x89, 0xA5, 0xFA, 0x47, 0x84,
    0xF5, 0x8B, 0xC4, 0xF3, 0xF7, 0x10, 0x7C, 0xF3, 0x2C, 0xA7, 0x05, 0x67, 0xF4, 0x61, 0x9F, 0xDF,
    0xC3, 0x0F, 0xB8, 0xEB, 0x90, 0xE2, 0x7B, 0xF4, 0xA1, 0x41, 0x13, 0xCE, 0x09, 0xA5, 0x55, 0xD5,
    0x74, 0x83, 0x12, 0x36, 0x15, 0xB4, 0xB7, 0x92, 0xBD, 0x76, 0x9F, 0x2E, 0x43, 0x0A, 0x8C, 0x67,
    0x82, 0x2C, 0x20, 0x64, 0x87, 0x6D, 0xF6, 0xE8, 0xD3, 0x1B, 0x0F, 0xCB, 0x62, 0x0C, 0xB4, 0xF2,
    0x9D, 0x9F, 0x9D, 0x6D, 0x0F, 0x0F, 0xDA, 0xE3, 0xB0, 0xDC, 0xFC, 0x19, 0x19, 0xF1, 0x70, 0xF4,
    0xF2, 0xE0, 0x27, 0x45, 0xF4, 0xC7, 0xEC, 0x97, 0x97, 0xF3, 0x17, 0x42, 0x66, 0xC9, 0x85, 0x11,
    0x9E, 0x11, 0xEB, 0x9F, 0xAD, 0xEB, 0x0B, 0x58, 0xE7, 0x3A, 0x2D, 0xF5, 0x8B, 0xEC, 0x40, 0x66,
    0xE2, 0xFD, 0x66, 0x93, 0x7E, 0xDC, 0x6E, 0xD0, 0xEB, 0xF5, 0xDB, 0x0C, 0xBB, 0xBD, 0x1E, 0x1C,
    0x00, 0x03, 0x24, 0xAE, 0x6F, 0x8C, 0xB2, 0x19, 0xCA, 0xCC, 0x23, 0xEB, 0x63, 0x55, 0xFB, 0xE1,
    0x9A, 0x9B, 0xBD, 0x6E, 0xF4, 0x5B, 0xFD, 0xAE, 0x00, 0xC8, 0xF2, 0xE6, 0xAE, 0x4D, 0x4A, 0x3E,
    0xAC, 0x68, 0xBC, 0x15, 0x64, 0xE5, 0x56, 0x68, 0xE6, 0x91, 0x2D, 0x58, 0xF9, 0xF2, 0xAA, 0xFC,
    0xDB, 0x23, 0x5D, 0xAF, 0xD7, 0x6A, 0x6B, 0x45, 0x12, 0x58, 0x46, 0x01, 0xE2, 0x35, 0x59, 0x4D,
    0xCE, 0xFE, 0xBA, 0xBA, 0x16, 0x49, 0xDC, 0x78, 0x3D, 0x72, 0xD3, 0xAF, 0x7F, 0x63, 0x1E, 0x9A,
    0x87, 0x6E, 0xBA, 0xE9, 0x2A, 0x75, 0x6A, 0x3B, 0x85, 0x32, 0x51, 0x16, 0xB0, 0xC9, 0xC0, 0x27,
    0x44, 0x65, 0xAD, 0x7C, 0x60, 0x7F, 0xF4, 0x97, 0x4D, 0xB5, 0x21, 0x0D, 0xD3, 0x1D, 0x7E, 0x92,
    0x47, 0x7A, 0x73, 0xDF, 0x09, 0x0F, 0xAA, 0x6C, 0xB2, 0xF1, 0xE2, 0xF7, 0x7F, 0x8D, 0x91, 0x21,
    0x6C, 0xEB, 0x46, 0x1C, 0xC6, 0x7F, 0x8E, 0xAB, 0x46, 0xAB, 0x97, 0xBB, 0xC1, 0x4A, 0x4B, 0x63,
    0x3A, 0xE0, 0xD6, 0x24, 0xC0, 0xE0, 0xB2, 0x84, 0xA3, 0x72, 0x54, 0x30, 0x3E, 0x03, 0x83, 0x80,
    0x34, 0x36, 0x47, 0xE5, 0x68, 0x9C, 0xD4, 0x20, 0x68, 0xAA, 0xDA, 0x5B, 0xC7, 0x25, 0x73, 0xF4,
    0x07, 0xE5, 0x3B, 0x60, 0x50, 0xA9, 0xA9, 0xBC, 0xB3, 0xA2, 0xD7, 0xA6, 0xE9, 0xD3, 0x7B, 0xEF,
    0xBE, 0xEF, 0x74, 0xF7, 0x59, 0xFE, 0xCB, 0xF2, 0xF7, 0x8B, 0x04, 0x63, 0x58, 0x4E, 0xD8, 0x68,
    0xDC, 0x9E, 0x7D, 0xF4, 0x0F, 0x4D, 0x42, 0x24, 0x1C, 0xA1, 0xFC, 0x86, 0x35, 0xEA, 0x83, 0x4A,
    0xCB, 0x29, 0xDC, 0xC1, 0x96, 0xF0, 0x8E, 0xC8, 0x30, 0x32, 0x64, 0x86, 0xDC, 0xD0, 0x75, 0x16,
    0x83, 0x77, 0xD8, 0x31, 0x7F, 0x9D, 0xBF, 0xE6, 0x3F, 0xE5, 0x94, 0x4F, 0xBF, 0xCC, 0x88, 0xD1,
    0x12, 0xB7, 0xE7, 0xE9, 0xD3, 0xB0, 0x4D, 0xC6, 0xD9, 0xCF, 0x9B, 0x23, 0xC7, 0x8B, 0xB4, 0x89,
    0x1B, 0xB5, 0x6A, 0x39, 0x32, 0x49, 0x24, 0x9D, 0x5F, 0x56, 0x2D, 0xC6, 0x64, 0xE4, 0xB8, 0xA0,
    0x19, 0xD8, 0x70, 0x11, 0x11, 0x4B, 0x9E, 0x88, 0x72, 0x67, 0xF7, 0x77, 0x73, 0x37, 0xDF, 0xD6,
    0x73, 0xD1, 0x12, 0x15, 0xA3, 0xB8, 0x8D, 0x64, 0xBA, 0xAA, 0xCF, 0x65, 0xE2, 0xB3, 0x2E, 0xD2,
    0xF8, 0x3F, 0xFC, 0xE4, 0x4D, 0x36, 0xF7, 0x53, 0xBD, 0xBA, 0x6E, 0x77, 0xFA, 0x9B, 0x5F, 0x00,
    0xD0, 0x9F, 0x81, 0xD5, 0x0B, 0x43, 0x41, 0x8D, 0xBC, 0xC9, 0xF9, 0x64, 0x88, 0x19, 0x58, 0x80,
    0x2B, 0x66, 0x68, 0xA2, 0x2A, 0xB4, 0xFB, 0x1A, 0x56, 0x9A, 0x73, 0x72, 0xE0, 0xFA, 0x1E, 0x1D,
    0x56, 0x6A, 0x60, 0x0F, 0x5C, 0x3E, 0xB6, 0x7D, 0xA1, 0xC9, 0x77, 0x0A, 0x1D, 0xD8, 0xD8, 0xBE,
    0xD8, 0xF0, 0x40, 0xE5, 0x6B, 0x2A, 0x6E, 0x25, 0x86, 0x5E, 0x1B, 0x24, 0xAC, 0x4E, 0x82, 0xDF,
    0xA2, 0xBF, 0x6F, 0xBB, 0x2E, 0x95, 0x7A, 0x29, 0xE6, 0xC6, 0xB0, 0xC2, 0xC5, 0x0D, 0x33, 0xF4,
    0x5F, 0xDA, 0xF9, 0x12, 0x31, 0xB0, 0x25, 0xF8, 0x52, 0xFF, 0xF8, 0x5B, 0xF5, 0x5F, 0x1D, 0x00,
    0x88, 0x3C, 0x80, 0xE5, 0x1E, 0x80, 0x8D, 0x2A, 0xF6, 0x00, 0x54, 0x63, 0x12, 0xA6, 0xD4, 0x48,
    0xD0, 0xFF, 0x78, 0x8F, 0xA0, 0xAD, 0xCF, 0x44, 0xB5, 0x67, 0x0F, 0x3B, 0x04, 0x69, 0x8F, 0x20,
    0xF7, 0x08, 0x62, 0x99, 0x9A, 0x77, 0x04, 0xBF, 0xFE, 0x20, 0x82, 0x81, 0x9D, 0xEC, 0x08, 0x23,
    0x6F, 0xAA, 0x29, 0x98, 0x11, 0x55, 0x41, 0x05, 0x05, 0x17, 0xE8, 0xC5, 0xB0, 0xFA, 0x50, 0xBF,
    0x8D, 0x16, 0x1A, 0xC3, 0x25, 0xA9, 0xE4, 0x53, 0xB2, 0xF4, 0xD9, 0x65, 0x92, 0xC9, 0xF2, 0xF7,
    0x8B, 0x58, 0xF2, 0x4C, 0x92, 0x6E, 0x2B, 0x38, 0x8A, 0xA3, 0x58, 0x7C, 0x4E, 0x64, 0x24, 0x4A,
    0x94, 0x1B, 0xE5, 0x49, 0x2C, 0xE5, 0x9F, 0x95, 0x1A, 0x11, 0xFE, 0x41, 0x20, 0x04, 0x8E, 0xE3,
    0x84, 0xB1, 0xA6, 0x4B, 0x6D, 0xDA, 0x2C, 0xA6, 0xF4, 0x73, 0x89, 0x98, 0xBC, 0x88, 0x9B, 0x35,
    0xA8, 0x9D, 0xD7, 0xE8, 0xF0, 0x33, 0x5C, 0xF7, 0xFE, 0x42, 0x6C, 0xD5, 0x09, 0xEA, 0x14, 0x95,
    0xA3, 0x57, 0xA8, 0x09, 0x2A, 0x5A, 0x94, 0x8F, 0xB2, 0x46, 0x7D, 0x52, 0x69, 0x67, 0xF7, 0x69,
    0xA5, 0x87, 0xFF, 0x34, 0x2A, 0xAC, 0xE4, 0x70, 0x97, 0xFF, 0xCA, 0xF3, 0xF5, 0xED, 0x57, 0x3F,
    0xD7, 0x5E, 0x3F, 0xA0, 0xFD, 0x9D, 0x46, 0x21, 0xDE, 0x9A, 0xA6, 0x8F, 0x0F, 0x28, 0xD8, 0xB9,
    0xB4, 0xA4, 0x8D, 0x38, 0xC7, 0x9A, 0x61, 0x73, 0x59, 0xBB, 0xBA, 0xAC, 0x02, 0x8E, 0x51, 0xCC,
    0x45, 0xF1, 0xAE, 0xA1, 0xFC, 0x0F, 0x8D, 0x95, 0x01, 0xA4, 0x5C, 0xD9, 0x1D, 0x87, 0xBF, 0x7B,
    0xCF, 0xEA, 0x21, 0xF7, 0x25, 0x27, 0x90, 0x7D, 0x34, 0x4F, 0x4F, 0x55, 0x11, 0x6C, 0xDF, 0x0D,
    0x79, 0x78, 0x65, 0x66, 0xEE, 0x49, 0x17, 0x85, 0x6D, 0xFB, 0x60, 0x1A, 0x04, 0xAF, 0x00, 0x8A,
    0x4E, 0xAA, 0xAD, 0xD6, 0x9A, 0xBC, 0xB9, 0xD1, 0x82, 0xC2, 0x3E, 0x78, 0x1B, 0x40, 0xAB, 0x68,
    0x51, 0x34, 0x58, 0x3C, 0xDD, 0x49, 0xE6, 0x24, 0x0F, 0x0B, 0xAD, 0xDE, 0xDA, 0x4E, 0x82, 0xAE,
    0xCD, 0x20, 0xAF, 0xC1, 0x76, 0xBB, 0x67, 0xB9, 0x8F, 0x33, 0xC9, 0xCC, 0x9C, 0x9E, 0x9B, 0x19,
    0xCF, 0x8A, 0x94, 0x9E, 0xF9, 0x7F, 0xDF, 0xFF, 0x37, 0xE7, 0x9E, 0x73, 0x5C, 0xF7, 0xE2, 0xA6,
    0xC1, 0xA0, 0x6F, 0x57, 0xB4, 0x13, 0xCB, 0x10, 0xF0, 0x40, 0x3D, 0x08, 0xAE, 0xD6, 0x07, 0xCE,
    0x2B, 0x73, 0xE7, 0x50, 0x99, 0x1F, 0xF4, 0x95, 0x21, 0x8F, 0x64, 0x21, 0x94, 0xA8, 0x03, 0x88,
    0x79, 0xC5, 0xA5, 0xC8, 0x36, 0x83, 0xE0, 0x91, 0x1B, 0x34, 0x30, 0x98, 0x23, 0xFF, 0x33, 0x30,
    0xEA, 0xAD, 0xC2, 0xB6, 0x37, 0x7E, 0x6E, 0xFB, 0x1B, 0x3F, 0x31, 0x87, 0x97, 0x7E, 0x8B, 0xDF,
    0xAA, 0xA8, 0x2F, 0xDB, 0x25, 0x3F, 0xB6, 0x1C, 0xFE, 0xAE, 0xA4, 0xFF, 0xA1, 0xA1, 0x7D, 0x04,
    0xFA, 0x28, 0xB1, 0xD9, 0x27, 0x17, 0xCB, 0x34, 0xCC, 0x11, 0xDF, 0x05, 0xF1, 0x9D, 0xC8, 0x1A,
    0xD0, 0x9B, 0x22, 0x4E, 0x7A, 0xA5, 0x32, 0xD2, 0x6E, 0x22, 0x4C, 0x0B, 0x96, 0xF7, 0x38, 0xCA,
    0xCB, 0x3A, 0xFF, 0x83, 0xAD, 0xD5, 0x91, 0xA9, 0x55, 0x49, 0xAD, 0x0C, 0x3E, 0x32, 0x8C, 0xB4,
    0x22, 0x9B, 0xCA, 0x18, 0xF5, 0xCE, 0xB7, 0xAC, 0x08, 0xBF, 0x31, 0x0C, 0x3C, 0x21, 0x84, 0xDD,
    0x71, 0x4F, 0xDA, 0x4C, 0x5A, 0x29, 0x6D, 0x22, 0x2D, 0xAB, 0x0A, 0xB5, 0x1C, 0xEF, 0x2C, 0x73,
    0x08, 0x5C, 0x1F, 0xB3, 0xCC, 0xBB, 0x27, 0x84, 0x40, 0x12, 0x2A, 0xF5, 0xD0, 0xE7, 0xF4, 0x3B,
    0xB4, 0xDA, 0x9C, 0xEF, 0x40, 0x0E, 0xDA, 0x10, 0x82, 0xBD, 0x3E, 0x36, 0xB2, 0x6A, 0xC2, 0xB5,
    0x63, 0x23, 0x2C, 0x99, 0x41, 0x4F, 0xE5, 0x28, 0x2C, 0xF6, 0x33, 0x0F, 0x6C, 0x00, 0x70, 0x09,
    0x80, 0xCB, 0x10, 0x32, 0x3F, 0x72, 0xF4, 0x7E, 0x76, 0xEF, 0x64, 0x86, 0xB2, 0xB9, 0xED, 0xA0,
    0x4A, 0x55, 0xE6, 0x28, 0xA3, 0x8C, 0x7E, 0xC9, 0xFA, 0x85, 0x8B, 0x2F, 0x78, 0xD4, 0xB8, 0x7C,
    0x5C, 0x6A, 0x7A, 0x7F, 0xFF, 0x5B, 0xA5, 0xF7, 0xC3, 0xF3, 0x77, 0x6A, 0xED, 0x10, 0x00, 0x9C,
    0x01, 0xE0, 0x2C, 0xC0, 0xC0, 0xEA, 0xB9, 0xAE, 0x64, 0x2D, 0x1C, 0x56, 0xD4, 0x91, 0x59, 0xE4,
    0x66, 0xA4, 0xC0, 0x86, 0x38, 0xAE, 0x5D, 0x1F, 0x8F, 0x5F, 0xF4, 0xEE, 0x74, 0x2C, 0x98, 0x59,
    0xC1, 0x5E, 0xA4, 0x88, 0x68, 0x2B, 0x51, 0x36, 0xEE, 0xB5, 0x03, 0x27, 0xE2, 0xDA, 0x09, 0xEC,
    0x8E, 0x67, 0x20, 0x6D, 0xDE, 0x48, 0xD1, 0xC8, 0x9C, 0x4A, 0x34, 0x17, 0x32, 0xE4, 0xFD, 0x61,
    0x8E, 0x0C, 0x93, 0xE0, 0x65, 0x45, 0xAF, 0x79, 0x88, 0x9A, 0x57, 0x49, 0x4D, 0x50, 0x65, 0x08,
    0x48, 0xDF, 0x9C, 0xDC, 0x1C, 0x7D, 0x97, 0xE5, 0xD9, 0xCB, 0x73, 0x97, 0x1E, 0x3D, 0x89, 0x7E,
    0xF3, 0x78, 0x2E, 0xAD, 0xCE, 0xCA, 0x96, 0xB4, 0x7D, 0x55, 0x9E, 0x97, 0xA1, 0xCA, 0x2C, 0xF2,
    0x9F, 0x95, 0xF4, 0xC8, 0x23, 0x97, 0x84, 0x52, 0x3E, 0x70, 0xE8, 0x5A, 0x5A, 0x4F, 0x32, 0x93,
    0x76, 0x98, 0xD2, 0x96, 0xB6, 0x93, 0x35, 0xCE, 0xBF, 0x67, 0xFA, 0xBB, 0x4F, 0xD4, 0xA3, 0x7F,
    0xF9, 0x30, 0x93, 0x9F, 0x87, 0xFD, 0x22, 0xB0, 0x49, 0x31, 0xBB, 0x38, 0xA5, 0xE0, 0xE2, 0x13,
    0xE1, 0x62, 0x13, 0x36, 0x75, 0x0C, 0x8C, 0x28, 0x93, 0x9A, 0x51, 0x29, 0x0D, 0x9E, 0x4F, 0x6C,
    0x06, 0x43, 0x3E, 0xB4, 0xE7, 0xE0, 0x66, 0x72, 0x34, 0x39, 0xCB, 0x28, 0x34, 0x63, 0x46, 0x21,
    0x6E, 0xD5, 0x6F, 0x80, 0x16, 0xD4, 0xDB, 0xA0, 0xBE, 0xCD, 0xE1, 0x16, 0xA8, 0x5F, 0xD3, 0xBF,
    0x01, 0xD9, 0x5F, 0x69, 0xDD, 0x01, 0xF9, 0x11, 0xED, 0x0A, 0xC4, 0x8C, 0xDC, 0x42, 0xEA, 0x51,
    0x16, 0x92, 0x1A, 0x55, 0x02, 0x40, 0x08, 0x13, 0x69, 0xA7, 0xDD, 0x78, 0xA3, 0x35, 0xED, 0x46,
    0x79, 0x23, 0x1D, 0xD5, 0x7E, 0x95, 0xBE, 0xDC, 0x88, 0x46, 0x64, 0x8D, 0x94, 0xA9, 0x3B, 0xDD,
    0x01, 0x75, 0x11, 0x6A, 0x10, 0x73, 0x48, 0xEE, 0x42, 0x11, 0x1C, 0x17, 0xF6, 0x76, 0x20, 0xAE,
    0x9C, 0xB7, 0xD1, 0xB7, 0xEF, 0xC6, 0x34, 0x67, 0xC8, 0x4D, 0x7C, 0x4C, 0xF5, 0x4B, 0xF8, 0x48,
    0xBC, 0x16, 0xBD, 0x20, 0xBF, 0x3D, 0xD8, 0x97, 0xF3, 0xDC, 0xB1, 0x1A, 0x45, 0x08, 0xF6, 0x42,
    0xB7, 0x6B, 0xD0, 0x1E, 0xA6, 0x03, 0xD2, 0x89, 0x36, 0xC2, 0x2A, 0xA4, 0x85, 0xAC, 0x04, 0x15,
    0x19, 0x85, 0x0A, 0x7D, 0x60, 0x50, 0xA6, 0xC9, 0x26, 0xE6, 0xE5, 0x35, 0x69, 0x41, 0x54, 0x90,
    0xB8, 0x14, 0xEE, 0xED, 0xC2, 0xC5, 0x39, 0x45, 0x10, 0xC1, 0xAE, 0x4F, 0x93, 0x60, 0x12, 0x87,
    0x27, 0x71, 0xC9, 0x24, 0x4A, 0x96, 0x51, 0xE7, 0x88, 0xDA, 0x6E, 0xE4, 0x60, 0x14, 0x82, 0xE7,
    0xF5, 0xE7, 0xF3, 0x1D, 0x92, 0xD9, 0xA8, 0x99, 0x2B, 0xCA, 0x28, 0x55, 0x45, 0x49, 0x17, 0x95,
    0xCE, 0xA2, 0x08, 0xAC, 0x4F, 0x29, 0xAA, 0x22, 0x90, 0xB9, 0x10, 0x82, 0x3B, 0xE9, 0x7D, 0xDF,
    0x4D, 0x34, 0x77, 0x2A, 0xCD, 0x0D, 0xA3, 0x39, 0x8F, 0x4E, 0x40, 0xDF, 0x8C, 0x54, 0x24, 0x23,
    0x50, 0x7F, 0x3A, 0xC3, 0x6B, 0xDA, 0x43, 0x5E, 0x92, 0x06, 0x38, 0xA7, 0x81, 0x15, 0xC9, 0xE0,
    0x1F, 0x88, 0x30, 0x03, 0x12, 0x00, 0x58, 0x03, 0x80, 0x2D, 0x00, 0x7A, 0xA1, 0x04, 0xC4, 0xEF,
    0x9F, 0x3A, 0x9A, 0x6E, 0x87, 0x00, 0xB2, 0x6C, 0x03, 0x28, 0x93, 0xD3, 0x34, 0x14, 0x80, 0x46,
    0x19, 0x60, 0x73, 0xD9, 0xDA, 0xCB, 0xD6, 0x5A, 0xB6, 0x3E, 0x1A, 0xE0, 0x17, 0xE4, 0x99, 0x87,
    0xF7, 0xE8, 0x7C, 0x63, 0x00, 0x8E, 0xF6, 0x96, 0x32, 0x7B, 0x8E, 0xD9, 0x4F, 0x95, 0x79, 0xE8,
    0x52, 0x57, 0x2B, 0x1E, 0x7D, 0xBC, 0x6B, 0xE7, 0x7B, 0xEC, 0xA5, 0x8B, 0xE4, 0xA9, 0x07, 0x48,
    0x2B, 0x00, 0xC4, 0xAA, 0x59, 0x00, 0xE4, 0xB2, 0xA9, 0x12, 0x48, 0x16, 0x20, 0x1F, 0x19, 0xB2,
    0x5B, 0x16, 0x65, 0x56, 0xDC, 0x2A, 0x51, 0x0F, 0x0C, 0xD9, 0x11, 0x88, 0x87, 0x91, 0x7F, 0x43,
    0x52, 0x03, 0x35, 0x69, 0xE9, 0x11, 0x0F, 0x66, 0x64, 0x4F, 0x3B, 0xAC, 0x2D, 0x72, 0xB6, 0xFA,
    0xDA, 0xDC, 0xF8, 0xAA, 0x2A, 0x41, 0x59, 0xC8, 0x2C, 0xDB, 0xD2, 0xD2, 0xCA, 0x4A, 0x36, 0x77,
    0x21, 0xF3, 0x14, 0xA1, 0x66, 0xFD, 0x64, 0x40, 0xEA, 0x94, 0x6D, 0xDE, 0xCD, 0xEB, 0x27, 0xD7,
    0x26, 0x89, 0x13, 0xD5, 0x2A, 0x57, 0x89, 0xCB, 0xCA, 0xC4, 0xF5, 0x48, 0x82, 0x27, 0xA9, 0x21,
    0x71, 0x9C, 0x92, 0x46, 0xD6, 0xA7, 0x86, 0x22, 0x58, 0x60, 0x45, 0xBE, 0x30, 0xE9, 0xB3, 0xC7,
    0x13, 0x55, 0x3E, 0x70, 0x9B, 0xD8, 0x49, 0x0B, 0x4B, 0x3F, 0x72, 0x18, 0xA9, 0x4F, 0x79, 0xBC,
    0xA8, 0xF9, 0xC0, 0x7B, 0xEE, 0xBB, 0x61, 0xA4, 0x15, 0xD9, 0x8C, 0xA8, 0xF2, 0xBE, 0x4B, 0x9F,
    0x3D, 0x72, 0xF4, 0x16, 0xE6, 0xF4, 0xBC, 0x74, 0x02, 0x08, 0x07, 0xC8, 0x1A, 0x38, 0x73, 0x08,
    0x9C, 0xED, 0x03, 0x1B, 0x6D, 0x60, 0xBB, 0x03, 0x21, 0x0E, 0xCB, 0x1D, 0x5D, 0xC2, 0x44, 0x59,
    0xA8, 0xA4, 0x5D, 0xCE, 0x5D, 0x3B, 0xB8, 0x76, 0x62, 0x04, 0x89, 0x23, 0x03, 0xCF, 0x39, 0x98,
    0xD1, 0xDB, 0xF9, 0xD2, 0xC2, 0x04, 0xA7, 0x82, 0x4D, 0xC2, 0x3E, 0x6A, 0xEC, 0xD1, 0x74, 0x50,
    0xE4, 0x80, 0x86, 0xD8, 0x9B, 0x9D, 0xDD, 0xEB, 0x73, 0xC3, 0xC0, 0xD1, 0xE4, 0xDD, 0xE3, 0xAE,
    0xC9, 0x0D, 0x74, 0x80, 0x36, 0x19, 0xCD, 0x6A, 0x8D, 0x26, 0x3B, 0xBE, 0x0B, 0xA3, 0x27, 0x20,
    0x88, 0xAC, 0xBE, 0x56, 0xCF, 0x7B, 0xA5, 0x7A, 0x33, 0xB3, 0x9B, 0x42, 0xD8, 0x96, 0x48, 0x18,
    0x0A, 0xF0, 0x91, 0xFA, 0x25, 0x7C, 0x64, 0x18, 0x69, 0x45, 0x36, 0x23, 0xEA, 0x97, 0x89, 0x8D,
    0x7B, 0x0D, 0x03, 0x7F, 0x7A, 0x9E, 0xBA, 0xEA, 0xBE, 0xC8, 0xF2, 0x5E, 0xDE, 0x3D, 0x31, 0x4D,
    0xFE, 0xBF, 0x30, 0x73, 0xA3, 0x4C, 0x61, 0xD3, 0xB0, 0xAF, 0xDE, 0xF5, 0x1D, 0x86, 0x7D, 0x5A,
    0x7D, 0xCE, 0xDF, 0x84, 0x02, 0xF4, 0x04, 0x19, 0x0C, 0x03, 0x87, 0x9C, 0xC1, 0x3D, 0xC8, 0xFF,
    0xFC, 0xB1, 0xFE, 0xF4, 0xFD, 0xFC, 0xA3, 0x2B, 0xED, 0xFE, 0x95, 0x5A, 0x07, 0xB3, 0x76, 0x85,
    0x58, 0x21, 0x84, 0x6E, 0xB7, 0x0B, 0x4D, 0x38, 0xD9, 0xDB, 0x9D, 0xB4, 0x45, 0xD5, 0x16, 0x65,
    0x3B, 0xA5, 0xCD, 0x2B, 0x2B, 0x19, 0xED, 0x88, 0xE0, 0x06, 0x21, 0x70, 0x61, 0x70, 0x00, 0xCA,
    0x82, 0xAC, 0xF8, 0xE1, 0x1F, 0x9F, 0x35, 0x34, 0x79, 0x39, 0x37, 0x88, 0xE5, 0xA1, 0x00, 0xB4,
    0x59, 0x2D, 0x9B, 0xAC, 0xDE, 0xF2, 0x0C, 0xB8, 0x07, 0xE4, 0x15, 0x45, 0x80, 0xF5, 0x29, 0xA4,
    0x0E, 0x92, 0x86, 0xCF, 0x2B, 0x92, 0x05, 0x64, 0x0E, 0xDE, 0x6E, 0x72, 0x30, 0xC8, 0xFA, 0x35,
    0xDE, 0x76, 0x85, 0x49, 0x9C, 0xB6, 0x89, 0x13, 0xA7, 0xA4, 0x2E, 0x33, 0xEB, 0xD3, 0x1F, 0x51,
    0x84, 0x1A, 0x55, 0xC1, 0x37, 0xDF, 0x83, 0xCB, 0x97, 0x60, 0xEB, 0x2B, 0xA1, 0xD4, 0x8B, 0xAE,
    0x4B, 0xDE, 0x62, 0x9B, 0x35, 0x36, 0x22, 0xF1, 0xF7, 0xAB, 0x0D, 0xD4, 0x67, 0x97, 0x38, 0xF7,
    0xBE, 0xE3, 0x8D, 0xAF, 0x95, 0xCC, 0x20, 0xFD, 0x0B, 0x70, 0x06, 0x90, 0x6C, 0x93, 0x1E, 0xD7,
    0x30, 0xA8, 0x48, 0x00, 0x71, 0x0A, 0xC9, 0x68, 0x4A, 0xF6, 0xA8, 0x57, 0x6A, 0x21, 0xE2, 0x93,
    0x49, 0x5C, 0x5F, 0x50, 0x1F, 0x0A, 0xBC, 0x17, 0x0C, 0x6B, 0x41, 0xFF, 0x7F, 0x11, 0xC2, 0x84,
    0xDD, 0xF1, 0x10, 0x69, 0xF3, 0x88, 0x6A, 0x30, 0x2B, 0x56, 0x73, 0x43, 0x9A, 0x35, 0x17, 0x2B,
    0x62, 0x26, 0x66, 0xB8, 0x3E, 0x5E, 0xE6, 0x2C, 0xB2, 0x7B, 0xBC, 0x9C, 0x63, 0xCD, 0x2E, 0x19,
    0x79, 0xE4, 0xA7, 0x9F, 0x95, 0x7A, 0xED, 0x83, 0x49, 0x6B, 0xED, 0x81, 0x1B, 0xAE, 0xDD, 0xAF,
    0xFD, 0x9A, 0xAD, 0xEB, 0x35, 0x3B, 0xA9, 0x81, 0x06, 0x0F, 0xF4, 0x81, 0x16, 0xA0, 0x81, 0xAC,
    0x84, 0x64, 0x02, 0x21, 0x04, 0xDB, 0xC0, 0x11, 0xB1, 0x42, 0xD8, 0xD7, 0x57, 0xBD, 0x32, 0x7D,
    0x65, 0xDA, 0xAB, 0x8A, 0xF9, 0x6A, 0xAD, 0x42, 0xA5, 0x0E, 0xFC, 0x8B, 0xBF, 0xB9, 0x32, 0xBA,
    0xA9, 0x26, 0x74, 0x7A, 0x07, 0xB3, 0x10, 0xAA, 0xE5, 0xDE, 0x34, 0x94, 0xFA, 0xB6, 0x6B, 0x27,
    0x75, 0x9F, 0xDA, 0x63, 0x6A, 0x38, 0x2D, 0x0F, 0x7D, 0xE8, 0xF0, 0x75, 0x7D, 0xE0, 0xD2, 0x70,
    0xFA, 0x81, 0x74, 0xDD, 0xEE, 0xCE, 0x7F, 0x01, 0xB3, 0xFF, 0xFF, 0x1F, 0x88, 0x00, 0xAD, 0x8F,
    0x21, 0x4C, 0xC3, 0x40, 0x14, 0x86, 0xFF, 0xEE, 0x12, 0x2A, 0x4E, 0x0C, 0x3F, 0x71, 0x06, 0xCD,
    0x79, 0x01, 0x34, 0x99, 0x0F, 0x73, 0x13, 0x13, 0xF5, 0x6A, 0x01, 0x9F, 0xF5, 0xBC, 0x27, 0x78,
    0x2F, 0xB1, 0x8C, 0x5C, 0x42, 0xF0, 0x67, 0xE6, 0x4F, 0x6C, 0xBE, 0xE2, 0x46, 0xD6, 0x64, 0xEC,
    0xF1, 0xDE, 0x5D, 0xD0, 0x8C, 0x84, 0xD7, 0xBC, 0x2F, 0x6D, 0xFF, 0xF6, 0xFF, 0xEF, 0x47, 0x17,
    0x6D, 0xAA, 0x3E, 0xF7, 0xC3, 0xAB, 0x0A, 0x2F, 0xF1, 0xAA, 0xF6, 0x2A, 0x20, 0x83, 0x78, 0xFC,
    0x62, 0x33, 0xDF, 0x35, 0xF9, 0xF1, 0x5C, 0x68, 0xAF, 0x22, 0xDA, 0xAD, 0xD9, 0x83, 0x8E, 0x1D,
    0x39, 0xD8, 0x13, 0xAA, 0x61, 0xC9, 0x8A, 0x76, 0xB5, 0x07, 0x64, 0x8B, 0xF1, 0xC2, 0xD7, 0x67,
    0x5C, 0x9A, 0x57, 0xDC, 0xE8, 0x78, 0x47, 0xB0, 0x14, 0xD8, 0x2B, 0xA8, 0x50, 0x07, 0xC9, 0x92,
    0x25, 0x7A, 0x0F, 0x8B, 0xCD, 0x54, 0xEE, 0x7F, 0x5D, 0x39, 0x5A, 0xBB, 0x9D, 0x14, 0xAF, 0x2E,
    0x4E, 0xA8, 0xA9, 0xF6, 0x69, 0xDD, 0xB2, 0xDF, 0x43, 0xAF, 0x5C, 0xCD, 0x2A, 0x4A, 0x07, 0x90,
    0x4C, 0x90, 0xF2, 0xF3, 0xFC, 0xA7, 0xFA, 0x33, 0x25, 0xAB, 0xA4, 0x95, 0xBC, 0x9C, 0x68, 0x28,
    0x70, 0xE2, 0x97, 0x34, 0x78, 0xEC, 0x73, 0x87, 0xF8, 0xF3, 0x3D, 0x91, 0x34, 0x91, 0xC4, 0xE9,
    0xFF, 0x25, 0xDA, 0x2D, 0x50, 0x0D, 0x2B, 0x40, 0x85, 0x71, 0xC3, 0xD5, 0x32, 0xAC, 0x80, 0x88,
    0xD1, 0x3E, 0x95, 0x77, 0xE7, 0x42, 0xFB, 0xB1, 0x43, 0xBB, 0xD3, 0x3B, 0x10, 0x8D, 0x08, 0xB8,
    0x38, 0x35, 0x80, 0x79, 0x8E, 0xC0, 0x2D, 0x12, 0x70, 0x23, 0xB8, 0x1E, 0x25, 0x68, 0xBA, 0xA7,
    0x7E, 0xB5, 0xFC, 0x18, 0x66, 0x07, 0xED, 0x13, 0x52, 0xC5, 0xC2, 0x11, 0x8C, 0xCE, 0x31, 0xCC,
    0x81, 0x31, 0xA2, 0x26, 0x01, 0x86, 0xD5, 0x4B, 0x15, 0x12, 0x7A, 0x41, 0xAA, 0xFD, 0x01, 0xEB,
    0xA5, 0x7B, 0x9B, 0x99, 0x01, 0xB6, 0xFF, 0x06, 0x14, 0x89, 0x55, 0x19, 0x03, 0x41, 0x0C, 0x84,
    0xA7, 0xF8, 0x1A, 0x09, 0xA7, 0xA4, 0xDF, 0x81, 0x91, 0x5A, 0x59, 0x5F, 0xA5, 0x48, 0x89, 0x83,
    0x32, 0xC3, 0xDF, 0x0D, 0x0D, 0x4A, 0x63, 0xE5, 0x58, 0x49, 0x6C, 0x23, 0x91, 0x47, 0x85, 0x09,
    0x3F, 0x65, 0xDC, 0xD4, 0x62, 0x31, 0x1F, 0x42, 0xFA, 0x98, 0x3F, 0x34, 0x61, 0xE9, 0x3F, 0x19,
    0x38, 0xA5, 0x85, 0x42, 0xEC, 0x60, 0xC2, 0xA3, 0xE5, 0xD1, 0x70, 0x30, 0x2E, 0xE0, 0xD5, 0x82,
    0x04, 0x7C, 0xA4, 0xF6, 0xC5, 0x41, 0xB2, 0x68, 0x5D, 0x9A, 0x44, 0x2B, 0x49, 0xD7, 0x75, 0x62,
    0x7B, 0x48, 0x34, 0x4F, 0x9C, 0xE8, 0x3F, 0x18, 0x00, 0x00,
};

static const EpdGlyph notoserif_12_regularGlyphs[] = {
    { 0, 0, 0, 0, 0, 0, 0 }, // U+0000
    { 0, 0, 104, 0, 0, 0, 0 }, // U+000D
    { 0, 0, 104, 0, 0, 0, 0 }, // U+0020
    { 3, 18, 133, 3, 18, 14, 0 }, // !
    { 8, 6, 163, 1, 18, 12, 14 }, // "
    { 13, 18, 224, 1, 18, 59, 26 }, // #
    { 11, 22, 224, 1, 19, 61, 85 }, // $
    { 21, 18, 358, 1, 18, 95, 146 }, // %
    { 18, 18, 297, 1, 18, 81, 241 }, // &
    { 4, 6, 88, 1, 18, 6, 322 }, // '
    { 7, 24, 138, 1, 20, 42, 328 }, // (
    { 7, 24, 138, 1, 20, 42, 370 }, // )
    { 11, 10, 200, 1, 19, 28, 412 }, // *
    { 11, 11, 224, 2, 15, 31, 440 }, // +
    { 5, 8, 100, 0, 3, 10, 471 }, // ,
    { 7, 3, 124, 1, 9, 6, 481 }, // -
    { 3, 3, 100, 2, 3, 3, 487 }, // .
    { 8, 23, 115, 0, 19, 46, 490 }, // /
    { 12, 20, 232, 1, 19, 60, 536 }, // 0
    { 11, 18, 184, 0, 18, 50, 596 }, // 1
    { 11, 19, 198, 1, 19, 53, 646 }, // 2
    { 12, 20, 204, 1, 19, 60, 699 }, // 3
    { 14, 18, 221, 0, 18, 63, 759 }, // 4
    { 12, 19, 204, 0, 18, 57, 822 }, // 5
    { 12, 20, 220, 1, 19, 60, 879 }, // 6
    { 13, 18, 206, 0, 18, 59, 939 }, // 7
    { 12, 20, 223, 1, 19, 60, 998 }, // 8
    { 11, 20, 220, 1, 19, 55, 1058 }, // 9
    { 3, 14, 114, 2, 14, 11, 1113 }, // :
    { 4, 18, 114, 1, 14, 18, 1124 }, // ;
    { 11, 14, 224, 2, 16, 39, 1142 }, // <
    { 11, 8, 224, 2, 13, 22, 1181 }, // =
    { 11, 14, 224, 2, 16, 39, 1203 }, // >
    { 10, 18, 190, 1, 18, 45, 1242 }, // ?
    { 20, 22, 368, 2, 18, 110, 1287 }, // @
    { 18, 18, 282, 0, 18, 81, 1397 }, // A
    { 15, 18, 262, 0, 18, 68, 1478 }, // B
    { 13, 18, 246, 1, 18, 59, 1546 }, // C
    { 17, 18, 291, 0, 18, 77, 1605 }, // D
    { 14, 18, 249, 0, 18, 63, 1682 }, // E
    { 13, 18, 236, 1, 18, 59, 1745 }, // F
    { 16, 18, 286, 1, 18, 72, 1804 }, // G
    { 18, 18, 317, 1, 18, 81, 1876 }, // H
    { 7, 18, 147, 1, 18, 32, 1957 }, // I
    { 8, 24, 143, 0, 18, 48, 1989 }, // J
    { 18, 18, 280, 1, 18, 81, 2037 }, // K
    { 14, 18, 249, 1, 18, 63, 2118 }, // L
    { 22, 18, 375, 1, 18, 99, 2181 }, // M
    { 17, 18, 305, 1, 18, 77, 2280 }, // N
    { 16, 18, 297, 1, 18, 72, 2357 }, // O
    { 13, 18, 242, 1, 18, 59, 2429 }, // P
    { 16, 24, 297, 1, 18, 96, 2488 }, // Q
    { 16, 18, 262, 1, 18, 72, 2584 }, // R
    { 12, 18, 218, 1, 18, 54, 2656 }, // S
    { 14, 18, 245, 1, 18, 63, 2710 }, // T
    { 17, 18, 287, 1, 18, 77, 2773 }, // U
    { 17, 18, 270, 0, 18, 77, 2850 }, // V
    { 26, 18, 419, 1, 18, 117, 2927 }, // W
    { 17, 18, 264, 0, 18, 77, 3044 }, // X
    { 16, 18, 250, 0, 18, 72, 3121 }, // Y
    { 13, 18, 237, 1, 18, 59, 3193 }, // Z
    { 6, 24, 144, 2, 19, 36, 3252 }, // [
    { 8, 23, 115, 0, 19, 46, 3288 }, // <backslash>
    { 7, 24, 144, 0, 19, 42, 3334 }, // ]
    { 12, 12, 224, 1, 19, 36, 3376 }, // ^
    { 12, 3, 184, 0, -1, 9, 3412 }, // _
    { 5, 4, 110, 1, 20, 5, 3421 }, // `
    { 12, 14, 225, 1, 14, 42, 3426 }, // a
    { 14, 19, 246, 1, 19, 67, 3468 }, // b
    { 10, 14, 197, 1, 14, 35, 3535 }, // c
    { 14, 19, 246, 1, 19, 67, 3570 }, // d
    { 11, 14, 214, 1, 14, 39, 3637 }, // e
    { 11, 19, 148, 1, 19, 53, 3676 }, // f
    { 13, 20, 215, 1, 14, 65, 3729 }, // g
    { 15, 19, 254, 1, 19, 72, 3794 }, // h
    { 7, 19, 128, 1, 19, 34, 3866 }, // i
    { 6, 25, 120, -1, 19, 38, 3900 }, // j
    { 14, 19, 234, 1, 19, 67, 3938 }, // k
    { 7, 19, 124, 1, 19, 34, 4005 }, // l
    { 22, 14, 378, 1, 14, 77, 4039 }, // m
    { 15, 14, 258, 1, 14, 53, 4116 }, // n
    { 12, 14, 231, 1, 14, 42, 4169 }, // o
    { 14, 20, 246, 1, 14, 70, 4211 }, // p
    { 14, 20, 246, 1, 14, 70, 4281 }, // q
    { 11, 14, 188, 1, 14, 39, 4351 }, // r
    { 10, 14, 180, 1, 14, 35, 4390 }, // s
    { 8, 17, 141, 1, 17, 34, 4425 }, // t
    { 16, 14, 254, 0, 14, 56, 4459 }, // u
    { 15, 14, 232, 1, 14, 53, 4515 }, // v
    { 23, 14, 345, -1, 14, 81, 4568 }, // w
    { 15, 14, 231, 0, 14, 53, 4649 }, // x
    { 14, 20, 226, 0, 14, 70, 4702 }, // y
    { 10, 14, 204, 1, 14, 35, 4772 }, // z
    { 9, 24, 171, 1, 19, 54, 4807 }, // {
    { 2, 25, 224, 6, 19, 13, 4861 }, // |
    { 9, 24, 171, 1, 19, 54, 4874 }, // }
    { 12, 6, 224, 1, 12, 18, 4928 }, // ~
    { 0, 0, 104, 0, 0, 0, 0 }, // U+00A0
    { 3, 18, 133, 3, 14, 14, 0 }, // U+00A1
    { 11, 18, 224, 2, 18, 50, 14 }, // U+00A2
    { 12, 18, 224, 1, 18, 54, 64 }, // U+00A3
    { 11, 12, 224, 2, 15, 33, 118 }, // U+00A4
    { 15, 18, 224, -1, 18, 68, 151 }, // U+00A5
    { 2, 25, 224, 6, 19, 13, 219 }, // U+00A6
    { 10, 23, 218, 2, 19, 58, 232 }, // U+00A7
    { 8, 3, 231, 4, 19, 6, 290 }, // U+00A8
    { 19, 20, 338, 1, 19, 95, 296 }, // U+00A9
    { 9, 9, 153, 1, 19, 21, 391 }, // U+00AA
    { 10, 10, 206, 2, 12, 25, 412 }, // U+00AB
    { 11, 8, 224, 2, 11, 22, 437 }, // U+00AC
    { 7, 3, 124, 1, 9, 6, 459 }, // U+00AD
    { 19, 20, 338, 1, 19, 95, 465 }, // U+00AE
    { 12, 3, 184, 0, 22, 9, 560 }, // U+00AF
    { 8, 9, 160, 1, 19, 18, 569 }, // U+00B0
    { 11, 15, 224, 2, 15, 42, 587 }, // U+00B1
    { 8, 11, 160, 1, 21, 22, 629 }, // U+00B2
    { 8, 12, 160, 1, 22, 24, 651 }, // U+00B3
    { 5, 4, 110, 1, 20, 5, 675 }, // U+00B4
    { 13, 20, 246, 2, 14, 65, 680 }, // U+00B5
    { 14, 23, 247, 0, 19, 81, 745 }, // U+00B6
    { 3, 3, 100, 2, 10, 3, 826 }, // U+00B7
    { 6, 8, 133, 1, 1, 12, 829 }, // U+00B8
    { 8, 12, 160, 1, 22, 24, 841 }, // U+00B9
    { 8, 9, 159, 1, 19, 18, 865 }, // U+00BA
    { 11, 10, 206, 1, 12, 28, 883 }, // U+00BB
    { 20, 19, 336, 0, 19, 95, 911 }, // U+00BC
    { 20, 18, 336, 0, 18, 90, 1006 }, // U+00BD
    { 19, 20, 336, 1, 20, 95, 1096 }, // U+00BE
    { 10, 19, 190, 1, 14, 48, 1191 }, // U+00BF
    { 18, 24, 282, 0, 24, 108, 1239 }, // U+00C0
    { 18, 24, 282, 0, 24, 108, 1347 }, // U+00C1
    { 18, 24, 282, 0, 24, 108, 1455 }, // U+00C2
    { 18, 24, 282, 0, 24, 108, 1563 }, // U+00C3
    { 18, 23, 282, 0, 23, 104, 1671 }, // U+00C4
    { 18, 24, 282, 0, 24, 108, 1775 }, // U+00C5
    { 23, 18, 380, 0, 18, 104, 1883 }, // U+00C6
    { 13, 25, 246, 1, 18, 82, 1987 }, // U+00C7
    { 14, 24, 249, 0, 24, 84, 2069 }, // U+00C8
    { 14, 24, 249, 0, 24, 84, 2153 }, // U+00C9
    { 14, 24, 249, 0, 24, 84, 2237 }, // U+00CA
    { 14, 23, 249, 0, 23, 81, 2321 }, // U+00CB
    { 8, 24, 147, 0, 24, 48, 2402 }, // U+00CC
    { 7, 24, 147, 1, 24, 42, 2450 }, // U+00CD
    { 9, 24, 147, 0, 24, 54, 2492 }, // U+00CE
    { 7, 23, 147, 1, 23, 41, 2546 }, // U+00CF
    { 16, 18, 291, 1, 18, 72, 2587 }, // U+00D0
    { 17, 24, 305, 1, 24, 102, 2659 }, // U+00D1
    { 16, 24, 297, 1, 24, 96, 2761 }, // U+00D2
    { 16, 24, 297, 1, 24, 96, 2857 }, // U+00D3
    { 16, 24, 297, 1, 24, 96, 2953 }, // U+00D4
    { 16, 24, 297, 1, 24, 96, 3049 }, // U+00D5
    { 16, 24, 297, 1, 24, 96, 3145 }, // U+00D6
    { 12, 12, 224, 1, 15, 36, 3241 }, // U+00D7
    { 16, 20, 297, 1, 19, 80, 3277 }, // U+00D8
    { 17, 24, 287, 1, 24, 102, 3357 }, // U+00D9
    { 17, 24, 287, 1, 24, 102, 3459 }, // U+00DA
    { 17, 24, 287, 1, 24, 102, 3561 }, // U+00DB
    { 17, 24, 287, 1, 24, 102, 3663 }, // U+00DC
    { 16, 24, 250, 0, 24, 96, 3765 }, // U+00DD
    { 13, 18, 242, 1, 18, 59, 3861 }, // U+00DE
    { 16, 19, 259, 0, 19, 76, 3920 }, // U+00DF
    { 12, 19, 225, 1, 19, 57, 3996 }, // U+00E0
    { 12, 19, 225, 1, 19, 57, 4053 }, // U+00E1
    { 12, 19, 225, 1, 19, 57, 4110 }, // U+00E2
    { 12, 20, 225, 1, 20, 60, 4167 }, // U+00E3
    { 12, 19, 225, 1, 19, 57, 4227 }, // U+00E4
    { 12, 22, 225, 1, 22, 66, 4284 }, // U+00E5
    { 19, 14, 336, 1, 14, 67, 4350 }, // U+00E6
    { 10, 21, 197, 1, 14, 53, 4417 }, // U+00E7
    { 11, 19, 214, 1, 19, 53, 4470 }, // U+00E8
    { 11, 19, 214, 1, 19, 53, 4523 }, // U+00E9
    { 11, 19, 214, 1, 19, 53, 4576 }, // U+00EA
    { 11, 19, 214, 1, 19, 53, 4629 }, // U+00EB
    { 8, 19, 128, 0, 19, 38, 4682 }, // U+00EC
    { 8, 19, 128, 1, 19, 38, 4720 }, // U+00ED
    { 8, 19, 128, 0, 19, 38, 4758 }, // U+00EE
    { 7, 19, 128, 1, 19, 34, 4796 }, // U+00EF
    { 12, 20, 231, 1, 20, 60, 4830 }, // U+00F0
    { 15, 20, 258, 1, 20, 75, 4890 }, // U+00F1
    { 12, 19, 231, 1, 19, 57, 4965 }, // U+00F2
    { 12, 19, 231, 1, 19, 57, 5022 }, // U+00F3
    { 12, 19, 231, 1, 19, 57, 5079 }, // U+00F4
    { 12, 20, 231, 1, 20, 60, 5136 }, // U+00F5
    { 12, 19, 231, 1, 19, 57, 5196 }, // U+00F6
    { 11, 13, 224, 2, 16, 36, 5253 }, // U+00F7
    { 12, 16, 231, 1, 15, 48, 5289 }, // U+00F8
    { 16, 19, 254, 0, 19, 76, 5337 }, // U+00F9
    { 16, 19, 254, 0, 19, 76, 5413 }, // U+00FA
    { 16, 19, 254, 0, 19, 76, 5489 }, // U+00FB
    { 16, 19, 254, 0, 19, 76, 5565 }, // U+00FC
    { 14, 25, 226, 0, 19, 88, 5641 }, // U+00FD
    { 14, 25, 246, 1, 19, 88, 5729 }, // U+00FE
    { 15, 25, 226, 0, 19, 94, 5817 }, // U+00FF
    { 18, 22, 282, 0, 22, 99, 0 }, // U+0100
    { 12, 18, 225, 1, 18, 54, 99 }, // U+0101
    { 18, 24, 282, 0, 24, 108, 153 }, // U+0102
    { 12, 19, 225, 1, 19, 57, 261 }, // U+0103
    { 18, 24, 282, 0, 18, 108, 318 }, // U+0104
    { 12, 20, 225, 1, 14, 60, 426 }, // U+0105
    { 13, 24, 246, 1, 24, 78, 486 }, // U+0106
    { 10, 19, 197, 1, 19, 48, 564 }, // U+0107
    { 13, 24, 246, 1, 24, 78, 612 }, // U+0108
    { 10, 19, 197, 1, 19, 48, 690 }, // U+0109
    { 13, 24, 246, 1, 24, 78, 738 }, // U+010A
    { 10, 19, 197, 1, 19, 48, 816 }, // U+010B
    { 13, 24, 246, 1, 24, 78, 864 }, // U+010C
    { 10, 19, 197, 1, 19, 48, 942 }, // U+010D
    { 17, 24, 291, 0, 24, 102, 990 }, // U+010E
    { 16, 19, 246, 1, 19, 76, 1092 }, // U+010F
    { 16, 18, 291, 1, 18, 72, 1168 }, // U+0110
    { 14, 19, 246, 1, 19, 67, 1240 }, // U+0111
    { 14, 22, 249, 0, 22, 77, 1307 }, // U+0112
    { 11, 18, 214, 1, 18, 50, 1384 }, // U+0113
    { 14, 24, 249, 0, 24, 84, 1434 }, // U+0114
    { 11, 19, 214, 1, 19, 53, 1518 }, // U+0115
    { 14, 23, 249, 0, 23, 81, 1571 }, // U+0116
    { 11, 19, 214, 1, 19, 53, 1652 }, // U+0117
    { 14, 24, 249, 0, 18, 84, 1705 }, // U+0118
    { 11, 20, 214, 1, 14, 55, 1789 }, // U+0119
    { 14, 24, 249, 0, 24, 84, 1844 }, // U+011A
    { 11, 19, 214, 1, 19, 53, 1928 }, // U+011B
    { 16, 24, 286, 1, 24, 96, 1981 }, // U+011C
    { 13, 26, 215, 1, 20, 85, 2077 }, // U+011D
    { 16, 24, 286, 1, 24, 96, 2162 }, // U+011E
    { 13, 25, 215, 1, 19, 82, 2258 }, // U+011F
    { 16, 24, 286, 1, 24, 96, 2340 }, // U+0120
    { 13, 25, 215, 1, 19, 82, 2436 }, // U+0121
    { 16, 24, 286, 1, 18, 96, 2518 }, // U+0122
    { 13, 25, 215, 1, 19, 82, 2614 }, // U+0123
    { 18, 24, 317, 1, 24, 108, 2696 }, // U+0124
    { 15, 25, 254, 1, 25, 94, 2804 }, // U+0125
    { 18, 18, 317, 1, 18, 81, 2898 }, // U+0126
    { 15, 19, 254, 1, 19, 72, 2979 }, // U+0127
    { 9, 24, 147, 1, 24, 54, 3051 }, // U+0128
    { 9, 20, 128, 0, 20, 45, 3105 }, // U+0129
    { 7, 22, 147, 1, 22, 39, 3150 }, // U+012A
    { 8, 18, 128, 0, 18, 36, 3189 }, // U+012B
    { 7, 24, 147, 1, 24, 42, 3225 }, // U+012C
    { 7, 19, 128, 1, 19, 34, 3267 }, // U+012D
    { 7, 24, 147, 1, 18, 42, 3301 }, // U+012E
    { 7, 25, 128, 1, 19, 44, 3343 }, // U+012F
    { 7, 24, 147, 1, 24, 42, 3387 }, // U+0130
    { 7, 14, 128, 1, 14, 25, 3429 }, // U+0131
    { 16, 24, 278, 1, 18, 96, 3454 }, // U+0132
    { 13, 25, 248, 1, 19, 82, 3550 }, // U+0133
    { 9, 30, 143, 0, 24, 68, 3632 }, // U+0134
    { 8, 25, 120, 0, 19, 50, 3700 }, // U+0135
    { 18, 24, 280, 1, 18, 108, 3750 }, // U+0136
    { 14, 25, 234, 1, 19, 88, 3858 }, // U+0137
    { 14, 14, 234, 1, 14, 49, 3946 }, // U+0138
    { 14, 24, 249, 1, 24, 84, 3995 }, // U+0139
    { 8, 25, 124, 1, 25, 50, 4079 }, // U+013A
    { 14, 24, 249, 1, 18, 84, 4129 }, // U+013B
    { 7, 25, 124, 1, 19, 44, 4213 }, // U+013C
    { 14, 18, 249, 1, 18, 63, 4257 }, // U+013D
    { 9, 19, 124, 1, 19, 43, 4320 }, // U+013E
    { 14, 18, 249, 1, 18, 63, 4363 }, // U+013F
    { 10, 19, 148, 1, 19, 48, 4426 }, // U+0140
    { 14, 18, 249, 1, 18, 63, 4474 }, // U+0141
    { 7, 19, 130, 1, 19, 34, 4537 }, // U+0142
    { 17, 24, 305, 1, 24, 102, 4571 }, // U+0143
    { 15, 19, 258, 1, 19, 72, 4673 }, // U+0144
    { 17, 24, 305, 1, 18, 102, 4745 }, // U+0145
    { 15, 20, 258, 1, 14, 75, 4847 }, // U+0146
    { 17, 24, 305, 1, 24, 102, 4922 }, // U+0147
    { 15, 19, 258, 1, 19, 72, 5024 }, // U+0148
    { 20, 18, 312, 0, 18, 90, 5096 }, // U+0149
    { 17, 24, 305, 1, 18, 102, 5186 }, // U+014A
    { 14, 20, 254, 0, 14, 70, 5288 }, // U+014B
    { 16, 23, 297, 1, 23, 92, 5358 }, // U+014C
    { 12, 18, 231, 1, 18, 54, 5450 }, // U+014D
    { 16, 24, 297, 1, 24, 96, 5504 }, // U+014E
    { 12, 19, 231, 1, 19, 57, 5600 }, // U+014F
    { 16, 24, 297, 1, 24, 96, 5657 }, // U+0150
    { 12, 19, 231, 1, 19, 57, 5753 }, // U+0151
    { 22, 18, 384, 1, 18, 99, 5810 }, // U+0152
    { 20, 14, 362, 1, 14, 70, 5909 }, // U+0153
    { 16, 24, 262, 1, 24, 96, 5979 }, // U+0154
    { 11, 19, 188, 1, 19, 53, 6075 }, // U+0155
    { 16, 24, 262, 1, 18, 96, 6128 }, // U+0156
    { 11, 20, 188, 1, 14, 55, 6224 }, // U+0157
    { 16, 24, 262, 1, 24, 96, 6279 }, // U+0158
    { 11, 19, 188, 1, 19, 53, 6375 }, // U+0159
    { 12, 24, 218, 1, 24, 72, 6428 }, // U+015A
    { 10, 19, 180, 1, 19, 48, 6500 }, // U+015B
    { 12, 24, 218, 1, 24, 72, 6548 }, // U+015C
    { 10, 19, 180, 1, 19, 48, 6620 }, // U+015D
    { 12, 25, 218, 1, 18, 75, 6668 }, // U+015E
    { 10, 21, 180, 1, 14, 53, 6743 }, // U+015F
    { 12, 24, 218, 1, 24, 72, 6796 }, // U+0160
    { 10, 19, 180, 1, 19, 48, 6868 }, // U+0161
    { 14, 25, 245, 1, 18, 88, 6916 }, // U+0162
    { 8, 24, 141, 1, 17, 48, 7004 }, // U+0163
    { 14, 24, 245, 1, 24, 84, 7052 }, // U+0164
    { 10, 19, 141, 1, 19, 48, 7136 }, // U+0165
    { 15, 18, 245, 0, 18, 68, 7184 }, // U+0166
    { 8, 17, 141, 1, 17, 34, 7252 }, // U+0167
    { 17, 24, 287, 1, 24, 102, 7286 }, // U+0168
    { 16, 20, 254, 0, 20, 80, 7388 }, // U+0169
    { 17, 23, 287, 1, 23, 98, 7468 }, // U+016A
    { 16, 18, 254, 0, 18, 72, 7566 }, // U+016B
    { 17, 24, 287, 1, 24, 102, 7638 }, // U+016C
    { 16, 19, 254, 0, 19, 76, 7740 }, // U+016D
    { 17, 26, 287, 1, 26, 111, 7816 }, // U+016E
    { 16, 22, 254, 0, 22, 88, 7927 }, // U+016F
    { 17, 24, 287, 1, 24, 102, 8015 }, // U+0170
    { 16, 19, 254, 0, 19, 76, 8117 }, // U+0171
    { 17, 25, 290, 1, 18, 107, 8193 }, // U+0172
    { 16, 20, 254, 0, 14, 80, 8300 }, // U+0173
    { 26, 24, 419, 1, 24, 156, 8380 }, // U+0174
    { 23, 19, 345, -1, 19, 110, 8536 }, // U+0175
    { 16, 24, 250, 0, 24, 96, 8646 }, // U+0176
    { 14, 25, 226, 0, 19, 88, 8742 }, // U+0177
    { 16, 23, 250, 0, 23, 92, 8830 }, // U+0178
    { 13, 24, 237, 1, 24, 78, 8922 }, // U+0179
    { 10, 19, 204, 1, 19, 48, 9000 }, // U+017A
    { 13, 24, 237, 1, 24, 78, 9048 }, // U+017B
    { 10, 19, 204, 1, 19, 48, 9126 }, // U+017C
    { 13, 24, 237, 1, 24, 78, 9174 }, // U+017D
    { 10, 19, 204, 1, 19, 48, 9252 }, // U+017E
    { 11, 19, 142, 1, 19, 53, 9300 }, // U+017F
    { 18, 19, 311, 1, 19, 86, 0 }, // U+01A0
    { 14, 17, 243, 1, 17, 60, 86 }, // U+01A1
    { 19, 19, 311, 1, 19, 91, 146 }, // U+01AF
    { 18, 17, 270, 0, 17, 77, 237 }, // U+01B0
    { 32, 24, 528, 0, 24, 192, 314 }, // U+01C4
    { 29, 19, 495, 0, 19, 138, 506 }, // U+01C5
    { 25, 19, 450, 1, 19, 119, 644 }, // U+01C6
    { 23, 24, 392, 1, 18, 138, 763 }, // U+01C7
    { 20, 25, 369, 1, 19, 125, 901 }, // U+01C8
    { 13, 25, 244, 1, 19, 82, 1026 }, // U+01C9
    { 26, 24, 448, 1, 18, 156, 1108 }, // U+01CA
    { 23, 25, 425, 1, 19, 144, 1264 }, // U+01CB
    { 21, 25, 378, 0, 19, 132, 1408 }, // U+01CC
    { 18, 24, 282, 0, 24, 108, 1540 }, // U+01CD
    { 12, 19, 225, 1, 19, 57, 1648 }, // U+01CE
    { 9, 24, 147, 0, 24, 54, 1705 }, // U+01CF
    { 9, 19, 128, 0, 19, 43, 1759 }, // U+01D0
    { 16, 24, 297, 1, 24, 96, 1802 }, // U+01D1
    { 12, 19, 231, 1, 19, 57, 1898 }, // U+01D2
    { 17, 24, 287, 1, 24, 102, 1955 }, // U+01D3
    { 16, 19, 254, 0, 19, 76, 2057 }, // U+01D4
    { 17, 27, 287, 1, 27, 115, 2133 }, // U+01D5
    { 16, 22, 254, 0, 22, 88, 2248 }, // U+01D6
    { 17, 27, 287, 1, 27, 115, 2336 }, // U+01D7
    { 16, 23, 254, 0, 23, 92, 2451 }, // U+01D8
    { 17, 27, 287, 1, 27, 115, 2543 }, // U+01D9
    { 16, 23, 254, 0, 23, 92, 2658 }, // U+01DA
    { 17, 27, 287, 1, 27, 115, 2750 }, // U+01DB
    { 16, 23, 254, 0, 23, 92, 2865 }, // U+01DC
    { 11, 14, 214, 1, 14, 39, 2957 }, // U+01DD
    { 18, 26, 282, 0, 26, 117, 2996 }, // U+01DE
    { 12, 22, 225, 1, 22, 66, 3113 }, // U+01DF
    { 18, 26, 282, 0, 26, 117, 3179 }, // U+01E0
    { 12, 22, 225, 1, 22, 66, 3296 }, // U+01E1
    { 23, 23, 380, 0, 23, 133, 3362 }, // U+01E2
    { 19, 19, 336, 1, 19, 91, 3495 }, // U+01E3
    { 16, 18, 286, 1, 18, 72, 3586 }, // U+01E4
    { 13, 20, 215, 1, 14, 65, 3658 }, // U+01E5
    { 16, 24, 286, 1, 24, 96, 3723 }, // U+01E6
    { 13, 26, 215, 1, 20, 85, 3819 }, // U+01E7
    { 18, 24, 280, 1, 24, 108, 3904 }, // U+01E8
    { 14, 25, 234, 1, 25, 88, 4012 }, // U+01E9
    { 16, 25, 297, 1, 18, 100, 4100 }, // U+01EA
    { 12, 21, 231, 1, 14, 63, 4200 }, // U+01EB
    { 16, 30, 297, 1, 23, 120, 4263 }, // U+01EC
    { 12, 25, 231, 1, 18, 75, 4383 }, // U+01ED
    { 12, 24, 241, 1, 24, 72, 4458 }, // U+01EE
    { 12, 25, 219, 1, 19, 75, 4530 }, // U+01EF
    { 8, 25, 120, 0, 19, 50, 4605 }, // U+01F0
    { 32, 18, 528, 0, 18, 144, 4655 }, // U+01F1
    { 29, 18, 495, 0, 18, 131, 4799 }, // U+01F2
    { 25, 19, 450, 1, 19, 119, 4930 }, // U+01F3
    { 16, 25, 286, 1, 25, 100, 5049 }, // U+01F4
    { 13, 26, 215, 1, 20, 85, 5149 }, // U+01F5
    { 25, 18, 426, 1, 18, 113, 5234 }, // U+01F6
    { 16, 24, 278, 1, 18, 96, 5347 }, // U+01F7
    { 17, 24, 305, 1, 24, 102, 5443 }, // U+01F8
    { 15, 19, 258, 1, 19, 72, 5545 }, // U+01F9
    { 18, 25, 282, 0, 25, 113, 5617 }, // U+01FA
    { 12, 26, 225, 1, 26, 78, 5730 }, // U+01FB
    { 23, 24, 380, 0, 24, 138, 5808 }, // U+01FC
    { 19, 19, 336, 1, 19, 91, 5946 }, // U+01FD
    { 16, 25, 297, 1, 24, 100, 6037 }, // U+01FE
    { 12, 21, 231, 1, 20, 63, 6137 }, // U+01FF
    { 18, 24, 282, 0, 24, 108, 6200 }, // U+0200
    { 13, 19, 225, 0, 19, 62, 6308 }, // U+0201
    { 18, 24, 282, 0, 24, 108, 6370 }, // U+0202
    { 12, 19, 225, 1, 19, 57, 6478 }, // U+0203
    { 14, 24, 249, 0, 24, 84, 6535 }, // U+0204
    { 12, 19, 214, 0, 19, 57, 6619 }, // U+0205
    { 14, 24, 249, 0, 24, 84, 6676 }, // U+0206
    { 11, 19, 214, 1, 19, 53, 6760 }, // U+0207
    { 10, 24, 147, -2, 24, 60, 6813 }, // U+0208
    { 10, 19, 128, -2, 19, 48, 6873 }, // U+0209
    { 7, 24, 147, 1, 24, 42, 6921 }, // U+020A
    { 7, 19, 128, 1, 19, 34, 6963 }, // U+020B
    { 16, 24, 297, 1, 24, 96, 6997 }, // U+020C
    { 12, 19, 231, 1, 19, 57, 7093 }, // U+020D
    { 16, 24, 297, 1, 24, 96, 7150 }, // U+020E
    { 12, 19, 231, 1, 19, 57, 7246 }, // U+020F
    { 16, 24, 262, 1, 24, 96, 7303 }, // U+0210
    { 12, 19, 188, 0, 19, 57, 7399 }, // U+0211
    { 16, 24, 262, 1, 24, 96, 7456 }, // U+0212
    { 11, 19, 188, 1, 19, 53, 7552 }, // U+0213
    { 17, 24, 287, 1, 24, 102, 7605 }, // U+0214
    { 16, 19, 254, 0, 19, 76, 7707 }, // U+0215
    { 17, 24, 287, 1, 24, 102, 7783 }, // U+0216
    { 16, 19, 254, 0, 19, 76, 7885 }, // U+0217
    { 12, 24, 218, 1, 18, 72, 7961 }, // U+0218
    { 10, 20, 180, 1, 14, 50, 8033 }, // U+0219
    { 14, 24, 245, 1, 18, 84, 8083 }, // U+021A
    { 8, 23, 141, 1, 17, 46, 8167 }, // U+021B
    { 12, 23, 242, 2, 18, 69, 8213 }, // U+021C
    { 10, 20, 198, 1, 14, 50, 8282 }, // U+021D
    { 18, 24, 317, 1, 24, 108, 8332 }, // U+021E
    { 15, 25, 254, 1, 25, 94, 8440 }, // U+021F
    { 6, 4, 0, -11, 20, 6, 0 }, // U+0300
    { 6, 4, 0, -8, 20, 6, 6 }, // U+0301
    { 8, 4, 0, -11, 20, 8, 12 }, // U+0302
    { 9, 5, 0, -12, 20, 12, 20 }, // U+0303
    { 7, 3, 0, -4, 18, 6, 32 }, // U+0304
    { 10, 3, 0, -5, 22, 8, 38 }, // U+0305
    { 7, 5, 0, -3, 20, 9, 46 }, // U+0306
    { 3, 3, 0, -1, 19, 3, 55 }, // U+0307
    { 8, 3, 0, -4, 19, 6, 58 }, // U+0308
    { 6, 7, 0, -11, 22, 11, 64 }, // U+0309
    { 7, 7, 0, -4, 22, 13, 75 }, // U+030A
    { 10, 4, 0, -4, 20, 10, 88 }, // U+030B
    { 8, 4, 0, -11, 20, 8, 98 }, // U+030C
    { 2, 4, 0, -1, 19, 2, 106 }, // U+030D
    { 6, 4, 0, -3, 19, 6, 108 }, // U+030E
    { 10, 4, 0, -13, 20, 10, 114 }, // U+030F
    { 7, 7, 0, -3, 22, 13, 124 }, // U+0310
    { 7, 4, 0, -3, 20, 7, 137 }, // U+0311
    { 4, 8, 0, -2, 19, 8, 144 }, // U+0312
    { 5, 8, 0, -2, 18, 10, 152 }, // U+0313
    { 4, 8, 0, -2, 18, 8, 162 }, // U+0314
    { 5, 8, 0, -2, 18, 10, 170 }, // U+0315
    { 6, 4, 0, -3, -2, 6, 180 }, // U+0316
    { 6, 4, 0, -3, -2, 6, 186 }, // U+0317
    { 4, 4, 0, -2, -1, 4, 192 }, // U+0318
    { 5, 4, 0, -3, -1, 5, 196 }, // U+0319
    { 6, 7, 138, 0, 20, 11, 201 }, // U+031A
    { 4, 6, 0, -2, 20, 6, 212 }, // U+031B
    { 4, 7, 0, -2, 0, 7, 218 }, // U+031C
    { 5, 5, 0, -2, -1, 7, 225 }, // U+031D
    { 5, 5, 0, -2, 0, 7, 232 }, // U+031E
    { 5, 5, 0, -2, -1, 7, 239 }, // U+031F
    { 5, 3, 0, -3, -2, 4, 246 }, // U+0320
    { 5, 6, 0, -5, 1, 8, 250 }, // U+0321
    { 6, 6, 0, -1, 1, 9, 258 }, // U+0322
    { 3, 3, 0, -9, -2, 3, 267 }, // U+0323
    { 8, 3, 0, -4, -2, 6, 270 }, // U+0324
    { 6, 7, 0, -3, 0, 11, 276 }, // U+0325
    { 4, 4, 0, -2, -2, 4, 287 }, // U+0326
    { 6, 8, 0, -2, 1, 12, 291 }, // U+0327
    { 6, 6, 0, -3, 0, 9, 303 }, // U+0328
    { 2, 4, 0, -1, -1, 2, 312 }, // U+0329
    { 10, 5, 0, -5, -1, 13, 314 }, // U+032A
    { 8, 4, 0, -4, -1, 8, 327 }, // U+032B
    { 8, 4, 0, -4, -2, 8, 335 }, // U+032C
    { 8, 4, 0, -4, -2, 8, 343 }, // U+032D
    { 7, 5, 0, -3, -1, 9, 351 }, // U+032E
    { 7, 4, 0, -3, -1, 7, 360 }, // U+032F
    { 9, 5, 0, -4, 0, 12, 367 }, // U+0330
    { 7, 3, 0, -4, -1, 6, 379 }, // U+0331
    { 11, 3, 0, -5, -1, 9, 385 }, // U+0332
    { 11, 6, 0, -5, 0, 17, 394 }, // U+0333
    { 9, 5, 0, -4, 10, 12, 411 }, // U+0334
    { 9, 3, 0, -4, 9, 7, 423 }, // U+0335
    { 16, 3, 0, -8, 9, 12, 430 }, // U+0336
    { 10, 7, 0, -5, 11, 18, 442 }, // U+0337
    { 11, 23, 0, -6, 20, 64, 460 }, // U+0338
    { 3, 7, 0, -2, 0, 6, 524 }, // U+0339
    { 10, 4, 0, -5, -2, 10, 530 }, // U+033A
    { 10, 6, 0, -5, -1, 15, 540 }, // U+033B
    { 8, 5, 0, -4, -1, 10, 555 }, // U+033C
    { 6, 6, 0, -3, 20, 9, 565 }, // U+033D
    { 3, 8, 0, -1, 23, 6, 574 }, // U+033E
    { 11, 6, 0, -5, 25, 17, 580 }, // U+033F
    { 6, 4, 0, -4, 20, 6, 597 }, // U+0340
    { 6, 4, 0, -2, 20, 6, 603 }, // U+0341
    { 9, 5, 0, -4, 20, 12, 609 }, // U+0342
    { 4, 5, 0, -2, 20, 5, 621 }, // U+0343
    { 10, 6, 0, -4, 20, 15, 626 }, // U+0344
    { 4, 4, 0, 2, -2, 4, 641 }, // U+0345
    { 10, 5, 0, -5, 20, 13, 645 }, // U+0346
    { 11, 6, 0, -5, 0, 17, 658 }, // U+0347
    { 6, 4, 0, -3, -1, 6, 675 }, // U+0348
    { 4, 5, 0, -2, -1, 5, 681 }, // U+0349
    { 9, 6, 0, -4, 20, 14, 686 }, // U+034A
    { 9, 9, 0, -4, 24, 21, 700 }, // U+034B
    { 9, 9, 0, -4, 23, 21, 721 }, // U+034C
    { 9, 5, 0, -4, -1, 12, 742 }, // U+034D
    { 6, 6, 0, -3, 0, 9, 754 }, // U+034E
    { 19, 20, 0, -10, 19, 95, 763 }, // U+034F
    { 5, 5, 0, -2, 20, 7, 858 }, // U+0350
    { 4, 7, 0, -2, 22, 7, 865 }, // U+0351
    { 7, 7, 0, -3, 23, 13, 872 }, // U+0352
    { 6, 6, 0, -3, -1, 9, 885 }, // U+0353
    { 5, 5, 0, -2, -1, 7, 894 }, // U+0354
    { 5, 5, 0, -2, -1, 7, 901 }, // U+0355
    { 10, 5, 0, -5, -1, 13, 908 }, // U+0356
    { 3, 7, 0, -2, 22, 6, 921 }, // U+0357
    { 3, 3, 0, 3, 19, 3, 927 }, // U+0358
    { 8, 5, 0, -4, -1, 10, 930 }, // U+0359
    { 11, 7, 0, -5, 0, 20, 940 }, // U+035A
    { 6, 5, 0, -3, 20, 8, 960 }, // U+035B
    { 20, 6, 0, -10, 0, 30, 968 }, // U+035C
    { 20, 6, 0, -10, 21, 30, 998 }, // U+035D
    { 15, 3, 0, -7, 18, 12, 1028 }, // U+035E
    { 15, 3, 0, -7, -1, 12, 1040 }, // U+035F
    { 20, 5, 0, -10, 20, 25, 1052 }, // U+0360
    { 20, 6, 0, -10, 22, 30, 1077 }, // U+0361
    { 15, 5, 0, -7, -1, 19, 1107 }, // U+0362
    { 6, 8, 0, -2, 23, 12, 1126 }, // U+0363
    { 5, 8, 0, -2, 23, 10, 1138 }, // U+0364
    { 5, 10, 0, -2, 25, 13, 1148 }, // U+0365
    { 5, 8, 0, -2, 23, 10, 1161 }, // U+0366
    { 8, 8, 0, -4, 23, 16, 1171 }, // U+0367
    { 5, 8, 0, -2, 23, 10, 1187 }, // U+0368
    { 6, 10, 0, -2, 25, 15, 1197 }, // U+0369
    { 8, 10, 0, -4, 25, 20, 1212 }, // U+036A
    { 12, 8, 0, -6, 23, 24, 1232 }, // U+036B
    { 6, 8, 0, -3, 23, 12, 1256 }, // U+036C
    { 4, 8, 0, -1, 24, 8, 1268 }, // U+036D
    { 7, 8, 0, -3, 23, 14, 1276 }, // U+036E
    { 7, 8, 0, -3, 23, 14, 1290 }, // U+036F
    { 14, 24, 251, 0, 24, 84, 0 }, // U+0400
    { 14, 23, 251, 0, 23, 81, 84 }, // U+0401
    { 18, 18, 316, 1, 18, 81, 165 }, // U+0402
    { 13, 24, 226, 1, 24, 78, 246 }, // U+0403
    { 13, 18, 245, 1, 18, 59, 324 }, // U+0404
    { 11, 18, 220, 1, 18, 50, 383 }, // U+0405
    { 7, 18, 148, 1, 18, 32, 433 }, // U+0406
    { 7, 23, 148, 1, 23, 41, 465 }, // U+0407
    { 8, 24, 144, 0, 18, 48, 506 }, // U+0408
    { 24, 18, 386, 0, 18, 108, 554 }, // U+0409
    { 24, 18, 407, 1, 18, 108, 662 }, // U+040A
    { 20, 18, 341, 1, 18, 90, 770 }, // U+040B
    { 18, 24, 282, 1, 24, 108, 860 }, // U+040C
    { 18, 24, 323, 1, 24, 108, 968 }, // U+040D
    { 16, 24, 260, 0, 24, 96, 1076 }, // U+040E
    { 18, 23, 315, 1, 18, 104, 1172 }, // U+040F
    { 18, 18, 282, 0, 18, 81, 1276 }, // U+0410
    { 14, 18, 252, 0, 18, 63, 1357 }, // U+0411
    { 15, 18, 262, 0, 18, 68, 1420 }, // U+0412
    { 13, 18, 226, 1, 18, 59, 1488 }, // U+0413
    { 17, 23, 297, 1, 18, 98, 1547 }, // U+0414
    { 14, 18, 251, 0, 18, 63, 1645 }, // U+0415
    { 25, 18, 392, 0, 18, 113, 1708 }, // U+0416
    { 12, 18, 238, 1, 18, 54, 1821 }, // U+0417
    { 18, 18, 323, 1, 18, 81, 1875 }, // U+0418
    { 18, 24, 323, 1, 24, 108, 1956 }, // U+0419
    { 18, 18, 282, 1, 18, 81, 2064 }, // U+041A
    { 17, 18, 293, 0, 18, 77, 2145 }, // U+041B
    { 22, 18, 382, 1, 18, 99, 2222 }, // U+041C
    { 18, 18, 319, 1, 18, 81, 2321 }, // U+041D
    { 16, 18, 296, 1, 18, 72, 2402 }, // U+041E
    { 18, 18, 315, 1, 18, 81, 2474 }, // U+041F
    { 13, 18, 244, 1, 18, 59, 2555 }, // U+0420
    { 13, 18, 245, 1, 18, 59, 2614 }, // U+0421
    { 14, 18, 249, 1, 18, 63, 2673 }, // U+0422
    { 16, 18, 260, 0, 18, 72, 2736 }, // U+0423
    { 19, 18, 344, 1, 18, 86, 2808 }, // U+0424
    { 17, 18, 266, 0, 18, 77, 2894 }, // U+0425
    { 18, 23, 315, 1, 18, 104, 2971 }, // U+0426
    { 17, 18, 303, 1, 18, 77, 3075 }, // U+0427
    { 25, 18, 429, 1, 18, 113, 3152 }, // U+0428
    { 25, 23, 429, 1, 18, 144, 3265 }, // U+0429
    { 16, 18, 287, 1, 18, 72, 3409 }, // U+042A
    { 21, 18, 366, 1, 18, 95, 3481 }, // U+042B
    { 14, 18, 248, 1, 18, 63, 3576 }, // U+042C
    { 13, 18, 251, 1, 18, 59, 3639 }, // U+042D
    { 23, 18, 408, 1, 18, 104, 3698 }, // U+042E
    { 16, 18, 263, -1, 18, 72, 3802 }, // U+042F
    { 13, 14, 228, 1, 14, 46, 3874 }, // U+0430
    { 12, 20, 233, 1, 20, 60, 3920 }, // U+0431
    { 12, 14, 221, 1, 14, 42, 3980 }, // U+0432
    { 11, 14, 190, 1, 14, 39, 4022 }, // U+0433
    { 14, 19, 247, 1, 14, 67, 4061 }, // U+0434
    { 11, 14, 214, 1, 14, 39, 4128 }, // U+0435
    { 21, 14, 320, 0, 14, 74, 4167 }, // U+0436
    { 10, 14, 190, 1, 14, 35, 4241 }, // U+0437
    { 15, 14, 270, 1, 14, 53, 4276 }, // U+0438
    { 15, 19, 270, 1, 19, 72, 4329 }, // U+0439
    { 14, 14, 237, 1, 14, 49, 4401 }, // U+043A
    { 14, 14, 245, 1, 14, 49, 4450 }, // U+043B
    { 20, 14, 330, 0, 14, 70, 4499 }, // U+043C
    { 15, 14, 268, 1, 14, 53, 4569 }, // U+043D
    { 12, 14, 231, 1, 14, 42, 4622 }, // U+043E
    { 15, 14, 264, 1, 14, 53, 4664 }, // U+043F
    { 14, 20, 254, 1, 14, 70, 4717 }, // U+0440
    { 11, 14, 197, 1, 14, 39, 4787 }, // U+0441
    { 12, 14, 212, 0, 14, 42, 4826 }, // U+0442
    { 15, 20, 228, 0, 14, 75, 4868 }, // U+0443
    { 16, 27, 290, 1, 21, 108, 4943 }, // U+0444
    { 15, 14, 231, 0, 14, 53, 5051 }, // U+0445
    { 15, 19, 264, 1, 14, 72, 5104 }, // U+0446
    { 15, 14, 253, 0, 14, 53, 5176 }, // U+0447
    { 22, 14, 377, 1, 14, 77, 5229 }, // U+0448
    { 22, 19, 377, 1, 14, 105, 5306 }, // U+0449
    { 15, 14, 248, 0, 14, 53, 5411 }, // U+044A
    { 19, 14, 328, 1, 14, 67, 5464 }, // U+044B
    { 12, 14, 215, 1, 14, 42, 5531 }, // U+044C
    { 11, 14, 198, 1, 14, 39, 5573 }, // U+044D
    { 19, 14, 331, 1, 14, 67, 5612 }, // U+044E
    { 14, 14, 228, 0, 14, 49, 5679 }, // U+044F
    { 11, 20, 214, 1, 20, 55, 5728 }, // U+0450
    { 11, 19, 214, 1, 19, 53, 5783 }, // U+0451
    { 13, 27, 242, 1, 21, 88, 5836 }, // U+0452
    { 11, 20, 190, 1, 20, 55, 5924 }, // U+0453
    { 11, 14, 197, 1, 14, 39, 5979 }, // U+0454
    { 10, 14, 181, 1, 14, 35, 6018 }, // U+0455
    { 7, 19, 138, 1, 19, 34, 6053 }, // U+0456
    { 7, 19, 138, 1, 19, 34, 6087 }, // U+0457
    { 6, 26, 130, 0, 20, 39, 6121 }, // U+0458
    { 19, 14, 315, 1, 14, 67, 6160 }, // U+0459
    { 20, 14, 340, 1, 14, 70, 6227 }, // U+045A
    { 15, 21, 264, 1, 21, 79, 6297 }, // U+045B
    { 14, 20, 237, 1, 20, 70, 6376 }, // U+045C
    { 15, 20, 270, 1, 20, 75, 6446 }, // U+045D
    { 15, 26, 228, -1, 20, 98, 6521 }, // U+045E
    { 15, 19, 264, 1, 14, 72, 6619 }, // U+045F
    { 25, 18, 393, 0, 18, 113, 6691 }, // U+0460
    { 20, 14, 325, -1, 14, 70, 6804 }, // U+0461
    { 15, 18, 266, 1, 18, 68, 6874 }, // U+0462
    { 13, 21, 238, 1, 21, 69, 6942 }, // U+0463
    { 21, 18, 364, 1, 18, 95, 7011 }, // U+0464
    { 19, 14, 318, 1, 14, 67, 7106 }, // U+0465
    { 18, 18, 276, 0, 18, 81, 7173 }, // U+0466
    { 15, 14, 236, 1, 14, 53, 7254 }, // U+0467
    { 26, 18, 419, 1, 18, 117, 7307 }, // U+0468
    { 20, 14, 332, 1, 14, 70, 7424 }, // U+0469
    { 20, 18, 315, 0, 18, 90, 7494 }, // U+046A
    { 18, 14, 281, 0, 14, 63, 7584 }, // U+046B
    { 28, 18, 455, 1, 18, 126, 7647 }, // U+046C
    { 23, 14, 378, 1, 14, 81, 7773 }, // U+046D
    { 12, 29, 241, 2, 23, 87, 7854 }, // U+046E
    { 11, 23, 196, 1, 17, 64, 7941 }, // U+046F
    { 22, 18, 331, -1, 18, 99, 8005 }, // U+0470
    { 16, 26, 278, 0, 20, 104, 8104 }, // U+0471
    { 16, 18, 297, 1, 18, 72, 8208 }, // U+0472
    { 12, 14, 231, 1, 14, 42, 8280 }, // U+0473
    { 18, 18, 278, 0, 18, 81, 8322 }, // U+0474
    { 15, 14, 234, 1, 14, 53, 8403 }, // U+0475
    { 18, 24, 278, 0, 24, 108, 8456 }, // U+0476
    { 15, 20, 234, 1, 20, 75, 8564 }, // U+0477
    { 30, 24, 492, 1, 18, 180, 8639 }, // U+0478
    { 25, 20, 417, 1, 14, 125, 8819 }, // U+0479
    { 17, 21, 313, 1, 19, 90, 8944 }, // U+047A
    { 13, 17, 255, 1, 16, 56, 9034 }, // U+047B
    { 22, 27, 393, 1, 27, 149, 9090 }, // U+047C
    { 18, 24, 316, 1, 24, 108, 9239 }, // U+047D
    { 24, 23, 393, 0, 23, 138, 9347 }, // U+047E
    { 20, 18, 325, -1, 18, 90, 9485 }, // U+047F
    { 13, 25, 246, 1, 18, 82, 9575 }, // U+0480
    { 10, 20, 197, 1, 14, 50, 9657 }, // U+0481
    { 13, 18, 244, 1, 17, 59, 9707 }, // U+0482
    { 9, 5, 0, -4, 19, 12, 9766 }, // U+0483
    { 10, 5, 0, -5, 20, 13, 9778 }, // U+0484
    { 3, 5, 0, -1, 20, 4, 9791 }, // U+0485
    { 3, 5, 0, -1, 20, 4, 9795 }, // U+0486
    { 10, 5, 0, -5, 24, 13, 9799 }, // U+0487
    { 31, 29, 0, -15, 22, 225, 9812 }, // U+0488
    { 30, 31, 0, -15, 23, 233, 10037 }, // U+0489
    { 19, 30, 324, 1, 24, 143, 10270 }, // U+048A
    { 16, 25, 270, 0, 19, 100, 10413 }, // U+048B
    { 13, 20, 242, 1, 20, 65, 10513 }, // U+048C
    { 13, 17, 238, 1, 17, 56, 10578 }, // U+048D
    { 13, 18, 242, 1, 18, 59, 10634 }, // U+048E
    { 14, 20, 246, 1, 14, 70, 10693 }, // U+048F
    { 12, 22, 218, 1, 22, 66, 10763 }, // U+0490
    { 10, 17, 178, 1, 17, 43, 10829 }, // U+0491
    { 13, 18, 224, 1, 18, 59, 10872 }, // U+0492
    { 11, 14, 183, 1, 14, 39, 10931 }, // U+0493
    { 15, 24, 263, 1, 18, 90, 10970 }, // U+0494
    { 13, 20, 220, 1, 14, 65, 11060 }, // U+0495
    { 26, 23, 414, -1, 18, 150, 11125 }, // U+0496
    { 22, 19, 368, 0, 14, 105, 11275 }, // U+0497
    { 13, 24, 241, 1, 18, 78, 11380 }, // U+0498
    { 10, 20, 196, 1, 14, 50, 11458 }, // U+0499
    { 17, 23, 296, 1, 18, 98, 11508 }, // U+049A
    { 15, 19, 257, 1, 14, 72, 11606 }, // U+049B
    { 18, 18, 292, 1, 18, 81, 11678 }, // U+049C
    { 16, 14, 258, 1, 14, 56, 11759 }, // U+049D
    { 17, 18, 280, 1, 18, 77, 11815 }, // U+049E
    { 15, 21, 246, 1, 21, 79, 11892 }, // U+049F
    { 20, 18, 314, 0, 18, 90, 11971 }, // U+04A0
    { 18, 14, 283, 0, 14, 63, 12061 }, // U+04A1
    { 18, 23, 317, 1, 18, 104, 12124 }, // U+04A2
    { 16, 19, 275, 1, 14, 76, 12228 }, // U+04A3
    { 21, 18, 351, 1, 18, 95, 12304 }, // U+04A4
    { 19, 14, 312, 1, 14, 67, 12399 }, // U+04A5
    { 25, 24, 422, 1, 18, 150, 12466 }, // U+04A6
    { 21, 20, 355, 1, 14, 105, 12616 }, // U+04A7
    { 17, 20, 296, 1, 18, 85, 12721 }, // U+04A8
    { 14, 15, 249, 1, 14, 53, 12806 }, // U+04A9
    { 13, 24, 246, 1, 18, 78, 12859 }, // U+04AA
    { 10, 20, 197, 1, 14, 50, 12937 }, // U+04AB
    { 15, 23, 245, 1, 18, 87, 12987 }, // U+04AC
    { 13, 19, 219, 1, 14, 62, 13074 }, // U+04AD
    { 16, 18, 250, 0, 18, 72, 13136 }, // U+04AE
    { 15, 20, 232, 1, 14, 75, 13208 }, // U+04AF
    { 16, 18, 250, 0, 18, 72, 13283 }, // U+04B0
    { 15, 20, 232, 1, 14, 75, 13355 }, // U+04B1
    { 17, 23, 283, 0, 18, 98, 13430 }, // U+04B2
    { 15, 19, 245, 0, 14, 72, 13528 }, // U+04B3
    { 21, 23, 357, 1, 18, 121, 13600 }, // U+04B4
    { 20, 19, 326, 0, 14, 95, 13721 }, // U+04B5
    { 17, 23, 302, 1, 18, 98, 13816 }, // U+04B6
    { 16, 19, 256, -1, 14, 76, 13914 }, // U+04B7
    { 17, 18, 303, 1, 18, 77, 13990 }, // U+04B8
    { 15, 14, 253, 0, 14, 53, 14067 }, // U+04B9
    { 17, 18, 302, 1, 18, 77, 14120 }, // U+04BA
    { 15, 21, 254, 1, 21, 79, 14197 }, // U+04BB
    { 19, 18, 323, 1, 18, 86, 14276 }, // U+04BC
    { 15, 14, 256, 1, 14, 53, 14362 }, // U+04BD
    { 19, 24, 323, 1, 18, 114, 14415 }, // U+04BE
    { 15, 19, 256, 1, 14, 72, 14529 }, // U+04BF
    { 7, 18, 147, 1, 18, 32, 14601 }, // U+04C0
    { 25, 24, 392, 0, 24, 150, 14633 }, // U+04C1
    { 21, 19, 320, 0, 19, 100, 14783 }, // U+04C2
    { 16, 24, 278, 1, 18, 96, 14883 }, // U+04C3
    { 14, 20, 245, 1, 14, 70, 14979 }, // U+04C4
    { 18, 23, 292, 0, 18, 104, 15049 }, // U+04C5
    { 15, 19, 245, 1, 14, 72, 15153 }, // U+04C6
    { 18, 24, 313, 1, 18, 108, 15225 }, // U+04C7
    { 17, 20, 272, 1, 14, 85, 15333 }, // U+04C8
    { 19, 24, 317, 1, 18, 114, 15418 }, // U+04C9
    { 16, 20, 268, 0, 14, 80, 15532 }, // U+04CA
    { 17, 23, 302, 1, 18, 98, 15612 }, // U+04CB
    { 16, 20, 256, -1, 14, 80, 15710 }, // U+04CC
    { 23, 24, 375, 1, 18, 138, 15790 }, // U+04CD
    { 20, 20, 330, 0, 14, 100, 15928 }, // U+04CE
    { 7, 18, 147, 1, 18, 32, 16028 }, // U+04CF
    { 18, 24, 282, 0, 24, 108, 16060 }, // U+04D0
    { 12, 19, 225, 1, 19, 57, 16168 }, // U+04D1
    { 18, 23, 282, 0, 23, 104, 16225 }, // U+04D2
    { 12, 19, 225, 1, 19, 57, 16329 }, // U+04D3
    { 23, 18, 380, 0, 18, 104, 16386 }, // U+04D4
    { 19, 14, 336, 1, 14, 67, 16490 }, // U+04D5
    { 14, 24, 249, 0, 24, 84, 16557 }, // U+04D6
    { 11, 20, 214, 1, 20, 55, 16641 }, // U+04D7
    { 15, 18, 276, 1, 18, 68, 16696 }, // U+04D8
    { 11, 14, 214, 1, 14, 39, 16764 }, // U+04D9
    { 15, 24, 276, 1, 24, 90, 16803 }, // U+04DA
    { 11, 19, 214, 1, 19, 53, 16893 }, // U+04DB
    { 25, 23, 392, 0, 23, 144, 16946 }, // U+04DC
    { 21, 19, 320, 0, 19, 100, 17090 }, // U+04DD
    { 12, 24, 238, 1, 24, 72, 17190 }, // U+04DE
    { 10, 19, 190, 1, 19, 48, 17262 }, // U+04DF
    { 12, 18, 241, 1, 18, 54, 17310 }, // U+04E0
    { 12, 20, 219, 1, 14, 60, 17364 }, // U+04E1
    { 18, 22, 323, 1, 22, 99, 17424 }, // U+04E2
    { 15, 18, 270, 1, 18, 68, 17523 }, // U+04E3
    { 18, 23, 323, 1, 23, 104, 17591 }, // U+04E4
    { 15, 19, 270, 1, 19, 72, 17695 }, // U+04E5
    { 16, 24, 297, 1, 24, 96, 17767 }, // U+04E6
    { 12, 19, 231, 1, 19, 57, 17863 }, // U+04E7
    { 16, 18, 297, 1, 18, 72, 17920 }, // U+04E8
    { 12, 14, 231, 1, 14, 42, 17992 }, // U+04E9
    { 16, 24, 297, 1, 24, 96, 18034 }, // U+04EA
    { 12, 19, 231, 1, 19, 57, 18130 }, // U+04EB
    { 13, 24, 251, 1, 24, 78, 18187 }, // U+04EC
    { 11, 19, 198, 1, 19, 53, 18265 }, // U+04ED
    { 16, 23, 260, 0, 23, 92, 18318 }, // U+04EE
    { 15, 24, 226, 0, 18, 90, 18410 }, // U+04EF
    { 16, 24, 260, 0, 24, 96, 18500 }, // U+04F0
    { 14, 25, 226, 0, 19, 88, 18596 }, // U+04F1
    { 16, 24, 260, 0, 24, 96, 18684 }, // U+04F2
    { 14, 26, 226, 0, 20, 91, 18780 }, // U+04F3
    { 17, 23, 303, 1, 23, 98, 18871 }, // U+04F4
    { 15, 19, 253, 0, 19, 72, 18969 }, // U+04F5
    { 13, 23, 224, 0, 18, 75, 19041 }, // U+04F6
    { 11, 19, 183, 0, 14, 53, 19116 }, // U+04F7
    { 21, 23, 366, 1, 23, 121, 19169 }, // U+04F8
    { 19, 19, 328, 1, 19, 91, 19290 }, // U+04F9
    { 13, 23, 224, 1, 18, 75, 19381 }, // U+04FA
    { 11, 19, 183, 1, 14, 53, 19456 }, // U+04FB
    { 17, 23, 264, 0, 18, 98, 19509 }, // U+04FC
    { 15, 19, 231, 0, 14, 72, 19607 }, // U+04FD
    { 17, 18, 264, 0, 18, 77, 19679 }, // U+04FE
    { 15, 14, 231, 0, 14, 53, 19756 }, // U+04FF
    { 18, 23, 282, 0, 18, 104, 0 }, // U+1EA0
    { 12, 18, 225, 1, 14, 54, 104 }, // U+1EA1
    { 18, 26, 282, 0, 26, 117, 158 }, // U+1EA2
    { 12, 22, 225, 1, 22, 66, 275 }, // U+1EA3
    { 18, 25, 282, 0, 25, 113, 341 }, // U+1EA4
    { 13, 21, 225, 1, 21, 69, 454 }, // U+1EA5
    { 18, 25, 282, 0, 25, 113, 523 }, // U+1EA6
    { 13, 21, 225, 0, 21, 69, 636 }, // U+1EA7
    { 18, 27, 282, 0, 27, 122, 705 }, // U+1EA8
    { 12, 23, 225, 1, 23, 69, 827 }, // U+1EA9
    { 18, 27, 282, 0, 27, 122, 896 }, // U+1EAA
    { 12, 23, 225, 1, 23, 69, 1018 }, // U+1EAB
    { 18, 29, 282, 0, 24, 131, 1087 }, // U+1EAC
    { 12, 23, 225, 1, 19, 69, 1218 }, // U+1EAD
    { 18, 26, 282, 0, 26, 117, 1287 }, // U+1EAE
    { 12, 22, 225, 1, 22, 66, 1404 }, // U+1EAF
    { 18, 26, 282, 0, 26, 117, 1470 }, // U+1EB0
    { 12, 22, 225, 1, 22, 66, 1587 }, // U+1EB1
    { 18, 28, 282, 0, 28, 126, 1653 }, // U+1EB2
    { 12, 24, 225, 1, 24, 72, 1779 }, // U+1EB3
    { 18, 27, 282, 0, 27, 122, 1851 }, // U+1EB4
    { 12, 23, 225, 1, 23, 69, 1973 }, // U+1EB5
    { 18, 29, 282, 0, 24, 131, 2042 }, // U+1EB6
    { 12, 23, 225, 1, 19, 69, 2173 }, // U+1EB7
    { 14, 23, 249, 0, 18, 81, 2242 }, // U+1EB8
    { 11, 18, 214, 1, 14, 50, 2323 }, // U+1EB9
    { 14, 26, 249, 0, 26, 91, 2373 }, // U+1EBA
    { 11, 22, 214, 1, 22, 61, 2464 }, // U+1EBB
    { 14, 24, 249, 0, 24, 84, 2525 }, // U+1EBC
    { 11, 20, 214, 1, 20, 55, 2609 }, // U+1EBD
    { 15, 25, 249, 0, 25, 94, 2664 }, // U+1EBE
    { 12, 21, 214, 1, 21, 63, 2758 }, // U+1EBF
    { 14, 25, 249, 0, 25, 88, 2821 }, // U+1EC0
    { 13, 21, 214, -1, 21, 69, 2909 }, // U+1EC1
    { 14, 27, 249, 0, 27, 95, 2978 }, // U+1EC2
    { 11, 23, 214, 1, 23, 64, 3073 }, // U+1EC3
    { 14, 27, 249, 0, 27, 95, 3137 }, // U+1EC4
    { 11, 23, 214, 1, 23, 64, 3232 }, // U+1EC5
    { 14, 29, 249, 0, 24, 102, 3296 }, // U+1EC6
    { 11, 23, 214, 1, 19, 64, 3398 }, // U+1EC7
    { 7, 26, 147, 1, 26, 46, 3462 }, // U+1EC8
    { 7, 22, 128, 1, 22, 39, 3508 }, // U+1EC9
    { 7, 23, 147, 1, 18, 41, 3547 }, // U+1ECA
    { 7, 24, 128, 1, 19, 42, 3588 }, // U+1ECB
    { 16, 22, 297, 1, 18, 88, 3630 }, // U+1ECC
    { 12, 18, 231, 1, 14, 54, 3718 }, // U+1ECD
    { 16, 26, 297, 1, 26, 104, 3772 }, // U+1ECE
    { 12, 22, 231, 1, 22, 66, 3876 }, // U+1ECF
    { 16, 26, 297, 1, 26, 104, 3942 }, // U+1ED0
    { 13, 21, 231, 1, 21, 69, 4046 }, // U+1ED1
    { 16, 26, 297, 1, 26, 104, 4115 }, // U+1ED2
    { 13, 21, 231, 0, 21, 69, 4219 }, // U+1ED3
    { 16, 28, 297, 1, 28, 112, 4288 }, // U+1ED4
    { 12, 23, 231, 1, 23, 69, 4400 }, // U+1ED5
    { 16, 27, 297, 1, 27, 108, 4469 }, // U+1ED6
    { 12, 23, 231, 1, 23, 69, 4577 }, // U+1ED7
    { 16, 28, 297, 1, 24, 112, 4646 }, // U+1ED8
    { 12, 23, 231, 1, 19, 69, 4758 }, // U+1ED9
    { 18, 24, 311, 1, 24, 108, 4827 }, // U+1EDA
    { 14, 20, 243, 1, 20, 70, 4935 }, // U+1EDB
    { 18, 24, 311, 1, 24, 108, 5005 }, // U+1EDC
    { 14, 20, 243, 1, 20, 70, 5113 }, // U+1EDD
    { 18, 26, 311, 1, 26, 117, 5183 }, // U+1EDE
    { 14, 22, 243, 1, 22, 77, 5300 }, // U+1EDF
    { 18, 24, 311, 1, 24, 108, 5377 }, // U+1EE0
    { 14, 20, 243, 1, 20, 70, 5485 }, // U+1EE1
    { 18, 23, 311, 1, 19, 104, 5555 }, // U+1EE2
    { 14, 21, 243, 1, 17, 74, 5659 }, // U+1EE3
    { 17, 22, 287, 1, 18, 94, 5733 }, // U+1EE4
    { 16, 18, 254, 0, 14, 72, 5827 }, // U+1EE5
    { 17, 26, 287, 1, 26, 111, 5899 }, // U+1EE6
    { 16, 22, 254, 0, 22, 88, 6010 }, // U+1EE7
    { 19, 24, 311, 1, 24, 114, 6098 }, // U+1EE8
    { 18, 20, 270, 0, 20, 90, 6212 }, // U+1EE9
    { 19, 24, 311, 1, 24, 114, 6302 }, // U+1EEA
    { 18, 20, 270, 0, 20, 90, 6416 }, // U+1EEB
    { 19, 26, 311, 1, 26, 124, 6506 }, // U+1EEC
    { 18, 22, 270, 0, 22, 99, 6630 }, // U+1EED
    { 19, 24, 311, 1, 24, 114, 6729 }, // U+1EEE
    { 18, 20, 270, 0, 20, 90, 6843 }, // U+1EEF
    { 19, 23, 311, 1, 19, 110, 6933 }, // U+1EF0
    { 18, 21, 270, 0, 17, 95, 7043 }, // U+1EF1
    { 16, 24, 250, 0, 24, 96, 7138 }, // U+1EF2
    { 14, 25, 226, 0, 19, 88, 7234 }, // U+1EF3
    { 16, 23, 250, 0, 18, 92, 7322 }, // U+1EF4
    { 15, 20, 226, 0, 14, 75, 7414 }, // U+1EF5
    { 16, 26, 250, 0, 26, 104, 7489 }, // U+1EF6
    { 15, 28, 226, -1, 22, 105, 7593 }, // U+1EF7
    { 16, 24, 250, 0, 24, 96, 7698 }, // U+1EF8
    { 14, 26, 226, 0, 20, 91, 7794 }, // U+1EF9
    { 0, 0, 200, 0, 0, 0, 0 }, // U+2000
    { 0, 0, 400, 0, 0, 0, 0 }, // U+2001
    { 0, 0, 200, 0, 0, 0, 0 }, // U+2002
    { 0, 0, 400, 0, 0, 0, 0 }, // U+2003
    { 0, 0, 133, 0, 0, 0, 0 }, // U+2004
    { 0, 0, 100, 0, 0, 0, 0 }, // U+2005
    { 0, 0, 67, 0, 0, 0, 0 }, // U+2006
    { 0, 0, 224, 0, 0, 0, 0 }, // U+2007
    { 0, 0, 100, 0, 0, 0, 0 }, // U+2008
    { 0, 0, 66, 0, 0, 0, 0 }, // U+2009
    { 0, 0, 40, 0, 0, 0, 0 }, // U+200A
    { 0, 0, 0, 0, 0, 0, 0 }, // U+200B
    { 2, 20, 0, -1, 17, 10, 0 }, // U+200C
    { 7, 22, 0, -3, 19, 39, 10 }, // U+200D
    { 6, 23, 0, 0, 19, 35, 49 }, // U+200E
    { 6, 23, 0, -5, 19, 35, 84 }, // U+200F
    { 7, 3, 124, 1, 9, 6, 119 }, // U+2010
    { 7, 3, 124, 1, 9, 6, 125 }, // U+2011
    { 12, 3, 224, 1, 11, 9, 131 }, // U+2012
    { 13, 3, 200, 0, 8, 10, 140 }, // U+2013
    { 25, 3, 400, 0, 8, 19, 150 }, // U+2014
    { 25, 3, 400, 0, 8, 19, 169 }, // U+2015
    { 5, 25, 224, 4, 19, 32, 188 }, // U+2016
    { 11, 6, 164, 0, 0, 17, 220 }, // U+2017
    { 4, 8, 100, 1, 19, 8, 237 }, // U+2018
    { 5, 8, 100, 0, 18, 10, 245 }, // U+2019
    { 5, 8, 100, 0, 3, 10, 255 }, // U+201A
    { 4, 8, 100, 1, 18, 8, 265 }, // U+201B
    { 9, 8, 180, 1, 19, 18, 273 }, // U+201C
    { 10, 8, 180, 0, 18, 20, 291 }, // U+201D
    { 10, 8, 180, 0, 3, 20, 311 }, // U+201E
    { 9, 8, 180, 1, 18, 18, 331 }, // U+201F
    { 9, 23, 179, 1, 19, 52, 349 }, // U+2020
    { 9, 23, 179, 1, 19, 52, 401 }, // U+2021
    { 7, 7, 145, 1, 12, 13, 453 }, // U+2022
    { 8, 9, 200, 3, 14, 18, 466 }, // U+2023
    { 3, 3, 100, 2, 10, 3, 484 }, // U+2024
    { 10, 3, 214, 2, 10, 8, 487 }, // U+2025
    { 17, 3, 343, 2, 3, 13, 495 }, // U+2026
    { 3, 3, 100, 2, 9, 3, 508 }, // U+2027
    { 0, 0, 240, 0, 0, 0, 511 }, // U+2028
    { 0, 0, 240, 0, 0, 0, 511 }, // U+2029
    { 7, 21, 0, -1, 17, 37, 511 }, // U+202A
    { 6, 21, 0, -5, 17, 32, 548 }, // U+202B
    { 6, 21, 0, -3, 17, 32, 580 }, // U+202C
    { 7, 22, 0, -3, 18, 39, 612 }, // U+202D
    { 6, 22, 0, -3, 18, 33, 651 }, // U+202E
    { 0, 0, 66, 0, 0, 0, 684 }, // U+202F
    { 30, 18, 516, 1, 18, 135, 684 }, // U+2030
    { 40, 18, 674, 1, 18, 180, 819 }, // U+2031
    { 5, 6, 75, 0, 18, 8, 999 }, // U+2032
    { 9, 6, 150, 0, 18, 14, 1007 }, // U+2033
    { 14, 6, 226, 0, 18, 21, 1021 }, // U+2034
    { 5, 6, 75, 0, 18, 8, 1042 }, // U+2035
    { 9, 6, 150, 0, 18, 14, 1050 }, // U+2036
    { 14, 6, 226, 0, 18, 21, 1064 }, // U+2037
    { 8, 7, 160, 1, 1, 14, 1085 }, // U+2038
    { 6, 10, 133, 2, 12, 15, 1099 }, // U+2039
    { 6, 10, 133, 1, 12, 15, 1114 }, // U+203A
    { 18, 18, 328, 2, 18, 81, 1129 }, // U+203B
    { 9, 18, 224, 3, 18, 41, 1210 }, // U+203C
    { 12, 18, 216, 1, 18, 54, 1251 }, // U+203D
    { 12, 3, 184, 0, 22, 9, 1305 }, // U+203E
    { 20, 6, 0, -10, 0, 30, 1314 }, // U+203F
    { 20, 6, 0, -10, 22, 30, 1344 }, // U+2040
    { 12, 18, 180, 0, 18, 54, 1374 }, // U+2041
    { 23, 19, 400, 1, 19, 110, 1428 }, // U+2042
    { 7, 4, 145, 1, 11, 7, 1538 }, // U+2043
    { 12, 18, 25, -5, 18, 54, 1545 }, // U+2044
    { 6, 24, 144, 2, 19, 36, 1599 }, // U+2045
    { 7, 24, 144, 0, 19, 42, 1635 }, // U+2046
    { 22, 18, 382, 1, 18, 99, 1677 }, // U+2047
    { 16, 18, 307, 1, 18, 72, 1776 }, // U+2048
    { 16, 18, 304, 3, 18, 72, 1848 }, // U+2049
    { 11, 20, 224, 1, 15, 55, 1920 }, // U+204A
    { 14, 23, 247, 1, 19, 81, 1975 }, // U+204B
    { 13, 10, 239, 1, 14, 33, 2056 }, // U+204C
    { 14, 10, 239, 1, 14, 35, 2089 }, // U+204D
    { 11, 10, 200, 1, 14, 28, 2124 }, // U+204E
    { 4, 18, 114, 2, 14, 18, 2152 }, // U+204F
    { 17, 18, 292, 1, 18, 77, 2170 }, // U+2050
    { 11, 21, 200, 1, 19, 58, 2247 }, // U+2051
    { 8, 18, 132, 0, 18, 36, 2305 }, // U+2052
    { 12, 6, 224, 1, 12, 18, 2341 }, // U+2053
    { 20, 6, 0, -10, 0, 30, 2359 }, // U+2054
    { 11, 11, 216, 1, 14, 31, 2389 }, // U+2055
    { 11, 14, 246, 2, 14, 39, 2420 }, // U+2056
    { 17, 6, 277, 0, 18, 26, 2459 }, // U+2057
    { 13, 14, 284, 2, 14, 46, 2485 }, // U+2058
    { 13, 14, 284, 2, 14, 46, 2531 }, // U+2059
    { 3, 18, 115, 2, 18, 14, 2577 }, // U+205A
    { 13, 18, 284, 2, 18, 59, 2591 }, // U+205B
    { 13, 14, 279, 2, 14, 46, 2650 }, // U+205C
    { 3, 18, 115, 2, 18, 14, 2696 }, // U+205D
    { 3, 18, 115, 2, 18, 14, 2710 }, // U+205E
    { 0, 0, 89, 0, 0, 0, 2724 }, // U+205F
    { 0, 0, 240, 0, 0, 0, 2724 }, // U+2060
    { 0, 0, 240, 0, 0, 0, 2724 }, // U+2061
    { 0, 0, 240, 0, 0, 0, 2724 }, // U+2062
    { 0, 0, 240, 0, 0, 0, 2724 }, // U+2063
    { 0, 0, 240, 0, 0, 0, 2724 }, // U+2064
    { 0, 0, 0, 0, 0, 0, 2724 }, // U+2066
    { 0, 0, 0, 0, 0, 0, 2724 }, // U+2067
    { 0, 0, 0, 0, 0, 0, 2724 }, // U+2068
    { 0, 0, 0, 0, 0, 0, 2724 }, // U+2069
    { 6, 22, 0, -3, 18, 33, 2724 }, // U+206A
    { 7, 22, 0, -3, 18, 39, 2757 }, // U+206B
    { 7, 21, 0, -3, 18, 37, 2796 }, // U+206C
    { 7, 22, 0, -3, 19, 39, 2833 }, // U+206D
    { 7, 22, 0, -3, 19, 39, 2872 }, // U+206E
    { 7, 22, 0, -3, 18, 39, 2911 }, // U+206F
    { 9, 12, 160, 1, 22, 27, 0 }, // U+2070
    { 6, 13, 83, 0, 20, 20, 27 }, // U+2071
    { 9, 12, 160, 1, 22, 27, 47 }, // U+2074
    { 8, 11, 160, 1, 21, 22, 74 }, // U+2075
    { 8, 12, 160, 1, 22, 24, 96 }, // U+2076
    { 8, 11, 160, 1, 21, 22, 120 }, // U+2077
    { 8, 12, 160, 1, 22, 24, 142 }, // U+2078
    { 8, 12, 160, 1, 22, 24, 166 }, // U+2079
    { 8, 8, 157, 1, 19, 16, 190 }, // U+207A
    { 8, 1, 157, 1, 16, 2, 206 }, // U+207B
    { 8, 5, 157, 1, 18, 10, 208 }, // U+207C
    { 5, 17, 100, 2, 24, 22, 218 }, // U+207D
    { 6, 17, 100, -1, 24, 26, 240 }, // U+207E
    { 11, 9, 168, 0, 16, 25, 266 }, // U+207F
    { 9, 12, 160, 1, 9, 27, 291 }, // U+2080
    { 8, 12, 160, 1, 9, 24, 318 }, // U+2081
    { 8, 12, 160, 1, 9, 24, 342 }, // U+2082
    { 8, 12, 160, 1, 9, 24, 366 }, // U+2083
    { 9, 12, 160, 1, 9, 27, 390 }, // U+2084
    { 8, 12, 160, 1, 9, 24, 417 }, // U+2085
    { 8, 12, 160, 1, 9, 24, 441 }, // U+2086
    { 8, 12, 160, 1, 9, 24, 465 }, // U+2087
    { 8, 12, 160, 1, 9, 24, 489 }, // U+2088
    { 8, 12, 160, 1, 9, 24, 513 }, // U+2089
    { 8, 8, 157, 1, 6, 16, 537 }, // U+208A
    { 8, 1, 157, 1, 3, 2, 553 }, // U+208B
    { 8, 5, 157, 1, 5, 10, 555 }, // U+208C
    { 5, 16, 100, 2, 11, 20, 565 }, // U+208D
    { 6, 16, 100, -1, 11, 24, 585 }, // U+208E
    { 8, 8, 146, 1, 6, 16, 609 }, // U+2090
    { 7, 8, 139, 1, 6, 14, 625 }, // U+2091
    { 8, 8, 150, 1, 6, 16, 639 }, // U+2092
    { 10, 8, 150, 0, 6, 20, 655 }, // U+2093
    { 7, 8, 139, 1, 6, 14, 675 }, // U+2094
    { 11, 11, 165, 0, 9, 31, 689 }, // U+2095
    { 10, 11, 152, 0, 9, 28, 720 }, // U+2096
    { 6, 11, 81, 0, 9, 17, 748 }, // U+2097
    { 15, 8, 246, 0, 6, 30, 765 }, // U+2098
    { 11, 8, 168, 0, 6, 22, 795 }, // U+2099
    { 10, 12, 160, 0, 6, 30, 817 }, // U+209A
    { 6, 8, 117, 1, 6, 12, 847 }, // U+209B
    { 6, 11, 92, 0, 9, 17, 859 }, // U+209C
    { 15, 18, 265, 1, 18, 68, 0 }, // U+20A0
    { 13, 21, 246, 1, 19, 69, 68 }, // U+20A1
    { 13, 18, 246, 1, 18, 59, 137 }, // U+20A2
    { 12, 18, 224, 1, 18, 54, 196 }, // U+20A3
    { 12, 18, 224, 1, 18, 54, 250 }, // U+20A4
    { 22, 20, 378, 1, 17, 110, 304 }, // U+20A5
    { 16, 18, 265, 1, 18, 72, 414 }, // U+20A6
    { 19, 18, 328, 1, 18, 86, 486 }, // U+20A7
    { 24, 18, 408, 1, 18, 108, 572 }, // U+20A8
    { 27, 18, 419, 0, 18, 122, 680 }, // U+20A9
    { 17, 16, 357, 3, 16, 68, 802 }, // U+20AA
    { 14, 23, 246, 1, 19, 81, 870 }, // U+20AB
    { 13, 18, 224, 1, 18, 59, 951 }, // U+20AC
    { 19, 18, 280, 0, 18, 86, 1010 }, // U+20AD
    { 14, 18, 224, 1, 18, 63, 1096 }, // U+20AE
    { 25, 26, 400, 1, 21, 163, 1159 }, // U+20AF
    { 13, 24, 224, -1, 18, 78, 1322 }, // U+20B0
    { 15, 18, 242, 0, 18, 68, 1400 }, // U+20B1
    { 16, 22, 286, 1, 20, 88, 1468 }, // U+20B2
    { 17, 18, 282, 0, 18, 77, 1556 }, // U+20B3
    { 13, 18, 218, 1, 18, 59, 1633 }, // U+20B4
    { 13, 22, 246, 1, 20, 72, 1692 }, // U+20B5
    { 14, 18, 237, 1, 18, 63, 1764 }, // U+20B6
    { 12, 20, 224, 1, 18, 60, 1827 }, // U+20B7
    { 12, 18, 224, 1, 18, 54, 1887 }, // U+20B8
    { 13, 18, 224, 1, 18, 59, 1941 }, // U+20B9
    { 13, 18, 224, 0, 18, 59, 2000 }, // U+20BA
    { 15, 18, 261, 0, 18, 68, 2059 }, // U+20BB
    { 15, 18, 314, 2, 18, 68, 2127 }, // U+20BC
    { 13, 18, 236, 1, 18, 59, 2195 }, // U+20BD
    { 15, 19, 269, 1, 19, 72, 2254 }, // U+20BE
    { 12, 22, 224, 1, 20, 66, 2326 }, // U+20BF
    { 11, 18, 197, 1, 14, 50, 2392 }, // U+20C0
    { 12, 2, 232, 1, 10, 6, 0 }, // U+2212
    { 19, 19, 283, 1, 19, 91, 0 }, // U+FB00
    { 16, 19, 265, 1, 19, 76, 91 }, // U+FB01
    { 16, 19, 265, 1, 19, 76, 167 }, // U+FB02
    { 24, 19, 401, 1, 19, 114, 243 }, // U+FB03
    { 24, 19, 400, 1, 19, 114, 357 }, // U+FB04
    { 17, 19, 267, 1, 19, 81, 471 }, // U+FB05
    { 18, 19, 316, 1, 19, 86, 552 }, // U+FB06
    { 23, 24, 400, 1, 19, 138, 0 }, // U+FFFD
};

static const EpdUnicodeInterval notoserif_12_regularIntervals[] = {
    { 0x0, 0x0, 0x0 },
    { 0xD, 0xD, 0x1 },
    { 0x20, 0x7E, 0x2 },
    { 0xA0, 0x17F, 0x61 },
    { 0x1A0, 0x1A1, 0x141 },
    { 0x1AF, 0x1B0, 0x143 },
    { 0x1C4, 0x21F, 0x145 },
    { 0x300, 0x36F, 0x1A1 },
    { 0x400, 0x4FF, 0x211 },
    { 0x1EA0, 0x1EF9, 0x311 },
    { 0x2000, 0x2064, 0x36B },
    { 0x2066, 0x2071, 0x3D0 },
    { 0x2074, 0x208E, 0x3DC },
    { 0x2090, 0x209C, 0x3F7 },
    { 0x20A0, 0x20C0, 0x404 },
    { 0x2212, 0x2212, 0x425 },
    { 0xFB00, 0xFB06, 0x426 },
    { 0xFFFD, 0xFFFD, 0x42D },
};

static const EpdFontGroup notoserif_12_regularGroups[] = {
    { 0, 2647, 5479, 97, 0 },
    { 2647, 2361, 6367, 96, 97 },
    { 5008, 2974, 10342, 128, 193 },
    { 7982, 3074, 9179, 96, 321 },
    { 11056, 849, 1516, 112, 417 },
    { 11905, 8095, 21591, 256, 529 },
    { 20000, 1999, 8523, 90, 785 },
    { 21999, 1342, 3366, 111, 875 },
    { 23341, 521, 999, 42, 986 },
    { 23862, 1522, 2688, 33, 1028 },
    { 25384, 6, 6, 1, 1061 },
    { 25390, 282, 665, 7, 1062 },
    { 25672, 98, 144, 1, 1069 },
};

static const uint16_t notoserif_12_regularKernLeftCodepoints[] = {
    0x0022, 0x0026, 0x0027, 0x002A, 0x002C, 0x002E, 0x0040, 0x0041, 0x0042, 0x0044, 0x0045, 0x0046,
    0x0047, 0x004B, 0x004C, 0x004E, 0x004F, 0x0050, 0x0051, 0x0052, 0x0053, 0x0054, 0x0055, 0x0056,
    0x0057, 0x0058, 0x0059, 0x0061, 0x0062, 0x0065, 0x0066, 0x0067, 0x0068, 0x006B, 0x006D, 0x006E,
    0x006F, 0x0070, 0x0072, 0x0073, 0x0076, 0x0077, 0x0079, 0x00A1, 0x00BF, 0x00C0, 0x00C1, 0x00C2,
    0x00C3, 0x00C4, 0x00C5, 0x00C6, 0x00C8, 0x00C9, 0x00CA, 0x00CB, 0x00D0, 0x00D1, 0x00D2, 0x00D3,
    0x00D4, 0x00D5, 0x00D6, 0x00D8, 0x00D9, 0x00DA, 0x00DB, 0x00DC, 0x00DD, 0x00DE, 0x00DF, 0x00E0,
    0x00E1, 0x00E2, 0x00E3, 0x00E4, 0x00E5, 0x00E6, 0x00E8, 0x00E9, 0x00EA, 0x00EB, 0x00F0, 0x00F1,
    0x00F2, 0x00F3, 0x00F4, 0x00F5, 0x00F6, 0x00F8, 0x00FD, 0x00FE, 0x00FF, 0x0100, 0x0102, 0x0104,
    0x010E, 0x010F, 0x0110, 0x0112, 0x0113, 0x0114, 0x0115, 0x0116, 0x0117, 0x0118, 0x0119, 0x011A,
    0x011B, 0x011C, 0x011E, 0x0120, 0x0122, 0x0125, 0x0127, 0x0129, 0x0136, 0x0137, 0x0138, 0x0139,
    0x013B, 0x013E, 0x0141, 0x0143, 0x0144, 0x0145, 0x0146, 0x0147, 0x0148, 0x0149, 0x014B, 0x014C,
    0x014D, 0x014E, 0x014F, 0x0150, 0x0151, 0x0152, 0x0153, 0x0154, 0x0155, 0x0156, 0x0157, 0x0158,
    0x0159, 0x015A, 0x015B, 0x015C, 0x015D, 0x015E, 0x015F, 0x0160, 0x0161, 0x0162, 0x0164, 0x0165,
    0x0166, 0x0168, 0x016A, 0x016C, 0x016E, 0x0170, 0x0172, 0x0174, 0x0175, 0x0176, 0x0177, 0x0178,
    0x01A0, 0x01A1, 0x01AF, 0x01B0, 0x01FA, 0x01FC, 0x01FD, 0x01FE, 0x01FF, 0x0218, 0x0219, 0x021A,
    0x0402, 0x0409, 0x040A, 0x040E, 0x0423, 0x042A, 0x042C, 0x0431, 0x043E, 0x0440, 0x0444, 0x044D,
    0x044E, 0x0457, 0x0460, 0x0462, 0x0465, 0x0466, 0x0468, 0x046A, 0x046C, 0x046E, 0x046F, 0x0472,
    0x0473, 0x0474, 0x0476, 0x0478, 0x0479, 0x047A, 0x047B, 0x047C, 0x047D, 0x047E, 0x0481, 0x048C,
    0x048D, 0x048E, 0x048F, 0x0490, 0x0491, 0x0493, 0x0494, 0x0496, 0x0497, 0x0498, 0x0499, 0x049A,
    0x049B, 0x049C, 0x049D, 0x049E, 0x049F, 0x04A0, 0x04A1, 0x04A3, 0x04A4, 0x04A5, 0x04A6, 0x04A8,
    0x04AB, 0x04AC, 0x04AD, 0x04B2, 0x04B3, 0x04B5, 0x04B7, 0x04BA, 0x04BC, 0x04BD, 0x04BE, 0x04BF,
    0x04C3, 0x04C6, 0x04D0, 0x04D1, 0x04D2, 0x04D3, 0x04D4, 0x04D5, 0x04D6, 0x04D7, 0x04D8, 0x04D9,
    0x04DA, 0x04DB, 0x04E0, 0x04E6, 0x04E7, 0x04E8, 0x04E9, 0x04EA, 0x04EB, 0x04ED, 0x04EE, 0x04EF,
    0x04F0, 0x04F1, 0x04F2, 0x04F3, 0x04F6, 0x04F7, 0x04FB, 0x04FC, 0x04FD, 0x04FE, 0x04FF, 0x1EA0,
    0x1EA1, 0x1EA2, 0x1EA3, 0x1EA4, 0x1EA5, 0x1EA6, 0x1EA7, 0x1EA8, 0x1EA9, 0x1EAA, 0x1EAB, 0x1EAC,
    0x1EAD, 0x1EAE, 0x1EAF, 0x1EB0, 0x1EB1, 0x1EB2, 0x1EB3, 0x1EB4, 0x1EB5, 0x1EB6, 0x1EB7, 0x1EB8,
    0x1EB9, 0x1EBA, 0x1EBB, 0x1EBC, 0x1EBD, 0x1EBE, 0x1EBF, 0x1EC0, 0x1EC1, 0x1EC2, 0x1EC3, 0x1EC4,
    0x1EC5, 0x1EC6, 0x1EC7, 0x1ECC, 0x1ECD, 0x1ECE, 0x1ECF, 0x1ED0, 0x1ED1, 0x1ED2, 0x1ED3, 0x1ED4,
    0x1ED5, 0x1ED6, 0x1ED7, 0x1ED8, 0x1ED9, 0x1EDA, 0x1EDB, 0x1EDC, 0x1EDD, 0x1EDE, 0x1EDF, 0x1EE0,
    0x1EE1, 0x1EE2, 0x1EE3, 0x1EE4, 0x1EE6, 0x1EE8, 0x1EE9, 0x1EEA, 0x1EEB, 0x1EEC, 0x1EED, 0x1EEE,
    0x1EEF, 0x1EF0, 0x1EF1, 0x1EF2, 0x1EF3, 0x1EF4, 0x1EF5, 0x1EF6, 0x1EF7, 0x1EF8, 0x1EF9, 0x2018,
    0x2019, 0x201A, 0x201C, 0x201D, 0x201E, 0x2026, 0x207D, 0x208D, 0xFB00,
};

static const uint8_t notoserif_12_regularKernLeftClassIds[] = {
      1,   2,   1,   3,   4,   4,   5,   6,   7,   8,   9,  10,  11,  12,  13,  14,
      8,   3,   8,  15,  16,  17,  18,  19,  20,  21,  22,  23,  24,  25,  26,  27,
     23,  28,  23,  23,  24,  24,  29,  30,  31,  32,  33,  34,  35,  36,  36,  36,
     36,  36,  36,   9,   9,   9,   9,   9,   8,  14,   8,   8,   8,   8,   8,   8,
     18,  18,  18,  18,  22,   8,  24,  23,  23,  23,  23,  23,  23,  25,  25,  25,
     25,  25,  24,  23,  24,  24,  24,  24,  24,  24,  33,  24,  33,   6,  36,  36,
      8,  37,   8,   9,  25,   9,  25,   9,  25,   9,  25,   9,  25,  11,  11,  11,
     11,  23,  23,  38,  12,  28,  28,  13,  13,  37,  13,  14,  23,  14,  23,  14,
     23,  23,  23,   8,  24,   8,  24,   8,  24,   9,  25,  15,  29,  15,  29,  15,
     29,  16,  30,  16,  30,  16,  30,  16,  30,  17,  17,  39,  17,  18,  18,  18,
     18,  18,  18,  20,  32,  22,  33,  22,  40,  41,  42,  43,   6,   9,  25,   8,
     24,  16,  30,  17,  44,  45,  45,  46,  46,  45,  45,  47,  48,  48,  49,  49,
     49,  50,  51,  52,  53,  54,  54,  55,  55,  56,  24,  51,  48,  57,  57,  33,
     58,  51,  48,  51,  24,  51,  53,  52,  24,  59,  48,  60,  61,  61,  62,  55,
     63,  56,  48,  55,  63,  55,  63,  55,  63,  55,  63,  64,  60,  61,  62,  51,
     53,  60,  61,  65,  63,  64,  64,  62,  51,  48,  51,  48,  62,  64,  54,  23,
     54,  23,  66,  48,  66,  48,  51,  48,  51,  48,  56,  51,  48,  51,  48,  51,
     48,  48,  46,  58,  46,  58,  46,  58,  60,  61,  61,  65,  63,  65,  63,  36,
     23,  36,  23,  36,  23,  36,  23,  36,  23,  36,  23,  36,  23,  36,  23,  36,
     23,  36,  23,  36,  23,  36,  23,   9,  25,   9,  25,   9,  25,   9,  25,   9,
     25,   9,  25,   9,  25,   9,  25,   8,  24,   8,  24,   8,  24,   8,  24,   8,
     24,   8,  24,   8,  24,  40,  41,  40,  41,  40,  41,  40,  41,  40,  41,  18,
     18,  42,  43,  42,  43,  42,  43,  42,  43,  42,  43,  22,  33,  22,  33,  22,
     33,  22,  33,  67,  68,   4,  67,  68,   4,   4,  69,  70,  26,
};

static const uint16_t notoserif_12_regularKernRightCodepoints[] = {
    0x0021, 0x0022, 0x0026, 0x0027, 0x0029, 0x002A, 0x002C, 0x002E, 0x003A, 0x003B, 0x003F, 0x0040,
    0x0041, 0x0042, 0x0043, 0x0044, 0x0045, 0x0046, 0x0047, 0x0048, 0x0049, 0x004A, 0x004B, 0x004C,
    0x004D, 0x004E, 0x004F, 0x0050, 0x0051, 0x0052, 0x0053, 0x0054, 0x0055, 0x0056, 0x0057, 0x0058,
    0x0059, 0x005A, 0x005D, 0x0061, 0x0062, 0x0063, 0x0064, 0x0065, 0x0067, 0x0068, 0x0069, 0x006B,
    0x006C, 0x006D, 0x006E, 0x006F, 0x0070, 0x0071, 0x0072, 0x0073, 0x0074, 0x0075, 0x0076, 0x0077,
    0x0078, 0x0079, 0x007A, 0x007D, 0x00AB, 0x00B7, 0x00BB, 0x00C0, 0x00C1, 0x00C2, 0x00C3, 0x00C4,
    0x00C5, 0x00C6, 0x00C7, 0x00C8, 0x00C9, 0x00CA, 0x00CB, 0x00CC, 0x00CD, 0x00CE, 0x00CF, 0x00D0,
    0x00D1, 0x00D2, 0x00D3, 0x00D4, 0x00D5, 0x00D6, 0x00D8, 0x00D9, 0x00DA, 0x00DB, 0x00DC, 0x00DD,
    0x00DE, 0x00E0, 0x00E1, 0x00E2, 0x00E3, 0x00E4, 0x00E5, 0x00E6, 0x00E7, 0x00E8, 0x00E9, 0x00EA,
    0x00EB, 0x00EC, 0x00ED, 0x00EE, 0x00EF, 0x00F0, 0x00F1, 0x00F2, 0x00F3, 0x00F4, 0x00F5, 0x00F6,
    0x00F8, 0x00F9, 0x00FA, 0x00FB, 0x00FC, 0x00FD, 0x00FE, 0x00FF, 0x0100, 0x0101, 0x0102, 0x0103,
    0x0104, 0x0105, 0x0106, 0x0107, 0x0108, 0x0109, 0x010A, 0x010B, 0x010C, 0x010D, 0x010E, 0x010F,
    0x0110, 0x0111, 0x0112, 0x0113, 0x0114, 0x0115, 0x0116, 0x0117, 0x0118, 0x0119, 0x011A, 0x011B,
    0x011C, 0x011D, 0x011E, 0x011F, 0x0120, 0x0121, 0x0122, 0x0123, 0x0124, 0x0125, 0x0126, 0x0127,
    0x0128, 0x0129, 0x012A, 0x012B, 0x012C, 0x012D, 0x012E, 0x012F, 0x0130, 0x0132, 0x0133, 0x0134,
    0x0136, 0x0137, 0x0138, 0x0139, 0x013A, 0x013B, 0x013C, 0x013D, 0x013E, 0x013F, 0x0140, 0x0141,
    0x0142, 0x0143, 0x0144, 0x0145, 0x0146, 0x0147, 0x0148, 0x014A, 0x014B, 0x014C, 0x014D, 0x014E,
    0x014F, 0x0150, 0x0151, 0x0152, 0x0153, 0x0154, 0x0155, 0x0156, 0x0157, 0x0158, 0x015A, 0x015B,
    0x015C, 0x015D, 0x015E, 0x015F, 0x0160, 0x0161, 0x0162, 0x0163, 0x0164, 0x0165, 0x0166, 0x0167,
    0x0168, 0x0169, 0x016A, 0x016B, 0x016C, 0x016D, 0x016E, 0x016F, 0x0170, 0x0171, 0x0172, 0x0173,
    0x0174, 0x0175, 0x0176, 0x0177, 0x0178, 0x0179, 0x017A, 0x017B, 0x017C, 0x017D, 0x017E, 0x01A0,
    0x01A1, 0x01AF, 0x01B0, 0x01FA, 0x01FB, 0x01FC, 0x01FD, 0x01FE, 0x01FF, 0x0218, 0x0219, 0x021A,
    0x021B, 0x0402, 0x040B, 0x040E, 0x0416, 0x0422, 0x0423, 0x0425, 0x0427, 0x042A, 0x042F, 0x0431,
    0x0436, 0x0443, 0x0445, 0x0447, 0x0451, 0x0456, 0x045E, 0x0460, 0x0462, 0x0466, 0x046A, 0x046E,
    0x0472, 0x0473, 0x0478, 0x0479, 0x047A, 0x047B, 0x047C, 0x047D, 0x047E, 0x0480, 0x0481, 0x0496,
    0x0498, 0x0499, 0x04A0, 0x04A1, 0x04A8, 0x04A9, 0x04AA, 0x04AB, 0x04AC, 0x04AD, 0x04B2, 0x04B4,
    0x04B5, 0x04B6, 0x04B7, 0x04B8, 0x04B9, 0x04C1, 0x04C2, 0x04CB, 0x04CC, 0x04D0, 0x04D2, 0x04D4,
    0x04D5, 0x04D7, 0x04D8, 0x04D9, 0x04DA, 0x04DC, 0x04DD, 0x04E0, 0x04E1, 0x04E6, 0x04E7, 0x04E8,
    0x04E9, 0x04EA, 0x04EB, 0x04EE, 0x04EF, 0x04F0, 0x04F1, 0x04F2, 0x04F3, 0x04F4, 0x04F5, 0x04FC,
    0x04FE, 0x1EA0, 0x1EA1, 0x1EA2, 0x1EA3, 0x1EA4, 0x1EA5, 0x1EA6, 0x1EA7, 0x1EA8, 0x1EA9, 0x1EAA,
    0x1EAB, 0x1EAC, 0x1EAD, 0x1EAE, 0x1EAF, 0x1EB0, 0x1EB1, 0x1EB2, 0x1EB3, 0x1EB4, 0x1EB5, 0x1EB6,
    0x1EB7, 0x1EB8, 0x1EB9, 0x1EBA, 0x1EBB, 0x1EBC, 0x1EBD, 0x1EBE, 0x1EBF, 0x1EC0, 0x1EC1, 0x1EC2,
    0x1EC3, 0x1EC4, 0x1EC5, 0x1EC6, 0x1EC7, 0x1EC9, 0x1ECB, 0x1ECC, 0x1ECD, 0x1ECE, 0x1ECF, 0x1ED0,
    0x1ED1, 0x1ED2, 0x1ED3, 0x1ED4, 0x1ED5, 0x1ED6, 0x1ED7, 0x1ED8, 0x1ED9, 0x1EDA, 0x1EDB, 0x1EDC,
    0x1EDD, 0x1EDE, 0x1EDF, 0x1EE0, 0x1EE1, 0x1EE2, 0x1EE3, 0x1EE4, 0x1EE5, 0x1EE6, 0x1EE7, 0x1EE8,
    0x1EE9, 0x1EEA, 0x1EEB, 0x1EEC, 0x1EED, 0x1EEE, 0x1EEF, 0x1EF0, 0x1EF1, 0x1EF2, 0x1EF3, 0x1EF4,
    0x1EF5, 0x1EF6, 0x1EF7, 0x1EF8, 0x1EF9, 0x2018, 0x2019, 0x201A, 0x201C, 0x201D, 0x201E, 0x2026,
    0x2039, 0x203A, 0x207E, 0x208E,
};

static const uint8_t notoserif_12_regularKernRightClassIds[] = {
      1,   2,   3,   2,   4,   5,   6,   7,   8,   8,   9,  10,  11,  12,  13,  12,
     12,  12,  13,  12,  12,  14,  12,  12,  12,  12,  13,  12,  13,  12,  15,  16,
     17,  18,  19,  20,  21,  22,   4,  23,  24,  25,  25,  25,  26,  24,  27,  24,
     24,  27,  27,  25,  27,  25,  27,  28,  29,  30,  31,  32,  33,  34,  35,   4,
     36,  37,  36,  11,  11,  11,  11,  11,  11,  38,  13,  12,  12,  12,  12,  12,
     12,  12,  12,  12,  12,  13,  13,  13,  13,  13,  13,  17,  17,  17,  17,  21,
     12,  23,  23,  23,  23,  23,  23,  23,  25,  25,  25,  25,  25,  39,  27,  39,
     39,  25,  27,  25,  25,  25,  25,  25,  25,  30,  30,  30,  30,  34,  24,  34,
     11,  23,  11,  23,  11,  23,  13,  25,  13,  25,  13,  25,  13,  25,  12,  25,
     12,  25,  12,  25,  12,  25,  12,  25,  12,  25,  12,  25,  13,  25,  13,  25,
     13,  25,  13,  25,  12,  24,  12,  24,  12,  40,  12,  39,  12,  39,  12,  27,
     12,  12,  27,  14,  12,  24,  27,  12,  24,  12,  24,  12,  24,  12,  24,  12,
     24,  12,  27,  12,  27,  12,  27,  12,  27,  13,  25,  13,  25,  13,  25,  13,
     25,  12,  27,  12,  27,  12,  15,  28,  15,  28,  15,  28,  15,  28,  16,  29,
     16,  29,  16,  29,  17,  30,  17,  30,  17,  30,  17,  30,  17,  30,  17,  30,
     19,  32,  21,  34,  21,  22,  35,  22,  35,  22,  35,  13,  25,  17,  30,  11,
     23,  38,  23,  13,  25,  15,  28,  16,  29,  41,  41,  42,  41,  41,  42,  41,
     43,  41,  44,  45,  46,  47,  46,  48,  49,  50,  47,  51,  16,  52,  53,  54,
     51,  55,  51,  55,  51,  55,  51,  25,  51,  51,  55,  53,  54,  56,  57,  58,
     51,  55,  51,  55,  57,  58,  53,  57,  58,  59,  60,  43,  48,  41,  46,  59,
     60,  52,  52,  38,  61,  55,  51,  61,  51,  41,  46,  54,  35,  51,  55,  51,
     55,  51,  55,  42,  62,  42,  62,  42,  62,  43,  48,  53,  53,  11,  23,  11,
     23,  11,  23,  11,  23,  11,  23,  11,  23,  11,  23,  11,  23,  11,  23,  11,
     23,  11,  23,  11,  23,  12,  25,  12,  25,  12,  25,  12,  25,  12,  25,  12,
     25,  12,  25,  12,  25,  27,  27,  13,  25,  13,  25,  13,  25,  13,  25,  13,
     25,  13,  25,  13,  25,  13,  25,  13,  25,  13,  25,  13,  25,  13,  25,  17,
     30,  17,  30,  17,  30,  17,  30,  17,  30,  17,  30,  17,  30,  21,  34,  21,
     34,  21,  34,  21,  34,  63,   5,   7,  63,   5,   7,   7,  36,  36,  64,  65,
};

static const uint16_t notoserif_12_regularKernRowOffsets[] = {
        0,     5,    10,    16,    32,    34,    50,    64,    77,    80,    89,    95,   101,   113,   114,   125,
      137,   148,   153,   165,   176,   180,   194,   199,   205,   208,   213,   214,   216,   220,   222,   225,
      228,   231,   234,   239,   255,   271,   272,   276,   295,   304,   320,   326,   335,   336,   338,   343,
      346,   350,   352,   359,   365,   366,   384,   398,   407,   421,   423,   427,   441,   445,   452,   456,
      457,   468,   469,   472,   479,   480,   481,
};

static const uint8_t notoserif_12_regularKernSparseCols[] = {
     10,  24,  25,  37,  51,   8,  15,  17,  18,  20,   2,   5,   6,  10,  37,  51,
      8,  12,  15,  16,  17,  18,  20,  30,  31,  33,  50,  56,  57,  58,  59,  61,
     10,  20,   1,   4,   8,  12,  15,  16,  17,  18,  20,  24,  25,  29,  30,  31,
     33,  62,   4,   8,  10,  15,  17,  18,  19,  20,  21,  31,  33,  37,  51,  56,
      5,   6,   8,  10,  15,  17,  18,  19,  20,  37,  51,  52,  56,  17,  18,  20,
      2,   5,   6,   9,  10,  22,  24,  25,  37,   8,  15,  17,  18,  20,  37,  12,
     24,  25,  29,  31,  33,   1,   4,   8,  15,  17,  18,  20,  30,  31,  33,  36,
     62,  35,   4,   8,  12,  15,  16,  17,  18,  20,  30,  31,  33,   8,  10,  15,
     17,  18,  19,  20,  31,  33,  37,  51,  56,   2,   5,   6,   9,  10,  12,  22,
     24,  25,  27,  37,   5,   6,   9,  10,  37,   2,   5,   6,   9,  10,  12,  22,
     24,  25,  27,  37,  51,   5,   6,   9,  10,  12,  22,  24,  25,  27,  34,  37,
     12,  14,  31,  33,   2,   5,   6,   9,  10,  12,  14,  22,  24,  25,  27,  34,
     37,  51,   1,  33,  58,  59,  61,  17,  18,  20,  33,  58,  61,  17,  18,  20,
      1,   3,   4,  38,  39,  18,  24,  25,   4,   5,   6,  22,  20,  58,   5,   6,
     10,   5,   6,  10,   5,   6,  10,  17,  18,  20,   8,  15,  17,  18,  20,   1,
      4,   8,  12,  15,  16,  17,  18,  20,  24,  25,  29,  30,  31,  33,  62,   0,
      1,   3,   4,   8,  11,  13,  15,  16,  17,  18,  19,  20,  21,  23,  62,  39,
      1,   3,   8,  23,   5,   6,   7,   8,  10,  15,  17,  18,  20,  22,  24,  25,
     26,  27,  28,  30,  31,  32,  33,   4,   5,   6,  26,  28,  29,  30,  31,  33,
      5,   6,   7,  10,  12,  22,  24,  25,  26,  27,  28,  29,  30,  31,  33,  34,
      4,   5,   6,  26,  28,  30,   1,   8,  15,  42,  45,  46,  47,  56,  62,  56,
     48,  49,  40,  41,  56,  58,  59,  56,  58,  59,  42,  56,  58,  59,  42,  62,
      5,   6,  37,  51,  52,  56,  58,   1,   4,  56,  58,  59,  62,  58,   1,   4,
      8,  12,  15,  17,  20,  24,  25,  29,  31,  33,  50,  56,  57,  58,  59,  62,
     12,  24,  25,  29,  31,  33,  44,  50,  53,  54,  57,  58,  59,  61,   5,   6,
     31,  33,  37,  51,  52,  57,  58,   5,   6,  12,  22,  24,  25,  27,  37,  50,
     51,  53,  54,  55,  60,   5,   6,   5,   6,  37,  51,   5,   6,  12,  22,  24,
     25,  27,  37,  43,  50,  51,  54,  55,  60,   4,   5,   6,  51,   1,   4,   8,
     15,  56,  58,  61,  24,  25,  54,  60,   3,  12,  24,  25,  29,  31,  33,  50,
     53,  57,  58,  61,  57,  10,  37,  51,  10,  12,  22,  24,  25,  27,  39,  63,
     64,
};

static const int8_t notoserif_12_regularKernSparseValues[] = {
     -32,   -8,  -24,  -48,  -32,  -12,  -12,  -16,  -16,  -12,   -4,  -48,  -48,  -20,  -32,  -20,
     -36,   -8,  -36,   -8,  -44,  -36,  -32,  -28,  -24,  -20,   -8,  -36,  -28,  -32,  -20,  -20,
     -12,   -4,  -32,  -28,  -24,   -8,  -24,   -8,  -32,  -28,  -28,   -8,   -8,   -8,  -24,  -12,
     -20,  -28,   -8,   -8,   -8,   -8,  -16,  -12,   -8,  -16,   -8,   -4,   -8,  -12,   -8,   -8,
      -8,   -8,   -8,   -8,   -8,   -8,   -8,   -8,  -12,  -20,   -8,   -8,   -8,   -8,   -8,   -8,
      -8,  -48,  -48,  -16,  -28,  -16,  -16,  -16,  -44,   -8,   -8,   -8,   -8,   -8,   -8,   -8,
      -8,   -8,   -8,  -12,  -12,  -24,  -32,  -28,  -28,  -20,  -20,  -24,   -8,   -4,  -12,   -8,
     -32,   -4,   -8,   -8,   -8,   -8,   -4,  -12,  -12,  -12,   -4,   -4,   -8,   -8,   -8,   -8,
      -8,   -8,   -8,   -8,   -4,   -8,   -8,   -8,   -8,   -4,  -36,  -36,  -12,  -24,   -8,  -12,
     -20,  -20,   -2,  -32,   -8,   -8,   -4,   -8,  -16,  -12,  -44,  -44,  -20,  -32,   -8,  -24,
     -24,  -24,  -16,  -52,  -32,  -36,  -36,  -20,  -28,   -8,  -28,  -24,  -24,  -20,  -12,  -52,
      -8,   -4,  -12,  -20,   -4,  -32,  -32,  -16,  -28,  -12,   -8,  -24,  -28,  -28,  -24,   -8,
     -36,  -28,  -16,   -8,  -12,   -8,   -8,  -24,  -24,  -28,   -8,  -12,   -8,  -24,  -24,  -24,
      32,   36,   32,   16,   16,   -8,   -8,   -8,   12,  -52,  -52,   -8,  -24,   -8,  -20,  -28,
     -24,  -28,  -28,  -12,  -36,  -36,  -20,  -12,   -8,  -12,   -8,   -8,  -20,  -20,  -20,  -32,
     -28,  -24,   -8,  -24,   -8,  -32,  -28,  -28,   -8,   -8,   -8,  -20,  -12,  -20,  -28,    8,
      20,   32,   16,   44,   20,   24,   20,   28,   32,   28,   28,   40,   16,   36,    4,   24,
       8,   20,    8,   16,   -8,   -8,   -4,    8,  -16,    8,    8,    8,    8,   -8,   -8,   -8,
      -4,   -8,   -4,   -8,   -8,   -8,   -8,    8,   -8,   -8,    8,   12,    8,   12,   12,   12,
      -8,   -8,   -4,  -24,   -8,  -20,  -20,  -20,  -12,  -24,   -4,  -12,   -8,   -8,   -8,  -12,
       8,   -4,   -4,    8,   12,   12,  -16,   -4,   -4,  -16,   -4,  -16,  -12,  -12,  -20,  -12,
     -22,  -12,   -8,   -4,  -12,  -12,   -4,  -12,  -12,   -4,  -12,  -12,  -12,   -4,   -4,   -4,
      -8,   -8,  -20,   -8,   -8,   -8,   -8,  -12,  -20,  -12,  -12,   -8,  -12,  -12,  -32,  -28,
     -24,   -8,  -24,  -32,  -28,   -8,   -8,   -8,  -12,  -20,   -8,  -24,  -16,  -36,  -16,  -28,
      -8,   -8,   -8,   -8,  -12,  -12,   -8,   -8,   -8,   -8,  -12,   -8,   -8,   -8,   -8,   -8,
      -4,   -8,  -12,   -8,   -8,   -8,  -16,  -40,  -40,   -8,  -24,  -24,  -24,  -16,  -52,   -8,
     -40,   -8,  -16,  -12,  -16,  -36,  -36,  -48,  -48,  -32,  -20,  -36,  -36,   -8,  -12,  -12,
     -12,   -4,  -32,   -8,   -8,  -24,  -12,  -12,  -12,   12,  -28,  -28,  -12,  -24,  -28,  -28,
     -28,  -28,  -28,  -12,   -8,   -8,   -8,   -8,    8,   -8,   -8,   -8,   -8,  -12,  -20,   -8,
      -8,  -16,   -8,  -12,   -8,  -28,  -56,  -28,  -40,   -8,  -12,  -16,  -16,  -20,    4,   20,
      20,
};

static const EpdLigaturePair notoserif_12_regularLigaturePairs[] = {
    { 0x00660066, 0xFB00 }, // f f -> U+FB00
    { 0x00660069, 0xFB01 }, // f i -> U+FB01
    { 0x0066006C, 0xFB02 }, // f l -> U+FB02
    { 0xFB000069, 0xFB03 }, // U+FB00 i -> U+FB03
    { 0xFB00006C, 0xFB04 }, // U+FB00 l -> U+FB04
};

static const EpdFontData notoserif_12_regular = {
    notoserif_12_regularBitmaps,
    notoserif_12_regularGlyphs,
    notoserif_12_regularIntervals,
    18,
    34,
    27,
    -8,
    true,
    notoserif_12_regularGroups,
    13,
    nullptr,
    nullptr,  // kernLeftClasses: built-in fonts use the split arrays below
    nullptr,  // kernRightClasses
    notoserif_12_regularKernLeftCodepoints,
    notoserif_12_regularKernLeftClassIds,
    notoserif_12_regularKernRightCodepoints,
    notoserif_12_regularKernRightClassIds,
    nullptr,  // kernMatrix: built-in fonts use the sparse form below
    notoserif_12_regularKernRowOffsets,
    notoserif_12_regularKernSparseCols,
    notoserif_12_regularKernSparseValues,
    381,
    448,
    70,
    65,
    notoserif_12_regularLigaturePairs,
    5,
};
