/**
 * generated by fontconvert.py
 * name: ubuntu_10_bold
 * size: 10
 * mode: 1-bit mono
 * Command used: fontconvert.py ubuntu_10_bold 10 ../builtinFonts/source/Ubuntu/Ubuntu-Bold.ttf ../builtinFonts/source/NotoSansHebrew/NotoSansHebrew-UIBold.ttf ../builtinFonts/source/NotoSansArabic/NotoSansArabic-UIBold.ttf ../builtinFonts/source/Ubuntu/Ubuntu-Vietnamese-Bold.ttf ../builtinFonts/source/NotoSansThai/NotoSansThai-Bold.ttf --mono --additional-intervals 0x05D0,0x05EA --additional-intervals 0x060C,0x060C --additional-intervals 0x061B,0x061B --additional-intervals 0x061F,0x061F --additional-intervals 0x0621,0x0621 --additional-intervals 0x0640,0x0640 --additional-intervals 0x0660,0x0669 --additional-intervals 0x06BA,0x06BA --additional-intervals 0x06D4,0x06D4 --additional-intervals 0x06F0,0x06F9 --additional-intervals 0xFB56,0xFB59 --additional-intervals 0xFB66,0xFB69 --additional-intervals 0xFB7A,0xFB7D --additional-intervals 0xFB88,0xFB95 --additional-intervals 0xFB9E,0xFB9F --additional-intervals 0xFBA6,0xFBB1 --additional-intervals 0xFBFC,0xFBFF --additional-intervals 0xFE80,0xFEFC --additional-intervals 0x0E00,0x0E7F
 */
#pragma once
#include "EpdFontData.h"

static const uint8_t ubuntu_10_boldBitmaps[25900] = {
    0x00, 0x00, 0x00, 0x00, 0x00, 0x00, 0xFF, 0xFF, 0xFF, 0xFC, 0x7F, 0xF8, 0xE7, 0xE7, 0xE7, 0xE7,
    0xE7, 0xE7, 0x0E, 0x70, 0x73, 0x83, 0xBC, 0x39, 0xCF, 0xFF, 0xFF, 0xFC, 0x73, 0x87, 0xBC, 0x39,
    0xC7, 0xFF, 0xFF, 0xFE, 0x73, 0x87, 0xB8, 0x39, 0xC1, 0xCE, 0x00, 0x1C, 0x07, 0x03, 0xF1, 0xFE,
    0xFF, 0xB8, 0x0E, 0x03, 0xE0, 0x7F, 0x0F, 0xE0, 0x7C, 0x07, 0x41, 0xFF, 0xFF, 0xF9, 0xFC, 0x1C,
    0x07, 0x01, 0xC0, 0x38, 0x1C, 0x3E, 0x1C, 0x31, 0x8E, 0x18, 0xCE, 0x0C, 0x67, 0x06, 0x37, 0x01,
    0xF3, 0x80, 0x73, 0x9C, 0x03, 0x9F, 0x01, 0xD8, 0xC1, 0xCC, 0x60, 0xE6, 0x30, 0xE3, 0x18, 0x70,
    0xF8, 0x70, 0x38, 0x0F, 0x00, 0x7F, 0x03, 0xFC, 0x0E, 0x70, 0x39, 0xC0, 0x7E, 0x01, 0xF0, 0x1F,
    0xCE, 0x77, 0xBB, 0x8F, 0xCE, 0x1F, 0x3C, 0x38, 0xFF, 0xF1, 0xFF, 0xE3, 0xF3, 0xC0, 0xFF, 0xFF,
    0xC0, 0x08, 0x73, 0x8E, 0x71, 0xCE, 0x38, 0xE3, 0x8E, 0x38, 0xE3, 0x87, 0x1C, 0x38, 0xE1, 0xC2,
    0x43, 0x87, 0x1C, 0x38, 0xE1, 0xC7, 0x1C, 0x71, 0xC7, 0x1C, 0x73, 0x8E, 0x71, 0xCE, 0x10, 0x1C,
    0x0E, 0x17, 0x5F, 0xFF, 0xF9, 0xF1, 0xDC, 0x28, 0x0E, 0x01, 0xC0, 0x38, 0x07, 0x0F, 0xFF, 0xFF,
    0xFF, 0xF8, 0x70, 0x0E, 0x01, 0xC0, 0x38, 0x00, 0x77, 0x77, 0xEE, 0xFF, 0xFF, 0xC0, 0x6F, 0xF6,
    0x00, 0xE0, 0x38, 0x07, 0x01, 0xE0, 0x38, 0x07, 0x01, 0xC0, 0x38, 0x07, 0x01, 0xC0, 0x38, 0x0E,
    0x01, 0xC0, 0x38, 0x0E, 0x01, 0xC0, 0x78, 0x0E, 0x01, 0xC0, 0x70, 0x00, 0x1E, 0x0F, 0xC7, 0xF9,
    0xCE, 0xE1, 0xF8, 0x7E, 0x1F, 0x87, 0xE1, 0xF8, 0x7E, 0x1D, 0xCE, 0x7F, 0x8F, 0xC1, 0xE0, 0x06,
    0x1C, 0xFB, 0xFF, 0xED, 0xC3, 0x87, 0x0E, 0x1C, 0x38, 0x70, 0xE1, 0xC3, 0x80, 0x3F, 0x1F, 0xEF,
    0xFD, 0x87, 0x01, 0xC0, 0x70, 0x38, 0x1C, 0x0E, 0x0F, 0x07, 0x81, 0xC0, 0xFF, 0xFF, 0xFF, 0xFC,
    0x3E, 0x3F, 0xCF, 0xF9, 0x0E, 0x03, 0x81, 0xC3, 0xE0, 0xFE, 0x03, 0xC0, 0x70, 0x1C, 0x0F, 0xFF,
    0xBF, 0xE7, 0xE0, 0x07, 0x03, 0xC1, 0xF0, 0x7C, 0x3F, 0x0D, 0xC7, 0x71, 0x9C, 0xE7, 0x3F, 0xFF,
    0xFF, 0xFF, 0x07, 0x01, 0xC0, 0x70, 0x3F, 0x8F, 0xE3, 0xF8, 0xE0, 0x38, 0x1F, 0x87, 0xF9, 0xFE,
    0x03, 0xC0, 0x70, 0x1C, 0x0F, 0xFF, 0xBF, 0xE7, 0xE0, 0x07, 0x87, 0xE3, 0xF9, 0xF0, 0x70, 0x3F,
    0xCF, 0xFB, 0xFF, 0xE3, 0xF8, 0x7E, 0x1F, 0xCF, 0x7F, 0x9F, 0xE1, 0xE0, 0xFF, 0xFF, 0xFF, 0xFC,
    0x0E, 0x07, 0x01, 0xC0, 0xE0, 0x38, 0x1E, 0x07, 0x01, 0xC0, 0x70, 0x38, 0x0E, 0x03, 0x80, 0x1F,
    0x1F, 0xEF, 0xFF, 0x87, 0xE1, 0xF8, 0x77, 0xB9, 0xFC, 0x7F, 0xB8, 0xFE, 0x1F, 0x87, 0xFF, 0xDF,
    0xE3, 0xF0, 0x1E, 0x1F, 0xE7, 0xFB, 0xCF, 0xE1, 0xF8, 0x7F, 0x1F, 0xFF, 0x7F, 0xCF, 0xF0, 0x38,
    0x1E, 0x7F, 0x1F, 0x87, 0x80, 0x6F, 0xF6, 0x00, 0x06, 0xFF, 0x60, 0x33, 0xDE, 0x60, 0x00, 0x00,
    0x73, 0x9C, 0xEE, 0x70, 0x00, 0x81, 0xE1, 0xFF, 0xFC, 0xFC, 0x38, 0x0F, 0xC3, 0xFC, 0x1F, 0xC1,
    0xE0, 0x08, 0xFF, 0xFF, 0xFF, 0xFC, 0x00, 0x00, 0x3F, 0xFF, 0xFF, 0xFF, 0x40, 0x1E, 0x0F, 0xE0,
    0xFF, 0x0F, 0xC0, 0x70, 0xFC, 0xFF, 0xFE, 0x1E, 0x04, 0x00, 0x7E, 0x7F, 0xBF, 0xE8, 0x70, 0x38,
    0x3C, 0x3C, 0x3C, 0x3C, 0x1C, 0x0E, 0x00, 0x01, 0x81, 0xE0, 0xF0, 0x30, 0x03, 0xF8, 0x03, 0xFF,
    0x81, 0xC0, 0xF0, 0xC0, 0x0E, 0x61, 0xF1, 0x99, 0xFE, 0x3C, 0x73, 0x8F, 0x38, 0xE3, 0xCE, 0x38,
    0xF3, 0x8E, 0x3C, 0xE3, 0x8F, 0x3C, 0xE6, 0xE7, 0xFF, 0x98, 0xFF, 0x87, 0x00, 0x00, 0xF0, 0x00,
    0x1F, 0xF8, 0x01, 0xFE, 0x00, 0x07, 0xC0, 0x0F, 0x80, 0x3F, 0x80, 0x77, 0x00, 0xEE, 0x03, 0xDE,
    0x07, 0x1C, 0x0E, 0x38, 0x3C, 0x78, 0x7F, 0xF1, 0xFF, 0xF3, 0xFF, 0xE7, 0x01, 0xDE, 0x03, 0xF8,
    0x03, 0x80, 0xFF, 0x1F, 0xF3, 0xFF, 0x70, 0xEE, 0x1D, 0xFF, 0x3F, 0xE7, 0xFE, 0xE1, 0xFC, 0x1F,
    0x83, 0xF0, 0xFF, 0xFD, 0xFF, 0xBF, 0xC0, 0x0F, 0xE1, 0xFF, 0x3F, 0xF7, 0x82, 0xF0, 0x0E, 0x00,
    0xE0, 0x0E, 0x00, 0xE0, 0x0E, 0x00, 0xF0, 0x07, 0x82, 0x7F, 0xF3, 0xFF, 0x0F, 0xE0, 0xFF, 0x0F,
    0xFC, 0xFF, 0xEE, 0x1E, 0xE0, 0xFE, 0x07, 0xE0, 0x7E, 0x07, 0xE0, 0x7E, 0x07, 0xE0, 0xFE, 0x1E,
    0xFF, 0xCF, 0xF8, 0xFF, 0x00, 0xFF, 0xFF, 0xFF, 0xFF, 0x80, 0xE0, 0x38, 0x0F, 0xFB, 0xFE, 0xFF,
    0xB8, 0x0E, 0x03, 0x80, 0xFF, 0xFF, 0xFF, 0xFC, 0xFF, 0xFF, 0xFF, 0xFC, 0x0E, 0x07, 0x03, 0xFD,
    0xFE, 0xFF, 0x70, 0x38, 0x1C, 0x0E, 0x07, 0x03, 0x80, 0x0F, 0xE1, 0xFF, 0x3F, 0xF7, 0x82, 0xF0,
    0x0E, 0x00, 0xE0, 0x0E, 0x07, 0xE0, 0x7E, 0x07, 0xF0, 0x77, 0x87, 0x7F, 0xF3, 0xFF, 0x0F, 0xE0,
    0xE0, 0xFC, 0x1F, 0x83, 0xF0, 0x7E, 0x0F, 0xC1, 0xFF, 0xFF, 0xFF, 0xFF, 0xFC, 0x1F, 0x83, 0xF0,
    0x7E, 0x0F, 0xC1, 0xF8, 0x38, 0xFF, 0xFF, 0xFF, 0xFF, 0xFF, 0xF8, 0x03, 0x81, 0xC0, 0xE0, 0x70,
    0x38, 0x1C, 0x0E, 0x07, 0x03, 0x81, 0xC0, 0xE8, 0xF7, 0xFF, 0xF9, 0xF8, 0xE0, 0xFE, 0x1E, 0xE3,
    0xCE, 0x78, 0xEF, 0x0F, 0xE0, 0xFC, 0x0F, 0xE0, 0xEE, 0x0E, 0x70, 0xE7, 0x8E, 0x3C, 0xE1, 0xCE,
    0x1E, 0xE0, 0xF0, 0xE0, 0x38, 0x0E, 0x03, 0x80, 0xE0, 0x38, 0x0E, 0x03, 0x80, 0xE0, 0x38, 0x0E,
    0x03, 0x80, 0xFF, 0xFF, 0xFF, 0xFC, 0x70, 0x07, 0x3C, 0x07, 0x9E, 0x03, 0xCF, 0x83, 0xE7, 0xC1,
    0xF3, 0x71, 0xDB, 0xB8, 0xEF, 0xCE, 0xE7, 0xE7, 0x73, 0xF1, 0xF1, 0xF8, 0xF8, 0xFC, 0x38, 0x7E,
    0x1C, 0x3F, 0x00, 0x1F, 0x80, 0x0E, 0xE0, 0x7F, 0x07, 0xF8, 0x7F, 0x87, 0xFC, 0x7F, 0xE7, 0xEE,
    0x7E, 0x77, 0xE3, 0xFE, 0x3F, 0xE1, 0xFE, 0x1F, 0xE0, 0xFE, 0x07, 0xE0, 0x70, 0x07, 0xC0, 0x3F,
    0xE0, 0xFF, 0xE3, 0xC1, 0xE7, 0x01, 0xFC, 0x01, 0xF8, 0x03, 0xF0, 0x07, 0xE0, 0x0F, 0xC0, 0x1F,
    0xC0, 0x7B, 0xC1, 0xE3, 0xFF, 0x83, 0xFE, 0x01, 0xF8, 0x00, 0xFF, 0x1F, 0xFB, 0xFF, 0x70, 0xFE,
    0x0F, 0xC1, 0xF8, 0x7F, 0xFE, 0xFF, 0xDF, 0xE3, 0x80, 0x70, 0x0E, 0x01, 0xC0, 0x38, 0x00, 0x07,
    0xC0, 0x3F, 0xE0, 0xFF, 0xE3, 0xC1, 0xE7, 0x01, 0xDC, 0x01, 0xF8, 0x03, 0xF0, 0x07, 0xE0, 0x0F,
    0xC0, 0x1F, 0xC0, 0x73, 0xC1, 0xE7, 0xFF, 0x87, 0xFE, 0x03, 0xF0, 0x01, 0xE0, 0x01, 0xFC, 0x00,
    0xF0, 0xFF, 0x0F, 0xFC, 0xFF, 0xCE, 0x1E, 0xE0, 0xEE, 0x0E, 0xE1, 0xEF, 0xFC, 0xFF, 0xCF, 0xF0,
    0xE7, 0x8E, 0x3C, 0xE1, 0xCE, 0x0E, 0xE0, 0xF0, 0x3F, 0x1F, 0xEF, 0xF3, 0x84, 0xE0, 0x3C, 0x07,
    0xE0, 0xFE, 0x0F, 0x80, 0xF0, 0x1D, 0x07, 0xFF, 0xFF, 0xE7, 0xF0, 0xFF, 0xFF, 0xFF, 0xFF, 0x87,
    0x00, 0xE0, 0x1C, 0x03, 0x80, 0x70, 0x0E, 0x01, 0xC0, 0x38, 0x07, 0x00, 0xE0, 0x1C, 0x03, 0x80,
    0xE0, 0xFC, 0x1F, 0x83, 0xF0, 0x7E, 0x0F, 0xC1, 0xF8, 0x3F, 0x07, 0xE0, 0xFC, 0x1F, 0x83, 0xF8,
    0xF7, 0xFC, 0xFF, 0x87, 0xC0, 0xE0, 0x0E, 0xE0, 0x39, 0xC0, 0x73, 0xC1, 0xE3, 0x83, 0x87, 0x07,
    0x0F, 0x1C, 0x0E, 0x38, 0x1C, 0x70, 0x1D, 0xC0, 0x3B, 0x80, 0x7F, 0x00, 0x7C, 0x00, 0xF8, 0x00,
    0xE0, 0x00, 0xE0, 0x00, 0xFC, 0x00, 0x1F, 0xC3, 0x87, 0xB8, 0xF0, 0xE7, 0x1F, 0x1C, 0xE3, 0xE3,
    0x9C, 0x6C, 0x73, 0xDD, 0xDC, 0x3B, 0xBB, 0x87, 0x77, 0x70, 0xEE, 0x6E, 0x1F, 0x8F, 0xC1, 0xF1,
    0xF0, 0x3E, 0x1E, 0x07, 0x83, 0xC0, 0xF0, 0x3D, 0xC0, 0xE3, 0x87, 0x0F, 0x3C, 0x1F, 0xE0, 0x3F,
    0x00, 0x78, 0x01, 0xE0, 0x07, 0x80, 0x3F, 0x01, 0xFE, 0x0F, 0x3C, 0x38, 0x71, 0xC0, 0xEF, 0x03,
    0xC0, 0xF0, 0x7B, 0x83, 0x9E, 0x3C, 0x71, 0xC3, 0xDE, 0x0E, 0xE0, 0x7F, 0x01, 0xF0, 0x07, 0x00,
    0x38, 0x01, 0xC0, 0x0E, 0x00, 0x70, 0x03, 0x80, 0x1C, 0x00, 0xFF, 0xFF, 0xFF, 0xFF, 0x80, 0xE0,
    0x38, 0x0F, 0x03, 0xC0, 0x70, 0x1C, 0x07, 0x81, 0xE0, 0x38, 0x0F, 0xFF, 0xFF, 0xFF, 0xF8, 0xFF,
    0xFF, 0xF8, 0xE3, 0x8E, 0x38, 0xE3, 0x8E, 0x38, 0xE3, 0x8E, 0x38, 0xE3, 0xFF, 0xFF, 0xE0, 0x0E,
    0x01, 0xC0, 0x3C, 0x03, 0x80, 0x70, 0x07, 0x00, 0xE0, 0x1C, 0x01, 0xC0, 0x38, 0x03, 0x80, 0x70,
    0x0E, 0x00, 0xE0, 0x1C, 0x03, 0xC0, 0x38, 0x07, 0x00, 0x70, 0xFF, 0xFF, 0xC7, 0x1C, 0x71, 0xC7,
    0x1C, 0x71, 0xC7, 0x1C, 0x71, 0xC7, 0x1F, 0xFF, 0xFF, 0x0E, 0x03, 0xE0, 0x7C, 0x1D, 0xC3, 0xB8,
    0xE3, 0x9C, 0x77, 0x07, 0x20, 0x80, 0xFF, 0xFF, 0xFF, 0xFF, 0x80, 0x47, 0x1C, 0x71, 0x00, 0x7F,
    0x1F, 0xE7, 0xFC, 0x07, 0x3F, 0xDF, 0xFE, 0x1F, 0x87, 0xFF, 0xDF, 0xF3, 0xFC, 0xE0, 0x1C, 0x03,
    0x80, 0x70, 0x0E, 0x01, 0xFE, 0x3F, 0xF7, 0xFE, 0xE1, 0xFC, 0x1F, 0x83, 0xF0, 0x7E, 0x1F, 0xFF,
    0xBF, 0xE7, 0xF8, 0x1F, 0x9F, 0xDF, 0xFE, 0x0E, 0x07, 0x03, 0x81, 0xE0, 0x7F, 0xBF, 0xC7, 0xE0,
    0x00, 0xE0, 0x1C, 0x03, 0x80, 0x70, 0x0E, 0x3F, 0xDF, 0xFB, 0xFF, 0xF0, 0xFC, 0x1F, 0x83, 0xF0,
    0x7F, 0x0E, 0xFF, 0xCF, 0xF8, 0xFF, 0x1F, 0x1F, 0xE7, 0xFF, 0x87, 0xFF, 0xFF, 0xFE, 0x03, 0xC2,
    0x7F, 0x9F, 0xE1, 0xF8, 0x3E, 0x7E, 0xFE, 0xE0, 0xE0, 0xFE, 0xFE, 0xFE, 0xE0, 0xE0, 0xE0, 0xE0,
    0xE0, 0xE0, 0xE0, 0xE0, 0x1F, 0xDF, 0xF7, 0xFF, 0xC7, 0xE1, 0xF8, 0x7F, 0x1F, 0xFF, 0x7F, 0xCF,
    0xF0, 0x1C, 0x0F, 0x7F, 0x9F, 0xE7, 0xE0, 0xE0, 0x38, 0x0E, 0x03, 0x80, 0xE0, 0x3F, 0xCF, 0xFB,
    0xFF, 0xE3, 0xF8, 0x7E, 0x1F, 0x87, 0xE1, 0xF8, 0x7E, 0x1F, 0x87, 0xFF, 0xF1, 0xFF, 0xFF, 0xFF,
    0xFF, 0x1C, 0x71, 0xC7, 0x00, 0x71, 0xC7, 0x1C, 0x71, 0xC7, 0x1C, 0x71, 0xC7, 0x1F, 0xFF, 0xBC,
    0xE0, 0x1C, 0x03, 0x80, 0x70, 0x0E, 0x01, 0xC7, 0xB9, 0xE7, 0x78, 0xFE, 0x1F, 0x83, 0xF8, 0x77,
    0x8E, 0x79, 0xC7, 0x38, 0x77, 0x0F, 0xE7, 0x39, 0xCE, 0x73, 0x9C, 0xE7, 0x39, 0xCE, 0x7F, 0xE7,
    0xFE, 0xF9, 0xFF, 0xFB, 0xFF, 0xFF, 0x1C, 0x7E, 0x38, 0xFC, 0x71, 0xF8, 0xE3, 0xF1, 0xC7, 0xE3,
    0x8F, 0xC7, 0x1F, 0x8E, 0x38, 0xFF, 0x3F, 0xEF, 0xFF, 0x8F, 0xE1, 0xF8, 0x7E, 0x1F, 0x87, 0xE1,
    0xF8, 0x7E, 0x1C, 0x1F, 0x07, 0xF1, 0xFF, 0x78, 0xFE, 0x0F, 0xC1, 0xF8, 0x3F, 0x8F, 0x7F, 0xC7,
    0xF0, 0x7C, 0x00, 0xFF, 0x1F, 0xF3, 0xFF, 0x70, 0xFE, 0x0F, 0xC1, 0xF8, 0x3F, 0x0F, 0xFF, 0xDF,
    0xFB, 0xFC, 0x70, 0x0E, 0x01, 0xC0, 0x38, 0x00, 0x1F, 0xE7, 0xFD, 0xFF, 0xF8, 0x7E, 0x0F, 0xC1,
    0xF8, 0x3F, 0x87, 0x7F, 0xEF, 0xFC, 0x7F, 0x80, 0x70, 0x0E, 0x01, 0xC0, 0x38, 0x7F, 0xFF, 0xFF,
    0x0E, 0x1C, 0x38, 0x70, 0xE1, 0xC3, 0x80, 0x3E, 0x7E, 0xFE, 0xE0, 0xFE, 0xFF, 0x7F, 0x87, 0xFF,
    0xFE, 0xFC, 0xE1, 0xC3, 0x87, 0xFF, 0xFF, 0xF8, 0x70, 0xE1, 0xC3, 0x87, 0xF7, 0xE7, 0xC0, 0xE1,
    0xF8, 0x7E, 0x1F, 0x87, 0xE1, 0xF8, 0x7E, 0x1F, 0xC7, 0xFF, 0xDF, 0xF3, 0xFC, 0xE0, 0xFE, 0x3D,
    0xC7, 0x38, 0xE7, 0xBC, 0x77, 0x0E, 0xE0, 0xF8, 0x1F, 0x03, 0xE0, 0x38, 0x00, 0xE1, 0xC3, 0xF0,
    0xE1, 0xDC, 0x71, 0xCE, 0x3C, 0xE3, 0x3E, 0x61, 0xDB, 0x70, 0xED, 0xB8, 0x3E, 0xF8, 0x1E, 0x3C,
    0x0F, 0x1E, 0x03, 0x8E, 0x00, 0xF0, 0xF7, 0x9E, 0x39, 0xC1, 0xF8, 0x1F, 0x80, 0xF0, 0x1F, 0x81,
    0xF8, 0x39, 0xC7, 0x9E, 0xF0, 0xF0, 0xE0, 0xFE, 0x3D, 0xC7, 0x38, 0xE7, 0x9C, 0x77, 0x0E, 0xE1,
    0xF8, 0x1F, 0x03, 0xE0, 0x38, 0x0F, 0x0F, 0xC1, 0xF8, 0x3E, 0x00, 0xFF, 0xFF, 0xFF, 0xE1, 0xE1,
    0xE0, 0xE0, 0xF0, 0xF0, 0xFF, 0xFF, 0xFF, 0xE0, 0x0E, 0x3C, 0xF9, 0xC3, 0x87, 0x0E, 0x1C, 0x79,
    0xE3, 0xC7, 0xC3, 0x87, 0x0E, 0x1C, 0x38, 0x7C, 0xF8, 0x70, 0xFF, 0xFF, 0xFF, 0xFF, 0xFF, 0xFF,
    0xFF, 0xF0, 0xE1, 0xE3, 0xE1, 0xC3, 0x87, 0x0E, 0x1C, 0x3C, 0x3C, 0x79, 0xF3, 0x87, 0x0E, 0x1C,
    0x39, 0xF3, 0xE7, 0x00, 0x38, 0x4F, 0x9F, 0xFF, 0xF3, 0xE4, 0x38, 0x00, 0xFF, 0xF1, 0xFF, 0xFF,
    0xFF, 0xF8, 0x0E, 0x07, 0x03, 0x83, 0xF3, 0xFB, 0xFF, 0xC1, 0xC0, 0xE0, 0x78, 0x1F, 0xEF, 0xF1,
    0xF8, 0x70, 0x38, 0x1C, 0x07, 0xC3, 0xFC, 0xFF, 0x9E, 0x03, 0x80, 0x70, 0x3F, 0xE7, 0xFC, 0xFF,
    0x87, 0x00, 0xE0, 0x1C, 0x03, 0xFE, 0x7F, 0xDF, 0xF8, 0x60, 0xDF, 0xFD, 0xFF, 0x38, 0xE7, 0x1C,
    0xE3, 0x9C, 0x73, 0xFE, 0xFF, 0xEC, 0x18, 0xF0, 0x77, 0x0E, 0x78, 0xE3, 0x9E, 0x3D, 0xC1, 0xFC,
    0x0F, 0x83, 0xFE, 0x3F, 0xE0, 0x70, 0x07, 0x03, 0xFE, 0x3F, 0xE0, 0x70, 0x07, 0x00, 0xFF, 0xFF,
    0xFF, 0x00, 0x0F, 0xFF, 0xFF, 0xF0, 0x3F, 0x3F, 0xFF, 0xFC, 0x0E, 0x03, 0xE1, 0xFD, 0xFE, 0xE7,
    0xF1, 0xFC, 0xEF, 0xF3, 0xF0, 0x7C, 0x0E, 0x87, 0xFF, 0xFF, 0x9F, 0x80, 0xEF, 0xDF, 0xB8, 0x07,
    0xC0, 0x3F, 0xE0, 0xE0, 0xE3, 0x80, 0xE6, 0x3E, 0xD8, 0xF8, 0xF3, 0x01, 0xE6, 0x03, 0xCC, 0x07,
    0x8F, 0xCD, 0x8F, 0xB3, 0x80, 0xE3, 0x83, 0x83, 0xFE, 0x01, 0xF0, 0x00, 0x79, 0xF0, 0xDF, 0xFF,
    0x3F, 0xDF, 0x10, 0x47, 0x1D, 0xE7, 0xB8, 0xEF, 0x3C, 0xE3, 0x9E, 0x79, 0xC7, 0x10, 0x40, 0xFF,
    0xFF, 0xFF, 0xFC, 0x07, 0x01, 0xC0, 0x70, 0x1C, 0x07, 0xFF, 0xFF, 0xC0, 0x07, 0xC0, 0x3F, 0xE0,
    0xE0, 0xE3, 0x80, 0xE6, 0xFC, 0xD9, 0xFC, 0xF3, 0x19, 0xE7, 0xF3, 0xCF, 0xC7, 0x99, 0xCD, 0xB1,
    0xB3, 0x80, 0xE3, 0x83, 0x83, 0xFE, 0x01, 0xF0, 0x00, 0xFF, 0xFC, 0x7B, 0xFC, 0xF3, 0xFD, 0xE0,
    0x0E, 0x01, 0xC0, 0x38, 0x07, 0x0F, 0xFF, 0xFF, 0xFF, 0xF8, 0x70, 0x0E, 0x01, 0xC0, 0x38, 0x00,
    0x0F, 0xFF, 0xFF, 0xFF, 0xF8, 0x7D, 0xFD, 0x18, 0x31, 0xC6, 0x18, 0x7F, 0xFE, 0x7D, 0xFC, 0x19,
    0xF3, 0xE0, 0xC1, 0xFF, 0xFC, 0x11, 0xDD, 0xC4, 0x00, 0xE1, 0xF8, 0x7E, 0x1F, 0x87, 0xE1, 0xF8,
    0x7E, 0x1F, 0xC7, 0xFF, 0xFF, 0xFF, 0xFF, 0x80, 0xE0, 0x38, 0x0E, 0x00, 0x0F, 0xC3, 0xFF, 0x7F,
    0xFF, 0xE7, 0xFE, 0x7F, 0xE7, 0xFE, 0x7F, 0xE7, 0x7E, 0x70, 0xE7, 0x0E, 0x70, 0xE7, 0x0E, 0x70,
    0xE7, 0x0E, 0x70, 0xE7, 0x0E, 0x70, 0xE7, 0x0E, 0x70, 0x6F, 0xF6, 0x31, 0x8F, 0xEE, 0x00, 0x1B,
    0xFE, 0xB1, 0x8C, 0x63, 0x18, 0x3C, 0x7E, 0xE7, 0xC3, 0xC3, 0xE7, 0x7E, 0x3C, 0x41, 0x1C, 0x73,
    0xCF, 0x38, 0xE7, 0x9E, 0xE3, 0xBC, 0xF7, 0x1C, 0x41, 0x00, 0x18, 0x38, 0x1E, 0x1C, 0x0F, 0x87,
    0x01, 0x63, 0x80, 0x18, 0xE0, 0x06, 0x70, 0x01, 0x9C, 0x38, 0x6E, 0x1E, 0x1B, 0x8D, 0x81, 0xC6,
    0x60, 0x73, 0xFC, 0x38, 0xFF, 0x0E, 0x01, 0x87, 0x00, 0x61, 0xC0, 0x00, 0x18, 0x38, 0x3C, 0x38,
    0x3E, 0x1C, 0x0B, 0x1C, 0x01, 0x8E, 0x00, 0xCE, 0x00, 0x67, 0x7C, 0x37, 0x7F, 0x1B, 0x91, 0x83,
    0x80, 0xC1, 0xC1, 0xC1, 0xC1, 0x80, 0xE1, 0x80, 0xE1, 0xFC, 0x70, 0xFE, 0x7C, 0x0E, 0x1F, 0xC3,
    0x80, 0x18, 0x70, 0x1F, 0x1C, 0x03, 0xE3, 0x80, 0x0C, 0xE0, 0x01, 0x9C, 0x77, 0xF7, 0x1E, 0xFC,
    0xE6, 0xC0, 0x39, 0x98, 0x07, 0x7F, 0x81, 0xCF, 0xF0, 0x38, 0x0C, 0x0E, 0x01, 0x81, 0xC0, 0x00,
    0x0C, 0x0F, 0x07, 0x81, 0x80, 0x00, 0x70, 0x38, 0x38, 0x38, 0x38, 0x38, 0x1C, 0x2F, 0xFB, 0xFC,
    0xFC, 0x02, 0x00, 0x0E, 0x00, 0x0E, 0x00, 0x0E, 0x00, 0x08, 0x00, 0x00, 0x01, 0xF0, 0x03, 0xE0,
    0x0F, 0xE0, 0x1D, 0xC0, 0x3B, 0x80, 0xF7, 0x81, 0xC7, 0x03, 0x8E, 0x0F, 0x1E, 0x1F, 0xFC, 0x7F,
    0xFC, 0xFF, 0xF9, 0xC0, 0x77, 0x80, 0xFE, 0x00, 0xE0, 0x00, 0x80, 0x03, 0x80, 0x0E, 0x00, 0x38,
    0x00, 0x20, 0x00, 0x00, 0x01, 0xF0, 0x03, 0xE0, 0x0F, 0xE0, 0x1D, 0xC0, 0x3B, 0x80, 0xF7, 0x81,
    0xC7, 0x03, 0x8E, 0x0F, 0x1E, 0x1F, 0xFC, 0x7F, 0xFC, 0xFF, 0xF9, 0xC0, 0x77, 0x80, 0xFE, 0x00,
    0xE0, 0x01, 0x00, 0x07, 0x00, 0x1F, 0x00, 0x77, 0x00, 0x44, 0x00, 0x00, 0x01, 0xF0, 0x03, 0xE0,
    0x0F, 0xE0, 0x1D, 0xC0, 0x3B, 0x80, 0xF7, 0x81, 0xC7, 0x03, 0x8E, 0x0F, 0x1E, 0x1F, 0xFC, 0x7F,
    0xFC, 0xFF, 0xF9, 0xC0, 0x77, 0x80, 0xFE, 0x00, 0xE0, 0x07, 0x20, 0x1F, 0xE0, 0x13, 0x80, 0x00,
    0x00, 0x7C, 0x00, 0xF8, 0x03, 0xF8, 0x07, 0x70, 0x0E, 0xE0, 0x3D, 0xE0, 0x71, 0xC0, 0xE3, 0x83,
    0xC7, 0x87, 0xFF, 0x1F, 0xFF, 0x3F, 0xFE, 0x70, 0x1D, 0xE0, 0x3F, 0x80, 0x38, 0x0E, 0xE0, 0x1D,
    0xC0, 0x3B, 0x80, 0x00, 0x00, 0x7C, 0x00, 0xF8, 0x03, 0xF8, 0x07, 0x70, 0x0E, 0xE0, 0x3D, 0xE0,
    0x71, 0xC0, 0xE3, 0x83, 0xC7, 0x87, 0xFF, 0x1F, 0xFF, 0x3F, 0xFE, 0x70, 0x1D, 0xE0, 0x3F, 0x80,
    0x38, 0x03, 0x80, 0x0D, 0x80, 0x1B, 0x00, 0x3E, 0x00, 0x7C, 0x00, 0xF8, 0x03, 0xF8, 0x07, 0x70,
    0x0E, 0xE0, 0x3D, 0xE0, 0x71, 0xC1, 0xE3, 0x83, 0xC7, 0x87, 0xFF, 0x1F, 0xFF, 0x3F, 0xFE, 0x70,
    0x1D, 0xE0, 0x3F, 0x80, 0x38, 0x00, 0xFF, 0xF0, 0x1F, 0xFF, 0x01, 0xFF, 0xF0, 0x3F, 0x80, 0x03,
    0xB8, 0x00, 0x7B, 0x80, 0x07, 0x3F, 0xE0, 0xF3, 0xFE, 0x0E, 0x3F, 0xE1, 0xFF, 0x80, 0x3F, 0xF8,
    0x03, 0xFF, 0x80, 0x78, 0x3F, 0xF7, 0x03, 0xFF, 0xF0, 0x3F, 0xF0, 0x0F, 0xE1, 0xFF, 0x3F, 0xF7,
    0x82, 0xF0, 0x0E, 0x00, 0xE0, 0x0E, 0x00, 0xE0, 0x0E, 0x00, 0xF0, 0x07, 0x82, 0x7F, 0xF3, 0xFF,
    0x0F, 0xE0, 0x70, 0x03, 0x80, 0x18, 0x07, 0x80, 0x70, 0x10, 0x0E, 0x01, 0xC0, 0x38, 0x04, 0x00,
    0x0F, 0xFF, 0xFF, 0xFF, 0xF8, 0x0E, 0x03, 0x80, 0xFF, 0xBF, 0xEF, 0xFB, 0x80, 0xE0, 0x38, 0x0F,
    0xFF, 0xFF, 0xFF, 0xC0, 0x04, 0x03, 0x81, 0xC0, 0xE0, 0x10, 0x00, 0x0F, 0xFF, 0xFF, 0xFF, 0xF8,
    0x0E, 0x03, 0x80, 0xFF, 0xBF, 0xEF, 0xFB, 0x80, 0xE0, 0x38, 0x0F, 0xFF, 0xFF, 0xFF, 0xC0, 0x08,
    0x07, 0x03, 0xE1, 0xDC, 0x22, 0x00, 0x0F, 0xFF, 0xFF, 0xFF, 0xF8, 0x0E, 0x03, 0x80, 0xFF, 0xBF,
    0xEF, 0xFB, 0x80, 0xE0, 0x38, 0x0F, 0xFF, 0xFF, 0xFF, 0xC0, 0x77, 0x1D, 0xC7, 0x70, 0x00, 0xFF,
    0xFF, 0xFF, 0xFF, 0x80, 0xE0, 0x38, 0x0F, 0xFB, 0xFE, 0xFF, 0xB8, 0x0E, 0x03, 0x80, 0xFF, 0xFF,
    0xFF, 0xFC, 0x47, 0x1C, 0x71, 0x01, 0xCE, 0x73, 0x9C, 0xE7, 0x39, 0xCE, 0x73, 0x9C, 0xE7, 0x00,
    0x11, 0xDD, 0xC4, 0x01, 0xCE, 0x73, 0x9C, 0xE7, 0x39, 0xCE, 0x73, 0x9C, 0xE7, 0x00, 0x10, 0x71,
    0xF7, 0x74, 0x40, 0x0E, 0x1C, 0x38, 0x70, 0xE1, 0xC3, 0x87, 0x0E, 0x1C, 0x38, 0x70, 0xE1, 0xC3,
    0x80, 0xEF, 0xDF, 0xB8, 0x03, 0x87, 0x0E, 0x1C, 0x38, 0x70, 0xE1, 0xC3, 0x87, 0x0E, 0x1C, 0x38,
    0x70, 0xE0, 0x3F, 0xC0, 0xFF, 0xC3, 0xFF, 0x8E, 0x1E, 0x38, 0x3C, 0xE0, 0x7F, 0xF1, 0xFF, 0xC7,
    0x38, 0x1C, 0xE0, 0x73, 0x83, 0xCE, 0x1E, 0x3F, 0xF0, 0xFF, 0x83, 0xFC, 0x00, 0x1C, 0x83, 0xFC,
    0x13, 0x80, 0x00, 0xE0, 0x7F, 0x07, 0xF8, 0x7F, 0x87, 0xFC, 0x7F, 0xE7, 0xEE, 0x7E, 0x77, 0xE3,
    0xFE, 0x3F, 0xE1, 0xFE, 0x1F, 0xE0, 0xFE, 0x07, 0xE0, 0x70, 0x02, 0x00, 0x0E, 0x00, 0x0E, 0x00,
    0x0E, 0x00, 0x08, 0x00, 0x00, 0x01, 0xF0, 0x0F, 0xF8, 0x3F, 0xF8, 0xF0, 0x79, 0xC0, 0x7F, 0x00,
    0x7E, 0x00, 0xFC, 0x01, 0xF8, 0x03, 0xF0, 0x07, 0xF0, 0x1E, 0xF0, 0x78, 0xFF, 0xE0, 0xFF, 0x80,
    0x7E, 0x00, 0x00, 0x80, 0x03, 0x80, 0x0E, 0x00, 0x38, 0x00, 0x20, 0x00, 0x00, 0x01, 0xF0, 0x0F,
    0xF8, 0x3F, 0xF8, 0xF0, 0x79, 0xC0, 0x7F, 0x00, 0x7E, 0x00, 0xFC, 0x01, 0xF8, 0x03, 0xF0, 0x07,
    0xF0, 0x1E, 0xF0, 0x78, 0xFF, 0xE0, 0xFF, 0x80, 0x7E, 0x00, 0x01, 0x00, 0x07, 0x00, 0x1F, 0x00,
    0x77, 0x00, 0x44, 0x00, 0x00, 0x01, 0xF0, 0x0F, 0xF8, 0x3F, 0xF8, 0xF0, 0x79, 0xC0, 0x7F, 0x00,
    0x7E, 0x00, 0xFC, 0x01, 0xF8, 0x03, 0xF0, 0x07, 0xF0, 0x1E, 0xF0, 0x78, 0xFF, 0xE0, 0xFF, 0x80,
    0x7E, 0x00, 0x07, 0x20, 0x1F, 0xE0, 0x13, 0x80, 0x00, 0x00, 0x7C, 0x03, 0xFE, 0x0F, 0xFE, 0x3C,
    0x1E, 0x70, 0x1F, 0xC0, 0x1F, 0x80, 0x3F, 0x00, 0x7E, 0x00, 0xFC, 0x01, 0xFC, 0x07, 0xBC, 0x1E,
    0x3F, 0xF8, 0x3F, 0xE0, 0x1F, 0x80, 0x0E, 0xE0, 0x1D, 0xC0, 0x3B, 0x80, 0x00, 0x00, 0x7C, 0x03,
    0xFE, 0x0F, 0xFE, 0x3C, 0x1E, 0x70, 0x1F, 0xC0, 0x1F, 0x80, 0x3F, 0x00, 0x7E, 0x00, 0xFC, 0x01,
    0xFC, 0x07, 0xBC, 0x1E, 0x3F, 0xF8, 0x3F, 0xE0, 0x1F, 0x80, 0x40, 0xBC, 0xF7, 0xF8, 0xFC, 0x1E,
    0x0F, 0xC7, 0xFB, 0xCF, 0x40, 0x80, 0x00, 0x00, 0x0F, 0x98, 0x7F, 0xF1, 0xFF, 0xC7, 0x87, 0xCE,
    0x1F, 0xF8, 0x3F, 0xF0, 0xE7, 0xE3, 0x8F, 0xCE, 0x1F, 0xF8, 0x3F, 0xE0, 0xF7, 0xC3, 0xC7, 0xFF,
    0x1F, 0xFC, 0x37, 0xF0, 0x00, 0x00, 0x10, 0x07, 0x00, 0x70, 0x07, 0x00, 0x40, 0x00, 0x38, 0x3F,
    0x07, 0xE0, 0xFC, 0x1F, 0x83, 0xF0, 0x7E, 0x0F, 0xC1, 0xF8, 0x3F, 0x07, 0xE0, 0xFE, 0x3D, 0xFF,
    0x3F, 0xE1, 0xF0, 0x02, 0x00, 0xE0, 0x38, 0x0E, 0x00, 0x80, 0x00, 0x38, 0x3F, 0x07, 0xE0, 0xFC,
    0x1F, 0x83, 0xF0, 0x7E, 0x0F, 0xC1, 0xF8, 0x3F, 0x07, 0xE0, 0xFE, 0x3D, 0xFF, 0x3F, 0xE1, 0xF0,
    0x04, 0x01, 0xC0, 0x7C, 0x1D, 0xC1, 0x10, 0x00, 0x38, 0x3F, 0x07, 0xE0, 0xFC, 0x1F, 0x83, 0xF0,
    0x7E, 0x0F, 0xC1, 0xF8, 0x3F, 0x07, 0xE0, 0xFE, 0x3D, 0xFF, 0x3F, 0xE1, 0xF0, 0x3B, 0x87, 0x70,
    0xEE, 0x00, 0x0E, 0x0F, 0xC1, 0xF8, 0x3F, 0x07, 0xE0, 0xFC, 0x1F, 0x83, 0xF0, 0x7E, 0x0F, 0xC1,
    0xF8, 0x3F, 0x8F, 0x7F, 0xCF, 0xF8, 0x7C, 0x00, 0x00, 0x80, 0x0E, 0x00, 0xE0, 0x0E, 0x00, 0x20,
    0x00, 0x03, 0xC1, 0xEE, 0x0E, 0x78, 0xF1, 0xC7, 0x0F, 0x78, 0x3B, 0x81, 0xFC, 0x07, 0xC0, 0x1C,
    0x00, 0xE0, 0x07, 0x00, 0x38, 0x01, 0xC0, 0x0E, 0x00, 0x70, 0x00, 0xE0, 0x1C, 0x03, 0xFC, 0x7F,
    0xEF, 0xFD, 0xC3, 0xF8, 0x3F, 0x07, 0xE1, 0xFF, 0xFB, 0xFF, 0x7F, 0x8E, 0x01, 0xC0, 0x38, 0x00,
    0x1F, 0x07, 0xF8, 0x7F, 0xCF, 0x1C, 0xE1, 0xCE, 0x3C, 0xE3, 0x8E, 0x70, 0xE7, 0x8E, 0x7C, 0xE1,
    0xEE, 0x07, 0xE0, 0x7E, 0x7F, 0xE7, 0xEE, 0x7C, 0x10, 0x0E, 0x01, 0xC0, 0x38, 0x04, 0x00, 0x07,
    0xF1, 0xFE, 0x7F, 0xC0, 0x73, 0xFD, 0xFF, 0xE1, 0xF8, 0x7F, 0xFD, 0xFF, 0x3F, 0xC0, 0x02, 0x01,
    0xC0, 0xE0, 0x70, 0x08, 0x00, 0x07, 0xF1, 0xFE, 0x7F, 0xC0, 0x73, 0xFD, 0xFF, 0xE1, 0xF8, 0x7F,
    0xFD, 0xFF, 0x3F, 0xC0, 0x08, 0x07, 0x03, 0xE1, 0xDC, 0x22, 0x00, 0x07, 0xF1, 0xFE, 0x7F, 0xC0,
    0x73, 0xFD, 0xFF, 0xE1, 0xF8, 0x7F, 0xFD, 0xFF, 0x3F, 0xC0, 0x39, 0x1F, 0xE2, 0x70, 0x00, 0x00,
    0x1F, 0xC7, 0xF9, 0xFF, 0x01, 0xCF, 0xF7, 0xFF, 0x87, 0xE1, 0xFF, 0xF7, 0xFC, 0xFF, 0x3B, 0x8E,
    0xE3, 0xB8, 0x00, 0x00, 0x1F, 0xC7, 0xF9, 0xFF, 0x01, 0xCF, 0xF7, 0xFF, 0x87, 0xE1, 0xFF, 0xF7,
    0xFC, 0xFF, 0x1E, 0x0F, 0xC3, 0x30, 0xCC, 0x3F, 0x07, 0x80, 0x01, 0xFC, 0x7F, 0x9F, 0xF0, 0x1C,
    0xFF, 0x7F, 0xF8, 0x7E, 0x1F, 0xFF, 0x7F, 0xCF, 0xF0, 0x7E, 0x7C, 0x7F, 0xFE, 0x7F, 0xFF, 0x03,
    0x87, 0x3F, 0xFF, 0x7F, 0xFF, 0xE3, 0x80, 0xE3, 0xC0, 0xFF, 0xFE, 0x7F, 0xFE, 0x3E, 0x7E, 0x1F,
    0x1F, 0xDF, 0xDE, 0x0E, 0x07, 0x03, 0x81, 0xE0, 0x7F, 0x9F, 0xC3, 0xE3, 0x80, 0x60, 0xF0, 0xF0,
    0x10, 0x0E, 0x01, 0xC0, 0x38, 0x04, 0x00, 0x01, 0xF1, 0xFE, 0x7F, 0xF8, 0x7F, 0xFF, 0xFF, 0xE0,
    0x3C, 0x27, 0xF9, 0xFE, 0x1F, 0x80, 0x02, 0x01, 0xC0, 0xE0, 0x70, 0x08, 0x00, 0x01, 0xF1, 0xFE,
    0x7F, 0xF8, 0x7F, 0xFF, 0xFF, 0xE0, 0x3C, 0x27, 0xF9, 0xFE, 0x1F, 0x80, 0x08, 0x07, 0x03, 0xE1,
    0xDC, 0x22, 0x00, 0x01, 0xF1, 0xFE, 0x7F, 0xF8, 0x7F, 0xFF, 0xFF, 0xE0, 0x3C, 0x27, 0xF9, 0xFE,
    0x1F, 0x80, 0x3B, 0x8E, 0xE3, 0xB8, 0x00, 0x00, 0x07, 0xC7, 0xF9, 0xFF, 0xE1, 0xFF, 0xFF, 0xFF,
    0x80, 0xF0, 0x9F, 0xE7, 0xF8, 0x7E, 0x47, 0x1C, 0x71, 0x01, 0xCE, 0x73, 0x9C, 0xE7, 0x39, 0xCE,
    0x70, 0x11, 0xDD, 0xC4, 0x01, 0xCE, 0x73, 0x9C, 0xE7, 0x39, 0xCE, 0x70, 0x10, 0x71, 0xF7, 0x74,
    0x40, 0x0E, 0x1C, 0x38, 0x70, 0xE1, 0xC3, 0x87, 0x0E, 0x1C, 0x38, 0xEF, 0xDF, 0xB8, 0x00, 0x07,
    0x0E, 0x1C, 0x38, 0x70, 0xE1, 0xC3, 0x87, 0x0E, 0x1C, 0x06, 0x01, 0xFC, 0x1F, 0x87, 0xE0, 0x9C,
    0x03, 0x87, 0xFB, 0xFF, 0x7F, 0xFE, 0x1F, 0x83, 0xF0, 0x7F, 0x1C, 0xFF, 0x9F, 0xE0, 0xF8, 0x39,
    0x1F, 0xE2, 0x70, 0x00, 0x00, 0x3F, 0xCF, 0xFB, 0xFF, 0xE3, 0xF8, 0x7E, 0x1F, 0x87, 0xE1, 0xF8,
    0x7E, 0x1F, 0x87, 0x08, 0x03, 0x80, 0x38, 0x03, 0x80, 0x20, 0x00, 0x07, 0xC1, 0xFC, 0x7F, 0xDE,
    0x3F, 0x83, 0xF0, 0x7E, 0x0F, 0xE3, 0xDF, 0xF1, 0xFC, 0x1F, 0x00, 0x02, 0x00, 0xE0, 0x38, 0x0E,
    0x00, 0x80, 0x00, 0x07, 0xC1, 0xFC, 0x7F, 0xDE, 0x3F, 0x83, 0xF0, 0x7E, 0x0F, 0xE3, 0xDF, 0xF1,
    0xFC, 0x1F, 0x00, 0x04, 0x01, 0xC0, 0x7C, 0x1D, 0xC1, 0x10, 0x00, 0x07, 0xC1, 0xFC, 0x7F, 0xDE,
    0x3F, 0x83, 0xF0, 0x7E, 0x0F, 0xE3, 0xDF, 0xF1, 0xFC, 0x1F, 0x00, 0x1C, 0x87, 0xF8, 0x4E, 0x00,
    0x00, 0x00, 0x3E, 0x0F, 0xE3, 0xFE, 0xF1, 0xFC, 0x1F, 0x83, 0xF0, 0x7F, 0x1E, 0xFF, 0x8F, 0xE0,
    0xF8, 0x3B, 0x87, 0x70, 0xEE, 0x00, 0x00, 0x00, 0x3E, 0x0F, 0xE3, 0xFE, 0xF1, 0xFC, 0x1F, 0x83,
    0xF0, 0x7F, 0x1E, 0xFF, 0x8F, 0xE0, 0xF8, 0x0C, 0x07, 0x81, 0xE0, 0x30, 0x00, 0x3F, 0xFF, 0xFF,
    0xFF, 0x00, 0x03, 0x01, 0xE0, 0x78, 0x0C, 0x00, 0x00, 0x03, 0xFC, 0xFF, 0x3F, 0xEF, 0x3F, 0xCD,
    0xFB, 0xBF, 0xE7, 0xF9, 0xEF, 0xF9, 0xFE, 0x7F, 0x80, 0x00, 0x10, 0x0E, 0x01, 0xC0, 0x38, 0x04,
    0x00, 0x0E, 0x1F, 0x87, 0xE1, 0xF8, 0x7E, 0x1F, 0x87, 0xE1, 0xFC, 0x7F, 0xFD, 0xFF, 0x3F, 0xC0,
    0x02, 0x01, 0xC0, 0xE0, 0x70, 0x08, 0x00, 0x0E, 0x1F, 0x87, 0xE1, 0xF8, 0x7E, 0x1F, 0x87, 0xE1,
    0xFC, 0x7F, 0xFD, 0xFF, 0x3F, 0xC0, 0x04, 0x03, 0x81, 0xF0, 0xEE, 0x11, 0x00, 0x0E, 0x1F, 0x87,
    0xE1, 0xF8, 0x7E, 0x1F, 0x87, 0xE1, 0xFC, 0x7F, 0xFD, 0xFF, 0x3F, 0xC0, 0x77, 0x1D, 0xC7, 0x70,
    0x00, 0x00, 0x38, 0x7E, 0x1F, 0x87, 0xE1, 0xF8, 0x7E, 0x1F, 0x87, 0xF1, 0xFF, 0xF7, 0xFC, 0xFF,
    0x01, 0x00, 0x70, 0x1C, 0x07, 0x00, 0x40, 0x00, 0x38, 0x3F, 0x8F, 0x71, 0xCE, 0x39, 0xE7, 0x1D,
    0xC3, 0xB8, 0x7E, 0x07, 0xC0, 0xF8, 0x0E, 0x03, 0xC3, 0xF0, 0x7E, 0x0F, 0x80, 0xE0, 0x1C, 0x03,
    0x80, 0x70, 0x0E, 0x01, 0xFE, 0x3F, 0xE7, 0xFE, 0xE1, 0xFC, 0x1F, 0x83, 0xF0, 0x7E, 0x1F, 0xFF,
    0xBF, 0xF7, 0xF8, 0xE0, 0x1C, 0x03, 0x80, 0x70, 0x00, 0x3B, 0x87, 0x70, 0xEE, 0x00, 0x00, 0x01,
    0xC1, 0xFC, 0x7B, 0x8E, 0x71, 0xCF, 0x38, 0xEE, 0x1D, 0xC3, 0xF0, 0x3E, 0x07, 0xC0, 0x70, 0x1E,
    0x1F, 0x83, 0xF0, 0x7C, 0x00, 0x0F, 0xE0, 0x1F, 0xC0, 0x00, 0x00, 0x3E, 0x00, 0x7C, 0x01, 0xFC,
    0x03, 0xB8, 0x07, 0x70, 0x1E, 0xF0, 0x38, 0xE0, 0x71, 0xC1, 0xE3, 0xC3, 0xFF, 0x8F, 0xFF, 0x9F,
    0xFF, 0x38, 0x0E, 0xF0, 0x1F, 0xC0, 0x1C, 0x3F, 0x8F, 0xE0, 0x00, 0x00, 0x7F, 0x1F, 0xE7, 0xFC,
    0x07, 0x3F, 0xDF, 0xFE, 0x1F, 0x87, 0xFF, 0xDF, 0xF3, 0xFC, 0x0C, 0x60, 0x1F, 0xC0, 0x1F, 0x00,
    0x00, 0x00, 0x7C, 0x00, 0xF8, 0x03, 0xF8, 0x07, 0x70, 0x0E, 0xE0, 0x3D, 0xE0, 0x71, 0xC0, 0xE3,
    0x83, 0xC7, 0x87, 0xFF, 0x1F, 0xFF, 0x3F, 0xFE, 0x70, 0x1D, 0xE0, 0x3F, 0x80, 0x38, 0x31, 0x8F,
    0xE1, 0xF0, 0x00, 0x00, 0x1F, 0xC7, 0xF9, 0xFF, 0x01, 0xCF, 0xF7, 0xFF, 0x87, 0xE1, 0xFF, 0xF7,
    0xFC, 0xFF, 0x07, 0xC0, 0x0F, 0x80, 0x3F, 0x80, 0x77, 0x00, 0xEE, 0x03, 0xDE, 0x07, 0x1C, 0x1E,
    0x3C, 0x3C, 0x78, 0x7F, 0xF1, 0xFF, 0xF3, 0xFF, 0xE7, 0x01, 0xDE, 0x03, 0xF8, 0x03, 0x80, 0x0E,
    0x00, 0x18, 0x00, 0x70, 0x00, 0xF8, 0x00, 0xF0, 0x7F, 0x1F, 0xE7, 0xFC, 0x07, 0x3F, 0xDF, 0xFE,
    0x1F, 0x87, 0xFF, 0xDF, 0xF3, 0xFC, 0x0E, 0x07, 0x01, 0xF0, 0x3C, 0x00, 0x80, 0x1C, 0x03, 0x80,
    0x70, 0x02, 0x00, 0x00, 0x0F, 0xE1, 0xFF, 0x3F, 0xF7, 0x82, 0xF0, 0x0E, 0x00, 0xE0, 0x0E, 0x00,
    0xE0, 0x0E, 0x00, 0xF0, 0x07, 0x82, 0x7F, 0xF3, 0xFF, 0x0F, 0xE0, 0x02, 0x03, 0x83, 0x83, 0x80,
    0x80, 0x00, 0x7E, 0x7F, 0x7F, 0xF8, 0x38, 0x1C, 0x0E, 0x07, 0x81, 0xFE, 0xFF, 0x1F, 0x80, 0x01,
    0x00, 0x38, 0x07, 0xC0, 0xEE, 0x04, 0x40, 0x00, 0x0F, 0xE1, 0xFF, 0x3F, 0xF7, 0x82, 0xF0, 0x0E,
    0x00, 0xE0, 0x0E, 0x00, 0xE0, 0x0E, 0x00, 0xF0, 0x07, 0x82, 0x7F, 0xF3, 0xFF, 0x0F, 0xE0, 0x04,
    0x07, 0x07, 0xC7, 0x71, 0x10, 0x00, 0x7E, 0x7F, 0x7F, 0xF8, 0x38, 0x1C, 0x0E, 0x07, 0x81, 0xFE,
    0xFF, 0x1F, 0x80, 0x03, 0x80, 0x38, 0x03, 0x80, 0x00, 0x0F, 0xE1, 0xFF, 0x3F, 0xF7, 0x82, 0xF0,
    0x0E, 0x00, 0xE0, 0x0E, 0x00, 0xE0, 0x0E, 0x00, 0xF0, 0x07, 0x82, 0x7F, 0xF3, 0xFF, 0x0F, 0xE0,
    0x0E, 0x07, 0x03, 0x80, 0x00, 0x00, 0xFC, 0xFE, 0xFF, 0xF0, 0x70, 0x38, 0x1C, 0x0F, 0x03, 0xFD,
    0xFE, 0x3F, 0x04, 0x40, 0xEE, 0x07, 0xC0, 0x38, 0x01, 0x00, 0x00, 0x0F, 0xE1, 0xFF, 0x3F, 0xF7,
    0x82, 0xF0, 0x0E, 0x00, 0xE0, 0x0E, 0x00, 0xE0, 0x0E, 0x00, 0xF0, 0x07, 0x82, 0x7F, 0xF3, 0xFF,
    0x0F, 0xE0, 0x11, 0x1D, 0xC7, 0xC1, 0xC0, 0x40, 0x00, 0x7E, 0x7F, 0x7F, 0xF8, 0x38, 0x1C, 0x0E,
    0x07, 0x81, 0xFE, 0xFF, 0x1F, 0x80, 0x11, 0x03, 0xB8, 0x1F, 0x00, 0xE0, 0x04, 0x00, 0x00, 0xFF,
    0x0F, 0xFC, 0xFF, 0xEE, 0x1E, 0xE0, 0xFE, 0x07, 0xE0, 0x7E, 0x07, 0xE0, 0x7E, 0x07, 0xE0, 0xFE,
    0x1E, 0xFF, 0xCF, 0xF8, 0xFF, 0x00, 0x00, 0xEE, 0x01, 0xDC, 0x03, 0xB8, 0x07, 0x70, 0x0E, 0xC3,
    0xFC, 0x1F, 0xF8, 0x3F, 0xF0, 0xF0, 0xE1, 0xC1, 0xC3, 0x83, 0x87, 0x07, 0x0F, 0x0E, 0x0F, 0xFC,
    0x0F, 0xF8, 0x0F, 0xF0, 0x3F, 0xC0, 0xFF, 0xC3, 0xFF, 0x8E, 0x1E, 0x38, 0x3C, 0xE0, 0x7F, 0xF1,
    0xFF, 0xC7, 0x38, 0x1C, 0xE0, 0x73, 0x83, 0xCE, 0x1E, 0x3F, 0xF0, 0xFF, 0x83, 0xFC, 0x00, 0x00,
    0xE0, 0x7F, 0x07, 0xF0, 0x0E, 0x00, 0xE1, 0xFE, 0x7F, 0xE7, 0xFE, 0xF0, 0xEE, 0x0E, 0xE0, 0xEE,
    0x0E, 0xF0, 0xE7, 0xFE, 0x3F, 0xE1, 0xFE, 0x7F, 0x1F, 0xC0, 0x03, 0xFF, 0xFF, 0xFF, 0xFE, 0x03,
    0x80, 0xE0, 0x3F, 0xEF, 0xFB, 0xFE, 0xE0, 0x38, 0x0E, 0x03, 0xFF, 0xFF, 0xFF, 0xF0, 0x7F, 0x1F,
    0xC0, 0x00, 0x00, 0x1F, 0x1F, 0xE7, 0xFF, 0x87, 0xFF, 0xFF, 0xFE, 0x03, 0xC2, 0x7F, 0x9F, 0xE1,
    0xF8, 0x63, 0x1F, 0xC3, 0xE0, 0x00, 0xFF, 0xFF, 0xFF, 0xFF, 0x80, 0xE0, 0x38, 0x0F, 0xFB, 0xFE,
    0xFF, 0xB8, 0x0E, 0x03, 0x80, 0xFF, 0xFF, 0xFF, 0xFC, 0x63, 0x1F, 0xC3, 0xE0, 0x00, 0x00, 0x07,
    0xC7, 0xF9, 0xFF, 0xE1, 0xFF, 0xFF, 0xFF, 0x80, 0xF0, 0x9F, 0xE7, 0xF8, 0x7E, 0x1C, 0x07, 0x01,
    0xC0, 0x00, 0xFF, 0xFF, 0xFF, 0xFF, 0x80, 0xE0, 0x38, 0x0F, 0xFB, 0xFE, 0xFF, 0xB8, 0x0E, 0x03,
    0x80, 0xFF, 0xFF, 0xFF, 0xFC, 0x1C, 0x07, 0x01, 0xC0, 0x00, 0x00, 0x07, 0xC7, 0xF9, 0xFF, 0xE1,
    0xFF, 0xFF, 0xFF, 0x80, 0xF0, 0x9F, 0xE7, 0xF8, 0x7E, 0xFF, 0xFF, 0xFF, 0xFF, 0x80, 0xE0, 0x38,
    0x0F, 0xFB, 0xFE, 0xFF, 0xB8, 0x0E, 0x03, 0x80, 0xFF, 0xFF, 0xFF, 0xFC, 0x0F, 0x03, 0x01, 0xC0,
    0x7C, 0x0F, 0x1F, 0x1F, 0xE7, 0xFF, 0x87, 0xFF, 0xFF, 0xFE, 0x03, 0xC2, 0x7F, 0x9F, 0xE3, 0xF8,
    0x1C, 0x0E, 0x03, 0xE0, 0x78, 0x22, 0x1D, 0xC3, 0xE0, 0x70, 0x08, 0x00, 0x0F, 0xFF, 0xFF, 0xFF,
    0xF8, 0x0E, 0x03, 0x80, 0xFF, 0xBF, 0xEF, 0xFB, 0x80, 0xE0, 0x38, 0x0F, 0xFF, 0xFF, 0xFF, 0xC0,
    0x11, 0x0E, 0xE1, 0xF0, 0x38, 0x04, 0x00, 0x01, 0xF1, 0xFE, 0x7F, 0xF8, 0x7F, 0xFF, 0xFF, 0xE0,
    0x3C, 0x27, 0xF9, 0xFE, 0x1F, 0x80, 0x01, 0x00, 0x38, 0x07, 0xC0, 0xEE, 0x04, 0x40, 0x00, 0x0F,
    0xE1, 0xFF, 0x3F, 0xF7, 0x82, 0xF0, 0x0E, 0x00, 0xE0, 0x0E, 0x07, 0xE0, 0x7E, 0x07, 0xF0, 0x77,
    0x87, 0x7F, 0xF3, 0xFF, 0x0F, 0xE0, 0x08, 0x07, 0x03, 0xE1, 0xDC, 0x22, 0x00, 0x01, 0xFD, 0xFF,
    0x7F, 0xFC, 0x7E, 0x1F, 0x87, 0xF1, 0xFF, 0xF7, 0xFC, 0xFF, 0x01, 0xC0, 0xF7, 0xF9, 0xFE, 0x7E,
    0x00, 0x18, 0xC1, 0xFC, 0x0F, 0x80, 0x00, 0x0F, 0xE1, 0xFF, 0x3F, 0xF7, 0x82, 0xF0, 0x0E, 0x00,
    0xE0, 0x0E, 0x07, 0xE0, 0x7E, 0x07, 0xF0, 0x77, 0x87, 0x7F, 0xF3, 0xFF, 0x0F, 0xE0, 0x18, 0xC7,
    0xF0, 0xF8, 0x00, 0x00, 0x07, 0xF7, 0xFD, 0xFF, 0xF1, 0xF8, 0x7E, 0x1F, 0xC7, 0xFF, 0xDF, 0xF3,
    0xFC, 0x07, 0x03, 0xDF, 0xE7, 0xF9, 0xF8, 0x03, 0x80, 0x38, 0x03, 0x80, 0x00, 0x0F, 0xE1, 0xFF,
    0x3F, 0xF7, 0x82, 0xF0, 0x0E, 0x00, 0xE0, 0x0E, 0x07, 0xE0, 0x7E, 0x07, 0xF0, 0x77, 0x87, 0x7F,
    0xF3, 0xFF, 0x0F, 0xE0, 0x1C, 0x07, 0x01, 0xC0, 0x00, 0x00, 0x07, 0xE7, 0xF9, 0xFE, 0xF1, 0xB8,
    0x6E, 0x1F, 0xC7, 0xFF, 0xDF, 0xF3, 0xFC, 0x07, 0x03, 0xDF, 0xE7, 0xF9, 0xF8, 0x0F, 0xE1, 0xFF,
    0x3F, 0xF7, 0x82, 0xF0, 0x0E, 0x00, 0xE0, 0x0E, 0x07, 0xE0, 0x7E, 0x07, 0xF0, 0x77, 0x87, 0x7F,
    0xF3, 0xFF, 0x0F, 0xE0, 0x00, 0x03, 0x80, 0x38, 0x0F, 0x80, 0xF0, 0x03, 0x01, 0xC0, 0xE0, 0x38,
    0x00, 0x00, 0x01, 0xFD, 0xFF, 0x7F, 0xFC, 0x7E, 0x1F, 0x87, 0xF1, 0xFF, 0xF7, 0xFC, 0xFF, 0x01,
    0xC0, 0xF7, 0xF9, 0xFE, 0x7E, 0x00, 0x04, 0x01, 0xC0, 0x7C, 0x1D, 0xC1, 0x10, 0x00, 0x38, 0x3F,
    0x07, 0xE0, 0xFC, 0x1F, 0x83, 0xF0, 0x7F, 0xFF, 0xFF, 0xFF, 0xFF, 0x07, 0xE0, 0xFC, 0x1F, 0x83,
    0xF0, 0x7E, 0x0E, 0x10, 0x1F, 0x0C, 0x60, 0x00, 0xE0, 0x38, 0x0E, 0x03, 0x80, 0xE0, 0x3F, 0xCF,
    0xFB, 0xFF, 0xE3, 0xF8, 0x7E, 0x1F, 0x87, 0xE1, 0xF8, 0x7E, 0x1F, 0x87, 0x38, 0x1C, 0x38, 0x1C,
    0xFF, 0xFF, 0xFF, 0xFF, 0x38, 0x1C, 0x38, 0x1C, 0x3F, 0xFC, 0x3F, 0xFC, 0x3F, 0xFC, 0x38, 0x1C,
    0x38, 0x1C, 0x38, 0x1C, 0x38, 0x1C, 0x38, 0x1C, 0x38, 0x1C, 0x70, 0x0E, 0x03, 0xF8, 0x7F, 0x07,
    0x00, 0xFF, 0x1F, 0xF3, 0xFF, 0x71, 0xEE, 0x1D, 0xC3, 0xB8, 0x77, 0x0E, 0xE1, 0xDC, 0x3B, 0x87,
    0x72, 0xFF, 0x4E, 0x00, 0x38, 0x38, 0x38, 0x38, 0x38, 0x38, 0x38, 0x38, 0x38, 0x38, 0x38, 0x38,
    0x38, 0x38, 0x38, 0x72, 0xFF, 0x4E, 0x00, 0x00, 0x38, 0x38, 0x38, 0x38, 0x38, 0x38, 0x38, 0x38,
    0x38, 0x38, 0x38, 0xFF, 0xFC, 0x01, 0xC3, 0x87, 0x0E, 0x1C, 0x38, 0x70, 0xE1, 0xC3, 0x87, 0x0E,
    0x1C, 0x38, 0x70, 0xFF, 0xFC, 0x00, 0x03, 0x87, 0x0E, 0x1C, 0x38, 0x70, 0xE1, 0xC3, 0x87, 0x0E,
    0x00, 0xC7, 0xFD, 0xF0, 0x03, 0x87, 0x0E, 0x1C, 0x38, 0x70, 0xE1, 0xC3, 0x87, 0x0E, 0x1C, 0x38,
    0x70, 0xE0, 0xC7, 0xFD, 0xF0, 0x00, 0x07, 0x0E, 0x1C, 0x38, 0x70, 0xE1, 0xC3, 0x87, 0x0E, 0x1C,
    0x73, 0x9C, 0xE7, 0x39, 0xCE, 0x73, 0x9C, 0xE7, 0x39, 0xCE, 0xE7, 0x3E, 0xF0, 0x73, 0x9C, 0xE0,
    0x39, 0xCE, 0x73, 0x9C, 0xE7, 0x39, 0xCE, 0x77, 0x39, 0xF7, 0x80, 0xFF, 0x8F, 0xFF, 0xFF, 0xFF,
    0xFF, 0xFF, 0x80, 0xFF, 0xFF, 0xFF, 0xFF, 0x80, 0xE0, 0x1F, 0x80, 0x7E, 0x01, 0xF8, 0x07, 0xE0,
    0x1F, 0x80, 0x7E, 0x01, 0xF8, 0x07, 0xE0, 0x1F, 0x80, 0x7E, 0x01, 0xF8, 0x8F, 0xE3, 0xFF, 0x9F,
    0xEE, 0x3F, 0x00, 0xE3, 0xF1, 0xF8, 0xFC, 0x70, 0x07, 0x1F, 0x8F, 0xC7, 0xE3, 0xF1, 0xF8, 0xFC,
    0x7E, 0x3F, 0x1F, 0x8F, 0xC7, 0x03, 0x8F, 0xC7, 0xC3, 0xC0, 0x01, 0x00, 0x70, 0x1F, 0x07, 0x70,
    0x44, 0x00, 0x00, 0xE0, 0x1C, 0x03, 0x80, 0x70, 0x0E, 0x01, 0xC0, 0x38, 0x07, 0x00, 0xE0, 0x1C,
    0x03, 0x88, 0xF1, 0xFE, 0x7F, 0x87, 0xE0, 0x08, 0x1C, 0x3E, 0x77, 0x22, 0x00, 0x1C, 0x1C, 0x1C,
    0x1C, 0x1C, 0x1C, 0x1C, 0x1C, 0x1C, 0x1C, 0x1C, 0x1C, 0xFC, 0xF8, 0xF0, 0xE0, 0xFE, 0x1E, 0xE3,
    0xCE, 0x78, 0xEF, 0x0F, 0xE0, 0xFC, 0x0F, 0xE0, 0xEE, 0x0E, 0x70, 0xE7, 0x8E, 0x3C, 0xE1, 0xCE,
    0x1E, 0xE0, 0xF0, 0x00, 0x0E, 0x00, 0xE0, 0x3E, 0x03, 0xC0, 0xE0, 0x1C, 0x03, 0x80, 0x70, 0x0E,
    0x01, 0xC7, 0xB9, 0xE7, 0x78, 0xFE, 0x1F, 0x83, 0xF8, 0x77, 0x8E, 0x79, 0xC7, 0x38, 0x77, 0x0F,
    0x00, 0x01, 0xC0, 0x38, 0x1F, 0x03, 0xC0, 0xE3, 0xDC, 0xF3, 0xBC, 0x7F, 0x0F, 0xC1, 0xF8, 0x3B,
    0x87, 0x78, 0xE7, 0x9C, 0x7B, 0x87, 0x80, 0x10, 0x0E, 0x07, 0x03, 0x80, 0x40, 0x00, 0x0E, 0x03,
    0x80, 0xE0, 0x38, 0x0E, 0x03, 0x80, 0xE0, 0x38, 0x0E, 0x03, 0x80, 0xE0, 0x38, 0x0F, 0xFF, 0xFF,
    0xFF, 0xC0, 0x11, 0xFF, 0x80, 0x73, 0x9C, 0xE7, 0x39, 0xCE, 0x73, 0x9C, 0xE7, 0x3F, 0xF3, 0x80,
    0xE0, 0x38, 0x0E, 0x03, 0x80, 0xE0, 0x38, 0x0E, 0x03, 0x80, 0xE0, 0x38, 0x0E, 0x03, 0x80, 0xFF,
    0xFF, 0xFF, 0xFC, 0x00, 0x0E, 0x03, 0x83, 0xE0, 0xF0, 0x71, 0xC7, 0x1C, 0x71, 0xC7, 0x1C, 0x71,
    0xC7, 0x1C, 0x71, 0xF7, 0xC7, 0x00, 0xE3, 0xBE, 0xF0, 0xE0, 0x39, 0xCE, 0x73, 0x9C, 0xE7, 0x39,
    0x8E, 0x03, 0x80, 0xE0, 0x38, 0x0E, 0x03, 0x80, 0xFF, 0xFF, 0xFF, 0xFC, 0xE7, 0xE7, 0xE7, 0xE7,
    0xE6, 0xE0, 0xE0, 0xE0, 0xE0, 0xE0, 0xE0, 0xE0, 0xE0, 0xF8, 0xF8, 0x38, 0xE0, 0x38, 0x0E, 0x03,
    0x80, 0xE1, 0xB8, 0xFE, 0x3F, 0x86, 0xE0, 0x38, 0x0E, 0x03, 0x80, 0xFF, 0xFF, 0xFF, 0xFC, 0xE0,
    0x38, 0x0E, 0x03, 0x80, 0xE0, 0x38, 0x6E, 0x3F, 0x8F, 0xE1, 0xB8, 0x0E, 0x03, 0x80, 0xE0, 0x3E,
    0x0F, 0x80, 0xE0, 0x38, 0x03, 0x80, 0x38, 0x03, 0x80, 0x3B, 0x03, 0xF8, 0x3F, 0x07, 0xC0, 0xF8,
    0x07, 0x80, 0x38, 0x03, 0x80, 0x3F, 0xF3, 0xFF, 0x3F, 0xF0, 0x38, 0x70, 0xE1, 0xC3, 0xA7, 0xCF,
    0xFC, 0xF8, 0x70, 0xE1, 0xC3, 0x87, 0xC7, 0x87, 0x01, 0x00, 0x38, 0x07, 0x00, 0xE0, 0x04, 0x00,
    0x00, 0xE0, 0x7F, 0x07, 0xF8, 0x7F, 0x87, 0xFC, 0x7F, 0xE7, 0xEE, 0x7E, 0x77, 0xE3, 0xFE, 0x3F,
    0xE1, 0xFE, 0x1F, 0xE0, 0xFE, 0x07, 0xE0, 0x70, 0x04, 0x03, 0x81, 0xC0, 0xE0, 0x10, 0x00, 0x0F,
    0xF3, 0xFE, 0xFF, 0xF8, 0xFE, 0x1F, 0x87, 0xE1, 0xF8, 0x7E, 0x1F, 0x87, 0xE1, 0xC0, 0xE0, 0x7F,
    0x07, 0xF8, 0x7F, 0x87, 0xFC, 0x7F, 0xE7, 0xEE, 0x7E, 0x77, 0xE3, 0xFE, 0x3F, 0xE1, 0xFE, 0x1F,
    0xE0, 0xFE, 0x07, 0xE0, 0x70, 0x00, 0x07, 0x00, 0x70, 0x1F, 0x01, 0xE0, 0xFF, 0x3F, 0xEF, 0xFF,
    0x8F, 0xE1, 0xF8, 0x7E, 0x1F, 0x87, 0xE1, 0xF8, 0x7E, 0x1C, 0x00, 0x0E, 0x03, 0x83, 0xE0, 0xF0,
    0x11, 0x03, 0xB8, 0x1F, 0x00, 0xE0, 0x04, 0x00, 0x00, 0xE0, 0x7F, 0x07, 0xF8, 0x7F, 0x87, 0xFC,
    0x7F, 0xE7, 0xEE, 0x7E, 0x77, 0xE3, 0xFE, 0x3F, 0xE1, 0xFE, 0x1F, 0xE0, 0xFE, 0x07, 0xE0, 0x70,
    0x22, 0x1D, 0xC3, 0xE0, 0x70, 0x08, 0x00, 0x0F, 0xF3, 0xFE, 0xFF, 0xF8, 0xFE, 0x1F, 0x87, 0xE1,
    0xF8, 0x7E, 0x1F, 0x87, 0xE1, 0xC0, 0x70, 0x03, 0x80, 0x1C, 0x00, 0xC0, 0x0E, 0x00, 0x0F, 0xF0,
    0x7F, 0xC3, 0xFF, 0x1C, 0x78, 0xE1, 0xC7, 0x0E, 0x38, 0x71, 0xC3, 0x8E, 0x1C, 0x70, 0xE3, 0x87,
    0xE0, 0x7F, 0x07, 0xF8, 0x7F, 0x87, 0xFC, 0x7F, 0xE7, 0xEE, 0x7E, 0x77, 0xE3, 0xFE, 0x3F, 0xE1,
    0xFE, 0x0F, 0xE0, 0xFE, 0x07, 0xE0, 0x70, 0x07, 0x03, 0xF0, 0x3E, 0x03, 0xC0, 0xFF, 0x3F, 0xEF,
    0xFF, 0x8F, 0xE1, 0xF8, 0x7E, 0x1F, 0x87, 0xE1, 0xF8, 0x7E, 0x1C, 0x07, 0x01, 0xC3, 0xE0, 0xF0,
    0x0F, 0xE0, 0x1F, 0xC0, 0x00, 0x00, 0x3E, 0x01, 0xFF, 0x07, 0xFF, 0x1E, 0x0F, 0x38, 0x0F, 0xE0,
    0x0F, 0xC0, 0x1F, 0x80, 0x3F, 0x00, 0x7E, 0x00, 0xFE, 0x03, 0xDE, 0x0F, 0x1F, 0xFC, 0x1F, 0xF0,
    0x0F, 0xC0, 0x3F, 0x87, 0xF0, 0x00, 0x00, 0x01, 0xF0, 0x7F, 0x1F, 0xF7, 0x8F, 0xE0, 0xFC, 0x1F,
    0x83, 0xF8, 0xF7, 0xFC, 0x7F, 0x07, 0xC0, 0x0C, 0x60, 0x1F, 0xC0, 0x1F, 0x00, 0x00, 0x00, 0x7C,
    0x03, 0xFE, 0x0F, 0xFE, 0x3C, 0x1E, 0x70, 0x1F, 0xC0, 0x1F, 0x80, 0x3F, 0x00, 0x7E, 0x00, 0xFC,
    0x01, 0xFC, 0x07, 0xBC, 0x1E, 0x3F, 0xF8, 0x3F, 0xE0, 0x1F, 0x80, 0x31, 0x87, 0xF0, 0x7C, 0x00,
    0x00, 0x00, 0x3E, 0x0F, 0xE3, 0xFE, 0xF1, 0xFC, 0x1F, 0x83, 0xF0, 0x7F, 0x1E, 0xFF, 0x8F, 0xE0,
    0xF8, 0x02, 0x20, 0x06, 0x60, 0x19, 0x80, 0x66, 0x00, 0x44, 0x00, 0x00, 0x01, 0xF0, 0x0F, 0xF8,
    0x3F, 0xF8, 0xF0, 0x79, 0xC0, 0x7F, 0x00, 0x7E, 0x00, 0xFC, 0x01, 0xF8, 0x03, 0xF0, 0x07, 0xF0,
    0x1E, 0xF0, 0x78, 0xFF, 0xE0, 0xFF, 0x80, 0x7E, 0x00, 0x08, 0x81, 0x98, 0x66, 0x19, 0x81, 0x10,
    0x00, 0x07, 0xC1, 0xFC, 0x7F, 0xDE, 0x3F, 0x83, 0xF0, 0x7E, 0x0F, 0xE3, 0xDF, 0xF1, 0xFC, 0x1F,
    0x00, 0x07, 0xFF, 0xE3, 0xFF, 0xFC, 0xFF, 0xFF, 0xBC, 0x38, 0x0F, 0x07, 0x01, 0xC0, 0xE0, 0x38,
    0x1F, 0xF7, 0x03, 0xFE, 0xE0, 0x7F, 0xDC, 0x0E, 0x03, 0xC1, 0xC0, 0x3C, 0x38, 0x03, 0xFF, 0xFE,
    0x3F, 0xFF, 0xC1, 0xFF, 0xF8, 0x1F, 0x1F, 0x0F, 0xEF, 0xE7, 0xFF, 0xFF, 0xC7, 0x87, 0xE0, 0xFF,
    0xF8, 0x3F, 0xFE, 0x0E, 0x03, 0xC7, 0xC2, 0x7F, 0xFF, 0x8F, 0xEF, 0xE1, 0xF1, 0xF8, 0x02, 0x00,
    0x70, 0x0E, 0x01, 0xC0, 0x08, 0x00, 0x00, 0xFF, 0x0F, 0xFC, 0xFF, 0xCE, 0x1E, 0xE0, 0xEE, 0x0E,
    0xE1, 0xEF, 0xFC, 0xFF, 0xCF, 0xF0, 0xE7, 0x8E, 0x3C, 0xE1, 0xCE, 0x0E, 0xE0, 0xF0, 0x08, 0x38,
    0xE3, 0x82, 0x00, 0x1F, 0xFF, 0xFF, 0xC3, 0x87, 0x0E, 0x1C, 0x38, 0x70, 0xE0, 0xFF, 0x0F, 0xFC,
    0xFF, 0xCE, 0x1E, 0xE0, 0xEE, 0x0E, 0xE1, 0xEF, 0xFC, 0xFF, 0xCF, 0xF0, 0xE7, 0x8E, 0x3C, 0xE1,
    0xCE, 0x0E, 0xE0, 0xF0, 0x00, 0x03, 0x80, 0x38, 0x0F, 0x80, 0xF0, 0x1F, 0x9F, 0xCF, 0xE7, 0x03,
    0x81, 0xC0, 0xE0, 0x70, 0x38, 0x1C, 0x0E, 0x00, 0x03, 0x81, 0xC3, 0xE1, 0xE0, 0x11, 0x03, 0xB8,
    0x1F, 0x00, 0xE0, 0x04, 0x0F, 0xF0, 0xFF, 0xCF, 0xFC, 0xE1, 0xEE, 0x0E, 0xE0, 0xEE, 0x1E, 0xFF,
    0xCF, 0xFC, 0xFF, 0x0E, 0x78, 0xE3, 0xCE, 0x1C, 0xE0, 0xEE, 0x0F, 0x45, 0xDD, 0xF1, 0xC1, 0x00,
    0x1F, 0xFF, 0xFF, 0xC3, 0x87, 0x0E, 0x1C, 0x38, 0x70, 0xE0, 0x02, 0x01, 0xC0, 0xE0, 0x70, 0x08,
    0x00, 0x03, 0xF1, 0xFE, 0xFF, 0x38, 0x4E, 0x03, 0xC0, 0x7E, 0x0F, 0xE0, 0xF8, 0x0F, 0x01, 0xD0,
    0x7F, 0xFF, 0xFE, 0x7F, 0x00, 0x04, 0x0E, 0x1C, 0x38, 0x10, 0x00, 0x3E, 0x7E, 0xFE, 0xE0, 0xFE,
    0xFF, 0x7F, 0x87, 0xFF, 0xFE, 0xFC, 0x04, 0x03, 0x81, 0xF0, 0xEE, 0x11, 0x00, 0x03, 0xF1, 0xFE,
    0xFF, 0x38, 0x4E, 0x03, 0xC0, 0x7E, 0x0F, 0xE0, 0xF8, 0x0F, 0x01, 0xD0, 0x7F, 0xFF, 0xFE, 0x7F,
    0x00, 0x08, 0x1C, 0x3E, 0x77, 0x22, 0x00, 0x3E, 0x7E, 0xFE, 0xE0, 0xFE, 0xFF, 0x7F, 0x87, 0xFF,
    0xFE, 0xFC, 0x3F, 0x1F, 0xEF, 0xF3, 0x84, 0xE0, 0x3C, 0x07, 0xE0, 0xFE, 0x0F, 0x80, 0xF0, 0x1D,
    0x07, 0xFF, 0xFF, 0xE7, 0xF0, 0x30, 0x0E, 0x01, 0x81, 0xE0, 0x70, 0x3E, 0x7E, 0xFE, 0xE0, 0xFE,
    0xFF, 0x7F, 0x87, 0xFF, 0xFE, 0xFC, 0x30, 0x38, 0x18, 0x78, 0x70, 0x11, 0x0E, 0xE1, 0xF0, 0x38,
    0x04, 0x00, 0x03, 0xF1, 0xFE, 0xFF, 0x38, 0x4E, 0x03, 0xC0, 0x7E, 0x0F, 0xE0, 0xF8, 0x0F, 0x01,
    0xD0, 0x7F, 0xFF, 0xFE, 0x7F, 0x00, 0x22, 0x77, 0x3E, 0x1C, 0x08, 0x00, 0x3E, 0x7E, 0xFE, 0xE0,
    0xFE, 0xFF, 0x7F, 0x87, 0xFF, 0xFE, 0xFC, 0xFF, 0xFF, 0xFF, 0xFF, 0x87, 0x00, 0xE0, 0x1C, 0x03,
    0x80, 0x70, 0x0E, 0x01, 0xC0, 0x38, 0x07, 0x00, 0xE0, 0x1C, 0x03, 0x80, 0x60, 0x06, 0x03, 0xC0,
    0x70, 0x00, 0xE1, 0xC3, 0x87, 0xFF, 0xFF, 0xF8, 0x70, 0xE1, 0xC3, 0x87, 0xF7, 0xE7, 0xC6, 0x06,
    0x3C, 0x70, 0x11, 0x07, 0x70, 0x7C, 0x07, 0x00, 0x40, 0x00, 0x3F, 0xFF, 0xFF, 0xFF, 0xE1, 0xC0,
    0x38, 0x07, 0x00, 0xE0, 0x1C, 0x03, 0x80, 0x70, 0x0E, 0x01, 0xC0, 0x38, 0x07, 0x00, 0xE0, 0x0E,
    0x1F, 0xBF, 0x6E, 0x1F, 0xFF, 0xFF, 0xE1, 0xC3, 0x87, 0x0E, 0x1F, 0xDF, 0x9F, 0xFF, 0xFF, 0xFF,
    0xFF, 0x87, 0x00, 0xE0, 0x1C, 0x03, 0x83, 0xFE, 0x7F, 0xC1, 0xC0, 0x38, 0x07, 0x00, 0xE0, 0x1C,
    0x03, 0x80, 0xE0, 0xE0, 0xE0, 0xFE, 0xFE, 0xFE, 0xE0, 0xFF, 0xFF, 0xE0, 0xE0, 0xFF, 0x7F, 0x3F,
    0x1C, 0x87, 0xF8, 0x4E, 0x00, 0x0E, 0x0F, 0xC1, 0xF8, 0x3F, 0x07, 0xE0, 0xFC, 0x1F, 0x83, 0xF0,
    0x7E, 0x0F, 0xC1, 0xF8, 0x3F, 0x8F, 0x7F, 0xCF, 0xF8, 0x7C, 0x00, 0x39, 0x1F, 0xE2, 0x70, 0x00,
    0x00, 0x38, 0x7E, 0x1F, 0x87, 0xE1, 0xF8, 0x7E, 0x1F, 0x87, 0xF1, 0xFF, 0xF7, 0xFC, 0xFF, 0x3F,
    0x87, 0xF0, 0x00, 0x70, 0x7E, 0x0F, 0xC1, 0xF8, 0x3F, 0x07, 0xE0, 0xFC, 0x1F, 0x83, 0xF0, 0x7E,
    0x0F, 0xC1, 0xFC, 0x7B, 0xFE, 0x7F, 0xC3, 0xE0, 0x3F, 0x8F, 0xE0, 0x00, 0x00, 0xE1, 0xF8, 0x7E,
    0x1F, 0x87, 0xE1, 0xF8, 0x7E, 0x1F, 0xC7, 0xFF, 0xDF, 0xF3, 0xFC, 0x31, 0x87, 0xF0, 0x7C, 0x00,
    0x0E, 0x0F, 0xC1, 0xF8, 0x3F, 0x07, 0xE0, 0xFC, 0x1F, 0x83, 0xF0, 0x7E, 0x0F, 0xC1, 0xF8, 0x3F,
    0x8F, 0x7F, 0xCF, 0xF8, 0x7C, 0x00, 0x31, 0x8F, 0xE1, 0xF0, 0x00, 0x00, 0x38, 0x7E, 0x1F, 0x87,
    0xE1, 0xF8, 0x7E, 0x1F, 0x87, 0xF1, 0xFF, 0xF7, 0xFC, 0xFF, 0x0F, 0x03, 0xF0, 0x66, 0x0C, 0xC1,
    0xF8, 0x1E, 0x38, 0x3F, 0x07, 0xE0, 0xFC, 0x1F, 0x83, 0xF0, 0x7E, 0x0F, 0xC1, 0xF8, 0x3F, 0x07,
    0xE0, 0xFE, 0x3D, 0xFF, 0x3F, 0xE1, 0xF0, 0x1E, 0x0F, 0xC3, 0x30, 0xCC, 0x3F, 0x07, 0x80, 0x03,
    0x87, 0xE1, 0xF8, 0x7E, 0x1F, 0x87, 0xE1, 0xF8, 0x7F, 0x1F, 0xFF, 0x7F, 0xCF, 0xF0, 0x08, 0x81,
    0x98, 0x66, 0x19, 0x81, 0x10, 0x00, 0x38, 0x3F, 0x07, 0xE0, 0xFC, 0x1F, 0x83, 0xF0, 0x7E, 0x0F,
    0xC1, 0xF8, 0x3F, 0x07, 0xE0, 0xFE, 0x3D, 0xFF, 0x3F, 0xE1, 0xF0, 0x08, 0x83, 0x31, 0x98, 0xCC,
    0x11, 0x00, 0x0E, 0x1F, 0x87, 0xE1, 0xF8, 0x7E, 0x1F, 0x87, 0xE1, 0xFC, 0x7F, 0xFD, 0xFF, 0x3F,
    0xC0, 0xE0, 0xFC, 0x1F, 0x83, 0xF0, 0x7E, 0x0F, 0xC1, 0xF8, 0x3F, 0x07, 0xE0, 0xFC, 0x1F, 0x83,
    0xF8, 0xF7, 0xFC, 0xFF, 0x0F, 0xC0, 0x70, 0x1C, 0x03, 0xE0, 0x3C, 0x00, 0xE1, 0xF8, 0x7E, 0x1F,
    0x87, 0xE1, 0xF8, 0x7E, 0x1F, 0xC7, 0xFF, 0xDF, 0xF3, 0xFC, 0x0E, 0x07, 0x01, 0xF0, 0x3C, 0x00,
    0x40, 0x00, 0x1C, 0x00, 0x07, 0xC0, 0x01, 0xDC, 0x00, 0x11, 0x00, 0x00, 0x00, 0x38, 0x00, 0x3F,
    0x00, 0x07, 0xF0, 0xE1, 0xEE, 0x3C, 0x39, 0xC7, 0xC7, 0x38, 0xF8, 0xE7, 0x1B, 0x1C, 0xF7, 0x77,
    0x0E, 0xEE, 0xE1, 0xDD, 0xDC, 0x3B, 0x9B, 0x87, 0xE3, 0xF0, 0x7C, 0x7C, 0x0F, 0x87, 0x81, 0xE0,
    0xF0, 0x00, 0x80, 0x00, 0xE0, 0x00, 0xF8, 0x00, 0xEE, 0x00, 0x22, 0x00, 0x00, 0x03, 0x87, 0x0F,
    0xC3, 0x87, 0x71, 0xC7, 0x38, 0xF3, 0x8C, 0xF9, 0x87, 0x6D, 0xC3, 0xB6, 0xE0, 0xFB, 0xE0, 0x78,
    0xF0, 0x3C, 0x78, 0x0E, 0x38, 0x00, 0x02, 0x00, 0x38, 0x03, 0xE0, 0x3B, 0x80, 0x88, 0x00, 0x03,
    0xC1, 0xEE, 0x0E, 0x78, 0xF1, 0xC7, 0x0F, 0x78, 0x3B, 0x81, 0xFC, 0x07, 0xC0, 0x1C, 0x00, 0xE0,
    0x07, 0x00, 0x38, 0x01, 0xC0, 0x0E, 0x00, 0x70, 0x00, 0x04, 0x01, 0xC0, 0x7C, 0x1D, 0xC1, 0x10,
    0x00, 0x38, 0x3F, 0x8F, 0x71, 0xCE, 0x39, 0xE7, 0x1D, 0xC3, 0xB8, 0x7E, 0x07, 0xC0, 0xF8, 0x0E,
    0x03, 0xC3, 0xF0, 0x7E, 0x0F, 0x80, 0x1D, 0xC0, 0xEE, 0x07, 0x70, 0x00, 0x0F, 0x07, 0xB8, 0x39,
    0xE3, 0xC7, 0x1C, 0x3D, 0xE0, 0xEE, 0x07, 0xF0, 0x1F, 0x00, 0x70, 0x03, 0x80, 0x1C, 0x00, 0xE0,
    0x07, 0x00, 0x38, 0x01, 0xC0, 0x02, 0x00, 0xE0, 0x38, 0x0E, 0x00, 0x80, 0x00, 0x3F, 0xFF, 0xFF,
    0xFF, 0xE0, 0x38, 0x0E, 0x03, 0xC0, 0xF0, 0x1C, 0x07, 0x01, 0xE0, 0x78, 0x0E, 0x03, 0xFF, 0xFF,
    0xFF, 0xFE, 0x04, 0x07, 0x07, 0x07, 0x01, 0x00, 0x03, 0xFF, 0xFF, 0xFF, 0x87, 0x87, 0x83, 0x83,
    0xC3, 0xC3, 0xFF, 0xFF, 0xFF, 0x80, 0x0E, 0x01, 0xC0, 0x38, 0x00, 0x0F, 0xFF, 0xFF, 0xFF, 0xF8,
    0x0E, 0x03, 0x80, 0xF0, 0x3C, 0x07, 0x01, 0xC0, 0x78, 0x1E, 0x03, 0x80, 0xFF, 0xFF, 0xFF, 0xFF,
    0x80, 0x1C, 0x0E, 0x07, 0x00, 0x00, 0x07, 0xFF, 0xFF, 0xFF, 0x0F, 0x0F, 0x07, 0x07, 0x87, 0x87,
    0xFF, 0xFF, 0xFF, 0x11, 0x07, 0x70, 0x7C, 0x07, 0x00, 0x40, 0x00, 0x3F, 0xFF, 0xFF, 0xFF, 0xE0,
    0x38, 0x0E, 0x03, 0xC0, 0xF0, 0x1C, 0x07, 0x01, 0xE0, 0x78, 0x0E, 0x03, 0xFF, 0xFF, 0xFF, 0xFE,
    0x22, 0x3B, 0x8F, 0x83, 0x80, 0x80, 0x03, 0xFF, 0xFF, 0xFF, 0x87, 0x87, 0x83, 0x83, 0xC3, 0xC3,
    0xFF, 0xFF, 0xFF, 0x80, 0x3E, 0xFF, 0xFF, 0x0E, 0x1C, 0x38, 0x70, 0xE1, 0xC3, 0x87, 0x0E, 0x1C,
    0x38, 0x70, 0x00, 0x0E, 0x00, 0x1C, 0x1F, 0x38, 0xFF, 0xF3, 0xFF, 0xCF, 0x07, 0x9C, 0x07, 0xF0,
    0x07, 0xE0, 0x0F, 0xC0, 0x1F, 0x80, 0x3F, 0x00, 0x7F, 0x01, 0xEF, 0x07, 0x8F, 0xFE, 0x0F, 0xF8,
    0x07, 0xE0, 0x00, 0x70, 0x07, 0x1F, 0x73, 0xFE, 0x7F, 0xEF, 0x1E, 0xE0, 0xEE, 0x0E, 0xE0, 0xEF,
    0x1E, 0x7F, 0xC3, 0xFC, 0x1F, 0x00, 0x00, 0x1C, 0x00, 0x7E, 0x07, 0xF8, 0x1E, 0xE0, 0x73, 0x81,
    0xCE, 0x07, 0x38, 0x1C, 0xE0, 0x73, 0x81, 0xCE, 0x07, 0x38, 0x1C, 0xE0, 0x73, 0xC3, 0xC7, 0xFE,
    0x0F, 0xF0, 0x1F, 0x80, 0x00, 0x38, 0x01, 0xF8, 0x3F, 0xC1, 0xEE, 0x0E, 0x70, 0x73, 0x83, 0x9C,
    0x1C, 0xE0, 0xE7, 0x87, 0x3F, 0xF8, 0xFF, 0xC1, 0xFC, 0x00, 0x00, 0x00, 0x44, 0x00, 0x00, 0xEE,
    0x00, 0x00, 0x7C, 0x00, 0x00, 0x38, 0x00, 0x00, 0x10, 0xFF, 0x07, 0xFF, 0xFF, 0xC7, 0xFF, 0xFF,
    0xE7, 0xFF, 0xE1, 0xE0, 0x0E, 0xE0, 0xF0, 0x1C, 0xE0, 0x70, 0x3C, 0xE0, 0x70, 0x78, 0xE0, 0x70,
    0x70, 0xE0, 0x70, 0xE0, 0xE0, 0x71, 0xE0, 0xE0, 0xF3, 0xC0, 0xE1, 0xE3, 0x80, 0xFF, 0xC7, 0xFF,
    0xFF, 0x87, 0xFF, 0xFF, 0x07, 0xFF, 0x00, 0x00, 0x88, 0x00, 0x03, 0xBB, 0xFC, 0x03, 0xE7, 0xFE,
    0x03, 0x8F, 0xFE, 0x02, 0x1C, 0x3C, 0x00, 0x38, 0x3C, 0xFF, 0xF0, 0x39, 0xFF, 0xE0, 0x73, 0xFF,
    0xC0, 0xE0, 0x7B, 0x81, 0xC1, 0xE7, 0x03, 0x83, 0x8E, 0x0F, 0x0F, 0x1C, 0x3C, 0x3C, 0x3F, 0xF0,
    0xFF, 0xFF, 0xC1, 0xFF, 0xFF, 0x03, 0xFE, 0x00, 0x01, 0x10, 0x03, 0x8E, 0xE0, 0x0E, 0x1F, 0x00,
    0x38, 0x38, 0x00, 0xE0, 0x40, 0x03, 0x80, 0x01, 0xFE, 0x7F, 0xDF, 0xF9, 0xFF, 0x7F, 0xE7, 0xFF,
    0xC3, 0x81, 0xEE, 0x0E, 0x0F, 0x38, 0x38, 0x38, 0xE0, 0xE1, 0xE3, 0xC3, 0x8F, 0x07, 0xFE, 0x7F,
    0xCF, 0xF9, 0xFF, 0x1F, 0xE7, 0xFC, 0xE0, 0x00, 0xFC, 0x00, 0x1F, 0x80, 0x03, 0xF0, 0x00, 0x7E,
    0x00, 0x0F, 0xC0, 0x01, 0xF8, 0x00, 0x3F, 0x00, 0x07, 0xE0, 0x00, 0xFC, 0x00, 0x1F, 0x80, 0x03,
    0xF0, 0x08, 0xFF, 0xFD, 0xFF, 0xFF, 0xFF, 0xBF, 0xF7, 0xE0, 0x00, 0x1F, 0x80, 0x7E, 0x01, 0xF8,
    0x07, 0xE0, 0x03, 0x80, 0x7E, 0x01, 0xF8, 0x07, 0xE0, 0x1F, 0x80, 0x7E, 0x01, 0xF8, 0x07, 0xE0,
    0x1F, 0xFF, 0x7F, 0xFD, 0xFF, 0xF7, 0x00, 0x1C, 0x03, 0xF0, 0x0F, 0x80, 0x3C, 0xE1, 0xF8, 0x7E,
    0x1F, 0x87, 0xE0, 0x38, 0x7E, 0x1F, 0x87, 0xE1, 0xF8, 0x7E, 0x1F, 0x87, 0xE1, 0xFE, 0x7F, 0x9C,
    0xE7, 0x01, 0xC3, 0xF0, 0xF8, 0x3C, 0xE0, 0x70, 0x0F, 0xE0, 0xE0, 0x1F, 0xE1, 0xC0, 0x3F, 0xC3,
    0x80, 0x7F, 0xC7, 0x00, 0xFF, 0xCE, 0x01, 0xFB, 0x9C, 0x03, 0xF3, 0xB8, 0x07, 0xE3, 0xF0, 0x0F,
    0xC7, 0xE0, 0x1F, 0x87, 0xC0, 0x3F, 0x0F, 0x88, 0xFE, 0x0F, 0x1F, 0xFC, 0x0E, 0x7F, 0xB8, 0x1C,
    0x7E, 0x00, 0x00, 0x01, 0xF8, 0x1C, 0x7F, 0x07, 0x1F, 0xE1, 0xC7, 0xF8, 0x70, 0x3F, 0x1C, 0x7F,
    0xE7, 0x1F, 0xB9, 0xC7, 0xE7, 0x71, 0xF8, 0xFC, 0x7E, 0x3F, 0x1F, 0x87, 0xC7, 0xE1, 0xF1, 0xF8,
    0x3C, 0x7E, 0x07, 0x1F, 0x81, 0xC7, 0x00, 0x01, 0xC0, 0x03, 0xF0, 0x00, 0xF8, 0x00, 0x3C, 0x00,
    0x0E, 0x00, 0x1C, 0x00, 0x38, 0x00, 0x70, 0x00, 0x1F, 0xE1, 0xFF, 0xE3, 0xFF, 0xE7, 0xE3, 0xCF,
    0xC3, 0x9F, 0x87, 0x3F, 0x0E, 0x7E, 0x1C, 0xFC, 0x39, 0xF8, 0x73, 0xF0, 0xE7, 0x00, 0x0E, 0x00,
    0xFC, 0x01, 0xF0, 0x03, 0xC0, 0x04, 0x40, 0x1D, 0xC0, 0x1F, 0x00, 0x1C, 0x00, 0x10, 0x00, 0x00,
    0x01, 0xF0, 0x03, 0xE0, 0x0F, 0xE0, 0x1D, 0xC0, 0x3B, 0x80, 0xF7, 0x81, 0xC7, 0x03, 0x8E, 0x0F,
    0x1E, 0x1F, 0xFC, 0x7F, 0xFC, 0xFF, 0xF9, 0xC0, 0x77, 0x80, 0xFE, 0x00, 0xE0, 0x11, 0x0E, 0xE1,
    0xF0, 0x38, 0x04, 0x00, 0x07, 0xF1, 0xFE, 0x7F, 0xC0, 0x73, 0xFD, 0xFF, 0xE1, 0xF8, 0x7F, 0xFD,
    0xFF, 0x3F, 0xC0, 0x45, 0xDD, 0xF1, 0xC1, 0x00, 0x0E, 0x1C, 0x38, 0x70, 0xE1, 0xC3, 0x87, 0x0E,
    0x1C, 0x38, 0x70, 0xE1, 0xC3, 0x80, 0x45, 0xDD, 0xF1, 0xC1, 0x00, 0x0E, 0x1C, 0x38, 0x70, 0xE1,
    0xC3, 0x87, 0x0E, 0x1C, 0x38, 0x04, 0x40, 0x1D, 0xC0, 0x1F, 0x00, 0x1C, 0x00, 0x10, 0x00, 0x00,
    0x01, 0xF0, 0x0F, 0xF8, 0x3F, 0xF8, 0xF0, 0x79, 0xC0, 0x7F, 0x00, 0x7E, 0x00, 0xFC, 0x01, 0xF8,
    0x03, 0xF0, 0x07, 0xF0, 0x1E, 0xF0, 0x78, 0xFF, 0xE0, 0xFF, 0x80, 0x7E, 0x00, 0x11, 0x07, 0x70,
    0x7C, 0x07, 0x00, 0x40, 0x00, 0x07, 0xC1, 0xFC, 0x7F, 0xDE, 0x3F, 0x83, 0xF0, 0x7E, 0x0F, 0xE3,
    0xDF, 0xF1, 0xFC, 0x1F, 0x00, 0x11, 0x07, 0x70, 0x7C, 0x07, 0x00, 0x40, 0x00, 0x38, 0x3F, 0x07,
    0xE0, 0xFC, 0x1F, 0x83, 0xF0, 0x7E, 0x0F, 0xC1, 0xF8, 0x3F, 0x07, 0xE0, 0xFE, 0x3D, 0xFF, 0x3F,
    0xE1, 0xF0, 0x22, 0x1D, 0xC3, 0xE0, 0x70, 0x08, 0x00, 0x0E, 0x1F, 0x87, 0xE1, 0xF8, 0x7E, 0x1F,
    0x87, 0xE1, 0xFC, 0x7F, 0xFD, 0xFF, 0x3F, 0xC0, 0x1F, 0x03, 0xE0, 0x00, 0x1D, 0xC3, 0xB8, 0x77,
    0x00, 0x07, 0x07, 0xE0, 0xFC, 0x1F, 0x83, 0xF0, 0x7E, 0x0F, 0xC1, 0xF8, 0x3F, 0x07, 0xE0, 0xFC,
    0x1F, 0xC7, 0xBF, 0xE7, 0xFC, 0x3E, 0x00, 0x3E, 0x0F, 0x80, 0x01, 0xDC, 0x77, 0x1D, 0xC0, 0x03,
    0x87, 0xE1, 0xF8, 0x7E, 0x1F, 0x87, 0xE1, 0xF8, 0x7F, 0x1F, 0xFF, 0x7F, 0xCF, 0xF0, 0x02, 0x00,
    0xE0, 0x3C, 0x3E, 0xE7, 0x1C, 0xE3, 0x80, 0x07, 0x07, 0xE0, 0xFC, 0x1F, 0x83, 0xF0, 0x7E, 0x0F,
    0xC1, 0xF8, 0x3F, 0x07, 0xE0, 0xFC, 0x1F, 0xC7, 0xBF, 0xE7, 0xFC, 0x3E, 0x00, 0x04, 0x03, 0x80,
    0xC0, 0x70, 0xEB, 0xB8, 0xEE, 0x38, 0x00, 0xE1, 0xF8, 0x7E, 0x1F, 0x87, 0xE1, 0xF8, 0x7E, 0x1F,
    0xC7, 0xFF, 0xDF, 0xF3, 0xFC, 0x1B, 0x01, 0xC1, 0xD7, 0x38, 0xE7, 0x1C, 0x00, 0x38, 0x3F, 0x07,
    0xE0, 0xFC, 0x1F, 0x83, 0xF0, 0x7E, 0x0F, 0xC1, 0xF8, 0x3F, 0x07, 0xE0, 0xFE, 0x3D, 0xFF, 0x3F,
    0xE1, 0xF0, 0x63, 0x0D, 0x81, 0xC3, 0xAE, 0xE3, 0xB8, 0xE0, 0x03, 0x87, 0xE1, 0xF8, 0x7E, 0x1F,
    0x87, 0xE1, 0xF8, 0x7F, 0x1F, 0xFF, 0x7F, 0xCF, 0xF0, 0x08, 0x03, 0x80, 0x38, 0x3B, 0xE7, 0x1C,
    0xE3, 0x80, 0x07, 0x07, 0xE0, 0xFC, 0x1F, 0x83, 0xF0, 0x7E, 0x0F, 0xC1, 0xF8, 0x3F, 0x07, 0xE0,
    0xFC, 0x1F, 0xC7, 0xBF, 0xE7, 0xFC, 0x3E, 0x00, 0x10, 0x0E, 0x01, 0x80, 0x70, 0xEB, 0xB8, 0xEE,
    0x38, 0x00, 0xE1, 0xF8, 0x7E, 0x1F, 0x87, 0xE1, 0xF8, 0x7E, 0x1F, 0xC7, 0xFF, 0xDF, 0xF3, 0xFC,
    0x7E, 0x1F, 0xE7, 0xF8, 0x0F, 0x01, 0xFF, 0xFF, 0xFF, 0x87, 0xFF, 0x9F, 0xE3, 0xE0, 0x07, 0xC0,
    0x0F, 0x80, 0x00, 0x00, 0x77, 0x00, 0xEE, 0x01, 0xDC, 0x00, 0x00, 0x03, 0xE0, 0x07, 0xC0, 0x1F,
    0xC0, 0x3B, 0x80, 0x77, 0x01, 0xEF, 0x03, 0x8E, 0x07, 0x1C, 0x1E, 0x3C, 0x3F, 0xF8, 0xFF, 0xF9,
    0xFF, 0xF3, 0x80, 0xEF, 0x01, 0xFC, 0x01, 0xC0, 0x1F, 0x07, 0xC0, 0x00, 0xEE, 0x3B, 0x8E, 0xE0,
    0x01, 0xFC, 0x7F, 0x9F, 0xF0, 0x1C, 0xFF, 0x7F, 0xF8, 0x7E, 0x1F, 0xFF, 0x7F, 0xCF, 0xF0, 0x07,
    0xC0, 0x0F, 0x80, 0x00, 0x00, 0x1C, 0x00, 0x38, 0x00, 0x70, 0x00, 0x00, 0x03, 0xE0, 0x07, 0xC0,
    0x1F, 0xC0, 0x3B, 0x80, 0x77, 0x01, 0xEF, 0x03, 0x8E, 0x07, 0x1C, 0x1E, 0x3C, 0x3F, 0xF8, 0xFF,
    0xF9, 0xFF, 0xF3, 0x80, 0xEF, 0x01, 0xFC, 0x01, 0xC0, 0x1F, 0x07, 0xC0, 0x00, 0x38, 0x0E, 0x03,
    0x80, 0x01, 0xFC, 0x7F, 0x9F, 0xF0, 0x1C, 0xFF, 0x7F, 0xF8, 0x7E, 0x1F, 0xFF, 0x7F, 0xCF, 0xF0,
    0x00, 0x7F, 0x00, 0x07, 0xF0, 0x00, 0x00, 0x00, 0x0F, 0xFF, 0x01, 0xFF, 0xF0, 0x1F, 0xFF, 0x03,
    0xF8, 0x00, 0x3B, 0x80, 0x07, 0xB8, 0x00, 0x73, 0xFE, 0x0F, 0x3F, 0xE0, 0xE3, 0xFE, 0x1F, 0xF8,
    0x03, 0xFF, 0x80, 0x3F, 0xF8, 0x07, 0x83, 0xFF, 0x70, 0x3F, 0xFF, 0x03, 0xFF, 0x0F, 0xE0, 0x0F,
    0xE0, 0x00, 0x00, 0x00, 0x00, 0x7E, 0x7C, 0x7F, 0xFE, 0x7F, 0xFF, 0x03, 0x87, 0x3F, 0xFF, 0x7F,
    0xFF, 0xE3, 0x80, 0xE3, 0xC0, 0xFF, 0xFE, 0x7F, 0xFE, 0x3E, 0x7E, 0x0F, 0xC0, 0x7F, 0xC3, 0xFE,
    0x1E, 0x08, 0xF0, 0x03, 0x80, 0x0E, 0x00, 0x38, 0x1C, 0xE1, 0xFF, 0x87, 0xFF, 0x07, 0x1E, 0x1C,
    0x7F, 0xF0, 0xFF, 0xC0, 0xFE, 0x00, 0x1F, 0xE3, 0xFE, 0x7F, 0xEF, 0x0E, 0xE3, 0xFE, 0x3F, 0xF0,
    0xEF, 0xFE, 0x7F, 0xE1, 0xFE, 0x00, 0xE0, 0x1E, 0x7F, 0xC7, 0xFC, 0x7F, 0x00, 0x04, 0x40, 0xEE,
    0x07, 0xC0, 0x38, 0x01, 0x00, 0x00, 0x0F, 0xE1, 0xFF, 0x3F, 0xF7, 0x82, 0xF0, 0x0E, 0x00, 0xE0,
    0x0E, 0x07, 0xE0, 0x7E, 0x07, 0xF0, 0x77, 0x87, 0x7F, 0xF3, 0xFF, 0x0F, 0xE0, 0x11, 0x0E, 0xE1,
    0xF0, 0x38, 0x04, 0x00, 0x01, 0xFD, 0xFF, 0x7F, 0xFC, 0x7E, 0x1F, 0x87, 0xF1, 0xFF, 0xF7, 0xFC,
    0xFF, 0x01, 0xC0, 0xF7, 0xF9, 0xFE, 0x7E, 0x00, 0x11, 0x03, 0xB8, 0x1F, 0x00, 0xE0, 0x04, 0x00,
    0x00, 0xE0, 0xFE, 0x1E, 0xE3, 0xCE, 0x78, 0xEF, 0x0F, 0xE0, 0xFC, 0x0F, 0xE0, 0xEE, 0x0E, 0x70,
    0xE7, 0x8E, 0x3C, 0xE1, 0xCE, 0x1E, 0xE0, 0xF0, 0xC6, 0x0F, 0x80, 0x40, 0x00, 0x0E, 0x01, 0xC0,
    0x38, 0x07, 0x00, 0xE0, 0x1C, 0x7B, 0x9E, 0x77, 0x8F, 0xE1, 0xF8, 0x3F, 0x87, 0x78, 0xE7, 0x9C,
    0x73, 0x87, 0x70, 0xF0, 0x07, 0xC0, 0x3F, 0xE0, 0xFF, 0xE3, 0xC1, 0xE7, 0x01, 0xFC, 0x01, 0xF8,
    0x03, 0xF0, 0x07, 0xE0, 0x0F, 0xC0, 0x1F, 0xC0, 0x7B, 0xC1, 0xE3, 0xFF, 0x83, 0xFE, 0x01, 0xF8,
    0x00, 0xE0, 0x03, 0x80, 0x07, 0xC0, 0x07, 0x80, 0x1F, 0x07, 0xF1, 0xFF, 0x78, 0xFE, 0x0F, 0xC1,
    0xF8, 0x3F, 0x8F, 0x7F, 0xCF, 0xF0, 0x7C, 0x07, 0x01, 0xC0, 0x3E, 0x03, 0xC0, 0x0F, 0xE0, 0x1F,
    0xC0, 0x00, 0x00, 0x3E, 0x01, 0xFF, 0x07, 0xFF, 0x1E, 0x0F, 0x38, 0x0F, 0xE0, 0x0F, 0xC0, 0x1F,
    0x80, 0x3F, 0x00, 0x7E, 0x00, 0xFE, 0x03, 0xDE, 0x0F, 0x1F, 0xFC, 0x1F, 0xF0, 0x0F, 0xC0, 0x07,
    0x00, 0x1C, 0x00, 0x3E, 0x00, 0x3C, 0x00, 0x3F, 0x87, 0xF0, 0x00, 0x00, 0x01, 0xF0, 0x7F, 0x1F,
    0xF7, 0x8F, 0xE0, 0xFC, 0x1F, 0x83, 0xF8, 0xF7, 0xFC, 0xFF, 0x07, 0xC0, 0x70, 0x1C, 0x03, 0xE0,
    0x3C, 0x00, 0x08, 0x81, 0xDC, 0x0F, 0x80, 0x70, 0x02, 0x00, 0x00, 0x7F, 0xF7, 0xFF, 0x7F, 0xF0,
    0x1E, 0x03, 0xC0, 0x78, 0x0F, 0xC0, 0xFE, 0x00, 0xF0, 0x07, 0x00, 0x74, 0x0F, 0xFF, 0xEF, 0xFE,
    0x3F, 0x80, 0x08, 0x87, 0x70, 0xF8, 0x1C, 0x02, 0x00, 0x00, 0x01, 0xFF, 0x7F, 0xDF, 0xF0, 0x38,
    0x1C, 0x0E, 0x07, 0xC0, 0xF8, 0x0F, 0x01, 0xC0, 0x74, 0x1D, 0xFF, 0x7F, 0x9F, 0x80, 0x22, 0x77,
    0x3E, 0x1C, 0x08, 0x00, 0x1C, 0x1C, 0x1C, 0x1C, 0x1C, 0x1C, 0x1C, 0x1C, 0x1C, 0x1C, 0x1C, 0x1C,
    0xFC, 0xF8, 0xF0, 0xFF, 0x07, 0xFF, 0xFF, 0xC7, 0xFF, 0xFF, 0xE7, 0xFF, 0xE1, 0xE0, 0x0E, 0xE0,
    0xF0, 0x1C, 0xE0, 0x70, 0x3C, 0xE0, 0x70, 0x78, 0xE0, 0x70, 0x70, 0xE0, 0x70, 0xE0, 0xE0, 0x71,
    0xE0, 0xE0, 0xF3, 0xC0, 0xE1, 0xE3, 0x80, 0xFF, 0xC7, 0xFF, 0xFF, 0x87, 0xFF, 0xFF, 0x07, 0xFF,
    0xFF, 0x00, 0x01, 0xFF, 0x80, 0x03, 0xFF, 0x80, 0x07, 0x0F, 0x00, 0x0E, 0x0F, 0x3F, 0xFC, 0x0E,
    0x7F, 0xF8, 0x1C, 0xFF, 0xF0, 0x38, 0x1E, 0xE0, 0x70, 0x79, 0xC0, 0xE0, 0xE3, 0x83, 0xC3, 0xC7,
    0x0F, 0x0F, 0x0F, 0xFC, 0x3F, 0xFF, 0xF0, 0x7F, 0xFF, 0xC0, 0xFF, 0x80, 0x00, 0xE0, 0x00, 0x03,
    0x80, 0x00, 0x0E, 0x00, 0x00, 0x38, 0x00, 0x00, 0xE0, 0x00, 0x7F, 0x9F, 0xF7, 0xFE, 0x7F, 0xDF,
    0xF9, 0xFF, 0xF0, 0xE0, 0x7B, 0x83, 0x83, 0xCE, 0x0E, 0x0E, 0x38, 0x38, 0x78, 0xF0, 0xE3, 0xC1,
    0xFF, 0x9F, 0xF3, 0xFE, 0x7F, 0xC7, 0xF9, 0xFF, 0x00, 0x80, 0x1C, 0x03, 0x80, 0x70, 0x02, 0x00,
    0x00, 0x0F, 0xE1, 0xFF, 0x3F, 0xF7, 0x82, 0xF0, 0x0E, 0x00, 0xE0, 0x0E, 0x07, 0xE0, 0x7E, 0x07,
    0xF0, 0x77, 0x87, 0x7F, 0xF3, 0xFF, 0x0F, 0xE0, 0x01, 0x00, 0xE0, 0x70, 0x38, 0x04, 0x00, 0x01,
    0xFD, 0xFF, 0x7F, 0xFC, 0x7E, 0x1F, 0x87, 0xF1, 0xFF, 0xF7, 0xFC, 0xFF, 0x01, 0xC0, 0xF7, 0xF9,
    0xFE, 0x7E, 0x00, 0xE0, 0x70, 0x1C, 0x0E, 0x03, 0x81, 0xC0, 0x70, 0x38, 0x7E, 0x07, 0x0F, 0xC0,
    0xE1, 0xFF, 0xFC, 0x3F, 0xFF, 0x87, 0xFF, 0xF0, 0xFC, 0x0E, 0x1F, 0x81, 0xC3, 0xF0, 0x3C, 0xFE,
    0x07, 0xFD, 0xC0, 0x7F, 0xB8, 0x07, 0xE0, 0x3F, 0x1F, 0xF3, 0xFF, 0x70, 0xFE, 0x0F, 0xC1, 0xF8,
    0x3F, 0x07, 0xE1, 0xFC, 0x3B, 0x8E, 0x77, 0xCF, 0xF1, 0xF8, 0x3C, 0x07, 0x00, 0xE0, 0x1C, 0x03,
    0x80, 0x00, 0x08, 0x01, 0xC0, 0x0E, 0x00, 0x70, 0x02, 0x00, 0x00, 0xE0, 0x7F, 0x07, 0xF8, 0x7F,
    0x87, 0xFC, 0x7F, 0xE7, 0xEE, 0x7E, 0x77, 0xE3, 0xFE, 0x3F, 0xE1, 0xFE, 0x1F, 0xE0, 0xFE, 0x07,
    0xE0, 0x70, 0x10, 0x0E, 0x01, 0xC0, 0x38, 0x04, 0x00, 0x0F, 0xF3, 0xFE, 0xFF, 0xF8, 0xFE, 0x1F,
    0x87, 0xE1, 0xF8, 0x7E, 0x1F, 0x87, 0xE1, 0xC0, 0x00, 0x80, 0x0F, 0x80, 0x0C, 0x00, 0x00, 0x00,
    0x38, 0x00, 0xD8, 0x01, 0xB0, 0x03, 0xE0, 0x07, 0xC0, 0x1F, 0xC0, 0x3B, 0x80, 0x77, 0x01, 0xC7,
    0x03, 0x8E, 0x0F, 0x1E, 0x1C, 0x1C, 0x3F, 0xF8, 0xFF, 0xF9, 0xFF, 0xF3, 0x80, 0xEF, 0x01, 0xFC,
    0x01, 0xC0, 0x06, 0x07, 0x03, 0x00, 0x00, 0x1E, 0x0C, 0xC3, 0x30, 0x78, 0x00, 0x1F, 0xC7, 0xF9,
    0xFF, 0x01, 0xCF, 0xF7, 0xFF, 0x87, 0xE1, 0xFF, 0xF7, 0xFC, 0xFF, 0x00, 0x02, 0x00, 0x00, 0x70,
    0x00, 0x0E, 0x00, 0x01, 0xC0, 0x00, 0x08, 0x00, 0x00, 0x00, 0x00, 0xFF, 0xF0, 0x1F, 0xFF, 0x01,
    0xFF, 0xF0, 0x3F, 0x80, 0x03, 0xB8, 0x00, 0x7B, 0x80, 0x07, 0x3F, 0xE0, 0xF3, 0xFE, 0x0E, 0x3F,
    0xE1, 0xFF, 0x80, 0x3F, 0xF8, 0x03, 0xFF, 0x80, 0x78, 0x3F, 0xF7, 0x03, 0xFF, 0xF0, 0x3F, 0xF0,
    0x00, 0x20, 0x00, 0x70, 0x00, 0xE0, 0x01, 0xC0, 0x00, 0x80, 0x00, 0x00, 0x7E, 0x7C, 0x7F, 0xFE,
    0x7F, 0xFF, 0x03, 0x87, 0x3F, 0xFF, 0x7F, 0xFF, 0xE3, 0x80, 0xE3, 0xC0, 0xFF, 0xFE, 0x7F, 0xFE,
    0x3E, 0x7E, 0x00, 0x80, 0x03, 0x80, 0x0E, 0x00, 0x38, 0x00, 0x20, 0x00, 0xF9, 0x87, 0xFF, 0x1F,
    0xFC, 0x78, 0x7C, 0xE1, 0xFF, 0x83, 0xFF, 0x0E, 0x7E, 0x38, 0xFC, 0xE1, 0xFF, 0x83, 0xFE, 0x0F,
    0x7C, 0x3C, 0x7F, 0xF1, 0xFF, 0xC3, 0x7F, 0x00, 0x00, 0x00, 0x02, 0x00, 0xE0, 0x38, 0x0E, 0x00,
    0x80, 0x00, 0x07, 0xF9, 0xFE, 0x7F, 0xDE, 0x7F, 0x9B, 0xF7, 0x7F, 0xCF, 0xF3, 0xDF, 0xF3, 0xFC,
    0xFF, 0x00, 0x00, 0x08, 0x80, 0x33, 0x00, 0x33, 0x00, 0x33, 0x00, 0x44, 0x00, 0x00, 0x01, 0xF0,
    0x03, 0xE0, 0x0F, 0xE0, 0x1D, 0xC0, 0x3B, 0x80, 0xF7, 0x81, 0xC7, 0x03, 0x8E, 0x0F, 0x1E, 0x1F,
    0xFC, 0x7F, 0xFC, 0xFF, 0xF9, 0xC0, 0x77, 0x80, 0xFE, 0x00, 0xE0, 0x22, 0x19, 0x83, 0x30, 0x66,
    0x11, 0x00, 0x07, 0xF1, 0xFE, 0x7F, 0xC0, 0x73, 0xFD, 0xFF, 0xE1, 0xF8, 0x7F, 0xFD, 0xFF, 0x3F,
    0xC0, 0x07, 0xC0, 0x1F, 0xC0, 0x31, 0x80, 0x00, 0x00, 0x7C, 0x00, 0xF8, 0x03, 0xF8, 0x07, 0x70,
    0x0E, 0xE0, 0x3D, 0xE0, 0x71, 0xC0, 0xE3, 0x83, 0xC7, 0x87, 0xFF, 0x1F, 0xFF, 0x3F, 0xFE, 0x70,
    0x1D, 0xE0, 0x3F, 0x80, 0x38, 0x1F, 0x0F, 0xE3, 0x18, 0x00, 0x7F, 0x1F, 0xE7, 0xFC, 0x07, 0x3F,
    0xDF, 0xFE, 0x1F, 0x87, 0xFF, 0xDF, 0xF3, 0xFC, 0x44, 0x33, 0x06, 0x60, 0xCC, 0x22, 0x00, 0x0F,
    0xFF, 0xFF, 0xFF, 0xF8, 0x0E, 0x03, 0x80, 0xFF, 0xBF, 0xEF, 0xFB, 0x80, 0xE0, 0x38, 0x0F, 0xFF,
    0xFF, 0xFF, 0xC0, 0x22, 0x19, 0x83, 0x30, 0x66, 0x11, 0x00, 0x01, 0xF1, 0xFE, 0x7F, 0xF8, 0x7F,
    0xFF, 0xFF, 0xE0, 0x3C, 0x27, 0xF9, 0xFE, 0x1F, 0x80, 0x3E, 0x1F, 0xC6, 0x30, 0x00, 0xFF, 0xFF,
    0xFF, 0xFF, 0x80, 0xE0, 0x38, 0x0F, 0xFB, 0xFE, 0xFF, 0xB8, 0x0E, 0x03, 0x80, 0xFF, 0xFF, 0xFF,
    0xFC, 0x1F, 0x0F, 0xE3, 0x18, 0x00, 0x1F, 0x1F, 0xE7, 0xFF, 0x87, 0xFF, 0xFF, 0xFE, 0x03, 0xC2,
    0x7F, 0x9F, 0xE1, 0xF8, 0x44, 0xCC, 0x66, 0x33, 0x22, 0x00, 0x1C, 0x1C, 0x1C, 0x1C, 0x1C, 0x1C,
    0x1C, 0x1C, 0x1C, 0x1C, 0x1C, 0x1C, 0x1C, 0x1C, 0x1C, 0x44, 0xCC, 0x66, 0x33, 0x22, 0x00, 0x1C,
    0x1C, 0x1C, 0x1C, 0x1C, 0x1C, 0x1C, 0x1C, 0x1C, 0x1C, 0x1C, 0x7D, 0xFF, 0x18, 0x03, 0x87, 0x0E,
    0x1C, 0x38, 0x70, 0xE1, 0xC3, 0x87, 0x0E, 0x1C, 0x38, 0x70, 0xE0, 0x7D, 0xFF, 0x18, 0x03, 0x87,
    0x0E, 0x1C, 0x38, 0x70, 0xE1, 0xC3, 0x87, 0x0E, 0x00, 0x08, 0x80, 0x33, 0x00, 0x33, 0x00, 0x33,
    0x00, 0x44, 0x00, 0x00, 0x01, 0xF0, 0x0F, 0xF8, 0x3F, 0xF8, 0xF0, 0x79, 0xC0, 0x7F, 0x00, 0x7E,
    0x00, 0xFC, 0x01, 0xF8, 0x03, 0xF0, 0x07, 0xF0, 0x1E, 0xF0, 0x78, 0xFF, 0xE0, 0xFF, 0x80, 0x7E,
    0x00, 0x22, 0x0C, 0xC0, 0xCC, 0x0C, 0xC1, 0x10, 0x00, 0x07, 0xC1, 0xFC, 0x7F, 0xDE, 0x3F, 0x83,
    0xF0, 0x7E, 0x0F, 0xE3, 0xDF, 0xF1, 0xFC, 0x1F, 0x00, 0x07, 0xC0, 0x1F, 0xC0, 0x31, 0x80, 0x00,
    0x00, 0x7C, 0x03, 0xFE, 0x0F, 0xFE, 0x3C, 0x1E, 0x70, 0x1F, 0xC0, 0x1F, 0x80, 0x3F, 0x00, 0x7E,
    0x00, 0xFC, 0x01, 0xFC, 0x07, 0xBC, 0x1E, 0x3F, 0xF8, 0x3F, 0xE0, 0x1F, 0x80, 0x1F, 0x07, 0xF0,
    0xC6, 0x00, 0x01, 0xF0, 0x7F, 0x1F, 0xF7, 0x8F, 0xE0, 0xFC, 0x1F, 0x83, 0xF8, 0xF7, 0xFC, 0x7F,
    0x07, 0xC0, 0x44, 0x0C, 0xC0, 0x66, 0x03, 0x30, 0x22, 0x0F, 0xF0, 0xFF, 0xCF, 0xFC, 0xE1, 0xEE,
    0x0E, 0xE0, 0xEE, 0x1E, 0xFF, 0xCF, 0xFC, 0xFF, 0x0E, 0x78, 0xE3, 0xCE, 0x1C, 0xE0, 0xEE, 0x0F,
    0x44, 0xCC, 0x66, 0x33, 0x22, 0x00, 0x3F, 0x7F, 0x7F, 0x70, 0x70, 0x70, 0x70, 0x70, 0x70, 0x70,
    0x70, 0x1F, 0x03, 0xF8, 0x31, 0x80, 0x00, 0xFF, 0x0F, 0xFC, 0xFF, 0xCE, 0x1E, 0xE0, 0xEE, 0x0E,
    0xE1, 0xEF, 0xFC, 0xFF, 0xCF, 0xF0, 0xE7, 0x8E, 0x3C, 0xE1, 0xCE, 0x0E, 0xE0, 0xF0, 0x7D, 0xFF,
    0x18, 0x07, 0xFF, 0xFF, 0xF0, 0xE1, 0xC3, 0x87, 0x0E, 0x1C, 0x38, 0x00, 0x22, 0x0C, 0xC0, 0xCC,
    0x0C, 0xC1, 0x10, 0x00, 0x38, 0x3F, 0x07, 0xE0, 0xFC, 0x1F, 0x83, 0xF0, 0x7E, 0x0F, 0xC1, 0xF8,
    0x3F, 0x07, 0xE0, 0xFE, 0x3D, 0xFF, 0x3F, 0xE1, 0xF0, 0x44, 0x33, 0x06, 0x60, 0xCC, 0x22, 0x00,
    0x0E, 0x1F, 0x87, 0xE1, 0xF8, 0x7E, 0x1F, 0x87, 0xE1, 0xFC, 0x7F, 0xFD, 0xFF, 0x3F, 0xC0, 0x1F,
    0x07, 0xF0, 0xC6, 0x00, 0x0E, 0x0F, 0xC1, 0xF8, 0x3F, 0x07, 0xE0, 0xFC, 0x1F, 0x83, 0xF0, 0x7E,
    0x0F, 0xC1, 0xF8, 0x3F, 0x8F, 0x7F, 0xCF, 0xF8, 0x7C, 0x00, 0x3E, 0x1F, 0xC6, 0x30, 0x00, 0xE1,
    0xF8, 0x7E, 0x1F, 0x87, 0xE1, 0xF8, 0x7E, 0x1F, 0xC7, 0xFF, 0xDF, 0xF3, 0xFC, 0x3F, 0x1F, 0xEF,
    0xF3, 0x84, 0xE0, 0x3C, 0x07, 0xE0, 0xFE, 0x0F, 0x80, 0xF0, 0x1D, 0x07, 0xFF, 0xFF, 0xE7, 0xF0,
    0x00, 0x0E, 0x03, 0x83, 0xE0, 0xF0, 0x3E, 0x7E, 0xFE, 0xE0, 0xFE, 0xFF, 0x7F, 0x87, 0xFF, 0xFE,
    0xFC, 0x00, 0x38, 0x38, 0xF8, 0xF0, 0xFF, 0xFF, 0xFF, 0xFF, 0x87, 0x00, 0xE0, 0x1C, 0x03, 0x80,
    0x70, 0x0E, 0x01, 0xC0, 0x38, 0x07, 0x00, 0xE0, 0x1C, 0x03, 0x80, 0x00, 0x0E, 0x01, 0xC0, 0xF8,
    0x1E, 0x00, 0xE1, 0xC3, 0x87, 0xFF, 0xFF, 0xF8, 0x70, 0xE1, 0xC3, 0x87, 0xF7, 0xE7, 0xC0, 0x0E,
    0x1C, 0xF9, 0xE0, 0x7E, 0x1F, 0xF1, 0xFF, 0x21, 0xE0, 0x1C, 0x03, 0x80, 0xF1, 0xFC, 0x3F, 0x87,
    0xF8, 0x0F, 0x80, 0x70, 0x0E, 0x01, 0xC0, 0x78, 0x1E, 0xFF, 0xDF, 0xF3, 0xF0, 0x00, 0xFE, 0x7F,
    0xBF, 0xE0, 0x70, 0x39, 0xF8, 0xFC, 0x7E, 0x07, 0x81, 0xC0, 0xE1, 0xFF, 0xF7, 0xF3, 0xC0, 0x11,
    0x07, 0x70, 0x7C, 0x07, 0x00, 0x40, 0x00, 0x38, 0x3F, 0x07, 0xE0, 0xFC, 0x1F, 0x83, 0xF0, 0x7F,
    0xFF, 0xFF, 0xFF, 0xFF, 0x07, 0xE0, 0xFC, 0x1F, 0x83, 0xF0, 0x7E, 0x0E, 0xC6, 0x1F, 0x01, 0x00,
    0x00, 0xE0, 0x38, 0x0E, 0x03, 0x80, 0xE0, 0x3F, 0xCF, 0xFB, 0xFF, 0xE3, 0xF8, 0x7E, 0x1F, 0x87,
    0xE1, 0xF8, 0x7E, 0x1F, 0x87, 0xF8, 0x78, 0x78, 0x3C, 0xF3, 0x80, 0x3C, 0x7C, 0x7E, 0xE7, 0x73,
    0xFF, 0xFF, 0xCE, 0xFF, 0xFF, 0xF8, 0xC3, 0xFF, 0x7E, 0x3C, 0xFF, 0xF0, 0xFF, 0xFF, 0xFF, 0x77,
    0xF3, 0xF7, 0x00, 0x3D, 0xDE, 0xE6, 0x70, 0xC3, 0xE7, 0x7E, 0x3C, 0x7D, 0xFF, 0x18, 0x77, 0x7F,
    0xFF, 0xFE, 0xE0, 0x63, 0xCF, 0xFF, 0x00, 0x6C, 0xCF, 0xF7, 0xFF, 0xFC, 0x00, 0x10, 0x0E, 0x01,
    0xC0, 0x38, 0x04, 0x00, 0x0F, 0xFF, 0xFF, 0xFF, 0xF8, 0x0E, 0x03, 0x80, 0xFF, 0xBF, 0xEF, 0xFB,
    0x80, 0xE0, 0x38, 0x0F, 0xFF, 0xFF, 0xFF, 0xC0, 0x77, 0x1D, 0xC7, 0x70, 0x00, 0x00, 0x3F, 0xFF,
    0xFF, 0xFF, 0xE0, 0x38, 0x0E, 0x03, 0xFE, 0xFF, 0xBF, 0xEE, 0x03, 0x80, 0xE0, 0x3F, 0xFF, 0xFF,
    0xFF, 0xFF, 0xF0, 0xFF, 0xF0, 0xFF, 0xF0, 0x0E, 0x00, 0x0E, 0x00, 0x0F, 0xF8, 0x0F, 0xFE, 0x0F,
    0xFE, 0x0E, 0x0F, 0x0E, 0x07, 0x0E, 0x07, 0x0E, 0x0F, 0x0E, 0x7F, 0x0E, 0x7E, 0x0E, 0x78, 0x04,
    0x07, 0x07, 0x07, 0x01, 0x00, 0x03, 0xFF, 0xFF, 0xFF, 0xF0, 0x38, 0x1C, 0x0E, 0x07, 0x03, 0x81,
    0xC0, 0xE0, 0x70, 0x38, 0x1C, 0x0E, 0x00, 0x0F, 0xC3, 0xFF, 0x7F, 0xF7, 0x82, 0xF0, 0x0E, 0x00,
    0xFF, 0x8F, 0xF8, 0xFF, 0x8E, 0x00, 0xF0, 0x07, 0x82, 0x7F, 0xF3, 0xFF, 0x0F, 0xC0, 0x3F, 0x1F,
    0xEF, 0xF3, 0x84, 0xE0, 0x3C, 0x07, 0xE0, 0xFE, 0x0F, 0x80, 0xF0, 0x1D, 0x07, 0xFF, 0xFF, 0xE7,
    0xF0, 0xFF, 0xFF, 0xFF, 0xFF, 0xFF, 0xF8, 0xEF, 0xDF, 0xB8, 0x03, 0x87, 0x0E, 0x1C, 0x38, 0x70,
    0xE1, 0xC3, 0x87, 0x0E, 0x1C, 0x38, 0x70, 0xE0, 0x03, 0x81, 0xC0, 0xE0, 0x70, 0x38, 0x1C, 0x0E,
    0x07, 0x03, 0x81, 0xC0, 0xE8, 0xF7, 0xFF, 0xF9, 0xF8, 0x07, 0xFE, 0x00, 0x0F, 0xFC, 0x00, 0x1F,
    0xF8, 0x00, 0x38, 0x70, 0x00, 0x70, 0xE0, 0x00, 0xE1, 0xFE, 0x01, 0xC3, 0xFF, 0x07, 0x87, 0xFE,
    0x0E, 0x0E, 0x1E, 0x1C, 0x1C, 0x1C, 0x78, 0x38, 0x39, 0xF0, 0x70, 0xFF, 0xC0, 0xFF, 0xDF, 0x01,
    0xFF, 0xB8, 0x03, 0xFC, 0x00, 0xE0, 0x70, 0x0E, 0x07, 0x00, 0xE0, 0x70, 0x0E, 0x07, 0x00, 0xE0,
    0x70, 0x0F, 0xFF, 0xF8, 0xFF, 0xFF, 0xEF, 0xFF, 0xFE, 0xE0, 0x70, 0xFE, 0x07, 0x07, 0xE0, 0x70,
    0x7E, 0x07, 0x0F, 0xE0, 0x7F, 0xEE, 0x07, 0xFE, 0xE0, 0x7F, 0x80, 0xFF, 0xE3, 0xFF, 0x8F, 0xFE,
    0x03, 0x80, 0x0E, 0x00, 0x38, 0x00, 0xFF, 0x03, 0xFE, 0x0F, 0xFC, 0x38, 0xF0, 0xE1, 0xC3, 0x87,
    0x0E, 0x1C, 0x38, 0x70, 0xE1, 0xC0, 0x01, 0x00, 0x38, 0x07, 0x00, 0xE0, 0x04, 0x00, 0x00, 0xE0,
    0xFE, 0x1E, 0xE3, 0xCE, 0x78, 0xEF, 0x0F, 0xE0, 0xFC, 0x0F, 0xE0, 0xEE, 0x0E, 0x70, 0xE7, 0x8E,
    0x3C, 0xE1, 0xCE, 0x1E, 0xE0, 0xF0, 0x08, 0x01, 0xC0, 0x0E, 0x00, 0x70, 0x02, 0x00, 0x00, 0xE0,
    0x7E, 0x0F, 0xE1, 0xFE, 0x1F, 0xE3, 0xFE, 0x7F, 0xE7, 0x7E, 0xE7, 0xFC, 0x7F, 0xC7, 0xF8, 0x7F,
    0x07, 0xF0, 0x7E, 0x07, 0xE0, 0x70, 0x00, 0x00, 0xC6, 0x03, 0xE0, 0x0E, 0x00, 0x00, 0x78, 0x1D,
    0xC1, 0xCE, 0x0E, 0x78, 0xF1, 0xC7, 0x0F, 0x38, 0x3B, 0x81, 0xDC, 0x0F, 0xC0, 0x3E, 0x01, 0xE0,
    0x0F, 0x07, 0xF0, 0x3F, 0x81, 0xF0, 0x00, 0xE0, 0xFC, 0x1F, 0x83, 0xF0, 0x7E, 0x0F, 0xC1, 0xF8,
    0x3F, 0x07, 0xE0, 0xFC, 0x1F, 0x83, 0xF0, 0x7F, 0xFF, 0xFF, 0xFF, 0xF8, 0x70, 0x0E, 0x01, 0xC0,
    0x38, 0x00, 0x07, 0xC0, 0x0F, 0x80, 0x3F, 0x80, 0x77, 0x00, 0xEE, 0x03, 0xDE, 0x07, 0x1C, 0x0E,
    0x38, 0x3C, 0x78, 0x7F, 0xF1, 0xFF, 0xF3, 0xFF, 0xE7, 0x01, 0xDE, 0x03, 0xF8, 0x03, 0x80, 0xFF,
    0xDF, 0xFB, 0xFF, 0x70, 0x0E, 0x01, 0xFE, 0x3F, 0xF7, 0xFE, 0xE1, 0xFC, 0x1F, 0x83, 0xF0, 0xFF,
    0xFD, 0xFF, 0xBF, 0xC0, 0xFF, 0x1F, 0xF3, 0xFF, 0x70, 0xEE, 0x1D, 0xFF, 0x3F, 0xE7, 0xFE, 0xE1,
    0xFC, 0x1F, 0x83, 0xF0, 0xFF, 0xFD, 0xFF, 0xBF, 0xC0, 0xFF, 0xFF, 0xFF, 0xFC, 0x0E, 0x07, 0x03,
    0x81, 0xC0, 0xE0, 0x70, 0x38, 0x1C, 0x0E, 0x07, 0x03, 0x80, 0x07, 0xFC, 0x03, 0xFE, 0x01, 0xFF,
    0x00, 0xE3, 0x80, 0x71, 0xC0, 0x38, 0xE0, 0x1C, 0x70, 0x1E, 0x38, 0x0E, 0x1C, 0x07, 0x0E, 0x07,
    0x87, 0x03, 0x83, 0x8F, 0xFF, 0xFF, 0xFF, 0xFF, 0xFF, 0xFF, 0xC0, 0x07, 0xE0, 0x03, 0xF0, 0x01,
    0xF8, 0x00, 0xE0, 0xFF, 0xFF, 0xFF, 0xFF, 0x80, 0xE0, 0x38, 0x0F, 0xFB, 0xFE, 0xFF, 0xB8, 0x0E,
    0x03, 0x80, 0xFF, 0xFF, 0xFF, 0xFC, 0xF0, 0x70, 0x7B, 0xC3, 0x87, 0x8F, 0x1C, 0x78, 0x3C, 0xE7,
    0x80, 0xE7, 0x78, 0x03, 0xBB, 0x80, 0x0F, 0xF8, 0x00, 0x7F, 0xC0, 0x07, 0xFF, 0x00, 0x7B, 0xBC,
    0x07, 0x9C, 0xF0, 0x3C, 0xE3, 0x83, 0xC7, 0x1E, 0x3C, 0x38, 0x7B, 0xC1, 0xC1, 0xE0, 0x3F, 0x0F,
    0xF1, 0xFF, 0x10, 0xE0, 0x1C, 0x07, 0x8F, 0xE1, 0xFC, 0x3F, 0xC0, 0x3C, 0x03, 0xA0, 0x7F, 0xFF,
    0xFF, 0x8F, 0xC0, 0xE0, 0x7E, 0x0F, 0xE1, 0xFE, 0x1F, 0xE3, 0xFE, 0x7F, 0xE7, 0x7E, 0xE7, 0xFC,
    0x7F, 0xC7, 0xF8, 0x7F, 0x07, 0xF0, 0x7E, 0x07, 0xE0, 0x70, 0x00, 0x01, 0x8C, 0x0F, 0x80, 0x70,
    0x00, 0x0E, 0x07, 0xE0, 0xFE, 0x1F, 0xE1, 0xFE, 0x3F, 0xE7, 0xFE, 0x77, 0xEE, 0x7F, 0xC7, 0xFC,
    0x7F, 0x87, 0xF0, 0x7F, 0x07, 0xE0, 0x7E, 0x07, 0xE0, 0xFE, 0x1E, 0xE3, 0xCE, 0x78, 0xEF, 0x0F,
    0xE0, 0xFC, 0x0F, 0xE0, 0xEE, 0x0E, 0x70, 0xE7, 0x8E, 0x3C, 0xE1, 0xCE, 0x1E, 0xE0, 0xF0, 0x07,
    0xFE, 0x0F, 0xFC, 0x1F, 0xF8, 0x38, 0x70, 0x70, 0xE0, 0xE1, 0xC1, 0xC3, 0x87, 0x87, 0x0E, 0x0E,
    0x1C, 0x1C, 0x78, 0x39, 0xF0, 0x7F, 0xC0, 0xFF, 0x01, 0xF8, 0x03, 0x80, 0x70, 0x07, 0x3C, 0x07,
    0x9E, 0x03, 0xCF, 0x83, 0xE7, 0xC1, 0xF3, 0x71, 0xDB, 0xB8, 0xEF, 0xCE, 0xE7, 0xE7, 0x73, 0xF1,
    0xF1, 0xF8, 0xF8, 0xFC, 0x38, 0x7E, 0x1C, 0x3F, 0x00, 0x1F, 0x80, 0x0E, 0xE0, 0xFC, 0x1F, 0x83,
    0xF0, 0x7E, 0x0F, 0xC1, 0xFF, 0xFF, 0xFF, 0xFF, 0xFC, 0x1F, 0x83, 0xF0, 0x7E, 0x0F, 0xC1, 0xF8,
    0x38, 0x07, 0xC0, 0x3F, 0xE0, 0xFF, 0xE3, 0xC1, 0xE7, 0x01, 0xFC, 0x01, 0xF8, 0x03, 0xF0, 0x07,
    0xE0, 0x0F, 0xC0, 0x1F, 0xC0, 0x7B, 0xC1, 0xE3, 0xFF, 0x83, 0xFE, 0x01, 0xF8, 0x00, 0xFF, 0xFF,
    0xFF, 0xFF, 0xF0, 0x7E, 0x0F, 0xC1, 0xF8, 0x3F, 0x07, 0xE0, 0xFC, 0x1F, 0x83, 0xF0, 0x7E, 0x0F,
    0xC1, 0xF8, 0x38, 0xFF, 0x1F, 0xFB, 0xFF, 0x70, 0xFE, 0x0F, 0xC1, 0xF8, 0x7F, 0xFE, 0xFF, 0xDF,
    0xE3, 0x80, 0x70, 0x0E, 0x01, 0xC0, 0x38, 0x00, 0x0F, 0xE1, 0xFF, 0x3F, 0xF7, 0x82, 0xF0, 0x0E,
    0x00, 0xE0, 0x0E, 0x00, 0xE0, 0x0E, 0x00, 0xF0, 0x07, 0x82, 0x7F, 0xF3, 0xFF, 0x0F, 0xE0, 0xFF,
    0xFF, 0xFF, 0xFF, 0x87, 0x00, 0xE0, 0x1C, 0x03, 0x80, 0x70, 0x0E, 0x01, 0xC0, 0x38, 0x07, 0x00,
    0xE0, 0x1C, 0x03, 0x80, 0xF0, 0x3B, 0x83, 0x9C, 0x1C, 0xF1, 0xE3, 0x8E, 0x1E, 0x70, 0x77, 0x03,
    0xB8, 0x1F, 0x80, 0x7C, 0x03, 0xC0, 0x1E, 0x0F, 0xE0, 0x7F, 0x03, 0xE0, 0x00, 0x01, 0xC0, 0x00,
    0xE0, 0x03, 0xFE, 0x07, 0xFF, 0xC7, 0xFF, 0xF3, 0xCE, 0x7B, 0xC7, 0x1F, 0xC3, 0x87, 0xE1, 0xC3,
    0xF0, 0xE1, 0xDE, 0x73, 0xCF, 0xFF, 0xE3, 0xFF, 0xE0, 0x7F, 0xC0, 0x07, 0x00, 0x03, 0x80, 0xF0,
    0x3D, 0xC0, 0xE3, 0x87, 0x0F, 0x3C, 0x1F, 0xE0, 0x3F, 0x00, 0x78, 0x01, 0xE0, 0x07, 0x80, 0x3F,
    0x01, 0xFE, 0x0F, 0x3C, 0x38, 0x71, 0xC0, 0xEF, 0x03, 0xC0, 0xE0, 0x71, 0xC0, 0xE3, 0x81, 0xC7,
    0x03, 0x8E, 0x07, 0x1C, 0x0E, 0x38, 0x1C, 0x70, 0x38, 0xE0, 0x71, 0xC0, 0xE3, 0x81, 0xC7, 0x03,
    0x8F, 0xFF, 0xFF, 0xFF, 0xFF, 0xFF, 0x80, 0x07, 0x00, 0x0E, 0x00, 0x1C, 0x00, 0x38, 0xE0, 0xFC,
    0x1F, 0x83, 0xF0, 0x7E, 0x0F, 0xC1, 0xFC, 0x3B, 0xFF, 0x7F, 0xE7, 0xFC, 0x03, 0x80, 0x70, 0x0E,
    0x01, 0xC0, 0x38, 0xE1, 0xC3, 0xF0, 0xE1, 0xF8, 0x70, 0xFC, 0x38, 0x7E, 0x1C, 0x3F, 0x0E, 0x1F,
    0x87, 0x0F, 0xC3, 0x87, 0xE1, 0xC3, 0xF0, 0xE1, 0xF8, 0x70, 0xFC, 0x38, 0x7F, 0xFF, 0xFF, 0xFF,
    0xFF, 0xFF, 0xFE, 0xE1, 0xC3, 0x9C, 0x38, 0x73, 0x87, 0x0E, 0x70, 0xE1, 0xCE, 0x1C, 0x39, 0xC3,
    0x87, 0x38, 0x70, 0xE7, 0x0E, 0x1C, 0xE1, 0xC3, 0x9C, 0x38, 0x73, 0x87, 0x0E, 0x70, 0xE1, 0xCF,
    0xFF, 0xFF, 0xFF, 0xFF, 0xFF, 0xFF, 0xF8, 0x00, 0x07, 0x00, 0x00, 0xE0, 0x00, 0x1C, 0x00, 0x03,
    0x80, 0xFE, 0x01, 0xFC, 0x03, 0xF8, 0x00, 0x70, 0x00, 0xE0, 0x01, 0xFE, 0x03, 0xFF, 0x07, 0xFE,
    0x0E, 0x1E, 0x1C, 0x1C, 0x38, 0x38, 0x70, 0xF0, 0xFF, 0xC1, 0xFF, 0x83, 0xFC, 0x00, 0xE0, 0x0F,
    0xC0, 0x1F, 0x80, 0x3F, 0x00, 0x7E, 0x00, 0xFF, 0xC1, 0xFF, 0xE3, 0xFF, 0xC7, 0xE3, 0xCF, 0xC3,
    0x9F, 0x87, 0x3F, 0x1E, 0x7F, 0xF8, 0xFF, 0xF1, 0xFF, 0x83, 0x80, 0xE0, 0x1C, 0x03, 0x80, 0x70,
    0x0E, 0x01, 0xFE, 0x3F, 0xF7, 0xFE, 0xE1, 0xFC, 0x1F, 0x83, 0xF0, 0xFF, 0xFD, 0xFF, 0xBF, 0xC0,
    0x3F, 0x0F, 0xFC, 0x7F, 0xE4, 0x1E, 0x00, 0xF0, 0x07, 0x1F, 0xF1, 0xFF, 0x1F, 0xF0, 0x07, 0x00,
    0xF4, 0x1E, 0xFF, 0xEF, 0xFC, 0x3F, 0x00, 0xE0, 0x3F, 0x0E, 0x07, 0xF8, 0xE0, 0xFF, 0xCE, 0x1E,
    0x1E, 0xE3, 0xC0, 0xFE, 0x38, 0x07, 0xFF, 0x80, 0x7F, 0xF8, 0x07, 0xFF, 0x80, 0x7E, 0x38, 0x07,
    0xE3, 0xC0, 0xFE, 0x1E, 0x1E, 0xE1, 0xFF, 0xCE, 0x0F, 0xF8, 0xE0, 0x3F, 0x00, 0x0F, 0xE7, 0xFC,
    0xFF, 0xBC, 0x77, 0x0E, 0xE1, 0xDE, 0x3B, 0xFF, 0x3F, 0xE3, 0xFC, 0xF3, 0x9C, 0x77, 0x0E, 0xE1,
    0xF8, 0x38, 0x7F, 0x1F, 0xE7, 0xFC, 0x07, 0x3F, 0xDF, 0xFE, 0x1F, 0x87, 0xFF, 0xDF, 0xF3, 0xFC,
    0x01, 0xC1, 0xF8, 0xFF, 0x3E, 0x07, 0x01, 0xFE, 0x3F, 0xF7, 0xFE, 0xE1, 0xFC, 0x1F, 0x83, 0xF0,
    0x7F, 0x1E, 0xFF, 0x9F, 0xE0, 0xF8, 0xFF, 0x9F, 0xFF, 0xFF, 0xF0, 0x7F, 0xFD, 0xFF, 0xB8, 0x3F,
    0x07, 0xFF, 0xFF, 0xFB, 0xFE, 0x00, 0xFF, 0xFF, 0xFF, 0xFC, 0x0E, 0x07, 0x03, 0x81, 0xC0, 0xE0,
    0x70, 0x38, 0x00, 0x1F, 0xF0, 0x7F, 0xC1, 0xFF, 0x07, 0x1C, 0x1C, 0x70, 0x71, 0xC3, 0x87, 0x0E,
    0x1C, 0xFF, 0xFF, 0xFF, 0xFF, 0xFF, 0xF8, 0x07, 0xE0, 0x1F, 0x80, 0x70, 0x1F, 0x1F, 0xE7, 0xFF,
    0x87, 0xFF, 0xFF, 0xFE, 0x03, 0xC2, 0x7F, 0x9F, 0xE1, 0xF8, 0xF1, 0xC7, 0xBC, 0xE7, 0x8F, 0x77,
    0x83, 0xBB, 0x80, 0xFF, 0x80, 0x7F, 0xC0, 0x3F, 0xE0, 0x3B, 0xB8, 0x3D, 0xDE, 0x3C, 0xE7, 0xBC,
    0x71, 0xE0, 0xFC, 0xFF, 0xFF, 0x07, 0x7E, 0x7E, 0x07, 0x87, 0xFF, 0xFE, 0x7C, 0xE0, 0xFC, 0x3F,
    0x8F, 0xF3, 0xFE, 0xFF, 0xFD, 0xFF, 0x3F, 0xE7, 0xF8, 0xFE, 0x1F, 0x83, 0x80, 0x00, 0x06, 0x30,
    0x7C, 0x07, 0x00, 0x00, 0x00, 0x38, 0x3F, 0x0F, 0xE3, 0xFC, 0xFF, 0xBF, 0xFF, 0x7F, 0xCF, 0xF9,
    0xFE, 0x3F, 0x87, 0xE0, 0xE0, 0xE1, 0xFC, 0x7B, 0x9E, 0x77, 0x8F, 0xC1, 0xF8, 0x3F, 0x87, 0x78,
    0xE7, 0x9C, 0x7B, 0x87, 0x80, 0x1F, 0xF1, 0xFF, 0x1F, 0xF1, 0xC7, 0x1C, 0x71, 0xC7, 0x3C, 0x77,
    0x87, 0xF8, 0x7F, 0x07, 0xE0, 0x70, 0x70, 0x73, 0x83, 0x9E, 0x3C, 0xF1, 0xFF, 0xDF, 0xF6, 0xDF,
    0xBE, 0xFD, 0xF7, 0xE7, 0x3F, 0x39, 0xF8, 0x0E, 0xE1, 0xF8, 0x7E, 0x1F, 0x87, 0xFF, 0xFF, 0xFF,
    0xFF, 0x87, 0xE1, 0xF8, 0x7E, 0x1C, 0x1F, 0x07, 0xF1, 0xFF, 0x78, 0xFE, 0x0F, 0xC1, 0xF8, 0x3F,
    0x8F, 0x7F, 0xC7, 0xF0, 0x7C, 0x00, 0xFF, 0xFF, 0xFF, 0xFF, 0x87, 0xE1, 0xF8, 0x7E, 0x1F, 0x87,
    0xE1, 0xF8, 0x7E, 0x1C, 0xFF, 0x1F, 0xF3, 0xFF, 0x70, 0xFE, 0x0F, 0xC1, 0xF8, 0x3F, 0x0F, 0xFF,
    0xDF, 0xFB, 0xFC, 0x70, 0x0E, 0x01, 0xC0, 0x38, 0x00, 0x1F, 0x9F, 0xDF, 0xFE, 0x0E, 0x07, 0x03,
    0x81, 0xE0, 0x7F, 0xBF, 0xC7, 0xE0, 0xFF, 0xFF, 0xFF, 0xFF, 0x87, 0x00, 0xE0, 0x1C, 0x03, 0x80,
    0x70, 0x0E, 0x01, 0xC0, 0x38, 0x00, 0xE0, 0xFE, 0x3D, 0xC7, 0x38, 0xE7, 0x9C, 0x77, 0x0E, 0xE1,
    0xF8, 0x1F, 0x03, 0xE0, 0x38, 0x0F, 0x0F, 0xC1, 0xF8, 0x3E, 0x00, 0x03, 0x80, 0x07, 0x00, 0x0E,
    0x00, 0x1C, 0x00, 0x38, 0x01, 0xFC, 0x0F, 0xFE, 0x3F, 0xFE, 0xF3, 0x9F, 0xC7, 0x1F, 0x8E, 0x3F,
    0x1C, 0x7F, 0x39, 0xEF, 0xFF, 0x8F, 0xFE, 0x07, 0xF0, 0x03, 0x80, 0x07, 0x00, 0x0E, 0x00, 0x1C,
    0x00, 0xF0, 0xF7, 0x9E, 0x39, 0xC1, 0xF8, 0x1F, 0x80, 0xF0, 0x1F, 0x81, 0xF8, 0x39, 0xC7, 0x9E,
    0xF0, 0xF0, 0xE1, 0xCE, 0x1C, 0xE1, 0xCE, 0x1C, 0xE1, 0xCE, 0x1C, 0xE1, 0xCE, 0x1C, 0xFF, 0xFF,
    0xFF, 0xFF, 0xF0, 0x07, 0x00, 0x70, 0x07, 0xE1, 0xF8, 0x7E, 0x1F, 0x87, 0xE1, 0xFF, 0xF7, 0xFC,
    0xFF, 0x01, 0xC0, 0x70, 0x1C, 0xE3, 0x8F, 0xC7, 0x1F, 0x8E, 0x3F, 0x1C, 0x7E, 0x38, 0xFC, 0x71,
    0xF8, 0xE3, 0xF1, 0xC7, 0xFF, 0xFF, 0xFF, 0xFF, 0xFF, 0xF8, 0xE3, 0x8E, 0x71, 0xC7, 0x38, 0xE3,
    0x9C, 0x71, 0xCE, 0x38, 0xE7, 0x1C, 0x73, 0x8E, 0x39, 0xC7, 0x1C, 0xFF, 0xFF, 0xFF, 0xFF, 0xFF,
    0xFF, 0xE0, 0x00, 0x70, 0x00, 0x38, 0x00, 0x1C, 0xFC, 0x0F, 0xC0, 0xFC, 0x01, 0xC0, 0x1F, 0xC1,
    0xFE, 0x1F, 0xF1, 0xC7, 0x1F, 0xF1, 0xFE, 0x1F, 0xC0, 0xE0, 0x1F, 0x80, 0x7E, 0x01, 0xF8, 0x07,
    0xFE, 0x1F, 0xFC, 0x7F, 0xF9, 0xF8, 0xE7, 0xFF, 0x9F, 0xFC, 0x7F, 0xE1, 0xC0, 0xE0, 0x70, 0x38,
    0x1C, 0x0F, 0xE7, 0xFB, 0xFF, 0xC7, 0xFF, 0xFF, 0xBF, 0x80, 0xFC, 0x7F, 0xBF, 0xC0, 0x73, 0xF9,
    0xFC, 0x0E, 0x0F, 0xFF, 0x7F, 0x9F, 0x00, 0xE0, 0xF8, 0xE3, 0xFC, 0xE3, 0xFE, 0xE7, 0x8F, 0xFF,
    0x07, 0xFF, 0x07, 0xFF, 0x07, 0xE7, 0x8F, 0xE3, 0xFE, 0xE3, 0xFC, 0xE0, 0xF8, 0x1F, 0xE7, 0xFD,
    0xFF, 0xB8, 0x77, 0x0E, 0xFF, 0xCF, 0xF8, 0xFF, 0x3C, 0xEF, 0x1F, 0xC3, 0x80, 0x10, 0x0E, 0x01,
    0xC0, 0x38, 0x04, 0x00, 0x01, 0xF1, 0xFE, 0x7F, 0xF8, 0x7F, 0xFF, 0xFF, 0xE0, 0x3C, 0x27, 0xF9,
    0xFE, 0x1F, 0x80, 0x3B, 0x8E, 0xE3, 0xB8, 0x00, 0x00, 0x07, 0xC7, 0xF9, 0xFF, 0xE1, 0xFF, 0xFF,
    0xFF, 0x80, 0xF0, 0x9F, 0xE7, 0xF8, 0x7E, 0x70, 0x07, 0x00, 0xFF, 0x8F, 0xF8, 0x70, 0x07, 0xF8,
    0x7F, 0xE7, 0xFF, 0x70, 0xF7, 0x07, 0x70, 0x77, 0x07, 0x70, 0x77, 0x07, 0x70, 0x77, 0x07, 0x00,
    0x70, 0x7F, 0x07, 0xE0, 0x7C, 0x04, 0x07, 0x07, 0x07, 0x01, 0x00, 0x03, 0xFF, 0xFF, 0xFF, 0xF0,
    0x38, 0x1C, 0x0E, 0x07, 0x03, 0x81, 0xC0, 0xE0, 0x00, 0x1F, 0xBF, 0xDF, 0xFC, 0x0F, 0xE7, 0xF3,
    0x81, 0xE0, 0x7F, 0xBF, 0xC7, 0xC0, 0x3E, 0x7E, 0xFE, 0xE0, 0xFE, 0xFF, 0x7F, 0x87, 0xFF, 0xFE,
    0xFC, 0xFF, 0xF1, 0xFF, 0xFF, 0xFF, 0xFF, 0xEF, 0xDF, 0xB8, 0x00, 0x07, 0x0E, 0x1C, 0x38, 0x70,
    0xE1, 0xC3, 0x87, 0x0E, 0x1C, 0x1C, 0x71, 0xC7, 0x00, 0x71, 0xC7, 0x1C, 0x71, 0xC7, 0x1C, 0x71,
    0xC7, 0x1F, 0xFF, 0xBC, 0x1F, 0xE0, 0x07, 0xF8, 0x01, 0xFE, 0x00, 0x73, 0x80, 0x1C, 0xFF, 0x07,
    0x3F, 0xE3, 0xCF, 0xFD, 0xE3, 0x87, 0xF8, 0xFF, 0xFC, 0x3F, 0xEE, 0x0F, 0xF0, 0xE3, 0x80, 0xE3,
    0x80, 0xE3, 0x80, 0xE3, 0x80, 0xFF, 0xFC, 0xFF, 0xFE, 0xFF, 0xFF, 0xE3, 0x87, 0xE3, 0xFF, 0xE3,
    0xFE, 0xE3, 0xFC, 0x70, 0x0E, 0x03, 0xF8, 0x7F, 0x07, 0x00, 0xFF, 0x1F, 0xF3, 0xFF, 0x71, 0xEE,
    0x1D, 0xC3, 0xB8, 0x77, 0x0E, 0xE1, 0xDC, 0x3B, 0x87, 0x02, 0x00, 0xE0, 0x38, 0x0E, 0x00, 0x80,
    0x00, 0x38, 0x7F, 0x1E, 0xE7, 0x9D, 0xE3, 0xF0, 0x7E, 0x0F, 0xE1, 0xDE, 0x39, 0xE7, 0x1E, 0xE1,
    0xE0, 0x10, 0x07, 0x00, 0x70, 0x07, 0x00, 0x40, 0x00, 0x38, 0x3F, 0x0F, 0xE3, 0xFC, 0xFF, 0xBF,
    0xFF, 0x7F, 0xCF, 0xF9, 0xFE, 0x3F, 0x87, 0xE0, 0xE0, 0x00, 0x06, 0x30, 0x7C, 0x07, 0x00, 0x00,
    0x00, 0x38, 0x3F, 0x8F, 0x71, 0xCE, 0x39, 0xE7, 0x1D, 0xC3, 0xB8, 0x7E, 0x07, 0xC0, 0xF8, 0x0E,
    0x03, 0xC3, 0xF0, 0x7E, 0x0F, 0x80, 0xE3, 0xF1, 0xF8, 0xFC, 0x7E, 0x3F, 0x1F, 0x8F, 0xC7, 0xFF,
    0xFF, 0xFF, 0xE3, 0x81, 0xC0, 0xE0, 0x1C, 0x00, 0x70, 0x0F, 0xFC, 0x3F, 0xF0, 0xFF, 0xC0, 0x70,
    0x01, 0xFE, 0x07, 0xFE, 0x1F, 0xF8, 0x70, 0xF1, 0xC1, 0xC7, 0x07, 0x1C, 0x3C, 0x7F, 0xE1, 0xFF,
    0x07, 0xF8, 0x1C, 0x00, 0xE0, 0x07, 0x00, 0x38, 0x01, 0xC0, 0x7F, 0xE3, 0xFF, 0x1F, 0xF8, 0x1C,
    0x00, 0xE0, 0x07, 0xF8, 0x3F, 0xF1, 0xC3, 0x8F, 0xFC, 0x7F, 0xE3, 0xFC, 0x07, 0xC0, 0x3F, 0xE0,
    0xFF, 0xE3, 0xC1, 0xE7, 0x01, 0xFF, 0xE1, 0xFF, 0xFF, 0xFF, 0xFF, 0xE1, 0xFF, 0xC0, 0x1F, 0xC0,
    0x7B, 0xC1, 0xE3, 0xFF, 0x83, 0xFE, 0x01, 0xF8, 0x00, 0x1F, 0x07, 0xF1, 0xFF, 0x78, 0xFF, 0xCF,
    0xFF, 0xF9, 0xFF, 0x8F, 0x7F, 0xC7, 0xF0, 0x7C, 0x00, 0xE0, 0x0F, 0x38, 0x0F, 0xDC, 0x0F, 0xCE,
    0x07, 0x03, 0x83, 0x81, 0xC3, 0x80, 0xF1, 0xC0, 0x38, 0xE0, 0x1E, 0xE0, 0x07, 0x70, 0x03, 0xF8,
    0x00, 0xF8, 0x00, 0x7C, 0x00, 0x3E, 0x00, 0x0E, 0x00, 0xE0, 0xFF, 0x8F, 0x9C, 0x7C, 0xE3, 0x87,
    0x38, 0x1D, 0xC0, 0xEE, 0x07, 0xE0, 0x1F, 0x00, 0xF8, 0x03, 0x80, 0x18, 0xC0, 0x7F, 0x00, 0xF8,
    0x00, 0x00, 0xE0, 0x73, 0x83, 0xCE, 0x1F, 0x38, 0x7C, 0xE3, 0xF3, 0x9F, 0xCE, 0x77, 0x3B, 0x9C,
    0xFC, 0x73, 0xF1, 0xCF, 0x87, 0x3C, 0x1C, 0xF0, 0x7F, 0x81, 0xFE, 0x07, 0xC0, 0x0E, 0x00, 0x38,
    0x01, 0xC0, 0x02, 0x00, 0x31, 0x81, 0xFC, 0x07, 0xC0, 0x00, 0x00, 0x00, 0x70, 0x73, 0x87, 0x9C,
    0x7C, 0xE7, 0xE7, 0x7F, 0x3F, 0xB9, 0xF9, 0xCF, 0xCE, 0x7C, 0x7F, 0xC3, 0xFC, 0x1F, 0x00, 0x30,
    0x03, 0x80, 0x18, 0x38, 0x01, 0xC0, 0x3F, 0xC1, 0xFE, 0x03, 0x80, 0x1F, 0xE0, 0xFF, 0xC7, 0xFE,
    0x38, 0x79, 0xC1, 0xCE, 0x0E, 0x70, 0xF3, 0xFF, 0x1F, 0xF8, 0xFF, 0x00, 0x38, 0x1F, 0xE3, 0xFC,
    0x1C, 0x03, 0xF8, 0x7F, 0x8E, 0x39, 0xC7, 0x3F, 0xE7, 0xF8, 0xFE, 0x00, 0xFF, 0x1F, 0xFB, 0xFF,
    0x70, 0xFE, 0x0F, 0xD9, 0xFB, 0xFF, 0xFE, 0xFF, 0xDF, 0xF3, 0x8E, 0x70, 0xCE, 0x01, 0xC0, 0x38,
    0x00, 0xFF, 0x1F, 0xF3, 0xFF, 0x70, 0xFE, 0x0F, 0xC1, 0xF9, 0x3F, 0x7F, 0xFF, 0xDF, 0xF3, 0xFE,
    0x70, 0xCE, 0x1D, 0xC0, 0x38, 0x00, 0x01, 0xC0, 0x70, 0x1F, 0xFF, 0xFF, 0xFF, 0xFE, 0x03, 0x80,
    0xE0, 0x38, 0x0E, 0x03, 0x80, 0xE0, 0x38, 0x0E, 0x03, 0x80, 0xE0, 0x38, 0x00, 0x03, 0x81, 0xC0,
    0xFF, 0xFF, 0xFF, 0xFF, 0x81, 0xC0, 0xE0, 0x70, 0x38, 0x1C, 0x0E, 0x07, 0x00, 0x3F, 0xF9, 0xFF,
    0xCF, 0xFE, 0x70, 0x03, 0x80, 0x1C, 0x03, 0xFE, 0x1F, 0xF0, 0xFF, 0x81, 0xC0, 0x0E, 0x00, 0x70,
    0x03, 0x80, 0x1C, 0x00, 0xE0, 0x00, 0x3F, 0xF3, 0xFF, 0x3F, 0xF3, 0x80, 0x38, 0x0F, 0xF0, 0xFF,
    0x03, 0x80, 0x38, 0x03, 0x80, 0x38, 0x00, 0xFF, 0x9F, 0xF3, 0xFE, 0x70, 0x0E, 0x01, 0xC0, 0x3F,
    0xC7, 0xFC, 0xFF, 0xDC, 0x3F, 0x83, 0xF0, 0x7E, 0x0F, 0xC1, 0xF8, 0x38, 0x0E, 0x0F, 0xC1, 0xF0,
    0x3C, 0x00, 0xFF, 0xBF, 0xEF, 0xFB, 0x80, 0xE0, 0x3F, 0x8F, 0xFB, 0xFE, 0xE3, 0xF8, 0x7E, 0x1C,
    0x0F, 0x1F, 0xC7, 0xE1, 0xE0, 0xF0, 0x70, 0xF3, 0xC3, 0x8F, 0x0F, 0x1C, 0x70, 0x3C, 0xE7, 0x80,
    0xE7, 0x78, 0x03, 0xBF, 0x80, 0x0F, 0xF8, 0x00, 0x7F, 0xC0, 0x07, 0xFF, 0x00, 0x7B, 0xBC, 0x07,
    0x9C, 0xF0, 0x3C, 0xE3, 0xC3, 0xC7, 0x0F, 0xBC, 0x38, 0x3F, 0xC1, 0xC0, 0xE0, 0x00, 0x07, 0x00,
    0x00, 0x38, 0x00, 0x01, 0xC0, 0x00, 0x0E, 0xF1, 0xCF, 0x3C, 0xE7, 0x0F, 0x77, 0x83, 0xBF, 0x80,
    0xFF, 0x80, 0x7F, 0xC0, 0x3F, 0xF0, 0x3B, 0xBC, 0x3D, 0xCF, 0xBC, 0xE3, 0xFC, 0x70, 0xE0, 0x00,
    0x70, 0x00, 0x38, 0x00, 0x1C, 0x3F, 0x0F, 0xF1, 0xFF, 0x10, 0xE0, 0x1C, 0x07, 0x8F, 0xE1, 0xFC,
    0x3F, 0xC0, 0x3C, 0x03, 0xA0, 0x7F, 0xFF, 0xFF, 0x9F, 0xC0, 0xE0, 0x0E, 0x00, 0xC0, 0x78, 0x0E,
    0x00, 0xFC, 0xFF, 0xFF, 0x07, 0x7E, 0x7E, 0x07, 0x87, 0xFF, 0xFF, 0xFC, 0x38, 0x1C, 0x0C, 0x3C,
    0x38, 0xE0, 0xF7, 0x0F, 0x38, 0xF1, 0xCF, 0x0E, 0xF0, 0x7F, 0x03, 0xF0, 0x1F, 0xC0, 0xEE, 0x07,
    0x38, 0x38, 0xE1, 0xC7, 0x8E, 0x1F, 0xF0, 0x7F, 0x81, 0xE0, 0x07, 0x00, 0x38, 0x01, 0xC0, 0x0E,
    0xE1, 0xEE, 0x3C, 0xE7, 0x8E, 0xF0, 0xFE, 0x0F, 0xC0, 0xFF, 0x0E, 0xF8, 0xE7, 0xFE, 0x3F, 0xE0,
    0xF0, 0x07, 0x00, 0x70, 0x07, 0xE0, 0x3F, 0x81, 0xEE, 0xCF, 0x3B, 0x78, 0xEF, 0xC3, 0xFE, 0x0F,
    0xF8, 0x3F, 0xF0, 0xEF, 0xE3, 0xB7, 0x8E, 0xCF, 0x38, 0x3C, 0xE0, 0x7B, 0x81, 0xEE, 0x03, 0xC0,
    0xE0, 0x7E, 0xCE, 0xED, 0xCE, 0xFC, 0xFF, 0x8F, 0xFC, 0xEF, 0xCE, 0xDE, 0xE0, 0xEE, 0x0E, 0xE0,
    0x70, 0x38, 0x00, 0xE0, 0xFF, 0xE7, 0xBF, 0xBC, 0x39, 0xE0, 0xE7, 0x03, 0xBC, 0x0F, 0xE0, 0x3F,
    0x00, 0xFE, 0x03, 0xBC, 0x0E, 0x78, 0x38, 0xF0, 0xE1, 0xC3, 0x87, 0x8E, 0x0F, 0x70, 0x07, 0xE3,
    0xFF, 0x3D, 0xFB, 0xC7, 0x3C, 0x3B, 0xC1, 0xFC, 0x0E, 0xF0, 0x73, 0xC3, 0x8F, 0x1C, 0x3C, 0xE0,
    0xF0, 0xFE, 0x0F, 0x7F, 0x0F, 0x3F, 0x8F, 0x01, 0xCF, 0x00, 0xEF, 0x00, 0x7F, 0x00, 0x3F, 0x00,
    0x1F, 0xC0, 0x0E, 0xF0, 0x07, 0x3C, 0x03, 0x8F, 0x01, 0xC3, 0x80, 0xE0, 0xE0, 0x70, 0x78, 0x38,
    0x1E, 0xFC, 0x7B, 0xF3, 0xCF, 0xDE, 0x07, 0xF0, 0x1F, 0x80, 0x7F, 0x01, 0xDE, 0x07, 0x3C, 0x1C,
    0x70, 0x70, 0xE1, 0xC3, 0xC0, 0xE0, 0xE3, 0x83, 0x8E, 0x0E, 0x38, 0x38, 0xE0, 0xE3, 0x83, 0x8F,
    0xFE, 0x3F, 0xF8, 0xFF, 0xE3, 0x83, 0x8E, 0x0E, 0x38, 0x38, 0xE0, 0xFF, 0x83, 0xFE, 0x0F, 0xC0,
    0x07, 0x00, 0x1C, 0x00, 0x70, 0x01, 0xC0, 0xE1, 0xCE, 0x1C, 0xE1, 0xCE, 0x1C, 0xFF, 0xCF, 0xFC,
    0xFF, 0xCE, 0x1C, 0xE1, 0xFE, 0x1F, 0xE1, 0xF0, 0x07, 0x00, 0x70, 0x07, 0xE0, 0x7F, 0xE0, 0x7F,
    0xE0, 0x7F, 0xE0, 0x70, 0xE0, 0x70, 0xE0, 0x70, 0xFF, 0xF0, 0xFF, 0xF0, 0xFF, 0xF0, 0xE0, 0x70,
    0xE0, 0x70, 0xE0, 0x70, 0xE0, 0x70, 0xE0, 0x70, 0xE0, 0x70, 0xE1, 0xFF, 0x0F, 0xF8, 0x7F, 0xC3,
    0x8F, 0xFC, 0x7F, 0xE3, 0xFF, 0x1C, 0x38, 0xE1, 0xC7, 0x0E, 0x38, 0x70, 0xFF, 0xE0, 0x0F, 0xFE,
    0x00, 0xFF, 0xE0, 0x0E, 0x0E, 0x00, 0xE0, 0xE0, 0x0E, 0x0E, 0x00, 0xE0, 0xFF, 0x0E, 0x0F, 0xFC,
    0xE0, 0xFF, 0xEE, 0x0E, 0x0E, 0xE0, 0xE0, 0x7E, 0x0E, 0x07, 0xE0, 0xE0, 0x7E, 0x0E, 0x07, 0xE0,
    0xE0, 0xF0, 0x00, 0x1E, 0x00, 0x0F, 0xE0, 0x00, 0xFC, 0x00, 0x0F, 0x00, 0xFF, 0x80, 0xFF, 0x80,
    0xFF, 0x80, 0xE3, 0x80, 0xE3, 0xF8, 0xE3, 0xFE, 0xE3, 0xFE, 0xE3, 0x8F, 0xE3, 0x87, 0xE3, 0x87,
    0xE3, 0x87, 0x00, 0x0F, 0x00, 0x7E, 0x00, 0x7E, 0x00, 0x78, 0x07, 0xE0, 0x3F, 0xC0, 0xFF, 0x03,
    0xC0, 0x07, 0x00, 0x1C, 0x1F, 0x38, 0xFF, 0x71, 0xFF, 0xE7, 0x8F, 0xCE, 0x1F, 0x9C, 0x3B, 0xB8,
    0xF7, 0xFF, 0xC7, 0xFF, 0x03, 0xF8, 0x00, 0xF0, 0x00, 0xFC, 0x00, 0xF8, 0x00, 0x70, 0x1F, 0x0F,
    0xE1, 0xFC, 0x79, 0xEE, 0x7F, 0xDD, 0xFB, 0xBF, 0x77, 0x7F, 0xEF, 0xF8, 0x7E, 0x03, 0xC0, 0x3E,
    0x01, 0xC0, 0x0F, 0xE1, 0xFF, 0x3F, 0xF7, 0x82, 0xF0, 0x0E, 0x00, 0xE0, 0x0E, 0x00, 0xE0, 0x0E,
    0x00, 0xF0, 0x07, 0x82, 0x7F, 0xF3, 0xFF, 0x0F, 0xE0, 0x70, 0x03, 0x80, 0x18, 0x07, 0x80, 0x70,
    0x1F, 0x1F, 0xDF, 0xDE, 0x0E, 0x07, 0x03, 0x81, 0xE0, 0x7F, 0x9F, 0xC3, 0xE3, 0x80, 0x60, 0xF0,
    0xF0, 0xFF, 0xFF, 0xFF, 0xFF, 0x87, 0x00, 0xE0, 0x1C, 0x03, 0x80, 0x70, 0x0E, 0x01, 0xC0, 0x38,
    0x07, 0x00, 0xF8, 0x1F, 0x03, 0xE0, 0x1C, 0x03, 0x80, 0x70, 0x0E, 0x00, 0xFF, 0xFF, 0xFF, 0xFF,
    0x87, 0x00, 0xE0, 0x1C, 0x03, 0x80, 0x70, 0x0F, 0x81, 0xF0, 0x3E, 0x01, 0xC0, 0x38, 0x07, 0x00,
    0xF0, 0x7B, 0x83, 0x9E, 0x3C, 0x71, 0xC3, 0xDE, 0x0E, 0xE0, 0x7F, 0x01, 0xF0, 0x07, 0x00, 0x38,
    0x01, 0xC0, 0x0E, 0x00, 0x70, 0x03, 0x80, 0x1C, 0x00, 0xE0, 0xEE, 0x3D, 0xC7, 0x38, 0xE3, 0xB8,
    0x77, 0x0F, 0xE0, 0xF8, 0x1F, 0x01, 0xC0, 0x38, 0x07, 0x00, 0xE0, 0x1C, 0x03, 0x80, 0xF0, 0x7B,
    0x83, 0x9E, 0x3C, 0x71, 0xC3, 0xDE, 0x0E, 0xE0, 0x3E, 0x01, 0xF0, 0x07, 0x01, 0xFF, 0x0F, 0xF8,
    0x0E, 0x00, 0x70, 0x03, 0x80, 0x1C, 0x00, 0xE0, 0xFE, 0x3D, 0xC7, 0x38, 0xE7, 0x9C, 0x77, 0x0E,
    0xE1, 0xFC, 0x1F, 0x0F, 0xF1, 0xFE, 0x07, 0x00, 0xE0, 0x1C, 0x03, 0x80, 0xF0, 0x79, 0xE1, 0xC3,
    0x8E, 0x0F, 0x78, 0x1F, 0xC0, 0x3E, 0x00, 0x78, 0x01, 0xE0, 0x0F, 0xC0, 0x7F, 0x01, 0xDE, 0x0F,
    0x3C, 0x38, 0x7D, 0xC1, 0xFF, 0x03, 0xC0, 0x07, 0x00, 0x1C, 0x00, 0x70, 0x01, 0xC0, 0xF1, 0xE7,
    0x9C, 0x3F, 0x81, 0xF8, 0x0F, 0x00, 0xF0, 0x1F, 0x83, 0xFC, 0x39, 0xF7, 0x0F, 0xF0, 0xF0, 0x07,
    0x00, 0x70, 0x07, 0xFF, 0xE7, 0x1F, 0xFC, 0xE3, 0xFF, 0x9C, 0x07, 0x03, 0x80, 0xE0, 0x70, 0x1C,
    0x0E, 0x03, 0x81, 0xC0, 0x70, 0x38, 0x0E, 0x07, 0x01, 0xC0, 0xE0, 0x38, 0x1C, 0x07, 0x03, 0x80,
    0xFF, 0xFE, 0x1F, 0xFF, 0xC3, 0xFF, 0xF8, 0x00, 0x07, 0x00, 0x00, 0xE0, 0x00, 0x1C, 0x00, 0x03,
    0x80, 0xFE, 0xE7, 0xF7, 0x3F, 0xB8, 0x71, 0xC3, 0x8E, 0x1C, 0x70, 0xE3, 0x87, 0x1C, 0x3F, 0xF9,
    0xFF, 0xCF, 0xFE, 0x00, 0x70, 0x03, 0x80, 0x1C, 0xE0, 0xE7, 0x07, 0x38, 0x39, 0xC1, 0xCE, 0x0E,
    0x70, 0x73, 0xC3, 0x8F, 0xFC, 0x7F, 0xE1, 0xFF, 0x00, 0x38, 0x01, 0xC0, 0x0F, 0x80, 0x7C, 0x03,
    0xE0, 0x07, 0x00, 0x38, 0x01, 0xC0, 0x0E, 0xE1, 0xCE, 0x1C, 0xE1, 0xCE, 0x1C, 0xE1, 0xCF, 0xFC,
    0x7F, 0xC3, 0xFC, 0x01, 0xF0, 0x1F, 0x01, 0xF0, 0x07, 0x00, 0x70, 0x07, 0xE0, 0xFC, 0x1F, 0x83,
    0xF0, 0x7E, 0x0F, 0xCD, 0xFD, 0xBF, 0xFF, 0x7F, 0xE3, 0xFC, 0x1B, 0x83, 0x70, 0x0E, 0x01, 0xC0,
    0x38, 0xE1, 0xF8, 0x7E, 0x1F, 0xB7, 0xED, 0xFF, 0xF7, 0xFC, 0xFF, 0x0D, 0xC3, 0x70, 0x1C, 0xE0,
    0x07, 0x00, 0x38, 0x01, 0xC0, 0x0E, 0x00, 0x7F, 0xE3, 0xFF, 0xDF, 0xFE, 0xE0, 0x7F, 0x01, 0xF8,
    0x0F, 0xC0, 0x7E, 0x03, 0xF0, 0x1F, 0x80, 0xE0, 0xE0, 0x38, 0x0E, 0x03, 0x80, 0xE0, 0x3F, 0xCF,
    0xFB, 0xFF, 0xE3, 0xF8, 0x7E, 0x1F, 0x87, 0xE1, 0xF8, 0x7E, 0x1F, 0x87, 0x00, 0xF8, 0x01, 0xFF,
    0x39, 0xFF, 0xDC, 0xE0, 0xEE, 0xE0, 0x3F, 0xFF, 0xFD, 0xFF, 0xFE, 0x3F, 0xFF, 0x0E, 0x00, 0x07,
    0x00, 0x03, 0xC0, 0x00, 0xF0, 0x40, 0x3F, 0xF0, 0x0F, 0xF8, 0x03, 0xF0, 0x03, 0xE6, 0x7F, 0xB3,
    0xFF, 0xF8, 0x77, 0xFF, 0x9F, 0xFC, 0x70, 0x03, 0xC2, 0x0F, 0xF0, 0x7F, 0x80, 0xFC, 0x00, 0xF8,
    0x01, 0xFF, 0x01, 0xFF, 0xDC, 0xF0, 0xEE, 0xF0, 0x3F, 0x70, 0x1F, 0xFF, 0xFE, 0xFF, 0xFF, 0x1F,
    0xFF, 0x87, 0x00, 0x03, 0x80, 0x00, 0xF0, 0x40, 0x7F, 0xF0, 0x1F, 0xF8, 0x03, 0xF0, 0x00, 0xE0,
    0x00, 0x70, 0x00, 0x38, 0x00, 0x1C, 0x00, 0x03, 0xC0, 0x3F, 0xB3, 0xFD, 0xBC, 0xFF, 0xC3, 0xBF,
    0xFC, 0xFF, 0xE3, 0x82, 0x0F, 0xF0, 0x7F, 0x80, 0xFC, 0x03, 0x80, 0x1C, 0x00, 0xE0, 0xFF, 0xFF,
    0xFF, 0xFF, 0xFF, 0xF8, 0x00, 0x00, 0x00, 0x0C, 0x60, 0x00, 0x3E, 0x00, 0x00, 0xE0, 0x00, 0x00,
    0x00, 0x78, 0x38, 0x3D, 0xE1, 0xC3, 0xC7, 0x8E, 0x3C, 0x1E, 0x73, 0xC0, 0x73, 0xBC, 0x01, 0xDD,
    0xC0, 0x07, 0xFC, 0x00, 0x3F, 0xE0, 0x03, 0xFF, 0x80, 0x3D, 0xDE, 0x03, 0xCE, 0x78, 0x1E, 0x71,
    0xC1, 0xE3, 0x8F, 0x1E, 0x1C, 0x3D, 0xE0, 0xE0, 0xF0, 0x00, 0x00, 0x03, 0x18, 0x00, 0xF8, 0x00,
    0x38, 0x00, 0x00, 0x00, 0x00, 0x03, 0xC7, 0x1E, 0xF3, 0x9E, 0x3D, 0xDE, 0x0E, 0xEE, 0x03, 0xFE,
    0x01, 0xFF, 0x00, 0xFF, 0x80, 0xEE, 0xE0, 0xF7, 0x78, 0xF3, 0x9E, 0xF1, 0xC7, 0x80, 0xE0, 0xFE,
    0x1E, 0xE3, 0xCE, 0x78, 0xEF, 0x0F, 0xE0, 0xFF, 0x0F, 0xFC, 0xFF, 0xEE, 0x1E, 0xE0, 0xFE, 0x07,
    0xE0, 0x7E, 0x07, 0xE0, 0x70, 0x0E, 0x07, 0xE0, 0x7C, 0x07, 0x80, 0xE3, 0xF9, 0xEE, 0x73, 0xB8,
    0xFE, 0x3F, 0xCF, 0xFB, 0x8F, 0xE1, 0xF8, 0x7E, 0x1C, 0x07, 0x03, 0xC3, 0xE0, 0xF0, 0x07, 0xFE,
    0x03, 0xFF, 0x01, 0xFF, 0x80, 0xE1, 0xC0, 0x70, 0xE0, 0x38, 0x70, 0x1C, 0x38, 0x1E, 0x1C, 0x0E,
    0x0E, 0x07, 0x07, 0x07, 0x83, 0x87, 0xC1, 0xCF, 0xC0, 0xFF, 0xC0, 0x7F, 0x80, 0x3E, 0x00, 0x06,
    0x00, 0x07, 0x00, 0x03, 0x00, 0x00, 0x80, 0x1F, 0xF0, 0x7F, 0xC1, 0xFF, 0x07, 0x1C, 0x1C, 0x70,
    0x71, 0xC3, 0xC7, 0x1E, 0x1C, 0xF8, 0x7F, 0xC1, 0xFE, 0x07, 0xC0, 0x06, 0x00, 0x38, 0x00, 0x40,
    0xE0, 0xFC, 0x1F, 0x83, 0xF0, 0x7E, 0x0F, 0xC1, 0xFF, 0xFF, 0xFF, 0xFF, 0xFC, 0x1F, 0x83, 0xF0,
    0x7E, 0x0F, 0xC1, 0xF8, 0x38, 0x07, 0x07, 0xE0, 0xF8, 0x1E, 0x00, 0xE1, 0xF8, 0x7E, 0x1F, 0x87,
    0xFF, 0xFF, 0xFF, 0xFF, 0x87, 0xE1, 0xF8, 0x7E, 0x1C, 0x07, 0x0F, 0xC3, 0xE0, 0xF0, 0xE0, 0xE7,
    0x07, 0x38, 0x39, 0xC1, 0xCE, 0x0E, 0x70, 0x73, 0xFF, 0x9F, 0xFC, 0xFF, 0xE7, 0x07, 0x38, 0x39,
    0xC1, 0xCE, 0x0F, 0xF0, 0x7F, 0x83, 0xE0, 0x06, 0x00, 0x70, 0x03, 0x00, 0x08, 0xE1, 0xCE, 0x1C,
    0xE1, 0xCE, 0x1C, 0xFF, 0xCF, 0xFC, 0xFF, 0xCE, 0x1C, 0xE1, 0xFE, 0x1F, 0xE1, 0xF0, 0x0E, 0x00,
    0xE0, 0x0C, 0xE0, 0xFC, 0x1F, 0x83, 0xF0, 0x7E, 0x0F, 0xC1, 0xFC, 0x3B, 0xFF, 0x7F, 0xE7, 0xFC,
    0x03, 0x80, 0x70, 0x3E, 0x07, 0xC0, 0xF8, 0x1C, 0x03, 0x80, 0x70, 0x0E, 0x00, 0xE1, 0xF8, 0x7E,
    0x1F, 0x87, 0xFF, 0xDF, 0xF3, 0xFC, 0x07, 0x01, 0xC1, 0xF0, 0x7C, 0x1C, 0x07, 0x01, 0xC0, 0x70,
    0x0E, 0x1E, 0x07, 0x87, 0x81, 0xE1, 0xF0, 0x78, 0x7C, 0x3E, 0x1B, 0x8D, 0xCE, 0xE7, 0x73, 0x9D,
    0xDC, 0xE7, 0x67, 0x38, 0xF9, 0xCE, 0x3C, 0x73, 0x87, 0x1C, 0xE1, 0xC7, 0xF8, 0x01, 0xFE, 0x00,
    0x7C, 0x00, 0x06, 0x00, 0x03, 0x80, 0x00, 0xC0, 0x00, 0x10, 0x70, 0x70, 0xE0, 0xE1, 0xE3, 0xE3,
    0xC7, 0xCF, 0xDF, 0x9D, 0xB7, 0x3B, 0xEE, 0x77, 0xDC, 0xE7, 0x3F, 0xCE, 0x7F, 0x80, 0xF8, 0x00,
    0x60, 0x01, 0xC0, 0x01, 0x00, 0xFF, 0xFF, 0xFF, 0xFF, 0xFF, 0xF8, 0x00, 0x00, 0x18, 0xC0, 0x1F,
    0x00, 0x1C, 0x00, 0x00, 0x00, 0xF8, 0x01, 0xF0, 0x07, 0xF0, 0x0E, 0xE0, 0x1D, 0xC0, 0x7B, 0xC0,
    0xE3, 0x81, 0xC7, 0x07, 0x8F, 0x0F, 0xFE, 0x3F, 0xFE, 0x7F, 0xFC, 0xE0, 0x3B, 0xC0, 0x7F, 0x00,
    0x70, 0x00, 0x0C, 0x61, 0xF0, 0x38, 0x00, 0x00, 0x07, 0xF1, 0xFE, 0x7F, 0xC0, 0x73, 0xFD, 0xFF,
    0xE1, 0xF8, 0x7F, 0xFD, 0xFF, 0x3F, 0xC0, 0x0E, 0xE0, 0x1D, 0xC0, 0x3B, 0x80, 0x00, 0x00, 0x7C,
    0x00, 0xF8, 0x03, 0xF8, 0x07, 0x70, 0x0E, 0xE0, 0x3D, 0xE0, 0x71, 0xC0, 0xE3, 0x83, 0xC7, 0x87,
    0xFF, 0x1F, 0xFF, 0x3F, 0xFE, 0x70, 0x1D, 0xE0, 0x3F, 0x80, 0x38, 0x3B, 0x8E, 0xE3, 0xB8, 0x00,
    0x00, 0x1F, 0xC7, 0xF9, 0xFF, 0x01, 0xCF, 0xF7, 0xFF, 0x87, 0xE1, 0xFF, 0xF7, 0xFC, 0xFF, 0x00,
    0xFF, 0xF0, 0x1F, 0xFF, 0x01, 0xFF, 0xF0, 0x3F, 0x80, 0x03, 0xB8, 0x00, 0x7B, 0x80, 0x07, 0x3F,
    0xE0, 0xF3, 0xFE, 0x0E, 0x3F, 0xE1, 0xFF, 0x80, 0x3F, 0xF8, 0x03, 0xFF, 0x80, 0x78, 0x3F, 0xF7,
    0x03, 0xFF, 0xF0, 0x3F, 0xF0, 0x7E, 0x7C, 0x7F, 0xFE, 0x7F, 0xFF, 0x03, 0x87, 0x3F, 0xFF, 0x7F,
    0xFF, 0xE3, 0x80, 0xE3, 0xC0, 0xFF, 0xFE, 0x7F, 0xFE, 0x3E, 0x7E, 0x00, 0x18, 0xC3, 0xE0, 0x70,
    0x00, 0x3F, 0xFF, 0xFF, 0xFF, 0xE0, 0x38, 0x0E, 0x03, 0xFE, 0xFF, 0xBF, 0xEE, 0x03, 0x80, 0xE0,
    0x3F, 0xFF, 0xFF, 0xFF, 0x00, 0x0C, 0x61, 0xF0, 0x38, 0x00, 0x00, 0x01, 0xF1, 0xFE, 0x7F, 0xF8,
    0x7F, 0xFF, 0xFF, 0xE0, 0x3C, 0x27, 0xF9, 0xFE, 0x1F, 0x80, 0x3F, 0x83, 0xFF, 0x1F, 0xFC, 0x41,
    0xE0, 0x03, 0x80, 0x1F, 0xFF, 0xFF, 0xFF, 0xFF, 0xFF, 0x01, 0xF8, 0x1E, 0xE1, 0xE7, 0xFF, 0x1F,
    0xF0, 0x3E, 0x00, 0x7E, 0x1F, 0xE7, 0xF8, 0x0F, 0x01, 0xFF, 0xFF, 0xFF, 0x87, 0xFF, 0x9F, 0xE3,
    0xE0, 0x1D, 0xC0, 0xEE, 0x07, 0x70, 0x00, 0x03, 0xF8, 0x3F, 0xF1, 0xFF, 0xC4, 0x1E, 0x00, 0x38,
    0x01, 0xFF, 0xFF, 0xFF, 0xFF, 0xFF, 0xF0, 0x1F, 0x81, 0xEE, 0x1E, 0x7F, 0xF1, 0xFF, 0x03, 0xE0,
    0x77, 0x1D, 0xC7, 0x70, 0x00, 0x00, 0x1F, 0x87, 0xF9, 0xFE, 0x03, 0xC0, 0x7F, 0xFF, 0xFF, 0xE1,
    0xFF, 0xE7, 0xF8, 0xF8, 0x01, 0xDC, 0x00, 0x0E, 0xE0, 0x00, 0x77, 0x00, 0x00, 0x00, 0x0F, 0x07,
    0x07, 0xBC, 0x38, 0x78, 0xF1, 0xC7, 0x83, 0xCE, 0x78, 0x0E, 0x77, 0x80, 0x3B, 0xB8, 0x00, 0xFF,
    0x80, 0x07, 0xFC, 0x00, 0x7F, 0xF0, 0x07, 0xBB, 0xC0, 0x79, 0xCF, 0x03, 0xCE, 0x38, 0x3C, 0x71,
    0xE3, 0xC3, 0x87, 0xBC, 0x1C, 0x1E, 0x07, 0x70, 0x03, 0xB8, 0x01, 0xDC, 0x00, 0x00, 0x00, 0x00,
    0x07, 0x8E, 0x3D, 0xE7, 0x3C, 0x7B, 0xBC, 0x1D, 0xDC, 0x07, 0xFC, 0x03, 0xFE, 0x01, 0xFF, 0x01,
    0xDD, 0xC1, 0xEE, 0xF1, 0xE7, 0x3D, 0xE3, 0x8F, 0x3B, 0x87, 0x70, 0xEE, 0x00, 0x00, 0x00, 0x7E,
    0x1F, 0xE3, 0xFE, 0x21, 0xC0, 0x38, 0x0F, 0x1F, 0xC3, 0xF8, 0x7F, 0x80, 0x78, 0x07, 0x40, 0xFF,
    0xFF, 0xFF, 0x1F, 0x80, 0xEE, 0xEE, 0xEE, 0x00, 0x00, 0xFC, 0xFF, 0xFF, 0x07, 0x7E, 0x7E, 0x07,
    0x87, 0xFF, 0xFE, 0x7C, 0x7F, 0xF7, 0xFF, 0x7F, 0xF0, 0x1E, 0x03, 0xC0, 0x78, 0x0F, 0xC0, 0xFE,
    0x00, 0xF0, 0x07, 0x00, 0x74, 0x0F, 0xFF, 0xEF, 0xFE, 0x3F, 0x80, 0x7F, 0xDF, 0xF7, 0xFC, 0x0E,
    0x07, 0x03, 0x81, 0xF0, 0x7E, 0x03, 0xC0, 0x70, 0x1D, 0x0F, 0x7F, 0xDF, 0xE7, 0xE0, 0x1F, 0xC1,
    0xFC, 0x00, 0x0E, 0x07, 0xE0, 0xFE, 0x1F, 0xE1, 0xFE, 0x3F, 0xE7, 0xFE, 0x77, 0xEE, 0x7F, 0xC7,
    0xFC, 0x7F, 0x87, 0xF0, 0x7F, 0x07, 0xE0, 0x7E, 0x07, 0x3F, 0x87, 0xF0, 0x00, 0x00, 0x0E, 0x0F,
    0xC3, 0xF8, 0xFF, 0x3F, 0xEF, 0xFF, 0xDF, 0xF3, 0xFE, 0x7F, 0x8F, 0xE1, 0xF8, 0x38, 0x1D, 0xC1,
    0xDC, 0x1D, 0xC0, 0x00, 0xE0, 0x7E, 0x0F, 0xE1, 0xFE, 0x1F, 0xE3, 0xFE, 0x7F, 0xE7, 0x7E, 0xE7,
    0xFC, 0x7F, 0xC7, 0xF8, 0x7F, 0x07, 0xF0, 0x7E, 0x07, 0xE0, 0x70, 0x3B, 0x87, 0x70, 0xEE, 0x00,
    0x00, 0x01, 0xC1, 0xF8, 0x7F, 0x1F, 0xE7, 0xFD, 0xFF, 0xFB, 0xFE, 0x7F, 0xCF, 0xF1, 0xFC, 0x3F,
    0x07, 0x0E, 0xE0, 0x1D, 0xC0, 0x3B, 0x80, 0x00, 0x00, 0x7C, 0x03, 0xFE, 0x0F, 0xFE, 0x3C, 0x1E,
    0x70, 0x1F, 0xC0, 0x1F, 0x80, 0x3F, 0x00, 0x7E, 0x00, 0xFC, 0x01, 0xFC, 0x07, 0xBC, 0x1E, 0x3F,
    0xF8, 0x3F, 0xE0, 0x1F, 0x80, 0x3B, 0x87, 0x70, 0xEE, 0x00, 0x00, 0x00, 0x3E, 0x0F, 0xE3, 0xFE,
    0xF1, 0xFC, 0x1F, 0x83, 0xF0, 0x7F, 0x1E, 0xFF, 0x8F, 0xE0, 0xF8, 0x07, 0xC0, 0x3F, 0xE0, 0xFF,
    0xE3, 0xC1, 0xE7, 0x01, 0xFC, 0x01, 0xFF, 0xFF, 0xFF, 0xFF, 0xE0, 0x0F, 0xC0, 0x1F, 0xC0, 0x7B,
    0xC1, 0xE3, 0xFF, 0x83, 0xFE, 0x01, 0xF8, 0x00, 0x1F, 0x07, 0xF1, 0xFF, 0x70, 0x7F, 0xFF, 0xFF,
    0xF8, 0x3F, 0x8F, 0x7F, 0xC7, 0xF0, 0x7C, 0x00, 0x0E, 0xE0, 0x1D, 0xC0, 0x3B, 0x80, 0x00, 0x00,
    0x7C, 0x03, 0xFE, 0x0F, 0xFE, 0x3C, 0x1E, 0x70, 0x1F, 0xC0, 0x1F, 0xFF, 0xFF, 0xFF, 0xFE, 0x00,
    0xFC, 0x01, 0xFC, 0x07, 0xBC, 0x1E, 0x3F, 0xF8, 0x3F, 0xE0, 0x1F, 0x80, 0x3B, 0x87, 0x70, 0xEE,
    0x00, 0x00, 0x00, 0x3E, 0x0F, 0xE3, 0xFE, 0xE0, 0xFF, 0xFF, 0xFF, 0xF0, 0x7F, 0x1E, 0xFF, 0x8F,
    0xE0, 0xF8, 0x3B, 0x83, 0xB8, 0x3B, 0x80, 0x00, 0x3F, 0x0F, 0xFC, 0x7F, 0xE4, 0x1E, 0x00, 0xF0,
    0x07, 0x1F, 0xF1, 0xFF, 0x1F, 0xF0, 0x07, 0x00, 0xF4, 0x1E, 0xFF, 0xEF, 0xFC, 0x3F, 0x00, 0x77,
    0x3B, 0x9D, 0xC0, 0x00, 0x07, 0xE3, 0xFD, 0xFE, 0x03, 0x9F, 0xCF, 0xE0, 0x70, 0x7F, 0xFB, 0xFC,
    0xF8, 0x1F, 0xC0, 0xFE, 0x00, 0x01, 0xE0, 0x77, 0x07, 0x38, 0x39, 0xE3, 0xC7, 0x1C, 0x3C, 0xE0,
    0xEE, 0x07, 0x70, 0x3F, 0x00, 0xF8, 0x07, 0x80, 0x3C, 0x1F, 0xC0, 0xFE, 0x07, 0xC0, 0x00, 0x3F,
    0x87, 0xF0, 0x00, 0x00, 0x0E, 0x0F, 0xE3, 0xDC, 0x73, 0x8E, 0x79, 0xC7, 0x70, 0xEE, 0x1F, 0x81,
    0xF0, 0x3E, 0x03, 0x80, 0xF0, 0xFC, 0x1F, 0x83, 0xE0, 0x00, 0x1D, 0xC0, 0xEE, 0x07, 0x70, 0x00,
    0x0F, 0x03, 0xB8, 0x39, 0xC1, 0xCF, 0x1E, 0x38, 0xE1, 0xE7, 0x07, 0x70, 0x3B, 0x81, 0xF8, 0x07,
    0xC0, 0x3C, 0x01, 0xE0, 0xFE, 0x07, 0xF0, 0x3E, 0x00, 0x3B, 0x87, 0x70, 0xEE, 0x00, 0x00, 0x01,
    0xC1, 0xFC, 0x7B, 0x8E, 0x71, 0xCF, 0x38, 0xEE, 0x1D, 0xC3, 0xF0, 0x3E, 0x07, 0xC0, 0x70, 0x1E,
    0x1F, 0x83, 0xF0, 0x7C, 0x00, 0x04, 0x40, 0x33, 0x03, 0x30, 0x33, 0x00, 0x88, 0x00, 0x03, 0xC0,
    0xEE, 0x0E, 0x70, 0x73, 0xC7, 0x8E, 0x38, 0x79, 0xC1, 0xDC, 0x0E, 0xE0, 0x7E, 0x01, 0xF0, 0x0F,
    0x00, 0x78, 0x3F, 0x81, 0xFC, 0x0F, 0x80, 0x00, 0x08, 0x81, 0x98, 0x66, 0x19, 0x81, 0x10, 0x00,
    0x38, 0x3F, 0x8F, 0x71, 0xCE, 0x39, 0xE7, 0x1D, 0xC3, 0xB8, 0x7E, 0x07, 0xC0, 0xF8, 0x0E, 0x03,
    0xC3, 0xF0, 0x7E, 0x0F, 0x80, 0x3B, 0x87, 0x70, 0xEE, 0x00, 0x0E, 0x0F, 0xC1, 0xF8, 0x3F, 0x07,
    0xE0, 0xFC, 0x1F, 0xC3, 0xBF, 0xF7, 0xFE, 0x7F, 0xC0, 0x38, 0x07, 0x00, 0xE0, 0x1C, 0x03, 0x80,
    0x3B, 0x8E, 0xE3, 0xB8, 0x00, 0x00, 0x38, 0x7E, 0x1F, 0x87, 0xE1, 0xF8, 0x7F, 0xFD, 0xFF, 0x3F,
    0xC0, 0x70, 0x1C, 0x07, 0xFF, 0xFF, 0xFF, 0xFC, 0x0E, 0x07, 0x03, 0x81, 0xC0, 0xE0, 0x70, 0x38,
    0x1C, 0x0F, 0x87, 0xC3, 0xE0, 0x70, 0x38, 0x1C, 0x0E, 0x00, 0xFF, 0xFF, 0xFF, 0xFC, 0x0E, 0x07,
    0x03, 0x81, 0xC0, 0xF8, 0x7C, 0x3E, 0x07, 0x03, 0x81, 0xC0, 0x0E, 0xE0, 0x1D, 0xC0, 0x3B, 0x80,
    0x00, 0x0E, 0x00, 0xFC, 0x01, 0xF8, 0x03, 0xF0, 0x07, 0xE0, 0x0F, 0xFC, 0x1F, 0xFE, 0x3F, 0xFC,
    0x7E, 0x3C, 0xFC, 0x39, 0xF8, 0x73, 0xF1, 0xE7, 0xFF, 0x8F, 0xFF, 0x1F, 0xF8, 0x38, 0x0E, 0xE0,
    0x3B, 0x80, 0xEE, 0x00, 0x00, 0x00, 0x03, 0x80, 0x7E, 0x01, 0xF8, 0x07, 0xE0, 0x1F, 0xF8, 0x7F,
    0xF1, 0xFF, 0xE7, 0xE3, 0x9F, 0xFE, 0x7F, 0xF1, 0xFF, 0x87, 0x7C, 0x7B, 0xE3, 0xCF, 0x9E, 0x3C,
    0xF0, 0xF7, 0x9F, 0xF8, 0xFF, 0x8F, 0x78, 0x7B, 0xC3, 0xCF, 0x3C, 0x7D, 0xE1, 0xEF, 0x0F, 0x80,
    0x7F, 0x07, 0xF8, 0x7F, 0xC0, 0x3C, 0x03, 0xC0, 0x3C, 0x03, 0xC0, 0x3C, 0x03, 0xC0, 0x3C, 0xFF,
    0xEF, 0xFE, 0xFF, 0xE0, 0x3C, 0x1F, 0x1F, 0xC1, 0xE0, 0xF0, 0x78, 0x3C, 0x1E, 0x0F, 0x0F, 0xBF,
    0xDE, 0xEE, 0x78, 0xFF, 0xFF, 0xFF, 0xFF, 0x80, 0x00, 0x38, 0x0F, 0x01, 0xE0, 0x3C, 0x07, 0x80,
    0xF0, 0x1E, 0x03, 0xC0, 0x78, 0xFF, 0x9F, 0xFB, 0xFF, 0x80, 0xF0, 0x1E, 0x03, 0xFC, 0x7F, 0x8F,
    0xF1, 0xFE, 0x3F, 0xC7, 0xF8, 0xFF, 0x1E, 0x7D, 0xF7, 0xCF, 0x3C, 0xF3, 0xCF, 0x3C, 0xF3, 0xCF,
    0x3C, 0xFF, 0xFF, 0xF9, 0xC7, 0x8E, 0x1C, 0x7C, 0x78, 0xF1, 0xE3, 0xC7, 0x80, 0xFF, 0xE7, 0xFF,
    0xBF, 0xFE, 0x70, 0xF7, 0x87, 0xBC, 0x3D, 0xE1, 0xEF, 0x0F, 0x78, 0x7B, 0xC3, 0xDE, 0x1E, 0xF0,
    0xF7, 0x87, 0x80, 0xF3, 0xCF, 0x3E, 0xF3, 0xEF, 0x0F, 0xF0, 0xFF, 0x0F, 0xF0, 0xFF, 0x0F, 0xF0,
    0xF7, 0x9E, 0x7F, 0xE3, 0xFC, 0x1F, 0x80, 0x7D, 0xF7, 0xCF, 0x3C, 0xF3, 0xCF, 0xFE, 0x3F, 0xEF,
    0xF8, 0x0F, 0x03, 0xC0, 0xF0, 0x3C, 0x0F, 0x03, 0xC0, 0xF0, 0x3C, 0x0F, 0x03, 0xC0, 0xF0, 0x3C,
    0x0F, 0x03, 0xC0, 0x7E, 0x1F, 0xC7, 0xF8, 0x1F, 0x03, 0xC0, 0xF0, 0x3C, 0x0F, 0x03, 0xC1, 0xFF,
    0xFB, 0xFC, 0xFE, 0x00, 0xF0, 0x1E, 0x03, 0xC0, 0x7F, 0xFF, 0xFD, 0xFF, 0x80, 0xF0, 0x1E, 0x07,
    0x80, 0xF0, 0x1E, 0x07, 0x80, 0xF0, 0x1E, 0x07, 0x80, 0xF0, 0xFF, 0xE7, 0xFF, 0xBF, 0xFE, 0x70,
    0xF7, 0x87, 0xBC, 0x3D, 0xE1, 0xEF, 0x0F, 0x78, 0x7B, 0xC3, 0xDF, 0xFE, 0xFF, 0xF7, 0xFF, 0x80,
    0xF1, 0xE1, 0xFF, 0xE7, 0xFF, 0x9F, 0x9F, 0x3C, 0x3C, 0xF0, 0xF3, 0xC3, 0xCF, 0x0F, 0x78, 0x3D,
    0xE1, 0xE7, 0x9F, 0x9E, 0x7C, 0x7B, 0xE0, 0x7D, 0xF7, 0xCF, 0x3C, 0xF3, 0xCF, 0x3C, 0xF3, 0xCF,
    0x3C, 0xF3, 0xCF, 0x3C, 0x78, 0xF9, 0xF8, 0xF1, 0xE3, 0xC7, 0x8F, 0x1E, 0x3F, 0xFF, 0xFF, 0xE0,
    0xFF, 0x8F, 0xFC, 0xFF, 0xE7, 0x1F, 0x70, 0xFF, 0x0F, 0xF0, 0xFF, 0x0F, 0xF0, 0xFF, 0x9E, 0x7F,
    0xE3, 0xFC, 0x1F, 0x80, 0x70, 0xF7, 0x8F, 0x78, 0xF7, 0x8F, 0x78, 0xF7, 0x9E, 0x39, 0xE3, 0xDE,
    0x3D, 0xE3, 0xFC, 0xFF, 0xCF, 0xF0, 0xFC, 0x08, 0x00, 0x1F, 0x87, 0xFC, 0xFF, 0xEF, 0x1F, 0xF0,
    0xFF, 0x8F, 0xF8, 0xF7, 0x8F, 0x18, 0xF0, 0x0F, 0x00, 0xF0, 0x0F, 0x00, 0xF0, 0x0F, 0x00, 0xF0,
    0x0F, 0x00, 0xF0, 0x1F, 0x87, 0xFC, 0xFF, 0xEF, 0x1E, 0xF0, 0xFF, 0x8F, 0xF8, 0xF7, 0x8F, 0x38,
    0xF0, 0x1E, 0xFF, 0xEF, 0xFC, 0xFF, 0x00, 0xF8, 0xF7, 0x8F, 0x78, 0xF3, 0xCF, 0x3C, 0xE3, 0xDE,
    0x1F, 0xE1, 0xFC, 0x1F, 0x81, 0xF0, 0x0F, 0x00, 0xF0, 0x0F, 0x00, 0x78, 0x07, 0x80, 0x78, 0x07,
    0x80, 0xF1, 0xFF, 0x3D, 0xE7, 0x9E, 0xF3, 0xDE, 0x3F, 0x87, 0xE0, 0x78, 0x0F, 0x80, 0xF3, 0xFF,
    0x7F, 0xEF, 0xFC, 0xFF, 0xFF, 0xFF, 0xFF, 0xF0, 0x1F, 0x01, 0xE0, 0x1E, 0xF1, 0xEF, 0x1E, 0xF3,
    0xCF, 0x3C, 0xF3, 0xCF, 0x3C, 0xF7, 0x8F, 0x00, 0xF0, 0x0F, 0x00, 0xF0, 0x00, 0xFE, 0x7F, 0xBF,
    0xE0, 0xF0, 0x78, 0x3C, 0x1E, 0x0F, 0x07, 0x83, 0xC1, 0xE0, 0xF0, 0x78, 0xF7, 0xBF, 0xDE, 0xFF,
    0x7B, 0xFD, 0xEF, 0xFF, 0xBF, 0xFC, 0xFF, 0xF3, 0xFF, 0x0F, 0xF8, 0x7D, 0xE1, 0xE7, 0xFF, 0x8F,
    0xFC, 0x0F, 0xC0, 0x7F, 0xE7, 0xFF, 0xBF, 0xFE, 0x78, 0xF3, 0xC7, 0x9E, 0x3C, 0xF1, 0xE7, 0x8F,
    0x3C, 0x79, 0xE3, 0xFF, 0x1F, 0xF0, 0xFF, 0x07, 0x80, 0x66, 0xEF, 0xF7, 0x77, 0x77, 0xFF, 0x00,
    0x00, 0x06, 0xFF, 0x60, 0x3E, 0x3F, 0xFF, 0xFE, 0x2F, 0x07, 0xC1, 0xF0, 0x3C, 0x0E, 0x00, 0x00,
    0x01, 0x81, 0xE0, 0xF0, 0x30, 0x1F, 0x0F, 0xC7, 0xF1, 0xE0, 0x78, 0x1F, 0x63, 0xFD, 0xFF, 0xFF,
    0x1F, 0x06, 0x00, 0xFF, 0xFF, 0xFF, 0x21, 0xCF, 0x9E, 0x30, 0xF3, 0xE7, 0x9E, 0x79, 0xE7, 0xDF,
    0x3C, 0xF3, 0xCF, 0x3C, 0xF0, 0x00, 0x1E, 0x1F, 0xE7, 0xBF, 0xF7, 0xFC, 0xFF, 0x1E, 0x03, 0xE0,
    0x7C, 0x07, 0x80, 0xF0, 0x1E, 0x03, 0xC0, 0x78, 0x0F, 0x00, 0x30, 0x2F, 0x36, 0x7B, 0x67, 0xFE,
    0x7F, 0xE7, 0xEE, 0x78, 0x07, 0xC0, 0x3C, 0x03, 0xC0, 0x3C, 0x03, 0xC0, 0x3C, 0x03, 0xC0, 0x3C,
    0x00, 0x1C, 0x0F, 0x87, 0xE3, 0xE0, 0xF0, 0x3F, 0x07, 0xC0, 0xF8, 0x7C, 0x3C, 0x0F, 0x0B, 0xFE,
    0x7F, 0x8F, 0xE0, 0x1E, 0x0F, 0xC7, 0xFB, 0xCF, 0xF3, 0xFC, 0xFF, 0x3F, 0xCF, 0xFF, 0x9F, 0xE3,
    0xF0, 0x80, 0x3F, 0xEF, 0xFB, 0xFE, 0x07, 0x81, 0xE0, 0x78, 0x1E, 0x07, 0x80, 0xF0, 0x3C, 0x0F,
    0x03, 0xC0, 0xF0, 0x00, 0x0F, 0x0E, 0xF0, 0xE7, 0x1E, 0x79, 0xE7, 0x9C, 0x39, 0xC3, 0xBC, 0x3B,
    0x81, 0xF8, 0x1F, 0x81, 0xF0, 0x1F, 0x00, 0xF0, 0x0F, 0x00, 0x0F, 0x00, 0xF0, 0x1F, 0x01, 0xF8,
    0x1F, 0x81, 0xF8, 0x3B, 0x83, 0xBC, 0x39, 0xC7, 0x9C, 0x79, 0xE7, 0x1E, 0xF0, 0xE7, 0x0E, 0x00,
    0x00, 0x1F, 0x07, 0xF1, 0xFE, 0x7B, 0xEF, 0x3D, 0xE7, 0xBF, 0xF3, 0xFE, 0x3F, 0xC0, 0x78, 0x0F,
    0x01, 0xE0, 0x3E, 0x03, 0x00, 0x00, 0x00, 0x01, 0xE0, 0x07, 0x90, 0x1F, 0x78, 0x3F, 0xC0, 0xFF,
    0x03, 0xFC, 0x0F, 0xF0, 0x3F, 0xE1, 0xE7, 0xFF, 0x8F, 0xFC, 0x1F, 0xC0, 0xFF, 0xC0, 0x21, 0xCF,
    0x9E, 0x30, 0xF3, 0xE7, 0x9E, 0x79, 0xE7, 0xDF, 0x3C, 0xF3, 0xCF, 0x3C, 0xF0, 0x00, 0x1E, 0x1F,
    0xE7, 0xBF, 0xF7, 0xFC, 0xFF, 0x1E, 0x03, 0xE0, 0x7C, 0x07, 0x80, 0xF0, 0x1E, 0x03, 0xC0, 0x78,
    0x0F, 0x00, 0x30, 0x2F, 0x36, 0x7B, 0x67, 0xFE, 0x7F, 0xE7, 0xEE, 0x78, 0x07, 0xC0, 0x3C, 0x03,
    0xC0, 0x3C, 0x03, 0xC0, 0x3C, 0x03, 0xC0, 0x3C, 0x00, 0x33, 0xDE, 0xF9, 0xDF, 0x3F, 0x87, 0xB8,
    0xFF, 0xDF, 0xFB, 0xFE, 0x3C, 0x07, 0x80, 0xF0, 0x1E, 0x03, 0xC0, 0x78, 0x0F, 0x00, 0x0C, 0x00,
    0xE0, 0x0F, 0x01, 0xF8, 0x3F, 0xC3, 0xFC, 0x79, 0xE7, 0x9E, 0xF0, 0xFF, 0x6F, 0xF6, 0xFF, 0xFF,
    0xFF, 0xE7, 0xBC, 0x3E, 0x1F, 0x8F, 0xE3, 0xC0, 0xF0, 0x3E, 0x47, 0xF8, 0xFE, 0x1F, 0x8F, 0xC7,
    0xE1, 0xF0, 0xF8, 0x1C, 0x01, 0x00, 0x00, 0x0F, 0x0E, 0xF0, 0xE7, 0x1E, 0x79, 0xE7, 0x9C, 0x39,
    0xC3, 0xBC, 0x3B, 0x81, 0xF8, 0x1F, 0x81, 0xF0, 0x1F, 0x00, 0xF0, 0x0F, 0x00, 0x0F, 0x00, 0xF0,
    0x1F, 0x01, 0xF8, 0x1F, 0x81, 0xF8, 0x3B, 0x83, 0xBC, 0x39, 0xC7, 0x9C, 0x79, 0xE7, 0x1E, 0xF0,
    0xE7, 0x0E, 0x00, 0x00, 0x1F, 0x07, 0xF1, 0xFE, 0x7B, 0xEF, 0x3D, 0xE7, 0xBF, 0xF3, 0xFE, 0x3F,
    0xC0, 0x78, 0x0F, 0x01, 0xE0, 0x3E, 0x03, 0x00, 0x3F, 0x1F, 0xEE, 0x3F, 0x87, 0x79, 0xDE, 0x7E,
    0x1F, 0x87, 0xE1, 0xF8, 0x7E, 0x1F, 0x87, 0x79, 0xDF, 0x75, 0xDC, 0x77, 0x39, 0xDE, 0x77, 0x1D,
    0xC7, 0x71, 0xDC, 0x73, 0xF8, 0x7C, 0xEC, 0xEF, 0x9C, 0x73, 0x9E, 0x77, 0x8E, 0xE1, 0xDC, 0x3B,
    0x87, 0x70, 0xEF, 0x3C, 0xFF, 0x0F, 0xC0, 0x3F, 0x1F, 0xEF, 0x3F, 0x87, 0xE1, 0xF8, 0x7E, 0xDF,
    0xF7, 0xF1, 0xF8, 0x7E, 0x1F, 0x87, 0x7B, 0xDF, 0xFF, 0x93, 0xF0, 0x7E, 0x0F, 0xC1, 0xFB, 0x3F,
    0xE7, 0xF0, 0xFC, 0x1F, 0x83, 0xF0, 0x70, 0xEC, 0xEF, 0x9C, 0x73, 0x9E, 0x77, 0x8E, 0xE1, 0xDC,
    0x3B, 0x87, 0x70, 0xEF, 0x3D, 0xFF, 0x33, 0xC0, 0xF7, 0x8E, 0xF9, 0xC7, 0x38, 0x77, 0x8E, 0x71,
    0xCE, 0x39, 0xC7, 0x1D, 0xC3, 0xB8, 0x7E, 0x0F, 0x80, 0x7E, 0x3F, 0xEC, 0x38, 0x07, 0x01, 0xDE,
    0x77, 0x9C, 0xE7, 0x39, 0xCE, 0xE3, 0xF8, 0xF8, 0x7F, 0x3F, 0xEC, 0x3C, 0x07, 0x01, 0xF8, 0x7E,
    0x1F, 0x87, 0xE1, 0xF8, 0xFF, 0xFD, 0xF3, 0x70, 0xEF, 0x1D, 0xE7, 0x9D, 0xE3, 0x8E, 0xE1, 0xDC,
    0x3B, 0x87, 0x70, 0xEF, 0x3C, 0xFF, 0x0F, 0xC0, 0xEC, 0xEF, 0x9C, 0x73, 0x1E, 0xF3, 0x8E, 0xE1,
    0xDC, 0x3B, 0x87, 0x70, 0xEF, 0x3C, 0xFF, 0x0F, 0xC0, 0x3F, 0x07, 0x7F, 0x87, 0xE3, 0xC7, 0xE1,
    0xC7, 0x79, 0xC7, 0x79, 0xC7, 0xF1, 0xC7, 0xE1, 0xC7, 0xE1, 0xC7, 0xE1, 0xE7, 0xF9, 0xFF, 0x79,
    0x9E, 0x3F, 0x03, 0xBF, 0xC1, 0xFC, 0xF0, 0xFC, 0x38, 0x7F, 0x1C, 0x39, 0xCE, 0x1F, 0xE7, 0x0F,
    0xC3, 0x87, 0xE1, 0xC3, 0xF0, 0xF3, 0xFE, 0x3F, 0xEF, 0x0F, 0x70, 0x00, 0x38, 0x04, 0x38, 0x03,
    0xFC, 0x01, 0xF8, 0x1F, 0x0F, 0xF9, 0xC7, 0xF8, 0x73, 0xCE, 0x71, 0xDC, 0x3B, 0x87, 0x70, 0xEE,
    0x1F, 0xC3, 0xF0, 0x70, 0x0E, 0x7D, 0xDF, 0xFB, 0x8F, 0x70, 0xE0, 0x1F, 0x0F, 0xF9, 0xC7, 0xF8,
    0x73, 0xCE, 0x71, 0xDC, 0x3B, 0x87, 0x70, 0xEE, 0x1F, 0xC3, 0xF0, 0x70, 0x0E, 0x01, 0xDE, 0xBB,
    0xFF, 0xE4, 0xE0, 0x7F, 0xFF, 0xFB, 0x0E, 0x40, 0xE0, 0x1C, 0x03, 0x9E, 0x73, 0xCE, 0x39, 0xC7,
    0x70, 0xFE, 0x1F, 0x00, 0x00, 0x03, 0x9E, 0xF3, 0xFE, 0xE5, 0xC0, 0xC9, 0xDB, 0x7C, 0xF3, 0x9C,
    0x77, 0x8E, 0xE1, 0xDC, 0x3B, 0x87, 0x70, 0xEE, 0x1D, 0xC3, 0xB8, 0x70, 0x3B, 0xC3, 0xBF, 0xF1,
    0xF9, 0xB8, 0xFC, 0x1C, 0x7E, 0x0E, 0x3F, 0x07, 0x1F, 0x83, 0x8F, 0xC1, 0xC7, 0xE0, 0xE3, 0xB8,
    0x79, 0xDF, 0x3F, 0xE7, 0x99, 0xE0, 0x3F, 0x07, 0x7F, 0x87, 0xE3, 0xC7, 0xE1, 0xC7, 0x79, 0xC7,
    0x79, 0xC7, 0xF1, 0xC7, 0xE1, 0xC7, 0xE1, 0xC7, 0xE1, 0xCF, 0xF9, 0xFF, 0x78, 0xF3, 0x1F, 0x8F,
    0xF9, 0xC7, 0xF0, 0x7E, 0x0F, 0xC1, 0xF8, 0x3F, 0x07, 0xE0, 0xEE, 0x1D, 0xF3, 0x9E, 0x70, 0x3B,
    0xCF, 0xFF, 0x93, 0xF0, 0x7E, 0x0F, 0xC1, 0xF8, 0x3F, 0x07, 0xE0, 0xEE, 0x1D, 0xF3, 0x9E, 0x70,
    0x3F, 0x1F, 0xEE, 0x3F, 0x87, 0x79, 0xDE, 0x7E, 0x1F, 0x87, 0xE1, 0xF8, 0x7F, 0x9D, 0xE7, 0xCF,
    0x3F, 0xEF, 0x3F, 0x87, 0xE1, 0xF8, 0x7E, 0x1F, 0x87, 0xE1, 0xF8, 0x7E, 0x1F, 0x87, 0x3F, 0x9F,
    0xE6, 0x0B, 0xC0, 0x7F, 0x0F, 0xE0, 0xFD, 0xC7, 0x71, 0xDC, 0x77, 0xF8, 0xFC, 0xE1, 0xF8, 0x7E,
    0x1F, 0x87, 0xE1, 0xF8, 0x7E, 0x1F, 0x87, 0xE1, 0xFC, 0xF7, 0xFC, 0xF3, 0xE1, 0xF8, 0x7E, 0x1F,
    0x87, 0xE1, 0xF8, 0x7E, 0x1F, 0x87, 0xE1, 0xFC, 0xF7, 0xF8, 0xFC, 0x01, 0xC0, 0x70, 0x1C, 0x07,
    0xE1, 0xF8, 0x7E, 0x1F, 0x87, 0xE1, 0xF8, 0x7E, 0x1F, 0x87, 0xE1, 0xFC, 0xF7, 0xF8, 0xFC, 0x78,
    0xFE, 0x1F, 0x83, 0xF0, 0x7E, 0x4F, 0xDD, 0xFB, 0xBF, 0xDF, 0xFB, 0xFE, 0x3F, 0xC7, 0xF0, 0x70,
    0x00, 0xE0, 0x1C, 0x03, 0x80, 0x77, 0x8F, 0xE1, 0xF8, 0x3F, 0x07, 0xE4, 0xFD, 0xDF, 0xBB, 0xFD,
    0xFF, 0xBF, 0xE3, 0xFC, 0x7F, 0x07, 0xE7, 0x3B, 0x9C, 0xEE, 0x73, 0xB9, 0xCE, 0xED, 0xB9, 0xB6,
    0xE6, 0xDB, 0x1F, 0x6C, 0x7C, 0xF1, 0xE3, 0xC7, 0x8F, 0x0E, 0x3C, 0x00, 0x1C, 0x00, 0x70, 0x01,
    0xC0, 0x07, 0xE3, 0x1F, 0x8E, 0x76, 0x79, 0xDD, 0xE6, 0x77, 0xB9, 0xDF, 0xE7, 0xEF, 0x9F, 0x3E,
    0x7C, 0xF8, 0xF3, 0xE3, 0xC7, 0x0E, 0x1C, 0x1F, 0x8F, 0xF9, 0xC7, 0xF8, 0x73, 0xCE, 0x71, 0xDC,
    0x3B, 0x87, 0x70, 0xEE, 0x1F, 0xC3, 0xF0, 0x70, 0xE1, 0xF8, 0x7E, 0x1F, 0x87, 0xE1, 0xF8, 0x7E,
    0x1F, 0x87, 0xE1, 0xFC, 0xFF, 0xFB, 0x3C, 0x7D, 0xFE, 0x7E, 0x1F, 0x87, 0xE1, 0xDE, 0x77, 0x9F,
    0x87, 0xE1, 0xF8, 0x77, 0xF8, 0xFC, 0x3F, 0x3F, 0xB8, 0x5C, 0x0F, 0xC3, 0xF8, 0xFE, 0x1F, 0x03,
    0xE1, 0xFF, 0xCF, 0xC0, 0x3F, 0x1F, 0xEE, 0x3F, 0x87, 0x79, 0xDE, 0x7E, 0x1F, 0x87, 0xE1, 0xF8,
    0x7F, 0x9D, 0xE7, 0x01, 0xC0, 0x70, 0x1C, 0x07, 0x01, 0xC0, 0x3F, 0x1F, 0xE4, 0x3C, 0x07, 0x03,
    0xCF, 0xF7, 0xFF, 0xC7, 0xE1, 0xF8, 0x7F, 0x9D, 0xF7, 0x1F, 0x8F, 0xF9, 0xC7, 0xB8, 0x73, 0xCE,
    0x71, 0xDC, 0x3B, 0x87, 0x70, 0xEE, 0x1F, 0xC3, 0xF0, 0x70, 0x0E, 0x01, 0xC0, 0x38, 0x07, 0x00,
    0xE0, 0xFC, 0x7F, 0xA1, 0xC0, 0x70, 0x38, 0x1C, 0x0E, 0x07, 0x03, 0xA3, 0x9F, 0xCF, 0x80, 0x1F,
    0x67, 0xFE, 0xF1, 0xCE, 0x0E, 0xE0, 0xEE, 0x0E, 0xEC, 0xEF, 0xCE, 0xF0, 0xEE, 0x0E, 0xE0, 0xEE,
    0x0E, 0xE0, 0xEE, 0x0E, 0xE0, 0xEE, 0xCE, 0xEE, 0xEE, 0xFF, 0xE7, 0xFE, 0x0E, 0xE0, 0xEF, 0x1E,
    0x7F, 0xC3, 0xF0, 0x3F, 0xEF, 0xF9, 0x0F, 0x00, 0xE0, 0x3C, 0x7F, 0x9F, 0xF7, 0x8E, 0xE1, 0xDC,
    0x3B, 0xE7, 0x3E, 0xE0, 0xE3, 0xF8, 0xEE, 0x73, 0xB8, 0xFF, 0x3F, 0xEF, 0xBF, 0xC7, 0xE1, 0xF8,
    0x7E, 0x1F, 0x87, 0x00, 0x1C, 0x00, 0xF0, 0x1F, 0xB8, 0x7E, 0xE0, 0x3B, 0x80, 0xEE, 0x73, 0xB9,
    0xCE, 0xE5, 0x39, 0xB6, 0xE6, 0xDF, 0x1F, 0x7C, 0x78, 0xF1, 0xE3, 0xC7, 0x8F, 0x00, 0x7E, 0x1F,
    0xE4, 0x38, 0x07, 0x01, 0xFE, 0x7F, 0x9F, 0x87, 0xE1, 0xFC, 0xE7, 0xF8, 0xFC, 0x00, 0xEF, 0xFD,
    0xFF, 0x21, 0xC0, 0x1C, 0x03, 0xBE, 0x77, 0xCE, 0xE1, 0xDC, 0x3B, 0xCE, 0x3F, 0xC3, 0xE0, 0x7B,
    0xFD, 0xF8, 0xFC, 0x7E, 0x3B, 0xFC, 0xFE, 0x07, 0x03, 0x81, 0xC0, 0xE0, 0x70, 0x83, 0x8F, 0xDF,
    0x00, 0x0C, 0x38, 0xFD, 0xF0, 0x80, 0xE0, 0xFF, 0x7F, 0xF9, 0xFC, 0x38, 0x70, 0xE1, 0xC3, 0x87,
    0x0E, 0x1C, 0x38, 0x70, 0x70, 0x03, 0x60, 0x0D, 0x80, 0x1C, 0x00, 0x00, 0x00, 0x07, 0xC0, 0x1F,
    0x80, 0x07, 0x00, 0x1C, 0x00, 0x70, 0x01, 0xC0, 0x07, 0x00, 0x1C, 0x00, 0x70, 0x01, 0xC0, 0x07,
    0x00, 0x1C, 0x7F, 0xFF, 0xF0, 0x01, 0xC0, 0x77, 0xFF, 0xFF, 0x01, 0x80, 0x97, 0xE7, 0xFE, 0x06,
    0xC1, 0xB7, 0xFF, 0xFF, 0xFF, 0x77, 0x07, 0xF7, 0xF7, 0x77, 0x3E, 0xFC, 0x08, 0x02, 0x0F, 0xE3,
    0xFE, 0xEB, 0xBA, 0xEE, 0xBB, 0xF8, 0xFF, 0x3A, 0xFE, 0x9F, 0xA7, 0xE9, 0xFF, 0xEF, 0xF0, 0x20,
    0x08, 0x02, 0x00, 0xE7, 0x39, 0xCE, 0x73, 0x9C, 0xE7, 0x3E, 0xF0, 0xE3, 0x9C, 0x73, 0x8E, 0x71,
    0xCE, 0x39, 0xC7, 0x38, 0xE7, 0x1C, 0xE3, 0x9C, 0x73, 0xEF, 0xBC, 0xF0, 0x7F, 0xFD, 0xC1, 0xC3,
    0x87, 0x0E, 0x1C, 0x38, 0x70, 0xE1, 0xC3, 0x87, 0x0E, 0x1C, 0x3C, 0x38, 0xFD, 0xFE, 0x38, 0x71,
    0xE7, 0x8E, 0x1C, 0x38, 0x70, 0xE1, 0xC3, 0x87, 0x0E, 0x1C, 0x3E, 0x3C, 0xFF, 0xFC, 0x71, 0xC3,
    0x87, 0x0E, 0x1C, 0x38, 0x70, 0xE1, 0xC3, 0x87, 0x0E, 0x1D, 0x3E, 0x3C, 0xF9, 0xFC, 0x38, 0x70,
    0xE1, 0xC3, 0x87, 0x0E, 0x1C, 0x38, 0x70, 0xE1, 0xC3, 0x87, 0x0E, 0x7B, 0xBF, 0xFE, 0x5F, 0x97,
    0xE1, 0xF8, 0x77, 0x9D, 0xE7, 0x01, 0xC0, 0x70, 0x1C, 0x07, 0x01, 0xC0, 0x70, 0x1C, 0x07, 0x01,
    0xC0, 0x7F, 0xC0, 0xC0, 0xD3, 0x7E, 0xFF, 0xFE, 0xF1, 0xE0, 0xC3, 0xFF, 0xE0, 0x74, 0x7F, 0x39,
    0x9E, 0xF7, 0x78, 0x38, 0xEF, 0xFF, 0x38, 0xE0, 0x7F, 0xFE, 0x30, 0x76, 0xF6, 0xE0, 0x1D, 0xE7,
    0x18, 0x1F, 0x0F, 0xFB, 0x87, 0xEF, 0x7D, 0xEF, 0xBD, 0xF3, 0x3F, 0x0F, 0x7F, 0xC3, 0xE0, 0x3F,
    0x1F, 0xEF, 0x3F, 0x87, 0xE1, 0xF8, 0x7E, 0x1F, 0xCE, 0x7F, 0x8F, 0x80, 0x3E, 0x3F, 0xB9, 0xFC,
    0x7E, 0x3F, 0x9D, 0xEE, 0x0F, 0x1F, 0x0F, 0x00, 0xE0, 0x1C, 0x03, 0x80, 0x73, 0xEE, 0xFF, 0xD9,
    0xFB, 0x3F, 0x77, 0xE6, 0xFC, 0x1F, 0xC7, 0xBF, 0xE1, 0xF8, 0x7B, 0x9F, 0xFF, 0xFF, 0x87, 0xE1,
    0xF8, 0x7E, 0x1F, 0x87, 0x79, 0xCE, 0x70, 0x03, 0x81, 0xC0, 0xE7, 0xF7, 0xF7, 0x83, 0x81, 0xC7,
    0xE7, 0xF3, 0xBD, 0xCF, 0xF3, 0xF8, 0x19, 0xC9, 0x73, 0xDC, 0xFF, 0x7F, 0xBC, 0x0E, 0x03, 0x8F,
    0xE7, 0xB9, 0xCF, 0x71, 0xFF, 0x3F, 0xC0, 0xC0, 0x60, 0x38, 0x1F, 0xCF, 0xF3, 0x3C, 0x0E, 0x07,
    0x03, 0x81, 0xD9, 0xEF, 0xE3, 0xE0, 0x00, 0x1C, 0x00, 0x70, 0x01, 0xDD, 0xC7, 0x7F, 0x9F, 0xFE,
    0x7E, 0xB9, 0xF8, 0xE7, 0xE3, 0x9F, 0x8E, 0x7E, 0x39, 0xDE, 0xFE, 0x3B, 0xF0, 0x03, 0x80, 0xE0,
    0x38, 0xFE, 0x7F, 0x3C, 0x0E, 0x03, 0x86, 0xE1, 0xF8, 0x7F, 0x9D, 0xFF, 0x37, 0x80, 0x01, 0xC0,
    0x77, 0xFD, 0xFE, 0xEE, 0x39, 0x8E, 0x63, 0x9C, 0xE7, 0x38, 0xE7, 0xB8, 0xEE, 0x7B, 0x8F, 0xF7,
    0x1F, 0x8E, 0x3F, 0x1C, 0x7E, 0x39, 0xEF, 0xFF, 0xCF, 0xFF, 0x81, 0xC7, 0x03, 0x8E, 0x07, 0x1C,
    0x0E, 0x38, 0x1C, 0x70, 0x78, 0x00, 0x7E, 0x00, 0x3B, 0x6C, 0x1D, 0xB6, 0xCE, 0xDF, 0xE7, 0x9F,
    0xDD, 0xFD, 0xAE, 0x7C, 0x00, 0x03, 0xC0, 0x0F, 0x80, 0x1F, 0x00, 0x77, 0x00, 0xEE, 0x03, 0x9E,
    0x07, 0x1C, 0x0E, 0x38, 0x3F, 0xF8, 0x7F, 0xF1, 0xFF, 0xF3, 0x81, 0xE7, 0x01, 0xDE, 0x03, 0xC0,
    0x00, 0x01, 0xC0, 0x03, 0x80, 0x07, 0x00, 0x7F, 0x3F, 0xD1, 0xE0, 0x73, 0xFF, 0xFF, 0xCF, 0xC7,
    0xE3, 0xFF, 0xDF, 0xE0, 0x00, 0xC0, 0xE0, 0x70, 0x07, 0x80, 0x0F, 0x80, 0x03, 0x00, 0x1C, 0x00,
    0x30, 0x00, 0x00, 0x00, 0xF0, 0x03, 0xE0, 0x07, 0xC0, 0x1D, 0xC0, 0x3B, 0x80, 0xE7, 0x81, 0xC7,
    0x03, 0x8E, 0x0F, 0xFE, 0x1F, 0xFC, 0x7F, 0xFC, 0xE0, 0x79, 0xC0, 0x77, 0x80, 0xF0, 0x1E, 0x0F,
    0x01, 0x81, 0x80, 0x03, 0xF9, 0xFE, 0x8F, 0x03, 0x9F, 0xFF, 0xFE, 0x7E, 0x3F, 0x1F, 0xFE, 0xFF,
    0x00, 0x18, 0x00, 0x38, 0x04, 0xE0, 0x1D, 0x80, 0x7C, 0x00, 0xD8, 0x00, 0x00, 0x00, 0x00, 0x03,
    0xC0, 0x0F, 0x80, 0x1F, 0x00, 0x77, 0x00, 0xEE, 0x03, 0x9E, 0x07, 0x1C, 0x0E, 0x38, 0x3F, 0xF8,
    0x7F, 0xF1, 0xFF, 0xF3, 0x81, 0xE7, 0x01, 0xDE, 0x03, 0xC0, 0x00, 0x40, 0x1C, 0x07, 0x04, 0xC3,
    0xC0, 0xEE, 0x08, 0x80, 0x00, 0x7F, 0x0F, 0xF1, 0x1E, 0x01, 0xC3, 0xF9, 0xFF, 0x3C, 0xE7, 0x1C,
    0xE3, 0x9F, 0xF1, 0xFE, 0x00, 0x00, 0x00, 0x01, 0x80, 0x03, 0x80, 0x0B, 0x80, 0x3A, 0x00, 0xF8,
    0x01, 0xB0, 0x00, 0x00, 0x00, 0x00, 0x07, 0x80, 0x1F, 0x00, 0x3E, 0x00, 0xEE, 0x01, 0xDC, 0x07,
    0x3C, 0x0E, 0x38, 0x1C, 0x70, 0x7F, 0xF0, 0xFF, 0xE3, 0xFF, 0xE7, 0x03, 0xCE, 0x03, 0xBC, 0x07,
    0x80, 0x02, 0x01, 0xC0, 0x38, 0x26, 0x3C, 0x1D, 0xC2, 0x20, 0x00, 0x7F, 0x1F, 0xE4, 0x78, 0x0E,
    0x3F, 0xBF, 0xEF, 0x3B, 0x8E, 0xE3, 0xBF, 0xE7, 0xF8, 0x00, 0x78, 0x00, 0xF0, 0x00, 0x60, 0x09,
    0x80, 0x38, 0x00, 0xF8, 0x01, 0xB0, 0x00, 0x00, 0x00, 0x00, 0x07, 0x80, 0x1F, 0x00, 0x3E, 0x00,
    0xEE, 0x01, 0xDC, 0x07, 0x3C, 0x0E, 0x38, 0x1C, 0x70, 0x7F, 0xF0, 0xFF, 0xE3, 0xFF, 0xE7, 0x03,
    0xCE, 0x03, 0xBC, 0x07, 0x80, 0x03, 0xC0, 0x7C, 0x03, 0x04, 0xC3, 0xC0, 0xEE, 0x08, 0x80, 0x00,
    0x7F, 0x0F, 0xF1, 0x1E, 0x01, 0xC3, 0xF9, 0xFF, 0x3C, 0xE7, 0x1C, 0xE3, 0x9F, 0xF1, 0xFE, 0x00,
    0x0F, 0xE0, 0x1F, 0xC0, 0x03, 0x00, 0x08, 0x00, 0x38, 0x00, 0xF8, 0x01, 0xB0, 0x00, 0x00, 0x00,
    0x00, 0x07, 0x80, 0x1F, 0x00, 0x3E, 0x00, 0xEE, 0x01, 0xDC, 0x07, 0x3C, 0x0E, 0x38, 0x1C, 0x70,
    0x7F, 0xF0, 0xFF, 0xE3, 0xFF, 0xE7, 0x03, 0xCE, 0x03, 0xBC, 0x07, 0x80, 0x33, 0x3F, 0x9B, 0x80,
    0x00, 0x81, 0xE1, 0xDC, 0x44, 0x00, 0x3F, 0x9F, 0xE8, 0xF0, 0x39, 0xFF, 0xFF, 0xE7, 0xE3, 0xF1,
    0xFF, 0xEF, 0xF0, 0x01, 0x00, 0x07, 0x00, 0x1F, 0x00, 0x36, 0x00, 0x00, 0x00, 0x00, 0x00, 0xF0,
    0x03, 0xE0, 0x07, 0xC0, 0x1D, 0xC0, 0x3B, 0x80, 0xE7, 0x81, 0xC7, 0x03, 0x8E, 0x0F, 0xFE, 0x1F,
    0xFC, 0x7F, 0xFC, 0xE0, 0x79, 0xC0, 0x77, 0x80, 0xF0, 0x00, 0x00, 0x70, 0x00, 0xE0, 0x01, 0xC0,
    0x08, 0x1E, 0x1D, 0xC4, 0x40, 0x03, 0xF9, 0xFE, 0x8F, 0x03, 0x9F, 0xFF, 0xFE, 0x7E, 0x3F, 0x1F,
    0xFE, 0xFF, 0x00, 0x06, 0x07, 0x03, 0x80, 0x00, 0xC0, 0x01, 0xC0, 0x07, 0x00, 0x0C, 0x00, 0xE6,
    0x00, 0xFC, 0x01, 0xF0, 0x00, 0x00, 0x00, 0x00, 0x07, 0x80, 0x1F, 0x00, 0x3E, 0x00, 0xEE, 0x01,
    0xDC, 0x07, 0x3C, 0x0E, 0x38, 0x1C, 0x70, 0x7F, 0xF0, 0xFF, 0xE3, 0xFF, 0xE7, 0x03, 0xCE, 0x03,
    0xBC, 0x07, 0x80, 0x00, 0x03, 0x81, 0xC1, 0xC0, 0xC3, 0x98, 0xDC, 0x7C, 0x0C, 0x00, 0x1F, 0xCF,
    0xF4, 0x78, 0x1C, 0xFF, 0xFF, 0xF3, 0xF1, 0xF8, 0xFF, 0xF7, 0xF8, 0x06, 0x00, 0x0E, 0x00, 0x0E,
    0x00, 0x0C, 0x00, 0xE6, 0x00, 0xFC, 0x01, 0xF0, 0x00, 0x00, 0x00, 0x00, 0x07, 0x80, 0x1F, 0x00,
    0x3E, 0x00, 0xEE, 0x01, 0xDC, 0x07, 0x3C, 0x0E, 0x38, 0x1C, 0x70, 0x7F, 0xF0, 0xFF, 0xE3, 0xFF,
    0xE7, 0x03, 0xCE, 0x03, 0xBC, 0x07, 0x80, 0x30, 0x3C, 0x07, 0x01, 0x87, 0x31, 0xB8, 0xF8, 0x18,
    0x00, 0x3F, 0x9F, 0xE8, 0xF0, 0x39, 0xFF, 0xFF, 0xE7, 0xE3, 0xF1, 0xFF, 0xEF, 0xF0, 0x07, 0xC0,
    0x07, 0x80, 0x03, 0x00, 0x0C, 0x00, 0x00, 0x01, 0xCC, 0x01, 0xF8, 0x03, 0xE0, 0x00, 0x00, 0x00,
    0x00, 0x0F, 0x00, 0x3E, 0x00, 0x7C, 0x01, 0xDC, 0x03, 0xB8, 0x0E, 0x78, 0x1C, 0x70, 0x38, 0xE0,
    0xFF, 0xE1, 0xFF, 0xC7, 0xFF, 0xCE, 0x07, 0x9C, 0x07, 0x78, 0x0F, 0x3C, 0x0F, 0x01, 0x81, 0x80,
    0xC3, 0x98, 0xDC, 0x7C, 0x0C, 0x00, 0x1F, 0xCF, 0xF4, 0x78, 0x1C, 0xFF, 0xFF, 0xF3, 0xF1, 0xF8,
    0xFF, 0xF7, 0xF8, 0x07, 0x60, 0x1F, 0xC0, 0x33, 0x00, 0x00, 0x00, 0xE6, 0x00, 0xFC, 0x01, 0xF0,
    0x00, 0x00, 0x00, 0x00, 0x07, 0x80, 0x1F, 0x00, 0x3E, 0x00, 0xEE, 0x01, 0xDC, 0x07, 0x3C, 0x0E,
    0x38, 0x1C, 0x70, 0x7F, 0xF0, 0xFF, 0xE3, 0xFF, 0xE7, 0x03, 0xCE, 0x03, 0xBC, 0x07, 0x80, 0x11,
    0x3F, 0x9F, 0xC0, 0x07, 0x31, 0xB8, 0xF8, 0x18, 0x00, 0x3F, 0x9F, 0xE8, 0xF0, 0x39, 0xFF, 0xFF,
    0xE7, 0xE3, 0xF1, 0xFF, 0xEF, 0xF0, 0x0E, 0x60, 0x0F, 0xC0, 0x1F, 0x00, 0x00, 0x00, 0x00, 0x00,
    0x78, 0x01, 0xF0, 0x03, 0xE0, 0x0E, 0xE0, 0x1D, 0xC0, 0x73, 0xC0, 0xE3, 0x81, 0xC7, 0x07, 0xFF,
    0x0F, 0xFE, 0x3F, 0xFE, 0x70, 0x3C, 0xE0, 0x3B, 0xC0, 0x78, 0x00, 0x00, 0x38, 0x00, 0x70, 0x00,
    0xE0, 0x00, 0x73, 0x1B, 0x8F, 0x81, 0x80, 0x03, 0xF9, 0xFE, 0x8F, 0x03, 0x9F, 0xFF, 0xFE, 0x7E,
    0x3F, 0x1F, 0xFE, 0xFF, 0x00, 0x06, 0x07, 0x03, 0x80, 0xFF, 0xBF, 0xEE, 0x03, 0x80, 0xE0, 0x3F,
    0xEF, 0xFB, 0xFE, 0xE0, 0x38, 0x0E, 0x03, 0xFF, 0xFF, 0xFF, 0xF0, 0x00, 0x60, 0x1C, 0x07, 0x00,
    0x3F, 0x1F, 0xE7, 0x3F, 0x87, 0xFF, 0xFF, 0xFF, 0xFF, 0x80, 0x78, 0x9F, 0xE3, 0xFC, 0x00, 0x0C,
    0x07, 0x80, 0xE0, 0x3C, 0x0F, 0x80, 0xE0, 0x70, 0x18, 0x00, 0x0F, 0xFB, 0xFE, 0xE0, 0x38, 0x0E,
    0x03, 0xFE, 0xFF, 0xBF, 0xEE, 0x03, 0x80, 0xE0, 0x3F, 0xFF, 0xFF, 0xFF, 0x1E, 0x05, 0x80, 0x60,
    0x30, 0x00, 0x0F, 0xC7, 0xF9, 0xCF, 0xE1, 0xFF, 0xFF, 0xFF, 0xFF, 0xE0, 0x1E, 0x27, 0xF8, 0xFF,
    0x3B, 0x1F, 0xC4, 0xE0, 0x00, 0x00, 0x3F, 0xEF, 0xFB, 0x80, 0xE0, 0x38, 0x0F, 0xFB, 0xFE, 0xFF,
    0xB8, 0x0E, 0x03, 0x80, 0xFF, 0xFF, 0xFF, 0xFC, 0x11, 0x0F, 0xE7, 0xF0, 0x00, 0x00, 0x0F, 0xC7,
    0xF9, 0xCF, 0xE1, 0xFF, 0xFF, 0xFF, 0xFF, 0xE0, 0x1E, 0x27, 0xF8, 0xFF, 0x00, 0x00, 0x18, 0x03,
    0x84, 0xE1, 0xD8, 0x7C, 0x0D, 0xC0, 0x00, 0x00, 0x1F, 0xF3, 0xFE, 0x70, 0x0E, 0x01, 0xC0, 0x3F,
    0xE7, 0xFC, 0xFF, 0x9C, 0x03, 0x80, 0x70, 0x0F, 0xFD, 0xFF, 0xBF, 0xF0, 0x00, 0x40, 0x06, 0x00,
    0xE0, 0xDC, 0x1E, 0x83, 0xF0, 0x11, 0x00, 0x00, 0x3F, 0x07, 0xF8, 0x73, 0xCE, 0x1C, 0xFF, 0xCF,
    0xFC, 0xFF, 0xCE, 0x00, 0x78, 0x87, 0xF8, 0x3F, 0xC0, 0x00, 0x01, 0x80, 0x70, 0x2E, 0x1D, 0x0F,
    0x83, 0x70, 0x00, 0x00, 0x3F, 0xEF, 0xFB, 0x80, 0xE0, 0x38, 0x0F, 0xFB, 0xFE, 0xFF, 0xB8, 0x0E,
    0x03, 0x80, 0xFF, 0xFF, 0xFF, 0xFC, 0x01, 0x00, 0xE0, 0x1C, 0x33, 0x1E, 0x0F, 0xC1, 0x10, 0x00,
    0x3F, 0x1F, 0xE7, 0x3F, 0x87, 0xFF, 0xFF, 0xFF, 0xFF, 0x80, 0x78, 0x9F, 0xE3, 0xFC, 0x03, 0xC0,
    0x7C, 0x03, 0x84, 0xE1, 0xD8, 0x7C, 0x0D, 0xC0, 0x00, 0x00, 0x1F, 0xF3, 0xFE, 0x70, 0x0E, 0x01,
    0xC0, 0x3F, 0xE7, 0xFC, 0xFF, 0x9C, 0x03, 0x80, 0x70, 0x0F, 0xFD, 0xFF, 0xBF, 0xF0, 0x01, 0xC0,
    0x3C, 0x01, 0x86, 0x61, 0xEC, 0x7E, 0x04, 0x40, 0x00, 0x3F, 0x0F, 0xF1, 0xCF, 0x70, 0xEF, 0xFD,
    0xFF, 0xBF, 0xF7, 0x00, 0x78, 0x8F, 0xF0, 0xFF, 0x00, 0x00, 0x0F, 0xE7, 0xF0, 0x98, 0x08, 0x07,
    0x03, 0xE0, 0xDC, 0x00, 0x00, 0x0F, 0xFB, 0xFE, 0xE0, 0x38, 0x0E, 0x03, 0xFE, 0xFF, 0xBF, 0xEE,
    0x03, 0x80, 0xE0, 0x3F, 0xFF, 0xFF, 0xFF, 0x19, 0x0F, 0xE7, 0xF0, 0x00, 0x0C, 0x07, 0x83, 0xF0,
    0x44, 0x00, 0x0F, 0xC7, 0xF9, 0xCF, 0xE1, 0xFF, 0xFF, 0xFF, 0xFF, 0xE0, 0x1E, 0x27, 0xF8, 0xFF,
    0x08, 0x07, 0x03, 0xE0, 0xDC, 0x00, 0x00, 0x0F, 0xFB, 0xFE, 0xE0, 0x38, 0x0E, 0x03, 0xFE, 0xFF,
    0xBF, 0xEE, 0x03, 0x80, 0xE0, 0x3F, 0xFF, 0xFF, 0xFF, 0x00, 0x06, 0x01, 0xC0, 0x70, 0x0C, 0x07,
    0x83, 0xF0, 0x44, 0x00, 0x0F, 0xC7, 0xF9, 0xCF, 0xE1, 0xFF, 0xFF, 0xFF, 0xFF, 0xE0, 0x1E, 0x27,
    0xF8, 0xFF, 0x00, 0x03, 0x01, 0xE0, 0x38, 0xF7, 0xCE, 0xE6, 0x01, 0xCE, 0x73, 0x9C, 0xE7, 0x39,
    0xCE, 0x73, 0x9C, 0xE0, 0xFF, 0x36, 0x0F, 0xFF, 0xFF, 0xFF, 0xFF, 0xFF, 0xFF, 0xFF, 0xFF, 0xFF,
    0xFF, 0xC6, 0xFC, 0x6F, 0xF6, 0x0F, 0xFF, 0xFF, 0xFF, 0xFF, 0xFF, 0x06, 0xF6, 0x07, 0x80, 0x7F,
    0xC3, 0xFF, 0x9F, 0x1E, 0x70, 0x3F, 0xC0, 0x7E, 0x01, 0xF8, 0x07, 0xE0, 0x1F, 0xC0, 0x7F, 0x03,
    0xDE, 0x0F, 0x7F, 0xF8, 0xFF, 0xC0, 0xFE, 0x00, 0x00, 0x03, 0x00, 0x0E, 0x00, 0x38, 0x00, 0x1F,
    0x0F, 0xF1, 0xEF, 0x78, 0xEE, 0x1F, 0xC1, 0xF8, 0x7F, 0x8E, 0x7B, 0xCF, 0xF0, 0xFC, 0x00, 0x00,
    0xC0, 0x1C, 0x03, 0x80, 0x07, 0x00, 0x1E, 0x00, 0x1C, 0x00, 0xE0, 0x03, 0x00, 0x1E, 0x01, 0xFF,
    0x0F, 0xFE, 0x7C, 0x79, 0xC0, 0xFF, 0x01, 0xF8, 0x07, 0xE0, 0x1F, 0x80, 0x7F, 0x01, 0xFC, 0x0F,
    0x78, 0x3D, 0xFF, 0xE3, 0xFF, 0x03, 0xF8, 0x1E, 0x03, 0xE0, 0x18, 0x06, 0x00, 0x00, 0x3E, 0x1F,
    0xE3, 0xDE, 0xF1, 0xDC, 0x3F, 0x83, 0xF0, 0xFF, 0x1C, 0xF7, 0x9F, 0xE1, 0xF8, 0x00, 0x00, 0x00,
    0x60, 0x03, 0x80, 0x5C, 0x03, 0xA0, 0x1F, 0x00, 0xCC, 0x00, 0x00, 0x07, 0x80, 0x7F, 0xC3, 0xFF,
    0x9F, 0x1E, 0x70, 0x3F, 0xC0, 0x7E, 0x01, 0xF8, 0x07, 0xE0, 0x1F, 0xC0, 0x7F, 0x03, 0xDE, 0x0F,
    0x7F, 0xF8, 0xFF, 0xC0, 0xFE, 0x00, 0x00, 0x20, 0x07, 0x00, 0xE0, 0xDC, 0x1E, 0x83, 0xF0, 0x11,
    0x00, 0x00, 0x1F, 0x07, 0xF8, 0x7B, 0xCF, 0x1C, 0xE1, 0xEE, 0x0E, 0xE1, 0xEF, 0x1C, 0x7B, 0xC7,
    0xF8, 0x3F, 0x00, 0x00, 0x00, 0x07, 0x00, 0x0E, 0x00, 0x5C, 0x03, 0xA0, 0x1F, 0x00, 0xCC, 0x00,
    0x00, 0x07, 0x80, 0x7F, 0xC3, 0xFF, 0x9F, 0x1E, 0x70, 0x3F, 0xC0, 0x7E, 0x01, 0xF8, 0x07, 0xE0,
    0x1F, 0xC0, 0x7F, 0x03, 0xDE, 0x0F, 0x7F, 0xF8, 0xFF, 0xC0, 0xFE, 0x00, 0x00, 0x00, 0x60, 0x1E,
    0x00, 0xE0, 0xC8, 0x3C, 0x0F, 0xC0, 0x88, 0x00, 0x03, 0xE1, 0xFE, 0x3D, 0xEF, 0x1D, 0xC3, 0xF8,
    0x3F, 0x0F, 0xF1, 0xCF, 0x79, 0xFE, 0x1F, 0x80, 0x00, 0x78, 0x01, 0xE0, 0x01, 0x80, 0x4C, 0x03,
    0x80, 0x1F, 0x00, 0xCC, 0x00, 0x00, 0x07, 0x80, 0x7F, 0xC3, 0xFF, 0x9F, 0x1E, 0x70, 0x3F, 0xC0,
    0x7E, 0x01, 0xF8, 0x07, 0xE0, 0x1F, 0xC0, 0x7F, 0x03, 0xDE, 0x0F, 0x7F, 0xF8, 0xFF, 0xC0, 0xFE,
    0x00, 0x01, 0xE0, 0x3C, 0x01, 0x86, 0x61, 0xE0, 0x7E, 0x04, 0x40, 0x00, 0x1F, 0x0F, 0xF1, 0xEF,
    0x78, 0xEE, 0x1F, 0xC1, 0xF8, 0x7F, 0x8E, 0x7B, 0xCF, 0xF0, 0xFC, 0x00, 0x00, 0x40, 0x3F, 0x81,
    0xFC, 0x00, 0x00, 0x01, 0x00, 0x0E, 0x00, 0x7C, 0x03, 0x30, 0x00, 0x00, 0x1E, 0x01, 0xFF, 0x0F,
    0xFE, 0x7C, 0x79, 0xC0, 0xFF, 0x01, 0xF8, 0x07, 0xE0, 0x1F, 0x80, 0x7F, 0x01, 0xFC, 0x0F, 0x78,
    0x3D, 0xFF, 0xE3, 0xFF, 0x03, 0xF8, 0x19, 0x07, 0xF0, 0xDC, 0x00, 0x00, 0xC0, 0x3C, 0x0F, 0xC0,
    0x88, 0x00, 0x03, 0xE1, 0xFE, 0x3D, 0xEF, 0x1D, 0xC3, 0xF8, 0x3F, 0x0F, 0xF1, 0xCF, 0x79, 0xFE,
    0x1F, 0x80, 0x01, 0x00, 0x0E, 0x00, 0x7C, 0x03, 0x30, 0x00, 0x00, 0x1E, 0x01, 0xFF, 0x0F, 0xFE,
    0x7C, 0x79, 0xC0, 0xFF, 0x01, 0xF8, 0x07, 0xE0, 0x1F, 0x80, 0x7F, 0x01, 0xFC, 0x0F, 0x78, 0x3D,
    0xFF, 0xE3, 0xFF, 0x03, 0xF8, 0x00, 0x00, 0x0C, 0x00, 0x38, 0x00, 0xE0, 0x0C, 0x03, 0xC0, 0xFC,
    0x08, 0x80, 0x00, 0x3E, 0x1F, 0xE3, 0xDE, 0xF1, 0xDC, 0x3F, 0x83, 0xF0, 0xFF, 0x1C, 0xF7, 0x9F,
    0xE1, 0xF8, 0x00, 0x01, 0x80, 0x38, 0x07, 0x00, 0x01, 0x00, 0x0E, 0x00, 0x38, 0x01, 0xC7, 0x00,
    0x1C, 0x1E, 0x71, 0xFF, 0xCF, 0xFE, 0x7C, 0x79, 0xC0, 0xFF, 0x01, 0xF8, 0x07, 0xE0, 0x1F, 0x80,
    0x7F, 0x01, 0xFC, 0x0F, 0x78, 0x3D, 0xFF, 0xE3, 0xFF, 0x03, 0xF8, 0x00, 0x00, 0x60, 0x0E, 0x01,
    0xC0, 0x08, 0x70, 0x06, 0x1F, 0xE7, 0xFE, 0x7B, 0xCF, 0x1C, 0xE1, 0xEE, 0x0E, 0xE1, 0xEF, 0x1C,
    0x7B, 0xC7, 0xF8, 0x3F, 0x00, 0x02, 0x00, 0x1C, 0x00, 0x38, 0x00, 0x67, 0x00, 0x1C, 0x1E, 0x71,
    0xFF, 0xCF, 0xFE, 0x7C, 0x79, 0xC0, 0xFF, 0x01, 0xF8, 0x07, 0xE0, 0x1F, 0x80, 0x7F, 0x01, 0xFC,
    0x0F, 0x78, 0x3D, 0xFF, 0xE3, 0xFF, 0x03, 0xF8, 0x08, 0x01, 0xC0, 0x1E, 0x00, 0xE0, 0x02, 0x70,
    0x06, 0x1F, 0xE7, 0xFE, 0x7B, 0xCF, 0x1C, 0xE1, 0xEE, 0x0E, 0xE1, 0xEF, 0x1C, 0x7B, 0xC7, 0xF8,
    0x3F, 0x00, 0x07, 0x00, 0x1E, 0x00, 0x1C, 0x00, 0xE7, 0x03, 0x1C, 0x1E, 0x71, 0xFF, 0xCF, 0xFE,
    0x7C, 0x79, 0xC0, 0xFF, 0x01, 0xF8, 0x07, 0xE0, 0x1F, 0x80, 0x7F, 0x01, 0xFC, 0x0F, 0x78, 0x3D,
    0xFF, 0xE3, 0xFF, 0x03, 0xF8, 0x1E, 0x01, 0xF0, 0x06, 0x00, 0xC7, 0x00, 0x61, 0xFE, 0x7F, 0xE7,
    0xBC, 0xF1, 0xCE, 0x1E, 0xE0, 0xEE, 0x1E, 0xF1, 0xC7, 0xBC, 0x7F, 0x83, 0xF0, 0x07, 0x60, 0x3F,
    0x80, 0x9D, 0xC0, 0x07, 0x07, 0x9C, 0x7F, 0xF3, 0xFF, 0x9F, 0x1E, 0x70, 0x3F, 0xC0, 0x7E, 0x01,
    0xF8, 0x07, 0xE0, 0x1F, 0xC0, 0x7F, 0x03, 0xDE, 0x0F, 0x7F, 0xF8, 0xFF, 0xC0, 0xFE, 0x00, 0x19,
    0x03, 0xF8, 0x7F, 0x00, 0x07, 0x00, 0x61, 0xFE, 0x7F, 0xE7, 0xBC, 0xF1, 0xCE, 0x1E, 0xE0, 0xEE,
    0x1E, 0xF1, 0xC7, 0xBC, 0x7F, 0x83, 0xF0, 0x00, 0x1C, 0x00, 0x70, 0x79, 0xC7, 0xFF, 0x3F, 0xF9,
    0xF1, 0xE7, 0x03, 0xFC, 0x07, 0xE0, 0x1F, 0x80, 0x7E, 0x01, 0xFC, 0x07, 0xF0, 0x3D, 0xE0, 0xF7,
    0xFF, 0x8F, 0xFC, 0x0F, 0xE0, 0x00, 0x00, 0x30, 0x00, 0xE0, 0x03, 0x80, 0x00, 0x70, 0x06, 0x1F,
    0xE7, 0xFE, 0x7B, 0xCF, 0x1C, 0xE1, 0xEE, 0x0E, 0xE1, 0xEF, 0x1C, 0x7B, 0xC7, 0xF8, 0x3F, 0x00,
    0x00, 0x0C, 0x00, 0xE0, 0x0E, 0x00, 0xF0, 0x7F, 0x07, 0xF0, 0x7F, 0x07, 0xF0, 0x7F, 0x07, 0xF0,
    0x7F, 0x07, 0xF0, 0x7F, 0x07, 0x70, 0xF7, 0xFF, 0x3F, 0xE1, 0xFC, 0x00, 0x00, 0x70, 0x07, 0x00,
    0x70, 0xE1, 0xF8, 0x7E, 0x1F, 0x87, 0xE1, 0xF8, 0x7E, 0x1F, 0xC7, 0x79, 0xDF, 0xF3, 0xFC, 0x00,
    0x0C, 0x03, 0x80, 0xE0, 0x0F, 0x00, 0xF8, 0x03, 0x80, 0x70, 0x06, 0x00, 0x00, 0xF0, 0x7F, 0x07,
    0xF0, 0x7F, 0x07, 0xF0, 0x7F, 0x07, 0xF0, 0x7F, 0x07, 0xF0, 0x7F, 0x07, 0x70, 0xF7, 0xFF, 0x3F,
    0xE1, 0xFC, 0x1E, 0x05, 0x80, 0x60, 0x30, 0x00, 0x38, 0x7E, 0x1F, 0x87, 0xE1, 0xF8, 0x7E, 0x1F,
    0x87, 0xF1, 0xDE, 0x77, 0xFC, 0xFF, 0x01, 0x00, 0x07, 0x00, 0x1C, 0x00, 0x70, 0x70, 0x00, 0xE0,
    0x03, 0xFC, 0x1F, 0x78, 0x3C, 0xF0, 0x71, 0xE0, 0xE3, 0xC1, 0xC7, 0x83, 0x8F, 0x07, 0x1E, 0x0E,
    0x3C, 0x1C, 0x78, 0x38, 0x70, 0xF0, 0xFF, 0xE0, 0xFF, 0x80, 0xFE, 0x00, 0x00, 0x00, 0x60, 0x0E,
    0x01, 0xC0, 0x08, 0x30, 0x07, 0xE1, 0xFE, 0x1E, 0xE1, 0xCE, 0x1C, 0xE1, 0xCE, 0x1C, 0xE1, 0xCF,
    0x1C, 0x79, 0xC7, 0xFC, 0x3F, 0xC0, 0x04, 0x00, 0x1C, 0x00, 0x38, 0x00, 0x38, 0x70, 0x00, 0xE0,
    0x03, 0xFC, 0x1F, 0x78, 0x3C, 0xF0, 0x71, 0xE0, 0xE3, 0xC1, 0xC7, 0x83, 0x8F, 0x07, 0x1E, 0x0E,
    0x3C, 0x1C, 0x78, 0x38, 0x70, 0xF0, 0xFF, 0xE0, 0xFF, 0x80, 0xFE, 0x00, 0x00, 0x01, 0x80, 0x1C,
    0x00, 0xE0, 0x04, 0x30, 0x07, 0xE1, 0xFE, 0x1E, 0xE1, 0xCE, 0x1C, 0xE1, 0xCE, 0x1C, 0xE1, 0xCF,
    0x1C, 0x79, 0xC7, 0xFC, 0x3F, 0xC0, 0x0F, 0x00, 0x1F, 0x00, 0x0E, 0x00, 0x38, 0x70, 0x60, 0xE0,
    0x03, 0xFC, 0x1F, 0x78, 0x3C, 0xF0, 0x71, 0xE0, 0xE3, 0xC1, 0xC7, 0x83, 0x8F, 0x07, 0x1E, 0x0E,
    0x3C, 0x1C, 0x78, 0x38, 0x70, 0xF0, 0xFF, 0xE0, 0xFF, 0x80, 0xFE, 0x00, 0x1E, 0x01, 0x60, 0x06,
    0x00, 0xC3, 0x00, 0x7E, 0x1F, 0xE1, 0xEE, 0x1C, 0xE1, 0xCE, 0x1C, 0xE1, 0xCE, 0x1C, 0xF1, 0xC7,
    0x9C, 0x7F, 0xC3, 0xFC, 0x0E, 0xC0, 0x3F, 0x80, 0x6E, 0x38, 0x00, 0x70, 0x01, 0xFE, 0x0F, 0xBC,
    0x1E, 0x78, 0x38, 0xF0, 0x71, 0xE0, 0xE3, 0xC1, 0xC7, 0x83, 0x8F, 0x07, 0x1E, 0x0E, 0x3C, 0x1C,
    0x38, 0x78, 0x7F, 0xF0, 0x7F, 0xC0, 0x7F, 0x00, 0x11, 0x03, 0xF8, 0x7F, 0x00, 0x03, 0x00, 0x7E,
    0x1F, 0xE1, 0xEE, 0x1C, 0xE1, 0xCE, 0x1C, 0xE1, 0xCE, 0x1C, 0xF1, 0xC7, 0x9C, 0x7F, 0xC3, 0xFC,
    0x00, 0x0E, 0x00, 0x1C, 0x00, 0x7F, 0x83, 0xEF, 0x07, 0x9E, 0x0E, 0x3C, 0x1C, 0x78, 0x38, 0xF0,
    0x71, 0xE0, 0xE3, 0xC1, 0xC7, 0x83, 0x8F, 0x07, 0x0E, 0x1E, 0x1F, 0xFC, 0x1F, 0xF0, 0x1F, 0xC0,
    0x00, 0x00, 0x1C, 0x00, 0x38, 0x00, 0x70, 0x00, 0x00, 0x30, 0x07, 0xE1, 0xFE, 0x1E, 0xE1, 0xCE,
    0x1C, 0xE1, 0xCE, 0x1C, 0xE1, 0xCF, 0x1C, 0x79, 0xC7, 0xFC, 0x3F, 0xC0, 0x00, 0x0C, 0x00, 0xE0,
    0x0E, 0x00, 0x08, 0x00, 0xE0, 0x03, 0x80, 0x0E, 0x00, 0x20, 0x00, 0x03, 0xC1, 0xEE, 0x0E, 0x78,
    0xF1, 0xC7, 0x0F, 0x78, 0x3B, 0x81, 0xFC, 0x07, 0xC0, 0x1C, 0x00, 0xE0, 0x07, 0x00, 0x38, 0x01,
    0xC0, 0x0E, 0x00, 0x70, 0x00, 0x10, 0x07, 0x00, 0x70, 0x07, 0x00, 0x40, 0x00, 0x38, 0x3F, 0x8F,
    0x71, 0xCE, 0x39, 0xE7, 0x1D, 0xC3, 0xB8, 0x7E, 0x07, 0xC0, 0xF8, 0x0E, 0x03, 0xC3, 0xF0, 0x7E,
    0x0F, 0x80, 0x70, 0x39, 0xE1, 0xE3, 0x87, 0x0F, 0x3C, 0x1C, 0xE0, 0x7F, 0x00, 0xFC, 0x01, 0xE0,
    0x07, 0x80, 0x1E, 0x00, 0x78, 0x01, 0xE0, 0x07, 0x80, 0x1E, 0x00, 0x00, 0x00, 0xC0, 0x07, 0x80,
    0x1C, 0x00, 0xF0, 0xE7, 0x0E, 0x71, 0xC7, 0x9C, 0x39, 0xC3, 0xB8, 0x3F, 0x81, 0xF8, 0x1F, 0x00,
    0xF0, 0x0E, 0x00, 0xE0, 0x7C, 0x7F, 0xCF, 0xF0, 0x60, 0x07, 0x00, 0x1E, 0x00, 0x18, 0x00, 0xE0,
    0x03, 0x00, 0x00, 0x07, 0x03, 0x9E, 0x1E, 0x38, 0x70, 0xF3, 0xC1, 0xCE, 0x07, 0xF0, 0x0F, 0xC0,
    0x1E, 0x00, 0x78, 0x01, 0xE0, 0x07, 0x80, 0x1E, 0x00, 0x78, 0x01, 0xE0, 0x1F, 0x01, 0xE0, 0x0C,
    0x03, 0x00, 0x01, 0xE1, 0xDC, 0x3B, 0x8E, 0x79, 0xC7, 0x38, 0xEE, 0x1F, 0xC1, 0xF8, 0x3E, 0x03,
    0xC0, 0x70, 0x0E, 0x0F, 0x83, 0xF0, 0x78, 0x00, 0x0E, 0x40, 0x7F, 0x00, 0x98, 0x00, 0x00, 0x00,
    0x01, 0xC0, 0xE7, 0x87, 0x8E, 0x1C, 0x3C, 0xF0, 0x73, 0x81, 0xFC, 0x03, 0xF0, 0x07, 0x80, 0x1E,
    0x00, 0x78, 0x01, 0xE0, 0x07, 0x80, 0x1E, 0x00, 0x78, 0x00, 0x08, 0x07, 0xF0, 0xFE, 0x00, 0x00,
    0x01, 0xE1, 0xDC, 0x3B, 0x8E, 0x79, 0xC7, 0x38, 0xEE, 0x1F, 0xC1, 0xF8, 0x3E, 0x03, 0xC0, 0x70,
    0x0E, 0x0F, 0x83, 0xF0, 0x78, 0x00, 0x00, 0x00, 0xFF, 0xFE, 0x51, 0x1D, 0x52, 0x10, 0x84, 0x21,
    0x08, 0x42, 0x10, 0x80, 0x20, 0xBF, 0x2A, 0x42, 0x10, 0x84, 0x21, 0x08, 0x42, 0x10, 0x22, 0x3E,
    0x92, 0x84, 0x21, 0x08, 0x42, 0x10, 0x84, 0x21, 0xFF, 0xFF, 0xC0, 0xFF, 0xFF, 0xC0, 0xFF, 0xFF,
    0xFF, 0xFF, 0x80, 0xFF, 0xFF, 0xFF, 0xFF, 0xFF, 0xFF, 0xFF, 0xFE, 0xFF, 0xFF, 0xFF, 0xFF, 0xFF,
    0xFF, 0xFF, 0xFE, 0x77, 0xEE, 0xEE, 0x77, 0x77, 0xEE, 0x77, 0x77, 0xEE, 0x73, 0xB9, 0xF9, 0xDC,
    0xEE, 0x77, 0x38, 0x73, 0xB9, 0xDC, 0xEE, 0x7E, 0x77, 0x38, 0x73, 0xB9, 0xDC, 0xEE, 0x7E, 0x77,
    0x38, 0x1C, 0x0E, 0x07, 0x03, 0x8F, 0xFF, 0xFF, 0xFE, 0x38, 0x1C, 0x0E, 0x07, 0x03, 0x81, 0xC0,
    0xE0, 0x70, 0x38, 0x1C, 0x0E, 0x00, 0x1C, 0x0E, 0x07, 0x03, 0x8F, 0xFF, 0xFF, 0xFE, 0x38, 0x1C,
    0x0E, 0x3F, 0xFF, 0xFF, 0xF8, 0xE0, 0x70, 0x38, 0x1C, 0x0E, 0x00, 0x7B, 0xFF, 0xFF, 0xFD, 0xE0,
    0x60, 0xC1, 0xBC, 0x78, 0xFF, 0x1E, 0x3D, 0x83, 0x06, 0x00, 0x38, 0x0E, 0x00, 0x1F, 0x07, 0x00,
    0x0C, 0x63, 0xC0, 0x03, 0x18, 0xE0, 0x00, 0xC6, 0x70, 0x00, 0x31, 0x9C, 0x00, 0x07, 0xCE, 0x00,
    0x00, 0xE7, 0x9C, 0x1C, 0x01, 0xCF, 0x8F, 0x80, 0xE6, 0x36, 0x30, 0x39, 0x8D, 0x8C, 0x1C, 0x63,
    0x63, 0x0F, 0x18, 0xD8, 0xC3, 0x83, 0xE3, 0xE1, 0xC0, 0x70, 0x70, 0x11, 0xDE, 0xEF, 0x39, 0xE7,
    0x10, 0x47, 0x3C, 0xE7, 0xBB, 0xDC, 0x40, 0x00, 0xE0, 0x38, 0x07, 0x01, 0xC0, 0x38, 0x0E, 0x01,
    0xC0, 0x70, 0x0E, 0x03, 0x80, 0x70, 0x1C, 0x03, 0x80, 0xE0, 0x1C, 0x00, 0x6F, 0xF6, 0x00, 0x00,
    0x0F, 0xFF, 0x77, 0x70, 0x38, 0xFB, 0x1E, 0x3C, 0x78, 0xF1, 0xBE, 0x38, 0x0E, 0x1E, 0x36, 0x66,
    0xFF, 0xFF, 0x06, 0x06, 0x7D, 0xF6, 0x1E, 0x7C, 0x30, 0xFF, 0xF8, 0x19, 0xE6, 0x3E, 0xFF, 0x3C,
    0xFF, 0x78, 0xFF, 0xF1, 0x8E, 0x30, 0xC6, 0x18, 0x7D, 0xFF, 0x1F, 0x77, 0xD8, 0xF1, 0xFF, 0x7C,
    0x7B, 0xFC, 0xF3, 0xFD, 0xF1, 0x9E, 0x70, 0x38, 0xFB, 0x1E, 0x3C, 0x78, 0xF1, 0xBE, 0x38, 0x1B,
    0xFE, 0xB1, 0x8C, 0x63, 0x18, 0x7D, 0xFD, 0x18, 0x31, 0xC6, 0x18, 0x7F, 0xFE, 0x7D, 0xFC, 0x19,
    0xF3, 0xE0, 0xC1, 0xFF, 0xFC, 0x0E, 0x1E, 0x36, 0x66, 0xFF, 0xFF, 0x06, 0x06, 0x7D, 0xF6, 0x1E,
    0x7C, 0x30, 0xFF, 0xF8, 0x19, 0xE6, 0x3E, 0xFF, 0x3C, 0xFF, 0x78, 0xFF, 0xF1, 0x8E, 0x30, 0xC6,
    0x18, 0x7D, 0xFF, 0x1F, 0x77, 0xD8, 0xF1, 0xFF, 0x7C, 0x7B, 0xFC, 0xF3, 0xFD, 0xF1, 0x9E, 0x70,
    0xFF, 0x9F, 0xFF, 0xBF, 0xFF, 0x7F, 0x86, 0xFF, 0x6D, 0xFE, 0xDB, 0xFD, 0xB7, 0xFB, 0x6F, 0xF6,
    0xDF, 0xEC, 0x7F, 0xDF, 0xF7, 0xBF, 0xEF, 0x7F, 0x00, 0x07, 0xE3, 0xFC, 0xFF, 0x9C, 0x07, 0x81,
    0xFF, 0xBF, 0xF3, 0x80, 0xFF, 0x9F, 0xF1, 0xC0, 0x1C, 0x03, 0xFE, 0x3F, 0xC3, 0xF0, 0xFF, 0xFF,
    0xFF, 0xFF, 0x87, 0x00, 0xE8, 0x1F, 0x83, 0xE1, 0xF0, 0x7E, 0x81, 0xF8, 0x3E, 0x3F, 0x03, 0xE0,
    0x1C, 0x03, 0x80, 0x3F, 0x87, 0xFC, 0x3F, 0xE2, 0x0E, 0xFF, 0xFF, 0xFF, 0x0F, 0x83, 0xF0, 0xFF,
    0xFF, 0xFF, 0x70, 0x07, 0x82, 0x7F, 0xF3, 0xFF, 0x0F, 0xE0, 0xFF, 0xFF, 0xFF, 0x03, 0x80, 0x1C,
    0xFF, 0xEF, 0xFE, 0x01, 0xC0, 0x78, 0xFF, 0x0F, 0xC0, 0x78, 0x03, 0xC0, 0x1E, 0x00, 0xF0, 0x07,
    0x80, 0x3F, 0x07, 0xF0, 0xFF, 0x00, 0xE0, 0x0E, 0x3F, 0xCF, 0xFB, 0xFF, 0xF0, 0xFC, 0x1F, 0x83,
    0xF0, 0xEF, 0xFC, 0xFF, 0x0F, 0x80, 0x07, 0xC0, 0x0F, 0x80, 0x3F, 0x80, 0x7F, 0x00, 0xEE, 0x03,
    0xDE, 0x07, 0x1C, 0x1E, 0x3C, 0x3C, 0x78, 0x70, 0x71, 0xE0, 0xF3, 0xC1, 0xE7, 0xFF, 0xDF, 0xFF,
    0xFF, 0xFF, 0x80, 0xFF, 0xFF, 0xFF, 0xFF, 0xF0, 0x7E, 0x0F, 0xC1, 0xF8, 0x3F, 0x07, 0xE0, 0xFC,
    0x1F, 0x83, 0xF0, 0x7E, 0x0F, 0xC1, 0xF8, 0x3F, 0x07, 0xE0, 0xE0, 0xFF, 0xFF, 0xFF, 0xFD, 0xC0,
    0x38, 0x0E, 0x01, 0xC0, 0x70, 0x0E, 0x07, 0x01, 0xC0, 0xE0, 0x70, 0x1C, 0x0F, 0xFF, 0xFF, 0xFF,
    0xC0, 0xFF, 0xFF, 0xFF, 0xFC, 0x00, 0xE0, 0x38, 0x07, 0x01, 0xC0, 0x38, 0x0E, 0x01, 0xC0, 0x70,
    0x0E, 0x03, 0x80, 0x70, 0x1C, 0x03, 0x80, 0xE0, 0x1C, 0x00, 0x6F, 0xF6, 0x00, 0x38, 0x01, 0x80,
    0x1C, 0x00, 0xE0, 0x06, 0x00, 0x70, 0x03, 0x83, 0x18, 0xF9, 0xC7, 0xEE, 0x07, 0x60, 0x1F, 0x00,
    0xF8, 0x03, 0x80, 0x1C, 0x00, 0x71, 0xDF, 0x7F, 0x39, 0xE7, 0x3C, 0xE7, 0xF7, 0xDC, 0x70, 0x07,
    0x87, 0xC7, 0xE3, 0x81, 0xC0, 0xE0, 0x70, 0x38, 0x1C, 0x0E, 0x07, 0x03, 0x81, 0xC0, 0xE0, 0x70,
    0x38, 0xFC, 0x7C, 0x3C, 0x00, 0x38, 0x6F, 0x9F, 0xFF, 0x63, 0xEC, 0x38, 0x00, 0x0E, 0x1B, 0xE7,
    0xFF, 0xFC, 0xFB, 0x0E, 0x00, 0x01, 0x00, 0x60, 0x33, 0xFF, 0xFF, 0xFF, 0xF0, 0xC0, 0x30, 0xFF,
    0xFF, 0xFF, 0xFC, 0xC0, 0x70, 0x08, 0x00, 0x01, 0x87, 0xEF, 0xFF, 0xF8, 0xE0, 0x3F, 0x8F, 0xFC,
    0x7E, 0x01, 0x80, 0x0F, 0xFF, 0xFF, 0xFF, 0xC0, 0x60, 0x1F, 0x0F, 0xF8, 0xFE, 0x03, 0x8F, 0xEF,
    0xF9, 0xF0, 0x60, 0x00, 0x0F, 0xFF, 0xFF, 0xFF, 0xC0, 0x3E, 0x1F, 0x3F, 0x1F, 0xBF, 0x9F, 0xDC,
    0x0E, 0x0E, 0x07, 0x07, 0xF3, 0xFB, 0xF9, 0xFD, 0xFC, 0xFE, 0xE0, 0x70, 0x70, 0x38, 0x38, 0x1C,
    0x1C, 0x0E, 0x0E, 0x07, 0x07, 0x03, 0x83, 0x81, 0xC1, 0xC0, 0xE0, 0x3E, 0xEF, 0xDF, 0xFB, 0xF0,
    0x7E, 0x01, 0xFD, 0xFF, 0xBF, 0xF7, 0xE0, 0xFC, 0x1F, 0x83, 0xF0, 0x7E, 0x0F, 0xC1, 0xF8, 0x3F,
    0x07, 0x3E, 0xE3, 0xF7, 0x3F, 0xB9, 0xC1, 0xCE, 0x0E, 0x7F, 0x73, 0xFB, 0x9F, 0xDC, 0xE0, 0xE7,
    0x07, 0x38, 0x39, 0xC1, 0xCE, 0x0E, 0x70, 0x7F, 0x83, 0xFC, 0x07, 0x3E, 0x3E, 0xEF, 0xCF, 0xDF,
    0xFB, 0xFB, 0xF0, 0x70, 0x7E, 0x0E, 0x01, 0xFD, 0xFD, 0xFF, 0xBF, 0xBF, 0xF7, 0xF7, 0xE0, 0xE0,
    0xFC, 0x1C, 0x1F, 0x83, 0x83, 0xF0, 0x70, 0x7E, 0x0E, 0x0F, 0xC1, 0xC1, 0xF8, 0x38, 0x3F, 0x07,
    0x07, 0x3E, 0x3F, 0xE3, 0xF3, 0xF7, 0x3F, 0xBF, 0xB9, 0xC1, 0xC1, 0xCE, 0x0E, 0x0E, 0x7F, 0x7F,
    0x73, 0xFB, 0xFB, 0x9F, 0xDF, 0xDC, 0xE0, 0xE0, 0xE7, 0x07, 0x07, 0x38, 0x38, 0x39, 0xC1, 0xC1,
    0xCE, 0x0E, 0x0E, 0x70, 0x70, 0x7F, 0x83, 0x83, 0xFC, 0x1C, 0x07, 0x00, 0x00, 0x26, 0x00, 0x1E,
    0xF0, 0x00, 0xFF, 0x00, 0x0F, 0xF0, 0x00, 0xFF, 0x00, 0x0F, 0xF8, 0x03, 0xF7, 0xFF, 0xFE, 0x3F,
    0xFF, 0xC0, 0xFF, 0xE0, 0x00, 0x00, 0x00, 0x00, 0x00, 0x03, 0xB8, 0x00, 0x3B, 0x80, 0x03, 0xB8,
    0x00, 0x0E, 0x00, 0x00, 0xE0, 0x00, 0x0E, 0x00, 0x00, 0x00, 0x00, 0x38, 0x00, 0x00, 0x3C, 0x00,
    0x18, 0x1E, 0x00, 0x0F, 0x0F, 0x00, 0x0F, 0x07, 0xE0, 0x1F, 0xC1, 0xFF, 0xFF, 0xFC, 0x7F, 0xFF,
    0x7E, 0x0F, 0xFC, 0x1F, 0x00, 0x00, 0x00, 0x00, 0x00, 0x00, 0x00, 0x3F, 0x00, 0x00, 0x1F, 0x80,
    0x00, 0x0F, 0xC0, 0x00, 0x01, 0xC0, 0x00, 0x00, 0xE0, 0x00, 0x00, 0x70, 0x00, 0x00, 0x1E, 0x1E,
    0x1F, 0x0F, 0x0F, 0x0F, 0x1F, 0xFE, 0xFE, 0xF8, 0x00, 0x00, 0x77, 0x77, 0x77, 0x1C, 0x1C, 0x1C,
    0x1E, 0x03, 0xC0, 0x78, 0x1F, 0x0F, 0xFF, 0xFF, 0xF8, 0xF8, 0x00, 0x00, 0x0E, 0xE1, 0xDC, 0x3B,
    0x81, 0xC0, 0x38, 0x07, 0x00, 0x01, 0x80, 0x00, 0x18, 0x00, 0x01, 0xF0, 0x00, 0x19, 0x80, 0x03,
    0xF0, 0x00, 0x00, 0x06, 0x40, 0x01, 0xE7, 0x00, 0x0F, 0xF0, 0x00, 0xFF, 0x00, 0x0F, 0xF0, 0x00,
    0xFF, 0x00, 0x0F, 0xFC, 0x03, 0xF7, 0xFF, 0xFE, 0x3F, 0xFF, 0xC0, 0xFF, 0xC0, 0x00, 0xC0, 0x00,
    0x00, 0x60, 0x00, 0x00, 0x3E, 0x00, 0x00, 0x19, 0x00, 0x00, 0x1F, 0x00, 0x00, 0x00, 0x00, 0x01,
    0x00, 0x00, 0x00, 0xE0, 0x00, 0x00, 0xF0, 0x00, 0x20, 0x78, 0x00, 0x38, 0x3C, 0x00, 0x3E, 0x1E,
    0x00, 0x3E, 0x0F, 0xC0, 0x7F, 0x83, 0xFF, 0xFF, 0xF8, 0xFF, 0xFE, 0xFC, 0x1F, 0xF8, 0x1E, 0x61,
    0x87, 0x9D, 0x67, 0xE0, 0x00, 0x08, 0xE3, 0xCF, 0x1C, 0x71, 0xCF, 0xFF, 0xEE, 0x00, 0x30, 0x07,
    0xC0, 0xEC, 0x19, 0x87, 0xE0, 0x00, 0x00, 0x00, 0x00, 0x1C, 0x03, 0x80, 0xF0, 0x1E, 0x03, 0xE1,
    0xFF, 0xFF, 0xFF, 0x1F, 0xFE, 0x03, 0xFE, 0x1F, 0xFC, 0x03, 0xF0, 0x1F, 0x87, 0xFC, 0x7F, 0x07,
    0xE0, 0x7C, 0x03, 0xC0, 0x3E, 0xF1, 0xE7, 0x8F, 0x18, 0x78, 0xC3, 0xE0, 0x0F, 0x83, 0x7F, 0xF9,
    0xFF, 0xC3, 0xF8, 0xFE, 0x00, 0x1F, 0xF0, 0x07, 0xFF, 0x80, 0x07, 0xE0, 0x01, 0xF8, 0x03, 0xFE,
    0x01, 0xFF, 0x00, 0xFD, 0xC0, 0x7C, 0x38, 0x1E, 0x0F, 0xEF, 0xBD, 0xFB, 0xCF, 0x3E, 0xF1, 0x80,
    0x3C, 0x60, 0x0F, 0x80, 0x01, 0xF0, 0x60, 0x7F, 0xF8, 0x0F, 0xFE, 0x00, 0xFF, 0x00, 0x7E, 0x03,
    0xFE, 0x1F, 0xFE, 0x03, 0xF0, 0x0F, 0x81, 0xFC, 0x3F, 0x9F, 0xF0, 0xFE, 0x07, 0xC0, 0x00, 0x00,
    0x00, 0x01, 0xDC, 0x0E, 0xE0, 0x77, 0x00, 0xE0, 0x07, 0x00, 0x38, 0x00, 0x7F, 0x00, 0x7F, 0xC0,
    0x3F, 0xF8, 0x00, 0xF8, 0x00, 0xF8, 0x01, 0xF8, 0x0F, 0xF0, 0xFF, 0xBF, 0xFE, 0x3F, 0xF8, 0x1F,
    0x00, 0x00, 0x00, 0x00, 0x1D, 0xC0, 0x1D, 0xC0, 0x1D, 0xC0, 0x07, 0x00, 0x07, 0x00, 0x07, 0x00,
    0x30, 0x0F, 0x83, 0xA0, 0xC8, 0x7C, 0x00, 0x00, 0x00, 0x08, 0x07, 0x03, 0xC0, 0xF8, 0x1E, 0x07,
    0xC0, 0xF0, 0x3D, 0x0F, 0x7F, 0xFF, 0xE7, 0xF0, 0x30, 0x00, 0xF0, 0x03, 0xA0, 0x0C, 0x80, 0x7C,
    0x00, 0x00, 0x00, 0x00, 0x00, 0x80, 0x06, 0x00, 0x3C, 0x00, 0xF0, 0x01, 0xE0, 0x07, 0x80, 0x1E,
    0x00, 0x7C, 0x11, 0xF0, 0x7F, 0xFB, 0xFF, 0xE7, 0xE7, 0x80, 0x1C, 0x0E, 0x07, 0x0E, 0xE7, 0x73,
    0xB8, 0x00, 0x00, 0x06, 0x0F, 0x03, 0xC1, 0xF0, 0x78, 0x3C, 0x1E, 0x1F, 0x0F, 0x1F, 0xBF, 0x9F,
    0x87, 0x00, 0x1C, 0x01, 0xC0, 0x1C, 0x07, 0x70, 0x77, 0x07, 0x70, 0x00, 0x00, 0x00, 0x02, 0x00,
    0xE0, 0x0E, 0x00, 0xF0, 0x07, 0x00, 0x78, 0x07, 0xF0, 0x7F, 0x0F, 0xF1, 0xF0, 0xFE, 0x0F, 0xC0,
    0x78, 0x04, 0x00, 0x30, 0x30, 0x3E, 0x3A, 0x32, 0x7C, 0x00, 0x00, 0x04, 0x0E, 0x1E, 0x1E, 0x0F,
    0x0F, 0x0F, 0x0F, 0x1F, 0x3E, 0xFC, 0xF8, 0xF0, 0x40, 0x30, 0x03, 0x00, 0x3C, 0x03, 0xA0, 0x32,
    0x07, 0xC0, 0x00, 0x00, 0x00, 0x00, 0x00, 0xC0, 0x1E, 0x01, 0xE0, 0x0F, 0x00, 0xF0, 0x0F, 0xE0,
    0xFE, 0x1F, 0xE3, 0xE0, 0xFC, 0x0F, 0x80, 0xF0, 0x04, 0x00, 0x00, 0x01, 0xC0, 0x00, 0xF8, 0x00,
    0x3F, 0x80, 0x1F, 0xC0, 0x03, 0xE0, 0x00, 0x78, 0x10, 0x0F, 0x83, 0x80, 0xF8, 0xF0, 0x0F, 0x1E,
    0x01, 0xF3, 0xC0, 0x1E, 0x7C, 0x03, 0xC7, 0xFF, 0xF8, 0x7F, 0xFE, 0x03, 0xFE, 0x00, 0x00, 0x00,
    0xC0, 0x00, 0x0F, 0x00, 0x00, 0xFE, 0x00, 0x0F, 0xE0, 0x00, 0x3E, 0x00, 0x00, 0xF0, 0x00, 0x03,
    0xC0, 0x1C, 0x07, 0x80, 0xF0, 0x0F, 0x03, 0xC0, 0x1E, 0x0F, 0x00, 0x78, 0x3E, 0x01, 0xF0, 0x7F,
    0xFF, 0xF8, 0xFF, 0xFF, 0xE0, 0xFF, 0xC7, 0x80, 0x01, 0x81, 0xE1, 0xFD, 0xFC, 0x7C, 0x3C, 0x07,
    0x81, 0xF0, 0x3E, 0x07, 0xC0, 0xF0, 0x3C, 0xFF, 0x3F, 0x8F, 0x80, 0x01, 0x00, 0x78, 0x1F, 0x87,
    0xF0, 0x7C, 0x0F, 0x00, 0x78, 0x07, 0xC0, 0x3C, 0x01, 0xE0, 0x0F, 0x00, 0xF0, 0xFF, 0xFF, 0xFF,
    0xF9, 0xF0, 0x00, 0x03, 0x00, 0x01, 0xE0, 0x00, 0x7E, 0x00, 0x3F, 0x00, 0x07, 0x9C, 0x00, 0x4F,
    0x80, 0x03, 0xF8, 0x01, 0xFC, 0x00, 0x3E, 0x00, 0x07, 0x81, 0x00, 0xF8, 0x38, 0x0F, 0x8F, 0x00,
    0xF1, 0xE0, 0x1F, 0x3C, 0x01, 0xE7, 0xC0, 0x3C, 0x7F, 0xFF, 0x87, 0xFF, 0xE0, 0x3F, 0xE0, 0x00,
    0x00, 0x01, 0x00, 0x00, 0x1C, 0x00, 0x01, 0xF8, 0x00, 0x1F, 0xC0, 0x00, 0x78, 0xC0, 0x00, 0x8F,
    0x00, 0x00, 0xFE, 0x00, 0x0F, 0xE0, 0x00, 0x3E, 0x00, 0x00, 0xF0, 0x00, 0x03, 0xC0, 0x1C, 0x07,
    0x80, 0xF0, 0x0F, 0x03, 0xC0, 0x1E, 0x0F, 0x00, 0x78, 0x3E, 0x01, 0xF0, 0x7F, 0xFF, 0xF8, 0xFF,
    0xFF, 0xE0, 0xFF, 0xC7, 0x80, 0x01, 0x00, 0xE0, 0x7E, 0x3F, 0x07, 0x8C, 0xC7, 0x83, 0xF9, 0xFC,
    0x3E, 0x0F, 0x00, 0xF0, 0x1F, 0x01, 0xF0, 0x1F, 0x01, 0xE0, 0x3C, 0x7F, 0x8F, 0xE1, 0xF0, 0x00,
    0x00, 0x00, 0x38, 0x07, 0xC0, 0xFC, 0x07, 0x88, 0x31, 0xE0, 0x3F, 0x07, 0xF0, 0x3E, 0x03, 0xC0,
    0x0F, 0x00, 0x7C, 0x01, 0xE0, 0x07, 0x80, 0x1E, 0x00, 0xF0, 0x7F, 0xFB, 0xFF, 0xDF, 0x3E, 0x00,
    0x00, 0x01, 0xE0, 0x07, 0x90, 0x1F, 0x78, 0x3F, 0xC0, 0xFF, 0x03, 0xFC, 0x0F, 0xF0, 0x3F, 0xE1,
    0xE7, 0xFF, 0x8F, 0xFC, 0x1F, 0xC0, 0x00, 0x00, 0x00, 0x1E, 0x00, 0x07, 0x81, 0x80, 0xF0, 0x70,
    0x3C, 0x3C, 0x0F, 0xFF, 0x03, 0xFF, 0xC0, 0xFF, 0xF8, 0x78, 0x1F, 0xFE, 0x07, 0xFF, 0x00, 0x7F,
    0x00, 0x08, 0x0E, 0x0F, 0x87, 0xE7, 0xF3, 0xFF, 0xCF, 0xE7, 0xF3, 0xFF, 0xDF, 0xC7, 0xC0, 0x0F,
    0x80, 0x7F, 0x81, 0xFF, 0x07, 0xCE, 0x0F, 0x1E, 0x1E, 0x1C, 0x3C, 0x3F, 0xF8, 0x3F, 0x60, 0x3E,
    0x79, 0xE3, 0xCF, 0x3C, 0xF3, 0xFF, 0xFB, 0x81, 0x0C, 0x38, 0xE0, 0x38, 0x01, 0xC0, 0x3E, 0x3D,
    0xF3, 0xEF, 0xBF, 0x1F, 0xC0, 0x7C, 0x03, 0xE0, 0x0F, 0x00, 0x78, 0x00, 0x00, 0x04, 0x00, 0x1E,
    0x00, 0x3E, 0x00, 0x3E, 0x00, 0xFF, 0x03, 0x9F, 0x07, 0x3F, 0x0E, 0x7F, 0x1E, 0xEE, 0x1F, 0x9F,
    0xFF, 0xFF, 0xFF, 0xEF, 0xCF, 0x80, 0x00, 0xE0, 0x00, 0xF8, 0x00, 0xFE, 0x00, 0xF7, 0x00, 0x73,
    0x80, 0x79, 0xC0, 0x3C, 0xC0, 0x1E, 0xE0, 0x7F, 0xFF, 0xBF, 0xFF, 0xFF, 0xCF, 0xE1, 0xE3, 0x80,
    0xF3, 0xC0, 0x3F, 0xE0, 0x0F, 0xE0, 0x03, 0xE0, 0x10, 0x01, 0xE0, 0x0F, 0x80, 0x3E, 0x03, 0xFC,
    0x39, 0xF1, 0xCF, 0xCE, 0x7F, 0x7B, 0xB9, 0xF9, 0xFF, 0xFF, 0xFF, 0xEF, 0x3E, 0x00, 0x07, 0x00,
    0x3E, 0x01, 0xFC, 0x0F, 0x70, 0x3D, 0xC1, 0xE7, 0x07, 0x98, 0x1E, 0xE0, 0xFF, 0xFF, 0xFF, 0xFF,
    0x9F, 0xDE, 0x38, 0x7D, 0xE0, 0xFF, 0x81, 0xFC, 0x03, 0xE0, 0x00, 0x00, 0x01, 0xF0, 0x00, 0xFC,
    0x00, 0x7B, 0x80, 0x3E, 0xE0, 0x1F, 0x1C, 0x0F, 0x84, 0x03, 0xC0, 0x00, 0xF8, 0x00, 0x3F, 0xFF,
    0xF7, 0xFF, 0xFC, 0x3F, 0xFE, 0x07, 0xF8, 0xFF, 0xE7, 0xFF, 0xBF, 0x00, 0xF0, 0x03, 0xE0, 0x0F,
    0xFF, 0x1F, 0xFC, 0x0F, 0xF0, 0x1C, 0x00, 0x0C, 0x00, 0x03, 0x00, 0x00, 0xF0, 0x00, 0x38, 0x00,
    0x00, 0xE0, 0x00, 0x7C, 0x00, 0x3F, 0x80, 0x1E, 0xE0, 0x0F, 0xB8, 0x07, 0xC7, 0x03, 0xE1, 0x00,
    0xF0, 0x00, 0x3E, 0x00, 0x0F, 0xFF, 0xFD, 0xFF, 0xFF, 0x0F, 0xFF, 0x80, 0x38, 0x01, 0x80, 0x06,
    0x00, 0x0F, 0x00, 0x7C, 0x01, 0x00, 0x00, 0x00, 0x01, 0xFE, 0x3F, 0xF9, 0xFF, 0xEF, 0xC0, 0x3C,
    0x00, 0xF8, 0x03, 0xFF, 0xC7, 0xFF, 0x03, 0xFC, 0x00, 0x1F, 0x00, 0x3F, 0xC0, 0x3F, 0xC0, 0x1E,
    0x20, 0x1E, 0x03, 0x0F, 0x81, 0xC7, 0xF1, 0xE1, 0xFC, 0xF0, 0x7F, 0x78, 0x0F, 0xBC, 0x03, 0xDF,
    0x07, 0xC7, 0xFF, 0xC1, 0xFF, 0xC0, 0x3F, 0x80, 0x60, 0x00, 0x1C, 0x0F, 0x0F, 0x03, 0xFF, 0xC0,
    0x7F, 0xF0, 0x0F, 0xFE, 0x07, 0x87, 0xFF, 0xE0, 0xFF, 0xF0, 0x0F, 0xF0, 0x00, 0x1E, 0x1E, 0x0F,
    0x0F, 0x0F, 0x0F, 0x1F, 0xFE, 0xFE, 0xF8, 0x00, 0x00, 0x77, 0x77, 0x77, 0x1E, 0x03, 0xC0, 0x78,
    0x1F, 0x0F, 0xFF, 0xFF, 0xFC, 0xF8, 0x00, 0x00, 0x0E, 0xE1, 0xDC, 0x3B, 0x80, 0x1F, 0x0F, 0xC7,
    0xF1, 0xE0, 0x78, 0x1F, 0x63, 0xFD, 0xFF, 0xFF, 0x1F, 0x06, 0x00, 0x73, 0xFE, 0x78, 0x00, 0x07,
    0x8F, 0x1E, 0x3C, 0x78, 0xF1, 0xE3, 0xC7, 0x8F, 0x1E, 0x3C, 0x78, 0xF0, 0x72, 0x3F, 0x89, 0xC0,
    0x00, 0x00, 0x0F, 0x03, 0xC0, 0xF0, 0x3C, 0x0F, 0x03, 0xC0, 0xF0, 0x3C, 0x0F, 0x03, 0xC0, 0xF0,
    0x3C, 0x0F, 0x03, 0xF8, 0x7E, 0x0F, 0x80, 0x76, 0x30, 0xFF, 0x00, 0x0F, 0x7B, 0xDE, 0xF7, 0xBD,
    0xEF, 0x7B, 0xDE, 0xF7, 0x80, 0x70, 0x60, 0x3A, 0x1F, 0x0C, 0x00, 0x01, 0xE0, 0xF0, 0x78, 0x3C,
    0x1E, 0x0F, 0x07, 0x83, 0xC1, 0xE0, 0xF0, 0x78, 0x3C, 0x1E, 0x0F, 0xE3, 0xF0, 0xF8, 0x1C, 0x0C,
    0x03, 0x00, 0xF8, 0x38, 0x00, 0x00, 0xE0, 0xFE, 0x3F, 0x9D, 0xF7, 0x3D, 0xCF, 0x7F, 0xDF, 0xF3,
    0xFC, 0x1E, 0x1F, 0xBF, 0xC7, 0xE1, 0xE0, 0x0C, 0x00, 0xC0, 0x06, 0x00, 0x1C, 0x01, 0xC0, 0x00,
    0x00, 0x00, 0x01, 0xC0, 0x3F, 0x81, 0xFC, 0x1E, 0xF0, 0xF7, 0x87, 0xBC, 0x3F, 0xF8, 0xFF, 0xC3,
    0xFE, 0x0F, 0x87, 0xF8, 0x1F, 0x80, 0xF8, 0x04, 0x00, 0x00, 0xF7, 0xBD, 0xEF, 0x7B, 0xDE, 0xF7,
    0xBD, 0xEF, 0x7B, 0xDE, 0x03, 0xB1, 0xDF, 0xF0, 0xF0, 0xF0, 0xF0, 0xF0, 0xF0, 0xF0, 0xF0, 0xF0,
    0xF0, 0xF0, 0xF0, 0xF0, 0xF0, 0xFE, 0x7E, 0x3E, 0x00, 0x70, 0xC0, 0xE8, 0xF8, 0xE0, 0x18, 0x00,
    0x18, 0x0F, 0xCC, 0x1F, 0xC3, 0x9F, 0xE3, 0x8F, 0x10, 0x0F, 0x01, 0x87, 0xC0, 0xE3, 0xF8, 0xF0,
    0xFE, 0x78, 0x3F, 0xBC, 0x07, 0xDE, 0x01, 0xEF, 0x83, 0xE3, 0xFF, 0xE0, 0xFF, 0xE0, 0x1F, 0xC0,
    0x1C, 0x00, 0x0C, 0x00, 0x03, 0x00, 0x00, 0x70, 0x00, 0x38, 0x00, 0x00, 0x00, 0x07, 0x00, 0x03,
    0xC0, 0xF0, 0xF0, 0x3F, 0xFC, 0x07, 0xFF, 0x00, 0xFF, 0xE0, 0x78, 0x7F, 0xFE, 0x0F, 0xFF, 0x00,
    0xFF, 0x00, 0x73, 0x0C, 0x3E, 0xE0, 0x00, 0x9E, 0x38, 0xF3, 0xCF, 0x3C, 0xFF, 0xFE, 0xE0, 0x38,
    0x18, 0x06, 0x00, 0xF0, 0x70, 0x00, 0x00, 0x00, 0x60, 0x1C, 0x0F, 0x03, 0xC0, 0xF0, 0xFF, 0xFF,
    0xFE, 0x7C, 0xFF, 0xFF, 0xFF, 0xFF, 0xFF, 0xFF, 0xFF, 0xFF, 0xF0, 0xF0, 0xF0, 0xF0, 0xF0, 0xF0,
    0xF0, 0xF0, 0xF0, 0xF0, 0xF0, 0xF0, 0xF0, 0xFE, 0x7E, 0x3E, 0x00, 0x00, 0x26, 0x00, 0x1E, 0xF0,
    0x00, 0xFF, 0x00, 0x0F, 0xF0, 0x00, 0xFF, 0x00, 0x0F, 0xFC, 0x03, 0xF7, 0xFF, 0xFE, 0x3F, 0xFF,
    0xC0, 0xFF, 0xE0, 0x00, 0x00, 0x00, 0x00, 0x00, 0x00, 0x70, 0x00, 0x0F, 0x00, 0x00, 0x60, 0x00,
    0x00, 0x00, 0x00, 0x38, 0x00, 0x00, 0x3C, 0x00, 0x08, 0x1E, 0x00, 0x0F, 0x0F, 0x00, 0x0F, 0x87,
    0xC0, 0x1F, 0xC1, 0xFF, 0xFF, 0xFC, 0xFF, 0xFF, 0x3E, 0x0F, 0xFC, 0x0F, 0x00, 0x00, 0x00, 0x00,
    0x00, 0x00, 0x00, 0x0E, 0x00, 0x00, 0x0F, 0x00, 0x00, 0x03, 0x00, 0x00, 0x79, 0xF3, 0xCF, 0x3C,
    0xF3, 0xFF, 0xFB, 0xC0, 0x00, 0x31, 0xE3, 0x80, 0x3C, 0x0F, 0x03, 0xC1, 0xF0, 0xFF, 0xFF, 0xFE,
    0x7C, 0x00, 0x00, 0x0C, 0x07, 0x80, 0xE0, 0x77, 0x3B, 0x9D, 0xC0, 0x00, 0x00, 0xC0, 0xF0, 0x7C,
    0x3F, 0x3F, 0x9F, 0xFE, 0x7F, 0x3F, 0x9F, 0xFE, 0xFE, 0x3E, 0x00, 0x1F, 0x80, 0x7E, 0x01, 0xF8,
    0x00, 0x00, 0x00, 0x00, 0x00, 0x00, 0x3C, 0x00, 0xF0, 0x1F, 0xC0, 0xFF, 0x07, 0xFC, 0x3E, 0xF0,
    0xF3, 0xC3, 0xCF, 0x0F, 0xFC, 0x1F, 0xF0, 0x3F, 0xF8, 0x07, 0xE0, 0x0F, 0x80, 0x03, 0xB8, 0x00,
    0x3B, 0x80, 0x03, 0xB8, 0x00, 0x00, 0x0E, 0x70, 0x01, 0xEF, 0x00, 0x0F, 0xF0, 0x00, 0xFF, 0x00,
    0x0F, 0xF0, 0x00, 0xFF, 0xC0, 0x3F, 0x7F, 0xFF, 0xE3, 0xFF, 0xFC, 0x0F, 0xFC, 0x00, 0x01, 0xDC,
    0x00, 0x00, 0xEE, 0x00, 0x00, 0x77, 0x00, 0x00, 0x00, 0x00, 0x07, 0x00, 0x00, 0x07, 0x80, 0x00,
    0x03, 0xC0, 0x00, 0xC1, 0xE0, 0x00, 0xF0, 0xF0, 0x00, 0xF8, 0x7E, 0x03, 0xFC, 0x1F, 0xFF, 0xFF,
    0xC7, 0xFF, 0xF3, 0xE0, 0xFF, 0xE0, 0xF0, 0xEF, 0xDF, 0xB8, 0x00, 0x03, 0x1E, 0x1E, 0x3C, 0x78,
    0xF1, 0xE3, 0xDF, 0xBE, 0x70, 0x77, 0x0E, 0xE1, 0xDC, 0x00, 0x00, 0x00, 0x00, 0x07, 0x01, 0xE0,
    0x3C, 0x07, 0xC3, 0xFF, 0xFF, 0xFE, 0x7E, 0x00, 0xE0, 0x00, 0x0E, 0x00, 0x00, 0xE0, 0x00, 0x3B,
    0x80, 0x03, 0xB8, 0x00, 0x3B, 0x80, 0x00, 0x00, 0xE7, 0x00, 0x1E, 0xF0, 0x00, 0xFF, 0x00, 0x0F,
    0xF0, 0x00, 0xFF, 0x00, 0x0F, 0xFC, 0x03, 0xF7, 0xFF, 0xFE, 0x3F, 0xFF, 0xC0, 0xFF, 0xE0, 0x00,
    0x70, 0x00, 0x00, 0x38, 0x00, 0x00, 0x1C, 0x00, 0x00, 0x3B, 0x80, 0x00, 0x1D, 0xC0, 0x00, 0x0E,
    0xE0, 0x00, 0x00, 0x00, 0x00, 0xE0, 0x00, 0x00, 0xF0, 0x00, 0x00, 0x78, 0x00, 0x18, 0x3C, 0x00,
    0x1E, 0x1E, 0x00, 0x1F, 0x0F, 0xC0, 0x3F, 0x83, 0xFF, 0xFF, 0xF8, 0xFF, 0xFE, 0x7C, 0x1F, 0xF8,
    0x1E, 0x38, 0x70, 0xE7, 0x7E, 0xFD, 0xC0, 0x00, 0x18, 0x70, 0xF1, 0xE3, 0xC7, 0x8F, 0x1E, 0x7C,
    0xF1, 0xC0, 0x1C, 0x03, 0x80, 0x70, 0x00, 0x07, 0x70, 0xEE, 0x1D, 0xC0, 0x00, 0x00, 0x02, 0x00,
    0x70, 0x0E, 0x03, 0xC0, 0x7C, 0x3F, 0xFF, 0xFF, 0xE7, 0xE0, 0xFF, 0x01, 0xFF, 0xE7, 0xFF, 0x80,
    0x3E, 0x07, 0xF8, 0x3F, 0x81, 0xF0, 0x0F, 0x80, 0x7C, 0x03, 0xE0, 0x0F, 0x18, 0x3C, 0xF0, 0xF3,
    0x83, 0xC0, 0x0F, 0x80, 0x1F, 0x06, 0x7F, 0xF8, 0xFF, 0xF0, 0xFF, 0x00, 0xFE, 0x00, 0x3F, 0xE0,
    0x1F, 0xFE, 0x00, 0x3F, 0x00, 0x3F, 0x80, 0x7F, 0xC0, 0x7F, 0xC0, 0x7E, 0xE0, 0x7C, 0x7F, 0x3C,
    0x1F, 0xBC, 0x67, 0xDE, 0x78, 0x0F, 0x38, 0x07, 0x80, 0x03, 0xE0, 0x00, 0xF8, 0x30, 0x7F, 0xF8,
    0x1F, 0xFC, 0x03, 0xFC, 0x00, 0x3F, 0x00, 0xFF, 0x83, 0xFF, 0xC0, 0x3F, 0x00, 0x7C, 0x07, 0xE0,
    0x7E, 0x3F, 0xF0, 0xFF, 0x03, 0xE0, 0x00, 0x00, 0x00, 0x00, 0x03, 0x00, 0x1E, 0x00, 0x38, 0x00,
    0x7E, 0x00, 0x7F, 0xC0, 0x7F, 0xF8, 0x01, 0xF8, 0x00, 0xF8, 0x01, 0xF8, 0x0F, 0xF0, 0xFF, 0xFF,
    0xFE, 0x3F, 0xF8, 0x1F, 0x00, 0x00, 0x00, 0x00, 0x06, 0x00, 0x0F, 0x00, 0x07, 0x00, 0xFF, 0x01,
    0xFF, 0xE7, 0xFF, 0x80, 0x3E, 0x03, 0xF8, 0x3F, 0x81, 0xF0, 0x0F, 0x80, 0x7C, 0x03, 0xE0, 0x0F,
    0x00, 0x3C, 0x00, 0xF0, 0x03, 0xC0, 0x0F, 0x80, 0x1F, 0x06, 0x7F, 0xF8, 0xFF, 0xF0, 0xFF, 0x00,
    0xFE, 0x00, 0x3F, 0xC0, 0x1F, 0xFE, 0x00, 0x3F, 0x00, 0x3F, 0x80, 0x7F, 0xC0, 0x7F, 0xC0, 0x7E,
    0xE0, 0x7C, 0x7F, 0x3C, 0x1F, 0xBC, 0x07, 0xDE, 0x00, 0x0F, 0x00, 0x07, 0x80, 0x03, 0xE0, 0x00,
    0xF8, 0x30, 0x7F, 0xF8, 0x1F, 0xFC, 0x03, 0xFC, 0x00, 0x7E, 0x03, 0xFE, 0x1F, 0xFE, 0x03, 0xF0,
    0x0F, 0x81, 0xFC, 0x3F, 0x9F, 0xF0, 0xFE, 0x07, 0xC0, 0x00, 0x7E, 0x00, 0x7F, 0xC0, 0x7F, 0xF8,
    0x01, 0xF8, 0x00, 0xF8, 0x03, 0xF0, 0x0F, 0xF0, 0xFF, 0xFF, 0xFE, 0x3F, 0xF0, 0x1F, 0x06, 0x00,
    0x78, 0x03, 0xC0, 0x00, 0x00, 0x00, 0x00, 0x03, 0xFC, 0x0F, 0xFE, 0x7F, 0xF8, 0x07, 0xC1, 0xFE,
    0x1F, 0x83, 0xF0, 0x1E, 0x01, 0xE0, 0x1F, 0x00, 0xF0, 0x07, 0x80, 0x3C, 0x01, 0xE0, 0x0F, 0x80,
    0x3E, 0x09, 0xFF, 0xE7, 0xFF, 0x0F, 0xF0, 0x06, 0x00, 0x07, 0x80, 0x03, 0xC0, 0x00, 0x00, 0x00,
    0x00, 0x00, 0x00, 0x03, 0xF8, 0x00, 0xFF, 0x00, 0x7F, 0xF0, 0x00, 0xFC, 0x00, 0xFE, 0x01, 0xFF,
    0x01, 0xFE, 0x01, 0xFB, 0x81, 0xF1, 0xFC, 0xF0, 0x7E, 0xF8, 0x1F, 0x78, 0x00, 0x3C, 0x00, 0x1E,
    0x00, 0x0F, 0x80, 0x03, 0xE0, 0xC1, 0xFF, 0xE0, 0x7F, 0xF0, 0x0F, 0xE0, 0x00, 0x18, 0x00, 0xF0,
    0x03, 0xC0, 0x00, 0x00, 0x00, 0x00, 0x00, 0x07, 0xF0, 0x1F, 0xF0, 0x7F, 0xF8, 0x03, 0xE0, 0x0F,
    0x80, 0x7E, 0x0F, 0xE3, 0xFE, 0x0F, 0xF0, 0x3E, 0x00, 0x18, 0x00, 0x3C, 0x00, 0x3C, 0x00, 0x00,
    0x00, 0x00, 0x00, 0x00, 0x00, 0x7E, 0x00, 0x7F, 0xC0, 0x7F, 0xF8, 0x00, 0xF8, 0x00, 0xF8, 0x01,
    0xF8, 0x0F, 0xF0, 0xFF, 0xBF, 0xFE, 0x3F, 0xF8, 0x1F, 0x04, 0x0F, 0x07, 0xC1, 0xE0, 0xF8, 0x3C,
    0x1E, 0x0F, 0xFF, 0xFF, 0xBF, 0x80, 0x04, 0x00, 0xF0, 0x07, 0xC0, 0x1E, 0x00, 0xF8, 0x03, 0xC0,
    0x1E, 0x00, 0xF8, 0xFF, 0xFF, 0xFF, 0xFF, 0x9E, 0x18, 0x1E, 0x0F, 0x00, 0x00, 0x00, 0x30, 0x78,
    0x3E, 0x0F, 0x07, 0xC3, 0xE0, 0xF0, 0x78, 0x3F, 0xFF, 0xFE, 0x7E, 0x00, 0x18, 0x01, 0xE0, 0x0F,
    0x00, 0x00, 0x00, 0x00, 0x03, 0x00, 0x3C, 0x03, 0xE0, 0x0F, 0x80, 0x3C, 0x01, 0xE0, 0x07, 0x00,
    0x3C, 0x01, 0xE3, 0xFF, 0xFF, 0xFF, 0x7E, 0x78, 0x02, 0x07, 0x83, 0xC1, 0xE0, 0x78, 0x3C, 0x1E,
    0x0F, 0x0F, 0x8F, 0x9F, 0x8F, 0x87, 0x81, 0x00, 0x06, 0x01, 0xF0, 0x0F, 0x00, 0x70, 0x07, 0x80,
    0x7F, 0x07, 0xF0, 0xFF, 0x1F, 0x0F, 0xE0, 0x7C, 0x07, 0x80, 0x00, 0x00, 0x0C, 0x0F, 0x07, 0x80,
    0x00, 0x00, 0x10, 0x7C, 0x1E, 0x0F, 0x83, 0xC1, 0xE0, 0xF0, 0x78, 0x78, 0xFD, 0xFC, 0x7C, 0x38,
    0x00, 0x0C, 0x01, 0xE0, 0x1E, 0x00, 0x00, 0x00, 0x00, 0x20, 0x0F, 0x00, 0xF0, 0x0F, 0x00, 0x78,
    0x07, 0x80, 0x7F, 0x07, 0xF0, 0xFF, 0x1F, 0x0F, 0xE0, 0x7C, 0x07, 0x80, 0x00, 0x00, 0x00, 0x00,
    0x01, 0xE0, 0x00, 0x00, 0x1E, 0x00, 0x00, 0x01, 0xF0, 0x07, 0x87, 0x8F, 0x00, 0x78, 0x78, 0xF6,
    0x03, 0xC7, 0x8F, 0x70, 0x3C, 0x78, 0xFF, 0x03, 0xFF, 0xFF, 0xF0, 0x3F, 0xFF, 0xEF, 0x03, 0xFC,
    0xF8, 0xF8, 0x7C, 0x00, 0x07, 0xFF, 0x80, 0x00, 0x7F, 0xF0, 0x00, 0x01, 0xFC, 0x00, 0x00, 0x00,
    0x00, 0x00, 0xE0, 0x00, 0x00, 0x00, 0xE0, 0x00, 0x38, 0x38, 0xF0, 0x00, 0x3C, 0x78, 0xF0, 0x60,
    0x3C, 0x78, 0xF0, 0x70, 0x3C, 0x78, 0xF8, 0xF0, 0x1F, 0xFF, 0xFF, 0xF0, 0x1F, 0xFF, 0xFF, 0xF0,
    0x3F, 0xCF, 0x8F, 0xF8, 0x7C, 0x00, 0x00, 0x7F, 0xF8, 0x00, 0x00, 0x3F, 0xF0, 0x00, 0x00, 0x1F,
    0xC0, 0x00, 0x00, 0x00, 0x01, 0xE0, 0x00, 0x1E, 0x00, 0x01, 0xF3, 0xC7, 0x8F, 0x3C, 0x78, 0xF3,
    0xC7, 0x8F, 0x3C, 0x78, 0xFF, 0xFF, 0xFF, 0xFF, 0xFF, 0xEE, 0x7C, 0xF8, 0x00, 0x00, 0xE0, 0x00,
    0x00, 0xE0, 0x1C, 0x38, 0xF0, 0x3C, 0x78, 0xF0, 0x3C, 0x78, 0xF0, 0x3C, 0x78, 0xF8, 0xFF, 0xFF,
    0xFF, 0xFF, 0xFF, 0xFF, 0xE7, 0xCF, 0x8F, 0x00, 0x00, 0xE0, 0x00, 0x00, 0x0E, 0x00, 0x00, 0x00,
    0xE0, 0x00, 0x00, 0x1F, 0x80, 0x00, 0x01, 0xF8, 0x00, 0x00, 0x1F, 0x80, 0x00, 0x00, 0x00, 0x60,
    0x00, 0x00, 0x1E, 0x00, 0x00, 0x01, 0xE0, 0x01, 0x83, 0x1F, 0x00, 0x78, 0x38, 0xF0, 0x07, 0x83,
    0x8F, 0x60, 0x3C, 0x78, 0xFF, 0x03, 0xC7, 0x8F, 0xF0, 0x3F, 0xFF, 0xFF, 0x03, 0xFF, 0xFE, 0xF0,
    0x3F, 0xCF, 0x8F, 0x87, 0xC0, 0x00, 0x7F, 0xF8, 0x00, 0x07, 0xFF, 0x00, 0x00, 0x1F, 0xC0, 0x00,
    0x00, 0x00, 0x00, 0xE0, 0x00, 0x00, 0x00, 0xE0, 0x00, 0x00, 0x00, 0xE0, 0x00, 0x00, 0x01, 0xF8,
    0x00, 0x00, 0x01, 0xF8, 0x00, 0x00, 0x01, 0xF8, 0x00, 0x00, 0x00, 0x00, 0x00, 0x00, 0x00, 0x00,
    0x00, 0x00, 0x00, 0x00, 0xE0, 0x00, 0x0C, 0x30, 0xE0, 0x00, 0x3C, 0x38, 0xF0, 0x00, 0x3C, 0x38,
    0xF0, 0x60, 0x3C, 0x78, 0xF0, 0xF0, 0x1E, 0x78, 0xF8, 0xF0, 0x1F, 0xFF, 0xFF, 0xF0, 0x1F, 0xFF,
    0xFF, 0xF0, 0x1F, 0xCF, 0x8F, 0xF8, 0x3C, 0x00, 0x00, 0x7F, 0xFC, 0x00, 0x00, 0x3F, 0xF8, 0x00,
    0x00, 0x0F, 0xE0, 0x00, 0x00, 0x00, 0x38, 0x00, 0x03, 0x80, 0x00, 0x38, 0x00, 0x0E, 0xE0, 0x00,
    0xEE, 0x00, 0x0E, 0xE0, 0x00, 0x00, 0x60, 0x00, 0x1E, 0x00, 0x00, 0xE1, 0x03, 0x0F, 0x1C, 0x38,
    0xF3, 0xC3, 0x8F, 0x3C, 0x78, 0xF3, 0xC7, 0x8F, 0xFF, 0xFF, 0xEF, 0xFF, 0xFE, 0xE7, 0xCF, 0x80,
    0x00, 0x38, 0x00, 0x00, 0x38, 0x00, 0x00, 0x38, 0x00, 0x00, 0xEE, 0x00, 0x00, 0xEE, 0x00, 0x00,
    0xEE, 0x00, 0x00, 0x00, 0x00, 0x00, 0x00, 0x00, 0x00, 0x00, 0x70, 0x10, 0x30, 0x70, 0x1C, 0x3C,
    0x70, 0x1C, 0x38, 0x70, 0x1C, 0x38, 0x70, 0x3E, 0x7C, 0xF8, 0xFF, 0xFF, 0xFF, 0xFF, 0xFF, 0xDF,
    0xE3, 0xEF, 0x8F, 0x00, 0x00, 0x03, 0xE0, 0x00, 0x00, 0x7F, 0x80, 0x0E, 0x07, 0xFE, 0x00, 0x70,
    0x78, 0xF4, 0x03, 0xC7, 0x87, 0xBC, 0x1E, 0x78, 0x3F, 0xC0, 0x7F, 0x83, 0xFE, 0x03, 0xFF, 0xFE,
    0xF0, 0x1F, 0xFF, 0xE7, 0x81, 0xEF, 0xFC, 0x3E, 0x1F, 0x00, 0x00, 0xFF, 0xF0, 0x00, 0x03, 0xFF,
    0x00, 0x00, 0x0F, 0xE0, 0x00, 0x00, 0x00, 0x00, 0x03, 0xE0, 0x00, 0x00, 0x0F, 0xF0, 0x00, 0x78,
    0x3F, 0xF8, 0x00, 0x78, 0x7C, 0x78, 0x40, 0x78, 0xF8, 0x78, 0x70, 0x3C, 0xF0, 0x78, 0xF0, 0x3F,
    0xE1, 0xF8, 0xF0, 0x3F, 0xFF, 0xFF, 0xF0, 0x3F, 0xFF, 0xFF, 0xF0, 0x3D, 0xFF, 0x1F, 0xF8, 0x78,
    0x00, 0x00, 0x7F, 0xF8, 0x00, 0x00, 0x3F, 0xF0, 0x00, 0x00, 0x1F, 0xC0, 0x00, 0x00, 0x00, 0x07,
    0xC0, 0x01, 0xFE, 0x3C, 0x3F, 0xF3, 0x87, 0x8F, 0x38, 0xF0, 0xF3, 0x9E, 0x0F, 0x7F, 0xC3, 0xFF,
    0xFF, 0xFE, 0xFF, 0xFF, 0xCC, 0x3F, 0xF0, 0x00, 0x07, 0xC0, 0x00, 0x3F, 0xC0, 0xF0, 0xFF, 0xC1,
    0xC3, 0xC7, 0x83, 0x8F, 0x0F, 0x07, 0x3C, 0x1E, 0x1F, 0xF0, 0xFC, 0x7F, 0xFF, 0xFF, 0xFF, 0xFF,
    0xFF, 0x87, 0xFE, 0x7C, 0x00, 0x00, 0x03, 0x00, 0x00, 0x00, 0x3C, 0x00, 0x00, 0x01, 0xE0, 0x00,
    0x00, 0x00, 0x00, 0x00, 0x00, 0x00, 0x00, 0x00, 0x01, 0xF0, 0x00, 0x00, 0x3F, 0xC0, 0x0F, 0x07,
    0xFF, 0x00, 0x38, 0x7C, 0x7A, 0x01, 0xC7, 0xC3, 0xDE, 0x0F, 0x3C, 0x1F, 0xE0, 0x7F, 0xC3, 0xFF,
    0x03, 0xFF, 0xFF, 0x78, 0x1F, 0xFF, 0xF3, 0xC0, 0xF7, 0xFC, 0x1F, 0x0F, 0x80, 0x00, 0x7F, 0xF8,
    0x00, 0x01, 0xFF, 0x80, 0x00, 0x07, 0xF0, 0x00, 0x00, 0x00, 0x00, 0x03, 0x00, 0x00, 0x00, 0x07,
    0x80, 0x00, 0x00, 0x07, 0x80, 0x00, 0x00, 0x00, 0x00, 0x00, 0x00, 0x00, 0x00, 0x00, 0x00, 0x03,
    0xE0, 0x00, 0x00, 0x0F, 0xF0, 0x00, 0x78, 0x3F, 0xF8, 0x00, 0x78, 0x7C, 0x78, 0x40, 0x78, 0xF8,
    0x78, 0x70, 0x38, 0xF0, 0x78, 0xF0, 0x3D, 0xE1, 0xF8, 0xF0, 0x3F, 0xFF, 0xFF, 0xF0, 0x3F, 0xFF,
    0xFF, 0xF0, 0x3F, 0xFF, 0x1F, 0xF8, 0x78, 0x00, 0x00, 0x7F, 0xF8, 0x00, 0x00, 0x3F, 0xF0, 0x00,
    0x00, 0x1F, 0xC0, 0x00, 0x00, 0x00, 0x03, 0x00, 0x00, 0x78, 0x00, 0x07, 0x80, 0x00, 0x00, 0x00,
    0x00, 0x00, 0x00, 0x7C, 0x00, 0x1F, 0xE3, 0xC3, 0xFF, 0x3C, 0x78, 0xF3, 0x8F, 0x0F, 0x39, 0xE0,
    0xF7, 0xFC, 0x3F, 0xFF, 0xFF, 0xEF, 0xFF, 0xFC, 0xC3, 0xFF, 0x00, 0x00, 0x06, 0x00, 0x00, 0x1E,
    0x00, 0x00, 0x3C, 0x00, 0x00, 0x00, 0x00, 0x00, 0x00, 0x00, 0x00, 0xF8, 0x00, 0x07, 0xF8, 0x1C,
    0x1F, 0xF8, 0x38, 0xF8, 0xF0, 0x73, 0xE1, 0xE1, 0xE7, 0x83, 0xC3, 0xFE, 0x1F, 0x8F, 0xFF, 0xFF,
    0xFD, 0xFF, 0xFF, 0xF0, 0xFF, 0x8F, 0x80, 0x0F, 0x00, 0x07, 0x80, 0x03, 0xC0, 0x01, 0xE0, 0x00,
    0xF0, 0x00, 0x78, 0x00, 0x3C, 0xF8, 0x1F, 0xFE, 0x0F, 0xFF, 0x87, 0xE3, 0xC3, 0xE1, 0xE1, 0xE0,
    0xF1, 0xE1, 0xFB, 0xFF, 0xF9, 0xFF, 0xF9, 0xFF, 0xF0, 0x0F, 0x00, 0x00, 0xF0, 0x00, 0x0F, 0x00,
    0x00, 0xF0, 0x00, 0x0F, 0x00, 0x00, 0xF0, 0x00, 0x0F, 0x3E, 0x00, 0xFF, 0xF0, 0x0F, 0xFF, 0x80,
    0xFC, 0x78, 0x0F, 0x87, 0x80, 0xF0, 0x78, 0x1E, 0x1F, 0x87, 0xFF, 0xFF, 0x7F, 0xFF, 0xFF, 0xFF,
    0x9F, 0x3C, 0x00, 0x78, 0x00, 0xF0, 0x01, 0xE0, 0x03, 0xC0, 0x07, 0x80, 0x0F, 0x3E, 0x1F, 0xFE,
    0x3F, 0xFE, 0x7E, 0x3C, 0xF8, 0x79, 0xE0, 0xF7, 0x87, 0xFF, 0xFF, 0xBF, 0xFE, 0x7F, 0xF0, 0x3C,
    0x00, 0x0F, 0x00, 0x03, 0xC0, 0x00, 0xF0, 0x00, 0x3C, 0x00, 0x0F, 0x00, 0x03, 0xCF, 0x80, 0xFF,
    0xF0, 0x3F, 0xFE, 0x0F, 0xC7, 0x83, 0xE1, 0xE0, 0xF0, 0x78, 0x78, 0x7E, 0x3F, 0xFF, 0xFF, 0xFF,
    0xFF, 0xFF, 0x9F, 0x0F, 0x00, 0x07, 0x8C, 0x03, 0xCF, 0x01, 0xE7, 0x80, 0xF0, 0x00, 0x78, 0x00,
    0x3C, 0xF8, 0x1F, 0xFE, 0x0F, 0xFF, 0x87, 0xE3, 0xC3, 0xE1, 0xE1, 0xE0, 0xF1, 0xE1, 0xFB, 0xFF,
    0xF9, 0xFF, 0xF9, 0xFF, 0xF0, 0x0F, 0x00, 0x00, 0xF1, 0x80, 0x0F, 0x3C, 0x00, 0xF3, 0xC0, 0x0F,
    0x00, 0x00, 0xF0, 0x00, 0x0F, 0x3E, 0x00, 0xFF, 0xF0, 0x0F, 0xFF, 0x80, 0xFC, 0x78, 0x0F, 0x87,
    0x80, 0xF0, 0x78, 0x1E, 0x1F, 0x87, 0xFF, 0xFF, 0x7F, 0xFF, 0xFF, 0xFF, 0x9F, 0x3C, 0x60, 0x79,
    0xE0, 0xF3, 0xC1, 0xE0, 0x03, 0xC0, 0x07, 0x80, 0x0F, 0x3E, 0x1F, 0xFE, 0x3F, 0xFE, 0x7E, 0x3C,
    0xF8, 0x79, 0xE0, 0xF7, 0x87, 0xFF, 0xFF, 0xBF, 0xFE, 0x7F, 0xF0, 0x3C, 0x60, 0x0F, 0x3C, 0x03,
    0xCF, 0x00, 0xF0, 0x00, 0x3C, 0x00, 0x0F, 0x00, 0x03, 0xCF, 0x80, 0xFF, 0xF0, 0x3F, 0xFE, 0x0F,
    0xC7, 0x83, 0xE1, 0xE0, 0xF0, 0x78, 0x78, 0x7E, 0x3F, 0xFF, 0xFF, 0xFF, 0xFF, 0xFF, 0x9F, 0x1F,
    0x03, 0xF8, 0x3F, 0xC1, 0xE0, 0x0F, 0x00, 0x78, 0x41, 0xFF, 0x0F, 0xF8, 0x3F, 0xC3, 0xF0, 0x1F,
    0x01, 0xF0, 0x0F, 0x00, 0x78, 0x03, 0xC0, 0x1E, 0x00, 0x7C, 0x13, 0xFF, 0xCF, 0xFE, 0x1F, 0xC0,
    0x0F, 0x80, 0xFF, 0x07, 0xFE, 0x1E, 0x78, 0x79, 0xE0, 0xFF, 0x83, 0xFC, 0x07, 0xE0, 0x1F, 0xFC,
    0xFF, 0xF7, 0xDF, 0xFE, 0x00, 0xF0, 0x03, 0xC0, 0x0F, 0x00, 0x3E, 0x08, 0x7F, 0xE0, 0xFF, 0xC0,
    0xFC, 0x00, 0x07, 0xC1, 0xFC, 0x3F, 0xC3, 0xC0, 0x3C, 0x03, 0xC0, 0x3E, 0x61, 0xFE, 0xFF, 0xFF,
    0xFE, 0xFE, 0x00, 0x0F, 0x80, 0xFF, 0x07, 0xFE, 0x1C, 0x78, 0x71, 0xE1, 0xE7, 0x83, 0xFC, 0x07,
    0xE0, 0xFF, 0xFF, 0xFF, 0xFF, 0x0F, 0xC0, 0x06, 0x00, 0x3C, 0x00, 0xF0, 0x00, 0x00, 0x00, 0x00,
    0x00, 0x01, 0xF8, 0x1F, 0xE0, 0xFF, 0x03, 0xC0, 0x0F, 0x00, 0x3C, 0x10, 0x7F, 0xC1, 0xFF, 0x83,
    0xFE, 0x0F, 0xC0, 0x7C, 0x03, 0xE0, 0x0F, 0x00, 0x3C, 0x00, 0xF0, 0x03, 0xC0, 0x07, 0xC1, 0x9F,
    0xFE, 0x3F, 0xFC, 0x3F, 0xC0, 0x03, 0x00, 0x1E, 0x00, 0x78, 0x00, 0x00, 0x00, 0x00, 0x3E, 0x03,
    0xFC, 0x1F, 0xF8, 0x79, 0xE1, 0xE7, 0x83, 0xFE, 0x0F, 0xF0, 0x1F, 0x80, 0x7F, 0xF3, 0xFF, 0xDF,
    0x7F, 0xF8, 0x03, 0xC0, 0x0F, 0x00, 0x3C, 0x00, 0xF8, 0x21, 0xFF, 0x83, 0xFF, 0x03, 0xF0, 0x06,
    0x00, 0xF0, 0x0F, 0x00, 0x00, 0x00, 0x00, 0x7C, 0x1F, 0xC3, 0xF8, 0x3C, 0x03, 0xC0, 0x3C, 0x03,
    0xE6, 0x1F, 0xEF, 0xFF, 0xFF, 0xCF, 0xE0, 0x06, 0x00, 0x3C, 0x00, 0xF0, 0x00, 0x00, 0x00, 0x00,
    0x3E, 0x03, 0xFC, 0x1F, 0xF8, 0x71, 0xE1, 0xC7, 0x87, 0x9E, 0x0F, 0xF0, 0x1F, 0x83, 0xFF, 0xFF,
    0xFF, 0xFC, 0x3F, 0x00, 0x03, 0x00, 0x00, 0x78, 0x00, 0x07, 0x80, 0x00, 0x00, 0x00, 0x00, 0x00,
    0x00, 0x78, 0x00, 0x1F, 0xC0, 0x01, 0xFE, 0x00, 0x3C, 0xE7, 0x03, 0xCE, 0xF0, 0x3C, 0xEF, 0x03,
    0xFE, 0xF0, 0x1F, 0xEF, 0x00, 0xFE, 0xF8, 0x01, 0xE7, 0xFF, 0xFE, 0x3F, 0xFF, 0xC0, 0xFF, 0xF0,
    0x00, 0x00, 0xC0, 0x00, 0x01, 0xE0, 0x00, 0x01, 0xE0, 0x00, 0x00, 0x00, 0x00, 0x00, 0x00, 0x00,
    0x01, 0xE0, 0x00, 0x07, 0xF0, 0x70, 0x07, 0xF8, 0xF0, 0x0F, 0x78, 0xF0, 0x0F, 0x78, 0xF0, 0x0F,
    0x78, 0xF0, 0x0F, 0xF0, 0xFC, 0x07, 0xF0, 0x7F, 0xFF, 0xFF, 0x3F, 0xFF, 0xFF, 0x0F, 0xFC, 0x3F,
    0x0C, 0x07, 0x81, 0xE0, 0x00, 0x00, 0x03, 0x83, 0xF8, 0xFE, 0x7B, 0xDE, 0xF7, 0xBD, 0xFF, 0x7F,
    0xCF, 0xF0, 0x7F, 0xFE, 0xFF, 0x3F, 0x00, 0x06, 0x00, 0x78, 0x03, 0xC0, 0x00, 0x00, 0x00, 0x00,
    0x00, 0x3C, 0x07, 0xF0, 0x7F, 0xC3, 0xDE, 0x1E, 0xF0, 0xF7, 0x83, 0xF8, 0x7F, 0xFF, 0xFF, 0xFE,
    0x3F, 0x00, 0xEE, 0x00, 0xEE, 0x00, 0xEE, 0x00, 0x00, 0x00, 0x00, 0x00, 0x38, 0x00, 0xFE, 0x00,
    0xFE, 0x41, 0xEF, 0x71, 0xEF, 0xF1, 0xEF, 0xF1, 0xFF, 0xF1, 0xFF, 0xF0, 0xFF, 0xF0, 0x1E, 0xF8,
    0x3E, 0x7F, 0xFC, 0x3F, 0xF8, 0x0F, 0xE0, 0x00, 0x7E, 0x00, 0x0F, 0xC0, 0x01, 0xF8, 0x00, 0x00,
    0x00, 0x00, 0x00, 0x00, 0x78, 0x00, 0x3F, 0x80, 0x07, 0xF0, 0x01, 0xEF, 0x08, 0x3D, 0xE1, 0xC7,
    0xBC, 0x78, 0xFF, 0xFF, 0x0F, 0xFF, 0xE0, 0x7F, 0xFC, 0x07, 0x87, 0xC1, 0xF0, 0x7F, 0xFC, 0x07,
    0xFF, 0x00, 0x7F, 0x80, 0x00, 0x3B, 0x8E, 0xE3, 0xB8, 0x00, 0x0E, 0x0F, 0xE3, 0xF9, 0xEF, 0x7B,
    0xDE, 0xF7, 0xFD, 0xFF, 0x3F, 0xC1, 0xFF, 0xFB, 0xFC, 0xFC, 0x00, 0x3B, 0x81, 0xDC, 0x0E, 0xE0,
    0x00, 0x00, 0x00, 0x00, 0x00, 0x3C, 0x07, 0xF0, 0x7F, 0xC3, 0xDE, 0x1E, 0xF0, 0xF7, 0x83, 0xF8,
    0x7F, 0xFF, 0xFF, 0xFE, 0x3F, 0x00, 0x03, 0xC0, 0x00, 0xF0, 0x00, 0x3C, 0x01, 0x8F, 0x00, 0xE3,
    0xC0, 0x30, 0xF0, 0x0C, 0x3D, 0x81, 0x8F, 0xF0, 0xE3, 0xFC, 0x78, 0xFF, 0x1C, 0x3F, 0xC0, 0x0F,
    0xFC, 0x07, 0xDF, 0xFF, 0xE3, 0xFF, 0xF0, 0x3F, 0xF0, 0x00, 0x03, 0xC0, 0x00, 0x0F, 0x00, 0x00,
    0x3C, 0x00, 0x18, 0xF0, 0x00, 0xE3, 0xC0, 0x03, 0x0F, 0x00, 0x0C, 0x3C, 0x10, 0x18, 0xF0, 0x70,
    0x63, 0xC3, 0xC7, 0x8F, 0x0F, 0x1C, 0x3C, 0x3C, 0x40, 0xF0, 0xFC, 0x07, 0xE1, 0xFF, 0xFF, 0xF3,
    0xFF, 0xF7, 0xC3, 0xFF, 0x8F, 0x01, 0x81, 0xE1, 0xFD, 0xFC, 0x7C, 0x3C, 0x07, 0x81, 0xF0, 0x3E,
    0x07, 0xC0, 0xF0, 0x3C, 0xFF, 0x3F, 0x8F, 0x80, 0x01, 0x00, 0x78, 0x1F, 0x87, 0xF0, 0x7C, 0x0F,
    0x00, 0x78, 0x07, 0xC0, 0x3C, 0x01, 0xE0, 0x0F, 0x00, 0xF0, 0xFF, 0xFF, 0xFF, 0xF9, 0xF0, 0x00,
    0x3C, 0x00, 0xF0, 0x03, 0xC0, 0x0F, 0x00, 0x3C, 0x00, 0xF0, 0x03, 0xC0, 0x0F, 0x00, 0x3C, 0x00,
    0xF4, 0x03, 0xDE, 0x0F, 0xF0, 0x3F, 0xC0, 0xFF, 0x03, 0xFC, 0x0F, 0xF8, 0x79, 0xFF, 0xE3, 0xFF,
    0x07, 0xF0, 0x00, 0x3C, 0x00, 0x0F, 0x00, 0x03, 0xC0, 0x00, 0xF0, 0x00, 0x3C, 0x00, 0x0F, 0x00,
    0x03, 0xC0, 0x00, 0xF0, 0x00, 0x3C, 0x00, 0x0F, 0x00, 0x03, 0xC1, 0x80, 0xF0, 0xF0, 0x3E, 0x3C,
    0x0F, 0xFF, 0x03, 0xFF, 0xC0, 0xFF, 0xF8, 0x7C, 0x1F, 0xFE, 0x03, 0xFF, 0x00, 0x7F, 0x00, 0x3C,
    0xF3, 0xCF, 0x3C, 0xF3, 0xCF, 0x3C, 0xF3, 0xCF, 0x3F, 0xFF, 0xBC, 0x78, 0x3C, 0x1E, 0x0F, 0x07,
    0x83, 0xC1, 0xE0, 0xF0, 0x78, 0x3C, 0x1E, 0x0F, 0x07, 0x87, 0xFF, 0xFF, 0xDF, 0x0F, 0x07, 0xF9,
    0xFF, 0x1D, 0xF0, 0x1E, 0x03, 0xCF, 0xFB, 0xFF, 0xFF, 0xDF, 0x03, 0xC0, 0x78, 0x0F, 0x01, 0xE0,
    0x3C, 0x03, 0x80, 0x78, 0x08, 0x00, 0x03, 0xC0, 0x0F, 0xE0, 0x1F, 0xE0, 0x3E, 0x60, 0x7C, 0x70,
    0x7E, 0x70, 0xFF, 0x78, 0xFF, 0xFF, 0xF7, 0xFF, 0xF3, 0xCF, 0xF0, 0x00, 0xF0, 0x00, 0xF0, 0x00,
    0xF0, 0x00, 0x78, 0x00, 0x78, 0x00, 0x78, 0x00, 0x60, 0x00, 0x07, 0x81, 0xF8, 0x7F, 0x1E, 0x73,
    0x8E, 0xF1, 0xFF, 0xFF, 0xFE, 0xC7, 0x80, 0x03, 0x80, 0x07, 0xC0, 0x0F, 0xE0, 0x1E, 0xE0, 0x1C,
    0xF0, 0x3C, 0x70, 0x7E, 0x78, 0xFF, 0xFF, 0xFF, 0xFF, 0xE3, 0xCF, 0x03, 0x00, 0x1E, 0x00, 0x78,
    0x00, 0x00, 0x00, 0x00, 0x00, 0x60, 0x07, 0x80, 0x1E, 0x60, 0x3D, 0xC0, 0xFF, 0x03, 0xFC, 0x0F,
    0xF0, 0x3F, 0xC0, 0xFF, 0x87, 0x9F, 0xFE, 0x3F, 0xF0, 0x3F, 0x00, 0x03, 0x00, 0x01, 0xE0, 0x00,
    0x78, 0x00, 0x00, 0x00, 0x00, 0x00, 0x00, 0x02, 0x00, 0x07, 0x80, 0x00, 0xE0, 0x60, 0x3C, 0x3C,
    0x0F, 0x0F, 0x03, 0xFF, 0xC0, 0xFF, 0xF0, 0x3F, 0xFE, 0x1E, 0x07, 0xFF, 0x80, 0xFF, 0xC0, 0x1F,
    0xC0, 0x00, 0x31, 0xE7, 0x80, 0x00, 0x67, 0x9F, 0x3C, 0xF3, 0xCF, 0x3F, 0xFF, 0xB8, 0x18, 0x0F,
    0x03, 0xC0, 0x00, 0x00, 0x00, 0x03, 0xC0, 0xF0, 0x3C, 0x0F, 0x07, 0xC3, 0xFF, 0xFF, 0xF9, 0xF0,
    0x08, 0x0E, 0x0F, 0x87, 0xE7, 0xF3, 0xFF, 0xCF, 0xE7, 0xF3, 0xFF, 0xDF, 0xC7, 0xC0, 0x03, 0xC0,
    0x0F, 0x01, 0xFC, 0x0F, 0xF0, 0x7F, 0xC3, 0xEF, 0x0F, 0x3C, 0x3C, 0xF0, 0xFF, 0xC1, 0xFF, 0x03,
    0xFF, 0x80, 0x7E, 0x00, 0xF8, 0x10, 0x01, 0xE0, 0x0F, 0x80, 0x3E, 0x03, 0xFC, 0x39, 0xF1, 0xCF,
    0xCE, 0x7F, 0x7B, 0xB9, 0xF9, 0xFF, 0xFF, 0xFF, 0xEF, 0x3E, 0x00, 0x07, 0x00, 0x3E, 0x01, 0xFC,
    0x0F, 0x70, 0x3D, 0xC1, 0xE7, 0x07, 0x98, 0x1E, 0xE0, 0xFF, 0xFF, 0xFF, 0xFF, 0x9F, 0xDE, 0x38,
    0x7D, 0xE0, 0xFF, 0x81, 0xFC, 0x03, 0xE0, 0x0E, 0x0F, 0xE3, 0xF9, 0xEF, 0x7B, 0xDE, 0xF7, 0xFD,
    0xFF, 0x3F, 0xC1, 0xE1, 0xFB, 0xFC, 0x7E, 0x1E, 0x00, 0x0E, 0x01, 0xFC, 0x0F, 0xE0, 0xF7, 0x87,
    0xBC, 0x3D, 0xE1, 0xFF, 0xC7, 0xFE, 0x1F, 0xF0, 0x7C, 0x3F, 0xC0, 0xFC, 0x07, 0xC0, 0x20, 0x00,
    0x00, 0x1F, 0x00, 0x3F, 0xC0, 0x3F, 0xC0, 0x1E, 0x20, 0x1E, 0x03, 0x0F, 0x81, 0xC7, 0xF1, 0xE1,
    0xFC, 0xF0, 0x7F, 0x78, 0x0F, 0xBC, 0x03, 0xDF, 0x07, 0xC7, 0xFF, 0xC1, 0xFF, 0xC0, 0x3F, 0x80,
    0x60, 0x00, 0x1C, 0x0F, 0x0F, 0x03, 0xFF, 0xC0, 0x7F, 0xF0, 0x0F, 0xFE, 0x07, 0x87, 0xFF, 0xE0,
    0xFF, 0xF0, 0x0F, 0xF0, 0x00, 0x00, 0x1F, 0x00, 0x3F, 0xC0, 0x3F, 0xC0, 0x1E, 0x20, 0x1E, 0x03,
    0x0F, 0x81, 0xC7, 0xF1, 0xE1, 0xFC, 0xF0, 0x7F, 0x78, 0x0F, 0xBC, 0x03, 0xDF, 0x07, 0xC7, 0xFF,
    0xC1, 0xFF, 0xC0, 0x3F, 0x80, 0x00, 0x00, 0x00, 0x00, 0x07, 0xE0, 0x03, 0xF8, 0x01, 0xF8, 0x00,
    0x60, 0x20, 0x1C, 0x0E, 0x0F, 0x03, 0xFF, 0xC0, 0xFF, 0xF0, 0x0F, 0xFE, 0x07, 0x87, 0xFF, 0xE0,
    0xFF, 0xF0, 0x0F, 0xF0, 0x00, 0x00, 0x00, 0x00, 0x00, 0x00, 0x00, 0x0E, 0xE0, 0x03, 0xB8, 0x00,
    0xEE, 0x00, 0x1E, 0x1E, 0x0F, 0x0F, 0x0F, 0x0F, 0x1F, 0xFE, 0xFE, 0xF8, 0x00, 0x00, 0x77, 0x77,
    0x77, 0x1E, 0x03, 0xC0, 0x78, 0x1F, 0x0F, 0xFF, 0xFF, 0xFC, 0xF8, 0x00, 0x00, 0x0E, 0xE1, 0xDC,
    0x3B, 0x80, 0x60, 0x03, 0xF8, 0x09, 0xC1, 0x80, 0x1E, 0x00, 0x78, 0x61, 0xE1, 0xE7, 0x8F, 0xDE,
    0x0F, 0xF8, 0x1F, 0xC0, 0x1F, 0x00, 0x7E, 0x03, 0xF8, 0x3E, 0xF1, 0xF3, 0xC7, 0xFF, 0x1F, 0xF8,
    0x7F, 0xC0, 0x60, 0x00, 0x3F, 0x80, 0x09, 0xC3, 0xC0, 0x00, 0xF0, 0x00, 0x3C, 0x02, 0x0F, 0x01,
    0xC3, 0xC0, 0xF0, 0xF0, 0x1E, 0x3C, 0x03, 0xCF, 0x00, 0x7B, 0xC0, 0x1E, 0xF0, 0x03, 0xFC, 0x00,
    0x7F, 0x00, 0x0F, 0xE0, 0xFF, 0xFF, 0x3F, 0xCF, 0xCF, 0xC1, 0xE0, 0x70, 0x06, 0x00, 0x30, 0x01,
    0xF0, 0x0E, 0x0F, 0x00, 0x78, 0x43, 0xC7, 0x1E, 0x3C, 0xF1, 0xFF, 0x87, 0xFC, 0x0F, 0xC0, 0x3E,
    0x01, 0xF8, 0x1F, 0xE1, 0xEF, 0x1E, 0x78, 0xFF, 0xC7, 0xFC, 0x3F, 0xC0, 0x70, 0x00, 0x60, 0x00,
    0x30, 0x00, 0x0F, 0x00, 0x0F, 0x07, 0x80, 0x03, 0xC0, 0x01, 0xE0, 0x20, 0xF0, 0x38, 0x78, 0x3E,
    0x3C, 0x0F, 0x9E, 0x03, 0xCF, 0x00, 0xF7, 0x80, 0x3F, 0xC0, 0x1F, 0xE0, 0x07, 0xF0, 0x01, 0xFC,
    0x1F, 0xFF, 0xCF, 0xE7, 0xE7, 0xC1, 0xE0, 0x00, 0x00, 0x1E, 0x01, 0xE6, 0x1E, 0xF9, 0xEF, 0xDE,
    0x3F, 0xE1, 0xFE, 0x0F, 0xC0, 0x7E, 0x0F, 0xE3, 0xEF, 0x7C, 0xF7, 0xFF, 0x7F, 0xE7, 0xFC, 0x00,
    0x03, 0x80, 0x60, 0x06, 0x00, 0x78, 0x06, 0x00, 0x01, 0xE0, 0x01, 0xE0, 0x01, 0xE0, 0x21, 0xE0,
    0x71, 0xE0, 0xF1, 0xE0, 0x79, 0xE0, 0x7D, 0xE0, 0x3D, 0xE0, 0x1F, 0xE0, 0x0F, 0xE0, 0x0F, 0xE0,
    0x07, 0xF0, 0xFF, 0xFE, 0xFE, 0x7E, 0xF8, 0x3E, 0x00, 0x00, 0x60, 0x00, 0xC0, 0x00, 0xC0, 0x00,
    0xF0, 0x00, 0xC0, 0x00, 0x00, 0x00, 0x1E, 0x01, 0xE6, 0x1E, 0x79, 0xEF, 0xDE, 0x3F, 0xE1, 0xFE,
    0x07, 0xC0, 0x7E, 0x0F, 0xE3, 0xEF, 0x7C, 0xF7, 0xFF, 0x7F, 0xE7, 0xFC, 0x00, 0xF0, 0x00, 0xF0,
    0x00, 0xF0, 0x20, 0xF0, 0x70, 0xF0, 0xF8, 0xF0, 0x78, 0xF0, 0x3C, 0xF0, 0x1E, 0xF0, 0x1F, 0xF0,
    0x0F, 0xF0, 0x07, 0xF0, 0x03, 0xF8, 0xFF, 0xFF, 0xFF, 0x3F, 0xFC, 0x1E,
};

static const EpdGlyph ubuntu_10_boldGlyphs[] = {
    { 1, 1, 0, 0, 1, 1, 0 }, // U+0000
    { 1, 1, 0, 0, 1, 1, 1 }, // U+0008
    { 1, 1, 80, 0, 1, 1, 2 }, // U+0009
    { 1, 1, 80, 0, 1, 1, 3 }, // U+000D
    { 1, 1, 0, 0, 1, 1, 4 }, // U+001D
    { 1, 1, 80, 0, 1, 1, 5 }, // U+0020
    { 3, 15, 95, 1, 15, 6, 6 }, // !
    { 8, 6, 155, 1, 16, 6, 12 }, // "
    { 13, 15, 233, 1, 15, 25, 18 }, // #
    { 10, 19, 189, 1, 16, 24, 43 }, // $
    { 17, 15, 306, 1, 15, 32, 67 }, // %
    { 14, 15, 235, 1, 15, 27, 99 }, // &
    { 3, 6, 82, 1, 16, 3, 126 }, // '
    { 6, 20, 119, 1, 16, 15, 129 }, // (
    { 6, 20, 119, 0, 16, 15, 144 }, // )
    { 9, 8, 167, 1, 15, 9, 159 }, // *
    { 11, 11, 189, 1, 12, 16, 168 }, // +
    { 4, 6, 82, 0, 3, 3, 184 }, // ,
    { 6, 3, 113, 1, 8, 3, 187 }, // -
    { 4, 4, 82, 1, 4, 2, 190 }, // .
    { 11, 20, 146, -1, 16, 28, 192 }, // /
    { 10, 15, 189, 1, 15, 19, 220 }, // 0
    { 7, 15, 189, 2, 15, 14, 239 }, // 1
    { 10, 15, 189, 1, 15, 19, 253 }, // 2
    { 10, 15, 189, 1, 15, 19, 272 }, // 3
    { 10, 15, 189, 1, 15, 19, 291 }, // 4
    { 10, 15, 189, 1, 15, 19, 310 }, // 5
    { 10, 15, 189, 1, 15, 19, 329 }, // 6
    { 10, 15, 189, 1, 15, 19, 348 }, // 7
    { 10, 15, 189, 1, 15, 19, 367 }, // 8
    { 10, 15, 189, 1, 15, 19, 386 }, // 9
    { 4, 11, 82, 1, 11, 6, 405 }, // :
    { 5, 14, 82, 0, 11, 9, 411 }, // ;
    { 10, 11, 189, 1, 12, 14, 420 }, // <
    { 10, 8, 189, 1, 10, 10, 434 }, // =
    { 10, 11, 189, 1, 12, 14, 444 }, // >
    { 9, 16, 152, 0, 16, 18, 458 }, // ?
    { 18, 18, 325, 1, 15, 41, 476 }, // @
    { 15, 15, 240, 0, 15, 29, 517 }, // A
    { 11, 15, 224, 2, 15, 21, 546 }, // B
    { 12, 15, 216, 1, 15, 23, 567 }, // C
    { 12, 15, 246, 2, 15, 23, 590 }, // D
    { 10, 15, 202, 2, 15, 19, 613 }, // E
    { 9, 15, 191, 2, 15, 17, 632 }, // F
    { 12, 15, 234, 1, 15, 23, 649 }, // G
    { 11, 15, 245, 2, 15, 21, 672 }, // H
    { 3, 15, 105, 2, 15, 6, 693 }, // I
    { 9, 15, 176, 0, 15, 17, 699 }, // J
    { 12, 15, 228, 2, 15, 23, 716 }, // K
    { 10, 15, 188, 2, 15, 19, 739 }, // L
    { 17, 15, 299, 1, 15, 32, 758 }, // M
    { 12, 15, 252, 2, 15, 23, 790 }, // N
    { 15, 15, 263, 1, 15, 29, 813 }, // O
    { 11, 15, 215, 2, 15, 21, 842 }, // P
    { 15, 18, 263, 1, 15, 34, 863 }, // Q
    { 12, 15, 222, 2, 15, 23, 897 }, // R
    { 10, 15, 194, 1, 15, 19, 920 }, // S
    { 11, 15, 205, 0, 15, 21, 939 }, // T
    { 11, 15, 236, 2, 15, 21, 960 }, // U
    { 15, 15, 241, 0, 15, 29, 981 }, // V
    { 19, 15, 316, 0, 15, 36, 1010 }, // W
    { 14, 15, 225, 0, 15, 27, 1046 }, // X
    { 13, 15, 220, 0, 15, 25, 1073 }, // Y
    { 11, 15, 203, 1, 15, 21, 1098 }, // Z
    { 6, 20, 124, 2, 16, 15, 1119 }, // [
    { 11, 20, 146, -1, 16, 28, 1134 }, // <backslash>
    { 6, 20, 124, 0, 16, 15, 1162 }, // ]
    { 11, 9, 189, 0, 15, 13, 1177 }, // ^
    { 11, 3, 167, 0, -1, 5, 1190 }, // _
    { 5, 5, 95, 1, 17, 4, 1195 }, // `
    { 10, 11, 184, 1, 11, 14, 1199 }, // a
    { 11, 16, 201, 1, 16, 22, 1213 }, // b
    { 9, 11, 167, 1, 11, 13, 1235 }, // c
    { 11, 16, 201, 1, 16, 22, 1248 }, // d
    { 10, 11, 195, 1, 11, 14, 1270 }, // e
    { 8, 16, 141, 1, 16, 16, 1284 }, // f
    { 10, 15, 198, 1, 11, 19, 1300 }, // g
    { 10, 16, 196, 1, 16, 20, 1319 }, // h
    { 3, 16, 96, 1, 16, 6, 1339 }, // i
    { 6, 20, 96, -2, 16, 15, 1345 }, // j
    { 11, 16, 193, 1, 16, 22, 1360 }, // k
    { 5, 16, 105, 1, 16, 10, 1382 }, // l
    { 15, 11, 287, 1, 11, 21, 1392 }, // m
    { 10, 11, 196, 1, 11, 14, 1413 }, // n
    { 11, 11, 202, 1, 11, 16, 1427 }, // o
    { 11, 15, 201, 1, 11, 21, 1443 }, // p
    { 11, 15, 201, 1, 11, 21, 1464 }, // q
    { 7, 11, 141, 1, 11, 10, 1485 }, // r
    { 8, 11, 162, 1, 11, 11, 1495 }, // s
    { 7, 14, 148, 1, 14, 13, 1506 }, // t
    { 10, 11, 196, 1, 11, 14, 1519 }, // u
    { 11, 11, 183, 0, 11, 16, 1533 }, // v
    { 17, 11, 261, 0, 11, 24, 1549 }, // w
    { 12, 11, 185, 0, 11, 17, 1573 }, // x
    { 11, 15, 182, 0, 11, 21, 1590 }, // y
    { 9, 11, 167, 1, 11, 13, 1611 }, // z
    { 7, 20, 124, 1, 16, 18, 1624 }, // {
    { 3, 20, 107, 2, 16, 8, 1642 }, // |
    { 7, 20, 124, 0, 16, 18, 1650 }, // }
    { 11, 5, 189, 1, 9, 7, 1668 }, // ~
    { 1, 1, 80, 0, 1, 1, 1675 }, // U+00A0
    { 3, 15, 95, 1, 11, 6, 1676 }, // U+00A1
    { 9, 16, 189, 1, 14, 18, 1682 }, // U+00A2
    { 11, 15, 189, 0, 15, 21, 1700 }, // U+00A3
    { 11, 10, 189, 1, 12, 14, 1721 }, // U+00A4
    { 12, 15, 189, 0, 15, 23, 1735 }, // U+00A5
    { 3, 20, 101, 2, 16, 8, 1758 }, // U+00A6
    { 9, 19, 172, 1, 15, 22, 1766 }, // U+00A7
    { 7, 3, 179, 2, 16, 3, 1788 }, // U+00A8
    { 15, 15, 265, 1, 15, 29, 1791 }, // U+00A9
    { 6, 8, 133, 1, 15, 6, 1820 }, // U+00AA
    { 11, 9, 199, 0, 10, 13, 1826 }, // U+00AB
    { 10, 8, 189, 1, 9, 10, 1839 }, // U+00AC
    { 6, 3, 113, 1, 8, 3, 1849 }, // U+00AD
    { 15, 15, 265, 1, 15, 29, 1852 }, // U+00AE
    { 7, 2, 125, 1, 15, 2, 1881 }, // U+00AF
    { 6, 6, 121, 0, 16, 5, 1883 }, // U+00B0
    { 11, 15, 189, 1, 15, 21, 1888 }, // U+00B1
    { 7, 9, 121, 0, 15, 8, 1909 }, // U+00B2
    { 7, 9, 121, 0, 15, 8, 1917 }, // U+00B3
    { 5, 5, 95, 0, 17, 4, 1925 }, // U+00B4
    { 10, 15, 198, 1, 11, 19, 1929 }, // U+00B5
    { 12, 19, 237, 1, 15, 29, 1948 }, // U+00B6
    { 4, 4, 82, 1, 9, 2, 1977 }, // U+00B7
    { 5, 5, 109, 1, 0, 4, 1979 }, // U+00B8
    { 5, 9, 121, 1, 15, 6, 1983 }, // U+00B9
    { 8, 8, 152, 1, 15, 8, 1989 }, // U+00BA
    { 11, 9, 199, 2, 10, 13, 1997 }, // U+00BB
    { 18, 15, 293, 1, 15, 34, 2010 }, // U+00BC
    { 17, 15, 293, 1, 15, 32, 2044 }, // U+00BD
    { 19, 15, 293, 0, 15, 36, 2076 }, // U+00BE
    { 9, 15, 152, 1, 11, 17, 2112 }, // U+00BF
    { 15, 21, 240, 0, 21, 40, 2129 }, // U+00C0
    { 15, 21, 240, 0, 21, 40, 2169 }, // U+00C1
    { 15, 21, 240, 0, 21, 40, 2209 }, // U+00C2
    { 15, 19, 240, 0, 19, 36, 2249 }, // U+00C3
    { 15, 19, 240, 0, 19, 36, 2285 }, // U+00C4
    { 15, 19, 240, 0, 19, 36, 2321 }, // U+00C5
    { 20, 15, 331, 0, 15, 38, 2357 }, // U+00C6
    { 12, 20, 216, 1, 15, 30, 2395 }, // U+00C7
    { 10, 21, 202, 2, 21, 27, 2425 }, // U+00C8
    { 10, 21, 202, 2, 21, 27, 2452 }, // U+00C9
    { 10, 21, 202, 2, 21, 27, 2479 }, // U+00CA
    { 10, 19, 202, 2, 19, 24, 2506 }, // U+00CB
    { 5, 21, 105, 1, 21, 14, 2530 }, // U+00CC
    { 5, 21, 105, 1, 21, 14, 2544 }, // U+00CD
    { 7, 21, 105, 0, 21, 19, 2558 }, // U+00CE
    { 7, 19, 105, 0, 19, 17, 2577 }, // U+00CF
    { 14, 15, 249, 0, 15, 27, 2594 }, // U+00D0
    { 12, 19, 252, 2, 19, 29, 2621 }, // U+00D1
    { 15, 21, 263, 1, 21, 40, 2650 }, // U+00D2
    { 15, 21, 263, 1, 21, 40, 2690 }, // U+00D3
    { 15, 21, 263, 1, 21, 40, 2730 }, // U+00D4
    { 15, 19, 263, 1, 19, 36, 2770 }, // U+00D5
    { 15, 19, 263, 1, 19, 36, 2806 }, // U+00D6
    { 10, 9, 189, 1, 11, 12, 2842 }, // U+00D7
    { 15, 17, 263, 1, 16, 32, 2854 }, // U+00D8
    { 11, 21, 236, 2, 21, 29, 2886 }, // U+00D9
    { 11, 21, 236, 2, 21, 29, 2915 }, // U+00DA
    { 11, 21, 236, 2, 21, 29, 2944 }, // U+00DB
    { 11, 19, 236, 2, 19, 27, 2973 }, // U+00DC
    { 13, 21, 220, 0, 21, 35, 3000 }, // U+00DD
    { 11, 15, 215, 2, 15, 21, 3035 }, // U+00DE
    { 12, 16, 220, 1, 16, 24, 3056 }, // U+00DF
    { 10, 17, 184, 1, 17, 22, 3080 }, // U+00E0
    { 10, 17, 184, 1, 17, 22, 3102 }, // U+00E1
    { 10, 17, 184, 1, 17, 22, 3124 }, // U+00E2
    { 10, 16, 184, 1, 16, 20, 3146 }, // U+00E3
    { 10, 16, 184, 1, 16, 20, 3166 }, // U+00E4
    { 10, 18, 184, 1, 18, 23, 3186 }, // U+00E5
    { 16, 11, 291, 1, 11, 22, 3209 }, // U+00E6
    { 9, 15, 167, 1, 11, 17, 3231 }, // U+00E7
    { 10, 17, 195, 1, 17, 22, 3248 }, // U+00E8
    { 10, 17, 195, 1, 17, 22, 3270 }, // U+00E9
    { 10, 17, 195, 1, 17, 22, 3292 }, // U+00EA
    { 10, 16, 195, 1, 16, 20, 3314 }, // U+00EB
    { 5, 17, 96, 0, 17, 11, 3334 }, // U+00EC
    { 5, 17, 96, 0, 17, 11, 3345 }, // U+00ED
    { 7, 17, 96, -1, 17, 15, 3356 }, // U+00EE
    { 7, 16, 96, -1, 16, 14, 3371 }, // U+00EF
    { 11, 16, 200, 1, 16, 22, 3385 }, // U+00F0
    { 10, 16, 196, 1, 16, 20, 3407 }, // U+00F1
    { 11, 17, 202, 1, 17, 24, 3427 }, // U+00F2
    { 11, 17, 202, 1, 17, 24, 3451 }, // U+00F3
    { 11, 17, 202, 1, 17, 24, 3475 }, // U+00F4
    { 11, 16, 202, 1, 16, 22, 3499 }, // U+00F5
    { 11, 16, 202, 1, 16, 22, 3521 }, // U+00F6
    { 10, 13, 189, 1, 13, 17, 3543 }, // U+00F7
    { 11, 13, 202, 1, 12, 18, 3560 }, // U+00F8
    { 10, 17, 196, 1, 17, 22, 3578 }, // U+00F9
    { 10, 17, 196, 1, 17, 22, 3600 }, // U+00FA
    { 10, 17, 196, 1, 17, 22, 3622 }, // U+00FB
    { 10, 16, 196, 1, 16, 20, 3644 }, // U+00FC
    { 11, 21, 182, 0, 17, 29, 3664 }, // U+00FD
    { 11, 20, 201, 1, 16, 28, 3693 }, // U+00FE
    { 11, 20, 182, 0, 16, 28, 3721 }, // U+00FF
    { 15, 18, 240, 0, 18, 34, 3749 }, // U+0100
    { 10, 15, 184, 1, 15, 19, 3783 }, // U+0101
    { 15, 19, 240, 0, 19, 36, 3802 }, // U+0102
    { 10, 16, 184, 1, 16, 20, 3838 }, // U+0103
    { 15, 20, 240, 0, 15, 38, 3858 }, // U+0104
    { 10, 15, 184, 1, 11, 19, 3896 }, // U+0105
    { 12, 21, 216, 1, 21, 32, 3915 }, // U+0106
    { 9, 17, 167, 1, 17, 20, 3947 }, // U+0107
    { 12, 21, 216, 1, 21, 32, 3967 }, // U+0108
    { 9, 17, 167, 1, 17, 20, 3999 }, // U+0109
    { 12, 19, 216, 1, 19, 29, 4019 }, // U+010A
    { 9, 16, 167, 1, 16, 18, 4048 }, // U+010B
    { 12, 21, 216, 1, 21, 32, 4066 }, // U+010C
    { 9, 17, 167, 1, 17, 20, 4098 }, // U+010D
    { 12, 21, 246, 2, 21, 32, 4118 }, // U+010E
    { 15, 16, 228, 1, 16, 30, 4150 }, // U+010F
    { 14, 15, 249, 0, 15, 27, 4180 }, // U+0110
    { 12, 16, 202, 1, 16, 24, 4207 }, // U+0111
    { 10, 18, 202, 2, 18, 23, 4231 }, // U+0112
    { 10, 15, 195, 1, 15, 19, 4254 }, // U+0113
    { 10, 19, 202, 2, 19, 24, 4273 }, // U+0114
    { 10, 16, 195, 1, 16, 20, 4297 }, // U+0115
    { 10, 19, 202, 2, 19, 24, 4317 }, // U+0116
    { 10, 16, 195, 1, 16, 20, 4341 }, // U+0117
    { 10, 20, 202, 2, 15, 25, 4361 }, // U+0118
    { 10, 15, 195, 1, 11, 19, 4386 }, // U+0119
    { 10, 21, 202, 2, 21, 27, 4405 }, // U+011A
    { 10, 17, 195, 1, 17, 22, 4432 }, // U+011B
    { 12, 21, 234, 1, 21, 32, 4454 }, // U+011C
    { 10, 21, 198, 1, 17, 27, 4486 }, // U+011D
    { 12, 19, 234, 1, 19, 29, 4513 }, // U+011E
    { 10, 20, 198, 1, 16, 25, 4542 }, // U+011F
    { 12, 19, 234, 1, 19, 29, 4567 }, // U+0120
    { 10, 20, 198, 1, 16, 25, 4596 }, // U+0121
    { 12, 20, 234, 1, 15, 30, 4621 }, // U+0122
    { 10, 21, 198, 1, 17, 27, 4651 }, // U+0123
    { 11, 21, 245, 2, 21, 29, 4678 }, // U+0124
    { 10, 20, 196, 1, 20, 25, 4707 }, // U+0125
    { 16, 15, 252, 0, 15, 30, 4732 }, // U+0126
    { 11, 16, 200, 0, 16, 22, 4762 }, // U+0127
    { 8, 19, 105, 0, 19, 19, 4784 }, // U+0128
    { 8, 16, 96, -1, 16, 16, 4803 }, // U+0129
    { 7, 18, 105, 0, 18, 16, 4819 }, // U+012A
    { 7, 15, 96, -1, 15, 14, 4835 }, // U+012B
    { 7, 19, 105, 0, 19, 17, 4849 }, // U+012C
    { 7, 16, 96, -1, 16, 14, 4866 }, // U+012D
    { 5, 20, 105, 1, 15, 13, 4880 }, // U+012E
    { 5, 21, 96, 0, 16, 14, 4893 }, // U+012F
    { 3, 19, 105, 2, 19, 8, 4907 }, // U+0130
    { 3, 11, 96, 1, 11, 5, 4915 }, // U+0131
    { 14, 15, 280, 2, 15, 27, 4920 }, // U+0132
    { 9, 20, 192, 1, 16, 23, 4947 }, // U+0133
    { 11, 21, 176, 0, 21, 29, 4970 }, // U+0134
    { 8, 21, 96, -2, 17, 21, 4999 }, // U+0135
    { 12, 20, 228, 2, 15, 30, 5020 }, // U+0136
    { 11, 21, 193, 1, 16, 29, 5050 }, // U+0137
    { 11, 11, 194, 1, 11, 16, 5079 }, // U+0138
    { 10, 21, 188, 2, 21, 27, 5095 }, // U+0139
    { 5, 21, 105, 1, 21, 14, 5122 }, // U+013A
    { 10, 20, 188, 2, 15, 25, 5136 }, // U+013B
    { 6, 21, 105, 0, 16, 16, 5161 }, // U+013C
    { 10, 15, 188, 2, 15, 19, 5177 }, // U+013D
    { 8, 16, 123, 1, 16, 16, 5196 }, // U+013E
    { 10, 15, 188, 2, 15, 19, 5212 }, // U+013F
    { 10, 16, 173, 1, 16, 20, 5231 }, // U+0140
    { 12, 15, 198, 0, 15, 23, 5251 }, // U+0141
    { 7, 16, 121, -1, 16, 14, 5274 }, // U+0142
    { 12, 21, 252, 2, 21, 32, 5288 }, // U+0143
    { 10, 17, 196, 1, 17, 22, 5320 }, // U+0144
    { 12, 20, 252, 2, 15, 30, 5342 }, // U+0145
    { 10, 16, 196, 1, 11, 20, 5372 }, // U+0146
    { 12, 21, 252, 2, 21, 32, 5392 }, // U+0147
    { 10, 17, 196, 1, 17, 22, 5424 }, // U+0148
    { 13, 16, 206, -1, 16, 26, 5446 }, // U+0149
    { 12, 19, 252, 2, 15, 29, 5472 }, // U+014A
    { 10, 15, 196, 1, 11, 19, 5501 }, // U+014B
    { 15, 18, 263, 1, 18, 34, 5520 }, // U+014C
    { 11, 15, 202, 1, 15, 21, 5554 }, // U+014D
    { 15, 19, 263, 1, 19, 36, 5575 }, // U+014E
    { 11, 16, 202, 1, 16, 22, 5611 }, // U+014F
    { 15, 21, 263, 1, 21, 40, 5633 }, // U+0150
    { 11, 17, 202, 1, 17, 24, 5673 }, // U+0151
    { 19, 15, 332, 1, 15, 36, 5697 }, // U+0152
    { 18, 11, 312, 1, 11, 25, 5733 }, // U+0153
    { 12, 21, 222, 2, 21, 32, 5758 }, // U+0154
    { 7, 17, 141, 1, 17, 15, 5790 }, // U+0155
    { 12, 20, 222, 2, 15, 30, 5805 }, // U+0156
    { 9, 16, 141, -1, 11, 18, 5835 }, // U+0157
    { 12, 20, 222, 2, 20, 30, 5853 }, // U+0158
    { 7, 17, 141, 1, 17, 15, 5883 }, // U+0159
    { 10, 21, 194, 1, 21, 27, 5898 }, // U+015A
    { 8, 17, 162, 1, 17, 17, 5925 }, // U+015B
    { 10, 21, 194, 1, 21, 27, 5942 }, // U+015C
    { 8, 17, 162, 1, 17, 17, 5969 }, // U+015D
    { 10, 20, 194, 1, 15, 25, 5986 }, // U+015E
    { 8, 16, 162, 1, 11, 16, 6011 }, // U+015F
    { 10, 21, 194, 1, 21, 27, 6027 }, // U+0160
    { 8, 17, 162, 1, 17, 17, 6054 }, // U+0161
    { 11, 19, 205, 0, 15, 27, 6071 }, // U+0162
    { 7, 18, 148, 1, 14, 16, 6098 }, // U+0163
    { 11, 21, 205, 0, 21, 29, 6114 }, // U+0164
    { 7, 16, 148, 1, 16, 14, 6143 }, // U+0165
    { 11, 15, 205, 0, 15, 21, 6157 }, // U+0166
    { 8, 14, 148, 1, 14, 14, 6178 }, // U+0167
    { 11, 19, 236, 2, 19, 27, 6192 }, // U+0168
    { 10, 16, 196, 1, 16, 20, 6219 }, // U+0169
    { 11, 18, 236, 2, 18, 25, 6239 }, // U+016A
    { 10, 15, 196, 1, 15, 19, 6264 }, // U+016B
    { 11, 19, 236, 2, 19, 27, 6283 }, // U+016C
    { 10, 16, 196, 1, 16, 20, 6310 }, // U+016D
    { 11, 21, 236, 2, 21, 29, 6330 }, // U+016E
    { 10, 18, 196, 1, 18, 23, 6359 }, // U+016F
    { 11, 21, 236, 2, 21, 29, 6382 }, // U+0170
    { 10, 17, 196, 1, 17, 22, 6411 }, // U+0171
    { 11, 19, 236, 2, 15, 27, 6433 }, // U+0172
    { 10, 15, 196, 1, 11, 19, 6460 }, // U+0173
    { 19, 21, 316, 0, 21, 50, 6479 }, // U+0174
    { 17, 17, 261, 0, 17, 37, 6529 }, // U+0175
    { 13, 21, 220, 0, 21, 35, 6566 }, // U+0176
    { 11, 21, 182, 0, 17, 29, 6601 }, // U+0177
    { 13, 19, 220, 0, 19, 31, 6630 }, // U+0178
    { 11, 21, 203, 1, 21, 29, 6661 }, // U+0179
    { 9, 17, 167, 1, 17, 20, 6690 }, // U+017A
    { 11, 19, 203, 1, 19, 27, 6710 }, // U+017B
    { 9, 16, 167, 1, 16, 18, 6737 }, // U+017C
    { 11, 21, 203, 1, 21, 29, 6755 }, // U+017D
    { 9, 17, 167, 1, 17, 20, 6784 }, // U+017E
    { 7, 16, 110, 2, 16, 14, 6804 }, // U+017F
    { 15, 17, 263, 1, 17, 32, 6818 }, // U+01A0
    { 12, 13, 202, 1, 13, 20, 6850 }, // U+01A1
    { 14, 17, 249, 2, 17, 30, 6870 }, // U+01AF
    { 13, 13, 209, 1, 13, 22, 6900 }, // U+01B0
    { 24, 20, 433, 2, 20, 60, 6922 }, // U+01C4
    { 23, 17, 405, 2, 17, 49, 6982 }, // U+01C5
    { 22, 17, 365, 1, 17, 47, 7031 }, // U+01C6
    { 19, 15, 363, 2, 15, 36, 7078 }, // U+01C7
    { 14, 20, 283, 2, 16, 35, 7114 }, // U+01C8
    { 10, 20, 201, 1, 16, 25, 7149 }, // U+01C9
    { 23, 15, 427, 2, 15, 44, 7174 }, // U+01CA
    { 18, 20, 348, 2, 16, 45, 7218 }, // U+01CB
    { 15, 20, 293, 1, 16, 38, 7263 }, // U+01CC
    { 15, 21, 240, 0, 21, 40, 7301 }, // U+01CD
    { 10, 17, 184, 1, 17, 22, 7341 }, // U+01CE
    { 7, 21, 105, 0, 21, 19, 7363 }, // U+01CF
    { 7, 17, 96, -1, 17, 15, 7382 }, // U+01D0
    { 15, 21, 263, 1, 21, 40, 7397 }, // U+01D1
    { 11, 17, 202, 1, 17, 24, 7437 }, // U+01D2
    { 11, 21, 236, 2, 21, 29, 7461 }, // U+01D3
    { 10, 17, 196, 1, 17, 22, 7490 }, // U+01D4
    { 11, 22, 236, 2, 22, 31, 7512 }, // U+01D5
    { 10, 18, 196, 1, 18, 23, 7543 }, // U+01D6
    { 11, 22, 236, 2, 22, 31, 7566 }, // U+01D7
    { 10, 19, 196, 1, 19, 24, 7597 }, // U+01D8
    { 11, 21, 236, 2, 21, 29, 7621 }, // U+01D9
    { 10, 18, 196, 1, 18, 23, 7650 }, // U+01DA
    { 11, 22, 236, 2, 22, 31, 7673 }, // U+01DB
    { 10, 19, 196, 1, 19, 24, 7704 }, // U+01DC
    { 10, 11, 195, 1, 11, 14, 7728 }, // U+01DD
    { 15, 22, 240, 0, 22, 42, 7742 }, // U+01DE
    { 10, 18, 184, 1, 18, 23, 7784 }, // U+01DF
    { 15, 22, 240, 0, 22, 42, 7807 }, // U+01E0
    { 10, 18, 184, 1, 18, 23, 7849 }, // U+01E1
    { 20, 18, 331, 0, 18, 45, 7872 }, // U+01E2
    { 16, 15, 291, 1, 15, 30, 7917 }, // U+01E3
    { 14, 15, 243, 1, 15, 27, 7947 }, // U+01E4
    { 12, 15, 201, 1, 11, 23, 7974 }, // U+01E5
    { 12, 21, 234, 1, 21, 32, 7997 }, // U+01E6
    { 10, 21, 198, 1, 17, 27, 8029 }, // U+01E7
    { 12, 21, 228, 2, 21, 32, 8056 }, // U+01E8
    { 11, 20, 193, 1, 20, 28, 8088 }, // U+01E9
    { 15, 19, 263, 1, 15, 36, 8116 }, // U+01EA
    { 11, 15, 202, 1, 11, 21, 8152 }, // U+01EB
    { 15, 22, 263, 1, 18, 42, 8173 }, // U+01EC
    { 11, 19, 202, 1, 15, 27, 8215 }, // U+01ED
    { 12, 21, 205, 0, 21, 32, 8242 }, // U+01EE
    { 10, 22, 172, 0, 18, 28, 8274 }, // U+01EF
    { 8, 21, 96, -2, 17, 21, 8302 }, // U+01F0
    { 24, 15, 433, 2, 15, 45, 8323 }, // U+01F1
    { 23, 15, 405, 2, 15, 44, 8368 }, // U+01F2
    { 22, 16, 365, 1, 16, 44, 8412 }, // U+01F3
    { 12, 21, 234, 1, 21, 32, 8456 }, // U+01F4
    { 10, 21, 198, 1, 17, 27, 8488 }, // U+01F5
    { 19, 15, 354, 2, 15, 36, 8515 }, // U+01F6
    { 11, 19, 224, 2, 15, 27, 8551 }, // U+01F7
    { 12, 21, 252, 2, 21, 32, 8578 }, // U+01F8
    { 10, 17, 196, 1, 17, 22, 8610 }, // U+01F9
    { 15, 22, 240, 0, 22, 42, 8632 }, // U+01FA
    { 10, 20, 184, 1, 20, 25, 8674 }, // U+01FB
    { 20, 21, 331, 0, 21, 53, 8699 }, // U+01FC
    { 16, 17, 291, 1, 17, 34, 8752 }, // U+01FD
    { 15, 21, 263, 1, 20, 40, 8786 }, // U+01FE
    { 11, 18, 202, 1, 17, 25, 8826 }, // U+01FF
    { 15, 21, 240, 0, 21, 40, 8851 }, // U+0200
    { 10, 17, 184, 1, 17, 22, 8891 }, // U+0201
    { 15, 19, 240, 0, 19, 36, 8913 }, // U+0202
    { 10, 15, 184, 1, 15, 19, 8949 }, // U+0203
    { 10, 21, 202, 2, 21, 27, 8968 }, // U+0204
    { 10, 17, 195, 1, 17, 22, 8995 }, // U+0205
    { 10, 19, 202, 2, 19, 24, 9017 }, // U+0206
    { 10, 15, 195, 1, 15, 19, 9041 }, // U+0207
    { 8, 21, 105, -1, 21, 21, 9060 }, // U+0208
    { 8, 17, 96, -2, 17, 17, 9081 }, // U+0209
    { 7, 19, 105, 0, 19, 17, 9098 }, // U+020A
    { 7, 15, 96, -1, 15, 14, 9115 }, // U+020B
    { 15, 21, 263, 1, 21, 40, 9129 }, // U+020C
    { 11, 17, 202, 1, 17, 24, 9169 }, // U+020D
    { 15, 19, 263, 1, 19, 36, 9193 }, // U+020E
    { 11, 15, 202, 1, 15, 21, 9229 }, // U+020F
    { 12, 20, 222, 2, 20, 30, 9250 }, // U+0210
    { 8, 17, 141, 0, 17, 17, 9280 }, // U+0211
    { 12, 19, 222, 2, 19, 29, 9297 }, // U+0212
    { 7, 15, 141, 1, 15, 14, 9326 }, // U+0213
    { 11, 21, 236, 2, 21, 29, 9340 }, // U+0214
    { 10, 17, 196, 1, 17, 22, 9369 }, // U+0215
    { 11, 19, 236, 2, 19, 27, 9391 }, // U+0216
    { 10, 15, 196, 1, 15, 19, 9418 }, // U+0217
    { 10, 20, 194, 1, 15, 25, 9437 }, // U+0218
    { 8, 16, 162, 1, 11, 16, 9462 }, // U+0219
    { 11, 20, 205, 0, 15, 28, 9478 }, // U+021A
    { 7, 19, 148, 1, 14, 17, 9506 }, // U+021B
    { 11, 19, 189, 0, 15, 27, 9523 }, // U+021C
    { 9, 15, 159, 0, 11, 17, 9550 }, // U+021D
    { 11, 21, 245, 2, 21, 29, 9567 }, // U+021E
    { 10, 20, 196, 1, 20, 25, 9596 }, // U+021F
    { 7, 3, 0, -11, 16, 3, 9621 }, // U+0300
    { 7, 3, 0, -8, 16, 3, 9624 }, // U+0301
    { 8, 4, 0, -4, 17, 4, 9627 }, // U+0302
    { 8, 4, 0, -11, 17, 4, 9631 }, // U+0303
    { 7, 3, 0, -3, 16, 3, 9635 }, // U+0304
    { 8, 4, 0, -4, 17, 4, 9638 }, // U+0306
    { 4, 3, 0, -2, 16, 2, 9642 }, // U+0307
    { 8, 3, 0, -4, 16, 3, 9644 }, // U+0308
    { 5, 5, 0, -3, 18, 4, 9647 }, // U+030A
    { 10, 3, 0, -4, 16, 4, 9651 }, // U+030B
    { 8, 4, 0, -4, 17, 4, 9655 }, // U+030C
    { 7, 3, 130, 1, 15, 3, 9659 }, // U+0311
    { 4, 6, 0, -2, 15, 3, 9662 }, // U+0312
    { 4, 3, 0, -2, -2, 2, 9665 }, // U+0326
    { 5, 5, 0, -2, 0, 4, 9667 }, // U+0327
    { 4, 6, 0, -2, 1, 3, 9671 }, // U+0328
    { 7, 2, 0, -9, -2, 2, 9674 }, // U+0331
    { 1, 1, 0, 0, 1, 1, 9676 }, // U+034F
    { 10, 21, 202, 2, 21, 27, 9677 }, // U+0400
    { 10, 20, 202, 2, 20, 25, 9704 }, // U+0401
    { 16, 15, 271, 0, 15, 30, 9729 }, // U+0402
    { 9, 21, 198, 2, 21, 24, 9759 }, // U+0403
    { 12, 15, 229, 1, 15, 23, 9783 }, // U+0404
    { 10, 15, 194, 1, 15, 19, 9806 }, // U+0405
    { 3, 15, 105, 2, 15, 6, 9825 }, // U+0406
    { 7, 19, 105, 0, 19, 17, 9831 }, // U+0407
    { 9, 15, 176, 0, 15, 17, 9848 }, // U+0408
    { 23, 15, 377, 0, 15, 44, 9865 }, // U+0409
    { 20, 15, 358, 2, 15, 38, 9909 }, // U+040A
    { 14, 15, 257, 0, 15, 27, 9947 }, // U+040B
    { 12, 21, 228, 2, 21, 32, 9974 }, // U+040C
    { 12, 21, 252, 2, 21, 32, 10006 }, // U+040D
    { 13, 20, 217, 0, 20, 33, 10038 }, // U+040E
    { 11, 19, 243, 2, 15, 27, 10071 }, // U+040F
    { 15, 15, 240, 0, 15, 29, 10098 }, // U+0410
    { 11, 15, 217, 2, 15, 21, 10127 }, // U+0411
    { 11, 15, 224, 2, 15, 21, 10148 }, // U+0412
    { 9, 15, 198, 2, 15, 17, 10169 }, // U+0413
    { 17, 19, 274, 0, 15, 41, 10186 }, // U+0414
    { 10, 15, 202, 2, 15, 19, 10227 }, // U+0415
    { 21, 15, 328, 0, 15, 40, 10246 }, // U+0416
    { 11, 15, 203, 1, 15, 21, 10286 }, // U+0417
    { 12, 15, 252, 2, 15, 23, 10307 }, // U+0418
    { 12, 20, 252, 2, 20, 30, 10330 }, // U+0419
    { 12, 15, 228, 2, 15, 23, 10360 }, // U+041A
    { 15, 15, 263, 0, 15, 29, 10383 }, // U+041B
    { 17, 15, 299, 1, 15, 32, 10412 }, // U+041C
    { 11, 15, 245, 2, 15, 21, 10444 }, // U+041D
    { 15, 15, 263, 1, 15, 29, 10465 }, // U+041E
    { 11, 15, 243, 2, 15, 21, 10494 }, // U+041F
    { 11, 15, 215, 2, 15, 21, 10515 }, // U+0420
    { 12, 15, 216, 1, 15, 23, 10536 }, // U+0421
    { 11, 15, 205, 0, 15, 21, 10559 }, // U+0422
    { 13, 15, 217, 0, 15, 25, 10580 }, // U+0423
    { 17, 16, 290, 1, 16, 34, 10605 }, // U+0424
    { 14, 15, 225, 0, 15, 27, 10639 }, // U+0425
    { 15, 19, 263, 2, 15, 36, 10666 }, // U+0426
    { 11, 15, 227, 1, 15, 21, 10702 }, // U+0427
    { 17, 15, 340, 2, 15, 32, 10723 }, // U+0428
    { 19, 19, 360, 2, 15, 46, 10755 }, // U+0429
    { 15, 15, 258, 0, 15, 29, 10801 }, // U+042A
    { 15, 15, 309, 2, 15, 29, 10830 }, // U+042B
    { 11, 15, 220, 2, 15, 21, 10859 }, // U+042C
    { 12, 15, 227, 1, 15, 23, 10880 }, // U+042D
    { 20, 15, 360, 2, 15, 38, 10903 }, // U+042E
    { 11, 15, 230, 1, 15, 21, 10941 }, // U+042F
    { 10, 11, 184, 1, 11, 14, 10962 }, // U+0430
    { 11, 16, 200, 1, 16, 22, 10976 }, // U+0431
    { 11, 11, 199, 1, 11, 16, 10998 }, // U+0432
    { 9, 11, 151, 1, 11, 13, 11014 }, // U+0433
    { 14, 14, 226, 0, 11, 25, 11027 }, // U+0434
    { 10, 11, 195, 1, 11, 14, 11052 }, // U+0435
    { 17, 11, 283, 0, 11, 24, 11066 }, // U+0436
    { 8, 11, 165, 1, 11, 11, 11090 }, // U+0437
    { 11, 11, 206, 1, 11, 16, 11101 }, // U+0438
    { 11, 17, 206, 1, 17, 24, 11117 }, // U+0439
    { 11, 11, 195, 1, 11, 16, 11141 }, // U+043A
    { 12, 11, 209, 0, 11, 17, 11157 }, // U+043B
    { 13, 11, 254, 1, 11, 18, 11174 }, // U+043C
    { 10, 11, 198, 1, 11, 14, 11192 }, // U+043D
    { 11, 11, 202, 1, 11, 16, 11206 }, // U+043E
    { 10, 11, 198, 1, 11, 14, 11222 }, // U+043F
    { 11, 15, 201, 1, 11, 21, 11236 }, // U+0440
    { 9, 11, 167, 1, 11, 13, 11257 }, // U+0441
    { 11, 11, 175, 0, 11, 16, 11270 }, // U+0442
    { 11, 15, 182, 0, 11, 21, 11286 }, // U+0443
    { 15, 20, 265, 1, 16, 38, 11307 }, // U+0444
    { 12, 11, 185, 0, 11, 17, 11345 }, // U+0445
    { 12, 14, 211, 1, 11, 21, 11362 }, // U+0446
    { 10, 11, 189, 1, 11, 14, 11383 }, // U+0447
    { 15, 11, 287, 1, 11, 21, 11397 }, // U+0448
    { 17, 14, 300, 1, 11, 30, 11418 }, // U+0449
    { 12, 11, 213, 0, 11, 17, 11448 }, // U+044A
    { 14, 11, 275, 1, 11, 20, 11465 }, // U+044B
    { 9, 11, 188, 1, 11, 13, 11485 }, // U+044C
    { 9, 11, 174, 1, 11, 13, 11498 }, // U+044D
    { 16, 11, 291, 1, 11, 22, 11511 }, // U+044E
    { 11, 11, 195, 0, 11, 16, 11533 }, // U+044F
    { 10, 17, 195, 1, 17, 22, 11549 }, // U+0450
    { 10, 16, 195, 1, 16, 20, 11571 }, // U+0451
    { 12, 20, 200, 0, 16, 30, 11591 }, // U+0452
    { 9, 17, 151, 1, 17, 20, 11621 }, // U+0453
    { 9, 11, 174, 1, 11, 13, 11641 }, // U+0454
    { 8, 11, 162, 1, 11, 11, 11654 }, // U+0455
    { 3, 16, 96, 1, 16, 6, 11665 }, // U+0456
    { 7, 16, 96, -1, 16, 14, 11671 }, // U+0457
    { 6, 20, 96, -2, 16, 15, 11685 }, // U+0458
    { 18, 11, 301, 0, 11, 25, 11700 }, // U+0459
    { 16, 11, 289, 1, 11, 22, 11725 }, // U+045A
    { 11, 16, 200, 0, 16, 22, 11747 }, // U+045B
    { 11, 17, 195, 1, 17, 24, 11769 }, // U+045C
    { 11, 17, 206, 1, 17, 24, 11793 }, // U+045D
    { 11, 21, 182, 0, 17, 29, 11817 }, // U+045E
    { 9, 14, 198, 1, 11, 16, 11846 }, // U+045F
    { 14, 16, 249, 0, 16, 28, 11862 }, // U+0462
    { 13, 16, 212, 0, 16, 26, 11890 }, // U+0463
    { 15, 15, 263, 1, 15, 29, 11916 }, // U+0472
    { 11, 11, 202, 1, 11, 16, 11945 }, // U+0473
    { 17, 15, 264, 0, 15, 32, 11961 }, // U+0474
    { 13, 11, 199, 0, 11, 18, 11993 }, // U+0475
    { 14, 23, 276, 2, 19, 41, 12011 }, // U+048A
    { 13, 19, 210, 1, 16, 31, 12052 }, // U+048B
    { 13, 15, 220, 0, 15, 25, 12083 }, // U+048C
    { 11, 11, 189, 0, 11, 16, 12108 }, // U+048D
    { 11, 15, 218, 2, 15, 21, 12124 }, // U+048E
    { 11, 15, 205, 1, 11, 21, 12145 }, // U+048F
    { 10, 18, 191, 2, 18, 23, 12166 }, // U+0490
    { 9, 14, 154, 1, 14, 16, 12189 }, // U+0491
    { 13, 15, 211, 0, 15, 25, 12205 }, // U+0492
    { 12, 11, 175, -1, 11, 17, 12230 }, // U+0493
    { 11, 19, 225, 2, 15, 27, 12247 }, // U+0494
    { 10, 15, 190, 1, 11, 19, 12274 }, // U+0495
    { 21, 19, 341, 0, 15, 50, 12293 }, // U+0496
    { 17, 14, 291, 0, 11, 30, 12343 }, // U+0497
    { 11, 20, 203, 1, 15, 28, 12373 }, // U+0498
    { 8, 16, 165, 1, 11, 16, 12401 }, // U+0499
    { 13, 19, 246, 2, 15, 31, 12417 }, // U+049A
    { 12, 14, 202, 1, 11, 21, 12448 }, // U+049B
    { 14, 15, 261, 2, 15, 27, 12469 }, // U+049C
    { 12, 11, 227, 1, 11, 17, 12496 }, // U+049D
    { 14, 16, 236, 0, 16, 28, 12513 }, // U+049E
    { 13, 12, 202, 0, 12, 20, 12541 }, // U+049F
    { 17, 15, 266, 0, 15, 32, 12561 }, // U+04A0
    { 14, 11, 219, 0, 11, 20, 12593 }, // U+04A1
    { 14, 19, 269, 2, 15, 34, 12613 }, // U+04A2
    { 12, 14, 212, 1, 11, 21, 12647 }, // U+04A3
    { 16, 15, 279, 2, 15, 30, 12668 }, // U+04A4
    { 13, 11, 218, 1, 11, 18, 12698 }, // U+04A5
    { 20, 19, 370, 2, 15, 48, 12716 }, // U+04A6
    { 16, 15, 291, 1, 11, 30, 12764 }, // U+04A7
    { 15, 19, 267, 1, 15, 36, 12794 }, // U+04A8
    { 11, 14, 211, 1, 11, 20, 12830 }, // U+04A9
    { 12, 20, 216, 1, 15, 30, 12850 }, // U+04AA
    { 9, 15, 167, 1, 11, 17, 12880 }, // U+04AB
    { 11, 19, 205, 0, 15, 27, 12897 }, // U+04AC
    { 11, 14, 168, 0, 11, 20, 12924 }, // U+04AD
    { 13, 15, 220, 0, 15, 25, 12944 }, // U+04AE
    { 11, 15, 183, 0, 11, 21, 12969 }, // U+04AF
    { 13, 15, 220, 0, 15, 25, 12990 }, // U+04B0
    { 11, 15, 183, 0, 11, 21, 13015 }, // U+04B1
    { 14, 19, 239, 0, 15, 34, 13036 }, // U+04B2
    { 12, 14, 196, 0, 11, 21, 13070 }, // U+04B3
    { 19, 19, 313, 0, 15, 46, 13091 }, // U+04B4
    { 13, 14, 232, 0, 11, 23, 13137 }, // U+04B5
    { 13, 19, 241, 1, 15, 31, 13160 }, // U+04B6
    { 12, 14, 196, 1, 11, 21, 13191 }, // U+04B7
    { 11, 15, 227, 1, 15, 21, 13212 }, // U+04B8
    { 10, 11, 187, 1, 11, 14, 13233 }, // U+04B9
    { 13, 15, 233, 2, 15, 25, 13247 }, // U+04BA
    { 10, 16, 196, 1, 16, 20, 13272 }, // U+04BB
    { 17, 15, 293, 0, 15, 32, 13292 }, // U+04BC
    { 13, 11, 236, 0, 11, 18, 13324 }, // U+04BD
    { 17, 19, 293, 0, 15, 41, 13342 }, // U+04BE
    { 13, 14, 236, 0, 11, 23, 13383 }, // U+04BF
    { 3, 15, 105, 2, 15, 6, 13406 }, // U+04C0
    { 21, 20, 328, 0, 20, 53, 13412 }, // U+04C1
    { 17, 17, 283, 0, 17, 37, 13465 }, // U+04C2
    { 12, 19, 234, 2, 15, 29, 13502 }, // U+04C3
    { 10, 15, 191, 1, 11, 19, 13531 }, // U+04C4
    { 17, 19, 277, 0, 15, 41, 13550 }, // U+04C5
    { 14, 14, 225, 0, 11, 25, 13591 }, // U+04C6
    { 11, 19, 245, 2, 15, 27, 13616 }, // U+04C7
    { 10, 15, 200, 1, 11, 19, 13643 }, // U+04C8
    { 13, 19, 262, 2, 15, 31, 13662 }, // U+04C9
    { 12, 14, 209, 1, 11, 21, 13693 }, // U+04CA
    { 11, 19, 227, 1, 15, 27, 13714 }, // U+04CB
    { 10, 14, 189, 1, 11, 18, 13741 }, // U+04CC
    { 18, 19, 317, 1, 15, 43, 13759 }, // U+04CD
    { 15, 14, 265, 1, 11, 27, 13802 }, // U+04CE
    { 3, 15, 96, 1, 15, 6, 13829 }, // U+04CF
    { 15, 20, 240, 0, 20, 38, 13835 }, // U+04D0
    { 10, 17, 184, 1, 17, 22, 13873 }, // U+04D1
    { 15, 19, 240, 0, 19, 36, 13895 }, // U+04D2
    { 10, 16, 184, 1, 16, 20, 13931 }, // U+04D3
    { 20, 15, 331, 0, 15, 38, 13951 }, // U+04D4
    { 16, 11, 291, 1, 11, 22, 13989 }, // U+04D5
    { 10, 20, 202, 2, 20, 25, 14011 }, // U+04D6
    { 10, 17, 195, 1, 17, 22, 14036 }, // U+04D7
    { 13, 15, 243, 1, 15, 25, 14058 }, // U+04D8
    { 10, 11, 195, 1, 11, 14, 14083 }, // U+04D9
    { 13, 19, 243, 1, 19, 31, 14097 }, // U+04DA
    { 10, 16, 195, 1, 16, 20, 14128 }, // U+04DB
    { 21, 19, 328, 0, 19, 50, 14148 }, // U+04DC
    { 17, 16, 283, 0, 16, 34, 14198 }, // U+04DD
    { 11, 20, 203, 1, 20, 28, 14232 }, // U+04DE
    { 8, 16, 165, 1, 16, 16, 14260 }, // U+04DF
    { 12, 15, 205, 0, 15, 23, 14276 }, // U+04E0
    { 10, 15, 172, 0, 11, 19, 14299 }, // U+04E1
    { 12, 18, 252, 2, 18, 27, 14318 }, // U+04E2
    { 11, 15, 206, 1, 15, 21, 14345 }, // U+04E3
    { 12, 19, 252, 2, 19, 29, 14366 }, // U+04E4
    { 11, 16, 206, 1, 16, 22, 14395 }, // U+04E5
    { 15, 19, 263, 1, 19, 36, 14417 }, // U+04E6
    { 11, 16, 202, 1, 16, 22, 14453 }, // U+04E7
    { 15, 15, 263, 1, 15, 29, 14475 }, // U+04E8
    { 11, 11, 202, 1, 11, 16, 14504 }, // U+04E9
    { 15, 19, 263, 1, 19, 36, 14520 }, // U+04EA
    { 11, 16, 202, 1, 16, 22, 14556 }, // U+04EB
    { 12, 19, 227, 1, 19, 29, 14578 }, // U+04EC
    { 9, 16, 174, 1, 16, 18, 14607 }, // U+04ED
    { 13, 18, 217, 0, 18, 30, 14625 }, // U+04EE
    { 11, 19, 182, 0, 15, 27, 14655 }, // U+04EF
    { 13, 19, 217, 0, 19, 31, 14682 }, // U+04F0
    { 11, 20, 182, 0, 16, 28, 14713 }, // U+04F1
    { 13, 21, 217, 0, 21, 35, 14741 }, // U+04F2
    { 11, 21, 182, 0, 17, 29, 14776 }, // U+04F3
    { 11, 19, 227, 1, 19, 27, 14805 }, // U+04F4
    { 10, 16, 189, 1, 16, 20, 14832 }, // U+04F5
    { 9, 19, 198, 2, 15, 22, 14852 }, // U+04F6
    { 9, 14, 151, 1, 11, 16, 14874 }, // U+04F7
    { 15, 19, 309, 2, 19, 36, 14890 }, // U+04F8
    { 14, 16, 275, 1, 16, 28, 14926 }, // U+04F9
    { 13, 13, 223, 0, 13, 22, 14954 }, // U+05D0
    { 12, 13, 192, 0, 13, 20, 14976 }, // U+05D1
    { 9, 13, 143, 0, 13, 15, 14996 }, // U+05D2
    { 11, 13, 186, 0, 13, 18, 15011 }, // U+05D3
    { 11, 13, 216, 1, 13, 18, 15029 }, // U+05D4
    { 6, 13, 118, 0, 13, 10, 15047 }, // U+05D5
    { 7, 13, 129, 1, 13, 12, 15057 }, // U+05D6
    { 13, 13, 225, 0, 13, 22, 15069 }, // U+05D7
    { 12, 13, 217, 1, 13, 20, 15091 }, // U+05D8
    { 6, 8, 117, 0, 13, 6, 15111 }, // U+05D9
    { 10, 17, 185, 1, 13, 22, 15117 }, // U+05DA
    { 10, 13, 170, 0, 13, 17, 15139 }, // U+05DB
    { 11, 16, 185, 1, 16, 22, 15156 }, // U+05DC
    { 13, 13, 227, 1, 13, 22, 15178 }, // U+05DD
    { 14, 13, 235, 0, 13, 23, 15200 }, // U+05DE
    { 6, 17, 119, 0, 13, 13, 15223 }, // U+05DF
    { 7, 13, 136, 0, 13, 12, 15236 }, // U+05E0
    { 12, 13, 226, 1, 13, 20, 15248 }, // U+05E1
    { 12, 14, 210, 1, 13, 21, 15268 }, // U+05E2
    { 12, 17, 215, 1, 13, 26, 15289 }, // U+05E3
    { 12, 13, 208, 1, 13, 20, 15315 }, // U+05E4
    { 12, 17, 201, 0, 13, 26, 15335 }, // U+05E5
    { 11, 13, 199, 1, 13, 18, 15361 }, // U+05E6
    { 12, 17, 216, 1, 13, 26, 15379 }, // U+05E7
    { 9, 13, 176, 1, 13, 15, 15405 }, // U+05E8
    { 14, 13, 262, 1, 13, 23, 15420 }, // U+05E9
    { 13, 13, 237, 1, 13, 22, 15443 }, // U+05EA
    { 4, 6, 115, 1, 6, 3, 15465 }, // U+060C
    { 4, 15, 110, 1, 15, 8, 15468 }, // U+061B
    { 9, 15, 158, 1, 15, 17, 15476 }, // U+061F
    { 10, 11, 168, 0, 10, 14, 15493 }, // U+0621
    { 8, 3, 97, 1, 3, 3, 15507 }, // U+0640
    { 6, 5, 186, 3, 9, 4, 15510 }, // U+0660
    { 6, 14, 186, 3, 14, 11, 15514 }, // U+0661
    { 11, 15, 186, 0, 15, 21, 15525 }, // U+0662
    { 12, 15, 186, 0, 15, 23, 15546 }, // U+0663
    { 10, 14, 186, 1, 14, 18, 15569 }, // U+0664
    { 10, 11, 186, 1, 11, 14, 15587 }, // U+0665
    { 10, 14, 186, 1, 14, 18, 15601 }, // U+0666
    { 12, 15, 186, 0, 15, 23, 15619 }, // U+0667
    { 12, 15, 186, 0, 14, 23, 15642 }, // U+0668
    { 11, 14, 186, 1, 14, 20, 15665 }, // U+0669
    { 14, 13, 248, 1, 8, 23, 15685 }, // U+06BA
    { 5, 2, 108, 1, 2, 2, 15708 }, // U+06D4
    { 6, 5, 186, 3, 9, 4, 15710 }, // U+06F0
    { 6, 14, 186, 3, 14, 11, 15714 }, // U+06F1
    { 11, 15, 186, 0, 15, 21, 15725 }, // U+06F2
    { 12, 15, 186, 0, 15, 23, 15746 }, // U+06F3
    { 11, 15, 186, 0, 15, 21, 15769 }, // U+06F4
    { 12, 14, 186, 1, 14, 21, 15790 }, // U+06F5
    { 10, 15, 186, 1, 14, 19, 15811 }, // U+06F6
    { 12, 15, 186, 0, 15, 23, 15830 }, // U+06F7
    { 12, 15, 186, 0, 14, 23, 15853 }, // U+06F8
    { 11, 14, 186, 1, 14, 20, 15876 }, // U+06F9
    { 10, 12, 208, 1, 12, 15, 15896 }, // U+0E01
    { 10, 12, 197, 0, 12, 15, 15911 }, // U+0E02
    { 11, 12, 200, 0, 12, 17, 15926 }, // U+0E03
    { 10, 12, 215, 1, 12, 15, 15943 }, // U+0E04
    { 11, 12, 219, 1, 12, 17, 15958 }, // U+0E05
    { 11, 12, 213, 0, 12, 17, 15975 }, // U+0E06
    { 11, 12, 190, 0, 12, 17, 15992 }, // U+0E07
    { 10, 12, 186, 0, 12, 15, 16009 }, // U+0E08
    { 10, 12, 208, 2, 12, 15, 16024 }, // U+0E09
    { 11, 12, 200, 0, 12, 17, 16039 }, // U+0E0A
    { 11, 12, 201, 0, 12, 17, 16056 }, // U+0E0B
    { 16, 12, 309, 1, 12, 24, 16073 }, // U+0E0C
    { 17, 16, 312, 1, 12, 34, 16097 }, // U+0E0D
    { 11, 17, 212, 1, 12, 24, 16131 }, // U+0E0E
    { 11, 17, 212, 1, 12, 24, 16155 }, // U+0E0F
    { 11, 17, 191, 0, 12, 24, 16179 }, // U+0E10
    { 11, 12, 217, 1, 12, 17, 16203 }, // U+0E11
    { 17, 12, 314, 1, 12, 26, 16220 }, // U+0E12
    { 16, 12, 312, 1, 12, 24, 16246 }, // U+0E13
    { 11, 12, 211, 1, 12, 17, 16270 }, // U+0E14
    { 11, 12, 218, 1, 12, 17, 16287 }, // U+0E15
    { 10, 12, 208, 1, 12, 15, 16304 }, // U+0E16
    { 10, 12, 215, 2, 12, 15, 16319 }, // U+0E17
    { 10, 12, 186, 1, 12, 15, 16334 }, // U+0E18
    { 10, 12, 215, 1, 12, 15, 16349 }, // U+0E19
    { 10, 12, 211, 1, 12, 15, 16364 }, // U+0E1A
    { 10, 16, 212, 1, 16, 20, 16379 }, // U+0E1B
    { 11, 12, 227, 2, 12, 17, 16399 }, // U+0E1C
    { 11, 16, 228, 2, 16, 22, 16416 }, // U+0E1D
    { 14, 12, 242, 1, 12, 21, 16438 }, // U+0E1E
    { 14, 16, 239, 1, 16, 28, 16459 }, // U+0E1F
    { 11, 12, 212, 1, 12, 17, 16487 }, // U+0E20
    { 10, 12, 215, 2, 12, 15, 16504 }, // U+0E21
    { 10, 12, 207, 1, 12, 15, 16519 }, // U+0E22
    { 9, 12, 173, 1, 12, 14, 16534 }, // U+0E23
    { 10, 17, 208, 1, 12, 22, 16548 }, // U+0E24
    { 10, 12, 200, 1, 12, 15, 16570 }, // U+0E25
    { 11, 17, 212, 1, 12, 24, 16585 }, // U+0E26
    { 9, 12, 171, 1, 12, 14, 16609 }, // U+0E27
    { 12, 12, 220, 1, 12, 18, 16623 }, // U+0E28
    { 12, 12, 225, 1, 12, 18, 16641 }, // U+0E29
    { 11, 12, 201, 1, 12, 17, 16659 }, // U+0E2A
    { 10, 12, 207, 2, 12, 15, 16676 }, // U+0E2B
    { 14, 15, 236, 1, 15, 27, 16691 }, // U+0E2C
    { 10, 12, 198, 1, 12, 15, 16718 }, // U+0E2D
    { 11, 13, 199, 1, 13, 18, 16733 }, // U+0E2E
    { 9, 12, 181, 1, 12, 14, 16751 }, // U+0E2F
    { 6, 10, 119, 1, 11, 8, 16765 }, // U+0E30
    { 8, 4, 0, -7, 17, 4, 16773 }, // U+0E31
    { 7, 12, 145, 1, 12, 11, 16777 }, // U+0E32
    { 14, 17, 145, -6, 17, 30, 16788 }, // U+0E33
    { 10, 2, 0, -11, 15, 3, 16818 }, // U+0E34
    { 10, 4, 0, -11, 17, 5, 16821 }, // U+0E35
    { 10, 4, 0, -12, 17, 5, 16826 }, // U+0E36
    { 10, 4, 0, -12, 17, 5, 16831 }, // U+0E37
    { 4, 4, 0, -5, -2, 2, 16836 }, // U+0E38
    { 8, 5, 0, -9, 0, 5, 16838 }, // U+0E39
    { 3, 2, 0, -5, -2, 1, 16843 }, // U+0E3A
    { 10, 18, 194, 1, 16, 23, 16844 }, // U+0E3F
    { 5, 12, 114, 2, 12, 8, 16867 }, // U+0E40
    { 11, 12, 214, 2, 12, 17, 16875 }, // U+0E41
    { 7, 18, 116, 1, 18, 16, 16892 }, // U+0E42
    { 7, 18, 113, 0, 18, 16, 16908 }, // U+0E43
    { 7, 18, 116, 0, 18, 16, 16924 }, // U+0E44
    { 7, 17, 145, 1, 12, 15, 16940 }, // U+0E45
    { 10, 17, 212, 1, 12, 22, 16955 }, // U+0E46
    { 8, 5, 0, -10, 18, 5, 16977 }, // U+0E47
    { 3, 5, 0, -5, 18, 2, 16982 }, // U+0E48
    { 7, 5, 0, -8, 18, 5, 16984 }, // U+0E49
    { 9, 5, 0, -9, 18, 6, 16989 }, // U+0E4A
    { 6, 6, 0, -7, 19, 5, 16995 }, // U+0E4B
    { 6, 4, 0, -6, 17, 3, 17000 }, // U+0E4C
    { 5, 4, 0, -6, 17, 3, 17003 }, // U+0E4D
    { 6, 4, 0, -6, 17, 3, 17006 }, // U+0E4E
    { 11, 10, 215, 1, 10, 14, 17009 }, // U+0E4F
    { 10, 10, 189, 1, 10, 13, 17023 }, // U+0E50
    { 9, 10, 178, 1, 10, 12, 17036 }, // U+0E51
    { 11, 13, 215, 1, 13, 18, 17048 }, // U+0E52
    { 10, 10, 189, 1, 10, 13, 17066 }, // U+0E53
    { 9, 13, 179, 1, 13, 15, 17079 }, // U+0E54
    { 10, 13, 185, 1, 13, 17, 17094 }, // U+0E55
    { 9, 13, 175, 1, 13, 15, 17111 }, // U+0E56
    { 14, 13, 250, 1, 13, 23, 17126 }, // U+0E57
    { 10, 13, 189, 1, 13, 17, 17149 }, // U+0E58
    { 10, 12, 183, 1, 12, 15, 17166 }, // U+0E59
    { 15, 12, 276, 1, 12, 23, 17181 }, // U+0E5A
    { 17, 8, 302, 1, 10, 17, 17204 }, // U+0E5B
    { 15, 18, 240, 0, 14, 34, 17221 }, // U+1EA0
    { 9, 15, 184, 1, 11, 17, 17255 }, // U+1EA1
    { 15, 20, 240, 0, 20, 38, 17272 }, // U+1EA2
    { 9, 16, 184, 1, 16, 18, 17310 }, // U+1EA3
    { 15, 22, 240, 0, 22, 42, 17328 }, // U+1EA4
    { 11, 19, 184, 1, 19, 27, 17370 }, // U+1EA5
    { 15, 23, 240, 0, 23, 44, 17397 }, // U+1EA6
    { 10, 19, 184, 1, 19, 24, 17441 }, // U+1EA7
    { 15, 23, 240, 0, 23, 44, 17465 }, // U+1EA8
    { 11, 19, 184, 1, 19, 27, 17509 }, // U+1EA9
    { 15, 23, 240, 0, 23, 44, 17536 }, // U+1EAA
    { 9, 20, 184, 1, 20, 23, 17580 }, // U+1EAB
    { 15, 24, 240, 0, 20, 45, 17603 }, // U+1EAC
    { 9, 20, 184, 1, 16, 23, 17648 }, // U+1EAD
    { 15, 23, 240, 0, 23, 44, 17671 }, // U+1EAE
    { 9, 21, 184, 1, 21, 24, 17715 }, // U+1EAF
    { 15, 23, 240, 0, 23, 44, 17739 }, // U+1EB0
    { 9, 20, 184, 1, 20, 23, 17783 }, // U+1EB1
    { 15, 24, 240, 0, 24, 45, 17806 }, // U+1EB2
    { 9, 21, 184, 1, 21, 24, 17851 }, // U+1EB3
    { 15, 23, 240, 0, 23, 44, 17875 }, // U+1EB4
    { 9, 20, 184, 1, 20, 23, 17919 }, // U+1EB5
    { 15, 23, 240, 0, 19, 44, 17942 }, // U+1EB6
    { 9, 20, 184, 1, 16, 23, 17986 }, // U+1EB7
    { 10, 18, 202, 2, 14, 23, 18009 }, // U+1EB8
    { 10, 15, 195, 1, 11, 19, 18032 }, // U+1EB9
    { 10, 20, 202, 2, 20, 25, 18051 }, // U+1EBA
    { 10, 16, 195, 1, 16, 20, 18076 }, // U+1EBB
    { 10, 19, 202, 2, 19, 24, 18096 }, // U+1EBC
    { 10, 16, 195, 1, 16, 20, 18120 }, // U+1EBD
    { 11, 23, 202, 2, 23, 32, 18140 }, // U+1EBE
    { 12, 19, 195, 1, 19, 29, 18172 }, // U+1EBF
    { 10, 23, 202, 2, 23, 29, 18201 }, // U+1EC0
    { 10, 19, 195, 1, 19, 24, 18230 }, // U+1EC1
    { 11, 23, 202, 2, 23, 32, 18254 }, // U+1EC2
    { 11, 19, 195, 1, 19, 27, 18286 }, // U+1EC3
    { 10, 24, 202, 2, 24, 30, 18313 }, // U+1EC4
    { 10, 20, 195, 1, 20, 25, 18343 }, // U+1EC5
    { 10, 24, 202, 2, 20, 30, 18368 }, // U+1EC6
    { 10, 20, 195, 1, 16, 25, 18398 }, // U+1EC7
    { 5, 20, 105, 1, 20, 13, 18423 }, // U+1EC8
    { 4, 16, 96, 1, 16, 8, 18436 }, // U+1EC9
    { 3, 18, 105, 2, 14, 7, 18444 }, // U+1ECA
    { 4, 20, 96, 1, 16, 10, 18451 }, // U+1ECB
    { 14, 19, 263, 1, 15, 34, 18461 }, // U+1ECC
    { 11, 15, 202, 1, 11, 21, 18495 }, // U+1ECD
    { 14, 20, 263, 1, 20, 35, 18516 }, // U+1ECE
    { 11, 16, 202, 1, 16, 22, 18551 }, // U+1ECF
    { 14, 23, 263, 1, 23, 41, 18573 }, // U+1ED0
    { 12, 19, 202, 1, 19, 29, 18614 }, // U+1ED1
    { 14, 23, 263, 1, 23, 41, 18643 }, // U+1ED2
    { 11, 20, 202, 1, 20, 28, 18684 }, // U+1ED3
    { 14, 23, 263, 1, 23, 41, 18712 }, // U+1ED4
    { 11, 19, 202, 1, 19, 27, 18753 }, // U+1ED5
    { 14, 24, 263, 1, 24, 42, 18780 }, // U+1ED6
    { 11, 20, 202, 1, 20, 28, 18822 }, // U+1ED7
    { 14, 24, 263, 1, 20, 42, 18850 }, // U+1ED8
    { 11, 20, 202, 1, 16, 28, 18892 }, // U+1ED9
    { 14, 20, 263, 1, 20, 35, 18920 }, // U+1EDA
    { 12, 17, 202, 1, 17, 26, 18955 }, // U+1EDB
    { 14, 20, 263, 1, 20, 35, 18981 }, // U+1EDC
    { 12, 17, 202, 1, 17, 26, 19016 }, // U+1EDD
    { 14, 20, 263, 1, 20, 35, 19042 }, // U+1EDE
    { 12, 16, 202, 1, 16, 24, 19077 }, // U+1EDF
    { 14, 19, 263, 1, 19, 34, 19101 }, // U+1EE0
    { 12, 16, 202, 1, 16, 24, 19135 }, // U+1EE1
    { 14, 21, 263, 1, 17, 37, 19159 }, // U+1EE2
    { 12, 17, 202, 1, 13, 26, 19196 }, // U+1EE3
    { 12, 18, 236, 1, 14, 27, 19222 }, // U+1EE4
    { 10, 15, 196, 1, 11, 19, 19249 }, // U+1EE5
    { 12, 20, 236, 1, 20, 30, 19268 }, // U+1EE6
    { 10, 16, 196, 1, 16, 20, 19298 }, // U+1EE7
    { 15, 20, 249, 1, 20, 38, 19318 }, // U+1EE8
    { 12, 17, 209, 1, 17, 26, 19356 }, // U+1EE9
    { 15, 20, 249, 1, 20, 38, 19382 }, // U+1EEA
    { 12, 17, 209, 1, 17, 26, 19420 }, // U+1EEB
    { 15, 20, 249, 1, 20, 38, 19446 }, // U+1EEC
    { 12, 16, 209, 1, 16, 24, 19484 }, // U+1EED
    { 15, 19, 249, 1, 19, 36, 19508 }, // U+1EEE
    { 12, 16, 209, 1, 16, 24, 19544 }, // U+1EEF
    { 15, 21, 249, 1, 17, 40, 19568 }, // U+1EF0
    { 12, 17, 209, 1, 13, 26, 19608 }, // U+1EF1
    { 13, 21, 220, 0, 21, 35, 19634 }, // U+1EF2
    { 11, 21, 182, 0, 17, 29, 19669 }, // U+1EF3
    { 14, 18, 220, 0, 14, 32, 19698 }, // U+1EF4
    { 12, 15, 182, 0, 11, 23, 19730 }, // U+1EF5
    { 14, 20, 220, 0, 20, 35, 19753 }, // U+1EF6
    { 11, 20, 182, 0, 16, 28, 19788 }, // U+1EF7
    { 14, 19, 220, 0, 19, 34, 19816 }, // U+1EF8
    { 11, 20, 182, 0, 16, 28, 19850 }, // U+1EF9
    { 1, 1, 43, 0, 1, 1, 19878 }, // U+2009
    { 1, 1, 0, 0, 1, 1, 19879 }, // U+200B
    { 1, 15, 0, 0, 14, 2, 19880 }, // U+200C
    { 5, 15, 0, -2, 14, 10, 19882 }, // U+200D
    { 5, 16, 0, 0, 15, 10, 19892 }, // U+200E
    { 5, 16, 0, -4, 15, 10, 19902 }, // U+200F
    { 6, 3, 107, 1, 7, 3, 19912 }, // U+2010
    { 6, 3, 107, 1, 7, 3, 19915 }, // U+2011
    { 11, 3, 167, 0, 8, 5, 19918 }, // U+2013
    { 21, 3, 333, 0, 8, 8, 19923 }, // U+2014
    { 21, 3, 333, 0, 8, 8, 19931 }, // U+2015
    { 4, 6, 81, 1, 16, 3, 19939 }, // U+2018
    { 4, 6, 81, 0, 16, 3, 19942 }, // U+2019
    { 4, 6, 81, 0, 3, 3, 19945 }, // U+201A
    { 9, 6, 151, 1, 16, 7, 19948 }, // U+201C
    { 9, 6, 151, 0, 16, 7, 19955 }, // U+201D
    { 9, 6, 151, 0, 3, 7, 19962 }, // U+201E
    { 9, 18, 165, 1, 15, 21, 19969 }, // U+2020
    { 9, 18, 165, 1, 15, 21, 19990 }, // U+2021
    { 6, 6, 121, 1, 10, 5, 20011 }, // U+2022
    { 18, 4, 333, 2, 4, 9, 20016 }, // U+2026
    { 1, 1, 43, 0, 1, 1, 20025 }, // U+202F
    { 26, 15, 440, 1, 15, 49, 20026 }, // U+2030
    { 5, 9, 109, 0, 10, 6, 20075 }, // U+2039
    { 5, 9, 109, 2, 10, 6, 20081 }, // U+203A
    { 11, 15, 51, -4, 15, 21, 20087 }, // U+2044
    { 4, 15, 110, 1, 15, 8, 20108 }, // U+204F
    { 7, 9, 121, 0, 15, 8, 20116 }, // U+2070
    { 8, 8, 121, 0, 15, 8, 20124 }, // U+2074
    { 6, 9, 121, 1, 15, 7, 20132 }, // U+2075
    { 6, 9, 121, 1, 15, 7, 20139 }, // U+2076
    { 6, 8, 121, 1, 15, 6, 20146 }, // U+2077
    { 7, 9, 121, 0, 15, 8, 20152 }, // U+2078
    { 6, 9, 121, 1, 15, 7, 20160 }, // U+2079
    { 7, 9, 121, 0, 9, 8, 20167 }, // U+2080
    { 5, 9, 121, 1, 9, 6, 20175 }, // U+2081
    { 7, 9, 121, 0, 9, 8, 20181 }, // U+2082
    { 7, 9, 121, 0, 9, 8, 20189 }, // U+2083
    { 8, 8, 121, 0, 9, 8, 20197 }, // U+2084
    { 6, 9, 121, 1, 9, 7, 20205 }, // U+2085
    { 6, 9, 121, 1, 9, 7, 20212 }, // U+2086
    { 6, 8, 121, 1, 9, 6, 20219 }, // U+2087
    { 7, 9, 121, 0, 9, 8, 20225 }, // U+2088
    { 6, 9, 121, 1, 9, 7, 20233 }, // U+2089
    { 15, 13, 291, 1, 13, 25, 20240 }, // U+20AA
    { 11, 15, 189, 1, 15, 21, 20265 }, // U+20AC
    { 11, 15, 189, 0, 15, 21, 20286 }, // U+20AE
    { 12, 15, 189, 0, 15, 23, 20307 }, // U+20B4
    { 12, 15, 189, 1, 15, 23, 20330 }, // U+20B9
    { 11, 15, 204, 1, 15, 21, 20353 }, // U+2202
    { 15, 15, 231, 0, 15, 29, 20374 }, // U+2206
    { 11, 17, 243, 2, 15, 24, 20403 }, // U+220F
    { 10, 17, 181, 0, 15, 22, 20427 }, // U+2211
    { 10, 3, 189, 1, 8, 4, 20449 }, // U+2212
    { 11, 15, 51, -4, 15, 21, 20453 }, // U+2215
    { 4, 4, 82, 1, 9, 2, 20474 }, // U+2219
    { 13, 15, 201, 1, 15, 25, 20476 }, // U+221A
    { 11, 7, 212, 1, 10, 10, 20501 }, // U+221E
    { 9, 19, 134, 0, 15, 22, 20511 }, // U+222B
    { 11, 11, 189, 1, 12, 16, 20533 }, // U+2248
    { 10, 14, 189, 1, 14, 18, 20549 }, // U+2260
    { 10, 13, 189, 1, 13, 17, 20567 }, // U+2264
    { 10, 13, 189, 1, 13, 17, 20584 }, // U+2265
    { 17, 16, 280, 1, 16, 34, 20601 }, // U+FB00
    { 11, 16, 236, 1, 16, 22, 20635 }, // U+FB01
    { 13, 16, 245, 1, 16, 26, 20657 }, // U+FB02
    { 19, 16, 376, 1, 16, 38, 20683 }, // U+FB03
    { 21, 16, 385, 1, 16, 42, 20721 }, // U+FB04
    { 20, 18, 348, 1, 10, 45, 20763 }, // U+FB56
    { 25, 17, 381, 1, 9, 54, 20808 }, // U+FB57
    { 8, 18, 131, 0, 10, 18, 20862 }, // U+FB58
    { 11, 15, 144, 1, 7, 21, 20880 }, // U+FB59
    { 20, 16, 348, 1, 16, 40, 20901 }, // U+FB66
    { 25, 16, 381, 1, 16, 50, 20941 }, // U+FB67
    { 6, 19, 109, 0, 19, 15, 20991 }, // U+FB68
    { 11, 16, 144, 1, 16, 22, 21006 }, // U+FB69
    { 13, 19, 237, 1, 12, 31, 21028 }, // U+FB7A
    { 18, 19, 257, 1, 12, 43, 21059 }, // U+FB7B
    { 13, 18, 219, 1, 10, 30, 21102 }, // U+FB7C
    { 16, 18, 229, 1, 10, 36, 21132 }, // U+FB7D
    { 10, 19, 177, 0, 19, 24, 21168 }, // U+FB88
    { 14, 19, 190, 0, 19, 34, 21192 }, // U+FB89
    { 9, 21, 138, 0, 17, 24, 21226 }, // U+FB8A
    { 12, 22, 146, 0, 17, 33, 21250 }, // U+FB8B
    { 8, 22, 138, 0, 17, 22, 21283 }, // U+FB8C
    { 12, 22, 146, 0, 17, 33, 21305 }, // U+FB8D
    { 19, 15, 315, 1, 15, 36, 21338 }, // U+FB8E
    { 22, 15, 327, 1, 15, 42, 21374 }, // U+FB8F
    { 10, 15, 156, 1, 15, 19, 21416 }, // U+FB90
    { 12, 15, 169, 1, 15, 23, 21435 }, // U+FB91
    { 19, 19, 315, 1, 19, 46, 21458 }, // U+FB92
    { 22, 19, 327, 1, 19, 53, 21504 }, // U+FB93
    { 11, 19, 156, 0, 19, 27, 21557 }, // U+FB94
    { 13, 19, 169, 0, 19, 31, 21584 }, // U+FB95
    { 14, 13, 248, 1, 8, 23, 21615 }, // U+FB9E
    { 18, 12, 261, 1, 8, 27, 21638 }, // U+FB9F
    { 9, 12, 173, 1, 12, 14, 21665 }, // U+FBA6
    { 15, 9, 209, 1, 9, 17, 21679 }, // U+FBA7
    { 6, 14, 107, 1, 10, 11, 21696 }, // U+FBA8
    { 13, 11, 170, 0, 5, 18, 21707 }, // U+FBA9
    { 15, 13, 260, 1, 13, 25, 21725 }, // U+FBAA
    { 17, 16, 239, 0, 11, 34, 21750 }, // U+FBAB
    { 13, 13, 220, 1, 13, 22, 21784 }, // U+FBAC
    { 14, 16, 193, 1, 11, 28, 21806 }, // U+FBAD
    { 18, 12, 306, 1, 12, 27, 21834 }, // U+FBAE
    { 14, 9, 182, 0, 3, 16, 21861 }, // U+FBAF
    { 18, 17, 306, 1, 17, 39, 21877 }, // U+FBB0
    { 14, 16, 182, 0, 10, 28, 21916 }, // U+FBB1
    { 17, 15, 276, 1, 10, 32, 21944 }, // U+FBFC
    { 18, 9, 267, 1, 5, 21, 21976 }, // U+FBFD
    { 8, 15, 131, 0, 10, 15, 21997 }, // U+FBFE
    { 11, 12, 144, 1, 7, 17, 22012 }, // U+FBFF
    { 10, 11, 168, 0, 10, 14, 22029 }, // U+FE80
    { 7, 19, 103, -1, 19, 17, 22043 }, // U+FE81
    { 10, 21, 110, -1, 21, 27, 22060 }, // U+FE82
    { 5, 21, 103, 1, 21, 14, 22087 }, // U+FE83
    { 9, 22, 110, 1, 22, 25, 22101 }, // U+FE84
    { 10, 20, 173, 0, 15, 25, 22126 }, // U+FE85
    { 13, 21, 173, 0, 16, 35, 22151 }, // U+FE86
    { 5, 22, 103, 1, 16, 14, 22186 }, // U+FE87
    { 8, 22, 110, 1, 16, 22, 22200 }, // U+FE88
    { 17, 16, 276, 1, 11, 34, 22222 }, // U+FE89
    { 18, 15, 267, 1, 11, 34, 22256 }, // U+FE8A
    { 6, 17, 109, 1, 17, 13, 22290 }, // U+FE8B
    { 10, 15, 128, 1, 15, 19, 22303 }, // U+FE8C
    { 4, 16, 103, 1, 16, 8, 22322 }, // U+FE8D
    { 8, 16, 110, 1, 16, 16, 22330 }, // U+FE8E
    { 20, 15, 348, 1, 10, 38, 22346 }, // U+FE8F
    { 25, 14, 381, 1, 9, 44, 22384 }, // U+FE90
    { 6, 15, 109, 0, 10, 12, 22428 }, // U+FE91
    { 10, 12, 128, 1, 7, 15, 22440 }, // U+FE92
    { 9, 17, 173, 1, 17, 20, 22455 }, // U+FE93
    { 14, 19, 199, 1, 19, 34, 22475 }, // U+FE94
    { 20, 13, 348, 1, 13, 33, 22509 }, // U+FE95
    { 25, 13, 381, 1, 13, 41, 22542 }, // U+FE96
    { 7, 16, 109, 0, 16, 14, 22583 }, // U+FE97
    { 11, 13, 144, 1, 13, 18, 22597 }, // U+FE98
    { 20, 16, 348, 1, 16, 40, 22615 }, // U+FE99
    { 25, 16, 381, 1, 16, 50, 22655 }, // U+FE9A
    { 7, 19, 109, 0, 19, 17, 22705 }, // U+FE9B
    { 11, 17, 144, 1, 17, 24, 22722 }, // U+FE9C
    { 14, 19, 234, 1, 11, 34, 22746 }, // U+FE9D
    { 17, 19, 240, 1, 11, 41, 22780 }, // U+FE9E
    { 14, 15, 219, 0, 10, 27, 22821 }, // U+FE9F
    { 16, 15, 229, 1, 10, 30, 22848 }, // U+FEA0
    { 14, 19, 234, 1, 11, 34, 22878 }, // U+FEA1
    { 17, 19, 240, 1, 11, 41, 22912 }, // U+FEA2
    { 13, 10, 219, 0, 10, 17, 22953 }, // U+FEA3
    { 16, 10, 229, 1, 10, 20, 22970 }, // U+FEA4
    { 13, 25, 234, 1, 17, 41, 22990 }, // U+FEA5
    { 17, 25, 240, 1, 17, 54, 23031 }, // U+FEA6
    { 14, 16, 219, 1, 16, 28, 23085 }, // U+FEA7
    { 16, 16, 229, 1, 16, 32, 23113 }, // U+FEA8
    { 9, 11, 177, 1, 11, 13, 23145 }, // U+FEA9
    { 13, 11, 190, 1, 11, 18, 23158 }, // U+FEAA
    { 9, 17, 177, 1, 17, 20, 23176 }, // U+FEAB
    { 13, 17, 190, 1, 17, 28, 23196 }, // U+FEAC
    { 9, 14, 138, -1, 9, 16, 23224 }, // U+FEAD
    { 12, 13, 146, -1, 8, 20, 23240 }, // U+FEAE
    { 9, 18, 138, -1, 14, 21, 23260 }, // U+FEAF
    { 12, 19, 146, -1, 14, 29, 23281 }, // U+FEB0
    { 28, 14, 469, 1, 10, 49, 23310 }, // U+FEB1
    { 32, 13, 490, 1, 9, 52, 23359 }, // U+FEB2
    { 20, 10, 335, 1, 10, 25, 23411 }, // U+FEB3
    { 24, 9, 356, 1, 9, 27, 23436 }, // U+FEB4
    { 28, 21, 469, 1, 17, 74, 23463 }, // U+FEB5
    { 32, 21, 490, 1, 17, 84, 23537 }, // U+FEB6
    { 20, 17, 335, 1, 17, 43, 23621 }, // U+FEB7
    { 24, 17, 356, 0, 17, 51, 23664 }, // U+FEB8
    { 29, 14, 483, 1, 10, 51, 23715 }, // U+FEB9
    { 32, 14, 488, 1, 10, 56, 23766 }, // U+FEBA
    { 20, 10, 333, 1, 10, 25, 23822 }, // U+FEBB
    { 23, 10, 341, 1, 10, 29, 23847 }, // U+FEBC
    { 29, 19, 483, 1, 15, 69, 23876 }, // U+FEBD
    { 32, 19, 488, 1, 15, 76, 23945 }, // U+FEBE
    { 20, 15, 333, 1, 15, 38, 24021 }, // U+FEBF
    { 23, 15, 341, 1, 15, 44, 24059 }, // U+FEC0
    { 17, 16, 286, 0, 16, 34, 24103 }, // U+FEC1
    { 20, 16, 290, 0, 16, 40, 24137 }, // U+FEC2
    { 15, 16, 254, 1, 16, 30, 24177 }, // U+FEC3
    { 18, 16, 258, 1, 16, 36, 24207 }, // U+FEC4
    { 17, 16, 286, 0, 16, 34, 24243 }, // U+FEC5
    { 20, 16, 290, 0, 16, 40, 24277 }, // U+FEC6
    { 15, 16, 254, 1, 16, 30, 24317 }, // U+FEC7
    { 18, 16, 258, 1, 16, 36, 24347 }, // U+FEC8
    { 13, 20, 199, 1, 12, 33, 24383 }, // U+FEC9
    { 14, 19, 201, 1, 11, 34, 24416 }, // U+FECA
    { 12, 11, 189, 0, 11, 17, 24450 }, // U+FECB
    { 14, 11, 188, 1, 11, 20, 24467 }, // U+FECC
    { 14, 26, 199, 1, 18, 46, 24487 }, // U+FECD
    { 14, 24, 201, 1, 16, 42, 24533 }, // U+FECE
    { 12, 16, 189, 0, 16, 24, 24575 }, // U+FECF
    { 14, 16, 188, 1, 16, 28, 24599 }, // U+FED0
    { 20, 18, 342, 1, 18, 45, 24627 }, // U+FED1
    { 24, 16, 365, 1, 16, 48, 24672 }, // U+FED2
    { 10, 18, 175, 1, 18, 23, 24720 }, // U+FED3
    { 13, 16, 175, 1, 16, 26, 24743 }, // U+FED4
    { 16, 19, 283, 1, 16, 38, 24769 }, // U+FED5
    { 19, 19, 280, 1, 14, 46, 24807 }, // U+FED6
    { 10, 17, 175, 1, 17, 22, 24853 }, // U+FED7
    { 13, 16, 175, 1, 16, 26, 24875 }, // U+FED8
    { 18, 16, 317, 1, 16, 36, 24901 }, // U+FED9
    { 22, 16, 328, 1, 16, 44, 24937 }, // U+FEDA
    { 10, 15, 156, 1, 15, 19, 24981 }, // U+FEDB
    { 12, 15, 169, 1, 15, 23, 25000 }, // U+FEDC
    { 14, 20, 249, 1, 16, 35, 25023 }, // U+FEDD
    { 18, 20, 261, 1, 16, 45, 25058 }, // U+FEDE
    { 6, 16, 106, 0, 16, 12, 25103 }, // U+FEDF
    { 9, 16, 114, 1, 16, 18, 25115 }, // U+FEE0
    { 11, 18, 197, 1, 9, 25, 25133 }, // U+FEE1
    { 16, 18, 228, 1, 10, 36, 25158 }, // U+FEE2
    { 11, 9, 199, 1, 9, 13, 25194 }, // U+FEE3
    { 16, 10, 222, 1, 10, 20, 25207 }, // U+FEE4
    { 14, 18, 248, 1, 13, 32, 25227 }, // U+FEE5
    { 18, 17, 261, 1, 13, 39, 25259 }, // U+FEE6
    { 6, 16, 109, 1, 16, 12, 25298 }, // U+FEE7
    { 10, 14, 128, 1, 14, 18, 25310 }, // U+FEE8
    { 9, 12, 173, 1, 12, 14, 25328 }, // U+FEE9
    { 14, 13, 199, 1, 13, 23, 25342 }, // U+FEEA
    { 13, 13, 220, 1, 13, 22, 25365 }, // U+FEEB
    { 14, 16, 193, 1, 11, 28, 25387 }, // U+FEEC
    { 10, 14, 173, 0, 9, 18, 25415 }, // U+FEED
    { 13, 14, 173, 0, 9, 23, 25433 }, // U+FEEE
    { 17, 15, 276, 1, 10, 32, 25456 }, // U+FEEF
    { 18, 9, 267, 1, 5, 21, 25488 }, // U+FEF0
    { 17, 20, 276, 1, 10, 43, 25509 }, // U+FEF1
    { 18, 15, 267, 1, 5, 34, 25552 }, // U+FEF2
    { 8, 15, 131, 0, 10, 15, 25586 }, // U+FEF3
    { 11, 12, 144, 1, 7, 17, 25601 }, // U+FEF4
    { 14, 18, 219, -1, 18, 32, 25618 }, // U+FEF5
    { 18, 18, 230, -1, 18, 41, 25650 }, // U+FEF6
    { 13, 20, 219, 0, 20, 33, 25691 }, // U+FEF7
    { 17, 20, 230, 0, 20, 43, 25724 }, // U+FEF8
    { 12, 22, 219, 1, 16, 33, 25767 }, // U+FEF9
    { 16, 22, 230, 1, 16, 44, 25800 }, // U+FEFA
    { 12, 16, 219, 1, 16, 24, 25844 }, // U+FEFB
    { 16, 16, 230, 1, 16, 32, 25868 }, // U+FEFC
};

static const EpdUnicodeInterval ubuntu_10_boldIntervals[] = {
    { 0x0, 0x0, 0x0 },
    { 0x8, 0x9, 0x1 },
    { 0xD, 0xD, 0x3 },
    { 0x1D, 0x1D, 0x4 },
    { 0x20, 0x7E, 0x5 },
    { 0xA0, 0x17F, 0x64 },
    { 0x1A0, 0x1A1, 0x144 },
    { 0x1AF, 0x1B0, 0x146 },
    { 0x1C4, 0x21F, 0x148 },
    { 0x300, 0x304, 0x1A4 },
    { 0x306, 0x308, 0x1A9 },
    { 0x30A, 0x30C, 0x1AC },
    { 0x311, 0x312, 0x1AF },
    { 0x326, 0x328, 0x1B1 },
    { 0x331, 0x331, 0x1B4 },
    { 0x34F, 0x34F, 0x1B5 },
    { 0x400, 0x45F, 0x1B6 },
    { 0x462, 0x463, 0x216 },
    { 0x472, 0x475, 0x218 },
    { 0x48A, 0x4F9, 0x21C },
    { 0x5D0, 0x5EA, 0x28C },
    { 0x60C, 0x60C, 0x2A7 },
    { 0x61B, 0x61B, 0x2A8 },
    { 0x61F, 0x61F, 0x2A9 },
    { 0x621, 0x621, 0x2AA },
    { 0x640, 0x640, 0x2AB },
    { 0x660, 0x669, 0x2AC },
    { 0x6BA, 0x6BA, 0x2B6 },
    { 0x6D4, 0x6D4, 0x2B7 },
    { 0x6F0, 0x6F9, 0x2B8 },
    { 0xE01, 0xE3A, 0x2C2 },
    { 0xE3F, 0xE5B, 0x2FC },
    { 0x1EA0, 0x1EF9, 0x319 },
    { 0x2009, 0x2009, 0x373 },
    { 0x200B, 0x2011, 0x374 },
    { 0x2013, 0x2015, 0x37B },
    { 0x2018, 0x201A, 0x37E },
    { 0x201C, 0x201E, 0x381 },
    { 0x2020, 0x2022, 0x384 },
    { 0x2026, 0x2026, 0x387 },
    { 0x202F, 0x2030, 0x388 },
    { 0x2039, 0x203A, 0x38A },
    { 0x2044, 0x2044, 0x38C },
    { 0x204F, 0x204F, 0x38D },
    { 0x2070, 0x2070, 0x38E },
    { 0x2074, 0x2079, 0x38F },
    { 0x2080, 0x2089, 0x395 },
    { 0x20AA, 0x20AA, 0x39F },
    { 0x20AC, 0x20AC, 0x3A0 },
    { 0x20AE, 0x20AE, 0x3A1 },
    { 0x20B4, 0x20B4, 0x3A2 },
    { 0x20B9, 0x20B9, 0x3A3 },
    { 0x2202, 0x2202, 0x3A4 },
    { 0x2206, 0x2206, 0x3A5 },
    { 0x220F, 0x220F, 0x3A6 },
    { 0x2211, 0x2212, 0x3A7 },
    { 0x2215, 0x2215, 0x3A9 },
    { 0x2219, 0x221A, 0x3AA },
    { 0x221E, 0x221E, 0x3AC },
    { 0x222B, 0x222B, 0x3AD },
    { 0x2248, 0x2248, 0x3AE },
    { 0x2260, 0x2260, 0x3AF },
    { 0x2264, 0x2265, 0x3B0 },
    { 0xFB00, 0xFB04, 0x3B2 },
    { 0xFB56, 0xFB59, 0x3B7 },
    { 0xFB66, 0xFB69, 0x3BB },
    { 0xFB7A, 0xFB7D, 0x3BF },
    { 0xFB88, 0xFB95, 0x3C3 },
    { 0xFB9E, 0xFB9F, 0x3D1 },
    { 0xFBA6, 0xFBB1, 0x3D3 },
    { 0xFBFC, 0xFBFF, 0x3DF },
    { 0xFE80, 0xFEFC, 0x3E3 },
};

static const EpdKernClassEntry ubuntu_10_boldKernLeftClasses[] = {
    { 0x0022, 1 }, // "
    { 0x0026, 2 }, // &
    { 0x0027, 1 }, // '
    { 0x0028, 3 }, // (
    { 0x0029, 4 }, // )
    { 0x002A, 5 }, // *
    { 0x002C, 6 }, // ,
    { 0x002D, 7 }, // -
    { 0x002E, 6 }, // .
    { 0x002F, 8 }, // /
    { 0x003A, 9 }, // :
    { 0x003B, 9 }, // ;
    { 0x0040, 10 }, // @
    { 0x0041, 11 }, // A
    { 0x0042, 12 }, // B
    { 0x0043, 13 }, // C
    { 0x0044, 14 }, // D
    { 0x0045, 15 }, // E
    { 0x0046, 16 }, // F
    { 0x0047, 17 }, // G
    { 0x0048, 18 }, // H
    { 0x0049, 18 }, // I
    { 0x004A, 19 }, // J
    { 0x004B, 20 }, // K
    { 0x004C, 21 }, // L
    { 0x004D, 22 }, // M
    { 0x004E, 18 }, // N
    { 0x004F, 23 }, // O
    { 0x0050, 24 }, // P
    { 0x0051, 25 }, // Q
    { 0x0052, 26 }, // R
    { 0x0053, 27 }, // S
    { 0x0054, 28 }, // T
    { 0x0055, 29 }, // U
    { 0x0056, 30 }, // V
    { 0x0057, 31 }, // W
    { 0x0058, 32 }, // X
    { 0x0059, 33 }, // Y
    { 0x005A, 34 }, // Z
    { 0x005B, 35 }, // [
    { 0x005C, 36 }, // <backslash>
    { 0x005D, 37 }, // ]
    { 0x0061, 38 }, // a
    { 0x0062, 39 }, // b
    { 0x0063, 40 }, // c
    { 0x0064, 41 }, // d
    { 0x0066, 42 }, // f
    { 0x0067, 43 }, // g
    { 0x0068, 44 }, // h
    { 0x0069, 45 }, // i
    { 0x006A, 46 }, // j
    { 0x006B, 47 }, // k
    { 0x006C, 48 }, // l
    { 0x006D, 49 }, // m
    { 0x006E, 49 }, // n
    { 0x006F, 50 }, // o
    { 0x0070, 39 }, // p
    { 0x0071, 51 }, // q
    { 0x0072, 52 }, // r
    { 0x0073, 53 }, // s
    { 0x0074, 54 }, // t
    { 0x0075, 55 }, // u
    { 0x0076, 56 }, // v
    { 0x0077, 57 }, // w
    { 0x0078, 58 }, // x
    { 0x0079, 59 }, // y
    { 0x007A, 60 }, // z
    { 0x007B, 61 }, // {
    { 0x007D, 62 }, // }
    { 0x00A1, 63 }, // U+00A1
    { 0x00AB, 64 }, // U+00AB
    { 0x00BB, 65 }, // U+00BB
    { 0x00BF, 66 }, // U+00BF
    { 0x00C0, 11 }, // U+00C0
    { 0x00C1, 11 }, // U+00C1
    { 0x00C2, 11 }, // U+00C2
    { 0x00C3, 11 }, // U+00C3
    { 0x00C4, 11 }, // U+00C4
    { 0x00C5, 11 }, // U+00C5
    { 0x00C6, 15 }, // U+00C6
    { 0x00C7, 13 }, // U+00C7
    { 0x00C8, 15 }, // U+00C8
    { 0x00C9, 15 }, // U+00C9
    { 0x00CA, 15 }, // U+00CA
    { 0x00CB, 15 }, // U+00CB
    { 0x00CC, 18 }, // U+00CC
    { 0x00CD, 18 }, // U+00CD
    { 0x00CE, 18 }, // U+00CE
    { 0x00CF, 18 }, // U+00CF
    { 0x00D0, 14 }, // U+00D0
    { 0x00D1, 18 }, // U+00D1
    { 0x00D2, 23 }, // U+00D2
    { 0x00D3, 23 }, // U+00D3
    { 0x00D4, 23 }, // U+00D4
    { 0x00D5, 23 }, // U+00D5
    { 0x00D6, 23 }, // U+00D6
    { 0x00D8, 23 }, // U+00D8
    { 0x00D9, 29 }, // U+00D9
    { 0x00DA, 29 }, // U+00DA
    { 0x00DB, 29 }, // U+00DB
    { 0x00DC, 29 }, // U+00DC
    { 0x00DD, 33 }, // U+00DD
    { 0x00DE, 67 }, // U+00DE
    { 0x00DF, 68 }, // U+00DF
    { 0x00E0, 38 }, // U+00E0
    { 0x00E1, 38 }, // U+00E1
    { 0x00E2, 38 }, // U+00E2
    { 0x00E3, 38 }, // U+00E3
    { 0x00E4, 38 }, // U+00E4
    { 0x00E5, 38 }, // U+00E5
    { 0x00E7, 40 }, // U+00E7
    { 0x00EC, 45 }, // U+00EC
    { 0x00ED, 45 }, // U+00ED
    { 0x00EE, 45 }, // U+00EE
    { 0x00EF, 45 }, // U+00EF
    { 0x00F0, 69 }, // U+00F0
    { 0x00F1, 49 }, // U+00F1
    { 0x00F2, 50 }, // U+00F2
    { 0x00F3, 50 }, // U+00F3
    { 0x00F4, 50 }, // U+00F4
    { 0x00F5, 50 }, // U+00F5
    { 0x00F6, 50 }, // U+00F6
    { 0x00F8, 50 }, // U+00F8
    { 0x00F9, 55 }, // U+00F9
    { 0x00FA, 55 }, // U+00FA
    { 0x00FB, 55 }, // U+00FB
    { 0x00FC, 55 }, // U+00FC
    { 0x00FD, 59 }, // U+00FD
    { 0x00FE, 70 }, // U+00FE
    { 0x00FF, 59 }, // U+00FF
    { 0x0100, 11 }, // U+0100
    { 0x0101, 38 }, // U+0101
    { 0x0102, 11 }, // U+0102
    { 0x0103, 38 }, // U+0103
    { 0x0104, 11 }, // U+0104
    { 0x0105, 38 }, // U+0105
    { 0x0106, 13 }, // U+0106
    { 0x0107, 40 }, // U+0107
    { 0x0108, 13 }, // U+0108
    { 0x0109, 40 }, // U+0109
    { 0x010A, 13 }, // U+010A
    { 0x010B, 40 }, // U+010B
    { 0x010C, 13 }, // U+010C
    { 0x010D, 40 }, // U+010D
    { 0x010E, 14 }, // U+010E
    { 0x010F, 71 }, // U+010F
    { 0x0110, 14 }, // U+0110
    { 0x0111, 41 }, // U+0111
    { 0x0112, 15 }, // U+0112
    { 0x0114, 15 }, // U+0114
    { 0x0116, 15 }, // U+0116
    { 0x0118, 15 }, // U+0118
    { 0x011A, 15 }, // U+011A
    { 0x011C, 17 }, // U+011C
    { 0x011D, 43 }, // U+011D
    { 0x011E, 17 }, // U+011E
    { 0x011F, 43 }, // U+011F
    { 0x0120, 17 }, // U+0120
    { 0x0121, 43 }, // U+0121
    { 0x0122, 17 }, // U+0122
    { 0x0123, 43 }, // U+0123
    { 0x0124, 18 }, // U+0124
    { 0x0125, 44 }, // U+0125
    { 0x0126, 18 }, // U+0126
    { 0x0127, 44 }, // U+0127
    { 0x0128, 18 }, // U+0128
    { 0x0129, 45 }, // U+0129
    { 0x012A, 18 }, // U+012A
    { 0x012B, 45 }, // U+012B
    { 0x012C, 18 }, // U+012C
    { 0x012D, 45 }, // U+012D
    { 0x012E, 18 }, // U+012E
    { 0x012F, 45 }, // U+012F
    { 0x0130, 18 }, // U+0130
    { 0x0131, 45 }, // U+0131
    { 0x0132, 19 }, // U+0132
    { 0x0133, 46 }, // U+0133
    { 0x0134, 19 }, // U+0134
    { 0x0135, 46 }, // U+0135
    { 0x0136, 20 }, // U+0136
    { 0x0137, 47 }, // U+0137
    { 0x0138, 47 }, // U+0138
    { 0x0139, 21 }, // U+0139
    { 0x013A, 48 }, // U+013A
    { 0x013B, 21 }, // U+013B
    { 0x013C, 48 }, // U+013C
    { 0x013D, 21 }, // U+013D
    { 0x013E, 71 }, // U+013E
    { 0x013F, 21 }, // U+013F
    { 0x0140, 48 }, // U+0140
    { 0x0141, 21 }, // U+0141
    { 0x0142, 48 }, // U+0142
    { 0x0143, 18 }, // U+0143
    { 0x0144, 49 }, // U+0144
    { 0x0145, 18 }, // U+0145
    { 0x0146, 49 }, // U+0146
    { 0x0147, 18 }, // U+0147
    { 0x0148, 49 }, // U+0148
    { 0x0149, 49 }, // U+0149
    { 0x014A, 72 }, // U+014A
    { 0x014B, 73 }, // U+014B
    { 0x014C, 23 }, // U+014C
    { 0x014D, 50 }, // U+014D
    { 0x014E, 23 }, // U+014E
    { 0x014F, 50 }, // U+014F
    { 0x0150, 23 }, // U+0150
    { 0x0151, 50 }, // U+0151
    { 0x0152, 15 }, // U+0152
    { 0x0154, 26 }, // U+0154
    { 0x0155, 52 }, // U+0155
    { 0x0156, 26 }, // U+0156
    { 0x0157, 52 }, // U+0157
    { 0x0158, 26 }, // U+0158
    { 0x0159, 52 }, // U+0159
    { 0x015A, 27 }, // U+015A
    { 0x015B, 53 }, // U+015B
    { 0x015C, 27 }, // U+015C
    { 0x015D, 53 }, // U+015D
    { 0x015E, 27 }, // U+015E
    { 0x015F, 53 }, // U+015F
    { 0x0160, 27 }, // U+0160
    { 0x0161, 53 }, // U+0161
    { 0x0162, 28 }, // U+0162
    { 0x0163, 54 }, // U+0163
    { 0x0164, 28 }, // U+0164
    { 0x0165, 54 }, // U+0165
    { 0x0166, 28 }, // U+0166
    { 0x0167, 54 }, // U+0167
    { 0x0168, 29 }, // U+0168
    { 0x0169, 55 }, // U+0169
    { 0x016A, 29 }, // U+016A
    { 0x016B, 55 }, // U+016B
    { 0x016C, 29 }, // U+016C
    { 0x016D, 55 }, // U+016D
    { 0x016E, 29 }, // U+016E
    { 0x016F, 55 }, // U+016F
    { 0x0170, 29 }, // U+0170
    { 0x0171, 55 }, // U+0171
    { 0x0172, 29 }, // U+0172
    { 0x0173, 55 }, // U+0173
    { 0x0174, 31 }, // U+0174
    { 0x0175, 57 }, // U+0175
    { 0x0176, 33 }, // U+0176
    { 0x0177, 59 }, // U+0177
    { 0x0178, 33 }, // U+0178
    { 0x0179, 34 }, // U+0179
    { 0x017A, 60 }, // U+017A
    { 0x017B, 34 }, // U+017B
    { 0x017C, 60 }, // U+017C
    { 0x017D, 34 }, // U+017D
    { 0x017E, 60 }, // U+017E
    { 0x017F, 42 }, // U+017F
    { 0x01A0, 74 }, // U+01A0
    { 0x01C4, 34 }, // U+01C4
    { 0x01C5, 60 }, // U+01C5
    { 0x01C6, 60 }, // U+01C6
    { 0x01C7, 19 }, // U+01C7
    { 0x01C8, 46 }, // U+01C8
    { 0x01C9, 46 }, // U+01C9
    { 0x01CA, 19 }, // U+01CA
    { 0x01CB, 46 }, // U+01CB
    { 0x01CC, 46 }, // U+01CC
    { 0x01CD, 11 }, // U+01CD
    { 0x01CE, 38 }, // U+01CE
    { 0x01CF, 18 }, // U+01CF
    { 0x01D0, 45 }, // U+01D0
    { 0x01D1, 23 }, // U+01D1
    { 0x01D2, 50 }, // U+01D2
    { 0x01D3, 29 }, // U+01D3
    { 0x01D4, 55 }, // U+01D4
    { 0x01D5, 29 }, // U+01D5
    { 0x01D6, 55 }, // U+01D6
    { 0x01D7, 29 }, // U+01D7
    { 0x01D8, 55 }, // U+01D8
    { 0x01D9, 29 }, // U+01D9
    { 0x01DA, 55 }, // U+01DA
    { 0x01DB, 29 }, // U+01DB
    { 0x01DC, 55 }, // U+01DC
    { 0x01DD, 50 }, // U+01DD
    { 0x01DE, 11 }, // U+01DE
    { 0x01DF, 38 }, // U+01DF
    { 0x01E0, 11 }, // U+01E0
    { 0x01E1, 38 }, // U+01E1
    { 0x01E2, 15 }, // U+01E2
    { 0x01E4, 17 }, // U+01E4
    { 0x01E5, 43 }, // U+01E5
    { 0x01E6, 17 }, // U+01E6
    { 0x01E7, 43 }, // U+01E7
    { 0x01E8, 20 }, // U+01E8
    { 0x01E9, 47 }, // U+01E9
    { 0x01EA, 23 }, // U+01EA
    { 0x01EB, 50 }, // U+01EB
    { 0x01EC, 23 }, // U+01EC
    { 0x01ED, 50 }, // U+01ED
    { 0x01EE, 75 }, // U+01EE
    { 0x01EF, 76 }, // U+01EF
    { 0x01F0, 46 }, // U+01F0
    { 0x01F1, 34 }, // U+01F1
    { 0x01F2, 60 }, // U+01F2
    { 0x01F3, 60 }, // U+01F3
    { 0x01F4, 17 }, // U+01F4
    { 0x01F5, 43 }, // U+01F5
    { 0x01F6, 55 }, // U+01F6
    { 0x01F7, 77 }, // U+01F7
    { 0x01F8, 18 }, // U+01F8
    { 0x01F9, 49 }, // U+01F9
    { 0x01FA, 11 }, // U+01FA
    { 0x01FB, 38 }, // U+01FB
    { 0x01FC, 15 }, // U+01FC
    { 0x01FE, 23 }, // U+01FE
    { 0x01FF, 50 }, // U+01FF
    { 0x0200, 11 }, // U+0200
    { 0x0201, 38 }, // U+0201
    { 0x0202, 11 }, // U+0202
    { 0x0203, 38 }, // U+0203
    { 0x0204, 15 }, // U+0204
    { 0x0206, 15 }, // U+0206
    { 0x0208, 18 }, // U+0208
    { 0x0209, 45 }, // U+0209
    { 0x020A, 18 }, // U+020A
    { 0x020B, 45 }, // U+020B
    { 0x020C, 23 }, // U+020C
    { 0x020D, 50 }, // U+020D
    { 0x020E, 23 }, // U+020E
    { 0x020F, 50 }, // U+020F
    { 0x0210, 26 }, // U+0210
    { 0x0211, 52 }, // U+0211
    { 0x0212, 26 }, // U+0212
    { 0x0213, 52 }, // U+0213
    { 0x0214, 29 }, // U+0214
    { 0x0215, 55 }, // U+0215
    { 0x0216, 29 }, // U+0216
    { 0x0217, 55 }, // U+0217
    { 0x0218, 27 }, // U+0218
    { 0x0219, 53 }, // U+0219
    { 0x021A, 28 }, // U+021A
    { 0x021B, 54 }, // U+021B
    { 0x021C, 78 }, // U+021C
    { 0x021E, 18 }, // U+021E
    { 0x021F, 44 }, // U+021F
    { 0x0400, 79 }, // U+0400
    { 0x0401, 79 }, // U+0401
    { 0x0402, 80 }, // U+0402
    { 0x0403, 81 }, // U+0403
    { 0x0404, 82 }, // U+0404
    { 0x0405, 83 }, // U+0405
    { 0x0406, 18 }, // U+0406
    { 0x0407, 18 }, // U+0407
    { 0x0408, 84 }, // U+0408
    { 0x0409, 85 }, // U+0409
    { 0x040A, 85 }, // U+040A
    { 0x040B, 86 }, // U+040B
    { 0x040C, 87 }, // U+040C
    { 0x040D, 18 }, // U+040D
    { 0x040E, 88 }, // U+040E
    { 0x040F, 18 }, // U+040F
    { 0x0410, 89 }, // U+0410
    { 0x0411, 80 }, // U+0411
    { 0x0412, 90 }, // U+0412
    { 0x0413, 81 }, // U+0413
    { 0x0414, 91 }, // U+0414
    { 0x0415, 79 }, // U+0415
    { 0x0416, 92 }, // U+0416
    { 0x0417, 93 }, // U+0417
    { 0x0418, 18 }, // U+0418
    { 0x0419, 18 }, // U+0419
    { 0x041A, 87 }, // U+041A
    { 0x041C, 94 }, // U+041C
    { 0x041D, 18 }, // U+041D
    { 0x041E, 95 }, // U+041E
    { 0x041F, 18 }, // U+041F
    { 0x0420, 96 }, // U+0420
    { 0x0421, 82 }, // U+0421
    { 0x0422, 97 }, // U+0422
    { 0x0423, 88 }, // U+0423
    { 0x0424, 98 }, // U+0424
    { 0x0425, 99 }, // U+0425
    { 0x0426, 91 }, // U+0426
    { 0x0428, 18 }, // U+0428
    { 0x0429, 91 }, // U+0429
    { 0x042A, 85 }, // U+042A
    { 0x042B, 18 }, // U+042B
    { 0x042C, 85 }, // U+042C
    { 0x042D, 100 }, // U+042D
    { 0x042E, 95 }, // U+042E
    { 0x0430, 101 }, // U+0430
    { 0x0431, 102 }, // U+0431
    { 0x0432, 103 }, // U+0432
    { 0x0433, 104 }, // U+0433
    { 0x0434, 105 }, // U+0434
    { 0x0435, 106 }, // U+0435
    { 0x0436, 107 }, // U+0436
    { 0x0437, 108 }, // U+0437
    { 0x043A, 109 }, // U+043A
    { 0x043B, 110 }, // U+043B
    { 0x043C, 111 }, // U+043C
    { 0x043D, 112 }, // U+043D
    { 0x043E, 113 }, // U+043E
    { 0x043F, 112 }, // U+043F
    { 0x0440, 114 }, // U+0440
    { 0x0441, 115 }, // U+0441
    { 0x0442, 116 }, // U+0442
    { 0x0443, 117 }, // U+0443
    { 0x0444, 118 }, // U+0444
    { 0x0445, 119 }, // U+0445
    { 0x0446, 105 }, // U+0446
    { 0x0447, 112 }, // U+0447
    { 0x0448, 112 }, // U+0448
    { 0x0449, 105 }, // U+0449
    { 0x044A, 120 }, // U+044A
    { 0x044B, 112 }, // U+044B
    { 0x044C, 120 }, // U+044C
    { 0x044D, 121 }, // U+044D
    { 0x044E, 122 }, // U+044E
    { 0x044F, 123 }, // U+044F
    { 0x0450, 106 }, // U+0450
    { 0x0451, 106 }, // U+0451
    { 0x0452, 124 }, // U+0452
    { 0x0453, 104 }, // U+0453
    { 0x0454, 125 }, // U+0454
    { 0x0455, 126 }, // U+0455
    { 0x0456, 127 }, // U+0456
    { 0x0457, 127 }, // U+0457
    { 0x0458, 128 }, // U+0458
    { 0x0459, 120 }, // U+0459
    { 0x045A, 120 }, // U+045A
    { 0x045B, 129 }, // U+045B
    { 0x045C, 109 }, // U+045C
    { 0x045E, 117 }, // U+045E
    { 0x045F, 130 }, // U+045F
    { 0x0462, 80 }, // U+0462
    { 0x0463, 131 }, // U+0463
    { 0x0472, 95 }, // U+0472
    { 0x0473, 113 }, // U+0473
    { 0x0474, 132 }, // U+0474
    { 0x0475, 133 }, // U+0475
    { 0x048A, 91 }, // U+048A
    { 0x048B, 105 }, // U+048B
    { 0x048C, 85 }, // U+048C
    { 0x048D, 120 }, // U+048D
    { 0x048F, 114 }, // U+048F
    { 0x0490, 81 }, // U+0490
    { 0x0491, 104 }, // U+0491
    { 0x0492, 81 }, // U+0492
    { 0x0493, 104 }, // U+0493
    { 0x0494, 80 }, // U+0494
    { 0x0495, 134 }, // U+0495
    { 0x0496, 92 }, // U+0496
    { 0x0497, 107 }, // U+0497
    { 0x0498, 93 }, // U+0498
    { 0x0499, 108 }, // U+0499
    { 0x049A, 87 }, // U+049A
    { 0x049B, 109 }, // U+049B
    { 0x049C, 87 }, // U+049C
    { 0x049D, 109 }, // U+049D
    { 0x049E, 87 }, // U+049E
    { 0x049F, 109 }, // U+049F
    { 0x04A0, 87 }, // U+04A0
    { 0x04A1, 109 }, // U+04A1
    { 0x04A2, 91 }, // U+04A2
    { 0x04A3, 105 }, // U+04A3
    { 0x04A4, 97 }, // U+04A4
    { 0x04A5, 104 }, // U+04A5
    { 0x04A6, 85 }, // U+04A6
    { 0x04A7, 135 }, // U+04A7
    { 0x04A8, 136 }, // U+04A8
    { 0x04A9, 137 }, // U+04A9
    { 0x04AA, 82 }, // U+04AA
    { 0x04AB, 115 }, // U+04AB
    { 0x04AC, 97 }, // U+04AC
    { 0x04AD, 116 }, // U+04AD
    { 0x04AE, 138 }, // U+04AE
    { 0x04AF, 139 }, // U+04AF
    { 0x04B0, 138 }, // U+04B0
    { 0x04B1, 139 }, // U+04B1
    { 0x04B2, 99 }, // U+04B2
    { 0x04B3, 119 }, // U+04B3
    { 0x04B4, 91 }, // U+04B4
    { 0x04B5, 105 }, // U+04B5
    { 0x04B6, 91 }, // U+04B6
    { 0x04B7, 105 }, // U+04B7
    { 0x04BA, 140 }, // U+04BA
    { 0x04BB, 141 }, // U+04BB
    { 0x04BC, 142 }, // U+04BC
    { 0x04BE, 142 }, // U+04BE
    { 0x04C0, 18 }, // U+04C0
    { 0x04C1, 92 }, // U+04C1
    { 0x04C2, 107 }, // U+04C2
    { 0x04C3, 143 }, // U+04C3
    { 0x04C4, 144 }, // U+04C4
    { 0x04C6, 105 }, // U+04C6
    { 0x04C7, 84 }, // U+04C7
    { 0x04C8, 145 }, // U+04C8
    { 0x04C9, 91 }, // U+04C9
    { 0x04CA, 105 }, // U+04CA
    { 0x04CC, 112 }, // U+04CC
    { 0x04CD, 91 }, // U+04CD
    { 0x04CE, 105 }, // U+04CE
    { 0x04CF, 18 }, // U+04CF
    { 0x04D0, 89 }, // U+04D0
    { 0x04D1, 101 }, // U+04D1
    { 0x04D2, 89 }, // U+04D2
    { 0x04D3, 101 }, // U+04D3
    { 0x04D4, 146 }, // U+04D4
    { 0x04D5, 147 }, // U+04D5
    { 0x04D6, 79 }, // U+04D6
    { 0x04D7, 106 }, // U+04D7
    { 0x04D8, 148 }, // U+04D8
    { 0x04DA, 148 }, // U+04DA
    { 0x04DC, 92 }, // U+04DC
    { 0x04DD, 107 }, // U+04DD
    { 0x04DE, 93 }, // U+04DE
    { 0x04DF, 108 }, // U+04DF
    { 0x04E0, 149 }, // U+04E0
    { 0x04E1, 150 }, // U+04E1
    { 0x04E2, 18 }, // U+04E2
    { 0x04E4, 18 }, // U+04E4
    { 0x04E6, 95 }, // U+04E6
    { 0x04E7, 113 }, // U+04E7
    { 0x04E8, 95 }, // U+04E8
    { 0x04E9, 113 }, // U+04E9
    { 0x04EA, 95 }, // U+04EA
    { 0x04EB, 113 }, // U+04EB
    { 0x04EC, 100 }, // U+04EC
    { 0x04ED, 108 }, // U+04ED
    { 0x04EE, 88 }, // U+04EE
    { 0x04EF, 117 }, // U+04EF
    { 0x04F0, 88 }, // U+04F0
    { 0x04F1, 117 }, // U+04F1
    { 0x04F2, 88 }, // U+04F2
    { 0x04F3, 117 }, // U+04F3
    { 0x04F6, 81 }, // U+04F6
    { 0x04F7, 104 }, // U+04F7
    { 0x04F8, 18 }, // U+04F8
    { 0x04F9, 112 }, // U+04F9
    { 0x05D0, 151 }, // U+05D0
    { 0x05D1, 152 }, // U+05D1
    { 0x05D2, 153 }, // U+05D2
    { 0x05D3, 154 }, // U+05D3
    { 0x05D5, 155 }, // U+05D5
    { 0x05D8, 156 }, // U+05D8
    { 0x05D9, 157 }, // U+05D9
    { 0x05DB, 158 }, // U+05DB
    { 0x05DC, 159 }, // U+05DC
    { 0x05DE, 160 }, // U+05DE
    { 0x05E0, 161 }, // U+05E0
    { 0x05E1, 162 }, // U+05E1
    { 0x05E2, 163 }, // U+05E2
    { 0x05E4, 164 }, // U+05E4
    { 0x05E6, 165 }, // U+05E6
    { 0x05E8, 166 }, // U+05E8
    { 0x05E9, 167 }, // U+05E9
    { 0x05EA, 168 }, // U+05EA
    { 0x0E40, 169 }, // U+0E40
    { 0x0E41, 169 }, // U+0E41
    { 0x0E42, 169 }, // U+0E42
    { 0x0E43, 169 }, // U+0E43
    { 0x0E44, 169 }, // U+0E44
    { 0x0E50, 170 }, // U+0E50
    { 0x0E51, 170 }, // U+0E51
    { 0x0E54, 171 }, // U+0E54
    { 0x0E55, 171 }, // U+0E55
    { 0x0E59, 172 }, // U+0E59
    { 0x1EF2, 33 }, // U+1EF2
    { 0x1EF3, 59 }, // U+1EF3
    { 0x2013, 7 }, // U+2013
    { 0x2014, 7 }, // U+2014
    { 0x2018, 173 }, // U+2018
    { 0x2019, 174 }, // U+2019
    { 0x201A, 175 }, // U+201A
    { 0x201C, 173 }, // U+201C
    { 0x201D, 174 }, // U+201D
    { 0x201E, 175 }, // U+201E
    { 0x2026, 6 }, // U+2026
    { 0x2039, 64 }, // U+2039
    { 0x203A, 65 }, // U+203A
    { 0xFB00, 42 }, // U+FB00
    { 0xFB01, 45 }, // U+FB01
    { 0xFB02, 48 }, // U+FB02
    { 0xFB03, 45 }, // U+FB03
    { 0xFB04, 48 }, // U+FB04
    { 0xFB8C, 176 }, // U+FB8C
    { 0xFEAD, 176 }, // U+FEAD
    { 0xFEAE, 176 }, // U+FEAE
    { 0xFEAF, 176 }, // U+FEAF
};

static const EpdKernClassEntry ubuntu_10_boldKernRightClasses[] = {
    { 0x0021, 1 }, // !
    { 0x0022, 2 }, // "
    { 0x0026, 3 }, // &
    { 0x0027, 2 }, // '
    { 0x0028, 4 }, // (
    { 0x0029, 5 }, // )
    { 0x002A, 6 }, // *
    { 0x002C, 7 }, // ,
    { 0x002D, 8 }, // -
    { 0x002E, 7 }, // .
    { 0x002F, 9 }, // /
    { 0x003A, 10 }, // :
    { 0x003B, 10 }, // ;
    { 0x003F, 11 }, // ?
    { 0x0040, 12 }, // @
    { 0x0041, 13 }, // A
    { 0x0042, 14 }, // B
    { 0x0043, 15 }, // C
    { 0x0044, 14 }, // D
    { 0x0045, 14 }, // E
    { 0x0046, 14 }, // F
    { 0x0047, 16 }, // G
    { 0x0048, 14 }, // H
    { 0x0049, 14 }, // I
    { 0x004A, 17 }, // J
    { 0x004B, 14 }, // K
    { 0x004C, 14 }, // L
    { 0x004D, 18 }, // M
    { 0x004E, 14 }, // N
    { 0x004F, 19 }, // O
    { 0x0050, 14 }, // P
    { 0x0051, 19 }, // Q
    { 0x0052, 14 }, // R
    { 0x0053, 20 }, // S
    { 0x0054, 21 }, // T
    { 0x0055, 22 }, // U
    { 0x0056, 23 }, // V
    { 0x0057, 24 }, // W
    { 0x0058, 25 }, // X
    { 0x0059, 26 }, // Y
    { 0x005A, 27 }, // Z
    { 0x005B, 28 }, // [
    { 0x005C, 29 }, // <backslash>
    { 0x005D, 30 }, // ]
    { 0x0061, 31 }, // a
    { 0x0062, 32 }, // b
    { 0x0063, 33 }, // c
    { 0x0064, 34 }, // d
    { 0x0065, 33 }, // e
    { 0x0066, 35 }, // f
    { 0x0067, 33 }, // g
    { 0x0068, 36 }, // h
    { 0x0069, 37 }, // i
    { 0x006A, 38 }, // j
    { 0x006B, 36 }, // k
    { 0x006C, 36 }, // l
    { 0x006D, 39 }, // m
    { 0x006E, 39 }, // n
    { 0x006F, 34 }, // o
    { 0x0070, 39 }, // p
    { 0x0071, 33 }, // q
    { 0x0072, 39 }, // r
    { 0x0073, 40 }, // s
    { 0x0074, 41 }, // t
    { 0x0075, 42 }, // u
    { 0x0076, 43 }, // v
    { 0x0077, 44 }, // w
    { 0x0078, 45 }, // x
    { 0x0079, 46 }, // y
    { 0x007A, 47 }, // z
    { 0x007B, 48 }, // {
    { 0x007D, 49 }, // }
    { 0x00AB, 50 }, // U+00AB
    { 0x00BB, 51 }, // U+00BB
    { 0x00C0, 13 }, // U+00C0
    { 0x00C1, 13 }, // U+00C1
    { 0x00C2, 13 }, // U+00C2
    { 0x00C3, 13 }, // U+00C3
    { 0x00C4, 13 }, // U+00C4
    { 0x00C5, 13 }, // U+00C5
    { 0x00C6, 52 }, // U+00C6
    { 0x00C7, 15 }, // U+00C7
    { 0x00C8, 14 }, // U+00C8
    { 0x00C9, 14 }, // U+00C9
    { 0x00CA, 14 }, // U+00CA
    { 0x00CB, 14 }, // U+00CB
    { 0x00CC, 14 }, // U+00CC
    { 0x00CD, 14 }, // U+00CD
    { 0x00CE, 14 }, // U+00CE
    { 0x00CF, 14 }, // U+00CF
    { 0x00D0, 14 }, // U+00D0
    { 0x00D1, 14 }, // U+00D1
    { 0x00D2, 19 }, // U+00D2
    { 0x00D3, 19 }, // U+00D3
    { 0x00D4, 19 }, // U+00D4
    { 0x00D5, 19 }, // U+00D5
    { 0x00D6, 19 }, // U+00D6
    { 0x00D8, 19 }, // U+00D8
    { 0x00D9, 22 }, // U+00D9
    { 0x00DA, 22 }, // U+00DA
    { 0x00DB, 22 }, // U+00DB
    { 0x00DC, 22 }, // U+00DC
    { 0x00DD, 26 }, // U+00DD
    { 0x00DF, 53 }, // U+00DF
    { 0x00E0, 31 }, // U+00E0
    { 0x00E1, 31 }, // U+00E1
    { 0x00E2, 31 }, // U+00E2
    { 0x00E3, 31 }, // U+00E3
    { 0x00E4, 54 }, // U+00E4
    { 0x00E5, 31 }, // U+00E5
    { 0x00E6, 31 }, // U+00E6
    { 0x00E7, 33 }, // U+00E7
    { 0x00E8, 33 }, // U+00E8
    { 0x00E9, 33 }, // U+00E9
    { 0x00EA, 33 }, // U+00EA
    { 0x00EB, 33 }, // U+00EB
    { 0x00EC, 55 }, // U+00EC
    { 0x00ED, 37 }, // U+00ED
    { 0x00EE, 56 }, // U+00EE
    { 0x00EF, 57 }, // U+00EF
    { 0x00F0, 58 }, // U+00F0
    { 0x00F1, 39 }, // U+00F1
    { 0x00F2, 34 }, // U+00F2
    { 0x00F3, 34 }, // U+00F3
    { 0x00F4, 34 }, // U+00F4
    { 0x00F5, 34 }, // U+00F5
    { 0x00F6, 34 }, // U+00F6
    { 0x00F8, 34 }, // U+00F8
    { 0x00F9, 42 }, // U+00F9
    { 0x00FA, 42 }, // U+00FA
    { 0x00FB, 42 }, // U+00FB
    { 0x00FC, 42 }, // U+00FC
    { 0x00FD, 46 }, // U+00FD
    { 0x00FF, 46 }, // U+00FF
    { 0x0100, 13 }, // U+0100
    { 0x0101, 31 }, // U+0101
    { 0x0102, 13 }, // U+0102
    { 0x0103, 31 }, // U+0103
    { 0x0104, 13 }, // U+0104
    { 0x0105, 31 }, // U+0105
    { 0x0106, 15 }, // U+0106
    { 0x0107, 33 }, // U+0107
    { 0x0108, 15 }, // U+0108
    { 0x0109, 33 }, // U+0109
    { 0x010A, 15 }, // U+010A
    { 0x010B, 33 }, // U+010B
    { 0x010C, 15 }, // U+010C
    { 0x010D, 33 }, // U+010D
    { 0x010E, 14 }, // U+010E
    { 0x010F, 34 }, // U+010F
    { 0x0111, 34 }, // U+0111
    { 0x0112, 14 }, // U+0112
    { 0x0113, 33 }, // U+0113
    { 0x0114, 14 }, // U+0114
    { 0x0115, 33 }, // U+0115
    { 0x0116, 14 }, // U+0116
    { 0x0117, 33 }, // U+0117
    { 0x0118, 14 }, // U+0118
    { 0x0119, 33 }, // U+0119
    { 0x011A, 14 }, // U+011A
    { 0x011B, 33 }, // U+011B
    { 0x011C, 16 }, // U+011C
    { 0x011D, 33 }, // U+011D
    { 0x011E, 16 }, // U+011E
    { 0x011F, 33 }, // U+011F
    { 0x0120, 16 }, // U+0120
    { 0x0121, 33 }, // U+0121
    { 0x0122, 16 }, // U+0122
    { 0x0123, 33 }, // U+0123
    { 0x0124, 14 }, // U+0124
    { 0x0125, 36 }, // U+0125
    { 0x0126, 14 }, // U+0126
    { 0x0127, 36 }, // U+0127
    { 0x0128, 14 }, // U+0128
    { 0x0129, 59 }, // U+0129
    { 0x012A, 14 }, // U+012A
    { 0x012B, 60 }, // U+012B
    { 0x012C, 14 }, // U+012C
    { 0x012D, 61 }, // U+012D
    { 0x012E, 14 }, // U+012E
    { 0x012F, 37 }, // U+012F
    { 0x0130, 14 }, // U+0130
    { 0x0131, 37 }, // U+0131
    { 0x0132, 14 }, // U+0132
    { 0x0133, 37 }, // U+0133
    { 0x0134, 17 }, // U+0134
    { 0x0135, 38 }, // U+0135
    { 0x0136, 14 }, // U+0136
    { 0x0137, 36 }, // U+0137
    { 0x0139, 14 }, // U+0139
    { 0x013A, 36 }, // U+013A
    { 0x013B, 14 }, // U+013B
    { 0x013C, 36 }, // U+013C
    { 0x013D, 14 }, // U+013D
    { 0x013E, 36 }, // U+013E
    { 0x013F, 14 }, // U+013F
    { 0x0140, 36 }, // U+0140
    { 0x0141, 14 }, // U+0141
    { 0x0142, 36 }, // U+0142
    { 0x0143, 14 }, // U+0143
    { 0x0144, 39 }, // U+0144
    { 0x0145, 14 }, // U+0145
    { 0x0146, 39 }, // U+0146
    { 0x0147, 14 }, // U+0147
    { 0x0148, 39 }, // U+0148
    { 0x0149, 39 }, // U+0149
    { 0x014A, 62 }, // U+014A
    { 0x014B, 63 }, // U+014B
    { 0x014C, 19 }, // U+014C
    { 0x014D, 34 }, // U+014D
    { 0x014E, 19 }, // U+014E
    { 0x014F, 34 }, // U+014F
    { 0x0150, 19 }, // U+0150
    { 0x0151, 34 }, // U+0151
    { 0x0152, 19 }, // U+0152
    { 0x0153, 34 }, // U+0153
    { 0x0154, 14 }, // U+0154
    { 0x0155, 39 }, // U+0155
    { 0x0156, 14 }, // U+0156
    { 0x0157, 39 }, // U+0157
    { 0x0158, 14 }, // U+0158
    { 0x0159, 39 }, // U+0159
    { 0x015A, 20 }, // U+015A
    { 0x015B, 40 }, // U+015B
    { 0x015C, 20 }, // U+015C
    { 0x015D, 40 }, // U+015D
    { 0x015E, 20 }, // U+015E
    { 0x015F, 40 }, // U+015F
    { 0x0160, 20 }, // U+0160
    { 0x0161, 40 }, // U+0161
    { 0x0162, 21 }, // U+0162
    { 0x0163, 41 }, // U+0163
    { 0x0164, 21 }, // U+0164
    { 0x0165, 41 }, // U+0165
    { 0x0166, 21 }, // U+0166
    { 0x0167, 41 }, // U+0167
    { 0x0168, 22 }, // U+0168
    { 0x0169, 42 }, // U+0169
    { 0x016A, 22 }, // U+016A
    { 0x016B, 42 }, // U+016B
    { 0x016C, 22 }, // U+016C
    { 0x016D, 42 }, // U+016D
    { 0x016E, 22 }, // U+016E
    { 0x016F, 42 }, // U+016F
    { 0x0170, 22 }, // U+0170
    { 0x0171, 42 }, // U+0171
    { 0x0172, 22 }, // U+0172
    { 0x0173, 42 }, // U+0173
    { 0x0174, 24 }, // U+0174
    { 0x0175, 44 }, // U+0175
    { 0x0176, 26 }, // U+0176
    { 0x0177, 46 }, // U+0177
    { 0x0178, 26 }, // U+0178
    { 0x0179, 27 }, // U+0179
    { 0x017A, 47 }, // U+017A
    { 0x017B, 27 }, // U+017B
    { 0x017C, 47 }, // U+017C
    { 0x017D, 27 }, // U+017D
    { 0x017E, 47 }, // U+017E
    { 0x017F, 35 }, // U+017F
    { 0x01A0, 19 }, // U+01A0
    { 0x01A1, 34 }, // U+01A1
    { 0x01AF, 22 }, // U+01AF
    { 0x01B0, 42 }, // U+01B0
    { 0x01C4, 14 }, // U+01C4
    { 0x01C5, 14 }, // U+01C5
    { 0x01C6, 34 }, // U+01C6
    { 0x01C7, 14 }, // U+01C7
    { 0x01C8, 14 }, // U+01C8
    { 0x01C9, 36 }, // U+01C9
    { 0x01CA, 14 }, // U+01CA
    { 0x01CB, 14 }, // U+01CB
    { 0x01CC, 39 }, // U+01CC
    { 0x01CD, 13 }, // U+01CD
    { 0x01CE, 31 }, // U+01CE
    { 0x01CF, 14 }, // U+01CF
    { 0x01D0, 37 }, // U+01D0
    { 0x01D1, 19 }, // U+01D1
    { 0x01D2, 34 }, // U+01D2
    { 0x01D3, 22 }, // U+01D3
    { 0x01D4, 42 }, // U+01D4
    { 0x01D5, 22 }, // U+01D5
    { 0x01D6, 42 }, // U+01D6
    { 0x01D7, 22 }, // U+01D7
    { 0x01D8, 42 }, // U+01D8
    { 0x01D9, 22 }, // U+01D9
    { 0x01DA, 42 }, // U+01DA
    { 0x01DB, 22 }, // U+01DB
    { 0x01DC, 42 }, // U+01DC
    { 0x01DD, 64 }, // U+01DD
    { 0x01DE, 13 }, // U+01DE
    { 0x01DF, 31 }, // U+01DF
    { 0x01E0, 13 }, // U+01E0
    { 0x01E1, 31 }, // U+01E1
    { 0x01E2, 52 }, // U+01E2
    { 0x01E3, 31 }, // U+01E3
    { 0x01E4, 16 }, // U+01E4
    { 0x01E5, 33 }, // U+01E5
    { 0x01E6, 16 }, // U+01E6
    { 0x01E7, 33 }, // U+01E7
    { 0x01E8, 14 }, // U+01E8
    { 0x01E9, 36 }, // U+01E9
    { 0x01EA, 19 }, // U+01EA
    { 0x01EB, 34 }, // U+01EB
    { 0x01EC, 19 }, // U+01EC
    { 0x01ED, 34 }, // U+01ED
    { 0x01EE, 65 }, // U+01EE
    { 0x01F0, 38 }, // U+01F0
    { 0x01F1, 14 }, // U+01F1
    { 0x01F2, 14 }, // U+01F2
    { 0x01F3, 34 }, // U+01F3
    { 0x01F4, 16 }, // U+01F4
    { 0x01F5, 33 }, // U+01F5
    { 0x01F8, 14 }, // U+01F8
    { 0x01F9, 39 }, // U+01F9
    { 0x01FA, 13 }, // U+01FA
    { 0x01FB, 31 }, // U+01FB
    { 0x01FC, 52 }, // U+01FC
    { 0x01FD, 31 }, // U+01FD
    { 0x01FE, 19 }, // U+01FE
    { 0x01FF, 34 }, // U+01FF
    { 0x0200, 13 }, // U+0200
    { 0x0201, 31 }, // U+0201
    { 0x0202, 13 }, // U+0202
    { 0x0203, 31 }, // U+0203
    { 0x0204, 14 }, // U+0204
    { 0x0205, 33 }, // U+0205
    { 0x0206, 14 }, // U+0206
    { 0x0207, 33 }, // U+0207
    { 0x0208, 14 }, // U+0208
    { 0x0209, 37 }, // U+0209
    { 0x020A, 14 }, // U+020A
    { 0x020B, 37 }, // U+020B
    { 0x020C, 19 }, // U+020C
    { 0x020D, 34 }, // U+020D
    { 0x020E, 19 }, // U+020E
    { 0x020F, 34 }, // U+020F
    { 0x0210, 14 }, // U+0210
    { 0x0211, 39 }, // U+0211
    { 0x0212, 14 }, // U+0212
    { 0x0213, 39 }, // U+0213
    { 0x0214, 22 }, // U+0214
    { 0x0215, 42 }, // U+0215
    { 0x0216, 22 }, // U+0216
    { 0x0217, 42 }, // U+0217
    { 0x0218, 20 }, // U+0218
    { 0x0219, 40 }, // U+0219
    { 0x021A, 21 }, // U+021A
    { 0x021B, 41 }, // U+021B
    { 0x021C, 66 }, // U+021C
    { 0x021D, 67 }, // U+021D
    { 0x021E, 14 }, // U+021E
    { 0x021F, 36 }, // U+021F
    { 0x0402, 68 }, // U+0402
    { 0x0404, 69 }, // U+0404
    { 0x0405, 70 }, // U+0405
    { 0x0408, 71 }, // U+0408
    { 0x0409, 72 }, // U+0409
    { 0x040B, 68 }, // U+040B
    { 0x040E, 73 }, // U+040E
    { 0x0410, 74 }, // U+0410
    { 0x0414, 75 }, // U+0414
    { 0x0416, 76 }, // U+0416
    { 0x0417, 77 }, // U+0417
    { 0x041B, 72 }, // U+041B
    { 0x041C, 78 }, // U+041C
    { 0x041E, 79 }, // U+041E
    { 0x0421, 69 }, // U+0421
    { 0x0422, 68 }, // U+0422
    { 0x0423, 73 }, // U+0423
    { 0x0424, 80 }, // U+0424
    { 0x0425, 81 }, // U+0425
    { 0x0427, 82 }, // U+0427
    { 0x042D, 83 }, // U+042D
    { 0x042F, 84 }, // U+042F
    { 0x0430, 85 }, // U+0430
    { 0x0431, 86 }, // U+0431
    { 0x0432, 87 }, // U+0432
    { 0x0433, 88 }, // U+0433
    { 0x0434, 89 }, // U+0434
    { 0x0435, 90 }, // U+0435
    { 0x0436, 91 }, // U+0436
    { 0x0437, 92 }, // U+0437
    { 0x0438, 88 }, // U+0438
    { 0x0439, 88 }, // U+0439
    { 0x043A, 88 }, // U+043A
    { 0x043B, 93 }, // U+043B
    { 0x043C, 94 }, // U+043C
    { 0x043D, 88 }, // U+043D
    { 0x043E, 95 }, // U+043E
    { 0x043F, 88 }, // U+043F
    { 0x0440, 96 }, // U+0440
    { 0x0441, 97 }, // U+0441
    { 0x0442, 98 }, // U+0442
    { 0x0443, 99 }, // U+0443
    { 0x0444, 100 }, // U+0444
    { 0x0445, 101 }, // U+0445
    { 0x0446, 88 }, // U+0446
    { 0x0447, 102 }, // U+0447
    { 0x0448, 88 }, // U+0448
    { 0x0449, 103 }, // U+0449
    { 0x044A, 104 }, // U+044A
    { 0x044B, 88 }, // U+044B
    { 0x044C, 88 }, // U+044C
    { 0x044D, 105 }, // U+044D
    { 0x044E, 106 }, // U+044E
    { 0x044F, 107 }, // U+044F
    { 0x0450, 90 }, // U+0450
    { 0x0451, 90 }, // U+0451
    { 0x0452, 108 }, // U+0452
    { 0x0453, 88 }, // U+0453
    { 0x0454, 109 }, // U+0454
    { 0x0455, 110 }, // U+0455
    { 0x0456, 111 }, // U+0456
    { 0x0457, 112 }, // U+0457
    { 0x0458, 113 }, // U+0458
    { 0x0459, 93 }, // U+0459
    { 0x045A, 88 }, // U+045A
    { 0x045B, 114 }, // U+045B
    { 0x045C, 88 }, // U+045C
    { 0x045D, 88 }, // U+045D
    { 0x045E, 99 }, // U+045E
    { 0x045F, 103 }, // U+045F
    { 0x0462, 68 }, // U+0462
    { 0x0463, 115 }, // U+0463
    { 0x0472, 79 }, // U+0472
    { 0x0473, 95 }, // U+0473
    { 0x0475, 99 }, // U+0475
    { 0x048B, 88 }, // U+048B
    { 0x048D, 116 }, // U+048D
    { 0x048F, 96 }, // U+048F
    { 0x0491, 88 }, // U+0491
    { 0x0493, 88 }, // U+0493
    { 0x0495, 88 }, // U+0495
    { 0x0496, 76 }, // U+0496
    { 0x0497, 91 }, // U+0497
    { 0x0498, 77 }, // U+0498
    { 0x0499, 92 }, // U+0499
    { 0x049B, 88 }, // U+049B
    { 0x049D, 88 }, // U+049D
    { 0x049F, 88 }, // U+049F
    { 0x04A1, 88 }, // U+04A1
    { 0x04A3, 88 }, // U+04A3
    { 0x04A5, 88 }, // U+04A5
    { 0x04A7, 88 }, // U+04A7
    { 0x04A8, 117 }, // U+04A8
    { 0x04A9, 118 }, // U+04A9
    { 0x04AA, 69 }, // U+04AA
    { 0x04AB, 97 }, // U+04AB
    { 0x04AC, 68 }, // U+04AC
    { 0x04AD, 98 }, // U+04AD
    { 0x04AE, 119 }, // U+04AE
    { 0x04AF, 120 }, // U+04AF
    { 0x04B0, 119 }, // U+04B0
    { 0x04B1, 120 }, // U+04B1
    { 0x04B2, 81 }, // U+04B2
    { 0x04B3, 101 }, // U+04B3
    { 0x04B4, 68 }, // U+04B4
    { 0x04B5, 98 }, // U+04B5
    { 0x04B6, 82 }, // U+04B6
    { 0x04B7, 102 }, // U+04B7
    { 0x04B8, 82 }, // U+04B8
    { 0x04B9, 102 }, // U+04B9
    { 0x04BB, 121 }, // U+04BB
    { 0x04BC, 122 }, // U+04BC
    { 0x04BD, 123 }, // U+04BD
    { 0x04BE, 122 }, // U+04BE
    { 0x04BF, 123 }, // U+04BF
    { 0x04C1, 76 }, // U+04C1
    { 0x04C2, 91 }, // U+04C2
    { 0x04C4, 88 }, // U+04C4
    { 0x04C5, 72 }, // U+04C5
    { 0x04C6, 93 }, // U+04C6
    { 0x04C8, 88 }, // U+04C8
    { 0x04CA, 88 }, // U+04CA
    { 0x04CB, 82 }, // U+04CB
    { 0x04CC, 102 }, // U+04CC
    { 0x04CE, 94 }, // U+04CE
    { 0x04D0, 74 }, // U+04D0
    { 0x04D1, 85 }, // U+04D1
    { 0x04D2, 74 }, // U+04D2
    { 0x04D3, 85 }, // U+04D3
    { 0x04D4, 124 }, // U+04D4
    { 0x04D5, 125 }, // U+04D5
    { 0x04D7, 90 }, // U+04D7
    { 0x04D8, 126 }, // U+04D8
    { 0x04D9, 127 }, // U+04D9
    { 0x04DA, 126 }, // U+04DA
    { 0x04DB, 127 }, // U+04DB
    { 0x04DC, 76 }, // U+04DC
    { 0x04DD, 91 }, // U+04DD
    { 0x04DE, 77 }, // U+04DE
    { 0x04DF, 92 }, // U+04DF
    { 0x04E0, 128 }, // U+04E0
    { 0x04E1, 129 }, // U+04E1
    { 0x04E3, 88 }, // U+04E3
    { 0x04E5, 88 }, // U+04E5
    { 0x04E6, 79 }, // U+04E6
    { 0x04E7, 95 }, // U+04E7
    { 0x04E8, 79 }, // U+04E8
    { 0x04E9, 95 }, // U+04E9
    { 0x04EA, 79 }, // U+04EA
    { 0x04EB, 95 }, // U+04EB
    { 0x04EC, 83 }, // U+04EC
    { 0x04ED, 92 }, // U+04ED
    { 0x04EE, 73 }, // U+04EE
    { 0x04EF, 99 }, // U+04EF
    { 0x04F0, 73 }, // U+04F0
    { 0x04F1, 99 }, // U+04F1
    { 0x04F2, 73 }, // U+04F2
    { 0x04F3, 99 }, // U+04F3
    { 0x04F4, 82 }, // U+04F4
    { 0x04F5, 102 }, // U+04F5
    { 0x04F7, 88 }, // U+04F7
    { 0x04F9, 88 }, // U+04F9
    { 0x05D1, 130 }, // U+05D1
    { 0x05D2, 131 }, // U+05D2
    { 0x05D3, 132 }, // U+05D3
    { 0x05D4, 133 }, // U+05D4
    { 0x05D6, 134 }, // U+05D6
    { 0x05D7, 135 }, // U+05D7
    { 0x05D8, 136 }, // U+05D8
    { 0x05D9, 137 }, // U+05D9
    { 0x05DA, 138 }, // U+05DA
    { 0x05DB, 139 }, // U+05DB
    { 0x05DC, 140 }, // U+05DC
    { 0x05DD, 141 }, // U+05DD
    { 0x05DE, 142 }, // U+05DE
    { 0x05E1, 143 }, // U+05E1
    { 0x05E2, 144 }, // U+05E2
    { 0x05E3, 145 }, // U+05E3
    { 0x05E4, 146 }, // U+05E4
    { 0x05E7, 147 }, // U+05E7
    { 0x05E8, 148 }, // U+05E8
    { 0x05E9, 149 }, // U+05E9
    { 0x05EA, 150 }, // U+05EA
    { 0x0E02, 151 }, // U+0E02
    { 0x0E03, 151 }, // U+0E03
    { 0x0E04, 152 }, // U+0E04
    { 0x0E05, 152 }, // U+0E05
    { 0x0E06, 152 }, // U+0E06
    { 0x0E07, 153 }, // U+0E07
    { 0x0E08, 154 }, // U+0E08
    { 0x0E09, 154 }, // U+0E09
    { 0x0E0A, 151 }, // U+0E0A
    { 0x0E0B, 151 }, // U+0E0B
    { 0x0E0C, 154 }, // U+0E0C
    { 0x0E0D, 154 }, // U+0E0D
    { 0x0E10, 154 }, // U+0E10
    { 0x0E11, 152 }, // U+0E11
    { 0x0E12, 152 }, // U+0E12
    { 0x0E13, 154 }, // U+0E13
    { 0x0E14, 152 }, // U+0E14
    { 0x0E15, 152 }, // U+0E15
    { 0x0E16, 154 }, // U+0E16
    { 0x0E18, 155 }, // U+0E18
    { 0x0E19, 154 }, // U+0E19
    { 0x0E1A, 154 }, // U+0E1A
    { 0x0E1B, 154 }, // U+0E1B
    { 0x0E1E, 155 }, // U+0E1E
    { 0x0E1F, 155 }, // U+0E1F
    { 0x0E22, 156 }, // U+0E22
    { 0x0E23, 157 }, // U+0E23
    { 0x0E24, 154 }, // U+0E24
    { 0x0E25, 157 }, // U+0E25
    { 0x0E27, 157 }, // U+0E27
    { 0x0E28, 152 }, // U+0E28
    { 0x0E29, 154 }, // U+0E29
    { 0x0E2A, 157 }, // U+0E2A
    { 0x0E2C, 155 }, // U+0E2C
    { 0x0E2D, 157 }, // U+0E2D
    { 0x0E2E, 157 }, // U+0E2E
    { 0x0E50, 158 }, // U+0E50
    { 0x0E51, 158 }, // U+0E51
    { 0x0E54, 159 }, // U+0E54
    { 0x0E55, 159 }, // U+0E55
    { 0x0E56, 160 }, // U+0E56
    { 0x0E58, 158 }, // U+0E58
    { 0x1EF2, 26 }, // U+1EF2
    { 0x1EF3, 46 }, // U+1EF3
    { 0x2013, 8 }, // U+2013
    { 0x2014, 8 }, // U+2014
    { 0x2018, 161 }, // U+2018
    { 0x2019, 162 }, // U+2019
    { 0x201A, 163 }, // U+201A
    { 0x201C, 161 }, // U+201C
    { 0x201D, 162 }, // U+201D
    { 0x201E, 163 }, // U+201E
    { 0x2026, 7 }, // U+2026
    { 0x2039, 50 }, // U+2039
    { 0x203A, 51 }, // U+203A
    { 0xFB00, 35 }, // U+FB00
    { 0xFB01, 35 }, // U+FB01
    { 0xFB02, 35 }, // U+FB02
    { 0xFB03, 35 }, // U+FB03
    { 0xFB04, 35 }, // U+FB04
    { 0xFB8E, 164 }, // U+FB8E
    { 0xFBA6, 164 }, // U+FBA6
    { 0xFBAA, 164 }, // U+FBAA
    { 0xFE8D, 165 }, // U+FE8D
    { 0xFEA3, 164 }, // U+FEA3
    { 0xFEA9, 166 }, // U+FEA9
    { 0xFEB1, 166 }, // U+FEB1
    { 0xFEB3, 166 }, // U+FEB3
    { 0xFEB9, 166 }, // U+FEB9
    { 0xFEBB, 166 }, // U+FEBB
    { 0xFEC1, 166 }, // U+FEC1
    { 0xFEC3, 166 }, // U+FEC3
    { 0xFEC9, 167 }, // U+FEC9
    { 0xFECB, 165 }, // U+FECB
    { 0xFECD, 167 }, // U+FECD
    { 0xFEDB, 164 }, // U+FEDB
    { 0xFEDF, 165 }, // U+FEDF
    { 0xFEE1, 164 }, // U+FEE1
    { 0xFEE3, 164 }, // U+FEE3
    { 0xFEE9, 164 }, // U+FEE9
    { 0xFEEB, 164 }, // U+FEEB
};

static const int8_t ubuntu_10_boldKernMatrix[] = {
       0,    0,    0,    0,    0,    0,    0,    0,    0,    0,    0,    0,  -17,    0,    0,    0,  -29,    0,    0,    0,    0,    0,    6,    6,    0,    0,    0,    0,    0,    0,    0,    0,    0,    0,    0,    0,    0,    0,    0,    0,    0,    0,    0,    0,    0,    0,    0,    0,    0,    0,    0,  -36,    0,    0,    0,    0,    0,    0,    0,    0,    0,    0,    0,    0,    0,    0,    0,    6,    0,    0,  -32,  -21,    0,  -19,  -19,    0,    0,    0,    0,   -5,    0,    4,    0,    0,   -5,    0,    0,    0,  -14,  -10,    0,    0,  -15,   -5,  -10,    0,  -11,    0,    0,  -16,    0,    0,    0,    0,    0,    0,   -6,    4,   -8,   -5,    0,    0,    0,    4,    0,    0,    0,  -10,    0,    0,    0,    0,    0,  -33,   -5,    0,   -4,    0,    0,    0,    0,    0,    0,    0,    0,    0,    0,    0,    0,    0,    0,    0,    0,    0,    0,    0,    0,    0,    0,    0,    0,    0,    0,    0,    0,    0,    0,    0,    0,    0,    0,    0,    0,    0,    0,    0,    0,
       0,    0,    0,    0,    0,    0,    0,    0,    0,    0,    0,    0,   10,    0,   -7,   -7,    7,    0,   -7,    0,  -27,    0,  -23,  -13,    3,  -33,    0,    0,    0,    0,   -7,    0,   -7,   -7,    0,    0,    0,    0,    0,    0,    0,    0,  -12,  -10,    3,  -12,    0,    0,    0,    0,    0,    0,    0,   -7,    0,    0,    0,    0,    0,    0,    0,    0,    0,    0,    0,    0,    0,    0,    0,    0,    0,    0,    0,    0,    0,    0,    0,    0,    0,    0,    0,    0,    0,    0,    0,    0,    0,    0,    0,    0,    0,    0,    0,    0,    0,    0,    0,    0,    0,    0,    0,    0,    0,    0,    0,    0,    0,    0,    0,    0,    0,    0,    0,    0,    0,    0,    0,    0,    0,    0,    0,    0,    0,    0,    0,    0,    0,    0,    0,    0,    0,    0,    0,    0,    0,    0,    0,    0,    0,    0,    0,    0,    0,    0,    0,    0,    0,    0,    0,    0,    0,    0,    0,    0,    0,    0,    0,    0,    0,    0,    0,    0,    0,    0,    0,    0,    0,
       0,    0,    0,  -10,   27,   -7,    0,   -3,    0,    0,    0,  -10,    0,    0,   -7,   -7,    0,    0,   -7,    0,    8,    0,   10,    9,    9,   11,    3,    0,    0,    0,   -8,    0,  -10,  -10,   -4,    0,    4,   28,   -7,   -6,    0,   -8,   -3,   -3,    0,   10,    0,    0,    0,    0,    0,    0,   -5,   -8,    4,    4,    4,  -10,    4,    4,    4,    0,    0,    0,    0,    0,    0,    8,   -7,   -4,    0,    0,    6,    0,    7,    7,    0,    0,   -7,  -10,    9,    0,    0,    0,   -8,   -4,   -5,   -5,    7,   -8,    0,    0,    0,   -3,  -10,    0,   -8,    0,   10,  -12,    0,   -7,   -5,    0,    0,   -5,    0,    6,   -6,   -6,    4,    4,   28,    6,    0,    0,  -11,  -10,    8,    0,    0,    0,   -5,    4,   -6,   -4,   -6,    0,    4,    0,    0,    0,    0,    0,    0,    0,    0,    0,    0,    0,    0,    0,    0,    0,    0,    0,    0,    0,    0,    0,    0,    0,    0,    0,    0,    0,    0,    0,    0,    0,    0,    0,    0,    0,    0,    0,    0,
       0,    0,    0,   -8,    0,   -6,    0,    7,    0,    0,    0,   -4,   -7,    0,    0,    0,   -4,    0,    0,    0,   -6,    0,  -11,   -4,   -7,  -13,   -4,    0,    0,    0,    0,    0,    0,    0,    0,    0,    0,    0,    0,    0,    0,    0,    0,    0,   -5,    0,    0,    0,    0,    0,    0,   -7,    0,    0,    0,    0,    0,    0,    0,    0,    0,   -7,    0,    0,    0,    0,    0,   -6,    0,   -5,   -4,    0,   -7,   -7,    0,   -5,   -5,    0,    0,    0,   -7,    0,   -7,   -7,    0,    0,    0,    0,    0,    0,    0,    0,    0,    0,    0,    0,    0,    0,    0,    0,   -5,    0,    0,    0,    0,    0,    0,   -6,    0,    0,    0,    0,    0,    0,    0,    0,    0,    0,  -11,    0,    0,    0,    0,    0,    0,    0,    0,   -6,   -6,    0,    0,    0,    0,    0,    0,    0,    0,    0,    0,    0,    0,    0,    0,    0,    0,    0,    0,    0,    0,    0,    0,    0,    0,    0,    0,    0,    0,    0,    0,    0,    0,    0,    0,    0,    0,    0,    0,
       0,    0,    0,    0,    0,    0,    0,    0,    0,    0,    0,   -6,  -27,    0,    0,    0,  -35,   -3,    0,    0,    0,    0,    0,    0,   -7,   -3,    0,    0,    0,    0,   -6,    0,  -10,  -10,    0,    0,    0,   -3,    0,   -3,    0,    0,    5,    5,    4,    5,    0,    0,    0,    0,    0,  -46,    0,   -6,    0,    0,    0,  -16,    0,    0,    0,   -4,    0,    0,    0,    0,    0,    0,    0,    0,  -35,  -25,   -4,  -27,  -24,   -6,   -5,   -3,    0,    0,   -7,    0,   -5,    0,   -6,    0,    0,    0,  -15,   -5,    0,    0,  -15,   -5,  -10,    0,   -5,    0,    0,   -6,    4,    0,    0,    0,    0,    0,   -4,    0,   -3,   -3,    0,    0,   -3,    0,    0,    0,    0,   -5,    0,    0,    0,    0,    0,  -24,   -4,   -4,    0,   -4,    0,    0,    0,    0,    0,    0,    0,    0,    0,    0,    0,    0,    0,    0,    0,    0,    0,    0,    0,    0,    0,    0,    0,    0,    0,    0,    0,    0,    0,    0,    0,    0,    0,    0,    0,    0,    0,    0,    0,
       0,    0,    0,    0,    0,    0,    0,    0,    0,    0,    0,    0,   10,    0,  -13,  -13,   13,    0,  -13,    4,  -27,  -10,  -27,  -14,    8,  -32,    7,    0,    0,    0,  -10,    0,  -10,  -10,    0,    0,    0,    0,    0,    0,    0,    0,  -19,  -18,    7,  -19,    6,    0,    0,    0,    0,    8,    0,  -10,    0,    0,    0,   -7,    0,    0,    0,    0,    0,    0,    0,    0,    0,  -27,   -5,    4,   13,    8,    0,   10,    9,    4,    5,    0,  -13,  -13,    8,  -25,    0,    0,    0,    0,    0,    0,    9,    0,    0,    5,    9,    0,  -10,    0,    0,  -12,  -10,    0,    7,  -15,    0,   -6,    5,    0,    0,    0,    0,    0,    0,    0,    0,    0,   -5,    0,   -6,    0,  -21,  -11,    0,  -28,  -16,   10,    0,   -3,    0,    4,  -14,    0,    0,    0,    0,    0,    0,    0,    0,    0,    0,    0,    0,    0,    0,    0,    0,    0,    0,    0,    0,    0,    0,    0,    0,    0,    0,    0,    0,    0,    0,    0,    0,    0,    0,    0,    0,    0,    0,
       0,    0,    0,    0,    0,    0,    0,    0,    0,    0,    0,    0,    0,    0,    7,    7,   -5,    0,    7,    0,  -18,    0,  -10,    0,  -11,  -22,   -3,    0,    0,    0,    5,    0,    4,    4,    7,    0,    0,    0,    0,    0,    0,    0,    0,    3,   -7,    0,    0,    0,    0,    0,    0,  -15,    0,    5,    0,    0,    0,    4,    0,    0,    0,    6,    0,    0,    0,    0,    0,  -18,    7,   -3,   -5,    0,   -8,    0,    0,  -10,    0,    0,    7,    6,  -11,    0,   -5,    0,    5,    8,    4,    4,    0,    8,   -8,    0,    0,    0,    4,    4,    8,    0,    0,    8,   -7,    7,    4,    0,    0,    4,    4,    0,   10,    0,    4,    4,    4,    0,    0,    5,    7,    8,  -15,    0,    4,    0,    9,    0,    0,    7,    8,   -5,    0,    0,    0,    0,    0,    0,    0,    0,    0,    0,    0,    0,    0,    0,    0,    0,    0,    0,    0,    0,    0,    0,    0,    0,    0,    0,    0,    0,    0,    0,    0,    0,    0,    0,    0,    0,    0,    0,    0,
       0,    0,    0,    0,    0,    0,    0,    0,    0,    0,    0,  -12,  -22,    0,   -8,   -8,  -24,    0,   -8,    0,   14,    0,   16,   14,   11,   17,    6,    0,    0,    0,  -13,    6,  -19,  -19,    0,    6,    5,    5,  -11,  -10,    0,   -6,    0,    0,    0,    0,   -3,    0,    0,    0,    0,  -40,    0,  -13,    5,    5,    5,  -16,    5,    5,    5,    0,    0,    0,    0,    0,    0,   14,   -6,    0,  -24,  -18,    7,  -22,  -17,    9,    0,    0,   -8,   -6,   11,    4,    0,   -6,  -13,   -4,   -5,   -5,  -15,  -11,    0,    0,  -15,   -9,  -19,   -5,  -11,    0,    0,  -12,    0,    0,   -5,    0,    0,   -4,   -9,    8,   -9,  -10,    5,    5,    5,    8,    0,    0,   -6,  -11,   10,    0,    0,    0,    0,  -18,   -7,    0,   -6,    0,   -3,    0,    0,    0,    0,    0,    0,    0,    0,    0,    0,    0,    0,    0,    0,    0,    0,    0,    0,    0,    0,    0,    0,    0,    0,    0,    0,    0,    0,    0,    0,    0,    0,    0,    0,    0,    0,    0,    0,
       0,    0,    0,    0,    0,    0,    0,    0,    0,    0,    0,    0,    6,    0,    0,    0,    8,    0,    0,    0,  -21,    0,   -4,    0,    5,  -13,    4,    0,    0,    0,    0,    0,    0,    0,    0,    0,    0,    0,    0,    0,    0,    0,    5,    5,    4,    5,    3,    0,    0,    0,    0,    5,    0,    0,    0,    0,    0,    0,    0,    0,    0,    0,    0,    0,    0,    0,    0,  -21,    0,    0,    8,    0,    0,    6,    0,    0,    0,    0,    0,    0,    5,    0,    0,    0,    0,    0,    0,    0,    0,    0,    0,    0,    5,    0,    0,    0,    0,    0,    0,    0,    4,    0,    0,    0,    0,    0,    0,    0,    0,    0,    0,    0,    0,    0,    5,    5,    0,    0,   -7,    0,    0,    5,    5,    7,    0,    0,    0,    0,    0,    0,    0,    0,    0,    0,    0,    0,    0,    0,    0,    0,    0,    0,    0,    0,    0,    0,    0,    0,    0,    0,    0,    0,    0,    0,    0,    0,    0,    0,    0,    0,    0,    0,    0,    0,    0,    0,    0,
       0,    0,    0,    0,    0,    0,    0,    0,    0,    0,    0,    0,   -7,    0,    0,    0,   -6,    0,    0,    0,  -12,    0,  -10,   -4,   -8,  -14,   -4,    0,    0,    0,    0,    0,    0,    0,    0,    0,    0,    0,    0,    0,    0,    0,    0,    0,   -3,    0,    0,    0,    0,    0,    0,  -18,    0,    0,    0,    0,    0,    0,    0,    0,    0,   -5,    0,    0,    0,    0,    0,  -12,    0,   -4,   -6,    0,   -8,   -7,    0,  -11,   -6,    0,    0,    0,   -8,    0,   -9,   -6,    0,    0,    0,    0,    0,    0,    0,    0,    0,    0,    0,    0,    0,    0,    0,    0,   -3,    0,    0,    0,    0,    0,    0,   -5,    0,    0,    0,    0,    0,    0,    0,    0,    0,    0,  -12,    0,    0,    0,    0,   -6,    0,    0,    0,   -6,    0,    0,    0,    0,    0,    0,    0,    0,    0,    0,    0,    0,    0,    0,    0,    0,    0,    0,    0,    0,    0,    0,    0,    0,    0,    0,    0,    0,    0,    0,    0,    0,    0,    0,    0,    0,    0,    0,    0,
       0,  -17,    0,   -6,    0,  -27,   10,    0,    8,    6,  -11,    0,   12,    0,   -8,   -8,   11,    0,   -8,    6,  -27,   -7,  -22,  -13,   12,  -33,    8,    0,  -27,   -9,   -4,    0,   -4,   -4,    0,    0,    0,    0,    0,    3,    0,    0,  -12,   -9,    8,  -12,    5,   -3,    0,   -5,    4,    7,    0,   -4,    0,    0,    0,   -5,    0,    0,    0,    0,    0,    0,    0,  -15,    0,    0,    0,    0,    0,    0,    0,    0,    0,    0,    0,    0,    0,    0,    0,    0,    0,    0,    0,    0,    0,    0,    0,    0,    0,    0,    0,    0,    0,    0,    0,    0,    0,    0,    0,    0,    0,    0,    0,    0,    0,    0,    0,    0,    0,    0,    0,    0,    0,    0,    0,    0,    0,    0,    0,    0,    0,    0,    0,    0,    0,    0,    0,    0,    0,    0,    0,    0,    0,    0,    0,    0,    0,    0,    0,    0,    0,    0,    0,    0,    0,    0,    0,    0,    0,    0,    0,    0,    0,    0,    0,    0,    0,    0,  -25,  -22,   14,    0,    0,    0,    0,
       0,    0,    0,    0,   -4,   -4,    0,    4,  -10,    4,   -7,    0,   -3,    0,    0,    0,    0,    0,    0,    0,   -6,    0,  -10,   -3,   -7,  -11,    0,    0,   -7,   -8,    0,    0,    0,    0,    0,    0,    0,    0,    0,    0,    0,    0,   -3,    0,   -3,   -3,   -3,    0,   -3,    3,    4,   -9,    0,    0,    0,    0,    0,    0,    0,    0,    0,    0,    0,    0,    0,   -5,    0,    0,    0,    0,    0,    0,    0,    0,    0,    0,    0,    0,    0,    0,    0,    0,    0,    0,    0,    0,    0,    0,    0,    0,    0,    0,    0,    0,    0,    0,    0,    0,    0,    0,    0,    0,    0,    0,    0,    0,    0,    0,    0,    0,    0,    0,    0,    0,    0,    0,    0,    0,    0,    0,    0,    0,    0,    0,    0,    0,    0,    0,    0,    0,    0,    0,    0,    0,    0,    0,    0,    0,    0,    0,    0,    0,    0,    0,    0,    0,    0,    0,    0,    0,    0,    0,    0,    0,    0,    0,    0,    0,    0,    0,    0,    0,    4,    0,    0,    0,    0,
       0,    0,    3,   -4,    5,   -3,    8,   -4,    4,    6,    5,    0,    9,    0,   -8,   -8,   10,    0,   -8,    6,    7,    0,    7,    6,    9,    8,    6,    0,    7,    9,    3,    0,   -4,   -4,    0,    0,    0,    0,    0,    2,    0,   -4,    0,    0,    8,    0,    5,    0,    0,   -8,    5,    9,    0,    3,    0,    0,    0,   -3,    0,    0,    0,    0,    0,    0,    0,    0,    0,    0,    0,    0,    0,    0,    0,    0,    0,    0,    0,    0,    0,    0,    0,    0,    0,    0,    0,    0,    0,    0,    0,    0,    0,    0,    0,    0,    0,    0,    0,    0,    0,    0,    0,    0,    0,    0,    0,    0,    0,    0,    0,    0,    0,    0,    0,    0,    0,    0,    0,    0,    0,    0,    0,    0,    0,    0,    0,    0,    0,    0,    0,    0,    0,    0,    0,    0,    0,    0,    0,    0,    0,    0,    0,    0,    0,    0,    0,    0,    0,    0,    0,    0,    0,    0,    0,    0,    0,    0,    0,    0,    0,    0,    7,   12,   13,    0,    0,    0,    0,
       0,    0,    0,    0,   -7,    0,  -13,    7,  -17,    0,   -6,    0,   -8,    0,    0,    0,   -8,    0,    0,    0,   -8,    0,   -8,   -3,  -13,  -15,   -3,    0,    0,   -7,    0,    0,    0,    0,    0,    0,    0,    0,    0,    0,    0,    0,    0,    0,    0,    0,    0,    0,   -5,    3,    0,  -20,    0,    0,    0,    0,    0,    0,    0,    0,    0,    0,    0,    0,   -5,   -7,    0,    0,    0,    0,    0,    0,    0,    0,    0,    0,    0,    0,    0,    0,    0,    0,    0,    0,    0,    0,    0,    0,    0,    0,    0,    0,    0,    0,    0,    0,    0,    0,    0,    0,    0,    0,    0,    0,    0,    0,    0,    0,    0,    0,    0,    0,    0,    0,    0,    0,    0,    0,    0,    0,    0,    0,    0,    0,    0,    0,    0,    0,    0,    0,    0,    0,    0,    0,    0,    0,    0,    0,    0,    0,    0,    0,    0,    0,    0,    0,    0,    0,    0,    0,    0,    0,    0,    0,    0,    0,    0,    0,    0,    0,    0,    3,   -4,    0,    0,    0,    0,
       0,    0,    0,    0,    0,    0,    0,    0,    0,    0,    0,    0,    0,    0,    0,    0,    8,    0,   -6,    0,    0,    0,    4,    0,    7,    3,    4,    0,    0,    0,   -4,    0,   -4,   -4,    0,    0,    0,    0,    0,    0,    0,    0,    0,    0,    7,    0,    0,    0,    0,    0,    4,    6,    0,   -4,    0,    0,    0,   -3,    0,    0,    0,    3,    0,    0,    0,    0,    0,    0,    0,    0,    0,    0,    0,    0,    0,    0,    0,    0,    0,    0,    0,    0,    0,    0,    0,    0,    0,    0,    0,    0,    0,    0,    0,    0,    0,    0,    0,    0,    0,    0,    0,    0,    0,    0,    0,    0,    0,    0,    0,    0,    0,    0,    0,    0,    0,    0,    0,    0,    0,    0,    0,    0,    0,    0,    0,    0,    0,    0,    0,    0,    0,    0,    0,    0,    0,    0,    0,    0,    0,    0,    0,    0,    0,    0,    0,    0,    0,    0,    0,    0,    0,    0,    0,    0,    0,    0,    0,    0,    0,    0,    4,    6,   13,    0,    0,    0,    0,
       0,    0,   -7,   -5,    7,    0,  -21,    5,  -26,    0,    7,   -3,  -16,    0,   -3,   -3,  -25,   -3,   -3,    0,    7,    0,    9,    7,    4,    9,    0,    0,   10,    9,   -8,    0,   -3,   -3,    0,    0,    0,    0,   -7,   -4,    0,   -7,    0,    0,   -3,    0,   -7,    0,    0,    0,   -4,  -39,    0,   -8,    0,    0,    0,   -3,    0,    0,    0,    0,    0,    0,    0,    0,    0,    0,    0,    0,    0,    0,    0,    0,    0,    0,    0,    0,    0,    0,    0,    0,    0,    0,    0,    0,    0,    0,    0,    0,    0,    0,    0,    0,    0,    0,    0,    0,    0,    0,    0,    0,    0,    0,    0,    0,    0,    0,    0,    0,    0,    0,    0,    0,    0,    0,    0,    0,    0,    0,    0,    0,    0,    0,    0,    0,    0,    0,    0,    0,    0,    0,    0,    0,    0,    0,    0,    0,    0,    0,    0,    0,    0,    0,    0,    0,    0,    0,    0,    0,    0,    0,    0,    0,    0,    0,    0,    0,    0,    0,   13,   12,  -21,    0,    0,    0,    0,
       0,    0,    0,    0,    0,   -9,    7,    6,    0,    3,    0,    0,    0,    0,    0,    0,    0,    0,    0,    0,   -3,    0,   -7,   -7,    0,   -7,    0,    0,    0,    0,    0,    0,    0,    0,    0,    0,    0,    0,    0,    0,    0,    0,   -4,    0,    0,   -4,    0,    0,    0,    0,    0,    0,    0,    0,    0,    0,    0,    0,    0,    0,    0,    0,    0,    0,    0,    0,    0,    0,    0,    0,    0,    0,    0,    0,    0,    0,    0,    0,    0,    0,    0,    0,    0,    0,    0,    0,    0,    0,    0,    0,    0,    0,    0,    0,    0,    0,    0,    0,    0,    0,    0,    0,    0,    0,    0,    0,    0,    0,    0,    0,    0,    0,    0,    0,    0,    0,    0,    0,    0,    0,    0,    0,    0,    0,    0,    0,    0,    0,    0,    0,    0,    0,    0,    0,    0,    0,    0,    0,    0,    0,    0,    0,    0,    0,    0,    0,    0,    0,    0,    0,    0,    0,    0,    0,    0,    0,    0,    0,    0,    0,   -3,    0,    8,    0,    0,    0,    0,
       0,    0,    0,    0,    0,    0,    0,    0,   -3,    0,    0,    0,    0,    0,    0,    0,    0,    0,    0,    0,    0,    0,    0,    0,    0,    0,    0,    0,    0,    0,    0,    0,    0,    0,    0,    0,    0,    0,    0,    0,    0,    0,    0,    0,    0,    0,    0,    0,    0,    0,    0,    0,    0,    0,    0,    0,    0,    0,    0,    0,    0,    0,    0,    0,    0,    0,    0,    0,    0,    0,    0,    0,    0,    0,    0,    0,    0,    0,    0,    0,    0,    0,    0,    0,    0,    0,    0,    0,    0,    0,    0,    0,    0,    0,    0,    0,    0,    0,    0,    0,    0,    0,    0,    0,    0,    0,    0,    0,    0,    0,    0,    0,    0,    0,    0,    0,    0,    0,    0,    0,    0,    0,    0,    0,    0,    0,    0,    0,    0,    0,    0,    0,    0,    0,    0,    0,    0,    0,    0,    0,    0,    0,    0,    0,    0,    0,    0,    0,    0,    0,    0,    0,    0,    0,    0,    0,    0,    0,    0,    0,    0,    0,    0,    0,    0,    0,    0,
       0,    0,    0,    0,    0,    0,    0,    0,  -10,    0,    0,    0,   -6,    0,    0,    0,   -4,    0,    0,    0,    0,    0,    0,    0,    0,    0,    0,    0,    3,    0,    0,    0,    0,    0,    0,    0,    0,    0,    0,    0,    0,    0,    0,    0,    0,    0,    0,    0,    0,    0,    3,  -13,    0,    0,    0,    0,    0,    0,    0,    0,    0,    0,    0,    0,    0,    0,    0,    0,    0,    0,    0,    0,    0,    0,    0,    0,    0,    0,    0,    0,    0,    0,    0,    0,    0,    0,    0,    0,    0,    0,    0,    0,    0,    0,    0,    0,    0,    0,    0,    0,    0,    0,    0,    0,    0,    0,    0,    0,    0,    0,    0,    0,    0,    0,    0,    0,    0,    0,    0,    0,    0,    0,    0,    0,    0,    0,    0,    0,    0,    0,    0,    0,    0,    0,    0,    0,    0,    0,    0,    0,    0,    0,    0,    0,    0,    0,    0,    0,    0,    0,    0,    0,    0,    0,    0,    0,    0,    0,    0,    0,    5,    5,    0,    0,    0,    0,    0,
       0,    0,   -7,   -6,    8,  -13,   10,  -17,    8,    3,    0,   -5,    8,    0,  -18,  -18,    7,    0,  -18,    0,    8,    0,    6,    4,   12,    6,    8,    0,    7,    9,   -3,    0,  -13,  -13,    0,    0,    0,    0,    0,    3,   -3,  -11,  -15,  -15,   11,  -15,    7,   -4,    0,  -17,    0,    9,    0,   -3,    0,    0,   14,  -11,   12,   10,    3,    0,    0,   -6,    0,    0,    0,    0,    0,    0,    0,    0,    0,    0,    0,    0,    0,    0,    0,    0,    0,    0,    0,    0,    0,    0,    0,    0,    0,    0,    0,    0,    0,    0,    0,    0,    0,    0,    0,    0,    0,    0,    0,    0,    0,    0,    0,    0,    0,    0,    0,    0,    0,    0,    0,    0,    0,    0,    0,    0,    0,    0,    0,    0,    0,    0,    0,    0,    0,    0,    0,    0,    0,    0,    0,    0,    0,    0,    0,    0,    0,    0,    0,    0,    0,    0,    0,    0,    0,    0,    0,    0,    0,    0,    0,    0,    0,    0,    0,    0,    0,    0,   10,    0,    0,    0,    0,
       3,  -32,    3,    0,    0,  -34,   13,   -7,    6,    8,  -12,    0,   10,    0,   -7,   -7,   10,    3,   -7,    6,  -26,   -3,  -28,  -17,   10,  -33,    6,    0,  -27,  -11,    4,    0,    0,    0,    0,    0,    0,    0,    0,    3,    0,    0,  -16,  -10,   10,  -16,    5,   -5,   -4,   -6,    7,   10,    0,    4,    0,    0,    0,    0,    0,    0,    0,    0,    0,    0,    0,  -17,    0,    0,    0,    0,    0,    0,    0,    0,    0,    0,    0,    0,    0,    0,    0,    0,    0,    0,    0,    0,    0,    0,    0,    0,    0,    0,    0,    0,    0,    0,    0,    0,    0,    0,    0,    0,    0,    0,    0,    0,    0,    0,    0,    0,    0,    0,    0,    0,    0,    0,    0,    0,    0,    0,    0,    0,    0,    0,    0,    0,    0,    0,    0,    0,    0,    0,    0,    0,    0,    0,    0,    0,    0,    0,    0,    0,    0,    0,    0,    0,    0,    0,    0,    0,    0,    0,    0,    0,    0,    0,    0,    0,    0,    0,  -21,  -18,   16,    0,    0,    0,    0,
       0,    0,    0,    0,    0,   -3,    0,    0,   -3,    0,   -5,    0,    0,    0,    0,    0,    0,    0,    0,    0,   -3,    0,   -3,    0,    0,   -5,    0,    0,   -7,    0,    0,    0,    0,    0,    0,    0,    0,    0,    0,    0,    0,    0,    0,    0,    0,    0,    0,    0,    0,    0,    0,    0,    0,    0,    0,    0,    0,    0,    0,    0,    0,    0,    0,    0,    0,    0,    0,    0,    0,    0,    0,    0,    0,    0,    0,    0,    0,    0,    0,    0,    0,    0,    0,    0,    0,    0,    0,    0,    0,    0,    0,    0,    0,    0,    0,    0,    0,    0,    0,    0,    0,    0,    0,    0,    0,    0,    0,    0,    0,    0,    0,    0,    0,    0,    0,    0,    0,    0,    0,    0,    0,    0,    0,    0,    0,    0,    0,    0,    0,    0,    0,    0,    0,    0,    0,    0,    0,    0,    0,    0,    0,    0,    0,    0,    0,    0,    0,    0,    0,    0,    0,    0,    0,    0,    0,    0,    0,    0,    0,    0,   -7,   -5,    0,    0,    0,    0,    0,
       0,    0,    0,    0,   -7,    0,  -13,    7,  -17,    0,   -6,    0,   -8,    0,    0,    0,   -8,    0,    0,    0,   -8,    0,   -8,   -3,  -13,  -15,   -3,    0,    0,   -7,    0,    0,    0,    0,    0,    0,    0,    0,    0,    0,    0,    0,    0,    0,    0,    0,    0,    0,   -4,    3,    0,  -20,    0,    0,    0,    0,    0,    0,    0,    0,    0,    0,    0,    0,   -4,   -7,    0,    0,    0,    0,    0,    0,    0,    0,    0,    0,    0,    0,    0,    0,    0,    0,    0,    0,    0,    0,    0,    0,    0,    0,    0,    0,    0,    0,    0,    0,    0,    0,    0,    0,    0,    0,    0,    0,    0,    0,    0,    0,    0,    0,    0,    0,    0,    0,    0,    0,    0,    0,    0,    0,    0,    0,    0,    0,    0,    0,    0,    0,    0,    0,    0,    0,    0,    0,    0,    0,    0,    0,    0,    0,    0,    0,    0,    0,    0,    0,    0,    0,    0,    0,    0,    0,    0,    0,    0,    0,    0,    0,    0,    0,    0,    3,   -4,    0,    0,    0,    0,
       0,    0,   -7,    0,   -3,    0,  -35,    0,  -26,    4,    0,    0,  -23,    0,    0,    0,  -30,    0,    0,    0,    4,    0,    0,    0,   -7,   -3,    0,   -5,    0,   -4,   -7,    0,   -5,   -5,    0,    0,    0,    0,    0,    0,    0,    0,    7,    7,    4,    7,    0,    0,   -3,   -3,    4,  -42,    0,   -7,    0,    0,    0,   -8,    0,    0,    0,    0,    0,    0,    0,    0,    0,    0,    0,    0,    0,    0,    0,    0,    0,    0,    0,    0,    0,    0,    0,    0,    0,    0,    0,    0,    0,    0,    0,    0,    0,    0,    0,    0,    0,    0,    0,    0,    0,    0,    0,    0,    0,    0,    0,    0,    0,    0,    0,    0,    0,    0,    0,    0,    0,    0,    0,    0,    0,    0,    0,    0,    0,    0,    0,    0,    0,    0,    0,    0,    0,    0,    0,    0,    0,    0,    0,    0,    0,    0,    0,    0,    0,    0,    0,    0,    0,    0,    0,    0,    0,    0,    0,    0,    0,    0,    0,    0,    0,    0,   10,   10,  -31,    0,    0,    0,    0,
       0,    0,    0,    0,   -7,    0,  -13,    7,  -17,    0,   -6,    0,   -8,    0,    0,    0,   -8,    0,    0,    0,   -8,    0,   -8,   -3,  -13,  -15,   -3,    0,    0,   -7,    0,    0,    0,    0,    0,    0,    0,    5,    0,    0,    0,    0,    0,    0,    0,    0,    0,    0,    0,    3,    0,  -20,    0,    0,    0,    0,    0,    0,    0,    0,    0,    0,    0,    0,   -4,    0,    0,    0,    0,    0,    0,    0,    0,    0,    0,    0,    0,    0,    0,    0,    0,    0,    0,    0,    0,    0,    0,    0,    0,    0,    0,    0,    0,    0,    0,    0,    0,    0,    0,    0,    0,    0,    0,    0,    0,    0,    0,    0,    0,    0,    0,    0,    0,    0,    0,    0,    0,    0,    0,    0,    0,    0,    0,    0,    0,    0,    0,    0,    0,    0,    0,    0,    0,    0,    0,    0,    0,    0,    0,    0,    0,    0,    0,    0,    0,    0,    0,    0,    0,    0,    0,    0,    0,    0,    0,    0,    0,    0,    0,    0,    0,    3,   -4,    0,    0,    0,    0,
       0,    0,    0,    0,    0,   -3,    8,   -7,    6,    4,   -5,   -3,   10,    0,   -6,   -6,    9,    0,   -6,    0,   -3,   -3,   -5,    0,    7,  -11,    6,    0,   -3,   -8,   -8,    0,   -8,   -8,    0,    0,    0,    0,    0,    0,   -3,   -3,    0,    0,    6,    0,    3,    0,    0,   -7,    0,    7,    0,   -8,    0,    0,    0,   -9,    0,    0,    0,    0,    0,    0,    0,    0,    0,    0,    0,    0,    0,    0,    0,    0,    0,    0,    0,    0,    0,    0,    0,    0,    0,    0,    0,    0,    0,    0,    0,    0,    0,    0,    0,    0,    0,    0,    0,    0,    0,    0,    0,    0,    0,    0,    0,    0,    0,    0,    0,    0,    0,    0,    0,    0,    0,    0,    0,    0,    0,    0,    0,    0,    0,    0,    0,    0,    0,    0,    0,    0,    0,    0,    0,    0,    0,    0,    0,    0,    0,    0,    0,    0,    0,    0,    0,    0,    0,    0,    0,    0,    0,    0,    0,    0,    0,    0,    0,    0,    0,    0,    4,    4,   11,    0,    0,    0,    0,
       0,    0,    0,    0,   -3,  -12,    3,    9,   -5,    0,   -3,    0,    0,    0,    0,    0,    0,    0,    0,    0,   -7,    0,   -3,   -3,    0,   -3,    0,    0,    0,    0,    4,    0,    0,    0,    0,    0,    0,    0,    0,    0,    0,    0,   -5,   -4,   -4,   -5,    0,    0,    0,    5,    0,   -7,    0,    4,    0,    0,    0,    0,    0,    0,    0,    0,    0,    0,    0,    0,    0,    0,    0,    0,    0,    0,    0,    0,    0,    0,    0,    0,    0,    0,    0,    0,    0,    0,    0,    0,    0,    0,    0,    0,    0,    0,    0,    0,    0,    0,    0,    0,    0,    0,    0,    0,    0,    0,    0,    0,    0,    0,    0,    0,    0,    0,    0,    0,    0,    0,    0,    0,    0,    0,    0,    0,    0,    0,    0,    0,    0,    0,    0,    0,    0,    0,    0,    0,    0,    0,    0,    0,    0,    0,    0,    0,    0,    0,    0,    0,    0,    0,    0,    0,    0,    0,    0,    0,    0,    0,    0,    0,    0,    0,   -7,    0,    6,    0,    0,    0,    0,
       0,    0,   -7,   -6,    8,    0,  -27,  -18,  -33,  -20,    9,  -12,  -27,    0,   -8,   -8,  -28,   -3,   -8,    0,    9,    0,   10,    9,    9,   11,    3,    0,   13,   10,  -25,    0,  -25,  -25,    0,    0,    0,    0,  -23,  -24,    0,  -23,  -25,  -25,  -25,  -25,  -24,   -6,    0,  -25,  -22,  -38,    0,  -25,   -3,    9,   15,  -31,   15,   11,   10,    0,  -18,  -20,    0,    0,    0,    0,    0,    0,    0,    0,    0,    0,    0,    0,    0,    0,    0,    0,    0,    0,    0,    0,    0,    0,    0,    0,    0,    0,    0,    0,    0,    0,    0,    0,    0,    0,    0,    0,    0,    0,    0,    0,    0,    0,    0,    0,    0,    0,    0,    0,    0,    0,    0,    0,    0,    0,    0,    0,    0,    0,    0,    0,    0,    0,    0,    0,    0,    0,    0,    0,    0,    0,    0,    0,    0,    0,    0,    0,    0,    0,    0,    0,    0,    0,    0,    0,    0,    0,    0,    0,    0,    0,    0,    0,    0,    0,    0,    0,    9,    7,  -18,    0,    0,    0,    0,
       0,    0,    0,    0,    0,    0,  -10,    0,  -18,    3,    0,    0,   -7,    0,    0,    0,   -6,    0,    0,    0,    0,    0,    0,    0,    0,    0,    0,    0,    3,    0,    0,    0,    0,    0,    0,    0,    0,    0,    0,    0,    0,    0,    0,    0,    0,    0,    0,    0,    0,    0,    0,  -18,    0,    0,    0,    0,    0,    0,    0,    0,    0,    0,    0,    0,    0,    0,    0,    0,    0,    0,    0,    0,    0,    0,    0,    0,    0,    0,    0,    0,    0,    0,    0,    0,    0,    0,    0,    0,    0,    0,    0,    0,    0,    0,    0,    0,    0,    0,    0,    0,    0,    0,    0,    0,    0,    0,    0,    0,    0,    0,    0,    0,    0,    0,    0,    0,    0,    0,    0,    0,    0,    0,    0,    0,    0,    0,    0,    0,    0,    0,    0,    0,    0,    0,    0,    0,    0,    0,    0,    0,    0,    0,    0,    0,    0,    0,    0,    0,    0,    0,    0,    0,    0,    0,    0,    0,    0,    0,    0,    0,    2,    8,    0,    0,    0,    0,    0,
       0,    6,  -10,  -10,   11,    0,  -27,  -10,  -31,   -4,    9,  -10,  -22,    0,   -8,   -8,  -29,   -3,   -8,    0,   11,    0,   12,   11,   11,   13,    5,    0,   13,   12,  -14,    0,  -18,  -18,    0,    0,    0,    0,   -8,  -13,    0,   -7,    0,    0,    0,    0,   -4,   -6,    0,  -13,    0,  -49,    0,  -14,    7,    0,   17,  -20,   15,   12,   11,    0,   -6,   -7,    0,    0,    0,    0,    0,    0,    0,    0,    0,    0,    0,    0,    0,    0,    0,    0,    0,    0,    0,    0,    0,    0,    0,    0,    0,    0,    0,    0,    0,    0,    0,    0,    0,    0,    0,    0,    0,    0,    0,    0,    0,    0,    0,    0,    0,    0,    0,    0,    0,    0,    0,    0,    0,    0,    0,    0,    0,    0,    0,    0,    0,    0,    0,    0,    0,    0,    0,    0,    0,    0,    0,    0,    0,    0,    0,    0,    0,    0,    0,    0,    0,    0,    0,    0,    0,    0,    0,    0,    0,    0,    0,    0,    0,    0,    0,    0,    9,   12,  -21,    0,    0,    0,    0,
       0,    6,   -7,   -4,    9,    0,  -15,    0,  -21,    0,    8,   -4,  -13,    0,   -3,   -3,  -16,    0,   -3,    0,    9,    0,   11,    9,    9,   12,    4,    0,   13,   11,   -9,    0,  -11,  -11,    0,    0,    0,    0,   -5,   -5,    0,   -5,    4,    4,    3,    4,    0,   -3,    0,   -5,    0,  -18,    0,   -9,    0,    0,   15,  -12,   14,    0,    0,    0,    0,    0,    0,    0,    0,    0,    0,    0,    0,    0,    0,    0,    0,    0,    0,    0,    0,    0,    0,    0,    0,    0,    0,    0,    0,    0,    0,    0,    0,    0,    0,    0,    0,    0,    0,    0,    0,    0,    0,    0,    0,    0,    0,    0,    0,    0,    0,    0,    0,    0,    0,    0,    0,    0,    0,    0,    0,    0,    0,    0,    0,    0,    0,    0,    0,    0,    0,    0,    0,    0,    0,    0,    0,    0,    0,    0,    0,    0,    0,    0,    0,    0,    0,    0,    0,    0,    0,    0,    0,    0,    0,    0,    0,    0,    0,    0,    0,    0,    9,   13,   -8,    0,    0,    0,    0,
       0,    0,   -7,   -6,    9,   -9,    8,  -11,    8,    6,    7,   -5,   12,    0,  -13,  -13,    8,    0,  -13,    6,    9,    0,   10,    9,   12,   11,    8,    0,   10,   10,  -10,    0,  -10,  -10,    0,    0,    0,    0,    0,    3,    0,   -8,   -8,   -8,    8,   -8,    5,   -4,    0,  -12,    0,   12,    0,  -10,    0,    0,   13,   -7,   13,    7,    3,    0,    0,   -5,    0,    0,    0,    0,    0,    0,    0,    0,    0,    0,    0,    0,    0,    0,    0,    0,    0,    0,    0,    0,    0,    0,    0,    0,    0,    0,    0,    0,    0,    0,    0,    0,    0,    0,    0,    0,    0,    0,    0,    0,    0,    0,    0,    0,    0,    0,    0,    0,    0,    0,    0,    0,    0,    0,    0,    0,    0,    0,    0,    0,    0,    0,    0,    0,    0,    0,    0,    0,    0,    0,    0,    0,    0,    0,    0,    0,    0,    0,    0,    0,    0,    0,    0,    0,    0,    0,    0,    0,    0,    0,    0,    0,    0,    0,    0,    0,    3,    5,   11,    0,    0,    0,    0,
       4,    0,  -17,  -13,   11,   -3,  -32,  -22,  -33,  -13,   10,  -20,  -33,    0,  -15,  -15,  -28,   -5,  -15,   -3,   11,    0,   13,   11,   11,   14,    6,    0,   13,   13,  -24,    0,  -29,  -29,    0,    0,    0,    0,  -12,  -23,    0,  -11,   -3,    0,   -7,   -3,  -12,   -5,    0,  -26,   -9,  -48,    0,  -42,    0,    0,   18,  -30,   15,   13,    6,    0,  -10,  -11,    0,    0,    0,    0,    0,    0,    0,    0,    0,    0,    0,    0,    0,    0,    0,    0,    0,    0,    0,    0,    0,    0,    0,    0,    0,    0,    0,    0,    0,    0,    0,    0,    0,    0,    0,    0,    0,    0,    0,    0,    0,    0,    0,    0,    0,    0,    0,    0,    0,    0,    0,    0,    0,    0,    0,    0,    0,    0,    0,    0,    0,    0,    0,    0,    0,    0,    0,    0,    0,    0,    0,    0,    0,    0,    0,    0,    0,    0,    0,    0,    0,    0,    0,    0,    0,    0,    0,    0,    0,    0,    0,    0,    0,    0,    0,    0,    8,   10,  -22,    0,    0,    0,    0,
       0,    0,   -3,    0,    5,    0,    9,   -7,    0,    5,    5,   -3,    9,    0,   -4,   -4,    9,    0,   -4,    4,    5,    0,    7,    5,    9,    8,    4,    0,    7,    7,    4,    0,   -3,   -3,    0,    0,    0,    0,    0,    0,    0,    0,    0,    0,    8,    0,    4,    0,    0,  -10,    5,    9,    0,    4,    0,    3,   12,    0,   11,    3,    0,    0,    0,    0,    0,    0,    0,    0,    0,    0,    0,    0,    0,    0,    0,    0,    0,    0,    0,    0,    0,    0,    0,    0,    0,    0,    0,    0,    0,    0,    0,    0,    0,    0,    0,    0,    0,    0,    0,    0,    0,    0,    0,    0,    0,    0,    0,    0,    0,    0,    0,    0,    0,    0,    0,    0,    0,    0,    0,    0,    0,    0,    0,    0,    0,    0,    0,    0,    0,    0,    0,    0,    0,    0,    0,    0,    0,    0,    0,    0,    0,    0,    0,    0,    0,    0,    0,    0,    0,    0,    0,    0,    0,    0,    0,    0,    0,    0,    0,    0,    7,   10,   14,    0,    0,    0,    0,
       0,    0,    0,    0,    0,    0,    0,    0,    0,    0,    0,    0,   -9,    0,   -7,   -7,   -9,    0,   -7,    0,   10,    0,   12,   10,   10,   13,    5,    0,    0,   30,  -12,    0,  -12,  -12,    0,    0,    3,   31,  -11,  -11,    0,  -12,  -10,  -10,  -10,   10,  -10,    0,    0,    0,    0,   -9,    0,  -12,    3,    3,    3,  -13,    3,    3,    3,    0,    0,    0,    0,    0,    0,   10,  -10,   -5,   -9,   -9,    6,   -9,    6,    8,    0,    0,   -7,  -13,   10,    0,    0,  -11,  -12,   -7,   -9,   -7,    6,  -11,   -7,   -8,   -7,   -9,  -12,    0,  -11,   -8,   10,  -13,  -10,  -12,   -4,   -8,   -8,   -7,   -9,    7,   -9,  -11,    3,    3,   31,    7,   -6,   -5,  -12,  -12,    9,   -7,    0,    0,   -7,    0,   -9,    0,   -9,    0,    4,    0,    0,    0,    0,    0,    0,    0,    0,    0,    0,    0,    0,    0,    0,    0,    0,    0,    0,    0,    0,    0,    0,    0,    0,    0,    0,    0,    0,    0,    0,    0,    0,    0,    0,    0,    0,    0,    0,
       0,    0,    0,    0,    0,    0,    0,    0,    0,    0,    0,    0,    7,  -10,  -13,  -13,    3,  -10,  -13,    0,  -30,  -13,  -37,  -23,    7,  -37,    3,    0,    0,    0,   -8,    0,   -8,   -8,    0,    0,    0,   47,    0,    0,   -3,   -7,  -10,   -7,    0,   20,    0,    0,    0,    0,    0,    7,    0,   -8,    0,    0,    0,   -7,    0,    0,    0,    0,    0,    0,    0,    0,    0,    0,    0,    0,    0,    0,    0,    0,    0,    0,    0,    0,    0,    0,    0,    0,    0,    0,    0,    0,    0,    0,    0,    0,    0,    0,    0,    0,    0,    0,    0,    0,    0,    0,    0,    0,    0,    0,    0,    0,    0,    0,    0,    0,    0,    0,    0,    0,    0,    0,    0,    0,    0,    0,    0,    0,    0,    0,    0,    0,    0,    0,    0,    0,    0,    0,    0,    0,    0,    0,    0,    0,    0,    0,    0,    0,    0,    0,    0,    0,    0,    0,    0,    0,    0,    0,    0,    0,    0,    0,    0,    0,    0,    0,    0,    0,    0,    0,    0,    0,    0,
       0,    0,    0,    0,    0,    0,    0,    0,    0,    0,    0,    0,    0,    0,    0,    0,    0,    0,    0,    0,    0,    0,    0,    0,    0,    0,    0,    0,    0,    0,    0,    0,    0,    0,    0,    0,    0,   11,    0,    0,    0,    0,    0,    0,    0,    0,    0,    0,    0,    0,    0,    0,    0,    0,    0,    0,    0,    0,    0,    0,    0,    0,    0,    0,    0,    0,    0,    0,   -3,   -3,    0,    0,    0,    0,    0,    0,    0,    0,   -3,   -5,    0,    0,   -4,   -4,    0,    0,    0,    0,    0,    0,    0,    0,    0,    0,    0,    0,    0,    0,    0,   -5,    0,    0,    0,    0,    0,    0,    0,    0,    0,    0,    0,    0,   11,    0,    0,    0,   -6,   -5,    0,    0,    0,    0,    0,    0,    0,   -3,    0,    0,   -4,    0,    0,    0,    0,    0,    0,    0,    0,    0,    0,    0,    0,    0,    0,    0,    0,    0,    0,    0,    0,    0,    0,    0,    0,    0,    0,    0,    0,    0,    0,    0,    0,    0,    0,    0,    0,    0,    0,
       0,   -5,    0,    0,   -7,  -10,    0,    0,    0,    0,  -11,    0,    0,    0,    0,    0,    0,    0,    0,    0,    0,    0,    0,    0,    0,    0,    0,    0,  -13,  -11,    0,    0,    0,    0,    0,    0,    0,    0,    0,    0,    0,    0,   -4,   -3,    0,   -4,    0,    0,   -6,    0,    0,    0,    0,    0,    0,    0,    0,    0,    0,    0,    0,    0,    0,    0,    0,    0,    0,    0,    0,    0,    0,    0,    0,    0,    0,    0,    0,    0,    0,    0,    0,    0,    0,    0,    0,    0,    0,    0,    0,    0,    0,    0,    0,    0,    0,    0,    0,    0,    0,    0,    0,    0,    0,    0,    0,    0,    0,    0,    0,    0,    0,    0,    0,    0,    0,    0,    0,    0,    0,    0,    0,    0,    0,    0,    0,    0,    0,    0,    0,    0,    0,    0,    0,    0,    0,    0,    0,    0,    0,    0,    0,    0,    0,    0,    0,    0,    0,    0,    0,    0,    0,    0,    0,    0,    0,    0,    0,    0,    0,    0,   -7,   -7,    4,    0,    0,    0,    0,
       0,   -6,    0,    0,   -8,  -10,  -10,    4,   -9,    0,   -9,    0,    0,    0,    0,    0,    0,    0,    0,    0,    0,    0,    0,    0,    0,    0,    0,    0,  -17,  -12,    0,    0,    0,    0,    0,    0,    0,    0,    0,    0,    0,    0,   -5,   -4,   -6,   -5,   -3,    0,   -6,    4,    0,    0,    0,    0,    0,    0,    0,    0,    0,    0,    0,    0,    0,    0,    0,    0,    0,    0,    0,    0,    0,    0,    0,    0,    0,    0,    0,    0,    0,    0,    0,    0,    0,    0,    0,    0,    0,    0,    0,    0,    0,    0,    0,    0,    0,    0,    0,    0,    0,    0,    0,    0,    0,    0,    0,    0,    0,    0,    0,    0,    0,    0,    0,    0,    0,    0,    0,    0,    0,    0,    0,    0,    0,    0,    0,    0,    0,    0,    0,    0,    0,    0,    0,    0,    0,    0,    0,    0,    0,    0,    0,    0,    0,    0,    0,    0,    0,    0,    0,    0,    0,    0,    0,    0,    0,    0,    0,    0,    0,    0,   -9,   -8,    0,    0,    0,    0,    0,
       0,    0,    0,    0,    0,    0,    6,   -3,    0,    3,   -4,   -3,    0,    0,    0,    0,    0,    0,    0,    0,    0,    0,    0,    0,    0,    0,    0,    0,    0,  -12,   -8,    0,   -8,   -8,    0,    0,    0,    0,    0,    0,    0,    0,    3,    3,    4,    3,    0,    0,    0,   -5,    0,    0,    0,   -8,    0,    0,    0,  -10,    0,    0,    0,    0,    0,    0,    0,    0,    0,    0,    0,    0,    0,    0,    0,    0,    0,    0,    0,    0,    0,    0,    0,    0,    0,    0,    0,    0,    0,    0,    0,    0,    0,    0,    0,    0,    0,    0,    0,    0,    0,    0,    0,    0,    0,    0,    0,    0,    0,    0,    0,    0,    0,    0,    0,    0,    0,    0,    0,    0,    0,    0,    0,    0,    0,    0,    0,    0,    0,    0,    0,    0,    0,    0,    0,    0,    0,    0,    0,    0,    0,    0,    0,    0,    0,    0,    0,    0,    0,    0,    0,    0,    0,    0,    0,    0,    0,    0,    0,    0,    0,    0,    4,    8,    8,    0,    0,    0,    0,
       0,    0,    0,    0,   -7,   -8,    0,    7,    0,    0,  -12,    0,    0,    0,    0,    0,    0,    0,    0,    0,    0,    0,    0,    0,    0,    0,    0,    0,  -20,  -11,    0,    0,    0,    0,    0,    0,    0,    0,    0,    0,    0,    0,   -5,   -3,    0,   -5,    0,    0,    0,    0,    0,    0,    0,    0,    0,    0,    0,    0,    0,    0,    0,    0,    0,    0,    0,    0,    0,    0,    0,    0,    0,    0,    0,    0,    0,    0,    0,    0,    0,    0,    0,    0,    0,    0,    0,    0,    0,    0,    0,    0,    0,    0,    0,    0,    0,    0,    0,    0,    0,    0,    0,    0,    0,    0,    0,    0,    0,    0,    0,    0,    0,    0,    0,    0,    0,    0,    0,    0,    0,    0,    0,    0,    0,    0,    0,    0,    0,    0,    0,    0,    0,    0,    0,    0,    0,    0,    0,    0,    0,    0,    0,    0,    0,    0,    0,    0,    0,    0,    0,    0,    0,    0,    0,    0,    0,    0,    0,    0,    0,    0,    4,    5,    3,    0,    0,    0,    0,
       0,    0,    0,    0,   18,    8,  -20,    0,  -21,    6,    9,    0,    0,    0,    0,    0,    0,    0,    0,    0,    0,    0,    0,    0,    0,    0,    0,    0,   27,   17,   -3,    0,   -3,   -3,    0,    0,    4,    4,    0,    0,    0,    0,    9,    9,    7,    9,    0,    0,   10,   -3,    6,    0,    0,   -3,   11,    4,   21,   -7,   19,   17,   19,    0,    0,    0,    0,    0,    0,    0,    0,    0,    0,    0,    0,    0,    0,    0,    0,    0,    0,    0,    0,    0,    0,    0,    0,    0,    0,    0,    0,    0,    0,    0,    0,    0,    0,    0,    0,    0,    0,    0,    0,    0,    0,    0,    0,    0,    0,    0,    0,    0,    0,    0,    0,    0,    0,    0,    0,    0,    0,    0,    0,    0,    0,    0,    0,    0,    0,    0,    0,    0,    0,    0,    0,    0,    0,    0,    0,    0,    0,    0,    0,    0,    0,    0,    0,    0,    0,    0,    0,    0,    0,    0,    0,    0,    0,    0,    0,    0,    0,    0,   13,   18,  -19,    0,    0,    0,    0,
       0,    0,    0,    0,   -4,   -8,    0,    0,    0,    0,   -8,    0,    0,    0,    0,    0,    0,    0,    0,    0,    0,    0,    0,    0,    0,    0,    0,    0,  -10,  -11,    0,    0,    0,    0,    0,    0,    0,    9,    0,    0,    0,    0,   -5,   -3,    0,   -5,    0,    0,    0,    0,    0,    0,    0,    0,    0,    0,    0,    0,    0,    0,    0,    0,    0,    0,    0,    0,    0,    0,    0,    0,    0,    0,    0,    0,    0,    0,    0,    0,    0,    0,    0,    0,    0,    0,    0,    0,    0,    0,    0,    0,    0,    0,    0,    0,    0,    0,    0,    0,    0,    0,    0,    0,    0,    0,    0,    0,    0,    0,    0,    0,    0,    0,    0,    0,    0,    0,    0,    0,    0,    0,    0,    0,    0,    0,    0,    0,    0,    0,    0,    0,    0,    0,    0,    0,    0,    0,    0,    0,    0,    0,    0,    0,    0,    0,    0,    0,    0,    0,    0,    0,    0,    0,    0,    0,    0,    0,    0,    0,    0,    0,   -8,   -5,    3,    0,    0,    0,    0,
       0,   -7,    0,    0,   -7,   -8,    0,    0,    0,    0,  -12,    0,    0,    0,    0,    0,    0,    0,    0,    0,    0,    0,    0,    0,    0,    0,    0,    0,  -20,  -11,    0,    0,    0,    0,    0,    0,    0,    0,    0,    0,    0,    0,   -5,   -3,    0,   -5,    0,    0,   -6,    0,    0,    0,    0,    0,    0,    0,    0,    0,    0,    0,    0,    0,    0,    0,    0,    0,    0,    0,    0,    0,    0,    0,    0,    0,    0,    0,    0,    0,    0,    0,    0,    0,    0,    0,    0,    0,    0,    0,    0,    0,    0,    0,    0,    0,    0,    0,    0,    0,    0,    0,    0,    0,    0,    0,    0,    0,    0,    0,    0,    0,    0,    0,    0,    0,    0,    0,    0,    0,    0,    0,    0,    0,    0,    0,    0,    0,    0,    0,    0,    0,    0,    0,    0,    0,    0,    0,    0,    0,    0,    0,    0,    0,    0,    0,    0,    0,    0,    0,    0,    0,    0,    0,    0,    0,    0,    0,    0,    0,    0,    0,   -8,   -5,    4,    0,    0,    0,    0,
       0,    0,    0,    0,    4,   -8,    0,    0,    0,    0,  -12,    0,    0,    0,    0,    0,    0,    0,    0,    0,    0,    0,    0,    0,    0,    0,    0,    0,  -20,  -11,    0,    0,    0,    0,    0,    0,    0,    0,    0,    0,    0,    0,   -5,   -3,    0,   -5,    0,    0,    0,    0,    0,    0,    0,    0,    0,    0,    0,    0,    0,    0,    0,    0,    0,    0,    0,    0,    0,    0,    0,    0,    0,    0,    0,    0,    0,    0,    0,    0,    0,    0,    0,    0,    0,    0,    0,    0,    0,    0,    0,    0,    0,    0,    0,    0,    0,    0,    0,    0,    0,    0,    0,    0,    0,    0,    0,    0,    0,    0,    0,    0,    0,    0,    0,    0,    0,    0,    0,    0,    0,    0,    0,    0,    0,    0,    0,    0,    0,    0,    0,    0,    0,    0,    0,    0,    0,    0,    0,    0,    0,    0,    0,    0,    0,    0,    0,    0,    0,    0,    0,    0,    0,    0,    0,    0,    0,    0,    0,    0,    0,    0,   -8,   -5,    3,    0,    0,    0,    0,
       0,    0,    0,    0,    4,   -8,    0,    0,    0,    0,  -12,    0,    0,    0,    0,    0,    0,    0,    0,    0,    0,    0,    0,    0,    0,    0,    0,    0,  -20,    3,    0,    0,    0,    0,    0,    0,    0,   10,    0,    0,    0,    0,   -5,   -3,    0,   -5,    0,    0,    0,    0,    0,    0,    0,    0,    0,    0,    0,    0,    0,    0,    0,    0,    0,    0,    0,    0,    0,    0,    0,    0,    0,    0,    0,    0,    0,    0,    0,    0,    0,    0,    0,    0,    0,    0,    0,    0,    0,    0,    0,    0,    0,    0,    0,    0,    0,    0,    0,    0,    0,    0,    0,    0,    0,    0,    0,    0,    0,    0,    0,    0,    0,    0,    0,    0,    0,    0,    0,    0,    0,    0,    0,    0,    0,    0,    0,    0,    0,    0,    0,    0,    0,    0,    0,    0,    0,    0,    0,    0,    0,    0,    0,    0,    0,    0,    0,    0,    0,    0,    0,    0,    0,    0,    0,    0,    0,    0,    0,    0,    0,    0,   -8,   -5,    3,    0,    0,    0,    0,
       0,    0,   -7,   -4,    0,    4,    4,  -15,    7,    3,    0,   -7,    0,    0,    0,    0,    0,    0,    0,    0,    0,    0,    0,    0,    0,    0,    0,    0,    0,   -9,   -3,    0,  -12,  -12,    0,    0,    0,    0,    0,    0,   -3,   -3,    7,    7,    7,    7,    5,   -5,    0,  -12,    0,    0,    0,   -3,    0,    0,    0,  -11,    0,    0,    0,    0,    0,    0,    0,    0,    0,    0,    0,    0,    0,    0,    0,    0,    0,    0,    0,    0,    0,    0,    0,    0,    0,    0,    0,    0,    0,    0,    0,    0,    0,    0,    0,    0,    0,    0,    0,    0,    0,    0,    0,    0,    0,    0,    0,    0,    0,    0,    0,    0,    0,    0,    0,    0,    0,    0,    0,    0,    0,    0,    0,    0,    0,    0,    0,    0,    0,    0,    0,    0,    0,    0,    0,    0,    0,    0,    0,    0,    0,    0,    0,    0,    0,    0,    0,    0,    0,    0,    0,    0,    0,    0,    0,    0,    0,    0,    0,    0,    0,    0,    4,    8,    7,    0,    0,    0,    0,
       0,    0,    0,    0,   -7,   -8,    8,    0,    0,    7,   -5,    0,    0,    0,    0,    0,    0,    0,    0,    0,    0,    0,    0,    0,    0,    0,    0,    0,  -20,  -11,    5,    0,    0,    0,    0,    0,    0,    0,    0,    0,    0,    0,   -4,   -4,    7,   -4,    5,    0,    0,   -5,    7,    0,    0,    5,    0,    0,    0,    0,    0,    0,    0,    0,    0,    0,    0,    0,    0,    0,    0,    0,    0,    0,    0,    0,    0,    0,    0,    0,    0,    0,    0,    0,    0,    0,    0,    0,    0,    0,    0,    0,    0,    0,    0,    0,    0,    0,    0,    0,    0,    0,    0,    0,    0,    0,    0,    0,    0,    0,    0,    0,    0,    0,    0,    0,    0,    0,    0,    0,    0,    0,    0,    0,    0,    0,    0,    0,    0,    0,    0,    0,    0,    0,    0,    0,    0,    0,    0,    0,    0,    0,    0,    0,    0,    0,    0,    0,    0,    0,    0,    0,    0,    0,    0,    0,    0,    0,    0,    0,    0,    0,   -8,   -9,   10,    0,    0,    0,    0,
       0,   -6,    0,    0,   -7,   -8,    0,    0,    0,    0,  -12,    0,    0,    0,    0,    0,    0,    0,    0,    0,    0,    0,    0,    0,    0,    0,    0,    0,  -20,  -11,    0,    0,    0,    0,    0,    0,    0,    0,    0,    0,    0,    0,   -5,   -3,    0,   -5,    0,    0,   -6,    0,    0,    0,    0,    0,    0,    0,    0,    0,    0,    0,    0,    0,    0,    0,    0,    0,    0,    0,    0,    0,    0,    0,    0,    0,    0,    0,    0,    0,    0,    0,    0,    0,    0,    0,    0,    0,    0,    0,    0,    0,    0,    0,    0,    0,    0,    0,    0,    0,    0,    0,    0,    0,    0,    0,    0,    0,    0,    0,    0,    0,    0,    0,    0,    0,    0,    0,    0,    0,    0,    0,    0,    0,    0,    0,    0,    0,    0,    0,    0,    0,    0,    0,    0,    0,    0,    0,    0,    0,    0,    0,    0,    0,    0,    0,    0,    0,    0,    0,    0,    0,    0,    0,    0,    0,    0,    0,    0,    0,    0,    0,   -8,   -5,    4,    0,    0,    0,    0,
       0,   -6,    0,    0,   -8,  -10,  -10,    4,   -9,    0,   -9,    0,    0,    0,    0,    0,    0,    0,    0,    0,    0,    0,    0,    0,    0,    0,    0,    0,  -17,  -12,    0,    0,    0,    0,    0,    0,    0,    0,    0,    0,    0,    0,   -5,   -4,   -6,   -5,   -3,    0,   -8,    4,    0,    0,    0,    0,    0,    0,    0,    0,    0,    0,    0,    0,    0,    0,    0,    0,    0,    0,    0,    0,    0,    0,    0,    0,    0,    0,    0,    0,    0,    0,    0,    0,    0,    0,    0,    0,    0,    0,    0,    0,    0,    0,    0,    0,    0,    0,    0,    0,    0,    0,    0,    0,    0,    0,    0,    0,    0,    0,    0,    0,    0,    0,    0,    0,    0,    0,    0,    0,    0,    0,    0,    0,    0,    0,    0,    0,    0,    0,    0,    0,    0,    0,    0,    0,    0,    0,    0,    0,    0,    0,    0,    0,    0,    0,    0,    0,    0,    0,    0,    0,    0,    0,    0,    0,    0,    0,    0,    0,    0,    0,   -9,   -8,    0,    0,    0,    0,    0,
       0,    0,    0,    0,   -7,   -8,    0,    0,    7,    0,   -8,    0,    0,    0,    0,    0,    0,    0,    0,    0,    0,    0,    0,    0,    0,    0,    0,    0,  -10,  -11,    0,    0,    0,    0,    0,    0,    0,   14,    0,    0,    0,    0,   -5,   -3,    0,   -5,    0,    0,    0,    0,    0,    0,    0,    0,    0,    0,    0,    0,    0,    0,    0,    0,    0,    0,    0,    0,    0,    0,    0,    0,    0,    0,    0,    0,    0,    0,    0,    0,    0,    0,    0,    0,    0,    0,    0,    0,    0,    0,    0,    0,    0,    0,    0,    0,    0,    0,    0,    0,    0,    0,    0,    0,    0,    0,    0,    0,    0,    0,    0,    0,    0,    0,    0,    0,    0,    0,    0,    0,    0,    0,    0,    0,    0,    0,    0,    0,    0,    0,    0,    0,    0,    0,    0,    0,    0,    0,    0,    0,    0,    0,    0,    0,    0,    0,    0,    0,    0,    0,    0,    0,    0,    0,    0,    0,    0,    0,    0,    0,    0,    0,   -8,   -5,    3,    0,    0,    0,    0,
       0,    0,   -7,    0,    0,    6,  -20,    0,  -19,    6,    3,    0,    0,    0,    0,    0,    0,    0,    0,    0,    0,    0,    0,    0,    0,    0,    0,    0,    3,   -3,   -3,    0,   -3,   -3,    0,    0,    0,    0,    0,    0,    0,    0,   10,   10,    7,   10,    3,    0,    0,   -5,    7,    0,    0,   -3,    0,    0,    0,   -5,    0,    0,    0,    0,    0,    0,    0,    0,    0,    0,    0,    0,    0,    0,    0,    0,    0,    0,    0,    0,    0,    0,    0,    0,    0,    0,    0,    0,    0,    0,    0,    0,    0,    0,    0,    0,    0,    0,    0,    0,    0,    0,    0,    0,    0,    0,    0,    0,    0,    0,    0,    0,    0,    0,    0,    0,    0,    0,    0,    0,    0,    0,    0,    0,    0,    0,    0,    0,    0,    0,    0,    0,    0,    0,    0,    0,    0,    0,    0,    0,    0,    0,    0,    0,    0,    0,    0,    0,    0,    0,    0,    0,    0,    0,    0,    0,    0,    0,    0,    0,    0,    0,    9,   16,  -19,    0,    0,    0,    0,
       0,    0,    0,    0,   -4,   -3,    0,    0,   -4,    0,  -12,    0,    0,    0,    0,    0,    0,    0,    0,    0,    0,    0,    0,    0,    0,    0,    0,    0,  -10,  -11,    0,    0,    0,    0,    0,    0,    0,    0,    0,    0,    0,    0,    0,    0,    0,    0,   -3,    0,   -6,    0,    0,    0,    0,    0,    0,    0,    0,    0,    0,    0,    0,    0,    0,    0,    0,    0,    0,    0,    0,    0,    0,    0,    0,    0,    0,    0,    0,    0,    0,    0,    0,    0,    0,    0,    0,    0,    0,    0,    0,    0,    0,    0,    0,    0,    0,    0,    0,    0,    0,    0,    0,    0,    0,    0,    0,    0,    0,    0,    0,    0,    0,    0,    0,    0,    0,    0,    0,    0,    0,    0,    0,    0,    0,    0,    0,    0,    0,    0,    0,    0,    0,    0,    0,    0,    0,    0,    0,    0,    0,    0,    0,    0,    0,    0,    0,    0,    0,    0,    0,    0,    0,    0,    0,    0,    0,    0,    0,    0,    0,    0,    0,    0,    5,    0,    0,    0,    0,
       0,    0,    0,    0,    0,    0,    6,   -3,    0,    3,   -5,    0,    0,    0,    0,    0,    0,    0,    0,    0,    0,    0,    0,    0,    0,    0,    0,    0,   -7,  -11,   -7,    0,   -7,   -7,    0,    0,    0,    0,    0,    0,    0,    0,    3,    3,    6,    3,    0,    0,    0,   -6,    0,    0,    0,   -7,    0,    0,    0,   -3,    0,    0,    0,    0,    0,    0,    0,    0,    0,    0,    0,    0,    0,    0,    0,    0,    0,    0,    0,    0,    0,    0,    0,    0,    0,    0,    0,    0,    0,    0,    0,    0,    0,    0,    0,    0,    0,    0,    0,    0,    0,    0,    0,    0,    0,    0,    0,    0,    0,    0,    0,    0,    0,    0,    0,    0,    0,    0,    0,    0,    0,    0,    0,    0,    0,    0,    0,    0,    0,    0,    0,    0,    0,    0,    0,    0,    0,    0,    0,    0,    0,    0,    0,    0,    0,    0,    0,    0,    0,    0,    0,    0,    0,    0,    0,    0,    0,    0,    0,    0,    0,    0,    5,    0,    8,    0,    0,    0,    0,
       0,    0,    0,    0,   -7,   -8,    0,    0,    0,    0,   -8,    0,    0,    0,    0,    0,    0,    0,    0,    0,    0,    0,    0,    0,    0,    0,    0,    0,  -20,  -10,    0,    0,    0,    0,    0,    0,    0,    0,    0,    0,    0,    0,   -5,   -3,    0,   -5,    0,    0,    0,    0,    0,    0,    0,    0,    0,    0,    0,    0,    0,    0,    0,    0,    0,    0,    0,    0,    0,    0,    0,    0,    0,    0,    0,    0,    0,    0,    0,    0,    0,    0,    0,    0,    0,    0,    0,    0,    0,    0,    0,    0,    0,    0,    0,    0,    0,    0,    0,    0,    0,    0,    0,    0,    0,    0,    0,    0,    0,    0,    0,    0,    0,    0,    0,    0,    0,    0,    0,    0,    0,    0,    0,    0,    0,    0,    0,    0,    0,    0,    0,    0,    0,    0,    0,    0,    0,    0,    0,    0,    0,    0,    0,    0,    0,    0,    0,    0,    0,    0,    0,    0,    0,    0,    0,    0,    0,    0,    0,    0,    0,    0,   -8,   -5,    3,    0,    0,    0,    0,
       0,    0,   -3,    0,    0,    5,  -19,    0,  -13,    5,    0,    0,    0,    0,    0,    0,    0,    0,    0,    0,    0,    0,    0,    0,    0,    0,    0,    0,    0,  -10,   -3,    0,   -5,   -5,    0,    0,    0,    0,    0,    0,    0,    0,    7,    7,    8,    7,    4,    0,    0,    0,    6,    0,    0,   -3,    0,    0,    0,   -6,    0,    0,    0,    0,    0,    0,    0,    0,    0,    0,    0,    0,    0,    0,    0,    0,    0,    0,    0,    0,    0,    0,    0,    0,    0,    0,    0,    0,    0,    0,    0,    0,    0,    0,    0,    0,    0,    0,    0,    0,    0,    0,    0,    0,    0,    0,    0,    0,    0,    0,    0,    0,    0,    0,    0,    0,    0,    0,    0,    0,    0,    0,    0,    0,    0,    0,    0,    0,    0,    0,    0,    0,    0,    0,    0,    0,    0,    0,    0,    0,    0,    0,    0,    0,    0,    0,    0,    0,    0,    0,    0,    0,    0,    0,    0,    0,    0,    0,    0,    0,    0,    0,    7,   13,  -14,    0,    0,    0,    0,
       0,    0,   -3,    0,    0,    6,  -18,    3,  -11,    5,    0,    0,    0,    0,    0,    0,    0,    0,    0,    0,    0,    0,    0,    0,    0,    0,    0,    0,    0,   -9,   -3,    0,   -4,   -4,    0,    0,    0,    0,    0,    0,    0,    0,    7,    7,    7,    7,    5,    0,    0,    0,    6,    0,    0,   -3,    0,    0,    0,   -5,    0,    0,    0,    0,    0,    0,    0,    0,    0,    0,    0,    0,    0,    0,    0,    0,    0,    0,    0,    0,    0,    0,    0,    0,    0,    0,    0,    0,    0,    0,    0,    0,    0,    0,    0,    0,    0,    0,    0,    0,    0,    0,    0,    0,    0,    0,    0,    0,    0,    0,    0,    0,    0,    0,    0,    0,    0,    0,    0,    0,    0,    0,    0,    0,    0,    0,    0,    0,    0,    0,    0,    0,    0,    0,    0,    0,    0,    0,    0,    0,    0,    0,    0,    0,    0,    0,    0,    0,    0,    0,    0,    0,    0,    0,    0,    0,    0,    0,    0,    0,    0,    0,    8,   13,   -9,    0,    0,    0,    0,
       0,    0,   -7,   -4,    0,    4,    6,   -7,    7,    5,    0,   -3,    0,    0,    0,    0,    0,    0,    0,    0,    0,    0,    0,    0,    0,    0,    0,    0,    0,  -10,   -8,    0,   -8,   -8,    0,    0,    0,    0,    0,    0,    0,    0,    8,    7,   11,    8,    6,   -4,    0,   -9,    0,    0,    0,   -8,    0,    0,    0,   -8,    0,    0,    0,    0,    0,    0,    0,    0,    0,    0,    0,    0,    0,    0,    0,    0,    0,    0,    0,    0,    0,    0,    0,    0,    0,    0,    0,    0,    0,    0,    0,    0,    0,    0,    0,    0,    0,    0,    0,    0,    0,    0,    0,    0,    0,    0,    0,    0,    0,    0,    0,    0,    0,    0,    0,    0,    0,    0,    0,    0,    0,    0,    0,    0,    0,    0,    0,    0,    0,    0,    0,    0,    0,    0,    0,    0,    0,    0,    0,    0,    0,    0,    0,    0,    0,    0,    0,    0,    0,    0,    0,    0,    0,    0,    0,    0,    0,    0,    0,    0,    0,    0,    5,    9,    7,    0,    0,    0,    0,
       0,    0,   -3,    0,    0,    5,  -19,    0,  -13,    5,    0,    0,    0,    0,    0,    0,    0,    0,    0,    0,    0,    0,    0,    0,    0,    0,    0,    0,    0,  -10,   -3,    0,   -5,   -5,    0,    0,    0,    0,    0,    0,    0,    0,    7,    7,    8,    7,    4,    0,    0,    0,    6,    0,    0,   -3,    0,    0,    0,   -6,    0,    0,    0,    0,    0,    0,    0,    0,    0,    0,    0,    0,    0,    0,    0,    0,    0,    0,    0,    0,    0,    0,    0,    0,    0,    0,    0,    0,    0,    0,    0,    0,    0,    0,    0,    0,    0,    0,    0,    0,    0,    0,    0,    0,    0,    0,    0,    0,    0,    0,    0,    0,    0,    0,    0,    0,    0,    0,    0,    0,    0,    0,    0,    0,    0,    0,    0,    0,    0,    0,    0,    0,    0,    0,    0,    0,    0,    0,    0,    0,    0,    0,    0,    0,    0,    0,    0,    0,    0,    0,    0,    0,    0,    0,    0,    0,    0,    0,    0,    0,    0,    0,    7,   11,  -14,    0,    0,    0,    0,
       0,    0,    0,    0,    0,    0,    8,    0,    3,    3,   -4,    0,    0,    0,    0,    0,    0,    0,    0,    0,    0,    0,    0,    0,    0,    0,    0,    0,    0,   -9,   -5,    0,   -5,   -5,    0,    0,    0,    0,    0,    0,    0,    0,    6,    6,    7,    6,    0,    0,   -4,   -5,    3,    0,    0,   -5,    0,    0,    0,    0,    0,    0,    0,    0,    0,    0,    0,    0,    0,    0,    0,    0,    0,    0,    0,    0,    0,    0,    0,    0,    0,    0,    0,    0,    0,    0,    0,    0,    0,    0,    0,    0,    0,    0,    0,    0,    0,    0,    0,    0,    0,    0,    0,    0,    0,    0,    0,    0,    0,    0,    0,    0,    0,    0,    0,    0,    0,    0,    0,    0,    0,    0,    0,    0,    0,    0,    0,    0,    0,    0,    0,    0,    0,    0,    0,    0,    0,    0,    0,    0,    0,    0,    0,    0,    0,    0,    0,    0,    0,    0,    0,    0,    0,    0,    0,    0,    0,    0,    0,    0,    0,    0,    5,    9,    9,    0,    0,    0,    0,
       0,    0,    0,    0,    0,    0,    0,    0,    0,    0,    0,    0,    0,    0,   -4,   -5,    0,    0,   -5,    0,    0,    0,    0,    0,    0,    0,    0,    0,    0,    0,    0,    0,    0,    0,    0,    0,    0,    0,    0,    0,    0,    0,    0,    0,    0,    0,    0,    0,   30,    0,    0,    0,    0,    0,    0,    0,    0,    0,    0,    0,    0,    0,    0,    0,    0,    0,    0,    6,   -8,   -5,    0,   -5,    6,    0,    6,    8,    0,    0,   -8,   -9,    6,    0,    0,   -7,   -6,   -5,   -5,   -5,    6,   -7,    0,   -5,    0,   -6,   -7,    0,   -7,   -5,    9,   -9,    0,   -8,   -4,   -5,   -6,   -5,   -6,    7,   -6,   -5,    0,    0,   21,    7,    0,    0,  -10,   -9,    9,    0,    0,    0,    0,    0,   -6,    0,   -6,    0,    4,    0,    0,    0,    0,    0,    0,    0,    0,    0,    0,    0,    0,    0,    0,    0,    0,    0,    0,    0,    0,    0,    0,    0,    0,    0,    0,    0,    0,    0,    0,    0,    0,    0,    0,    0,    0,    0,    0,
       0,    0,    0,    0,    0,    0,    0,    0,    0,    0,    0,    0,    0,    0,    0,    0,   -4,    0,    0,    0,   -6,    0,   -6,    0,   -4,   -5,    0,    0,    0,    0,    0,    0,    0,    0,    0,    0,    0,    0,    0,    0,    0,    0,    0,    0,    0,    0,    0,    0,    0,    0,    0,   -4,    0,    0,    0,    0,    0,    0,    0,    0,    0,    0,    0,    0,    0,    0,    0,   -6,    0,   -5,   -4,   -6,   -7,   -3,   -5,   -4,   -6,    0,    0,    0,   -4,    0,   -7,   -5,    0,    0,    0,    0,   -4,    0,   -4,    0,   -4,    0,    0,    0,    0,    0,    0,    0,    0,    0,    0,    0,    0,    0,    0,    0,    0,    0,    0,    0,    0,    0,    0,    0,    0,    0,   -5,    0,    0,    0,    4,    0,    0,    0,    0,   -7,   -5,    0,    0,    0,    0,    0,    0,    0,    0,    0,    0,    0,    0,    0,    0,    0,    0,    0,    0,    0,    0,    0,    0,    0,    0,    0,    0,    0,    0,    0,    0,    0,    0,    0,    0,    0,    0,    0,    0,
       0,    0,    0,    0,    0,    0,    0,    0,    0,    0,    0,    0,    0,    0,    0,    0,    0,    0,    0,    0,  -21,    0,  -11,   -3,    0,  -16,    0,    0,    0,    0,    0,    0,    0,    0,    0,    0,    0,    0,    0,    0,    0,    0,    0,    0,    0,    0,    0,    0,    0,    0,    0,    0,    0,    0,    0,    0,    0,    0,    0,    0,    0,    0,    0,    0,    0,    0,    0,    0,    0,    0,    0,    0,    0,    0,    0,    0,    0,    0,    0,    0,    0,    0,    0,    0,    0,    0,    0,    0,    0,    0,    0,    0,    0,    0,    0,    0,    0,    0,    0,    0,    0,    0,    0,    0,    0,    0,    0,    0,    0,    0,    0,    0,    0,    0,    0,    0,    0,    0,    0,    0,    0,    0,    0,    0,    0,    0,    0,    0,    0,    0,    0,    0,    0,    0,    0,    0,    0,    0,    0,    0,    0,    0,    0,    0,    0,    0,    0,    0,    0,    0,    0,    0,    0,    0,    0,    0,    0,    0,    0,    0,    0,    0,    0,    0,    0,    0,    0,
       0,    0,    0,    0,    0,    0,    0,    0,    0,    0,    0,    0,    4,    0,    0,    0,    6,    0,    0,    0,  -22,    0,   -3,    0,    0,   -9,    4,    0,    0,    0,    0,    0,    0,    0,    0,    0,    0,    0,    0,    0,    0,    0,    6,    6,    0,    6,    3,    0,    0,    0,    0,    0,    0,    0,    0,    0,    0,    0,    0,    0,    0,    0,    0,    0,    0,    0,    0,  -22,    0,    0,    6,    0,    0,    4,    0,    0,    0,    0,    0,    0,    0,    0,    0,    0,    0,    0,    0,    0,    0,    0,    0,    0,    5,    0,    0,    0,    0,    0,    0,    0,    0,    0,    0,    0,    0,    0,    0,    0,    0,    0,    0,    0,    0,    0,    5,    5,    0,    0,   -6,    4,    0,    5,    4,    0,    0,    0,    0,    0,    0,    0,    0,    0,    0,    0,    0,    0,    0,    0,    0,    0,    0,    0,    0,    0,    0,    0,    0,    0,    0,    0,    0,    0,    0,    0,    0,    0,    0,    0,    0,    0,    0,    0,    0,    0,    0,    0,    0,
       0,    0,    0,    0,    0,    0,    0,    0,    0,    0,    0,    0,   -5,    0,    3,    3,  -10,    0,    3,   -7,  -25,    0,  -14,   -6,  -13,  -27,   -8,    0,    0,    0,    3,    0,    3,    3,    0,    0,    0,    0,    0,    0,    0,    0,    0,    0,   -9,    0,   -6,    0,    0,    0,    0,  -15,    0,    3,    0,    0,    0,    3,    0,    0,    0,    0,    0,    0,    0,    0,    0,  -25,    0,   -7,  -10,   -6,  -11,   -5,   -5,  -15,   -8,    0,    3,    0,  -13,    0,  -10,   -8,    0,    0,    0,    0,   -6,    0,   -9,    0,   -5,    0,    3,    0,    0,    0,    0,    0,   -9,    0,    0,    0,   -4,    0,    0,    0,    0,    0,    0,    0,    0,    0,    0,    0,    0,    0,  -21,    0,    0,    0,    0,   -8,    0,    0,    0,  -10,   -8,    0,    0,    0,    0,    0,    0,    0,    0,    0,    0,    0,    0,    0,    0,    0,    0,    0,    0,    0,    0,    0,    0,    0,    0,    0,    0,    0,    0,    0,    0,    0,    0,    0,    0,    0,    0,    0,    0,
       0,    0,    0,    0,    0,    0,    0,    0,    0,    0,    0,    0,  -14,  -10,  -13,  -13,  -18,   -7,  -13,  -11,  -35,  -11,  -21,  -14,  -21,  -26,  -17,    0,    0,    0,  -13,  -11,  -13,  -13,  -11,  -11,  -11,   23,  -11,  -12,  -11,  -13,   -8,   -8,  -10,    5,  -11,    0,    0,    0,    0,  -24,  -11,  -13,  -11,  -11,  -11,  -14,  -11,  -11,  -11,  -10,    0,    0,    0,    0,    0,    0,    0,    0,    0,    0,    0,    0,    0,    0,    0,    0,    0,    0,    0,    0,    0,    0,    0,    0,    0,    0,    0,    0,    0,    0,    0,    0,    0,    0,    0,    0,    0,    0,    0,    0,    0,    0,    0,    0,    0,    0,    0,    0,    0,    0,    0,    0,    0,    0,    0,    0,    0,    0,    0,    0,    0,    0,    0,    0,    0,    0,    0,    0,    0,    0,    0,    0,    0,    0,    0,    0,    0,    0,    0,    0,    0,    0,    0,    0,    0,    0,    0,    0,    0,    0,    0,    0,    0,    0,    0,    0,    0,    0,    0,    0,    0,    0,    0,    0,    0,
       0,    0,    0,    0,   -8,    0,  -19,    5,  -20,    4,   -9,    0,   -9,    0,    0,    0,  -14,    0,    0,    0,   -7,    0,   -7,   -3,  -12,  -13,   -8,    0,   -7,  -12,   -3,    0,    0,    0,    0,    0,    0,    0,    0,    0,    0,    0,    0,    0,    0,    0,    0,    0,   -7,    5,    0,  -18,    0,   -3,    0,    0,    0,    0,    0,    0,    0,    0,    0,    0,   -7,   -7,    0,    0,    0,    0,    0,    0,    0,    0,    0,    0,    0,    0,    0,    0,    0,    0,    0,    0,    0,    0,    0,    0,    0,    0,    0,    0,    0,    0,    0,    0,    0,    0,    0,    0,    0,    0,    0,    0,    0,    0,    0,    0,    0,    0,    0,    0,    0,    0,    0,    0,    0,    0,    0,    0,    0,    0,    0,    0,    0,    0,    0,    0,    0,    0,    0,    0,    0,    0,    0,    0,    0,    0,    0,    0,    0,    0,    0,    0,    0,    0,    0,    0,    0,    0,    0,    0,    0,    0,    0,    0,    0,    0,    0,    0,    0,    0,    0,    0,    0,    0,    0,
       0,  -12,    0,    0,   -8,  -25,    0,    2,    0,    0,  -15,    0,    0,    0,    0,    0,    0,    0,    0,    0,    0,    0,    0,    0,    0,    0,    0,   -4,  -17,   -7,    0,    0,    0,    0,    0,    0,    0,    0,    0,    0,    0,    0,  -12,  -10,   -3,  -12,    0,    0,   -7,    0,    0,    0,    0,    0,    0,    0,    0,    0,    0,    0,    0,    0,    0,    0,    0,    0,   -9,    0,    0,    0,    0,    0,    0,    0,    0,    0,    0,    0,    0,    0,    0,    0,    0,    0,    0,    0,    0,    0,    0,    0,    0,    0,    0,    0,    0,    0,    0,    0,    0,    0,    0,    0,    0,    0,    0,    0,    0,    0,    0,    0,    0,    0,    0,    0,    0,    0,    0,    0,    0,    0,    0,    0,    0,    0,    0,    0,    0,    0,    0,    0,    0,    0,    0,    0,    0,    0,    0,    0,    0,    0,    0,    0,    0,    0,    0,    0,    0,    0,    0,    0,    0,    0,    0,    0,    0,    0,    0,    0,    0,    0,  -21,  -19,    0,    0,    0,    0,    0,
       0,    0,    0,    0,    5,    0,  -10,    4,   -9,    0,    6,    0,    0,    0,    0,    0,    0,    0,    0,    0,    0,    0,    0,    0,    0,    0,    0,    0,    7,    7,    0,    0,    0,    0,    0,    0,    0,    0,    0,    0,    0,    0,    0,    0,    0,    0,    0,    0,    3,    4,    0,    0,    0,    0,    0,    0,    0,    0,    0,    0,    0,    0,    0,    0,    0,    0,    0,    0,    0,    0,    0,    0,    0,    0,    0,    0,    0,    0,    0,    0,    0,    0,    0,    0,    0,    0,    0,    0,    0,    0,    0,    0,    0,    0,    0,    0,    0,    0,    0,    0,    0,    0,    0,    0,    0,    0,    0,    0,    0,    0,    0,    0,    0,    0,    0,    0,    0,    0,    0,    0,    0,    0,    0,    0,    0,    0,    0,    0,    0,    0,    0,    0,    0,    0,    0,    0,    0,    0,    0,    0,    0,    0,    0,    0,    0,    0,    0,    0,    0,    0,    0,    0,    0,    0,    0,    0,    0,    0,    0,    0,    4,    7,    0,    0,    0,    0,    0,
       0,   -8,    0,    0,   -7,   -5,    0,    0,   -7,    0,   -8,    0,    0,    0,    0,    0,    0,    0,    0,    0,    0,    0,    0,    0,    0,    0,    0,    0,    0,  -10,    0,    0,    0,    0,    0,    0,    0,    0,    0,    0,    0,    0,   -3,    0,   -4,   -3,    0,    0,   -6,    0,    0,    0,    0,    0,    0,    0,    0,    0,    0,    0,    0,    0,    0,    0,    0,    0,    0,    0,    0,    0,    0,    0,    0,    0,    0,    0,    0,    0,    0,    0,    0,    0,    0,    0,    0,    0,    0,    0,    0,    0,    0,    0,    0,    0,    0,    0,    0,    0,    0,    0,    0,    0,    0,    0,    0,    0,    0,    0,    0,    0,    0,    0,    0,    0,    0,    0,    0,    0,    0,    0,    0,    0,    0,    0,    0,    0,    0,    0,    0,    0,    0,    0,    0,    0,    0,    0,    0,    0,    0,    0,    0,    0,    0,    0,    0,    0,    0,    0,    0,    0,    0,    0,    0,    0,    0,    0,    0,    0,    0,    0,   -7,   -5,    0,    0,    0,    0,    0,
       0,    8,    0,    0,   20,    0,   -8,   -7,    0,    0,   12,    0,    0,    0,    0,    0,    0,    0,    0,    0,    0,    0,    0,    0,    0,    0,    0,    0,   30,   23,   -6,    6,  -13,  -13,    0,    9,    6,    6,   -6,  -10,    3,   -5,   11,   11,   10,   13,    8,    0,   23,    0,    0,    0,    0,   -4,   22,   30,   45,    0,   40,   35,   37,    0,    0,    0,    0,    0,    0,    0,    0,    0,    0,    0,    0,    0,    0,    0,    0,    0,    0,    0,    0,    0,    0,    0,    0,    0,    0,    0,    0,    0,    0,    0,    0,    0,    0,    0,    0,    0,    0,    0,    0,    0,    0,    0,    0,    0,    0,    0,    0,    0,    0,    0,    0,    0,    0,    0,    0,    0,    0,    0,    0,    0,    0,    0,    0,    0,    0,    0,    0,    0,    0,    0,    0,    0,    0,    0,    0,    0,    0,    0,    0,    0,    0,    0,    0,    0,    0,    0,    0,    0,    0,    0,    0,    0,    0,    0,    0,    0,    0,    0,    7,    8,    0,    0,    0,    0,    0,
       0,    0,    0,    0,    0,    0,    0,    0,    0,    0,    0,    0,    0,    0,    0,    0,    0,    0,    0,    0,    0,    0,    0,    0,    0,    0,    0,    0,    0,    0,    0,    0,    0,    0,    0,    0,    0,    6,    0,    0,    0,    0,    0,    0,    0,    0,    0,    0,    0,    0,    0,    0,    0,    0,    0,    0,    0,    0,    0,    0,    0,    0,    0,    0,    0,    0,    0,    0,    0,    0,    0,    0,    0,    0,    0,    0,    0,    0,    0,    0,    0,    0,    0,    0,    0,    0,    0,    0,    0,    0,    0,    0,    0,    0,    0,    0,    0,    0,    0,    0,    0,    0,    0,    0,    0,    0,    0,    0,    0,    0,    0,    0,    0,    0,    0,    0,    0,    0,    0,    0,    0,    0,    0,    0,    0,    0,    0,    0,    0,    0,    0,    0,    0,    0,    0,    0,    0,    0,    0,    0,    0,    0,    0,    0,    0,    0,    0,    0,    0,    0,    0,    0,    0,    0,    0,    0,    0,    0,    0,    0,    0,    0,    0,    0,    0,    0,    0,
       0,   -9,    0,    0,    0,   -5,    0,    0,    0,    0,   -6,    0,    0,    0,    0,    0,    0,    0,    0,    0,    0,    0,    0,    0,    0,    0,    0,    0,    0,    0,    0,    0,    0,    0,    0,    0,    0,    0,    0,    0,    0,    0,    0,    0,    0,    0,    0,    0,    0,    0,    0,    0,    0,    0,    0,    0,    0,    0,    0,    0,    0,    0,    0,    0,    0,    0,    0,    0,    0,    0,    0,    0,    0,    0,    0,    0,    0,    0,    0,    0,    0,    0,    0,    0,    0,    0,    0,    0,    0,    0,    0,    0,    0,    0,    0,    0,    0,    0,    0,    0,    0,    0,    0,    0,    0,    0,    0,    0,    0,    0,    0,    0,    0,    0,    0,    0,    0,    0,    0,    0,    0,    0,    0,    0,    0,    0,    0,    0,    0,    0,    0,    0,    0,    0,    0,    0,    0,    0,    0,    0,    0,    0,    0,    0,    0,    0,    0,    0,    0,    0,    0,    0,    0,    0,    0,    0,    0,    0,    0,    0,   -7,   -6,    0,    0,    0,    0,    0,
       0,    0,    0,    0,    0,    0,    0,    0,    0,    0,    0,    0,   -6,    0,    0,    0,   -6,    0,    0,    0,    0,    0,    0,    0,    0,    0,    0,    0,    0,    0,    0,    0,    0,    0,    0,    0,    0,    0,    0,    0,    0,    0,    0,    0,    0,    0,    0,    0,    0,    0,    0,  -12,    0,    0,    0,    0,    0,    0,    0,    0,    0,    0,    0,    0,    0,    0,    0,    0,    0,    0,    0,    0,    0,    0,    0,    0,    0,    0,    0,    0,    0,    0,    0,    0,    0,    0,    0,    0,    0,    0,    0,    0,    0,    0,    0,    0,    0,    0,    0,    0,    0,    0,    0,    0,    0,    0,    0,    0,    0,    0,    0,    0,    0,    0,    0,    0,    0,    0,    0,    0,    0,    0,    0,    0,    0,    0,    0,    0,    0,    0,    0,    0,    0,    0,    0,    0,    0,    0,    0,    0,    0,    0,    0,    0,    0,    0,    0,    0,    0,    0,    0,    0,    0,    0,    0,    0,    0,    0,    0,    0,    0,    0,    0,    0,    0,    0,    0,
       0,    0,    0,    0,    0,    0,    0,    0,    0,    0,    0,    0,    0,    0,    0,    0,    0,    0,    0,    0,    0,    0,    0,    0,    0,    0,    0,    0,    0,    0,    0,    0,    0,    0,    0,    0,    0,    0,    0,    0,    0,    0,   -7,   -6,   -6,   -7,    0,    0,    0,    0,    0,    0,    0,    0,    0,    0,    0,    0,    0,    0,    0,    0,    0,    0,    0,    0,   -8,    0,    0,    0,    0,    0,    0,    0,    0,    0,    0,    0,    0,    0,    0,    0,    0,    0,    0,    0,    0,    0,    0,    0,    0,    0,    0,    0,    0,    0,    0,    0,    0,    0,    0,    0,    0,    0,    0,    0,    0,    0,    0,    0,    0,    0,    0,    0,    0,    0,    0,    0,    0,    0,    0,    0,    0,    0,    0,    0,    0,    0,    0,    0,    0,    0,    0,    0,    0,    0,    0,    0,    0,    0,    0,    0,    0,    0,    0,    0,    0,    0,    0,    0,    0,    0,    0,    0,    0,    0,    0,    0,    0,    0,    0,    0,    0,    0,    0,    0,    0,
       0,    0,    0,    0,    0,    0,    0,    0,    0,    0,    0,    0,    0,    0,    0,    0,    0,    0,    0,    0,    0,    0,    0,    0,    0,    0,    0,    0,    0,    0,    0,    0,    0,    0,    0,    0,    0,   11,    0,    0,    0,    0,    0,    0,    0,    0,    0,    0,    0,    0,    0,    0,    0,    0,    0,    0,    0,    0,    0,    0,    0,    0,    0,    0,    0,    0,    0,    0,    0,    0,    0,    0,    0,    0,    0,    0,    0,    0,    0,    0,    0,    0,    0,    0,    0,    0,    0,    0,    0,    0,    0,    0,    0,    0,    0,    0,    0,    0,    0,    0,    0,    0,    0,    0,    0,    0,    0,    0,    0,    0,    0,    0,    0,    0,    0,    0,    0,    0,    0,    0,    0,    0,    0,    0,    0,    0,    0,    0,    0,    0,    0,    0,    0,    0,    0,    0,    0,    0,    0,    0,    0,    0,    0,    0,    0,    0,    0,    0,    0,    0,    0,    0,    0,    0,    0,    0,    0,    0,    0,    0,    0,    0,    0,    0,    0,    0,    0,
       0,    0,    0,    0,    0,    0,    0,    0,    0,    0,    0,    0,  -11,    0,    0,    0,  -15,    0,    0,    0,    0,    0,    0,    0,   -8,   -4,    0,    0,    0,    0,   -5,    0,    0,    0,    0,    0,    0,    0,    0,    0,    0,    0,    0,    0,    0,    0,    0,    0,    0,    0,    0,  -19,    0,   -5,    0,    0,    0,    0,    0,    0,    0,    0,    0,    0,    0,    0,    0,    0,    0,    0,    0,    0,    0,    0,    0,    0,    0,    0,    0,    0,    0,    0,    0,    0,    0,    0,    0,    0,    0,    0,    0,    0,    0,    0,    0,    0,    0,    0,    0,    0,    0,    0,    0,    0,    0,    0,    0,    0,    0,    0,    0,    0,    0,    0,    0,    0,    0,    0,    0,    0,    0,    0,    0,    0,    0,    0,    0,    0,    0,    0,    0,    0,    0,    0,    0,    0,    0,    0,    0,    0,    0,    0,    0,    0,    0,    0,    0,    0,    0,    0,    0,    0,    0,    0,    0,    0,    0,    0,    0,    0,    0,    0,    0,    0,    0,    0,    0,
       0,    0,    0,    0,    0,    0,    0,    0,    0,    0,    0,    0,    0,    0,    0,    0,    0,    0,    0,    0,    0,    0,   -6,    0,    0,   -7,    0,    0,    0,    0,    0,    0,    0,    0,    0,    0,    0,    0,    0,    0,    0,    0,    0,    0,    0,    0,    0,    0,    0,    0,    0,    0,    0,    0,    0,    0,    0,    0,    0,    0,    0,   -4,    0,    0,    0,    0,    0,    0,    0,    0,    0,    0,    0,    0,    0,    0,    0,    0,    0,    0,    0,    0,    0,    0,    0,    0,    0,    0,    0,    0,    0,    0,    0,    0,    0,    0,    0,    0,    0,    0,    0,    0,    0,    0,    0,    0,    0,    0,    0,    0,    0,    0,    0,    0,    0,    0,    0,    0,    0,    0,    0,    0,    0,    0,    0,    0,    0,    0,    0,    0,    0,    0,    0,    0,    0,    0,    0,    0,    0,    0,    0,    0,    0,    0,    0,    0,    0,    0,    0,    0,    0,    0,    0,    0,    0,    0,    0,    0,    0,    0,    0,    0,    0,    0,    0,    0,    0,
       0,    0,    0,    0,    0,    0,    0,    0,    0,    0,    0,    0,    0,    0,    0,    0,    0,    0,    0,    0,    0,    0,    0,    0,    0,    0,    0,    0,    0,    0,    0,    0,    0,    0,    0,    0,    0,    0,    0,    0,    0,    0,    0,    0,    0,    0,    0,    0,    0,    0,    0,    0,    0,    0,    0,    0,    0,    0,    0,    0,    0,    0,    0,    0,    0,    0,    0,    0,    0,    0,    8,    0,    0,    0,    0,    4,    0,    0,   -6,   -6,    7,    0,    0,    0,    0,    0,    0,    0,    0,    0,    0,    0,    0,    0,   -4,    0,    0,    0,    0,    0,    7,   -4,    0,    0,    0,    0,    0,    0,    0,    0,    0,    0,    0,    0,    0,    0,    0,    0,    0,    0,    0,    0,    0,    9,    0,    0,    0,    0,   -8,    0,    0,    0,    0,    0,    0,    0,    0,    0,    0,    0,    0,    0,    0,    0,    0,    0,    0,    0,    0,    0,    0,    0,    0,    0,    0,    0,    0,    0,    0,    0,    0,    0,    0,    0,    0,    0,    0,
       0,   -5,    0,    0,   -4,   -9,    0,    7,   -6,    0,   -5,    0,    0,    0,    0,    0,    0,    0,    0,    0,    0,    0,    0,    0,    0,    0,    0,   -3,    0,    0,    0,    0,    0,    0,    0,    0,    0,    0,    0,    0,    0,    0,    0,    0,    0,    0,    0,    0,    0,    0,    0,    0,    0,    0,    0,    0,    0,    0,    0,    0,    0,    0,    0,    0,    0,    0,    0,   -5,    0,   -5,    0,    0,   -3,    0,    0,    0,    0,    0,    0,    0,   -5,   -5,   -4,   -7,    0,    0,    0,    0,    0,    0,   -6,    0,    0,    0,    0,    0,    0,   -5,   -5,    0,   -5,    0,    0,   -5,    0,    0,    0,    0,    0,    0,    0,    0,    0,    0,   -5,    0,    0,    0,    0,   -5,    0,   -4,    0,    0,    0,    0,    0,    0,  -12,    0,    0,    0,    0,    0,    0,    0,    0,    0,    0,    0,    0,    0,    0,    0,    0,    0,    0,    0,    0,    0,    0,    0,    0,    0,    0,    0,    0,    0,    0,    0,    0,    0,    0,    0,    0,    0,    0,
       0,    0,    0,   -6,    8,    0,  -27,  -18,  -33,  -20,    9,  -12,    0,    0,    0,    0,    0,    0,    0,    0,    0,    0,    0,    0,    0,    0,    0,   -4,    0,   10,    0,    0,    0,    0,    0,    0,    0,    0,    0,    0,    0,    0,    0,    0,    0,    0,    0,   -9,    0,  -25,  -22,    0,    0,    0,    0,    0,    0,    0,    0,    0,    0,    0,    0,    0,    0,    0,    0,    9,   -6,    0,  -28,  -26,    0,  -27,  -24,    0,    0,   -3,   -8,   -8,    9,    0,    0,   -5,  -25,   -3,  -17,  -17,  -21,  -20,    0,   -3,  -21,  -22,  -25,  -17,  -21,    0,    0,  -24,  -25,  -17,  -17,    0,  -22,  -17,  -17,    0,  -19,  -24,    0,   13,    0,    0,    0,    0,   -6,  -21,    4,    0,    0,    0,  -28,  -36,  -25,   -5,  -20,    0,  -16,    0,    0,    0,    0,    0,    0,    0,    0,    0,    0,    0,    0,    0,    0,    0,    0,    0,    0,    0,    0,    0,    0,    0,    0,    0,    0,    0,    0,    0,    0,    0,    9,    7,    0,    0,    0,    0,    0,
       0,    0,    0,   -4,    5,   -3,    8,   -4,    4,    6,    5,    0,    0,    0,    0,    0,    0,    0,    0,    0,    0,    0,    0,    0,    0,    0,    0,    0,    0,    9,    0,    0,    0,    0,    0,    0,    0,    0,    0,    0,    0,    0,    0,    0,    0,    0,    0,   -5,    5,   -8,    5,    0,    0,    0,    0,    0,    0,    0,    0,    0,    0,    0,    0,    0,    0,    0,    0,    7,   -6,    6,   10,    4,    0,    9,    5,    5,    4,    0,   -8,   -9,    9,    0,    0,    0,    3,    0,    0,    0,    5,    0,    4,    0,    5,    0,   -4,    0,    0,    0,    0,    0,    8,    0,    0,    0,    0,    0,    0,    3,    0,    2,    0,    0,    0,    3,    0,    0,   -6,    0,    4,    0,    0,    0,   -7,    9,    0,   -3,    0,    0,   -5,    0,    0,    0,    0,    0,    0,    0,    0,    0,    0,    0,    0,    0,    0,    0,    0,    0,    0,    0,    0,    0,    0,    0,    0,    0,    0,    0,    0,    0,    0,    0,    7,   12,    0,    0,    0,    0,    0,
       0,   -4,    0,   -4,   -3,  -12,    3,    9,   -5,    0,   -3,    0,    0,    0,    0,    0,    0,    0,    0,    0,    0,    0,    0,    0,    0,    0,    0,   -5,    0,    0,    0,    0,    0,    0,    0,    0,    0,    0,    0,    0,    0,    0,    0,    0,    0,    0,    0,    0,    0,    5,    0,    0,    0,    0,    0,    0,    0,    0,    0,    0,    0,    0,    0,    0,    0,    0,    0,   -7,    0,    0,    0,    0,    0,    0,    0,    0,    0,    0,    0,    0,    0,   -4,   -4,   -7,    4,    0,    0,    0,    0,    0,    0,    0,    0,    0,    0,    0,    0,   -9,   -7,    0,   -4,    0,    0,   -8,    0,    0,    0,    0,    0,    0,    0,    0,    0,    0,   -6,    0,    0,    0,    0,   -8,    0,   -6,    0,    0,    0,    0,    0,    0,  -14,    0,    0,    0,    0,    0,    0,    0,    0,    0,    0,    0,    0,    0,    0,    0,    0,    0,    0,    0,    0,    0,    0,    0,    0,    0,    0,    0,    0,    0,    0,    0,   -7,    0,    0,    0,    0,    0,    0,
       0,    0,    0,    0,    0,    0,    0,    0,  -10,    0,    0,    0,    0,    0,    0,    0,    0,    0,    0,    0,    0,    0,    0,    0,    0,    0,    0,    0,    0,    0,    0,    0,    0,    0,    0,    0,    0,    0,    0,    0,    0,    0,    0,    0,    0,    0,    0,    0,    0,    0,    3,    0,    0,    0,    0,    0,    0,    0,    0,    0,    0,    0,    0,    0,    0,    0,    0,    0,    0,    0,   -4,    0,    0,   -6,    0,    0,    0,    0,    0,    0,    0,    0,    0,    0,    0,    0,    0,    0,    0,    0,    0,    0,    0,    0,    0,    0,    0,    0,    0,    0,    0,    0,    0,    0,    0,    0,    0,    0,    0,    0,    0,    0,    0,    0,    0,    0,    0,    0,    0,    0,    0,    0,    0,    0,    0,    0,    0,    0,    0,    0,    0,    0,    0,    0,    0,    0,    0,    0,    0,    0,    0,    0,    0,    0,    0,    0,    0,    0,    0,    0,    0,    0,    0,    0,    0,    0,    0,    0,    0,    0,    5,    5,    0,    0,    0,    0,    0,
       0,  -20,    0,    0,  -11,   -8,    0,    7,   -6,    0,  -11,    0,    0,    0,    0,    0,    0,    0,    0,    0,    0,    0,    0,    0,    0,    0,    0,   -5,    0,  -13,    0,    0,    0,    0,    0,    0,    0,    0,    0,    0,    0,    0,    0,    0,    0,    0,    0,    0,   -9,    0,    0,    0,    0,    0,    0,    0,    0,    0,    0,    0,    0,    0,    0,    0,    0,    0,    0,  -21,    0,   -5,    0,    0,   -4,    0,    0,   -6,    0,    0,    0,    0,   -5,   -4,   -4,   -9,    0,    0,    0,    0,    0,    0,   -6,    0,    0,    0,    0,    0,    0,   -4,   -4,    0,   -5,    0,    0,   -4,    0,    0,    0,    0,    0,    0,    0,    0,    0,    0,   -5,    0,    0,    0,  -24,   -4,    0,    0,    0,    0,    0,    0,    0,    0,  -10,    0,    0,    0,    0,    0,    0,    0,    0,    0,    0,    0,    0,    0,    0,    0,    0,    0,    0,    0,    0,    0,    0,    0,    0,    0,    0,    0,    0,    0,    0,    0,  -20,  -17,    0,    0,    0,    0,    0,
       0,  -14,    0,    0,    0,   -9,    7,    7,    0,    0,   -6,    0,    0,    0,    0,    0,    0,    0,    0,    0,    0,    0,    0,    0,    0,    0,    0,    0,    0,  -10,    0,    0,    0,    0,    0,    0,    0,    0,    0,    0,    0,    0,    0,    0,    0,    0,    0,    0,   -7,    0,    0,    0,    0,    0,    0,    0,    0,    0,    0,    0,    0,    0,    0,    0,    0,    0,    0,  -15,    0,    0,    0,    0,    0,    0,    0,    0,    0,    0,    0,    0,    0,   -4,    0,    0,    0,    0,    0,    0,    0,    0,    0,    0,    0,    0,    0,    0,    0,   -5,    0,    0,    0,    0,    0,    0,    0,    0,    0,    0,    0,    0,    0,    0,    0,    0,   -5,    0,    0,    0,  -12,   -4,    0,   -4,    0,    8,    0,    0,    0,    0,  -10,    0,    0,    0,    0,    0,    0,    0,    0,    0,    0,    0,    0,    0,    0,    0,    0,    0,    0,    0,    0,    0,    0,    0,    0,    0,    0,    0,    0,    0,    0,    0,  -11,  -11,    0,    0,    0,    0,    0,
       0,    0,    0,   -6,    8,  -13,   10,  -17,    8,    3,    0,   -5,    0,    0,    0,    0,    0,    0,    0,    0,    0,    0,    0,    0,    0,    0,    0,    0,    0,    9,    0,    0,    0,    0,    0,    0,    0,    0,    0,    0,    0,    0,    0,    0,    0,    0,    0,   -5,    6,  -17,    0,    0,    0,    0,    0,    0,    0,    0,    0,    0,    0,    0,    0,    0,    0,    0,    0,    8,  -12,    0,    7,    4,    4,    8,    6,    8,    0,    0,  -18,  -18,   12,    0,    0,    0,   -3,   -7,    0,    0,    6,   -7,    8,    0,    6,    0,  -13,    0,   -7,  -13,  -12,   -9,   11,  -17,    0,   -8,    5,    0,    5,    4,   -6,    3,    0,    0,    0,    4,   -6,    0,  -13,   -7,    6,  -13,    0,   -8,  -18,   13,    0,   -6,   -5,    0,  -19,    0,    0,    0,    0,    0,    0,    0,    0,    0,    0,    0,    0,    0,    0,    0,    0,    0,    0,    0,    0,    0,    0,    0,    0,    0,    0,    0,    0,    0,    0,    0,    0,    0,    0,    0,    0,    0,    0,
       0,    4,    0,  -10,   11,    0,  -27,  -10,  -31,   -4,    9,  -10,    0,    0,    0,    0,    0,    0,    0,    0,    0,    0,    0,    0,    0,    0,    0,    0,    0,   12,    0,    0,    0,    0,    0,    0,    0,    0,    0,    0,    0,    0,    0,    0,    0,    0,    0,   -6,    8,  -13,    0,    0,    0,    0,    0,    0,    0,    0,    0,    0,    0,    0,    0,    0,    0,    0,    0,   11,   -7,    0,  -29,  -22,    6,  -22,  -20,    8,    0,   -3,   -8,   -7,   11,    0,    0,   -7,  -14,   -5,   -6,   -6,  -19,  -12,    0,    0,  -19,  -10,  -18,   -6,  -13,    0,    0,  -13,    0,    0,   -6,    0,    0,   -5,  -10,    7,  -11,  -13,    0,   18,    0,    7,    0,    0,   -7,  -12,    9,    0,    0,    0,    0,  -26,   -8,    0,   -7,    0,    0,    0,    0,    0,    0,    0,    0,    0,    0,    0,    0,    0,    0,    0,    0,    0,    0,    0,    0,    0,    0,    0,    0,    0,    0,    0,    0,    0,    0,    0,    0,    0,    9,   12,    0,    0,    0,    0,    0,
       0,  -19,    0,   -6,    0,  -27,   10,    0,    8,    6,  -11,    0,    0,    0,    0,    0,    0,    0,    0,    0,    0,    0,    0,    0,    0,    0,    0,    0,    0,   -9,    0,    0,    0,    0,    0,    0,    0,    0,    0,    0,    0,    0,    0,    0,    0,    0,    0,   -3,    0,   -5,    4,    0,    0,    0,    0,    0,    0,    0,    0,    0,    0,    0,    0,    0,    0,    0,    0,  -27,   -6,    6,   11,    4,    0,   12,    6,    8,    4,    0,   -8,   -9,   12,  -14,    0,    0,    0,    0,    0,    0,    6,    0,    8,    0,    6,    0,   -4,    0,    0,   -9,   -7,    0,    8,   -8,    0,   -7,    5,    0,    5,    0,    0,    3,    0,    0,    0,    0,   -6,    0,   -7,    0,  -23,   -8,    0,  -12,   -6,   13,    0,   -6,    0,    0,  -14,    0,    0,    0,    0,    0,    0,    0,    0,    0,    0,    0,    0,    0,    0,    0,    0,    0,    0,    0,    0,    0,    0,    0,    0,    0,    0,    0,    0,    0,    0,    0,  -25,  -22,    0,    0,    0,    0,    0,
       0,    0,    0,    0,   -4,   -4,    0,    4,  -10,    4,   -7,    0,    0,    0,    0,    0,    0,    0,    0,    0,    0,    0,    0,    0,    0,    0,    0,    0,    0,   -8,    0,    0,    0,    0,    0,    0,    0,    0,    0,    0,    0,    0,    0,    0,    0,    0,    0,    0,   -6,    3,    4,    0,    0,    0,    0,    0,    0,    0,    0,    0,    0,    0,    0,    0,    0,    0,    0,   -6,    0,   -3,    0,    0,    0,   -3,    0,   -4,    0,    0,    0,    0,   -7,    0,   -4,   -6,    0,    0,    0,    0,    0,    0,    0,    0,    0,    0,    0,    0,    0,    0,    0,    0,   -3,    0,    0,    0,    0,    0,    0,    0,    0,    0,    0,    0,    0,    0,    0,    0,    0,    0,   -7,    0,    0,    0,    0,    0,    0,    0,    0,    0,    0,    0,    0,    0,    0,    0,    0,    0,    0,    0,    0,    0,    0,    0,    0,    0,    0,    0,    0,    0,    0,    0,    0,    0,    0,    0,    0,    0,    0,    0,    0,    0,    0,    0,    0,    0,    0,    0,    0,
       0,   -6,    0,    0,    7,  -12,    9,    0,   12,    0,   -4,    0,    0,    0,    0,    0,    0,    0,    0,    0,    0,    0,    0,    0,    0,    0,    0,    0,    0,    6,    0,    0,    0,    0,    0,    0,    0,    0,    0,    0,    0,    0,    0,    0,    0,    0,    0,   -5,    6,   -5,    0,    0,    0,    0,    0,    0,    0,    0,    0,    0,    0,    0,    0,    0,    0,    0,    0,   -9,    0,    0,    6,    5,    0,    6,    5,    6,    4,    0,    0,  -10,    6,  -10,    0,    0,    0,    0,    0,    0,    5,    0,    6,    0,    6,    0,    0,    0,    0,    0,    7,    0,    6,   -7,    0,    0,    0,    0,    0,    0,    0,    0,    0,    0,   20,    0,    0,    0,    0,    0,   -7,    0,    0,   -7,    0,   11,    0,    0,    0,    0,    0,    0,    0,    0,    0,    0,    0,    0,    0,    0,    0,    0,    0,    0,    0,    0,    0,    0,    0,    0,    0,    0,    0,    0,    0,    0,    0,    0,    0,    0,    0,    0,   -4,   -4,    0,    0,    0,    0,    0,
       0,    0,    0,   -6,    8,  -13,   10,  -17,    8,    3,    4,   -5,    0,    0,    0,    0,    0,    0,    0,    0,    0,    0,    0,    0,    0,    0,    0,    0,    0,    9,    0,    0,    0,    0,    0,    0,    0,    0,    0,    0,    0,    0,    0,    0,    0,    0,    0,   -4,    7,  -17,    0,    0,    0,    0,    0,    0,    0,    0,    0,    0,    0,    0,    0,    0,    0,    0,    0,    8,  -11,    0,    7,    4,    6,    8,    6,    8,    0,    0,  -18,  -15,   12,    0,    0,    0,   -3,   -6,    0,    0,    6,   -6,    8,    0,    6,    0,  -13,    0,   -6,   -9,   -7,   -8,   11,  -12,    0,   -8,    0,    0,    0,    6,   -5,    3,    0,    0,    0,    6,   -6,    0,  -11,   -6,    8,   -9,    0,   -4,  -14,   13,    0,   -3,   -5,    0,  -15,    0,    0,    0,    0,    0,    0,    0,    0,    0,    0,    0,    0,    0,    0,    0,    0,    0,    0,    0,    0,    0,    0,    0,    0,    0,    0,    0,    0,    0,    0,    0,    0,    0,    0,    0,    0,    0,    0,
       0,    0,    0,    0,   -4,   -4,    0,    4,  -10,    4,   -7,    0,    0,    0,    0,    0,    0,    0,    0,    0,    0,    0,    0,    0,    0,    0,    0,    0,    0,   -8,    0,    0,    0,    0,    0,    0,    0,    0,    0,    0,    0,    0,    0,    0,    0,    0,    0,    0,   -6,    3,    4,    0,    0,    0,    0,    0,    0,    0,    0,    0,    0,    0,    0,    0,    0,    0,    0,   -6,    0,   -4,    0,    0,    0,   -3,    0,   -3,    0,    0,    0,    0,   -7,    0,    0,   -5,    0,    0,    0,    0,    0,    0,    0,    0,    0,    0,    0,    0,    0,    0,    0,    0,   -3,    0,    0,    0,    0,    0,    0,    0,    0,    0,    0,    0,    0,    0,    0,    0,    0,    0,   -6,    0,    0,    0,    0,    0,    0,    0,    0,    0,    0,    0,    0,    0,    0,    0,    0,    0,    0,    0,    0,    0,    0,    0,    0,    0,    0,    0,    0,    0,    0,    0,    0,    0,    0,    0,    0,    0,    0,    0,    0,    0,    0,    0,    0,    0,    0,    0,    0,
       0,    0,    0,   -4,   -5,   -3,    0,    0,    0,    0,   -5,    0,    0,    0,    0,    0,    0,    0,    0,    0,    0,    0,    0,    0,    0,    0,    0,   -3,    0,   -4,    0,    0,    0,    0,    0,    0,    0,    0,    0,    0,    0,    0,    0,    0,    0,    0,    0,    0,   -4,    0,    0,    0,    0,    0,    0,    0,    0,    0,    0,    0,    0,    0,    0,    0,    0,    0,    0,   -3,    0,    0,    0,    0,    0,    0,    0,    0,    0,    0,    0,    0,    0,    0,    0,    0,    0,    0,    0,    0,    0,    0,    0,    0,    0,    0,    0,    0,    0,    0,    0,   -4,    0,   -4,    0,    0,    0,    0,    0,    0,    0,    0,    0,    0,    0,    0,    0,    0,    0,    0,   -4,    0,    0,    0,    0,    0,    0,    0,    0,    0,    0,    0,    0,    0,    0,    0,    0,    0,    0,    0,    0,    0,    0,    0,    0,    0,    0,    0,    0,    0,    0,    0,    0,    0,    0,    0,    0,    0,    0,    0,    0,    0,   -7,   -5,    0,    0,    0,    0,    0,
       0,    0,    0,    0,   -7,    0,  -13,    7,  -17,    0,   -6,    0,    0,    0,    0,    0,    0,    0,    0,    0,    0,    0,    0,    0,    0,    0,    0,   -3,    0,   -7,    0,    0,    0,    0,    0,    0,    0,    0,    0,    0,    0,    0,    0,    0,    0,    0,    0,    0,   -8,    3,    0,    0,    0,    0,    0,    0,    0,    0,    0,    0,    0,    0,    0,    0,    0,    0,    0,   -8,    0,    0,   -8,    0,   -8,   -8,    0,  -12,   -7,    0,    0,    0,  -13,    0,   -9,   -5,    0,    0,    0,    0,    0,    0,    0,    0,    0,    0,    0,    0,    0,    0,    0,    0,    0,    0,    0,    0,    0,    0,    0,    0,    0,    0,    0,    0,    0,    0,    0,    0,    0,    0,  -10,    0,    0,    0,    0,   -7,    0,    0,    0,   -8,    0,    0,    0,    0,    0,    0,    0,    0,    0,    0,    0,    0,    0,    0,    0,    0,    0,    0,    0,    0,    0,    0,    0,    0,    0,    0,    0,    0,    0,    0,    0,    0,    0,    3,    0,    0,    0,    0,    0,
       0,    0,    0,    0,   -3,    0,  -35,    0,  -26,    4,    0,    0,    0,    0,    0,    0,    0,    0,    0,    0,    0,    0,    0,    0,    0,    0,    0,   -5,    0,   -4,    0,    0,    0,    0,    0,    0,    0,    0,    0,    0,    0,    0,    0,    0,    0,    0,    0,    0,   -3,   -3,    4,    0,    0,    0,    0,    0,    0,    0,    0,    0,    0,    0,    0,    0,    0,    0,    0,    4,    0,    0,  -30,  -20,    0,  -23,  -19,   -5,   -4,    0,    0,    0,   -7,    0,   -3,    0,   -7,    0,    0,    0,  -14,    0,    0,    0,  -14,   -4,   -5,    0,    0,    0,    4,    0,    4,    0,    0,    0,    0,    0,    0,    0,    0,    0,    0,    0,    0,    0,    0,    4,    0,    0,    0,    4,    0,    4,    0,  -20,    0,    0,    0,    0,    0,    0,    0,    0,    0,    0,    0,    0,    0,    0,    0,    0,    0,    0,    0,    0,    0,    0,    0,    0,    0,    0,    0,    0,    0,    0,    0,    0,    0,    0,    0,    0,   10,   10,    0,    0,    0,    0,    0,
       0,    6,    0,   -6,    8,    0,  -27,  -18,  -33,  -20,    9,  -12,    0,    0,    0,    0,    0,    0,    0,    0,    0,    0,    0,    0,    0,    0,    0,    0,    0,   10,    0,    0,    0,    0,    0,    0,    0,    0,    0,    0,    0,    0,    0,    0,    0,    0,    0,   -6,    6,  -25,  -22,    0,    0,    0,    0,    0,    0,    0,    0,    0,    0,    0,    0,    0,    0,    0,    0,    9,    0,    0,  -28,  -22,    5,  -27,  -21,    6,    0,   -3,   -8,   -4,    9,    0,    0,    0,  -25,    0,    0,    0,  -15,  -16,    0,    0,  -16,   -7,  -25,    0,  -16,    0,    0,  -19,  -25,    0,    0,    0,    0,    0,  -12,    5,  -14,  -24,    0,   16,    0,    5,    0,    0,    0,  -16,    7,    0,    0,    6,    0,  -17,   -4,    0,   -5,    0,    0,    0,    0,    0,    0,    0,    0,    0,    0,    0,    0,    0,    0,    0,    0,    0,    0,    0,    0,    0,    0,    0,    0,    0,    0,    0,    0,    0,    0,    0,    0,    0,    9,    7,    0,    0,    0,    0,    0,
       0,   -4,    0,    0,  -11,    0,  -13,    6,  -13,    0,   -8,    0,    0,    0,    0,    0,    0,    0,    0,    0,    0,    0,    0,    0,    0,    0,    0,   -5,    0,  -12,    0,    0,    0,    0,    0,    0,    0,    0,    0,    0,    0,    0,    0,    0,    0,    0,    0,    0,   -9,    0,    0,    0,    0,    0,    0,    0,    0,    0,    0,    0,    0,    0,    0,    0,    0,    0,    0,   -3,    0,    0,  -12,  -11,  -11,   -9,  -10,  -14,   -9,    0,    0,    0,  -13,    0,  -11,   -4,    0,    0,    0,    0,   -8,    0,    0,    0,   -9,   -3,    0,    0,    0,    0,    0,    0,    0,    0,    0,    0,    0,    0,    0,   -3,    0,    0,    0,    0,    0,   -3,    0,    0,    0,    0,  -11,    0,    0,    0,    0,  -12,    0,    0,    0,  -11,    0,    0,    0,    0,    0,    0,    0,    0,    0,    0,    0,    0,    0,    0,    0,    0,    0,    0,    0,    0,    0,    0,    0,    0,    0,    0,    0,    0,    0,    0,    0,    0,    0,    0,    0,    0,    0,    0,    0,
       0,    0,    0,   -6,    9,   -9,    8,  -11,    8,    6,    7,   -5,    0,    0,    0,    0,    0,    0,    0,    0,    0,    0,    0,    0,    0,    0,    0,    0,    0,   10,    0,    0,    0,    0,    0,    0,    0,    0,    0,    0,    0,    0,    0,    0,    0,    0,    0,   -5,    6,  -12,    0,    0,    0,    0,    0,    0,    0,    0,    0,    0,    0,    0,    0,    0,    0,    0,    0,    9,   -9,    6,    8,    4,    5,   12,    6,    8,    3,    0,  -13,  -13,   12,    0,    0,    0,    0,   -6,    0,    0,    6,   -6,    8,    0,    6,    0,  -10,    0,   -6,   -7,   -6,   -7,    8,  -11,    0,   -7,    0,    0,    0,    5,   -5,    3,    0,    0,    0,    5,   -4,    0,  -10,   -6,    7,   -6,    0,    0,  -12,   13,    0,   -4,   -4,    0,  -13,    0,    0,    0,    0,    0,    0,    0,    0,    0,    0,    0,    0,    0,    0,    0,    0,    0,    0,    0,    0,    0,    0,    0,    0,    0,    0,    0,    0,    0,    0,    0,    3,    5,    0,    0,    0,    0,    0,
       0,    0,    0,    0,   -7,    0,  -13,    7,  -17,    0,   -6,    0,    0,    0,    0,    0,    0,    0,    0,    0,    0,    0,    0,    0,    0,    0,    0,   -3,    0,   -7,    0,    0,    0,    0,    0,    0,    0,    0,    0,    0,    0,    0,    0,    0,    0,    0,    0,    0,   -8,    3,    0,    0,    0,    0,    0,    0,    0,    0,    0,    0,    0,    0,    0,    0,    0,    0,    0,   -8,    0,    0,   -8,    0,   -8,   -8,    0,  -11,   -7,    0,    0,    0,  -13,    0,   -8,   -5,    0,    0,    0,    0,    0,    0,    0,    0,    0,    0,    0,    0,    0,    0,    0,    0,    0,    0,    0,    0,    0,    0,    0,    0,    0,    0,    0,    0,    0,    0,    0,    0,    0,    0,  -10,    0,    0,    0,    0,   -7,    0,    0,    0,   -8,    0,    0,    0,    0,    0,    0,    0,    0,    0,    0,    0,    0,    0,    0,    0,    0,    0,    0,    0,    0,    0,    0,    0,    0,    0,    0,    0,    0,    0,    0,    0,    0,    0,    3,    0,    0,    0,    0,    0,
       0,   -8,    0,    0,   -7,  -10,    0,    5,    0,    0,  -11,    0,    0,    0,    0,    0,    0,    0,    0,    0,    0,    0,    0,    0,    0,    0,    0,    0,    0,  -11,    0,    0,    0,    0,    0,    0,    0,    0,    0,    0,    0,    0,    0,    0,    0,    0,    0,    0,   -6,    0,    0,    0,    0,    0,    0,    0,    0,    0,    0,    0,    0,    0,    0,    0,    0,    0,    0,    0,    0,    0,    0,    0,    0,    0,    0,    0,    0,    0,    0,    0,    0,    0,    0,    0,    0,    0,    0,    0,    0,    0,    0,    0,    0,    0,    0,    0,    0,    0,    0,    0,    0,    0,    0,    0,    0,    0,    0,    0,    0,    0,    0,    0,    0,    0,    0,    0,    0,    0,    0,    0,    0,    0,    0,    0,    0,    0,    0,    0,   -5,    0,    0,    0,    0,    0,    0,    0,    0,    0,    0,    0,    0,    0,    0,    0,    0,    0,    0,    0,    0,    0,    0,    0,    0,    0,    0,    0,    0,    0,    0,    0,   -7,   -7,    0,    0,    0,    0,    0,
       0,    0,    0,    0,    0,   -6,    0,    8,   -6,    0,    0,    0,    0,    0,    0,    0,    0,    0,    0,    0,    0,    0,    0,    0,    0,    0,    0,   -4,    0,    0,    0,    0,    0,    0,    0,    0,    0,    0,    0,    0,    0,    0,    0,    0,    0,    0,    0,    0,    0,    0,    0,    0,    0,    0,    0,    0,    0,    0,    0,    0,    0,    0,    0,    0,    0,    0,    0,    0,    0,    0,    0,    0,    0,    0,    0,    0,    0,    0,    0,    0,    0,    0,    0,    0,    0,    0,    0,    0,    0,    0,   -5,    0,    0,    0,    0,    0,    0,    0,    0,    0,   -4,    0,    0,    0,    0,    0,    0,    0,    0,    0,    0,    0,    0,    0,    0,    0,    0,    0,    0,    0,    0,    0,    0,    0,    0,    0,    0,    0,   -5,    0,    0,    0,    0,    0,    0,    0,    0,    0,    0,    0,    0,    0,    0,    0,    0,    0,    0,    0,    0,    0,    0,    0,    0,    0,    0,    0,    0,    0,    0,    0,    0,    0,    0,    0,    0,    0,    0,
       0,   -7,    0,    0,   -6,   -5,    0,    0,    0,    0,   -6,    0,    0,    0,    0,    0,    0,    0,    0,    0,    0,    0,    0,    0,    0,    0,    0,    0,    0,   -9,    0,    0,    0,    0,    0,    0,    0,    0,    0,    0,    0,    0,    0,    0,    0,    0,    0,    0,   -6,    0,    0,    0,    0,    0,    0,    0,    0,    0,    0,    0,    0,    0,    0,    0,    0,    0,    0,    0,    0,    0,    0,    0,    0,    0,    0,    0,    0,    0,    0,    0,    0,    0,    0,    0,    0,    0,    0,    0,    0,    0,    0,    0,    0,    0,    0,    0,    0,    0,    0,    0,    0,    0,    0,    0,    0,    0,    0,    0,    0,    0,    0,    0,    0,    0,    0,    0,    0,    0,    0,    0,    0,    0,    0,    0,    0,    0,    0,    0,   -4,    0,    0,    0,    0,    0,    0,    0,    0,    0,    0,    0,    0,    0,    0,    0,    0,    0,    0,    0,    0,    0,    0,    0,    0,    0,    0,    0,    0,    0,    0,    0,   -5,   -4,    0,    0,    0,    0,    0,
       0,    0,    0,    0,    0,    0,  -19,    0,  -13,    5,    0,    0,    0,    0,    0,    0,    0,    0,    0,    0,    0,    0,    0,    0,    0,    0,    0,    0,    0,   -7,    0,    0,    0,    0,    0,    0,    0,    0,    0,    0,    0,    0,    0,    0,    0,    0,    0,    0,    0,    0,    5,    0,    0,    0,    0,    0,    0,    0,    0,    0,    0,    0,    0,    0,    0,    0,    0,    0,    0,    0,    0,    0,    0,    0,    0,    0,    0,    0,    0,    0,    0,    0,    0,    0,    0,    0,    0,    0,  -10,    0,    6,    0,  -11,    0,    0,    0,    0,    6,    8,    0,    7,    0,    0,    6,    0,    0,    0,    0,    0,    0,    0,    0,    0,    0,    8,    8,    0,    0,    0,    8,    0,    0,    8,    0,    0,    0,    0,    0,    0,    0,    0,    0,    0,    0,    0,    0,    0,    0,    0,    0,    0,    0,    0,    0,    0,    0,    0,    0,    0,    0,    0,    0,    0,    0,    0,    0,    0,    0,    0,    0,    6,    7,    0,    0,    0,    0,    0,
       0,   -7,    0,    0,    7,   -7,    9,    0,   11,    0,   -4,    0,    0,    0,    0,    0,    0,    0,    0,    0,    0,    0,    0,    0,    0,    0,    0,    0,    0,    6,    0,    0,    0,    0,    0,    0,    0,    0,    0,    0,    0,    0,    0,    0,    0,    0,    0,    0,    6,   -3,    0,    0,    0,    0,    0,    0,    0,    0,    0,    0,    0,    0,    0,    0,    0,    0,    0,    0,    0,    0,    0,    0,    0,    0,    0,    0,    0,    0,    0,    0,    0,    0,    0,    0,    0,    0,    0,    0,    5,    0,    6,    0,    6,    0,    0,    0,    0,   -4,    7,    0,    6,   -4,    0,   -3,    3,    0,    0,    0,    0,    0,    0,    0,   20,    0,    0,    0,    0,    0,    0,    0,    0,    0,    0,    0,    0,    0,    0,    0,    0,    0,    0,    0,    0,    0,    0,    0,    0,    0,    0,    0,    0,    0,    0,    0,    0,    0,    0,    0,    0,    0,    0,    0,    0,    0,    0,    0,    0,    0,    0,    0,   -6,   -4,    0,    0,    0,    0,    0,
       0,   -8,    0,    0,   -7,  -10,   -7,    4,   -4,    0,   -8,    0,    0,    0,    0,    0,    0,    0,    0,    0,    0,    0,    0,    0,    0,    0,    0,    0,    0,  -11,    0,    0,    0,    0,    0,    0,    0,    0,    0,    0,    0,    0,    0,    0,    0,    0,    0,    0,   -6,    4,    0,    0,    0,    0,    0,    0,    0,    0,    0,    0,    0,    0,    0,    0,    0,    0,    0,    0,    0,    0,    0,    0,    0,    0,    0,    0,    0,    0,    0,    0,    0,    0,    0,    0,    0,    0,    0,    0,    0,    0,    0,    0,    0,    0,    0,    0,    0,    0,    0,    0,   -5,    0,    0,    0,    0,    0,    0,    0,    0,    0,    0,    0,    0,    0,    0,    0,    0,    0,    0,    0,    0,    0,    0,    0,    0,    0,    0,    0,   -3,    0,    0,    0,    0,    0,    0,    0,    0,    0,    0,    0,    0,    0,    0,    0,    0,    0,    0,    0,    0,    0,    0,    0,    0,    0,    0,    0,    0,    0,    0,    0,   -3,   -6,    0,    0,    0,    0,    0,
       0,    0,    0,   -4,    0,    4,    4,  -15,    7,    3,    0,   -7,    0,    0,    0,    0,    0,    0,    0,    0,    0,    0,    0,    0,    0,    0,    0,    0,    0,   -9,    0,    0,    0,    0,    0,    0,    0,    0,    0,    0,    0,    0,    0,    0,    0,    0,    0,   -4,    0,  -12,    0,    0,    0,    0,    0,    0,    0,    0,    0,    0,    0,    0,    0,    0,    0,    0,    0,    0,    0,    0,    0,    0,    0,    0,    0,    0,    0,    0,    0,    0,    0,    0,    0,    0,   -3,    0,    0,    0,    6,   -5,    8,    4,    6,    0,  -12,    0,   -5,    5,    6,   -6,    7,    0,    0,    5,    5,    0,    5,    0,    0,    0,    0,    0,    0,    0,    6,    3,    0,   -5,    0,    6,    0,    0,    0,    0,    0,    0,    0,    0,    0,    0,    0,    0,    0,    0,    0,    0,    0,    0,    0,    0,    0,    0,    0,    0,    0,    0,    0,    0,    0,    0,    0,    0,    0,    0,    0,    0,    0,    0,    0,    0,    4,    8,    0,    0,    0,    0,    0,
       0,   -4,    0,    0,   -4,    0,    3,    5,    0,    0,   -4,    0,    0,    0,    0,    0,    0,    0,    0,    0,    0,    0,    0,    0,    0,    0,    0,    0,    0,   -8,    0,    0,    0,    0,    0,    0,    0,    0,    0,    0,    0,    0,    0,    0,    0,    0,    0,    0,   -4,    0,    0,    0,    0,    0,    0,    0,    0,    0,    0,    0,    0,    0,    0,    0,    0,    0,    0,    0,    0,    0,    0,    0,    0,    0,    0,    0,    0,    0,    0,    0,    0,    0,    0,    0,    0,    0,    0,    0,    0,    0,    0,    0,    4,    0,    0,    0,    0,    0,    0,    0,    0,    0,    0,    0,    0,    0,    0,    0,    0,    0,    0,    0,    0,    0,    0,    0,    0,    0,    0,    0,    0,    0,    0,    0,    0,    0,    0,    0,    0,    0,    0,    0,    0,    0,    0,    0,    0,    0,    0,    0,    0,    0,    0,    0,    0,    0,    0,    0,    0,    0,    0,    0,    0,    0,    0,    0,    0,    0,    0,    0,    0,    0,    0,    0,    0,    0,    0,
       0,    0,    0,   -4,    0,    4,    4,  -15,    7,    3,    0,   -7,    0,    0,    0,    0,    0,    0,    0,    0,    0,    0,    0,    0,    0,    0,    0,    0,    0,   -9,    0,    0,    0,    0,    0,    0,    0,    0,    0,    0,    0,    0,    0,    0,    0,    0,    0,   -4,    0,  -12,    0,    0,    0,    0,    0,    0,    0,    0,    0,    0,    0,    0,    0,    0,    0,    0,    0,    0,    0,    0,    0,    0,    0,    0,    0,    0,    0,    0,    0,    0,    0,    0,    0,    0,   -3,    0,    0,    0,    6,   -6,    8,    4,    6,    0,  -12,    0,   -6,    6,    8,   -7,    7,    0,    0,    6,    5,    0,    5,    0,   -4,    0,    0,    0,    0,    0,    8,    4,    0,   -6,    0,    7,    0,    0,    0,    0,    0,    0,    0,    0,    0,    0,    0,    0,    0,    0,    0,    0,    0,    0,    0,    0,    0,    0,    0,    0,    0,    0,    0,    0,    0,    0,    0,    0,    0,    0,    0,    0,    0,    0,    0,    0,    4,    8,    0,    0,    0,    0,    0,
       0,    0,    0,    0,   -5,    0,    0,    4,    0,    0,   -5,    0,    0,    0,    0,    0,    0,    0,    0,    0,    0,    0,    0,    0,    0,    0,    0,    0,    0,   -7,    0,    0,    0,    0,    0,    0,    0,    0,    0,    0,    0,    0,    0,    0,    0,    0,    0,    0,   -4,    0,    0,    0,    0,    0,    0,    0,    0,    0,    0,    0,    0,    0,    0,    0,    0,    0,    0,    0,    0,    0,    0,    0,    0,    0,    0,    0,    0,    0,    0,    0,    0,    0,    0,    0,    0,    0,    0,    0,    0,    0,    0,    0,    0,    0,    0,    0,    0,    0,    0,    0,    0,    0,    0,    0,    0,    0,    0,    0,    0,    0,    0,    0,    0,    0,    0,    0,    0,    0,    0,    0,    0,    0,    0,    0,    0,    0,    0,    0,   -5,    0,    0,    0,    0,    0,    0,    0,    0,    0,    0,    0,    0,    0,    0,    0,    0,    0,    0,    0,    0,    0,    0,    0,    0,    0,    0,    0,    0,    0,    0,    0,    0,    0,    0,    0,    0,    0,    0,
       0,   -4,    0,    0,   -4,   -5,    0,    0,    0,    0,   -5,    0,    0,    0,    0,    0,    0,    0,    0,    0,    0,    0,    0,    0,    0,    0,    0,    0,    0,   -9,    0,    0,    0,    0,    0,    0,    0,    0,    0,    0,    0,    0,    0,    0,    0,    0,    0,    0,   -6,    0,    0,    0,    0,    0,    0,    0,    0,    0,    0,    0,    0,    0,    0,    0,    0,    0,    0,    0,    0,    0,    0,    0,    0,    0,    0,    0,    0,    0,    0,    0,    0,    0,    0,    0,    0,    0,    0,    0,    0,    0,    0,    0,    0,    0,    0,    0,    0,    0,    0,    0,    0,    0,    0,    0,    0,    0,    0,    0,    0,    0,    0,    0,    0,    0,    0,    0,    0,    0,    0,    0,    0,    0,    0,    0,    0,    0,    0,    0,   -7,    0,    0,    0,    0,    0,    0,    0,    0,    0,    0,    0,    0,    0,    0,    0,    0,    0,    0,    0,    0,    0,    0,    0,    0,    0,    0,    0,    0,    0,    0,    0,    0,    0,    0,    0,    0,    0,    0,
       0,    0,    0,    0,   -5,    0,    0,    4,    0,    0,   -5,    0,    0,    0,    0,    0,    0,    0,    0,    0,    0,    0,    0,    0,    0,    0,    0,    0,    0,   -8,    0,    0,    0,    0,    0,    0,    0,    0,    0,    0,    0,    0,    0,    0,    0,    0,    0,    0,   -5,    0,    0,    0,    0,    0,    0,    0,    0,    0,    0,    0,    0,    0,    0,    0,    0,    0,    0,    0,    0,    0,    0,    0,    0,    0,    0,    0,    0,    0,    0,    0,    0,    0,    0,    0,    0,    0,    0,    0,    0,    0,    0,    0,    0,    0,    0,    0,    0,    0,    0,    0,    0,    0,    0,    0,    0,    0,    0,    0,    0,    0,    0,    0,    0,    0,    0,    0,    0,    0,    0,    0,    0,    0,    0,    0,    0,    0,    0,    0,   -5,    0,    0,    0,    0,    0,    0,    0,    0,    0,    0,    0,    0,    0,    0,    0,    0,    0,    0,    0,    0,    0,    0,    0,    0,    0,    0,    0,    0,    0,    0,    0,    0,    0,    0,    0,    0,    0,    0,
       0,  -10,    0,    0,   -8,  -10,  -10,    4,   -9,    0,   -9,    0,    0,    0,    0,    0,    0,    0,    0,    0,    0,    0,    0,    0,    0,    0,    0,    0,    0,  -12,    0,    0,    0,    0,    0,    0,    0,    0,    0,    0,    0,    0,    0,    0,    0,    0,    0,    0,   -7,    4,    0,    0,    0,    0,    0,    0,    0,    0,    0,    0,    0,    0,    0,    0,    0,    0,    0,    0,    0,    0,    0,    0,    0,    0,    0,    0,    0,    0,    0,    0,    0,    0,    0,    0,    0,    0,    0,    0,    0,    0,   -5,    0,    0,    0,    0,    0,    0,    0,    0,    0,   -6,    0,    0,    0,    0,    0,    0,    0,    0,    0,    0,    0,    0,    0,    0,    0,    0,    0,    0,    0,    0,    0,    0,    0,    0,    0,    0,    0,   -5,    0,    0,    0,    0,    0,    0,    0,    0,    0,    0,    0,    0,    0,    0,    0,    0,    0,    0,    0,    0,    0,    0,    0,    0,    0,    0,    0,    0,    0,    0,    0,   -9,   -8,    0,    0,    0,    0,    0,
       0,  -10,    0,    0,  -10,   -5,    0,    8,   -6,    0,   -6,    0,    0,    0,    0,    0,    0,    0,    0,    0,    0,    0,    0,    0,    0,    0,    0,   -5,    0,  -12,    0,    0,    0,    0,    0,    0,    0,    0,    0,    0,    0,    0,    0,    0,    0,    0,    0,    0,   -9,    0,    0,    0,    0,    0,    0,    0,    0,    0,    0,    0,    0,    0,    0,    0,    0,    0,    0,    0,    0,    0,    0,    0,    0,    0,    0,    0,    0,    0,    0,    0,    0,    0,    0,    0,    0,    0,    0,    0,    0,    0,   -5,    0,    0,    0,    0,    0,    0,    0,    0,    0,    0,    0,    0,    0,    0,    0,    0,   -4,    0,    0,    0,    0,    0,    0,    0,    0,    0,    0,    0,    0,    0,    0,    0,    0,    0,    0,    0,    0,   -4,    0,    0,    0,    0,    0,    0,    0,    0,    0,    0,    0,    0,    0,    0,    0,    0,    0,    0,    0,    0,    0,    0,    0,    0,    0,    0,    0,    0,    0,    0,    0,   -7,   -8,    0,    0,    0,    0,    0,
       0,    0,    0,    0,    0,    0,    6,   -3,    0,    3,   -4,   -3,    0,    0,    0,    0,    0,    0,    0,    0,    0,    0,    0,    0,    0,    0,    0,    0,    0,  -12,    0,    0,    0,    0,    0,    0,    0,    0,    0,    0,    0,    0,    0,    0,    0,    0,    0,    0,   -6,   -5,    0,    0,    0,    0,    0,    0,    0,    0,    0,    0,    0,    0,    0,    0,    0,    0,    0,    0,    0,    0,    0,    0,    0,    0,    0,    0,    0,    0,    0,    0,    0,    0,    0,    0,    0,    0,    0,    0,    0,    0,    5,    0,    0,    0,   -8,    0,    0,    0,    0,    0,    4,    0,    0,    0,    0,    0,    0,    0,    0,    0,    0,    0,    0,    0,    3,    0,    0,    0,    0,    3,    0,    0,    0,    0,    0,    0,    0,    0,    0,    0,    0,    0,    0,    0,    0,    0,    0,    0,    0,    0,    0,    0,    0,    0,    0,    0,    0,    0,    0,    0,    0,    0,    0,    0,    0,    0,    0,    0,    0,    0,    4,    8,    0,    0,    0,    0,    0,
       0,    0,    0,    0,    0,    0,  -12,    0,  -14,    0,    0,    0,    0,    0,    0,    0,    0,    0,    0,    0,    0,    0,    0,    0,    0,    0,    0,    0,    0,   -9,    0,    0,    0,    0,    0,    0,    0,    0,    0,    0,    0,    0,    0,    0,    0,    0,    0,    0,   -5,    0,    0,    0,    0,    0,    0,    0,    0,    0,    0,    0,    0,    0,    0,    0,    0,    0,    0,    0,    0,    0,    0,    0,    0,    0,    0,    0,    0,    0,    0,    0,    0,    0,    0,    0,    0,    0,    0,    0,  -10,    0,    5,    0,   -9,    0,    0,    0,    0,    5,    6,   -3,    6,    0,    0,    5,    0,    0,    0,    0,    0,    0,    0,    0,    0,    0,    6,    6,    0,    0,    0,    6,    0,    0,    6,    0,    0,    0,    0,    0,    0,    0,    0,    0,    0,    0,    0,    0,    0,    0,    0,    0,    0,    0,    0,    0,    0,    0,    0,    0,    0,    0,    0,    0,    0,    0,    0,    0,    0,    0,    0,    0,    4,    6,    0,    0,    0,    0,    0,
       0,    0,    0,    0,    0,    0,  -10,    0,  -11,    0,    0,    0,    0,    0,    0,    0,    0,    0,    0,    0,    0,    0,    0,    0,    0,    0,    0,    0,    0,   -7,    0,    0,    0,    0,    0,    0,    0,    0,    0,    0,    0,    0,    0,    0,    0,    0,    0,    0,    0,    0,    0,    0,    0,    0,    0,    0,    0,    0,    0,    0,    0,    0,    0,    0,    0,    0,    0,    0,    0,    0,    0,    0,    0,    0,    0,    0,    0,    0,    0,    0,    0,    0,    0,    0,    0,    0,    0,    0,   -8,    0,    6,    0,   -7,    0,    0,    0,    0,    6,    8,   -4,    7,    0,    0,    6,    0,    0,    0,    0,    0,    0,    0,    0,    0,    0,    8,    7,    0,    0,    0,    8,    0,    0,    4,    0,    0,    0,    0,    0,    0,    0,    0,    0,    0,    0,    0,    0,    0,    0,    0,    0,    0,    0,    0,    0,    0,    0,    0,    0,    0,    0,    0,    0,    0,    0,    0,    0,    0,    0,    0,    0,    4,    7,    0,    0,    0,    0,    0,
       0,  -15,    0,    0,  -12,   -6,    0,    8,   -7,    0,  -10,    0,    0,    0,    0,    0,    0,    0,    0,    0,    0,    0,    0,    0,    0,    0,    0,   -5,    0,  -13,    0,    0,    0,    0,    0,    0,    0,    0,    0,    0,    0,    0,    0,    0,    0,    0,    0,    0,   -9,    0,    0,    0,    0,    0,    0,    0,    0,    0,    0,    0,    0,    0,    0,    0,    0,    0,    0,    0,    0,    0,    0,    0,    0,    0,    0,    0,    0,    0,    0,    0,    0,    0,    0,    0,    0,    0,    0,    0,    0,    0,   -7,   -3,    0,    0,    0,    0,    0,   -3,   -4,    0,   -5,   -2,    0,    0,    0,    0,   -3,   -4,    0,    0,    0,    0,    0,   -4,    0,    0,    0,    0,    0,    0,    0,    0,    0,    0,    0,    0,    0,    0,   -6,    0,    0,    0,    0,    0,    0,    0,    0,    0,    0,    0,    0,    0,    0,    0,    0,    0,    0,    0,    0,    0,    0,    0,    0,    0,    0,    0,    0,    0,    0,    0,  -15,  -12,    0,    0,    0,    0,    0,
       0,    0,    0,   -4,    0,    4,    6,   -7,    7,    5,    0,   -3,    0,    0,    0,    0,    0,    0,    0,    0,    0,    0,    0,    0,    0,    0,    0,    0,    0,  -10,    0,    0,    0,    0,    0,    0,    0,    0,    0,    0,    0,    0,    0,    0,    0,    0,    0,   -3,    0,   -9,    0,    0,    0,    0,    0,    0,    0,    0,    0,    0,    0,    0,    0,    0,    0,    0,    0,    0,    0,    0,    0,    0,    0,    0,    0,    0,    0,    0,    0,    0,    0,    0,    0,    0,    0,    0,    0,    0,    6,   -4,    8,    4,    6,    0,   -8,    0,   -4,    5,    7,   -5,   11,    0,    0,    5,    5,    0,    5,    0,    0,    0,    0,    0,    0,    0,    7,    4,    0,   -4,    0,    6,    0,    0,    0,    0,    0,    0,    0,    0,    0,    0,    0,    0,    0,    0,    0,    0,    0,    0,    0,    0,    0,    0,    0,    0,    0,    0,    0,    0,    0,    0,    0,    0,    0,    0,    0,    0,    0,    0,    0,    0,    5,    9,    0,    0,    0,    0,    0,
       0,  -24,    0,    0,   -7,  -18,    0,    4,    0,    0,   -7,    0,    0,    0,    0,    0,    0,    0,    0,    0,    0,    0,    0,    0,    0,    0,    0,   -4,    0,  -11,    0,    0,    0,    0,    0,    0,    0,    0,    0,    0,    0,    0,    0,    0,    0,    0,    0,    0,   -7,    0,    0,    0,    0,    0,    0,    0,    0,    0,    0,    0,    0,    0,    0,    0,    0,    0,    0,    0,    0,    0,    0,    0,    0,    0,    0,    0,    0,    0,    0,    0,    0,    0,    0,    0,    0,    0,    0,    0,    0,    0,    0,    0,    4,    0,    0,    0,    0,  -12,   -7,    0,    0,    0,    0,   -9,    0,    0,    0,    0,    0,    0,    0,    0,    0,    0,   -8,    0,    0,    0,    0,   -7,    0,    0,    0,    0,    0,    0,    0,    0,  -13,    0,    0,    0,    0,    0,    0,    0,    0,    0,    0,    0,    0,    0,    0,    0,    0,    0,    0,    0,    0,    0,    0,    0,    0,    0,    0,    0,    0,    0,    0,    0,  -21,  -24,    0,    0,    0,    0,    0,
       0,   -8,    0,    0,   -8,  -10,  -10,    4,   -9,    0,   -9,    0,    0,    0,    0,    0,    0,    0,    0,    0,    0,    0,    0,    0,    0,    0,    0,    0,    0,  -12,    0,    0,    0,    0,    0,    0,    0,    0,    0,    0,    0,    0,    0,    0,    0,    0,    0,    0,   -6,    4,    0,    0,    0,    0,    0,    0,    0,    0,    0,    0,    0,    0,    0,    0,    0,    0,    0,    0,    0,    0,    0,    0,    0,    0,    0,    0,    0,    0,    0,    0,    0,    0,    0,    0,    0,    0,    0,    0,    0,    0,    0,    0,    0,    0,    0,    0,    0,    0,    0,    0,   -6,    0,    0,    0,    0,    0,    0,    0,    0,    0,    0,    0,    0,    0,    0,    0,    0,    0,    0,    0,    0,    0,    0,    0,    0,    0,    0,    0,    0,    0,    0,    0,    0,    0,    0,    0,    0,    0,    0,    0,    0,    0,    0,    0,    0,    0,    0,    0,    0,    0,    0,    0,    0,    0,    0,    0,    0,    0,    0,    0,   -9,   -8,    0,    0,    0,    0,    0,
       0,  -10,    0,    0,   -8,  -10,  -10,    4,   -9,    0,   -9,    0,    0,    0,    0,    0,    0,    0,    0,    0,    0,    0,    0,    0,    0,    0,    0,    0,    0,  -12,    0,    0,    0,    0,    0,    0,    0,    0,    0,    0,    0,    0,    0,    0,    0,    0,    0,    0,   -7,    4,    0,    0,    0,    0,    0,    0,    0,    0,    0,    0,    0,    0,    0,    0,    0,    0,    0,    0,    0,    0,    0,    0,    0,    0,    0,    0,    0,    0,    0,    0,    0,    0,    0,    0,    0,    0,    0,    0,    0,    0,   -5,    0,    0,    0,    0,    0,    0,    0,    0,    0,   -6,    0,    0,    0,    0,    0,    0,    0,    0,    0,    0,    0,    0,    0,    0,    0,    0,    0,    0,    0,    0,    0,    0,    0,    0,    0,    0,    0,   -4,    0,    0,    0,    0,    0,    0,    0,    0,    0,    0,    0,    0,    0,    0,    0,    0,    0,    0,    0,    0,    0,    0,    0,    0,    0,    0,    0,    0,    0,    0,    0,   -9,   -8,    0,    0,    0,    0,    0,
       0,    0,    0,    0,   -5,    0,    0,    4,    0,    0,   -5,    0,    0,    0,    0,    0,    0,    0,    0,    0,    0,    0,    0,    0,    0,    0,    0,    0,    0,   -9,    0,    0,    0,    0,    0,    0,    0,    0,    0,    0,    0,    0,    0,    0,    0,    0,    0,    0,   -6,    0,    0,    0,    0,    0,    0,    0,    0,    0,    0,    0,    0,    0,    0,    0,    0,    0,    0,    0,    0,    0,    0,    0,    0,    0,    0,    0,    0,    0,    0,    0,    0,    0,    0,    0,    0,    0,    0,    0,    0,    0,    0,    0,    0,    0,    0,    0,    0,    0,    0,    0,    0,    0,    0,    0,    0,    0,    0,    0,    0,    0,    0,    0,    0,    0,    0,    0,    0,    0,    0,    0,    0,    0,    0,    0,    0,    0,    0,    0,   -5,    0,    0,    0,    0,    0,    0,    0,    0,    0,    0,    0,    0,    0,    0,    0,    0,    0,    0,    0,    0,    0,    0,    0,    0,    0,    0,    0,    0,    0,    0,    0,    0,    0,    0,    0,    0,    0,    0,
       0,  -12,    0,   -5,    0,   -7,    0,    5,    0,    0,   -7,    0,    0,    0,    0,    0,    0,    0,    0,    0,    0,    0,    0,    0,    0,    0,    0,    0,    0,    0,    0,    0,    0,    0,    0,    0,    0,    0,    0,    0,    0,    0,    0,    0,    0,    0,    0,    0,    0,    0,    0,    0,    0,    0,    0,    0,    0,    0,    0,    0,    0,    0,    0,    0,    0,    0,    0,    0,    0,    0,    0,    0,    0,    0,    0,    0,    0,    0,    0,    0,    0,    0,    0,    0,    0,    0,    0,    0,    0,    0,    0,    0,    0,    0,    0,    0,    0,    0,    0,    0,    0,    0,    0,    0,    0,    0,    0,   -5,    0,    0,    0,    0,    9,    0,    0,    0,    0,    0,    0,    0,    0,    0,    0,    0,    0,    0,    0,    0,   -4,    0,    0,    0,    0,    0,    0,    0,    0,    0,    0,    0,    0,    0,    0,    0,    0,    0,    0,    0,    0,    0,    0,    0,    0,    0,    0,    0,    0,    0,    0,    0,  -12,   -9,    0,    0,    0,    0,    0,
       0,    0,    0,    0,    0,    0,    5,    0,    0,    0,   -3,    0,    0,    0,    0,    0,    0,    0,    0,    0,    0,    0,    0,    0,    0,    0,    0,    0,    0,   -8,    0,    0,    0,    0,    0,    0,    0,    0,    0,    0,    0,    0,    0,    0,    0,    0,    0,    0,   -6,   -4,    0,    0,    0,    0,    0,    0,    0,    0,    0,    0,    0,    0,    0,    0,    0,    0,    0,    0,    0,    0,    0,    0,    0,    0,    0,    0,    0,    0,    0,    0,    0,    0,    0,    0,    0,    0,    0,    0,    0,    0,    5,    0,    0,    0,    0,    0,    0,    0,    0,   -3,    5,    0,    0,    0,    0,    0,    0,    0,    0,    0,    0,    0,    0,    0,    0,    0,    0,    0,    0,    0,    0,    0,    0,    0,    0,    0,    0,    0,    0,    0,    0,    0,    0,    0,    0,    0,    0,    0,    0,    0,    0,    0,    0,    0,    0,    0,    0,    0,    0,    0,    0,    0,    0,    0,    0,    0,    0,    0,    0,    0,    0,    0,    0,    0,    0,    0,    0,
       0,    0,    0,    0,   -4,   -3,    0,    0,   -4,    0,  -12,    0,    0,    0,    0,    0,    0,    0,    0,    0,    0,    0,    0,    0,    0,    0,    0,    0,    0,  -11,    0,    0,    0,    0,    0,    0,    0,    0,    0,    0,    0,    0,    0,    0,    0,    0,    0,    0,   -6,    0,    0,    0,    0,    0,    0,    0,    0,    0,    0,    0,    0,    0,    0,    0,    0,    0,    0,    0,    0,    0,    0,    0,    0,    0,    0,    0,    0,    0,    0,    0,    0,    0,    0,    0,    0,    0,    0,    0,    0,    0,    0,    0,    0,    0,    0,    0,    0,    0,    0,    0,    0,    0,    0,    0,    0,    0,    0,    0,    0,    0,    0,    0,    0,    0,    0,    0,    0,    0,    0,    0,    0,    0,    0,    0,    0,    0,    0,    0,   -3,    0,    0,    0,    0,    0,    0,    0,    0,    0,    0,    0,    0,    0,    0,    0,    0,    0,    0,    0,    0,    0,    0,    0,    0,    0,    0,    0,    0,    0,    0,    0,    0,    0,    0,    0,    0,    0,    0,
       0,    0,    0,    0,    4,    0,    0,    4,    0,    0,    0,    0,    0,    0,    0,    0,    0,    0,    0,    0,    0,    0,    0,    0,    0,    0,    0,    0,    0,    0,    0,    0,    0,    0,    0,    0,    0,    0,    0,    0,    0,    0,    0,    0,    0,    0,    0,    0,    0,    0,    0,    0,    0,    0,    0,    0,    0,    0,    0,    0,    0,    0,    0,    0,    0,    0,    0,    0,    0,    0,    0,    0,    0,    0,    0,    0,    0,    0,    0,    0,    0,    0,    0,    0,    0,    0,    0,    0,    0,    0,    0,    0,    0,    0,    0,    0,    0,    0,    0,    0,    0,    0,    0,    0,    0,    0,    0,    0,    0,    0,    0,    0,    0,    0,    0,    0,    0,    0,    0,    0,    0,    0,    0,    0,    0,    0,    0,    0,   -5,    0,    0,    0,    0,    0,    0,    0,    0,    0,    0,    0,    0,    0,    0,    0,    0,    0,    0,    0,    0,    0,    0,    0,    0,    0,    0,    0,    0,    0,    0,    0,    0,    0,    0,    0,    0,    0,    0,
       0,    0,    0,   -4,    4,    0,    0,    4,    0,    0,    0,    0,    0,    0,    0,    0,    0,    0,    0,    0,    0,    0,    0,    0,    0,    0,    0,    0,    0,    3,    0,    0,    0,    0,    0,    0,    0,    0,    0,    0,    0,    0,    0,    0,    0,    0,    0,    0,    0,    0,    0,    0,    0,    0,    0,    0,    0,    0,    0,    0,    0,    0,    0,    0,    0,    0,    0,    0,    0,    0,    0,    0,    0,    0,    0,    0,    0,    0,    0,    0,    0,    0,    0,    0,    0,    0,    0,    0,    0,    0,    0,    0,    0,    0,    0,    0,    0,    0,    0,    0,    0,    0,    0,    0,    0,    0,    0,    0,    0,    0,    0,    0,   10,    0,    0,    0,    0,    0,    0,    0,    0,    0,    0,    0,    0,    0,    0,    0,   -5,    0,    0,    0,    0,    0,    0,    0,    0,    0,    0,    0,    0,    0,    0,    0,    0,    0,    0,    0,    0,    0,    0,    0,    0,    0,    0,    0,    0,    0,    0,    0,    0,    0,    0,    0,    0,    0,    0,
       0,  -12,    0,   -4,   -5,   -7,    0,    5,    0,    0,   -7,    0,    0,    0,    0,    0,    0,    0,    0,    0,    0,    0,    0,    0,    0,    0,    0,    0,    0,  -11,    0,    0,    0,    0,    0,    0,    0,    0,    0,    0,    0,    0,    0,    0,    0,    0,    0,    0,   -9,    0,    0,    0,    0,    0,    0,    0,    0,    0,    0,    0,    0,    0,    0,    0,    0,    0,    0,    0,    0,    0,    0,    0,    0,    0,    0,    0,    0,    0,    0,    0,    0,    0,    0,    0,    0,    0,    0,    0,    0,    0,    0,    0,    0,    0,    0,    0,    0,    0,    0,    0,    0,    0,    0,    0,    0,    0,    0,    0,    0,    0,    0,    0,   -3,    0,    0,    0,    0,    0,    0,    0,    0,    0,    0,    0,    0,    0,    0,    0,   -6,    0,    0,    0,    0,    0,    0,    0,    0,    0,    0,    0,    0,    0,    0,    0,    0,    0,    0,    0,    0,    0,    0,    0,    0,    0,    0,    0,    0,    0,    0,    0,  -11,   -9,    0,    0,    0,    0,    0,
       0,    0,    0,    0,   -5,    0,    0,    4,    0,    0,   -5,    0,    0,    0,    0,    0,    0,    0,    0,    0,    0,    0,    0,    0,    0,    0,    0,    0,    0,   -4,    0,    0,    0,    0,    0,    0,    0,    0,    0,    0,    0,    0,    0,    0,    0,    0,    0,    0,   -4,    0,    0,    0,    0,    0,    0,    0,    0,    0,    0,    0,    0,    0,    0,    0,    0,    0,    0,    0,    0,    0,    0,    0,    0,    0,    0,    0,    0,    0,    0,    0,    0,    0,    0,    0,    0,    0,    0,    0,    0,    0,    0,    0,    0,    0,    0,    0,    0,    0,    0,    0,    0,    0,    0,    0,    0,    0,    0,    0,    0,    0,    0,    0,    0,    0,    0,    0,    0,    0,    0,    0,    0,    0,    0,    0,    0,    0,    0,    0,   -5,    0,    0,    0,    0,    0,    0,    0,    0,    0,    0,    0,    0,    0,    0,    0,    0,    0,    0,    0,    0,    0,    0,    0,    0,    0,    0,    0,    0,    0,    0,    0,    0,    0,    0,    0,    0,    0,    0,
       0,  -17,    0,    0,   -9,  -15,    0,    0,    0,    0,   -9,    0,    0,    0,    0,    0,    0,    0,    0,    0,    0,    0,    0,    0,    0,    0,    0,   -5,    0,  -13,    0,    0,    0,    0,    0,    0,    0,    0,    0,    0,    0,    0,    0,    0,    0,    0,    0,    0,   -9,    0,    0,    0,    0,    0,    0,    0,    0,    0,    0,    0,    0,    0,    0,    0,    0,    0,    0,    0,    0,    0,    0,    0,    0,    0,    0,    0,    0,    0,    0,    0,    0,    0,    0,    0,    0,    0,    0,    0,    0,    0,    0,    0,    0,    0,    0,    0,    0,  -11,   -8,    0,    0,   -3,    0,   -7,    0,    0,   -3,   -4,    0,    0,    0,    0,    0,   -4,  -11,    0,    0,    0,    0,   -8,    0,    0,    0,    0,    0,    0,    0,    0,  -15,    0,    0,    0,    0,    0,    0,    0,    0,    0,    0,    0,    0,    0,    0,    0,    0,    0,    0,    0,    0,    0,    0,    0,    0,    0,    0,    0,    0,    0,    0,    0,  -15,  -12,    0,    0,    0,    0,    0,
       4,    7,    0,   -4,    9,    0,  -33,  -17,  -21,    0,   11,   -9,    0,    0,    0,    0,    0,    0,    0,    0,    0,    0,    0,    0,    0,    0,    0,    0,    0,   13,    0,    0,    0,    0,    0,    0,    0,    0,    0,    0,    0,    0,    0,    0,    0,    0,    0,    0,   13,  -20,    0,    0,    0,    0,    0,    0,    0,    0,    0,    0,    0,    0,    0,    0,    0,    0,    0,   11,   -4,    0,  -27,  -17,   10,  -21,  -16,   10,    7,    0,   -4,   -5,    9,    8,    7,    0,   -6,    0,   -4,   -4,  -17,  -17,    0,    0,  -18,   -8,  -17,   -5,  -18,    0,    0,  -20,    0,    0,   -4,    0,    0,    0,  -14,   12,  -15,  -11,    0,    0,    0,   12,    0,    0,   -4,  -17,   12,    0,    0,    4,   -4,  -31,   -6,    0,   -6,    4,    0,    0,    0,    0,    0,    0,    0,    0,    0,    0,    0,    0,    0,    0,    0,    0,    0,    0,    0,    0,    0,    0,    0,    0,    0,    0,    0,    0,    0,    0,    0,    0,   10,   10,    0,    0,    0,    0,    0,
       0,    5,    0,    0,    0,    6,  -18,    0,  -14,    6,    0,    0,    0,    0,    0,    0,    0,    0,    0,    0,    0,    0,    0,    0,    0,    0,    0,    0,    0,   -4,    0,    0,    0,    0,    0,    0,    0,    0,    0,    0,    0,    0,    0,    0,    0,    0,    0,    0,    0,    0,    7,    0,    0,    0,    0,    0,    0,    0,    0,    0,    0,    0,    0,    0,    0,    0,    0,    0,    0,    0,    0,    0,    0,    0,    0,    0,    0,    0,    0,    0,    0,    0,    0,    0,    0,    0,    0,    0,   -7,    0,    9,    6,   -8,    0,    0,    0,    0,   10,   11,    0,   10,    6,    0,   10,    6,    0,    0,    0,    0,    0,    0,    0,    0,    0,   11,   11,    0,    0,    0,   11,    0,    0,    8,    0,    0,    0,    0,    0,    0,    0,    0,    0,    0,    0,    0,    0,    0,    0,    0,    0,    0,    0,    0,    0,    0,    0,    0,    0,    0,    0,    0,    0,    0,    0,    0,    0,    0,    0,    0,    0,    7,   11,    0,    0,    0,    0,    0,
       0,   -6,    0,   -4,    0,   -6,    7,    0,    0,    0,   -6,    0,    0,    0,    0,    0,    0,    0,    0,    0,    0,    0,    0,    0,    0,    0,    0,    0,    0,    0,    0,    0,    0,    0,    0,    0,    0,    0,    0,    0,    0,    0,    0,    0,    0,    0,    0,    0,    0,    0,    0,    0,    0,    0,    0,    0,    0,    0,    0,    0,    0,    0,    0,    0,    0,    0,    0,    0,    0,    0,    0,    0,    0,    0,    0,    0,    0,    0,    0,    0,    0,    0,    0,    0,    0,    0,    0,    0,    0,    0,    4,    0,    4,    0,    0,    0,    0,    0,    0,    0,    4,   -5,    0,    0,    0,    0,    0,    0,    0,    0,    0,    0,   12,    0,    0,    0,    0,    0,    0,    0,    0,    0,    0,    0,    0,    0,    0,    0,    0,    0,    0,    0,    0,    0,    0,    0,    0,    0,    0,    0,    0,    0,    0,    0,    0,    0,    0,    0,    0,    0,    0,    0,    0,    0,    0,    0,    0,    0,    0,    0,   -5,    0,    0,    0,    0,    0,    0,
       0,  -31,    0,   -4,    0,  -24,    7,    0,    0,    0,   -6,    0,    0,    0,    0,    0,    0,    0,    0,    0,    0,    0,    0,    0,    0,    0,    0,   -4,    0,    0,    0,    0,    0,    0,    0,    0,    0,    0,    0,    0,    0,    0,    0,    0,    0,    0,    0,    0,    0,    0,    0,    0,    0,    0,    0,    0,    0,    0,    0,    0,    0,    0,    0,    0,    0,    0,    0,    0,    0,    0,    0,    0,    0,    0,    0,    0,    0,    0,    0,    0,    0,    0,    0,    0,    0,    0,    0,    0,    0,    0,    4,    0,    4,    0,    0,    0,    0,  -14,    0,    0,    4,   -7,    0,  -11,    0,    0,    0,    0,    0,    0,    0,    0,   12,    0,  -10,    0,    0,    0,    0,  -12,    0,    0,   -7,    0,    0,    0,    0,    0,    0,    0,    0,    0,    0,    0,    0,    0,    0,    0,    0,    0,    0,    0,    0,    0,    0,    0,    0,    0,    0,    0,    0,    0,    0,    0,    0,    0,    0,    0,    0,    0,  -27,  -30,    0,    0,    0,    0,    0,
       0,  -11,    0,    0,    0,   -3,    0,   10,    0,    0,   -7,    0,    0,    0,    0,    0,    0,    0,    0,    0,    0,    0,    0,    0,    0,    0,    0,   -4,    0,    0,    0,    0,    0,    0,    0,    0,    0,    0,    0,    0,    0,    0,    0,    0,    0,    0,    0,    0,    0,    0,    0,    0,    0,    0,    0,    0,    0,    0,    0,    0,    0,    0,    0,    0,    0,    0,    0,  -15,    0,   -6,    0,    0,   -5,    0,    0,   -8,    0,    0,    0,    0,   -7,    0,   -5,   -6,    0,    0,    0,    0,    0,    0,   -4,    0,    0,    0,    0,    0,    0,    0,    0,    0,    0,    0,    0,    0,    0,    0,    0,    0,    0,    0,    0,    0,   11,    0,    0,    0,    0,    0,  -18,    0,    0,    0,    0,    0,    0,    0,    0,    0,    0,    0,    0,    0,    0,    0,    0,    0,    0,    0,    0,    0,    0,    0,    0,    0,    0,    0,    0,    0,    0,    0,    0,    0,    0,    0,    0,    0,    0,    0,    0,    0,  -11,   -8,    0,    0,    0,    0,    0,
       0,  -17,    0,    0,    0,  -11,    0,    8,    5,    0,   -8,    0,    0,    0,    0,    0,    0,    0,    0,    0,    0,    0,    0,    0,    0,    0,    0,    0,    0,    0,    0,    0,    0,    0,    0,    0,    0,    0,    0,    0,    0,    0,    0,    0,    0,    0,    0,    0,    0,    0,    0,    0,    0,    0,    0,    0,    0,    0,    0,    0,    0,    0,    0,    0,    0,    0,    0,    0,    0,    0,    0,    0,    0,    0,    0,    0,    0,    0,    0,    0,    0,    0,    0,    0,    0,    0,    0,    0,    0,    0,    0,    0,    0,    0,    0,    0,    0,   -7,    0,    0,    0,    0,    0,   -5,    0,    0,    0,    0,    0,    0,    0,    0,   14,    0,   -5,    0,    0,    0,    0,   -4,    0,    0,    0,    0,    0,    0,    0,    0,    0,    0,    0,    0,    0,    0,    0,    0,    0,    0,    0,    0,    0,    0,    0,    0,    0,    0,    0,    0,    0,    0,    0,    0,    0,    0,    0,    0,    0,    0,    0,    0,  -15,  -15,    0,    0,    0,    0,    0,
       0,    0,    0,  -11,    8,    0,  -21,  -15,  -25,   -7,    6,  -15,    0,    0,    0,    0,    0,    0,    0,    0,    0,    0,    0,    0,    0,    0,    0,    0,    0,    9,    0,    0,    0,    0,    0,    0,    0,    0,    0,    0,    0,    0,    0,    0,    0,    0,    0,   -5,    9,  -21,   -7,    0,    0,    0,    0,    0,    0,    0,    0,    0,    0,    0,    0,    0,    0,    0,    0,    7,  -11,   -4,  -24,  -21,    7,  -23,  -20,    9,    0,   -4,  -11,  -12,    7,    4,    0,   -9,  -11,   -7,   -9,   -9,  -22,  -19,    0,   -6,  -23,  -14,  -19,  -10,  -20,    0,    0,  -21,    0,   -6,   -9,    0,   -6,   -8,  -16,    7,  -18,  -14,    0,    0,    0,    7,    0,    0,  -11,  -19,   10,    0,    0,    0,   -6,  -20,  -11,    0,  -11,    0,    0,    0,    0,    0,    0,    0,    0,    0,    0,    0,    0,    0,    0,    0,    0,    0,    0,    0,    0,    0,    0,    0,    0,    0,    0,    0,    0,    0,    0,    0,    0,    0,    0,    4,    0,    0,    0,    0,    0,
       0,    0,    0,    0,    0,    0,  -11,    0,   -9,    0,    0,    0,    0,    0,    0,    0,    0,    0,    0,    0,    0,    0,    0,    0,    0,    0,    0,    0,    0,   -7,    0,    0,    0,    0,    0,    0,    0,    0,    0,    0,    0,    0,    0,    0,    0,    0,    0,    0,    0,    0,    3,    0,    0,    0,    0,    0,    0,    0,    0,    0,    0,    0,    0,    0,    0,    0,    0,    0,    0,    0,    0,    0,    0,    0,    0,    0,    0,    0,    0,    0,    0,    0,    0,    0,    0,    0,    0,    0,   -8,    0,    6,    0,   -8,    0,    0,    0,    0,    6,    8,    0,    7,    0,    0,    6,    0,    0,    0,    0,    0,    0,    0,    0,    0,    0,    8,    7,    0,    0,    0,    8,    0,    0,    4,    0,    0,    0,    0,    0,    0,    0,    0,    0,    0,    0,    0,    0,    0,    0,    0,    0,    0,    0,    0,    0,    0,    0,    0,    0,    0,    0,    0,    0,    0,    0,    0,    0,    0,    0,    0,    0,    0,    7,    0,    0,    0,    0,    0,
       0,  -20,    0,   -5,   -4,   -9,    4,    5,    0,    0,  -10,    0,    0,    0,    0,    0,    0,    0,    0,    0,    0,    0,    0,    0,    0,    0,    0,   -5,    0,  -14,    0,    0,    0,    0,    0,    0,    0,    0,    0,    0,    0,    0,    0,    0,    0,    0,    0,    0,  -10,    0,    0,    0,    0,    0,    0,    0,    0,    0,    0,    0,    0,    0,    0,    0,    0,    0,    0,  -21,    0,    0,    0,    0,    0,    0,    0,    0,    0,    0,    0,    0,    0,   -6,    0,    0,    0,    0,    0,    0,    0,    0,    0,    0,    0,    0,    0,    0,    0,    0,    0,    0,    0,    0,    0,    0,    0,    0,    0,    0,    0,    0,    0,    0,    0,    0,    0,    0,    0,    0,  -23,    0,    0,   -4,    0,    5,    0,    0,    0,    0,    0,    0,    0,    0,    0,    0,    0,    0,    0,    0,    0,    0,    0,    0,    0,    0,    0,    0,    0,    0,    0,    0,    0,    0,    0,    0,    0,    0,    0,    0,    0,    0,  -20,  -17,    0,    0,    0,    0,    0,
       0,  -11,    0,   -4,   -5,   -7,    0,    5,    0,    0,   -7,    0,    0,    0,    0,    0,    0,    0,    0,    0,    0,    0,    0,    0,    0,    0,    0,    0,    0,  -11,    0,    0,    0,    0,    0,    0,    0,    0,    0,    0,    0,    0,    0,    0,    0,    0,    0,    0,   -9,    0,    0,    0,    0,    0,    0,    0,    0,    0,    0,    0,    0,    0,    0,    0,    0,    0,    0,    0,    0,    0,    0,    0,    0,    0,    0,    0,    0,    0,    0,    0,    0,    0,    0,    0,    0,    0,    0,    0,    0,    0,    0,    0,    0,    0,    0,    0,    0,    0,    0,    0,    0,    0,    0,    0,    0,    0,    0,    0,    0,    0,    0,    0,   -3,    0,    0,    0,    0,    0,    0,    0,    0,    0,    0,    0,    0,    0,    0,    0,   -6,    0,    0,    0,    0,    0,    0,    0,    0,    0,    0,    0,    0,    0,    0,    0,    0,    0,    0,    0,    0,    0,    0,    0,    0,    0,    0,    0,    0,    0,    0,    0,   -9,   -6,    0,    0,    0,    0,    0,
       0,    0,    0,    0,   -7,    0,    0,    4,   -6,    0,   -5,    0,    0,    0,    0,    0,    0,    0,    0,    0,    0,    0,    0,    0,    0,    0,    0,   -3,    0,   -9,    0,    0,    0,    0,    0,    0,    0,    0,    0,    0,    0,    0,    0,    0,    0,    0,    0,    0,   -6,    0,    0,    0,    0,    0,    0,    0,    0,    0,    0,    0,    0,    0,    0,    0,    0,    0,    0,    0,    0,    0,    0,    0,   -6,    0,    0,    0,    0,    0,    0,    0,    0,    0,   -5,   -5,    0,    0,    0,    0,    0,    0,    0,    0,    0,    0,    0,    0,    0,    0,    0,    0,    0,    0,    0,    0,    0,    0,    0,    0,    0,    0,    0,    0,    0,    0,    0,    0,    0,    0,   -9,    0,    0,    0,    0,    0,    0,    0,    0,    0,    0,    0,    0,    0,    0,    0,    0,    0,    0,    0,    0,    0,    0,    0,    0,    0,    0,    0,    0,    0,    0,    0,    0,    0,    0,    0,    0,    0,    0,    0,    0,    0,    0,    0,    0,    0,    0,    0,    0,
       0,    0,    0,   -6,    0,  -12,    0,    0,    0,    0,    0,    0,    0,    0,    0,    0,    0,    0,    0,    0,    0,    0,    0,    0,    0,    0,    0,   -6,    0,    0,    0,    0,    0,    0,    0,    0,    0,    0,    0,    0,    0,    0,    0,    0,    0,    0,    0,    0,    0,    0,    0,    0,    0,    0,    0,    0,    0,    0,    0,    0,    0,    0,    0,    0,    0,    0,    0,    0,   -5,    0,    0,    0,    0,    0,    0,    0,    0,    0,   -6,   -8,    0,    0,    0,    0,    0,    0,    0,    0,    0,    0,    0,    0,    0,    0,    0,    0,    0,  -12,    0,    0,    0,   -7,    0,  -10,    0,    0,    0,    0,    0,    0,    0,    0,    5,    0,   -9,    0,   -6,    0,    0,  -12,    0,  -11,   -5,    0,    0,   -5,    0,    0,    0,    0,    0,    0,    0,    0,    0,    0,    0,    0,    0,    0,    0,    0,    0,    0,    0,    0,    0,    0,    0,    0,    0,    0,    0,    0,    0,    0,    0,    0,    0,    0,    0,    0,    0,    0,    0,    0,    0,
       0,    0,    0,   -4,    0,    0,    6,    0,    0,    0,    0,    0,    0,    0,    0,    0,    0,    0,    0,    0,    0,    0,    0,    0,    0,    0,    0,    0,    0,    0,    0,    0,    0,    0,    0,    0,    0,    0,    0,    0,    0,    0,    0,    0,    0,    0,    0,    0,    0,   -3,    0,    0,    0,    0,    0,    0,    0,    0,    0,    0,    0,    0,    0,    0,    0,    0,    0,    0,    0,    0,    0,    0,    0,    0,    0,    0,    0,    0,    0,    0,    0,    0,    0,    0,    0,    0,    0,    0,    0,    0,    4,    0,    4,    0,    0,    0,    0,    3,    5,    0,    4,    0,    0,    3,    0,    0,    0,    0,    0,    0,    0,    0,   12,    0,    5,    0,    0,    0,    0,    4,    0,    0,    0,    0,    0,    0,    0,    0,    0,    0,    0,    0,    0,    0,    0,    0,    0,    0,    0,    0,    0,    0,    0,    0,    0,    0,    0,    0,    0,    0,    0,    0,    0,    0,    0,    0,    0,    0,    0,    0,    0,    4,    0,    0,    0,    0,    0,
       0,    0,    0,    0,    0,    0,    0,    4,    0,    0,   -5,    0,    0,    0,    0,    0,    0,    0,    0,    0,    0,    0,    0,    0,    0,    0,    0,    0,    0,    0,    0,    0,    0,    0,    0,    0,    0,    0,    0,    0,    0,    0,    0,    0,    0,    0,    0,    0,    0,    0,    0,    0,    0,    0,    0,    0,    0,    0,    0,    0,    0,    0,    0,    0,    0,    0,    0,    0,    0,    0,    0,    0,    0,    0,    0,    0,    0,    0,    0,    0,    0,    0,    0,    0,    0,    0,    0,    0,    0,    0,    0,    0,    0,    0,    0,    0,    0,    0,    0,    0,    0,    0,    0,    0,    0,    0,    0,    0,    0,    0,    0,    0,    8,    0,    0,    0,    0,    0,    0,    0,    0,    0,    0,    0,    0,    0,    0,    0,   -5,    0,    0,    0,    0,    0,    0,    0,    0,    0,    0,    0,    0,    0,    0,    0,    0,    0,    0,    0,    0,    0,    0,    0,    0,    0,    0,    0,    0,    0,    0,    0,    0,    0,    0,    0,    0,    0,    0,
       0,    0,    0,    0,    0,    0,    8,    0,    0,    0,    0,    0,    0,    0,    0,    0,    0,    0,    0,    0,    0,    0,    0,    0,    0,    0,    0,    0,    0,    0,    0,    0,    0,    0,    0,    0,    0,    0,    0,    0,    0,    0,    0,    0,    0,    0,    0,    0,    0,    0,    0,    0,    0,    0,    0,    0,    0,    0,    0,    0,    0,    0,    0,    0,    0,    0,    0,    0,    0,    0,    4,    0,    0,    4,    0,    4,    0,    0,    0,   -6,    4,    0,    0,    0,    0,    0,    0,    0,    0,    0,    0,    0,    0,    0,    0,    0,    0,    0,    0,    0,    0,    0,    0,    0,    0,    0,    0,    0,    0,    0,    0,    0,    0,    0,    0,    0,    0,    0,    0,    0,    0,    0,    0,    9,    0,    0,    0,    0,    0,    0,    0,    0,    0,    0,    0,    0,    0,    0,    0,    0,    0,    0,    0,    0,    0,    0,    0,    0,    0,    0,    0,    0,    0,    0,    0,    0,    0,    0,    0,    0,    0,    0,    0,    0,    0,    0,    0,
       0,   -8,    0,    0,   -6,   -4,    0,    8,    0,    0,   -6,    0,    0,    0,    0,    0,    0,    0,    0,    0,    0,    0,    0,    0,    0,    0,    0,    0,    0,   -9,    0,    0,    0,    0,    0,    0,    0,    0,    0,    0,    0,    0,    0,    0,    0,    0,    0,    0,   -6,    0,    0,    0,    0,    0,    0,    0,    0,    0,    0,    0,    0,    0,    0,    0,    0,    0,    0,    0,    0,    0,    0,    0,    0,    0,    0,    0,    0,    0,    0,    0,    0,    0,    0,    0,    0,    0,    0,    0,    0,    0,    0,    0,    0,    0,    0,    0,    0,    0,    0,    0,    0,    0,    0,    0,    0,    0,    0,    0,    0,    0,    0,    0,    0,    0,    0,    0,    0,    0,    0,    0,    0,    0,    0,    0,    0,    0,    0,    0,   -3,    0,    0,    0,    0,    0,    0,    0,    0,    0,    0,    0,    0,    0,    0,    0,    0,    0,    0,    0,    0,    0,    0,    0,    0,    0,    0,    0,    0,    0,    0,    0,   -6,   -6,    0,    0,    0,    0,    0,
       0,    0,    0,    0,   -7,    0,   -5,    7,  -11,    0,   -5,    0,    0,    0,    0,    0,    0,    0,    0,    0,    0,    0,    0,    0,    0,    0,    0,    0,    0,   -9,    0,    0,    0,    0,    0,    0,    0,    0,    0,    0,    0,    0,    0,    0,    0,    0,    0,    0,   -7,    0,    0,    0,    0,    0,    0,    0,    0,    0,    0,    0,    0,    0,    0,    0,    0,    0,    0,    0,    0,    0,   -6,    0,   -7,   -6,    0,  -10,   -6,    0,    0,    0,   -9,    0,   -8,   -5,    0,    0,    0,    0,    0,    0,    0,    0,    0,    0,    0,    0,    0,    0,    0,    0,    0,    0,    0,    0,    0,    0,    0,    0,    0,    0,    0,    0,    0,    0,    0,    0,    0,    0,  -10,    0,    0,    0,    0,   -6,    0,    0,    0,   -7,    0,    0,    0,    0,    0,    0,    0,    0,    0,    0,    0,    0,    0,    0,    0,    0,    0,    0,    0,    0,    0,    0,    0,    0,    0,    0,    0,    0,    0,    0,    0,    0,    0,    0,    0,    0,    0,    0,    0,
       0,    0,    0,    0,    0,   -5,    0,    6,   -5,    0,    0,    0,    0,    0,    0,    0,    0,    0,    0,    0,    0,    0,    0,    0,    0,    0,    0,    0,    0,    0,    0,    0,    0,    0,    0,    0,    0,    0,    0,    0,    0,    0,    0,    0,    0,    0,    0,    0,    0,    0,    0,    0,    0,    0,    0,    0,    0,    0,    0,    0,    0,    0,    0,    0,    0,    0,    0,    0,    0,   -4,    0,    0,    0,    0,    0,    0,    0,    0,    0,    0,    0,    0,    0,   -6,    0,    0,    0,    0,    0,    0,   -5,    0,    0,    0,    0,    0,    0,   -6,   -5,    0,   -4,    0,    0,   -6,    0,    0,    0,    0,    0,    0,    0,    0,    0,    0,   -3,    0,    0,    0,    0,   -6,    0,    0,    0,    0,    0,    0,    0,    0,  -12,    0,    0,    0,    0,    0,    0,    0,    0,    0,    0,    0,    0,    0,    0,    0,    0,    0,    0,    0,    0,    0,    0,    0,    0,    0,    0,    0,    0,    0,    0,    0,    0,    0,    0,    0,    0,    0,    0,
       0,    0,    0,   -4,    0,    0,    6,    0,    0,    0,   -5,    0,    0,    0,    0,    0,    0,    0,    0,    0,    0,    0,    0,    0,    0,    0,    0,    0,    0,    0,    0,    0,    0,    0,    0,    0,    0,    0,    0,    0,    0,    0,    0,    0,    0,    0,    0,   -4,    0,   -5,    0,    0,    0,    0,    0,    0,    0,    0,    0,    0,    0,    0,    0,    0,    0,    0,    0,    0,    0,    0,    0,    0,    0,    0,    0,    0,    0,    0,    0,    0,    0,    0,    0,    0,    0,    0,    0,    0,    0,    0,    4,    0,    0,    0,    0,    0,    0,    0,    0,   -4,    4,    0,    0,    0,    0,    0,    0,    0,    0,    0,    0,    0,   13,    0,    0,    0,    0,    0,    0,    0,    0,    0,    0,    0,    0,    0,    0,    0,    0,    0,    0,    0,    0,    0,    0,    0,    0,    0,    0,    0,    0,    0,    0,    0,    0,    0,    0,    0,    0,    0,    0,    0,    0,    0,    0,    0,    0,    0,    0,    0,    0,    0,    0,    0,    0,    0,    0,
       0,    0,    0,    0,    0,    0,    0,    0,    0,    0,    0,    0,    0,    0,    0,    0,    0,    0,    0,    0,    0,    0,    0,    0,    0,    0,    0,    0,    0,    0,    0,    0,    0,    0,    0,    0,    0,    0,    0,    0,    0,    0,    0,    0,    0,    0,    0,    0,    0,    0,    0,    0,    0,    0,    0,    0,    0,    0,    0,    0,    0,    0,    0,    0,    0,    0,    0,    0,    0,    0,    0,    0,    0,    0,    0,    0,    0,    0,    0,    0,    0,    0,    0,    0,    0,    0,    0,    0,    0,    0,    0,    0,    0,    0,    0,    0,    0,    0,    0,    0,    0,    0,    0,    0,    0,    0,    0,    0,    0,    0,    0,    0,    0,    0,    0,    0,    0,    0,    0,    0,    0,    0,    0,    0,    0,    0,    0,    0,    0,    0,    0,    0,    0,    0,    0,    0,   -7,    0,   -4,   -1,    0,    0,    0,    0,    0,   -5,   -3,    0,   -5,    0,    0,    0,    0,    0,    0,    0,    0,    0,    0,    0,    0,    0,    0,    0,    0,    0,    0,
       0,    0,    0,    0,    0,    0,    0,    0,    0,    0,    0,    0,    0,    0,    0,    0,    0,    0,    0,    0,    0,    0,    0,    0,    0,    0,    0,    0,    0,    0,    0,    0,    0,    0,    0,    0,    0,    0,    0,    0,    0,    0,    0,    0,    0,    0,    0,    0,    0,    0,    0,    0,    0,    0,    0,    0,    0,    0,    0,    0,    0,    0,    0,    0,    0,    0,    0,    0,    0,    0,    0,    0,    0,    0,    0,    0,    0,    0,    0,    0,    0,    0,    0,    0,    0,    0,    0,    0,    0,    0,    0,    0,    0,    0,    0,    0,    0,    0,    0,    0,    0,    0,    0,    0,    0,    0,    0,    0,    0,    0,    0,    0,    0,    0,    0,    0,    0,    0,    0,    0,    0,    0,    0,    0,    0,    0,    0,    0,    0,    0,    0,    0,    0,    0,    0,    0,    0,    0,    0,    0,    0,    0,   -6,    0,    0,   -6,    0,    0,    0,    0,    0,    0,    0,    0,    0,    0,    0,    0,    0,    0,    0,    0,    0,    0,    0,    0,    0,
       0,    0,    0,    0,    0,    0,    0,    0,    0,    0,    0,    0,    0,    0,    0,    0,    0,    0,    0,    0,    0,    0,    0,    0,    0,    0,    0,    0,    0,    0,    0,    0,    0,    0,    0,    0,    0,    0,    0,    0,    0,    0,    0,    0,    0,    0,    0,    0,    0,    0,    0,    0,    0,    0,    0,    0,    0,    0,    0,    0,    0,    0,    0,    0,    0,    0,    0,    0,    0,    0,    0,    0,    0,    0,    0,    0,    0,    0,    0,    0,    0,    0,    0,    0,    0,    0,    0,    0,    0,    0,    0,    0,    0,    0,    0,    0,    0,    0,    0,    0,    0,    0,    0,    0,    0,    0,    0,    0,    0,    0,    0,    0,    0,    0,    0,    0,    0,    0,    0,    0,    0,    0,    0,    0,    0,    0,    0,    0,    0,    3,    0,    0,    0,    0,    0,    0,   -7,    0,    0,   -4,    0,   -3,    0,    0,    0,    0,    0,    0,    0,    0,    0,    0,    0,    0,    0,    0,    0,    0,    0,    0,    0,    0,    0,    0,    0,    0,    0,
       0,    0,    0,    0,    0,    0,    0,    0,    0,    0,    0,    0,    0,    0,    0,    0,    0,    0,    0,    0,    0,    0,    0,    0,    0,    0,    0,    0,    0,    0,    0,    0,    0,    0,    0,    0,    0,    0,    0,    0,    0,    0,    0,    0,    0,    0,    0,    0,    0,    0,    0,    0,    0,    0,    0,    0,    0,    0,    0,    0,    0,    0,    0,    0,    0,    0,    0,    0,    0,    0,    0,    0,    0,    0,    0,    0,    0,    0,    0,    0,    0,    0,    0,    0,    0,    0,    0,    0,    0,    0,    0,    0,    0,    0,    0,    0,    0,    0,    0,    0,    0,    0,    0,    0,    0,    0,    0,    0,    0,    0,    0,    0,    0,    0,    0,    0,    0,    0,    0,    0,    0,    0,    0,    0,    0,    0,    0,    0,    0,  -13,    0,    0,   -5,    0,    0,   -2,    0,  -15,  -10,    0,    0,    0,   -8,    0,  -15,  -10,    0,   -8,    0,    0,    0,    0,    0,    0,    0,    0,    0,    0,    0,    0,    0,    0,    0,    0,    0,    0,    0,
       0,    0,    0,    0,    0,    0,    0,    0,    0,    0,    0,    0,    0,    0,    0,    0,    0,    0,    0,    0,    0,    0,    0,    0,    0,    0,    0,    0,    0,    0,    0,    0,    0,    0,    0,    0,    0,    0,    0,    0,    0,    0,    0,    0,    0,    0,    0,    0,    0,    0,    0,    0,    0,    0,    0,    0,    0,    0,    0,    0,    0,    0,    0,    0,    0,    0,    0,    0,    0,    0,    0,    0,    0,    0,    0,    0,    0,    0,    0,    0,    0,    0,    0,    0,    0,    0,    0,    0,    0,    0,    0,    0,    0,    0,    0,    0,    0,    0,    0,    0,    0,    0,    0,    0,    0,    0,    0,    0,    0,    0,    0,    0,    0,    0,    0,    0,    0,    0,    0,    0,    0,    0,    0,    0,    0,    0,    0,    0,    0,   -7,    0,    0,    0,    0,    0,   -4,    0,    0,    0,    0,   -3,    0,   -5,    0,    0,   -7,    0,   -8,    0,    0,    0,    0,    0,    0,    0,    0,    0,    0,    0,    0,    0,    0,    0,    0,    0,    0,    0,
       0,    0,    0,    0,    0,    0,    0,    0,    0,    0,    0,    0,    0,    0,    0,    0,    0,    0,    0,    0,    0,    0,    0,    0,    0,    0,    0,    0,    0,    0,    0,    0,    0,    0,    0,    0,    0,    0,    0,    0,    0,    0,    0,    0,    0,    0,    0,    0,    0,    0,    0,    0,    0,    0,    0,    0,    0,    0,    0,    0,    0,    0,    0,    0,    0,    0,    0,    0,    0,    0,    0,    0,    0,    0,    0,    0,    0,    0,    0,    0,    0,    0,    0,    0,    0,    0,    0,    0,    0,    0,    0,    0,    0,    0,    0,    0,    0,    0,    0,    0,    0,    0,    0,    0,    0,    0,    0,    0,    0,    0,    0,    0,    0,    0,    0,    0,    0,    0,    0,    0,    0,    0,    0,    0,    0,    0,    0,    0,    0,    0,    0,   -2,    0,    0,    0,   -7,    0,  -13,    0,    0,    0,    0,    0,    0,   -8,   -3,    0,    0,    0,    0,    0,    0,    0,    0,    0,    0,    0,    0,    0,    0,    0,    0,    0,    0,    0,    0,    0,
       0,    0,    0,    0,    0,    0,    0,    0,    0,    0,    0,    0,    0,    0,    0,    0,    0,    0,    0,    0,    0,    0,    0,    0,    0,    0,    0,    0,    0,    0,    0,    0,    0,    0,    0,    0,    0,    0,    0,    0,    0,    0,    0,    0,    0,    0,    0,    0,    0,    0,    0,    0,    0,    0,    0,    0,    0,    0,    0,    0,    0,    0,    0,    0,    0,    0,    0,    0,    0,    0,    0,    0,    0,    0,    0,    0,    0,    0,    0,    0,    0,    0,    0,    0,    0,    0,    0,    0,    0,    0,    0,    0,    0,    0,    0,    0,    0,    0,    0,    0,    0,    0,    0,    0,    0,    0,    0,    0,    0,    0,    0,    0,    0,    0,    0,    0,    0,    0,    0,    0,    0,    0,    0,    0,    0,    0,    0,    0,    0,  -17,    0,    0,   -6,    0,   -6,   -7,    0,    0,   -7,    0,   -8,   -6,   -7,    0,    0,   -7,    0,   -6,    0,   -6,    0,    0,    0,    0,    0,    0,    0,    0,    0,    0,    0,    0,    0,    0,    0,    0,    0,
       0,    0,    0,    0,    0,    0,    0,    0,    0,    0,    0,    0,    0,    0,    0,    0,    0,    0,    0,    0,    0,    0,    0,    0,    0,    0,    0,    0,    0,    0,    0,    0,    0,    0,    0,    0,    0,    0,    0,    0,    0,    0,    0,    0,    0,    0,    0,    0,    0,    0,    0,    0,    0,    0,    0,    0,    0,    0,    0,    0,    0,    0,    0,    0,    0,    0,    0,    0,    0,    0,    0,    0,    0,    0,    0,    0,    0,    0,    0,    0,    0,    0,    0,    0,    0,    0,    0,    0,    0,    0,    0,    0,    0,    0,    0,    0,    0,    0,    0,    0,    0,    0,    0,    0,    0,    0,    0,    0,    0,    0,    0,    0,    0,    0,    0,    0,    0,    0,    0,    0,    0,    0,    0,    0,    0,    0,    0,    0,    0,    0,    0,    0,    0,    0,    0,   -1,    0,   -1,    0,    0,    0,   -3,   -3,    0,   -5,   -7,    0,    0,    0,    0,    0,    0,    0,    0,    0,    0,    0,    0,    0,    0,    0,    0,    0,    0,    0,    0,    0,
       0,    0,    0,    0,    0,    0,    0,    0,    0,    0,    0,    0,    0,    0,    0,    0,    0,    0,    0,    0,    0,    0,    0,    0,    0,    0,    0,    0,    0,    0,    0,    0,    0,    0,    0,    0,    0,    0,    0,    0,    0,    0,    0,    0,    0,    0,    0,    0,    0,    0,    0,    0,    0,    0,    0,    0,    0,    0,    0,    0,    0,    0,    0,    0,    0,    0,    0,    0,    0,    0,    0,    0,    0,    0,    0,    0,    0,    0,    0,    0,    0,    0,    0,    0,    0,    0,    0,    0,    0,    0,    0,    0,    0,    0,    0,    0,    0,    0,    0,    0,    0,    0,    0,    0,    0,    0,    0,    0,    0,    0,    0,    0,    0,    0,    0,    0,    0,    0,    0,    0,    0,    0,    0,    0,    0,    0,    0,    0,    0,  -13,   -3,    0,    0,    0,    0,   -2,    0,  -10,   -7,    0,    0,    0,    0,    0,  -14,   -3,    0,    0,    0,   -2,    0,    0,    0,    0,    0,    0,    0,    0,    0,    0,    0,    0,    0,    0,    0,    0,    0,
       0,    0,    0,    0,    0,    0,    0,    0,    0,    0,    0,    0,    0,    0,    0,    0,    0,    0,    0,    0,    0,    0,    0,    0,    0,    0,    0,    0,    0,    0,    0,    0,    0,    0,    0,    0,    0,    0,    0,    0,    0,    0,    0,    0,    0,    0,    0,    0,    0,    0,    0,    0,    0,    0,    0,    0,    0,    0,    0,    0,    0,    0,    0,    0,    0,    0,    0,    0,    0,    0,    0,    0,    0,    0,    0,    0,    0,    0,    0,    0,    0,    0,    0,    0,    0,    0,    0,    0,    0,    0,    0,    0,    0,    0,    0,    0,    0,    0,    0,    0,    0,    0,    0,    0,    0,    0,    0,    0,    0,    0,    0,    0,    0,    0,    0,    0,    0,    0,    0,    0,    0,    0,    0,    0,    0,    0,    0,    0,    0,    0,    0,    0,    0,    0,    0,   -2,    0,    0,   -7,    0,    0,   -6,   -9,    0,    0,   -8,    0,    0,    0,    0,    0,    0,    0,    0,    0,    0,    0,    0,    0,    0,    0,    0,    0,    0,    0,    0,    0,
       0,    0,    0,    0,    0,    0,    0,    0,    0,    0,    0,    0,    0,    0,    0,    0,    0,    0,    0,    0,    0,    0,    0,    0,    0,    0,    0,    0,    0,    0,    0,    0,    0,    0,    0,    0,    0,    0,    0,    0,    0,    0,    0,    0,    0,    0,    0,    0,    0,    0,    0,    0,    0,    0,    0,    0,    0,    0,    0,    0,    0,    0,    0,    0,    0,    0,    0,    0,    0,    0,    0,    0,    0,    0,    0,    0,    0,    0,    0,    0,    0,    0,    0,    0,    0,    0,    0,    0,    0,    0,    0,    0,    0,    0,    0,    0,    0,    0,    0,    0,    0,    0,    0,    0,    0,    0,    0,    0,    0,    0,    0,    0,    0,    0,    0,    0,    0,    0,    0,    0,    0,    0,    0,    0,    0,    0,    0,    0,    0,    0,    0,    0,    0,    0,    0,   -3,   -5,    0,    0,    0,    0,    0,    0,    0,    0,    0,    0,    0,    0,    0,    0,    0,    0,    0,    0,    0,    0,    0,    0,    0,    0,    0,    0,    0,    0,    0,    0,
       0,    0,    0,    0,    0,    0,    0,    0,    0,    0,    0,    0,    0,    0,    0,    0,    0,    0,    0,    0,    0,    0,    0,    0,    0,    0,    0,    0,    0,    0,    0,    0,    0,    0,    0,    0,    0,    0,    0,    0,    0,    0,    0,    0,    0,    0,    0,    0,    0,    0,    0,    0,    0,    0,    0,    0,    0,    0,    0,    0,    0,    0,    0,    0,    0,    0,    0,    0,    0,    0,    0,    0,    0,    0,    0,    0,    0,    0,    0,    0,    0,    0,    0,    0,    0,    0,    0,    0,    0,    0,    0,    0,    0,    0,    0,    0,    0,    0,    0,    0,    0,    0,    0,    0,    0,    0,    0,    0,    0,    0,    0,    0,    0,    0,    0,    0,    0,    0,    0,    0,    0,    0,    0,    0,    0,    0,    0,    0,    0,    0,    0,    0,    0,    0,    0,   -3,    0,  -10,    0,   -3,    0,    0,   -3,    0,    0,    0,    0,   -9,    0,    0,    0,    0,    0,    0,    0,    0,    0,    0,    0,    0,    0,    0,    0,    0,    0,    0,    0,
       0,    0,    0,    0,    0,    0,    0,    0,    0,    0,    0,    0,    0,    0,    0,    0,    0,    0,    0,    0,    0,    0,    0,    0,    0,    0,    0,    0,    0,    0,    0,    0,    0,    0,    0,    0,    0,    0,    0,    0,    0,    0,    0,    0,    0,    0,    0,    0,    0,    0,    0,    0,    0,    0,    0,    0,    0,    0,    0,    0,    0,    0,    0,    0,    0,    0,    0,    0,    0,    0,    0,    0,    0,    0,    0,    0,    0,    0,    0,    0,    0,    0,    0,    0,    0,    0,    0,    0,    0,    0,    0,    0,    0,    0,    0,    0,    0,    0,    0,    0,    0,    0,    0,    0,    0,    0,    0,    0,    0,    0,    0,    0,    0,    0,    0,    0,    0,    0,    0,    0,    0,    0,    0,    0,    0,    0,    0,    0,    0,    0,    0,    0,    0,    0,    0,   -5,    0,    0,    0,    0,    0,    0,    0,    0,    0,    0,    0,    0,    0,    0,    0,    0,    0,    0,    0,    0,    0,    0,    0,    0,    0,    0,    0,    0,    0,    0,    0,
       0,    0,    0,    0,    0,    0,    0,    0,    0,    0,    0,    0,    0,    0,    0,    0,    0,    0,    0,    0,    0,    0,    0,    0,    0,    0,    0,    0,    0,    0,    0,    0,    0,    0,    0,    0,    0,    0,    0,    0,    0,    0,    0,    0,    0,    0,    0,    0,    0,    0,    0,    0,    0,    0,    0,    0,    0,    0,    0,    0,    0,    0,    0,    0,    0,    0,    0,    0,    0,    0,    0,    0,    0,    0,    0,    0,    0,    0,    0,    0,    0,    0,    0,    0,    0,    0,    0,    0,    0,    0,    0,    0,    0,    0,    0,    0,    0,    0,    0,    0,    0,    0,    0,    0,    0,    0,    0,    0,    0,    0,    0,    0,    0,    0,    0,    0,    0,    0,    0,    0,    0,    0,    0,    0,    0,    0,    0,    0,    0,    0,    0,    0,    0,    0,    0,    0,    0,   -5,   -7,   -5,    0,    0,   -7,    0,  -10,   -3,    0,    0,   -6,    0,    0,    0,    0,    0,    0,    0,    0,    0,    0,    0,    0,    0,    0,    0,    0,    0,    0,
       0,    0,    0,    0,    0,    0,    0,    0,    0,    0,    0,    0,    0,    0,    0,    0,    0,    0,    0,    0,    0,    0,    0,    0,    0,    0,    0,    0,    0,    0,    0,    0,    0,    0,    0,    0,    0,    0,    0,    0,    0,    0,    0,    0,    0,    0,    0,    0,    0,    0,    0,    0,    0,    0,    0,    0,    0,    0,    0,    0,    0,    0,    0,    0,    0,    0,    0,    0,    0,    0,    0,    0,    0,    0,    0,    0,    0,    0,    0,    0,    0,    0,    0,    0,    0,    0,    0,    0,    0,    0,    0,    0,    0,    0,    0,    0,    0,    0,    0,    0,    0,    0,    0,    0,    0,    0,    0,    0,    0,    0,    0,    0,    0,    0,    0,    0,    0,    0,    0,    0,    0,    0,    0,    0,    0,    0,    0,    0,    0,    0,    0,    0,   -2,    0,    0,   -2,   -6,    0,    0,    0,    0,   -2,   -5,    0,    0,   -6,    0,    0,    0,    0,    0,    0,    0,    0,    0,    0,    0,    0,    0,    0,    0,    0,    0,    0,    0,    0,    0,
       0,    0,    0,    0,    0,    0,    0,    0,    0,    0,    0,    0,    0,    0,    0,    0,    0,    0,    0,    0,    0,    0,    0,    0,    0,    0,    0,    0,    0,    0,    0,    0,    0,    0,    0,    0,    0,    0,    0,    0,    0,    0,    0,    0,    0,    0,    0,    0,    0,    0,    0,    0,    0,    0,    0,    0,    0,    0,    0,    0,    0,    0,    0,    0,    0,    0,    0,    0,    0,    0,    0,    0,    0,    0,    0,    0,    0,    0,    0,    0,    0,    0,    0,    0,    0,    0,    0,    0,    0,    0,    0,    0,    0,    0,    0,    0,    0,    0,    0,    0,    0,    0,    0,    0,    0,    0,    0,    0,    0,    0,    0,    0,    0,    0,    0,    0,    0,    0,    0,    0,    0,    0,    0,    0,    0,    0,    0,    0,    0,  -13,    0,    0,    0,    0,    0,   -7,    0,  -12,    0,    0,    0,   -5,  -10,    0,   -8,  -11,    0,   -7,    0,   -7,    0,    0,    0,    0,    0,    0,    0,    0,    0,    0,    0,    0,    0,    0,    0,    0,    0,
       0,    0,    0,    0,    0,    0,    0,    0,    0,    0,    0,    0,    0,    0,    0,    0,    0,    0,    0,    0,    0,    0,    0,    0,    0,    0,    0,    0,    0,    0,    0,    0,    0,    0,    0,    0,    0,    0,    0,    0,    0,    0,    0,    0,    0,    0,    0,    0,    0,    0,    0,    0,    0,    0,    0,    0,    0,    0,    0,    0,    0,    0,    0,    0,    0,    0,    0,    0,    0,    0,    0,    0,    0,    0,    0,    0,    0,    0,    0,    0,    0,    0,    0,    0,    0,    0,    0,    0,    0,    0,    0,    0,    0,    0,    0,    0,    0,    0,    0,    0,    0,    0,    0,    0,    0,    0,    0,    0,    0,    0,    0,    0,    0,    0,    0,    0,    0,    0,    0,    0,    0,    0,    0,    0,    0,    0,    0,    0,    0,   -9,    0,    0,    0,    0,    0,   -3,    0,    0,  -10,    0,   -5,    0,   -9,    0,    0,   -7,    1,   -6,    0,    0,    0,    0,    0,    0,    0,    0,    0,    0,    0,    0,    0,    0,    0,    0,    0,    0,    0,
       0,    0,    0,    0,    0,    0,    0,    0,    0,    0,    0,    0,    0,    0,    0,    0,    0,    0,    0,    0,    0,    0,    0,    0,    0,    0,    0,    0,    0,    0,    0,    0,    0,    0,    0,    0,    0,    0,    0,    0,    0,    0,    0,    0,    0,    0,    0,    0,    0,    0,    0,    0,    0,    0,    0,    0,    0,    0,    0,    0,    0,    0,    0,    0,    0,    0,    0,    0,    0,    0,    0,    0,    0,    0,    0,    0,    0,    0,    0,    0,    0,    0,    0,    0,    0,    0,    0,    0,    0,    0,    0,    0,    0,    0,    0,    0,    0,    0,    0,    0,    0,    0,    0,    0,    0,    0,    0,    0,    0,    0,    0,    0,    0,    0,    0,    0,    0,    0,    0,    0,    0,    0,    0,    0,    0,    0,    0,    0,    0,    0,    0,  -13,    0,  -13,    0,    0,   -5,    0,    0,   -3,    0,  -11,  -11,  -10,    0,    0,    0,    0,   -5,    0,    0,    0,    0,    0,    0,    0,    0,    0,    0,    0,    0,    0,    0,    0,    0,    0,    0,
       0,    0,    0,    0,    0,    0,    0,    0,    0,    0,    0,    0,    0,    0,    0,    0,    0,    0,    0,    0,    0,    0,    0,    0,    0,    0,    0,    0,    0,    0,    0,    0,    0,    0,    0,    0,    0,    0,    0,    0,    0,    0,    0,    0,    0,    0,    0,    0,    0,    0,    0,    0,    0,    0,    0,    0,    0,    0,    0,    0,    0,    0,    0,    0,    0,    0,    0,    0,    0,    0,    0,    0,    0,    0,    0,    0,    0,    0,    0,    0,    0,    0,    0,    0,    0,    0,    0,    0,    0,    0,    0,    0,    0,    0,    0,    0,    0,    0,    0,    0,    0,    0,    0,    0,    0,    0,    0,    0,    0,    0,    0,    0,    0,    0,    0,    0,    0,    0,    0,    0,    0,    0,    0,    0,    0,    0,    0,    0,    0,    0,    0,    0,    0,    0,    0,    0,    0,    0,    0,    0,    0,    0,    0,    0,    0,    0,    0,    0,    0,    0,  -11,   -3,   -9,   -2,   -5,   -6,   -1,    0,    0,    0,    0,    0,    0,    0,    0,    0,    0,
       0,    0,    0,    0,    0,    0,    0,    0,    0,    0,    0,    0,    0,    0,    0,    0,    0,    0,    0,    0,    0,    0,    0,    0,    0,    0,    0,    0,    0,    0,    0,    0,    0,    0,    0,    0,    0,    0,    0,    0,    0,    0,    0,    0,    0,    0,    0,    0,    0,    0,    0,    0,    0,    0,    0,    0,    0,    0,    0,    0,    0,    0,    0,    0,    0,    0,    0,    0,    0,    0,    0,    0,    0,    0,    0,    0,    0,    0,    0,    0,    0,    0,    0,    0,    0,    0,    0,    0,    0,    0,    0,    0,    0,    0,    0,    0,    0,    0,    0,    0,    0,    0,    0,    0,    0,    0,    0,    0,    0,    0,    0,    0,    0,    0,    0,    0,    0,    0,    0,    0,    0,    0,    0,    0,    0,    0,    0,    0,    0,    0,    0,    0,    0,    0,    0,    0,    0,    0,    0,    0,    0,    0,    0,    0,    0,    0,    0,    0,    0,    0,    0,    0,    0,    0,    0,    0,    0,    0,    0,   -7,    0,    0,    0,    0,    0,    0,    0,
       0,    0,    0,    0,    0,    0,    0,    0,    0,    0,    0,    0,    0,    0,    0,    0,    0,    0,    0,    0,    0,    0,    0,    0,    0,    0,    0,    0,    0,    0,    0,    0,    0,    0,    0,    0,    0,    0,    0,    0,    0,    0,    0,    0,    0,    0,    0,    0,    0,    0,    0,    0,    0,    0,    0,    0,    0,    0,    0,    0,    0,    0,    0,    0,    0,    0,    0,    0,    0,    0,    0,    0,    0,    0,    0,    0,    0,    0,    0,    0,    0,    0,    0,    0,    0,    0,    0,    0,    0,    0,    0,    0,    0,    0,    0,    0,    0,    0,    0,    0,    0,    0,    0,    0,    0,    0,    0,    0,    0,    0,    0,    0,    0,    0,    0,    0,    0,    0,    0,    0,    0,    0,    0,    0,    0,    0,    0,    0,    0,    0,    0,    0,    0,    0,    0,    0,    0,    0,    0,    0,    0,    0,    0,    0,    0,    0,    0,    0,    0,    0,    0,    0,    0,    0,    0,    0,    0,   -3,    0,    0,    0,    0,    0,    0,    0,    0,    0,
       0,    0,    0,    0,    0,    0,    0,    0,    0,    0,    0,    0,    0,    0,    0,    0,    0,    0,    0,    0,    0,    0,    0,    0,    0,    0,    0,    0,    0,    0,    0,    0,    0,    0,    0,    0,    0,    0,    0,    0,    0,    0,    0,    0,    0,    0,    0,    0,    0,    0,    0,    0,    0,    0,    0,    0,    0,    0,    0,    0,    0,    0,    0,    0,    0,    0,    0,    0,    0,    0,    0,    0,    0,    0,    0,    0,    0,    0,    0,    0,    0,    0,    0,    0,    0,    0,    0,    0,    0,    0,    0,    0,    0,    0,    0,    0,    0,    0,    0,    0,    0,    0,    0,    0,    0,    0,    0,    0,    0,    0,    0,    0,    0,    0,    0,    0,    0,    0,    0,    0,    0,    0,    0,    0,    0,    0,    0,    0,    0,    0,    0,    0,    0,    0,    0,    0,    0,    0,    0,    0,    0,    0,    0,    0,    0,    0,    0,    0,    0,    0,    0,    0,    0,    0,    0,    0,    0,   -3,   -3,    3,    0,    0,    0,    0,    0,    0,    0,
       0,    0,    0,    0,    0,    0,    0,    0,    0,    0,    0,    0,  -27,    0,  -10,  -10,  -32,   -7,  -10,    5,    6,    6,    9,   11,    5,    9,    7,    0,    0,    0,   -9,    0,  -11,  -14,    0,    0,    0,    0,    0,   -7,    0,    0,    4,    4,    0,    4,    0,    0,    0,    0,    0,  -65,    0,   -9,    0,    0,    0,  -23,    0,    0,    0,    0,    0,    0,    0,    0,    0,    6,    0,    5,  -32,  -20,    0,  -27,  -18,    4,    0,   -7,  -10,   -4,    5,    5,    0,    0,   -9,    0,    0,    0,  -14,  -11,    0,    0,  -15,   -5,  -14,    0,  -10,    0,    0,  -18,    0,    0,    0,    0,    0,    0,   -7,    5,   -8,   -7,    0,    0,    0,    5,    0,    0,    0,   -9,    5,    0,    0,    0,    0,  -34,   -5,    0,   -3,    0,    0,    0,    0,    0,    0,    0,    0,    0,    0,    0,    0,    0,    0,    0,    0,    0,    0,    0,    0,    0,    0,    0,    0,    0,    0,    0,    0,    0,    0,    0,    0,    0,    0,    0,    0,    0,    0,    0,    0,
       0,    0,    0,    0,    0,    0,    0,    0,    0,    0,    0,    0,  -33,    0,  -12,  -12,  -35,    0,  -12,   -7,    6,    4,    9,   10,    5,    7,    6,    0,    0,    0,  -21,   -3,  -24,  -24,   -6,   -3,   -3,    0,  -14,  -26,    0,  -11,   -3,   -3,    0,   -3,  -11,    0,    0,    0,    0,  -43,   -7,  -21,   -3,   -3,   -3,  -24,   -3,   -3,   -3,    0,    0,    0,    0,    0,    0,    6,   -6,   -7,  -35,  -22,    0,  -33,  -21,    0,    0,    0,  -12,   -8,    5,    0,    0,   -4,  -21,    0,   -7,   -7,  -19,  -16,    0,   -5,  -21,  -10,  -24,   -8,  -16,    0,    0,  -23,    0,    0,   -7,    0,   -5,   -6,  -13,    0,  -15,  -26,    0,    0,    0,    0,    0,    0,   -6,  -16,    4,    0,    0,    0,   -4,  -36,  -10,   -4,   -9,    0,   -6,    0,    0,    0,    0,    0,    0,    0,    0,    0,    0,    0,    0,    0,    0,    0,    0,    0,    0,    0,    0,    0,    0,    0,    0,    0,    0,    0,    0,    0,    0,    0,    0,    0,    0,    0,    0,    0,    0,
       0,    0,    0,    0,    0,    0,    0,    0,    0,    0,    0,    0,    7,    0,  -11,  -11,    7,    0,  -11,    3,  -25,   -7,  -42,  -25,    8,  -36,    7,    0,    0,    0,    3,    3,    0,    0,    3,    3,    3,   10,    3,    4,    0,    3,  -14,  -10,    7,  -14,    8,    0,    0,    0,    0,    8,    0,    3,    3,    3,    3,    0,    3,    3,    3,    0,    0,    0,    0,    0,    0,    0,    0,    0,    0,    0,    0,    0,    0,    0,    0,    0,    0,    0,    0,    0,    0,    0,    0,    0,    0,    0,    0,    0,    0,    0,    0,    0,    0,    0,    0,    0,    0,    0,    0,    0,    0,    0,    0,    0,    0,    0,    0,    0,    0,    0,    0,    0,    0,    0,    0,    0,    0,    0,    0,    0,    0,    0,    0,    0,    0,    0,    0,    0,    0,    0,    0,    0,    0,    0,    0,    0,    0,    0,    0,    0,    0,    0,    0,    0,    0,    0,    0,    0,    0,    0,    0,    0,    0,    0,    0,    0,    0,    0,    0,    0,    0,    0,    0,    0,    0,
       0,    0,    0,    0,    0,    0,    0,    0,    0,    0,    0,    0,    0,    0,    0,    0,    0,    0,    0,    0,    0,    0,    0,    0,    0,    0,    0,    0,    0,    0,    0,    0,    0,    0,    0,    0,    0,    0,    0,    0,    0,    0,    0,    0,    0,    0,    0,    0,    0,    0,    0,    0,    0,    0,    0,    0,    0,    0,    0,    0,    0,    0,    0,    0,    0,    0,    0,    0,    0,    0,    0,    0,    0,    0,    0,    0,    0,    0,    0,    0,    0,    0,    0,    0,    0,    0,    0,    0,    0,    0,    0,    0,    0,    0,    0,    0,    0,    0,    0,    0,    0,    0,    0,    0,    0,    0,    0,    0,    0,    0,    0,    0,    0,    0,    0,    0,    0,    0,    0,    0,    0,    0,    0,    0,    0,    0,    0,    0,    0,    0,    0,    0,    0,    0,    0,    0,    0,    0,    0,    0,    0,    0,    0,    0,    0,    0,    0,    0,    0,    0,    0,    0,    0,    0,    0,    0,    0,    0,    0,    0,    0,    0,    0,  -13,   -8,  -10,   16,
};

static const EpdLigaturePair ubuntu_10_boldLigaturePairs[] = {
    { 0x00660066, 0xFB00 }, // f f -> U+FB00
    { 0x00660069, 0xFB01 }, // f i -> U+FB01
    { 0x0066006C, 0xFB02 }, // f l -> U+FB02
    { 0xFB000069, 0xFB03 }, // U+FB00 i -> U+FB03
    { 0xFB00006C, 0xFB04 }, // U+FB00 l -> U+FB04
};

static const EpdFontData ubuntu_10_bold = {
    ubuntu_10_boldBitmaps,
    ubuntu_10_boldGlyphs,
    ubuntu_10_boldIntervals,
    72,
    24,
    20,
    -4,
    false,
    nullptr,
    0,
    nullptr,
    ubuntu_10_boldKernLeftClasses,
    ubuntu_10_boldKernRightClasses,
    ubuntu_10_boldKernMatrix,
    585,
    617,
    176,
    167,
    ubuntu_10_boldLigaturePairs,
    5,
};
