/**
 * generated by fontconvert.py
 * name: ubuntu_12_medium
 * size: 12
 * mode: 1-bit mono
 * Command used: fontconvert.py ubuntu_12_medium 12 ../builtinFonts/source/Ubuntu/Ubuntu-Medium.ttf ../builtinFonts/source/NotoSansHebrew/NotoSansHebrew-UIMedium.ttf ../builtinFonts/source/NotoSansArabic/NotoSansArabic-UIMedium.ttf ../builtinFonts/source/Ubuntu/Ubuntu-Vietnamese-Medium.ttf ../builtinFonts/source/NotoSansThai/NotoSansThai-UIMedium.ttf --mono --autohint-font ../builtinFonts/source/NotoSansHebrew/NotoSansHebrew-UIMedium.ttf --autohint-font ../builtinFonts/source/Ubuntu/Ubuntu-Medium.ttf --additional-intervals 0x05D0,0x05EA --additional-intervals 0x060C,0x060C --additional-intervals 0x061B,0x061B --additional-intervals 0x061F,0x061F --additional-intervals 0x0621,0x0621 --additional-intervals 0x0640,0x0640 --additional-intervals 0x0660,0x0669 --additional-intervals 0x06BA,0x06BA --additional-intervals 0x06D4,0x06D4 --additional-intervals 0x06F0,0x06F9 --additional-intervals 0xFB56,0xFB59 --additional-intervals 0xFB66,0xFB69 --additional-intervals 0xFB7A,0xFB7D --additional-intervals 0xFB88,0xFB95 --additional-intervals 0xFB9E,0xFB9F --additional-intervals 0xFBA6,0xFBB1 --additional-intervals 0xFBFC,0xFBFF --additional-intervals 0xFE80,0xFEFC --additional-intervals 0x0E00,0x0E7F
 */
#pragma once
#include "EpdFontData.h"

static const uint8_t ubuntu_12_mediumBitmaps[34573] = {
    0x00, 0x00, 0x00, 0x00, 0x00, 0x00, 0x77, 0x77, 0x77, 0x77, 0x77, 0x77, 0x00, 0x6F, 0xF6, 0xE7,
    0xE7, 0xE7, 0xE7, 0xE7, 0xE7, 0xE7, 0x0E, 0x38, 0x38, 0xE0, 0xC3, 0x03, 0x0C, 0xFF, 0xFF, 0xFF,
    0xF1, 0xC7, 0x06, 0x18, 0x18, 0x60, 0x61, 0x83, 0x8E, 0x3F, 0xFF, 0xFF, 0xFC, 0xC3, 0x03, 0x0C,
    0x0C, 0x70, 0x71, 0xC1, 0xC7, 0x00, 0x0E, 0x01, 0xC0, 0x38, 0x1F, 0xE7, 0xFD, 0xE0, 0xB8, 0x07,
    0x00, 0xF0, 0x1F, 0x81, 0xFC, 0x1F, 0xC0, 0xFC, 0x07, 0xC0, 0x78, 0x07, 0x00, 0xF8, 0x3F, 0xFF,
    0x3F, 0xC0, 0xE0, 0x1C, 0x03, 0x80, 0x3E, 0x07, 0x07, 0xF0, 0xE0, 0xF7, 0x8E, 0x0E, 0x39, 0xC0,
    0xE3, 0x9C, 0x0E, 0x3B, 0x80, 0xF7, 0xB8, 0x07, 0xF7, 0x00, 0x3E, 0x77, 0xC0, 0x0E, 0xFE, 0x00,
    0xFE, 0xF0, 0x1D, 0xC7, 0x01, 0xDC, 0x70, 0x39, 0xC7, 0x03, 0x1C, 0x70, 0x71, 0xEF, 0x06, 0x0F,
    0xE0, 0xE0, 0x7C, 0x0F, 0x80, 0x1F, 0xC0, 0x3C, 0xE0, 0x38, 0xE0, 0x38, 0xE0, 0x38, 0xE0, 0x1D,
    0xC0, 0x1F, 0x80, 0x1F, 0x00, 0x3F, 0x0E, 0x73, 0x8C, 0xF1, 0xDC, 0xE0, 0xFC, 0xE0, 0x78, 0xE0,
    0x78, 0x70, 0xFC, 0x7F, 0xFE, 0x1F, 0x8F, 0xFF, 0xFF, 0xF8, 0x0C, 0x38, 0xF1, 0xC7, 0x8E, 0x1C,
    0x38, 0xE1, 0xC3, 0x87, 0x0E, 0x1C, 0x38, 0x70, 0xE0, 0xE1, 0xC3, 0x83, 0x87, 0x07, 0x0E, 0x08,
    0x60, 0xE1, 0xE1, 0xC3, 0xC3, 0x87, 0x0E, 0x0E, 0x1C, 0x38, 0x70, 0xE1, 0xC3, 0x87, 0x0E, 0x38,
    0x70, 0xE3, 0x87, 0x1C, 0x38, 0x20, 0x0E, 0x01, 0xC1, 0x39, 0x3A, 0xEF, 0xFE, 0x1C, 0x06, 0xC1,
    0xDC, 0x31, 0x82, 0x20, 0x0E, 0x00, 0xE0, 0x0E, 0x00, 0xE0, 0x0E, 0x00, 0xE0, 0xFF, 0xFF, 0xFF,
    0x0E, 0x00, 0xE0, 0x0E, 0x00, 0xE0, 0x0E, 0x00, 0x77, 0x77, 0x7E, 0xE0, 0xFF, 0xFC, 0x6F, 0xF6,
    0x00, 0x70, 0x0F, 0x00, 0xE0, 0x0E, 0x01, 0xE0, 0x1C, 0x01, 0xC0, 0x3C, 0x03, 0x80, 0x38, 0x07,
    0x80, 0x70, 0x07, 0x00, 0xF0, 0x0E, 0x00, 0xE0, 0x1E, 0x01, 0xC0, 0x1C, 0x03, 0xC0, 0x38, 0x03,
    0x80, 0x78, 0x07, 0x00, 0x70, 0x0F, 0x00, 0x0F, 0x03, 0xFC, 0x79, 0xE7, 0x0E, 0x60, 0xEE, 0x07,
    0xE0, 0x7E, 0x07, 0xE0, 0x7E, 0x07, 0xE0, 0x7E, 0x07, 0xE0, 0x76, 0x0E, 0x70, 0xE7, 0x9E, 0x3F,
    0xC0, 0xF0, 0x07, 0x0F, 0x1F, 0x7F, 0x7F, 0x67, 0x07, 0x07, 0x07, 0x07, 0x07, 0x07, 0x07, 0x07,
    0x07, 0x07, 0x07, 0x07, 0x3F, 0x1F, 0xF3, 0x8E, 0x00, 0xE0, 0x1C, 0x03, 0x80, 0xF0, 0x1C, 0x07,
    0x81, 0xE0, 0x78, 0x1F, 0x07, 0xC0, 0xF0, 0x3C, 0x07, 0x00, 0xFF, 0xFF, 0xFC, 0x3F, 0x07, 0xFC,
    0x61, 0xE0, 0x0E, 0x00, 0xE0, 0x0E, 0x01, 0xC1, 0xF8, 0x1F, 0xC0, 0x1E, 0x00, 0xF0, 0x07, 0x00,
    0x70, 0x07, 0x00, 0x74, 0x1E, 0x7F, 0xC7, 0xF8, 0x00, 0xE0, 0x0F, 0x00, 0xF8, 0x0F, 0xC0, 0xEE,
    0x0F, 0x70, 0x73, 0x87, 0x1C, 0x38, 0xE3, 0x87, 0x38, 0x39, 0xFF, 0xFF, 0xFF, 0x80, 0x70, 0x03,
    0x80, 0x1C, 0x00, 0xE0, 0x07, 0x00, 0x3F, 0xE3, 0xFE, 0x38, 0x03, 0x80, 0x38, 0x03, 0x80, 0x38,
    0x03, 0xF8, 0x3F, 0xE0, 0x3E, 0x00, 0xF0, 0x07, 0x00, 0x70, 0x07, 0x00, 0x74, 0x0E, 0x7F, 0xC7,
    0xF0, 0x01, 0xE0, 0x7E, 0x1F, 0x03, 0xC0, 0x78, 0x07, 0x00, 0x70, 0x0F, 0xF8, 0xFF, 0xEE, 0x0E,
    0xE0, 0x7E, 0x07, 0xE0, 0x7E, 0x07, 0x70, 0x77, 0x8E, 0x3F, 0xC1, 0xF8, 0xFF, 0xFF, 0xFF, 0x00,
    0xE0, 0x1E, 0x01, 0xC0, 0x3C, 0x03, 0x80, 0x78, 0x07, 0x00, 0x70, 0x0E, 0x00, 0xE0, 0x0E, 0x01,
    0xC0, 0x1C, 0x01, 0xC0, 0x1C, 0x01, 0xC0, 0x1F, 0x07, 0xFC, 0x71, 0xCE, 0x0E, 0xE0, 0xEE, 0x0E,
    0xF1, 0xE7, 0xBC, 0x3F, 0x83, 0xFC, 0x73, 0xEE, 0x0F, 0xE0, 0x7E, 0x07, 0xE0, 0x77, 0x0E, 0x7F,
    0xE1, 0xF8, 0x1F, 0x03, 0xFC, 0x71, 0xEF, 0x0E, 0xE0, 0x7E, 0x07, 0xE0, 0x7E, 0x07, 0x70, 0x77,
    0xFF, 0x1F, 0xF0, 0x0E, 0x00, 0xE0, 0x1E, 0x03, 0xC0, 0xF8, 0x7F, 0x07, 0x80, 0x6F, 0xF6, 0x00,
    0x00, 0x00, 0x6F, 0xF6, 0x6F, 0xF6, 0x00, 0x00, 0x00, 0x77, 0x77, 0x7E, 0xE0, 0x00, 0x00, 0x0E,
    0x03, 0xE0, 0xFE, 0x3F, 0x0F, 0xC0, 0xE0, 0x0F, 0xC0, 0x7F, 0x00, 0xFC, 0x03, 0xE0, 0x0E, 0x00,
    0x20, 0xFF, 0xFF, 0xFF, 0x00, 0x00, 0x00, 0x00, 0x00, 0x00, 0xFF, 0xFF, 0xFF, 0x00, 0x07, 0x00,
    0x7C, 0x07, 0xF0, 0x0F, 0xC0, 0x3F, 0x00, 0x70, 0x1F, 0x0F, 0xE3, 0xF0, 0x7C, 0x07, 0x00, 0x40,
    0x00, 0x7E, 0x7F, 0x91, 0xE0, 0x70, 0x38, 0x3C, 0x1C, 0x1E, 0x1E, 0x1E, 0x0E, 0x07, 0x00, 0x00,
    0x00, 0x60, 0x78, 0x3C, 0x0C, 0x00, 0x01, 0xFC, 0x00, 0x3F, 0xFC, 0x07, 0xC0, 0xF0, 0x78, 0x03,
    0xC3, 0x8F, 0xEF, 0x38, 0xFF, 0x39, 0xCE, 0x38, 0xFC, 0xE1, 0xC7, 0xE7, 0x0E, 0x3F, 0x38, 0x71,
    0xF9, 0xC3, 0x8F, 0xCE, 0x1C, 0x7E, 0x70, 0xE3, 0x71, 0xC7, 0x39, 0xCF, 0xFF, 0x8E, 0x1F, 0xF8,
    0x78, 0x00, 0x01, 0xE0, 0x00, 0x07, 0xC0, 0x00, 0x0F, 0xFC, 0x00, 0x1F, 0xE0, 0x00, 0x01, 0xC0,
    0x01, 0xF0, 0x00, 0xF8, 0x00, 0x6E, 0x00, 0x77, 0x00, 0x3B, 0x80, 0x38, 0xE0, 0x1C, 0x70, 0x0C,
    0x3C, 0x0E, 0x0E, 0x07, 0x07, 0x07, 0xFF, 0xC3, 0xFF, 0xE1, 0xC0, 0x71, 0xC0, 0x1C, 0xE0, 0x0E,
    0x70, 0x07, 0x78, 0x03, 0xC0, 0xFF, 0x87, 0xFF, 0x38, 0x3D, 0xC0, 0xEE, 0x07, 0x70, 0x3B, 0x83,
    0x9F, 0xFC, 0xFF, 0xE7, 0x07, 0xB8, 0x0F, 0xC0, 0x7E, 0x03, 0xF0, 0x1F, 0x81, 0xFC, 0x1E, 0xFF,
    0xE7, 0xFC, 0x00, 0x07, 0xF0, 0x7F, 0xE3, 0xC1, 0x9E, 0x00, 0x70, 0x01, 0xC0, 0x0E, 0x00, 0x38,
    0x00, 0xE0, 0x03, 0x80, 0x0E, 0x00, 0x38, 0x00, 0xF0, 0x01, 0xC0, 0x07, 0x80, 0x0F, 0x06, 0x1F,
    0xF8, 0x1F, 0xE0, 0xFF, 0x81, 0xFF, 0xC3, 0x83, 0xE7, 0x01, 0xCE, 0x01, 0xDC, 0x03, 0xB8, 0x03,
    0xF0, 0x07, 0xE0, 0x0F, 0xC0, 0x1F, 0x80, 0x3F, 0x00, 0x7E, 0x01, 0xDC, 0x03, 0xB8, 0x0E, 0x70,
    0x7C, 0xFF, 0xE1, 0xFF, 0x00, 0xFF, 0xEF, 0xFE, 0xE0, 0x0E, 0x00, 0xE0, 0x0E, 0x00, 0xE0, 0x0E,
    0x00, 0xFF, 0xEF, 0xFE, 0xE0, 0x0E, 0x00, 0xE0, 0x0E, 0x00, 0xE0, 0x0E, 0x00, 0xFF, 0xFF, 0xFF,
    0xFF, 0xFF, 0xFF, 0x80, 0x70, 0x0E, 0x01, 0xC0, 0x38, 0x07, 0x00, 0xFF, 0xDF, 0xFB, 0x80, 0x70,
    0x0E, 0x01, 0xC0, 0x38, 0x07, 0x00, 0xE0, 0x1C, 0x00, 0x07, 0xF8, 0x7F, 0xF3, 0xC1, 0x8E, 0x00,
    0x70, 0x01, 0xC0, 0x0E, 0x00, 0x38, 0x00, 0xE0, 0x03, 0x80, 0x7E, 0x01, 0xF8, 0x07, 0xF0, 0x1D,
    0xC0, 0x77, 0x81, 0xCF, 0x07, 0x1F, 0xFC, 0x1F, 0xF0, 0xE0, 0x1F, 0x80, 0x7E, 0x01, 0xF8, 0x07,
    0xE0, 0x1F, 0x80, 0x7E, 0x01, 0xF8, 0x07, 0xFF, 0xFF, 0xFF, 0xFE, 0x01, 0xF8, 0x07, 0xE0, 0x1F,
    0x80, 0x7E, 0x01, 0xF8, 0x07, 0xE0, 0x1F, 0x80, 0x70, 0xFF, 0xFF, 0xFF, 0xFF, 0xFF, 0xFF, 0xFC,
    0x00, 0xE0, 0x1C, 0x03, 0x80, 0x70, 0x0E, 0x01, 0xC0, 0x38, 0x07, 0x00, 0xE0, 0x1C, 0x03, 0x80,
    0x70, 0x0E, 0x01, 0xC0, 0x3B, 0x0E, 0x7F, 0x87, 0xE0, 0xE0, 0x7B, 0x83, 0xCE, 0x1E, 0x38, 0x70,
    0xE3, 0xC3, 0x9E, 0x0E, 0xF0, 0x3F, 0x80, 0xFC, 0x03, 0xF8, 0x0E, 0xF0, 0x39, 0xE0, 0xE3, 0xC3,
    0x87, 0x8E, 0x0F, 0x38, 0x3C, 0xE0, 0x7B, 0x80, 0xF0, 0xE0, 0x1C, 0x03, 0x80, 0x70, 0x0E, 0x01,
    0xC0, 0x38, 0x07, 0x00, 0xE0, 0x1C, 0x03, 0x80, 0x70, 0x0E, 0x01, 0xC0, 0x38, 0x07, 0x00, 0xFF,
    0xFF, 0xFC, 0x70, 0x03, 0x9E, 0x01, 0xE7, 0x80, 0x79, 0xF0, 0x3E, 0x7C, 0x0F, 0xBB, 0x83, 0x7E,
    0xE1, 0xDF, 0x98, 0x67, 0xE7, 0x39, 0xF9, 0xCE, 0x7E, 0x3F, 0x1F, 0x8F, 0xC7, 0xE1, 0xE1, 0xF8,
    0x78, 0x7E, 0x1E, 0x1F, 0x83, 0x07, 0xE0, 0x01, 0xF8, 0x00, 0x70, 0xE0, 0x1F, 0xC0, 0x7F, 0x81,
    0xFE, 0x07, 0xFC, 0x1F, 0xF8, 0x7E, 0xE1, 0xF9, 0xC7, 0xE7, 0x9F, 0x8E, 0x7E, 0x1D, 0xF8, 0x7F,
    0xE0, 0xFF, 0x81, 0xFE, 0x07, 0xF8, 0x0F, 0xE0, 0x1F, 0x80, 0x70, 0x07, 0xF0, 0x0F, 0xFE, 0x0F,
    0x07, 0x87, 0x01, 0xC7, 0x00, 0x73, 0x80, 0x3B, 0x80, 0x0F, 0xC0, 0x07, 0xE0, 0x03, 0xF0, 0x01,
    0xF8, 0x00, 0xFC, 0x00, 0x7F, 0x00, 0x73, 0x80, 0x39, 0xE0, 0x38, 0x78, 0x3C, 0x1F, 0xFC, 0x03,
    0xF8, 0x00, 0xFF, 0x87, 0xFF, 0x38, 0x3D, 0xC0, 0xFE, 0x03, 0xF0, 0x1F, 0x80, 0xFC, 0x0F, 0xE0,
    0xF7, 0xFF, 0x3F, 0xE1, 0xC0, 0x0E, 0x00, 0x70, 0x03, 0x80, 0x1C, 0x00, 0xE0, 0x07, 0x00, 0x00,
    0x07, 0xF0, 0x0F, 0xFE, 0x0F, 0x07, 0x87, 0x01, 0xE7, 0x00, 0x73, 0x00, 0x3B, 0x80, 0x0F, 0xC0,
    0x07, 0xE0, 0x03, 0xF0, 0x01, 0xF8, 0x00, 0xFC, 0x00, 0x7F, 0x00, 0x73, 0xC0, 0x79, 0xF0, 0x7C,
    0x7F, 0xFC, 0x1F, 0xFC, 0x03, 0xF0, 0x00, 0x38, 0x00, 0x1F, 0x00, 0x07, 0xF0, 0x00, 0xF8, 0xFF,
    0x07, 0xFE, 0x38, 0x79, 0xC0, 0xEE, 0x07, 0x70, 0x3B, 0x81, 0xDC, 0x0E, 0xE1, 0xE7, 0xFE, 0x3F,
    0xE1, 0xC7, 0x8E, 0x1C, 0x70, 0xF3, 0x83, 0x9C, 0x1E, 0xE0, 0x77, 0x03, 0xC0, 0x1F, 0xC3, 0xFE,
    0x70, 0x6E, 0x00, 0xE0, 0x0F, 0x00, 0xF8, 0x07, 0xF0, 0x7F, 0xC1, 0xFE, 0x07, 0xF0, 0x0F, 0x00,
    0x70, 0x07, 0x00, 0x7C, 0x0E, 0xFF, 0xE7, 0xF8, 0xFF, 0xFF, 0xFF, 0xF0, 0x70, 0x01, 0xC0, 0x07,
    0x00, 0x1C, 0x00, 0x70, 0x01, 0xC0, 0x07, 0x00, 0x1C, 0x00, 0x70, 0x01, 0xC0, 0x07, 0x00, 0x1C,
    0x00, 0x70, 0x01, 0xC0, 0x07, 0x00, 0x1C, 0x00, 0xE0, 0x1F, 0x80, 0x7E, 0x01, 0xF8, 0x07, 0xE0,
    0x1F, 0x80, 0x7E, 0x01, 0xF8, 0x07, 0xE0, 0x1F, 0x80, 0x7E, 0x01, 0xF8, 0x07, 0xE0, 0x1F, 0x80,
    0x77, 0x03, 0x9E, 0x1E, 0x3F, 0xF0, 0x3F, 0x00, 0xF0, 0x07, 0xB8, 0x03, 0x9C, 0x01, 0xCF, 0x01,
    0xE3, 0x80, 0xE1, 0xC0, 0x70, 0xF0, 0x78, 0x38, 0x38, 0x1E, 0x1C, 0x07, 0x1E, 0x03, 0x8E, 0x01,
    0xE7, 0x00, 0x77, 0x00, 0x3B, 0x80, 0x1F, 0xC0, 0x07, 0xC0, 0x03, 0xE0, 0x00, 0xE0, 0x00, 0xE0,
    0x00, 0x1F, 0x80, 0x00, 0xFE, 0x07, 0x03, 0xBC, 0x1E, 0x0E, 0xF0, 0x78, 0x39, 0xC3, 0xE0, 0xE7,
    0x0F, 0x87, 0x9C, 0x37, 0x1C, 0x78, 0xDC, 0x70, 0xE7, 0x31, 0xC3, 0x9C, 0xE7, 0x0E, 0x63, 0xB8,
    0x3F, 0x86, 0xE0, 0x7E, 0x1F, 0x81, 0xF0, 0x7E, 0x07, 0xC0, 0xF0, 0x1E, 0x03, 0xC0, 0x38, 0x0F,
    0x00, 0x78, 0x0E, 0x38, 0x1E, 0x3C, 0x1C, 0x1E, 0x38, 0x0E, 0x78, 0x0F, 0x70, 0x07, 0xF0, 0x03,
    0xE0, 0x03, 0xC0, 0x03, 0xE0, 0x07, 0xF0, 0x0F, 0xF0, 0x0E, 0x78, 0x1E, 0x38, 0x3C, 0x3C, 0x38,
    0x1E, 0x78, 0x0E, 0x70, 0x0F, 0xF0, 0x1E, 0xE0, 0x39, 0xE0, 0x71, 0xC1, 0xC3, 0xC7, 0x83, 0x8E,
    0x07, 0xBC, 0x07, 0x70, 0x0F, 0xC0, 0x0F, 0x80, 0x0E, 0x00, 0x1C, 0x00, 0x38, 0x00, 0x70, 0x00,
    0xE0, 0x01, 0xC0, 0x03, 0x80, 0x07, 0x00, 0x7F, 0xFB, 0xFF, 0xC0, 0x1C, 0x01, 0xE0, 0x1E, 0x00,
    0xE0, 0x0F, 0x00, 0xF0, 0x07, 0x00, 0x78, 0x07, 0x80, 0x3C, 0x03, 0xC0, 0x1E, 0x01, 0xE0, 0x1E,
    0x00, 0xFF, 0xFF, 0xFF, 0xC0, 0xFF, 0xFE, 0x38, 0xE3, 0x8E, 0x38, 0xE3, 0x8E, 0x38, 0xE3, 0x8E,
    0x38, 0xE3, 0x8E, 0x38, 0xE3, 0x8E, 0x3F, 0xFC, 0xE0, 0x1C, 0x03, 0x80, 0x38, 0x07, 0x00, 0xE0,
    0x0E, 0x01, 0xC0, 0x38, 0x03, 0x80, 0x70, 0x0E, 0x00, 0xE0, 0x1C, 0x03, 0x80, 0x38, 0x07, 0x00,
    0xE0, 0x1E, 0x01, 0xC0, 0x38, 0x07, 0x80, 0x70, 0x0E, 0x01, 0xE0, 0x1C, 0xFF, 0xFC, 0x38, 0x70,
    0xE1, 0xC3, 0x87, 0x0E, 0x1C, 0x38, 0x70, 0xE1, 0xC3, 0x87, 0x0E, 0x1C, 0x38, 0x70, 0xE1, 0xC3,
    0xFF, 0xFE, 0x07, 0x00, 0xF0, 0x1F, 0x81, 0xF8, 0x3D, 0xC3, 0x9C, 0x70, 0xE7, 0x0F, 0xE0, 0x76,
    0x06, 0xFF, 0xFF, 0xFF, 0xC0, 0x47, 0x1C, 0x71, 0x80, 0x7F, 0x0F, 0xF8, 0x07, 0x00, 0x70, 0x0E,
    0x3F, 0xDF, 0xFF, 0x87, 0xE0, 0xFC, 0x1F, 0x83, 0xF8, 0x77, 0xFE, 0x7F, 0xC0, 0xE0, 0x0E, 0x00,
    0xE0, 0x0E, 0x00, 0xE0, 0x0E, 0x00, 0xFF, 0x8F, 0xFC, 0xF1, 0xEE, 0x0E, 0xE0, 0x7E, 0x07, 0xE0,
    0x7E, 0x07, 0xE0, 0x7E, 0x07, 0xE0, 0xEE, 0x1E, 0xFF, 0xCF, 0xF0, 0x0F, 0xCF, 0xF7, 0x81, 0xC0,
    0xE0, 0x38, 0x0E, 0x03, 0x80, 0xE0, 0x38, 0x07, 0x01, 0xE1, 0x3F, 0xC3, 0xF0, 0x00, 0x70, 0x07,
    0x00, 0x70, 0x07, 0x00, 0x70, 0x07, 0x1F, 0xF3, 0xFF, 0x78, 0xF7, 0x07, 0xE0, 0x7E, 0x07, 0xE0,
    0x7E, 0x07, 0xE0, 0x7E, 0x07, 0x70, 0x77, 0x87, 0x3F, 0xF0, 0xFF, 0x0F, 0x83, 0xFC, 0x78, 0xE7,
    0x0E, 0xF0, 0x7E, 0x07, 0xFF, 0xFF, 0xFF, 0xE0, 0x0E, 0x00, 0x70, 0x07, 0x82, 0x3F, 0xE0, 0xFE,
    0x1F, 0xBF, 0x9C, 0x1C, 0x0E, 0x07, 0x03, 0xFD, 0xFE, 0xE0, 0x70, 0x38, 0x1C, 0x0E, 0x07, 0x03,
    0x81, 0xC0, 0xE0, 0x70, 0x38, 0x1C, 0x00, 0x0F, 0xF3, 0xFF, 0x78, 0x77, 0x07, 0xE0, 0x7E, 0x07,
    0xE0, 0x7E, 0x07, 0xE0, 0x7F, 0x07, 0x78, 0xF3, 0xFF, 0x1F, 0xF0, 0x07, 0x00, 0x70, 0x0F, 0x40,
    0xE7, 0xFC, 0x7F, 0x00, 0xE0, 0x1C, 0x03, 0x80, 0x70, 0x0E, 0x01, 0xC0, 0x3F, 0xC7, 0xFE, 0xE1,
    0xDC, 0x1F, 0x83, 0xF0, 0x7E, 0x0F, 0xC1, 0xF8, 0x3F, 0x07, 0xE0, 0xFC, 0x1F, 0x83, 0xF0, 0x70,
    0xFF, 0xF0, 0x3F, 0xFF, 0xFF, 0xFF, 0xFF, 0xF0, 0x1C, 0x71, 0xC7, 0x00, 0x01, 0xC7, 0x1C, 0x71,
    0xC7, 0x1C, 0x71, 0xC7, 0x1C, 0x71, 0xC7, 0x1C, 0x73, 0xFE, 0xF0, 0x20, 0x0E, 0x00, 0xE0, 0x0E,
    0x00, 0xE0, 0x0E, 0x00, 0xE0, 0x0E, 0x1E, 0xE3, 0xCE, 0x38, 0xE7, 0x0E, 0xE0, 0xFC, 0x0F, 0xC0,
    0xFE, 0x0E, 0xF0, 0xE7, 0x8E, 0x38, 0xE3, 0xCE, 0x1E, 0xE0, 0xE0, 0x07, 0x39, 0xCE, 0x73, 0x9C,
    0xE7, 0x39, 0xCE, 0x73, 0x9C, 0xE7, 0x3E, 0xF3, 0x80, 0xFF, 0x3E, 0x7F, 0xFF, 0xB8, 0xF1, 0xDC,
    0x38, 0x7E, 0x1C, 0x3F, 0x0E, 0x1F, 0x87, 0x0F, 0xC3, 0x87, 0xE1, 0xC3, 0xF0, 0xE1, 0xF8, 0x70,
    0xFC, 0x38, 0x7E, 0x1C, 0x3F, 0x0E, 0x1C, 0xFF, 0x1F, 0xFB, 0x87, 0x70, 0x7E, 0x0F, 0xC1, 0xF8,
    0x3F, 0x07, 0xE0, 0xFC, 0x1F, 0x83, 0xF0, 0x7E, 0x0F, 0xC1, 0xC0, 0x0F, 0x81, 0xFF, 0x1E, 0x3C,
    0xE0, 0xEE, 0x03, 0xF0, 0x1F, 0x80, 0xFC, 0x07, 0xE0, 0x3F, 0x01, 0xDC, 0x1C, 0xF1, 0xE3, 0xFE,
    0x07, 0xC0, 0xFF, 0x0F, 0xFC, 0xE1, 0xEE, 0x0E, 0xE0, 0x7E, 0x07, 0xE0, 0x7E, 0x07, 0xE0, 0x7E,
    0x07, 0xE0, 0xEF, 0x1E, 0xFF, 0xCF, 0xF8, 0xE0, 0x0E, 0x00, 0xE0, 0x0E, 0x00, 0xE0, 0x00, 0x0F,
    0xF3, 0xFF, 0x78, 0x77, 0x07, 0xE0, 0x7E, 0x07, 0xE0, 0x7E, 0x07, 0xE0, 0x7E, 0x07, 0x70, 0x77,
    0x8F, 0x3F, 0xF1, 0xFF, 0x00, 0x70, 0x07, 0x00, 0x70, 0x07, 0x00, 0x70, 0x7F, 0xFF, 0xE0, 0xE0,
    0xE0, 0xE0, 0xE0, 0xE0, 0xE0, 0xE0, 0xE0, 0xE0, 0xE0, 0xE0, 0x3F, 0x3F, 0xB8, 0x5C, 0x0F, 0x07,
    0xC1, 0xF8, 0x7E, 0x0F, 0x83, 0xC0, 0xF0, 0x7F, 0xF7, 0xF0, 0xE0, 0xE0, 0xE0, 0xE0, 0xFF, 0xFF,
    0xE0, 0xE0, 0xE0, 0xE0, 0xE0, 0xE0, 0xE0, 0xE0, 0xE0, 0xF1, 0x7F, 0x3F, 0xE0, 0xFC, 0x1F, 0x83,
    0xF0, 0x7E, 0x0F, 0xC1, 0xF8, 0x3F, 0x07, 0xE0, 0xFC, 0x1F, 0x83, 0xB8, 0x77, 0xFE, 0x3F, 0xC0,
    0xF0, 0x3B, 0x83, 0x9C, 0x1C, 0xE0, 0xE3, 0x8F, 0x1C, 0x70, 0xE3, 0x83, 0x98, 0x1D, 0xC0, 0xEE,
    0x03, 0xE0, 0x1F, 0x00, 0x78, 0x03, 0x80, 0xF0, 0x60, 0xEE, 0x1C, 0x1D, 0xC3, 0xC7, 0x38, 0x78,
    0xE3, 0x8F, 0x1C, 0x73, 0xE3, 0x8E, 0x6C, 0xE1, 0xCD, 0xDC, 0x1D, 0x9B, 0x83, 0xF3, 0x60, 0x7C,
    0x7C, 0x07, 0x8F, 0x80, 0xF0, 0xE0, 0x1C, 0x1C, 0x00, 0x70, 0x73, 0xC7, 0x8E, 0x38, 0x3B, 0x81,
    0xFC, 0x07, 0xC0, 0x1C, 0x01, 0xF0, 0x0F, 0xC0, 0xEE, 0x0E, 0x38, 0x71, 0xE7, 0x07, 0x38, 0x3C,
    0xF0, 0x73, 0x83, 0x9C, 0x1C, 0xE0, 0xE7, 0x8E, 0x1C, 0x70, 0xE3, 0x87, 0x98, 0x1D, 0xC0, 0xEE,
    0x03, 0xE0, 0x1F, 0x00, 0xF8, 0x03, 0x80, 0x1C, 0x00, 0xC0, 0x0E, 0x07, 0xE0, 0x3E, 0x00, 0xFF,
    0xFF, 0xF0, 0x38, 0x1E, 0x0F, 0x03, 0x81, 0xE0, 0x70, 0x38, 0x1E, 0x07, 0x03, 0xC0, 0xFF, 0xFF,
    0xF0, 0x0F, 0x1F, 0x3C, 0x38, 0x38, 0x38, 0x38, 0x38, 0x38, 0x38, 0x78, 0xF0, 0xF0, 0x78, 0x38,
    0x38, 0x38, 0x38, 0x38, 0x38, 0x38, 0x38, 0x3C, 0x1F, 0x0F, 0xFF, 0xFF, 0xFF, 0xFF, 0xFF, 0xFF,
    0xFF, 0xFF, 0xFF, 0xE0, 0xF0, 0xF8, 0x3C, 0x1C, 0x1C, 0x1C, 0x1C, 0x1C, 0x1C, 0x1C, 0x1E, 0x0F,
    0x0F, 0x1E, 0x1C, 0x1C, 0x1C, 0x1C, 0x1C, 0x1C, 0x1C, 0x1C, 0x3C, 0xF8, 0xF0, 0x38, 0x37, 0xE3,
    0xE7, 0xF4, 0x1C, 0x00, 0x6F, 0xF6, 0x00, 0x07, 0x77, 0x77, 0x77, 0x77, 0x77, 0x70, 0x07, 0x00,
    0xE0, 0x1C, 0x03, 0xC1, 0xFC, 0x7F, 0x9E, 0x03, 0x80, 0xE0, 0x1C, 0x03, 0x80, 0x70, 0x0E, 0x01,
    0xE0, 0x1E, 0x01, 0xFF, 0x1F, 0xE0, 0xE0, 0x1C, 0x03, 0x80, 0x70, 0x07, 0xF1, 0xFE, 0x1C, 0x03,
    0x80, 0x38, 0x03, 0x80, 0x38, 0x03, 0x80, 0xFF, 0xCF, 0xFC, 0x38, 0x03, 0x80, 0x38, 0x03, 0x80,
    0x38, 0x03, 0x80, 0x3F, 0xF7, 0xFF, 0x60, 0x6F, 0xFF, 0x7F, 0xE3, 0x9C, 0x70, 0xE7, 0x0E, 0x70,
    0xE7, 0x0E, 0x39, 0xC7, 0xFE, 0xFF, 0xF6, 0x06, 0x70, 0x1C, 0xF0, 0x78, 0xE0, 0xE1, 0xC1, 0xC1,
    0xC7, 0x03, 0x8E, 0x03, 0xB8, 0x07, 0x70, 0x07, 0xC0, 0x7F, 0xF0, 0xFF, 0xE0, 0x1C, 0x00, 0x38,
    0x07, 0xFF, 0x0F, 0xFE, 0x01, 0xC0, 0x03, 0x80, 0x07, 0x00, 0xFF, 0xFF, 0xFF, 0xFC, 0x00, 0x07,
    0xFF, 0xFF, 0xFF, 0xE0, 0x1F, 0xC7, 0xF9, 0xC0, 0x38, 0x07, 0x80, 0x7C, 0x0F, 0xE3, 0xBE, 0xE1,
    0xFC, 0x1F, 0x83, 0xF8, 0x77, 0xFC, 0x7F, 0x03, 0xF0, 0x1E, 0x01, 0xD8, 0x3B, 0xFE, 0x3F, 0x80,
    0xE7, 0xE7, 0x03, 0xE0, 0x07, 0xFC, 0x07, 0x07, 0x06, 0x00, 0xC6, 0x1E, 0x73, 0x3F, 0x9B, 0x1C,
    0x07, 0x9C, 0x03, 0xCE, 0x01, 0xE7, 0x00, 0xF3, 0x80, 0x79, 0xC0, 0x3C, 0x71, 0x1B, 0x3F, 0x99,
    0x8F, 0xDC, 0x60, 0x0C, 0x1C, 0x1C, 0x07, 0xFC, 0x00, 0xF8, 0x00, 0x7C, 0x7E, 0x07, 0x03, 0x3F,
    0xFF, 0xC3, 0xC3, 0xFF, 0x7F, 0x18, 0x63, 0xCE, 0x38, 0xE7, 0x1C, 0xF3, 0xCE, 0x38, 0xF3, 0xC7,
    0x1C, 0x38, 0xE3, 0x8E, 0x1C, 0x70, 0x00, 0xFF, 0xFF, 0xFF, 0x00, 0x70, 0x07, 0x00, 0x70, 0x07,
    0x00, 0x70, 0x07, 0x00, 0x70, 0xFF, 0xFC, 0x03, 0xE0, 0x07, 0xFC, 0x07, 0x07, 0x06, 0x00, 0xC6,
    0x7C, 0x73, 0x3F, 0x1B, 0x18, 0xC7, 0x8C, 0x63, 0xC6, 0x31, 0xE3, 0xF0, 0xF1, 0xF8, 0x78, 0xCC,
    0x3C, 0x67, 0x1B, 0x31, 0x99, 0x80, 0x1C, 0x60, 0x0C, 0x1C, 0x1C, 0x07, 0xFC, 0x00, 0xF8, 0x00,
    0xFF, 0xFF, 0x38, 0xFB, 0xBE, 0x3C, 0x79, 0xDF, 0x1C, 0x0E, 0x00, 0xE0, 0x0E, 0x00, 0xE0, 0x0E,
    0x0F, 0xFF, 0xFF, 0xF0, 0xE0, 0x0E, 0x00, 0xE0, 0x0E, 0x00, 0xE0, 0x00, 0x00, 0x00, 0xFF, 0xFF,
    0xFF, 0x79, 0xFA, 0x30, 0x61, 0xC7, 0x1C, 0x70, 0xFF, 0xFC, 0x7C, 0x7E, 0x46, 0x06, 0x3E, 0x3E,
    0x03, 0x03, 0x7F, 0x7C, 0x08, 0x73, 0x9C, 0xE1, 0x00, 0xE0, 0xFC, 0x1F, 0x83, 0xF0, 0x7E, 0x0F,
    0xC1, 0xF8, 0x3F, 0x07, 0xE0, 0xFC, 0x1F, 0x83, 0xF8, 0x7F, 0xFF, 0xFF, 0xF8, 0x07, 0x00, 0xE0,
    0x1C, 0x03, 0x80, 0x00, 0x07, 0xFC, 0x7F, 0xF7, 0xF9, 0xDF, 0xE7, 0x7F, 0x9F, 0xFE, 0x77, 0xF9,
    0xDF, 0xE7, 0x7F, 0x9C, 0xFE, 0x70, 0xF9, 0xC0, 0xE7, 0x03, 0x9C, 0x0E, 0x70, 0x39, 0xC0, 0xE7,
    0x03, 0x9C, 0x0E, 0x70, 0x39, 0xC0, 0xE7, 0x03, 0x9C, 0x0E, 0x70, 0x39, 0xC0, 0x6F, 0xF6, 0x18,
    0xC3, 0xC7, 0xFF, 0xE0, 0x1B, 0xFF, 0xB1, 0x8C, 0x63, 0x18, 0xC0, 0x3E, 0x3F, 0x98, 0xD8, 0x3C,
    0x1E, 0x0F, 0x07, 0xC7, 0x7F, 0x1F, 0x00, 0xE3, 0x8E, 0x38, 0x71, 0xC7, 0x9E, 0x38, 0xE1, 0xCF,
    0x3C, 0xF3, 0x9E, 0x71, 0xCF, 0x3C, 0xE3, 0x80, 0x00, 0x1C, 0x07, 0x03, 0xE0, 0x30, 0x3F, 0x03,
    0x81, 0xB8, 0x18, 0x01, 0xC1, 0xC0, 0x0E, 0x0C, 0x00, 0x70, 0xE0, 0x03, 0x86, 0x00, 0x1C, 0x70,
    0x60, 0xE3, 0x07, 0x00, 0x38, 0x78, 0x01, 0x82, 0xC0, 0x1C, 0x36, 0x01, 0xE3, 0x30, 0x0E, 0x1F,
    0xE0, 0xF0, 0xFF, 0x07, 0x00, 0x60, 0x78, 0x03, 0x00, 0x1C, 0x0E, 0x07, 0xC0, 0xE0, 0xFC, 0x1C,
    0x0D, 0xC1, 0xC0, 0x1C, 0x38, 0x01, 0xC3, 0x80, 0x1C, 0x70, 0x01, 0xC7, 0x00, 0x1C, 0xE3, 0xE1,
    0xCE, 0x7F, 0x01, 0xC0, 0x70, 0x1C, 0x07, 0x03, 0x80, 0xE0, 0x38, 0x1C, 0x07, 0x03, 0x80, 0x70,
    0x70, 0x0E, 0x07, 0xF0, 0xE0, 0x7F, 0x7C, 0x03, 0x83, 0xF0, 0x1C, 0x11, 0x81, 0xC0, 0x0C, 0x0E,
    0x03, 0xC0, 0xE0, 0x1F, 0x0F, 0x00, 0x1C, 0x70, 0x00, 0xE7, 0x00, 0x7F, 0x38, 0x73, 0xE3, 0x83,
    0x80, 0x1C, 0x3C, 0x01, 0xC3, 0x60, 0x0E, 0x33, 0x00, 0xE3, 0x98, 0x07, 0x1F, 0xE0, 0x70, 0xFF,
    0x03, 0x80, 0x30, 0x38, 0x01, 0x80, 0x0C, 0x0F, 0x07, 0x81, 0x80, 0x00, 0x00, 0x70, 0x38, 0x1C,
    0x1E, 0x1E, 0x0E, 0x0F, 0x07, 0x03, 0x81, 0xC0, 0xF1, 0xBF, 0xCF, 0xC0, 0x02, 0x00, 0x03, 0x80,
    0x01, 0xE0, 0x00, 0x78, 0x00, 0x1C, 0x00, 0x04, 0x00, 0x00, 0x00, 0x03, 0x80, 0x03, 0xE0, 0x01,
    0xF0, 0x00, 0xDC, 0x00, 0xEE, 0x00, 0x77, 0x00, 0x71, 0xC0, 0x38, 0xE0, 0x18, 0x78, 0x1C, 0x1C,
    0x0E, 0x0E, 0x0F, 0xFF, 0x87, 0xFF, 0xC3, 0x80, 0xE3, 0x80, 0x39, 0xC0, 0x1C, 0xE0, 0x0E, 0xF0,
    0x07, 0x80, 0x00, 0x20, 0x00, 0x38, 0x00, 0x3C, 0x00, 0x1C, 0x00, 0x1C, 0x00, 0x04, 0x00, 0x00,
    0x00, 0x03, 0x80, 0x03, 0xE0, 0x01, 0xF0, 0x00, 0xDC, 0x00, 0xEE, 0x00, 0x77, 0x00, 0x71, 0xC0,
    0x38, 0xE0, 0x18, 0x78, 0x1C, 0x1C, 0x0E, 0x0E, 0x0F, 0xFF, 0x87, 0xFF, 0xC3, 0x80, 0xE3, 0x80,
    0x39, 0xC0, 0x1C, 0xE0, 0x0E, 0xF0, 0x07, 0x80, 0x00, 0x80, 0x00, 0xE0, 0x00, 0xF8, 0x00, 0xC6,
    0x00, 0x00, 0x00, 0x00, 0x00, 0x07, 0x00, 0x07, 0xC0, 0x03, 0xE0, 0x01, 0xB8, 0x01, 0xDC, 0x00,
    0xEE, 0x00, 0xE3, 0x80, 0x71, 0xC0, 0x30, 0xF0, 0x38, 0x38, 0x1C, 0x1C, 0x1F, 0xFF, 0x0F, 0xFF,
    0x87, 0x01, 0xC7, 0x00, 0x73, 0x80, 0x39, 0xC0, 0x1D, 0xE0, 0x0F, 0x00, 0x10, 0x03, 0xFC, 0x03,
    0xFC, 0x00, 0x8C, 0x00, 0x00, 0x00, 0x00, 0x00, 0x07, 0x00, 0x07, 0xC0, 0x03, 0xE0, 0x01, 0xB8,
    0x01, 0xDC, 0x00, 0xEE, 0x00, 0xE3, 0x80, 0x71, 0xC0, 0x30, 0xF0, 0x38, 0x38, 0x1C, 0x1C, 0x1F,
    0xFF, 0x0F, 0xFF, 0x87, 0x01, 0xC7, 0x00, 0x73, 0x80, 0x39, 0xC0, 0x1D, 0xE0, 0x0F, 0x0E, 0x70,
    0x0E, 0x70, 0x00, 0x00, 0x00, 0x00, 0x03, 0xC0, 0x03, 0xC0, 0x07, 0xE0, 0x07, 0xE0, 0x07, 0xE0,
    0x0E, 0x70, 0x0E, 0x70, 0x0C, 0x38, 0x1C, 0x38, 0x1C, 0x38, 0x38, 0x1C, 0x3F, 0xFC, 0x3F, 0xFC,
    0x70, 0x0E, 0x70, 0x0E, 0x70, 0x0E, 0xF0, 0x0F, 0xE0, 0x07, 0x01, 0xE0, 0x00, 0xCC, 0x00, 0x33,
    0x00, 0x0C, 0xC0, 0x01, 0xE0, 0x00, 0x78, 0x00, 0x3F, 0x00, 0x0F, 0xC0, 0x07, 0x78, 0x01, 0xCE,
    0x00, 0x73, 0x80, 0x38, 0x70, 0x0E, 0x1C, 0x07, 0x07, 0x81, 0xC0, 0xE0, 0x7F, 0xF8, 0x3F, 0xFF,
    0x0E, 0x01, 0xC3, 0x80, 0x71, 0xC0, 0x0E, 0x70, 0x03, 0x9C, 0x00, 0xF0, 0x00, 0x3F, 0xFE, 0x00,
    0x7F, 0xFC, 0x01, 0xF8, 0x00, 0x07, 0x70, 0x00, 0x0E, 0xE0, 0x00, 0x39, 0xC0, 0x00, 0x73, 0x80,
    0x01, 0xC7, 0x00, 0x07, 0x0F, 0xFC, 0x0E, 0x1F, 0xF8, 0x38, 0x38, 0x00, 0x7F, 0xF0, 0x01, 0xFF,
    0xE0, 0x03, 0x81, 0xC0, 0x0E, 0x03, 0x80, 0x3C, 0x07, 0x00, 0x70, 0x0F, 0xFF, 0xE0, 0x1F, 0xFC,
    0x07, 0xF0, 0x7F, 0xE3, 0xC1, 0x8E, 0x00, 0x70, 0x01, 0xC0, 0x0E, 0x00, 0x38, 0x00, 0xE0, 0x03,
    0x80, 0x0E, 0x00, 0x38, 0x00, 0xF0, 0x01, 0xC0, 0x07, 0x80, 0x0F, 0x02, 0x1F, 0xFC, 0x3F, 0xE0,
    0x30, 0x00, 0xF0, 0x01, 0xC0, 0x1F, 0x00, 0xF8, 0x00, 0x10, 0x03, 0x80, 0x1C, 0x00, 0xE0, 0x06,
    0x00, 0x00, 0x00, 0x0F, 0xFE, 0xFF, 0xEE, 0x00, 0xE0, 0x0E, 0x00, 0xE0, 0x0E, 0x00, 0xE0, 0x0F,
    0xFE, 0xFF, 0xEE, 0x00, 0xE0, 0x0E, 0x00, 0xE0, 0x0E, 0x00, 0xE0, 0x0F, 0xFF, 0xFF, 0xF0, 0x01,
    0x80, 0x1C, 0x03, 0x80, 0x70, 0x0E, 0x00, 0x00, 0x00, 0x0F, 0xFE, 0xFF, 0xEE, 0x00, 0xE0, 0x0E,
    0x00, 0xE0, 0x0E, 0x00, 0xE0, 0x0F, 0xFE, 0xFF, 0xEE, 0x00, 0xE0, 0x0E, 0x00, 0xE0, 0x0E, 0x00,
    0xE0, 0x0F, 0xFF, 0xFF, 0xF0, 0x04, 0x00, 0xE0, 0x1F, 0x83, 0x18, 0x00, 0x00, 0x00, 0xFF, 0xEF,
    0xFE, 0xE0, 0x0E, 0x00, 0xE0, 0x0E, 0x00, 0xE0, 0x0E, 0x00, 0xFF, 0xEF, 0xFE, 0xE0, 0x0E, 0x00,
    0xE0, 0x0E, 0x00, 0xE0, 0x0E, 0x00, 0xFF, 0xFF, 0xFF, 0x71, 0xC7, 0x1C, 0x00, 0x00, 0x00, 0xFF,
    0xEF, 0xFE, 0xE0, 0x0E, 0x00, 0xE0, 0x0E, 0x00, 0xE0, 0x0E, 0x00, 0xFF, 0xEF, 0xFE, 0xE0, 0x0E,
    0x00, 0xE0, 0x0E, 0x00, 0xE0, 0x0E, 0x00, 0xFF, 0xFF, 0xFF, 0x47, 0x3C, 0xE3, 0x88, 0x07, 0x39,
    0xCE, 0x73, 0x9C, 0xE7, 0x39, 0xCE, 0x73, 0x9C, 0xE7, 0x38, 0x10, 0xE7, 0x9C, 0xE1, 0x00, 0x38,
    0xE3, 0x8E, 0x38, 0xE3, 0x8E, 0x38, 0xE3, 0x8E, 0x38, 0xE3, 0x8E, 0x38, 0xE0, 0x10, 0x71, 0xF7,
    0x30, 0x00, 0x0E, 0x1C, 0x38, 0x70, 0xE1, 0xC3, 0x87, 0x0E, 0x1C, 0x38, 0x70, 0xE1, 0xC3, 0x87,
    0x0E, 0x1C, 0xE7, 0xE7, 0x00, 0x00, 0x1C, 0x1C, 0x1C, 0x1C, 0x1C, 0x1C, 0x1C, 0x1C, 0x1C, 0x1C,
    0x1C, 0x1C, 0x1C, 0x1C, 0x1C, 0x1C, 0x1C, 0x1C, 0x3F, 0xE0, 0x1F, 0xFC, 0x0E, 0x0F, 0x87, 0x01,
    0xC3, 0x80, 0x71, 0xC0, 0x38, 0xE0, 0x0F, 0xFE, 0x07, 0xFF, 0x03, 0x9C, 0x01, 0xCE, 0x00, 0xE7,
    0x00, 0x73, 0x80, 0x71, 0xC0, 0x38, 0xE0, 0x38, 0x70, 0x7C, 0x3F, 0xF8, 0x1F, 0xF0, 0x00, 0x00,
    0x00, 0x3D, 0x81, 0xFE, 0x06, 0x70, 0x00, 0x00, 0x00, 0x0E, 0x01, 0xFC, 0x07, 0xF8, 0x1F, 0xE0,
    0x7F, 0xC1, 0xFF, 0x87, 0xEE, 0x1F, 0x9C, 0x7E, 0x79, 0xF8, 0xE7, 0xE1, 0xDF, 0x87, 0xFE, 0x0F,
    0xF8, 0x1F, 0xE0, 0x7F, 0x80, 0xFE, 0x01, 0xF8, 0x07, 0x02, 0x00, 0x03, 0x80, 0x01, 0xC0, 0x00,
    0x70, 0x00, 0x1C, 0x00, 0x04, 0x00, 0x00, 0x00, 0x0F, 0xE0, 0x1F, 0xFC, 0x1E, 0x0F, 0x0E, 0x03,
    0x8E, 0x00, 0xE7, 0x00, 0x77, 0x00, 0x1F, 0x80, 0x0F, 0xC0, 0x07, 0xE0, 0x03, 0xF0, 0x01, 0xF8,
    0x00, 0xFE, 0x00, 0xE7, 0x00, 0x73, 0xC0, 0x70, 0xF0, 0x78, 0x3F, 0xF8, 0x07, 0xF0, 0x00, 0x00,
    0x20, 0x00, 0x38, 0x00, 0x1C, 0x00, 0x1C, 0x00, 0x1C, 0x00, 0x04, 0x00, 0x00, 0x00, 0x0F, 0xE0,
    0x1F, 0xFC, 0x1E, 0x0F, 0x0E, 0x03, 0x8E, 0x00, 0xE7, 0x00, 0x77, 0x00, 0x1F, 0x80, 0x0F, 0xC0,
    0x07, 0xE0, 0x03, 0xF0, 0x01, 0xF8, 0x00, 0xFE, 0x00, 0xE7, 0x00, 0x73, 0xC0, 0x70, 0xF0, 0x78,
    0x3F, 0xF8, 0x07, 0xF0, 0x00, 0x00, 0x80, 0x00, 0xE0, 0x00, 0xF8, 0x00, 0xEE, 0x00, 0x61, 0x00,
    0x00, 0x00, 0x1F, 0xC0, 0x3F, 0xF8, 0x3C, 0x1E, 0x1C, 0x07, 0x1C, 0x01, 0xCE, 0x00, 0xEE, 0x00,
    0x3F, 0x00, 0x1F, 0x80, 0x0F, 0xC0, 0x07, 0xE0, 0x03, 0xF0, 0x01, 0xFC, 0x01, 0xCE, 0x00, 0xE7,
    0x80, 0xE1, 0xE0, 0xF0, 0x7F, 0xF0, 0x0F, 0xE0, 0x00, 0x00, 0x03, 0xFC, 0x03, 0xFE, 0x00, 0x8C,
    0x00, 0x00, 0x00, 0x00, 0x00, 0x1F, 0xC0, 0x3F, 0xF8, 0x3C, 0x1E, 0x1C, 0x07, 0x1C, 0x01, 0xCE,
    0x00, 0xEE, 0x00, 0x3F, 0x00, 0x1F, 0x80, 0x0F, 0xC0, 0x07, 0xE0, 0x03, 0xF0, 0x01, 0xFC, 0x01,
    0xCE, 0x00, 0xE7, 0x80, 0xE1, 0xE0, 0xF0, 0x7F, 0xF0, 0x0F, 0xE0, 0x0E, 0x70, 0x07, 0x38, 0x00,
    0x00, 0x00, 0x00, 0x00, 0x00, 0x00, 0x00, 0x00, 0x1F, 0xC0, 0x3F, 0xF8, 0x3C, 0x1E, 0x1C, 0x07,
    0x1C, 0x01, 0xCE, 0x00, 0xEE, 0x00, 0x3F, 0x00, 0x1F, 0x80, 0x0F, 0xC0, 0x07, 0xE0, 0x03, 0xF0,
    0x01, 0xFC, 0x01, 0xCE, 0x00, 0xE7, 0x80, 0xE1, 0xE0, 0xF0, 0x7F, 0xF0, 0x0F, 0xE0, 0x40, 0xB8,
    0x77, 0x3C, 0xFE, 0x1F, 0x07, 0x83, 0xF1, 0xFE, 0xF3, 0xF8, 0x74, 0x08, 0x00, 0x00, 0x01, 0xF9,
    0x83, 0xFF, 0xC7, 0x83, 0xC3, 0x81, 0xF3, 0x81, 0xF9, 0xC0, 0xFF, 0xC0, 0xE7, 0xE0, 0xE3, 0xF0,
    0xE1, 0xF8, 0x70, 0xFC, 0x70, 0x7E, 0x70, 0x3F, 0xF0, 0x39, 0xF8, 0x1C, 0xF8, 0x1C, 0x3C, 0x1E,
    0x3F, 0xFC, 0x39, 0xFC, 0x00, 0x00, 0x00, 0x08, 0x00, 0x70, 0x01, 0xE0, 0x03, 0xC0, 0x07, 0x00,
    0x08, 0x00, 0x00, 0x38, 0x07, 0xE0, 0x1F, 0x80, 0x7E, 0x01, 0xF8, 0x07, 0xE0, 0x1F, 0x80, 0x7E,
    0x01, 0xF8, 0x07, 0xE0, 0x1F, 0x80, 0x7E, 0x01, 0xF8, 0x07, 0xE0, 0x1D, 0xC0, 0xE7, 0x87, 0x8F,
    0xFC, 0x0F, 0xC0, 0x00, 0x40, 0x03, 0x80, 0x1E, 0x00, 0xE0, 0x03, 0x00, 0x00, 0x00, 0x00, 0x38,
    0x07, 0xE0, 0x1F, 0x80, 0x7E, 0x01, 0xF8, 0x07, 0xE0, 0x1F, 0x80, 0x7E, 0x01, 0xF8, 0x07, 0xE0,
    0x1F, 0x80, 0x7E, 0x01, 0xF8, 0x07, 0xE0, 0x1D, 0xC0, 0xE7, 0x87, 0x8F, 0xFC, 0x0F, 0xC0, 0x03,
    0x00, 0x1E, 0x00, 0xFC, 0x07, 0x38, 0x08, 0x40, 0x00, 0x0E, 0x01, 0xF8, 0x07, 0xE0, 0x1F, 0x80,
    0x7E, 0x01, 0xF8, 0x07, 0xE0, 0x1F, 0x80, 0x7E, 0x01, 0xF8, 0x07, 0xE0, 0x1F, 0x80, 0x7E, 0x01,
    0xF8, 0x07, 0x70, 0x39, 0xE1, 0xE3, 0xFF, 0x03, 0xF0, 0x1C, 0xE0, 0x73, 0x80, 0x00, 0x00, 0x00,
    0x00, 0x00, 0x00, 0x0E, 0x01, 0xF8, 0x07, 0xE0, 0x1F, 0x80, 0x7E, 0x01, 0xF8, 0x07, 0xE0, 0x1F,
    0x80, 0x7E, 0x01, 0xF8, 0x07, 0xE0, 0x1F, 0x80, 0x7E, 0x01, 0xF8, 0x07, 0x70, 0x39, 0xE1, 0xE3,
    0xFF, 0x03, 0xF0, 0x00, 0x40, 0x01, 0xC0, 0x07, 0x00, 0x1C, 0x00, 0x30, 0x00, 0x00, 0x00, 0x00,
    0x78, 0x0F, 0x70, 0x1C, 0xF0, 0x38, 0xE0, 0xE1, 0xE3, 0xC1, 0xC7, 0x03, 0xDE, 0x03, 0xB8, 0x07,
    0xE0, 0x07, 0xC0, 0x07, 0x00, 0x0E, 0x00, 0x1C, 0x00, 0x38, 0x00, 0x70, 0x00, 0xE0, 0x01, 0xC0,
    0x03, 0x80, 0xE0, 0x07, 0x00, 0x38, 0x01, 0xFF, 0x0F, 0xFE, 0x70, 0x7B, 0x81, 0xFC, 0x07, 0xE0,
    0x3F, 0x01, 0xF8, 0x1F, 0xC1, 0xEF, 0xFE, 0x7F, 0xC3, 0x80, 0x1C, 0x00, 0xE0, 0x07, 0x00, 0x00,
    0x1F, 0x81, 0xFE, 0x1C, 0x79, 0xC1, 0xCE, 0x0E, 0x70, 0x73, 0x87, 0x1C, 0x70, 0xE7, 0x07, 0x38,
    0x39, 0xC1, 0xCF, 0x8E, 0x3E, 0x70, 0x7B, 0x81, 0xFC, 0x07, 0xE0, 0x3F, 0x23, 0xF9, 0xFD, 0xDF,
    0xC0, 0x18, 0x07, 0x00, 0x70, 0x07, 0x00, 0x70, 0x04, 0x00, 0x03, 0xF8, 0x7F, 0xC0, 0x38, 0x03,
    0x80, 0x71, 0xFE, 0xFF, 0xFC, 0x3F, 0x07, 0xE0, 0xFC, 0x1F, 0xC3, 0xBF, 0xF3, 0xFE, 0x01, 0x00,
    0x70, 0x1E, 0x07, 0x80, 0xE0, 0x08, 0x00, 0x03, 0xF8, 0x7F, 0xC0, 0x38, 0x03, 0x80, 0x71, 0xFE,
    0xFF, 0xFC, 0x3F, 0x07, 0xE0, 0xFC, 0x1F, 0xC3, 0xBF, 0xF3, 0xFE, 0x06, 0x01, 0xE0, 0x7E, 0x1C,
    0xE1, 0x08, 0x00, 0x1F, 0xC3, 0xFE, 0x01, 0xC0, 0x1C, 0x03, 0x8F, 0xF7, 0xFF, 0xE1, 0xF8, 0x3F,
    0x07, 0xE0, 0xFE, 0x1D, 0xFF, 0x9F, 0xF0, 0x00, 0x07, 0xD8, 0xFF, 0x11, 0xC0, 0x00, 0x00, 0x1F,
    0xC3, 0xFE, 0x01, 0xC0, 0x1C, 0x03, 0x8F, 0xF7, 0xFF, 0xE1, 0xF8, 0x3F, 0x07, 0xE0, 0xFE, 0x1D,
    0xFF, 0x9F, 0xF0, 0x39, 0xC7, 0x38, 0x00, 0x00, 0x03, 0xF8, 0x7F, 0x80, 0x78, 0x07, 0x00, 0xE3,
    0xFD, 0xFF, 0xF8, 0x7E, 0x0F, 0xC1, 0xF8, 0x3F, 0x87, 0x7F, 0xE7, 0xFC, 0x0F, 0x03, 0x30, 0x66,
    0x0C, 0xC0, 0xF0, 0x00, 0x00, 0x03, 0xF8, 0x7F, 0xC0, 0x38, 0x03, 0x80, 0x71, 0xFE, 0xFF, 0xFC,
    0x3F, 0x07, 0xE0, 0xFC, 0x1F, 0xC3, 0xBF, 0xF3, 0xFE, 0x7F, 0x1F, 0x0F, 0xFF, 0xF0, 0x07, 0xC7,
    0x00, 0xF0, 0xF0, 0x0E, 0x0E, 0x01, 0xC1, 0xCF, 0xFF, 0xFB, 0xFF, 0xFF, 0xF0, 0xE0, 0x1C, 0x1C,
    0x03, 0x83, 0x80, 0x78, 0x78, 0x27, 0xFF, 0xFC, 0x7F, 0x3F, 0x80, 0x0F, 0xCF, 0xF7, 0x81, 0xC0,
    0xE0, 0x38, 0x0E, 0x03, 0x80, 0xE0, 0x38, 0x07, 0x01, 0xE1, 0x3F, 0xC7, 0xF0, 0xC0, 0x3C, 0x07,
    0x07, 0xC1, 0xE0, 0x08, 0x01, 0xC0, 0x0E, 0x00, 0x70, 0x03, 0x00, 0x00, 0x00, 0x00, 0xF8, 0x3F,
    0xC7, 0x8E, 0x70, 0xEF, 0x07, 0xE0, 0x7F, 0xFF, 0xFF, 0xFE, 0x00, 0xE0, 0x07, 0x00, 0x78, 0x23,
    0xFE, 0x0F, 0xE0, 0x01, 0x00, 0x38, 0x07, 0x80, 0x70, 0x0E, 0x00, 0x40, 0x00, 0x00, 0xF8, 0x3F,
    0xC7, 0x8E, 0x70, 0xEF, 0x07, 0xE0, 0x7F, 0xFF, 0xFF, 0xFE, 0x00, 0xE0, 0x07, 0x00, 0x78, 0x23,
    0xFE, 0x0F, 0xE0, 0x06, 0x00, 0xF0, 0x1F, 0x83, 0x9C, 0x10, 0x80, 0x00, 0x0F, 0x83, 0xFC, 0x78,
    0xE7, 0x0E, 0xF0, 0x7E, 0x07, 0xFF, 0xFF, 0xFF, 0xE0, 0x0E, 0x00, 0x70, 0x07, 0x82, 0x3F, 0xE0,
    0xFE, 0x39, 0xC3, 0x9C, 0x00, 0x00, 0x00, 0x00, 0x00, 0x00, 0x0F, 0x83, 0xFC, 0x78, 0xE7, 0x0E,
    0xF0, 0x7E, 0x07, 0xFF, 0xFF, 0xFF, 0xE0, 0x0E, 0x00, 0x70, 0x07, 0x80, 0x3F, 0xE0, 0xFE, 0x67,
    0x1C, 0x71, 0x80, 0x07, 0x39, 0xCE, 0x73, 0x9C, 0xE7, 0x39, 0xCE, 0x73, 0x80, 0x31, 0xDD, 0xCC,
    0x00, 0x1C, 0xE7, 0x39, 0xCE, 0x73, 0x9C, 0xE7, 0x39, 0xCE, 0x00, 0x10, 0x71, 0xF7, 0x7C, 0x60,
    0x00, 0x1C, 0x38, 0x70, 0xE1, 0xC3, 0x87, 0x0E, 0x1C, 0x38, 0x70, 0xE1, 0xC3, 0x80, 0xE7, 0xE7,
    0x00, 0x00, 0x00, 0x1C, 0x1C, 0x1C, 0x1C, 0x1C, 0x1C, 0x1C, 0x1C, 0x1C, 0x1C, 0x1C, 0x1C, 0x1C,
    0x1C, 0x00, 0x00, 0x38, 0x01, 0xEC, 0x07, 0xE0, 0x7E, 0x03, 0xF0, 0x03, 0x80, 0x1C, 0x1F, 0x71,
    0xFF, 0x9C, 0x3D, 0xE0, 0xEE, 0x07, 0x70, 0x3B, 0x81, 0xDC, 0x0E, 0xE0, 0x63, 0x87, 0x1C, 0x78,
    0x7F, 0x81, 0xF8, 0x00, 0x00, 0x87, 0xF9, 0xFE, 0x11, 0x80, 0x00, 0x00, 0x3F, 0xC7, 0xFE, 0xE1,
    0xDC, 0x1F, 0x83, 0xF0, 0x7E, 0x0F, 0xC1, 0xF8, 0x3F, 0x07, 0xE0, 0xFC, 0x1F, 0x83, 0xF0, 0x70,
    0x0C, 0x00, 0xF0, 0x03, 0x80, 0x0E, 0x00, 0x38, 0x00, 0x80, 0x00, 0x01, 0xF0, 0x3F, 0xE3, 0xC7,
    0x9C, 0x1D, 0xC0, 0x7E, 0x03, 0xF0, 0x1F, 0x80, 0xFC, 0x07, 0xE0, 0x3B, 0x83, 0x9E, 0x3C, 0x7F,
    0xC0, 0xF8, 0x00, 0x01, 0x80, 0x0E, 0x00, 0xE0, 0x0E, 0x00, 0xE0, 0x02, 0x00, 0x00, 0x01, 0xF0,
    0x3F, 0xE3, 0xC7, 0x9C, 0x1D, 0xC0, 0x7E, 0x03, 0xF0, 0x1F, 0x80, 0xFC, 0x07, 0xE0, 0x3B, 0x83,
    0x9E, 0x3C, 0x7F, 0xC0, 0xF8, 0x00, 0x02, 0x00, 0x38, 0x07, 0xE0, 0x33, 0x81, 0x00, 0x00, 0x00,
    0x3E, 0x07, 0xFC, 0x78, 0xF3, 0x83, 0xB8, 0x0F, 0xC0, 0x7E, 0x03, 0xF0, 0x1F, 0x80, 0xFC, 0x07,
    0x70, 0x73, 0xC7, 0x8F, 0xF8, 0x1F, 0x00, 0x00, 0x00, 0xFF, 0x0F, 0xF0, 0x23, 0x00, 0x00, 0x00,
    0x00, 0x3E, 0x07, 0xFC, 0x78, 0xF3, 0x83, 0xB8, 0x0F, 0xC0, 0x7E, 0x03, 0xF0, 0x1F, 0x80, 0xFC,
    0x07, 0x70, 0x73, 0xC7, 0x8F, 0xF8, 0x1F, 0x00, 0x39, 0xC1, 0xCE, 0x00, 0x00, 0x00, 0x00, 0x00,
    0x00, 0x00, 0x3E, 0x07, 0xFC, 0x78, 0xF3, 0x83, 0xB8, 0x0F, 0xC0, 0x7E, 0x03, 0xF0, 0x1F, 0x80,
    0xFC, 0x07, 0x70, 0x73, 0xC7, 0x8F, 0xF8, 0x1F, 0x00, 0x0E, 0x00, 0xE0, 0x0E, 0x00, 0xE0, 0x00,
    0x00, 0x00, 0xFF, 0xFF, 0xFF, 0x00, 0x00, 0x00, 0x0E, 0x00, 0xE0, 0x0E, 0x00, 0xE0, 0x00, 0x00,
    0x7F, 0xCF, 0xFC, 0xF1, 0xE7, 0x0F, 0x70, 0xFF, 0x8E, 0xFC, 0x67, 0xE6, 0x3F, 0x71, 0xFF, 0x0E,
    0xF0, 0xE7, 0x8F, 0x3F, 0xF3, 0xFE, 0x00, 0x00, 0x18, 0x07, 0x00, 0x70, 0x07, 0x00, 0x60, 0x00,
    0x00, 0x07, 0x07, 0xE0, 0xFC, 0x1F, 0x83, 0xF0, 0x7E, 0x0F, 0xC1, 0xF8, 0x3F, 0x07, 0xE0, 0xFC,
    0x1D, 0xC3, 0xBF, 0xF1, 0xFE, 0x03, 0x00, 0x70, 0x1C, 0x07, 0x00, 0xC0, 0x00, 0x00, 0x07, 0x07,
    0xE0, 0xFC, 0x1F, 0x83, 0xF0, 0x7E, 0x0F, 0xC1, 0xF8, 0x3F, 0x07, 0xE0, 0xFC, 0x1D, 0xC3, 0xBF,
    0xF1, 0xFE, 0x04, 0x01, 0xC0, 0x7C, 0x1D, 0xC3, 0x18, 0x00, 0x00, 0x07, 0x07, 0xE0, 0xFC, 0x1F,
    0x83, 0xF0, 0x7E, 0x0F, 0xC1, 0xF8, 0x3F, 0x07, 0xE0, 0xFC, 0x1D, 0xC3, 0xBF, 0xF1, 0xFE, 0x71,
    0xCE, 0x38, 0x00, 0x00, 0x0E, 0x0F, 0xC1, 0xF8, 0x3F, 0x07, 0xE0, 0xFC, 0x1F, 0x83, 0xF0, 0x7E,
    0x0F, 0xC1, 0xF8, 0x3B, 0x87, 0x7F, 0xE3, 0xFC, 0x00, 0x80, 0x0E, 0x00, 0xE0, 0x0E, 0x00, 0x60,
    0x00, 0x00, 0x00, 0x1E, 0x0E, 0x70, 0x73, 0x83, 0x9C, 0x1C, 0xF1, 0xC3, 0x8E, 0x1C, 0x70, 0xF3,
    0x03, 0xB8, 0x1D, 0xC0, 0x7C, 0x03, 0xE0, 0x1F, 0x00, 0x70, 0x03, 0x80, 0x18, 0x01, 0xC0, 0xFC,
    0x07, 0xC0, 0x00, 0xE0, 0x0E, 0x00, 0xE0, 0x0E, 0x00, 0xE0, 0x0E, 0x00, 0xFF, 0x0F, 0xFC, 0xE1,
    0xEE, 0x0E, 0xE0, 0xFE, 0x07, 0xE0, 0x7E, 0x07, 0xE0, 0x7E, 0x07, 0xE0, 0xEF, 0x1E, 0xFF, 0xCF,
    0xF8, 0xE0, 0x0E, 0x00, 0xE0, 0x0E, 0x00, 0xE0, 0x00, 0x39, 0xC3, 0x9C, 0x00, 0x00, 0x00, 0x00,
    0x0E, 0x07, 0xE0, 0xEF, 0x0E, 0x70, 0xE7, 0x0E, 0x70, 0xC3, 0x9C, 0x39, 0xC3, 0x98, 0x1F, 0x81,
    0xF8, 0x1F, 0x00, 0xF0, 0x0F, 0x00, 0x60, 0x0E, 0x01, 0xC0, 0xFC, 0x0F, 0x00, 0x07, 0xF8, 0x01,
    0xFE, 0x00, 0x00, 0x00, 0x00, 0x00, 0x00, 0x00, 0x00, 0x78, 0x00, 0x1E, 0x00, 0x0F, 0xC0, 0x03,
    0xF0, 0x01, 0xDE, 0x00, 0x73, 0x80, 0x1C, 0xE0, 0x0E, 0x1C, 0x03, 0x87, 0x01, 0xC1, 0xE0, 0x70,
    0x38, 0x1F, 0xFE, 0x0F, 0xFF, 0xC3, 0x80, 0x70, 0xE0, 0x1C, 0x70, 0x03, 0x9C, 0x00, 0xE7, 0x00,
    0x3C, 0x3F, 0xC7, 0xF8, 0x00, 0x00, 0x00, 0x00, 0xFE, 0x1F, 0xF0, 0x0E, 0x00, 0xE0, 0x1C, 0x7F,
    0xBF, 0xFF, 0x0F, 0xC1, 0xF8, 0x3F, 0x07, 0xF0, 0xEF, 0xFC, 0xFF, 0x80, 0x06, 0x30, 0x03, 0x18,
    0x00, 0xFC, 0x00, 0x3C, 0x00, 0x00, 0x00, 0x00, 0x00, 0x07, 0x00, 0x07, 0xC0, 0x03, 0xE0, 0x01,
    0xB8, 0x01, 0xDC, 0x00, 0xEE, 0x00, 0xE3, 0x80, 0x71, 0xC0, 0x38, 0x70, 0x38, 0x38, 0x1C, 0x1C,
    0x1F, 0xFF, 0x0F, 0xFF, 0x87, 0x01, 0xE7, 0x00, 0x73, 0x80, 0x39, 0xC0, 0x1F, 0xE0, 0x07, 0x30,
    0xC7, 0x38, 0x7E, 0x07, 0x80, 0x00, 0x00, 0x1F, 0xC3, 0xFE, 0x01, 0xC0, 0x1C, 0x03, 0x8F, 0xF7,
    0xFF, 0xE1, 0xF8, 0x3F, 0x07, 0xE0, 0xFE, 0x1D, 0xFF, 0x9F, 0xF0, 0x01, 0xC0, 0x01, 0xE0, 0x00,
    0xF8, 0x00, 0xFC, 0x00, 0x77, 0x00, 0x73, 0x80, 0x39, 0xE0, 0x1C, 0x70, 0x1C, 0x38, 0x0E, 0x0E,
    0x07, 0x07, 0x07, 0xFF, 0xC3, 0xFF, 0xE3, 0x80, 0x71, 0xC0, 0x3C, 0xE0, 0x0E, 0xF0, 0x07, 0x70,
    0x03, 0xC0, 0x00, 0xC0, 0x00, 0xC0, 0x00, 0xE0, 0x00, 0x7C, 0x00, 0x1E, 0x7F, 0x0F, 0xF8, 0x07,
    0x00, 0x70, 0x0E, 0x3F, 0xDF, 0xFF, 0x87, 0xE0, 0xFC, 0x1F, 0x83, 0xF8, 0x77, 0xFE, 0x7F, 0xC0,
    0x60, 0x18, 0x07, 0x00, 0xFC, 0x0F, 0x80, 0x00, 0x40, 0x03, 0x80, 0x1E, 0x00, 0xF0, 0x03, 0x80,
    0x0C, 0x00, 0x00, 0x01, 0xFC, 0x1F, 0xF8, 0xF0, 0x67, 0x80, 0x1C, 0x00, 0x70, 0x03, 0x80, 0x0E,
    0x00, 0x38, 0x00, 0xE0, 0x03, 0x80, 0x0E, 0x00, 0x3C, 0x00, 0x70, 0x01, 0xE0, 0x03, 0xC1, 0x87,
    0xFE, 0x07, 0xF8, 0x01, 0x00, 0xE0, 0x78, 0x1C, 0x0E, 0x01, 0x00, 0x00, 0x3F, 0x3F, 0xDE, 0x07,
    0x03, 0x80, 0xE0, 0x38, 0x0E, 0x03, 0x80, 0xE0, 0x1C, 0x07, 0x84, 0xFF, 0x0F, 0xC0, 0x01, 0x00,
    0x0E, 0x00, 0x7C, 0x03, 0x98, 0x04, 0x20, 0x00, 0x00, 0x7F, 0x07, 0xFE, 0x3C, 0x19, 0xE0, 0x07,
    0x00, 0x1C, 0x00, 0xE0, 0x03, 0x80, 0x0E, 0x00, 0x38, 0x00, 0xE0, 0x03, 0x80, 0x0F, 0x00, 0x1C,
    0x00, 0x78, 0x00, 0xF0, 0x61, 0xFF, 0x81, 0xFE, 0x06, 0x03, 0xC1, 0xF8, 0xE7, 0x10, 0x80, 0x00,
    0xFC, 0xFF, 0x78, 0x1C, 0x0E, 0x03, 0x80, 0xE0, 0x38, 0x0E, 0x03, 0x80, 0x70, 0x1E, 0x13, 0xFC,
    0x3F, 0x01, 0xC0, 0x07, 0x00, 0x1C, 0x00, 0x70, 0x00, 0x00, 0x00, 0x00, 0x7F, 0x87, 0xFF, 0x3C,
    0x18, 0xE0, 0x07, 0x00, 0x1C, 0x00, 0xE0, 0x03, 0x80, 0x0E, 0x00, 0x38, 0x00, 0xE0, 0x03, 0x80,
    0x0F, 0x00, 0x1C, 0x00, 0x78, 0x00, 0xF0, 0x21, 0xFF, 0xC1, 0xFE, 0x07, 0x01, 0xC0, 0x70, 0x1C,
    0x00, 0x00, 0x00, 0xFC, 0xFF, 0x78, 0x1C, 0x0E, 0x03, 0x80, 0xE0, 0x38, 0x0E, 0x03, 0x80, 0x70,
    0x1E, 0x03, 0xFC, 0x3F, 0x04, 0x20, 0x3B, 0x80, 0x7C, 0x00, 0xE0, 0x01, 0x00, 0x00, 0x00, 0x7F,
    0x07, 0xFE, 0x3C, 0x19, 0xE0, 0x07, 0x00, 0x1C, 0x00, 0xE0, 0x03, 0x80, 0x0E, 0x00, 0x38, 0x00,
    0xE0, 0x03, 0x80, 0x0F, 0x00, 0x1C, 0x00, 0x78, 0x00, 0xF0, 0x61, 0xFF, 0x81, 0xFE, 0x19, 0x87,
    0xE0, 0xF0, 0x18, 0x00, 0x00, 0x00, 0xFC, 0xFF, 0x78, 0x1C, 0x0E, 0x03, 0x80, 0xE0, 0x38, 0x0E,
    0x03, 0x80, 0x70, 0x1E, 0x13, 0xFC, 0x3F, 0x18, 0xC0, 0x3B, 0x80, 0x3E, 0x00, 0x38, 0x00, 0x20,
    0x00, 0x00, 0x3F, 0xE0, 0x7F, 0xF0, 0xE0, 0xF9, 0xC0, 0x73, 0x80, 0x77, 0x00, 0xEE, 0x00, 0xFC,
    0x01, 0xF8, 0x03, 0xF0, 0x07, 0xE0, 0x0F, 0xC0, 0x1F, 0x80, 0x77, 0x00, 0xEE, 0x03, 0x9C, 0x1F,
    0x3F, 0xF8, 0x7F, 0xC0, 0x00, 0x77, 0x00, 0x77, 0x00, 0x77, 0x00, 0x77, 0x00, 0x77, 0x00, 0x77,
    0x1F, 0xF0, 0x3F, 0xF0, 0x78, 0xF0, 0x70, 0x70, 0xE0, 0x70, 0xE0, 0x70, 0xE0, 0x70, 0xE0, 0x70,
    0xE0, 0x70, 0xE0, 0x70, 0x70, 0x70, 0x78, 0x70, 0x3F, 0xF0, 0x0F, 0xF0, 0x3F, 0xE0, 0x1F, 0xFC,
    0x0E, 0x0F, 0x87, 0x01, 0xC3, 0x80, 0x71, 0xC0, 0x38, 0xE0, 0x0F, 0xFE, 0x07, 0xFF, 0x03, 0x9C,
    0x01, 0xCE, 0x00, 0xE7, 0x00, 0x73, 0x80, 0x71, 0xC0, 0x38, 0xE0, 0x38, 0x70, 0x7C, 0x3F, 0xF8,
    0x1F, 0xF0, 0x00, 0x00, 0x70, 0x01, 0xC0, 0x7F, 0xC1, 0xFF, 0x00, 0x70, 0x01, 0xC1, 0xFF, 0x0F,
    0xFC, 0x78, 0xF1, 0xC1, 0xCE, 0x07, 0x38, 0x1C, 0xE0, 0x73, 0x81, 0xCE, 0x07, 0x38, 0x1C, 0x70,
    0x71, 0xE1, 0xC3, 0xFF, 0x03, 0xFC, 0x3F, 0xC3, 0xFC, 0x00, 0x00, 0x00, 0x00, 0x0F, 0xFE, 0xFF,
    0xEE, 0x00, 0xE0, 0x0E, 0x00, 0xE0, 0x0E, 0x00, 0xE0, 0x0F, 0xFE, 0xFF, 0xEE, 0x00, 0xE0, 0x0E,
    0x00, 0xE0, 0x0E, 0x00, 0xE0, 0x0F, 0xFF, 0xFF, 0xF0, 0x3F, 0xC3, 0xFC, 0x00, 0x00, 0x00, 0x00,
    0x00, 0xF8, 0x3F, 0xC7, 0x8E, 0x70, 0xEE, 0x07, 0xE0, 0x7F, 0xFF, 0xFF, 0xFE, 0x00, 0xE0, 0x07,
    0x00, 0x78, 0x23, 0xFE, 0x0F, 0xE0, 0x31, 0x83, 0x18, 0x1F, 0x00, 0xE0, 0x00, 0x00, 0x00, 0xFF,
    0xEF, 0xFE, 0xE0, 0x0E, 0x00, 0xE0, 0x0E, 0x00, 0xE0, 0x0E, 0x00, 0xFF, 0xEF, 0xFE, 0xE0, 0x0E,
    0x00, 0xE0, 0x0E, 0x00, 0xE0, 0x0E, 0x00, 0xFF, 0xFF, 0xFF, 0x30, 0xC3, 0x1C, 0x1F, 0x80, 0xF0,
    0x00, 0x00, 0x00, 0x0F, 0x83, 0xFC, 0x70, 0xE7, 0x0E, 0xE0, 0x7E, 0x07, 0xFF, 0xFF, 0xFF, 0xE0,
    0x0E, 0x00, 0x70, 0x07, 0x82, 0x3F, 0xE0, 0xFE, 0x0E, 0x00, 0xE0, 0x0E, 0x00, 0xE0, 0x00, 0x00,
    0x00, 0xFF, 0xEF, 0xFE, 0xE0, 0x0E, 0x00, 0xE0, 0x0E, 0x00, 0xE0, 0x0E, 0x00, 0xFF, 0xEF, 0xFE,
    0xE0, 0x0E, 0x00, 0xE0, 0x0E, 0x00, 0xE0, 0x0E, 0x00, 0xFF, 0xFF, 0xFF, 0x0E, 0x00, 0xE0, 0x0E,
    0x00, 0xE0, 0x00, 0x00, 0x00, 0x0F, 0x83, 0xFC, 0x78, 0xE7, 0x0E, 0xE0, 0x7E, 0x07, 0xFF, 0xFF,
    0xFF, 0xE0, 0x0E, 0x00, 0x70, 0x07, 0x82, 0x3F, 0xE0, 0xFE, 0xFF, 0xEF, 0xFE, 0xE0, 0x0E, 0x00,
    0xE0, 0x0E, 0x00, 0xE0, 0x0E, 0x00, 0xFF, 0xEF, 0xFE, 0xE0, 0x0E, 0x00, 0xE0, 0x0E, 0x00, 0xE0,
    0x0E, 0x00, 0xFF, 0xFF, 0xFF, 0x00, 0xE0, 0x0C, 0x01, 0xC0, 0x1F, 0x00, 0xF0, 0x0F, 0x81, 0xFC,
    0x38, 0xE7, 0x0F, 0x70, 0x77, 0x07, 0x7F, 0xFF, 0xFF, 0x70, 0x07, 0x00, 0x70, 0x03, 0x82, 0x1F,
    0xE0, 0xFE, 0x01, 0xC0, 0x38, 0x03, 0x80, 0x3E, 0x01, 0xE0, 0x31, 0x83, 0xB8, 0x1F, 0x00, 0xE0,
    0x04, 0x00, 0x00, 0xFF, 0xEF, 0xFE, 0xE0, 0x0E, 0x00, 0xE0, 0x0E, 0x00, 0xE0, 0x0E, 0x00, 0xFF,
    0xEF, 0xFE, 0xE0, 0x0E, 0x00, 0xE0, 0x0E, 0x00, 0xE0, 0x0E, 0x00, 0xFF, 0xFF, 0xFF, 0x18, 0x81,
    0xDC, 0x0F, 0x00, 0x60, 0x00, 0x00, 0x00, 0x0F, 0x83, 0xFC, 0x78, 0xE7, 0x0E, 0xF0, 0x7E, 0x07,
    0xFF, 0xFF, 0xFF, 0xE0, 0x0E, 0x00, 0x70, 0x07, 0x82, 0x3F, 0xE0, 0xFE, 0x00, 0x80, 0x0F, 0x00,
    0x7E, 0x03, 0x9C, 0x04, 0x20, 0x00, 0x00, 0x7F, 0x87, 0xFF, 0x3C, 0x18, 0xE0, 0x07, 0x00, 0x1C,
    0x00, 0xE0, 0x03, 0x80, 0x0E, 0x00, 0x38, 0x07, 0xE0, 0x1F, 0x80, 0x7F, 0x01, 0xDC, 0x07, 0x78,
    0x1C, 0xF0, 0x71, 0xFF, 0xC1, 0xFF, 0x03, 0x00, 0x78, 0x0F, 0xC1, 0xCE, 0x00, 0x40, 0x00, 0x0F,
    0xF3, 0xFF, 0x78, 0x77, 0x07, 0xE0, 0x7E, 0x07, 0xE0, 0x7E, 0x07, 0xE0, 0x7F, 0x07, 0x78, 0xF3,
    0xFF, 0x1F, 0xF0, 0x07, 0x00, 0x70, 0x0F, 0x40, 0xE7, 0xFC, 0x7F, 0x00, 0x06, 0x30, 0x19, 0xC0,
    0x3E, 0x00, 0x70, 0x00, 0x00, 0x00, 0x00, 0x7F, 0x87, 0xFF, 0x3C, 0x18, 0xE0, 0x07, 0x00, 0x1C,
    0x00, 0xE0, 0x03, 0x80, 0x0E, 0x00, 0x38, 0x07, 0xE0, 0x1F, 0x80, 0x7F, 0x01, 0xDC, 0x07, 0x78,
    0x1C, 0xF0, 0x71, 0xFF, 0xC1, 0xFF, 0x18, 0x61, 0x8C, 0x0F, 0xC0, 0x78, 0x00, 0x00, 0x00, 0x0F,
    0xF3, 0xFF, 0x78, 0x77, 0x07, 0xE0, 0x7E, 0x07, 0xE0, 0x7E, 0x07, 0xE0, 0x7F, 0x07, 0x78, 0xF3,
    0xFF, 0x1F, 0xF0, 0x07, 0x00, 0x70, 0x0F, 0x60, 0xE7, 0xFC, 0x7F, 0x80, 0x01, 0xC0, 0x07, 0x00,
    0x1C, 0x00, 0x70, 0x00, 0x00, 0x00, 0x00, 0x7F, 0x87, 0xFF, 0x3C, 0x18, 0xE0, 0x07, 0x00, 0x1C,
    0x00, 0xE0, 0x03, 0x80, 0x0E, 0x00, 0x38, 0x07, 0xE0, 0x1F, 0x80, 0x7F, 0x01, 0xDC, 0x07, 0x78,
    0x1C, 0xF0, 0x71, 0xFF, 0xC1, 0xFF, 0x07, 0x00, 0x70, 0x07, 0x00, 0x70, 0x00, 0x00, 0x00, 0x0F,
    0xF3, 0xFF, 0x78, 0x77, 0x07, 0xE0, 0x7E, 0x07, 0xE0, 0x7E, 0x07, 0xE0, 0x7F, 0x07, 0x78, 0xF3,
    0xFF, 0x1F, 0xF0, 0x07, 0x00, 0x70, 0x0F, 0x40, 0xE7, 0xFC, 0x7F, 0x00, 0x07, 0xF8, 0x7F, 0xF3,
    0xC1, 0x8E, 0x00, 0x70, 0x01, 0xC0, 0x0E, 0x00, 0x38, 0x00, 0xE0, 0x03, 0x80, 0x7E, 0x01, 0xF8,
    0x07, 0xF0, 0x1D, 0xC0, 0x77, 0x81, 0xCF, 0x07, 0x1F, 0xFC, 0x1F, 0xF0, 0x00, 0x00, 0x70, 0x01,
    0xC0, 0x1F, 0x00, 0x78, 0x00, 0x01, 0x80, 0x38, 0x07, 0x00, 0x70, 0x07, 0x00, 0x00, 0x0F, 0xF3,
    0xFF, 0x78, 0x77, 0x07, 0xE0, 0x7E, 0x07, 0xE0, 0x7E, 0x07, 0xE0, 0x7F, 0x07, 0x78, 0xF3, 0xFF,
    0x1F, 0xF0, 0x07, 0x00, 0x70, 0x0F, 0x40, 0xE7, 0xFC, 0x7F, 0x00, 0x03, 0x00, 0x1E, 0x00, 0xFC,
    0x07, 0x38, 0x08, 0x40, 0x00, 0x0E, 0x01, 0xF8, 0x07, 0xE0, 0x1F, 0x80, 0x7E, 0x01, 0xF8, 0x07,
    0xE0, 0x1F, 0x80, 0x7F, 0xFF, 0xFF, 0xFF, 0xE0, 0x1F, 0x80, 0x7E, 0x01, 0xF8, 0x07, 0xE0, 0x1F,
    0x80, 0x7E, 0x01, 0xF8, 0x07, 0x18, 0x07, 0xC0, 0x6E, 0x04, 0x00, 0x00, 0x07, 0x00, 0x70, 0x07,
    0x00, 0x70, 0x07, 0x00, 0x70, 0x07, 0xF8, 0x7F, 0xE7, 0x0E, 0x70, 0x77, 0x07, 0x70, 0x77, 0x07,
    0x70, 0x77, 0x07, 0x70, 0x77, 0x07, 0x70, 0x77, 0x07, 0x70, 0x70, 0x38, 0x07, 0x0E, 0x01, 0xCF,
    0xFF, 0xFF, 0xFF, 0xFF, 0x38, 0x07, 0x0E, 0x01, 0xC3, 0x80, 0x70, 0xE0, 0x1C, 0x3F, 0xFF, 0x0F,
    0xFF, 0xC3, 0x80, 0x70, 0xE0, 0x1C, 0x38, 0x07, 0x0E, 0x01, 0xC3, 0x80, 0x70, 0xE0, 0x1C, 0x38,
    0x07, 0x0E, 0x01, 0xC0, 0x38, 0x01, 0xC0, 0x3F, 0xE1, 0xFF, 0x03, 0x80, 0x1C, 0x00, 0xFF, 0x07,
    0xFE, 0x38, 0x71, 0xC1, 0xCE, 0x0E, 0x70, 0x73, 0x83, 0x9C, 0x1C, 0xE0, 0xE7, 0x07, 0x38, 0x39,
    0xC1, 0xCE, 0x0E, 0x70, 0x70, 0x01, 0x3F, 0xFF, 0xC8, 0xC0, 0x00, 0x00, 0x70, 0x38, 0x1C, 0x0E,
    0x07, 0x03, 0x81, 0xC0, 0xE0, 0x70, 0x38, 0x1C, 0x0E, 0x07, 0x03, 0x81, 0xC0, 0xE0, 0x70, 0x38,
    0x00, 0x3F, 0xBF, 0xD9, 0xC0, 0x00, 0x00, 0x70, 0x38, 0x1C, 0x0E, 0x07, 0x03, 0x81, 0xC0, 0xE0,
    0x70, 0x38, 0x1C, 0x0E, 0x07, 0x03, 0x80, 0xFF, 0xFF, 0x00, 0x00, 0x00, 0x38, 0x38, 0x38, 0x38,
    0x38, 0x38, 0x38, 0x38, 0x38, 0x38, 0x38, 0x38, 0x38, 0x38, 0x38, 0x38, 0x38, 0x38, 0xFF, 0xFF,
    0x00, 0x00, 0x00, 0x1C, 0x1C, 0x1C, 0x1C, 0x1C, 0x1C, 0x1C, 0x1C, 0x1C, 0x1C, 0x1C, 0x1C, 0x1C,
    0x1C, 0xC6, 0xC6, 0x7E, 0x3C, 0x00, 0x00, 0x38, 0x38, 0x38, 0x38, 0x38, 0x38, 0x38, 0x38, 0x38,
    0x38, 0x38, 0x38, 0x38, 0x38, 0x38, 0x38, 0x38, 0x38, 0xC2, 0xE6, 0x7E, 0x3C, 0x00, 0x00, 0x1C,
    0x1C, 0x1C, 0x1C, 0x1C, 0x1C, 0x1C, 0x1C, 0x1C, 0x1C, 0x1C, 0x1C, 0x1C, 0x1C, 0x39, 0xCE, 0x73,
    0x9C, 0xE7, 0x39, 0xCE, 0x73, 0x9C, 0xE7, 0x39, 0xCC, 0xCE, 0x7D, 0xE0, 0x39, 0xCE, 0x70, 0x00,
    0xE7, 0x39, 0xCE, 0x73, 0x9C, 0xE7, 0x39, 0xCE, 0x73, 0x33, 0x9F, 0x78, 0xFF, 0xF0, 0x3F, 0xFF,
    0xFF, 0xFF, 0xFF, 0xFF, 0xFF, 0xFF, 0xFF, 0xFF, 0xFF, 0xFF, 0xC0, 0xE0, 0x07, 0xE0, 0x07, 0xE0,
    0x07, 0xE0, 0x07, 0xE0, 0x07, 0xE0, 0x07, 0xE0, 0x07, 0xE0, 0x07, 0xE0, 0x07, 0xE0, 0x07, 0xE0,
    0x07, 0xE0, 0x07, 0xE0, 0x07, 0xE0, 0x07, 0xE0, 0x07, 0xE3, 0x0E, 0xE3, 0xFE, 0xE3, 0xF8, 0xE1,
    0xF8, 0x7E, 0x1F, 0x87, 0x00, 0x00, 0x0E, 0x1F, 0x87, 0xE1, 0xF8, 0x7E, 0x1F, 0x87, 0xE1, 0xF8,
    0x7E, 0x1F, 0x87, 0xE1, 0xF8, 0x7E, 0x1F, 0x87, 0x01, 0xC0, 0x70, 0x38, 0x7E, 0x1F, 0x00, 0x00,
    0x40, 0x07, 0x00, 0x7C, 0x06, 0x70, 0x00, 0x00, 0x00, 0x03, 0x80, 0x1C, 0x00, 0xE0, 0x07, 0x00,
    0x38, 0x01, 0xC0, 0x0E, 0x00, 0x70, 0x03, 0x80, 0x1C, 0x00, 0xE0, 0x07, 0x00, 0x38, 0x01, 0xC0,
    0x0E, 0x30, 0xE1, 0xFE, 0x07, 0xE0, 0x04, 0x07, 0x07, 0xC7, 0x73, 0x18, 0x00, 0x00, 0x1C, 0x0E,
    0x07, 0x03, 0x81, 0xC0, 0xE0, 0x70, 0x38, 0x1C, 0x0E, 0x07, 0x03, 0x81, 0xC0, 0xE0, 0x70, 0x38,
    0x3C, 0x7C, 0x7C, 0x00, 0xE0, 0x7B, 0x83, 0xCE, 0x0E, 0x38, 0x70, 0xE3, 0xC3, 0x9E, 0x0E, 0xF0,
    0x3F, 0x80, 0xFC, 0x03, 0xF8, 0x0E, 0xF0, 0x39, 0xE0, 0xE3, 0xC3, 0x87, 0x8E, 0x0F, 0x38, 0x1C,
    0xE0, 0x7B, 0x80, 0xF0, 0x00, 0x01, 0xC0, 0x07, 0x00, 0x3C, 0x00, 0xE0, 0x00, 0x20, 0x0E, 0x00,
    0xE0, 0x0E, 0x00, 0xE0, 0x0E, 0x00, 0xE0, 0x0E, 0x1E, 0xE1, 0xCE, 0x38, 0xE7, 0x0E, 0xF0, 0xFE,
    0x0F, 0xC0, 0xFE, 0x0E, 0xF0, 0xE7, 0x8E, 0x3C, 0xE1, 0xCE, 0x1E, 0xE0, 0xF0, 0x00, 0x0E, 0x00,
    0xE0, 0x3E, 0x03, 0xC0, 0xE1, 0xEE, 0x1C, 0xE3, 0x8E, 0x70, 0xEF, 0x0F, 0xE0, 0xFC, 0x0F, 0xE0,
    0xEF, 0x0E, 0x78, 0xE3, 0xCE, 0x1C, 0xE1, 0xEE, 0x0F, 0x10, 0x07, 0x01, 0xE0, 0x38, 0x0E, 0x00,
    0x80, 0x00, 0x07, 0x00, 0xE0, 0x1C, 0x03, 0x80, 0x70, 0x0E, 0x01, 0xC0, 0x38, 0x07, 0x00, 0xE0,
    0x1C, 0x03, 0x80, 0x70, 0x0E, 0x01, 0xC0, 0x38, 0x07, 0xFF, 0xFF, 0xE0, 0x00, 0x77, 0xDC, 0x00,
    0x07, 0x1C, 0x71, 0xC7, 0x1C, 0x71, 0xC7, 0x1C, 0x71, 0xC7, 0x1C, 0x71, 0xC7, 0x1F, 0x3C, 0x70,
    0xE0, 0x1C, 0x03, 0x80, 0x70, 0x0E, 0x01, 0xC0, 0x38, 0x07, 0x00, 0xE0, 0x1C, 0x03, 0x80, 0x70,
    0x0E, 0x01, 0xC0, 0x38, 0x07, 0x00, 0xFF, 0xFF, 0xFC, 0x00, 0x07, 0x00, 0xE0, 0x3C, 0x07, 0x00,
    0x01, 0xC7, 0x1C, 0x71, 0xC7, 0x1C, 0x71, 0xC7, 0x1C, 0x71, 0xC7, 0x1C, 0x71, 0xC7, 0xCF, 0x1C,
    0x03, 0x8E, 0xFB, 0xC0, 0xE7, 0x1C, 0xE3, 0x9C, 0x73, 0x8E, 0x71, 0xCE, 0x38, 0x07, 0x00, 0xE0,
    0x1C, 0x03, 0x80, 0x70, 0x0E, 0x01, 0xC0, 0x38, 0x07, 0x00, 0xFF, 0xFF, 0xFC, 0xE7, 0xE7, 0xE6,
    0xE6, 0xE6, 0xE6, 0xE0, 0xE0, 0xE0, 0xE0, 0xE0, 0xE0, 0xE0, 0xE0, 0xE0, 0xE0, 0xE0, 0xF8, 0x78,
    0x38, 0xE0, 0x1C, 0x03, 0x80, 0x70, 0x0E, 0x01, 0xC0, 0x38, 0x77, 0x0E, 0xE1, 0xDC, 0x3B, 0x80,
    0x70, 0x0E, 0x01, 0xC0, 0x38, 0x07, 0x00, 0xFF, 0xFF, 0xFC, 0xE0, 0x70, 0x38, 0x1C, 0x0E, 0x07,
    0x03, 0x81, 0xC0, 0xE3, 0xF1, 0xF8, 0xFC, 0x7E, 0x07, 0x03, 0x81, 0xC0, 0xE0, 0x7E, 0x1F, 0x07,
    0x00, 0x1C, 0x00, 0x70, 0x01, 0xC0, 0x07, 0x00, 0x1C, 0x00, 0x70, 0x01, 0xDC, 0x07, 0xF0, 0x1F,
    0x00, 0xF8, 0x0F, 0xC0, 0x1F, 0x00, 0x1C, 0x00, 0x70, 0x01, 0xC0, 0x07, 0x00, 0x1F, 0xFC, 0x7F,
    0xF0, 0x00, 0x38, 0x38, 0x38, 0x38, 0x38, 0x38, 0x3A, 0x3F, 0x3E, 0xF8, 0xF8, 0xB8, 0x38, 0x38,
    0x38, 0x38, 0x38, 0x3E, 0x1E, 0x0E, 0x00, 0x80, 0x07, 0x00, 0x38, 0x01, 0xC0, 0x06, 0x00, 0x08,
    0x00, 0x00, 0x38, 0x07, 0xF0, 0x1F, 0xE0, 0x7F, 0x81, 0xFF, 0x07, 0xFE, 0x1F, 0xB8, 0x7E, 0x71,
    0xF9, 0xE7, 0xE3, 0x9F, 0x87, 0x7E, 0x1F, 0xF8, 0x3F, 0xE0, 0x7F, 0x81, 0xFE, 0x03, 0xF8, 0x07,
    0xE0, 0x1C, 0x02, 0x00, 0xE0, 0x1C, 0x07, 0x01, 0xC0, 0x10, 0x00, 0x07, 0xF8, 0xFF, 0xDC, 0x3B,
    0x83, 0xF0, 0x7E, 0x0F, 0xC1, 0xF8, 0x3F, 0x07, 0xE0, 0xFC, 0x1F, 0x83, 0xF0, 0x7E, 0x0E, 0xE0,
    0x1F, 0xC0, 0x7F, 0x81, 0xFE, 0x07, 0xFC, 0x1F, 0xF8, 0x7E, 0xE1, 0xF9, 0xC7, 0xE7, 0x9F, 0x8E,
    0x7E, 0x1D, 0xF8, 0x7F, 0xE0, 0xFF, 0x81, 0xFE, 0x07, 0xF8, 0x0F, 0xE0, 0x1F, 0x80, 0x70, 0x00,
    0x00, 0xE0, 0x03, 0x80, 0x3E, 0x00, 0xF0, 0x00, 0xFF, 0x1F, 0xFB, 0x87, 0x70, 0x7E, 0x0F, 0xC1,
    0xF8, 0x3F, 0x07, 0xE0, 0xFC, 0x1F, 0x83, 0xF0, 0x7E, 0x0F, 0xC1, 0xC0, 0x00, 0x70, 0x0E, 0x03,
    0xC0, 0x70, 0x00, 0x08, 0xC0, 0x3F, 0x00, 0x78, 0x00, 0xC0, 0x00, 0x00, 0x00, 0x0E, 0x01, 0xFC,
    0x07, 0xF8, 0x1F, 0xE0, 0x7F, 0xC1, 0xFF, 0x87, 0xEE, 0x1F, 0x9C, 0x7E, 0x79, 0xF8, 0xE7, 0xE1,
    0xDF, 0x87, 0xFE, 0x0F, 0xF8, 0x1F, 0xE0, 0x7F, 0x80, 0xFE, 0x01, 0xF8, 0x07, 0x31, 0x87, 0x60,
    0x78, 0x06, 0x00, 0x00, 0x00, 0x3F, 0xC7, 0xFE, 0xE1, 0xDC, 0x1F, 0x83, 0xF0, 0x7E, 0x0F, 0xC1,
    0xF8, 0x3F, 0x07, 0xE0, 0xFC, 0x1F, 0x83, 0xF0, 0x70, 0x70, 0x03, 0x80, 0x1C, 0x00, 0xC0, 0x0E,
    0x00, 0x10, 0x00, 0x7F, 0x03, 0xFE, 0x1C, 0x70, 0xE1, 0xC7, 0x0E, 0x38, 0x71, 0xC3, 0x8E, 0x1C,
    0x70, 0xE3, 0x87, 0x1C, 0x38, 0xE1, 0xC7, 0x0E, 0x38, 0x70, 0xE0, 0x1F, 0xC0, 0x7F, 0x81, 0xFE,
    0x07, 0xFC, 0x1F, 0xF8, 0x7E, 0xE1, 0xF9, 0xC7, 0xE7, 0x9F, 0x8E, 0x7E, 0x1D, 0xF8, 0x7F, 0xE0,
    0xFF, 0x81, 0xFE, 0x07, 0xF8, 0x0F, 0xE0, 0x1F, 0x80, 0x70, 0x01, 0xC0, 0x07, 0x00, 0x1C, 0x03,
    0xE0, 0x0F, 0x00, 0xFF, 0x1F, 0xFB, 0x87, 0x70, 0x7E, 0x0F, 0xC1, 0xF8, 0x3F, 0x07, 0xE0, 0xFC,
    0x1F, 0x83, 0xF0, 0x7E, 0x0F, 0xC1, 0xC0, 0x38, 0x07, 0x00, 0xE0, 0xF8, 0x1E, 0x00, 0x0F, 0xF0,
    0x07, 0xF8, 0x00, 0x00, 0x00, 0x00, 0x00, 0x00, 0x00, 0x3F, 0x80, 0x7F, 0xF0, 0x78, 0x3C, 0x38,
    0x0E, 0x38, 0x03, 0x9C, 0x01, 0xDC, 0x00, 0x7E, 0x00, 0x3F, 0x00, 0x1F, 0x80, 0x0F, 0xC0, 0x07,
    0xE0, 0x03, 0xF8, 0x03, 0x9C, 0x01, 0xCF, 0x01, 0xC3, 0xC1, 0xE0, 0xFF, 0xE0, 0x1F, 0xC0, 0x3F,
    0xC1, 0xFE, 0x00, 0x00, 0x00, 0x00, 0x00, 0x07, 0xC0, 0xFF, 0x8F, 0x1E, 0x70, 0x77, 0x01, 0xF8,
    0x0F, 0xC0, 0x7E, 0x03, 0xF0, 0x1F, 0x80, 0xEE, 0x0E, 0x78, 0xF1, 0xFF, 0x03, 0xE0, 0x06, 0x38,
    0x03, 0x18, 0x00, 0xFC, 0x00, 0x3C, 0x00, 0x00, 0x00, 0x00, 0x00, 0x1F, 0xC0, 0x3F, 0xF8, 0x3C,
    0x1E, 0x1C, 0x07, 0x1C, 0x01, 0xCE, 0x00, 0xEE, 0x00, 0x3F, 0x00, 0x1F, 0x80, 0x0F, 0xC0, 0x07,
    0xE0, 0x03, 0xF0, 0x01, 0xFC, 0x01, 0xCE, 0x00, 0xE7, 0x80, 0xE1, 0xE0, 0xF0, 0x7F, 0xF0, 0x0F,
    0xE0, 0x18, 0xC0, 0xC6, 0x03, 0xF0, 0x0F, 0x00, 0x00, 0x00, 0x00, 0x3E, 0x07, 0xFC, 0x78, 0xF3,
    0x83, 0xB8, 0x0F, 0xC0, 0x7E, 0x03, 0xF0, 0x1F, 0x80, 0xFC, 0x07, 0x70, 0x73, 0xC7, 0x8F, 0xF8,
    0x1F, 0x00, 0x01, 0x8C, 0x01, 0xCE, 0x00, 0xC6, 0x00, 0xE6, 0x00, 0x63, 0x00, 0x00, 0x00, 0x1F,
    0xC0, 0x3F, 0xF8, 0x3C, 0x1E, 0x1C, 0x07, 0x1C, 0x01, 0xCE, 0x00, 0xEE, 0x00, 0x3F, 0x00, 0x1F,
    0x80, 0x0F, 0xC0, 0x07, 0xE0, 0x03, 0xF0, 0x01, 0xFC, 0x01, 0xCE, 0x00, 0xE7, 0x80, 0xE1, 0xE0,
    0xF0, 0x7F, 0xF0, 0x0F, 0xE0, 0x00, 0x00, 0x31, 0x83, 0x9C, 0x39, 0xC1, 0x8C, 0x08, 0x40, 0x00,
    0x01, 0xF0, 0x3F, 0xE3, 0xC7, 0x9C, 0x1D, 0xC0, 0x7E, 0x03, 0xF0, 0x1F, 0x80, 0xFC, 0x07, 0xE0,
    0x3B, 0x83, 0x9E, 0x3C, 0x7F, 0xC0, 0xF8, 0x00, 0x03, 0xFF, 0xFC, 0x1F, 0xFF, 0xF8, 0xF0, 0x70,
    0x03, 0xC0, 0xE0, 0x07, 0x01, 0xC0, 0x1E, 0x03, 0x80, 0x38, 0x07, 0x00, 0x70, 0x0F, 0xFC, 0xE0,
    0x1F, 0xF9, 0xC0, 0x38, 0x03, 0x80, 0x70, 0x07, 0x00, 0xE0, 0x0F, 0x01, 0xC0, 0x0E, 0x03, 0x80,
    0x1E, 0x07, 0x00, 0x1F, 0x0E, 0x00, 0x1F, 0xFF, 0xFE, 0x07, 0xFF, 0xFC, 0x0F, 0x87, 0xC1, 0xFE,
    0xFF, 0x1E, 0x3F, 0x1C, 0xE0, 0xF0, 0xFE, 0x07, 0x83, 0xF0, 0x38, 0x1F, 0x81, 0xFF, 0xFC, 0x0F,
    0xFF, 0xE0, 0x70, 0x07, 0x03, 0xC0, 0x1C, 0x1E, 0x00, 0xF1, 0xF8, 0x23, 0xFD, 0xFF, 0x07, 0xC3,
    0xF8, 0x02, 0x00, 0x3C, 0x01, 0xC0, 0x1C, 0x01, 0xC0, 0x04, 0x00, 0x00, 0x1F, 0xE0, 0xFF, 0xC7,
    0x0F, 0x38, 0x1D, 0xC0, 0xEE, 0x07, 0x70, 0x3B, 0x81, 0xDC, 0x3C, 0xFF, 0xC7, 0xFC, 0x38, 0xF1,
    0xC3, 0x8E, 0x1E, 0x70, 0x73, 0x83, 0xDC, 0x0E, 0xE0, 0x78, 0x04, 0x0E, 0x1C, 0x3C, 0x38, 0x10,
    0x00, 0x7F, 0xFF, 0xE0, 0xE0, 0xE0, 0xE0, 0xE0, 0xE0, 0xE0, 0xE0, 0xE0, 0xE0, 0xE0, 0xE0, 0xFF,
    0x07, 0xFE, 0x38, 0x39, 0xC0, 0xEE, 0x07, 0x70, 0x3B, 0x81, 0xDC, 0x1C, 0xFF, 0xE7, 0xFC, 0x38,
    0xE1, 0xC7, 0x8E, 0x1E, 0x70, 0x73, 0x83, 0xDC, 0x0E, 0xE0, 0x77, 0x01, 0xC0, 0x00, 0x0E, 0x00,
    0x70, 0x0F, 0x80, 0x78, 0x00, 0x1F, 0xCF, 0xF3, 0x80, 0xE0, 0x38, 0x0E, 0x03, 0x80, 0xE0, 0x38,
    0x0E, 0x03, 0x80, 0xE0, 0x38, 0x0E, 0x00, 0x00, 0xE0, 0x38, 0x3E, 0x0F, 0x00, 0x31, 0x01, 0xDC,
    0x07, 0xC0, 0x1C, 0x00, 0x40, 0x00, 0x03, 0xFC, 0x1F, 0xF8, 0xE1, 0xE7, 0x03, 0xB8, 0x1D, 0xC0,
    0xEE, 0x07, 0x70, 0x3B, 0x87, 0x9F, 0xF8, 0xFF, 0x87, 0x1E, 0x38, 0x71, 0xC3, 0xCE, 0x0E, 0x70,
    0x7B, 0x81, 0xDC, 0x0F, 0x66, 0x7E, 0x3C, 0x18, 0x00, 0x00, 0x7F, 0xFF, 0xE0, 0xE0, 0xE0, 0xE0,
    0xE0, 0xE0, 0xE0, 0xE0, 0xE0, 0xE0, 0xE0, 0xE0, 0x01, 0x00, 0x38, 0x07, 0x80, 0x70, 0x0E, 0x00,
    0x40, 0x00, 0x01, 0xFC, 0x3F, 0xE7, 0x06, 0xE0, 0x0E, 0x00, 0xF0, 0x0F, 0x80, 0x7F, 0x07, 0xFC,
    0x1F, 0xE0, 0x7F, 0x00, 0xF0, 0x07, 0x00, 0x70, 0x07, 0xC0, 0xEF, 0xFE, 0x7F, 0x80, 0x06, 0x03,
    0x83, 0x83, 0x81, 0x80, 0x00, 0x00, 0x7E, 0x7F, 0x70, 0xB8, 0x1E, 0x0F, 0x83, 0xF0, 0xFC, 0x1F,
    0x07, 0x81, 0xE0, 0xFF, 0xEF, 0xE0, 0x06, 0x00, 0xF0, 0x1F, 0x83, 0x9C, 0x10, 0x80, 0x00, 0x1F,
    0xC3, 0xFE, 0x70, 0x6E, 0x00, 0xE0, 0x0F, 0x00, 0xF8, 0x07, 0xF0, 0x7F, 0xC1, 0xFE, 0x07, 0xF0,
    0x0F, 0x00, 0x70, 0x07, 0x00, 0x7C, 0x0E, 0xFF, 0xE7, 0xF8, 0x08, 0x0E, 0x0F, 0x8E, 0xE2, 0x00,
    0x00, 0xFC, 0xFE, 0xE1, 0x70, 0x3C, 0x1F, 0x07, 0xE1, 0xF8, 0x3E, 0x0F, 0x03, 0xC1, 0xFF, 0xDF,
    0xC0, 0x1F, 0xC3, 0xFE, 0x70, 0x6E, 0x00, 0xE0, 0x0F, 0x00, 0xF8, 0x07, 0xF0, 0x7F, 0xC1, 0xFE,
    0x07, 0xF0, 0x0F, 0x00, 0x70, 0x07, 0x00, 0x7C, 0x0E, 0xFF, 0xE7, 0xF8, 0x0E, 0x00, 0xF0, 0x07,
    0x01, 0xF0, 0x3E, 0x00, 0x3F, 0xBF, 0xB8, 0x1C, 0x0F, 0x07, 0xE1, 0xF8, 0x7E, 0x0F, 0x83, 0xC0,
    0xF0, 0x7F, 0xF7, 0xF0, 0x70, 0x3C, 0x0E, 0x1F, 0x1F, 0x00, 0x10, 0x83, 0x9C, 0x1F, 0x80, 0xF0,
    0x02, 0x00, 0x00, 0x1F, 0xC3, 0xFE, 0x70, 0x6E, 0x00, 0xE0, 0x0F, 0x00, 0xF8, 0x07, 0xF0, 0x7F,
    0xC1, 0xFE, 0x07, 0xF0, 0x0F, 0x00, 0x70, 0x07, 0x00, 0x7C, 0x0E, 0xFF, 0xE7, 0xF8, 0x23, 0x1B,
    0x8F, 0x83, 0x80, 0x80, 0x00, 0xFC, 0xFE, 0xE1, 0x70, 0x3C, 0x1F, 0x07, 0xE1, 0xF8, 0x3E, 0x0F,
    0x03, 0xC1, 0xFF, 0xDF, 0xC0, 0xFF, 0xFF, 0xFF, 0xF0, 0x70, 0x01, 0xC0, 0x07, 0x00, 0x1C, 0x00,
    0x70, 0x01, 0xC0, 0x07, 0x00, 0x1C, 0x00, 0x70, 0x01, 0xC0, 0x07, 0x00, 0x1C, 0x00, 0x70, 0x01,
    0xC0, 0x07, 0x00, 0x1C, 0x00, 0x60, 0x01, 0xC0, 0x03, 0x80, 0x3E, 0x01, 0xF0, 0x00, 0xE0, 0xE0,
    0xE0, 0xE0, 0xFF, 0xFF, 0xE0, 0xE0, 0xE0, 0xE0, 0xE0, 0xE0, 0xE0, 0xE0, 0xFF, 0x7F, 0x3F, 0x1C,
    0x1E, 0x0E, 0x3E, 0x3C, 0x18, 0xC0, 0x37, 0x00, 0x78, 0x01, 0xC0, 0x02, 0x00, 0x00, 0x0F, 0xFF,
    0xFF, 0xFF, 0x07, 0x00, 0x1C, 0x00, 0x70, 0x01, 0xC0, 0x07, 0x00, 0x1C, 0x00, 0x70, 0x01, 0xC0,
    0x07, 0x00, 0x1C, 0x00, 0x70, 0x01, 0xC0, 0x07, 0x00, 0x1C, 0x00, 0x70, 0x01, 0xC0, 0x0E, 0x0E,
    0x0E, 0xEE, 0xEE, 0xE0, 0xFF, 0xFF, 0xE0, 0xE0, 0xE0, 0xE0, 0xE0, 0xE0, 0xE0, 0xE0, 0xE0, 0xF1,
    0x7F, 0x3F, 0xFF, 0xFF, 0xFF, 0xF0, 0x70, 0x01, 0xC0, 0x07, 0x00, 0x1C, 0x00, 0x70, 0x01, 0xC0,
    0x3F, 0xF0, 0xFF, 0xC0, 0x70, 0x01, 0xC0, 0x07, 0x00, 0x1C, 0x00, 0x70, 0x01, 0xC0, 0x07, 0x00,
    0x1C, 0x00, 0xE0, 0xE0, 0xE0, 0xE0, 0xFF, 0xFF, 0xE0, 0xE0, 0xE0, 0xE0, 0xFF, 0xFF, 0xE0, 0xE0,
    0xE0, 0xF1, 0x7F, 0x3F, 0x00, 0x00, 0x7F, 0xC1, 0xFE, 0x04, 0x70, 0x00, 0x00, 0x00, 0x0E, 0x01,
    0xF8, 0x07, 0xE0, 0x1F, 0x80, 0x7E, 0x01, 0xF8, 0x07, 0xE0, 0x1F, 0x80, 0x7E, 0x01, 0xF8, 0x07,
    0xE0, 0x1F, 0x80, 0x7E, 0x01, 0xF8, 0x07, 0x70, 0x39, 0xE1, 0xE3, 0xFF, 0x03, 0xF0, 0x00, 0x87,
    0xF9, 0xFE, 0x11, 0x80, 0x00, 0x00, 0x38, 0x3F, 0x07, 0xE0, 0xFC, 0x1F, 0x83, 0xF0, 0x7E, 0x0F,
    0xC1, 0xF8, 0x3F, 0x07, 0xE0, 0xEE, 0x1D, 0xFF, 0x8F, 0xF0, 0x1F, 0xE0, 0x7F, 0x80, 0x00, 0x00,
    0x00, 0x00, 0x03, 0x80, 0x7E, 0x01, 0xF8, 0x07, 0xE0, 0x1F, 0x80, 0x7E, 0x01, 0xF8, 0x07, 0xE0,
    0x1F, 0x80, 0x7E, 0x01, 0xF8, 0x07, 0xE0, 0x1F, 0x80, 0x7E, 0x01, 0xDC, 0x0E, 0x78, 0x78, 0xFF,
    0xC0, 0xFC, 0x00, 0x7F, 0x8F, 0xF0, 0x00, 0x00, 0x00, 0x01, 0xC1, 0xF8, 0x3F, 0x07, 0xE0, 0xFC,
    0x1F, 0x83, 0xF0, 0x7E, 0x0F, 0xC1, 0xF8, 0x3F, 0x07, 0x70, 0xEF, 0xFC, 0x7F, 0x80, 0x18, 0x60,
    0x73, 0x80, 0xFC, 0x01, 0xE0, 0x00, 0x00, 0x00, 0x0E, 0x01, 0xF8, 0x07, 0xE0, 0x1F, 0x80, 0x7E,
    0x01, 0xF8, 0x07, 0xE0, 0x1F, 0x80, 0x7E, 0x01, 0xF8, 0x07, 0xE0, 0x1F, 0x80, 0x7E, 0x01, 0xF8,
    0x07, 0x70, 0x39, 0xE1, 0xE3, 0xFF, 0x03, 0xF0, 0x31, 0x86, 0x30, 0x7E, 0x07, 0x80, 0x00, 0x00,
    0x38, 0x3F, 0x07, 0xE0, 0xFC, 0x1F, 0x83, 0xF0, 0x7E, 0x0F, 0xC1, 0xF8, 0x3F, 0x07, 0xE0, 0xEE,
    0x1D, 0xFF, 0x8F, 0xF0, 0x07, 0x80, 0x33, 0x00, 0xCC, 0x03, 0x30, 0x07, 0x80, 0x00, 0x00, 0x00,
    0x38, 0x07, 0xE0, 0x1F, 0x80, 0x7E, 0x01, 0xF8, 0x07, 0xE0, 0x1F, 0x80, 0x7E, 0x01, 0xF8, 0x07,
    0xE0, 0x1F, 0x80, 0x7E, 0x01, 0xF8, 0x07, 0xE0, 0x1D, 0xC0, 0xE7, 0x87, 0x8F, 0xFC, 0x0F, 0xC0,
    0x1E, 0x06, 0x60, 0xCC, 0x19, 0x81, 0xE0, 0x00, 0x00, 0x07, 0x07, 0xE0, 0xFC, 0x1F, 0x83, 0xF0,
    0x7E, 0x0F, 0xC1, 0xF8, 0x3F, 0x07, 0xE0, 0xFC, 0x1D, 0xC3, 0xBF, 0xF1, 0xFE, 0x00, 0x00, 0x18,
    0xC0, 0x73, 0x83, 0x9C, 0x1C, 0xE0, 0x21, 0x00, 0x00, 0x38, 0x07, 0xE0, 0x1F, 0x80, 0x7E, 0x01,
    0xF8, 0x07, 0xE0, 0x1F, 0x80, 0x7E, 0x01, 0xF8, 0x07, 0xE0, 0x1F, 0x80, 0x7E, 0x01, 0xF8, 0x07,
    0xE0, 0x1D, 0xC0, 0xE7, 0x87, 0x8F, 0xFC, 0x0F, 0xC0, 0x08, 0x41, 0x9C, 0x73, 0x9C, 0xE3, 0x18,
    0x00, 0x00, 0x07, 0x07, 0xE0, 0xFC, 0x1F, 0x83, 0xF0, 0x7E, 0x0F, 0xC1, 0xF8, 0x3F, 0x07, 0xE0,
    0xFC, 0x1D, 0xC3, 0xBF, 0xF1, 0xFE, 0xE0, 0x3F, 0x01, 0xF8, 0x0F, 0xC0, 0x7E, 0x03, 0xF0, 0x1F,
    0x80, 0xFC, 0x07, 0xE0, 0x3F, 0x01, 0xF8, 0x0F, 0xC0, 0x7E, 0x03, 0xF0, 0x1D, 0xC1, 0xEF, 0x1E,
    0x3F, 0xE0, 0x7E, 0x00, 0xE0, 0x0E, 0x00, 0x70, 0x03, 0xE0, 0x0F, 0x00, 0xE0, 0xFC, 0x1F, 0x83,
    0xF0, 0x7E, 0x0F, 0xC1, 0xF8, 0x3F, 0x07, 0xE0, 0xFC, 0x1F, 0x83, 0xB8, 0x77, 0xFE, 0x3F, 0xC0,
    0x70, 0x1C, 0x03, 0x80, 0x7C, 0x07, 0x80, 0x00, 0x20, 0x00, 0x01, 0xC0, 0x00, 0x0F, 0x80, 0x00,
    0x73, 0x00, 0x00, 0x84, 0x00, 0x00, 0x00, 0x0E, 0x00, 0x01, 0xF8, 0x00, 0x0F, 0xE0, 0x70, 0x3B,
    0xC1, 0xE0, 0xEF, 0x07, 0x83, 0x9C, 0x3E, 0x0E, 0x70, 0xF8, 0x79, 0xC3, 0x71, 0xC7, 0x8D, 0xC7,
    0x0E, 0x73, 0x1C, 0x39, 0xCE, 0x70, 0xE6, 0x3B, 0x83, 0xF8, 0x6E, 0x07, 0xE1, 0xF8, 0x1F, 0x07,
    0xE0, 0x7C, 0x0F, 0x01, 0xE0, 0x3C, 0x03, 0x80, 0xF0, 0x00, 0x00, 0x00, 0x0C, 0x00, 0x03, 0xC0,
    0x00, 0xFC, 0x00, 0x31, 0x80, 0x00, 0x00, 0x00, 0x00, 0x07, 0x83, 0x07, 0x70, 0xE0, 0xEE, 0x1E,
    0x39, 0xC3, 0xC7, 0x1C, 0x78, 0xE3, 0x9F, 0x1C, 0x73, 0x67, 0x0E, 0x6E, 0xE0, 0xEC, 0xDC, 0x1F,
    0x9B, 0x03, 0xE3, 0xE0, 0x3C, 0x7C, 0x07, 0x87, 0x00, 0xE0, 0xE0, 0x01, 0x00, 0x07, 0x00, 0x1F,
    0x00, 0x63, 0x00, 0x00, 0x00, 0x00, 0x3C, 0x07, 0xB8, 0x0E, 0x78, 0x1C, 0x70, 0x70, 0xF1, 0xE0,
    0xE3, 0x81, 0xEF, 0x01, 0xDC, 0x03, 0xF0, 0x03, 0xE0, 0x03, 0x80, 0x07, 0x00, 0x0E, 0x00, 0x1C,
    0x00, 0x38, 0x00, 0x70, 0x00, 0xE0, 0x01, 0xC0, 0x02, 0x00, 0x38, 0x03, 0xE0, 0x3B, 0x81, 0x8C,
    0x00, 0x00, 0x00, 0x1E, 0x0E, 0x70, 0x73, 0x83, 0x9C, 0x1C, 0xF1, 0xC3, 0x8E, 0x1C, 0x70, 0xF3,
    0x03, 0xB8, 0x1D, 0xC0, 0x7C, 0x03, 0xE0, 0x1F, 0x00, 0x70, 0x03, 0x80, 0x18, 0x01, 0xC0, 0xFC,
    0x07, 0xC0, 0x00, 0x1C, 0xE0, 0x73, 0x80, 0x00, 0x00, 0x00, 0xE0, 0x1F, 0xC0, 0xF7, 0x03, 0x9E,
    0x1E, 0x38, 0x70, 0x73, 0xC1, 0xCE, 0x03, 0xF8, 0x0F, 0xC0, 0x1F, 0x00, 0x38, 0x00, 0xE0, 0x03,
    0x80, 0x0E, 0x00, 0x38, 0x00, 0xE0, 0x03, 0x80, 0x0E, 0x00, 0x00, 0x80, 0x0E, 0x00, 0xF0, 0x07,
    0x00, 0x70, 0x01, 0x00, 0x00, 0x0F, 0xFF, 0x7F, 0xF8, 0x03, 0x80, 0x3C, 0x03, 0xC0, 0x1C, 0x01,
    0xE0, 0x1E, 0x00, 0xE0, 0x0F, 0x00, 0xF0, 0x07, 0x80, 0x78, 0x03, 0xC0, 0x3C, 0x03, 0xC0, 0x1F,
    0xFF, 0xFF, 0xF8, 0x02, 0x01, 0xC0, 0xE0, 0x70, 0x18, 0x00, 0x00, 0x03, 0xFF, 0xFF, 0xC0, 0xE0,
    0x78, 0x3C, 0x0E, 0x07, 0x81, 0xC0, 0xE0, 0x78, 0x1C, 0x0F, 0x03, 0xFF, 0xFF, 0xC0, 0x07, 0x00,
    0x38, 0x01, 0xC0, 0x0E, 0x00, 0x00, 0x00, 0x01, 0xFF, 0xEF, 0xFF, 0x00, 0xF0, 0x0F, 0x80, 0x78,
    0x07, 0x80, 0x7C, 0x03, 0xC0, 0x3C, 0x01, 0xE0, 0x1E, 0x00, 0xF0, 0x0F, 0x00, 0xF0, 0x07, 0x80,
    0x78, 0x03, 0xFF, 0xFF, 0xFF, 0x0E, 0x03, 0x80, 0xE0, 0x38, 0x00, 0x00, 0x0F, 0xFF, 0xFF, 0x03,
    0xC1, 0xE0, 0x70, 0x3C, 0x1E, 0x07, 0x83, 0xC0, 0xF0, 0x78, 0x3E, 0x0F, 0xFF, 0xFF, 0x0C, 0xC0,
    0x7E, 0x01, 0xE0, 0x06, 0x00, 0x00, 0x00, 0x01, 0xFF, 0xEF, 0xFF, 0x00, 0x70, 0x07, 0x80, 0x78,
    0x03, 0x80, 0x3C, 0x03, 0xC0, 0x1C, 0x01, 0xE0, 0x1E, 0x00, 0xF0, 0x0F, 0x00, 0x78, 0x07, 0x80,
    0x78, 0x03, 0xFF, 0xFF, 0xFF, 0x21, 0x1C, 0xC3, 0xF0, 0x78, 0x0C, 0x00, 0x00, 0x03, 0xFF, 0xFF,
    0xC0, 0xE0, 0x78, 0x3C, 0x0E, 0x07, 0x81, 0xC0, 0xE0, 0x78, 0x1C, 0x0F, 0x03, 0xFF, 0xFF, 0xC0,
    0x1F, 0x7F, 0x70, 0xE0, 0xE0, 0xE0, 0xE0, 0xE0, 0xE0, 0xE0, 0xE0, 0xE0, 0xE0, 0xE0, 0xE0, 0xE0,
    0xE0, 0xE0, 0xE0, 0xE0, 0x00, 0x03, 0x80, 0x01, 0xC0, 0x00, 0xE0, 0x00, 0x70, 0x3F, 0x30, 0x7F,
    0xF8, 0xF0, 0x78, 0x70, 0x1E, 0x70, 0x07, 0x38, 0x03, 0xF8, 0x00, 0xFC, 0x00, 0x7E, 0x00, 0x3F,
    0x00, 0x1F, 0x80, 0x0F, 0xC0, 0x07, 0xF0, 0x07, 0x38, 0x03, 0x9E, 0x03, 0x87, 0x83, 0xC1, 0xFF,
    0x80, 0x3F, 0x80, 0x00, 0x1C, 0x00, 0x70, 0x01, 0xC3, 0xF7, 0x3F, 0xF9, 0xE3, 0xC7, 0x07, 0x38,
    0x0E, 0xE0, 0x3B, 0x80, 0xEE, 0x03, 0xB8, 0x0E, 0xE0, 0x39, 0xC1, 0xC7, 0x8F, 0x0F, 0xF8, 0x0F,
    0x80, 0x00, 0x03, 0x80, 0x01, 0xC0, 0x00, 0xE0, 0x00, 0x7E, 0x01, 0xF7, 0x00, 0xFB, 0x80, 0x71,
    0xC0, 0x38, 0xE0, 0x1C, 0x70, 0x0E, 0x38, 0x07, 0x1C, 0x03, 0x8E, 0x01, 0xC7, 0x00, 0xE3, 0x80,
    0x71, 0xC0, 0x38, 0xE0, 0x1C, 0x70, 0x0E, 0x1C, 0x0E, 0x0F, 0x0F, 0x03, 0xFF, 0x00, 0x7E, 0x00,
    0x00, 0x1C, 0x00, 0x70, 0x01, 0xF8, 0x3E, 0xE0, 0xFB, 0x83, 0x8E, 0x0E, 0x38, 0x38, 0xE0, 0xE3,
    0x83, 0x8E, 0x0E, 0x38, 0x38, 0xE0, 0xE3, 0x83, 0x87, 0x0E, 0x1F, 0xF8, 0x1F, 0xE0, 0x00, 0x00,
    0x0C, 0x40, 0x00, 0x00, 0x7E, 0x00, 0x00, 0x01, 0xE0, 0x00, 0x00, 0x06, 0x00, 0x00, 0x00, 0x00,
    0x00, 0x00, 0x00, 0x03, 0xFE, 0x01, 0xFF, 0xFF, 0xFC, 0x0F, 0xFF, 0xE0, 0xF8, 0x00, 0x77, 0x01,
    0xC0, 0x07, 0xB8, 0x07, 0x00, 0x79, 0xC0, 0x38, 0x03, 0x8E, 0x00, 0xE0, 0x3C, 0x70, 0x07, 0x03,
    0xC3, 0x80, 0x38, 0x1C, 0x1C, 0x01, 0xC1, 0xE0, 0xE0, 0x0E, 0x1E, 0x07, 0x00, 0x70, 0xF0, 0x38,
    0x07, 0x0F, 0x01, 0xC0, 0x38, 0x78, 0x0E, 0x03, 0x87, 0x80, 0x70, 0x7C, 0x7C, 0x03, 0xFF, 0x83,
    0xFF, 0xFF, 0xF0, 0x1F, 0xFF, 0x00, 0x00, 0x10, 0x80, 0x00, 0x03, 0x73, 0xFE, 0x00, 0x3C, 0x7F,
    0xF0, 0x03, 0x0E, 0x0F, 0x80, 0x01, 0xC0, 0x70, 0x00, 0x38, 0x07, 0x1F, 0xFF, 0x00, 0xE3, 0xFF,
    0xE0, 0x0E, 0x01, 0xDC, 0x01, 0xC0, 0x7B, 0x80, 0x38, 0x1E, 0x70, 0x07, 0x03, 0x8E, 0x00, 0xE0,
    0xF1, 0xC0, 0x1C, 0x1C, 0x38, 0x07, 0x07, 0x07, 0x00, 0xE1, 0xE0, 0xE0, 0x38, 0x38, 0x1C, 0x1F,
    0x0F, 0x03, 0xFF, 0x81, 0xFF, 0xFF, 0xC0, 0x3F, 0xF0, 0x00, 0x70, 0x66, 0x00, 0x38, 0x3F, 0x00,
    0x1C, 0x0F, 0x00, 0x0E, 0x03, 0x00, 0x07, 0x00, 0x00, 0x03, 0x80, 0x00, 0x7F, 0xC7, 0xFE, 0x7F,
    0xE3, 0xFF, 0x78, 0xF0, 0x07, 0xB8, 0x38, 0x07, 0xB8, 0x1C, 0x07, 0x9C, 0x0E, 0x03, 0x8E, 0x07,
    0x03, 0xC7, 0x03, 0x81, 0xC3, 0x81, 0xC1, 0xC1, 0xC0, 0xE1, 0xE0, 0x70, 0x70, 0xE0, 0x3C, 0x38,
    0xF0, 0x0F, 0xFC, 0x7F, 0xE1, 0xFE, 0x3F, 0xF0, 0xE0, 0x00, 0x1F, 0x80, 0x00, 0x7E, 0x00, 0x01,
    0xF8, 0x00, 0x07, 0xE0, 0x00, 0x1F, 0x80, 0x00, 0x7E, 0x00, 0x01, 0xF8, 0x00, 0x07, 0xE0, 0x00,
    0x1F, 0x80, 0x00, 0x7E, 0x00, 0x01, 0xF8, 0x00, 0x07, 0xE0, 0x00, 0x1F, 0x80, 0x00, 0x7E, 0x00,
    0x01, 0xF8, 0x03, 0x0E, 0xFF, 0xEF, 0xF3, 0xFF, 0x9F, 0x80, 0x00, 0x07, 0x00, 0x07, 0xE0, 0x07,
    0xE0, 0x07, 0xE0, 0x00, 0xE0, 0x00, 0xE0, 0x07, 0xE0, 0x07, 0xE0, 0x07, 0xE0, 0x07, 0xE0, 0x07,
    0xE0, 0x07, 0xE0, 0x07, 0xE0, 0x07, 0xE0, 0x07, 0xE0, 0x07, 0xE0, 0x07, 0xE0, 0x07, 0xFF, 0xE7,
    0xFF, 0xE7, 0x00, 0x07, 0x00, 0x07, 0x00, 0x0F, 0x00, 0x3E, 0x00, 0x3C, 0x20, 0x38, 0x7E, 0x1F,
    0x87, 0xE1, 0xF8, 0x0E, 0x03, 0x87, 0xE1, 0xF8, 0x7E, 0x1F, 0x87, 0xE1, 0xF8, 0x7E, 0x1F, 0x87,
    0xE1, 0xF8, 0x7F, 0x9D, 0xE7, 0x39, 0xC0, 0x70, 0x1C, 0x0F, 0x0F, 0x83, 0xC0, 0xE0, 0x1C, 0x00,
    0xFE, 0x03, 0x80, 0x1F, 0xC0, 0x70, 0x03, 0xFC, 0x0E, 0x00, 0x7F, 0xC1, 0xC0, 0x0F, 0xFC, 0x38,
    0x01, 0xFB, 0x87, 0x00, 0x3F, 0x38, 0xE0, 0x07, 0xE7, 0x9C, 0x00, 0xFC, 0x73, 0x80, 0x1F, 0x87,
    0x70, 0x03, 0xF0, 0xFE, 0x00, 0x7E, 0x0F, 0xC0, 0x0F, 0xC0, 0xF8, 0x01, 0xF8, 0x1F, 0x00, 0x3F,
    0x01, 0xE3, 0x0E, 0xE0, 0x1C, 0x7F, 0x9C, 0x03, 0x8F, 0xE0, 0x00, 0x00, 0x38, 0x00, 0x01, 0xF8,
    0x07, 0x0F, 0xE0, 0x38, 0x7F, 0x81, 0xC0, 0x7C, 0x0E, 0x03, 0xF0, 0x70, 0xFD, 0xC3, 0x87, 0xEF,
    0x1C, 0x3F, 0x38, 0xE1, 0xF8, 0xE7, 0x0F, 0xC7, 0xB8, 0x7E, 0x1D, 0xC3, 0xF0, 0x7E, 0x1F, 0x83,
    0xF0, 0xFC, 0x0F, 0x87, 0xE0, 0x7C, 0x3F, 0x01, 0xE1, 0xF8, 0x07, 0x0F, 0xC0, 0x38, 0x70, 0x00,
    0x03, 0x80, 0x00, 0x1C, 0x00, 0x01, 0xE0, 0x00, 0x3E, 0x00, 0x03, 0xE0, 0x00, 0x01, 0xC0, 0x00,
    0x70, 0x00, 0x1C, 0x00, 0x07, 0x00, 0x00, 0x00, 0x00, 0x0F, 0xF0, 0x1F, 0xFF, 0x07, 0xE1, 0xC1,
    0xF8, 0x38, 0x7E, 0x0E, 0x1F, 0x83, 0x87, 0xE0, 0xE1, 0xF8, 0x38, 0x7E, 0x0E, 0x1F, 0x83, 0x87,
    0xE0, 0xE1, 0xF8, 0x38, 0x7E, 0x0E, 0x1F, 0x83, 0x87, 0x00, 0x01, 0xC0, 0x00, 0x70, 0x00, 0x38,
    0x00, 0x7E, 0x00, 0x1F, 0x00, 0x06, 0x30, 0x03, 0xB8, 0x00, 0xF8, 0x00, 0x38, 0x00, 0x08, 0x00,
    0x00, 0x00, 0x07, 0x00, 0x07, 0xC0, 0x03, 0xE0, 0x01, 0xB8, 0x01, 0xDC, 0x00, 0xEE, 0x00, 0xE3,
    0x80, 0x71, 0xC0, 0x30, 0xF0, 0x38, 0x38, 0x1C, 0x1C, 0x1F, 0xFF, 0x0F, 0xFF, 0x87, 0x01, 0xC7,
    0x00, 0x73, 0x80, 0x39, 0xC0, 0x1D, 0xE0, 0x0F, 0x10, 0x83, 0xF0, 0x3C, 0x03, 0x00, 0x00, 0x00,
    0x1F, 0xC3, 0xFE, 0x01, 0xC0, 0x1C, 0x03, 0x8F, 0xF7, 0xFF, 0xE1, 0xF8, 0x3F, 0x07, 0xE0, 0xFE,
    0x1D, 0xFF, 0x9F, 0xF0, 0xC7, 0xDD, 0xF1, 0xC1, 0x00, 0x0E, 0x1C, 0x38, 0x70, 0xE1, 0xC3, 0x87,
    0x0E, 0x1C, 0x38, 0x70, 0xE1, 0xC3, 0x87, 0x0E, 0x1C, 0x01, 0x8D, 0xF1, 0xC1, 0x00, 0x00, 0x1C,
    0x38, 0x70, 0xE1, 0xC3, 0x87, 0x0E, 0x1C, 0x38, 0x70, 0xE1, 0xC3, 0x80, 0x06, 0x30, 0x03, 0xB8,
    0x00, 0xF8, 0x00, 0x38, 0x00, 0x08, 0x00, 0x00, 0x00, 0x1F, 0xC0, 0x3F, 0xF8, 0x3C, 0x1E, 0x1C,
    0x07, 0x1C, 0x01, 0xCE, 0x00, 0xEE, 0x00, 0x3F, 0x00, 0x1F, 0x80, 0x0F, 0xC0, 0x07, 0xE0, 0x03,
    0xF0, 0x01, 0xFC, 0x01, 0xCE, 0x00, 0xE7, 0x80, 0xE1, 0xE0, 0xF0, 0x7F, 0xF0, 0x0F, 0xE0, 0x18,
    0xC0, 0xEE, 0x03, 0xE0, 0x0E, 0x00, 0x20, 0x00, 0x00, 0x3E, 0x07, 0xFC, 0x78, 0xF3, 0x83, 0xB8,
    0x0F, 0xC0, 0x7E, 0x03, 0xF0, 0x1F, 0x80, 0xFC, 0x07, 0x70, 0x73, 0xC7, 0x8F, 0xF8, 0x1F, 0x00,
    0x18, 0x60, 0x3F, 0x00, 0x78, 0x00, 0xC0, 0x00, 0x00, 0x00, 0x0E, 0x01, 0xF8, 0x07, 0xE0, 0x1F,
    0x80, 0x7E, 0x01, 0xF8, 0x07, 0xE0, 0x1F, 0x80, 0x7E, 0x01, 0xF8, 0x07, 0xE0, 0x1F, 0x80, 0x7E,
    0x01, 0xF8, 0x07, 0x70, 0x39, 0xE1, 0xE3, 0xFF, 0x03, 0xF0, 0x00, 0x06, 0x30, 0x7C, 0x07, 0x00,
    0x40, 0x00, 0x00, 0x07, 0x07, 0xE0, 0xFC, 0x1F, 0x83, 0xF0, 0x7E, 0x0F, 0xC1, 0xF8, 0x3F, 0x07,
    0xE0, 0xFC, 0x1D, 0xC3, 0xBF, 0xF1, 0xFE, 0x0F, 0xC0, 0x3F, 0x00, 0x00, 0x00, 0x00, 0x1C, 0xE0,
    0x73, 0x80, 0x00, 0x00, 0x00, 0xE0, 0x1F, 0x80, 0x7E, 0x01, 0xF8, 0x07, 0xE0, 0x1F, 0x80, 0x7E,
    0x01, 0xF8, 0x07, 0xE0, 0x1F, 0x80, 0x7E, 0x01, 0xF8, 0x07, 0xE0, 0x1F, 0x80, 0x77, 0x03, 0x9E,
    0x1E, 0x3F, 0xF0, 0x3F, 0x00, 0x3F, 0x07, 0xE0, 0x00, 0x00, 0x07, 0x38, 0xE7, 0x00, 0x00, 0x00,
    0xE0, 0xFC, 0x1F, 0x83, 0xF0, 0x7E, 0x0F, 0xC1, 0xF8, 0x3F, 0x07, 0xE0, 0xFC, 0x1F, 0x83, 0xB8,
    0x77, 0xFE, 0x3F, 0xC0, 0x00, 0x80, 0x07, 0x00, 0x38, 0x0E, 0xDC, 0x38, 0x70, 0x00, 0x00, 0x00,
    0x38, 0x07, 0xE0, 0x1F, 0x80, 0x7E, 0x01, 0xF8, 0x07, 0xE0, 0x1F, 0x80, 0x7E, 0x01, 0xF8, 0x07,
    0xE0, 0x1F, 0x80, 0x7E, 0x01, 0xF8, 0x07, 0xE0, 0x1D, 0xC0, 0xE7, 0x87, 0x8F, 0xFC, 0x0F, 0xC0,
    0x03, 0x00, 0x60, 0x18, 0x07, 0x07, 0x5C, 0xE3, 0x80, 0x00, 0x00, 0xE0, 0xFC, 0x1F, 0x83, 0xF0,
    0x7E, 0x0F, 0xC1, 0xF8, 0x3F, 0x07, 0xE0, 0xFC, 0x1F, 0x83, 0xB8, 0x77, 0xFE, 0x3F, 0xC0, 0x08,
    0x00, 0x37, 0x00, 0x78, 0x0E, 0x1C, 0x38, 0x70, 0x00, 0x00, 0x00, 0x38, 0x07, 0xE0, 0x1F, 0x80,
    0x7E, 0x01, 0xF8, 0x07, 0xE0, 0x1F, 0x80, 0x7E, 0x01, 0xF8, 0x07, 0xE0, 0x1F, 0x80, 0x7E, 0x01,
    0xF8, 0x07, 0xE0, 0x1D, 0xC0, 0xE7, 0x87, 0x8F, 0xFC, 0x0F, 0xC0, 0x00, 0x07, 0x70, 0x7C, 0x07,
    0x07, 0x1C, 0xE3, 0x80, 0x00, 0x00, 0xE0, 0xFC, 0x1F, 0x83, 0xF0, 0x7E, 0x0F, 0xC1, 0xF8, 0x3F,
    0x07, 0xE0, 0xFC, 0x1F, 0x83, 0xB8, 0x77, 0xFE, 0x3F, 0xC0, 0x04, 0x00, 0x38, 0x00, 0x70, 0x0E,
    0xDC, 0x38, 0x70, 0x00, 0x00, 0x00, 0x38, 0x07, 0xE0, 0x1F, 0x80, 0x7E, 0x01, 0xF8, 0x07, 0xE0,
    0x1F, 0x80, 0x7E, 0x01, 0xF8, 0x07, 0xE0, 0x1F, 0x80, 0x7E, 0x01, 0xF8, 0x07, 0xE0, 0x1D, 0xC0,
    0xE7, 0x87, 0x8F, 0xFC, 0x0F, 0xC0, 0x18, 0x07, 0x00, 0x70, 0x07, 0x07, 0x5C, 0xE3, 0x80, 0x00,
    0x00, 0xE0, 0xFC, 0x1F, 0x83, 0xF0, 0x7E, 0x0F, 0xC1, 0xF8, 0x3F, 0x07, 0xE0, 0xFC, 0x1F, 0x83,
    0xB8, 0x77, 0xFE, 0x3F, 0xC0, 0x7F, 0x07, 0xFC, 0x41, 0xE0, 0x0E, 0x00, 0xF0, 0x07, 0xFF, 0xFF,
    0xFF, 0xE0, 0x7E, 0x0F, 0xF0, 0xE7, 0x1E, 0x3F, 0xC1, 0xF0, 0x07, 0xE0, 0x03, 0xF0, 0x00, 0x00,
    0x01, 0xCE, 0x00, 0xE7, 0x00, 0x00, 0x00, 0x00, 0x00, 0x07, 0x80, 0x03, 0xC0, 0x03, 0xF0, 0x01,
    0xF8, 0x00, 0xFE, 0x00, 0xE7, 0x00, 0x73, 0x80, 0x71, 0xE0, 0x38, 0x70, 0x1C, 0x38, 0x1C, 0x1E,
    0x0F, 0xFF, 0x0F, 0xFF, 0xC7, 0x00, 0xE3, 0x80, 0x73, 0xC0, 0x3D, 0xC0, 0x0E, 0xE0, 0x07, 0x00,
    0x1F, 0x83, 0xF0, 0x00, 0x00, 0x03, 0x9C, 0x73, 0x80, 0x00, 0x00, 0x7F, 0x07, 0xF8, 0x07, 0x00,
    0x70, 0x0E, 0x3F, 0xDF, 0xFF, 0x87, 0xE0, 0xFC, 0x1F, 0x83, 0xF8, 0x77, 0xFE, 0x7F, 0xC0, 0x07,
    0xE0, 0x07, 0xE0, 0x00, 0x00, 0x01, 0xC0, 0x01, 0xC0, 0x00, 0x00, 0x00, 0x00, 0x01, 0xC0, 0x03,
    0xE0, 0x03, 0xE0, 0x07, 0xE0, 0x07, 0xF0, 0x06, 0x70, 0x0E, 0x78, 0x0E, 0x38, 0x1C, 0x38, 0x1C,
    0x3C, 0x1C, 0x1C, 0x3F, 0xFC, 0x3F, 0xFE, 0x70, 0x0E, 0x70, 0x0E, 0x70, 0x0E, 0xF0, 0x0F, 0xE0,
    0x07, 0x1F, 0x83, 0xF0, 0x00, 0x00, 0x00, 0xE0, 0x1C, 0x00, 0x00, 0x00, 0x3F, 0x07, 0xF8, 0x07,
    0x00, 0x70, 0x0E, 0x3F, 0xDF, 0xFF, 0x87, 0xE0, 0xFC, 0x1F, 0x83, 0xF8, 0x77, 0xFE, 0x7F, 0xC0,
    0x00, 0x1F, 0xE0, 0x00, 0x1F, 0xE0, 0x00, 0x00, 0x00, 0x00, 0x00, 0x00, 0x00, 0x00, 0x00, 0x00,
    0x3F, 0xFE, 0x00, 0x3F, 0xFE, 0x00, 0x7E, 0x00, 0x00, 0x6E, 0x00, 0x00, 0xEE, 0x00, 0x01, 0xCE,
    0x00, 0x01, 0xCE, 0x00, 0x03, 0x8E, 0x00, 0x07, 0x8F, 0xFC, 0x07, 0x0F, 0xFC, 0x0F, 0x0E, 0x00,
    0x0F, 0xFE, 0x00, 0x1F, 0xFE, 0x00, 0x1C, 0x0E, 0x00, 0x38, 0x0E, 0x00, 0x38, 0x0E, 0x00, 0x70,
    0x0F, 0xFF, 0xF0, 0x0F, 0xFF, 0x03, 0xFC, 0x00, 0x7F, 0x80, 0x00, 0x00, 0x00, 0x00, 0x00, 0x00,
    0x00, 0xFF, 0x3E, 0x1F, 0xFF, 0xE0, 0x0F, 0xCE, 0x00, 0xF0, 0xE0, 0x1E, 0x1C, 0x03, 0x83, 0x8F,
    0xFF, 0xF7, 0xFF, 0xFF, 0xE1, 0xC0, 0x38, 0x3C, 0x07, 0x03, 0x80, 0xF0, 0x78, 0x4F, 0xFF, 0xF8,
    0xFE, 0x7F, 0x00, 0x07, 0xF8, 0x1F, 0xFC, 0x3C, 0x18, 0x38, 0x00, 0x70, 0x00, 0x70, 0x00, 0xE0,
    0x00, 0xE0, 0x00, 0xE0, 0x1C, 0xE0, 0x1C, 0xE0, 0xFF, 0xE0, 0xFF, 0xF0, 0x1C, 0x70, 0x1C, 0x78,
    0x1C, 0x3C, 0x1C, 0x1F, 0xFC, 0x07, 0xFC, 0x0F, 0xF1, 0xFF, 0x9E, 0x1C, 0xE0, 0xEE, 0x07, 0x70,
    0x3B, 0x8F, 0xFC, 0x7F, 0xE0, 0x77, 0x83, 0x9E, 0x1C, 0x7F, 0xE1, 0xFF, 0x00, 0x38, 0x01, 0xC0,
    0x1E, 0x40, 0xE3, 0xFE, 0x1F, 0xE0, 0x04, 0x20, 0x1D, 0xC0, 0x3E, 0x00, 0x70, 0x00, 0x80, 0x00,
    0x00, 0x7F, 0x87, 0xFF, 0x3C, 0x18, 0xE0, 0x07, 0x00, 0x1C, 0x00, 0xE0, 0x03, 0x80, 0x0E, 0x00,
    0x38, 0x07, 0xE0, 0x1F, 0x80, 0x7F, 0x01, 0xDC, 0x07, 0x78, 0x1C, 0xF0, 0x71, 0xFF, 0xC1, 0xFF,
    0x18, 0xC1, 0xDC, 0x0F, 0x80, 0x70, 0x02, 0x00, 0x00, 0x0F, 0xF3, 0xFF, 0x78, 0x77, 0x07, 0xE0,
    0x7E, 0x07, 0xE0, 0x7E, 0x07, 0xE0, 0x7F, 0x07, 0x78, 0xF3, 0xFF, 0x1F, 0xF0, 0x07, 0x00, 0x70,
    0x0F, 0x40, 0xE7, 0xFC, 0x7F, 0x00, 0x18, 0x80, 0x7E, 0x00, 0xF0, 0x01, 0x80, 0x00, 0x00, 0x00,
    0x0E, 0x07, 0xB8, 0x3C, 0xE1, 0xE3, 0x87, 0x0E, 0x3C, 0x39, 0xE0, 0xEF, 0x03, 0xF8, 0x0F, 0xC0,
    0x3F, 0x80, 0xEF, 0x03, 0x9E, 0x0E, 0x3C, 0x38, 0x78, 0xE0, 0xF3, 0x83, 0xCE, 0x07, 0xB8, 0x0F,
    0x40, 0x03, 0x70, 0x1F, 0x00, 0x30, 0x00, 0x00, 0x08, 0x01, 0xC0, 0x0E, 0x00, 0x70, 0x03, 0x80,
    0x1C, 0x00, 0xE0, 0x07, 0x0F, 0x38, 0xF1, 0xC7, 0x0E, 0x70, 0x77, 0x03, 0xF0, 0x1F, 0x80, 0xFE,
    0x07, 0x78, 0x39, 0xE1, 0xC7, 0x0E, 0x3C, 0x70, 0xF3, 0x83, 0x80, 0x07, 0xF0, 0x0F, 0xFE, 0x0F,
    0x07, 0x87, 0x01, 0xC7, 0x00, 0x73, 0x80, 0x3B, 0x80, 0x0F, 0xC0, 0x07, 0xE0, 0x03, 0xF0, 0x01,
    0xF8, 0x00, 0xFC, 0x00, 0x77, 0x00, 0x7B, 0x80, 0x39, 0xE0, 0x3C, 0x78, 0x3C, 0x1F, 0xFC, 0x03,
    0xFC, 0x00, 0x38, 0x00, 0x38, 0x00, 0x1C, 0x00, 0x0F, 0x80, 0x03, 0xC0, 0x0F, 0x81, 0xFF, 0x1E,
    0x3C, 0xE0, 0xEE, 0x03, 0xF0, 0x1F, 0x80, 0xFC, 0x07, 0xE0, 0x3F, 0x83, 0xDE, 0x3C, 0x7F, 0xC1,
    0xFC, 0x01, 0x80, 0x18, 0x01, 0xC0, 0x0F, 0x80, 0x3E, 0x00, 0x0F, 0xF0, 0x07, 0xF8, 0x00, 0x00,
    0x00, 0x00, 0x00, 0x00, 0x00, 0x3F, 0x80, 0x7F, 0xF0, 0x78, 0x3C, 0x38, 0x0E, 0x38, 0x03, 0x9C,
    0x01, 0xDC, 0x00, 0x7E, 0x00, 0x3F, 0x00, 0x1F, 0x80, 0x0F, 0xC0, 0x07, 0xE0, 0x03, 0xB8, 0x03,
    0xDC, 0x01, 0xCF, 0x01, 0xE3, 0xC1, 0xE0, 0xFF, 0xE0, 0x1F, 0xE0, 0x01, 0xC0, 0x01, 0xC0, 0x00,
    0xE0, 0x00, 0x7C, 0x00, 0x1E, 0x00, 0x3F, 0xC1, 0xFE, 0x00, 0x00, 0x00, 0x00, 0x00, 0x07, 0xC0,
    0xFF, 0x8F, 0x1E, 0x70, 0x77, 0x01, 0xF8, 0x0F, 0xC0, 0x7E, 0x03, 0xF0, 0x1F, 0xC1, 0xEF, 0x1E,
    0x3F, 0xE0, 0xFE, 0x00, 0xC0, 0x0C, 0x00, 0xE0, 0x07, 0xC0, 0x1F, 0x00, 0x08, 0xC0, 0x7E, 0x01,
    0xE0, 0x06, 0x00, 0x00, 0x00, 0x01, 0xFF, 0xEF, 0xFF, 0x00, 0xF0, 0x07, 0x00, 0x70, 0x07, 0x80,
    0x78, 0x07, 0xC0, 0x3F, 0x81, 0xFE, 0x00, 0x78, 0x01, 0xC0, 0x0E, 0x00, 0x70, 0x03, 0xB0, 0x3B,
    0xFF, 0x87, 0xF0, 0x10, 0x01, 0x9C, 0x1F, 0x80, 0xF0, 0x06, 0x00, 0x00, 0x00, 0x07, 0xFE, 0x7F,
    0xE0, 0x1E, 0x01, 0xC0, 0x38, 0x07, 0x80, 0x70, 0x0E, 0x00, 0xFC, 0x0F, 0xE0, 0x1E, 0x00, 0xF0,
    0x07, 0x00, 0x70, 0x07, 0x00, 0xF4, 0x1E, 0x7F, 0xC7, 0xF8, 0x00, 0x18, 0xC7, 0xC1, 0xC0, 0x40,
    0x00, 0x00, 0x1C, 0x0E, 0x07, 0x03, 0x81, 0xC0, 0xE0, 0x70, 0x38, 0x1C, 0x0E, 0x07, 0x03, 0x81,
    0xC0, 0xE0, 0x70, 0x38, 0x3C, 0x7C, 0x7C, 0x00, 0xFF, 0x80, 0x7F, 0xFF, 0xFF, 0x03, 0xFF, 0xF8,
    0x3E, 0x00, 0x1D, 0xC0, 0x70, 0x01, 0xEE, 0x01, 0xC0, 0x1E, 0x70, 0x0E, 0x00, 0xE3, 0x80, 0x38,
    0x0F, 0x1C, 0x01, 0xC0, 0xF0, 0xE0, 0x0E, 0x07, 0x07, 0x00, 0x70, 0x78, 0x38, 0x03, 0x87, 0x81,
    0xC0, 0x1C, 0x3C, 0x0E, 0x01, 0xC3, 0xC0, 0x70, 0x0E, 0x1E, 0x03, 0x80, 0xE1, 0xE0, 0x1C, 0x1F,
    0x1F, 0x00, 0xFF, 0xE0, 0xFF, 0xFF, 0xFC, 0x07, 0xFF, 0xC0, 0xFF, 0x80, 0x00, 0x1F, 0xFC, 0x00,
    0x03, 0x83, 0xE0, 0x00, 0x70, 0x1C, 0x00, 0x0E, 0x01, 0xC7, 0xFF, 0xC0, 0x38, 0xFF, 0xF8, 0x03,
    0x80, 0x77, 0x00, 0x70, 0x1E, 0xE0, 0x0E, 0x07, 0x9C, 0x01, 0xC0, 0xE3, 0x80, 0x38, 0x3C, 0x70,
    0x07, 0x07, 0x0E, 0x01, 0xC1, 0xC1, 0xC0, 0x38, 0x78, 0x38, 0x0E, 0x0E, 0x07, 0x07, 0xC3, 0xC0,
    0xFF, 0xE0, 0x7F, 0xFF, 0xF0, 0x0F, 0xFC, 0x00, 0x70, 0x00, 0x00, 0x38, 0x00, 0x00, 0x1C, 0x00,
    0x00, 0x0E, 0x00, 0x00, 0x07, 0x00, 0x00, 0x03, 0x80, 0x00, 0x7F, 0xC7, 0xFE, 0x7F, 0xE3, 0xFF,
    0x78, 0xF0, 0x07, 0xB8, 0x38, 0x07, 0xB8, 0x1C, 0x07, 0x9C, 0x0E, 0x03, 0x8E, 0x07, 0x03, 0xC7,
    0x03, 0x81, 0xC3, 0x81, 0xC1, 0xC1, 0xC0, 0xE1, 0xE0, 0x70, 0x70, 0xE0, 0x3C, 0x38, 0xF0, 0x0F,
    0xFC, 0x7F, 0xE1, 0xFE, 0x3F, 0xF0, 0x00, 0x40, 0x01, 0x80, 0x0E, 0x00, 0x70, 0x03, 0x80, 0x04,
    0x00, 0x00, 0x01, 0xFE, 0x1F, 0xFC, 0xF0, 0x63, 0x80, 0x1C, 0x00, 0x70, 0x03, 0x80, 0x0E, 0x00,
    0x38, 0x00, 0xE0, 0x1F, 0x80, 0x7E, 0x01, 0xFC, 0x07, 0x70, 0x1D, 0xE0, 0x73, 0xC1, 0xC7, 0xFF,
    0x07, 0xFC, 0x00, 0x80, 0x1C, 0x03, 0xC0, 0x78, 0x07, 0x00, 0x20, 0x00, 0x00, 0xFF, 0x3F, 0xF7,
    0x87, 0x70, 0x7E, 0x07, 0xE0, 0x7E, 0x07, 0xE0, 0x7E, 0x07, 0xF0, 0x77, 0x8F, 0x3F, 0xF1, 0xFF,
    0x00, 0x70, 0x07, 0x00, 0xF4, 0x0E, 0x7F, 0xC7, 0xF0, 0xE0, 0x1C, 0x01, 0xC0, 0x38, 0x03, 0x80,
    0x70, 0x07, 0x00, 0xE0, 0x0E, 0x01, 0xC0, 0xFC, 0x03, 0x81, 0xF8, 0x07, 0x03, 0xFF, 0xFE, 0x07,
    0xFF, 0xFC, 0x0F, 0xC0, 0x38, 0x1F, 0x80, 0x70, 0x3F, 0x00, 0xE0, 0x7E, 0x01, 0xC0, 0xFC, 0x03,
    0x81, 0xF8, 0x07, 0x03, 0xF0, 0x07, 0x0E, 0xE0, 0x07, 0xF9, 0xC0, 0x07, 0xE0, 0x3F, 0x87, 0xFF,
    0x38, 0x3D, 0xC0, 0xEE, 0x03, 0xF0, 0x1F, 0x80, 0xFC, 0x07, 0xE0, 0x3F, 0x03, 0xF8, 0x1D, 0xC1,
    0xEE, 0x1E, 0x73, 0xE3, 0xBE, 0x1F, 0xE0, 0xFC, 0x07, 0x80, 0x38, 0x01, 0xC0, 0x0E, 0x00, 0x70,
    0x03, 0x80, 0x00, 0x0C, 0x00, 0x78, 0x00, 0xE0, 0x01, 0xC0, 0x03, 0x80, 0x04, 0x00, 0x00, 0x38,
    0x07, 0xF0, 0x1F, 0xE0, 0x7F, 0x81, 0xFF, 0x07, 0xFE, 0x1F, 0xB8, 0x7E, 0x71, 0xF9, 0xE7, 0xE3,
    0x9F, 0x87, 0x7E, 0x1F, 0xF8, 0x3F, 0xE0, 0x7F, 0x81, 0xFE, 0x03, 0xF8, 0x07, 0xE0, 0x1C, 0x10,
    0x07, 0x00, 0x70, 0x07, 0x00, 0x60, 0x00, 0x00, 0x07, 0xF8, 0xFF, 0xDC, 0x3B, 0x83, 0xF0, 0x7E,
    0x0F, 0xC1, 0xF8, 0x3F, 0x07, 0xE0, 0xFC, 0x1F, 0x83, 0xF0, 0x7E, 0x0E, 0x00, 0x00, 0x00, 0x70,
    0x00, 0xF0, 0x00, 0x60, 0x00, 0x1C, 0x00, 0x11, 0x00, 0x08, 0x80, 0x07, 0xC0, 0x03, 0xE0, 0x01,
    0xF0, 0x00, 0xDC, 0x00, 0xEE, 0x00, 0x77, 0x00, 0x71, 0xC0, 0x38, 0xE0, 0x38, 0x78, 0x1C, 0x1C,
    0x0E, 0x0E, 0x0F, 0xFF, 0x87, 0xFF, 0xC3, 0x80, 0xE3, 0x80, 0x39, 0xC0, 0x1C, 0xE0, 0x0E, 0xF0,
    0x07, 0x80, 0x01, 0x00, 0xE0, 0x38, 0x00, 0x00, 0x60, 0x12, 0x02, 0x40, 0x30, 0x00, 0x00, 0x01,
    0xFC, 0x3F, 0xE0, 0x1C, 0x01, 0xC0, 0x38, 0xFF, 0x7F, 0xFE, 0x1F, 0x83, 0xF0, 0x7E, 0x0F, 0xE1,
    0xDF, 0xF9, 0xFF, 0x00, 0x01, 0x80, 0x00, 0x03, 0x80, 0x00, 0x0E, 0x00, 0x00, 0x38, 0x00, 0x00,
    0x60, 0x00, 0x00, 0x00, 0x00, 0x00, 0x00, 0x00, 0x1F, 0xFF, 0x00, 0x3F, 0xFE, 0x00, 0xFC, 0x00,
    0x03, 0xB8, 0x00, 0x07, 0x70, 0x00, 0x1C, 0xE0, 0x00, 0x39, 0xC0, 0x00, 0xE3, 0x80, 0x03, 0x87,
    0xFE, 0x07, 0x0F, 0xFC, 0x1C, 0x1C, 0x00, 0x3F, 0xF8, 0x00, 0xFF, 0xF0, 0x01, 0xC0, 0xE0, 0x07,
    0x01, 0xC0, 0x1E, 0x03, 0x80, 0x38, 0x07, 0xFF, 0xF0, 0x0F, 0xFE, 0x00, 0x10, 0x00, 0x07, 0x00,
    0x01, 0xE0, 0x00, 0x78, 0x00, 0x0E, 0x00, 0x00, 0x80, 0x00, 0x00, 0x03, 0xF8, 0xF8, 0x7F, 0xFF,
    0x80, 0x3E, 0x38, 0x07, 0x87, 0x80, 0x70, 0x70, 0x0E, 0x0E, 0x7F, 0xFF, 0xDF, 0xFF, 0xFF, 0x87,
    0x00, 0xE0, 0xE0, 0x1C, 0x1C, 0x03, 0xC3, 0xC1, 0x3F, 0xFF, 0xE3, 0xF9, 0xFC, 0x00, 0x00, 0x00,
    0x18, 0x00, 0x1C, 0x00, 0x1C, 0x00, 0x1C, 0x00, 0x0C, 0x00, 0x00, 0x00, 0x00, 0x00, 0x03, 0xF3,
    0x07, 0xFF, 0x8F, 0x07, 0x87, 0x03, 0xE7, 0x03, 0xF3, 0x81, 0xFF, 0x81, 0xCF, 0xC1, 0xC7, 0xE1,
    0xC3, 0xF0, 0xE1, 0xF8, 0xE0, 0xFC, 0xE0, 0x7F, 0xE0, 0x73, 0xF0, 0x39, 0xF0, 0x38, 0x78, 0x3C,
    0x7F, 0xF8, 0x73, 0xF8, 0x00, 0x00, 0x00, 0x00, 0x00, 0x0C, 0x00, 0xF0, 0x0F, 0x00, 0xF0, 0x03,
    0x00, 0x00, 0x00, 0x00, 0x0F, 0xF9, 0xFF, 0x9E, 0x3C, 0xE1, 0xEE, 0x1F, 0xF1, 0xDF, 0x8C, 0xFC,
    0xC7, 0xEE, 0x3F, 0xE1, 0xDE, 0x1C, 0xF1, 0xE7, 0xFE, 0x7F, 0xC0, 0x00, 0x00, 0x00, 0x00, 0x0C,
    0x60, 0x07, 0x38, 0x01, 0xCC, 0x00, 0x73, 0x00, 0x11, 0x00, 0x00, 0x00, 0x03, 0x80, 0x03, 0xE0,
    0x01, 0xF0, 0x00, 0xDC, 0x00, 0xEE, 0x00, 0x77, 0x00, 0x71, 0xC0, 0x38, 0xE0, 0x18, 0x78, 0x1C,
    0x1C, 0x0E, 0x0E, 0x0F, 0xFF, 0x87, 0xFF, 0xC3, 0x80, 0xE3, 0x80, 0x39, 0xC0, 0x1C, 0xE0, 0x0E,
    0xF0, 0x07, 0x80, 0x02, 0x0C, 0xC3, 0x9C, 0x39, 0xC3, 0x98, 0x21, 0x00, 0x03, 0xF8, 0x7F, 0xC0,
    0x38, 0x03, 0x80, 0x71, 0xFE, 0xFF, 0xFC, 0x3F, 0x07, 0xE0, 0xFC, 0x1F, 0xC3, 0xBF, 0xF3, 0xFE,
    0x01, 0xE0, 0x01, 0xF8, 0x01, 0x8C, 0x00, 0xC6, 0x00, 0x00, 0x00, 0x00, 0x00, 0x07, 0x80, 0x03,
    0xC0, 0x03, 0xE0, 0x01, 0xF8, 0x01, 0xDC, 0x00, 0xE7, 0x00, 0x63, 0x80, 0x71, 0xE0, 0x38, 0x70,
    0x38, 0x38, 0x1C, 0x1E, 0x0F, 0xFF, 0x0F, 0xFF, 0x87, 0x00, 0xE3, 0x80, 0x73, 0x80, 0x39, 0xC0,
    0x1E, 0xE0, 0x07, 0x0F, 0x03, 0xF0, 0xE7, 0x18, 0x60, 0x00, 0x00, 0x1F, 0xC3, 0xFE, 0x01, 0xC0,
    0x1C, 0x03, 0x8F, 0xF7, 0xFF, 0xE1, 0xF8, 0x3F, 0x07, 0xE0, 0xFE, 0x1D, 0xFF, 0x9F, 0xF0, 0x02,
    0x06, 0x60, 0x67, 0x07, 0x38, 0x39, 0xC1, 0x08, 0x00, 0x0F, 0xFE, 0xFF, 0xEE, 0x00, 0xE0, 0x0E,
    0x00, 0xE0, 0x0E, 0x00, 0xE0, 0x0F, 0xFE, 0xFF, 0xEE, 0x00, 0xE0, 0x0E, 0x00, 0xE0, 0x0E, 0x00,
    0xE0, 0x0F, 0xFF, 0xFF, 0xF0, 0x00, 0x06, 0x30, 0x73, 0x03, 0x38, 0x19, 0xC1, 0x08, 0x00, 0x00,
    0xF8, 0x3F, 0xC7, 0x8E, 0x70, 0xEF, 0x07, 0xE0, 0x7F, 0xFF, 0xFF, 0xFE, 0x00, 0xE0, 0x07, 0x00,
    0x78, 0x23, 0xFE, 0x0F, 0xE0, 0x0F, 0x01, 0xF8, 0x31, 0x83, 0x18, 0x00, 0x00, 0x00, 0xFF, 0xEF,
    0xFE, 0xE0, 0x0E, 0x00, 0xE0, 0x0E, 0x00, 0xE0, 0x0E, 0x00, 0xFF, 0xEF, 0xFE, 0xE0, 0x0E, 0x00,
    0xE0, 0x0E, 0x00, 0xE0, 0x0E, 0x00, 0xFF, 0xFF, 0xFF, 0x07, 0x00, 0xF8, 0x18, 0xC1, 0x8C, 0x00,
    0x00, 0x00, 0x0F, 0x81, 0xFC, 0x38, 0xE7, 0x07, 0x70, 0x77, 0x07, 0x7F, 0xFF, 0xFF, 0x70, 0x07,
    0x00, 0x70, 0x03, 0x82, 0x1F, 0xE0, 0xFE, 0x40, 0x63, 0x39, 0xCE, 0x63, 0x38, 0x88, 0x00, 0x1C,
    0x0E, 0x07, 0x03, 0x81, 0xC0, 0xE0, 0x70, 0x38, 0x1C, 0x0E, 0x07, 0x03, 0x81, 0xC0, 0xE0, 0x70,
    0x38, 0x1C, 0x0E, 0x00, 0x02, 0x19, 0xC7, 0x30, 0xE6, 0x19, 0xC0, 0x00, 0x00, 0x1C, 0x07, 0x01,
    0xC0, 0x70, 0x1C, 0x07, 0x01, 0xC0, 0x70, 0x1C, 0x07, 0x01, 0xC0, 0x70, 0x1C, 0x07, 0x00, 0x3C,
    0x7E, 0xC6, 0xC6, 0x00, 0x00, 0x38, 0x38, 0x38, 0x38, 0x38, 0x38, 0x38, 0x38, 0x38, 0x38, 0x38,
    0x38, 0x38, 0x38, 0x38, 0x38, 0x38, 0x38, 0x3C, 0x7E, 0xC6, 0xC2, 0x00, 0x00, 0x1C, 0x1C, 0x1C,
    0x1C, 0x1C, 0x1C, 0x1C, 0x1C, 0x1C, 0x1C, 0x1C, 0x1C, 0x1C, 0x1C, 0x18, 0xC0, 0x0E, 0xF0, 0x07,
    0x38, 0x01, 0xCE, 0x00, 0x42, 0x00, 0x00, 0x00, 0x1F, 0xC0, 0x3F, 0xF8, 0x3C, 0x1E, 0x1C, 0x07,
    0x1C, 0x01, 0xCE, 0x00, 0xEE, 0x00, 0x3F, 0x00, 0x1F, 0x80, 0x0F, 0xC0, 0x07, 0xE0, 0x03, 0xF0,
    0x01, 0xFC, 0x01, 0xCE, 0x00, 0xE7, 0x80, 0xE1, 0xE0, 0xF0, 0x7F, 0xF0, 0x0F, 0xE0, 0x00, 0x03,
    0x18, 0x1C, 0xE0, 0x73, 0x81, 0x8C, 0x00, 0x00, 0x00, 0x01, 0xF0, 0x3F, 0xE3, 0xC7, 0x9C, 0x1D,
    0xC0, 0x7E, 0x03, 0xF0, 0x1F, 0x80, 0xFC, 0x07, 0xE0, 0x3B, 0x83, 0x9E, 0x3C, 0x7F, 0xC0, 0xF8,
    0x00, 0x01, 0xE0, 0x01, 0xF8, 0x01, 0xCC, 0x00, 0xC6, 0x00, 0x00, 0x00, 0x00, 0x00, 0x1F, 0xC0,
    0x3F, 0xF8, 0x3C, 0x1E, 0x1C, 0x07, 0x1C, 0x01, 0xCE, 0x00, 0xEE, 0x00, 0x3F, 0x00, 0x1F, 0x80,
    0x0F, 0xC0, 0x07, 0xE0, 0x03, 0xF0, 0x01, 0xFC, 0x01, 0xCE, 0x00, 0xE7, 0x80, 0xE1, 0xE0, 0xF0,
    0x7F, 0xF0, 0x0F, 0xE0, 0x07, 0x80, 0x7E, 0x06, 0x30, 0x31, 0x80, 0x00, 0x00, 0x00, 0x3E, 0x07,
    0xFC, 0x78, 0xF3, 0x83, 0xB8, 0x0F, 0xC0, 0x7E, 0x03, 0xF0, 0x1F, 0x80, 0xFC, 0x07, 0x70, 0x73,
    0xC7, 0x8F, 0xF8, 0x1F, 0x00, 0x00, 0x02, 0x30, 0x39, 0xC0, 0xE6, 0x03, 0x38, 0x08, 0x80, 0x00,
    0x1F, 0xE0, 0xFF, 0xC7, 0x0F, 0x38, 0x1D, 0xC0, 0xEE, 0x07, 0x70, 0x3B, 0x81, 0xDC, 0x3C, 0xFF,
    0xC7, 0xFC, 0x38, 0xF1, 0xC3, 0x8E, 0x1E, 0x70, 0x73, 0x83, 0xDC, 0x0E, 0xE0, 0x78, 0x02, 0x19,
    0x86, 0x71, 0xCE, 0x39, 0x84, 0x00, 0x00, 0x7F, 0x3F, 0xCE, 0x03, 0x80, 0xE0, 0x38, 0x0E, 0x03,
    0x80, 0xE0, 0x38, 0x0E, 0x03, 0x80, 0xE0, 0x38, 0x00, 0x0E, 0x00, 0xF8, 0x0C, 0x60, 0x63, 0x00,
    0x00, 0x00, 0x03, 0xFC, 0x1F, 0xF8, 0xE1, 0xE7, 0x03, 0xB8, 0x1D, 0xC0, 0xEE, 0x07, 0x70, 0x3B,
    0x87, 0x9F, 0xF8, 0xFF, 0x87, 0x1E, 0x38, 0x71, 0xC3, 0xCE, 0x0E, 0x70, 0x7B, 0x81, 0xDC, 0x0F,
    0x3C, 0x7E, 0xE6, 0xC6, 0x00, 0x00, 0x7F, 0xFF, 0xE0, 0xE0, 0xE0, 0xE0, 0xE0, 0xE0, 0xE0, 0xE0,
    0xE0, 0xE0, 0xE0, 0xE0, 0x01, 0x00, 0xCC, 0x07, 0x38, 0x0E, 0x70, 0x1C, 0xE0, 0x21, 0x00, 0x00,
    0x38, 0x07, 0xE0, 0x1F, 0x80, 0x7E, 0x01, 0xF8, 0x07, 0xE0, 0x1F, 0x80, 0x7E, 0x01, 0xF8, 0x07,
    0xE0, 0x1F, 0x80, 0x7E, 0x01, 0xF8, 0x07, 0xE0, 0x1D, 0xC0, 0xE7, 0x87, 0x8F, 0xFC, 0x0F, 0xC0,
    0x42, 0x1C, 0xC1, 0x9C, 0x39, 0xC3, 0x98, 0x00, 0x00, 0x07, 0x07, 0xE0, 0xFC, 0x1F, 0x83, 0xF0,
    0x7E, 0x0F, 0xC1, 0xF8, 0x3F, 0x07, 0xE0, 0xFC, 0x1D, 0xC3, 0xBF, 0xF1, 0xFE, 0x07, 0x80, 0x3F,
    0x01, 0xCE, 0x06, 0x18, 0x00, 0x00, 0x00, 0x0E, 0x01, 0xF8, 0x07, 0xE0, 0x1F, 0x80, 0x7E, 0x01,
    0xF8, 0x07, 0xE0, 0x1F, 0x80, 0x7E, 0x01, 0xF8, 0x07, 0xE0, 0x1F, 0x80, 0x7E, 0x01, 0xF8, 0x07,
    0x70, 0x39, 0xE1, 0xE3, 0xFF, 0x03, 0xF0, 0x0F, 0x03, 0xF0, 0xC6, 0x18, 0xC0, 0x00, 0x00, 0x38,
    0x3F, 0x07, 0xE0, 0xFC, 0x1F, 0x83, 0xF0, 0x7E, 0x0F, 0xC1, 0xF8, 0x3F, 0x07, 0xE0, 0xEE, 0x1D,
    0xFF, 0x8F, 0xF0, 0x1F, 0xC3, 0xFE, 0x70, 0x6E, 0x00, 0xE0, 0x0F, 0x00, 0xF8, 0x07, 0xF0, 0x7F,
    0xC1, 0xFE, 0x07, 0xF0, 0x0F, 0x00, 0x70, 0x07, 0x00, 0x7C, 0x0E, 0xFF, 0xE7, 0xF8, 0x00, 0x00,
    0xE0, 0x0E, 0x01, 0xE0, 0x1C, 0x00, 0x3F, 0x3F, 0xB8, 0x5C, 0x0F, 0x07, 0xC1, 0xF8, 0x7E, 0x0F,
    0x83, 0xC0, 0xF0, 0x7F, 0xF7, 0xF0, 0x00, 0x38, 0x1C, 0x1E, 0x0E, 0x00, 0xFF, 0xFF, 0xFF, 0xF0,
    0x70, 0x01, 0xC0, 0x07, 0x00, 0x1C, 0x00, 0x70, 0x01, 0xC0, 0x07, 0x00, 0x1C, 0x00, 0x70, 0x01,
    0xC0, 0x07, 0x00, 0x1C, 0x00, 0x70, 0x01, 0xC0, 0x07, 0x00, 0x1C, 0x00, 0x00, 0x01, 0xC0, 0x07,
    0x00, 0x3C, 0x00, 0xE0, 0x00, 0xE0, 0xE0, 0xE0, 0xE0, 0xFF, 0xFF, 0xE0, 0xE0, 0xE0, 0xE0, 0xE0,
    0xE0, 0xE0, 0xE0, 0xE0, 0xF1, 0x7F, 0x3F, 0x00, 0x1C, 0x1C, 0x7C, 0x78, 0x7F, 0x0F, 0xF8, 0x41,
    0xC0, 0x0E, 0x00, 0xE0, 0x0E, 0x00, 0xE0, 0x1E, 0x03, 0xC3, 0xF8, 0x3F, 0xC0, 0x3E, 0x00, 0xE0,
    0x07, 0x00, 0x70, 0x07, 0x00, 0x70, 0x07, 0x00, 0xE0, 0x1E, 0x03, 0xCF, 0xF8, 0xFC, 0x00, 0x7E,
    0x0F, 0xF1, 0x0F, 0x00, 0xE0, 0x1C, 0x03, 0x80, 0x70, 0x3C, 0x1F, 0x03, 0xF0, 0x0F, 0x00, 0x70,
    0x0E, 0x01, 0xC0, 0x38, 0x0E, 0x07, 0xDF, 0xE3, 0xF0, 0x00, 0x08, 0x40, 0x3F, 0x00, 0x78, 0x00,
    0xC0, 0x00, 0x00, 0x00, 0x0E, 0x01, 0xF8, 0x07, 0xE0, 0x1F, 0x80, 0x7E, 0x01, 0xF8, 0x07, 0xE0,
    0x1F, 0x80, 0x7F, 0xFF, 0xFF, 0xFF, 0xE0, 0x1F, 0x80, 0x7E, 0x01, 0xF8, 0x07, 0xE0, 0x1F, 0x80,
    0x7E, 0x01, 0xF8, 0x07, 0xCC, 0x1F, 0x80, 0xE0, 0x00, 0x00, 0x01, 0xC0, 0x38, 0x07, 0x00, 0xE0,
    0x1C, 0x03, 0x80, 0x7F, 0x8F, 0xFD, 0xC3, 0xB8, 0x3F, 0x07, 0xE0, 0xFC, 0x1F, 0x83, 0xF0, 0x7E,
    0x0F, 0xC1, 0xF8, 0x3F, 0x07, 0xE0, 0xE0, 0xE1, 0xC3, 0x87, 0x1C, 0x71, 0xC7, 0x00, 0x1E, 0x1F,
    0x0C, 0xCC, 0x30, 0x79, 0xFF, 0xF3, 0xC0, 0xFF, 0xFF, 0xC3, 0xC3, 0x7E, 0x3C, 0xFF, 0x80, 0xE7,
    0xE7, 0xE7, 0x7B, 0xF8, 0xE3, 0xFD, 0xE0, 0x3B, 0x9C, 0xEE, 0x73, 0x30, 0xC3, 0x66, 0x7C, 0x3C,
    0x3C, 0x7E, 0xC6, 0xC6, 0x37, 0x76, 0xEE, 0x76, 0x6C, 0x23, 0x86, 0x3F, 0xF8, 0x63, 0x31, 0x8F,
    0xBC, 0xFF, 0xFF, 0x00, 0x08, 0x01, 0xC0, 0x1E, 0x00, 0xF0, 0x07, 0x00, 0x20, 0x00, 0x0F, 0xFE,
    0xFF, 0xEE, 0x00, 0xE0, 0x0E, 0x00, 0xE0, 0x0E, 0x00, 0xE0, 0x0F, 0xFE, 0xFF, 0xEE, 0x00, 0xE0,
    0x0E, 0x00, 0xE0, 0x0E, 0x00, 0xE0, 0x0F, 0xFF, 0xFF, 0xF0, 0x71, 0xC7, 0x1C, 0x00, 0x00, 0x00,
    0xFF, 0xEF, 0xFE, 0xE0, 0x0E, 0x00, 0xE0, 0x0E, 0x00, 0xE0, 0x0E, 0x00, 0xFF, 0xEF, 0xFE, 0xE0,
    0x0E, 0x00, 0xE0, 0x0E, 0x00, 0xE0, 0x0E, 0x00, 0xFF, 0xFF, 0xFF, 0xFF, 0xFC, 0x3F, 0xFF, 0x00,
    0x70, 0x00, 0x1C, 0x00, 0x07, 0x00, 0x01, 0xC0, 0x00, 0x70, 0x00, 0x1F, 0xF0, 0x07, 0xFF, 0x01,
    0xC1, 0xE0, 0x70, 0x3C, 0x1C, 0x07, 0x07, 0x01, 0xC1, 0xC0, 0x70, 0x70, 0x1C, 0x1C, 0x0E, 0x07,
    0x1F, 0x81, 0xC7, 0x80, 0x03, 0x00, 0xF0, 0x1C, 0x07, 0x01, 0xC0, 0x10, 0x00, 0x07, 0xFF, 0xFF,
    0xFC, 0x03, 0x80, 0x70, 0x0E, 0x01, 0xC0, 0x38, 0x07, 0x00, 0xE0, 0x1C, 0x03, 0x80, 0x70, 0x0E,
    0x01, 0xC0, 0x38, 0x07, 0x00, 0xE0, 0x00, 0x07, 0xF8, 0x7F, 0xF3, 0xC0, 0x9E, 0x00, 0x70, 0x03,
    0xC0, 0x0F, 0x00, 0x3F, 0xF8, 0xFF, 0xE3, 0x80, 0x0F, 0x00, 0x3C, 0x00, 0xF0, 0x01, 0xE0, 0x07,
    0x80, 0x0F, 0x82, 0x1F, 0xFC, 0x1F, 0xE0, 0x1F, 0xC3, 0xFE, 0x70, 0x6E, 0x00, 0xE0, 0x0F, 0x00,
    0xF8, 0x07, 0xF0, 0x7F, 0xC1, 0xFE, 0x07, 0xF0, 0x0F, 0x00, 0x70, 0x07, 0x00, 0x7C, 0x0E, 0xFF,
    0xE7, 0xF8, 0xFF, 0xFF, 0xFF, 0xFF, 0xFF, 0xFF, 0xFC, 0xE7, 0xE7, 0x00, 0x00, 0x1C, 0x1C, 0x1C,
    0x1C, 0x1C, 0x1C, 0x1C, 0x1C, 0x1C, 0x1C, 0x1C, 0x1C, 0x1C, 0x1C, 0x1C, 0x1C, 0x1C, 0x1C, 0x00,
    0xE0, 0x1C, 0x03, 0x80, 0x70, 0x0E, 0x01, 0xC0, 0x38, 0x07, 0x00, 0xE0, 0x1C, 0x03, 0x80, 0x70,
    0x0E, 0x01, 0xC0, 0x3B, 0x0E, 0x7F, 0x87, 0xE0, 0x07, 0xFF, 0x00, 0x03, 0xFF, 0x80, 0x01, 0xC1,
    0xC0, 0x00, 0xE0, 0xE0, 0x00, 0x70, 0x70, 0x00, 0x38, 0x38, 0x00, 0x1C, 0x1C, 0x00, 0x0E, 0x0F,
    0xF0, 0x07, 0x07, 0xFE, 0x07, 0x83, 0x87, 0x83, 0xC1, 0xC1, 0xE1, 0xC0, 0xE0, 0x70, 0xE0, 0x70,
    0x38, 0xF0, 0x38, 0x1C, 0xF0, 0x1C, 0x0F, 0xF0, 0x0E, 0x1E, 0xF0, 0x07, 0xFE, 0x70, 0x03, 0xFC,
    0x00, 0xE0, 0x1C, 0x01, 0xC0, 0x38, 0x03, 0x80, 0x70, 0x07, 0x00, 0xE0, 0x0E, 0x01, 0xC0, 0x1C,
    0x03, 0x80, 0x38, 0x07, 0x00, 0x7F, 0xFF, 0xF0, 0xFF, 0xFF, 0xF9, 0xC0, 0x38, 0x7B, 0x80, 0x70,
    0x7F, 0x00, 0xE0, 0x7E, 0x01, 0xC0, 0xFC, 0x03, 0x81, 0xF8, 0x07, 0x07, 0xF0, 0x0E, 0x1E, 0xE0,
    0x1F, 0xF9, 0xC0, 0x3F, 0xC0, 0xFF, 0xFC, 0x7F, 0xFE, 0x01, 0xC0, 0x00, 0xE0, 0x00, 0x70, 0x00,
    0x38, 0x00, 0x1C, 0x00, 0x0F, 0xF8, 0x07, 0xFF, 0x03, 0x83, 0x81, 0xC0, 0xE0, 0xE0, 0x70, 0x70,
    0x38, 0x38, 0x1C, 0x1C, 0x0E, 0x0E, 0x07, 0x07, 0x03, 0x83, 0x81, 0xC0, 0x00, 0x80, 0x07, 0x00,
    0x38, 0x01, 0xC0, 0x06, 0x00, 0x00, 0x00, 0x00, 0x38, 0x1E, 0xE0, 0xF3, 0x87, 0x8E, 0x1C, 0x38,
    0xF0, 0xE7, 0x83, 0xBC, 0x0F, 0xE0, 0x3F, 0x00, 0xFE, 0x03, 0xBC, 0x0E, 0x78, 0x38, 0xF0, 0xE1,
    0xE3, 0x83, 0xCE, 0x0F, 0x38, 0x1E, 0xE0, 0x3C, 0x04, 0x00, 0x38, 0x00, 0xF0, 0x01, 0xC0, 0x03,
    0x80, 0x04, 0x00, 0x00, 0x38, 0x07, 0xE0, 0x3F, 0x81, 0xFE, 0x07, 0xF8, 0x3F, 0xE1, 0xFF, 0x87,
    0x7E, 0x39, 0xF9, 0xC7, 0xEF, 0x1F, 0xB8, 0x7F, 0xE1, 0xFF, 0x07, 0xF8, 0x1F, 0xE0, 0x7F, 0x01,
    0xF8, 0x07, 0xE0, 0x1C, 0x08, 0x40, 0x73, 0x80, 0xFE, 0x01, 0xE0, 0x00, 0x00, 0x00, 0x0E, 0x01,
    0xFC, 0x0F, 0x70, 0x39, 0xC0, 0xE7, 0x83, 0x8E, 0x1C, 0x3C, 0x70, 0x71, 0xC1, 0xEE, 0x03, 0xB8,
    0x0F, 0xC0, 0x1F, 0x00, 0x7C, 0x00, 0xE0, 0x03, 0x00, 0x1C, 0x0F, 0xE0, 0x3E, 0x00, 0xE0, 0x1F,
    0x80, 0x7E, 0x01, 0xF8, 0x07, 0xE0, 0x1F, 0x80, 0x7E, 0x01, 0xF8, 0x07, 0xE0, 0x1F, 0x80, 0x7E,
    0x01, 0xF8, 0x07, 0xE0, 0x1F, 0x80, 0x7E, 0x01, 0xF8, 0x07, 0xFF, 0xFF, 0xFF, 0xF0, 0x70, 0x01,
    0xC0, 0x07, 0x00, 0x1C, 0x00, 0x70, 0x00, 0x01, 0xC0, 0x01, 0xF0, 0x00, 0xF8, 0x00, 0x6E, 0x00,
    0x77, 0x00, 0x3B, 0x80, 0x38, 0xE0, 0x1C, 0x70, 0x0C, 0x3C, 0x0E, 0x0E, 0x07, 0x07, 0x07, 0xFF,
    0xC3, 0xFF, 0xE1, 0xC0, 0x71, 0xC0, 0x1C, 0xE0, 0x0E, 0x70, 0x07, 0x78, 0x03, 0xC0, 0xFF, 0xF7,
    0xFF, 0xB8, 0x01, 0xC0, 0x0E, 0x00, 0x70, 0x03, 0x80, 0x1F, 0xF0, 0xFF, 0xE7, 0x07, 0xB8, 0x1F,
    0xC0, 0x7E, 0x03, 0xF0, 0x1F, 0x81, 0xFC, 0x1E, 0xFF, 0xE7, 0xFC, 0x00, 0xFF, 0x87, 0xFF, 0x38,
    0x3D, 0xC0, 0xEE, 0x07, 0x70, 0x3B, 0x83, 0x9F, 0xFC, 0xFF, 0xE7, 0x07, 0xB8, 0x0F, 0xC0, 0x7E,
    0x03, 0xF0, 0x1F, 0x81, 0xFC, 0x1E, 0xFF, 0xE7, 0xFC, 0x00, 0xFF, 0xFF, 0xFF, 0x80, 0x70, 0x0E,
    0x01, 0xC0, 0x38, 0x07, 0x00, 0xE0, 0x1C, 0x03, 0x80, 0x70, 0x0E, 0x01, 0xC0, 0x38, 0x07, 0x00,
    0xE0, 0x1C, 0x00, 0x07, 0xFF, 0x01, 0xFF, 0xC0, 0x70, 0x70, 0x1C, 0x1C, 0x07, 0x07, 0x01, 0xC1,
    0xC0, 0x70, 0x70, 0x1C, 0x1C, 0x07, 0x07, 0x01, 0xC1, 0xC0, 0xE0, 0x70, 0x38, 0x1C, 0x0E, 0x07,
    0x07, 0x81, 0xC1, 0xC0, 0x70, 0xF0, 0x1C, 0xFF, 0xFF, 0xFF, 0xFF, 0xFE, 0x00, 0x1F, 0x80, 0x07,
    0xE0, 0x01, 0xF8, 0x00, 0x7E, 0x00, 0x1C, 0xFF, 0xEF, 0xFE, 0xE0, 0x0E, 0x00, 0xE0, 0x0E, 0x00,
    0xE0, 0x0E, 0x00, 0xFF, 0xEF, 0xFE, 0xE0, 0x0E, 0x00, 0xE0, 0x0E, 0x00, 0xE0, 0x0E, 0x00, 0xFF,
    0xFF, 0xFF, 0x78, 0x38, 0x1C, 0xF0, 0x70, 0x78, 0xF0, 0xE1, 0xE0, 0xF1, 0xC7, 0x80, 0xF3, 0x9E,
    0x00, 0xE7, 0x38, 0x01, 0xEE, 0xF0, 0x01, 0xFF, 0xC0, 0x01, 0xFF, 0x00, 0x07, 0xFF, 0x00, 0x1E,
    0xEF, 0x00, 0x79, 0xCF, 0x00, 0xF3, 0x8E, 0x03, 0xC7, 0x1E, 0x0F, 0x0E, 0x1E, 0x1C, 0x1C, 0x1C,
    0x78, 0x38, 0x3D, 0xE0, 0x70, 0x3C, 0x3F, 0x83, 0xFF, 0x18, 0x3C, 0x00, 0xE0, 0x07, 0x00, 0x38,
    0x03, 0x83, 0xFC, 0x1F, 0xE0, 0x07, 0x80, 0x1E, 0x00, 0x70, 0x03, 0x80, 0x1C, 0x00, 0xEC, 0x1E,
    0xFF, 0xE1, 0xFC, 0x00, 0xE0, 0x1F, 0x80, 0xFE, 0x07, 0xF8, 0x1F, 0xE0, 0xFF, 0x87, 0xFE, 0x1D,
    0xF8, 0xE7, 0xE7, 0x1F, 0xBC, 0x7E, 0xE1, 0xFF, 0x87, 0xFC, 0x1F, 0xE0, 0x7F, 0x81, 0xFC, 0x07,
    0xE0, 0x1F, 0x80, 0x70, 0x08, 0x40, 0x73, 0x80, 0xFC, 0x01, 0xE0, 0x00, 0x00, 0x00, 0x0E, 0x01,
    0xF8, 0x0F, 0xE0, 0x7F, 0x81, 0xFE, 0x0F, 0xF8, 0x7F, 0xE1, 0xDF, 0x8E, 0x7E, 0x71, 0xFB, 0xC7,
    0xEE, 0x1F, 0xF8, 0x7F, 0xC1, 0xFE, 0x07, 0xF8, 0x1F, 0xC0, 0x7E, 0x01, 0xF8, 0x07, 0xE0, 0x7B,
    0x83, 0xCE, 0x1E, 0x38, 0x70, 0xE3, 0xC3, 0x9E, 0x0E, 0xF0, 0x3F, 0x80, 0xFC, 0x03, 0xF8, 0x0E,
    0xF0, 0x39, 0xE0, 0xE3, 0xC3, 0x87, 0x8E, 0x0F, 0x38, 0x3C, 0xE0, 0x7B, 0x80, 0xF0, 0x07, 0xFF,
    0x07, 0xFF, 0x07, 0x07, 0x07, 0x07, 0x07, 0x07, 0x07, 0x07, 0x07, 0x07, 0x07, 0x07, 0x07, 0x07,
    0x0F, 0x07, 0x0F, 0x07, 0x0E, 0x07, 0x0E, 0x07, 0x1E, 0x07, 0x3C, 0x07, 0xF8, 0x07, 0xF0, 0x07,
    0xE0, 0x07, 0x70, 0x03, 0x9E, 0x01, 0xE7, 0x80, 0x79, 0xF0, 0x3E, 0x7C, 0x0F, 0xBB, 0x83, 0x7E,
    0xE1, 0xDF, 0x98, 0x67, 0xE7, 0x39, 0xF9, 0xCE, 0x7E, 0x3F, 0x1F, 0x8F, 0xC7, 0xE1, 0xE1, 0xF8,
    0x78, 0x7E, 0x1E, 0x1F, 0x83, 0x07, 0xE0, 0x01, 0xF8, 0x00, 0x70, 0xE0, 0x1F, 0x80, 0x7E, 0x01,
    0xF8, 0x07, 0xE0, 0x1F, 0x80, 0x7E, 0x01, 0xF8, 0x07, 0xFF, 0xFF, 0xFF, 0xFE, 0x01, 0xF8, 0x07,
    0xE0, 0x1F, 0x80, 0x7E, 0x01, 0xF8, 0x07, 0xE0, 0x1F, 0x80, 0x70, 0x07, 0xF0, 0x0F, 0xFE, 0x0F,
    0x07, 0x87, 0x01, 0xC7, 0x00, 0x73, 0x80, 0x3B, 0x80, 0x0F, 0xC0, 0x07, 0xE0, 0x03, 0xF0, 0x01,
    0xF8, 0x00, 0xFC, 0x00, 0x7F, 0x00, 0x73, 0x80, 0x39, 0xE0, 0x38, 0x78, 0x3C, 0x1F, 0xFC, 0x03,
    0xF8, 0x00, 0xFF, 0xFF, 0xFF, 0xFE, 0x01, 0xF8, 0x07, 0xE0, 0x1F, 0x80, 0x7E, 0x01, 0xF8, 0x07,
    0xE0, 0x1F, 0x80, 0x7E, 0x01, 0xF8, 0x07, 0xE0, 0x1F, 0x80, 0x7E, 0x01, 0xF8, 0x07, 0xE0, 0x1F,
    0x80, 0x70, 0xFF, 0x87, 0xFF, 0x38, 0x3D, 0xC0, 0xFE, 0x03, 0xF0, 0x1F, 0x80, 0xFC, 0x0F, 0xE0,
    0xF7, 0xFF, 0x3F, 0xE1, 0xC0, 0x0E, 0x00, 0x70, 0x03, 0x80, 0x1C, 0x00, 0xE0, 0x07, 0x00, 0x00,
    0x07, 0xF0, 0x7F, 0xE3, 0xC1, 0x9E, 0x00, 0x70, 0x01, 0xC0, 0x0E, 0x00, 0x38, 0x00, 0xE0, 0x03,
    0x80, 0x0E, 0x00, 0x38, 0x00, 0xF0, 0x01, 0xC0, 0x07, 0x80, 0x0F, 0x06, 0x1F, 0xF8, 0x1F, 0xE0,
    0xFF, 0xFF, 0xFF, 0xF0, 0x70, 0x01, 0xC0, 0x07, 0x00, 0x1C, 0x00, 0x70, 0x01, 0xC0, 0x07, 0x00,
    0x1C, 0x00, 0x70, 0x01, 0xC0, 0x07, 0x00, 0x1C, 0x00, 0x70, 0x01, 0xC0, 0x07, 0x00, 0x1C, 0x00,
    0xE0, 0x1F, 0xC0, 0xF7, 0x03, 0x9C, 0x0E, 0x78, 0x38, 0xE1, 0xC3, 0xC7, 0x07, 0x1C, 0x1E, 0xE0,
    0x3B, 0x80, 0xFC, 0x01, 0xF0, 0x07, 0xC0, 0x0E, 0x00, 0x30, 0x01, 0xC0, 0xFE, 0x03, 0xE0, 0x00,
    0x00, 0xE0, 0x00, 0x1C, 0x00, 0x1F, 0xF0, 0x0F, 0xFF, 0x83, 0xCE, 0x78, 0xE1, 0xC3, 0xBC, 0x38,
    0x7F, 0x07, 0x07, 0xE0, 0xE0, 0xFC, 0x1C, 0x1F, 0x83, 0x83, 0xF8, 0x70, 0xF7, 0x0E, 0x1C, 0x79,
    0xCF, 0x07, 0xFF, 0xC0, 0x3F, 0xE0, 0x00, 0xE0, 0x00, 0x1C, 0x00, 0x03, 0x80, 0x00, 0x78, 0x0E,
    0x38, 0x1E, 0x3C, 0x1C, 0x1E, 0x38, 0x0E, 0x78, 0x0F, 0x70, 0x07, 0xF0, 0x03, 0xE0, 0x03, 0xC0,
    0x03, 0xE0, 0x07, 0xF0, 0x0F, 0xF0, 0x0E, 0x78, 0x1E, 0x38, 0x3C, 0x3C, 0x38, 0x1E, 0x78, 0x0E,
    0x70, 0x0F, 0xE0, 0x1C, 0xE0, 0x1C, 0xE0, 0x1C, 0xE0, 0x1C, 0xE0, 0x1C, 0xE0, 0x1C, 0xE0, 0x1C,
    0xE0, 0x1C, 0xE0, 0x1C, 0xE0, 0x1C, 0xE0, 0x1C, 0xE0, 0x1C, 0xE0, 0x1C, 0xE0, 0x1C, 0xE0, 0x1C,
    0xE0, 0x1C, 0xFF, 0xFF, 0xFF, 0xFF, 0x00, 0x07, 0x00, 0x07, 0x00, 0x07, 0x00, 0x07, 0x00, 0x07,
    0xE0, 0x3F, 0x01, 0xF8, 0x0F, 0xC0, 0x7E, 0x03, 0xF0, 0x1F, 0x80, 0xFC, 0x07, 0xF0, 0x3B, 0xC1,
    0xCF, 0xFE, 0x3F, 0xF0, 0x03, 0x80, 0x1C, 0x00, 0xE0, 0x07, 0x00, 0x38, 0x01, 0xC0, 0xE0, 0x70,
    0x3F, 0x03, 0x81, 0xF8, 0x1C, 0x0F, 0xC0, 0xE0, 0x7E, 0x07, 0x03, 0xF0, 0x38, 0x1F, 0x81, 0xC0,
    0xFC, 0x0E, 0x07, 0xE0, 0x70, 0x3F, 0x03, 0x81, 0xF8, 0x1C, 0x0F, 0xC0, 0xE0, 0x7E, 0x07, 0x03,
    0xF0, 0x38, 0x1F, 0x81, 0xC0, 0xFC, 0x0E, 0x07, 0xFF, 0xFF, 0xFF, 0xFF, 0xFF, 0xC0, 0xE0, 0x70,
    0x39, 0xC0, 0xE0, 0x73, 0x81, 0xC0, 0xE7, 0x03, 0x81, 0xCE, 0x07, 0x03, 0x9C, 0x0E, 0x07, 0x38,
    0x1C, 0x0E, 0x70, 0x38, 0x1C, 0xE0, 0x70, 0x39, 0xC0, 0xE0, 0x73, 0x81, 0xC0, 0xE7, 0x03, 0x81,
    0xCE, 0x07, 0x03, 0x9C, 0x0E, 0x07, 0x38, 0x1C, 0x0E, 0x70, 0x38, 0x1C, 0xFF, 0xFF, 0xFF, 0xFF,
    0xFF, 0xFC, 0x00, 0x00, 0x38, 0x00, 0x00, 0x70, 0x00, 0x00, 0xE0, 0x00, 0x01, 0xC0, 0x00, 0x03,
    0x80, 0xFF, 0x00, 0x3F, 0xC0, 0x00, 0x70, 0x00, 0x1C, 0x00, 0x07, 0x00, 0x01, 0xC0, 0x00, 0x70,
    0x00, 0x1F, 0xF0, 0x07, 0xFF, 0x01, 0xC1, 0xE0, 0x70, 0x3C, 0x1C, 0x07, 0x07, 0x01, 0xC1, 0xC0,
    0x70, 0x70, 0x3C, 0x1C, 0x1E, 0x07, 0xFF, 0x01, 0xFF, 0x00, 0xE0, 0x01, 0xF8, 0x00, 0x7E, 0x00,
    0x1F, 0x80, 0x07, 0xE0, 0x01, 0xF8, 0x00, 0x7E, 0x00, 0x1F, 0xFC, 0x07, 0xFF, 0xC1, 0xF8, 0x78,
    0x7E, 0x0F, 0x1F, 0x81, 0xC7, 0xE0, 0x71, 0xF8, 0x1C, 0x7E, 0x0F, 0x1F, 0x87, 0x87, 0xFF, 0xC1,
    0xFF, 0xC0, 0x70, 0xE0, 0x07, 0x00, 0x38, 0x01, 0xC0, 0x0E, 0x00, 0x70, 0x03, 0x80, 0x1F, 0xF0,
    0xFF, 0xE7, 0x07, 0xB8, 0x1F, 0xC0, 0x7E, 0x03, 0xF0, 0x1F, 0x81, 0xFC, 0x1E, 0xFF, 0xE7, 0xFC,
    0x00, 0x7F, 0x83, 0xFF, 0x84, 0x0F, 0x00, 0x1E, 0x00, 0x38, 0x00, 0xF0, 0x03, 0xC7, 0xFF, 0x1F,
    0xFC, 0x00, 0x70, 0x03, 0xC0, 0x0F, 0x00, 0x3C, 0x01, 0xE0, 0x07, 0x90, 0x7C, 0xFF, 0xE1, 0xFE,
    0x00, 0xE0, 0x0F, 0xC1, 0xC0, 0x7F, 0xE3, 0x81, 0xE1, 0xE7, 0x07, 0x81, 0xEE, 0x1E, 0x01, 0xDC,
    0x38, 0x03, 0xB8, 0x70, 0x03, 0xFF, 0xE0, 0x07, 0xFF, 0xC0, 0x0F, 0xC3, 0x80, 0x1F, 0x87, 0x00,
    0x3F, 0x0E, 0x00, 0x7E, 0x1C, 0x01, 0xDC, 0x1C, 0x03, 0xB8, 0x3C, 0x0F, 0x70, 0x3C, 0x3C, 0xE0,
    0x3F, 0xF1, 0xC0, 0x1F, 0x80, 0x07, 0xFC, 0x7F, 0xF3, 0xC1, 0xDE, 0x07, 0x70, 0x1D, 0xC0, 0x77,
    0x01, 0xDE, 0x07, 0x3C, 0x1C, 0xFF, 0xF0, 0xFF, 0xC7, 0x87, 0x1C, 0x1C, 0xF0, 0x73, 0x81, 0xDE,
    0x07, 0x70, 0x1F, 0xC0, 0x70, 0x7F, 0x0F, 0xF8, 0x07, 0x00, 0x70, 0x0E, 0x3F, 0xDF, 0xFF, 0x87,
    0xE0, 0xFC, 0x1F, 0x83, 0xF8, 0x77, 0xFE, 0x7F, 0xC0, 0x00, 0xE0, 0x7E, 0x1F, 0xE3, 0xE0, 0x38,
    0x07, 0x00, 0x60, 0x0E, 0xF8, 0xFF, 0xCF, 0x1E, 0xE0, 0xFE, 0x07, 0xE0, 0x7E, 0x07, 0xE0, 0x7E,
    0x07, 0xE0, 0x77, 0x0E, 0x79, 0xE3, 0xFC, 0x1F, 0x00, 0xFF, 0x1F, 0xFB, 0x87, 0xF0, 0x7E, 0x0F,
    0xC3, 0xFF, 0xE7, 0xFE, 0xE1, 0xFC, 0x1F, 0x83, 0xF0, 0xFF, 0xFD, 0xFF, 0x00, 0xFF, 0xFF, 0xF8,
    0x1C, 0x0E, 0x07, 0x03, 0x81, 0xC0, 0xE0, 0x70, 0x38, 0x1C, 0x0E, 0x07, 0x00, 0x1F, 0xF8, 0x3F,
    0xF0, 0x70, 0xE0, 0xE1, 0xC1, 0xC3, 0x83, 0x87, 0x07, 0x0E, 0x0E, 0x1C, 0x1C, 0x38, 0x70, 0x70,
    0xE0, 0xE1, 0x81, 0xCF, 0xFF, 0xFF, 0xFF, 0xF8, 0x03, 0xF0, 0x07, 0xE0, 0x0F, 0xC0, 0x1C, 0x0F,
    0x83, 0xFC, 0x78, 0xE7, 0x0E, 0xF0, 0x7E, 0x07, 0xFF, 0xFF, 0xFF, 0xE0, 0x0E, 0x00, 0x70, 0x07,
    0x82, 0x3F, 0xE0, 0xFE, 0xF0, 0xE1, 0xCF, 0x1C, 0x78, 0xE3, 0x8E, 0x0E, 0x73, 0x80, 0xEE, 0xE0,
    0x1F, 0xFC, 0x01, 0xFF, 0x00, 0x7F, 0xF0, 0x0E, 0xEF, 0x03, 0x9C, 0xE0, 0xE3, 0x8E, 0x3C, 0x71,
    0xE7, 0x0E, 0x1D, 0xC1, 0xC1, 0xC0, 0x7F, 0x1F, 0xE4, 0x3C, 0x07, 0x01, 0xC0, 0xF3, 0xF0, 0xFE,
    0x03, 0xC0, 0x70, 0x1D, 0x0F, 0x7F, 0x9F, 0xC0, 0xE0, 0xFC, 0x3F, 0x87, 0xF1, 0xFE, 0x7F, 0xCD,
    0xFB, 0xBF, 0x67, 0xFC, 0xFF, 0x1F, 0xE3, 0xF8, 0x7F, 0x0F, 0xC1, 0xC0, 0x11, 0x06, 0x30, 0xFE,
    0x0F, 0x80, 0x00, 0x00, 0x38, 0x3F, 0x0F, 0xE1, 0xFC, 0x7F, 0x9F, 0xF3, 0x7E, 0xEF, 0xD9, 0xFF,
    0x3F, 0xC7, 0xF8, 0xFE, 0x1F, 0xC3, 0xF0, 0x70, 0xE1, 0xEE, 0x1C, 0xE3, 0x8E, 0x70, 0xEF, 0x0F,
    0xE0, 0xFC, 0x0F, 0xE0, 0xEF, 0x0E, 0x78, 0xE3, 0xCE, 0x1C, 0xE1, 0xEE, 0x0F, 0x0F, 0xF8, 0x7F,
    0xC3, 0x8E, 0x1C, 0x70, 0xE3, 0x87, 0x1C, 0x38, 0xE1, 0xC7, 0x1E, 0x38, 0xE1, 0xCF, 0x0F, 0xF0,
    0x7F, 0x03, 0xF0, 0x1C, 0x70, 0x1C, 0xE0, 0x39, 0xE0, 0xF7, 0xC1, 0xFF, 0xC7, 0xFF, 0x8F, 0xFB,
    0x9B, 0xF7, 0x77, 0xE6, 0xCF, 0xCF, 0x9F, 0x8E, 0x3F, 0x1C, 0x7E, 0x00, 0xFC, 0x01, 0xC0, 0xE0,
    0xFC, 0x1F, 0x83, 0xF0, 0x7E, 0x0F, 0xC1, 0xFF, 0xFF, 0xFF, 0xE0, 0xFC, 0x1F, 0x83, 0xF0, 0x7E,
    0x0F, 0xC1, 0xC0, 0x0F, 0x81, 0xFF, 0x1E, 0x3C, 0xE0, 0xEE, 0x03, 0xF0, 0x1F, 0x80, 0xFC, 0x07,
    0xE0, 0x3F, 0x01, 0xDC, 0x1C, 0xF1, 0xE3, 0xFE, 0x07, 0xC0, 0xFF, 0xFF, 0xFF, 0x83, 0xF0, 0x7E,
    0x0F, 0xC1, 0xF8, 0x3F, 0x07, 0xE0, 0xFC, 0x1F, 0x83, 0xF0, 0x7E, 0x0F, 0xC1, 0xC0, 0xFF, 0x0F,
    0xFC, 0xE1, 0xEE, 0x0E, 0xE0, 0x7E, 0x07, 0xE0, 0x7E, 0x07, 0xE0, 0x7E, 0x07, 0xE0, 0xEF, 0x1E,
    0xFF, 0xCF, 0xF8, 0xE0, 0x0E, 0x00, 0xE0, 0x0E, 0x00, 0xE0, 0x00, 0x0F, 0xCF, 0xF7, 0x81, 0xC0,
    0xE0, 0x38, 0x0E, 0x03, 0x80, 0xE0, 0x38, 0x07, 0x01, 0xE1, 0x3F, 0xC3, 0xF0, 0xFF, 0xFF, 0xFC,
    0x38, 0x07, 0x00, 0xE0, 0x1C, 0x03, 0x80, 0x70, 0x0E, 0x01, 0xC0, 0x38, 0x07, 0x00, 0xE0, 0x1C,
    0x00, 0xF0, 0x73, 0x83, 0x9C, 0x1C, 0xE0, 0xE7, 0x8E, 0x1C, 0x70, 0xE3, 0x87, 0x98, 0x1D, 0xC0,
    0xEE, 0x03, 0xE0, 0x1F, 0x00, 0xF8, 0x03, 0x80, 0x1C, 0x00, 0xC0, 0x0E, 0x07, 0xE0, 0x3E, 0x00,
    0x00, 0x40, 0x00, 0xE0, 0x00, 0x70, 0x00, 0x38, 0x00, 0x1C, 0x00, 0x0E, 0x00, 0x07, 0x00, 0x1F,
    0xF0, 0x1F, 0xFE, 0x1C, 0xE7, 0x9C, 0x71, 0xDC, 0x38, 0x7E, 0x1C, 0x3F, 0x0E, 0x1F, 0x87, 0x0F,
    0xC3, 0x87, 0xE1, 0xC3, 0xB8, 0xE3, 0x9E, 0x73, 0xC7, 0xFF, 0x80, 0xFF, 0x80, 0x0E, 0x00, 0x07,
    0x00, 0x03, 0x80, 0x01, 0xC0, 0x00, 0xE0, 0x00, 0x70, 0x73, 0xC7, 0x8E, 0x38, 0x3B, 0x81, 0xFC,
    0x07, 0xC0, 0x1C, 0x01, 0xF0, 0x0F, 0xC0, 0xEE, 0x0E, 0x38, 0x71, 0xE7, 0x07, 0x38, 0x3C, 0xE0,
    0xE7, 0x07, 0x38, 0x39, 0xC1, 0xCE, 0x0E, 0x70, 0x73, 0x83, 0x9C, 0x1C, 0xE0, 0xE7, 0x07, 0x38,
    0x39, 0xC1, 0xCF, 0xFF, 0xFF, 0xFC, 0x00, 0xE0, 0x07, 0x00, 0x38, 0x01, 0xC0, 0xE0, 0xFC, 0x1F,
    0x83, 0xF0, 0x7E, 0x0F, 0xC1, 0xFC, 0x3B, 0xFF, 0x3F, 0xE0, 0x1C, 0x03, 0x80, 0x70, 0x0E, 0x01,
    0xC0, 0xE1, 0xC3, 0xF0, 0xE1, 0xF8, 0x70, 0xFC, 0x38, 0x7E, 0x1C, 0x3F, 0x0E, 0x1F, 0x87, 0x0F,
    0xC3, 0x87, 0xE1, 0xC3, 0xF0, 0xE1, 0xF8, 0x70, 0xFC, 0x38, 0x7F, 0xFF, 0xFF, 0xFF, 0xFC, 0xE1,
    0xC3, 0x9C, 0x38, 0x73, 0x87, 0x0E, 0x70, 0xE1, 0xCE, 0x1C, 0x39, 0xC3, 0x87, 0x38, 0x70, 0xE7,
    0x0E, 0x1C, 0xE1, 0xC3, 0x9C, 0x38, 0x73, 0x87, 0x0E, 0x70, 0xE1, 0xCF, 0xFF, 0xFF, 0xFF, 0xFF,
    0xC0, 0x00, 0x38, 0x00, 0x07, 0x00, 0x00, 0xE0, 0x00, 0x1C, 0xFC, 0x03, 0xF0, 0x01, 0xC0, 0x07,
    0x00, 0x1C, 0x00, 0x7F, 0x81, 0xFF, 0x87, 0x0F, 0x1C, 0x1C, 0x70, 0x71, 0xC1, 0xC7, 0x0F, 0x1F,
    0xF8, 0x7F, 0xC0, 0xE0, 0x07, 0xE0, 0x07, 0xE0, 0x07, 0xE0, 0x07, 0xE0, 0x07, 0xFF, 0x07, 0xFF,
    0xC7, 0xE1, 0xE7, 0xE0, 0xE7, 0xE0, 0xE7, 0xE0, 0xE7, 0xE1, 0xE7, 0xFF, 0xC7, 0xFF, 0x87, 0xE0,
    0x1C, 0x03, 0x80, 0x70, 0x0E, 0x01, 0xFE, 0x3F, 0xF7, 0x0F, 0xE0, 0xFC, 0x1F, 0x83, 0xF0, 0xFF,
    0xFD, 0xFE, 0x00, 0x7E, 0x0F, 0xF1, 0x0F, 0x00, 0xE0, 0x0E, 0x01, 0xC7, 0xF8, 0xFF, 0x00, 0xE0,
    0x1C, 0x07, 0x21, 0xE7, 0xF8, 0xFC, 0x00, 0xE0, 0x3C, 0x38, 0x3F, 0xCE, 0x1C, 0x7B, 0x87, 0x0E,
    0xE3, 0x81, 0xF8, 0xE0, 0x7F, 0xF8, 0x1F, 0xFE, 0x07, 0xE3, 0x81, 0xF8, 0xE0, 0x7E, 0x3C, 0x3B,
    0x87, 0x1E, 0xE0, 0xFF, 0x38, 0x1F, 0x00, 0x0F, 0xF3, 0xFF, 0x38, 0x77, 0x07, 0x70, 0x77, 0x07,
    0x78, 0x73, 0xFF, 0x1F, 0xF1, 0xC7, 0x38, 0x77, 0x87, 0x70, 0x77, 0x07, 0x08, 0x01, 0xC0, 0x0E,
    0x00, 0x70, 0x03, 0x00, 0x00, 0x00, 0x00, 0xF8, 0x3F, 0xC7, 0x8E, 0x70, 0xEF, 0x07, 0xE0, 0x7F,
    0xFF, 0xFF, 0xFE, 0x00, 0xE0, 0x07, 0x00, 0x78, 0x23, 0xFE, 0x0F, 0xE0, 0x39, 0xC3, 0x9C, 0x00,
    0x00, 0x00, 0x00, 0x00, 0x00, 0x0F, 0x83, 0xFC, 0x78, 0xE7, 0x0E, 0xF0, 0x7E, 0x07, 0xFF, 0xFF,
    0xFF, 0xE0, 0x0E, 0x00, 0x70, 0x07, 0x80, 0x3F, 0xE0, 0xFE, 0x38, 0x01, 0xC0, 0x3F, 0xE1, 0xFF,
    0x03, 0x80, 0x1C, 0x00, 0xFF, 0x07, 0xFE, 0x38, 0x71, 0xC1, 0xCE, 0x0E, 0x70, 0x73, 0x83, 0x9C,
    0x1C, 0xE0, 0xE7, 0x07, 0x38, 0x39, 0xC1, 0xCE, 0x0E, 0x70, 0x70, 0x03, 0x80, 0x1C, 0x00, 0xE0,
    0x3E, 0x01, 0xE0, 0x06, 0x03, 0x83, 0x83, 0x81, 0x80, 0x00, 0x01, 0xFF, 0xFF, 0xF0, 0x38, 0x1C,
    0x0E, 0x07, 0x03, 0x81, 0xC0, 0xE0, 0x70, 0x38, 0x1C, 0x0E, 0x00, 0x0F, 0xC7, 0xF9, 0xE1, 0x38,
    0x0E, 0x01, 0xC0, 0x3F, 0xC7, 0xF8, 0xE0, 0x1C, 0x01, 0xC0, 0x3C, 0x23, 0xFC, 0x1F, 0x80, 0x3F,
    0x3F, 0xB8, 0x5C, 0x0F, 0x07, 0xC1, 0xF8, 0x7E, 0x0F, 0x83, 0xC0, 0xF0, 0x7F, 0xF7, 0xF0, 0xFF,
    0xF0, 0x3F, 0xFF, 0xFF, 0xFF, 0xFF, 0xF0, 0xE7, 0xE7, 0x00, 0x00, 0x00, 0x1C, 0x1C, 0x1C, 0x1C,
    0x1C, 0x1C, 0x1C, 0x1C, 0x1C, 0x1C, 0x1C, 0x1C, 0x1C, 0x1C, 0x1C, 0x71, 0xC7, 0x00, 0x01, 0xC7,
    0x1C, 0x71, 0xC7, 0x1C, 0x71, 0xC7, 0x1C, 0x71, 0xC7, 0x1C, 0x73, 0xFE, 0xF0, 0x0F, 0xF8, 0x00,
    0x7F, 0xC0, 0x03, 0x8E, 0x00, 0x1C, 0x70, 0x00, 0xE3, 0x80, 0x07, 0x1F, 0xE0, 0x38, 0xFF, 0xC1,
    0xC7, 0x0F, 0x1E, 0x38, 0x38, 0xE1, 0xC1, 0xCF, 0x0E, 0x0F, 0xF0, 0x70, 0xFF, 0x03, 0xFF, 0x70,
    0x1F, 0xF0, 0xE0, 0xE0, 0x1C, 0x1C, 0x03, 0x83, 0x80, 0x70, 0x70, 0x0E, 0x0E, 0x01, 0xC1, 0xFE,
    0x3F, 0xFF, 0xF7, 0xFF, 0x0F, 0xE0, 0xE0, 0xFC, 0x1C, 0x1F, 0x83, 0x83, 0xF0, 0x70, 0xFE, 0x0F,
    0xFD, 0xC1, 0xFF, 0x00, 0x38, 0x01, 0xC0, 0x3F, 0xE1, 0xFF, 0x03, 0x80, 0x1C, 0x00, 0xFF, 0x07,
    0xFE, 0x38, 0x71, 0xC1, 0xCE, 0x0E, 0x70, 0x73, 0x83, 0x9C, 0x1C, 0xE0, 0xE7, 0x07, 0x38, 0x39,
    0xC1, 0xCE, 0x0E, 0x70, 0x70, 0x03, 0x00, 0x78, 0x07, 0x00, 0xE0, 0x0C, 0x00, 0x00, 0x00, 0x0E,
    0x1E, 0xE1, 0xCE, 0x38, 0xE7, 0x0E, 0xF0, 0xFE, 0x0F, 0xC0, 0xFE, 0x0E, 0xF0, 0xE7, 0x8E, 0x3C,
    0xE1, 0xCE, 0x1E, 0xE0, 0xF0, 0x18, 0x07, 0x00, 0x70, 0x07, 0x00, 0x60, 0x00, 0x00, 0x07, 0x07,
    0xE1, 0xFC, 0x3F, 0x8F, 0xF3, 0xFE, 0x6F, 0xDD, 0xFB, 0x3F, 0xE7, 0xF8, 0xFF, 0x1F, 0xC3, 0xF8,
    0x7E, 0x0E, 0x18, 0xC0, 0xC6, 0x07, 0xF0, 0x1F, 0x00, 0x00, 0x00, 0x03, 0xC1, 0xCE, 0x0E, 0x70,
    0x73, 0x83, 0x9E, 0x38, 0x71, 0xC3, 0x8E, 0x1E, 0x60, 0x77, 0x03, 0xB8, 0x0F, 0x80, 0x7C, 0x03,
    0xE0, 0x0E, 0x00, 0x70, 0x03, 0x00, 0x38, 0x1F, 0x80, 0xF8, 0x00, 0xE0, 0xFC, 0x1F, 0x83, 0xF0,
    0x7E, 0x0F, 0xC1, 0xF8, 0x3F, 0x07, 0xE0, 0xFC, 0x1F, 0x83, 0xF0, 0x7F, 0xFF, 0xFF, 0xC3, 0x80,
    0x70, 0x0E, 0x01, 0xC0, 0x0E, 0x00, 0x07, 0x00, 0x03, 0x80, 0x1F, 0xFE, 0x0F, 0xFF, 0x00, 0x70,
    0x00, 0x38, 0x00, 0x1C, 0x00, 0x0F, 0xF8, 0x07, 0xFF, 0x03, 0x83, 0xC1, 0xC0, 0xF0, 0xE0, 0x38,
    0x70, 0x1C, 0x38, 0x0E, 0x1C, 0x07, 0x0E, 0x07, 0x87, 0x07, 0x83, 0xFF, 0x81, 0xFF, 0x00, 0x04,
    0x00, 0x70, 0x01, 0xC0, 0x07, 0x00, 0x1C, 0x00, 0x70, 0x01, 0xC0, 0x3F, 0xF8, 0xFF, 0xE0, 0x70,
    0x01, 0xC0, 0x07, 0x00, 0x1F, 0xE0, 0x7F, 0xE1, 0xC3, 0xC7, 0x07, 0x1C, 0x1C, 0x70, 0x71, 0xC3,
    0xC7, 0xFE, 0x1F, 0xF0, 0x07, 0xF0, 0x0F, 0xFE, 0x0F, 0x07, 0x87, 0x01, 0xC7, 0x00, 0x73, 0x80,
    0x3B, 0xC0, 0x1F, 0xDF, 0x07, 0xFF, 0xFF, 0xF8, 0x3F, 0xFC, 0x01, 0xFE, 0x00, 0xFF, 0x00, 0x73,
    0xC0, 0x79, 0xE0, 0x38, 0x7C, 0x7C, 0x1F, 0xFC, 0x03, 0xF8, 0x00, 0x0F, 0x81, 0xFF, 0x1E, 0x3C,
    0xE0, 0xEF, 0x07, 0xFF, 0x1F, 0xFF, 0xFC, 0x7F, 0xE0, 0x3F, 0x83, 0xDC, 0x1C, 0xF1, 0xE3, 0xFE,
    0x07, 0xC0, 0xF0, 0x03, 0xE7, 0x00, 0x7E, 0x70, 0x07, 0x07, 0x80, 0xE0, 0x38, 0x0E, 0x03, 0x80,
    0xE0, 0x3C, 0x1C, 0x01, 0xC1, 0xC0, 0x1C, 0x18, 0x01, 0xE3, 0x80, 0x0E, 0x38, 0x00, 0xF7, 0x00,
    0x07, 0x70, 0x00, 0x77, 0x00, 0x07, 0xE0, 0x00, 0x3E, 0x00, 0x03, 0xE0, 0x00, 0x1C, 0x00, 0xF0,
    0x3E, 0xE0, 0xF9, 0xC1, 0xC3, 0x83, 0x03, 0x8E, 0x07, 0x1C, 0x0E, 0x30, 0x0E, 0xE0, 0x1D, 0xC0,
    0x3B, 0x00, 0x3E, 0x00, 0x7C, 0x00, 0x70, 0x00, 0xE0, 0x00, 0x08, 0x40, 0x0E, 0x70, 0x03, 0xF0,
    0x00, 0xF0, 0x00, 0x00, 0x00, 0x00, 0x03, 0x80, 0x71, 0xC0, 0x78, 0xE0, 0x7C, 0x70, 0x3E, 0x38,
    0x3F, 0x1C, 0x3F, 0x8E, 0x1D, 0xC7, 0x1C, 0xE3, 0x9C, 0x71, 0xDE, 0x38, 0xEE, 0x1C, 0x7F, 0x0E,
    0x3F, 0x07, 0x1F, 0x03, 0x8F, 0x81, 0xC7, 0x80, 0xFF, 0x80, 0x7F, 0xC0, 0x3F, 0x00, 0x07, 0x00,
    0x03, 0x80, 0x03, 0x80, 0x03, 0xC0, 0x00, 0x40, 0x11, 0x00, 0xC6, 0x03, 0xF8, 0x07, 0xC0, 0x00,
    0x00, 0x00, 0x0E, 0x0E, 0x38, 0x78, 0xE1, 0xE3, 0x8F, 0x8E, 0x7E, 0x39, 0xB8, 0xEE, 0xE3, 0xB3,
    0x8F, 0xCE, 0x3E, 0x38, 0xF8, 0xE3, 0xC3, 0xEE, 0x0F, 0xB8, 0x3E, 0x00, 0x38, 0x01, 0xC0, 0x07,
    0x00, 0x18, 0x38, 0x00, 0x70, 0x03, 0xFC, 0x07, 0xF8, 0x03, 0x80, 0x07, 0x00, 0x0E, 0x00, 0x1F,
    0xF0, 0x3F, 0xF8, 0x70, 0x78, 0xE0, 0x79, 0xC0, 0x73, 0x80, 0xE7, 0x01, 0xCE, 0x07, 0x9C, 0x1E,
    0x3F, 0xF8, 0x7F, 0xC0, 0x38, 0x01, 0xC0, 0x3F, 0xC1, 0xFE, 0x03, 0x80, 0x1C, 0x00, 0xFF, 0x07,
    0xFE, 0x38, 0x79, 0xC1, 0xCE, 0x0E, 0x70, 0x73, 0x87, 0x9F, 0xF8, 0xFF, 0x00, 0xFF, 0x87, 0xFF,
    0x38, 0x3D, 0xC0, 0xFE, 0x03, 0xF0, 0x1F, 0x9C, 0xFC, 0xEF, 0xE3, 0xF7, 0xFF, 0xBF, 0xF1, 0xC1,
    0xCE, 0x06, 0x70, 0x33, 0x80, 0x1C, 0x00, 0xE0, 0x07, 0x00, 0x00, 0xFF, 0x0F, 0xFC, 0xE1, 0xEE,
    0x0E, 0xE0, 0x7E, 0x07, 0xE0, 0x7E, 0x07, 0xE2, 0x7E, 0x77, 0xE7, 0xEF, 0x3E, 0xFF, 0xCF, 0xFC,
    0xE0, 0xEE, 0x06, 0xE0, 0x4E, 0x00, 0xE0, 0x00, 0x00, 0xE0, 0x1C, 0x03, 0x80, 0x7F, 0xFF, 0xFF,
    0xF8, 0x07, 0x00, 0xE0, 0x1C, 0x03, 0x80, 0x70, 0x0E, 0x01, 0xC0, 0x38, 0x07, 0x00, 0xE0, 0x1C,
    0x03, 0x80, 0x70, 0x0E, 0x01, 0xC0, 0x00, 0x03, 0x81, 0xC0, 0xFF, 0xFF, 0xFF, 0x03, 0x81, 0xC0,
    0xE0, 0x70, 0x38, 0x1C, 0x0E, 0x07, 0x03, 0x81, 0xC0, 0xE0, 0x00, 0x3F, 0xF9, 0xFF, 0xCE, 0x00,
    0x70, 0x03, 0x80, 0x1C, 0x00, 0xE0, 0x07, 0x00, 0xFF, 0x87, 0xFC, 0x0E, 0x00, 0x70, 0x03, 0x80,
    0x1C, 0x00, 0xE0, 0x07, 0x00, 0x38, 0x01, 0xC0, 0x00, 0x3F, 0xE7, 0xFC, 0xE0, 0x1C, 0x03, 0x80,
    0x70, 0x0E, 0x07, 0xF8, 0xFF, 0x07, 0x00, 0xE0, 0x1C, 0x03, 0x80, 0x70, 0x00, 0xFF, 0xE7, 0xFF,
    0x38, 0x01, 0xC0, 0x0E, 0x00, 0x70, 0x03, 0x80, 0x1F, 0xF0, 0xFF, 0xE7, 0x07, 0x38, 0x1D, 0xC0,
    0xFE, 0x03, 0xF0, 0x1F, 0x80, 0xFC, 0x07, 0xE0, 0x3F, 0x01, 0xC0, 0x1C, 0x00, 0xE0, 0x0E, 0x03,
    0xE0, 0x1E, 0x00, 0xFF, 0x9F, 0xF3, 0x80, 0x70, 0x0E, 0x01, 0xC0, 0x3F, 0xC7, 0xFC, 0xE1, 0xDC,
    0x3F, 0x83, 0xF0, 0x7E, 0x0F, 0xC1, 0xC0, 0x38, 0x0F, 0x01, 0xC1, 0xF0, 0x3C, 0x00, 0x78, 0x38,
    0x1E, 0x78, 0x38, 0x3C, 0x3C, 0x38, 0x78, 0x1E, 0x38, 0xF0, 0x0F, 0x38, 0xE0, 0x07, 0x39, 0xE0,
    0x07, 0xBB, 0xC0, 0x03, 0xFF, 0x80, 0x01, 0xFF, 0x00, 0x03, 0xFF, 0x80, 0x07, 0xBB, 0xC0, 0x0F,
    0x39, 0xE0, 0x0E, 0x38, 0xF0, 0x1E, 0x38, 0xF0, 0x3C, 0x38, 0x78, 0x38, 0x38, 0x3F, 0x78, 0x38,
    0x1F, 0xF0, 0x38, 0x1F, 0x00, 0x00, 0x07, 0x00, 0x00, 0x07, 0x00, 0x00, 0x07, 0x00, 0x00, 0x07,
    0xF0, 0xE1, 0xE7, 0x8E, 0x3C, 0x38, 0xE3, 0x81, 0xCE, 0x70, 0x1E, 0xEF, 0x00, 0xFF, 0xE0, 0x07,
    0xFC, 0x00, 0x7F, 0xC0, 0x0E, 0xEE, 0x01, 0xCE, 0x70, 0x3C, 0xE7, 0x87, 0x8E, 0x38, 0x70, 0xE1,
    0xFE, 0x0E, 0x0F, 0x00, 0x00, 0x70, 0x00, 0x07, 0x00, 0x00, 0x70, 0x00, 0x07, 0x3F, 0x83, 0xFF,
    0x18, 0x3C, 0x00, 0xE0, 0x07, 0x00, 0x38, 0x03, 0x83, 0xFC, 0x1F, 0xE0, 0x07, 0x80, 0x1E, 0x00,
    0x70, 0x03, 0x80, 0x1C, 0x00, 0xEC, 0x1E, 0xFF, 0xE1, 0xFE, 0x01, 0xC0, 0x0F, 0x00, 0x38, 0x07,
    0xC0, 0x7C, 0x00, 0x7F, 0x1F, 0xE4, 0x3C, 0x07, 0x01, 0xC0, 0xF3, 0xF8, 0xFE, 0x01, 0xC0, 0x30,
    0x0D, 0x07, 0x7F, 0x9F, 0xC0, 0xC0, 0x38, 0x07, 0x07, 0xC3, 0xE0, 0xE0, 0x79, 0xC0, 0xE3, 0x83,
    0xC7, 0x0F, 0x0E, 0x3C, 0x1C, 0xF0, 0x3B, 0xC0, 0x7F, 0x00, 0xFC, 0x01, 0xFC, 0x03, 0xFC, 0x07,
    0x7C, 0x0E, 0x3C, 0x1C, 0x38, 0x38, 0x38, 0x70, 0x78, 0xE0, 0x7F, 0xC0, 0x7C, 0x00, 0x38, 0x00,
    0x70, 0x00, 0xE0, 0x01, 0xC0, 0x03, 0x80, 0xE1, 0xEE, 0x3C, 0xE3, 0x8E, 0x70, 0xEF, 0x0F, 0xE0,
    0xFC, 0x0F, 0xC0, 0xFE, 0x0E, 0xF0, 0xE7, 0x8E, 0x38, 0xE1, 0xFE, 0x0F, 0x00, 0x70, 0x07, 0x00,
    0x70, 0x07, 0xE0, 0x0F, 0xE0, 0x1E, 0xE0, 0x1C, 0xE0, 0x3C, 0xE6, 0x78, 0xE6, 0x70, 0xE6, 0xE0,
    0xE7, 0xE0, 0xFF, 0xC0, 0xFF, 0xC0, 0xE7, 0xE0, 0xE6, 0xF0, 0xE6, 0x78, 0xE6, 0x3C, 0xE0, 0x1C,
    0xE0, 0x1E, 0xE0, 0x0F, 0xE0, 0x0F, 0xE0, 0x3B, 0x81, 0xCE, 0x0F, 0x3B, 0x38, 0xED, 0xC3, 0xBE,
    0x0F, 0xF0, 0x3F, 0xE0, 0xEF, 0xC3, 0xB7, 0x8E, 0xCF, 0x38, 0x1C, 0xE0, 0x3B, 0x80, 0xF0, 0x38,
    0x1E, 0xFE, 0x3C, 0xFE, 0x38, 0x38, 0x70, 0x38, 0xE0, 0x39, 0xC0, 0x3B, 0x80, 0x3F, 0x00, 0x3F,
    0x00, 0x3F, 0x80, 0x3B, 0xC0, 0x39, 0xE0, 0x38, 0xF0, 0x38, 0x78, 0x38, 0x38, 0x38, 0x3C, 0x38,
    0x1E, 0x38, 0x0E, 0x38, 0x3F, 0xF9, 0xEF, 0xEF, 0x0E, 0x38, 0x39, 0xC0, 0xEE, 0x03, 0xF8, 0x0F,
    0xE0, 0x3F, 0xC0, 0xE7, 0x83, 0x8F, 0x0E, 0x1C, 0x38, 0x38, 0xE0, 0xF0, 0xFF, 0x03, 0xDF, 0xE0,
    0xF0, 0x1C, 0x3C, 0x03, 0x8F, 0x00, 0x73, 0xC0, 0x0E, 0xF0, 0x01, 0xFC, 0x00, 0x3F, 0x00, 0x07,
    0xF0, 0x00, 0xFF, 0x00, 0x1D, 0xF0, 0x03, 0x9E, 0x00, 0x71, 0xE0, 0x0E, 0x1E, 0x01, 0xC1, 0xE0,
    0x38, 0x1C, 0x07, 0x03, 0xC0, 0xE0, 0x3C, 0xFC, 0x3D, 0xF8, 0x70, 0x71, 0xC0, 0xE7, 0x01, 0xDC,
    0x03, 0xF0, 0x07, 0xE0, 0x0F, 0xE0, 0x1D, 0xE0, 0x39, 0xE0, 0x71, 0xE0, 0xE1, 0xC1, 0xC3, 0xC3,
    0x83, 0xC0, 0xE0, 0x1C, 0x70, 0x0E, 0x38, 0x07, 0x1C, 0x03, 0x8E, 0x01, 0xC7, 0x00, 0xE3, 0x80,
    0x71, 0xC0, 0x38, 0xFF, 0xFC, 0x7F, 0xFE, 0x38, 0x07, 0x1C, 0x03, 0x8E, 0x01, 0xC7, 0x00, 0xE3,
    0x80, 0x71, 0xC0, 0x38, 0xE0, 0x1F, 0xF0, 0x0F, 0xC0, 0x00, 0xE0, 0x00, 0x70, 0x00, 0x38, 0x00,
    0x1C, 0x00, 0x0E, 0xE0, 0xE7, 0x07, 0x38, 0x39, 0xC1, 0xCE, 0x0E, 0x70, 0x73, 0xFF, 0x9F, 0xFC,
    0xE0, 0xE7, 0x07, 0x38, 0x39, 0xC1, 0xCE, 0x0F, 0xF0, 0x7C, 0x00, 0xE0, 0x07, 0x00, 0x38, 0x01,
    0xC0, 0xE0, 0x1F, 0xFC, 0x03, 0xFF, 0x80, 0x70, 0x70, 0x0E, 0x0E, 0x01, 0xC1, 0xC0, 0x38, 0x38,
    0x07, 0x07, 0x00, 0xE0, 0xFF, 0xFC, 0x1F, 0xFF, 0x83, 0x80, 0x70, 0x70, 0x0E, 0x0E, 0x01, 0xC1,
    0xC0, 0x38, 0x38, 0x07, 0x07, 0x00, 0xE0, 0xE0, 0x1C, 0x1C, 0x03, 0x80, 0xE0, 0xFF, 0x83, 0xFE,
    0x0E, 0x38, 0x38, 0xE0, 0xE3, 0x83, 0x8F, 0xFE, 0x3F, 0xF8, 0xE0, 0xE3, 0x83, 0x8E, 0x0E, 0x38,
    0x38, 0xE0, 0xE3, 0x83, 0x80, 0xFF, 0xF8, 0x01, 0xFF, 0xF0, 0x03, 0x80, 0xE0, 0x07, 0x01, 0xC0,
    0x0E, 0x03, 0x80, 0x1C, 0x07, 0x00, 0x38, 0x0E, 0x00, 0x70, 0x1F, 0xF0, 0xE0, 0x3F, 0xF9, 0xC0,
    0x70, 0x73, 0x80, 0xE0, 0x77, 0x01, 0xC0, 0xFE, 0x03, 0x80, 0xFC, 0x07, 0x01, 0xF8, 0x0E, 0x03,
    0xF0, 0x1C, 0x07, 0xE0, 0x38, 0x0F, 0xC0, 0x70, 0x1C, 0x00, 0x00, 0x70, 0x00, 0x00, 0xE0, 0x00,
    0x03, 0x80, 0x00, 0x3E, 0x00, 0x00, 0x78, 0x00, 0xFF, 0xE0, 0x1F, 0xFC, 0x03, 0x83, 0x80, 0x70,
    0x70, 0x0E, 0x0E, 0x01, 0xC1, 0xC0, 0x38, 0x3F, 0xC7, 0x07, 0xFC, 0xE0, 0xE1, 0xDC, 0x1C, 0x3F,
    0x83, 0x83, 0xF0, 0x70, 0x7E, 0x0E, 0x0F, 0xC1, 0xC1, 0xC0, 0x00, 0x38, 0x00, 0x0F, 0x00, 0x01,
    0xC0, 0x01, 0xF0, 0x00, 0x3C, 0x00, 0x03, 0xF8, 0x07, 0xFC, 0x0F, 0x00, 0x07, 0x00, 0x07, 0x03,
    0xC3, 0x83, 0xFB, 0x83, 0x9D, 0xC1, 0x87, 0xE1, 0xC3, 0xF0, 0xE1, 0xF8, 0x70, 0xFC, 0x38, 0x7F,
    0x1C, 0x7B, 0xCE, 0x39, 0xFF, 0x3C, 0x7F, 0xFC, 0x1F, 0xFC, 0x03, 0xF8, 0x00, 0x1C, 0x00, 0x0F,
    0x80, 0x03, 0xF0, 0x00, 0x78, 0x00, 0x04, 0x0F, 0xC0, 0xFE, 0x07, 0x80, 0x1C, 0x00, 0xE1, 0xF3,
    0x8F, 0xEE, 0x79, 0xF9, 0xC7, 0xE7, 0x1F, 0x9C, 0x77, 0x73, 0xDF, 0xDE, 0x3F, 0xF0, 0x7F, 0x80,
    0x1C, 0x00, 0x7F, 0x00, 0x78, 0x00, 0x00, 0x07, 0xF0, 0x7F, 0xE3, 0xC1, 0x8E, 0x00, 0x70, 0x01,
    0xC0, 0x0E, 0x00, 0x38, 0x00, 0xE0, 0x03, 0x80, 0x0E, 0x00, 0x38, 0x00, 0xF0, 0x01, 0xC0, 0x07,
    0x80, 0x0F, 0x02, 0x1F, 0xFC, 0x3F, 0xE0, 0x30, 0x00, 0xF0, 0x01, 0xC0, 0x1F, 0x00, 0xF8, 0x00,
    0x0F, 0xCF, 0xF7, 0x81, 0xC0, 0xE0, 0x38, 0x0E, 0x03, 0x80, 0xE0, 0x38, 0x07, 0x01, 0xE1, 0x3F,
    0xC7, 0xF0, 0xC0, 0x3C, 0x07, 0x07, 0xC1, 0xE0, 0xFF, 0xFF, 0xFF, 0xF0, 0x70, 0x01, 0xC0, 0x07,
    0x00, 0x1C, 0x00, 0x70, 0x01, 0xC0, 0x07, 0x00, 0x1C, 0x00, 0x70, 0x01, 0xC0, 0x07, 0x00, 0x1C,
    0x00, 0x70, 0x01, 0xC0, 0x07, 0xE0, 0x1F, 0x80, 0x0E, 0x00, 0x38, 0x00, 0xE0, 0x03, 0x80, 0x0E,
    0x00, 0xFF, 0xFF, 0xFC, 0x38, 0x07, 0x00, 0xE0, 0x1C, 0x03, 0x80, 0x70, 0x0E, 0x01, 0xC0, 0x38,
    0x07, 0x00, 0xF8, 0x1F, 0x00, 0xE0, 0x1C, 0x03, 0x80, 0x70, 0xF0, 0x1E, 0xE0, 0x39, 0xE0, 0x71,
    0xC1, 0xC3, 0xC7, 0x83, 0x8E, 0x07, 0xBC, 0x07, 0x70, 0x0F, 0xC0, 0x0F, 0x80, 0x0E, 0x00, 0x1C,
    0x00, 0x38, 0x00, 0x70, 0x00, 0xE0, 0x01, 0xC0, 0x03, 0x80, 0x07, 0x00, 0xF0, 0x7B, 0x83, 0x9C,
    0x1C, 0xE0, 0xE3, 0x8E, 0x1C, 0x70, 0xE3, 0x83, 0xB8, 0x1D, 0xC0, 0xEE, 0x03, 0xE0, 0x1F, 0x00,
    0x70, 0x03, 0x80, 0x1C, 0x00, 0xE0, 0x07, 0x00, 0x38, 0x01, 0xC0, 0xF0, 0x0E, 0x70, 0x1E, 0x78,
    0x1C, 0x38, 0x3C, 0x3C, 0x38, 0x1E, 0x78, 0x1E, 0x70, 0x0F, 0xE0, 0x0F, 0xE0, 0x07, 0xC0, 0x07,
    0xC0, 0x1F, 0xF8, 0x1F, 0xF8, 0x03, 0x80, 0x03, 0x80, 0x03, 0x80, 0x03, 0x80, 0x03, 0x80, 0x70,
    0x73, 0x83, 0x9C, 0x1C, 0xE0, 0xE3, 0x8E, 0x1C, 0x70, 0xE3, 0x83, 0xB8, 0x1D, 0xC0, 0xEE, 0x03,
    0xE0, 0x1F, 0x03, 0xFE, 0x1F, 0xF0, 0x1C, 0x00, 0xE0, 0x07, 0x00, 0x38, 0x01, 0xC0, 0xF0, 0x1E,
    0x78, 0x3C, 0x78, 0x38, 0x3C, 0x78, 0x1C, 0x70, 0x1E, 0xF0, 0x0F, 0xE0, 0x07, 0xC0, 0x07, 0xC0,
    0x07, 0xC0, 0x0F, 0xC0, 0x0F, 0xE0, 0x1E, 0xF0, 0x3C, 0x70, 0x38, 0x78, 0x78, 0x38, 0xF0, 0x1F,
    0xE0, 0x1F, 0x00, 0x07, 0x00, 0x07, 0x00, 0x07, 0x00, 0x07, 0x00, 0x07, 0x70, 0x78, 0xE1, 0xC3,
    0xCE, 0x07, 0x78, 0x1F, 0xC0, 0x3E, 0x00, 0x78, 0x01, 0xE0, 0x0F, 0x80, 0x77, 0x01, 0xCE, 0x0E,
    0x38, 0x70, 0x7D, 0xC1, 0xF0, 0x01, 0xC0, 0x07, 0x00, 0x1C, 0x00, 0x70, 0xFF, 0xF9, 0xC7, 0xFF,
    0xCE, 0x01, 0xC0, 0x70, 0x0E, 0x03, 0x80, 0x70, 0x1C, 0x03, 0x80, 0xE0, 0x1C, 0x07, 0x00, 0xE0,
    0x38, 0x07, 0x01, 0xC0, 0x38, 0x0E, 0x01, 0xC0, 0x70, 0x0E, 0x03, 0x80, 0x70, 0x1C, 0x03, 0x80,
    0xE0, 0x1C, 0x07, 0x00, 0xE0, 0x38, 0x07, 0xFF, 0xF8, 0x3F, 0xFF, 0xC0, 0x00, 0x0E, 0x00, 0x00,
    0x70, 0x00, 0x03, 0x80, 0x00, 0x1C, 0x00, 0x00, 0xE0, 0xFF, 0x9C, 0xFF, 0x9C, 0x1C, 0x1C, 0x1C,
    0x1C, 0x1C, 0x1C, 0x1C, 0x1C, 0x1C, 0x1C, 0x1C, 0x1C, 0x1C, 0x1C, 0x1C, 0x1C, 0x1C, 0x1C, 0x1C,
    0x1C, 0x1F, 0xFF, 0x1F, 0xFF, 0x00, 0x07, 0x00, 0x07, 0x00, 0x07, 0x00, 0x07, 0xE0, 0x39, 0xC0,
    0x73, 0x80, 0xE7, 0x01, 0xCE, 0x03, 0x9C, 0x07, 0x38, 0x0E, 0x70, 0x1C, 0xF0, 0x38, 0xF0, 0x70,
    0xFF, 0xE0, 0xFF, 0xC0, 0x03, 0x80, 0x07, 0x00, 0x0E, 0x00, 0x1C, 0x00, 0x3E, 0x00, 0x7C, 0x00,
    0x38, 0x00, 0x70, 0x00, 0xE0, 0x01, 0xC0, 0x03, 0x80, 0xE0, 0xE7, 0x07, 0x38, 0x39, 0xC1, 0xCE,
    0x0E, 0x70, 0x73, 0xC3, 0x8F, 0xFC, 0x3F, 0xE0, 0x07, 0x00, 0x38, 0x01, 0xC0, 0x0F, 0x80, 0x7C,
    0x00, 0xE0, 0x07, 0x00, 0x38, 0x01, 0xC0, 0xE0, 0x3F, 0x01, 0xF8, 0x0F, 0xC0, 0x7E, 0x03, 0xF0,
    0x1F, 0x8C, 0xFC, 0x67, 0xF3, 0x3B, 0xFF, 0xCF, 0xFE, 0x3F, 0xF0, 0x33, 0x81, 0x9C, 0x0C, 0xE0,
    0x07, 0x00, 0x38, 0x01, 0xC0, 0xE0, 0xFC, 0x1F, 0x83, 0xF0, 0x7E, 0x0F, 0xCD, 0xF9, 0xBB, 0xFF,
    0x7F, 0xE3, 0xFC, 0x1B, 0x83, 0x70, 0x0E, 0x01, 0xC0, 0xE0, 0x07, 0x00, 0x38, 0x01, 0xC0, 0x0E,
    0x00, 0x70, 0x03, 0xFF, 0x1F, 0xFC, 0xE0, 0xF7, 0x03, 0xF8, 0x0F, 0xC0, 0x7E, 0x03, 0xF0, 0x1F,
    0x80, 0xFC, 0x07, 0xE0, 0x3F, 0x01, 0xC0, 0xE0, 0x1C, 0x03, 0x80, 0x70, 0x0E, 0x01, 0xC0, 0x3F,
    0xC7, 0xFE, 0xE1, 0xDC, 0x1F, 0x83, 0xF0, 0x7E, 0x0F, 0xC1, 0xF8, 0x3F, 0x07, 0xE0, 0xFC, 0x1F,
    0x83, 0xF0, 0x70, 0x00, 0x3F, 0x00, 0x0F, 0xFC, 0x01, 0xE1, 0xC0, 0x3C, 0x0E, 0xE3, 0x80, 0x7E,
    0x78, 0x07, 0xF7, 0x00, 0x77, 0xFF, 0xFF, 0x1F, 0xFF, 0xF0, 0x70, 0x00, 0x07, 0x80, 0x00, 0x78,
    0x00, 0x03, 0x80, 0x00, 0x38, 0x00, 0x03, 0xC0, 0x00, 0x1E, 0x06, 0x00, 0xFF, 0xE0, 0x03, 0xFC,
    0x00, 0xF8, 0x01, 0xFC, 0xE3, 0x8E, 0xE7, 0x0F, 0xE7, 0x07, 0xF7, 0x07, 0x7F, 0xFF, 0x1F, 0xFF,
    0x0F, 0x00, 0x07, 0x00, 0x07, 0x00, 0x07, 0x82, 0x03, 0xFE, 0x00, 0xFE, 0x00, 0x3F, 0x00, 0x0F,
    0xFC, 0x01, 0xE1, 0xC0, 0x3C, 0x0E, 0xE3, 0x80, 0x7E, 0x78, 0x07, 0xF7, 0x00, 0x77, 0xFF, 0xFF,
    0x1F, 0xFF, 0xF0, 0x70, 0x00, 0x07, 0x00, 0x00, 0x70, 0x00, 0x07, 0x80, 0x00, 0x38, 0x00, 0x03,
    0xC0, 0x00, 0x1E, 0x0E, 0x00, 0xFF, 0xE0, 0x03, 0xFC, 0x00, 0x1C, 0x00, 0x01, 0xC0, 0x00, 0x1C,
    0x00, 0x01, 0xC0, 0x00, 0x1C, 0x00, 0x00, 0xF8, 0x01, 0xFC, 0xE3, 0x8E, 0xE7, 0x0F, 0xE7, 0x07,
    0xFE, 0x07, 0x7F, 0xFF, 0x1F, 0xFF, 0x0E, 0x00, 0x07, 0x00, 0x07, 0x00, 0x07, 0x82, 0x03, 0xFE,
    0x00, 0xFE, 0x00, 0x70, 0x00, 0x70, 0x00, 0x70, 0x00, 0x70, 0xFF, 0xFF, 0xFF, 0xFF, 0xFF, 0xFF,
    0xFC, 0x00, 0xC6, 0x00, 0x01, 0x8C, 0x00, 0x03, 0xF8, 0x00, 0x03, 0xE0, 0x00, 0x00, 0x00, 0x00,
    0x00, 0x00, 0x1E, 0x0E, 0x07, 0x3C, 0x1C, 0x1E, 0x3C, 0x38, 0x78, 0x3C, 0x71, 0xE0, 0x3C, 0xE7,
    0x80, 0x39, 0xCE, 0x00, 0x7B, 0xBC, 0x00, 0x7F, 0xF0, 0x00, 0x7F, 0xC0, 0x01, 0xFF, 0xC0, 0x07,
    0xBB, 0xC0, 0x1E, 0x73, 0xC0, 0x3C, 0xE3, 0x80, 0xF1, 0xC7, 0x83, 0xC3, 0x87, 0x87, 0x07, 0x07,
    0x1E, 0x0E, 0x0F, 0x78, 0x1C, 0x0F, 0x03, 0x18, 0x00, 0x63, 0x00, 0x0F, 0xE0, 0x00, 0xF8, 0x00,
    0x00, 0x00, 0x00, 0x00, 0x3C, 0x38, 0x73, 0xC7, 0x1E, 0x38, 0xE3, 0x83, 0x9C, 0xE0, 0x3B, 0xB8,
    0x07, 0xFF, 0x00, 0x7F, 0xC0, 0x1F, 0xFC, 0x03, 0xBB, 0xC0, 0xE7, 0x38, 0x38, 0xE3, 0x8F, 0x1C,
    0x79, 0xC3, 0x87, 0x70, 0x70, 0x70, 0xE0, 0x7F, 0x07, 0xB8, 0x39, 0xC3, 0x8E, 0x38, 0x73, 0xC3,
    0xBC, 0x1D, 0xC0, 0xFF, 0x87, 0xFF, 0x38, 0xFD, 0xC1, 0xEE, 0x07, 0xF0, 0x1F, 0x80, 0xFC, 0x07,
    0xE0, 0x3F, 0x01, 0xC0, 0x1C, 0x00, 0xE0, 0x0E, 0x03, 0xF0, 0x1E, 0x00, 0xE1, 0xFC, 0x7B, 0x8E,
    0x73, 0x8E, 0xE1, 0xF8, 0x3F, 0xC7, 0xFC, 0xE3, 0xDC, 0x3F, 0x83, 0xF0, 0x7E, 0x0F, 0xC1, 0xC0,
    0x38, 0x0F, 0x01, 0xC1, 0xF0, 0x3C, 0x00, 0x07, 0xFF, 0x00, 0xFF, 0xE0, 0x1C, 0x1C, 0x03, 0x83,
    0x80, 0x70, 0x70, 0x0E, 0x0E, 0x01, 0xC1, 0xC0, 0x38, 0x38, 0x07, 0x07, 0x01, 0xE0, 0xE0, 0x3C,
    0x1C, 0x07, 0x03, 0x80, 0xE0, 0x70, 0x3C, 0x0E, 0x0F, 0x01, 0xC7, 0xC0, 0x3E, 0xF0, 0x07, 0xDC,
    0x00, 0xF8, 0x00, 0x07, 0x00, 0x00, 0xC0, 0x00, 0x38, 0x00, 0x06, 0x00, 0x00, 0x40, 0x0F, 0xF8,
    0x0F, 0xF8, 0x0E, 0x38, 0x0E, 0x38, 0x0E, 0x38, 0x0E, 0x38, 0x0E, 0x38, 0x0E, 0x38, 0x1E, 0x38,
    0x1C, 0x38, 0x3C, 0x38, 0xF8, 0x3E, 0xF0, 0x3E, 0xE0, 0x3E, 0x00, 0x0E, 0x00, 0x0E, 0x00, 0x1C,
    0x00, 0x18, 0xE0, 0x1F, 0x80, 0x7E, 0x01, 0xF8, 0x07, 0xE0, 0x1F, 0x80, 0x7E, 0x01, 0xF8, 0x07,
    0xFF, 0xFF, 0xFF, 0xFE, 0x01, 0xF8, 0x07, 0xE0, 0x1F, 0x80, 0x7E, 0x01, 0xF8, 0x07, 0xE0, 0x1F,
    0x80, 0x70, 0x01, 0xC0, 0x07, 0x00, 0x1C, 0x03, 0xE0, 0x0F, 0x00, 0xE0, 0xFC, 0x1F, 0x83, 0xF0,
    0x7E, 0x0F, 0xC1, 0xFF, 0xFF, 0xFF, 0xE0, 0xFC, 0x1F, 0x83, 0xF0, 0x7E, 0x0F, 0xC1, 0xC0, 0x38,
    0x07, 0x00, 0xE0, 0xF8, 0x1E, 0x00, 0xE0, 0x1C, 0x70, 0x0E, 0x38, 0x07, 0x1C, 0x03, 0x8E, 0x01,
    0xC7, 0x00, 0xE3, 0x80, 0x71, 0xC0, 0x38, 0xFF, 0xFC, 0x7F, 0xFE, 0x38, 0x07, 0x1C, 0x03, 0x8E,
    0x01, 0xC7, 0x00, 0xE3, 0x80, 0x71, 0xC0, 0x3E, 0xE0, 0x1F, 0x70, 0x0F, 0x80, 0x01, 0xC0, 0x00,
    0xE0, 0x00, 0xE0, 0x00, 0xF0, 0x00, 0x10, 0xE0, 0xE7, 0x07, 0x38, 0x39, 0xC1, 0xCE, 0x0E, 0x70,
    0x73, 0xFF, 0x9F, 0xFC, 0xE0, 0xE7, 0x07, 0x38, 0x39, 0xC1, 0xFE, 0x0F, 0xF0, 0x7C, 0x00, 0xE0,
    0x0E, 0x00, 0x70, 0x03, 0x00, 0xE0, 0x3F, 0x01, 0xF8, 0x0F, 0xC0, 0x7E, 0x03, 0xF0, 0x1F, 0x80,
    0xFC, 0x07, 0xF0, 0x3B, 0xC1, 0xCF, 0xFE, 0x3F, 0xF0, 0x03, 0x80, 0x1C, 0x00, 0xE0, 0x07, 0x01,
    0xF8, 0x0F, 0xC0, 0x70, 0x03, 0x80, 0x1C, 0x00, 0xE0, 0x07, 0x00, 0xE0, 0xFC, 0x1F, 0x83, 0xF0,
    0x7E, 0x0F, 0xC1, 0xFC, 0x3B, 0xFF, 0x3F, 0xE0, 0x1C, 0x03, 0x80, 0x70, 0x7E, 0x0F, 0xC1, 0xC0,
    0x38, 0x07, 0x00, 0xE0, 0x70, 0x03, 0x83, 0xC0, 0x3C, 0x1E, 0x01, 0xE0, 0xF8, 0x1F, 0x07, 0xC0,
    0xF8, 0x77, 0x06, 0xE3, 0xB8, 0x77, 0x1C, 0xC3, 0x38, 0xE7, 0x39, 0xC7, 0x39, 0xCE, 0x38, 0xFC,
    0x71, 0xC7, 0xE3, 0x8E, 0x1E, 0x1C, 0x70, 0xF0, 0xE3, 0x87, 0x87, 0x1C, 0x18, 0x3F, 0xE0, 0x01,
    0xFF, 0x00, 0x0F, 0xC0, 0x00, 0x1C, 0x00, 0x00, 0xE0, 0x00, 0x0E, 0x00, 0x00, 0xF0, 0x00, 0x01,
    0x00, 0x70, 0x1C, 0x1C, 0x07, 0x07, 0x83, 0xC3, 0xE0, 0xF8, 0xFC, 0x7E, 0x3F, 0x1F, 0x8E, 0xE6,
    0xE3, 0xBB, 0xB8, 0xE6, 0xCE, 0x39, 0xF3, 0x8E, 0x38, 0xE3, 0x8E, 0x3E, 0xE0, 0x0F, 0xB8, 0x03,
    0xE0, 0x00, 0x38, 0x00, 0x0E, 0x00, 0x07, 0x00, 0x01, 0x80, 0xFF, 0xFF, 0xFF, 0xFF, 0xFF, 0xFF,
    0xFC, 0x06, 0x30, 0x03, 0x18, 0x01, 0xFC, 0x00, 0x7C, 0x00, 0x00, 0x00, 0x00, 0x00, 0x07, 0x00,
    0x07, 0xC0, 0x03, 0xE0, 0x01, 0xB8, 0x01, 0xDC, 0x00, 0xEE, 0x00, 0xE3, 0x80, 0x71, 0xC0, 0x30,
    0xF0, 0x38, 0x38, 0x1C, 0x1C, 0x1F, 0xFF, 0x0F, 0xFF, 0x87, 0x01, 0xC7, 0x00, 0x73, 0x80, 0x39,
    0xC0, 0x1D, 0xE0, 0x0F, 0x10, 0x87, 0x38, 0xFF, 0x07, 0x80, 0x00, 0x00, 0x1F, 0xC3, 0xFE, 0x01,
    0xC0, 0x1C, 0x03, 0x8F, 0xF7, 0xFF, 0xE1, 0xF8, 0x3F, 0x07, 0xE0, 0xFE, 0x1D, 0xFF, 0x9F, 0xF0,
    0x0E, 0x70, 0x0E, 0x70, 0x00, 0x00, 0x00, 0x00, 0x03, 0xC0, 0x03, 0xC0, 0x07, 0xE0, 0x07, 0xE0,
    0x07, 0xE0, 0x0E, 0x70, 0x0E, 0x70, 0x0C, 0x38, 0x1C, 0x38, 0x1C, 0x38, 0x38, 0x1C, 0x3F, 0xFC,
    0x3F, 0xFC, 0x70, 0x0E, 0x70, 0x0E, 0x70, 0x0E, 0xF0, 0x0F, 0xE0, 0x07, 0x39, 0xC7, 0x38, 0x00,
    0x00, 0x03, 0xF8, 0x7F, 0x80, 0x78, 0x07, 0x00, 0xE3, 0xFD, 0xFF, 0xF8, 0x7E, 0x0F, 0xC1, 0xF8,
    0x3F, 0x87, 0x7F, 0xE7, 0xFC, 0x00, 0x3F, 0xFE, 0x00, 0x7F, 0xFC, 0x01, 0xF8, 0x00, 0x07, 0x70,
    0x00, 0x0E, 0xE0, 0x00, 0x39, 0xC0, 0x00, 0x73, 0x80, 0x01, 0xC7, 0x00, 0x07, 0x0F, 0xFC, 0x0E,
    0x1F, 0xF8, 0x38, 0x38, 0x00, 0x7F, 0xF0, 0x01, 0xFF, 0xE0, 0x03, 0x81, 0xC0, 0x0E, 0x03, 0x80,
    0x3C, 0x07, 0x00, 0x70, 0x0F, 0xFF, 0xE0, 0x1F, 0xFC, 0x7F, 0x1F, 0x0F, 0xFF, 0xF0, 0x07, 0xC7,
    0x00, 0xF0, 0xF0, 0x0E, 0x0E, 0x01, 0xC1, 0xCF, 0xFF, 0xFB, 0xFF, 0xFF, 0xF0, 0xE0, 0x1C, 0x1C,
    0x03, 0x83, 0x80, 0x78, 0x78, 0x27, 0xFF, 0xFC, 0x7F, 0x3F, 0x80, 0x31, 0x83, 0x1C, 0x3F, 0x81,
    0xF0, 0x00, 0x00, 0x00, 0xFF, 0xEF, 0xFE, 0xE0, 0x0E, 0x00, 0xE0, 0x0E, 0x00, 0xE0, 0x0E, 0x00,
    0xFF, 0xEF, 0xFE, 0xE0, 0x0E, 0x00, 0xE0, 0x0E, 0x00, 0xE0, 0x0E, 0x00, 0xFF, 0xFF, 0xFF, 0x10,
    0x83, 0x8C, 0x1F, 0xC0, 0xF0, 0x00, 0x00, 0x00, 0x0F, 0x83, 0xFC, 0x78, 0xE7, 0x0E, 0xF0, 0x7E,
    0x07, 0xFF, 0xFF, 0xFF, 0xE0, 0x0E, 0x00, 0x70, 0x07, 0x82, 0x3F, 0xE0, 0xFE, 0x3F, 0xC0, 0x7F,
    0xF0, 0x20, 0x78, 0x00, 0x3C, 0x00, 0x1E, 0x00, 0x0E, 0x00, 0x0E, 0x00, 0x0E, 0xFF, 0xFF, 0xFF,
    0xFE, 0xE0, 0x0E, 0xE0, 0x0E, 0xE0, 0x1E, 0x70, 0x1E, 0x70, 0x3C, 0x38, 0x78, 0x1F, 0xF0, 0x0F,
    0xC0, 0x7F, 0x07, 0xFC, 0x41, 0xE0, 0x0E, 0x00, 0xF0, 0x07, 0xFF, 0xFF, 0xFF, 0xE0, 0x7E, 0x0F,
    0xF0, 0xE7, 0x1E, 0x3F, 0xC1, 0xF0, 0x1C, 0xE0, 0x1C, 0xE0, 0x00, 0x00, 0x00, 0x00, 0x00, 0x00,
    0x00, 0x00, 0x3F, 0xC0, 0x7F, 0xF0, 0x20, 0x78, 0x00, 0x3C, 0x00, 0x1E, 0x00, 0x1E, 0x00, 0x1E,
    0x00, 0x1E, 0xFF, 0xFF, 0xFF, 0xFE, 0xE0, 0x1E, 0xE0, 0x1E, 0xE0, 0x1E, 0x70, 0x3E, 0x70, 0x3C,
    0x38, 0x78, 0x1F, 0xF0, 0x0F, 0xC0, 0x39, 0xC3, 0x9C, 0x00, 0x00, 0x00, 0x00, 0x00, 0x00, 0x7F,
    0x07, 0xFC, 0x01, 0xE0, 0x0E, 0x00, 0xF0, 0x07, 0xFF, 0xFF, 0xFF, 0xE0, 0x7E, 0x0F, 0xF0, 0xE7,
    0x1E, 0x3F, 0xC1, 0xF0, 0x01, 0xCE, 0x00, 0x07, 0x38, 0x00, 0x00, 0x00, 0x00, 0x00, 0x00, 0xF0,
    0x38, 0x3D, 0xE0, 0xE1, 0xE3, 0xC3, 0x87, 0x07, 0x8E, 0x38, 0x0E, 0x39, 0xC0, 0x3C, 0xEF, 0x00,
    0x7B, 0xB8, 0x00, 0xFF, 0xC0, 0x01, 0xFE, 0x00, 0x0F, 0xFC, 0x00, 0x7B, 0xB8, 0x03, 0xCE, 0xF0,
    0x1E, 0x39, 0xE0, 0x78, 0xE3, 0x83, 0xC3, 0x87, 0x1E, 0x0E, 0x1E, 0x70, 0x38, 0x3B, 0xC0, 0xE0,
    0xF0, 0x03, 0x9C, 0x00, 0x39, 0xC0, 0x00, 0x00, 0x00, 0x00, 0x00, 0x00, 0x00, 0x07, 0x87, 0x1E,
    0x3C, 0x71, 0xC1, 0xC7, 0x38, 0x0E, 0x77, 0x00, 0xF7, 0x70, 0x07, 0xFE, 0x00, 0x3F, 0xC0, 0x07,
    0xFE, 0x00, 0xF7, 0x70, 0x0E, 0x77, 0x81, 0xC7, 0x38, 0x3C, 0x71, 0xC7, 0x87, 0x1E, 0x70, 0x70,
    0xE0, 0x39, 0xC1, 0xCE, 0x00, 0x00, 0x00, 0x00, 0x00, 0x1F, 0xC1, 0xFF, 0x8C, 0x1E, 0x00, 0x70,
    0x03, 0x80, 0x1C, 0x01, 0xC1, 0xFE, 0x0F, 0xF0, 0x03, 0xC0, 0x0F, 0x00, 0x38, 0x01, 0xC0, 0x0E,
    0x00, 0x76, 0x0F, 0x7F, 0xF0, 0xFE, 0x00, 0x73, 0x9C, 0xE0, 0x00, 0x00, 0x00, 0x00, 0x07, 0xF1,
    0xFE, 0x43, 0xC0, 0x70, 0x1C, 0x0E, 0x3F, 0x0F, 0xE0, 0x3C, 0x07, 0x01, 0xD0, 0xFF, 0xF9, 0xFC,
    0x7F, 0xFB, 0xFF, 0xC0, 0x3C, 0x01, 0xC0, 0x1C, 0x01, 0xE0, 0x1E, 0x01, 0xF0, 0x0F, 0xE0, 0x7F,
    0x80, 0x1E, 0x00, 0x70, 0x03, 0x80, 0x1C, 0x00, 0xEC, 0x0E, 0xFF, 0xE1, 0xFC, 0x00, 0x7F, 0xE7,
    0xFE, 0x01, 0xE0, 0x1C, 0x03, 0x80, 0x78, 0x07, 0x00, 0xE0, 0x0F, 0xC0, 0xFE, 0x01, 0xE0, 0x0F,
    0x00, 0x70, 0x07, 0x00, 0x70, 0x0F, 0x41, 0xE7, 0xFC, 0x7F, 0x80, 0x1F, 0xE0, 0x7F, 0x80, 0x00,
    0x00, 0x00, 0x00, 0x03, 0x80, 0x7E, 0x03, 0xF8, 0x1F, 0xE0, 0x7F, 0x83, 0xFE, 0x1F, 0xF8, 0x77,
    0xE3, 0x9F, 0x9C, 0x7E, 0xF1, 0xFB, 0x87, 0xFE, 0x1F, 0xF0, 0x7F, 0x81, 0xFE, 0x07, 0xF0, 0x1F,
    0x80, 0x7E, 0x01, 0xC0, 0x3F, 0xC7, 0xF8, 0x00, 0x00, 0x00, 0x01, 0xC1, 0xF8, 0x3F, 0x0F, 0xE3,
    0xFC, 0x7F, 0x9B, 0xF7, 0x7E, 0xCF, 0xF9, 0xFE, 0x3F, 0xC7, 0xF0, 0xFE, 0x1F, 0x83, 0x80, 0x1C,
    0xE0, 0x73, 0x80, 0x00, 0x00, 0x00, 0xE0, 0x1F, 0x80, 0xFE, 0x07, 0xF8, 0x3F, 0xE0, 0xFF, 0x87,
    0xFE, 0x3D, 0xF8, 0xE7, 0xE7, 0x9F, 0xBC, 0x7E, 0xE1, 0xFF, 0x87, 0xFC, 0x1F, 0xE0, 0x7F, 0x81,
    0xFC, 0x07, 0xE0, 0x1F, 0x80, 0x70, 0x39, 0xC7, 0x38, 0x00, 0x00, 0x00, 0x01, 0xC1, 0xF8, 0x7F,
    0x0F, 0xE3, 0xFC, 0xFF, 0x9B, 0xF7, 0x7E, 0xCF, 0xF9, 0xFE, 0x3F, 0xC7, 0xF0, 0xFE, 0x1F, 0x83,
    0x80, 0x0E, 0x70, 0x07, 0x38, 0x00, 0x00, 0x00, 0x00, 0x00, 0x00, 0x00, 0x00, 0x00, 0x1F, 0xC0,
    0x3F, 0xF8, 0x3C, 0x1E, 0x1C, 0x07, 0x1C, 0x01, 0xCE, 0x00, 0xEE, 0x00, 0x3F, 0x00, 0x1F, 0x80,
    0x0F, 0xC0, 0x07, 0xE0, 0x03, 0xF0, 0x01, 0xFC, 0x01, 0xCE, 0x00, 0xE7, 0x80, 0xE1, 0xE0, 0xF0,
    0x7F, 0xF0, 0x0F, 0xE0, 0x39, 0xC1, 0xCE, 0x00, 0x00, 0x00, 0x00, 0x00, 0x00, 0x00, 0x3E, 0x07,
    0xFC, 0x78, 0xF3, 0x83, 0xB8, 0x0F, 0xC0, 0x7E, 0x03, 0xF0, 0x1F, 0x80, 0xFC, 0x07, 0x70, 0x73,
    0xC7, 0x8F, 0xF8, 0x1F, 0x00, 0x07, 0xF0, 0x0F, 0xFE, 0x0F, 0x07, 0x87, 0x01, 0xC7, 0x00, 0x73,
    0x80, 0x3B, 0x80, 0x1F, 0xFF, 0xFF, 0xFF, 0xFF, 0xF0, 0x01, 0xFC, 0x01, 0xFE, 0x00, 0xFF, 0x00,
    0x73, 0xC0, 0x79, 0xE0, 0x38, 0x78, 0x7C, 0x1F, 0xFC, 0x03, 0xF8, 0x00, 0x0F, 0x81, 0xFF, 0x1E,
    0x3C, 0xE0, 0xEF, 0x07, 0xF0, 0x1F, 0xFF, 0xFF, 0xFF, 0xE0, 0x3F, 0x83, 0xDC, 0x1C, 0xF1, 0xE3,
    0xFE, 0x07, 0xC0, 0x0E, 0x70, 0x07, 0x38, 0x00, 0x00, 0x00, 0x00, 0x00, 0x00, 0x00, 0x00, 0x00,
    0x1F, 0xC0, 0x3F, 0xF8, 0x3C, 0x3E, 0x1C, 0x07, 0x1C, 0x03, 0xCE, 0x00, 0xEE, 0x00, 0x7F, 0xFF,
    0xFF, 0xFF, 0xFF, 0xC0, 0x0F, 0xE0, 0x07, 0xF8, 0x03, 0xFC, 0x03, 0xCE, 0x01, 0xE7, 0x81, 0xE1,
    0xE1, 0xF0, 0x7F, 0xF0, 0x0F, 0xE0, 0x39, 0xC1, 0xCE, 0x00, 0x00, 0x00, 0x00, 0x00, 0x00, 0x00,
    0x3E, 0x07, 0xFC, 0x79, 0xF3, 0x87, 0xB8, 0x1F, 0xC0, 0xFF, 0xFF, 0xFF, 0xFF, 0x81, 0xFC, 0x0F,
    0x70, 0xF3, 0xCF, 0x8F, 0xF8, 0x1F, 0x00, 0x39, 0xC0, 0xE7, 0x00, 0x00, 0x00, 0x00, 0x00, 0x00,
    0x00, 0x03, 0xF8, 0x1F, 0xF8, 0x40, 0xF0, 0x01, 0xE0, 0x03, 0x80, 0x0F, 0x00, 0x3C, 0x7F, 0xF1,
    0xFF, 0xC0, 0x0F, 0x00, 0x3C, 0x00, 0xF0, 0x03, 0xC0, 0x1E, 0x00, 0x79, 0x87, 0xC7, 0xFE, 0x1F,
    0xE0, 0x73, 0x8E, 0x70, 0x00, 0x00, 0x07, 0xE0, 0xFF, 0x10, 0xF0, 0x0E, 0x01, 0xE0, 0x1C, 0x7F,
    0x8F, 0xF0, 0x0E, 0x01, 0xC0, 0x72, 0x1E, 0x7F, 0x8F, 0xC0, 0x0F, 0xF0, 0x1F, 0xE0, 0x00, 0x00,
    0x00, 0x00, 0x00, 0x1E, 0x01, 0xDC, 0x03, 0xBC, 0x0F, 0x38, 0x1C, 0x78, 0x38, 0x70, 0xE0, 0xF1,
    0xC0, 0xE3, 0x81, 0xEE, 0x01, 0xDC, 0x03, 0xF0, 0x03, 0xE0, 0x07, 0xC0, 0x07, 0x00, 0x1C, 0x00,
    0x78, 0x0F, 0xE0, 0x1F, 0x00, 0x00, 0x1F, 0xE0, 0xFF, 0x00, 0x00, 0x00, 0x0F, 0x03, 0xB8, 0x1D,
    0xC1, 0xCF, 0x0E, 0x38, 0x71, 0xC3, 0x8E, 0x38, 0x39, 0xC1, 0xCE, 0x0F, 0xE0, 0x3F, 0x01, 0xF0,
    0x07, 0x80, 0x3C, 0x00, 0xC0, 0x0E, 0x00, 0xE0, 0x7E, 0x03, 0xE0, 0x00, 0x1C, 0xE0, 0x73, 0x80,
    0x00, 0x00, 0x00, 0x00, 0x00, 0x00, 0x0E, 0x03, 0xFC, 0x0E, 0x70, 0x39, 0xE0, 0xE7, 0x87, 0x0E,
    0x1C, 0x3C, 0x70, 0x71, 0x81, 0xEE, 0x03, 0xB8, 0x0F, 0xC0, 0x1F, 0x00, 0x78, 0x00, 0xE0, 0x07,
    0x00, 0x3C, 0x07, 0xE0, 0x3F, 0x00, 0x39, 0xC3, 0x9C, 0x00, 0x00, 0x00, 0x00, 0x0E, 0x07, 0xE0,
    0x67, 0x0E, 0x70, 0xE7, 0x0E, 0x70, 0xC3, 0x9C, 0x39, 0xC3, 0x98, 0x1D, 0x81, 0xF8, 0x1F, 0x00,
    0xF0, 0x0F, 0x00, 0x60, 0x0E, 0x01, 0xC0, 0xFC, 0x0F, 0x00, 0x00, 0x00, 0x08, 0xC0, 0x77, 0x03,
    0x98, 0x1C, 0xE0, 0x21, 0x00, 0x00, 0x38, 0x07, 0xF0, 0x3D, 0xC0, 0xE7, 0x03, 0x9E, 0x0E, 0x38,
    0x70, 0xF1, 0xC1, 0xC7, 0x07, 0xB8, 0x0E, 0xE0, 0x3F, 0x00, 0x7C, 0x01, 0xF0, 0x03, 0x80, 0x0C,
    0x00, 0x70, 0x3F, 0x80, 0xF8, 0x00, 0x04, 0x20, 0x33, 0x83, 0x98, 0x39, 0xC1, 0x9C, 0x00, 0x00,
    0x00, 0x1E, 0x0E, 0x70, 0x73, 0x83, 0x9C, 0x1C, 0xF1, 0xC3, 0x8E, 0x1C, 0x70, 0xF3, 0x03, 0xB8,
    0x1D, 0xC0, 0x7C, 0x03, 0xE0, 0x1F, 0x00, 0x70, 0x03, 0x80, 0x18, 0x01, 0xC0, 0xFC, 0x07, 0xC0,
    0x00, 0x1C, 0xE0, 0xE7, 0x00, 0x00, 0x00, 0x0E, 0x03, 0xF0, 0x1F, 0x80, 0xFC, 0x07, 0xE0, 0x3F,
    0x01, 0xF8, 0x0F, 0xC0, 0x7F, 0x03, 0xBC, 0x1C, 0xFF, 0xE3, 0xFF, 0x00, 0x38, 0x01, 0xC0, 0x0E,
    0x00, 0x70, 0x03, 0x80, 0x1C, 0x73, 0x8E, 0x70, 0x00, 0x00, 0x00, 0x01, 0xC1, 0xF8, 0x3F, 0x07,
    0xE0, 0xFC, 0x1F, 0x83, 0xF8, 0x77, 0xFE, 0x7F, 0xC0, 0x38, 0x07, 0x00, 0xE0, 0x1C, 0x03, 0x80,
    0xFF, 0xFF, 0xFF, 0x80, 0x70, 0x0E, 0x01, 0xC0, 0x38, 0x07, 0x00, 0xE0, 0x1C, 0x03, 0x80, 0x70,
    0x0E, 0x01, 0xC0, 0x38, 0x07, 0x00, 0xFC, 0x1F, 0x80, 0x70, 0x0E, 0x01, 0xC0, 0x38, 0x07, 0x00,
    0xFF, 0xFF, 0xF8, 0x1C, 0x0E, 0x07, 0x03, 0x81, 0xC0, 0xE0, 0x70, 0x38, 0x1C, 0x0F, 0x87, 0xC0,
    0xE0, 0x70, 0x38, 0x1C, 0x00, 0x07, 0x38, 0x01, 0xCE, 0x00, 0x00, 0x00, 0x00, 0x00, 0xE0, 0x01,
    0xF8, 0x00, 0x7E, 0x00, 0x1F, 0x80, 0x07, 0xE0, 0x01, 0xF8, 0x00, 0x7E, 0x00, 0x1F, 0xFC, 0x07,
    0xFF, 0xC1, 0xF8, 0x78, 0x7E, 0x0F, 0x1F, 0x81, 0xC7, 0xE0, 0x71, 0xF8, 0x1C, 0x7E, 0x0F, 0x1F,
    0x87, 0x87, 0xFF, 0xC1, 0xFF, 0xC0, 0x70, 0x07, 0x38, 0x07, 0x38, 0x00, 0x00, 0x00, 0x00, 0xE0,
    0x07, 0xE0, 0x07, 0xE0, 0x07, 0xE0, 0x07, 0xE0, 0x07, 0xFF, 0x07, 0xFF, 0xC7, 0xE1, 0xE7, 0xE0,
    0xE7, 0xE0, 0xE7, 0xE0, 0xE7, 0xE1, 0xE7, 0xFF, 0xC7, 0xFF, 0x87, 0x70, 0x1D, 0xE0, 0x73, 0xC1,
    0xC7, 0x0E, 0x0E, 0x38, 0x7C, 0xE3, 0xF7, 0x1C, 0xF8, 0x71, 0xC1, 0xC7, 0x0E, 0x0E, 0x38, 0x3C,
    0xE0, 0x73, 0x80, 0xEE, 0x03, 0xC0, 0x7F, 0x83, 0xFE, 0x00, 0x78, 0x01, 0xC0, 0x0E, 0x00, 0x70,
    0x03, 0x80, 0x1C, 0x00, 0xE0, 0x07, 0x00, 0x38, 0x01, 0xC0, 0x0E, 0x7F, 0xFF, 0xFF, 0xE0, 0x3C,
    0x1F, 0x01, 0xC0, 0xE0, 0x70, 0x38, 0x1C, 0x0E, 0x07, 0x03, 0x81, 0xC1, 0xE1, 0xF7, 0xDF, 0x8E,
    0xFF, 0xFF, 0xFF, 0x00, 0x00, 0x1C, 0x01, 0xC0, 0x1C, 0x01, 0xC0, 0x1C, 0x01, 0xC0, 0x1C, 0x01,
    0xC0, 0x1C, 0x01, 0xC0, 0x1C, 0x01, 0xC0, 0xFF, 0xCF, 0xFE, 0x00, 0xF0, 0x07, 0x00, 0x70, 0x07,
    0x00, 0x7E, 0x07, 0xE0, 0x7E, 0x07, 0xE0, 0x7E, 0x07, 0xE0, 0x7E, 0x07, 0xE0, 0x70, 0xFF, 0xCE,
    0x73, 0x9C, 0xE7, 0x39, 0xCE, 0x73, 0x9C, 0xE0, 0xFF, 0xFC, 0x71, 0xC7, 0x0E, 0x1C, 0x38, 0x70,
    0xE1, 0xC3, 0xC7, 0x87, 0x0E, 0x00, 0xFF, 0xE7, 0xFF, 0x9C, 0x1E, 0xE0, 0x77, 0x03, 0xB8, 0x1D,
    0xC0, 0xEE, 0x07, 0x70, 0x3B, 0x81, 0xDC, 0x0E, 0xE0, 0x77, 0x03, 0xB8, 0x1D, 0xC0, 0xE0, 0xE3,
    0xE7, 0x1F, 0xB8, 0x1D, 0xC0, 0x7E, 0x03, 0xF0, 0x1F, 0x80, 0xFC, 0x07, 0xE0, 0x3F, 0x01, 0xF8,
    0x1E, 0xE0, 0xE7, 0x8F, 0x1F, 0xF0, 0x3E, 0x00, 0xFF, 0xCE, 0x73, 0x9C, 0xE7, 0xFF, 0x1F, 0xF8,
    0x07, 0x00, 0x70, 0x0E, 0x01, 0xC0, 0x38, 0x07, 0x00, 0xE0, 0x1C, 0x03, 0x80, 0x70, 0x0E, 0x01,
    0xC0, 0x38, 0x07, 0x00, 0xE0, 0x1C, 0x03, 0x80, 0x70, 0x7E, 0x0F, 0xF0, 0x0F, 0x00, 0xE0, 0x0E,
    0x01, 0xC0, 0x38, 0x07, 0x00, 0xE0, 0x1C, 0x03, 0x80, 0xE0, 0x3D, 0xFF, 0x3F, 0x80, 0xE0, 0x1C,
    0x03, 0x80, 0x70, 0x0F, 0xFF, 0xFF, 0xC0, 0x38, 0x0F, 0x01, 0xC0, 0x38, 0x0F, 0x01, 0xC0, 0x38,
    0x0F, 0x01, 0xC0, 0x38, 0x07, 0x01, 0xC0, 0x38, 0x00, 0xFF, 0xE3, 0xFF, 0xE7, 0x03, 0xDC, 0x07,
    0x70, 0x1D, 0xC0, 0x77, 0x01, 0xDC, 0x07, 0x70, 0x1D, 0xC0, 0x77, 0x01, 0xDC, 0x07, 0x70, 0x1D,
    0xFF, 0xF7, 0xFF, 0xC0, 0x71, 0xF0, 0xE7, 0xF1, 0xD8, 0xF1, 0xE0, 0xE3, 0xC0, 0xE7, 0x01, 0xCE,
    0x03, 0x9C, 0x07, 0x38, 0x0E, 0x70, 0x1C, 0xE0, 0x3B, 0x80, 0xE7, 0x03, 0xCE, 0x3F, 0x1C, 0xF8,
    0x00, 0xFF, 0xCE, 0x73, 0x9C, 0xE7, 0x39, 0xCE, 0x73, 0x9C, 0xE7, 0x39, 0xCE, 0x70, 0x78, 0xF8,
    0x38, 0x70, 0xE1, 0xC3, 0x87, 0x0E, 0x1C, 0x38, 0x70, 0xFF, 0xFF, 0x80, 0x7F, 0xE3, 0xFF, 0xC1,
    0x83, 0x8E, 0x0F, 0x70, 0x1D, 0xC0, 0x77, 0x01, 0xDC, 0x07, 0x70, 0x1D, 0xC0, 0x77, 0x03, 0x8E,
    0x0E, 0x3C, 0x78, 0x7F, 0xC0, 0xFC, 0x00, 0x70, 0x3B, 0x81, 0xCE, 0x0E, 0x70, 0x73, 0x83, 0x9C,
    0x1C, 0x60, 0xE3, 0x87, 0x1C, 0x30, 0xE3, 0x87, 0x1C, 0x1B, 0xC1, 0xFC, 0x7F, 0xC3, 0xF0, 0x10,
    0x00, 0x1F, 0x83, 0xFF, 0x1C, 0x3D, 0xC0, 0xEE, 0x03, 0xF0, 0x1F, 0xC0, 0xEF, 0x07, 0x78, 0x38,
    0xC1, 0xC0, 0x0E, 0x00, 0x70, 0x03, 0x80, 0x1C, 0x00, 0xE0, 0x07, 0x00, 0x38, 0x01, 0xC0, 0x0E,
    0x00, 0x70, 0x1F, 0x81, 0xFF, 0x1C, 0x3D, 0xC0, 0xEE, 0x03, 0xF0, 0x1F, 0x80, 0xFF, 0x07, 0x78,
    0x39, 0xC1, 0xC0, 0x1E, 0x00, 0xE0, 0x0E, 0x7F, 0xE3, 0xFC, 0x00, 0xE0, 0xEF, 0x0E, 0x70, 0xE7,
    0x0E, 0x78, 0xE3, 0x8E, 0x39, 0xC3, 0xFC, 0x1F, 0x81, 0xF0, 0x0E, 0x00, 0xE0, 0x0E, 0x00, 0xE0,
    0x07, 0x00, 0x70, 0x07, 0x00, 0x70, 0x03, 0x80, 0x38, 0xF0, 0x77, 0x07, 0x78, 0x73, 0x8F, 0x1C,
    0xE1, 0xCE, 0x0F, 0xE0, 0xFC, 0x07, 0x80, 0x78, 0x03, 0x80, 0x1C, 0x01, 0xEF, 0xFE, 0xFF, 0xE0,
    0x7F, 0xFF, 0xFF, 0xF0, 0x03, 0x80, 0x0E, 0x00, 0x38, 0x01, 0xE7, 0x07, 0x1C, 0x1C, 0x70, 0x71,
    0xC3, 0x87, 0x0E, 0x1C, 0x38, 0x71, 0xE1, 0xC7, 0x07, 0x1C, 0x1C, 0x00, 0x70, 0x01, 0xC0, 0x07,
    0x00, 0x1C, 0x00, 0xFF, 0x3F, 0xE0, 0x3C, 0x07, 0x01, 0xC0, 0x70, 0x1C, 0x07, 0x01, 0xC0, 0x70,
    0x1C, 0x07, 0x01, 0xC0, 0x70, 0x1C, 0xE3, 0x8F, 0xC7, 0x1F, 0x8E, 0x3F, 0x1C, 0x7E, 0x38, 0xFC,
    0xE1, 0xFB, 0xC3, 0xFF, 0x07, 0xF8, 0x0F, 0xC0, 0x1D, 0xC0, 0x73, 0x80, 0xE3, 0x83, 0x83, 0xFE,
    0x03, 0xF8, 0x00, 0x7F, 0xF8, 0xFF, 0xF8, 0x70, 0x78, 0xE0, 0x71, 0xC0, 0xE3, 0x81, 0xC7, 0x03,
    0x8E, 0x07, 0x1C, 0x0E, 0x38, 0x1C, 0x70, 0x38, 0xE0, 0x71, 0xC0, 0xEF, 0x01, 0xFC, 0x03, 0x80,
    0x66, 0xEE, 0xF7, 0x39, 0x9C, 0xEF, 0x78, 0x00, 0x00, 0x00, 0xCF, 0x79, 0x80, 0x1F, 0x8F, 0xFF,
    0xFF, 0x78, 0x6E, 0x01, 0xC0, 0x3C, 0x03, 0xC0, 0x3C, 0x03, 0xC0, 0x3C, 0x03, 0x80, 0x70, 0x00,
    0x00, 0x00, 0x30, 0x0F, 0x01, 0xE0, 0x18, 0x00, 0x1F, 0x0F, 0xC7, 0xE1, 0xE0, 0x70, 0x1C, 0x07,
    0x88, 0xFE, 0x3F, 0xFF, 0xCF, 0x81, 0x00, 0xFF, 0xFF, 0xFF, 0x23, 0xBE, 0xE2, 0x00, 0x67, 0x3C,
    0xE7, 0x39, 0xCE, 0x7B, 0xCE, 0x73, 0x9C, 0xE7, 0x38, 0xE0, 0xDC, 0x1B, 0xC7, 0x3F, 0xE7, 0xF8,
    0xFE, 0x1C, 0x03, 0x80, 0x78, 0x0F, 0x00, 0xE0, 0x1C, 0x03, 0x80, 0x70, 0x0E, 0x01, 0xC0, 0x38,
    0x00, 0x60, 0x37, 0x19, 0xFC, 0xCE, 0xEE, 0x77, 0xFF, 0xBF, 0xF9, 0xFB, 0x8E, 0x00, 0x78, 0x03,
    0xC0, 0x0E, 0x00, 0x70, 0x03, 0x80, 0x1C, 0x00, 0xE0, 0x07, 0x00, 0x38, 0x00, 0x00, 0x03, 0x03,
    0xE1, 0xF0, 0xF0, 0x38, 0x0E, 0x03, 0xF0, 0x7C, 0x0F, 0x87, 0x81, 0xC0, 0xE0, 0x38, 0x0F, 0x07,
    0xFF, 0x7F, 0xCF, 0xE0, 0x1E, 0x0F, 0xC7, 0xF9, 0xCE, 0xE1, 0xF8, 0x7E, 0x1F, 0x87, 0xE1, 0xFC,
    0xF7, 0xF9, 0xFE, 0x3E, 0x00, 0x00, 0x07, 0xFC, 0xFF, 0xC7, 0xFC, 0x01, 0xC0, 0x1C, 0x01, 0xC0,
    0x1C, 0x01, 0xC0, 0x1C, 0x00, 0xE0, 0x0E, 0x00, 0xE0, 0x0E, 0x00, 0xE0, 0x0E, 0x00, 0xF0, 0x06,
    0x60, 0x37, 0x81, 0xDC, 0x1E, 0xE0, 0xE3, 0x87, 0x1C, 0x70, 0xE3, 0x83, 0x9C, 0x1C, 0xC0, 0xEE,
    0x07, 0x70, 0x1F, 0x00, 0xF8, 0x07, 0xC0, 0x1E, 0x00, 0xE0, 0x07, 0x00, 0x07, 0x00, 0x3C, 0x01,
    0xE0, 0x0F, 0x00, 0xF8, 0x07, 0xE0, 0x37, 0x03, 0xB8, 0x1C, 0xE0, 0xE7, 0x0E, 0x38, 0x71, 0xC3,
    0x87, 0x38, 0x39, 0xC1, 0xFE, 0x07, 0x60, 0x38, 0x1E, 0x1F, 0xC7, 0xF3, 0x9E, 0xE3, 0xB8, 0xEF,
    0x3B, 0xFE, 0x7F, 0x8F, 0xE0, 0x38, 0x0E, 0x03, 0x80, 0x70, 0x1C, 0x07, 0x01, 0xC0, 0x00, 0x00,
    0x00, 0x38, 0x00, 0x70, 0x00, 0xE6, 0x00, 0xEE, 0x01, 0xF8, 0x03, 0xF0, 0x07, 0xE0, 0x0F, 0xC0,
    0x1F, 0xC0, 0x77, 0xC1, 0xE7, 0xFF, 0x87, 0xFE, 0x03, 0xF0, 0x00, 0xFF, 0xF0, 0x23, 0xBE, 0xE2,
    0x00, 0x67, 0x3C, 0xE7, 0x39, 0xCE, 0x7B, 0xCE, 0x73, 0x9C, 0xE7, 0x38, 0xE0, 0xDC, 0x1B, 0xC7,
    0x3F, 0xE7, 0xF8, 0xFE, 0x1C, 0x03, 0x80, 0x78, 0x0F, 0x00, 0xE0, 0x1C, 0x03, 0x80, 0x70, 0x0E,
    0x01, 0xC0, 0x38, 0x00, 0x60, 0x37, 0x19, 0xFC, 0xCE, 0xEE, 0x77, 0xFF, 0xBF, 0xF9, 0xFB, 0x8E,
    0x00, 0x78, 0x03, 0xC0, 0x0E, 0x00, 0x70, 0x03, 0x80, 0x1C, 0x00, 0xE0, 0x07, 0x00, 0x38, 0x00,
    0x67, 0xDD, 0xF3, 0xBE, 0x77, 0x07, 0xF4, 0xFF, 0x9F, 0xFB, 0xFC, 0x70, 0x0F, 0x01, 0xE0, 0x1C,
    0x03, 0x80, 0x70, 0x0E, 0x01, 0xC0, 0x38, 0x00, 0x04, 0x01, 0xC0, 0x38, 0x07, 0x81, 0xF8, 0x3F,
    0x0E, 0xF3, 0x8E, 0x71, 0xCE, 0x1F, 0x83, 0xF0, 0x7E, 0x6F, 0xCD, 0xFF, 0xFB, 0xFE, 0x39, 0x80,
    0x0F, 0x0F, 0xC3, 0xF1, 0xE0, 0x70, 0x1C, 0x07, 0x88, 0xF7, 0x1F, 0xC3, 0xE0, 0xF0, 0x78, 0x3C,
    0x0E, 0x07, 0x81, 0xC0, 0x70, 0x00, 0x00, 0x60, 0x37, 0x81, 0xDC, 0x1E, 0xE0, 0xE3, 0x87, 0x1C,
    0x70, 0xE3, 0x83, 0x9C, 0x1C, 0xC0, 0xEE, 0x07, 0x70, 0x1F, 0x00, 0xF8, 0x07, 0xC0, 0x1E, 0x00,
    0xE0, 0x07, 0x00, 0x07, 0x00, 0x3C, 0x01, 0xE0, 0x0F, 0x00, 0xF8, 0x07, 0xE0, 0x37, 0x03, 0xB8,
    0x1C, 0xE0, 0xE7, 0x0E, 0x38, 0x71, 0xC3, 0x87, 0x38, 0x39, 0xC1, 0xFE, 0x07, 0x60, 0x38, 0x1E,
    0x1F, 0xC7, 0xF3, 0x9E, 0xE3, 0xB8, 0xEF, 0x3B, 0xFE, 0x7F, 0x8F, 0xE0, 0x38, 0x0E, 0x03, 0x80,
    0x70, 0x1C, 0x07, 0x01, 0xC0, 0x1F, 0x87, 0xFE, 0xF0, 0xEE, 0x07, 0xF0, 0x73, 0x87, 0x78, 0x7F,
    0x07, 0xE0, 0x7E, 0x07, 0xE0, 0x7E, 0x07, 0xE0, 0x7E, 0x07, 0xF8, 0xEF, 0x9C, 0x73, 0x8E, 0x73,
    0xCE, 0x71, 0xDC, 0x3B, 0x87, 0x70, 0xEE, 0x1D, 0xC3, 0xBC, 0xF3, 0xFC, 0x3F, 0x00, 0xEC, 0xFF,
    0x9D, 0xF3, 0x8E, 0x73, 0x8E, 0x71, 0xDC, 0x3B, 0x87, 0x70, 0xEE, 0x1D, 0xC3, 0xBC, 0xF3, 0xFC,
    0x3F, 0x00, 0x1F, 0x87, 0xFE, 0x70, 0xEE, 0x07, 0xE0, 0x7E, 0x07, 0xE0, 0x7E, 0xE7, 0xFE, 0x7F,
    0x07, 0xE0, 0x7E, 0x07, 0xE0, 0x7E, 0x07, 0x79, 0xEF, 0xFF, 0xE6, 0x7E, 0x67, 0xE0, 0x7E, 0x07,
    0xE0, 0x7E, 0xE7, 0xFE, 0x7F, 0x07, 0xE0, 0x7E, 0x07, 0xE0, 0x7E, 0x07, 0xE4, 0x7E, 0xC7, 0x7C,
    0x71, 0xC7, 0x18, 0x73, 0x87, 0x70, 0x77, 0x07, 0x70, 0x77, 0x07, 0x70, 0x77, 0x8F, 0x7F, 0xE7,
    0x7C, 0x63, 0xC3, 0x9F, 0x1C, 0x3C, 0xE0, 0xF3, 0x83, 0x9C, 0x1C, 0xE0, 0xE3, 0x07, 0x1C, 0x38,
    0xE3, 0xC3, 0x1C, 0x1D, 0xE0, 0xFE, 0x07, 0xC0, 0x3F, 0x8F, 0xFC, 0xC1, 0xE0, 0x0E, 0x00, 0x70,
    0x07, 0x7C, 0x77, 0xC7, 0x1C, 0x71, 0xC7, 0x1C, 0xE1, 0xCE, 0x1F, 0xC1, 0xF8, 0x7F, 0x1F, 0xFB,
    0x07, 0x00, 0x70, 0x0E, 0x01, 0xF8, 0x3F, 0x07, 0xE0, 0xFC, 0x1F, 0x83, 0xF8, 0xF7, 0xFE, 0x7C,
    0xC0, 0xF8, 0x77, 0xC7, 0x1C, 0xF1, 0xDE, 0x3D, 0xE3, 0x87, 0x70, 0x77, 0x07, 0x70, 0x77, 0x07,
    0x70, 0x77, 0x8F, 0x3F, 0xE0, 0xFC, 0xE4, 0x7F, 0xC7, 0x7C, 0xF1, 0xDE, 0x1D, 0xE3, 0x87, 0x70,
    0x77, 0x07, 0x70, 0x77, 0x07, 0x70, 0x77, 0x8F, 0x3F, 0xE0, 0xF8, 0x1F, 0x80, 0xEF, 0xFC, 0x1F,
    0xC3, 0x83, 0xF0, 0x38, 0x7F, 0x07, 0x0E, 0x78, 0xE1, 0xDF, 0x1C, 0x3F, 0x83, 0x87, 0xE0, 0x70,
    0xFC, 0x0E, 0x1F, 0x81, 0xC3, 0xF0, 0x3C, 0xFF, 0x87, 0xFC, 0xF8, 0xCF, 0x00, 0x1F, 0x00, 0xEF,
    0xF8, 0x1F, 0xC7, 0x03, 0xF0, 0x70, 0x7F, 0x0E, 0x0E, 0xF1, 0xC1, 0xCE, 0x38, 0x3F, 0x87, 0x07,
    0xE0, 0xE0, 0xFC, 0x1C, 0x1F, 0x83, 0x87, 0xF0, 0x78, 0xFF, 0x87, 0xFE, 0xF0, 0x79, 0xC0, 0x00,
    0x38, 0x00, 0x0F, 0x00, 0x41, 0xC0, 0x0F, 0xF0, 0x01, 0xFC, 0x00, 0x0F, 0xC1, 0xFF, 0x9E, 0x1C,
    0xE0, 0x77, 0x83, 0x8F, 0x1C, 0x78, 0xE7, 0x07, 0x38, 0x39, 0xC1, 0xCE, 0x0E, 0x70, 0x7F, 0x83,
    0xF8, 0x1C, 0x00, 0xE1, 0xF7, 0x1F, 0xF9, 0xC3, 0xCE, 0x0E, 0x0F, 0xC1, 0xFF, 0x9E, 0x1C, 0xE0,
    0x77, 0x83, 0x8F, 0x1C, 0x78, 0xE7, 0x07, 0x38, 0x39, 0xC1, 0xCE, 0x0E, 0x70, 0x7F, 0x83, 0xF8,
    0x1C, 0x00, 0xE7, 0x97, 0x7F, 0xFB, 0x9F, 0xDC, 0x4E, 0x00, 0x39, 0xFB, 0xFF, 0xFD, 0x83, 0xC0,
    0x0E, 0x00, 0x38, 0x01, 0xCF, 0x8E, 0x7C, 0x70, 0xE3, 0x87, 0x1C, 0x39, 0xC1, 0xCE, 0x0F, 0xE0,
    0x7E, 0x00, 0x00, 0x3D, 0x73, 0xFF, 0x99, 0xFD, 0xC4, 0xE0, 0xCD, 0xF6, 0x7F, 0xDF, 0x8E, 0x38,
    0x73, 0x83, 0xBC, 0x1D, 0xC0, 0xEE, 0x07, 0x70, 0x3B, 0x81, 0xDC, 0x0E, 0xE0, 0x77, 0x03, 0xB8,
    0x1C, 0x3D, 0xE0, 0x77, 0xFF, 0x07, 0x76, 0x70, 0x7E, 0x07, 0x07, 0xE0, 0x70, 0x7E, 0x07, 0x07,
    0xE0, 0x70, 0x7E, 0x07, 0x07, 0xE0, 0x70, 0x7E, 0x07, 0x07, 0xE0, 0x78, 0x77, 0x07, 0x8F, 0x7E,
    0x7F, 0xE1, 0xE6, 0x7C, 0x1F, 0x00, 0xEF, 0xF8, 0x1F, 0xC7, 0x03, 0xF0, 0x70, 0x7F, 0x0E, 0x0E,
    0x71, 0xC1, 0xDE, 0x38, 0x3F, 0x87, 0x07, 0xE0, 0xE0, 0xFC, 0x1C, 0x1F, 0x83, 0x87, 0xF0, 0x78,
    0xFF, 0x87, 0xFE, 0xF0, 0x7C, 0xC0, 0x1F, 0x83, 0xFE, 0x70, 0xFF, 0x07, 0xE0, 0x7E, 0x07, 0xE0,
    0x7E, 0x07, 0xE0, 0x7E, 0x07, 0xF0, 0x77, 0x07, 0x7E, 0x71, 0xE7, 0x3D, 0xF3, 0xFF, 0xDC, 0xCF,
    0xC0, 0x7E, 0x03, 0xF0, 0x1F, 0x80, 0xFC, 0x07, 0xE0, 0x3F, 0x01, 0xFC, 0x0E, 0xE0, 0x73, 0xE3,
    0x8F, 0x1C, 0x1F, 0x87, 0xFE, 0xF0, 0xEE, 0x07, 0xF0, 0x73, 0xC7, 0x78, 0x7E, 0x07, 0xE0, 0x7E,
    0x07, 0xE0, 0x7E, 0x07, 0xF8, 0x77, 0x87, 0xCF, 0xCF, 0xFE, 0xF8, 0xFF, 0x07, 0xE0, 0x7E, 0x07,
    0xE0, 0x7E, 0x07, 0xE0, 0x7E, 0x07, 0xE0, 0x7E, 0x07, 0xE0, 0x7E, 0x07, 0x3F, 0x8F, 0xFB, 0x81,
    0x70, 0x0F, 0x80, 0xFE, 0x0F, 0xF0, 0x3F, 0xE0, 0xFC, 0x1F, 0x83, 0xF0, 0xFF, 0xFC, 0xFF, 0x00,
    0xE0, 0x7E, 0x07, 0xE0, 0x7E, 0x07, 0xE0, 0x7E, 0x07, 0xE0, 0x7E, 0x07, 0xE0, 0x7E, 0x07, 0xE0,
    0xFF, 0x1F, 0x7F, 0xF3, 0xF3, 0xE0, 0x7E, 0x07, 0xE0, 0x7E, 0x07, 0xE0, 0x7E, 0x07, 0xE0, 0x7E,
    0x07, 0xE0, 0x7E, 0x07, 0xE0, 0x77, 0x0E, 0x7F, 0xE1, 0xF8, 0x00, 0x70, 0x07, 0x00, 0x70, 0x07,
    0x00, 0x7E, 0x07, 0xE0, 0x7E, 0x07, 0xE0, 0x7E, 0x07, 0xE0, 0x7E, 0x07, 0xE0, 0x7E, 0x07, 0xE0,
    0x7E, 0x07, 0x70, 0xE7, 0xFE, 0x1F, 0x80, 0x78, 0x3F, 0xC1, 0xF8, 0x0F, 0xC0, 0x7E, 0x03, 0xF3,
    0x9F, 0x9C, 0xFD, 0xF7, 0xED, 0xBF, 0xCF, 0xFE, 0x3F, 0xE0, 0xFF, 0x07, 0xF0, 0x1C, 0x00, 0x38,
    0x01, 0xC0, 0x0E, 0x00, 0x70, 0x03, 0xBC, 0x1F, 0xE0, 0xFC, 0x07, 0xE0, 0x3F, 0x01, 0xF9, 0xCF,
    0xCE, 0x7E, 0xFB, 0xF6, 0xDF, 0xE7, 0xFF, 0x1F, 0xF0, 0x7F, 0x83, 0xF8, 0x0E, 0xE1, 0x87, 0xE3,
    0x87, 0xE3, 0xC6, 0x63, 0xCE, 0x73, 0xCE, 0x77, 0xCE, 0x76, 0xEE, 0x76, 0x6E, 0x76, 0x6C, 0x3C,
    0x6C, 0x3C, 0x3C, 0x3C, 0x3C, 0x3C, 0x3C, 0x38, 0x3C, 0x00, 0x07, 0x00, 0x07, 0x00, 0x07, 0x00,
    0x07, 0x00, 0x06, 0xE1, 0x86, 0xE3, 0x8E, 0xE3, 0xCE, 0xE3, 0xCE, 0x63, 0xCE, 0x76, 0xCE, 0x76,
    0xEC, 0x76, 0x6C, 0x7E, 0x6C, 0x7C, 0x6C, 0x3C, 0x7C, 0x3C, 0x3C, 0x3C, 0x3C, 0x38, 0x38, 0x0F,
    0xC1, 0xFF, 0x9E, 0x1C, 0xE0, 0x77, 0x83, 0x8F, 0x1C, 0x78, 0xE7, 0x07, 0x38, 0x39, 0xC1, 0xCE,
    0x0E, 0x70, 0x7F, 0x83, 0xF8, 0x1C, 0xE0, 0x7E, 0x07, 0xE0, 0x7E, 0x07, 0xE0, 0x7E, 0x07, 0xE0,
    0x7E, 0x07, 0xE0, 0x7E, 0x07, 0xF0, 0x7F, 0x8F, 0xFF, 0xEC, 0xFC, 0x3E, 0x77, 0xE7, 0xE0, 0x7E,
    0x07, 0xF0, 0x77, 0xC7, 0x7C, 0x7F, 0x07, 0xE0, 0x7E, 0x07, 0xE0, 0x7F, 0x0F, 0x7F, 0xE1, 0xF8,
    0x3F, 0x9F, 0xEE, 0x0B, 0x80, 0xF0, 0x3F, 0x07, 0xF0, 0x7E, 0x07, 0xC0, 0x70, 0x1F, 0x0F, 0xFF,
    0x9F, 0xC0, 0x1F, 0x87, 0xFE, 0xF0, 0xEE, 0x07, 0xF0, 0x73, 0xC7, 0x38, 0x7F, 0x07, 0xE0, 0x7E,
    0x07, 0xE0, 0x7E, 0x07, 0xF8, 0x77, 0x87, 0x00, 0x70, 0x07, 0x00, 0x70, 0x07, 0x00, 0x70, 0x3F,
    0x87, 0xFE, 0x60, 0xF0, 0x07, 0x00, 0x70, 0x07, 0x1F, 0xF7, 0xFF, 0xF0, 0x7E, 0x07, 0xE0, 0x7F,
    0x07, 0x7E, 0x73, 0xE7, 0x0F, 0xC1, 0xFF, 0x9E, 0x1C, 0xE0, 0x77, 0x83, 0x8F, 0x1C, 0x78, 0xE7,
    0x07, 0x38, 0x39, 0xC1, 0xCE, 0x0E, 0x70, 0x7F, 0x83, 0xF8, 0x1C, 0x00, 0xE0, 0x07, 0x00, 0x38,
    0x01, 0xC0, 0x0E, 0xFE, 0x3F, 0xC8, 0x78, 0x0E, 0x01, 0xC0, 0x70, 0x1C, 0x07, 0x01, 0xC0, 0x70,
    0x3A, 0x1E, 0xFF, 0x1F, 0x80, 0x1F, 0xBB, 0xFF, 0x9C, 0x39, 0xC0, 0xEE, 0x07, 0x70, 0x3B, 0x81,
    0xDD, 0xCE, 0xFE, 0x77, 0x83, 0xB8, 0x1D, 0xC0, 0xEE, 0x07, 0x70, 0x38, 0xE0, 0x73, 0x81, 0xCE,
    0x07, 0x38, 0x1C, 0xE6, 0x73, 0x99, 0xCE, 0x7F, 0xF8, 0xFF, 0xE0, 0x73, 0x81, 0xCE, 0x07, 0x1C,
    0x38, 0x7F, 0xE0, 0x7E, 0x00, 0x00, 0x39, 0xFF, 0xDF, 0xFC, 0xC1, 0xC0, 0x07, 0x00, 0x38, 0x01,
    0xC3, 0xFE, 0x7F, 0xF7, 0x83, 0xB8, 0x1D, 0xC0, 0xEF, 0x07, 0x3F, 0x38, 0xF9, 0xC0, 0xE1, 0xFC,
    0x7B, 0x9E, 0x73, 0x8E, 0xF9, 0xFF, 0xBE, 0x7F, 0x87, 0xE0, 0xFC, 0x1F, 0x83, 0xF0, 0x7E, 0x0F,
    0xC1, 0xC0, 0x00, 0x07, 0x00, 0x07, 0x00, 0x0E, 0x00, 0xFC, 0xE0, 0xFC, 0xE0, 0x1E, 0xE0, 0x0E,
    0xE3, 0x0E, 0xE3, 0x8C, 0xE7, 0x8C, 0xE7, 0xDC, 0x66, 0xDC, 0x6C, 0xDC, 0x6C, 0xFC, 0x7C, 0x7C,
    0x78, 0x78, 0x78, 0x78, 0x38, 0x38, 0x3F, 0x07, 0xFC, 0x41, 0xE0, 0x0E, 0x00, 0x70, 0x07, 0xFC,
    0x7F, 0xC7, 0xE0, 0x7E, 0x07, 0xE0, 0xE7, 0x0E, 0x7F, 0xC1, 0xF8, 0x00, 0x39, 0xFB, 0xDF, 0xFC,
    0x83, 0xC0, 0x0E, 0x00, 0x38, 0x01, 0xDF, 0x8E, 0xFC, 0x77, 0x03, 0xB8, 0x1D, 0xC1, 0xC7, 0x0E,
    0x3F, 0xE0, 0x7E, 0x00, 0x3C, 0xEF, 0x9F, 0x83, 0xF0, 0x7E, 0x0F, 0xE3, 0xDF, 0xF9, 0xF7, 0x00,
    0xE0, 0x1C, 0x03, 0x80, 0x70, 0x0E, 0x01, 0xC0, 0xE1, 0xC3, 0xFB, 0xF0, 0x00, 0x00, 0x70, 0xE1,
    0xFD, 0xF8, 0xE0, 0x38, 0x0F, 0xFD, 0xFF, 0x7E, 0x7F, 0xA1, 0xE0, 0x70, 0x38, 0x1C, 0x0E, 0x07,
    0x03, 0x81, 0xC0, 0xE0, 0x70, 0x38, 0x1C, 0x78, 0x00, 0xFC, 0x00, 0xCC, 0x00, 0xFC, 0x00, 0x78,
    0x00, 0x00, 0x00, 0x00, 0xFC, 0x00, 0xFE, 0x00, 0x0F, 0x00, 0x07, 0x00, 0x07, 0x00, 0x07, 0x00,
    0x07, 0x00, 0x07, 0x00, 0x07, 0x00, 0x07, 0x00, 0x07, 0x00, 0x07, 0x00, 0x07, 0x00, 0x07, 0x7F,
    0xFF, 0xFC, 0x00, 0x70, 0x07, 0x7F, 0xFF, 0xFF, 0x00, 0xE0, 0x11, 0x7F, 0x1F, 0xFE, 0x06, 0x60,
    0xCD, 0xFF, 0xFF, 0xF0, 0xFF, 0x77, 0x70, 0xF7, 0xF7, 0x77, 0x7F, 0x3E, 0xFF, 0x80, 0x0C, 0x00,
    0xC0, 0xFF, 0x8F, 0xFC, 0xED, 0xEE, 0xCE, 0xEC, 0xEE, 0xCE, 0xED, 0xCF, 0xF8, 0xFF, 0xCE, 0xCE,
    0xEC, 0x7E, 0xC7, 0xEC, 0x7E, 0xCF, 0xFF, 0xEF, 0xF8, 0x0C, 0x00, 0xC0, 0x0C, 0x00, 0xE7, 0x39,
    0xCE, 0x73, 0x9C, 0xE7, 0x39, 0xCF, 0xBC, 0xE1, 0xCE, 0x1C, 0xE1, 0xCE, 0x1C, 0xE1, 0xCE, 0x1C,
    0xE1, 0xCE, 0x1C, 0xE1, 0xCE, 0x1C, 0xE1, 0xCE, 0x1C, 0xF9, 0xF7, 0x8F, 0x7F, 0xFF, 0xDC, 0x07,
    0x03, 0x81, 0xC0, 0xE0, 0x70, 0x38, 0x1C, 0x0E, 0x07, 0x03, 0x81, 0xC0, 0xE0, 0x70, 0x38, 0x1C,
    0x0E, 0x07, 0xC1, 0xF0, 0x7D, 0xFE, 0x38, 0x70, 0xE3, 0x8F, 0x1C, 0x38, 0x70, 0xE1, 0xC3, 0x87,
    0x0E, 0x1C, 0x38, 0x70, 0xE1, 0xF1, 0xE0, 0x7F, 0xFF, 0x0E, 0x1C, 0x1C, 0x1C, 0x1C, 0x1C, 0x1C,
    0x1C, 0x1C, 0x1C, 0x1C, 0x1C, 0x1C, 0x1C, 0x1C, 0x1C, 0x1C, 0x1F, 0x0F, 0x7E, 0x7F, 0xA1, 0xE0,
    0x70, 0x38, 0x1C, 0x0E, 0x07, 0x03, 0x81, 0xC0, 0xE0, 0x70, 0x38, 0x1C, 0x0E, 0x07, 0x03, 0x81,
    0xC0, 0xE0, 0x3D, 0xE7, 0xFF, 0xE6, 0x7E, 0x67, 0xE6, 0x7E, 0x07, 0xE0, 0x77, 0x87, 0x3C, 0x70,
    0x07, 0x00, 0x70, 0x07, 0x00, 0x70, 0x07, 0x00, 0x70, 0x07, 0x00, 0x70, 0x07, 0x00, 0x70, 0x7F,
    0xFF, 0xF0, 0x19, 0x3F, 0xFB, 0xB8, 0xFF, 0xFE, 0x00, 0xF8, 0xF8, 0x38, 0x7F, 0xFF, 0x00, 0x1F,
    0xCE, 0xB3, 0x8C, 0xF7, 0xDD, 0xF0, 0x38, 0xEF, 0xFF, 0x38, 0xE0, 0x7F, 0xFF, 0x87, 0x00, 0x7B,
    0xFC, 0xFF, 0x78, 0x1C, 0x77, 0x1C, 0xC1, 0x00, 0x1F, 0xC1, 0xFF, 0x1C, 0x1D, 0xC0, 0xFE, 0x73,
    0xF7, 0xDF, 0xBE, 0xFD, 0xF7, 0xF7, 0x7B, 0x87, 0x8F, 0xF8, 0x3F, 0x80, 0x1F, 0x83, 0xFC, 0x70,
    0xEE, 0x07, 0xE0, 0x7E, 0x07, 0xE0, 0x7E, 0x07, 0xE0, 0x77, 0x0E, 0x3F, 0xC1, 0xF8, 0x3F, 0x0F,
    0xFB, 0xC7, 0x70, 0x7E, 0x0F, 0xC1, 0xDE, 0x39, 0xC7, 0x01, 0xE0, 0x38, 0x3F, 0x07, 0x80, 0xE0,
    0x07, 0x00, 0x38, 0x01, 0xDE, 0xEF, 0xFF, 0xFE, 0xDF, 0xF0, 0xFF, 0x87, 0xFF, 0x3F, 0x79, 0xF8,
    0x0F, 0xE0, 0x77, 0x07, 0x1F, 0xF8, 0x7F, 0x00, 0x3B, 0xCF, 0xFF, 0x93, 0xF0, 0x7E, 0x0F, 0xC1,
    0xF8, 0x3F, 0x07, 0xE0, 0xFE, 0x1D, 0xE3, 0x9E, 0x70, 0x00, 0xE0, 0x1C, 0x03, 0x80, 0x73, 0xFC,
    0xFF, 0x1C, 0x07, 0x00, 0xE1, 0xFC, 0x7F, 0x8E, 0x71, 0xCF, 0x38, 0xFF, 0xCF, 0xF8, 0x1C, 0x67,
    0xCC, 0xC9, 0x99, 0x73, 0xFC, 0xFF, 0x1C, 0x07, 0x00, 0xE1, 0xFC, 0x7B, 0x8E, 0x71, 0xCF, 0x38,
    0xFF, 0xCF, 0xF8, 0xC0, 0x1C, 0x03, 0x80, 0x37, 0xC7, 0xFC, 0xE3, 0x9C, 0x38, 0x07, 0x00, 0xE0,
    0x1C, 0x03, 0x80, 0x73, 0x1C, 0xFF, 0x87, 0xC0, 0x00, 0x07, 0x00, 0x07, 0x00, 0x07, 0x3B, 0xC7,
    0x7F, 0xE7, 0xE4, 0xE7, 0xE0, 0xE7, 0xE0, 0xE7, 0xE0, 0xE7, 0xE0, 0xE7, 0xE0, 0xE7, 0xE0, 0xE7,
    0x70, 0xEE, 0x7C, 0xFE, 0x3C, 0xF8, 0x00, 0xE0, 0x0E, 0x00, 0xE1, 0xFE, 0x7F, 0xC7, 0x00, 0xE0,
    0x0E, 0x00, 0xE0, 0x6E, 0x0F, 0xE0, 0x7E, 0x67, 0x7E, 0x77, 0xFE, 0x3B, 0xC0, 0x00, 0x70, 0x07,
    0x00, 0x73, 0xDF, 0x7F, 0xEF, 0x70, 0xE7, 0x0E, 0x38, 0xE3, 0x8E, 0x38, 0xE1, 0xCE, 0x1C, 0x70,
    0xE7, 0xCE, 0x3C, 0xE0, 0x3C, 0xE3, 0xBE, 0x71, 0xF8, 0x38, 0xFC, 0x1C, 0x7E, 0x0E, 0x3F, 0x8F,
    0x3D, 0xFF, 0xFE, 0x7F, 0xF7, 0x00, 0xE3, 0x80, 0x71, 0xC0, 0x38, 0xE0, 0x1C, 0x70, 0x0E, 0x38,
    0x07, 0x1C, 0x3C, 0x00, 0x07, 0xE0, 0x00, 0xE6, 0xED, 0x8E, 0x6E, 0xD8, 0xE6, 0xEF, 0xCE, 0x0F,
    0xBF, 0xF1, 0x9B, 0x77, 0xF8, 0x00, 0x3E, 0x00, 0x00, 0x01, 0xC0, 0x01, 0xF0, 0x00, 0xF8, 0x00,
    0xEE, 0x00, 0x77, 0x00, 0x39, 0xC0, 0x38, 0xE0, 0x1C, 0x70, 0x1C, 0x1C, 0x0E, 0x0E, 0x07, 0xFF,
    0x87, 0xFF, 0xC3, 0xFF, 0xE3, 0xC0, 0x79, 0xC0, 0x1C, 0xE0, 0x0F, 0xF0, 0x07, 0x80, 0x00, 0x00,
    0x30, 0x00, 0x3C, 0x00, 0x1E, 0x00, 0x06, 0x00, 0x7F, 0x87, 0xF8, 0x07, 0x00, 0xF0, 0x0E, 0x7F,
    0xDF, 0xFF, 0x87, 0xE0, 0xFC, 0x1F, 0xC3, 0xBF, 0xF3, 0xFE, 0x00, 0x01, 0x80, 0x78, 0x0F, 0x00,
    0xC0, 0x03, 0xC0, 0x00, 0x70, 0x00, 0x18, 0x00, 0x18, 0x00, 0x08, 0x00, 0x00, 0x00, 0x07, 0x00,
    0x07, 0xC0, 0x03, 0xE0, 0x03, 0xB8, 0x01, 0xDC, 0x00, 0xE7, 0x00, 0xE3, 0x80, 0x71, 0xC0, 0x70,
    0x70, 0x38, 0x38, 0x1F, 0xFE, 0x1F, 0xFF, 0x0F, 0xFF, 0x8F, 0x01, 0xE7, 0x00, 0x73, 0x80, 0x3F,
    0xC0, 0x1E, 0x0E, 0x01, 0xE0, 0x0C, 0x03, 0x80, 0x40, 0x00, 0x1F, 0xE1, 0xFE, 0x01, 0xC0, 0x3C,
    0x03, 0x9F, 0xF7, 0xFF, 0xE1, 0xF8, 0x3F, 0x07, 0xF0, 0xEF, 0xFC, 0xFF, 0x80, 0x00, 0x00, 0x00,
    0x03, 0x00, 0x03, 0x80, 0x03, 0x80, 0x0F, 0x80, 0x0F, 0x80, 0x0F, 0xC0, 0x0E, 0x60, 0x00, 0x00,
    0x00, 0x00, 0x00, 0x70, 0x00, 0x7C, 0x00, 0x3E, 0x00, 0x3B, 0x80, 0x1D, 0xC0, 0x0E, 0x70, 0x0E,
    0x38, 0x07, 0x1C, 0x07, 0x07, 0x03, 0x83, 0x81, 0xFF, 0xE1, 0xFF, 0xF0, 0xFF, 0xF8, 0xF0, 0x1E,
    0x70, 0x07, 0x38, 0x03, 0xFC, 0x01, 0xE0, 0x00, 0x10, 0x01, 0xC0, 0x1C, 0x01, 0xC0, 0x6C, 0x07,
    0x80, 0x7E, 0x03, 0x30, 0x00, 0x00, 0x00, 0x1F, 0xE0, 0x7F, 0x80, 0x1C, 0x00, 0xF0, 0x03, 0x87,
    0xFC, 0x7F, 0xE7, 0x87, 0x38, 0x39, 0xC1, 0xCF, 0x0E, 0x3F, 0xF0, 0xFF, 0x80, 0x00, 0x00, 0x00,
    0x18, 0x00, 0x0E, 0x00, 0x03, 0x80, 0x0C, 0xE0, 0x0F, 0x20, 0x0F, 0xC0, 0x0E, 0x60, 0x00, 0x00,
    0x00, 0x00, 0x00, 0x70, 0x00, 0x7C, 0x00, 0x3E, 0x00, 0x3B, 0x80, 0x1D, 0xC0, 0x0E, 0x70, 0x0E,
    0x38, 0x07, 0x1C, 0x07, 0x07, 0x03, 0x83, 0x81, 0xFF, 0xE1, 0xFF, 0xF0, 0xFF, 0xF8, 0xF0, 0x1E,
    0x70, 0x07, 0x38, 0x03, 0xFC, 0x01, 0xE0, 0x00, 0x80, 0x38, 0x01, 0xC0, 0x0E, 0x06, 0x70, 0xF2,
    0x1F, 0x81, 0x98, 0x00, 0x00, 0x00, 0x7F, 0x83, 0xFC, 0x01, 0xC0, 0x1E, 0x00, 0xE3, 0xFE, 0x7F,
    0xEF, 0x0E, 0xE0, 0xEE, 0x0E, 0xF0, 0xE7, 0xFE, 0x3F, 0xE0, 0x00, 0x3C, 0x00, 0x07, 0x00, 0x07,
    0x00, 0x1B, 0x00, 0x1E, 0x00, 0x1F, 0x80, 0x1C, 0xC0, 0x00, 0x00, 0x00, 0x00, 0x00, 0xE0, 0x00,
    0xF8, 0x00, 0x7C, 0x00, 0x77, 0x00, 0x3B, 0x80, 0x1C, 0xE0, 0x1C, 0x70, 0x0E, 0x38, 0x0E, 0x0E,
    0x07, 0x07, 0x03, 0xFF, 0xC3, 0xFF, 0xE1, 0xFF, 0xF1, 0xE0, 0x3C, 0xE0, 0x0E, 0x70, 0x07, 0xF8,
    0x03, 0xC0, 0x01, 0xE0, 0x03, 0x00, 0x70, 0x64, 0x0F, 0x01, 0xF8, 0x19, 0x80, 0x00, 0x00, 0x07,
    0xF8, 0x3F, 0xC0, 0x1C, 0x01, 0xE0, 0x0E, 0x3F, 0xE7, 0xFE, 0xF0, 0xEE, 0x0E, 0xE0, 0xEF, 0x0E,
    0x7F, 0xE3, 0xFE, 0x03, 0x98, 0x03, 0xFC, 0x03, 0xBC, 0x00, 0x00, 0x00, 0x0C, 0x00, 0x0F, 0x00,
    0x0F, 0xC0, 0x0E, 0x60, 0x00, 0x00, 0x00, 0x00, 0x00, 0x70, 0x00, 0x7C, 0x00, 0x3E, 0x00, 0x3B,
    0x80, 0x1D, 0xC0, 0x0E, 0x70, 0x0E, 0x38, 0x07, 0x1C, 0x07, 0x07, 0x03, 0x83, 0x81, 0xFF, 0xE1,
    0xFF, 0xF0, 0xFF, 0xF8, 0xF0, 0x1E, 0x70, 0x07, 0x38, 0x03, 0xFC, 0x01, 0xE0, 0x1C, 0xC7, 0xF8,
    0xDE, 0x00, 0x00, 0x60, 0x1E, 0x07, 0xE0, 0xCC, 0x00, 0x00, 0x01, 0xFE, 0x1F, 0xE0, 0x1C, 0x03,
    0xC0, 0x39, 0xFF, 0x7F, 0xFE, 0x1F, 0x83, 0xF0, 0x7F, 0x0E, 0xFF, 0xCF, 0xF8, 0x00, 0xC0, 0x00,
    0xF0, 0x00, 0xFC, 0x00, 0xE6, 0x00, 0x00, 0x00, 0x00, 0x00, 0x07, 0x00, 0x07, 0xC0, 0x03, 0xE0,
    0x03, 0xB8, 0x01, 0xDC, 0x00, 0xE7, 0x00, 0xE3, 0x80, 0x71, 0xC0, 0x70, 0x70, 0x38, 0x38, 0x1F,
    0xFE, 0x1F, 0xFF, 0x0F, 0xFF, 0x8F, 0x01, 0xE7, 0x00, 0x73, 0x80, 0x3F, 0xC0, 0x1E, 0x00, 0x00,
    0x00, 0xC0, 0x00, 0xF0, 0x00, 0x78, 0x00, 0x18, 0x00, 0x06, 0x01, 0xE0, 0x7E, 0x0C, 0xC0, 0x00,
    0x00, 0x1F, 0xE1, 0xFE, 0x01, 0xC0, 0x3C, 0x03, 0x9F, 0xF7, 0xFF, 0xE1, 0xF8, 0x3F, 0x07, 0xF0,
    0xEF, 0xFC, 0xFF, 0x80, 0x00, 0x60, 0x1E, 0x03, 0xC0, 0x30, 0x00, 0x20, 0x00, 0x38, 0x00, 0x3C,
    0x00, 0x1C, 0x00, 0x1C, 0x00, 0x34, 0xC0, 0x1C, 0xC0, 0x07, 0xE0, 0x01, 0xE0, 0x00, 0x00, 0x00,
    0x00, 0x00, 0x38, 0x00, 0x3E, 0x00, 0x1F, 0x00, 0x1D, 0xC0, 0x0E, 0xE0, 0x07, 0x38, 0x07, 0x1C,
    0x03, 0x8E, 0x03, 0x83, 0x81, 0xC1, 0xC0, 0xFF, 0xF0, 0xFF, 0xF8, 0x7F, 0xFC, 0x78, 0x0F, 0x38,
    0x03, 0x9C, 0x01, 0xFE, 0x00, 0xF0, 0x01, 0x00, 0x70, 0x1C, 0x07, 0x00, 0xC0, 0x61, 0x86, 0x70,
    0xFC, 0x0F, 0x00, 0x00, 0x00, 0x3F, 0xC3, 0xFC, 0x03, 0x80, 0x78, 0x07, 0x3F, 0xEF, 0xFF, 0xC3,
    0xF0, 0x7E, 0x0F, 0xE1, 0xDF, 0xF9, 0xFF, 0x01, 0x00, 0x01, 0xC0, 0x00, 0xF0, 0x00, 0x38, 0x00,
    0x0E, 0x00, 0x32, 0xC0, 0x1C, 0xC0, 0x07, 0xE0, 0x01, 0xE0, 0x00, 0x00, 0x00, 0x00, 0x00, 0x38,
    0x00, 0x3E, 0x00, 0x1F, 0x00, 0x1D, 0xC0, 0x0E, 0xE0, 0x07, 0x38, 0x07, 0x1C, 0x03, 0x8E, 0x03,
    0x83, 0x81, 0xC1, 0xC0, 0xFF, 0xF0, 0xFF, 0xF8, 0x7F, 0xFC, 0x78, 0x0F, 0x38, 0x03, 0x9C, 0x01,
    0xFE, 0x00, 0xF0, 0x08, 0x03, 0x80, 0x38, 0x03, 0x80, 0x30, 0x61, 0x86, 0x70, 0xFC, 0x0F, 0x00,
    0x00, 0x00, 0x3F, 0xC3, 0xFC, 0x03, 0x80, 0x78, 0x07, 0x3F, 0xEF, 0xFF, 0xC3, 0xF0, 0x7E, 0x0F,
    0xE1, 0xDF, 0xF9, 0xFF, 0x03, 0xC0, 0x00, 0xF0, 0x00, 0x18, 0x00, 0x18, 0x00, 0x69, 0x80, 0x39,
    0x80, 0x0F, 0xC0, 0x03, 0xC0, 0x00, 0x00, 0x00, 0x00, 0x00, 0x70, 0x00, 0x7C, 0x00, 0x3E, 0x00,
    0x3B, 0x80, 0x1D, 0xC0, 0x0E, 0x70, 0x0E, 0x38, 0x07, 0x1C, 0x07, 0x07, 0x03, 0x83, 0x81, 0xFF,
    0xE1, 0xFF, 0xF0, 0xFF, 0xF8, 0xF0, 0x1E, 0x70, 0x07, 0x38, 0x03, 0xFC, 0x01, 0xE0, 0x0F, 0x00,
    0x60, 0x0C, 0x03, 0x03, 0x4C, 0x33, 0x87, 0xE0, 0x78, 0x00, 0x00, 0x01, 0xFE, 0x1F, 0xE0, 0x1C,
    0x03, 0xC0, 0x39, 0xFF, 0x7F, 0xFE, 0x1F, 0x83, 0xF0, 0x7F, 0x0E, 0xFF, 0xCF, 0xF8, 0x00, 0x00,
    0x03, 0xFC, 0x01, 0xFE, 0x00, 0x8C, 0x00, 0x61, 0x80, 0x39, 0x80, 0x0F, 0xC0, 0x03, 0xC0, 0x00,
    0x00, 0x00, 0x00, 0x00, 0x70, 0x00, 0x7C, 0x00, 0x3E, 0x00, 0x3B, 0x80, 0x1D, 0xC0, 0x0E, 0x70,
    0x0E, 0x38, 0x07, 0x1C, 0x07, 0x07, 0x03, 0x83, 0x81, 0xFF, 0xE1, 0xFF, 0xF0, 0xFF, 0xF8, 0xF0,
    0x1E, 0x70, 0x07, 0x38, 0x03, 0xFC, 0x01, 0xE0, 0x08, 0x07, 0xF8, 0xFF, 0x00, 0x83, 0x0C, 0x33,
    0x87, 0xE0, 0x78, 0x00, 0x00, 0x01, 0xFE, 0x1F, 0xE0, 0x1C, 0x03, 0xC0, 0x39, 0xFF, 0x7F, 0xFE,
    0x1F, 0x83, 0xF0, 0x7F, 0x0E, 0xFF, 0xCF, 0xF8, 0x06, 0x18, 0x03, 0x98, 0x00, 0xFC, 0x00, 0x3C,
    0x00, 0x00, 0x00, 0x00, 0x00, 0x07, 0x00, 0x07, 0xC0, 0x03, 0xE0, 0x03, 0xB8, 0x01, 0xDC, 0x00,
    0xE7, 0x00, 0xE3, 0x80, 0x71, 0xC0, 0x70, 0x70, 0x38, 0x38, 0x1F, 0xFE, 0x1F, 0xFF, 0x0F, 0xFF,
    0x8F, 0x01, 0xE7, 0x00, 0x73, 0x80, 0x3F, 0xC0, 0x1E, 0x00, 0x00, 0x00, 0xC0, 0x00, 0xF0, 0x00,
    0x78, 0x00, 0x18, 0x00, 0x30, 0xC3, 0x38, 0x7E, 0x07, 0x80, 0x00, 0x00, 0x1F, 0xE1, 0xFE, 0x01,
    0xC0, 0x3C, 0x03, 0x9F, 0xF7, 0xFF, 0xE1, 0xF8, 0x3F, 0x07, 0xF0, 0xEF, 0xFC, 0xFF, 0x80, 0x00,
    0x60, 0x1E, 0x03, 0xC0, 0x30, 0xFF, 0xEF, 0xFE, 0xE0, 0x0E, 0x00, 0xE0, 0x0E, 0x00, 0xE0, 0x0F,
    0xFC, 0xFF, 0xCE, 0x00, 0xE0, 0x0E, 0x00, 0xE0, 0x0E, 0x00, 0xFF, 0xFF, 0xFF, 0xFF, 0xF0, 0x00,
    0x06, 0x00, 0xF0, 0x0F, 0x00, 0xE0, 0x1F, 0xC3, 0xFE, 0x78, 0xE7, 0x07, 0xF0, 0x7F, 0xFF, 0xFF,
    0xFE, 0x00, 0xF0, 0x07, 0x00, 0x7C, 0x63, 0xFE, 0x1F, 0xE0, 0x00, 0x07, 0x00, 0x70, 0x07, 0x00,
    0x70, 0x0F, 0x00, 0x30, 0x03, 0x00, 0x60, 0x06, 0x00, 0x00, 0xFF, 0xEF, 0xFE, 0xE0, 0x0E, 0x00,
    0xE0, 0x0E, 0x00, 0xE0, 0x0F, 0xFC, 0xFF, 0xCE, 0x00, 0xE0, 0x0E, 0x00, 0xE0, 0x0E, 0x00, 0xFF,
    0xFF, 0xFF, 0xFF, 0xF0, 0x0E, 0x00, 0xF0, 0x03, 0x80, 0x70, 0x06, 0x00, 0x00, 0x1F, 0xC3, 0xFE,
    0x78, 0xE7, 0x07, 0xF0, 0x7F, 0xFF, 0xFF, 0xFE, 0x00, 0xF0, 0x07, 0x00, 0x7C, 0x63, 0xFE, 0x1F,
    0xE0, 0x1C, 0x43, 0xFC, 0x37, 0xC0, 0x00, 0x00, 0x00, 0x00, 0xFF, 0xEF, 0xFE, 0xE0, 0x0E, 0x00,
    0xE0, 0x0E, 0x00, 0xE0, 0x0F, 0xFC, 0xFF, 0xCE, 0x00, 0xE0, 0x0E, 0x00, 0xE0, 0x0E, 0x00, 0xFF,
    0xFF, 0xFF, 0xFF, 0xF0, 0x00, 0x41, 0xFE, 0x3F, 0xC1, 0x18, 0x00, 0x00, 0x00, 0x1F, 0xC3, 0xFE,
    0x78, 0xE7, 0x07, 0xF0, 0x7F, 0xFF, 0xFF, 0xFE, 0x00, 0xF0, 0x07, 0x00, 0x7C, 0x63, 0xFE, 0x1F,
    0xE0, 0x00, 0x00, 0x01, 0x80, 0x1E, 0x01, 0xC0, 0x7C, 0x07, 0xC0, 0x7E, 0x07, 0x30, 0x00, 0x00,
    0x00, 0x3F, 0xF9, 0xFF, 0xCE, 0x00, 0x70, 0x03, 0x80, 0x1C, 0x00, 0xE0, 0x07, 0xFE, 0x3F, 0xF1,
    0xC0, 0x0E, 0x00, 0x70, 0x03, 0x80, 0x1C, 0x00, 0xFF, 0xF7, 0xFF, 0xBF, 0xFC, 0x00, 0x10, 0x00,
    0xE0, 0x07, 0x80, 0x1C, 0x02, 0xE0, 0x1F, 0x00, 0xDC, 0x06, 0x30, 0x00, 0x00, 0x00, 0x01, 0xFC,
    0x0F, 0xF8, 0x78, 0xE1, 0xC1, 0xCF, 0x07, 0x3F, 0xFC, 0xFF, 0xF3, 0x80, 0x0F, 0x00, 0x1C, 0x00,
    0x7C, 0x60, 0xFF, 0x81, 0xFE, 0x00, 0x00, 0x00, 0x18, 0x01, 0xC0, 0x0E, 0x06, 0x70, 0xF2, 0x1F,
    0x83, 0x98, 0x00, 0x00, 0x00, 0xFF, 0xEF, 0xFE, 0xE0, 0x0E, 0x00, 0xE0, 0x0E, 0x00, 0xE0, 0x0F,
    0xFC, 0xFF, 0xCE, 0x00, 0xE0, 0x0E, 0x00, 0xE0, 0x0E, 0x00, 0xFF, 0xFF, 0xFF, 0xFF, 0xF0, 0x00,
    0x80, 0x1C, 0x01, 0xE0, 0x0F, 0x02, 0x30, 0x78, 0x0D, 0xC1, 0x8C, 0x00, 0x00, 0x00, 0x1F, 0xC3,
    0xFE, 0x78, 0xE7, 0x07, 0xF0, 0x7F, 0xFF, 0xFF, 0xFE, 0x00, 0xF0, 0x07, 0x00, 0x7C, 0x63, 0xFE,
    0x1F, 0xE0, 0x01, 0xE0, 0x17, 0x00, 0x70, 0x6E, 0x0F, 0xC1, 0xF8, 0x39, 0x80, 0x00, 0x00, 0x0F,
    0xFE, 0xFF, 0xEE, 0x00, 0xE0, 0x0E, 0x00, 0xE0, 0x0E, 0x00, 0xFF, 0xCF, 0xFC, 0xE0, 0x0E, 0x00,
    0xE0, 0x0E, 0x00, 0xE0, 0x0F, 0xFF, 0xFF, 0xFF, 0xFF, 0x00, 0xF0, 0x00, 0xC0, 0x1C, 0x04, 0xC0,
    0x78, 0x06, 0xE0, 0x63, 0x00, 0x00, 0x00, 0x00, 0xFE, 0x0F, 0xF8, 0xF1, 0xC7, 0x07, 0x78, 0x3B,
    0xFF, 0xDF, 0xFE, 0xE0, 0x07, 0x80, 0x1C, 0x00, 0xF8, 0xC3, 0xFE, 0x0F, 0xF0, 0x1C, 0xC3, 0xFC,
    0x37, 0x80, 0x00, 0x06, 0x00, 0xF0, 0x1F, 0x83, 0x98, 0x00, 0x00, 0x00, 0xFF, 0xEF, 0xFE, 0xE0,
    0x0E, 0x00, 0xE0, 0x0E, 0x00, 0xE0, 0x0F, 0xFC, 0xFF, 0xCE, 0x00, 0xE0, 0x0E, 0x00, 0xE0, 0x0E,
    0x00, 0xFF, 0xFF, 0xFF, 0xFF, 0xF0, 0x1E, 0x63, 0xFC, 0x11, 0x80, 0x00, 0x02, 0x00, 0x78, 0x0D,
    0xC1, 0x8C, 0x00, 0x00, 0x00, 0x1F, 0xC3, 0xFE, 0x78, 0xE7, 0x07, 0xF0, 0x7F, 0xFF, 0xFF, 0xFE,
    0x00, 0xF0, 0x07, 0x00, 0x7C, 0x63, 0xFE, 0x1F, 0xE0, 0x06, 0x00, 0xF0, 0x1F, 0x83, 0x98, 0x00,
    0x00, 0x00, 0xFF, 0xEF, 0xFE, 0xE0, 0x0E, 0x00, 0xE0, 0x0E, 0x00, 0xE0, 0x0F, 0xFC, 0xFF, 0xCE,
    0x00, 0xE0, 0x0E, 0x00, 0xE0, 0x0E, 0x00, 0xFF, 0xFF, 0xFF, 0xFF, 0xF0, 0x00, 0x06, 0x00, 0xF0,
    0x0F, 0x00, 0xE0, 0x02, 0x00, 0x78, 0x0D, 0xC1, 0x8C, 0x00, 0x00, 0x00, 0x1F, 0xC3, 0xFE, 0x78,
    0xE7, 0x07, 0xF0, 0x7F, 0xFF, 0xFF, 0xFE, 0x00, 0xF0, 0x07, 0x00, 0x7C, 0x63, 0xFE, 0x1F, 0xE0,
    0x00, 0x07, 0x00, 0x70, 0x07, 0x00, 0x70, 0xF5, 0xCE, 0xE6, 0x01, 0xCE, 0x73, 0x9C, 0xE7, 0x39,
    0xCE, 0x73, 0x9C, 0xE7, 0x39, 0xC0, 0xE7, 0xCE, 0xE6, 0x01, 0xCE, 0x73, 0x9C, 0xE7, 0x39, 0xCE,
    0x73, 0x9C, 0xEE, 0xEE, 0xEE, 0xEE, 0xEE, 0xEE, 0xEE, 0xEE, 0xE0, 0x6F, 0xFE, 0xEE, 0xEE, 0x00,
    0xEE, 0xEE, 0xEE, 0xEE, 0xEE, 0xEE, 0xE0, 0x6F, 0xF6, 0x01, 0xE0, 0x07, 0xFC, 0x07, 0xFF, 0x87,
    0xC3, 0xE3, 0x80, 0xF3, 0xC0, 0x3D, 0xC0, 0x1E, 0xE0, 0x07, 0xF0, 0x03, 0xF8, 0x01, 0xFC, 0x00,
    0xEE, 0x00, 0x77, 0x00, 0x7B, 0xC0, 0x38, 0xF0, 0x3C, 0x7E, 0x7C, 0x1F, 0xFC, 0x03, 0xFC, 0x00,
    0x00, 0x00, 0x18, 0x00, 0x1E, 0x00, 0x0F, 0x00, 0x03, 0x00, 0x1F, 0xC1, 0xFF, 0x1E, 0x3C, 0xE0,
    0xEF, 0x07, 0xF0, 0x1F, 0x80, 0xFC, 0x07, 0xF0, 0x7B, 0x83, 0x9E, 0x3C, 0x7F, 0xC1, 0xFC, 0x00,
    0x00, 0x0C, 0x00, 0xF0, 0x07, 0x80, 0x18, 0x00, 0x01, 0xE0, 0x00, 0xF0, 0x00, 0x18, 0x00, 0x18,
    0x00, 0x0C, 0x00, 0x0F, 0x00, 0x3F, 0xE0, 0x3F, 0xFC, 0x3E, 0x1F, 0x1C, 0x07, 0x9E, 0x01, 0xEE,
    0x00, 0xF7, 0x00, 0x3F, 0x80, 0x1F, 0xC0, 0x0F, 0xE0, 0x07, 0x70, 0x03, 0xB8, 0x03, 0xDE, 0x01,
    0xC7, 0x81, 0xE3, 0xF3, 0xE0, 0xFF, 0xE0, 0x1F, 0xE0, 0x07, 0x00, 0x7C, 0x00, 0x60, 0x06, 0x00,
    0x20, 0x00, 0x00, 0x7F, 0x07, 0xFC, 0x78, 0xF3, 0x83, 0xBC, 0x1F, 0xC0, 0x7E, 0x03, 0xF0, 0x1F,
    0xC1, 0xEE, 0x0E, 0x78, 0xF1, 0xFF, 0x07, 0xF0, 0x00, 0x00, 0x00, 0x03, 0x00, 0x03, 0x80, 0x03,
    0x80, 0x0F, 0x80, 0x0F, 0x80, 0x0F, 0xC0, 0x06, 0x60, 0x00, 0x10, 0x00, 0xF0, 0x03, 0xFE, 0x03,
    0xFF, 0xC3, 0xE1, 0xF1, 0xC0, 0x79, 0xE0, 0x1E, 0xE0, 0x0F, 0x70, 0x03, 0xF8, 0x01, 0xFC, 0x00,
    0xFE, 0x00, 0x77, 0x00, 0x3B, 0x80, 0x3D, 0xE0, 0x1C, 0x78, 0x1E, 0x3F, 0x3E, 0x0F, 0xFE, 0x01,
    0xFE, 0x00, 0x00, 0x10, 0x00, 0xE0, 0x03, 0x80, 0x1C, 0x03, 0xE0, 0x1F, 0x00, 0xFC, 0x06, 0x30,
    0x00, 0x00, 0x00, 0x01, 0xFC, 0x0F, 0xF8, 0x78, 0xF1, 0xC1, 0xCF, 0x07, 0xB8, 0x0E, 0xE0, 0x3B,
    0x80, 0xEF, 0x07, 0x9C, 0x1C, 0x78, 0xF0, 0xFF, 0x81, 0xFC, 0x00, 0x00, 0x30, 0x00, 0x38, 0x00,
    0x0E, 0x00, 0x03, 0x80, 0x0C, 0xC0, 0x0F, 0x00, 0x0F, 0xC0, 0x06, 0x60, 0x00, 0x10, 0x00, 0xF0,
    0x03, 0xFE, 0x03, 0xFF, 0xC3, 0xE1, 0xF1, 0xC0, 0x79, 0xE0, 0x1E, 0xE0, 0x0F, 0x70, 0x03, 0xF8,
    0x01, 0xFC, 0x00, 0xFE, 0x00, 0x77, 0x00, 0x3B, 0x80, 0x3D, 0xE0, 0x1C, 0x78, 0x1E, 0x3F, 0x3E,
    0x0F, 0xFE, 0x01, 0xFE, 0x00, 0x00, 0x80, 0x0E, 0x00, 0x38, 0x00, 0xE0, 0x33, 0x03, 0xC0, 0x3F,
    0x03, 0x18, 0x00, 0x00, 0x00, 0x07, 0xF0, 0x7F, 0xC7, 0x8F, 0x38, 0x3B, 0xC1, 0xFC, 0x07, 0xE0,
    0x3F, 0x01, 0xFC, 0x1E, 0xE0, 0xE7, 0x8F, 0x1F, 0xF0, 0x7F, 0x00, 0x00, 0x3C, 0x00, 0x07, 0x00,
    0x03, 0x80, 0x1B, 0x00, 0x1E, 0x00, 0x1F, 0x80, 0x0C, 0xC0, 0x00, 0x20, 0x01, 0xE0, 0x07, 0xFC,
    0x07, 0xFF, 0x87, 0xC3, 0xE3, 0x80, 0xF3, 0xC0, 0x3D, 0xC0, 0x1E, 0xE0, 0x07, 0xF0, 0x03, 0xF8,
    0x01, 0xFC, 0x00, 0xEE, 0x00, 0x77, 0x00, 0x7B, 0xC0, 0x38, 0xF0, 0x3C, 0x7E, 0x7C, 0x1F, 0xFC,
    0x03, 0xFC, 0x00, 0x00, 0xF0, 0x07, 0xC0, 0x0E, 0x06, 0xE0, 0x7E, 0x07, 0xE0, 0x63, 0x00, 0x00,
    0x00, 0x00, 0xFE, 0x0F, 0xF8, 0xF1, 0xE7, 0x07, 0x78, 0x3F, 0x80, 0xFC, 0x07, 0xE0, 0x3F, 0x83,
    0xDC, 0x1C, 0xF1, 0xE3, 0xFE, 0x0F, 0xE0, 0x00, 0x00, 0x03, 0xFC, 0x01, 0xFE, 0x00, 0x04, 0x00,
    0x0C, 0x00, 0x0F, 0x00, 0x0F, 0xC0, 0x06, 0x60, 0x00, 0x10, 0x00, 0xF0, 0x03, 0xFE, 0x03, 0xFF,
    0xC3, 0xE1, 0xF1, 0xC0, 0x79, 0xE0, 0x1E, 0xE0, 0x0F, 0x70, 0x03, 0xF8, 0x01, 0xFC, 0x00, 0xFE,
    0x00, 0x77, 0x00, 0x3B, 0x80, 0x3D, 0xE0, 0x1C, 0x78, 0x1E, 0x3F, 0x3E, 0x0F, 0xFE, 0x01, 0xFE,
    0x00, 0x0C, 0x40, 0xFF, 0x0E, 0xF0, 0x00, 0x00, 0x30, 0x03, 0xC0, 0x3F, 0x03, 0x18, 0x00, 0x00,
    0x00, 0x07, 0xF0, 0x7F, 0xC7, 0x8F, 0x38, 0x3B, 0xC1, 0xFC, 0x07, 0xE0, 0x3F, 0x01, 0xFC, 0x1E,
    0xE0, 0xE7, 0x8F, 0x1F, 0xF0, 0x7F, 0x00, 0x00, 0x00, 0x00, 0x60, 0x00, 0x78, 0x00, 0x76, 0x00,
    0x21, 0x00, 0x00, 0x00, 0x07, 0x80, 0x1F, 0xF0, 0x1F, 0xFE, 0x1F, 0x0F, 0x8E, 0x03, 0xCF, 0x00,
    0xF7, 0x00, 0x7B, 0x80, 0x1F, 0xC0, 0x0F, 0xE0, 0x07, 0xF0, 0x03, 0xB8, 0x01, 0xDC, 0x01, 0xEF,
    0x00, 0xE3, 0xC0, 0xF1, 0xF9, 0xF0, 0x7F, 0xF0, 0x0F, 0xF0, 0x00, 0x00, 0x00, 0x60, 0x00, 0x78,
    0x00, 0x3C, 0x00, 0x0C, 0x00, 0x03, 0x00, 0x3C, 0x03, 0xF0, 0x31, 0x80, 0x00, 0x00, 0x00, 0x7F,
    0x07, 0xFC, 0x78, 0xF3, 0x83, 0xBC, 0x1F, 0xC0, 0x7E, 0x03, 0xF0, 0x1F, 0xC1, 0xEE, 0x0E, 0x78,
    0xF1, 0xFF, 0x07, 0xF0, 0x00, 0x00, 0x30, 0x03, 0xC0, 0x1E, 0x00, 0x60, 0x00, 0x60, 0x00, 0x38,
    0x00, 0x38, 0x00, 0x38, 0x00, 0x18, 0x38, 0x00, 0x1C, 0x07, 0x8E, 0x1F, 0xF7, 0x1F, 0xFF, 0x1F,
    0x0F, 0x8E, 0x03, 0xCF, 0x00, 0xF7, 0x00, 0x7B, 0x80, 0x1F, 0xC0, 0x0F, 0xE0, 0x07, 0xF0, 0x03,
    0xB8, 0x01, 0xDC, 0x01, 0xEF, 0x00, 0xE3, 0xC0, 0xF1, 0xF9, 0xF0, 0x7F, 0xF0, 0x0F, 0xF0, 0x01,
    0x00, 0x0F, 0x00, 0x78, 0x01, 0xC0, 0x0E, 0x1C, 0x10, 0x70, 0x01, 0xC7, 0xF6, 0x3F, 0xF9, 0xE3,
    0xC7, 0x07, 0x3C, 0x1E, 0xE0, 0x3B, 0x80, 0xEE, 0x03, 0xBC, 0x1E, 0x70, 0x71, 0xE3, 0xC3, 0xFE,
    0x07, 0xF0, 0x00, 0x80, 0x01, 0xE0, 0x00, 0x70, 0x00, 0x1C, 0x00, 0x07, 0x38, 0x00, 0x1C, 0x07,
    0x8E, 0x1F, 0xF7, 0x1F, 0xFF, 0x1F, 0x0F, 0x8E, 0x03, 0xCF, 0x00, 0xF7, 0x00, 0x7B, 0x80, 0x1F,
    0xC0, 0x0F, 0xE0, 0x07, 0xF0, 0x03, 0xB8, 0x01, 0xDC, 0x01, 0xEF, 0x00, 0xE3, 0xC0, 0xF1, 0xF9,
    0xF0, 0x7F, 0xF0, 0x0F, 0xF0, 0x04, 0x00, 0x38, 0x00, 0x70, 0x00, 0xE0, 0x01, 0x9C, 0x00, 0x70,
    0x01, 0xC7, 0xF6, 0x3F, 0xF9, 0xE3, 0xC7, 0x07, 0x3C, 0x1E, 0xE0, 0x3B, 0x80, 0xEE, 0x03, 0xBC,
    0x1E, 0x70, 0x71, 0xE3, 0xC3, 0xFE, 0x07, 0xF0, 0x01, 0xE0, 0x00, 0xF0, 0x00, 0x18, 0x00, 0x18,
    0x70, 0x0C, 0x38, 0x0F, 0x1C, 0x3F, 0xEE, 0x3F, 0xFE, 0x3E, 0x1F, 0x1C, 0x07, 0x9E, 0x01, 0xEE,
    0x00, 0xF7, 0x00, 0x3F, 0x80, 0x1F, 0xC0, 0x0F, 0xE0, 0x07, 0x70, 0x03, 0xB8, 0x03, 0xDE, 0x01,
    0xC7, 0x81, 0xE3, 0xF3, 0xE0, 0xFF, 0xE0, 0x1F, 0xE0, 0x07, 0x00, 0x3E, 0x00, 0x18, 0x00, 0xC7,
    0x02, 0x1C, 0x00, 0x71, 0xFD, 0x8F, 0xFE, 0x78, 0xF1, 0xC1, 0xCF, 0x07, 0xB8, 0x0E, 0xE0, 0x3B,
    0x80, 0xEF, 0x07, 0x9C, 0x1C, 0x78, 0xF0, 0xFF, 0x81, 0xFC, 0x00, 0x00, 0x00, 0x01, 0xEC, 0x01,
    0xFE, 0x00, 0x8E, 0x70, 0x00, 0x38, 0x0F, 0x1C, 0x3F, 0xEE, 0x3F, 0xFE, 0x3E, 0x1F, 0x1C, 0x07,
    0x9E, 0x01, 0xEE, 0x00, 0xF7, 0x00, 0x3F, 0x80, 0x1F, 0xC0, 0x0F, 0xE0, 0x07, 0x70, 0x03, 0xB8,
    0x03, 0xDE, 0x01, 0xC7, 0x81, 0xE3, 0xF3, 0xE0, 0xFF, 0xE0, 0x1F, 0xE0, 0x00, 0x40, 0x7F, 0x81,
    0xFC, 0x04, 0x67, 0x00, 0x1C, 0x00, 0x71, 0xFD, 0x8F, 0xFE, 0x78, 0xF1, 0xC1, 0xCF, 0x07, 0xB8,
    0x0E, 0xE0, 0x3B, 0x80, 0xEF, 0x07, 0x9C, 0x1C, 0x78, 0xF0, 0xFF, 0x81, 0xFC, 0x00, 0x00, 0x03,
    0x80, 0x01, 0xC0, 0x78, 0xE1, 0xFF, 0x71, 0xFF, 0xF1, 0xF0, 0xF8, 0xE0, 0x3C, 0xF0, 0x0F, 0x70,
    0x07, 0xB8, 0x01, 0xFC, 0x00, 0xFE, 0x00, 0x7F, 0x00, 0x3B, 0x80, 0x1D, 0xC0, 0x1E, 0xF0, 0x0E,
    0x3C, 0x0F, 0x1F, 0x9F, 0x07, 0xFF, 0x00, 0xFF, 0x00, 0x00, 0x00, 0x06, 0x00, 0x07, 0x80, 0x03,
    0xC0, 0x00, 0xC0, 0x00, 0x00, 0x1C, 0x00, 0x70, 0x01, 0xC7, 0xF6, 0x3F, 0xF9, 0xE3, 0xC7, 0x07,
    0x3C, 0x1E, 0xE0, 0x3B, 0x80, 0xEE, 0x03, 0xBC, 0x1E, 0x70, 0x71, 0xE3, 0xC3, 0xFE, 0x07, 0xF0,
    0x00, 0x00, 0x0C, 0x00, 0x78, 0x01, 0xE0, 0x03, 0x00, 0xE0, 0x1F, 0x80, 0x7E, 0x01, 0xF8, 0x07,
    0xE0, 0x1F, 0x80, 0x7E, 0x01, 0xF8, 0x07, 0xE0, 0x1F, 0x80, 0x7E, 0x01, 0xF8, 0x0F, 0xF0, 0x3B,
    0xC0, 0xE7, 0xCF, 0x8F, 0xFC, 0x1F, 0xE0, 0x00, 0x00, 0x30, 0x01, 0xE0, 0x07, 0x80, 0x0C, 0x00,
    0xE0, 0xFC, 0x1F, 0x83, 0xF0, 0x7E, 0x0F, 0xC1, 0xF8, 0x3F, 0x07, 0xE0, 0xFC, 0x1F, 0xE3, 0xBF,
    0xF3, 0xFE, 0x00, 0x01, 0x80, 0x70, 0x0E, 0x01, 0xC0, 0x07, 0x80, 0x16, 0x00, 0x18, 0x00, 0xC0,
    0x03, 0x00, 0x00, 0x0E, 0x01, 0xF8, 0x07, 0xE0, 0x1F, 0x80, 0x7E, 0x01, 0xF8, 0x07, 0xE0, 0x1F,
    0x80, 0x7E, 0x01, 0xF8, 0x07, 0xE0, 0x1F, 0x80, 0xFF, 0x03, 0xBC, 0x0E, 0x7C, 0xF8, 0xFF, 0xC1,
    0xFE, 0x00, 0x1C, 0x03, 0xE0, 0x0C, 0x07, 0x00, 0xC0, 0x00, 0x38, 0x3F, 0x07, 0xE0, 0xFC, 0x1F,
    0x83, 0xF0, 0x7E, 0x0F, 0xC1, 0xF8, 0x3F, 0x07, 0xF8, 0xEF, 0xFC, 0xFF, 0x80, 0x01, 0x80, 0x00,
    0xE0, 0x00, 0xE0, 0x00, 0xE0, 0x00, 0x60, 0x38, 0x00, 0x1C, 0x00, 0x1F, 0xC0, 0x3E, 0xE0, 0x1C,
    0x70, 0x0E, 0x38, 0x07, 0x1C, 0x03, 0x8E, 0x01, 0xC7, 0x00, 0xE3, 0x80, 0x71, 0xC0, 0x38, 0xE0,
    0x1C, 0x70, 0x0E, 0x38, 0x0F, 0x1E, 0x07, 0x0F, 0x03, 0x83, 0xE7, 0xC0, 0xFF, 0xC0, 0x3F, 0xC0,
    0x02, 0x00, 0x1C, 0x00, 0xE0, 0x07, 0x00, 0x18, 0x1C, 0x00, 0x70, 0x01, 0xF8, 0x3E, 0xE0, 0xF3,
    0x83, 0x8E, 0x0E, 0x38, 0x38, 0xE0, 0xE3, 0x83, 0x8E, 0x0E, 0x38, 0x38, 0xE0, 0xE3, 0xE3, 0x87,
    0xFE, 0x0F, 0xF8, 0x06, 0x00, 0x07, 0x00, 0x01, 0xC0, 0x00, 0x70, 0x00, 0x1C, 0x38, 0x00, 0x1C,
    0x00, 0x1F, 0xC0, 0x3E, 0xE0, 0x1C, 0x70, 0x0E, 0x38, 0x07, 0x1C, 0x03, 0x8E, 0x01, 0xC7, 0x00,
    0xE3, 0x80, 0x71, 0xC0, 0x38, 0xE0, 0x1C, 0x70, 0x0E, 0x38, 0x0F, 0x1E, 0x07, 0x0F, 0x03, 0x83,
    0xE7, 0xC0, 0xFF, 0xC0, 0x3F, 0xC0, 0x08, 0x00, 0x70, 0x00, 0xE0, 0x01, 0xC0, 0x03, 0x1C, 0x00,
    0x70, 0x01, 0xF8, 0x3E, 0xE0, 0xF3, 0x83, 0x8E, 0x0E, 0x38, 0x38, 0xE0, 0xE3, 0x83, 0x8E, 0x0E,
    0x38, 0x38, 0xE0, 0xE3, 0xE3, 0x87, 0xFE, 0x0F, 0xF8, 0x07, 0x80, 0x03, 0xC0, 0x00, 0x60, 0x00,
    0x60, 0x70, 0x20, 0x38, 0x00, 0x3F, 0x80, 0x7D, 0xC0, 0x38, 0xE0, 0x1C, 0x70, 0x0E, 0x38, 0x07,
    0x1C, 0x03, 0x8E, 0x01, 0xC7, 0x00, 0xE3, 0x80, 0x71, 0xC0, 0x38, 0xE0, 0x1C, 0x70, 0x1E, 0x3C,
    0x0E, 0x1E, 0x07, 0x07, 0xCF, 0x81, 0xFF, 0x80, 0x7F, 0x80, 0x1C, 0x00, 0x7C, 0x00, 0x70, 0x03,
    0x87, 0x0C, 0x1C, 0x00, 0x7E, 0x0F, 0xB8, 0x3C, 0xE0, 0xE3, 0x83, 0x8E, 0x0E, 0x38, 0x38, 0xE0,
    0xE3, 0x83, 0x8E, 0x0E, 0x38, 0x38, 0xF8, 0xE1, 0xFF, 0x83, 0xFE, 0x00, 0x00, 0x00, 0x07, 0xB0,
    0x07, 0xF8, 0x02, 0x38, 0x70, 0x00, 0x38, 0x00, 0x3F, 0x80, 0x7D, 0xC0, 0x38, 0xE0, 0x1C, 0x70,
    0x0E, 0x38, 0x07, 0x1C, 0x03, 0x8E, 0x01, 0xC7, 0x00, 0xE3, 0x80, 0x71, 0xC0, 0x38, 0xE0, 0x1C,
    0x70, 0x1E, 0x3C, 0x0E, 0x1E, 0x07, 0x07, 0xCF, 0x81, 0xFF, 0x80, 0x7F, 0x80, 0x00, 0x80, 0xFF,
    0x07, 0xF8, 0x08, 0xC7, 0x00, 0x1C, 0x00, 0x7E, 0x0F, 0xB8, 0x3C, 0xE0, 0xE3, 0x83, 0x8E, 0x0E,
    0x38, 0x38, 0xE0, 0xE3, 0x83, 0x8E, 0x0E, 0x38, 0x38, 0xF8, 0xE1, 0xFF, 0x83, 0xFE, 0x00, 0x00,
    0x03, 0x80, 0x01, 0xC0, 0x01, 0xFC, 0x03, 0xEE, 0x01, 0xC7, 0x00, 0xE3, 0x80, 0x71, 0xC0, 0x38,
    0xE0, 0x1C, 0x70, 0x0E, 0x38, 0x07, 0x1C, 0x03, 0x8E, 0x01, 0xC7, 0x00, 0xE3, 0x80, 0xF1, 0xE0,
    0x70, 0xF0, 0x38, 0x3E, 0x7C, 0x0F, 0xFC, 0x03, 0xFC, 0x00, 0x00, 0x00, 0x18, 0x00, 0x1E, 0x00,
    0x0F, 0x00, 0x03, 0x00, 0x00, 0x00, 0x1C, 0x00, 0x70, 0x01, 0xF8, 0x3E, 0xE0, 0xF3, 0x83, 0x8E,
    0x0E, 0x38, 0x38, 0xE0, 0xE3, 0x83, 0x8E, 0x0E, 0x38, 0x38, 0xE0, 0xE3, 0xE3, 0x87, 0xFE, 0x0F,
    0xF8, 0x00, 0x00, 0x18, 0x00, 0xE0, 0x03, 0x80, 0x0E, 0x00, 0x04, 0x00, 0x1C, 0x00, 0x1C, 0x00,
    0x1C, 0x00, 0x18, 0x00, 0x00, 0x00, 0x00, 0x78, 0x0F, 0x70, 0x1C, 0xF0, 0x38, 0xE0, 0xE1, 0xE3,
    0xC1, 0xC7, 0x03, 0xDE, 0x03, 0xB8, 0x07, 0xE0, 0x07, 0xC0, 0x07, 0x00, 0x0E, 0x00, 0x1C, 0x00,
    0x38, 0x00, 0x70, 0x00, 0xE0, 0x01, 0xC0, 0x03, 0x80, 0x0C, 0x00, 0xE0, 0x03, 0x80, 0x0E, 0x00,
    0x30, 0x00, 0x00, 0x00, 0x1E, 0x0E, 0x70, 0x73, 0x83, 0x9C, 0x1C, 0xF1, 0xC3, 0x8E, 0x1C, 0x70,
    0xF3, 0x03, 0xB8, 0x1D, 0xC0, 0x7C, 0x03, 0xE0, 0x1F, 0x00, 0x70, 0x03, 0x80, 0x18, 0x01, 0xC0,
    0xFC, 0x07, 0xC0, 0x00, 0x70, 0x0E, 0x78, 0x1E, 0x38, 0x1C, 0x3C, 0x3C, 0x1C, 0x38, 0x1E, 0x70,
    0x0E, 0xF0, 0x07, 0xE0, 0x07, 0xE0, 0x03, 0xC0, 0x03, 0x80, 0x03, 0x80, 0x03, 0x80, 0x03, 0x80,
    0x03, 0x80, 0x03, 0x80, 0x03, 0x80, 0x00, 0x00, 0x01, 0x80, 0x03, 0xC0, 0x03, 0xC0, 0x01, 0x80,
    0xF0, 0x73, 0x83, 0x9C, 0x1C, 0xF0, 0xE3, 0x8E, 0x1C, 0x70, 0xF3, 0x83, 0xB8, 0x1D, 0xC0, 0x7E,
    0x03, 0xE0, 0x0F, 0x00, 0x70, 0x03, 0x80, 0x38, 0xDF, 0xCF, 0xFC, 0x7B, 0x81, 0x80, 0x03, 0xC0,
    0x02, 0xC0, 0x00, 0xC0, 0x01, 0x80, 0x01, 0x80, 0x00, 0x00, 0x70, 0x0E, 0x78, 0x1E, 0x38, 0x1C,
    0x3C, 0x3C, 0x1C, 0x38, 0x1E, 0x70, 0x0E, 0xF0, 0x07, 0xE0, 0x07, 0xE0, 0x03, 0xC0, 0x03, 0x80,
    0x03, 0x80, 0x03, 0x80, 0x03, 0x80, 0x03, 0x80, 0x03, 0x80, 0x03, 0x80, 0x07, 0x00, 0x7C, 0x00,
    0x60, 0x06, 0x00, 0x20, 0x00, 0x03, 0xC1, 0xCE, 0x0E, 0x70, 0x73, 0xC3, 0x8E, 0x38, 0x71, 0xC3,
    0xCE, 0x0E, 0xE0, 0x77, 0x01, 0xF8, 0x0F, 0x80, 0x3C, 0x01, 0xC0, 0x0E, 0x00, 0xE0, 0x7F, 0x03,
    0xF0, 0x0E, 0x00, 0x07, 0x10, 0x0F, 0xF0, 0x0D, 0xE0, 0x00, 0x00, 0x00, 0x00, 0x00, 0x00, 0x70,
    0x0E, 0x78, 0x1E, 0x38, 0x1C, 0x3C, 0x3C, 0x1C, 0x38, 0x1E, 0x70, 0x0E, 0xF0, 0x07, 0xE0, 0x07,
    0xE0, 0x03, 0xC0, 0x03, 0x80, 0x03, 0x80, 0x03, 0x80, 0x03, 0x80, 0x03, 0x80, 0x03, 0x80, 0x03,
    0x80, 0x00, 0x40, 0xFF, 0x07, 0xF0, 0x23, 0x00, 0x00, 0x00, 0x03, 0xC1, 0xCE, 0x0E, 0x70, 0x73,
    0xC3, 0x8E, 0x38, 0x71, 0xC3, 0xCE, 0x0E, 0xE0, 0x77, 0x01, 0xF8, 0x0F, 0x80, 0x3C, 0x01, 0xC0,
    0x0E, 0x00, 0xE0, 0x7F, 0x03, 0xF0, 0x0E, 0x00, 0x00, 0x00, 0xFF, 0xFF, 0xC0, 0x8A, 0x88, 0xEA,
    0x90, 0x84, 0x21, 0x08, 0x42, 0x10, 0x84, 0x21, 0x00, 0x10, 0x2F, 0xE2, 0x92, 0x08, 0x20, 0x82,
    0x08, 0x20, 0x82, 0x08, 0x20, 0x82, 0x08, 0x00, 0x21, 0x0F, 0xD1, 0x24, 0x10, 0x41, 0x04, 0x10,
    0x41, 0x04, 0x10, 0x41, 0x04, 0x10, 0x40, 0xFF, 0xF0, 0xFF, 0xF0, 0xFF, 0xFF, 0xFF, 0xC0, 0xFF,
    0xFF, 0xFF, 0xFF, 0xFF, 0xFF, 0xC0, 0xFF, 0xFF, 0xFF, 0xFF, 0xFF, 0xFF, 0xC0, 0x27, 0x6E, 0xEE,
    0xE0, 0x77, 0x77, 0x6E, 0x40, 0x77, 0x77, 0x6E, 0x40, 0x21, 0x39, 0xD8, 0xDC, 0xEE, 0x77, 0x3B,
    0x9C, 0x73, 0xB9, 0xDC, 0xEE, 0x76, 0x37, 0x39, 0x08, 0x73, 0xB9, 0xDC, 0xEE, 0x76, 0x37, 0x39,
    0x08, 0x0E, 0x03, 0x80, 0xE0, 0x38, 0x0E, 0x03, 0x8F, 0xFF, 0xFF, 0x0E, 0x03, 0x80, 0xE0, 0x38,
    0x0E, 0x03, 0x80, 0xE0, 0x38, 0x0E, 0x03, 0x80, 0xE0, 0x38, 0x0E, 0x03, 0x80, 0x0E, 0x03, 0x80,
    0xE0, 0x38, 0x0E, 0x03, 0x8F, 0xFF, 0xFF, 0x0E, 0x03, 0x80, 0xE0, 0x38, 0x0E, 0x3F, 0xFF, 0xFC,
    0x38, 0x0E, 0x03, 0x80, 0xE0, 0x38, 0x0E, 0x03, 0x80, 0x38, 0xFB, 0xFF, 0xFF, 0xEF, 0x8E, 0x00,
    0x60, 0xC1, 0xBC, 0x78, 0xFF, 0x1E, 0x3D, 0x83, 0x06, 0x00, 0x3E, 0x07, 0x00, 0x01, 0xFC, 0x38,
    0x00, 0x0F, 0x78, 0xE0, 0x00, 0x38, 0xE7, 0x00, 0x00, 0xE3, 0x9C, 0x00, 0x03, 0x8E, 0xE0, 0x00,
    0x0F, 0x7B, 0x80, 0x00, 0x1F, 0xDC, 0x00, 0x00, 0x3E, 0x77, 0xC1, 0xF0, 0x03, 0xBF, 0x8F, 0xE0,
    0x0F, 0xEF, 0x7B, 0xC0, 0x77, 0x1D, 0xC7, 0x01, 0xDC, 0x77, 0x1C, 0x0E, 0x71, 0xDC, 0x70, 0x31,
    0xC7, 0x71, 0xC1, 0xC7, 0xBD, 0xEF, 0x06, 0x0F, 0xE3, 0xF8, 0x38, 0x1F, 0x07, 0xC0, 0x18, 0xF3,
    0x9C, 0xF3, 0x8F, 0x1C, 0x38, 0xE1, 0xC0, 0xE3, 0x87, 0x1E, 0x38, 0x73, 0xCE, 0x73, 0xCE, 0x00,
    0x00, 0x70, 0x0E, 0x00, 0xE0, 0x1C, 0x01, 0xC0, 0x38, 0x03, 0x80, 0x70, 0x07, 0x00, 0xE0, 0x0E,
    0x01, 0xC0, 0x18, 0x03, 0x80, 0x30, 0x07, 0x00, 0x60, 0x0E, 0x00, 0x67, 0xBC, 0xC0, 0x00, 0x00,
    0x07, 0xBC, 0xE7, 0x38, 0xC7, 0x3C, 0x7E, 0xE7, 0xC3, 0xC3, 0xC3, 0xC3, 0xE7, 0x7E, 0x3C, 0x0E,
    0x0E, 0x1E, 0x36, 0x66, 0xE6, 0xFF, 0xFF, 0x06, 0x06, 0x7E, 0xFD, 0x83, 0xE7, 0xE1, 0xC1, 0x83,
    0xFD, 0xF0, 0x1C, 0x79, 0x87, 0xEF, 0xF8, 0xF1, 0xE3, 0x7C, 0x70, 0xFF, 0xFC, 0x30, 0xE1, 0x83,
    0x0C, 0x18, 0x30, 0xE0, 0x7D, 0xFF, 0x1E, 0x37, 0xCF, 0xB1, 0xE3, 0xFE, 0xF8, 0x79, 0xFB, 0x1E,
    0x3F, 0xEF, 0xC3, 0x8E, 0x78, 0xE0, 0x3C, 0x7E, 0xE7, 0xC3, 0xC3, 0xC3, 0xC3, 0xE7, 0x7E, 0x3C,
    0x1B, 0xFF, 0xB1, 0x8C, 0x63, 0x18, 0xC0, 0x79, 0xFA, 0x30, 0x61, 0xC7, 0x1C, 0x70, 0xFF, 0xFC,
    0x7C, 0x7E, 0x46, 0x06, 0x3E, 0x3E, 0x03, 0x03, 0x7F, 0x7C, 0x0E, 0x0E, 0x1E, 0x36, 0x66, 0xE6,
    0xFF, 0xFF, 0x06, 0x06, 0x7E, 0xFD, 0x83, 0xE7, 0xE1, 0xC1, 0x83, 0xFD, 0xF0, 0x1C, 0x79, 0x87,
    0xEF, 0xF8, 0xF1, 0xE3, 0x7C, 0x70, 0xFF, 0xFC, 0x30, 0xE1, 0x83, 0x0C, 0x18, 0x30, 0xE0, 0x7D,
    0xFF, 0x1E, 0x37, 0xCF, 0xB1, 0xE3, 0xFE, 0xF8, 0x38, 0xFB, 0x3E, 0x3C, 0x7F, 0xDF, 0x86, 0x78,
    0xE0, 0xFF, 0x87, 0xFF, 0xC7, 0xE0, 0xE7, 0xE0, 0x67, 0xE6, 0x67, 0xE6, 0x67, 0xE6, 0x67, 0xE6,
    0x67, 0xE6, 0x67, 0xE6, 0x67, 0xE6, 0x67, 0xE6, 0x07, 0xE6, 0x0E, 0xE7, 0xFE, 0xE7, 0xF8, 0x03,
    0xF8, 0x7F, 0x87, 0x80, 0x38, 0x03, 0x80, 0x7F, 0xF3, 0xFF, 0x87, 0x00, 0x38, 0x01, 0xC0, 0x3F,
    0xF1, 0xFF, 0x83, 0x80, 0x0E, 0x00, 0x70, 0x01, 0xC1, 0x0F, 0xF8, 0x1F, 0xC0, 0xFF, 0xFF, 0xFF,
    0xC1, 0xC0, 0x0E, 0x00, 0x72, 0x03, 0xF0, 0x1F, 0x81, 0xF0, 0x3F, 0x01, 0xF9, 0x01, 0xF8, 0x0F,
    0xC0, 0xF8, 0x1F, 0x80, 0xFC, 0x04, 0xE0, 0x07, 0x00, 0x38, 0x00, 0x3F, 0x81, 0xFE, 0x08, 0x78,
    0x01, 0xC0, 0x0E, 0x7F, 0xFF, 0xFF, 0xE0, 0xF0, 0x0F, 0x00, 0xF0, 0x3F, 0xFF, 0xFF, 0xF7, 0x00,
    0x38, 0x01, 0xC0, 0x0F, 0x0C, 0x3F, 0xF0, 0x7F, 0x00, 0xFF, 0xF7, 0xFF, 0x80, 0xE0, 0x03, 0x8F,
    0xFF, 0x7F, 0xF0, 0x0F, 0x00, 0xF0, 0xFF, 0x07, 0xF0, 0x3C, 0x00, 0xF0, 0x03, 0xC0, 0x0F, 0x00,
    0x38, 0x01, 0xE0, 0x07, 0x80, 0x3F, 0x81, 0xFE, 0x00, 0x78, 0x00, 0xE0, 0x07, 0x00, 0x1C, 0x00,
    0xE1, 0xF7, 0x3F, 0xFB, 0xC3, 0xDC, 0x0F, 0xC0, 0x7E, 0x03, 0xF0, 0x1B, 0x81, 0xDC, 0x0E, 0x70,
    0xE3, 0xFE, 0x07, 0xE0, 0x01, 0xC0, 0x03, 0xC0, 0x03, 0xE0, 0x07, 0xE0, 0x07, 0xF0, 0x0F, 0x70,
    0x0E, 0x78, 0x0E, 0x38, 0x1C, 0x38, 0x1C, 0x3C, 0x3C, 0x1C, 0x38, 0x1E, 0x38, 0x1E, 0x78, 0x0E,
    0x70, 0x0F, 0x7F, 0xFF, 0xFF, 0xFF, 0xFF, 0xFF, 0xFF, 0xFE, 0x01, 0xF8, 0x07, 0xE0, 0x1F, 0x80,
    0x7E, 0x01, 0xF8, 0x07, 0xE0, 0x1F, 0x80, 0x7E, 0x01, 0xF8, 0x07, 0xE0, 0x1F, 0x80, 0x7E, 0x01,
    0xF8, 0x07, 0xE0, 0x1F, 0x80, 0x7E, 0x01, 0xC0, 0xFF, 0xFF, 0xFF, 0x70, 0x07, 0x80, 0x3C, 0x01,
    0xC0, 0x1E, 0x00, 0xF0, 0x07, 0x00, 0x78, 0x0F, 0x00, 0xE0, 0x1C, 0x03, 0xC0, 0x38, 0x07, 0x80,
    0x70, 0x0F, 0xFF, 0xFF, 0xF0, 0xFF, 0xFF, 0xFF, 0x00, 0x70, 0x0E, 0x00, 0xC0, 0x1C, 0x01, 0x80,
    0x38, 0x07, 0x00, 0x70, 0x0E, 0x00, 0xE0, 0x1C, 0x01, 0xC0, 0x38, 0x03, 0x80, 0x70, 0x06, 0x00,
    0xE0, 0x00, 0x6F, 0xF6, 0x00, 0x0E, 0x00, 0x1C, 0x00, 0x30, 0x00, 0xE0, 0x01, 0xC0, 0x03, 0x00,
    0x0E, 0x00, 0x1C, 0x00, 0x38, 0x00, 0xE0, 0x61, 0xC7, 0xE3, 0x87, 0xC6, 0x03, 0x9C, 0x03, 0xB8,
    0x07, 0x60, 0x07, 0xC0, 0x0F, 0x80, 0x0F, 0x00, 0x1C, 0x00, 0x38, 0xE3, 0xEF, 0xB1, 0xC7, 0x84,
    0x3C, 0x71, 0xBE, 0xF8, 0xE3, 0xC0, 0x03, 0x87, 0xC3, 0x83, 0x81, 0xC0, 0xE0, 0x70, 0x38, 0x1C,
    0x0E, 0x07, 0x03, 0x81, 0xC0, 0xE0, 0x70, 0x38, 0x1C, 0x0E, 0x07, 0x03, 0x83, 0x87, 0xC3, 0xC0,
    0x38, 0x37, 0xE3, 0xEF, 0xFC, 0x3C, 0x00, 0x01, 0x00, 0x7C, 0x3F, 0xE3, 0xEF, 0xEC, 0x3C, 0x00,
    0xC0, 0x0C, 0x01, 0xCF, 0xFF, 0xFF, 0xF0, 0x70, 0x06, 0x00, 0x60, 0x0E, 0x0F, 0xFF, 0xFF, 0xF3,
    0x80, 0x30, 0x03, 0x00, 0x00, 0x00, 0x0F, 0x03, 0xF1, 0xFC, 0x7F, 0x0F, 0x80, 0xF0, 0x0F, 0xE0,
    0x1F, 0x80, 0x7F, 0x01, 0xF0, 0x02, 0x00, 0x0F, 0xFF, 0xFF, 0xF0, 0x00, 0x0F, 0x00, 0xFC, 0x03,
    0xF8, 0x0F, 0xE0, 0x1F, 0x00, 0xF0, 0x7F, 0x1F, 0x8F, 0xE0, 0xF8, 0x04, 0x00, 0x00, 0x0F, 0xFF,
    0xFF, 0xF0, 0x1F, 0x07, 0xEF, 0xE3, 0xF9, 0xC0, 0x70, 0x70, 0x1C, 0x0E, 0x03, 0x81, 0xC0, 0x70,
    0x3F, 0xCF, 0xF7, 0xF9, 0xFE, 0xE0, 0x38, 0x1C, 0x07, 0x03, 0x80, 0xE0, 0x70, 0x1C, 0x0E, 0x03,
    0x81, 0xC0, 0x70, 0x38, 0x0E, 0x07, 0x01, 0xC0, 0xE0, 0x38, 0x1C, 0x07, 0x03, 0x80, 0xE0, 0x70,
    0x1C, 0x00, 0x1F, 0x3B, 0xF9, 0xDC, 0x0F, 0xC0, 0x7E, 0x00, 0x70, 0x03, 0xFC, 0xFF, 0xE7, 0xE0,
    0x3F, 0x01, 0xF8, 0x0F, 0xC0, 0x7E, 0x03, 0xF0, 0x1F, 0x80, 0xFC, 0x07, 0xE0, 0x3F, 0x01, 0xF8,
    0x0F, 0xC0, 0x70, 0x1F, 0x38, 0xFE, 0x71, 0xC0, 0xE7, 0x01, 0xCE, 0x03, 0x9C, 0x07, 0x3F, 0xCE,
    0x7F, 0x9C, 0xE0, 0x39, 0xC0, 0x73, 0x80, 0xE7, 0x01, 0xCE, 0x03, 0x9C, 0x07, 0x38, 0x0E, 0x70,
    0x1C, 0xE0, 0x39, 0xC0, 0x7F, 0x80, 0x7F, 0x00, 0x70, 0x1F, 0x07, 0xCE, 0xFE, 0x3F, 0x9D, 0xC0,
    0x70, 0x3F, 0x01, 0xC0, 0x7E, 0x03, 0x80, 0x1C, 0x07, 0x00, 0x3F, 0xCF, 0xF3, 0xFF, 0x9F, 0xE7,
    0xE0, 0x38, 0x0F, 0xC0, 0x70, 0x1F, 0x80, 0xE0, 0x3F, 0x01, 0xC0, 0x7E, 0x03, 0x80, 0xFC, 0x07,
    0x01, 0xF8, 0x0E, 0x03, 0xF0, 0x1C, 0x07, 0xE0, 0x38, 0x0F, 0xC0, 0x70, 0x1F, 0x80, 0xE0, 0x3F,
    0x01, 0xC0, 0x70, 0x1F, 0x07, 0xCE, 0x3F, 0x8F, 0xE7, 0x1C, 0x07, 0x03, 0x9C, 0x07, 0x01, 0xCE,
    0x03, 0x80, 0xE7, 0x01, 0xC0, 0x73, 0xFC, 0xFF, 0x39, 0xFE, 0x7F, 0x9C, 0xE0, 0x38, 0x0E, 0x70,
    0x1C, 0x07, 0x38, 0x0E, 0x03, 0x9C, 0x07, 0x01, 0xCE, 0x03, 0x80, 0xE7, 0x01, 0xC0, 0x73, 0x80,
    0xE0, 0x39, 0xC0, 0x70, 0x1C, 0xE0, 0x38, 0x0E, 0x70, 0x1C, 0x07, 0xF8, 0x0E, 0x01, 0xFC, 0x07,
    0x00, 0x70, 0x00, 0x00, 0x39, 0x00, 0x00, 0xEE, 0x00, 0x03, 0xF8, 0x00, 0x07, 0xE0, 0x00, 0x1F,
    0x80, 0x00, 0x7F, 0x00, 0x03, 0xFE, 0x00, 0x3F, 0x7F, 0xFF, 0xF8, 0xFF, 0xFF, 0x80, 0xFF, 0xF0,
    0x00, 0x00, 0x00, 0x00, 0x00, 0x00, 0x07, 0x70, 0x00, 0x1D, 0xC0, 0x00, 0x77, 0x00, 0x00, 0x70,
    0x00, 0x01, 0xC0, 0x00, 0x07, 0x00, 0x00, 0x60, 0x00, 0x00, 0x1C, 0x00, 0x00, 0x03, 0x80, 0x00,
    0x30, 0x70, 0x00, 0x0F, 0x0E, 0x00, 0x03, 0xE1, 0xE0, 0x01, 0xFC, 0x3E, 0x00, 0xFD, 0xFB, 0xFF,
    0xFF, 0x3F, 0x3F, 0xFF, 0x81, 0xE1, 0xFF, 0x80, 0x00, 0x00, 0x00, 0x00, 0x00, 0x00, 0x00, 0x00,
    0x1D, 0xC0, 0x00, 0x03, 0xB8, 0x00, 0x00, 0x77, 0x00, 0x00, 0x03, 0x80, 0x00, 0x00, 0x70, 0x00,
    0x00, 0x0E, 0x00, 0x00, 0x1C, 0x38, 0x78, 0x70, 0xE1, 0xC3, 0x8F, 0xFD, 0xFB, 0xC0, 0x00, 0x1D,
    0xFB, 0xF7, 0x38, 0x70, 0xE0, 0x0E, 0x01, 0xC0, 0x38, 0x0F, 0x03, 0xE1, 0xFF, 0xFF, 0xFF, 0x1F,
    0x00, 0x00, 0x01, 0xDC, 0x3B, 0x87, 0x70, 0x38, 0x07, 0x00, 0xE0, 0x00, 0x40, 0x00, 0x01, 0x00,
    0x00, 0x05, 0xC0, 0x00, 0x19, 0x00, 0x00, 0x44, 0x00, 0x03, 0xE0, 0x00, 0x00, 0x00, 0x00, 0x00,
    0x0E, 0x60, 0x00, 0x3B, 0x80, 0x00, 0xFE, 0x00, 0x01, 0xF8, 0x00, 0x07, 0xE0, 0x00, 0x1F, 0xC0,
    0x00, 0xFF, 0x80, 0x0F, 0x9F, 0xFF, 0xFE, 0x3F, 0xFF, 0xE0, 0x3F, 0xFC, 0x00, 0x00, 0x40, 0x00,
    0x00, 0x08, 0x00, 0x00, 0x01, 0x70, 0x00, 0x00, 0x32, 0x00, 0x00, 0x04, 0x40, 0x00, 0x01, 0xF0,
    0x00, 0x00, 0x00, 0x00, 0x00, 0x00, 0x00, 0x00, 0x70, 0x00, 0x00, 0x1C, 0x00, 0x00, 0x03, 0x80,
    0x00, 0x30, 0x70, 0x00, 0x0F, 0x0E, 0x00, 0x03, 0xE1, 0xE0, 0x00, 0xFC, 0x3E, 0x00, 0xFD, 0xFB,
    0xFF, 0xFF, 0x3F, 0x3F, 0xFF, 0x81, 0xE1, 0xFF, 0x80, 0x00, 0x40, 0x81, 0x73, 0xA6, 0x49, 0xBE,
    0x00, 0x00, 0x00, 0xE1, 0xC3, 0x87, 0x87, 0x0E, 0x1C, 0x7B, 0xE7, 0xCE, 0x00, 0x10, 0x02, 0x00,
    0x5C, 0x0C, 0x81, 0x90, 0x7C, 0x00, 0x00, 0x00, 0x00, 0x00, 0x00, 0x70, 0x0E, 0x01, 0xC0, 0x38,
    0x0F, 0x87, 0xFF, 0xF7, 0xFC, 0x7C, 0x7E, 0x00, 0x7F, 0x80, 0x7F, 0xF0, 0x01, 0xFE, 0x00, 0x7E,
    0x01, 0xFE, 0x07, 0xF0, 0x0F, 0x80, 0x1E, 0x00, 0x3C, 0x00, 0x78, 0x00, 0x73, 0xF0, 0xE3, 0xF0,
    0xE1, 0xC0, 0xE1, 0xC0, 0xE1, 0xC0, 0xF0, 0x00, 0x70, 0x00, 0x7C, 0x06, 0x3F, 0xFE, 0x1F, 0xFF,
    0x03, 0xF8, 0x7E, 0x00, 0x0F, 0xF0, 0x01, 0xFF, 0x80, 0x00, 0xFF, 0x00, 0x07, 0xE0, 0x03, 0xFC,
    0x01, 0xFF, 0x00, 0x7C, 0xE0, 0x1E, 0x0E, 0x07, 0x81, 0xFD, 0xEF, 0xDF, 0xB9, 0xF9, 0xFE, 0x3F,
    0x01, 0xC3, 0x80, 0x38, 0x70, 0x07, 0x0E, 0x00, 0xF0, 0x00, 0x0E, 0x00, 0x01, 0xF0, 0x18, 0x1F,
    0xFF, 0x01, 0xFF, 0xF0, 0x07, 0xF0, 0x00, 0x3F, 0x00, 0x7F, 0x80, 0xFF, 0xC0, 0x07, 0xE0, 0x03,
    0xE0, 0x0F, 0xC1, 0xFC, 0x3F, 0xE0, 0xFF, 0x01, 0xF0, 0x00, 0x00, 0x00, 0x00, 0x00, 0xEE, 0x01,
    0xDC, 0x03, 0xB8, 0x01, 0xC0, 0x03, 0x80, 0x07, 0x00, 0x7E, 0x00, 0x3F, 0xC0, 0x1F, 0xF8, 0x00,
    0x3F, 0x00, 0x07, 0xC0, 0x07, 0xE0, 0x1F, 0xC1, 0xFF, 0x7E, 0xFE, 0x1F, 0x78, 0x07, 0x80, 0x00,
    0x00, 0x00, 0x01, 0xDC, 0x00, 0xEE, 0x00, 0x77, 0x00, 0x0E, 0x00, 0x07, 0x00, 0x03, 0x80, 0x00,
    0x20, 0x08, 0x02, 0xE0, 0xCC, 0x33, 0x1F, 0x80, 0x00, 0x00, 0x00, 0x01, 0x81, 0xE0, 0x3C, 0x07,
    0x01, 0xE0, 0x38, 0x07, 0x01, 0xC0, 0x74, 0x3F, 0xFF, 0xFF, 0x9F, 0x80, 0x20, 0x00, 0x80, 0x02,
    0xE0, 0x0C, 0x80, 0x22, 0x01, 0xF8, 0x00, 0x00, 0x00, 0x00, 0x00, 0x00, 0x18, 0x01, 0xE0, 0x03,
    0xC0, 0x07, 0x00, 0x1E, 0x00, 0x38, 0x00, 0xF0, 0x01, 0xC0, 0x07, 0x04, 0x3E, 0x3F, 0xFF, 0xFF,
    0xFD, 0xF8, 0xF0, 0x0E, 0x07, 0x03, 0x87, 0x73, 0xB9, 0xDC, 0x00, 0x00, 0x00, 0x03, 0x03, 0x81,
    0xE0, 0x70, 0x38, 0x1C, 0x0E, 0x07, 0x07, 0x83, 0x87, 0xC7, 0xC7, 0xC3, 0x80, 0x00, 0x0E, 0x00,
    0x70, 0x03, 0x80, 0x77, 0x03, 0xB8, 0x1D, 0xC0, 0x00, 0x00, 0x00, 0x00, 0x00, 0x30, 0x03, 0xC0,
    0x0E, 0x00, 0x78, 0x01, 0xC0, 0x0E, 0x00, 0x7E, 0x03, 0xF0, 0x3F, 0x83, 0xC0, 0x3E, 0x07, 0xE0,
    0x7C, 0x01, 0xC0, 0x08, 0x00, 0x10, 0x08, 0x04, 0x02, 0xE1, 0x90, 0xC8, 0xF8, 0x00, 0x00, 0x00,
    0x00, 0x01, 0xC0, 0xE0, 0x78, 0x1C, 0x0E, 0x07, 0x03, 0x81, 0xC1, 0xC1, 0xE1, 0xE3, 0xE1, 0xE0,
    0x40, 0x00, 0x10, 0x00, 0x80, 0x05, 0xC0, 0x32, 0x01, 0x90, 0x1F, 0x00, 0x00, 0x00, 0x00, 0x00,
    0x00, 0x00, 0x03, 0x80, 0x1C, 0x00, 0xF0, 0x03, 0x80, 0x1C, 0x00, 0xF0, 0x07, 0xF0, 0x3F, 0x83,
    0xDC, 0x1C, 0x01, 0xE0, 0x3E, 0x03, 0xE0, 0x0E, 0x00, 0x40, 0x00, 0x00, 0x00, 0x30, 0x00, 0x07,
    0xC0, 0x00, 0xFC, 0x00, 0x1F, 0x80, 0x01, 0xF0, 0x00, 0x0E, 0x00, 0x00, 0x78, 0x00, 0x01, 0xE0,
    0x60, 0x07, 0x87, 0x00, 0x1C, 0x38, 0x00, 0x71, 0xC0, 0x03, 0xCE, 0x00, 0x0E, 0x78, 0x00, 0x73,
    0xE0, 0x07, 0x8F, 0xFF, 0xF8, 0x3F, 0xFF, 0x80, 0x7F, 0xF0, 0x00, 0x00, 0x00, 0x10, 0x00, 0x00,
    0x70, 0x00, 0x01, 0xF8, 0x00, 0x07, 0xE0, 0x00, 0x0F, 0x80, 0x00, 0x1E, 0x00, 0x00, 0x1C, 0x00,
    0x00, 0x1E, 0x00, 0x00, 0x0F, 0x00, 0x60, 0x07, 0x80, 0xE0, 0x03, 0xC0, 0xE0, 0x01, 0xC0, 0xE0,
    0x01, 0xE0, 0xE0, 0x00, 0xF0, 0xF0, 0x00, 0xF8, 0xF8, 0x01, 0xFF, 0x7F, 0xFF, 0xDF, 0x3F, 0xFF,
    0x8F, 0x0F, 0xFE, 0x00, 0x00, 0xC0, 0x78, 0x1F, 0x8F, 0xC3, 0xE0, 0xF0, 0x1C, 0x03, 0xC0, 0x3C,
    0x03, 0xC0, 0x3C, 0x03, 0x80, 0x38, 0x07, 0x00, 0xE3, 0xFC, 0x7F, 0x1F, 0x80, 0x00, 0x40, 0x07,
    0x00, 0x7E, 0x07, 0xE0, 0x3E, 0x01, 0xE0, 0x07, 0x00, 0x1E, 0x00, 0x3C, 0x00, 0x78, 0x00, 0xF0,
    0x01, 0xC0, 0x03, 0x80, 0x0F, 0x00, 0x3E, 0x1F, 0xFF, 0x7F, 0x7F, 0xF0, 0xF0, 0x00, 0x00, 0x40,
    0x00, 0x0F, 0x00, 0x01, 0xF0, 0x00, 0x1E, 0x00, 0x03, 0xC3, 0x00, 0x0C, 0x7C, 0x00, 0x0F, 0xC0,
    0x01, 0xF8, 0x00, 0x1F, 0x00, 0x00, 0xE0, 0x00, 0x07, 0x80, 0x00, 0x1E, 0x06, 0x00, 0x78, 0x70,
    0x01, 0xC3, 0x80, 0x07, 0x1C, 0x00, 0x3C, 0xE0, 0x00, 0xE7, 0x80, 0x07, 0x3E, 0x00, 0x78, 0xFF,
    0xFF, 0x83, 0xFF, 0xF8, 0x07, 0xFF, 0x00, 0x00, 0x00, 0xC0, 0x00, 0x03, 0xE0, 0x00, 0x07, 0x80,
    0x00, 0x1E, 0x10, 0x00, 0x1C, 0x70, 0x00, 0x11, 0xF8, 0x00, 0x07, 0xE0, 0x00, 0x0F, 0x80, 0x00,
    0x1E, 0x00, 0x00, 0x1C, 0x00, 0x00, 0x1E, 0x00, 0x00, 0x0F, 0x00, 0x60, 0x07, 0x80, 0xE0, 0x03,
    0xC0, 0xE0, 0x01, 0xC0, 0xE0, 0x01, 0xE0, 0xE0, 0x00, 0xF0, 0xF0, 0x00, 0xF8, 0xF8, 0x01, 0xFF,
    0x7F, 0xFF, 0xDF, 0x3F, 0xFF, 0x8F, 0x0F, 0xFE, 0x00, 0x03, 0x01, 0xF0, 0x78, 0x3C, 0x66, 0x3C,
    0x8F, 0xC7, 0xE1, 0xF0, 0x78, 0x0E, 0x01, 0xE0, 0x1E, 0x01, 0xE0, 0x1E, 0x01, 0xC0, 0x1C, 0x03,
    0x80, 0x71, 0xFE, 0x3F, 0x8F, 0xC0, 0x03, 0x00, 0x3E, 0x01, 0xE0, 0x1E, 0x10, 0x71, 0xC1, 0x1F,
    0x81, 0xF8, 0x0F, 0x80, 0x78, 0x01, 0xC0, 0x07, 0x80, 0x0F, 0x00, 0x1E, 0x00, 0x3C, 0x00, 0x70,
    0x00, 0xE0, 0x03, 0xC0, 0x0F, 0x87, 0xFF, 0xDF, 0xDF, 0xFC, 0x3C, 0x00, 0x00, 0x00, 0x38, 0x00,
    0x70, 0x00, 0xE6, 0x00, 0xEE, 0x01, 0xF8, 0x03, 0xF0, 0x07, 0xE0, 0x0F, 0xC0, 0x1F, 0xC0, 0x77,
    0xC1, 0xE7, 0xFF, 0x87, 0xFE, 0x03, 0xF0, 0x00, 0x00, 0x1C, 0x00, 0x03, 0x81, 0x00, 0x78, 0x38,
    0x07, 0x0E, 0x00, 0xF1, 0xC0, 0x1F, 0xF8, 0x03, 0xFF, 0x00, 0x7F, 0xE0, 0x0E, 0x1E, 0x03, 0xC1,
    0xE0, 0xF0, 0x3F, 0xFC, 0x03, 0xFF, 0x00, 0x1F, 0x80, 0x00, 0x18, 0x0E, 0x07, 0x87, 0xC3, 0xF3,
    0xBB, 0x8F, 0xC7, 0xE3, 0xF1, 0xFF, 0xCF, 0xE3, 0xE0, 0x1F, 0x00, 0x7F, 0x01, 0xFF, 0x07, 0x8E,
    0x0E, 0x1C, 0x1C, 0x1C, 0x38, 0x3F, 0x38, 0x3E, 0x00, 0x3C, 0x38, 0xE3, 0xC7, 0x1C, 0x71, 0xCF,
    0xFB, 0xEE, 0x00, 0x18, 0xC3, 0x8E, 0x18, 0x01, 0xC0, 0x3E, 0x1F, 0xF1, 0xFD, 0x9F, 0x8C, 0xE0,
    0x76, 0x03, 0xB0, 0x0F, 0x80, 0x7C, 0x01, 0xC0, 0x00, 0x00, 0x01, 0x00, 0x03, 0x80, 0x03, 0xC0,
    0x03, 0xE0, 0x07, 0xF0, 0x0E, 0x78, 0x0E, 0x7C, 0x0E, 0x7E, 0x0E, 0x7F, 0x0F, 0xF7, 0x07, 0xE7,
    0xFF, 0xFF, 0xFF, 0xFE, 0xFC, 0x7C, 0x00, 0xE0, 0x00, 0xF8, 0x00, 0xFE, 0x00, 0xF7, 0x00, 0x73,
    0x80, 0x39, 0xC0, 0x38, 0xE0, 0x1C, 0xE0, 0x0E, 0xE0, 0x7F, 0xFF, 0xFF, 0xFF, 0xFF, 0xC3, 0xF0,
    0xF1, 0xC0, 0x38, 0xE0, 0x1F, 0xF0, 0x07, 0xF0, 0x01, 0xF0, 0x00, 0x04, 0x00, 0x38, 0x00, 0xF0,
    0x03, 0xE0, 0x1F, 0xC0, 0xE7, 0x83, 0x9F, 0x0E, 0x7E, 0x39, 0xFC, 0xFF, 0x71, 0xF9, 0xDF, 0xFF,
    0xFF, 0xFB, 0xC7, 0xC0, 0x03, 0x80, 0x0F, 0x80, 0x3F, 0x80, 0xF7, 0x01, 0xCE, 0x03, 0x9C, 0x0E,
    0x38, 0x1C, 0xE0, 0x3B, 0x81, 0xFF, 0xFF, 0xFF, 0xFF, 0xC3, 0xF3, 0xC7, 0x03, 0x8E, 0x07, 0xFC,
    0x07, 0xF0, 0x07, 0xC0, 0x00, 0x00, 0x00, 0x3C, 0x00, 0x03, 0xF0, 0x00, 0x1D, 0xC0, 0x01, 0xCE,
    0x00, 0x1E, 0x38, 0x01, 0xC1, 0x00, 0x1C, 0x00, 0x00, 0xE0, 0x00, 0x07, 0xC0, 0x00, 0xDF, 0xFF,
    0xFE, 0x7F, 0xFF, 0xF0, 0x7F, 0xFF, 0x00, 0x01, 0xFE, 0x3F, 0xFC, 0xFF, 0xFB, 0xF0, 0x0F, 0x00,
    0x1C, 0x00, 0x3E, 0x00, 0x3F, 0xFE, 0x3F, 0xFC, 0x1F, 0xF8, 0x38, 0x00, 0x03, 0x00, 0x00, 0x18,
    0x00, 0x00, 0x78, 0x00, 0x07, 0x80, 0x00, 0x00, 0x00, 0x00, 0x0C, 0x00, 0x00, 0xF8, 0x00, 0x0F,
    0xC0, 0x00, 0xEF, 0x00, 0x0F, 0x38, 0x00, 0xF1, 0xC0, 0x07, 0x00, 0x00, 0x70, 0x00, 0x03, 0x80,
    0x00, 0x1F, 0x00, 0x07, 0x7F, 0xFF, 0xF9, 0xFF, 0xFF, 0xC1, 0xFF, 0xF8, 0x1C, 0x00, 0x60, 0x00,
    0xC0, 0x00, 0xF0, 0x03, 0x80, 0x00, 0x00, 0x00, 0x7F, 0x8F, 0xFF, 0x3F, 0xFE, 0xFC, 0x03, 0xC0,
    0x07, 0x00, 0x0F, 0x80, 0x0F, 0xFF, 0x8F, 0xFF, 0x07, 0xFE, 0x00, 0x0F, 0x80, 0x07, 0xF0, 0x03,
    0xF8, 0x01, 0xE2, 0x00, 0xF0, 0x00, 0x38, 0x06, 0x0E, 0x01, 0xC3, 0xE0, 0xE0, 0x7E, 0x38, 0x07,
    0xCE, 0x00, 0x3B, 0x80, 0x0E, 0xF0, 0x07, 0xBE, 0x07, 0xC7, 0xFF, 0xE0, 0xFF, 0xF0, 0x0F, 0xE0,
    0x00, 0x40, 0x00, 0x07, 0x01, 0x00, 0xE0, 0x1E, 0x0E, 0x01, 0xFE, 0xE0, 0x0F, 0xEE, 0x00, 0x3E,
    0xE0, 0x03, 0x8F, 0x00, 0x78, 0x78, 0x0F, 0x07, 0xFF, 0xF0, 0x3F, 0xFC, 0x00, 0xFF, 0x00, 0x1C,
    0x38, 0x78, 0x70, 0xE1, 0xC3, 0x8F, 0xFD, 0xFB, 0xC0, 0x00, 0x1D, 0xFB, 0xF7, 0x0E, 0x01, 0xC0,
    0x30, 0x0E, 0x03, 0xE1, 0xFF, 0xFF, 0xFF, 0x1F, 0x00, 0x00, 0x01, 0xDC, 0x3B, 0x87, 0x70, 0x1F,
    0x0F, 0xC7, 0xE1, 0xE0, 0x70, 0x1C, 0x07, 0x88, 0xFE, 0x3F, 0xFF, 0xCF, 0x81, 0x00, 0x71, 0xFF,
    0x0E, 0x00, 0x00, 0x1C, 0x1C, 0x1C, 0x1C, 0x1C, 0x1C, 0x1C, 0x1C, 0x1C, 0x1C, 0x1C, 0x1C, 0x1C,
    0x1C, 0x1C, 0x1C, 0x70, 0x3F, 0xC0, 0xE0, 0x00, 0x00, 0x07, 0x01, 0xC0, 0x70, 0x1C, 0x07, 0x01,
    0xC0, 0x70, 0x1C, 0x07, 0x01, 0xC0, 0x70, 0x1C, 0x07, 0x01, 0xC0, 0x78, 0x1F, 0xC3, 0xF0, 0x7C,
    0x76, 0x31, 0xEF, 0x60, 0x00, 0x73, 0x9C, 0xE7, 0x39, 0xCE, 0x73, 0x9C, 0xE7, 0x39, 0xCE, 0x70,
    0x60, 0x30, 0x1E, 0x0F, 0x86, 0x00, 0x00, 0x00, 0x70, 0x38, 0x1C, 0x0E, 0x07, 0x03, 0x81, 0xC0,
    0xE0, 0x70, 0x38, 0x1C, 0x0E, 0x07, 0x03, 0x81, 0xE0, 0xFE, 0x3F, 0x0F, 0x80, 0x0E, 0x06, 0x01,
    0x80, 0x38, 0x1E, 0x04, 0x00, 0x00, 0x38, 0x1F, 0x0F, 0xE7, 0xB9, 0xC7, 0x71, 0xDC, 0x77, 0xFC,
    0xFF, 0x1F, 0xC0, 0xE0, 0x78, 0xFC, 0x7E, 0x1E, 0x04, 0x00, 0x0E, 0x00, 0x60, 0x01, 0x80, 0x03,
    0x80, 0x1E, 0x00, 0x00, 0x00, 0x00, 0x03, 0x80, 0x1F, 0x00, 0xFE, 0x03, 0xBC, 0x1C, 0x70, 0x71,
    0xC1, 0xC7, 0x07, 0xFF, 0x8F, 0xFE, 0x1F, 0xF8, 0x0E, 0x00, 0x78, 0x0F, 0xC0, 0x7E, 0x01, 0xE0,
    0x04, 0x00, 0x00, 0xE7, 0x39, 0xCE, 0x73, 0x9C, 0xE7, 0x39, 0xCE, 0x73, 0x9C, 0xE7, 0x00, 0x06,
    0x63, 0x0E, 0xF0, 0xE1, 0xC3, 0x87, 0x0E, 0x1C, 0x38, 0x70, 0xE1, 0xC3, 0x87, 0x0E, 0x1C, 0x3C,
    0x7F, 0x7E, 0x7C, 0x00, 0x07, 0x18, 0x30, 0x3C, 0xF0, 0x1C, 0x00, 0x0C, 0x03, 0xF3, 0x01, 0xFC,
    0xE0, 0xFE, 0x1E, 0x78, 0x8E, 0x3C, 0x00, 0x0E, 0x01, 0x83, 0x80, 0x70, 0xF8, 0x38, 0x1F, 0x8E,
    0x01, 0xF3, 0x80, 0x0E, 0xE0, 0x03, 0xBC, 0x01, 0xEF, 0x81, 0xF1, 0xFF, 0xF8, 0x3F, 0xFC, 0x03,
    0xF8, 0x00, 0x1C, 0x00, 0x03, 0x00, 0x00, 0x30, 0x00, 0x01, 0xE0, 0x00, 0x3C, 0x00, 0x00, 0x00,
    0x00, 0x40, 0x00, 0x07, 0x01, 0x00, 0xF0, 0x1E, 0x0E, 0x01, 0xFE, 0xE0, 0x0F, 0xEE, 0x00, 0x3E,
    0xE0, 0x03, 0x8F, 0x00, 0x78, 0x78, 0x0F, 0x07, 0xFF, 0xF0, 0x3F, 0xFC, 0x00, 0xFF, 0x00, 0x66,
    0x30, 0xEE, 0x00, 0x06, 0x31, 0x8E, 0x73, 0x9C, 0xFF, 0xF7, 0x00, 0x1C, 0x06, 0x00, 0xC0, 0x0E,
    0x03, 0xC0, 0x40, 0x00, 0x00, 0x00, 0x0C, 0x01, 0x80, 0x30, 0x0E, 0x01, 0xE1, 0xFF, 0xBD, 0xF7,
    0x1E, 0xFF, 0xFF, 0xFF, 0xFF, 0xFF, 0xFF, 0xFC, 0xE1, 0xC3, 0x87, 0x0E, 0x1C, 0x38, 0x70, 0xE1,
    0xC3, 0x87, 0x0E, 0x1C, 0x3C, 0x7F, 0x7E, 0x7C, 0x00, 0x00, 0x39, 0x00, 0x00, 0xEE, 0x00, 0x03,
    0xF8, 0x00, 0x07, 0xE0, 0x00, 0x1F, 0x80, 0x00, 0x7F, 0x00, 0x03, 0xFE, 0x00, 0x3F, 0x7F, 0xFF,
    0xF8, 0xFF, 0xFF, 0x80, 0xFF, 0xF0, 0x00, 0x00, 0x00, 0x00, 0x00, 0x00, 0x01, 0xC0, 0x00, 0x07,
    0x00, 0x00, 0x1C, 0x00, 0x60, 0x00, 0x00, 0x1C, 0x00, 0x00, 0x03, 0x80, 0x00, 0x30, 0x70, 0x00,
    0x0F, 0x0E, 0x00, 0x03, 0xE1, 0xE0, 0x01, 0xFC, 0x3E, 0x00, 0xFD, 0xFB, 0xFF, 0xFF, 0x3F, 0x3F,
    0xFF, 0x81, 0xE1, 0xFF, 0x80, 0x00, 0x00, 0x00, 0x00, 0x00, 0x00, 0x00, 0x00, 0x07, 0x00, 0x00,
    0x00, 0xE0, 0x00, 0x00, 0x1C, 0x00, 0x00, 0x78, 0xE3, 0x87, 0x1C, 0x71, 0xCF, 0xFB, 0xEE, 0x00,
    0x01, 0xC7, 0x1C, 0x0E, 0x01, 0xC0, 0x38, 0x0F, 0x01, 0xE0, 0xFF, 0xDF, 0xFF, 0x1F, 0x00, 0x00,
    0x00, 0x70, 0x0E, 0x01, 0xC0, 0x77, 0x3B, 0x9D, 0xC0, 0x00, 0x00, 0x80, 0x60, 0x78, 0x3E, 0x1F,
    0x9D, 0xCC, 0x7E, 0x3F, 0x1F, 0x8F, 0xFF, 0x7F, 0x1F, 0x00, 0x3B, 0x80, 0xEE, 0x03, 0xB8, 0x00,
    0x00, 0x00, 0x00, 0x00, 0x00, 0x38, 0x00, 0xE0, 0x0F, 0x80, 0x7E, 0x07, 0xF8, 0x1E, 0xE0, 0xE3,
    0x83, 0x8E, 0x0E, 0x38, 0x3F, 0xE0, 0x7F, 0xC0, 0xFF, 0xE0, 0x1F, 0x80, 0x3E, 0x01, 0xDC, 0x00,
    0x07, 0x70, 0x00, 0x1D, 0xC0, 0x00, 0x00, 0x0E, 0x40, 0x00, 0x39, 0x80, 0x00, 0xFE, 0x00, 0x01,
    0xF8, 0x00, 0x07, 0xE0, 0x00, 0x1F, 0xC0, 0x00, 0xFF, 0x80, 0x0F, 0xDF, 0xFF, 0xFE, 0x3F, 0xFF,
    0xF0, 0x3F, 0xFC, 0x00, 0x00, 0xEE, 0x00, 0x00, 0x1D, 0xC0, 0x00, 0x03, 0xB8, 0x00, 0x00, 0x00,
    0x00, 0x04, 0x00, 0x00, 0x00, 0xC0, 0x00, 0x00, 0x38, 0x00, 0x03, 0x07, 0x00, 0x00, 0xF0, 0xE0,
    0x00, 0x3E, 0x1E, 0x00, 0x0F, 0xC3, 0xE0, 0x0F, 0xDF, 0xBF, 0xFF, 0xF3, 0xF3, 0xFF, 0xF8, 0x1E,
    0x1F, 0xF8, 0x00, 0x00, 0xEF, 0xDF, 0xB8, 0x00, 0x01, 0x0E, 0x1C, 0x1C, 0x38, 0x70, 0xE1, 0xC7,
    0x9E, 0x7C, 0xE0, 0x3B, 0x83, 0xB8, 0x3B, 0x80, 0x00, 0x00, 0x00, 0x00, 0x0E, 0x00, 0xE0, 0x0E,
    0x01, 0xE0, 0x1E, 0x0F, 0xFE, 0xFF, 0xEF, 0x1E, 0x00, 0x38, 0x00, 0x00, 0xE0, 0x00, 0x03, 0x80,
    0x00, 0x3F, 0x00, 0x00, 0xFC, 0x00, 0x03, 0xF0, 0x00, 0x00, 0x03, 0x90, 0x00, 0x0E, 0x60, 0x00,
    0x3F, 0x80, 0x00, 0x7E, 0x00, 0x01, 0xF8, 0x00, 0x07, 0xF0, 0x00, 0x1F, 0xE0, 0x03, 0xF7, 0xFF,
    0xFF, 0x8F, 0xFF, 0xFC, 0x0F, 0xFF, 0x80, 0x00, 0x38, 0x00, 0x00, 0x07, 0x00, 0x00, 0x00, 0xE0,
    0x00, 0x00, 0x77, 0x00, 0x00, 0x0E, 0xE0, 0x00, 0x01, 0xDC, 0x00, 0x00, 0x00, 0x00, 0x02, 0x00,
    0x00, 0x00, 0x60, 0x00, 0x00, 0x1C, 0x00, 0x01, 0x83, 0x80, 0x00, 0x78, 0x70, 0x00, 0x1F, 0x0F,
    0x00, 0x07, 0xE1, 0xF0, 0x07, 0xEF, 0xDF, 0xFF, 0xF9, 0xF9, 0xFF, 0xFC, 0x0F, 0x0F, 0xFC, 0x00,
    0x00, 0x38, 0x70, 0xE7, 0x7E, 0xFD, 0xC0, 0x00, 0x08, 0x70, 0xE1, 0xE1, 0xC3, 0x87, 0x0E, 0x3D,
    0xF3, 0xE7, 0x00, 0x0E, 0x01, 0xC0, 0x38, 0x1D, 0xC3, 0xB8, 0x77, 0x00, 0x00, 0x00, 0x00, 0x01,
    0xC0, 0x38, 0x07, 0x01, 0xE0, 0x3C, 0x3F, 0xFF, 0xFF, 0xE3, 0xE0, 0x7E, 0x00, 0xFF, 0x01, 0xFF,
    0x80, 0x0F, 0xE0, 0x07, 0xC0, 0x3F, 0xC1, 0xF8, 0x07, 0xC0, 0x3E, 0x00, 0x70, 0x01, 0xC0, 0x03,
    0x80, 0x0E, 0x0E, 0x1C, 0x1C, 0x38, 0x38, 0x70, 0x00, 0xF0, 0x01, 0xE0, 0x01, 0xF0, 0x11, 0xFF,
    0xF1, 0xFF, 0xE0, 0xFF, 0x00, 0x7E, 0x00, 0x1F, 0xE0, 0x07, 0xFE, 0x00, 0x07, 0xF0, 0x00, 0x7C,
    0x00, 0x7F, 0x00, 0x7F, 0x80, 0x3C, 0xE0, 0x3E, 0x1C, 0x0E, 0x07, 0xF7, 0x00, 0xFD, 0xC0, 0x1F,
    0xE0, 0xE0, 0x38, 0x38, 0x0E, 0x0E, 0x03, 0x80, 0x00, 0xE0, 0x00, 0x3C, 0x00, 0x07, 0xC0, 0x40,
    0xFF, 0xF8, 0x1F, 0xFE, 0x01, 0xFE, 0x00, 0x7E, 0x03, 0xFC, 0x1F, 0xF8, 0x03, 0xF0, 0x07, 0x80,
    0xFC, 0x3F, 0x9F, 0xF0, 0xFE, 0x07, 0x80, 0x00, 0x00, 0x00, 0x00, 0x70, 0x03, 0x80, 0x1C, 0x00,
    0x7E, 0x00, 0x3F, 0xC0, 0x0F, 0xF8, 0x00, 0x3F, 0x00, 0x07, 0x80, 0x07, 0xE0, 0x1F, 0xC1, 0xFF,
    0x7E, 0xFE, 0x3F, 0x78, 0x07, 0x80, 0x00, 0x00, 0x00, 0x00, 0x70, 0x00, 0x38, 0x00, 0x1C, 0x00,
    0x7C, 0x00, 0xFF, 0x01, 0xFF, 0x80, 0x0F, 0xE0, 0x07, 0xC0, 0x7F, 0x81, 0xF8, 0x0F, 0xC0, 0x3E,
    0x00, 0x70, 0x01, 0xE0, 0x03, 0x80, 0x0E, 0x00, 0x1C, 0x00, 0x38, 0x00, 0x70, 0x00, 0xE0, 0x01,
    0xE0, 0x01, 0xF0, 0x31, 0xFF, 0xF1, 0xFF, 0xE0, 0xFE, 0x00, 0x7C, 0x00, 0x1F, 0xE0, 0x07, 0xFE,
    0x00, 0x07, 0xF0, 0x00, 0x7C, 0x00, 0xFF, 0x00, 0x7F, 0x00, 0x7E, 0xE0, 0x3E, 0x3C, 0x0E, 0x07,
    0xF7, 0x81, 0xFD, 0xC0, 0x1F, 0xE0, 0x00, 0x38, 0x00, 0x0E, 0x00, 0x03, 0x80, 0x00, 0xE0, 0x00,
    0x3C, 0x00, 0x07, 0xC0, 0xC0, 0xFF, 0xF8, 0x1F, 0xFE, 0x01, 0xFC, 0x00, 0x7E, 0x00, 0xFE, 0x03,
    0xFE, 0x00, 0x7F, 0x00, 0x7C, 0x03, 0xF0, 0x7E, 0x3F, 0xF0, 0xFF, 0x03, 0xC0, 0x00, 0x3E, 0x00,
    0x1F, 0xC0, 0x0F, 0xF8, 0x00, 0x3F, 0x80, 0x07, 0xC0, 0x07, 0xE0, 0x1F, 0xE1, 0xFF, 0xFF, 0xFF,
    0x1F, 0xFC, 0x07, 0xC0, 0x03, 0x80, 0x07, 0x00, 0x0E, 0x00, 0x00, 0x00, 0x00, 0x0F, 0x80, 0x1F,
    0xE0, 0x3F, 0xF0, 0x03, 0xFC, 0x01, 0xF8, 0x0F, 0xF0, 0x3F, 0x01, 0xF0, 0x07, 0xC0, 0x0E, 0x00,
    0x38, 0x00, 0x70, 0x01, 0xC0, 0x03, 0x80, 0x07, 0x00, 0x0E, 0x00, 0x1C, 0x00, 0x3C, 0x00, 0x3E,
    0x06, 0x3F, 0xFC, 0x3F, 0xFC, 0x1F, 0xC0, 0x03, 0x80, 0x00, 0xE0, 0x00, 0x38, 0x00, 0x00, 0x00,
    0x00, 0x00, 0x1F, 0x00, 0x07, 0xF8, 0x01, 0xFF, 0x80, 0x03, 0xFC, 0x00, 0x3F, 0x00, 0x3F, 0xC0,
    0x1F, 0xC0, 0x1F, 0x38, 0x0F, 0x8F, 0x03, 0x81, 0xFD, 0xC0, 0x7F, 0x70, 0x07, 0xF8, 0x00, 0x0E,
    0x00, 0x03, 0x80, 0x00, 0xE0, 0x00, 0x38, 0x00, 0x0F, 0x00, 0x01, 0xF0, 0x30, 0x3F, 0xFC, 0x07,
    0xFF, 0x80, 0x7F, 0x00, 0x38, 0x01, 0xC0, 0x0E, 0x00, 0x00, 0x00, 0x00, 0x00, 0x01, 0xF8, 0x0F,
    0xF0, 0x7F, 0xC0, 0x0F, 0xC0, 0x3E, 0x03, 0xF0, 0xFE, 0x7F, 0xC3, 0xF8, 0x1E, 0x00, 0x1C, 0x00,
    0x07, 0x00, 0x01, 0xC0, 0x00, 0x00, 0x00, 0x00, 0x00, 0x00, 0x00, 0x03, 0xF0, 0x00, 0xFF, 0x00,
    0x3F, 0xF0, 0x00, 0x3F, 0x00, 0x03, 0xC0, 0x03, 0xF0, 0x07, 0xF8, 0x1F, 0xFF, 0xE7, 0xF1, 0xFB,
    0xE0, 0x1E, 0x02, 0x03, 0x80, 0xF0, 0x1C, 0x03, 0x80, 0xE0, 0x1C, 0x07, 0x01, 0xD0, 0xFF, 0xFF,
    0xFE, 0x7E, 0x00, 0x02, 0x00, 0x38, 0x00, 0xF0, 0x01, 0xC0, 0x07, 0x80, 0x0E, 0x00, 0x3C, 0x00,
    0x70, 0x01, 0xC1, 0x0F, 0x8F, 0xFF, 0xFF, 0xFF, 0x7E, 0x3C, 0x1C, 0x07, 0x01, 0xC0, 0x00, 0x00,
    0x00, 0x80, 0xE0, 0x1C, 0x07, 0x00, 0xE0, 0x38, 0x07, 0x01, 0xC0, 0x74, 0x3D, 0xFF, 0xFF, 0x8F,
    0xC0, 0x1C, 0x00, 0x38, 0x00, 0x70, 0x00, 0x00, 0x00, 0x00, 0x00, 0x40, 0x03, 0xC0, 0x03, 0x80,
    0x07, 0x80, 0x07, 0x00, 0x0F, 0x00, 0x0E, 0x00, 0x1C, 0x00, 0x3C, 0x10, 0x78, 0x3F, 0xFE, 0xFF,
    0xFC, 0x7E, 0x38, 0x02, 0x07, 0x81, 0xC0, 0xF0, 0x38, 0x1C, 0x0E, 0x07, 0x07, 0x83, 0x87, 0xC7,
    0xC7, 0xC3, 0x81, 0x00, 0x07, 0x00, 0x38, 0x01, 0xC0, 0x0F, 0x00, 0x38, 0x01, 0xE0, 0x0F, 0xE0,
    0x7F, 0x07, 0xF8, 0x78, 0x07, 0xC0, 0x7C, 0x07, 0xC0, 0x38, 0x00, 0x00, 0x00, 0x0E, 0x07, 0x03,
    0x80, 0x00, 0x00, 0x00, 0x18, 0x1E, 0x07, 0x03, 0xC0, 0xE0, 0x70, 0x38, 0x1C, 0x1C, 0x1E, 0x1E,
    0x3F, 0x3E, 0x0E, 0x04, 0x00, 0x0E, 0x00, 0x70, 0x03, 0x80, 0x00, 0x00, 0x00, 0x00, 0x00, 0x18,
    0x00, 0xE0, 0x07, 0x00, 0x3C, 0x00, 0xE0, 0x07, 0x80, 0x3F, 0x81, 0xFC, 0x1F, 0xE1, 0xE0, 0x1F,
    0x01, 0xF0, 0x1F, 0x00, 0xE0, 0x00, 0x00, 0x00, 0x00, 0x00, 0x00, 0x70, 0x00, 0x00, 0x03, 0x80,
    0x00, 0x00, 0x1C, 0x00, 0x38, 0x38, 0x70, 0x01, 0xC1, 0xC3, 0xA0, 0x0E, 0x0E, 0x1D, 0xC0, 0x38,
    0x70, 0xFC, 0x01, 0xC7, 0x87, 0xE0, 0x0F, 0xFF, 0xF7, 0x00, 0x7F, 0xBF, 0xB8, 0x03, 0xF8, 0xF9,
    0xC0, 0x1C, 0x00, 0x0F, 0x01, 0xE0, 0x00, 0x3C, 0x1E, 0x00, 0x01, 0xFF, 0xE0, 0x00, 0x07, 0xFE,
    0x00, 0x00, 0x0F, 0xE0, 0x00, 0x00, 0x00, 0x00, 0x00, 0x30, 0x00, 0x00, 0x00, 0x18, 0x00, 0x07,
    0x07, 0x0C, 0x00, 0x03, 0x83, 0x87, 0x04, 0x01, 0xC1, 0xC3, 0x83, 0x80, 0x70, 0xE1, 0xC3, 0x80,
    0x38, 0xF1, 0xF1, 0xC0, 0x1F, 0xFF, 0xFF, 0xE0, 0x0F, 0xFF, 0xEF, 0xF0, 0x07, 0xF3, 0xE3, 0xF8,
    0x03, 0x80, 0x00, 0x1E, 0x03, 0xC0, 0x00, 0x07, 0x83, 0xC0, 0x00, 0x03, 0xFF, 0xC0, 0x00, 0x00,
    0xFF, 0xC0, 0x00, 0x00, 0x1F, 0x80, 0x00, 0x00, 0x00, 0x00, 0xE0, 0x00, 0x0E, 0x00, 0x00, 0xE1,
    0xC3, 0x87, 0x1C, 0x38, 0x71, 0xC3, 0x87, 0x3C, 0x38, 0x73, 0xC7, 0x8F, 0xFF, 0xFF, 0xEF, 0xFF,
    0xFE, 0xE7, 0xCF, 0x80, 0x00, 0x00, 0xE0, 0x00, 0x00, 0x60, 0x1C, 0x38, 0x60, 0x1C, 0x38, 0x60,
    0x1C, 0x38, 0x70, 0x3C, 0x38, 0x70, 0x3C, 0x78, 0xF8, 0xFF, 0xFF, 0xFF, 0xFF, 0xFF, 0xDF, 0xE7,
    0xCF, 0x8F, 0x00, 0x00, 0x38, 0x00, 0x00, 0x01, 0xC0, 0x00, 0x00, 0x0E, 0x00, 0x00, 0x01, 0xDC,
    0x00, 0x00, 0x0E, 0xE0, 0x00, 0x00, 0x77, 0x00, 0x00, 0x00, 0x00, 0x00, 0x00, 0x00, 0x0E, 0x00,
    0x00, 0x00, 0x70, 0x00, 0x00, 0x03, 0x80, 0x07, 0x07, 0x0E, 0x00, 0x38, 0x38, 0x74, 0x01, 0xC1,
    0xC3, 0xB8, 0x07, 0x0E, 0x1F, 0x80, 0x38, 0xF0, 0xFC, 0x01, 0xFF, 0xFF, 0xE0, 0x0F, 0xF7, 0xF7,
    0x00, 0x7F, 0x1F, 0x38, 0x03, 0x80, 0x01, 0xE0, 0x3C, 0x00, 0x07, 0x83, 0xC0, 0x00, 0x3F, 0xFC,
    0x00, 0x00, 0xFF, 0xC0, 0x00, 0x01, 0xFC, 0x00, 0x00, 0x00, 0x00, 0x38, 0x00, 0x00, 0x00, 0x1C,
    0x00, 0x00, 0x00, 0x0E, 0x00, 0x00, 0x00, 0x1D, 0xC0, 0x00, 0x00, 0x0E, 0xE0, 0x00, 0x00, 0x07,
    0x70, 0x00, 0x00, 0x00, 0x00, 0x00, 0x00, 0x00, 0x00, 0x00, 0x00, 0x00, 0x00, 0x30, 0x00, 0x00,
    0x00, 0x1C, 0x00, 0x07, 0x07, 0x0E, 0x00, 0x03, 0x83, 0x87, 0x04, 0x01, 0xE1, 0xC3, 0x83, 0x80,
    0x70, 0xE1, 0xC3, 0x80, 0x38, 0xF0, 0xF1, 0xC0, 0x1F, 0xFF, 0xFF, 0xE0, 0x0F, 0xFF, 0xEF, 0xF0,
    0x07, 0xF3, 0xE3, 0xF8, 0x03, 0x80, 0x00, 0x1E, 0x03, 0xC0, 0x00, 0x07, 0x83, 0xC0, 0x00, 0x03,
    0xFF, 0xC0, 0x00, 0x00, 0xFF, 0xC0, 0x00, 0x00, 0x1F, 0x80, 0x00, 0x00, 0x00, 0x38, 0x00, 0x03,
    0x80, 0x00, 0x38, 0x00, 0x0E, 0xE0, 0x00, 0xEE, 0x00, 0x0E, 0xE0, 0x00, 0x00, 0x00, 0x00, 0x0E,
    0x00, 0x00, 0xE0, 0x00, 0x0E, 0x1C, 0x38, 0x71, 0xC3, 0x87, 0x1C, 0x38, 0x73, 0xC3, 0x87, 0x3C,
    0x78, 0x7F, 0xFF, 0xFE, 0xFF, 0xFF, 0xEE, 0x7C, 0xF8, 0x00, 0x38, 0x00, 0x00, 0x38, 0x00, 0x00,
    0x38, 0x00, 0x00, 0xEE, 0x00, 0x00, 0xEE, 0x00, 0x00, 0xEE, 0x00, 0x00, 0x00, 0x00, 0x00, 0x00,
    0x00, 0x00, 0x00, 0x60, 0x00, 0x00, 0x70, 0x1C, 0x38, 0x70, 0x1C, 0x38, 0x70, 0x1C, 0x38, 0x70,
    0x3C, 0x38, 0x70, 0x3C, 0x78, 0x78, 0xFF, 0xFF, 0xFF, 0xFF, 0xFF, 0xDF, 0xE7, 0xCF, 0x8F, 0x00,
    0x00, 0x00, 0xF8, 0x00, 0x00, 0x07, 0xF8, 0x00, 0x10, 0x1F, 0xF0, 0x00, 0xE0, 0x78, 0xF0, 0x01,
    0xC1, 0xC0, 0xE8, 0x03, 0x87, 0x01, 0xDC, 0x03, 0x9C, 0x07, 0xF0, 0x07, 0xF8, 0x1E, 0xE0, 0x0F,
    0xFF, 0xFD, 0xC0, 0x1F, 0xFF, 0xE3, 0x80, 0x39, 0xFF, 0x07, 0x00, 0x70, 0x00, 0x0F, 0x01, 0xC0,
    0x00, 0x0F, 0x07, 0x80, 0x00, 0x1F, 0xFE, 0x00, 0x00, 0x1F, 0xF8, 0x00, 0x00, 0x0F, 0xC0, 0x00,
    0x00, 0x00, 0x00, 0x00, 0xF8, 0x00, 0x00, 0x00, 0x7F, 0x80, 0x00, 0x10, 0x3F, 0xF8, 0x00, 0x0E,
    0x0F, 0x8F, 0x00, 0x01, 0xC3, 0xC0, 0xE0, 0xE0, 0x3C, 0xF0, 0x1C, 0x1C, 0x03, 0xDC, 0x0F, 0x87,
    0x00, 0x7F, 0xFF, 0xFE, 0xE0, 0x0F, 0xFF, 0xFF, 0xDC, 0x01, 0xCF, 0xF8, 0x7B, 0x80, 0x38, 0x00,
    0x00, 0x78, 0x0E, 0x00, 0x00, 0x07, 0x83, 0xC0, 0x00, 0x00, 0xFF, 0xF0, 0x00, 0x00, 0x0F, 0xFC,
    0x00, 0x00, 0x00, 0x7E, 0x00, 0x00, 0x00, 0x00, 0x01, 0xE0, 0x00, 0x1F, 0xE0, 0x01, 0xFF, 0x87,
    0x0F, 0x8F, 0x1C, 0x78, 0x1C, 0xF1, 0xC0, 0x73, 0xCE, 0x03, 0xFF, 0xF8, 0x1E, 0xFF, 0xFF, 0xFB,
    0x9F, 0xFF, 0x80, 0x1F, 0xF8, 0x00, 0x00, 0x01, 0xE0, 0x00, 0x01, 0xFE, 0x00, 0x01, 0xFF, 0x80,
    0x70, 0xF8, 0xF0, 0x1C, 0x78, 0x1C, 0x0F, 0x1C, 0x07, 0x03, 0xCE, 0x03, 0xC3, 0xFF, 0x81, 0xFE,
    0xFF, 0xFF, 0xFF, 0xB9, 0xFF, 0xFB, 0xE0, 0x1F, 0xF8, 0x00, 0x00, 0x00, 0x00, 0xE0, 0x00, 0x00,
    0x01, 0xC0, 0x00, 0x00, 0x03, 0x80, 0x00, 0x00, 0x00, 0x00, 0x00, 0x00, 0x00, 0x00, 0x00, 0x00,
    0x1F, 0x00, 0x00, 0x00, 0xFF, 0x00, 0x02, 0x03, 0xFE, 0x00, 0x1C, 0x0F, 0x1E, 0x00, 0x38, 0x38,
    0x1D, 0x00, 0x70, 0xE0, 0x3B, 0x80, 0x73, 0xC0, 0xFE, 0x00, 0xFF, 0x03, 0xDC, 0x01, 0xFF, 0xFF,
    0xB8, 0x03, 0xFF, 0xFC, 0x70, 0x07, 0x3F, 0xE0, 0xE0, 0x0E, 0x00, 0x01, 0xE0, 0x38, 0x00, 0x01,
    0xE0, 0xF0, 0x00, 0x03, 0xFF, 0xC0, 0x00, 0x03, 0xFF, 0x00, 0x00, 0x01, 0xF8, 0x00, 0x00, 0x00,
    0x00, 0x00, 0x00, 0xE0, 0x00, 0x00, 0x00, 0x1C, 0x00, 0x00, 0x00, 0x03, 0x80, 0x00, 0x00, 0x00,
    0x00, 0x00, 0x00, 0x00, 0x00, 0x00, 0x00, 0x00, 0x00, 0x00, 0x00, 0x00, 0x00, 0x3E, 0x00, 0x00,
    0x00, 0x1F, 0xE0, 0x00, 0x04, 0x0F, 0xFE, 0x00, 0x03, 0x83, 0xE3, 0xC0, 0x00, 0x70, 0xF0, 0x38,
    0x38, 0x0F, 0x3C, 0x07, 0x07, 0x00, 0xF7, 0x03, 0xE1, 0xC0, 0x1F, 0xFF, 0xFF, 0xB8, 0x03, 0xFF,
    0xFF, 0xF7, 0x00, 0x73, 0xFE, 0x1E, 0xE0, 0x0E, 0x00, 0x00, 0x1E, 0x03, 0x80, 0x00, 0x01, 0xE0,
    0xF0, 0x00, 0x00, 0x3F, 0xFC, 0x00, 0x00, 0x03, 0xFF, 0x00, 0x00, 0x00, 0x1F, 0x80, 0x00, 0x00,
    0x00, 0x00, 0x03, 0x80, 0x00, 0x1C, 0x00, 0x00, 0xE0, 0x00, 0x00, 0x00, 0x00, 0x00, 0x00, 0x01,
    0xF0, 0x00, 0x3F, 0xC0, 0x03, 0xFF, 0x18, 0x3C, 0x79, 0xC3, 0xC1, 0xCE, 0x3C, 0x0E, 0xF3, 0xC0,
    0xFF, 0xDC, 0x0F, 0x7F, 0xFF, 0xFB, 0x3F, 0xFF, 0x00, 0x7F, 0xE0, 0x00, 0x03, 0x80, 0x00, 0x01,
    0xC0, 0x00, 0x00, 0xE0, 0x00, 0x00, 0x00, 0x00, 0x00, 0x00, 0x00, 0x00, 0x1F, 0x00, 0x00, 0x3F,
    0xC0, 0x00, 0x3F, 0xF0, 0x18, 0x3C, 0x78, 0x1C, 0x3C, 0x1C, 0x0E, 0x3C, 0x0E, 0x0F, 0x3C, 0x0F,
    0x0F, 0xDC, 0x0F, 0xF7, 0xFF, 0xFF, 0xFB, 0x3F, 0xFF, 0x7C, 0x07, 0xFE, 0x00, 0x0E, 0x00, 0x03,
    0x80, 0x00, 0xE0, 0x00, 0x38, 0x00, 0x0E, 0x00, 0x03, 0x80, 0x00, 0xE0, 0x00, 0x38, 0x78, 0x0E,
    0x7F, 0x83, 0xBF, 0xE0, 0xFE, 0x3C, 0x3F, 0x07, 0x0F, 0x01, 0xC3, 0xC0, 0xF1, 0xE0, 0x7B, 0xFF,
    0xFE, 0xFF, 0xFE, 0x3F, 0xFE, 0x00, 0x0E, 0x00, 0x00, 0x70, 0x00, 0x03, 0x80, 0x00, 0x1C, 0x00,
    0x00, 0xE0, 0x00, 0x07, 0x00, 0x00, 0x38, 0x00, 0x01, 0xC0, 0x00, 0x0E, 0x1F, 0x00, 0x73, 0xFC,
    0x03, 0xFF, 0xF0, 0x1F, 0xC7, 0x80, 0xF8, 0x1C, 0x07, 0x80, 0xE0, 0x38, 0x1F, 0x1F, 0xFF, 0xFF,
    0xFF, 0xFF, 0xFF, 0xFF, 0xC7, 0xC0, 0x38, 0x00, 0x38, 0x00, 0x38, 0x00, 0x38, 0x00, 0x38, 0x00,
    0x38, 0x00, 0x38, 0x00, 0x38, 0x78, 0x39, 0xFE, 0x3B, 0xFE, 0x3F, 0x8F, 0x3E, 0x07, 0x3C, 0x07,
    0x3C, 0x0F, 0x78, 0x1E, 0xFF, 0xFE, 0xFF, 0xF8, 0xFF, 0xE0, 0x38, 0x00, 0x07, 0x00, 0x00, 0xE0,
    0x00, 0x1C, 0x00, 0x03, 0x80, 0x00, 0x70, 0x00, 0x0E, 0x00, 0x01, 0xC3, 0xC0, 0x39, 0xFE, 0x07,
    0x7F, 0xC0, 0xFE, 0x3C, 0x1F, 0x03, 0x83, 0xC0, 0x70, 0x78, 0x1E, 0x1E, 0x07, 0x87, 0xFF, 0xFF,
    0xFF, 0xFF, 0xFF, 0xFC, 0x7C, 0x0E, 0x00, 0x03, 0x80, 0x00, 0xE0, 0xE0, 0x38, 0x38, 0x0E, 0x0E,
    0x03, 0x80, 0x00, 0xE0, 0x00, 0x38, 0x78, 0x0E, 0x7F, 0x83, 0xBF, 0xE0, 0xFE, 0x3C, 0x3F, 0x07,
    0x0F, 0x01, 0xC3, 0xC0, 0xF1, 0xE0, 0x7B, 0xFF, 0xFE, 0xFF, 0xFE, 0x3F, 0xFE, 0x00, 0x0E, 0x00,
    0x00, 0x70, 0x00, 0x03, 0x87, 0x00, 0x1C, 0x38, 0x00, 0xE1, 0xC0, 0x07, 0x00, 0x00, 0x38, 0x00,
    0x01, 0xC0, 0x00, 0x0E, 0x1F, 0x00, 0x73, 0xFC, 0x03, 0xFF, 0xF0, 0x1F, 0xC7, 0x80, 0xF8, 0x1C,
    0x07, 0x80, 0xE0, 0x38, 0x1F, 0x1F, 0xFF, 0xFF, 0xFF, 0xFF, 0xFF, 0xFF, 0xC7, 0xC0, 0x38, 0x00,
    0x38, 0x00, 0x38, 0x70, 0x38, 0x70, 0x38, 0x70, 0x38, 0x00, 0x38, 0x00, 0x38, 0x78, 0x39, 0xFE,
    0x3B, 0xFE, 0x3F, 0x8F, 0x3E, 0x07, 0x3C, 0x07, 0x3C, 0x0F, 0x78, 0x1E, 0xFF, 0xFE, 0xFF, 0xF8,
    0xFF, 0xE0, 0x38, 0x00, 0x07, 0x00, 0x00, 0xE1, 0xC0, 0x1C, 0x38, 0x03, 0x87, 0x00, 0x70, 0x00,
    0x0E, 0x00, 0x01, 0xC3, 0xC0, 0x39, 0xFE, 0x07, 0x7F, 0xC0, 0xFE, 0x3C, 0x1F, 0x03, 0x83, 0xC0,
    0x70, 0x78, 0x1E, 0x1E, 0x07, 0x87, 0xFF, 0xFF, 0xFF, 0xFF, 0xFF, 0xFC, 0x7C, 0x0F, 0x80, 0x7F,
    0x00, 0xFE, 0x03, 0xC0, 0x07, 0x00, 0x0E, 0x00, 0x1E, 0x00, 0x1E, 0xF0, 0x3F, 0xE0, 0x3F, 0x80,
    0xF8, 0x01, 0xC0, 0x07, 0x00, 0x1E, 0x00, 0x38, 0x00, 0x70, 0x00, 0xE0, 0x01, 0xC0, 0x03, 0xC0,
    0x03, 0xE0, 0x63, 0xFF, 0xC3, 0xFF, 0xC1, 0xFC, 0x00, 0x07, 0xC0, 0x3F, 0xC0, 0xFF, 0xC1, 0xC3,
    0x83, 0x87, 0x07, 0x8E, 0x07, 0xB8, 0x07, 0xE0, 0x07, 0xC0, 0x1F, 0xFC, 0x7F, 0xF9, 0xE3, 0xF7,
    0x80, 0x1E, 0x00, 0x38, 0x00, 0x70, 0x00, 0xE0, 0x01, 0xE0, 0x03, 0xE0, 0x63, 0xFF, 0xC3, 0xFF,
    0x81, 0xFC, 0x00, 0x07, 0xC1, 0xFC, 0x1F, 0xC3, 0xC0, 0x38, 0x03, 0x80, 0x38, 0x01, 0xC3, 0x0F,
    0xFF, 0xFF, 0xFF, 0xCF, 0xC0, 0x07, 0xC0, 0x3F, 0xC0, 0xFF, 0xC1, 0xC3, 0x83, 0x87, 0x07, 0x8E,
    0x07, 0xB8, 0x07, 0xF0, 0x0F, 0xC1, 0xFF, 0xFF, 0xFF, 0xFF, 0x83, 0xF0, 0x07, 0x00, 0x0E, 0x00,
    0x1C, 0x00, 0x00, 0x00, 0x00, 0x00, 0x00, 0x03, 0xE0, 0x1F, 0xC0, 0x3F, 0x80, 0xF0, 0x01, 0xC0,
    0x03, 0x80, 0x07, 0x80, 0x07, 0xBC, 0x0F, 0xF8, 0x0F, 0xE0, 0x3E, 0x00, 0x70, 0x01, 0xC0, 0x07,
    0x80, 0x0E, 0x00, 0x1C, 0x00, 0x38, 0x00, 0x70, 0x00, 0xF0, 0x00, 0xF8, 0x18, 0xFF, 0xF0, 0xFF,
    0xF0, 0x7F, 0x00, 0x03, 0x80, 0x07, 0x00, 0x0E, 0x00, 0x00, 0x00, 0x00, 0x00, 0xF8, 0x07, 0xF8,
    0x1F, 0xF8, 0x38, 0x70, 0x70, 0xE0, 0xF1, 0xC0, 0xF7, 0x00, 0xFC, 0x00, 0xF8, 0x03, 0xFF, 0x8F,
    0xFF, 0x3C, 0x7E, 0xF0, 0x03, 0xC0, 0x07, 0x00, 0x0E, 0x00, 0x1C, 0x00, 0x3C, 0x00, 0x7C, 0x0C,
    0x7F, 0xF8, 0x7F, 0xF0, 0x3F, 0x80, 0x07, 0x00, 0x70, 0x07, 0x00, 0x00, 0x00, 0x00, 0x00, 0x07,
    0xC1, 0xFC, 0x1F, 0x83, 0xC0, 0x38, 0x03, 0x80, 0x38, 0x01, 0xC2, 0x0F, 0xFF, 0xFF, 0xFF, 0xCF,
    0xC0, 0x07, 0x00, 0x0E, 0x00, 0x1C, 0x00, 0x00, 0x00, 0x00, 0x01, 0xF0, 0x07, 0xF0, 0x3F, 0xF0,
    0x70, 0xE0, 0xE1, 0xC1, 0xE3, 0x81, 0xEE, 0x01, 0xFC, 0x03, 0xF0, 0x3F, 0xFF, 0x7F, 0xFE, 0xF0,
    0x7C, 0x00, 0x00, 0xE0, 0x00, 0x01, 0xC0, 0x00, 0x03, 0x80, 0x00, 0x00, 0x00, 0x00, 0x00, 0x00,
    0x00, 0x00, 0x00, 0x00, 0x3C, 0x00, 0x00, 0xFC, 0x00, 0x03, 0xFC, 0x00, 0x0F, 0x79, 0x00, 0x1C,
    0x73, 0x00, 0x38, 0xEE, 0x00, 0x7F, 0xFC, 0x00, 0xFF, 0xB8, 0x00, 0x7F, 0x78, 0x00, 0x0E, 0xF8,
    0x00, 0x3C, 0xFF, 0xFF, 0xF8, 0xFF, 0xFF, 0xE0, 0x7F, 0xFF, 0x00, 0x00, 0x00, 0x38, 0x00, 0x00,
    0x03, 0x80, 0x00, 0x00, 0x38, 0x00, 0x00, 0x00, 0x00, 0x00, 0x00, 0x00, 0x00, 0x00, 0x03, 0xC0,
    0x00, 0x00, 0xFE, 0x04, 0x00, 0x0F, 0xE0, 0x60, 0x01, 0xEF, 0x0E, 0x00, 0x1C, 0x70, 0xE0, 0x01,
    0xC7, 0x0E, 0x00, 0x1E, 0x70, 0xF0, 0x00, 0xFE, 0x0F, 0x80, 0x07, 0xFE, 0x7F, 0xFF, 0xFF, 0xE3,
    0xFF, 0xFF, 0xFE, 0x0F, 0xFF, 0x80, 0x00, 0x0E, 0x03, 0x80, 0xE0, 0x00, 0x00, 0x03, 0x81, 0xF8,
    0xFE, 0x7B, 0xDC, 0x77, 0x1D, 0xC7, 0x7F, 0xCF, 0xF1, 0xFC, 0x0E, 0xFF, 0xBF, 0xCF, 0xC0, 0x07,
    0x00, 0x1C, 0x00, 0x70, 0x00, 0x00, 0x00, 0x00, 0x1E, 0x01, 0xFC, 0x07, 0xF0, 0x3D, 0xE0, 0xE3,
    0x83, 0x8E, 0x0E, 0x38, 0x1D, 0xC0, 0x7F, 0x07, 0xFF, 0xFF, 0xFF, 0xF8, 0xFC, 0x00, 0x3B, 0x80,
    0x0E, 0xE0, 0x03, 0xB8, 0x00, 0x00, 0x00, 0x00, 0x00, 0x03, 0x80, 0x01, 0xF8, 0x00, 0xFE, 0x00,
    0x7B, 0xD0, 0x1C, 0x77, 0x07, 0x1D, 0xC1, 0xC7, 0xE0, 0x7F, 0xF8, 0x0F, 0xFE, 0x01, 0xFF, 0x80,
    0x0E, 0xF0, 0x03, 0x9E, 0x03, 0xC7, 0xFF, 0xF0, 0xFF, 0xF0, 0x0F, 0xF0, 0x00, 0x00, 0x3B, 0x80,
    0x01, 0xDC, 0x00, 0x0E, 0xE0, 0x00, 0x00, 0x00, 0x00, 0x00, 0x00, 0x00, 0x00, 0x00, 0x38, 0x00,
    0x07, 0xF0, 0x00, 0x3F, 0x80, 0x03, 0xDE, 0x10, 0x1C, 0x70, 0xE0, 0xE3, 0x87, 0x07, 0xFF, 0xF0,
    0x1F, 0xFF, 0x80, 0x7F, 0xFC, 0x00, 0x38, 0xE0, 0x03, 0x87, 0x80, 0x3C, 0x1E, 0x07, 0xC0, 0xFF,
    0xFC, 0x03, 0xFF, 0xC0, 0x07, 0xF8, 0x00, 0x3B, 0x8E, 0xE3, 0xB8, 0x00, 0x00, 0x03, 0x81, 0xF8,
    0xFE, 0x7B, 0xDC, 0x77, 0x1D, 0xC7, 0x7F, 0xCF, 0xF1, 0xFC, 0x0E, 0xFF, 0xBF, 0xCF, 0xC0, 0x1D,
    0xC0, 0x77, 0x01, 0xDC, 0x00, 0x00, 0x00, 0x00, 0x1E, 0x01, 0xFC, 0x07, 0xF0, 0x3D, 0xE0, 0xE3,
    0x83, 0x8E, 0x0E, 0x38, 0x1D, 0xC0, 0x7F, 0x07, 0xFF, 0xFF, 0xFF, 0xF8, 0xFC, 0x00, 0x00, 0x70,
    0x00, 0x07, 0x00, 0x00, 0x70, 0x00, 0x07, 0x00, 0x30, 0x70, 0x07, 0x87, 0x00, 0xE0, 0x70, 0x0E,
    0x07, 0x00, 0x70, 0x76, 0x03, 0x87, 0xE0, 0xF8, 0x7E, 0x1F, 0x07, 0xE0, 0xC0, 0x7E, 0x00, 0x07,
    0xF0, 0x00, 0xFF, 0x80, 0x1F, 0x7F, 0xFF, 0xE3, 0xFF, 0xFC, 0x0F, 0xFE, 0x00, 0x00, 0x00, 0x70,
    0x00, 0x00, 0x70, 0x00, 0x00, 0x70, 0x00, 0x00, 0x70, 0x00, 0x30, 0x70, 0x00, 0x78, 0x70, 0x00,
    0xE0, 0x70, 0x00, 0xE0, 0x70, 0x00, 0x70, 0x70, 0x60, 0x78, 0x70, 0xE1, 0xF0, 0x70, 0xE1, 0xE0,
    0x70, 0xE0, 0x00, 0x70, 0xE0, 0x00, 0x70, 0xF0, 0x00, 0xF8, 0xF8, 0x01, 0xFF, 0x7F, 0xFF, 0xFF,
    0x3F, 0xFF, 0x8F, 0x0F, 0xFE, 0x00, 0x00, 0xC0, 0x78, 0x1F, 0x8F, 0xC3, 0xE0, 0xF0, 0x1C, 0x03,
    0xC0, 0x3C, 0x03, 0xC0, 0x3C, 0x03, 0x80, 0x38, 0x07, 0x00, 0xE3, 0xFC, 0x7F, 0x1F, 0x80, 0x00,
    0x40, 0x07, 0x00, 0x7E, 0x07, 0xE0, 0x3E, 0x01, 0xE0, 0x07, 0x00, 0x1E, 0x00, 0x3C, 0x00, 0x78,
    0x00, 0xF0, 0x01, 0xC0, 0x03, 0x80, 0x0F, 0x00, 0x3E, 0x1F, 0xFF, 0x7F, 0x7F, 0xF0, 0xF0, 0x00,
    0x0E, 0x00, 0x1C, 0x00, 0x38, 0x00, 0x70, 0x00, 0xE0, 0x01, 0xC0, 0x03, 0x80, 0x07, 0x00, 0x0E,
    0x00, 0x1C, 0x00, 0x38, 0x00, 0x70, 0x00, 0xEE, 0x01, 0xDC, 0x03, 0xF0, 0x07, 0xE0, 0x0F, 0xC0,
    0x1F, 0x80, 0x77, 0x80, 0xE7, 0x83, 0xCF, 0xFF, 0x0F, 0xFC, 0x07, 0xE0, 0x00, 0x0E, 0x00, 0x00,
    0xE0, 0x00, 0x0E, 0x00, 0x00, 0xE0, 0x00, 0x0E, 0x00, 0x00, 0xE0, 0x00, 0x0E, 0x00, 0x00, 0xE0,
    0x00, 0x0E, 0x00, 0x00, 0xE0, 0x00, 0x0E, 0x00, 0x00, 0xE0, 0x40, 0x0E, 0x07, 0x00, 0xE0, 0xF0,
    0x0F, 0x0E, 0x00, 0xFE, 0xE0, 0x0F, 0xEE, 0x00, 0xEE, 0xE0, 0x1E, 0x0F, 0x01, 0xC0, 0x78, 0x3C,
    0x07, 0xFF, 0x80, 0x3F, 0xF0, 0x00, 0xFC, 0x00, 0x39, 0xCE, 0x73, 0x9C, 0xE7, 0x39, 0xCE, 0x73,
    0x9C, 0xFF, 0xF7, 0x00, 0x38, 0x1C, 0x0E, 0x07, 0x03, 0x81, 0xC0, 0xE0, 0x70, 0x38, 0x1C, 0x0E,
    0x07, 0x03, 0x81, 0xC0, 0xF1, 0xFF, 0xFF, 0xF3, 0xC0, 0x0F, 0x81, 0xFC, 0x3F, 0xE7, 0x8E, 0x10,
    0xE0, 0x06, 0x1F, 0xE3, 0xFE, 0x7F, 0xEF, 0x02, 0xE0, 0x0E, 0x00, 0xE0, 0x0E, 0x00, 0xE0, 0x0E,
    0x00, 0x70, 0x07, 0x00, 0x70, 0x07, 0x00, 0x01, 0xC0, 0x03, 0xF0, 0x07, 0xFC, 0x07, 0xCE, 0x03,
    0x83, 0x83, 0xE1, 0xE1, 0xB8, 0xFD, 0xCF, 0xFE, 0xE7, 0xFF, 0x70, 0xF0, 0x38, 0x00, 0x1C, 0x00,
    0x0E, 0x00, 0x07, 0x00, 0x01, 0xC0, 0x00, 0xE0, 0x00, 0x70, 0x00, 0x38, 0x00, 0x1E, 0x00, 0x00,
    0x07, 0x80, 0xFE, 0x0F, 0xE1, 0xCF, 0x38, 0x73, 0x87, 0x7C, 0x7F, 0xFF, 0xEF, 0xEC, 0x7C, 0x07,
    0x80, 0x0F, 0xC0, 0x1F, 0xE0, 0x1C, 0xF0, 0x3C, 0x70, 0x7C, 0x38, 0xFE, 0x3F, 0xEF, 0xFF, 0xC7,
    0xEF, 0x03, 0xC0, 0x03, 0x80, 0x07, 0x00, 0x0E, 0x00, 0x00, 0x00, 0x00, 0x00, 0x03, 0x80, 0x07,
    0x00, 0x0E, 0x60, 0x0E, 0xE0, 0x1F, 0x80, 0x3F, 0x00, 0x7E, 0x00, 0xFC, 0x01, 0xFC, 0x07, 0x7C,
    0x1E, 0x7F, 0xF8, 0x7F, 0xE0, 0x3F, 0x00, 0x03, 0x80, 0x00, 0x70, 0x00, 0x0E, 0x00, 0x00, 0x00,
    0x00, 0x00, 0x00, 0x00, 0x18, 0x00, 0x07, 0x00, 0x00, 0xE0, 0x70, 0x0E, 0x1E, 0x01, 0xE3, 0x80,
    0x3F, 0xF0, 0x07, 0xFE, 0x00, 0xFF, 0xC0, 0x1C, 0x3C, 0x07, 0x83, 0xC1, 0xE0, 0x7F, 0xF8, 0x07,
    0xFE, 0x00, 0x3F, 0x00, 0x00, 0x38, 0xE3, 0x80, 0x00, 0x23, 0x8E, 0x1C, 0x71, 0xC7, 0x1C, 0x77,
    0xDE, 0xE0, 0x1C, 0x03, 0x80, 0x70, 0x00, 0x00, 0x00, 0x00, 0x03, 0x00, 0xE0, 0x1C, 0x03, 0x80,
    0xF8, 0x7F, 0xEF, 0x7D, 0xC7, 0x80, 0x18, 0x0E, 0x07, 0x87, 0xC3, 0xF3, 0xBB, 0x8F, 0xC7, 0xE3,
    0xF1, 0xFF, 0xCF, 0xE3, 0xE0, 0x01, 0xC0, 0x07, 0x00, 0x7C, 0x07, 0xF0, 0x3F, 0xC1, 0xE7, 0x0F,
    0x1C, 0x38, 0x70, 0xF1, 0xC3, 0xFF, 0x07, 0xFE, 0x0F, 0xFE, 0x00, 0xF8, 0x01, 0xE0, 0x04, 0x00,
    0x38, 0x00, 0xF0, 0x03, 0xE0, 0x1F, 0xC0, 0xE7, 0x83, 0x9F, 0x0E, 0x7E, 0x39, 0xFC, 0xFF, 0x71,
    0xF9, 0xDF, 0xFF, 0xFF, 0xFB, 0xC7, 0xC0, 0x03, 0x80, 0x0F, 0x80, 0x3F, 0x80, 0xF7, 0x01, 0xCE,
    0x03, 0x9C, 0x0E, 0x38, 0x1C, 0xE0, 0x3B, 0x81, 0xFF, 0xFF, 0xFF, 0xFF, 0xC3, 0xF3, 0xC7, 0x03,
    0x8E, 0x07, 0xFC, 0x07, 0xF0, 0x07, 0xC0, 0x0E, 0x07, 0xC3, 0xF9, 0xEE, 0x71, 0xDC, 0x77, 0x1D,
    0xFF, 0x3F, 0xC7, 0xF0, 0x38, 0x1E, 0x3F, 0x1F, 0x87, 0x81, 0x00, 0x0E, 0x00, 0x7C, 0x03, 0xF8,
    0x0E, 0xF0, 0x71, 0xC1, 0xC7, 0x07, 0x1C, 0x1F, 0xFE, 0x3F, 0xF8, 0x7F, 0xE0, 0x38, 0x01, 0xE0,
    0x3F, 0x01, 0xF8, 0x07, 0x80, 0x10, 0x00, 0x00, 0x0F, 0x80, 0x07, 0xF0, 0x03, 0xF8, 0x01, 0xE2,
    0x00, 0xF0, 0x00, 0x38, 0x06, 0x0E, 0x01, 0xC3, 0xE0, 0xE0, 0x7E, 0x38, 0x07, 0xCE, 0x00, 0x3B,
    0x80, 0x0E, 0xF0, 0x07, 0xBE, 0x07, 0xC7, 0xFF, 0xE0, 0xFF, 0xF0, 0x0F, 0xE0, 0x00, 0x40, 0x00,
    0x07, 0x01, 0x00, 0xE0, 0x1E, 0x0E, 0x01, 0xFE, 0xE0, 0x0F, 0xEE, 0x00, 0x3E, 0xE0, 0x03, 0x8F,
    0x00, 0x78, 0x78, 0x0F, 0x07, 0xFF, 0xF0, 0x3F, 0xFC, 0x00, 0xFF, 0x00, 0x00, 0x0F, 0x80, 0x07,
    0xF0, 0x03, 0xF8, 0x01, 0xE2, 0x00, 0xF0, 0x00, 0x38, 0x04, 0x0E, 0x01, 0xC3, 0xC0, 0xF0, 0x7C,
    0x38, 0x0F, 0xCE, 0x00, 0xFB, 0x80, 0x0E, 0xE0, 0x03, 0xBC, 0x01, 0xC7, 0x81, 0xF1, 0xFF, 0xF8,
    0x3F, 0xF8, 0x03, 0xF8, 0x00, 0x00, 0x00, 0x00, 0x00, 0x07, 0xE0, 0x01, 0xF8, 0x00, 0x7E, 0x00,
    0x40, 0x00, 0x07, 0x01, 0x00, 0xF0, 0x1E, 0x0E, 0x03, 0xFE, 0xE0, 0x1F, 0xEE, 0x00, 0x3E, 0xE0,
    0x03, 0x8F, 0x00, 0x78, 0x78, 0x0F, 0x07, 0xFF, 0xF0, 0x3F, 0xFC, 0x00, 0xFF, 0x00, 0x00, 0x00,
    0x00, 0x00, 0x00, 0x07, 0xE0, 0x00, 0x7E, 0x00, 0x07, 0xE0, 0x00, 0x1C, 0x38, 0x78, 0x70, 0xE1,
    0xC3, 0x8F, 0xFD, 0xFB, 0xC0, 0x00, 0x1D, 0xFB, 0xF7, 0x0E, 0x01, 0xC0, 0x30, 0x0E, 0x03, 0xE1,
    0xFF, 0xFF, 0xFF, 0x1F, 0x00, 0x00, 0x01, 0xDC, 0x3B, 0x87, 0x70, 0x78, 0x01, 0xFE, 0x39, 0x3C,
    0x70, 0x00, 0xE0, 0x01, 0xC3, 0x83, 0x87, 0x87, 0x07, 0xCE, 0x07, 0xDC, 0x03, 0xF0, 0x03, 0xE0,
    0x03, 0xC0, 0x0F, 0xC0, 0x3F, 0xC0, 0xF3, 0x83, 0xC7, 0x0F, 0xFE, 0x1F, 0xF8, 0x3F, 0xE0, 0x70,
    0x00, 0x3F, 0xC0, 0x08, 0xE3, 0x80, 0x00, 0xE0, 0x00, 0x38, 0x08, 0x0E, 0x03, 0x03, 0x81, 0xE0,
    0xE0, 0x3C, 0x38, 0x07, 0x8E, 0x00, 0xF3, 0x80, 0x1E, 0xE0, 0x03, 0xB8, 0x00, 0x7E, 0x00, 0x1F,
    0x80, 0x03, 0xE0, 0x03, 0xFC, 0x1F, 0xFF, 0xE7, 0xF9, 0xF9, 0xF8, 0x3E, 0x70, 0x06, 0x00, 0x30,
    0x00, 0xF0, 0xEF, 0x07, 0x40, 0x38, 0x81, 0xC6, 0x0E, 0x78, 0x71, 0xE3, 0x87, 0x9C, 0x1F, 0xE0,
    0x3E, 0x00, 0xF0, 0x07, 0x80, 0x7E, 0x07, 0xF8, 0x79, 0xC7, 0x8E, 0x3F, 0xF1, 0xFF, 0x0F, 0xF0,
    0x70, 0x00, 0xC0, 0x00, 0xC0, 0x00, 0xE8, 0x00, 0xF8, 0x70, 0xC0, 0x70, 0x00, 0x70, 0x00, 0x70,
    0x60, 0x70, 0xF0, 0x70, 0x78, 0x70, 0x3C, 0x70, 0x1E, 0x70, 0x0E, 0x70, 0x07, 0x70, 0x07, 0xF0,
    0x03, 0xF0, 0x01, 0xF0, 0x07, 0xF8, 0xFF, 0xFF, 0xFF, 0x3F, 0xFC, 0x1F, 0x00, 0xF0, 0x03, 0x80,
    0x1C, 0xC0, 0xEF, 0x07, 0x3E, 0x38, 0xF9, 0xC1, 0xFE, 0x07, 0xE0, 0x1F, 0x00, 0x78, 0x07, 0xE0,
    0x7F, 0x87, 0x9C, 0x70, 0xE7, 0xFF, 0x3F, 0xF1, 0xFF, 0x00, 0x00, 0x00, 0x01, 0x80, 0x10, 0x00,
    0x80, 0x07, 0x80, 0x3C, 0x00, 0x00, 0x70, 0x00, 0x38, 0x00, 0x1C, 0x00, 0x0E, 0x06, 0x07, 0x07,
    0x83, 0x81, 0xE1, 0xC0, 0x78, 0xE0, 0x1E, 0x70, 0x07, 0xB8, 0x01, 0xDC, 0x00, 0x7E, 0x00, 0x3F,
    0x00, 0x0F, 0x80, 0x1F, 0xE0, 0xFF, 0xFE, 0xFF, 0x3F, 0x7E, 0x0F, 0x80, 0x00, 0x00, 0x00, 0x01,
    0xC0, 0x01, 0x80, 0x00, 0xC0, 0x00, 0x3C, 0x00, 0x3C, 0x00, 0x00, 0x00, 0xE0, 0x0E, 0x00, 0xE4,
    0x0E, 0xF0, 0xEF, 0x8E, 0x3C, 0xE1, 0xEE, 0x0F, 0xC0, 0x7C, 0x03, 0xC0, 0x7E, 0x0F, 0xF1, 0xE7,
    0x3C, 0x77, 0xFF, 0x7F, 0xE7, 0xFC, 0x00, 0x70, 0x00, 0x38, 0x00, 0x1C, 0x00, 0x0E, 0x06, 0x07,
    0x07, 0x83, 0x81, 0xE1, 0xC0, 0x78, 0xE0, 0x1E, 0x70, 0x07, 0x38, 0x01, 0xDC, 0x00, 0x7E, 0x00,
    0x3F, 0x00, 0x0F, 0x80, 0x1F, 0xE1, 0xFF, 0xFE, 0xFF, 0x3F, 0x7E, 0x0F, 0x80,
};

static const EpdGlyph ubuntu_12_mediumGlyphs[] = {
    { 1, 1, 0, 0, 1, 1, 0 }, // U+0000
    { 1, 1, 0, 0, 1, 1, 1 }, // U+0008
    { 1, 1, 93, 0, 1, 1, 2 }, // U+0009
    { 1, 1, 93, 0, 1, 1, 3 }, // U+000D
    { 1, 1, 0, 0, 1, 1, 4 }, // U+001D
    { 1, 1, 93, 0, 1, 1, 5 }, // U+0020
    { 4, 18, 122, 2, 18, 9, 6 }, // !
    { 8, 7, 183, 2, 20, 7, 15 }, // "
    { 14, 18, 268, 1, 18, 32, 22 }, // #
    { 11, 23, 227, 2, 20, 32, 54 }, // $
    { 20, 18, 359, 1, 18, 45, 86 }, // %
    { 16, 18, 274, 1, 18, 36, 131 }, // &
    { 3, 7, 104, 2, 20, 3, 167 }, // '
    { 7, 25, 136, 2, 20, 22, 170 }, // (
    { 7, 25, 136, 0, 20, 22, 192 }, // )
    { 11, 10, 193, 1, 18, 14, 214 }, // *
    { 12, 13, 227, 1, 14, 20, 228 }, // +
    { 4, 8, 107, 1, 3, 4, 248 }, // ,
    { 7, 2, 126, 1, 8, 2, 252 }, // -
    { 4, 4, 106, 1, 4, 2, 254 }, // .
    { 12, 26, 166, -1, 21, 39, 256 }, // /
    { 12, 18, 227, 1, 18, 27, 295 }, // 0
    { 8, 18, 227, 2, 18, 18, 322 }, // 1
    { 11, 18, 227, 2, 18, 25, 340 }, // 2
    { 12, 18, 227, 1, 18, 27, 365 }, // 3
    { 13, 18, 227, 1, 18, 30, 392 }, // 4
    { 12, 18, 227, 1, 18, 27, 422 }, // 5
    { 12, 18, 227, 1, 18, 27, 449 }, // 6
    { 12, 18, 227, 1, 18, 27, 476 }, // 7
    { 12, 18, 227, 1, 18, 27, 503 }, // 8
    { 12, 18, 227, 1, 18, 27, 530 }, // 9
    { 4, 14, 106, 1, 14, 7, 557 }, // :
    { 4, 18, 106, 1, 14, 9, 564 }, // ;
    { 12, 13, 227, 1, 14, 20, 573 }, // <
    { 12, 8, 227, 1, 11, 12, 593 }, // =
    { 12, 13, 227, 1, 14, 20, 605 }, // >
    { 9, 18, 170, 1, 18, 21, 625 }, // ?
    { 21, 21, 388, 2, 18, 56, 646 }, // @
    { 17, 18, 274, 0, 18, 39, 702 }, // A
    { 13, 18, 263, 2, 18, 30, 741 }, // B
    { 14, 18, 255, 1, 18, 32, 771 }, // C
    { 15, 18, 290, 2, 18, 34, 803 }, // D
    { 12, 18, 234, 2, 18, 27, 837 }, // E
    { 11, 18, 220, 2, 18, 25, 864 }, // F
    { 14, 18, 273, 1, 18, 32, 889 }, // G
    { 14, 18, 288, 2, 18, 32, 921 }, // H
    { 3, 18, 117, 2, 18, 7, 953 }, // I
    { 11, 18, 205, 0, 18, 25, 960 }, // J
    { 14, 18, 260, 2, 18, 32, 985 }, // K
    { 11, 18, 214, 2, 18, 25, 1017 }, // L
    { 18, 18, 354, 2, 18, 41, 1042 }, // M
    { 14, 18, 296, 2, 18, 32, 1083 }, // N
    { 17, 18, 313, 1, 18, 39, 1115 }, // O
    { 13, 18, 249, 2, 18, 30, 1154 }, // P
    { 17, 22, 313, 1, 18, 47, 1184 }, // Q
    { 13, 18, 256, 2, 18, 30, 1231 }, // R
    { 12, 18, 216, 1, 18, 27, 1261 }, // S
    { 14, 18, 232, 1, 18, 32, 1288 }, // T
    { 14, 18, 281, 2, 18, 32, 1320 }, // U
    { 17, 18, 273, 0, 18, 39, 1352 }, // V
    { 22, 18, 375, 1, 18, 50, 1391 }, // W
    { 16, 18, 263, 0, 18, 36, 1441 }, // X
    { 15, 18, 250, 0, 18, 34, 1477 }, // Y
    { 13, 18, 235, 1, 18, 30, 1511 }, // Z
    { 6, 25, 138, 2, 20, 19, 1541 }, // [
    { 11, 26, 166, 0, 21, 36, 1560 }, // <backslash>
    { 7, 25, 138, 0, 20, 22, 1596 }, // ]
    { 12, 10, 227, 1, 18, 15, 1618 }, // ^
    { 13, 2, 200, 0, -3, 4, 1633 }, // _
    { 5, 6, 157, 2, 21, 4, 1637 }, // `
    { 11, 14, 214, 1, 14, 20, 1641 }, // a
    { 12, 20, 238, 2, 20, 30, 1661 }, // b
    { 10, 14, 189, 1, 14, 18, 1691 }, // c
    { 12, 20, 238, 1, 20, 30, 1709 }, // d
    { 12, 14, 228, 1, 14, 21, 1739 }, // e
    { 9, 20, 160, 2, 20, 23, 1760 }, // f
    { 12, 19, 234, 1, 14, 29, 1783 }, // g
    { 11, 20, 233, 2, 20, 28, 1812 }, // h
    { 3, 20, 110, 2, 20, 8, 1840 }, // i
    { 6, 25, 110, -1, 20, 19, 1848 }, // j
    { 12, 21, 220, 2, 21, 32, 1867 }, // k
    { 5, 21, 119, 2, 21, 14, 1899 }, // l
    { 17, 14, 346, 2, 14, 30, 1913 }, // m
    { 11, 14, 234, 2, 14, 20, 1943 }, // n
    { 13, 14, 239, 1, 14, 23, 1963 }, // o
    { 12, 19, 238, 2, 14, 29, 1986 }, // p
    { 12, 19, 238, 1, 14, 29, 2015 }, // q
    { 8, 14, 161, 2, 14, 14, 2044 }, // r
    { 9, 14, 183, 1, 14, 16, 2058 }, // s
    { 8, 18, 167, 2, 18, 18, 2074 }, // t
    { 11, 14, 233, 2, 14, 20, 2092 }, // u
    { 13, 14, 210, 0, 14, 23, 2112 }, // v
    { 19, 14, 312, 0, 14, 34, 2135 }, // w
    { 13, 14, 212, 0, 14, 23, 2169 }, // x
    { 13, 19, 208, 0, 14, 31, 2192 }, // y
    { 10, 14, 194, 1, 14, 18, 2223 }, // z
    { 8, 25, 139, 1, 20, 25, 2241 }, // {
    { 3, 25, 120, 2, 20, 10, 2266 }, // |
    { 8, 25, 139, 0, 20, 25, 2276 }, // }
    { 12, 4, 227, 1, 9, 6, 2301 }, // ~
    { 1, 1, 93, 0, 1, 1, 2307 }, // U+00A0
    { 4, 19, 122, 2, 14, 10, 2308 }, // U+00A1
    { 11, 21, 227, 2, 18, 29, 2318 }, // U+00A2
    { 12, 18, 227, 1, 18, 27, 2347 }, // U+00A3
    { 12, 12, 227, 1, 15, 18, 2374 }, // U+00A4
    { 15, 18, 227, 0, 18, 34, 2392 }, // U+00A5
    { 3, 25, 120, 2, 20, 10, 2426 }, // U+00A6
    { 11, 20, 204, 1, 18, 28, 2436 }, // U+00A7
    { 8, 2, 162, 1, 18, 2, 2464 }, // U+00A8
    { 17, 19, 326, 2, 19, 41, 2466 }, // U+00A9
    { 8, 10, 161, 1, 18, 10, 2507 }, // U+00AA
    { 12, 12, 221, 1, 13, 18, 2517 }, // U+00AB
    { 12, 9, 227, 1, 10, 14, 2535 }, // U+00AC
    { 7, 2, 126, 1, 8, 2, 2549 }, // U+00AD
    { 17, 19, 326, 2, 19, 41, 2551 }, // U+00AE
    { 8, 2, 156, 1, 18, 2, 2592 }, // U+00AF
    { 7, 8, 139, 1, 21, 7, 2594 }, // U+00B0
    { 12, 16, 227, 1, 16, 24, 2601 }, // U+00B1
    { 7, 10, 145, 1, 18, 9, 2625 }, // U+00B2
    { 8, 10, 145, 0, 18, 10, 2634 }, // U+00B3
    { 6, 6, 157, 2, 21, 5, 2644 }, // U+00B4
    { 11, 19, 236, 2, 14, 27, 2649 }, // U+00B5
    { 14, 23, 273, 0, 18, 41, 2676 }, // U+00B6
    { 4, 4, 84, 1, 10, 2, 2717 }, // U+00B7
    { 6, 6, 156, 1, 1, 5, 2719 }, // U+00B8
    { 5, 10, 145, 1, 18, 7, 2724 }, // U+00B9
    { 9, 10, 182, 1, 18, 12, 2731 }, // U+00BA
    { 12, 12, 221, 1, 13, 18, 2743 }, // U+00BB
    { 21, 18, 351, 1, 18, 48, 2761 }, // U+00BC
    { 20, 18, 351, 1, 18, 45, 2809 }, // U+00BD
    { 21, 18, 351, 0, 18, 48, 2854 }, // U+00BE
    { 9, 19, 170, 1, 14, 22, 2902 }, // U+00BF
    { 17, 25, 274, 0, 25, 54, 2924 }, // U+00C0
    { 17, 25, 274, 0, 25, 54, 2978 }, // U+00C1
    { 17, 24, 274, 0, 24, 51, 3032 }, // U+00C2
    { 17, 24, 274, 0, 24, 51, 3083 }, // U+00C3
    { 16, 22, 274, 0, 22, 44, 3134 }, // U+00C4
    { 18, 22, 274, 0, 22, 50, 3178 }, // U+00C5
    { 23, 18, 383, 0, 18, 52, 3228 }, // U+00C6
    { 14, 23, 255, 1, 18, 41, 3280 }, // U+00C7
    { 12, 25, 234, 2, 25, 38, 3321 }, // U+00C8
    { 12, 25, 234, 2, 25, 38, 3359 }, // U+00C9
    { 12, 24, 234, 2, 24, 36, 3397 }, // U+00CA
    { 12, 22, 234, 2, 22, 33, 3433 }, // U+00CB
    { 5, 25, 117, 0, 25, 16, 3466 }, // U+00CC
    { 6, 25, 117, 2, 25, 19, 3482 }, // U+00CD
    { 7, 24, 117, 0, 24, 21, 3501 }, // U+00CE
    { 8, 22, 117, 0, 22, 22, 3522 }, // U+00CF
    { 17, 18, 296, 1, 18, 39, 3544 }, // U+00D0
    { 14, 24, 296, 2, 24, 42, 3583 }, // U+00D1
    { 17, 25, 313, 1, 25, 54, 3625 }, // U+00D2
    { 17, 25, 313, 1, 25, 54, 3679 }, // U+00D3
    { 17, 24, 313, 1, 24, 51, 3733 }, // U+00D4
    { 17, 24, 313, 1, 24, 51, 3784 }, // U+00D5
    { 17, 24, 313, 1, 24, 51, 3835 }, // U+00D6
    { 10, 11, 227, 2, 13, 14, 3886 }, // U+00D7
    { 17, 20, 313, 1, 19, 43, 3900 }, // U+00D8
    { 14, 25, 281, 2, 25, 44, 3943 }, // U+00D9
    { 14, 25, 281, 2, 25, 44, 3987 }, // U+00DA
    { 14, 24, 281, 2, 24, 42, 4031 }, // U+00DB
    { 14, 24, 281, 2, 24, 42, 4073 }, // U+00DC
    { 15, 25, 250, 0, 25, 47, 4115 }, // U+00DD
    { 13, 18, 251, 2, 18, 30, 4162 }, // U+00DE
    { 13, 20, 254, 2, 20, 33, 4192 }, // U+00DF
    { 11, 21, 214, 1, 21, 29, 4225 }, // U+00E0
    { 11, 21, 214, 1, 21, 29, 4254 }, // U+00E1
    { 11, 20, 214, 1, 20, 28, 4283 }, // U+00E2
    { 11, 20, 214, 1, 20, 28, 4311 }, // U+00E3
    { 11, 18, 214, 1, 18, 25, 4339 }, // U+00E4
    { 11, 21, 214, 1, 21, 29, 4364 }, // U+00E5
    { 19, 14, 348, 1, 14, 34, 4393 }, // U+00E6
    { 10, 19, 189, 1, 14, 24, 4427 }, // U+00E7
    { 12, 21, 228, 1, 21, 32, 4451 }, // U+00E8
    { 12, 21, 228, 1, 21, 32, 4483 }, // U+00E9
    { 12, 20, 228, 1, 20, 30, 4515 }, // U+00EA
    { 12, 20, 228, 1, 20, 30, 4545 }, // U+00EB
    { 5, 21, 110, 0, 21, 14, 4575 }, // U+00EC
    { 5, 21, 110, 2, 21, 14, 4589 }, // U+00ED
    { 7, 21, 110, 0, 21, 19, 4603 }, // U+00EE
    { 8, 19, 110, -1, 19, 19, 4622 }, // U+00EF
    { 13, 21, 236, 1, 21, 35, 4641 }, // U+00F0
    { 11, 20, 234, 2, 20, 28, 4676 }, // U+00F1
    { 13, 21, 239, 1, 21, 35, 4704 }, // U+00F2
    { 13, 21, 239, 1, 21, 35, 4739 }, // U+00F3
    { 13, 20, 239, 1, 20, 33, 4774 }, // U+00F4
    { 13, 20, 239, 1, 20, 33, 4807 }, // U+00F5
    { 13, 20, 239, 1, 20, 33, 4840 }, // U+00F6
    { 12, 14, 227, 1, 15, 21, 4873 }, // U+00F7
    { 13, 16, 239, 1, 15, 26, 4894 }, // U+00F8
    { 11, 21, 233, 2, 21, 29, 4920 }, // U+00F9
    { 11, 21, 233, 2, 21, 29, 4949 }, // U+00FA
    { 11, 21, 233, 2, 21, 29, 4978 }, // U+00FB
    { 11, 18, 233, 2, 18, 25, 5007 }, // U+00FC
    { 13, 26, 208, 0, 21, 43, 5032 }, // U+00FD
    { 12, 25, 238, 2, 20, 38, 5075 }, // U+00FE
    { 12, 24, 208, 0, 19, 36, 5113 }, // U+00FF
    { 18, 23, 274, 0, 23, 52, 5149 }, // U+0100
    { 11, 19, 214, 1, 19, 27, 5201 }, // U+0101
    { 17, 24, 274, 0, 24, 51, 5228 }, // U+0102
    { 11, 20, 214, 1, 20, 28, 5279 }, // U+0103
    { 17, 23, 274, 0, 18, 49, 5307 }, // U+0104
    { 11, 19, 214, 1, 14, 27, 5356 }, // U+0105
    { 14, 25, 255, 1, 25, 44, 5383 }, // U+0106
    { 10, 21, 189, 1, 21, 27, 5427 }, // U+0107
    { 14, 24, 255, 1, 24, 42, 5454 }, // U+0108
    { 10, 20, 189, 1, 20, 25, 5496 }, // U+0109
    { 14, 24, 255, 1, 24, 42, 5521 }, // U+010A
    { 10, 20, 189, 1, 20, 25, 5563 }, // U+010B
    { 14, 24, 255, 1, 24, 42, 5588 }, // U+010C
    { 10, 20, 189, 1, 20, 25, 5630 }, // U+010D
    { 15, 24, 290, 2, 24, 45, 5655 }, // U+010E
    { 16, 20, 267, 1, 20, 40, 5700 }, // U+010F
    { 17, 18, 296, 1, 18, 39, 5740 }, // U+0110
    { 14, 20, 238, 1, 20, 35, 5779 }, // U+0111
    { 12, 23, 234, 2, 23, 35, 5814 }, // U+0112
    { 12, 19, 228, 1, 19, 29, 5849 }, // U+0113
    { 12, 24, 234, 2, 24, 36, 5878 }, // U+0114
    { 12, 20, 228, 1, 20, 30, 5914 }, // U+0115
    { 12, 24, 234, 2, 24, 36, 5944 }, // U+0116
    { 12, 20, 228, 1, 20, 30, 5980 }, // U+0117
    { 12, 23, 234, 2, 18, 35, 6010 }, // U+0118
    { 12, 19, 228, 1, 14, 29, 6045 }, // U+0119
    { 12, 24, 234, 2, 24, 36, 6074 }, // U+011A
    { 12, 20, 228, 1, 20, 30, 6110 }, // U+011B
    { 14, 24, 273, 1, 24, 42, 6140 }, // U+011C
    { 12, 25, 234, 1, 20, 38, 6182 }, // U+011D
    { 14, 24, 273, 1, 24, 42, 6220 }, // U+011E
    { 12, 25, 234, 1, 20, 38, 6262 }, // U+011F
    { 14, 24, 273, 1, 24, 42, 6300 }, // U+0120
    { 12, 25, 234, 1, 20, 38, 6342 }, // U+0121
    { 14, 23, 273, 1, 18, 41, 6380 }, // U+0122
    { 12, 25, 234, 1, 20, 38, 6421 }, // U+0123
    { 14, 24, 288, 2, 24, 42, 6459 }, // U+0124
    { 12, 25, 233, 1, 25, 38, 6501 }, // U+0125
    { 18, 18, 299, 1, 18, 41, 6539 }, // U+0126
    { 13, 20, 233, 1, 20, 33, 6580 }, // U+0127
    { 9, 24, 117, -1, 24, 27, 6613 }, // U+0128
    { 9, 20, 110, -1, 20, 23, 6640 }, // U+0129
    { 8, 23, 117, 0, 23, 23, 6663 }, // U+012A
    { 8, 19, 110, -1, 19, 19, 6686 }, // U+012B
    { 8, 24, 117, 1, 24, 24, 6705 }, // U+012C
    { 8, 20, 110, 0, 20, 20, 6729 }, // U+012D
    { 5, 23, 117, 1, 18, 15, 6749 }, // U+012E
    { 5, 25, 110, 1, 20, 16, 6764 }, // U+012F
    { 3, 24, 117, 2, 24, 9, 6780 }, // U+0130
    { 3, 14, 110, 2, 14, 6, 6789 }, // U+0131
    { 16, 18, 324, 2, 18, 36, 6795 }, // U+0132
    { 10, 25, 219, 2, 20, 32, 6831 }, // U+0133
    { 13, 24, 205, 0, 24, 39, 6863 }, // U+0134
    { 9, 26, 110, -2, 21, 30, 6902 }, // U+0135
    { 14, 23, 260, 2, 18, 41, 6932 }, // U+0136
    { 12, 26, 220, 2, 21, 39, 6973 }, // U+0137
    { 12, 14, 224, 2, 14, 21, 7012 }, // U+0138
    { 11, 25, 214, 2, 25, 35, 7033 }, // U+0139
    { 6, 26, 119, 1, 26, 20, 7068 }, // U+013A
    { 11, 23, 214, 2, 18, 32, 7088 }, // U+013B
    { 6, 26, 119, 1, 21, 20, 7120 }, // U+013C
    { 11, 18, 214, 2, 18, 25, 7140 }, // U+013D
    { 8, 20, 144, 2, 20, 20, 7165 }, // U+013E
    { 11, 18, 214, 2, 18, 25, 7185 }, // U+013F
    { 9, 20, 173, 2, 20, 23, 7210 }, // U+0140
    { 14, 18, 222, 0, 18, 32, 7233 }, // U+0141
    { 8, 21, 130, 0, 21, 21, 7265 }, // U+0142
    { 14, 25, 296, 2, 25, 44, 7286 }, // U+0143
    { 11, 21, 234, 2, 21, 29, 7330 }, // U+0144
    { 14, 23, 296, 2, 18, 41, 7359 }, // U+0145
    { 11, 19, 234, 2, 14, 27, 7400 }, // U+0146
    { 14, 24, 296, 2, 24, 42, 7427 }, // U+0147
    { 11, 20, 234, 2, 20, 28, 7469 }, // U+0148
    { 13, 20, 239, 0, 20, 33, 7497 }, // U+0149
    { 14, 23, 296, 2, 18, 41, 7530 }, // U+014A
    { 11, 19, 234, 2, 14, 27, 7571 }, // U+014B
    { 17, 23, 313, 1, 23, 49, 7598 }, // U+014C
    { 13, 19, 239, 1, 19, 31, 7647 }, // U+014D
    { 17, 24, 313, 1, 24, 51, 7678 }, // U+014E
    { 13, 20, 239, 1, 20, 33, 7729 }, // U+014F
    { 17, 24, 313, 1, 24, 51, 7762 }, // U+0150
    { 13, 21, 239, 1, 21, 35, 7813 }, // U+0151
    { 23, 18, 398, 1, 18, 52, 7848 }, // U+0152
    { 21, 14, 377, 1, 14, 37, 7900 }, // U+0153
    { 13, 25, 256, 2, 25, 41, 7937 }, // U+0154
    { 8, 21, 161, 2, 21, 21, 7978 }, // U+0155
    { 13, 23, 256, 2, 18, 38, 7999 }, // U+0156
    { 10, 19, 161, 0, 14, 24, 8037 }, // U+0157
    { 13, 24, 256, 2, 24, 39, 8061 }, // U+0158
    { 8, 20, 161, 2, 20, 20, 8100 }, // U+0159
    { 12, 25, 216, 1, 25, 38, 8120 }, // U+015A
    { 9, 21, 183, 1, 21, 24, 8158 }, // U+015B
    { 12, 24, 216, 1, 24, 36, 8182 }, // U+015C
    { 9, 20, 183, 1, 20, 23, 8218 }, // U+015D
    { 12, 23, 216, 1, 18, 35, 8241 }, // U+015E
    { 9, 19, 183, 1, 14, 22, 8276 }, // U+015F
    { 12, 24, 216, 1, 24, 36, 8298 }, // U+0160
    { 9, 20, 183, 1, 20, 23, 8334 }, // U+0161
    { 14, 23, 232, 1, 18, 41, 8357 }, // U+0162
    { 8, 22, 167, 2, 18, 22, 8398 }, // U+0163
    { 14, 24, 232, 1, 24, 42, 8420 }, // U+0164
    { 8, 20, 167, 2, 20, 20, 8462 }, // U+0165
    { 14, 18, 232, 1, 18, 32, 8482 }, // U+0166
    { 8, 18, 167, 2, 18, 18, 8514 }, // U+0167
    { 14, 24, 281, 2, 24, 42, 8532 }, // U+0168
    { 11, 20, 233, 2, 20, 28, 8574 }, // U+0169
    { 14, 23, 281, 2, 23, 41, 8602 }, // U+016A
    { 11, 19, 233, 2, 19, 27, 8643 }, // U+016B
    { 14, 24, 281, 2, 24, 42, 8670 }, // U+016C
    { 11, 20, 233, 2, 20, 28, 8712 }, // U+016D
    { 14, 25, 281, 2, 25, 44, 8740 }, // U+016E
    { 11, 21, 233, 2, 21, 29, 8784 }, // U+016F
    { 14, 25, 281, 2, 25, 44, 8813 }, // U+0170
    { 11, 21, 233, 2, 21, 29, 8857 }, // U+0171
    { 13, 23, 281, 2, 18, 38, 8886 }, // U+0172
    { 11, 19, 233, 2, 14, 27, 8924 }, // U+0173
    { 22, 24, 375, 1, 24, 66, 8951 }, // U+0174
    { 19, 21, 312, 0, 21, 50, 9017 }, // U+0175
    { 15, 24, 250, 0, 24, 45, 9067 }, // U+0176
    { 13, 26, 208, 0, 21, 43, 9112 }, // U+0177
    { 14, 22, 250, 1, 22, 39, 9155 }, // U+0178
    { 13, 25, 235, 1, 25, 41, 9194 }, // U+0179
    { 10, 21, 194, 1, 21, 27, 9235 }, // U+017A
    { 13, 24, 235, 1, 24, 39, 9262 }, // U+017B
    { 10, 20, 194, 1, 20, 25, 9301 }, // U+017C
    { 13, 24, 235, 1, 24, 39, 9326 }, // U+017D
    { 10, 21, 194, 1, 21, 27, 9365 }, // U+017E
    { 8, 20, 117, 2, 20, 20, 9392 }, // U+017F
    { 17, 22, 312, 1, 22, 47, 9412 }, // U+01A0
    { 14, 17, 239, 1, 17, 30, 9459 }, // U+01A1
    { 17, 22, 288, 2, 22, 47, 9489 }, // U+01AF
    { 14, 17, 241, 2, 17, 30, 9536 }, // U+01B0
    { 29, 24, 518, 2, 24, 87, 9566 }, // U+01C4
    { 27, 20, 481, 2, 20, 68, 9653 }, // U+01C5
    { 25, 20, 432, 1, 20, 63, 9721 }, // U+01C6
    { 22, 18, 424, 2, 18, 50, 9784 }, // U+01C7
    { 16, 25, 325, 2, 20, 50, 9834 }, // U+01C8
    { 10, 26, 228, 2, 21, 33, 9884 }, // U+01C9
    { 27, 18, 503, 2, 18, 61, 9917 }, // U+01CA
    { 21, 25, 406, 2, 20, 66, 9978 }, // U+01CB
    { 18, 25, 343, 2, 20, 57, 10044 }, // U+01CC
    { 17, 24, 274, 0, 24, 51, 10101 }, // U+01CD
    { 11, 20, 214, 1, 20, 28, 10152 }, // U+01CE
    { 7, 24, 117, 0, 24, 21, 10180 }, // U+01CF
    { 7, 21, 110, 0, 21, 19, 10201 }, // U+01D0
    { 17, 24, 313, 1, 24, 51, 10220 }, // U+01D1
    { 13, 20, 239, 1, 20, 33, 10271 }, // U+01D2
    { 14, 24, 281, 2, 24, 42, 10304 }, // U+01D3
    { 11, 21, 233, 2, 21, 29, 10346 }, // U+01D4
    { 14, 26, 281, 2, 26, 46, 10375 }, // U+01D5
    { 11, 22, 233, 2, 22, 31, 10421 }, // U+01D6
    { 14, 25, 281, 2, 25, 44, 10452 }, // U+01D7
    { 11, 22, 233, 2, 22, 31, 10496 }, // U+01D8
    { 14, 25, 281, 2, 25, 44, 10527 }, // U+01D9
    { 11, 22, 233, 2, 22, 31, 10571 }, // U+01DA
    { 14, 25, 281, 2, 25, 44, 10602 }, // U+01DB
    { 11, 22, 233, 2, 22, 31, 10646 }, // U+01DC
    { 12, 14, 228, 1, 14, 21, 10677 }, // U+01DD
    { 17, 25, 274, 1, 25, 54, 10698 }, // U+01DE
    { 11, 22, 214, 1, 22, 31, 10752 }, // U+01DF
    { 16, 25, 274, 0, 25, 50, 10783 }, // U+01E0
    { 11, 22, 214, 1, 22, 31, 10833 }, // U+01E1
    { 24, 23, 383, 0, 23, 69, 10864 }, // U+01E2
    { 19, 19, 348, 1, 19, 46, 10933 }, // U+01E3
    { 16, 18, 286, 1, 18, 36, 10979 }, // U+01E4
    { 13, 19, 237, 1, 14, 31, 11015 }, // U+01E5
    { 14, 24, 273, 1, 24, 42, 11046 }, // U+01E6
    { 12, 25, 234, 1, 20, 38, 11088 }, // U+01E7
    { 14, 24, 260, 2, 24, 42, 11126 }, // U+01E8
    { 13, 26, 220, 1, 26, 43, 11168 }, // U+01E9
    { 17, 23, 313, 1, 18, 49, 11211 }, // U+01EA
    { 13, 18, 239, 1, 14, 30, 11260 }, // U+01EB
    { 17, 28, 313, 1, 23, 60, 11290 }, // U+01EC
    { 13, 23, 239, 1, 19, 38, 11350 }, // U+01ED
    { 13, 24, 234, 0, 24, 39, 11388 }, // U+01EE
    { 12, 26, 198, 0, 21, 39, 11427 }, // U+01EF
    { 9, 26, 110, -2, 21, 30, 11466 }, // U+01F0
    { 29, 18, 518, 2, 18, 66, 11496 }, // U+01F1
    { 27, 18, 481, 2, 18, 61, 11562 }, // U+01F2
    { 25, 20, 432, 1, 20, 63, 11623 }, // U+01F3
    { 14, 25, 273, 1, 25, 44, 11686 }, // U+01F4
    { 12, 26, 234, 1, 21, 39, 11730 }, // U+01F5
    { 23, 18, 426, 2, 18, 52, 11769 }, // U+01F6
    { 13, 23, 263, 2, 18, 38, 11821 }, // U+01F7
    { 14, 25, 296, 2, 25, 44, 11859 }, // U+01F8
    { 11, 21, 234, 2, 21, 29, 11903 }, // U+01F9
    { 17, 25, 274, 0, 25, 54, 11932 }, // U+01FA
    { 11, 24, 214, 1, 24, 33, 11986 }, // U+01FB
    { 23, 25, 383, 0, 25, 72, 12019 }, // U+01FC
    { 19, 21, 348, 1, 21, 50, 12091 }, // U+01FD
    { 17, 27, 313, 1, 26, 58, 12141 }, // U+01FE
    { 13, 23, 239, 1, 22, 38, 12199 }, // U+01FF
    { 17, 25, 274, 0, 25, 54, 12237 }, // U+0200
    { 11, 21, 214, 1, 21, 29, 12291 }, // U+0201
    { 17, 24, 274, 0, 24, 51, 12320 }, // U+0202
    { 11, 20, 214, 1, 20, 28, 12371 }, // U+0203
    { 12, 25, 234, 2, 25, 38, 12399 }, // U+0204
    { 12, 21, 228, 1, 21, 32, 12437 }, // U+0205
    { 12, 24, 234, 2, 24, 36, 12469 }, // U+0206
    { 12, 20, 228, 1, 20, 30, 12505 }, // U+0207
    { 9, 25, 117, -2, 25, 29, 12535 }, // U+0208
    { 10, 21, 110, -3, 21, 27, 12564 }, // U+0209
    { 8, 24, 117, 0, 24, 24, 12591 }, // U+020A
    { 8, 20, 110, 0, 20, 20, 12615 }, // U+020B
    { 17, 24, 313, 1, 24, 51, 12635 }, // U+020C
    { 13, 21, 239, 1, 21, 35, 12686 }, // U+020D
    { 17, 24, 313, 1, 24, 51, 12721 }, // U+020E
    { 13, 20, 239, 1, 20, 33, 12772 }, // U+020F
    { 13, 25, 256, 2, 25, 41, 12805 }, // U+0210
    { 10, 21, 161, 0, 21, 27, 12846 }, // U+0211
    { 13, 24, 256, 2, 24, 39, 12873 }, // U+0212
    { 8, 20, 161, 2, 20, 20, 12912 }, // U+0213
    { 14, 25, 281, 2, 25, 44, 12932 }, // U+0214
    { 11, 21, 233, 2, 21, 29, 12976 }, // U+0215
    { 14, 24, 281, 2, 24, 42, 13005 }, // U+0216
    { 11, 20, 233, 2, 20, 28, 13047 }, // U+0217
    { 12, 23, 216, 1, 18, 35, 13075 }, // U+0218
    { 9, 19, 183, 1, 14, 22, 13110 }, // U+0219
    { 14, 23, 232, 1, 18, 41, 13132 }, // U+021A
    { 8, 23, 167, 2, 18, 23, 13173 }, // U+021B
    { 12, 23, 215, 0, 18, 35, 13196 }, // U+021C
    { 11, 19, 181, 0, 14, 27, 13231 }, // U+021D
    { 14, 24, 288, 2, 24, 42, 13258 }, // U+021E
    { 11, 25, 233, 2, 25, 35, 13300 }, // U+021F
    { 6, 4, 0, -12, 19, 3, 13335 }, // U+0300
    { 7, 4, 0, -8, 19, 4, 13338 }, // U+0301
    { 9, 4, 0, -5, 19, 5, 13342 }, // U+0302
    { 9, 3, 0, -13, 18, 4, 13347 }, // U+0303
    { 8, 2, 0, -4, 18, 2, 13351 }, // U+0304
    { 8, 4, 0, -4, 19, 4, 13353 }, // U+0306
    { 3, 3, 0, -2, 19, 2, 13357 }, // U+0307
    { 8, 3, 0, -4, 19, 3, 13359 }, // U+0308
    { 6, 6, 0, -3, 21, 5, 13362 }, // U+030A
    { 10, 4, 0, -3, 19, 5, 13367 }, // U+030B
    { 8, 4, 0, -4, 19, 4, 13372 }, // U+030C
    { 8, 4, 159, 1, 20, 4, 13376 }, // U+0311
    { 4, 6, 0, -2, 18, 3, 13380 }, // U+0312
    { 4, 4, 0, -2, -2, 2, 13383 }, // U+0326
    { 5, 6, 0, -3, 0, 4, 13385 }, // U+0327
    { 5, 6, 0, -2, 0, 4, 13389 }, // U+0328
    { 8, 2, 0, -10, -2, 2, 13393 }, // U+0331
    { 1, 1, 0, 0, 1, 1, 13395 }, // U+034F
    { 12, 25, 234, 2, 25, 38, 13396 }, // U+0400
    { 12, 22, 234, 2, 22, 33, 13434 }, // U+0401
    { 18, 18, 308, 1, 18, 41, 13467 }, // U+0402
    { 11, 25, 214, 2, 25, 35, 13508 }, // U+0403
    { 14, 18, 252, 1, 18, 32, 13543 }, // U+0404
    { 12, 18, 216, 1, 18, 27, 13575 }, // U+0405
    { 3, 18, 117, 2, 18, 7, 13602 }, // U+0406
    { 8, 22, 117, 0, 22, 22, 13609 }, // U+0407
    { 11, 18, 205, 0, 18, 25, 13631 }, // U+0408
    { 25, 18, 430, 1, 18, 57, 13656 }, // U+0409
    { 23, 18, 418, 2, 18, 52, 13713 }, // U+040A
    { 17, 18, 306, 1, 18, 39, 13765 }, // U+040B
    { 14, 25, 260, 2, 25, 44, 13804 }, // U+040C
    { 14, 25, 296, 2, 25, 44, 13848 }, // U+040D
    { 14, 24, 246, 1, 24, 42, 13892 }, // U+040E
    { 14, 23, 286, 2, 18, 41, 13934 }, // U+040F
    { 17, 18, 274, 0, 18, 39, 13975 }, // U+0410
    { 13, 18, 252, 2, 18, 30, 14014 }, // U+0411
    { 13, 18, 263, 2, 18, 30, 14044 }, // U+0412
    { 11, 18, 214, 2, 18, 25, 14074 }, // U+0413
    { 18, 23, 306, 1, 18, 52, 14099 }, // U+0414
    { 12, 18, 234, 2, 18, 27, 14151 }, // U+0415
    { 23, 18, 380, 0, 18, 52, 14178 }, // U+0416
    { 13, 18, 236, 1, 18, 30, 14230 }, // U+0417
    { 14, 18, 296, 2, 18, 32, 14260 }, // U+0418
    { 14, 24, 296, 2, 24, 42, 14292 }, // U+0419
    { 14, 18, 260, 2, 18, 32, 14334 }, // U+041A
    { 16, 18, 297, 1, 18, 36, 14366 }, // U+041B
    { 18, 18, 354, 2, 18, 41, 14402 }, // U+041C
    { 14, 18, 288, 2, 18, 32, 14443 }, // U+041D
    { 17, 18, 313, 1, 18, 39, 14475 }, // U+041E
    { 14, 18, 286, 2, 18, 32, 14514 }, // U+041F
    { 13, 18, 249, 2, 18, 30, 14546 }, // U+0420
    { 14, 18, 255, 1, 18, 32, 14576 }, // U+0421
    { 14, 18, 232, 1, 18, 32, 14608 }, // U+0422
    { 14, 18, 246, 1, 18, 32, 14640 }, // U+0423
    { 19, 19, 346, 1, 19, 46, 14672 }, // U+0424
    { 16, 18, 263, 0, 18, 36, 14718 }, // U+0425
    { 16, 23, 301, 2, 18, 46, 14754 }, // U+0426
    { 13, 18, 264, 1, 18, 30, 14800 }, // U+0427
    { 21, 18, 400, 2, 18, 48, 14830 }, // U+0428
    { 23, 23, 416, 2, 18, 67, 14878 }, // U+0429
    { 18, 18, 295, 0, 18, 41, 14945 }, // U+042A
    { 18, 18, 356, 2, 18, 41, 14986 }, // U+042B
    { 13, 18, 253, 2, 18, 30, 15027 }, // U+042C
    { 14, 18, 252, 1, 18, 32, 15057 }, // U+042D
    { 23, 18, 422, 2, 18, 52, 15089 }, // U+042E
    { 14, 18, 263, 1, 18, 32, 15141 }, // U+042F
    { 11, 14, 214, 1, 14, 20, 15173 }, // U+0430
    { 12, 21, 242, 1, 21, 32, 15193 }, // U+0431
    { 11, 14, 228, 2, 14, 20, 15225 }, // U+0432
    { 9, 14, 175, 2, 14, 16, 15245 }, // U+0433
    { 15, 18, 253, 1, 14, 34, 15261 }, // U+0434
    { 12, 14, 228, 1, 14, 21, 15295 }, // U+0435
    { 19, 14, 320, 1, 14, 34, 15316 }, // U+0436
    { 10, 14, 200, 1, 14, 18, 15350 }, // U+0437
    { 11, 14, 245, 2, 14, 20, 15368 }, // U+0438
    { 11, 20, 245, 2, 20, 28, 15388 }, // U+0439
    { 12, 14, 224, 2, 14, 21, 15416 }, // U+043A
    { 13, 14, 245, 0, 14, 23, 15437 }, // U+043B
    { 15, 14, 299, 2, 14, 27, 15460 }, // U+043C
    { 11, 14, 237, 2, 14, 20, 15487 }, // U+043D
    { 13, 14, 239, 1, 14, 23, 15507 }, // U+043E
    { 11, 14, 236, 2, 14, 20, 15530 }, // U+043F
    { 12, 19, 238, 2, 14, 29, 15550 }, // U+0440
    { 10, 14, 189, 1, 14, 18, 15579 }, // U+0441
    { 11, 14, 194, 1, 14, 20, 15597 }, // U+0442
    { 13, 19, 208, 0, 14, 31, 15617 }, // U+0443
    { 17, 26, 312, 1, 21, 56, 15648 }, // U+0444
    { 13, 14, 212, 0, 14, 23, 15704 }, // U+0445
    { 13, 18, 243, 2, 14, 30, 15727 }, // U+0446
    { 11, 14, 220, 1, 14, 20, 15757 }, // U+0447
    { 17, 14, 338, 2, 14, 30, 15777 }, // U+0448
    { 19, 18, 346, 2, 14, 43, 15807 }, // U+0449
    { 14, 14, 248, 1, 14, 25, 15850 }, // U+044A
    { 16, 14, 316, 2, 14, 28, 15875 }, // U+044B
    { 11, 14, 220, 2, 14, 20, 15903 }, // U+044C
    { 11, 14, 206, 0, 14, 20, 15923 }, // U+044D
    { 18, 14, 337, 2, 14, 32, 15943 }, // U+044E
    { 12, 14, 226, 0, 14, 21, 15975 }, // U+044F
    { 12, 21, 228, 1, 21, 32, 15996 }, // U+0450
    { 12, 20, 228, 1, 20, 30, 16028 }, // U+0451
    { 13, 25, 230, 1, 20, 41, 16058 }, // U+0452
    { 9, 21, 175, 2, 21, 24, 16099 }, // U+0453
    { 11, 14, 206, 1, 14, 20, 16123 }, // U+0454
    { 9, 14, 183, 1, 14, 16, 16143 }, // U+0455
    { 3, 20, 110, 2, 20, 8, 16159 }, // U+0456
    { 8, 19, 110, -1, 19, 19, 16167 }, // U+0457
    { 6, 25, 110, -1, 20, 19, 16186 }, // U+0458
    { 21, 14, 351, 0, 14, 37, 16205 }, // U+0459
    { 19, 14, 343, 2, 14, 34, 16242 }, // U+045A
    { 13, 20, 233, 1, 20, 33, 16276 }, // U+045B
    { 12, 21, 224, 2, 21, 32, 16309 }, // U+045C
    { 11, 21, 245, 2, 21, 29, 16341 }, // U+045D
    { 13, 25, 208, 0, 20, 41, 16370 }, // U+045E
    { 11, 18, 235, 2, 14, 25, 16411 }, // U+045F
    { 17, 20, 291, 1, 20, 43, 16436 }, // U+0462
    { 14, 21, 243, 1, 21, 37, 16479 }, // U+0463
    { 17, 18, 313, 1, 18, 39, 16516 }, // U+0472
    { 13, 14, 239, 1, 14, 23, 16555 }, // U+0473
    { 20, 18, 307, 0, 18, 45, 16578 }, // U+0474
    { 15, 14, 232, 0, 14, 27, 16623 }, // U+0475
    { 17, 29, 306, 2, 24, 62, 16650 }, // U+048A
    { 14, 24, 248, 2, 20, 42, 16712 }, // U+048B
    { 15, 18, 256, 1, 18, 34, 16754 }, // U+048C
    { 13, 15, 214, 1, 15, 25, 16788 }, // U+048D
    { 13, 18, 249, 2, 18, 30, 16813 }, // U+048E
    { 12, 19, 238, 2, 14, 29, 16843 }, // U+048F
    { 11, 22, 214, 2, 22, 31, 16872 }, // U+0490
    { 9, 17, 177, 2, 17, 20, 16903 }, // U+0491
    { 13, 18, 220, 1, 18, 30, 16923 }, // U+0492
    { 11, 14, 180, 1, 14, 20, 16953 }, // U+0493
    { 13, 23, 257, 2, 18, 38, 16973 }, // U+0494
    { 11, 19, 222, 2, 14, 27, 17011 }, // U+0495
    { 24, 22, 386, 0, 18, 66, 17038 }, // U+0496
    { 20, 18, 325, 1, 14, 45, 17104 }, // U+0497
    { 13, 23, 236, 1, 18, 38, 17149 }, // U+0498
    { 10, 19, 200, 1, 14, 24, 17187 }, // U+0499
    { 15, 23, 274, 2, 18, 44, 17211 }, // U+049A
    { 12, 18, 227, 2, 14, 27, 17255 }, // U+049B
    { 16, 18, 300, 2, 18, 36, 17282 }, // U+049C
    { 14, 14, 260, 2, 14, 25, 17318 }, // U+049D
    { 16, 18, 266, 1, 18, 36, 17343 }, // U+049E
    { 14, 14, 231, 1, 14, 25, 17379 }, // U+049F
    { 19, 18, 303, 0, 18, 43, 17404 }, // U+04A0
    { 15, 14, 250, 1, 14, 27, 17447 }, // U+04A1
    { 17, 23, 305, 2, 18, 49, 17474 }, // U+04A2
    { 13, 18, 246, 2, 14, 30, 17523 }, // U+04A3
    { 19, 18, 330, 2, 18, 43, 17553 }, // U+04A4
    { 14, 14, 262, 2, 14, 25, 17596 }, // U+04A5
    { 23, 23, 421, 2, 18, 67, 17621 }, // U+04A6
    { 19, 19, 345, 2, 14, 46, 17688 }, // U+04A7
    { 17, 23, 320, 1, 18, 49, 17734 }, // U+04A8
    { 14, 18, 250, 1, 14, 32, 17783 }, // U+04A9
    { 14, 23, 255, 1, 18, 41, 17815 }, // U+04AA
    { 10, 19, 189, 1, 14, 24, 17856 }, // U+04AB
    { 14, 23, 232, 1, 18, 41, 17880 }, // U+04AC
    { 11, 18, 194, 1, 14, 25, 17921 }, // U+04AD
    { 15, 18, 250, 0, 18, 34, 17946 }, // U+04AE
    { 13, 19, 211, 0, 14, 31, 17980 }, // U+04AF
    { 16, 18, 250, 0, 18, 36, 18011 }, // U+04B0
    { 13, 19, 211, 0, 14, 31, 18047 }, // U+04B1
    { 16, 23, 271, 1, 18, 46, 18078 }, // U+04B2
    { 14, 18, 218, 0, 14, 32, 18124 }, // U+04B3
    { 21, 23, 350, 1, 18, 61, 18156 }, // U+04B4
    { 16, 18, 268, 1, 14, 36, 18217 }, // U+04B5
    { 15, 23, 272, 1, 18, 44, 18253 }, // U+04B6
    { 13, 18, 230, 1, 14, 30, 18297 }, // U+04B7
    { 13, 18, 264, 1, 18, 30, 18327 }, // U+04B8
    { 11, 14, 224, 1, 14, 20, 18357 }, // U+04B9
    { 13, 18, 266, 2, 18, 30, 18377 }, // U+04BA
    { 11, 20, 233, 2, 20, 28, 18407 }, // U+04BB
    { 20, 18, 342, 1, 18, 45, 18435 }, // U+04BC
    { 16, 14, 274, 1, 14, 28, 18480 }, // U+04BD
    { 20, 23, 343, 1, 18, 58, 18508 }, // U+04BE
    { 16, 18, 274, 1, 14, 36, 18566 }, // U+04BF
    { 3, 18, 117, 2, 18, 7, 18602 }, // U+04C0
    { 23, 24, 380, 0, 24, 69, 18609 }, // U+04C1
    { 19, 20, 320, 1, 20, 48, 18678 }, // U+04C2
    { 13, 23, 264, 2, 18, 38, 18726 }, // U+04C3
    { 11, 19, 224, 2, 14, 27, 18764 }, // U+04C4
    { 19, 23, 307, 1, 18, 55, 18791 }, // U+04C5
    { 16, 18, 252, 0, 14, 36, 18846 }, // U+04C6
    { 14, 23, 288, 2, 18, 41, 18882 }, // U+04C7
    { 11, 19, 237, 2, 14, 27, 18923 }, // U+04C8
    { 17, 23, 298, 2, 18, 49, 18950 }, // U+04C9
    { 13, 18, 241, 2, 14, 30, 18999 }, // U+04CA
    { 13, 23, 267, 2, 18, 38, 19029 }, // U+04CB
    { 11, 18, 220, 1, 14, 25, 19067 }, // U+04CC
    { 21, 23, 368, 2, 18, 61, 19092 }, // U+04CD
    { 18, 18, 308, 2, 14, 41, 19153 }, // U+04CE
    { 3, 18, 110, 2, 18, 7, 19194 }, // U+04CF
    { 17, 24, 274, 0, 24, 51, 19201 }, // U+04D0
    { 11, 20, 214, 1, 20, 28, 19252 }, // U+04D1
    { 16, 22, 274, 0, 22, 44, 19280 }, // U+04D2
    { 11, 18, 214, 1, 18, 25, 19324 }, // U+04D3
    { 23, 18, 383, 0, 18, 52, 19349 }, // U+04D4
    { 19, 14, 348, 1, 14, 34, 19401 }, // U+04D5
    { 12, 24, 234, 2, 24, 36, 19435 }, // U+04D6
    { 12, 20, 228, 1, 20, 30, 19471 }, // U+04D7
    { 16, 18, 287, 1, 18, 36, 19501 }, // U+04D8
    { 12, 14, 228, 1, 14, 21, 19537 }, // U+04D9
    { 16, 24, 287, 1, 24, 48, 19558 }, // U+04DA
    { 12, 20, 228, 1, 20, 30, 19606 }, // U+04DB
    { 22, 22, 380, 1, 22, 61, 19636 }, // U+04DC
    { 20, 19, 320, 0, 19, 48, 19697 }, // U+04DD
    { 13, 23, 236, 1, 23, 38, 19745 }, // U+04DE
    { 10, 20, 200, 1, 20, 25, 19783 }, // U+04DF
    { 13, 18, 234, 0, 18, 30, 19808 }, // U+04E0
    { 12, 19, 198, 0, 14, 29, 19838 }, // U+04E1
    { 14, 23, 296, 2, 23, 41, 19867 }, // U+04E2
    { 11, 19, 245, 2, 19, 27, 19908 }, // U+04E3
    { 14, 22, 296, 2, 22, 39, 19935 }, // U+04E4
    { 11, 19, 245, 2, 19, 27, 19974 }, // U+04E5
    { 17, 24, 313, 1, 24, 51, 20001 }, // U+04E6
    { 13, 20, 239, 1, 20, 33, 20052 }, // U+04E7
    { 17, 18, 313, 1, 18, 39, 20085 }, // U+04E8
    { 13, 14, 239, 1, 14, 23, 20124 }, // U+04E9
    { 17, 24, 313, 1, 24, 51, 20147 }, // U+04EA
    { 13, 20, 239, 1, 20, 33, 20198 }, // U+04EB
    { 14, 24, 252, 0, 24, 42, 20231 }, // U+04EC
    { 11, 18, 206, 0, 18, 25, 20273 }, // U+04ED
    { 15, 23, 246, 0, 23, 44, 20298 }, // U+04EE
    { 13, 23, 208, 0, 18, 38, 20342 }, // U+04EF
    { 14, 24, 246, 1, 24, 42, 20380 }, // U+04F0
    { 12, 24, 208, 0, 19, 36, 20422 }, // U+04F1
    { 14, 25, 246, 1, 25, 44, 20458 }, // U+04F2
    { 13, 26, 208, 0, 21, 43, 20502 }, // U+04F3
    { 13, 22, 264, 1, 22, 36, 20545 }, // U+04F4
    { 11, 19, 220, 1, 19, 27, 20581 }, // U+04F5
    { 11, 23, 214, 2, 18, 32, 20608 }, // U+04F6
    { 9, 18, 175, 2, 14, 21, 20640 }, // U+04F7
    { 18, 22, 356, 2, 22, 50, 20661 }, // U+04F8
    { 16, 18, 316, 2, 18, 36, 20711 }, // U+04F9
    { 14, 15, 251, 1, 15, 27, 20747 }, // U+05D0
    { 13, 15, 222, 0, 15, 25, 20774 }, // U+05D1
    { 9, 15, 154, 0, 15, 17, 20799 }, // U+05D2
    { 12, 15, 213, 0, 15, 23, 20816 }, // U+05D3
    { 12, 15, 248, 2, 15, 23, 20839 }, // U+05D4
    { 5, 15, 125, 1, 15, 10, 20862 }, // U+05D5
    { 7, 15, 136, 1, 15, 14, 20872 }, // U+05D6
    { 13, 15, 260, 1, 15, 25, 20886 }, // U+05D7
    { 13, 15, 249, 1, 15, 25, 20911 }, // U+05D8
    { 5, 8, 123, 1, 15, 5, 20936 }, // U+05D9
    { 11, 20, 214, 1, 15, 28, 20941 }, // U+05DA
    { 11, 15, 200, 0, 15, 21, 20969 }, // U+05DB
    { 11, 19, 208, 1, 19, 27, 20990 }, // U+05DC
    { 14, 15, 266, 1, 15, 27, 21017 }, // U+05DD
    { 15, 15, 262, 1, 15, 29, 21044 }, // U+05DE
    { 5, 20, 132, 1, 15, 13, 21073 }, // U+05DF
    { 7, 15, 151, 1, 15, 14, 21086 }, // U+05E0
    { 14, 15, 255, 1, 15, 27, 21100 }, // U+05E1
    { 13, 16, 236, 0, 15, 26, 21127 }, // U+05E2
    { 13, 20, 246, 1, 15, 33, 21153 }, // U+05E3
    { 13, 15, 238, 1, 15, 25, 21186 }, // U+05E4
    { 12, 20, 216, 1, 15, 30, 21211 }, // U+05E5
    { 12, 15, 223, 1, 15, 23, 21241 }, // U+05E6
    { 14, 20, 248, 1, 15, 35, 21264 }, // U+05E7
    { 10, 15, 205, 1, 15, 19, 21299 }, // U+05E8
    { 15, 15, 293, 1, 15, 29, 21318 }, // U+05E9
    { 15, 15, 270, 0, 15, 29, 21347 }, // U+05EA
    { 4, 6, 128, 2, 6, 3, 21376 }, // U+060C
    { 5, 15, 134, 1, 14, 10, 21379 }, // U+061B
    { 11, 19, 185, 1, 18, 27, 21389 }, // U+061F
    { 10, 12, 175, 0, 10, 15, 21416 }, // U+0621
    { 8, 3, 107, 0, 3, 3, 21431 }, // U+0640
    { 5, 5, 215, 4, 10, 4, 21434 }, // U+0660
    { 5, 17, 215, 4, 17, 11, 21438 }, // U+0661
    { 11, 17, 215, 1, 17, 24, 21449 }, // U+0662
    { 13, 17, 215, 1, 17, 28, 21473 }, // U+0663
    { 10, 18, 215, 2, 18, 23, 21501 }, // U+0664
    { 10, 13, 215, 2, 13, 17, 21524 }, // U+0665
    { 12, 18, 215, 1, 18, 27, 21541 }, // U+0666
    { 13, 17, 215, 0, 17, 28, 21568 }, // U+0667
    { 13, 17, 215, 0, 17, 28, 21596 }, // U+0668
    { 10, 17, 215, 1, 17, 22, 21624 }, // U+0669
    { 15, 15, 273, 1, 9, 29, 21646 }, // U+06BA
    { 6, 2, 119, 1, 2, 2, 21675 }, // U+06D4
    { 5, 5, 215, 4, 10, 4, 21677 }, // U+06F0
    { 5, 17, 215, 4, 17, 11, 21681 }, // U+06F1
    { 11, 17, 215, 1, 17, 24, 21692 }, // U+06F2
    { 13, 17, 215, 1, 17, 28, 21716 }, // U+06F3
    { 11, 17, 215, 1, 17, 24, 21744 }, // U+06F4
    { 11, 17, 215, 1, 17, 24, 21768 }, // U+06F5
    { 10, 18, 215, 2, 17, 23, 21792 }, // U+06F6
    { 13, 17, 215, 0, 17, 28, 21815 }, // U+06F7
    { 13, 17, 215, 0, 17, 28, 21843 }, // U+06F8
    { 10, 17, 215, 1, 17, 22, 21871 }, // U+06F9
    { 12, 14, 244, 2, 14, 21, 21893 }, // U+0E01
    { 11, 14, 227, 1, 14, 20, 21914 }, // U+0E02
    { 11, 14, 229, 1, 14, 20, 21934 }, // U+0E03
    { 12, 14, 252, 2, 14, 21, 21954 }, // U+0E04
    { 12, 14, 255, 2, 14, 21, 21975 }, // U+0E05
    { 12, 14, 247, 1, 14, 21, 21996 }, // U+0E06
    { 13, 14, 221, 0, 14, 23, 22017 }, // U+0E07
    { 12, 14, 218, 0, 14, 21, 22040 }, // U+0E08
    { 11, 14, 245, 2, 14, 20, 22061 }, // U+0E09
    { 12, 14, 229, 1, 14, 21, 22081 }, // U+0E0A
    { 12, 14, 231, 1, 14, 21, 22102 }, // U+0E0B
    { 19, 14, 366, 2, 14, 34, 22123 }, // U+0E0C
    { 19, 19, 369, 2, 14, 46, 22157 }, // U+0E0D
    { 13, 19, 248, 1, 14, 31, 22203 }, // U+0E0E
    { 13, 19, 248, 1, 14, 31, 22234 }, // U+0E0F
    { 13, 20, 223, 0, 15, 33, 22265 }, // U+0E10
    { 13, 14, 255, 1, 14, 23, 22298 }, // U+0E11
    { 20, 14, 368, 1, 14, 35, 22321 }, // U+0E12
    { 19, 14, 369, 2, 14, 34, 22356 }, // U+0E13
    { 12, 14, 250, 1, 14, 21, 22390 }, // U+0E14
    { 13, 14, 258, 1, 14, 23, 22411 }, // U+0E15
    { 12, 14, 245, 2, 14, 21, 22434 }, // U+0E16
    { 12, 14, 250, 2, 14, 21, 22455 }, // U+0E17
    { 11, 14, 220, 1, 14, 20, 22476 }, // U+0E18
    { 12, 14, 251, 2, 14, 21, 22496 }, // U+0E19
    { 12, 14, 247, 2, 14, 21, 22517 }, // U+0E1A
    { 12, 19, 248, 2, 19, 29, 22538 }, // U+0E1B
    { 13, 14, 266, 2, 14, 23, 22567 }, // U+0E1C
    { 13, 19, 266, 2, 19, 31, 22590 }, // U+0E1D
    { 16, 14, 284, 1, 14, 28, 22621 }, // U+0E1E
    { 16, 19, 280, 1, 19, 38, 22649 }, // U+0E1F
    { 13, 14, 248, 1, 14, 23, 22687 }, // U+0E20
    { 12, 14, 252, 2, 14, 21, 22710 }, // U+0E21
    { 12, 14, 243, 2, 14, 21, 22731 }, // U+0E22
    { 10, 14, 201, 1, 14, 18, 22752 }, // U+0E23
    { 12, 19, 245, 2, 14, 29, 22770 }, // U+0E24
    { 12, 14, 234, 1, 14, 21, 22799 }, // U+0E25
    { 13, 19, 248, 1, 14, 31, 22820 }, // U+0E26
    { 10, 14, 201, 1, 14, 18, 22851 }, // U+0E27
    { 13, 14, 257, 2, 14, 23, 22869 }, // U+0E28
    { 14, 14, 262, 2, 14, 25, 22892 }, // U+0E29
    { 13, 15, 234, 1, 15, 25, 22917 }, // U+0E2A
    { 11, 14, 241, 2, 14, 20, 22942 }, // U+0E2B
    { 16, 18, 275, 1, 18, 36, 22962 }, // U+0E2C
    { 12, 14, 233, 1, 14, 21, 22998 }, // U+0E2D
    { 13, 15, 231, 1, 15, 25, 23019 }, // U+0E2E
    { 11, 14, 212, 1, 14, 20, 23044 }, // U+0E2F
    { 7, 11, 139, 1, 12, 10, 23064 }, // U+0E30
    { 10, 4, 0, -8, 20, 5, 23074 }, // U+0E31
    { 9, 14, 168, 0, 14, 16, 23079 }, // U+0E32
    { 16, 20, 168, -7, 20, 40, 23095 }, // U+0E33
    { 11, 2, 0, -13, 18, 3, 23135 }, // U+0E34
    { 12, 4, 0, -14, 20, 6, 23138 }, // U+0E35
    { 12, 4, 0, -14, 20, 6, 23144 }, // U+0E36
    { 11, 4, 0, -13, 20, 6, 23150 }, // U+0E37
    { 4, 5, 0, -6, -2, 3, 23156 }, // U+0E38
    { 8, 5, 0, -10, -2, 5, 23159 }, // U+0E39
    { 3, 3, 0, -5, -2, 2, 23164 }, // U+0E3A
    { 12, 21, 233, 2, 19, 32, 23166 }, // U+0E3F
    { 5, 14, 126, 2, 14, 9, 23198 }, // U+0E40
    { 12, 14, 241, 2, 14, 21, 23207 }, // U+0E41
    { 9, 21, 131, 1, 21, 24, 23228 }, // U+0E42
    { 7, 21, 124, 0, 21, 19, 23252 }, // U+0E43
    { 8, 21, 130, 0, 21, 21, 23271 }, // U+0E44
    { 9, 19, 168, 0, 14, 22, 23292 }, // U+0E45
    { 12, 19, 246, 2, 14, 29, 23314 }, // U+0E46
    { 9, 6, 0, -11, 21, 7, 23343 }, // U+0E47
    { 3, 5, 0, -5, 21, 2, 23350 }, // U+0E48
    { 8, 6, 0, -9, 22, 6, 23352 }, // U+0E49
    { 10, 6, 0, -11, 22, 8, 23358 }, // U+0E4A
    { 6, 6, 0, -8, 22, 5, 23366 }, // U+0E4B
    { 7, 4, 0, -7, 19, 4, 23371 }, // U+0E4C
    { 6, 5, 0, -7, 20, 4, 23375 }, // U+0E4D
    { 6, 6, 0, -7, 21, 5, 23379 }, // U+0E4E
    { 13, 12, 247, 1, 12, 20, 23384 }, // U+0E4F
    { 12, 12, 228, 1, 12, 18, 23404 }, // U+0E50
    { 11, 12, 216, 1, 12, 17, 23422 }, // U+0E51
    { 13, 15, 251, 1, 15, 25, 23439 }, // U+0E52
    { 11, 12, 225, 1, 12, 17, 23464 }, // U+0E53
    { 11, 15, 215, 1, 15, 21, 23481 }, // U+0E54
    { 11, 15, 218, 1, 15, 21, 23502 }, // U+0E55
    { 11, 15, 209, 1, 15, 21, 23523 }, // U+0E56
    { 16, 15, 294, 1, 15, 30, 23544 }, // U+0E57
    { 12, 15, 226, 1, 15, 23, 23574 }, // U+0E58
    { 12, 15, 210, 1, 15, 23, 23597 }, // U+0E59
    { 17, 14, 318, 1, 14, 30, 23620 }, // U+0E5A
    { 20, 9, 355, 1, 11, 23, 23650 }, // U+0E5B
    { 17, 22, 274, 0, 17, 47, 23673 }, // U+1EA0
    { 11, 18, 214, 1, 13, 25, 23720 }, // U+1EA1
    { 17, 23, 274, 0, 23, 49, 23745 }, // U+1EA2
    { 11, 19, 214, 1, 19, 27, 23794 }, // U+1EA3
    { 17, 27, 274, 0, 27, 58, 23821 }, // U+1EA4
    { 13, 23, 214, 1, 23, 38, 23879 }, // U+1EA5
    { 17, 27, 274, 0, 27, 58, 23917 }, // U+1EA6
    { 12, 23, 214, 1, 23, 35, 23975 }, // U+1EA7
    { 17, 26, 274, 0, 26, 56, 24010 }, // U+1EA8
    { 12, 22, 214, 1, 22, 33, 24066 }, // U+1EA9
    { 17, 27, 274, 0, 27, 58, 24099 }, // U+1EAA
    { 11, 23, 214, 1, 23, 32, 24157 }, // U+1EAB
    { 17, 28, 274, 0, 23, 60, 24189 }, // U+1EAC
    { 11, 24, 214, 1, 19, 33, 24249 }, // U+1EAD
    { 17, 28, 274, 0, 28, 60, 24282 }, // U+1EAE
    { 11, 24, 214, 1, 24, 33, 24342 }, // U+1EAF
    { 17, 28, 274, 0, 28, 60, 24375 }, // U+1EB0
    { 11, 24, 214, 1, 24, 33, 24435 }, // U+1EB1
    { 17, 27, 274, 0, 27, 58, 24468 }, // U+1EB2
    { 11, 23, 214, 1, 23, 32, 24526 }, // U+1EB3
    { 17, 27, 274, 0, 27, 58, 24558 }, // U+1EB4
    { 11, 23, 214, 1, 23, 32, 24616 }, // U+1EB5
    { 17, 28, 274, 0, 23, 60, 24648 }, // U+1EB6
    { 11, 24, 214, 1, 19, 33, 24708 }, // U+1EB7
    { 12, 22, 234, 2, 17, 33, 24741 }, // U+1EB8
    { 12, 18, 228, 1, 13, 27, 24774 }, // U+1EB9
    { 12, 23, 234, 2, 23, 35, 24801 }, // U+1EBA
    { 12, 19, 228, 1, 19, 29, 24836 }, // U+1EBB
    { 12, 23, 234, 2, 23, 35, 24865 }, // U+1EBC
    { 12, 19, 228, 1, 19, 29, 24900 }, // U+1EBD
    { 13, 27, 234, 2, 27, 44, 24929 }, // U+1EBE
    { 14, 23, 228, 1, 23, 41, 24973 }, // U+1EBF
    { 12, 27, 234, 2, 27, 41, 25014 }, // U+1EC0
    { 12, 23, 228, 1, 23, 35, 25055 }, // U+1EC1
    { 12, 26, 234, 2, 26, 39, 25090 }, // U+1EC2
    { 13, 22, 228, 1, 22, 36, 25129 }, // U+1EC3
    { 12, 27, 234, 2, 27, 41, 25165 }, // U+1EC4
    { 12, 23, 228, 1, 23, 35, 25206 }, // U+1EC5
    { 12, 28, 234, 2, 23, 42, 25241 }, // U+1EC6
    { 12, 24, 228, 1, 19, 36, 25283 }, // U+1EC7
    { 5, 23, 117, 1, 23, 15, 25319 }, // U+1EC8
    { 5, 19, 110, 1, 19, 12, 25334 }, // U+1EC9
    { 4, 22, 117, 2, 17, 11, 25346 }, // U+1ECA
    { 4, 24, 110, 2, 19, 12, 25357 }, // U+1ECB
    { 17, 23, 313, 1, 18, 49, 25369 }, // U+1ECC
    { 13, 18, 239, 1, 13, 30, 25418 }, // U+1ECD
    { 17, 23, 313, 1, 23, 49, 25448 }, // U+1ECE
    { 13, 19, 239, 1, 19, 31, 25497 }, // U+1ECF
    { 17, 27, 313, 1, 27, 58, 25528 }, // U+1ED0
    { 14, 23, 239, 1, 23, 41, 25586 }, // U+1ED1
    { 17, 27, 313, 1, 27, 58, 25627 }, // U+1ED2
    { 13, 23, 239, 1, 23, 38, 25685 }, // U+1ED3
    { 17, 26, 313, 1, 26, 56, 25723 }, // U+1ED4
    { 13, 22, 239, 1, 22, 36, 25779 }, // U+1ED5
    { 17, 27, 313, 1, 27, 58, 25815 }, // U+1ED6
    { 13, 23, 239, 1, 23, 38, 25873 }, // U+1ED7
    { 17, 29, 313, 1, 24, 62, 25911 }, // U+1ED8
    { 13, 24, 239, 1, 19, 39, 25973 }, // U+1ED9
    { 17, 24, 312, 1, 24, 51, 26012 }, // U+1EDA
    { 14, 20, 239, 1, 20, 35, 26063 }, // U+1EDB
    { 17, 24, 312, 1, 24, 51, 26098 }, // U+1EDC
    { 14, 20, 239, 1, 20, 35, 26149 }, // U+1EDD
    { 17, 23, 312, 1, 23, 49, 26184 }, // U+1EDE
    { 14, 19, 239, 1, 19, 34, 26233 }, // U+1EDF
    { 17, 23, 312, 1, 23, 49, 26267 }, // U+1EE0
    { 14, 19, 239, 1, 19, 34, 26316 }, // U+1EE1
    { 17, 25, 312, 1, 20, 54, 26350 }, // U+1EE2
    { 14, 21, 239, 1, 16, 37, 26404 }, // U+1EE3
    { 14, 22, 281, 2, 17, 39, 26441 }, // U+1EE4
    { 11, 18, 233, 2, 13, 25, 26480 }, // U+1EE5
    { 14, 23, 281, 2, 23, 41, 26505 }, // U+1EE6
    { 11, 19, 233, 2, 19, 27, 26546 }, // U+1EE7
    { 17, 24, 288, 2, 24, 51, 26573 }, // U+1EE8
    { 14, 20, 241, 2, 20, 35, 26624 }, // U+1EE9
    { 17, 24, 288, 2, 24, 51, 26659 }, // U+1EEA
    { 14, 20, 241, 2, 20, 35, 26710 }, // U+1EEB
    { 17, 23, 288, 2, 23, 49, 26745 }, // U+1EEC
    { 14, 19, 241, 2, 19, 34, 26794 }, // U+1EED
    { 17, 23, 288, 2, 23, 49, 26828 }, // U+1EEE
    { 14, 19, 241, 2, 19, 34, 26877 }, // U+1EEF
    { 17, 25, 288, 2, 20, 54, 26911 }, // U+1EF0
    { 14, 21, 241, 2, 16, 37, 26965 }, // U+1EF1
    { 15, 25, 250, 0, 25, 47, 27002 }, // U+1EF2
    { 13, 26, 208, 0, 21, 43, 27049 }, // U+1EF3
    { 16, 22, 250, 0, 17, 44, 27092 }, // U+1EF4
    { 13, 18, 208, 0, 13, 30, 27136 }, // U+1EF5
    { 16, 23, 250, 0, 23, 46, 27166 }, // U+1EF6
    { 13, 24, 208, 0, 19, 39, 27212 }, // U+1EF7
    { 16, 23, 250, 0, 23, 46, 27251 }, // U+1EF8
    { 13, 24, 208, 0, 19, 39, 27297 }, // U+1EF9
    { 1, 1, 52, 0, 1, 1, 27336 }, // U+2009
    { 1, 1, 0, 0, 1, 1, 27337 }, // U+200B
    { 1, 18, 0, 0, 17, 3, 27338 }, // U+200C
    { 5, 18, 0, -2, 17, 12, 27341 }, // U+200D
    { 6, 19, 0, 0, 17, 15, 27353 }, // U+200E
    { 6, 19, 0, -5, 17, 15, 27368 }, // U+200F
    { 6, 2, 126, 1, 8, 2, 27383 }, // U+2010
    { 6, 2, 126, 1, 7, 2, 27385 }, // U+2011
    { 13, 2, 200, 0, 8, 4, 27387 }, // U+2013
    { 25, 2, 400, 0, 8, 7, 27391 }, // U+2014
    { 25, 2, 400, 0, 9, 7, 27398 }, // U+2015
    { 4, 7, 101, 1, 20, 4, 27405 }, // U+2018
    { 4, 7, 101, 1, 20, 4, 27409 }, // U+2019
    { 4, 7, 101, 1, 3, 4, 27413 }, // U+201A
    { 9, 7, 181, 1, 20, 8, 27417 }, // U+201C
    { 9, 7, 182, 1, 20, 8, 27425 }, // U+201D
    { 9, 7, 180, 1, 3, 8, 27433 }, // U+201E
    { 10, 22, 193, 1, 18, 28, 27441 }, // U+2020
    { 10, 22, 193, 1, 18, 28, 27469 }, // U+2021
    { 7, 7, 148, 1, 13, 7, 27497 }, // U+2022
    { 18, 4, 400, 3, 4, 9, 27504 }, // U+2026
    { 1, 1, 52, 0, 1, 1, 27513 }, // U+202F
    { 30, 18, 513, 1, 18, 68, 27514 }, // U+2030
    { 6, 12, 125, 1, 13, 9, 27582 }, // U+2039
    { 6, 12, 125, 1, 13, 9, 27591 }, // U+203A
    { 12, 18, 61, -4, 18, 27, 27600 }, // U+2044
    { 5, 16, 134, 1, 16, 10, 27627 }, // U+204F
    { 8, 10, 145, 1, 18, 10, 27637 }, // U+2070
    { 8, 10, 145, 1, 18, 10, 27647 }, // U+2074
    { 7, 10, 145, 1, 18, 9, 27657 }, // U+2075
    { 7, 10, 145, 1, 18, 9, 27666 }, // U+2076
    { 7, 10, 145, 1, 18, 9, 27675 }, // U+2077
    { 7, 10, 145, 1, 18, 9, 27684 }, // U+2078
    { 7, 10, 145, 1, 18, 9, 27693 }, // U+2079
    { 8, 10, 145, 1, 10, 10, 27702 }, // U+2080
    { 5, 10, 145, 1, 10, 7, 27712 }, // U+2081
    { 7, 10, 145, 1, 10, 9, 27719 }, // U+2082
    { 8, 10, 145, 0, 10, 10, 27728 }, // U+2083
    { 8, 10, 145, 1, 10, 10, 27738 }, // U+2084
    { 7, 10, 145, 1, 10, 9, 27748 }, // U+2085
    { 7, 10, 145, 1, 10, 9, 27757 }, // U+2086
    { 7, 10, 145, 1, 10, 9, 27766 }, // U+2087
    { 7, 10, 145, 1, 10, 9, 27775 }, // U+2088
    { 7, 10, 145, 1, 10, 9, 27784 }, // U+2089
    { 16, 15, 321, 2, 15, 30, 27793 }, // U+20AA
    { 13, 18, 227, 1, 18, 30, 27823 }, // U+20AC
    { 13, 18, 227, 1, 18, 30, 27853 }, // U+20AE
    { 13, 18, 227, 1, 18, 30, 27883 }, // U+20B4
    { 13, 17, 227, 2, 17, 28, 27913 }, // U+20B9
    { 13, 19, 238, 1, 19, 31, 27941 }, // U+2202
    { 16, 17, 266, 0, 17, 34, 27972 }, // U+2206
    { 14, 19, 285, 2, 17, 34, 28006 }, // U+220F
    { 12, 19, 210, 1, 17, 29, 28040 }, // U+2211
    { 12, 2, 227, 1, 8, 3, 28069 }, // U+2212
    { 12, 17, 61, -4, 17, 26, 28072 }, // U+2215
    { 4, 4, 84, 1, 9, 2, 28098 }, // U+2219
    { 15, 20, 232, 0, 20, 38, 28100 }, // U+221A
    { 13, 7, 242, 1, 11, 12, 28138 }, // U+221E
    { 9, 23, 153, 0, 19, 26, 28150 }, // U+222B
    { 12, 10, 227, 1, 12, 15, 28176 }, // U+2248
    { 12, 14, 227, 1, 14, 21, 28191 }, // U+2260
    { 12, 15, 227, 1, 15, 23, 28212 }, // U+2264
    { 12, 15, 227, 1, 15, 23, 28235 }, // U+2265
    { 19, 20, 322, 2, 20, 48, 28258 }, // U+FB00
    { 13, 20, 272, 2, 20, 33, 28306 }, // U+FB01
    { 15, 20, 281, 2, 20, 38, 28339 }, // U+FB02
    { 23, 20, 434, 2, 20, 58, 28377 }, // U+FB03
    { 25, 20, 460, 2, 20, 63, 28435 }, // U+FB04
    { 22, 19, 383, 1, 10, 53, 28498 }, // U+FB56
    { 27, 18, 420, 1, 9, 61, 28551 }, // U+FB57
    { 7, 19, 130, 1, 11, 17, 28612 }, // U+FB58
    { 11, 16, 153, 0, 8, 22, 28629 }, // U+FB59
    { 22, 18, 383, 1, 17, 50, 28651 }, // U+FB66
    { 27, 18, 420, 1, 17, 61, 28701 }, // U+FB67
    { 7, 21, 113, 0, 21, 19, 28762 }, // U+FB68
    { 11, 18, 153, 0, 18, 25, 28781 }, // U+FB69
    { 16, 22, 256, 1, 12, 44, 28806 }, // U+FB7A
    { 19, 22, 283, 1, 12, 53, 28850 }, // U+FB7B
    { 15, 18, 232, 0, 10, 34, 28903 }, // U+FB7C
    { 17, 18, 242, 0, 10, 39, 28937 }, // U+FB7D
    { 10, 22, 191, 1, 22, 28, 28976 }, // U+FB88
    { 14, 22, 212, 1, 22, 39, 29004 }, // U+FB89
    { 9, 24, 148, -1, 18, 27, 29043 }, // U+FB8A
    { 13, 24, 160, -1, 18, 39, 29070 }, // U+FB8B
    { 9, 25, 148, -1, 20, 29, 29109 }, // U+FB8C
    { 13, 25, 160, -1, 19, 41, 29138 }, // U+FB8D
    { 21, 18, 346, 1, 17, 48, 29179 }, // U+FB8E
    { 24, 19, 369, 1, 18, 57, 29227 }, // U+FB8F
    { 11, 18, 166, 0, 18, 25, 29284 }, // U+FB90
    { 14, 18, 191, 0, 18, 32, 29309 }, // U+FB91
    { 21, 22, 346, 1, 21, 58, 29341 }, // U+FB92
    { 24, 22, 369, 1, 21, 66, 29399 }, // U+FB93
    { 11, 21, 166, 0, 21, 29, 29465 }, // U+FB94
    { 14, 21, 191, 0, 21, 37, 29494 }, // U+FB95
    { 15, 15, 273, 1, 9, 29, 29531 }, // U+FB9E
    { 19, 14, 292, 1, 8, 34, 29560 }, // U+FB9F
    { 9, 13, 173, 1, 13, 15, 29594 }, // U+FBA6
    { 15, 9, 209, 1, 9, 17, 29609 }, // U+FBA7
    { 6, 16, 113, 0, 11, 12, 29626 }, // U+FBA8
    { 13, 12, 185, 0, 5, 20, 29638 }, // U+FBA9
    { 16, 14, 286, 1, 14, 28, 29658 }, // U+FBAA
    { 17, 17, 258, 1, 12, 37, 29686 }, // U+FBAB
    { 14, 14, 237, 0, 14, 25, 29723 }, // U+FBAC
    { 15, 17, 212, 0, 12, 32, 29748 }, // U+FBAD
    { 21, 13, 363, 1, 12, 35, 29780 }, // U+FBAE
    { 15, 10, 216, 0, 3, 19, 29815 }, // U+FBAF
    { 21, 19, 363, 1, 18, 50, 29834 }, // U+FBB0
    { 15, 16, 216, 0, 9, 30, 29884 }, // U+FBB1
    { 18, 17, 310, 1, 11, 39, 29914 }, // U+FBFC
    { 20, 12, 296, 1, 6, 30, 29953 }, // U+FBFD
    { 7, 16, 130, 0, 11, 14, 29983 }, // U+FBFE
    { 11, 13, 153, 0, 8, 18, 29997 }, // U+FBFF
    { 10, 12, 175, 0, 10, 15, 30015 }, // U+FE80
    { 8, 21, 103, -1, 21, 21, 30030 }, // U+FE81
    { 10, 23, 118, -1, 23, 29, 30051 }, // U+FE82
    { 5, 24, 103, 1, 24, 15, 30080 }, // U+FE83
    { 9, 26, 118, 1, 26, 30, 30095 }, // U+FE84
    { 10, 23, 184, 0, 17, 29, 30125 }, // U+FE85
    { 14, 23, 193, 0, 17, 41, 30154 }, // U+FE86
    { 5, 25, 104, 2, 18, 16, 30195 }, // U+FE87
    { 7, 25, 118, 2, 18, 22, 30211 }, // U+FE88
    { 18, 18, 310, 1, 12, 41, 30233 }, // U+FE89
    { 20, 18, 296, 1, 12, 45, 30274 }, // U+FE8A
    { 5, 18, 113, 1, 18, 12, 30319 }, // U+FE8B
    { 11, 16, 138, 0, 16, 22, 30331 }, // U+FE8C
    { 3, 18, 104, 2, 18, 7, 30353 }, // U+FE8D
    { 7, 18, 118, 2, 18, 16, 30360 }, // U+FE8E
    { 22, 16, 383, 1, 10, 44, 30376 }, // U+FE8F
    { 27, 15, 420, 1, 9, 51, 30420 }, // U+FE90
    { 6, 16, 113, 0, 11, 12, 30471 }, // U+FE91
    { 11, 13, 138, 0, 8, 18, 30483 }, // U+FE92
    { 9, 18, 173, 1, 18, 21, 30501 }, // U+FE93
    { 14, 20, 203, 1, 20, 35, 30522 }, // U+FE94
    { 22, 14, 383, 1, 13, 39, 30557 }, // U+FE95
    { 27, 14, 420, 1, 13, 48, 30596 }, // U+FE96
    { 7, 17, 113, 0, 17, 15, 30644 }, // U+FE97
    { 12, 14, 153, 0, 14, 21, 30659 }, // U+FE98
    { 22, 17, 383, 1, 16, 47, 30680 }, // U+FE99
    { 27, 17, 420, 1, 16, 58, 30727 }, // U+FE9A
    { 7, 20, 113, 0, 20, 18, 30785 }, // U+FE9B
    { 11, 17, 153, 0, 17, 24, 30803 }, // U+FE9C
    { 15, 22, 253, 1, 12, 42, 30827 }, // U+FE9D
    { 18, 22, 265, 1, 12, 50, 30869 }, // U+FE9E
    { 13, 15, 232, 0, 10, 25, 30919 }, // U+FE9F
    { 17, 15, 242, 0, 10, 32, 30944 }, // U+FEA0
    { 15, 22, 253, 1, 12, 42, 30976 }, // U+FEA1
    { 18, 22, 265, 1, 12, 50, 31018 }, // U+FEA2
    { 14, 10, 232, 0, 10, 18, 31068 }, // U+FEA3
    { 17, 10, 242, 0, 10, 22, 31086 }, // U+FEA4
    { 15, 27, 253, 1, 17, 51, 31108 }, // U+FEA5
    { 18, 27, 265, 1, 17, 61, 31159 }, // U+FEA6
    { 13, 16, 232, 0, 16, 26, 31220 }, // U+FEA7
    { 18, 16, 242, 0, 16, 36, 31246 }, // U+FEA8
    { 10, 13, 191, 1, 13, 17, 31282 }, // U+FEA9
    { 14, 13, 212, 1, 13, 23, 31299 }, // U+FEAA
    { 10, 18, 191, 1, 18, 23, 31322 }, // U+FEAB
    { 15, 18, 212, 1, 18, 34, 31345 }, // U+FEAC
    { 9, 15, 148, -1, 9, 17, 31379 }, // U+FEAD
    { 13, 15, 160, -1, 9, 25, 31396 }, // U+FEAE
    { 9, 21, 148, -1, 15, 24, 31421 }, // U+FEAF
    { 13, 21, 160, -1, 15, 35, 31445 }, // U+FEB0
    { 29, 17, 497, 1, 11, 62, 31480 }, // U+FEB1
    { 33, 16, 518, 1, 10, 66, 31542 }, // U+FEB2
    { 20, 11, 340, 0, 11, 28, 31608 }, // U+FEB3
    { 24, 10, 362, 0, 10, 30, 31636 }, // U+FEB4
    { 29, 24, 497, 1, 18, 87, 31666 }, // U+FEB5
    { 33, 24, 518, 1, 18, 99, 31753 }, // U+FEB6
    { 20, 18, 340, 0, 18, 45, 31852 }, // U+FEB7
    { 24, 18, 362, 0, 18, 54, 31897 }, // U+FEB8
    { 31, 17, 524, 1, 10, 66, 31951 }, // U+FEB9
    { 35, 16, 535, 1, 10, 70, 32017 }, // U+FEBA
    { 22, 11, 362, 0, 10, 31, 32087 }, // U+FEBB
    { 26, 11, 375, 0, 10, 36, 32118 }, // U+FEBC
    { 31, 22, 524, 1, 15, 86, 32154 }, // U+FEBD
    { 35, 22, 535, 1, 16, 97, 32240 }, // U+FEBE
    { 21, 16, 362, 0, 15, 42, 32337 }, // U+FEBF
    { 25, 16, 375, 0, 15, 50, 32379 }, // U+FEC0
    { 18, 18, 313, 1, 18, 41, 32429 }, // U+FEC1
    { 21, 18, 322, 1, 18, 48, 32470 }, // U+FEC2
    { 16, 18, 274, 0, 18, 36, 32518 }, // U+FEC3
    { 19, 18, 283, 0, 18, 43, 32554 }, // U+FEC4
    { 18, 18, 313, 1, 18, 41, 32597 }, // U+FEC5
    { 21, 18, 322, 1, 18, 48, 32638 }, // U+FEC6
    { 16, 18, 274, 0, 18, 36, 32686 }, // U+FEC7
    { 19, 18, 283, 0, 18, 43, 32722 }, // U+FEC8
    { 15, 23, 207, 1, 13, 44, 32765 }, // U+FEC9
    { 15, 22, 212, 1, 12, 42, 32809 }, // U+FECA
    { 12, 12, 204, 0, 12, 18, 32851 }, // U+FECB
    { 15, 12, 207, 0, 12, 23, 32869 }, // U+FECC
    { 15, 29, 207, 1, 19, 55, 32892 }, // U+FECD
    { 15, 27, 212, 1, 17, 51, 32947 }, // U+FECE
    { 12, 18, 204, 0, 18, 27, 32998 }, // U+FECF
    { 15, 17, 207, 0, 17, 32, 33025 }, // U+FED0
    { 23, 20, 386, 1, 19, 58, 33057 }, // U+FED1
    { 28, 17, 423, 1, 16, 60, 33115 }, // U+FED2
    { 10, 19, 185, 0, 19, 24, 33175 }, // U+FED3
    { 14, 17, 195, 0, 17, 30, 33199 }, // U+FED4
    { 18, 21, 314, 1, 16, 48, 33229 }, // U+FED5
    { 21, 22, 322, 1, 15, 58, 33277 }, // U+FED6
    { 10, 19, 185, 0, 19, 24, 33335 }, // U+FED7
    { 14, 17, 195, 0, 17, 30, 33359 }, // U+FED8
    { 20, 19, 353, 1, 18, 48, 33389 }, // U+FED9
    { 24, 19, 369, 1, 18, 57, 33437 }, // U+FEDA
    { 11, 18, 166, 0, 18, 25, 33494 }, // U+FEDB
    { 14, 18, 191, 0, 18, 32, 33519 }, // U+FEDC
    { 15, 24, 277, 1, 18, 45, 33551 }, // U+FEDD
    { 20, 24, 294, 1, 18, 60, 33596 }, // U+FEDE
    { 5, 18, 109, 0, 18, 12, 33656 }, // U+FEDF
    { 9, 18, 124, 0, 18, 21, 33668 }, // U+FEE0
    { 12, 20, 202, 1, 10, 30, 33689 }, // U+FEE1
    { 17, 19, 239, 1, 9, 41, 33719 }, // U+FEE2
    { 12, 10, 214, 0, 10, 15, 33760 }, // U+FEE3
    { 16, 10, 234, 0, 9, 20, 33775 }, // U+FEE4
    { 15, 19, 273, 1, 13, 36, 33795 }, // U+FEE5
    { 19, 19, 292, 1, 13, 46, 33831 }, // U+FEE6
    { 6, 17, 113, 0, 17, 13, 33877 }, // U+FEE7
    { 11, 14, 138, 0, 14, 20, 33890 }, // U+FEE8
    { 9, 13, 173, 1, 13, 15, 33910 }, // U+FEE9
    { 14, 14, 203, 1, 14, 25, 33925 }, // U+FEEA
    { 14, 14, 237, 0, 14, 25, 33950 }, // U+FEEB
    { 15, 17, 212, 0, 12, 32, 33975 }, // U+FEEC
    { 10, 16, 184, 0, 10, 20, 34007 }, // U+FEED
    { 14, 16, 193, 0, 10, 28, 34027 }, // U+FEEE
    { 18, 17, 310, 1, 11, 39, 34055 }, // U+FEEF
    { 20, 12, 296, 1, 6, 30, 34094 }, // U+FEF0
    { 18, 23, 310, 1, 12, 52, 34124 }, // U+FEF1
    { 20, 17, 296, 1, 6, 43, 34176 }, // U+FEF2
    { 7, 16, 130, 0, 11, 14, 34219 }, // U+FEF3
    { 11, 13, 153, 0, 8, 18, 34233 }, // U+FEF4
    { 15, 19, 240, -2, 19, 36, 34251 }, // U+FEF5
    { 18, 20, 252, 0, 20, 45, 34287 }, // U+FEF6
    { 13, 22, 240, 1, 22, 36, 34332 }, // U+FEF7
    { 16, 22, 252, 1, 22, 44, 34368 }, // U+FEF8
    { 13, 25, 240, 1, 18, 41, 34412 }, // U+FEF9
    { 17, 25, 252, 1, 18, 54, 34453 }, // U+FEFA
    { 12, 18, 240, 1, 18, 27, 34507 }, // U+FEFB
    { 17, 18, 252, 1, 18, 39, 34534 }, // U+FEFC
};

static const EpdUnicodeInterval ubuntu_12_mediumIntervals[] = {
    { 0x0, 0x0, 0x0 },
    { 0x8, 0x9, 0x1 },
    { 0xD, 0xD, 0x3 },
    { 0x1D, 0x1D, 0x4 },
    { 0x20, 0x7E, 0x5 },
    { 0xA0, 0x17F, 0x64 },
    { 0x1A0, 0x1A1, 0x144 },
    { 0x1AF, 0x1B0, 0x146 },
    { 0x1C4, 0x21F, 0x148 },
    { 0x300, 0x304, 0x1A4 },
    { 0x306, 0x308, 0x1A9 },
    { 0x30A, 0x30C, 0x1AC },
    { 0x311, 0x312, 0x1AF },
    { 0x326, 0x328, 0x1B1 },
    { 0x331, 0x331, 0x1B4 },
    { 0x34F, 0x34F, 0x1B5 },
    { 0x400, 0x45F, 0x1B6 },
    { 0x462, 0x463, 0x216 },
    { 0x472, 0x475, 0x218 },
    { 0x48A, 0x4F9, 0x21C },
    { 0x5D0, 0x5EA, 0x28C },
    { 0x60C, 0x60C, 0x2A7 },
    { 0x61B, 0x61B, 0x2A8 },
    { 0x61F, 0x61F, 0x2A9 },
    { 0x621, 0x621, 0x2AA },
    { 0x640, 0x640, 0x2AB },
    { 0x660, 0x669, 0x2AC },
    { 0x6BA, 0x6BA, 0x2B6 },
    { 0x6D4, 0x6D4, 0x2B7 },
    { 0x6F0, 0x6F9, 0x2B8 },
    { 0xE01, 0xE3A, 0x2C2 },
    { 0xE3F, 0xE5B, 0x2FC },
    { 0x1EA0, 0x1EF9, 0x319 },
    { 0x2009, 0x2009, 0x373 },
    { 0x200B, 0x2011, 0x374 },
    { 0x2013, 0x2015, 0x37B },
    { 0x2018, 0x201A, 0x37E },
    { 0x201C, 0x201E, 0x381 },
    { 0x2020, 0x2022, 0x384 },
    { 0x2026, 0x2026, 0x387 },
    { 0x202F, 0x2030, 0x388 },
    { 0x2039, 0x203A, 0x38A },
    { 0x2044, 0x2044, 0x38C },
    { 0x204F, 0x204F, 0x38D },
    { 0x2070, 0x2070, 0x38E },
    { 0x2074, 0x2079, 0x38F },
    { 0x2080, 0x2089, 0x395 },
    { 0x20AA, 0x20AA, 0x39F },
    { 0x20AC, 0x20AC, 0x3A0 },
    { 0x20AE, 0x20AE, 0x3A1 },
    { 0x20B4, 0x20B4, 0x3A2 },
    { 0x20B9, 0x20B9, 0x3A3 },
    { 0x2202, 0x2202, 0x3A4 },
    { 0x2206, 0x2206, 0x3A5 },
    { 0x220F, 0x220F, 0x3A6 },
    { 0x2211, 0x2212, 0x3A7 },
    { 0x2215, 0x2215, 0x3A9 },
    { 0x2219, 0x221A, 0x3AA },
    { 0x221E, 0x221E, 0x3AC },
    { 0x222B, 0x222B, 0x3AD },
    { 0x2248, 0x2248, 0x3AE },
    { 0x2260, 0x2260, 0x3AF },
    { 0x2264, 0x2265, 0x3B0 },
    { 0xFB00, 0xFB04, 0x3B2 },
    { 0xFB56, 0xFB59, 0x3B7 },
    { 0xFB66, 0xFB69, 0x3BB },
    { 0xFB7A, 0xFB7D, 0x3BF },
    { 0xFB88, 0xFB95, 0x3C3 },
    { 0xFB9E, 0xFB9F, 0x3D1 },
    { 0xFBA6, 0xFBB1, 0x3D3 },
    { 0xFBFC, 0xFBFF, 0x3DF },
    { 0xFE80, 0xFEFC, 0x3E3 },
};

static const uint16_t ubuntu_12_mediumKernLeftCodepoints[] = {
    0x0022, 0x0026, 0x0027, 0x0028, 0x0029, 0x002A, 0x002C, 0x002D, 0x002E, 0x002F, 0x003A, 0x003B,
    0x0040, 0x0041, 0x0042, 0x0043, 0x0044, 0x0045, 0x0046, 0x0047, 0x004A, 0x004B, 0x004C, 0x004D,
    0x004F, 0x0050, 0x0051, 0x0052, 0x0054, 0x0055, 0x0056, 0x0057, 0x0058, 0x0059, 0x005A, 0x005B,
    0x005D, 0x0061, 0x0062, 0x0063, 0x0066, 0x0068, 0x006A, 0x006B, 0x006D, 0x006E, 0x006F, 0x0070,
    0x0071, 0x0072, 0x0074, 0x0076, 0x0077, 0x0078, 0x007A, 0x007B, 0x007D, 0x00A1, 0x00AB, 0x00BB,
    0x00BF, 0x00C0, 0x00C1, 0x00C2, 0x00C3, 0x00C4, 0x00C5, 0x00C6, 0x00C7, 0x00C8, 0x00C9, 0x00CA,
    0x00CB, 0x00D0, 0x00D2, 0x00D3, 0x00D4, 0x00D5, 0x00D6, 0x00D8, 0x00D9, 0x00DA, 0x00DB, 0x00DC,
    0x00DD, 0x00DE, 0x00DF, 0x00E0, 0x00E1, 0x00E2, 0x00E3, 0x00E4, 0x00E5, 0x00E7, 0x00F0, 0x00F1,
    0x00F2, 0x00F3, 0x00F4, 0x00F5, 0x00F6, 0x00F8, 0x00FE, 0x0100, 0x0101, 0x0102, 0x0103, 0x0104,
    0x0105, 0x0106, 0x0107, 0x0108, 0x0109, 0x010A, 0x010B, 0x010C, 0x010D, 0x010E, 0x010F, 0x0110,
    0x0112, 0x0114, 0x0116, 0x0118, 0x011A, 0x011C, 0x011E, 0x0120, 0x0122, 0x0125, 0x0127, 0x0132,
    0x0133, 0x0134, 0x0135, 0x0136, 0x0137, 0x0138, 0x0139, 0x013B, 0x013D, 0x013E, 0x013F, 0x0141,
    0x0144, 0x0146, 0x0148, 0x0149, 0x014A, 0x014B, 0x014C, 0x014D, 0x014E, 0x014F, 0x0150, 0x0151,
    0x0152, 0x0154, 0x0155, 0x0156, 0x0157, 0x0158, 0x0159, 0x0162, 0x0163, 0x0164, 0x0165, 0x0166,
    0x0167, 0x0168, 0x016A, 0x016C, 0x016E, 0x0170, 0x0172, 0x0174, 0x0175, 0x0176, 0x0178, 0x0179,
    0x017A, 0x017B, 0x017C, 0x017D, 0x017E, 0x01C4, 0x01C5, 0x01C6, 0x01C7, 0x01C8, 0x01C9, 0x01CA,
    0x01CB, 0x01CC, 0x01CD, 0x01CE, 0x01D1, 0x01D2, 0x01D3, 0x01D5, 0x01D7, 0x01D9, 0x01DB, 0x01DD,
    0x01DE, 0x01DF, 0x01E0, 0x01E1, 0x01E2, 0x01E4, 0x01E6, 0x01E8, 0x01E9, 0x01EA, 0x01EB, 0x01EC,
    0x01ED, 0x01EE, 0x01F0, 0x01F1, 0x01F2, 0x01F3, 0x01F4, 0x01F7, 0x01F9, 0x01FA, 0x01FB, 0x01FC,
    0x01FE, 0x01FF, 0x0200, 0x0201, 0x0202, 0x0203, 0x0204, 0x0206, 0x020C, 0x020D, 0x020E, 0x020F,
    0x0210, 0x0211, 0x0212, 0x0213, 0x0214, 0x0216, 0x021A, 0x021B, 0x021C, 0x021F, 0x0400, 0x0401,
    0x0402, 0x0403, 0x0404, 0x0405, 0x040B, 0x040C, 0x040E, 0x0410, 0x0411, 0x0412, 0x0413, 0x0414,
    0x0415, 0x0416, 0x0417, 0x041A, 0x041C, 0x041E, 0x0420, 0x0421, 0x0422, 0x0423, 0x0424, 0x0425,
    0x0426, 0x0429, 0x042D, 0x042E, 0x0430, 0x0431, 0x0432, 0x0433, 0x0434, 0x0435, 0x0436, 0x0437,
    0x043A, 0x043E, 0x0440, 0x0441, 0x0442, 0x0443, 0x0444, 0x0445, 0x0446, 0x0449, 0x044A, 0x044C,
    0x044D, 0x044E, 0x0450, 0x0451, 0x0452, 0x0453, 0x0454, 0x0455, 0x0459, 0x045A, 0x045B, 0x045C,
    0x045E, 0x0462, 0x0463, 0x0472, 0x0473, 0x0474, 0x0475, 0x048A, 0x048B, 0x048D, 0x048F, 0x0490,
    0x0491, 0x0492, 0x0493, 0x0494, 0x0495, 0x0496, 0x0497, 0x0498, 0x0499, 0x049A, 0x049B, 0x049C,
    0x049D, 0x049E, 0x049F, 0x04A0, 0x04A1, 0x04A2, 0x04A3, 0x04A4, 0x04A5, 0x04A7, 0x04A8, 0x04A9,
    0x04AA, 0x04AB, 0x04AC, 0x04AD, 0x04AE, 0x04AF, 0x04B0, 0x04B1, 0x04B2, 0x04B3, 0x04B4, 0x04B5,
    0x04B6, 0x04B7, 0x04BA, 0x04BB, 0x04BC, 0x04BD, 0x04BE, 0x04BF, 0x04C1, 0x04C2, 0x04C4, 0x04C6,
    0x04C8, 0x04C9, 0x04CA, 0x04CD, 0x04CE, 0x04D0, 0x04D1, 0x04D2, 0x04D3, 0x04D4, 0x04D5, 0x04D6,
    0x04D7, 0x04D8, 0x04D9, 0x04DA, 0x04DB, 0x04DC, 0x04DD, 0x04DE, 0x04DF, 0x04E0, 0x04E1, 0x04E6,
    0x04E7, 0x04E8, 0x04E9, 0x04EA, 0x04EB, 0x04EC, 0x04ED, 0x04EE, 0x04EF, 0x04F0, 0x04F1, 0x04F2,
    0x04F3, 0x04F6, 0x04F7, 0x05D0, 0x05D1, 0x05D2, 0x05D3, 0x05D5, 0x05D6, 0x05D8, 0x05D9, 0x05DB,
    0x05DC, 0x05DE, 0x05E0, 0x05E1, 0x05E2, 0x05E4, 0x05E6, 0x05E8, 0x05E9, 0x05EA, 0x0E40, 0x0E41,
    0x0E42, 0x0E43, 0x0E44, 0x0E50, 0x0E51, 0x0E54, 0x0E55, 0x0E59, 0x1EF2, 0x2013, 0x2014, 0x2018,
    0x201A, 0x201C, 0x201E, 0x2026, 0x2039, 0x203A, 0xFB00, 0xFB8C, 0xFEAD, 0xFEAE, 0xFEAF,
};

static const uint8_t ubuntu_12_mediumKernLeftClassIds[] = {
      1,   2,   1,   3,   4,   5,   6,   7,   6,   8,   9,   9,  10,  11,  12,  13,
     14,  15,  16,  17,  18,  19,  20,  21,  22,  23,  24,  25,  26,  27,  28,  29,
     30,  31,  32,  33,  34,  35,  36,  37,  38,  39,  40,  41,  42,  42,  43,  44,
     45,  46,  47,  48,  49,  50,  51,  52,  53,  54,  55,  56,  57,  11,  11,  11,
     11,  11,  11,  15,  13,  15,  15,  15,  15,  14,  22,  22,  22,  22,  22,  22,
     27,  27,  27,  27,  31,  58,  59,  35,  35,  35,  35,  35,  35,  37,  60,  42,
     43,  43,  43,  43,  43,  43,  61,  11,  35,  11,  35,  11,  35,  13,  37,  13,
     37,  13,  37,  13,  37,  14,  62,  14,  15,  15,  15,  15,  15,  17,  17,  17,
     17,  39,  39,  18,  40,  18,  40,  19,  41,  41,  20,  20,  20,  62,  20,  20,
     42,  42,  42,  42,  63,  64,  22,  43,  22,  43,  22,  43,  15,  25,  46,  25,
     46,  25,  46,  26,  47,  26,  47,  26,  47,  27,  27,  27,  27,  27,  27,  29,
     49,  31,  31,  32,  51,  32,  51,  32,  51,  32,  51,  51,  18,  40,  40,  18,
     40,  40,  11,  35,  22,  43,  27,  27,  27,  27,  27,  43,  11,  35,  11,  35,
     15,  17,  17,  19,  41,  22,  43,  22,  43,  65,  40,  32,  51,  51,  17,  66,
     42,  11,  35,  15,  22,  43,  11,  35,  11,  35,  15,  15,  22,  43,  22,  43,
     25,  46,  25,  46,  27,  27,  26,  47,  67,  39,  68,  68,  69,  70,  71,  72,
     73,  74,  75,  76,  69,  77,  70,  78,  68,  79,  80,  74,  81,  82,  83,  71,
     84,  75,  85,  86,  87,  87,  88,  82,  89,  90,  91,  92,  93,  94,  95,  96,
     97,  98,  99, 100, 101, 102, 103, 104, 105, 105, 106, 106, 107, 107,  94,  94,
    108,  92, 109, 110, 106, 106, 111,  97, 102,  69, 112,  82,  98, 113, 114,  87,
    105, 106,  99,  70,  92,  70,  92,  69, 115,  79,  95,  80,  96,  74,  97,  74,
     97,  74,  97,  74,  97,  87, 105,  84,  92, 116, 117, 118,  71, 100,  84, 101,
    119, 120, 119, 120,  86, 104,  87, 105,  87, 105, 121, 122, 123, 124, 123, 124,
     79,  95, 125, 105, 126,  87, 105,  87, 105,  76,  89,  76,  89, 127, 128,  68,
     94, 129,  98, 129,  98,  79,  95,  80,  96, 130, 131,  82,  98,  82,  98,  82,
     98,  88,  96,  75, 102,  75, 102,  75, 102,  70,  92, 132, 133, 134, 135, 136,
    137, 138, 139, 140, 141, 142, 143, 144, 145, 146, 147, 148, 149, 150, 151, 151,
    151, 151, 151, 152, 152, 153, 153, 154,  31,   7,   7, 155, 156, 155, 156,   6,
     55,  56,  38, 157, 157, 157, 157,
};

static const uint16_t ubuntu_12_mediumKernRightCodepoints[] = {
    0x0021, 0x0022, 0x0026, 0x0027, 0x0028, 0x0029, 0x002A, 0x002C, 0x002D, 0x002E, 0x002F, 0x003A,
    0x003B, 0x003F, 0x0040, 0x0041, 0x0043, 0x0047, 0x004A, 0x004D, 0x004F, 0x0051, 0x0053, 0x0054,
    0x0055, 0x0056, 0x0057, 0x0058, 0x0059, 0x005A, 0x005B, 0x005D, 0x0061, 0x0062, 0x0063, 0x0064,
    0x0065, 0x0066, 0x0067, 0x0068, 0x0069, 0x006A, 0x006B, 0x006C, 0x006D, 0x006E, 0x006F, 0x0070,
    0x0071, 0x0072, 0x0073, 0x0074, 0x0075, 0x0076, 0x0077, 0x0078, 0x0079, 0x007A, 0x007B, 0x007D,
    0x00AB, 0x00BB, 0x00C0, 0x00C1, 0x00C2, 0x00C3, 0x00C4, 0x00C5, 0x00C6, 0x00C7, 0x00D2, 0x00D3,
    0x00D4, 0x00D5, 0x00D6, 0x00D8, 0x00D9, 0x00DA, 0x00DB, 0x00DC, 0x00DD, 0x00DF, 0x00E0, 0x00E1,
    0x00E2, 0x00E3, 0x00E4, 0x00E5, 0x00E6, 0x00E7, 0x00E8, 0x00E9, 0x00EA, 0x00EB, 0x00EC, 0x00ED,
    0x00EE, 0x00EF, 0x00F0, 0x00F1, 0x00F2, 0x00F3, 0x00F4, 0x00F5, 0x00F6, 0x00F8, 0x00F9, 0x00FA,
    0x00FB, 0x00FC, 0x00FD, 0x00FE, 0x00FF, 0x0100, 0x0101, 0x0102, 0x0103, 0x0104, 0x0105, 0x0106,
    0x0107, 0x0108, 0x0109, 0x010A, 0x010B, 0x010C, 0x010D, 0x010F, 0x0111, 0x0113, 0x0115, 0x0117,
    0x0119, 0x011B, 0x011C, 0x011D, 0x011E, 0x011F, 0x0120, 0x0121, 0x0122, 0x0123, 0x0125, 0x0127,
    0x0129, 0x012B, 0x012D, 0x012F, 0x0131, 0x0133, 0x0134, 0x0135, 0x0137, 0x013A, 0x013C, 0x013E,
    0x0140, 0x0142, 0x0144, 0x0146, 0x0148, 0x0149, 0x014A, 0x014B, 0x014C, 0x014D, 0x014E, 0x014F,
    0x0150, 0x0151, 0x0152, 0x0153, 0x0155, 0x0157, 0x0159, 0x015A, 0x015B, 0x015C, 0x015D, 0x015E,
    0x015F, 0x0160, 0x0161, 0x0162, 0x0163, 0x0164, 0x0165, 0x0166, 0x0167, 0x0168, 0x0169, 0x016A,
    0x016B, 0x016C, 0x016D, 0x016E, 0x016F, 0x0170, 0x0171, 0x0172, 0x0173, 0x0174, 0x0175, 0x0176,
    0x0177, 0x0178, 0x0179, 0x017A, 0x017B, 0x017C, 0x017D, 0x017E, 0x01A0, 0x01A1, 0x01AF, 0x01B0,
    0x01C6, 0x01C9, 0x01CC, 0x01CD, 0x01CE, 0x01D0, 0x01D1, 0x01D2, 0x01D3, 0x01D4, 0x01D5, 0x01D6,
    0x01D7, 0x01D8, 0x01D9, 0x01DA, 0x01DB, 0x01DC, 0x01DD, 0x01DE, 0x01DF, 0x01E0, 0x01E1, 0x01E2,
    0x01E3, 0x01E4, 0x01E5, 0x01E6, 0x01E7, 0x01E9, 0x01EA, 0x01EB, 0x01EC, 0x01ED, 0x01EE, 0x01EF,
    0x01F0, 0x01F3, 0x01F4, 0x01F5, 0x01F7, 0x01F9, 0x01FA, 0x01FB, 0x01FC, 0x01FD, 0x01FE, 0x01FF,
    0x0200, 0x0201, 0x0202, 0x0203, 0x0205, 0x0207, 0x0209, 0x020B, 0x020C, 0x020D, 0x020E, 0x020F,
    0x0211, 0x0213, 0x0214, 0x0215, 0x0216, 0x0217, 0x0218, 0x0219, 0x021A, 0x021B, 0x021C, 0x021D,
    0x021F, 0x0402, 0x0404, 0x0405, 0x0408, 0x0409, 0x040B, 0x040E, 0x0410, 0x0414, 0x0416, 0x0417,
    0x041B, 0x041C, 0x041E, 0x0421, 0x0422, 0x0423, 0x0424, 0x0425, 0x0427, 0x042D, 0x042F, 0x0430,
    0x0431, 0x0432, 0x0433, 0x0434, 0x0435, 0x0436, 0x0437, 0x0438, 0x0439, 0x043A, 0x043B, 0x043C,
    0x043D, 0x043E, 0x043F, 0x0440, 0x0441, 0x0442, 0x0443, 0x0444, 0x0445, 0x0446, 0x0447, 0x0448,
    0x0449, 0x044A, 0x044B, 0x044C, 0x044D, 0x044E, 0x044F, 0x0450, 0x0451, 0x0452, 0x0453, 0x0454,
    0x0455, 0x0456, 0x0457, 0x0458, 0x0459, 0x045A, 0x045B, 0x045C, 0x045D, 0x045E, 0x045F, 0x0462,
    0x0463, 0x0472, 0x0473, 0x0475, 0x048B, 0x048D, 0x048F, 0x0491, 0x0493, 0x0495, 0x0496, 0x0497,
    0x0498, 0x0499, 0x049B, 0x049D, 0x049F, 0x04A1, 0x04A3, 0x04A5, 0x04A7, 0x04A8, 0x04A9, 0x04AA,
    0x04AB, 0x04AC, 0x04AD, 0x04AE, 0x04AF, 0x04B0, 0x04B1, 0x04B2, 0x04B3, 0x04B4, 0x04B5, 0x04B6,
    0x04B7, 0x04B8, 0x04B9, 0x04BB, 0x04BC, 0x04BD, 0x04BE, 0x04BF, 0x04C1, 0x04C2, 0x04C4, 0x04C5,
    0x04C6, 0x04C8, 0x04CA, 0x04CB, 0x04CC, 0x04CE, 0x04D0, 0x04D1, 0x04D2, 0x04D3, 0x04D4, 0x04D5,
    0x04D7, 0x04D8, 0x04D9, 0x04DA, 0x04DB, 0x04DC, 0x04DD, 0x04DE, 0x04DF, 0x04E0, 0x04E1, 0x04E3,
    0x04E5, 0x04E6, 0x04E7, 0x04E8, 0x04E9, 0x04EA, 0x04EB, 0x04EC, 0x04ED, 0x04EE, 0x04EF, 0x04F0,
    0x04F1, 0x04F2, 0x04F3, 0x04F4, 0x04F5, 0x04F7, 0x04F9, 0x05D0, 0x05D1, 0x05D2, 0x05D3, 0x05D4,
    0x05D6, 0x05D7, 0x05D8, 0x05D9, 0x05DA, 0x05DB, 0x05DC, 0x05DD, 0x05DE, 0x05DF, 0x05E1, 0x05E2,
    0x05E3, 0x05E4, 0x05E5, 0x05E7, 0x05E8, 0x05E9, 0x05EA, 0x0E02, 0x0E03, 0x0E04, 0x0E05, 0x0E06,
    0x0E07, 0x0E08, 0x0E09, 0x0E0A, 0x0E0B, 0x0E0C, 0x0E0D, 0x0E10, 0x0E11, 0x0E12, 0x0E13, 0x0E14,
    0x0E15, 0x0E16, 0x0E18, 0x0E19, 0x0E1A, 0x0E1B, 0x0E1E, 0x0E1F, 0x0E22, 0x0E23, 0x0E24, 0x0E25,
    0x0E27, 0x0E28, 0x0E29, 0x0E2A, 0x0E2C, 0x0E2D, 0x0E2E, 0x0E50, 0x0E51, 0x0E54, 0x0E55, 0x0E56,
    0x0E58, 0x1EF2, 0x1EF3, 0x2013, 0x2014, 0x2018, 0x2019, 0x201A, 0x201C, 0x201D, 0x201E, 0x2026,
    0x2039, 0x203A, 0xFB00, 0xFB01, 0xFB02, 0xFB03, 0xFB04, 0xFB8E, 0xFBA6, 0xFBAA, 0xFE8D, 0xFEA3,
    0xFEA9, 0xFEB1, 0xFEB3, 0xFEB9, 0xFEBB, 0xFEC1, 0xFEC3, 0xFEC9, 0xFECB, 0xFECD, 0xFEDB, 0xFEDF,
    0xFEE1, 0xFEE3, 0xFEE9, 0xFEEB,
};

static const uint8_t ubuntu_12_mediumKernRightClassIds[] = {
      1,   2,   3,   2,   4,   5,   6,   7,   8,   7,   9,  10,  10,  11,  12,  13,
     14,  15,  16,  17,  18,  19,  20,  21,  22,  23,  24,  25,  26,  27,  28,  29,
     30,  31,  32,  33,  34,  35,  36,  37,  37,  38,  37,  39,  40,  40,  41,  40,
     42,  40,  43,  44,  45,  46,  47,  48,  49,  50,  51,  52,  53,  54,  13,  13,
     13,  13,  13,  13,  55,  14,  18,  18,  18,  18,  18,  18,  22,  22,  22,  22,
     26,  56,  30,  30,  30,  30,  30,  30,  30,  32,  34,  34,  34,  34,  57,  37,
     58,  59,  60,  40,  41,  41,  41,  41,  41,  41,  45,  45,  45,  45,  49,  56,
     49,  13,  30,  13,  30,  13,  30,  14,  32,  14,  32,  14,  32,  14,  32,  33,
     33,  34,  34,  34,  34,  34,  15,  36,  15,  36,  15,  36,  15,  36,  37,  37,
     61,  62,  63,  37,  37,  37,  16,  38,  37,  39,  39,  39,  39,  39,  40,  40,
     40,  40,  64,  65,  18,  41,  18,  41,  18,  41,  18,  41,  40,  40,  40,  20,
     43,  20,  43,  20,  43,  20,  43,  21,  44,  21,  44,  21,  44,  22,  45,  22,
     45,  22,  45,  22,  45,  22,  45,  22,  45,  24,  47,  26,  49,  26,  27,  50,
     27,  50,  27,  50,  18,  41,  22,  45,  33,  39,  40,  13,  30,  37,  18,  41,
     22,  45,  22,  45,  22,  45,  22,  45,  22,  45,  66,  13,  30,  13,  30,  55,
     30,  15,  36,  15,  36,  37,  18,  41,  18,  41,  67,  68,  38,  33,  15,  36,
     56,  40,  13,  30,  55,  30,  18,  41,  13,  30,  13,  30,  34,  34,  37,  37,
     18,  41,  18,  41,  40,  40,  22,  45,  22,  45,  20,  43,  21,  44,  69,  70,
     37,  71,  72,  73,  74,  75,  71,  76,  77,  78,  79,  80,  75,  81,  82,  72,
     71,  76,  83,  84,  85,  86,  87,  88,  89,  90,  91,  92,  93,  94,  95,  91,
     91,  91,  96,  97,  91,  98,  91,  99, 100, 101, 102, 103, 104,  91, 105,  91,
    106, 107,  91,  91, 108,  90, 109,  93,  93, 110,  91, 111, 112, 113, 114, 115,
     96,  91, 116,  91,  91, 102, 106,  71, 117,  82,  98, 118,  91, 119,  99,  91,
     91,  91,  79,  94,  80,  95,  91,  91,  91,  91,  91,  91,  91, 120, 121,  72,
    100,  71, 101, 122, 123, 122, 123,  84, 104,  71, 101,  85, 105,  85, 105, 124,
    125, 126, 125, 126,  79,  94,  91,  75,  96,  91,  91,  85, 105,  97,  77,  88,
     77,  88, 127, 128,  93, 129, 130, 129, 130,  79,  94,  80, 131, 132, 133,  91,
     91,  82,  98,  82,  98,  82,  98,  86, 134,  76, 102,  76, 102,  76, 102,  85,
    105,  91,  91, 135, 136, 137, 138, 139, 140, 141, 142, 143, 144, 145, 146, 147,
    148, 149, 150, 151, 152, 153, 154, 155, 156, 157, 158, 159, 159, 160, 160, 160,
    161, 159, 160, 159, 159, 160, 160, 159, 160, 160, 160, 160, 160, 160, 162, 163,
    160, 160, 162, 162, 164, 165, 160, 165, 165, 160, 160, 165, 162, 165, 165, 166,
    166, 167, 167, 168, 169,  26,  49,   8,   8, 170, 171, 172, 170, 171, 172,   7,
     53,  54,  35,  35,  35,  35,  35, 173, 173, 173, 174, 173, 175, 175, 175, 175,
    175, 175, 175, 176, 174, 176, 173, 174, 173, 173, 173, 173,
};

static const uint16_t ubuntu_12_mediumKernRowOffsets[] = {
        0,    20,    21,    41,    72,    88,   115,   138,   165,   180,   213,   257,   274,   309,   336,   368,
      403,   409,   421,   464,   505,   506,   533,   559,   582,   607,   656,   671,   717,   756,   790,   839,
      873,   908,   924,   934,   947,   959,   986,   997,   998,  1012,  1023,  1037,  1051,  1052,  1067,  1080,
     1098,  1112,  1123,  1137,  1162,  1187,  1193,  1198,  1224,  1239,  1262,  1275,  1280,  1294,  1311,  1313,
     1320,  1327,  1348,  1352,  1384,  1414,  1474,  1515,  1523,  1555,  1608,  1661,  1716,  1738,  1772,  1778,
     1794,  1806,  1845,  1873,  1935,  1980,  2018,  2051,  2085,  2094,  2108,  2114,  2133,  2146,  2163,  2183,
     2189,  2207,  2227,  2249,  2265,  2284,  2305,  2329,  2347,  2361,  2372,  2391,  2399,  2415,  2421,  2432,
     2443,  2503,  2524,  2529,  2538,  2575,  2586,  2638,  2659,  2671,  2682,  2704,  2718,  2722,  2727,  2733,
     2747,  2775,  2799,  2808,  2814,  2819,  2826,  2837,  2843,  2844,  2853,  2864,  2870,  2880,  2886,  2889,
     2896,  2898,  2906,  2917,  2927,  2935,  2945,  2952,  2953,  2955,  2959,  2977,  2999,  3003,
};

static const uint8_t ubuntu_12_mediumKernSparseCols[] = {
     12,  13,  14,  15,  17,  18,  22,  23,  26,  54,  71,  73,  74,  76,  77,  81,
     82, 119, 128, 131,  20,   4,  13,  14,  17,  18,  19,  20,  21,  22,  25,  70,
     71,  72,  77,  81,  82, 119, 121, 124, 128,  12,  13,  14,  15,  17,  18,  19,
     20,  22,  23,  24,  25,  26,  54,  70,  71,  72,  75,  76,  78,  79,  81,  82,
     83,  84,  85,  86, 119, 121, 128, 131,  12,  13,  14,  15,  24,  54,  71,  73,
     74,  76,  77,  78,  79,  83, 128, 131,  12,  13,  14,  15,  17,  18,  19,  20,
     21,  22,  23,  24,  25,  26,  54,  70,  71,  76,  77,  81,  82,  83,  84, 119,
    121, 124, 128,  15,  20,  22,  24,  25,  26,  54,  70,  71,  72,  73,  74,  75,
     77,  78,  79,  81,  83,  85, 119, 121, 128, 131,  12,  13,  14,  15,  17,  18,
     20,  22,  23,  24,  25,  26,  54,  70,  71,  73,  74,  75,  76,  77,  78,  81,
     82,  83,  85, 119, 121,  13,  14,  17,  18,  20,  21,  22,  23,  25,  70,  71,
     81,  82, 121, 128,  12,  13,  14,  15,  17,  18,  19,  20,  21,  22,  23,  24,
     25,  26,  54,  70,  71,  72,  73,  74,  75,  76,  77,  78,  79,  81,  82,  83,
     84,  85,  86, 121, 131,   1,   3,   5,   6,   8,  11,  12,  13,  14,  15,  17,
     18,  19,  20,  21,  22,  23,  24,  25,  26,  28,  31,  32,  33,  35,  40,  41,
     42,  43,  44,  45,  46,  47,  48,  49,  50,  51,  52,  54,  59,  68, 169, 170,
    171,   1,   3,   4,   5,   6,   8,   9,  10,  22,  23,  24,  25,  28,  49,  51,
     54,  68,   3,   6,   7,  10,  11,  12,  13,  14,  15,  17,  18,  19,  20,  22,
     24,  25,  26,  27,  31,  32,  33,  35,  40,  41,  44,  45,  46,  47,  48,  50,
     52,  54,  59, 170, 171,   0,   1,   3,   4,   6,   8,  10,  11,  12,  15,  19,
     20,  22,  23,  24,  25,  26,  27,  28,  29,  51,  54,  66,  68, 169, 170, 171,
      1,   3,   5,   6,  11,  12,  13,  14,  15,  17,  18,  21,  27,  28,  31,  32,
     33,  35,  40,  41,  43,  44,  45,  46,  47,  48,  50,  51,  52,  54,  59, 169,
      0,   3,   6,   8,   9,  10,  11,  12,  13,  14,  15,  17,  18,  20,  22,  25,
     27,  28,  29,  31,  32,  33,  35,  39,  40,  41,  44,  47,  49,  53,  54,  59,
     64,  65, 171,   4,   5,  28,  45,  48,  51,   4,   6,   8,  12,  15,  26,  28,
     49,  51,  54,  66, 171,   3,   5,   6,   7,   8,  10,  11,  12,  13,  14,  15,
     17,  18,  20,  22,  23,  24,  25,  26,  28,  31,  32,  33,  35,  40,  41,  42,
     43,  44,  45,  46,  47,  48,  49,  50,  52,  54,  58,  59,  60,  61,  65, 171,
      1,   3,   5,   6,   7,   8,  12,  13,  14,  15,  17,  18,  19,  20,  21,  22,
     23,  24,  25,  26,  28,  31,  32,  33,  35,  40,  41,  45,  46,  47,  48,  49,
     50,  51,  52,  53,  54,  68, 169, 170, 171,  25,   0,   1,   3,   4,   6,   8,
     10,  11,  12,  15,  19,  20,  22,  23,  24,  25,  26,  27,  28,  29,  51,  54,
     66,  68, 169, 170, 171,   0,   3,   4,   6,   8,  12,  15,  24,  27,  28,  29,
     31,  32,  33,  35,  40,  41,  45,  46,  48,  51,  52,  54,  59, 170, 171,   0,
      1,   3,   6,  10,  11,  12,  15,  19,  20,  22,  23,  24,  25,  26,  27,  29,
     37,  54,  66, 169, 170, 171,   3,   6,   8,  10,  11,  12,  13,  14,  15,  17,
     18,  22,  24,  25,  26,  28,  37,  47,  49,  50,  51,  52,  54,  59, 171,   2,
      3,   4,   6,   7,   8,   9,  10,  11,  12,  13,  14,  15,  17,  18,  20,  22,
     23,  24,  25,  28,  29,  31,  32,  33,  35,  39,  40,  41,  42,  44,  45,  46,
     47,  48,  49,  50,  52,  53,  54,  57,  58,  59,  60,  61,  62,  64,  65, 171,
      3,   6,   8,   9,  12,  15,  26,  28,  29,  49,  50,  51,  54,  66, 171,   1,
      3,   4,   6,   7,   8,   9,  10,  11,  12,  13,  14,  15,  17,  18,  20,  22,
     23,  24,  25,  28,  29,  31,  32,  33,  35,  39,  40,  41,  42,  44,  50,  52,
     53,  54,  56,  58,  59,  60,  61,  62,  64,  65, 169, 170, 171,   1,   3,   6,
      8,   9,  10,  11,  12,  13,  14,  15,  17,  18,  20,  22,  23,  24,  25,  28,
     29,  31,  32,  33,  35,  39,  40,  41,  42,  44,  50,  52,  54,  58,  59,  60,
     64, 169, 170, 171,   3,   5,   6,   7,   8,  11,  12,  13,  14,  15,  17,  18,
     20,  22,  24,  25,  26,  28,  31,  32,  33,  35,  40,  41,  44,  45,  46,  47,
     50,  52,  54,  59,  65, 171,   3,   4,   6,   7,   8,   9,  10,  11,  12,  13,
     14,  15,  16,  17,  18,  20,  22,  23,  24,  25,  26,  28,  29,  31,  32,  33,
     35,  39,  40,  41,  42,  44,  45,  47,  48,  49,  50,  52,  53,  54,  58,  59,
     60,  61,  64,  65, 169, 170, 171,   3,   6,   7,  11,  12,  13,  14,  15,  17,
     18,  21,  22,  25,  27,  28,  31,  32,  33,  35,  40,  41,  43,  44,  45,  46,
     47,  48,  50,  51,  52,  54,  58,  59,  60,  12,  13,  14,  15,  17,  18,  19,
     20,  21,  22,  23,  24,  25,  26,  28,  54,  70,  71,  72,  73,  74,  75,  76,
     77,  78,  81,  82,  83,  84,  86, 119, 121, 124, 128, 131,  13,  14,  17,  18,
     23,  24,  26,  71,  72,  81,  82,  83,  84,  86, 119, 128,   1,   4,   5,  10,
     28,  45,  46,  48,  51, 170,   1,   4,   8,  10,  28,  45,  46,  47,  48,  49,
     51, 169, 170,   6,   7,  28,  32,  35,  40,  45,  46,  47,  48,  50,  52,   4,
      5,   6,   7,   8,  10,  28,  31,  33,  35,  40,  41,  45,  46,  47,  48,  51,
     52,  53,  56,  58,  59,  60,  61,  62, 170, 171,   1,   4,   5,  10,  28,  45,
     46,  48,  51, 169, 170,  37,   7,   8,  11,  28,  31,  32,  33,  35,  40,  41,
     47,  50,  52,  59,   1,   4,   5,  10,  28,  45,  46,  48,  51, 169, 170,   1,
      4,   5,   8,  10,  28,  45,  46,  47,  48,  49,  51, 169, 170,   1,   4,   5,
      8,  10,  28,  45,  46,  47,  48,  49,  51, 169, 170,  37,   5,   6,   7,   8,
     10,  28,  41,  45,  46,  47,  48,  52,  59, 170, 171,   6,   7,  28,  31,  32,
     33,  35,  40,  41,  47,  50,  52,  59,   5,   6,   8,  10,  28,  31,  32,  33,
     35,  40,  41,  45,  46,  47,  48,  59, 170, 171,   5,   6,   8,  10,  28,  31,
     40,  45,  46,  47,  48,  59, 170, 171,  28,  31,  32,  33,  35,  40,  41,  47,
     50,  52,  59,  28,  31,  32,  33,  34,  35,  40,  41,  43,  44,  50,  51,  52,
     59,  12,  13,  14,  15,  17,  18,  19,  21,  26,  48,  51,  54,  71,  72,  76,
     77,  81,  82,  84,  86, 101, 119, 124, 128, 131,  12,  15,  19,  20,  21,  22,
     23,  24,  25,  26,  54,  70,  72,  73,  74,  75,  76,  77,  78,  79,  83,  85,
     86, 121, 131,  20,  21,  22,  23,  25,  26,  20,  22,  25,  70, 121,  12,  15,
     19,  20,  22,  23,  24,  25,  26,  54,  70,  72,  73,  74,  75,  76,  77,  78,
     79,  83,  84,  85,  86, 121, 124, 131,  12,  13,  14,  15,  17,  18,  19,  20,
     21,  22,  23,  24,  25,  26,  54,   0,   1,   4,   6,   8,  10,  12,  15,  20,
     22,  24,  25,  26,  27,  28,  29,  51,  54,  66,  68, 169, 170, 171,   1,   4,
      5,  10,  28,  45,  46,  48,  51,  67,  69, 169, 170,   6,   8,  10,  28,  51,
      1,   4,   5,   8,  10,  28,  45,  46,  47,  48,  49,  51, 169, 170,  30,  34,
     36,  37,  38,  43,  45,  46,  47,  48,  49,  56,  57,  58,  60,  61,  62,  37,
     49,   1,   5,  10,  45,  46, 169, 170,  37,  45,  46,  47,  48,  67,  69,  12,
     15,  24,  25,  26,  29,  30,  34,  36,  37,  39,  54,  55,  56,  57,  58,  60,
     61,  62,  63,  66,  22,  25,  63,  68,   1,   3,   5,   6,  11,  27,  28,  50,
     51,  52,  71,  73,  76,  81,  82,  88,  92,  97,  99, 100, 101, 102, 103, 104,
    106, 116, 119, 120, 122, 128, 132, 169,   0,   1,   4,   5,   6,   7,   8,   9,
     10,  27,  28,  51,  75,  78,  83,  84,  86,  93,  94, 100, 101, 103, 106, 116,
    118, 122, 124, 130, 132, 133,   3,   4,   6,   7,   8,   9,  10,  11,  28,  50,
     52,  53,  70,  71,  73,  74,  75,  76,  77,  81,  82,  83,  85,  87,  89,  90,
     91,  92,  93,  94,  95,  96,  97,  98,  99, 100, 101, 102, 103, 104, 105, 106,
    107, 108, 109, 110, 111, 113, 115, 118, 119, 120, 122, 125, 127, 129, 130, 132,
    133, 171,   3,   6,   7,  10,  11,  27,  50,  52,  70,  71,  73,  74,  76,  77,
     81,  82,  83,  88,  91,  92,  93,  95,  97,  99, 100, 101, 102, 103, 104, 106,
    109, 115, 119, 120, 121, 122, 125, 128, 132, 170, 171,   1,   5, 100, 101, 106,
    116, 122, 132,   0,   1,   3,   4,   5,  10,  11,  27,  28,  51,  70,  71,  81,
     82,  84,  88, 100, 101, 106, 109, 112, 113, 114, 115, 116, 118, 119, 122, 123,
    124, 128, 132,   3,   5,   6,   7,   8,  10,  11,  28,  50,  52,  70,  71,  73,
     74,  76,  77,  78,  79,  81,  82,  83,  85,  86,  88,  91,  92,  93,  95,  97,
     99, 100, 101, 102, 103, 104, 106, 107, 108, 109, 110, 111, 115, 116, 119, 120,
    122, 124, 125, 128, 129, 131, 132, 171,   1,   3,   4,   6,   7,   8,   9,  10,
     11,  28,  50,  52,  53,  70,  71,  73,  74,  75,  76,  77,  78,  81,  82,  83,
     85,  87,  88,  89,  90,  91,  92,  95,  96,  97,  98,  99, 102, 105, 107, 108,
    109, 110, 111, 113, 115, 119, 120, 126, 127, 129, 169, 170, 171,   1,   3,   5,
      6,   8,  11,  28,  50,  51,  52,  70,  71,  72,  73,  74,  76,  77,  78,  79,
     81,  82,  83,  84,  85,  86,  88,  91,  92,  93,  95,  97,  99, 100, 101, 102,
    103, 104, 106, 107, 108, 111, 116, 119, 120, 121, 122, 124, 125, 128, 129, 131,
    132, 169, 170, 171,   1,   3,   4,   5,   6,   8,   9,  10,  27,  28,  51,  75,
     78,  82,  83,  84,  86,  94, 114, 121, 130, 133,   1,   4,   5,   6,   8,  28,
     50,  51,  52,  71,  73,  74,  76,  77,  78,  79,  81,  82,  83,  84,  85,  91,
     93,  95, 101, 103, 104, 108, 114, 117, 119, 128, 131, 132,  88,  92,  97,  99,
    102, 120,   1,   3,   4,   8,   9,  10,  27,  28,  51,  75,  78,  82,  83,  84,
     86, 114,   1,   3,   4,   5,  10,  11,  27,  28,  51, 102, 104, 121,   0,   1,
      3,   4,   6,   7,   8,  10,  11,  27,  28,  51,  70,  73,  74,  75,  76,  77,
     78,  79,  83,  85,  87,  91,  93,  94,  95, 109, 112, 113, 114, 121, 126, 130,
    131, 133, 169, 170, 171,   0,   3,   4,   6,   8,  27,  28,  51,  52,  73,  74,
     76,  77,  78,  79,  83,  87,  91,  95,  96, 101, 118, 122, 124, 126, 127, 170,
    171,   3,   4,   6,   7,   8,   9,  10,  11,  28,  50,  52,  53,  70,  71,  73,
     74,  75,  76,  77,  81,  82,  83,  85,  87,  89,  90,  91,  92,  93,  94,  95,
     96,  97,  98,  99, 100, 101, 102, 103, 104, 105, 106, 107, 108, 109, 110, 111,
    113, 115, 118, 119, 120, 121, 122, 125, 126, 127, 129, 130, 132, 133, 171,   0,
      1,   3,   4,   6,   8,  10,  11,  27,  28,  51,  70,  73,  74,  75,  76,  77,
     78,  79,  83,  85,  87,  89,  90,  91,  93,  94,  95,  96,  98, 105, 109, 112,
    113, 114, 115, 123, 126, 127, 130, 131, 133, 169, 170, 171,   3,   5,   6,   7,
      8,  11,  28,  50,  52,  70,  71,  76,  81,  82,  83,  88,  91,  92,  93,  95,
     97,  99, 100, 102, 103, 104, 106, 109, 110, 115, 116, 120, 121, 122, 125, 129,
    132, 171,   1,   4,   5,   6,   8,  28,  50,  51,  52,  71,  73,  74,  76,  77,
     78,  79,  81,  82,  83,  84,  85,  91,  93,  95, 101, 103, 104, 108, 114, 119,
    128, 131, 132,   0,   1,   3,   4,   6,   7,   8,  10,  11,  27,  28,  51,  70,
     73,  74,  75,  76,  77,  78,  79,  83,  85,  91,  94,  95, 112, 113, 114, 130,
    131, 133, 169, 170, 171,   1,   4,   5,  10,  28,  51, 101, 122, 170,   0,   1,
      3,   5,   6,   7,   8,   9,  27,  93,  94, 103, 130, 133,   1,   4,   5,  10,
     28,  51,   4,   6,   7,   8,  10,  28,  50,  51,  52,  91,  95, 100, 101, 103,
    106, 118, 122, 125, 132,   1,   4,   8,  28,  51,  91,  93,  95, 101, 102, 103,
    104, 132,   1,   4,   5,   6,   7,   8,   9,  10,  27,  28,  51,  94, 101, 122,
    130, 133, 170,   1,   3,   7,   8,  11,  28,  50,  52,  91,  92,  93,  95,  97,
     99, 102, 103, 108, 110, 120, 129,   1,   4,   5,  10,  28,  51,   3,   7,   8,
     11,  28,  50,  52,  91,  92,  93,  95,  97,  99, 102, 103, 108, 110, 120,   1,
      4,   5,   6,   7,   8,   9,  10,  28,  51,  93,  94, 101, 103, 107, 122, 130,
    133, 169, 170,   1,   3,   4,   5,   6,   7,   8,   9,  10,  27,  28,  51,  93,
     94, 101, 103, 109, 122, 130, 133, 169, 170,   6,   7,  28,  50,  51,  52,  91,
     93,  95,  97, 100, 101, 102, 103, 106, 122,   4,   6,   7,   8,  10,  28,  50,
     51,  52,  91,  95, 100, 101, 103, 106, 118, 122, 125, 132,   4,   6,   8,  10,
     28,  51,  91,  92,  95,  97,  99, 100, 101, 102, 103, 106, 118, 122, 132, 170,
    171,   0,   1,   4,   5,   6,   7,   8,   9,  10,  27,  28,  51,  93,  94,  95,
    101, 103, 107, 109, 130, 132, 133, 169, 170,   3,   7,  10,  11,  28,  50,  51,
     52,  91,  92,  93,  95,  97,  99, 102, 103, 110, 120,   1,   4,   8,  28,  51,
     91,  93,  95, 101, 102, 103, 104, 114, 132,   1,   4,   5,  10,  28,  51, 100,
    101, 106, 122, 132,   1,   4,   5,   6,   7,   8,   9,  10,  28,  51,  93,  94,
    101, 103, 107, 130, 133, 169, 170,   1,   3,   5,  10,  11,  27,  88, 109,   1,
      3,   7,  10,  11,  27,  28,  50,  51,  52,  92,  97,  99, 102, 110, 120,   1,
      4,  10,  28,  50,  51,   1,   3,   4,   5,  10,  11,  27,  28,  51,  88, 109,
      1,   4,   5,  10,  28,  51, 100, 101, 106, 122, 132,   3,   4,   7,   8,   9,
     10,  11,  28,  51,  52,  53,  70,  71,  74,  75,  76,  77,  78,  79,  81,  82,
     83,  84,  85,  87,  89,  90,  91,  92,  93,  94,  95,  96,  97,  98,  99, 100,
    101, 102, 103, 104, 105, 106, 107, 108, 109, 110, 111, 115, 118, 119, 120, 122,
    125, 127, 129, 130, 131, 132, 133,   5,   6,   7,   8,  10,  28,  52,  53,  91,
     93,  95, 100, 101, 103, 104, 106, 107, 118, 122, 125, 132,   1,   3,   5,  10,
    104,   1,   5,  10,  95, 100, 104, 106, 122, 125,   0,   1,   3,   5,   6,   7,
      9,  10,  27,  70,  72,  73,  74,  75,  76,  78,  79,  83,  84,  85,  86,  93,
     94,  95,  98, 103, 105, 107, 109, 112, 113, 114, 115, 123, 130, 131, 133,   1,
      5,   6,   9,  10,  27,  93, 100, 103, 106, 122,   3,   4,   6,   7,   8,   9,
     10,  11,  28,  50,  52,  53,  70,  71,  76,  80,  81,  83,  87,  88,  89,  90,
     91,  92,  93,  94,  95,  96,  97,  98,  99, 102, 103, 104, 105, 107, 108, 109,
    110, 111, 115, 118, 120, 121, 125, 127, 129, 130, 133, 169, 170, 171,   4,   5,
      6,   8,  10,  28,  51,  91,  92,  95,  97,  99, 100, 101, 103, 106, 118, 122,
    132, 170, 171,   0,   1,   3,   4,   5,  10,  27,  28,  51,  70,  84, 124,   1,
      3,   4,   5,  10,  11,  27,  28,  51,  88, 109,   1,   3,   4,   6,   8,  10,
     27,  28,  51,  75,  78,  79,  83,  85,  87,  96, 112, 113, 114, 127, 129, 131,
      1,   4,   5,   6,   7,   8,   9,  10,  27,  28,  51,  94, 130, 133,   3,  10,
     50,  52,   1,   3,  10, 102, 120,  88,  92,  97,  99, 102, 120,   1,   4,   5,
      6,   7,   8,   9,  10,  27,  28,  51,  94, 130, 133,   0,   1,   3,   4,   6,
      7,   8,  10,  11,  27,  28,  51,  70,  76,  83,  87,  91,  94,  95, 112, 113,
    114, 121, 130, 133, 169, 170, 171,   3,   5,   6,   8,   9,  27,  28,  51,  82,
     86,  93, 100, 101, 103, 106, 108, 112, 113, 114, 116, 118, 122, 124, 132,   1,
      3,  10,  11,  50,  52,  97, 102, 120, 142, 144, 145, 152, 154, 156, 137, 143,
    149, 152, 155, 135, 141, 142, 144, 145, 147, 152, 135, 138, 141, 143, 144, 146,
    147, 149, 151, 152, 155, 135, 141, 146, 149, 152, 155, 135, 137, 141, 143, 144,
    151, 152, 153, 154, 155, 135, 138, 140, 141, 144, 146, 147, 149, 152, 155, 157,
    141, 144, 147, 149, 151, 152, 135, 136, 141, 143, 144, 149, 151, 152, 156, 157,
    141, 144, 146, 147, 149, 152, 141, 142, 144, 141, 143, 145, 149, 151, 152, 155,
    141, 149, 143, 144, 145, 148, 149, 151, 152, 156, 134, 135, 137, 138, 141, 142,
    146, 147, 149, 151, 152, 135, 141, 143, 144, 147, 149, 151, 152, 155, 157, 135,
    141, 144, 146, 149, 151, 152, 155, 137, 139, 142, 144, 145, 147, 149, 150, 152,
    156, 158, 159, 160, 161, 162, 163, 164, 167, 165, 168, 165, 166, 167, 168,  12,
     13,  14,  15,  17,  18,  22,  23,  25,  31,  35,  54,  71,  76,  81,  82,  99,
    121,  12,  13,  14,  15,  17,  18,  19,  20,  21,  22,  23,  24,  25,  26,  54,
     70,  71,  76,  81,  82,  83, 121, 172, 173, 174, 175,
};

static const int8_t ubuntu_12_mediumKernSparseValues[] = {
     -28,   -9,   -9,  -44,   -9,   -9,    4,    4,   -4,  -48,   -9,  -41,  -26,  -28,  -25,   -9,
      -9,  -10,  -12,   -4,  -11,   24,  -11,  -11,  -11,  -11,   -6,    4,   -4,    5,    6,    4,
     -11,   -4,   10,  -11,  -11,  -16,    6,   -4,   -7,   -7,   -4,   -4,   -4,   -4,   -4,   -4,
     -10,  -12,   -6,  -10,  -15,   -8,   -7,  -10,   -4,   -6,   -9,   -7,   -8,   -7,   -4,   -4,
     -10,   -7,   -6,   -6,   -5,  -15,   -4,   -6,  -23,   -4,   -4,  -44,   -9,  -35,   -4,  -40,
     -26,  -23,  -26,  -11,   -5,   -9,   -6,   -6,    9,  -10,  -10,   10,  -12,  -12,    5,  -25,
      -8,  -28,  -14,    4,  -29,    7,    7,  -25,  -10,    9,    6,  -12,  -12,    4,  -42,  -15,
     -29,  -36,  -11,  -10,  -18,   -4,  -11,  -18,   -6,   -5,  -18,    5,   -4,   -8,  -12,  -14,
      -8,  -14,   -5,    5,  -11,   -6,    5,  -18,    6,   -8,  -18,  -10,  -10,  -25,   -9,   -9,
      10,   11,    8,    7,   12,    3,  -28,   10,  -10,  -22,  -21,    9,  -18,  -21,    6,   -9,
      -9,    7,    7,   -7,   12,   -4,   -4,   -4,   -4,  -30,   -4,   -7,   -4,  -14,  -30,   -4,
      -4,   -4,  -14,   -8,   -9,   -4,   -4,   -9,   -4,   -4,   -6,  -16,   -4,  -13,   -8,  -14,
     -19,  -12,  -14,  -16,   -4,   -5,   -8,   -8,  -14,   -9,   -7,  -16,  -10,   -4,   -4,  -14,
      -4,  -10,   -5,  -19,  -10,  -28,   -7,  -22,    9,    6,   -5,   12,   -7,   -7,   10,   -7,
      -7,    6,  -23,   -4,  -22,   -6,    9,  -28,    7,  -10,   -6,   -6,   -6,   -6,   -6,   -6,
       4,   -2,   -5,   -7,   -7,    9,   -5,    5,   -7,   -4,   -7,   12,   -6,  -18,  -25,  -24,
       9,   -4,   -4,   -9,   -4,   -4,   -7,   -4,   -7,   -7,   -4,   -7,   -9,  -12,   -4,   -8,
      -4,   -5,   -8,    8,  -11,    5,   -6,    8,   -7,   -7,    8,   -7,   -7,    4,    6,    6,
       4,    6,    4,   -4,   -5,   -5,   -5,   -5,   -5,   -5,   -7,   -6,   -6,    5,   -6,  -10,
     -16,    8,   -5,    4,    6,   -5,   -9,   -4,  -12,  -12,  -15,  -14,   -4,   -7,  -11,   -4,
     -10,   -6,   -6,   -8,  -14,   -5,   -4,  -15,   -5,  -10,  -15,  -11,  -11,   -7,   -4,  -12,
      -6,   -7,   -4,    4,   -6,    6,  -10,  -10,    6,  -10,  -10,   -8,   -6,  -15,   -6,   -6,
      -6,   -8,   -6,   -5,   -5,   -7,   -9,   -9,    3,   -9,   -7,   -8,   -8,    6,   -5,   -4,
      -4,   -8,  -26,  -24,   -6,    4,   -6,  -20,   -8,   -8,  -29,   -4,   -4,    5,    6,    7,
      -5,   -3,  -18,   -5,   -5,   -5,   -5,  -10,   -5,   -5,   -9,  -13,   -9,   -7,  -27,   -5,
      -9,   -6,  -37,   -4,   -9,   -4,   -6,   -6,   -4,   -4,   -4,  -13,   -4,   -5,   -6,  -12,
      -6,   -7,   -9,   -5,   -4,   -6,  -12,    6,  -17,    6,    4,   -7,   12,  -12,  -12,   10,
     -12,  -12,    6,    7,    4,    9,    8,    7,   -9,   -9,   -9,   -9,   -8,   -9,   -9,    5,
      -7,   -7,   -6,  -17,    9,   -5,    6,   -7,  -22,   12,   11,  -11,   12,   12,   -4,    5,
     -45,   -4,  -50,    8,  -25,    4,   10,  -16,  -16,   10,  -16,  -16,    5,  -41,   -6,  -36,
     -16,    7,  -41,    5,  -11,   -4,   -4,   -4,   -4,   -4,   -4,  -17,  -13,    7,   -9,    4,
      -8,   -5,  -14,    4,   10,  -30,  -43,  -42,    5,   -3,   -5,   -8,   -4,  -10,  -12,  -15,
     -12,   -4,   -7,   -9,   -4,  -10,   -8,   -6,  -10,  -14,   -5,   -4,  -15,   -4,  -10,  -14,
     -10,   -9,   -6,   -4,  -11,   -4,   -4,   -8,  -34,  -22,  -18,  -36,   -8,   -5,  -14,   -7,
      -7,   -7,  -11,   -7,   -7,   -4,    4,    3,    4,   -8,   -6,  -30,   -6,    4,  -41,   -5,
      -8,   -4,  -12,  -12,   -4,   -7,   -9,   -4,  -10,   -8,   -6,  -10,  -14,   -5,   -4,   -5,
       5,  -14,  -10,   -6,   -4,   -7,   -4,    5,    4,   -4,   -5,   10,   -4,   -4,    8,   -4,
      -4,   -4,    7,   -7,    5,  -12,    2,    7,    3,   -6,   -6,   -7,   10,   -5,    5,   -3,
     -10,    4,  -28,  -18,  -31,  -30,    8,  -18,  -23,  -10,  -10,  -32,  -10,  -10,    8,   10,
       6,    5,   10,  -11,  -16,  -22,  -22,  -22,  -22,  -14,  -22,  -22,  -17,  -13,   -9,  -29,
      -8,   -9,  -11,   -8,  -30,  -27,  -26,    7,   15,  -28,   23,   19,   12,  -26,  -24,  -24,
      -4,   -4,  -14,   -4,   -4,   -5,   -6,  -13,   -6,   -6,   -4,   -8,  -12,   -5,   -7,    5,
     -12,    6,  -27,   -4,  -24,   -7,    8,  -14,  -22,   -6,   -6,  -34,   -8,   -8,   10,   11,
       7,    7,   12,  -10,   -9,  -16,  -16,  -16,  -16,  -11,  -16,  -16,   -5,   -8,   -8,  -15,
      -4,  -29,   -2,   19,  -18,   22,   19,   12,   -9,   -8,    7,    8,  -26,    4,   -6,  -13,
     -17,   -4,    6,   -7,   -6,   -6,   -6,  -22,   -6,   -6,    7,    8,    4,    4,    8,  -13,
     -10,   -8,   -8,   -8,   -9,   -7,   -8,   -8,   -6,   -7,   -6,   -7,  -18,    6,   -9,   16,
      -5,    6,    9,  -14,   -9,   -9,    4,  -10,    4,   -9,   10,   -8,   -8,    7,  -10,  -10,
       4,    6,    6,    7,    4,  -12,   -6,   -6,   -6,   -6,   -6,   -6,   -4,   -4,  -13,    7,
      -9,  -17,   10,  -10,   -6,    4,  -15,    6,  -23,  -18,  -29,  -14,    9,  -21,  -28,  -14,
     -14,  -41,   -3,  -14,  -14,   11,   12,    8,    7,   12,    4,   -9,  -14,  -20,  -20,  -20,
     -20,  -14,  -20,  -20,   -9,  -14,   -4,   -7,   -4,  -10,   -8,  -27,  -11,  -29,   14,  -30,
      22,   19,  -15,  -14,    4,    6,  -28,   -7,    4,  -22,   -6,    6,  -13,  -13,    6,  -13,
     -13,   -5,    4,    4,   -6,  -15,   -6,   -6,   -6,   -8,   -6,   -5,   -4,   -7,   -8,   -8,
       3,   -8,  -12,   -5,  -18,    6,    4,   -5,   12,  -10,  -15,  -15,  -10,  -15,  -15,   -9,
     -12,  -14,  -10,  -13,  -13,  -10,  -14,   24,  -10,  -12,  -15,   -7,   -8,   -9,  -10,  -10,
       9,  -11,  -15,  -15,  -13,  -17,  -13,  -17,  -10,   -9,   -6,  -11,   -4,   -4,   -4,   -4,
      -4,   -4,   -6,   -4,   -4,   -4,   -4,   -4,   -7,   -4,   -8,   -7,   -9,   -8,   -7,  -10,
     -10,   -5,   -4,   -5,   -7,   -8,  -13,  -10,   -8,  -10,  -11,   -4,   -4,   -6,   -4,   -7,
      -7,  -12,  -12,    4,  -11,  -10,   -4,   -6,   -4,    4,    4,    6,    4,   -7,  -10,   14,
       4,  -18,  -12,  -15,    8,   14,   -4,   -4,   -2,   -4,   -4,    7,    6,    5,    7,   14,
      -7,    3,   11,   18,   -6,   22,   19,   22,    7,  -19,  -13,   -8,   -7,  -10,  -10,   -5,
      -4,   -6,   -7,  -11,  -11,    3,  -10,    4,   -7,   -9,   -9,   -9,   -9,  -10,  -10,   -9,
       7,   -7,  -12,  -10,  -11,   -9,   -8,  -10,  -11,   -6,   -5,   -6,   -7,   -8,   -9,  -11,
     -10,   -7,   -8,  -11,  -11,   -5,   -4,   -6,   -5,   -7,   -7,   -8,  -10,  -11,  -10,   -7,
      -8,  -10,  -11,   -5,   -4,   -6,   -5,   -6,   -7,   -8,  -10,   11,    4,  -20,  -11,  -16,
     -15,   -8,   -4,    7,    7,    6,    7,   -7,   -7,    5,  -18,    4,  -14,  -10,   -4,   -5,
      -4,   -4,   -5,   -4,    6,   -7,  -10,   -4,    3,  -12,  -11,  -14,   -9,   -5,   -5,   -5,
      -4,   -5,   -5,    6,    6,    5,    6,   -6,    4,  -13,    3,  -11,  -10,  -12,   -9,   -4,
      -4,    6,    6,    5,    6,   -5,    4,  -11,  -10,   -7,   -7,   -7,   -7,   -7,   -7,    6,
      -7,  -10,   -8,  -12,   -7,   -7,   -7,   -4,   -8,   -7,   -6,   -4,   -4,  -10,   -7,  -12,
      -6,   -4,   -9,  -11,   -4,  -11,  -11,   -7,   -8,   -6,    5,   24,   -4,   -9,   -6,   -4,
      10,  -11,  -11,   -4,   -7,    5,  -12,   -4,   -5,   -4,   -7,   -7,   -6,   -9,   -4,   -9,
      -7,  -10,   -8,  -12,   -7,   -9,   -7,   -6,   -6,   -8,   -7,   -7,   -8,   -9,  -10,   -8,
      -6,   -8,   -8,  -30,   -4,  -10,   -7,  -17,   -4,  -28,   -4,  -12,  -28,  -12,   -7,  -15,
      -7,  -31,  -16,   -7,  -18,  -28,  -15,  -16,  -31,   -9,  -13,  -12,  -19,   -7,  -12,  -21,
     -14,  -18,   -6,  -14,   -8,  -28,   -4,  -14,  -16,  -13,  -13,  -22,  -13,  -13,  -11,  -40,
     -16,  -17,  -14,  -25,  -24,  -24,  -25,   -5,  -12,  -14,  -22,  -14,  -12,  -10,  -20,  -16,
      -7,  -17,  -16,  -17,   -6,  -15,   -5,  -10,  -18,  -14,   -8,   -9,   -6,  -20,  -14,  -10,
     -12,   -7,   -7,  -10,   -9,  -10,   -7,  -12,   -7,  -11,  -11,   -5,   -7,    5,    4,    4,
     -14,  -10,   -7,   -8,  -10,  -11,   -5,   -4,   -6,   -5,   -6,   -7,  -13,  -13,   23,   12,
      22,   22,   22,   16,   22,   22,   22,   22,   16,   22,   22,   22,   22,   22,   22,    7,
      -4,  -15,   -7,   -8,   -5,   -4,  -12,  -12,   -5,   -8,   -7,   -5,   -8,  -11,   -8,  -12,
     -22,  -11,   -5,   -6,   -8,   -4,   -4,   -4,   -4,   -4,  -21,   -4,   -4,   -4,   -4,   -4,
      -4,   -4,   -4,   -6,   -6,   -7,   -4,   -5,   -6,   -7,   -4,    4,   -6,   -6,  -15,   -7,
      -8,   -8,  -10,    6,    6,  -10,  -10,   -6,   -6,   -6,   -6,   -6,   -9,   -6,    3,   -6,
      -6,   -6,   -8,   -4,   -9,   -7,   -6,   -4,   -4,  -13,   -6,  -11,   -4,    5,   -5,   -4,
      -4,   -6,  -14,   -9,   -4,   -7,   -6,   -8,   -7,   -6,   -4,  -12,   -5,   -5,  -12,  -12,
      -4,   -5,   -6,   -4,  -10,   -4,  -10,    4,  -30,  -18,  -31,  -30,    8,  -18,   -3,   -8,
     -30,  -27,    8,  -10,  -40,  -23,    7,  -25,  -23,  -10,  -10,    5,    6,  -35,  -32,  -33,
     -41,  -41,  -26,  -29,  -40,  -37,  -41,  -33,  -41,  -22,  -22,  -28,  -24,  -27,  -33,  -22,
     -28,  -40,   10,  -41,  -37,   15,   10,  -26,  -10,  -43,  -22,  -33,  -35,  -35,  -47,  -23,
     -40,  -24,   -8,    8,  -11,    5,   -6,   -4,  -10,  -16,    6,   -7,    7,    6,    8,    6,
      -7,   -7,    4,   -6,    6,   -5,    6,    7,   -5,   -5,  -12,   -6,   -5,    5,  -17,  -12,
       7,    7,  -11,   -4,    6,   -6,  -18,   -4,  -12,    4,    6,   -4,   -6,  -16,   -6,  -12,
      -8,   -5,   -7,   -5,  -26,   -7,   -8,  -13,  -11,   -4,   -7,  -18,  -13,  -18,   -4,   -4,
      -5,  -11,   -4,  -13,   -8,  -12,   -6,   -7,   -7,   -7,   -6,  -13,   -4,   -4,   -7,   -4,
      -7,   -4,  -14,   -6,  -12,    6,  -17,    6,    4,   -7,   -9,   -7,  -22,    6,  -12,    9,
       9,   12,   10,    8,    5,  -12,  -12,    9,    7,    6,   -9,   10,   -9,   10,    9,   -9,
      -9,  -14,  -17,  -11,   10,  -22,   -8,    7,    7,    7,   -7,    5,    7,   -8,  -15,   -9,
     -17,  -14,  -21,   -7,   -7,    6,  -18,    5,    5,  -12,    6,  -27,   -4,  -24,   -7,    8,
     -14,  -10,   -8,  -15,   -4,   10,   -6,  -29,  -22,    8,  -22,  -22,    5,   -6,   -6,    7,
       7,   -9,   -6,   -6,   -7,  -22,  -14,  -22,  -11,  -14,   -7,  -14,  -14,   -7,   -3,  -11,
      11,  -14,   -7,   14,   11,   -7,  -14,  -37,   -9,   -8,    7,    8,  -26,  -28,   -7,  -22,
       9,    6,   -5,  -10,   -7,   -4,   -7,  -23,   -7,    5,    9,    8,   12,    9,    8,    6,
      -7,   -7,    9,  -18,    7,    6,   -5,    9,   -6,   10,    8,   -6,   -6,  -14,   -5,   -4,
       9,  -10,   -8,    6,    7,    5,   -8,   -8,   -6,  -28,   -7,  -13,   -6,   -6,   -6,    7,
     -12,  -25,  -24,    9,   -4,   -4,   -9,   -4,   -4,   -7,   -4,   -7,   -4,  -12,   -8,   -4,
      -7,   -4,   -7,   -6,   -6,   -4,   -4,   -9,   -4,   -4,   -4,    9,   -6,    6,   15,    9,
      -6,    9,   -5,   -6,    9,    8,    9,    7,    6,    5,   -6,   -9,    6,  -10,    6,    7,
       7,    8,   10,    7,   -7,    5,   23,   -9,   -8,   -4,    6,   11,  -14,   -7,   -7,   -7,
      -7,   -7,   -4,   -4,   -9,   -5,   -4,   -4,   -4,  -14,  -10,   -4,   -6,   -4,   -5,   -6,
      -5,   -4,   -5,   -5,   -7,   -5,   -4,   -4,   -4,  -12,   -8,   -4,   -4,   -3,   -5,   -8,
      -4,  -10,  -12,    5,  -15,  -12,   -4,   -4,  -15,  -10,  -10,   -8,   -8,  -12,   -7,   -9,
     -17,  -11,   -8,  -10,   -4,   -9,   -4,   -4,  -10,   -4,   -4,   -4,   -5,  -14,  -14,   -4,
     -10,   -4,   -6,   -4,  -11,   -4,   -4,   -8,  -34,  -22,   -5,  -14,   -8,   -6,  -33,  -26,
     -18,  -25,  -12,   -5,   -8,   -7,  -16,  -17,   -4,    4,    5,    4,    5,  -30,   -4,    4,
     -41,  -10,    4,  -28,  -18,  -31,  -30,    8,  -18,  -11,   -8,  -30,  -27,    8,  -10,  -23,
     -23,    7,  -23,  -23,  -10,  -10,    5,    6,  -16,  -26,  -26,  -25,  -22,  -25,  -29,  -24,
     -27,  -22,  -14,  -22,  -22,   -9,  -22,   -8,  -27,  -26,  -22,  -28,  -26,   10,  -28,  -28,
      15,   10,  -24,   -8,  -28,   10,   -8,  -24,  -26,  -29,  -29,  -48,  -23,  -40,  -24,   -5,
      -8,   -4,  -10,  -12,  -15,  -12,   -4,   -4,  -15,  -10,  -10,  -20,  -20,  -13,   -7,  -21,
     -22,  -16,   -8,  -14,   -6,   -5,   -4,  -14,   -4,   -4,  -15,   -6,   -5,   -4,   -5,   -5,
      -5,   -5,   -5,   -5,  -14,   -6,   -4,  -20,   -4,   -6,   -4,  -11,   -9,   -9,    4,  -10,
       4,   -9,  -12,   -9,  -17,    4,   -8,   10,   -8,   -8,    6,  -10,    7,   -6,    7,    7,
      -6,   -6,  -11,   -6,    7,  -16,  -11,    6,   -7,    6,  -10,   -8,    7,   -4,  -17,   -6,
     -11,    4,   -4,    9,   -6,    6,   15,    9,   -6,    9,   -5,   -6,    9,    8,    9,    7,
       6,    5,   -6,   -9,    6,  -10,    6,    7,    7,    8,   10,    7,   -7,    5,   25,   -8,
      -4,    6,   11,   -5,   -8,   -4,  -10,  -12,    5,  -15,  -12,   -4,   -4,  -15,  -10,  -10,
      -8,   -7,  -12,   -7,   -7,  -16,  -10,   -8,  -10,   -8,   -4,   -9,   -4,   -4,   -5,   -4,
     -10,   -4,   -6,   -4,  -11,  -10,   -8,   -7,  -10,  -11,   -7,   -5,   -5,   -8,   -4,   -8,
      -4,   -7,   -7,    6,   -7,   -6,   -6,   -8,   -5,   -4,   -5,   -5,  -13,   -8,   -5,   -7,
     -10,   -6,   -5,  -28,  -20,  -16,  -18,   -9,   -6,   -4,   -7,  -16,  -13,    8,    8,    6,
       8,    8,    8,    8,    7,  -11,    8,   12,    8,    8,    7,    7,    7,    8,   -4,    7,
      -4,   10,   -9,  -10,   -6,   -4,    6,   -4,   -4,  -11,   -4,  -11,   -8,   -4,   -4,   -4,
      -4,   -4,   -8,   -4,   -6,  -10,    4,   -7,   -9,   -7,  -12,    8,   -9,    8,    7,  -10,
      -9,  -10,    7,    5,   -8,   -8,   -4,  -13,   -8,   -6,   -8,  -12,   -8,   -5,  -10,    4,
      -7,   -9,   -7,  -12,    8,   -9,    8,    7,  -10,   -9,  -10,    7,    5,   -8,   -8,  -11,
     -10,   -7,   -7,    6,   -8,   -6,  -11,  -11,   -7,   -8,   -6,   -5,   -6,   -4,   -5,   -6,
      -6,   -8,  -10,  -11,   -4,  -10,   -7,   -7,    6,   -8,   -6,  -10,   -7,  -11,   -7,   -8,
      -5,   -5,   -6,   -4,   -5,   -5,   -5,   -8,  -10,    4,  -11,  -10,   -7,   -4,  -10,    7,
       7,    7,   -4,    5,    4,   -4,    6,    5,    4,   -4,  -18,  -11,  -16,  -18,   -9,   -6,
      -4,   -7,  -12,  -13,    8,    8,    6,    8,    8,    8,    8,    7,   -5,   -8,  -10,  -11,
     -10,   -4,   -9,   -4,  -10,   -4,   -4,    7,    6,   -4,    4,    7,    6,    6,    7,    4,
     -11,   -7,  -11,  -10,   -7,   -9,    6,   -8,   -8,  -11,   -6,  -11,   -7,  -10,   -8,   -4,
      -5,   -6,   -6,   -4,   -8,   -4,   -8,   -8,  -10,   -5,   -5,   -4,   -4,  -10,   -7,   -4,
     -10,    7,   -7,    8,    7,   -7,   -7,   -7,    6,   -6,   -6,  -11,    8,   12,    8,    8,
       7,    7,    7,    8,   -4,    7,   -4,   30,   10,  -29,   -9,  -18,   -6,  -11,   -6,  -17,
      -7,  -12,   -6,   -7,  -11,  -10,   -7,   -7,    6,   -8,   -6,  -11,  -11,   -7,   -8,   -6,
      -5,   -6,   -4,   -6,   -6,   -8,  -10,  -21,   -7,   -9,  -11,   -4,   -4,   -4,   -6,   -4,
      -7,   -6,   -5,   -4,   -4,  -12,   -8,   -7,  -10,   -4,   -4,   -4,   -6,   -4,   -4,   -8,
      -9,   -7,  -13,   -4,   -8,  -21,   -6,   -8,   -9,  -11,   -4,   -4,  -15,  -11,   -4,   -4,
     -26,   -9,  -18,   -6,  -11,   -6,  -14,   -7,  -11,   -6,   -7,   -6,    7,  -24,  -25,  -17,
      13,  -14,    8,    8,  -32,  -16,   14,   -7,  -22,   12,  -26,  -22,    7,    7,   -7,  -11,
       9,    6,   12,  -20,  -16,  -18,  -37,  -31,  -11,  -14,  -34,  -22,  -32,  -18,  -32,   -7,
      -7,  -28,   -8,  -12,  -18,   -7,  -13,  -27,   16,  -32,  -22,   16,  -11,   -7,  -32,   -7,
     -18,  -20,  -20,  -14,    6,   -8,  -14,    8,  -28,   -7,  -16,  -12,   -5,   -6,    6,  -10,
       7,  -10,   12,   12,   10,    6,   12,    6,   11,   12,    9,   11,  -15,   -4,   -6,   -5,
      -7,  -34,  -24,   -4,    6,  -18,   -6,  -12,  -10,   -5,   -6,  -21,   -4,   -7,  -12,    6,
      -6,  -12,   -7,  -22,   -7,   -6,   -6,  -12,   -6,  -14,   -8,  -13,   -4,   -7,   -6,  -10,
      -7,   -7,   -4,   -7,   -5,   -7,   -5,   -5,   -5,    9,   -5,   -5,   -7,   -7,   -7,  -24,
     -11,   -4,   -4,  -10,   -5,   -6,  -12,   -5,  -12,   -5,  -15,    6,  -23,  -18,  -29,  -14,
       9,  -21,   -9,   -8,  -27,  -11,   11,  -14,  -28,   -3,  -14,    7,  -14,   -9,  -12,  -13,
     -27,  -18,   -6,   -9,  -27,  -17,  -18,  -14,  -18,  -25,   -5,   -7,  -13,   -7,  -20,   12,
     -23,  -15,   12,   -4,  -23,   12,   -9,  -15,  -14,   -9,   -9,    4,    6,  -28,   -4,    3,
     -12,  -11,  -14,   -9,   -4,  -10,   -5,  -12,   -5,   -5,    8,    6,    5,    8,    7,    6,
       7,    4,  -13,   -4,  -32,   -5,   -6,  -10,   -9,   -6,  -17,  -11,  -29,   -8,   -4,  -20,
      -6,   -8,   -9,  -11,   -4,   -5,  -16,  -12,   -4,   -4,   -6,   -4,  -12,   -7,   -7,   -7,
      -6,  -16,  -11,   -7,   -4,   -4,   -4,   -4,   -7,   -4,   -5,   -5,   -5,   -7,   -6,   -4,
     -16,  -11,   -6,   -4,    6,   -4,   -4,  -11,   -4,  -14,  -10,   -4,   -4,   -4,   -4,   -4,
      -6,   -6,   -9,   -4,   -9,   -4,   -4,   -6,   -6,   -6,   -6,   -6,   -4,  -15,  -11,   -6,
      -5,    6,   -4,   -4,  -11,   -4,  -14,  -10,   -4,   -4,   -4,   -5,   -8,   -4,  -10,  -12,
       5,  -15,  -12,   -4,   -4,  -15,  -10,  -10,   -7,   -8,   -4,   -8,   -4,   -8,   -4,   -4,
      -4,  -14,   -4,   -4,   -6,   -4,  -11,   -4,   -7,   -4,   -5,   -4,   -5,  -15,   -5,   -4,
      -6,   -5,  -12,   -7,   -4,  -12,   -4,   -4,   -4,   -4,   -9,   -4,   -7,   -9,  -11,   -7,
      -7,   -6,   -4,   -8,   -8,   -4,   -4,   -4,   -8,   -3,   -2,   -7,   -4,   -7,   -3,   -4,
     -10,  -10,   -6,    2,   -4,  -12,   -3,   -6,   -7,   -6,  -16,   -8,   -6,  -19,  -14,   -6,
      -3,  -12,  -19,  -14,  -12,   -5,   -6,   -4,   -4,   -8,   -6,   -4,   -4,   -8,  -11,   -2,
      -8,   -7,   -5,   -4,   -4,  -23,   -7,   -4,   -4,   -4,  -11,   -4,   -5,   -9,   -8,   -8,
      -5,   -4,   -5,   -6,   -9,  -10,  -16,   -2,   -6,  -12,  -10,   -4,  -16,   -6,    4,   -2,
      -1,   -8,   -3,   -7,   -9,  -10,   -5,   -5,   -6,   -2,  -12,   -2,   -2,   -8,   -3,   -6,
      -4,   -6,   -5,   -8,   -4,   -1,   -4,  -11,   -2,   -4,   -3,   -6,   -4,   -1,   -1,   -8,
      -6,   -1,  -10,   -1,   -9,  -16,   -8,   -8,   -5,   -4,   -7,  -11,   -7,   -8,   -8,  -10,
      -2,  -10,   -4,   -6,   -1,   -5,   -4,  -15,  -17,   -6,   -4,   -2,  -13,  -14,  -14,   -6,
      -7,   -8,   -4,  -14,   -7,   -2,  -10,   -3,   -8,   -6,   -4,   -4,   -4,    4,   -4,  -27,
      -7,   -7,  -41,   -7,   -7,    7,    6,    4,   -6,   -3,  -47,   -7,  -27,   -7,   -7,   -6,
       4,    9,   -9,   -9,   10,  -10,  -11,    6,  -24,   -7,  -26,  -12,    4,  -28,    7,    7,
     -24,   -9,    9,  -10,  -10,    4,  -28,  -16,  -10,  -12,   11,
};

static const EpdLigaturePair ubuntu_12_mediumLigaturePairs[] = {
    { 0x00660066, 0xFB00 }, // f f -> U+FB00
    { 0x00660069, 0xFB01 }, // f i -> U+FB01
    { 0x0066006C, 0xFB02 }, // f l -> U+FB02
    { 0xFB000069, 0xFB03 }, // U+FB00 i -> U+FB03
    { 0xFB00006C, 0xFB04 }, // U+FB00 l -> U+FB04
};

static const EpdFontData ubuntu_12_medium = {
    ubuntu_12_mediumBitmaps,
    ubuntu_12_mediumGlyphs,
    ubuntu_12_mediumIntervals,
    72,
    29,
    24,
    -5,
    false,
    nullptr,
    0,
    nullptr,
    nullptr,  // kernLeftClasses: built-in fonts use the split arrays below
    nullptr,  // kernRightClasses
    ubuntu_12_mediumKernLeftCodepoints,
    ubuntu_12_mediumKernLeftClassIds,
    ubuntu_12_mediumKernRightCodepoints,
    ubuntu_12_mediumKernRightClassIds,
    nullptr,  // kernMatrix: built-in fonts use the sparse form below
    ubuntu_12_mediumKernRowOffsets,
    ubuntu_12_mediumKernSparseCols,
    ubuntu_12_mediumKernSparseValues,
    455,
    556,
    157,
    176,
    ubuntu_12_mediumLigaturePairs,
    5,
};
